FrameIndex,HandType,JointID,LocalPosX,LocalPosY,LocalPosZ,LocalRotX,LocalRotY,LocalRotZ,LocalRotW,Timestamp,WorldPosX,WorldPosY,WorldPosZ,WorldRotX,WorldRotY,WorldRotZ,WorldRotW
0,Left,0,0.0030,-0.0048,0.0647,0.0000,0.0000,0.0000,1.0000,0.000,,,,,,,
0,Left,1,0.0000,0.0000,0.0000,0.0000,0.0000,0.0000,1.0000,0.000,-0.2096,0.2459,0.0067,-0.4449,0.7370,-0.4703,-0.1943
0,Left,2,0.0314,-0.0137,0.0333,-0.1763,0.3081,-0.5065,0.7858,0.000,,,,,,,
0,Left,3,0.0000,0.0000,0.0325,0.0610,-0.0650,0.0832,0.9925,0.000,,,,,,,
0,Left,4,0.0000,0.0000,0.0338,-0.1392,0.0712,-0.0847,0.9841,0.000,,,,,,,
0,Left,5,-0.0007,0.0010,0.0246,0.0000,0.0000,0.0000,1.0000,0.000,,,,,,,
0,Left,6,0.0204,-0.0083,0.0359,0.0000,0.0000,0.0000,1.0000,0.000,,,,,,,
0,Left,7,0.0031,0.0010,0.0601,0.1133,-0.0928,-0.0270,0.9888,0.000,,,,,,,
0,Left,8,0.0000,0.0000,0.0379,0.0958,-0.0047,0.0262,0.9950,0.000,,,,,,,
0,Left,9,0.0000,0.0000,0.0243,0.0087,-0.0259,0.0165,0.9995,0.000,,,,,,,
0,Left,10,-0.0003,0.0010,0.0224,0.0000,0.0000,0.0000,1.0000,0.000,,,,,,,
0,Left,11,0.0042,-0.0071,0.0337,0.0000,0.0000,0.0000,1.0000,0.000,,,,,,,
0,Left,12,-0.0025,0.0045,0.0619,0.1833,-0.1097,0.0236,0.9766,0.000,,,,,,,
0,Left,13,0.0000,0.0000,0.0429,0.0409,-0.0039,0.0115,0.9991,0.000,,,,,,,
0,Left,14,0.0000,0.0000,0.0275,-0.0388,-0.0022,0.0398,0.9985,0.000,,,,,,,
0,Left,15,-0.0003,0.0011,0.0250,0.0000,0.0000,0.0000,1.0000,0.000,,,,,,,
0,Left,16,-0.0150,-0.0060,0.0348,0.0000,0.0000,0.0000,1.0000,0.000,,,,,,,
0,Left,17,-0.0025,-0.0005,0.0539,0.1996,-0.1216,0.0711,0.9697,0.000,,,,,,,
0,Left,18,0.0000,0.0000,0.0390,0.0353,-0.0018,0.0344,0.9988,0.000,,,,,,,
0,Left,19,0.0000,0.0000,0.0266,0.0104,0.0294,0.0051,0.9995,0.000,,,,,,,
0,Left,20,-0.0003,0.0016,0.0243,0.0000,0.0000,0.0000,1.0000,0.000,,,,,,,
0,Left,21,-0.0230,-0.0094,0.0341,0.0183,-0.1403,0.2070,0.9680,0.000,,,,,,,
0,Left,22,0.0000,0.0000,0.0457,0.1510,0.0178,-0.0885,0.9844,0.000,,,,,,,
0,Left,23,0.0000,0.0000,0.0307,0.0883,-0.0388,0.0464,0.9943,0.000,,,,,,,
0,Left,24,0.0000,0.0000,0.0203,-0.0013,0.0492,-0.0007,0.9988,0.000,,,,,,,
0,Left,25,0.0002,0.0012,0.0219,0.0000,0.0000,0.0000,1.0000,0.000,,,,,,,
0,Right,0,-0.0017,-0.0057,0.0655,0.0000,0.0000,0.0000,1.0000,0.000,,,,,,,
0,Right,1,0.0000,0.0000,0.0000,0.0000,0.0000,0.0000,1.0000,0.000,0.2633,0.2601,0.0697,0.3245,0.4569,-0.6091,0.5612
0,Right,2,-0.0263,-0.0210,0.0368,0.0864,-0.4158,0.6580,0.6218,0.000,,,,,,,
0,Right,3,0.0000,0.0000,0.0325,0.1752,0.0545,-0.0823,0.9796,0.000,,,,,,,
0,Right,4,0.0000,0.0000,0.0338,-0.0829,-0.0669,0.0839,0.9908,0.000,,,,,,,
0,Right,5,0.0007,0.0010,0.0246,0.0000,0.0000,0.0000,1.0000,0.000,,,,,,,
0,Right,6,-0.0179,-0.0120,0.0376,0.0000,0.0000,0.0000,1.0000,0.000,,,,,,,
0,Right,7,-0.0057,0.0046,0.0584,0.3269,0.0460,0.0273,0.9435,0.000,,,,,,,
0,Right,8,0.0000,0.0000,0.0379,0.2336,0.0010,-0.0263,0.9720,0.000,,,,,,,
0,Right,9,0.0000,0.0000,0.0243,0.0767,0.0247,-0.0168,0.9966,0.000,,,,,,,
0,Right,10,0.0003,0.0010,0.0224,0.0000,0.0000,0.0000,1.0000,0.000,,,,,,,
0,Right,11,-0.0016,-0.0089,0.0354,0.0000,0.0000,0.0000,1.0000,0.000,,,,,,,
0,Right,12,-0.0001,0.0063,0.0602,0.3665,0.0808,-0.0353,0.9262,0.000,,,,,,,
0,Right,13,0.0000,0.0000,0.0429,0.2051,0.0020,-0.0123,0.9787,0.000,,,,,,,
0,Right,14,0.0000,0.0000,0.0275,0.0539,-0.0018,-0.0488,0.9973,0.000,,,,,,,
0,Right,15,0.0003,0.0011,0.0250,0.0000,0.0000,0.0000,1.0000,0.000,,,,,,,
0,Right,16,0.0150,-0.0060,0.0348,0.0000,0.0000,0.0000,1.0000,0.000,,,,,,,
0,Right,17,0.0025,-0.0005,0.0539,0.3444,0.1034,-0.0857,0.9292,0.000,,,,,,,
0,Right,18,0.0000,0.0000,0.0390,0.1782,-0.0030,-0.0375,0.9833,0.000,,,,,,,
0,Right,19,0.0000,0.0000,0.0266,0.1024,-0.0296,-0.0094,0.9943,0.000,,,,,,,
0,Right,20,0.0003,0.0016,0.0243,0.0000,0.0000,0.0000,1.0000,0.000,,,,,,,
0,Right,21,0.0230,-0.0094,0.0341,0.0183,0.1403,-0.2070,0.9680,0.000,,,,,,,
0,Right,22,0.0000,0.0000,0.0457,0.2339,0.0341,0.0757,0.9687,0.000,,,,,,,
0,Right,23,0.0000,0.0000,0.0307,0.2036,0.0336,-0.0558,0.9769,0.000,,,,,,,
0,Right,24,0.0000,0.0000,0.0203,0.0735,-0.0490,0.0010,0.9961,0.000,,,,,,,
0,Right,25,-0.0002,0.0012,0.0219,0.0000,0.0000,0.0000,1.0000,0.000,,,,,,,
1,Left,0,0.0030,-0.0048,0.0647,0.0000,0.0000,0.0000,1.0000,0.042,,,,,,,
1,Left,1,0.0000,0.0000,0.0000,0.0000,0.0000,0.0000,1.0000,0.042,-0.1991,0.2320,-0.0059,-0.5091,0.7026,-0.4620,-0.1838
1,Left,2,0.0314,-0.0137,0.0333,-0.1903,0.2868,-0.4985,0.7956,0.042,,,,,,,
1,Left,3,0.0000,0.0000,0.0325,0.0558,-0.0655,0.0832,0.9928,0.042,,,,,,,
1,Left,4,0.0000,0.0000,0.0338,-0.1383,0.0711,-0.0847,0.9842,0.042,,,,,,,
1,Left,5,-0.0007,0.0010,0.0246,0.0000,0.0000,0.0000,1.0000,0.042,,,,,,,
1,Left,6,0.0204,-0.0083,0.0358,0.0000,0.0000,0.0000,1.0000,0.042,,,,,,,
1,Left,7,0.0031,0.0010,0.0601,0.1503,-0.1022,-0.0238,0.9831,0.042,,,,,,,
1,Left,8,0.0000,0.0000,0.0379,0.1193,-0.0041,0.0263,0.9925,0.042,,,,,,,
1,Left,9,0.0000,0.0000,0.0243,0.0219,-0.0257,0.0166,0.9993,0.042,,,,,,,
1,Left,10,-0.0003,0.0010,0.0224,0.0000,0.0000,0.0000,1.0000,0.042,,,,,,,
1,Left,11,0.0042,-0.0070,0.0337,0.0000,0.0000,0.0000,1.0000,0.042,,,,,,,
1,Left,12,-0.0025,0.0045,0.0620,0.2160,-0.1098,0.0272,0.9698,0.042,,,,,,,
1,Left,13,0.0000,0.0000,0.0429,0.0561,-0.0037,0.0116,0.9984,0.042,,,,,,,
1,Left,14,0.0000,0.0000,0.0275,-0.0352,-0.0021,0.0401,0.9986,0.042,,,,,,,
1,Left,15,-0.0003,0.0011,0.0250,0.0000,0.0000,0.0000,1.0000,0.042,,,,,,,
1,Left,16,-0.0150,-0.0060,0.0348,0.0000,0.0000,0.0000,1.0000,0.042,,,,,,,
1,Left,17,-0.0025,-0.0005,0.0539,0.2252,-0.1110,0.0726,0.9653,0.042,,,,,,,
1,Left,18,0.0000,0.0000,0.0390,0.0486,-0.0013,0.0347,0.9982,0.042,,,,,,,
1,Left,19,0.0000,0.0000,0.0266,0.0119,0.0294,0.0052,0.9995,0.042,,,,,,,
1,Left,20,-0.0003,0.0016,0.0243,0.0000,0.0000,0.0000,1.0000,0.042,,,,,,,
1,Left,21,-0.0230,-0.0094,0.0341,0.0183,-0.1403,0.2070,0.9680,0.042,,,,,,,
1,Left,22,0.0000,0.0000,0.0457,0.1637,0.0293,-0.0899,0.9820,0.042,,,,,,,
1,Left,23,0.0000,0.0000,0.0307,0.0900,-0.0387,0.0465,0.9941,0.042,,,,,,,
1,Left,24,0.0000,0.0000,0.0203,0.0004,0.0492,-0.0007,0.9988,0.042,,,,,,,
1,Left,25,0.0002,0.0012,0.0219,0.0000,0.0000,0.0000,1.0000,0.042,,,,,,,
1,Right,0,-0.0017,-0.0057,0.0655,0.0000,0.0000,0.0000,1.0000,0.042,,,,,,,
1,Right,1,0.0000,0.0000,0.0000,0.0000,0.0000,0.0000,1.0000,0.042,0.2656,0.2607,0.0701,0.3246,0.4575,-0.6076,0.5624
1,Right,2,-0.0263,-0.0210,0.0368,0.0882,-0.4163,0.6586,0.6206,0.042,,,,,,,
1,Right,3,0.0000,0.0000,0.0325,0.1754,0.0545,-0.0823,0.9795,0.042,,,,,,,
1,Right,4,0.0000,0.0000,0.0338,-0.0846,-0.0671,0.0840,0.9906,0.042,,,,,,,
1,Right,5,0.0007,0.0010,0.0246,0.0000,0.0000,0.0000,1.0000,0.042,,,,,,,
1,Right,6,-0.0178,-0.0120,0.0376,0.0000,0.0000,0.0000,1.0000,0.042,,,,,,,
1,Right,7,-0.0057,0.0047,0.0584,0.3269,0.0458,0.0274,0.9436,0.042,,,,,,,
1,Right,8,0.0000,0.0000,0.0379,0.2336,0.0010,-0.0263,0.9720,0.042,,,,,,,
1,Right,9,0.0000,0.0000,0.0243,0.0757,0.0247,-0.0168,0.9967,0.042,,,,,,,
1,Right,10,0.0003,0.0010,0.0224,0.0000,0.0000,0.0000,1.0000,0.042,,,,,,,
1,Right,11,-0.0016,-0.0089,0.0354,0.0000,0.0000,0.0000,1.0000,0.042,,,,,,,
1,Right,12,-0.0001,0.0063,0.0602,0.3664,0.0802,-0.0351,0.9263,0.042,,,,,,,
1,Right,13,0.0000,0.0000,0.0429,0.2064,0.0019,-0.0123,0.9784,0.042,,,,,,,
1,Right,14,0.0000,0.0000,0.0275,0.0536,-0.0018,-0.0488,0.9974,0.042,,,,,,,
1,Right,15,0.0003,0.0011,0.0250,0.0000,0.0000,0.0000,1.0000,0.042,,,,,,,
1,Right,16,0.0150,-0.0060,0.0348,0.0000,0.0000,0.0000,1.0000,0.042,,,,,,,
1,Right,17,0.0025,-0.0005,0.0539,0.3435,0.1037,-0.0856,0.9295,0.042,,,,,,,
1,Right,18,0.0000,0.0000,0.0390,0.1809,-0.0031,-0.0375,0.9828,0.042,,,,,,,
1,Right,19,0.0000,0.0000,0.0266,0.1014,-0.0296,-0.0094,0.9944,0.042,,,,,,,
1,Right,20,0.0003,0.0016,0.0243,0.0000,0.0000,0.0000,1.0000,0.042,,,,,,,
1,Right,21,0.0230,-0.0094,0.0341,0.0183,0.1403,-0.2070,0.9680,0.042,,,,,,,
1,Right,22,0.0000,0.0000,0.0457,0.2326,0.0354,0.0755,0.9690,0.042,,,,,,,
1,Right,23,0.0000,0.0000,0.0307,0.2046,0.0336,-0.0559,0.9767,0.042,,,,,,,
1,Right,24,0.0000,0.0000,0.0203,0.0726,-0.0490,0.0010,0.9962,0.042,,,,,,,
1,Right,25,-0.0002,0.0012,0.0219,0.0000,0.0000,0.0000,1.0000,0.042,,,,,,,
2,Left,0,0.0030,-0.0048,0.0647,0.0000,0.0000,0.0000,1.0000,0.083,,,,,,,
2,Left,1,0.0000,0.0000,0.0000,0.0000,0.0000,0.0000,1.0000,0.083,-0.1906,0.2250,-0.0234,-0.5470,0.6689,-0.4788,-0.1552
2,Left,2,0.0314,-0.0136,0.0333,-0.1947,0.2806,-0.4956,0.7986,0.083,,,,,,,
2,Left,3,0.0000,0.0000,0.0325,0.0551,-0.0655,0.0832,0.9929,0.083,,,,,,,
2,Left,4,0.0000,0.0000,0.0338,-0.1378,0.0711,-0.0847,0.9843,0.083,,,,,,,
2,Left,5,-0.0007,0.0010,0.0246,0.0000,0.0000,0.0000,1.0000,0.083,,,,,,,
2,Left,6,0.0204,-0.0083,0.0358,0.0000,0.0000,0.0000,1.0000,0.083,,,,,,,
2,Left,7,0.0031,0.0010,0.0602,0.1638,-0.1046,-0.0225,0.9807,0.083,,,,,,,
2,Left,8,0.0000,0.0000,0.0379,0.1195,-0.0041,0.0263,0.9925,0.083,,,,,,,
2,Left,9,0.0000,0.0000,0.0243,0.0231,-0.0256,0.0166,0.9993,0.083,,,,,,,
2,Left,10,-0.0003,0.0010,0.0224,0.0000,0.0000,0.0000,1.0000,0.083,,,,,,,
2,Left,11,0.0042,-0.0070,0.0337,0.0000,0.0000,0.0000,1.0000,0.083,,,,,,,
2,Left,12,-0.0025,0.0045,0.0620,0.2271,-0.1098,0.0285,0.9672,0.083,,,,,,,
2,Left,13,0.0000,0.0000,0.0429,0.0566,-0.0037,0.0116,0.9983,0.083,,,,,,,
2,Left,14,0.0000,0.0000,0.0275,-0.0338,-0.0020,0.0403,0.9986,0.083,,,,,,,
2,Left,15,-0.0003,0.0011,0.0250,0.0000,0.0000,0.0000,1.0000,0.083,,,,,,,
2,Left,16,-0.0150,-0.0060,0.0348,0.0000,0.0000,0.0000,1.0000,0.083,,,,,,,
2,Left,17,-0.0025,-0.0005,0.0539,0.2255,-0.1063,0.0718,0.9658,0.083,,,,,,,
2,Left,18,0.0000,0.0000,0.0390,0.0510,-0.0013,0.0347,0.9981,0.083,,,,,,,
2,Left,19,0.0000,0.0000,0.0266,0.0148,0.0294,0.0053,0.9994,0.083,,,,,,,
2,Left,20,-0.0003,0.0016,0.0243,0.0000,0.0000,0.0000,1.0000,0.083,,,,,,,
2,Left,21,-0.0230,-0.0094,0.0341,0.0183,-0.1403,0.2070,0.9680,0.083,,,,,,,
2,Left,22,0.0000,0.0000,0.0457,0.1629,0.0318,-0.0902,0.9820,0.083,,,,,,,
2,Left,23,0.0000,0.0000,0.0307,0.0921,-0.0387,0.0467,0.9939,0.083,,,,,,,
2,Left,24,0.0000,0.0000,0.0203,0.0042,0.0492,-0.0007,0.9988,0.083,,,,,,,
2,Left,25,0.0002,0.0012,0.0219,0.0000,0.0000,0.0000,1.0000,0.083,,,,,,,
2,Right,0,-0.0017,-0.0057,0.0655,0.0000,0.0000,0.0000,1.0000,0.083,,,,,,,
2,Right,1,0.0000,0.0000,0.0000,0.0000,0.0000,0.0000,1.0000,0.083,0.2692,0.2616,0.0700,0.3295,0.4607,-0.5972,0.5679
2,Right,2,-0.0262,-0.0210,0.0368,0.0895,-0.4172,0.6587,0.6197,0.083,,,,,,,
2,Right,3,0.0000,0.0000,0.0325,0.1751,0.0545,-0.0823,0.9796,0.083,,,,,,,
2,Right,4,0.0000,0.0000,0.0338,-0.0893,-0.0674,0.0840,0.9902,0.083,,,,,,,
2,Right,5,0.0007,0.0010,0.0246,0.0000,0.0000,0.0000,1.0000,0.083,,,,,,,
2,Right,6,-0.0178,-0.0120,0.0376,0.0000,0.0000,0.0000,1.0000,0.083,,,,,,,
2,Right,7,-0.0057,0.0047,0.0584,0.3274,0.0458,0.0274,0.9434,0.083,,,,,,,
2,Right,8,0.0000,0.0000,0.0379,0.2343,0.0009,-0.0263,0.9718,0.083,,,,,,,
2,Right,9,0.0000,0.0000,0.0243,0.0750,0.0247,-0.0168,0.9967,0.083,,,,,,,
2,Right,10,0.0003,0.0010,0.0224,0.0000,0.0000,0.0000,1.0000,0.083,,,,,,,
2,Right,11,-0.0016,-0.0089,0.0354,0.0000,0.0000,0.0000,1.0000,0.083,,,,,,,
2,Right,12,-0.0001,0.0063,0.0602,0.3663,0.0794,-0.0348,0.9264,0.083,,,,,,,
2,Right,13,0.0000,0.0000,0.0429,0.2095,0.0019,-0.0123,0.9777,0.083,,,,,,,
2,Right,14,0.0000,0.0000,0.0275,0.0539,-0.0018,-0.0488,0.9973,0.083,,,,,,,
2,Right,15,0.0003,0.0011,0.0250,0.0000,0.0000,0.0000,1.0000,0.083,,,,,,,
2,Right,16,0.0150,-0.0060,0.0348,0.0000,0.0000,0.0000,1.0000,0.083,,,,,,,
2,Right,17,0.0025,-0.0005,0.0539,0.3429,0.1038,-0.0856,0.9297,0.083,,,,,,,
2,Right,18,0.0000,0.0000,0.0390,0.1854,-0.0033,-0.0376,0.9819,0.083,,,,,,,
2,Right,19,0.0000,0.0000,0.0266,0.1010,-0.0296,-0.0094,0.9944,0.083,,,,,,,
2,Right,20,0.0003,0.0016,0.0243,0.0000,0.0000,0.0000,1.0000,0.083,,,,,,,
2,Right,21,0.0230,-0.0094,0.0341,0.0183,0.1403,-0.2070,0.9680,0.083,,,,,,,
2,Right,22,0.0000,0.0000,0.0457,0.2319,0.0359,0.0754,0.9692,0.083,,,,,,,
2,Right,23,0.0000,0.0000,0.0307,0.2060,0.0335,-0.0560,0.9764,0.083,,,,,,,
2,Right,24,0.0000,0.0000,0.0203,0.0720,-0.0490,0.0010,0.9962,0.083,,,,,,,
2,Right,25,-0.0002,0.0012,0.0219,0.0000,0.0000,0.0000,1.0000,0.083,,,,,,,
3,Left,0,0.0030,-0.0048,0.0647,0.0000,0.0000,0.0000,1.0000,0.125,,,,,,,
3,Left,1,0.0000,0.0000,0.0000,0.0000,0.0000,0.0000,1.0000,0.125,-0.1780,0.2135,-0.0367,-0.5751,0.6545,-0.4737,-0.1283
3,Left,2,0.0315,-0.0136,0.0333,-0.1953,0.2805,-0.4949,0.7989,0.125,,,,,,,
3,Left,3,0.0000,0.0000,0.0325,0.0540,-0.0656,0.0832,0.9929,0.125,,,,,,,
3,Left,4,0.0000,0.0000,0.0338,-0.1382,0.0711,-0.0847,0.9842,0.125,,,,,,,
3,Left,5,-0.0007,0.0010,0.0246,0.0000,0.0000,0.0000,1.0000,0.125,,,,,,,
3,Left,6,0.0204,-0.0083,0.0358,0.0000,0.0000,0.0000,1.0000,0.125,,,,,,,
3,Left,7,0.0031,0.0009,0.0602,0.1783,-0.1059,-0.0213,0.9780,0.125,,,,,,,
3,Left,8,0.0000,0.0000,0.0379,0.1192,-0.0041,0.0263,0.9925,0.125,,,,,,,
3,Left,9,0.0000,0.0000,0.0243,0.0241,-0.0256,0.0166,0.9992,0.125,,,,,,,
3,Left,10,-0.0003,0.0010,0.0224,0.0000,0.0000,0.0000,1.0000,0.125,,,,,,,
3,Left,11,0.0042,-0.0070,0.0337,0.0000,0.0000,0.0000,1.0000,0.125,,,,,,,
3,Left,12,-0.0025,0.0045,0.0620,0.2308,-0.1094,0.0288,0.9664,0.125,,,,,,,
3,Left,13,0.0000,0.0000,0.0429,0.0569,-0.0037,0.0116,0.9983,0.125,,,,,,,
3,Left,14,0.0000,0.0000,0.0275,-0.0325,-0.0020,0.0404,0.9987,0.125,,,,,,,
3,Left,15,-0.0003,0.0011,0.0250,0.0000,0.0000,0.0000,1.0000,0.125,,,,,,,
3,Left,16,-0.0150,-0.0060,0.0348,0.0000,0.0000,0.0000,1.0000,0.125,,,,,,,
3,Left,17,-0.0025,-0.0005,0.0539,0.2255,-0.1061,0.0718,0.9658,0.125,,,,,,,
3,Left,18,0.0000,0.0000,0.0390,0.0534,-0.0012,0.0348,0.9980,0.125,,,,,,,
3,Left,19,0.0000,0.0000,0.0266,0.0188,0.0294,0.0055,0.9994,0.125,,,,,,,
3,Left,20,-0.0003,0.0016,0.0243,0.0000,0.0000,0.0000,1.0000,0.125,,,,,,,
3,Left,21,-0.0230,-0.0094,0.0341,0.0183,-0.1403,0.2070,0.9680,0.125,,,,,,,
3,Left,22,0.0000,0.0000,0.0457,0.1606,0.0328,-0.0904,0.9823,0.125,,,,,,,
3,Left,23,0.0000,0.0000,0.0307,0.0974,-0.0384,0.0471,0.9934,0.125,,,,,,,
3,Left,24,0.0000,0.0000,0.0203,0.0076,0.0492,-0.0008,0.9988,0.125,,,,,,,
3,Left,25,0.0002,0.0012,0.0219,0.0000,0.0000,0.0000,1.0000,0.125,,,,,,,
3,Right,0,-0.0017,-0.0057,0.0655,0.0000,0.0000,0.0000,1.0000,0.125,,,,,,,
3,Right,1,0.0000,0.0000,0.0000,0.0000,0.0000,0.0000,1.0000,0.125,0.2734,0.2620,0.0698,0.3365,0.4702,-0.5887,0.5649
3,Right,2,-0.0262,-0.0211,0.0368,0.0923,-0.4188,0.6591,0.6178,0.125,,,,,,,
3,Right,3,0.0000,0.0000,0.0325,0.1745,0.0546,-0.0823,0.9797,0.125,,,,,,,
3,Right,4,0.0000,0.0000,0.0338,-0.0957,-0.0679,0.0841,0.9895,0.125,,,,,,,
3,Right,5,0.0007,0.0010,0.0246,0.0000,0.0000,0.0000,1.0000,0.125,,,,,,,
3,Right,6,-0.0178,-0.0120,0.0376,0.0000,0.0000,0.0000,1.0000,0.125,,,,,,,
3,Right,7,-0.0057,0.0047,0.0584,0.3284,0.0464,0.0272,0.9430,0.125,,,,,,,
3,Right,8,0.0000,0.0000,0.0379,0.2356,0.0009,-0.0263,0.9715,0.125,,,,,,,
3,Right,9,0.0000,0.0000,0.0243,0.0746,0.0247,-0.0168,0.9968,0.125,,,,,,,
3,Right,10,0.0003,0.0010,0.0224,0.0000,0.0000,0.0000,1.0000,0.125,,,,,,,
3,Right,11,-0.0016,-0.0089,0.0354,0.0000,0.0000,0.0000,1.0000,0.125,,,,,,,
3,Right,12,-0.0001,0.0063,0.0602,0.3667,0.0794,-0.0349,0.9263,0.125,,,,,,,
3,Right,13,0.0000,0.0000,0.0429,0.2120,0.0019,-0.0124,0.9772,0.125,,,,,,,
3,Right,14,0.0000,0.0000,0.0275,0.0544,-0.0018,-0.0489,0.9973,0.125,,,,,,,
3,Right,15,0.0003,0.0011,0.0250,0.0000,0.0000,0.0000,1.0000,0.125,,,,,,,
3,Right,16,0.0150,-0.0060,0.0348,0.0000,0.0000,0.0000,1.0000,0.125,,,,,,,
3,Right,17,0.0025,-0.0005,0.0539,0.3432,0.1043,-0.0858,0.9295,0.125,,,,,,,
3,Right,18,0.0000,0.0000,0.0390,0.1877,-0.0034,-0.0376,0.9815,0.125,,,,,,,
3,Right,19,0.0000,0.0000,0.0266,0.1008,-0.0296,-0.0094,0.9944,0.125,,,,,,,
3,Right,20,0.0003,0.0016,0.0243,0.0000,0.0000,0.0000,1.0000,0.125,,,,,,,
3,Right,21,0.0230,-0.0094,0.0341,0.0183,0.1403,-0.2070,0.9680,0.125,,,,,,,
3,Right,22,0.0000,0.0000,0.0457,0.2327,0.0359,0.0754,0.9690,0.125,,,,,,,
3,Right,23,0.0000,0.0000,0.0307,0.2070,0.0334,-0.0561,0.9762,0.125,,,,,,,
3,Right,24,0.0000,0.0000,0.0203,0.0714,-0.0490,0.0010,0.9962,0.125,,,,,,,
3,Right,25,-0.0002,0.0012,0.0219,0.0000,0.0000,0.0000,1.0000,0.125,,,,,,,
4,Left,0,0.0030,-0.0048,0.0647,0.0000,0.0000,0.0000,1.0000,0.167,,,,,,,
4,Left,1,0.0000,0.0000,0.0000,0.0000,0.0000,0.0000,1.0000,0.167,-0.1635,0.2108,-0.0460,-0.5792,0.6539,-0.4743,-0.1094
4,Left,2,0.0315,-0.0136,0.0333,-0.1860,0.2956,-0.5001,0.7924,0.167,,,,,,,
4,Left,3,0.0000,0.0000,0.0325,0.0514,-0.0658,0.0832,0.9930,0.167,,,,,,,
4,Left,4,0.0000,0.0000,0.0338,-0.1399,0.0712,-0.0847,0.9840,0.167,,,,,,,
4,Left,5,-0.0007,0.0010,0.0246,0.0000,0.0000,0.0000,1.0000,0.167,,,,,,,
4,Left,6,0.0204,-0.0083,0.0358,0.0000,0.0000,0.0000,1.0000,0.167,,,,,,,
4,Left,7,0.0031,0.0009,0.0602,0.2085,-0.1049,-0.0192,0.9722,0.167,,,,,,,
4,Left,8,0.0000,0.0000,0.0379,0.1250,-0.0039,0.0263,0.9918,0.167,,,,,,,
4,Left,9,0.0000,0.0000,0.0243,0.0265,-0.0256,0.0166,0.9992,0.167,,,,,,,
4,Left,10,-0.0003,0.0010,0.0224,0.0000,0.0000,0.0000,1.0000,0.167,,,,,,,
4,Left,11,0.0042,-0.0070,0.0337,0.0000,0.0000,0.0000,1.0000,0.167,,,,,,,
4,Left,12,-0.0025,0.0045,0.0620,0.2852,-0.1070,0.0346,0.9518,0.167,,,,,,,
4,Left,13,0.0000,0.0000,0.0429,0.0807,-0.0034,0.0117,0.9967,0.167,,,,,,,
4,Left,14,0.0000,0.0000,0.0275,-0.0232,-0.0016,0.0413,0.9989,0.167,,,,,,,
4,Left,15,-0.0003,0.0011,0.0250,0.0000,0.0000,0.0000,1.0000,0.167,,,,,,,
4,Left,16,-0.0150,-0.0060,0.0348,0.0000,0.0000,0.0000,1.0000,0.167,,,,,,,
4,Left,17,-0.0025,-0.0005,0.0539,0.3261,-0.0965,0.0813,0.9369,0.167,,,,,,,
4,Left,18,0.0000,0.0000,0.0390,0.1115,0.0008,0.0361,0.9931,0.167,,,,,,,
4,Left,19,0.0000,0.0000,0.0266,0.0399,0.0295,0.0065,0.9987,0.167,,,,,,,
4,Left,20,-0.0003,0.0016,0.0243,0.0000,0.0000,0.0000,1.0000,0.167,,,,,,,
4,Left,21,-0.0230,-0.0094,0.0341,0.0183,-0.1403,0.2070,0.9680,0.167,,,,,,,
4,Left,22,0.0000,0.0000,0.0457,0.2470,0.0248,-0.0890,0.9646,0.167,,,,,,,
4,Left,23,0.0000,0.0000,0.0307,0.1678,-0.0353,0.0530,0.9838,0.167,,,,,,,
4,Left,24,0.0000,0.0000,0.0203,0.0463,0.0491,-0.0009,0.9977,0.167,,,,,,,
4,Left,25,0.0002,0.0012,0.0219,0.0000,0.0000,0.0000,1.0000,0.167,,,,,,,
4,Right,0,-0.0017,-0.0057,0.0655,0.0000,0.0000,0.0000,1.0000,0.167,,,,,,,
4,Right,1,0.0000,0.0000,0.0000,0.0000,0.0000,0.0000,1.0000,0.167,0.2757,0.2628,0.0689,0.3450,0.4658,-0.5781,0.5743
4,Right,2,-0.0262,-0.0211,0.0368,0.0957,-0.4224,0.6588,0.6152,0.167,,,,,,,
4,Right,3,0.0000,0.0000,0.0325,0.1728,0.0548,-0.0823,0.9800,0.167,,,,,,,
4,Right,4,0.0000,0.0000,0.0338,-0.1008,-0.0683,0.0842,0.9890,0.167,,,,,,,
4,Right,5,0.0007,0.0010,0.0246,0.0000,0.0000,0.0000,1.0000,0.167,,,,,,,
4,Right,6,-0.0178,-0.0120,0.0376,0.0000,0.0000,0.0000,1.0000,0.167,,,,,,,
4,Right,7,-0.0057,0.0047,0.0584,0.3290,0.0470,0.0270,0.9428,0.167,,,,,,,
4,Right,8,0.0000,0.0000,0.0379,0.2364,0.0009,-0.0263,0.9713,0.167,,,,,,,
4,Right,9,0.0000,0.0000,0.0243,0.0746,0.0247,-0.0168,0.9968,0.167,,,,,,,
4,Right,10,0.0003,0.0010,0.0224,0.0000,0.0000,0.0000,1.0000,0.167,,,,,,,
4,Right,11,-0.0016,-0.0089,0.0354,0.0000,0.0000,0.0000,1.0000,0.167,,,,,,,
4,Right,12,-0.0001,0.0063,0.0602,0.3671,0.0803,-0.0352,0.9261,0.167,,,,,,,
4,Right,13,0.0000,0.0000,0.0429,0.2134,0.0019,-0.0124,0.9769,0.167,,,,,,,
4,Right,14,0.0000,0.0000,0.0275,0.0548,-0.0018,-0.0489,0.9973,0.167,,,,,,,
4,Right,15,0.0003,0.0011,0.0250,0.0000,0.0000,0.0000,1.0000,0.167,,,,,,,
4,Right,16,0.0150,-0.0060,0.0348,0.0000,0.0000,0.0000,1.0000,0.167,,,,,,,
4,Right,17,0.0025,-0.0005,0.0539,0.3446,0.1052,-0.0863,0.9288,0.167,,,,,,,
4,Right,18,0.0000,0.0000,0.0390,0.1885,-0.0034,-0.0377,0.9813,0.167,,,,,,,
4,Right,19,0.0000,0.0000,0.0266,0.1009,-0.0296,-0.0094,0.9944,0.167,,,,,,,
4,Right,20,0.0003,0.0016,0.0243,0.0000,0.0000,0.0000,1.0000,0.167,,,,,,,
4,Right,21,0.0230,-0.0094,0.0341,0.0183,0.1403,-0.2070,0.9680,0.167,,,,,,,
4,Right,22,0.0000,0.0000,0.0457,0.2470,0.0375,0.0741,0.9655,0.167,,,,,,,
4,Right,23,0.0000,0.0000,0.0307,0.2064,0.0335,-0.0561,0.9763,0.167,,,,,,,
4,Right,24,0.0000,0.0000,0.0203,0.0706,-0.0490,0.0010,0.9963,0.167,,,,,,,
4,Right,25,-0.0002,0.0012,0.0219,0.0000,0.0000,0.0000,1.0000,0.167,,,,,,,
5,Left,0,0.0030,-0.0048,0.0647,0.0000,0.0000,0.0000,1.0000,0.208,,,,,,,
5,Left,1,0.0000,0.0000,0.0000,0.0000,0.0000,0.0000,1.0000,0.208,-0.1480,0.2066,-0.0501,-0.5830,0.6525,-0.4729,-0.1035
5,Left,2,0.0314,-0.0137,0.0333,-0.1832,0.2978,-0.5026,0.7907,0.208,,,,,,,
5,Left,3,0.0000,0.0000,0.0325,0.0469,-0.0662,0.0832,0.9932,0.208,,,,,,,
5,Left,4,0.0000,0.0000,0.0338,-0.1463,0.0717,-0.0848,0.9830,0.208,,,,,,,
5,Left,5,-0.0007,0.0010,0.0246,0.0000,0.0000,0.0000,1.0000,0.208,,,,,,,
5,Left,6,0.0204,-0.0083,0.0359,0.0000,0.0000,0.0000,1.0000,0.208,,,,,,,
5,Left,7,0.0031,0.0010,0.0601,0.2361,-0.1061,-0.0169,0.9658,0.208,,,,,,,
5,Left,8,0.0000,0.0000,0.0379,0.1380,-0.0036,0.0263,0.9901,0.208,,,,,,,
5,Left,9,0.0000,0.0000,0.0243,0.0311,-0.0255,0.0166,0.9991,0.208,,,,,,,
5,Left,10,-0.0003,0.0010,0.0224,0.0000,0.0000,0.0000,1.0000,0.208,,,,,,,
5,Left,11,0.0042,-0.0070,0.0337,0.0000,0.0000,0.0000,1.0000,0.208,,,,,,,
5,Left,12,-0.0025,0.0045,0.0620,0.3418,-0.1051,0.0407,0.9330,0.208,,,,,,,
5,Left,13,0.0000,0.0000,0.0429,0.1082,-0.0031,0.0119,0.9941,0.208,,,,,,,
5,Left,14,0.0000,0.0000,0.0275,-0.0119,-0.0011,0.0425,0.9990,0.208,,,,,,,
5,Left,15,-0.0003,0.0011,0.0250,0.0000,0.0000,0.0000,1.0000,0.208,,,,,,,
5,Left,16,-0.0150,-0.0060,0.0348,0.0000,0.0000,0.0000,1.0000,0.208,,,,,,,
5,Left,17,-0.0025,-0.0005,0.0539,0.3729,-0.0913,0.0853,0.9194,0.208,,,,,,,
5,Left,18,0.0000,0.0000,0.0390,0.1449,0.0019,0.0368,0.9888,0.208,,,,,,,
5,Left,19,0.0000,0.0000,0.0266,0.0571,0.0295,0.0073,0.9979,0.208,,,,,,,
5,Left,20,-0.0003,0.0016,0.0243,0.0000,0.0000,0.0000,1.0000,0.208,,,,,,,
5,Left,21,-0.0230,-0.0094,0.0341,0.0183,-0.1403,0.2070,0.9680,0.208,,,,,,,
5,Left,22,0.0000,0.0000,0.0457,0.2987,0.0195,-0.0877,0.9501,0.208,,,,,,,
5,Left,23,0.0000,0.0000,0.0307,0.2050,-0.0335,0.0559,0.9766,0.208,,,,,,,
5,Left,24,0.0000,0.0000,0.0203,0.0730,0.0490,-0.0010,0.9961,0.208,,,,,,,
5,Left,25,0.0002,0.0012,0.0219,0.0000,0.0000,0.0000,1.0000,0.208,,,,,,,
5,Right,0,-0.0017,-0.0057,0.0655,0.0000,0.0000,0.0000,1.0000,0.208,,,,,,,
5,Right,1,0.0000,0.0000,0.0000,0.0000,0.0000,0.0000,1.0000,0.208,0.2769,0.2629,0.0681,0.3457,0.4611,-0.5777,0.5781
5,Right,2,-0.0262,-0.0211,0.0368,0.0984,-0.4250,0.6587,0.6130,0.208,,,,,,,
5,Right,3,0.0000,0.0000,0.0325,0.1707,0.0550,-0.0824,0.9803,0.208,,,,,,,
5,Right,4,0.0000,0.0000,0.0338,-0.1024,-0.0684,0.0842,0.9888,0.208,,,,,,,
5,Right,5,0.0007,0.0010,0.0246,0.0000,0.0000,0.0000,1.0000,0.208,,,,,,,
5,Right,6,-0.0178,-0.0120,0.0376,0.0000,0.0000,0.0000,1.0000,0.208,,,,,,,
5,Right,7,-0.0057,0.0047,0.0584,0.3301,0.0481,0.0267,0.9424,0.208,,,,,,,
5,Right,8,0.0000,0.0000,0.0379,0.2369,0.0009,-0.0263,0.9712,0.208,,,,,,,
5,Right,9,0.0000,0.0000,0.0243,0.0743,0.0247,-0.0168,0.9968,0.208,,,,,,,
5,Right,10,0.0003,0.0010,0.0224,0.0000,0.0000,0.0000,1.0000,0.208,,,,,,,
5,Right,11,-0.0016,-0.0089,0.0354,0.0000,0.0000,0.0000,1.0000,0.208,,,,,,,
5,Right,12,-0.0001,0.0063,0.0602,0.3677,0.0814,-0.0357,0.9257,0.208,,,,,,,
5,Right,13,0.0000,0.0000,0.0429,0.2138,0.0019,-0.0124,0.9768,0.208,,,,,,,
5,Right,14,0.0000,0.0000,0.0275,0.0550,-0.0018,-0.0489,0.9973,0.208,,,,,,,
5,Right,15,0.0003,0.0011,0.0250,0.0000,0.0000,0.0000,1.0000,0.208,,,,,,,
5,Right,16,0.0150,-0.0060,0.0348,0.0000,0.0000,0.0000,1.0000,0.208,,,,,,,
5,Right,17,0.0025,-0.0005,0.0539,0.3484,0.1058,-0.0869,0.9273,0.208,,,,,,,
5,Right,18,0.0000,0.0000,0.0390,0.1876,-0.0034,-0.0376,0.9815,0.208,,,,,,,
5,Right,19,0.0000,0.0000,0.0266,0.1004,-0.0296,-0.0093,0.9945,0.208,,,,,,,
5,Right,20,0.0003,0.0016,0.0243,0.0000,0.0000,0.0000,1.0000,0.208,,,,,,,
5,Right,21,0.0230,-0.0094,0.0341,0.0183,0.1403,-0.2070,0.9680,0.208,,,,,,,
5,Right,22,0.0000,0.0000,0.0457,0.2555,0.0384,0.0733,0.9633,0.208,,,,,,,
5,Right,23,0.0000,0.0000,0.0307,0.2034,0.0336,-0.0558,0.9769,0.208,,,,,,,
5,Right,24,0.0000,0.0000,0.0203,0.0693,-0.0490,0.0010,0.9964,0.208,,,,,,,
5,Right,25,-0.0002,0.0012,0.0219,0.0000,0.0000,0.0000,1.0000,0.208,,,,,,,
6,Left,0,0.0030,-0.0048,0.0647,0.0000,0.0000,0.0000,1.0000,0.250,,,,,,,
6,Left,1,0.0000,0.0000,0.0000,0.0000,0.0000,0.0000,1.0000,0.250,-0.1354,0.2083,-0.0501,-0.5812,0.6536,-0.4773,-0.0850
6,Left,2,0.0314,-0.0138,0.0334,-0.1808,0.2976,-0.5055,0.7894,0.250,,,,,,,
6,Left,3,0.0000,0.0000,0.0325,0.0412,-0.0667,0.0832,0.9934,0.250,,,,,,,
6,Left,4,0.0000,0.0000,0.0338,-0.1492,0.0719,-0.0848,0.9825,0.250,,,,,,,
6,Left,5,-0.0007,0.0010,0.0246,0.0000,0.0000,0.0000,1.0000,0.250,,,,,,,
6,Left,6,0.0204,-0.0084,0.0359,0.0000,0.0000,0.0000,1.0000,0.250,,,,,,,
6,Left,7,0.0032,0.0011,0.0601,0.2429,-0.1089,-0.0158,0.9638,0.250,,,,,,,
6,Left,8,0.0000,0.0000,0.0379,0.1395,-0.0035,0.0263,0.9899,0.250,,,,,,,
6,Left,9,0.0000,0.0000,0.0243,0.0318,-0.0255,0.0166,0.9990,0.250,,,,,,,
6,Left,10,-0.0003,0.0010,0.0224,0.0000,0.0000,0.0000,1.0000,0.250,,,,,,,
6,Left,11,0.0042,-0.0071,0.0337,0.0000,0.0000,0.0000,1.0000,0.250,,,,,,,
6,Left,12,-0.0025,0.0045,0.0619,0.3628,-0.1048,0.0432,0.9250,0.250,,,,,,,
6,Left,13,0.0000,0.0000,0.0429,0.1123,-0.0031,0.0119,0.9936,0.250,,,,,,,
6,Left,14,0.0000,0.0000,0.0275,-0.0096,-0.0010,0.0427,0.9990,0.250,,,,,,,
6,Left,15,-0.0003,0.0011,0.0250,0.0000,0.0000,0.0000,1.0000,0.250,,,,,,,
6,Left,16,-0.0150,-0.0060,0.0348,0.0000,0.0000,0.0000,1.0000,0.250,,,,,,,
6,Left,17,-0.0025,-0.0005,0.0539,0.3811,-0.0906,0.0861,0.9160,0.250,,,,,,,
6,Left,18,0.0000,0.0000,0.0390,0.1251,0.0012,0.0364,0.9915,0.250,,,,,,,
6,Left,19,0.0000,0.0000,0.0266,0.0574,0.0295,0.0073,0.9979,0.250,,,,,,,
6,Left,20,-0.0003,0.0016,0.0243,0.0000,0.0000,0.0000,1.0000,0.250,,,,,,,
6,Left,21,-0.0230,-0.0094,0.0341,0.0183,-0.1403,0.2070,0.9680,0.250,,,,,,,
6,Left,22,0.0000,0.0000,0.0457,0.3089,0.0181,-0.0874,0.9469,0.250,,,,,,,
6,Left,23,0.0000,0.0000,0.0307,0.1867,-0.0344,0.0545,0.9803,0.250,,,,,,,
6,Left,24,0.0000,0.0000,0.0203,0.0724,0.0490,-0.0010,0.9962,0.250,,,,,,,
6,Left,25,0.0002,0.0012,0.0219,0.0000,0.0000,0.0000,1.0000,0.250,,,,,,,
6,Right,0,-0.0017,-0.0057,0.0656,0.0000,0.0000,0.0000,1.0000,0.250,,,,,,,
6,Right,1,0.0000,0.0000,0.0000,0.0000,0.0000,0.0000,1.0000,0.250,0.2825,0.2603,0.0632,0.3464,0.4585,-0.5788,0.5786
6,Right,2,-0.0262,-0.0211,0.0368,0.0999,-0.4247,0.6594,0.6123,0.250,,,,,,,
6,Right,3,0.0000,0.0000,0.0325,0.1697,0.0550,-0.0824,0.9805,0.250,,,,,,,
6,Right,4,0.0000,0.0000,0.0338,-0.1039,-0.0685,0.0842,0.9886,0.250,,,,,,,
6,Right,5,0.0007,0.0010,0.0246,0.0000,0.0000,0.0000,1.0000,0.250,,,,,,,
6,Right,6,-0.0178,-0.0120,0.0376,0.0000,0.0000,0.0000,1.0000,0.250,,,,,,,
6,Right,7,-0.0058,0.0047,0.0584,0.3384,0.0491,0.0263,0.9394,0.250,,,,,,,
6,Right,8,0.0000,0.0000,0.0379,0.2373,0.0009,-0.0263,0.9711,0.250,,,,,,,
6,Right,9,0.0000,0.0000,0.0243,0.0742,0.0247,-0.0168,0.9968,0.250,,,,,,,
6,Right,10,0.0003,0.0010,0.0224,0.0000,0.0000,0.0000,1.0000,0.250,,,,,,,
6,Right,11,-0.0016,-0.0089,0.0355,0.0000,0.0000,0.0000,1.0000,0.250,,,,,,,
6,Right,12,-0.0001,0.0064,0.0602,0.3717,0.0826,-0.0365,0.9240,0.250,,,,,,,
6,Right,13,0.0000,0.0000,0.0429,0.2132,0.0019,-0.0124,0.9769,0.250,,,,,,,
6,Right,14,0.0000,0.0000,0.0275,0.0547,-0.0018,-0.0489,0.9973,0.250,,,,,,,
6,Right,15,0.0003,0.0011,0.0250,0.0000,0.0000,0.0000,1.0000,0.250,,,,,,,
6,Right,16,0.0150,-0.0060,0.0348,0.0000,0.0000,0.0000,1.0000,0.250,,,,,,,
6,Right,17,0.0025,-0.0005,0.0539,0.3539,0.1066,-0.0879,0.9250,0.250,,,,,,,
6,Right,18,0.0000,0.0000,0.0390,0.1823,-0.0032,-0.0375,0.9825,0.250,,,,,,,
6,Right,19,0.0000,0.0000,0.0266,0.0995,-0.0296,-0.0093,0.9946,0.250,,,,,,,
6,Right,20,0.0003,0.0016,0.0243,0.0000,0.0000,0.0000,1.0000,0.250,,,,,,,
6,Right,21,0.0230,-0.0094,0.0341,0.0183,0.1403,-0.2070,0.9680,0.250,,,,,,,
6,Right,22,0.0000,0.0000,0.0457,0.2628,0.0393,0.0726,0.9613,0.250,,,,,,,
6,Right,23,0.0000,0.0000,0.0307,0.1935,0.0341,-0.0550,0.9790,0.250,,,,,,,
6,Right,24,0.0000,0.0000,0.0203,0.0668,-0.0490,0.0010,0.9966,0.250,,,,,,,
6,Right,25,-0.0002,0.0012,0.0219,0.0000,0.0000,0.0000,1.0000,0.250,,,,,,,
7,Left,0,0.0029,-0.0048,0.0647,0.0000,0.0000,0.0000,1.0000,0.292,,,,,,,
7,Left,1,0.0000,0.0000,0.0000,0.0000,0.0000,0.0000,1.0000,0.292,-0.1344,0.2085,-0.0512,-0.5833,0.6407,-0.4963,-0.0543
7,Left,2,0.0313,-0.0139,0.0334,-0.1806,0.2965,-0.5063,0.7894,0.292,,,,,,,
7,Left,3,0.0000,0.0000,0.0325,0.0399,-0.0668,0.0832,0.9935,0.292,,,,,,,
7,Left,4,0.0000,0.0000,0.0338,-0.1507,0.0720,-0.0848,0.9823,0.292,,,,,,,
7,Left,5,-0.0007,0.0010,0.0246,0.0000,0.0000,0.0000,1.0000,0.292,,,,,,,
7,Left,6,0.0204,-0.0084,0.0359,0.0000,0.0000,0.0000,1.0000,0.292,,,,,,,
7,Left,7,0.0032,0.0011,0.0601,0.2439,-0.1106,-0.0154,0.9634,0.292,,,,,,,
7,Left,8,0.0000,0.0000,0.0379,0.1383,-0.0036,0.0263,0.9900,0.292,,,,,,,
7,Left,9,0.0000,0.0000,0.0243,0.0313,-0.0255,0.0166,0.9990,0.292,,,,,,,
7,Left,10,-0.0003,0.0010,0.0224,0.0000,0.0000,0.0000,1.0000,0.292,,,,,,,
7,Left,11,0.0042,-0.0071,0.0337,0.0000,0.0000,0.0000,1.0000,0.292,,,,,,,
7,Left,12,-0.0024,0.0046,0.0619,0.3624,-0.1056,0.0435,0.9250,0.292,,,,,,,
7,Left,13,0.0000,0.0000,0.0429,0.1039,-0.0032,0.0118,0.9945,0.292,,,,,,,
7,Left,14,0.0000,0.0000,0.0275,-0.0098,-0.0010,0.0427,0.9990,0.292,,,,,,,
7,Left,15,-0.0003,0.0011,0.0250,0.0000,0.0000,0.0000,1.0000,0.292,,,,,,,
7,Left,16,-0.0150,-0.0060,0.0348,0.0000,0.0000,0.0000,1.0000,0.292,,,,,,,
7,Left,17,-0.0025,-0.0005,0.0539,0.3688,-0.0925,0.0853,0.9210,0.292,,,,,,,
7,Left,18,0.0000,0.0000,0.0390,0.0961,0.0003,0.0358,0.9947,0.292,,,,,,,
7,Left,19,0.0000,0.0000,0.0266,0.0559,0.0295,0.0073,0.9980,0.292,,,,,,,
7,Left,20,-0.0003,0.0016,0.0243,0.0000,0.0000,0.0000,1.0000,0.292,,,,,,,
7,Left,21,-0.0230,-0.0094,0.0341,0.0183,-0.1403,0.2070,0.9680,0.292,,,,,,,
7,Left,22,0.0000,0.0000,0.0457,0.2921,0.0196,-0.0877,0.9521,0.292,,,,,,,
7,Left,23,0.0000,0.0000,0.0307,0.1542,-0.0359,0.0519,0.9860,0.292,,,,,,,
7,Left,24,0.0000,0.0000,0.0203,0.0536,0.0491,-0.0009,0.9974,0.292,,,,,,,
7,Left,25,0.0002,0.0012,0.0219,0.0000,0.0000,0.0000,1.0000,0.292,,,,,,,
7,Right,0,-0.0016,-0.0057,0.0656,0.0000,0.0000,0.0000,1.0000,0.292,,,,,,,
7,Right,1,0.0000,0.0000,0.0000,0.0000,0.0000,0.0000,1.0000,0.292,0.2861,0.2594,0.0604,0.3474,0.4553,-0.5790,0.5804
7,Right,2,-0.0261,-0.0212,0.0369,0.1015,-0.4247,0.6601,0.6113,0.292,,,,,,,
7,Right,3,0.0000,0.0000,0.0325,0.1696,0.0551,-0.0824,0.9805,0.292,,,,,,,
7,Right,4,0.0000,0.0000,0.0338,-0.1052,-0.0686,0.0843,0.9885,0.292,,,,,,,
7,Right,5,0.0007,0.0010,0.0246,0.0000,0.0000,0.0000,1.0000,0.292,,,,,,,
7,Right,6,-0.0178,-0.0120,0.0376,0.0000,0.0000,0.0000,1.0000,0.292,,,,,,,
7,Right,7,-0.0058,0.0047,0.0584,0.3476,0.0499,0.0259,0.9360,0.292,,,,,,,
7,Right,8,0.0000,0.0000,0.0379,0.2370,0.0009,-0.0263,0.9711,0.292,,,,,,,
7,Right,9,0.0000,0.0000,0.0243,0.0741,0.0247,-0.0168,0.9968,0.292,,,,,,,
7,Right,10,0.0003,0.0010,0.0224,0.0000,0.0000,0.0000,1.0000,0.292,,,,,,,
7,Right,11,-0.0016,-0.0089,0.0355,0.0000,0.0000,0.0000,1.0000,0.292,,,,,,,
7,Right,12,-0.0002,0.0064,0.0602,0.3843,0.0824,-0.0377,0.9187,0.292,,,,,,,
7,Right,13,0.0000,0.0000,0.0429,0.2125,0.0019,-0.0124,0.9771,0.292,,,,,,,
7,Right,14,0.0000,0.0000,0.0275,0.0545,-0.0018,-0.0489,0.9973,0.292,,,,,,,
7,Right,15,0.0003,0.0011,0.0250,0.0000,0.0000,0.0000,1.0000,0.292,,,,,,,
7,Right,16,0.0150,-0.0060,0.0348,0.0000,0.0000,0.0000,1.0000,0.292,,,,,,,
7,Right,17,0.0025,-0.0005,0.0539,0.3644,0.1065,-0.0894,0.9208,0.292,,,,,,,
7,Right,18,0.0000,0.0000,0.0390,0.1810,-0.0031,-0.0375,0.9828,0.292,,,,,,,
7,Right,19,0.0000,0.0000,0.0266,0.0989,-0.0296,-0.0093,0.9946,0.292,,,,,,,
7,Right,20,0.0003,0.0016,0.0243,0.0000,0.0000,0.0000,1.0000,0.292,,,,,,,
7,Right,21,0.0230,-0.0094,0.0341,0.0183,0.1403,-0.2070,0.9680,0.292,,,,,,,
7,Right,22,0.0000,0.0000,0.0457,0.2669,0.0396,0.0722,0.9602,0.292,,,,,,,
7,Right,23,0.0000,0.0000,0.0307,0.1917,0.0342,-0.0549,0.9793,0.292,,,,,,,
7,Right,24,0.0000,0.0000,0.0203,0.0653,-0.0490,0.0010,0.9967,0.292,,,,,,,
7,Right,25,-0.0002,0.0012,0.0219,0.0000,0.0000,0.0000,1.0000,0.292,,,,,,,
8,Left,0,0.0029,-0.0048,0.0647,0.0000,0.0000,0.0000,1.0000,0.333,,,,,,,
8,Left,1,0.0000,0.0000,0.0000,0.0000,0.0000,0.0000,1.0000,0.333,-0.1281,0.2087,-0.0505,-0.5937,0.6289,-0.5001,-0.0438
8,Left,2,0.0313,-0.0139,0.0334,-0.1802,0.2964,-0.5068,0.7892,0.333,,,,,,,
8,Left,3,0.0000,0.0000,0.0325,0.0279,-0.0679,0.0832,0.9938,0.333,,,,,,,
8,Left,4,0.0000,0.0000,0.0338,-0.1529,0.0722,-0.0848,0.9819,0.333,,,,,,,
8,Left,5,-0.0007,0.0010,0.0246,0.0000,0.0000,0.0000,1.0000,0.333,,,,,,,
8,Left,6,0.0204,-0.0084,0.0359,0.0000,0.0000,0.0000,1.0000,0.333,,,,,,,
8,Left,7,0.0032,0.0011,0.0601,0.2444,-0.1138,-0.0147,0.9629,0.333,,,,,,,
8,Left,8,0.0000,0.0000,0.0379,0.1378,-0.0036,0.0263,0.9901,0.333,,,,,,,
8,Left,9,0.0000,0.0000,0.0243,0.0314,-0.0255,0.0166,0.9990,0.333,,,,,,,
8,Left,10,-0.0003,0.0010,0.0224,0.0000,0.0000,0.0000,1.0000,0.333,,,,,,,
8,Left,11,0.0042,-0.0071,0.0337,0.0000,0.0000,0.0000,1.0000,0.333,,,,,,,
8,Left,12,-0.0024,0.0046,0.0619,0.3603,-0.1060,0.0433,0.9258,0.333,,,,,,,
8,Left,13,0.0000,0.0000,0.0429,0.1025,-0.0032,0.0118,0.9947,0.333,,,,,,,
8,Left,14,0.0000,0.0000,0.0275,-0.0102,-0.0010,0.0426,0.9990,0.333,,,,,,,
8,Left,15,-0.0003,0.0011,0.0250,0.0000,0.0000,0.0000,1.0000,0.333,,,,,,,
8,Left,16,-0.0150,-0.0060,0.0348,0.0000,0.0000,0.0000,1.0000,0.333,,,,,,,
8,Left,17,-0.0025,-0.0005,0.0539,0.3587,-0.0934,0.0843,0.9249,0.333,,,,,,,
8,Left,18,0.0000,0.0000,0.0390,0.0949,0.0002,0.0357,0.9948,0.333,,,,,,,
8,Left,19,0.0000,0.0000,0.0266,0.0545,0.0295,0.0072,0.9981,0.333,,,,,,,
8,Left,20,-0.0003,0.0016,0.0243,0.0000,0.0000,0.0000,1.0000,0.333,,,,,,,
8,Left,21,-0.0230,-0.0094,0.0341,0.0183,-0.1403,0.2070,0.9680,0.333,,,,,,,
8,Left,22,0.0000,0.0000,0.0457,0.2835,0.0204,-0.0879,0.9547,0.333,,,,,,,
8,Left,23,0.0000,0.0000,0.0307,0.1531,-0.0360,0.0518,0.9862,0.333,,,,,,,
8,Left,24,0.0000,0.0000,0.0203,0.0486,0.0491,-0.0009,0.9976,0.333,,,,,,,
8,Left,25,0.0002,0.0012,0.0219,0.0000,0.0000,0.0000,1.0000,0.333,,,,,,,
8,Right,0,-0.0016,-0.0057,0.0656,0.0000,0.0000,0.0000,1.0000,0.333,,,,,,,
8,Right,1,0.0000,0.0000,0.0000,0.0000,0.0000,0.0000,1.0000,0.333,0.2912,0.2576,0.0561,0.3533,0.4465,-0.5755,0.5871
8,Right,2,-0.0261,-0.0212,0.0369,0.1026,-0.4244,0.6607,0.6107,0.333,,,,,,,
8,Right,3,0.0000,0.0000,0.0325,0.1695,0.0551,-0.0824,0.9805,0.333,,,,,,,
8,Right,4,0.0000,0.0000,0.0338,-0.1060,-0.0687,0.0843,0.9884,0.333,,,,,,,
8,Right,5,0.0007,0.0010,0.0246,0.0000,0.0000,0.0000,1.0000,0.333,,,,,,,
8,Right,6,-0.0177,-0.0121,0.0376,0.0000,0.0000,0.0000,1.0000,0.333,,,,,,,
8,Right,7,-0.0058,0.0047,0.0584,0.3525,0.0503,0.0256,0.9341,0.333,,,,,,,
8,Right,8,0.0000,0.0000,0.0379,0.2364,0.0009,-0.0263,0.9713,0.333,,,,,,,
8,Right,9,0.0000,0.0000,0.0243,0.0736,0.0248,-0.0168,0.9968,0.333,,,,,,,
8,Right,10,0.0003,0.0010,0.0224,0.0000,0.0000,0.0000,1.0000,0.333,,,,,,,
8,Right,11,-0.0015,-0.0089,0.0355,0.0000,0.0000,0.0000,1.0000,0.333,,,,,,,
8,Right,12,-0.0002,0.0064,0.0602,0.3872,0.0823,-0.0379,0.9175,0.333,,,,,,,
8,Right,13,0.0000,0.0000,0.0429,0.2110,0.0019,-0.0123,0.9774,0.333,,,,,,,
8,Right,14,0.0000,0.0000,0.0275,0.0539,-0.0018,-0.0488,0.9973,0.333,,,,,,,
8,Right,15,0.0003,0.0011,0.0250,0.0000,0.0000,0.0000,1.0000,0.333,,,,,,,
8,Right,16,0.0150,-0.0060,0.0348,0.0000,0.0000,0.0000,1.0000,0.333,,,,,,,
8,Right,17,0.0025,-0.0005,0.0539,0.3670,0.1064,-0.0897,0.9197,0.333,,,,,,,
8,Right,18,0.0000,0.0000,0.0390,0.1771,-0.0030,-0.0374,0.9835,0.333,,,,,,,
8,Right,19,0.0000,0.0000,0.0266,0.0980,-0.0296,-0.0092,0.9947,0.333,,,,,,,
8,Right,20,0.0003,0.0016,0.0243,0.0000,0.0000,0.0000,1.0000,0.333,,,,,,,
8,Right,21,0.0230,-0.0094,0.0341,0.0183,0.1403,-0.2070,0.9680,0.333,,,,,,,
8,Right,22,0.0000,0.0000,0.0457,0.2684,0.0397,0.0721,0.9598,0.333,,,,,,,
8,Right,23,0.0000,0.0000,0.0307,0.1903,0.0342,-0.0548,0.9796,0.333,,,,,,,
8,Right,24,0.0000,0.0000,0.0203,0.0642,-0.0490,0.0009,0.9967,0.333,,,,,,,
8,Right,25,-0.0002,0.0012,0.0219,0.0000,0.0000,0.0000,1.0000,0.333,,,,,,,
9,Left,0,0.0029,-0.0048,0.0647,0.0000,0.0000,0.0000,1.0000,0.375,,,,,,,
9,Left,1,0.0000,0.0000,0.0000,0.0000,0.0000,0.0000,1.0000,0.375,-0.1208,0.2091,-0.0481,-0.5994,0.6191,-0.5067,-0.0271
9,Left,2,0.0313,-0.0139,0.0334,-0.1793,0.2969,-0.5077,0.7887,0.375,,,,,,,
9,Left,3,0.0000,0.0000,0.0325,0.0144,-0.0690,0.0832,0.9940,0.375,,,,,,,
9,Left,4,0.0000,0.0000,0.0338,-0.1569,0.0725,-0.0849,0.9813,0.375,,,,,,,
9,Left,5,-0.0007,0.0010,0.0246,0.0000,0.0000,0.0000,1.0000,0.375,,,,,,,
9,Left,6,0.0204,-0.0084,0.0359,0.0000,0.0000,0.0000,1.0000,0.375,,,,,,,
9,Left,7,0.0032,0.0011,0.0601,0.2441,-0.1162,-0.0142,0.9627,0.375,,,,,,,
9,Left,8,0.0000,0.0000,0.0379,0.1377,-0.0036,0.0263,0.9901,0.375,,,,,,,
9,Left,9,0.0000,0.0000,0.0243,0.0313,-0.0255,0.0166,0.9990,0.375,,,,,,,
9,Left,10,-0.0003,0.0010,0.0224,0.0000,0.0000,0.0000,1.0000,0.375,,,,,,,
9,Left,11,0.0042,-0.0071,0.0338,0.0000,0.0000,0.0000,1.0000,0.375,,,,,,,
9,Left,12,-0.0024,0.0046,0.0619,0.3580,-0.1064,0.0432,0.9266,0.375,,,,,,,
9,Left,13,0.0000,0.0000,0.0429,0.1024,-0.0032,0.0118,0.9947,0.375,,,,,,,
9,Left,14,0.0000,0.0000,0.0275,-0.0102,-0.0010,0.0426,0.9990,0.375,,,,,,,
9,Left,15,-0.0003,0.0011,0.0250,0.0000,0.0000,0.0000,1.0000,0.375,,,,,,,
9,Left,16,-0.0150,-0.0060,0.0348,0.0000,0.0000,0.0000,1.0000,0.375,,,,,,,
9,Left,17,-0.0025,-0.0005,0.0539,0.3574,-0.0928,0.0839,0.9255,0.375,,,,,,,
9,Left,18,0.0000,0.0000,0.0390,0.0946,0.0002,0.0357,0.9949,0.375,,,,,,,
9,Left,19,0.0000,0.0000,0.0266,0.0538,0.0295,0.0072,0.9981,0.375,,,,,,,
9,Left,20,-0.0003,0.0016,0.0243,0.0000,0.0000,0.0000,1.0000,0.375,,,,,,,
9,Left,21,-0.0230,-0.0094,0.0341,0.0183,-0.1403,0.2070,0.9680,0.375,,,,,,,
9,Left,22,0.0000,0.0000,0.0457,0.2823,0.0204,-0.0879,0.9551,0.375,,,,,,,
9,Left,23,0.0000,0.0000,0.0307,0.1533,-0.0360,0.0518,0.9862,0.375,,,,,,,
9,Left,24,0.0000,0.0000,0.0203,0.0475,0.0491,-0.0009,0.9977,0.375,,,,,,,
9,Left,25,0.0002,0.0012,0.0219,0.0000,0.0000,0.0000,1.0000,0.375,,,,,,,
9,Right,0,-0.0016,-0.0057,0.0656,0.0000,0.0000,0.0000,1.0000,0.375,,,,,,,
9,Right,1,0.0000,0.0000,0.0000,0.0000,0.0000,0.0000,1.0000,0.375,0.2951,0.2562,0.0533,0.3630,0.4397,-0.5689,0.5927
9,Right,2,-0.0260,-0.0212,0.0369,0.1030,-0.4243,0.6608,0.6104,0.375,,,,,,,
9,Right,3,0.0000,0.0000,0.0325,0.1692,0.0551,-0.0824,0.9806,0.375,,,,,,,
9,Right,4,0.0000,0.0000,0.0338,-0.1063,-0.0687,0.0843,0.9884,0.375,,,,,,,
9,Right,5,0.0007,0.0010,0.0246,0.0000,0.0000,0.0000,1.0000,0.375,,,,,,,
9,Right,6,-0.0177,-0.0121,0.0376,0.0000,0.0000,0.0000,1.0000,0.375,,,,,,,
9,Right,7,-0.0058,0.0048,0.0584,0.3537,0.0506,0.0255,0.9336,0.375,,,,,,,
9,Right,8,0.0000,0.0000,0.0379,0.2355,0.0009,-0.0263,0.9715,0.375,,,,,,,
9,Right,9,0.0000,0.0000,0.0243,0.0731,0.0248,-0.0168,0.9969,0.375,,,,,,,
9,Right,10,0.0003,0.0010,0.0224,0.0000,0.0000,0.0000,1.0000,0.375,,,,,,,
9,Right,11,-0.0015,-0.0089,0.0355,0.0000,0.0000,0.0000,1.0000,0.375,,,,,,,
9,Right,12,-0.0002,0.0064,0.0602,0.3896,0.0827,-0.0383,0.9164,0.375,,,,,,,
9,Right,13,0.0000,0.0000,0.0429,0.2086,0.0019,-0.0123,0.9779,0.375,,,,,,,
9,Right,14,0.0000,0.0000,0.0275,0.0533,-0.0018,-0.0488,0.9974,0.375,,,,,,,
9,Right,15,0.0003,0.0011,0.0250,0.0000,0.0000,0.0000,1.0000,0.375,,,,,,,
9,Right,16,0.0150,-0.0060,0.0348,0.0000,0.0000,0.0000,1.0000,0.375,,,,,,,
9,Right,17,0.0025,-0.0005,0.0539,0.3719,0.1062,-0.0903,0.9177,0.375,,,,,,,
9,Right,18,0.0000,0.0000,0.0390,0.1756,-0.0030,-0.0374,0.9837,0.375,,,,,,,
9,Right,19,0.0000,0.0000,0.0266,0.0973,-0.0296,-0.0092,0.9948,0.375,,,,,,,
9,Right,20,0.0003,0.0016,0.0243,0.0000,0.0000,0.0000,1.0000,0.375,,,,,,,
9,Right,21,0.0230,-0.0094,0.0341,0.0183,0.1403,-0.2070,0.9680,0.375,,,,,,,
9,Right,22,0.0000,0.0000,0.0457,0.2720,0.0399,0.0718,0.9588,0.375,,,,,,,
9,Right,23,0.0000,0.0000,0.0307,0.1893,0.0343,-0.0547,0.9798,0.375,,,,,,,
9,Right,24,0.0000,0.0000,0.0203,0.0637,-0.0490,0.0009,0.9968,0.375,,,,,,,
9,Right,25,-0.0002,0.0012,0.0219,0.0000,0.0000,0.0000,1.0000,0.375,,,,,,,
10,Left,0,0.0029,-0.0048,0.0647,0.0000,0.0000,0.0000,1.0000,0.417,,,,,,,
10,Left,1,0.0000,0.0000,0.0000,0.0000,0.0000,0.0000,1.0000,0.417,-0.1134,0.2094,-0.0435,-0.6025,0.6160,-0.5068,-0.0274
10,Left,2,0.0313,-0.0140,0.0335,-0.1785,0.2965,-0.5087,0.7883,0.417,,,,,,,
10,Left,3,0.0000,0.0000,0.0325,0.0086,-0.0695,0.0832,0.9941,0.417,,,,,,,
10,Left,4,0.0000,0.0000,0.0338,-0.1589,0.0726,-0.0849,0.9809,0.417,,,,,,,
10,Left,5,-0.0007,0.0010,0.0246,0.0000,0.0000,0.0000,1.0000,0.417,,,,,,,
10,Left,6,0.0204,-0.0085,0.0359,0.0000,0.0000,0.0000,1.0000,0.417,,,,,,,
10,Left,7,0.0032,0.0011,0.0601,0.2448,-0.1206,-0.0132,0.9620,0.417,,,,,,,
10,Left,8,0.0000,0.0000,0.0379,0.1485,-0.0033,0.0263,0.9886,0.417,,,,,,,
10,Left,9,0.0000,0.0000,0.0243,0.0319,-0.0255,0.0166,0.9990,0.417,,,,,,,
10,Left,10,-0.0003,0.0010,0.0224,0.0000,0.0000,0.0000,1.0000,0.417,,,,,,,
10,Left,11,0.0041,-0.0071,0.0338,0.0000,0.0000,0.0000,1.0000,0.417,,,,,,,
10,Left,12,-0.0024,0.0046,0.0619,0.3619,-0.1069,0.0438,0.9250,0.417,,,,,,,
10,Left,13,0.0000,0.0000,0.0429,0.1178,-0.0030,0.0119,0.9930,0.417,,,,,,,
10,Left,14,0.0000,0.0000,0.0275,-0.0091,-0.0009,0.0427,0.9990,0.417,,,,,,,
10,Left,15,-0.0003,0.0011,0.0250,0.0000,0.0000,0.0000,1.0000,0.417,,,,,,,
10,Left,16,-0.0150,-0.0060,0.0348,0.0000,0.0000,0.0000,1.0000,0.417,,,,,,,
10,Left,17,-0.0025,-0.0005,0.0539,0.3580,-0.0933,0.0842,0.9252,0.417,,,,,,,
10,Left,18,0.0000,0.0000,0.0390,0.1026,0.0005,0.0359,0.9941,0.417,,,,,,,
10,Left,19,0.0000,0.0000,0.0266,0.0544,0.0295,0.0072,0.9981,0.417,,,,,,,
10,Left,20,-0.0003,0.0016,0.0243,0.0000,0.0000,0.0000,1.0000,0.417,,,,,,,
10,Left,21,-0.0230,-0.0094,0.0341,0.0183,-0.1403,0.2070,0.9680,0.417,,,,,,,
10,Left,22,0.0000,0.0000,0.0457,0.2829,0.0173,-0.0871,0.9550,0.417,,,,,,,
10,Left,23,0.0000,0.0000,0.0307,0.1603,-0.0356,0.0524,0.9850,0.417,,,,,,,
10,Left,24,0.0000,0.0000,0.0203,0.0475,0.0491,-0.0009,0.9977,0.417,,,,,,,
10,Left,25,0.0002,0.0012,0.0219,0.0000,0.0000,0.0000,1.0000,0.417,,,,,,,
10,Right,0,-0.0016,-0.0057,0.0656,0.0000,0.0000,0.0000,1.0000,0.417,,,,,,,
10,Right,1,0.0000,0.0000,0.0000,0.0000,0.0000,0.0000,1.0000,0.417,0.2979,0.2548,0.0505,0.3704,0.4340,-0.5616,0.5992
10,Right,2,-0.0260,-0.0212,0.0369,0.1034,-0.4248,0.6608,0.6101,0.417,,,,,,,
10,Right,3,0.0000,0.0000,0.0325,0.1695,0.0551,-0.0824,0.9805,0.417,,,,,,,
10,Right,4,0.0000,0.0000,0.0338,-0.1045,-0.0686,0.0843,0.9886,0.417,,,,,,,
10,Right,5,0.0007,0.0010,0.0246,0.0000,0.0000,0.0000,1.0000,0.417,,,,,,,
10,Right,6,-0.0177,-0.0121,0.0376,0.0000,0.0000,0.0000,1.0000,0.417,,,,,,,
10,Right,7,-0.0058,0.0047,0.0584,0.3546,0.0515,0.0252,0.9333,0.417,,,,,,,
10,Right,8,0.0000,0.0000,0.0379,0.2343,0.0009,-0.0263,0.9718,0.417,,,,,,,
10,Right,9,0.0000,0.0000,0.0243,0.0726,0.0248,-0.0168,0.9969,0.417,,,,,,,
10,Right,10,0.0003,0.0010,0.0224,0.0000,0.0000,0.0000,1.0000,0.417,,,,,,,
10,Right,11,-0.0015,-0.0089,0.0355,0.0000,0.0000,0.0000,1.0000,0.417,,,,,,,
10,Right,12,-0.0002,0.0064,0.0602,0.3923,0.0834,-0.0388,0.9152,0.417,,,,,,,
10,Right,13,0.0000,0.0000,0.0429,0.2038,0.0020,-0.0123,0.9789,0.417,,,,,,,
10,Right,14,0.0000,0.0000,0.0275,0.0525,-0.0017,-0.0487,0.9974,0.417,,,,,,,
10,Right,15,0.0003,0.0011,0.0250,0.0000,0.0000,0.0000,1.0000,0.417,,,,,,,
10,Right,16,0.0150,-0.0060,0.0348,0.0000,0.0000,0.0000,1.0000,0.417,,,,,,,
10,Right,17,0.0025,-0.0005,0.0539,0.3774,0.1060,-0.0910,0.9155,0.417,,,,,,,
10,Right,18,0.0000,0.0000,0.0390,0.1700,-0.0028,-0.0373,0.9847,0.417,,,,,,,
10,Right,19,0.0000,0.0000,0.0266,0.0966,-0.0296,-0.0092,0.9948,0.417,,,,,,,
10,Right,20,0.0003,0.0016,0.0243,0.0000,0.0000,0.0000,1.0000,0.417,,,,,,,
10,Right,21,0.0230,-0.0094,0.0341,0.0183,0.1403,-0.2070,0.9680,0.417,,,,,,,
10,Right,22,0.0000,0.0000,0.0457,0.2804,0.0404,0.0711,0.9564,0.417,,,,,,,
10,Right,23,0.0000,0.0000,0.0307,0.1883,0.0343,-0.0546,0.9800,0.417,,,,,,,
10,Right,24,0.0000,0.0000,0.0203,0.0636,-0.0490,0.0009,0.9968,0.417,,,,,,,
10,Right,25,-0.0002,0.0012,0.0219,0.0000,0.0000,0.0000,1.0000,0.417,,,,,,,
11,Left,0,0.0029,-0.0048,0.0647,0.0000,0.0000,0.0000,1.0000,0.458,,,,,,,
11,Left,1,0.0000,0.0000,0.0000,0.0000,0.0000,0.0000,1.0000,0.458,-0.1066,0.2092,-0.0391,-0.5970,0.6275,-0.4997,-0.0091
11,Left,2,0.0313,-0.0140,0.0335,-0.1792,0.2941,-0.5089,0.7889,0.458,,,,,,,
11,Left,3,0.0000,0.0000,0.0325,-0.0018,-0.0704,0.0832,0.9940,0.458,,,,,,,
11,Left,4,0.0000,0.0000,0.0338,-0.1595,0.0727,-0.0849,0.9808,0.458,,,,,,,
11,Left,5,-0.0007,0.0010,0.0246,0.0000,0.0000,0.0000,1.0000,0.458,,,,,,,
11,Left,6,0.0203,-0.0085,0.0359,0.0000,0.0000,0.0000,1.0000,0.458,,,,,,,
11,Left,7,0.0032,0.0012,0.0601,0.2467,-0.1232,-0.0125,0.9611,0.458,,,,,,,
11,Left,8,0.0000,0.0000,0.0379,0.1679,-0.0028,0.0263,0.9854,0.458,,,,,,,
11,Left,9,0.0000,0.0000,0.0243,0.0333,-0.0255,0.0166,0.9990,0.458,,,,,,,
11,Left,10,-0.0003,0.0010,0.0224,0.0000,0.0000,0.0000,1.0000,0.458,,,,,,,
11,Left,11,0.0041,-0.0071,0.0338,0.0000,0.0000,0.0000,1.0000,0.458,,,,,,,
11,Left,12,-0.0024,0.0046,0.0619,0.3822,-0.1069,0.0464,0.9167,0.458,,,,,,,
11,Left,13,0.0000,0.0000,0.0429,0.1362,-0.0028,0.0120,0.9906,0.458,,,,,,,
11,Left,14,0.0000,0.0000,0.0275,-0.0060,-0.0008,0.0430,0.9991,0.458,,,,,,,
11,Left,15,-0.0003,0.0011,0.0250,0.0000,0.0000,0.0000,1.0000,0.458,,,,,,,
11,Left,16,-0.0150,-0.0060,0.0348,0.0000,0.0000,0.0000,1.0000,0.458,,,,,,,
11,Left,17,-0.0025,-0.0005,0.0539,0.3744,-0.0929,0.0861,0.9186,0.458,,,,,,,
11,Left,18,0.0000,0.0000,0.0390,0.1081,0.0007,0.0360,0.9935,0.458,,,,,,,
11,Left,19,0.0000,0.0000,0.0266,0.0553,0.0295,0.0072,0.9980,0.458,,,,,,,
11,Left,20,-0.0003,0.0016,0.0243,0.0000,0.0000,0.0000,1.0000,0.458,,,,,,,
11,Left,21,-0.0230,-0.0094,0.0341,0.0183,-0.1403,0.2070,0.9680,0.458,,,,,,,
11,Left,22,0.0000,0.0000,0.0457,0.3016,0.0124,-0.0857,0.9495,0.458,,,,,,,
11,Left,23,0.0000,0.0000,0.0307,0.1705,-0.0352,0.0532,0.9833,0.458,,,,,,,
11,Left,24,0.0000,0.0000,0.0203,0.0482,0.0491,-0.0009,0.9976,0.458,,,,,,,
11,Left,25,0.0002,0.0012,0.0219,0.0000,0.0000,0.0000,1.0000,0.458,,,,,,,
11,Right,0,-0.0016,-0.0057,0.0656,0.0000,0.0000,0.0000,1.0000,0.458,,,,,,,
11,Right,1,0.0000,0.0000,0.0000,0.0000,0.0000,0.0000,1.0000,0.458,0.3023,0.2530,0.0463,0.3813,0.4294,-0.5502,0.6062
11,Right,2,-0.0261,-0.0212,0.0369,0.1033,-0.4261,0.6601,0.6100,0.458,,,,,,,
11,Right,3,0.0000,0.0000,0.0325,0.1815,0.0539,-0.0822,0.9785,0.458,,,,,,,
11,Right,4,0.0000,0.0000,0.0338,-0.0884,-0.0674,0.0840,0.9902,0.458,,,,,,,
11,Right,5,0.0007,0.0010,0.0246,0.0000,0.0000,0.0000,1.0000,0.458,,,,,,,
11,Right,6,-0.0178,-0.0120,0.0376,0.0000,0.0000,0.0000,1.0000,0.458,,,,,,,
11,Right,7,-0.0058,0.0047,0.0584,0.3550,0.0528,0.0248,0.9330,0.458,,,,,,,
11,Right,8,0.0000,0.0000,0.0379,0.2336,0.0010,-0.0263,0.9720,0.458,,,,,,,
11,Right,9,0.0000,0.0000,0.0243,0.0723,0.0248,-0.0168,0.9969,0.458,,,,,,,
11,Right,10,0.0003,0.0010,0.0224,0.0000,0.0000,0.0000,1.0000,0.458,,,,,,,
11,Right,11,-0.0015,-0.0089,0.0355,0.0000,0.0000,0.0000,1.0000,0.458,,,,,,,
11,Right,12,-0.0002,0.0064,0.0602,0.3938,0.0846,-0.0395,0.9144,0.458,,,,,,,
11,Right,13,0.0000,0.0000,0.0429,0.2001,0.0020,-0.0123,0.9797,0.458,,,,,,,
11,Right,14,0.0000,0.0000,0.0275,0.0515,-0.0017,-0.0486,0.9975,0.458,,,,,,,
11,Right,15,0.0003,0.0011,0.0250,0.0000,0.0000,0.0000,1.0000,0.458,,,,,,,
11,Right,16,0.0150,-0.0060,0.0348,0.0000,0.0000,0.0000,1.0000,0.458,,,,,,,
11,Right,17,0.0025,-0.0005,0.0539,0.3800,0.1061,-0.0915,0.9143,0.458,,,,,,,
11,Right,18,0.0000,0.0000,0.0390,0.1666,-0.0026,-0.0372,0.9853,0.458,,,,,,,
11,Right,19,0.0000,0.0000,0.0266,0.0957,-0.0296,-0.0091,0.9949,0.458,,,,,,,
11,Right,20,0.0003,0.0016,0.0243,0.0000,0.0000,0.0000,1.0000,0.458,,,,,,,
11,Right,21,0.0230,-0.0094,0.0341,0.0183,0.1403,-0.2070,0.9680,0.458,,,,,,,
11,Right,22,0.0000,0.0000,0.0457,0.2841,0.0401,0.0710,0.9553,0.458,,,,,,,
11,Right,23,0.0000,0.0000,0.0307,0.1877,0.0344,-0.0546,0.9801,0.458,,,,,,,
11,Right,24,0.0000,0.0000,0.0203,0.0636,-0.0490,0.0009,0.9968,0.458,,,,,,,
11,Right,25,-0.0002,0.0012,0.0219,0.0000,0.0000,0.0000,1.0000,0.458,,,,,,,
12,Left,0,0.0029,-0.0048,0.0647,0.0000,0.0000,0.0000,1.0000,0.500,,,,,,,
12,Left,1,0.0000,0.0000,0.0000,0.0000,0.0000,0.0000,1.0000,0.500,-0.1061,0.2083,-0.0392,-0.5894,0.6382,-0.4942,0.0315
12,Left,2,0.0313,-0.0140,0.0335,-0.1872,0.2817,-0.5046,0.7944,0.500,,,,,,,
12,Left,3,0.0000,0.0000,0.0325,-0.0127,-0.0713,0.0832,0.9939,0.500,,,,,,,
12,Left,4,0.0000,0.0000,0.0338,-0.1636,0.0730,-0.0850,0.9802,0.500,,,,,,,
12,Left,5,-0.0007,0.0010,0.0246,0.0000,0.0000,0.0000,1.0000,0.500,,,,,,,
12,Left,6,0.0203,-0.0085,0.0359,0.0000,0.0000,0.0000,1.0000,0.500,,,,,,,
12,Left,7,0.0032,0.0012,0.0601,0.2473,-0.1244,-0.0122,0.9608,0.500,,,,,,,
12,Left,8,0.0000,0.0000,0.0379,0.1684,-0.0027,0.0263,0.9854,0.500,,,,,,,
12,Left,9,0.0000,0.0000,0.0243,0.0345,-0.0254,0.0166,0.9989,0.500,,,,,,,
12,Left,10,-0.0003,0.0010,0.0224,0.0000,0.0000,0.0000,1.0000,0.500,,,,,,,
12,Left,11,0.0041,-0.0071,0.0338,0.0000,0.0000,0.0000,1.0000,0.500,,,,,,,
12,Left,12,-0.0024,0.0046,0.0619,0.3856,-0.1094,0.0478,0.9149,0.500,,,,,,,
12,Left,13,0.0000,0.0000,0.0429,0.1360,-0.0028,0.0120,0.9906,0.500,,,,,,,
12,Left,14,0.0000,0.0000,0.0275,-0.0048,-0.0008,0.0432,0.9991,0.500,,,,,,,
12,Left,15,-0.0003,0.0011,0.0250,0.0000,0.0000,0.0000,1.0000,0.500,,,,,,,
12,Left,16,-0.0150,-0.0060,0.0348,0.0000,0.0000,0.0000,1.0000,0.500,,,,,,,
12,Left,17,-0.0025,-0.0005,0.0539,0.3879,-0.0940,0.0882,0.9126,0.500,,,,,,,
12,Left,18,0.0000,0.0000,0.0390,0.1035,0.0005,0.0359,0.9940,0.500,,,,,,,
12,Left,19,0.0000,0.0000,0.0266,0.0552,0.0295,0.0072,0.9980,0.500,,,,,,,
12,Left,20,-0.0003,0.0016,0.0243,0.0000,0.0000,0.0000,1.0000,0.500,,,,,,,
12,Left,21,-0.0230,-0.0094,0.0341,0.0183,-0.1403,0.2070,0.9680,0.500,,,,,,,
12,Left,22,0.0000,0.0000,0.0457,0.3450,0.0065,-0.0836,0.9348,0.500,,,,,,,
12,Left,23,0.0000,0.0000,0.0307,0.1705,-0.0352,0.0532,0.9833,0.500,,,,,,,
12,Left,24,0.0000,0.0000,0.0203,0.0481,0.0491,-0.0009,0.9976,0.500,,,,,,,
12,Left,25,0.0002,0.0012,0.0219,0.0000,0.0000,0.0000,1.0000,0.500,,,,,,,
12,Right,0,-0.0016,-0.0057,0.0656,0.0000,0.0000,0.0000,1.0000,0.500,,,,,,,
12,Right,1,0.0000,0.0000,0.0000,0.0000,0.0000,0.0000,1.0000,0.500,0.3064,0.2511,0.0417,0.3927,0.4182,-0.5432,0.6131
12,Right,2,-0.0261,-0.0211,0.0369,0.1031,-0.4269,0.6596,0.6099,0.500,,,,,,,
12,Right,3,0.0000,0.0000,0.0325,0.1825,0.0538,-0.0822,0.9783,0.500,,,,,,,
12,Right,4,0.0000,0.0000,0.0338,-0.0850,-0.0671,0.0840,0.9906,0.500,,,,,,,
12,Right,5,0.0007,0.0010,0.0246,0.0000,0.0000,0.0000,1.0000,0.500,,,,,,,
12,Right,6,-0.0178,-0.0120,0.0376,0.0000,0.0000,0.0000,1.0000,0.500,,,,,,,
12,Right,7,-0.0058,0.0047,0.0584,0.3546,0.0541,0.0244,0.9331,0.500,,,,,,,
12,Right,8,0.0000,0.0000,0.0379,0.2340,0.0010,-0.0263,0.9719,0.500,,,,,,,
12,Right,9,0.0000,0.0000,0.0243,0.0729,0.0248,-0.0168,0.9969,0.500,,,,,,,
12,Right,10,0.0003,0.0010,0.0224,0.0000,0.0000,0.0000,1.0000,0.500,,,,,,,
12,Right,11,-0.0016,-0.0089,0.0355,0.0000,0.0000,0.0000,1.0000,0.500,,,,,,,
12,Right,12,-0.0002,0.0064,0.0602,0.3948,0.0856,-0.0399,0.9139,0.500,,,,,,,
12,Right,13,0.0000,0.0000,0.0429,0.1967,0.0021,-0.0123,0.9804,0.500,,,,,,,
12,Right,14,0.0000,0.0000,0.0275,0.0507,-0.0017,-0.0485,0.9975,0.500,,,,,,,
12,Right,15,0.0003,0.0011,0.0250,0.0000,0.0000,0.0000,1.0000,0.500,,,,,,,
12,Right,16,0.0150,-0.0060,0.0348,0.0000,0.0000,0.0000,1.0000,0.500,,,,,,,
12,Right,17,0.0025,-0.0005,0.0539,0.3815,0.1062,-0.0917,0.9136,0.500,,,,,,,
12,Right,18,0.0000,0.0000,0.0390,0.1650,-0.0026,-0.0372,0.9856,0.500,,,,,,,
12,Right,19,0.0000,0.0000,0.0266,0.0949,-0.0296,-0.0091,0.9950,0.500,,,,,,,
12,Right,20,0.0003,0.0016,0.0243,0.0000,0.0000,0.0000,1.0000,0.500,,,,,,,
12,Right,21,0.0230,-0.0094,0.0341,0.0183,0.1403,-0.2070,0.9680,0.500,,,,,,,
12,Right,22,0.0000,0.0000,0.0457,0.2856,0.0394,0.0711,0.9549,0.500,,,,,,,
12,Right,23,0.0000,0.0000,0.0307,0.1867,0.0344,-0.0545,0.9803,0.500,,,,,,,
12,Right,24,0.0000,0.0000,0.0203,0.0631,-0.0490,0.0009,0.9968,0.500,,,,,,,
12,Right,25,-0.0002,0.0012,0.0219,0.0000,0.0000,0.0000,1.0000,0.500,,,,,,,
13,Left,0,0.0029,-0.0048,0.0647,0.0000,0.0000,0.0000,1.0000,0.542,,,,,,,
13,Left,1,0.0000,0.0000,0.0000,0.0000,0.0000,0.0000,1.0000,0.542,-0.1041,0.2074,-0.0373,-0.5813,0.6527,-0.4819,0.0620
13,Left,2,0.0313,-0.0141,0.0335,-0.1894,0.2772,-0.5037,0.7959,0.542,,,,,,,
13,Left,3,0.0000,0.0000,0.0325,-0.0137,-0.0713,0.0832,0.9939,0.542,,,,,,,
13,Left,4,0.0000,0.0000,0.0338,-0.1684,0.0733,-0.0850,0.9793,0.542,,,,,,,
13,Left,5,-0.0007,0.0010,0.0246,0.0000,0.0000,0.0000,1.0000,0.542,,,,,,,
13,Left,6,0.0203,-0.0085,0.0359,0.0000,0.0000,0.0000,1.0000,0.542,,,,,,,
13,Left,7,0.0032,0.0012,0.0600,0.2376,-0.1356,-0.0109,0.9618,0.542,,,,,,,
13,Left,8,0.0000,0.0000,0.0379,0.1676,-0.0028,0.0263,0.9855,0.542,,,,,,,
13,Left,9,0.0000,0.0000,0.0243,0.0351,-0.0254,0.0166,0.9989,0.542,,,,,,,
13,Left,10,-0.0003,0.0010,0.0224,0.0000,0.0000,0.0000,1.0000,0.542,,,,,,,
13,Left,11,0.0041,-0.0071,0.0338,0.0000,0.0000,0.0000,1.0000,0.542,,,,,,,
13,Left,12,-0.0024,0.0046,0.0619,0.3860,-0.1209,0.0522,0.9131,0.542,,,,,,,
13,Left,13,0.0000,0.0000,0.0429,0.1325,-0.0028,0.0120,0.9911,0.542,,,,,,,
13,Left,14,0.0000,0.0000,0.0275,-0.0045,-0.0007,0.0432,0.9991,0.542,,,,,,,
13,Left,15,-0.0003,0.0011,0.0250,0.0000,0.0000,0.0000,1.0000,0.542,,,,,,,
13,Left,16,-0.0150,-0.0060,0.0348,0.0000,0.0000,0.0000,1.0000,0.542,,,,,,,
13,Left,17,-0.0025,-0.0005,0.0539,0.3889,-0.1019,0.0912,0.9111,0.542,,,,,,,
13,Left,18,0.0000,0.0000,0.0390,0.0898,0.0000,0.0356,0.9953,0.542,,,,,,,
13,Left,19,0.0000,0.0000,0.0266,0.0542,0.0295,0.0072,0.9981,0.542,,,,,,,
13,Left,20,-0.0003,0.0016,0.0243,0.0000,0.0000,0.0000,1.0000,0.542,,,,,,,
13,Left,21,-0.0230,-0.0094,0.0341,0.0183,-0.1403,0.2070,0.9680,0.542,,,,,,,
13,Left,22,0.0000,0.0000,0.0457,0.3574,-0.0044,-0.0797,0.9306,0.542,,,,,,,
13,Left,23,0.0000,0.0000,0.0307,0.1649,-0.0354,0.0527,0.9843,0.542,,,,,,,
13,Left,24,0.0000,0.0000,0.0203,0.0468,0.0491,-0.0009,0.9977,0.542,,,,,,,
13,Left,25,0.0002,0.0012,0.0219,0.0000,0.0000,0.0000,1.0000,0.542,,,,,,,
13,Right,0,-0.0017,-0.0057,0.0656,0.0000,0.0000,0.0000,1.0000,0.542,,,,,,,
13,Right,1,0.0000,0.0000,0.0000,0.0000,0.0000,0.0000,1.0000,0.542,0.3114,0.2495,0.0338,0.4036,0.4083,-0.5304,0.6238
13,Right,2,-0.0262,-0.0211,0.0368,0.1021,-0.4271,0.6592,0.6105,0.542,,,,,,,
13,Right,3,0.0000,0.0000,0.0325,0.1823,0.0538,-0.0822,0.9783,0.542,,,,,,,
13,Right,4,0.0000,0.0000,0.0338,-0.0840,-0.0670,0.0839,0.9907,0.542,,,,,,,
13,Right,5,0.0007,0.0010,0.0246,0.0000,0.0000,0.0000,1.0000,0.542,,,,,,,
13,Right,6,-0.0178,-0.0120,0.0376,0.0000,0.0000,0.0000,1.0000,0.542,,,,,,,
13,Right,7,-0.0058,0.0047,0.0584,0.3532,0.0552,0.0241,0.9336,0.542,,,,,,,
13,Right,8,0.0000,0.0000,0.0379,0.2343,0.0009,-0.0263,0.9718,0.542,,,,,,,
13,Right,9,0.0000,0.0000,0.0243,0.0734,0.0248,-0.0168,0.9969,0.542,,,,,,,
13,Right,10,0.0003,0.0010,0.0224,0.0000,0.0000,0.0000,1.0000,0.542,,,,,,,
13,Right,11,-0.0016,-0.0089,0.0355,0.0000,0.0000,0.0000,1.0000,0.542,,,,,,,
13,Right,12,-0.0001,0.0064,0.0602,0.3953,0.0862,-0.0402,0.9136,0.542,,,,,,,
13,Right,13,0.0000,0.0000,0.0429,0.1953,0.0021,-0.0123,0.9807,0.542,,,,,,,
13,Right,14,0.0000,0.0000,0.0275,0.0498,-0.0016,-0.0485,0.9976,0.542,,,,,,,
13,Right,15,0.0003,0.0011,0.0250,0.0000,0.0000,0.0000,1.0000,0.542,,,,,,,
13,Right,16,0.0150,-0.0060,0.0348,0.0000,0.0000,0.0000,1.0000,0.542,,,,,,,
13,Right,17,0.0025,-0.0005,0.0539,0.3825,0.1063,-0.0919,0.9132,0.542,,,,,,,
13,Right,18,0.0000,0.0000,0.0390,0.1592,-0.0024,-0.0371,0.9865,0.542,,,,,,,
13,Right,19,0.0000,0.0000,0.0266,0.0937,-0.0296,-0.0090,0.9951,0.542,,,,,,,
13,Right,20,0.0003,0.0016,0.0243,0.0000,0.0000,0.0000,1.0000,0.542,,,,,,,
13,Right,21,0.0230,-0.0094,0.0341,0.0183,0.1403,-0.2070,0.9680,0.542,,,,,,,
13,Right,22,0.0000,0.0000,0.0457,0.2867,0.0389,0.0712,0.9546,0.542,,,,,,,
13,Right,23,0.0000,0.0000,0.0307,0.1858,0.0344,-0.0544,0.9805,0.542,,,,,,,
13,Right,24,0.0000,0.0000,0.0203,0.0624,-0.0490,0.0009,0.9968,0.542,,,,,,,
13,Right,25,-0.0002,0.0012,0.0219,0.0000,0.0000,0.0000,1.0000,0.542,,,,,,,
14,Left,0,0.0029,-0.0048,0.0647,0.0000,0.0000,0.0000,1.0000,0.583,,,,,,,
14,Left,1,0.0000,0.0000,0.0000,0.0000,0.0000,0.0000,1.0000,0.583,-0.0980,0.2084,-0.0308,-0.5776,0.6737,-0.4559,0.0677
14,Left,2,0.0313,-0.0141,0.0335,-0.1892,0.2774,-0.5040,0.7958,0.583,,,,,,,
14,Left,3,0.0000,0.0000,0.0325,-0.0143,-0.0714,0.0832,0.9939,0.583,,,,,,,
14,Left,4,0.0000,0.0000,0.0338,-0.1691,0.0734,-0.0850,0.9792,0.583,,,,,,,
14,Left,5,-0.0007,0.0010,0.0246,0.0000,0.0000,0.0000,1.0000,0.583,,,,,,,
14,Left,6,0.0203,-0.0085,0.0359,0.0000,0.0000,0.0000,1.0000,0.583,,,,,,,
14,Left,7,0.0032,0.0012,0.0600,0.2091,-0.1499,-0.0115,0.9663,0.583,,,,,,,
14,Left,8,0.0000,0.0000,0.0379,0.1666,-0.0028,0.0263,0.9857,0.583,,,,,,,
14,Left,9,0.0000,0.0000,0.0243,0.0349,-0.0254,0.0166,0.9989,0.583,,,,,,,
14,Left,10,-0.0003,0.0010,0.0224,0.0000,0.0000,0.0000,1.0000,0.583,,,,,,,
14,Left,11,0.0041,-0.0071,0.0338,0.0000,0.0000,0.0000,1.0000,0.583,,,,,,,
14,Left,12,-0.0024,0.0046,0.0619,0.3865,-0.1297,0.0556,0.9114,0.583,,,,,,,
14,Left,13,0.0000,0.0000,0.0429,0.1297,-0.0029,0.0120,0.9915,0.583,,,,,,,
14,Left,14,0.0000,0.0000,0.0275,-0.0045,-0.0007,0.0432,0.9991,0.583,,,,,,,
14,Left,15,-0.0003,0.0011,0.0250,0.0000,0.0000,0.0000,1.0000,0.583,,,,,,,
14,Left,16,-0.0150,-0.0060,0.0348,0.0000,0.0000,0.0000,1.0000,0.583,,,,,,,
14,Left,17,-0.0025,-0.0005,0.0539,0.3889,-0.1108,0.0944,0.9097,0.583,,,,,,,
14,Left,18,0.0000,0.0000,0.0390,0.0852,-0.0001,0.0355,0.9957,0.583,,,,,,,
14,Left,19,0.0000,0.0000,0.0266,0.0531,0.0295,0.0071,0.9981,0.583,,,,,,,
14,Left,20,-0.0003,0.0016,0.0243,0.0000,0.0000,0.0000,1.0000,0.583,,,,,,,
14,Left,21,-0.0230,-0.0094,0.0341,0.0183,-0.1403,0.2070,0.9680,0.583,,,,,,,
14,Left,22,0.0000,0.0000,0.0457,0.3566,-0.0170,-0.0751,0.9311,0.583,,,,,,,
14,Left,23,0.0000,0.0000,0.0307,0.1577,-0.0358,0.0521,0.9855,0.583,,,,,,,
14,Left,24,0.0000,0.0000,0.0203,0.0454,0.0491,-0.0009,0.9978,0.583,,,,,,,
14,Left,25,0.0002,0.0012,0.0219,0.0000,0.0000,0.0000,1.0000,0.583,,,,,,,
14,Right,0,-0.0017,-0.0057,0.0655,0.0000,0.0000,0.0000,1.0000,0.583,,,,,,,
14,Right,1,0.0000,0.0000,0.0000,0.0000,0.0000,0.0000,1.0000,0.583,0.3145,0.2491,0.0293,0.4150,0.4045,-0.5229,0.6250
14,Right,2,-0.0262,-0.0211,0.0368,0.1011,-0.4271,0.6588,0.6111,0.583,,,,,,,
14,Right,3,0.0000,0.0000,0.0325,0.1811,0.0540,-0.0822,0.9785,0.583,,,,,,,
14,Right,4,0.0000,0.0000,0.0338,-0.0832,-0.0670,0.0839,0.9907,0.583,,,,,,,
14,Right,5,0.0007,0.0010,0.0246,0.0000,0.0000,0.0000,1.0000,0.583,,,,,,,
14,Right,6,-0.0178,-0.0120,0.0376,0.0000,0.0000,0.0000,1.0000,0.583,,,,,,,
14,Right,7,-0.0057,0.0047,0.0584,0.3506,0.0563,0.0238,0.9345,0.583,,,,,,,
14,Right,8,0.0000,0.0000,0.0379,0.2345,0.0009,-0.0263,0.9718,0.583,,,,,,,
14,Right,9,0.0000,0.0000,0.0243,0.0738,0.0247,-0.0168,0.9968,0.583,,,,,,,
14,Right,10,0.0003,0.0010,0.0224,0.0000,0.0000,0.0000,1.0000,0.583,,,,,,,
14,Right,11,-0.0016,-0.0089,0.0354,0.0000,0.0000,0.0000,1.0000,0.583,,,,,,,
14,Right,12,-0.0001,0.0064,0.0602,0.3958,0.0869,-0.0405,0.9133,0.583,,,,,,,
14,Right,13,0.0000,0.0000,0.0429,0.1905,0.0021,-0.0123,0.9816,0.583,,,,,,,
14,Right,14,0.0000,0.0000,0.0275,0.0484,-0.0016,-0.0483,0.9977,0.583,,,,,,,
14,Right,15,0.0003,0.0011,0.0250,0.0000,0.0000,0.0000,1.0000,0.583,,,,,,,
14,Right,16,0.0150,-0.0060,0.0348,0.0000,0.0000,0.0000,1.0000,0.583,,,,,,,
14,Right,17,0.0025,-0.0005,0.0539,0.3833,0.1065,-0.0921,0.9128,0.583,,,,,,,
14,Right,18,0.0000,0.0000,0.0390,0.1460,-0.0019,-0.0368,0.9886,0.583,,,,,,,
14,Right,19,0.0000,0.0000,0.0266,0.0893,-0.0296,-0.0088,0.9955,0.583,,,,,,,
14,Right,20,0.0003,0.0016,0.0243,0.0000,0.0000,0.0000,1.0000,0.583,,,,,,,
14,Right,21,0.0230,-0.0094,0.0341,0.0183,0.1403,-0.2070,0.9680,0.583,,,,,,,
14,Right,22,0.0000,0.0000,0.0457,0.2871,0.0382,0.0713,0.9545,0.583,,,,,,,
14,Right,23,0.0000,0.0000,0.0307,0.1842,0.0345,-0.0543,0.9808,0.583,,,,,,,
14,Right,24,0.0000,0.0000,0.0203,0.0608,-0.0490,0.0009,0.9969,0.583,,,,,,,
14,Right,25,-0.0002,0.0012,0.0219,0.0000,0.0000,0.0000,1.0000,0.583,,,,,,,
15,Left,0,0.0029,-0.0048,0.0647,0.0000,0.0000,0.0000,1.0000,0.625,,,,,,,
15,Left,1,0.0000,0.0000,0.0000,0.0000,0.0000,0.0000,1.0000,0.625,-0.0944,0.2100,-0.0277,-0.5867,0.6758,-0.4430,0.0527
15,Left,2,0.0313,-0.0140,0.0335,-0.1895,0.2775,-0.5036,0.7960,0.625,,,,,,,
15,Left,3,0.0000,0.0000,0.0325,-0.0145,-0.0714,0.0832,0.9939,0.625,,,,,,,
15,Left,4,0.0000,0.0000,0.0338,-0.1684,0.0733,-0.0850,0.9793,0.625,,,,,,,
15,Left,5,-0.0007,0.0010,0.0246,0.0000,0.0000,0.0000,1.0000,0.625,,,,,,,
15,Left,6,0.0203,-0.0085,0.0359,0.0000,0.0000,0.0000,1.0000,0.625,,,,,,,
15,Left,7,0.0032,0.0012,0.0601,0.1981,-0.1667,-0.0101,0.9659,0.625,,,,,,,
15,Left,8,0.0000,0.0000,0.0379,0.1667,-0.0028,0.0263,0.9856,0.625,,,,,,,
15,Left,9,0.0000,0.0000,0.0243,0.0357,-0.0254,0.0166,0.9989,0.625,,,,,,,
15,Left,10,-0.0003,0.0010,0.0224,0.0000,0.0000,0.0000,1.0000,0.625,,,,,,,
15,Left,11,0.0041,-0.0071,0.0338,0.0000,0.0000,0.0000,1.0000,0.625,,,,,,,
15,Left,12,-0.0024,0.0046,0.0619,0.3874,-0.1351,0.0578,0.9101,0.625,,,,,,,
15,Left,13,0.0000,0.0000,0.0429,0.1307,-0.0029,0.0120,0.9913,0.625,,,,,,,
15,Left,14,0.0000,0.0000,0.0275,-0.0042,-0.0007,0.0432,0.9991,0.625,,,,,,,
15,Left,15,-0.0003,0.0011,0.0250,0.0000,0.0000,0.0000,1.0000,0.625,,,,,,,
15,Left,16,-0.0150,-0.0060,0.0348,0.0000,0.0000,0.0000,1.0000,0.625,,,,,,,
15,Left,17,-0.0025,-0.0005,0.0539,0.3935,-0.1181,0.0978,0.9065,0.625,,,,,,,
15,Left,18,0.0000,0.0000,0.0390,0.0851,-0.0001,0.0355,0.9957,0.625,,,,,,,
15,Left,19,0.0000,0.0000,0.0266,0.0522,0.0295,0.0071,0.9982,0.625,,,,,,,
15,Left,20,-0.0003,0.0016,0.0243,0.0000,0.0000,0.0000,1.0000,0.625,,,,,,,
15,Left,21,-0.0230,-0.0094,0.0341,0.0183,-0.1403,0.2070,0.9680,0.625,,,,,,,
15,Left,22,0.0000,0.0000,0.0457,0.3575,-0.0207,-0.0737,0.9308,0.625,,,,,,,
15,Left,23,0.0000,0.0000,0.0307,0.1494,-0.0361,0.0515,0.9868,0.625,,,,,,,
15,Left,24,0.0000,0.0000,0.0203,0.0440,0.0491,-0.0009,0.9978,0.625,,,,,,,
15,Left,25,0.0002,0.0012,0.0219,0.0000,0.0000,0.0000,1.0000,0.625,,,,,,,
15,Right,0,-0.0017,-0.0057,0.0655,0.0000,0.0000,0.0000,1.0000,0.625,,,,,,,
15,Right,1,0.0000,0.0000,0.0000,0.0000,0.0000,0.0000,1.0000,0.625,0.3144,0.2493,0.0285,0.4248,0.3993,-0.5101,0.6324
15,Right,2,-0.0262,-0.0210,0.0368,0.0998,-0.4268,0.6583,0.6119,0.625,,,,,,,
15,Right,3,0.0000,0.0000,0.0325,0.1791,0.0542,-0.0822,0.9789,0.625,,,,,,,
15,Right,4,0.0000,0.0000,0.0338,-0.0823,-0.0669,0.0839,0.9908,0.625,,,,,,,
15,Right,5,0.0007,0.0010,0.0246,0.0000,0.0000,0.0000,1.0000,0.625,,,,,,,
15,Right,6,-0.0178,-0.0120,0.0376,0.0000,0.0000,0.0000,1.0000,0.625,,,,,,,
15,Right,7,-0.0057,0.0047,0.0584,0.3512,0.0576,0.0233,0.9342,0.625,,,,,,,
15,Right,8,0.0000,0.0000,0.0379,0.2349,0.0009,-0.0263,0.9717,0.625,,,,,,,
15,Right,9,0.0000,0.0000,0.0243,0.0737,0.0247,-0.0168,0.9968,0.625,,,,,,,
15,Right,10,0.0003,0.0010,0.0224,0.0000,0.0000,0.0000,1.0000,0.625,,,,,,,
15,Right,11,-0.0016,-0.0089,0.0354,0.0000,0.0000,0.0000,1.0000,0.625,,,,,,,
15,Right,12,-0.0001,0.0063,0.0602,0.3971,0.0874,-0.0409,0.9127,0.625,,,,,,,
15,Right,13,0.0000,0.0000,0.0429,0.1877,0.0022,-0.0122,0.9822,0.625,,,,,,,
15,Right,14,0.0000,0.0000,0.0275,0.0469,-0.0015,-0.0482,0.9977,0.625,,,,,,,
15,Right,15,0.0003,0.0011,0.0250,0.0000,0.0000,0.0000,1.0000,0.625,,,,,,,
15,Right,16,0.0150,-0.0060,0.0348,0.0000,0.0000,0.0000,1.0000,0.625,,,,,,,
15,Right,17,0.0025,-0.0005,0.0539,0.3848,0.1068,-0.0924,0.9121,0.625,,,,,,,
15,Right,18,0.0000,0.0000,0.0390,0.1374,-0.0017,-0.0366,0.9898,0.625,,,,,,,
15,Right,19,0.0000,0.0000,0.0266,0.0860,-0.0296,-0.0087,0.9958,0.625,,,,,,,
15,Right,20,0.0003,0.0016,0.0243,0.0000,0.0000,0.0000,1.0000,0.625,,,,,,,
15,Right,21,0.0230,-0.0094,0.0341,0.0183,0.1403,-0.2070,0.9680,0.625,,,,,,,
15,Right,22,0.0000,0.0000,0.0457,0.2886,0.0382,0.0713,0.9540,0.625,,,,,,,
15,Right,23,0.0000,0.0000,0.0307,0.1752,0.0349,-0.0536,0.9824,0.625,,,,,,,
15,Right,24,0.0000,0.0000,0.0203,0.0561,-0.0490,0.0009,0.9972,0.625,,,,,,,
15,Right,25,-0.0002,0.0012,0.0219,0.0000,0.0000,0.0000,1.0000,0.625,,,,,,,
16,Left,0,0.0029,-0.0048,0.0647,0.0000,0.0000,0.0000,1.0000,0.667,,,,,,,
16,Left,1,0.0000,0.0000,0.0000,0.0000,0.0000,0.0000,1.0000,0.667,-0.0913,0.2127,-0.0276,-0.5879,0.6787,-0.4386,0.0382
16,Left,2,0.0313,-0.0140,0.0335,-0.1935,0.2726,-0.5006,0.7985,0.667,,,,,,,
16,Left,3,0.0000,0.0000,0.0325,-0.0137,-0.0713,0.0832,0.9939,0.667,,,,,,,
16,Left,4,0.0000,0.0000,0.0338,-0.1672,0.0732,-0.0850,0.9795,0.667,,,,,,,
16,Left,5,-0.0007,0.0010,0.0246,0.0000,0.0000,0.0000,1.0000,0.667,,,,,,,
16,Left,6,0.0204,-0.0085,0.0359,0.0000,0.0000,0.0000,1.0000,0.667,,,,,,,
16,Left,7,0.0032,0.0011,0.0601,0.1961,-0.1672,-0.0102,0.9662,0.667,,,,,,,
16,Left,8,0.0000,0.0000,0.0379,0.1736,-0.0026,0.0263,0.9845,0.667,,,,,,,
16,Left,9,0.0000,0.0000,0.0243,0.0420,-0.0253,0.0166,0.9987,0.667,,,,,,,
16,Left,10,-0.0003,0.0010,0.0224,0.0000,0.0000,0.0000,1.0000,0.667,,,,,,,
16,Left,11,0.0041,-0.0071,0.0338,0.0000,0.0000,0.0000,1.0000,0.667,,,,,,,
16,Left,12,-0.0024,0.0046,0.0619,0.3879,-0.1360,0.0583,0.9097,0.667,,,,,,,
16,Left,13,0.0000,0.0000,0.0429,0.1323,-0.0028,0.0120,0.9911,0.667,,,,,,,
16,Left,14,0.0000,0.0000,0.0275,-0.0034,-0.0007,0.0433,0.9991,0.667,,,,,,,
16,Left,15,-0.0003,0.0011,0.0250,0.0000,0.0000,0.0000,1.0000,0.667,,,,,,,
16,Left,16,-0.0150,-0.0060,0.0348,0.0000,0.0000,0.0000,1.0000,0.667,,,,,,,
16,Left,17,-0.0025,-0.0005,0.0539,0.3980,-0.1189,0.0989,0.9043,0.667,,,,,,,
16,Left,18,0.0000,0.0000,0.0390,0.0863,-0.0001,0.0355,0.9956,0.667,,,,,,,
16,Left,19,0.0000,0.0000,0.0266,0.0520,0.0295,0.0071,0.9982,0.667,,,,,,,
16,Left,20,-0.0003,0.0016,0.0243,0.0000,0.0000,0.0000,1.0000,0.667,,,,,,,
16,Left,21,-0.0230,-0.0094,0.0341,0.0183,-0.1403,0.2070,0.9680,0.667,,,,,,,
16,Left,22,0.0000,0.0000,0.0457,0.3667,-0.0234,-0.0724,0.9272,0.667,,,,,,,
16,Left,23,0.0000,0.0000,0.0307,0.1497,-0.0361,0.0515,0.9867,0.667,,,,,,,
16,Left,24,0.0000,0.0000,0.0203,0.0437,0.0491,-0.0009,0.9978,0.667,,,,,,,
16,Left,25,0.0002,0.0012,0.0219,0.0000,0.0000,0.0000,1.0000,0.667,,,,,,,
16,Right,0,-0.0018,-0.0057,0.0655,0.0000,0.0000,0.0000,1.0000,0.667,,,,,,,
16,Right,1,0.0000,0.0000,0.0000,0.0000,0.0000,0.0000,1.0000,0.667,0.3139,0.2500,0.0277,0.4340,0.3987,-0.4986,0.6356
16,Right,2,-0.0267,-0.0206,0.0366,0.0891,-0.4310,0.6520,0.6174,0.667,,,,,,,
16,Right,3,0.0000,0.0000,0.0325,0.1787,0.0542,-0.0823,0.9790,0.667,,,,,,,
16,Right,4,0.0000,0.0000,0.0338,-0.0806,-0.0668,0.0839,0.9910,0.667,,,,,,,
16,Right,5,0.0007,0.0010,0.0246,0.0000,0.0000,0.0000,1.0000,0.667,,,,,,,
16,Right,6,-0.0180,-0.0118,0.0375,0.0000,0.0000,0.0000,1.0000,0.667,,,,,,,
16,Right,7,-0.0055,0.0045,0.0585,0.3510,0.0588,0.0230,0.9342,0.667,,,,,,,
16,Right,8,0.0000,0.0000,0.0379,0.2359,0.0009,-0.0263,0.9714,0.667,,,,,,,
16,Right,9,0.0000,0.0000,0.0243,0.0740,0.0247,-0.0168,0.9968,0.667,,,,,,,
16,Right,10,0.0003,0.0010,0.0224,0.0000,0.0000,0.0000,1.0000,0.667,,,,,,,
16,Right,11,-0.0018,-0.0088,0.0353,0.0000,0.0000,0.0000,1.0000,0.667,,,,,,,
16,Right,12,0.0001,0.0062,0.0603,0.3972,0.0879,-0.0411,0.9126,0.667,,,,,,,
16,Right,13,0.0000,0.0000,0.0429,0.1868,0.0022,-0.0122,0.9823,0.667,,,,,,,
16,Right,14,0.0000,0.0000,0.0275,0.0460,-0.0015,-0.0481,0.9978,0.667,,,,,,,
16,Right,15,0.0003,0.0011,0.0250,0.0000,0.0000,0.0000,1.0000,0.667,,,,,,,
16,Right,16,0.0150,-0.0060,0.0348,0.0000,0.0000,0.0000,1.0000,0.667,,,,,,,
16,Right,17,0.0025,-0.0005,0.0539,0.3853,0.1076,-0.0927,0.9118,0.667,,,,,,,
16,Right,18,0.0000,0.0000,0.0390,0.1360,-0.0016,-0.0366,0.9900,0.667,,,,,,,
16,Right,19,0.0000,0.0000,0.0266,0.0844,-0.0296,-0.0086,0.9960,0.667,,,,,,,
16,Right,20,0.0003,0.0016,0.0243,0.0000,0.0000,0.0000,1.0000,0.667,,,,,,,
16,Right,21,0.0230,-0.0094,0.0341,0.0183,0.1403,-0.2070,0.9680,0.667,,,,,,,
16,Right,22,0.0000,0.0000,0.0457,0.2893,0.0381,0.0712,0.9538,0.667,,,,,,,
16,Right,23,0.0000,0.0000,0.0307,0.1731,0.0350,-0.0534,0.9828,0.667,,,,,,,
16,Right,24,0.0000,0.0000,0.0203,0.0529,-0.0491,0.0009,0.9974,0.667,,,,,,,
16,Right,25,-0.0002,0.0012,0.0219,0.0000,0.0000,0.0000,1.0000,0.667,,,,,,,
17,Left,0,0.0030,-0.0048,0.0647,0.0000,0.0000,0.0000,1.0000,0.708,,,,,,,
17,Left,1,0.0000,0.0000,0.0000,0.0000,0.0000,0.0000,1.0000,0.708,-0.0900,0.2141,-0.0287,-0.5883,0.6777,-0.4401,0.0292
17,Left,2,0.0314,-0.0138,0.0334,-0.2006,0.2646,-0.4949,0.8030,0.708,,,,,,,
17,Left,3,0.0000,0.0000,0.0325,-0.0129,-0.0713,0.0832,0.9939,0.708,,,,,,,
17,Left,4,0.0000,0.0000,0.0338,-0.1661,0.0732,-0.0850,0.9797,0.708,,,,,,,
17,Left,5,-0.0007,0.0010,0.0246,0.0000,0.0000,0.0000,1.0000,0.708,,,,,,,
17,Left,6,0.0204,-0.0084,0.0359,0.0000,0.0000,0.0000,1.0000,0.708,,,,,,,
17,Left,7,0.0032,0.0011,0.0601,0.1953,-0.1669,-0.0104,0.9664,0.708,,,,,,,
17,Left,8,0.0000,0.0000,0.0379,0.1837,-0.0023,0.0263,0.9826,0.708,,,,,,,
17,Left,9,0.0000,0.0000,0.0243,0.0515,-0.0252,0.0167,0.9982,0.708,,,,,,,
17,Left,10,-0.0003,0.0010,0.0224,0.0000,0.0000,0.0000,1.0000,0.708,,,,,,,
17,Left,11,0.0042,-0.0071,0.0337,0.0000,0.0000,0.0000,1.0000,0.708,,,,,,,
17,Left,12,-0.0025,0.0045,0.0619,0.3881,-0.1361,0.0583,0.9097,0.708,,,,,,,
17,Left,13,0.0000,0.0000,0.0429,0.1339,-0.0028,0.0120,0.9909,0.708,,,,,,,
17,Left,14,0.0000,0.0000,0.0275,-0.0024,-0.0007,0.0434,0.9991,0.708,,,,,,,
17,Left,15,-0.0003,0.0011,0.0250,0.0000,0.0000,0.0000,1.0000,0.708,,,,,,,
17,Left,16,-0.0150,-0.0060,0.0348,0.0000,0.0000,0.0000,1.0000,0.708,,,,,,,
17,Left,17,-0.0025,-0.0005,0.0539,0.4022,-0.1192,0.0997,0.9023,0.708,,,,,,,
17,Left,18,0.0000,0.0000,0.0390,0.0907,0.0001,0.0356,0.9952,0.708,,,,,,,
17,Left,19,0.0000,0.0000,0.0266,0.0521,0.0295,0.0071,0.9982,0.708,,,,,,,
17,Left,20,-0.0003,0.0016,0.0243,0.0000,0.0000,0.0000,1.0000,0.708,,,,,,,
17,Left,21,-0.0230,-0.0094,0.0341,0.0183,-0.1403,0.2070,0.9680,0.708,,,,,,,
17,Left,22,0.0000,0.0000,0.0457,0.3771,-0.0256,-0.0711,0.9231,0.708,,,,,,,
17,Left,23,0.0000,0.0000,0.0307,0.1529,-0.0360,0.0517,0.9862,0.708,,,,,,,
17,Left,24,0.0000,0.0000,0.0203,0.0441,0.0491,-0.0009,0.9978,0.708,,,,,,,
17,Left,25,0.0002,0.0012,0.0219,0.0000,0.0000,0.0000,1.0000,0.708,,,,,,,
17,Right,0,-0.0019,-0.0056,0.0655,0.0000,0.0000,0.0000,1.0000,0.708,,,,,,,
17,Right,1,0.0000,0.0000,0.0000,0.0000,0.0000,0.0000,1.0000,0.708,0.3131,0.2506,0.0264,0.4406,0.3995,-0.4909,0.6366
17,Right,2,-0.0270,-0.0203,0.0365,0.0818,-0.4340,0.6474,0.6211,0.708,,,,,,,
17,Right,3,0.0000,0.0000,0.0325,0.1789,0.0542,-0.0822,0.9789,0.708,,,,,,,
17,Right,4,0.0000,0.0000,0.0338,-0.0788,-0.0666,0.0839,0.9911,0.708,,,,,,,
17,Right,5,0.0007,0.0010,0.0246,0.0000,0.0000,0.0000,1.0000,0.708,,,,,,,
17,Right,6,-0.0182,-0.0116,0.0374,0.0000,0.0000,0.0000,1.0000,0.708,,,,,,,
17,Right,7,-0.0054,0.0043,0.0586,0.3506,0.0602,0.0225,0.9343,0.708,,,,,,,
17,Right,8,0.0000,0.0000,0.0379,0.2387,0.0008,-0.0263,0.9707,0.708,,,,,,,
17,Right,9,0.0000,0.0000,0.0243,0.0746,0.0247,-0.0168,0.9968,0.708,,,,,,,
17,Right,10,0.0003,0.0010,0.0224,0.0000,0.0000,0.0000,1.0000,0.708,,,,,,,
17,Right,11,-0.0020,-0.0087,0.0353,0.0000,0.0000,0.0000,1.0000,0.708,,,,,,,
17,Right,12,0.0003,0.0062,0.0604,0.3966,0.0888,-0.0414,0.9127,0.708,,,,,,,
17,Right,13,0.0000,0.0000,0.0429,0.1864,0.0022,-0.0122,0.9824,0.708,,,,,,,
17,Right,14,0.0000,0.0000,0.0275,0.0452,-0.0014,-0.0480,0.9978,0.708,,,,,,,
17,Right,15,0.0003,0.0011,0.0250,0.0000,0.0000,0.0000,1.0000,0.708,,,,,,,
17,Right,16,0.0150,-0.0060,0.0348,0.0000,0.0000,0.0000,1.0000,0.708,,,,,,,
17,Right,17,0.0025,-0.0005,0.0539,0.3848,0.1086,-0.0930,0.9119,0.708,,,,,,,
17,Right,18,0.0000,0.0000,0.0390,0.1352,-0.0016,-0.0366,0.9901,0.708,,,,,,,
17,Right,19,0.0000,0.0000,0.0266,0.0830,-0.0296,-0.0085,0.9961,0.708,,,,,,,
17,Right,20,0.0003,0.0016,0.0243,0.0000,0.0000,0.0000,1.0000,0.708,,,,,,,
17,Right,21,0.0230,-0.0094,0.0341,0.0183,0.1403,-0.2070,0.9680,0.708,,,,,,,
17,Right,22,0.0000,0.0000,0.0457,0.2886,0.0383,0.0712,0.9540,0.708,,,,,,,
17,Right,23,0.0000,0.0000,0.0307,0.1717,0.0351,-0.0533,0.9831,0.708,,,,,,,
17,Right,24,0.0000,0.0000,0.0203,0.0494,-0.0491,0.0009,0.9976,0.708,,,,,,,
17,Right,25,-0.0002,0.0012,0.0219,0.0000,0.0000,0.0000,1.0000,0.708,,,,,,,
18,Left,0,0.0030,-0.0048,0.0647,0.0000,0.0000,0.0000,1.0000,0.750,,,,,,,
18,Left,1,0.0000,0.0000,0.0000,0.0000,0.0000,0.0000,1.0000,0.750,-0.0892,0.2149,-0.0315,-0.5834,0.6755,-0.4500,0.0288
18,Left,2,0.0314,-0.0138,0.0334,-0.2022,0.2640,-0.4932,0.8039,0.750,,,,,,,
18,Left,3,0.0000,0.0000,0.0325,-0.0124,-0.0712,0.0832,0.9939,0.750,,,,,,,
18,Left,4,0.0000,0.0000,0.0338,-0.1652,0.0731,-0.0850,0.9799,0.750,,,,,,,
18,Left,5,-0.0007,0.0010,0.0246,0.0000,0.0000,0.0000,1.0000,0.750,,,,,,,
18,Left,6,0.0204,-0.0084,0.0359,0.0000,0.0000,0.0000,1.0000,0.750,,,,,,,
18,Left,7,0.0031,0.0010,0.0601,0.1953,-0.1658,-0.0106,0.9666,0.750,,,,,,,
18,Left,8,0.0000,0.0000,0.0379,0.1859,-0.0023,0.0263,0.9822,0.750,,,,,,,
18,Left,9,0.0000,0.0000,0.0243,0.0547,-0.0251,0.0167,0.9980,0.750,,,,,,,
18,Left,10,-0.0003,0.0010,0.0224,0.0000,0.0000,0.0000,1.0000,0.750,,,,,,,
18,Left,11,0.0042,-0.0071,0.0337,0.0000,0.0000,0.0000,1.0000,0.750,,,,,,,
18,Left,12,-0.0025,0.0045,0.0619,0.3880,-0.1352,0.0579,0.9099,0.750,,,,,,,
18,Left,13,0.0000,0.0000,0.0429,0.1350,-0.0028,0.0120,0.9908,0.750,,,,,,,
18,Left,14,0.0000,0.0000,0.0275,-0.0015,-0.0006,0.0435,0.9991,0.750,,,,,,,
18,Left,15,-0.0003,0.0011,0.0250,0.0000,0.0000,0.0000,1.0000,0.750,,,,,,,
18,Left,16,-0.0150,-0.0060,0.0348,0.0000,0.0000,0.0000,1.0000,0.750,,,,,,,
18,Left,17,-0.0025,-0.0005,0.0539,0.4032,-0.1192,0.0998,0.9018,0.750,,,,,,,
18,Left,18,0.0000,0.0000,0.0390,0.0915,0.0001,0.0357,0.9952,0.750,,,,,,,
18,Left,19,0.0000,0.0000,0.0266,0.0519,0.0295,0.0071,0.9982,0.750,,,,,,,
18,Left,20,-0.0003,0.0016,0.0243,0.0000,0.0000,0.0000,1.0000,0.750,,,,,,,
18,Left,21,-0.0230,-0.0094,0.0341,0.0183,-0.1403,0.2070,0.9680,0.750,,,,,,,
18,Left,22,0.0000,0.0000,0.0457,0.3780,-0.0270,-0.0705,0.9227,0.750,,,,,,,
18,Left,23,0.0000,0.0000,0.0307,0.1535,-0.0359,0.0518,0.9861,0.750,,,,,,,
18,Left,24,0.0000,0.0000,0.0203,0.0438,0.0491,-0.0009,0.9978,0.750,,,,,,,
18,Left,25,0.0002,0.0012,0.0219,0.0000,0.0000,0.0000,1.0000,0.750,,,,,,,
18,Right,0,-0.0019,-0.0056,0.0655,0.0000,0.0000,0.0000,1.0000,0.750,,,,,,,
18,Right,1,0.0000,0.0000,0.0000,0.0000,0.0000,0.0000,1.0000,0.750,0.3140,0.2473,0.0189,0.4387,0.3992,-0.5157,0.6182
18,Right,2,-0.0270,-0.0203,0.0365,0.0767,-0.4295,0.6473,0.6251,0.750,,,,,,,
18,Right,3,0.0000,0.0000,0.0325,0.1812,0.0540,-0.0822,0.9785,0.750,,,,,,,
18,Right,4,0.0000,0.0000,0.0338,-0.0766,-0.0664,0.0838,0.9913,0.750,,,,,,,
18,Right,5,0.0007,0.0010,0.0246,0.0000,0.0000,0.0000,1.0000,0.750,,,,,,,
18,Right,6,-0.0182,-0.0116,0.0374,0.0000,0.0000,0.0000,1.0000,0.750,,,,,,,
18,Right,7,-0.0053,0.0043,0.0586,0.3501,0.0660,0.0207,0.9341,0.750,,,,,,,
18,Right,8,0.0000,0.0000,0.0379,0.2439,0.0007,-0.0263,0.9695,0.750,,,,,,,
18,Right,9,0.0000,0.0000,0.0243,0.0753,0.0247,-0.0168,0.9967,0.750,,,,,,,
18,Right,10,0.0003,0.0010,0.0224,0.0000,0.0000,0.0000,1.0000,0.750,,,,,,,
18,Right,11,-0.0020,-0.0087,0.0353,0.0000,0.0000,0.0000,1.0000,0.750,,,,,,,
18,Right,12,0.0003,0.0062,0.0604,0.3963,0.0900,-0.0418,0.9128,0.750,,,,,,,
18,Right,13,0.0000,0.0000,0.0429,0.1889,0.0022,-0.0123,0.9819,0.750,,,,,,,
18,Right,14,0.0000,0.0000,0.0275,0.0449,-0.0014,-0.0480,0.9978,0.750,,,,,,,
18,Right,15,0.0003,0.0011,0.0250,0.0000,0.0000,0.0000,1.0000,0.750,,,,,,,
18,Right,16,0.0150,-0.0060,0.0348,0.0000,0.0000,0.0000,1.0000,0.750,,,,,,,
18,Right,17,0.0025,-0.0005,0.0539,0.3854,0.1093,-0.0934,0.9115,0.750,,,,,,,
18,Right,18,0.0000,0.0000,0.0390,0.1362,-0.0016,-0.0366,0.9900,0.750,,,,,,,
18,Right,19,0.0000,0.0000,0.0266,0.0824,-0.0296,-0.0085,0.9961,0.750,,,,,,,
18,Right,20,0.0003,0.0016,0.0243,0.0000,0.0000,0.0000,1.0000,0.750,,,,,,,
18,Right,21,0.0230,-0.0094,0.0341,0.0183,0.1403,-0.2070,0.9680,0.750,,,,,,,
18,Right,22,0.0000,0.0000,0.0457,0.2895,0.0393,0.0709,0.9537,0.750,,,,,,,
18,Right,23,0.0000,0.0000,0.0307,0.1708,0.0351,-0.0532,0.9832,0.750,,,,,,,
18,Right,24,0.0000,0.0000,0.0203,0.0483,-0.0491,0.0009,0.9976,0.750,,,,,,,
18,Right,25,-0.0002,0.0012,0.0219,0.0000,0.0000,0.0000,1.0000,0.750,,,,,,,
19,Left,0,0.0030,-0.0048,0.0647,0.0000,0.0000,0.0000,1.0000,0.791,,,,,,,
19,Left,1,0.0000,0.0000,0.0000,0.0000,0.0000,0.0000,1.0000,0.791,-0.0883,0.2151,-0.0334,-0.5790,0.6721,-0.4607,0.0289
19,Left,2,0.0314,-0.0137,0.0333,-0.2035,0.2638,-0.4915,0.8046,0.791,,,,,,,
19,Left,3,0.0000,0.0000,0.0325,-0.0120,-0.0712,0.0832,0.9939,0.791,,,,,,,
19,Left,4,0.0000,0.0000,0.0338,-0.1646,0.0730,-0.0850,0.9800,0.791,,,,,,,
19,Left,5,-0.0007,0.0010,0.0246,0.0000,0.0000,0.0000,1.0000,0.791,,,,,,,
19,Left,6,0.0204,-0.0083,0.0359,0.0000,0.0000,0.0000,1.0000,0.791,,,,,,,
19,Left,7,0.0031,0.0010,0.0601,0.2135,-0.1657,-0.0081,0.9628,0.791,,,,,,,
19,Left,8,0.0000,0.0000,0.0379,0.1949,-0.0020,0.0264,0.9805,0.791,,,,,,,
19,Left,9,0.0000,0.0000,0.0243,0.0560,-0.0251,0.0167,0.9980,0.791,,,,,,,
19,Left,10,-0.0003,0.0010,0.0224,0.0000,0.0000,0.0000,1.0000,0.791,,,,,,,
19,Left,11,0.0042,-0.0071,0.0337,0.0000,0.0000,0.0000,1.0000,0.791,,,,,,,
19,Left,12,-0.0025,0.0045,0.0620,0.3915,-0.1340,0.0581,0.9085,0.791,,,,,,,
19,Left,13,0.0000,0.0000,0.0429,0.1389,-0.0028,0.0120,0.9902,0.791,,,,,,,
19,Left,14,0.0000,0.0000,0.0275,-0.0008,-0.0006,0.0435,0.9991,0.791,,,,,,,
19,Left,15,-0.0003,0.0011,0.0250,0.0000,0.0000,0.0000,1.0000,0.791,,,,,,,
19,Left,16,-0.0150,-0.0060,0.0348,0.0000,0.0000,0.0000,1.0000,0.791,,,,,,,
19,Left,17,-0.0025,-0.0005,0.0539,0.4160,-0.1176,0.1014,0.8960,0.791,,,,,,,
19,Left,18,0.0000,0.0000,0.0390,0.0920,0.0001,0.0357,0.9951,0.791,,,,,,,
19,Left,19,0.0000,0.0000,0.0266,0.0515,0.0295,0.0071,0.9982,0.791,,,,,,,
19,Left,20,-0.0003,0.0016,0.0243,0.0000,0.0000,0.0000,1.0000,0.791,,,,,,,
19,Left,21,-0.0230,-0.0094,0.0341,0.0183,-0.1403,0.2070,0.9680,0.791,,,,,,,
19,Left,22,0.0000,0.0000,0.0457,0.3904,-0.0288,-0.0693,0.9176,0.791,,,,,,,
19,Left,23,0.0000,0.0000,0.0307,0.1533,-0.0360,0.0518,0.9862,0.791,,,,,,,
19,Left,24,0.0000,0.0000,0.0203,0.0429,0.0491,-0.0009,0.9979,0.791,,,,,,,
19,Left,25,0.0002,0.0012,0.0219,0.0000,0.0000,0.0000,1.0000,0.791,,,,,,,
19,Right,0,-0.0019,-0.0056,0.0655,0.0000,0.0000,0.0000,1.0000,0.791,,,,,,,
19,Right,1,0.0000,0.0000,0.0000,0.0000,0.0000,0.0000,1.0000,0.791,0.3155,0.2446,0.0119,0.4289,0.3816,-0.5372,0.6180
19,Right,2,-0.0270,-0.0203,0.0365,0.0706,-0.4232,0.6475,0.6299,0.791,,,,,,,
19,Right,3,0.0000,0.0000,0.0325,0.1840,0.0537,-0.0822,0.9780,0.791,,,,,,,
19,Right,4,0.0000,0.0000,0.0338,-0.0709,-0.0660,0.0837,0.9918,0.791,,,,,,,
19,Right,5,0.0007,0.0010,0.0246,0.0000,0.0000,0.0000,1.0000,0.791,,,,,,,
19,Right,6,-0.0182,-0.0116,0.0374,0.0000,0.0000,0.0000,1.0000,0.791,,,,,,,
19,Right,7,-0.0053,0.0043,0.0586,0.3491,0.0690,0.0198,0.9343,0.791,,,,,,,
19,Right,8,0.0000,0.0000,0.0379,0.2462,0.0006,-0.0263,0.9689,0.791,,,,,,,
19,Right,9,0.0000,0.0000,0.0243,0.0755,0.0247,-0.0168,0.9967,0.791,,,,,,,
19,Right,10,0.0003,0.0010,0.0224,0.0000,0.0000,0.0000,1.0000,0.791,,,,,,,
19,Right,11,-0.0020,-0.0087,0.0353,0.0000,0.0000,0.0000,1.0000,0.791,,,,,,,
19,Right,12,0.0003,0.0062,0.0604,0.3959,0.0901,-0.0418,0.9129,0.791,,,,,,,
19,Right,13,0.0000,0.0000,0.0429,0.1927,0.0021,-0.0123,0.9812,0.791,,,,,,,
19,Right,14,0.0000,0.0000,0.0275,0.0446,-0.0014,-0.0480,0.9979,0.791,,,,,,,
19,Right,15,0.0003,0.0011,0.0250,0.0000,0.0000,0.0000,1.0000,0.791,,,,,,,
19,Right,16,0.0150,-0.0060,0.0348,0.0000,0.0000,0.0000,1.0000,0.791,,,,,,,
19,Right,17,0.0025,-0.0005,0.0539,0.3880,0.1089,-0.0936,0.9104,0.791,,,,,,,
19,Right,18,0.0000,0.0000,0.0390,0.1387,-0.0017,-0.0367,0.9897,0.791,,,,,,,
19,Right,19,0.0000,0.0000,0.0266,0.0825,-0.0296,-0.0085,0.9961,0.791,,,,,,,
19,Right,20,0.0003,0.0016,0.0243,0.0000,0.0000,0.0000,1.0000,0.791,,,,,,,
19,Right,21,0.0230,-0.0094,0.0341,0.0183,0.1403,-0.2070,0.9680,0.791,,,,,,,
19,Right,22,0.0000,0.0000,0.0457,0.2944,0.0403,0.0703,0.9522,0.791,,,,,,,
19,Right,23,0.0000,0.0000,0.0307,0.1702,0.0352,-0.0532,0.9833,0.791,,,,,,,
19,Right,24,0.0000,0.0000,0.0203,0.0478,-0.0491,0.0009,0.9976,0.791,,,,,,,
19,Right,25,-0.0002,0.0012,0.0219,0.0000,0.0000,0.0000,1.0000,0.791,,,,,,,
20,Left,0,0.0030,-0.0048,0.0646,0.0000,0.0000,0.0000,1.0000,0.833,,,,,,,
20,Left,1,0.0000,0.0000,0.0000,0.0000,0.0000,0.0000,1.0000,0.833,-0.0882,0.2154,-0.0357,-0.5709,0.6673,-0.4769,0.0362
20,Left,2,0.0315,-0.0134,0.0332,-0.2070,0.2650,-0.4863,0.8065,0.833,,,,,,,
20,Left,3,0.0000,0.0000,0.0325,-0.0092,-0.0710,0.0832,0.9940,0.833,,,,,,,
20,Left,4,0.0000,0.0000,0.0338,-0.1634,0.0730,-0.0849,0.9802,0.833,,,,,,,
20,Left,5,-0.0007,0.0010,0.0246,0.0000,0.0000,0.0000,1.0000,0.833,,,,,,,
20,Left,6,0.0205,-0.0082,0.0358,0.0000,0.0000,0.0000,1.0000,0.833,,,,,,,
20,Left,7,0.0031,0.0009,0.0602,0.2322,-0.1657,-0.0054,0.9584,0.833,,,,,,,
20,Left,8,0.0000,0.0000,0.0379,0.2097,-0.0016,0.0263,0.9774,0.833,,,,,,,
20,Left,9,0.0000,0.0000,0.0243,0.0577,-0.0250,0.0167,0.9979,0.833,,,,,,,
20,Left,10,-0.0003,0.0010,0.0224,0.0000,0.0000,0.0000,1.0000,0.833,,,,,,,
20,Left,11,0.0043,-0.0070,0.0336,0.0000,0.0000,0.0000,1.0000,0.833,,,,,,,
20,Left,12,-0.0025,0.0044,0.0620,0.3993,-0.1331,0.0590,0.9052,0.833,,,,,,,
20,Left,13,0.0000,0.0000,0.0429,0.1402,-0.0027,0.0120,0.9900,0.833,,,,,,,
20,Left,14,0.0000,0.0000,0.0275,-0.0009,-0.0006,0.0435,0.9991,0.833,,,,,,,
20,Left,15,-0.0003,0.0011,0.0250,0.0000,0.0000,0.0000,1.0000,0.833,,,,,,,
20,Left,16,-0.0150,-0.0060,0.0348,0.0000,0.0000,0.0000,1.0000,0.833,,,,,,,
20,Left,17,-0.0025,-0.0005,0.0539,0.4205,-0.1172,0.1019,0.8939,0.833,,,,,,,
20,Left,18,0.0000,0.0000,0.0390,0.0917,0.0001,0.0357,0.9952,0.833,,,,,,,
20,Left,19,0.0000,0.0000,0.0266,0.0508,0.0295,0.0070,0.9983,0.833,,,,,,,
20,Left,20,-0.0003,0.0016,0.0243,0.0000,0.0000,0.0000,1.0000,0.833,,,,,,,
20,Left,21,-0.0230,-0.0094,0.0341,0.0183,-0.1403,0.2070,0.9680,0.833,,,,,,,
20,Left,22,0.0000,0.0000,0.0457,0.3979,-0.0297,-0.0687,0.9144,0.833,,,,,,,
20,Left,23,0.0000,0.0000,0.0307,0.1516,-0.0360,0.0516,0.9864,0.833,,,,,,,
20,Left,24,0.0000,0.0000,0.0203,0.0414,0.0491,-0.0009,0.9979,0.833,,,,,,,
20,Left,25,0.0002,0.0012,0.0219,0.0000,0.0000,0.0000,1.0000,0.833,,,,,,,
20,Right,0,-0.0018,-0.0057,0.0655,0.0000,0.0000,0.0000,1.0000,0.833,,,,,,,
20,Right,1,0.0000,0.0000,0.0000,0.0000,0.0000,0.0000,1.0000,0.833,0.3175,0.2426,0.0092,0.4262,0.3396,-0.5542,0.6292
20,Right,2,-0.0267,-0.0205,0.0366,0.0748,-0.4189,0.6514,0.6282,0.833,,,,,,,
20,Right,3,0.0000,0.0000,0.0325,0.1848,0.0536,-0.0822,0.9779,0.833,,,,,,,
20,Right,4,0.0000,0.0000,0.0338,-0.0490,-0.0643,0.0833,0.9932,0.833,,,,,,,
20,Right,5,0.0007,0.0010,0.0246,0.0000,0.0000,0.0000,1.0000,0.833,,,,,,,
20,Right,6,-0.0181,-0.0117,0.0375,0.0000,0.0000,0.0000,1.0000,0.833,,,,,,,
20,Right,7,-0.0055,0.0044,0.0585,0.3438,0.0688,0.0201,0.9363,0.833,,,,,,,
20,Right,8,0.0000,0.0000,0.0379,0.2468,0.0006,-0.0263,0.9687,0.833,,,,,,,
20,Right,9,0.0000,0.0000,0.0243,0.0759,0.0247,-0.0168,0.9967,0.833,,,,,,,
20,Right,10,0.0003,0.0010,0.0224,0.0000,0.0000,0.0000,1.0000,0.833,,,,,,,
20,Right,11,-0.0019,-0.0088,0.0353,0.0000,0.0000,0.0000,1.0000,0.833,,,,,,,
20,Right,12,0.0001,0.0062,0.0603,0.3957,0.0895,-0.0415,0.9130,0.833,,,,,,,
20,Right,13,0.0000,0.0000,0.0429,0.1925,0.0021,-0.0123,0.9812,0.833,,,,,,,
20,Right,14,0.0000,0.0000,0.0275,0.0444,-0.0014,-0.0479,0.9979,0.833,,,,,,,
20,Right,15,0.0003,0.0011,0.0250,0.0000,0.0000,0.0000,1.0000,0.833,,,,,,,
20,Right,16,0.0150,-0.0060,0.0348,0.0000,0.0000,0.0000,1.0000,0.833,,,,,,,
20,Right,17,0.0025,-0.0005,0.0539,0.3891,0.1081,-0.0935,0.9101,0.833,,,,,,,
20,Right,18,0.0000,0.0000,0.0390,0.1397,-0.0017,-0.0367,0.9895,0.833,,,,,,,
20,Right,19,0.0000,0.0000,0.0266,0.0824,-0.0296,-0.0085,0.9961,0.833,,,,,,,
20,Right,20,0.0003,0.0016,0.0243,0.0000,0.0000,0.0000,1.0000,0.833,,,,,,,
20,Right,21,0.0230,-0.0094,0.0341,0.0183,0.1403,-0.2070,0.9680,0.833,,,,,,,
20,Right,22,0.0000,0.0000,0.0457,0.2954,0.0394,0.0705,0.9520,0.833,,,,,,,
20,Right,23,0.0000,0.0000,0.0307,0.1695,0.0352,-0.0531,0.9835,0.833,,,,,,,
20,Right,24,0.0000,0.0000,0.0203,0.0473,-0.0491,0.0009,0.9977,0.833,,,,,,,
20,Right,25,-0.0002,0.0012,0.0219,0.0000,0.0000,0.0000,1.0000,0.833,,,,,,,
21,Left,0,0.0030,-0.0048,0.0646,0.0000,0.0000,0.0000,1.0000,0.875,,,,,,,
21,Left,1,0.0000,0.0000,0.0000,0.0000,0.0000,0.0000,1.0000,0.875,-0.0877,0.2147,-0.0368,-0.5705,0.6659,-0.4793,0.0378
21,Left,2,0.0315,-0.0134,0.0332,-0.2070,0.2662,-0.4858,0.8064,0.875,,,,,,,
21,Left,3,0.0000,0.0000,0.0325,-0.0088,-0.0709,0.0832,0.9940,0.875,,,,,,,
21,Left,4,0.0000,0.0000,0.0338,-0.1633,0.0730,-0.0849,0.9802,0.875,,,,,,,
21,Left,5,-0.0007,0.0010,0.0246,0.0000,0.0000,0.0000,1.0000,0.875,,,,,,,
21,Left,6,0.0205,-0.0082,0.0358,0.0000,0.0000,0.0000,1.0000,0.875,,,,,,,
21,Left,7,0.0031,0.0008,0.0602,0.2461,-0.1653,-0.0036,0.9550,0.875,,,,,,,
21,Left,8,0.0000,0.0000,0.0379,0.2202,-0.0013,0.0263,0.9751,0.875,,,,,,,
21,Left,9,0.0000,0.0000,0.0243,0.0604,-0.0250,0.0167,0.9977,0.875,,,,,,,
21,Left,10,-0.0003,0.0010,0.0224,0.0000,0.0000,0.0000,1.0000,0.875,,,,,,,
21,Left,11,0.0043,-0.0070,0.0336,0.0000,0.0000,0.0000,1.0000,0.875,,,,,,,
21,Left,12,-0.0025,0.0044,0.0620,0.4073,-0.1323,0.0601,0.9017,0.875,,,,,,,
21,Left,13,0.0000,0.0000,0.0429,0.1416,-0.0027,0.0120,0.9899,0.875,,,,,,,
21,Left,14,0.0000,0.0000,0.0275,-0.0010,-0.0006,0.0435,0.9991,0.875,,,,,,,
21,Left,15,-0.0003,0.0011,0.0250,0.0000,0.0000,0.0000,1.0000,0.875,,,,,,,
21,Left,16,-0.0150,-0.0060,0.0348,0.0000,0.0000,0.0000,1.0000,0.875,,,,,,,
21,Left,17,-0.0025,-0.0005,0.0539,0.4231,-0.1172,0.1024,0.8926,0.875,,,,,,,
21,Left,18,0.0000,0.0000,0.0390,0.0911,0.0001,0.0357,0.9952,0.875,,,,,,,
21,Left,19,0.0000,0.0000,0.0266,0.0499,0.0295,0.0070,0.9983,0.875,,,,,,,
21,Left,20,-0.0003,0.0016,0.0243,0.0000,0.0000,0.0000,1.0000,0.875,,,,,,,
21,Left,21,-0.0230,-0.0094,0.0341,0.0183,-0.1403,0.2070,0.9680,0.875,,,,,,,
21,Left,22,0.0000,0.0000,0.0457,0.4007,-0.0305,-0.0682,0.9132,0.875,,,,,,,
21,Left,23,0.0000,0.0000,0.0307,0.1491,-0.0361,0.0514,0.9868,0.875,,,,,,,
21,Left,24,0.0000,0.0000,0.0203,0.0400,0.0491,-0.0009,0.9980,0.875,,,,,,,
21,Left,25,0.0002,0.0012,0.0219,0.0000,0.0000,0.0000,1.0000,0.875,,,,,,,
21,Right,0,-0.0017,-0.0057,0.0655,0.0000,0.0000,0.0000,1.0000,0.875,,,,,,,
21,Right,1,0.0000,0.0000,0.0000,0.0000,0.0000,0.0000,1.0000,0.875,0.3176,0.2406,0.0062,0.4150,0.3127,-0.5627,0.6430
21,Right,2,-0.0264,-0.0209,0.0368,0.0825,-0.4138,0.6573,0.6244,0.875,,,,,,,
21,Right,3,0.0000,0.0000,0.0325,0.1860,0.0535,-0.0822,0.9776,0.875,,,,,,,
21,Right,4,0.0000,0.0000,0.0338,-0.0410,-0.0636,0.0832,0.9937,0.875,,,,,,,
21,Right,5,0.0007,0.0010,0.0246,0.0000,0.0000,0.0000,1.0000,0.875,,,,,,,
21,Right,6,-0.0179,-0.0119,0.0376,0.0000,0.0000,0.0000,1.0000,0.875,,,,,,,
21,Right,7,-0.0057,0.0046,0.0584,0.3399,0.0683,0.0204,0.9377,0.875,,,,,,,
21,Right,8,0.0000,0.0000,0.0379,0.2472,0.0006,-0.0263,0.9686,0.875,,,,,,,
21,Right,9,0.0000,0.0000,0.0243,0.0762,0.0247,-0.0168,0.9966,0.875,,,,,,,
21,Right,10,0.0003,0.0010,0.0224,0.0000,0.0000,0.0000,1.0000,0.875,,,,,,,
21,Right,11,-0.0017,-0.0089,0.0354,0.0000,0.0000,0.0000,1.0000,0.875,,,,,,,
21,Right,12,0.0000,0.0063,0.0602,0.3962,0.0893,-0.0415,0.9129,0.875,,,,,,,
21,Right,13,0.0000,0.0000,0.0429,0.1921,0.0021,-0.0123,0.9813,0.875,,,,,,,
21,Right,14,0.0000,0.0000,0.0275,0.0442,-0.0014,-0.0479,0.9979,0.875,,,,,,,
21,Right,15,0.0003,0.0011,0.0250,0.0000,0.0000,0.0000,1.0000,0.875,,,,,,,
21,Right,16,0.0150,-0.0060,0.0348,0.0000,0.0000,0.0000,1.0000,0.875,,,,,,,
21,Right,17,0.0025,-0.0005,0.0539,0.3927,0.1064,-0.0934,0.9087,0.875,,,,,,,
21,Right,18,0.0000,0.0000,0.0390,0.1401,-0.0017,-0.0367,0.9895,0.875,,,,,,,
21,Right,19,0.0000,0.0000,0.0266,0.0824,-0.0296,-0.0085,0.9961,0.875,,,,,,,
21,Right,20,0.0003,0.0016,0.0243,0.0000,0.0000,0.0000,1.0000,0.875,,,,,,,
21,Right,21,0.0230,-0.0094,0.0341,0.0183,0.1403,-0.2070,0.9680,0.875,,,,,,,
21,Right,22,0.0000,0.0000,0.0457,0.3075,0.0340,0.0714,0.9483,0.875,,,,,,,
21,Right,23,0.0000,0.0000,0.0307,0.1685,0.0353,-0.0530,0.9836,0.875,,,,,,,
21,Right,24,0.0000,0.0000,0.0203,0.0468,-0.0491,0.0009,0.9977,0.875,,,,,,,
21,Right,25,-0.0002,0.0012,0.0219,0.0000,0.0000,0.0000,1.0000,0.875,,,,,,,
22,Left,0,0.0030,-0.0047,0.0646,0.0000,0.0000,0.0000,1.0000,0.916,,,,,,,
22,Left,1,0.0000,0.0000,0.0000,0.0000,0.0000,0.0000,1.0000,0.916,-0.0876,0.2142,-0.0376,-0.5716,0.6606,-0.4849,0.0406
22,Left,2,0.0316,-0.0132,0.0331,-0.2098,0.2667,-0.4819,0.8079,0.916,,,,,,,
22,Left,3,0.0000,0.0000,0.0325,-0.0091,-0.0710,0.0832,0.9940,0.916,,,,,,,
22,Left,4,0.0000,0.0000,0.0338,-0.1642,0.0730,-0.0850,0.9800,0.916,,,,,,,
22,Left,5,-0.0007,0.0010,0.0246,0.0000,0.0000,0.0000,1.0000,0.916,,,,,,,
22,Left,6,0.0205,-0.0081,0.0357,0.0000,0.0000,0.0000,1.0000,0.916,,,,,,,
22,Left,7,0.0030,0.0007,0.0603,0.2542,-0.1648,-0.0025,0.9530,0.916,,,,,,,
22,Left,8,0.0000,0.0000,0.0379,0.2251,-0.0012,0.0263,0.9740,0.916,,,,,,,
22,Left,9,0.0000,0.0000,0.0243,0.0623,-0.0250,0.0167,0.9976,0.916,,,,,,,
22,Left,10,-0.0003,0.0010,0.0224,0.0000,0.0000,0.0000,1.0000,0.916,,,,,,,
22,Left,11,0.0043,-0.0069,0.0336,0.0000,0.0000,0.0000,1.0000,0.916,,,,,,,
22,Left,12,-0.0026,0.0044,0.0621,0.4111,-0.1314,0.0603,0.9001,0.916,,,,,,,
22,Left,13,0.0000,0.0000,0.0429,0.1422,-0.0027,0.0120,0.9898,0.916,,,,,,,
22,Left,14,0.0000,0.0000,0.0275,-0.0011,-0.0006,0.0435,0.9991,0.916,,,,,,,
22,Left,15,-0.0003,0.0011,0.0250,0.0000,0.0000,0.0000,1.0000,0.916,,,,,,,
22,Left,16,-0.0150,-0.0060,0.0348,0.0000,0.0000,0.0000,1.0000,0.916,,,,,,,
22,Left,17,-0.0025,-0.0005,0.0539,0.4267,-0.1163,0.1027,0.8910,0.916,,,,,,,
22,Left,18,0.0000,0.0000,0.0390,0.0899,0.0000,0.0356,0.9953,0.916,,,,,,,
22,Left,19,0.0000,0.0000,0.0266,0.0488,0.0295,0.0069,0.9983,0.916,,,,,,,
22,Left,20,-0.0003,0.0016,0.0243,0.0000,0.0000,0.0000,1.0000,0.916,,,,,,,
22,Left,21,-0.0230,-0.0094,0.0341,0.0183,-0.1403,0.2070,0.9680,0.916,,,,,,,
22,Left,22,0.0000,0.0000,0.0457,0.4052,-0.0313,-0.0677,0.9112,0.916,,,,,,,
22,Left,23,0.0000,0.0000,0.0307,0.1452,-0.0363,0.0511,0.9874,0.916,,,,,,,
22,Left,24,0.0000,0.0000,0.0203,0.0383,0.0491,-0.0009,0.9981,0.916,,,,,,,
22,Left,25,0.0002,0.0012,0.0219,0.0000,0.0000,0.0000,1.0000,0.916,,,,,,,
22,Right,0,-0.0017,-0.0057,0.0655,0.0000,0.0000,0.0000,1.0000,0.916,,,,,,,
22,Right,1,0.0000,0.0000,0.0000,0.0000,0.0000,0.0000,1.0000,0.916,0.3165,0.2394,0.0066,0.4190,0.2908,-0.5571,0.6554
22,Right,2,-0.0263,-0.0209,0.0368,0.0836,-0.4145,0.6574,0.6237,0.916,,,,,,,
22,Right,3,0.0000,0.0000,0.0325,0.1873,0.0534,-0.0821,0.9774,0.916,,,,,,,
22,Right,4,0.0000,0.0000,0.0338,-0.0374,-0.0634,0.0831,0.9938,0.916,,,,,,,
22,Right,5,0.0007,0.0010,0.0246,0.0000,0.0000,0.0000,1.0000,0.916,,,,,,,
22,Right,6,-0.0179,-0.0119,0.0376,0.0000,0.0000,0.0000,1.0000,0.916,,,,,,,
22,Right,7,-0.0057,0.0046,0.0584,0.3252,0.0677,0.0211,0.9430,0.916,,,,,,,
22,Right,8,0.0000,0.0000,0.0379,0.2474,0.0006,-0.0263,0.9686,0.916,,,,,,,
22,Right,9,0.0000,0.0000,0.0243,0.0767,0.0247,-0.0168,0.9966,0.916,,,,,,,
22,Right,10,0.0003,0.0010,0.0224,0.0000,0.0000,0.0000,1.0000,0.916,,,,,,,
22,Right,11,-0.0017,-0.0089,0.0354,0.0000,0.0000,0.0000,1.0000,0.916,,,,,,,
22,Right,12,-0.0001,0.0063,0.0602,0.3959,0.0890,-0.0414,0.9130,0.916,,,,,,,
22,Right,13,0.0000,0.0000,0.0429,0.1867,0.0022,-0.0122,0.9823,0.916,,,,,,,
22,Right,14,0.0000,0.0000,0.0275,0.0436,-0.0014,-0.0479,0.9979,0.916,,,,,,,
22,Right,15,0.0003,0.0011,0.0250,0.0000,0.0000,0.0000,1.0000,0.916,,,,,,,
22,Right,16,0.0150,-0.0060,0.0348,0.0000,0.0000,0.0000,1.0000,0.916,,,,,,,
22,Right,17,0.0025,-0.0005,0.0539,0.3954,0.1049,-0.0932,0.9077,0.916,,,,,,,
22,Right,18,0.0000,0.0000,0.0390,0.1377,-0.0017,-0.0367,0.9898,0.916,,,,,,,
22,Right,19,0.0000,0.0000,0.0266,0.0816,-0.0296,-0.0085,0.9962,0.916,,,,,,,
22,Right,20,0.0003,0.0016,0.0243,0.0000,0.0000,0.0000,1.0000,0.916,,,,,,,
22,Right,21,0.0230,-0.0094,0.0341,0.0183,0.1403,-0.2070,0.9680,0.916,,,,,,,
22,Right,22,0.0000,0.0000,0.0457,0.3145,0.0265,0.0734,0.9460,0.916,,,,,,,
22,Right,23,0.0000,0.0000,0.0307,0.1672,0.0353,-0.0529,0.9839,0.916,,,,,,,
22,Right,24,0.0000,0.0000,0.0203,0.0457,-0.0491,0.0009,0.9977,0.916,,,,,,,
22,Right,25,-0.0002,0.0012,0.0219,0.0000,0.0000,0.0000,1.0000,0.916,,,,,,,
23,Left,0,0.0030,-0.0047,0.0646,0.0000,0.0000,0.0000,1.0000,0.958,,,,,,,
23,Left,1,0.0000,0.0000,0.0000,0.0000,0.0000,0.0000,1.0000,0.958,-0.0881,0.2136,-0.0382,-0.5754,0.6485,-0.4964,0.0447
23,Left,2,0.0316,-0.0132,0.0331,-0.2101,0.2667,-0.4813,0.8081,0.958,,,,,,,
23,Left,3,0.0000,0.0000,0.0325,-0.0097,-0.0710,0.0832,0.9940,0.958,,,,,,,
23,Left,4,0.0000,0.0000,0.0338,-0.1655,0.0731,-0.0850,0.9798,0.958,,,,,,,
23,Left,5,-0.0007,0.0010,0.0246,0.0000,0.0000,0.0000,1.0000,0.958,,,,,,,
23,Left,6,0.0205,-0.0081,0.0357,0.0000,0.0000,0.0000,1.0000,0.958,,,,,,,
23,Left,7,0.0030,0.0007,0.0603,0.2685,-0.1643,-0.0006,0.9492,0.958,,,,,,,
23,Left,8,0.0000,0.0000,0.0379,0.2259,-0.0012,0.0263,0.9738,0.958,,,,,,,
23,Left,9,0.0000,0.0000,0.0243,0.0630,-0.0249,0.0167,0.9976,0.958,,,,,,,
23,Left,10,-0.0003,0.0010,0.0224,0.0000,0.0000,0.0000,1.0000,0.958,,,,,,,
23,Left,11,0.0043,-0.0069,0.0336,0.0000,0.0000,0.0000,1.0000,0.958,,,,,,,
23,Left,12,-0.0026,0.0044,0.0621,0.4186,-0.1300,0.0610,0.8968,0.958,,,,,,,
23,Left,13,0.0000,0.0000,0.0429,0.1426,-0.0027,0.0120,0.9897,0.958,,,,,,,
23,Left,14,0.0000,0.0000,0.0275,-0.0018,-0.0006,0.0435,0.9991,0.958,,,,,,,
23,Left,15,-0.0003,0.0011,0.0250,0.0000,0.0000,0.0000,1.0000,0.958,,,,,,,
23,Left,16,-0.0150,-0.0060,0.0348,0.0000,0.0000,0.0000,1.0000,0.958,,,,,,,
23,Left,17,-0.0025,-0.0005,0.0539,0.4375,-0.1148,0.1039,0.8858,0.958,,,,,,,
23,Left,18,0.0000,0.0000,0.0390,0.0885,0.0000,0.0356,0.9954,0.958,,,,,,,
23,Left,19,0.0000,0.0000,0.0266,0.0478,0.0295,0.0069,0.9984,0.958,,,,,,,
23,Left,20,-0.0003,0.0016,0.0243,0.0000,0.0000,0.0000,1.0000,0.958,,,,,,,
23,Left,21,-0.0230,-0.0094,0.0341,0.0183,-0.1403,0.2070,0.9680,0.958,,,,,,,
23,Left,22,0.0000,0.0000,0.0457,0.4240,-0.0334,-0.0660,0.9026,0.958,,,,,,,
23,Left,23,0.0000,0.0000,0.0307,0.1402,-0.0365,0.0507,0.9881,0.958,,,,,,,
23,Left,24,0.0000,0.0000,0.0203,0.0346,0.0491,-0.0008,0.9982,0.958,,,,,,,
23,Left,25,0.0002,0.0012,0.0219,0.0000,0.0000,0.0000,1.0000,0.958,,,,,,,
23,Right,0,-0.0016,-0.0058,0.0656,0.0000,0.0000,0.0000,1.0000,0.958,,,,,,,
23,Right,1,0.0000,0.0000,0.0000,0.0000,0.0000,0.0000,1.0000,0.958,0.3115,0.2376,0.0116,0.4245,0.2899,-0.5642,0.6461
23,Right,2,-0.0259,-0.0213,0.0369,0.1114,-0.4282,0.6622,0.6047,0.958,,,,,,,
23,Right,3,0.0000,0.0000,0.0325,0.1899,0.0531,-0.0821,0.9769,0.958,,,,,,,
23,Right,4,0.0000,0.0000,0.0338,-0.0362,-0.0633,0.0831,0.9939,0.958,,,,,,,
23,Right,5,0.0007,0.0010,0.0246,0.0000,0.0000,0.0000,1.0000,0.958,,,,,,,
23,Right,6,-0.0177,-0.0121,0.0377,0.0000,0.0000,0.0000,1.0000,0.958,,,,,,,
23,Right,7,-0.0059,0.0048,0.0583,0.2954,0.0666,0.0225,0.9528,0.958,,,,,,,
23,Right,8,0.0000,0.0000,0.0379,0.2415,0.0007,-0.0263,0.9701,0.958,,,,,,,
23,Right,9,0.0000,0.0000,0.0243,0.0759,0.0247,-0.0168,0.9967,0.958,,,,,,,
23,Right,10,0.0003,0.0010,0.0224,0.0000,0.0000,0.0000,1.0000,0.958,,,,,,,
23,Right,11,-0.0015,-0.0090,0.0355,0.0000,0.0000,0.0000,1.0000,0.958,,,,,,,
23,Right,12,-0.0003,0.0064,0.0601,0.3847,0.0893,-0.0402,0.9178,0.958,,,,,,,
23,Right,13,0.0000,0.0000,0.0429,0.1485,0.0026,-0.0121,0.9888,0.958,,,,,,,
23,Right,14,0.0000,0.0000,0.0275,0.0418,-0.0013,-0.0477,0.9980,0.958,,,,,,,
23,Right,15,0.0003,0.0011,0.0250,0.0000,0.0000,0.0000,1.0000,0.958,,,,,,,
23,Right,16,0.0150,-0.0060,0.0348,0.0000,0.0000,0.0000,1.0000,0.958,,,,,,,
23,Right,17,0.0025,-0.0005,0.0539,0.3909,0.1043,-0.0924,0.9098,0.958,,,,,,,
23,Right,18,0.0000,0.0000,0.0390,0.1048,-0.0005,-0.0360,0.9938,0.958,,,,,,,
23,Right,19,0.0000,0.0000,0.0266,0.0782,-0.0296,-0.0083,0.9965,0.958,,,,,,,
23,Right,20,0.0003,0.0016,0.0243,0.0000,0.0000,0.0000,1.0000,0.958,,,,,,,
23,Right,21,0.0230,-0.0094,0.0341,0.0183,0.1403,-0.2070,0.9680,0.958,,,,,,,
23,Right,22,0.0000,0.0000,0.0457,0.3142,0.0229,0.0746,0.9461,0.958,,,,,,,
23,Right,23,0.0000,0.0000,0.0307,0.1571,0.0358,-0.0521,0.9856,0.958,,,,,,,
23,Right,24,0.0000,0.0000,0.0203,0.0440,-0.0491,0.0009,0.9978,0.958,,,,,,,
23,Right,25,-0.0002,0.0012,0.0219,0.0000,0.0000,0.0000,1.0000,0.958,,,,,,,
24,Left,0,0.0030,-0.0047,0.0646,0.0000,0.0000,0.0000,1.0000,1.000,,,,,,,
24,Left,1,0.0000,0.0000,0.0000,0.0000,0.0000,0.0000,1.0000,1.000,-0.0903,0.2118,-0.0409,-0.5762,0.6430,-0.5016,0.0540
24,Left,2,0.0316,-0.0131,0.0330,-0.2112,0.2662,-0.4802,0.8087,1.000,,,,,,,
24,Left,3,0.0000,0.0000,0.0325,-0.0100,-0.0710,0.0832,0.9940,1.000,,,,,,,
24,Left,4,0.0000,0.0000,0.0338,-0.1673,0.0732,-0.0850,0.9795,1.000,,,,,,,
24,Left,5,-0.0007,0.0010,0.0246,0.0000,0.0000,0.0000,1.0000,1.000,,,,,,,
24,Left,6,0.0205,-0.0080,0.0357,0.0000,0.0000,0.0000,1.0000,1.000,,,,,,,
24,Left,7,0.0030,0.0007,0.0603,0.2763,-0.1628,0.0001,0.9472,1.000,,,,,,,
24,Left,8,0.0000,0.0000,0.0379,0.2251,-0.0012,0.0263,0.9740,1.000,,,,,,,
24,Left,9,0.0000,0.0000,0.0243,0.0629,-0.0249,0.0167,0.9976,1.000,,,,,,,
24,Left,10,-0.0003,0.0010,0.0224,0.0000,0.0000,0.0000,1.0000,1.000,,,,,,,
24,Left,11,0.0043,-0.0069,0.0336,0.0000,0.0000,0.0000,1.0000,1.000,,,,,,,
24,Left,12,-0.0026,0.0044,0.0621,0.4230,-0.1289,0.0613,0.8948,1.000,,,,,,,
24,Left,13,0.0000,0.0000,0.0429,0.1417,-0.0027,0.0120,0.9898,1.000,,,,,,,
24,Left,14,0.0000,0.0000,0.0275,-0.0031,-0.0007,0.0433,0.9991,1.000,,,,,,,
24,Left,15,-0.0003,0.0011,0.0250,0.0000,0.0000,0.0000,1.0000,1.000,,,,,,,
24,Left,16,-0.0150,-0.0060,0.0348,0.0000,0.0000,0.0000,1.0000,1.000,,,,,,,
24,Left,17,-0.0025,-0.0005,0.0539,0.4433,-0.1136,0.1044,0.8830,1.000,,,,,,,
24,Left,18,0.0000,0.0000,0.0390,0.0874,0.0000,0.0356,0.9955,1.000,,,,,,,
24,Left,19,0.0000,0.0000,0.0266,0.0466,0.0295,0.0068,0.9985,1.000,,,,,,,
24,Left,20,-0.0003,0.0016,0.0243,0.0000,0.0000,0.0000,1.0000,1.000,,,,,,,
24,Left,21,-0.0230,-0.0094,0.0341,0.0183,-0.1403,0.2070,0.9680,1.000,,,,,,,
24,Left,22,0.0000,0.0000,0.0457,0.4249,-0.0337,-0.0658,0.9022,1.000,,,,,,,
24,Left,23,0.0000,0.0000,0.0307,0.1391,-0.0366,0.0506,0.9883,1.000,,,,,,,
24,Left,24,0.0000,0.0000,0.0203,0.0333,0.0491,-0.0008,0.9982,1.000,,,,,,,
24,Left,25,0.0002,0.0012,0.0219,0.0000,0.0000,0.0000,1.0000,1.000,,,,,,,
24,Right,0,-0.0014,-0.0059,0.0657,0.0000,0.0000,0.0000,1.0000,1.000,,,,,,,
24,Right,1,0.0000,0.0000,0.0000,0.0000,0.0000,0.0000,1.0000,1.000,0.3065,0.2286,0.0229,0.4405,0.2949,-0.6060,0.5931
24,Right,2,-0.0250,-0.0221,0.0373,0.1427,-0.4290,0.6728,0.5857,1.000,,,,,,,
24,Right,3,0.0000,0.0000,0.0325,0.1903,0.0531,-0.0821,0.9768,1.000,,,,,,,
24,Right,4,0.0000,0.0000,0.0338,-0.0422,-0.0637,0.0832,0.9936,1.000,,,,,,,
24,Right,5,0.0007,0.0010,0.0246,0.0000,0.0000,0.0000,1.0000,1.000,,,,,,,
24,Right,6,-0.0172,-0.0125,0.0378,0.0000,0.0000,0.0000,1.0000,1.000,,,,,,,
24,Right,7,-0.0064,0.0052,0.0582,0.2648,0.0655,0.0238,0.9618,1.000,,,,,,,
24,Right,8,0.0000,0.0000,0.0379,0.2102,0.0016,-0.0263,0.9773,1.000,,,,,,,
24,Right,9,0.0000,0.0000,0.0243,0.0705,0.0248,-0.0168,0.9971,1.000,,,,,,,
24,Right,10,0.0003,0.0010,0.0224,0.0000,0.0000,0.0000,1.0000,1.000,,,,,,,
24,Right,11,-0.0010,-0.0092,0.0357,0.0000,0.0000,0.0000,1.0000,1.000,,,,,,,
24,Right,12,-0.0007,0.0066,0.0600,0.3277,0.0905,-0.0346,0.9398,1.000,,,,,,,
24,Right,13,0.0000,0.0000,0.0429,0.1456,0.0027,-0.0121,0.9893,1.000,,,,,,,
24,Right,14,0.0000,0.0000,0.0275,0.0390,-0.0012,-0.0474,0.9981,1.000,,,,,,,
24,Right,15,0.0003,0.0011,0.0250,0.0000,0.0000,0.0000,1.0000,1.000,,,,,,,
24,Right,16,0.0150,-0.0060,0.0348,0.0000,0.0000,0.0000,1.0000,1.000,,,,,,,
24,Right,17,0.0025,-0.0005,0.0539,0.3262,0.1003,-0.0824,0.9363,1.000,,,,,,,
24,Right,18,0.0000,0.0000,0.0390,0.1042,-0.0005,-0.0359,0.9939,1.000,,,,,,,
24,Right,19,0.0000,0.0000,0.0266,0.0765,-0.0296,-0.0082,0.9966,1.000,,,,,,,
24,Right,20,0.0003,0.0016,0.0243,0.0000,0.0000,0.0000,1.0000,1.000,,,,,,,
24,Right,21,0.0230,-0.0094,0.0341,0.0183,0.1403,-0.2070,0.9680,1.000,,,,,,,
24,Right,22,0.0000,0.0000,0.0457,0.2528,0.0071,0.0813,0.9641,1.000,,,,,,,
24,Right,23,0.0000,0.0000,0.0307,0.1439,0.0364,-0.0510,0.9876,1.000,,,,,,,
24,Right,24,0.0000,0.0000,0.0203,0.0351,-0.0491,0.0008,0.9982,1.000,,,,,,,
24,Right,25,-0.0002,0.0012,0.0219,0.0000,0.0000,0.0000,1.0000,1.000,,,,,,,
25,Left,0,0.0030,-0.0047,0.0646,0.0000,0.0000,0.0000,1.0000,1.042,,,,,,,
25,Left,1,0.0000,0.0000,0.0000,0.0000,0.0000,0.0000,1.0000,1.042,-0.0919,0.2104,-0.0423,-0.5758,0.6398,-0.5052,0.0625
25,Left,2,0.0317,-0.0131,0.0330,-0.2120,0.2664,-0.4789,0.8091,1.042,,,,,,,
25,Left,3,0.0000,0.0000,0.0325,-0.0096,-0.0710,0.0832,0.9940,1.042,,,,,,,
25,Left,4,0.0000,0.0000,0.0338,-0.1689,0.0734,-0.0850,0.9792,1.042,,,,,,,
25,Left,5,-0.0007,0.0010,0.0246,0.0000,0.0000,0.0000,1.0000,1.042,,,,,,,
25,Left,6,0.0205,-0.0080,0.0357,0.0000,0.0000,0.0000,1.0000,1.042,,,,,,,
25,Left,7,0.0030,0.0007,0.0603,0.2864,-0.1613,0.0012,0.9444,1.042,,,,,,,
25,Left,8,0.0000,0.0000,0.0379,0.2204,-0.0013,0.0263,0.9751,1.042,,,,,,,
25,Left,9,0.0000,0.0000,0.0243,0.0619,-0.0250,0.0167,0.9976,1.042,,,,,,,
25,Left,10,-0.0003,0.0010,0.0224,0.0000,0.0000,0.0000,1.0000,1.042,,,,,,,
25,Left,11,0.0043,-0.0069,0.0335,0.0000,0.0000,0.0000,1.0000,1.042,,,,,,,
25,Left,12,-0.0026,0.0044,0.0621,0.4300,-0.1278,0.0620,0.8916,1.042,,,,,,,
25,Left,13,0.0000,0.0000,0.0429,0.1386,-0.0028,0.0120,0.9903,1.042,,,,,,,
25,Left,14,0.0000,0.0000,0.0275,-0.0041,-0.0007,0.0432,0.9991,1.042,,,,,,,
25,Left,15,-0.0003,0.0011,0.0250,0.0000,0.0000,0.0000,1.0000,1.042,,,,,,,
25,Left,16,-0.0150,-0.0060,0.0348,0.0000,0.0000,0.0000,1.0000,1.042,,,,,,,
25,Left,17,-0.0025,-0.0005,0.0539,0.4444,-0.1130,0.1043,0.8826,1.042,,,,,,,
25,Left,18,0.0000,0.0000,0.0390,0.0862,-0.0001,0.0355,0.9956,1.042,,,,,,,
25,Left,19,0.0000,0.0000,0.0266,0.0454,0.0295,0.0068,0.9985,1.042,,,,,,,
25,Left,20,-0.0003,0.0016,0.0243,0.0000,0.0000,0.0000,1.0000,1.042,,,,,,,
25,Left,21,-0.0230,-0.0094,0.0341,0.0183,-0.1403,0.2070,0.9680,1.042,,,,,,,
25,Left,22,0.0000,0.0000,0.0457,0.4237,-0.0311,-0.0671,0.9028,1.042,,,,,,,
25,Left,23,0.0000,0.0000,0.0307,0.1374,-0.0367,0.0505,0.9886,1.042,,,,,,,
25,Left,24,0.0000,0.0000,0.0203,0.0318,0.0491,-0.0008,0.9983,1.042,,,,,,,
25,Left,25,0.0002,0.0012,0.0219,0.0000,0.0000,0.0000,1.0000,1.042,,,,,,,
25,Right,0,-0.0011,-0.0059,0.0657,0.0000,0.0000,0.0000,1.0000,1.042,,,,,,,
25,Right,1,0.0000,0.0000,0.0000,0.0000,0.0000,0.0000,1.0000,1.042,0.2998,0.2167,0.0351,0.4535,0.2802,-0.6429,0.5501
25,Right,2,-0.0241,-0.0228,0.0376,0.1634,-0.4238,0.6815,0.5737,1.042,,,,,,,
25,Right,3,0.0000,0.0000,0.0325,0.1891,0.0532,-0.0821,0.9771,1.042,,,,,,,
25,Right,4,0.0000,0.0000,0.0338,-0.0552,-0.0648,0.0835,0.9929,1.042,,,,,,,
25,Right,5,0.0007,0.0010,0.0246,0.0000,0.0000,0.0000,1.0000,1.042,,,,,,,
25,Right,6,-0.0168,-0.0129,0.0380,0.0000,0.0000,0.0000,1.0000,1.042,,,,,,,
25,Right,7,-0.0068,0.0055,0.0580,0.2536,0.0648,0.0243,0.9648,1.042,,,,,,,
25,Right,8,0.0000,0.0000,0.0379,0.1946,0.0020,-0.0264,0.9805,1.042,,,,,,,
25,Right,9,0.0000,0.0000,0.0243,0.0605,0.0250,-0.0167,0.9977,1.042,,,,,,,
25,Right,10,0.0003,0.0010,0.0224,0.0000,0.0000,0.0000,1.0000,1.042,,,,,,,
25,Right,11,-0.0006,-0.0093,0.0358,0.0000,0.0000,0.0000,1.0000,1.042,,,,,,,
25,Right,12,-0.0012,0.0068,0.0598,0.3080,0.0909,-0.0328,0.9465,1.042,,,,,,,
25,Right,13,0.0000,0.0000,0.0429,0.1320,0.0028,-0.0120,0.9912,1.042,,,,,,,
25,Right,14,0.0000,0.0000,0.0275,0.0315,-0.0008,-0.0467,0.9984,1.042,,,,,,,
25,Right,15,0.0003,0.0011,0.0250,0.0000,0.0000,0.0000,1.0000,1.042,,,,,,,
25,Right,16,0.0150,-0.0060,0.0348,0.0000,0.0000,0.0000,1.0000,1.042,,,,,,,
25,Right,17,0.0025,-0.0005,0.0539,0.2846,0.1016,-0.0777,0.9501,1.042,,,,,,,
25,Right,18,0.0000,0.0000,0.0390,0.1011,-0.0004,-0.0359,0.9942,1.042,,,,,,,
25,Right,19,0.0000,0.0000,0.0266,0.0713,-0.0296,-0.0080,0.9970,1.042,,,,,,,
25,Right,20,0.0003,0.0016,0.0243,0.0000,0.0000,0.0000,1.0000,1.042,,,,,,,
25,Right,21,0.0230,-0.0094,0.0341,0.0183,0.1403,-0.2070,0.9680,1.042,,,,,,,
25,Right,22,0.0000,0.0000,0.0457,0.1963,-0.0084,0.0861,0.9767,1.042,,,,,,,
25,Right,23,0.0000,0.0000,0.0307,0.1374,0.0367,-0.0505,0.9885,1.042,,,,,,,
25,Right,24,0.0000,0.0000,0.0203,0.0335,-0.0491,0.0008,0.9982,1.042,,,,,,,
25,Right,25,-0.0002,0.0012,0.0219,0.0000,0.0000,0.0000,1.0000,1.042,,,,,,,
26,Left,0,0.0030,-0.0047,0.0646,0.0000,0.0000,0.0000,1.0000,1.083,,,,,,,
26,Left,1,0.0000,0.0000,0.0000,0.0000,0.0000,0.0000,1.0000,1.083,-0.0931,0.2095,-0.0430,-0.5743,0.6359,-0.5108,0.0702
26,Left,2,0.0317,-0.0130,0.0330,-0.2122,0.2674,-0.4783,0.8091,1.083,,,,,,,
26,Left,3,0.0000,0.0000,0.0325,-0.0085,-0.0709,0.0832,0.9940,1.083,,,,,,,
26,Left,4,0.0000,0.0000,0.0338,-0.1703,0.0735,-0.0850,0.9790,1.083,,,,,,,
26,Left,5,-0.0007,0.0010,0.0246,0.0000,0.0000,0.0000,1.0000,1.083,,,,,,,
26,Left,6,0.0206,-0.0080,0.0357,0.0000,0.0000,0.0000,1.0000,1.083,,,,,,,
26,Left,7,0.0030,0.0007,0.0603,0.2917,-0.1601,0.0016,0.9430,1.083,,,,,,,
26,Left,8,0.0000,0.0000,0.0379,0.2141,-0.0015,0.0263,0.9764,1.083,,,,,,,
26,Left,9,0.0000,0.0000,0.0243,0.0607,-0.0250,0.0167,0.9977,1.083,,,,,,,
26,Left,10,-0.0003,0.0010,0.0224,0.0000,0.0000,0.0000,1.0000,1.083,,,,,,,
26,Left,11,0.0043,-0.0069,0.0335,0.0000,0.0000,0.0000,1.0000,1.083,,,,,,,
26,Left,12,-0.0026,0.0043,0.0621,0.4307,-0.1277,0.0621,0.8912,1.083,,,,,,,
26,Left,13,0.0000,0.0000,0.0429,0.1313,-0.0028,0.0120,0.9913,1.083,,,,,,,
26,Left,14,0.0000,0.0000,0.0275,-0.0053,-0.0008,0.0431,0.9991,1.083,,,,,,,
26,Left,15,-0.0003,0.0011,0.0250,0.0000,0.0000,0.0000,1.0000,1.083,,,,,,,
26,Left,16,-0.0150,-0.0060,0.0348,0.0000,0.0000,0.0000,1.0000,1.083,,,,,,,
26,Left,17,-0.0025,-0.0005,0.0539,0.4441,-0.1123,0.1039,0.8828,1.083,,,,,,,
26,Left,18,0.0000,0.0000,0.0390,0.0836,-0.0002,0.0355,0.9959,1.083,,,,,,,
26,Left,19,0.0000,0.0000,0.0266,0.0442,0.0295,0.0067,0.9986,1.083,,,,,,,
26,Left,20,-0.0003,0.0016,0.0243,0.0000,0.0000,0.0000,1.0000,1.083,,,,,,,
26,Left,21,-0.0230,-0.0094,0.0341,0.0183,-0.1403,0.2070,0.9680,1.083,,,,,,,
26,Left,22,0.0000,0.0000,0.0457,0.4165,-0.0267,-0.0693,0.9061,1.083,,,,,,,
26,Left,23,0.0000,0.0000,0.0307,0.1337,-0.0368,0.0502,0.9891,1.083,,,,,,,
26,Left,24,0.0000,0.0000,0.0203,0.0303,0.0491,-0.0008,0.9983,1.083,,,,,,,
26,Left,25,0.0002,0.0012,0.0219,0.0000,0.0000,0.0000,1.0000,1.083,,,,,,,
26,Right,0,-0.0008,-0.0061,0.0658,0.0000,0.0000,0.0000,1.0000,1.083,,,,,,,
26,Right,1,0.0000,0.0000,0.0000,0.0000,0.0000,0.0000,1.0000,1.083,0.2883,0.2063,0.0484,0.4633,0.2414,-0.6681,0.5298
26,Right,2,-0.0227,-0.0238,0.0380,0.1916,-0.4093,0.6961,0.5578,1.083,,,,,,,
26,Right,3,0.0000,0.0000,0.0325,0.1885,0.0532,-0.0821,0.9772,1.083,,,,,,,
26,Right,4,0.0000,0.0000,0.0338,-0.0669,-0.0657,0.0837,0.9921,1.083,,,,,,,
26,Right,5,0.0007,0.0010,0.0246,0.0000,0.0000,0.0000,1.0000,1.083,,,,,,,
26,Right,6,-0.0161,-0.0133,0.0382,0.0000,0.0000,0.0000,1.0000,1.083,,,,,,,
26,Right,7,-0.0075,0.0060,0.0578,0.2504,0.0646,0.0245,0.9657,1.083,,,,,,,
26,Right,8,0.0000,0.0000,0.0379,0.1715,0.0027,-0.0263,0.9848,1.083,,,,,,,
26,Right,9,0.0000,0.0000,0.0243,0.0478,0.0252,-0.0167,0.9984,1.083,,,,,,,
26,Right,10,0.0003,0.0010,0.0224,0.0000,0.0000,0.0000,1.0000,1.083,,,,,,,
26,Right,11,0.0002,-0.0096,0.0360,0.0000,0.0000,0.0000,1.0000,1.083,,,,,,,
26,Right,12,-0.0019,0.0070,0.0596,0.2981,0.0915,-0.0319,0.9496,1.083,,,,,,,
26,Right,13,0.0000,0.0000,0.0429,0.0966,0.0033,-0.0118,0.9953,1.083,,,,,,,
26,Right,14,0.0000,0.0000,0.0275,0.0118,0.0000,-0.0448,0.9989,1.083,,,,,,,
26,Right,15,0.0003,0.0011,0.0250,0.0000,0.0000,0.0000,1.0000,1.083,,,,,,,
26,Right,16,0.0150,-0.0060,0.0348,0.0000,0.0000,0.0000,1.0000,1.083,,,,,,,
26,Right,17,0.0025,-0.0005,0.0539,0.2595,0.1027,-0.0750,0.9573,1.083,,,,,,,
26,Right,18,0.0000,0.0000,0.0390,0.0862,0.0001,-0.0355,0.9956,1.083,,,,,,,
26,Right,19,0.0000,0.0000,0.0266,0.0613,-0.0295,-0.0075,0.9977,1.083,,,,,,,
26,Right,20,0.0003,0.0016,0.0243,0.0000,0.0000,0.0000,1.0000,1.083,,,,,,,
26,Right,21,0.0230,-0.0094,0.0341,0.0183,0.1403,-0.2070,0.9680,1.083,,,,,,,
26,Right,22,0.0000,0.0000,0.0457,0.1740,-0.0110,0.0870,0.9808,1.083,,,,,,,
26,Right,23,0.0000,0.0000,0.0307,0.1249,0.0372,-0.0494,0.9902,1.083,,,,,,,
26,Right,24,0.0000,0.0000,0.0203,0.0316,-0.0491,0.0008,0.9983,1.083,,,,,,,
26,Right,25,-0.0002,0.0012,0.0219,0.0000,0.0000,0.0000,1.0000,1.083,,,,,,,
27,Left,0,0.0030,-0.0047,0.0646,0.0000,0.0000,0.0000,1.0000,1.125,,,,,,,
27,Left,1,0.0000,0.0000,0.0000,0.0000,0.0000,0.0000,1.0000,1.125,-0.0941,0.2090,-0.0434,-0.5769,0.6300,-0.5151,0.0708
27,Left,2,0.0317,-0.0130,0.0330,-0.2126,0.2677,-0.4776,0.8093,1.125,,,,,,,
27,Left,3,0.0000,0.0000,0.0325,-0.0078,-0.0709,0.0832,0.9940,1.125,,,,,,,
27,Left,4,0.0000,0.0000,0.0338,-0.1718,0.0736,-0.0850,0.9787,1.125,,,,,,,
27,Left,5,-0.0007,0.0010,0.0246,0.0000,0.0000,0.0000,1.0000,1.125,,,,,,,
27,Left,6,0.0206,-0.0080,0.0357,0.0000,0.0000,0.0000,1.0000,1.125,,,,,,,
27,Left,7,0.0030,0.0006,0.0603,0.2950,-0.1587,0.0017,0.9422,1.125,,,,,,,
27,Left,8,0.0000,0.0000,0.0379,0.2028,-0.0018,0.0263,0.9789,1.125,,,,,,,
27,Left,9,0.0000,0.0000,0.0243,0.0592,-0.0250,0.0167,0.9978,1.125,,,,,,,
27,Left,10,-0.0003,0.0010,0.0224,0.0000,0.0000,0.0000,1.0000,1.125,,,,,,,
27,Left,11,0.0043,-0.0069,0.0335,0.0000,0.0000,0.0000,1.0000,1.125,,,,,,,
27,Left,12,-0.0026,0.0043,0.0621,0.4308,-0.1272,0.0619,0.8913,1.125,,,,,,,
27,Left,13,0.0000,0.0000,0.0429,0.1231,-0.0029,0.0119,0.9923,1.125,,,,,,,
27,Left,14,0.0000,0.0000,0.0275,-0.0065,-0.0008,0.0430,0.9991,1.125,,,,,,,
27,Left,15,-0.0003,0.0011,0.0250,0.0000,0.0000,0.0000,1.0000,1.125,,,,,,,
27,Left,16,-0.0150,-0.0060,0.0348,0.0000,0.0000,0.0000,1.0000,1.125,,,,,,,
27,Left,17,-0.0025,-0.0005,0.0539,0.4432,-0.1107,0.1031,0.8836,1.125,,,,,,,
27,Left,18,0.0000,0.0000,0.0390,0.0785,-0.0003,0.0354,0.9963,1.125,,,,,,,
27,Left,19,0.0000,0.0000,0.0266,0.0428,0.0295,0.0067,0.9986,1.125,,,,,,,
27,Left,20,-0.0003,0.0016,0.0243,0.0000,0.0000,0.0000,1.0000,1.125,,,,,,,
27,Left,21,-0.0230,-0.0094,0.0341,0.0183,-0.1403,0.2070,0.9680,1.125,,,,,,,
27,Left,22,0.0000,0.0000,0.0457,0.4092,-0.0188,-0.0729,0.9093,1.125,,,,,,,
27,Left,23,0.0000,0.0000,0.0307,0.1295,-0.0370,0.0498,0.9896,1.125,,,,,,,
27,Left,24,0.0000,0.0000,0.0203,0.0288,0.0491,-0.0008,0.9984,1.125,,,,,,,
27,Left,25,0.0002,0.0012,0.0219,0.0000,0.0000,0.0000,1.0000,1.125,,,,,,,
27,Right,0,-0.0007,-0.0061,0.0659,0.0000,0.0000,0.0000,1.0000,1.125,,,,,,,
27,Right,1,0.0000,0.0000,0.0000,0.0000,0.0000,0.0000,1.0000,1.125,0.2800,0.1967,0.0549,0.4846,0.2096,-0.6772,0.5125
27,Right,2,-0.0222,-0.0241,0.0381,0.2004,-0.4045,0.7006,0.5526,1.125,,,,,,,
27,Right,3,0.0000,0.0000,0.0325,0.1891,0.0532,-0.0821,0.9771,1.125,,,,,,,
27,Right,4,0.0000,0.0000,0.0338,-0.0714,-0.0660,0.0837,0.9917,1.125,,,,,,,
27,Right,5,0.0007,0.0010,0.0246,0.0000,0.0000,0.0000,1.0000,1.125,,,,,,,
27,Right,6,-0.0158,-0.0135,0.0382,0.0000,0.0000,0.0000,1.0000,1.125,,,,,,,
27,Right,7,-0.0077,0.0062,0.0578,0.2059,0.0641,0.0259,0.9761,1.125,,,,,,,
27,Right,8,0.0000,0.0000,0.0379,0.1382,0.0036,-0.0263,0.9900,1.125,,,,,,,
27,Right,9,0.0000,0.0000,0.0243,0.0296,0.0255,-0.0166,0.9991,1.125,,,,,,,
27,Right,10,0.0003,0.0010,0.0224,0.0000,0.0000,0.0000,1.0000,1.125,,,,,,,
27,Right,11,0.0004,-0.0096,0.0361,0.0000,0.0000,0.0000,1.0000,1.125,,,,,,,
27,Right,12,-0.0021,0.0071,0.0596,0.2774,0.0920,-0.0300,0.9559,1.125,,,,,,,
27,Right,13,0.0000,0.0000,0.0429,0.0791,0.0035,-0.0117,0.9968,1.125,,,,,,,
27,Right,14,0.0000,0.0000,0.0275,0.0015,0.0005,-0.0438,0.9990,1.125,,,,,,,
27,Right,15,0.0003,0.0011,0.0250,0.0000,0.0000,0.0000,1.0000,1.125,,,,,,,
27,Right,16,0.0150,-0.0060,0.0348,0.0000,0.0000,0.0000,1.0000,1.125,,,,,,,
27,Right,17,0.0025,-0.0005,0.0539,0.2495,0.1030,-0.0739,0.9600,1.125,,,,,,,
27,Right,18,0.0000,0.0000,0.0390,0.0757,0.0004,-0.0353,0.9965,1.125,,,,,,,
27,Right,19,0.0000,0.0000,0.0266,0.0509,-0.0295,-0.0070,0.9982,1.125,,,,,,,
27,Right,20,0.0003,0.0016,0.0243,0.0000,0.0000,0.0000,1.0000,1.125,,,,,,,
27,Right,21,0.0230,-0.0094,0.0341,0.0183,0.1403,-0.2070,0.9680,1.125,,,,,,,
27,Right,22,0.0000,0.0000,0.0457,0.1667,-0.0098,0.0870,0.9821,1.125,,,,,,,
27,Right,23,0.0000,0.0000,0.0307,0.1089,0.0379,-0.0481,0.9922,1.125,,,,,,,
27,Right,24,0.0000,0.0000,0.0203,0.0295,-0.0491,0.0008,0.9984,1.125,,,,,,,
27,Right,25,-0.0002,0.0012,0.0219,0.0000,0.0000,0.0000,1.0000,1.125,,,,,,,
28,Left,0,0.0030,-0.0047,0.0646,0.0000,0.0000,0.0000,1.0000,1.166,,,,,,,
28,Left,1,0.0000,0.0000,0.0000,0.0000,0.0000,0.0000,1.0000,1.166,-0.0951,0.2085,-0.0441,-0.5763,0.6290,-0.5165,0.0742
28,Left,2,0.0317,-0.0130,0.0329,-0.2131,0.2678,-0.4769,0.8096,1.166,,,,,,,
28,Left,3,0.0000,0.0000,0.0325,-0.0082,-0.0709,0.0832,0.9940,1.166,,,,,,,
28,Left,4,0.0000,0.0000,0.0338,-0.1732,0.0737,-0.0850,0.9784,1.166,,,,,,,
28,Left,5,-0.0007,0.0010,0.0246,0.0000,0.0000,0.0000,1.0000,1.166,,,,,,,
28,Left,6,0.0206,-0.0079,0.0357,0.0000,0.0000,0.0000,1.0000,1.166,,,,,,,
28,Left,7,0.0030,0.0006,0.0603,0.2968,-0.1540,0.0007,0.9424,1.166,,,,,,,
28,Left,8,0.0000,0.0000,0.0379,0.2012,-0.0019,0.0264,0.9792,1.166,,,,,,,
28,Left,9,0.0000,0.0000,0.0243,0.0579,-0.0250,0.0167,0.9979,1.166,,,,,,,
28,Left,10,-0.0003,0.0010,0.0224,0.0000,0.0000,0.0000,1.0000,1.166,,,,,,,
28,Left,11,0.0044,-0.0069,0.0335,0.0000,0.0000,0.0000,1.0000,1.166,,,,,,,
28,Left,12,-0.0026,0.0043,0.0621,0.4310,-0.1260,0.0614,0.8914,1.166,,,,,,,
28,Left,13,0.0000,0.0000,0.0429,0.1193,-0.0030,0.0119,0.9928,1.166,,,,,,,
28,Left,14,0.0000,0.0000,0.0276,-0.0075,-0.0009,0.0429,0.9991,1.166,,,,,,,
28,Left,15,-0.0003,0.0011,0.0250,0.0000,0.0000,0.0000,1.0000,1.166,,,,,,,
28,Left,16,-0.0150,-0.0060,0.0348,0.0000,0.0000,0.0000,1.0000,1.166,,,,,,,
28,Left,17,-0.0025,-0.0005,0.0539,0.4421,-0.1096,0.1024,0.8843,1.166,,,,,,,
28,Left,18,0.0000,0.0000,0.0390,0.0735,-0.0005,0.0353,0.9967,1.166,,,,,,,
28,Left,19,0.0000,0.0000,0.0266,0.0415,0.0295,0.0066,0.9987,1.166,,,,,,,
28,Left,20,-0.0003,0.0016,0.0243,0.0000,0.0000,0.0000,1.0000,1.166,,,,,,,
28,Left,21,-0.0230,-0.0094,0.0341,0.0183,-0.1403,0.2070,0.9680,1.166,,,,,,,
28,Left,22,0.0000,0.0000,0.0457,0.4067,-0.0174,-0.0736,0.9104,1.166,,,,,,,
28,Left,23,0.0000,0.0000,0.0307,0.1280,-0.0371,0.0497,0.9898,1.166,,,,,,,
28,Left,24,0.0000,0.0000,0.0203,0.0276,0.0491,-0.0008,0.9984,1.166,,,,,,,
28,Left,25,0.0002,0.0012,0.0219,0.0000,0.0000,0.0000,1.0000,1.166,,,,,,,
28,Right,0,-0.0006,-0.0061,0.0659,0.0000,0.0000,0.0000,1.0000,1.166,,,,,,,
28,Right,1,0.0000,0.0000,0.0000,0.0000,0.0000,0.0000,1.0000,1.166,0.2702,0.1870,0.0510,0.4963,0.1898,-0.6877,0.4947
28,Right,2,-0.0221,-0.0241,0.0381,0.2068,-0.4076,0.7003,0.5483,1.166,,,,,,,
28,Right,3,0.0000,0.0000,0.0325,0.1899,0.0531,-0.0821,0.9769,1.166,,,,,,,
28,Right,4,0.0000,0.0000,0.0338,-0.0772,-0.0665,0.0838,0.9913,1.166,,,,,,,
28,Right,5,0.0007,0.0010,0.0246,0.0000,0.0000,0.0000,1.0000,1.166,,,,,,,
28,Right,6,-0.0158,-0.0135,0.0382,0.0000,0.0000,0.0000,1.0000,1.166,,,,,,,
28,Right,7,-0.0078,0.0062,0.0578,0.1848,0.0645,0.0265,0.9803,1.166,,,,,,,
28,Right,8,0.0000,0.0000,0.0379,0.0910,0.0048,-0.0262,0.9955,1.166,,,,,,,
28,Right,9,0.0000,0.0000,0.0243,0.0063,0.0259,-0.0165,0.9995,1.166,,,,,,,
28,Right,10,0.0003,0.0010,0.0224,0.0000,0.0000,0.0000,1.0000,1.166,,,,,,,
28,Right,11,0.0004,-0.0097,0.0361,0.0000,0.0000,0.0000,1.0000,1.166,,,,,,,
28,Right,12,-0.0022,0.0071,0.0596,0.2575,0.0934,-0.0283,0.9613,1.166,,,,,,,
28,Right,13,0.0000,0.0000,0.0429,0.0466,0.0038,-0.0115,0.9988,1.166,,,,,,,
28,Right,14,0.0000,0.0000,0.0275,-0.0123,0.0011,-0.0424,0.9990,1.166,,,,,,,
28,Right,15,0.0003,0.0011,0.0250,0.0000,0.0000,0.0000,1.0000,1.166,,,,,,,
28,Right,16,0.0150,-0.0060,0.0348,0.0000,0.0000,0.0000,1.0000,1.166,,,,,,,
28,Right,17,0.0025,-0.0005,0.0539,0.2495,0.1043,-0.0742,0.9599,1.166,,,,,,,
28,Right,18,0.0000,0.0000,0.0390,0.0433,0.0015,-0.0346,0.9985,1.166,,,,,,,
28,Right,19,0.0000,0.0000,0.0266,0.0325,-0.0294,-0.0062,0.9990,1.166,,,,,,,
28,Right,20,0.0003,0.0016,0.0243,0.0000,0.0000,0.0000,1.0000,1.166,,,,,,,
28,Right,21,0.0230,-0.0094,0.0341,0.0183,0.1403,-0.2070,0.9680,1.166,,,,,,,
28,Right,22,0.0000,0.0000,0.0457,0.1759,-0.0063,0.0862,0.9806,1.166,,,,,,,
28,Right,23,0.0000,0.0000,0.0307,0.0745,0.0394,-0.0452,0.9954,1.166,,,,,,,
28,Right,24,0.0000,0.0000,0.0203,0.0232,-0.0491,0.0008,0.9985,1.166,,,,,,,
28,Right,25,-0.0002,0.0012,0.0219,0.0000,0.0000,0.0000,1.0000,1.166,,,,,,,
29,Left,0,0.0031,-0.0047,0.0646,0.0000,0.0000,0.0000,1.0000,1.208,,,,,,,
29,Left,1,0.0000,0.0000,0.0000,0.0000,0.0000,0.0000,1.0000,1.208,-0.0965,0.2080,-0.0453,-0.5757,0.6247,-0.5221,0.0761
29,Left,2,0.0318,-0.0128,0.0329,-0.2177,0.2643,-0.4720,0.8124,1.208,,,,,,,
29,Left,3,0.0000,0.0000,0.0325,-0.0087,-0.0709,0.0832,0.9940,1.208,,,,,,,
29,Left,4,0.0000,0.0000,0.0338,-0.1744,0.0737,-0.0850,0.9782,1.208,,,,,,,
29,Left,5,-0.0007,0.0010,0.0246,0.0000,0.0000,0.0000,1.0000,1.208,,,,,,,
29,Left,6,0.0206,-0.0079,0.0356,0.0000,0.0000,0.0000,1.0000,1.208,,,,,,,
29,Left,7,0.0030,0.0005,0.0604,0.2997,-0.1529,0.0007,0.9417,1.208,,,,,,,
29,Left,8,0.0000,0.0000,0.0379,0.1970,-0.0020,0.0264,0.9800,1.208,,,,,,,
29,Left,9,0.0000,0.0000,0.0243,0.0565,-0.0251,0.0167,0.9980,1.208,,,,,,,
29,Left,10,-0.0003,0.0010,0.0224,0.0000,0.0000,0.0000,1.0000,1.208,,,,,,,
29,Left,11,0.0044,-0.0068,0.0335,0.0000,0.0000,0.0000,1.0000,1.208,,,,,,,
29,Left,12,-0.0027,0.0043,0.0622,0.4313,-0.1248,0.0609,0.8914,1.208,,,,,,,
29,Left,13,0.0000,0.0000,0.0429,0.1134,-0.0031,0.0119,0.9935,1.208,,,,,,,
29,Left,14,0.0000,0.0000,0.0275,-0.0087,-0.0009,0.0428,0.9990,1.208,,,,,,,
29,Left,15,-0.0003,0.0011,0.0250,0.0000,0.0000,0.0000,1.0000,1.208,,,,,,,
29,Left,16,-0.0150,-0.0060,0.0348,0.0000,0.0000,0.0000,1.0000,1.208,,,,,,,
29,Left,17,-0.0025,-0.0005,0.0539,0.4417,-0.1074,0.1014,0.8849,1.208,,,,,,,
29,Left,18,0.0000,0.0000,0.0390,0.0719,-0.0006,0.0352,0.9968,1.208,,,,,,,
29,Left,19,0.0000,0.0000,0.0266,0.0402,0.0295,0.0065,0.9987,1.208,,,,,,,
29,Left,20,-0.0003,0.0016,0.0243,0.0000,0.0000,0.0000,1.0000,1.208,,,,,,,
29,Left,21,-0.0230,-0.0094,0.0341,0.0183,-0.1403,0.2070,0.9680,1.208,,,,,,,
29,Left,22,0.0000,0.0000,0.0457,0.4057,-0.0159,-0.0742,0.9109,1.208,,,,,,,
29,Left,23,0.0000,0.0000,0.0307,0.1268,-0.0371,0.0496,0.9900,1.208,,,,,,,
29,Left,24,0.0000,0.0000,0.0203,0.0269,0.0491,-0.0008,0.9984,1.208,,,,,,,
29,Left,25,0.0002,0.0012,0.0219,0.0000,0.0000,0.0000,1.0000,1.208,,,,,,,
29,Right,0,-0.0006,-0.0061,0.0659,0.0000,0.0000,0.0000,1.0000,1.208,,,,,,,
29,Right,1,0.0000,0.0000,0.0000,0.0000,0.0000,0.0000,1.0000,1.208,0.2626,0.1789,0.0461,0.5036,0.1643,-0.6957,0.4852
29,Right,2,-0.0219,-0.0242,0.0381,0.2110,-0.4063,0.7018,0.5457,1.208,,,,,,,
29,Right,3,0.0000,0.0000,0.0325,0.1873,0.0534,-0.0821,0.9774,1.208,,,,,,,
29,Right,4,0.0000,0.0000,0.0338,-0.0949,-0.0679,0.0841,0.9896,1.208,,,,,,,
29,Right,5,0.0007,0.0010,0.0246,0.0000,0.0000,0.0000,1.0000,1.208,,,,,,,
29,Right,6,-0.0157,-0.0136,0.0383,0.0000,0.0000,0.0000,1.0000,1.208,,,,,,,
29,Right,7,-0.0079,0.0063,0.0577,0.1742,0.0649,0.0268,0.9822,1.208,,,,,,,
29,Right,8,0.0000,0.0000,0.0379,0.0641,0.0055,-0.0261,0.9976,1.208,,,,,,,
29,Right,9,0.0000,0.0000,0.0243,-0.0075,0.0262,-0.0164,0.9995,1.208,,,,,,,
29,Right,10,0.0003,0.0010,0.0224,0.0000,0.0000,0.0000,1.0000,1.208,,,,,,,
29,Right,11,0.0005,-0.0097,0.0361,0.0000,0.0000,0.0000,1.0000,1.208,,,,,,,
29,Right,12,-0.0023,0.0071,0.0595,0.2437,0.0941,-0.0271,0.9649,1.208,,,,,,,
29,Right,13,0.0000,0.0000,0.0429,0.0314,0.0040,-0.0114,0.9994,1.208,,,,,,,
29,Right,14,0.0000,0.0000,0.0275,-0.0209,0.0015,-0.0416,0.9989,1.208,,,,,,,
29,Right,15,0.0003,0.0011,0.0250,0.0000,0.0000,0.0000,1.0000,1.208,,,,,,,
29,Right,16,0.0150,-0.0060,0.0348,0.0000,0.0000,0.0000,1.0000,1.208,,,,,,,
29,Right,17,0.0025,-0.0005,0.0539,0.2489,0.1041,-0.0741,0.9601,1.208,,,,,,,
29,Right,18,0.0000,0.0000,0.0390,0.0269,0.0021,-0.0342,0.9991,1.208,,,,,,,
29,Right,19,0.0000,0.0000,0.0266,0.0258,-0.0294,-0.0059,0.9992,1.208,,,,,,,
29,Right,20,0.0003,0.0016,0.0243,0.0000,0.0000,0.0000,1.0000,1.208,,,,,,,
29,Right,21,0.0230,-0.0094,0.0341,0.0183,0.1403,-0.2070,0.9680,1.208,,,,,,,
29,Right,22,0.0000,0.0000,0.0457,0.1792,-0.0057,0.0860,0.9800,1.208,,,,,,,
29,Right,23,0.0000,0.0000,0.0307,0.0481,0.0405,-0.0430,0.9971,1.208,,,,,,,
29,Right,24,0.0000,0.0000,0.0203,0.0124,-0.0492,0.0008,0.9987,1.208,,,,,,,
29,Right,25,-0.0002,0.0012,0.0219,0.0000,0.0000,0.0000,1.0000,1.208,,,,,,,
30,Left,0,0.0031,-0.0047,0.0645,0.0000,0.0000,0.0000,1.0000,1.250,,,,,,,
30,Left,1,0.0000,0.0000,0.0000,0.0000,0.0000,0.0000,1.0000,1.250,-0.0985,0.2080,-0.0471,-0.5735,0.6224,-0.5270,0.0777
30,Left,2,0.0318,-0.0127,0.0328,-0.2302,0.2438,-0.4630,0.8205,1.250,,,,,,,
30,Left,3,0.0000,0.0000,0.0325,-0.0090,-0.0710,0.0832,0.9940,1.250,,,,,,,
30,Left,4,0.0000,0.0000,0.0338,-0.1756,0.0738,-0.0851,0.9780,1.250,,,,,,,
30,Left,5,-0.0007,0.0010,0.0246,0.0000,0.0000,0.0000,1.0000,1.250,,,,,,,
30,Left,6,0.0206,-0.0078,0.0356,0.0000,0.0000,0.0000,1.0000,1.250,,,,,,,
30,Left,7,0.0029,0.0005,0.0604,0.3048,-0.1515,0.0010,0.9403,1.250,,,,,,,
30,Left,8,0.0000,0.0000,0.0379,0.1888,-0.0022,0.0263,0.9817,1.250,,,,,,,
30,Left,9,0.0000,0.0000,0.0243,0.0546,-0.0251,0.0167,0.9981,1.250,,,,,,,
30,Left,10,-0.0003,0.0010,0.0224,0.0000,0.0000,0.0000,1.0000,1.250,,,,,,,
30,Left,11,0.0044,-0.0068,0.0334,0.0000,0.0000,0.0000,1.0000,1.250,,,,,,,
30,Left,12,-0.0027,0.0043,0.0622,0.4313,-0.1235,0.0604,0.8916,1.250,,,,,,,
30,Left,13,0.0000,0.0000,0.0429,0.1027,-0.0032,0.0118,0.9946,1.250,,,,,,,
30,Left,14,0.0000,0.0000,0.0275,-0.0102,-0.0010,0.0426,0.9990,1.250,,,,,,,
30,Left,15,-0.0003,0.0011,0.0250,0.0000,0.0000,0.0000,1.0000,1.250,,,,,,,
30,Left,16,-0.0150,-0.0060,0.0348,0.0000,0.0000,0.0000,1.0000,1.250,,,,,,,
30,Left,17,-0.0025,-0.0005,0.0539,0.4408,-0.1043,0.0999,0.8859,1.250,,,,,,,
30,Left,18,0.0000,0.0000,0.0390,0.0664,-0.0007,0.0351,0.9972,1.250,,,,,,,
30,Left,19,0.0000,0.0000,0.0266,0.0391,0.0295,0.0065,0.9988,1.250,,,,,,,
30,Left,20,-0.0003,0.0016,0.0243,0.0000,0.0000,0.0000,1.0000,1.250,,,,,,,
30,Left,21,-0.0230,-0.0094,0.0341,0.0183,-0.1403,0.2070,0.9680,1.250,,,,,,,
30,Left,22,0.0000,0.0000,0.0457,0.4047,-0.0122,-0.0758,0.9112,1.250,,,,,,,
30,Left,23,0.0000,0.0000,0.0307,0.1253,-0.0372,0.0495,0.9902,1.250,,,,,,,
30,Left,24,0.0000,0.0000,0.0203,0.0264,0.0491,-0.0008,0.9984,1.250,,,,,,,
30,Left,25,0.0002,0.0012,0.0219,0.0000,0.0000,0.0000,1.0000,1.250,,,,,,,
30,Right,0,-0.0006,-0.0061,0.0659,0.0000,0.0000,0.0000,1.0000,1.250,,,,,,,
30,Right,1,0.0000,0.0000,0.0000,0.0000,0.0000,0.0000,1.0000,1.250,0.2587,0.1751,0.0457,0.5187,0.1378,-0.6918,0.4831
30,Right,2,-0.0218,-0.0243,0.0382,0.2144,-0.4057,0.7028,0.5437,1.250,,,,,,,
30,Right,3,0.0000,0.0000,0.0325,0.1745,0.0546,-0.0823,0.9797,1.250,,,,,,,
30,Right,4,0.0000,0.0000,0.0338,-0.1156,-0.0694,0.0844,0.9873,1.250,,,,,,,
30,Right,5,0.0007,0.0010,0.0246,0.0000,0.0000,0.0000,1.0000,1.250,,,,,,,
30,Right,6,-0.0156,-0.0136,0.0383,0.0000,0.0000,0.0000,1.0000,1.250,,,,,,,
30,Right,7,-0.0079,0.0063,0.0577,0.1732,0.0646,0.0269,0.9824,1.250,,,,,,,
30,Right,8,0.0000,0.0000,0.0379,0.0520,0.0058,-0.0261,0.9983,1.250,,,,,,,
30,Right,9,0.0000,0.0000,0.0243,-0.0142,0.0263,-0.0164,0.9994,1.250,,,,,,,
30,Right,10,0.0003,0.0010,0.0224,0.0000,0.0000,0.0000,1.0000,1.250,,,,,,,
30,Right,11,0.0006,-0.0097,0.0361,0.0000,0.0000,0.0000,1.0000,1.250,,,,,,,
30,Right,12,-0.0023,0.0072,0.0595,0.2416,0.0922,-0.0266,0.9656,1.250,,,,,,,
30,Right,13,0.0000,0.0000,0.0429,0.0180,0.0042,-0.0114,0.9998,1.250,,,,,,,
30,Right,14,0.0000,0.0000,0.0275,-0.0294,0.0018,-0.0407,0.9987,1.250,,,,,,,
30,Right,15,0.0003,0.0011,0.0250,0.0000,0.0000,0.0000,1.0000,1.250,,,,,,,
30,Right,16,0.0150,-0.0060,0.0348,0.0000,0.0000,0.0000,1.0000,1.250,,,,,,,
30,Right,17,0.0025,-0.0005,0.0539,0.2478,0.0973,-0.0726,0.9612,1.250,,,,,,,
30,Right,18,0.0000,0.0000,0.0390,0.0231,0.0022,-0.0341,0.9992,1.250,,,,,,,
30,Right,19,0.0000,0.0000,0.0266,0.0202,-0.0294,-0.0056,0.9993,1.250,,,,,,,
30,Right,20,0.0003,0.0016,0.0243,0.0000,0.0000,0.0000,1.0000,1.250,,,,,,,
30,Right,21,0.0230,-0.0094,0.0341,0.0183,0.1403,-0.2070,0.9680,1.250,,,,,,,
30,Right,22,0.0000,0.0000,0.0457,0.1866,-0.0109,0.0867,0.9785,1.250,,,,,,,
30,Right,23,0.0000,0.0000,0.0307,0.0354,0.0410,-0.0419,0.9977,1.250,,,,,,,
30,Right,24,0.0000,0.0000,0.0203,0.0062,-0.0492,0.0007,0.9988,1.250,,,,,,,
30,Right,25,-0.0002,0.0012,0.0219,0.0000,0.0000,0.0000,1.0000,1.250,,,,,,,
31,Left,0,0.0031,-0.0047,0.0645,0.0000,0.0000,0.0000,1.0000,1.292,,,,,,,
31,Left,1,0.0000,0.0000,0.0000,0.0000,0.0000,0.0000,1.0000,1.292,-0.1011,0.2089,-0.0510,-0.5629,0.6220,-0.5379,0.0826
31,Left,2,0.0318,-0.0127,0.0328,-0.2347,0.2372,-0.4593,0.8233,1.292,,,,,,,
31,Left,3,0.0000,0.0000,0.0325,-0.0094,-0.0710,0.0832,0.9940,1.292,,,,,,,
31,Left,4,0.0000,0.0000,0.0338,-0.1766,0.0739,-0.0851,0.9778,1.292,,,,,,,
31,Left,5,-0.0007,0.0010,0.0246,0.0000,0.0000,0.0000,1.0000,1.292,,,,,,,
31,Left,6,0.0206,-0.0078,0.0356,0.0000,0.0000,0.0000,1.0000,1.292,,,,,,,
31,Left,7,0.0029,0.0005,0.0604,0.3083,-0.1503,0.0012,0.9393,1.292,,,,,,,
31,Left,8,0.0000,0.0000,0.0379,0.1850,-0.0023,0.0263,0.9824,1.292,,,,,,,
31,Left,9,0.0000,0.0000,0.0243,0.0525,-0.0251,0.0167,0.9982,1.292,,,,,,,
31,Left,10,-0.0003,0.0010,0.0224,0.0000,0.0000,0.0000,1.0000,1.292,,,,,,,
31,Left,11,0.0044,-0.0068,0.0334,0.0000,0.0000,0.0000,1.0000,1.292,,,,,,,
31,Left,12,-0.0027,0.0042,0.0622,0.4312,-0.1222,0.0598,0.8919,1.292,,,,,,,
31,Left,13,0.0000,0.0000,0.0429,0.0979,-0.0032,0.0118,0.9951,1.292,,,,,,,
31,Left,14,0.0000,0.0000,0.0275,-0.0115,-0.0011,0.0425,0.9990,1.292,,,,,,,
31,Left,15,-0.0003,0.0011,0.0250,0.0000,0.0000,0.0000,1.0000,1.292,,,,,,,
31,Left,16,-0.0150,-0.0060,0.0348,0.0000,0.0000,0.0000,1.0000,1.292,,,,,,,
31,Left,17,-0.0025,-0.0005,0.0539,0.4390,-0.1028,0.0990,0.8871,1.292,,,,,,,
31,Left,18,0.0000,0.0000,0.0390,0.0612,-0.0009,0.0350,0.9975,1.292,,,,,,,
31,Left,19,0.0000,0.0000,0.0266,0.0381,0.0295,0.0064,0.9988,1.292,,,,,,,
31,Left,20,-0.0003,0.0016,0.0243,0.0000,0.0000,0.0000,1.0000,1.292,,,,,,,
31,Left,21,-0.0230,-0.0094,0.0341,0.0183,-0.1403,0.2070,0.9680,1.292,,,,,,,
31,Left,22,0.0000,0.0000,0.0457,0.3952,-0.0090,-0.0773,0.9153,1.292,,,,,,,
31,Left,23,0.0000,0.0000,0.0307,0.1237,-0.0373,0.0493,0.9904,1.292,,,,,,,
31,Left,24,0.0000,0.0000,0.0203,0.0259,0.0491,-0.0008,0.9985,1.292,,,,,,,
31,Left,25,0.0002,0.0012,0.0219,0.0000,0.0000,0.0000,1.0000,1.292,,,,,,,
31,Right,0,-0.0005,-0.0061,0.0659,0.0000,0.0000,0.0000,1.0000,1.292,,,,,,,
31,Right,1,0.0000,0.0000,0.0000,0.0000,0.0000,0.0000,1.0000,1.292,0.2537,0.1722,0.0468,0.5226,0.1057,-0.6926,0.4859
31,Right,2,-0.0217,-0.0243,0.0382,0.2148,-0.4045,0.7035,0.5435,1.292,,,,,,,
31,Right,3,0.0000,0.0000,0.0325,0.1453,0.0574,-0.0826,0.9843,1.292,,,,,,,
31,Right,4,0.0000,0.0000,0.0338,-0.1486,-0.0719,0.0848,0.9826,1.292,,,,,,,
31,Right,5,0.0007,0.0010,0.0246,0.0000,0.0000,0.0000,1.0000,1.292,,,,,,,
31,Right,6,-0.0156,-0.0136,0.0383,0.0000,0.0000,0.0000,1.0000,1.292,,,,,,,
31,Right,7,-0.0080,0.0063,0.0577,0.1748,0.0544,0.0281,0.9827,1.292,,,,,,,
31,Right,8,0.0000,0.0000,0.0379,0.0506,0.0059,-0.0261,0.9984,1.292,,,,,,,
31,Right,9,0.0000,0.0000,0.0243,-0.0184,0.0263,-0.0164,0.9994,1.292,,,,,,,
31,Right,10,0.0003,0.0010,0.0224,0.0000,0.0000,0.0000,1.0000,1.292,,,,,,,
31,Right,11,0.0006,-0.0097,0.0361,0.0000,0.0000,0.0000,1.0000,1.292,,,,,,,
31,Right,12,-0.0024,0.0072,0.0595,0.2412,0.0817,-0.0244,0.9667,1.292,,,,,,,
31,Right,13,0.0000,0.0000,0.0429,0.0151,0.0042,-0.0113,0.9998,1.292,,,,,,,
31,Right,14,0.0000,0.0000,0.0275,-0.0323,0.0020,-0.0404,0.9987,1.292,,,,,,,
31,Right,15,0.0003,0.0011,0.0250,0.0000,0.0000,0.0000,1.0000,1.292,,,,,,,
31,Right,16,0.0150,-0.0060,0.0348,0.0000,0.0000,0.0000,1.0000,1.292,,,,,,,
31,Right,17,0.0025,-0.0005,0.0539,0.2465,0.0797,-0.0690,0.9634,1.292,,,,,,,
31,Right,18,0.0000,0.0000,0.0390,0.0214,0.0023,-0.0340,0.9992,1.292,,,,,,,
31,Right,19,0.0000,0.0000,0.0266,0.0191,-0.0294,-0.0055,0.9994,1.292,,,,,,,
31,Right,20,0.0003,0.0016,0.0243,0.0000,0.0000,0.0000,1.0000,1.292,,,,,,,
31,Right,21,0.0230,-0.0094,0.0341,0.0183,0.1403,-0.2070,0.9680,1.292,,,,,,,
31,Right,22,0.0000,0.0000,0.0457,0.1893,-0.0337,0.0906,0.9772,1.292,,,,,,,
31,Right,23,0.0000,0.0000,0.0307,0.0315,0.0412,-0.0415,0.9978,1.292,,,,,,,
31,Right,24,0.0000,0.0000,0.0203,0.0050,-0.0492,0.0007,0.9988,1.292,,,,,,,
31,Right,25,-0.0002,0.0012,0.0219,0.0000,0.0000,0.0000,1.0000,1.292,,,,,,,
32,Left,0,0.0031,-0.0047,0.0645,0.0000,0.0000,0.0000,1.0000,1.333,,,,,,,
32,Left,1,0.0000,0.0000,0.0000,0.0000,0.0000,0.0000,1.0000,1.333,-0.1016,0.2084,-0.0513,-0.5592,0.6234,-0.5390,0.0898
32,Left,2,0.0318,-0.0126,0.0328,-0.2343,0.2393,-0.4589,0.8229,1.333,,,,,,,
32,Left,3,0.0000,0.0000,0.0325,-0.0108,-0.0711,0.0832,0.9939,1.333,,,,,,,
32,Left,4,0.0000,0.0000,0.0338,-0.1775,0.0740,-0.0851,0.9776,1.333,,,,,,,
32,Left,5,-0.0007,0.0010,0.0246,0.0000,0.0000,0.0000,1.0000,1.333,,,,,,,
32,Left,6,0.0206,-0.0078,0.0356,0.0000,0.0000,0.0000,1.0000,1.333,,,,,,,
32,Left,7,0.0029,0.0005,0.0604,0.3109,-0.1496,0.0013,0.9386,1.333,,,,,,,
32,Left,8,0.0000,0.0000,0.0379,0.1826,-0.0024,0.0263,0.9828,1.333,,,,,,,
32,Left,9,0.0000,0.0000,0.0243,0.0496,-0.0252,0.0167,0.9983,1.333,,,,,,,
32,Left,10,-0.0003,0.0010,0.0224,0.0000,0.0000,0.0000,1.0000,1.333,,,,,,,
32,Left,11,0.0044,-0.0068,0.0334,0.0000,0.0000,0.0000,1.0000,1.333,,,,,,,
32,Left,12,-0.0027,0.0042,0.0622,0.4318,-0.1211,0.0594,0.8918,1.333,,,,,,,
32,Left,13,0.0000,0.0000,0.0429,0.0960,-0.0033,0.0118,0.9953,1.333,,,,,,,
32,Left,14,0.0000,0.0000,0.0275,-0.0131,-0.0011,0.0423,0.9990,1.333,,,,,,,
32,Left,15,-0.0003,0.0011,0.0250,0.0000,0.0000,0.0000,1.0000,1.333,,,,,,,
32,Left,16,-0.0150,-0.0060,0.0348,0.0000,0.0000,0.0000,1.0000,1.333,,,,,,,
32,Left,17,-0.0025,-0.0005,0.0539,0.4382,-0.1016,0.0984,0.8877,1.333,,,,,,,
32,Left,18,0.0000,0.0000,0.0390,0.0560,-0.0011,0.0349,0.9978,1.333,,,,,,,
32,Left,19,0.0000,0.0000,0.0266,0.0369,0.0295,0.0064,0.9989,1.333,,,,,,,
32,Left,20,-0.0003,0.0016,0.0243,0.0000,0.0000,0.0000,1.0000,1.333,,,,,,,
32,Left,21,-0.0230,-0.0094,0.0341,0.0183,-0.1403,0.2070,0.9680,1.333,,,,,,,
32,Left,22,0.0000,0.0000,0.0457,0.3876,-0.0068,-0.0783,0.9185,1.333,,,,,,,
32,Left,23,0.0000,0.0000,0.0307,0.1170,-0.0376,0.0488,0.9912,1.333,,,,,,,
32,Left,24,0.0000,0.0000,0.0203,0.0250,0.0491,-0.0008,0.9985,1.333,,,,,,,
32,Left,25,0.0002,0.0012,0.0219,0.0000,0.0000,0.0000,1.0000,1.333,,,,,,,
32,Right,0,-0.0005,-0.0061,0.0659,0.0000,0.0000,0.0000,1.0000,1.333,,,,,,,
32,Right,1,0.0000,0.0000,0.0000,0.0000,0.0000,0.0000,1.0000,1.333,0.2475,0.1664,0.0364,0.5230,0.1008,-0.6900,0.4901
32,Right,2,-0.0217,-0.0244,0.0382,0.2154,-0.4046,0.7035,0.5431,1.333,,,,,,,
32,Right,3,0.0000,0.0000,0.0325,0.1358,0.0582,-0.0827,0.9856,1.333,,,,,,,
32,Right,4,0.0000,0.0000,0.0338,-0.1516,-0.0721,0.0848,0.9821,1.333,,,,,,,
32,Right,5,0.0007,0.0010,0.0246,0.0000,0.0000,0.0000,1.0000,1.333,,,,,,,
32,Right,6,-0.0156,-0.0136,0.0383,0.0000,0.0000,0.0000,1.0000,1.333,,,,,,,
32,Right,7,-0.0080,0.0063,0.0577,0.1928,0.0545,0.0277,0.9793,1.333,,,,,,,
32,Right,8,0.0000,0.0000,0.0379,0.0509,0.0059,-0.0261,0.9983,1.333,,,,,,,
32,Right,9,0.0000,0.0000,0.0243,-0.0195,0.0263,-0.0164,0.9993,1.333,,,,,,,
32,Right,10,0.0003,0.0010,0.0224,0.0000,0.0000,0.0000,1.0000,1.333,,,,,,,
32,Right,11,0.0006,-0.0097,0.0361,0.0000,0.0000,0.0000,1.0000,1.333,,,,,,,
32,Right,12,-0.0024,0.0072,0.0595,0.2410,0.0724,-0.0225,0.9676,1.333,,,,,,,
32,Right,13,0.0000,0.0000,0.0429,0.0142,0.0042,-0.0113,0.9998,1.333,,,,,,,
32,Right,14,0.0000,0.0000,0.0275,-0.0334,0.0020,-0.0403,0.9986,1.333,,,,,,,
32,Right,15,0.0003,0.0011,0.0250,0.0000,0.0000,0.0000,1.0000,1.333,,,,,,,
32,Right,16,0.0150,-0.0060,0.0348,0.0000,0.0000,0.0000,1.0000,1.333,,,,,,,
32,Right,17,0.0025,-0.0005,0.0539,0.2442,0.0613,-0.0651,0.9656,1.333,,,,,,,
32,Right,18,0.0000,0.0000,0.0390,0.0199,0.0023,-0.0340,0.9992,1.333,,,,,,,
32,Right,19,0.0000,0.0000,0.0266,0.0183,-0.0294,-0.0055,0.9994,1.333,,,,,,,
32,Right,20,0.0003,0.0016,0.0243,0.0000,0.0000,0.0000,1.0000,1.333,,,,,,,
32,Right,21,0.0230,-0.0094,0.0341,0.0183,0.1403,-0.2070,0.9680,1.333,,,,,,,
32,Right,22,0.0000,0.0000,0.0457,0.1904,-0.0521,0.0936,0.9759,1.333,,,,,,,
32,Right,23,0.0000,0.0000,0.0307,0.0297,0.0413,-0.0414,0.9979,1.333,,,,,,,
32,Right,24,0.0000,0.0000,0.0203,0.0044,-0.0492,0.0007,0.9988,1.333,,,,,,,
32,Right,25,-0.0002,0.0012,0.0219,0.0000,0.0000,0.0000,1.0000,1.333,,,,,,,
33,Left,0,0.0031,-0.0047,0.0645,0.0000,0.0000,0.0000,1.0000,1.375,,,,,,,
33,Left,1,0.0000,0.0000,0.0000,0.0000,0.0000,0.0000,1.0000,1.375,-0.1021,0.2081,-0.0519,-0.5591,0.6236,-0.5388,0.0900
33,Left,2,0.0319,-0.0125,0.0327,-0.2342,0.2412,-0.4583,0.8228,1.375,,,,,,,
33,Left,3,0.0000,0.0000,0.0325,-0.0116,-0.0712,0.0832,0.9939,1.375,,,,,,,
33,Left,4,0.0000,0.0000,0.0338,-0.1783,0.0740,-0.0851,0.9775,1.375,,,,,,,
33,Left,5,-0.0007,0.0010,0.0246,0.0000,0.0000,0.0000,1.0000,1.375,,,,,,,
33,Left,6,0.0206,-0.0077,0.0356,0.0000,0.0000,0.0000,1.0000,1.375,,,,,,,
33,Left,7,0.0029,0.0004,0.0604,0.3122,-0.1487,0.0012,0.9383,1.375,,,,,,,
33,Left,8,0.0000,0.0000,0.0379,0.1791,-0.0025,0.0263,0.9835,1.375,,,,,,,
33,Left,9,0.0000,0.0000,0.0243,0.0475,-0.0252,0.0167,0.9984,1.375,,,,,,,
33,Left,10,-0.0003,0.0010,0.0224,0.0000,0.0000,0.0000,1.0000,1.375,,,,,,,
33,Left,11,0.0044,-0.0068,0.0334,0.0000,0.0000,0.0000,1.0000,1.375,,,,,,,
33,Left,12,-0.0027,0.0042,0.0622,0.4326,-0.1198,0.0589,0.8916,1.375,,,,,,,
33,Left,13,0.0000,0.0000,0.0429,0.0944,-0.0033,0.0118,0.9955,1.375,,,,,,,
33,Left,14,0.0000,0.0000,0.0275,-0.0145,-0.0012,0.0422,0.9990,1.375,,,,,,,
33,Left,15,-0.0003,0.0011,0.0250,0.0000,0.0000,0.0000,1.0000,1.375,,,,,,,
33,Left,16,-0.0150,-0.0060,0.0348,0.0000,0.0000,0.0000,1.0000,1.375,,,,,,,
33,Left,17,-0.0025,-0.0005,0.0539,0.4380,-0.1006,0.0979,0.8879,1.375,,,,,,,
33,Left,18,0.0000,0.0000,0.0390,0.0545,-0.0011,0.0348,0.9979,1.375,,,,,,,
33,Left,19,0.0000,0.0000,0.0266,0.0356,0.0295,0.0063,0.9989,1.375,,,,,,,
33,Left,20,-0.0003,0.0016,0.0243,0.0000,0.0000,0.0000,1.0000,1.375,,,,,,,
33,Left,21,-0.0230,-0.0094,0.0341,0.0183,-0.1403,0.2070,0.9680,1.375,,,,,,,
33,Left,22,0.0000,0.0000,0.0457,0.3867,-0.0055,-0.0789,0.9188,1.375,,,,,,,
33,Left,23,0.0000,0.0000,0.0307,0.1156,-0.0376,0.0487,0.9914,1.375,,,,,,,
33,Left,24,0.0000,0.0000,0.0203,0.0242,0.0491,-0.0008,0.9985,1.375,,,,,,,
33,Left,25,0.0002,0.0012,0.0219,0.0000,0.0000,0.0000,1.0000,1.375,,,,,,,
33,Right,0,-0.0006,-0.0061,0.0659,0.0000,0.0000,0.0000,1.0000,1.375,,,,,,,
33,Right,1,0.0000,0.0000,0.0000,0.0000,0.0000,0.0000,1.0000,1.375,0.2447,0.1620,0.0340,0.5270,0.0807,-0.6849,0.4967
33,Right,2,-0.0219,-0.0243,0.0381,0.2125,-0.4061,0.7022,0.5448,1.375,,,,,,,
33,Right,3,0.0000,0.0000,0.0325,0.1295,0.0588,-0.0828,0.9864,1.375,,,,,,,
33,Right,4,0.0000,0.0000,0.0338,-0.1604,-0.0727,0.0849,0.9807,1.375,,,,,,,
33,Right,5,0.0007,0.0010,0.0246,0.0000,0.0000,0.0000,1.0000,1.375,,,,,,,
33,Right,6,-0.0156,-0.0136,0.0383,0.0000,0.0000,0.0000,1.0000,1.375,,,,,,,
33,Right,7,-0.0079,0.0063,0.0577,0.2098,0.0547,0.0273,0.9758,1.375,,,,,,,
33,Right,8,0.0000,0.0000,0.0379,0.0512,0.0059,-0.0261,0.9983,1.375,,,,,,,
33,Right,9,0.0000,0.0000,0.0243,-0.0200,0.0264,-0.0164,0.9993,1.375,,,,,,,
33,Right,10,0.0003,0.0010,0.0224,0.0000,0.0000,0.0000,1.0000,1.375,,,,,,,
33,Right,11,0.0006,-0.0097,0.0361,0.0000,0.0000,0.0000,1.0000,1.375,,,,,,,
33,Right,12,-0.0023,0.0072,0.0595,0.2429,0.0641,-0.0209,0.9677,1.375,,,,,,,
33,Right,13,0.0000,0.0000,0.0429,0.0133,0.0042,-0.0113,0.9998,1.375,,,,,,,
33,Right,14,0.0000,0.0000,0.0275,-0.0345,0.0021,-0.0402,0.9986,1.375,,,,,,,
33,Right,15,0.0003,0.0011,0.0250,0.0000,0.0000,0.0000,1.0000,1.375,,,,,,,
33,Right,16,0.0150,-0.0060,0.0348,0.0000,0.0000,0.0000,1.0000,1.375,,,,,,,
33,Right,17,0.0025,-0.0005,0.0539,0.2421,0.0421,-0.0612,0.9674,1.375,,,,,,,
33,Right,18,0.0000,0.0000,0.0390,0.0187,0.0024,-0.0340,0.9992,1.375,,,,,,,
33,Right,19,0.0000,0.0000,0.0266,0.0176,-0.0294,-0.0055,0.9994,1.375,,,,,,,
33,Right,20,0.0003,0.0016,0.0243,0.0000,0.0000,0.0000,1.0000,1.375,,,,,,,
33,Right,21,0.0230,-0.0094,0.0341,0.0183,0.1403,-0.2070,0.9680,1.375,,,,,,,
33,Right,22,0.0000,0.0000,0.0457,0.1911,-0.0737,0.0971,0.9740,1.375,,,,,,,
33,Right,23,0.0000,0.0000,0.0307,0.0292,0.0413,-0.0413,0.9979,1.375,,,,,,,
33,Right,24,0.0000,0.0000,0.0203,0.0040,-0.0492,0.0007,0.9988,1.375,,,,,,,
33,Right,25,-0.0002,0.0012,0.0219,0.0000,0.0000,0.0000,1.0000,1.375,,,,,,,
34,Left,0,0.0031,-0.0047,0.0645,0.0000,0.0000,0.0000,1.0000,1.416,,,,,,,
34,Left,1,0.0000,0.0000,0.0000,0.0000,0.0000,0.0000,1.0000,1.416,-0.1025,0.2076,-0.0517,-0.5580,0.6247,-0.5383,0.0927
34,Left,2,0.0318,-0.0126,0.0327,-0.2321,0.2444,-0.4599,0.8215,1.416,,,,,,,
34,Left,3,0.0000,0.0000,0.0325,-0.0124,-0.0712,0.0832,0.9939,1.416,,,,,,,
34,Left,4,0.0000,0.0000,0.0338,-0.1791,0.0741,-0.0851,0.9773,1.416,,,,,,,
34,Left,5,-0.0007,0.0010,0.0246,0.0000,0.0000,0.0000,1.0000,1.416,,,,,,,
34,Left,6,0.0206,-0.0077,0.0356,0.0000,0.0000,0.0000,1.0000,1.416,,,,,,,
34,Left,7,0.0029,0.0004,0.0604,0.3133,-0.1478,0.0011,0.9381,1.416,,,,,,,
34,Left,8,0.0000,0.0000,0.0379,0.1785,-0.0025,0.0263,0.9836,1.416,,,,,,,
34,Left,9,0.0000,0.0000,0.0243,0.0461,-0.0252,0.0167,0.9985,1.416,,,,,,,
34,Left,10,-0.0003,0.0010,0.0224,0.0000,0.0000,0.0000,1.0000,1.416,,,,,,,
34,Left,11,0.0044,-0.0068,0.0334,0.0000,0.0000,0.0000,1.0000,1.416,,,,,,,
34,Left,12,-0.0027,0.0042,0.0622,0.4334,-0.1185,0.0585,0.8915,1.416,,,,,,,
34,Left,13,0.0000,0.0000,0.0429,0.0931,-0.0033,0.0118,0.9956,1.416,,,,,,,
34,Left,14,0.0000,0.0000,0.0275,-0.0157,-0.0012,0.0421,0.9990,1.416,,,,,,,
34,Left,15,-0.0003,0.0011,0.0250,0.0000,0.0000,0.0000,1.0000,1.416,,,,,,,
34,Left,16,-0.0150,-0.0060,0.0348,0.0000,0.0000,0.0000,1.0000,1.416,,,,,,,
34,Left,17,-0.0025,-0.0005,0.0539,0.4382,-0.0998,0.0976,0.8880,1.416,,,,,,,
34,Left,18,0.0000,0.0000,0.0390,0.0529,-0.0012,0.0348,0.9980,1.416,,,,,,,
34,Left,19,0.0000,0.0000,0.0266,0.0343,0.0294,0.0063,0.9990,1.416,,,,,,,
34,Left,20,-0.0003,0.0016,0.0243,0.0000,0.0000,0.0000,1.0000,1.416,,,,,,,
34,Left,21,-0.0230,-0.0094,0.0341,0.0183,-0.1403,0.2070,0.9680,1.416,,,,,,,
34,Left,22,0.0000,0.0000,0.0457,0.3866,-0.0045,-0.0792,0.9188,1.416,,,,,,,
34,Left,23,0.0000,0.0000,0.0307,0.1139,-0.0377,0.0485,0.9916,1.416,,,,,,,
34,Left,24,0.0000,0.0000,0.0203,0.0231,0.0491,-0.0008,0.9985,1.416,,,,,,,
34,Left,25,0.0002,0.0012,0.0219,0.0000,0.0000,0.0000,1.0000,1.416,,,,,,,
34,Right,0,-0.0007,-0.0061,0.0659,0.0000,0.0000,0.0000,1.0000,1.416,,,,,,,
34,Right,1,0.0000,0.0000,0.0000,0.0000,0.0000,0.0000,1.0000,1.416,0.2424,0.1602,0.0340,0.5313,0.0685,-0.6834,0.4960
34,Right,2,-0.0223,-0.0240,0.0380,0.2027,-0.4101,0.6982,0.5507,1.416,,,,,,,
34,Right,3,0.0000,0.0000,0.0325,0.1284,0.0589,-0.0828,0.9865,1.416,,,,,,,
34,Right,4,0.0000,0.0000,0.0338,-0.1610,-0.0728,0.0849,0.9806,1.416,,,,,,,
34,Right,5,0.0007,0.0010,0.0246,0.0000,0.0000,0.0000,1.0000,1.416,,,,,,,
34,Right,6,-0.0159,-0.0135,0.0382,0.0000,0.0000,0.0000,1.0000,1.416,,,,,,,
34,Right,7,-0.0077,0.0061,0.0578,0.2135,0.0514,0.0278,0.9752,1.416,,,,,,,
34,Right,8,0.0000,0.0000,0.0379,0.0510,0.0059,-0.0261,0.9983,1.416,,,,,,,
34,Right,9,0.0000,0.0000,0.0243,-0.0211,0.0264,-0.0163,0.9993,1.416,,,,,,,
34,Right,10,0.0003,0.0010,0.0224,0.0000,0.0000,0.0000,1.0000,1.416,,,,,,,
34,Right,11,0.0003,-0.0096,0.0361,0.0000,0.0000,0.0000,1.0000,1.416,,,,,,,
34,Right,12,-0.0021,0.0071,0.0596,0.2492,0.0490,-0.0181,0.9671,1.416,,,,,,,
34,Right,13,0.0000,0.0000,0.0429,0.0128,0.0042,-0.0113,0.9998,1.416,,,,,,,
34,Right,14,0.0000,0.0000,0.0275,-0.0355,0.0021,-0.0401,0.9986,1.416,,,,,,,
34,Right,15,0.0003,0.0011,0.0250,0.0000,0.0000,0.0000,1.0000,1.416,,,,,,,
34,Right,16,0.0150,-0.0060,0.0348,0.0000,0.0000,0.0000,1.0000,1.416,,,,,,,
34,Right,17,0.0025,-0.0005,0.0539,0.2417,0.0336,-0.0595,0.9679,1.416,,,,,,,
34,Right,18,0.0000,0.0000,0.0390,0.0182,0.0024,-0.0339,0.9993,1.416,,,,,,,
34,Right,19,0.0000,0.0000,0.0266,0.0166,-0.0294,-0.0054,0.9994,1.416,,,,,,,
34,Right,20,0.0003,0.0016,0.0243,0.0000,0.0000,0.0000,1.0000,1.416,,,,,,,
34,Right,21,0.0230,-0.0094,0.0341,0.0183,0.1403,-0.2070,0.9680,1.416,,,,,,,
34,Right,22,0.0000,0.0000,0.0457,0.1916,-0.0807,0.0983,0.9732,1.416,,,,,,,
34,Right,23,0.0000,0.0000,0.0307,0.0298,0.0412,-0.0414,0.9978,1.416,,,,,,,
34,Right,24,0.0000,0.0000,0.0203,0.0030,-0.0492,0.0007,0.9988,1.416,,,,,,,
34,Right,25,-0.0002,0.0012,0.0219,0.0000,0.0000,0.0000,1.0000,1.416,,,,,,,
35,Left,0,0.0031,-0.0047,0.0645,0.0000,0.0000,0.0000,1.0000,1.458,,,,,,,
35,Left,1,0.0000,0.0000,0.0000,0.0000,0.0000,0.0000,1.0000,1.458,-0.1026,0.2067,-0.0510,-0.5582,0.6272,-0.5346,0.0958
35,Left,2,0.0318,-0.0126,0.0327,-0.2314,0.2456,-0.4604,0.8210,1.458,,,,,,,
35,Left,3,0.0000,0.0000,0.0325,-0.0137,-0.0713,0.0832,0.9939,1.458,,,,,,,
35,Left,4,0.0000,0.0000,0.0338,-0.1798,0.0741,-0.0851,0.9772,1.458,,,,,,,
35,Left,5,-0.0007,0.0010,0.0246,0.0000,0.0000,0.0000,1.0000,1.458,,,,,,,
35,Left,6,0.0206,-0.0077,0.0356,0.0000,0.0000,0.0000,1.0000,1.458,,,,,,,
35,Left,7,0.0029,0.0004,0.0604,0.3146,-0.1475,0.0012,0.9377,1.458,,,,,,,
35,Left,8,0.0000,0.0000,0.0379,0.1785,-0.0025,0.0263,0.9836,1.458,,,,,,,
35,Left,9,0.0000,0.0000,0.0243,0.0453,-0.0253,0.0167,0.9985,1.458,,,,,,,
35,Left,10,-0.0003,0.0010,0.0224,0.0000,0.0000,0.0000,1.0000,1.458,,,,,,,
35,Left,11,0.0044,-0.0068,0.0334,0.0000,0.0000,0.0000,1.0000,1.458,,,,,,,
35,Left,12,-0.0027,0.0042,0.0622,0.4346,-0.1177,0.0583,0.8910,1.458,,,,,,,
35,Left,13,0.0000,0.0000,0.0429,0.0926,-0.0033,0.0118,0.9956,1.458,,,,,,,
35,Left,14,0.0000,0.0000,0.0275,-0.0165,-0.0013,0.0420,0.9990,1.458,,,,,,,
35,Left,15,-0.0003,0.0011,0.0250,0.0000,0.0000,0.0000,1.0000,1.458,,,,,,,
35,Left,16,-0.0150,-0.0060,0.0348,0.0000,0.0000,0.0000,1.0000,1.458,,,,,,,
35,Left,17,-0.0025,-0.0005,0.0539,0.4384,-0.0988,0.0972,0.8880,1.458,,,,,,,
35,Left,18,0.0000,0.0000,0.0390,0.0515,-0.0012,0.0347,0.9981,1.458,,,,,,,
35,Left,19,0.0000,0.0000,0.0266,0.0331,0.0294,0.0062,0.9990,1.458,,,,,,,
35,Left,20,-0.0003,0.0016,0.0243,0.0000,0.0000,0.0000,1.0000,1.458,,,,,,,
35,Left,21,-0.0230,-0.0094,0.0341,0.0183,-0.1403,0.2070,0.9680,1.458,,,,,,,
35,Left,22,0.0000,0.0000,0.0457,0.3856,-0.0034,-0.0797,0.9192,1.458,,,,,,,
35,Left,23,0.0000,0.0000,0.0307,0.1126,-0.0378,0.0484,0.9917,1.458,,,,,,,
35,Left,24,0.0000,0.0000,0.0203,0.0223,0.0491,-0.0008,0.9985,1.458,,,,,,,
35,Left,25,0.0002,0.0012,0.0219,0.0000,0.0000,0.0000,1.0000,1.458,,,,,,,
35,Right,0,-0.0009,-0.0060,0.0658,0.0000,0.0000,0.0000,1.0000,1.458,,,,,,,
35,Right,1,0.0000,0.0000,0.0000,0.0000,0.0000,0.0000,1.0000,1.458,0.2382,0.1537,0.0286,0.5392,0.0583,-0.6807,0.4925
35,Right,2,-0.0231,-0.0235,0.0378,0.1885,-0.4177,0.6911,0.5589,1.458,,,,,,,
35,Right,3,0.0000,0.0000,0.0325,0.1280,0.0590,-0.0828,0.9866,1.458,,,,,,,
35,Right,4,0.0000,0.0000,0.0338,-0.1595,-0.0727,0.0849,0.9808,1.458,,,,,,,
35,Right,5,0.0007,0.0010,0.0246,0.0000,0.0000,0.0000,1.0000,1.458,,,,,,,
35,Right,6,-0.0163,-0.0132,0.0381,0.0000,0.0000,0.0000,1.0000,1.458,,,,,,,
35,Right,7,-0.0073,0.0059,0.0579,0.2152,0.0456,0.0287,0.9751,1.458,,,,,,,
35,Right,8,0.0000,0.0000,0.0379,0.0513,0.0059,-0.0261,0.9983,1.458,,,,,,,
35,Right,9,0.0000,0.0000,0.0243,-0.0216,0.0264,-0.0163,0.9993,1.458,,,,,,,
35,Right,10,0.0003,0.0010,0.0224,0.0000,0.0000,0.0000,1.0000,1.458,,,,,,,
35,Right,11,0.0000,-0.0095,0.0360,0.0000,0.0000,0.0000,1.0000,1.458,,,,,,,
35,Right,12,-0.0017,0.0070,0.0597,0.2503,0.0438,-0.0171,0.9670,1.458,,,,,,,
35,Right,13,0.0000,0.0000,0.0429,0.0126,0.0042,-0.0113,0.9998,1.458,,,,,,,
35,Right,14,0.0000,0.0000,0.0275,-0.0359,0.0021,-0.0401,0.9985,1.458,,,,,,,
35,Right,15,0.0003,0.0011,0.0250,0.0000,0.0000,0.0000,1.0000,1.458,,,,,,,
35,Right,16,0.0150,-0.0060,0.0348,0.0000,0.0000,0.0000,1.0000,1.458,,,,,,,
35,Right,17,0.0025,-0.0005,0.0539,0.2422,0.0326,-0.0593,0.9679,1.458,,,,,,,
35,Right,18,0.0000,0.0000,0.0390,0.0184,0.0024,-0.0339,0.9993,1.458,,,,,,,
35,Right,19,0.0000,0.0000,0.0266,0.0167,-0.0294,-0.0054,0.9994,1.458,,,,,,,
35,Right,20,0.0003,0.0016,0.0243,0.0000,0.0000,0.0000,1.0000,1.458,,,,,,,
35,Right,21,0.0230,-0.0094,0.0341,0.0183,0.1403,-0.2070,0.9680,1.458,,,,,,,
35,Right,22,0.0000,0.0000,0.0457,0.1915,-0.0809,0.0983,0.9732,1.458,,,,,,,
35,Right,23,0.0000,0.0000,0.0307,0.0313,0.0412,-0.0415,0.9978,1.458,,,,,,,
35,Right,24,0.0000,0.0000,0.0203,0.0022,-0.0492,0.0007,0.9988,1.458,,,,,,,
35,Right,25,-0.0002,0.0012,0.0219,0.0000,0.0000,0.0000,1.0000,1.458,,,,,,,
36,Left,0,0.0031,-0.0047,0.0645,0.0000,0.0000,0.0000,1.0000,1.500,,,,,,,
36,Left,1,0.0000,0.0000,0.0000,0.0000,0.0000,0.0000,1.0000,1.500,-0.1028,0.2066,-0.0514,-0.5568,0.6277,-0.5354,0.0966
36,Left,2,0.0318,-0.0126,0.0327,-0.2311,0.2462,-0.4606,0.8209,1.500,,,,,,,
36,Left,3,0.0000,0.0000,0.0325,-0.0145,-0.0714,0.0832,0.9939,1.500,,,,,,,
36,Left,4,0.0000,0.0000,0.0338,-0.1804,0.0742,-0.0851,0.9771,1.500,,,,,,,
36,Left,5,-0.0007,0.0010,0.0246,0.0000,0.0000,0.0000,1.0000,1.500,,,,,,,
36,Left,6,0.0206,-0.0077,0.0356,0.0000,0.0000,0.0000,1.0000,1.500,,,,,,,
36,Left,7,0.0029,0.0004,0.0604,0.3155,-0.1473,0.0012,0.9374,1.500,,,,,,,
36,Left,8,0.0000,0.0000,0.0379,0.1794,-0.0024,0.0263,0.9834,1.500,,,,,,,
36,Left,9,0.0000,0.0000,0.0243,0.0450,-0.0253,0.0167,0.9985,1.500,,,,,,,
36,Left,10,-0.0003,0.0010,0.0224,0.0000,0.0000,0.0000,1.0000,1.500,,,,,,,
36,Left,11,0.0044,-0.0068,0.0334,0.0000,0.0000,0.0000,1.0000,1.500,,,,,,,
36,Left,12,-0.0027,0.0042,0.0622,0.4355,-0.1168,0.0581,0.8907,1.500,,,,,,,
36,Left,13,0.0000,0.0000,0.0429,0.0924,-0.0033,0.0118,0.9956,1.500,,,,,,,
36,Left,14,0.0000,0.0000,0.0275,-0.0175,-0.0013,0.0419,0.9990,1.500,,,,,,,
36,Left,15,-0.0003,0.0011,0.0250,0.0000,0.0000,0.0000,1.0000,1.500,,,,,,,
36,Left,16,-0.0150,-0.0060,0.0348,0.0000,0.0000,0.0000,1.0000,1.500,,,,,,,
36,Left,17,-0.0025,-0.0005,0.0539,0.4391,-0.0983,0.0971,0.8878,1.500,,,,,,,
36,Left,18,0.0000,0.0000,0.0390,0.0496,-0.0013,0.0347,0.9982,1.500,,,,,,,
36,Left,19,0.0000,0.0000,0.0266,0.0315,0.0294,0.0061,0.9991,1.500,,,,,,,
36,Left,20,-0.0003,0.0016,0.0243,0.0000,0.0000,0.0000,1.0000,1.500,,,,,,,
36,Left,21,-0.0230,-0.0094,0.0341,0.0183,-0.1403,0.2070,0.9680,1.500,,,,,,,
36,Left,22,0.0000,0.0000,0.0457,0.3856,-0.0033,-0.0797,0.9192,1.500,,,,,,,
36,Left,23,0.0000,0.0000,0.0307,0.1077,-0.0380,0.0480,0.9923,1.500,,,,,,,
36,Left,24,0.0000,0.0000,0.0203,0.0211,0.0491,-0.0008,0.9986,1.500,,,,,,,
36,Left,25,0.0002,0.0012,0.0219,0.0000,0.0000,0.0000,1.0000,1.500,,,,,,,
36,Right,0,-0.0009,-0.0060,0.0658,0.0000,0.0000,0.0000,1.0000,1.500,,,,,,,
36,Right,1,0.0000,0.0000,0.0000,0.0000,0.0000,0.0000,1.0000,1.500,0.2365,0.1520,0.0253,0.5346,0.0536,-0.6862,0.4903
36,Right,2,-0.0231,-0.0235,0.0378,0.1866,-0.4174,0.6908,0.5601,1.500,,,,,,,
36,Right,3,0.0000,0.0000,0.0325,0.1277,0.0590,-0.0828,0.9866,1.500,,,,,,,
36,Right,4,0.0000,0.0000,0.0338,-0.1582,-0.0726,0.0849,0.9811,1.500,,,,,,,
36,Right,5,0.0007,0.0010,0.0246,0.0000,0.0000,0.0000,1.0000,1.500,,,,,,,
36,Right,6,-0.0163,-0.0132,0.0381,0.0000,0.0000,0.0000,1.0000,1.500,,,,,,,
36,Right,7,-0.0073,0.0059,0.0579,0.2301,0.0381,0.0299,0.9720,1.500,,,,,,,
36,Right,8,0.0000,0.0000,0.0379,0.0530,0.0058,-0.0261,0.9982,1.500,,,,,,,
36,Right,9,0.0000,0.0000,0.0243,-0.0216,0.0264,-0.0163,0.9993,1.500,,,,,,,
36,Right,10,0.0003,0.0010,0.0224,0.0000,0.0000,0.0000,1.0000,1.500,,,,,,,
36,Right,11,-0.0001,-0.0095,0.0360,0.0000,0.0000,0.0000,1.0000,1.500,,,,,,,
36,Right,12,-0.0017,0.0070,0.0597,0.2638,0.0425,-0.0174,0.9635,1.500,,,,,,,
36,Right,13,0.0000,0.0000,0.0429,0.0139,0.0042,-0.0113,0.9998,1.500,,,,,,,
36,Right,14,0.0000,0.0000,0.0275,-0.0364,0.0021,-0.0400,0.9985,1.500,,,,,,,
36,Right,15,0.0003,0.0011,0.0250,0.0000,0.0000,0.0000,1.0000,1.500,,,,,,,
36,Right,16,0.0150,-0.0060,0.0348,0.0000,0.0000,0.0000,1.0000,1.500,,,,,,,
36,Right,17,0.0025,-0.0005,0.0539,0.2501,0.0319,-0.0595,0.9659,1.500,,,,,,,
36,Right,18,0.0000,0.0000,0.0390,0.0195,0.0023,-0.0340,0.9992,1.500,,,,,,,
36,Right,19,0.0000,0.0000,0.0266,0.0168,-0.0294,-0.0054,0.9994,1.500,,,,,,,
36,Right,20,0.0003,0.0016,0.0243,0.0000,0.0000,0.0000,1.0000,1.500,,,,,,,
36,Right,21,0.0230,-0.0094,0.0341,0.0183,0.1403,-0.2070,0.9680,1.500,,,,,,,
36,Right,22,0.0000,0.0000,0.0457,0.1945,-0.0790,0.0981,0.9728,1.500,,,,,,,
36,Right,23,0.0000,0.0000,0.0307,0.0414,0.0408,-0.0424,0.9974,1.500,,,,,,,
36,Right,24,0.0000,0.0000,0.0203,0.0016,-0.0492,0.0007,0.9988,1.500,,,,,,,
36,Right,25,-0.0002,0.0012,0.0219,0.0000,0.0000,0.0000,1.0000,1.500,,,,,,,
37,Left,0,0.0031,-0.0047,0.0645,0.0000,0.0000,0.0000,1.0000,1.541,,,,,,,
37,Left,1,0.0000,0.0000,0.0000,0.0000,0.0000,0.0000,1.0000,1.541,-0.1032,0.2062,-0.0518,-0.5544,0.6286,-0.5360,0.1007
37,Left,2,0.0318,-0.0126,0.0327,-0.2305,0.2472,-0.4611,0.8205,1.541,,,,,,,
37,Left,3,0.0000,0.0000,0.0325,-0.0155,-0.0715,0.0831,0.9938,1.541,,,,,,,
37,Left,4,0.0000,0.0000,0.0338,-0.1809,0.0742,-0.0851,0.9770,1.541,,,,,,,
37,Left,5,-0.0007,0.0010,0.0246,0.0000,0.0000,0.0000,1.0000,1.541,,,,,,,
37,Left,6,0.0206,-0.0078,0.0356,0.0000,0.0000,0.0000,1.0000,1.541,,,,,,,
37,Left,7,0.0029,0.0004,0.0604,0.3159,-0.1469,0.0012,0.9373,1.541,,,,,,,
37,Left,8,0.0000,0.0000,0.0379,0.1800,-0.0024,0.0263,0.9833,1.541,,,,,,,
37,Left,9,0.0000,0.0000,0.0243,0.0447,-0.0253,0.0167,0.9985,1.541,,,,,,,
37,Left,10,-0.0003,0.0010,0.0224,0.0000,0.0000,0.0000,1.0000,1.541,,,,,,,
37,Left,11,0.0044,-0.0068,0.0334,0.0000,0.0000,0.0000,1.0000,1.541,,,,,,,
37,Left,12,-0.0027,0.0042,0.0622,0.4355,-0.1161,0.0578,0.8908,1.541,,,,,,,
37,Left,13,0.0000,0.0000,0.0429,0.0921,-0.0033,0.0118,0.9957,1.541,,,,,,,
37,Left,14,0.0000,0.0000,0.0275,-0.0183,-0.0013,0.0418,0.9990,1.541,,,,,,,
37,Left,15,-0.0003,0.0011,0.0250,0.0000,0.0000,0.0000,1.0000,1.541,,,,,,,
37,Left,16,-0.0150,-0.0060,0.0348,0.0000,0.0000,0.0000,1.0000,1.541,,,,,,,
37,Left,17,-0.0025,-0.0005,0.0539,0.4390,-0.0980,0.0969,0.8879,1.541,,,,,,,
37,Left,18,0.0000,0.0000,0.0390,0.0470,-0.0014,0.0346,0.9983,1.541,,,,,,,
37,Left,19,0.0000,0.0000,0.0266,0.0299,0.0294,0.0061,0.9991,1.541,,,,,,,
37,Left,20,-0.0003,0.0016,0.0243,0.0000,0.0000,0.0000,1.0000,1.541,,,,,,,
37,Left,21,-0.0230,-0.0094,0.0341,0.0183,-0.1403,0.2070,0.9680,1.541,,,,,,,
37,Left,22,0.0000,0.0000,0.0457,0.3847,-0.0032,-0.0798,0.9196,1.541,,,,,,,
37,Left,23,0.0000,0.0000,0.0307,0.1013,-0.0383,0.0475,0.9930,1.541,,,,,,,
37,Left,24,0.0000,0.0000,0.0203,0.0197,0.0491,-0.0008,0.9986,1.541,,,,,,,
37,Left,25,0.0002,0.0012,0.0219,0.0000,0.0000,0.0000,1.0000,1.541,,,,,,,
37,Right,0,-0.0009,-0.0060,0.0658,0.0000,0.0000,0.0000,1.0000,1.541,,,,,,,
37,Right,1,0.0000,0.0000,0.0000,0.0000,0.0000,0.0000,1.0000,1.541,0.2357,0.1520,0.0192,0.5269,0.0467,-0.6871,0.4981
37,Right,2,-0.0232,-0.0234,0.0378,0.1842,-0.4164,0.6908,0.5617,1.541,,,,,,,
37,Right,3,0.0000,0.0000,0.0325,0.1270,0.0591,-0.0828,0.9867,1.541,,,,,,,
37,Right,4,0.0000,0.0000,0.0338,-0.1573,-0.0725,0.0849,0.9812,1.541,,,,,,,
37,Right,5,0.0007,0.0010,0.0246,0.0000,0.0000,0.0000,1.0000,1.541,,,,,,,
37,Right,6,-0.0163,-0.0132,0.0381,0.0000,0.0000,0.0000,1.0000,1.541,,,,,,,
37,Right,7,-0.0072,0.0059,0.0579,0.2527,0.0327,0.0309,0.9665,1.541,,,,,,,
37,Right,8,0.0000,0.0000,0.0379,0.0599,0.0056,-0.0261,0.9978,1.541,,,,,,,
37,Right,9,0.0000,0.0000,0.0243,-0.0221,0.0264,-0.0163,0.9993,1.541,,,,,,,
37,Right,10,0.0003,0.0010,0.0224,0.0000,0.0000,0.0000,1.0000,1.541,,,,,,,
37,Right,11,-0.0001,-0.0095,0.0359,0.0000,0.0000,0.0000,1.0000,1.541,,,,,,,
37,Right,12,-0.0016,0.0069,0.0597,0.2789,0.0408,-0.0176,0.9593,1.541,,,,,,,
37,Right,13,0.0000,0.0000,0.0429,0.0170,0.0042,-0.0113,0.9998,1.541,,,,,,,
37,Right,14,0.0000,0.0000,0.0275,-0.0368,0.0022,-0.0400,0.9985,1.541,,,,,,,
37,Right,15,0.0003,0.0011,0.0250,0.0000,0.0000,0.0000,1.0000,1.541,,,,,,,
37,Right,16,0.0150,-0.0060,0.0348,0.0000,0.0000,0.0000,1.0000,1.541,,,,,,,
37,Right,17,0.0025,-0.0005,0.0539,0.2552,0.0311,-0.0595,0.9646,1.541,,,,,,,
37,Right,18,0.0000,0.0000,0.0390,0.0229,0.0022,-0.0341,0.9992,1.541,,,,,,,
37,Right,19,0.0000,0.0000,0.0266,0.0172,-0.0294,-0.0055,0.9994,1.541,,,,,,,
37,Right,20,0.0003,0.0016,0.0243,0.0000,0.0000,0.0000,1.0000,1.541,,,,,,,
37,Right,21,0.0230,-0.0094,0.0341,0.0183,0.1403,-0.2070,0.9680,1.541,,,,,,,
37,Right,22,0.0000,0.0000,0.0457,0.1984,-0.0772,0.0980,0.9721,1.541,,,,,,,
37,Right,23,0.0000,0.0000,0.0307,0.0547,0.0402,-0.0435,0.9967,1.541,,,,,,,
37,Right,24,0.0000,0.0000,0.0203,0.0009,-0.0492,0.0007,0.9988,1.541,,,,,,,
37,Right,25,-0.0002,0.0012,0.0219,0.0000,0.0000,0.0000,1.0000,1.541,,,,,,,
38,Left,0,0.0031,-0.0047,0.0645,0.0000,0.0000,0.0000,1.0000,1.583,,,,,,,
38,Left,1,0.0000,0.0000,0.0000,0.0000,0.0000,0.0000,1.0000,1.583,-0.1040,0.2048,-0.0526,-0.5543,0.6259,-0.5380,0.1074
38,Left,2,0.0318,-0.0126,0.0328,-0.2297,0.2482,-0.4618,0.8200,1.583,,,,,,,
38,Left,3,0.0000,0.0000,0.0325,-0.0187,-0.0718,0.0831,0.9938,1.583,,,,,,,
38,Left,4,0.0000,0.0000,0.0338,-0.1814,0.0742,-0.0851,0.9769,1.583,,,,,,,
38,Left,5,-0.0007,0.0010,0.0246,0.0000,0.0000,0.0000,1.0000,1.583,,,,,,,
38,Left,6,0.0206,-0.0078,0.0356,0.0000,0.0000,0.0000,1.0000,1.583,,,,,,,
38,Left,7,0.0029,0.0004,0.0604,0.3158,-0.1470,0.0012,0.9374,1.583,,,,,,,
38,Left,8,0.0000,0.0000,0.0379,0.1798,-0.0024,0.0263,0.9834,1.583,,,,,,,
38,Left,9,0.0000,0.0000,0.0243,0.0436,-0.0253,0.0166,0.9986,1.583,,,,,,,
38,Left,10,-0.0003,0.0010,0.0224,0.0000,0.0000,0.0000,1.0000,1.583,,,,,,,
38,Left,11,0.0044,-0.0068,0.0334,0.0000,0.0000,0.0000,1.0000,1.583,,,,,,,
38,Left,12,-0.0027,0.0042,0.0622,0.4353,-0.1155,0.0575,0.8910,1.583,,,,,,,
38,Left,13,0.0000,0.0000,0.0429,0.0917,-0.0033,0.0118,0.9957,1.583,,,,,,,
38,Left,14,0.0000,0.0000,0.0275,-0.0197,-0.0014,0.0417,0.9989,1.583,,,,,,,
38,Left,15,-0.0003,0.0011,0.0250,0.0000,0.0000,0.0000,1.0000,1.583,,,,,,,
38,Left,16,-0.0150,-0.0060,0.0348,0.0000,0.0000,0.0000,1.0000,1.583,,,,,,,
38,Left,17,-0.0025,-0.0005,0.0539,0.4384,-0.0967,0.0963,0.8883,1.583,,,,,,,
38,Left,18,0.0000,0.0000,0.0390,0.0456,-0.0014,0.0346,0.9984,1.583,,,,,,,
38,Left,19,0.0000,0.0000,0.0266,0.0274,0.0294,0.0059,0.9992,1.583,,,,,,,
38,Left,20,-0.0003,0.0016,0.0243,0.0000,0.0000,0.0000,1.0000,1.583,,,,,,,
38,Left,21,-0.0230,-0.0094,0.0341,0.0183,-0.1403,0.2070,0.9680,1.583,,,,,,,
38,Left,22,0.0000,0.0000,0.0457,0.3831,-0.0021,-0.0802,0.9202,1.583,,,,,,,
38,Left,23,0.0000,0.0000,0.0307,0.1000,-0.0383,0.0474,0.9931,1.583,,,,,,,
38,Left,24,0.0000,0.0000,0.0203,0.0184,0.0491,-0.0008,0.9986,1.583,,,,,,,
38,Left,25,0.0002,0.0012,0.0219,0.0000,0.0000,0.0000,1.0000,1.583,,,,,,,
38,Right,0,-0.0009,-0.0060,0.0658,0.0000,0.0000,0.0000,1.0000,1.583,,,,,,,
38,Right,1,0.0000,0.0000,0.0000,0.0000,0.0000,0.0000,1.0000,1.583,0.2332,0.1511,0.0170,0.5255,0.0414,-0.6863,0.5010
38,Right,2,-0.0232,-0.0234,0.0378,0.1828,-0.4160,0.6906,0.5626,1.583,,,,,,,
38,Right,3,0.0000,0.0000,0.0325,0.1231,0.0594,-0.0828,0.9871,1.583,,,,,,,
38,Right,4,0.0000,0.0000,0.0338,-0.1572,-0.0725,0.0849,0.9812,1.583,,,,,,,
38,Right,5,0.0007,0.0010,0.0246,0.0000,0.0000,0.0000,1.0000,1.583,,,,,,,
38,Right,6,-0.0163,-0.0132,0.0381,0.0000,0.0000,0.0000,1.0000,1.583,,,,,,,
38,Right,7,-0.0072,0.0059,0.0579,0.2730,0.0330,0.0309,0.9610,1.583,,,,,,,
38,Right,8,0.0000,0.0000,0.0379,0.0652,0.0055,-0.0261,0.9975,1.583,,,,,,,
38,Right,9,0.0000,0.0000,0.0243,-0.0225,0.0264,-0.0163,0.9993,1.583,,,,,,,
38,Right,10,0.0003,0.0010,0.0224,0.0000,0.0000,0.0000,1.0000,1.583,,,,,,,
38,Right,11,-0.0001,-0.0095,0.0359,0.0000,0.0000,0.0000,1.0000,1.583,,,,,,,
38,Right,12,-0.0016,0.0069,0.0597,0.2955,0.0341,-0.0166,0.9546,1.583,,,,,,,
38,Right,13,0.0000,0.0000,0.0429,0.0205,0.0041,-0.0114,0.9997,1.583,,,,,,,
38,Right,14,0.0000,0.0000,0.0275,-0.0370,0.0022,-0.0400,0.9985,1.583,,,,,,,
38,Right,15,0.0003,0.0011,0.0250,0.0000,0.0000,0.0000,1.0000,1.583,,,,,,,
38,Right,16,0.0150,-0.0060,0.0348,0.0000,0.0000,0.0000,1.0000,1.583,,,,,,,
38,Right,17,0.0025,-0.0005,0.0539,0.2638,0.0274,-0.0590,0.9624,1.583,,,,,,,
38,Right,18,0.0000,0.0000,0.0390,0.0284,0.0020,-0.0342,0.9990,1.583,,,,,,,
38,Right,19,0.0000,0.0000,0.0266,0.0177,-0.0294,-0.0055,0.9994,1.583,,,,,,,
38,Right,20,0.0003,0.0016,0.0243,0.0000,0.0000,0.0000,1.0000,1.583,,,,,,,
38,Right,21,0.0230,-0.0094,0.0341,0.0183,0.1403,-0.2070,0.9680,1.583,,,,,,,
38,Right,22,0.0000,0.0000,0.0457,0.2136,-0.0751,0.0984,0.9691,1.583,,,,,,,
38,Right,23,0.0000,0.0000,0.0307,0.0710,0.0396,-0.0449,0.9957,1.583,,,,,,,
38,Right,24,0.0000,0.0000,0.0203,0.0007,-0.0492,0.0007,0.9988,1.583,,,,,,,
38,Right,25,-0.0002,0.0012,0.0219,0.0000,0.0000,0.0000,1.0000,1.583,,,,,,,
39,Left,0,0.0031,-0.0047,0.0645,0.0000,0.0000,0.0000,1.0000,1.625,,,,,,,
39,Left,1,0.0000,0.0000,0.0000,0.0000,0.0000,0.0000,1.0000,1.625,-0.1048,0.2031,-0.0536,-0.5507,0.6257,-0.5399,0.1174
39,Left,2,0.0318,-0.0126,0.0328,-0.2285,0.2493,-0.4630,0.8193,1.625,,,,,,,
39,Left,3,0.0000,0.0000,0.0325,-0.0202,-0.0719,0.0831,0.9937,1.625,,,,,,,
39,Left,4,0.0000,0.0000,0.0338,-0.1819,0.0743,-0.0851,0.9768,1.625,,,,,,,
39,Left,5,-0.0007,0.0010,0.0246,0.0000,0.0000,0.0000,1.0000,1.625,,,,,,,
39,Left,6,0.0206,-0.0078,0.0356,0.0000,0.0000,0.0000,1.0000,1.625,,,,,,,
39,Left,7,0.0029,0.0005,0.0604,0.3157,-0.1471,0.0012,0.9374,1.625,,,,,,,
39,Left,8,0.0000,0.0000,0.0379,0.1794,-0.0024,0.0263,0.9834,1.625,,,,,,,
39,Left,9,0.0000,0.0000,0.0243,0.0422,-0.0253,0.0166,0.9987,1.625,,,,,,,
39,Left,10,-0.0003,0.0010,0.0224,0.0000,0.0000,0.0000,1.0000,1.625,,,,,,,
39,Left,11,0.0044,-0.0068,0.0334,0.0000,0.0000,0.0000,1.0000,1.625,,,,,,,
39,Left,12,-0.0027,0.0042,0.0622,0.4354,-0.1154,0.0574,0.8909,1.625,,,,,,,
39,Left,13,0.0000,0.0000,0.0429,0.0907,-0.0033,0.0118,0.9958,1.625,,,,,,,
39,Left,14,0.0000,0.0000,0.0275,-0.0231,-0.0016,0.0414,0.9989,1.625,,,,,,,
39,Left,15,-0.0003,0.0011,0.0250,0.0000,0.0000,0.0000,1.0000,1.625,,,,,,,
39,Left,16,-0.0150,-0.0060,0.0348,0.0000,0.0000,0.0000,1.0000,1.625,,,,,,,
39,Left,17,-0.0025,-0.0005,0.0539,0.4382,-0.0966,0.0962,0.8885,1.625,,,,,,,
39,Left,18,0.0000,0.0000,0.0390,0.0439,-0.0015,0.0346,0.9984,1.625,,,,,,,
39,Left,19,0.0000,0.0000,0.0266,0.0225,0.0294,0.0057,0.9993,1.625,,,,,,,
39,Left,20,-0.0003,0.0016,0.0243,0.0000,0.0000,0.0000,1.0000,1.625,,,,,,,
39,Left,21,-0.0230,-0.0094,0.0341,0.0183,-0.1403,0.2070,0.9680,1.625,,,,,,,
39,Left,22,0.0000,0.0000,0.0457,0.3816,-0.0009,-0.0807,0.9208,1.625,,,,,,,
39,Left,23,0.0000,0.0000,0.0307,0.0985,-0.0384,0.0472,0.9933,1.625,,,,,,,
39,Left,24,0.0000,0.0000,0.0203,0.0168,0.0491,-0.0008,0.9987,1.625,,,,,,,
39,Left,25,0.0002,0.0012,0.0219,0.0000,0.0000,0.0000,1.0000,1.625,,,,,,,
39,Right,0,-0.0009,-0.0060,0.0658,0.0000,0.0000,0.0000,1.0000,1.625,,,,,,,
39,Right,1,0.0000,0.0000,0.0000,0.0000,0.0000,0.0000,1.0000,1.625,0.2304,0.1523,0.0180,0.5253,0.0320,-0.6852,0.5035
39,Right,2,-0.0232,-0.0234,0.0378,0.1759,-0.4101,0.6919,0.5676,1.625,,,,,,,
39,Right,3,0.0000,0.0000,0.0325,0.1222,0.0595,-0.0828,0.9872,1.625,,,,,,,
39,Right,4,0.0000,0.0000,0.0338,-0.1577,-0.0725,0.0849,0.9812,1.625,,,,,,,
39,Right,5,0.0007,0.0010,0.0246,0.0000,0.0000,0.0000,1.0000,1.625,,,,,,,
39,Right,6,-0.0163,-0.0132,0.0381,0.0000,0.0000,0.0000,1.0000,1.625,,,,,,,
39,Right,7,-0.0072,0.0059,0.0579,0.2970,0.0327,0.0310,0.9538,1.625,,,,,,,
39,Right,8,0.0000,0.0000,0.0379,0.0655,0.0055,-0.0261,0.9975,1.625,,,,,,,
39,Right,9,0.0000,0.0000,0.0243,-0.0231,0.0264,-0.0163,0.9992,1.625,,,,,,,
39,Right,10,0.0003,0.0010,0.0224,0.0000,0.0000,0.0000,1.0000,1.625,,,,,,,
39,Right,11,-0.0001,-0.0095,0.0359,0.0000,0.0000,0.0000,1.0000,1.625,,,,,,,
39,Right,12,-0.0016,0.0069,0.0597,0.3116,0.0233,-0.0141,0.9498,1.625,,,,,,,
39,Right,13,0.0000,0.0000,0.0429,0.0215,0.0041,-0.0114,0.9997,1.625,,,,,,,
39,Right,14,0.0000,0.0000,0.0275,-0.0371,0.0022,-0.0400,0.9985,1.625,,,,,,,
39,Right,15,0.0003,0.0011,0.0250,0.0000,0.0000,0.0000,1.0000,1.625,,,,,,,
39,Right,16,0.0150,-0.0060,0.0348,0.0000,0.0000,0.0000,1.0000,1.625,,,,,,,
39,Right,17,0.0025,-0.0005,0.0539,0.2834,0.0171,-0.0571,0.9571,1.625,,,,,,,
39,Right,18,0.0000,0.0000,0.0390,0.0301,0.0020,-0.0342,0.9990,1.625,,,,,,,
39,Right,19,0.0000,0.0000,0.0266,0.0181,-0.0294,-0.0055,0.9994,1.625,,,,,,,
39,Right,20,0.0003,0.0016,0.0243,0.0000,0.0000,0.0000,1.0000,1.625,,,,,,,
39,Right,21,0.0230,-0.0094,0.0341,0.0183,0.1403,-0.2070,0.9680,1.625,,,,,,,
39,Right,22,0.0000,0.0000,0.0457,0.2358,-0.0737,0.0993,0.9639,1.625,,,,,,,
39,Right,23,0.0000,0.0000,0.0307,0.0786,0.0392,-0.0456,0.9951,1.625,,,,,,,
39,Right,24,0.0000,0.0000,0.0203,0.0011,-0.0492,0.0007,0.9988,1.625,,,,,,,
39,Right,25,-0.0002,0.0012,0.0219,0.0000,0.0000,0.0000,1.0000,1.625,,,,,,,
40,Left,0,0.0030,-0.0047,0.0646,0.0000,0.0000,0.0000,1.0000,1.667,,,,,,,
40,Left,1,0.0000,0.0000,0.0000,0.0000,0.0000,0.0000,1.0000,1.667,-0.1056,0.2021,-0.0551,-0.5482,0.6210,-0.5456,0.1272
40,Left,2,0.0317,-0.0129,0.0329,-0.2229,0.2527,-0.4698,0.8160,1.667,,,,,,,
40,Left,3,0.0000,0.0000,0.0325,-0.0248,-0.0723,0.0831,0.9936,1.667,,,,,,,
40,Left,4,0.0000,0.0000,0.0338,-0.1823,0.0743,-0.0851,0.9767,1.667,,,,,,,
40,Left,5,-0.0007,0.0010,0.0246,0.0000,0.0000,0.0000,1.0000,1.667,,,,,,,
40,Left,6,0.0206,-0.0079,0.0357,0.0000,0.0000,0.0000,1.0000,1.667,,,,,,,
40,Left,7,0.0030,0.0006,0.0603,0.3155,-0.1467,0.0010,0.9375,1.667,,,,,,,
40,Left,8,0.0000,0.0000,0.0379,0.1772,-0.0025,0.0263,0.9838,1.667,,,,,,,
40,Left,9,0.0000,0.0000,0.0243,0.0395,-0.0254,0.0166,0.9988,1.667,,,,,,,
40,Left,10,-0.0003,0.0010,0.0224,0.0000,0.0000,0.0000,1.0000,1.667,,,,,,,
40,Left,11,0.0044,-0.0068,0.0335,0.0000,0.0000,0.0000,1.0000,1.667,,,,,,,
40,Left,12,-0.0026,0.0043,0.0622,0.4346,-0.1145,0.0569,0.8915,1.667,,,,,,,
40,Left,13,0.0000,0.0000,0.0429,0.0893,-0.0033,0.0118,0.9959,1.667,,,,,,,
40,Left,14,0.0000,0.0000,0.0275,-0.0249,-0.0016,0.0412,0.9988,1.667,,,,,,,
40,Left,15,-0.0003,0.0011,0.0250,0.0000,0.0000,0.0000,1.0000,1.667,,,,,,,
40,Left,16,-0.0150,-0.0060,0.0348,0.0000,0.0000,0.0000,1.0000,1.667,,,,,,,
40,Left,17,-0.0025,-0.0005,0.0539,0.4377,-0.0950,0.0955,0.8890,1.667,,,,,,,
40,Left,18,0.0000,0.0000,0.0390,0.0423,-0.0016,0.0345,0.9985,1.667,,,,,,,
40,Left,19,0.0000,0.0000,0.0266,0.0211,0.0294,0.0056,0.9993,1.667,,,,,,,
40,Left,20,-0.0003,0.0016,0.0243,0.0000,0.0000,0.0000,1.0000,1.667,,,,,,,
40,Left,21,-0.0230,-0.0094,0.0341,0.0183,-0.1403,0.2070,0.9680,1.667,,,,,,,
40,Left,22,0.0000,0.0000,0.0457,0.3764,0.0007,-0.0813,0.9229,1.667,,,,,,,
40,Left,23,0.0000,0.0000,0.0307,0.0971,-0.0384,0.0471,0.9934,1.667,,,,,,,
40,Left,24,0.0000,0.0000,0.0203,0.0156,0.0491,-0.0008,0.9987,1.667,,,,,,,
40,Left,25,0.0002,0.0012,0.0219,0.0000,0.0000,0.0000,1.0000,1.667,,,,,,,
40,Right,0,-0.0009,-0.0060,0.0658,0.0000,0.0000,0.0000,1.0000,1.667,,,,,,,
40,Right,1,0.0000,0.0000,0.0000,0.0000,0.0000,0.0000,1.0000,1.667,0.2276,0.1551,0.0200,0.5294,0.0299,-0.6841,0.5008
40,Right,2,-0.0232,-0.0234,0.0378,0.1504,-0.3867,0.6965,0.5854,1.667,,,,,,,
40,Right,3,0.0000,0.0000,0.0325,0.1207,0.0596,-0.0829,0.9874,1.667,,,,,,,
40,Right,4,0.0000,0.0000,0.0338,-0.1573,-0.0725,0.0849,0.9812,1.667,,,,,,,
40,Right,5,0.0007,0.0010,0.0246,0.0000,0.0000,0.0000,1.0000,1.667,,,,,,,
40,Right,6,-0.0163,-0.0132,0.0381,0.0000,0.0000,0.0000,1.0000,1.667,,,,,,,
40,Right,7,-0.0072,0.0059,0.0579,0.3483,0.0330,0.0311,0.9363,1.667,,,,,,,
40,Right,8,0.0000,0.0000,0.0379,0.0717,0.0053,-0.0261,0.9971,1.667,,,,,,,
40,Right,9,0.0000,0.0000,0.0243,-0.0229,0.0264,-0.0163,0.9993,1.667,,,,,,,
40,Right,10,0.0003,0.0010,0.0224,0.0000,0.0000,0.0000,1.0000,1.667,,,,,,,
40,Right,11,-0.0001,-0.0095,0.0359,0.0000,0.0000,0.0000,1.0000,1.667,,,,,,,
40,Right,12,-0.0016,0.0069,0.0597,0.3818,0.0185,-0.0141,0.9239,1.667,,,,,,,
40,Right,13,0.0000,0.0000,0.0429,0.0407,0.0039,-0.0115,0.9991,1.667,,,,,,,
40,Right,14,0.0000,0.0000,0.0275,-0.0362,0.0021,-0.0400,0.9985,1.667,,,,,,,
40,Right,15,0.0003,0.0011,0.0250,0.0000,0.0000,0.0000,1.0000,1.667,,,,,,,
40,Right,16,0.0150,-0.0060,0.0348,0.0000,0.0000,0.0000,1.0000,1.667,,,,,,,
40,Right,17,0.0025,-0.0005,0.0539,0.3497,0.0116,-0.0572,0.9350,1.667,,,,,,,
40,Right,18,0.0000,0.0000,0.0390,0.0420,0.0016,-0.0345,0.9985,1.667,,,,,,,
40,Right,19,0.0000,0.0000,0.0266,0.0191,-0.0294,-0.0055,0.9994,1.667,,,,,,,
40,Right,20,0.0003,0.0016,0.0243,0.0000,0.0000,0.0000,1.0000,1.667,,,,,,,
40,Right,21,0.0230,-0.0094,0.0341,0.0183,0.1403,-0.2070,0.9680,1.667,,,,,,,
40,Right,22,0.0000,0.0000,0.0457,0.2856,-0.0692,0.1009,0.9505,1.667,,,,,,,
40,Right,23,0.0000,0.0000,0.0307,0.1002,0.0383,-0.0474,0.9931,1.667,,,,,,,
40,Right,24,0.0000,0.0000,0.0203,0.0017,-0.0492,0.0007,0.9988,1.667,,,,,,,
40,Right,25,-0.0002,0.0012,0.0219,0.0000,0.0000,0.0000,1.0000,1.667,,,,,,,
41,Left,0,0.0030,-0.0047,0.0646,0.0000,0.0000,0.0000,1.0000,1.708,,,,,,,
41,Left,1,0.0000,0.0000,0.0000,0.0000,0.0000,0.0000,1.0000,1.708,-0.1052,0.2025,-0.0571,-0.5417,0.6185,-0.5536,0.1328
41,Left,2,0.0317,-0.0129,0.0329,-0.2212,0.2544,-0.4714,0.8149,1.708,,,,,,,
41,Left,3,0.0000,0.0000,0.0325,-0.0303,-0.0727,0.0831,0.9934,1.708,,,,,,,
41,Left,4,0.0000,0.0000,0.0338,-0.1826,0.0743,-0.0851,0.9767,1.708,,,,,,,
41,Left,5,-0.0007,0.0010,0.0246,0.0000,0.0000,0.0000,1.0000,1.708,,,,,,,
41,Left,6,0.0206,-0.0079,0.0357,0.0000,0.0000,0.0000,1.0000,1.708,,,,,,,
41,Left,7,0.0030,0.0006,0.0603,0.3157,-0.1463,0.0009,0.9375,1.708,,,,,,,
41,Left,8,0.0000,0.0000,0.0379,0.1762,-0.0025,0.0263,0.9840,1.708,,,,,,,
41,Left,9,0.0000,0.0000,0.0243,0.0379,-0.0254,0.0166,0.9988,1.708,,,,,,,
41,Left,10,-0.0003,0.0010,0.0224,0.0000,0.0000,0.0000,1.0000,1.708,,,,,,,
41,Left,11,0.0044,-0.0069,0.0335,0.0000,0.0000,0.0000,1.0000,1.708,,,,,,,
41,Left,12,-0.0026,0.0043,0.0621,0.4344,-0.1137,0.0565,0.8917,1.708,,,,,,,
41,Left,13,0.0000,0.0000,0.0429,0.0884,-0.0033,0.0118,0.9960,1.708,,,,,,,
41,Left,14,0.0000,0.0000,0.0275,-0.0265,-0.0017,0.0410,0.9988,1.708,,,,,,,
41,Left,15,-0.0003,0.0011,0.0250,0.0000,0.0000,0.0000,1.0000,1.708,,,,,,,
41,Left,16,-0.0150,-0.0060,0.0348,0.0000,0.0000,0.0000,1.0000,1.708,,,,,,,
41,Left,17,-0.0025,-0.0005,0.0539,0.4381,-0.0937,0.0950,0.8890,1.708,,,,,,,
41,Left,18,0.0000,0.0000,0.0390,0.0414,-0.0016,0.0345,0.9985,1.708,,,,,,,
41,Left,19,0.0000,0.0000,0.0266,0.0198,0.0294,0.0056,0.9994,1.708,,,,,,,
41,Left,20,-0.0003,0.0016,0.0243,0.0000,0.0000,0.0000,1.0000,1.708,,,,,,,
41,Left,21,-0.0230,-0.0094,0.0341,0.0183,-0.1403,0.2070,0.9680,1.708,,,,,,,
41,Left,22,0.0000,0.0000,0.0457,0.3759,0.0020,-0.0819,0.9230,1.708,,,,,,,
41,Left,23,0.0000,0.0000,0.0307,0.0962,-0.0385,0.0470,0.9935,1.708,,,,,,,
41,Left,24,0.0000,0.0000,0.0203,0.0145,0.0492,-0.0008,0.9987,1.708,,,,,,,
41,Left,25,0.0002,0.0012,0.0219,0.0000,0.0000,0.0000,1.0000,1.708,,,,,,,
41,Right,0,-0.0009,-0.0060,0.0658,0.0000,0.0000,0.0000,1.0000,1.708,,,,,,,
41,Right,1,0.0000,0.0000,0.0000,0.0000,0.0000,0.0000,1.0000,1.708,0.2237,0.1580,0.0207,0.5225,0.0296,-0.6879,0.5030
41,Right,2,-0.0230,-0.0236,0.0379,0.1396,-0.3716,0.7008,0.5927,1.708,,,,,,,
41,Right,3,0.0000,0.0000,0.0325,0.1196,0.0597,-0.0829,0.9876,1.708,,,,,,,
41,Right,4,0.0000,0.0000,0.0338,-0.1552,-0.0724,0.0849,0.9816,1.708,,,,,,,
41,Right,5,0.0007,0.0010,0.0246,0.0000,0.0000,0.0000,1.0000,1.708,,,,,,,
41,Right,6,-0.0162,-0.0132,0.0381,0.0000,0.0000,0.0000,1.0000,1.708,,,,,,,
41,Right,7,-0.0073,0.0059,0.0579,0.3882,0.0335,0.0310,0.9204,1.708,,,,,,,
41,Right,8,0.0000,0.0000,0.0379,0.0885,0.0049,-0.0262,0.9957,1.708,,,,,,,
41,Right,9,0.0000,0.0000,0.0243,-0.0220,0.0264,-0.0163,0.9993,1.708,,,,,,,
41,Right,10,0.0003,0.0010,0.0224,0.0000,0.0000,0.0000,1.0000,1.708,,,,,,,
41,Right,11,0.0000,-0.0095,0.0360,0.0000,0.0000,0.0000,1.0000,1.708,,,,,,,
41,Right,12,-0.0017,0.0070,0.0597,0.4165,0.0166,-0.0141,0.9089,1.708,,,,,,,
41,Right,13,0.0000,0.0000,0.0429,0.0569,0.0037,-0.0116,0.9983,1.708,,,,,,,
41,Right,14,0.0000,0.0000,0.0275,-0.0349,0.0021,-0.0402,0.9986,1.708,,,,,,,
41,Right,15,0.0003,0.0011,0.0250,0.0000,0.0000,0.0000,1.0000,1.708,,,,,,,
41,Right,16,0.0150,-0.0060,0.0348,0.0000,0.0000,0.0000,1.0000,1.708,,,,,,,
41,Right,17,0.0025,-0.0005,0.0539,0.3835,0.0082,-0.0568,0.9217,1.708,,,,,,,
41,Right,18,0.0000,0.0000,0.0390,0.0541,0.0012,-0.0348,0.9979,1.708,,,,,,,
41,Right,19,0.0000,0.0000,0.0266,0.0208,-0.0294,-0.0056,0.9993,1.708,,,,,,,
41,Right,20,0.0003,0.0016,0.0243,0.0000,0.0000,0.0000,1.0000,1.708,,,,,,,
41,Right,21,0.0230,-0.0094,0.0341,0.0183,0.1403,-0.2070,0.9680,1.708,,,,,,,
41,Right,22,0.0000,0.0000,0.0457,0.3126,-0.0669,0.1018,0.9420,1.708,,,,,,,
41,Right,23,0.0000,0.0000,0.0307,0.1248,0.0372,-0.0494,0.9902,1.708,,,,,,,
41,Right,24,0.0000,0.0000,0.0203,0.0050,-0.0492,0.0007,0.9988,1.708,,,,,,,
41,Right,25,-0.0002,0.0012,0.0219,0.0000,0.0000,0.0000,1.0000,1.708,,,,,,,
42,Left,0,0.0030,-0.0047,0.0646,0.0000,0.0000,0.0000,1.0000,1.750,,,,,,,
42,Left,1,0.0000,0.0000,0.0000,0.0000,0.0000,0.0000,1.0000,1.750,-0.1040,0.2022,-0.0584,-0.5336,0.6188,-0.5587,0.1419
42,Left,2,0.0317,-0.0130,0.0329,-0.2141,0.2659,-0.4763,0.8103,1.750,,,,,,,
42,Left,3,0.0000,0.0000,0.0325,-0.0320,-0.0728,0.0831,0.9934,1.750,,,,,,,
42,Left,4,0.0000,0.0000,0.0338,-0.1830,0.0744,-0.0851,0.9766,1.750,,,,,,,
42,Left,5,-0.0007,0.0010,0.0246,0.0000,0.0000,0.0000,1.0000,1.750,,,,,,,
42,Left,6,0.0206,-0.0079,0.0357,0.0000,0.0000,0.0000,1.0000,1.750,,,,,,,
42,Left,7,0.0030,0.0006,0.0603,0.3162,-0.1459,0.0009,0.9374,1.750,,,,,,,
42,Left,8,0.0000,0.0000,0.0379,0.1767,-0.0025,0.0263,0.9839,1.750,,,,,,,
42,Left,9,0.0000,0.0000,0.0243,0.0368,-0.0254,0.0166,0.9989,1.750,,,,,,,
42,Left,10,-0.0003,0.0010,0.0224,0.0000,0.0000,0.0000,1.0000,1.750,,,,,,,
42,Left,11,0.0044,-0.0069,0.0335,0.0000,0.0000,0.0000,1.0000,1.750,,,,,,,
42,Left,12,-0.0026,0.0043,0.0621,0.4357,-0.1134,0.0566,0.8911,1.750,,,,,,,
42,Left,13,0.0000,0.0000,0.0429,0.0915,-0.0033,0.0118,0.9957,1.750,,,,,,,
42,Left,14,0.0000,0.0000,0.0275,-0.0270,-0.0017,0.0410,0.9988,1.750,,,,,,,
42,Left,15,-0.0003,0.0011,0.0250,0.0000,0.0000,0.0000,1.0000,1.750,,,,,,,
42,Left,16,-0.0150,-0.0060,0.0348,0.0000,0.0000,0.0000,1.0000,1.750,,,,,,,
42,Left,17,-0.0025,-0.0005,0.0539,0.4541,-0.0915,0.0963,0.8810,1.750,,,,,,,
42,Left,18,0.0000,0.0000,0.0390,0.0414,-0.0016,0.0345,0.9985,1.750,,,,,,,
42,Left,19,0.0000,0.0000,0.0266,0.0189,0.0294,0.0055,0.9994,1.750,,,,,,,
42,Left,20,-0.0003,0.0016,0.0243,0.0000,0.0000,0.0000,1.0000,1.750,,,,,,,
42,Left,21,-0.0230,-0.0094,0.0341,0.0183,-0.1403,0.2070,0.9680,1.750,,,,,,,
42,Left,22,0.0000,0.0000,0.0457,0.3930,0.0010,-0.0814,0.9159,1.750,,,,,,,
42,Left,23,0.0000,0.0000,0.0307,0.0960,-0.0385,0.0470,0.9935,1.750,,,,,,,
42,Left,24,0.0000,0.0000,0.0203,0.0138,0.0492,-0.0008,0.9987,1.750,,,,,,,
42,Left,25,0.0002,0.0012,0.0219,0.0000,0.0000,0.0000,1.0000,1.750,,,,,,,
42,Right,0,-0.0007,-0.0061,0.0658,0.0000,0.0000,0.0000,1.0000,1.750,,,,,,,
42,Right,1,0.0000,0.0000,0.0000,0.0000,0.0000,0.0000,1.0000,1.750,0.2215,0.1579,0.0173,0.5208,0.0319,-0.6885,0.5036
42,Right,2,-0.0225,-0.0239,0.0380,0.1479,-0.3670,0.7060,0.5873,1.750,,,,,,,
42,Right,3,0.0000,0.0000,0.0325,0.1198,0.0597,-0.0829,0.9875,1.750,,,,,,,
42,Right,4,0.0000,0.0000,0.0338,-0.1453,-0.0716,0.0848,0.9831,1.750,,,,,,,
42,Right,5,0.0007,0.0010,0.0246,0.0000,0.0000,0.0000,1.0000,1.750,,,,,,,
42,Right,6,-0.0160,-0.0134,0.0382,0.0000,0.0000,0.0000,1.0000,1.750,,,,,,,
42,Right,7,-0.0076,0.0061,0.0578,0.3996,0.0347,0.0306,0.9155,1.750,,,,,,,
42,Right,8,0.0000,0.0000,0.0379,0.1074,0.0044,-0.0262,0.9939,1.750,,,,,,,
42,Right,9,0.0000,0.0000,0.0243,-0.0184,0.0263,-0.0164,0.9994,1.750,,,,,,,
42,Right,10,0.0003,0.0010,0.0224,0.0000,0.0000,0.0000,1.0000,1.750,,,,,,,
42,Right,11,0.0002,-0.0096,0.0360,0.0000,0.0000,0.0000,1.0000,1.750,,,,,,,
42,Right,12,-0.0020,0.0071,0.0596,0.4446,0.0155,-0.0142,0.8955,1.750,,,,,,,
42,Right,13,0.0000,0.0000,0.0429,0.0746,0.0035,-0.0117,0.9971,1.750,,,,,,,
42,Right,14,0.0000,0.0000,0.0275,-0.0251,0.0016,-0.0411,0.9988,1.750,,,,,,,
42,Right,15,0.0003,0.0011,0.0250,0.0000,0.0000,0.0000,1.0000,1.750,,,,,,,
42,Right,16,0.0150,-0.0060,0.0348,0.0000,0.0000,0.0000,1.0000,1.750,,,,,,,
42,Right,17,0.0025,-0.0005,0.0539,0.4159,0.0067,-0.0571,0.9076,1.750,,,,,,,
42,Right,18,0.0000,0.0000,0.0390,0.0787,0.0003,-0.0354,0.9963,1.750,,,,,,,
42,Right,19,0.0000,0.0000,0.0266,0.0358,-0.0295,-0.0063,0.9989,1.750,,,,,,,
42,Right,20,0.0003,0.0016,0.0243,0.0000,0.0000,0.0000,1.0000,1.750,,,,,,,
42,Right,21,0.0230,-0.0094,0.0341,0.0183,0.1403,-0.2070,0.9680,1.750,,,,,,,
42,Right,22,0.0000,0.0000,0.0457,0.3458,-0.0627,0.1025,0.9306,1.750,,,,,,,
42,Right,23,0.0000,0.0000,0.0307,0.1519,0.0360,-0.0517,0.9864,1.750,,,,,,,
42,Right,24,0.0000,0.0000,0.0203,0.0170,-0.0491,0.0008,0.9986,1.750,,,,,,,
42,Right,25,-0.0002,0.0012,0.0219,0.0000,0.0000,0.0000,1.0000,1.750,,,,,,,
43,Left,0,0.0030,-0.0047,0.0646,0.0000,0.0000,0.0000,1.0000,1.792,,,,,,,
43,Left,1,0.0000,0.0000,0.0000,0.0000,0.0000,0.0000,1.0000,1.792,-0.1048,0.1991,-0.0657,-0.5371,0.6181,-0.5566,0.1404
43,Left,2,0.0317,-0.0129,0.0329,-0.2048,0.2837,-0.4813,0.8037,1.792,,,,,,,
43,Left,3,0.0000,0.0000,0.0325,-0.0333,-0.0729,0.0831,0.9933,1.792,,,,,,,
43,Left,4,0.0000,0.0000,0.0338,-0.1833,0.0744,-0.0851,0.9765,1.792,,,,,,,
43,Left,5,-0.0007,0.0010,0.0246,0.0000,0.0000,0.0000,1.0000,1.792,,,,,,,
43,Left,6,0.0206,-0.0079,0.0357,0.0000,0.0000,0.0000,1.0000,1.792,,,,,,,
43,Left,7,0.0030,0.0006,0.0603,0.3161,-0.1448,0.0006,0.9376,1.792,,,,,,,
43,Left,8,0.0000,0.0000,0.0379,0.1783,-0.0025,0.0263,0.9836,1.792,,,,,,,
43,Left,9,0.0000,0.0000,0.0243,0.0369,-0.0254,0.0166,0.9989,1.792,,,,,,,
43,Left,10,-0.0003,0.0010,0.0224,0.0000,0.0000,0.0000,1.0000,1.792,,,,,,,
43,Left,11,0.0044,-0.0069,0.0335,0.0000,0.0000,0.0000,1.0000,1.792,,,,,,,
43,Left,12,-0.0026,0.0043,0.0622,0.4358,-0.1141,0.0569,0.8910,1.792,,,,,,,
43,Left,13,0.0000,0.0000,0.0429,0.0934,-0.0033,0.0118,0.9956,1.792,,,,,,,
43,Left,14,0.0000,0.0000,0.0275,-0.0271,-0.0017,0.0410,0.9988,1.792,,,,,,,
43,Left,15,-0.0003,0.0011,0.0250,0.0000,0.0000,0.0000,1.0000,1.792,,,,,,,
43,Left,16,-0.0150,-0.0060,0.0348,0.0000,0.0000,0.0000,1.0000,1.792,,,,,,,
43,Left,17,-0.0025,-0.0005,0.0539,0.4561,-0.0931,0.0973,0.8797,1.792,,,,,,,
43,Left,18,0.0000,0.0000,0.0390,0.0409,-0.0016,0.0345,0.9986,1.792,,,,,,,
43,Left,19,0.0000,0.0000,0.0266,0.0184,0.0294,0.0055,0.9994,1.792,,,,,,,
43,Left,20,-0.0003,0.0016,0.0243,0.0000,0.0000,0.0000,1.0000,1.792,,,,,,,
43,Left,21,-0.0230,-0.0094,0.0341,0.0183,-0.1403,0.2070,0.9680,1.792,,,,,,,
43,Left,22,0.0000,0.0000,0.0457,0.4105,-0.0052,-0.0787,0.9084,1.792,,,,,,,
43,Left,23,0.0000,0.0000,0.0307,0.0946,-0.0386,0.0469,0.9937,1.792,,,,,,,
43,Left,24,0.0000,0.0000,0.0203,0.0135,0.0492,-0.0008,0.9987,1.792,,,,,,,
43,Left,25,0.0002,0.0012,0.0219,0.0000,0.0000,0.0000,1.0000,1.792,,,,,,,
43,Right,0,-0.0007,-0.0061,0.0658,0.0000,0.0000,0.0000,1.0000,1.792,,,,,,,
43,Right,1,0.0000,0.0000,0.0000,0.0000,0.0000,0.0000,1.0000,1.792,0.2200,0.1572,0.0158,0.5202,0.0314,-0.6823,0.5127
43,Right,2,-0.0225,-0.0239,0.0380,0.1494,-0.3669,0.7065,0.5864,1.792,,,,,,,
43,Right,3,0.0000,0.0000,0.0325,0.1198,0.0597,-0.0829,0.9875,1.792,,,,,,,
43,Right,4,0.0000,0.0000,0.0338,-0.1399,-0.0712,0.0847,0.9840,1.792,,,,,,,
43,Right,5,0.0007,0.0010,0.0246,0.0000,0.0000,0.0000,1.0000,1.792,,,,,,,
43,Right,6,-0.0159,-0.0134,0.0382,0.0000,0.0000,0.0000,1.0000,1.792,,,,,,,
43,Right,7,-0.0076,0.0061,0.0578,0.4025,0.0365,0.0300,0.9142,1.792,,,,,,,
43,Right,8,0.0000,0.0000,0.0379,0.1103,0.0043,-0.0262,0.9935,1.792,,,,,,,
43,Right,9,0.0000,0.0000,0.0243,-0.0150,0.0263,-0.0164,0.9994,1.792,,,,,,,
43,Right,10,0.0003,0.0010,0.0224,0.0000,0.0000,0.0000,1.0000,1.792,,,,,,,
43,Right,11,0.0003,-0.0096,0.0360,0.0000,0.0000,0.0000,1.0000,1.792,,,,,,,
43,Right,12,-0.0020,0.0071,0.0596,0.4555,0.0157,-0.0145,0.8900,1.792,,,,,,,
43,Right,13,0.0000,0.0000,0.0429,0.0873,0.0034,-0.0118,0.9961,1.792,,,,,,,
43,Right,14,0.0000,0.0000,0.0275,-0.0181,0.0013,-0.0418,0.9990,1.792,,,,,,,
43,Right,15,0.0003,0.0011,0.0250,0.0000,0.0000,0.0000,1.0000,1.792,,,,,,,
43,Right,16,0.0150,-0.0060,0.0348,0.0000,0.0000,0.0000,1.0000,1.792,,,,,,,
43,Right,17,0.0025,-0.0005,0.0539,0.4301,0.0069,-0.0575,0.9009,1.792,,,,,,,
43,Right,18,0.0000,0.0000,0.0390,0.0898,0.0000,-0.0356,0.9953,1.792,,,,,,,
43,Right,19,0.0000,0.0000,0.0266,0.0435,-0.0295,-0.0067,0.9986,1.792,,,,,,,
43,Right,20,0.0003,0.0016,0.0243,0.0000,0.0000,0.0000,1.0000,1.792,,,,,,,
43,Right,21,0.0230,-0.0094,0.0341,0.0183,0.1403,-0.2070,0.9680,1.792,,,,,,,
43,Right,22,0.0000,0.0000,0.0457,0.3579,-0.0613,0.1028,0.9260,1.792,,,,,,,
43,Right,23,0.0000,0.0000,0.0307,0.1596,0.0357,-0.0523,0.9852,1.792,,,,,,,
43,Right,24,0.0000,0.0000,0.0203,0.0326,-0.0491,0.0008,0.9983,1.792,,,,,,,
43,Right,25,-0.0002,0.0012,0.0219,0.0000,0.0000,0.0000,1.0000,1.792,,,,,,,
44,Left,0,0.0030,-0.0047,0.0646,0.0000,0.0000,0.0000,1.0000,1.833,,,,,,,
44,Left,1,0.0000,0.0000,0.0000,0.0000,0.0000,0.0000,1.0000,1.833,-0.1045,0.1989,-0.0649,-0.5415,0.6188,-0.5517,0.1397
44,Left,2,0.0317,-0.0129,0.0329,-0.2038,0.2846,-0.4823,0.8030,1.833,,,,,,,
44,Left,3,0.0000,0.0000,0.0325,-0.0335,-0.0730,0.0831,0.9933,1.833,,,,,,,
44,Left,4,0.0000,0.0000,0.0338,-0.1835,0.0744,-0.0851,0.9765,1.833,,,,,,,
44,Left,5,-0.0007,0.0010,0.0246,0.0000,0.0000,0.0000,1.0000,1.833,,,,,,,
44,Left,6,0.0206,-0.0079,0.0357,0.0000,0.0000,0.0000,1.0000,1.833,,,,,,,
44,Left,7,0.0030,0.0006,0.0603,0.3157,-0.1444,0.0004,0.9378,1.833,,,,,,,
44,Left,8,0.0000,0.0000,0.0379,0.1785,-0.0025,0.0263,0.9836,1.833,,,,,,,
44,Left,9,0.0000,0.0000,0.0243,0.0364,-0.0254,0.0166,0.9989,1.833,,,,,,,
44,Left,10,-0.0003,0.0010,0.0224,0.0000,0.0000,0.0000,1.0000,1.833,,,,,,,
44,Left,11,0.0044,-0.0069,0.0335,0.0000,0.0000,0.0000,1.0000,1.833,,,,,,,
44,Left,12,-0.0026,0.0043,0.0621,0.4370,-0.1148,0.0574,0.8903,1.833,,,,,,,
44,Left,13,0.0000,0.0000,0.0429,0.0948,-0.0033,0.0118,0.9954,1.833,,,,,,,
44,Left,14,0.0000,0.0000,0.0275,-0.0272,-0.0017,0.0409,0.9988,1.833,,,,,,,
44,Left,15,-0.0003,0.0011,0.0250,0.0000,0.0000,0.0000,1.0000,1.833,,,,,,,
44,Left,16,-0.0150,-0.0060,0.0348,0.0000,0.0000,0.0000,1.0000,1.833,,,,,,,
44,Left,17,-0.0025,-0.0005,0.0539,0.4599,-0.0954,0.0990,0.8773,1.833,,,,,,,
44,Left,18,0.0000,0.0000,0.0390,0.0403,-0.0016,0.0345,0.9986,1.833,,,,,,,
44,Left,19,0.0000,0.0000,0.0266,0.0178,0.0294,0.0055,0.9994,1.833,,,,,,,
44,Left,20,-0.0003,0.0016,0.0243,0.0000,0.0000,0.0000,1.0000,1.833,,,,,,,
44,Left,21,-0.0230,-0.0094,0.0341,0.0183,-0.1403,0.2070,0.9680,1.833,,,,,,,
44,Left,22,0.0000,0.0000,0.0457,0.4113,-0.0061,-0.0783,0.9081,1.833,,,,,,,
44,Left,23,0.0000,0.0000,0.0307,0.0887,-0.0388,0.0464,0.9942,1.833,,,,,,,
44,Left,24,0.0000,0.0000,0.0203,0.0129,0.0492,-0.0008,0.9987,1.833,,,,,,,
44,Left,25,0.0002,0.0012,0.0219,0.0000,0.0000,0.0000,1.0000,1.833,,,,,,,
44,Right,0,-0.0006,-0.0061,0.0659,0.0000,0.0000,0.0000,1.0000,1.833,,,,,,,
44,Right,1,0.0000,0.0000,0.0000,0.0000,0.0000,0.0000,1.0000,1.833,0.2193,0.1571,0.0154,0.5230,0.0399,-0.6824,0.5090
44,Right,2,-0.0221,-0.0242,0.0381,0.1567,-0.3629,0.7110,0.5816,1.833,,,,,,,
44,Right,3,0.0000,0.0000,0.0325,0.1204,0.0597,-0.0829,0.9875,1.833,,,,,,,
44,Right,4,0.0000,0.0000,0.0338,-0.1361,-0.0710,0.0847,0.9845,1.833,,,,,,,
44,Right,5,0.0007,0.0010,0.0246,0.0000,0.0000,0.0000,1.0000,1.833,,,,,,,
44,Right,6,-0.0157,-0.0135,0.0382,0.0000,0.0000,0.0000,1.0000,1.833,,,,,,,
44,Right,7,-0.0078,0.0062,0.0577,0.4071,0.0405,0.0284,0.9120,1.833,,,,,,,
44,Right,8,0.0000,0.0000,0.0379,0.1119,0.0043,-0.0263,0.9934,1.833,,,,,,,
44,Right,9,0.0000,0.0000,0.0243,-0.0133,0.0262,-0.0164,0.9994,1.833,,,,,,,
44,Right,10,0.0003,0.0010,0.0224,0.0000,0.0000,0.0000,1.0000,1.833,,,,,,,
44,Right,11,0.0005,-0.0097,0.0361,0.0000,0.0000,0.0000,1.0000,1.833,,,,,,,
44,Right,12,-0.0022,0.0071,0.0596,0.4583,0.0187,-0.0160,0.8884,1.833,,,,,,,
44,Right,13,0.0000,0.0000,0.0429,0.0891,0.0033,-0.0118,0.9959,1.833,,,,,,,
44,Right,14,0.0000,0.0000,0.0275,-0.0138,0.0012,-0.0423,0.9990,1.833,,,,,,,
44,Right,15,0.0003,0.0011,0.0250,0.0000,0.0000,0.0000,1.0000,1.833,,,,,,,
44,Right,16,0.0150,-0.0060,0.0348,0.0000,0.0000,0.0000,1.0000,1.833,,,,,,,
44,Right,17,0.0025,-0.0005,0.0539,0.4314,0.0084,-0.0582,0.9002,1.833,,,,,,,
44,Right,18,0.0000,0.0000,0.0390,0.0900,0.0000,-0.0356,0.9953,1.833,,,,,,,
44,Right,19,0.0000,0.0000,0.0266,0.0449,-0.0295,-0.0068,0.9985,1.833,,,,,,,
44,Right,20,0.0003,0.0016,0.0243,0.0000,0.0000,0.0000,1.0000,1.833,,,,,,,
44,Right,21,0.0230,-0.0094,0.0341,0.0183,0.1403,-0.2070,0.9680,1.833,,,,,,,
44,Right,22,0.0000,0.0000,0.0457,0.3592,-0.0601,0.1025,0.9257,1.833,,,,,,,
44,Right,23,0.0000,0.0000,0.0307,0.1595,0.0357,-0.0523,0.9852,1.833,,,,,,,
44,Right,24,0.0000,0.0000,0.0203,0.0339,-0.0491,0.0008,0.9982,1.833,,,,,,,
44,Right,25,-0.0002,0.0012,0.0219,0.0000,0.0000,0.0000,1.0000,1.833,,,,,,,
45,Left,0,0.0030,-0.0047,0.0646,0.0000,0.0000,0.0000,1.0000,1.889,,,,,,,
45,Left,1,0.0000,0.0000,0.0000,0.0000,0.0000,0.0000,1.0000,1.889,-0.1040,0.1992,-0.0648,-0.5412,0.6189,-0.5518,0.1396
45,Left,2,0.0317,-0.0129,0.0329,-0.2033,0.2861,-0.4824,0.8026,1.889,,,,,,,
45,Left,3,0.0000,0.0000,0.0325,-0.0336,-0.0730,0.0831,0.9933,1.889,,,,,,,
45,Left,4,0.0000,0.0000,0.0338,-0.1838,0.0744,-0.0851,0.9764,1.889,,,,,,,
45,Left,5,-0.0007,0.0010,0.0246,0.0000,0.0000,0.0000,1.0000,1.889,,,,,,,
45,Left,6,0.0206,-0.0079,0.0357,0.0000,0.0000,0.0000,1.0000,1.889,,,,,,,
45,Left,7,0.0030,0.0006,0.0603,0.3158,-0.1441,0.0003,0.9378,1.889,,,,,,,
45,Left,8,0.0000,0.0000,0.0379,0.1779,-0.0025,0.0263,0.9837,1.889,,,,,,,
45,Left,9,0.0000,0.0000,0.0243,0.0354,-0.0254,0.0166,0.9989,1.889,,,,,,,
45,Left,10,-0.0003,0.0010,0.0224,0.0000,0.0000,0.0000,1.0000,1.889,,,,,,,
45,Left,11,0.0044,-0.0069,0.0335,0.0000,0.0000,0.0000,1.0000,1.889,,,,,,,
45,Left,12,-0.0026,0.0043,0.0622,0.4386,-0.1157,0.0581,0.8893,1.889,,,,,,,
45,Left,13,0.0000,0.0000,0.0429,0.0957,-0.0033,0.0118,0.9953,1.889,,,,,,,
45,Left,14,0.0000,0.0000,0.0275,-0.0277,-0.0018,0.0409,0.9988,1.889,,,,,,,
45,Left,15,-0.0003,0.0011,0.0250,0.0000,0.0000,0.0000,1.0000,1.889,,,,,,,
45,Left,16,-0.0150,-0.0060,0.0348,0.0000,0.0000,0.0000,1.0000,1.889,,,,,,,
45,Left,17,-0.0025,-0.0005,0.0539,0.4630,-0.0972,0.1003,0.8753,1.889,,,,,,,
45,Left,18,0.0000,0.0000,0.0390,0.0388,-0.0017,0.0344,0.9987,1.889,,,,,,,
45,Left,19,0.0000,0.0000,0.0266,0.0168,0.0294,0.0054,0.9994,1.889,,,,,,,
45,Left,20,-0.0003,0.0016,0.0243,0.0000,0.0000,0.0000,1.0000,1.889,,,,,,,
45,Left,21,-0.0230,-0.0094,0.0341,0.0183,-0.1403,0.2070,0.9680,1.889,,,,,,,
45,Left,22,0.0000,0.0000,0.0457,0.4128,-0.0074,-0.0778,0.9075,1.889,,,,,,,
45,Left,23,0.0000,0.0000,0.0307,0.0832,-0.0390,0.0459,0.9947,1.889,,,,,,,
45,Left,24,0.0000,0.0000,0.0203,0.0120,0.0492,-0.0008,0.9987,1.889,,,,,,,
45,Left,25,0.0002,0.0012,0.0219,0.0000,0.0000,0.0000,1.0000,1.889,,,,,,,
45,Right,0,-0.0006,-0.0061,0.0659,0.0000,0.0000,0.0000,1.0000,1.889,,,,,,,
45,Right,1,0.0000,0.0000,0.0000,0.0000,0.0000,0.0000,1.0000,1.889,0.2178,0.1567,0.0139,0.5238,0.0489,-0.6855,0.5033
45,Right,2,-0.0218,-0.0243,0.0381,0.1606,-0.3610,0.7132,0.5790,1.889,,,,,,,
45,Right,3,0.0000,0.0000,0.0325,0.1220,0.0595,-0.0828,0.9873,1.889,,,,,,,
45,Right,4,0.0000,0.0000,0.0338,-0.1331,-0.0707,0.0846,0.9850,1.889,,,,,,,
45,Right,5,0.0007,0.0010,0.0246,0.0000,0.0000,0.0000,1.0000,1.889,,,,,,,
45,Right,6,-0.0156,-0.0136,0.0383,0.0000,0.0000,0.0000,1.0000,1.889,,,,,,,
45,Right,7,-0.0079,0.0063,0.0577,0.4120,0.0423,0.0277,0.9098,1.889,,,,,,,
45,Right,8,0.0000,0.0000,0.0379,0.1133,0.0042,-0.0263,0.9932,1.889,,,,,,,
45,Right,9,0.0000,0.0000,0.0243,-0.0112,0.0262,-0.0164,0.9995,1.889,,,,,,,
45,Right,10,0.0003,0.0010,0.0224,0.0000,0.0000,0.0000,1.0000,1.889,,,,,,,
45,Right,11,0.0006,-0.0097,0.0361,0.0000,0.0000,0.0000,1.0000,1.889,,,,,,,
45,Right,12,-0.0023,0.0072,0.0595,0.4601,0.0224,-0.0177,0.8874,1.889,,,,,,,
45,Right,13,0.0000,0.0000,0.0429,0.0909,0.0033,-0.0118,0.9958,1.889,,,,,,,
45,Right,14,0.0000,0.0000,0.0275,-0.0119,0.0011,-0.0425,0.9990,1.889,,,,,,,
45,Right,15,0.0003,0.0011,0.0250,0.0000,0.0000,0.0000,1.0000,1.889,,,,,,,
45,Right,16,0.0150,-0.0060,0.0348,0.0000,0.0000,0.0000,1.0000,1.889,,,,,,,
45,Right,17,0.0025,-0.0005,0.0539,0.4335,0.0107,-0.0592,0.8992,1.889,,,,,,,
45,Right,18,0.0000,0.0000,0.0390,0.0903,-0.0001,-0.0356,0.9953,1.889,,,,,,,
45,Right,19,0.0000,0.0000,0.0266,0.0467,-0.0295,-0.0068,0.9985,1.889,,,,,,,
45,Right,20,0.0003,0.0016,0.0243,0.0000,0.0000,0.0000,1.0000,1.889,,,,,,,
45,Right,21,0.0230,-0.0094,0.0341,0.0183,0.1403,-0.2070,0.9680,1.889,,,,,,,
45,Right,22,0.0000,0.0000,0.0457,0.3608,-0.0587,0.1021,0.9252,1.889,,,,,,,
45,Right,23,0.0000,0.0000,0.0307,0.1577,0.0357,-0.0521,0.9855,1.889,,,,,,,
45,Right,24,0.0000,0.0000,0.0203,0.0349,-0.0491,0.0008,0.9982,1.889,,,,,,,
45,Right,25,-0.0002,0.0012,0.0219,0.0000,0.0000,0.0000,1.0000,1.889,,,,,,,
46,Left,0,0.0030,-0.0047,0.0646,0.0000,0.0000,0.0000,1.0000,1.930,,,,,,,
46,Left,1,0.0000,0.0000,0.0000,0.0000,0.0000,0.0000,1.0000,1.930,-0.1040,0.1990,-0.0653,-0.5407,0.6222,-0.5484,0.1409
46,Left,2,0.0317,-0.0129,0.0329,-0.1969,0.2972,-0.4860,0.7979,1.930,,,,,,,
46,Left,3,0.0000,0.0000,0.0325,-0.0317,-0.0728,0.0831,0.9934,1.930,,,,,,,
46,Left,4,0.0000,0.0000,0.0338,-0.1841,0.0744,-0.0851,0.9764,1.930,,,,,,,
46,Left,5,-0.0007,0.0010,0.0246,0.0000,0.0000,0.0000,1.0000,1.930,,,,,,,
46,Left,6,0.0206,-0.0079,0.0357,0.0000,0.0000,0.0000,1.0000,1.930,,,,,,,
46,Left,7,0.0030,0.0006,0.0603,0.3158,-0.1450,0.0006,0.9377,1.930,,,,,,,
46,Left,8,0.0000,0.0000,0.0379,0.1677,-0.0028,0.0263,0.9855,1.930,,,,,,,
46,Left,9,0.0000,0.0000,0.0243,0.0294,-0.0255,0.0166,0.9991,1.930,,,,,,,
46,Left,10,-0.0003,0.0010,0.0224,0.0000,0.0000,0.0000,1.0000,1.930,,,,,,,
46,Left,11,0.0044,-0.0069,0.0335,0.0000,0.0000,0.0000,1.0000,1.930,,,,,,,
46,Left,12,-0.0026,0.0043,0.0622,0.4391,-0.1164,0.0585,0.8889,1.930,,,,,,,
46,Left,13,0.0000,0.0000,0.0429,0.0948,-0.0033,0.0118,0.9954,1.930,,,,,,,
46,Left,14,0.0000,0.0000,0.0275,-0.0291,-0.0018,0.0408,0.9987,1.930,,,,,,,
46,Left,15,-0.0003,0.0011,0.0250,0.0000,0.0000,0.0000,1.0000,1.930,,,,,,,
46,Left,16,-0.0150,-0.0060,0.0348,0.0000,0.0000,0.0000,1.0000,1.930,,,,,,,
46,Left,17,-0.0025,-0.0005,0.0539,0.4640,-0.0988,0.1012,0.8745,1.930,,,,,,,
46,Left,18,0.0000,0.0000,0.0390,0.0294,-0.0020,0.0342,0.9990,1.930,,,,,,,
46,Left,19,0.0000,0.0000,0.0266,0.0151,0.0294,0.0054,0.9994,1.930,,,,,,,
46,Left,20,-0.0003,0.0016,0.0243,0.0000,0.0000,0.0000,1.0000,1.930,,,,,,,
46,Left,21,-0.0230,-0.0094,0.0341,0.0183,-0.1403,0.2070,0.9680,1.930,,,,,,,
46,Left,22,0.0000,0.0000,0.0457,0.4163,-0.0096,-0.0768,0.9059,1.930,,,,,,,
46,Left,23,0.0000,0.0000,0.0307,0.0576,-0.0401,0.0438,0.9966,1.930,,,,,,,
46,Left,24,0.0000,0.0000,0.0203,0.0103,0.0492,-0.0008,0.9987,1.930,,,,,,,
46,Left,25,0.0002,0.0012,0.0219,0.0000,0.0000,0.0000,1.0000,1.930,,,,,,,
46,Right,0,-0.0005,-0.0061,0.0659,0.0000,0.0000,0.0000,1.0000,1.930,,,,,,,
46,Right,1,0.0000,0.0000,0.0000,0.0000,0.0000,0.0000,1.0000,1.930,0.2141,0.1564,0.0106,0.5194,0.0560,-0.6904,0.5005
46,Right,2,-0.0216,-0.0244,0.0382,0.1651,-0.3598,0.7151,0.5761,1.930,,,,,,,
46,Right,3,0.0000,0.0000,0.0325,0.1247,0.0593,-0.0828,0.9870,1.930,,,,,,,
46,Right,4,0.0000,0.0000,0.0338,-0.1304,-0.0705,0.0846,0.9853,1.930,,,,,,,
46,Right,5,0.0007,0.0010,0.0246,0.0000,0.0000,0.0000,1.0000,1.930,,,,,,,
46,Right,6,-0.0155,-0.0137,0.0383,0.0000,0.0000,0.0000,1.0000,1.930,,,,,,,
46,Right,7,-0.0080,0.0063,0.0577,0.4189,0.0504,0.0244,0.9063,1.930,,,,,,,
46,Right,8,0.0000,0.0000,0.0379,0.1150,0.0042,-0.0263,0.9930,1.930,,,,,,,
46,Right,9,0.0000,0.0000,0.0243,-0.0018,0.0261,-0.0164,0.9995,1.930,,,,,,,
46,Right,10,0.0003,0.0010,0.0224,0.0000,0.0000,0.0000,1.0000,1.930,,,,,,,
46,Right,11,0.0007,-0.0097,0.0361,0.0000,0.0000,0.0000,1.0000,1.930,,,,,,,
46,Right,12,-0.0024,0.0072,0.0595,0.4676,0.0300,-0.0216,0.8832,1.930,,,,,,,
46,Right,13,0.0000,0.0000,0.0429,0.0954,0.0033,-0.0118,0.9954,1.930,,,,,,,
46,Right,14,0.0000,0.0000,0.0275,-0.0064,0.0008,-0.0430,0.9991,1.930,,,,,,,
46,Right,15,0.0003,0.0011,0.0250,0.0000,0.0000,0.0000,1.0000,1.930,,,,,,,
46,Right,16,0.0150,-0.0060,0.0348,0.0000,0.0000,0.0000,1.0000,1.930,,,,,,,
46,Right,17,0.0025,-0.0005,0.0539,0.4480,0.0121,-0.0604,0.8919,1.930,,,,,,,
46,Right,18,0.0000,0.0000,0.0390,0.0909,-0.0001,-0.0356,0.9952,1.930,,,,,,,
46,Right,19,0.0000,0.0000,0.0266,0.0524,-0.0295,-0.0071,0.9982,1.930,,,,,,,
46,Right,20,0.0003,0.0016,0.0243,0.0000,0.0000,0.0000,1.0000,1.930,,,,,,,
46,Right,21,0.0230,-0.0094,0.0341,0.0183,0.1403,-0.2070,0.9680,1.930,,,,,,,
46,Right,22,0.0000,0.0000,0.0457,0.3750,-0.0555,0.1018,0.9197,1.930,,,,,,,
46,Right,23,0.0000,0.0000,0.0307,0.1488,0.0362,-0.0514,0.9869,1.930,,,,,,,
46,Right,24,0.0000,0.0000,0.0203,0.0370,-0.0491,0.0009,0.9981,1.930,,,,,,,
46,Right,25,-0.0002,0.0012,0.0219,0.0000,0.0000,0.0000,1.0000,1.930,,,,,,,
47,Left,0,0.0030,-0.0047,0.0646,0.0000,0.0000,0.0000,1.0000,1.972,,,,,,,
47,Left,1,0.0000,0.0000,0.0000,0.0000,0.0000,0.0000,1.0000,1.972,-0.1039,0.1991,-0.0650,-0.5409,0.6227,-0.5478,0.1402
47,Left,2,0.0317,-0.0129,0.0329,-0.1965,0.2974,-0.4864,0.7977,1.972,,,,,,,
47,Left,3,0.0000,0.0000,0.0325,-0.0308,-0.0727,0.0831,0.9934,1.972,,,,,,,
47,Left,4,0.0000,0.0000,0.0338,-0.1842,0.0744,-0.0851,0.9764,1.972,,,,,,,
47,Left,5,-0.0007,0.0010,0.0246,0.0000,0.0000,0.0000,1.0000,1.972,,,,,,,
47,Left,6,0.0206,-0.0079,0.0357,0.0000,0.0000,0.0000,1.0000,1.972,,,,,,,
47,Left,7,0.0030,0.0006,0.0603,0.3160,-0.1453,0.0007,0.9375,1.972,,,,,,,
47,Left,8,0.0000,0.0000,0.0379,0.1656,-0.0028,0.0263,0.9858,1.972,,,,,,,
47,Left,9,0.0000,0.0000,0.0243,0.0277,-0.0256,0.0166,0.9992,1.972,,,,,,,
47,Left,10,-0.0003,0.0010,0.0224,0.0000,0.0000,0.0000,1.0000,1.972,,,,,,,
47,Left,11,0.0044,-0.0069,0.0335,0.0000,0.0000,0.0000,1.0000,1.972,,,,,,,
47,Left,12,-0.0026,0.0043,0.0621,0.4396,-0.1171,0.0589,0.8886,1.972,,,,,,,
47,Left,13,0.0000,0.0000,0.0429,0.0946,-0.0033,0.0118,0.9954,1.972,,,,,,,
47,Left,14,0.0000,0.0000,0.0275,-0.0297,-0.0018,0.0407,0.9987,1.972,,,,,,,
47,Left,15,-0.0003,0.0011,0.0250,0.0000,0.0000,0.0000,1.0000,1.972,,,,,,,
47,Left,16,-0.0150,-0.0060,0.0348,0.0000,0.0000,0.0000,1.0000,1.972,,,,,,,
47,Left,17,-0.0025,-0.0005,0.0539,0.4655,-0.1010,0.1024,0.8733,1.972,,,,,,,
47,Left,18,0.0000,0.0000,0.0390,0.0284,-0.0020,0.0342,0.9990,1.972,,,,,,,
47,Left,19,0.0000,0.0000,0.0266,0.0145,0.0294,0.0053,0.9994,1.972,,,,,,,
47,Left,20,-0.0003,0.0016,0.0243,0.0000,0.0000,0.0000,1.0000,1.972,,,,,,,
47,Left,21,-0.0230,-0.0094,0.0341,0.0183,-0.1403,0.2070,0.9680,1.972,,,,,,,
47,Left,22,0.0000,0.0000,0.0457,0.4212,-0.0113,-0.0760,0.9037,1.972,,,,,,,
47,Left,23,0.0000,0.0000,0.0307,0.0530,-0.0403,0.0434,0.9968,1.972,,,,,,,
47,Left,24,0.0000,0.0000,0.0203,0.0096,0.0492,-0.0008,0.9987,1.972,,,,,,,
47,Left,25,0.0002,0.0012,0.0219,0.0000,0.0000,0.0000,1.0000,1.972,,,,,,,
47,Right,0,-0.0005,-0.0061,0.0659,0.0000,0.0000,0.0000,1.0000,1.972,,,,,,,
47,Right,1,0.0000,0.0000,0.0000,0.0000,0.0000,0.0000,1.0000,1.972,0.2115,0.1564,0.0078,0.5161,0.0613,-0.6921,0.5009
47,Right,2,-0.0215,-0.0245,0.0382,0.1676,-0.3593,0.7161,0.5745,1.972,,,,,,,
47,Right,3,0.0000,0.0000,0.0325,0.1256,0.0592,-0.0828,0.9868,1.972,,,,,,,
47,Right,4,0.0000,0.0000,0.0338,-0.1284,-0.0704,0.0846,0.9856,1.972,,,,,,,
47,Right,5,0.0007,0.0010,0.0246,0.0000,0.0000,0.0000,1.0000,1.972,,,,,,,
47,Right,6,-0.0155,-0.0137,0.0383,0.0000,0.0000,0.0000,1.0000,1.972,,,,,,,
47,Right,7,-0.0081,0.0064,0.0577,0.4233,0.0546,0.0226,0.9041,1.972,,,,,,,
47,Right,8,0.0000,0.0000,0.0379,0.1160,0.0042,-0.0263,0.9929,1.972,,,,,,,
47,Right,9,0.0000,0.0000,0.0243,0.0015,0.0260,-0.0165,0.9995,1.972,,,,,,,
47,Right,10,0.0003,0.0010,0.0224,0.0000,0.0000,0.0000,1.0000,1.972,,,,,,,
47,Right,11,0.0007,-0.0097,0.0361,0.0000,0.0000,0.0000,1.0000,1.972,,,,,,,
47,Right,12,-0.0025,0.0072,0.0595,0.4727,0.0329,-0.0232,0.8803,1.972,,,,,,,
47,Right,13,0.0000,0.0000,0.0429,0.0991,0.0032,-0.0118,0.9950,1.972,,,,,,,
47,Right,14,0.0000,0.0000,0.0275,-0.0025,0.0007,-0.0434,0.9991,1.972,,,,,,,
47,Right,15,0.0003,0.0011,0.0250,0.0000,0.0000,0.0000,1.0000,1.972,,,,,,,
47,Right,16,0.0150,-0.0060,0.0348,0.0000,0.0000,0.0000,1.0000,1.972,,,,,,,
47,Right,17,0.0025,-0.0005,0.0539,0.4564,0.0136,-0.0614,0.8875,1.972,,,,,,,
47,Right,18,0.0000,0.0000,0.0390,0.0915,-0.0001,-0.0357,0.9952,1.972,,,,,,,
47,Right,19,0.0000,0.0000,0.0266,0.0563,-0.0295,-0.0073,0.9980,1.972,,,,,,,
47,Right,20,0.0003,0.0016,0.0243,0.0000,0.0000,0.0000,1.0000,1.972,,,,,,,
47,Right,21,0.0230,-0.0094,0.0341,0.0183,0.1403,-0.2070,0.9680,1.972,,,,,,,
47,Right,22,0.0000,0.0000,0.0457,0.3860,-0.0534,0.1017,0.9153,1.972,,,,,,,
47,Right,23,0.0000,0.0000,0.0307,0.1440,0.0364,-0.0510,0.9876,1.972,,,,,,,
47,Right,24,0.0000,0.0000,0.0203,0.0380,-0.0491,0.0009,0.9981,1.972,,,,,,,
47,Right,25,-0.0002,0.0012,0.0219,0.0000,0.0000,0.0000,1.0000,1.972,,,,,,,
48,Left,0,0.0030,-0.0047,0.0646,0.0000,0.0000,0.0000,1.0000,2.013,,,,,,,
48,Left,1,0.0000,0.0000,0.0000,0.0000,0.0000,0.0000,1.0000,2.013,-0.1037,0.1991,-0.0642,-0.5412,0.6262,-0.5436,0.1395
48,Left,2,0.0317,-0.0130,0.0330,-0.1905,0.3040,-0.4912,0.7938,2.013,,,,,,,
48,Left,3,0.0000,0.0000,0.0325,-0.0246,-0.0722,0.0831,0.9936,2.013,,,,,,,
48,Left,4,0.0000,0.0000,0.0338,-0.1844,0.0745,-0.0851,0.9763,2.013,,,,,,,
48,Left,5,-0.0007,0.0010,0.0246,0.0000,0.0000,0.0000,1.0000,2.013,,,,,,,
48,Left,6,0.0205,-0.0080,0.0357,0.0000,0.0000,0.0000,1.0000,2.013,,,,,,,
48,Left,7,0.0030,0.0007,0.0603,0.3162,-0.1462,0.0010,0.9374,2.013,,,,,,,
48,Left,8,0.0000,0.0000,0.0379,0.1638,-0.0029,0.0263,0.9861,2.013,,,,,,,
48,Left,9,0.0000,0.0000,0.0243,0.0252,-0.0256,0.0166,0.9992,2.013,,,,,,,
48,Left,10,-0.0003,0.0010,0.0224,0.0000,0.0000,0.0000,1.0000,2.013,,,,,,,
48,Left,11,0.0043,-0.0069,0.0335,0.0000,0.0000,0.0000,1.0000,2.013,,,,,,,
48,Left,12,-0.0026,0.0043,0.0621,0.4410,-0.1207,0.0607,0.8873,2.013,,,,,,,
48,Left,13,0.0000,0.0000,0.0429,0.0951,-0.0033,0.0118,0.9954,2.013,,,,,,,
48,Left,14,0.0000,0.0000,0.0275,-0.0305,-0.0019,0.0406,0.9987,2.013,,,,,,,
48,Left,15,-0.0003,0.0011,0.0250,0.0000,0.0000,0.0000,1.0000,2.013,,,,,,,
48,Left,16,-0.0150,-0.0060,0.0348,0.0000,0.0000,0.0000,1.0000,2.013,,,,,,,
48,Left,17,-0.0025,-0.0005,0.0539,0.4703,-0.1071,0.1061,0.8695,2.013,,,,,,,
48,Left,18,0.0000,0.0000,0.0390,0.0267,-0.0021,0.0342,0.9991,2.013,,,,,,,
48,Left,19,0.0000,0.0000,0.0266,0.0134,0.0294,0.0053,0.9995,2.013,,,,,,,
48,Left,20,-0.0003,0.0016,0.0243,0.0000,0.0000,0.0000,1.0000,2.013,,,,,,,
48,Left,21,-0.0230,-0.0094,0.0341,0.0183,-0.1403,0.2070,0.9680,2.013,,,,,,,
48,Left,22,0.0000,0.0000,0.0457,0.4267,-0.0153,-0.0741,0.9012,2.013,,,,,,,
48,Left,23,0.0000,0.0000,0.0307,0.0466,-0.0406,0.0428,0.9972,2.013,,,,,,,
48,Left,24,0.0000,0.0000,0.0203,0.0085,0.0492,-0.0008,0.9988,2.013,,,,,,,
48,Left,25,0.0002,0.0012,0.0219,0.0000,0.0000,0.0000,1.0000,2.013,,,,,,,
48,Right,0,-0.0005,-0.0061,0.0659,0.0000,0.0000,0.0000,1.0000,2.013,,,,,,,
48,Right,1,0.0000,0.0000,0.0000,0.0000,0.0000,0.0000,1.0000,2.013,0.2079,0.1558,0.0038,0.5090,0.0686,-0.6959,0.5019
48,Right,2,-0.0214,-0.0245,0.0382,0.1723,-0.3609,0.7165,0.5715,2.013,,,,,,,
48,Right,3,0.0000,0.0000,0.0325,0.1275,0.0590,-0.0828,0.9866,2.013,,,,,,,
48,Right,4,0.0000,0.0000,0.0338,-0.1265,-0.0703,0.0845,0.9859,2.013,,,,,,,
48,Right,5,0.0007,0.0010,0.0246,0.0000,0.0000,0.0000,1.0000,2.013,,,,,,,
48,Right,6,-0.0154,-0.0137,0.0383,0.0000,0.0000,0.0000,1.0000,2.013,,,,,,,
48,Right,7,-0.0081,0.0064,0.0577,0.4254,0.0623,0.0194,0.9026,2.013,,,,,,,
48,Right,8,0.0000,0.0000,0.0379,0.1210,0.0040,-0.0263,0.9923,2.013,,,,,,,
48,Right,9,0.0000,0.0000,0.0243,0.0088,0.0259,-0.0165,0.9995,2.013,,,,,,,
48,Right,10,0.0003,0.0010,0.0224,0.0000,0.0000,0.0000,1.0000,2.013,,,,,,,
48,Right,11,0.0008,-0.0098,0.0362,0.0000,0.0000,0.0000,1.0000,2.013,,,,,,,
48,Right,12,-0.0025,0.0072,0.0595,0.4784,0.0364,-0.0252,0.8770,2.013,,,,,,,
48,Right,13,0.0000,0.0000,0.0429,0.1115,0.0031,-0.0119,0.9937,2.013,,,,,,,
48,Right,14,0.0000,0.0000,0.0275,0.0059,0.0003,-0.0442,0.9990,2.013,,,,,,,
48,Right,15,0.0003,0.0011,0.0250,0.0000,0.0000,0.0000,1.0000,2.013,,,,,,,
48,Right,16,0.0150,-0.0060,0.0348,0.0000,0.0000,0.0000,1.0000,2.013,,,,,,,
48,Right,17,0.0025,-0.0005,0.0539,0.4621,0.0158,-0.0626,0.8845,2.013,,,,,,,
48,Right,18,0.0000,0.0000,0.0390,0.0931,-0.0002,-0.0357,0.9950,2.013,,,,,,,
48,Right,19,0.0000,0.0000,0.0266,0.0616,-0.0295,-0.0075,0.9976,2.013,,,,,,,
48,Right,20,0.0003,0.0016,0.0243,0.0000,0.0000,0.0000,1.0000,2.013,,,,,,,
48,Right,21,0.0230,-0.0094,0.0341,0.0183,0.1403,-0.2070,0.9680,2.013,,,,,,,
48,Right,22,0.0000,0.0000,0.0457,0.3956,-0.0508,0.1012,0.9114,2.013,,,,,,,
48,Right,23,0.0000,0.0000,0.0307,0.1392,0.0366,-0.0506,0.9883,2.013,,,,,,,
48,Right,24,0.0000,0.0000,0.0203,0.0401,-0.0491,0.0009,0.9980,2.013,,,,,,,
48,Right,25,-0.0002,0.0012,0.0219,0.0000,0.0000,0.0000,1.0000,2.013,,,,,,,
49,Left,0,0.0030,-0.0047,0.0646,0.0000,0.0000,0.0000,1.0000,2.055,,,,,,,
49,Left,1,0.0000,0.0000,0.0000,0.0000,0.0000,0.0000,1.0000,2.055,-0.1036,0.1995,-0.0638,-0.5417,0.6315,-0.5379,0.1357
49,Left,2,0.0316,-0.0132,0.0330,-0.1825,0.3137,-0.4970,0.7882,2.055,,,,,,,
49,Left,3,0.0000,0.0000,0.0325,-0.0210,-0.0719,0.0831,0.9937,2.055,,,,,,,
49,Left,4,0.0000,0.0000,0.0338,-0.1846,0.0745,-0.0851,0.9763,2.055,,,,,,,
49,Left,5,-0.0007,0.0010,0.0246,0.0000,0.0000,0.0000,1.0000,2.055,,,,,,,
49,Left,6,0.0205,-0.0080,0.0357,0.0000,0.0000,0.0000,1.0000,2.055,,,,,,,
49,Left,7,0.0030,0.0007,0.0603,0.3157,-0.1512,0.0024,0.9367,2.055,,,,,,,
49,Left,8,0.0000,0.0000,0.0379,0.1631,-0.0029,0.0263,0.9862,2.055,,,,,,,
49,Left,9,0.0000,0.0000,0.0243,0.0236,-0.0256,0.0166,0.9993,2.055,,,,,,,
49,Left,10,-0.0003,0.0010,0.0224,0.0000,0.0000,0.0000,1.0000,2.055,,,,,,,
49,Left,11,0.0043,-0.0069,0.0336,0.0000,0.0000,0.0000,1.0000,2.055,,,,,,,
49,Left,12,-0.0026,0.0044,0.0621,0.4421,-0.1246,0.0626,0.8860,2.055,,,,,,,
49,Left,13,0.0000,0.0000,0.0429,0.0959,-0.0033,0.0118,0.9953,2.055,,,,,,,
49,Left,14,0.0000,0.0000,0.0275,-0.0311,-0.0019,0.0406,0.9987,2.055,,,,,,,
49,Left,15,-0.0003,0.0011,0.0250,0.0000,0.0000,0.0000,1.0000,2.055,,,,,,,
49,Left,16,-0.0150,-0.0060,0.0348,0.0000,0.0000,0.0000,1.0000,2.055,,,,,,,
49,Left,17,-0.0025,-0.0005,0.0539,0.4732,-0.1096,0.1078,0.8674,2.055,,,,,,,
49,Left,18,0.0000,0.0000,0.0390,0.0255,-0.0021,0.0341,0.9991,2.055,,,,,,,
49,Left,19,0.0000,0.0000,0.0266,0.0127,0.0294,0.0052,0.9995,2.055,,,,,,,
49,Left,20,-0.0003,0.0016,0.0243,0.0000,0.0000,0.0000,1.0000,2.055,,,,,,,
49,Left,21,-0.0230,-0.0094,0.0341,0.0183,-0.1403,0.2070,0.9680,2.055,,,,,,,
49,Left,22,0.0000,0.0000,0.0457,0.4353,-0.0183,-0.0726,0.8971,2.055,,,,,,,
49,Left,23,0.0000,0.0000,0.0307,0.0415,-0.0408,0.0424,0.9974,2.055,,,,,,,
49,Left,24,0.0000,0.0000,0.0203,0.0079,0.0492,-0.0008,0.9988,2.055,,,,,,,
49,Left,25,0.0002,0.0012,0.0219,0.0000,0.0000,0.0000,1.0000,2.055,,,,,,,
49,Right,0,-0.0004,-0.0062,0.0659,0.0000,0.0000,0.0000,1.0000,2.055,,,,,,,
49,Right,1,0.0000,0.0000,0.0000,0.0000,0.0000,0.0000,1.0000,2.055,0.2055,0.1558,0.0027,0.5064,0.0707,-0.6968,0.5031
49,Right,2,-0.0213,-0.0246,0.0383,0.1793,-0.3635,0.7171,0.5670,2.055,,,,,,,
49,Right,3,0.0000,0.0000,0.0325,0.1285,0.0589,-0.0828,0.9865,2.055,,,,,,,
49,Right,4,0.0000,0.0000,0.0338,-0.1254,-0.0702,0.0845,0.9860,2.055,,,,,,,
49,Right,5,0.0007,0.0010,0.0246,0.0000,0.0000,0.0000,1.0000,2.055,,,,,,,
49,Right,6,-0.0154,-0.0138,0.0383,0.0000,0.0000,0.0000,1.0000,2.055,,,,,,,
49,Right,7,-0.0082,0.0064,0.0577,0.4271,0.0655,0.0180,0.9017,2.055,,,,,,,
49,Right,8,0.0000,0.0000,0.0379,0.1262,0.0039,-0.0263,0.9916,2.055,,,,,,,
49,Right,9,0.0000,0.0000,0.0243,0.0142,0.0258,-0.0165,0.9994,2.055,,,,,,,
49,Right,10,0.0003,0.0010,0.0224,0.0000,0.0000,0.0000,1.0000,2.055,,,,,,,
49,Right,11,0.0009,-0.0098,0.0362,0.0000,0.0000,0.0000,1.0000,2.055,,,,,,,
49,Right,12,-0.0026,0.0072,0.0595,0.4811,0.0384,-0.0263,0.8755,2.055,,,,,,,
49,Right,13,0.0000,0.0000,0.0429,0.1207,0.0030,-0.0119,0.9926,2.055,,,,,,,
49,Right,14,0.0000,0.0000,0.0275,0.0117,0.0000,-0.0448,0.9989,2.055,,,,,,,
49,Right,15,0.0003,0.0011,0.0250,0.0000,0.0000,0.0000,1.0000,2.055,,,,,,,
49,Right,16,0.0150,-0.0060,0.0348,0.0000,0.0000,0.0000,1.0000,2.055,,,,,,,
49,Right,17,0.0025,-0.0005,0.0539,0.4653,0.0172,-0.0634,0.8827,2.055,,,,,,,
49,Right,18,0.0000,0.0000,0.0390,0.0945,-0.0002,-0.0357,0.9949,2.055,,,,,,,
49,Right,19,0.0000,0.0000,0.0266,0.0644,-0.0295,-0.0077,0.9975,2.055,,,,,,,
49,Right,20,0.0003,0.0016,0.0243,0.0000,0.0000,0.0000,1.0000,2.055,,,,,,,
49,Right,21,0.0230,-0.0094,0.0341,0.0183,0.1403,-0.2070,0.9680,2.055,,,,,,,
49,Right,22,0.0000,0.0000,0.0457,0.4045,-0.0490,0.1011,0.9076,2.055,,,,,,,
49,Right,23,0.0000,0.0000,0.0307,0.1347,0.0368,-0.0502,0.9889,2.055,,,,,,,
49,Right,24,0.0000,0.0000,0.0203,0.0419,-0.0491,0.0009,0.9979,2.055,,,,,,,
49,Right,25,-0.0002,0.0012,0.0219,0.0000,0.0000,0.0000,1.0000,2.055,,,,,,,
50,Left,0,0.0030,-0.0047,0.0646,0.0000,0.0000,0.0000,1.0000,2.097,,,,,,,
50,Left,1,0.0000,0.0000,0.0000,0.0000,0.0000,0.0000,1.0000,2.097,-0.1035,0.2003,-0.0629,-0.5411,0.6329,-0.5374,0.1332
50,Left,2,0.0316,-0.0132,0.0331,-0.1818,0.3136,-0.4978,0.7879,2.097,,,,,,,
50,Left,3,0.0000,0.0000,0.0325,-0.0210,-0.0719,0.0831,0.9937,2.097,,,,,,,
50,Left,4,0.0000,0.0000,0.0338,-0.1847,0.0745,-0.0851,0.9763,2.097,,,,,,,
50,Left,5,-0.0007,0.0010,0.0246,0.0000,0.0000,0.0000,1.0000,2.097,,,,,,,
50,Left,6,0.0205,-0.0081,0.0357,0.0000,0.0000,0.0000,1.0000,2.097,,,,,,,
50,Left,7,0.0030,0.0008,0.0603,0.3160,-0.1516,0.0026,0.9366,2.097,,,,,,,
50,Left,8,0.0000,0.0000,0.0379,0.1636,-0.0029,0.0263,0.9862,2.097,,,,,,,
50,Left,9,0.0000,0.0000,0.0243,0.0226,-0.0257,0.0166,0.9993,2.097,,,,,,,
50,Left,10,-0.0003,0.0010,0.0224,0.0000,0.0000,0.0000,1.0000,2.097,,,,,,,
50,Left,11,0.0043,-0.0069,0.0336,0.0000,0.0000,0.0000,1.0000,2.097,,,,,,,
50,Left,12,-0.0026,0.0044,0.0621,0.4429,-0.1259,0.0633,0.8854,2.097,,,,,,,
50,Left,13,0.0000,0.0000,0.0429,0.0968,-0.0032,0.0118,0.9952,2.097,,,,,,,
50,Left,14,0.0000,0.0000,0.0275,-0.0316,-0.0019,0.0405,0.9987,2.097,,,,,,,
50,Left,15,-0.0003,0.0011,0.0250,0.0000,0.0000,0.0000,1.0000,2.097,,,,,,,
50,Left,16,-0.0150,-0.0060,0.0348,0.0000,0.0000,0.0000,1.0000,2.097,,,,,,,
50,Left,17,-0.0025,-0.0005,0.0539,0.4746,-0.1110,0.1087,0.8664,2.097,,,,,,,
50,Left,18,0.0000,0.0000,0.0390,0.0250,-0.0021,0.0341,0.9991,2.097,,,,,,,
50,Left,19,0.0000,0.0000,0.0266,0.0123,0.0294,0.0052,0.9995,2.097,,,,,,,
50,Left,20,-0.0003,0.0016,0.0243,0.0000,0.0000,0.0000,1.0000,2.097,,,,,,,
50,Left,21,-0.0230,-0.0094,0.0341,0.0183,-0.1403,0.2070,0.9680,2.097,,,,,,,
50,Left,22,0.0000,0.0000,0.0457,0.4376,-0.0210,-0.0713,0.8961,2.097,,,,,,,
50,Left,23,0.0000,0.0000,0.0307,0.0407,-0.0408,0.0423,0.9974,2.097,,,,,,,
50,Left,24,0.0000,0.0000,0.0203,0.0080,0.0492,-0.0008,0.9988,2.097,,,,,,,
50,Left,25,0.0002,0.0012,0.0219,0.0000,0.0000,0.0000,1.0000,2.097,,,,,,,
50,Right,0,-0.0004,-0.0062,0.0659,0.0000,0.0000,0.0000,1.0000,2.097,,,,,,,
50,Right,1,0.0000,0.0000,0.0000,0.0000,0.0000,0.0000,1.0000,2.097,0.2042,0.1555,0.0018,0.4988,0.0680,-0.6980,0.5093
50,Right,2,-0.0212,-0.0246,0.0383,0.1813,-0.3638,0.7174,0.5658,2.097,,,,,,,
50,Right,3,0.0000,0.0000,0.0325,0.1300,0.0588,-0.0828,0.9863,2.097,,,,,,,
50,Right,4,0.0000,0.0000,0.0338,-0.1240,-0.0701,0.0845,0.9862,2.097,,,,,,,
50,Right,5,0.0007,0.0010,0.0246,0.0000,0.0000,0.0000,1.0000,2.097,,,,,,,
50,Right,6,-0.0153,-0.0138,0.0383,0.0000,0.0000,0.0000,1.0000,2.097,,,,,,,
50,Right,7,-0.0082,0.0065,0.0577,0.4286,0.0668,0.0174,0.9008,2.097,,,,,,,
50,Right,8,0.0000,0.0000,0.0379,0.1364,0.0036,-0.0263,0.9903,2.097,,,,,,,
50,Right,9,0.0000,0.0000,0.0243,0.0189,0.0257,-0.0165,0.9994,2.097,,,,,,,
50,Right,10,0.0003,0.0010,0.0224,0.0000,0.0000,0.0000,1.0000,2.097,,,,,,,
50,Right,11,0.0009,-0.0098,0.0362,0.0000,0.0000,0.0000,1.0000,2.097,,,,,,,
50,Right,12,-0.0026,0.0072,0.0595,0.4844,0.0396,-0.0271,0.8736,2.097,,,,,,,
50,Right,13,0.0000,0.0000,0.0429,0.1282,0.0029,-0.0120,0.9917,2.097,,,,,,,
50,Right,14,0.0000,0.0000,0.0275,0.0133,0.0000,-0.0449,0.9989,2.097,,,,,,,
50,Right,15,0.0003,0.0011,0.0250,0.0000,0.0000,0.0000,1.0000,2.097,,,,,,,
50,Right,16,0.0150,-0.0060,0.0348,0.0000,0.0000,0.0000,1.0000,2.097,,,,,,,
50,Right,17,0.0025,-0.0005,0.0539,0.4750,0.0178,-0.0641,0.8774,2.097,,,,,,,
50,Right,18,0.0000,0.0000,0.0390,0.1059,-0.0006,-0.0360,0.9937,2.097,,,,,,,
50,Right,19,0.0000,0.0000,0.0266,0.0733,-0.0296,-0.0081,0.9968,2.097,,,,,,,
50,Right,20,0.0003,0.0016,0.0243,0.0000,0.0000,0.0000,1.0000,2.097,,,,,,,
50,Right,21,0.0230,-0.0094,0.0341,0.0183,0.1403,-0.2070,0.9680,2.097,,,,,,,
50,Right,22,0.0000,0.0000,0.0457,0.4179,-0.0470,0.1011,0.9016,2.097,,,,,,,
50,Right,23,0.0000,0.0000,0.0307,0.1338,0.0368,-0.0502,0.9891,2.097,,,,,,,
50,Right,24,0.0000,0.0000,0.0203,0.0457,-0.0491,0.0009,0.9978,2.097,,,,,,,
50,Right,25,-0.0002,0.0012,0.0219,0.0000,0.0000,0.0000,1.0000,2.097,,,,,,,
51,Left,0,0.0030,-0.0048,0.0647,0.0000,0.0000,0.0000,1.0000,2.139,,,,,,,
51,Left,1,0.0000,0.0000,0.0000,0.0000,0.0000,0.0000,1.0000,2.139,-0.1028,0.2005,-0.0605,-0.5418,0.6344,-0.5352,0.1325
51,Left,2,0.0315,-0.0136,0.0333,-0.1759,0.3126,-0.5051,0.7850,2.139,,,,,,,
51,Left,3,0.0000,0.0000,0.0325,-0.0204,-0.0719,0.0831,0.9937,2.139,,,,,,,
51,Left,4,0.0000,0.0000,0.0338,-0.1848,0.0745,-0.0851,0.9762,2.139,,,,,,,
51,Left,5,-0.0007,0.0010,0.0246,0.0000,0.0000,0.0000,1.0000,2.139,,,,,,,
51,Left,6,0.0204,-0.0083,0.0358,0.0000,0.0000,0.0000,1.0000,2.139,,,,,,,
51,Left,7,0.0031,0.0009,0.0602,0.3150,-0.1527,0.0027,0.9367,2.139,,,,,,,
51,Left,8,0.0000,0.0000,0.0379,0.1637,-0.0029,0.0263,0.9862,2.139,,,,,,,
51,Left,9,0.0000,0.0000,0.0243,0.0218,-0.0257,0.0166,0.9993,2.139,,,,,,,
51,Left,10,-0.0003,0.0010,0.0224,0.0000,0.0000,0.0000,1.0000,2.139,,,,,,,
51,Left,11,0.0042,-0.0070,0.0337,0.0000,0.0000,0.0000,1.0000,2.139,,,,,,,
51,Left,12,-0.0025,0.0045,0.0620,0.4428,-0.1291,0.0648,0.8849,2.139,,,,,,,
51,Left,13,0.0000,0.0000,0.0429,0.0971,-0.0032,0.0118,0.9952,2.139,,,,,,,
51,Left,14,0.0000,0.0000,0.0275,-0.0321,-0.0020,0.0405,0.9987,2.139,,,,,,,
51,Left,15,-0.0003,0.0011,0.0250,0.0000,0.0000,0.0000,1.0000,2.139,,,,,,,
51,Left,16,-0.0150,-0.0060,0.0348,0.0000,0.0000,0.0000,1.0000,2.139,,,,,,,
51,Left,17,-0.0025,-0.0005,0.0539,0.4755,-0.1118,0.1093,0.8657,2.139,,,,,,,
51,Left,18,0.0000,0.0000,0.0390,0.0242,-0.0022,0.0341,0.9991,2.139,,,,,,,
51,Left,19,0.0000,0.0000,0.0266,0.0119,0.0294,0.0052,0.9995,2.139,,,,,,,
51,Left,20,-0.0003,0.0016,0.0243,0.0000,0.0000,0.0000,1.0000,2.139,,,,,,,
51,Left,21,-0.0230,-0.0094,0.0341,0.0183,-0.1403,0.2070,0.9680,2.139,,,,,,,
51,Left,22,0.0000,0.0000,0.0457,0.4461,-0.0232,-0.0700,0.8919,2.139,,,,,,,
51,Left,23,0.0000,0.0000,0.0307,0.0398,-0.0408,0.0422,0.9975,2.139,,,,,,,
51,Left,24,0.0000,0.0000,0.0203,0.0075,0.0492,-0.0008,0.9988,2.139,,,,,,,
51,Left,25,0.0002,0.0012,0.0219,0.0000,0.0000,0.0000,1.0000,2.139,,,,,,,
51,Right,0,-0.0004,-0.0062,0.0659,0.0000,0.0000,0.0000,1.0000,2.139,,,,,,,
51,Right,1,0.0000,0.0000,0.0000,0.0000,0.0000,0.0000,1.0000,2.139,0.2032,0.1554,0.0005,0.4930,0.0680,-0.7006,0.5114
51,Right,2,-0.0212,-0.0247,0.0383,0.1838,-0.3643,0.7178,0.5642,2.139,,,,,,,
51,Right,3,0.0000,0.0000,0.0325,0.1321,0.0586,-0.0828,0.9860,2.139,,,,,,,
51,Right,4,0.0000,0.0000,0.0338,-0.1219,-0.0699,0.0845,0.9865,2.139,,,,,,,
51,Right,5,0.0007,0.0010,0.0246,0.0000,0.0000,0.0000,1.0000,2.139,,,,,,,
51,Right,6,-0.0153,-0.0138,0.0383,0.0000,0.0000,0.0000,1.0000,2.139,,,,,,,
51,Right,7,-0.0083,0.0065,0.0577,0.4297,0.0714,0.0154,0.9000,2.139,,,,,,,
51,Right,8,0.0000,0.0000,0.0379,0.1383,0.0036,-0.0263,0.9900,2.139,,,,,,,
51,Right,9,0.0000,0.0000,0.0243,0.0205,0.0257,-0.0165,0.9993,2.139,,,,,,,
51,Right,10,0.0003,0.0010,0.0224,0.0000,0.0000,0.0000,1.0000,2.139,,,,,,,
51,Right,11,0.0009,-0.0098,0.0362,0.0000,0.0000,0.0000,1.0000,2.139,,,,,,,
51,Right,12,-0.0026,0.0072,0.0595,0.4852,0.0432,-0.0289,0.8729,2.139,,,,,,,
51,Right,13,0.0000,0.0000,0.0429,0.1291,0.0029,-0.0120,0.9916,2.139,,,,,,,
51,Right,14,0.0000,0.0000,0.0275,0.0140,-0.0001,-0.0450,0.9989,2.139,,,,,,,
51,Right,15,0.0003,0.0011,0.0250,0.0000,0.0000,0.0000,1.0000,2.139,,,,,,,
51,Right,16,0.0150,-0.0060,0.0348,0.0000,0.0000,0.0000,1.0000,2.139,,,,,,,
51,Right,17,0.0025,-0.0005,0.0539,0.4764,0.0190,-0.0648,0.8766,2.139,,,,,,,
51,Right,18,0.0000,0.0000,0.0390,0.1071,-0.0006,-0.0360,0.9936,2.139,,,,,,,
51,Right,19,0.0000,0.0000,0.0266,0.0745,-0.0296,-0.0081,0.9967,2.139,,,,,,,
51,Right,20,0.0003,0.0016,0.0243,0.0000,0.0000,0.0000,1.0000,2.139,,,,,,,
51,Right,21,0.0230,-0.0094,0.0341,0.0183,0.1403,-0.2070,0.9680,2.139,,,,,,,
51,Right,22,0.0000,0.0000,0.0457,0.4215,-0.0461,0.1009,0.9000,2.139,,,,,,,
51,Right,23,0.0000,0.0000,0.0307,0.1325,0.0369,-0.0501,0.9892,2.139,,,,,,,
51,Right,24,0.0000,0.0000,0.0203,0.0471,-0.0491,0.0009,0.9977,2.139,,,,,,,
51,Right,25,-0.0002,0.0012,0.0219,0.0000,0.0000,0.0000,1.0000,2.139,,,,,,,
52,Left,0,0.0030,-0.0048,0.0647,0.0000,0.0000,0.0000,1.0000,2.180,,,,,,,
52,Left,1,0.0000,0.0000,0.0000,0.0000,0.0000,0.0000,1.0000,2.180,-0.1027,0.2008,-0.0604,-0.5425,0.6366,-0.5323,0.1307
52,Left,2,0.0315,-0.0136,0.0333,-0.1754,0.3130,-0.5056,0.7846,2.180,,,,,,,
52,Left,3,0.0000,0.0000,0.0325,-0.0202,-0.0719,0.0831,0.9937,2.180,,,,,,,
52,Left,4,0.0000,0.0000,0.0338,-0.1850,0.0745,-0.0851,0.9762,2.180,,,,,,,
52,Left,5,-0.0007,0.0010,0.0246,0.0000,0.0000,0.0000,1.0000,2.180,,,,,,,
52,Left,6,0.0204,-0.0083,0.0358,0.0000,0.0000,0.0000,1.0000,2.180,,,,,,,
52,Left,7,0.0031,0.0009,0.0602,0.3142,-0.1540,0.0030,0.9368,2.180,,,,,,,
52,Left,8,0.0000,0.0000,0.0379,0.1643,-0.0029,0.0263,0.9860,2.180,,,,,,,
52,Left,9,0.0000,0.0000,0.0243,0.0212,-0.0257,0.0166,0.9993,2.180,,,,,,,
52,Left,10,-0.0003,0.0010,0.0224,0.0000,0.0000,0.0000,1.0000,2.180,,,,,,,
52,Left,11,0.0042,-0.0070,0.0337,0.0000,0.0000,0.0000,1.0000,2.180,,,,,,,
52,Left,12,-0.0025,0.0045,0.0620,0.4440,-0.1304,0.0656,0.8840,2.180,,,,,,,
52,Left,13,0.0000,0.0000,0.0429,0.0982,-0.0032,0.0118,0.9951,2.180,,,,,,,
52,Left,14,0.0000,0.0000,0.0275,-0.0325,-0.0020,0.0404,0.9987,2.180,,,,,,,
52,Left,15,-0.0003,0.0011,0.0250,0.0000,0.0000,0.0000,1.0000,2.180,,,,,,,
52,Left,16,-0.0150,-0.0060,0.0348,0.0000,0.0000,0.0000,1.0000,2.180,,,,,,,
52,Left,17,-0.0025,-0.0005,0.0539,0.4809,-0.1121,0.1104,0.8625,2.180,,,,,,,
52,Left,18,0.0000,0.0000,0.0390,0.0241,-0.0022,0.0341,0.9991,2.180,,,,,,,
52,Left,19,0.0000,0.0000,0.0266,0.0116,0.0294,0.0052,0.9995,2.180,,,,,,,
52,Left,20,-0.0003,0.0016,0.0243,0.0000,0.0000,0.0000,1.0000,2.180,,,,,,,
52,Left,21,-0.0230,-0.0094,0.0341,0.0183,-0.1403,0.2070,0.9680,2.180,,,,,,,
52,Left,22,0.0000,0.0000,0.0457,0.4514,-0.0250,-0.0690,0.8893,2.180,,,,,,,
52,Left,23,0.0000,0.0000,0.0307,0.0393,-0.0409,0.0422,0.9975,2.180,,,,,,,
52,Left,24,0.0000,0.0000,0.0203,0.0075,0.0492,-0.0008,0.9988,2.180,,,,,,,
52,Left,25,0.0002,0.0012,0.0219,0.0000,0.0000,0.0000,1.0000,2.180,,,,,,,
52,Right,0,-0.0004,-0.0062,0.0659,0.0000,0.0000,0.0000,1.0000,2.180,,,,,,,
52,Right,1,0.0000,0.0000,0.0000,0.0000,0.0000,0.0000,1.0000,2.180,0.2026,0.1553,-0.0003,0.4872,0.0677,-0.7031,0.5136
52,Right,2,-0.0210,-0.0248,0.0383,0.1871,-0.3627,0.7195,0.5620,2.180,,,,,,,
52,Right,3,0.0000,0.0000,0.0325,0.1336,0.0585,-0.0827,0.9858,2.180,,,,,,,
52,Right,4,0.0000,0.0000,0.0338,-0.1178,-0.0696,0.0844,0.9870,2.180,,,,,,,
52,Right,5,0.0007,0.0010,0.0246,0.0000,0.0000,0.0000,1.0000,2.180,,,,,,,
52,Right,6,-0.0152,-0.0138,0.0384,0.0000,0.0000,0.0000,1.0000,2.180,,,,,,,
52,Right,7,-0.0084,0.0065,0.0576,0.4303,0.0761,0.0135,0.8994,2.180,,,,,,,
52,Right,8,0.0000,0.0000,0.0379,0.1490,0.0033,-0.0263,0.9885,2.180,,,,,,,
52,Right,9,0.0000,0.0000,0.0243,0.0260,0.0256,-0.0166,0.9992,2.180,,,,,,,
52,Right,10,0.0003,0.0010,0.0224,0.0000,0.0000,0.0000,1.0000,2.180,,,,,,,
52,Right,11,0.0010,-0.0098,0.0362,0.0000,0.0000,0.0000,1.0000,2.180,,,,,,,
52,Right,12,-0.0027,0.0073,0.0594,0.4874,0.0449,-0.0299,0.8715,2.180,,,,,,,
52,Right,13,0.0000,0.0000,0.0429,0.1401,0.0027,-0.0120,0.9901,2.180,,,,,,,
52,Right,14,0.0000,0.0000,0.0275,0.0154,-0.0001,-0.0451,0.9989,2.180,,,,,,,
52,Right,15,0.0003,0.0011,0.0250,0.0000,0.0000,0.0000,1.0000,2.180,,,,,,,
52,Right,16,0.0150,-0.0060,0.0348,0.0000,0.0000,0.0000,1.0000,2.180,,,,,,,
52,Right,17,0.0025,-0.0005,0.0539,0.4793,0.0203,-0.0656,0.8749,2.180,,,,,,,
52,Right,18,0.0000,0.0000,0.0390,0.1088,-0.0007,-0.0360,0.9934,2.180,,,,,,,
52,Right,19,0.0000,0.0000,0.0266,0.0759,-0.0296,-0.0082,0.9966,2.180,,,,,,,
52,Right,20,0.0003,0.0016,0.0243,0.0000,0.0000,0.0000,1.0000,2.180,,,,,,,
52,Right,21,0.0230,-0.0094,0.0341,0.0183,0.1403,-0.2070,0.9680,2.180,,,,,,,
52,Right,22,0.0000,0.0000,0.0457,0.4262,-0.0455,0.1009,0.8979,2.180,,,,,,,
52,Right,23,0.0000,0.0000,0.0307,0.1317,0.0369,-0.0500,0.9893,2.180,,,,,,,
52,Right,24,0.0000,0.0000,0.0203,0.0494,-0.0491,0.0009,0.9976,2.180,,,,,,,
52,Right,25,-0.0002,0.0012,0.0219,0.0000,0.0000,0.0000,1.0000,2.180,,,,,,,
53,Left,0,0.0030,-0.0048,0.0647,0.0000,0.0000,0.0000,1.0000,2.222,,,,,,,
53,Left,1,0.0000,0.0000,0.0000,0.0000,0.0000,0.0000,1.0000,2.222,-0.1025,0.2013,-0.0595,-0.5441,0.6408,-0.5271,0.1244
53,Left,2,0.0315,-0.0136,0.0333,-0.1754,0.3124,-0.5058,0.7847,2.222,,,,,,,
53,Left,3,0.0000,0.0000,0.0325,-0.0200,-0.0719,0.0831,0.9937,2.222,,,,,,,
53,Left,4,0.0000,0.0000,0.0338,-0.1851,0.0745,-0.0851,0.9762,2.222,,,,,,,
53,Left,5,-0.0007,0.0010,0.0246,0.0000,0.0000,0.0000,1.0000,2.222,,,,,,,
53,Left,6,0.0204,-0.0083,0.0358,0.0000,0.0000,0.0000,1.0000,2.222,,,,,,,
53,Left,7,0.0031,0.0010,0.0602,0.3140,-0.1549,0.0033,0.9367,2.222,,,,,,,
53,Left,8,0.0000,0.0000,0.0379,0.1656,-0.0028,0.0263,0.9858,2.222,,,,,,,
53,Left,9,0.0000,0.0000,0.0243,0.0209,-0.0257,0.0166,0.9993,2.222,,,,,,,
53,Left,10,-0.0003,0.0010,0.0224,0.0000,0.0000,0.0000,1.0000,2.222,,,,,,,
53,Left,11,0.0042,-0.0070,0.0337,0.0000,0.0000,0.0000,1.0000,2.222,,,,,,,
53,Left,12,-0.0025,0.0045,0.0620,0.4454,-0.1319,0.0665,0.8831,2.222,,,,,,,
53,Left,13,0.0000,0.0000,0.0429,0.0989,-0.0032,0.0118,0.9950,2.222,,,,,,,
53,Left,14,0.0000,0.0000,0.0275,-0.0328,-0.0020,0.0404,0.9986,2.222,,,,,,,
53,Left,15,-0.0003,0.0011,0.0250,0.0000,0.0000,0.0000,1.0000,2.222,,,,,,,
53,Left,16,-0.0150,-0.0060,0.0348,0.0000,0.0000,0.0000,1.0000,2.222,,,,,,,
53,Left,17,-0.0025,-0.0005,0.0539,0.4835,-0.1128,0.1113,0.8609,2.222,,,,,,,
53,Left,18,0.0000,0.0000,0.0390,0.0235,-0.0022,0.0341,0.9991,2.222,,,,,,,
53,Left,19,0.0000,0.0000,0.0266,0.0113,0.0294,0.0052,0.9995,2.222,,,,,,,
53,Left,20,-0.0003,0.0016,0.0243,0.0000,0.0000,0.0000,1.0000,2.222,,,,,,,
53,Left,21,-0.0230,-0.0094,0.0341,0.0183,-0.1403,0.2070,0.9680,2.222,,,,,,,
53,Left,22,0.0000,0.0000,0.0457,0.4531,-0.0273,-0.0678,0.8885,2.222,,,,,,,
53,Left,23,0.0000,0.0000,0.0307,0.0385,-0.0409,0.0421,0.9975,2.222,,,,,,,
53,Left,24,0.0000,0.0000,0.0203,0.0070,0.0492,-0.0008,0.9988,2.222,,,,,,,
53,Left,25,0.0002,0.0012,0.0219,0.0000,0.0000,0.0000,1.0000,2.222,,,,,,,
53,Right,0,-0.0003,-0.0062,0.0659,0.0000,0.0000,0.0000,1.0000,2.222,,,,,,,
53,Right,1,0.0000,0.0000,0.0000,0.0000,0.0000,0.0000,1.0000,2.222,0.2019,0.1548,-0.0020,0.4844,0.0672,-0.7041,0.5148
53,Right,2,-0.0209,-0.0248,0.0383,0.1890,-0.3620,0.7203,0.5607,2.222,,,,,,,
53,Right,3,0.0000,0.0000,0.0325,0.1352,0.0583,-0.0827,0.9856,2.222,,,,,,,
53,Right,4,0.0000,0.0000,0.0338,-0.1104,-0.0690,0.0843,0.9879,2.222,,,,,,,
53,Right,5,0.0007,0.0010,0.0246,0.0000,0.0000,0.0000,1.0000,2.222,,,,,,,
53,Right,6,-0.0151,-0.0139,0.0384,0.0000,0.0000,0.0000,1.0000,2.222,,,,,,,
53,Right,7,-0.0084,0.0066,0.0576,0.4305,0.0839,0.0102,0.8986,2.222,,,,,,,
53,Right,8,0.0000,0.0000,0.0379,0.1590,0.0030,-0.0263,0.9869,2.222,,,,,,,
53,Right,9,0.0000,0.0000,0.0243,0.0315,0.0255,-0.0166,0.9990,2.222,,,,,,,
53,Right,10,0.0003,0.0010,0.0224,0.0000,0.0000,0.0000,1.0000,2.222,,,,,,,
53,Right,11,0.0011,-0.0098,0.0362,0.0000,0.0000,0.0000,1.0000,2.222,,,,,,,
53,Right,12,-0.0028,0.0073,0.0594,0.4893,0.0472,-0.0312,0.8703,2.222,,,,,,,
53,Right,13,0.0000,0.0000,0.0429,0.1464,0.0027,-0.0121,0.9891,2.222,,,,,,,
53,Right,14,0.0000,0.0000,0.0275,0.0174,-0.0002,-0.0453,0.9988,2.222,,,,,,,
53,Right,15,0.0003,0.0011,0.0250,0.0000,0.0000,0.0000,1.0000,2.222,,,,,,,
53,Right,16,0.0150,-0.0060,0.0348,0.0000,0.0000,0.0000,1.0000,2.222,,,,,,,
53,Right,17,0.0025,-0.0005,0.0539,0.4817,0.0216,-0.0664,0.8736,2.222,,,,,,,
53,Right,18,0.0000,0.0000,0.0390,0.1116,-0.0008,-0.0361,0.9931,2.222,,,,,,,
53,Right,19,0.0000,0.0000,0.0266,0.0772,-0.0296,-0.0083,0.9965,2.222,,,,,,,
53,Right,20,0.0003,0.0016,0.0243,0.0000,0.0000,0.0000,1.0000,2.222,,,,,,,
53,Right,21,0.0230,-0.0094,0.0341,0.0183,0.1403,-0.2070,0.9680,2.222,,,,,,,
53,Right,22,0.0000,0.0000,0.0457,0.4294,-0.0452,0.1010,0.8963,2.222,,,,,,,
53,Right,23,0.0000,0.0000,0.0307,0.1307,0.0370,-0.0499,0.9895,2.222,,,,,,,
53,Right,24,0.0000,0.0000,0.0203,0.0519,-0.0491,0.0009,0.9974,2.222,,,,,,,
53,Right,25,-0.0002,0.0012,0.0219,0.0000,0.0000,0.0000,1.0000,2.222,,,,,,,
54,Left,0,0.0030,-0.0048,0.0647,0.0000,0.0000,0.0000,1.0000,2.264,,,,,,,
54,Left,1,0.0000,0.0000,0.0000,0.0000,0.0000,0.0000,1.0000,2.264,-0.1027,0.2021,-0.0586,-0.5433,0.6420,-0.5273,0.1207
54,Left,2,0.0314,-0.0136,0.0333,-0.1756,0.3110,-0.5061,0.7851,2.264,,,,,,,
54,Left,3,0.0000,0.0000,0.0325,-0.0196,-0.0718,0.0831,0.9938,2.264,,,,,,,
54,Left,4,0.0000,0.0000,0.0338,-0.1852,0.0745,-0.0851,0.9762,2.264,,,,,,,
54,Left,5,-0.0007,0.0010,0.0246,0.0000,0.0000,0.0000,1.0000,2.264,,,,,,,
54,Left,6,0.0204,-0.0083,0.0358,0.0000,0.0000,0.0000,1.0000,2.264,,,,,,,
54,Left,7,0.0031,0.0010,0.0602,0.3134,-0.1550,0.0032,0.9369,2.264,,,,,,,
54,Left,8,0.0000,0.0000,0.0379,0.1661,-0.0028,0.0263,0.9858,2.264,,,,,,,
54,Left,9,0.0000,0.0000,0.0243,0.0207,-0.0257,0.0165,0.9993,2.264,,,,,,,
54,Left,10,-0.0003,0.0010,0.0224,0.0000,0.0000,0.0000,1.0000,2.264,,,,,,,
54,Left,11,0.0042,-0.0070,0.0337,0.0000,0.0000,0.0000,1.0000,2.264,,,,,,,
54,Left,12,-0.0025,0.0045,0.0620,0.4459,-0.1333,0.0672,0.8826,2.264,,,,,,,
54,Left,13,0.0000,0.0000,0.0429,0.0984,-0.0032,0.0118,0.9951,2.264,,,,,,,
54,Left,14,0.0000,0.0000,0.0275,-0.0337,-0.0020,0.0403,0.9986,2.264,,,,,,,
54,Left,15,-0.0003,0.0011,0.0250,0.0000,0.0000,0.0000,1.0000,2.264,,,,,,,
54,Left,16,-0.0150,-0.0060,0.0348,0.0000,0.0000,0.0000,1.0000,2.264,,,,,,,
54,Left,17,-0.0025,-0.0005,0.0539,0.4839,-0.1131,0.1115,0.8606,2.264,,,,,,,
54,Left,18,0.0000,0.0000,0.0390,0.0223,-0.0022,0.0340,0.9992,2.264,,,,,,,
54,Left,19,0.0000,0.0000,0.0266,0.0106,0.0294,0.0051,0.9995,2.264,,,,,,,
54,Left,20,-0.0003,0.0016,0.0243,0.0000,0.0000,0.0000,1.0000,2.264,,,,,,,
54,Left,21,-0.0230,-0.0094,0.0341,0.0183,-0.1403,0.2070,0.9680,2.264,,,,,,,
54,Left,22,0.0000,0.0000,0.0457,0.4544,-0.0284,-0.0672,0.8878,2.264,,,,,,,
54,Left,23,0.0000,0.0000,0.0307,0.0380,-0.0409,0.0421,0.9976,2.264,,,,,,,
54,Left,24,0.0000,0.0000,0.0203,0.0067,0.0492,-0.0008,0.9988,2.264,,,,,,,
54,Left,25,0.0002,0.0012,0.0219,0.0000,0.0000,0.0000,1.0000,2.264,,,,,,,
54,Right,0,-0.0003,-0.0062,0.0659,0.0000,0.0000,0.0000,1.0000,2.264,,,,,,,
54,Right,1,0.0000,0.0000,0.0000,0.0000,0.0000,0.0000,1.0000,2.264,0.2011,0.1553,-0.0032,0.4658,0.0669,-0.7122,0.5209
54,Right,2,-0.0208,-0.0248,0.0384,0.1891,-0.3611,0.7208,0.5606,2.264,,,,,,,
54,Right,3,0.0000,0.0000,0.0325,0.1421,0.0577,-0.0827,0.9847,2.264,,,,,,,
54,Right,4,0.0000,0.0000,0.0338,-0.1076,-0.0688,0.0843,0.9882,2.264,,,,,,,
54,Right,5,0.0007,0.0010,0.0246,0.0000,0.0000,0.0000,1.0000,2.264,,,,,,,
54,Right,6,-0.0151,-0.0139,0.0384,0.0000,0.0000,0.0000,1.0000,2.264,,,,,,,
54,Right,7,-0.0084,0.0066,0.0576,0.4308,0.0895,0.0078,0.8980,2.264,,,,,,,
54,Right,8,0.0000,0.0000,0.0379,0.1767,0.0025,-0.0263,0.9839,2.264,,,,,,,
54,Right,9,0.0000,0.0000,0.0243,0.0410,0.0253,-0.0166,0.9987,2.264,,,,,,,
54,Right,10,0.0003,0.0010,0.0224,0.0000,0.0000,0.0000,1.0000,2.264,,,,,,,
54,Right,11,0.0011,-0.0098,0.0362,0.0000,0.0000,0.0000,1.0000,2.264,,,,,,,
54,Right,12,-0.0028,0.0073,0.0594,0.4906,0.0533,-0.0344,0.8691,2.264,,,,,,,
54,Right,13,0.0000,0.0000,0.0429,0.1538,0.0026,-0.0121,0.9880,2.264,,,,,,,
54,Right,14,0.0000,0.0000,0.0275,0.0189,-0.0003,-0.0455,0.9988,2.264,,,,,,,
54,Right,15,0.0003,0.0011,0.0250,0.0000,0.0000,0.0000,1.0000,2.264,,,,,,,
54,Right,16,0.0150,-0.0060,0.0348,0.0000,0.0000,0.0000,1.0000,2.264,,,,,,,
54,Right,17,0.0025,-0.0005,0.0539,0.4872,0.0236,-0.0677,0.8704,2.264,,,,,,,
54,Right,18,0.0000,0.0000,0.0390,0.1174,-0.0010,-0.0362,0.9924,2.264,,,,,,,
54,Right,19,0.0000,0.0000,0.0266,0.0788,-0.0296,-0.0083,0.9964,2.264,,,,,,,
54,Right,20,0.0003,0.0016,0.0243,0.0000,0.0000,0.0000,1.0000,2.264,,,,,,,
54,Right,21,0.0230,-0.0094,0.0341,0.0183,0.1403,-0.2070,0.9680,2.264,,,,,,,
54,Right,22,0.0000,0.0000,0.0457,0.4364,-0.0444,0.1010,0.8929,2.264,,,,,,,
54,Right,23,0.0000,0.0000,0.0307,0.1303,0.0370,-0.0499,0.9895,2.264,,,,,,,
54,Right,24,0.0000,0.0000,0.0203,0.0575,-0.0490,0.0009,0.9971,2.264,,,,,,,
54,Right,25,-0.0002,0.0012,0.0219,0.0000,0.0000,0.0000,1.0000,2.264,,,,,,,
55,Left,0,0.0030,-0.0048,0.0647,0.0000,0.0000,0.0000,1.0000,2.305,,,,,,,
55,Left,1,0.0000,0.0000,0.0000,0.0000,0.0000,0.0000,1.0000,2.305,-0.1027,0.2022,-0.0582,-0.5420,0.6439,-0.5259,0.1225
55,Left,2,0.0314,-0.0137,0.0333,-0.1752,0.3109,-0.5067,0.7848,2.305,,,,,,,
55,Left,3,0.0000,0.0000,0.0325,-0.0201,-0.0719,0.0831,0.9937,2.305,,,,,,,
55,Left,4,0.0000,0.0000,0.0338,-0.1852,0.0745,-0.0851,0.9762,2.305,,,,,,,
55,Left,5,-0.0007,0.0010,0.0246,0.0000,0.0000,0.0000,1.0000,2.305,,,,,,,
55,Left,6,0.0204,-0.0083,0.0359,0.0000,0.0000,0.0000,1.0000,2.305,,,,,,,
55,Left,7,0.0031,0.0010,0.0601,0.3129,-0.1557,0.0033,0.9369,2.305,,,,,,,
55,Left,8,0.0000,0.0000,0.0379,0.1664,-0.0028,0.0263,0.9857,2.305,,,,,,,
55,Left,9,0.0000,0.0000,0.0243,0.0200,-0.0257,0.0165,0.9993,2.305,,,,,,,
55,Left,10,-0.0003,0.0010,0.0224,0.0000,0.0000,0.0000,1.0000,2.305,,,,,,,
55,Left,11,0.0042,-0.0070,0.0337,0.0000,0.0000,0.0000,1.0000,2.305,,,,,,,
55,Left,12,-0.0025,0.0045,0.0620,0.4461,-0.1391,0.0700,0.8813,2.305,,,,,,,
55,Left,13,0.0000,0.0000,0.0429,0.0979,-0.0032,0.0118,0.9951,2.305,,,,,,,
55,Left,14,0.0000,0.0000,0.0275,-0.0344,-0.0021,0.0402,0.9986,2.305,,,,,,,
55,Left,15,-0.0003,0.0011,0.0250,0.0000,0.0000,0.0000,1.0000,2.305,,,,,,,
55,Left,16,-0.0150,-0.0060,0.0348,0.0000,0.0000,0.0000,1.0000,2.305,,,,,,,
55,Left,17,-0.0025,-0.0005,0.0539,0.4844,-0.1139,0.1120,0.8601,2.305,,,,,,,
55,Left,18,0.0000,0.0000,0.0390,0.0210,-0.0023,0.0340,0.9992,2.305,,,,,,,
55,Left,19,0.0000,0.0000,0.0266,0.0097,0.0293,0.0051,0.9995,2.305,,,,,,,
55,Left,20,-0.0003,0.0016,0.0243,0.0000,0.0000,0.0000,1.0000,2.305,,,,,,,
55,Left,21,-0.0230,-0.0094,0.0341,0.0183,-0.1403,0.2070,0.9680,2.305,,,,,,,
55,Left,22,0.0000,0.0000,0.0457,0.4549,-0.0288,-0.0670,0.8875,2.305,,,,,,,
55,Left,23,0.0000,0.0000,0.0307,0.0372,-0.0409,0.0420,0.9976,2.305,,,,,,,
55,Left,24,0.0000,0.0000,0.0203,0.0063,0.0492,-0.0007,0.9988,2.305,,,,,,,
55,Left,25,0.0002,0.0012,0.0219,0.0000,0.0000,0.0000,1.0000,2.305,,,,,,,
55,Right,0,-0.0003,-0.0062,0.0659,0.0000,0.0000,0.0000,1.0000,2.305,,,,,,,
55,Right,1,0.0000,0.0000,0.0000,0.0000,0.0000,0.0000,1.0000,2.305,0.1995,0.1563,-0.0045,0.4493,0.0697,-0.7190,0.5257
55,Right,2,-0.0208,-0.0248,0.0384,0.1890,-0.3604,0.7211,0.5606,2.305,,,,,,,
55,Right,3,0.0000,0.0000,0.0325,0.1425,0.0576,-0.0827,0.9847,2.305,,,,,,,
55,Right,4,0.0000,0.0000,0.0338,-0.1062,-0.0687,0.0843,0.9884,2.305,,,,,,,
55,Right,5,0.0007,0.0010,0.0246,0.0000,0.0000,0.0000,1.0000,2.305,,,,,,,
55,Right,6,-0.0151,-0.0139,0.0384,0.0000,0.0000,0.0000,1.0000,2.305,,,,,,,
55,Right,7,-0.0084,0.0066,0.0576,0.4351,0.0905,0.0070,0.8958,2.305,,,,,,,
55,Right,8,0.0000,0.0000,0.0379,0.1847,0.0023,-0.0263,0.9824,2.305,,,,,,,
55,Right,9,0.0000,0.0000,0.0243,0.0436,0.0253,-0.0166,0.9986,2.305,,,,,,,
55,Right,10,0.0003,0.0010,0.0224,0.0000,0.0000,0.0000,1.0000,2.305,,,,,,,
55,Right,11,0.0011,-0.0098,0.0362,0.0000,0.0000,0.0000,1.0000,2.305,,,,,,,
55,Right,12,-0.0028,0.0073,0.0594,0.4964,0.0560,-0.0362,0.8656,2.305,,,,,,,
55,Right,13,0.0000,0.0000,0.0429,0.1602,0.0025,-0.0121,0.9870,2.305,,,,,,,
55,Right,14,0.0000,0.0000,0.0275,0.0215,-0.0004,-0.0457,0.9987,2.305,,,,,,,
55,Right,15,0.0003,0.0011,0.0250,0.0000,0.0000,0.0000,1.0000,2.305,,,,,,,
55,Right,16,0.0150,-0.0060,0.0348,0.0000,0.0000,0.0000,1.0000,2.305,,,,,,,
55,Right,17,0.0025,-0.0005,0.0539,0.4981,0.0237,-0.0684,0.8641,2.305,,,,,,,
55,Right,18,0.0000,0.0000,0.0390,0.1276,-0.0013,-0.0364,0.9912,2.305,,,,,,,
55,Right,19,0.0000,0.0000,0.0266,0.0833,-0.0296,-0.0085,0.9960,2.305,,,,,,,
55,Right,20,0.0003,0.0016,0.0243,0.0000,0.0000,0.0000,1.0000,2.305,,,,,,,
55,Right,21,0.0230,-0.0094,0.0341,0.0183,0.1403,-0.2070,0.9680,2.305,,,,,,,
55,Right,22,0.0000,0.0000,0.0457,0.4440,-0.0437,0.1012,0.8892,2.305,,,,,,,
55,Right,23,0.0000,0.0000,0.0307,0.1301,0.0370,-0.0499,0.9896,2.305,,,,,,,
55,Right,24,0.0000,0.0000,0.0203,0.0654,-0.0490,0.0010,0.9967,2.305,,,,,,,
55,Right,25,-0.0002,0.0012,0.0219,0.0000,0.0000,0.0000,1.0000,2.305,,,,,,,
56,Left,0,0.0030,-0.0048,0.0647,0.0000,0.0000,0.0000,1.0000,2.347,,,,,,,
56,Left,1,0.0000,0.0000,0.0000,0.0000,0.0000,0.0000,1.0000,2.347,-0.1031,0.2020,-0.0582,-0.5416,0.6430,-0.5271,0.1237
56,Left,2,0.0314,-0.0137,0.0333,-0.1746,0.3104,-0.5075,0.7846,2.347,,,,,,,
56,Left,3,0.0000,0.0000,0.0325,-0.0205,-0.0719,0.0831,0.9937,2.347,,,,,,,
56,Left,4,0.0000,0.0000,0.0338,-0.1853,0.0745,-0.0851,0.9761,2.347,,,,,,,
56,Left,5,-0.0007,0.0010,0.0246,0.0000,0.0000,0.0000,1.0000,2.347,,,,,,,
56,Left,6,0.0204,-0.0083,0.0359,0.0000,0.0000,0.0000,1.0000,2.347,,,,,,,
56,Left,7,0.0031,0.0010,0.0601,0.3138,-0.1549,0.0032,0.9368,2.347,,,,,,,
56,Left,8,0.0000,0.0000,0.0379,0.1668,-0.0028,0.0263,0.9856,2.347,,,,,,,
56,Left,9,0.0000,0.0000,0.0243,0.0194,-0.0257,0.0165,0.9993,2.347,,,,,,,
56,Left,10,-0.0003,0.0010,0.0224,0.0000,0.0000,0.0000,1.0000,2.347,,,,,,,
56,Left,11,0.0042,-0.0071,0.0337,0.0000,0.0000,0.0000,1.0000,2.347,,,,,,,
56,Left,12,-0.0025,0.0045,0.0619,0.4465,-0.1397,0.0704,0.8810,2.347,,,,,,,
56,Left,13,0.0000,0.0000,0.0429,0.0972,-0.0032,0.0118,0.9952,2.347,,,,,,,
56,Left,14,0.0000,0.0000,0.0275,-0.0353,-0.0021,0.0401,0.9986,2.347,,,,,,,
56,Left,15,-0.0003,0.0011,0.0250,0.0000,0.0000,0.0000,1.0000,2.347,,,,,,,
56,Left,16,-0.0150,-0.0060,0.0348,0.0000,0.0000,0.0000,1.0000,2.347,,,,,,,
56,Left,17,-0.0025,-0.0005,0.0539,0.4848,-0.1151,0.1127,0.8597,2.347,,,,,,,
56,Left,18,0.0000,0.0000,0.0390,0.0197,-0.0023,0.0340,0.9992,2.347,,,,,,,
56,Left,19,0.0000,0.0000,0.0266,0.0090,0.0293,0.0051,0.9995,2.347,,,,,,,
56,Left,20,-0.0003,0.0016,0.0243,0.0000,0.0000,0.0000,1.0000,2.347,,,,,,,
56,Left,21,-0.0230,-0.0094,0.0341,0.0183,-0.1403,0.2070,0.9680,2.347,,,,,,,
56,Left,22,0.0000,0.0000,0.0457,0.4554,-0.0301,-0.0664,0.8873,2.347,,,,,,,
56,Left,23,0.0000,0.0000,0.0307,0.0365,-0.0410,0.0420,0.9976,2.347,,,,,,,
56,Left,24,0.0000,0.0000,0.0203,0.0061,0.0492,-0.0007,0.9988,2.347,,,,,,,
56,Left,25,0.0002,0.0012,0.0219,0.0000,0.0000,0.0000,1.0000,2.347,,,,,,,
56,Right,0,-0.0003,-0.0062,0.0659,0.0000,0.0000,0.0000,1.0000,2.347,,,,,,,
56,Right,1,0.0000,0.0000,0.0000,0.0000,0.0000,0.0000,1.0000,2.347,0.1979,0.1569,-0.0043,0.4297,0.0709,-0.7272,0.5305
56,Right,2,-0.0208,-0.0248,0.0384,0.1885,-0.3602,0.7212,0.5609,2.347,,,,,,,
56,Right,3,0.0000,0.0000,0.0325,0.1434,0.0575,-0.0827,0.9845,2.347,,,,,,,
56,Right,4,0.0000,0.0000,0.0338,-0.1045,-0.0686,0.0843,0.9886,2.347,,,,,,,
56,Right,5,0.0007,0.0010,0.0246,0.0000,0.0000,0.0000,1.0000,2.347,,,,,,,
56,Right,6,-0.0151,-0.0139,0.0384,0.0000,0.0000,0.0000,1.0000,2.347,,,,,,,
56,Right,7,-0.0084,0.0066,0.0576,0.4428,0.0915,0.0061,0.8919,2.347,,,,,,,
56,Right,8,0.0000,0.0000,0.0379,0.1918,0.0021,-0.0264,0.9811,2.347,,,,,,,
56,Right,9,0.0000,0.0000,0.0243,0.0487,0.0252,-0.0167,0.9984,2.347,,,,,,,
56,Right,10,0.0003,0.0010,0.0224,0.0000,0.0000,0.0000,1.0000,2.347,,,,,,,
56,Right,11,0.0011,-0.0098,0.0362,0.0000,0.0000,0.0000,1.0000,2.347,,,,,,,
56,Right,12,-0.0028,0.0073,0.0594,0.5059,0.0569,-0.0375,0.8599,2.347,,,,,,,
56,Right,13,0.0000,0.0000,0.0429,0.1717,0.0024,-0.0122,0.9851,2.347,,,,,,,
56,Right,14,0.0000,0.0000,0.0275,0.0265,-0.0006,-0.0462,0.9986,2.347,,,,,,,
56,Right,15,0.0003,0.0011,0.0250,0.0000,0.0000,0.0000,1.0000,2.347,,,,,,,
56,Right,16,0.0150,-0.0060,0.0348,0.0000,0.0000,0.0000,1.0000,2.347,,,,,,,
56,Right,17,0.0025,-0.0005,0.0539,0.5110,0.0235,-0.0691,0.8565,2.347,,,,,,,
56,Right,18,0.0000,0.0000,0.0390,0.1434,-0.0019,-0.0368,0.9890,2.347,,,,,,,
56,Right,19,0.0000,0.0000,0.0266,0.0916,-0.0296,-0.0089,0.9953,2.347,,,,,,,
56,Right,20,0.0003,0.0016,0.0243,0.0000,0.0000,0.0000,1.0000,2.347,,,,,,,
56,Right,21,0.0230,-0.0094,0.0341,0.0183,0.1403,-0.2070,0.9680,2.347,,,,,,,
56,Right,22,0.0000,0.0000,0.0457,0.4551,-0.0425,0.1014,0.8836,2.347,,,,,,,
56,Right,23,0.0000,0.0000,0.0307,0.1306,0.0370,-0.0499,0.9895,2.347,,,,,,,
56,Right,24,0.0000,0.0000,0.0203,0.0756,-0.0490,0.0010,0.9959,2.347,,,,,,,
56,Right,25,-0.0002,0.0012,0.0219,0.0000,0.0000,0.0000,1.0000,2.347,,,,,,,
57,Left,0,0.0030,-0.0048,0.0647,0.0000,0.0000,0.0000,1.0000,2.388,,,,,,,
57,Left,1,0.0000,0.0000,0.0000,0.0000,0.0000,0.0000,1.0000,2.388,-0.1028,0.2020,-0.0582,-0.5397,0.6425,-0.5286,0.1285
57,Left,2,0.0314,-0.0137,0.0333,-0.1741,0.3107,-0.5080,0.7843,2.388,,,,,,,
57,Left,3,0.0000,0.0000,0.0325,-0.0211,-0.0720,0.0831,0.9937,2.388,,,,,,,
57,Left,4,0.0000,0.0000,0.0338,-0.1854,0.0745,-0.0851,0.9761,2.388,,,,,,,
57,Left,5,-0.0007,0.0010,0.0246,0.0000,0.0000,0.0000,1.0000,2.388,,,,,,,
57,Left,6,0.0204,-0.0083,0.0359,0.0000,0.0000,0.0000,1.0000,2.388,,,,,,,
57,Left,7,0.0031,0.0010,0.0601,0.3233,-0.1549,0.0045,0.9335,2.388,,,,,,,
57,Left,8,0.0000,0.0000,0.0379,0.1650,-0.0028,0.0263,0.9859,2.388,,,,,,,
57,Left,9,0.0000,0.0000,0.0243,0.0182,-0.0257,0.0165,0.9994,2.388,,,,,,,
57,Left,10,-0.0003,0.0010,0.0224,0.0000,0.0000,0.0000,1.0000,2.388,,,,,,,
57,Left,11,0.0042,-0.0071,0.0337,0.0000,0.0000,0.0000,1.0000,2.388,,,,,,,
57,Left,12,-0.0025,0.0045,0.0619,0.4512,-0.1388,0.0708,0.8787,2.388,,,,,,,
57,Left,13,0.0000,0.0000,0.0429,0.0961,-0.0033,0.0118,0.9953,2.388,,,,,,,
57,Left,14,0.0000,0.0000,0.0275,-0.0363,-0.0021,0.0400,0.9985,2.388,,,,,,,
57,Left,15,-0.0003,0.0011,0.0250,0.0000,0.0000,0.0000,1.0000,2.388,,,,,,,
57,Left,16,-0.0150,-0.0060,0.0348,0.0000,0.0000,0.0000,1.0000,2.388,,,,,,,
57,Left,17,-0.0025,-0.0005,0.0539,0.4864,-0.1147,0.1128,0.8588,2.388,,,,,,,
57,Left,18,0.0000,0.0000,0.0390,0.0183,-0.0024,0.0339,0.9993,2.388,,,,,,,
57,Left,19,0.0000,0.0000,0.0266,0.0080,0.0293,0.0050,0.9995,2.388,,,,,,,
57,Left,20,-0.0003,0.0016,0.0243,0.0000,0.0000,0.0000,1.0000,2.388,,,,,,,
57,Left,21,-0.0230,-0.0094,0.0341,0.0183,-0.1403,0.2070,0.9680,2.388,,,,,,,
57,Left,22,0.0000,0.0000,0.0457,0.4563,-0.0305,-0.0661,0.8868,2.388,,,,,,,
57,Left,23,0.0000,0.0000,0.0307,0.0353,-0.0410,0.0419,0.9977,2.388,,,,,,,
57,Left,24,0.0000,0.0000,0.0203,0.0063,0.0492,-0.0007,0.9988,2.388,,,,,,,
57,Left,25,0.0002,0.0012,0.0219,0.0000,0.0000,0.0000,1.0000,2.388,,,,,,,
57,Right,0,-0.0004,-0.0062,0.0659,0.0000,0.0000,0.0000,1.0000,2.388,,,,,,,
57,Right,1,0.0000,0.0000,0.0000,0.0000,0.0000,0.0000,1.0000,2.388,0.1947,0.1601,-0.0031,0.4257,0.0759,-0.7285,0.5313
57,Right,2,-0.0210,-0.0247,0.0383,0.1827,-0.3603,0.7196,0.5647,2.388,,,,,,,
57,Right,3,0.0000,0.0000,0.0325,0.1440,0.0575,-0.0826,0.9844,2.388,,,,,,,
57,Right,4,0.0000,0.0000,0.0338,-0.1040,-0.0686,0.0842,0.9886,2.388,,,,,,,
57,Right,5,0.0007,0.0010,0.0246,0.0000,0.0000,0.0000,1.0000,2.388,,,,,,,
57,Right,6,-0.0152,-0.0138,0.0384,0.0000,0.0000,0.0000,1.0000,2.388,,,,,,,
57,Right,7,-0.0083,0.0065,0.0576,0.4519,0.0920,0.0051,0.8873,2.388,,,,,,,
57,Right,8,0.0000,0.0000,0.0379,0.1943,0.0020,-0.0264,0.9806,2.388,,,,,,,
57,Right,9,0.0000,0.0000,0.0243,0.0557,0.0251,-0.0167,0.9980,2.388,,,,,,,
57,Right,10,0.0003,0.0010,0.0224,0.0000,0.0000,0.0000,1.0000,2.388,,,,,,,
57,Right,11,0.0010,-0.0098,0.0362,0.0000,0.0000,0.0000,1.0000,2.388,,,,,,,
57,Right,12,-0.0027,0.0073,0.0595,0.5157,0.0566,-0.0382,0.8540,2.388,,,,,,,
57,Right,13,0.0000,0.0000,0.0429,0.1724,0.0024,-0.0122,0.9849,2.388,,,,,,,
57,Right,14,0.0000,0.0000,0.0275,0.0282,-0.0007,-0.0464,0.9985,2.388,,,,,,,
57,Right,15,0.0003,0.0011,0.0250,0.0000,0.0000,0.0000,1.0000,2.388,,,,,,,
57,Right,16,0.0150,-0.0060,0.0348,0.0000,0.0000,0.0000,1.0000,2.388,,,,,,,
57,Right,17,0.0025,-0.0005,0.0539,0.5217,0.0229,-0.0695,0.8500,2.388,,,,,,,
57,Right,18,0.0000,0.0000,0.0390,0.1444,-0.0019,-0.0368,0.9888,2.388,,,,,,,
57,Right,19,0.0000,0.0000,0.0266,0.0932,-0.0296,-0.0090,0.9952,2.388,,,,,,,
57,Right,20,0.0003,0.0016,0.0243,0.0000,0.0000,0.0000,1.0000,2.388,,,,,,,
57,Right,21,0.0230,-0.0094,0.0341,0.0183,0.1403,-0.2070,0.9680,2.388,,,,,,,
57,Right,22,0.0000,0.0000,0.0457,0.4567,-0.0427,0.1016,0.8828,2.388,,,,,,,
57,Right,23,0.0000,0.0000,0.0307,0.1315,0.0369,-0.0500,0.9894,2.388,,,,,,,
57,Right,24,0.0000,0.0000,0.0203,0.0782,-0.0490,0.0010,0.9957,2.388,,,,,,,
57,Right,25,-0.0002,0.0012,0.0219,0.0000,0.0000,0.0000,1.0000,2.388,,,,,,,
58,Left,0,0.0030,-0.0048,0.0647,0.0000,0.0000,0.0000,1.0000,2.430,,,,,,,
58,Left,1,0.0000,0.0000,0.0000,0.0000,0.0000,0.0000,1.0000,2.430,-0.1029,0.2019,-0.0584,-0.5393,0.6428,-0.5285,0.1289
58,Left,2,0.0314,-0.0137,0.0333,-0.1746,0.3100,-0.5077,0.7846,2.430,,,,,,,
58,Left,3,0.0000,0.0000,0.0325,-0.0204,-0.0719,0.0831,0.9937,2.430,,,,,,,
58,Left,4,0.0000,0.0000,0.0338,-0.1854,0.0745,-0.0851,0.9761,2.430,,,,,,,
58,Left,5,-0.0007,0.0010,0.0246,0.0000,0.0000,0.0000,1.0000,2.430,,,,,,,
58,Left,6,0.0204,-0.0083,0.0359,0.0000,0.0000,0.0000,1.0000,2.430,,,,,,,
58,Left,7,0.0031,0.0010,0.0601,0.3250,-0.1540,0.0045,0.9331,2.430,,,,,,,
58,Left,8,0.0000,0.0000,0.0379,0.1640,-0.0029,0.0263,0.9861,2.430,,,,,,,
58,Left,9,0.0000,0.0000,0.0243,0.0174,-0.0257,0.0165,0.9994,2.430,,,,,,,
58,Left,10,-0.0003,0.0010,0.0224,0.0000,0.0000,0.0000,1.0000,2.430,,,,,,,
58,Left,11,0.0042,-0.0071,0.0337,0.0000,0.0000,0.0000,1.0000,2.430,,,,,,,
58,Left,12,-0.0025,0.0045,0.0619,0.4522,-0.1387,0.0710,0.8782,2.430,,,,,,,
58,Left,13,0.0000,0.0000,0.0429,0.0952,-0.0033,0.0118,0.9954,2.430,,,,,,,
58,Left,14,0.0000,0.0000,0.0275,-0.0372,-0.0022,0.0399,0.9985,2.430,,,,,,,
58,Left,15,-0.0003,0.0011,0.0250,0.0000,0.0000,0.0000,1.0000,2.430,,,,,,,
58,Left,16,-0.0150,-0.0060,0.0348,0.0000,0.0000,0.0000,1.0000,2.430,,,,,,,
58,Left,17,-0.0025,-0.0005,0.0539,0.4876,-0.1151,0.1132,0.8580,2.430,,,,,,,
58,Left,18,0.0000,0.0000,0.0390,0.0171,-0.0024,0.0339,0.9993,2.430,,,,,,,
58,Left,19,0.0000,0.0000,0.0266,0.0073,0.0293,0.0050,0.9995,2.430,,,,,,,
58,Left,20,-0.0003,0.0016,0.0243,0.0000,0.0000,0.0000,1.0000,2.430,,,,,,,
58,Left,21,-0.0230,-0.0094,0.0341,0.0183,-0.1403,0.2070,0.9680,2.430,,,,,,,
58,Left,22,0.0000,0.0000,0.0457,0.4565,-0.0312,-0.0658,0.8868,2.430,,,,,,,
58,Left,23,0.0000,0.0000,0.0307,0.0342,-0.0411,0.0418,0.9977,2.430,,,,,,,
58,Left,24,0.0000,0.0000,0.0203,0.0064,0.0492,-0.0007,0.9988,2.430,,,,,,,
58,Left,25,0.0002,0.0012,0.0219,0.0000,0.0000,0.0000,1.0000,2.430,,,,,,,
58,Right,0,-0.0004,-0.0062,0.0659,0.0000,0.0000,0.0000,1.0000,2.430,,,,,,,
58,Right,1,0.0000,0.0000,0.0000,0.0000,0.0000,0.0000,1.0000,2.430,0.1947,0.1610,-0.0044,0.4266,0.0854,-0.7295,0.5278
58,Right,2,-0.0212,-0.0246,0.0383,0.1796,-0.3616,0.7181,0.5668,2.430,,,,,,,
58,Right,3,0.0000,0.0000,0.0325,0.1451,0.0574,-0.0826,0.9843,2.430,,,,,,,
58,Right,4,0.0000,0.0000,0.0338,-0.1039,-0.0685,0.0842,0.9886,2.430,,,,,,,
58,Right,5,0.0007,0.0010,0.0246,0.0000,0.0000,0.0000,1.0000,2.430,,,,,,,
58,Right,6,-0.0153,-0.0138,0.0383,0.0000,0.0000,0.0000,1.0000,2.430,,,,,,,
58,Right,7,-0.0082,0.0065,0.0577,0.4548,0.0915,0.0052,0.8859,2.430,,,,,,,
58,Right,8,0.0000,0.0000,0.0379,0.1972,0.0020,-0.0264,0.9800,2.430,,,,,,,
58,Right,9,0.0000,0.0000,0.0243,0.0573,0.0250,-0.0167,0.9979,2.430,,,,,,,
58,Right,10,0.0003,0.0010,0.0224,0.0000,0.0000,0.0000,1.0000,2.430,,,,,,,
58,Right,11,0.0009,-0.0098,0.0362,0.0000,0.0000,0.0000,1.0000,2.430,,,,,,,
58,Right,12,-0.0026,0.0072,0.0595,0.5167,0.0566,-0.0383,0.8535,2.430,,,,,,,
58,Right,13,0.0000,0.0000,0.0429,0.1731,0.0023,-0.0122,0.9848,2.430,,,,,,,
58,Right,14,0.0000,0.0000,0.0275,0.0299,-0.0008,-0.0465,0.9985,2.430,,,,,,,
58,Right,15,0.0003,0.0011,0.0250,0.0000,0.0000,0.0000,1.0000,2.430,,,,,,,
58,Right,16,0.0150,-0.0060,0.0348,0.0000,0.0000,0.0000,1.0000,2.430,,,,,,,
58,Right,17,0.0025,-0.0005,0.0539,0.5219,0.0233,-0.0697,0.8498,2.430,,,,,,,
58,Right,18,0.0000,0.0000,0.0390,0.1450,-0.0019,-0.0368,0.9887,2.430,,,,,,,
58,Right,19,0.0000,0.0000,0.0266,0.0942,-0.0296,-0.0090,0.9951,2.430,,,,,,,
58,Right,20,0.0003,0.0016,0.0243,0.0000,0.0000,0.0000,1.0000,2.430,,,,,,,
58,Right,21,0.0230,-0.0094,0.0341,0.0183,0.1403,-0.2070,0.9680,2.430,,,,,,,
58,Right,22,0.0000,0.0000,0.0457,0.4560,-0.0432,0.1018,0.8831,2.430,,,,,,,
58,Right,23,0.0000,0.0000,0.0307,0.1327,0.0369,-0.0501,0.9892,2.430,,,,,,,
58,Right,24,0.0000,0.0000,0.0203,0.0792,-0.0490,0.0010,0.9957,2.430,,,,,,,
58,Right,25,-0.0002,0.0012,0.0219,0.0000,0.0000,0.0000,1.0000,2.430,,,,,,,
59,Left,0,0.0030,-0.0048,0.0647,0.0000,0.0000,0.0000,1.0000,2.472,,,,,,,
59,Left,1,0.0000,0.0000,0.0000,0.0000,0.0000,0.0000,1.0000,2.472,-0.1029,0.2017,-0.0588,-0.5365,0.6420,-0.5311,0.1341
59,Left,2,0.0314,-0.0138,0.0333,-0.1743,0.3102,-0.5079,0.7845,2.472,,,,,,,
59,Left,3,0.0000,0.0000,0.0325,-0.0203,-0.0719,0.0831,0.9937,2.472,,,,,,,
59,Left,4,0.0000,0.0000,0.0338,-0.1855,0.0745,-0.0851,0.9761,2.472,,,,,,,
59,Left,5,-0.0007,0.0010,0.0246,0.0000,0.0000,0.0000,1.0000,2.472,,,,,,,
59,Left,6,0.0204,-0.0083,0.0359,0.0000,0.0000,0.0000,1.0000,2.472,,,,,,,
59,Left,7,0.0031,0.0010,0.0601,0.3267,-0.1530,0.0044,0.9326,2.472,,,,,,,
59,Left,8,0.0000,0.0000,0.0379,0.1623,-0.0029,0.0263,0.9864,2.472,,,,,,,
59,Left,9,0.0000,0.0000,0.0243,0.0165,-0.0258,0.0165,0.9994,2.472,,,,,,,
59,Left,10,-0.0003,0.0010,0.0224,0.0000,0.0000,0.0000,1.0000,2.472,,,,,,,
59,Left,11,0.0042,-0.0071,0.0337,0.0000,0.0000,0.0000,1.0000,2.472,,,,,,,
59,Left,12,-0.0025,0.0045,0.0619,0.4528,-0.1382,0.0708,0.8780,2.472,,,,,,,
59,Left,13,0.0000,0.0000,0.0429,0.0941,-0.0033,0.0118,0.9955,2.472,,,,,,,
59,Left,14,0.0000,0.0000,0.0275,-0.0380,-0.0022,0.0399,0.9985,2.472,,,,,,,
59,Left,15,-0.0003,0.0011,0.0250,0.0000,0.0000,0.0000,1.0000,2.472,,,,,,,
59,Left,16,-0.0150,-0.0060,0.0348,0.0000,0.0000,0.0000,1.0000,2.472,,,,,,,
59,Left,17,-0.0025,-0.0005,0.0539,0.4883,-0.1150,0.1133,0.8576,2.472,,,,,,,
59,Left,18,0.0000,0.0000,0.0390,0.0160,-0.0024,0.0339,0.9993,2.472,,,,,,,
59,Left,19,0.0000,0.0000,0.0266,0.0066,0.0293,0.0050,0.9995,2.472,,,,,,,
59,Left,20,-0.0003,0.0016,0.0243,0.0000,0.0000,0.0000,1.0000,2.472,,,,,,,
59,Left,21,-0.0230,-0.0094,0.0341,0.0183,-0.1403,0.2070,0.9680,2.472,,,,,,,
59,Left,22,0.0000,0.0000,0.0457,0.4562,-0.0309,-0.0660,0.8869,2.472,,,,,,,
59,Left,23,0.0000,0.0000,0.0307,0.0334,-0.0411,0.0417,0.9977,2.472,,,,,,,
59,Left,24,0.0000,0.0000,0.0203,0.0065,0.0492,-0.0008,0.9988,2.472,,,,,,,
59,Left,25,0.0002,0.0012,0.0219,0.0000,0.0000,0.0000,1.0000,2.472,,,,,,,
59,Right,0,-0.0004,-0.0062,0.0659,0.0000,0.0000,0.0000,1.0000,2.472,,,,,,,
59,Right,1,0.0000,0.0000,0.0000,0.0000,0.0000,0.0000,1.0000,2.472,0.1946,0.1607,-0.0048,0.4218,0.0890,-0.7343,0.5243
59,Right,2,-0.0212,-0.0246,0.0383,0.1791,-0.3615,0.7181,0.5671,2.472,,,,,,,
59,Right,3,0.0000,0.0000,0.0325,0.1454,0.0574,-0.0826,0.9843,2.472,,,,,,,
59,Right,4,0.0000,0.0000,0.0338,-0.1030,-0.0685,0.0842,0.9887,2.472,,,,,,,
59,Right,5,0.0007,0.0010,0.0246,0.0000,0.0000,0.0000,1.0000,2.472,,,,,,,
59,Right,6,-0.0153,-0.0138,0.0383,0.0000,0.0000,0.0000,1.0000,2.472,,,,,,,
59,Right,7,-0.0082,0.0065,0.0577,0.4557,0.0906,0.0055,0.8855,2.472,,,,,,,
59,Right,8,0.0000,0.0000,0.0379,0.2041,0.0018,-0.0263,0.9786,2.472,,,,,,,
59,Right,9,0.0000,0.0000,0.0243,0.0603,0.0250,-0.0167,0.9977,2.472,,,,,,,
59,Right,10,0.0003,0.0010,0.0224,0.0000,0.0000,0.0000,1.0000,2.472,,,,,,,
59,Right,11,0.0009,-0.0098,0.0362,0.0000,0.0000,0.0000,1.0000,2.472,,,,,,,
59,Right,12,-0.0026,0.0072,0.0595,0.5174,0.0562,-0.0381,0.8531,2.472,,,,,,,
59,Right,13,0.0000,0.0000,0.0429,0.1745,0.0023,-0.0122,0.9846,2.472,,,,,,,
59,Right,14,0.0000,0.0000,0.0275,0.0322,-0.0009,-0.0468,0.9984,2.472,,,,,,,
59,Right,15,0.0003,0.0011,0.0250,0.0000,0.0000,0.0000,1.0000,2.472,,,,,,,
59,Right,16,0.0150,-0.0060,0.0348,0.0000,0.0000,0.0000,1.0000,2.472,,,,,,,
59,Right,17,0.0025,-0.0005,0.0539,0.5221,0.0234,-0.0698,0.8497,2.472,,,,,,,
59,Right,18,0.0000,0.0000,0.0390,0.1489,-0.0020,-0.0369,0.9882,2.472,,,,,,,
59,Right,19,0.0000,0.0000,0.0266,0.0954,-0.0296,-0.0091,0.9950,2.472,,,,,,,
59,Right,20,0.0003,0.0016,0.0243,0.0000,0.0000,0.0000,1.0000,2.472,,,,,,,
59,Right,21,0.0230,-0.0094,0.0341,0.0183,0.1403,-0.2070,0.9680,2.472,,,,,,,
59,Right,22,0.0000,0.0000,0.0457,0.4556,-0.0434,0.1018,0.8833,2.472,,,,,,,
59,Right,23,0.0000,0.0000,0.0307,0.1402,0.0365,-0.0507,0.9881,2.472,,,,,,,
59,Right,24,0.0000,0.0000,0.0203,0.0805,-0.0489,0.0010,0.9956,2.472,,,,,,,
59,Right,25,-0.0002,0.0012,0.0219,0.0000,0.0000,0.0000,1.0000,2.472,,,,,,,
60,Left,0,0.0030,-0.0048,0.0647,0.0000,0.0000,0.0000,1.0000,2.513,,,,,,,
60,Left,1,0.0000,0.0000,0.0000,0.0000,0.0000,0.0000,1.0000,2.513,-0.1029,0.2017,-0.0588,-0.5349,0.6400,-0.5342,0.1374
60,Left,2,0.0314,-0.0138,0.0333,-0.1742,0.3101,-0.5081,0.7844,2.513,,,,,,,
60,Left,3,0.0000,0.0000,0.0325,-0.0195,-0.0718,0.0831,0.9938,2.513,,,,,,,
60,Left,4,0.0000,0.0000,0.0338,-0.1855,0.0745,-0.0851,0.9761,2.513,,,,,,,
60,Left,5,-0.0007,0.0010,0.0246,0.0000,0.0000,0.0000,1.0000,2.513,,,,,,,
60,Left,6,0.0204,-0.0083,0.0359,0.0000,0.0000,0.0000,1.0000,2.513,,,,,,,
60,Left,7,0.0031,0.0010,0.0601,0.3273,-0.1523,0.0043,0.9326,2.513,,,,,,,
60,Left,8,0.0000,0.0000,0.0379,0.1606,-0.0030,0.0263,0.9867,2.513,,,,,,,
60,Left,9,0.0000,0.0000,0.0243,0.0155,-0.0258,0.0165,0.9994,2.513,,,,,,,
60,Left,10,-0.0003,0.0010,0.0224,0.0000,0.0000,0.0000,1.0000,2.513,,,,,,,
60,Left,11,0.0042,-0.0071,0.0337,0.0000,0.0000,0.0000,1.0000,2.513,,,,,,,
60,Left,12,-0.0025,0.0045,0.0619,0.4532,-0.1378,0.0707,0.8778,2.513,,,,,,,
60,Left,13,0.0000,0.0000,0.0429,0.0926,-0.0033,0.0118,0.9956,2.513,,,,,,,
60,Left,14,0.0000,0.0000,0.0275,-0.0390,-0.0023,0.0398,0.9984,2.513,,,,,,,
60,Left,15,-0.0003,0.0011,0.0250,0.0000,0.0000,0.0000,1.0000,2.513,,,,,,,
60,Left,16,-0.0150,-0.0060,0.0348,0.0000,0.0000,0.0000,1.0000,2.513,,,,,,,
60,Left,17,-0.0025,-0.0005,0.0539,0.4888,-0.1148,0.1133,0.8573,2.513,,,,,,,
60,Left,18,0.0000,0.0000,0.0390,0.0151,-0.0025,0.0339,0.9993,2.513,,,,,,,
60,Left,19,0.0000,0.0000,0.0266,0.0059,0.0293,0.0049,0.9995,2.513,,,,,,,
60,Left,20,-0.0003,0.0016,0.0243,0.0000,0.0000,0.0000,1.0000,2.513,,,,,,,
60,Left,21,-0.0230,-0.0094,0.0341,0.0183,-0.1403,0.2070,0.9680,2.513,,,,,,,
60,Left,22,0.0000,0.0000,0.0457,0.4557,-0.0302,-0.0663,0.8871,2.513,,,,,,,
60,Left,23,0.0000,0.0000,0.0307,0.0325,-0.0411,0.0416,0.9978,2.513,,,,,,,
60,Left,24,0.0000,0.0000,0.0203,0.0066,0.0492,-0.0008,0.9988,2.513,,,,,,,
60,Left,25,0.0002,0.0012,0.0219,0.0000,0.0000,0.0000,1.0000,2.513,,,,,,,
60,Right,0,-0.0004,-0.0062,0.0659,0.0000,0.0000,0.0000,1.0000,2.513,,,,,,,
60,Right,1,0.0000,0.0000,0.0000,0.0000,0.0000,0.0000,1.0000,2.513,0.1946,0.1604,-0.0056,0.4218,0.0893,-0.7342,0.5244
60,Right,2,-0.0213,-0.0246,0.0383,0.1775,-0.3617,0.7175,0.5681,2.513,,,,,,,
60,Right,3,0.0000,0.0000,0.0325,0.1464,0.0573,-0.0826,0.9841,2.513,,,,,,,
60,Right,4,0.0000,0.0000,0.0338,-0.1015,-0.0684,0.0842,0.9889,2.513,,,,,,,
60,Right,5,0.0007,0.0010,0.0246,0.0000,0.0000,0.0000,1.0000,2.513,,,,,,,
60,Right,6,-0.0153,-0.0138,0.0383,0.0000,0.0000,0.0000,1.0000,2.513,,,,,,,
60,Right,7,-0.0082,0.0064,0.0577,0.4565,0.0891,0.0061,0.8852,2.513,,,,,,,
60,Right,8,0.0000,0.0000,0.0379,0.2064,0.0017,-0.0263,0.9781,2.513,,,,,,,
60,Right,9,0.0000,0.0000,0.0243,0.0615,0.0250,-0.0167,0.9977,2.513,,,,,,,
60,Right,10,0.0003,0.0010,0.0224,0.0000,0.0000,0.0000,1.0000,2.513,,,,,,,
60,Right,11,0.0009,-0.0098,0.0362,0.0000,0.0000,0.0000,1.0000,2.513,,,,,,,
60,Right,12,-0.0026,0.0072,0.0595,0.5175,0.0553,-0.0376,0.8531,2.513,,,,,,,
60,Right,13,0.0000,0.0000,0.0429,0.1762,0.0023,-0.0122,0.9843,2.513,,,,,,,
60,Right,14,0.0000,0.0000,0.0275,0.0360,-0.0010,-0.0471,0.9982,2.513,,,,,,,
60,Right,15,0.0003,0.0011,0.0250,0.0000,0.0000,0.0000,1.0000,2.513,,,,,,,
60,Right,16,0.0150,-0.0060,0.0348,0.0000,0.0000,0.0000,1.0000,2.513,,,,,,,
60,Right,17,0.0025,-0.0005,0.0539,0.5212,0.0234,-0.0697,0.8503,2.513,,,,,,,
60,Right,18,0.0000,0.0000,0.0390,0.1539,-0.0022,-0.0370,0.9874,2.513,,,,,,,
60,Right,19,0.0000,0.0000,0.0266,0.0975,-0.0296,-0.0092,0.9948,2.513,,,,,,,
60,Right,20,0.0003,0.0016,0.0243,0.0000,0.0000,0.0000,1.0000,2.513,,,,,,,
60,Right,21,0.0230,-0.0094,0.0341,0.0183,0.1403,-0.2070,0.9680,2.513,,,,,,,
60,Right,22,0.0000,0.0000,0.0457,0.4464,-0.0445,0.1017,0.8879,2.513,,,,,,,
60,Right,23,0.0000,0.0000,0.0307,0.1530,0.0360,-0.0518,0.9862,2.513,,,,,,,
60,Right,24,0.0000,0.0000,0.0203,0.0823,-0.0489,0.0010,0.9954,2.513,,,,,,,
60,Right,25,-0.0002,0.0012,0.0219,0.0000,0.0000,0.0000,1.0000,2.513,,,,,,,
61,Left,0,0.0030,-0.0048,0.0647,0.0000,0.0000,0.0000,1.0000,2.555,,,,,,,
61,Left,1,0.0000,0.0000,0.0000,0.0000,0.0000,0.0000,1.0000,2.555,-0.1031,0.2016,-0.0593,-0.5317,0.6382,-0.5382,0.1426
61,Left,2,0.0314,-0.0138,0.0334,-0.1735,0.3106,-0.5087,0.7840,2.555,,,,,,,
61,Left,3,0.0000,0.0000,0.0325,-0.0182,-0.0717,0.0831,0.9938,2.555,,,,,,,
61,Left,4,0.0000,0.0000,0.0338,-0.1856,0.0745,-0.0851,0.9761,2.555,,,,,,,
61,Left,5,-0.0007,0.0010,0.0246,0.0000,0.0000,0.0000,1.0000,2.555,,,,,,,
61,Left,6,0.0204,-0.0084,0.0359,0.0000,0.0000,0.0000,1.0000,2.555,,,,,,,
61,Left,7,0.0032,0.0010,0.0601,0.3276,-0.1514,0.0041,0.9326,2.555,,,,,,,
61,Left,8,0.0000,0.0000,0.0379,0.1580,-0.0030,0.0263,0.9871,2.555,,,,,,,
61,Left,9,0.0000,0.0000,0.0243,0.0147,-0.0258,0.0165,0.9994,2.555,,,,,,,
61,Left,10,-0.0003,0.0010,0.0224,0.0000,0.0000,0.0000,1.0000,2.555,,,,,,,
61,Left,11,0.0042,-0.0071,0.0337,0.0000,0.0000,0.0000,1.0000,2.555,,,,,,,
61,Left,12,-0.0025,0.0045,0.0619,0.4542,-0.1374,0.0707,0.8774,2.555,,,,,,,
61,Left,13,0.0000,0.0000,0.0429,0.0915,-0.0033,0.0118,0.9957,2.555,,,,,,,
61,Left,14,0.0000,0.0000,0.0275,-0.0395,-0.0023,0.0397,0.9984,2.555,,,,,,,
61,Left,15,-0.0003,0.0011,0.0250,0.0000,0.0000,0.0000,1.0000,2.555,,,,,,,
61,Left,16,-0.0150,-0.0060,0.0348,0.0000,0.0000,0.0000,1.0000,2.555,,,,,,,
61,Left,17,-0.0025,-0.0005,0.0539,0.4896,-0.1144,0.1132,0.8570,2.555,,,,,,,
61,Left,18,0.0000,0.0000,0.0390,0.0142,-0.0025,0.0338,0.9993,2.555,,,,,,,
61,Left,19,0.0000,0.0000,0.0266,0.0053,0.0293,0.0049,0.9995,2.555,,,,,,,
61,Left,20,-0.0003,0.0016,0.0243,0.0000,0.0000,0.0000,1.0000,2.555,,,,,,,
61,Left,21,-0.0230,-0.0094,0.0341,0.0183,-0.1403,0.2070,0.9680,2.555,,,,,,,
61,Left,22,0.0000,0.0000,0.0457,0.4554,-0.0293,-0.0668,0.8873,2.555,,,,,,,
61,Left,23,0.0000,0.0000,0.0307,0.0322,-0.0411,0.0416,0.9978,2.555,,,,,,,
61,Left,24,0.0000,0.0000,0.0203,0.0068,0.0492,-0.0008,0.9988,2.555,,,,,,,
61,Left,25,0.0002,0.0012,0.0219,0.0000,0.0000,0.0000,1.0000,2.555,,,,,,,
61,Right,0,-0.0005,-0.0061,0.0659,0.0000,0.0000,0.0000,1.0000,2.555,,,,,,,
61,Right,1,0.0000,0.0000,0.0000,0.0000,0.0000,0.0000,1.0000,2.555,0.1953,0.1596,-0.0072,0.4228,0.0893,-0.7338,0.5243
61,Right,2,-0.0214,-0.0245,0.0382,0.1742,-0.3625,0.7162,0.5703,2.555,,,,,,,
61,Right,3,0.0000,0.0000,0.0325,0.1470,0.0572,-0.0826,0.9840,2.555,,,,,,,
61,Right,4,0.0000,0.0000,0.0338,-0.0983,-0.0681,0.0842,0.9892,2.555,,,,,,,
61,Right,5,0.0007,0.0010,0.0246,0.0000,0.0000,0.0000,1.0000,2.555,,,,,,,
61,Right,6,-0.0154,-0.0137,0.0383,0.0000,0.0000,0.0000,1.0000,2.555,,,,,,,
61,Right,7,-0.0081,0.0064,0.0577,0.4571,0.0852,0.0079,0.8853,2.555,,,,,,,
61,Right,8,0.0000,0.0000,0.0379,0.2070,0.0017,-0.0263,0.9780,2.555,,,,,,,
61,Right,9,0.0000,0.0000,0.0243,0.0627,0.0249,-0.0167,0.9976,2.555,,,,,,,
61,Right,10,0.0003,0.0010,0.0224,0.0000,0.0000,0.0000,1.0000,2.555,,,,,,,
61,Right,11,0.0008,-0.0098,0.0362,0.0000,0.0000,0.0000,1.0000,2.555,,,,,,,
61,Right,12,-0.0025,0.0072,0.0595,0.5171,0.0542,-0.0370,0.8534,2.555,,,,,,,
61,Right,13,0.0000,0.0000,0.0429,0.1771,0.0023,-0.0122,0.9841,2.555,,,,,,,
61,Right,14,0.0000,0.0000,0.0275,0.0385,-0.0011,-0.0474,0.9981,2.555,,,,,,,
61,Right,15,0.0003,0.0011,0.0250,0.0000,0.0000,0.0000,1.0000,2.555,,,,,,,
61,Right,16,0.0150,-0.0060,0.0348,0.0000,0.0000,0.0000,1.0000,2.555,,,,,,,
61,Right,17,0.0025,-0.0005,0.0539,0.5154,0.0238,-0.0695,0.8538,2.555,,,,,,,
61,Right,18,0.0000,0.0000,0.0390,0.1554,-0.0023,-0.0370,0.9872,2.555,,,,,,,
61,Right,19,0.0000,0.0000,0.0266,0.0999,-0.0296,-0.0093,0.9945,2.555,,,,,,,
61,Right,20,0.0003,0.0016,0.0243,0.0000,0.0000,0.0000,1.0000,2.555,,,,,,,
61,Right,21,0.0230,-0.0094,0.0341,0.0183,0.1403,-0.2070,0.9680,2.555,,,,,,,
61,Right,22,0.0000,0.0000,0.0457,0.4309,-0.0462,0.1015,0.8955,2.555,,,,,,,
61,Right,23,0.0000,0.0000,0.0307,0.1602,0.0356,-0.0523,0.9850,2.555,,,,,,,
61,Right,24,0.0000,0.0000,0.0203,0.0851,-0.0489,0.0010,0.9952,2.555,,,,,,,
61,Right,25,-0.0002,0.0012,0.0219,0.0000,0.0000,0.0000,1.0000,2.555,,,,,,,
62,Left,0,0.0030,-0.0048,0.0647,0.0000,0.0000,0.0000,1.0000,2.597,,,,,,,
62,Left,1,0.0000,0.0000,0.0000,0.0000,0.0000,0.0000,1.0000,2.597,-0.1023,0.2018,-0.0598,-0.5286,0.6373,-0.5423,0.1427
62,Left,2,0.0314,-0.0138,0.0334,-0.1734,0.3101,-0.5090,0.7840,2.597,,,,,,,
62,Left,3,0.0000,0.0000,0.0325,-0.0168,-0.0716,0.0831,0.9938,2.597,,,,,,,
62,Left,4,0.0000,0.0000,0.0338,-0.1856,0.0745,-0.0851,0.9761,2.597,,,,,,,
62,Left,5,-0.0007,0.0010,0.0246,0.0000,0.0000,0.0000,1.0000,2.597,,,,,,,
62,Left,6,0.0204,-0.0084,0.0359,0.0000,0.0000,0.0000,1.0000,2.597,,,,,,,
62,Left,7,0.0032,0.0010,0.0601,0.3286,-0.1505,0.0039,0.9324,2.597,,,,,,,
62,Left,8,0.0000,0.0000,0.0379,0.1549,-0.0031,0.0263,0.9876,2.597,,,,,,,
62,Left,9,0.0000,0.0000,0.0243,0.0141,-0.0258,0.0165,0.9994,2.597,,,,,,,
62,Left,10,-0.0003,0.0010,0.0224,0.0000,0.0000,0.0000,1.0000,2.597,,,,,,,
62,Left,11,0.0042,-0.0071,0.0337,0.0000,0.0000,0.0000,1.0000,2.597,,,,,,,
62,Left,12,-0.0025,0.0045,0.0619,0.4547,-0.1374,0.0709,0.8771,2.597,,,,,,,
62,Left,13,0.0000,0.0000,0.0429,0.0900,-0.0033,0.0118,0.9959,2.597,,,,,,,
62,Left,14,0.0000,0.0000,0.0275,-0.0400,-0.0023,0.0397,0.9984,2.597,,,,,,,
62,Left,15,-0.0003,0.0011,0.0250,0.0000,0.0000,0.0000,1.0000,2.597,,,,,,,
62,Left,16,-0.0150,-0.0060,0.0348,0.0000,0.0000,0.0000,1.0000,2.597,,,,,,,
62,Left,17,-0.0025,-0.0005,0.0539,0.4902,-0.1142,0.1132,0.8566,2.597,,,,,,,
62,Left,18,0.0000,0.0000,0.0390,0.0134,-0.0025,0.0338,0.9993,2.597,,,,,,,
62,Left,19,0.0000,0.0000,0.0266,0.0047,0.0293,0.0049,0.9995,2.597,,,,,,,
62,Left,20,-0.0003,0.0016,0.0243,0.0000,0.0000,0.0000,1.0000,2.597,,,,,,,
62,Left,21,-0.0230,-0.0094,0.0341,0.0183,-0.1403,0.2070,0.9680,2.597,,,,,,,
62,Left,22,0.0000,0.0000,0.0457,0.4548,-0.0289,-0.0670,0.8876,2.597,,,,,,,
62,Left,23,0.0000,0.0000,0.0307,0.0318,-0.0412,0.0416,0.9978,2.597,,,,,,,
62,Left,24,0.0000,0.0000,0.0203,0.0066,0.0492,-0.0008,0.9988,2.597,,,,,,,
62,Left,25,0.0002,0.0012,0.0219,0.0000,0.0000,0.0000,1.0000,2.597,,,,,,,
62,Right,0,-0.0005,-0.0061,0.0659,0.0000,0.0000,0.0000,1.0000,2.597,,,,,,,
62,Right,1,0.0000,0.0000,0.0000,0.0000,0.0000,0.0000,1.0000,2.597,0.1953,0.1599,-0.0077,0.4221,0.0903,-0.7337,0.5248
62,Right,2,-0.0215,-0.0245,0.0382,0.1732,-0.3624,0.7160,0.5709,2.597,,,,,,,
62,Right,3,0.0000,0.0000,0.0325,0.1473,0.0572,-0.0826,0.9840,2.597,,,,,,,
62,Right,4,0.0000,0.0000,0.0338,-0.0933,-0.0677,0.0841,0.9898,2.597,,,,,,,
62,Right,5,0.0007,0.0010,0.0246,0.0000,0.0000,0.0000,1.0000,2.597,,,,,,,
62,Right,6,-0.0154,-0.0137,0.0383,0.0000,0.0000,0.0000,1.0000,2.597,,,,,,,
62,Right,7,-0.0081,0.0064,0.0577,0.4568,0.0842,0.0083,0.8855,2.597,,,,,,,
62,Right,8,0.0000,0.0000,0.0379,0.2076,0.0017,-0.0263,0.9779,2.597,,,,,,,
62,Right,9,0.0000,0.0000,0.0243,0.0638,0.0249,-0.0167,0.9975,2.597,,,,,,,
62,Right,10,0.0003,0.0010,0.0224,0.0000,0.0000,0.0000,1.0000,2.597,,,,,,,
62,Right,11,0.0008,-0.0098,0.0362,0.0000,0.0000,0.0000,1.0000,2.597,,,,,,,
62,Right,12,-0.0025,0.0072,0.0595,0.5167,0.0529,-0.0363,0.8538,2.597,,,,,,,
62,Right,13,0.0000,0.0000,0.0429,0.1784,0.0023,-0.0122,0.9839,2.597,,,,,,,
62,Right,14,0.0000,0.0000,0.0275,0.0430,-0.0013,-0.0478,0.9979,2.597,,,,,,,
62,Right,15,0.0003,0.0011,0.0250,0.0000,0.0000,0.0000,1.0000,2.597,,,,,,,
62,Right,16,0.0150,-0.0060,0.0348,0.0000,0.0000,0.0000,1.0000,2.597,,,,,,,
62,Right,17,0.0025,-0.0005,0.0539,0.5143,0.0236,-0.0694,0.8545,2.597,,,,,,,
62,Right,18,0.0000,0.0000,0.0390,0.1566,-0.0023,-0.0370,0.9870,2.597,,,,,,,
62,Right,19,0.0000,0.0000,0.0266,0.1015,-0.0296,-0.0094,0.9944,2.597,,,,,,,
62,Right,20,0.0003,0.0016,0.0243,0.0000,0.0000,0.0000,1.0000,2.597,,,,,,,
62,Right,21,0.0230,-0.0094,0.0341,0.0183,0.1403,-0.2070,0.9680,2.597,,,,,,,
62,Right,22,0.0000,0.0000,0.0457,0.4297,-0.0460,0.1013,0.8961,2.597,,,,,,,
62,Right,23,0.0000,0.0000,0.0307,0.1664,0.0353,-0.0528,0.9840,2.597,,,,,,,
62,Right,24,0.0000,0.0000,0.0203,0.0869,-0.0489,0.0010,0.9950,2.597,,,,,,,
62,Right,25,-0.0002,0.0012,0.0219,0.0000,0.0000,0.0000,1.0000,2.597,,,,,,,
63,Left,0,0.0030,-0.0048,0.0647,0.0000,0.0000,0.0000,1.0000,2.638,,,,,,,
63,Left,1,0.0000,0.0000,0.0000,0.0000,0.0000,0.0000,1.0000,2.638,-0.1022,0.2016,-0.0622,-0.5293,0.6376,-0.5420,0.1397
63,Left,2,0.0314,-0.0138,0.0334,-0.1734,0.3105,-0.5088,0.7840,2.638,,,,,,,
63,Left,3,0.0000,0.0000,0.0325,-0.0156,-0.0715,0.0831,0.9938,2.638,,,,,,,
63,Left,4,0.0000,0.0000,0.0338,-0.1857,0.0745,-0.0851,0.9761,2.638,,,,,,,
63,Left,5,-0.0007,0.0010,0.0246,0.0000,0.0000,0.0000,1.0000,2.638,,,,,,,
63,Left,6,0.0204,-0.0084,0.0359,0.0000,0.0000,0.0000,1.0000,2.638,,,,,,,
63,Left,7,0.0032,0.0010,0.0601,0.3301,-0.1503,0.0040,0.9319,2.638,,,,,,,
63,Left,8,0.0000,0.0000,0.0379,0.1537,-0.0031,0.0263,0.9878,2.638,,,,,,,
63,Left,9,0.0000,0.0000,0.0243,0.0136,-0.0258,0.0165,0.9994,2.638,,,,,,,
63,Left,10,-0.0003,0.0010,0.0224,0.0000,0.0000,0.0000,1.0000,2.638,,,,,,,
63,Left,11,0.0042,-0.0071,0.0337,0.0000,0.0000,0.0000,1.0000,2.638,,,,,,,
63,Left,12,-0.0025,0.0045,0.0619,0.4589,-0.1369,0.0714,0.8750,2.638,,,,,,,
63,Left,13,0.0000,0.0000,0.0429,0.0904,-0.0033,0.0118,0.9958,2.638,,,,,,,
63,Left,14,0.0000,0.0000,0.0275,-0.0397,-0.0023,0.0397,0.9984,2.638,,,,,,,
63,Left,15,-0.0003,0.0011,0.0250,0.0000,0.0000,0.0000,1.0000,2.638,,,,,,,
63,Left,16,-0.0150,-0.0060,0.0348,0.0000,0.0000,0.0000,1.0000,2.638,,,,,,,
63,Left,17,-0.0025,-0.0005,0.0539,0.4914,-0.1142,0.1135,0.8559,2.638,,,,,,,
63,Left,18,0.0000,0.0000,0.0390,0.0130,-0.0025,0.0338,0.9993,2.638,,,,,,,
63,Left,19,0.0000,0.0000,0.0266,0.0046,0.0293,0.0049,0.9995,2.638,,,,,,,
63,Left,20,-0.0003,0.0016,0.0243,0.0000,0.0000,0.0000,1.0000,2.638,,,,,,,
63,Left,21,-0.0230,-0.0094,0.0341,0.0183,-0.1403,0.2070,0.9680,2.638,,,,,,,
63,Left,22,0.0000,0.0000,0.0457,0.4554,-0.0291,-0.0669,0.8873,2.638,,,,,,,
63,Left,23,0.0000,0.0000,0.0307,0.0317,-0.0412,0.0415,0.9978,2.638,,,,,,,
63,Left,24,0.0000,0.0000,0.0203,0.0069,0.0492,-0.0008,0.9988,2.638,,,,,,,
63,Left,25,0.0002,0.0012,0.0219,0.0000,0.0000,0.0000,1.0000,2.638,,,,,,,
63,Right,0,-0.0005,-0.0061,0.0659,0.0000,0.0000,0.0000,1.0000,2.638,,,,,,,
63,Right,1,0.0000,0.0000,0.0000,0.0000,0.0000,0.0000,1.0000,2.638,0.1955,0.1597,-0.0078,0.4229,0.0905,-0.7328,0.5253
63,Right,2,-0.0216,-0.0244,0.0382,0.1692,-0.3630,0.7146,0.5736,2.638,,,,,,,
63,Right,3,0.0000,0.0000,0.0325,0.1481,0.0571,-0.0826,0.9839,2.638,,,,,,,
63,Right,4,0.0000,0.0000,0.0338,-0.0918,-0.0676,0.0841,0.9899,2.638,,,,,,,
63,Right,5,0.0007,0.0010,0.0246,0.0000,0.0000,0.0000,1.0000,2.638,,,,,,,
63,Right,6,-0.0155,-0.0137,0.0383,0.0000,0.0000,0.0000,1.0000,2.638,,,,,,,
63,Right,7,-0.0080,0.0064,0.0577,0.4582,0.0805,0.0100,0.8852,2.638,,,,,,,
63,Right,8,0.0000,0.0000,0.0379,0.2073,0.0017,-0.0263,0.9779,2.638,,,,,,,
63,Right,9,0.0000,0.0000,0.0243,0.0640,0.0249,-0.0167,0.9975,2.638,,,,,,,
63,Right,10,0.0003,0.0010,0.0224,0.0000,0.0000,0.0000,1.0000,2.638,,,,,,,
63,Right,11,0.0007,-0.0097,0.0361,0.0000,0.0000,0.0000,1.0000,2.638,,,,,,,
63,Right,12,-0.0024,0.0072,0.0595,0.5169,0.0516,-0.0356,0.8538,2.638,,,,,,,
63,Right,13,0.0000,0.0000,0.0429,0.1795,0.0023,-0.0122,0.9837,2.638,,,,,,,
63,Right,14,0.0000,0.0000,0.0275,0.0443,-0.0014,-0.0479,0.9979,2.638,,,,,,,
63,Right,15,0.0003,0.0011,0.0250,0.0000,0.0000,0.0000,1.0000,2.638,,,,,,,
63,Right,16,0.0150,-0.0060,0.0348,0.0000,0.0000,0.0000,1.0000,2.638,,,,,,,
63,Right,17,0.0025,-0.0005,0.0539,0.5135,0.0235,-0.0693,0.8550,2.638,,,,,,,
63,Right,18,0.0000,0.0000,0.0390,0.1591,-0.0024,-0.0371,0.9866,2.638,,,,,,,
63,Right,19,0.0000,0.0000,0.0266,0.1032,-0.0296,-0.0095,0.9942,2.638,,,,,,,
63,Right,20,0.0003,0.0016,0.0243,0.0000,0.0000,0.0000,1.0000,2.638,,,,,,,
63,Right,21,0.0230,-0.0094,0.0341,0.0183,0.1403,-0.2070,0.9680,2.638,,,,,,,
63,Right,22,0.0000,0.0000,0.0457,0.4286,-0.0458,0.1012,0.8967,2.638,,,,,,,
63,Right,23,0.0000,0.0000,0.0307,0.1690,0.0352,-0.0531,0.9836,2.638,,,,,,,
63,Right,24,0.0000,0.0000,0.0203,0.0883,-0.0489,0.0010,0.9949,2.638,,,,,,,
63,Right,25,-0.0002,0.0012,0.0219,0.0000,0.0000,0.0000,1.0000,2.638,,,,,,,
64,Left,0,0.0030,-0.0048,0.0647,0.0000,0.0000,0.0000,1.0000,2.680,,,,,,,
64,Left,1,0.0000,0.0000,0.0000,0.0000,0.0000,0.0000,1.0000,2.680,-0.1026,0.2012,-0.0632,-0.5312,0.6385,-0.5396,0.1380
64,Left,2,0.0314,-0.0138,0.0334,-0.1735,0.3109,-0.5086,0.7839,2.680,,,,,,,
64,Left,3,0.0000,0.0000,0.0325,-0.0154,-0.0715,0.0831,0.9939,2.680,,,,,,,
64,Left,4,0.0000,0.0000,0.0338,-0.1857,0.0746,-0.0851,0.9761,2.680,,,,,,,
64,Left,5,-0.0007,0.0010,0.0246,0.0000,0.0000,0.0000,1.0000,2.680,,,,,,,
64,Left,6,0.0204,-0.0084,0.0359,0.0000,0.0000,0.0000,1.0000,2.680,,,,,,,
64,Left,7,0.0031,0.0010,0.0601,0.3320,-0.1503,0.0043,0.9312,2.680,,,,,,,
64,Left,8,0.0000,0.0000,0.0379,0.1525,-0.0032,0.0263,0.9880,2.680,,,,,,,
64,Left,9,0.0000,0.0000,0.0243,0.0131,-0.0258,0.0165,0.9994,2.680,,,,,,,
64,Left,10,-0.0003,0.0010,0.0224,0.0000,0.0000,0.0000,1.0000,2.680,,,,,,,
64,Left,11,0.0042,-0.0071,0.0337,0.0000,0.0000,0.0000,1.0000,2.680,,,,,,,
64,Left,12,-0.0025,0.0045,0.0619,0.4598,-0.1369,0.0716,0.8745,2.680,,,,,,,
64,Left,13,0.0000,0.0000,0.0429,0.0903,-0.0033,0.0118,0.9958,2.680,,,,,,,
64,Left,14,0.0000,0.0000,0.0275,-0.0397,-0.0023,0.0397,0.9984,2.680,,,,,,,
64,Left,15,-0.0003,0.0011,0.0250,0.0000,0.0000,0.0000,1.0000,2.680,,,,,,,
64,Left,16,-0.0150,-0.0060,0.0348,0.0000,0.0000,0.0000,1.0000,2.680,,,,,,,
64,Left,17,-0.0025,-0.0005,0.0539,0.4929,-0.1138,0.1135,0.8551,2.680,,,,,,,
64,Left,18,0.0000,0.0000,0.0390,0.0124,-0.0026,0.0338,0.9993,2.680,,,,,,,
64,Left,19,0.0000,0.0000,0.0266,0.0046,0.0293,0.0049,0.9995,2.680,,,,,,,
64,Left,20,-0.0003,0.0016,0.0243,0.0000,0.0000,0.0000,1.0000,2.680,,,,,,,
64,Left,21,-0.0230,-0.0094,0.0341,0.0183,-0.1403,0.2070,0.9680,2.680,,,,,,,
64,Left,22,0.0000,0.0000,0.0457,0.4565,-0.0292,-0.0668,0.8867,2.680,,,,,,,
64,Left,23,0.0000,0.0000,0.0307,0.0313,-0.0412,0.0415,0.9978,2.680,,,,,,,
64,Left,24,0.0000,0.0000,0.0203,0.0068,0.0492,-0.0008,0.9988,2.680,,,,,,,
64,Left,25,0.0002,0.0012,0.0219,0.0000,0.0000,0.0000,1.0000,2.680,,,,,,,
64,Right,0,-0.0005,-0.0061,0.0659,0.0000,0.0000,0.0000,1.0000,2.680,,,,,,,
64,Right,1,0.0000,0.0000,0.0000,0.0000,0.0000,0.0000,1.0000,2.680,0.1955,0.1603,-0.0086,0.4192,0.0979,-0.7316,0.5286
64,Right,2,-0.0217,-0.0244,0.0382,0.1680,-0.3628,0.7143,0.5743,2.680,,,,,,,
64,Right,3,0.0000,0.0000,0.0325,0.1488,0.0570,-0.0826,0.9838,2.680,,,,,,,
64,Right,4,0.0000,0.0000,0.0338,-0.0906,-0.0675,0.0840,0.9900,2.680,,,,,,,
64,Right,5,0.0007,0.0010,0.0246,0.0000,0.0000,0.0000,1.0000,2.680,,,,,,,
64,Right,6,-0.0155,-0.0137,0.0383,0.0000,0.0000,0.0000,1.0000,2.680,,,,,,,
64,Right,7,-0.0080,0.0063,0.0577,0.4589,0.0798,0.0102,0.8848,2.680,,,,,,,
64,Right,8,0.0000,0.0000,0.0379,0.2083,0.0017,-0.0263,0.9777,2.680,,,,,,,
64,Right,9,0.0000,0.0000,0.0243,0.0645,0.0249,-0.0167,0.9975,2.680,,,,,,,
64,Right,10,0.0003,0.0010,0.0224,0.0000,0.0000,0.0000,1.0000,2.680,,,,,,,
64,Right,11,0.0007,-0.0097,0.0361,0.0000,0.0000,0.0000,1.0000,2.680,,,,,,,
64,Right,12,-0.0024,0.0072,0.0595,0.5168,0.0511,-0.0353,0.8539,2.680,,,,,,,
64,Right,13,0.0000,0.0000,0.0429,0.1841,0.0022,-0.0122,0.9828,2.680,,,,,,,
64,Right,14,0.0000,0.0000,0.0275,0.0461,-0.0015,-0.0481,0.9978,2.680,,,,,,,
64,Right,15,0.0003,0.0011,0.0250,0.0000,0.0000,0.0000,1.0000,2.680,,,,,,,
64,Right,16,0.0150,-0.0060,0.0348,0.0000,0.0000,0.0000,1.0000,2.680,,,,,,,
64,Right,17,0.0025,-0.0005,0.0539,0.5127,0.0239,-0.0694,0.8554,2.680,,,,,,,
64,Right,18,0.0000,0.0000,0.0390,0.1614,-0.0025,-0.0371,0.9862,2.680,,,,,,,
64,Right,19,0.0000,0.0000,0.0266,0.1052,-0.0296,-0.0096,0.9940,2.680,,,,,,,
64,Right,20,0.0003,0.0016,0.0243,0.0000,0.0000,0.0000,1.0000,2.680,,,,,,,
64,Right,21,0.0230,-0.0094,0.0341,0.0183,0.1403,-0.2070,0.9680,2.680,,,,,,,
64,Right,22,0.0000,0.0000,0.0457,0.4282,-0.0452,0.1009,0.8969,2.680,,,,,,,
64,Right,23,0.0000,0.0000,0.0307,0.1709,0.0351,-0.0532,0.9832,2.680,,,,,,,
64,Right,24,0.0000,0.0000,0.0203,0.0896,-0.0489,0.0010,0.9948,2.680,,,,,,,
64,Right,25,-0.0002,0.0012,0.0219,0.0000,0.0000,0.0000,1.0000,2.680,,,,,,,
65,Left,0,0.0030,-0.0048,0.0647,0.0000,0.0000,0.0000,1.0000,2.722,,,,,,,
65,Left,1,0.0000,0.0000,0.0000,0.0000,0.0000,0.0000,1.0000,2.722,-0.1025,0.2010,-0.0635,-0.5330,0.6385,-0.5381,0.1367
65,Left,2,0.0314,-0.0138,0.0333,-0.1733,0.3115,-0.5086,0.7837,2.722,,,,,,,
65,Left,3,0.0000,0.0000,0.0325,-0.0155,-0.0715,0.0831,0.9938,2.722,,,,,,,
65,Left,4,0.0000,0.0000,0.0338,-0.1857,0.0746,-0.0851,0.9761,2.722,,,,,,,
65,Left,5,-0.0007,0.0010,0.0246,0.0000,0.0000,0.0000,1.0000,2.722,,,,,,,
65,Left,6,0.0204,-0.0083,0.0359,0.0000,0.0000,0.0000,1.0000,2.722,,,,,,,
65,Left,7,0.0031,0.0010,0.0601,0.3339,-0.1497,0.0044,0.9307,2.722,,,,,,,
65,Left,8,0.0000,0.0000,0.0379,0.1512,-0.0032,0.0263,0.9882,2.722,,,,,,,
65,Left,9,0.0000,0.0000,0.0243,0.0125,-0.0258,0.0165,0.9995,2.722,,,,,,,
65,Left,10,-0.0003,0.0010,0.0224,0.0000,0.0000,0.0000,1.0000,2.722,,,,,,,
65,Left,11,0.0042,-0.0071,0.0337,0.0000,0.0000,0.0000,1.0000,2.722,,,,,,,
65,Left,12,-0.0025,0.0045,0.0619,0.4600,-0.1368,0.0715,0.8744,2.722,,,,,,,
65,Left,13,0.0000,0.0000,0.0429,0.0897,-0.0033,0.0118,0.9959,2.722,,,,,,,
65,Left,14,0.0000,0.0000,0.0275,-0.0400,-0.0023,0.0397,0.9984,2.722,,,,,,,
65,Left,15,-0.0003,0.0011,0.0250,0.0000,0.0000,0.0000,1.0000,2.722,,,,,,,
65,Left,16,-0.0150,-0.0060,0.0348,0.0000,0.0000,0.0000,1.0000,2.722,,,,,,,
65,Left,17,-0.0025,-0.0005,0.0539,0.4939,-0.1133,0.1135,0.8546,2.722,,,,,,,
65,Left,18,0.0000,0.0000,0.0390,0.0118,-0.0026,0.0338,0.9994,2.722,,,,,,,
65,Left,19,0.0000,0.0000,0.0266,0.0043,0.0293,0.0049,0.9995,2.722,,,,,,,
65,Left,20,-0.0003,0.0016,0.0243,0.0000,0.0000,0.0000,1.0000,2.722,,,,,,,
65,Left,21,-0.0230,-0.0094,0.0341,0.0183,-0.1403,0.2070,0.9680,2.722,,,,,,,
65,Left,22,0.0000,0.0000,0.0457,0.4570,-0.0293,-0.0667,0.8865,2.722,,,,,,,
65,Left,23,0.0000,0.0000,0.0307,0.0306,-0.0412,0.0415,0.9978,2.722,,,,,,,
65,Left,24,0.0000,0.0000,0.0203,0.0067,0.0492,-0.0008,0.9988,2.722,,,,,,,
65,Left,25,0.0002,0.0012,0.0219,0.0000,0.0000,0.0000,1.0000,2.722,,,,,,,
65,Right,0,-0.0005,-0.0061,0.0659,0.0000,0.0000,0.0000,1.0000,2.722,,,,,,,
65,Right,1,0.0000,0.0000,0.0000,0.0000,0.0000,0.0000,1.0000,2.722,0.1961,0.1602,-0.0099,0.4190,0.1008,-0.7312,0.5287
65,Right,2,-0.0217,-0.0244,0.0382,0.1671,-0.3631,0.7139,0.5749,2.722,,,,,,,
65,Right,3,0.0000,0.0000,0.0325,0.1497,0.0569,-0.0826,0.9836,2.722,,,,,,,
65,Right,4,0.0000,0.0000,0.0338,-0.0895,-0.0674,0.0840,0.9901,2.722,,,,,,,
65,Right,5,0.0007,0.0010,0.0246,0.0000,0.0000,0.0000,1.0000,2.722,,,,,,,
65,Right,6,-0.0156,-0.0136,0.0383,0.0000,0.0000,0.0000,1.0000,2.722,,,,,,,
65,Right,7,-0.0080,0.0063,0.0577,0.4593,0.0788,0.0106,0.8847,2.722,,,,,,,
65,Right,8,0.0000,0.0000,0.0379,0.2089,0.0016,-0.0263,0.9776,2.722,,,,,,,
65,Right,9,0.0000,0.0000,0.0243,0.0651,0.0249,-0.0167,0.9974,2.722,,,,,,,
65,Right,10,0.0003,0.0010,0.0224,0.0000,0.0000,0.0000,1.0000,2.722,,,,,,,
65,Right,11,0.0006,-0.0097,0.0361,0.0000,0.0000,0.0000,1.0000,2.722,,,,,,,
65,Right,12,-0.0024,0.0072,0.0595,0.5165,0.0507,-0.0350,0.8541,2.722,,,,,,,
65,Right,13,0.0000,0.0000,0.0429,0.1859,0.0022,-0.0122,0.9825,2.722,,,,,,,
65,Right,14,0.0000,0.0000,0.0275,0.0477,-0.0015,-0.0482,0.9977,2.722,,,,,,,
65,Right,15,0.0003,0.0011,0.0250,0.0000,0.0000,0.0000,1.0000,2.722,,,,,,,
65,Right,16,0.0150,-0.0060,0.0348,0.0000,0.0000,0.0000,1.0000,2.722,,,,,,,
65,Right,17,0.0025,-0.0005,0.0539,0.5116,0.0243,-0.0696,0.8561,2.722,,,,,,,
65,Right,18,0.0000,0.0000,0.0390,0.1627,-0.0025,-0.0372,0.9860,2.722,,,,,,,
65,Right,19,0.0000,0.0000,0.0266,0.1069,-0.0296,-0.0096,0.9938,2.722,,,,,,,
65,Right,20,0.0003,0.0016,0.0243,0.0000,0.0000,0.0000,1.0000,2.722,,,,,,,
65,Right,21,0.0230,-0.0094,0.0341,0.0183,0.1403,-0.2070,0.9680,2.722,,,,,,,
65,Right,22,0.0000,0.0000,0.0457,0.4274,-0.0449,0.1007,0.8973,2.722,,,,,,,
65,Right,23,0.0000,0.0000,0.0307,0.1720,0.0351,-0.0533,0.9830,2.722,,,,,,,
65,Right,24,0.0000,0.0000,0.0203,0.0908,-0.0489,0.0010,0.9947,2.722,,,,,,,
65,Right,25,-0.0002,0.0012,0.0219,0.0000,0.0000,0.0000,1.0000,2.722,,,,,,,
66,Left,0,0.0030,-0.0048,0.0647,0.0000,0.0000,0.0000,1.0000,2.763,,,,,,,
66,Left,1,0.0000,0.0000,0.0000,0.0000,0.0000,0.0000,1.0000,2.763,-0.1023,0.2010,-0.0635,-0.5329,0.6378,-0.5390,0.1371
66,Left,2,0.0314,-0.0138,0.0334,-0.1728,0.3120,-0.5090,0.7834,2.763,,,,,,,
66,Left,3,0.0000,0.0000,0.0325,-0.0148,-0.0714,0.0831,0.9939,2.763,,,,,,,
66,Left,4,0.0000,0.0000,0.0338,-0.1858,0.0746,-0.0851,0.9761,2.763,,,,,,,
66,Left,5,-0.0007,0.0010,0.0246,0.0000,0.0000,0.0000,1.0000,2.763,,,,,,,
66,Left,6,0.0204,-0.0084,0.0359,0.0000,0.0000,0.0000,1.0000,2.763,,,,,,,
66,Left,7,0.0031,0.0010,0.0601,0.3342,-0.1493,0.0043,0.9306,2.763,,,,,,,
66,Left,8,0.0000,0.0000,0.0379,0.1499,-0.0032,0.0263,0.9883,2.763,,,,,,,
66,Left,9,0.0000,0.0000,0.0243,0.0118,-0.0258,0.0165,0.9995,2.763,,,,,,,
66,Left,10,-0.0003,0.0010,0.0224,0.0000,0.0000,0.0000,1.0000,2.763,,,,,,,
66,Left,11,0.0042,-0.0071,0.0337,0.0000,0.0000,0.0000,1.0000,2.763,,,,,,,
66,Left,12,-0.0025,0.0045,0.0619,0.4598,-0.1366,0.0714,0.8746,2.763,,,,,,,
66,Left,13,0.0000,0.0000,0.0429,0.0895,-0.0033,0.0118,0.9959,2.763,,,,,,,
66,Left,14,0.0000,0.0000,0.0275,-0.0401,-0.0023,0.0397,0.9984,2.763,,,,,,,
66,Left,15,-0.0003,0.0011,0.0250,0.0000,0.0000,0.0000,1.0000,2.763,,,,,,,
66,Left,16,-0.0150,-0.0060,0.0348,0.0000,0.0000,0.0000,1.0000,2.763,,,,,,,
66,Left,17,-0.0025,-0.0005,0.0539,0.4938,-0.1129,0.1133,0.8547,2.763,,,,,,,
66,Left,18,0.0000,0.0000,0.0390,0.0112,-0.0026,0.0338,0.9994,2.763,,,,,,,
66,Left,19,0.0000,0.0000,0.0266,0.0043,0.0293,0.0049,0.9995,2.763,,,,,,,
66,Left,20,-0.0003,0.0016,0.0243,0.0000,0.0000,0.0000,1.0000,2.763,,,,,,,
66,Left,21,-0.0230,-0.0094,0.0341,0.0183,-0.1403,0.2070,0.9680,2.763,,,,,,,
66,Left,22,0.0000,0.0000,0.0457,0.4571,-0.0291,-0.0668,0.8864,2.763,,,,,,,
66,Left,23,0.0000,0.0000,0.0307,0.0298,-0.0412,0.0414,0.9978,2.763,,,,,,,
66,Left,24,0.0000,0.0000,0.0203,0.0067,0.0492,-0.0008,0.9988,2.763,,,,,,,
66,Left,25,0.0002,0.0012,0.0219,0.0000,0.0000,0.0000,1.0000,2.763,,,,,,,
66,Right,0,-0.0005,-0.0061,0.0659,0.0000,0.0000,0.0000,1.0000,2.763,,,,,,,
66,Right,1,0.0000,0.0000,0.0000,0.0000,0.0000,0.0000,1.0000,2.763,0.1958,0.1602,-0.0111,0.4189,0.1010,-0.7309,0.5292
66,Right,2,-0.0217,-0.0243,0.0382,0.1664,-0.3635,0.7135,0.5754,2.763,,,,,,,
66,Right,3,0.0000,0.0000,0.0325,0.1507,0.0569,-0.0826,0.9835,2.763,,,,,,,
66,Right,4,0.0000,0.0000,0.0338,-0.0881,-0.0673,0.0840,0.9903,2.763,,,,,,,
66,Right,5,0.0007,0.0010,0.0246,0.0000,0.0000,0.0000,1.0000,2.763,,,,,,,
66,Right,6,-0.0156,-0.0136,0.0383,0.0000,0.0000,0.0000,1.0000,2.763,,,,,,,
66,Right,7,-0.0080,0.0063,0.0577,0.4589,0.0780,0.0110,0.8850,2.763,,,,,,,
66,Right,8,0.0000,0.0000,0.0379,0.2103,0.0016,-0.0263,0.9773,2.763,,,,,,,
66,Right,9,0.0000,0.0000,0.0243,0.0661,0.0249,-0.0167,0.9974,2.763,,,,,,,
66,Right,10,0.0003,0.0010,0.0224,0.0000,0.0000,0.0000,1.0000,2.763,,,,,,,
66,Right,11,0.0006,-0.0097,0.0361,0.0000,0.0000,0.0000,1.0000,2.763,,,,,,,
66,Right,12,-0.0024,0.0072,0.0595,0.5164,0.0502,-0.0348,0.8542,2.763,,,,,,,
66,Right,13,0.0000,0.0000,0.0429,0.1870,0.0022,-0.0122,0.9823,2.763,,,,,,,
66,Right,14,0.0000,0.0000,0.0275,0.0490,-0.0016,-0.0484,0.9976,2.763,,,,,,,
66,Right,15,0.0003,0.0011,0.0250,0.0000,0.0000,0.0000,1.0000,2.763,,,,,,,
66,Right,16,0.0150,-0.0060,0.0348,0.0000,0.0000,0.0000,1.0000,2.763,,,,,,,
66,Right,17,0.0025,-0.0005,0.0539,0.5110,0.0247,-0.0698,0.8564,2.763,,,,,,,
66,Right,18,0.0000,0.0000,0.0390,0.1640,-0.0026,-0.0372,0.9858,2.763,,,,,,,
66,Right,19,0.0000,0.0000,0.0266,0.1081,-0.0296,-0.0097,0.9936,2.763,,,,,,,
66,Right,20,0.0003,0.0016,0.0243,0.0000,0.0000,0.0000,1.0000,2.763,,,,,,,
66,Right,21,0.0230,-0.0094,0.0341,0.0183,0.1403,-0.2070,0.9680,2.763,,,,,,,
66,Right,22,0.0000,0.0000,0.0457,0.4268,-0.0443,0.1004,0.8977,2.763,,,,,,,
66,Right,23,0.0000,0.0000,0.0307,0.1733,0.0350,-0.0534,0.9828,2.763,,,,,,,
66,Right,24,0.0000,0.0000,0.0203,0.0920,-0.0489,0.0010,0.9946,2.763,,,,,,,
66,Right,25,-0.0002,0.0012,0.0219,0.0000,0.0000,0.0000,1.0000,2.763,,,,,,,
67,Left,0,0.0030,-0.0048,0.0647,0.0000,0.0000,0.0000,1.0000,2.805,,,,,,,
67,Left,1,0.0000,0.0000,0.0000,0.0000,0.0000,0.0000,1.0000,2.805,-0.1023,0.2010,-0.0638,-0.5335,0.6372,-0.5393,0.1363
67,Left,2,0.0314,-0.0138,0.0334,-0.1716,0.3130,-0.5100,0.7826,2.805,,,,,,,
67,Left,3,0.0000,0.0000,0.0325,-0.0137,-0.0713,0.0832,0.9939,2.805,,,,,,,
67,Left,4,0.0000,0.0000,0.0338,-0.1858,0.0746,-0.0851,0.9761,2.805,,,,,,,
67,Left,5,-0.0007,0.0010,0.0246,0.0000,0.0000,0.0000,1.0000,2.805,,,,,,,
67,Left,6,0.0204,-0.0084,0.0359,0.0000,0.0000,0.0000,1.0000,2.805,,,,,,,
67,Left,7,0.0032,0.0011,0.0601,0.3339,-0.1489,0.0041,0.9308,2.805,,,,,,,
67,Left,8,0.0000,0.0000,0.0379,0.1492,-0.0033,0.0263,0.9884,2.805,,,,,,,
67,Left,9,0.0000,0.0000,0.0243,0.0113,-0.0258,0.0165,0.9995,2.805,,,,,,,
67,Left,10,-0.0003,0.0010,0.0224,0.0000,0.0000,0.0000,1.0000,2.805,,,,,,,
67,Left,11,0.0042,-0.0071,0.0337,0.0000,0.0000,0.0000,1.0000,2.805,,,,,,,
67,Left,12,-0.0025,0.0045,0.0619,0.4592,-0.1368,0.0714,0.8748,2.805,,,,,,,
67,Left,13,0.0000,0.0000,0.0429,0.0898,-0.0033,0.0118,0.9959,2.805,,,,,,,
67,Left,14,0.0000,0.0000,0.0275,-0.0398,-0.0023,0.0397,0.9984,2.805,,,,,,,
67,Left,15,-0.0003,0.0011,0.0250,0.0000,0.0000,0.0000,1.0000,2.805,,,,,,,
67,Left,16,-0.0150,-0.0060,0.0348,0.0000,0.0000,0.0000,1.0000,2.805,,,,,,,
67,Left,17,-0.0025,-0.0005,0.0539,0.4937,-0.1126,0.1131,0.8549,2.805,,,,,,,
67,Left,18,0.0000,0.0000,0.0390,0.0109,-0.0026,0.0338,0.9994,2.805,,,,,,,
67,Left,19,0.0000,0.0000,0.0266,0.0046,0.0293,0.0049,0.9995,2.805,,,,,,,
67,Left,20,-0.0003,0.0016,0.0243,0.0000,0.0000,0.0000,1.0000,2.805,,,,,,,
67,Left,21,-0.0230,-0.0094,0.0341,0.0183,-0.1403,0.2070,0.9680,2.805,,,,,,,
67,Left,22,0.0000,0.0000,0.0457,0.4573,-0.0291,-0.0668,0.8863,2.805,,,,,,,
67,Left,23,0.0000,0.0000,0.0307,0.0292,-0.0413,0.0413,0.9979,2.805,,,,,,,
67,Left,24,0.0000,0.0000,0.0203,0.0065,0.0492,-0.0008,0.9988,2.805,,,,,,,
67,Left,25,0.0002,0.0012,0.0219,0.0000,0.0000,0.0000,1.0000,2.805,,,,,,,
67,Right,0,-0.0006,-0.0061,0.0659,0.0000,0.0000,0.0000,1.0000,2.805,,,,,,,
67,Right,1,0.0000,0.0000,0.0000,0.0000,0.0000,0.0000,1.0000,2.805,0.1957,0.1605,-0.0119,0.4150,0.0981,-0.7303,0.5337
67,Right,2,-0.0218,-0.0243,0.0382,0.1651,-0.3632,0.7133,0.5762,2.805,,,,,,,
67,Right,3,0.0000,0.0000,0.0325,0.1511,0.0568,-0.0826,0.9834,2.805,,,,,,,
67,Right,4,0.0000,0.0000,0.0338,-0.0871,-0.0673,0.0840,0.9904,2.805,,,,,,,
67,Right,5,0.0007,0.0010,0.0246,0.0000,0.0000,0.0000,1.0000,2.805,,,,,,,
67,Right,6,-0.0156,-0.0136,0.0383,0.0000,0.0000,0.0000,1.0000,2.805,,,,,,,
67,Right,7,-0.0080,0.0063,0.0577,0.4585,0.0775,0.0113,0.8852,2.805,,,,,,,
67,Right,8,0.0000,0.0000,0.0379,0.2117,0.0016,-0.0263,0.9770,2.805,,,,,,,
67,Right,9,0.0000,0.0000,0.0243,0.0665,0.0249,-0.0167,0.9973,2.805,,,,,,,
67,Right,10,0.0003,0.0010,0.0224,0.0000,0.0000,0.0000,1.0000,2.805,,,,,,,
67,Right,11,0.0006,-0.0097,0.0361,0.0000,0.0000,0.0000,1.0000,2.805,,,,,,,
67,Right,12,-0.0023,0.0072,0.0595,0.5162,0.0498,-0.0345,0.8543,2.805,,,,,,,
67,Right,13,0.0000,0.0000,0.0429,0.1882,0.0022,-0.0123,0.9820,2.805,,,,,,,
67,Right,14,0.0000,0.0000,0.0275,0.0500,-0.0016,-0.0485,0.9976,2.805,,,,,,,
67,Right,15,0.0003,0.0011,0.0250,0.0000,0.0000,0.0000,1.0000,2.805,,,,,,,
67,Right,16,0.0150,-0.0060,0.0348,0.0000,0.0000,0.0000,1.0000,2.805,,,,,,,
67,Right,17,0.0025,-0.0005,0.0539,0.5103,0.0251,-0.0699,0.8568,2.805,,,,,,,
67,Right,18,0.0000,0.0000,0.0390,0.1662,-0.0026,-0.0372,0.9854,2.805,,,,,,,
67,Right,19,0.0000,0.0000,0.0266,0.1093,-0.0296,-0.0098,0.9935,2.805,,,,,,,
67,Right,20,0.0003,0.0016,0.0243,0.0000,0.0000,0.0000,1.0000,2.805,,,,,,,
67,Right,21,0.0230,-0.0094,0.0341,0.0183,0.1403,-0.2070,0.9680,2.805,,,,,,,
67,Right,22,0.0000,0.0000,0.0457,0.4260,-0.0436,0.1001,0.8981,2.805,,,,,,,
67,Right,23,0.0000,0.0000,0.0307,0.1747,0.0350,-0.0535,0.9825,2.805,,,,,,,
67,Right,24,0.0000,0.0000,0.0203,0.0928,-0.0489,0.0010,0.9945,2.805,,,,,,,
67,Right,25,-0.0002,0.0012,0.0219,0.0000,0.0000,0.0000,1.0000,2.805,,,,,,,
68,Left,0,0.0030,-0.0048,0.0647,0.0000,0.0000,0.0000,1.0000,2.847,,,,,,,
68,Left,1,0.0000,0.0000,0.0000,0.0000,0.0000,0.0000,1.0000,2.847,-0.1021,0.2008,-0.0640,-0.5340,0.6363,-0.5399,0.1356
68,Left,2,0.0314,-0.0138,0.0334,-0.1706,0.3140,-0.5106,0.7820,2.847,,,,,,,
68,Left,3,0.0000,0.0000,0.0325,-0.0128,-0.0713,0.0832,0.9939,2.847,,,,,,,
68,Left,4,0.0000,0.0000,0.0338,-0.1858,0.0746,-0.0851,0.9760,2.847,,,,,,,
68,Left,5,-0.0007,0.0010,0.0246,0.0000,0.0000,0.0000,1.0000,2.847,,,,,,,
68,Left,6,0.0204,-0.0084,0.0359,0.0000,0.0000,0.0000,1.0000,2.847,,,,,,,
68,Left,7,0.0032,0.0011,0.0601,0.3336,-0.1485,0.0040,0.9309,2.847,,,,,,,
68,Left,8,0.0000,0.0000,0.0379,0.1494,-0.0033,0.0263,0.9884,2.847,,,,,,,
68,Left,9,0.0000,0.0000,0.0243,0.0113,-0.0258,0.0165,0.9995,2.847,,,,,,,
68,Left,10,-0.0003,0.0010,0.0224,0.0000,0.0000,0.0000,1.0000,2.847,,,,,,,
68,Left,11,0.0042,-0.0071,0.0337,0.0000,0.0000,0.0000,1.0000,2.847,,,,,,,
68,Left,12,-0.0025,0.0045,0.0619,0.4588,-0.1372,0.0715,0.8750,2.847,,,,,,,
68,Left,13,0.0000,0.0000,0.0429,0.0903,-0.0033,0.0118,0.9958,2.847,,,,,,,
68,Left,14,0.0000,0.0000,0.0275,-0.0395,-0.0023,0.0397,0.9984,2.847,,,,,,,
68,Left,15,-0.0003,0.0011,0.0250,0.0000,0.0000,0.0000,1.0000,2.847,,,,,,,
68,Left,16,-0.0150,-0.0060,0.0348,0.0000,0.0000,0.0000,1.0000,2.847,,,,,,,
68,Left,17,-0.0025,-0.0005,0.0539,0.4936,-0.1128,0.1132,0.8549,2.847,,,,,,,
68,Left,18,0.0000,0.0000,0.0390,0.0107,-0.0026,0.0338,0.9994,2.847,,,,,,,
68,Left,19,0.0000,0.0000,0.0266,0.0049,0.0293,0.0049,0.9995,2.847,,,,,,,
68,Left,20,-0.0003,0.0016,0.0243,0.0000,0.0000,0.0000,1.0000,2.847,,,,,,,
68,Left,21,-0.0230,-0.0094,0.0341,0.0183,-0.1403,0.2070,0.9680,2.847,,,,,,,
68,Left,22,0.0000,0.0000,0.0457,0.4578,-0.0290,-0.0669,0.8860,2.847,,,,,,,
68,Left,23,0.0000,0.0000,0.0307,0.0287,-0.0413,0.0413,0.9979,2.847,,,,,,,
68,Left,24,0.0000,0.0000,0.0203,0.0062,0.0492,-0.0007,0.9988,2.847,,,,,,,
68,Left,25,0.0002,0.0012,0.0219,0.0000,0.0000,0.0000,1.0000,2.847,,,,,,,
68,Right,0,-0.0006,-0.0061,0.0659,0.0000,0.0000,0.0000,1.0000,2.847,,,,,,,
68,Right,1,0.0000,0.0000,0.0000,0.0000,0.0000,0.0000,1.0000,2.847,0.1958,0.1611,-0.0128,0.4176,0.0989,-0.7273,0.5357
68,Right,2,-0.0218,-0.0243,0.0382,0.1635,-0.3630,0.7129,0.5772,2.847,,,,,,,
68,Right,3,0.0000,0.0000,0.0325,0.1514,0.0568,-0.0826,0.9834,2.847,,,,,,,
68,Right,4,0.0000,0.0000,0.0338,-0.0865,-0.0672,0.0840,0.9904,2.847,,,,,,,
68,Right,5,0.0007,0.0010,0.0246,0.0000,0.0000,0.0000,1.0000,2.847,,,,,,,
68,Right,6,-0.0156,-0.0136,0.0383,0.0000,0.0000,0.0000,1.0000,2.847,,,,,,,
68,Right,7,-0.0079,0.0063,0.0577,0.4586,0.0775,0.0113,0.8852,2.847,,,,,,,
68,Right,8,0.0000,0.0000,0.0379,0.2132,0.0015,-0.0263,0.9767,2.847,,,,,,,
68,Right,9,0.0000,0.0000,0.0243,0.0674,0.0249,-0.0167,0.9973,2.847,,,,,,,
68,Right,10,0.0003,0.0010,0.0224,0.0000,0.0000,0.0000,1.0000,2.847,,,,,,,
68,Right,11,0.0006,-0.0097,0.0361,0.0000,0.0000,0.0000,1.0000,2.847,,,,,,,
68,Right,12,-0.0023,0.0072,0.0595,0.5163,0.0497,-0.0345,0.8543,2.847,,,,,,,
68,Right,13,0.0000,0.0000,0.0429,0.1919,0.0021,-0.0123,0.9813,2.847,,,,,,,
68,Right,14,0.0000,0.0000,0.0275,0.0514,-0.0017,-0.0486,0.9975,2.847,,,,,,,
68,Right,15,0.0003,0.0011,0.0250,0.0000,0.0000,0.0000,1.0000,2.847,,,,,,,
68,Right,16,0.0150,-0.0060,0.0348,0.0000,0.0000,0.0000,1.0000,2.847,,,,,,,
68,Right,17,0.0025,-0.0005,0.0539,0.5100,0.0255,-0.0701,0.8570,2.847,,,,,,,
68,Right,18,0.0000,0.0000,0.0390,0.1704,-0.0028,-0.0373,0.9847,2.847,,,,,,,
68,Right,19,0.0000,0.0000,0.0266,0.1109,-0.0296,-0.0098,0.9933,2.847,,,,,,,
68,Right,20,0.0003,0.0016,0.0243,0.0000,0.0000,0.0000,1.0000,2.847,,,,,,,
68,Right,21,0.0230,-0.0094,0.0341,0.0183,0.1403,-0.2070,0.9680,2.847,,,,,,,
68,Right,22,0.0000,0.0000,0.0457,0.4253,-0.0432,0.0999,0.8985,2.847,,,,,,,
68,Right,23,0.0000,0.0000,0.0307,0.1762,0.0349,-0.0536,0.9823,2.847,,,,,,,
68,Right,24,0.0000,0.0000,0.0203,0.0938,-0.0489,0.0010,0.9944,2.847,,,,,,,
68,Right,25,-0.0002,0.0012,0.0219,0.0000,0.0000,0.0000,1.0000,2.847,,,,,,,
69,Left,0,0.0030,-0.0048,0.0647,0.0000,0.0000,0.0000,1.0000,2.888,,,,,,,
69,Left,1,0.0000,0.0000,0.0000,0.0000,0.0000,0.0000,1.0000,2.888,-0.1020,0.2008,-0.0641,-0.5343,0.6366,-0.5395,0.1348
69,Left,2,0.0314,-0.0138,0.0334,-0.1699,0.3153,-0.5110,0.7814,2.888,,,,,,,
69,Left,3,0.0000,0.0000,0.0325,-0.0117,-0.0712,0.0832,0.9939,2.888,,,,,,,
69,Left,4,0.0000,0.0000,0.0338,-0.1858,0.0746,-0.0851,0.9760,2.888,,,,,,,
69,Left,5,-0.0007,0.0010,0.0246,0.0000,0.0000,0.0000,1.0000,2.888,,,,,,,
69,Left,6,0.0204,-0.0084,0.0359,0.0000,0.0000,0.0000,1.0000,2.888,,,,,,,
69,Left,7,0.0032,0.0011,0.0601,0.3334,-0.1485,0.0039,0.9310,2.888,,,,,,,
69,Left,8,0.0000,0.0000,0.0379,0.1501,-0.0032,0.0263,0.9883,2.888,,,,,,,
69,Left,9,0.0000,0.0000,0.0243,0.0114,-0.0258,0.0165,0.9995,2.888,,,,,,,
69,Left,10,-0.0003,0.0010,0.0224,0.0000,0.0000,0.0000,1.0000,2.888,,,,,,,
69,Left,11,0.0042,-0.0071,0.0337,0.0000,0.0000,0.0000,1.0000,2.888,,,,,,,
69,Left,12,-0.0025,0.0045,0.0619,0.4584,-0.1372,0.0714,0.8752,2.888,,,,,,,
69,Left,13,0.0000,0.0000,0.0429,0.0913,-0.0033,0.0118,0.9958,2.888,,,,,,,
69,Left,14,0.0000,0.0000,0.0275,-0.0391,-0.0023,0.0398,0.9984,2.888,,,,,,,
69,Left,15,-0.0003,0.0011,0.0250,0.0000,0.0000,0.0000,1.0000,2.888,,,,,,,
69,Left,16,-0.0150,-0.0060,0.0348,0.0000,0.0000,0.0000,1.0000,2.888,,,,,,,
69,Left,17,-0.0025,-0.0005,0.0539,0.4937,-0.1129,0.1132,0.8548,2.888,,,,,,,
69,Left,18,0.0000,0.0000,0.0390,0.0109,-0.0026,0.0338,0.9994,2.888,,,,,,,
69,Left,19,0.0000,0.0000,0.0266,0.0052,0.0293,0.0049,0.9995,2.888,,,,,,,
69,Left,20,-0.0003,0.0016,0.0243,0.0000,0.0000,0.0000,1.0000,2.888,,,,,,,
69,Left,21,-0.0230,-0.0094,0.0341,0.0183,-0.1403,0.2070,0.9680,2.888,,,,,,,
69,Left,22,0.0000,0.0000,0.0457,0.4582,-0.0291,-0.0668,0.8858,2.888,,,,,,,
69,Left,23,0.0000,0.0000,0.0307,0.0284,-0.0413,0.0413,0.9979,2.888,,,,,,,
69,Left,24,0.0000,0.0000,0.0203,0.0061,0.0492,-0.0007,0.9988,2.888,,,,,,,
69,Left,25,0.0002,0.0012,0.0219,0.0000,0.0000,0.0000,1.0000,2.888,,,,,,,
69,Right,0,-0.0006,-0.0061,0.0659,0.0000,0.0000,0.0000,1.0000,2.888,,,,,,,
69,Right,1,0.0000,0.0000,0.0000,0.0000,0.0000,0.0000,1.0000,2.888,0.1953,0.1623,-0.0134,0.4185,0.1043,-0.7218,0.5414
69,Right,2,-0.0219,-0.0243,0.0381,0.1626,-0.3637,0.7123,0.5779,2.888,,,,,,,
69,Right,3,0.0000,0.0000,0.0325,0.1504,0.0569,-0.0826,0.9835,2.888,,,,,,,
69,Right,4,0.0000,0.0000,0.0338,-0.0864,-0.0672,0.0840,0.9904,2.888,,,,,,,
69,Right,5,0.0007,0.0010,0.0246,0.0000,0.0000,0.0000,1.0000,2.888,,,,,,,
69,Right,6,-0.0157,-0.0136,0.0383,0.0000,0.0000,0.0000,1.0000,2.888,,,,,,,
69,Right,7,-0.0079,0.0063,0.0577,0.4595,0.0775,0.0112,0.8847,2.888,,,,,,,
69,Right,8,0.0000,0.0000,0.0379,0.2155,0.0015,-0.0263,0.9762,2.888,,,,,,,
69,Right,9,0.0000,0.0000,0.0243,0.0685,0.0248,-0.0167,0.9972,2.888,,,,,,,
69,Right,10,0.0003,0.0010,0.0224,0.0000,0.0000,0.0000,1.0000,2.888,,,,,,,
69,Right,11,0.0006,-0.0097,0.0361,0.0000,0.0000,0.0000,1.0000,2.888,,,,,,,
69,Right,12,-0.0023,0.0071,0.0595,0.5166,0.0499,-0.0346,0.8541,2.888,,,,,,,
69,Right,13,0.0000,0.0000,0.0429,0.1949,0.0021,-0.0123,0.9807,2.888,,,,,,,
69,Right,14,0.0000,0.0000,0.0275,0.0527,-0.0017,-0.0487,0.9974,2.888,,,,,,,
69,Right,15,0.0003,0.0011,0.0250,0.0000,0.0000,0.0000,1.0000,2.888,,,,,,,
69,Right,16,0.0150,-0.0060,0.0348,0.0000,0.0000,0.0000,1.0000,2.888,,,,,,,
69,Right,17,0.0025,-0.0005,0.0539,0.5104,0.0259,-0.0703,0.8567,2.888,,,,,,,
69,Right,18,0.0000,0.0000,0.0390,0.1727,-0.0029,-0.0374,0.9843,2.888,,,,,,,
69,Right,19,0.0000,0.0000,0.0266,0.1122,-0.0296,-0.0099,0.9932,2.888,,,,,,,
69,Right,20,0.0003,0.0016,0.0243,0.0000,0.0000,0.0000,1.0000,2.888,,,,,,,
69,Right,21,0.0230,-0.0094,0.0341,0.0183,0.1403,-0.2070,0.9680,2.888,,,,,,,
69,Right,22,0.0000,0.0000,0.0457,0.4256,-0.0428,0.0997,0.8984,2.888,,,,,,,
69,Right,23,0.0000,0.0000,0.0307,0.1777,0.0348,-0.0538,0.9820,2.888,,,,,,,
69,Right,24,0.0000,0.0000,0.0203,0.0946,-0.0489,0.0011,0.9943,2.888,,,,,,,
69,Right,25,-0.0002,0.0012,0.0219,0.0000,0.0000,0.0000,1.0000,2.888,,,,,,,
70,Left,0,0.0030,-0.0048,0.0647,0.0000,0.0000,0.0000,1.0000,2.930,,,,,,,
70,Left,1,0.0000,0.0000,0.0000,0.0000,0.0000,0.0000,1.0000,2.930,-0.1022,0.2006,-0.0641,-0.5346,0.6361,-0.5397,0.1353
70,Left,2,0.0314,-0.0138,0.0334,-0.1688,0.3170,-0.5115,0.7807,2.930,,,,,,,
70,Left,3,0.0000,0.0000,0.0325,-0.0109,-0.0711,0.0832,0.9939,2.930,,,,,,,
70,Left,4,0.0000,0.0000,0.0338,-0.1858,0.0746,-0.0851,0.9760,2.930,,,,,,,
70,Left,5,-0.0007,0.0010,0.0246,0.0000,0.0000,0.0000,1.0000,2.930,,,,,,,
70,Left,6,0.0204,-0.0084,0.0359,0.0000,0.0000,0.0000,1.0000,2.930,,,,,,,
70,Left,7,0.0032,0.0011,0.0601,0.3324,-0.1482,0.0037,0.9314,2.930,,,,,,,
70,Left,8,0.0000,0.0000,0.0379,0.1499,-0.0032,0.0263,0.9884,2.930,,,,,,,
70,Left,9,0.0000,0.0000,0.0243,0.0112,-0.0258,0.0165,0.9995,2.930,,,,,,,
70,Left,10,-0.0003,0.0010,0.0224,0.0000,0.0000,0.0000,1.0000,2.930,,,,,,,
70,Left,11,0.0042,-0.0071,0.0337,0.0000,0.0000,0.0000,1.0000,2.930,,,,,,,
70,Left,12,-0.0025,0.0045,0.0619,0.4579,-0.1374,0.0714,0.8754,2.930,,,,,,,
70,Left,13,0.0000,0.0000,0.0429,0.0918,-0.0033,0.0118,0.9957,2.930,,,,,,,
70,Left,14,0.0000,0.0000,0.0275,-0.0392,-0.0023,0.0398,0.9984,2.930,,,,,,,
70,Left,15,-0.0003,0.0011,0.0250,0.0000,0.0000,0.0000,1.0000,2.930,,,,,,,
70,Left,16,-0.0150,-0.0060,0.0348,0.0000,0.0000,0.0000,1.0000,2.930,,,,,,,
70,Left,17,-0.0025,-0.0005,0.0539,0.4935,-0.1129,0.1132,0.8549,2.930,,,,,,,
70,Left,18,0.0000,0.0000,0.0390,0.0109,-0.0026,0.0338,0.9994,2.930,,,,,,,
70,Left,19,0.0000,0.0000,0.0266,0.0052,0.0293,0.0049,0.9995,2.930,,,,,,,
70,Left,20,-0.0003,0.0016,0.0243,0.0000,0.0000,0.0000,1.0000,2.930,,,,,,,
70,Left,21,-0.0230,-0.0094,0.0341,0.0183,-0.1403,0.2070,0.9680,2.930,,,,,,,
70,Left,22,0.0000,0.0000,0.0457,0.4585,-0.0285,-0.0671,0.8857,2.930,,,,,,,
70,Left,23,0.0000,0.0000,0.0307,0.0281,-0.0413,0.0412,0.9979,2.930,,,,,,,
70,Left,24,0.0000,0.0000,0.0203,0.0059,0.0492,-0.0007,0.9988,2.930,,,,,,,
70,Left,25,0.0002,0.0012,0.0219,0.0000,0.0000,0.0000,1.0000,2.930,,,,,,,
70,Right,0,-0.0006,-0.0061,0.0659,0.0000,0.0000,0.0000,1.0000,2.930,,,,,,,
70,Right,1,0.0000,0.0000,0.0000,0.0000,0.0000,0.0000,1.0000,2.930,0.1955,0.1625,-0.0136,0.4176,0.1013,-0.7203,0.5446
70,Right,2,-0.0219,-0.0242,0.0381,0.1610,-0.3639,0.7117,0.5789,2.930,,,,,,,
70,Right,3,0.0000,0.0000,0.0325,0.1504,0.0569,-0.0826,0.9835,2.930,,,,,,,
70,Right,4,0.0000,0.0000,0.0338,-0.0859,-0.0672,0.0840,0.9905,2.930,,,,,,,
70,Right,5,0.0007,0.0010,0.0246,0.0000,0.0000,0.0000,1.0000,2.930,,,,,,,
70,Right,6,-0.0157,-0.0136,0.0383,0.0000,0.0000,0.0000,1.0000,2.930,,,,,,,
70,Right,7,-0.0079,0.0063,0.0577,0.4595,0.0777,0.0111,0.8847,2.930,,,,,,,
70,Right,8,0.0000,0.0000,0.0379,0.2161,0.0014,-0.0263,0.9760,2.930,,,,,,,
70,Right,9,0.0000,0.0000,0.0243,0.0688,0.0248,-0.0167,0.9972,2.930,,,,,,,
70,Right,10,0.0003,0.0010,0.0224,0.0000,0.0000,0.0000,1.0000,2.930,,,,,,,
70,Right,11,0.0005,-0.0097,0.0361,0.0000,0.0000,0.0000,1.0000,2.930,,,,,,,
70,Right,12,-0.0023,0.0071,0.0595,0.5167,0.0496,-0.0345,0.8540,2.930,,,,,,,
70,Right,13,0.0000,0.0000,0.0429,0.1961,0.0021,-0.0123,0.9805,2.930,,,,,,,
70,Right,14,0.0000,0.0000,0.0275,0.0539,-0.0018,-0.0488,0.9974,2.930,,,,,,,
70,Right,15,0.0003,0.0011,0.0250,0.0000,0.0000,0.0000,1.0000,2.930,,,,,,,
70,Right,16,0.0150,-0.0060,0.0348,0.0000,0.0000,0.0000,1.0000,2.930,,,,,,,
70,Right,17,0.0025,-0.0005,0.0539,0.5106,0.0265,-0.0706,0.8565,2.930,,,,,,,
70,Right,18,0.0000,0.0000,0.0390,0.1737,-0.0029,-0.0374,0.9841,2.930,,,,,,,
70,Right,19,0.0000,0.0000,0.0266,0.1133,-0.0296,-0.0099,0.9931,2.930,,,,,,,
70,Right,20,0.0003,0.0016,0.0243,0.0000,0.0000,0.0000,1.0000,2.930,,,,,,,
70,Right,21,0.0230,-0.0094,0.0341,0.0183,0.1403,-0.2070,0.9680,2.930,,,,,,,
70,Right,22,0.0000,0.0000,0.0457,0.4258,-0.0417,0.0993,0.8984,2.930,,,,,,,
70,Right,23,0.0000,0.0000,0.0307,0.1786,0.0348,-0.0538,0.9818,2.930,,,,,,,
70,Right,24,0.0000,0.0000,0.0203,0.0949,-0.0489,0.0011,0.9943,2.930,,,,,,,
70,Right,25,-0.0002,0.0012,0.0219,0.0000,0.0000,0.0000,1.0000,2.930,,,,,,,
71,Left,0,0.0030,-0.0048,0.0647,0.0000,0.0000,0.0000,1.0000,2.972,,,,,,,
71,Left,1,0.0000,0.0000,0.0000,0.0000,0.0000,0.0000,1.0000,2.972,-0.1023,0.2007,-0.0645,-0.5370,0.6347,-0.5396,0.1329
71,Left,2,0.0314,-0.0138,0.0334,-0.1680,0.3187,-0.5117,0.7800,2.972,,,,,,,
71,Left,3,0.0000,0.0000,0.0325,-0.0103,-0.0711,0.0832,0.9939,2.972,,,,,,,
71,Left,4,0.0000,0.0000,0.0338,-0.1859,0.0746,-0.0851,0.9760,2.972,,,,,,,
71,Left,5,-0.0007,0.0010,0.0246,0.0000,0.0000,0.0000,1.0000,2.972,,,,,,,
71,Left,6,0.0204,-0.0084,0.0359,0.0000,0.0000,0.0000,1.0000,2.972,,,,,,,
71,Left,7,0.0032,0.0011,0.0601,0.3323,-0.1482,0.0037,0.9315,2.972,,,,,,,
71,Left,8,0.0000,0.0000,0.0379,0.1496,-0.0033,0.0263,0.9884,2.972,,,,,,,
71,Left,9,0.0000,0.0000,0.0243,0.0109,-0.0259,0.0165,0.9995,2.972,,,,,,,
71,Left,10,-0.0003,0.0010,0.0224,0.0000,0.0000,0.0000,1.0000,2.972,,,,,,,
71,Left,11,0.0042,-0.0071,0.0337,0.0000,0.0000,0.0000,1.0000,2.972,,,,,,,
71,Left,12,-0.0025,0.0045,0.0619,0.4582,-0.1373,0.0715,0.8752,2.972,,,,,,,
71,Left,13,0.0000,0.0000,0.0429,0.0927,-0.0033,0.0118,0.9956,2.972,,,,,,,
71,Left,14,0.0000,0.0000,0.0275,-0.0390,-0.0023,0.0398,0.9984,2.972,,,,,,,
71,Left,15,-0.0003,0.0011,0.0250,0.0000,0.0000,0.0000,1.0000,2.972,,,,,,,
71,Left,16,-0.0150,-0.0060,0.0348,0.0000,0.0000,0.0000,1.0000,2.972,,,,,,,
71,Left,17,-0.0025,-0.0005,0.0539,0.4942,-0.1128,0.1133,0.8545,2.972,,,,,,,
71,Left,18,0.0000,0.0000,0.0390,0.0113,-0.0026,0.0338,0.9994,2.972,,,,,,,
71,Left,19,0.0000,0.0000,0.0266,0.0053,0.0293,0.0049,0.9995,2.972,,,,,,,
71,Left,20,-0.0003,0.0016,0.0243,0.0000,0.0000,0.0000,1.0000,2.972,,,,,,,
71,Left,21,-0.0230,-0.0094,0.0341,0.0183,-0.1403,0.2070,0.9680,2.972,,,,,,,
71,Left,22,0.0000,0.0000,0.0457,0.4592,-0.0282,-0.0672,0.8853,2.972,,,,,,,
71,Left,23,0.0000,0.0000,0.0307,0.0280,-0.0413,0.0412,0.9979,2.972,,,,,,,
71,Left,24,0.0000,0.0000,0.0203,0.0059,0.0492,-0.0007,0.9988,2.972,,,,,,,
71,Left,25,0.0002,0.0012,0.0219,0.0000,0.0000,0.0000,1.0000,2.972,,,,,,,
71,Right,0,-0.0006,-0.0061,0.0659,0.0000,0.0000,0.0000,1.0000,2.972,,,,,,,
71,Right,1,0.0000,0.0000,0.0000,0.0000,0.0000,0.0000,1.0000,2.972,0.1957,0.1629,-0.0139,0.4182,0.1011,-0.7195,0.5451
71,Right,2,-0.0220,-0.0242,0.0381,0.1600,-0.3645,0.7111,0.5795,2.972,,,,,,,
71,Right,3,0.0000,0.0000,0.0325,0.1503,0.0569,-0.0826,0.9835,2.972,,,,,,,
71,Right,4,0.0000,0.0000,0.0338,-0.0853,-0.0671,0.0840,0.9905,2.972,,,,,,,
71,Right,5,0.0007,0.0010,0.0246,0.0000,0.0000,0.0000,1.0000,2.972,,,,,,,
71,Right,6,-0.0157,-0.0136,0.0383,0.0000,0.0000,0.0000,1.0000,2.972,,,,,,,
71,Right,7,-0.0078,0.0062,0.0577,0.4593,0.0777,0.0112,0.8848,2.972,,,,,,,
71,Right,8,0.0000,0.0000,0.0379,0.2163,0.0014,-0.0263,0.9760,2.972,,,,,,,
71,Right,9,0.0000,0.0000,0.0243,0.0689,0.0248,-0.0168,0.9972,2.972,,,,,,,
71,Right,10,0.0003,0.0010,0.0224,0.0000,0.0000,0.0000,1.0000,2.972,,,,,,,
71,Right,11,0.0005,-0.0097,0.0361,0.0000,0.0000,0.0000,1.0000,2.972,,,,,,,
71,Right,12,-0.0022,0.0071,0.0596,0.5167,0.0498,-0.0346,0.8540,2.972,,,,,,,
71,Right,13,0.0000,0.0000,0.0429,0.1971,0.0021,-0.0123,0.9803,2.972,,,,,,,
71,Right,14,0.0000,0.0000,0.0275,0.0549,-0.0018,-0.0489,0.9973,2.972,,,,,,,
71,Right,15,0.0003,0.0011,0.0250,0.0000,0.0000,0.0000,1.0000,2.972,,,,,,,
71,Right,16,0.0150,-0.0060,0.0348,0.0000,0.0000,0.0000,1.0000,2.972,,,,,,,
71,Right,17,0.0025,-0.0005,0.0539,0.5107,0.0269,-0.0709,0.8564,2.972,,,,,,,
71,Right,18,0.0000,0.0000,0.0390,0.1744,-0.0029,-0.0374,0.9840,2.972,,,,,,,
71,Right,19,0.0000,0.0000,0.0266,0.1143,-0.0296,-0.0100,0.9930,2.972,,,,,,,
71,Right,20,0.0003,0.0016,0.0243,0.0000,0.0000,0.0000,1.0000,2.972,,,,,,,
71,Right,21,0.0230,-0.0094,0.0341,0.0183,0.1403,-0.2070,0.9680,2.972,,,,,,,
71,Right,22,0.0000,0.0000,0.0457,0.4263,-0.0406,0.0988,0.8983,2.972,,,,,,,
71,Right,23,0.0000,0.0000,0.0307,0.1792,0.0348,-0.0539,0.9817,2.972,,,,,,,
71,Right,24,0.0000,0.0000,0.0203,0.0951,-0.0489,0.0011,0.9943,2.972,,,,,,,
71,Right,25,-0.0002,0.0012,0.0219,0.0000,0.0000,0.0000,1.0000,2.972,,,,,,,
72,Left,0,0.0030,-0.0048,0.0647,0.0000,0.0000,0.0000,1.0000,3.013,,,,,,,
72,Left,1,0.0000,0.0000,0.0000,0.0000,0.0000,0.0000,1.0000,3.013,-0.1022,0.2006,-0.0639,-0.5307,0.6346,-0.5434,0.1425
72,Left,2,0.0314,-0.0138,0.0334,-0.1668,0.3196,-0.5127,0.7792,3.013,,,,,,,
72,Left,3,0.0000,0.0000,0.0325,-0.0099,-0.0710,0.0832,0.9940,3.013,,,,,,,
72,Left,4,0.0000,0.0000,0.0338,-0.1859,0.0746,-0.0851,0.9760,3.013,,,,,,,
72,Left,5,-0.0007,0.0010,0.0246,0.0000,0.0000,0.0000,1.0000,3.013,,,,,,,
72,Left,6,0.0204,-0.0084,0.0359,0.0000,0.0000,0.0000,1.0000,3.013,,,,,,,
72,Left,7,0.0032,0.0011,0.0601,0.3350,-0.1475,0.0038,0.9306,3.013,,,,,,,
72,Left,8,0.0000,0.0000,0.0379,0.1493,-0.0033,0.0263,0.9884,3.013,,,,,,,
72,Left,9,0.0000,0.0000,0.0243,0.0104,-0.0259,0.0165,0.9995,3.013,,,,,,,
72,Left,10,-0.0003,0.0010,0.0224,0.0000,0.0000,0.0000,1.0000,3.013,,,,,,,
72,Left,11,0.0042,-0.0071,0.0337,0.0000,0.0000,0.0000,1.0000,3.013,,,,,,,
72,Left,12,-0.0025,0.0045,0.0619,0.4581,-0.1376,0.0716,0.8753,3.013,,,,,,,
72,Left,13,0.0000,0.0000,0.0429,0.0922,-0.0033,0.0118,0.9957,3.013,,,,,,,
72,Left,14,0.0000,0.0000,0.0275,-0.0395,-0.0023,0.0397,0.9984,3.013,,,,,,,
72,Left,15,-0.0003,0.0011,0.0250,0.0000,0.0000,0.0000,1.0000,3.013,,,,,,,
72,Left,16,-0.0150,-0.0060,0.0348,0.0000,0.0000,0.0000,1.0000,3.013,,,,,,,
72,Left,17,-0.0025,-0.0005,0.0539,0.4941,-0.1124,0.1130,0.8547,3.013,,,,,,,
72,Left,18,0.0000,0.0000,0.0390,0.0110,-0.0026,0.0338,0.9994,3.013,,,,,,,
72,Left,19,0.0000,0.0000,0.0266,0.0050,0.0293,0.0049,0.9995,3.013,,,,,,,
72,Left,20,-0.0003,0.0016,0.0243,0.0000,0.0000,0.0000,1.0000,3.013,,,,,,,
72,Left,21,-0.0230,-0.0094,0.0341,0.0183,-0.1403,0.2070,0.9680,3.013,,,,,,,
72,Left,22,0.0000,0.0000,0.0457,0.4584,-0.0274,-0.0676,0.8857,3.013,,,,,,,
72,Left,23,0.0000,0.0000,0.0307,0.0273,-0.0413,0.0412,0.9979,3.013,,,,,,,
72,Left,24,0.0000,0.0000,0.0203,0.0057,0.0492,-0.0007,0.9988,3.013,,,,,,,
72,Left,25,0.0002,0.0012,0.0219,0.0000,0.0000,0.0000,1.0000,3.013,,,,,,,
72,Right,0,-0.0006,-0.0061,0.0659,0.0000,0.0000,0.0000,1.0000,3.013,,,,,,,
72,Right,1,0.0000,0.0000,0.0000,0.0000,0.0000,0.0000,1.0000,3.013,0.1953,0.1635,-0.0141,0.4153,0.1007,-0.7188,0.5484
72,Right,2,-0.0220,-0.0242,0.0381,0.1593,-0.3649,0.7107,0.5800,3.013,,,,,,,
72,Right,3,0.0000,0.0000,0.0325,0.1498,0.0569,-0.0826,0.9836,3.013,,,,,,,
72,Right,4,0.0000,0.0000,0.0338,-0.0841,-0.0670,0.0839,0.9907,3.013,,,,,,,
72,Right,5,0.0007,0.0010,0.0246,0.0000,0.0000,0.0000,1.0000,3.013,,,,,,,
72,Right,6,-0.0157,-0.0135,0.0383,0.0000,0.0000,0.0000,1.0000,3.013,,,,,,,
72,Right,7,-0.0078,0.0062,0.0577,0.4596,0.0778,0.0111,0.8846,3.013,,,,,,,
72,Right,8,0.0000,0.0000,0.0379,0.2168,0.0014,-0.0263,0.9759,3.013,,,,,,,
72,Right,9,0.0000,0.0000,0.0243,0.0690,0.0248,-0.0168,0.9972,3.013,,,,,,,
72,Right,10,0.0003,0.0010,0.0224,0.0000,0.0000,0.0000,1.0000,3.013,,,,,,,
72,Right,11,0.0005,-0.0097,0.0361,0.0000,0.0000,0.0000,1.0000,3.013,,,,,,,
72,Right,12,-0.0022,0.0071,0.0596,0.5174,0.0499,-0.0347,0.8536,3.013,,,,,,,
72,Right,13,0.0000,0.0000,0.0429,0.1984,0.0020,-0.0123,0.9801,3.013,,,,,,,
72,Right,14,0.0000,0.0000,0.0275,0.0557,-0.0019,-0.0490,0.9972,3.013,,,,,,,
72,Right,15,0.0003,0.0011,0.0250,0.0000,0.0000,0.0000,1.0000,3.013,,,,,,,
72,Right,16,0.0150,-0.0060,0.0348,0.0000,0.0000,0.0000,1.0000,3.013,,,,,,,
72,Right,17,0.0025,-0.0005,0.0539,0.5117,0.0273,-0.0712,0.8558,3.013,,,,,,,
72,Right,18,0.0000,0.0000,0.0390,0.1751,-0.0029,-0.0374,0.9838,3.013,,,,,,,
72,Right,19,0.0000,0.0000,0.0266,0.1152,-0.0296,-0.0100,0.9928,3.013,,,,,,,
72,Right,20,0.0003,0.0016,0.0243,0.0000,0.0000,0.0000,1.0000,3.013,,,,,,,
72,Right,21,0.0230,-0.0094,0.0341,0.0183,0.1403,-0.2070,0.9680,3.013,,,,,,,
72,Right,22,0.0000,0.0000,0.0457,0.4293,-0.0391,0.0983,0.8970,3.013,,,,,,,
72,Right,23,0.0000,0.0000,0.0307,0.1798,0.0347,-0.0539,0.9816,3.013,,,,,,,
72,Right,24,0.0000,0.0000,0.0203,0.0955,-0.0489,0.0011,0.9942,3.013,,,,,,,
72,Right,25,-0.0002,0.0012,0.0219,0.0000,0.0000,0.0000,1.0000,3.013,,,,,,,
73,Left,0,0.0029,-0.0048,0.0647,0.0000,0.0000,0.0000,1.0000,3.055,,,,,,,
73,Left,1,0.0000,0.0000,0.0000,0.0000,0.0000,0.0000,1.0000,3.055,-0.1018,0.2009,-0.0637,-0.5306,0.6339,-0.5446,0.1417
73,Left,2,0.0313,-0.0139,0.0334,-0.1658,0.3199,-0.5137,0.7786,3.055,,,,,,,
73,Left,3,0.0000,0.0000,0.0325,-0.0100,-0.0710,0.0832,0.9939,3.055,,,,,,,
73,Left,4,0.0000,0.0000,0.0338,-0.1859,0.0746,-0.0851,0.9760,3.055,,,,,,,
73,Left,5,-0.0007,0.0010,0.0246,0.0000,0.0000,0.0000,1.0000,3.055,,,,,,,
73,Left,6,0.0204,-0.0084,0.0359,0.0000,0.0000,0.0000,1.0000,3.055,,,,,,,
73,Left,7,0.0032,0.0011,0.0601,0.3338,-0.1472,0.0036,0.9311,3.055,,,,,,,
73,Left,8,0.0000,0.0000,0.0379,0.1484,-0.0033,0.0263,0.9886,3.055,,,,,,,
73,Left,9,0.0000,0.0000,0.0243,0.0102,-0.0259,0.0165,0.9995,3.055,,,,,,,
73,Left,10,-0.0003,0.0010,0.0224,0.0000,0.0000,0.0000,1.0000,3.055,,,,,,,
73,Left,11,0.0042,-0.0071,0.0337,0.0000,0.0000,0.0000,1.0000,3.055,,,,,,,
73,Left,12,-0.0024,0.0046,0.0619,0.4574,-0.1382,0.0717,0.8755,3.055,,,,,,,
73,Left,13,0.0000,0.0000,0.0429,0.0915,-0.0033,0.0118,0.9957,3.055,,,,,,,
73,Left,14,0.0000,0.0000,0.0275,-0.0397,-0.0023,0.0397,0.9984,3.055,,,,,,,
73,Left,15,-0.0003,0.0011,0.0250,0.0000,0.0000,0.0000,1.0000,3.055,,,,,,,
73,Left,16,-0.0150,-0.0060,0.0348,0.0000,0.0000,0.0000,1.0000,3.055,,,,,,,
73,Left,17,-0.0025,-0.0005,0.0539,0.4943,-0.1125,0.1131,0.8545,3.055,,,,,,,
73,Left,18,0.0000,0.0000,0.0390,0.0106,-0.0026,0.0338,0.9994,3.055,,,,,,,
73,Left,19,0.0000,0.0000,0.0266,0.0046,0.0293,0.0049,0.9995,3.055,,,,,,,
73,Left,20,-0.0003,0.0016,0.0243,0.0000,0.0000,0.0000,1.0000,3.055,,,,,,,
73,Left,21,-0.0230,-0.0094,0.0341,0.0183,-0.1403,0.2070,0.9680,3.055,,,,,,,
73,Left,22,0.0000,0.0000,0.0457,0.4585,-0.0267,-0.0680,0.8857,3.055,,,,,,,
73,Left,23,0.0000,0.0000,0.0307,0.0270,-0.0414,0.0411,0.9979,3.055,,,,,,,
73,Left,24,0.0000,0.0000,0.0203,0.0056,0.0492,-0.0007,0.9988,3.055,,,,,,,
73,Left,25,0.0002,0.0012,0.0219,0.0000,0.0000,0.0000,1.0000,3.055,,,,,,,
73,Right,0,-0.0006,-0.0061,0.0659,0.0000,0.0000,0.0000,1.0000,3.055,,,,,,,
73,Right,1,0.0000,0.0000,0.0000,0.0000,0.0000,0.0000,1.0000,3.055,0.1951,0.1643,-0.0144,0.4148,0.1004,-0.7177,0.5503
73,Right,2,-0.0221,-0.0241,0.0381,0.1589,-0.3658,0.7101,0.5802,3.055,,,,,,,
73,Right,3,0.0000,0.0000,0.0325,0.1496,0.0570,-0.0826,0.9836,3.055,,,,,,,
73,Right,4,0.0000,0.0000,0.0338,-0.0830,-0.0669,0.0839,0.9907,3.055,,,,,,,
73,Right,5,0.0007,0.0010,0.0246,0.0000,0.0000,0.0000,1.0000,3.055,,,,,,,
73,Right,6,-0.0158,-0.0135,0.0382,0.0000,0.0000,0.0000,1.0000,3.055,,,,,,,
73,Right,7,-0.0078,0.0062,0.0578,0.4602,0.0777,0.0111,0.8843,3.055,,,,,,,
73,Right,8,0.0000,0.0000,0.0379,0.2175,0.0014,-0.0263,0.9757,3.055,,,,,,,
73,Right,9,0.0000,0.0000,0.0243,0.0690,0.0248,-0.0168,0.9972,3.055,,,,,,,
73,Right,10,0.0003,0.0010,0.0224,0.0000,0.0000,0.0000,1.0000,3.055,,,,,,,
73,Right,11,0.0004,-0.0097,0.0361,0.0000,0.0000,0.0000,1.0000,3.055,,,,,,,
73,Right,12,-0.0022,0.0071,0.0596,0.5176,0.0501,-0.0348,0.8534,3.055,,,,,,,
73,Right,13,0.0000,0.0000,0.0429,0.1992,0.0020,-0.0123,0.9799,3.055,,,,,,,
73,Right,14,0.0000,0.0000,0.0275,0.0567,-0.0019,-0.0491,0.9972,3.055,,,,,,,
73,Right,15,0.0003,0.0011,0.0250,0.0000,0.0000,0.0000,1.0000,3.055,,,,,,,
73,Right,16,0.0150,-0.0060,0.0348,0.0000,0.0000,0.0000,1.0000,3.055,,,,,,,
73,Right,17,0.0025,-0.0005,0.0539,0.5123,0.0278,-0.0715,0.8553,3.055,,,,,,,
73,Right,18,0.0000,0.0000,0.0390,0.1754,-0.0029,-0.0374,0.9838,3.055,,,,,,,
73,Right,19,0.0000,0.0000,0.0266,0.1160,-0.0296,-0.0101,0.9928,3.055,,,,,,,
73,Right,20,0.0003,0.0016,0.0243,0.0000,0.0000,0.0000,1.0000,3.055,,,,,,,
73,Right,21,0.0230,-0.0094,0.0341,0.0183,0.1403,-0.2070,0.9680,3.055,,,,,,,
73,Right,22,0.0000,0.0000,0.0457,0.4304,-0.0378,0.0978,0.8965,3.055,,,,,,,
73,Right,23,0.0000,0.0000,0.0307,0.1796,0.0347,-0.0539,0.9816,3.055,,,,,,,
73,Right,24,0.0000,0.0000,0.0203,0.0954,-0.0489,0.0011,0.9942,3.055,,,,,,,
73,Right,25,-0.0002,0.0012,0.0219,0.0000,0.0000,0.0000,1.0000,3.055,,,,,,,
74,Left,0,0.0029,-0.0048,0.0647,0.0000,0.0000,0.0000,1.0000,3.097,,,,,,,
74,Left,1,0.0000,0.0000,0.0000,0.0000,0.0000,0.0000,1.0000,3.097,-0.1017,0.2011,-0.0637,-0.5323,0.6299,-0.5491,0.1353
74,Left,2,0.0313,-0.0140,0.0335,-0.1641,0.3193,-0.5158,0.7779,3.097,,,,,,,
74,Left,3,0.0000,0.0000,0.0325,-0.0098,-0.0710,0.0832,0.9940,3.097,,,,,,,
74,Left,4,0.0000,0.0000,0.0338,-0.1859,0.0746,-0.0851,0.9760,3.097,,,,,,,
74,Left,5,-0.0007,0.0010,0.0246,0.0000,0.0000,0.0000,1.0000,3.097,,,,,,,
74,Left,6,0.0204,-0.0085,0.0359,0.0000,0.0000,0.0000,1.0000,3.097,,,,,,,
74,Left,7,0.0032,0.0011,0.0601,0.3293,-0.1478,0.0032,0.9326,3.097,,,,,,,
74,Left,8,0.0000,0.0000,0.0379,0.1481,-0.0033,0.0263,0.9886,3.097,,,,,,,
74,Left,9,0.0000,0.0000,0.0243,0.0101,-0.0259,0.0165,0.9995,3.097,,,,,,,
74,Left,10,-0.0003,0.0010,0.0224,0.0000,0.0000,0.0000,1.0000,3.097,,,,,,,
74,Left,11,0.0041,-0.0071,0.0338,0.0000,0.0000,0.0000,1.0000,3.097,,,,,,,
74,Left,12,-0.0024,0.0046,0.0619,0.4565,-0.1390,0.0719,0.8759,3.097,,,,,,,
74,Left,13,0.0000,0.0000,0.0429,0.0915,-0.0033,0.0118,0.9957,3.097,,,,,,,
74,Left,14,0.0000,0.0000,0.0275,-0.0395,-0.0023,0.0397,0.9984,3.097,,,,,,,
74,Left,15,-0.0003,0.0011,0.0250,0.0000,0.0000,0.0000,1.0000,3.097,,,,,,,
74,Left,16,-0.0150,-0.0060,0.0348,0.0000,0.0000,0.0000,1.0000,3.097,,,,,,,
74,Left,17,-0.0025,-0.0005,0.0539,0.4944,-0.1125,0.1132,0.8544,3.097,,,,,,,
74,Left,18,0.0000,0.0000,0.0390,0.0105,-0.0026,0.0338,0.9994,3.097,,,,,,,
74,Left,19,0.0000,0.0000,0.0266,0.0047,0.0293,0.0049,0.9995,3.097,,,,,,,
74,Left,20,-0.0003,0.0016,0.0243,0.0000,0.0000,0.0000,1.0000,3.097,,,,,,,
74,Left,21,-0.0230,-0.0094,0.0341,0.0183,-0.1403,0.2070,0.9680,3.097,,,,,,,
74,Left,22,0.0000,0.0000,0.0457,0.4589,-0.0266,-0.0680,0.8855,3.097,,,,,,,
74,Left,23,0.0000,0.0000,0.0307,0.0261,-0.0414,0.0411,0.9980,3.097,,,,,,,
74,Left,24,0.0000,0.0000,0.0203,0.0051,0.0492,-0.0007,0.9988,3.097,,,,,,,
74,Left,25,0.0002,0.0012,0.0219,0.0000,0.0000,0.0000,1.0000,3.097,,,,,,,
74,Right,0,-0.0006,-0.0061,0.0659,0.0000,0.0000,0.0000,1.0000,3.097,,,,,,,
74,Right,1,0.0000,0.0000,0.0000,0.0000,0.0000,0.0000,1.0000,3.097,0.1946,0.1653,-0.0146,0.4101,0.1001,-0.7139,0.5587
74,Right,2,-0.0221,-0.0241,0.0381,0.1587,-0.3666,0.7096,0.5804,3.097,,,,,,,
74,Right,3,0.0000,0.0000,0.0325,0.1492,0.0570,-0.0826,0.9837,3.097,,,,,,,
74,Right,4,0.0000,0.0000,0.0338,-0.0814,-0.0668,0.0839,0.9909,3.097,,,,,,,
74,Right,5,0.0007,0.0010,0.0246,0.0000,0.0000,0.0000,1.0000,3.097,,,,,,,
74,Right,6,-0.0158,-0.0135,0.0382,0.0000,0.0000,0.0000,1.0000,3.097,,,,,,,
74,Right,7,-0.0078,0.0062,0.0578,0.4602,0.0780,0.0110,0.8843,3.097,,,,,,,
74,Right,8,0.0000,0.0000,0.0379,0.2190,0.0014,-0.0263,0.9754,3.097,,,,,,,
74,Right,9,0.0000,0.0000,0.0243,0.0694,0.0248,-0.0168,0.9971,3.097,,,,,,,
74,Right,10,0.0003,0.0010,0.0224,0.0000,0.0000,0.0000,1.0000,3.097,,,,,,,
74,Right,11,0.0004,-0.0097,0.0361,0.0000,0.0000,0.0000,1.0000,3.097,,,,,,,
74,Right,12,-0.0022,0.0071,0.0596,0.5170,0.0508,-0.0351,0.8538,3.097,,,,,,,
74,Right,13,0.0000,0.0000,0.0429,0.2003,0.0020,-0.0123,0.9797,3.097,,,,,,,
74,Right,14,0.0000,0.0000,0.0275,0.0578,-0.0020,-0.0492,0.9971,3.097,,,,,,,
74,Right,15,0.0003,0.0011,0.0250,0.0000,0.0000,0.0000,1.0000,3.097,,,,,,,
74,Right,16,0.0150,-0.0060,0.0348,0.0000,0.0000,0.0000,1.0000,3.097,,,,,,,
74,Right,17,0.0025,-0.0005,0.0539,0.5120,0.0285,-0.0718,0.8555,3.097,,,,,,,
74,Right,18,0.0000,0.0000,0.0390,0.1755,-0.0029,-0.0374,0.9838,3.097,,,,,,,
74,Right,19,0.0000,0.0000,0.0266,0.1165,-0.0296,-0.0101,0.9927,3.097,,,,,,,
74,Right,20,0.0003,0.0016,0.0243,0.0000,0.0000,0.0000,1.0000,3.097,,,,,,,
74,Right,21,0.0230,-0.0094,0.0341,0.0183,0.1403,-0.2070,0.9680,3.097,,,,,,,
74,Right,22,0.0000,0.0000,0.0457,0.4315,-0.0363,0.0972,0.8961,3.097,,,,,,,
74,Right,23,0.0000,0.0000,0.0307,0.1798,0.0347,-0.0539,0.9816,3.097,,,,,,,
74,Right,24,0.0000,0.0000,0.0203,0.0953,-0.0489,0.0011,0.9942,3.097,,,,,,,
74,Right,25,-0.0002,0.0012,0.0219,0.0000,0.0000,0.0000,1.0000,3.097,,,,,,,
75,Left,0,0.0029,-0.0048,0.0647,0.0000,0.0000,0.0000,1.0000,3.138,,,,,,,
75,Left,1,0.0000,0.0000,0.0000,0.0000,0.0000,0.0000,1.0000,3.138,-0.1014,0.2012,-0.0638,-0.5312,0.6264,-0.5544,0.1344
75,Left,2,0.0313,-0.0141,0.0335,-0.1631,0.3193,-0.5169,0.7773,3.138,,,,,,,
75,Left,3,0.0000,0.0000,0.0325,-0.0088,-0.0709,0.0832,0.9940,3.138,,,,,,,
75,Left,4,0.0000,0.0000,0.0338,-0.1859,0.0746,-0.0851,0.9760,3.138,,,,,,,
75,Left,5,-0.0007,0.0010,0.0246,0.0000,0.0000,0.0000,1.0000,3.138,,,,,,,
75,Left,6,0.0203,-0.0085,0.0359,0.0000,0.0000,0.0000,1.0000,3.138,,,,,,,
75,Left,7,0.0032,0.0012,0.0601,0.3244,-0.1478,0.0025,0.9343,3.138,,,,,,,
75,Left,8,0.0000,0.0000,0.0379,0.1484,-0.0033,0.0263,0.9886,3.138,,,,,,,
75,Left,9,0.0000,0.0000,0.0243,0.0103,-0.0259,0.0165,0.9995,3.138,,,,,,,
75,Left,10,-0.0003,0.0010,0.0224,0.0000,0.0000,0.0000,1.0000,3.138,,,,,,,
75,Left,11,0.0041,-0.0071,0.0338,0.0000,0.0000,0.0000,1.0000,3.138,,,,,,,
75,Left,12,-0.0024,0.0046,0.0619,0.4551,-0.1395,0.0719,0.8765,3.138,,,,,,,
75,Left,13,0.0000,0.0000,0.0429,0.0917,-0.0033,0.0118,0.9957,3.138,,,,,,,
75,Left,14,0.0000,0.0000,0.0275,-0.0395,-0.0023,0.0397,0.9984,3.138,,,,,,,
75,Left,15,-0.0003,0.0011,0.0250,0.0000,0.0000,0.0000,1.0000,3.138,,,,,,,
75,Left,16,-0.0150,-0.0060,0.0348,0.0000,0.0000,0.0000,1.0000,3.138,,,,,,,
75,Left,17,-0.0025,-0.0005,0.0539,0.4943,-0.1133,0.1136,0.8543,3.138,,,,,,,
75,Left,18,0.0000,0.0000,0.0390,0.0103,-0.0026,0.0337,0.9994,3.138,,,,,,,
75,Left,19,0.0000,0.0000,0.0266,0.0045,0.0293,0.0049,0.9995,3.138,,,,,,,
75,Left,20,-0.0003,0.0016,0.0243,0.0000,0.0000,0.0000,1.0000,3.138,,,,,,,
75,Left,21,-0.0230,-0.0094,0.0341,0.0183,-0.1403,0.2070,0.9680,3.138,,,,,,,
75,Left,22,0.0000,0.0000,0.0457,0.4592,-0.0268,-0.0679,0.8854,3.138,,,,,,,
75,Left,23,0.0000,0.0000,0.0307,0.0253,-0.0414,0.0410,0.9980,3.138,,,,,,,
75,Left,24,0.0000,0.0000,0.0203,0.0049,0.0492,-0.0007,0.9988,3.138,,,,,,,
75,Left,25,0.0002,0.0012,0.0219,0.0000,0.0000,0.0000,1.0000,3.138,,,,,,,
75,Right,0,-0.0007,-0.0061,0.0659,0.0000,0.0000,0.0000,1.0000,3.138,,,,,,,
75,Right,1,0.0000,0.0000,0.0000,0.0000,0.0000,0.0000,1.0000,3.138,0.1947,0.1653,-0.0145,0.4102,0.0971,-0.7129,0.5604
75,Right,2,-0.0222,-0.0241,0.0381,0.1566,-0.3671,0.7087,0.5818,3.138,,,,,,,
75,Right,3,0.0000,0.0000,0.0325,0.1490,0.0570,-0.0826,0.9837,3.138,,,,,,,
75,Right,4,0.0000,0.0000,0.0338,-0.0788,-0.0666,0.0839,0.9911,3.138,,,,,,,
75,Right,5,0.0007,0.0010,0.0246,0.0000,0.0000,0.0000,1.0000,3.138,,,,,,,
75,Right,6,-0.0158,-0.0135,0.0382,0.0000,0.0000,0.0000,1.0000,3.138,,,,,,,
75,Right,7,-0.0077,0.0062,0.0578,0.4603,0.0782,0.0109,0.8843,3.138,,,,,,,
75,Right,8,0.0000,0.0000,0.0379,0.2198,0.0013,-0.0263,0.9752,3.138,,,,,,,
75,Right,9,0.0000,0.0000,0.0243,0.0698,0.0248,-0.0168,0.9971,3.138,,,,,,,
75,Right,10,0.0003,0.0010,0.0224,0.0000,0.0000,0.0000,1.0000,3.138,,,,,,,
75,Right,11,0.0004,-0.0096,0.0361,0.0000,0.0000,0.0000,1.0000,3.138,,,,,,,
75,Right,12,-0.0021,0.0071,0.0596,0.5167,0.0507,-0.0351,0.8539,3.138,,,,,,,
75,Right,13,0.0000,0.0000,0.0429,0.2013,0.0020,-0.0123,0.9795,3.138,,,,,,,
75,Right,14,0.0000,0.0000,0.0275,0.0589,-0.0020,-0.0493,0.9970,3.138,,,,,,,
75,Right,15,0.0003,0.0011,0.0250,0.0000,0.0000,0.0000,1.0000,3.138,,,,,,,
75,Right,16,0.0150,-0.0060,0.0348,0.0000,0.0000,0.0000,1.0000,3.138,,,,,,,
75,Right,17,0.0025,-0.0005,0.0539,0.5118,0.0287,-0.0719,0.8556,3.138,,,,,,,
75,Right,18,0.0000,0.0000,0.0390,0.1762,-0.0030,-0.0374,0.9836,3.138,,,,,,,
75,Right,19,0.0000,0.0000,0.0266,0.1174,-0.0296,-0.0101,0.9926,3.138,,,,,,,
75,Right,20,0.0003,0.0016,0.0243,0.0000,0.0000,0.0000,1.0000,3.138,,,,,,,
75,Right,21,0.0230,-0.0094,0.0341,0.0183,0.1403,-0.2070,0.9680,3.138,,,,,,,
75,Right,22,0.0000,0.0000,0.0457,0.4321,-0.0352,0.0967,0.8959,3.138,,,,,,,
75,Right,23,0.0000,0.0000,0.0307,0.1800,0.0347,-0.0539,0.9816,3.138,,,,,,,
75,Right,24,0.0000,0.0000,0.0203,0.0953,-0.0489,0.0011,0.9942,3.138,,,,,,,
75,Right,25,-0.0002,0.0012,0.0219,0.0000,0.0000,0.0000,1.0000,3.138,,,,,,,
76,Left,0,0.0029,-0.0048,0.0647,0.0000,0.0000,0.0000,1.0000,3.180,,,,,,,
76,Left,1,0.0000,0.0000,0.0000,0.0000,0.0000,0.0000,1.0000,3.180,-0.1011,0.2010,-0.0636,-0.5350,0.6234,-0.5547,0.1320
76,Left,2,0.0312,-0.0141,0.0335,-0.1620,0.3200,-0.5178,0.7767,3.180,,,,,,,
76,Left,3,0.0000,0.0000,0.0325,-0.0085,-0.0709,0.0832,0.9940,3.180,,,,,,,
76,Left,4,0.0000,0.0000,0.0338,-0.1859,0.0746,-0.0851,0.9760,3.180,,,,,,,
76,Left,5,-0.0007,0.0010,0.0246,0.0000,0.0000,0.0000,1.0000,3.180,,,,,,,
76,Left,6,0.0203,-0.0085,0.0360,0.0000,0.0000,0.0000,1.0000,3.180,,,,,,,
76,Left,7,0.0032,0.0012,0.0600,0.3172,-0.1475,0.0015,0.9368,3.180,,,,,,,
76,Left,8,0.0000,0.0000,0.0379,0.1480,-0.0033,0.0263,0.9886,3.180,,,,,,,
76,Left,9,0.0000,0.0000,0.0243,0.0105,-0.0259,0.0165,0.9995,3.180,,,,,,,
76,Left,10,-0.0003,0.0010,0.0224,0.0000,0.0000,0.0000,1.0000,3.180,,,,,,,
76,Left,11,0.0041,-0.0071,0.0338,0.0000,0.0000,0.0000,1.0000,3.180,,,,,,,
76,Left,12,-0.0024,0.0046,0.0619,0.4482,-0.1404,0.0710,0.8800,3.180,,,,,,,
76,Left,13,0.0000,0.0000,0.0429,0.0907,-0.0033,0.0118,0.9958,3.180,,,,,,,
76,Left,14,0.0000,0.0000,0.0275,-0.0395,-0.0023,0.0397,0.9984,3.180,,,,,,,
76,Left,15,-0.0003,0.0011,0.0250,0.0000,0.0000,0.0000,1.0000,3.180,,,,,,,
76,Left,16,-0.0150,-0.0060,0.0348,0.0000,0.0000,0.0000,1.0000,3.180,,,,,,,
76,Left,17,-0.0025,-0.0005,0.0539,0.4937,-0.1136,0.1136,0.8547,3.180,,,,,,,
76,Left,18,0.0000,0.0000,0.0390,0.0098,-0.0027,0.0337,0.9994,3.180,,,,,,,
76,Left,19,0.0000,0.0000,0.0266,0.0040,0.0293,0.0048,0.9996,3.180,,,,,,,
76,Left,20,-0.0003,0.0016,0.0243,0.0000,0.0000,0.0000,1.0000,3.180,,,,,,,
76,Left,21,-0.0230,-0.0094,0.0341,0.0183,-0.1403,0.2070,0.9680,3.180,,,,,,,
76,Left,22,0.0000,0.0000,0.0457,0.4587,-0.0268,-0.0679,0.8856,3.180,,,,,,,
76,Left,23,0.0000,0.0000,0.0307,0.0242,-0.0415,0.0409,0.9980,3.180,,,,,,,
76,Left,24,0.0000,0.0000,0.0203,0.0045,0.0492,-0.0007,0.9988,3.180,,,,,,,
76,Left,25,0.0002,0.0012,0.0219,0.0000,0.0000,0.0000,1.0000,3.180,,,,,,,
76,Right,0,-0.0007,-0.0061,0.0659,0.0000,0.0000,0.0000,1.0000,3.180,,,,,,,
76,Right,1,0.0000,0.0000,0.0000,0.0000,0.0000,0.0000,1.0000,3.180,0.1945,0.1658,-0.0148,0.4102,0.0973,-0.7124,0.5610
76,Right,2,-0.0223,-0.0240,0.0380,0.1553,-0.3679,0.7079,0.5826,3.180,,,,,,,
76,Right,3,0.0000,0.0000,0.0325,0.1491,0.0570,-0.0826,0.9837,3.180,,,,,,,
76,Right,4,0.0000,0.0000,0.0338,-0.0684,-0.0658,0.0837,0.9920,3.180,,,,,,,
76,Right,5,0.0007,0.0010,0.0246,0.0000,0.0000,0.0000,1.0000,3.180,,,,,,,
76,Right,6,-0.0159,-0.0135,0.0382,0.0000,0.0000,0.0000,1.0000,3.180,,,,,,,
76,Right,7,-0.0077,0.0061,0.0578,0.4601,0.0781,0.0109,0.8844,3.180,,,,,,,
76,Right,8,0.0000,0.0000,0.0379,0.2209,0.0013,-0.0263,0.9749,3.180,,,,,,,
76,Right,9,0.0000,0.0000,0.0243,0.0705,0.0248,-0.0168,0.9971,3.180,,,,,,,
76,Right,10,0.0003,0.0010,0.0224,0.0000,0.0000,0.0000,1.0000,3.180,,,,,,,
76,Right,11,0.0003,-0.0096,0.0361,0.0000,0.0000,0.0000,1.0000,3.180,,,,,,,
76,Right,12,-0.0021,0.0071,0.0596,0.5162,0.0507,-0.0350,0.8542,3.180,,,,,,,
76,Right,13,0.0000,0.0000,0.0429,0.2021,0.0020,-0.0123,0.9793,3.180,,,,,,,
76,Right,14,0.0000,0.0000,0.0275,0.0602,-0.0021,-0.0494,0.9970,3.180,,,,,,,
76,Right,15,0.0003,0.0011,0.0250,0.0000,0.0000,0.0000,1.0000,3.180,,,,,,,
76,Right,16,0.0150,-0.0060,0.0348,0.0000,0.0000,0.0000,1.0000,3.180,,,,,,,
76,Right,17,0.0025,-0.0005,0.0539,0.5114,0.0291,-0.0721,0.8558,3.180,,,,,,,
76,Right,18,0.0000,0.0000,0.0390,0.1767,-0.0030,-0.0374,0.9836,3.180,,,,,,,
76,Right,19,0.0000,0.0000,0.0266,0.1182,-0.0296,-0.0102,0.9925,3.180,,,,,,,
76,Right,20,0.0003,0.0016,0.0243,0.0000,0.0000,0.0000,1.0000,3.180,,,,,,,
76,Right,21,0.0230,-0.0094,0.0341,0.0183,0.1403,-0.2070,0.9680,3.180,,,,,,,
76,Right,22,0.0000,0.0000,0.0457,0.4322,-0.0342,0.0963,0.8960,3.180,,,,,,,
76,Right,23,0.0000,0.0000,0.0307,0.1809,0.0347,-0.0540,0.9814,3.180,,,,,,,
76,Right,24,0.0000,0.0000,0.0203,0.0957,-0.0489,0.0011,0.9942,3.180,,,,,,,
76,Right,25,-0.0002,0.0012,0.0219,0.0000,0.0000,0.0000,1.0000,3.180,,,,,,,
77,Left,0,0.0029,-0.0048,0.0647,0.0000,0.0000,0.0000,1.0000,3.222,,,,,,,
77,Left,1,0.0000,0.0000,0.0000,0.0000,0.0000,0.0000,1.0000,3.222,-0.1009,0.2009,-0.0638,-0.5386,0.6225,-0.5529,0.1297
77,Left,2,0.0312,-0.0141,0.0335,-0.1611,0.3208,-0.5185,0.7760,3.222,,,,,,,
77,Left,3,0.0000,0.0000,0.0325,-0.0087,-0.0709,0.0832,0.9940,3.222,,,,,,,
77,Left,4,0.0000,0.0000,0.0338,-0.1859,0.0746,-0.0851,0.9760,3.222,,,,,,,
77,Left,5,-0.0007,0.0010,0.0246,0.0000,0.0000,0.0000,1.0000,3.222,,,,,,,
77,Left,6,0.0203,-0.0085,0.0360,0.0000,0.0000,0.0000,1.0000,3.222,,,,,,,
77,Left,7,0.0032,0.0012,0.0600,0.3119,-0.1475,0.0008,0.9386,3.222,,,,,,,
77,Left,8,0.0000,0.0000,0.0379,0.1475,-0.0033,0.0263,0.9887,3.222,,,,,,,
77,Left,9,0.0000,0.0000,0.0243,0.0106,-0.0259,0.0165,0.9995,3.222,,,,,,,
77,Left,10,-0.0003,0.0010,0.0224,0.0000,0.0000,0.0000,1.0000,3.222,,,,,,,
77,Left,11,0.0041,-0.0072,0.0338,0.0000,0.0000,0.0000,1.0000,3.222,,,,,,,
77,Left,12,-0.0024,0.0046,0.0618,0.4450,-0.1408,0.0706,0.8816,3.222,,,,,,,
77,Left,13,0.0000,0.0000,0.0429,0.0894,-0.0033,0.0118,0.9959,3.222,,,,,,,
77,Left,14,0.0000,0.0000,0.0275,-0.0393,-0.0023,0.0397,0.9984,3.222,,,,,,,
77,Left,15,-0.0003,0.0011,0.0250,0.0000,0.0000,0.0000,1.0000,3.222,,,,,,,
77,Left,16,-0.0150,-0.0060,0.0348,0.0000,0.0000,0.0000,1.0000,3.222,,,,,,,
77,Left,17,-0.0025,-0.0005,0.0539,0.4927,-0.1146,0.1139,0.8551,3.222,,,,,,,
77,Left,18,0.0000,0.0000,0.0390,0.0094,-0.0027,0.0337,0.9994,3.222,,,,,,,
77,Left,19,0.0000,0.0000,0.0266,0.0037,0.0293,0.0048,0.9996,3.222,,,,,,,
77,Left,20,-0.0003,0.0016,0.0243,0.0000,0.0000,0.0000,1.0000,3.222,,,,,,,
77,Left,21,-0.0230,-0.0094,0.0341,0.0183,-0.1403,0.2070,0.9680,3.222,,,,,,,
77,Left,22,0.0000,0.0000,0.0457,0.4586,-0.0267,-0.0680,0.8856,3.222,,,,,,,
77,Left,23,0.0000,0.0000,0.0307,0.0231,-0.0415,0.0408,0.9980,3.222,,,,,,,
77,Left,24,0.0000,0.0000,0.0203,0.0045,0.0492,-0.0007,0.9988,3.222,,,,,,,
77,Left,25,0.0002,0.0012,0.0219,0.0000,0.0000,0.0000,1.0000,3.222,,,,,,,
77,Right,0,-0.0007,-0.0061,0.0658,0.0000,0.0000,0.0000,1.0000,3.222,,,,,,,
77,Right,1,0.0000,0.0000,0.0000,0.0000,0.0000,0.0000,1.0000,3.222,0.1944,0.1659,-0.0150,0.4105,0.0959,-0.7110,0.5629
77,Right,2,-0.0224,-0.0239,0.0380,0.1527,-0.3688,0.7066,0.5843,3.222,,,,,,,
77,Right,3,0.0000,0.0000,0.0325,0.1489,0.0570,-0.0826,0.9837,3.222,,,,,,,
77,Right,4,0.0000,0.0000,0.0338,-0.0640,-0.0655,0.0836,0.9923,3.222,,,,,,,
77,Right,5,0.0007,0.0010,0.0246,0.0000,0.0000,0.0000,1.0000,3.222,,,,,,,
77,Right,6,-0.0159,-0.0134,0.0382,0.0000,0.0000,0.0000,1.0000,3.222,,,,,,,
77,Right,7,-0.0076,0.0061,0.0578,0.4596,0.0779,0.0111,0.8846,3.222,,,,,,,
77,Right,8,0.0000,0.0000,0.0379,0.2217,0.0013,-0.0263,0.9747,3.222,,,,,,,
77,Right,9,0.0000,0.0000,0.0243,0.0714,0.0248,-0.0168,0.9970,3.222,,,,,,,
77,Right,10,0.0003,0.0010,0.0224,0.0000,0.0000,0.0000,1.0000,3.222,,,,,,,
77,Right,11,0.0003,-0.0096,0.0360,0.0000,0.0000,0.0000,1.0000,3.222,,,,,,,
77,Right,12,-0.0020,0.0071,0.0596,0.5156,0.0505,-0.0349,0.8546,3.222,,,,,,,
77,Right,13,0.0000,0.0000,0.0429,0.2027,0.0020,-0.0123,0.9792,3.222,,,,,,,
77,Right,14,0.0000,0.0000,0.0275,0.0616,-0.0021,-0.0496,0.9969,3.222,,,,,,,
77,Right,15,0.0003,0.0011,0.0250,0.0000,0.0000,0.0000,1.0000,3.222,,,,,,,
77,Right,16,0.0150,-0.0060,0.0348,0.0000,0.0000,0.0000,1.0000,3.222,,,,,,,
77,Right,17,0.0025,-0.0005,0.0539,0.5109,0.0295,-0.0723,0.8561,3.222,,,,,,,
77,Right,18,0.0000,0.0000,0.0390,0.1769,-0.0030,-0.0374,0.9835,3.222,,,,,,,
77,Right,19,0.0000,0.0000,0.0266,0.1189,-0.0296,-0.0102,0.9924,3.222,,,,,,,
77,Right,20,0.0003,0.0016,0.0243,0.0000,0.0000,0.0000,1.0000,3.222,,,,,,,
77,Right,21,0.0230,-0.0094,0.0341,0.0183,0.1403,-0.2070,0.9680,3.222,,,,,,,
77,Right,22,0.0000,0.0000,0.0457,0.4320,-0.0337,0.0961,0.8961,3.222,,,,,,,
77,Right,23,0.0000,0.0000,0.0307,0.1821,0.0346,-0.0541,0.9812,3.222,,,,,,,
77,Right,24,0.0000,0.0000,0.0203,0.0961,-0.0489,0.0011,0.9942,3.222,,,,,,,
77,Right,25,-0.0002,0.0012,0.0219,0.0000,0.0000,0.0000,1.0000,3.222,,,,,,,
78,Left,0,0.0029,-0.0048,0.0647,0.0000,0.0000,0.0000,1.0000,3.263,,,,,,,
78,Left,1,0.0000,0.0000,0.0000,0.0000,0.0000,0.0000,1.0000,3.263,-0.1011,0.2006,-0.0639,-0.5394,0.6217,-0.5529,0.1297
78,Left,2,0.0312,-0.0141,0.0335,-0.1607,0.3220,-0.5184,0.7757,3.263,,,,,,,
78,Left,3,0.0000,0.0000,0.0325,-0.0087,-0.0709,0.0832,0.9940,3.263,,,,,,,
78,Left,4,0.0000,0.0000,0.0338,-0.1859,0.0746,-0.0851,0.9760,3.263,,,,,,,
78,Left,5,-0.0007,0.0010,0.0246,0.0000,0.0000,0.0000,1.0000,3.263,,,,,,,
78,Left,6,0.0203,-0.0085,0.0360,0.0000,0.0000,0.0000,1.0000,3.263,,,,,,,
78,Left,7,0.0032,0.0012,0.0600,0.3119,-0.1477,0.0009,0.9386,3.263,,,,,,,
78,Left,8,0.0000,0.0000,0.0379,0.1479,-0.0033,0.0263,0.9886,3.263,,,,,,,
78,Left,9,0.0000,0.0000,0.0243,0.0113,-0.0258,0.0165,0.9995,3.263,,,,,,,
78,Left,10,-0.0003,0.0010,0.0224,0.0000,0.0000,0.0000,1.0000,3.263,,,,,,,
78,Left,11,0.0041,-0.0071,0.0338,0.0000,0.0000,0.0000,1.0000,3.263,,,,,,,
78,Left,12,-0.0024,0.0046,0.0619,0.4444,-0.1416,0.0708,0.8817,3.263,,,,,,,
78,Left,13,0.0000,0.0000,0.0429,0.0892,-0.0033,0.0118,0.9959,3.263,,,,,,,
78,Left,14,0.0000,0.0000,0.0275,-0.0392,-0.0023,0.0398,0.9984,3.263,,,,,,,
78,Left,15,-0.0003,0.0011,0.0250,0.0000,0.0000,0.0000,1.0000,3.263,,,,,,,
78,Left,16,-0.0150,-0.0060,0.0348,0.0000,0.0000,0.0000,1.0000,3.263,,,,,,,
78,Left,17,-0.0025,-0.0005,0.0539,0.4916,-0.1157,0.1143,0.8555,3.263,,,,,,,
78,Left,18,0.0000,0.0000,0.0390,0.0091,-0.0027,0.0337,0.9994,3.263,,,,,,,
78,Left,19,0.0000,0.0000,0.0266,0.0036,0.0293,0.0048,0.9996,3.263,,,,,,,
78,Left,20,-0.0003,0.0016,0.0243,0.0000,0.0000,0.0000,1.0000,3.263,,,,,,,
78,Left,21,-0.0230,-0.0094,0.0341,0.0183,-0.1403,0.2070,0.9680,3.263,,,,,,,
78,Left,22,0.0000,0.0000,0.0457,0.4581,-0.0269,-0.0679,0.8859,3.263,,,,,,,
78,Left,23,0.0000,0.0000,0.0307,0.0212,-0.0416,0.0406,0.9981,3.263,,,,,,,
78,Left,24,0.0000,0.0000,0.0203,0.0045,0.0492,-0.0007,0.9988,3.263,,,,,,,
78,Left,25,0.0002,0.0012,0.0219,0.0000,0.0000,0.0000,1.0000,3.263,,,,,,,
78,Right,0,-0.0007,-0.0061,0.0658,0.0000,0.0000,0.0000,1.0000,3.263,,,,,,,
78,Right,1,0.0000,0.0000,0.0000,0.0000,0.0000,0.0000,1.0000,3.263,0.1944,0.1659,-0.0149,0.4085,0.0923,-0.7091,0.5673
78,Right,2,-0.0225,-0.0239,0.0380,0.1508,-0.3683,0.7063,0.5855,3.263,,,,,,,
78,Right,3,0.0000,0.0000,0.0325,0.1487,0.0570,-0.0826,0.9838,3.263,,,,,,,
78,Right,4,0.0000,0.0000,0.0338,-0.0632,-0.0654,0.0836,0.9923,3.263,,,,,,,
78,Right,5,0.0007,0.0010,0.0246,0.0000,0.0000,0.0000,1.0000,3.263,,,,,,,
78,Right,6,-0.0160,-0.0134,0.0382,0.0000,0.0000,0.0000,1.0000,3.263,,,,,,,
78,Right,7,-0.0076,0.0061,0.0578,0.4587,0.0780,0.0110,0.8851,3.263,,,,,,,
78,Right,8,0.0000,0.0000,0.0379,0.2231,0.0013,-0.0263,0.9744,3.263,,,,,,,
78,Right,9,0.0000,0.0000,0.0243,0.0724,0.0248,-0.0168,0.9969,3.263,,,,,,,
78,Right,10,0.0003,0.0010,0.0224,0.0000,0.0000,0.0000,1.0000,3.263,,,,,,,
78,Right,11,0.0003,-0.0096,0.0360,0.0000,0.0000,0.0000,1.0000,3.263,,,,,,,
78,Right,12,-0.0020,0.0071,0.0596,0.5149,0.0505,-0.0348,0.8550,3.263,,,,,,,
78,Right,13,0.0000,0.0000,0.0429,0.2033,0.0020,-0.0123,0.9790,3.263,,,,,,,
78,Right,14,0.0000,0.0000,0.0275,0.0625,-0.0022,-0.0497,0.9968,3.263,,,,,,,
78,Right,15,0.0003,0.0011,0.0250,0.0000,0.0000,0.0000,1.0000,3.263,,,,,,,
78,Right,16,0.0150,-0.0060,0.0348,0.0000,0.0000,0.0000,1.0000,3.263,,,,,,,
78,Right,17,0.0025,-0.0005,0.0539,0.5101,0.0299,-0.0724,0.8565,3.263,,,,,,,
78,Right,18,0.0000,0.0000,0.0390,0.1771,-0.0030,-0.0374,0.9835,3.263,,,,,,,
78,Right,19,0.0000,0.0000,0.0266,0.1193,-0.0296,-0.0102,0.9924,3.263,,,,,,,
78,Right,20,0.0003,0.0016,0.0243,0.0000,0.0000,0.0000,1.0000,3.263,,,,,,,
78,Right,21,0.0230,-0.0094,0.0341,0.0183,0.1403,-0.2070,0.9680,3.263,,,,,,,
78,Right,22,0.0000,0.0000,0.0457,0.4315,-0.0333,0.0959,0.8964,3.263,,,,,,,
78,Right,23,0.0000,0.0000,0.0307,0.1828,0.0346,-0.0542,0.9810,3.263,,,,,,,
78,Right,24,0.0000,0.0000,0.0203,0.0965,-0.0489,0.0011,0.9941,3.263,,,,,,,
78,Right,25,-0.0002,0.0012,0.0219,0.0000,0.0000,0.0000,1.0000,3.263,,,,,,,
79,Left,0,0.0029,-0.0048,0.0647,0.0000,0.0000,0.0000,1.0000,3.310,,,,,,,
79,Left,1,0.0000,0.0000,0.0000,0.0000,0.0000,0.0000,1.0000,3.310,-0.1007,0.2009,-0.0633,-0.5398,0.6211,-0.5532,0.1300
79,Left,2,0.0312,-0.0141,0.0335,-0.1599,0.3225,-0.5192,0.7752,3.310,,,,,,,
79,Left,3,0.0000,0.0000,0.0325,-0.0090,-0.0710,0.0832,0.9940,3.310,,,,,,,
79,Left,4,0.0000,0.0000,0.0338,-0.1859,0.0746,-0.0851,0.9760,3.310,,,,,,,
79,Left,5,-0.0007,0.0010,0.0246,0.0000,0.0000,0.0000,1.0000,3.310,,,,,,,
79,Left,6,0.0203,-0.0085,0.0360,0.0000,0.0000,0.0000,1.0000,3.310,,,,,,,
79,Left,7,0.0032,0.0012,0.0600,0.3123,-0.1476,0.0009,0.9385,3.310,,,,,,,
79,Left,8,0.0000,0.0000,0.0379,0.1476,-0.0033,0.0263,0.9887,3.310,,,,,,,
79,Left,9,0.0000,0.0000,0.0243,0.0112,-0.0258,0.0165,0.9995,3.310,,,,,,,
79,Left,10,-0.0003,0.0010,0.0224,0.0000,0.0000,0.0000,1.0000,3.310,,,,,,,
79,Left,11,0.0041,-0.0072,0.0338,0.0000,0.0000,0.0000,1.0000,3.310,,,,,,,
79,Left,12,-0.0024,0.0046,0.0618,0.4434,-0.1405,0.0701,0.8824,3.310,,,,,,,
79,Left,13,0.0000,0.0000,0.0429,0.0882,-0.0033,0.0118,0.9960,3.310,,,,,,,
79,Left,14,0.0000,0.0000,0.0275,-0.0388,-0.0022,0.0398,0.9985,3.310,,,,,,,
79,Left,15,-0.0003,0.0011,0.0250,0.0000,0.0000,0.0000,1.0000,3.310,,,,,,,
79,Left,16,-0.0150,-0.0060,0.0348,0.0000,0.0000,0.0000,1.0000,3.310,,,,,,,
79,Left,17,-0.0025,-0.0005,0.0539,0.4911,-0.1160,0.1143,0.8558,3.310,,,,,,,
79,Left,18,0.0000,0.0000,0.0390,0.0087,-0.0027,0.0337,0.9994,3.310,,,,,,,
79,Left,19,0.0000,0.0000,0.0266,0.0035,0.0293,0.0048,0.9996,3.310,,,,,,,
79,Left,20,-0.0003,0.0016,0.0243,0.0000,0.0000,0.0000,1.0000,3.310,,,,,,,
79,Left,21,-0.0230,-0.0094,0.0341,0.0183,-0.1403,0.2070,0.9680,3.310,,,,,,,
79,Left,22,0.0000,0.0000,0.0457,0.4581,-0.0272,-0.0677,0.8859,3.310,,,,,,,
79,Left,23,0.0000,0.0000,0.0307,0.0203,-0.0416,0.0406,0.9981,3.310,,,,,,,
79,Left,24,0.0000,0.0000,0.0203,0.0047,0.0492,-0.0007,0.9988,3.310,,,,,,,
79,Left,25,0.0002,0.0012,0.0219,0.0000,0.0000,0.0000,1.0000,3.310,,,,,,,
79,Right,0,-0.0008,-0.0061,0.0658,0.0000,0.0000,0.0000,1.0000,3.310,,,,,,,
79,Right,1,0.0000,0.0000,0.0000,0.0000,0.0000,0.0000,1.0000,3.310,0.1942,0.1665,-0.0154,0.4107,0.0937,-0.7063,0.5689
79,Right,2,-0.0226,-0.0239,0.0380,0.1497,-0.3691,0.7055,0.5862,3.310,,,,,,,
79,Right,3,0.0000,0.0000,0.0325,0.1481,0.0571,-0.0826,0.9839,3.310,,,,,,,
79,Right,4,0.0000,0.0000,0.0338,-0.0623,-0.0653,0.0836,0.9924,3.310,,,,,,,
79,Right,5,0.0007,0.0010,0.0246,0.0000,0.0000,0.0000,1.0000,3.310,,,,,,,
79,Right,6,-0.0160,-0.0134,0.0382,0.0000,0.0000,0.0000,1.0000,3.310,,,,,,,
79,Right,7,-0.0076,0.0061,0.0578,0.4582,0.0779,0.0111,0.8853,3.310,,,,,,,
79,Right,8,0.0000,0.0000,0.0379,0.2239,0.0012,-0.0263,0.9742,3.310,,,,,,,
79,Right,9,0.0000,0.0000,0.0243,0.0731,0.0248,-0.0168,0.9969,3.310,,,,,,,
79,Right,10,0.0003,0.0010,0.0224,0.0000,0.0000,0.0000,1.0000,3.310,,,,,,,
79,Right,11,0.0002,-0.0096,0.0360,0.0000,0.0000,0.0000,1.0000,3.310,,,,,,,
79,Right,12,-0.0019,0.0070,0.0596,0.5143,0.0506,-0.0348,0.8554,3.310,,,,,,,
79,Right,13,0.0000,0.0000,0.0429,0.2036,0.0020,-0.0123,0.9790,3.310,,,,,,,
79,Right,14,0.0000,0.0000,0.0275,0.0632,-0.0022,-0.0497,0.9968,3.310,,,,,,,
79,Right,15,0.0003,0.0011,0.0250,0.0000,0.0000,0.0000,1.0000,3.310,,,,,,,
79,Right,16,0.0150,-0.0060,0.0348,0.0000,0.0000,0.0000,1.0000,3.310,,,,,,,
79,Right,17,0.0025,-0.0005,0.0539,0.5098,0.0301,-0.0725,0.8567,3.310,,,,,,,
79,Right,18,0.0000,0.0000,0.0390,0.1767,-0.0030,-0.0374,0.9835,3.310,,,,,,,
79,Right,19,0.0000,0.0000,0.0266,0.1196,-0.0296,-0.0102,0.9923,3.310,,,,,,,
79,Right,20,0.0003,0.0016,0.0243,0.0000,0.0000,0.0000,1.0000,3.310,,,,,,,
79,Right,21,0.0230,-0.0094,0.0341,0.0183,0.1403,-0.2070,0.9680,3.310,,,,,,,
79,Right,22,0.0000,0.0000,0.0457,0.4311,-0.0332,0.0958,0.8966,3.310,,,,,,,
79,Right,23,0.0000,0.0000,0.0307,0.1833,0.0346,-0.0542,0.9809,3.310,,,,,,,
79,Right,24,0.0000,0.0000,0.0203,0.0968,-0.0489,0.0011,0.9941,3.310,,,,,,,
79,Right,25,-0.0002,0.0012,0.0219,0.0000,0.0000,0.0000,1.0000,3.310,,,,,,,
80,Left,0,0.0029,-0.0049,0.0647,0.0000,0.0000,0.0000,1.0000,3.350,,,,,,,
80,Left,1,0.0000,0.0000,0.0000,0.0000,0.0000,0.0000,1.0000,3.350,-0.1008,0.2007,-0.0631,-0.5413,0.6203,-0.5530,0.1285
80,Left,2,0.0312,-0.0142,0.0336,-0.1589,0.3223,-0.5203,0.7747,3.350,,,,,,,
80,Left,3,0.0000,0.0000,0.0325,-0.0088,-0.0709,0.0832,0.9940,3.350,,,,,,,
80,Left,4,0.0000,0.0000,0.0338,-0.1859,0.0746,-0.0851,0.9760,3.350,,,,,,,
80,Left,5,-0.0007,0.0010,0.0246,0.0000,0.0000,0.0000,1.0000,3.350,,,,,,,
80,Left,6,0.0203,-0.0086,0.0360,0.0000,0.0000,0.0000,1.0000,3.350,,,,,,,
80,Left,7,0.0032,0.0012,0.0600,0.3105,-0.1474,0.0006,0.9391,3.350,,,,,,,
80,Left,8,0.0000,0.0000,0.0379,0.1483,-0.0033,0.0263,0.9886,3.350,,,,,,,
80,Left,9,0.0000,0.0000,0.0243,0.0119,-0.0258,0.0165,0.9995,3.350,,,,,,,
80,Left,10,-0.0003,0.0010,0.0224,0.0000,0.0000,0.0000,1.0000,3.350,,,,,,,
80,Left,11,0.0041,-0.0072,0.0338,0.0000,0.0000,0.0000,1.0000,3.350,,,,,,,
80,Left,12,-0.0024,0.0046,0.0618,0.4423,-0.1410,0.0702,0.8829,3.350,,,,,,,
80,Left,13,0.0000,0.0000,0.0429,0.0885,-0.0033,0.0118,0.9960,3.350,,,,,,,
80,Left,14,0.0000,0.0000,0.0275,-0.0380,-0.0022,0.0399,0.9985,3.350,,,,,,,
80,Left,15,-0.0003,0.0011,0.0250,0.0000,0.0000,0.0000,1.0000,3.350,,,,,,,
80,Left,16,-0.0150,-0.0060,0.0348,0.0000,0.0000,0.0000,1.0000,3.350,,,,,,,
80,Left,17,-0.0025,-0.0005,0.0539,0.4907,-0.1170,0.1147,0.8558,3.350,,,,,,,
80,Left,18,0.0000,0.0000,0.0390,0.0084,-0.0027,0.0337,0.9994,3.350,,,,,,,
80,Left,19,0.0000,0.0000,0.0266,0.0037,0.0293,0.0048,0.9996,3.350,,,,,,,
80,Left,20,-0.0003,0.0016,0.0243,0.0000,0.0000,0.0000,1.0000,3.350,,,,,,,
80,Left,21,-0.0230,-0.0094,0.0341,0.0183,-0.1403,0.2070,0.9680,3.350,,,,,,,
80,Left,22,0.0000,0.0000,0.0457,0.4592,-0.0277,-0.0674,0.8853,3.350,,,,,,,
80,Left,23,0.0000,0.0000,0.0307,0.0197,-0.0416,0.0405,0.9981,3.350,,,,,,,
80,Left,24,0.0000,0.0000,0.0203,0.0045,0.0492,-0.0007,0.9988,3.350,,,,,,,
80,Left,25,0.0002,0.0012,0.0219,0.0000,0.0000,0.0000,1.0000,3.350,,,,,,,
80,Right,0,-0.0008,-0.0061,0.0658,0.0000,0.0000,0.0000,1.0000,3.350,,,,,,,
80,Right,1,0.0000,0.0000,0.0000,0.0000,0.0000,0.0000,1.0000,3.350,0.1943,0.1669,-0.0149,0.4111,0.0934,-0.7061,0.5689
80,Right,2,-0.0226,-0.0238,0.0380,0.1484,-0.3685,0.7054,0.5870,3.350,,,,,,,
80,Right,3,0.0000,0.0000,0.0325,0.1478,0.0571,-0.0826,0.9839,3.350,,,,,,,
80,Right,4,0.0000,0.0000,0.0338,-0.0615,-0.0653,0.0836,0.9925,3.350,,,,,,,
80,Right,5,0.0007,0.0010,0.0246,0.0000,0.0000,0.0000,1.0000,3.350,,,,,,,
80,Right,6,-0.0160,-0.0134,0.0382,0.0000,0.0000,0.0000,1.0000,3.350,,,,,,,
80,Right,7,-0.0076,0.0061,0.0578,0.4574,0.0780,0.0111,0.8858,3.350,,,,,,,
80,Right,8,0.0000,0.0000,0.0379,0.2243,0.0012,-0.0263,0.9742,3.350,,,,,,,
80,Right,9,0.0000,0.0000,0.0243,0.0731,0.0248,-0.0168,0.9969,3.350,,,,,,,
80,Right,10,0.0003,0.0010,0.0224,0.0000,0.0000,0.0000,1.0000,3.350,,,,,,,
80,Right,11,0.0002,-0.0096,0.0360,0.0000,0.0000,0.0000,1.0000,3.350,,,,,,,
80,Right,12,-0.0019,0.0070,0.0596,0.5139,0.0506,-0.0348,0.8556,3.350,,,,,,,
80,Right,13,0.0000,0.0000,0.0429,0.2040,0.0020,-0.0123,0.9789,3.350,,,,,,,
80,Right,14,0.0000,0.0000,0.0275,0.0636,-0.0022,-0.0498,0.9967,3.350,,,,,,,
80,Right,15,0.0003,0.0011,0.0250,0.0000,0.0000,0.0000,1.0000,3.350,,,,,,,
80,Right,16,0.0150,-0.0060,0.0348,0.0000,0.0000,0.0000,1.0000,3.350,,,,,,,
80,Right,17,0.0025,-0.0005,0.0539,0.5098,0.0304,-0.0727,0.8567,3.350,,,,,,,
80,Right,18,0.0000,0.0000,0.0390,0.1769,-0.0030,-0.0374,0.9835,3.350,,,,,,,
80,Right,19,0.0000,0.0000,0.0266,0.1197,-0.0296,-0.0102,0.9923,3.350,,,,,,,
80,Right,20,0.0003,0.0016,0.0243,0.0000,0.0000,0.0000,1.0000,3.350,,,,,,,
80,Right,21,0.0230,-0.0094,0.0341,0.0183,0.1403,-0.2070,0.9680,3.350,,,,,,,
80,Right,22,0.0000,0.0000,0.0457,0.4314,-0.0327,0.0956,0.8965,3.350,,,,,,,
80,Right,23,0.0000,0.0000,0.0307,0.1836,0.0346,-0.0542,0.9809,3.350,,,,,,,
80,Right,24,0.0000,0.0000,0.0203,0.0965,-0.0489,0.0011,0.9941,3.350,,,,,,,
80,Right,25,-0.0002,0.0012,0.0219,0.0000,0.0000,0.0000,1.0000,3.350,,,,,,,
81,Left,0,0.0029,-0.0049,0.0647,0.0000,0.0000,0.0000,1.0000,3.392,,,,,,,
81,Left,1,0.0000,0.0000,0.0000,0.0000,0.0000,0.0000,1.0000,3.392,-0.1011,0.2006,-0.0633,-0.5419,0.6207,-0.5517,0.1290
81,Left,2,0.0312,-0.0142,0.0336,-0.1582,0.3237,-0.5205,0.7741,3.392,,,,,,,
81,Left,3,0.0000,0.0000,0.0325,-0.0090,-0.0710,0.0832,0.9940,3.392,,,,,,,
81,Left,4,0.0000,0.0000,0.0338,-0.1860,0.0746,-0.0851,0.9760,3.392,,,,,,,
81,Left,5,-0.0007,0.0010,0.0246,0.0000,0.0000,0.0000,1.0000,3.392,,,,,,,
81,Left,6,0.0203,-0.0085,0.0360,0.0000,0.0000,0.0000,1.0000,3.392,,,,,,,
81,Left,7,0.0032,0.0012,0.0600,0.3068,-0.1471,0.0001,0.9404,3.392,,,,,,,
81,Left,8,0.0000,0.0000,0.0379,0.1492,-0.0033,0.0263,0.9884,3.392,,,,,,,
81,Left,9,0.0000,0.0000,0.0243,0.0130,-0.0258,0.0165,0.9994,3.392,,,,,,,
81,Left,10,-0.0003,0.0010,0.0224,0.0000,0.0000,0.0000,1.0000,3.392,,,,,,,
81,Left,11,0.0041,-0.0072,0.0338,0.0000,0.0000,0.0000,1.0000,3.392,,,,,,,
81,Left,12,-0.0024,0.0046,0.0618,0.4408,-0.1419,0.0702,0.8835,3.392,,,,,,,
81,Left,13,0.0000,0.0000,0.0429,0.0883,-0.0033,0.0118,0.9960,3.392,,,,,,,
81,Left,14,0.0000,0.0000,0.0275,-0.0376,-0.0022,0.0399,0.9985,3.392,,,,,,,
81,Left,15,-0.0003,0.0011,0.0250,0.0000,0.0000,0.0000,1.0000,3.392,,,,,,,
81,Left,16,-0.0150,-0.0060,0.0348,0.0000,0.0000,0.0000,1.0000,3.392,,,,,,,
81,Left,17,-0.0025,-0.0005,0.0539,0.4901,-0.1181,0.1152,0.8559,3.392,,,,,,,
81,Left,18,0.0000,0.0000,0.0390,0.0082,-0.0027,0.0337,0.9994,3.392,,,,,,,
81,Left,19,0.0000,0.0000,0.0266,0.0038,0.0293,0.0048,0.9996,3.392,,,,,,,
81,Left,20,-0.0003,0.0016,0.0243,0.0000,0.0000,0.0000,1.0000,3.392,,,,,,,
81,Left,21,-0.0230,-0.0094,0.0341,0.0183,-0.1403,0.2070,0.9680,3.392,,,,,,,
81,Left,22,0.0000,0.0000,0.0457,0.4601,-0.0279,-0.0673,0.8849,3.392,,,,,,,
81,Left,23,0.0000,0.0000,0.0307,0.0189,-0.0417,0.0404,0.9981,3.392,,,,,,,
81,Left,24,0.0000,0.0000,0.0203,0.0043,0.0492,-0.0007,0.9988,3.392,,,,,,,
81,Left,25,0.0002,0.0012,0.0219,0.0000,0.0000,0.0000,1.0000,3.392,,,,,,,
81,Right,0,-0.0008,-0.0061,0.0658,0.0000,0.0000,0.0000,1.0000,3.392,,,,,,,
81,Right,1,0.0000,0.0000,0.0000,0.0000,0.0000,0.0000,1.0000,3.392,0.1944,0.1671,-0.0152,0.4127,0.0936,-0.7053,0.5687
81,Right,2,-0.0226,-0.0238,0.0380,0.1477,-0.3681,0.7054,0.5875,3.392,,,,,,,
81,Right,3,0.0000,0.0000,0.0325,0.1463,0.0573,-0.0826,0.9841,3.392,,,,,,,
81,Right,4,0.0000,0.0000,0.0338,-0.0614,-0.0653,0.0836,0.9925,3.392,,,,,,,
81,Right,5,0.0007,0.0010,0.0246,0.0000,0.0000,0.0000,1.0000,3.392,,,,,,,
81,Right,6,-0.0160,-0.0134,0.0382,0.0000,0.0000,0.0000,1.0000,3.392,,,,,,,
81,Right,7,-0.0075,0.0061,0.0578,0.4575,0.0777,0.0112,0.8857,3.392,,,,,,,
81,Right,8,0.0000,0.0000,0.0379,0.2228,0.0013,-0.0263,0.9745,3.392,,,,,,,
81,Right,9,0.0000,0.0000,0.0243,0.0722,0.0248,-0.0168,0.9969,3.392,,,,,,,
81,Right,10,0.0003,0.0010,0.0224,0.0000,0.0000,0.0000,1.0000,3.392,,,,,,,
81,Right,11,0.0002,-0.0096,0.0360,0.0000,0.0000,0.0000,1.0000,3.392,,,,,,,
81,Right,12,-0.0019,0.0070,0.0596,0.5141,0.0506,-0.0348,0.8555,3.392,,,,,,,
81,Right,13,0.0000,0.0000,0.0429,0.2028,0.0020,-0.0123,0.9791,3.392,,,,,,,
81,Right,14,0.0000,0.0000,0.0275,0.0628,-0.0022,-0.0497,0.9968,3.392,,,,,,,
81,Right,15,0.0003,0.0011,0.0250,0.0000,0.0000,0.0000,1.0000,3.392,,,,,,,
81,Right,16,0.0150,-0.0060,0.0348,0.0000,0.0000,0.0000,1.0000,3.392,,,,,,,
81,Right,17,0.0025,-0.0005,0.0539,0.5101,0.0303,-0.0727,0.8565,3.392,,,,,,,
81,Right,18,0.0000,0.0000,0.0390,0.1760,-0.0030,-0.0374,0.9837,3.392,,,,,,,
81,Right,19,0.0000,0.0000,0.0266,0.1192,-0.0296,-0.0102,0.9924,3.392,,,,,,,
81,Right,20,0.0003,0.0016,0.0243,0.0000,0.0000,0.0000,1.0000,3.392,,,,,,,
81,Right,21,0.0230,-0.0094,0.0341,0.0183,0.1403,-0.2070,0.9680,3.392,,,,,,,
81,Right,22,0.0000,0.0000,0.0457,0.4318,-0.0323,0.0954,0.8963,3.392,,,,,,,
81,Right,23,0.0000,0.0000,0.0307,0.1838,0.0345,-0.0542,0.9809,3.392,,,,,,,
81,Right,24,0.0000,0.0000,0.0203,0.0960,-0.0489,0.0011,0.9942,3.392,,,,,,,
81,Right,25,-0.0002,0.0012,0.0219,0.0000,0.0000,0.0000,1.0000,3.392,,,,,,,
