FrameIndex,HandType,JointID,LocalPosX,LocalPosY,LocalPosZ,LocalRotX,LocalRotY,LocalRotZ,LocalRotW,Timestamp,WorldPosX,WorldPosY,WorldPosZ,WorldRotX,WorldRotY,WorldRotZ,WorldRotW
0,Left,0,0.0028,-0.0050,0.0649,0.0000,0.0000,0.0000,1.0000,0.000,,,,,,,
0,Left,1,0.0000,0.0000,0.0000,0.0000,0.0000,0.0000,1.0000,0.000,-0.1661,0.2054,0.0034,-0.5456,0.7345,-0.3163,-0.2505
0,Left,2,0.0306,-0.0153,0.0341,-0.1399,0.3173,-0.5427,0.7650,0.000,,,,,,,
0,Left,3,0.0000,0.0000,0.0325,0.0765,-0.0636,0.0831,0.9916,0.000,,,,,,,
0,Left,4,0.0000,0.0000,0.0338,-0.0667,0.0657,-0.0837,0.9921,0.000,,,,,,,
0,Left,5,-0.0007,0.0010,0.0246,0.0000,0.0000,0.0000,1.0000,0.000,,,,,,,
0,Left,6,0.0200,-0.0091,0.0363,0.0000,0.0000,0.0000,1.0000,0.000,,,,,,,
0,Left,7,0.0035,0.0018,0.0597,0.1870,-0.0645,-0.0265,0.9799,0.000,,,,,,,
0,Left,8,0.0000,0.0000,0.0379,0.1807,-0.0024,0.0263,0.9832,0.000,,,,,,,
0,Left,9,0.0000,0.0000,0.0243,0.0838,-0.0246,0.0168,0.9960,0.000,,,,,,,
0,Left,10,-0.0003,0.0010,0.0224,0.0000,0.0000,0.0000,1.0000,0.000,,,,,,,
0,Left,11,0.0038,-0.0075,0.0341,0.0000,0.0000,0.0000,1.0000,0.000,,,,,,,
0,Left,12,-0.0021,0.0049,0.0615,0.2666,-0.0996,0.0307,0.9582,0.000,,,,,,,
0,Left,13,0.0000,0.0000,0.0429,0.1379,-0.0028,0.0120,0.9904,0.000,,,,,,,
0,Left,14,0.0000,0.0000,0.0275,0.0273,0.0006,0.0463,0.9986,0.000,,,,,,,
0,Left,15,-0.0003,0.0011,0.0250,0.0000,0.0000,0.0000,1.0000,0.000,,,,,,,
0,Left,16,-0.0150,-0.0060,0.0348,0.0000,0.0000,0.0000,1.0000,0.000,,,,,,,
0,Left,17,-0.0025,-0.0005,0.0539,0.2329,-0.1403,0.0788,0.9591,0.000,,,,,,,
0,Left,18,0.0000,0.0000,0.0390,0.1425,0.0018,0.0367,0.9891,0.000,,,,,,,
0,Left,19,0.0000,0.0000,0.0266,0.0735,0.0296,0.0081,0.9968,0.000,,,,,,,
0,Left,20,-0.0003,0.0016,0.0243,0.0000,0.0000,0.0000,1.0000,0.000,,,,,,,
0,Left,21,-0.0230,-0.0094,0.0341,0.0183,-0.1403,0.2070,0.9680,0.000,,,,,,,
0,Left,22,0.0000,0.0000,0.0457,0.1051,-0.0616,-0.0815,0.9892,0.000,,,,,,,
0,Left,23,0.0000,0.0000,0.0307,0.2125,-0.0332,0.0565,0.9750,0.000,,,,,,,
0,Left,24,0.0000,0.0000,0.0203,0.0664,0.0490,-0.0010,0.9966,0.000,,,,,,,
0,Left,25,0.0002,0.0012,0.0219,0.0000,0.0000,0.0000,1.0000,0.000,,,,,,,
0,Right,0,-0.0010,-0.0060,0.0658,0.0000,0.0000,0.0000,1.0000,0.000,,,,,,,
0,Right,1,0.0000,0.0000,0.0000,0.0000,0.0000,0.0000,1.0000,0.000,0.2131,0.2468,0.0645,0.4550,0.4761,-0.4310,0.6168
0,Right,2,-0.0236,-0.0232,0.0377,0.1135,-0.3635,0.6955,0.6093,0.000,,,,,,,
0,Right,3,0.0000,0.0000,0.0325,0.2199,0.0502,-0.0816,0.9708,0.000,,,,,,,
0,Right,4,0.0000,0.0000,0.0338,0.0133,-0.0592,0.0820,0.9948,0.000,,,,,,,
0,Right,5,0.0007,0.0010,0.0246,0.0000,0.0000,0.0000,1.0000,0.000,,,,,,,
0,Right,6,-0.0165,-0.0130,0.0381,0.0000,0.0000,0.0000,1.0000,0.000,,,,,,,
0,Right,7,-0.0070,0.0057,0.0579,0.3737,0.0480,0.0260,0.9259,0.000,,,,,,,
0,Right,8,0.0000,0.0000,0.0379,0.2817,-0.0004,-0.0262,0.9591,0.000,,,,,,,
0,Right,9,0.0000,0.0000,0.0243,0.1229,0.0238,-0.0169,0.9920,0.000,,,,,,,
0,Right,10,0.0003,0.0010,0.0224,0.0000,0.0000,0.0000,1.0000,0.000,,,,,,,
0,Right,11,-0.0003,-0.0094,0.0359,0.0000,0.0000,0.0000,1.0000,0.000,,,,,,,
0,Right,12,-0.0014,0.0069,0.0598,0.3794,0.0923,-0.0408,0.9197,0.000,,,,,,,
0,Right,13,0.0000,0.0000,0.0429,0.2684,0.0012,-0.0126,0.9632,0.000,,,,,,,
0,Right,14,0.0000,0.0000,0.0275,0.0993,-0.0038,-0.0531,0.9936,0.000,,,,,,,
0,Right,15,0.0003,0.0011,0.0250,0.0000,0.0000,0.0000,1.0000,0.000,,,,,,,
0,Right,16,0.0150,-0.0060,0.0348,0.0000,0.0000,0.0000,1.0000,0.000,,,,,,,
0,Right,17,0.0025,-0.0005,0.0539,0.4012,0.1092,-0.0957,0.9044,0.000,,,,,,,
0,Right,18,0.0000,0.0000,0.0390,0.2347,-0.0050,-0.0385,0.9713,0.000,,,,,,,
0,Right,19,0.0000,0.0000,0.0266,0.1491,-0.0297,-0.0116,0.9883,0.000,,,,,,,
0,Right,20,0.0003,0.0016,0.0243,0.0000,0.0000,0.0000,1.0000,0.000,,,,,,,
0,Right,21,0.0230,-0.0094,0.0341,0.0183,0.1403,-0.2070,0.9680,0.000,,,,,,,
0,Right,22,0.0000,0.0000,0.0457,0.3420,0.0493,0.0641,0.9362,0.000,,,,,,,
0,Right,23,0.0000,0.0000,0.0307,0.2373,0.0320,-0.0585,0.9691,0.000,,,,,,,
0,Right,24,0.0000,0.0000,0.0203,0.1244,-0.0487,0.0012,0.9910,0.000,,,,,,,
0,Right,25,-0.0002,0.0012,0.0219,0.0000,0.0000,0.0000,1.0000,0.000,,,,,,,
1,Left,0,0.0028,-0.0050,0.0649,0.0000,0.0000,0.0000,1.0000,0.042,,,,,,,
1,Left,1,0.0000,0.0000,0.0000,0.0000,0.0000,0.0000,1.0000,0.042,-0.1609,0.2064,-0.0052,-0.5475,0.7348,-0.3333,-0.2219
1,Left,2,0.0306,-0.0154,0.0342,-0.1425,0.3127,-0.5420,0.7669,0.042,,,,,,,
1,Left,3,0.0000,0.0000,0.0325,0.0623,-0.0649,0.0832,0.9925,0.042,,,,,,,
1,Left,4,0.0000,0.0000,0.0338,-0.0661,0.0656,-0.0836,0.9921,0.042,,,,,,,
1,Left,5,-0.0007,0.0010,0.0246,0.0000,0.0000,0.0000,1.0000,0.042,,,,,,,
1,Left,6,0.0200,-0.0092,0.0363,0.0000,0.0000,0.0000,1.0000,0.042,,,,,,,
1,Left,7,0.0035,0.0018,0.0597,0.1931,-0.0778,-0.0243,0.9778,0.042,,,,,,,
1,Left,8,0.0000,0.0000,0.0379,0.1865,-0.0023,0.0263,0.9821,0.042,,,,,,,
1,Left,9,0.0000,0.0000,0.0243,0.0851,-0.0245,0.0168,0.9959,0.042,,,,,,,
1,Left,10,-0.0003,0.0010,0.0224,0.0000,0.0000,0.0000,1.0000,0.042,,,,,,,
1,Left,11,0.0038,-0.0075,0.0341,0.0000,0.0000,0.0000,1.0000,0.042,,,,,,,
1,Left,12,-0.0021,0.0049,0.0615,0.2722,-0.1136,0.0346,0.9549,0.042,,,,,,,
1,Left,13,0.0000,0.0000,0.0429,0.1438,-0.0027,0.0120,0.9895,0.042,,,,,,,
1,Left,14,0.0000,0.0000,0.0275,0.0282,0.0007,0.0464,0.9985,0.042,,,,,,,
1,Left,15,-0.0003,0.0011,0.0250,0.0000,0.0000,0.0000,1.0000,0.042,,,,,,,
1,Left,16,-0.0150,-0.0060,0.0348,0.0000,0.0000,0.0000,1.0000,0.042,,,,,,,
1,Left,17,-0.0025,-0.0005,0.0539,0.2447,-0.1416,0.0808,0.9558,0.042,,,,,,,
1,Left,18,0.0000,0.0000,0.0390,0.1445,0.0019,0.0368,0.9888,0.042,,,,,,,
1,Left,19,0.0000,0.0000,0.0266,0.0746,0.0296,0.0081,0.9967,0.042,,,,,,,
1,Left,20,-0.0003,0.0016,0.0243,0.0000,0.0000,0.0000,1.0000,0.042,,,,,,,
1,Left,21,-0.0230,-0.0094,0.0341,0.0183,-0.1403,0.2070,0.9680,0.042,,,,,,,
1,Left,22,0.0000,0.0000,0.0457,0.1056,-0.0683,-0.0807,0.9888,0.042,,,,,,,
1,Left,23,0.0000,0.0000,0.0307,0.2190,-0.0329,0.0571,0.9735,0.042,,,,,,,
1,Left,24,0.0000,0.0000,0.0203,0.0674,0.0490,-0.0010,0.9965,0.042,,,,,,,
1,Left,25,0.0002,0.0012,0.0219,0.0000,0.0000,0.0000,1.0000,0.042,,,,,,,
1,Right,0,-0.0010,-0.0060,0.0658,0.0000,0.0000,0.0000,1.0000,0.042,,,,,,,
1,Right,1,0.0000,0.0000,0.0000,0.0000,0.0000,0.0000,1.0000,0.042,0.2118,0.2461,0.0633,0.4575,0.4731,-0.4314,0.6171
1,Right,2,-0.0236,-0.0232,0.0377,0.1148,-0.3633,0.6961,0.6085,0.042,,,,,,,
1,Right,3,0.0000,0.0000,0.0325,0.2127,0.0509,-0.0818,0.9724,0.042,,,,,,,
1,Right,4,0.0000,0.0000,0.0338,0.0003,-0.0603,0.0823,0.9948,0.042,,,,,,,
1,Right,5,0.0007,0.0010,0.0246,0.0000,0.0000,0.0000,1.0000,0.042,,,,,,,
1,Right,6,-0.0165,-0.0131,0.0381,0.0000,0.0000,0.0000,1.0000,0.042,,,,,,,
1,Right,7,-0.0071,0.0057,0.0579,0.3729,0.0528,0.0244,0.9260,0.042,,,,,,,
1,Right,8,0.0000,0.0000,0.0379,0.2773,-0.0002,-0.0263,0.9604,0.042,,,,,,,
1,Right,9,0.0000,0.0000,0.0243,0.1210,0.0238,-0.0169,0.9922,0.042,,,,,,,
1,Right,10,0.0003,0.0010,0.0224,0.0000,0.0000,0.0000,1.0000,0.042,,,,,,,
1,Right,11,-0.0003,-0.0094,0.0359,0.0000,0.0000,0.0000,1.0000,0.042,,,,,,,
1,Right,12,-0.0014,0.0069,0.0597,0.3802,0.0933,-0.0412,0.9193,0.042,,,,,,,
1,Right,13,0.0000,0.0000,0.0429,0.2665,0.0012,-0.0126,0.9638,0.042,,,,,,,
1,Right,14,0.0000,0.0000,0.0275,0.0977,-0.0037,-0.0530,0.9938,0.042,,,,,,,
1,Right,15,0.0003,0.0011,0.0250,0.0000,0.0000,0.0000,1.0000,0.042,,,,,,,
1,Right,16,0.0150,-0.0060,0.0348,0.0000,0.0000,0.0000,1.0000,0.042,,,,,,,
1,Right,17,0.0025,-0.0005,0.0539,0.4020,0.1093,-0.0959,0.9040,0.042,,,,,,,
1,Right,18,0.0000,0.0000,0.0390,0.2323,-0.0049,-0.0384,0.9719,0.042,,,,,,,
1,Right,19,0.0000,0.0000,0.0266,0.1456,-0.0297,-0.0114,0.9888,0.042,,,,,,,
1,Right,20,0.0003,0.0016,0.0243,0.0000,0.0000,0.0000,1.0000,0.042,,,,,,,
1,Right,21,0.0230,-0.0094,0.0341,0.0183,0.1403,-0.2070,0.9680,0.042,,,,,,,
1,Right,22,0.0000,0.0000,0.0457,0.3439,0.0381,0.0680,0.9358,0.042,,,,,,,
1,Right,23,0.0000,0.0000,0.0307,0.2258,0.0325,-0.0576,0.9719,0.042,,,,,,,
1,Right,24,0.0000,0.0000,0.0203,0.1233,-0.0487,0.0011,0.9912,0.042,,,,,,,
1,Right,25,-0.0002,0.0012,0.0219,0.0000,0.0000,0.0000,1.0000,0.042,,,,,,,
2,Left,0,0.0028,-0.0050,0.0649,0.0000,0.0000,0.0000,1.0000,0.083,,,,,,,
2,Left,1,0.0000,0.0000,0.0000,0.0000,0.0000,0.0000,1.0000,0.083,-0.1566,0.2045,-0.0163,-0.5420,0.7355,-0.3670,-0.1747
2,Left,2,0.0306,-0.0154,0.0341,-0.1425,0.3129,-0.5419,0.7669,0.083,,,,,,,
2,Left,3,0.0000,0.0000,0.0325,0.0517,-0.0658,0.0832,0.9930,0.083,,,,,,,
2,Left,4,0.0000,0.0000,0.0338,-0.0663,0.0656,-0.0836,0.9921,0.083,,,,,,,
2,Left,5,-0.0007,0.0010,0.0246,0.0000,0.0000,0.0000,1.0000,0.083,,,,,,,
2,Left,6,0.0200,-0.0091,0.0363,0.0000,0.0000,0.0000,1.0000,0.083,,,,,,,
2,Left,7,0.0035,0.0018,0.0597,0.1932,-0.0866,-0.0230,0.9771,0.083,,,,,,,
2,Left,8,0.0000,0.0000,0.0379,0.1873,-0.0022,0.0263,0.9819,0.083,,,,,,,
2,Left,9,0.0000,0.0000,0.0243,0.0860,-0.0245,0.0168,0.9959,0.083,,,,,,,
2,Left,10,-0.0003,0.0010,0.0224,0.0000,0.0000,0.0000,1.0000,0.083,,,,,,,
2,Left,11,0.0038,-0.0075,0.0341,0.0000,0.0000,0.0000,1.0000,0.083,,,,,,,
2,Left,12,-0.0021,0.0049,0.0615,0.2733,-0.1221,0.0368,0.9534,0.083,,,,,,,
2,Left,13,0.0000,0.0000,0.0429,0.1446,-0.0027,0.0121,0.9894,0.083,,,,,,,
2,Left,14,0.0000,0.0000,0.0275,0.0287,0.0007,0.0464,0.9985,0.083,,,,,,,
2,Left,15,-0.0003,0.0011,0.0250,0.0000,0.0000,0.0000,1.0000,0.083,,,,,,,
2,Left,16,-0.0150,-0.0060,0.0348,0.0000,0.0000,0.0000,1.0000,0.083,,,,,,,
2,Left,17,-0.0025,-0.0005,0.0539,0.2489,-0.1437,0.0819,0.9543,0.083,,,,,,,
2,Left,18,0.0000,0.0000,0.0390,0.1448,0.0019,0.0368,0.9888,0.083,,,,,,,
2,Left,19,0.0000,0.0000,0.0266,0.0752,0.0296,0.0082,0.9967,0.083,,,,,,,
2,Left,20,-0.0003,0.0016,0.0243,0.0000,0.0000,0.0000,1.0000,0.083,,,,,,,
2,Left,21,-0.0230,-0.0094,0.0341,0.0183,-0.1403,0.2070,0.9680,0.083,,,,,,,
2,Left,22,0.0000,0.0000,0.0457,0.1062,-0.0686,-0.0806,0.9887,0.083,,,,,,,
2,Left,23,0.0000,0.0000,0.0307,0.2201,-0.0328,0.0571,0.9732,0.083,,,,,,,
2,Left,24,0.0000,0.0000,0.0203,0.0677,0.0490,-0.0010,0.9965,0.083,,,,,,,
2,Left,25,0.0002,0.0012,0.0219,0.0000,0.0000,0.0000,1.0000,0.083,,,,,,,
2,Right,0,-0.0010,-0.0060,0.0658,0.0000,0.0000,0.0000,1.0000,0.083,,,,,,,
2,Right,1,0.0000,0.0000,0.0000,0.0000,0.0000,0.0000,1.0000,0.083,0.2111,0.2458,0.0624,0.4619,0.4704,-0.4324,0.6151
2,Right,2,-0.0235,-0.0232,0.0377,0.1161,-0.3631,0.6968,0.6077,0.083,,,,,,,
2,Right,3,0.0000,0.0000,0.0325,0.2118,0.0510,-0.0818,0.9725,0.083,,,,,,,
2,Right,4,0.0000,0.0000,0.0338,-0.0069,-0.0609,0.0825,0.9947,0.083,,,,,,,
2,Right,5,0.0007,0.0010,0.0246,0.0000,0.0000,0.0000,1.0000,0.083,,,,,,,
2,Right,6,-0.0165,-0.0131,0.0381,0.0000,0.0000,0.0000,1.0000,0.083,,,,,,,
2,Right,7,-0.0071,0.0058,0.0579,0.3724,0.0585,0.0225,0.9260,0.083,,,,,,,
2,Right,8,0.0000,0.0000,0.0379,0.2679,0.0000,-0.0263,0.9631,0.083,,,,,,,
2,Right,9,0.0000,0.0000,0.0243,0.1168,0.0239,-0.0169,0.9927,0.083,,,,,,,
2,Right,10,0.0003,0.0010,0.0224,0.0000,0.0000,0.0000,1.0000,0.083,,,,,,,
2,Right,11,-0.0003,-0.0094,0.0359,0.0000,0.0000,0.0000,1.0000,0.083,,,,,,,
2,Right,12,-0.0015,0.0069,0.0597,0.3809,0.0942,-0.0416,0.9189,0.083,,,,,,,
2,Right,13,0.0000,0.0000,0.0429,0.2630,0.0012,-0.0125,0.9647,0.083,,,,,,,
2,Right,14,0.0000,0.0000,0.0275,0.0954,-0.0036,-0.0528,0.9940,0.083,,,,,,,
2,Right,15,0.0003,0.0011,0.0250,0.0000,0.0000,0.0000,1.0000,0.083,,,,,,,
2,Right,16,0.0150,-0.0060,0.0348,0.0000,0.0000,0.0000,1.0000,0.083,,,,,,,
2,Right,17,0.0025,-0.0005,0.0539,0.4023,0.1091,-0.0959,0.9039,0.083,,,,,,,
2,Right,18,0.0000,0.0000,0.0390,0.2285,-0.0048,-0.0384,0.9728,0.083,,,,,,,
2,Right,19,0.0000,0.0000,0.0266,0.1416,-0.0297,-0.0112,0.9894,0.083,,,,,,,
2,Right,20,0.0003,0.0016,0.0243,0.0000,0.0000,0.0000,1.0000,0.083,,,,,,,
2,Right,21,0.0230,-0.0094,0.0341,0.0183,0.1403,-0.2070,0.9680,0.083,,,,,,,
2,Right,22,0.0000,0.0000,0.0457,0.3448,0.0305,0.0707,0.9355,0.083,,,,,,,
2,Right,23,0.0000,0.0000,0.0307,0.2215,0.0327,-0.0573,0.9729,0.083,,,,,,,
2,Right,24,0.0000,0.0000,0.0203,0.1218,-0.0487,0.0011,0.9914,0.083,,,,,,,
2,Right,25,-0.0002,0.0012,0.0219,0.0000,0.0000,0.0000,1.0000,0.083,,,,,,,
3,Left,0,0.0028,-0.0050,0.0649,0.0000,0.0000,0.0000,1.0000,0.125,,,,,,,
3,Left,1,0.0000,0.0000,0.0000,0.0000,0.0000,0.0000,1.0000,0.125,-0.1559,0.2038,-0.0228,-0.5439,0.7259,-0.3964,-0.1418
3,Left,2,0.0306,-0.0153,0.0341,-0.1431,0.3127,-0.5414,0.7672,0.125,,,,,,,
3,Left,3,0.0000,0.0000,0.0325,0.0505,-0.0659,0.0832,0.9931,0.125,,,,,,,
3,Left,4,0.0000,0.0000,0.0338,-0.0746,0.0663,-0.0838,0.9915,0.125,,,,,,,
3,Left,5,-0.0007,0.0010,0.0246,0.0000,0.0000,0.0000,1.0000,0.125,,,,,,,
3,Left,6,0.0200,-0.0091,0.0363,0.0000,0.0000,0.0000,1.0000,0.125,,,,,,,
3,Left,7,0.0035,0.0018,0.0597,0.1922,-0.0893,-0.0227,0.9770,0.125,,,,,,,
3,Left,8,0.0000,0.0000,0.0379,0.1862,-0.0023,0.0263,0.9822,0.125,,,,,,,
3,Left,9,0.0000,0.0000,0.0243,0.0857,-0.0245,0.0168,0.9959,0.125,,,,,,,
3,Left,10,-0.0003,0.0010,0.0224,0.0000,0.0000,0.0000,1.0000,0.125,,,,,,,
3,Left,11,0.0038,-0.0075,0.0341,0.0000,0.0000,0.0000,1.0000,0.125,,,,,,,
3,Left,12,-0.0021,0.0049,0.0615,0.2737,-0.1256,0.0377,0.9528,0.125,,,,,,,
3,Left,13,0.0000,0.0000,0.0429,0.1424,-0.0027,0.0120,0.9897,0.125,,,,,,,
3,Left,14,0.0000,0.0000,0.0275,0.0278,0.0007,0.0463,0.9985,0.125,,,,,,,
3,Left,15,-0.0003,0.0011,0.0250,0.0000,0.0000,0.0000,1.0000,0.125,,,,,,,
3,Left,16,-0.0150,-0.0060,0.0348,0.0000,0.0000,0.0000,1.0000,0.125,,,,,,,
3,Left,17,-0.0025,-0.0005,0.0539,0.2498,-0.1446,0.0822,0.9539,0.125,,,,,,,
3,Left,18,0.0000,0.0000,0.0390,0.1431,0.0018,0.0368,0.9890,0.125,,,,,,,
3,Left,19,0.0000,0.0000,0.0266,0.0747,0.0296,0.0081,0.9967,0.125,,,,,,,
3,Left,20,-0.0003,0.0016,0.0243,0.0000,0.0000,0.0000,1.0000,0.125,,,,,,,
3,Left,21,-0.0230,-0.0094,0.0341,0.0183,-0.1403,0.2070,0.9680,0.125,,,,,,,
3,Left,22,0.0000,0.0000,0.0457,0.1070,-0.0678,-0.0807,0.9887,0.125,,,,,,,
3,Left,23,0.0000,0.0000,0.0307,0.2200,-0.0328,0.0571,0.9733,0.125,,,,,,,
3,Left,24,0.0000,0.0000,0.0203,0.0677,0.0490,-0.0010,0.9965,0.125,,,,,,,
3,Left,25,0.0002,0.0012,0.0219,0.0000,0.0000,0.0000,1.0000,0.125,,,,,,,
3,Right,0,-0.0010,-0.0060,0.0658,0.0000,0.0000,0.0000,1.0000,0.125,,,,,,,
3,Right,1,0.0000,0.0000,0.0000,0.0000,0.0000,0.0000,1.0000,0.125,0.2102,0.2455,0.0601,0.4667,0.4718,-0.4352,0.6084
3,Right,2,-0.0234,-0.0233,0.0378,0.1172,-0.3627,0.6974,0.6070,0.125,,,,,,,
3,Right,3,0.0000,0.0000,0.0325,0.2118,0.0510,-0.0818,0.9726,0.125,,,,,,,
3,Right,4,0.0000,0.0000,0.0338,-0.0175,-0.0618,0.0827,0.9945,0.125,,,,,,,
3,Right,5,0.0007,0.0010,0.0246,0.0000,0.0000,0.0000,1.0000,0.125,,,,,,,
3,Right,6,-0.0164,-0.0131,0.0381,0.0000,0.0000,0.0000,1.0000,0.125,,,,,,,
3,Right,7,-0.0071,0.0058,0.0579,0.3723,0.0630,0.0209,0.9257,0.125,,,,,,,
3,Right,8,0.0000,0.0000,0.0379,0.2554,0.0004,-0.0263,0.9665,0.125,,,,,,,
3,Right,9,0.0000,0.0000,0.0243,0.1107,0.0241,-0.0169,0.9934,0.125,,,,,,,
3,Right,10,0.0003,0.0010,0.0224,0.0000,0.0000,0.0000,1.0000,0.125,,,,,,,
3,Right,11,-0.0002,-0.0094,0.0359,0.0000,0.0000,0.0000,1.0000,0.125,,,,,,,
3,Right,12,-0.0015,0.0069,0.0597,0.3815,0.0948,-0.0419,0.9186,0.125,,,,,,,
3,Right,13,0.0000,0.0000,0.0429,0.2505,0.0014,-0.0125,0.9680,0.125,,,,,,,
3,Right,14,0.0000,0.0000,0.0275,0.0892,-0.0033,-0.0522,0.9946,0.125,,,,,,,
3,Right,15,0.0003,0.0011,0.0250,0.0000,0.0000,0.0000,1.0000,0.125,,,,,,,
3,Right,16,0.0150,-0.0060,0.0348,0.0000,0.0000,0.0000,1.0000,0.125,,,,,,,
3,Right,17,0.0025,-0.0005,0.0539,0.4022,0.1086,-0.0956,0.9040,0.125,,,,,,,
3,Right,18,0.0000,0.0000,0.0390,0.2258,-0.0047,-0.0383,0.9734,0.125,,,,,,,
3,Right,19,0.0000,0.0000,0.0266,0.1385,-0.0297,-0.0111,0.9899,0.125,,,,,,,
3,Right,20,0.0003,0.0016,0.0243,0.0000,0.0000,0.0000,1.0000,0.125,,,,,,,
3,Right,21,0.0230,-0.0094,0.0341,0.0183,0.1403,-0.2070,0.9680,0.125,,,,,,,
3,Right,22,0.0000,0.0000,0.0457,0.3449,0.0251,0.0726,0.9355,0.125,,,,,,,
3,Right,23,0.0000,0.0000,0.0307,0.2201,0.0328,-0.0571,0.9733,0.125,,,,,,,
3,Right,24,0.0000,0.0000,0.0203,0.1206,-0.0487,0.0011,0.9915,0.125,,,,,,,
3,Right,25,-0.0002,0.0012,0.0219,0.0000,0.0000,0.0000,1.0000,0.125,,,,,,,
4,Left,0,0.0028,-0.0050,0.0649,0.0000,0.0000,0.0000,1.0000,0.167,,,,,,,
4,Left,1,0.0000,0.0000,0.0000,0.0000,0.0000,0.0000,1.0000,0.167,-0.1534,0.2040,-0.0232,-0.5452,0.7142,-0.4239,-0.1142
4,Left,2,0.0307,-0.0153,0.0341,-0.1433,0.3144,-0.5404,0.7672,0.167,,,,,,,
4,Left,3,0.0000,0.0000,0.0325,0.0474,-0.0662,0.0832,0.9932,0.167,,,,,,,
4,Left,4,0.0000,0.0000,0.0338,-0.0923,0.0677,-0.0841,0.9899,0.167,,,,,,,
4,Left,5,-0.0007,0.0010,0.0246,0.0000,0.0000,0.0000,1.0000,0.167,,,,,,,
4,Left,6,0.0200,-0.0091,0.0363,0.0000,0.0000,0.0000,1.0000,0.167,,,,,,,
4,Left,7,0.0035,0.0018,0.0597,0.1912,-0.0983,-0.0214,0.9764,0.167,,,,,,,
4,Left,8,0.0000,0.0000,0.0379,0.1851,-0.0023,0.0263,0.9824,0.167,,,,,,,
4,Left,9,0.0000,0.0000,0.0243,0.0849,-0.0245,0.0168,0.9959,0.167,,,,,,,
4,Left,10,-0.0003,0.0010,0.0224,0.0000,0.0000,0.0000,1.0000,0.167,,,,,,,
4,Left,11,0.0038,-0.0074,0.0341,0.0000,0.0000,0.0000,1.0000,0.167,,,,,,,
4,Left,12,-0.0021,0.0049,0.0616,0.2731,-0.1260,0.0377,0.9530,0.167,,,,,,,
4,Left,13,0.0000,0.0000,0.0429,0.1318,-0.0028,0.0120,0.9912,0.167,,,,,,,
4,Left,14,0.0000,0.0000,0.0275,0.0262,0.0006,0.0462,0.9986,0.167,,,,,,,
4,Left,15,-0.0003,0.0011,0.0250,0.0000,0.0000,0.0000,1.0000,0.167,,,,,,,
4,Left,16,-0.0150,-0.0060,0.0348,0.0000,0.0000,0.0000,1.0000,0.167,,,,,,,
4,Left,17,-0.0025,-0.0005,0.0539,0.2500,-0.1446,0.0823,0.9538,0.167,,,,,,,
4,Left,18,0.0000,0.0000,0.0390,0.1311,0.0014,0.0365,0.9907,0.167,,,,,,,
4,Left,19,0.0000,0.0000,0.0266,0.0738,0.0296,0.0081,0.9968,0.167,,,,,,,
4,Left,20,-0.0003,0.0016,0.0243,0.0000,0.0000,0.0000,1.0000,0.167,,,,,,,
4,Left,21,-0.0230,-0.0094,0.0341,0.0183,-0.1403,0.2070,0.9680,0.167,,,,,,,
4,Left,22,0.0000,0.0000,0.0457,0.1077,-0.0649,-0.0809,0.9888,0.167,,,,,,,
4,Left,23,0.0000,0.0000,0.0307,0.2168,-0.0330,0.0569,0.9740,0.167,,,,,,,
4,Left,24,0.0000,0.0000,0.0203,0.0672,0.0490,-0.0010,0.9965,0.167,,,,,,,
4,Left,25,0.0002,0.0012,0.0219,0.0000,0.0000,0.0000,1.0000,0.167,,,,,,,
4,Right,0,-0.0010,-0.0060,0.0658,0.0000,0.0000,0.0000,1.0000,0.167,,,,,,,
4,Right,1,0.0000,0.0000,0.0000,0.0000,0.0000,0.0000,1.0000,0.167,0.2101,0.2454,0.0584,0.4768,0.4681,-0.4368,0.6023
4,Right,2,-0.0234,-0.0233,0.0378,0.1178,-0.3622,0.6978,0.6066,0.167,,,,,,,
4,Right,3,0.0000,0.0000,0.0325,0.2116,0.0510,-0.0818,0.9726,0.167,,,,,,,
4,Right,4,0.0000,0.0000,0.0338,-0.0303,-0.0628,0.0830,0.9941,0.167,,,,,,,
4,Right,5,0.0007,0.0010,0.0246,0.0000,0.0000,0.0000,1.0000,0.167,,,,,,,
4,Right,6,-0.0164,-0.0131,0.0381,0.0000,0.0000,0.0000,1.0000,0.167,,,,,,,
4,Right,7,-0.0071,0.0058,0.0579,0.3725,0.0650,0.0203,0.9255,0.167,,,,,,,
4,Right,8,0.0000,0.0000,0.0379,0.2385,0.0008,-0.0263,0.9708,0.167,,,,,,,
4,Right,9,0.0000,0.0000,0.0243,0.1025,0.0242,-0.0169,0.9943,0.167,,,,,,,
4,Right,10,0.0003,0.0010,0.0224,0.0000,0.0000,0.0000,1.0000,0.167,,,,,,,
4,Right,11,-0.0002,-0.0095,0.0359,0.0000,0.0000,0.0000,1.0000,0.167,,,,,,,
4,Right,12,-0.0015,0.0069,0.0597,0.3821,0.0951,-0.0421,0.9182,0.167,,,,,,,
4,Right,13,0.0000,0.0000,0.0429,0.2408,0.0015,-0.0125,0.9705,0.167,,,,,,,
4,Right,14,0.0000,0.0000,0.0275,0.0853,-0.0032,-0.0518,0.9950,0.167,,,,,,,
4,Right,15,0.0003,0.0011,0.0250,0.0000,0.0000,0.0000,1.0000,0.167,,,,,,,
4,Right,16,0.0150,-0.0060,0.0348,0.0000,0.0000,0.0000,1.0000,0.167,,,,,,,
4,Right,17,0.0025,-0.0005,0.0539,0.4021,0.1079,-0.0954,0.9042,0.167,,,,,,,
4,Right,18,0.0000,0.0000,0.0390,0.2215,-0.0045,-0.0383,0.9744,0.167,,,,,,,
4,Right,19,0.0000,0.0000,0.0266,0.1362,-0.0297,-0.0110,0.9902,0.167,,,,,,,
4,Right,20,0.0003,0.0016,0.0243,0.0000,0.0000,0.0000,1.0000,0.167,,,,,,,
4,Right,21,0.0230,-0.0094,0.0341,0.0183,0.1403,-0.2070,0.9680,0.167,,,,,,,
4,Right,22,0.0000,0.0000,0.0457,0.3450,0.0202,0.0743,0.9354,0.167,,,,,,,
4,Right,23,0.0000,0.0000,0.0307,0.2186,0.0329,-0.0570,0.9736,0.167,,,,,,,
4,Right,24,0.0000,0.0000,0.0203,0.1196,-0.0487,0.0011,0.9916,0.167,,,,,,,
4,Right,25,-0.0002,0.0012,0.0219,0.0000,0.0000,0.0000,1.0000,0.167,,,,,,,
5,Left,0,0.0028,-0.0050,0.0648,0.0000,0.0000,0.0000,1.0000,0.208,,,,,,,
5,Left,1,0.0000,0.0000,0.0000,0.0000,0.0000,0.0000,1.0000,0.208,-0.1486,0.2044,-0.0204,-0.5398,0.7090,-0.4446,-0.0911
5,Left,2,0.0308,-0.0151,0.0340,-0.1452,0.3161,-0.5376,0.7681,0.208,,,,,,,
5,Left,3,0.0000,0.0000,0.0325,0.0395,-0.0669,0.0832,0.9935,0.208,,,,,,,
5,Left,4,0.0000,0.0000,0.0338,-0.1140,0.0693,-0.0844,0.9875,0.208,,,,,,,
5,Left,5,-0.0007,0.0010,0.0246,0.0000,0.0000,0.0000,1.0000,0.208,,,,,,,
5,Left,6,0.0201,-0.0090,0.0362,0.0000,0.0000,0.0000,1.0000,0.208,,,,,,,
5,Left,7,0.0035,0.0017,0.0598,0.1903,-0.0993,-0.0214,0.9765,0.208,,,,,,,
5,Left,8,0.0000,0.0000,0.0379,0.1843,-0.0023,0.0263,0.9825,0.208,,,,,,,
5,Left,9,0.0000,0.0000,0.0243,0.0835,-0.0246,0.0168,0.9961,0.208,,,,,,,
5,Left,10,-0.0003,0.0010,0.0224,0.0000,0.0000,0.0000,1.0000,0.208,,,,,,,
5,Left,11,0.0039,-0.0074,0.0340,0.0000,0.0000,0.0000,1.0000,0.208,,,,,,,
5,Left,12,-0.0022,0.0049,0.0616,0.2732,-0.1257,0.0377,0.9530,0.208,,,,,,,
5,Left,13,0.0000,0.0000,0.0429,0.1207,-0.0030,0.0119,0.9926,0.208,,,,,,,
5,Left,14,0.0000,0.0000,0.0275,0.0224,0.0004,0.0458,0.9987,0.208,,,,,,,
5,Left,15,-0.0003,0.0011,0.0250,0.0000,0.0000,0.0000,1.0000,0.208,,,,,,,
5,Left,16,-0.0150,-0.0060,0.0348,0.0000,0.0000,0.0000,1.0000,0.208,,,,,,,
5,Left,17,-0.0025,-0.0005,0.0539,0.2597,-0.1435,0.0836,0.9513,0.208,,,,,,,
5,Left,18,0.0000,0.0000,0.0390,0.1176,0.0010,0.0362,0.9924,0.208,,,,,,,
5,Left,19,0.0000,0.0000,0.0266,0.0721,0.0296,0.0080,0.9969,0.208,,,,,,,
5,Left,20,-0.0003,0.0016,0.0243,0.0000,0.0000,0.0000,1.0000,0.208,,,,,,,
5,Left,21,-0.0230,-0.0094,0.0341,0.0183,-0.1403,0.2070,0.9680,0.208,,,,,,,
5,Left,22,0.0000,0.0000,0.0457,0.1131,-0.0624,-0.0806,0.9883,0.208,,,,,,,
5,Left,23,0.0000,0.0000,0.0307,0.1935,-0.0341,0.0550,0.9790,0.208,,,,,,,
5,Left,24,0.0000,0.0000,0.0203,0.0629,0.0490,-0.0009,0.9968,0.208,,,,,,,
5,Left,25,0.0002,0.0012,0.0219,0.0000,0.0000,0.0000,1.0000,0.208,,,,,,,
5,Right,0,-0.0010,-0.0060,0.0658,0.0000,0.0000,0.0000,1.0000,0.208,,,,,,,
5,Right,1,0.0000,0.0000,0.0000,0.0000,0.0000,0.0000,1.0000,0.208,0.2094,0.2457,0.0578,0.4852,0.4585,-0.4381,0.6020
5,Right,2,-0.0234,-0.0233,0.0378,0.1182,-0.3616,0.6983,0.6063,0.208,,,,,,,
5,Right,3,0.0000,0.0000,0.0325,0.2112,0.0510,-0.0818,0.9727,0.208,,,,,,,
5,Right,4,0.0000,0.0000,0.0338,-0.0352,-0.0632,0.0831,0.9939,0.208,,,,,,,
5,Right,5,0.0007,0.0010,0.0246,0.0000,0.0000,0.0000,1.0000,0.208,,,,,,,
5,Right,6,-0.0164,-0.0131,0.0381,0.0000,0.0000,0.0000,1.0000,0.208,,,,,,,
5,Right,7,-0.0072,0.0058,0.0579,0.3726,0.0657,0.0200,0.9255,0.208,,,,,,,
5,Right,8,0.0000,0.0000,0.0379,0.2367,0.0009,-0.0263,0.9712,0.208,,,,,,,
5,Right,9,0.0000,0.0000,0.0243,0.1013,0.0242,-0.0169,0.9944,0.208,,,,,,,
5,Right,10,0.0003,0.0010,0.0224,0.0000,0.0000,0.0000,1.0000,0.208,,,,,,,
5,Right,11,-0.0002,-0.0095,0.0359,0.0000,0.0000,0.0000,1.0000,0.208,,,,,,,
5,Right,12,-0.0015,0.0069,0.0597,0.3830,0.0952,-0.0423,0.9179,0.208,,,,,,,
5,Right,13,0.0000,0.0000,0.0429,0.2334,0.0016,-0.0124,0.9723,0.208,,,,,,,
5,Right,14,0.0000,0.0000,0.0275,0.0818,-0.0030,-0.0515,0.9953,0.208,,,,,,,
5,Right,15,0.0003,0.0011,0.0250,0.0000,0.0000,0.0000,1.0000,0.208,,,,,,,
5,Right,16,0.0150,-0.0060,0.0348,0.0000,0.0000,0.0000,1.0000,0.208,,,,,,,
5,Right,17,0.0025,-0.0005,0.0539,0.4022,0.1070,-0.0950,0.9043,0.208,,,,,,,
5,Right,18,0.0000,0.0000,0.0390,0.2177,-0.0044,-0.0382,0.9753,0.208,,,,,,,
5,Right,19,0.0000,0.0000,0.0266,0.1348,-0.0297,-0.0109,0.9904,0.208,,,,,,,
5,Right,20,0.0003,0.0016,0.0243,0.0000,0.0000,0.0000,1.0000,0.208,,,,,,,
5,Right,21,0.0230,-0.0094,0.0341,0.0183,0.1403,-0.2070,0.9680,0.208,,,,,,,
5,Right,22,0.0000,0.0000,0.0457,0.3446,0.0177,0.0752,0.9356,0.208,,,,,,,
5,Right,23,0.0000,0.0000,0.0307,0.2174,0.0329,-0.0569,0.9739,0.208,,,,,,,
5,Right,24,0.0000,0.0000,0.0203,0.1190,-0.0487,0.0011,0.9917,0.208,,,,,,,
5,Right,25,-0.0002,0.0012,0.0219,0.0000,0.0000,0.0000,1.0000,0.208,,,,,,,
6,Left,0,0.0028,-0.0050,0.0648,0.0000,0.0000,0.0000,1.0000,0.250,,,,,,,
6,Left,1,0.0000,0.0000,0.0000,0.0000,0.0000,0.0000,1.0000,0.250,-0.1446,0.2039,-0.0207,-0.5330,0.7099,-0.4544,-0.0734
6,Left,2,0.0308,-0.0150,0.0339,-0.1473,0.3173,-0.5349,0.7691,0.250,,,,,,,
6,Left,3,0.0000,0.0000,0.0325,0.0327,-0.0674,0.0832,0.9937,0.250,,,,,,,
6,Left,4,0.0000,0.0000,0.0338,-0.1266,0.0703,-0.0846,0.9858,0.250,,,,,,,
6,Left,5,-0.0007,0.0010,0.0246,0.0000,0.0000,0.0000,1.0000,0.250,,,,,,,
6,Left,6,0.0201,-0.0089,0.0362,0.0000,0.0000,0.0000,1.0000,0.250,,,,,,,
6,Left,7,0.0034,0.0016,0.0598,0.1894,-0.0992,-0.0214,0.9766,0.250,,,,,,,
6,Left,8,0.0000,0.0000,0.0379,0.1843,-0.0023,0.0263,0.9825,0.250,,,,,,,
6,Left,9,0.0000,0.0000,0.0243,0.0822,-0.0246,0.0168,0.9962,0.250,,,,,,,
6,Left,10,-0.0003,0.0010,0.0224,0.0000,0.0000,0.0000,1.0000,0.250,,,,,,,
6,Left,11,0.0039,-0.0074,0.0340,0.0000,0.0000,0.0000,1.0000,0.250,,,,,,,
6,Left,12,-0.0022,0.0048,0.0616,0.2774,-0.1251,0.0381,0.9518,0.250,,,,,,,
6,Left,13,0.0000,0.0000,0.0429,0.1142,-0.0030,0.0119,0.9934,0.250,,,,,,,
6,Left,14,0.0000,0.0000,0.0275,0.0173,0.0002,0.0453,0.9988,0.250,,,,,,,
6,Left,15,-0.0003,0.0011,0.0250,0.0000,0.0000,0.0000,1.0000,0.250,,,,,,,
6,Left,16,-0.0150,-0.0060,0.0348,0.0000,0.0000,0.0000,1.0000,0.250,,,,,,,
6,Left,17,-0.0025,-0.0005,0.0539,0.2997,-0.1394,0.0891,0.9396,0.250,,,,,,,
6,Left,18,0.0000,0.0000,0.0390,0.1103,0.0007,0.0361,0.9932,0.250,,,,,,,
6,Left,19,0.0000,0.0000,0.0266,0.0692,0.0296,0.0079,0.9971,0.250,,,,,,,
6,Left,20,-0.0003,0.0016,0.0243,0.0000,0.0000,0.0000,1.0000,0.250,,,,,,,
6,Left,21,-0.0230,-0.0094,0.0341,0.0183,-0.1403,0.2070,0.9680,0.250,,,,,,,
6,Left,22,0.0000,0.0000,0.0457,0.1466,-0.0568,-0.0782,0.9845,0.250,,,,,,,
6,Left,23,0.0000,0.0000,0.0307,0.1790,-0.0348,0.0539,0.9818,0.250,,,,,,,
6,Left,24,0.0000,0.0000,0.0203,0.0545,0.0491,-0.0009,0.9973,0.250,,,,,,,
6,Left,25,0.0002,0.0012,0.0219,0.0000,0.0000,0.0000,1.0000,0.250,,,,,,,
6,Right,0,-0.0009,-0.0060,0.0658,0.0000,0.0000,0.0000,1.0000,0.250,,,,,,,
6,Right,1,0.0000,0.0000,0.0000,0.0000,0.0000,0.0000,1.0000,0.250,0.2076,0.2457,0.0566,0.4897,0.4457,-0.4396,0.6069
6,Right,2,-0.0233,-0.0234,0.0378,0.1193,-0.3612,0.6989,0.6056,0.250,,,,,,,
6,Right,3,0.0000,0.0000,0.0325,0.2109,0.0511,-0.0818,0.9727,0.250,,,,,,,
6,Right,4,0.0000,0.0000,0.0338,-0.0397,-0.0635,0.0832,0.9937,0.250,,,,,,,
6,Right,5,0.0007,0.0010,0.0246,0.0000,0.0000,0.0000,1.0000,0.250,,,,,,,
6,Right,6,-0.0164,-0.0131,0.0381,0.0000,0.0000,0.0000,1.0000,0.250,,,,,,,
6,Right,7,-0.0072,0.0058,0.0579,0.3730,0.0664,0.0197,0.9252,0.250,,,,,,,
6,Right,8,0.0000,0.0000,0.0379,0.2356,0.0009,-0.0263,0.9715,0.250,,,,,,,
6,Right,9,0.0000,0.0000,0.0243,0.1007,0.0242,-0.0169,0.9945,0.250,,,,,,,
6,Right,10,0.0003,0.0010,0.0224,0.0000,0.0000,0.0000,1.0000,0.250,,,,,,,
6,Right,11,-0.0002,-0.0095,0.0359,0.0000,0.0000,0.0000,1.0000,0.250,,,,,,,
6,Right,12,-0.0016,0.0069,0.0597,0.3843,0.0953,-0.0424,0.9173,0.250,,,,,,,
6,Right,13,0.0000,0.0000,0.0429,0.2295,0.0017,-0.0124,0.9732,0.250,,,,,,,
6,Right,14,0.0000,0.0000,0.0275,0.0799,-0.0029,-0.0513,0.9955,0.250,,,,,,,
6,Right,15,0.0003,0.0011,0.0250,0.0000,0.0000,0.0000,1.0000,0.250,,,,,,,
6,Right,16,0.0150,-0.0060,0.0348,0.0000,0.0000,0.0000,1.0000,0.250,,,,,,,
6,Right,17,0.0025,-0.0005,0.0539,0.4027,0.1060,-0.0947,0.9042,0.250,,,,,,,
6,Right,18,0.0000,0.0000,0.0390,0.2166,-0.0043,-0.0382,0.9755,0.250,,,,,,,
6,Right,19,0.0000,0.0000,0.0266,0.1335,-0.0297,-0.0109,0.9905,0.250,,,,,,,
6,Right,20,0.0003,0.0016,0.0243,0.0000,0.0000,0.0000,1.0000,0.250,,,,,,,
6,Right,21,0.0230,-0.0094,0.0341,0.0183,0.1403,-0.2070,0.9680,0.250,,,,,,,
6,Right,22,0.0000,0.0000,0.0457,0.3444,0.0130,0.0769,0.9356,0.250,,,,,,,
6,Right,23,0.0000,0.0000,0.0307,0.2164,0.0330,-0.0569,0.9741,0.250,,,,,,,
6,Right,24,0.0000,0.0000,0.0203,0.1187,-0.0487,0.0011,0.9917,0.250,,,,,,,
6,Right,25,-0.0002,0.0012,0.0219,0.0000,0.0000,0.0000,1.0000,0.250,,,,,,,
7,Left,0,0.0029,-0.0049,0.0648,0.0000,0.0000,0.0000,1.0000,0.291,,,,,,,
7,Left,1,0.0000,0.0000,0.0000,0.0000,0.0000,0.0000,1.0000,0.291,-0.1400,0.2031,-0.0206,-0.5284,0.7114,-0.4599,-0.0575
7,Left,2,0.0311,-0.0144,0.0337,-0.1549,0.3207,-0.5254,0.7728,0.291,,,,,,,
7,Left,3,0.0000,0.0000,0.0325,0.0239,-0.0682,0.0832,0.9939,0.291,,,,,,,
7,Left,4,0.0000,0.0000,0.0338,-0.1297,0.0705,-0.0846,0.9854,0.291,,,,,,,
7,Left,5,-0.0007,0.0010,0.0246,0.0000,0.0000,0.0000,1.0000,0.291,,,,,,,
7,Left,6,0.0203,-0.0087,0.0360,0.0000,0.0000,0.0000,1.0000,0.291,,,,,,,
7,Left,7,0.0033,0.0014,0.0600,0.1889,-0.0956,-0.0220,0.9771,0.291,,,,,,,
7,Left,8,0.0000,0.0000,0.0379,0.1844,-0.0023,0.0263,0.9825,0.291,,,,,,,
7,Left,9,0.0000,0.0000,0.0243,0.0811,-0.0246,0.0168,0.9963,0.291,,,,,,,
7,Left,10,-0.0003,0.0010,0.0224,0.0000,0.0000,0.0000,1.0000,0.291,,,,,,,
7,Left,11,0.0040,-0.0072,0.0339,0.0000,0.0000,0.0000,1.0000,0.291,,,,,,,
7,Left,12,-0.0023,0.0047,0.0618,0.2882,-0.1135,0.0366,0.9501,0.291,,,,,,,
7,Left,13,0.0000,0.0000,0.0429,0.1136,-0.0031,0.0119,0.9935,0.291,,,,,,,
7,Left,14,0.0000,0.0000,0.0275,0.0162,0.0002,0.0452,0.9988,0.291,,,,,,,
7,Left,15,-0.0003,0.0011,0.0250,0.0000,0.0000,0.0000,1.0000,0.291,,,,,,,
7,Left,16,-0.0150,-0.0060,0.0348,0.0000,0.0000,0.0000,1.0000,0.291,,,,,,,
7,Left,17,-0.0025,-0.0005,0.0539,0.3174,-0.1338,0.0905,0.9344,0.291,,,,,,,
7,Left,18,0.0000,0.0000,0.0390,0.1091,0.0007,0.0360,0.9934,0.291,,,,,,,
7,Left,19,0.0000,0.0000,0.0266,0.0678,0.0296,0.0078,0.9972,0.291,,,,,,,
7,Left,20,-0.0003,0.0016,0.0243,0.0000,0.0000,0.0000,1.0000,0.291,,,,,,,
7,Left,21,-0.0230,-0.0094,0.0341,0.0183,-0.1403,0.2070,0.9680,0.291,,,,,,,
7,Left,22,0.0000,0.0000,0.0457,0.1680,-0.0512,-0.0771,0.9814,0.291,,,,,,,
7,Left,23,0.0000,0.0000,0.0307,0.1779,-0.0348,0.0538,0.9820,0.291,,,,,,,
7,Left,24,0.0000,0.0000,0.0203,0.0507,0.0491,-0.0009,0.9975,0.291,,,,,,,
7,Left,25,0.0002,0.0012,0.0219,0.0000,0.0000,0.0000,1.0000,0.291,,,,,,,
7,Right,0,-0.0009,-0.0060,0.0658,0.0000,0.0000,0.0000,1.0000,0.291,,,,,,,
7,Right,1,0.0000,0.0000,0.0000,0.0000,0.0000,0.0000,1.0000,0.291,0.2057,0.2449,0.0518,0.4926,0.4336,-0.4456,0.6089
7,Right,2,-0.0231,-0.0235,0.0378,0.1240,-0.3597,0.7015,0.6026,0.291,,,,,,,
7,Right,3,0.0000,0.0000,0.0325,0.2115,0.0510,-0.0818,0.9726,0.291,,,,,,,
7,Right,4,0.0000,0.0000,0.0338,-0.0416,-0.0637,0.0832,0.9936,0.291,,,,,,,
7,Right,5,0.0007,0.0010,0.0246,0.0000,0.0000,0.0000,1.0000,0.291,,,,,,,
7,Right,6,-0.0163,-0.0132,0.0381,0.0000,0.0000,0.0000,1.0000,0.291,,,,,,,
7,Right,7,-0.0073,0.0059,0.0579,0.3731,0.0676,0.0193,0.9251,0.291,,,,,,,
7,Right,8,0.0000,0.0000,0.0379,0.2351,0.0009,-0.0263,0.9716,0.291,,,,,,,
7,Right,9,0.0000,0.0000,0.0243,0.1002,0.0243,-0.0169,0.9945,0.291,,,,,,,
7,Right,10,0.0003,0.0010,0.0224,0.0000,0.0000,0.0000,1.0000,0.291,,,,,,,
7,Right,11,0.0000,-0.0095,0.0360,0.0000,0.0000,0.0000,1.0000,0.291,,,,,,,
7,Right,12,-0.0017,0.0070,0.0597,0.3860,0.0953,-0.0426,0.9166,0.291,,,,,,,
7,Right,13,0.0000,0.0000,0.0429,0.2270,0.0017,-0.0124,0.9738,0.291,,,,,,,
7,Right,14,0.0000,0.0000,0.0275,0.0759,-0.0028,-0.0509,0.9958,0.291,,,,,,,
7,Right,15,0.0003,0.0011,0.0250,0.0000,0.0000,0.0000,1.0000,0.291,,,,,,,
7,Right,16,0.0150,-0.0060,0.0348,0.0000,0.0000,0.0000,1.0000,0.291,,,,,,,
7,Right,17,0.0025,-0.0005,0.0539,0.4037,0.1050,-0.0945,0.9039,0.291,,,,,,,
7,Right,18,0.0000,0.0000,0.0390,0.2155,-0.0043,-0.0381,0.9758,0.291,,,,,,,
7,Right,19,0.0000,0.0000,0.0266,0.1321,-0.0297,-0.0108,0.9907,0.291,,,,,,,
7,Right,20,0.0003,0.0016,0.0243,0.0000,0.0000,0.0000,1.0000,0.291,,,,,,,
7,Right,21,0.0230,-0.0094,0.0341,0.0183,0.1403,-0.2070,0.9680,0.291,,,,,,,
7,Right,22,0.0000,0.0000,0.0457,0.3443,0.0106,0.0777,0.9356,0.291,,,,,,,
7,Right,23,0.0000,0.0000,0.0307,0.2160,0.0330,-0.0568,0.9742,0.291,,,,,,,
7,Right,24,0.0000,0.0000,0.0203,0.1187,-0.0487,0.0011,0.9917,0.291,,,,,,,
7,Right,25,-0.0002,0.0012,0.0219,0.0000,0.0000,0.0000,1.0000,0.291,,,,,,,
8,Left,0,0.0029,-0.0049,0.0647,0.0000,0.0000,0.0000,1.0000,0.333,,,,,,,
8,Left,1,0.0000,0.0000,0.0000,0.0000,0.0000,0.0000,1.0000,0.333,-0.1364,0.2023,-0.0197,-0.5253,0.7114,-0.4644,-0.0484
8,Left,2,0.0312,-0.0142,0.0336,-0.1579,0.3218,-0.5217,0.7742,0.333,,,,,,,
8,Left,3,0.0000,0.0000,0.0325,0.0190,-0.0686,0.0832,0.9940,0.333,,,,,,,
8,Left,4,0.0000,0.0000,0.0338,-0.1308,0.0706,-0.0846,0.9853,0.333,,,,,,,
8,Left,5,-0.0007,0.0010,0.0246,0.0000,0.0000,0.0000,1.0000,0.333,,,,,,,
8,Left,6,0.0203,-0.0086,0.0360,0.0000,0.0000,0.0000,1.0000,0.333,,,,,,,
8,Left,7,0.0033,0.0013,0.0600,0.1892,-0.0925,-0.0224,0.9773,0.333,,,,,,,
8,Left,8,0.0000,0.0000,0.0379,0.1842,-0.0023,0.0263,0.9825,0.333,,,,,,,
8,Left,9,0.0000,0.0000,0.0243,0.0796,-0.0246,0.0168,0.9964,0.333,,,,,,,
8,Left,10,-0.0003,0.0010,0.0224,0.0000,0.0000,0.0000,1.0000,0.333,,,,,,,
8,Left,11,0.0041,-0.0072,0.0338,0.0000,0.0000,0.0000,1.0000,0.333,,,,,,,
8,Left,12,-0.0024,0.0046,0.0618,0.2972,-0.1080,0.0362,0.9480,0.333,,,,,,,
8,Left,13,0.0000,0.0000,0.0429,0.1131,-0.0031,0.0119,0.9935,0.333,,,,,,,
8,Left,14,0.0000,0.0000,0.0275,0.0153,0.0001,0.0451,0.9989,0.333,,,,,,,
8,Left,15,-0.0003,0.0011,0.0250,0.0000,0.0000,0.0000,1.0000,0.333,,,,,,,
8,Left,16,-0.0150,-0.0060,0.0348,0.0000,0.0000,0.0000,1.0000,0.333,,,,,,,
8,Left,17,-0.0025,-0.0005,0.0539,0.3311,-0.1294,0.0915,0.9302,0.333,,,,,,,
8,Left,18,0.0000,0.0000,0.0390,0.1076,0.0006,0.0360,0.9935,0.333,,,,,,,
8,Left,19,0.0000,0.0000,0.0266,0.0663,0.0295,0.0078,0.9973,0.333,,,,,,,
8,Left,20,-0.0003,0.0016,0.0243,0.0000,0.0000,0.0000,1.0000,0.333,,,,,,,
8,Left,21,-0.0230,-0.0094,0.0341,0.0183,-0.1403,0.2070,0.9680,0.333,,,,,,,
8,Left,22,0.0000,0.0000,0.0457,0.1997,-0.0529,-0.0741,0.9756,0.333,,,,,,,
8,Left,23,0.0000,0.0000,0.0307,0.1769,-0.0349,0.0537,0.9821,0.333,,,,,,,
8,Left,24,0.0000,0.0000,0.0203,0.0480,0.0491,-0.0009,0.9976,0.333,,,,,,,
8,Left,25,0.0002,0.0012,0.0219,0.0000,0.0000,0.0000,1.0000,0.333,,,,,,,
8,Right,0,-0.0009,-0.0060,0.0658,0.0000,0.0000,0.0000,1.0000,0.333,,,,,,,
8,Right,1,0.0000,0.0000,0.0000,0.0000,0.0000,0.0000,1.0000,0.333,0.2053,0.2435,0.0457,0.4975,0.4211,-0.4555,0.6064
8,Right,2,-0.0230,-0.0236,0.0379,0.1264,-0.3593,0.7026,0.6010,0.333,,,,,,,
8,Right,3,0.0000,0.0000,0.0325,0.2122,0.0509,-0.0818,0.9725,0.333,,,,,,,
8,Right,4,0.0000,0.0000,0.0338,-0.0433,-0.0638,0.0832,0.9935,0.333,,,,,,,
8,Right,5,0.0007,0.0010,0.0246,0.0000,0.0000,0.0000,1.0000,0.333,,,,,,,
8,Right,6,-0.0162,-0.0133,0.0381,0.0000,0.0000,0.0000,1.0000,0.333,,,,,,,
8,Right,7,-0.0073,0.0059,0.0579,0.3721,0.0686,0.0190,0.9255,0.333,,,,,,,
8,Right,8,0.0000,0.0000,0.0379,0.2341,0.0010,-0.0263,0.9719,0.333,,,,,,,
8,Right,9,0.0000,0.0000,0.0243,0.0995,0.0243,-0.0169,0.9946,0.333,,,,,,,
8,Right,10,0.0003,0.0010,0.0224,0.0000,0.0000,0.0000,1.0000,0.333,,,,,,,
8,Right,11,0.0000,-0.0095,0.0360,0.0000,0.0000,0.0000,1.0000,0.333,,,,,,,
8,Right,12,-0.0017,0.0070,0.0597,0.3870,0.0952,-0.0427,0.9162,0.333,,,,,,,
8,Right,13,0.0000,0.0000,0.0429,0.2197,0.0018,-0.0124,0.9755,0.333,,,,,,,
8,Right,14,0.0000,0.0000,0.0275,0.0724,-0.0026,-0.0506,0.9961,0.333,,,,,,,
8,Right,15,0.0003,0.0011,0.0250,0.0000,0.0000,0.0000,1.0000,0.333,,,,,,,
8,Right,16,0.0150,-0.0060,0.0348,0.0000,0.0000,0.0000,1.0000,0.333,,,,,,,
8,Right,17,0.0025,-0.0005,0.0539,0.4045,0.1036,-0.0941,0.9038,0.333,,,,,,,
8,Right,18,0.0000,0.0000,0.0390,0.2110,-0.0042,-0.0381,0.9767,0.333,,,,,,,
8,Right,19,0.0000,0.0000,0.0266,0.1303,-0.0297,-0.0107,0.9910,0.333,,,,,,,
8,Right,20,0.0003,0.0016,0.0243,0.0000,0.0000,0.0000,1.0000,0.333,,,,,,,
8,Right,21,0.0230,-0.0094,0.0341,0.0183,0.1403,-0.2070,0.9680,0.333,,,,,,,
8,Right,22,0.0000,0.0000,0.0457,0.3438,0.0093,0.0782,0.9357,0.333,,,,,,,
8,Right,23,0.0000,0.0000,0.0307,0.2151,0.0330,-0.0567,0.9744,0.333,,,,,,,
8,Right,24,0.0000,0.0000,0.0203,0.1183,-0.0487,0.0011,0.9918,0.333,,,,,,,
8,Right,25,-0.0002,0.0012,0.0219,0.0000,0.0000,0.0000,1.0000,0.333,,,,,,,
9,Left,0,0.0029,-0.0049,0.0647,0.0000,0.0000,0.0000,1.0000,0.375,,,,,,,
9,Left,1,0.0000,0.0000,0.0000,0.0000,0.0000,0.0000,1.0000,0.375,-0.1326,0.2004,-0.0219,-0.5155,0.7186,-0.4657,-0.0317
9,Left,2,0.0312,-0.0142,0.0336,-0.1586,0.3220,-0.5207,0.7746,0.375,,,,,,,
9,Left,3,0.0000,0.0000,0.0325,0.0133,-0.0691,0.0832,0.9940,0.375,,,,,,,
9,Left,4,0.0000,0.0000,0.0338,-0.1349,0.0709,-0.0847,0.9847,0.375,,,,,,,
9,Left,5,-0.0007,0.0010,0.0246,0.0000,0.0000,0.0000,1.0000,0.375,,,,,,,
9,Left,6,0.0203,-0.0086,0.0360,0.0000,0.0000,0.0000,1.0000,0.375,,,,,,,
9,Left,7,0.0032,0.0012,0.0600,0.1904,-0.0881,-0.0230,0.9775,0.375,,,,,,,
9,Left,8,0.0000,0.0000,0.0379,0.1833,-0.0023,0.0263,0.9827,0.375,,,,,,,
9,Left,9,0.0000,0.0000,0.0243,0.0774,-0.0247,0.0168,0.9966,0.375,,,,,,,
9,Left,10,-0.0003,0.0010,0.0224,0.0000,0.0000,0.0000,1.0000,0.375,,,,,,,
9,Left,11,0.0041,-0.0072,0.0338,0.0000,0.0000,0.0000,1.0000,0.375,,,,,,,
9,Left,12,-0.0024,0.0046,0.0618,0.3007,-0.1070,0.0364,0.9470,0.375,,,,,,,
9,Left,13,0.0000,0.0000,0.0429,0.1125,-0.0031,0.0119,0.9936,0.375,,,,,,,
9,Left,14,0.0000,0.0000,0.0275,0.0147,0.0001,0.0451,0.9989,0.375,,,,,,,
9,Left,15,-0.0003,0.0011,0.0250,0.0000,0.0000,0.0000,1.0000,0.375,,,,,,,
9,Left,16,-0.0150,-0.0060,0.0348,0.0000,0.0000,0.0000,1.0000,0.375,,,,,,,
9,Left,17,-0.0025,-0.0005,0.0539,0.3384,-0.1277,0.0922,0.9277,0.375,,,,,,,
9,Left,18,0.0000,0.0000,0.0390,0.1061,0.0006,0.0360,0.9937,0.375,,,,,,,
9,Left,19,0.0000,0.0000,0.0266,0.0651,0.0295,0.0077,0.9974,0.375,,,,,,,
9,Left,20,-0.0003,0.0016,0.0243,0.0000,0.0000,0.0000,1.0000,0.375,,,,,,,
9,Left,21,-0.0230,-0.0094,0.0341,0.0183,-0.1403,0.2070,0.9680,0.375,,,,,,,
9,Left,22,0.0000,0.0000,0.0457,0.2338,-0.0552,-0.0707,0.9681,0.375,,,,,,,
9,Left,23,0.0000,0.0000,0.0307,0.1764,-0.0349,0.0537,0.9822,0.375,,,,,,,
9,Left,24,0.0000,0.0000,0.0203,0.0467,0.0491,-0.0009,0.9977,0.375,,,,,,,
9,Left,25,0.0002,0.0012,0.0219,0.0000,0.0000,0.0000,1.0000,0.375,,,,,,,
9,Right,0,-0.0009,-0.0060,0.0658,0.0000,0.0000,0.0000,1.0000,0.375,,,,,,,
9,Right,1,0.0000,0.0000,0.0000,0.0000,0.0000,0.0000,1.0000,0.375,0.2046,0.2418,0.0418,0.4995,0.4124,-0.4638,0.6044
9,Right,2,-0.0230,-0.0236,0.0379,0.1271,-0.3602,0.7024,0.6006,0.375,,,,,,,
9,Right,3,0.0000,0.0000,0.0325,0.2126,0.0509,-0.0818,0.9724,0.375,,,,,,,
9,Right,4,0.0000,0.0000,0.0338,-0.0473,-0.0641,0.0833,0.9933,0.375,,,,,,,
9,Right,5,0.0007,0.0010,0.0246,0.0000,0.0000,0.0000,1.0000,0.375,,,,,,,
9,Right,6,-0.0162,-0.0132,0.0381,0.0000,0.0000,0.0000,1.0000,0.375,,,,,,,
9,Right,7,-0.0073,0.0059,0.0579,0.3708,0.0693,0.0188,0.9259,0.375,,,,,,,
9,Right,8,0.0000,0.0000,0.0379,0.2336,0.0010,-0.0263,0.9720,0.375,,,,,,,
9,Right,9,0.0000,0.0000,0.0243,0.0986,0.0243,-0.0169,0.9947,0.375,,,,,,,
9,Right,10,0.0003,0.0010,0.0224,0.0000,0.0000,0.0000,1.0000,0.375,,,,,,,
9,Right,11,0.0000,-0.0095,0.0360,0.0000,0.0000,0.0000,1.0000,0.375,,,,,,,
9,Right,12,-0.0017,0.0070,0.0597,0.3875,0.0948,-0.0426,0.9160,0.375,,,,,,,
9,Right,13,0.0000,0.0000,0.0429,0.2118,0.0019,-0.0123,0.9772,0.375,,,,,,,
9,Right,14,0.0000,0.0000,0.0275,0.0691,-0.0025,-0.0503,0.9963,0.375,,,,,,,
9,Right,15,0.0003,0.0011,0.0250,0.0000,0.0000,0.0000,1.0000,0.375,,,,,,,
9,Right,16,0.0150,-0.0060,0.0348,0.0000,0.0000,0.0000,1.0000,0.375,,,,,,,
9,Right,17,0.0025,-0.0005,0.0539,0.4056,0.1021,-0.0937,0.9035,0.375,,,,,,,
9,Right,18,0.0000,0.0000,0.0390,0.1976,-0.0037,-0.0378,0.9795,0.375,,,,,,,
9,Right,19,0.0000,0.0000,0.0266,0.1245,-0.0297,-0.0105,0.9917,0.375,,,,,,,
9,Right,20,0.0003,0.0016,0.0243,0.0000,0.0000,0.0000,1.0000,0.375,,,,,,,
9,Right,21,0.0230,-0.0094,0.0341,0.0183,0.1403,-0.2070,0.9680,0.375,,,,,,,
9,Right,22,0.0000,0.0000,0.0457,0.3430,0.0084,0.0785,0.9360,0.375,,,,,,,
9,Right,23,0.0000,0.0000,0.0307,0.2145,0.0331,-0.0567,0.9745,0.375,,,,,,,
9,Right,24,0.0000,0.0000,0.0203,0.1174,-0.0487,0.0011,0.9919,0.375,,,,,,,
9,Right,25,-0.0002,0.0012,0.0219,0.0000,0.0000,0.0000,1.0000,0.375,,,,,,,
10,Left,0,0.0029,-0.0049,0.0647,0.0000,0.0000,0.0000,1.0000,0.416,,,,,,,
10,Left,1,0.0000,0.0000,0.0000,0.0000,0.0000,0.0000,1.0000,0.416,-0.1298,0.1993,-0.0224,-0.5138,0.7180,-0.4689,-0.0260
10,Left,2,0.0312,-0.0142,0.0335,-0.1605,0.3202,-0.5194,0.7758,0.416,,,,,,,
10,Left,3,0.0000,0.0000,0.0325,0.0122,-0.0692,0.0832,0.9941,0.416,,,,,,,
10,Left,4,0.0000,0.0000,0.0338,-0.1401,0.0713,-0.0847,0.9839,0.416,,,,,,,
10,Left,5,-0.0007,0.0010,0.0246,0.0000,0.0000,0.0000,1.0000,0.416,,,,,,,
10,Left,6,0.0203,-0.0085,0.0360,0.0000,0.0000,0.0000,1.0000,0.416,,,,,,,
10,Left,7,0.0032,0.0012,0.0600,0.1926,-0.0870,-0.0230,0.9771,0.416,,,,,,,
10,Left,8,0.0000,0.0000,0.0379,0.1740,-0.0026,0.0263,0.9844,0.416,,,,,,,
10,Left,9,0.0000,0.0000,0.0243,0.0644,-0.0249,0.0167,0.9975,0.416,,,,,,,
10,Left,10,-0.0003,0.0010,0.0224,0.0000,0.0000,0.0000,1.0000,0.416,,,,,,,
10,Left,11,0.0041,-0.0072,0.0338,0.0000,0.0000,0.0000,1.0000,0.416,,,,,,,
10,Left,12,-0.0024,0.0046,0.0618,0.3016,-0.1064,0.0363,0.9468,0.416,,,,,,,
10,Left,13,0.0000,0.0000,0.0429,0.1113,-0.0031,0.0119,0.9937,0.416,,,,,,,
10,Left,14,0.0000,0.0000,0.0275,0.0137,0.0000,0.0450,0.9989,0.416,,,,,,,
10,Left,15,-0.0003,0.0011,0.0250,0.0000,0.0000,0.0000,1.0000,0.416,,,,,,,
10,Left,16,-0.0150,-0.0060,0.0348,0.0000,0.0000,0.0000,1.0000,0.416,,,,,,,
10,Left,17,-0.0025,-0.0005,0.0539,0.3457,-0.1257,0.0927,0.9252,0.416,,,,,,,
10,Left,18,0.0000,0.0000,0.0390,0.1054,0.0006,0.0360,0.9938,0.416,,,,,,,
10,Left,19,0.0000,0.0000,0.0266,0.0644,0.0295,0.0077,0.9975,0.416,,,,,,,
10,Left,20,-0.0003,0.0016,0.0243,0.0000,0.0000,0.0000,1.0000,0.416,,,,,,,
10,Left,21,-0.0230,-0.0094,0.0341,0.0183,-0.1403,0.2070,0.9680,0.416,,,,,,,
10,Left,22,0.0000,0.0000,0.0457,0.2399,-0.0536,-0.0706,0.9667,0.416,,,,,,,
10,Left,23,0.0000,0.0000,0.0307,0.1765,-0.0349,0.0537,0.9822,0.416,,,,,,,
10,Left,24,0.0000,0.0000,0.0203,0.0456,0.0491,-0.0009,0.9978,0.416,,,,,,,
10,Left,25,0.0002,0.0012,0.0219,0.0000,0.0000,0.0000,1.0000,0.416,,,,,,,
10,Right,0,-0.0009,-0.0060,0.0658,0.0000,0.0000,0.0000,1.0000,0.416,,,,,,,
10,Right,1,0.0000,0.0000,0.0000,0.0000,0.0000,0.0000,1.0000,0.416,0.2032,0.2403,0.0399,0.5007,0.4140,-0.4648,0.6016
10,Right,2,-0.0230,-0.0236,0.0379,0.1288,-0.3620,0.7021,0.5996,0.416,,,,,,,
10,Right,3,0.0000,0.0000,0.0325,0.2134,0.0508,-0.0818,0.9722,0.416,,,,,,,
10,Right,4,0.0000,0.0000,0.0338,-0.0514,-0.0645,0.0834,0.9931,0.416,,,,,,,
10,Right,5,0.0007,0.0010,0.0246,0.0000,0.0000,0.0000,1.0000,0.416,,,,,,,
10,Right,6,-0.0162,-0.0132,0.0381,0.0000,0.0000,0.0000,1.0000,0.416,,,,,,,
10,Right,7,-0.0073,0.0059,0.0579,0.3697,0.0696,0.0188,0.9264,0.416,,,,,,,
10,Right,8,0.0000,0.0000,0.0379,0.2344,0.0009,-0.0263,0.9718,0.416,,,,,,,
10,Right,9,0.0000,0.0000,0.0243,0.0986,0.0243,-0.0169,0.9947,0.416,,,,,,,
10,Right,10,0.0003,0.0010,0.0224,0.0000,0.0000,0.0000,1.0000,0.416,,,,,,,
10,Right,11,0.0000,-0.0095,0.0360,0.0000,0.0000,0.0000,1.0000,0.416,,,,,,,
10,Right,12,-0.0017,0.0070,0.0597,0.3880,0.0945,-0.0425,0.9158,0.416,,,,,,,
10,Right,13,0.0000,0.0000,0.0429,0.2075,0.0019,-0.0123,0.9781,0.416,,,,,,,
10,Right,14,0.0000,0.0000,0.0275,0.0660,-0.0023,-0.0500,0.9966,0.416,,,,,,,
10,Right,15,0.0003,0.0011,0.0250,0.0000,0.0000,0.0000,1.0000,0.416,,,,,,,
10,Right,16,0.0150,-0.0060,0.0348,0.0000,0.0000,0.0000,1.0000,0.416,,,,,,,
10,Right,17,0.0025,-0.0005,0.0539,0.4062,0.1011,-0.0934,0.9034,0.416,,,,,,,
10,Right,18,0.0000,0.0000,0.0390,0.1934,-0.0036,-0.0377,0.9804,0.416,,,,,,,
10,Right,19,0.0000,0.0000,0.0266,0.1203,-0.0297,-0.0103,0.9922,0.416,,,,,,,
10,Right,20,0.0003,0.0016,0.0243,0.0000,0.0000,0.0000,1.0000,0.416,,,,,,,
10,Right,21,0.0230,-0.0094,0.0341,0.0183,0.1403,-0.2070,0.9680,0.416,,,,,,,
10,Right,22,0.0000,0.0000,0.0457,0.3403,0.0078,0.0788,0.9370,0.416,,,,,,,
10,Right,23,0.0000,0.0000,0.0307,0.2146,0.0331,-0.0567,0.9745,0.416,,,,,,,
10,Right,24,0.0000,0.0000,0.0203,0.1163,-0.0487,0.0011,0.9920,0.416,,,,,,,
10,Right,25,-0.0002,0.0012,0.0219,0.0000,0.0000,0.0000,1.0000,0.416,,,,,,,
11,Left,0,0.0029,-0.0048,0.0647,0.0000,0.0000,0.0000,1.0000,0.457,,,,,,,
11,Left,1,0.0000,0.0000,0.0000,0.0000,0.0000,0.0000,1.0000,0.457,-0.1269,0.1988,-0.0231,-0.5107,0.7178,-0.4730,-0.0169
11,Left,2,0.0312,-0.0141,0.0335,-0.1621,0.3194,-0.5180,0.7768,0.457,,,,,,,
11,Left,3,0.0000,0.0000,0.0325,0.0116,-0.0692,0.0832,0.9941,0.457,,,,,,,
11,Left,4,0.0000,0.0000,0.0338,-0.1427,0.0714,-0.0847,0.9835,0.457,,,,,,,
11,Left,5,-0.0007,0.0010,0.0246,0.0000,0.0000,0.0000,1.0000,0.457,,,,,,,
11,Left,6,0.0203,-0.0085,0.0360,0.0000,0.0000,0.0000,1.0000,0.457,,,,,,,
11,Left,7,0.0032,0.0012,0.0600,0.1951,-0.0855,-0.0231,0.9768,0.457,,,,,,,
11,Left,8,0.0000,0.0000,0.0379,0.1640,-0.0029,0.0263,0.9861,0.457,,,,,,,
11,Left,9,0.0000,0.0000,0.0243,0.0534,-0.0251,0.0167,0.9981,0.457,,,,,,,
11,Left,10,-0.0003,0.0010,0.0224,0.0000,0.0000,0.0000,1.0000,0.457,,,,,,,
11,Left,11,0.0041,-0.0072,0.0338,0.0000,0.0000,0.0000,1.0000,0.457,,,,,,,
11,Left,12,-0.0024,0.0046,0.0618,0.3026,-0.1059,0.0363,0.9465,0.457,,,,,,,
11,Left,13,0.0000,0.0000,0.0429,0.1098,-0.0031,0.0119,0.9939,0.457,,,,,,,
11,Left,14,0.0000,0.0000,0.0275,0.0125,0.0000,0.0448,0.9989,0.457,,,,,,,
11,Left,15,-0.0003,0.0011,0.0250,0.0000,0.0000,0.0000,1.0000,0.457,,,,,,,
11,Left,16,-0.0150,-0.0060,0.0348,0.0000,0.0000,0.0000,1.0000,0.457,,,,,,,
11,Left,17,-0.0025,-0.0005,0.0539,0.3462,-0.1246,0.0925,0.9252,0.457,,,,,,,
11,Left,18,0.0000,0.0000,0.0390,0.1046,0.0005,0.0359,0.9939,0.457,,,,,,,
11,Left,19,0.0000,0.0000,0.0266,0.0635,0.0295,0.0076,0.9975,0.457,,,,,,,
11,Left,20,-0.0003,0.0016,0.0243,0.0000,0.0000,0.0000,1.0000,0.457,,,,,,,
11,Left,21,-0.0230,-0.0094,0.0341,0.0183,-0.1403,0.2070,0.9680,0.457,,,,,,,
11,Left,22,0.0000,0.0000,0.0457,0.2408,-0.0499,-0.0714,0.9667,0.457,,,,,,,
11,Left,23,0.0000,0.0000,0.0307,0.1769,-0.0349,0.0537,0.9821,0.457,,,,,,,
11,Left,24,0.0000,0.0000,0.0203,0.0450,0.0491,-0.0009,0.9978,0.457,,,,,,,
11,Left,25,0.0002,0.0012,0.0219,0.0000,0.0000,0.0000,1.0000,0.457,,,,,,,
11,Right,0,-0.0009,-0.0060,0.0658,0.0000,0.0000,0.0000,1.0000,0.457,,,,,,,
11,Right,1,0.0000,0.0000,0.0000,0.0000,0.0000,0.0000,1.0000,0.457,0.2018,0.2395,0.0394,0.5032,0.4185,-0.4661,0.5953
11,Right,2,-0.0230,-0.0236,0.0379,0.1318,-0.3650,0.7016,0.5976,0.457,,,,,,,
11,Right,3,0.0000,0.0000,0.0325,0.2147,0.0507,-0.0817,0.9719,0.457,,,,,,,
11,Right,4,0.0000,0.0000,0.0338,-0.0535,-0.0646,0.0834,0.9930,0.457,,,,,,,
11,Right,5,0.0007,0.0010,0.0246,0.0000,0.0000,0.0000,1.0000,0.457,,,,,,,
11,Right,6,-0.0162,-0.0132,0.0381,0.0000,0.0000,0.0000,1.0000,0.457,,,,,,,
11,Right,7,-0.0073,0.0059,0.0579,0.3684,0.0697,0.0188,0.9269,0.457,,,,,,,
11,Right,8,0.0000,0.0000,0.0379,0.2358,0.0009,-0.0263,0.9714,0.457,,,,,,,
11,Right,9,0.0000,0.0000,0.0243,0.0991,0.0243,-0.0169,0.9946,0.457,,,,,,,
11,Right,10,0.0003,0.0010,0.0224,0.0000,0.0000,0.0000,1.0000,0.457,,,,,,,
11,Right,11,0.0000,-0.0095,0.0360,0.0000,0.0000,0.0000,1.0000,0.457,,,,,,,
11,Right,12,-0.0017,0.0070,0.0597,0.3878,0.0945,-0.0425,0.9159,0.457,,,,,,,
11,Right,13,0.0000,0.0000,0.0429,0.2067,0.0019,-0.0123,0.9783,0.457,,,,,,,
11,Right,14,0.0000,0.0000,0.0275,0.0650,-0.0023,-0.0499,0.9966,0.457,,,,,,,
11,Right,15,0.0003,0.0011,0.0250,0.0000,0.0000,0.0000,1.0000,0.457,,,,,,,
11,Right,16,0.0150,-0.0060,0.0348,0.0000,0.0000,0.0000,1.0000,0.457,,,,,,,
11,Right,17,0.0025,-0.0005,0.0539,0.4057,0.1004,-0.0930,0.9037,0.457,,,,,,,
11,Right,18,0.0000,0.0000,0.0390,0.1924,-0.0035,-0.0377,0.9806,0.457,,,,,,,
11,Right,19,0.0000,0.0000,0.0266,0.1190,-0.0296,-0.0102,0.9924,0.457,,,,,,,
11,Right,20,0.0003,0.0016,0.0243,0.0000,0.0000,0.0000,1.0000,0.457,,,,,,,
11,Right,21,0.0230,-0.0094,0.0341,0.0183,0.1403,-0.2070,0.9680,0.457,,,,,,,
11,Right,22,0.0000,0.0000,0.0457,0.3362,0.0072,0.0790,0.9384,0.457,,,,,,,
11,Right,23,0.0000,0.0000,0.0307,0.2146,0.0331,-0.0567,0.9745,0.457,,,,,,,
11,Right,24,0.0000,0.0000,0.0203,0.1153,-0.0488,0.0011,0.9921,0.457,,,,,,,
11,Right,25,-0.0002,0.0012,0.0219,0.0000,0.0000,0.0000,1.0000,0.457,,,,,,,
12,Left,0,0.0029,-0.0048,0.0647,0.0000,0.0000,0.0000,1.0000,0.499,,,,,,,
12,Left,1,0.0000,0.0000,0.0000,0.0000,0.0000,0.0000,1.0000,0.499,-0.1231,0.1983,-0.0224,-0.5103,0.7151,-0.4776,-0.0089
12,Left,2,0.0313,-0.0141,0.0335,-0.1633,0.3190,-0.5168,0.7775,0.499,,,,,,,
12,Left,3,0.0000,0.0000,0.0325,0.0104,-0.0693,0.0832,0.9941,0.499,,,,,,,
12,Left,4,0.0000,0.0000,0.0338,-0.1445,0.0716,-0.0848,0.9833,0.499,,,,,,,
12,Left,5,-0.0007,0.0010,0.0246,0.0000,0.0000,0.0000,1.0000,0.499,,,,,,,
12,Left,6,0.0203,-0.0085,0.0359,0.0000,0.0000,0.0000,1.0000,0.499,,,,,,,
12,Left,7,0.0032,0.0012,0.0601,0.1965,-0.0842,-0.0232,0.9766,0.499,,,,,,,
12,Left,8,0.0000,0.0000,0.0379,0.1452,-0.0034,0.0263,0.9890,0.499,,,,,,,
12,Left,9,0.0000,0.0000,0.0243,0.0405,-0.0253,0.0166,0.9987,0.499,,,,,,,
12,Left,10,-0.0003,0.0010,0.0224,0.0000,0.0000,0.0000,1.0000,0.499,,,,,,,
12,Left,11,0.0041,-0.0071,0.0338,0.0000,0.0000,0.0000,1.0000,0.499,,,,,,,
12,Left,12,-0.0024,0.0046,0.0619,0.3039,-0.1052,0.0363,0.9462,0.499,,,,,,,
12,Left,13,0.0000,0.0000,0.0429,0.0993,-0.0032,0.0118,0.9950,0.499,,,,,,,
12,Left,14,0.0000,0.0000,0.0275,0.0087,-0.0002,0.0445,0.9990,0.499,,,,,,,
12,Left,15,-0.0003,0.0011,0.0250,0.0000,0.0000,0.0000,1.0000,0.499,,,,,,,
12,Left,16,-0.0150,-0.0060,0.0348,0.0000,0.0000,0.0000,1.0000,0.499,,,,,,,
12,Left,17,-0.0025,-0.0005,0.0539,0.3461,-0.1235,0.0921,0.9255,0.499,,,,,,,
12,Left,18,0.0000,0.0000,0.0390,0.0991,0.0004,0.0358,0.9944,0.499,,,,,,,
12,Left,19,0.0000,0.0000,0.0266,0.0621,0.0295,0.0076,0.9976,0.499,,,,,,,
12,Left,20,-0.0003,0.0016,0.0243,0.0000,0.0000,0.0000,1.0000,0.499,,,,,,,
12,Left,21,-0.0230,-0.0094,0.0341,0.0183,-0.1403,0.2070,0.9680,0.499,,,,,,,
12,Left,22,0.0000,0.0000,0.0457,0.2419,-0.0398,-0.0738,0.9667,0.499,,,,,,,
12,Left,23,0.0000,0.0000,0.0307,0.1765,-0.0349,0.0537,0.9822,0.499,,,,,,,
12,Left,24,0.0000,0.0000,0.0203,0.0439,0.0491,-0.0009,0.9978,0.499,,,,,,,
12,Left,25,0.0002,0.0012,0.0219,0.0000,0.0000,0.0000,1.0000,0.499,,,,,,,
12,Right,0,-0.0009,-0.0060,0.0658,0.0000,0.0000,0.0000,1.0000,0.499,,,,,,,
12,Right,1,0.0000,0.0000,0.0000,0.0000,0.0000,0.0000,1.0000,0.499,0.2005,0.2391,0.0392,0.5059,0.4255,-0.4676,0.5868
12,Right,2,-0.0230,-0.0236,0.0379,0.1337,-0.3664,0.7015,0.5964,0.499,,,,,,,
12,Right,3,0.0000,0.0000,0.0325,0.2160,0.0506,-0.0817,0.9717,0.499,,,,,,,
12,Right,4,0.0000,0.0000,0.0338,-0.0551,-0.0648,0.0834,0.9929,0.499,,,,,,,
12,Right,5,0.0007,0.0010,0.0246,0.0000,0.0000,0.0000,1.0000,0.499,,,,,,,
12,Right,6,-0.0162,-0.0132,0.0381,0.0000,0.0000,0.0000,1.0000,0.499,,,,,,,
12,Right,7,-0.0073,0.0059,0.0579,0.3668,0.0697,0.0188,0.9275,0.499,,,,,,,
12,Right,8,0.0000,0.0000,0.0379,0.2386,0.0008,-0.0263,0.9708,0.499,,,,,,,
12,Right,9,0.0000,0.0000,0.0243,0.1000,0.0243,-0.0169,0.9946,0.499,,,,,,,
12,Right,10,0.0003,0.0010,0.0224,0.0000,0.0000,0.0000,1.0000,0.499,,,,,,,
12,Right,11,0.0000,-0.0095,0.0360,0.0000,0.0000,0.0000,1.0000,0.499,,,,,,,
12,Right,12,-0.0017,0.0070,0.0597,0.3871,0.0944,-0.0424,0.9162,0.499,,,,,,,
12,Right,13,0.0000,0.0000,0.0429,0.2063,0.0019,-0.0123,0.9784,0.499,,,,,,,
12,Right,14,0.0000,0.0000,0.0275,0.0642,-0.0023,-0.0498,0.9967,0.499,,,,,,,
12,Right,15,0.0003,0.0011,0.0250,0.0000,0.0000,0.0000,1.0000,0.499,,,,,,,
12,Right,16,0.0150,-0.0060,0.0348,0.0000,0.0000,0.0000,1.0000,0.499,,,,,,,
12,Right,17,0.0025,-0.0005,0.0539,0.4045,0.0998,-0.0926,0.9044,0.499,,,,,,,
12,Right,18,0.0000,0.0000,0.0390,0.1914,-0.0035,-0.0377,0.9808,0.499,,,,,,,
12,Right,19,0.0000,0.0000,0.0266,0.1177,-0.0296,-0.0101,0.9926,0.499,,,,,,,
12,Right,20,0.0003,0.0016,0.0243,0.0000,0.0000,0.0000,1.0000,0.499,,,,,,,
12,Right,21,0.0230,-0.0094,0.0341,0.0183,0.1403,-0.2070,0.9680,0.499,,,,,,,
12,Right,22,0.0000,0.0000,0.0457,0.3306,0.0065,0.0794,0.9404,0.499,,,,,,,
12,Right,23,0.0000,0.0000,0.0307,0.2144,0.0331,-0.0567,0.9745,0.499,,,,,,,
12,Right,24,0.0000,0.0000,0.0203,0.1143,-0.0488,0.0011,0.9923,0.499,,,,,,,
12,Right,25,-0.0002,0.0012,0.0219,0.0000,0.0000,0.0000,1.0000,0.499,,,,,,,
13,Left,0,0.0029,-0.0048,0.0647,0.0000,0.0000,0.0000,1.0000,0.541,,,,,,,
13,Left,1,0.0000,0.0000,0.0000,0.0000,0.0000,0.0000,1.0000,0.541,-0.1192,0.1985,-0.0233,-0.5104,0.7122,-0.4819,-0.0066
13,Left,2,0.0313,-0.0139,0.0334,-0.1665,0.3195,-0.5130,0.7791,0.541,,,,,,,
13,Left,3,0.0000,0.0000,0.0325,0.0100,-0.0694,0.0832,0.9941,0.541,,,,,,,
13,Left,4,0.0000,0.0000,0.0338,-0.1457,0.0717,-0.0848,0.9831,0.541,,,,,,,
13,Left,5,-0.0007,0.0010,0.0246,0.0000,0.0000,0.0000,1.0000,0.541,,,,,,,
13,Left,6,0.0204,-0.0084,0.0359,0.0000,0.0000,0.0000,1.0000,0.541,,,,,,,
13,Left,7,0.0032,0.0011,0.0601,0.1974,-0.0836,-0.0233,0.9765,0.541,,,,,,,
13,Left,8,0.0000,0.0000,0.0379,0.1280,-0.0038,0.0263,0.9914,0.541,,,,,,,
13,Left,9,0.0000,0.0000,0.0243,0.0317,-0.0255,0.0166,0.9990,0.541,,,,,,,
13,Left,10,-0.0003,0.0010,0.0224,0.0000,0.0000,0.0000,1.0000,0.541,,,,,,,
13,Left,11,0.0042,-0.0071,0.0337,0.0000,0.0000,0.0000,1.0000,0.541,,,,,,,
13,Left,12,-0.0024,0.0045,0.0619,0.3045,-0.1050,0.0363,0.9460,0.541,,,,,,,
13,Left,13,0.0000,0.0000,0.0429,0.0865,-0.0034,0.0118,0.9962,0.541,,,,,,,
13,Left,14,0.0000,0.0000,0.0275,0.0017,-0.0005,0.0438,0.9990,0.541,,,,,,,
13,Left,15,-0.0003,0.0011,0.0250,0.0000,0.0000,0.0000,1.0000,0.541,,,,,,,
13,Left,16,-0.0150,-0.0060,0.0348,0.0000,0.0000,0.0000,1.0000,0.541,,,,,,,
13,Left,17,-0.0025,-0.0005,0.0539,0.3447,-0.1225,0.0916,0.9262,0.541,,,,,,,
13,Left,18,0.0000,0.0000,0.0390,0.0915,0.0001,0.0357,0.9952,0.541,,,,,,,
13,Left,19,0.0000,0.0000,0.0266,0.0603,0.0295,0.0075,0.9977,0.541,,,,,,,
13,Left,20,-0.0003,0.0016,0.0243,0.0000,0.0000,0.0000,1.0000,0.541,,,,,,,
13,Left,21,-0.0230,-0.0094,0.0341,0.0183,-0.1403,0.2070,0.9680,0.541,,,,,,,
13,Left,22,0.0000,0.0000,0.0457,0.2424,-0.0333,-0.0754,0.9667,0.541,,,,,,,
13,Left,23,0.0000,0.0000,0.0307,0.1742,-0.0350,0.0535,0.9826,0.541,,,,,,,
13,Left,24,0.0000,0.0000,0.0203,0.0425,0.0491,-0.0009,0.9979,0.541,,,,,,,
13,Left,25,0.0002,0.0012,0.0219,0.0000,0.0000,0.0000,1.0000,0.541,,,,,,,
13,Right,0,-0.0009,-0.0060,0.0658,0.0000,0.0000,0.0000,1.0000,0.541,,,,,,,
13,Right,1,0.0000,0.0000,0.0000,0.0000,0.0000,0.0000,1.0000,0.541,0.1995,0.2387,0.0370,0.5069,0.4320,-0.4704,0.5789
13,Right,2,-0.0230,-0.0236,0.0379,0.1346,-0.3671,0.7015,0.5958,0.541,,,,,,,
13,Right,3,0.0000,0.0000,0.0325,0.2174,0.0504,-0.0817,0.9713,0.541,,,,,,,
13,Right,4,0.0000,0.0000,0.0338,-0.0566,-0.0649,0.0835,0.9928,0.541,,,,,,,
13,Right,5,0.0007,0.0010,0.0246,0.0000,0.0000,0.0000,1.0000,0.541,,,,,,,
13,Right,6,-0.0162,-0.0132,0.0381,0.0000,0.0000,0.0000,1.0000,0.541,,,,,,,
13,Right,7,-0.0073,0.0059,0.0579,0.3621,0.0702,0.0189,0.9293,0.541,,,,,,,
13,Right,8,0.0000,0.0000,0.0379,0.2401,0.0008,-0.0263,0.9704,0.541,,,,,,,
13,Right,9,0.0000,0.0000,0.0243,0.1007,0.0242,-0.0169,0.9945,0.541,,,,,,,
13,Right,10,0.0003,0.0010,0.0224,0.0000,0.0000,0.0000,1.0000,0.541,,,,,,,
13,Right,11,0.0000,-0.0095,0.0360,0.0000,0.0000,0.0000,1.0000,0.541,,,,,,,
13,Right,12,-0.0017,0.0070,0.0597,0.3863,0.0945,-0.0424,0.9166,0.541,,,,,,,
13,Right,13,0.0000,0.0000,0.0429,0.2054,0.0020,-0.0123,0.9786,0.541,,,,,,,
13,Right,14,0.0000,0.0000,0.0275,0.0636,-0.0022,-0.0498,0.9967,0.541,,,,,,,
13,Right,15,0.0003,0.0011,0.0250,0.0000,0.0000,0.0000,1.0000,0.541,,,,,,,
13,Right,16,0.0150,-0.0060,0.0348,0.0000,0.0000,0.0000,1.0000,0.541,,,,,,,
13,Right,17,0.0025,-0.0005,0.0539,0.4023,0.0993,-0.0922,0.9054,0.541,,,,,,,
13,Right,18,0.0000,0.0000,0.0390,0.1907,-0.0035,-0.0377,0.9809,0.541,,,,,,,
13,Right,19,0.0000,0.0000,0.0266,0.1167,-0.0296,-0.0101,0.9927,0.541,,,,,,,
13,Right,20,0.0003,0.0016,0.0243,0.0000,0.0000,0.0000,1.0000,0.541,,,,,,,
13,Right,21,0.0230,-0.0094,0.0341,0.0183,0.1403,-0.2070,0.9680,0.541,,,,,,,
13,Right,22,0.0000,0.0000,0.0457,0.3257,0.0057,0.0798,0.9421,0.541,,,,,,,
13,Right,23,0.0000,0.0000,0.0307,0.2135,0.0331,-0.0566,0.9747,0.541,,,,,,,
13,Right,24,0.0000,0.0000,0.0203,0.1129,-0.0488,0.0011,0.9924,0.541,,,,,,,
13,Right,25,-0.0002,0.0012,0.0219,0.0000,0.0000,0.0000,1.0000,0.541,,,,,,,
14,Left,0,0.0030,-0.0048,0.0647,0.0000,0.0000,0.0000,1.0000,0.582,,,,,,,
14,Left,1,0.0000,0.0000,0.0000,0.0000,0.0000,0.0000,1.0000,0.582,-0.1181,0.1981,-0.0244,-0.5097,0.7016,-0.4979,0.0042
14,Left,2,0.0315,-0.0136,0.0333,-0.1707,0.3212,-0.5077,0.7810,0.582,,,,,,,
14,Left,3,0.0000,0.0000,0.0325,0.0091,-0.0694,0.0832,0.9941,0.582,,,,,,,
14,Left,4,0.0000,0.0000,0.0338,-0.1483,0.0719,-0.0848,0.9827,0.582,,,,,,,
14,Left,5,-0.0007,0.0010,0.0246,0.0000,0.0000,0.0000,1.0000,0.582,,,,,,,
14,Left,6,0.0204,-0.0082,0.0358,0.0000,0.0000,0.0000,1.0000,0.582,,,,,,,
14,Left,7,0.0031,0.0009,0.0602,0.1973,-0.0825,-0.0234,0.9766,0.582,,,,,,,
14,Left,8,0.0000,0.0000,0.0379,0.1137,-0.0042,0.0263,0.9932,0.582,,,,,,,
14,Left,9,0.0000,0.0000,0.0243,0.0255,-0.0256,0.0166,0.9992,0.582,,,,,,,
14,Left,10,-0.0003,0.0010,0.0224,0.0000,0.0000,0.0000,1.0000,0.582,,,,,,,
14,Left,11,0.0042,-0.0070,0.0337,0.0000,0.0000,0.0000,1.0000,0.582,,,,,,,
14,Left,12,-0.0025,0.0045,0.0620,0.3037,-0.1044,0.0360,0.9463,0.582,,,,,,,
14,Left,13,0.0000,0.0000,0.0429,0.0731,-0.0035,0.0117,0.9972,0.582,,,,,,,
14,Left,14,0.0000,0.0000,0.0275,-0.0051,-0.0008,0.0431,0.9991,0.582,,,,,,,
14,Left,15,-0.0003,0.0011,0.0250,0.0000,0.0000,0.0000,1.0000,0.582,,,,,,,
14,Left,16,-0.0150,-0.0060,0.0348,0.0000,0.0000,0.0000,1.0000,0.582,,,,,,,
14,Left,17,-0.0025,-0.0005,0.0539,0.3370,-0.1220,0.0902,0.9292,0.582,,,,,,,
14,Left,18,0.0000,0.0000,0.0390,0.0857,-0.0001,0.0355,0.9957,0.582,,,,,,,
14,Left,19,0.0000,0.0000,0.0266,0.0583,0.0295,0.0074,0.9978,0.582,,,,,,,
14,Left,20,-0.0003,0.0016,0.0243,0.0000,0.0000,0.0000,1.0000,0.582,,,,,,,
14,Left,21,-0.0230,-0.0094,0.0341,0.0183,-0.1403,0.2070,0.9680,0.582,,,,,,,
14,Left,22,0.0000,0.0000,0.0457,0.2415,-0.0322,-0.0757,0.9669,0.582,,,,,,,
14,Left,23,0.0000,0.0000,0.0307,0.1657,-0.0354,0.0528,0.9841,0.582,,,,,,,
14,Left,24,0.0000,0.0000,0.0203,0.0409,0.0491,-0.0009,0.9980,0.582,,,,,,,
14,Left,25,0.0002,0.0012,0.0219,0.0000,0.0000,0.0000,1.0000,0.582,,,,,,,
14,Right,0,-0.0009,-0.0060,0.0658,0.0000,0.0000,0.0000,1.0000,0.582,,,,,,,
14,Right,1,0.0000,0.0000,0.0000,0.0000,0.0000,0.0000,1.0000,0.582,0.1985,0.2386,0.0360,0.5087,0.4402,-0.4714,0.5703
14,Right,2,-0.0230,-0.0236,0.0379,0.1354,-0.3677,0.7015,0.5953,0.582,,,,,,,
14,Right,3,0.0000,0.0000,0.0325,0.2181,0.0503,-0.0817,0.9712,0.582,,,,,,,
14,Right,4,0.0000,0.0000,0.0338,-0.0583,-0.0650,0.0835,0.9927,0.582,,,,,,,
14,Right,5,0.0007,0.0010,0.0246,0.0000,0.0000,0.0000,1.0000,0.582,,,,,,,
14,Right,6,-0.0162,-0.0132,0.0381,0.0000,0.0000,0.0000,1.0000,0.582,,,,,,,
14,Right,7,-0.0073,0.0059,0.0579,0.3567,0.0706,0.0190,0.9314,0.582,,,,,,,
14,Right,8,0.0000,0.0000,0.0379,0.2421,0.0007,-0.0263,0.9699,0.582,,,,,,,
14,Right,9,0.0000,0.0000,0.0243,0.1016,0.0242,-0.0169,0.9944,0.582,,,,,,,
14,Right,10,0.0003,0.0010,0.0224,0.0000,0.0000,0.0000,1.0000,0.582,,,,,,,
14,Right,11,0.0000,-0.0095,0.0360,0.0000,0.0000,0.0000,1.0000,0.582,,,,,,,
14,Right,12,-0.0017,0.0070,0.0597,0.3854,0.0945,-0.0423,0.9169,0.582,,,,,,,
14,Right,13,0.0000,0.0000,0.0429,0.2043,0.0020,-0.0123,0.9788,0.582,,,,,,,
14,Right,14,0.0000,0.0000,0.0275,0.0626,-0.0022,-0.0497,0.9968,0.582,,,,,,,
14,Right,15,0.0003,0.0011,0.0250,0.0000,0.0000,0.0000,1.0000,0.582,,,,,,,
14,Right,16,0.0150,-0.0060,0.0348,0.0000,0.0000,0.0000,1.0000,0.582,,,,,,,
14,Right,17,0.0025,-0.0005,0.0539,0.4011,0.0991,-0.0919,0.9060,0.582,,,,,,,
14,Right,18,0.0000,0.0000,0.0390,0.1885,-0.0034,-0.0377,0.9813,0.582,,,,,,,
14,Right,19,0.0000,0.0000,0.0266,0.1150,-0.0296,-0.0100,0.9929,0.582,,,,,,,
14,Right,20,0.0003,0.0016,0.0243,0.0000,0.0000,0.0000,1.0000,0.582,,,,,,,
14,Right,21,0.0230,-0.0094,0.0341,0.0183,0.1403,-0.2070,0.9680,0.582,,,,,,,
14,Right,22,0.0000,0.0000,0.0457,0.3246,0.0057,0.0798,0.9424,0.582,,,,,,,
14,Right,23,0.0000,0.0000,0.0307,0.2109,0.0333,-0.0564,0.9753,0.582,,,,,,,
14,Right,24,0.0000,0.0000,0.0203,0.1064,-0.0488,0.0011,0.9931,0.582,,,,,,,
14,Right,25,-0.0002,0.0012,0.0219,0.0000,0.0000,0.0000,1.0000,0.582,,,,,,,
15,Left,0,0.0030,-0.0048,0.0646,0.0000,0.0000,0.0000,1.0000,0.624,,,,,,,
15,Left,1,0.0000,0.0000,0.0000,0.0000,0.0000,0.0000,1.0000,0.624,-0.1156,0.1970,-0.0246,-0.5052,0.6996,-0.5052,0.0115
15,Left,2,0.0315,-0.0134,0.0332,-0.1720,0.3229,-0.5055,0.7814,0.624,,,,,,,
15,Left,3,0.0000,0.0000,0.0325,0.0081,-0.0695,0.0832,0.9941,0.624,,,,,,,
15,Left,4,0.0000,0.0000,0.0338,-0.1562,0.0724,-0.0849,0.9814,0.624,,,,,,,
15,Left,5,-0.0007,0.0010,0.0246,0.0000,0.0000,0.0000,1.0000,0.624,,,,,,,
15,Left,6,0.0205,-0.0082,0.0358,0.0000,0.0000,0.0000,1.0000,0.624,,,,,,,
15,Left,7,0.0031,0.0009,0.0602,0.1970,-0.0820,-0.0235,0.9767,0.624,,,,,,,
15,Left,8,0.0000,0.0000,0.0379,0.1108,-0.0043,0.0263,0.9935,0.624,,,,,,,
15,Left,9,0.0000,0.0000,0.0243,0.0239,-0.0256,0.0166,0.9992,0.624,,,,,,,
15,Left,10,-0.0003,0.0010,0.0224,0.0000,0.0000,0.0000,1.0000,0.624,,,,,,,
15,Left,11,0.0043,-0.0070,0.0336,0.0000,0.0000,0.0000,1.0000,0.624,,,,,,,
15,Left,12,-0.0025,0.0044,0.0620,0.3016,-0.1038,0.0356,0.9471,0.624,,,,,,,
15,Left,13,0.0000,0.0000,0.0429,0.0662,-0.0036,0.0116,0.9977,0.624,,,,,,,
15,Left,14,0.0000,0.0000,0.0275,-0.0077,-0.0009,0.0429,0.9991,0.624,,,,,,,
15,Left,15,-0.0003,0.0011,0.0250,0.0000,0.0000,0.0000,1.0000,0.624,,,,,,,
15,Left,16,-0.0150,-0.0060,0.0348,0.0000,0.0000,0.0000,1.0000,0.624,,,,,,,
15,Left,17,-0.0025,-0.0005,0.0539,0.3279,-0.1214,0.0887,0.9327,0.624,,,,,,,
15,Left,18,0.0000,0.0000,0.0390,0.0818,-0.0002,0.0354,0.9960,0.624,,,,,,,
15,Left,19,0.0000,0.0000,0.0266,0.0564,0.0295,0.0073,0.9979,0.624,,,,,,,
15,Left,20,-0.0003,0.0016,0.0243,0.0000,0.0000,0.0000,1.0000,0.624,,,,,,,
15,Left,21,-0.0230,-0.0094,0.0341,0.0183,-0.1403,0.2070,0.9680,0.624,,,,,,,
15,Left,22,0.0000,0.0000,0.0457,0.2406,-0.0309,-0.0761,0.9671,0.624,,,,,,,
15,Left,23,0.0000,0.0000,0.0307,0.1582,-0.0357,0.0522,0.9854,0.624,,,,,,,
15,Left,24,0.0000,0.0000,0.0203,0.0393,0.0491,-0.0009,0.9980,0.624,,,,,,,
15,Left,25,0.0002,0.0012,0.0219,0.0000,0.0000,0.0000,1.0000,0.624,,,,,,,
15,Right,0,-0.0009,-0.0060,0.0658,0.0000,0.0000,0.0000,1.0000,0.624,,,,,,,
15,Right,1,0.0000,0.0000,0.0000,0.0000,0.0000,0.0000,1.0000,0.624,0.1975,0.2385,0.0347,0.5098,0.4424,-0.4713,0.5676
15,Right,2,-0.0230,-0.0236,0.0379,0.1367,-0.3686,0.7014,0.5945,0.624,,,,,,,
15,Right,3,0.0000,0.0000,0.0325,0.2187,0.0503,-0.0817,0.9711,0.624,,,,,,,
15,Right,4,0.0000,0.0000,0.0338,-0.0595,-0.0651,0.0835,0.9926,0.624,,,,,,,
15,Right,5,0.0007,0.0010,0.0246,0.0000,0.0000,0.0000,1.0000,0.624,,,,,,,
15,Right,6,-0.0162,-0.0133,0.0381,0.0000,0.0000,0.0000,1.0000,0.624,,,,,,,
15,Right,7,-0.0073,0.0059,0.0579,0.3552,0.0710,0.0189,0.9319,0.624,,,,,,,
15,Right,8,0.0000,0.0000,0.0379,0.2447,0.0007,-0.0263,0.9692,0.624,,,,,,,
15,Right,9,0.0000,0.0000,0.0243,0.1024,0.0242,-0.0169,0.9943,0.624,,,,,,,
15,Right,10,0.0003,0.0010,0.0224,0.0000,0.0000,0.0000,1.0000,0.624,,,,,,,
15,Right,11,0.0000,-0.0095,0.0360,0.0000,0.0000,0.0000,1.0000,0.624,,,,,,,
15,Right,12,-0.0017,0.0070,0.0597,0.3850,0.0944,-0.0422,0.9171,0.624,,,,,,,
15,Right,13,0.0000,0.0000,0.0429,0.2027,0.0020,-0.0123,0.9792,0.624,,,,,,,
15,Right,14,0.0000,0.0000,0.0275,0.0613,-0.0021,-0.0495,0.9969,0.624,,,,,,,
15,Right,15,0.0003,0.0011,0.0250,0.0000,0.0000,0.0000,1.0000,0.624,,,,,,,
15,Right,16,0.0150,-0.0060,0.0348,0.0000,0.0000,0.0000,1.0000,0.624,,,,,,,
15,Right,17,0.0025,-0.0005,0.0539,0.4003,0.0987,-0.0916,0.9064,0.624,,,,,,,
15,Right,18,0.0000,0.0000,0.0390,0.1834,-0.0032,-0.0376,0.9823,0.624,,,,,,,
15,Right,19,0.0000,0.0000,0.0266,0.1117,-0.0296,-0.0099,0.9933,0.624,,,,,,,
15,Right,20,0.0003,0.0016,0.0243,0.0000,0.0000,0.0000,1.0000,0.624,,,,,,,
15,Right,21,0.0230,-0.0094,0.0341,0.0183,0.1403,-0.2070,0.9680,0.624,,,,,,,
15,Right,22,0.0000,0.0000,0.0457,0.3237,0.0058,0.0798,0.9428,0.624,,,,,,,
15,Right,23,0.0000,0.0000,0.0307,0.2077,0.0334,-0.0562,0.9760,0.624,,,,,,,
15,Right,24,0.0000,0.0000,0.0203,0.1014,-0.0488,0.0011,0.9937,0.624,,,,,,,
15,Right,25,-0.0002,0.0012,0.0219,0.0000,0.0000,0.0000,1.0000,0.624,,,,,,,
16,Left,0,0.0030,-0.0047,0.0646,0.0000,0.0000,0.0000,1.0000,0.665,,,,,,,
16,Left,1,0.0000,0.0000,0.0000,0.0000,0.0000,0.0000,1.0000,0.665,-0.1114,0.1947,-0.0257,-0.5015,0.6977,-0.5113,0.0159
16,Left,2,0.0316,-0.0132,0.0331,-0.1741,0.3251,-0.5022,0.7821,0.665,,,,,,,
16,Left,3,0.0000,0.0000,0.0325,0.0072,-0.0696,0.0832,0.9941,0.665,,,,,,,
16,Left,4,0.0000,0.0000,0.0338,-0.1627,0.0729,-0.0849,0.9803,0.665,,,,,,,
16,Left,5,-0.0007,0.0010,0.0246,0.0000,0.0000,0.0000,1.0000,0.665,,,,,,,
16,Left,6,0.0205,-0.0081,0.0357,0.0000,0.0000,0.0000,1.0000,0.665,,,,,,,
16,Left,7,0.0030,0.0008,0.0603,0.1957,-0.0813,-0.0237,0.9770,0.665,,,,,,,
16,Left,8,0.0000,0.0000,0.0379,0.1054,-0.0044,0.0262,0.9941,0.665,,,,,,,
16,Left,9,0.0000,0.0000,0.0243,0.0218,-0.0257,0.0166,0.9993,0.665,,,,,,,
16,Left,10,-0.0003,0.0010,0.0224,0.0000,0.0000,0.0000,1.0000,0.665,,,,,,,
16,Left,11,0.0043,-0.0069,0.0336,0.0000,0.0000,0.0000,1.0000,0.665,,,,,,,
16,Left,12,-0.0026,0.0044,0.0621,0.2998,-0.1027,0.0351,0.9478,0.665,,,,,,,
16,Left,13,0.0000,0.0000,0.0429,0.0587,-0.0037,0.0116,0.9982,0.665,,,,,,,
16,Left,14,0.0000,0.0000,0.0275,-0.0094,-0.0010,0.0427,0.9990,0.665,,,,,,,
16,Left,15,-0.0003,0.0011,0.0250,0.0000,0.0000,0.0000,1.0000,0.665,,,,,,,
16,Left,16,-0.0150,-0.0060,0.0348,0.0000,0.0000,0.0000,1.0000,0.665,,,,,,,
16,Left,17,-0.0025,-0.0005,0.0539,0.3237,-0.1200,0.0877,0.9344,0.665,,,,,,,
16,Left,18,0.0000,0.0000,0.0390,0.0774,-0.0004,0.0353,0.9964,0.665,,,,,,,
16,Left,19,0.0000,0.0000,0.0266,0.0548,0.0295,0.0072,0.9980,0.665,,,,,,,
16,Left,20,-0.0003,0.0016,0.0243,0.0000,0.0000,0.0000,1.0000,0.665,,,,,,,
16,Left,21,-0.0230,-0.0094,0.0341,0.0183,-0.1403,0.2070,0.9680,0.665,,,,,,,
16,Left,22,0.0000,0.0000,0.0457,0.2401,-0.0293,-0.0765,0.9673,0.665,,,,,,,
16,Left,23,0.0000,0.0000,0.0307,0.1546,-0.0359,0.0519,0.9860,0.665,,,,,,,
16,Left,24,0.0000,0.0000,0.0203,0.0378,0.0491,-0.0009,0.9981,0.665,,,,,,,
16,Left,25,0.0002,0.0012,0.0219,0.0000,0.0000,0.0000,1.0000,0.665,,,,,,,
16,Right,0,-0.0009,-0.0060,0.0658,0.0000,0.0000,0.0000,1.0000,0.665,,,,,,,
16,Right,1,0.0000,0.0000,0.0000,0.0000,0.0000,0.0000,1.0000,0.665,0.1963,0.2379,0.0322,0.5108,0.4440,-0.4711,0.5657
16,Right,2,-0.0230,-0.0236,0.0379,0.1393,-0.3714,0.7009,0.5929,0.665,,,,,,,
16,Right,3,0.0000,0.0000,0.0325,0.2192,0.0502,-0.0817,0.9710,0.665,,,,,,,
16,Right,4,0.0000,0.0000,0.0338,-0.0607,-0.0652,0.0835,0.9925,0.665,,,,,,,
16,Right,5,0.0007,0.0010,0.0246,0.0000,0.0000,0.0000,1.0000,0.665,,,,,,,
16,Right,6,-0.0162,-0.0132,0.0381,0.0000,0.0000,0.0000,1.0000,0.665,,,,,,,
16,Right,7,-0.0073,0.0059,0.0579,0.3537,0.0712,0.0189,0.9325,0.665,,,,,,,
16,Right,8,0.0000,0.0000,0.0379,0.2470,0.0006,-0.0263,0.9687,0.665,,,,,,,
16,Right,9,0.0000,0.0000,0.0243,0.1033,0.0242,-0.0169,0.9942,0.665,,,,,,,
16,Right,10,0.0003,0.0010,0.0224,0.0000,0.0000,0.0000,1.0000,0.665,,,,,,,
16,Right,11,0.0000,-0.0095,0.0360,0.0000,0.0000,0.0000,1.0000,0.665,,,,,,,
16,Right,12,-0.0017,0.0070,0.0597,0.3848,0.0942,-0.0421,0.9172,0.665,,,,,,,
16,Right,13,0.0000,0.0000,0.0429,0.2012,0.0020,-0.0123,0.9795,0.665,,,,,,,
16,Right,14,0.0000,0.0000,0.0275,0.0600,-0.0021,-0.0494,0.9970,0.665,,,,,,,
16,Right,15,0.0003,0.0011,0.0250,0.0000,0.0000,0.0000,1.0000,0.665,,,,,,,
16,Right,16,0.0150,-0.0060,0.0348,0.0000,0.0000,0.0000,1.0000,0.665,,,,,,,
16,Right,17,0.0025,-0.0005,0.0539,0.3996,0.0985,-0.0914,0.9068,0.665,,,,,,,
16,Right,18,0.0000,0.0000,0.0390,0.1805,-0.0031,-0.0375,0.9829,0.665,,,,,,,
16,Right,19,0.0000,0.0000,0.0266,0.1093,-0.0296,-0.0098,0.9935,0.665,,,,,,,
16,Right,20,0.0003,0.0016,0.0243,0.0000,0.0000,0.0000,1.0000,0.665,,,,,,,
16,Right,21,0.0230,-0.0094,0.0341,0.0183,0.1403,-0.2070,0.9680,0.665,,,,,,,
16,Right,22,0.0000,0.0000,0.0457,0.3228,0.0062,0.0797,0.9431,0.665,,,,,,,
16,Right,23,0.0000,0.0000,0.0307,0.2055,0.0335,-0.0560,0.9765,0.665,,,,,,,
16,Right,24,0.0000,0.0000,0.0203,0.0974,-0.0489,0.0011,0.9940,0.665,,,,,,,
16,Right,25,-0.0002,0.0012,0.0219,0.0000,0.0000,0.0000,1.0000,0.665,,,,,,,
17,Left,0,0.0030,-0.0047,0.0646,0.0000,0.0000,0.0000,1.0000,0.706,,,,,,,
17,Left,1,0.0000,0.0000,0.0000,0.0000,0.0000,0.0000,1.0000,0.706,-0.1076,0.1923,-0.0255,-0.4963,0.6979,-0.5160,0.0209
17,Left,2,0.0317,-0.0130,0.0329,-0.1779,0.3269,-0.4972,0.7838,0.706,,,,,,,
17,Left,3,0.0000,0.0000,0.0325,0.0061,-0.0697,0.0832,0.9941,0.706,,,,,,,
17,Left,4,0.0000,0.0000,0.0338,-0.1680,0.0733,-0.0850,0.9794,0.706,,,,,,,
17,Left,5,-0.0007,0.0010,0.0246,0.0000,0.0000,0.0000,1.0000,0.706,,,,,,,
17,Left,6,0.0206,-0.0079,0.0357,0.0000,0.0000,0.0000,1.0000,0.706,,,,,,,
17,Left,7,0.0030,0.0006,0.0603,0.1942,-0.0803,-0.0239,0.9774,0.706,,,,,,,
17,Left,8,0.0000,0.0000,0.0379,0.1031,-0.0045,0.0262,0.9943,0.706,,,,,,,
17,Left,9,0.0000,0.0000,0.0243,0.0203,-0.0257,0.0165,0.9993,0.706,,,,,,,
17,Left,10,-0.0003,0.0010,0.0224,0.0000,0.0000,0.0000,1.0000,0.706,,,,,,,
17,Left,11,0.0044,-0.0069,0.0335,0.0000,0.0000,0.0000,1.0000,0.706,,,,,,,
17,Left,12,-0.0026,0.0043,0.0621,0.2985,-0.0996,0.0341,0.9486,0.706,,,,,,,
17,Left,13,0.0000,0.0000,0.0429,0.0559,-0.0037,0.0116,0.9984,0.706,,,,,,,
17,Left,14,0.0000,0.0000,0.0275,-0.0111,-0.0010,0.0425,0.9990,0.706,,,,,,,
17,Left,15,-0.0003,0.0011,0.0250,0.0000,0.0000,0.0000,1.0000,0.706,,,,,,,
17,Left,16,-0.0150,-0.0060,0.0348,0.0000,0.0000,0.0000,1.0000,0.706,,,,,,,
17,Left,17,-0.0025,-0.0005,0.0539,0.3223,-0.1186,0.0871,0.9351,0.706,,,,,,,
17,Left,18,0.0000,0.0000,0.0390,0.0725,-0.0005,0.0352,0.9967,0.706,,,,,,,
17,Left,19,0.0000,0.0000,0.0266,0.0530,0.0295,0.0071,0.9981,0.706,,,,,,,
17,Left,20,-0.0003,0.0016,0.0243,0.0000,0.0000,0.0000,1.0000,0.706,,,,,,,
17,Left,21,-0.0230,-0.0094,0.0341,0.0183,-0.1403,0.2070,0.9680,0.706,,,,,,,
17,Left,22,0.0000,0.0000,0.0457,0.2403,-0.0283,-0.0767,0.9673,0.706,,,,,,,
17,Left,23,0.0000,0.0000,0.0307,0.1528,-0.0360,0.0517,0.9862,0.706,,,,,,,
17,Left,24,0.0000,0.0000,0.0203,0.0366,0.0491,-0.0009,0.9981,0.706,,,,,,,
17,Left,25,0.0002,0.0012,0.0219,0.0000,0.0000,0.0000,1.0000,0.706,,,,,,,
17,Right,0,-0.0009,-0.0060,0.0658,0.0000,0.0000,0.0000,1.0000,0.706,,,,,,,
17,Right,1,0.0000,0.0000,0.0000,0.0000,0.0000,0.0000,1.0000,0.706,0.1951,0.2376,0.0301,0.5106,0.4443,-0.4717,0.5651
17,Right,2,-0.0230,-0.0235,0.0379,0.1443,-0.3769,0.6996,0.5896,0.706,,,,,,,
17,Right,3,0.0000,0.0000,0.0325,0.2191,0.0502,-0.0817,0.9710,0.706,,,,,,,
17,Right,4,0.0000,0.0000,0.0338,-0.0622,-0.0653,0.0836,0.9924,0.706,,,,,,,
17,Right,5,0.0007,0.0010,0.0246,0.0000,0.0000,0.0000,1.0000,0.706,,,,,,,
17,Right,6,-0.0162,-0.0132,0.0381,0.0000,0.0000,0.0000,1.0000,0.706,,,,,,,
17,Right,7,-0.0073,0.0059,0.0579,0.3524,0.0712,0.0190,0.9330,0.706,,,,,,,
17,Right,8,0.0000,0.0000,0.0379,0.2492,0.0005,-0.0263,0.9681,0.706,,,,,,,
17,Right,9,0.0000,0.0000,0.0243,0.1041,0.0242,-0.0169,0.9941,0.706,,,,,,,
17,Right,10,0.0003,0.0010,0.0224,0.0000,0.0000,0.0000,1.0000,0.706,,,,,,,
17,Right,11,0.0000,-0.0095,0.0360,0.0000,0.0000,0.0000,1.0000,0.706,,,,,,,
17,Right,12,-0.0017,0.0070,0.0597,0.3846,0.0941,-0.0420,0.9173,0.706,,,,,,,
17,Right,13,0.0000,0.0000,0.0429,0.2007,0.0020,-0.0123,0.9796,0.706,,,,,,,
17,Right,14,0.0000,0.0000,0.0275,0.0595,-0.0020,-0.0494,0.9970,0.706,,,,,,,
17,Right,15,0.0003,0.0011,0.0250,0.0000,0.0000,0.0000,1.0000,0.706,,,,,,,
17,Right,16,0.0150,-0.0060,0.0348,0.0000,0.0000,0.0000,1.0000,0.706,,,,,,,
17,Right,17,0.0025,-0.0005,0.0539,0.3990,0.0980,-0.0912,0.9071,0.706,,,,,,,
17,Right,18,0.0000,0.0000,0.0390,0.1795,-0.0031,-0.0375,0.9830,0.706,,,,,,,
17,Right,19,0.0000,0.0000,0.0266,0.1080,-0.0296,-0.0097,0.9937,0.706,,,,,,,
17,Right,20,0.0003,0.0016,0.0243,0.0000,0.0000,0.0000,1.0000,0.706,,,,,,,
17,Right,21,0.0230,-0.0094,0.0341,0.0183,0.1403,-0.2070,0.9680,0.706,,,,,,,
17,Right,22,0.0000,0.0000,0.0457,0.3216,0.0067,0.0796,0.9435,0.706,,,,,,,
17,Right,23,0.0000,0.0000,0.0307,0.2025,0.0337,-0.0557,0.9771,0.706,,,,,,,
17,Right,24,0.0000,0.0000,0.0203,0.0939,-0.0489,0.0010,0.9944,0.706,,,,,,,
17,Right,25,-0.0002,0.0012,0.0219,0.0000,0.0000,0.0000,1.0000,0.706,,,,,,,
18,Left,0,0.0031,-0.0047,0.0645,0.0000,0.0000,0.0000,1.0000,0.748,,,,,,,
18,Left,1,0.0000,0.0000,0.0000,0.0000,0.0000,0.0000,1.0000,0.748,-0.1025,0.1891,-0.0271,-0.4863,0.6981,-0.5249,0.0275
18,Left,2,0.0318,-0.0127,0.0328,-0.1781,0.3348,-0.4940,0.7824,0.748,,,,,,,
18,Left,3,0.0000,0.0000,0.0325,0.0053,-0.0698,0.0832,0.9941,0.748,,,,,,,
18,Left,4,0.0000,0.0000,0.0338,-0.1692,0.0734,-0.0850,0.9792,0.748,,,,,,,
18,Left,5,-0.0007,0.0010,0.0246,0.0000,0.0000,0.0000,1.0000,0.748,,,,,,,
18,Left,6,0.0206,-0.0078,0.0356,0.0000,0.0000,0.0000,1.0000,0.748,,,,,,,
18,Left,7,0.0029,0.0005,0.0604,0.1892,-0.0801,-0.0242,0.9784,0.748,,,,,,,
18,Left,8,0.0000,0.0000,0.0379,0.1013,-0.0045,0.0262,0.9945,0.748,,,,,,,
18,Left,9,0.0000,0.0000,0.0243,0.0190,-0.0257,0.0165,0.9994,0.748,,,,,,,
18,Left,10,-0.0003,0.0010,0.0224,0.0000,0.0000,0.0000,1.0000,0.748,,,,,,,
18,Left,11,0.0044,-0.0068,0.0334,0.0000,0.0000,0.0000,1.0000,0.748,,,,,,,
18,Left,12,-0.0027,0.0043,0.0622,0.2982,-0.0986,0.0338,0.9488,0.748,,,,,,,
18,Left,13,0.0000,0.0000,0.0429,0.0537,-0.0037,0.0116,0.9985,0.748,,,,,,,
18,Left,14,0.0000,0.0000,0.0275,-0.0127,-0.0011,0.0424,0.9990,0.748,,,,,,,
18,Left,15,-0.0003,0.0011,0.0250,0.0000,0.0000,0.0000,1.0000,0.748,,,,,,,
18,Left,16,-0.0150,-0.0060,0.0348,0.0000,0.0000,0.0000,1.0000,0.748,,,,,,,
18,Left,17,-0.0025,-0.0005,0.0539,0.3220,-0.1172,0.0866,0.9355,0.748,,,,,,,
18,Left,18,0.0000,0.0000,0.0390,0.0709,-0.0006,0.0352,0.9969,0.748,,,,,,,
18,Left,19,0.0000,0.0000,0.0266,0.0514,0.0295,0.0071,0.9982,0.748,,,,,,,
18,Left,20,-0.0003,0.0016,0.0243,0.0000,0.0000,0.0000,1.0000,0.748,,,,,,,
18,Left,21,-0.0230,-0.0094,0.0341,0.0183,-0.1403,0.2070,0.9680,0.748,,,,,,,
18,Left,22,0.0000,0.0000,0.0457,0.2414,-0.0268,-0.0770,0.9670,0.748,,,,,,,
18,Left,23,0.0000,0.0000,0.0307,0.1515,-0.0360,0.0516,0.9865,0.748,,,,,,,
18,Left,24,0.0000,0.0000,0.0203,0.0354,0.0491,-0.0008,0.9982,0.748,,,,,,,
18,Left,25,0.0002,0.0012,0.0219,0.0000,0.0000,0.0000,1.0000,0.748,,,,,,,
18,Right,0,-0.0009,-0.0060,0.0658,0.0000,0.0000,0.0000,1.0000,0.748,,,,,,,
18,Right,1,0.0000,0.0000,0.0000,0.0000,0.0000,0.0000,1.0000,0.748,0.1940,0.2372,0.0281,0.5097,0.4449,-0.4775,0.5607
18,Right,2,-0.0231,-0.0235,0.0379,0.1469,-0.3802,0.6988,0.5878,0.748,,,,,,,
18,Right,3,0.0000,0.0000,0.0325,0.2179,0.0504,-0.0817,0.9713,0.748,,,,,,,
18,Right,4,0.0000,0.0000,0.0338,-0.0683,-0.0658,0.0837,0.9920,0.748,,,,,,,
18,Right,5,0.0007,0.0010,0.0246,0.0000,0.0000,0.0000,1.0000,0.748,,,,,,,
18,Right,6,-0.0163,-0.0132,0.0381,0.0000,0.0000,0.0000,1.0000,0.748,,,,,,,
18,Right,7,-0.0073,0.0059,0.0579,0.3465,0.0717,0.0191,0.9351,0.748,,,,,,,
18,Right,8,0.0000,0.0000,0.0379,0.2508,0.0005,-0.0263,0.9677,0.748,,,,,,,
18,Right,9,0.0000,0.0000,0.0243,0.1049,0.0242,-0.0169,0.9940,0.748,,,,,,,
18,Right,10,0.0003,0.0010,0.0224,0.0000,0.0000,0.0000,1.0000,0.748,,,,,,,
18,Right,11,0.0000,-0.0095,0.0360,0.0000,0.0000,0.0000,1.0000,0.748,,,,,,,
18,Right,12,-0.0017,0.0070,0.0597,0.3837,0.0942,-0.0420,0.9177,0.748,,,,,,,
18,Right,13,0.0000,0.0000,0.0429,0.1993,0.0020,-0.0123,0.9799,0.748,,,,,,,
18,Right,14,0.0000,0.0000,0.0275,0.0587,-0.0020,-0.0493,0.9971,0.748,,,,,,,
18,Right,15,0.0003,0.0011,0.0250,0.0000,0.0000,0.0000,1.0000,0.748,,,,,,,
18,Right,16,0.0150,-0.0060,0.0348,0.0000,0.0000,0.0000,1.0000,0.748,,,,,,,
18,Right,17,0.0025,-0.0005,0.0539,0.3982,0.0977,-0.0909,0.9075,0.748,,,,,,,
18,Right,18,0.0000,0.0000,0.0390,0.1754,-0.0029,-0.0374,0.9838,0.748,,,,,,,
18,Right,19,0.0000,0.0000,0.0266,0.1063,-0.0296,-0.0096,0.9938,0.748,,,,,,,
18,Right,20,0.0003,0.0016,0.0243,0.0000,0.0000,0.0000,1.0000,0.748,,,,,,,
18,Right,21,0.0230,-0.0094,0.0341,0.0183,0.1403,-0.2070,0.9680,0.748,,,,,,,
18,Right,22,0.0000,0.0000,0.0457,0.3208,0.0071,0.0794,0.9438,0.748,,,,,,,
18,Right,23,0.0000,0.0000,0.0307,0.1940,0.0341,-0.0551,0.9789,0.748,,,,,,,
18,Right,24,0.0000,0.0000,0.0203,0.0884,-0.0489,0.0010,0.9949,0.748,,,,,,,
18,Right,25,-0.0002,0.0012,0.0219,0.0000,0.0000,0.0000,1.0000,0.748,,,,,,,
19,Left,0,0.0031,-0.0047,0.0645,0.0000,0.0000,0.0000,1.0000,0.789,,,,,,,
19,Left,1,0.0000,0.0000,0.0000,0.0000,0.0000,0.0000,1.0000,0.789,-0.0984,0.1866,-0.0268,-0.4811,0.6926,-0.5365,0.0324
19,Left,2,0.0318,-0.0126,0.0328,-0.1763,0.3404,-0.4940,0.7804,0.789,,,,,,,
19,Left,3,0.0000,0.0000,0.0325,0.0050,-0.0698,0.0832,0.9941,0.789,,,,,,,
19,Left,4,0.0000,0.0000,0.0338,-0.1705,0.0735,-0.0850,0.9789,0.789,,,,,,,
19,Left,5,-0.0007,0.0010,0.0246,0.0000,0.0000,0.0000,1.0000,0.789,,,,,,,
19,Left,6,0.0206,-0.0078,0.0356,0.0000,0.0000,0.0000,1.0000,0.789,,,,,,,
19,Left,7,0.0029,0.0004,0.0604,0.1891,-0.0802,-0.0242,0.9784,0.789,,,,,,,
19,Left,8,0.0000,0.0000,0.0379,0.0999,-0.0046,0.0262,0.9946,0.789,,,,,,,
19,Left,9,0.0000,0.0000,0.0243,0.0177,-0.0257,0.0165,0.9994,0.789,,,,,,,
19,Left,10,-0.0003,0.0010,0.0224,0.0000,0.0000,0.0000,1.0000,0.789,,,,,,,
19,Left,11,0.0044,-0.0068,0.0334,0.0000,0.0000,0.0000,1.0000,0.789,,,,,,,
19,Left,12,-0.0027,0.0042,0.0622,0.2985,-0.0979,0.0337,0.9488,0.789,,,,,,,
19,Left,13,0.0000,0.0000,0.0429,0.0501,-0.0038,0.0115,0.9987,0.789,,,,,,,
19,Left,14,0.0000,0.0000,0.0275,-0.0144,-0.0012,0.0422,0.9990,0.789,,,,,,,
19,Left,15,-0.0003,0.0011,0.0250,0.0000,0.0000,0.0000,1.0000,0.789,,,,,,,
19,Left,16,-0.0150,-0.0060,0.0348,0.0000,0.0000,0.0000,1.0000,0.789,,,,,,,
19,Left,17,-0.0025,-0.0005,0.0539,0.3220,-0.1157,0.0862,0.9357,0.789,,,,,,,
19,Left,18,0.0000,0.0000,0.0390,0.0693,-0.0007,0.0352,0.9970,0.789,,,,,,,
19,Left,19,0.0000,0.0000,0.0266,0.0501,0.0295,0.0070,0.9983,0.789,,,,,,,
19,Left,20,-0.0003,0.0016,0.0243,0.0000,0.0000,0.0000,1.0000,0.789,,,,,,,
19,Left,21,-0.0230,-0.0094,0.0341,0.0183,-0.1403,0.2070,0.9680,0.789,,,,,,,
19,Left,22,0.0000,0.0000,0.0457,0.2486,-0.0249,-0.0771,0.9652,0.789,,,,,,,
19,Left,23,0.0000,0.0000,0.0307,0.1503,-0.0361,0.0515,0.9866,0.789,,,,,,,
19,Left,24,0.0000,0.0000,0.0203,0.0345,0.0491,-0.0008,0.9982,0.789,,,,,,,
19,Left,25,0.0002,0.0012,0.0219,0.0000,0.0000,0.0000,1.0000,0.789,,,,,,,
19,Right,0,-0.0009,-0.0060,0.0658,0.0000,0.0000,0.0000,1.0000,0.789,,,,,,,
19,Right,1,0.0000,0.0000,0.0000,0.0000,0.0000,0.0000,1.0000,0.789,0.1934,0.2364,0.0265,0.5058,0.4469,-0.4953,0.5469
19,Right,2,-0.0231,-0.0235,0.0379,0.1527,-0.3855,0.6979,0.5840,0.789,,,,,,,
19,Right,3,0.0000,0.0000,0.0325,0.2165,0.0505,-0.0817,0.9715,0.789,,,,,,,
19,Right,4,0.0000,0.0000,0.0338,-0.0789,-0.0666,0.0839,0.9911,0.789,,,,,,,
19,Right,5,0.0007,0.0010,0.0246,0.0000,0.0000,0.0000,1.0000,0.789,,,,,,,
19,Right,6,-0.0163,-0.0132,0.0381,0.0000,0.0000,0.0000,1.0000,0.789,,,,,,,
19,Right,7,-0.0073,0.0059,0.0579,0.3421,0.0720,0.0191,0.9367,0.789,,,,,,,
19,Right,8,0.0000,0.0000,0.0379,0.2523,0.0004,-0.0263,0.9673,0.789,,,,,,,
19,Right,9,0.0000,0.0000,0.0243,0.1054,0.0242,-0.0169,0.9940,0.789,,,,,,,
19,Right,10,0.0003,0.0010,0.0224,0.0000,0.0000,0.0000,1.0000,0.789,,,,,,,
19,Right,11,0.0000,-0.0095,0.0360,0.0000,0.0000,0.0000,1.0000,0.789,,,,,,,
19,Right,12,-0.0017,0.0070,0.0597,0.3822,0.0943,-0.0418,0.9183,0.789,,,,,,,
19,Right,13,0.0000,0.0000,0.0429,0.1987,0.0020,-0.0123,0.9800,0.789,,,,,,,
19,Right,14,0.0000,0.0000,0.0275,0.0581,-0.0020,-0.0492,0.9971,0.789,,,,,,,
19,Right,15,0.0003,0.0011,0.0250,0.0000,0.0000,0.0000,1.0000,0.789,,,,,,,
19,Right,16,0.0150,-0.0060,0.0348,0.0000,0.0000,0.0000,1.0000,0.789,,,,,,,
19,Right,17,0.0025,-0.0005,0.0539,0.3967,0.0974,-0.0907,0.9082,0.789,,,,,,,
19,Right,18,0.0000,0.0000,0.0390,0.1727,-0.0029,-0.0373,0.9843,0.789,,,,,,,
19,Right,19,0.0000,0.0000,0.0266,0.1038,-0.0296,-0.0095,0.9941,0.789,,,,,,,
19,Right,20,0.0003,0.0016,0.0243,0.0000,0.0000,0.0000,1.0000,0.789,,,,,,,
19,Right,21,0.0230,-0.0094,0.0341,0.0183,0.1403,-0.2070,0.9680,0.789,,,,,,,
19,Right,22,0.0000,0.0000,0.0457,0.3200,0.0077,0.0793,0.9441,0.789,,,,,,,
19,Right,23,0.0000,0.0000,0.0307,0.1873,0.0344,-0.0545,0.9802,0.789,,,,,,,
19,Right,24,0.0000,0.0000,0.0203,0.0838,-0.0489,0.0010,0.9953,0.789,,,,,,,
19,Right,25,-0.0002,0.0012,0.0219,0.0000,0.0000,0.0000,1.0000,0.789,,,,,,,
20,Left,0,0.0031,-0.0047,0.0645,0.0000,0.0000,0.0000,1.0000,0.831,,,,,,,
20,Left,1,0.0000,0.0000,0.0000,0.0000,0.0000,0.0000,1.0000,0.831,-0.0948,0.1847,-0.0262,-0.4816,0.6815,-0.5501,0.0319
20,Left,2,0.0318,-0.0126,0.0327,-0.1764,0.3408,-0.4937,0.7803,0.831,,,,,,,
20,Left,3,0.0000,0.0000,0.0325,0.0046,-0.0698,0.0832,0.9941,0.831,,,,,,,
20,Left,4,0.0000,0.0000,0.0338,-0.1721,0.0736,-0.0850,0.9786,0.831,,,,,,,
20,Left,5,-0.0007,0.0010,0.0246,0.0000,0.0000,0.0000,1.0000,0.831,,,,,,,
20,Left,6,0.0206,-0.0078,0.0356,0.0000,0.0000,0.0000,1.0000,0.831,,,,,,,
20,Left,7,0.0029,0.0004,0.0604,0.1889,-0.0810,-0.0241,0.9784,0.831,,,,,,,
20,Left,8,0.0000,0.0000,0.0379,0.0984,-0.0046,0.0262,0.9948,0.831,,,,,,,
20,Left,9,0.0000,0.0000,0.0243,0.0164,-0.0258,0.0165,0.9994,0.831,,,,,,,
20,Left,10,-0.0003,0.0010,0.0224,0.0000,0.0000,0.0000,1.0000,0.831,,,,,,,
20,Left,11,0.0044,-0.0068,0.0334,0.0000,0.0000,0.0000,1.0000,0.831,,,,,,,
20,Left,12,-0.0027,0.0042,0.0622,0.2988,-0.0973,0.0335,0.9488,0.831,,,,,,,
20,Left,13,0.0000,0.0000,0.0429,0.0446,-0.0039,0.0115,0.9989,0.831,,,,,,,
20,Left,14,0.0000,0.0000,0.0275,-0.0174,-0.0013,0.0419,0.9990,0.831,,,,,,,
20,Left,15,-0.0003,0.0011,0.0250,0.0000,0.0000,0.0000,1.0000,0.831,,,,,,,
20,Left,16,-0.0150,-0.0060,0.0348,0.0000,0.0000,0.0000,1.0000,0.831,,,,,,,
20,Left,17,-0.0025,-0.0005,0.0539,0.3205,-0.1146,0.0857,0.9364,0.831,,,,,,,
20,Left,18,0.0000,0.0000,0.0390,0.0676,-0.0007,0.0351,0.9971,0.831,,,,,,,
20,Left,19,0.0000,0.0000,0.0266,0.0488,0.0295,0.0069,0.9983,0.831,,,,,,,
20,Left,20,-0.0003,0.0016,0.0243,0.0000,0.0000,0.0000,1.0000,0.831,,,,,,,
20,Left,21,-0.0230,-0.0094,0.0341,0.0183,-0.1403,0.2070,0.9680,0.831,,,,,,,
20,Left,22,0.0000,0.0000,0.0457,0.2531,-0.0234,-0.0773,0.9641,0.831,,,,,,,
20,Left,23,0.0000,0.0000,0.0307,0.1495,-0.0361,0.0515,0.9868,0.831,,,,,,,
20,Left,24,0.0000,0.0000,0.0203,0.0340,0.0491,-0.0008,0.9982,0.831,,,,,,,
20,Left,25,0.0002,0.0012,0.0219,0.0000,0.0000,0.0000,1.0000,0.831,,,,,,,
20,Right,0,-0.0009,-0.0060,0.0658,0.0000,0.0000,0.0000,1.0000,0.831,,,,,,,
20,Right,1,0.0000,0.0000,0.0000,0.0000,0.0000,0.0000,1.0000,0.831,0.1933,0.2354,0.0248,0.5042,0.4432,-0.5127,0.5352
20,Right,2,-0.0231,-0.0235,0.0379,0.1552,-0.3873,0.6977,0.5823,0.831,,,,,,,
20,Right,3,0.0000,0.0000,0.0325,0.2151,0.0506,-0.0817,0.9719,0.831,,,,,,,
20,Right,4,0.0000,0.0000,0.0338,-0.0845,-0.0671,0.0840,0.9906,0.831,,,,,,,
20,Right,5,0.0007,0.0010,0.0246,0.0000,0.0000,0.0000,1.0000,0.831,,,,,,,
20,Right,6,-0.0162,-0.0132,0.0381,0.0000,0.0000,0.0000,1.0000,0.831,,,,,,,
20,Right,7,-0.0073,0.0059,0.0579,0.3376,0.0721,0.0193,0.9383,0.831,,,,,,,
20,Right,8,0.0000,0.0000,0.0379,0.2530,0.0004,-0.0263,0.9671,0.831,,,,,,,
20,Right,9,0.0000,0.0000,0.0243,0.1054,0.0242,-0.0169,0.9940,0.831,,,,,,,
20,Right,10,0.0003,0.0010,0.0224,0.0000,0.0000,0.0000,1.0000,0.831,,,,,,,
20,Right,11,0.0000,-0.0095,0.0360,0.0000,0.0000,0.0000,1.0000,0.831,,,,,,,
20,Right,12,-0.0017,0.0070,0.0597,0.3746,0.0948,-0.0411,0.9214,0.831,,,,,,,
20,Right,13,0.0000,0.0000,0.0429,0.1982,0.0020,-0.0123,0.9801,0.831,,,,,,,
20,Right,14,0.0000,0.0000,0.0275,0.0575,-0.0020,-0.0492,0.9971,0.831,,,,,,,
20,Right,15,0.0003,0.0011,0.0250,0.0000,0.0000,0.0000,1.0000,0.831,,,,,,,
20,Right,16,0.0150,-0.0060,0.0348,0.0000,0.0000,0.0000,1.0000,0.831,,,,,,,
20,Right,17,0.0025,-0.0005,0.0539,0.3888,0.0981,-0.0898,0.9117,0.831,,,,,,,
20,Right,18,0.0000,0.0000,0.0390,0.1711,-0.0028,-0.0373,0.9845,0.831,,,,,,,
20,Right,19,0.0000,0.0000,0.0266,0.1016,-0.0296,-0.0094,0.9943,0.831,,,,,,,
20,Right,20,0.0003,0.0016,0.0243,0.0000,0.0000,0.0000,1.0000,0.831,,,,,,,
20,Right,21,0.0230,-0.0094,0.0341,0.0183,0.1403,-0.2070,0.9680,0.831,,,,,,,
20,Right,22,0.0000,0.0000,0.0457,0.3189,0.0083,0.0791,0.9445,0.831,,,,,,,
20,Right,23,0.0000,0.0000,0.0307,0.1816,0.0346,-0.0541,0.9813,0.831,,,,,,,
20,Right,24,0.0000,0.0000,0.0203,0.0771,-0.0490,0.0010,0.9958,0.831,,,,,,,
20,Right,25,-0.0002,0.0012,0.0219,0.0000,0.0000,0.0000,1.0000,0.831,,,,,,,
21,Left,0,0.0031,-0.0047,0.0645,0.0000,0.0000,0.0000,1.0000,0.872,,,,,,,
21,Left,1,0.0000,0.0000,0.0000,0.0000,0.0000,0.0000,1.0000,0.872,-0.0922,0.1826,-0.0261,-0.4826,0.6735,-0.5590,0.0316
21,Left,2,0.0319,-0.0125,0.0327,-0.1765,0.3416,-0.4934,0.7802,0.872,,,,,,,
21,Left,3,0.0000,0.0000,0.0325,0.0037,-0.0699,0.0832,0.9941,0.872,,,,,,,
21,Left,4,0.0000,0.0000,0.0338,-0.1734,0.0737,-0.0850,0.9784,0.872,,,,,,,
21,Left,5,-0.0007,0.0010,0.0246,0.0000,0.0000,0.0000,1.0000,0.872,,,,,,,
21,Left,6,0.0206,-0.0077,0.0356,0.0000,0.0000,0.0000,1.0000,0.872,,,,,,,
21,Left,7,0.0029,0.0004,0.0604,0.1868,-0.0828,-0.0239,0.9786,0.872,,,,,,,
21,Left,8,0.0000,0.0000,0.0379,0.0941,-0.0047,0.0262,0.9952,0.872,,,,,,,
21,Left,9,0.0000,0.0000,0.0243,0.0150,-0.0258,0.0165,0.9994,0.872,,,,,,,
21,Left,10,-0.0003,0.0010,0.0224,0.0000,0.0000,0.0000,1.0000,0.872,,,,,,,
21,Left,11,0.0044,-0.0068,0.0334,0.0000,0.0000,0.0000,1.0000,0.872,,,,,,,
21,Left,12,-0.0027,0.0042,0.0622,0.2980,-0.0968,0.0333,0.9491,0.872,,,,,,,
21,Left,13,0.0000,0.0000,0.0429,0.0397,-0.0039,0.0115,0.9991,0.872,,,,,,,
21,Left,14,0.0000,0.0000,0.0275,-0.0206,-0.0015,0.0416,0.9989,0.872,,,,,,,
21,Left,15,-0.0003,0.0011,0.0250,0.0000,0.0000,0.0000,1.0000,0.872,,,,,,,
21,Left,16,-0.0150,-0.0060,0.0348,0.0000,0.0000,0.0000,1.0000,0.872,,,,,,,
21,Left,17,-0.0025,-0.0005,0.0539,0.3137,-0.1148,0.0848,0.9387,0.872,,,,,,,
21,Left,18,0.0000,0.0000,0.0390,0.0661,-0.0008,0.0351,0.9972,0.872,,,,,,,
21,Left,19,0.0000,0.0000,0.0266,0.0477,0.0295,0.0069,0.9984,0.872,,,,,,,
21,Left,20,-0.0003,0.0016,0.0243,0.0000,0.0000,0.0000,1.0000,0.872,,,,,,,
21,Left,21,-0.0230,-0.0094,0.0341,0.0183,-0.1403,0.2070,0.9680,0.872,,,,,,,
21,Left,22,0.0000,0.0000,0.0457,0.2533,-0.0231,-0.0773,0.9640,0.872,,,,,,,
21,Left,23,0.0000,0.0000,0.0307,0.1488,-0.0362,0.0514,0.9869,0.872,,,,,,,
21,Left,24,0.0000,0.0000,0.0203,0.0338,0.0491,-0.0008,0.9982,0.872,,,,,,,
21,Left,25,0.0002,0.0012,0.0219,0.0000,0.0000,0.0000,1.0000,0.872,,,,,,,
21,Right,0,-0.0008,-0.0060,0.0658,0.0000,0.0000,0.0000,1.0000,0.872,,,,,,,
21,Right,1,0.0000,0.0000,0.0000,0.0000,0.0000,0.0000,1.0000,0.872,0.1930,0.2347,0.0236,0.5016,0.4369,-0.5250,0.5310
21,Right,2,-0.0229,-0.0236,0.0379,0.1596,-0.3863,0.6996,0.5795,0.872,,,,,,,
21,Right,3,0.0000,0.0000,0.0325,0.2044,0.0517,-0.0819,0.9741,0.872,,,,,,,
21,Right,4,0.0000,0.0000,0.0338,-0.0900,-0.0675,0.0840,0.9901,0.872,,,,,,,
21,Right,5,0.0007,0.0010,0.0246,0.0000,0.0000,0.0000,1.0000,0.872,,,,,,,
21,Right,6,-0.0161,-0.0133,0.0382,0.0000,0.0000,0.0000,1.0000,0.872,,,,,,,
21,Right,7,-0.0074,0.0060,0.0578,0.3339,0.0723,0.0194,0.9396,0.872,,,,,,,
21,Right,8,0.0000,0.0000,0.0379,0.2539,0.0004,-0.0263,0.9669,0.872,,,,,,,
21,Right,9,0.0000,0.0000,0.0243,0.1055,0.0241,-0.0169,0.9940,0.872,,,,,,,
21,Right,10,0.0003,0.0010,0.0224,0.0000,0.0000,0.0000,1.0000,0.872,,,,,,,
21,Right,11,0.0001,-0.0095,0.0360,0.0000,0.0000,0.0000,1.0000,0.872,,,,,,,
21,Right,12,-0.0018,0.0070,0.0597,0.3708,0.0954,-0.0409,0.9229,0.872,,,,,,,
21,Right,13,0.0000,0.0000,0.0429,0.1990,0.0020,-0.0123,0.9799,0.872,,,,,,,
21,Right,14,0.0000,0.0000,0.0275,0.0573,-0.0020,-0.0492,0.9971,0.872,,,,,,,
21,Right,15,0.0003,0.0011,0.0250,0.0000,0.0000,0.0000,1.0000,0.872,,,,,,,
21,Right,16,0.0150,-0.0060,0.0348,0.0000,0.0000,0.0000,1.0000,0.872,,,,,,,
21,Right,17,0.0025,-0.0005,0.0539,0.3820,0.0990,-0.0892,0.9145,0.872,,,,,,,
21,Right,18,0.0000,0.0000,0.0390,0.1703,-0.0028,-0.0373,0.9847,0.872,,,,,,,
21,Right,19,0.0000,0.0000,0.0266,0.1002,-0.0296,-0.0093,0.9945,0.872,,,,,,,
21,Right,20,0.0003,0.0016,0.0243,0.0000,0.0000,0.0000,1.0000,0.872,,,,,,,
21,Right,21,0.0230,-0.0094,0.0341,0.0183,0.1403,-0.2070,0.9680,0.872,,,,,,,
21,Right,22,0.0000,0.0000,0.0457,0.3176,0.0094,0.0788,0.9449,0.872,,,,,,,
21,Right,23,0.0000,0.0000,0.0307,0.1798,0.0347,-0.0539,0.9816,0.872,,,,,,,
21,Right,24,0.0000,0.0000,0.0203,0.0728,-0.0490,0.0010,0.9961,0.872,,,,,,,
21,Right,25,-0.0002,0.0012,0.0219,0.0000,0.0000,0.0000,1.0000,0.872,,,,,,,
22,Left,0,0.0031,-0.0046,0.0645,0.0000,0.0000,0.0000,1.0000,0.914,,,,,,,
22,Left,1,0.0000,0.0000,0.0000,0.0000,0.0000,0.0000,1.0000,0.914,-0.0908,0.1805,-0.0257,-0.4844,0.6690,-0.5628,0.0332
22,Left,2,0.0319,-0.0125,0.0327,-0.1763,0.3427,-0.4932,0.7799,0.914,,,,,,,
22,Left,3,0.0000,0.0000,0.0325,0.0026,-0.0700,0.0832,0.9941,0.914,,,,,,,
22,Left,4,0.0000,0.0000,0.0338,-0.1747,0.0738,-0.0850,0.9782,0.914,,,,,,,
22,Left,5,-0.0007,0.0010,0.0246,0.0000,0.0000,0.0000,1.0000,0.914,,,,,,,
22,Left,6,0.0206,-0.0077,0.0356,0.0000,0.0000,0.0000,1.0000,0.914,,,,,,,
22,Left,7,0.0029,0.0004,0.0604,0.1857,-0.0839,-0.0238,0.9787,0.914,,,,,,,
22,Left,8,0.0000,0.0000,0.0379,0.0929,-0.0048,0.0262,0.9953,0.914,,,,,,,
22,Left,9,0.0000,0.0000,0.0243,0.0136,-0.0258,0.0165,0.9994,0.914,,,,,,,
22,Left,10,-0.0003,0.0010,0.0224,0.0000,0.0000,0.0000,1.0000,0.914,,,,,,,
22,Left,11,0.0044,-0.0068,0.0334,0.0000,0.0000,0.0000,1.0000,0.914,,,,,,,
22,Left,12,-0.0027,0.0042,0.0623,0.2972,-0.0962,0.0331,0.9494,0.914,,,,,,,
22,Left,13,0.0000,0.0000,0.0429,0.0380,-0.0039,0.0115,0.9992,0.914,,,,,,,
22,Left,14,0.0000,0.0000,0.0275,-0.0224,-0.0015,0.0414,0.9989,0.914,,,,,,,
22,Left,15,-0.0003,0.0011,0.0250,0.0000,0.0000,0.0000,1.0000,0.914,,,,,,,
22,Left,16,-0.0150,-0.0060,0.0348,0.0000,0.0000,0.0000,1.0000,0.914,,,,,,,
22,Left,17,-0.0025,-0.0005,0.0539,0.3095,-0.1144,0.0841,0.9402,0.914,,,,,,,
22,Left,18,0.0000,0.0000,0.0390,0.0651,-0.0008,0.0351,0.9973,0.914,,,,,,,
22,Left,19,0.0000,0.0000,0.0266,0.0469,0.0295,0.0068,0.9984,0.914,,,,,,,
22,Left,20,-0.0003,0.0016,0.0243,0.0000,0.0000,0.0000,1.0000,0.914,,,,,,,
22,Left,21,-0.0230,-0.0094,0.0341,0.0183,-0.1403,0.2070,0.9680,0.914,,,,,,,
22,Left,22,0.0000,0.0000,0.0457,0.2427,-0.0217,-0.0782,0.9667,0.914,,,,,,,
22,Left,23,0.0000,0.0000,0.0307,0.1486,-0.0362,0.0514,0.9869,0.914,,,,,,,
22,Left,24,0.0000,0.0000,0.0203,0.0339,0.0491,-0.0008,0.9982,0.914,,,,,,,
22,Left,25,0.0002,0.0012,0.0219,0.0000,0.0000,0.0000,1.0000,0.914,,,,,,,
22,Right,0,-0.0007,-0.0061,0.0658,0.0000,0.0000,0.0000,1.0000,0.914,,,,,,,
22,Right,1,0.0000,0.0000,0.0000,0.0000,0.0000,0.0000,1.0000,0.914,0.1919,0.2339,0.0239,0.5003,0.4343,-0.5323,0.5270
22,Right,2,-0.0224,-0.0239,0.0380,0.1683,-0.3820,0.7043,0.5742,0.914,,,,,,,
22,Right,3,0.0000,0.0000,0.0325,0.1967,0.0524,-0.0820,0.9756,0.914,,,,,,,
22,Right,4,0.0000,0.0000,0.0338,-0.0948,-0.0679,0.0841,0.9896,0.914,,,,,,,
22,Right,5,0.0007,0.0010,0.0246,0.0000,0.0000,0.0000,1.0000,0.914,,,,,,,
22,Right,6,-0.0159,-0.0134,0.0382,0.0000,0.0000,0.0000,1.0000,0.914,,,,,,,
22,Right,7,-0.0076,0.0061,0.0578,0.3330,0.0723,0.0194,0.9399,0.914,,,,,,,
22,Right,8,0.0000,0.0000,0.0379,0.2544,0.0004,-0.0263,0.9667,0.914,,,,,,,
22,Right,9,0.0000,0.0000,0.0243,0.1049,0.0242,-0.0169,0.9940,0.914,,,,,,,
22,Right,10,0.0003,0.0010,0.0224,0.0000,0.0000,0.0000,1.0000,0.914,,,,,,,
22,Right,11,0.0003,-0.0096,0.0360,0.0000,0.0000,0.0000,1.0000,0.914,,,,,,,
22,Right,12,-0.0020,0.0071,0.0596,0.3627,0.0960,-0.0402,0.9261,0.914,,,,,,,
22,Right,13,0.0000,0.0000,0.0429,0.1997,0.0020,-0.0123,0.9798,0.914,,,,,,,
22,Right,14,0.0000,0.0000,0.0275,0.0568,-0.0019,-0.0491,0.9972,0.914,,,,,,,
22,Right,15,0.0003,0.0011,0.0250,0.0000,0.0000,0.0000,1.0000,0.914,,,,,,,
22,Right,16,0.0150,-0.0060,0.0348,0.0000,0.0000,0.0000,1.0000,0.914,,,,,,,
22,Right,17,0.0025,-0.0005,0.0539,0.3712,0.1002,-0.0882,0.9189,0.914,,,,,,,
22,Right,18,0.0000,0.0000,0.0390,0.1691,-0.0027,-0.0373,0.9849,0.914,,,,,,,
22,Right,19,0.0000,0.0000,0.0266,0.0984,-0.0296,-0.0092,0.9947,0.914,,,,,,,
22,Right,20,0.0003,0.0016,0.0243,0.0000,0.0000,0.0000,1.0000,0.914,,,,,,,
22,Right,21,0.0230,-0.0094,0.0341,0.0183,0.1403,-0.2070,0.9680,0.914,,,,,,,
22,Right,22,0.0000,0.0000,0.0457,0.3094,0.0095,0.0790,0.9476,0.914,,,,,,,
22,Right,23,0.0000,0.0000,0.0307,0.1711,0.0351,-0.0532,0.9832,0.914,,,,,,,
22,Right,24,0.0000,0.0000,0.0203,0.0596,-0.0490,0.0009,0.9970,0.914,,,,,,,
22,Right,25,-0.0002,0.0012,0.0219,0.0000,0.0000,0.0000,1.0000,0.914,,,,,,,
23,Left,0,0.0031,-0.0046,0.0645,0.0000,0.0000,0.0000,1.0000,0.955,,,,,,,
23,Left,1,0.0000,0.0000,0.0000,0.0000,0.0000,0.0000,1.0000,0.955,-0.0903,0.1790,-0.0263,-0.4841,0.6653,-0.5671,0.0370
23,Left,2,0.0319,-0.0125,0.0327,-0.1762,0.3435,-0.4929,0.7797,0.955,,,,,,,
23,Left,3,0.0000,0.0000,0.0325,0.0017,-0.0701,0.0832,0.9941,0.955,,,,,,,
23,Left,4,0.0000,0.0000,0.0338,-0.1758,0.0738,-0.0851,0.9780,0.955,,,,,,,
23,Left,5,-0.0007,0.0010,0.0246,0.0000,0.0000,0.0000,1.0000,0.955,,,,,,,
23,Left,6,0.0206,-0.0077,0.0356,0.0000,0.0000,0.0000,1.0000,0.955,,,,,,,
23,Left,7,0.0029,0.0004,0.0604,0.1846,-0.0848,-0.0238,0.9789,0.955,,,,,,,
23,Left,8,0.0000,0.0000,0.0379,0.0918,-0.0048,0.0262,0.9954,0.955,,,,,,,
23,Left,9,0.0000,0.0000,0.0243,0.0125,-0.0258,0.0165,0.9995,0.955,,,,,,,
23,Left,10,-0.0003,0.0010,0.0224,0.0000,0.0000,0.0000,1.0000,0.955,,,,,,,
23,Left,11,0.0044,-0.0068,0.0334,0.0000,0.0000,0.0000,1.0000,0.955,,,,,,,
23,Left,12,-0.0027,0.0042,0.0623,0.2963,-0.0957,0.0328,0.9497,0.955,,,,,,,
23,Left,13,0.0000,0.0000,0.0429,0.0366,-0.0039,0.0115,0.9993,0.955,,,,,,,
23,Left,14,0.0000,0.0000,0.0275,-0.0241,-0.0016,0.0413,0.9989,0.955,,,,,,,
23,Left,15,-0.0003,0.0011,0.0250,0.0000,0.0000,0.0000,1.0000,0.955,,,,,,,
23,Left,16,-0.0150,-0.0060,0.0348,0.0000,0.0000,0.0000,1.0000,0.955,,,,,,,
23,Left,17,-0.0025,-0.0005,0.0539,0.3074,-0.1135,0.0836,0.9411,0.955,,,,,,,
23,Left,18,0.0000,0.0000,0.0390,0.0646,-0.0008,0.0351,0.9973,0.955,,,,,,,
23,Left,19,0.0000,0.0000,0.0266,0.0462,0.0295,0.0068,0.9985,0.955,,,,,,,
23,Left,20,-0.0003,0.0016,0.0243,0.0000,0.0000,0.0000,1.0000,0.955,,,,,,,
23,Left,21,-0.0230,-0.0094,0.0341,0.0183,-0.1403,0.2070,0.9680,0.955,,,,,,,
23,Left,22,0.0000,0.0000,0.0457,0.2285,-0.0191,-0.0794,0.9701,0.955,,,,,,,
23,Left,23,0.0000,0.0000,0.0307,0.1483,-0.0362,0.0514,0.9869,0.955,,,,,,,
23,Left,24,0.0000,0.0000,0.0203,0.0341,0.0491,-0.0008,0.9982,0.955,,,,,,,
23,Left,25,0.0002,0.0012,0.0219,0.0000,0.0000,0.0000,1.0000,0.955,,,,,,,
23,Right,0,-0.0006,-0.0061,0.0659,0.0000,0.0000,0.0000,1.0000,0.955,,,,,,,
23,Right,1,0.0000,0.0000,0.0000,0.0000,0.0000,0.0000,1.0000,0.955,0.1918,0.2324,0.0226,0.4992,0.4328,-0.5417,0.5197
23,Right,2,-0.0221,-0.0242,0.0381,0.1748,-0.3786,0.7079,0.5701,0.955,,,,,,,
23,Right,3,0.0000,0.0000,0.0325,0.1951,0.0526,-0.0820,0.9759,0.955,,,,,,,
23,Right,4,0.0000,0.0000,0.0338,-0.0963,-0.0680,0.0841,0.9895,0.955,,,,,,,
23,Right,5,0.0007,0.0010,0.0246,0.0000,0.0000,0.0000,1.0000,0.955,,,,,,,
23,Right,6,-0.0157,-0.0135,0.0383,0.0000,0.0000,0.0000,1.0000,0.955,,,,,,,
23,Right,7,-0.0078,0.0062,0.0577,0.3319,0.0721,0.0196,0.9404,0.955,,,,,,,
23,Right,8,0.0000,0.0000,0.0379,0.2547,0.0004,-0.0263,0.9667,0.955,,,,,,,
23,Right,9,0.0000,0.0000,0.0243,0.1038,0.0242,-0.0169,0.9942,0.955,,,,,,,
23,Right,10,0.0003,0.0010,0.0224,0.0000,0.0000,0.0000,1.0000,0.955,,,,,,,
23,Right,11,0.0005,-0.0097,0.0361,0.0000,0.0000,0.0000,1.0000,0.955,,,,,,,
23,Right,12,-0.0022,0.0071,0.0596,0.3560,0.0969,-0.0397,0.9286,0.955,,,,,,,
23,Right,13,0.0000,0.0000,0.0429,0.2008,0.0020,-0.0123,0.9796,0.955,,,,,,,
23,Right,14,0.0000,0.0000,0.0275,0.0563,-0.0019,-0.0491,0.9972,0.955,,,,,,,
23,Right,15,0.0003,0.0011,0.0250,0.0000,0.0000,0.0000,1.0000,0.955,,,,,,,
23,Right,16,0.0150,-0.0060,0.0348,0.0000,0.0000,0.0000,1.0000,0.955,,,,,,,
23,Right,17,0.0025,-0.0005,0.0539,0.3631,0.1013,-0.0875,0.9221,0.955,,,,,,,
23,Right,18,0.0000,0.0000,0.0390,0.1685,-0.0027,-0.0373,0.9850,0.955,,,,,,,
23,Right,19,0.0000,0.0000,0.0266,0.0968,-0.0296,-0.0092,0.9948,0.955,,,,,,,
23,Right,20,0.0003,0.0016,0.0243,0.0000,0.0000,0.0000,1.0000,0.955,,,,,,,
23,Right,21,0.0230,-0.0094,0.0341,0.0183,0.1403,-0.2070,0.9680,0.955,,,,,,,
23,Right,22,0.0000,0.0000,0.0457,0.3031,0.0102,0.0789,0.9496,0.955,,,,,,,
23,Right,23,0.0000,0.0000,0.0307,0.1685,0.0353,-0.0530,0.9836,0.955,,,,,,,
23,Right,24,0.0000,0.0000,0.0203,0.0539,-0.0491,0.0009,0.9973,0.955,,,,,,,
23,Right,25,-0.0002,0.0012,0.0219,0.0000,0.0000,0.0000,1.0000,0.955,,,,,,,
24,Left,0,0.0031,-0.0046,0.0645,0.0000,0.0000,0.0000,1.0000,0.997,,,,,,,
24,Left,1,0.0000,0.0000,0.0000,0.0000,0.0000,0.0000,1.0000,0.997,-0.0900,0.1773,-0.0276,-0.4835,0.6632,-0.5698,0.0412
24,Left,2,0.0319,-0.0125,0.0327,-0.1763,0.3443,-0.4926,0.7796,0.997,,,,,,,
24,Left,3,0.0000,0.0000,0.0325,0.0013,-0.0701,0.0832,0.9941,0.997,,,,,,,
24,Left,4,0.0000,0.0000,0.0338,-0.1768,0.0739,-0.0851,0.9778,0.997,,,,,,,
24,Left,5,-0.0007,0.0010,0.0246,0.0000,0.0000,0.0000,1.0000,0.997,,,,,,,
24,Left,6,0.0207,-0.0077,0.0355,0.0000,0.0000,0.0000,1.0000,0.997,,,,,,,
24,Left,7,0.0029,0.0004,0.0605,0.1834,-0.0857,-0.0237,0.9790,0.997,,,,,,,
24,Left,8,0.0000,0.0000,0.0379,0.0909,-0.0048,0.0262,0.9955,0.997,,,,,,,
24,Left,9,0.0000,0.0000,0.0243,0.0116,-0.0258,0.0165,0.9995,0.997,,,,,,,
24,Left,10,-0.0003,0.0010,0.0224,0.0000,0.0000,0.0000,1.0000,0.997,,,,,,,
24,Left,11,0.0044,-0.0067,0.0334,0.0000,0.0000,0.0000,1.0000,0.997,,,,,,,
24,Left,12,-0.0027,0.0042,0.0623,0.2954,-0.0953,0.0326,0.9501,0.997,,,,,,,
24,Left,13,0.0000,0.0000,0.0429,0.0354,-0.0040,0.0115,0.9993,0.997,,,,,,,
24,Left,14,0.0000,0.0000,0.0275,-0.0258,-0.0017,0.0411,0.9988,0.997,,,,,,,
24,Left,15,-0.0003,0.0011,0.0250,0.0000,0.0000,0.0000,1.0000,0.997,,,,,,,
24,Left,16,-0.0150,-0.0060,0.0348,0.0000,0.0000,0.0000,1.0000,0.997,,,,,,,
24,Left,17,-0.0025,-0.0005,0.0539,0.3058,-0.1126,0.0831,0.9418,0.997,,,,,,,
24,Left,18,0.0000,0.0000,0.0390,0.0645,-0.0008,0.0350,0.9973,0.997,,,,,,,
24,Left,19,0.0000,0.0000,0.0266,0.0458,0.0295,0.0068,0.9985,0.997,,,,,,,
24,Left,20,-0.0003,0.0016,0.0243,0.0000,0.0000,0.0000,1.0000,0.997,,,,,,,
24,Left,21,-0.0230,-0.0094,0.0341,0.0183,-0.1403,0.2070,0.9680,0.997,,,,,,,
24,Left,22,0.0000,0.0000,0.0457,0.2211,-0.0172,-0.0802,0.9718,0.997,,,,,,,
24,Left,23,0.0000,0.0000,0.0307,0.1481,-0.0362,0.0514,0.9870,0.997,,,,,,,
24,Left,24,0.0000,0.0000,0.0203,0.0345,0.0491,-0.0008,0.9982,0.997,,,,,,,
24,Left,25,0.0002,0.0012,0.0219,0.0000,0.0000,0.0000,1.0000,0.997,,,,,,,
24,Right,0,-0.0005,-0.0061,0.0659,0.0000,0.0000,0.0000,1.0000,0.997,,,,,,,
24,Right,1,0.0000,0.0000,0.0000,0.0000,0.0000,0.0000,1.0000,0.997,0.1920,0.2313,0.0217,0.5007,0.4304,-0.5487,0.5129
24,Right,2,-0.0216,-0.0244,0.0382,0.1832,-0.3737,0.7127,0.5647,0.997,,,,,,,
24,Right,3,0.0000,0.0000,0.0325,0.1932,0.0528,-0.0821,0.9763,0.997,,,,,,,
24,Right,4,0.0000,0.0000,0.0338,-0.0978,-0.0681,0.0842,0.9893,0.997,,,,,,,
24,Right,5,0.0007,0.0010,0.0246,0.0000,0.0000,0.0000,1.0000,0.997,,,,,,,
24,Right,6,-0.0155,-0.0137,0.0383,0.0000,0.0000,0.0000,1.0000,0.997,,,,,,,
24,Right,7,-0.0081,0.0064,0.0577,0.3272,0.0716,0.0199,0.9420,0.997,,,,,,,
24,Right,8,0.0000,0.0000,0.0379,0.2548,0.0004,-0.0263,0.9666,0.997,,,,,,,
24,Right,9,0.0000,0.0000,0.0243,0.1027,0.0242,-0.0169,0.9943,0.997,,,,,,,
24,Right,10,0.0003,0.0010,0.0224,0.0000,0.0000,0.0000,1.0000,0.997,,,,,,,
24,Right,11,0.0007,-0.0097,0.0361,0.0000,0.0000,0.0000,1.0000,0.997,,,,,,,
24,Right,12,-0.0024,0.0072,0.0595,0.3466,0.0976,-0.0389,0.9321,0.997,,,,,,,
24,Right,13,0.0000,0.0000,0.0429,0.2017,0.0020,-0.0123,0.9794,0.997,,,,,,,
24,Right,14,0.0000,0.0000,0.0275,0.0558,-0.0019,-0.0490,0.9972,0.997,,,,,,,
24,Right,15,0.0003,0.0011,0.0250,0.0000,0.0000,0.0000,1.0000,0.997,,,,,,,
24,Right,16,0.0150,-0.0060,0.0348,0.0000,0.0000,0.0000,1.0000,0.997,,,,,,,
24,Right,17,0.0025,-0.0005,0.0539,0.3550,0.1026,-0.0868,0.9252,0.997,,,,,,,
24,Right,18,0.0000,0.0000,0.0390,0.1683,-0.0027,-0.0373,0.9850,0.997,,,,,,,
24,Right,19,0.0000,0.0000,0.0266,0.0955,-0.0296,-0.0091,0.9949,0.997,,,,,,,
24,Right,20,0.0003,0.0016,0.0243,0.0000,0.0000,0.0000,1.0000,0.997,,,,,,,
24,Right,21,0.0230,-0.0094,0.0341,0.0183,0.1403,-0.2070,0.9680,0.997,,,,,,,
24,Right,22,0.0000,0.0000,0.0457,0.2977,0.0122,0.0785,0.9513,0.997,,,,,,,
24,Right,23,0.0000,0.0000,0.0307,0.1669,0.0353,-0.0529,0.9839,0.997,,,,,,,
24,Right,24,0.0000,0.0000,0.0203,0.0513,-0.0491,0.0009,0.9975,0.997,,,,,,,
24,Right,25,-0.0002,0.0012,0.0219,0.0000,0.0000,0.0000,1.0000,0.997,,,,,,,
25,Left,0,0.0031,-0.0046,0.0645,0.0000,0.0000,0.0000,1.0000,1.039,,,,,,,
25,Left,1,0.0000,0.0000,0.0000,0.0000,0.0000,0.0000,1.0000,1.039,-0.0901,0.1752,-0.0296,-0.4831,0.6615,-0.5718,0.0452
25,Left,2,0.0319,-0.0123,0.0326,-0.1782,0.3456,-0.4900,0.7802,1.039,,,,,,,
25,Left,3,0.0000,0.0000,0.0325,0.0008,-0.0701,0.0832,0.9941,1.039,,,,,,,
25,Left,4,0.0000,0.0000,0.0338,-0.1777,0.0740,-0.0851,0.9776,1.039,,,,,,,
25,Left,5,-0.0007,0.0010,0.0246,0.0000,0.0000,0.0000,1.0000,1.039,,,,,,,
25,Left,6,0.0207,-0.0076,0.0355,0.0000,0.0000,0.0000,1.0000,1.039,,,,,,,
25,Left,7,0.0029,0.0003,0.0605,0.1808,-0.0863,-0.0238,0.9794,1.039,,,,,,,
25,Left,8,0.0000,0.0000,0.0379,0.0901,-0.0048,0.0262,0.9956,1.039,,,,,,,
25,Left,9,0.0000,0.0000,0.0243,0.0109,-0.0259,0.0165,0.9995,1.039,,,,,,,
25,Left,10,-0.0003,0.0010,0.0224,0.0000,0.0000,0.0000,1.0000,1.039,,,,,,,
25,Left,11,0.0045,-0.0067,0.0333,0.0000,0.0000,0.0000,1.0000,1.039,,,,,,,
25,Left,12,-0.0027,0.0042,0.0623,0.2941,-0.0945,0.0323,0.9505,1.039,,,,,,,
25,Left,13,0.0000,0.0000,0.0429,0.0341,-0.0040,0.0115,0.9993,1.039,,,,,,,
25,Left,14,0.0000,0.0000,0.0275,-0.0273,-0.0017,0.0409,0.9988,1.039,,,,,,,
25,Left,15,-0.0003,0.0011,0.0250,0.0000,0.0000,0.0000,1.0000,1.039,,,,,,,
25,Left,16,-0.0150,-0.0060,0.0348,0.0000,0.0000,0.0000,1.0000,1.039,,,,,,,
25,Left,17,-0.0025,-0.0005,0.0539,0.3030,-0.1118,0.0825,0.9428,1.039,,,,,,,
25,Left,18,0.0000,0.0000,0.0390,0.0642,-0.0008,0.0350,0.9973,1.039,,,,,,,
25,Left,19,0.0000,0.0000,0.0266,0.0452,0.0295,0.0068,0.9985,1.039,,,,,,,
25,Left,20,-0.0003,0.0016,0.0243,0.0000,0.0000,0.0000,1.0000,1.039,,,,,,,
25,Left,21,-0.0230,-0.0094,0.0341,0.0183,-0.1403,0.2070,0.9680,1.039,,,,,,,
25,Left,22,0.0000,0.0000,0.0457,0.2152,-0.0159,-0.0807,0.9731,1.039,,,,,,,
25,Left,23,0.0000,0.0000,0.0307,0.1477,-0.0362,0.0513,0.9870,1.039,,,,,,,
25,Left,24,0.0000,0.0000,0.0203,0.0348,0.0491,-0.0008,0.9982,1.039,,,,,,,
25,Left,25,0.0002,0.0012,0.0219,0.0000,0.0000,0.0000,1.0000,1.039,,,,,,,
25,Right,0,-0.0004,-0.0062,0.0659,0.0000,0.0000,0.0000,1.0000,1.039,,,,,,,
25,Right,1,0.0000,0.0000,0.0000,0.0000,0.0000,0.0000,1.0000,1.039,0.1922,0.2309,0.0218,0.5030,0.4281,-0.5508,0.5103
25,Right,2,-0.0213,-0.0246,0.0383,0.1868,-0.3702,0.7154,0.5624,1.039,,,,,,,
25,Right,3,0.0000,0.0000,0.0325,0.1899,0.0531,-0.0821,0.9769,1.039,,,,,,,
25,Right,4,0.0000,0.0000,0.0338,-0.0987,-0.0682,0.0842,0.9892,1.039,,,,,,,
25,Right,5,0.0007,0.0010,0.0246,0.0000,0.0000,0.0000,1.0000,1.039,,,,,,,
25,Right,6,-0.0154,-0.0138,0.0383,0.0000,0.0000,0.0000,1.0000,1.039,,,,,,,
25,Right,7,-0.0082,0.0064,0.0577,0.3256,0.0703,0.0204,0.9427,1.039,,,,,,,
25,Right,8,0.0000,0.0000,0.0379,0.2545,0.0004,-0.0263,0.9667,1.039,,,,,,,
25,Right,9,0.0000,0.0000,0.0243,0.1013,0.0242,-0.0169,0.9944,1.039,,,,,,,
25,Right,10,0.0003,0.0010,0.0224,0.0000,0.0000,0.0000,1.0000,1.039,,,,,,,
25,Right,11,0.0008,-0.0098,0.0362,0.0000,0.0000,0.0000,1.0000,1.039,,,,,,,
25,Right,12,-0.0026,0.0072,0.0595,0.3406,0.0977,-0.0383,0.9343,1.039,,,,,,,
25,Right,13,0.0000,0.0000,0.0429,0.2024,0.0020,-0.0123,0.9792,1.039,,,,,,,
25,Right,14,0.0000,0.0000,0.0275,0.0553,-0.0019,-0.0490,0.9973,1.039,,,,,,,
25,Right,15,0.0003,0.0011,0.0250,0.0000,0.0000,0.0000,1.0000,1.039,,,,,,,
25,Right,16,0.0150,-0.0060,0.0348,0.0000,0.0000,0.0000,1.0000,1.039,,,,,,,
25,Right,17,0.0025,-0.0005,0.0539,0.3535,0.1030,-0.0867,0.9257,1.039,,,,,,,
25,Right,18,0.0000,0.0000,0.0390,0.1690,-0.0027,-0.0373,0.9849,1.039,,,,,,,
25,Right,19,0.0000,0.0000,0.0266,0.0946,-0.0296,-0.0091,0.9950,1.039,,,,,,,
25,Right,20,0.0003,0.0016,0.0243,0.0000,0.0000,0.0000,1.0000,1.039,,,,,,,
25,Right,21,0.0230,-0.0094,0.0341,0.0183,0.1403,-0.2070,0.9680,1.039,,,,,,,
25,Right,22,0.0000,0.0000,0.0457,0.2965,0.0138,0.0781,0.9517,1.039,,,,,,,
25,Right,23,0.0000,0.0000,0.0307,0.1664,0.0353,-0.0528,0.9840,1.039,,,,,,,
25,Right,24,0.0000,0.0000,0.0203,0.0503,-0.0491,0.0009,0.9975,1.039,,,,,,,
25,Right,25,-0.0002,0.0012,0.0219,0.0000,0.0000,0.0000,1.0000,1.039,,,,,,,
26,Left,0,0.0031,-0.0046,0.0645,0.0000,0.0000,0.0000,1.0000,1.080,,,,,,,
26,Left,1,0.0000,0.0000,0.0000,0.0000,0.0000,0.0000,1.0000,1.080,-0.0905,0.1738,-0.0310,-0.4825,0.6565,-0.5774,0.0527
26,Left,2,0.0320,-0.0123,0.0326,-0.1787,0.3466,-0.4891,0.7802,1.080,,,,,,,
26,Left,3,0.0000,0.0000,0.0325,0.0003,-0.0702,0.0832,0.9941,1.080,,,,,,,
26,Left,4,0.0000,0.0000,0.0338,-0.1785,0.0740,-0.0851,0.9775,1.080,,,,,,,
26,Left,5,-0.0007,0.0010,0.0246,0.0000,0.0000,0.0000,1.0000,1.080,,,,,,,
26,Left,6,0.0207,-0.0076,0.0355,0.0000,0.0000,0.0000,1.0000,1.080,,,,,,,
26,Left,7,0.0029,0.0003,0.0605,0.1794,-0.0867,-0.0238,0.9797,1.080,,,,,,,
26,Left,8,0.0000,0.0000,0.0379,0.0895,-0.0049,0.0262,0.9956,1.080,,,,,,,
26,Left,9,0.0000,0.0000,0.0243,0.0103,-0.0259,0.0165,0.9995,1.080,,,,,,,
26,Left,10,-0.0003,0.0010,0.0224,0.0000,0.0000,0.0000,1.0000,1.080,,,,,,,
26,Left,11,0.0045,-0.0067,0.0333,0.0000,0.0000,0.0000,1.0000,1.080,,,,,,,
26,Left,12,-0.0028,0.0041,0.0623,0.2930,-0.0943,0.0321,0.9509,1.080,,,,,,,
26,Left,13,0.0000,0.0000,0.0429,0.0331,-0.0040,0.0114,0.9994,1.080,,,,,,,
26,Left,14,0.0000,0.0000,0.0275,-0.0289,-0.0018,0.0408,0.9987,1.080,,,,,,,
26,Left,15,-0.0003,0.0011,0.0250,0.0000,0.0000,0.0000,1.0000,1.080,,,,,,,
26,Left,16,-0.0150,-0.0060,0.0348,0.0000,0.0000,0.0000,1.0000,1.080,,,,,,,
26,Left,17,-0.0025,-0.0005,0.0539,0.3020,-0.1107,0.0821,0.9433,1.080,,,,,,,
26,Left,18,0.0000,0.0000,0.0390,0.0641,-0.0008,0.0350,0.9973,1.080,,,,,,,
26,Left,19,0.0000,0.0000,0.0266,0.0445,0.0295,0.0067,0.9985,1.080,,,,,,,
26,Left,20,-0.0003,0.0016,0.0243,0.0000,0.0000,0.0000,1.0000,1.080,,,,,,,
26,Left,21,-0.0230,-0.0094,0.0341,0.0183,-0.1403,0.2070,0.9680,1.080,,,,,,,
26,Left,22,0.0000,0.0000,0.0457,0.2135,-0.0147,-0.0811,0.9735,1.080,,,,,,,
26,Left,23,0.0000,0.0000,0.0307,0.1471,-0.0362,0.0513,0.9871,1.080,,,,,,,
26,Left,24,0.0000,0.0000,0.0203,0.0349,0.0491,-0.0008,0.9982,1.080,,,,,,,
26,Left,25,0.0002,0.0012,0.0219,0.0000,0.0000,0.0000,1.0000,1.080,,,,,,,
26,Right,0,-0.0004,-0.0062,0.0659,0.0000,0.0000,0.0000,1.0000,1.080,,,,,,,
26,Right,1,0.0000,0.0000,0.0000,0.0000,0.0000,0.0000,1.0000,1.080,0.1924,0.2304,0.0220,0.5048,0.4271,-0.5544,0.5054
26,Right,2,-0.0211,-0.0247,0.0383,0.1893,-0.3675,0.7175,0.5607,1.080,,,,,,,
26,Right,3,0.0000,0.0000,0.0325,0.1857,0.0535,-0.0822,0.9777,1.080,,,,,,,
26,Right,4,0.0000,0.0000,0.0338,-0.0994,-0.0682,0.0842,0.9891,1.080,,,,,,,
26,Right,5,0.0007,0.0010,0.0246,0.0000,0.0000,0.0000,1.0000,1.080,,,,,,,
26,Right,6,-0.0153,-0.0138,0.0384,0.0000,0.0000,0.0000,1.0000,1.080,,,,,,,
26,Right,7,-0.0083,0.0065,0.0576,0.3243,0.0692,0.0207,0.9432,1.080,,,,,,,
26,Right,8,0.0000,0.0000,0.0379,0.2526,0.0004,-0.0263,0.9672,1.080,,,,,,,
26,Right,9,0.0000,0.0000,0.0243,0.0983,0.0243,-0.0169,0.9947,1.080,,,,,,,
26,Right,10,0.0003,0.0010,0.0224,0.0000,0.0000,0.0000,1.0000,1.080,,,,,,,
26,Right,11,0.0009,-0.0098,0.0362,0.0000,0.0000,0.0000,1.0000,1.080,,,,,,,
26,Right,12,-0.0027,0.0073,0.0595,0.3391,0.0975,-0.0380,0.9349,1.080,,,,,,,
26,Right,13,0.0000,0.0000,0.0429,0.2026,0.0020,-0.0123,0.9792,1.080,,,,,,,
26,Right,14,0.0000,0.0000,0.0275,0.0546,-0.0018,-0.0489,0.9973,1.080,,,,,,,
26,Right,15,0.0003,0.0011,0.0250,0.0000,0.0000,0.0000,1.0000,1.080,,,,,,,
26,Right,16,0.0150,-0.0060,0.0348,0.0000,0.0000,0.0000,1.0000,1.080,,,,,,,
26,Right,17,0.0025,-0.0005,0.0539,0.3526,0.1031,-0.0866,0.9260,1.080,,,,,,,
26,Right,18,0.0000,0.0000,0.0390,0.1696,-0.0027,-0.0373,0.9848,1.080,,,,,,,
26,Right,19,0.0000,0.0000,0.0266,0.0938,-0.0296,-0.0090,0.9951,1.080,,,,,,,
26,Right,20,0.0003,0.0016,0.0243,0.0000,0.0000,0.0000,1.0000,1.080,,,,,,,
26,Right,21,0.0230,-0.0094,0.0341,0.0183,0.1403,-0.2070,0.9680,1.080,,,,,,,
26,Right,22,0.0000,0.0000,0.0457,0.2959,0.0150,0.0777,0.9519,1.080,,,,,,,
26,Right,23,0.0000,0.0000,0.0307,0.1659,0.0354,-0.0528,0.9841,1.080,,,,,,,
26,Right,24,0.0000,0.0000,0.0203,0.0492,-0.0491,0.0009,0.9976,1.080,,,,,,,
26,Right,25,-0.0002,0.0012,0.0219,0.0000,0.0000,0.0000,1.0000,1.080,,,,,,,
27,Left,0,0.0031,-0.0046,0.0645,0.0000,0.0000,0.0000,1.0000,1.122,,,,,,,
27,Left,1,0.0000,0.0000,0.0000,0.0000,0.0000,0.0000,1.0000,1.122,-0.0903,0.1735,-0.0311,-0.4818,0.6558,-0.5786,0.0548
27,Left,2,0.0320,-0.0122,0.0325,-0.1798,0.3472,-0.4876,0.7806,1.122,,,,,,,
27,Left,3,0.0000,0.0000,0.0325,0.0001,-0.0702,0.0832,0.9941,1.122,,,,,,,
27,Left,4,0.0000,0.0000,0.0338,-0.1792,0.0741,-0.0851,0.9773,1.122,,,,,,,
27,Left,5,-0.0007,0.0010,0.0246,0.0000,0.0000,0.0000,1.0000,1.122,,,,,,,
27,Left,6,0.0207,-0.0075,0.0355,0.0000,0.0000,0.0000,1.0000,1.122,,,,,,,
27,Left,7,0.0028,0.0002,0.0605,0.1785,-0.0873,-0.0238,0.9798,1.122,,,,,,,
27,Left,8,0.0000,0.0000,0.0379,0.0888,-0.0049,0.0262,0.9957,1.122,,,,,,,
27,Left,9,0.0000,0.0000,0.0243,0.0097,-0.0259,0.0165,0.9995,1.122,,,,,,,
27,Left,10,-0.0003,0.0010,0.0224,0.0000,0.0000,0.0000,1.0000,1.122,,,,,,,
27,Left,11,0.0045,-0.0067,0.0333,0.0000,0.0000,0.0000,1.0000,1.122,,,,,,,
27,Left,12,-0.0028,0.0041,0.0623,0.2924,-0.0941,0.0320,0.9511,1.122,,,,,,,
27,Left,13,0.0000,0.0000,0.0429,0.0323,-0.0040,0.0114,0.9994,1.122,,,,,,,
27,Left,14,0.0000,0.0000,0.0275,-0.0303,-0.0019,0.0406,0.9987,1.122,,,,,,,
27,Left,15,-0.0003,0.0011,0.0250,0.0000,0.0000,0.0000,1.0000,1.122,,,,,,,
27,Left,16,-0.0150,-0.0060,0.0348,0.0000,0.0000,0.0000,1.0000,1.122,,,,,,,
27,Left,17,-0.0025,-0.0005,0.0539,0.3009,-0.1097,0.0817,0.9438,1.122,,,,,,,
27,Left,18,0.0000,0.0000,0.0390,0.0636,-0.0008,0.0350,0.9974,1.122,,,,,,,
27,Left,19,0.0000,0.0000,0.0266,0.0438,0.0295,0.0067,0.9986,1.122,,,,,,,
27,Left,20,-0.0003,0.0016,0.0243,0.0000,0.0000,0.0000,1.0000,1.122,,,,,,,
27,Left,21,-0.0230,-0.0094,0.0341,0.0183,-0.1403,0.2070,0.9680,1.122,,,,,,,
27,Left,22,0.0000,0.0000,0.0457,0.2128,-0.0135,-0.0814,0.9736,1.122,,,,,,,
27,Left,23,0.0000,0.0000,0.0307,0.1463,-0.0363,0.0512,0.9872,1.122,,,,,,,
27,Left,24,0.0000,0.0000,0.0203,0.0349,0.0491,-0.0008,0.9982,1.122,,,,,,,
27,Left,25,0.0002,0.0012,0.0219,0.0000,0.0000,0.0000,1.0000,1.122,,,,,,,
27,Right,0,-0.0004,-0.0062,0.0659,0.0000,0.0000,0.0000,1.0000,1.122,,,,,,,
27,Right,1,0.0000,0.0000,0.0000,0.0000,0.0000,0.0000,1.0000,1.122,0.1928,0.2296,0.0225,0.5058,0.4255,-0.5555,0.5045
27,Right,2,-0.0210,-0.0247,0.0383,0.1900,-0.3659,0.7185,0.5602,1.122,,,,,,,
27,Right,3,0.0000,0.0000,0.0325,0.1833,0.0538,-0.0822,0.9781,1.122,,,,,,,
27,Right,4,0.0000,0.0000,0.0338,-0.1000,-0.0682,0.0842,0.9891,1.122,,,,,,,
27,Right,5,0.0007,0.0010,0.0246,0.0000,0.0000,0.0000,1.0000,1.122,,,,,,,
27,Right,6,-0.0152,-0.0138,0.0384,0.0000,0.0000,0.0000,1.0000,1.122,,,,,,,
27,Right,7,-0.0083,0.0065,0.0576,0.3234,0.0682,0.0210,0.9436,1.122,,,,,,,
27,Right,8,0.0000,0.0000,0.0379,0.2446,0.0007,-0.0263,0.9693,1.122,,,,,,,
27,Right,9,0.0000,0.0000,0.0243,0.0915,0.0244,-0.0168,0.9954,1.122,,,,,,,
27,Right,10,0.0003,0.0010,0.0224,0.0000,0.0000,0.0000,1.0000,1.122,,,,,,,
27,Right,11,0.0010,-0.0098,0.0362,0.0000,0.0000,0.0000,1.0000,1.122,,,,,,,
27,Right,12,-0.0027,0.0073,0.0594,0.3330,0.0972,-0.0372,0.9372,1.122,,,,,,,
27,Right,13,0.0000,0.0000,0.0429,0.2032,0.0020,-0.0123,0.9791,1.122,,,,,,,
27,Right,14,0.0000,0.0000,0.0275,0.0543,-0.0018,-0.0489,0.9973,1.122,,,,,,,
27,Right,15,0.0003,0.0011,0.0250,0.0000,0.0000,0.0000,1.0000,1.122,,,,,,,
27,Right,16,0.0150,-0.0060,0.0348,0.0000,0.0000,0.0000,1.0000,1.122,,,,,,,
27,Right,17,0.0025,-0.0005,0.0539,0.3515,0.1028,-0.0864,0.9265,1.122,,,,,,,
27,Right,18,0.0000,0.0000,0.0390,0.1706,-0.0028,-0.0373,0.9846,1.122,,,,,,,
27,Right,19,0.0000,0.0000,0.0266,0.0935,-0.0296,-0.0090,0.9951,1.122,,,,,,,
27,Right,20,0.0003,0.0016,0.0243,0.0000,0.0000,0.0000,1.0000,1.122,,,,,,,
27,Right,21,0.0230,-0.0094,0.0341,0.0183,0.1403,-0.2070,0.9680,1.122,,,,,,,
27,Right,22,0.0000,0.0000,0.0457,0.2956,0.0154,0.0776,0.9520,1.122,,,,,,,
27,Right,23,0.0000,0.0000,0.0307,0.1657,0.0354,-0.0528,0.9841,1.122,,,,,,,
27,Right,24,0.0000,0.0000,0.0203,0.0485,-0.0491,0.0009,0.9976,1.122,,,,,,,
27,Right,25,-0.0002,0.0012,0.0219,0.0000,0.0000,0.0000,1.0000,1.122,,,,,,,
28,Left,0,0.0031,-0.0046,0.0645,0.0000,0.0000,0.0000,1.0000,1.163,,,,,,,
28,Left,1,0.0000,0.0000,0.0000,0.0000,0.0000,0.0000,1.0000,1.163,-0.0899,0.1732,-0.0315,-0.4811,0.6552,-0.5798,0.0563
28,Left,2,0.0320,-0.0121,0.0325,-0.1811,0.3472,-0.4862,0.7812,1.163,,,,,,,
28,Left,3,0.0000,0.0000,0.0325,0.0000,-0.0702,0.0832,0.9941,1.163,,,,,,,
28,Left,4,0.0000,0.0000,0.0338,-0.1799,0.0741,-0.0851,0.9772,1.163,,,,,,,
28,Left,5,-0.0007,0.0010,0.0246,0.0000,0.0000,0.0000,1.0000,1.163,,,,,,,
28,Left,6,0.0207,-0.0075,0.0355,0.0000,0.0000,0.0000,1.0000,1.163,,,,,,,
28,Left,7,0.0028,0.0002,0.0605,0.1776,-0.0878,-0.0237,0.9799,1.163,,,,,,,
28,Left,8,0.0000,0.0000,0.0379,0.0879,-0.0049,0.0262,0.9958,1.163,,,,,,,
28,Left,9,0.0000,0.0000,0.0243,0.0089,-0.0259,0.0165,0.9995,1.163,,,,,,,
28,Left,10,-0.0003,0.0010,0.0224,0.0000,0.0000,0.0000,1.0000,1.163,,,,,,,
28,Left,11,0.0045,-0.0067,0.0333,0.0000,0.0000,0.0000,1.0000,1.163,,,,,,,
28,Left,12,-0.0028,0.0041,0.0624,0.2919,-0.0936,0.0318,0.9513,1.163,,,,,,,
28,Left,13,0.0000,0.0000,0.0429,0.0314,-0.0040,0.0114,0.9994,1.163,,,,,,,
28,Left,14,0.0000,0.0000,0.0275,-0.0316,-0.0019,0.0405,0.9987,1.163,,,,,,,
28,Left,15,-0.0003,0.0011,0.0250,0.0000,0.0000,0.0000,1.0000,1.163,,,,,,,
28,Left,16,-0.0150,-0.0060,0.0348,0.0000,0.0000,0.0000,1.0000,1.163,,,,,,,
28,Left,17,-0.0025,-0.0005,0.0539,0.2997,-0.1084,0.0813,0.9443,1.163,,,,,,,
28,Left,18,0.0000,0.0000,0.0390,0.0630,-0.0009,0.0350,0.9974,1.163,,,,,,,
28,Left,19,0.0000,0.0000,0.0266,0.0431,0.0295,0.0067,0.9986,1.163,,,,,,,
28,Left,20,-0.0003,0.0016,0.0243,0.0000,0.0000,0.0000,1.0000,1.163,,,,,,,
28,Left,21,-0.0230,-0.0094,0.0341,0.0183,-0.1403,0.2070,0.9680,1.163,,,,,,,
28,Left,22,0.0000,0.0000,0.0457,0.2121,-0.0123,-0.0816,0.9738,1.163,,,,,,,
28,Left,23,0.0000,0.0000,0.0307,0.1459,-0.0363,0.0512,0.9873,1.163,,,,,,,
28,Left,24,0.0000,0.0000,0.0203,0.0349,0.0491,-0.0008,0.9982,1.163,,,,,,,
28,Left,25,0.0002,0.0012,0.0219,0.0000,0.0000,0.0000,1.0000,1.163,,,,,,,
28,Right,0,-0.0003,-0.0062,0.0659,0.0000,0.0000,0.0000,1.0000,1.163,,,,,,,
28,Right,1,0.0000,0.0000,0.0000,0.0000,0.0000,0.0000,1.0000,1.163,0.1937,0.2281,0.0242,0.5060,0.4238,-0.5609,0.4996
28,Right,2,-0.0209,-0.0248,0.0383,0.1904,-0.3642,0.7195,0.5598,1.163,,,,,,,
28,Right,3,0.0000,0.0000,0.0325,0.1812,0.0539,-0.0822,0.9785,1.163,,,,,,,
28,Right,4,0.0000,0.0000,0.0338,-0.1008,-0.0683,0.0842,0.9890,1.163,,,,,,,
28,Right,5,0.0007,0.0010,0.0246,0.0000,0.0000,0.0000,1.0000,1.163,,,,,,,
28,Right,6,-0.0152,-0.0139,0.0384,0.0000,0.0000,0.0000,1.0000,1.163,,,,,,,
28,Right,7,-0.0084,0.0065,0.0576,0.3221,0.0671,0.0214,0.9441,1.163,,,,,,,
28,Right,8,0.0000,0.0000,0.0379,0.2393,0.0008,-0.0263,0.9706,1.163,,,,,,,
28,Right,9,0.0000,0.0000,0.0243,0.0880,0.0245,-0.0168,0.9957,1.163,,,,,,,
28,Right,10,0.0003,0.0010,0.0224,0.0000,0.0000,0.0000,1.0000,1.163,,,,,,,
28,Right,11,0.0010,-0.0098,0.0362,0.0000,0.0000,0.0000,1.0000,1.163,,,,,,,
28,Right,12,-0.0028,0.0073,0.0594,0.3292,0.0969,-0.0367,0.9386,1.163,,,,,,,
28,Right,13,0.0000,0.0000,0.0429,0.2040,0.0020,-0.0123,0.9789,1.163,,,,,,,
28,Right,14,0.0000,0.0000,0.0275,0.0544,-0.0018,-0.0489,0.9973,1.163,,,,,,,
28,Right,15,0.0003,0.0011,0.0250,0.0000,0.0000,0.0000,1.0000,1.163,,,,,,,
28,Right,16,0.0150,-0.0060,0.0348,0.0000,0.0000,0.0000,1.0000,1.163,,,,,,,
28,Right,17,0.0025,-0.0005,0.0539,0.3510,0.1028,-0.0864,0.9267,1.163,,,,,,,
28,Right,18,0.0000,0.0000,0.0390,0.1718,-0.0028,-0.0373,0.9844,1.163,,,,,,,
28,Right,19,0.0000,0.0000,0.0266,0.0935,-0.0296,-0.0090,0.9951,1.163,,,,,,,
28,Right,20,0.0003,0.0016,0.0243,0.0000,0.0000,0.0000,1.0000,1.163,,,,,,,
28,Right,21,0.0230,-0.0094,0.0341,0.0183,0.1403,-0.2070,0.9680,1.163,,,,,,,
28,Right,22,0.0000,0.0000,0.0457,0.2965,0.0162,0.0774,0.9518,1.163,,,,,,,
28,Right,23,0.0000,0.0000,0.0307,0.1657,0.0354,-0.0528,0.9841,1.163,,,,,,,
28,Right,24,0.0000,0.0000,0.0203,0.0479,-0.0491,0.0009,0.9976,1.163,,,,,,,
28,Right,25,-0.0002,0.0012,0.0219,0.0000,0.0000,0.0000,1.0000,1.163,,,,,,,
29,Left,0,0.0031,-0.0046,0.0645,0.0000,0.0000,0.0000,1.0000,1.205,,,,,,,
29,Left,1,0.0000,0.0000,0.0000,0.0000,0.0000,0.0000,1.0000,1.205,-0.0891,0.1732,-0.0315,-0.4812,0.6545,-0.5804,0.0561
29,Left,2,0.0320,-0.0121,0.0325,-0.1820,0.3470,-0.4852,0.7817,1.205,,,,,,,
29,Left,3,0.0000,0.0000,0.0325,-0.0007,-0.0703,0.0832,0.9941,1.205,,,,,,,
29,Left,4,0.0000,0.0000,0.0338,-0.1805,0.0742,-0.0851,0.9771,1.205,,,,,,,
29,Left,5,-0.0007,0.0010,0.0246,0.0000,0.0000,0.0000,1.0000,1.205,,,,,,,
29,Left,6,0.0207,-0.0075,0.0354,0.0000,0.0000,0.0000,1.0000,1.205,,,,,,,
29,Left,7,0.0028,0.0002,0.0606,0.1781,-0.0883,-0.0236,0.9797,1.205,,,,,,,
29,Left,8,0.0000,0.0000,0.0379,0.0875,-0.0049,0.0262,0.9958,1.205,,,,,,,
29,Left,9,0.0000,0.0000,0.0243,0.0083,-0.0259,0.0165,0.9995,1.205,,,,,,,
29,Left,10,-0.0003,0.0010,0.0224,0.0000,0.0000,0.0000,1.0000,1.205,,,,,,,
29,Left,11,0.0045,-0.0066,0.0333,0.0000,0.0000,0.0000,1.0000,1.205,,,,,,,
29,Left,12,-0.0028,0.0041,0.0624,0.2925,-0.0927,0.0317,0.9512,1.205,,,,,,,
29,Left,13,0.0000,0.0000,0.0429,0.0310,-0.0040,0.0114,0.9994,1.205,,,,,,,
29,Left,14,0.0000,0.0000,0.0275,-0.0326,-0.0020,0.0404,0.9987,1.205,,,,,,,
29,Left,15,-0.0003,0.0011,0.0250,0.0000,0.0000,0.0000,1.0000,1.205,,,,,,,
29,Left,16,-0.0150,-0.0060,0.0348,0.0000,0.0000,0.0000,1.0000,1.205,,,,,,,
29,Left,17,-0.0025,-0.0005,0.0539,0.2993,-0.1071,0.0808,0.9447,1.205,,,,,,,
29,Left,18,0.0000,0.0000,0.0390,0.0630,-0.0009,0.0350,0.9974,1.205,,,,,,,
29,Left,19,0.0000,0.0000,0.0266,0.0426,0.0295,0.0066,0.9986,1.205,,,,,,,
29,Left,20,-0.0003,0.0016,0.0243,0.0000,0.0000,0.0000,1.0000,1.205,,,,,,,
29,Left,21,-0.0230,-0.0094,0.0341,0.0183,-0.1403,0.2070,0.9680,1.205,,,,,,,
29,Left,22,0.0000,0.0000,0.0457,0.2120,-0.0112,-0.0818,0.9738,1.205,,,,,,,
29,Left,23,0.0000,0.0000,0.0307,0.1462,-0.0363,0.0512,0.9873,1.205,,,,,,,
29,Left,24,0.0000,0.0000,0.0203,0.0353,0.0491,-0.0008,0.9982,1.205,,,,,,,
29,Left,25,0.0002,0.0012,0.0219,0.0000,0.0000,0.0000,1.0000,1.205,,,,,,,
29,Right,0,-0.0003,-0.0062,0.0659,0.0000,0.0000,0.0000,1.0000,1.205,,,,,,,
29,Right,1,0.0000,0.0000,0.0000,0.0000,0.0000,0.0000,1.0000,1.205,0.1948,0.2262,0.0248,0.4980,0.4246,-0.5761,0.4898
29,Right,2,-0.0207,-0.0249,0.0384,0.1904,-0.3599,0.7218,0.5597,1.205,,,,,,,
29,Right,3,0.0000,0.0000,0.0325,0.1797,0.0541,-0.0822,0.9788,1.205,,,,,,,
29,Right,4,0.0000,0.0000,0.0338,-0.1022,-0.0684,0.0842,0.9888,1.205,,,,,,,
29,Right,5,0.0007,0.0010,0.0246,0.0000,0.0000,0.0000,1.0000,1.205,,,,,,,
29,Right,6,-0.0151,-0.0139,0.0384,0.0000,0.0000,0.0000,1.0000,1.205,,,,,,,
29,Right,7,-0.0085,0.0066,0.0576,0.3177,0.0660,0.0218,0.9456,1.205,,,,,,,
29,Right,8,0.0000,0.0000,0.0379,0.2377,0.0009,-0.0263,0.9710,1.205,,,,,,,
29,Right,9,0.0000,0.0000,0.0243,0.0863,0.0245,-0.0168,0.9958,1.205,,,,,,,
29,Right,10,0.0003,0.0010,0.0224,0.0000,0.0000,0.0000,1.0000,1.205,,,,,,,
29,Right,11,0.0011,-0.0098,0.0362,0.0000,0.0000,0.0000,1.0000,1.205,,,,,,,
29,Right,12,-0.0029,0.0073,0.0594,0.3282,0.0974,-0.0368,0.9388,1.205,,,,,,,
29,Right,13,0.0000,0.0000,0.0429,0.2044,0.0020,-0.0123,0.9788,1.205,,,,,,,
29,Right,14,0.0000,0.0000,0.0275,0.0543,-0.0018,-0.0489,0.9973,1.205,,,,,,,
29,Right,15,0.0003,0.0011,0.0250,0.0000,0.0000,0.0000,1.0000,1.205,,,,,,,
29,Right,16,0.0150,-0.0060,0.0348,0.0000,0.0000,0.0000,1.0000,1.205,,,,,,,
29,Right,17,0.0025,-0.0005,0.0539,0.3516,0.1034,-0.0866,0.9264,1.205,,,,,,,
29,Right,18,0.0000,0.0000,0.0390,0.1719,-0.0028,-0.0373,0.9844,1.205,,,,,,,
29,Right,19,0.0000,0.0000,0.0266,0.0930,-0.0296,-0.0090,0.9952,1.205,,,,,,,
29,Right,20,0.0003,0.0016,0.0243,0.0000,0.0000,0.0000,1.0000,1.205,,,,,,,
29,Right,21,0.0230,-0.0094,0.0341,0.0183,0.1403,-0.2070,0.9680,1.205,,,,,,,
29,Right,22,0.0000,0.0000,0.0457,0.3155,0.0195,0.0756,0.9457,1.205,,,,,,,
29,Right,23,0.0000,0.0000,0.0307,0.1659,0.0354,-0.0528,0.9841,1.205,,,,,,,
29,Right,24,0.0000,0.0000,0.0203,0.0477,-0.0491,0.0009,0.9977,1.205,,,,,,,
29,Right,25,-0.0002,0.0012,0.0219,0.0000,0.0000,0.0000,1.0000,1.205,,,,,,,
30,Left,0,0.0031,-0.0046,0.0645,0.0000,0.0000,0.0000,1.0000,1.247,,,,,,,
30,Left,1,0.0000,0.0000,0.0000,0.0000,0.0000,0.0000,1.0000,1.247,-0.0886,0.1731,-0.0317,-0.4827,0.6527,-0.5812,0.0565
30,Left,2,0.0320,-0.0120,0.0325,-0.1831,0.3467,-0.4841,0.7823,1.247,,,,,,,
30,Left,3,0.0000,0.0000,0.0325,-0.0012,-0.0703,0.0832,0.9940,1.247,,,,,,,
30,Left,4,0.0000,0.0000,0.0338,-0.1810,0.0742,-0.0851,0.9770,1.247,,,,,,,
30,Left,5,-0.0007,0.0010,0.0246,0.0000,0.0000,0.0000,1.0000,1.247,,,,,,,
30,Left,6,0.0207,-0.0075,0.0354,0.0000,0.0000,0.0000,1.0000,1.247,,,,,,,
30,Left,7,0.0028,0.0001,0.0606,0.1789,-0.0883,-0.0236,0.9796,1.247,,,,,,,
30,Left,8,0.0000,0.0000,0.0379,0.0871,-0.0049,0.0262,0.9958,1.247,,,,,,,
30,Left,9,0.0000,0.0000,0.0243,0.0076,-0.0259,0.0165,0.9995,1.247,,,,,,,
30,Left,10,-0.0003,0.0010,0.0224,0.0000,0.0000,0.0000,1.0000,1.247,,,,,,,
30,Left,11,0.0045,-0.0066,0.0333,0.0000,0.0000,0.0000,1.0000,1.247,,,,,,,
30,Left,12,-0.0028,0.0041,0.0624,0.2930,-0.0923,0.0316,0.9511,1.247,,,,,,,
30,Left,13,0.0000,0.0000,0.0429,0.0305,-0.0040,0.0114,0.9995,1.247,,,,,,,
30,Left,14,0.0000,0.0000,0.0275,-0.0336,-0.0020,0.0403,0.9986,1.247,,,,,,,
30,Left,15,-0.0003,0.0011,0.0250,0.0000,0.0000,0.0000,1.0000,1.247,,,,,,,
30,Left,16,-0.0150,-0.0060,0.0348,0.0000,0.0000,0.0000,1.0000,1.247,,,,,,,
30,Left,17,-0.0025,-0.0005,0.0539,0.2992,-0.1062,0.0806,0.9448,1.247,,,,,,,
30,Left,18,0.0000,0.0000,0.0390,0.0634,-0.0008,0.0350,0.9974,1.247,,,,,,,
30,Left,19,0.0000,0.0000,0.0266,0.0424,0.0295,0.0066,0.9986,1.247,,,,,,,
30,Left,20,-0.0003,0.0016,0.0243,0.0000,0.0000,0.0000,1.0000,1.247,,,,,,,
30,Left,21,-0.0230,-0.0094,0.0341,0.0183,-0.1403,0.2070,0.9680,1.247,,,,,,,
30,Left,22,0.0000,0.0000,0.0457,0.2122,-0.0101,-0.0821,0.9737,1.247,,,,,,,
30,Left,23,0.0000,0.0000,0.0307,0.1466,-0.0363,0.0512,0.9872,1.247,,,,,,,
30,Left,24,0.0000,0.0000,0.0203,0.0358,0.0491,-0.0009,0.9982,1.247,,,,,,,
30,Left,25,0.0002,0.0012,0.0219,0.0000,0.0000,0.0000,1.0000,1.247,,,,,,,
30,Right,0,-0.0003,-0.0062,0.0659,0.0000,0.0000,0.0000,1.0000,1.247,,,,,,,
30,Right,1,0.0000,0.0000,0.0000,0.0000,0.0000,0.0000,1.0000,1.247,0.1959,0.2245,0.0246,0.4784,0.4412,-0.5960,0.4705
30,Right,2,-0.0207,-0.0249,0.0384,0.1910,-0.3589,0.7224,0.5592,1.247,,,,,,,
30,Right,3,0.0000,0.0000,0.0325,0.1794,0.0541,-0.0822,0.9788,1.247,,,,,,,
30,Right,4,0.0000,0.0000,0.0338,-0.1044,-0.0686,0.0843,0.9886,1.247,,,,,,,
30,Right,5,0.0007,0.0010,0.0246,0.0000,0.0000,0.0000,1.0000,1.247,,,,,,,
30,Right,6,-0.0151,-0.0139,0.0384,0.0000,0.0000,0.0000,1.0000,1.247,,,,,,,
30,Right,7,-0.0085,0.0066,0.0576,0.3169,0.0627,0.0228,0.9461,1.247,,,,,,,
30,Right,8,0.0000,0.0000,0.0379,0.2363,0.0009,-0.0263,0.9713,1.247,,,,,,,
30,Right,9,0.0000,0.0000,0.0243,0.0843,0.0246,-0.0168,0.9960,1.247,,,,,,,
30,Right,10,0.0003,0.0010,0.0224,0.0000,0.0000,0.0000,1.0000,1.247,,,,,,,
30,Right,11,0.0012,-0.0099,0.0362,0.0000,0.0000,0.0000,1.0000,1.247,,,,,,,
30,Right,12,-0.0029,0.0073,0.0594,0.3112,0.0978,-0.0350,0.9447,1.247,,,,,,,
30,Right,13,0.0000,0.0000,0.0429,0.2043,0.0020,-0.0123,0.9788,1.247,,,,,,,
30,Right,14,0.0000,0.0000,0.0275,0.0542,-0.0018,-0.0489,0.9973,1.247,,,,,,,
30,Right,15,0.0003,0.0011,0.0250,0.0000,0.0000,0.0000,1.0000,1.247,,,,,,,
30,Right,16,0.0150,-0.0060,0.0348,0.0000,0.0000,0.0000,1.0000,1.247,,,,,,,
30,Right,17,0.0025,-0.0005,0.0539,0.3482,0.1045,-0.0865,0.9276,1.247,,,,,,,
30,Right,18,0.0000,0.0000,0.0390,0.1707,-0.0028,-0.0373,0.9846,1.247,,,,,,,
30,Right,19,0.0000,0.0000,0.0266,0.0925,-0.0296,-0.0090,0.9952,1.247,,,,,,,
30,Right,20,0.0003,0.0016,0.0243,0.0000,0.0000,0.0000,1.0000,1.247,,,,,,,
30,Right,21,0.0230,-0.0094,0.0341,0.0183,0.1403,-0.2070,0.9680,1.247,,,,,,,
30,Right,22,0.0000,0.0000,0.0457,0.3227,0.0303,0.0718,0.9433,1.247,,,,,,,
30,Right,23,0.0000,0.0000,0.0307,0.1649,0.0354,-0.0527,0.9843,1.247,,,,,,,
30,Right,24,0.0000,0.0000,0.0203,0.0474,-0.0491,0.0009,0.9977,1.247,,,,,,,
30,Right,25,-0.0002,0.0012,0.0219,0.0000,0.0000,0.0000,1.0000,1.247,,,,,,,
31,Left,0,0.0031,-0.0046,0.0644,0.0000,0.0000,0.0000,1.0000,1.288,,,,,,,
31,Left,1,0.0000,0.0000,0.0000,0.0000,0.0000,0.0000,1.0000,1.288,-0.0881,0.1732,-0.0317,-0.4833,0.6520,-0.5813,0.0588
31,Left,2,0.0321,-0.0119,0.0324,-0.1844,0.3464,-0.4827,0.7829,1.288,,,,,,,
31,Left,3,0.0000,0.0000,0.0325,-0.0022,-0.0704,0.0832,0.9940,1.288,,,,,,,
31,Left,4,0.0000,0.0000,0.0338,-0.1815,0.0743,-0.0851,0.9769,1.288,,,,,,,
31,Left,5,-0.0007,0.0010,0.0246,0.0000,0.0000,0.0000,1.0000,1.288,,,,,,,
31,Left,6,0.0207,-0.0074,0.0354,0.0000,0.0000,0.0000,1.0000,1.288,,,,,,,
31,Left,7,0.0028,0.0001,0.0606,0.1804,-0.0877,-0.0236,0.9794,1.288,,,,,,,
31,Left,8,0.0000,0.0000,0.0379,0.0867,-0.0049,0.0262,0.9959,1.288,,,,,,,
31,Left,9,0.0000,0.0000,0.0243,0.0069,-0.0259,0.0165,0.9995,1.288,,,,,,,
31,Left,10,-0.0003,0.0010,0.0224,0.0000,0.0000,0.0000,1.0000,1.288,,,,,,,
31,Left,11,0.0045,-0.0066,0.0332,0.0000,0.0000,0.0000,1.0000,1.288,,,,,,,
31,Left,12,-0.0028,0.0041,0.0624,0.2937,-0.0913,0.0314,0.9510,1.288,,,,,,,
31,Left,13,0.0000,0.0000,0.0429,0.0299,-0.0040,0.0114,0.9995,1.288,,,,,,,
31,Left,14,0.0000,0.0000,0.0275,-0.0346,-0.0021,0.0402,0.9986,1.288,,,,,,,
31,Left,15,-0.0003,0.0011,0.0250,0.0000,0.0000,0.0000,1.0000,1.288,,,,,,,
31,Left,16,-0.0150,-0.0060,0.0348,0.0000,0.0000,0.0000,1.0000,1.288,,,,,,,
31,Left,17,-0.0025,-0.0005,0.0539,0.2996,-0.1055,0.0805,0.9448,1.288,,,,,,,
31,Left,18,0.0000,0.0000,0.0390,0.0634,-0.0008,0.0350,0.9974,1.288,,,,,,,
31,Left,19,0.0000,0.0000,0.0266,0.0419,0.0295,0.0066,0.9987,1.288,,,,,,,
31,Left,20,-0.0003,0.0016,0.0243,0.0000,0.0000,0.0000,1.0000,1.288,,,,,,,
31,Left,21,-0.0230,-0.0094,0.0341,0.0183,-0.1403,0.2070,0.9680,1.288,,,,,,,
31,Left,22,0.0000,0.0000,0.0457,0.2125,-0.0095,-0.0822,0.9736,1.288,,,,,,,
31,Left,23,0.0000,0.0000,0.0307,0.1471,-0.0362,0.0513,0.9871,1.288,,,,,,,
31,Left,24,0.0000,0.0000,0.0203,0.0361,0.0491,-0.0009,0.9981,1.288,,,,,,,
31,Left,25,0.0002,0.0012,0.0219,0.0000,0.0000,0.0000,1.0000,1.288,,,,,,,
31,Right,0,-0.0003,-0.0062,0.0659,0.0000,0.0000,0.0000,1.0000,1.288,,,,,,,
31,Right,1,0.0000,0.0000,0.0000,0.0000,0.0000,0.0000,1.0000,1.288,0.1966,0.2229,0.0248,0.4650,0.4494,-0.6064,0.4627
31,Right,2,-0.0206,-0.0250,0.0384,0.1917,-0.3573,0.7235,0.5587,1.288,,,,,,,
31,Right,3,0.0000,0.0000,0.0325,0.1804,0.0540,-0.0822,0.9787,1.288,,,,,,,
31,Right,4,0.0000,0.0000,0.0338,-0.1053,-0.0687,0.0843,0.9885,1.288,,,,,,,
31,Right,5,0.0007,0.0010,0.0246,0.0000,0.0000,0.0000,1.0000,1.288,,,,,,,
31,Right,6,-0.0150,-0.0139,0.0384,0.0000,0.0000,0.0000,1.0000,1.288,,,,,,,
31,Right,7,-0.0085,0.0066,0.0576,0.3182,0.0491,0.0266,0.9464,1.288,,,,,,,
31,Right,8,0.0000,0.0000,0.0379,0.2359,0.0009,-0.0263,0.9714,1.288,,,,,,,
31,Right,9,0.0000,0.0000,0.0243,0.0831,0.0246,-0.0168,0.9961,1.288,,,,,,,
31,Right,10,0.0003,0.0010,0.0224,0.0000,0.0000,0.0000,1.0000,1.288,,,,,,,
31,Right,11,0.0012,-0.0099,0.0362,0.0000,0.0000,0.0000,1.0000,1.288,,,,,,,
31,Right,12,-0.0029,0.0073,0.0594,0.3108,0.0975,-0.0349,0.9448,1.288,,,,,,,
31,Right,13,0.0000,0.0000,0.0429,0.2051,0.0020,-0.0123,0.9787,1.288,,,,,,,
31,Right,14,0.0000,0.0000,0.0275,0.0549,-0.0018,-0.0489,0.9973,1.288,,,,,,,
31,Right,15,0.0003,0.0011,0.0250,0.0000,0.0000,0.0000,1.0000,1.288,,,,,,,
31,Right,16,0.0150,-0.0060,0.0348,0.0000,0.0000,0.0000,1.0000,1.288,,,,,,,
31,Right,17,0.0025,-0.0005,0.0539,0.3442,0.1060,-0.0864,0.9289,1.288,,,,,,,
31,Right,18,0.0000,0.0000,0.0390,0.1703,-0.0028,-0.0373,0.9847,1.288,,,,,,,
31,Right,19,0.0000,0.0000,0.0266,0.0926,-0.0296,-0.0090,0.9952,1.288,,,,,,,
31,Right,20,0.0003,0.0016,0.0243,0.0000,0.0000,0.0000,1.0000,1.288,,,,,,,
31,Right,21,0.0230,-0.0094,0.0341,0.0183,0.1403,-0.2070,0.9680,1.288,,,,,,,
31,Right,22,0.0000,0.0000,0.0457,0.3287,0.0418,0.0676,0.9411,1.288,,,,,,,
31,Right,23,0.0000,0.0000,0.0307,0.1636,0.0355,-0.0526,0.9845,1.288,,,,,,,
31,Right,24,0.0000,0.0000,0.0203,0.0474,-0.0491,0.0009,0.9977,1.288,,,,,,,
31,Right,25,-0.0002,0.0012,0.0219,0.0000,0.0000,0.0000,1.0000,1.288,,,,,,,
32,Left,0,0.0031,-0.0046,0.0644,0.0000,0.0000,0.0000,1.0000,1.330,,,,,,,
32,Left,1,0.0000,0.0000,0.0000,0.0000,0.0000,0.0000,1.0000,1.330,-0.0864,0.1742,-0.0315,-0.4832,0.6525,-0.5808,0.0585
32,Left,2,0.0321,-0.0119,0.0324,-0.1857,0.3458,-0.4814,0.7837,1.330,,,,,,,
32,Left,3,0.0000,0.0000,0.0325,-0.0030,-0.0705,0.0832,0.9940,1.330,,,,,,,
32,Left,4,0.0000,0.0000,0.0338,-0.1820,0.0743,-0.0851,0.9768,1.330,,,,,,,
32,Left,5,-0.0007,0.0010,0.0246,0.0000,0.0000,0.0000,1.0000,1.330,,,,,,,
32,Left,6,0.0207,-0.0074,0.0354,0.0000,0.0000,0.0000,1.0000,1.330,,,,,,,
32,Left,7,0.0028,0.0001,0.0606,0.1828,-0.0877,-0.0235,0.9790,1.330,,,,,,,
32,Left,8,0.0000,0.0000,0.0379,0.0863,-0.0049,0.0262,0.9959,1.330,,,,,,,
32,Left,9,0.0000,0.0000,0.0243,0.0058,-0.0259,0.0165,0.9995,1.330,,,,,,,
32,Left,10,-0.0003,0.0010,0.0224,0.0000,0.0000,0.0000,1.0000,1.330,,,,,,,
32,Left,11,0.0045,-0.0066,0.0332,0.0000,0.0000,0.0000,1.0000,1.330,,,,,,,
32,Left,12,-0.0028,0.0041,0.0624,0.2948,-0.0910,0.0314,0.9507,1.330,,,,,,,
32,Left,13,0.0000,0.0000,0.0429,0.0296,-0.0040,0.0114,0.9995,1.330,,,,,,,
32,Left,14,0.0000,0.0000,0.0275,-0.0357,-0.0021,0.0401,0.9986,1.330,,,,,,,
32,Left,15,-0.0003,0.0011,0.0250,0.0000,0.0000,0.0000,1.0000,1.330,,,,,,,
32,Left,16,-0.0150,-0.0060,0.0348,0.0000,0.0000,0.0000,1.0000,1.330,,,,,,,
32,Left,17,-0.0025,-0.0005,0.0539,0.2997,-0.1048,0.0803,0.9448,1.330,,,,,,,
32,Left,18,0.0000,0.0000,0.0390,0.0633,-0.0009,0.0350,0.9974,1.330,,,,,,,
32,Left,19,0.0000,0.0000,0.0266,0.0414,0.0295,0.0066,0.9987,1.330,,,,,,,
32,Left,20,-0.0003,0.0016,0.0243,0.0000,0.0000,0.0000,1.0000,1.330,,,,,,,
32,Left,21,-0.0230,-0.0094,0.0341,0.0183,-0.1403,0.2070,0.9680,1.330,,,,,,,
32,Left,22,0.0000,0.0000,0.0457,0.2124,-0.0092,-0.0822,0.9737,1.330,,,,,,,
32,Left,23,0.0000,0.0000,0.0307,0.1472,-0.0362,0.0513,0.9871,1.330,,,,,,,
32,Left,24,0.0000,0.0000,0.0203,0.0361,0.0491,-0.0009,0.9981,1.330,,,,,,,
32,Left,25,0.0002,0.0012,0.0219,0.0000,0.0000,0.0000,1.0000,1.330,,,,,,,
32,Right,0,-0.0002,-0.0062,0.0660,0.0000,0.0000,0.0000,1.0000,1.330,,,,,,,
32,Right,1,0.0000,0.0000,0.0000,0.0000,0.0000,0.0000,1.0000,1.330,0.1973,0.2215,0.0262,0.4637,0.4510,-0.6079,0.4605
32,Right,2,-0.0203,-0.0251,0.0385,0.1957,-0.3537,0.7264,0.5559,1.330,,,,,,,
32,Right,3,0.0000,0.0000,0.0325,0.1848,0.0536,-0.0822,0.9779,1.330,,,,,,,
32,Right,4,0.0000,0.0000,0.0338,-0.1054,-0.0687,0.0843,0.9885,1.330,,,,,,,
32,Right,5,0.0007,0.0010,0.0246,0.0000,0.0000,0.0000,1.0000,1.330,,,,,,,
32,Right,6,-0.0149,-0.0140,0.0384,0.0000,0.0000,0.0000,1.0000,1.330,,,,,,,
32,Right,7,-0.0087,0.0067,0.0576,0.3203,0.0435,0.0281,0.9459,1.330,,,,,,,
32,Right,8,0.0000,0.0000,0.0379,0.2360,0.0009,-0.0263,0.9714,1.330,,,,,,,
32,Right,9,0.0000,0.0000,0.0243,0.0828,0.0246,-0.0168,0.9961,1.330,,,,,,,
32,Right,10,0.0003,0.0010,0.0224,0.0000,0.0000,0.0000,1.0000,1.330,,,,,,,
32,Right,11,0.0014,-0.0099,0.0363,0.0000,0.0000,0.0000,1.0000,1.330,,,,,,,
32,Right,12,-0.0031,0.0074,0.0594,0.3107,0.0969,-0.0347,0.9449,1.330,,,,,,,
32,Right,13,0.0000,0.0000,0.0429,0.2064,0.0019,-0.0123,0.9784,1.330,,,,,,,
32,Right,14,0.0000,0.0000,0.0275,0.0558,-0.0019,-0.0490,0.9972,1.330,,,,,,,
32,Right,15,0.0003,0.0011,0.0250,0.0000,0.0000,0.0000,1.0000,1.330,,,,,,,
32,Right,16,0.0150,-0.0060,0.0348,0.0000,0.0000,0.0000,1.0000,1.330,,,,,,,
32,Right,17,0.0025,-0.0005,0.0539,0.3403,0.1072,-0.0863,0.9302,1.330,,,,,,,
32,Right,18,0.0000,0.0000,0.0390,0.1709,-0.0028,-0.0373,0.9846,1.330,,,,,,,
32,Right,19,0.0000,0.0000,0.0266,0.0929,-0.0296,-0.0090,0.9952,1.330,,,,,,,
32,Right,20,0.0003,0.0016,0.0243,0.0000,0.0000,0.0000,1.0000,1.330,,,,,,,
32,Right,21,0.0230,-0.0094,0.0341,0.0183,0.1403,-0.2070,0.9680,1.330,,,,,,,
32,Right,22,0.0000,0.0000,0.0457,0.3291,0.0445,0.0667,0.9409,1.330,,,,,,,
32,Right,23,0.0000,0.0000,0.0307,0.1622,0.0355,-0.0525,0.9847,1.330,,,,,,,
32,Right,24,0.0000,0.0000,0.0203,0.0471,-0.0491,0.0009,0.9977,1.330,,,,,,,
32,Right,25,-0.0002,0.0012,0.0219,0.0000,0.0000,0.0000,1.0000,1.330,,,,,,,
33,Left,0,0.0031,-0.0046,0.0644,0.0000,0.0000,0.0000,1.0000,1.371,,,,,,,
33,Left,1,0.0000,0.0000,0.0000,0.0000,0.0000,0.0000,1.0000,1.371,-0.0863,0.1742,-0.0314,-0.4835,0.6525,-0.5805,0.0593
33,Left,2,0.0321,-0.0118,0.0324,-0.1868,0.3459,-0.4801,0.7842,1.371,,,,,,,
33,Left,3,0.0000,0.0000,0.0325,-0.0042,-0.0706,0.0832,0.9940,1.371,,,,,,,
33,Left,4,0.0000,0.0000,0.0338,-0.1824,0.0743,-0.0851,0.9767,1.371,,,,,,,
33,Left,5,-0.0007,0.0010,0.0246,0.0000,0.0000,0.0000,1.0000,1.371,,,,,,,
33,Left,6,0.0208,-0.0074,0.0354,0.0000,0.0000,0.0000,1.0000,1.371,,,,,,,
33,Left,7,0.0028,0.0001,0.0606,0.1834,-0.0879,-0.0234,0.9788,1.371,,,,,,,
33,Left,8,0.0000,0.0000,0.0379,0.0850,-0.0050,0.0262,0.9960,1.371,,,,,,,
33,Left,9,0.0000,0.0000,0.0243,0.0046,-0.0260,0.0165,0.9995,1.371,,,,,,,
33,Left,10,-0.0003,0.0010,0.0224,0.0000,0.0000,0.0000,1.0000,1.371,,,,,,,
33,Left,11,0.0045,-0.0066,0.0332,0.0000,0.0000,0.0000,1.0000,1.371,,,,,,,
33,Left,12,-0.0028,0.0040,0.0624,0.2947,-0.0904,0.0313,0.9508,1.371,,,,,,,
33,Left,13,0.0000,0.0000,0.0429,0.0284,-0.0040,0.0114,0.9995,1.371,,,,,,,
33,Left,14,0.0000,0.0000,0.0275,-0.0372,-0.0022,0.0399,0.9985,1.371,,,,,,,
33,Left,15,-0.0003,0.0011,0.0250,0.0000,0.0000,0.0000,1.0000,1.371,,,,,,,
33,Left,16,-0.0150,-0.0060,0.0348,0.0000,0.0000,0.0000,1.0000,1.371,,,,,,,
33,Left,17,-0.0025,-0.0005,0.0539,0.2985,-0.1042,0.0800,0.9453,1.371,,,,,,,
33,Left,18,0.0000,0.0000,0.0390,0.0624,-0.0009,0.0350,0.9974,1.371,,,,,,,
33,Left,19,0.0000,0.0000,0.0266,0.0406,0.0295,0.0066,0.9987,1.371,,,,,,,
33,Left,20,-0.0003,0.0016,0.0243,0.0000,0.0000,0.0000,1.0000,1.371,,,,,,,
33,Left,21,-0.0230,-0.0094,0.0341,0.0183,-0.1403,0.2070,0.9680,1.371,,,,,,,
33,Left,22,0.0000,0.0000,0.0457,0.2103,-0.0091,-0.0823,0.9741,1.371,,,,,,,
33,Left,23,0.0000,0.0000,0.0307,0.1465,-0.0363,0.0512,0.9872,1.371,,,,,,,
33,Left,24,0.0000,0.0000,0.0203,0.0357,0.0491,-0.0009,0.9982,1.371,,,,,,,
33,Left,25,0.0002,0.0012,0.0219,0.0000,0.0000,0.0000,1.0000,1.371,,,,,,,
33,Right,0,-0.0002,-0.0062,0.0660,0.0000,0.0000,0.0000,1.0000,1.371,,,,,,,
33,Right,1,0.0000,0.0000,0.0000,0.0000,0.0000,0.0000,1.0000,1.371,0.1979,0.2202,0.0273,0.4724,0.4408,-0.6040,0.4667
33,Right,2,-0.0202,-0.0251,0.0385,0.1957,-0.3522,0.7272,0.5558,1.371,,,,,,,
33,Right,3,0.0000,0.0000,0.0325,0.1876,0.0533,-0.0821,0.9773,1.371,,,,,,,
33,Right,4,0.0000,0.0000,0.0338,-0.1046,-0.0686,0.0843,0.9886,1.371,,,,,,,
33,Right,5,0.0007,0.0010,0.0246,0.0000,0.0000,0.0000,1.0000,1.371,,,,,,,
33,Right,6,-0.0148,-0.0140,0.0384,0.0000,0.0000,0.0000,1.0000,1.371,,,,,,,
33,Right,7,-0.0087,0.0067,0.0576,0.3296,0.0427,0.0282,0.9427,1.371,,,,,,,
33,Right,8,0.0000,0.0000,0.0379,0.2350,0.0009,-0.0263,0.9716,1.371,,,,,,,
33,Right,9,0.0000,0.0000,0.0243,0.0819,0.0246,-0.0168,0.9962,1.371,,,,,,,
33,Right,10,0.0003,0.0010,0.0224,0.0000,0.0000,0.0000,1.0000,1.371,,,,,,,
33,Right,11,0.0014,-0.0099,0.0363,0.0000,0.0000,0.0000,1.0000,1.371,,,,,,,
33,Right,12,-0.0031,0.0074,0.0594,0.3127,0.0960,-0.0347,0.9444,1.371,,,,,,,
33,Right,13,0.0000,0.0000,0.0429,0.2070,0.0019,-0.0123,0.9783,1.371,,,,,,,
33,Right,14,0.0000,0.0000,0.0275,0.0560,-0.0019,-0.0490,0.9972,1.371,,,,,,,
33,Right,15,0.0003,0.0011,0.0250,0.0000,0.0000,0.0000,1.0000,1.371,,,,,,,
33,Right,16,0.0150,-0.0060,0.0348,0.0000,0.0000,0.0000,1.0000,1.371,,,,,,,
33,Right,17,0.0025,-0.0005,0.0539,0.3402,0.1075,-0.0864,0.9302,1.371,,,,,,,
33,Right,18,0.0000,0.0000,0.0390,0.1709,-0.0028,-0.0373,0.9846,1.371,,,,,,,
33,Right,19,0.0000,0.0000,0.0266,0.0924,-0.0296,-0.0090,0.9952,1.371,,,,,,,
33,Right,20,0.0003,0.0016,0.0243,0.0000,0.0000,0.0000,1.0000,1.371,,,,,,,
33,Right,21,0.0230,-0.0094,0.0341,0.0183,0.1403,-0.2070,0.9680,1.371,,,,,,,
33,Right,22,0.0000,0.0000,0.0457,0.3299,0.0448,0.0665,0.9406,1.371,,,,,,,
33,Right,23,0.0000,0.0000,0.0307,0.1600,0.0356,-0.0523,0.9851,1.371,,,,,,,
33,Right,24,0.0000,0.0000,0.0203,0.0461,-0.0491,0.0009,0.9977,1.371,,,,,,,
33,Right,25,-0.0002,0.0012,0.0219,0.0000,0.0000,0.0000,1.0000,1.371,,,,,,,
34,Left,0,0.0031,-0.0046,0.0644,0.0000,0.0000,0.0000,1.0000,1.413,,,,,,,
34,Left,1,0.0000,0.0000,0.0000,0.0000,0.0000,0.0000,1.0000,1.413,-0.0863,0.1743,-0.0319,-0.4838,0.6523,-0.5804,0.0599
34,Left,2,0.0321,-0.0118,0.0323,-0.1880,0.3456,-0.4789,0.7848,1.413,,,,,,,
34,Left,3,0.0000,0.0000,0.0325,-0.0045,-0.0706,0.0832,0.9940,1.413,,,,,,,
34,Left,4,0.0000,0.0000,0.0338,-0.1827,0.0743,-0.0851,0.9767,1.413,,,,,,,
34,Left,5,-0.0007,0.0010,0.0246,0.0000,0.0000,0.0000,1.0000,1.413,,,,,,,
34,Left,6,0.0208,-0.0073,0.0354,0.0000,0.0000,0.0000,1.0000,1.413,,,,,,,
34,Left,7,0.0028,0.0000,0.0606,0.1843,-0.0876,-0.0234,0.9787,1.413,,,,,,,
34,Left,8,0.0000,0.0000,0.0379,0.0842,-0.0050,0.0262,0.9961,1.413,,,,,,,
34,Left,9,0.0000,0.0000,0.0243,0.0038,-0.0260,0.0165,0.9995,1.413,,,,,,,
34,Left,10,-0.0003,0.0010,0.0224,0.0000,0.0000,0.0000,1.0000,1.413,,,,,,,
34,Left,11,0.0046,-0.0066,0.0332,0.0000,0.0000,0.0000,1.0000,1.413,,,,,,,
34,Left,12,-0.0028,0.0040,0.0624,0.2944,-0.0898,0.0311,0.9510,1.413,,,,,,,
34,Left,13,0.0000,0.0000,0.0429,0.0275,-0.0040,0.0114,0.9995,1.413,,,,,,,
34,Left,14,0.0000,0.0000,0.0275,-0.0387,-0.0022,0.0398,0.9985,1.413,,,,,,,
34,Left,15,-0.0003,0.0011,0.0250,0.0000,0.0000,0.0000,1.0000,1.413,,,,,,,
34,Left,16,-0.0150,-0.0060,0.0348,0.0000,0.0000,0.0000,1.0000,1.413,,,,,,,
34,Left,17,-0.0025,-0.0005,0.0539,0.2975,-0.1036,0.0797,0.9457,1.413,,,,,,,
34,Left,18,0.0000,0.0000,0.0390,0.0620,-0.0009,0.0350,0.9975,1.413,,,,,,,
34,Left,19,0.0000,0.0000,0.0266,0.0398,0.0295,0.0065,0.9988,1.413,,,,,,,
34,Left,20,-0.0003,0.0016,0.0243,0.0000,0.0000,0.0000,1.0000,1.413,,,,,,,
34,Left,21,-0.0230,-0.0094,0.0341,0.0183,-0.1403,0.2070,0.9680,1.413,,,,,,,
34,Left,22,0.0000,0.0000,0.0457,0.2074,-0.0084,-0.0826,0.9747,1.413,,,,,,,
34,Left,23,0.0000,0.0000,0.0307,0.1459,-0.0363,0.0512,0.9873,1.413,,,,,,,
34,Left,24,0.0000,0.0000,0.0203,0.0352,0.0491,-0.0008,0.9982,1.413,,,,,,,
34,Left,25,0.0002,0.0012,0.0219,0.0000,0.0000,0.0000,1.0000,1.413,,,,,,,
34,Right,0,-0.0001,-0.0062,0.0660,0.0000,0.0000,0.0000,1.0000,1.413,,,,,,,
34,Right,1,0.0000,0.0000,0.0000,0.0000,0.0000,0.0000,1.0000,1.413,0.1974,0.2190,0.0281,0.4748,0.4341,-0.6058,0.4680
34,Right,2,-0.0200,-0.0253,0.0385,0.1995,-0.3492,0.7296,0.5531,1.413,,,,,,,
34,Right,3,0.0000,0.0000,0.0325,0.1879,0.0533,-0.0821,0.9773,1.413,,,,,,,
34,Right,4,0.0000,0.0000,0.0338,-0.1043,-0.0686,0.0843,0.9886,1.413,,,,,,,
34,Right,5,0.0007,0.0010,0.0246,0.0000,0.0000,0.0000,1.0000,1.413,,,,,,,
34,Right,6,-0.0147,-0.0141,0.0385,0.0000,0.0000,0.0000,1.0000,1.413,,,,,,,
34,Right,7,-0.0089,0.0068,0.0575,0.3398,0.0432,0.0280,0.9391,1.413,,,,,,,
34,Right,8,0.0000,0.0000,0.0379,0.2343,0.0009,-0.0263,0.9718,1.413,,,,,,,
34,Right,9,0.0000,0.0000,0.0243,0.0812,0.0246,-0.0168,0.9963,1.413,,,,,,,
34,Right,10,0.0003,0.0010,0.0224,0.0000,0.0000,0.0000,1.0000,1.413,,,,,,,
34,Right,11,0.0015,-0.0099,0.0363,0.0000,0.0000,0.0000,1.0000,1.413,,,,,,,
34,Right,12,-0.0032,0.0074,0.0594,0.3276,0.0951,-0.0360,0.9393,1.413,,,,,,,
34,Right,13,0.0000,0.0000,0.0429,0.2085,0.0019,-0.0123,0.9779,1.413,,,,,,,
34,Right,14,0.0000,0.0000,0.0275,0.0559,-0.0019,-0.0490,0.9972,1.413,,,,,,,
34,Right,15,0.0003,0.0011,0.0250,0.0000,0.0000,0.0000,1.0000,1.413,,,,,,,
34,Right,16,0.0150,-0.0060,0.0348,0.0000,0.0000,0.0000,1.0000,1.413,,,,,,,
34,Right,17,0.0025,-0.0005,0.0539,0.3542,0.1058,-0.0877,0.9250,1.413,,,,,,,
34,Right,18,0.0000,0.0000,0.0390,0.1707,-0.0028,-0.0373,0.9846,1.413,,,,,,,
34,Right,19,0.0000,0.0000,0.0266,0.0913,-0.0296,-0.0089,0.9953,1.413,,,,,,,
34,Right,20,0.0003,0.0016,0.0243,0.0000,0.0000,0.0000,1.0000,1.413,,,,,,,
34,Right,21,0.0230,-0.0094,0.0341,0.0183,0.1403,-0.2070,0.9680,1.413,,,,,,,
34,Right,22,0.0000,0.0000,0.0457,0.3347,0.0365,0.0691,0.9391,1.413,,,,,,,
34,Right,23,0.0000,0.0000,0.0307,0.1535,0.0359,-0.0518,0.9861,1.413,,,,,,,
34,Right,24,0.0000,0.0000,0.0203,0.0447,-0.0491,0.0009,0.9978,1.413,,,,,,,
34,Right,25,-0.0002,0.0012,0.0219,0.0000,0.0000,0.0000,1.0000,1.413,,,,,,,
35,Left,0,0.0031,-0.0045,0.0644,0.0000,0.0000,0.0000,1.0000,1.454,,,,,,,
35,Left,1,0.0000,0.0000,0.0000,0.0000,0.0000,0.0000,1.0000,1.454,-0.0864,0.1744,-0.0323,-0.4844,0.6525,-0.5796,0.0605
35,Left,2,0.0321,-0.0117,0.0323,-0.1888,0.3461,-0.4778,0.7851,1.454,,,,,,,
35,Left,3,0.0000,0.0000,0.0325,-0.0054,-0.0707,0.0832,0.9940,1.454,,,,,,,
35,Left,4,0.0000,0.0000,0.0338,-0.1830,0.0744,-0.0851,0.9766,1.454,,,,,,,
35,Left,5,-0.0007,0.0010,0.0246,0.0000,0.0000,0.0000,1.0000,1.454,,,,,,,
35,Left,6,0.0208,-0.0073,0.0353,0.0000,0.0000,0.0000,1.0000,1.454,,,,,,,
35,Left,7,0.0028,0.0000,0.0606,0.1847,-0.0873,-0.0234,0.9786,1.454,,,,,,,
35,Left,8,0.0000,0.0000,0.0379,0.0836,-0.0050,0.0262,0.9961,1.454,,,,,,,
35,Left,9,0.0000,0.0000,0.0243,0.0032,-0.0260,0.0165,0.9995,1.454,,,,,,,
35,Left,10,-0.0003,0.0010,0.0224,0.0000,0.0000,0.0000,1.0000,1.454,,,,,,,
35,Left,11,0.0046,-0.0066,0.0332,0.0000,0.0000,0.0000,1.0000,1.454,,,,,,,
35,Left,12,-0.0028,0.0040,0.0625,0.2939,-0.0893,0.0309,0.9512,1.454,,,,,,,
35,Left,13,0.0000,0.0000,0.0429,0.0267,-0.0041,0.0114,0.9996,1.454,,,,,,,
35,Left,14,0.0000,0.0000,0.0275,-0.0399,-0.0023,0.0397,0.9984,1.454,,,,,,,
35,Left,15,-0.0003,0.0011,0.0250,0.0000,0.0000,0.0000,1.0000,1.454,,,,,,,
35,Left,16,-0.0150,-0.0060,0.0348,0.0000,0.0000,0.0000,1.0000,1.454,,,,,,,
35,Left,17,-0.0025,-0.0005,0.0539,0.2961,-0.1031,0.0794,0.9463,1.454,,,,,,,
35,Left,18,0.0000,0.0000,0.0390,0.0615,-0.0009,0.0350,0.9975,1.454,,,,,,,
35,Left,19,0.0000,0.0000,0.0266,0.0390,0.0295,0.0065,0.9988,1.454,,,,,,,
35,Left,20,-0.0003,0.0016,0.0243,0.0000,0.0000,0.0000,1.0000,1.454,,,,,,,
35,Left,21,-0.0230,-0.0094,0.0341,0.0183,-0.1403,0.2070,0.9680,1.454,,,,,,,
35,Left,22,0.0000,0.0000,0.0457,0.2036,-0.0081,-0.0828,0.9755,1.454,,,,,,,
35,Left,23,0.0000,0.0000,0.0307,0.1454,-0.0363,0.0511,0.9874,1.454,,,,,,,
35,Left,24,0.0000,0.0000,0.0203,0.0347,0.0491,-0.0008,0.9982,1.454,,,,,,,
35,Left,25,0.0002,0.0012,0.0219,0.0000,0.0000,0.0000,1.0000,1.454,,,,,,,
35,Right,0,-0.0001,-0.0063,0.0660,0.0000,0.0000,0.0000,1.0000,1.454,,,,,,,
35,Right,1,0.0000,0.0000,0.0000,0.0000,0.0000,0.0000,1.0000,1.454,0.1967,0.2167,0.0301,0.4820,0.4250,-0.6052,0.4698
35,Right,2,-0.0198,-0.0253,0.0385,0.2014,-0.3475,0.7310,0.5517,1.454,,,,,,,
35,Right,3,0.0000,0.0000,0.0325,0.1881,0.0533,-0.0821,0.9773,1.454,,,,,,,
35,Right,4,0.0000,0.0000,0.0338,-0.1041,-0.0686,0.0843,0.9886,1.454,,,,,,,
35,Right,5,0.0007,0.0010,0.0246,0.0000,0.0000,0.0000,1.0000,1.454,,,,,,,
35,Right,6,-0.0146,-0.0141,0.0385,0.0000,0.0000,0.0000,1.0000,1.454,,,,,,,
35,Right,7,-0.0089,0.0068,0.0575,0.3518,0.0446,0.0275,0.9346,1.454,,,,,,,
35,Right,8,0.0000,0.0000,0.0379,0.2337,0.0010,-0.0263,0.9719,1.454,,,,,,,
35,Right,9,0.0000,0.0000,0.0243,0.0804,0.0246,-0.0168,0.9963,1.454,,,,,,,
35,Right,10,0.0003,0.0010,0.0224,0.0000,0.0000,0.0000,1.0000,1.454,,,,,,,
35,Right,11,0.0016,-0.0100,0.0363,0.0000,0.0000,0.0000,1.0000,1.454,,,,,,,
35,Right,12,-0.0033,0.0074,0.0593,0.3394,0.0939,-0.0369,0.9352,1.454,,,,,,,
35,Right,13,0.0000,0.0000,0.0429,0.2100,0.0019,-0.0123,0.9776,1.454,,,,,,,
35,Right,14,0.0000,0.0000,0.0275,0.0559,-0.0019,-0.0490,0.9972,1.454,,,,,,,
35,Right,15,0.0003,0.0011,0.0250,0.0000,0.0000,0.0000,1.0000,1.454,,,,,,,
35,Right,16,0.0150,-0.0060,0.0348,0.0000,0.0000,0.0000,1.0000,1.454,,,,,,,
35,Right,17,0.0025,-0.0005,0.0539,0.3659,0.1038,-0.0887,0.9206,1.454,,,,,,,
35,Right,18,0.0000,0.0000,0.0390,0.1702,-0.0028,-0.0373,0.9847,1.454,,,,,,,
35,Right,19,0.0000,0.0000,0.0266,0.0902,-0.0296,-0.0089,0.9954,1.454,,,,,,,
35,Right,20,0.0003,0.0016,0.0243,0.0000,0.0000,0.0000,1.0000,1.454,,,,,,,
35,Right,21,0.0230,-0.0094,0.0341,0.0183,0.1403,-0.2070,0.9680,1.454,,,,,,,
35,Right,22,0.0000,0.0000,0.0457,0.3385,0.0222,0.0739,0.9378,1.454,,,,,,,
35,Right,23,0.0000,0.0000,0.0307,0.1519,0.0360,-0.0517,0.9864,1.454,,,,,,,
35,Right,24,0.0000,0.0000,0.0203,0.0437,-0.0491,0.0009,0.9978,1.454,,,,,,,
35,Right,25,-0.0002,0.0012,0.0219,0.0000,0.0000,0.0000,1.0000,1.454,,,,,,,
36,Left,0,0.0032,-0.0045,0.0644,0.0000,0.0000,0.0000,1.0000,1.496,,,,,,,
36,Left,1,0.0000,0.0000,0.0000,0.0000,0.0000,0.0000,1.0000,1.496,-0.0868,0.1745,-0.0325,-0.4858,0.6522,-0.5788,0.0612
36,Left,2,0.0322,-0.0116,0.0322,-0.1902,0.3477,-0.4756,0.7853,1.496,,,,,,,
36,Left,3,0.0000,0.0000,0.0325,-0.0062,-0.0707,0.0832,0.9940,1.496,,,,,,,
36,Left,4,0.0000,0.0000,0.0338,-0.1833,0.0744,-0.0851,0.9765,1.496,,,,,,,
36,Left,5,-0.0007,0.0010,0.0246,0.0000,0.0000,0.0000,1.0000,1.496,,,,,,,
36,Left,6,0.0208,-0.0072,0.0353,0.0000,0.0000,0.0000,1.0000,1.496,,,,,,,
36,Left,7,0.0028,-0.0001,0.0607,0.1849,-0.0872,-0.0234,0.9786,1.496,,,,,,,
36,Left,8,0.0000,0.0000,0.0379,0.0829,-0.0050,0.0262,0.9962,1.496,,,,,,,
36,Left,9,0.0000,0.0000,0.0243,0.0025,-0.0260,0.0165,0.9995,1.496,,,,,,,
36,Left,10,-0.0003,0.0010,0.0224,0.0000,0.0000,0.0000,1.0000,1.496,,,,,,,
36,Left,11,0.0046,-0.0065,0.0331,0.0000,0.0000,0.0000,1.0000,1.496,,,,,,,
36,Left,12,-0.0029,0.0040,0.0625,0.2930,-0.0888,0.0307,0.9515,1.496,,,,,,,
36,Left,13,0.0000,0.0000,0.0429,0.0260,-0.0041,0.0114,0.9996,1.496,,,,,,,
36,Left,14,0.0000,0.0000,0.0275,-0.0410,-0.0023,0.0396,0.9984,1.496,,,,,,,
36,Left,15,-0.0003,0.0011,0.0250,0.0000,0.0000,0.0000,1.0000,1.496,,,,,,,
36,Left,16,-0.0150,-0.0060,0.0348,0.0000,0.0000,0.0000,1.0000,1.496,,,,,,,
36,Left,17,-0.0025,-0.0005,0.0539,0.2937,-0.1023,0.0790,0.9471,1.496,,,,,,,
36,Left,18,0.0000,0.0000,0.0390,0.0611,-0.0009,0.0350,0.9975,1.496,,,,,,,
36,Left,19,0.0000,0.0000,0.0266,0.0383,0.0295,0.0064,0.9988,1.496,,,,,,,
36,Left,20,-0.0003,0.0016,0.0243,0.0000,0.0000,0.0000,1.0000,1.496,,,,,,,
36,Left,21,-0.0230,-0.0094,0.0341,0.0183,-0.1403,0.2070,0.9680,1.496,,,,,,,
36,Left,22,0.0000,0.0000,0.0457,0.1979,-0.0076,-0.0831,0.9767,1.496,,,,,,,
36,Left,23,0.0000,0.0000,0.0307,0.1447,-0.0363,0.0511,0.9875,1.496,,,,,,,
36,Left,24,0.0000,0.0000,0.0203,0.0343,0.0491,-0.0008,0.9982,1.496,,,,,,,
36,Left,25,0.0002,0.0012,0.0219,0.0000,0.0000,0.0000,1.0000,1.496,,,,,,,
36,Right,0,0.0000,-0.0063,0.0660,0.0000,0.0000,0.0000,1.0000,1.496,,,,,,,
36,Right,1,0.0000,0.0000,0.0000,0.0000,0.0000,0.0000,1.0000,1.496,0.1961,0.2141,0.0325,0.4921,0.4170,-0.6012,0.4718
36,Right,2,-0.0197,-0.0254,0.0385,0.2027,-0.3469,0.7316,0.5508,1.496,,,,,,,
36,Right,3,0.0000,0.0000,0.0325,0.1885,0.0532,-0.0821,0.9772,1.496,,,,,,,
36,Right,4,0.0000,0.0000,0.0338,-0.1039,-0.0685,0.0842,0.9886,1.496,,,,,,,
36,Right,5,0.0007,0.0010,0.0246,0.0000,0.0000,0.0000,1.0000,1.496,,,,,,,
36,Right,6,-0.0146,-0.0141,0.0385,0.0000,0.0000,0.0000,1.0000,1.496,,,,,,,
36,Right,7,-0.0090,0.0068,0.0575,0.3708,0.0462,0.0267,0.9272,1.496,,,,,,,
36,Right,8,0.0000,0.0000,0.0379,0.2337,0.0010,-0.0263,0.9719,1.496,,,,,,,
36,Right,9,0.0000,0.0000,0.0243,0.0800,0.0246,-0.0168,0.9963,1.496,,,,,,,
36,Right,10,0.0003,0.0010,0.0224,0.0000,0.0000,0.0000,1.0000,1.496,,,,,,,
36,Right,11,0.0016,-0.0100,0.0363,0.0000,0.0000,0.0000,1.0000,1.496,,,,,,,
36,Right,12,-0.0034,0.0074,0.0593,0.3436,0.0926,-0.0369,0.9338,1.496,,,,,,,
36,Right,13,0.0000,0.0000,0.0429,0.2111,0.0019,-0.0123,0.9774,1.496,,,,,,,
36,Right,14,0.0000,0.0000,0.0275,0.0563,-0.0019,-0.0491,0.9972,1.496,,,,,,,
36,Right,15,0.0003,0.0011,0.0250,0.0000,0.0000,0.0000,1.0000,1.496,,,,,,,
36,Right,16,0.0150,-0.0060,0.0348,0.0000,0.0000,0.0000,1.0000,1.496,,,,,,,
36,Right,17,0.0025,-0.0005,0.0539,0.3681,0.1031,-0.0887,0.9198,1.496,,,,,,,
36,Right,18,0.0000,0.0000,0.0390,0.1690,-0.0027,-0.0373,0.9849,1.496,,,,,,,
36,Right,19,0.0000,0.0000,0.0266,0.0893,-0.0296,-0.0088,0.9955,1.496,,,,,,,
36,Right,20,0.0003,0.0016,0.0243,0.0000,0.0000,0.0000,1.0000,1.496,,,,,,,
36,Right,21,0.0230,-0.0094,0.0341,0.0183,0.1403,-0.2070,0.9680,1.496,,,,,,,
36,Right,22,0.0000,0.0000,0.0457,0.3399,0.0179,0.0753,0.9373,1.496,,,,,,,
36,Right,23,0.0000,0.0000,0.0307,0.1448,0.0363,-0.0511,0.9875,1.496,,,,,,,
36,Right,24,0.0000,0.0000,0.0203,0.0429,-0.0491,0.0009,0.9979,1.496,,,,,,,
36,Right,25,-0.0002,0.0012,0.0219,0.0000,0.0000,0.0000,1.0000,1.496,,,,,,,
37,Left,0,0.0032,-0.0045,0.0644,0.0000,0.0000,0.0000,1.0000,1.538,,,,,,,
37,Left,1,0.0000,0.0000,0.0000,0.0000,0.0000,0.0000,1.0000,1.538,-0.0871,0.1746,-0.0325,-0.4860,0.6523,-0.5784,0.0611
37,Left,2,0.0322,-0.0115,0.0322,-0.1902,0.3486,-0.4752,0.7851,1.538,,,,,,,
37,Left,3,0.0000,0.0000,0.0325,-0.0064,-0.0707,0.0832,0.9940,1.538,,,,,,,
37,Left,4,0.0000,0.0000,0.0338,-0.1836,0.0744,-0.0851,0.9765,1.538,,,,,,,
37,Left,5,-0.0007,0.0010,0.0246,0.0000,0.0000,0.0000,1.0000,1.538,,,,,,,
37,Left,6,0.0208,-0.0072,0.0353,0.0000,0.0000,0.0000,1.0000,1.538,,,,,,,
37,Left,7,0.0027,-0.0001,0.0607,0.1850,-0.0871,-0.0234,0.9786,1.538,,,,,,,
37,Left,8,0.0000,0.0000,0.0379,0.0822,-0.0051,0.0262,0.9963,1.538,,,,,,,
37,Left,9,0.0000,0.0000,0.0243,0.0018,-0.0260,0.0165,0.9995,1.538,,,,,,,
37,Left,10,-0.0003,0.0010,0.0224,0.0000,0.0000,0.0000,1.0000,1.538,,,,,,,
37,Left,11,0.0046,-0.0065,0.0331,0.0000,0.0000,0.0000,1.0000,1.538,,,,,,,
37,Left,12,-0.0029,0.0040,0.0625,0.2928,-0.0884,0.0306,0.9516,1.538,,,,,,,
37,Left,13,0.0000,0.0000,0.0429,0.0256,-0.0041,0.0114,0.9996,1.538,,,,,,,
37,Left,14,0.0000,0.0000,0.0275,-0.0417,-0.0024,0.0395,0.9983,1.538,,,,,,,
37,Left,15,-0.0003,0.0011,0.0250,0.0000,0.0000,0.0000,1.0000,1.538,,,,,,,
37,Left,16,-0.0150,-0.0060,0.0348,0.0000,0.0000,0.0000,1.0000,1.538,,,,,,,
37,Left,17,-0.0025,-0.0005,0.0539,0.2921,-0.1010,0.0784,0.9478,1.538,,,,,,,
37,Left,18,0.0000,0.0000,0.0390,0.0606,-0.0009,0.0350,0.9976,1.538,,,,,,,
37,Left,19,0.0000,0.0000,0.0266,0.0376,0.0295,0.0064,0.9988,1.538,,,,,,,
37,Left,20,-0.0003,0.0016,0.0243,0.0000,0.0000,0.0000,1.0000,1.538,,,,,,,
37,Left,21,-0.0230,-0.0094,0.0341,0.0183,-0.1403,0.2070,0.9680,1.538,,,,,,,
37,Left,22,0.0000,0.0000,0.0457,0.1894,-0.0065,-0.0836,0.9783,1.538,,,,,,,
37,Left,23,0.0000,0.0000,0.0307,0.1437,-0.0364,0.0510,0.9876,1.538,,,,,,,
37,Left,24,0.0000,0.0000,0.0203,0.0339,0.0491,-0.0008,0.9982,1.538,,,,,,,
37,Left,25,0.0002,0.0012,0.0219,0.0000,0.0000,0.0000,1.0000,1.538,,,,,,,
37,Right,0,0.0000,-0.0063,0.0660,0.0000,0.0000,0.0000,1.0000,1.538,,,,,,,
37,Right,1,0.0000,0.0000,0.0000,0.0000,0.0000,0.0000,1.0000,1.538,0.1952,0.2102,0.0341,0.5025,0.4032,-0.5998,0.4745
37,Right,2,-0.0197,-0.0254,0.0385,0.2041,-0.3474,0.7316,0.5499,1.538,,,,,,,
37,Right,3,0.0000,0.0000,0.0325,0.1906,0.0530,-0.0821,0.9768,1.538,,,,,,,
37,Right,4,0.0000,0.0000,0.0338,-0.1040,-0.0686,0.0842,0.9886,1.538,,,,,,,
37,Right,5,0.0007,0.0010,0.0246,0.0000,0.0000,0.0000,1.0000,1.538,,,,,,,
37,Right,6,-0.0146,-0.0142,0.0385,0.0000,0.0000,0.0000,1.0000,1.538,,,,,,,
37,Right,7,-0.0090,0.0068,0.0575,0.3812,0.0468,0.0264,0.9229,1.538,,,,,,,
37,Right,8,0.0000,0.0000,0.0379,0.2333,0.0010,-0.0263,0.9720,1.538,,,,,,,
37,Right,9,0.0000,0.0000,0.0243,0.0790,0.0247,-0.0168,0.9964,1.538,,,,,,,
37,Right,10,0.0003,0.0010,0.0224,0.0000,0.0000,0.0000,1.0000,1.538,,,,,,,
37,Right,11,0.0016,-0.0100,0.0363,0.0000,0.0000,0.0000,1.0000,1.538,,,,,,,
37,Right,12,-0.0034,0.0074,0.0593,0.3530,0.0915,-0.0376,0.9304,1.538,,,,,,,
37,Right,13,0.0000,0.0000,0.0429,0.2127,0.0019,-0.0124,0.9770,1.538,,,,,,,
37,Right,14,0.0000,0.0000,0.0275,0.0574,-0.0020,-0.0492,0.9971,1.538,,,,,,,
37,Right,15,0.0003,0.0011,0.0250,0.0000,0.0000,0.0000,1.0000,1.538,,,,,,,
37,Right,16,0.0150,-0.0060,0.0348,0.0000,0.0000,0.0000,1.0000,1.538,,,,,,,
37,Right,17,0.0025,-0.0005,0.0539,0.3672,0.1033,-0.0887,0.9201,1.538,,,,,,,
37,Right,18,0.0000,0.0000,0.0390,0.1678,-0.0027,-0.0373,0.9851,1.538,,,,,,,
37,Right,19,0.0000,0.0000,0.0266,0.0890,-0.0296,-0.0088,0.9955,1.538,,,,,,,
37,Right,20,0.0003,0.0016,0.0243,0.0000,0.0000,0.0000,1.0000,1.538,,,,,,,
37,Right,21,0.0230,-0.0094,0.0341,0.0183,0.1403,-0.2070,0.9680,1.538,,,,,,,
37,Right,22,0.0000,0.0000,0.0457,0.3314,0.0169,0.0759,0.9403,1.538,,,,,,,
37,Right,23,0.0000,0.0000,0.0307,0.1349,0.0368,-0.0503,0.9889,1.538,,,,,,,
37,Right,24,0.0000,0.0000,0.0203,0.0415,-0.0491,0.0009,0.9979,1.538,,,,,,,
37,Right,25,-0.0002,0.0012,0.0219,0.0000,0.0000,0.0000,1.0000,1.538,,,,,,,
38,Left,0,0.0032,-0.0045,0.0644,0.0000,0.0000,0.0000,1.0000,1.580,,,,,,,
38,Left,1,0.0000,0.0000,0.0000,0.0000,0.0000,0.0000,1.0000,1.580,-0.0875,0.1746,-0.0327,-0.4865,0.6520,-0.5783,0.0608
38,Left,2,0.0322,-0.0115,0.0322,-0.1904,0.3495,-0.4748,0.7850,1.580,,,,,,,
38,Left,3,0.0000,0.0000,0.0325,-0.0065,-0.0708,0.0832,0.9940,1.580,,,,,,,
38,Left,4,0.0000,0.0000,0.0338,-0.1838,0.0744,-0.0851,0.9764,1.580,,,,,,,
38,Left,5,-0.0007,0.0010,0.0246,0.0000,0.0000,0.0000,1.0000,1.580,,,,,,,
38,Left,6,0.0208,-0.0072,0.0353,0.0000,0.0000,0.0000,1.0000,1.580,,,,,,,
38,Left,7,0.0027,-0.0001,0.0607,0.1851,-0.0869,-0.0234,0.9786,1.580,,,,,,,
38,Left,8,0.0000,0.0000,0.0379,0.0815,-0.0051,0.0262,0.9963,1.580,,,,,,,
38,Left,9,0.0000,0.0000,0.0243,0.0012,-0.0260,0.0165,0.9995,1.580,,,,,,,
38,Left,10,-0.0003,0.0010,0.0224,0.0000,0.0000,0.0000,1.0000,1.580,,,,,,,
38,Left,11,0.0046,-0.0065,0.0331,0.0000,0.0000,0.0000,1.0000,1.580,,,,,,,
38,Left,12,-0.0029,0.0040,0.0625,0.2926,-0.0878,0.0304,0.9517,1.580,,,,,,,
38,Left,13,0.0000,0.0000,0.0429,0.0249,-0.0041,0.0114,0.9996,1.580,,,,,,,
38,Left,14,0.0000,0.0000,0.0275,-0.0423,-0.0024,0.0394,0.9983,1.580,,,,,,,
38,Left,15,-0.0003,0.0011,0.0250,0.0000,0.0000,0.0000,1.0000,1.580,,,,,,,
38,Left,16,-0.0150,-0.0060,0.0348,0.0000,0.0000,0.0000,1.0000,1.580,,,,,,,
38,Left,17,-0.0025,-0.0005,0.0539,0.2902,-0.0998,0.0779,0.9486,1.580,,,,,,,
38,Left,18,0.0000,0.0000,0.0390,0.0598,-0.0010,0.0349,0.9976,1.580,,,,,,,
38,Left,19,0.0000,0.0000,0.0266,0.0369,0.0295,0.0064,0.9989,1.580,,,,,,,
38,Left,20,-0.0003,0.0016,0.0243,0.0000,0.0000,0.0000,1.0000,1.580,,,,,,,
38,Left,21,-0.0230,-0.0094,0.0341,0.0183,-0.1403,0.2070,0.9680,1.580,,,,,,,
38,Left,22,0.0000,0.0000,0.0457,0.1856,-0.0060,-0.0839,0.9790,1.580,,,,,,,
38,Left,23,0.0000,0.0000,0.0307,0.1427,-0.0364,0.0509,0.9878,1.580,,,,,,,
38,Left,24,0.0000,0.0000,0.0203,0.0335,0.0491,-0.0008,0.9982,1.580,,,,,,,
38,Left,25,0.0002,0.0012,0.0219,0.0000,0.0000,0.0000,1.0000,1.580,,,,,,,
38,Right,0,0.0000,-0.0063,0.0660,0.0000,0.0000,0.0000,1.0000,1.580,,,,,,,
38,Right,1,0.0000,0.0000,0.0000,0.0000,0.0000,0.0000,1.0000,1.580,0.1941,0.2061,0.0370,0.5129,0.3935,-0.5989,0.4727
38,Right,2,-0.0197,-0.0254,0.0385,0.2072,-0.3495,0.7311,0.5480,1.580,,,,,,,
38,Right,3,0.0000,0.0000,0.0325,0.1936,0.0528,-0.0821,0.9762,1.580,,,,,,,
38,Right,4,0.0000,0.0000,0.0338,-0.1040,-0.0686,0.0842,0.9886,1.580,,,,,,,
38,Right,5,0.0007,0.0010,0.0246,0.0000,0.0000,0.0000,1.0000,1.580,,,,,,,
38,Right,6,-0.0146,-0.0142,0.0385,0.0000,0.0000,0.0000,1.0000,1.580,,,,,,,
38,Right,7,-0.0090,0.0068,0.0575,0.4015,0.0469,0.0260,0.9143,1.580,,,,,,,
38,Right,8,0.0000,0.0000,0.0379,0.2336,0.0010,-0.0263,0.9720,1.580,,,,,,,
38,Right,9,0.0000,0.0000,0.0243,0.0779,0.0247,-0.0168,0.9965,1.580,,,,,,,
38,Right,10,0.0003,0.0010,0.0224,0.0000,0.0000,0.0000,1.0000,1.580,,,,,,,
38,Right,11,0.0017,-0.0100,0.0363,0.0000,0.0000,0.0000,1.0000,1.580,,,,,,,
38,Right,12,-0.0034,0.0074,0.0593,0.3598,0.0900,-0.0378,0.9279,1.580,,,,,,,
38,Right,13,0.0000,0.0000,0.0429,0.2143,0.0018,-0.0124,0.9767,1.580,,,,,,,
38,Right,14,0.0000,0.0000,0.0275,0.0585,-0.0020,-0.0493,0.9971,1.580,,,,,,,
38,Right,15,0.0003,0.0011,0.0250,0.0000,0.0000,0.0000,1.0000,1.580,,,,,,,
38,Right,16,0.0150,-0.0060,0.0348,0.0000,0.0000,0.0000,1.0000,1.580,,,,,,,
38,Right,17,0.0025,-0.0005,0.0539,0.3585,0.1040,-0.0877,0.9236,1.580,,,,,,,
38,Right,18,0.0000,0.0000,0.0390,0.1679,-0.0027,-0.0373,0.9851,1.580,,,,,,,
38,Right,19,0.0000,0.0000,0.0266,0.0890,-0.0296,-0.0088,0.9955,1.580,,,,,,,
38,Right,20,0.0003,0.0016,0.0243,0.0000,0.0000,0.0000,1.0000,1.580,,,,,,,
38,Right,21,0.0230,-0.0094,0.0341,0.0183,0.1403,-0.2070,0.9680,1.580,,,,,,,
38,Right,22,0.0000,0.0000,0.0457,0.3083,0.0152,0.0773,0.9480,1.580,,,,,,,
38,Right,23,0.0000,0.0000,0.0307,0.1319,0.0369,-0.0500,0.9893,1.580,,,,,,,
38,Right,24,0.0000,0.0000,0.0203,0.0400,-0.0491,0.0009,0.9980,1.580,,,,,,,
38,Right,25,-0.0002,0.0012,0.0219,0.0000,0.0000,0.0000,1.0000,1.580,,,,,,,
39,Left,0,0.0032,-0.0045,0.0644,0.0000,0.0000,0.0000,1.0000,1.621,,,,,,,
39,Left,1,0.0000,0.0000,0.0000,0.0000,0.0000,0.0000,1.0000,1.621,-0.0880,0.1746,-0.0328,-0.4871,0.6515,-0.5784,0.0601
39,Left,2,0.0322,-0.0115,0.0322,-0.1908,0.3499,-0.4742,0.7851,1.621,,,,,,,
39,Left,3,0.0000,0.0000,0.0325,-0.0063,-0.0707,0.0832,0.9940,1.621,,,,,,,
39,Left,4,0.0000,0.0000,0.0338,-0.1840,0.0744,-0.0851,0.9764,1.621,,,,,,,
39,Left,5,-0.0007,0.0010,0.0246,0.0000,0.0000,0.0000,1.0000,1.621,,,,,,,
39,Left,6,0.0208,-0.0072,0.0353,0.0000,0.0000,0.0000,1.0000,1.621,,,,,,,
39,Left,7,0.0027,-0.0001,0.0607,0.1851,-0.0866,-0.0235,0.9786,1.621,,,,,,,
39,Left,8,0.0000,0.0000,0.0379,0.0807,-0.0051,0.0262,0.9964,1.621,,,,,,,
39,Left,9,0.0000,0.0000,0.0243,0.0007,-0.0260,0.0165,0.9995,1.621,,,,,,,
39,Left,10,-0.0003,0.0010,0.0224,0.0000,0.0000,0.0000,1.0000,1.621,,,,,,,
39,Left,11,0.0046,-0.0065,0.0331,0.0000,0.0000,0.0000,1.0000,1.621,,,,,,,
39,Left,12,-0.0029,0.0039,0.0625,0.2923,-0.0872,0.0302,0.9519,1.621,,,,,,,
39,Left,13,0.0000,0.0000,0.0429,0.0242,-0.0041,0.0114,0.9996,1.621,,,,,,,
39,Left,14,0.0000,0.0000,0.0275,-0.0428,-0.0024,0.0394,0.9983,1.621,,,,,,,
39,Left,15,-0.0003,0.0011,0.0250,0.0000,0.0000,0.0000,1.0000,1.621,,,,,,,
39,Left,16,-0.0150,-0.0060,0.0348,0.0000,0.0000,0.0000,1.0000,1.621,,,,,,,
39,Left,17,-0.0025,-0.0005,0.0539,0.2874,-0.0990,0.0774,0.9495,1.621,,,,,,,
39,Left,18,0.0000,0.0000,0.0390,0.0591,-0.0010,0.0349,0.9976,1.621,,,,,,,
39,Left,19,0.0000,0.0000,0.0266,0.0364,0.0295,0.0064,0.9989,1.621,,,,,,,
39,Left,20,-0.0003,0.0016,0.0243,0.0000,0.0000,0.0000,1.0000,1.621,,,,,,,
39,Left,21,-0.0230,-0.0094,0.0341,0.0183,-0.1403,0.2070,0.9680,1.621,,,,,,,
39,Left,22,0.0000,0.0000,0.0457,0.1839,-0.0061,-0.0839,0.9793,1.621,,,,,,,
39,Left,23,0.0000,0.0000,0.0307,0.1421,-0.0365,0.0509,0.9879,1.621,,,,,,,
39,Left,24,0.0000,0.0000,0.0203,0.0333,0.0491,-0.0008,0.9982,1.621,,,,,,,
39,Left,25,0.0002,0.0012,0.0219,0.0000,0.0000,0.0000,1.0000,1.621,,,,,,,
39,Right,0,0.0000,-0.0063,0.0660,0.0000,0.0000,0.0000,1.0000,1.621,,,,,,,
39,Right,1,0.0000,0.0000,0.0000,0.0000,0.0000,0.0000,1.0000,1.621,0.1927,0.2013,0.0403,0.5259,0.3820,-0.6006,0.4657
39,Right,2,-0.0197,-0.0254,0.0385,0.2075,-0.3509,0.7305,0.5479,1.621,,,,,,,
39,Right,3,0.0000,0.0000,0.0325,0.2016,0.0520,-0.0819,0.9747,1.621,,,,,,,
39,Right,4,0.0000,0.0000,0.0338,-0.1044,-0.0686,0.0843,0.9886,1.621,,,,,,,
39,Right,5,0.0007,0.0010,0.0246,0.0000,0.0000,0.0000,1.0000,1.621,,,,,,,
39,Right,6,-0.0146,-0.0141,0.0385,0.0000,0.0000,0.0000,1.0000,1.621,,,,,,,
39,Right,7,-0.0090,0.0068,0.0575,0.4134,0.0462,0.0262,0.9090,1.621,,,,,,,
39,Right,8,0.0000,0.0000,0.0379,0.2342,0.0009,-0.0263,0.9718,1.621,,,,,,,
39,Right,9,0.0000,0.0000,0.0243,0.0768,0.0247,-0.0168,0.9966,1.621,,,,,,,
39,Right,10,0.0003,0.0010,0.0224,0.0000,0.0000,0.0000,1.0000,1.621,,,,,,,
39,Right,11,0.0016,-0.0100,0.0363,0.0000,0.0000,0.0000,1.0000,1.621,,,,,,,
39,Right,12,-0.0034,0.0074,0.0593,0.3664,0.0877,-0.0377,0.9256,1.621,,,,,,,
39,Right,13,0.0000,0.0000,0.0429,0.2158,0.0018,-0.0124,0.9764,1.621,,,,,,,
39,Right,14,0.0000,0.0000,0.0275,0.0597,-0.0021,-0.0494,0.9970,1.621,,,,,,,
39,Right,15,0.0003,0.0011,0.0250,0.0000,0.0000,0.0000,1.0000,1.621,,,,,,,
39,Right,16,0.0150,-0.0060,0.0348,0.0000,0.0000,0.0000,1.0000,1.621,,,,,,,
39,Right,17,0.0025,-0.0005,0.0539,0.3481,0.1040,-0.0863,0.9277,1.621,,,,,,,
39,Right,18,0.0000,0.0000,0.0390,0.1692,-0.0027,-0.0373,0.9849,1.621,,,,,,,
39,Right,19,0.0000,0.0000,0.0266,0.0892,-0.0296,-0.0088,0.9955,1.621,,,,,,,
39,Right,20,0.0003,0.0016,0.0243,0.0000,0.0000,0.0000,1.0000,1.621,,,,,,,
39,Right,21,0.0230,-0.0094,0.0341,0.0183,0.1403,-0.2070,0.9680,1.621,,,,,,,
39,Right,22,0.0000,0.0000,0.0457,0.2858,0.0139,0.0784,0.9550,1.621,,,,,,,
39,Right,23,0.0000,0.0000,0.0307,0.1321,0.0369,-0.0500,0.9893,1.621,,,,,,,
39,Right,24,0.0000,0.0000,0.0203,0.0385,-0.0491,0.0009,0.9981,1.621,,,,,,,
39,Right,25,-0.0002,0.0012,0.0219,0.0000,0.0000,0.0000,1.0000,1.621,,,,,,,
40,Left,0,0.0032,-0.0045,0.0644,0.0000,0.0000,0.0000,1.0000,1.663,,,,,,,
40,Left,1,0.0000,0.0000,0.0000,0.0000,0.0000,0.0000,1.0000,1.663,-0.0883,0.1746,-0.0331,-0.4890,0.6503,-0.5785,0.0575
40,Left,2,0.0322,-0.0114,0.0322,-0.1914,0.3500,-0.4734,0.7853,1.663,,,,,,,
40,Left,3,0.0000,0.0000,0.0325,-0.0063,-0.0707,0.0832,0.9940,1.663,,,,,,,
40,Left,4,0.0000,0.0000,0.0338,-0.1842,0.0744,-0.0851,0.9764,1.663,,,,,,,
40,Left,5,-0.0007,0.0010,0.0246,0.0000,0.0000,0.0000,1.0000,1.663,,,,,,,
40,Left,6,0.0208,-0.0072,0.0353,0.0000,0.0000,0.0000,1.0000,1.663,,,,,,,
40,Left,7,0.0027,-0.0001,0.0607,0.1844,-0.0859,-0.0236,0.9788,1.663,,,,,,,
40,Left,8,0.0000,0.0000,0.0379,0.0799,-0.0051,0.0262,0.9964,1.663,,,,,,,
40,Left,9,0.0000,0.0000,0.0243,0.0004,-0.0260,0.0165,0.9995,1.663,,,,,,,
40,Left,10,-0.0003,0.0010,0.0224,0.0000,0.0000,0.0000,1.0000,1.663,,,,,,,
40,Left,11,0.0046,-0.0065,0.0331,0.0000,0.0000,0.0000,1.0000,1.663,,,,,,,
40,Left,12,-0.0029,0.0039,0.0625,0.2917,-0.0865,0.0300,0.9521,1.663,,,,,,,
40,Left,13,0.0000,0.0000,0.0429,0.0236,-0.0041,0.0114,0.9996,1.663,,,,,,,
40,Left,14,0.0000,0.0000,0.0275,-0.0431,-0.0024,0.0394,0.9983,1.663,,,,,,,
40,Left,15,-0.0003,0.0011,0.0250,0.0000,0.0000,0.0000,1.0000,1.663,,,,,,,
40,Left,16,-0.0150,-0.0060,0.0348,0.0000,0.0000,0.0000,1.0000,1.663,,,,,,,
40,Left,17,-0.0025,-0.0005,0.0539,0.2838,-0.0984,0.0769,0.9507,1.663,,,,,,,
40,Left,18,0.0000,0.0000,0.0390,0.0588,-0.0010,0.0349,0.9977,1.663,,,,,,,
40,Left,19,0.0000,0.0000,0.0266,0.0362,0.0295,0.0063,0.9989,1.663,,,,,,,
40,Left,20,-0.0003,0.0016,0.0243,0.0000,0.0000,0.0000,1.0000,1.663,,,,,,,
40,Left,21,-0.0230,-0.0094,0.0341,0.0183,-0.1403,0.2070,0.9680,1.663,,,,,,,
40,Left,22,0.0000,0.0000,0.0457,0.1824,-0.0065,-0.0839,0.9796,1.663,,,,,,,
40,Left,23,0.0000,0.0000,0.0307,0.1421,-0.0365,0.0509,0.9879,1.663,,,,,,,
40,Left,24,0.0000,0.0000,0.0203,0.0333,0.0491,-0.0008,0.9982,1.663,,,,,,,
40,Left,25,0.0002,0.0012,0.0219,0.0000,0.0000,0.0000,1.0000,1.663,,,,,,,
40,Right,0,-0.0001,-0.0062,0.0660,0.0000,0.0000,0.0000,1.0000,1.663,,,,,,,
40,Right,1,0.0000,0.0000,0.0000,0.0000,0.0000,0.0000,1.0000,1.663,0.1924,0.1984,0.0413,0.5369,0.3727,-0.6002,0.4610
40,Right,2,-0.0200,-0.0253,0.0385,0.2081,-0.3565,0.7275,0.5480,1.663,,,,,,,
40,Right,3,0.0000,0.0000,0.0325,0.2098,0.0512,-0.0818,0.9730,1.663,,,,,,,
40,Right,4,0.0000,0.0000,0.0338,-0.1043,-0.0686,0.0843,0.9886,1.663,,,,,,,
40,Right,5,0.0007,0.0010,0.0246,0.0000,0.0000,0.0000,1.0000,1.663,,,,,,,
40,Right,6,-0.0147,-0.0141,0.0385,0.0000,0.0000,0.0000,1.0000,1.663,,,,,,,
40,Right,7,-0.0089,0.0068,0.0575,0.4184,0.0451,0.0265,0.9068,1.663,,,,,,,
40,Right,8,0.0000,0.0000,0.0379,0.2355,0.0009,-0.0263,0.9715,1.663,,,,,,,
40,Right,9,0.0000,0.0000,0.0243,0.0759,0.0247,-0.0168,0.9967,1.663,,,,,,,
40,Right,10,0.0003,0.0010,0.0224,0.0000,0.0000,0.0000,1.0000,1.663,,,,,,,
40,Right,11,0.0015,-0.0099,0.0363,0.0000,0.0000,0.0000,1.0000,1.663,,,,,,,
40,Right,12,-0.0032,0.0074,0.0594,0.3683,0.0835,-0.0365,0.9252,1.663,,,,,,,
40,Right,13,0.0000,0.0000,0.0429,0.2175,0.0018,-0.0124,0.9760,1.663,,,,,,,
40,Right,14,0.0000,0.0000,0.0275,0.0612,-0.0021,-0.0495,0.9969,1.663,,,,,,,
40,Right,15,0.0003,0.0011,0.0250,0.0000,0.0000,0.0000,1.0000,1.663,,,,,,,
40,Right,16,0.0150,-0.0060,0.0348,0.0000,0.0000,0.0000,1.0000,1.663,,,,,,,
40,Right,17,0.0025,-0.0005,0.0539,0.3422,0.1034,-0.0854,0.9300,1.663,,,,,,,
40,Right,18,0.0000,0.0000,0.0390,0.1724,-0.0028,-0.0373,0.9843,1.663,,,,,,,
40,Right,19,0.0000,0.0000,0.0266,0.0895,-0.0296,-0.0088,0.9955,1.663,,,,,,,
40,Right,20,0.0003,0.0016,0.0243,0.0000,0.0000,0.0000,1.0000,1.663,,,,,,,
40,Right,21,0.0230,-0.0094,0.0341,0.0183,0.1403,-0.2070,0.9680,1.663,,,,,,,
40,Right,22,0.0000,0.0000,0.0457,0.2779,0.0140,0.0787,0.9573,1.663,,,,,,,
40,Right,23,0.0000,0.0000,0.0307,0.1330,0.0369,-0.0501,0.9892,1.663,,,,,,,
40,Right,24,0.0000,0.0000,0.0203,0.0369,-0.0491,0.0009,0.9981,1.663,,,,,,,
40,Right,25,-0.0002,0.0012,0.0219,0.0000,0.0000,0.0000,1.0000,1.663,,,,,,,
41,Left,0,0.0032,-0.0045,0.0644,0.0000,0.0000,0.0000,1.0000,1.704,,,,,,,
41,Left,1,0.0000,0.0000,0.0000,0.0000,0.0000,0.0000,1.0000,1.704,-0.0886,0.1747,-0.0325,-0.4913,0.6503,-0.5769,0.0543
41,Left,2,0.0322,-0.0114,0.0321,-0.1915,0.3502,-0.4732,0.7853,1.704,,,,,,,
41,Left,3,0.0000,0.0000,0.0325,-0.0067,-0.0708,0.0832,0.9940,1.704,,,,,,,
41,Left,4,0.0000,0.0000,0.0338,-0.1844,0.0745,-0.0851,0.9763,1.704,,,,,,,
41,Left,5,-0.0007,0.0010,0.0246,0.0000,0.0000,0.0000,1.0000,1.704,,,,,,,
41,Left,6,0.0208,-0.0072,0.0353,0.0000,0.0000,0.0000,1.0000,1.704,,,,,,,
41,Left,7,0.0027,-0.0002,0.0607,0.1840,-0.0857,-0.0237,0.9789,1.704,,,,,,,
41,Left,8,0.0000,0.0000,0.0379,0.0797,-0.0051,0.0262,0.9965,1.704,,,,,,,
41,Left,9,0.0000,0.0000,0.0243,0.0005,-0.0260,0.0165,0.9995,1.704,,,,,,,
41,Left,10,-0.0003,0.0010,0.0224,0.0000,0.0000,0.0000,1.0000,1.704,,,,,,,
41,Left,11,0.0046,-0.0065,0.0331,0.0000,0.0000,0.0000,1.0000,1.704,,,,,,,
41,Left,12,-0.0029,0.0039,0.0625,0.2919,-0.0866,0.0300,0.9520,1.704,,,,,,,
41,Left,13,0.0000,0.0000,0.0429,0.0237,-0.0041,0.0114,0.9996,1.704,,,,,,,
41,Left,14,0.0000,0.0000,0.0275,-0.0430,-0.0024,0.0394,0.9983,1.704,,,,,,,
41,Left,15,-0.0003,0.0011,0.0250,0.0000,0.0000,0.0000,1.0000,1.704,,,,,,,
41,Left,16,-0.0150,-0.0060,0.0348,0.0000,0.0000,0.0000,1.0000,1.704,,,,,,,
41,Left,17,-0.0025,-0.0005,0.0539,0.2829,-0.0984,0.0767,0.9510,1.704,,,,,,,
41,Left,18,0.0000,0.0000,0.0390,0.0594,-0.0010,0.0349,0.9976,1.704,,,,,,,
41,Left,19,0.0000,0.0000,0.0266,0.0366,0.0295,0.0064,0.9989,1.704,,,,,,,
41,Left,20,-0.0003,0.0016,0.0243,0.0000,0.0000,0.0000,1.0000,1.704,,,,,,,
41,Left,21,-0.0230,-0.0094,0.0341,0.0183,-0.1403,0.2070,0.9680,1.704,,,,,,,
41,Left,22,0.0000,0.0000,0.0457,0.1812,-0.0073,-0.0838,0.9798,1.704,,,,,,,
41,Left,23,0.0000,0.0000,0.0307,0.1432,-0.0364,0.0510,0.9877,1.704,,,,,,,
41,Left,24,0.0000,0.0000,0.0203,0.0339,0.0491,-0.0008,0.9982,1.704,,,,,,,
41,Left,25,0.0002,0.0012,0.0219,0.0000,0.0000,0.0000,1.0000,1.704,,,,,,,
41,Right,0,-0.0002,-0.0062,0.0659,0.0000,0.0000,0.0000,1.0000,1.704,,,,,,,
41,Right,1,0.0000,0.0000,0.0000,0.0000,0.0000,0.0000,1.0000,1.704,0.1920,0.1972,0.0412,0.5441,0.3624,-0.5981,0.4635
41,Right,2,-0.0205,-0.0250,0.0384,0.2083,-0.3682,0.7213,0.5484,1.704,,,,,,,
41,Right,3,0.0000,0.0000,0.0325,0.2213,0.0500,-0.0816,0.9705,1.704,,,,,,,
41,Right,4,0.0000,0.0000,0.0338,-0.1037,-0.0685,0.0842,0.9887,1.704,,,,,,,
41,Right,5,0.0007,0.0010,0.0246,0.0000,0.0000,0.0000,1.0000,1.704,,,,,,,
41,Right,6,-0.0149,-0.0140,0.0384,0.0000,0.0000,0.0000,1.0000,1.704,,,,,,,
41,Right,7,-0.0086,0.0067,0.0576,0.4223,0.0442,0.0268,0.9050,1.704,,,,,,,
41,Right,8,0.0000,0.0000,0.0379,0.2359,0.0009,-0.0263,0.9714,1.704,,,,,,,
41,Right,9,0.0000,0.0000,0.0243,0.0745,0.0247,-0.0168,0.9968,1.704,,,,,,,
41,Right,10,0.0003,0.0010,0.0224,0.0000,0.0000,0.0000,1.0000,1.704,,,,,,,
41,Right,11,0.0013,-0.0099,0.0362,0.0000,0.0000,0.0000,1.0000,1.704,,,,,,,
41,Right,12,-0.0030,0.0073,0.0594,0.3694,0.0753,-0.0337,0.9256,1.704,,,,,,,
41,Right,13,0.0000,0.0000,0.0429,0.2189,0.0018,-0.0124,0.9757,1.704,,,,,,,
41,Right,14,0.0000,0.0000,0.0275,0.0628,-0.0022,-0.0497,0.9968,1.704,,,,,,,
41,Right,15,0.0003,0.0011,0.0250,0.0000,0.0000,0.0000,1.0000,1.704,,,,,,,
41,Right,16,0.0150,-0.0060,0.0348,0.0000,0.0000,0.0000,1.0000,1.704,,,,,,,
41,Right,17,0.0025,-0.0005,0.0539,0.3406,0.0998,-0.0841,0.9311,1.704,,,,,,,
41,Right,18,0.0000,0.0000,0.0390,0.1768,-0.0030,-0.0374,0.9835,1.704,,,,,,,
41,Right,19,0.0000,0.0000,0.0266,0.0899,-0.0296,-0.0089,0.9955,1.704,,,,,,,
41,Right,20,0.0003,0.0016,0.0243,0.0000,0.0000,0.0000,1.0000,1.704,,,,,,,
41,Right,21,0.0230,-0.0094,0.0341,0.0183,0.1403,-0.2070,0.9680,1.704,,,,,,,
41,Right,22,0.0000,0.0000,0.0457,0.2618,0.0117,0.0799,0.9617,1.704,,,,,,,
41,Right,23,0.0000,0.0000,0.0307,0.1370,0.0367,-0.0504,0.9886,1.704,,,,,,,
41,Right,24,0.0000,0.0000,0.0203,0.0360,-0.0491,0.0009,0.9981,1.704,,,,,,,
41,Right,25,-0.0002,0.0012,0.0219,0.0000,0.0000,0.0000,1.0000,1.704,,,,,,,
42,Left,0,0.0032,-0.0045,0.0644,0.0000,0.0000,0.0000,1.0000,1.746,,,,,,,
42,Left,1,0.0000,0.0000,0.0000,0.0000,0.0000,0.0000,1.0000,1.746,-0.0891,0.1747,-0.0322,-0.4924,0.6497,-0.5769,0.0523
42,Left,2,0.0322,-0.0114,0.0321,-0.1916,0.3498,-0.4732,0.7855,1.746,,,,,,,
42,Left,3,0.0000,0.0000,0.0325,-0.0066,-0.0708,0.0832,0.9940,1.746,,,,,,,
42,Left,4,0.0000,0.0000,0.0338,-0.1845,0.0745,-0.0851,0.9763,1.746,,,,,,,
42,Left,5,-0.0007,0.0010,0.0246,0.0000,0.0000,0.0000,1.0000,1.746,,,,,,,
42,Left,6,0.0208,-0.0072,0.0353,0.0000,0.0000,0.0000,1.0000,1.746,,,,,,,
42,Left,7,0.0027,-0.0001,0.0607,0.1843,-0.0857,-0.0237,0.9788,1.746,,,,,,,
42,Left,8,0.0000,0.0000,0.0379,0.0807,-0.0051,0.0262,0.9964,1.746,,,,,,,
42,Left,9,0.0000,0.0000,0.0243,0.0012,-0.0260,0.0165,0.9995,1.746,,,,,,,
42,Left,10,-0.0003,0.0010,0.0224,0.0000,0.0000,0.0000,1.0000,1.746,,,,,,,
42,Left,11,0.0046,-0.0065,0.0331,0.0000,0.0000,0.0000,1.0000,1.746,,,,,,,
42,Left,12,-0.0029,0.0039,0.0625,0.2918,-0.0866,0.0300,0.9521,1.746,,,,,,,
42,Left,13,0.0000,0.0000,0.0429,0.0246,-0.0041,0.0114,0.9996,1.746,,,,,,,
42,Left,14,0.0000,0.0000,0.0275,-0.0423,-0.0024,0.0394,0.9983,1.746,,,,,,,
42,Left,15,-0.0003,0.0011,0.0250,0.0000,0.0000,0.0000,1.0000,1.746,,,,,,,
42,Left,16,-0.0150,-0.0060,0.0348,0.0000,0.0000,0.0000,1.0000,1.746,,,,,,,
42,Left,17,-0.0025,-0.0005,0.0539,0.2828,-0.0980,0.0766,0.9511,1.746,,,,,,,
42,Left,18,0.0000,0.0000,0.0390,0.0606,-0.0009,0.0350,0.9976,1.746,,,,,,,
42,Left,19,0.0000,0.0000,0.0266,0.0373,0.0295,0.0064,0.9988,1.746,,,,,,,
42,Left,20,-0.0003,0.0016,0.0243,0.0000,0.0000,0.0000,1.0000,1.746,,,,,,,
42,Left,21,-0.0230,-0.0094,0.0341,0.0183,-0.1403,0.2070,0.9680,1.746,,,,,,,
42,Left,22,0.0000,0.0000,0.0457,0.1817,-0.0087,-0.0835,0.9798,1.746,,,,,,,
42,Left,23,0.0000,0.0000,0.0307,0.1507,-0.0361,0.0516,0.9866,1.746,,,,,,,
42,Left,24,0.0000,0.0000,0.0203,0.0352,0.0491,-0.0008,0.9982,1.746,,,,,,,
42,Left,25,0.0002,0.0012,0.0219,0.0000,0.0000,0.0000,1.0000,1.746,,,,,,,
42,Right,0,-0.0003,-0.0062,0.0659,0.0000,0.0000,0.0000,1.0000,1.746,,,,,,,
42,Right,1,0.0000,0.0000,0.0000,0.0000,0.0000,0.0000,1.0000,1.746,0.1919,0.1971,0.0415,0.5525,0.3597,-0.5942,0.4607
42,Right,2,-0.0207,-0.0249,0.0384,0.2050,-0.3708,0.7193,0.5506,1.746,,,,,,,
42,Right,3,0.0000,0.0000,0.0325,0.2256,0.0496,-0.0815,0.9695,1.746,,,,,,,
42,Right,4,0.0000,0.0000,0.0338,-0.1033,-0.0685,0.0842,0.9887,1.746,,,,,,,
42,Right,5,0.0007,0.0010,0.0246,0.0000,0.0000,0.0000,1.0000,1.746,,,,,,,
42,Right,6,-0.0151,-0.0139,0.0384,0.0000,0.0000,0.0000,1.0000,1.746,,,,,,,
42,Right,7,-0.0085,0.0066,0.0576,0.4226,0.0433,0.0272,0.9049,1.746,,,,,,,
42,Right,8,0.0000,0.0000,0.0379,0.2364,0.0009,-0.0263,0.9713,1.746,,,,,,,
42,Right,9,0.0000,0.0000,0.0243,0.0736,0.0247,-0.0168,0.9968,1.746,,,,,,,
42,Right,10,0.0003,0.0010,0.0224,0.0000,0.0000,0.0000,1.0000,1.746,,,,,,,
42,Right,11,0.0012,-0.0099,0.0362,0.0000,0.0000,0.0000,1.0000,1.746,,,,,,,
42,Right,12,-0.0029,0.0073,0.0594,0.3707,0.0677,-0.0311,0.9258,1.746,,,,,,,
42,Right,13,0.0000,0.0000,0.0429,0.2197,0.0018,-0.0124,0.9755,1.746,,,,,,,
42,Right,14,0.0000,0.0000,0.0275,0.0641,-0.0022,-0.0498,0.9967,1.746,,,,,,,
42,Right,15,0.0003,0.0011,0.0250,0.0000,0.0000,0.0000,1.0000,1.746,,,,,,,
42,Right,16,0.0150,-0.0060,0.0348,0.0000,0.0000,0.0000,1.0000,1.746,,,,,,,
42,Right,17,0.0025,-0.0005,0.0539,0.3399,0.0975,-0.0833,0.9317,1.746,,,,,,,
42,Right,18,0.0000,0.0000,0.0390,0.1779,-0.0030,-0.0375,0.9833,1.746,,,,,,,
42,Right,19,0.0000,0.0000,0.0266,0.0899,-0.0296,-0.0089,0.9955,1.746,,,,,,,
42,Right,20,0.0003,0.0016,0.0243,0.0000,0.0000,0.0000,1.0000,1.746,,,,,,,
42,Right,21,0.0230,-0.0094,0.0341,0.0183,0.1403,-0.2070,0.9680,1.746,,,,,,,
42,Right,22,0.0000,0.0000,0.0457,0.2591,0.0108,0.0802,0.9625,1.746,,,,,,,
42,Right,23,0.0000,0.0000,0.0307,0.1441,0.0364,-0.0510,0.9876,1.746,,,,,,,
42,Right,24,0.0000,0.0000,0.0203,0.0352,-0.0491,0.0008,0.9982,1.746,,,,,,,
42,Right,25,-0.0002,0.0012,0.0219,0.0000,0.0000,0.0000,1.0000,1.746,,,,,,,
43,Left,0,0.0032,-0.0045,0.0644,0.0000,0.0000,0.0000,1.0000,1.788,,,,,,,
43,Left,1,0.0000,0.0000,0.0000,0.0000,0.0000,0.0000,1.0000,1.788,-0.0896,0.1745,-0.0321,-0.4923,0.6500,-0.5765,0.0525
43,Left,2,0.0322,-0.0114,0.0322,-0.1914,0.3501,-0.4734,0.7853,1.788,,,,,,,
43,Left,3,0.0000,0.0000,0.0325,-0.0067,-0.0708,0.0832,0.9940,1.788,,,,,,,
43,Left,4,0.0000,0.0000,0.0338,-0.1847,0.0745,-0.0851,0.9763,1.788,,,,,,,
43,Left,5,-0.0007,0.0010,0.0246,0.0000,0.0000,0.0000,1.0000,1.788,,,,,,,
43,Left,6,0.0208,-0.0072,0.0353,0.0000,0.0000,0.0000,1.0000,1.788,,,,,,,
43,Left,7,0.0027,-0.0001,0.0607,0.1846,-0.0854,-0.0237,0.9788,1.788,,,,,,,
43,Left,8,0.0000,0.0000,0.0379,0.0820,-0.0051,0.0262,0.9963,1.788,,,,,,,
43,Left,9,0.0000,0.0000,0.0243,0.0022,-0.0260,0.0165,0.9995,1.788,,,,,,,
43,Left,10,-0.0003,0.0010,0.0224,0.0000,0.0000,0.0000,1.0000,1.788,,,,,,,
43,Left,11,0.0046,-0.0065,0.0331,0.0000,0.0000,0.0000,1.0000,1.788,,,,,,,
43,Left,12,-0.0029,0.0039,0.0625,0.2915,-0.0866,0.0300,0.9522,1.788,,,,,,,
43,Left,13,0.0000,0.0000,0.0429,0.0257,-0.0041,0.0114,0.9996,1.788,,,,,,,
43,Left,14,0.0000,0.0000,0.0275,-0.0413,-0.0024,0.0395,0.9984,1.788,,,,,,,
43,Left,15,-0.0003,0.0011,0.0250,0.0000,0.0000,0.0000,1.0000,1.788,,,,,,,
43,Left,16,-0.0150,-0.0060,0.0348,0.0000,0.0000,0.0000,1.0000,1.788,,,,,,,
43,Left,17,-0.0025,-0.0005,0.0539,0.2831,-0.0975,0.0765,0.9511,1.788,,,,,,,
43,Left,18,0.0000,0.0000,0.0390,0.0623,-0.0009,0.0350,0.9974,1.788,,,,,,,
43,Left,19,0.0000,0.0000,0.0266,0.0384,0.0295,0.0065,0.9988,1.788,,,,,,,
43,Left,20,-0.0003,0.0016,0.0243,0.0000,0.0000,0.0000,1.0000,1.788,,,,,,,
43,Left,21,-0.0230,-0.0094,0.0341,0.0183,-0.1403,0.2070,0.9680,1.788,,,,,,,
43,Left,22,0.0000,0.0000,0.0457,0.1850,-0.0105,-0.0831,0.9792,1.788,,,,,,,
43,Left,23,0.0000,0.0000,0.0307,0.1606,-0.0356,0.0524,0.9850,1.788,,,,,,,
43,Left,24,0.0000,0.0000,0.0203,0.0372,0.0491,-0.0009,0.9981,1.788,,,,,,,
43,Left,25,0.0002,0.0012,0.0219,0.0000,0.0000,0.0000,1.0000,1.788,,,,,,,
43,Right,0,-0.0003,-0.0062,0.0659,0.0000,0.0000,0.0000,1.0000,1.788,,,,,,,
43,Right,1,0.0000,0.0000,0.0000,0.0000,0.0000,0.0000,1.0000,1.788,0.1914,0.1973,0.0414,0.5552,0.3610,-0.5918,0.4596
43,Right,2,-0.0208,-0.0249,0.0384,0.2041,-0.3721,0.7184,0.5512,1.788,,,,,,,
43,Right,3,0.0000,0.0000,0.0325,0.2267,0.0495,-0.0815,0.9693,1.788,,,,,,,
43,Right,4,0.0000,0.0000,0.0338,-0.1031,-0.0685,0.0842,0.9887,1.788,,,,,,,
43,Right,5,0.0007,0.0010,0.0246,0.0000,0.0000,0.0000,1.0000,1.788,,,,,,,
43,Right,6,-0.0151,-0.0139,0.0384,0.0000,0.0000,0.0000,1.0000,1.788,,,,,,,
43,Right,7,-0.0085,0.0066,0.0576,0.4231,0.0421,0.0276,0.9047,1.788,,,,,,,
43,Right,8,0.0000,0.0000,0.0379,0.2375,0.0009,-0.0263,0.9710,1.788,,,,,,,
43,Right,9,0.0000,0.0000,0.0243,0.0730,0.0248,-0.0168,0.9969,1.788,,,,,,,
43,Right,10,0.0003,0.0010,0.0224,0.0000,0.0000,0.0000,1.0000,1.788,,,,,,,
43,Right,11,0.0011,-0.0098,0.0362,0.0000,0.0000,0.0000,1.0000,1.788,,,,,,,
43,Right,12,-0.0028,0.0073,0.0594,0.3724,0.0632,-0.0297,0.9254,1.788,,,,,,,
43,Right,13,0.0000,0.0000,0.0429,0.2201,0.0018,-0.0124,0.9754,1.788,,,,,,,
43,Right,14,0.0000,0.0000,0.0275,0.0652,-0.0023,-0.0499,0.9966,1.788,,,,,,,
43,Right,15,0.0003,0.0011,0.0250,0.0000,0.0000,0.0000,1.0000,1.788,,,,,,,
43,Right,16,0.0150,-0.0060,0.0348,0.0000,0.0000,0.0000,1.0000,1.788,,,,,,,
43,Right,17,0.0025,-0.0005,0.0539,0.3394,0.0922,-0.0816,0.9326,1.788,,,,,,,
43,Right,18,0.0000,0.0000,0.0390,0.1790,-0.0031,-0.0375,0.9831,1.788,,,,,,,
43,Right,19,0.0000,0.0000,0.0266,0.0900,-0.0296,-0.0089,0.9955,1.788,,,,,,,
43,Right,20,0.0003,0.0016,0.0243,0.0000,0.0000,0.0000,1.0000,1.788,,,,,,,
43,Right,21,0.0230,-0.0094,0.0341,0.0183,0.1403,-0.2070,0.9680,1.788,,,,,,,
43,Right,22,0.0000,0.0000,0.0457,0.2576,0.0100,0.0804,0.9629,1.788,,,,,,,
43,Right,23,0.0000,0.0000,0.0307,0.1514,0.0360,-0.0516,0.9865,1.788,,,,,,,
43,Right,24,0.0000,0.0000,0.0203,0.0347,-0.0491,0.0008,0.9982,1.788,,,,,,,
43,Right,25,-0.0002,0.0012,0.0219,0.0000,0.0000,0.0000,1.0000,1.788,,,,,,,
44,Left,0,0.0032,-0.0045,0.0644,0.0000,0.0000,0.0000,1.0000,1.829,,,,,,,
44,Left,1,0.0000,0.0000,0.0000,0.0000,0.0000,0.0000,1.0000,1.829,-0.0909,0.1740,-0.0323,-0.4927,0.6497,-0.5765,0.0526
44,Left,2,0.0322,-0.0114,0.0322,-0.1911,0.3502,-0.4737,0.7852,1.829,,,,,,,
44,Left,3,0.0000,0.0000,0.0325,-0.0070,-0.0708,0.0832,0.9940,1.829,,,,,,,
44,Left,4,0.0000,0.0000,0.0338,-0.1848,0.0745,-0.0851,0.9762,1.829,,,,,,,
44,Left,5,-0.0007,0.0010,0.0246,0.0000,0.0000,0.0000,1.0000,1.829,,,,,,,
44,Left,6,0.0208,-0.0072,0.0353,0.0000,0.0000,0.0000,1.0000,1.829,,,,,,,
44,Left,7,0.0027,-0.0001,0.0607,0.1847,-0.0854,-0.0237,0.9788,1.829,,,,,,,
44,Left,8,0.0000,0.0000,0.0379,0.0831,-0.0050,0.0262,0.9962,1.829,,,,,,,
44,Left,9,0.0000,0.0000,0.0243,0.0031,-0.0260,0.0165,0.9995,1.829,,,,,,,
44,Left,10,-0.0003,0.0010,0.0224,0.0000,0.0000,0.0000,1.0000,1.829,,,,,,,
44,Left,11,0.0046,-0.0065,0.0331,0.0000,0.0000,0.0000,1.0000,1.829,,,,,,,
44,Left,12,-0.0029,0.0039,0.0625,0.2918,-0.0869,0.0301,0.9521,1.829,,,,,,,
44,Left,13,0.0000,0.0000,0.0429,0.0270,-0.0041,0.0114,0.9996,1.829,,,,,,,
44,Left,14,0.0000,0.0000,0.0275,-0.0403,-0.0023,0.0396,0.9984,1.829,,,,,,,
44,Left,15,-0.0003,0.0011,0.0250,0.0000,0.0000,0.0000,1.0000,1.829,,,,,,,
44,Left,16,-0.0150,-0.0060,0.0348,0.0000,0.0000,0.0000,1.0000,1.829,,,,,,,
44,Left,17,-0.0025,-0.0005,0.0539,0.2836,-0.0972,0.0765,0.9509,1.829,,,,,,,
44,Left,18,0.0000,0.0000,0.0390,0.0641,-0.0008,0.0350,0.9973,1.829,,,,,,,
44,Left,19,0.0000,0.0000,0.0266,0.0398,0.0295,0.0065,0.9988,1.829,,,,,,,
44,Left,20,-0.0003,0.0016,0.0243,0.0000,0.0000,0.0000,1.0000,1.829,,,,,,,
44,Left,21,-0.0230,-0.0094,0.0341,0.0183,-0.1403,0.2070,0.9680,1.829,,,,,,,
44,Left,22,0.0000,0.0000,0.0457,0.1930,-0.0151,-0.0819,0.9777,1.829,,,,,,,
44,Left,23,0.0000,0.0000,0.0307,0.1669,-0.0353,0.0529,0.9839,1.829,,,,,,,
44,Left,24,0.0000,0.0000,0.0203,0.0411,0.0491,-0.0009,0.9979,1.829,,,,,,,
44,Left,25,0.0002,0.0012,0.0219,0.0000,0.0000,0.0000,1.0000,1.829,,,,,,,
44,Right,0,-0.0003,-0.0062,0.0659,0.0000,0.0000,0.0000,1.0000,1.829,,,,,,,
44,Right,1,0.0000,0.0000,0.0000,0.0000,0.0000,0.0000,1.0000,1.829,0.1906,0.1975,0.0423,0.5585,0.3629,-0.5909,0.4553
44,Right,2,-0.0209,-0.0248,0.0383,0.2028,-0.3736,0.7173,0.5520,1.829,,,,,,,
44,Right,3,0.0000,0.0000,0.0325,0.2274,0.0494,-0.0815,0.9691,1.829,,,,,,,
44,Right,4,0.0000,0.0000,0.0338,-0.1030,-0.0685,0.0842,0.9887,1.829,,,,,,,
44,Right,5,0.0007,0.0010,0.0246,0.0000,0.0000,0.0000,1.0000,1.829,,,,,,,
44,Right,6,-0.0152,-0.0139,0.0384,0.0000,0.0000,0.0000,1.0000,1.829,,,,,,,
44,Right,7,-0.0084,0.0066,0.0576,0.4235,0.0410,0.0281,0.9045,1.829,,,,,,,
44,Right,8,0.0000,0.0000,0.0379,0.2384,0.0008,-0.0263,0.9708,1.829,,,,,,,
44,Right,9,0.0000,0.0000,0.0243,0.0725,0.0248,-0.0168,0.9969,1.829,,,,,,,
44,Right,10,0.0003,0.0010,0.0224,0.0000,0.0000,0.0000,1.0000,1.829,,,,,,,
44,Right,11,0.0011,-0.0098,0.0362,0.0000,0.0000,0.0000,1.0000,1.829,,,,,,,
44,Right,12,-0.0028,0.0073,0.0594,0.3739,0.0617,-0.0293,0.9250,1.829,,,,,,,
44,Right,13,0.0000,0.0000,0.0429,0.2199,0.0018,-0.0124,0.9754,1.829,,,,,,,
44,Right,14,0.0000,0.0000,0.0275,0.0658,-0.0023,-0.0500,0.9966,1.829,,,,,,,
44,Right,15,0.0003,0.0011,0.0250,0.0000,0.0000,0.0000,1.0000,1.829,,,,,,,
44,Right,16,0.0150,-0.0060,0.0348,0.0000,0.0000,0.0000,1.0000,1.829,,,,,,,
44,Right,17,0.0025,-0.0005,0.0539,0.3394,0.0894,-0.0808,0.9329,1.829,,,,,,,
44,Right,18,0.0000,0.0000,0.0390,0.1794,-0.0031,-0.0375,0.9831,1.829,,,,,,,
44,Right,19,0.0000,0.0000,0.0266,0.0897,-0.0296,-0.0088,0.9955,1.829,,,,,,,
44,Right,20,0.0003,0.0016,0.0243,0.0000,0.0000,0.0000,1.0000,1.829,,,,,,,
44,Right,21,0.0230,-0.0094,0.0341,0.0183,0.1403,-0.2070,0.9680,1.829,,,,,,,
44,Right,22,0.0000,0.0000,0.0457,0.2558,0.0089,0.0808,0.9633,1.829,,,,,,,
44,Right,23,0.0000,0.0000,0.0307,0.1547,0.0359,-0.0519,0.9859,1.829,,,,,,,
44,Right,24,0.0000,0.0000,0.0203,0.0342,-0.0491,0.0008,0.9982,1.829,,,,,,,
44,Right,25,-0.0002,0.0012,0.0219,0.0000,0.0000,0.0000,1.0000,1.829,,,,,,,
45,Left,0,0.0032,-0.0045,0.0644,0.0000,0.0000,0.0000,1.0000,1.871,,,,,,,
45,Left,1,0.0000,0.0000,0.0000,0.0000,0.0000,0.0000,1.0000,1.871,-0.0923,0.1725,-0.0334,-0.4942,0.6475,-0.5776,0.0536
45,Left,2,0.0322,-0.0114,0.0322,-0.1907,0.3508,-0.4740,0.7848,1.871,,,,,,,
45,Left,3,0.0000,0.0000,0.0325,-0.0072,-0.0708,0.0832,0.9940,1.871,,,,,,,
45,Left,4,0.0000,0.0000,0.0338,-0.1849,0.0745,-0.0851,0.9762,1.871,,,,,,,
45,Left,5,-0.0007,0.0010,0.0246,0.0000,0.0000,0.0000,1.0000,1.871,,,,,,,
45,Left,6,0.0208,-0.0072,0.0353,0.0000,0.0000,0.0000,1.0000,1.871,,,,,,,
45,Left,7,0.0027,-0.0001,0.0607,0.1834,-0.0854,-0.0237,0.9790,1.871,,,,,,,
45,Left,8,0.0000,0.0000,0.0379,0.0834,-0.0050,0.0262,0.9962,1.871,,,,,,,
45,Left,9,0.0000,0.0000,0.0243,0.0039,-0.0260,0.0165,0.9995,1.871,,,,,,,
45,Left,10,-0.0003,0.0010,0.0224,0.0000,0.0000,0.0000,1.0000,1.871,,,,,,,
45,Left,11,0.0046,-0.0065,0.0331,0.0000,0.0000,0.0000,1.0000,1.871,,,,,,,
45,Left,12,-0.0029,0.0039,0.0625,0.2917,-0.0867,0.0300,0.9521,1.871,,,,,,,
45,Left,13,0.0000,0.0000,0.0429,0.0278,-0.0040,0.0114,0.9995,1.871,,,,,,,
45,Left,14,0.0000,0.0000,0.0275,-0.0393,-0.0023,0.0397,0.9984,1.871,,,,,,,
45,Left,15,-0.0003,0.0011,0.0250,0.0000,0.0000,0.0000,1.0000,1.871,,,,,,,
45,Left,16,-0.0150,-0.0060,0.0348,0.0000,0.0000,0.0000,1.0000,1.871,,,,,,,
45,Left,17,-0.0025,-0.0005,0.0539,0.2844,-0.0966,0.0765,0.9508,1.871,,,,,,,
45,Left,18,0.0000,0.0000,0.0390,0.0654,-0.0008,0.0351,0.9972,1.871,,,,,,,
45,Left,19,0.0000,0.0000,0.0266,0.0410,0.0295,0.0066,0.9987,1.871,,,,,,,
45,Left,20,-0.0003,0.0016,0.0243,0.0000,0.0000,0.0000,1.0000,1.871,,,,,,,
45,Left,21,-0.0230,-0.0094,0.0341,0.0183,-0.1403,0.2070,0.9680,1.871,,,,,,,
45,Left,22,0.0000,0.0000,0.0457,0.2028,-0.0180,-0.0809,0.9757,1.871,,,,,,,
45,Left,23,0.0000,0.0000,0.0307,0.1682,-0.0353,0.0530,0.9837,1.871,,,,,,,
45,Left,24,0.0000,0.0000,0.0203,0.0426,0.0491,-0.0009,0.9979,1.871,,,,,,,
45,Left,25,0.0002,0.0012,0.0219,0.0000,0.0000,0.0000,1.0000,1.871,,,,,,,
45,Right,0,-0.0004,-0.0062,0.0659,0.0000,0.0000,0.0000,1.0000,1.871,,,,,,,
45,Right,1,0.0000,0.0000,0.0000,0.0000,0.0000,0.0000,1.0000,1.871,0.1891,0.1973,0.0411,0.5592,0.3643,-0.5910,0.4531
45,Right,2,-0.0210,-0.0248,0.0383,0.2021,-0.3751,0.7164,0.5526,1.871,,,,,,,
45,Right,3,0.0000,0.0000,0.0325,0.2280,0.0494,-0.0815,0.9690,1.871,,,,,,,
45,Right,4,0.0000,0.0000,0.0338,-0.1030,-0.0685,0.0842,0.9887,1.871,,,,,,,
45,Right,5,0.0007,0.0010,0.0246,0.0000,0.0000,0.0000,1.0000,1.871,,,,,,,
45,Right,6,-0.0152,-0.0138,0.0384,0.0000,0.0000,0.0000,1.0000,1.871,,,,,,,
45,Right,7,-0.0084,0.0065,0.0576,0.4235,0.0402,0.0284,0.9045,1.871,,,,,,,
45,Right,8,0.0000,0.0000,0.0379,0.2386,0.0008,-0.0263,0.9708,1.871,,,,,,,
45,Right,9,0.0000,0.0000,0.0243,0.0715,0.0248,-0.0168,0.9970,1.871,,,,,,,
45,Right,10,0.0003,0.0010,0.0224,0.0000,0.0000,0.0000,1.0000,1.871,,,,,,,
45,Right,11,0.0010,-0.0098,0.0362,0.0000,0.0000,0.0000,1.0000,1.871,,,,,,,
45,Right,12,-0.0027,0.0073,0.0594,0.3768,0.0608,-0.0291,0.9238,1.871,,,,,,,
45,Right,13,0.0000,0.0000,0.0429,0.2192,0.0018,-0.0124,0.9756,1.871,,,,,,,
45,Right,14,0.0000,0.0000,0.0275,0.0657,-0.0023,-0.0500,0.9966,1.871,,,,,,,
45,Right,15,0.0003,0.0011,0.0250,0.0000,0.0000,0.0000,1.0000,1.871,,,,,,,
45,Right,16,0.0150,-0.0060,0.0348,0.0000,0.0000,0.0000,1.0000,1.871,,,,,,,
45,Right,17,0.0025,-0.0005,0.0539,0.3403,0.0880,-0.0804,0.9327,1.871,,,,,,,
45,Right,18,0.0000,0.0000,0.0390,0.1792,-0.0031,-0.0375,0.9831,1.871,,,,,,,
45,Right,19,0.0000,0.0000,0.0266,0.0891,-0.0296,-0.0088,0.9955,1.871,,,,,,,
45,Right,20,0.0003,0.0016,0.0243,0.0000,0.0000,0.0000,1.0000,1.871,,,,,,,
45,Right,21,0.0230,-0.0094,0.0341,0.0183,0.1403,-0.2070,0.9680,1.871,,,,,,,
45,Right,22,0.0000,0.0000,0.0457,0.2557,0.0078,0.0810,0.9633,1.871,,,,,,,
45,Right,23,0.0000,0.0000,0.0307,0.1559,0.0358,-0.0520,0.9858,1.871,,,,,,,
45,Right,24,0.0000,0.0000,0.0203,0.0334,-0.0491,0.0008,0.9982,1.871,,,,,,,
45,Right,25,-0.0002,0.0012,0.0219,0.0000,0.0000,0.0000,1.0000,1.871,,,,,,,
46,Left,0,0.0032,-0.0045,0.0644,0.0000,0.0000,0.0000,1.0000,1.913,,,,,,,
46,Left,1,0.0000,0.0000,0.0000,0.0000,0.0000,0.0000,1.0000,1.913,-0.0935,0.1717,-0.0354,-0.4951,0.6419,-0.5829,0.0550
46,Left,2,0.0322,-0.0114,0.0322,-0.1900,0.3523,-0.4743,0.7841,1.913,,,,,,,
46,Left,3,0.0000,0.0000,0.0325,-0.0072,-0.0708,0.0832,0.9940,1.913,,,,,,,
46,Left,4,0.0000,0.0000,0.0338,-0.1850,0.0745,-0.0851,0.9762,1.913,,,,,,,
46,Left,5,-0.0007,0.0010,0.0246,0.0000,0.0000,0.0000,1.0000,1.913,,,,,,,
46,Left,6,0.0208,-0.0072,0.0353,0.0000,0.0000,0.0000,1.0000,1.913,,,,,,,
46,Left,7,0.0027,-0.0001,0.0607,0.1716,-0.0858,-0.0243,0.9811,1.913,,,,,,,
46,Left,8,0.0000,0.0000,0.0379,0.0833,-0.0050,0.0262,0.9962,1.913,,,,,,,
46,Left,9,0.0000,0.0000,0.0243,0.0045,-0.0260,0.0165,0.9995,1.913,,,,,,,
46,Left,10,-0.0003,0.0010,0.0224,0.0000,0.0000,0.0000,1.0000,1.913,,,,,,,
46,Left,11,0.0046,-0.0065,0.0331,0.0000,0.0000,0.0000,1.0000,1.913,,,,,,,
46,Left,12,-0.0029,0.0039,0.0625,0.2905,-0.0865,0.0299,0.9525,1.913,,,,,,,
46,Left,13,0.0000,0.0000,0.0429,0.0285,-0.0040,0.0114,0.9995,1.913,,,,,,,
46,Left,14,0.0000,0.0000,0.0275,-0.0387,-0.0022,0.0398,0.9985,1.913,,,,,,,
46,Left,15,-0.0003,0.0011,0.0250,0.0000,0.0000,0.0000,1.0000,1.913,,,,,,,
46,Left,16,-0.0150,-0.0060,0.0348,0.0000,0.0000,0.0000,1.0000,1.913,,,,,,,
46,Left,17,-0.0025,-0.0005,0.0539,0.2839,-0.0967,0.0764,0.9509,1.913,,,,,,,
46,Left,18,0.0000,0.0000,0.0390,0.0664,-0.0007,0.0351,0.9972,1.913,,,,,,,
46,Left,19,0.0000,0.0000,0.0266,0.0419,0.0295,0.0066,0.9987,1.913,,,,,,,
46,Left,20,-0.0003,0.0016,0.0243,0.0000,0.0000,0.0000,1.0000,1.913,,,,,,,
46,Left,21,-0.0230,-0.0094,0.0341,0.0183,-0.1403,0.2070,0.9680,1.913,,,,,,,
46,Left,22,0.0000,0.0000,0.0457,0.2032,-0.0256,-0.0794,0.9756,1.913,,,,,,,
46,Left,23,0.0000,0.0000,0.0307,0.1687,-0.0352,0.0530,0.9836,1.913,,,,,,,
46,Left,24,0.0000,0.0000,0.0203,0.0437,0.0491,-0.0009,0.9978,1.913,,,,,,,
46,Left,25,0.0002,0.0012,0.0219,0.0000,0.0000,0.0000,1.0000,1.913,,,,,,,
46,Right,0,-0.0004,-0.0062,0.0659,0.0000,0.0000,0.0000,1.0000,1.913,,,,,,,
46,Right,1,0.0000,0.0000,0.0000,0.0000,0.0000,0.0000,1.0000,1.913,0.1878,0.1971,0.0415,0.5602,0.3618,-0.5933,0.4508
46,Right,2,-0.0211,-0.0247,0.0383,0.1988,-0.3766,0.7148,0.5547,1.913,,,,,,,
46,Right,3,0.0000,0.0000,0.0325,0.2290,0.0493,-0.0815,0.9688,1.913,,,,,,,
46,Right,4,0.0000,0.0000,0.0338,-0.1031,-0.0685,0.0842,0.9887,1.913,,,,,,,
46,Right,5,0.0007,0.0010,0.0246,0.0000,0.0000,0.0000,1.0000,1.913,,,,,,,
46,Right,6,-0.0153,-0.0138,0.0383,0.0000,0.0000,0.0000,1.0000,1.913,,,,,,,
46,Right,7,-0.0083,0.0065,0.0577,0.4233,0.0405,0.0283,0.9047,1.913,,,,,,,
46,Right,8,0.0000,0.0000,0.0379,0.2381,0.0008,-0.0263,0.9709,1.913,,,,,,,
46,Right,9,0.0000,0.0000,0.0243,0.0706,0.0248,-0.0168,0.9971,1.913,,,,,,,
46,Right,10,0.0003,0.0010,0.0224,0.0000,0.0000,0.0000,1.0000,1.913,,,,,,,
46,Right,11,0.0009,-0.0098,0.0362,0.0000,0.0000,0.0000,1.0000,1.913,,,,,,,
46,Right,12,-0.0027,0.0073,0.0595,0.3828,0.0599,-0.0293,0.9214,1.913,,,,,,,
46,Right,13,0.0000,0.0000,0.0429,0.2181,0.0018,-0.0124,0.9759,1.913,,,,,,,
46,Right,14,0.0000,0.0000,0.0275,0.0648,-0.0023,-0.0499,0.9966,1.913,,,,,,,
46,Right,15,0.0003,0.0011,0.0250,0.0000,0.0000,0.0000,1.0000,1.913,,,,,,,
46,Right,16,0.0150,-0.0060,0.0348,0.0000,0.0000,0.0000,1.0000,1.913,,,,,,,
46,Right,17,0.0025,-0.0005,0.0539,0.3471,0.0852,-0.0803,0.9305,1.913,,,,,,,
46,Right,18,0.0000,0.0000,0.0390,0.1777,-0.0030,-0.0374,0.9834,1.913,,,,,,,
46,Right,19,0.0000,0.0000,0.0266,0.0877,-0.0296,-0.0087,0.9957,1.913,,,,,,,
46,Right,20,0.0003,0.0016,0.0243,0.0000,0.0000,0.0000,1.0000,1.913,,,,,,,
46,Right,21,0.0230,-0.0094,0.0341,0.0183,0.1403,-0.2070,0.9680,1.913,,,,,,,
46,Right,22,0.0000,0.0000,0.0457,0.2627,0.0049,0.0816,0.9614,1.913,,,,,,,
46,Right,23,0.0000,0.0000,0.0307,0.1559,0.0358,-0.0520,0.9858,1.913,,,,,,,
46,Right,24,0.0000,0.0000,0.0203,0.0323,-0.0491,0.0008,0.9983,1.913,,,,,,,
46,Right,25,-0.0002,0.0012,0.0219,0.0000,0.0000,0.0000,1.0000,1.913,,,,,,,
47,Left,0,0.0032,-0.0045,0.0644,0.0000,0.0000,0.0000,1.0000,1.954,,,,,,,
47,Left,1,0.0000,0.0000,0.0000,0.0000,0.0000,0.0000,1.0000,1.954,-0.0950,0.1707,-0.0367,-0.4982,0.6352,-0.5875,0.0571
47,Left,2,0.0322,-0.0114,0.0321,-0.1883,0.3556,-0.4752,0.7825,1.954,,,,,,,
47,Left,3,0.0000,0.0000,0.0325,-0.0074,-0.0708,0.0832,0.9940,1.954,,,,,,,
47,Left,4,0.0000,0.0000,0.0338,-0.1851,0.0745,-0.0851,0.9762,1.954,,,,,,,
47,Left,5,-0.0007,0.0010,0.0246,0.0000,0.0000,0.0000,1.0000,1.954,,,,,,,
47,Left,6,0.0208,-0.0072,0.0353,0.0000,0.0000,0.0000,1.0000,1.954,,,,,,,
47,Left,7,0.0027,-0.0001,0.0607,0.1614,-0.0861,-0.0248,0.9828,1.954,,,,,,,
47,Left,8,0.0000,0.0000,0.0379,0.0830,-0.0050,0.0262,0.9962,1.954,,,,,,,
47,Left,9,0.0000,0.0000,0.0243,0.0049,-0.0260,0.0165,0.9995,1.954,,,,,,,
47,Left,10,-0.0003,0.0010,0.0224,0.0000,0.0000,0.0000,1.0000,1.954,,,,,,,
47,Left,11,0.0046,-0.0065,0.0331,0.0000,0.0000,0.0000,1.0000,1.954,,,,,,,
47,Left,12,-0.0029,0.0039,0.0625,0.2866,-0.0863,0.0294,0.9537,1.954,,,,,,,
47,Left,13,0.0000,0.0000,0.0429,0.0291,-0.0040,0.0114,0.9995,1.954,,,,,,,
47,Left,14,0.0000,0.0000,0.0275,-0.0383,-0.0022,0.0398,0.9985,1.954,,,,,,,
47,Left,15,-0.0003,0.0011,0.0250,0.0000,0.0000,0.0000,1.0000,1.954,,,,,,,
47,Left,16,-0.0150,-0.0060,0.0348,0.0000,0.0000,0.0000,1.0000,1.954,,,,,,,
47,Left,17,-0.0025,-0.0005,0.0539,0.2827,-0.0973,0.0764,0.9512,1.954,,,,,,,
47,Left,18,0.0000,0.0000,0.0390,0.0671,-0.0007,0.0351,0.9971,1.954,,,,,,,
47,Left,19,0.0000,0.0000,0.0266,0.0427,0.0295,0.0067,0.9986,1.954,,,,,,,
47,Left,20,-0.0003,0.0016,0.0243,0.0000,0.0000,0.0000,1.0000,1.954,,,,,,,
47,Left,21,-0.0230,-0.0094,0.0341,0.0183,-0.1403,0.2070,0.9680,1.954,,,,,,,
47,Left,22,0.0000,0.0000,0.0457,0.2027,-0.0418,-0.0761,0.9754,1.954,,,,,,,
47,Left,23,0.0000,0.0000,0.0307,0.1696,-0.0352,0.0531,0.9835,1.954,,,,,,,
47,Left,24,0.0000,0.0000,0.0203,0.0446,0.0491,-0.0009,0.9978,1.954,,,,,,,
47,Left,25,0.0002,0.0012,0.0219,0.0000,0.0000,0.0000,1.0000,1.954,,,,,,,
47,Right,0,-0.0004,-0.0062,0.0659,0.0000,0.0000,0.0000,1.0000,1.954,,,,,,,
47,Right,1,0.0000,0.0000,0.0000,0.0000,0.0000,0.0000,1.0000,1.954,0.1864,0.1974,0.0422,0.5602,0.3604,-0.5945,0.4505
47,Right,2,-0.0212,-0.0247,0.0383,0.1983,-0.3765,0.7148,0.5550,1.954,,,,,,,
47,Right,3,0.0000,0.0000,0.0325,0.2297,0.0492,-0.0815,0.9686,1.954,,,,,,,
47,Right,4,0.0000,0.0000,0.0338,-0.1023,-0.0684,0.0842,0.9888,1.954,,,,,,,
47,Right,5,0.0007,0.0010,0.0246,0.0000,0.0000,0.0000,1.0000,1.954,,,,,,,
47,Right,6,-0.0153,-0.0138,0.0383,0.0000,0.0000,0.0000,1.0000,1.954,,,,,,,
47,Right,7,-0.0083,0.0065,0.0577,0.4226,0.0411,0.0281,0.9049,1.954,,,,,,,
47,Right,8,0.0000,0.0000,0.0379,0.2385,0.0008,-0.0263,0.9708,1.954,,,,,,,
47,Right,9,0.0000,0.0000,0.0243,0.0701,0.0248,-0.0168,0.9971,1.954,,,,,,,
47,Right,10,0.0003,0.0010,0.0224,0.0000,0.0000,0.0000,1.0000,1.954,,,,,,,
47,Right,11,0.0009,-0.0098,0.0362,0.0000,0.0000,0.0000,1.0000,1.954,,,,,,,
47,Right,12,-0.0026,0.0072,0.0595,0.3858,0.0591,-0.0292,0.9202,1.954,,,,,,,
47,Right,13,0.0000,0.0000,0.0429,0.2174,0.0018,-0.0124,0.9760,1.954,,,,,,,
47,Right,14,0.0000,0.0000,0.0275,0.0639,-0.0022,-0.0498,0.9967,1.954,,,,,,,
47,Right,15,0.0003,0.0011,0.0250,0.0000,0.0000,0.0000,1.0000,1.954,,,,,,,
47,Right,16,0.0150,-0.0060,0.0348,0.0000,0.0000,0.0000,1.0000,1.954,,,,,,,
47,Right,17,0.0025,-0.0005,0.0539,0.3567,0.0825,-0.0805,0.9271,1.954,,,,,,,
47,Right,18,0.0000,0.0000,0.0390,0.1752,-0.0029,-0.0374,0.9838,1.954,,,,,,,
47,Right,19,0.0000,0.0000,0.0266,0.0860,-0.0296,-0.0087,0.9958,1.954,,,,,,,
47,Right,20,0.0003,0.0016,0.0243,0.0000,0.0000,0.0000,1.0000,1.954,,,,,,,
47,Right,21,0.0230,-0.0094,0.0341,0.0183,0.1403,-0.2070,0.9680,1.954,,,,,,,
47,Right,22,0.0000,0.0000,0.0457,0.2822,0.0047,0.0811,0.9559,1.954,,,,,,,
47,Right,23,0.0000,0.0000,0.0307,0.1559,0.0358,-0.0520,0.9858,1.954,,,,,,,
47,Right,24,0.0000,0.0000,0.0203,0.0315,-0.0491,0.0008,0.9983,1.954,,,,,,,
47,Right,25,-0.0002,0.0012,0.0219,0.0000,0.0000,0.0000,1.0000,1.954,,,,,,,
48,Left,0,0.0032,-0.0045,0.0644,0.0000,0.0000,0.0000,1.0000,1.996,,,,,,,
48,Left,1,0.0000,0.0000,0.0000,0.0000,0.0000,0.0000,1.0000,1.996,-0.0959,0.1699,-0.0377,-0.4998,0.6274,-0.5941,0.0601
48,Left,2,0.0322,-0.0114,0.0321,-0.1859,0.3600,-0.4764,0.7803,1.996,,,,,,,
48,Left,3,0.0000,0.0000,0.0325,-0.0077,-0.0708,0.0832,0.9940,1.996,,,,,,,
48,Left,4,0.0000,0.0000,0.0338,-0.1852,0.0745,-0.0851,0.9762,1.996,,,,,,,
48,Left,5,-0.0007,0.0010,0.0246,0.0000,0.0000,0.0000,1.0000,1.996,,,,,,,
48,Left,6,0.0208,-0.0072,0.0353,0.0000,0.0000,0.0000,1.0000,1.996,,,,,,,
48,Left,7,0.0027,-0.0002,0.0607,0.1530,-0.0866,-0.0252,0.9841,1.996,,,,,,,
48,Left,8,0.0000,0.0000,0.0379,0.0824,-0.0050,0.0262,0.9962,1.996,,,,,,,
48,Left,9,0.0000,0.0000,0.0243,0.0051,-0.0259,0.0165,0.9995,1.996,,,,,,,
48,Left,10,-0.0003,0.0010,0.0224,0.0000,0.0000,0.0000,1.0000,1.996,,,,,,,
48,Left,11,0.0046,-0.0065,0.0331,0.0000,0.0000,0.0000,1.0000,1.996,,,,,,,
48,Left,12,-0.0029,0.0039,0.0625,0.2833,-0.0866,0.0292,0.9547,1.996,,,,,,,
48,Left,13,0.0000,0.0000,0.0429,0.0294,-0.0040,0.0114,0.9995,1.996,,,,,,,
48,Left,14,0.0000,0.0000,0.0275,-0.0382,-0.0022,0.0399,0.9985,1.996,,,,,,,
48,Left,15,-0.0003,0.0011,0.0250,0.0000,0.0000,0.0000,1.0000,1.996,,,,,,,
48,Left,16,-0.0150,-0.0060,0.0348,0.0000,0.0000,0.0000,1.0000,1.996,,,,,,,
48,Left,17,-0.0025,-0.0005,0.0539,0.2813,-0.0983,0.0765,0.9515,1.996,,,,,,,
48,Left,18,0.0000,0.0000,0.0390,0.0676,-0.0007,0.0351,0.9971,1.996,,,,,,,
48,Left,19,0.0000,0.0000,0.0266,0.0431,0.0295,0.0067,0.9986,1.996,,,,,,,
48,Left,20,-0.0003,0.0016,0.0243,0.0000,0.0000,0.0000,1.0000,1.996,,,,,,,
48,Left,21,-0.0230,-0.0094,0.0341,0.0183,-0.1403,0.2070,0.9680,1.996,,,,,,,
48,Left,22,0.0000,0.0000,0.0457,0.2023,-0.0474,-0.0750,0.9753,1.996,,,,,,,
48,Left,23,0.0000,0.0000,0.0307,0.1692,-0.0352,0.0531,0.9835,1.996,,,,,,,
48,Left,24,0.0000,0.0000,0.0203,0.0447,0.0491,-0.0009,0.9978,1.996,,,,,,,
48,Left,25,0.0002,0.0012,0.0219,0.0000,0.0000,0.0000,1.0000,1.996,,,,,,,
48,Right,0,-0.0004,-0.0062,0.0659,0.0000,0.0000,0.0000,1.0000,1.996,,,,,,,
48,Right,1,0.0000,0.0000,0.0000,0.0000,0.0000,0.0000,1.0000,1.996,0.1855,0.1975,0.0428,0.5581,0.3572,-0.6009,0.4470
48,Right,2,-0.0211,-0.0247,0.0383,0.1984,-0.3758,0.7152,0.5549,1.996,,,,,,,
48,Right,3,0.0000,0.0000,0.0325,0.2300,0.0492,-0.0815,0.9685,1.996,,,,,,,
48,Right,4,0.0000,0.0000,0.0338,-0.1010,-0.0683,0.0842,0.9890,1.996,,,,,,,
48,Right,5,0.0007,0.0010,0.0246,0.0000,0.0000,0.0000,1.0000,1.996,,,,,,,
48,Right,6,-0.0153,-0.0138,0.0383,0.0000,0.0000,0.0000,1.0000,1.996,,,,,,,
48,Right,7,-0.0083,0.0065,0.0576,0.4220,0.0417,0.0278,0.9052,1.996,,,,,,,
48,Right,8,0.0000,0.0000,0.0379,0.2398,0.0008,-0.0263,0.9705,1.996,,,,,,,
48,Right,9,0.0000,0.0000,0.0243,0.0703,0.0248,-0.0168,0.9971,1.996,,,,,,,
48,Right,10,0.0003,0.0010,0.0224,0.0000,0.0000,0.0000,1.0000,1.996,,,,,,,
48,Right,11,0.0009,-0.0098,0.0362,0.0000,0.0000,0.0000,1.0000,1.996,,,,,,,
48,Right,12,-0.0027,0.0073,0.0595,0.3911,0.0583,-0.0292,0.9181,1.996,,,,,,,
48,Right,13,0.0000,0.0000,0.0429,0.2178,0.0018,-0.0124,0.9759,1.996,,,,,,,
48,Right,14,0.0000,0.0000,0.0275,0.0632,-0.0022,-0.0497,0.9968,1.996,,,,,,,
48,Right,15,0.0003,0.0011,0.0250,0.0000,0.0000,0.0000,1.0000,1.996,,,,,,,
48,Right,16,0.0150,-0.0060,0.0348,0.0000,0.0000,0.0000,1.0000,1.996,,,,,,,
48,Right,17,0.0025,-0.0005,0.0539,0.3635,0.0794,-0.0803,0.9247,1.996,,,,,,,
48,Right,18,0.0000,0.0000,0.0390,0.1730,-0.0029,-0.0374,0.9842,1.996,,,,,,,
48,Right,19,0.0000,0.0000,0.0266,0.0845,-0.0296,-0.0086,0.9959,1.996,,,,,,,
48,Right,20,0.0003,0.0016,0.0243,0.0000,0.0000,0.0000,1.0000,1.996,,,,,,,
48,Right,21,0.0230,-0.0094,0.0341,0.0183,0.1403,-0.2070,0.9680,1.996,,,,,,,
48,Right,22,0.0000,0.0000,0.0457,0.2919,0.0003,0.0821,0.9529,1.996,,,,,,,
48,Right,23,0.0000,0.0000,0.0307,0.1563,0.0358,-0.0520,0.9857,1.996,,,,,,,
48,Right,24,0.0000,0.0000,0.0203,0.0312,-0.0491,0.0008,0.9983,1.996,,,,,,,
48,Right,25,-0.0002,0.0012,0.0219,0.0000,0.0000,0.0000,1.0000,1.996,,,,,,,
49,Left,0,0.0032,-0.0045,0.0644,0.0000,0.0000,0.0000,1.0000,2.038,,,,,,,
49,Left,1,0.0000,0.0000,0.0000,0.0000,0.0000,0.0000,1.0000,2.038,-0.0962,0.1697,-0.0382,-0.4995,0.6282,-0.5935,0.0604
49,Left,2,0.0322,-0.0114,0.0321,-0.1808,0.3687,-0.4792,0.7757,2.038,,,,,,,
49,Left,3,0.0000,0.0000,0.0325,-0.0082,-0.0709,0.0832,0.9940,2.038,,,,,,,
49,Left,4,0.0000,0.0000,0.0338,-0.1853,0.0745,-0.0851,0.9761,2.038,,,,,,,
49,Left,5,-0.0007,0.0010,0.0246,0.0000,0.0000,0.0000,1.0000,2.038,,,,,,,
49,Left,6,0.0208,-0.0072,0.0353,0.0000,0.0000,0.0000,1.0000,2.038,,,,,,,
49,Left,7,0.0027,-0.0002,0.0607,0.1519,-0.0872,-0.0252,0.9842,2.038,,,,,,,
49,Left,8,0.0000,0.0000,0.0379,0.0818,-0.0051,0.0262,0.9963,2.038,,,,,,,
49,Left,9,0.0000,0.0000,0.0243,0.0052,-0.0259,0.0165,0.9995,2.038,,,,,,,
49,Left,10,-0.0003,0.0010,0.0224,0.0000,0.0000,0.0000,1.0000,2.038,,,,,,,
49,Left,11,0.0046,-0.0065,0.0331,0.0000,0.0000,0.0000,1.0000,2.038,,,,,,,
49,Left,12,-0.0029,0.0039,0.0625,0.2830,-0.0872,0.0293,0.9547,2.038,,,,,,,
49,Left,13,0.0000,0.0000,0.0429,0.0302,-0.0040,0.0114,0.9995,2.038,,,,,,,
49,Left,14,0.0000,0.0000,0.0275,-0.0380,-0.0022,0.0399,0.9985,2.038,,,,,,,
49,Left,15,-0.0003,0.0011,0.0250,0.0000,0.0000,0.0000,1.0000,2.038,,,,,,,
49,Left,16,-0.0150,-0.0060,0.0348,0.0000,0.0000,0.0000,1.0000,2.038,,,,,,,
49,Left,17,-0.0025,-0.0005,0.0539,0.2814,-0.1000,0.0769,0.9513,2.038,,,,,,,
49,Left,18,0.0000,0.0000,0.0390,0.0678,-0.0007,0.0351,0.9971,2.038,,,,,,,
49,Left,19,0.0000,0.0000,0.0266,0.0428,0.0295,0.0067,0.9986,2.038,,,,,,,
49,Left,20,-0.0003,0.0016,0.0243,0.0000,0.0000,0.0000,1.0000,2.038,,,,,,,
49,Left,21,-0.0230,-0.0094,0.0341,0.0183,-0.1403,0.2070,0.9680,2.038,,,,,,,
49,Left,22,0.0000,0.0000,0.0457,0.2025,-0.0484,-0.0748,0.9752,2.038,,,,,,,
49,Left,23,0.0000,0.0000,0.0307,0.1680,-0.0353,0.0530,0.9837,2.038,,,,,,,
49,Left,24,0.0000,0.0000,0.0203,0.0439,0.0491,-0.0009,0.9978,2.038,,,,,,,
49,Left,25,0.0002,0.0012,0.0219,0.0000,0.0000,0.0000,1.0000,2.038,,,,,,,
49,Right,0,-0.0004,-0.0062,0.0659,0.0000,0.0000,0.0000,1.0000,2.038,,,,,,,
49,Right,1,0.0000,0.0000,0.0000,0.0000,0.0000,0.0000,1.0000,2.038,0.1849,0.1977,0.0426,0.5540,0.3529,-0.6066,0.4478
49,Right,2,-0.0211,-0.0247,0.0383,0.1989,-0.3752,0.7156,0.5546,2.038,,,,,,,
49,Right,3,0.0000,0.0000,0.0325,0.2299,0.0492,-0.0815,0.9686,2.038,,,,,,,
49,Right,4,0.0000,0.0000,0.0338,-0.0998,-0.0682,0.0842,0.9891,2.038,,,,,,,
49,Right,5,0.0007,0.0010,0.0246,0.0000,0.0000,0.0000,1.0000,2.038,,,,,,,
49,Right,6,-0.0153,-0.0138,0.0384,0.0000,0.0000,0.0000,1.0000,2.038,,,,,,,
49,Right,7,-0.0083,0.0065,0.0576,0.4209,0.0426,0.0275,0.9057,2.038,,,,,,,
49,Right,8,0.0000,0.0000,0.0379,0.2455,0.0006,-0.0263,0.9690,2.038,,,,,,,
49,Right,9,0.0000,0.0000,0.0243,0.0711,0.0248,-0.0168,0.9970,2.038,,,,,,,
49,Right,10,0.0003,0.0010,0.0224,0.0000,0.0000,0.0000,1.0000,2.038,,,,,,,
49,Right,11,0.0010,-0.0098,0.0362,0.0000,0.0000,0.0000,1.0000,2.038,,,,,,,
49,Right,12,-0.0027,0.0073,0.0595,0.3928,0.0577,-0.0291,0.9173,2.038,,,,,,,
49,Right,13,0.0000,0.0000,0.0429,0.2188,0.0018,-0.0124,0.9757,2.038,,,,,,,
49,Right,14,0.0000,0.0000,0.0275,0.0625,-0.0022,-0.0497,0.9968,2.038,,,,,,,
49,Right,15,0.0003,0.0011,0.0250,0.0000,0.0000,0.0000,1.0000,2.038,,,,,,,
49,Right,16,0.0150,-0.0060,0.0348,0.0000,0.0000,0.0000,1.0000,2.038,,,,,,,
49,Right,17,0.0025,-0.0005,0.0539,0.3650,0.0777,-0.0799,0.9243,2.038,,,,,,,
49,Right,18,0.0000,0.0000,0.0390,0.1723,-0.0028,-0.0373,0.9843,2.038,,,,,,,
49,Right,19,0.0000,0.0000,0.0266,0.0833,-0.0296,-0.0085,0.9960,2.038,,,,,,,
49,Right,20,0.0003,0.0016,0.0243,0.0000,0.0000,0.0000,1.0000,2.038,,,,,,,
49,Right,21,0.0230,-0.0094,0.0341,0.0183,0.1403,-0.2070,0.9680,2.038,,,,,,,
49,Right,22,0.0000,0.0000,0.0457,0.2944,-0.0043,0.0834,0.9520,2.038,,,,,,,
49,Right,23,0.0000,0.0000,0.0307,0.1564,0.0358,-0.0520,0.9857,2.038,,,,,,,
49,Right,24,0.0000,0.0000,0.0203,0.0311,-0.0491,0.0008,0.9983,2.038,,,,,,,
49,Right,25,-0.0002,0.0012,0.0219,0.0000,0.0000,0.0000,1.0000,2.038,,,,,,,
50,Left,0,0.0032,-0.0045,0.0644,0.0000,0.0000,0.0000,1.0000,2.079,,,,,,,
50,Left,1,0.0000,0.0000,0.0000,0.0000,0.0000,0.0000,1.0000,2.079,-0.0966,0.1695,-0.0382,-0.4989,0.6354,-0.5864,0.0589
50,Left,2,0.0322,-0.0114,0.0322,-0.1797,0.3698,-0.4801,0.7749,2.079,,,,,,,
50,Left,3,0.0000,0.0000,0.0325,-0.0087,-0.0709,0.0832,0.9940,2.079,,,,,,,
50,Left,4,0.0000,0.0000,0.0338,-0.1854,0.0745,-0.0851,0.9761,2.079,,,,,,,
50,Left,5,-0.0007,0.0010,0.0246,0.0000,0.0000,0.0000,1.0000,2.079,,,,,,,
50,Left,6,0.0208,-0.0072,0.0353,0.0000,0.0000,0.0000,1.0000,2.079,,,,,,,
50,Left,7,0.0027,-0.0001,0.0607,0.1525,-0.0880,-0.0251,0.9841,2.079,,,,,,,
50,Left,8,0.0000,0.0000,0.0379,0.0824,-0.0050,0.0262,0.9962,2.079,,,,,,,
50,Left,9,0.0000,0.0000,0.0243,0.0055,-0.0259,0.0165,0.9995,2.079,,,,,,,
50,Left,10,-0.0003,0.0010,0.0224,0.0000,0.0000,0.0000,1.0000,2.079,,,,,,,
50,Left,11,0.0046,-0.0065,0.0331,0.0000,0.0000,0.0000,1.0000,2.079,,,,,,,
50,Left,12,-0.0029,0.0039,0.0625,0.2841,-0.0879,0.0296,0.9543,2.079,,,,,,,
50,Left,13,0.0000,0.0000,0.0429,0.0336,-0.0040,0.0115,0.9994,2.079,,,,,,,
50,Left,14,0.0000,0.0000,0.0275,-0.0375,-0.0022,0.0399,0.9985,2.079,,,,,,,
50,Left,15,-0.0003,0.0011,0.0250,0.0000,0.0000,0.0000,1.0000,2.079,,,,,,,
50,Left,16,-0.0150,-0.0060,0.0348,0.0000,0.0000,0.0000,1.0000,2.079,,,,,,,
50,Left,17,-0.0025,-0.0005,0.0539,0.2837,-0.1007,0.0774,0.9505,2.079,,,,,,,
50,Left,18,0.0000,0.0000,0.0390,0.0681,-0.0007,0.0351,0.9971,2.079,,,,,,,
50,Left,19,0.0000,0.0000,0.0266,0.0430,0.0295,0.0067,0.9986,2.079,,,,,,,
50,Left,20,-0.0003,0.0016,0.0243,0.0000,0.0000,0.0000,1.0000,2.079,,,,,,,
50,Left,21,-0.0230,-0.0094,0.0341,0.0183,-0.1403,0.2070,0.9680,2.079,,,,,,,
50,Left,22,0.0000,0.0000,0.0457,0.2181,-0.0502,-0.0732,0.9719,2.079,,,,,,,
50,Left,23,0.0000,0.0000,0.0307,0.1670,-0.0353,0.0529,0.9839,2.079,,,,,,,
50,Left,24,0.0000,0.0000,0.0203,0.0431,0.0491,-0.0009,0.9979,2.079,,,,,,,
50,Left,25,0.0002,0.0012,0.0219,0.0000,0.0000,0.0000,1.0000,2.079,,,,,,,
50,Right,0,-0.0004,-0.0062,0.0659,0.0000,0.0000,0.0000,1.0000,2.079,,,,,,,
50,Right,1,0.0000,0.0000,0.0000,0.0000,0.0000,0.0000,1.0000,2.079,0.1844,0.1976,0.0425,0.5534,0.3500,-0.6102,0.4460
50,Right,2,-0.0211,-0.0247,0.0383,0.1988,-0.3745,0.7160,0.5547,2.079,,,,,,,
50,Right,3,0.0000,0.0000,0.0325,0.2299,0.0492,-0.0815,0.9686,2.079,,,,,,,
50,Right,4,0.0000,0.0000,0.0338,-0.0986,-0.0681,0.0842,0.9892,2.079,,,,,,,
50,Right,5,0.0007,0.0010,0.0246,0.0000,0.0000,0.0000,1.0000,2.079,,,,,,,
50,Right,6,-0.0152,-0.0138,0.0384,0.0000,0.0000,0.0000,1.0000,2.079,,,,,,,
50,Right,7,-0.0083,0.0065,0.0576,0.4199,0.0435,0.0271,0.9061,2.079,,,,,,,
50,Right,8,0.0000,0.0000,0.0379,0.2496,0.0005,-0.0263,0.9680,2.079,,,,,,,
50,Right,9,0.0000,0.0000,0.0243,0.0726,0.0248,-0.0168,0.9969,2.079,,,,,,,
50,Right,10,0.0003,0.0010,0.0224,0.0000,0.0000,0.0000,1.0000,2.079,,,,,,,
50,Right,11,0.0010,-0.0098,0.0362,0.0000,0.0000,0.0000,1.0000,2.079,,,,,,,
50,Right,12,-0.0027,0.0073,0.0595,0.3945,0.0571,-0.0290,0.9167,2.079,,,,,,,
50,Right,13,0.0000,0.0000,0.0429,0.2202,0.0018,-0.0124,0.9754,2.079,,,,,,,
50,Right,14,0.0000,0.0000,0.0275,0.0626,-0.0022,-0.0497,0.9968,2.079,,,,,,,
50,Right,15,0.0003,0.0011,0.0250,0.0000,0.0000,0.0000,1.0000,2.079,,,,,,,
50,Right,16,0.0150,-0.0060,0.0348,0.0000,0.0000,0.0000,1.0000,2.079,,,,,,,
50,Right,17,0.0025,-0.0005,0.0539,0.3661,0.0763,-0.0795,0.9240,2.079,,,,,,,
50,Right,18,0.0000,0.0000,0.0390,0.1726,-0.0028,-0.0373,0.9843,2.079,,,,,,,
50,Right,19,0.0000,0.0000,0.0266,0.0828,-0.0296,-0.0085,0.9961,2.079,,,,,,,
50,Right,20,0.0003,0.0016,0.0243,0.0000,0.0000,0.0000,1.0000,2.079,,,,,,,
50,Right,21,0.0230,-0.0094,0.0341,0.0183,0.1403,-0.2070,0.9680,2.079,,,,,,,
50,Right,22,0.0000,0.0000,0.0457,0.2959,-0.0070,0.0841,0.9515,2.079,,,,,,,
50,Right,23,0.0000,0.0000,0.0307,0.1573,0.0358,-0.0521,0.9855,2.079,,,,,,,
50,Right,24,0.0000,0.0000,0.0203,0.0314,-0.0491,0.0008,0.9983,2.079,,,,,,,
50,Right,25,-0.0002,0.0012,0.0219,0.0000,0.0000,0.0000,1.0000,2.079,,,,,,,
51,Left,0,0.0032,-0.0045,0.0644,0.0000,0.0000,0.0000,1.0000,2.121,,,,,,,
51,Left,1,0.0000,0.0000,0.0000,0.0000,0.0000,0.0000,1.0000,2.121,-0.0967,0.1696,-0.0373,-0.4960,0.6579,-0.5642,0.0530
51,Left,2,0.0322,-0.0115,0.0322,-0.1784,0.3709,-0.4812,0.7740,2.121,,,,,,,
51,Left,3,0.0000,0.0000,0.0325,-0.0094,-0.0710,0.0832,0.9940,2.121,,,,,,,
51,Left,4,0.0000,0.0000,0.0338,-0.1854,0.0745,-0.0851,0.9761,2.121,,,,,,,
51,Left,5,-0.0007,0.0010,0.0246,0.0000,0.0000,0.0000,1.0000,2.121,,,,,,,
51,Left,6,0.0208,-0.0072,0.0353,0.0000,0.0000,0.0000,1.0000,2.121,,,,,,,
51,Left,7,0.0027,-0.0001,0.0607,0.1772,-0.0889,-0.0236,0.9799,2.121,,,,,,,
51,Left,8,0.0000,0.0000,0.0379,0.0931,-0.0048,0.0262,0.9953,2.121,,,,,,,
51,Left,9,0.0000,0.0000,0.0243,0.0062,-0.0259,0.0165,0.9995,2.121,,,,,,,
51,Left,10,-0.0003,0.0010,0.0224,0.0000,0.0000,0.0000,1.0000,2.121,,,,,,,
51,Left,11,0.0046,-0.0065,0.0331,0.0000,0.0000,0.0000,1.0000,2.121,,,,,,,
51,Left,12,-0.0029,0.0039,0.0625,0.3045,-0.0880,0.0316,0.9479,2.121,,,,,,,
51,Left,13,0.0000,0.0000,0.0429,0.0567,-0.0037,0.0116,0.9983,2.121,,,,,,,
51,Left,14,0.0000,0.0000,0.0275,-0.0352,-0.0021,0.0401,0.9986,2.121,,,,,,,
51,Left,15,-0.0003,0.0011,0.0250,0.0000,0.0000,0.0000,1.0000,2.121,,,,,,,
51,Left,16,-0.0150,-0.0060,0.0348,0.0000,0.0000,0.0000,1.0000,2.121,,,,,,,
51,Left,17,-0.0025,-0.0005,0.0539,0.3147,-0.0988,0.0806,0.9406,2.121,,,,,,,
51,Left,18,0.0000,0.0000,0.0390,0.0767,-0.0004,0.0353,0.9964,2.121,,,,,,,
51,Left,19,0.0000,0.0000,0.0266,0.0440,0.0295,0.0067,0.9986,2.121,,,,,,,
51,Left,20,-0.0003,0.0016,0.0243,0.0000,0.0000,0.0000,1.0000,2.121,,,,,,,
51,Left,21,-0.0230,-0.0094,0.0341,0.0183,-0.1403,0.2070,0.9680,2.121,,,,,,,
51,Left,22,0.0000,0.0000,0.0457,0.2566,-0.0541,-0.0691,0.9625,2.121,,,,,,,
51,Left,23,0.0000,0.0000,0.0307,0.1679,-0.0353,0.0530,0.9837,2.121,,,,,,,
51,Left,24,0.0000,0.0000,0.0203,0.0429,0.0491,-0.0009,0.9979,2.121,,,,,,,
51,Left,25,0.0002,0.0012,0.0219,0.0000,0.0000,0.0000,1.0000,2.121,,,,,,,
51,Right,0,-0.0004,-0.0062,0.0659,0.0000,0.0000,0.0000,1.0000,2.121,,,,,,,
51,Right,1,0.0000,0.0000,0.0000,0.0000,0.0000,0.0000,1.0000,2.121,0.1832,0.1976,0.0418,0.5520,0.3485,-0.6121,0.4464
51,Right,2,-0.0210,-0.0247,0.0383,0.1987,-0.3739,0.7163,0.5547,2.121,,,,,,,
51,Right,3,0.0000,0.0000,0.0325,0.2296,0.0492,-0.0815,0.9686,2.121,,,,,,,
51,Right,4,0.0000,0.0000,0.0338,-0.0974,-0.0680,0.0842,0.9893,2.121,,,,,,,
51,Right,5,0.0007,0.0010,0.0246,0.0000,0.0000,0.0000,1.0000,2.121,,,,,,,
51,Right,6,-0.0152,-0.0138,0.0384,0.0000,0.0000,0.0000,1.0000,2.121,,,,,,,
51,Right,7,-0.0083,0.0065,0.0576,0.4191,0.0445,0.0267,0.9064,2.121,,,,,,,
51,Right,8,0.0000,0.0000,0.0379,0.2514,0.0005,-0.0263,0.9675,2.121,,,,,,,
51,Right,9,0.0000,0.0000,0.0243,0.0735,0.0248,-0.0168,0.9968,2.121,,,,,,,
51,Right,10,0.0003,0.0010,0.0224,0.0000,0.0000,0.0000,1.0000,2.121,,,,,,,
51,Right,11,0.0010,-0.0098,0.0362,0.0000,0.0000,0.0000,1.0000,2.121,,,,,,,
51,Right,12,-0.0027,0.0073,0.0595,0.3960,0.0567,-0.0290,0.9160,2.121,,,,,,,
51,Right,13,0.0000,0.0000,0.0429,0.2227,0.0017,-0.0124,0.9748,2.121,,,,,,,
51,Right,14,0.0000,0.0000,0.0275,0.0627,-0.0022,-0.0497,0.9968,2.121,,,,,,,
51,Right,15,0.0003,0.0011,0.0250,0.0000,0.0000,0.0000,1.0000,2.121,,,,,,,
51,Right,16,0.0150,-0.0060,0.0348,0.0000,0.0000,0.0000,1.0000,2.121,,,,,,,
51,Right,17,0.0025,-0.0005,0.0539,0.3701,0.0746,-0.0793,0.9226,2.121,,,,,,,
51,Right,18,0.0000,0.0000,0.0390,0.1739,-0.0029,-0.0374,0.9840,2.121,,,,,,,
51,Right,19,0.0000,0.0000,0.0266,0.0828,-0.0296,-0.0085,0.9961,2.121,,,,,,,
51,Right,20,0.0003,0.0016,0.0243,0.0000,0.0000,0.0000,1.0000,2.121,,,,,,,
51,Right,21,0.0230,-0.0094,0.0341,0.0183,0.1403,-0.2070,0.9680,2.121,,,,,,,
51,Right,22,0.0000,0.0000,0.0457,0.3042,-0.0077,0.0843,0.9488,2.121,,,,,,,
51,Right,23,0.0000,0.0000,0.0307,0.1594,0.0357,-0.0523,0.9852,2.121,,,,,,,
51,Right,24,0.0000,0.0000,0.0203,0.0324,-0.0491,0.0008,0.9983,2.121,,,,,,,
51,Right,25,-0.0002,0.0012,0.0219,0.0000,0.0000,0.0000,1.0000,2.121,,,,,,,
52,Left,0,0.0032,-0.0045,0.0644,0.0000,0.0000,0.0000,1.0000,2.163,,,,,,,
52,Left,1,0.0000,0.0000,0.0000,0.0000,0.0000,0.0000,1.0000,2.163,-0.0963,0.1699,-0.0357,-0.4960,0.6749,-0.5453,0.0331
52,Left,2,0.0322,-0.0115,0.0322,-0.1774,0.3714,-0.4821,0.7734,2.163,,,,,,,
52,Left,3,0.0000,0.0000,0.0325,-0.0094,-0.0710,0.0832,0.9940,2.163,,,,,,,
52,Left,4,0.0000,0.0000,0.0338,-0.1850,0.0745,-0.0851,0.9762,2.163,,,,,,,
52,Left,5,-0.0007,0.0010,0.0246,0.0000,0.0000,0.0000,1.0000,2.163,,,,,,,
52,Left,6,0.0208,-0.0072,0.0353,0.0000,0.0000,0.0000,1.0000,2.163,,,,,,,
52,Left,7,0.0027,-0.0001,0.0607,0.2074,-0.0897,-0.0218,0.9739,2.163,,,,,,,
52,Left,8,0.0000,0.0000,0.0379,0.1207,-0.0040,0.0263,0.9923,2.163,,,,,,,
52,Left,9,0.0000,0.0000,0.0243,0.0078,-0.0259,0.0165,0.9995,2.163,,,,,,,
52,Left,10,-0.0003,0.0010,0.0224,0.0000,0.0000,0.0000,1.0000,2.163,,,,,,,
52,Left,11,0.0046,-0.0065,0.0331,0.0000,0.0000,0.0000,1.0000,2.163,,,,,,,
52,Left,12,-0.0029,0.0040,0.0625,0.3184,-0.0879,0.0329,0.9433,2.163,,,,,,,
52,Left,13,0.0000,0.0000,0.0429,0.0762,-0.0035,0.0117,0.9970,2.163,,,,,,,
52,Left,14,0.0000,0.0000,0.0275,-0.0275,-0.0018,0.0409,0.9988,2.163,,,,,,,
52,Left,15,-0.0003,0.0011,0.0250,0.0000,0.0000,0.0000,1.0000,2.163,,,,,,,
52,Left,16,-0.0150,-0.0060,0.0348,0.0000,0.0000,0.0000,1.0000,2.163,,,,,,,
52,Left,17,-0.0025,-0.0005,0.0539,0.3247,-0.0987,0.0818,0.9371,2.163,,,,,,,
52,Left,18,0.0000,0.0000,0.0390,0.0964,0.0003,0.0358,0.9947,2.163,,,,,,,
52,Left,19,0.0000,0.0000,0.0266,0.0505,0.0295,0.0070,0.9983,2.163,,,,,,,
52,Left,20,-0.0003,0.0016,0.0243,0.0000,0.0000,0.0000,1.0000,2.163,,,,,,,
52,Left,21,-0.0230,-0.0094,0.0341,0.0183,-0.1403,0.2070,0.9680,2.163,,,,,,,
52,Left,22,0.0000,0.0000,0.0457,0.2657,-0.0601,-0.0667,0.9599,2.163,,,,,,,
52,Left,23,0.0000,0.0000,0.0307,0.1694,-0.0352,0.0531,0.9835,2.163,,,,,,,
52,Left,24,0.0000,0.0000,0.0203,0.0424,0.0491,-0.0009,0.9979,2.163,,,,,,,
52,Left,25,0.0002,0.0012,0.0219,0.0000,0.0000,0.0000,1.0000,2.163,,,,,,,
52,Right,0,-0.0004,-0.0062,0.0659,0.0000,0.0000,0.0000,1.0000,2.163,,,,,,,
52,Right,1,0.0000,0.0000,0.0000,0.0000,0.0000,0.0000,1.0000,2.163,0.1821,0.1979,0.0407,0.5499,0.3482,-0.6143,0.4460
52,Right,2,-0.0210,-0.0248,0.0383,0.1989,-0.3730,0.7168,0.5546,2.163,,,,,,,
52,Right,3,0.0000,0.0000,0.0325,0.2294,0.0492,-0.0815,0.9687,2.163,,,,,,,
52,Right,4,0.0000,0.0000,0.0338,-0.0961,-0.0680,0.0841,0.9895,2.163,,,,,,,
52,Right,5,0.0007,0.0010,0.0246,0.0000,0.0000,0.0000,1.0000,2.163,,,,,,,
52,Right,6,-0.0152,-0.0138,0.0384,0.0000,0.0000,0.0000,1.0000,2.163,,,,,,,
52,Right,7,-0.0083,0.0065,0.0576,0.4185,0.0454,0.0264,0.9067,2.163,,,,,,,
52,Right,8,0.0000,0.0000,0.0379,0.2576,0.0003,-0.0263,0.9659,2.163,,,,,,,
52,Right,9,0.0000,0.0000,0.0243,0.0746,0.0247,-0.0168,0.9968,2.163,,,,,,,
52,Right,10,0.0003,0.0010,0.0224,0.0000,0.0000,0.0000,1.0000,2.163,,,,,,,
52,Right,11,0.0010,-0.0098,0.0362,0.0000,0.0000,0.0000,1.0000,2.163,,,,,,,
52,Right,12,-0.0027,0.0073,0.0594,0.3972,0.0563,-0.0289,0.9155,2.163,,,,,,,
52,Right,13,0.0000,0.0000,0.0429,0.2278,0.0017,-0.0124,0.9736,2.163,,,,,,,
52,Right,14,0.0000,0.0000,0.0275,0.0632,-0.0022,-0.0497,0.9968,2.163,,,,,,,
52,Right,15,0.0003,0.0011,0.0250,0.0000,0.0000,0.0000,1.0000,2.163,,,,,,,
52,Right,16,0.0150,-0.0060,0.0348,0.0000,0.0000,0.0000,1.0000,2.163,,,,,,,
52,Right,17,0.0025,-0.0005,0.0539,0.3731,0.0734,-0.0792,0.9215,2.163,,,,,,,
52,Right,18,0.0000,0.0000,0.0390,0.1767,-0.0030,-0.0374,0.9836,2.163,,,,,,,
52,Right,19,0.0000,0.0000,0.0266,0.0834,-0.0296,-0.0085,0.9960,2.163,,,,,,,
52,Right,20,0.0003,0.0016,0.0243,0.0000,0.0000,0.0000,1.0000,2.163,,,,,,,
52,Right,21,0.0230,-0.0094,0.0341,0.0183,0.1403,-0.2070,0.9680,2.163,,,,,,,
52,Right,22,0.0000,0.0000,0.0457,0.3090,-0.0084,0.0844,0.9473,2.163,,,,,,,
52,Right,23,0.0000,0.0000,0.0307,0.1621,0.0356,-0.0525,0.9847,2.163,,,,,,,
52,Right,24,0.0000,0.0000,0.0203,0.0339,-0.0491,0.0008,0.9982,2.163,,,,,,,
52,Right,25,-0.0002,0.0012,0.0219,0.0000,0.0000,0.0000,1.0000,2.163,,,,,,,
53,Left,0,0.0032,-0.0045,0.0644,0.0000,0.0000,0.0000,1.0000,2.204,,,,,,,
53,Left,1,0.0000,0.0000,0.0000,0.0000,0.0000,0.0000,1.0000,2.204,-0.0946,0.1700,-0.0323,-0.4967,0.6748,-0.5450,0.0301
53,Left,2,0.0322,-0.0115,0.0322,-0.1764,0.3720,-0.4830,0.7728,2.204,,,,,,,
53,Left,3,0.0000,0.0000,0.0325,-0.0096,-0.0710,0.0832,0.9940,2.204,,,,,,,
53,Left,4,0.0000,0.0000,0.0338,-0.1845,0.0745,-0.0851,0.9763,2.204,,,,,,,
53,Left,5,-0.0007,0.0010,0.0246,0.0000,0.0000,0.0000,1.0000,2.204,,,,,,,
53,Left,6,0.0208,-0.0072,0.0353,0.0000,0.0000,0.0000,1.0000,2.204,,,,,,,
53,Left,7,0.0027,-0.0001,0.0607,0.2187,-0.0907,-0.0209,0.9713,2.204,,,,,,,
53,Left,8,0.0000,0.0000,0.0379,0.1359,-0.0036,0.0263,0.9904,2.204,,,,,,,
53,Left,9,0.0000,0.0000,0.0243,0.0135,-0.0258,0.0165,0.9994,2.204,,,,,,,
53,Left,10,-0.0003,0.0010,0.0224,0.0000,0.0000,0.0000,1.0000,2.204,,,,,,,
53,Left,11,0.0046,-0.0065,0.0331,0.0000,0.0000,0.0000,1.0000,2.204,,,,,,,
53,Left,12,-0.0029,0.0040,0.0625,0.3199,-0.0879,0.0331,0.9428,2.204,,,,,,,
53,Left,13,0.0000,0.0000,0.0429,0.0865,-0.0034,0.0118,0.9962,2.204,,,,,,,
53,Left,14,0.0000,0.0000,0.0275,-0.0202,-0.0014,0.0416,0.9989,2.204,,,,,,,
53,Left,15,-0.0003,0.0011,0.0250,0.0000,0.0000,0.0000,1.0000,2.204,,,,,,,
53,Left,16,-0.0150,-0.0060,0.0348,0.0000,0.0000,0.0000,1.0000,2.204,,,,,,,
53,Left,17,-0.0025,-0.0005,0.0539,0.3249,-0.0994,0.0820,0.9369,2.204,,,,,,,
53,Left,18,0.0000,0.0000,0.0390,0.0988,0.0003,0.0358,0.9945,2.204,,,,,,,
53,Left,19,0.0000,0.0000,0.0266,0.0522,0.0295,0.0071,0.9982,2.204,,,,,,,
53,Left,20,-0.0003,0.0016,0.0243,0.0000,0.0000,0.0000,1.0000,2.204,,,,,,,
53,Left,21,-0.0230,-0.0094,0.0341,0.0183,-0.1403,0.2070,0.9680,2.204,,,,,,,
53,Left,22,0.0000,0.0000,0.0457,0.2645,-0.0605,-0.0667,0.9602,2.204,,,,,,,
53,Left,23,0.0000,0.0000,0.0307,0.1757,-0.0349,0.0536,0.9824,2.204,,,,,,,
53,Left,24,0.0000,0.0000,0.0203,0.0423,0.0491,-0.0009,0.9979,2.204,,,,,,,
53,Left,25,0.0002,0.0012,0.0219,0.0000,0.0000,0.0000,1.0000,2.204,,,,,,,
53,Right,0,-0.0004,-0.0062,0.0659,0.0000,0.0000,0.0000,1.0000,2.204,,,,,,,
53,Right,1,0.0000,0.0000,0.0000,0.0000,0.0000,0.0000,1.0000,2.204,0.1820,0.1979,0.0407,0.5496,0.3480,-0.6149,0.4459
53,Right,2,-0.0210,-0.0247,0.0383,0.1992,-0.3734,0.7166,0.5544,2.204,,,,,,,
53,Right,3,0.0000,0.0000,0.0325,0.2288,0.0493,-0.0815,0.9688,2.204,,,,,,,
53,Right,4,0.0000,0.0000,0.0338,-0.0952,-0.0679,0.0841,0.9896,2.204,,,,,,,
53,Right,5,0.0007,0.0010,0.0246,0.0000,0.0000,0.0000,1.0000,2.204,,,,,,,
53,Right,6,-0.0152,-0.0138,0.0384,0.0000,0.0000,0.0000,1.0000,2.204,,,,,,,
53,Right,7,-0.0083,0.0065,0.0576,0.4180,0.0463,0.0260,0.9069,2.204,,,,,,,
53,Right,8,0.0000,0.0000,0.0379,0.2587,0.0003,-0.0263,0.9656,2.204,,,,,,,
53,Right,9,0.0000,0.0000,0.0243,0.0758,0.0247,-0.0168,0.9967,2.204,,,,,,,
53,Right,10,0.0003,0.0010,0.0224,0.0000,0.0000,0.0000,1.0000,2.204,,,,,,,
53,Right,11,0.0010,-0.0098,0.0362,0.0000,0.0000,0.0000,1.0000,2.204,,,,,,,
53,Right,12,-0.0027,0.0073,0.0594,0.3974,0.0559,-0.0288,0.9155,2.204,,,,,,,
53,Right,13,0.0000,0.0000,0.0429,0.2317,0.0016,-0.0124,0.9727,2.204,,,,,,,
53,Right,14,0.0000,0.0000,0.0275,0.0645,-0.0023,-0.0499,0.9967,2.204,,,,,,,
53,Right,15,0.0003,0.0011,0.0250,0.0000,0.0000,0.0000,1.0000,2.204,,,,,,,
53,Right,16,0.0150,-0.0060,0.0348,0.0000,0.0000,0.0000,1.0000,2.204,,,,,,,
53,Right,17,0.0025,-0.0005,0.0539,0.3739,0.0724,-0.0790,0.9213,2.204,,,,,,,
53,Right,18,0.0000,0.0000,0.0390,0.1790,-0.0031,-0.0375,0.9831,2.204,,,,,,,
53,Right,19,0.0000,0.0000,0.0266,0.0845,-0.0296,-0.0086,0.9960,2.204,,,,,,,
53,Right,20,0.0003,0.0016,0.0243,0.0000,0.0000,0.0000,1.0000,2.204,,,,,,,
53,Right,21,0.0230,-0.0094,0.0341,0.0183,0.1403,-0.2070,0.9680,2.204,,,,,,,
53,Right,22,0.0000,0.0000,0.0457,0.3103,-0.0093,0.0847,0.9468,2.204,,,,,,,
53,Right,23,0.0000,0.0000,0.0307,0.1645,0.0354,-0.0527,0.9843,2.204,,,,,,,
53,Right,24,0.0000,0.0000,0.0203,0.0368,-0.0491,0.0009,0.9981,2.204,,,,,,,
53,Right,25,-0.0002,0.0012,0.0219,0.0000,0.0000,0.0000,1.0000,2.204,,,,,,,
54,Left,0,0.0032,-0.0045,0.0644,0.0000,0.0000,0.0000,1.0000,2.246,,,,,,,
54,Left,1,0.0000,0.0000,0.0000,0.0000,0.0000,0.0000,1.0000,2.246,-0.0937,0.1702,-0.0302,-0.4985,0.6771,-0.5406,0.0269
54,Left,2,0.0322,-0.0115,0.0322,-0.1759,0.3725,-0.4834,0.7724,2.246,,,,,,,
54,Left,3,0.0000,0.0000,0.0325,-0.0098,-0.0710,0.0832,0.9940,2.246,,,,,,,
54,Left,4,0.0000,0.0000,0.0338,-0.1847,0.0745,-0.0851,0.9763,2.246,,,,,,,
54,Left,5,-0.0007,0.0010,0.0246,0.0000,0.0000,0.0000,1.0000,2.246,,,,,,,
54,Left,6,0.0208,-0.0072,0.0353,0.0000,0.0000,0.0000,1.0000,2.246,,,,,,,
54,Left,7,0.0028,-0.0001,0.0607,0.2211,-0.0905,-0.0208,0.9708,2.246,,,,,,,
54,Left,8,0.0000,0.0000,0.0379,0.1370,-0.0036,0.0263,0.9902,2.246,,,,,,,
54,Left,9,0.0000,0.0000,0.0243,0.0148,-0.0258,0.0165,0.9994,2.246,,,,,,,
54,Left,10,-0.0003,0.0010,0.0224,0.0000,0.0000,0.0000,1.0000,2.246,,,,,,,
54,Left,11,0.0046,-0.0065,0.0331,0.0000,0.0000,0.0000,1.0000,2.246,,,,,,,
54,Left,12,-0.0029,0.0040,0.0625,0.3211,-0.0883,0.0333,0.9423,2.246,,,,,,,
54,Left,13,0.0000,0.0000,0.0429,0.0881,-0.0033,0.0118,0.9960,2.246,,,,,,,
54,Left,14,0.0000,0.0000,0.0275,-0.0178,-0.0013,0.0419,0.9990,2.246,,,,,,,
54,Left,15,-0.0003,0.0011,0.0250,0.0000,0.0000,0.0000,1.0000,2.246,,,,,,,
54,Left,16,-0.0150,-0.0060,0.0348,0.0000,0.0000,0.0000,1.0000,2.246,,,,,,,
54,Left,17,-0.0025,-0.0005,0.0539,0.3243,-0.1006,0.0823,0.9370,2.246,,,,,,,
54,Left,18,0.0000,0.0000,0.0390,0.1070,0.0006,0.0360,0.9936,2.246,,,,,,,
54,Left,19,0.0000,0.0000,0.0266,0.0555,0.0295,0.0072,0.9980,2.246,,,,,,,
54,Left,20,-0.0003,0.0016,0.0243,0.0000,0.0000,0.0000,1.0000,2.246,,,,,,,
54,Left,21,-0.0230,-0.0094,0.0341,0.0183,-0.1403,0.2070,0.9680,2.246,,,,,,,
54,Left,22,0.0000,0.0000,0.0457,0.2582,-0.0606,-0.0672,0.9618,2.246,,,,,,,
54,Left,23,0.0000,0.0000,0.0307,0.1776,-0.0348,0.0538,0.9820,2.246,,,,,,,
54,Left,24,0.0000,0.0000,0.0203,0.0420,0.0491,-0.0009,0.9979,2.246,,,,,,,
54,Left,25,0.0002,0.0012,0.0219,0.0000,0.0000,0.0000,1.0000,2.246,,,,,,,
54,Right,0,-0.0004,-0.0062,0.0659,0.0000,0.0000,0.0000,1.0000,2.246,,,,,,,
54,Right,1,0.0000,0.0000,0.0000,0.0000,0.0000,0.0000,1.0000,2.246,0.1820,0.1980,0.0406,0.5492,0.3473,-0.6152,0.4464
54,Right,2,-0.0210,-0.0247,0.0383,0.1992,-0.3745,0.7161,0.5544,2.246,,,,,,,
54,Right,3,0.0000,0.0000,0.0325,0.2290,0.0493,-0.0815,0.9688,2.246,,,,,,,
54,Right,4,0.0000,0.0000,0.0338,-0.0939,-0.0678,0.0841,0.9897,2.246,,,,,,,
54,Right,5,0.0007,0.0010,0.0246,0.0000,0.0000,0.0000,1.0000,2.246,,,,,,,
54,Right,6,-0.0152,-0.0138,0.0384,0.0000,0.0000,0.0000,1.0000,2.246,,,,,,,
54,Right,7,-0.0083,0.0065,0.0576,0.4179,0.0468,0.0258,0.9069,2.246,,,,,,,
54,Right,8,0.0000,0.0000,0.0379,0.2596,0.0002,-0.0263,0.9654,2.246,,,,,,,
54,Right,9,0.0000,0.0000,0.0243,0.0769,0.0247,-0.0168,0.9966,2.246,,,,,,,
54,Right,10,0.0003,0.0010,0.0224,0.0000,0.0000,0.0000,1.0000,2.246,,,,,,,
54,Right,11,0.0010,-0.0098,0.0362,0.0000,0.0000,0.0000,1.0000,2.246,,,,,,,
54,Right,12,-0.0027,0.0073,0.0595,0.3982,0.0557,-0.0288,0.9151,2.246,,,,,,,
54,Right,13,0.0000,0.0000,0.0429,0.2328,0.0016,-0.0124,0.9724,2.246,,,,,,,
54,Right,14,0.0000,0.0000,0.0275,0.0655,-0.0023,-0.0499,0.9966,2.246,,,,,,,
54,Right,15,0.0003,0.0011,0.0250,0.0000,0.0000,0.0000,1.0000,2.246,,,,,,,
54,Right,16,0.0150,-0.0060,0.0348,0.0000,0.0000,0.0000,1.0000,2.246,,,,,,,
54,Right,17,0.0025,-0.0005,0.0539,0.3745,0.0719,-0.0788,0.9211,2.246,,,,,,,
54,Right,18,0.0000,0.0000,0.0390,0.1801,-0.0031,-0.0375,0.9829,2.246,,,,,,,
54,Right,19,0.0000,0.0000,0.0266,0.0855,-0.0296,-0.0086,0.9959,2.246,,,,,,,
54,Right,20,0.0003,0.0016,0.0243,0.0000,0.0000,0.0000,1.0000,2.246,,,,,,,
54,Right,21,0.0230,-0.0094,0.0341,0.0183,0.1403,-0.2070,0.9680,2.246,,,,,,,
54,Right,22,0.0000,0.0000,0.0457,0.3109,-0.0099,0.0849,0.9466,2.246,,,,,,,
54,Right,23,0.0000,0.0000,0.0307,0.1683,0.0353,-0.0530,0.9837,2.246,,,,,,,
54,Right,24,0.0000,0.0000,0.0203,0.0401,-0.0491,0.0009,0.9980,2.246,,,,,,,
54,Right,25,-0.0002,0.0012,0.0219,0.0000,0.0000,0.0000,1.0000,2.246,,,,,,,
55,Left,0,0.0032,-0.0045,0.0644,0.0000,0.0000,0.0000,1.0000,2.288,,,,,,,
55,Left,1,0.0000,0.0000,0.0000,0.0000,0.0000,0.0000,1.0000,2.288,-0.0925,0.1705,-0.0276,-0.5011,0.6801,-0.5347,0.0228
55,Left,2,0.0322,-0.0116,0.0322,-0.1757,0.3726,-0.4835,0.7723,2.288,,,,,,,
55,Left,3,0.0000,0.0000,0.0325,-0.0100,-0.0710,0.0832,0.9940,2.288,,,,,,,
55,Left,4,0.0000,0.0000,0.0338,-0.1847,0.0745,-0.0851,0.9763,2.288,,,,,,,
55,Left,5,-0.0007,0.0010,0.0246,0.0000,0.0000,0.0000,1.0000,2.288,,,,,,,
55,Left,6,0.0208,-0.0072,0.0353,0.0000,0.0000,0.0000,1.0000,2.288,,,,,,,
55,Left,7,0.0028,-0.0001,0.0607,0.2253,-0.0895,-0.0207,0.9699,2.288,,,,,,,
55,Left,8,0.0000,0.0000,0.0379,0.1377,-0.0036,0.0263,0.9901,2.288,,,,,,,
55,Left,9,0.0000,0.0000,0.0243,0.0155,-0.0258,0.0165,0.9994,2.288,,,,,,,
55,Left,10,-0.0003,0.0010,0.0224,0.0000,0.0000,0.0000,1.0000,2.288,,,,,,,
55,Left,11,0.0046,-0.0065,0.0331,0.0000,0.0000,0.0000,1.0000,2.288,,,,,,,
55,Left,12,-0.0029,0.0040,0.0625,0.3223,-0.0881,0.0334,0.9419,2.288,,,,,,,
55,Left,13,0.0000,0.0000,0.0429,0.0895,-0.0033,0.0118,0.9959,2.288,,,,,,,
55,Left,14,0.0000,0.0000,0.0275,-0.0155,-0.0012,0.0421,0.9990,2.288,,,,,,,
55,Left,15,-0.0003,0.0011,0.0250,0.0000,0.0000,0.0000,1.0000,2.288,,,,,,,
55,Left,16,-0.0150,-0.0060,0.0348,0.0000,0.0000,0.0000,1.0000,2.288,,,,,,,
55,Left,17,-0.0025,-0.0005,0.0539,0.3232,-0.1019,0.0825,0.9372,2.288,,,,,,,
55,Left,18,0.0000,0.0000,0.0390,0.1090,0.0007,0.0360,0.9934,2.288,,,,,,,
55,Left,19,0.0000,0.0000,0.0266,0.0577,0.0295,0.0074,0.9979,2.288,,,,,,,
55,Left,20,-0.0003,0.0016,0.0243,0.0000,0.0000,0.0000,1.0000,2.288,,,,,,,
55,Left,21,-0.0230,-0.0094,0.0341,0.0183,-0.1403,0.2070,0.9680,2.288,,,,,,,
55,Left,22,0.0000,0.0000,0.0457,0.2483,-0.0607,-0.0681,0.9644,2.288,,,,,,,
55,Left,23,0.0000,0.0000,0.0307,0.1794,-0.0347,0.0539,0.9817,2.288,,,,,,,
55,Left,24,0.0000,0.0000,0.0203,0.0416,0.0491,-0.0009,0.9979,2.288,,,,,,,
55,Left,25,0.0002,0.0012,0.0219,0.0000,0.0000,0.0000,1.0000,2.288,,,,,,,
55,Right,0,-0.0004,-0.0062,0.0659,0.0000,0.0000,0.0000,1.0000,2.288,,,,,,,
55,Right,1,0.0000,0.0000,0.0000,0.0000,0.0000,0.0000,1.0000,2.288,0.1818,0.1981,0.0407,0.5489,0.3469,-0.6155,0.4468
55,Right,2,-0.0211,-0.0247,0.0383,0.1989,-0.3754,0.7155,0.5546,2.288,,,,,,,
55,Right,3,0.0000,0.0000,0.0325,0.2295,0.0492,-0.0815,0.9686,2.288,,,,,,,
55,Right,4,0.0000,0.0000,0.0338,-0.0924,-0.0677,0.0841,0.9899,2.288,,,,,,,
55,Right,5,0.0007,0.0010,0.0246,0.0000,0.0000,0.0000,1.0000,2.288,,,,,,,
55,Right,6,-0.0153,-0.0138,0.0384,0.0000,0.0000,0.0000,1.0000,2.288,,,,,,,
55,Right,7,-0.0083,0.0065,0.0576,0.4179,0.0470,0.0257,0.9069,2.288,,,,,,,
55,Right,8,0.0000,0.0000,0.0379,0.2602,0.0002,-0.0263,0.9652,2.288,,,,,,,
55,Right,9,0.0000,0.0000,0.0243,0.0779,0.0247,-0.0168,0.9965,2.288,,,,,,,
55,Right,10,0.0003,0.0010,0.0224,0.0000,0.0000,0.0000,1.0000,2.288,,,,,,,
55,Right,11,0.0010,-0.0098,0.0362,0.0000,0.0000,0.0000,1.0000,2.288,,,,,,,
55,Right,12,-0.0027,0.0073,0.0595,0.3993,0.0554,-0.0287,0.9147,2.288,,,,,,,
55,Right,13,0.0000,0.0000,0.0429,0.2334,0.0016,-0.0124,0.9723,2.288,,,,,,,
55,Right,14,0.0000,0.0000,0.0275,0.0663,-0.0023,-0.0500,0.9965,2.288,,,,,,,
55,Right,15,0.0003,0.0011,0.0250,0.0000,0.0000,0.0000,1.0000,2.288,,,,,,,
55,Right,16,0.0150,-0.0060,0.0348,0.0000,0.0000,0.0000,1.0000,2.288,,,,,,,
55,Right,17,0.0025,-0.0005,0.0539,0.3753,0.0712,-0.0787,0.9208,2.288,,,,,,,
55,Right,18,0.0000,0.0000,0.0390,0.1810,-0.0031,-0.0375,0.9828,2.288,,,,,,,
55,Right,19,0.0000,0.0000,0.0266,0.0863,-0.0296,-0.0087,0.9958,2.288,,,,,,,
55,Right,20,0.0003,0.0016,0.0243,0.0000,0.0000,0.0000,1.0000,2.288,,,,,,,
55,Right,21,0.0230,-0.0094,0.0341,0.0183,0.1403,-0.2070,0.9680,2.288,,,,,,,
55,Right,22,0.0000,0.0000,0.0457,0.3116,-0.0103,0.0850,0.9464,2.288,,,,,,,
55,Right,23,0.0000,0.0000,0.0307,0.1706,0.0352,-0.0532,0.9833,2.288,,,,,,,
55,Right,24,0.0000,0.0000,0.0203,0.0417,-0.0491,0.0009,0.9979,2.288,,,,,,,
55,Right,25,-0.0002,0.0012,0.0219,0.0000,0.0000,0.0000,1.0000,2.288,,,,,,,
56,Left,0,0.0032,-0.0045,0.0644,0.0000,0.0000,0.0000,1.0000,2.329,,,,,,,
56,Left,1,0.0000,0.0000,0.0000,0.0000,0.0000,0.0000,1.0000,2.329,-0.0921,0.1705,-0.0266,-0.5047,0.6837,-0.5267,0.0202
56,Left,2,0.0322,-0.0115,0.0322,-0.1761,0.3726,-0.4832,0.7725,2.329,,,,,,,
56,Left,3,0.0000,0.0000,0.0325,-0.0103,-0.0711,0.0832,0.9939,2.329,,,,,,,
56,Left,4,0.0000,0.0000,0.0338,-0.1848,0.0745,-0.0851,0.9762,2.329,,,,,,,
56,Left,5,-0.0007,0.0010,0.0246,0.0000,0.0000,0.0000,1.0000,2.329,,,,,,,
56,Left,6,0.0208,-0.0072,0.0353,0.0000,0.0000,0.0000,1.0000,2.329,,,,,,,
56,Left,7,0.0028,-0.0001,0.0607,0.2284,-0.0880,-0.0209,0.9693,2.329,,,,,,,
56,Left,8,0.0000,0.0000,0.0379,0.1375,-0.0036,0.0263,0.9901,2.329,,,,,,,
56,Left,9,0.0000,0.0000,0.0243,0.0154,-0.0258,0.0165,0.9994,2.329,,,,,,,
56,Left,10,-0.0003,0.0010,0.0224,0.0000,0.0000,0.0000,1.0000,2.329,,,,,,,
56,Left,11,0.0046,-0.0065,0.0331,0.0000,0.0000,0.0000,1.0000,2.329,,,,,,,
56,Left,12,-0.0029,0.0040,0.0625,0.3229,-0.0877,0.0333,0.9418,2.329,,,,,,,
56,Left,13,0.0000,0.0000,0.0429,0.0895,-0.0033,0.0118,0.9959,2.329,,,,,,,
56,Left,14,0.0000,0.0000,0.0275,-0.0148,-0.0012,0.0422,0.9990,2.329,,,,,,,
56,Left,15,-0.0003,0.0011,0.0250,0.0000,0.0000,0.0000,1.0000,2.329,,,,,,,
56,Left,16,-0.0150,-0.0060,0.0348,0.0000,0.0000,0.0000,1.0000,2.329,,,,,,,
56,Left,17,-0.0025,-0.0005,0.0539,0.3217,-0.1029,0.0826,0.9376,2.329,,,,,,,
56,Left,18,0.0000,0.0000,0.0390,0.1096,0.0007,0.0361,0.9933,2.329,,,,,,,
56,Left,19,0.0000,0.0000,0.0266,0.0587,0.0295,0.0074,0.9978,2.329,,,,,,,
56,Left,20,-0.0003,0.0016,0.0243,0.0000,0.0000,0.0000,1.0000,2.329,,,,,,,
56,Left,21,-0.0230,-0.0094,0.0341,0.0183,-0.1403,0.2070,0.9680,2.329,,,,,,,
56,Left,22,0.0000,0.0000,0.0457,0.2408,-0.0605,-0.0688,0.9663,2.329,,,,,,,
56,Left,23,0.0000,0.0000,0.0307,0.1800,-0.0347,0.0539,0.9816,2.329,,,,,,,
56,Left,24,0.0000,0.0000,0.0203,0.0411,0.0491,-0.0009,0.9979,2.329,,,,,,,
56,Left,25,0.0002,0.0012,0.0219,0.0000,0.0000,0.0000,1.0000,2.329,,,,,,,
56,Right,0,-0.0004,-0.0062,0.0659,0.0000,0.0000,0.0000,1.0000,2.329,,,,,,,
56,Right,1,0.0000,0.0000,0.0000,0.0000,0.0000,0.0000,1.0000,2.329,0.1815,0.1982,0.0407,0.5485,0.3464,-0.6156,0.4473
56,Right,2,-0.0212,-0.0247,0.0383,0.1982,-0.3764,0.7148,0.5550,2.329,,,,,,,
56,Right,3,0.0000,0.0000,0.0325,0.2304,0.0491,-0.0815,0.9684,2.329,,,,,,,
56,Right,4,0.0000,0.0000,0.0338,-0.0889,-0.0674,0.0840,0.9902,2.329,,,,,,,
56,Right,5,0.0007,0.0010,0.0246,0.0000,0.0000,0.0000,1.0000,2.329,,,,,,,
56,Right,6,-0.0153,-0.0138,0.0383,0.0000,0.0000,0.0000,1.0000,2.329,,,,,,,
56,Right,7,-0.0083,0.0065,0.0577,0.4178,0.0474,0.0256,0.9069,2.329,,,,,,,
56,Right,8,0.0000,0.0000,0.0379,0.2610,0.0002,-0.0263,0.9650,2.329,,,,,,,
56,Right,9,0.0000,0.0000,0.0243,0.0789,0.0247,-0.0168,0.9964,2.329,,,,,,,
56,Right,10,0.0003,0.0010,0.0224,0.0000,0.0000,0.0000,1.0000,2.329,,,,,,,
56,Right,11,0.0009,-0.0098,0.0362,0.0000,0.0000,0.0000,1.0000,2.329,,,,,,,
56,Right,12,-0.0026,0.0072,0.0595,0.4004,0.0552,-0.0287,0.9142,2.329,,,,,,,
56,Right,13,0.0000,0.0000,0.0429,0.2338,0.0016,-0.0124,0.9722,2.329,,,,,,,
56,Right,14,0.0000,0.0000,0.0275,0.0673,-0.0024,-0.0501,0.9965,2.329,,,,,,,
56,Right,15,0.0003,0.0011,0.0250,0.0000,0.0000,0.0000,1.0000,2.329,,,,,,,
56,Right,16,0.0150,-0.0060,0.0348,0.0000,0.0000,0.0000,1.0000,2.329,,,,,,,
56,Right,17,0.0025,-0.0005,0.0539,0.3764,0.0707,-0.0786,0.9204,2.329,,,,,,,
56,Right,18,0.0000,0.0000,0.0390,0.1821,-0.0032,-0.0375,0.9826,2.329,,,,,,,
56,Right,19,0.0000,0.0000,0.0266,0.0872,-0.0296,-0.0087,0.9957,2.329,,,,,,,
56,Right,20,0.0003,0.0016,0.0243,0.0000,0.0000,0.0000,1.0000,2.329,,,,,,,
56,Right,21,0.0230,-0.0094,0.0341,0.0183,0.1403,-0.2070,0.9680,2.329,,,,,,,
56,Right,22,0.0000,0.0000,0.0457,0.3125,-0.0106,0.0851,0.9460,2.329,,,,,,,
56,Right,23,0.0000,0.0000,0.0307,0.1724,0.0351,-0.0533,0.9830,2.329,,,,,,,
56,Right,24,0.0000,0.0000,0.0203,0.0447,-0.0491,0.0009,0.9978,2.329,,,,,,,
56,Right,25,-0.0002,0.0012,0.0219,0.0000,0.0000,0.0000,1.0000,2.329,,,,,,,
57,Left,0,0.0032,-0.0045,0.0644,0.0000,0.0000,0.0000,1.0000,2.371,,,,,,,
57,Left,1,0.0000,0.0000,0.0000,0.0000,0.0000,0.0000,1.0000,2.371,-0.0920,0.1704,-0.0261,-0.5125,0.6865,-0.5157,0.0119
57,Left,2,0.0322,-0.0115,0.0322,-0.1786,0.3686,-0.4817,0.7747,2.371,,,,,,,
57,Left,3,0.0000,0.0000,0.0325,-0.0106,-0.0711,0.0832,0.9939,2.371,,,,,,,
57,Left,4,0.0000,0.0000,0.0338,-0.1849,0.0745,-0.0851,0.9762,2.371,,,,,,,
57,Left,5,-0.0007,0.0010,0.0246,0.0000,0.0000,0.0000,1.0000,2.371,,,,,,,
57,Left,6,0.0208,-0.0072,0.0353,0.0000,0.0000,0.0000,1.0000,2.371,,,,,,,
57,Left,7,0.0027,-0.0001,0.0607,0.2362,-0.0858,-0.0208,0.9677,2.371,,,,,,,
57,Left,8,0.0000,0.0000,0.0379,0.1375,-0.0036,0.0263,0.9901,2.371,,,,,,,
57,Left,9,0.0000,0.0000,0.0243,0.0154,-0.0258,0.0165,0.9994,2.371,,,,,,,
57,Left,10,-0.0003,0.0010,0.0224,0.0000,0.0000,0.0000,1.0000,2.371,,,,,,,
57,Left,11,0.0046,-0.0065,0.0331,0.0000,0.0000,0.0000,1.0000,2.371,,,,,,,
57,Left,12,-0.0029,0.0040,0.0625,0.3239,-0.0869,0.0332,0.9415,2.371,,,,,,,
57,Left,13,0.0000,0.0000,0.0429,0.0894,-0.0033,0.0118,0.9959,2.371,,,,,,,
57,Left,14,0.0000,0.0000,0.0275,-0.0142,-0.0012,0.0422,0.9990,2.371,,,,,,,
57,Left,15,-0.0003,0.0011,0.0250,0.0000,0.0000,0.0000,1.0000,2.371,,,,,,,
57,Left,16,-0.0150,-0.0060,0.0348,0.0000,0.0000,0.0000,1.0000,2.371,,,,,,,
57,Left,17,-0.0025,-0.0005,0.0539,0.3204,-0.1032,0.0825,0.9380,2.371,,,,,,,
57,Left,18,0.0000,0.0000,0.0390,0.1102,0.0007,0.0361,0.9933,2.371,,,,,,,
57,Left,19,0.0000,0.0000,0.0266,0.0596,0.0295,0.0074,0.9978,2.371,,,,,,,
57,Left,20,-0.0003,0.0016,0.0243,0.0000,0.0000,0.0000,1.0000,2.371,,,,,,,
57,Left,21,-0.0230,-0.0094,0.0341,0.0183,-0.1403,0.2070,0.9680,2.371,,,,,,,
57,Left,22,0.0000,0.0000,0.0457,0.2393,-0.0598,-0.0691,0.9666,2.371,,,,,,,
57,Left,23,0.0000,0.0000,0.0307,0.1811,-0.0347,0.0540,0.9814,2.371,,,,,,,
57,Left,24,0.0000,0.0000,0.0203,0.0410,0.0491,-0.0009,0.9980,2.371,,,,,,,
57,Left,25,0.0002,0.0012,0.0219,0.0000,0.0000,0.0000,1.0000,2.371,,,,,,,
57,Right,0,-0.0004,-0.0062,0.0659,0.0000,0.0000,0.0000,1.0000,2.371,,,,,,,
57,Right,1,0.0000,0.0000,0.0000,0.0000,0.0000,0.0000,1.0000,2.371,0.1813,0.1984,0.0403,0.5484,0.3460,-0.6154,0.4481
57,Right,2,-0.0212,-0.0246,0.0383,0.1974,-0.3772,0.7142,0.5556,2.371,,,,,,,
57,Right,3,0.0000,0.0000,0.0325,0.2309,0.0491,-0.0815,0.9683,2.371,,,,,,,
57,Right,4,0.0000,0.0000,0.0338,-0.0872,-0.0673,0.0840,0.9904,2.371,,,,,,,
57,Right,5,0.0007,0.0010,0.0246,0.0000,0.0000,0.0000,1.0000,2.371,,,,,,,
57,Right,6,-0.0153,-0.0138,0.0383,0.0000,0.0000,0.0000,1.0000,2.371,,,,,,,
57,Right,7,-0.0082,0.0065,0.0577,0.4179,0.0481,0.0253,0.9069,2.371,,,,,,,
57,Right,8,0.0000,0.0000,0.0379,0.2606,0.0002,-0.0263,0.9651,2.371,,,,,,,
57,Right,9,0.0000,0.0000,0.0243,0.0795,0.0246,-0.0168,0.9964,2.371,,,,,,,
57,Right,10,0.0003,0.0010,0.0224,0.0000,0.0000,0.0000,1.0000,2.371,,,,,,,
57,Right,11,0.0009,-0.0098,0.0362,0.0000,0.0000,0.0000,1.0000,2.371,,,,,,,
57,Right,12,-0.0026,0.0072,0.0595,0.4016,0.0548,-0.0287,0.9137,2.371,,,,,,,
57,Right,13,0.0000,0.0000,0.0429,0.2338,0.0016,-0.0124,0.9722,2.371,,,,,,,
57,Right,14,0.0000,0.0000,0.0275,0.0680,-0.0024,-0.0502,0.9964,2.371,,,,,,,
57,Right,15,0.0003,0.0011,0.0250,0.0000,0.0000,0.0000,1.0000,2.371,,,,,,,
57,Right,16,0.0150,-0.0060,0.0348,0.0000,0.0000,0.0000,1.0000,2.371,,,,,,,
57,Right,17,0.0025,-0.0005,0.0539,0.3779,0.0698,-0.0784,0.9199,2.371,,,,,,,
57,Right,18,0.0000,0.0000,0.0390,0.1832,-0.0032,-0.0376,0.9823,2.371,,,,,,,
57,Right,19,0.0000,0.0000,0.0266,0.0883,-0.0296,-0.0088,0.9956,2.371,,,,,,,
57,Right,20,0.0003,0.0016,0.0243,0.0000,0.0000,0.0000,1.0000,2.371,,,,,,,
57,Right,21,0.0230,-0.0094,0.0341,0.0183,0.1403,-0.2070,0.9680,2.371,,,,,,,
57,Right,22,0.0000,0.0000,0.0457,0.3137,-0.0113,0.0853,0.9456,2.371,,,,,,,
57,Right,23,0.0000,0.0000,0.0307,0.1736,0.0350,-0.0534,0.9827,2.371,,,,,,,
57,Right,24,0.0000,0.0000,0.0203,0.0477,-0.0491,0.0009,0.9977,2.371,,,,,,,
57,Right,25,-0.0002,0.0012,0.0219,0.0000,0.0000,0.0000,1.0000,2.371,,,,,,,
58,Left,0,0.0032,-0.0045,0.0644,0.0000,0.0000,0.0000,1.0000,2.413,,,,,,,
58,Left,1,0.0000,0.0000,0.0000,0.0000,0.0000,0.0000,1.0000,2.413,-0.0916,0.1704,-0.0254,-0.5143,0.6908,-0.5082,0.0103
58,Left,2,0.0322,-0.0115,0.0322,-0.1795,0.3676,-0.4811,0.7754,2.413,,,,,,,
58,Left,3,0.0000,0.0000,0.0325,-0.0111,-0.0711,0.0832,0.9939,2.413,,,,,,,
58,Left,4,0.0000,0.0000,0.0338,-0.1849,0.0745,-0.0851,0.9762,2.413,,,,,,,
58,Left,5,-0.0007,0.0010,0.0246,0.0000,0.0000,0.0000,1.0000,2.413,,,,,,,
58,Left,6,0.0208,-0.0072,0.0353,0.0000,0.0000,0.0000,1.0000,2.413,,,,,,,
58,Left,7,0.0027,-0.0001,0.0607,0.2398,-0.0806,-0.0217,0.9672,2.413,,,,,,,
58,Left,8,0.0000,0.0000,0.0379,0.1369,-0.0036,0.0263,0.9902,2.413,,,,,,,
58,Left,9,0.0000,0.0000,0.0243,0.0150,-0.0258,0.0165,0.9994,2.413,,,,,,,
58,Left,10,-0.0003,0.0010,0.0224,0.0000,0.0000,0.0000,1.0000,2.413,,,,,,,
58,Left,11,0.0046,-0.0065,0.0331,0.0000,0.0000,0.0000,1.0000,2.413,,,,,,,
58,Left,12,-0.0029,0.0040,0.0625,0.3244,-0.0861,0.0330,0.9414,2.413,,,,,,,
58,Left,13,0.0000,0.0000,0.0429,0.0884,-0.0033,0.0118,0.9960,2.413,,,,,,,
58,Left,14,0.0000,0.0000,0.0275,-0.0141,-0.0012,0.0422,0.9990,2.413,,,,,,,
58,Left,15,-0.0003,0.0011,0.0250,0.0000,0.0000,0.0000,1.0000,2.413,,,,,,,
58,Left,16,-0.0150,-0.0060,0.0348,0.0000,0.0000,0.0000,1.0000,2.413,,,,,,,
58,Left,17,-0.0025,-0.0005,0.0539,0.3150,-0.1043,0.0821,0.9398,2.413,,,,,,,
58,Left,18,0.0000,0.0000,0.0390,0.1096,0.0007,0.0361,0.9933,2.413,,,,,,,
58,Left,19,0.0000,0.0000,0.0266,0.0599,0.0295,0.0075,0.9977,2.413,,,,,,,
58,Left,20,-0.0003,0.0016,0.0243,0.0000,0.0000,0.0000,1.0000,2.413,,,,,,,
58,Left,21,-0.0230,-0.0094,0.0341,0.0183,-0.1403,0.2070,0.9680,2.413,,,,,,,
58,Left,22,0.0000,0.0000,0.0457,0.2292,-0.0584,-0.0704,0.9691,2.413,,,,,,,
58,Left,23,0.0000,0.0000,0.0307,0.1810,-0.0347,0.0540,0.9814,2.413,,,,,,,
58,Left,24,0.0000,0.0000,0.0203,0.0404,0.0491,-0.0009,0.9980,2.413,,,,,,,
58,Left,25,0.0002,0.0012,0.0219,0.0000,0.0000,0.0000,1.0000,2.413,,,,,,,
58,Right,0,-0.0004,-0.0062,0.0659,0.0000,0.0000,0.0000,1.0000,2.413,,,,,,,
58,Right,1,0.0000,0.0000,0.0000,0.0000,0.0000,0.0000,1.0000,2.413,0.1812,0.1983,0.0400,0.5489,0.3450,-0.6147,0.4492
58,Right,2,-0.0213,-0.0246,0.0383,0.1970,-0.3778,0.7138,0.5559,2.413,,,,,,,
58,Right,3,0.0000,0.0000,0.0325,0.2315,0.0490,-0.0814,0.9682,2.413,,,,,,,
58,Right,4,0.0000,0.0000,0.0338,-0.0856,-0.0671,0.0840,0.9905,2.413,,,,,,,
58,Right,5,0.0007,0.0010,0.0246,0.0000,0.0000,0.0000,1.0000,2.413,,,,,,,
58,Right,6,-0.0153,-0.0138,0.0383,0.0000,0.0000,0.0000,1.0000,2.413,,,,,,,
58,Right,7,-0.0082,0.0065,0.0577,0.4181,0.0491,0.0249,0.9067,2.413,,,,,,,
58,Right,8,0.0000,0.0000,0.0379,0.2613,0.0002,-0.0263,0.9649,2.413,,,,,,,
58,Right,9,0.0000,0.0000,0.0243,0.0807,0.0246,-0.0168,0.9963,2.413,,,,,,,
58,Right,10,0.0003,0.0010,0.0224,0.0000,0.0000,0.0000,1.0000,2.413,,,,,,,
58,Right,11,0.0009,-0.0098,0.0362,0.0000,0.0000,0.0000,1.0000,2.413,,,,,,,
58,Right,12,-0.0026,0.0072,0.0595,0.4032,0.0545,-0.0287,0.9130,2.413,,,,,,,
58,Right,13,0.0000,0.0000,0.0429,0.2344,0.0016,-0.0124,0.9721,2.413,,,,,,,
58,Right,14,0.0000,0.0000,0.0275,0.0690,-0.0025,-0.0503,0.9963,2.413,,,,,,,
58,Right,15,0.0003,0.0011,0.0250,0.0000,0.0000,0.0000,1.0000,2.413,,,,,,,
58,Right,16,0.0150,-0.0060,0.0348,0.0000,0.0000,0.0000,1.0000,2.413,,,,,,,
58,Right,17,0.0025,-0.0005,0.0539,0.3818,0.0685,-0.0784,0.9183,2.413,,,,,,,
58,Right,18,0.0000,0.0000,0.0390,0.1843,-0.0032,-0.0376,0.9821,2.413,,,,,,,
58,Right,19,0.0000,0.0000,0.0266,0.0896,-0.0296,-0.0088,0.9955,2.413,,,,,,,
58,Right,20,0.0003,0.0016,0.0243,0.0000,0.0000,0.0000,1.0000,2.413,,,,,,,
58,Right,21,0.0230,-0.0094,0.0341,0.0183,0.1403,-0.2070,0.9680,2.413,,,,,,,
58,Right,22,0.0000,0.0000,0.0457,0.3156,-0.0140,0.0861,0.9449,2.413,,,,,,,
58,Right,23,0.0000,0.0000,0.0307,0.1746,0.0350,-0.0535,0.9826,2.413,,,,,,,
58,Right,24,0.0000,0.0000,0.0203,0.0541,-0.0491,0.0009,0.9973,2.413,,,,,,,
58,Right,25,-0.0002,0.0012,0.0219,0.0000,0.0000,0.0000,1.0000,2.413,,,,,,,
59,Left,0,0.0032,-0.0045,0.0644,0.0000,0.0000,0.0000,1.0000,2.454,,,,,,,
59,Left,1,0.0000,0.0000,0.0000,0.0000,0.0000,0.0000,1.0000,2.454,-0.0913,0.1705,-0.0248,-0.5152,0.6914,-0.5064,0.0101
59,Left,2,0.0322,-0.0115,0.0322,-0.1811,0.3656,-0.4799,0.7767,2.454,,,,,,,
59,Left,3,0.0000,0.0000,0.0325,-0.0112,-0.0711,0.0832,0.9939,2.454,,,,,,,
59,Left,4,0.0000,0.0000,0.0338,-0.1846,0.0745,-0.0851,0.9763,2.454,,,,,,,
59,Left,5,-0.0007,0.0010,0.0246,0.0000,0.0000,0.0000,1.0000,2.454,,,,,,,
59,Left,6,0.0208,-0.0072,0.0353,0.0000,0.0000,0.0000,1.0000,2.454,,,,,,,
59,Left,7,0.0027,-0.0001,0.0607,0.2415,-0.0759,-0.0225,0.9672,2.454,,,,,,,
59,Left,8,0.0000,0.0000,0.0379,0.1365,-0.0036,0.0263,0.9903,2.454,,,,,,,
59,Left,9,0.0000,0.0000,0.0243,0.0148,-0.0258,0.0165,0.9994,2.454,,,,,,,
59,Left,10,-0.0003,0.0010,0.0224,0.0000,0.0000,0.0000,1.0000,2.454,,,,,,,
59,Left,11,0.0046,-0.0065,0.0331,0.0000,0.0000,0.0000,1.0000,2.454,,,,,,,
59,Left,12,-0.0029,0.0040,0.0625,0.3243,-0.0855,0.0328,0.9415,2.454,,,,,,,
59,Left,13,0.0000,0.0000,0.0429,0.0869,-0.0034,0.0118,0.9961,2.454,,,,,,,
59,Left,14,0.0000,0.0000,0.0275,-0.0142,-0.0012,0.0422,0.9990,2.454,,,,,,,
59,Left,15,-0.0003,0.0011,0.0250,0.0000,0.0000,0.0000,1.0000,2.454,,,,,,,
59,Left,16,-0.0150,-0.0060,0.0348,0.0000,0.0000,0.0000,1.0000,2.454,,,,,,,
59,Left,17,-0.0025,-0.0005,0.0539,0.3088,-0.1051,0.0815,0.9418,2.454,,,,,,,
59,Left,18,0.0000,0.0000,0.0390,0.1087,0.0007,0.0360,0.9934,2.454,,,,,,,
59,Left,19,0.0000,0.0000,0.0266,0.0600,0.0295,0.0075,0.9977,2.454,,,,,,,
59,Left,20,-0.0003,0.0016,0.0243,0.0000,0.0000,0.0000,1.0000,2.454,,,,,,,
59,Left,21,-0.0230,-0.0094,0.0341,0.0183,-0.1403,0.2070,0.9680,2.454,,,,,,,
59,Left,22,0.0000,0.0000,0.0457,0.2243,-0.0574,-0.0710,0.9702,2.454,,,,,,,
59,Left,23,0.0000,0.0000,0.0307,0.1811,-0.0347,0.0540,0.9814,2.454,,,,,,,
59,Left,24,0.0000,0.0000,0.0203,0.0402,0.0491,-0.0009,0.9980,2.454,,,,,,,
59,Left,25,0.0002,0.0012,0.0219,0.0000,0.0000,0.0000,1.0000,2.454,,,,,,,
59,Right,0,-0.0004,-0.0062,0.0659,0.0000,0.0000,0.0000,1.0000,2.454,,,,,,,
59,Right,1,0.0000,0.0000,0.0000,0.0000,0.0000,0.0000,1.0000,2.454,0.1809,0.1983,0.0396,0.5493,0.3446,-0.6136,0.4506
59,Right,2,-0.0213,-0.0246,0.0383,0.1970,-0.3784,0.7135,0.5558,2.454,,,,,,,
59,Right,3,0.0000,0.0000,0.0325,0.2323,0.0489,-0.0814,0.9680,2.454,,,,,,,
59,Right,4,0.0000,0.0000,0.0338,-0.0840,-0.0670,0.0839,0.9907,2.454,,,,,,,
59,Right,5,0.0007,0.0010,0.0246,0.0000,0.0000,0.0000,1.0000,2.454,,,,,,,
59,Right,6,-0.0154,-0.0138,0.0383,0.0000,0.0000,0.0000,1.0000,2.454,,,,,,,
59,Right,7,-0.0082,0.0064,0.0577,0.4187,0.0502,0.0245,0.9064,2.454,,,,,,,
59,Right,8,0.0000,0.0000,0.0379,0.2619,0.0002,-0.0263,0.9647,2.454,,,,,,,
59,Right,9,0.0000,0.0000,0.0243,0.0818,0.0246,-0.0168,0.9962,2.454,,,,,,,
59,Right,10,0.0003,0.0010,0.0224,0.0000,0.0000,0.0000,1.0000,2.454,,,,,,,
59,Right,11,0.0009,-0.0098,0.0362,0.0000,0.0000,0.0000,1.0000,2.454,,,,,,,
59,Right,12,-0.0026,0.0072,0.0595,0.4048,0.0546,-0.0288,0.9123,2.454,,,,,,,
59,Right,13,0.0000,0.0000,0.0429,0.2350,0.0016,-0.0124,0.9719,2.454,,,,,,,
59,Right,14,0.0000,0.0000,0.0275,0.0699,-0.0025,-0.0504,0.9963,2.454,,,,,,,
59,Right,15,0.0003,0.0011,0.0250,0.0000,0.0000,0.0000,1.0000,2.454,,,,,,,
59,Right,16,0.0150,-0.0060,0.0348,0.0000,0.0000,0.0000,1.0000,2.454,,,,,,,
59,Right,17,0.0025,-0.0005,0.0539,0.3853,0.0675,-0.0784,0.9170,2.454,,,,,,,
59,Right,18,0.0000,0.0000,0.0390,0.1851,-0.0033,-0.0376,0.9820,2.454,,,,,,,
59,Right,19,0.0000,0.0000,0.0266,0.0908,-0.0296,-0.0089,0.9954,2.454,,,,,,,
59,Right,20,0.0003,0.0016,0.0243,0.0000,0.0000,0.0000,1.0000,2.454,,,,,,,
59,Right,21,0.0230,-0.0094,0.0341,0.0183,0.1403,-0.2070,0.9680,2.454,,,,,,,
59,Right,22,0.0000,0.0000,0.0457,0.3183,-0.0163,0.0868,0.9439,2.454,,,,,,,
59,Right,23,0.0000,0.0000,0.0307,0.1750,0.0349,-0.0535,0.9825,2.454,,,,,,,
59,Right,24,0.0000,0.0000,0.0203,0.0571,-0.0490,0.0009,0.9972,2.454,,,,,,,
59,Right,25,-0.0002,0.0012,0.0219,0.0000,0.0000,0.0000,1.0000,2.454,,,,,,,
60,Left,0,0.0032,-0.0045,0.0644,0.0000,0.0000,0.0000,1.0000,2.496,,,,,,,
60,Left,1,0.0000,0.0000,0.0000,0.0000,0.0000,0.0000,1.0000,2.496,-0.0906,0.1706,-0.0239,-0.5151,0.6923,-0.5052,0.0106
60,Left,2,0.0322,-0.0115,0.0322,-0.1828,0.3632,-0.4788,0.7781,2.496,,,,,,,
60,Left,3,0.0000,0.0000,0.0325,-0.0115,-0.0712,0.0832,0.9939,2.496,,,,,,,
60,Left,4,0.0000,0.0000,0.0338,-0.1846,0.0745,-0.0851,0.9763,2.496,,,,,,,
60,Left,5,-0.0007,0.0010,0.0246,0.0000,0.0000,0.0000,1.0000,2.496,,,,,,,
60,Left,6,0.0208,-0.0072,0.0353,0.0000,0.0000,0.0000,1.0000,2.496,,,,,,,
60,Left,7,0.0027,-0.0001,0.0607,0.2431,-0.0736,-0.0229,0.9669,2.496,,,,,,,
60,Left,8,0.0000,0.0000,0.0379,0.1369,-0.0036,0.0263,0.9902,2.496,,,,,,,
60,Left,9,0.0000,0.0000,0.0243,0.0153,-0.0258,0.0165,0.9994,2.496,,,,,,,
60,Left,10,-0.0003,0.0010,0.0224,0.0000,0.0000,0.0000,1.0000,2.496,,,,,,,
60,Left,11,0.0046,-0.0065,0.0331,0.0000,0.0000,0.0000,1.0000,2.496,,,,,,,
60,Left,12,-0.0029,0.0039,0.0625,0.3241,-0.0845,0.0325,0.9417,2.496,,,,,,,
60,Left,13,0.0000,0.0000,0.0429,0.0854,-0.0034,0.0117,0.9963,2.496,,,,,,,
60,Left,14,0.0000,0.0000,0.0275,-0.0142,-0.0012,0.0422,0.9990,2.496,,,,,,,
60,Left,15,-0.0003,0.0011,0.0250,0.0000,0.0000,0.0000,1.0000,2.496,,,,,,,
60,Left,16,-0.0150,-0.0060,0.0348,0.0000,0.0000,0.0000,1.0000,2.496,,,,,,,
60,Left,17,-0.0025,-0.0005,0.0539,0.3064,-0.1051,0.0812,0.9426,2.496,,,,,,,
60,Left,18,0.0000,0.0000,0.0390,0.1079,0.0007,0.0360,0.9935,2.496,,,,,,,
60,Left,19,0.0000,0.0000,0.0266,0.0600,0.0295,0.0075,0.9977,2.496,,,,,,,
60,Left,20,-0.0003,0.0016,0.0243,0.0000,0.0000,0.0000,1.0000,2.496,,,,,,,
60,Left,21,-0.0230,-0.0094,0.0341,0.0183,-0.1403,0.2070,0.9680,2.496,,,,,,,
60,Left,22,0.0000,0.0000,0.0457,0.2231,-0.0573,-0.0712,0.9705,2.496,,,,,,,
60,Left,23,0.0000,0.0000,0.0307,0.1814,-0.0347,0.0541,0.9813,2.496,,,,,,,
60,Left,24,0.0000,0.0000,0.0203,0.0403,0.0491,-0.0009,0.9980,2.496,,,,,,,
60,Left,25,0.0002,0.0012,0.0219,0.0000,0.0000,0.0000,1.0000,2.496,,,,,,,
60,Right,0,-0.0004,-0.0062,0.0659,0.0000,0.0000,0.0000,1.0000,2.496,,,,,,,
60,Right,1,0.0000,0.0000,0.0000,0.0000,0.0000,0.0000,1.0000,2.496,0.1811,0.1981,0.0394,0.5519,0.3435,-0.6114,0.4512
60,Right,2,-0.0213,-0.0246,0.0383,0.1973,-0.3787,0.7134,0.5557,2.496,,,,,,,
60,Right,3,0.0000,0.0000,0.0325,0.2331,0.0488,-0.0814,0.9678,2.496,,,,,,,
60,Right,4,0.0000,0.0000,0.0338,-0.0827,-0.0669,0.0839,0.9908,2.496,,,,,,,
60,Right,5,0.0007,0.0010,0.0246,0.0000,0.0000,0.0000,1.0000,2.496,,,,,,,
60,Right,6,-0.0154,-0.0138,0.0383,0.0000,0.0000,0.0000,1.0000,2.496,,,,,,,
60,Right,7,-0.0082,0.0064,0.0577,0.4190,0.0512,0.0241,0.9062,2.496,,,,,,,
60,Right,8,0.0000,0.0000,0.0379,0.2622,0.0002,-0.0263,0.9647,2.496,,,,,,,
60,Right,9,0.0000,0.0000,0.0243,0.0827,0.0246,-0.0168,0.9961,2.496,,,,,,,
60,Right,10,0.0003,0.0010,0.0224,0.0000,0.0000,0.0000,1.0000,2.496,,,,,,,
60,Right,11,0.0009,-0.0098,0.0362,0.0000,0.0000,0.0000,1.0000,2.496,,,,,,,
60,Right,12,-0.0026,0.0072,0.0595,0.4061,0.0546,-0.0289,0.9117,2.496,,,,,,,
60,Right,13,0.0000,0.0000,0.0429,0.2361,0.0016,-0.0124,0.9717,2.496,,,,,,,
60,Right,14,0.0000,0.0000,0.0275,0.0712,-0.0026,-0.0505,0.9962,2.496,,,,,,,
60,Right,15,0.0003,0.0011,0.0250,0.0000,0.0000,0.0000,1.0000,2.496,,,,,,,
60,Right,16,0.0150,-0.0060,0.0348,0.0000,0.0000,0.0000,1.0000,2.496,,,,,,,
60,Right,17,0.0025,-0.0005,0.0539,0.3872,0.0665,-0.0782,0.9163,2.496,,,,,,,
60,Right,18,0.0000,0.0000,0.0390,0.1858,-0.0033,-0.0376,0.9819,2.496,,,,,,,
60,Right,19,0.0000,0.0000,0.0266,0.0919,-0.0296,-0.0089,0.9953,2.496,,,,,,,
60,Right,20,0.0003,0.0016,0.0243,0.0000,0.0000,0.0000,1.0000,2.496,,,,,,,
60,Right,21,0.0230,-0.0094,0.0341,0.0183,0.1403,-0.2070,0.9680,2.496,,,,,,,
60,Right,22,0.0000,0.0000,0.0457,0.3207,-0.0208,0.0882,0.9428,2.496,,,,,,,
60,Right,23,0.0000,0.0000,0.0307,0.1752,0.0349,-0.0536,0.9824,2.496,,,,,,,
60,Right,24,0.0000,0.0000,0.0203,0.0591,-0.0490,0.0009,0.9970,2.496,,,,,,,
60,Right,25,-0.0002,0.0012,0.0219,0.0000,0.0000,0.0000,1.0000,2.496,,,,,,,
61,Left,0,0.0032,-0.0045,0.0644,0.0000,0.0000,0.0000,1.0000,2.537,,,,,,,
61,Left,1,0.0000,0.0000,0.0000,0.0000,0.0000,0.0000,1.0000,2.537,-0.0899,0.1707,-0.0236,-0.5148,0.6927,-0.5051,0.0108
61,Left,2,0.0322,-0.0114,0.0322,-0.1839,0.3621,-0.4780,0.7788,2.537,,,,,,,
61,Left,3,0.0000,0.0000,0.0325,-0.0112,-0.0711,0.0832,0.9939,2.537,,,,,,,
61,Left,4,0.0000,0.0000,0.0338,-0.1848,0.0745,-0.0851,0.9762,2.537,,,,,,,
61,Left,5,-0.0007,0.0010,0.0246,0.0000,0.0000,0.0000,1.0000,2.537,,,,,,,
61,Left,6,0.0208,-0.0072,0.0353,0.0000,0.0000,0.0000,1.0000,2.537,,,,,,,
61,Left,7,0.0027,-0.0001,0.0607,0.2493,-0.0730,-0.0228,0.9654,2.537,,,,,,,
61,Left,8,0.0000,0.0000,0.0379,0.1387,-0.0035,0.0263,0.9900,2.537,,,,,,,
61,Left,9,0.0000,0.0000,0.0243,0.0168,-0.0258,0.0165,0.9994,2.537,,,,,,,
61,Left,10,-0.0003,0.0010,0.0224,0.0000,0.0000,0.0000,1.0000,2.537,,,,,,,
61,Left,11,0.0046,-0.0065,0.0331,0.0000,0.0000,0.0000,1.0000,2.537,,,,,,,
61,Left,12,-0.0029,0.0039,0.0625,0.3242,-0.0835,0.0322,0.9417,2.537,,,,,,,
61,Left,13,0.0000,0.0000,0.0429,0.0845,-0.0034,0.0117,0.9963,2.537,,,,,,,
61,Left,14,0.0000,0.0000,0.0275,-0.0140,-0.0012,0.0423,0.9990,2.537,,,,,,,
61,Left,15,-0.0003,0.0011,0.0250,0.0000,0.0000,0.0000,1.0000,2.537,,,,,,,
61,Left,16,-0.0150,-0.0060,0.0348,0.0000,0.0000,0.0000,1.0000,2.537,,,,,,,
61,Left,17,-0.0025,-0.0005,0.0539,0.3060,-0.1048,0.0811,0.9428,2.537,,,,,,,
61,Left,18,0.0000,0.0000,0.0390,0.1079,0.0007,0.0360,0.9935,2.537,,,,,,,
61,Left,19,0.0000,0.0000,0.0266,0.0606,0.0295,0.0075,0.9977,2.537,,,,,,,
61,Left,20,-0.0003,0.0016,0.0243,0.0000,0.0000,0.0000,1.0000,2.537,,,,,,,
61,Left,21,-0.0230,-0.0094,0.0341,0.0183,-0.1403,0.2070,0.9680,2.537,,,,,,,
61,Left,22,0.0000,0.0000,0.0457,0.2230,-0.0581,-0.0710,0.9705,2.537,,,,,,,
61,Left,23,0.0000,0.0000,0.0307,0.1817,-0.0346,0.0541,0.9813,2.537,,,,,,,
61,Left,24,0.0000,0.0000,0.0203,0.0407,0.0491,-0.0009,0.9980,2.537,,,,,,,
61,Left,25,0.0002,0.0012,0.0219,0.0000,0.0000,0.0000,1.0000,2.537,,,,,,,
61,Right,0,-0.0004,-0.0062,0.0659,0.0000,0.0000,0.0000,1.0000,2.537,,,,,,,
61,Right,1,0.0000,0.0000,0.0000,0.0000,0.0000,0.0000,1.0000,2.537,0.1810,0.1980,0.0396,0.5555,0.3453,-0.6073,0.4509
61,Right,2,-0.0213,-0.0246,0.0383,0.1977,-0.3794,0.7131,0.5554,2.537,,,,,,,
61,Right,3,0.0000,0.0000,0.0325,0.2354,0.0486,-0.0814,0.9673,2.537,,,,,,,
61,Right,4,0.0000,0.0000,0.0338,-0.0816,-0.0668,0.0839,0.9909,2.537,,,,,,,
61,Right,5,0.0007,0.0010,0.0246,0.0000,0.0000,0.0000,1.0000,2.537,,,,,,,
61,Right,6,-0.0154,-0.0138,0.0383,0.0000,0.0000,0.0000,1.0000,2.537,,,,,,,
61,Right,7,-0.0082,0.0064,0.0577,0.4200,0.0520,0.0237,0.9057,2.537,,,,,,,
61,Right,8,0.0000,0.0000,0.0379,0.2626,0.0002,-0.0263,0.9645,2.537,,,,,,,
61,Right,9,0.0000,0.0000,0.0243,0.0836,0.0246,-0.0168,0.9961,2.537,,,,,,,
61,Right,10,0.0003,0.0010,0.0224,0.0000,0.0000,0.0000,1.0000,2.537,,,,,,,
61,Right,11,0.0008,-0.0098,0.0362,0.0000,0.0000,0.0000,1.0000,2.537,,,,,,,
61,Right,12,-0.0026,0.0072,0.0595,0.4125,0.0544,-0.0292,0.9089,2.537,,,,,,,
61,Right,13,0.0000,0.0000,0.0429,0.2372,0.0016,-0.0124,0.9714,2.537,,,,,,,
61,Right,14,0.0000,0.0000,0.0275,0.0726,-0.0026,-0.0506,0.9961,2.537,,,,,,,
61,Right,15,0.0003,0.0011,0.0250,0.0000,0.0000,0.0000,1.0000,2.537,,,,,,,
61,Right,16,0.0150,-0.0060,0.0348,0.0000,0.0000,0.0000,1.0000,2.537,,,,,,,
61,Right,17,0.0025,-0.0005,0.0539,0.3951,0.0651,-0.0785,0.9129,2.537,,,,,,,
61,Right,18,0.0000,0.0000,0.0390,0.1873,-0.0033,-0.0376,0.9816,2.537,,,,,,,
61,Right,19,0.0000,0.0000,0.0266,0.0935,-0.0296,-0.0090,0.9951,2.537,,,,,,,
61,Right,20,0.0003,0.0016,0.0243,0.0000,0.0000,0.0000,1.0000,2.537,,,,,,,
61,Right,21,0.0230,-0.0094,0.0341,0.0183,0.1403,-0.2070,0.9680,2.537,,,,,,,
61,Right,22,0.0000,0.0000,0.0457,0.3298,-0.0214,0.0885,0.9397,2.537,,,,,,,
61,Right,23,0.0000,0.0000,0.0307,0.1768,0.0349,-0.0537,0.9822,2.537,,,,,,,
61,Right,24,0.0000,0.0000,0.0203,0.0658,-0.0490,0.0010,0.9966,2.537,,,,,,,
61,Right,25,-0.0002,0.0012,0.0219,0.0000,0.0000,0.0000,1.0000,2.537,,,,,,,
62,Left,0,0.0032,-0.0045,0.0644,0.0000,0.0000,0.0000,1.0000,2.579,,,,,,,
62,Left,1,0.0000,0.0000,0.0000,0.0000,0.0000,0.0000,1.0000,2.579,-0.0894,0.1707,-0.0238,-0.5153,0.6927,-0.5044,0.0103
62,Left,2,0.0322,-0.0114,0.0321,-0.1851,0.3609,-0.4770,0.7797,2.579,,,,,,,
62,Left,3,0.0000,0.0000,0.0325,-0.0119,-0.0712,0.0832,0.9939,2.579,,,,,,,
62,Left,4,0.0000,0.0000,0.0338,-0.1849,0.0745,-0.0851,0.9762,2.579,,,,,,,
62,Left,5,-0.0007,0.0010,0.0246,0.0000,0.0000,0.0000,1.0000,2.579,,,,,,,
62,Left,6,0.0208,-0.0072,0.0353,0.0000,0.0000,0.0000,1.0000,2.579,,,,,,,
62,Left,7,0.0027,-0.0001,0.0607,0.2509,-0.0711,-0.0231,0.9651,2.579,,,,,,,
62,Left,8,0.0000,0.0000,0.0379,0.1390,-0.0035,0.0263,0.9899,2.579,,,,,,,
62,Left,9,0.0000,0.0000,0.0243,0.0170,-0.0257,0.0165,0.9994,2.579,,,,,,,
62,Left,10,-0.0003,0.0010,0.0224,0.0000,0.0000,0.0000,1.0000,2.579,,,,,,,
62,Left,11,0.0046,-0.0065,0.0331,0.0000,0.0000,0.0000,1.0000,2.579,,,,,,,
62,Left,12,-0.0029,0.0039,0.0625,0.3244,-0.0817,0.0317,0.9419,2.579,,,,,,,
62,Left,13,0.0000,0.0000,0.0429,0.0833,-0.0034,0.0117,0.9964,2.579,,,,,,,
62,Left,14,0.0000,0.0000,0.0275,-0.0140,-0.0012,0.0423,0.9990,2.579,,,,,,,
62,Left,15,-0.0003,0.0011,0.0250,0.0000,0.0000,0.0000,1.0000,2.579,,,,,,,
62,Left,16,-0.0150,-0.0060,0.0348,0.0000,0.0000,0.0000,1.0000,2.579,,,,,,,
62,Left,17,-0.0025,-0.0005,0.0539,0.3051,-0.1048,0.0810,0.9431,2.579,,,,,,,
62,Left,18,0.0000,0.0000,0.0390,0.1073,0.0006,0.0360,0.9936,2.579,,,,,,,
62,Left,19,0.0000,0.0000,0.0266,0.0608,0.0295,0.0075,0.9977,2.579,,,,,,,
62,Left,20,-0.0003,0.0016,0.0243,0.0000,0.0000,0.0000,1.0000,2.579,,,,,,,
62,Left,21,-0.0230,-0.0094,0.0341,0.0183,-0.1403,0.2070,0.9680,2.579,,,,,,,
62,Left,22,0.0000,0.0000,0.0457,0.2227,-0.0639,-0.0697,0.9703,2.579,,,,,,,
62,Left,23,0.0000,0.0000,0.0307,0.1816,-0.0346,0.0541,0.9813,2.579,,,,,,,
62,Left,24,0.0000,0.0000,0.0203,0.0403,0.0491,-0.0009,0.9980,2.579,,,,,,,
62,Left,25,0.0002,0.0012,0.0219,0.0000,0.0000,0.0000,1.0000,2.579,,,,,,,
62,Right,0,-0.0005,-0.0062,0.0659,0.0000,0.0000,0.0000,1.0000,2.579,,,,,,,
62,Right,1,0.0000,0.0000,0.0000,0.0000,0.0000,0.0000,1.0000,2.579,0.1809,0.1980,0.0396,0.5597,0.3441,-0.6026,0.4530
62,Right,2,-0.0214,-0.0246,0.0383,0.1973,-0.3804,0.7125,0.5556,2.579,,,,,,,
62,Right,3,0.0000,0.0000,0.0325,0.2369,0.0485,-0.0813,0.9669,2.579,,,,,,,
62,Right,4,0.0000,0.0000,0.0338,-0.0808,-0.0668,0.0839,0.9909,2.579,,,,,,,
62,Right,5,0.0007,0.0010,0.0246,0.0000,0.0000,0.0000,1.0000,2.579,,,,,,,
62,Right,6,-0.0154,-0.0137,0.0383,0.0000,0.0000,0.0000,1.0000,2.579,,,,,,,
62,Right,7,-0.0082,0.0064,0.0577,0.4208,0.0522,0.0236,0.9054,2.579,,,,,,,
62,Right,8,0.0000,0.0000,0.0379,0.2627,0.0002,-0.0263,0.9645,2.579,,,,,,,
62,Right,9,0.0000,0.0000,0.0243,0.0844,0.0246,-0.0168,0.9960,2.579,,,,,,,
62,Right,10,0.0003,0.0010,0.0224,0.0000,0.0000,0.0000,1.0000,2.579,,,,,,,
62,Right,11,0.0008,-0.0098,0.0362,0.0000,0.0000,0.0000,1.0000,2.579,,,,,,,
62,Right,12,-0.0025,0.0072,0.0595,0.4136,0.0544,-0.0293,0.9084,2.579,,,,,,,
62,Right,13,0.0000,0.0000,0.0429,0.2413,0.0015,-0.0125,0.9704,2.579,,,,,,,
62,Right,14,0.0000,0.0000,0.0275,0.0768,-0.0028,-0.0510,0.9957,2.579,,,,,,,
62,Right,15,0.0003,0.0011,0.0250,0.0000,0.0000,0.0000,1.0000,2.579,,,,,,,
62,Right,16,0.0150,-0.0060,0.0348,0.0000,0.0000,0.0000,1.0000,2.579,,,,,,,
62,Right,17,0.0025,-0.0005,0.0539,0.3967,0.0644,-0.0783,0.9123,2.579,,,,,,,
62,Right,18,0.0000,0.0000,0.0390,0.1975,-0.0037,-0.0378,0.9796,2.579,,,,,,,
62,Right,19,0.0000,0.0000,0.0266,0.1011,-0.0296,-0.0094,0.9944,2.579,,,,,,,
62,Right,20,0.0003,0.0016,0.0243,0.0000,0.0000,0.0000,1.0000,2.579,,,,,,,
62,Right,21,0.0230,-0.0094,0.0341,0.0183,0.1403,-0.2070,0.9680,2.579,,,,,,,
62,Right,22,0.0000,0.0000,0.0457,0.3313,-0.0225,0.0889,0.9391,2.579,,,,,,,
62,Right,23,0.0000,0.0000,0.0307,0.1801,0.0347,-0.0540,0.9815,2.579,,,,,,,
62,Right,24,0.0000,0.0000,0.0203,0.0760,-0.0490,0.0010,0.9959,2.579,,,,,,,
62,Right,25,-0.0002,0.0012,0.0219,0.0000,0.0000,0.0000,1.0000,2.579,,,,,,,
63,Left,0,0.0032,-0.0045,0.0644,0.0000,0.0000,0.0000,1.0000,2.621,,,,,,,
63,Left,1,0.0000,0.0000,0.0000,0.0000,0.0000,0.0000,1.0000,2.621,-0.0889,0.1707,-0.0237,-0.5157,0.6932,-0.5034,0.0097
63,Left,2,0.0322,-0.0114,0.0321,-0.1865,0.3596,-0.4759,0.7807,2.621,,,,,,,
63,Left,3,0.0000,0.0000,0.0325,-0.0118,-0.0712,0.0832,0.9939,2.621,,,,,,,
63,Left,4,0.0000,0.0000,0.0338,-0.1850,0.0745,-0.0851,0.9762,2.621,,,,,,,
63,Left,5,-0.0007,0.0010,0.0246,0.0000,0.0000,0.0000,1.0000,2.621,,,,,,,
63,Left,6,0.0208,-0.0072,0.0353,0.0000,0.0000,0.0000,1.0000,2.621,,,,,,,
63,Left,7,0.0027,-0.0002,0.0607,0.2526,-0.0687,-0.0235,0.9648,2.621,,,,,,,
63,Left,8,0.0000,0.0000,0.0379,0.1388,-0.0035,0.0263,0.9900,2.621,,,,,,,
63,Left,9,0.0000,0.0000,0.0243,0.0165,-0.0258,0.0165,0.9994,2.621,,,,,,,
63,Left,10,-0.0003,0.0010,0.0224,0.0000,0.0000,0.0000,1.0000,2.621,,,,,,,
63,Left,11,0.0046,-0.0065,0.0331,0.0000,0.0000,0.0000,1.0000,2.621,,,,,,,
63,Left,12,-0.0029,0.0039,0.0625,0.3242,-0.0807,0.0314,0.9420,2.621,,,,,,,
63,Left,13,0.0000,0.0000,0.0429,0.0819,-0.0034,0.0117,0.9966,2.621,,,,,,,
63,Left,14,0.0000,0.0000,0.0275,-0.0143,-0.0012,0.0422,0.9990,2.621,,,,,,,
63,Left,15,-0.0003,0.0011,0.0250,0.0000,0.0000,0.0000,1.0000,2.621,,,,,,,
63,Left,16,-0.0150,-0.0060,0.0348,0.0000,0.0000,0.0000,1.0000,2.621,,,,,,,
63,Left,17,-0.0025,-0.0005,0.0539,0.3039,-0.1054,0.0810,0.9434,2.621,,,,,,,
63,Left,18,0.0000,0.0000,0.0390,0.1064,0.0006,0.0360,0.9937,2.621,,,,,,,
63,Left,19,0.0000,0.0000,0.0266,0.0608,0.0295,0.0075,0.9977,2.621,,,,,,,
63,Left,20,-0.0003,0.0016,0.0243,0.0000,0.0000,0.0000,1.0000,2.621,,,,,,,
63,Left,21,-0.0230,-0.0094,0.0341,0.0183,-0.1403,0.2070,0.9680,2.621,,,,,,,
63,Left,22,0.0000,0.0000,0.0457,0.2224,-0.0655,-0.0693,0.9703,2.621,,,,,,,
63,Left,23,0.0000,0.0000,0.0307,0.1807,-0.0347,0.0540,0.9814,2.621,,,,,,,
63,Left,24,0.0000,0.0000,0.0203,0.0394,0.0491,-0.0009,0.9980,2.621,,,,,,,
63,Left,25,0.0002,0.0012,0.0219,0.0000,0.0000,0.0000,1.0000,2.621,,,,,,,
63,Right,0,-0.0005,-0.0061,0.0659,0.0000,0.0000,0.0000,1.0000,2.621,,,,,,,
63,Right,1,0.0000,0.0000,0.0000,0.0000,0.0000,0.0000,1.0000,2.621,0.1808,0.1980,0.0393,0.5610,0.3432,-0.6002,0.4553
63,Right,2,-0.0214,-0.0245,0.0382,0.1966,-0.3815,0.7118,0.5560,2.621,,,,,,,
63,Right,3,0.0000,0.0000,0.0325,0.2377,0.0484,-0.0813,0.9667,2.621,,,,,,,
63,Right,4,0.0000,0.0000,0.0338,-0.0803,-0.0667,0.0839,0.9910,2.621,,,,,,,
63,Right,5,0.0007,0.0010,0.0246,0.0000,0.0000,0.0000,1.0000,2.621,,,,,,,
63,Right,6,-0.0154,-0.0137,0.0383,0.0000,0.0000,0.0000,1.0000,2.621,,,,,,,
63,Right,7,-0.0081,0.0064,0.0577,0.4214,0.0523,0.0236,0.9051,2.621,,,,,,,
63,Right,8,0.0000,0.0000,0.0379,0.2627,0.0002,-0.0263,0.9645,2.621,,,,,,,
63,Right,9,0.0000,0.0000,0.0243,0.0850,0.0245,-0.0168,0.9959,2.621,,,,,,,
63,Right,10,0.0003,0.0010,0.0224,0.0000,0.0000,0.0000,1.0000,2.621,,,,,,,
63,Right,11,0.0008,-0.0098,0.0362,0.0000,0.0000,0.0000,1.0000,2.621,,,,,,,
63,Right,12,-0.0025,0.0072,0.0595,0.4146,0.0545,-0.0294,0.9079,2.621,,,,,,,
63,Right,13,0.0000,0.0000,0.0429,0.2454,0.0015,-0.0125,0.9693,2.621,,,,,,,
63,Right,14,0.0000,0.0000,0.0275,0.0822,-0.0030,-0.0515,0.9953,2.621,,,,,,,
63,Right,15,0.0003,0.0011,0.0250,0.0000,0.0000,0.0000,1.0000,2.621,,,,,,,
63,Right,16,0.0150,-0.0060,0.0348,0.0000,0.0000,0.0000,1.0000,2.621,,,,,,,
63,Right,17,0.0025,-0.0005,0.0539,0.3990,0.0638,-0.0783,0.9114,2.621,,,,,,,
63,Right,18,0.0000,0.0000,0.0390,0.2053,-0.0040,-0.0380,0.9780,2.621,,,,,,,
63,Right,19,0.0000,0.0000,0.0266,0.1100,-0.0296,-0.0098,0.9934,2.621,,,,,,,
63,Right,20,0.0003,0.0016,0.0243,0.0000,0.0000,0.0000,1.0000,2.621,,,,,,,
63,Right,21,0.0230,-0.0094,0.0341,0.0183,0.1403,-0.2070,0.9680,2.621,,,,,,,
63,Right,22,0.0000,0.0000,0.0457,0.3338,-0.0234,0.0892,0.9381,2.621,,,,,,,
63,Right,23,0.0000,0.0000,0.0307,0.1832,0.0346,-0.0542,0.9810,2.621,,,,,,,
63,Right,24,0.0000,0.0000,0.0203,0.0833,-0.0489,0.0010,0.9953,2.621,,,,,,,
63,Right,25,-0.0002,0.0012,0.0219,0.0000,0.0000,0.0000,1.0000,2.621,,,,,,,
64,Left,0,0.0032,-0.0045,0.0644,0.0000,0.0000,0.0000,1.0000,2.663,,,,,,,
64,Left,1,0.0000,0.0000,0.0000,0.0000,0.0000,0.0000,1.0000,2.663,-0.0885,0.1706,-0.0238,-0.5161,0.6934,-0.5027,0.0092
64,Left,2,0.0322,-0.0113,0.0321,-0.1877,0.3587,-0.4748,0.7815,2.663,,,,,,,
64,Left,3,0.0000,0.0000,0.0325,-0.0118,-0.0712,0.0832,0.9939,2.663,,,,,,,
64,Left,4,0.0000,0.0000,0.0338,-0.1851,0.0745,-0.0851,0.9762,2.663,,,,,,,
64,Left,5,-0.0007,0.0010,0.0246,0.0000,0.0000,0.0000,1.0000,2.663,,,,,,,
64,Left,6,0.0208,-0.0071,0.0353,0.0000,0.0000,0.0000,1.0000,2.663,,,,,,,
64,Left,7,0.0027,-0.0002,0.0607,0.2538,-0.0674,-0.0237,0.9646,2.663,,,,,,,
64,Left,8,0.0000,0.0000,0.0379,0.1378,-0.0036,0.0263,0.9901,2.663,,,,,,,
64,Left,9,0.0000,0.0000,0.0243,0.0155,-0.0258,0.0165,0.9994,2.663,,,,,,,
64,Left,10,-0.0003,0.0010,0.0224,0.0000,0.0000,0.0000,1.0000,2.663,,,,,,,
64,Left,11,0.0046,-0.0065,0.0331,0.0000,0.0000,0.0000,1.0000,2.663,,,,,,,
64,Left,12,-0.0029,0.0039,0.0626,0.3233,-0.0799,0.0310,0.9424,2.663,,,,,,,
64,Left,13,0.0000,0.0000,0.0429,0.0802,-0.0034,0.0117,0.9967,2.663,,,,,,,
64,Left,14,0.0000,0.0000,0.0275,-0.0148,-0.0012,0.0422,0.9990,2.663,,,,,,,
64,Left,15,-0.0003,0.0011,0.0250,0.0000,0.0000,0.0000,1.0000,2.663,,,,,,,
64,Left,16,-0.0150,-0.0060,0.0348,0.0000,0.0000,0.0000,1.0000,2.663,,,,,,,
64,Left,17,-0.0025,-0.0005,0.0539,0.3025,-0.1061,0.0810,0.9438,2.663,,,,,,,
64,Left,18,0.0000,0.0000,0.0390,0.1050,0.0006,0.0360,0.9938,2.663,,,,,,,
64,Left,19,0.0000,0.0000,0.0266,0.0603,0.0295,0.0075,0.9977,2.663,,,,,,,
64,Left,20,-0.0003,0.0016,0.0243,0.0000,0.0000,0.0000,1.0000,2.663,,,,,,,
64,Left,21,-0.0230,-0.0094,0.0341,0.0183,-0.1403,0.2070,0.9680,2.663,,,,,,,
64,Left,22,0.0000,0.0000,0.0457,0.2220,-0.0671,-0.0690,0.9703,2.663,,,,,,,
64,Left,23,0.0000,0.0000,0.0307,0.1791,-0.0348,0.0539,0.9817,2.663,,,,,,,
64,Left,24,0.0000,0.0000,0.0203,0.0382,0.0491,-0.0009,0.9981,2.663,,,,,,,
64,Left,25,0.0002,0.0012,0.0219,0.0000,0.0000,0.0000,1.0000,2.663,,,,,,,
64,Right,0,-0.0005,-0.0061,0.0659,0.0000,0.0000,0.0000,1.0000,2.663,,,,,,,
64,Right,1,0.0000,0.0000,0.0000,0.0000,0.0000,0.0000,1.0000,2.663,0.1807,0.1981,0.0389,0.5624,0.3430,-0.5985,0.4560
64,Right,2,-0.0216,-0.0244,0.0382,0.1947,-0.3831,0.7105,0.5573,2.663,,,,,,,
64,Right,3,0.0000,0.0000,0.0325,0.2383,0.0483,-0.0813,0.9666,2.663,,,,,,,
64,Right,4,0.0000,0.0000,0.0338,-0.0802,-0.0667,0.0839,0.9910,2.663,,,,,,,
64,Right,5,0.0007,0.0010,0.0246,0.0000,0.0000,0.0000,1.0000,2.663,,,,,,,
64,Right,6,-0.0155,-0.0137,0.0383,0.0000,0.0000,0.0000,1.0000,2.663,,,,,,,
64,Right,7,-0.0081,0.0064,0.0577,0.4215,0.0525,0.0235,0.9050,2.663,,,,,,,
64,Right,8,0.0000,0.0000,0.0379,0.2623,0.0002,-0.0263,0.9646,2.663,,,,,,,
64,Right,9,0.0000,0.0000,0.0243,0.0856,0.0245,-0.0168,0.9959,2.663,,,,,,,
64,Right,10,0.0003,0.0010,0.0224,0.0000,0.0000,0.0000,1.0000,2.663,,,,,,,
64,Right,11,0.0007,-0.0097,0.0361,0.0000,0.0000,0.0000,1.0000,2.663,,,,,,,
64,Right,12,-0.0024,0.0072,0.0595,0.4152,0.0545,-0.0294,0.9076,2.663,,,,,,,
64,Right,13,0.0000,0.0000,0.0429,0.2473,0.0014,-0.0125,0.9689,2.663,,,,,,,
64,Right,14,0.0000,0.0000,0.0275,0.0879,-0.0033,-0.0521,0.9948,2.663,,,,,,,
64,Right,15,0.0003,0.0011,0.0250,0.0000,0.0000,0.0000,1.0000,2.663,,,,,,,
64,Right,16,0.0150,-0.0060,0.0348,0.0000,0.0000,0.0000,1.0000,2.663,,,,,,,
64,Right,17,0.0025,-0.0005,0.0539,0.4007,0.0632,-0.0782,0.9107,2.663,,,,,,,
64,Right,18,0.0000,0.0000,0.0390,0.2095,-0.0041,-0.0380,0.9771,2.663,,,,,,,
64,Right,19,0.0000,0.0000,0.0266,0.1179,-0.0296,-0.0102,0.9925,2.663,,,,,,,
64,Right,20,0.0003,0.0016,0.0243,0.0000,0.0000,0.0000,1.0000,2.663,,,,,,,
64,Right,21,0.0230,-0.0094,0.0341,0.0183,0.1403,-0.2070,0.9680,2.663,,,,,,,
64,Right,22,0.0000,0.0000,0.0457,0.3365,-0.0238,0.0894,0.9371,2.663,,,,,,,
64,Right,23,0.0000,0.0000,0.0307,0.1846,0.0345,-0.0543,0.9807,2.663,,,,,,,
64,Right,24,0.0000,0.0000,0.0203,0.0870,-0.0489,0.0010,0.9950,2.663,,,,,,,
64,Right,25,-0.0002,0.0012,0.0219,0.0000,0.0000,0.0000,1.0000,2.663,,,,,,,
65,Left,0,0.0032,-0.0045,0.0644,0.0000,0.0000,0.0000,1.0000,2.704,,,,,,,
65,Left,1,0.0000,0.0000,0.0000,0.0000,0.0000,0.0000,1.0000,2.704,-0.0885,0.1706,-0.0238,-0.5175,0.6923,-0.5028,0.0088
65,Left,2,0.0323,-0.0113,0.0321,-0.1894,0.3577,-0.4732,0.7825,2.704,,,,,,,
65,Left,3,0.0000,0.0000,0.0325,-0.0113,-0.0711,0.0832,0.9939,2.704,,,,,,,
65,Left,4,0.0000,0.0000,0.0338,-0.1852,0.0745,-0.0851,0.9762,2.704,,,,,,,
65,Left,5,-0.0007,0.0010,0.0246,0.0000,0.0000,0.0000,1.0000,2.704,,,,,,,
65,Left,6,0.0208,-0.0071,0.0352,0.0000,0.0000,0.0000,1.0000,2.704,,,,,,,
65,Left,7,0.0027,-0.0002,0.0608,0.2543,-0.0662,-0.0240,0.9645,2.704,,,,,,,
65,Left,8,0.0000,0.0000,0.0379,0.1329,-0.0037,0.0263,0.9908,2.704,,,,,,,
65,Left,9,0.0000,0.0000,0.0243,0.0141,-0.0258,0.0165,0.9994,2.704,,,,,,,
65,Left,10,-0.0003,0.0010,0.0224,0.0000,0.0000,0.0000,1.0000,2.704,,,,,,,
65,Left,11,0.0046,-0.0064,0.0331,0.0000,0.0000,0.0000,1.0000,2.704,,,,,,,
65,Left,12,-0.0029,0.0039,0.0626,0.3173,-0.0793,0.0303,0.9445,2.704,,,,,,,
65,Left,13,0.0000,0.0000,0.0429,0.0728,-0.0035,0.0117,0.9973,2.704,,,,,,,
65,Left,14,0.0000,0.0000,0.0275,-0.0159,-0.0012,0.0421,0.9990,2.704,,,,,,,
65,Left,15,-0.0003,0.0011,0.0250,0.0000,0.0000,0.0000,1.0000,2.704,,,,,,,
65,Left,16,-0.0150,-0.0060,0.0348,0.0000,0.0000,0.0000,1.0000,2.704,,,,,,,
65,Left,17,-0.0025,-0.0005,0.0539,0.2930,-0.1077,0.0802,0.9466,2.704,,,,,,,
65,Left,18,0.0000,0.0000,0.0390,0.1022,0.0005,0.0359,0.9941,2.704,,,,,,,
65,Left,19,0.0000,0.0000,0.0266,0.0596,0.0295,0.0074,0.9978,2.704,,,,,,,
65,Left,20,-0.0003,0.0016,0.0243,0.0000,0.0000,0.0000,1.0000,2.704,,,,,,,
65,Left,21,-0.0230,-0.0094,0.0341,0.0183,-0.1403,0.2070,0.9680,2.704,,,,,,,
65,Left,22,0.0000,0.0000,0.0457,0.2210,-0.0683,-0.0688,0.9704,2.704,,,,,,,
65,Left,23,0.0000,0.0000,0.0307,0.1746,-0.0350,0.0535,0.9826,2.704,,,,,,,
65,Left,24,0.0000,0.0000,0.0203,0.0367,0.0491,-0.0009,0.9981,2.704,,,,,,,
65,Left,25,0.0002,0.0012,0.0219,0.0000,0.0000,0.0000,1.0000,2.704,,,,,,,
65,Right,0,-0.0005,-0.0061,0.0659,0.0000,0.0000,0.0000,1.0000,2.704,,,,,,,
65,Right,1,0.0000,0.0000,0.0000,0.0000,0.0000,0.0000,1.0000,2.704,0.1810,0.1981,0.0392,0.5660,0.3417,-0.5955,0.4563
65,Right,2,-0.0217,-0.0244,0.0382,0.1929,-0.3844,0.7094,0.5584,2.704,,,,,,,
65,Right,3,0.0000,0.0000,0.0325,0.2388,0.0483,-0.0813,0.9664,2.704,,,,,,,
65,Right,4,0.0000,0.0000,0.0338,-0.0804,-0.0667,0.0839,0.9910,2.704,,,,,,,
65,Right,5,0.0007,0.0010,0.0246,0.0000,0.0000,0.0000,1.0000,2.704,,,,,,,
65,Right,6,-0.0155,-0.0137,0.0383,0.0000,0.0000,0.0000,1.0000,2.704,,,,,,,
65,Right,7,-0.0080,0.0063,0.0577,0.4218,0.0524,0.0235,0.9049,2.704,,,,,,,
65,Right,8,0.0000,0.0000,0.0379,0.2618,0.0002,-0.0263,0.9648,2.704,,,,,,,
65,Right,9,0.0000,0.0000,0.0243,0.0858,0.0245,-0.0168,0.9959,2.704,,,,,,,
65,Right,10,0.0003,0.0010,0.0224,0.0000,0.0000,0.0000,1.0000,2.704,,,,,,,
65,Right,11,0.0007,-0.0097,0.0361,0.0000,0.0000,0.0000,1.0000,2.704,,,,,,,
65,Right,12,-0.0024,0.0072,0.0595,0.4150,0.0545,-0.0294,0.9077,2.704,,,,,,,
65,Right,13,0.0000,0.0000,0.0429,0.2521,0.0014,-0.0125,0.9676,2.704,,,,,,,
65,Right,14,0.0000,0.0000,0.0275,0.0923,-0.0035,-0.0525,0.9943,2.704,,,,,,,
65,Right,15,0.0003,0.0011,0.0250,0.0000,0.0000,0.0000,1.0000,2.704,,,,,,,
65,Right,16,0.0150,-0.0060,0.0348,0.0000,0.0000,0.0000,1.0000,2.704,,,,,,,
65,Right,17,0.0025,-0.0005,0.0539,0.4018,0.0627,-0.0782,0.9102,2.704,,,,,,,
65,Right,18,0.0000,0.0000,0.0390,0.2181,-0.0044,-0.0382,0.9752,2.704,,,,,,,
65,Right,19,0.0000,0.0000,0.0266,0.1260,-0.0297,-0.0105,0.9915,2.704,,,,,,,
65,Right,20,0.0003,0.0016,0.0243,0.0000,0.0000,0.0000,1.0000,2.704,,,,,,,
65,Right,21,0.0230,-0.0094,0.0341,0.0183,0.1403,-0.2070,0.9680,2.704,,,,,,,
65,Right,22,0.0000,0.0000,0.0457,0.3389,-0.0241,0.0895,0.9363,2.704,,,,,,,
65,Right,23,0.0000,0.0000,0.0307,0.1882,0.0343,-0.0546,0.9800,2.704,,,,,,,
65,Right,24,0.0000,0.0000,0.0203,0.0923,-0.0489,0.0010,0.9945,2.704,,,,,,,
65,Right,25,-0.0002,0.0012,0.0219,0.0000,0.0000,0.0000,1.0000,2.704,,,,,,,
66,Left,0,0.0032,-0.0045,0.0644,0.0000,0.0000,0.0000,1.0000,2.746,,,,,,,
66,Left,1,0.0000,0.0000,0.0000,0.0000,0.0000,0.0000,1.0000,2.746,-0.0883,0.1705,-0.0239,-0.5184,0.6923,-0.5019,0.0087
66,Left,2,0.0323,-0.0112,0.0320,-0.1908,0.3571,-0.4718,0.7833,2.746,,,,,,,
66,Left,3,0.0000,0.0000,0.0325,-0.0119,-0.0712,0.0832,0.9939,2.746,,,,,,,
66,Left,4,0.0000,0.0000,0.0338,-0.1853,0.0745,-0.0851,0.9762,2.746,,,,,,,
66,Left,5,-0.0007,0.0010,0.0246,0.0000,0.0000,0.0000,1.0000,2.746,,,,,,,
66,Left,6,0.0208,-0.0071,0.0352,0.0000,0.0000,0.0000,1.0000,2.746,,,,,,,
66,Left,7,0.0027,-0.0002,0.0608,0.2552,-0.0647,-0.0243,0.9644,2.746,,,,,,,
66,Left,8,0.0000,0.0000,0.0379,0.1300,-0.0038,0.0263,0.9912,2.746,,,,,,,
66,Left,9,0.0000,0.0000,0.0243,0.0126,-0.0258,0.0165,0.9995,2.746,,,,,,,
66,Left,10,-0.0003,0.0010,0.0224,0.0000,0.0000,0.0000,1.0000,2.746,,,,,,,
66,Left,11,0.0046,-0.0064,0.0331,0.0000,0.0000,0.0000,1.0000,2.746,,,,,,,
66,Left,12,-0.0029,0.0039,0.0626,0.3111,-0.0794,0.0298,0.9466,2.746,,,,,,,
66,Left,13,0.0000,0.0000,0.0429,0.0649,-0.0036,0.0116,0.9978,2.746,,,,,,,
66,Left,14,0.0000,0.0000,0.0275,-0.0171,-0.0013,0.0419,0.9990,2.746,,,,,,,
66,Left,15,-0.0003,0.0011,0.0250,0.0000,0.0000,0.0000,1.0000,2.746,,,,,,,
66,Left,16,-0.0150,-0.0060,0.0348,0.0000,0.0000,0.0000,1.0000,2.746,,,,,,,
66,Left,17,-0.0025,-0.0005,0.0539,0.2769,-0.1104,0.0788,0.9513,2.746,,,,,,,
66,Left,18,0.0000,0.0000,0.0390,0.0915,0.0001,0.0357,0.9952,2.746,,,,,,,
66,Left,19,0.0000,0.0000,0.0266,0.0583,0.0295,0.0074,0.9978,2.746,,,,,,,
66,Left,20,-0.0003,0.0016,0.0243,0.0000,0.0000,0.0000,1.0000,2.746,,,,,,,
66,Left,21,-0.0230,-0.0094,0.0341,0.0183,-0.1403,0.2070,0.9680,2.746,,,,,,,
66,Left,22,0.0000,0.0000,0.0457,0.2115,-0.0687,-0.0697,0.9725,2.746,,,,,,,
66,Left,23,0.0000,0.0000,0.0307,0.1642,-0.0355,0.0527,0.9844,2.746,,,,,,,
66,Left,24,0.0000,0.0000,0.0203,0.0351,0.0491,-0.0008,0.9982,2.746,,,,,,,
66,Left,25,0.0002,0.0012,0.0219,0.0000,0.0000,0.0000,1.0000,2.746,,,,,,,
66,Right,0,-0.0006,-0.0061,0.0659,0.0000,0.0000,0.0000,1.0000,2.746,,,,,,,
66,Right,1,0.0000,0.0000,0.0000,0.0000,0.0000,0.0000,1.0000,2.746,0.1810,0.1983,0.0391,0.5671,0.3441,-0.5936,0.4555
66,Right,2,-0.0218,-0.0243,0.0381,0.1900,-0.3863,0.7077,0.5602,2.746,,,,,,,
66,Right,3,0.0000,0.0000,0.0325,0.2390,0.0483,-0.0813,0.9664,2.746,,,,,,,
66,Right,4,0.0000,0.0000,0.0338,-0.0805,-0.0668,0.0839,0.9910,2.746,,,,,,,
66,Right,5,0.0007,0.0010,0.0246,0.0000,0.0000,0.0000,1.0000,2.746,,,,,,,
66,Right,6,-0.0156,-0.0136,0.0383,0.0000,0.0000,0.0000,1.0000,2.746,,,,,,,
66,Right,7,-0.0079,0.0063,0.0577,0.4221,0.0528,0.0234,0.9047,2.746,,,,,,,
66,Right,8,0.0000,0.0000,0.0379,0.2613,0.0002,-0.0263,0.9649,2.746,,,,,,,
66,Right,9,0.0000,0.0000,0.0243,0.0860,0.0245,-0.0168,0.9958,2.746,,,,,,,
66,Right,10,0.0003,0.0010,0.0224,0.0000,0.0000,0.0000,1.0000,2.746,,,,,,,
66,Right,11,0.0006,-0.0097,0.0361,0.0000,0.0000,0.0000,1.0000,2.746,,,,,,,
66,Right,12,-0.0023,0.0072,0.0595,0.4156,0.0550,-0.0297,0.9074,2.746,,,,,,,
66,Right,13,0.0000,0.0000,0.0429,0.2543,0.0014,-0.0125,0.9671,2.746,,,,,,,
66,Right,14,0.0000,0.0000,0.0275,0.0955,-0.0036,-0.0528,0.9940,2.746,,,,,,,
66,Right,15,0.0003,0.0011,0.0250,0.0000,0.0000,0.0000,1.0000,2.746,,,,,,,
66,Right,16,0.0150,-0.0060,0.0348,0.0000,0.0000,0.0000,1.0000,2.746,,,,,,,
66,Right,17,0.0025,-0.0005,0.0539,0.4041,0.0622,-0.0782,0.9092,2.746,,,,,,,
66,Right,18,0.0000,0.0000,0.0390,0.2241,-0.0046,-0.0383,0.9738,2.746,,,,,,,
66,Right,19,0.0000,0.0000,0.0266,0.1313,-0.0297,-0.0108,0.9908,2.746,,,,,,,
66,Right,20,0.0003,0.0016,0.0243,0.0000,0.0000,0.0000,1.0000,2.746,,,,,,,
66,Right,21,0.0230,-0.0094,0.0341,0.0183,0.1403,-0.2070,0.9680,2.746,,,,,,,
66,Right,22,0.0000,0.0000,0.0457,0.3421,-0.0243,0.0896,0.9351,2.746,,,,,,,
66,Right,23,0.0000,0.0000,0.0307,0.1913,0.0342,-0.0549,0.9794,2.746,,,,,,,
66,Right,24,0.0000,0.0000,0.0203,0.0968,-0.0489,0.0011,0.9941,2.746,,,,,,,
66,Right,25,-0.0002,0.0012,0.0219,0.0000,0.0000,0.0000,1.0000,2.746,,,,,,,
67,Left,0,0.0032,-0.0045,0.0643,0.0000,0.0000,0.0000,1.0000,2.787,,,,,,,
67,Left,1,0.0000,0.0000,0.0000,0.0000,0.0000,0.0000,1.0000,2.787,-0.0880,0.1705,-0.0241,-0.5189,0.6926,-0.5010,0.0083
67,Left,2,0.0323,-0.0112,0.0320,-0.1919,0.3564,-0.4707,0.7840,2.787,,,,,,,
67,Left,3,0.0000,0.0000,0.0325,-0.0122,-0.0712,0.0832,0.9939,2.787,,,,,,,
67,Left,4,0.0000,0.0000,0.0338,-0.1853,0.0745,-0.0851,0.9761,2.787,,,,,,,
67,Left,5,-0.0007,0.0010,0.0246,0.0000,0.0000,0.0000,1.0000,2.787,,,,,,,
67,Left,6,0.0209,-0.0070,0.0352,0.0000,0.0000,0.0000,1.0000,2.787,,,,,,,
67,Left,7,0.0027,-0.0003,0.0608,0.2558,-0.0633,-0.0245,0.9644,2.787,,,,,,,
67,Left,8,0.0000,0.0000,0.0379,0.1260,-0.0039,0.0263,0.9917,2.787,,,,,,,
67,Left,9,0.0000,0.0000,0.0243,0.0111,-0.0258,0.0165,0.9995,2.787,,,,,,,
67,Left,10,-0.0003,0.0010,0.0224,0.0000,0.0000,0.0000,1.0000,2.787,,,,,,,
67,Left,11,0.0046,-0.0064,0.0330,0.0000,0.0000,0.0000,1.0000,2.787,,,,,,,
67,Left,12,-0.0029,0.0039,0.0626,0.3038,-0.0795,0.0292,0.9490,2.787,,,,,,,
67,Left,13,0.0000,0.0000,0.0429,0.0572,-0.0037,0.0116,0.9983,2.787,,,,,,,
67,Left,14,0.0000,0.0000,0.0275,-0.0186,-0.0014,0.0418,0.9990,2.787,,,,,,,
67,Left,15,-0.0003,0.0011,0.0250,0.0000,0.0000,0.0000,1.0000,2.787,,,,,,,
67,Left,16,-0.0150,-0.0060,0.0348,0.0000,0.0000,0.0000,1.0000,2.787,,,,,,,
67,Left,17,-0.0025,-0.0005,0.0539,0.2660,-0.1128,0.0780,0.9542,2.787,,,,,,,
67,Left,18,0.0000,0.0000,0.0390,0.0832,-0.0002,0.0355,0.9959,2.787,,,,,,,
67,Left,19,0.0000,0.0000,0.0266,0.0567,0.0295,0.0073,0.9979,2.787,,,,,,,
67,Left,20,-0.0003,0.0016,0.0243,0.0000,0.0000,0.0000,1.0000,2.787,,,,,,,
67,Left,21,-0.0230,-0.0094,0.0341,0.0183,-0.1403,0.2070,0.9680,2.787,,,,,,,
67,Left,22,0.0000,0.0000,0.0457,0.1972,-0.0690,-0.0710,0.9753,2.787,,,,,,,
67,Left,23,0.0000,0.0000,0.0307,0.1557,-0.0358,0.0520,0.9858,2.787,,,,,,,
67,Left,24,0.0000,0.0000,0.0203,0.0334,0.0491,-0.0008,0.9982,2.787,,,,,,,
67,Left,25,0.0002,0.0012,0.0219,0.0000,0.0000,0.0000,1.0000,2.787,,,,,,,
67,Right,0,-0.0006,-0.0061,0.0659,0.0000,0.0000,0.0000,1.0000,2.787,,,,,,,
67,Right,1,0.0000,0.0000,0.0000,0.0000,0.0000,0.0000,1.0000,2.787,0.1811,0.1982,0.0392,0.5681,0.3463,-0.5936,0.4528
67,Right,2,-0.0219,-0.0242,0.0381,0.1890,-0.3869,0.7071,0.5608,2.787,,,,,,,
67,Right,3,0.0000,0.0000,0.0325,0.2391,0.0482,-0.0813,0.9664,2.787,,,,,,,
67,Right,4,0.0000,0.0000,0.0338,-0.0807,-0.0668,0.0839,0.9910,2.787,,,,,,,
67,Right,5,0.0007,0.0010,0.0246,0.0000,0.0000,0.0000,1.0000,2.787,,,,,,,
67,Right,6,-0.0157,-0.0136,0.0383,0.0000,0.0000,0.0000,1.0000,2.787,,,,,,,
67,Right,7,-0.0079,0.0063,0.0577,0.4224,0.0533,0.0231,0.9045,2.787,,,,,,,
67,Right,8,0.0000,0.0000,0.0379,0.2600,0.0002,-0.0263,0.9653,2.787,,,,,,,
67,Right,9,0.0000,0.0000,0.0243,0.0857,0.0245,-0.0168,0.9959,2.787,,,,,,,
67,Right,10,0.0003,0.0010,0.0224,0.0000,0.0000,0.0000,1.0000,2.787,,,,,,,
67,Right,11,0.0005,-0.0097,0.0361,0.0000,0.0000,0.0000,1.0000,2.787,,,,,,,
67,Right,12,-0.0023,0.0071,0.0595,0.4165,0.0555,-0.0299,0.9070,2.787,,,,,,,
67,Right,13,0.0000,0.0000,0.0429,0.2555,0.0013,-0.0125,0.9667,2.787,,,,,,,
67,Right,14,0.0000,0.0000,0.0275,0.0971,-0.0037,-0.0529,0.9939,2.787,,,,,,,
67,Right,15,0.0003,0.0011,0.0250,0.0000,0.0000,0.0000,1.0000,2.787,,,,,,,
67,Right,16,0.0150,-0.0060,0.0348,0.0000,0.0000,0.0000,1.0000,2.787,,,,,,,
67,Right,17,0.0025,-0.0005,0.0539,0.4082,0.0617,-0.0784,0.9074,2.787,,,,,,,
67,Right,18,0.0000,0.0000,0.0390,0.2255,-0.0047,-0.0383,0.9735,2.787,,,,,,,
67,Right,19,0.0000,0.0000,0.0266,0.1330,-0.0297,-0.0108,0.9906,2.787,,,,,,,
67,Right,20,0.0003,0.0016,0.0243,0.0000,0.0000,0.0000,1.0000,2.787,,,,,,,
67,Right,21,0.0230,-0.0094,0.0341,0.0183,0.1403,-0.2070,0.9680,2.787,,,,,,,
67,Right,22,0.0000,0.0000,0.0457,0.3497,-0.0239,0.0896,0.9323,2.787,,,,,,,
67,Right,23,0.0000,0.0000,0.0307,0.1923,0.0341,-0.0549,0.9792,2.787,,,,,,,
67,Right,24,0.0000,0.0000,0.0203,0.0983,-0.0489,0.0011,0.9940,2.787,,,,,,,
67,Right,25,-0.0002,0.0012,0.0219,0.0000,0.0000,0.0000,1.0000,2.787,,,,,,,
68,Left,0,0.0032,-0.0045,0.0643,0.0000,0.0000,0.0000,1.0000,2.829,,,,,,,
68,Left,1,0.0000,0.0000,0.0000,0.0000,0.0000,0.0000,1.0000,2.829,-0.0876,0.1703,-0.0237,-0.5208,0.6935,-0.4978,0.0074
68,Left,2,0.0323,-0.0111,0.0320,-0.1931,0.3553,-0.4697,0.7848,2.829,,,,,,,
68,Left,3,0.0000,0.0000,0.0325,-0.0130,-0.0713,0.0832,0.9939,2.829,,,,,,,
68,Left,4,0.0000,0.0000,0.0338,-0.1854,0.0745,-0.0851,0.9761,2.829,,,,,,,
68,Left,5,-0.0007,0.0010,0.0246,0.0000,0.0000,0.0000,1.0000,2.829,,,,,,,
68,Left,6,0.0209,-0.0070,0.0352,0.0000,0.0000,0.0000,1.0000,2.829,,,,,,,
68,Left,7,0.0027,-0.0003,0.0608,0.2568,-0.0620,-0.0248,0.9642,2.829,,,,,,,
68,Left,8,0.0000,0.0000,0.0379,0.1245,-0.0039,0.0263,0.9919,2.829,,,,,,,
68,Left,9,0.0000,0.0000,0.0243,0.0097,-0.0259,0.0165,0.9995,2.829,,,,,,,
68,Left,10,-0.0003,0.0010,0.0224,0.0000,0.0000,0.0000,1.0000,2.829,,,,,,,
68,Left,11,0.0046,-0.0064,0.0330,0.0000,0.0000,0.0000,1.0000,2.829,,,,,,,
68,Left,12,-0.0029,0.0039,0.0626,0.3003,-0.0800,0.0290,0.9501,2.829,,,,,,,
68,Left,13,0.0000,0.0000,0.0429,0.0513,-0.0038,0.0116,0.9986,2.829,,,,,,,
68,Left,14,0.0000,0.0000,0.0275,-0.0204,-0.0014,0.0416,0.9989,2.829,,,,,,,
68,Left,15,-0.0003,0.0011,0.0250,0.0000,0.0000,0.0000,1.0000,2.829,,,,,,,
68,Left,16,-0.0150,-0.0060,0.0348,0.0000,0.0000,0.0000,1.0000,2.829,,,,,,,
68,Left,17,-0.0025,-0.0005,0.0539,0.2553,-0.1163,0.0773,0.9567,2.829,,,,,,,
68,Left,18,0.0000,0.0000,0.0390,0.0757,-0.0004,0.0353,0.9965,2.829,,,,,,,
68,Left,19,0.0000,0.0000,0.0266,0.0548,0.0295,0.0072,0.9980,2.829,,,,,,,
68,Left,20,-0.0003,0.0016,0.0243,0.0000,0.0000,0.0000,1.0000,2.829,,,,,,,
68,Left,21,-0.0230,-0.0094,0.0341,0.0183,-0.1403,0.2070,0.9680,2.829,,,,,,,
68,Left,22,0.0000,0.0000,0.0457,0.1845,-0.0746,-0.0713,0.9774,2.829,,,,,,,
68,Left,23,0.0000,0.0000,0.0307,0.1467,-0.0363,0.0512,0.9872,2.829,,,,,,,
68,Left,24,0.0000,0.0000,0.0203,0.0315,0.0491,-0.0008,0.9983,2.829,,,,,,,
68,Left,25,0.0002,0.0012,0.0219,0.0000,0.0000,0.0000,1.0000,2.829,,,,,,,
68,Right,0,-0.0006,-0.0061,0.0659,0.0000,0.0000,0.0000,1.0000,2.829,,,,,,,
68,Right,1,0.0000,0.0000,0.0000,0.0000,0.0000,0.0000,1.0000,2.829,0.1811,0.1982,0.0391,0.5683,0.3463,-0.5935,0.4527
68,Right,2,-0.0220,-0.0242,0.0381,0.1882,-0.3875,0.7066,0.5613,2.829,,,,,,,
68,Right,3,0.0000,0.0000,0.0325,0.2389,0.0483,-0.0813,0.9664,2.829,,,,,,,
68,Right,4,0.0000,0.0000,0.0338,-0.0807,-0.0668,0.0839,0.9910,2.829,,,,,,,
68,Right,5,0.0007,0.0010,0.0246,0.0000,0.0000,0.0000,1.0000,2.829,,,,,,,
68,Right,6,-0.0157,-0.0136,0.0383,0.0000,0.0000,0.0000,1.0000,2.829,,,,,,,
68,Right,7,-0.0079,0.0063,0.0577,0.4226,0.0539,0.0229,0.9044,2.829,,,,,,,
68,Right,8,0.0000,0.0000,0.0379,0.2588,0.0003,-0.0263,0.9656,2.829,,,,,,,
68,Right,9,0.0000,0.0000,0.0243,0.0855,0.0245,-0.0168,0.9959,2.829,,,,,,,
68,Right,10,0.0003,0.0010,0.0224,0.0000,0.0000,0.0000,1.0000,2.829,,,,,,,
68,Right,11,0.0005,-0.0097,0.0361,0.0000,0.0000,0.0000,1.0000,2.829,,,,,,,
68,Right,12,-0.0022,0.0071,0.0595,0.4174,0.0557,-0.0301,0.9065,2.829,,,,,,,
68,Right,13,0.0000,0.0000,0.0429,0.2565,0.0013,-0.0125,0.9665,2.829,,,,,,,
68,Right,14,0.0000,0.0000,0.0275,0.0984,-0.0037,-0.0531,0.9937,2.829,,,,,,,
68,Right,15,0.0003,0.0011,0.0250,0.0000,0.0000,0.0000,1.0000,2.829,,,,,,,
68,Right,16,0.0150,-0.0060,0.0348,0.0000,0.0000,0.0000,1.0000,2.829,,,,,,,
68,Right,17,0.0025,-0.0005,0.0539,0.4128,0.0611,-0.0786,0.9053,2.829,,,,,,,
68,Right,18,0.0000,0.0000,0.0390,0.2271,-0.0047,-0.0384,0.9731,2.829,,,,,,,
68,Right,19,0.0000,0.0000,0.0266,0.1350,-0.0297,-0.0109,0.9903,2.829,,,,,,,
68,Right,20,0.0003,0.0016,0.0243,0.0000,0.0000,0.0000,1.0000,2.829,,,,,,,
68,Right,21,0.0230,-0.0094,0.0341,0.0183,0.1403,-0.2070,0.9680,2.829,,,,,,,
68,Right,22,0.0000,0.0000,0.0457,0.3603,-0.0232,0.0896,0.9283,2.829,,,,,,,
68,Right,23,0.0000,0.0000,0.0307,0.1932,0.0341,-0.0550,0.9790,2.829,,,,,,,
68,Right,24,0.0000,0.0000,0.0203,0.1000,-0.0488,0.0011,0.9938,2.829,,,,,,,
68,Right,25,-0.0002,0.0012,0.0219,0.0000,0.0000,0.0000,1.0000,2.829,,,,,,,
69,Left,0,0.0032,-0.0045,0.0643,0.0000,0.0000,0.0000,1.0000,2.871,,,,,,,
69,Left,1,0.0000,0.0000,0.0000,0.0000,0.0000,0.0000,1.0000,2.871,-0.0874,0.1706,-0.0237,-0.5203,0.6939,-0.4977,0.0076
69,Left,2,0.0323,-0.0111,0.0320,-0.1940,0.3545,-0.4689,0.7854,2.871,,,,,,,
69,Left,3,0.0000,0.0000,0.0325,-0.0130,-0.0713,0.0832,0.9939,2.871,,,,,,,
69,Left,4,0.0000,0.0000,0.0338,-0.1855,0.0745,-0.0851,0.9761,2.871,,,,,,,
69,Left,5,-0.0007,0.0010,0.0246,0.0000,0.0000,0.0000,1.0000,2.871,,,,,,,
69,Left,6,0.0209,-0.0070,0.0352,0.0000,0.0000,0.0000,1.0000,2.871,,,,,,,
69,Left,7,0.0027,-0.0003,0.0608,0.2579,-0.0617,-0.0248,0.9639,2.871,,,,,,,
69,Left,8,0.0000,0.0000,0.0379,0.1233,-0.0040,0.0263,0.9920,2.871,,,,,,,
69,Left,9,0.0000,0.0000,0.0243,0.0091,-0.0259,0.0165,0.9995,2.871,,,,,,,
69,Left,10,-0.0003,0.0010,0.0224,0.0000,0.0000,0.0000,1.0000,2.871,,,,,,,
69,Left,11,0.0046,-0.0064,0.0330,0.0000,0.0000,0.0000,1.0000,2.871,,,,,,,
69,Left,12,-0.0029,0.0039,0.0626,0.2950,-0.0804,0.0287,0.9517,2.871,,,,,,,
69,Left,13,0.0000,0.0000,0.0429,0.0457,-0.0038,0.0115,0.9989,2.871,,,,,,,
69,Left,14,0.0000,0.0000,0.0275,-0.0220,-0.0015,0.0415,0.9989,2.871,,,,,,,
69,Left,15,-0.0003,0.0011,0.0250,0.0000,0.0000,0.0000,1.0000,2.871,,,,,,,
69,Left,16,-0.0150,-0.0060,0.0348,0.0000,0.0000,0.0000,1.0000,2.871,,,,,,,
69,Left,17,-0.0025,-0.0005,0.0539,0.2470,-0.1179,0.0766,0.9588,2.871,,,,,,,
69,Left,18,0.0000,0.0000,0.0390,0.0701,-0.0006,0.0352,0.9969,2.871,,,,,,,
69,Left,19,0.0000,0.0000,0.0266,0.0529,0.0295,0.0071,0.9981,2.871,,,,,,,
69,Left,20,-0.0003,0.0016,0.0243,0.0000,0.0000,0.0000,1.0000,2.871,,,,,,,
69,Left,21,-0.0230,-0.0094,0.0341,0.0183,-0.1403,0.2070,0.9680,2.871,,,,,,,
69,Left,22,0.0000,0.0000,0.0457,0.1704,-0.0762,-0.0725,0.9797,2.871,,,,,,,
69,Left,23,0.0000,0.0000,0.0307,0.1383,-0.0366,0.0506,0.9884,2.871,,,,,,,
69,Left,24,0.0000,0.0000,0.0203,0.0297,0.0491,-0.0008,0.9984,2.871,,,,,,,
69,Left,25,0.0002,0.0012,0.0219,0.0000,0.0000,0.0000,1.0000,2.871,,,,,,,
69,Right,0,-0.0006,-0.0061,0.0659,0.0000,0.0000,0.0000,1.0000,2.871,,,,,,,
69,Right,1,0.0000,0.0000,0.0000,0.0000,0.0000,0.0000,1.0000,2.871,0.1812,0.1981,0.0394,0.5686,0.3466,-0.5935,0.4521
69,Right,2,-0.0220,-0.0242,0.0381,0.1870,-0.3876,0.7063,0.5620,2.871,,,,,,,
69,Right,3,0.0000,0.0000,0.0325,0.2388,0.0483,-0.0813,0.9665,2.871,,,,,,,
69,Right,4,0.0000,0.0000,0.0338,-0.0808,-0.0668,0.0839,0.9909,2.871,,,,,,,
69,Right,5,0.0007,0.0010,0.0246,0.0000,0.0000,0.0000,1.0000,2.871,,,,,,,
69,Right,6,-0.0157,-0.0136,0.0383,0.0000,0.0000,0.0000,1.0000,2.871,,,,,,,
69,Right,7,-0.0078,0.0062,0.0577,0.4230,0.0545,0.0226,0.9042,2.871,,,,,,,
69,Right,8,0.0000,0.0000,0.0379,0.2576,0.0003,-0.0263,0.9659,2.871,,,,,,,
69,Right,9,0.0000,0.0000,0.0243,0.0851,0.0245,-0.0168,0.9959,2.871,,,,,,,
69,Right,10,0.0003,0.0010,0.0224,0.0000,0.0000,0.0000,1.0000,2.871,,,,,,,
69,Right,11,0.0005,-0.0097,0.0361,0.0000,0.0000,0.0000,1.0000,2.871,,,,,,,
69,Right,12,-0.0022,0.0071,0.0596,0.4187,0.0563,-0.0304,0.9059,2.871,,,,,,,
69,Right,13,0.0000,0.0000,0.0429,0.2571,0.0013,-0.0125,0.9663,2.871,,,,,,,
69,Right,14,0.0000,0.0000,0.0275,0.0993,-0.0038,-0.0531,0.9936,2.871,,,,,,,
69,Right,15,0.0003,0.0011,0.0250,0.0000,0.0000,0.0000,1.0000,2.871,,,,,,,
69,Right,16,0.0150,-0.0060,0.0348,0.0000,0.0000,0.0000,1.0000,2.871,,,,,,,
69,Right,17,0.0025,-0.0005,0.0539,0.4193,0.0607,-0.0791,0.9023,2.871,,,,,,,
69,Right,18,0.0000,0.0000,0.0390,0.2284,-0.0048,-0.0384,0.9728,2.871,,,,,,,
69,Right,19,0.0000,0.0000,0.0266,0.1365,-0.0297,-0.0110,0.9901,2.871,,,,,,,
69,Right,20,0.0003,0.0016,0.0243,0.0000,0.0000,0.0000,1.0000,2.871,,,,,,,
69,Right,21,0.0230,-0.0094,0.0341,0.0183,0.1403,-0.2070,0.9680,2.871,,,,,,,
69,Right,22,0.0000,0.0000,0.0457,0.3690,-0.0223,0.0894,0.9249,2.871,,,,,,,
69,Right,23,0.0000,0.0000,0.0307,0.1941,0.0341,-0.0551,0.9788,2.871,,,,,,,
69,Right,24,0.0000,0.0000,0.0203,0.1013,-0.0488,0.0011,0.9937,2.871,,,,,,,
69,Right,25,-0.0002,0.0012,0.0219,0.0000,0.0000,0.0000,1.0000,2.871,,,,,,,
70,Left,0,0.0032,-0.0045,0.0643,0.0000,0.0000,0.0000,1.0000,2.913,,,,,,,
70,Left,1,0.0000,0.0000,0.0000,0.0000,0.0000,0.0000,1.0000,2.913,-0.0873,0.1705,-0.0238,-0.5208,0.6937,-0.4975,0.0074
70,Left,2,0.0323,-0.0111,0.0320,-0.1949,0.3538,-0.4681,0.7860,2.913,,,,,,,
70,Left,3,0.0000,0.0000,0.0325,-0.0131,-0.0713,0.0832,0.9939,2.913,,,,,,,
70,Left,4,0.0000,0.0000,0.0338,-0.1855,0.0745,-0.0851,0.9761,2.913,,,,,,,
70,Left,5,-0.0007,0.0010,0.0246,0.0000,0.0000,0.0000,1.0000,2.913,,,,,,,
70,Left,6,0.0209,-0.0070,0.0352,0.0000,0.0000,0.0000,1.0000,2.913,,,,,,,
70,Left,7,0.0027,-0.0003,0.0608,0.2588,-0.0611,-0.0249,0.9637,2.913,,,,,,,
70,Left,8,0.0000,0.0000,0.0379,0.1213,-0.0040,0.0263,0.9923,2.913,,,,,,,
70,Left,9,0.0000,0.0000,0.0243,0.0080,-0.0259,0.0165,0.9995,2.913,,,,,,,
70,Left,10,-0.0003,0.0010,0.0224,0.0000,0.0000,0.0000,1.0000,2.913,,,,,,,
70,Left,11,0.0047,-0.0064,0.0330,0.0000,0.0000,0.0000,1.0000,2.913,,,,,,,
70,Left,12,-0.0029,0.0039,0.0626,0.2920,-0.0811,0.0286,0.9525,2.913,,,,,,,
70,Left,13,0.0000,0.0000,0.0429,0.0428,-0.0039,0.0115,0.9990,2.913,,,,,,,
70,Left,14,0.0000,0.0000,0.0275,-0.0236,-0.0016,0.0413,0.9989,2.913,,,,,,,
70,Left,15,-0.0003,0.0011,0.0250,0.0000,0.0000,0.0000,1.0000,2.913,,,,,,,
70,Left,16,-0.0150,-0.0060,0.0348,0.0000,0.0000,0.0000,1.0000,2.913,,,,,,,
70,Left,17,-0.0025,-0.0005,0.0539,0.2439,-0.1196,0.0765,0.9594,2.913,,,,,,,
70,Left,18,0.0000,0.0000,0.0390,0.0676,-0.0007,0.0351,0.9971,2.913,,,,,,,
70,Left,19,0.0000,0.0000,0.0266,0.0505,0.0295,0.0070,0.9983,2.913,,,,,,,
70,Left,20,-0.0003,0.0016,0.0243,0.0000,0.0000,0.0000,1.0000,2.913,,,,,,,
70,Left,21,-0.0230,-0.0094,0.0341,0.0183,-0.1403,0.2070,0.9680,2.913,,,,,,,
70,Left,22,0.0000,0.0000,0.0457,0.1668,-0.0774,-0.0727,0.9803,2.913,,,,,,,
70,Left,23,0.0000,0.0000,0.0307,0.1326,-0.0369,0.0501,0.9892,2.913,,,,,,,
70,Left,24,0.0000,0.0000,0.0203,0.0264,0.0491,-0.0008,0.9984,2.913,,,,,,,
70,Left,25,0.0002,0.0012,0.0219,0.0000,0.0000,0.0000,1.0000,2.913,,,,,,,
70,Right,0,-0.0006,-0.0061,0.0659,0.0000,0.0000,0.0000,1.0000,2.913,,,,,,,
70,Right,1,0.0000,0.0000,0.0000,0.0000,0.0000,0.0000,1.0000,2.913,0.1812,0.1981,0.0395,0.5685,0.3471,-0.5938,0.4513
70,Right,2,-0.0220,-0.0242,0.0381,0.1862,-0.3878,0.7060,0.5626,2.913,,,,,,,
70,Right,3,0.0000,0.0000,0.0325,0.2384,0.0483,-0.0813,0.9666,2.913,,,,,,,
70,Right,4,0.0000,0.0000,0.0338,-0.0809,-0.0668,0.0839,0.9909,2.913,,,,,,,
70,Right,5,0.0007,0.0010,0.0246,0.0000,0.0000,0.0000,1.0000,2.913,,,,,,,
70,Right,6,-0.0157,-0.0135,0.0383,0.0000,0.0000,0.0000,1.0000,2.913,,,,,,,
70,Right,7,-0.0078,0.0062,0.0577,0.4227,0.0554,0.0223,0.9043,2.913,,,,,,,
70,Right,8,0.0000,0.0000,0.0379,0.2562,0.0003,-0.0263,0.9663,2.913,,,,,,,
70,Right,9,0.0000,0.0000,0.0243,0.0846,0.0245,-0.0168,0.9960,2.913,,,,,,,
70,Right,10,0.0003,0.0010,0.0224,0.0000,0.0000,0.0000,1.0000,2.913,,,,,,,
70,Right,11,0.0005,-0.0097,0.0361,0.0000,0.0000,0.0000,1.0000,2.913,,,,,,,
70,Right,12,-0.0022,0.0071,0.0596,0.4194,0.0570,-0.0308,0.9055,2.913,,,,,,,
70,Right,13,0.0000,0.0000,0.0429,0.2578,0.0013,-0.0125,0.9661,2.913,,,,,,,
70,Right,14,0.0000,0.0000,0.0275,0.1001,-0.0038,-0.0532,0.9935,2.913,,,,,,,
70,Right,15,0.0003,0.0011,0.0250,0.0000,0.0000,0.0000,1.0000,2.913,,,,,,,
70,Right,16,0.0150,-0.0060,0.0348,0.0000,0.0000,0.0000,1.0000,2.913,,,,,,,
70,Right,17,0.0025,-0.0005,0.0539,0.4208,0.0608,-0.0792,0.9016,2.913,,,,,,,
70,Right,18,0.0000,0.0000,0.0390,0.2296,-0.0048,-0.0384,0.9725,2.913,,,,,,,
70,Right,19,0.0000,0.0000,0.0266,0.1377,-0.0297,-0.0111,0.9900,2.913,,,,,,,
70,Right,20,0.0003,0.0016,0.0243,0.0000,0.0000,0.0000,1.0000,2.913,,,,,,,
70,Right,21,0.0230,-0.0094,0.0341,0.0183,0.1403,-0.2070,0.9680,2.913,,,,,,,
70,Right,22,0.0000,0.0000,0.0457,0.3713,-0.0217,0.0892,0.9239,2.913,,,,,,,
70,Right,23,0.0000,0.0000,0.0307,0.1950,0.0340,-0.0551,0.9787,2.913,,,,,,,
70,Right,24,0.0000,0.0000,0.0203,0.1025,-0.0488,0.0011,0.9935,2.913,,,,,,,
70,Right,25,-0.0002,0.0012,0.0219,0.0000,0.0000,0.0000,1.0000,2.913,,,,,,,
71,Left,0,0.0032,-0.0045,0.0643,0.0000,0.0000,0.0000,1.0000,2.954,,,,,,,
71,Left,1,0.0000,0.0000,0.0000,0.0000,0.0000,0.0000,1.0000,2.954,-0.0874,0.1705,-0.0241,-0.5214,0.6931,-0.4977,0.0073
71,Left,2,0.0323,-0.0111,0.0320,-0.1958,0.3531,-0.4672,0.7866,2.954,,,,,,,
71,Left,3,0.0000,0.0000,0.0325,-0.0133,-0.0713,0.0832,0.9939,2.954,,,,,,,
71,Left,4,0.0000,0.0000,0.0338,-0.1856,0.0745,-0.0851,0.9761,2.954,,,,,,,
71,Left,5,-0.0007,0.0010,0.0246,0.0000,0.0000,0.0000,1.0000,2.954,,,,,,,
71,Left,6,0.0209,-0.0070,0.0352,0.0000,0.0000,0.0000,1.0000,2.954,,,,,,,
71,Left,7,0.0027,-0.0003,0.0608,0.2600,-0.0600,-0.0251,0.9634,2.954,,,,,,,
71,Left,8,0.0000,0.0000,0.0379,0.1199,-0.0040,0.0263,0.9924,2.954,,,,,,,
71,Left,9,0.0000,0.0000,0.0243,0.0073,-0.0259,0.0165,0.9995,2.954,,,,,,,
71,Left,10,-0.0003,0.0010,0.0224,0.0000,0.0000,0.0000,1.0000,2.954,,,,,,,
71,Left,11,0.0047,-0.0064,0.0330,0.0000,0.0000,0.0000,1.0000,2.954,,,,,,,
71,Left,12,-0.0029,0.0038,0.0626,0.2907,-0.0817,0.0286,0.9529,2.954,,,,,,,
71,Left,13,0.0000,0.0000,0.0429,0.0414,-0.0039,0.0115,0.9991,2.954,,,,,,,
71,Left,14,0.0000,0.0000,0.0275,-0.0249,-0.0016,0.0412,0.9988,2.954,,,,,,,
71,Left,15,-0.0003,0.0011,0.0250,0.0000,0.0000,0.0000,1.0000,2.954,,,,,,,
71,Left,16,-0.0150,-0.0060,0.0348,0.0000,0.0000,0.0000,1.0000,2.954,,,,,,,
71,Left,17,-0.0025,-0.0005,0.0539,0.2435,-0.1210,0.0767,0.9593,2.954,,,,,,,
71,Left,18,0.0000,0.0000,0.0390,0.0664,-0.0007,0.0351,0.9972,2.954,,,,,,,
71,Left,19,0.0000,0.0000,0.0266,0.0491,0.0295,0.0069,0.9983,2.954,,,,,,,
71,Left,20,-0.0003,0.0016,0.0243,0.0000,0.0000,0.0000,1.0000,2.954,,,,,,,
71,Left,21,-0.0230,-0.0094,0.0341,0.0183,-0.1403,0.2070,0.9680,2.954,,,,,,,
71,Left,22,0.0000,0.0000,0.0457,0.1664,-0.0791,-0.0724,0.9802,2.954,,,,,,,
71,Left,23,0.0000,0.0000,0.0307,0.1310,-0.0370,0.0499,0.9894,2.954,,,,,,,
71,Left,24,0.0000,0.0000,0.0203,0.0246,0.0491,-0.0008,0.9985,2.954,,,,,,,
71,Left,25,0.0002,0.0012,0.0219,0.0000,0.0000,0.0000,1.0000,2.954,,,,,,,
71,Right,0,-0.0006,-0.0061,0.0659,0.0000,0.0000,0.0000,1.0000,2.954,,,,,,,
71,Right,1,0.0000,0.0000,0.0000,0.0000,0.0000,0.0000,1.0000,2.954,0.1812,0.1982,0.0397,0.5686,0.3480,-0.5946,0.4496
71,Right,2,-0.0221,-0.0242,0.0381,0.1858,-0.3879,0.7058,0.5628,2.954,,,,,,,
71,Right,3,0.0000,0.0000,0.0325,0.2378,0.0484,-0.0813,0.9667,2.954,,,,,,,
71,Right,4,0.0000,0.0000,0.0338,-0.0809,-0.0668,0.0839,0.9909,2.954,,,,,,,
71,Right,5,0.0007,0.0010,0.0246,0.0000,0.0000,0.0000,1.0000,2.954,,,,,,,
71,Right,6,-0.0157,-0.0135,0.0383,0.0000,0.0000,0.0000,1.0000,2.954,,,,,,,
71,Right,7,-0.0078,0.0062,0.0577,0.4229,0.0560,0.0220,0.9042,2.954,,,,,,,
71,Right,8,0.0000,0.0000,0.0379,0.2555,0.0004,-0.0263,0.9664,2.954,,,,,,,
71,Right,9,0.0000,0.0000,0.0243,0.0842,0.0246,-0.0168,0.9960,2.954,,,,,,,
71,Right,10,0.0003,0.0010,0.0224,0.0000,0.0000,0.0000,1.0000,2.954,,,,,,,
71,Right,11,0.0005,-0.0097,0.0361,0.0000,0.0000,0.0000,1.0000,2.954,,,,,,,
71,Right,12,-0.0022,0.0071,0.0596,0.4201,0.0577,-0.0311,0.9051,2.954,,,,,,,
71,Right,13,0.0000,0.0000,0.0429,0.2597,0.0013,-0.0125,0.9656,2.954,,,,,,,
71,Right,14,0.0000,0.0000,0.0275,0.1013,-0.0039,-0.0533,0.9934,2.954,,,,,,,
71,Right,15,0.0003,0.0011,0.0250,0.0000,0.0000,0.0000,1.0000,2.954,,,,,,,
71,Right,16,0.0150,-0.0060,0.0348,0.0000,0.0000,0.0000,1.0000,2.954,,,,,,,
71,Right,17,0.0025,-0.0005,0.0539,0.4243,0.0607,-0.0795,0.9000,2.954,,,,,,,
71,Right,18,0.0000,0.0000,0.0390,0.2336,-0.0049,-0.0385,0.9716,2.954,,,,,,,
71,Right,19,0.0000,0.0000,0.0266,0.1392,-0.0297,-0.0111,0.9898,2.954,,,,,,,
71,Right,20,0.0003,0.0016,0.0243,0.0000,0.0000,0.0000,1.0000,2.954,,,,,,,
71,Right,21,0.0230,-0.0094,0.0341,0.0183,0.1403,-0.2070,0.9680,2.954,,,,,,,
71,Right,22,0.0000,0.0000,0.0457,0.3767,-0.0206,0.0889,0.9218,2.954,,,,,,,
71,Right,23,0.0000,0.0000,0.0307,0.1960,0.0340,-0.0552,0.9785,2.954,,,,,,,
71,Right,24,0.0000,0.0000,0.0203,0.1033,-0.0488,0.0011,0.9934,2.954,,,,,,,
71,Right,25,-0.0002,0.0012,0.0219,0.0000,0.0000,0.0000,1.0000,2.954,,,,,,,
72,Left,0,0.0032,-0.0045,0.0643,0.0000,0.0000,0.0000,1.0000,2.996,,,,,,,
72,Left,1,0.0000,0.0000,0.0000,0.0000,0.0000,0.0000,1.0000,2.996,-0.0876,0.1705,-0.0246,-0.5230,0.6895,-0.5010,0.0072
72,Left,2,0.0323,-0.0110,0.0320,-0.1971,0.3515,-0.4662,0.7876,2.996,,,,,,,
72,Left,3,0.0000,0.0000,0.0325,-0.0135,-0.0713,0.0832,0.9939,2.996,,,,,,,
72,Left,4,0.0000,0.0000,0.0338,-0.1856,0.0745,-0.0851,0.9761,2.996,,,,,,,
72,Left,5,-0.0007,0.0010,0.0246,0.0000,0.0000,0.0000,1.0000,2.996,,,,,,,
72,Left,6,0.0209,-0.0070,0.0352,0.0000,0.0000,0.0000,1.0000,2.996,,,,,,,
72,Left,7,0.0027,-0.0003,0.0608,0.2611,-0.0591,-0.0253,0.9632,2.996,,,,,,,
72,Left,8,0.0000,0.0000,0.0379,0.1185,-0.0041,0.0263,0.9926,2.996,,,,,,,
72,Left,9,0.0000,0.0000,0.0243,0.0065,-0.0259,0.0165,0.9995,2.996,,,,,,,
72,Left,10,-0.0003,0.0010,0.0224,0.0000,0.0000,0.0000,1.0000,2.996,,,,,,,
72,Left,11,0.0047,-0.0064,0.0330,0.0000,0.0000,0.0000,1.0000,2.996,,,,,,,
72,Left,12,-0.0029,0.0038,0.0626,0.2896,-0.0827,0.0288,0.9531,2.996,,,,,,,
72,Left,13,0.0000,0.0000,0.0429,0.0400,-0.0039,0.0115,0.9991,2.996,,,,,,,
72,Left,14,0.0000,0.0000,0.0275,-0.0260,-0.0017,0.0411,0.9988,2.996,,,,,,,
72,Left,15,-0.0003,0.0011,0.0250,0.0000,0.0000,0.0000,1.0000,2.996,,,,,,,
72,Left,16,-0.0150,-0.0060,0.0348,0.0000,0.0000,0.0000,1.0000,2.996,,,,,,,
72,Left,17,-0.0025,-0.0005,0.0539,0.2440,-0.1224,0.0771,0.9589,2.996,,,,,,,
72,Left,18,0.0000,0.0000,0.0390,0.0655,-0.0008,0.0351,0.9972,2.996,,,,,,,
72,Left,19,0.0000,0.0000,0.0266,0.0480,0.0295,0.0069,0.9984,2.996,,,,,,,
72,Left,20,-0.0003,0.0016,0.0243,0.0000,0.0000,0.0000,1.0000,2.996,,,,,,,
72,Left,21,-0.0230,-0.0094,0.0341,0.0183,-0.1403,0.2070,0.9680,2.996,,,,,,,
72,Left,22,0.0000,0.0000,0.0457,0.1673,-0.0807,-0.0720,0.9800,2.996,,,,,,,
72,Left,23,0.0000,0.0000,0.0307,0.1299,-0.0370,0.0499,0.9896,2.996,,,,,,,
72,Left,24,0.0000,0.0000,0.0203,0.0231,0.0491,-0.0008,0.9985,2.996,,,,,,,
72,Left,25,0.0002,0.0012,0.0219,0.0000,0.0000,0.0000,1.0000,2.996,,,,,,,
72,Right,0,-0.0006,-0.0061,0.0659,0.0000,0.0000,0.0000,1.0000,2.996,,,,,,,
72,Right,1,0.0000,0.0000,0.0000,0.0000,0.0000,0.0000,1.0000,2.996,0.1812,0.1982,0.0401,0.5683,0.3496,-0.5962,0.4464
72,Right,2,-0.0220,-0.0242,0.0381,0.1856,-0.3877,0.7059,0.5630,2.996,,,,,,,
72,Right,3,0.0000,0.0000,0.0325,0.2371,0.0484,-0.0813,0.9668,2.996,,,,,,,
72,Right,4,0.0000,0.0000,0.0338,-0.0808,-0.0668,0.0839,0.9909,2.996,,,,,,,
72,Right,5,0.0007,0.0010,0.0246,0.0000,0.0000,0.0000,1.0000,2.996,,,,,,,
72,Right,6,-0.0157,-0.0135,0.0383,0.0000,0.0000,0.0000,1.0000,2.996,,,,,,,
72,Right,7,-0.0078,0.0062,0.0577,0.4229,0.0566,0.0218,0.9041,2.996,,,,,,,
72,Right,8,0.0000,0.0000,0.0379,0.2548,0.0004,-0.0263,0.9666,2.996,,,,,,,
72,Right,9,0.0000,0.0000,0.0243,0.0837,0.0246,-0.0168,0.9960,2.996,,,,,,,
72,Right,10,0.0003,0.0010,0.0224,0.0000,0.0000,0.0000,1.0000,2.996,,,,,,,
72,Right,11,0.0005,-0.0097,0.0361,0.0000,0.0000,0.0000,1.0000,2.996,,,,,,,
72,Right,12,-0.0022,0.0071,0.0596,0.4204,0.0584,-0.0314,0.9049,2.996,,,,,,,
72,Right,13,0.0000,0.0000,0.0429,0.2636,0.0012,-0.0125,0.9645,2.996,,,,,,,
72,Right,14,0.0000,0.0000,0.0275,0.1026,-0.0039,-0.0534,0.9933,2.996,,,,,,,
72,Right,15,0.0003,0.0011,0.0250,0.0000,0.0000,0.0000,1.0000,2.996,,,,,,,
72,Right,16,0.0150,-0.0060,0.0348,0.0000,0.0000,0.0000,1.0000,2.996,,,,,,,
72,Right,17,0.0025,-0.0005,0.0539,0.4268,0.0608,-0.0798,0.8987,2.996,,,,,,,
72,Right,18,0.0000,0.0000,0.0390,0.2393,-0.0051,-0.0386,0.9702,2.996,,,,,,,
72,Right,19,0.0000,0.0000,0.0266,0.1409,-0.0297,-0.0112,0.9895,2.996,,,,,,,
72,Right,20,0.0003,0.0016,0.0243,0.0000,0.0000,0.0000,1.0000,2.996,,,,,,,
72,Right,21,0.0230,-0.0094,0.0341,0.0183,0.1403,-0.2070,0.9680,2.996,,,,,,,
72,Right,22,0.0000,0.0000,0.0457,0.3795,-0.0196,0.0886,0.9207,2.996,,,,,,,
72,Right,23,0.0000,0.0000,0.0307,0.1969,0.0339,-0.0553,0.9783,2.996,,,,,,,
72,Right,24,0.0000,0.0000,0.0203,0.1042,-0.0488,0.0011,0.9934,2.996,,,,,,,
72,Right,25,-0.0002,0.0012,0.0219,0.0000,0.0000,0.0000,1.0000,2.996,,,,,,,
73,Left,0,0.0032,-0.0045,0.0643,0.0000,0.0000,0.0000,1.0000,3.038,,,,,,,
73,Left,1,0.0000,0.0000,0.0000,0.0000,0.0000,0.0000,1.0000,3.038,-0.0876,0.1706,-0.0242,-0.5259,0.6865,-0.5021,0.0052
73,Left,2,0.0323,-0.0110,0.0319,-0.1981,0.3504,-0.4655,0.7882,3.038,,,,,,,
73,Left,3,0.0000,0.0000,0.0325,-0.0141,-0.0714,0.0832,0.9939,3.038,,,,,,,
73,Left,4,0.0000,0.0000,0.0338,-0.1856,0.0745,-0.0851,0.9761,3.038,,,,,,,
73,Left,5,-0.0007,0.0010,0.0246,0.0000,0.0000,0.0000,1.0000,3.038,,,,,,,
73,Left,6,0.0209,-0.0070,0.0352,0.0000,0.0000,0.0000,1.0000,3.038,,,,,,,
73,Left,7,0.0027,-0.0003,0.0608,0.2620,-0.0588,-0.0253,0.9630,3.038,,,,,,,
73,Left,8,0.0000,0.0000,0.0379,0.1172,-0.0041,0.0263,0.9927,3.038,,,,,,,
73,Left,9,0.0000,0.0000,0.0243,0.0057,-0.0259,0.0165,0.9995,3.038,,,,,,,
73,Left,10,-0.0003,0.0010,0.0224,0.0000,0.0000,0.0000,1.0000,3.038,,,,,,,
73,Left,11,0.0047,-0.0064,0.0330,0.0000,0.0000,0.0000,1.0000,3.038,,,,,,,
73,Left,12,-0.0029,0.0038,0.0626,0.2891,-0.0832,0.0289,0.9532,3.038,,,,,,,
73,Left,13,0.0000,0.0000,0.0429,0.0394,-0.0039,0.0115,0.9991,3.038,,,,,,,
73,Left,14,0.0000,0.0000,0.0275,-0.0267,-0.0017,0.0410,0.9988,3.038,,,,,,,
73,Left,15,-0.0003,0.0011,0.0250,0.0000,0.0000,0.0000,1.0000,3.038,,,,,,,
73,Left,16,-0.0150,-0.0060,0.0348,0.0000,0.0000,0.0000,1.0000,3.038,,,,,,,
73,Left,17,-0.0025,-0.0005,0.0539,0.2463,-0.1233,0.0775,0.9582,3.038,,,,,,,
73,Left,18,0.0000,0.0000,0.0390,0.0654,-0.0008,0.0351,0.9972,3.038,,,,,,,
73,Left,19,0.0000,0.0000,0.0266,0.0475,0.0295,0.0069,0.9984,3.038,,,,,,,
73,Left,20,-0.0003,0.0016,0.0243,0.0000,0.0000,0.0000,1.0000,3.038,,,,,,,
73,Left,21,-0.0230,-0.0094,0.0341,0.0183,-0.1403,0.2070,0.9680,3.038,,,,,,,
73,Left,22,0.0000,0.0000,0.0457,0.1831,-0.0829,-0.0698,0.9771,3.038,,,,,,,
73,Left,23,0.0000,0.0000,0.0307,0.1296,-0.0370,0.0498,0.9896,3.038,,,,,,,
73,Left,24,0.0000,0.0000,0.0203,0.0220,0.0491,-0.0008,0.9985,3.038,,,,,,,
73,Left,25,0.0002,0.0012,0.0219,0.0000,0.0000,0.0000,1.0000,3.038,,,,,,,
73,Right,0,-0.0006,-0.0061,0.0659,0.0000,0.0000,0.0000,1.0000,3.038,,,,,,,
73,Right,1,0.0000,0.0000,0.0000,0.0000,0.0000,0.0000,1.0000,3.038,0.1809,0.1984,0.0400,0.5679,0.3499,-0.5965,0.4462
73,Right,2,-0.0220,-0.0242,0.0381,0.1856,-0.3875,0.7060,0.5629,3.038,,,,,,,
73,Right,3,0.0000,0.0000,0.0325,0.2362,0.0485,-0.0814,0.9671,3.038,,,,,,,
73,Right,4,0.0000,0.0000,0.0338,-0.0806,-0.0668,0.0839,0.9910,3.038,,,,,,,
73,Right,5,0.0007,0.0010,0.0246,0.0000,0.0000,0.0000,1.0000,3.038,,,,,,,
73,Right,6,-0.0157,-0.0135,0.0383,0.0000,0.0000,0.0000,1.0000,3.038,,,,,,,
73,Right,7,-0.0078,0.0062,0.0577,0.4227,0.0567,0.0218,0.9042,3.038,,,,,,,
73,Right,8,0.0000,0.0000,0.0379,0.2537,0.0004,-0.0263,0.9669,3.038,,,,,,,
73,Right,9,0.0000,0.0000,0.0243,0.0827,0.0246,-0.0168,0.9961,3.038,,,,,,,
73,Right,10,0.0003,0.0010,0.0224,0.0000,0.0000,0.0000,1.0000,3.038,,,,,,,
73,Right,11,0.0005,-0.0097,0.0361,0.0000,0.0000,0.0000,1.0000,3.038,,,,,,,
73,Right,12,-0.0022,0.0071,0.0596,0.4205,0.0592,-0.0318,0.9048,3.038,,,,,,,
73,Right,13,0.0000,0.0000,0.0429,0.2650,0.0012,-0.0125,0.9642,3.038,,,,,,,
73,Right,14,0.0000,0.0000,0.0275,0.1036,-0.0040,-0.0535,0.9932,3.038,,,,,,,
73,Right,15,0.0003,0.0011,0.0250,0.0000,0.0000,0.0000,1.0000,3.038,,,,,,,
73,Right,16,0.0150,-0.0060,0.0348,0.0000,0.0000,0.0000,1.0000,3.038,,,,,,,
73,Right,17,0.0025,-0.0005,0.0539,0.4284,0.0612,-0.0801,0.8980,3.038,,,,,,,
73,Right,18,0.0000,0.0000,0.0390,0.2423,-0.0052,-0.0386,0.9694,3.038,,,,,,,
73,Right,19,0.0000,0.0000,0.0266,0.1445,-0.0297,-0.0114,0.9890,3.038,,,,,,,
73,Right,20,0.0003,0.0016,0.0243,0.0000,0.0000,0.0000,1.0000,3.038,,,,,,,
73,Right,21,0.0230,-0.0094,0.0341,0.0183,0.1403,-0.2070,0.9680,3.038,,,,,,,
73,Right,22,0.0000,0.0000,0.0457,0.3811,-0.0187,0.0883,0.9201,3.038,,,,,,,
73,Right,23,0.0000,0.0000,0.0307,0.1979,0.0339,-0.0554,0.9781,3.038,,,,,,,
73,Right,24,0.0000,0.0000,0.0203,0.1054,-0.0488,0.0011,0.9932,3.038,,,,,,,
73,Right,25,-0.0002,0.0012,0.0219,0.0000,0.0000,0.0000,1.0000,3.038,,,,,,,
74,Left,0,0.0032,-0.0045,0.0643,0.0000,0.0000,0.0000,1.0000,3.079,,,,,,,
74,Left,1,0.0000,0.0000,0.0000,0.0000,0.0000,0.0000,1.0000,3.079,-0.0875,0.1707,-0.0245,-0.5261,0.6864,-0.5021,0.0046
74,Left,2,0.0323,-0.0110,0.0319,-0.1989,0.3495,-0.4648,0.7888,3.079,,,,,,,
74,Left,3,0.0000,0.0000,0.0325,-0.0149,-0.0714,0.0831,0.9939,3.079,,,,,,,
74,Left,4,0.0000,0.0000,0.0338,-0.1857,0.0746,-0.0851,0.9761,3.079,,,,,,,
74,Left,5,-0.0007,0.0010,0.0246,0.0000,0.0000,0.0000,1.0000,3.079,,,,,,,
74,Left,6,0.0209,-0.0070,0.0352,0.0000,0.0000,0.0000,1.0000,3.079,,,,,,,
74,Left,7,0.0027,-0.0004,0.0608,0.2632,-0.0583,-0.0254,0.9627,3.079,,,,,,,
74,Left,8,0.0000,0.0000,0.0379,0.1167,-0.0041,0.0263,0.9928,3.079,,,,,,,
74,Left,9,0.0000,0.0000,0.0243,0.0050,-0.0259,0.0165,0.9995,3.079,,,,,,,
74,Left,10,-0.0003,0.0010,0.0224,0.0000,0.0000,0.0000,1.0000,3.079,,,,,,,
74,Left,11,0.0047,-0.0064,0.0330,0.0000,0.0000,0.0000,1.0000,3.079,,,,,,,
74,Left,12,-0.0029,0.0038,0.0626,0.2896,-0.0837,0.0291,0.9530,3.079,,,,,,,
74,Left,13,0.0000,0.0000,0.0429,0.0395,-0.0039,0.0115,0.9991,3.079,,,,,,,
74,Left,14,0.0000,0.0000,0.0275,-0.0271,-0.0017,0.0410,0.9988,3.079,,,,,,,
74,Left,15,-0.0003,0.0011,0.0250,0.0000,0.0000,0.0000,1.0000,3.079,,,,,,,
74,Left,16,-0.0150,-0.0060,0.0348,0.0000,0.0000,0.0000,1.0000,3.079,,,,,,,
74,Left,17,-0.0025,-0.0005,0.0539,0.2516,-0.1241,0.0784,0.9566,3.079,,,,,,,
74,Left,18,0.0000,0.0000,0.0390,0.0656,-0.0008,0.0351,0.9972,3.079,,,,,,,
74,Left,19,0.0000,0.0000,0.0266,0.0472,0.0295,0.0069,0.9984,3.079,,,,,,,
74,Left,20,-0.0003,0.0016,0.0243,0.0000,0.0000,0.0000,1.0000,3.079,,,,,,,
74,Left,21,-0.0230,-0.0094,0.0341,0.0183,-0.1403,0.2070,0.9680,3.079,,,,,,,
74,Left,22,0.0000,0.0000,0.0457,0.1852,-0.0858,-0.0690,0.9765,3.079,,,,,,,
74,Left,23,0.0000,0.0000,0.0307,0.1296,-0.0370,0.0498,0.9896,3.079,,,,,,,
74,Left,24,0.0000,0.0000,0.0203,0.0211,0.0491,-0.0008,0.9986,3.079,,,,,,,
74,Left,25,0.0002,0.0012,0.0219,0.0000,0.0000,0.0000,1.0000,3.079,,,,,,,
74,Right,0,-0.0006,-0.0061,0.0659,0.0000,0.0000,0.0000,1.0000,3.079,,,,,,,
74,Right,1,0.0000,0.0000,0.0000,0.0000,0.0000,0.0000,1.0000,3.079,0.1807,0.1985,0.0402,0.5677,0.3499,-0.5968,0.4463
74,Right,2,-0.0220,-0.0242,0.0381,0.1856,-0.3872,0.7062,0.5630,3.079,,,,,,,
74,Right,3,0.0000,0.0000,0.0325,0.2355,0.0486,-0.0814,0.9672,3.079,,,,,,,
74,Right,4,0.0000,0.0000,0.0338,-0.0802,-0.0667,0.0839,0.9910,3.079,,,,,,,
74,Right,5,0.0007,0.0010,0.0246,0.0000,0.0000,0.0000,1.0000,3.079,,,,,,,
74,Right,6,-0.0157,-0.0135,0.0383,0.0000,0.0000,0.0000,1.0000,3.079,,,,,,,
74,Right,7,-0.0078,0.0062,0.0577,0.4226,0.0568,0.0217,0.9043,3.079,,,,,,,
74,Right,8,0.0000,0.0000,0.0379,0.2535,0.0004,-0.0263,0.9670,3.079,,,,,,,
74,Right,9,0.0000,0.0000,0.0243,0.0825,0.0246,-0.0168,0.9961,3.079,,,,,,,
74,Right,10,0.0003,0.0010,0.0224,0.0000,0.0000,0.0000,1.0000,3.079,,,,,,,
74,Right,11,0.0005,-0.0097,0.0361,0.0000,0.0000,0.0000,1.0000,3.079,,,,,,,
74,Right,12,-0.0022,0.0071,0.0596,0.4198,0.0599,-0.0320,0.9051,3.079,,,,,,,
74,Right,13,0.0000,0.0000,0.0429,0.2702,0.0012,-0.0126,0.9627,3.079,,,,,,,
74,Right,14,0.0000,0.0000,0.0275,0.1051,-0.0040,-0.0537,0.9930,3.079,,,,,,,
74,Right,15,0.0003,0.0011,0.0250,0.0000,0.0000,0.0000,1.0000,3.079,,,,,,,
74,Right,16,0.0150,-0.0060,0.0348,0.0000,0.0000,0.0000,1.0000,3.079,,,,,,,
74,Right,17,0.0025,-0.0005,0.0539,0.4294,0.0615,-0.0804,0.8974,3.079,,,,,,,
74,Right,18,0.0000,0.0000,0.0390,0.2518,-0.0056,-0.0388,0.9670,3.079,,,,,,,
74,Right,19,0.0000,0.0000,0.0266,0.1495,-0.0297,-0.0116,0.9882,3.079,,,,,,,
74,Right,20,0.0003,0.0016,0.0243,0.0000,0.0000,0.0000,1.0000,3.079,,,,,,,
74,Right,21,0.0230,-0.0094,0.0341,0.0183,0.1403,-0.2070,0.9680,3.079,,,,,,,
74,Right,22,0.0000,0.0000,0.0457,0.3823,-0.0177,0.0879,0.9197,3.079,,,,,,,
74,Right,23,0.0000,0.0000,0.0307,0.1995,0.0338,-0.0555,0.9777,3.079,,,,,,,
74,Right,24,0.0000,0.0000,0.0203,0.1070,-0.0488,0.0011,0.9931,3.079,,,,,,,
74,Right,25,-0.0002,0.0012,0.0219,0.0000,0.0000,0.0000,1.0000,3.079,,,,,,,
75,Left,0,0.0032,-0.0045,0.0643,0.0000,0.0000,0.0000,1.0000,3.121,,,,,,,
75,Left,1,0.0000,0.0000,0.0000,0.0000,0.0000,0.0000,1.0000,3.121,-0.0875,0.1705,-0.0249,-0.5265,0.6862,-0.5019,0.0050
75,Left,2,0.0323,-0.0110,0.0319,-0.1996,0.3490,-0.4641,0.7893,3.121,,,,,,,
75,Left,3,0.0000,0.0000,0.0325,-0.0154,-0.0715,0.0831,0.9939,3.121,,,,,,,
75,Left,4,0.0000,0.0000,0.0338,-0.1857,0.0746,-0.0851,0.9761,3.121,,,,,,,
75,Left,5,-0.0007,0.0010,0.0246,0.0000,0.0000,0.0000,1.0000,3.121,,,,,,,
75,Left,6,0.0209,-0.0069,0.0352,0.0000,0.0000,0.0000,1.0000,3.121,,,,,,,
75,Left,7,0.0027,-0.0004,0.0608,0.2641,-0.0574,-0.0256,0.9624,3.121,,,,,,,
75,Left,8,0.0000,0.0000,0.0379,0.1165,-0.0041,0.0263,0.9928,3.121,,,,,,,
75,Left,9,0.0000,0.0000,0.0243,0.0046,-0.0260,0.0165,0.9995,3.121,,,,,,,
75,Left,10,-0.0003,0.0010,0.0224,0.0000,0.0000,0.0000,1.0000,3.121,,,,,,,
75,Left,11,0.0047,-0.0064,0.0330,0.0000,0.0000,0.0000,1.0000,3.121,,,,,,,
75,Left,12,-0.0029,0.0038,0.0626,0.2903,-0.0844,0.0293,0.9527,3.121,,,,,,,
75,Left,13,0.0000,0.0000,0.0429,0.0399,-0.0039,0.0115,0.9991,3.121,,,,,,,
75,Left,14,0.0000,0.0000,0.0275,-0.0273,-0.0017,0.0409,0.9988,3.121,,,,,,,
75,Left,15,-0.0003,0.0011,0.0250,0.0000,0.0000,0.0000,1.0000,3.121,,,,,,,
75,Left,16,-0.0150,-0.0060,0.0348,0.0000,0.0000,0.0000,1.0000,3.121,,,,,,,
75,Left,17,-0.0025,-0.0005,0.0539,0.2576,-0.1248,0.0794,0.9549,3.121,,,,,,,
75,Left,18,0.0000,0.0000,0.0390,0.0662,-0.0008,0.0351,0.9972,3.121,,,,,,,
75,Left,19,0.0000,0.0000,0.0266,0.0472,0.0295,0.0069,0.9984,3.121,,,,,,,
75,Left,20,-0.0003,0.0016,0.0243,0.0000,0.0000,0.0000,1.0000,3.121,,,,,,,
75,Left,21,-0.0230,-0.0094,0.0341,0.0183,-0.1403,0.2070,0.9680,3.121,,,,,,,
75,Left,22,0.0000,0.0000,0.0457,0.1868,-0.0941,-0.0671,0.9756,3.121,,,,,,,
75,Left,23,0.0000,0.0000,0.0307,0.1298,-0.0370,0.0498,0.9896,3.121,,,,,,,
75,Left,24,0.0000,0.0000,0.0203,0.0203,0.0491,-0.0008,0.9986,3.121,,,,,,,
75,Left,25,0.0002,0.0012,0.0219,0.0000,0.0000,0.0000,1.0000,3.121,,,,,,,
75,Right,0,-0.0006,-0.0061,0.0659,0.0000,0.0000,0.0000,1.0000,3.121,,,,,,,
75,Right,1,0.0000,0.0000,0.0000,0.0000,0.0000,0.0000,1.0000,3.121,0.1805,0.1983,0.0401,0.5670,0.3500,-0.5979,0.4456
75,Right,2,-0.0220,-0.0242,0.0381,0.1858,-0.3866,0.7066,0.5629,3.121,,,,,,,
75,Right,3,0.0000,0.0000,0.0325,0.2352,0.0486,-0.0814,0.9673,3.121,,,,,,,
75,Right,4,0.0000,0.0000,0.0338,-0.0797,-0.0667,0.0839,0.9910,3.121,,,,,,,
75,Right,5,0.0007,0.0010,0.0246,0.0000,0.0000,0.0000,1.0000,3.121,,,,,,,
75,Right,6,-0.0157,-0.0136,0.0383,0.0000,0.0000,0.0000,1.0000,3.121,,,,,,,
75,Right,7,-0.0078,0.0062,0.0577,0.4224,0.0566,0.0218,0.9044,3.121,,,,,,,
75,Right,8,0.0000,0.0000,0.0379,0.2529,0.0004,-0.0263,0.9671,3.121,,,,,,,
75,Right,9,0.0000,0.0000,0.0243,0.0820,0.0246,-0.0168,0.9962,3.121,,,,,,,
75,Right,10,0.0003,0.0010,0.0224,0.0000,0.0000,0.0000,1.0000,3.121,,,,,,,
75,Right,11,0.0005,-0.0097,0.0361,0.0000,0.0000,0.0000,1.0000,3.121,,,,,,,
75,Right,12,-0.0022,0.0071,0.0596,0.4190,0.0604,-0.0322,0.9054,3.121,,,,,,,
75,Right,13,0.0000,0.0000,0.0429,0.2728,0.0011,-0.0126,0.9620,3.121,,,,,,,
75,Right,14,0.0000,0.0000,0.0275,0.1062,-0.0041,-0.0538,0.9929,3.121,,,,,,,
75,Right,15,0.0003,0.0011,0.0250,0.0000,0.0000,0.0000,1.0000,3.121,,,,,,,
75,Right,16,0.0150,-0.0060,0.0348,0.0000,0.0000,0.0000,1.0000,3.121,,,,,,,
75,Right,17,0.0025,-0.0005,0.0539,0.4300,0.0617,-0.0805,0.8971,3.121,,,,,,,
75,Right,18,0.0000,0.0000,0.0390,0.2555,-0.0057,-0.0388,0.9660,3.121,,,,,,,
75,Right,19,0.0000,0.0000,0.0266,0.1521,-0.0297,-0.0117,0.9879,3.121,,,,,,,
75,Right,20,0.0003,0.0016,0.0243,0.0000,0.0000,0.0000,1.0000,3.121,,,,,,,
75,Right,21,0.0230,-0.0094,0.0341,0.0183,0.1403,-0.2070,0.9680,3.121,,,,,,,
75,Right,22,0.0000,0.0000,0.0457,0.3831,-0.0169,0.0876,0.9194,3.121,,,,,,,
75,Right,23,0.0000,0.0000,0.0307,0.2016,0.0337,-0.0557,0.9773,3.121,,,,,,,
75,Right,24,0.0000,0.0000,0.0203,0.1086,-0.0488,0.0011,0.9929,3.121,,,,,,,
75,Right,25,-0.0002,0.0012,0.0219,0.0000,0.0000,0.0000,1.0000,3.121,,,,,,,
76,Left,0,0.0032,-0.0045,0.0643,0.0000,0.0000,0.0000,1.0000,3.163,,,,,,,
76,Left,1,0.0000,0.0000,0.0000,0.0000,0.0000,0.0000,1.0000,3.163,-0.0878,0.1704,-0.0253,-0.5273,0.6855,-0.5020,0.0054
76,Left,2,0.0323,-0.0109,0.0319,-0.2003,0.3486,-0.4634,0.7897,3.163,,,,,,,
76,Left,3,0.0000,0.0000,0.0325,-0.0151,-0.0715,0.0831,0.9939,3.163,,,,,,,
76,Left,4,0.0000,0.0000,0.0338,-0.1856,0.0745,-0.0851,0.9761,3.163,,,,,,,
76,Left,5,-0.0007,0.0010,0.0246,0.0000,0.0000,0.0000,1.0000,3.163,,,,,,,
76,Left,6,0.0209,-0.0069,0.0352,0.0000,0.0000,0.0000,1.0000,3.163,,,,,,,
76,Left,7,0.0027,-0.0004,0.0608,0.2651,-0.0565,-0.0258,0.9622,3.163,,,,,,,
76,Left,8,0.0000,0.0000,0.0379,0.1164,-0.0041,0.0263,0.9928,3.163,,,,,,,
76,Left,9,0.0000,0.0000,0.0243,0.0042,-0.0260,0.0165,0.9995,3.163,,,,,,,
76,Left,10,-0.0003,0.0010,0.0224,0.0000,0.0000,0.0000,1.0000,3.163,,,,,,,
76,Left,11,0.0047,-0.0064,0.0330,0.0000,0.0000,0.0000,1.0000,3.163,,,,,,,
76,Left,12,-0.0029,0.0038,0.0627,0.2914,-0.0854,0.0297,0.9523,3.163,,,,,,,
76,Left,13,0.0000,0.0000,0.0429,0.0405,-0.0039,0.0115,0.9991,3.163,,,,,,,
76,Left,14,0.0000,0.0000,0.0275,-0.0273,-0.0017,0.0409,0.9988,3.163,,,,,,,
76,Left,15,-0.0003,0.0011,0.0250,0.0000,0.0000,0.0000,1.0000,3.163,,,,,,,
76,Left,16,-0.0150,-0.0060,0.0348,0.0000,0.0000,0.0000,1.0000,3.163,,,,,,,
76,Left,17,-0.0025,-0.0005,0.0539,0.2637,-0.1257,0.0804,0.9530,3.163,,,,,,,
76,Left,18,0.0000,0.0000,0.0390,0.0671,-0.0007,0.0351,0.9971,3.163,,,,,,,
76,Left,19,0.0000,0.0000,0.0266,0.0473,0.0295,0.0069,0.9984,3.163,,,,,,,
76,Left,20,-0.0003,0.0016,0.0243,0.0000,0.0000,0.0000,1.0000,3.163,,,,,,,
76,Left,21,-0.0230,-0.0094,0.0341,0.0183,-0.1403,0.2070,0.9680,3.163,,,,,,,
76,Left,22,0.0000,0.0000,0.0457,0.1880,-0.0972,-0.0663,0.9751,3.163,,,,,,,
76,Left,23,0.0000,0.0000,0.0307,0.1300,-0.0370,0.0499,0.9896,3.163,,,,,,,
76,Left,24,0.0000,0.0000,0.0203,0.0195,0.0491,-0.0008,0.9986,3.163,,,,,,,
76,Left,25,0.0002,0.0012,0.0219,0.0000,0.0000,0.0000,1.0000,3.163,,,,,,,
76,Right,0,-0.0006,-0.0061,0.0659,0.0000,0.0000,0.0000,1.0000,3.163,,,,,,,
76,Right,1,0.0000,0.0000,0.0000,0.0000,0.0000,0.0000,1.0000,3.163,0.1802,0.1982,0.0401,0.5647,0.3498,-0.6011,0.4443
76,Right,2,-0.0219,-0.0242,0.0381,0.1863,-0.3857,0.7072,0.5626,3.163,,,,,,,
76,Right,3,0.0000,0.0000,0.0325,0.2350,0.0487,-0.0814,0.9674,3.163,,,,,,,
76,Right,4,0.0000,0.0000,0.0338,-0.0793,-0.0667,0.0839,0.9911,3.163,,,,,,,
76,Right,5,0.0007,0.0010,0.0246,0.0000,0.0000,0.0000,1.0000,3.163,,,,,,,
76,Right,6,-0.0157,-0.0136,0.0383,0.0000,0.0000,0.0000,1.0000,3.163,,,,,,,
76,Right,7,-0.0079,0.0063,0.0577,0.4216,0.0566,0.0218,0.9047,3.163,,,,,,,
76,Right,8,0.0000,0.0000,0.0379,0.2525,0.0004,-0.0263,0.9672,3.163,,,,,,,
76,Right,9,0.0000,0.0000,0.0243,0.0819,0.0246,-0.0168,0.9962,3.163,,,,,,,
76,Right,10,0.0003,0.0010,0.0224,0.0000,0.0000,0.0000,1.0000,3.163,,,,,,,
76,Right,11,0.0005,-0.0097,0.0361,0.0000,0.0000,0.0000,1.0000,3.163,,,,,,,
76,Right,12,-0.0023,0.0071,0.0595,0.4181,0.0611,-0.0324,0.9058,3.163,,,,,,,
76,Right,13,0.0000,0.0000,0.0429,0.2744,0.0011,-0.0126,0.9615,3.163,,,,,,,
76,Right,14,0.0000,0.0000,0.0275,0.1073,-0.0041,-0.0539,0.9928,3.163,,,,,,,
76,Right,15,0.0003,0.0011,0.0250,0.0000,0.0000,0.0000,1.0000,3.163,,,,,,,
76,Right,16,0.0150,-0.0060,0.0348,0.0000,0.0000,0.0000,1.0000,3.163,,,,,,,
76,Right,17,0.0025,-0.0005,0.0539,0.4302,0.0620,-0.0806,0.8970,3.163,,,,,,,
76,Right,18,0.0000,0.0000,0.0390,0.2569,-0.0057,-0.0389,0.9656,3.163,,,,,,,
76,Right,19,0.0000,0.0000,0.0266,0.1534,-0.0297,-0.0118,0.9876,3.163,,,,,,,
76,Right,20,0.0003,0.0016,0.0243,0.0000,0.0000,0.0000,1.0000,3.163,,,,,,,
76,Right,21,0.0230,-0.0094,0.0341,0.0183,0.1403,-0.2070,0.9680,3.163,,,,,,,
76,Right,22,0.0000,0.0000,0.0457,0.3836,-0.0163,0.0874,0.9192,3.163,,,,,,,
76,Right,23,0.0000,0.0000,0.0307,0.2032,0.0336,-0.0558,0.9770,3.163,,,,,,,
76,Right,24,0.0000,0.0000,0.0203,0.1103,-0.0488,0.0011,0.9927,3.163,,,,,,,
76,Right,25,-0.0002,0.0012,0.0219,0.0000,0.0000,0.0000,1.0000,3.163,,,,,,,
77,Left,0,0.0032,-0.0045,0.0643,0.0000,0.0000,0.0000,1.0000,3.204,,,,,,,
77,Left,1,0.0000,0.0000,0.0000,0.0000,0.0000,0.0000,1.0000,3.204,-0.0880,0.1706,-0.0255,-0.5274,0.6828,-0.5056,0.0080
77,Left,2,0.0323,-0.0109,0.0319,-0.2006,0.3483,-0.4631,0.7899,3.204,,,,,,,
77,Left,3,0.0000,0.0000,0.0325,-0.0147,-0.0714,0.0831,0.9939,3.204,,,,,,,
77,Left,4,0.0000,0.0000,0.0338,-0.1853,0.0745,-0.0851,0.9762,3.204,,,,,,,
77,Left,5,-0.0007,0.0010,0.0246,0.0000,0.0000,0.0000,1.0000,3.204,,,,,,,
77,Left,6,0.0209,-0.0069,0.0352,0.0000,0.0000,0.0000,1.0000,3.204,,,,,,,
77,Left,7,0.0027,-0.0004,0.0608,0.2660,-0.0565,-0.0257,0.9620,3.204,,,,,,,
77,Left,8,0.0000,0.0000,0.0379,0.1164,-0.0041,0.0263,0.9928,3.204,,,,,,,
77,Left,9,0.0000,0.0000,0.0243,0.0038,-0.0260,0.0165,0.9995,3.204,,,,,,,
77,Left,10,-0.0003,0.0010,0.0224,0.0000,0.0000,0.0000,1.0000,3.204,,,,,,,
77,Left,11,0.0047,-0.0064,0.0330,0.0000,0.0000,0.0000,1.0000,3.204,,,,,,,
77,Left,12,-0.0029,0.0038,0.0627,0.3008,-0.0864,0.0308,0.9493,3.204,,,,,,,
77,Left,13,0.0000,0.0000,0.0429,0.0417,-0.0039,0.0115,0.9991,3.204,,,,,,,
77,Left,14,0.0000,0.0000,0.0275,-0.0272,-0.0017,0.0409,0.9988,3.204,,,,,,,
77,Left,15,-0.0003,0.0011,0.0250,0.0000,0.0000,0.0000,1.0000,3.204,,,,,,,
77,Left,16,-0.0150,-0.0060,0.0348,0.0000,0.0000,0.0000,1.0000,3.204,,,,,,,
77,Left,17,-0.0025,-0.0005,0.0539,0.2999,-0.1253,0.0856,0.9418,3.204,,,,,,,
77,Left,18,0.0000,0.0000,0.0390,0.0691,-0.0007,0.0352,0.9970,3.204,,,,,,,
77,Left,19,0.0000,0.0000,0.0266,0.0476,0.0295,0.0069,0.9984,3.204,,,,,,,
77,Left,20,-0.0003,0.0016,0.0243,0.0000,0.0000,0.0000,1.0000,3.204,,,,,,,
77,Left,21,-0.0230,-0.0094,0.0341,0.0183,-0.1403,0.2070,0.9680,3.204,,,,,,,
77,Left,22,0.0000,0.0000,0.0457,0.2040,-0.0990,-0.0638,0.9719,3.204,,,,,,,
77,Left,23,0.0000,0.0000,0.0307,0.1306,-0.0370,0.0499,0.9895,3.204,,,,,,,
77,Left,24,0.0000,0.0000,0.0203,0.0190,0.0491,-0.0008,0.9986,3.204,,,,,,,
77,Left,25,0.0002,0.0012,0.0219,0.0000,0.0000,0.0000,1.0000,3.204,,,,,,,
77,Right,0,-0.0006,-0.0061,0.0659,0.0000,0.0000,0.0000,1.0000,3.204,,,,,,,
77,Right,1,0.0000,0.0000,0.0000,0.0000,0.0000,0.0000,1.0000,3.204,0.1800,0.1980,0.0401,0.5620,0.3483,-0.6040,0.4450
77,Right,2,-0.0219,-0.0243,0.0381,0.1867,-0.3848,0.7077,0.5623,3.204,,,,,,,
77,Right,3,0.0000,0.0000,0.0325,0.2347,0.0487,-0.0814,0.9674,3.204,,,,,,,
77,Right,4,0.0000,0.0000,0.0338,-0.0791,-0.0666,0.0839,0.9911,3.204,,,,,,,
77,Right,5,0.0007,0.0010,0.0246,0.0000,0.0000,0.0000,1.0000,3.204,,,,,,,
77,Right,6,-0.0157,-0.0136,0.0383,0.0000,0.0000,0.0000,1.0000,3.204,,,,,,,
77,Right,7,-0.0079,0.0063,0.0577,0.4208,0.0567,0.0218,0.9051,3.204,,,,,,,
77,Right,8,0.0000,0.0000,0.0379,0.2525,0.0004,-0.0263,0.9672,3.204,,,,,,,
77,Right,9,0.0000,0.0000,0.0243,0.0818,0.0246,-0.0168,0.9962,3.204,,,,,,,
77,Right,10,0.0003,0.0010,0.0224,0.0000,0.0000,0.0000,1.0000,3.204,,,,,,,
77,Right,11,0.0006,-0.0097,0.0361,0.0000,0.0000,0.0000,1.0000,3.204,,,,,,,
77,Right,12,-0.0023,0.0071,0.0595,0.4167,0.0617,-0.0325,0.9064,3.204,,,,,,,
77,Right,13,0.0000,0.0000,0.0429,0.2756,0.0011,-0.0126,0.9612,3.204,,,,,,,
77,Right,14,0.0000,0.0000,0.0275,0.1084,-0.0042,-0.0540,0.9926,3.204,,,,,,,
77,Right,15,0.0003,0.0011,0.0250,0.0000,0.0000,0.0000,1.0000,3.204,,,,,,,
77,Right,16,0.0150,-0.0060,0.0348,0.0000,0.0000,0.0000,1.0000,3.204,,,,,,,
77,Right,17,0.0025,-0.0005,0.0539,0.4301,0.0625,-0.0808,0.8970,3.204,,,,,,,
77,Right,18,0.0000,0.0000,0.0390,0.2582,-0.0058,-0.0389,0.9653,3.204,,,,,,,
77,Right,19,0.0000,0.0000,0.0266,0.1546,-0.0297,-0.0119,0.9875,3.204,,,,,,,
77,Right,20,0.0003,0.0016,0.0243,0.0000,0.0000,0.0000,1.0000,3.204,,,,,,,
77,Right,21,0.0230,-0.0094,0.0341,0.0183,0.1403,-0.2070,0.9680,3.204,,,,,,,
77,Right,22,0.0000,0.0000,0.0457,0.3838,-0.0154,0.0870,0.9192,3.204,,,,,,,
77,Right,23,0.0000,0.0000,0.0307,0.2048,0.0335,-0.0559,0.9766,3.204,,,,,,,
77,Right,24,0.0000,0.0000,0.0203,0.1119,-0.0488,0.0011,0.9925,3.204,,,,,,,
77,Right,25,-0.0002,0.0012,0.0219,0.0000,0.0000,0.0000,1.0000,3.204,,,,,,,
78,Left,0,0.0032,-0.0045,0.0643,0.0000,0.0000,0.0000,1.0000,3.246,,,,,,,
78,Left,1,0.0000,0.0000,0.0000,0.0000,0.0000,0.0000,1.0000,3.246,-0.0879,0.1707,-0.0259,-0.5275,0.6820,-0.5065,0.0080
78,Left,2,0.0323,-0.0109,0.0319,-0.2007,0.3477,-0.4632,0.7901,3.246,,,,,,,
78,Left,3,0.0000,0.0000,0.0325,-0.0152,-0.0715,0.0831,0.9939,3.246,,,,,,,
78,Left,4,0.0000,0.0000,0.0338,-0.1852,0.0745,-0.0851,0.9762,3.246,,,,,,,
78,Left,5,-0.0007,0.0010,0.0246,0.0000,0.0000,0.0000,1.0000,3.246,,,,,,,
78,Left,6,0.0209,-0.0069,0.0352,0.0000,0.0000,0.0000,1.0000,3.246,,,,,,,
78,Left,7,0.0027,-0.0004,0.0608,0.2670,-0.0562,-0.0258,0.9617,3.246,,,,,,,
78,Left,8,0.0000,0.0000,0.0379,0.1169,-0.0041,0.0263,0.9928,3.246,,,,,,,
78,Left,9,0.0000,0.0000,0.0243,0.0035,-0.0260,0.0165,0.9995,3.246,,,,,,,
78,Left,10,-0.0003,0.0010,0.0224,0.0000,0.0000,0.0000,1.0000,3.246,,,,,,,
78,Left,11,0.0047,-0.0064,0.0330,0.0000,0.0000,0.0000,1.0000,3.246,,,,,,,
78,Left,12,-0.0029,0.0038,0.0627,0.3188,-0.0864,0.0325,0.9433,3.246,,,,,,,
78,Left,13,0.0000,0.0000,0.0429,0.0509,-0.0038,0.0116,0.9986,3.246,,,,,,,
78,Left,14,0.0000,0.0000,0.0275,-0.0262,-0.0017,0.0410,0.9988,3.246,,,,,,,
78,Left,15,-0.0003,0.0011,0.0250,0.0000,0.0000,0.0000,1.0000,3.246,,,,,,,
78,Left,16,-0.0150,-0.0060,0.0348,0.0000,0.0000,0.0000,1.0000,3.246,,,,,,,
78,Left,17,-0.0025,-0.0005,0.0539,0.3244,-0.1242,0.0890,0.9335,3.246,,,,,,,
78,Left,18,0.0000,0.0000,0.0390,0.0773,-0.0004,0.0353,0.9964,3.246,,,,,,,
78,Left,19,0.0000,0.0000,0.0266,0.0487,0.0295,0.0069,0.9984,3.246,,,,,,,
78,Left,20,-0.0003,0.0016,0.0243,0.0000,0.0000,0.0000,1.0000,3.246,,,,,,,
78,Left,21,-0.0230,-0.0094,0.0341,0.0183,-0.1403,0.2070,0.9680,3.246,,,,,,,
78,Left,22,0.0000,0.0000,0.0457,0.2422,-0.1029,-0.0577,0.9630,3.246,,,,,,,
78,Left,23,0.0000,0.0000,0.0307,0.1339,-0.0368,0.0502,0.9890,3.246,,,,,,,
78,Left,24,0.0000,0.0000,0.0203,0.0191,0.0491,-0.0008,0.9986,3.246,,,,,,,
78,Left,25,0.0002,0.0012,0.0219,0.0000,0.0000,0.0000,1.0000,3.246,,,,,,,
78,Right,0,-0.0006,-0.0061,0.0659,0.0000,0.0000,0.0000,1.0000,3.246,,,,,,,
78,Right,1,0.0000,0.0000,0.0000,0.0000,0.0000,0.0000,1.0000,3.246,0.1798,0.1979,0.0401,0.5610,0.3478,-0.6049,0.4454
78,Right,2,-0.0218,-0.0243,0.0382,0.1873,-0.3839,0.7083,0.5620,3.246,,,,,,,
78,Right,3,0.0000,0.0000,0.0325,0.2348,0.0487,-0.0814,0.9674,3.246,,,,,,,
78,Right,4,0.0000,0.0000,0.0338,-0.0788,-0.0666,0.0839,0.9911,3.246,,,,,,,
78,Right,5,0.0007,0.0010,0.0246,0.0000,0.0000,0.0000,1.0000,3.246,,,,,,,
78,Right,6,-0.0156,-0.0136,0.0383,0.0000,0.0000,0.0000,1.0000,3.246,,,,,,,
78,Right,7,-0.0079,0.0063,0.0577,0.4205,0.0568,0.0218,0.9053,3.246,,,,,,,
78,Right,8,0.0000,0.0000,0.0379,0.2520,0.0005,-0.0263,0.9674,3.246,,,,,,,
78,Right,9,0.0000,0.0000,0.0243,0.0817,0.0246,-0.0168,0.9962,3.246,,,,,,,
78,Right,10,0.0003,0.0010,0.0224,0.0000,0.0000,0.0000,1.0000,3.246,,,,,,,
78,Right,11,0.0006,-0.0097,0.0361,0.0000,0.0000,0.0000,1.0000,3.246,,,,,,,
78,Right,12,-0.0023,0.0072,0.0595,0.4159,0.0620,-0.0326,0.9067,3.246,,,,,,,
78,Right,13,0.0000,0.0000,0.0429,0.2762,0.0011,-0.0126,0.9610,3.246,,,,,,,
78,Right,14,0.0000,0.0000,0.0275,0.1089,-0.0042,-0.0540,0.9926,3.246,,,,,,,
78,Right,15,0.0003,0.0011,0.0250,0.0000,0.0000,0.0000,1.0000,3.246,,,,,,,
78,Right,16,0.0150,-0.0060,0.0348,0.0000,0.0000,0.0000,1.0000,3.246,,,,,,,
78,Right,17,0.0025,-0.0005,0.0539,0.4299,0.0628,-0.0809,0.8970,3.246,,,,,,,
78,Right,18,0.0000,0.0000,0.0390,0.2592,-0.0058,-0.0389,0.9650,3.246,,,,,,,
78,Right,19,0.0000,0.0000,0.0266,0.1554,-0.0297,-0.0119,0.9873,3.246,,,,,,,
78,Right,20,0.0003,0.0016,0.0243,0.0000,0.0000,0.0000,1.0000,3.246,,,,,,,
78,Right,21,0.0230,-0.0094,0.0341,0.0183,0.1403,-0.2070,0.9680,3.246,,,,,,,
78,Right,22,0.0000,0.0000,0.0457,0.3841,-0.0148,0.0868,0.9191,3.246,,,,,,,
78,Right,23,0.0000,0.0000,0.0307,0.2061,0.0335,-0.0560,0.9764,3.246,,,,,,,
78,Right,24,0.0000,0.0000,0.0203,0.1129,-0.0488,0.0011,0.9924,3.246,,,,,,,
78,Right,25,-0.0002,0.0012,0.0219,0.0000,0.0000,0.0000,1.0000,3.246,,,,,,,
79,Left,0,0.0032,-0.0045,0.0643,0.0000,0.0000,0.0000,1.0000,3.288,,,,,,,
79,Left,1,0.0000,0.0000,0.0000,0.0000,0.0000,0.0000,1.0000,3.288,-0.0879,0.1708,-0.0261,-0.5272,0.6803,-0.5091,0.0093
79,Left,2,0.0323,-0.0110,0.0319,-0.2006,0.3479,-0.4633,0.7900,3.288,,,,,,,
79,Left,3,0.0000,0.0000,0.0325,-0.0151,-0.0715,0.0831,0.9939,3.288,,,,,,,
79,Left,4,0.0000,0.0000,0.0338,-0.1849,0.0745,-0.0851,0.9762,3.288,,,,,,,
79,Left,5,-0.0007,0.0010,0.0246,0.0000,0.0000,0.0000,1.0000,3.288,,,,,,,
79,Left,6,0.0209,-0.0069,0.0352,0.0000,0.0000,0.0000,1.0000,3.288,,,,,,,
79,Left,7,0.0027,-0.0004,0.0608,0.2673,-0.0562,-0.0258,0.9616,3.288,,,,,,,
79,Left,8,0.0000,0.0000,0.0379,0.1177,-0.0041,0.0263,0.9927,3.288,,,,,,,
79,Left,9,0.0000,0.0000,0.0243,0.0036,-0.0260,0.0165,0.9995,3.288,,,,,,,
79,Left,10,-0.0003,0.0010,0.0224,0.0000,0.0000,0.0000,1.0000,3.288,,,,,,,
79,Left,11,0.0047,-0.0064,0.0330,0.0000,0.0000,0.0000,1.0000,3.288,,,,,,,
79,Left,12,-0.0029,0.0038,0.0627,0.3252,-0.0871,0.0334,0.9410,3.288,,,,,,,
79,Left,13,0.0000,0.0000,0.0429,0.0574,-0.0037,0.0116,0.9983,3.288,,,,,,,
79,Left,14,0.0000,0.0000,0.0275,-0.0250,-0.0016,0.0412,0.9988,3.288,,,,,,,
79,Left,15,-0.0003,0.0011,0.0250,0.0000,0.0000,0.0000,1.0000,3.288,,,,,,,
79,Left,16,-0.0150,-0.0060,0.0348,0.0000,0.0000,0.0000,1.0000,3.288,,,,,,,
79,Left,17,-0.0025,-0.0005,0.0539,0.3325,-0.1249,0.0904,0.9304,3.288,,,,,,,
79,Left,18,0.0000,0.0000,0.0390,0.0827,-0.0002,0.0355,0.9959,3.288,,,,,,,
79,Left,19,0.0000,0.0000,0.0266,0.0500,0.0295,0.0070,0.9983,3.288,,,,,,,
79,Left,20,-0.0003,0.0016,0.0243,0.0000,0.0000,0.0000,1.0000,3.288,,,,,,,
79,Left,21,-0.0230,-0.0094,0.0341,0.0183,-0.1403,0.2070,0.9680,3.288,,,,,,,
79,Left,22,0.0000,0.0000,0.0457,0.2604,-0.1074,-0.0539,0.9580,3.288,,,,,,,
79,Left,23,0.0000,0.0000,0.0307,0.1397,-0.0366,0.0507,0.9882,3.288,,,,,,,
79,Left,24,0.0000,0.0000,0.0203,0.0196,0.0491,-0.0008,0.9986,3.288,,,,,,,
79,Left,25,0.0002,0.0012,0.0219,0.0000,0.0000,0.0000,1.0000,3.288,,,,,,,
79,Right,0,-0.0006,-0.0061,0.0659,0.0000,0.0000,0.0000,1.0000,3.288,,,,,,,
79,Right,1,0.0000,0.0000,0.0000,0.0000,0.0000,0.0000,1.0000,3.288,0.1796,0.1977,0.0398,0.5605,0.3467,-0.6052,0.4464
79,Right,2,-0.0218,-0.0243,0.0382,0.1878,-0.3833,0.7088,0.5617,3.288,,,,,,,
79,Right,3,0.0000,0.0000,0.0325,0.2350,0.0487,-0.0814,0.9674,3.288,,,,,,,
79,Right,4,0.0000,0.0000,0.0338,-0.0784,-0.0666,0.0839,0.9912,3.288,,,,,,,
79,Right,5,0.0007,0.0010,0.0246,0.0000,0.0000,0.0000,1.0000,3.288,,,,,,,
79,Right,6,-0.0156,-0.0136,0.0383,0.0000,0.0000,0.0000,1.0000,3.288,,,,,,,
79,Right,7,-0.0079,0.0063,0.0577,0.4201,0.0568,0.0218,0.9054,3.288,,,,,,,
79,Right,8,0.0000,0.0000,0.0379,0.2514,0.0005,-0.0263,0.9675,3.288,,,,,,,
79,Right,9,0.0000,0.0000,0.0243,0.0816,0.0246,-0.0168,0.9962,3.288,,,,,,,
79,Right,10,0.0003,0.0010,0.0224,0.0000,0.0000,0.0000,1.0000,3.288,,,,,,,
79,Right,11,0.0006,-0.0097,0.0361,0.0000,0.0000,0.0000,1.0000,3.288,,,,,,,
79,Right,12,-0.0023,0.0072,0.0595,0.4147,0.0622,-0.0325,0.9073,3.288,,,,,,,
79,Right,13,0.0000,0.0000,0.0429,0.2763,0.0011,-0.0126,0.9610,3.288,,,,,,,
79,Right,14,0.0000,0.0000,0.0275,0.1091,-0.0042,-0.0541,0.9926,3.288,,,,,,,
79,Right,15,0.0003,0.0011,0.0250,0.0000,0.0000,0.0000,1.0000,3.288,,,,,,,
79,Right,16,0.0150,-0.0060,0.0348,0.0000,0.0000,0.0000,1.0000,3.288,,,,,,,
79,Right,17,0.0025,-0.0005,0.0539,0.4292,0.0632,-0.0810,0.8973,3.288,,,,,,,
79,Right,18,0.0000,0.0000,0.0390,0.2590,-0.0058,-0.0389,0.9651,3.288,,,,,,,
79,Right,19,0.0000,0.0000,0.0266,0.1557,-0.0297,-0.0119,0.9873,3.288,,,,,,,
79,Right,20,0.0003,0.0016,0.0243,0.0000,0.0000,0.0000,1.0000,3.288,,,,,,,
79,Right,21,0.0230,-0.0094,0.0341,0.0183,0.1403,-0.2070,0.9680,3.288,,,,,,,
79,Right,22,0.0000,0.0000,0.0457,0.3840,-0.0142,0.0866,0.9192,3.288,,,,,,,
79,Right,23,0.0000,0.0000,0.0307,0.2066,0.0335,-0.0561,0.9763,3.288,,,,,,,
79,Right,24,0.0000,0.0000,0.0203,0.1135,-0.0488,0.0011,0.9923,3.288,,,,,,,
79,Right,25,-0.0002,0.0012,0.0219,0.0000,0.0000,0.0000,1.0000,3.288,,,,,,,
80,Left,0,0.0032,-0.0045,0.0643,0.0000,0.0000,0.0000,1.0000,3.329,,,,,,,
80,Left,1,0.0000,0.0000,0.0000,0.0000,0.0000,0.0000,1.0000,3.329,-0.0880,0.1709,-0.0264,-0.5269,0.6778,-0.5128,0.0103
80,Left,2,0.0323,-0.0109,0.0319,-0.2005,0.3481,-0.4633,0.7899,3.329,,,,,,,
80,Left,3,0.0000,0.0000,0.0325,-0.0152,-0.0715,0.0831,0.9939,3.329,,,,,,,
80,Left,4,0.0000,0.0000,0.0338,-0.1848,0.0745,-0.0851,0.9762,3.329,,,,,,,
80,Left,5,-0.0007,0.0010,0.0246,0.0000,0.0000,0.0000,1.0000,3.329,,,,,,,
80,Left,6,0.0209,-0.0069,0.0352,0.0000,0.0000,0.0000,1.0000,3.329,,,,,,,
80,Left,7,0.0027,-0.0004,0.0608,0.2672,-0.0563,-0.0257,0.9616,3.329,,,,,,,
80,Left,8,0.0000,0.0000,0.0379,0.1183,-0.0041,0.0263,0.9926,3.329,,,,,,,
80,Left,9,0.0000,0.0000,0.0243,0.0036,-0.0260,0.0165,0.9995,3.329,,,,,,,
80,Left,10,-0.0003,0.0010,0.0224,0.0000,0.0000,0.0000,1.0000,3.329,,,,,,,
80,Left,11,0.0047,-0.0064,0.0330,0.0000,0.0000,0.0000,1.0000,3.329,,,,,,,
80,Left,12,-0.0029,0.0038,0.0627,0.3262,-0.0877,0.0336,0.9406,3.329,,,,,,,
80,Left,13,0.0000,0.0000,0.0429,0.0588,-0.0037,0.0116,0.9982,3.329,,,,,,,
80,Left,14,0.0000,0.0000,0.0275,-0.0241,-0.0016,0.0413,0.9989,3.329,,,,,,,
80,Left,15,-0.0003,0.0011,0.0250,0.0000,0.0000,0.0000,1.0000,3.329,,,,,,,
80,Left,16,-0.0150,-0.0060,0.0348,0.0000,0.0000,0.0000,1.0000,3.329,,,,,,,
80,Left,17,-0.0025,-0.0005,0.0539,0.3333,-0.1256,0.0907,0.9300,3.329,,,,,,,
80,Left,18,0.0000,0.0000,0.0390,0.0840,-0.0002,0.0355,0.9958,3.329,,,,,,,
80,Left,19,0.0000,0.0000,0.0266,0.0511,0.0295,0.0070,0.9982,3.329,,,,,,,
80,Left,20,-0.0003,0.0016,0.0243,0.0000,0.0000,0.0000,1.0000,3.329,,,,,,,
80,Left,21,-0.0230,-0.0094,0.0341,0.0183,-0.1403,0.2070,0.9680,3.329,,,,,,,
80,Left,22,0.0000,0.0000,0.0457,0.2660,-0.1116,-0.0518,0.9561,3.329,,,,,,,
80,Left,23,0.0000,0.0000,0.0307,0.1413,-0.0365,0.0508,0.9880,3.329,,,,,,,
80,Left,24,0.0000,0.0000,0.0203,0.0199,0.0491,-0.0008,0.9986,3.329,,,,,,,
80,Left,25,0.0002,0.0012,0.0219,0.0000,0.0000,0.0000,1.0000,3.329,,,,,,,
80,Right,0,-0.0006,-0.0061,0.0659,0.0000,0.0000,0.0000,1.0000,3.329,,,,,,,
80,Right,1,0.0000,0.0000,0.0000,0.0000,0.0000,0.0000,1.0000,3.329,0.1794,0.1975,0.0395,0.5592,0.3453,-0.6064,0.4476
80,Right,2,-0.0218,-0.0243,0.0382,0.1883,-0.3826,0.7092,0.5614,3.329,,,,,,,
80,Right,3,0.0000,0.0000,0.0325,0.2355,0.0486,-0.0814,0.9672,3.329,,,,,,,
80,Right,4,0.0000,0.0000,0.0338,-0.0775,-0.0665,0.0838,0.9912,3.329,,,,,,,
80,Right,5,0.0007,0.0010,0.0246,0.0000,0.0000,0.0000,1.0000,3.329,,,,,,,
80,Right,6,-0.0156,-0.0136,0.0383,0.0000,0.0000,0.0000,1.0000,3.329,,,,,,,
80,Right,7,-0.0080,0.0063,0.0577,0.4200,0.0567,0.0218,0.9055,3.329,,,,,,,
80,Right,8,0.0000,0.0000,0.0379,0.2512,0.0005,-0.0263,0.9676,3.329,,,,,,,
80,Right,9,0.0000,0.0000,0.0243,0.0816,0.0246,-0.0168,0.9962,3.329,,,,,,,
80,Right,10,0.0003,0.0010,0.0224,0.0000,0.0000,0.0000,1.0000,3.329,,,,,,,
80,Right,11,0.0006,-0.0097,0.0361,0.0000,0.0000,0.0000,1.0000,3.329,,,,,,,
80,Right,12,-0.0023,0.0072,0.0595,0.4141,0.0623,-0.0325,0.9075,3.329,,,,,,,
80,Right,13,0.0000,0.0000,0.0429,0.2759,0.0011,-0.0126,0.9611,3.329,,,,,,,
80,Right,14,0.0000,0.0000,0.0275,0.1086,-0.0042,-0.0540,0.9926,3.329,,,,,,,
80,Right,15,0.0003,0.0011,0.0250,0.0000,0.0000,0.0000,1.0000,3.329,,,,,,,
80,Right,16,0.0150,-0.0060,0.0348,0.0000,0.0000,0.0000,1.0000,3.329,,,,,,,
80,Right,17,0.0025,-0.0005,0.0539,0.4289,0.0631,-0.0810,0.8975,3.329,,,,,,,
80,Right,18,0.0000,0.0000,0.0390,0.2585,-0.0058,-0.0389,0.9652,3.329,,,,,,,
80,Right,19,0.0000,0.0000,0.0266,0.1553,-0.0297,-0.0119,0.9874,3.329,,,,,,,
80,Right,20,0.0003,0.0016,0.0243,0.0000,0.0000,0.0000,1.0000,3.329,,,,,,,
80,Right,21,0.0230,-0.0094,0.0341,0.0183,0.1403,-0.2070,0.9680,3.329,,,,,,,
80,Right,22,0.0000,0.0000,0.0457,0.3842,-0.0142,0.0866,0.9191,3.329,,,,,,,
80,Right,23,0.0000,0.0000,0.0307,0.2070,0.0334,-0.0561,0.9762,3.329,,,,,,,
80,Right,24,0.0000,0.0000,0.0203,0.1135,-0.0488,0.0011,0.9923,3.329,,,,,,,
80,Right,25,-0.0002,0.0012,0.0219,0.0000,0.0000,0.0000,1.0000,3.329,,,,,,,
81,Left,0,0.0032,-0.0045,0.0643,0.0000,0.0000,0.0000,1.0000,3.371,,,,,,,
81,Left,1,0.0000,0.0000,0.0000,0.0000,0.0000,0.0000,1.0000,3.371,-0.0879,0.1712,-0.0266,-0.5263,0.6770,-0.5143,0.0097
81,Left,2,0.0323,-0.0110,0.0319,-0.2004,0.3480,-0.4635,0.7899,3.371,,,,,,,
81,Left,3,0.0000,0.0000,0.0325,-0.0152,-0.0715,0.0831,0.9939,3.371,,,,,,,
81,Left,4,0.0000,0.0000,0.0338,-0.1850,0.0745,-0.0851,0.9762,3.371,,,,,,,
81,Left,5,-0.0007,0.0010,0.0246,0.0000,0.0000,0.0000,1.0000,3.371,,,,,,,
81,Left,6,0.0209,-0.0069,0.0352,0.0000,0.0000,0.0000,1.0000,3.371,,,,,,,
81,Left,7,0.0027,-0.0004,0.0608,0.2676,-0.0565,-0.0257,0.9615,3.371,,,,,,,
81,Left,8,0.0000,0.0000,0.0379,0.1191,-0.0041,0.0263,0.9925,3.371,,,,,,,
81,Left,9,0.0000,0.0000,0.0243,0.0038,-0.0260,0.0165,0.9995,3.371,,,,,,,
81,Left,10,-0.0003,0.0010,0.0224,0.0000,0.0000,0.0000,1.0000,3.371,,,,,,,
81,Left,11,0.0047,-0.0064,0.0330,0.0000,0.0000,0.0000,1.0000,3.371,,,,,,,
81,Left,12,-0.0029,0.0038,0.0627,0.3269,-0.0878,0.0337,0.9404,3.371,,,,,,,
81,Left,13,0.0000,0.0000,0.0429,0.0597,-0.0037,0.0116,0.9981,3.371,,,,,,,
81,Left,14,0.0000,0.0000,0.0275,-0.0232,-0.0016,0.0413,0.9989,3.371,,,,,,,
81,Left,15,-0.0003,0.0011,0.0250,0.0000,0.0000,0.0000,1.0000,3.371,,,,,,,
81,Left,16,-0.0150,-0.0060,0.0348,0.0000,0.0000,0.0000,1.0000,3.371,,,,,,,
81,Left,17,-0.0025,-0.0005,0.0539,0.3343,-0.1269,0.0913,0.9294,3.371,,,,,,,
81,Left,18,0.0000,0.0000,0.0390,0.0851,-0.0001,0.0355,0.9957,3.371,,,,,,,
81,Left,19,0.0000,0.0000,0.0266,0.0521,0.0295,0.0071,0.9982,3.371,,,,,,,
81,Left,20,-0.0003,0.0016,0.0243,0.0000,0.0000,0.0000,1.0000,3.371,,,,,,,
81,Left,21,-0.0230,-0.0094,0.0341,0.0183,-0.1403,0.2070,0.9680,3.371,,,,,,,
81,Left,22,0.0000,0.0000,0.0457,0.2754,-0.1158,-0.0492,0.9531,3.371,,,,,,,
81,Left,23,0.0000,0.0000,0.0307,0.1429,-0.0364,0.0509,0.9878,3.371,,,,,,,
81,Left,24,0.0000,0.0000,0.0203,0.0202,0.0491,-0.0008,0.9986,3.371,,,,,,,
81,Left,25,0.0002,0.0012,0.0219,0.0000,0.0000,0.0000,1.0000,3.371,,,,,,,
81,Right,0,-0.0005,-0.0061,0.0659,0.0000,0.0000,0.0000,1.0000,3.371,,,,,,,
81,Right,1,0.0000,0.0000,0.0000,0.0000,0.0000,0.0000,1.0000,3.371,0.1793,0.1974,0.0391,0.5566,0.3432,-0.6082,0.4501
81,Right,2,-0.0217,-0.0244,0.0382,0.1888,-0.3819,0.7097,0.5610,3.371,,,,,,,
81,Right,3,0.0000,0.0000,0.0325,0.2357,0.0486,-0.0814,0.9672,3.371,,,,,,,
81,Right,4,0.0000,0.0000,0.0338,-0.0768,-0.0665,0.0838,0.9913,3.371,,,,,,,
81,Right,5,0.0007,0.0010,0.0246,0.0000,0.0000,0.0000,1.0000,3.371,,,,,,,
81,Right,6,-0.0156,-0.0136,0.0383,0.0000,0.0000,0.0000,1.0000,3.371,,,,,,,
81,Right,7,-0.0080,0.0063,0.0577,0.4196,0.0571,0.0217,0.9057,3.371,,,,,,,
81,Right,8,0.0000,0.0000,0.0379,0.2521,0.0005,-0.0263,0.9673,3.371,,,,,,,
81,Right,9,0.0000,0.0000,0.0243,0.0823,0.0246,-0.0168,0.9962,3.371,,,,,,,
81,Right,10,0.0003,0.0010,0.0224,0.0000,0.0000,0.0000,1.0000,3.371,,,,,,,
81,Right,11,0.0006,-0.0097,0.0361,0.0000,0.0000,0.0000,1.0000,3.371,,,,,,,
81,Right,12,-0.0024,0.0072,0.0595,0.4134,0.0622,-0.0325,0.9078,3.371,,,,,,,
81,Right,13,0.0000,0.0000,0.0429,0.2762,0.0011,-0.0126,0.9610,3.371,,,,,,,
81,Right,14,0.0000,0.0000,0.0275,0.1082,-0.0042,-0.0540,0.9927,3.371,,,,,,,
81,Right,15,0.0003,0.0011,0.0250,0.0000,0.0000,0.0000,1.0000,3.371,,,,,,,
81,Right,16,0.0150,-0.0060,0.0348,0.0000,0.0000,0.0000,1.0000,3.371,,,,,,,
81,Right,17,0.0025,-0.0005,0.0539,0.4286,0.0628,-0.0808,0.8977,3.371,,,,,,,
81,Right,18,0.0000,0.0000,0.0390,0.2580,-0.0058,-0.0389,0.9653,3.371,,,,,,,
81,Right,19,0.0000,0.0000,0.0266,0.1549,-0.0297,-0.0119,0.9874,3.371,,,,,,,
81,Right,20,0.0003,0.0016,0.0243,0.0000,0.0000,0.0000,1.0000,3.371,,,,,,,
81,Right,21,0.0230,-0.0094,0.0341,0.0183,0.1403,-0.2070,0.9680,3.371,,,,,,,
81,Right,22,0.0000,0.0000,0.0457,0.3846,-0.0144,0.0867,0.9189,3.371,,,,,,,
81,Right,23,0.0000,0.0000,0.0307,0.2072,0.0334,-0.0561,0.9761,3.371,,,,,,,
81,Right,24,0.0000,0.0000,0.0203,0.1135,-0.0488,0.0011,0.9923,3.371,,,,,,,
81,Right,25,-0.0002,0.0012,0.0219,0.0000,0.0000,0.0000,1.0000,3.371,,,,,,,
82,Left,0,0.0032,-0.0045,0.0643,0.0000,0.0000,0.0000,1.0000,3.413,,,,,,,
82,Left,1,0.0000,0.0000,0.0000,0.0000,0.0000,0.0000,1.0000,3.413,-0.0877,0.1713,-0.0266,-0.5248,0.6775,-0.5152,0.0110
82,Left,2,0.0323,-0.0110,0.0319,-0.1998,0.3487,-0.4640,0.7894,3.413,,,,,,,
82,Left,3,0.0000,0.0000,0.0325,-0.0152,-0.0715,0.0831,0.9939,3.413,,,,,,,
82,Left,4,0.0000,0.0000,0.0338,-0.1851,0.0745,-0.0851,0.9762,3.413,,,,,,,
82,Left,5,-0.0007,0.0010,0.0246,0.0000,0.0000,0.0000,1.0000,3.413,,,,,,,
82,Left,6,0.0209,-0.0069,0.0352,0.0000,0.0000,0.0000,1.0000,3.413,,,,,,,
82,Left,7,0.0027,-0.0004,0.0608,0.2686,-0.0561,-0.0258,0.9613,3.413,,,,,,,
82,Left,8,0.0000,0.0000,0.0379,0.1197,-0.0041,0.0263,0.9925,3.413,,,,,,,
82,Left,9,0.0000,0.0000,0.0243,0.0037,-0.0260,0.0165,0.9995,3.413,,,,,,,
82,Left,10,-0.0003,0.0010,0.0224,0.0000,0.0000,0.0000,1.0000,3.413,,,,,,,
82,Left,11,0.0047,-0.0064,0.0330,0.0000,0.0000,0.0000,1.0000,3.413,,,,,,,
82,Left,12,-0.0029,0.0038,0.0626,0.3281,-0.0876,0.0338,0.9400,3.413,,,,,,,
82,Left,13,0.0000,0.0000,0.0429,0.0604,-0.0037,0.0116,0.9981,3.413,,,,,,,
82,Left,14,0.0000,0.0000,0.0275,-0.0226,-0.0015,0.0414,0.9989,3.413,,,,,,,
82,Left,15,-0.0003,0.0011,0.0250,0.0000,0.0000,0.0000,1.0000,3.413,,,,,,,
82,Left,16,-0.0150,-0.0060,0.0348,0.0000,0.0000,0.0000,1.0000,3.413,,,,,,,
82,Left,17,-0.0025,-0.0005,0.0539,0.3356,-0.1275,0.0917,0.9288,3.413,,,,,,,
82,Left,18,0.0000,0.0000,0.0390,0.0855,-0.0001,0.0355,0.9957,3.413,,,,,,,
82,Left,19,0.0000,0.0000,0.0266,0.0528,0.0295,0.0071,0.9981,3.413,,,,,,,
82,Left,20,-0.0003,0.0016,0.0243,0.0000,0.0000,0.0000,1.0000,3.413,,,,,,,
82,Left,21,-0.0230,-0.0094,0.0341,0.0183,-0.1403,0.2070,0.9680,3.413,,,,,,,
82,Left,22,0.0000,0.0000,0.0457,0.2785,-0.1198,-0.0475,0.9518,3.413,,,,,,,
82,Left,23,0.0000,0.0000,0.0307,0.1437,-0.0364,0.0510,0.9876,3.413,,,,,,,
82,Left,24,0.0000,0.0000,0.0203,0.0201,0.0491,-0.0008,0.9986,3.413,,,,,,,
82,Left,25,0.0002,0.0012,0.0219,0.0000,0.0000,0.0000,1.0000,3.413,,,,,,,
82,Right,0,-0.0005,-0.0061,0.0659,0.0000,0.0000,0.0000,1.0000,3.413,,,,,,,
82,Right,1,0.0000,0.0000,0.0000,0.0000,0.0000,0.0000,1.0000,3.413,0.1793,0.1970,0.0389,0.5553,0.3408,-0.6100,0.4510
82,Right,2,-0.0217,-0.0244,0.0382,0.1891,-0.3813,0.7101,0.5609,3.413,,,,,,,
82,Right,3,0.0000,0.0000,0.0325,0.2356,0.0486,-0.0814,0.9672,3.413,,,,,,,
82,Right,4,0.0000,0.0000,0.0338,-0.0763,-0.0664,0.0838,0.9913,3.413,,,,,,,
82,Right,5,0.0007,0.0010,0.0246,0.0000,0.0000,0.0000,1.0000,3.413,,,,,,,
82,Right,6,-0.0155,-0.0137,0.0383,0.0000,0.0000,0.0000,1.0000,3.413,,,,,,,
82,Right,7,-0.0080,0.0063,0.0577,0.4197,0.0576,0.0215,0.9056,3.413,,,,,,,
82,Right,8,0.0000,0.0000,0.0379,0.2525,0.0004,-0.0263,0.9673,3.413,,,,,,,
82,Right,9,0.0000,0.0000,0.0243,0.0828,0.0246,-0.0168,0.9961,3.413,,,,,,,
82,Right,10,0.0003,0.0010,0.0224,0.0000,0.0000,0.0000,1.0000,3.413,,,,,,,
82,Right,11,0.0007,-0.0097,0.0361,0.0000,0.0000,0.0000,1.0000,3.413,,,,,,,
82,Right,12,-0.0024,0.0072,0.0595,0.4130,0.0624,-0.0325,0.9080,3.413,,,,,,,
82,Right,13,0.0000,0.0000,0.0429,0.2763,0.0011,-0.0126,0.9610,3.413,,,,,,,
82,Right,14,0.0000,0.0000,0.0275,0.1080,-0.0042,-0.0540,0.9927,3.413,,,,,,,
82,Right,15,0.0003,0.0011,0.0250,0.0000,0.0000,0.0000,1.0000,3.413,,,,,,,
82,Right,16,0.0150,-0.0060,0.0348,0.0000,0.0000,0.0000,1.0000,3.413,,,,,,,
82,Right,17,0.0025,-0.0005,0.0539,0.4282,0.0626,-0.0807,0.8979,3.413,,,,,,,
82,Right,18,0.0000,0.0000,0.0390,0.2577,-0.0058,-0.0389,0.9654,3.413,,,,,,,
82,Right,19,0.0000,0.0000,0.0266,0.1546,-0.0297,-0.0118,0.9875,3.413,,,,,,,
82,Right,20,0.0003,0.0016,0.0243,0.0000,0.0000,0.0000,1.0000,3.413,,,,,,,
82,Right,21,0.0230,-0.0094,0.0341,0.0183,0.1403,-0.2070,0.9680,3.413,,,,,,,
82,Right,22,0.0000,0.0000,0.0457,0.3848,-0.0150,0.0869,0.9188,3.413,,,,,,,
82,Right,23,0.0000,0.0000,0.0307,0.2076,0.0334,-0.0561,0.9760,3.413,,,,,,,
82,Right,24,0.0000,0.0000,0.0203,0.1140,-0.0488,0.0011,0.9923,3.413,,,,,,,
82,Right,25,-0.0002,0.0012,0.0219,0.0000,0.0000,0.0000,1.0000,3.413,,,,,,,
83,Left,0,0.0032,-0.0045,0.0643,0.0000,0.0000,0.0000,1.0000,3.454,,,,,,,
83,Left,1,0.0000,0.0000,0.0000,0.0000,0.0000,0.0000,1.0000,3.454,-0.0880,0.1714,-0.0268,-0.5242,0.6763,-0.5174,0.0126
83,Left,2,0.0323,-0.0110,0.0319,-0.1994,0.3491,-0.4643,0.7892,3.454,,,,,,,
83,Left,3,0.0000,0.0000,0.0325,-0.0149,-0.0714,0.0831,0.9939,3.454,,,,,,,
83,Left,4,0.0000,0.0000,0.0338,-0.1852,0.0745,-0.0851,0.9762,3.454,,,,,,,
83,Left,5,-0.0007,0.0010,0.0246,0.0000,0.0000,0.0000,1.0000,3.454,,,,,,,
83,Left,6,0.0209,-0.0070,0.0352,0.0000,0.0000,0.0000,1.0000,3.454,,,,,,,
83,Left,7,0.0027,-0.0004,0.0608,0.2694,-0.0560,-0.0258,0.9610,3.454,,,,,,,
83,Left,8,0.0000,0.0000,0.0379,0.1197,-0.0041,0.0263,0.9925,3.454,,,,,,,
83,Left,9,0.0000,0.0000,0.0243,0.0034,-0.0260,0.0165,0.9995,3.454,,,,,,,
83,Left,10,-0.0003,0.0010,0.0224,0.0000,0.0000,0.0000,1.0000,3.454,,,,,,,
83,Left,11,0.0047,-0.0064,0.0330,0.0000,0.0000,0.0000,1.0000,3.454,,,,,,,
83,Left,12,-0.0029,0.0038,0.0626,0.3288,-0.0871,0.0337,0.9398,3.454,,,,,,,
83,Left,13,0.0000,0.0000,0.0429,0.0606,-0.0037,0.0116,0.9981,3.454,,,,,,,
83,Left,14,0.0000,0.0000,0.0275,-0.0224,-0.0015,0.0414,0.9989,3.454,,,,,,,
83,Left,15,-0.0003,0.0011,0.0250,0.0000,0.0000,0.0000,1.0000,3.454,,,,,,,
83,Left,16,-0.0150,-0.0060,0.0348,0.0000,0.0000,0.0000,1.0000,3.454,,,,,,,
83,Left,17,-0.0025,-0.0005,0.0539,0.3363,-0.1275,0.0918,0.9286,3.454,,,,,,,
83,Left,18,0.0000,0.0000,0.0390,0.0856,-0.0001,0.0355,0.9957,3.454,,,,,,,
83,Left,19,0.0000,0.0000,0.0266,0.0534,0.0295,0.0072,0.9981,3.454,,,,,,,
83,Left,20,-0.0003,0.0016,0.0243,0.0000,0.0000,0.0000,1.0000,3.454,,,,,,,
83,Left,21,-0.0230,-0.0094,0.0341,0.0183,-0.1403,0.2070,0.9680,3.454,,,,,,,
83,Left,22,0.0000,0.0000,0.0457,0.2828,-0.1223,-0.0460,0.9502,3.454,,,,,,,
83,Left,23,0.0000,0.0000,0.0307,0.1444,-0.0364,0.0510,0.9875,3.454,,,,,,,
83,Left,24,0.0000,0.0000,0.0203,0.0200,0.0491,-0.0008,0.9986,3.454,,,,,,,
83,Left,25,0.0002,0.0012,0.0219,0.0000,0.0000,0.0000,1.0000,3.454,,,,,,,
83,Right,0,-0.0005,-0.0061,0.0659,0.0000,0.0000,0.0000,1.0000,3.454,,,,,,,
83,Right,1,0.0000,0.0000,0.0000,0.0000,0.0000,0.0000,1.0000,3.454,0.1795,0.1965,0.0386,0.5554,0.3402,-0.6103,0.4509
83,Right,2,-0.0216,-0.0244,0.0382,0.1893,-0.3808,0.7105,0.5608,3.454,,,,,,,
83,Right,3,0.0000,0.0000,0.0325,0.2355,0.0486,-0.0814,0.9672,3.454,,,,,,,
83,Right,4,0.0000,0.0000,0.0338,-0.0760,-0.0664,0.0838,0.9914,3.454,,,,,,,
83,Right,5,0.0007,0.0010,0.0246,0.0000,0.0000,0.0000,1.0000,3.454,,,,,,,
83,Right,6,-0.0155,-0.0137,0.0383,0.0000,0.0000,0.0000,1.0000,3.454,,,,,,,
83,Right,7,-0.0080,0.0063,0.0577,0.4199,0.0579,0.0214,0.9055,3.454,,,,,,,
83,Right,8,0.0000,0.0000,0.0379,0.2527,0.0004,-0.0263,0.9672,3.454,,,,,,,
83,Right,9,0.0000,0.0000,0.0243,0.0832,0.0246,-0.0168,0.9961,3.454,,,,,,,
83,Right,10,0.0003,0.0010,0.0224,0.0000,0.0000,0.0000,1.0000,3.454,,,,,,,
83,Right,11,0.0007,-0.0097,0.0361,0.0000,0.0000,0.0000,1.0000,3.454,,,,,,,
83,Right,12,-0.0024,0.0072,0.0595,0.4122,0.0624,-0.0324,0.9084,3.454,,,,,,,
83,Right,13,0.0000,0.0000,0.0429,0.2762,0.0011,-0.0126,0.9610,3.454,,,,,,,
83,Right,14,0.0000,0.0000,0.0275,0.1079,-0.0042,-0.0539,0.9927,3.454,,,,,,,
83,Right,15,0.0003,0.0011,0.0250,0.0000,0.0000,0.0000,1.0000,3.454,,,,,,,
83,Right,16,0.0150,-0.0060,0.0348,0.0000,0.0000,0.0000,1.0000,3.454,,,,,,,
83,Right,17,0.0025,-0.0005,0.0539,0.4272,0.0627,-0.0806,0.8984,3.454,,,,,,,
83,Right,18,0.0000,0.0000,0.0390,0.2572,-0.0057,-0.0389,0.9656,3.454,,,,,,,
83,Right,19,0.0000,0.0000,0.0266,0.1541,-0.0297,-0.0118,0.9875,3.454,,,,,,,
83,Right,20,0.0003,0.0016,0.0243,0.0000,0.0000,0.0000,1.0000,3.454,,,,,,,
83,Right,21,0.0230,-0.0094,0.0341,0.0183,0.1403,-0.2070,0.9680,3.454,,,,,,,
83,Right,22,0.0000,0.0000,0.0457,0.3838,-0.0153,0.0870,0.9192,3.454,,,,,,,
83,Right,23,0.0000,0.0000,0.0307,0.2079,0.0334,-0.0562,0.9760,3.454,,,,,,,
83,Right,24,0.0000,0.0000,0.0203,0.1141,-0.0488,0.0011,0.9923,3.454,,,,,,,
83,Right,25,-0.0002,0.0012,0.0219,0.0000,0.0000,0.0000,1.0000,3.454,,,,,,,
84,Left,0,0.0032,-0.0045,0.0643,0.0000,0.0000,0.0000,1.0000,3.496,,,,,,,
84,Left,1,0.0000,0.0000,0.0000,0.0000,0.0000,0.0000,1.0000,3.496,-0.0880,0.1716,-0.0269,-0.5228,0.6760,-0.5191,0.0151
84,Left,2,0.0323,-0.0110,0.0319,-0.1987,0.3501,-0.4648,0.7886,3.496,,,,,,,
84,Left,3,0.0000,0.0000,0.0325,-0.0144,-0.0714,0.0832,0.9939,3.496,,,,,,,
84,Left,4,0.0000,0.0000,0.0338,-0.1852,0.0745,-0.0851,0.9762,3.496,,,,,,,
84,Left,5,-0.0007,0.0010,0.0246,0.0000,0.0000,0.0000,1.0000,3.496,,,,,,,
84,Left,6,0.0209,-0.0070,0.0352,0.0000,0.0000,0.0000,1.0000,3.496,,,,,,,
84,Left,7,0.0027,-0.0004,0.0608,0.2700,-0.0565,-0.0256,0.9609,3.496,,,,,,,
84,Left,8,0.0000,0.0000,0.0379,0.1194,-0.0041,0.0263,0.9925,3.496,,,,,,,
84,Left,9,0.0000,0.0000,0.0243,0.0032,-0.0260,0.0165,0.9995,3.496,,,,,,,
84,Left,10,-0.0003,0.0010,0.0224,0.0000,0.0000,0.0000,1.0000,3.496,,,,,,,
84,Left,11,0.0047,-0.0064,0.0330,0.0000,0.0000,0.0000,1.0000,3.496,,,,,,,
84,Left,12,-0.0029,0.0038,0.0626,0.3291,-0.0866,0.0336,0.9397,3.496,,,,,,,
84,Left,13,0.0000,0.0000,0.0429,0.0604,-0.0037,0.0116,0.9981,3.496,,,,,,,
84,Left,14,0.0000,0.0000,0.0275,-0.0224,-0.0015,0.0414,0.9989,3.496,,,,,,,
84,Left,15,-0.0003,0.0011,0.0250,0.0000,0.0000,0.0000,1.0000,3.496,,,,,,,
84,Left,16,-0.0150,-0.0060,0.0348,0.0000,0.0000,0.0000,1.0000,3.496,,,,,,,
84,Left,17,-0.0025,-0.0005,0.0539,0.3368,-0.1276,0.0919,0.9284,3.496,,,,,,,
84,Left,18,0.0000,0.0000,0.0390,0.0854,-0.0001,0.0355,0.9957,3.496,,,,,,,
84,Left,19,0.0000,0.0000,0.0266,0.0536,0.0295,0.0072,0.9981,3.496,,,,,,,
84,Left,20,-0.0003,0.0016,0.0243,0.0000,0.0000,0.0000,1.0000,3.496,,,,,,,
84,Left,21,-0.0230,-0.0094,0.0341,0.0183,-0.1403,0.2070,0.9680,3.496,,,,,,,
84,Left,22,0.0000,0.0000,0.0457,0.2855,-0.1239,-0.0450,0.9493,3.496,,,,,,,
84,Left,23,0.0000,0.0000,0.0307,0.1445,-0.0363,0.0511,0.9875,3.496,,,,,,,
84,Left,24,0.0000,0.0000,0.0203,0.0197,0.0491,-0.0008,0.9986,3.496,,,,,,,
84,Left,25,0.0002,0.0012,0.0219,0.0000,0.0000,0.0000,1.0000,3.496,,,,,,,
84,Right,0,-0.0005,-0.0061,0.0659,0.0000,0.0000,0.0000,1.0000,3.496,,,,,,,
84,Right,1,0.0000,0.0000,0.0000,0.0000,0.0000,0.0000,1.0000,3.496,0.1797,0.1963,0.0387,0.5558,0.3392,-0.6103,0.4513
84,Right,2,-0.0216,-0.0244,0.0382,0.1894,-0.3803,0.7107,0.5607,3.496,,,,,,,
84,Right,3,0.0000,0.0000,0.0325,0.2355,0.0486,-0.0814,0.9672,3.496,,,,,,,
84,Right,4,0.0000,0.0000,0.0338,-0.0762,-0.0664,0.0838,0.9913,3.496,,,,,,,
84,Right,5,0.0007,0.0010,0.0246,0.0000,0.0000,0.0000,1.0000,3.496,,,,,,,
84,Right,6,-0.0155,-0.0137,0.0383,0.0000,0.0000,0.0000,1.0000,3.496,,,,,,,
84,Right,7,-0.0080,0.0064,0.0577,0.4202,0.0577,0.0214,0.9053,3.496,,,,,,,
84,Right,8,0.0000,0.0000,0.0379,0.2526,0.0004,-0.0263,0.9672,3.496,,,,,,,
84,Right,9,0.0000,0.0000,0.0243,0.0834,0.0246,-0.0168,0.9961,3.496,,,,,,,
84,Right,10,0.0003,0.0010,0.0224,0.0000,0.0000,0.0000,1.0000,3.496,,,,,,,
84,Right,11,0.0007,-0.0097,0.0361,0.0000,0.0000,0.0000,1.0000,3.496,,,,,,,
84,Right,12,-0.0024,0.0072,0.0595,0.4115,0.0621,-0.0323,0.9087,3.496,,,,,,,
84,Right,13,0.0000,0.0000,0.0429,0.2758,0.0011,-0.0126,0.9611,3.496,,,,,,,
84,Right,14,0.0000,0.0000,0.0275,0.1077,-0.0042,-0.0539,0.9927,3.496,,,,,,,
84,Right,15,0.0003,0.0011,0.0250,0.0000,0.0000,0.0000,1.0000,3.496,,,,,,,
84,Right,16,0.0150,-0.0060,0.0348,0.0000,0.0000,0.0000,1.0000,3.496,,,,,,,
84,Right,17,0.0025,-0.0005,0.0539,0.4252,0.0627,-0.0804,0.8993,3.496,,,,,,,
84,Right,18,0.0000,0.0000,0.0390,0.2565,-0.0057,-0.0388,0.9658,3.496,,,,,,,
84,Right,19,0.0000,0.0000,0.0266,0.1534,-0.0297,-0.0118,0.9877,3.496,,,,,,,
84,Right,20,0.0003,0.0016,0.0243,0.0000,0.0000,0.0000,1.0000,3.496,,,,,,,
84,Right,21,0.0230,-0.0094,0.0341,0.0183,0.1403,-0.2070,0.9680,3.496,,,,,,,
84,Right,22,0.0000,0.0000,0.0457,0.3784,-0.0161,0.0872,0.9214,3.496,,,,,,,
84,Right,23,0.0000,0.0000,0.0307,0.2084,0.0334,-0.0562,0.9759,3.496,,,,,,,
84,Right,24,0.0000,0.0000,0.0203,0.1137,-0.0488,0.0011,0.9923,3.496,,,,,,,
84,Right,25,-0.0002,0.0012,0.0219,0.0000,0.0000,0.0000,1.0000,3.496,,,,,,,
85,Left,0,0.0032,-0.0045,0.0643,0.0000,0.0000,0.0000,1.0000,3.538,,,,,,,
85,Left,1,0.0000,0.0000,0.0000,0.0000,0.0000,0.0000,1.0000,3.538,-0.0879,0.1718,-0.0267,-0.5227,0.6757,-0.5196,0.0155
85,Left,2,0.0323,-0.0110,0.0319,-0.1981,0.3507,-0.4653,0.7882,3.538,,,,,,,
85,Left,3,0.0000,0.0000,0.0325,-0.0135,-0.0713,0.0832,0.9939,3.538,,,,,,,
85,Left,4,0.0000,0.0000,0.0338,-0.1853,0.0745,-0.0851,0.9761,3.538,,,,,,,
85,Left,5,-0.0007,0.0010,0.0246,0.0000,0.0000,0.0000,1.0000,3.538,,,,,,,
85,Left,6,0.0209,-0.0070,0.0352,0.0000,0.0000,0.0000,1.0000,3.538,,,,,,,
85,Left,7,0.0027,-0.0004,0.0608,0.2707,-0.0574,-0.0254,0.9606,3.538,,,,,,,
85,Left,8,0.0000,0.0000,0.0379,0.1191,-0.0041,0.0263,0.9925,3.538,,,,,,,
85,Left,9,0.0000,0.0000,0.0243,0.0027,-0.0260,0.0165,0.9995,3.538,,,,,,,
85,Left,10,-0.0003,0.0010,0.0224,0.0000,0.0000,0.0000,1.0000,3.538,,,,,,,
85,Left,11,0.0047,-0.0064,0.0330,0.0000,0.0000,0.0000,1.0000,3.538,,,,,,,
85,Left,12,-0.0029,0.0038,0.0626,0.3297,-0.0859,0.0334,0.9396,3.538,,,,,,,
85,Left,13,0.0000,0.0000,0.0429,0.0601,-0.0037,0.0116,0.9981,3.538,,,,,,,
85,Left,14,0.0000,0.0000,0.0275,-0.0225,-0.0015,0.0414,0.9989,3.538,,,,,,,
85,Left,15,-0.0003,0.0011,0.0250,0.0000,0.0000,0.0000,1.0000,3.538,,,,,,,
85,Left,16,-0.0150,-0.0060,0.0348,0.0000,0.0000,0.0000,1.0000,3.538,,,,,,,
85,Left,17,-0.0025,-0.0005,0.0539,0.3375,-0.1275,0.0920,0.9281,3.538,,,,,,,
85,Left,18,0.0000,0.0000,0.0390,0.0852,-0.0001,0.0355,0.9957,3.538,,,,,,,
85,Left,19,0.0000,0.0000,0.0266,0.0539,0.0295,0.0072,0.9981,3.538,,,,,,,
85,Left,20,-0.0003,0.0016,0.0243,0.0000,0.0000,0.0000,1.0000,3.538,,,,,,,
85,Left,21,-0.0230,-0.0094,0.0341,0.0183,-0.1403,0.2070,0.9680,3.538,,,,,,,
85,Left,22,0.0000,0.0000,0.0457,0.2872,-0.1251,-0.0444,0.9486,3.538,,,,,,,
85,Left,23,0.0000,0.0000,0.0307,0.1443,-0.0364,0.0510,0.9875,3.538,,,,,,,
85,Left,24,0.0000,0.0000,0.0203,0.0192,0.0491,-0.0008,0.9986,3.538,,,,,,,
85,Left,25,0.0002,0.0012,0.0219,0.0000,0.0000,0.0000,1.0000,3.538,,,,,,,
85,Right,0,-0.0005,-0.0061,0.0659,0.0000,0.0000,0.0000,1.0000,3.538,,,,,,,
85,Right,1,0.0000,0.0000,0.0000,0.0000,0.0000,0.0000,1.0000,3.538,0.1798,0.1961,0.0386,0.5557,0.3389,-0.6102,0.4516
85,Right,2,-0.0216,-0.0244,0.0382,0.1895,-0.3797,0.7110,0.5606,3.538,,,,,,,
85,Right,3,0.0000,0.0000,0.0325,0.2359,0.0486,-0.0814,0.9671,3.538,,,,,,,
85,Right,4,0.0000,0.0000,0.0338,-0.0759,-0.0664,0.0838,0.9914,3.538,,,,,,,
85,Right,5,0.0007,0.0010,0.0246,0.0000,0.0000,0.0000,1.0000,3.538,,,,,,,
85,Right,6,-0.0155,-0.0137,0.0383,0.0000,0.0000,0.0000,1.0000,3.538,,,,,,,
85,Right,7,-0.0080,0.0064,0.0577,0.4207,0.0575,0.0215,0.9051,3.538,,,,,,,
85,Right,8,0.0000,0.0000,0.0379,0.2529,0.0004,-0.0263,0.9671,3.538,,,,,,,
85,Right,9,0.0000,0.0000,0.0243,0.0836,0.0246,-0.0168,0.9961,3.538,,,,,,,
85,Right,10,0.0003,0.0010,0.0224,0.0000,0.0000,0.0000,1.0000,3.538,,,,,,,
85,Right,11,0.0007,-0.0097,0.0361,0.0000,0.0000,0.0000,1.0000,3.538,,,,,,,
85,Right,12,-0.0024,0.0072,0.0595,0.4112,0.0617,-0.0321,0.9089,3.538,,,,,,,
85,Right,13,0.0000,0.0000,0.0429,0.2752,0.0011,-0.0126,0.9613,3.538,,,,,,,
85,Right,14,0.0000,0.0000,0.0275,0.1071,-0.0041,-0.0539,0.9928,3.538,,,,,,,
85,Right,15,0.0003,0.0011,0.0250,0.0000,0.0000,0.0000,1.0000,3.538,,,,,,,
85,Right,16,0.0150,-0.0060,0.0348,0.0000,0.0000,0.0000,1.0000,3.538,,,,,,,
85,Right,17,0.0025,-0.0005,0.0539,0.4237,0.0623,-0.0801,0.9001,3.538,,,,,,,
85,Right,18,0.0000,0.0000,0.0390,0.2552,-0.0057,-0.0388,0.9661,3.538,,,,,,,
85,Right,19,0.0000,0.0000,0.0266,0.1519,-0.0297,-0.0117,0.9879,3.538,,,,,,,
85,Right,20,0.0003,0.0016,0.0243,0.0000,0.0000,0.0000,1.0000,3.538,,,,,,,
85,Right,21,0.0230,-0.0094,0.0341,0.0183,0.1403,-0.2070,0.9680,3.538,,,,,,,
85,Right,22,0.0000,0.0000,0.0457,0.3752,-0.0169,0.0875,0.9227,3.538,,,,,,,
85,Right,23,0.0000,0.0000,0.0307,0.2088,0.0334,-0.0563,0.9758,3.538,,,,,,,
85,Right,24,0.0000,0.0000,0.0203,0.1129,-0.0488,0.0011,0.9924,3.538,,,,,,,
85,Right,25,-0.0002,0.0012,0.0219,0.0000,0.0000,0.0000,1.0000,3.538,,,,,,,
86,Left,0,0.0032,-0.0045,0.0643,0.0000,0.0000,0.0000,1.0000,3.580,,,,,,,
86,Left,1,0.0000,0.0000,0.0000,0.0000,0.0000,0.0000,1.0000,3.580,-0.0880,0.1719,-0.0269,-0.5224,0.6754,-0.5203,0.0160
86,Left,2,0.0323,-0.0110,0.0319,-0.1978,0.3509,-0.4656,0.7880,3.580,,,,,,,
86,Left,3,0.0000,0.0000,0.0325,-0.0133,-0.0713,0.0832,0.9939,3.580,,,,,,,
86,Left,4,0.0000,0.0000,0.0338,-0.1854,0.0745,-0.0851,0.9761,3.580,,,,,,,
86,Left,5,-0.0007,0.0010,0.0246,0.0000,0.0000,0.0000,1.0000,3.580,,,,,,,
86,Left,6,0.0209,-0.0070,0.0352,0.0000,0.0000,0.0000,1.0000,3.580,,,,,,,
86,Left,7,0.0027,-0.0003,0.0608,0.2711,-0.0576,-0.0254,0.9605,3.580,,,,,,,
86,Left,8,0.0000,0.0000,0.0379,0.1182,-0.0041,0.0263,0.9926,3.580,,,,,,,
86,Left,9,0.0000,0.0000,0.0243,0.0021,-0.0260,0.0165,0.9995,3.580,,,,,,,
86,Left,10,-0.0003,0.0010,0.0224,0.0000,0.0000,0.0000,1.0000,3.580,,,,,,,
86,Left,11,0.0047,-0.0064,0.0330,0.0000,0.0000,0.0000,1.0000,3.580,,,,,,,
86,Left,12,-0.0029,0.0038,0.0626,0.3301,-0.0851,0.0332,0.9395,3.580,,,,,,,
86,Left,13,0.0000,0.0000,0.0429,0.0591,-0.0037,0.0116,0.9982,3.580,,,,,,,
86,Left,14,0.0000,0.0000,0.0275,-0.0230,-0.0016,0.0414,0.9989,3.580,,,,,,,
86,Left,15,-0.0003,0.0011,0.0250,0.0000,0.0000,0.0000,1.0000,3.580,,,,,,,
86,Left,16,-0.0150,-0.0060,0.0348,0.0000,0.0000,0.0000,1.0000,3.580,,,,,,,
86,Left,17,-0.0025,-0.0005,0.0539,0.3378,-0.1278,0.0921,0.9279,3.580,,,,,,,
86,Left,18,0.0000,0.0000,0.0390,0.0842,-0.0001,0.0355,0.9958,3.580,,,,,,,
86,Left,19,0.0000,0.0000,0.0266,0.0537,0.0295,0.0072,0.9981,3.580,,,,,,,
86,Left,20,-0.0003,0.0016,0.0243,0.0000,0.0000,0.0000,1.0000,3.580,,,,,,,
86,Left,21,-0.0230,-0.0094,0.0341,0.0183,-0.1403,0.2070,0.9680,3.580,,,,,,,
86,Left,22,0.0000,0.0000,0.0457,0.2897,-0.1284,-0.0429,0.9475,3.580,,,,,,,
86,Left,23,0.0000,0.0000,0.0307,0.1436,-0.0364,0.0510,0.9876,3.580,,,,,,,
86,Left,24,0.0000,0.0000,0.0203,0.0186,0.0491,-0.0008,0.9986,3.580,,,,,,,
86,Left,25,0.0002,0.0012,0.0219,0.0000,0.0000,0.0000,1.0000,3.580,,,,,,,
86,Right,0,-0.0005,-0.0061,0.0659,0.0000,0.0000,0.0000,1.0000,3.580,,,,,,,
86,Right,1,0.0000,0.0000,0.0000,0.0000,0.0000,0.0000,1.0000,3.580,0.1799,0.1959,0.0384,0.5556,0.3381,-0.6104,0.4521
86,Right,2,-0.0216,-0.0244,0.0382,0.1893,-0.3795,0.7111,0.5607,3.580,,,,,,,
86,Right,3,0.0000,0.0000,0.0325,0.2362,0.0485,-0.0814,0.9671,3.580,,,,,,,
86,Right,4,0.0000,0.0000,0.0338,-0.0754,-0.0664,0.0838,0.9914,3.580,,,,,,,
86,Right,5,0.0007,0.0010,0.0246,0.0000,0.0000,0.0000,1.0000,3.580,,,,,,,
86,Right,6,-0.0155,-0.0137,0.0383,0.0000,0.0000,0.0000,1.0000,3.580,,,,,,,
86,Right,7,-0.0080,0.0064,0.0577,0.4207,0.0572,0.0216,0.9051,3.580,,,,,,,
86,Right,8,0.0000,0.0000,0.0379,0.2533,0.0004,-0.0263,0.9670,3.580,,,,,,,
86,Right,9,0.0000,0.0000,0.0243,0.0839,0.0246,-0.0168,0.9960,3.580,,,,,,,
86,Right,10,0.0003,0.0010,0.0224,0.0000,0.0000,0.0000,1.0000,3.580,,,,,,,
86,Right,11,0.0007,-0.0097,0.0361,0.0000,0.0000,0.0000,1.0000,3.580,,,,,,,
86,Right,12,-0.0024,0.0072,0.0595,0.4110,0.0613,-0.0319,0.9090,3.580,,,,,,,
86,Right,13,0.0000,0.0000,0.0429,0.2739,0.0011,-0.0126,0.9617,3.580,,,,,,,
86,Right,14,0.0000,0.0000,0.0275,0.1061,-0.0041,-0.0538,0.9929,3.580,,,,,,,
86,Right,15,0.0003,0.0011,0.0250,0.0000,0.0000,0.0000,1.0000,3.580,,,,,,,
86,Right,16,0.0150,-0.0060,0.0348,0.0000,0.0000,0.0000,1.0000,3.580,,,,,,,
86,Right,17,0.0025,-0.0005,0.0539,0.4197,0.0624,-0.0798,0.9020,3.580,,,,,,,
86,Right,18,0.0000,0.0000,0.0390,0.2534,-0.0056,-0.0388,0.9666,3.580,,,,,,,
86,Right,19,0.0000,0.0000,0.0266,0.1506,-0.0297,-0.0117,0.9881,3.580,,,,,,,
86,Right,20,0.0003,0.0016,0.0243,0.0000,0.0000,0.0000,1.0000,3.580,,,,,,,
86,Right,21,0.0230,-0.0094,0.0341,0.0183,0.1403,-0.2070,0.9680,3.580,,,,,,,
86,Right,22,0.0000,0.0000,0.0457,0.3673,-0.0177,0.0877,0.9258,3.580,,,,,,,
86,Right,23,0.0000,0.0000,0.0307,0.2092,0.0333,-0.0563,0.9757,3.580,,,,,,,
86,Right,24,0.0000,0.0000,0.0203,0.1121,-0.0488,0.0011,0.9925,3.580,,,,,,,
86,Right,25,-0.0002,0.0012,0.0219,0.0000,0.0000,0.0000,1.0000,3.580,,,,,,,
87,Left,0,0.0032,-0.0045,0.0643,0.0000,0.0000,0.0000,1.0000,3.621,,,,,,,
87,Left,1,0.0000,0.0000,0.0000,0.0000,0.0000,0.0000,1.0000,3.621,-0.0883,0.1719,-0.0268,-0.5221,0.6753,-0.5206,0.0170
87,Left,2,0.0323,-0.0110,0.0319,-0.1974,0.3513,-0.4659,0.7877,3.621,,,,,,,
87,Left,3,0.0000,0.0000,0.0325,-0.0129,-0.0713,0.0832,0.9939,3.621,,,,,,,
87,Left,4,0.0000,0.0000,0.0338,-0.1854,0.0745,-0.0851,0.9761,3.621,,,,,,,
87,Left,5,-0.0007,0.0010,0.0246,0.0000,0.0000,0.0000,1.0000,3.621,,,,,,,
87,Left,6,0.0209,-0.0070,0.0352,0.0000,0.0000,0.0000,1.0000,3.621,,,,,,,
87,Left,7,0.0027,-0.0003,0.0608,0.2714,-0.0578,-0.0253,0.9604,3.621,,,,,,,
87,Left,8,0.0000,0.0000,0.0379,0.1173,-0.0041,0.0263,0.9927,3.621,,,,,,,
87,Left,9,0.0000,0.0000,0.0243,0.0016,-0.0260,0.0165,0.9995,3.621,,,,,,,
87,Left,10,-0.0003,0.0010,0.0224,0.0000,0.0000,0.0000,1.0000,3.621,,,,,,,
87,Left,11,0.0047,-0.0064,0.0330,0.0000,0.0000,0.0000,1.0000,3.621,,,,,,,
87,Left,12,-0.0029,0.0038,0.0626,0.3302,-0.0850,0.0332,0.9395,3.621,,,,,,,
87,Left,13,0.0000,0.0000,0.0429,0.0579,-0.0037,0.0116,0.9982,3.621,,,,,,,
87,Left,14,0.0000,0.0000,0.0275,-0.0239,-0.0016,0.0413,0.9989,3.621,,,,,,,
87,Left,15,-0.0003,0.0011,0.0250,0.0000,0.0000,0.0000,1.0000,3.621,,,,,,,
87,Left,16,-0.0150,-0.0060,0.0348,0.0000,0.0000,0.0000,1.0000,3.621,,,,,,,
87,Left,17,-0.0025,-0.0005,0.0539,0.3385,-0.1283,0.0924,0.9276,3.621,,,,,,,
87,Left,18,0.0000,0.0000,0.0390,0.0831,-0.0002,0.0355,0.9959,3.621,,,,,,,
87,Left,19,0.0000,0.0000,0.0266,0.0534,0.0295,0.0072,0.9981,3.621,,,,,,,
87,Left,20,-0.0003,0.0016,0.0243,0.0000,0.0000,0.0000,1.0000,3.621,,,,,,,
87,Left,21,-0.0230,-0.0094,0.0341,0.0183,-0.1403,0.2070,0.9680,3.621,,,,,,,
87,Left,22,0.0000,0.0000,0.0457,0.2959,-0.1325,-0.0404,0.9451,3.621,,,,,,,
87,Left,23,0.0000,0.0000,0.0307,0.1427,-0.0364,0.0509,0.9878,3.621,,,,,,,
87,Left,24,0.0000,0.0000,0.0203,0.0180,0.0491,-0.0008,0.9986,3.621,,,,,,,
87,Left,25,0.0002,0.0012,0.0219,0.0000,0.0000,0.0000,1.0000,3.621,,,,,,,
87,Right,0,-0.0005,-0.0061,0.0659,0.0000,0.0000,0.0000,1.0000,3.621,,,,,,,
87,Right,1,0.0000,0.0000,0.0000,0.0000,0.0000,0.0000,1.0000,3.621,0.1800,0.1956,0.0379,0.5557,0.3373,-0.6105,0.4525
87,Right,2,-0.0216,-0.0244,0.0382,0.1891,-0.3792,0.7112,0.5609,3.621,,,,,,,
87,Right,3,0.0000,0.0000,0.0325,0.2362,0.0485,-0.0814,0.9671,3.621,,,,,,,
87,Right,4,0.0000,0.0000,0.0338,-0.0750,-0.0663,0.0838,0.9914,3.621,,,,,,,
87,Right,5,0.0007,0.0010,0.0246,0.0000,0.0000,0.0000,1.0000,3.621,,,,,,,
87,Right,6,-0.0155,-0.0137,0.0383,0.0000,0.0000,0.0000,1.0000,3.621,,,,,,,
87,Right,7,-0.0080,0.0064,0.0577,0.4205,0.0569,0.0218,0.9053,3.621,,,,,,,
87,Right,8,0.0000,0.0000,0.0379,0.2544,0.0004,-0.0263,0.9668,3.621,,,,,,,
87,Right,9,0.0000,0.0000,0.0243,0.0847,0.0245,-0.0168,0.9960,3.621,,,,,,,
87,Right,10,0.0003,0.0010,0.0224,0.0000,0.0000,0.0000,1.0000,3.621,,,,,,,
87,Right,11,0.0007,-0.0097,0.0361,0.0000,0.0000,0.0000,1.0000,3.621,,,,,,,
87,Right,12,-0.0024,0.0072,0.0595,0.4106,0.0608,-0.0317,0.9092,3.621,,,,,,,
87,Right,13,0.0000,0.0000,0.0429,0.2726,0.0011,-0.0126,0.9620,3.621,,,,,,,
87,Right,14,0.0000,0.0000,0.0275,0.1049,-0.0040,-0.0537,0.9930,3.621,,,,,,,
87,Right,15,0.0003,0.0011,0.0250,0.0000,0.0000,0.0000,1.0000,3.621,,,,,,,
87,Right,16,0.0150,-0.0060,0.0348,0.0000,0.0000,0.0000,1.0000,3.621,,,,,,,
87,Right,17,0.0025,-0.0005,0.0539,0.4150,0.0626,-0.0794,0.9042,3.621,,,,,,,
87,Right,18,0.0000,0.0000,0.0390,0.2520,-0.0056,-0.0388,0.9669,3.621,,,,,,,
87,Right,19,0.0000,0.0000,0.0266,0.1494,-0.0297,-0.0116,0.9883,3.621,,,,,,,
87,Right,20,0.0003,0.0016,0.0243,0.0000,0.0000,0.0000,1.0000,3.621,,,,,,,
87,Right,21,0.0230,-0.0094,0.0341,0.0183,0.1403,-0.2070,0.9680,3.621,,,,,,,
87,Right,22,0.0000,0.0000,0.0457,0.3622,-0.0181,0.0878,0.9278,3.621,,,,,,,
87,Right,23,0.0000,0.0000,0.0307,0.2098,0.0333,-0.0563,0.9756,3.621,,,,,,,
87,Right,24,0.0000,0.0000,0.0203,0.1116,-0.0488,0.0011,0.9926,3.621,,,,,,,
87,Right,25,-0.0002,0.0012,0.0219,0.0000,0.0000,0.0000,1.0000,3.621,,,,,,,
88,Left,0,0.0032,-0.0045,0.0643,0.0000,0.0000,0.0000,1.0000,3.663,,,,,,,
88,Left,1,0.0000,0.0000,0.0000,0.0000,0.0000,0.0000,1.0000,3.663,-0.0885,0.1719,-0.0264,-0.5215,0.6757,-0.5208,0.0190
88,Left,2,0.0323,-0.0110,0.0320,-0.1968,0.3517,-0.4666,0.7873,3.663,,,,,,,
88,Left,3,0.0000,0.0000,0.0325,-0.0127,-0.0713,0.0832,0.9939,3.663,,,,,,,
88,Left,4,0.0000,0.0000,0.0338,-0.1855,0.0745,-0.0851,0.9761,3.663,,,,,,,
88,Left,5,-0.0007,0.0010,0.0246,0.0000,0.0000,0.0000,1.0000,3.663,,,,,,,
88,Left,6,0.0209,-0.0070,0.0352,0.0000,0.0000,0.0000,1.0000,3.663,,,,,,,
88,Left,7,0.0027,-0.0003,0.0608,0.2716,-0.0582,-0.0252,0.9603,3.663,,,,,,,
88,Left,8,0.0000,0.0000,0.0379,0.1166,-0.0041,0.0263,0.9928,3.663,,,,,,,
88,Left,9,0.0000,0.0000,0.0243,0.0012,-0.0260,0.0165,0.9995,3.663,,,,,,,
88,Left,10,-0.0003,0.0010,0.0224,0.0000,0.0000,0.0000,1.0000,3.663,,,,,,,
88,Left,11,0.0047,-0.0064,0.0330,0.0000,0.0000,0.0000,1.0000,3.663,,,,,,,
88,Left,12,-0.0029,0.0038,0.0626,0.3302,-0.0852,0.0333,0.9395,3.663,,,,,,,
88,Left,13,0.0000,0.0000,0.0429,0.0566,-0.0037,0.0116,0.9983,3.663,,,,,,,
88,Left,14,0.0000,0.0000,0.0275,-0.0249,-0.0016,0.0412,0.9988,3.663,,,,,,,
88,Left,15,-0.0003,0.0011,0.0250,0.0000,0.0000,0.0000,1.0000,3.663,,,,,,,
88,Left,16,-0.0150,-0.0060,0.0348,0.0000,0.0000,0.0000,1.0000,3.663,,,,,,,
88,Left,17,-0.0025,-0.0005,0.0539,0.3392,-0.1289,0.0927,0.9272,3.663,,,,,,,
88,Left,18,0.0000,0.0000,0.0390,0.0816,-0.0002,0.0354,0.9960,3.663,,,,,,,
88,Left,19,0.0000,0.0000,0.0266,0.0529,0.0295,0.0071,0.9981,3.663,,,,,,,
88,Left,20,-0.0003,0.0016,0.0243,0.0000,0.0000,0.0000,1.0000,3.663,,,,,,,
88,Left,21,-0.0230,-0.0094,0.0341,0.0183,-0.1403,0.2070,0.9680,3.663,,,,,,,
88,Left,22,0.0000,0.0000,0.0457,0.3066,-0.1367,-0.0371,0.9412,3.663,,,,,,,
88,Left,23,0.0000,0.0000,0.0307,0.1414,-0.0365,0.0508,0.9880,3.663,,,,,,,
88,Left,24,0.0000,0.0000,0.0203,0.0175,0.0491,-0.0008,0.9986,3.663,,,,,,,
88,Left,25,0.0002,0.0012,0.0219,0.0000,0.0000,0.0000,1.0000,3.663,,,,,,,
88,Right,0,-0.0005,-0.0061,0.0659,0.0000,0.0000,0.0000,1.0000,3.663,,,,,,,
88,Right,1,0.0000,0.0000,0.0000,0.0000,0.0000,0.0000,1.0000,3.663,0.1801,0.1954,0.0376,0.5563,0.3368,-0.6098,0.4530
88,Right,2,-0.0216,-0.0244,0.0382,0.1892,-0.3788,0.7114,0.5608,3.663,,,,,,,
88,Right,3,0.0000,0.0000,0.0325,0.2361,0.0485,-0.0814,0.9671,3.663,,,,,,,
88,Right,4,0.0000,0.0000,0.0338,-0.0743,-0.0663,0.0838,0.9915,3.663,,,,,,,
88,Right,5,0.0007,0.0010,0.0246,0.0000,0.0000,0.0000,1.0000,3.663,,,,,,,
88,Right,6,-0.0155,-0.0137,0.0383,0.0000,0.0000,0.0000,1.0000,3.663,,,,,,,
88,Right,7,-0.0081,0.0064,0.0577,0.4201,0.0566,0.0219,0.9055,3.663,,,,,,,
88,Right,8,0.0000,0.0000,0.0379,0.2550,0.0004,-0.0263,0.9666,3.663,,,,,,,
88,Right,9,0.0000,0.0000,0.0243,0.0854,0.0245,-0.0168,0.9959,3.663,,,,,,,
88,Right,10,0.0003,0.0010,0.0224,0.0000,0.0000,0.0000,1.0000,3.663,,,,,,,
88,Right,11,0.0007,-0.0097,0.0361,0.0000,0.0000,0.0000,1.0000,3.663,,,,,,,
88,Right,12,-0.0024,0.0072,0.0595,0.4099,0.0602,-0.0314,0.9096,3.663,,,,,,,
88,Right,13,0.0000,0.0000,0.0429,0.2716,0.0011,-0.0126,0.9623,3.663,,,,,,,
88,Right,14,0.0000,0.0000,0.0275,0.1037,-0.0040,-0.0536,0.9932,3.663,,,,,,,
88,Right,15,0.0003,0.0011,0.0250,0.0000,0.0000,0.0000,1.0000,3.663,,,,,,,
88,Right,16,0.0150,-0.0060,0.0348,0.0000,0.0000,0.0000,1.0000,3.663,,,,,,,
88,Right,17,0.0025,-0.0005,0.0539,0.4093,0.0630,-0.0790,0.9068,3.663,,,,,,,
88,Right,18,0.0000,0.0000,0.0390,0.2499,-0.0055,-0.0387,0.9675,3.663,,,,,,,
88,Right,19,0.0000,0.0000,0.0266,0.1480,-0.0297,-0.0115,0.9885,3.663,,,,,,,
88,Right,20,0.0003,0.0016,0.0243,0.0000,0.0000,0.0000,1.0000,3.663,,,,,,,
88,Right,21,0.0230,-0.0094,0.0341,0.0183,0.1403,-0.2070,0.9680,3.663,,,,,,,
88,Right,22,0.0000,0.0000,0.0457,0.3584,-0.0184,0.0878,0.9292,3.663,,,,,,,
88,Right,23,0.0000,0.0000,0.0307,0.2103,0.0333,-0.0564,0.9754,3.663,,,,,,,
88,Right,24,0.0000,0.0000,0.0203,0.1109,-0.0488,0.0011,0.9926,3.663,,,,,,,
88,Right,25,-0.0002,0.0012,0.0219,0.0000,0.0000,0.0000,1.0000,3.663,,,,,,,
89,Left,0,0.0032,-0.0045,0.0643,0.0000,0.0000,0.0000,1.0000,3.705,,,,,,,
89,Left,1,0.0000,0.0000,0.0000,0.0000,0.0000,0.0000,1.0000,3.705,-0.0887,0.1721,-0.0263,-0.5191,0.6767,-0.5217,0.0219
89,Left,2,0.0323,-0.0111,0.0320,-0.1960,0.3522,-0.4673,0.7869,3.705,,,,,,,
89,Left,3,0.0000,0.0000,0.0325,-0.0125,-0.0712,0.0832,0.9939,3.705,,,,,,,
89,Left,4,0.0000,0.0000,0.0338,-0.1855,0.0745,-0.0851,0.9761,3.705,,,,,,,
89,Left,5,-0.0007,0.0010,0.0246,0.0000,0.0000,0.0000,1.0000,3.705,,,,,,,
89,Left,6,0.0209,-0.0070,0.0352,0.0000,0.0000,0.0000,1.0000,3.705,,,,,,,
89,Left,7,0.0027,-0.0003,0.0608,0.2717,-0.0587,-0.0251,0.9603,3.705,,,,,,,
89,Left,8,0.0000,0.0000,0.0379,0.1156,-0.0042,0.0263,0.9929,3.705,,,,,,,
89,Left,9,0.0000,0.0000,0.0243,0.0007,-0.0260,0.0165,0.9995,3.705,,,,,,,
89,Left,10,-0.0003,0.0010,0.0224,0.0000,0.0000,0.0000,1.0000,3.705,,,,,,,
89,Left,11,0.0047,-0.0064,0.0330,0.0000,0.0000,0.0000,1.0000,3.705,,,,,,,
89,Left,12,-0.0029,0.0039,0.0626,0.3294,-0.0854,0.0332,0.9397,3.705,,,,,,,
89,Left,13,0.0000,0.0000,0.0429,0.0544,-0.0037,0.0116,0.9984,3.705,,,,,,,
89,Left,14,0.0000,0.0000,0.0275,-0.0261,-0.0017,0.0411,0.9988,3.705,,,,,,,
89,Left,15,-0.0003,0.0011,0.0250,0.0000,0.0000,0.0000,1.0000,3.705,,,,,,,
89,Left,16,-0.0150,-0.0060,0.0348,0.0000,0.0000,0.0000,1.0000,3.705,,,,,,,
89,Left,17,-0.0025,-0.0005,0.0539,0.3394,-0.1299,0.0930,0.9270,3.705,,,,,,,
89,Left,18,0.0000,0.0000,0.0390,0.0790,-0.0003,0.0354,0.9962,3.705,,,,,,,
89,Left,19,0.0000,0.0000,0.0266,0.0520,0.0295,0.0071,0.9982,3.705,,,,,,,
89,Left,20,-0.0003,0.0016,0.0243,0.0000,0.0000,0.0000,1.0000,3.705,,,,,,,
89,Left,21,-0.0230,-0.0094,0.0341,0.0183,-0.1403,0.2070,0.9680,3.705,,,,,,,
89,Left,22,0.0000,0.0000,0.0457,0.3070,-0.1425,-0.0350,0.9404,3.705,,,,,,,
89,Left,23,0.0000,0.0000,0.0307,0.1336,-0.0368,0.0502,0.9891,3.705,,,,,,,
89,Left,24,0.0000,0.0000,0.0203,0.0166,0.0491,-0.0008,0.9987,3.705,,,,,,,
89,Left,25,0.0002,0.0012,0.0219,0.0000,0.0000,0.0000,1.0000,3.705,,,,,,,
89,Right,0,-0.0005,-0.0061,0.0659,0.0000,0.0000,0.0000,1.0000,3.705,,,,,,,
89,Right,1,0.0000,0.0000,0.0000,0.0000,0.0000,0.0000,1.0000,3.705,0.1802,0.1952,0.0376,0.5562,0.3371,-0.6096,0.4532
89,Right,2,-0.0216,-0.0244,0.0382,0.1894,-0.3786,0.7116,0.5607,3.705,,,,,,,
89,Right,3,0.0000,0.0000,0.0325,0.2357,0.0486,-0.0814,0.9672,3.705,,,,,,,
89,Right,4,0.0000,0.0000,0.0338,-0.0738,-0.0662,0.0838,0.9915,3.705,,,,,,,
89,Right,5,0.0007,0.0010,0.0246,0.0000,0.0000,0.0000,1.0000,3.705,,,,,,,
89,Right,6,-0.0155,-0.0137,0.0383,0.0000,0.0000,0.0000,1.0000,3.705,,,,,,,
89,Right,7,-0.0081,0.0064,0.0577,0.4193,0.0565,0.0219,0.9058,3.705,,,,,,,
89,Right,8,0.0000,0.0000,0.0379,0.2559,0.0003,-0.0263,0.9663,3.705,,,,,,,
89,Right,9,0.0000,0.0000,0.0243,0.0858,0.0245,-0.0168,0.9959,3.705,,,,,,,
89,Right,10,0.0003,0.0010,0.0224,0.0000,0.0000,0.0000,1.0000,3.705,,,,,,,
89,Right,11,0.0007,-0.0097,0.0361,0.0000,0.0000,0.0000,1.0000,3.705,,,,,,,
89,Right,12,-0.0024,0.0072,0.0595,0.4090,0.0599,-0.0312,0.9100,3.705,,,,,,,
89,Right,13,0.0000,0.0000,0.0429,0.2702,0.0012,-0.0126,0.9627,3.705,,,,,,,
89,Right,14,0.0000,0.0000,0.0275,0.1021,-0.0039,-0.0534,0.9933,3.705,,,,,,,
89,Right,15,0.0003,0.0011,0.0250,0.0000,0.0000,0.0000,1.0000,3.705,,,,,,,
89,Right,16,0.0150,-0.0060,0.0348,0.0000,0.0000,0.0000,1.0000,3.705,,,,,,,
89,Right,17,0.0025,-0.0005,0.0539,0.4070,0.0629,-0.0787,0.9079,3.705,,,,,,,
89,Right,18,0.0000,0.0000,0.0390,0.2438,-0.0053,-0.0386,0.9691,3.705,,,,,,,
89,Right,19,0.0000,0.0000,0.0266,0.1438,-0.0297,-0.0113,0.9891,3.705,,,,,,,
89,Right,20,0.0003,0.0016,0.0243,0.0000,0.0000,0.0000,1.0000,3.705,,,,,,,
89,Right,21,0.0230,-0.0094,0.0341,0.0183,0.1403,-0.2070,0.9680,3.705,,,,,,,
89,Right,22,0.0000,0.0000,0.0457,0.3572,-0.0184,0.0878,0.9297,3.705,,,,,,,
89,Right,23,0.0000,0.0000,0.0307,0.2103,0.0333,-0.0564,0.9755,3.705,,,,,,,
89,Right,24,0.0000,0.0000,0.0203,0.1096,-0.0488,0.0011,0.9928,3.705,,,,,,,
89,Right,25,-0.0002,0.0012,0.0219,0.0000,0.0000,0.0000,1.0000,3.705,,,,,,,
90,Left,0,0.0032,-0.0045,0.0643,0.0000,0.0000,0.0000,1.0000,3.746,,,,,,,
90,Left,1,0.0000,0.0000,0.0000,0.0000,0.0000,0.0000,1.0000,3.746,-0.0889,0.1720,-0.0266,-0.5188,0.6763,-0.5225,0.0230
90,Left,2,0.0323,-0.0111,0.0320,-0.1955,0.3522,-0.4679,0.7866,3.746,,,,,,,
90,Left,3,0.0000,0.0000,0.0325,-0.0126,-0.0713,0.0832,0.9939,3.746,,,,,,,
90,Left,4,0.0000,0.0000,0.0338,-0.1856,0.0745,-0.0851,0.9761,3.746,,,,,,,
90,Left,5,-0.0007,0.0010,0.0246,0.0000,0.0000,0.0000,1.0000,3.746,,,,,,,
90,Left,6,0.0209,-0.0070,0.0352,0.0000,0.0000,0.0000,1.0000,3.746,,,,,,,
90,Left,7,0.0027,-0.0003,0.0608,0.2718,-0.0591,-0.0250,0.9602,3.746,,,,,,,
90,Left,8,0.0000,0.0000,0.0379,0.1144,-0.0042,0.0263,0.9931,3.746,,,,,,,
90,Left,9,0.0000,0.0000,0.0243,0.0002,-0.0260,0.0165,0.9995,3.746,,,,,,,
90,Left,10,-0.0003,0.0010,0.0224,0.0000,0.0000,0.0000,1.0000,3.746,,,,,,,
90,Left,11,0.0047,-0.0064,0.0330,0.0000,0.0000,0.0000,1.0000,3.746,,,,,,,
90,Left,12,-0.0029,0.0039,0.0626,0.3286,-0.0857,0.0333,0.9400,3.746,,,,,,,
90,Left,13,0.0000,0.0000,0.0429,0.0519,-0.0038,0.0116,0.9986,3.746,,,,,,,
90,Left,14,0.0000,0.0000,0.0275,-0.0274,-0.0017,0.0409,0.9988,3.746,,,,,,,
90,Left,15,-0.0003,0.0011,0.0250,0.0000,0.0000,0.0000,1.0000,3.746,,,,,,,
90,Left,16,-0.0150,-0.0060,0.0348,0.0000,0.0000,0.0000,1.0000,3.746,,,,,,,
90,Left,17,-0.0025,-0.0005,0.0539,0.3398,-0.1312,0.0934,0.9266,3.746,,,,,,,
90,Left,18,0.0000,0.0000,0.0390,0.0770,-0.0004,0.0353,0.9964,3.746,,,,,,,
90,Left,19,0.0000,0.0000,0.0266,0.0512,0.0295,0.0070,0.9982,3.746,,,,,,,
90,Left,20,-0.0003,0.0016,0.0243,0.0000,0.0000,0.0000,1.0000,3.746,,,,,,,
90,Left,21,-0.0230,-0.0094,0.0341,0.0183,-0.1403,0.2070,0.9680,3.746,,,,,,,
90,Left,22,0.0000,0.0000,0.0457,0.3120,-0.1472,-0.0323,0.9380,3.746,,,,,,,
90,Left,23,0.0000,0.0000,0.0307,0.1321,-0.0369,0.0500,0.9893,3.746,,,,,,,
90,Left,24,0.0000,0.0000,0.0203,0.0159,0.0491,-0.0008,0.9987,3.746,,,,,,,
90,Left,25,0.0002,0.0012,0.0219,0.0000,0.0000,0.0000,1.0000,3.746,,,,,,,
90,Right,0,-0.0005,-0.0061,0.0659,0.0000,0.0000,0.0000,1.0000,3.746,,,,,,,
90,Right,1,0.0000,0.0000,0.0000,0.0000,0.0000,0.0000,1.0000,3.746,0.1803,0.1949,0.0374,0.5566,0.3360,-0.6092,0.4540
90,Right,2,-0.0216,-0.0244,0.0382,0.1889,-0.3787,0.7114,0.5610,3.746,,,,,,,
90,Right,3,0.0000,0.0000,0.0325,0.2356,0.0486,-0.0814,0.9672,3.746,,,,,,,
90,Right,4,0.0000,0.0000,0.0338,-0.0732,-0.0662,0.0838,0.9916,3.746,,,,,,,
90,Right,5,0.0007,0.0010,0.0246,0.0000,0.0000,0.0000,1.0000,3.746,,,,,,,
90,Right,6,-0.0155,-0.0137,0.0383,0.0000,0.0000,0.0000,1.0000,3.746,,,,,,,
90,Right,7,-0.0081,0.0064,0.0577,0.4192,0.0564,0.0220,0.9059,3.746,,,,,,,
90,Right,8,0.0000,0.0000,0.0379,0.2565,0.0003,-0.0263,0.9662,3.746,,,,,,,
90,Right,9,0.0000,0.0000,0.0243,0.0865,0.0245,-0.0168,0.9958,3.746,,,,,,,
90,Right,10,0.0003,0.0010,0.0224,0.0000,0.0000,0.0000,1.0000,3.746,,,,,,,
90,Right,11,0.0007,-0.0097,0.0361,0.0000,0.0000,0.0000,1.0000,3.746,,,,,,,
90,Right,12,-0.0024,0.0072,0.0595,0.4086,0.0596,-0.0311,0.9102,3.746,,,,,,,
90,Right,13,0.0000,0.0000,0.0429,0.2650,0.0012,-0.0125,0.9642,3.746,,,,,,,
90,Right,14,0.0000,0.0000,0.0275,0.1005,-0.0038,-0.0533,0.9935,3.746,,,,,,,
90,Right,15,0.0003,0.0011,0.0250,0.0000,0.0000,0.0000,1.0000,3.746,,,,,,,
90,Right,16,0.0150,-0.0060,0.0348,0.0000,0.0000,0.0000,1.0000,3.746,,,,,,,
90,Right,17,0.0025,-0.0005,0.0539,0.4054,0.0628,-0.0786,0.9086,3.746,,,,,,,
90,Right,18,0.0000,0.0000,0.0390,0.2383,-0.0051,-0.0385,0.9704,3.746,,,,,,,
90,Right,19,0.0000,0.0000,0.0266,0.1414,-0.0297,-0.0112,0.9894,3.746,,,,,,,
90,Right,20,0.0003,0.0016,0.0243,0.0000,0.0000,0.0000,1.0000,3.746,,,,,,,
90,Right,21,0.0230,-0.0094,0.0341,0.0183,0.1403,-0.2070,0.9680,3.746,,,,,,,
90,Right,22,0.0000,0.0000,0.0457,0.3544,-0.0187,0.0879,0.9308,3.746,,,,,,,
90,Right,23,0.0000,0.0000,0.0307,0.2102,0.0333,-0.0564,0.9755,3.746,,,,,,,
90,Right,24,0.0000,0.0000,0.0203,0.1083,-0.0488,0.0011,0.9929,3.746,,,,,,,
90,Right,25,-0.0002,0.0012,0.0219,0.0000,0.0000,0.0000,1.0000,3.746,,,,,,,
91,Left,0,0.0032,-0.0045,0.0643,0.0000,0.0000,0.0000,1.0000,3.788,,,,,,,
91,Left,1,0.0000,0.0000,0.0000,0.0000,0.0000,0.0000,1.0000,3.788,-0.0895,0.1720,-0.0266,-0.5162,0.6759,-0.5253,0.0294
91,Left,2,0.0323,-0.0111,0.0320,-0.1948,0.3525,-0.4686,0.7863,3.788,,,,,,,
91,Left,3,0.0000,0.0000,0.0325,-0.0127,-0.0713,0.0832,0.9939,3.788,,,,,,,
91,Left,4,0.0000,0.0000,0.0338,-0.1856,0.0745,-0.0851,0.9761,3.788,,,,,,,
91,Left,5,-0.0007,0.0010,0.0246,0.0000,0.0000,0.0000,1.0000,3.788,,,,,,,
91,Left,6,0.0209,-0.0070,0.0352,0.0000,0.0000,0.0000,1.0000,3.788,,,,,,,
91,Left,7,0.0027,-0.0003,0.0608,0.2721,-0.0593,-0.0250,0.9601,3.788,,,,,,,
91,Left,8,0.0000,0.0000,0.0379,0.1133,-0.0042,0.0263,0.9932,3.788,,,,,,,
91,Left,9,0.0000,0.0000,0.0243,-0.0003,-0.0260,0.0165,0.9995,3.788,,,,,,,
91,Left,10,-0.0003,0.0010,0.0224,0.0000,0.0000,0.0000,1.0000,3.788,,,,,,,
91,Left,11,0.0046,-0.0064,0.0330,0.0000,0.0000,0.0000,1.0000,3.788,,,,,,,
91,Left,12,-0.0029,0.0039,0.0626,0.3276,-0.0854,0.0331,0.9404,3.788,,,,,,,
91,Left,13,0.0000,0.0000,0.0429,0.0487,-0.0038,0.0115,0.9987,3.788,,,,,,,
91,Left,14,0.0000,0.0000,0.0275,-0.0288,-0.0018,0.0408,0.9988,3.788,,,,,,,
91,Left,15,-0.0003,0.0011,0.0250,0.0000,0.0000,0.0000,1.0000,3.788,,,,,,,
91,Left,16,-0.0150,-0.0060,0.0348,0.0000,0.0000,0.0000,1.0000,3.788,,,,,,,
91,Left,17,-0.0025,-0.0005,0.0539,0.3403,-0.1317,0.0937,0.9263,3.788,,,,,,,
91,Left,18,0.0000,0.0000,0.0390,0.0755,-0.0004,0.0353,0.9965,3.788,,,,,,,
91,Left,19,0.0000,0.0000,0.0266,0.0504,0.0295,0.0070,0.9983,3.788,,,,,,,
91,Left,20,-0.0003,0.0016,0.0243,0.0000,0.0000,0.0000,1.0000,3.788,,,,,,,
91,Left,21,-0.0230,-0.0094,0.0341,0.0183,-0.1403,0.2070,0.9680,3.788,,,,,,,
91,Left,22,0.0000,0.0000,0.0457,0.3148,-0.1503,-0.0306,0.9367,3.788,,,,,,,
91,Left,23,0.0000,0.0000,0.0307,0.1306,-0.0370,0.0499,0.9895,3.788,,,,,,,
91,Left,24,0.0000,0.0000,0.0203,0.0154,0.0492,-0.0008,0.9987,3.788,,,,,,,
91,Left,25,0.0002,0.0012,0.0219,0.0000,0.0000,0.0000,1.0000,3.788,,,,,,,
91,Right,0,-0.0005,-0.0061,0.0659,0.0000,0.0000,0.0000,1.0000,3.788,,,,,,,
91,Right,1,0.0000,0.0000,0.0000,0.0000,0.0000,0.0000,1.0000,3.788,0.1804,0.1945,0.0377,0.5572,0.3361,-0.6089,0.4537
91,Right,2,-0.0216,-0.0244,0.0382,0.1886,-0.3787,0.7114,0.5612,3.788,,,,,,,
91,Right,3,0.0000,0.0000,0.0325,0.2357,0.0486,-0.0814,0.9672,3.788,,,,,,,
91,Right,4,0.0000,0.0000,0.0338,-0.0728,-0.0662,0.0838,0.9916,3.788,,,,,,,
91,Right,5,0.0007,0.0010,0.0246,0.0000,0.0000,0.0000,1.0000,3.788,,,,,,,
91,Right,6,-0.0155,-0.0137,0.0383,0.0000,0.0000,0.0000,1.0000,3.788,,,,,,,
91,Right,7,-0.0080,0.0064,0.0577,0.4194,0.0562,0.0220,0.9058,3.788,,,,,,,
91,Right,8,0.0000,0.0000,0.0379,0.2575,0.0003,-0.0263,0.9659,3.788,,,,,,,
91,Right,9,0.0000,0.0000,0.0243,0.0875,0.0245,-0.0168,0.9957,3.788,,,,,,,
91,Right,10,0.0003,0.0010,0.0224,0.0000,0.0000,0.0000,1.0000,3.788,,,,,,,
91,Right,11,0.0007,-0.0097,0.0361,0.0000,0.0000,0.0000,1.0000,3.788,,,,,,,
91,Right,12,-0.0024,0.0072,0.0595,0.4085,0.0594,-0.0310,0.9103,3.788,,,,,,,
91,Right,13,0.0000,0.0000,0.0429,0.2636,0.0012,-0.0125,0.9646,3.788,,,,,,,
91,Right,14,0.0000,0.0000,0.0275,0.0991,-0.0038,-0.0531,0.9937,3.788,,,,,,,
91,Right,15,0.0003,0.0011,0.0250,0.0000,0.0000,0.0000,1.0000,3.788,,,,,,,
91,Right,16,0.0150,-0.0060,0.0348,0.0000,0.0000,0.0000,1.0000,3.788,,,,,,,
91,Right,17,0.0025,-0.0005,0.0539,0.4047,0.0628,-0.0785,0.9089,3.788,,,,,,,
91,Right,18,0.0000,0.0000,0.0390,0.2369,-0.0050,-0.0385,0.9708,3.788,,,,,,,
91,Right,19,0.0000,0.0000,0.0266,0.1394,-0.0297,-0.0111,0.9897,3.788,,,,,,,
91,Right,20,0.0003,0.0016,0.0243,0.0000,0.0000,0.0000,1.0000,3.788,,,,,,,
91,Right,21,0.0230,-0.0094,0.0341,0.0183,0.1403,-0.2070,0.9680,3.788,,,,,,,
91,Right,22,0.0000,0.0000,0.0457,0.3533,-0.0188,0.0879,0.9312,3.788,,,,,,,
91,Right,23,0.0000,0.0000,0.0307,0.2101,0.0333,-0.0564,0.9755,3.788,,,,,,,
91,Right,24,0.0000,0.0000,0.0203,0.1071,-0.0488,0.0011,0.9930,3.788,,,,,,,
91,Right,25,-0.0002,0.0012,0.0219,0.0000,0.0000,0.0000,1.0000,3.788,,,,,,,
92,Left,0,0.0032,-0.0045,0.0643,0.0000,0.0000,0.0000,1.0000,3.830,,,,,,,
92,Left,1,0.0000,0.0000,0.0000,0.0000,0.0000,0.0000,1.0000,3.830,-0.0900,0.1720,-0.0267,-0.5143,0.6760,-0.5267,0.0332
92,Left,2,0.0323,-0.0112,0.0320,-0.1941,0.3527,-0.4694,0.7859,3.830,,,,,,,
92,Left,3,0.0000,0.0000,0.0325,-0.0130,-0.0713,0.0832,0.9939,3.830,,,,,,,
92,Left,4,0.0000,0.0000,0.0338,-0.1857,0.0745,-0.0851,0.9761,3.830,,,,,,,
92,Left,5,-0.0007,0.0010,0.0246,0.0000,0.0000,0.0000,1.0000,3.830,,,,,,,
92,Left,6,0.0209,-0.0070,0.0352,0.0000,0.0000,0.0000,1.0000,3.830,,,,,,,
92,Left,7,0.0027,-0.0003,0.0608,0.2718,-0.0600,-0.0248,0.9602,3.830,,,,,,,
92,Left,8,0.0000,0.0000,0.0379,0.1121,-0.0043,0.0263,0.9933,3.830,,,,,,,
92,Left,9,0.0000,0.0000,0.0243,-0.0008,-0.0260,0.0164,0.9995,3.830,,,,,,,
92,Left,10,-0.0003,0.0010,0.0224,0.0000,0.0000,0.0000,1.0000,3.830,,,,,,,
92,Left,11,0.0046,-0.0064,0.0330,0.0000,0.0000,0.0000,1.0000,3.830,,,,,,,
92,Left,12,-0.0029,0.0039,0.0626,0.3264,-0.0852,0.0329,0.9408,3.830,,,,,,,
92,Left,13,0.0000,0.0000,0.0429,0.0470,-0.0038,0.0115,0.9988,3.830,,,,,,,
92,Left,14,0.0000,0.0000,0.0275,-0.0302,-0.0019,0.0406,0.9987,3.830,,,,,,,
92,Left,15,-0.0003,0.0011,0.0250,0.0000,0.0000,0.0000,1.0000,3.830,,,,,,,
92,Left,16,-0.0150,-0.0060,0.0348,0.0000,0.0000,0.0000,1.0000,3.830,,,,,,,
92,Left,17,-0.0025,-0.0005,0.0539,0.3402,-0.1323,0.0939,0.9262,3.830,,,,,,,
92,Left,18,0.0000,0.0000,0.0390,0.0738,-0.0005,0.0353,0.9967,3.830,,,,,,,
92,Left,19,0.0000,0.0000,0.0266,0.0497,0.0295,0.0070,0.9983,3.830,,,,,,,
92,Left,20,-0.0003,0.0016,0.0243,0.0000,0.0000,0.0000,1.0000,3.830,,,,,,,
92,Left,21,-0.0230,-0.0094,0.0341,0.0183,-0.1403,0.2070,0.9680,3.830,,,,,,,
92,Left,22,0.0000,0.0000,0.0457,0.3152,-0.1535,-0.0294,0.9361,3.830,,,,,,,
92,Left,23,0.0000,0.0000,0.0307,0.1292,-0.0370,0.0498,0.9897,3.830,,,,,,,
92,Left,24,0.0000,0.0000,0.0203,0.0150,0.0492,-0.0008,0.9987,3.830,,,,,,,
92,Left,25,0.0002,0.0012,0.0219,0.0000,0.0000,0.0000,1.0000,3.830,,,,,,,
92,Right,0,-0.0005,-0.0061,0.0659,0.0000,0.0000,0.0000,1.0000,3.830,,,,,,,
92,Right,1,0.0000,0.0000,0.0000,0.0000,0.0000,0.0000,1.0000,3.830,0.1804,0.1939,0.0376,0.5578,0.3358,-0.6089,0.4530
92,Right,2,-0.0216,-0.0244,0.0382,0.1884,-0.3785,0.7114,0.5614,3.830,,,,,,,
92,Right,3,0.0000,0.0000,0.0325,0.2356,0.0486,-0.0814,0.9672,3.830,,,,,,,
92,Right,4,0.0000,0.0000,0.0338,-0.0725,-0.0661,0.0838,0.9916,3.830,,,,,,,
92,Right,5,0.0007,0.0010,0.0246,0.0000,0.0000,0.0000,1.0000,3.830,,,,,,,
92,Right,6,-0.0155,-0.0137,0.0383,0.0000,0.0000,0.0000,1.0000,3.830,,,,,,,
92,Right,7,-0.0080,0.0064,0.0577,0.4193,0.0564,0.0220,0.9058,3.830,,,,,,,
92,Right,8,0.0000,0.0000,0.0379,0.2583,0.0003,-0.0263,0.9657,3.830,,,,,,,
92,Right,9,0.0000,0.0000,0.0243,0.0882,0.0245,-0.0168,0.9957,3.830,,,,,,,
92,Right,10,0.0003,0.0010,0.0224,0.0000,0.0000,0.0000,1.0000,3.830,,,,,,,
92,Right,11,0.0007,-0.0097,0.0361,0.0000,0.0000,0.0000,1.0000,3.830,,,,,,,
92,Right,12,-0.0024,0.0072,0.0595,0.4084,0.0594,-0.0310,0.9103,3.830,,,,,,,
92,Right,13,0.0000,0.0000,0.0429,0.2625,0.0013,-0.0125,0.9649,3.830,,,,,,,
92,Right,14,0.0000,0.0000,0.0275,0.0978,-0.0037,-0.0530,0.9938,3.830,,,,,,,
92,Right,15,0.0003,0.0011,0.0250,0.0000,0.0000,0.0000,1.0000,3.830,,,,,,,
92,Right,16,0.0150,-0.0060,0.0348,0.0000,0.0000,0.0000,1.0000,3.830,,,,,,,
92,Right,17,0.0025,-0.0005,0.0539,0.4043,0.0630,-0.0785,0.9091,3.830,,,,,,,
92,Right,18,0.0000,0.0000,0.0390,0.2354,-0.0050,-0.0385,0.9711,3.830,,,,,,,
92,Right,19,0.0000,0.0000,0.0266,0.1380,-0.0297,-0.0111,0.9899,3.830,,,,,,,
92,Right,20,0.0003,0.0016,0.0243,0.0000,0.0000,0.0000,1.0000,3.830,,,,,,,
92,Right,21,0.0230,-0.0094,0.0341,0.0183,0.1403,-0.2070,0.9680,3.830,,,,,,,
92,Right,22,0.0000,0.0000,0.0457,0.3524,-0.0186,0.0878,0.9315,3.830,,,,,,,
92,Right,23,0.0000,0.0000,0.0307,0.2094,0.0333,-0.0563,0.9756,3.830,,,,,,,
92,Right,24,0.0000,0.0000,0.0203,0.1057,-0.0488,0.0011,0.9932,3.830,,,,,,,
92,Right,25,-0.0002,0.0012,0.0219,0.0000,0.0000,0.0000,1.0000,3.830,,,,,,,
93,Left,0,0.0032,-0.0045,0.0644,0.0000,0.0000,0.0000,1.0000,3.871,,,,,,,
93,Left,1,0.0000,0.0000,0.0000,0.0000,0.0000,0.0000,1.0000,3.871,-0.0909,0.1720,-0.0271,-0.5129,0.6737,-0.5306,0.0402
93,Left,2,0.0323,-0.0112,0.0320,-0.1933,0.3530,-0.4702,0.7854,3.871,,,,,,,
93,Left,3,0.0000,0.0000,0.0325,-0.0140,-0.0714,0.0832,0.9939,3.871,,,,,,,
93,Left,4,0.0000,0.0000,0.0338,-0.1857,0.0746,-0.0851,0.9761,3.871,,,,,,,
93,Left,5,-0.0007,0.0010,0.0246,0.0000,0.0000,0.0000,1.0000,3.871,,,,,,,
93,Left,6,0.0208,-0.0071,0.0352,0.0000,0.0000,0.0000,1.0000,3.871,,,,,,,
93,Left,7,0.0027,-0.0002,0.0608,0.2704,-0.0603,-0.0248,0.9605,3.871,,,,,,,
93,Left,8,0.0000,0.0000,0.0379,0.1084,-0.0044,0.0262,0.9938,3.871,,,,,,,
93,Left,9,0.0000,0.0000,0.0243,-0.0017,-0.0261,0.0164,0.9995,3.871,,,,,,,
93,Left,10,-0.0003,0.0010,0.0224,0.0000,0.0000,0.0000,1.0000,3.871,,,,,,,
93,Left,11,0.0046,-0.0064,0.0331,0.0000,0.0000,0.0000,1.0000,3.871,,,,,,,
93,Left,12,-0.0029,0.0039,0.0626,0.3246,-0.0849,0.0326,0.9415,3.871,,,,,,,
93,Left,13,0.0000,0.0000,0.0429,0.0443,-0.0039,0.0115,0.9989,3.871,,,,,,,
93,Left,14,0.0000,0.0000,0.0275,-0.0315,-0.0019,0.0405,0.9987,3.871,,,,,,,
93,Left,15,-0.0003,0.0011,0.0250,0.0000,0.0000,0.0000,1.0000,3.871,,,,,,,
93,Left,16,-0.0150,-0.0060,0.0348,0.0000,0.0000,0.0000,1.0000,3.871,,,,,,,
93,Left,17,-0.0025,-0.0005,0.0539,0.3397,-0.1327,0.0939,0.9264,3.871,,,,,,,
93,Left,18,0.0000,0.0000,0.0390,0.0724,-0.0005,0.0352,0.9968,3.871,,,,,,,
93,Left,19,0.0000,0.0000,0.0266,0.0490,0.0295,0.0069,0.9983,3.871,,,,,,,
93,Left,20,-0.0003,0.0016,0.0243,0.0000,0.0000,0.0000,1.0000,3.871,,,,,,,
93,Left,21,-0.0230,-0.0094,0.0341,0.0183,-0.1403,0.2070,0.9680,3.871,,,,,,,
93,Left,22,0.0000,0.0000,0.0457,0.3154,-0.1539,-0.0292,0.9360,3.871,,,,,,,
93,Left,23,0.0000,0.0000,0.0307,0.1278,-0.0371,0.0497,0.9899,3.871,,,,,,,
93,Left,24,0.0000,0.0000,0.0203,0.0145,0.0492,-0.0008,0.9987,3.871,,,,,,,
93,Left,25,0.0002,0.0012,0.0219,0.0000,0.0000,0.0000,1.0000,3.871,,,,,,,
93,Right,0,-0.0005,-0.0061,0.0659,0.0000,0.0000,0.0000,1.0000,3.871,,,,,,,
93,Right,1,0.0000,0.0000,0.0000,0.0000,0.0000,0.0000,1.0000,3.871,0.1803,0.1935,0.0376,0.5582,0.3355,-0.6085,0.4535
93,Right,2,-0.0216,-0.0244,0.0382,0.1882,-0.3786,0.7113,0.5615,3.871,,,,,,,
93,Right,3,0.0000,0.0000,0.0325,0.2356,0.0486,-0.0814,0.9672,3.871,,,,,,,
93,Right,4,0.0000,0.0000,0.0338,-0.0726,-0.0661,0.0838,0.9916,3.871,,,,,,,
93,Right,5,0.0007,0.0010,0.0246,0.0000,0.0000,0.0000,1.0000,3.871,,,,,,,
93,Right,6,-0.0155,-0.0137,0.0383,0.0000,0.0000,0.0000,1.0000,3.871,,,,,,,
93,Right,7,-0.0080,0.0064,0.0577,0.4196,0.0567,0.0219,0.9057,3.871,,,,,,,
93,Right,8,0.0000,0.0000,0.0379,0.2597,0.0002,-0.0263,0.9653,3.871,,,,,,,
93,Right,9,0.0000,0.0000,0.0243,0.0892,0.0245,-0.0168,0.9956,3.871,,,,,,,
93,Right,10,0.0003,0.0010,0.0224,0.0000,0.0000,0.0000,1.0000,3.871,,,,,,,
93,Right,11,0.0007,-0.0097,0.0361,0.0000,0.0000,0.0000,1.0000,3.871,,,,,,,
93,Right,12,-0.0024,0.0072,0.0595,0.4084,0.0595,-0.0310,0.9104,3.871,,,,,,,
93,Right,13,0.0000,0.0000,0.0429,0.2619,0.0013,-0.0125,0.9650,3.871,,,,,,,
93,Right,14,0.0000,0.0000,0.0275,0.0970,-0.0037,-0.0529,0.9939,3.871,,,,,,,
93,Right,15,0.0003,0.0011,0.0250,0.0000,0.0000,0.0000,1.0000,3.871,,,,,,,
93,Right,16,0.0150,-0.0060,0.0348,0.0000,0.0000,0.0000,1.0000,3.871,,,,,,,
93,Right,17,0.0025,-0.0005,0.0539,0.4037,0.0631,-0.0785,0.9094,3.871,,,,,,,
93,Right,18,0.0000,0.0000,0.0390,0.2343,-0.0050,-0.0385,0.9714,3.871,,,,,,,
93,Right,19,0.0000,0.0000,0.0266,0.1372,-0.0297,-0.0110,0.9900,3.871,,,,,,,
93,Right,20,0.0003,0.0016,0.0243,0.0000,0.0000,0.0000,1.0000,3.871,,,,,,,
93,Right,21,0.0230,-0.0094,0.0341,0.0183,0.1403,-0.2070,0.9680,3.871,,,,,,,
93,Right,22,0.0000,0.0000,0.0457,0.3521,-0.0183,0.0877,0.9317,3.871,,,,,,,
93,Right,23,0.0000,0.0000,0.0307,0.2084,0.0334,-0.0562,0.9759,3.871,,,,,,,
93,Right,24,0.0000,0.0000,0.0203,0.1045,-0.0488,0.0011,0.9933,3.871,,,,,,,
93,Right,25,-0.0002,0.0012,0.0219,0.0000,0.0000,0.0000,1.0000,3.871,,,,,,,
94,Left,0,0.0032,-0.0045,0.0644,0.0000,0.0000,0.0000,1.0000,3.913,,,,,,,
94,Left,1,0.0000,0.0000,0.0000,0.0000,0.0000,0.0000,1.0000,3.913,-0.0923,0.1725,-0.0277,-0.5145,0.6679,-0.5363,0.0410
94,Left,2,0.0323,-0.0113,0.0321,-0.1925,0.3526,-0.4712,0.7852,3.913,,,,,,,
94,Left,3,0.0000,0.0000,0.0325,-0.0147,-0.0714,0.0831,0.9939,3.913,,,,,,,
94,Left,4,0.0000,0.0000,0.0338,-0.1857,0.0746,-0.0851,0.9761,3.913,,,,,,,
94,Left,5,-0.0007,0.0010,0.0246,0.0000,0.0000,0.0000,1.0000,3.913,,,,,,,
94,Left,6,0.0208,-0.0071,0.0352,0.0000,0.0000,0.0000,1.0000,3.913,,,,,,,
94,Left,7,0.0027,-0.0002,0.0608,0.2678,-0.0607,-0.0248,0.9612,3.913,,,,,,,
94,Left,8,0.0000,0.0000,0.0379,0.1065,-0.0044,0.0262,0.9940,3.913,,,,,,,
94,Left,9,0.0000,0.0000,0.0243,-0.0023,-0.0261,0.0164,0.9995,3.913,,,,,,,
94,Left,10,-0.0003,0.0010,0.0224,0.0000,0.0000,0.0000,1.0000,3.913,,,,,,,
94,Left,11,0.0046,-0.0064,0.0331,0.0000,0.0000,0.0000,1.0000,3.913,,,,,,,
94,Left,12,-0.0029,0.0039,0.0626,0.3232,-0.0850,0.0326,0.9419,3.913,,,,,,,
94,Left,13,0.0000,0.0000,0.0429,0.0431,-0.0039,0.0115,0.9990,3.913,,,,,,,
94,Left,14,0.0000,0.0000,0.0275,-0.0325,-0.0020,0.0404,0.9987,3.913,,,,,,,
94,Left,15,-0.0003,0.0011,0.0250,0.0000,0.0000,0.0000,1.0000,3.913,,,,,,,
94,Left,16,-0.0150,-0.0060,0.0348,0.0000,0.0000,0.0000,1.0000,3.913,,,,,,,
94,Left,17,-0.0025,-0.0005,0.0539,0.3398,-0.1324,0.0938,0.9264,3.913,,,,,,,
94,Left,18,0.0000,0.0000,0.0390,0.0716,-0.0006,0.0352,0.9968,3.913,,,,,,,
94,Left,19,0.0000,0.0000,0.0266,0.0486,0.0295,0.0069,0.9984,3.913,,,,,,,
94,Left,20,-0.0003,0.0016,0.0243,0.0000,0.0000,0.0000,1.0000,3.913,,,,,,,
94,Left,21,-0.0230,-0.0094,0.0341,0.0183,-0.1403,0.2070,0.9680,3.913,,,,,,,
94,Left,22,0.0000,0.0000,0.0457,0.3163,-0.1538,-0.0290,0.9357,3.913,,,,,,,
94,Left,23,0.0000,0.0000,0.0307,0.1263,-0.0372,0.0496,0.9901,3.913,,,,,,,
94,Left,24,0.0000,0.0000,0.0203,0.0141,0.0492,-0.0008,0.9987,3.913,,,,,,,
94,Left,25,0.0002,0.0012,0.0219,0.0000,0.0000,0.0000,1.0000,3.913,,,,,,,
94,Right,0,-0.0005,-0.0061,0.0659,0.0000,0.0000,0.0000,1.0000,3.913,,,,,,,
94,Right,1,0.0000,0.0000,0.0000,0.0000,0.0000,0.0000,1.0000,3.913,0.1804,0.1932,0.0379,0.5584,0.3351,-0.6091,0.4527
94,Right,2,-0.0216,-0.0244,0.0382,0.1878,-0.3786,0.7112,0.5617,3.913,,,,,,,
94,Right,3,0.0000,0.0000,0.0325,0.2361,0.0485,-0.0814,0.9671,3.913,,,,,,,
94,Right,4,0.0000,0.0000,0.0338,-0.0729,-0.0662,0.0838,0.9916,3.913,,,,,,,
94,Right,5,0.0007,0.0010,0.0246,0.0000,0.0000,0.0000,1.0000,3.913,,,,,,,
94,Right,6,-0.0155,-0.0137,0.0383,0.0000,0.0000,0.0000,1.0000,3.913,,,,,,,
94,Right,7,-0.0080,0.0064,0.0577,0.4192,0.0574,0.0216,0.9058,3.913,,,,,,,
94,Right,8,0.0000,0.0000,0.0379,0.2605,0.0002,-0.0263,0.9651,3.913,,,,,,,
94,Right,9,0.0000,0.0000,0.0243,0.0901,0.0244,-0.0168,0.9955,3.913,,,,,,,
94,Right,10,0.0003,0.0010,0.0224,0.0000,0.0000,0.0000,1.0000,3.913,,,,,,,
94,Right,11,0.0007,-0.0097,0.0361,0.0000,0.0000,0.0000,1.0000,3.913,,,,,,,
94,Right,12,-0.0024,0.0072,0.0595,0.4078,0.0596,-0.0310,0.9106,3.913,,,,,,,
94,Right,13,0.0000,0.0000,0.0429,0.2613,0.0013,-0.0125,0.9652,3.913,,,,,,,
94,Right,14,0.0000,0.0000,0.0275,0.0968,-0.0037,-0.0529,0.9939,3.913,,,,,,,
94,Right,15,0.0003,0.0011,0.0250,0.0000,0.0000,0.0000,1.0000,3.913,,,,,,,
94,Right,16,0.0150,-0.0060,0.0348,0.0000,0.0000,0.0000,1.0000,3.913,,,,,,,
94,Right,17,0.0025,-0.0005,0.0539,0.4028,0.0632,-0.0784,0.9097,3.913,,,,,,,
94,Right,18,0.0000,0.0000,0.0390,0.2329,-0.0049,-0.0385,0.9717,3.913,,,,,,,
94,Right,19,0.0000,0.0000,0.0266,0.1360,-0.0297,-0.0110,0.9902,3.913,,,,,,,
94,Right,20,0.0003,0.0016,0.0243,0.0000,0.0000,0.0000,1.0000,3.913,,,,,,,
94,Right,21,0.0230,-0.0094,0.0341,0.0183,0.1403,-0.2070,0.9680,3.913,,,,,,,
94,Right,22,0.0000,0.0000,0.0457,0.3520,-0.0182,0.0877,0.9317,3.913,,,,,,,
94,Right,23,0.0000,0.0000,0.0307,0.2071,0.0334,-0.0561,0.9761,3.913,,,,,,,
94,Right,24,0.0000,0.0000,0.0203,0.1033,-0.0488,0.0011,0.9934,3.913,,,,,,,
94,Right,25,-0.0002,0.0012,0.0219,0.0000,0.0000,0.0000,1.0000,3.913,,,,,,,
95,Left,0,0.0032,-0.0045,0.0644,0.0000,0.0000,0.0000,1.0000,3.954,,,,,,,
95,Left,1,0.0000,0.0000,0.0000,0.0000,0.0000,0.0000,1.0000,3.954,-0.0929,0.1730,-0.0279,-0.5137,0.6648,-0.5408,0.0420
95,Left,2,0.0322,-0.0113,0.0321,-0.1918,0.3525,-0.4721,0.7849,3.954,,,,,,,
95,Left,3,0.0000,0.0000,0.0325,-0.0156,-0.0715,0.0831,0.9938,3.954,,,,,,,
95,Left,4,0.0000,0.0000,0.0338,-0.1858,0.0746,-0.0851,0.9761,3.954,,,,,,,
95,Left,5,-0.0007,0.0010,0.0246,0.0000,0.0000,0.0000,1.0000,3.954,,,,,,,
95,Left,6,0.0208,-0.0071,0.0352,0.0000,0.0000,0.0000,1.0000,3.954,,,,,,,
95,Left,7,0.0027,-0.0002,0.0607,0.2662,-0.0614,-0.0246,0.9616,3.954,,,,,,,
95,Left,8,0.0000,0.0000,0.0379,0.1056,-0.0044,0.0262,0.9941,3.954,,,,,,,
95,Left,9,0.0000,0.0000,0.0243,-0.0027,-0.0261,0.0164,0.9995,3.954,,,,,,,
95,Left,10,-0.0003,0.0010,0.0224,0.0000,0.0000,0.0000,1.0000,3.954,,,,,,,
95,Left,11,0.0046,-0.0065,0.0331,0.0000,0.0000,0.0000,1.0000,3.954,,,,,,,
95,Left,12,-0.0029,0.0039,0.0626,0.3220,-0.0846,0.0323,0.9424,3.954,,,,,,,
95,Left,13,0.0000,0.0000,0.0429,0.0425,-0.0039,0.0115,0.9990,3.954,,,,,,,
95,Left,14,0.0000,0.0000,0.0275,-0.0331,-0.0020,0.0404,0.9986,3.954,,,,,,,
95,Left,15,-0.0003,0.0011,0.0250,0.0000,0.0000,0.0000,1.0000,3.954,,,,,,,
95,Left,16,-0.0150,-0.0060,0.0348,0.0000,0.0000,0.0000,1.0000,3.954,,,,,,,
95,Left,17,-0.0025,-0.0005,0.0539,0.3400,-0.1323,0.0938,0.9264,3.954,,,,,,,
95,Left,18,0.0000,0.0000,0.0390,0.0707,-0.0006,0.0352,0.9969,3.954,,,,,,,
95,Left,19,0.0000,0.0000,0.0266,0.0482,0.0295,0.0069,0.9984,3.954,,,,,,,
95,Left,20,-0.0003,0.0016,0.0243,0.0000,0.0000,0.0000,1.0000,3.954,,,,,,,
95,Left,21,-0.0230,-0.0094,0.0341,0.0183,-0.1403,0.2070,0.9680,3.954,,,,,,,
95,Left,22,0.0000,0.0000,0.0457,0.3201,-0.1546,-0.0280,0.9342,3.954,,,,,,,
95,Left,23,0.0000,0.0000,0.0307,0.1253,-0.0372,0.0495,0.9902,3.954,,,,,,,
95,Left,24,0.0000,0.0000,0.0203,0.0137,0.0492,-0.0008,0.9987,3.954,,,,,,,
95,Left,25,0.0002,0.0012,0.0219,0.0000,0.0000,0.0000,1.0000,3.954,,,,,,,
95,Right,0,-0.0005,-0.0061,0.0659,0.0000,0.0000,0.0000,1.0000,3.954,,,,,,,
95,Right,1,0.0000,0.0000,0.0000,0.0000,0.0000,0.0000,1.0000,3.954,0.1806,0.1929,0.0379,0.5588,0.3345,-0.6098,0.4517
95,Right,2,-0.0216,-0.0244,0.0382,0.1877,-0.3780,0.7115,0.5618,3.954,,,,,,,
95,Right,3,0.0000,0.0000,0.0325,0.2366,0.0485,-0.0814,0.9670,3.954,,,,,,,
95,Right,4,0.0000,0.0000,0.0338,-0.0730,-0.0662,0.0838,0.9916,3.954,,,,,,,
95,Right,5,0.0007,0.0010,0.0246,0.0000,0.0000,0.0000,1.0000,3.954,,,,,,,
95,Right,6,-0.0155,-0.0137,0.0383,0.0000,0.0000,0.0000,1.0000,3.954,,,,,,,
95,Right,7,-0.0080,0.0064,0.0577,0.4188,0.0577,0.0215,0.9060,3.954,,,,,,,
95,Right,8,0.0000,0.0000,0.0379,0.2619,0.0002,-0.0263,0.9647,3.954,,,,,,,
95,Right,9,0.0000,0.0000,0.0243,0.0912,0.0244,-0.0168,0.9954,3.954,,,,,,,
95,Right,10,0.0003,0.0010,0.0224,0.0000,0.0000,0.0000,1.0000,3.954,,,,,,,
95,Right,11,0.0007,-0.0097,0.0361,0.0000,0.0000,0.0000,1.0000,3.954,,,,,,,
95,Right,12,-0.0024,0.0072,0.0595,0.4072,0.0596,-0.0309,0.9109,3.954,,,,,,,
95,Right,13,0.0000,0.0000,0.0429,0.2611,0.0013,-0.0125,0.9652,3.954,,,,,,,
95,Right,14,0.0000,0.0000,0.0275,0.0968,-0.0037,-0.0529,0.9939,3.954,,,,,,,
95,Right,15,0.0003,0.0011,0.0250,0.0000,0.0000,0.0000,1.0000,3.954,,,,,,,
95,Right,16,0.0150,-0.0060,0.0348,0.0000,0.0000,0.0000,1.0000,3.954,,,,,,,
95,Right,17,0.0025,-0.0005,0.0539,0.4019,0.0635,-0.0785,0.9101,3.954,,,,,,,
95,Right,18,0.0000,0.0000,0.0390,0.2329,-0.0049,-0.0385,0.9717,3.954,,,,,,,
95,Right,19,0.0000,0.0000,0.0266,0.1358,-0.0297,-0.0110,0.9902,3.954,,,,,,,
95,Right,20,0.0003,0.0016,0.0243,0.0000,0.0000,0.0000,1.0000,3.954,,,,,,,
95,Right,21,0.0230,-0.0094,0.0341,0.0183,0.1403,-0.2070,0.9680,3.954,,,,,,,
95,Right,22,0.0000,0.0000,0.0457,0.3518,-0.0176,0.0875,0.9318,3.954,,,,,,,
95,Right,23,0.0000,0.0000,0.0307,0.2067,0.0335,-0.0561,0.9762,3.954,,,,,,,
95,Right,24,0.0000,0.0000,0.0203,0.1029,-0.0488,0.0011,0.9935,3.954,,,,,,,
95,Right,25,-0.0002,0.0012,0.0219,0.0000,0.0000,0.0000,1.0000,3.954,,,,,,,
96,Left,0,0.0032,-0.0045,0.0644,0.0000,0.0000,0.0000,1.0000,3.996,,,,,,,
96,Left,1,0.0000,0.0000,0.0000,0.0000,0.0000,0.0000,1.0000,3.996,-0.0930,0.1735,-0.0280,-0.5123,0.6642,-0.5428,0.0424
96,Left,2,0.0322,-0.0113,0.0321,-0.1912,0.3526,-0.4728,0.7846,3.996,,,,,,,
96,Left,3,0.0000,0.0000,0.0325,-0.0159,-0.0715,0.0831,0.9938,3.996,,,,,,,
96,Left,4,0.0000,0.0000,0.0338,-0.1858,0.0746,-0.0851,0.9761,3.996,,,,,,,
96,Left,5,-0.0007,0.0010,0.0246,0.0000,0.0000,0.0000,1.0000,3.996,,,,,,,
96,Left,6,0.0208,-0.0071,0.0353,0.0000,0.0000,0.0000,1.0000,3.996,,,,,,,
96,Left,7,0.0027,-0.0002,0.0607,0.2645,-0.0624,-0.0245,0.9621,3.996,,,,,,,
96,Left,8,0.0000,0.0000,0.0379,0.1047,-0.0045,0.0262,0.9941,3.996,,,,,,,
96,Left,9,0.0000,0.0000,0.0243,-0.0031,-0.0261,0.0164,0.9995,3.996,,,,,,,
96,Left,10,-0.0003,0.0010,0.0224,0.0000,0.0000,0.0000,1.0000,3.996,,,,,,,
96,Left,11,0.0046,-0.0065,0.0331,0.0000,0.0000,0.0000,1.0000,3.996,,,,,,,
96,Left,12,-0.0029,0.0039,0.0626,0.3211,-0.0843,0.0321,0.9428,3.996,,,,,,,
96,Left,13,0.0000,0.0000,0.0429,0.0420,-0.0039,0.0115,0.9990,3.996,,,,,,,
96,Left,14,0.0000,0.0000,0.0275,-0.0335,-0.0020,0.0403,0.9986,3.996,,,,,,,
96,Left,15,-0.0003,0.0011,0.0250,0.0000,0.0000,0.0000,1.0000,3.996,,,,,,,
96,Left,16,-0.0150,-0.0060,0.0348,0.0000,0.0000,0.0000,1.0000,3.996,,,,,,,
96,Left,17,-0.0025,-0.0005,0.0539,0.3399,-0.1323,0.0938,0.9264,3.996,,,,,,,
96,Left,18,0.0000,0.0000,0.0390,0.0696,-0.0006,0.0352,0.9970,3.996,,,,,,,
96,Left,19,0.0000,0.0000,0.0266,0.0478,0.0295,0.0069,0.9984,3.996,,,,,,,
96,Left,20,-0.0003,0.0016,0.0243,0.0000,0.0000,0.0000,1.0000,3.996,,,,,,,
96,Left,21,-0.0230,-0.0094,0.0341,0.0183,-0.1403,0.2070,0.9680,3.996,,,,,,,
96,Left,22,0.0000,0.0000,0.0457,0.3222,-0.1552,-0.0273,0.9334,3.996,,,,,,,
96,Left,23,0.0000,0.0000,0.0307,0.1242,-0.0373,0.0494,0.9903,3.996,,,,,,,
96,Left,24,0.0000,0.0000,0.0203,0.0133,0.0492,-0.0008,0.9987,3.996,,,,,,,
96,Left,25,0.0002,0.0012,0.0219,0.0000,0.0000,0.0000,1.0000,3.996,,,,,,,
96,Right,0,-0.0005,-0.0061,0.0659,0.0000,0.0000,0.0000,1.0000,3.996,,,,,,,
96,Right,1,0.0000,0.0000,0.0000,0.0000,0.0000,0.0000,1.0000,3.996,0.1806,0.1926,0.0378,0.5598,0.3351,-0.6107,0.4487
96,Right,2,-0.0215,-0.0245,0.0382,0.1887,-0.3767,0.7124,0.5612,3.996,,,,,,,
96,Right,3,0.0000,0.0000,0.0325,0.2366,0.0485,-0.0814,0.9670,3.996,,,,,,,
96,Right,4,0.0000,0.0000,0.0338,-0.0733,-0.0662,0.0838,0.9916,3.996,,,,,,,
96,Right,5,0.0007,0.0010,0.0246,0.0000,0.0000,0.0000,1.0000,3.996,,,,,,,
96,Right,6,-0.0155,-0.0137,0.0383,0.0000,0.0000,0.0000,1.0000,3.996,,,,,,,
96,Right,7,-0.0081,0.0064,0.0577,0.4185,0.0580,0.0213,0.9061,3.996,,,,,,,
96,Right,8,0.0000,0.0000,0.0379,0.2629,0.0002,-0.0263,0.9645,3.996,,,,,,,
96,Right,9,0.0000,0.0000,0.0243,0.0920,0.0244,-0.0168,0.9953,3.996,,,,,,,
96,Right,10,0.0003,0.0010,0.0224,0.0000,0.0000,0.0000,1.0000,3.996,,,,,,,
96,Right,11,0.0007,-0.0097,0.0361,0.0000,0.0000,0.0000,1.0000,3.996,,,,,,,
96,Right,12,-0.0025,0.0072,0.0595,0.4065,0.0596,-0.0309,0.9112,3.996,,,,,,,
96,Right,13,0.0000,0.0000,0.0429,0.2615,0.0013,-0.0125,0.9651,3.996,,,,,,,
96,Right,14,0.0000,0.0000,0.0275,0.0969,-0.0037,-0.0529,0.9939,3.996,,,,,,,
96,Right,15,0.0003,0.0011,0.0250,0.0000,0.0000,0.0000,1.0000,3.996,,,,,,,
96,Right,16,0.0150,-0.0060,0.0348,0.0000,0.0000,0.0000,1.0000,3.996,,,,,,,
96,Right,17,0.0025,-0.0005,0.0539,0.4011,0.0638,-0.0785,0.9104,3.996,,,,,,,
96,Right,18,0.0000,0.0000,0.0390,0.2333,-0.0049,-0.0385,0.9716,3.996,,,,,,,
96,Right,19,0.0000,0.0000,0.0266,0.1359,-0.0297,-0.0110,0.9902,3.996,,,,,,,
96,Right,20,0.0003,0.0016,0.0243,0.0000,0.0000,0.0000,1.0000,3.996,,,,,,,
96,Right,21,0.0230,-0.0094,0.0341,0.0183,0.1403,-0.2070,0.9680,3.996,,,,,,,
96,Right,22,0.0000,0.0000,0.0457,0.3529,-0.0164,0.0871,0.9314,3.996,,,,,,,
96,Right,23,0.0000,0.0000,0.0307,0.2065,0.0335,-0.0561,0.9763,3.996,,,,,,,
96,Right,24,0.0000,0.0000,0.0203,0.1027,-0.0488,0.0011,0.9935,3.996,,,,,,,
96,Right,25,-0.0002,0.0012,0.0219,0.0000,0.0000,0.0000,1.0000,3.996,,,,,,,
97,Left,0,0.0032,-0.0045,0.0644,0.0000,0.0000,0.0000,1.0000,4.038,,,,,,,
97,Left,1,0.0000,0.0000,0.0000,0.0000,0.0000,0.0000,1.0000,4.038,-0.0932,0.1737,-0.0275,-0.5115,0.6618,-0.5462,0.0456
97,Left,2,0.0322,-0.0114,0.0321,-0.1904,0.3523,-0.4738,0.7843,4.038,,,,,,,
97,Left,3,0.0000,0.0000,0.0325,-0.0164,-0.0716,0.0831,0.9938,4.038,,,,,,,
97,Left,4,0.0000,0.0000,0.0338,-0.1858,0.0746,-0.0851,0.9760,4.038,,,,,,,
97,Left,5,-0.0007,0.0010,0.0246,0.0000,0.0000,0.0000,1.0000,4.038,,,,,,,
97,Left,6,0.0208,-0.0072,0.0353,0.0000,0.0000,0.0000,1.0000,4.038,,,,,,,
97,Left,7,0.0027,-0.0002,0.0607,0.2496,-0.0635,-0.0247,0.9660,4.038,,,,,,,
97,Left,8,0.0000,0.0000,0.0379,0.1029,-0.0045,0.0262,0.9943,4.038,,,,,,,
97,Left,9,0.0000,0.0000,0.0243,-0.0037,-0.0261,0.0164,0.9995,4.038,,,,,,,
97,Left,10,-0.0003,0.0010,0.0224,0.0000,0.0000,0.0000,1.0000,4.038,,,,,,,
97,Left,11,0.0046,-0.0065,0.0331,0.0000,0.0000,0.0000,1.0000,4.038,,,,,,,
97,Left,12,-0.0029,0.0039,0.0625,0.3131,-0.0840,0.0313,0.9455,4.038,,,,,,,
97,Left,13,0.0000,0.0000,0.0429,0.0404,-0.0039,0.0115,0.9991,4.038,,,,,,,
97,Left,14,0.0000,0.0000,0.0275,-0.0343,-0.0020,0.0402,0.9986,4.038,,,,,,,
97,Left,15,-0.0003,0.0011,0.0250,0.0000,0.0000,0.0000,1.0000,4.038,,,,,,,
97,Left,16,-0.0150,-0.0060,0.0348,0.0000,0.0000,0.0000,1.0000,4.038,,,,,,,
97,Left,17,-0.0025,-0.0005,0.0539,0.3377,-0.1320,0.0934,0.9272,4.038,,,,,,,
97,Left,18,0.0000,0.0000,0.0390,0.0682,-0.0007,0.0351,0.9971,4.038,,,,,,,
97,Left,19,0.0000,0.0000,0.0266,0.0474,0.0295,0.0069,0.9984,4.038,,,,,,,
97,Left,20,-0.0003,0.0016,0.0243,0.0000,0.0000,0.0000,1.0000,4.038,,,,,,,
97,Left,21,-0.0230,-0.0094,0.0341,0.0183,-0.1403,0.2070,0.9680,4.038,,,,,,,
97,Left,22,0.0000,0.0000,0.0457,0.3215,-0.1550,-0.0276,0.9337,4.038,,,,,,,
97,Left,23,0.0000,0.0000,0.0307,0.1230,-0.0373,0.0493,0.9905,4.038,,,,,,,
97,Left,24,0.0000,0.0000,0.0203,0.0131,0.0492,-0.0008,0.9987,4.038,,,,,,,
97,Left,25,0.0002,0.0012,0.0219,0.0000,0.0000,0.0000,1.0000,4.038,,,,,,,
97,Right,0,-0.0005,-0.0061,0.0659,0.0000,0.0000,0.0000,1.0000,4.038,,,,,,,
97,Right,1,0.0000,0.0000,0.0000,0.0000,0.0000,0.0000,1.0000,4.038,0.1807,0.1925,0.0375,0.5600,0.3345,-0.6112,0.4482
97,Right,2,-0.0215,-0.0245,0.0382,0.1889,-0.3761,0.7128,0.5611,4.038,,,,,,,
97,Right,3,0.0000,0.0000,0.0325,0.2368,0.0485,-0.0813,0.9669,4.038,,,,,,,
97,Right,4,0.0000,0.0000,0.0338,-0.0740,-0.0662,0.0838,0.9915,4.038,,,,,,,
97,Right,5,0.0007,0.0010,0.0246,0.0000,0.0000,0.0000,1.0000,4.038,,,,,,,
97,Right,6,-0.0154,-0.0137,0.0383,0.0000,0.0000,0.0000,1.0000,4.038,,,,,,,
97,Right,7,-0.0081,0.0064,0.0577,0.4181,0.0586,0.0211,0.9063,4.038,,,,,,,
97,Right,8,0.0000,0.0000,0.0379,0.2632,0.0001,-0.0263,0.9644,4.038,,,,,,,
97,Right,9,0.0000,0.0000,0.0243,0.0919,0.0244,-0.0168,0.9953,4.038,,,,,,,
97,Right,10,0.0003,0.0010,0.0224,0.0000,0.0000,0.0000,1.0000,4.038,,,,,,,
97,Right,11,0.0008,-0.0097,0.0362,0.0000,0.0000,0.0000,1.0000,4.038,,,,,,,
97,Right,12,-0.0025,0.0072,0.0595,0.4056,0.0599,-0.0310,0.9115,4.038,,,,,,,
97,Right,13,0.0000,0.0000,0.0429,0.2618,0.0013,-0.0125,0.9651,4.038,,,,,,,
97,Right,14,0.0000,0.0000,0.0275,0.0967,-0.0037,-0.0529,0.9939,4.038,,,,,,,
97,Right,15,0.0003,0.0011,0.0250,0.0000,0.0000,0.0000,1.0000,4.038,,,,,,,
97,Right,16,0.0150,-0.0060,0.0348,0.0000,0.0000,0.0000,1.0000,4.038,,,,,,,
97,Right,17,0.0025,-0.0005,0.0539,0.4002,0.0642,-0.0786,0.9108,4.038,,,,,,,
97,Right,18,0.0000,0.0000,0.0390,0.2333,-0.0049,-0.0385,0.9716,4.038,,,,,,,
97,Right,19,0.0000,0.0000,0.0266,0.1360,-0.0297,-0.0110,0.9902,4.038,,,,,,,
97,Right,20,0.0003,0.0016,0.0243,0.0000,0.0000,0.0000,1.0000,4.038,,,,,,,
97,Right,21,0.0230,-0.0094,0.0341,0.0183,0.1403,-0.2070,0.9680,4.038,,,,,,,
97,Right,22,0.0000,0.0000,0.0457,0.3536,-0.0154,0.0867,0.9313,4.038,,,,,,,
97,Right,23,0.0000,0.0000,0.0307,0.2064,0.0335,-0.0561,0.9763,4.038,,,,,,,
97,Right,24,0.0000,0.0000,0.0203,0.1025,-0.0488,0.0011,0.9935,4.038,,,,,,,
97,Right,25,-0.0002,0.0012,0.0219,0.0000,0.0000,0.0000,1.0000,4.038,,,,,,,
98,Left,0,0.0032,-0.0045,0.0644,0.0000,0.0000,0.0000,1.0000,4.080,,,,,,,
98,Left,1,0.0000,0.0000,0.0000,0.0000,0.0000,0.0000,1.0000,4.080,-0.0930,0.1740,-0.0272,-0.5103,0.6619,-0.5470,0.0476
98,Left,2,0.0322,-0.0114,0.0322,-0.1894,0.3530,-0.4748,0.7837,4.080,,,,,,,
98,Left,3,0.0000,0.0000,0.0325,-0.0162,-0.0715,0.0831,0.9938,4.080,,,,,,,
98,Left,4,0.0000,0.0000,0.0338,-0.1858,0.0746,-0.0851,0.9760,4.080,,,,,,,
98,Left,5,-0.0007,0.0010,0.0246,0.0000,0.0000,0.0000,1.0000,4.080,,,,,,,
98,Left,6,0.0208,-0.0072,0.0353,0.0000,0.0000,0.0000,1.0000,4.080,,,,,,,
98,Left,7,0.0027,-0.0001,0.0607,0.2432,-0.0644,-0.0247,0.9675,4.080,,,,,,,
98,Left,8,0.0000,0.0000,0.0379,0.1014,-0.0045,0.0262,0.9945,4.080,,,,,,,
98,Left,9,0.0000,0.0000,0.0243,-0.0041,-0.0261,0.0164,0.9995,4.080,,,,,,,
98,Left,10,-0.0003,0.0010,0.0224,0.0000,0.0000,0.0000,1.0000,4.080,,,,,,,
98,Left,11,0.0046,-0.0065,0.0331,0.0000,0.0000,0.0000,1.0000,4.080,,,,,,,
98,Left,12,-0.0029,0.0039,0.0625,0.3055,-0.0849,0.0309,0.9479,4.080,,,,,,,
98,Left,13,0.0000,0.0000,0.0429,0.0390,-0.0039,0.0115,0.9992,4.080,,,,,,,
98,Left,14,0.0000,0.0000,0.0275,-0.0351,-0.0021,0.0402,0.9986,4.080,,,,,,,
98,Left,15,-0.0003,0.0011,0.0250,0.0000,0.0000,0.0000,1.0000,4.080,,,,,,,
98,Left,16,-0.0150,-0.0060,0.0348,0.0000,0.0000,0.0000,1.0000,4.080,,,,,,,
98,Left,17,-0.0025,-0.0005,0.0539,0.3362,-0.1321,0.0931,0.9278,4.080,,,,,,,
98,Left,18,0.0000,0.0000,0.0390,0.0670,-0.0007,0.0351,0.9971,4.080,,,,,,,
98,Left,19,0.0000,0.0000,0.0266,0.0468,0.0295,0.0068,0.9984,4.080,,,,,,,
98,Left,20,-0.0003,0.0016,0.0243,0.0000,0.0000,0.0000,1.0000,4.080,,,,,,,
98,Left,21,-0.0230,-0.0094,0.0341,0.0183,-0.1403,0.2070,0.9680,4.080,,,,,,,
98,Left,22,0.0000,0.0000,0.0457,0.3207,-0.1546,-0.0279,0.9341,4.080,,,,,,,
98,Left,23,0.0000,0.0000,0.0307,0.1221,-0.0373,0.0492,0.9906,4.080,,,,,,,
98,Left,24,0.0000,0.0000,0.0203,0.0128,0.0492,-0.0008,0.9987,4.080,,,,,,,
98,Left,25,0.0002,0.0012,0.0219,0.0000,0.0000,0.0000,1.0000,4.080,,,,,,,
98,Right,0,-0.0005,-0.0061,0.0659,0.0000,0.0000,0.0000,1.0000,4.080,,,,,,,
98,Right,1,0.0000,0.0000,0.0000,0.0000,0.0000,0.0000,1.0000,4.080,0.1807,0.1924,0.0373,0.5611,0.3363,-0.6111,0.4456
98,Right,2,-0.0214,-0.0245,0.0382,0.1893,-0.3758,0.7130,0.5608,4.080,,,,,,,
98,Right,3,0.0000,0.0000,0.0325,0.2368,0.0485,-0.0814,0.9669,4.080,,,,,,,
98,Right,4,0.0000,0.0000,0.0338,-0.0746,-0.0663,0.0838,0.9915,4.080,,,,,,,
98,Right,5,0.0007,0.0010,0.0246,0.0000,0.0000,0.0000,1.0000,4.080,,,,,,,
98,Right,6,-0.0154,-0.0137,0.0383,0.0000,0.0000,0.0000,1.0000,4.080,,,,,,,
98,Right,7,-0.0081,0.0064,0.0577,0.4180,0.0588,0.0210,0.9063,4.080,,,,,,,
98,Right,8,0.0000,0.0000,0.0379,0.2637,0.0001,-0.0263,0.9642,4.080,,,,,,,
98,Right,9,0.0000,0.0000,0.0243,0.0918,0.0244,-0.0168,0.9953,4.080,,,,,,,
98,Right,10,0.0003,0.0010,0.0224,0.0000,0.0000,0.0000,1.0000,4.080,,,,,,,
98,Right,11,0.0008,-0.0098,0.0362,0.0000,0.0000,0.0000,1.0000,4.080,,,,,,,
98,Right,12,-0.0025,0.0072,0.0595,0.4047,0.0603,-0.0310,0.9120,4.080,,,,,,,
98,Right,13,0.0000,0.0000,0.0429,0.2615,0.0013,-0.0125,0.9651,4.080,,,,,,,
98,Right,14,0.0000,0.0000,0.0275,0.0967,-0.0037,-0.0529,0.9939,4.080,,,,,,,
98,Right,15,0.0003,0.0011,0.0250,0.0000,0.0000,0.0000,1.0000,4.080,,,,,,,
98,Right,16,0.0150,-0.0060,0.0348,0.0000,0.0000,0.0000,1.0000,4.080,,,,,,,
98,Right,17,0.0025,-0.0005,0.0539,0.3975,0.0650,-0.0786,0.9119,4.080,,,,,,,
98,Right,18,0.0000,0.0000,0.0390,0.2330,-0.0049,-0.0385,0.9717,4.080,,,,,,,
98,Right,19,0.0000,0.0000,0.0266,0.1356,-0.0297,-0.0110,0.9903,4.080,,,,,,,
98,Right,20,0.0003,0.0016,0.0243,0.0000,0.0000,0.0000,1.0000,4.080,,,,,,,
98,Right,21,0.0230,-0.0094,0.0341,0.0183,0.1403,-0.2070,0.9680,4.080,,,,,,,
98,Right,22,0.0000,0.0000,0.0457,0.3525,-0.0142,0.0863,0.9317,4.080,,,,,,,
98,Right,23,0.0000,0.0000,0.0307,0.2065,0.0335,-0.0561,0.9763,4.080,,,,,,,
98,Right,24,0.0000,0.0000,0.0203,0.1019,-0.0488,0.0011,0.9936,4.080,,,,,,,
98,Right,25,-0.0002,0.0012,0.0219,0.0000,0.0000,0.0000,1.0000,4.080,,,,,,,
99,Left,0,0.0032,-0.0045,0.0644,0.0000,0.0000,0.0000,1.0000,4.121,,,,,,,
99,Left,1,0.0000,0.0000,0.0000,0.0000,0.0000,0.0000,1.0000,4.121,-0.0929,0.1743,-0.0268,-0.5068,0.6619,-0.5498,0.0529
99,Left,2,0.0322,-0.0115,0.0322,-0.1873,0.3552,-0.4764,0.7822,4.121,,,,,,,
99,Left,3,0.0000,0.0000,0.0325,-0.0164,-0.0716,0.0831,0.9938,4.121,,,,,,,
99,Left,4,0.0000,0.0000,0.0338,-0.1858,0.0746,-0.0851,0.9760,4.121,,,,,,,
99,Left,5,-0.0007,0.0010,0.0246,0.0000,0.0000,0.0000,1.0000,4.121,,,,,,,
99,Left,6,0.0208,-0.0072,0.0353,0.0000,0.0000,0.0000,1.0000,4.121,,,,,,,
99,Left,7,0.0027,-0.0001,0.0607,0.2327,-0.0657,-0.0248,0.9700,4.121,,,,,,,
99,Left,8,0.0000,0.0000,0.0379,0.0998,-0.0046,0.0262,0.9946,4.121,,,,,,,
99,Left,9,0.0000,0.0000,0.0243,-0.0045,-0.0261,0.0164,0.9995,4.121,,,,,,,
99,Left,10,-0.0003,0.0010,0.0224,0.0000,0.0000,0.0000,1.0000,4.121,,,,,,,
99,Left,11,0.0046,-0.0065,0.0331,0.0000,0.0000,0.0000,1.0000,4.121,,,,,,,
99,Left,12,-0.0029,0.0040,0.0625,0.2984,-0.0861,0.0305,0.9500,4.121,,,,,,,
99,Left,13,0.0000,0.0000,0.0429,0.0377,-0.0039,0.0115,0.9992,4.121,,,,,,,
99,Left,14,0.0000,0.0000,0.0275,-0.0358,-0.0021,0.0401,0.9986,4.121,,,,,,,
99,Left,15,-0.0003,0.0011,0.0250,0.0000,0.0000,0.0000,1.0000,4.121,,,,,,,
99,Left,16,-0.0150,-0.0060,0.0348,0.0000,0.0000,0.0000,1.0000,4.121,,,,,,,
99,Left,17,-0.0025,-0.0005,0.0539,0.3342,-0.1317,0.0927,0.9287,4.121,,,,,,,
99,Left,18,0.0000,0.0000,0.0390,0.0661,-0.0008,0.0351,0.9972,4.121,,,,,,,
99,Left,19,0.0000,0.0000,0.0266,0.0464,0.0295,0.0068,0.9985,4.121,,,,,,,
99,Left,20,-0.0003,0.0016,0.0243,0.0000,0.0000,0.0000,1.0000,4.121,,,,,,,
99,Left,21,-0.0230,-0.0094,0.0341,0.0183,-0.1403,0.2070,0.9680,4.121,,,,,,,
99,Left,22,0.0000,0.0000,0.0457,0.3204,-0.1540,-0.0282,0.9343,4.121,,,,,,,
99,Left,23,0.0000,0.0000,0.0307,0.1215,-0.0374,0.0492,0.9907,4.121,,,,,,,
99,Left,24,0.0000,0.0000,0.0203,0.0128,0.0492,-0.0008,0.9987,4.121,,,,,,,
99,Left,25,0.0002,0.0012,0.0219,0.0000,0.0000,0.0000,1.0000,4.121,,,,,,,
99,Right,0,-0.0005,-0.0061,0.0659,0.0000,0.0000,0.0000,1.0000,4.121,,,,,,,
99,Right,1,0.0000,0.0000,0.0000,0.0000,0.0000,0.0000,1.0000,4.121,0.1807,0.1925,0.0372,0.5630,0.3376,-0.6103,0.4434
99,Right,2,-0.0214,-0.0245,0.0382,0.1894,-0.3757,0.7131,0.5607,4.121,,,,,,,
99,Right,3,0.0000,0.0000,0.0325,0.2364,0.0485,-0.0814,0.9670,4.121,,,,,,,
99,Right,4,0.0000,0.0000,0.0338,-0.0756,-0.0664,0.0838,0.9914,4.121,,,,,,,
99,Right,5,0.0007,0.0010,0.0246,0.0000,0.0000,0.0000,1.0000,4.121,,,,,,,
99,Right,6,-0.0154,-0.0137,0.0383,0.0000,0.0000,0.0000,1.0000,4.121,,,,,,,
99,Right,7,-0.0081,0.0064,0.0577,0.4183,0.0588,0.0210,0.9062,4.121,,,,,,,
99,Right,8,0.0000,0.0000,0.0379,0.2643,0.0001,-0.0263,0.9641,4.121,,,,,,,
99,Right,9,0.0000,0.0000,0.0243,0.0919,0.0244,-0.0168,0.9953,4.121,,,,,,,
99,Right,10,0.0003,0.0010,0.0224,0.0000,0.0000,0.0000,1.0000,4.121,,,,,,,
99,Right,11,0.0008,-0.0098,0.0362,0.0000,0.0000,0.0000,1.0000,4.121,,,,,,,
99,Right,12,-0.0025,0.0072,0.0595,0.4035,0.0603,-0.0309,0.9125,4.121,,,,,,,
99,Right,13,0.0000,0.0000,0.0429,0.2605,0.0013,-0.0125,0.9654,4.121,,,,,,,
99,Right,14,0.0000,0.0000,0.0275,0.0961,-0.0036,-0.0528,0.9940,4.121,,,,,,,
99,Right,15,0.0003,0.0011,0.0250,0.0000,0.0000,0.0000,1.0000,4.121,,,,,,,
99,Right,16,0.0150,-0.0060,0.0348,0.0000,0.0000,0.0000,1.0000,4.121,,,,,,,
99,Right,17,0.0025,-0.0005,0.0539,0.3903,0.0660,-0.0783,0.9150,4.121,,,,,,,
99,Right,18,0.0000,0.0000,0.0390,0.2322,-0.0049,-0.0384,0.9719,4.121,,,,,,,
99,Right,19,0.0000,0.0000,0.0266,0.1348,-0.0297,-0.0109,0.9904,4.121,,,,,,,
99,Right,20,0.0003,0.0016,0.0243,0.0000,0.0000,0.0000,1.0000,4.121,,,,,,,
99,Right,21,0.0230,-0.0094,0.0341,0.0183,0.1403,-0.2070,0.9680,4.121,,,,,,,
99,Right,22,0.0000,0.0000,0.0457,0.3454,-0.0141,0.0862,0.9344,4.121,,,,,,,
99,Right,23,0.0000,0.0000,0.0307,0.2070,0.0334,-0.0561,0.9762,4.121,,,,,,,
99,Right,24,0.0000,0.0000,0.0203,0.1012,-0.0488,0.0011,0.9937,4.121,,,,,,,
99,Right,25,-0.0002,0.0012,0.0219,0.0000,0.0000,0.0000,1.0000,4.121,,,,,,,
100,Left,0,0.0032,-0.0045,0.0644,0.0000,0.0000,0.0000,1.0000,4.163,,,,,,,
100,Left,1,0.0000,0.0000,0.0000,0.0000,0.0000,0.0000,1.0000,4.163,-0.0926,0.1746,-0.0267,-0.5040,0.6618,-0.5522,0.0562
100,Left,2,0.0322,-0.0115,0.0322,-0.1848,0.3578,-0.4784,0.7804,4.163,,,,,,,
100,Left,3,0.0000,0.0000,0.0325,-0.0170,-0.0716,0.0831,0.9938,4.163,,,,,,,
100,Left,4,0.0000,0.0000,0.0338,-0.1859,0.0746,-0.0851,0.9760,4.163,,,,,,,
100,Left,5,-0.0007,0.0010,0.0246,0.0000,0.0000,0.0000,1.0000,4.163,,,,,,,
100,Left,6,0.0208,-0.0072,0.0353,0.0000,0.0000,0.0000,1.0000,4.163,,,,,,,
100,Left,7,0.0028,-0.0001,0.0607,0.2278,-0.0672,-0.0247,0.9711,4.163,,,,,,,
100,Left,8,0.0000,0.0000,0.0379,0.0987,-0.0046,0.0262,0.9948,4.163,,,,,,,
100,Left,9,0.0000,0.0000,0.0243,-0.0048,-0.0261,0.0164,0.9995,4.163,,,,,,,
100,Left,10,-0.0003,0.0010,0.0224,0.0000,0.0000,0.0000,1.0000,4.163,,,,,,,
100,Left,11,0.0046,-0.0065,0.0331,0.0000,0.0000,0.0000,1.0000,4.163,,,,,,,
100,Left,12,-0.0029,0.0040,0.0625,0.2958,-0.0871,0.0305,0.9508,4.163,,,,,,,
100,Left,13,0.0000,0.0000,0.0429,0.0368,-0.0039,0.0115,0.9992,4.163,,,,,,,
100,Left,14,0.0000,0.0000,0.0275,-0.0362,-0.0021,0.0401,0.9985,4.163,,,,,,,
100,Left,15,-0.0003,0.0011,0.0250,0.0000,0.0000,0.0000,1.0000,4.163,,,,,,,
100,Left,16,-0.0150,-0.0060,0.0348,0.0000,0.0000,0.0000,1.0000,4.163,,,,,,,
100,Left,17,-0.0025,-0.0005,0.0539,0.3331,-0.1312,0.0924,0.9291,4.163,,,,,,,
100,Left,18,0.0000,0.0000,0.0390,0.0654,-0.0008,0.0351,0.9972,4.163,,,,,,,
100,Left,19,0.0000,0.0000,0.0266,0.0461,0.0295,0.0068,0.9985,4.163,,,,,,,
100,Left,20,-0.0003,0.0016,0.0243,0.0000,0.0000,0.0000,1.0000,4.163,,,,,,,
100,Left,21,-0.0230,-0.0094,0.0341,0.0183,-0.1403,0.2070,0.9680,4.163,,,,,,,
100,Left,22,0.0000,0.0000,0.0457,0.3206,-0.1534,-0.0283,0.9343,4.163,,,,,,,
100,Left,23,0.0000,0.0000,0.0307,0.1214,-0.0374,0.0492,0.9907,4.163,,,,,,,
100,Left,24,0.0000,0.0000,0.0203,0.0129,0.0492,-0.0008,0.9987,4.163,,,,,,,
100,Left,25,0.0002,0.0012,0.0219,0.0000,0.0000,0.0000,1.0000,4.163,,,,,,,
100,Right,0,-0.0005,-0.0061,0.0659,0.0000,0.0000,0.0000,1.0000,4.163,,,,,,,
100,Right,1,0.0000,0.0000,0.0000,0.0000,0.0000,0.0000,1.0000,4.163,0.1809,0.1926,0.0374,0.5646,0.3381,-0.6097,0.4418
100,Right,2,-0.0214,-0.0245,0.0382,0.1891,-0.3756,0.7131,0.5609,4.163,,,,,,,
100,Right,3,0.0000,0.0000,0.0325,0.2359,0.0486,-0.0814,0.9671,4.163,,,,,,,
100,Right,4,0.0000,0.0000,0.0338,-0.0764,-0.0664,0.0838,0.9913,4.163,,,,,,,
100,Right,5,0.0007,0.0010,0.0246,0.0000,0.0000,0.0000,1.0000,4.163,,,,,,,
100,Right,6,-0.0154,-0.0137,0.0383,0.0000,0.0000,0.0000,1.0000,4.163,,,,,,,
100,Right,7,-0.0081,0.0064,0.0577,0.4182,0.0589,0.0210,0.9062,4.163,,,,,,,
100,Right,8,0.0000,0.0000,0.0379,0.2647,0.0001,-0.0263,0.9640,4.163,,,,,,,
100,Right,9,0.0000,0.0000,0.0243,0.0921,0.0244,-0.0168,0.9953,4.163,,,,,,,
100,Right,10,0.0003,0.0010,0.0224,0.0000,0.0000,0.0000,1.0000,4.163,,,,,,,
100,Right,11,0.0008,-0.0098,0.0362,0.0000,0.0000,0.0000,1.0000,4.163,,,,,,,
100,Right,12,-0.0025,0.0072,0.0595,0.4023,0.0600,-0.0307,0.9130,4.163,,,,,,,
100,Right,13,0.0000,0.0000,0.0429,0.2595,0.0013,-0.0125,0.9657,4.163,,,,,,,
100,Right,14,0.0000,0.0000,0.0275,0.0957,-0.0036,-0.0528,0.9940,4.163,,,,,,,
100,Right,15,0.0003,0.0011,0.0250,0.0000,0.0000,0.0000,1.0000,4.163,,,,,,,
100,Right,16,0.0150,-0.0060,0.0348,0.0000,0.0000,0.0000,1.0000,4.163,,,,,,,
100,Right,17,0.0025,-0.0005,0.0539,0.3829,0.0668,-0.0779,0.9181,4.163,,,,,,,
100,Right,18,0.0000,0.0000,0.0390,0.2314,-0.0049,-0.0384,0.9721,4.163,,,,,,,
100,Right,19,0.0000,0.0000,0.0266,0.1339,-0.0297,-0.0109,0.9905,4.163,,,,,,,
100,Right,20,0.0003,0.0016,0.0243,0.0000,0.0000,0.0000,1.0000,4.163,,,,,,,
100,Right,21,0.0230,-0.0094,0.0341,0.0183,0.1403,-0.2070,0.9680,4.163,,,,,,,
100,Right,22,0.0000,0.0000,0.0457,0.3373,-0.0143,0.0862,0.9373,4.163,,,,,,,
100,Right,23,0.0000,0.0000,0.0307,0.2077,0.0334,-0.0562,0.9760,4.163,,,,,,,
100,Right,24,0.0000,0.0000,0.0203,0.1008,-0.0488,0.0011,0.9937,4.163,,,,,,,
100,Right,25,-0.0002,0.0012,0.0219,0.0000,0.0000,0.0000,1.0000,4.163,,,,,,,
101,Left,0,0.0032,-0.0045,0.0644,0.0000,0.0000,0.0000,1.0000,4.204,,,,,,,
101,Left,1,0.0000,0.0000,0.0000,0.0000,0.0000,0.0000,1.0000,4.204,-0.0919,0.1752,-0.0261,-0.5041,0.6611,-0.5529,0.0558
101,Left,2,0.0322,-0.0116,0.0322,-0.1836,0.3586,-0.4795,0.7796,4.204,,,,,,,
101,Left,3,0.0000,0.0000,0.0325,-0.0181,-0.0717,0.0831,0.9938,4.204,,,,,,,
101,Left,4,0.0000,0.0000,0.0338,-0.1859,0.0746,-0.0851,0.9760,4.204,,,,,,,
101,Left,5,-0.0007,0.0010,0.0246,0.0000,0.0000,0.0000,1.0000,4.204,,,,,,,
101,Left,6,0.0208,-0.0073,0.0353,0.0000,0.0000,0.0000,1.0000,4.204,,,,,,,
101,Left,7,0.0028,-0.0001,0.0607,0.2252,-0.0685,-0.0246,0.9716,4.204,,,,,,,
101,Left,8,0.0000,0.0000,0.0379,0.0977,-0.0046,0.0262,0.9949,4.204,,,,,,,
101,Left,9,0.0000,0.0000,0.0243,-0.0049,-0.0261,0.0164,0.9995,4.204,,,,,,,
101,Left,10,-0.0003,0.0010,0.0224,0.0000,0.0000,0.0000,1.0000,4.204,,,,,,,
101,Left,11,0.0046,-0.0065,0.0332,0.0000,0.0000,0.0000,1.0000,4.204,,,,,,,
101,Left,12,-0.0029,0.0040,0.0625,0.2950,-0.0877,0.0306,0.9510,4.204,,,,,,,
101,Left,13,0.0000,0.0000,0.0429,0.0367,-0.0039,0.0115,0.9993,4.204,,,,,,,
101,Left,14,0.0000,0.0000,0.0275,-0.0362,-0.0021,0.0400,0.9985,4.204,,,,,,,
101,Left,15,-0.0003,0.0011,0.0250,0.0000,0.0000,0.0000,1.0000,4.204,,,,,,,
101,Left,16,-0.0150,-0.0060,0.0348,0.0000,0.0000,0.0000,1.0000,4.204,,,,,,,
101,Left,17,-0.0025,-0.0005,0.0539,0.3324,-0.1314,0.0923,0.9294,4.204,,,,,,,
101,Left,18,0.0000,0.0000,0.0390,0.0648,-0.0008,0.0351,0.9973,4.204,,,,,,,
101,Left,19,0.0000,0.0000,0.0266,0.0459,0.0295,0.0068,0.9985,4.204,,,,,,,
101,Left,20,-0.0003,0.0016,0.0243,0.0000,0.0000,0.0000,1.0000,4.204,,,,,,,
101,Left,21,-0.0230,-0.0094,0.0341,0.0183,-0.1403,0.2070,0.9680,4.204,,,,,,,
101,Left,22,0.0000,0.0000,0.0457,0.3212,-0.1527,-0.0285,0.9342,4.204,,,,,,,
101,Left,23,0.0000,0.0000,0.0307,0.1220,-0.0374,0.0492,0.9906,4.204,,,,,,,
101,Left,24,0.0000,0.0000,0.0203,0.0128,0.0492,-0.0008,0.9987,4.204,,,,,,,
101,Left,25,0.0002,0.0012,0.0219,0.0000,0.0000,0.0000,1.0000,4.204,,,,,,,
101,Right,0,-0.0005,-0.0061,0.0659,0.0000,0.0000,0.0000,1.0000,4.204,,,,,,,
101,Right,1,0.0000,0.0000,0.0000,0.0000,0.0000,0.0000,1.0000,4.204,0.1810,0.1927,0.0373,0.5674,0.3398,-0.6081,0.4391
101,Right,2,-0.0214,-0.0245,0.0382,0.1890,-0.3755,0.7131,0.5610,4.204,,,,,,,
101,Right,3,0.0000,0.0000,0.0325,0.2353,0.0486,-0.0814,0.9673,4.204,,,,,,,
101,Right,4,0.0000,0.0000,0.0338,-0.0769,-0.0665,0.0838,0.9913,4.204,,,,,,,
101,Right,5,0.0007,0.0010,0.0246,0.0000,0.0000,0.0000,1.0000,4.204,,,,,,,
101,Right,6,-0.0154,-0.0137,0.0383,0.0000,0.0000,0.0000,1.0000,4.204,,,,,,,
101,Right,7,-0.0081,0.0064,0.0577,0.4177,0.0588,0.0210,0.9064,4.204,,,,,,,
101,Right,8,0.0000,0.0000,0.0379,0.2652,0.0001,-0.0263,0.9638,4.204,,,,,,,
101,Right,9,0.0000,0.0000,0.0243,0.0923,0.0244,-0.0168,0.9953,4.204,,,,,,,
101,Right,10,0.0003,0.0010,0.0224,0.0000,0.0000,0.0000,1.0000,4.204,,,,,,,
101,Right,11,0.0008,-0.0098,0.0362,0.0000,0.0000,0.0000,1.0000,4.204,,,,,,,
101,Right,12,-0.0025,0.0072,0.0595,0.4010,0.0597,-0.0305,0.9136,4.204,,,,,,,
101,Right,13,0.0000,0.0000,0.0429,0.2588,0.0013,-0.0125,0.9659,4.204,,,,,,,
101,Right,14,0.0000,0.0000,0.0275,0.0956,-0.0036,-0.0528,0.9940,4.204,,,,,,,
101,Right,15,0.0003,0.0011,0.0250,0.0000,0.0000,0.0000,1.0000,4.204,,,,,,,
101,Right,16,0.0150,-0.0060,0.0348,0.0000,0.0000,0.0000,1.0000,4.204,,,,,,,
101,Right,17,0.0025,-0.0005,0.0539,0.3741,0.0674,-0.0773,0.9217,4.204,,,,,,,
101,Right,18,0.0000,0.0000,0.0390,0.2307,-0.0048,-0.0384,0.9722,4.204,,,,,,,
101,Right,19,0.0000,0.0000,0.0266,0.1331,-0.0297,-0.0109,0.9906,4.204,,,,,,,
101,Right,20,0.0003,0.0016,0.0243,0.0000,0.0000,0.0000,1.0000,4.204,,,,,,,
101,Right,21,0.0230,-0.0094,0.0341,0.0183,0.1403,-0.2070,0.9680,4.204,,,,,,,
101,Right,22,0.0000,0.0000,0.0457,0.3267,-0.0145,0.0863,0.9411,4.204,,,,,,,
101,Right,23,0.0000,0.0000,0.0307,0.2086,0.0334,-0.0562,0.9758,4.204,,,,,,,
101,Right,24,0.0000,0.0000,0.0203,0.1003,-0.0488,0.0011,0.9938,4.204,,,,,,,
101,Right,25,-0.0002,0.0012,0.0219,0.0000,0.0000,0.0000,1.0000,4.204,,,,,,,
102,Left,0,0.0032,-0.0045,0.0644,0.0000,0.0000,0.0000,1.0000,4.246,,,,,,,
102,Left,1,0.0000,0.0000,0.0000,0.0000,0.0000,0.0000,1.0000,4.246,-0.0908,0.1759,-0.0252,-0.5037,0.6618,-0.5524,0.0558
102,Left,2,0.0322,-0.0116,0.0322,-0.1828,0.3591,-0.4802,0.7791,4.246,,,,,,,
102,Left,3,0.0000,0.0000,0.0325,-0.0186,-0.0717,0.0831,0.9938,4.246,,,,,,,
102,Left,4,0.0000,0.0000,0.0338,-0.1859,0.0746,-0.0851,0.9760,4.246,,,,,,,
102,Left,5,-0.0007,0.0010,0.0246,0.0000,0.0000,0.0000,1.0000,4.246,,,,,,,
102,Left,6,0.0208,-0.0073,0.0353,0.0000,0.0000,0.0000,1.0000,4.246,,,,,,,
102,Left,7,0.0028,-0.0001,0.0607,0.2243,-0.0723,-0.0239,0.9715,4.246,,,,,,,
102,Left,8,0.0000,0.0000,0.0379,0.0977,-0.0046,0.0262,0.9949,4.246,,,,,,,
102,Left,9,0.0000,0.0000,0.0243,-0.0048,-0.0261,0.0164,0.9995,4.246,,,,,,,
102,Left,10,-0.0003,0.0010,0.0224,0.0000,0.0000,0.0000,1.0000,4.246,,,,,,,
102,Left,11,0.0046,-0.0065,0.0332,0.0000,0.0000,0.0000,1.0000,4.246,,,,,,,
102,Left,12,-0.0029,0.0040,0.0625,0.2949,-0.0888,0.0309,0.9509,4.246,,,,,,,
102,Left,13,0.0000,0.0000,0.0429,0.0367,-0.0039,0.0115,0.9993,4.246,,,,,,,
102,Left,14,0.0000,0.0000,0.0275,-0.0363,-0.0021,0.0400,0.9985,4.246,,,,,,,
102,Left,15,-0.0003,0.0011,0.0250,0.0000,0.0000,0.0000,1.0000,4.246,,,,,,,
102,Left,16,-0.0150,-0.0060,0.0348,0.0000,0.0000,0.0000,1.0000,4.246,,,,,,,
102,Left,17,-0.0025,-0.0005,0.0539,0.3320,-0.1325,0.0926,0.9293,4.246,,,,,,,
102,Left,18,0.0000,0.0000,0.0390,0.0644,-0.0008,0.0350,0.9973,4.246,,,,,,,
102,Left,19,0.0000,0.0000,0.0266,0.0459,0.0295,0.0068,0.9985,4.246,,,,,,,
102,Left,20,-0.0003,0.0016,0.0243,0.0000,0.0000,0.0000,1.0000,4.246,,,,,,,
102,Left,21,-0.0230,-0.0094,0.0341,0.0183,-0.1403,0.2070,0.9680,4.246,,,,,,,
102,Left,22,0.0000,0.0000,0.0457,0.3203,-0.1531,-0.0285,0.9344,4.246,,,,,,,
102,Left,23,0.0000,0.0000,0.0307,0.1220,-0.0374,0.0492,0.9906,4.246,,,,,,,
102,Left,24,0.0000,0.0000,0.0203,0.0127,0.0492,-0.0008,0.9987,4.246,,,,,,,
102,Left,25,0.0002,0.0012,0.0219,0.0000,0.0000,0.0000,1.0000,4.246,,,,,,,
102,Right,0,-0.0005,-0.0061,0.0659,0.0000,0.0000,0.0000,1.0000,4.246,,,,,,,
102,Right,1,0.0000,0.0000,0.0000,0.0000,0.0000,0.0000,1.0000,4.246,0.1811,0.1929,0.0373,0.5709,0.3416,-0.6060,0.4360
102,Right,2,-0.0215,-0.0245,0.0382,0.1886,-0.3757,0.7130,0.5612,4.246,,,,,,,
102,Right,3,0.0000,0.0000,0.0325,0.2349,0.0487,-0.0814,0.9674,4.246,,,,,,,
102,Right,4,0.0000,0.0000,0.0338,-0.0774,-0.0665,0.0838,0.9912,4.246,,,,,,,
102,Right,5,0.0007,0.0010,0.0246,0.0000,0.0000,0.0000,1.0000,4.246,,,,,,,
102,Right,6,-0.0154,-0.0137,0.0383,0.0000,0.0000,0.0000,1.0000,4.246,,,,,,,
102,Right,7,-0.0081,0.0064,0.0577,0.4172,0.0585,0.0212,0.9067,4.246,,,,,,,
102,Right,8,0.0000,0.0000,0.0379,0.2664,0.0001,-0.0263,0.9635,4.246,,,,,,,
102,Right,9,0.0000,0.0000,0.0243,0.0929,0.0244,-0.0168,0.9952,4.246,,,,,,,
102,Right,10,0.0003,0.0010,0.0224,0.0000,0.0000,0.0000,1.0000,4.246,,,,,,,
102,Right,11,0.0008,-0.0098,0.0362,0.0000,0.0000,0.0000,1.0000,4.246,,,,,,,
102,Right,12,-0.0025,0.0072,0.0595,0.3987,0.0595,-0.0302,0.9146,4.246,,,,,,,
102,Right,13,0.0000,0.0000,0.0429,0.2583,0.0013,-0.0125,0.9660,4.246,,,,,,,
102,Right,14,0.0000,0.0000,0.0275,0.0958,-0.0036,-0.0528,0.9940,4.246,,,,,,,
102,Right,15,0.0003,0.0011,0.0250,0.0000,0.0000,0.0000,1.0000,4.246,,,,,,,
102,Right,16,0.0150,-0.0060,0.0348,0.0000,0.0000,0.0000,1.0000,4.246,,,,,,,
102,Right,17,0.0025,-0.0005,0.0539,0.3669,0.0682,-0.0768,0.9246,4.246,,,,,,,
102,Right,18,0.0000,0.0000,0.0390,0.2298,-0.0048,-0.0384,0.9725,4.246,,,,,,,
102,Right,19,0.0000,0.0000,0.0266,0.1323,-0.0297,-0.0108,0.9907,4.246,,,,,,,
102,Right,20,0.0003,0.0016,0.0243,0.0000,0.0000,0.0000,1.0000,4.246,,,,,,,
102,Right,21,0.0230,-0.0094,0.0341,0.0183,0.1403,-0.2070,0.9680,4.246,,,,,,,
102,Right,22,0.0000,0.0000,0.0457,0.3178,-0.0146,0.0863,0.9441,4.246,,,,,,,
102,Right,23,0.0000,0.0000,0.0307,0.2097,0.0333,-0.0563,0.9756,4.246,,,,,,,
102,Right,24,0.0000,0.0000,0.0203,0.0999,-0.0488,0.0011,0.9938,4.246,,,,,,,
102,Right,25,-0.0002,0.0012,0.0219,0.0000,0.0000,0.0000,1.0000,4.246,,,,,,,
103,Left,0,0.0032,-0.0045,0.0644,0.0000,0.0000,0.0000,1.0000,4.288,,,,,,,
103,Left,1,0.0000,0.0000,0.0000,0.0000,0.0000,0.0000,1.0000,4.288,-0.0904,0.1762,-0.0251,-0.5034,0.6615,-0.5530,0.0563
103,Left,2,0.0322,-0.0116,0.0323,-0.1824,0.3591,-0.4807,0.7789,4.288,,,,,,,
103,Left,3,0.0000,0.0000,0.0325,-0.0189,-0.0718,0.0831,0.9938,4.288,,,,,,,
103,Left,4,0.0000,0.0000,0.0338,-0.1859,0.0746,-0.0851,0.9760,4.288,,,,,,,
103,Left,5,-0.0007,0.0010,0.0246,0.0000,0.0000,0.0000,1.0000,4.288,,,,,,,
103,Left,6,0.0208,-0.0073,0.0353,0.0000,0.0000,0.0000,1.0000,4.288,,,,,,,
103,Left,7,0.0028,0.0000,0.0607,0.2243,-0.0738,-0.0236,0.9714,4.288,,,,,,,
103,Left,8,0.0000,0.0000,0.0379,0.0978,-0.0046,0.0262,0.9948,4.288,,,,,,,
103,Left,9,0.0000,0.0000,0.0243,-0.0043,-0.0261,0.0164,0.9995,4.288,,,,,,,
103,Left,10,-0.0003,0.0010,0.0224,0.0000,0.0000,0.0000,1.0000,4.288,,,,,,,
103,Left,11,0.0046,-0.0065,0.0332,0.0000,0.0000,0.0000,1.0000,4.288,,,,,,,
103,Left,12,-0.0029,0.0040,0.0625,0.2947,-0.0895,0.0311,0.9509,4.288,,,,,,,
103,Left,13,0.0000,0.0000,0.0429,0.0363,-0.0039,0.0115,0.9993,4.288,,,,,,,
103,Left,14,0.0000,0.0000,0.0275,-0.0364,-0.0021,0.0400,0.9985,4.288,,,,,,,
103,Left,15,-0.0003,0.0011,0.0250,0.0000,0.0000,0.0000,1.0000,4.288,,,,,,,
103,Left,16,-0.0150,-0.0060,0.0348,0.0000,0.0000,0.0000,1.0000,4.288,,,,,,,
103,Left,17,-0.0025,-0.0005,0.0539,0.3317,-0.1331,0.0927,0.9293,4.288,,,,,,,
103,Left,18,0.0000,0.0000,0.0390,0.0639,-0.0008,0.0350,0.9973,4.288,,,,,,,
103,Left,19,0.0000,0.0000,0.0266,0.0459,0.0295,0.0068,0.9985,4.288,,,,,,,
103,Left,20,-0.0003,0.0016,0.0243,0.0000,0.0000,0.0000,1.0000,4.288,,,,,,,
103,Left,21,-0.0230,-0.0094,0.0341,0.0183,-0.1403,0.2070,0.9680,4.288,,,,,,,
103,Left,22,0.0000,0.0000,0.0457,0.3196,-0.1526,-0.0288,0.9347,4.288,,,,,,,
103,Left,23,0.0000,0.0000,0.0307,0.1224,-0.0373,0.0492,0.9906,4.288,,,,,,,
103,Left,24,0.0000,0.0000,0.0203,0.0129,0.0492,-0.0008,0.9987,4.288,,,,,,,
103,Left,25,0.0002,0.0012,0.0219,0.0000,0.0000,0.0000,1.0000,4.288,,,,,,,
103,Right,0,-0.0005,-0.0061,0.0659,0.0000,0.0000,0.0000,1.0000,4.288,,,,,,,
103,Right,1,0.0000,0.0000,0.0000,0.0000,0.0000,0.0000,1.0000,4.288,0.1813,0.1930,0.0371,0.5743,0.3440,-0.6039,0.4327
103,Right,2,-0.0215,-0.0245,0.0382,0.1877,-0.3758,0.7127,0.5618,4.288,,,,,,,
103,Right,3,0.0000,0.0000,0.0325,0.2348,0.0487,-0.0814,0.9674,4.288,,,,,,,
103,Right,4,0.0000,0.0000,0.0338,-0.0776,-0.0665,0.0838,0.9912,4.288,,,,,,,
103,Right,5,0.0007,0.0010,0.0246,0.0000,0.0000,0.0000,1.0000,4.288,,,,,,,
103,Right,6,-0.0155,-0.0137,0.0383,0.0000,0.0000,0.0000,1.0000,4.288,,,,,,,
103,Right,7,-0.0081,0.0064,0.0577,0.4166,0.0580,0.0214,0.9070,4.288,,,,,,,
103,Right,8,0.0000,0.0000,0.0379,0.2671,0.0000,-0.0263,0.9633,4.288,,,,,,,
103,Right,9,0.0000,0.0000,0.0243,0.0932,0.0244,-0.0168,0.9952,4.288,,,,,,,
103,Right,10,0.0003,0.0010,0.0224,0.0000,0.0000,0.0000,1.0000,4.288,,,,,,,
103,Right,11,0.0008,-0.0097,0.0361,0.0000,0.0000,0.0000,1.0000,4.288,,,,,,,
103,Right,12,-0.0025,0.0072,0.0595,0.3965,0.0596,-0.0301,0.9156,4.288,,,,,,,
103,Right,13,0.0000,0.0000,0.0429,0.2574,0.0013,-0.0125,0.9662,4.288,,,,,,,
103,Right,14,0.0000,0.0000,0.0275,0.0955,-0.0036,-0.0528,0.9940,4.288,,,,,,,
103,Right,15,0.0003,0.0011,0.0250,0.0000,0.0000,0.0000,1.0000,4.288,,,,,,,
103,Right,16,0.0150,-0.0060,0.0348,0.0000,0.0000,0.0000,1.0000,4.288,,,,,,,
103,Right,17,0.0025,-0.0005,0.0539,0.3628,0.0689,-0.0767,0.9261,4.288,,,,,,,
103,Right,18,0.0000,0.0000,0.0390,0.2287,-0.0048,-0.0384,0.9727,4.288,,,,,,,
103,Right,19,0.0000,0.0000,0.0266,0.1309,-0.0297,-0.0108,0.9909,4.288,,,,,,,
103,Right,20,0.0003,0.0016,0.0243,0.0000,0.0000,0.0000,1.0000,4.288,,,,,,,
103,Right,21,0.0230,-0.0094,0.0341,0.0183,0.1403,-0.2070,0.9680,4.288,,,,,,,
103,Right,22,0.0000,0.0000,0.0457,0.3055,-0.0150,0.0864,0.9481,4.288,,,,,,,
103,Right,23,0.0000,0.0000,0.0307,0.2102,0.0333,-0.0564,0.9755,4.288,,,,,,,
103,Right,24,0.0000,0.0000,0.0203,0.0986,-0.0489,0.0011,0.9939,4.288,,,,,,,
103,Right,25,-0.0002,0.0012,0.0219,0.0000,0.0000,0.0000,1.0000,4.288,,,,,,,
104,Left,0,0.0031,-0.0045,0.0644,0.0000,0.0000,0.0000,1.0000,4.330,,,,,,,
104,Left,1,0.0000,0.0000,0.0000,0.0000,0.0000,0.0000,1.0000,4.330,-0.0900,0.1766,-0.0251,-0.5033,0.6583,-0.5568,0.0580
104,Left,2,0.0321,-0.0117,0.0323,-0.1819,0.3592,-0.4812,0.7787,4.330,,,,,,,
104,Left,3,0.0000,0.0000,0.0325,-0.0194,-0.0718,0.0831,0.9938,4.330,,,,,,,
104,Left,4,0.0000,0.0000,0.0338,-0.1859,0.0746,-0.0851,0.9760,4.330,,,,,,,
104,Left,5,-0.0007,0.0010,0.0246,0.0000,0.0000,0.0000,1.0000,4.330,,,,,,,
104,Left,6,0.0208,-0.0073,0.0353,0.0000,0.0000,0.0000,1.0000,4.330,,,,,,,
104,Left,7,0.0028,0.0000,0.0607,0.2251,-0.0748,-0.0234,0.9712,4.330,,,,,,,
104,Left,8,0.0000,0.0000,0.0379,0.0977,-0.0046,0.0262,0.9949,4.330,,,,,,,
104,Left,9,0.0000,0.0000,0.0243,-0.0038,-0.0261,0.0164,0.9995,4.330,,,,,,,
104,Left,10,-0.0003,0.0010,0.0224,0.0000,0.0000,0.0000,1.0000,4.330,,,,,,,
104,Left,11,0.0046,-0.0065,0.0332,0.0000,0.0000,0.0000,1.0000,4.330,,,,,,,
104,Left,12,-0.0028,0.0040,0.0625,0.2953,-0.0897,0.0312,0.9507,4.330,,,,,,,
104,Left,13,0.0000,0.0000,0.0429,0.0360,-0.0039,0.0115,0.9993,4.330,,,,,,,
104,Left,14,0.0000,0.0000,0.0275,-0.0364,-0.0021,0.0400,0.9985,4.330,,,,,,,
104,Left,15,-0.0003,0.0011,0.0250,0.0000,0.0000,0.0000,1.0000,4.330,,,,,,,
104,Left,16,-0.0150,-0.0060,0.0348,0.0000,0.0000,0.0000,1.0000,4.330,,,,,,,
104,Left,17,-0.0025,-0.0005,0.0539,0.3319,-0.1335,0.0928,0.9292,4.330,,,,,,,
104,Left,18,0.0000,0.0000,0.0390,0.0635,-0.0008,0.0350,0.9974,4.330,,,,,,,
104,Left,19,0.0000,0.0000,0.0266,0.0460,0.0295,0.0068,0.9985,4.330,,,,,,,
104,Left,20,-0.0003,0.0016,0.0243,0.0000,0.0000,0.0000,1.0000,4.330,,,,,,,
104,Left,21,-0.0230,-0.0094,0.0341,0.0183,-0.1403,0.2070,0.9680,4.330,,,,,,,
104,Left,22,0.0000,0.0000,0.0457,0.3183,-0.1518,-0.0294,0.9353,4.330,,,,,,,
104,Left,23,0.0000,0.0000,0.0307,0.1228,-0.0373,0.0493,0.9905,4.330,,,,,,,
104,Left,24,0.0000,0.0000,0.0203,0.0131,0.0492,-0.0008,0.9987,4.330,,,,,,,
104,Left,25,0.0002,0.0012,0.0219,0.0000,0.0000,0.0000,1.0000,4.330,,,,,,,
104,Right,0,-0.0005,-0.0061,0.0659,0.0000,0.0000,0.0000,1.0000,4.330,,,,,,,
104,Right,1,0.0000,0.0000,0.0000,0.0000,0.0000,0.0000,1.0000,4.330,0.1815,0.1932,0.0371,0.5772,0.3449,-0.6019,0.4309
104,Right,2,-0.0215,-0.0245,0.0382,0.1871,-0.3759,0.7125,0.5622,4.330,,,,,,,
104,Right,3,0.0000,0.0000,0.0325,0.2342,0.0487,-0.0814,0.9676,4.330,,,,,,,
104,Right,4,0.0000,0.0000,0.0338,-0.0780,-0.0666,0.0838,0.9912,4.330,,,,,,,
104,Right,5,0.0007,0.0010,0.0246,0.0000,0.0000,0.0000,1.0000,4.330,,,,,,,
104,Right,6,-0.0155,-0.0137,0.0383,0.0000,0.0000,0.0000,1.0000,4.330,,,,,,,
104,Right,7,-0.0081,0.0064,0.0577,0.4158,0.0573,0.0217,0.9074,4.330,,,,,,,
104,Right,8,0.0000,0.0000,0.0379,0.2679,0.0000,-0.0263,0.9631,4.330,,,,,,,
104,Right,9,0.0000,0.0000,0.0243,0.0934,0.0244,-0.0168,0.9952,4.330,,,,,,,
104,Right,10,0.0003,0.0010,0.0224,0.0000,0.0000,0.0000,1.0000,4.330,,,,,,,
104,Right,11,0.0007,-0.0097,0.0361,0.0000,0.0000,0.0000,1.0000,4.330,,,,,,,
104,Right,12,-0.0025,0.0072,0.0595,0.3952,0.0593,-0.0299,0.9162,4.330,,,,,,,
104,Right,13,0.0000,0.0000,0.0429,0.2565,0.0013,-0.0125,0.9665,4.330,,,,,,,
104,Right,14,0.0000,0.0000,0.0275,0.0948,-0.0036,-0.0527,0.9941,4.330,,,,,,,
104,Right,15,0.0003,0.0011,0.0250,0.0000,0.0000,0.0000,1.0000,4.330,,,,,,,
104,Right,16,0.0150,-0.0060,0.0348,0.0000,0.0000,0.0000,1.0000,4.330,,,,,,,
104,Right,17,0.0025,-0.0005,0.0539,0.3604,0.0695,-0.0767,0.9270,4.330,,,,,,,
104,Right,18,0.0000,0.0000,0.0390,0.2274,-0.0047,-0.0384,0.9730,4.330,,,,,,,
104,Right,19,0.0000,0.0000,0.0266,0.1288,-0.0297,-0.0107,0.9912,4.330,,,,,,,
104,Right,20,0.0003,0.0016,0.0243,0.0000,0.0000,0.0000,1.0000,4.330,,,,,,,
104,Right,21,0.0230,-0.0094,0.0341,0.0183,0.1403,-0.2070,0.9680,4.330,,,,,,,
104,Right,22,0.0000,0.0000,0.0457,0.2966,-0.0152,0.0865,0.9510,4.330,,,,,,,
104,Right,23,0.0000,0.0000,0.0307,0.2105,0.0333,-0.0564,0.9754,4.330,,,,,,,
104,Right,24,0.0000,0.0000,0.0203,0.0957,-0.0489,0.0011,0.9942,4.330,,,,,,,
104,Right,25,-0.0002,0.0012,0.0219,0.0000,0.0000,0.0000,1.0000,4.330,,,,,,,
105,Left,0,0.0031,-0.0045,0.0644,0.0000,0.0000,0.0000,1.0000,4.371,,,,,,,
105,Left,1,0.0000,0.0000,0.0000,0.0000,0.0000,0.0000,1.0000,4.371,-0.0898,0.1770,-0.0250,-0.4962,0.6535,-0.5679,0.0658
105,Left,2,0.0321,-0.0117,0.0323,-0.1810,0.3596,-0.4821,0.7782,4.371,,,,,,,
105,Left,3,0.0000,0.0000,0.0325,-0.0186,-0.0718,0.0831,0.9938,4.371,,,,,,,
105,Left,4,0.0000,0.0000,0.0338,-0.1859,0.0746,-0.0851,0.9760,4.371,,,,,,,
105,Left,5,-0.0007,0.0010,0.0246,0.0000,0.0000,0.0000,1.0000,4.371,,,,,,,
105,Left,6,0.0208,-0.0073,0.0353,0.0000,0.0000,0.0000,1.0000,4.371,,,,,,,
105,Left,7,0.0028,0.0000,0.0607,0.2267,-0.0761,-0.0231,0.9707,4.371,,,,,,,
105,Left,8,0.0000,0.0000,0.0379,0.0977,-0.0046,0.0262,0.9949,4.371,,,,,,,
105,Left,9,0.0000,0.0000,0.0243,-0.0033,-0.0261,0.0164,0.9995,4.371,,,,,,,
105,Left,10,-0.0003,0.0010,0.0224,0.0000,0.0000,0.0000,1.0000,4.371,,,,,,,
105,Left,11,0.0046,-0.0065,0.0332,0.0000,0.0000,0.0000,1.0000,4.371,,,,,,,
105,Left,12,-0.0028,0.0040,0.0625,0.3028,-0.0897,0.0319,0.9483,4.371,,,,,,,
105,Left,13,0.0000,0.0000,0.0429,0.0363,-0.0039,0.0115,0.9993,4.371,,,,,,,
105,Left,14,0.0000,0.0000,0.0275,-0.0361,-0.0021,0.0401,0.9985,4.371,,,,,,,
105,Left,15,-0.0003,0.0011,0.0250,0.0000,0.0000,0.0000,1.0000,4.371,,,,,,,
105,Left,16,-0.0150,-0.0060,0.0348,0.0000,0.0000,0.0000,1.0000,4.371,,,,,,,
105,Left,17,-0.0025,-0.0005,0.0539,0.3329,-0.1334,0.0930,0.9288,4.371,,,,,,,
105,Left,18,0.0000,0.0000,0.0390,0.0633,-0.0009,0.0350,0.9974,4.371,,,,,,,
105,Left,19,0.0000,0.0000,0.0266,0.0461,0.0295,0.0068,0.9985,4.371,,,,,,,
105,Left,20,-0.0003,0.0016,0.0243,0.0000,0.0000,0.0000,1.0000,4.371,,,,,,,
105,Left,21,-0.0230,-0.0094,0.0341,0.0183,-0.1403,0.2070,0.9680,4.371,,,,,,,
105,Left,22,0.0000,0.0000,0.0457,0.3156,-0.1504,-0.0305,0.9364,4.371,,,,,,,
105,Left,23,0.0000,0.0000,0.0307,0.1232,-0.0373,0.0493,0.9905,4.371,,,,,,,
105,Left,24,0.0000,0.0000,0.0203,0.0134,0.0492,-0.0008,0.9987,4.371,,,,,,,
105,Left,25,0.0002,0.0012,0.0219,0.0000,0.0000,0.0000,1.0000,4.371,,,,,,,
105,Right,0,-0.0005,-0.0061,0.0659,0.0000,0.0000,0.0000,1.0000,4.371,,,,,,,
105,Right,1,0.0000,0.0000,0.0000,0.0000,0.0000,0.0000,1.0000,4.371,0.1815,0.1933,0.0370,0.5793,0.3460,-0.6001,0.4296
105,Right,2,-0.0215,-0.0245,0.0382,0.1865,-0.3757,0.7125,0.5626,4.371,,,,,,,
105,Right,3,0.0000,0.0000,0.0325,0.2334,0.0488,-0.0814,0.9677,4.371,,,,,,,
105,Right,4,0.0000,0.0000,0.0338,-0.0787,-0.0666,0.0839,0.9911,4.371,,,,,,,
105,Right,5,0.0007,0.0010,0.0246,0.0000,0.0000,0.0000,1.0000,4.371,,,,,,,
105,Right,6,-0.0155,-0.0137,0.0383,0.0000,0.0000,0.0000,1.0000,4.371,,,,,,,
105,Right,7,-0.0081,0.0064,0.0577,0.4154,0.0565,0.0220,0.9076,4.371,,,,,,,
105,Right,8,0.0000,0.0000,0.0379,0.2682,0.0000,-0.0263,0.9630,4.371,,,,,,,
105,Right,9,0.0000,0.0000,0.0243,0.0931,0.0244,-0.0168,0.9952,4.371,,,,,,,
105,Right,10,0.0003,0.0010,0.0224,0.0000,0.0000,0.0000,1.0000,4.371,,,,,,,
105,Right,11,0.0007,-0.0097,0.0361,0.0000,0.0000,0.0000,1.0000,4.371,,,,,,,
105,Right,12,-0.0025,0.0072,0.0595,0.3940,0.0589,-0.0297,0.9167,4.371,,,,,,,
105,Right,13,0.0000,0.0000,0.0429,0.2551,0.0013,-0.0125,0.9668,4.371,,,,,,,
105,Right,14,0.0000,0.0000,0.0275,0.0937,-0.0035,-0.0526,0.9942,4.371,,,,,,,
105,Right,15,0.0003,0.0011,0.0250,0.0000,0.0000,0.0000,1.0000,4.371,,,,,,,
105,Right,16,0.0150,-0.0060,0.0348,0.0000,0.0000,0.0000,1.0000,4.371,,,,,,,
105,Right,17,0.0025,-0.0005,0.0539,0.3576,0.0698,-0.0765,0.9281,4.371,,,,,,,
105,Right,18,0.0000,0.0000,0.0390,0.2260,-0.0047,-0.0383,0.9734,4.371,,,,,,,
105,Right,19,0.0000,0.0000,0.0266,0.1259,-0.0297,-0.0105,0.9915,4.371,,,,,,,
105,Right,20,0.0003,0.0016,0.0243,0.0000,0.0000,0.0000,1.0000,4.371,,,,,,,
105,Right,21,0.0230,-0.0094,0.0341,0.0183,0.1403,-0.2070,0.9680,4.371,,,,,,,
105,Right,22,0.0000,0.0000,0.0457,0.2926,-0.0145,0.0863,0.9522,4.371,,,,,,,
105,Right,23,0.0000,0.0000,0.0307,0.2106,0.0333,-0.0564,0.9754,4.371,,,,,,,
105,Right,24,0.0000,0.0000,0.0203,0.0902,-0.0489,0.0010,0.9947,4.371,,,,,,,
105,Right,25,-0.0002,0.0012,0.0219,0.0000,0.0000,0.0000,1.0000,4.371,,,,,,,
106,Left,0,0.0031,-0.0046,0.0644,0.0000,0.0000,0.0000,1.0000,4.413,,,,,,,
106,Left,1,0.0000,0.0000,0.0000,0.0000,0.0000,0.0000,1.0000,4.413,-0.0894,0.1773,-0.0251,-0.4966,0.6535,-0.5675,0.0651
106,Left,2,0.0321,-0.0117,0.0323,-0.1803,0.3595,-0.4828,0.7779,4.413,,,,,,,
106,Left,3,0.0000,0.0000,0.0325,-0.0185,-0.0717,0.0831,0.9938,4.413,,,,,,,
106,Left,4,0.0000,0.0000,0.0338,-0.1859,0.0746,-0.0851,0.9760,4.413,,,,,,,
106,Left,5,-0.0007,0.0010,0.0246,0.0000,0.0000,0.0000,1.0000,4.413,,,,,,,
106,Left,6,0.0208,-0.0073,0.0354,0.0000,0.0000,0.0000,1.0000,4.413,,,,,,,
106,Left,7,0.0028,0.0000,0.0606,0.2325,-0.0772,-0.0227,0.9693,4.413,,,,,,,
106,Left,8,0.0000,0.0000,0.0379,0.0987,-0.0046,0.0262,0.9948,4.413,,,,,,,
106,Left,9,0.0000,0.0000,0.0243,-0.0027,-0.0261,0.0164,0.9995,4.413,,,,,,,
106,Left,10,-0.0003,0.0010,0.0224,0.0000,0.0000,0.0000,1.0000,4.413,,,,,,,
106,Left,11,0.0046,-0.0066,0.0332,0.0000,0.0000,0.0000,1.0000,4.413,,,,,,,
106,Left,12,-0.0028,0.0040,0.0625,0.3256,-0.0896,0.0341,0.9406,4.413,,,,,,,
106,Left,13,0.0000,0.0000,0.0429,0.0396,-0.0039,0.0115,0.9991,4.413,,,,,,,
106,Left,14,0.0000,0.0000,0.0275,-0.0352,-0.0021,0.0402,0.9986,4.413,,,,,,,
106,Left,15,-0.0003,0.0011,0.0250,0.0000,0.0000,0.0000,1.0000,4.413,,,,,,,
106,Left,16,-0.0150,-0.0060,0.0348,0.0000,0.0000,0.0000,1.0000,4.413,,,,,,,
106,Left,17,-0.0025,-0.0005,0.0539,0.3400,-0.1333,0.0941,0.9261,4.413,,,,,,,
106,Left,18,0.0000,0.0000,0.0390,0.0637,-0.0008,0.0350,0.9974,4.413,,,,,,,
106,Left,19,0.0000,0.0000,0.0266,0.0465,0.0295,0.0068,0.9985,4.413,,,,,,,
106,Left,20,-0.0003,0.0016,0.0243,0.0000,0.0000,0.0000,1.0000,4.413,,,,,,,
106,Left,21,-0.0230,-0.0094,0.0341,0.0183,-0.1403,0.2070,0.9680,4.413,,,,,,,
106,Left,22,0.0000,0.0000,0.0457,0.3154,-0.1494,-0.0309,0.9366,4.413,,,,,,,
106,Left,23,0.0000,0.0000,0.0307,0.1245,-0.0372,0.0494,0.9903,4.413,,,,,,,
106,Left,24,0.0000,0.0000,0.0203,0.0138,0.0492,-0.0008,0.9987,4.413,,,,,,,
106,Left,25,0.0002,0.0012,0.0219,0.0000,0.0000,0.0000,1.0000,4.413,,,,,,,
106,Right,0,-0.0005,-0.0061,0.0659,0.0000,0.0000,0.0000,1.0000,4.413,,,,,,,
106,Right,1,0.0000,0.0000,0.0000,0.0000,0.0000,0.0000,1.0000,4.413,0.1814,0.1935,0.0369,0.5809,0.3474,-0.5981,0.4290
106,Right,2,-0.0216,-0.0244,0.0382,0.1860,-0.3757,0.7123,0.5629,4.413,,,,,,,
106,Right,3,0.0000,0.0000,0.0325,0.2325,0.0489,-0.0814,0.9679,4.413,,,,,,,
106,Right,4,0.0000,0.0000,0.0338,-0.0794,-0.0667,0.0839,0.9911,4.413,,,,,,,
106,Right,5,0.0007,0.0010,0.0246,0.0000,0.0000,0.0000,1.0000,4.413,,,,,,,
106,Right,6,-0.0155,-0.0137,0.0383,0.0000,0.0000,0.0000,1.0000,4.413,,,,,,,
106,Right,7,-0.0081,0.0064,0.0577,0.4156,0.0558,0.0223,0.9075,4.413,,,,,,,
106,Right,8,0.0000,0.0000,0.0379,0.2678,0.0000,-0.0263,0.9631,4.413,,,,,,,
106,Right,9,0.0000,0.0000,0.0243,0.0922,0.0244,-0.0168,0.9953,4.413,,,,,,,
106,Right,10,0.0003,0.0010,0.0224,0.0000,0.0000,0.0000,1.0000,4.413,,,,,,,
106,Right,11,0.0007,-0.0097,0.0361,0.0000,0.0000,0.0000,1.0000,4.413,,,,,,,
106,Right,12,-0.0024,0.0072,0.0595,0.3936,0.0586,-0.0296,0.9169,4.413,,,,,,,
106,Right,13,0.0000,0.0000,0.0429,0.2537,0.0014,-0.0125,0.9672,4.413,,,,,,,
106,Right,14,0.0000,0.0000,0.0275,0.0927,-0.0035,-0.0525,0.9943,4.413,,,,,,,
106,Right,15,0.0003,0.0011,0.0250,0.0000,0.0000,0.0000,1.0000,4.413,,,,,,,
106,Right,16,0.0150,-0.0060,0.0348,0.0000,0.0000,0.0000,1.0000,4.413,,,,,,,
106,Right,17,0.0025,-0.0005,0.0539,0.3569,0.0700,-0.0765,0.9284,4.413,,,,,,,
106,Right,18,0.0000,0.0000,0.0390,0.2242,-0.0046,-0.0383,0.9738,4.413,,,,,,,
106,Right,19,0.0000,0.0000,0.0266,0.1230,-0.0297,-0.0104,0.9919,4.413,,,,,,,
106,Right,20,0.0003,0.0016,0.0243,0.0000,0.0000,0.0000,1.0000,4.413,,,,,,,
106,Right,21,0.0230,-0.0094,0.0341,0.0183,0.1403,-0.2070,0.9680,4.413,,,,,,,
106,Right,22,0.0000,0.0000,0.0457,0.2916,-0.0138,0.0861,0.9526,4.413,,,,,,,
106,Right,23,0.0000,0.0000,0.0307,0.2109,0.0333,-0.0564,0.9753,4.413,,,,,,,
106,Right,24,0.0000,0.0000,0.0203,0.0870,-0.0489,0.0010,0.9950,4.413,,,,,,,
106,Right,25,-0.0002,0.0012,0.0219,0.0000,0.0000,0.0000,1.0000,4.413,,,,,,,
107,Left,0,0.0031,-0.0046,0.0644,0.0000,0.0000,0.0000,1.0000,4.454,,,,,,,
107,Left,1,0.0000,0.0000,0.0000,0.0000,0.0000,0.0000,1.0000,4.454,-0.0888,0.1776,-0.0252,-0.4968,0.6535,-0.5675,0.0641
107,Left,2,0.0321,-0.0118,0.0323,-0.1797,0.3597,-0.4835,0.7775,4.454,,,,,,,
107,Left,3,0.0000,0.0000,0.0325,-0.0182,-0.0717,0.0831,0.9938,4.454,,,,,,,
107,Left,4,0.0000,0.0000,0.0338,-0.1857,0.0746,-0.0851,0.9761,4.454,,,,,,,
107,Left,5,-0.0007,0.0010,0.0246,0.0000,0.0000,0.0000,1.0000,4.454,,,,,,,
107,Left,6,0.0208,-0.0073,0.0354,0.0000,0.0000,0.0000,1.0000,4.454,,,,,,,
107,Left,7,0.0028,0.0000,0.0606,0.2346,-0.0785,-0.0223,0.9687,4.454,,,,,,,
107,Left,8,0.0000,0.0000,0.0379,0.1001,-0.0046,0.0262,0.9946,4.454,,,,,,,
107,Left,9,0.0000,0.0000,0.0243,-0.0018,-0.0261,0.0164,0.9995,4.454,,,,,,,
107,Left,10,-0.0003,0.0010,0.0224,0.0000,0.0000,0.0000,1.0000,4.454,,,,,,,
107,Left,11,0.0046,-0.0066,0.0332,0.0000,0.0000,0.0000,1.0000,4.454,,,,,,,
107,Left,12,-0.0028,0.0040,0.0624,0.3328,-0.0895,0.0349,0.9381,4.454,,,,,,,
107,Left,13,0.0000,0.0000,0.0429,0.0456,-0.0038,0.0115,0.9989,4.454,,,,,,,
107,Left,14,0.0000,0.0000,0.0275,-0.0339,-0.0020,0.0403,0.9986,4.454,,,,,,,
107,Left,15,-0.0003,0.0011,0.0250,0.0000,0.0000,0.0000,1.0000,4.454,,,,,,,
107,Left,16,-0.0150,-0.0060,0.0348,0.0000,0.0000,0.0000,1.0000,4.454,,,,,,,
107,Left,17,-0.0025,-0.0005,0.0539,0.3474,-0.1327,0.0952,0.9234,4.454,,,,,,,
107,Left,18,0.0000,0.0000,0.0390,0.0641,-0.0008,0.0350,0.9973,4.454,,,,,,,
107,Left,19,0.0000,0.0000,0.0266,0.0470,0.0295,0.0069,0.9984,4.454,,,,,,,
107,Left,20,-0.0003,0.0016,0.0243,0.0000,0.0000,0.0000,1.0000,4.454,,,,,,,
107,Left,21,-0.0230,-0.0094,0.0341,0.0183,-0.1403,0.2070,0.9680,4.454,,,,,,,
107,Left,22,0.0000,0.0000,0.0457,0.3156,-0.1491,-0.0310,0.9366,4.454,,,,,,,
107,Left,23,0.0000,0.0000,0.0307,0.1263,-0.0372,0.0496,0.9901,4.454,,,,,,,
107,Left,24,0.0000,0.0000,0.0203,0.0141,0.0492,-0.0008,0.9987,4.454,,,,,,,
107,Left,25,0.0002,0.0012,0.0219,0.0000,0.0000,0.0000,1.0000,4.454,,,,,,,
107,Right,0,-0.0005,-0.0061,0.0659,0.0000,0.0000,0.0000,1.0000,4.454,,,,,,,
107,Right,1,0.0000,0.0000,0.0000,0.0000,0.0000,0.0000,1.0000,4.454,0.1812,0.1938,0.0369,0.5811,0.3484,-0.5973,0.4291
107,Right,2,-0.0216,-0.0244,0.0382,0.1857,-0.3757,0.7122,0.5631,4.454,,,,,,,
107,Right,3,0.0000,0.0000,0.0325,0.2317,0.0490,-0.0814,0.9681,4.454,,,,,,,
107,Right,4,0.0000,0.0000,0.0338,-0.0801,-0.0667,0.0839,0.9910,4.454,,,,,,,
107,Right,5,0.0007,0.0010,0.0246,0.0000,0.0000,0.0000,1.0000,4.454,,,,,,,
107,Right,6,-0.0155,-0.0137,0.0383,0.0000,0.0000,0.0000,1.0000,4.454,,,,,,,
107,Right,7,-0.0081,0.0064,0.0577,0.4161,0.0553,0.0225,0.9074,4.454,,,,,,,
107,Right,8,0.0000,0.0000,0.0379,0.2673,0.0000,-0.0263,0.9633,4.454,,,,,,,
107,Right,9,0.0000,0.0000,0.0243,0.0912,0.0244,-0.0168,0.9954,4.454,,,,,,,
107,Right,10,0.0003,0.0010,0.0224,0.0000,0.0000,0.0000,1.0000,4.454,,,,,,,
107,Right,11,0.0007,-0.0097,0.0361,0.0000,0.0000,0.0000,1.0000,4.454,,,,,,,
107,Right,12,-0.0024,0.0072,0.0595,0.3938,0.0584,-0.0295,0.9169,4.454,,,,,,,
107,Right,13,0.0000,0.0000,0.0429,0.2526,0.0014,-0.0125,0.9675,4.454,,,,,,,
107,Right,14,0.0000,0.0000,0.0275,0.0915,-0.0034,-0.0524,0.9944,4.454,,,,,,,
107,Right,15,0.0003,0.0011,0.0250,0.0000,0.0000,0.0000,1.0000,4.454,,,,,,,
107,Right,16,0.0150,-0.0060,0.0348,0.0000,0.0000,0.0000,1.0000,4.454,,,,,,,
107,Right,17,0.0025,-0.0005,0.0539,0.3570,0.0702,-0.0766,0.9283,4.454,,,,,,,
107,Right,18,0.0000,0.0000,0.0390,0.2219,-0.0045,-0.0383,0.9743,4.454,,,,,,,
107,Right,19,0.0000,0.0000,0.0266,0.1213,-0.0297,-0.0103,0.9921,4.454,,,,,,,
107,Right,20,0.0003,0.0016,0.0243,0.0000,0.0000,0.0000,1.0000,4.454,,,,,,,
107,Right,21,0.0230,-0.0094,0.0341,0.0183,0.1403,-0.2070,0.9680,4.454,,,,,,,
107,Right,22,0.0000,0.0000,0.0457,0.2916,-0.0129,0.0859,0.9526,4.454,,,,,,,
107,Right,23,0.0000,0.0000,0.0307,0.2107,0.0333,-0.0564,0.9754,4.454,,,,,,,
107,Right,24,0.0000,0.0000,0.0203,0.0841,-0.0489,0.0010,0.9953,4.454,,,,,,,
107,Right,25,-0.0002,0.0012,0.0219,0.0000,0.0000,0.0000,1.0000,4.454,,,,,,,
