FrameIndex,HandType,JointID,LocalPosX,LocalPosY,LocalPosZ,LocalRotX,LocalRotY,LocalRotZ,LocalRotW,Timestamp,WorldPosX,WorldPosY,WorldPosZ,WorldRotX,WorldRotY,WorldRotZ,WorldRotW
0,Left,0,0.0024,-0.0053,0.0652,0.0000,0.0000,0.0000,1.0000,0.000,,,,,,,
0,Left,1,0.0000,0.0000,0.0000,0.0000,0.0000,0.0000,1.0000,0.000,0.3547,0.0522,0.0551,-0.0773,-0.4936,-0.8656,-0.0324
0,Left,2,0.0291,-0.0177,0.0353,-0.0644,0.3497,-0.5973,0.7189,0.000,,,,,,,
0,Left,3,0.0000,0.0000,0.0325,0.2051,-0.0516,0.0819,0.9739,0.000,,,,,,,
0,Left,4,0.0000,0.0000,0.0338,0.2341,0.0394,-0.0746,0.9685,0.000,,,,,,,
0,Left,5,-0.0007,0.0010,0.0246,0.0000,0.0000,0.0000,1.0000,0.000,,,,,,,
0,Left,6,0.0193,-0.0103,0.0368,0.0000,0.0000,0.0000,1.0000,0.000,,,,,,,
0,Left,7,0.0043,0.0030,0.0591,0.4845,0.0092,-0.0519,0.8732,0.000,,,,,,,
0,Left,8,0.0000,0.0000,0.0379,0.6742,0.0121,0.0226,0.7381,0.000,,,,,,,
0,Left,9,0.0000,0.0000,0.0243,0.4681,-0.0153,0.0168,0.8834,0.000,,,,,,,
0,Left,10,-0.0003,0.0010,0.0224,0.0000,0.0000,0.0000,1.0000,0.000,,,,,,,
0,Left,11,0.0031,-0.0081,0.0347,0.0000,0.0000,0.0000,1.0000,0.000,,,,,,,
0,Left,12,-0.0013,0.0055,0.0610,0.5489,-0.0283,0.0242,0.8351,0.000,,,,,,,
0,Left,13,0.0000,0.0000,0.0429,0.5774,0.0029,0.0129,0.8163,0.000,,,,,,,
0,Left,14,0.0000,0.0000,0.0275,0.4761,0.0203,0.0850,0.8750,0.000,,,,,,,
0,Left,15,-0.0003,0.0011,0.0250,0.0000,0.0000,0.0000,1.0000,0.000,,,,,,,
0,Left,16,-0.0150,-0.0060,0.0348,0.0000,0.0000,0.0000,1.0000,0.000,,,,,,,
0,Left,17,-0.0025,-0.0005,0.0539,0.5449,-0.0290,0.0747,0.8347,0.000,,,,,,,
0,Left,18,0.0000,0.0000,0.0390,0.6373,0.0191,0.0419,0.7693,0.000,,,,,,,
0,Left,19,0.0000,0.0000,0.0266,0.5281,0.0273,0.0287,0.8483,0.000,,,,,,,
0,Left,20,-0.0003,0.0016,0.0243,0.0000,0.0000,0.0000,1.0000,0.000,,,,,,,
0,Left,21,-0.0230,-0.0094,0.0341,0.0183,-0.1403,0.2070,0.9681,0.000,,,,,,,
0,Left,22,0.0000,0.0000,0.0457,0.4586,-0.0281,-0.0673,0.8856,0.000,,,,,,,
0,Left,23,0.0000,0.0000,0.0307,0.6617,-0.0059,0.0871,0.7447,0.000,,,,,,,
0,Left,24,0.0000,0.0000,0.0203,0.5390,0.0410,-0.0025,0.8413,0.000,,,,,,,
0,Left,25,0.0002,0.0012,0.0219,0.0000,0.0000,0.0000,1.0000,0.000,,,,,,,
0,Right,0,-0.0023,-0.0053,0.0652,0.0000,0.0000,0.0000,1.0000,0.000,,,,,,,
0,Right,1,0.0000,0.0000,0.0000,0.0000,0.0000,0.0000,1.0000,0.000,-0.0469,-0.2924,0.0844,0.2024,0.4463,0.8677,-0.0836
0,Right,2,-0.0289,-0.0181,0.0355,-0.0758,-0.3254,0.5993,0.7274,0.000,,,,,,,
0,Right,3,0.0000,0.0000,0.0325,0.2622,0.0459,-0.0809,0.9605,0.000,,,,,,,
0,Right,4,0.0000,0.0000,0.0338,0.1628,-0.0461,0.0775,0.9825,0.000,,,,,,,
0,Right,5,0.0007,0.0010,0.0246,0.0000,0.0000,0.0000,1.0000,0.000,,,,,,,
0,Right,6,-0.0192,-0.0105,0.0369,0.0000,0.0000,0.0000,1.0000,0.000,,,,,,,
0,Right,7,-0.0044,0.0032,0.0591,0.1902,0.0674,0.0260,0.9791,0.000,,,,,,,
0,Right,8,0.0000,0.0000,0.0379,0.2065,0.0017,-0.0263,0.9781,0.000,,,,,,,
0,Right,9,0.0000,0.0000,0.0243,0.0680,0.0249,-0.0167,0.9972,0.000,,,,,,,
0,Right,10,0.0003,0.0010,0.0224,0.0000,0.0000,0.0000,1.0000,0.000,,,,,,,
0,Right,11,-0.0029,-0.0081,0.0348,0.0000,0.0000,0.0000,1.0000,0.000,,,,,,,
0,Right,12,0.0012,0.0056,0.0609,0.2752,0.0748,-0.0256,0.9581,0.000,,,,,,,
0,Right,13,0.0000,0.0000,0.0429,0.1494,0.0026,-0.0121,0.9887,0.000,,,,,,,
0,Right,14,0.0000,0.0000,0.0275,0.0169,-0.0002,-0.0453,0.9988,0.000,,,,,,,
0,Right,15,0.0003,0.0011,0.0250,0.0000,0.0000,0.0000,1.0000,0.000,,,,,,,
0,Right,16,0.0150,-0.0060,0.0348,0.0000,0.0000,0.0000,1.0000,0.000,,,,,,,
0,Right,17,0.0025,-0.0005,0.0539,0.2114,0.0764,-0.0654,0.9722,0.000,,,,,,,
0,Right,18,0.0000,0.0000,0.0390,0.1415,-0.0018,-0.0367,0.9893,0.000,,,,,,,
0,Right,19,0.0000,0.0000,0.0266,0.0617,-0.0295,-0.0075,0.9976,0.000,,,,,,,
0,Right,20,0.0003,0.0016,0.0243,0.0000,0.0000,0.0000,1.0000,0.000,,,,,,,
0,Right,21,0.0230,-0.0094,0.0341,0.0183,0.1403,-0.2070,0.9681,0.000,,,,,,,
0,Right,22,0.0000,0.0000,0.0457,0.0883,-0.0124,0.0893,0.9920,0.000,,,,,,,
0,Right,23,0.0000,0.0000,0.0307,0.1775,0.0348,-0.0537,0.9820,0.000,,,,,,,
0,Right,24,0.0000,0.0000,0.0203,0.0086,-0.0492,0.0008,0.9988,0.000,,,,,,,
0,Right,25,-0.0002,0.0012,0.0219,0.0000,0.0000,0.0000,1.0000,0.000,,,,,,,
1,Left,0,0.0024,-0.0053,0.0652,0.0000,0.0000,0.0000,1.0000,0.000,,,,,,,
1,Left,1,0.0000,0.0000,0.0000,0.0000,0.0000,0.0000,1.0000,0.000,0.3547,0.0522,0.0551,-0.0773,-0.4936,-0.8656,-0.0324
1,Left,2,0.0291,-0.0177,0.0353,-0.0644,0.3497,-0.5973,0.7189,0.000,,,,,,,
1,Left,3,0.0000,0.0000,0.0325,0.2051,-0.0516,0.0819,0.9739,0.000,,,,,,,
1,Left,4,0.0000,0.0000,0.0338,0.2341,0.0394,-0.0746,0.9685,0.000,,,,,,,
1,Left,5,-0.0007,0.0010,0.0246,0.0000,0.0000,0.0000,1.0000,0.000,,,,,,,
1,Left,6,0.0193,-0.0103,0.0368,0.0000,0.0000,0.0000,1.0000,0.000,,,,,,,
1,Left,7,0.0043,0.0030,0.0591,0.4845,0.0092,-0.0519,0.8732,0.000,,,,,,,
1,Left,8,0.0000,0.0000,0.0379,0.6742,0.0121,0.0226,0.7381,0.000,,,,,,,
1,Left,9,0.0000,0.0000,0.0243,0.4681,-0.0153,0.0168,0.8834,0.000,,,,,,,
1,Left,10,-0.0003,0.0010,0.0224,0.0000,0.0000,0.0000,1.0000,0.000,,,,,,,
1,Left,11,0.0031,-0.0081,0.0347,0.0000,0.0000,0.0000,1.0000,0.000,,,,,,,
1,Left,12,-0.0013,0.0055,0.0610,0.5489,-0.0283,0.0242,0.8351,0.000,,,,,,,
1,Left,13,0.0000,0.0000,0.0429,0.5774,0.0029,0.0129,0.8163,0.000,,,,,,,
1,Left,14,0.0000,0.0000,0.0275,0.4761,0.0203,0.0850,0.8750,0.000,,,,,,,
1,Left,15,-0.0003,0.0011,0.0250,0.0000,0.0000,0.0000,1.0000,0.000,,,,,,,
1,Left,16,-0.0150,-0.0060,0.0348,0.0000,0.0000,0.0000,1.0000,0.000,,,,,,,
1,Left,17,-0.0025,-0.0005,0.0539,0.5449,-0.0290,0.0747,0.8347,0.000,,,,,,,
1,Left,18,0.0000,0.0000,0.0390,0.6373,0.0191,0.0419,0.7693,0.000,,,,,,,
1,Left,19,0.0000,0.0000,0.0266,0.5281,0.0273,0.0287,0.8483,0.000,,,,,,,
1,Left,20,-0.0003,0.0016,0.0243,0.0000,0.0000,0.0000,1.0000,0.000,,,,,,,
1,Left,21,-0.0230,-0.0094,0.0341,0.0183,-0.1403,0.2070,0.9681,0.000,,,,,,,
1,Left,22,0.0000,0.0000,0.0457,0.4586,-0.0281,-0.0673,0.8856,0.000,,,,,,,
1,Left,23,0.0000,0.0000,0.0307,0.6617,-0.0059,0.0871,0.7447,0.000,,,,,,,
1,Left,24,0.0000,0.0000,0.0203,0.5390,0.0410,-0.0025,0.8413,0.000,,,,,,,
1,Left,25,0.0002,0.0012,0.0219,0.0000,0.0000,0.0000,1.0000,0.000,,,,,,,
1,Right,0,-0.0023,-0.0053,0.0652,0.0000,0.0000,0.0000,1.0000,0.000,,,,,,,
1,Right,1,0.0000,0.0000,0.0000,0.0000,0.0000,0.0000,1.0000,0.000,-0.0469,-0.2924,0.0844,0.2024,0.4463,0.8677,-0.0836
1,Right,2,-0.0289,-0.0181,0.0355,-0.0758,-0.3254,0.5993,0.7274,0.000,,,,,,,
1,Right,3,0.0000,0.0000,0.0325,0.2622,0.0459,-0.0809,0.9605,0.000,,,,,,,
1,Right,4,0.0000,0.0000,0.0338,0.1628,-0.0461,0.0775,0.9825,0.000,,,,,,,
1,Right,5,0.0007,0.0010,0.0246,0.0000,0.0000,0.0000,1.0000,0.000,,,,,,,
1,Right,6,-0.0192,-0.0105,0.0369,0.0000,0.0000,0.0000,1.0000,0.000,,,,,,,
1,Right,7,-0.0044,0.0032,0.0591,0.1902,0.0674,0.0260,0.9791,0.000,,,,,,,
1,Right,8,0.0000,0.0000,0.0379,0.2065,0.0017,-0.0263,0.9781,0.000,,,,,,,
1,Right,9,0.0000,0.0000,0.0243,0.0680,0.0249,-0.0167,0.9972,0.000,,,,,,,
1,Right,10,0.0003,0.0010,0.0224,0.0000,0.0000,0.0000,1.0000,0.000,,,,,,,
1,Right,11,-0.0029,-0.0081,0.0348,0.0000,0.0000,0.0000,1.0000,0.000,,,,,,,
1,Right,12,0.0012,0.0056,0.0609,0.2752,0.0748,-0.0256,0.9581,0.000,,,,,,,
1,Right,13,0.0000,0.0000,0.0429,0.1494,0.0026,-0.0121,0.9887,0.000,,,,,,,
1,Right,14,0.0000,0.0000,0.0275,0.0169,-0.0002,-0.0453,0.9988,0.000,,,,,,,
1,Right,15,0.0003,0.0011,0.0250,0.0000,0.0000,0.0000,1.0000,0.000,,,,,,,
1,Right,16,0.0150,-0.0060,0.0348,0.0000,0.0000,0.0000,1.0000,0.000,,,,,,,
1,Right,17,0.0025,-0.0005,0.0539,0.2114,0.0764,-0.0654,0.9722,0.000,,,,,,,
1,Right,18,0.0000,0.0000,0.0390,0.1415,-0.0018,-0.0367,0.9893,0.000,,,,,,,
1,Right,19,0.0000,0.0000,0.0266,0.0617,-0.0295,-0.0075,0.9976,0.000,,,,,,,
1,Right,20,0.0003,0.0016,0.0243,0.0000,0.0000,0.0000,1.0000,0.000,,,,,,,
1,Right,21,0.0230,-0.0094,0.0341,0.0183,0.1403,-0.2070,0.9681,0.000,,,,,,,
1,Right,22,0.0000,0.0000,0.0457,0.0883,-0.0124,0.0893,0.9920,0.000,,,,,,,
1,Right,23,0.0000,0.0000,0.0307,0.1775,0.0348,-0.0537,0.9820,0.000,,,,,,,
1,Right,24,0.0000,0.0000,0.0203,0.0086,-0.0492,0.0008,0.9988,0.000,,,,,,,
1,Right,25,-0.0002,0.0012,0.0219,0.0000,0.0000,0.0000,1.0000,0.000,,,,,,,
2,Left,0,0.0024,-0.0053,0.0652,0.0000,0.0000,0.0000,1.0000,0.000,,,,,,,
2,Left,1,0.0000,0.0000,0.0000,0.0000,0.0000,0.0000,1.0000,0.000,0.3547,0.0522,0.0551,-0.0773,-0.4936,-0.8656,-0.0324
2,Left,2,0.0291,-0.0177,0.0353,-0.0644,0.3497,-0.5973,0.7189,0.000,,,,,,,
2,Left,3,0.0000,0.0000,0.0325,0.2051,-0.0516,0.0819,0.9739,0.000,,,,,,,
2,Left,4,0.0000,0.0000,0.0338,0.2341,0.0394,-0.0746,0.9685,0.000,,,,,,,
2,Left,5,-0.0007,0.0010,0.0246,0.0000,0.0000,0.0000,1.0000,0.000,,,,,,,
2,Left,6,0.0193,-0.0103,0.0368,0.0000,0.0000,0.0000,1.0000,0.000,,,,,,,
2,Left,7,0.0043,0.0030,0.0591,0.4845,0.0092,-0.0519,0.8732,0.000,,,,,,,
2,Left,8,0.0000,0.0000,0.0379,0.6742,0.0121,0.0226,0.7381,0.000,,,,,,,
2,Left,9,0.0000,0.0000,0.0243,0.4681,-0.0153,0.0168,0.8834,0.000,,,,,,,
2,Left,10,-0.0003,0.0010,0.0224,0.0000,0.0000,0.0000,1.0000,0.000,,,,,,,
2,Left,11,0.0031,-0.0081,0.0347,0.0000,0.0000,0.0000,1.0000,0.000,,,,,,,
2,Left,12,-0.0013,0.0055,0.0610,0.5489,-0.0283,0.0242,0.8351,0.000,,,,,,,
2,Left,13,0.0000,0.0000,0.0429,0.5774,0.0029,0.0129,0.8163,0.000,,,,,,,
2,Left,14,0.0000,0.0000,0.0275,0.4761,0.0203,0.0850,0.8750,0.000,,,,,,,
2,Left,15,-0.0003,0.0011,0.0250,0.0000,0.0000,0.0000,1.0000,0.000,,,,,,,
2,Left,16,-0.0150,-0.0060,0.0348,0.0000,0.0000,0.0000,1.0000,0.000,,,,,,,
2,Left,17,-0.0025,-0.0005,0.0539,0.5449,-0.0290,0.0747,0.8347,0.000,,,,,,,
2,Left,18,0.0000,0.0000,0.0390,0.6373,0.0191,0.0419,0.7692,0.000,,,,,,,
2,Left,19,0.0000,0.0000,0.0266,0.5281,0.0273,0.0287,0.8483,0.000,,,,,,,
2,Left,20,-0.0003,0.0016,0.0243,0.0000,0.0000,0.0000,1.0000,0.000,,,,,,,
2,Left,21,-0.0230,-0.0094,0.0341,0.0183,-0.1403,0.2070,0.9681,0.000,,,,,,,
2,Left,22,0.0000,0.0000,0.0457,0.4586,-0.0281,-0.0673,0.8856,0.000,,,,,,,
2,Left,23,0.0000,0.0000,0.0307,0.6617,-0.0059,0.0871,0.7447,0.000,,,,,,,
2,Left,24,0.0000,0.0000,0.0203,0.5390,0.0410,-0.0025,0.8413,0.000,,,,,,,
2,Left,25,0.0002,0.0012,0.0219,0.0000,0.0000,0.0000,1.0000,0.000,,,,,,,
2,Right,0,-0.0023,-0.0053,0.0652,0.0000,0.0000,0.0000,1.0000,0.000,,,,,,,
2,Right,1,0.0000,0.0000,0.0000,0.0000,0.0000,0.0000,1.0000,0.000,-0.0469,-0.2924,0.0844,0.2024,0.4463,0.8677,-0.0836
2,Right,2,-0.0289,-0.0181,0.0355,-0.0758,-0.3254,0.5993,0.7274,0.000,,,,,,,
2,Right,3,0.0000,0.0000,0.0325,0.2622,0.0459,-0.0809,0.9605,0.000,,,,,,,
2,Right,4,0.0000,0.0000,0.0338,0.1628,-0.0461,0.0775,0.9825,0.000,,,,,,,
2,Right,5,0.0007,0.0010,0.0246,0.0000,0.0000,0.0000,1.0000,0.000,,,,,,,
2,Right,6,-0.0192,-0.0105,0.0369,0.0000,0.0000,0.0000,1.0000,0.000,,,,,,,
2,Right,7,-0.0044,0.0032,0.0591,0.1902,0.0674,0.0260,0.9791,0.000,,,,,,,
2,Right,8,0.0000,0.0000,0.0379,0.2065,0.0017,-0.0263,0.9781,0.000,,,,,,,
2,Right,9,0.0000,0.0000,0.0243,0.0680,0.0249,-0.0167,0.9972,0.000,,,,,,,
2,Right,10,0.0003,0.0010,0.0224,0.0000,0.0000,0.0000,1.0000,0.000,,,,,,,
2,Right,11,-0.0029,-0.0081,0.0348,0.0000,0.0000,0.0000,1.0000,0.000,,,,,,,
2,Right,12,0.0012,0.0056,0.0609,0.2752,0.0748,-0.0256,0.9581,0.000,,,,,,,
2,Right,13,0.0000,0.0000,0.0429,0.1494,0.0026,-0.0121,0.9887,0.000,,,,,,,
2,Right,14,0.0000,0.0000,0.0275,0.0169,-0.0002,-0.0453,0.9988,0.000,,,,,,,
2,Right,15,0.0003,0.0011,0.0250,0.0000,0.0000,0.0000,1.0000,0.000,,,,,,,
2,Right,16,0.0150,-0.0060,0.0348,0.0000,0.0000,0.0000,1.0000,0.000,,,,,,,
2,Right,17,0.0025,-0.0005,0.0539,0.2114,0.0764,-0.0654,0.9722,0.000,,,,,,,
2,Right,18,0.0000,0.0000,0.0390,0.1415,-0.0018,-0.0367,0.9893,0.000,,,,,,,
2,Right,19,0.0000,0.0000,0.0266,0.0617,-0.0295,-0.0075,0.9976,0.000,,,,,,,
2,Right,20,0.0003,0.0016,0.0243,0.0000,0.0000,0.0000,1.0000,0.000,,,,,,,
2,Right,21,0.0230,-0.0094,0.0341,0.0183,0.1403,-0.2070,0.9681,0.000,,,,,,,
2,Right,22,0.0000,0.0000,0.0457,0.0883,-0.0124,0.0893,0.9920,0.000,,,,,,,
2,Right,23,0.0000,0.0000,0.0307,0.1775,0.0348,-0.0537,0.9820,0.000,,,,,,,
2,Right,24,0.0000,0.0000,0.0203,0.0086,-0.0492,0.0008,0.9988,0.000,,,,,,,
2,Right,25,-0.0002,0.0012,0.0219,0.0000,0.0000,0.0000,1.0000,0.000,,,,,,,
3,Left,0,0.0024,-0.0053,0.0652,0.0000,0.0000,0.0000,1.0000,0.000,,,,,,,
3,Left,1,0.0000,0.0000,0.0000,0.0000,0.0000,0.0000,1.0000,0.000,0.3547,0.0522,0.0551,-0.0773,-0.4936,-0.8656,-0.0324
3,Left,2,0.0291,-0.0177,0.0353,-0.0644,0.3497,-0.5973,0.7189,0.000,,,,,,,
3,Left,3,0.0000,0.0000,0.0325,0.2051,-0.0516,0.0819,0.9739,0.000,,,,,,,
3,Left,4,0.0000,0.0000,0.0338,0.2341,0.0394,-0.0746,0.9685,0.000,,,,,,,
3,Left,5,-0.0007,0.0010,0.0246,0.0000,0.0000,0.0000,1.0000,0.000,,,,,,,
3,Left,6,0.0193,-0.0103,0.0368,0.0000,0.0000,0.0000,1.0000,0.000,,,,,,,
3,Left,7,0.0043,0.0030,0.0591,0.4845,0.0092,-0.0519,0.8732,0.000,,,,,,,
3,Left,8,0.0000,0.0000,0.0379,0.6742,0.0121,0.0226,0.7381,0.000,,,,,,,
3,Left,9,0.0000,0.0000,0.0243,0.4681,-0.0153,0.0168,0.8834,0.000,,,,,,,
3,Left,10,-0.0003,0.0010,0.0224,0.0000,0.0000,0.0000,1.0000,0.000,,,,,,,
3,Left,11,0.0031,-0.0081,0.0347,0.0000,0.0000,0.0000,1.0000,0.000,,,,,,,
3,Left,12,-0.0013,0.0055,0.0610,0.5489,-0.0283,0.0242,0.8351,0.000,,,,,,,
3,Left,13,0.0000,0.0000,0.0429,0.5774,0.0029,0.0129,0.8163,0.000,,,,,,,
3,Left,14,0.0000,0.0000,0.0275,0.4761,0.0203,0.0850,0.8750,0.000,,,,,,,
3,Left,15,-0.0003,0.0011,0.0250,0.0000,0.0000,0.0000,1.0000,0.000,,,,,,,
3,Left,16,-0.0150,-0.0060,0.0348,0.0000,0.0000,0.0000,1.0000,0.000,,,,,,,
3,Left,17,-0.0025,-0.0005,0.0539,0.5449,-0.0290,0.0747,0.8347,0.000,,,,,,,
3,Left,18,0.0000,0.0000,0.0390,0.6373,0.0191,0.0419,0.7692,0.000,,,,,,,
3,Left,19,0.0000,0.0000,0.0266,0.5281,0.0273,0.0287,0.8483,0.000,,,,,,,
3,Left,20,-0.0003,0.0016,0.0243,0.0000,0.0000,0.0000,1.0000,0.000,,,,,,,
3,Left,21,-0.0230,-0.0094,0.0341,0.0183,-0.1403,0.2070,0.9681,0.000,,,,,,,
3,Left,22,0.0000,0.0000,0.0457,0.4587,-0.0281,-0.0673,0.8856,0.000,,,,,,,
3,Left,23,0.0000,0.0000,0.0307,0.6617,-0.0059,0.0871,0.7447,0.000,,,,,,,
3,Left,24,0.0000,0.0000,0.0203,0.5390,0.0410,-0.0025,0.8413,0.000,,,,,,,
3,Left,25,0.0002,0.0012,0.0219,0.0000,0.0000,0.0000,1.0000,0.000,,,,,,,
3,Right,0,-0.0023,-0.0053,0.0652,0.0000,0.0000,0.0000,1.0000,0.000,,,,,,,
3,Right,1,0.0000,0.0000,0.0000,0.0000,0.0000,0.0000,1.0000,0.000,-0.0469,-0.2924,0.0844,0.2024,0.4463,0.8677,-0.0836
3,Right,2,-0.0289,-0.0181,0.0355,-0.0758,-0.3254,0.5993,0.7274,0.000,,,,,,,
3,Right,3,0.0000,0.0000,0.0325,0.2622,0.0459,-0.0809,0.9605,0.000,,,,,,,
3,Right,4,0.0000,0.0000,0.0338,0.1628,-0.0461,0.0775,0.9825,0.000,,,,,,,
3,Right,5,0.0007,0.0010,0.0246,0.0000,0.0000,0.0000,1.0000,0.000,,,,,,,
3,Right,6,-0.0192,-0.0105,0.0369,0.0000,0.0000,0.0000,1.0000,0.000,,,,,,,
3,Right,7,-0.0044,0.0032,0.0591,0.1902,0.0674,0.0260,0.9791,0.000,,,,,,,
3,Right,8,0.0000,0.0000,0.0379,0.2065,0.0017,-0.0263,0.9781,0.000,,,,,,,
3,Right,9,0.0000,0.0000,0.0243,0.0680,0.0249,-0.0167,0.9972,0.000,,,,,,,
3,Right,10,0.0003,0.0010,0.0224,0.0000,0.0000,0.0000,1.0000,0.000,,,,,,,
3,Right,11,-0.0029,-0.0081,0.0348,0.0000,0.0000,0.0000,1.0000,0.000,,,,,,,
3,Right,12,0.0012,0.0056,0.0609,0.2752,0.0748,-0.0256,0.9581,0.000,,,,,,,
3,Right,13,0.0000,0.0000,0.0429,0.1494,0.0026,-0.0121,0.9887,0.000,,,,,,,
3,Right,14,0.0000,0.0000,0.0275,0.0169,-0.0002,-0.0453,0.9988,0.000,,,,,,,
3,Right,15,0.0003,0.0011,0.0250,0.0000,0.0000,0.0000,1.0000,0.000,,,,,,,
3,Right,16,0.0150,-0.0060,0.0348,0.0000,0.0000,0.0000,1.0000,0.000,,,,,,,
3,Right,17,0.0025,-0.0005,0.0539,0.2114,0.0764,-0.0654,0.9722,0.000,,,,,,,
3,Right,18,0.0000,0.0000,0.0390,0.1415,-0.0018,-0.0367,0.9893,0.000,,,,,,,
3,Right,19,0.0000,0.0000,0.0266,0.0617,-0.0295,-0.0075,0.9976,0.000,,,,,,,
3,Right,20,0.0003,0.0016,0.0243,0.0000,0.0000,0.0000,1.0000,0.000,,,,,,,
3,Right,21,0.0230,-0.0094,0.0341,0.0183,0.1403,-0.2070,0.9681,0.000,,,,,,,
3,Right,22,0.0000,0.0000,0.0457,0.0883,-0.0124,0.0893,0.9920,0.000,,,,,,,
3,Right,23,0.0000,0.0000,0.0307,0.1775,0.0348,-0.0537,0.9820,0.000,,,,,,,
3,Right,24,0.0000,0.0000,0.0203,0.0086,-0.0492,0.0008,0.9988,0.000,,,,,,,
3,Right,25,-0.0002,0.0012,0.0219,0.0000,0.0000,0.0000,1.0000,0.000,,,,,,,
4,Left,0,0.0024,-0.0053,0.0652,0.0000,0.0000,0.0000,1.0000,0.000,,,,,,,
4,Left,1,0.0000,0.0000,0.0000,0.0000,0.0000,0.0000,1.0000,0.000,0.3547,0.0522,0.0551,-0.0773,-0.4936,-0.8656,-0.0324
4,Left,2,0.0291,-0.0177,0.0353,-0.0644,0.3497,-0.5973,0.7189,0.000,,,,,,,
4,Left,3,0.0000,0.0000,0.0325,0.2051,-0.0516,0.0819,0.9739,0.000,,,,,,,
4,Left,4,0.0000,0.0000,0.0338,0.2341,0.0394,-0.0746,0.9685,0.000,,,,,,,
4,Left,5,-0.0007,0.0010,0.0246,0.0000,0.0000,0.0000,1.0000,0.000,,,,,,,
4,Left,6,0.0193,-0.0103,0.0368,0.0000,0.0000,0.0000,1.0000,0.000,,,,,,,
4,Left,7,0.0043,0.0030,0.0591,0.4845,0.0092,-0.0519,0.8732,0.000,,,,,,,
4,Left,8,0.0000,0.0000,0.0379,0.6742,0.0121,0.0226,0.7381,0.000,,,,,,,
4,Left,9,0.0000,0.0000,0.0243,0.4681,-0.0153,0.0168,0.8834,0.000,,,,,,,
4,Left,10,-0.0003,0.0010,0.0224,0.0000,0.0000,0.0000,1.0000,0.000,,,,,,,
4,Left,11,0.0031,-0.0081,0.0347,0.0000,0.0000,0.0000,1.0000,0.000,,,,,,,
4,Left,12,-0.0013,0.0055,0.0610,0.5489,-0.0283,0.0242,0.8351,0.000,,,,,,,
4,Left,13,0.0000,0.0000,0.0429,0.5774,0.0029,0.0129,0.8163,0.000,,,,,,,
4,Left,14,0.0000,0.0000,0.0275,0.4762,0.0203,0.0850,0.8750,0.000,,,,,,,
4,Left,15,-0.0003,0.0011,0.0250,0.0000,0.0000,0.0000,1.0000,0.000,,,,,,,
4,Left,16,-0.0150,-0.0060,0.0348,0.0000,0.0000,0.0000,1.0000,0.000,,,,,,,
4,Left,17,-0.0025,-0.0005,0.0539,0.5449,-0.0290,0.0747,0.8347,0.000,,,,,,,
4,Left,18,0.0000,0.0000,0.0390,0.6373,0.0191,0.0419,0.7692,0.000,,,,,,,
4,Left,19,0.0000,0.0000,0.0266,0.5281,0.0273,0.0287,0.8482,0.000,,,,,,,
4,Left,20,-0.0003,0.0016,0.0243,0.0000,0.0000,0.0000,1.0000,0.000,,,,,,,
4,Left,21,-0.0230,-0.0094,0.0341,0.0183,-0.1403,0.2070,0.9681,0.000,,,,,,,
4,Left,22,0.0000,0.0000,0.0457,0.4587,-0.0281,-0.0673,0.8856,0.000,,,,,,,
4,Left,23,0.0000,0.0000,0.0307,0.6617,-0.0059,0.0871,0.7446,0.000,,,,,,,
4,Left,24,0.0000,0.0000,0.0203,0.5390,0.0410,-0.0025,0.8413,0.000,,,,,,,
4,Left,25,0.0002,0.0012,0.0219,0.0000,0.0000,0.0000,1.0000,0.000,,,,,,,
4,Right,0,-0.0023,-0.0053,0.0652,0.0000,0.0000,0.0000,1.0000,0.000,,,,,,,
4,Right,1,0.0000,0.0000,0.0000,0.0000,0.0000,0.0000,1.0000,0.000,-0.0469,-0.2924,0.0844,0.2024,0.4463,0.8677,-0.0836
4,Right,2,-0.0289,-0.0181,0.0355,-0.0758,-0.3254,0.5993,0.7274,0.000,,,,,,,
4,Right,3,0.0000,0.0000,0.0325,0.2622,0.0459,-0.0809,0.9605,0.000,,,,,,,
4,Right,4,0.0000,0.0000,0.0338,0.1628,-0.0461,0.0775,0.9825,0.000,,,,,,,
4,Right,5,0.0007,0.0010,0.0246,0.0000,0.0000,0.0000,1.0000,0.000,,,,,,,
4,Right,6,-0.0192,-0.0105,0.0369,0.0000,0.0000,0.0000,1.0000,0.000,,,,,,,
4,Right,7,-0.0044,0.0032,0.0591,0.1902,0.0674,0.0260,0.9791,0.000,,,,,,,
4,Right,8,0.0000,0.0000,0.0379,0.2065,0.0017,-0.0263,0.9781,0.000,,,,,,,
4,Right,9,0.0000,0.0000,0.0243,0.0680,0.0249,-0.0167,0.9972,0.000,,,,,,,
4,Right,10,0.0003,0.0010,0.0224,0.0000,0.0000,0.0000,1.0000,0.000,,,,,,,
4,Right,11,-0.0029,-0.0081,0.0348,0.0000,0.0000,0.0000,1.0000,0.000,,,,,,,
4,Right,12,0.0012,0.0056,0.0609,0.2752,0.0748,-0.0256,0.9581,0.000,,,,,,,
4,Right,13,0.0000,0.0000,0.0429,0.1494,0.0026,-0.0121,0.9887,0.000,,,,,,,
4,Right,14,0.0000,0.0000,0.0275,0.0169,-0.0002,-0.0453,0.9988,0.000,,,,,,,
4,Right,15,0.0003,0.0011,0.0250,0.0000,0.0000,0.0000,1.0000,0.000,,,,,,,
4,Right,16,0.0150,-0.0060,0.0348,0.0000,0.0000,0.0000,1.0000,0.000,,,,,,,
4,Right,17,0.0025,-0.0005,0.0539,0.2114,0.0764,-0.0654,0.9722,0.000,,,,,,,
4,Right,18,0.0000,0.0000,0.0390,0.1415,-0.0018,-0.0367,0.9893,0.000,,,,,,,
4,Right,19,0.0000,0.0000,0.0266,0.0617,-0.0295,-0.0075,0.9976,0.000,,,,,,,
4,Right,20,0.0003,0.0016,0.0243,0.0000,0.0000,0.0000,1.0000,0.000,,,,,,,
4,Right,21,0.0230,-0.0094,0.0341,0.0183,0.1403,-0.2070,0.9681,0.000,,,,,,,
4,Right,22,0.0000,0.0000,0.0457,0.0883,-0.0124,0.0893,0.9920,0.000,,,,,,,
4,Right,23,0.0000,0.0000,0.0307,0.1775,0.0348,-0.0537,0.9820,0.000,,,,,,,
4,Right,24,0.0000,0.0000,0.0203,0.0086,-0.0492,0.0008,0.9988,0.000,,,,,,,
4,Right,25,-0.0002,0.0012,0.0219,0.0000,0.0000,0.0000,1.0000,0.000,,,,,,,
5,Left,0,0.0024,-0.0053,0.0652,0.0000,0.0000,0.0000,1.0000,0.000,,,,,,,
5,Left,1,0.0000,0.0000,0.0000,0.0000,0.0000,0.0000,1.0000,0.000,0.3547,0.0522,0.0551,-0.0773,-0.4936,-0.8656,-0.0324
5,Left,2,0.0291,-0.0177,0.0353,-0.0644,0.3497,-0.5973,0.7189,0.000,,,,,,,
5,Left,3,0.0000,0.0000,0.0325,0.2051,-0.0516,0.0819,0.9739,0.000,,,,,,,
5,Left,4,0.0000,0.0000,0.0338,0.2341,0.0394,-0.0746,0.9685,0.000,,,,,,,
5,Left,5,-0.0007,0.0010,0.0246,0.0000,0.0000,0.0000,1.0000,0.000,,,,,,,
5,Left,6,0.0193,-0.0103,0.0368,0.0000,0.0000,0.0000,1.0000,0.000,,,,,,,
5,Left,7,0.0043,0.0030,0.0591,0.4845,0.0092,-0.0519,0.8732,0.000,,,,,,,
5,Left,8,0.0000,0.0000,0.0379,0.6742,0.0121,0.0226,0.7381,0.000,,,,,,,
5,Left,9,0.0000,0.0000,0.0243,0.4681,-0.0153,0.0168,0.8834,0.000,,,,,,,
5,Left,10,-0.0003,0.0010,0.0224,0.0000,0.0000,0.0000,1.0000,0.000,,,,,,,
5,Left,11,0.0031,-0.0081,0.0347,0.0000,0.0000,0.0000,1.0000,0.000,,,,,,,
5,Left,12,-0.0013,0.0055,0.0610,0.5489,-0.0283,0.0242,0.8351,0.000,,,,,,,
5,Left,13,0.0000,0.0000,0.0429,0.5774,0.0029,0.0129,0.8163,0.000,,,,,,,
5,Left,14,0.0000,0.0000,0.0275,0.4762,0.0203,0.0850,0.8750,0.000,,,,,,,
5,Left,15,-0.0003,0.0011,0.0250,0.0000,0.0000,0.0000,1.0000,0.000,,,,,,,
5,Left,16,-0.0150,-0.0060,0.0348,0.0000,0.0000,0.0000,1.0000,0.000,,,,,,,
5,Left,17,-0.0025,-0.0005,0.0539,0.5449,-0.0290,0.0747,0.8347,0.000,,,,,,,
5,Left,18,0.0000,0.0000,0.0390,0.6373,0.0191,0.0419,0.7692,0.000,,,,,,,
5,Left,19,0.0000,0.0000,0.0266,0.5281,0.0273,0.0287,0.8482,0.000,,,,,,,
5,Left,20,-0.0003,0.0016,0.0243,0.0000,0.0000,0.0000,1.0000,0.000,,,,,,,
5,Left,21,-0.0230,-0.0094,0.0341,0.0183,-0.1403,0.2070,0.9681,0.000,,,,,,,
5,Left,22,0.0000,0.0000,0.0457,0.4587,-0.0281,-0.0673,0.8856,0.000,,,,,,,
5,Left,23,0.0000,0.0000,0.0307,0.6617,-0.0059,0.0871,0.7446,0.000,,,,,,,
5,Left,24,0.0000,0.0000,0.0203,0.5390,0.0410,-0.0025,0.8413,0.000,,,,,,,
5,Left,25,0.0002,0.0012,0.0219,0.0000,0.0000,0.0000,1.0000,0.000,,,,,,,
5,Right,0,-0.0023,-0.0053,0.0652,0.0000,0.0000,0.0000,1.0000,0.000,,,,,,,
5,Right,1,0.0000,0.0000,0.0000,0.0000,0.0000,0.0000,1.0000,0.000,-0.0469,-0.2924,0.0844,0.2024,0.4463,0.8677,-0.0836
5,Right,2,-0.0289,-0.0181,0.0355,-0.0758,-0.3254,0.5993,0.7274,0.000,,,,,,,
5,Right,3,0.0000,0.0000,0.0325,0.2622,0.0459,-0.0809,0.9605,0.000,,,,,,,
5,Right,4,0.0000,0.0000,0.0338,0.1628,-0.0461,0.0775,0.9825,0.000,,,,,,,
5,Right,5,0.0007,0.0010,0.0246,0.0000,0.0000,0.0000,1.0000,0.000,,,,,,,
5,Right,6,-0.0192,-0.0105,0.0369,0.0000,0.0000,0.0000,1.0000,0.000,,,,,,,
5,Right,7,-0.0044,0.0032,0.0591,0.1902,0.0674,0.0260,0.9791,0.000,,,,,,,
5,Right,8,0.0000,0.0000,0.0379,0.2065,0.0017,-0.0263,0.9781,0.000,,,,,,,
5,Right,9,0.0000,0.0000,0.0243,0.0680,0.0249,-0.0167,0.9972,0.000,,,,,,,
5,Right,10,0.0003,0.0010,0.0224,0.0000,0.0000,0.0000,1.0000,0.000,,,,,,,
5,Right,11,-0.0029,-0.0081,0.0348,0.0000,0.0000,0.0000,1.0000,0.000,,,,,,,
5,Right,12,0.0012,0.0056,0.0609,0.2752,0.0748,-0.0256,0.9581,0.000,,,,,,,
5,Right,13,0.0000,0.0000,0.0429,0.1494,0.0026,-0.0121,0.9887,0.000,,,,,,,
5,Right,14,0.0000,0.0000,0.0275,0.0169,-0.0002,-0.0453,0.9988,0.000,,,,,,,
5,Right,15,0.0003,0.0011,0.0250,0.0000,0.0000,0.0000,1.0000,0.000,,,,,,,
5,Right,16,0.0150,-0.0060,0.0348,0.0000,0.0000,0.0000,1.0000,0.000,,,,,,,
5,Right,17,0.0025,-0.0005,0.0539,0.2114,0.0764,-0.0654,0.9722,0.000,,,,,,,
5,Right,18,0.0000,0.0000,0.0390,0.1415,-0.0018,-0.0367,0.9893,0.000,,,,,,,
5,Right,19,0.0000,0.0000,0.0266,0.0617,-0.0295,-0.0075,0.9976,0.000,,,,,,,
5,Right,20,0.0003,0.0016,0.0243,0.0000,0.0000,0.0000,1.0000,0.000,,,,,,,
5,Right,21,0.0230,-0.0094,0.0341,0.0183,0.1403,-0.2070,0.9681,0.000,,,,,,,
5,Right,22,0.0000,0.0000,0.0457,0.0883,-0.0124,0.0893,0.9920,0.000,,,,,,,
5,Right,23,0.0000,0.0000,0.0307,0.1775,0.0348,-0.0537,0.9820,0.000,,,,,,,
5,Right,24,0.0000,0.0000,0.0203,0.0086,-0.0492,0.0008,0.9988,0.000,,,,,,,
5,Right,25,-0.0002,0.0012,0.0219,0.0000,0.0000,0.0000,1.0000,0.000,,,,,,,
6,Left,0,0.0024,-0.0053,0.0652,0.0000,0.0000,0.0000,1.0000,0.001,,,,,,,
6,Left,1,0.0000,0.0000,0.0000,0.0000,0.0000,0.0000,1.0000,0.001,0.3547,0.0522,0.0550,-0.0773,-0.4936,-0.8656,-0.0324
6,Left,2,0.0291,-0.0177,0.0353,-0.0644,0.3497,-0.5973,0.7189,0.001,,,,,,,
6,Left,3,0.0000,0.0000,0.0325,0.2051,-0.0516,0.0819,0.9739,0.001,,,,,,,
6,Left,4,0.0000,0.0000,0.0338,0.2341,0.0394,-0.0746,0.9685,0.001,,,,,,,
6,Left,5,-0.0007,0.0010,0.0246,0.0000,0.0000,0.0000,1.0000,0.001,,,,,,,
6,Left,6,0.0193,-0.0103,0.0368,0.0000,0.0000,0.0000,1.0000,0.001,,,,,,,
6,Left,7,0.0043,0.0030,0.0591,0.4845,0.0092,-0.0519,0.8732,0.001,,,,,,,
6,Left,8,0.0000,0.0000,0.0379,0.6742,0.0121,0.0226,0.7381,0.001,,,,,,,
6,Left,9,0.0000,0.0000,0.0243,0.4681,-0.0153,0.0168,0.8834,0.001,,,,,,,
6,Left,10,-0.0003,0.0010,0.0224,0.0000,0.0000,0.0000,1.0000,0.001,,,,,,,
6,Left,11,0.0031,-0.0081,0.0347,0.0000,0.0000,0.0000,1.0000,0.001,,,,,,,
6,Left,12,-0.0013,0.0055,0.0610,0.5489,-0.0283,0.0242,0.8350,0.001,,,,,,,
6,Left,13,0.0000,0.0000,0.0429,0.5775,0.0029,0.0129,0.8163,0.001,,,,,,,
6,Left,14,0.0000,0.0000,0.0275,0.4762,0.0203,0.0850,0.8750,0.001,,,,,,,
6,Left,15,-0.0003,0.0011,0.0250,0.0000,0.0000,0.0000,1.0000,0.001,,,,,,,
6,Left,16,-0.0150,-0.0060,0.0348,0.0000,0.0000,0.0000,1.0000,0.001,,,,,,,
6,Left,17,-0.0025,-0.0005,0.0539,0.5449,-0.0290,0.0747,0.8346,0.001,,,,,,,
6,Left,18,0.0000,0.0000,0.0390,0.6373,0.0191,0.0419,0.7692,0.001,,,,,,,
6,Left,19,0.0000,0.0000,0.0266,0.5281,0.0273,0.0287,0.8482,0.001,,,,,,,
6,Left,20,-0.0003,0.0016,0.0243,0.0000,0.0000,0.0000,1.0000,0.001,,,,,,,
6,Left,21,-0.0230,-0.0094,0.0341,0.0183,-0.1403,0.2070,0.9681,0.001,,,,,,,
6,Left,22,0.0000,0.0000,0.0457,0.4587,-0.0281,-0.0673,0.8856,0.001,,,,,,,
6,Left,23,0.0000,0.0000,0.0307,0.6617,-0.0059,0.0871,0.7446,0.001,,,,,,,
6,Left,24,0.0000,0.0000,0.0203,0.5390,0.0410,-0.0025,0.8413,0.001,,,,,,,
6,Left,25,0.0002,0.0012,0.0219,0.0000,0.0000,0.0000,1.0000,0.001,,,,,,,
6,Right,0,-0.0023,-0.0053,0.0652,0.0000,0.0000,0.0000,1.0000,0.001,,,,,,,
6,Right,1,0.0000,0.0000,0.0000,0.0000,0.0000,0.0000,1.0000,0.001,-0.0469,-0.2924,0.0844,0.2024,0.4463,0.8677,-0.0836
6,Right,2,-0.0289,-0.0181,0.0355,-0.0758,-0.3254,0.5993,0.7274,0.001,,,,,,,
6,Right,3,0.0000,0.0000,0.0325,0.2622,0.0459,-0.0809,0.9605,0.001,,,,,,,
6,Right,4,0.0000,0.0000,0.0338,0.1628,-0.0461,0.0775,0.9825,0.001,,,,,,,
6,Right,5,0.0007,0.0010,0.0246,0.0000,0.0000,0.0000,1.0000,0.001,,,,,,,
6,Right,6,-0.0192,-0.0105,0.0369,0.0000,0.0000,0.0000,1.0000,0.001,,,,,,,
6,Right,7,-0.0044,0.0032,0.0591,0.1902,0.0674,0.0260,0.9791,0.001,,,,,,,
6,Right,8,0.0000,0.0000,0.0379,0.2065,0.0017,-0.0263,0.9781,0.001,,,,,,,
6,Right,9,0.0000,0.0000,0.0243,0.0680,0.0249,-0.0167,0.9972,0.001,,,,,,,
6,Right,10,0.0003,0.0010,0.0224,0.0000,0.0000,0.0000,1.0000,0.001,,,,,,,
6,Right,11,-0.0029,-0.0081,0.0348,0.0000,0.0000,0.0000,1.0000,0.001,,,,,,,
6,Right,12,0.0012,0.0056,0.0609,0.2752,0.0748,-0.0256,0.9581,0.001,,,,,,,
6,Right,13,0.0000,0.0000,0.0429,0.1494,0.0026,-0.0121,0.9887,0.001,,,,,,,
6,Right,14,0.0000,0.0000,0.0275,0.0169,-0.0002,-0.0453,0.9988,0.001,,,,,,,
6,Right,15,0.0003,0.0011,0.0250,0.0000,0.0000,0.0000,1.0000,0.001,,,,,,,
6,Right,16,0.0150,-0.0060,0.0348,0.0000,0.0000,0.0000,1.0000,0.001,,,,,,,
6,Right,17,0.0025,-0.0005,0.0539,0.2114,0.0764,-0.0654,0.9722,0.001,,,,,,,
6,Right,18,0.0000,0.0000,0.0390,0.1415,-0.0018,-0.0367,0.9893,0.001,,,,,,,
6,Right,19,0.0000,0.0000,0.0266,0.0617,-0.0295,-0.0075,0.9976,0.001,,,,,,,
6,Right,20,0.0003,0.0016,0.0243,0.0000,0.0000,0.0000,1.0000,0.001,,,,,,,
6,Right,21,0.0230,-0.0094,0.0341,0.0183,0.1403,-0.2070,0.9681,0.001,,,,,,,
6,Right,22,0.0000,0.0000,0.0457,0.0883,-0.0124,0.0893,0.9920,0.001,,,,,,,
6,Right,23,0.0000,0.0000,0.0307,0.1775,0.0348,-0.0537,0.9820,0.001,,,,,,,
6,Right,24,0.0000,0.0000,0.0203,0.0086,-0.0492,0.0008,0.9988,0.001,,,,,,,
6,Right,25,-0.0002,0.0012,0.0219,0.0000,0.0000,0.0000,1.0000,0.001,,,,,,,
7,Left,0,0.0024,-0.0053,0.0652,0.0000,0.0000,0.0000,1.0000,0.001,,,,,,,
7,Left,1,0.0000,0.0000,0.0000,0.0000,0.0000,0.0000,1.0000,0.001,0.3547,0.0522,0.0550,-0.0773,-0.4936,-0.8656,-0.0324
7,Left,2,0.0291,-0.0177,0.0353,-0.0644,0.3497,-0.5973,0.7189,0.001,,,,,,,
7,Left,3,0.0000,0.0000,0.0325,0.2051,-0.0516,0.0819,0.9739,0.001,,,,,,,
7,Left,4,0.0000,0.0000,0.0338,0.2341,0.0394,-0.0746,0.9685,0.001,,,,,,,
7,Left,5,-0.0007,0.0010,0.0246,0.0000,0.0000,0.0000,1.0000,0.001,,,,,,,
7,Left,6,0.0193,-0.0103,0.0368,0.0000,0.0000,0.0000,1.0000,0.001,,,,,,,
7,Left,7,0.0043,0.0030,0.0591,0.4845,0.0092,-0.0519,0.8732,0.001,,,,,,,
7,Left,8,0.0000,0.0000,0.0379,0.6742,0.0121,0.0226,0.7381,0.001,,,,,,,
7,Left,9,0.0000,0.0000,0.0243,0.4682,-0.0153,0.0168,0.8834,0.001,,,,,,,
7,Left,10,-0.0003,0.0010,0.0224,0.0000,0.0000,0.0000,1.0000,0.001,,,,,,,
7,Left,11,0.0031,-0.0081,0.0347,0.0000,0.0000,0.0000,1.0000,0.001,,,,,,,
7,Left,12,-0.0013,0.0055,0.0610,0.5489,-0.0283,0.0242,0.8350,0.001,,,,,,,
7,Left,13,0.0000,0.0000,0.0429,0.5775,0.0029,0.0129,0.8163,0.001,,,,,,,
7,Left,14,0.0000,0.0000,0.0275,0.4762,0.0203,0.0850,0.8750,0.001,,,,,,,
7,Left,15,-0.0003,0.0011,0.0250,0.0000,0.0000,0.0000,1.0000,0.001,,,,,,,
7,Left,16,-0.0150,-0.0060,0.0348,0.0000,0.0000,0.0000,1.0000,0.001,,,,,,,
7,Left,17,-0.0025,-0.0005,0.0539,0.5449,-0.0290,0.0747,0.8346,0.001,,,,,,,
7,Left,18,0.0000,0.0000,0.0390,0.6373,0.0191,0.0419,0.7692,0.001,,,,,,,
7,Left,19,0.0000,0.0000,0.0266,0.5281,0.0273,0.0287,0.8482,0.001,,,,,,,
7,Left,20,-0.0003,0.0016,0.0243,0.0000,0.0000,0.0000,1.0000,0.001,,,,,,,
7,Left,21,-0.0230,-0.0094,0.0341,0.0183,-0.1403,0.2070,0.9681,0.001,,,,,,,
7,Left,22,0.0000,0.0000,0.0457,0.4587,-0.0281,-0.0673,0.8856,0.001,,,,,,,
7,Left,23,0.0000,0.0000,0.0307,0.6618,-0.0059,0.0871,0.7446,0.001,,,,,,,
7,Left,24,0.0000,0.0000,0.0203,0.5390,0.0410,-0.0025,0.8413,0.001,,,,,,,
7,Left,25,0.0002,0.0012,0.0219,0.0000,0.0000,0.0000,1.0000,0.001,,,,,,,
7,Right,0,-0.0023,-0.0053,0.0652,0.0000,0.0000,0.0000,1.0000,0.001,,,,,,,
7,Right,1,0.0000,0.0000,0.0000,0.0000,0.0000,0.0000,1.0000,0.001,-0.0469,-0.2924,0.0844,0.2024,0.4463,0.8677,-0.0836
7,Right,2,-0.0289,-0.0181,0.0355,-0.0758,-0.3254,0.5993,0.7274,0.001,,,,,,,
7,Right,3,0.0000,0.0000,0.0325,0.2622,0.0459,-0.0809,0.9605,0.001,,,,,,,
7,Right,4,0.0000,0.0000,0.0338,0.1628,-0.0461,0.0775,0.9825,0.001,,,,,,,
7,Right,5,0.0007,0.0010,0.0246,0.0000,0.0000,0.0000,1.0000,0.001,,,,,,,
7,Right,6,-0.0192,-0.0105,0.0369,0.0000,0.0000,0.0000,1.0000,0.001,,,,,,,
7,Right,7,-0.0044,0.0032,0.0591,0.1902,0.0674,0.0260,0.9791,0.001,,,,,,,
7,Right,8,0.0000,0.0000,0.0379,0.2065,0.0017,-0.0263,0.9781,0.001,,,,,,,
7,Right,9,0.0000,0.0000,0.0243,0.0680,0.0249,-0.0167,0.9972,0.001,,,,,,,
7,Right,10,0.0003,0.0010,0.0224,0.0000,0.0000,0.0000,1.0000,0.001,,,,,,,
7,Right,11,-0.0029,-0.0081,0.0348,0.0000,0.0000,0.0000,1.0000,0.001,,,,,,,
7,Right,12,0.0012,0.0056,0.0609,0.2752,0.0748,-0.0256,0.9581,0.001,,,,,,,
7,Right,13,0.0000,0.0000,0.0429,0.1494,0.0026,-0.0121,0.9887,0.001,,,,,,,
7,Right,14,0.0000,0.0000,0.0275,0.0169,-0.0002,-0.0453,0.9988,0.001,,,,,,,
7,Right,15,0.0003,0.0011,0.0250,0.0000,0.0000,0.0000,1.0000,0.001,,,,,,,
7,Right,16,0.0150,-0.0060,0.0348,0.0000,0.0000,0.0000,1.0000,0.001,,,,,,,
7,Right,17,0.0025,-0.0005,0.0539,0.2114,0.0764,-0.0654,0.9722,0.001,,,,,,,
7,Right,18,0.0000,0.0000,0.0390,0.1415,-0.0018,-0.0367,0.9893,0.001,,,,,,,
7,Right,19,0.0000,0.0000,0.0266,0.0617,-0.0295,-0.0075,0.9976,0.001,,,,,,,
7,Right,20,0.0003,0.0016,0.0243,0.0000,0.0000,0.0000,1.0000,0.001,,,,,,,
7,Right,21,0.0230,-0.0094,0.0341,0.0183,0.1403,-0.2070,0.9681,0.001,,,,,,,
7,Right,22,0.0000,0.0000,0.0457,0.0883,-0.0124,0.0893,0.9920,0.001,,,,,,,
7,Right,23,0.0000,0.0000,0.0307,0.1775,0.0348,-0.0537,0.9820,0.001,,,,,,,
7,Right,24,0.0000,0.0000,0.0203,0.0086,-0.0492,0.0008,0.9988,0.001,,,,,,,
7,Right,25,-0.0002,0.0012,0.0219,0.0000,0.0000,0.0000,1.0000,0.001,,,,,,,
8,Left,0,0.0024,-0.0053,0.0652,0.0000,0.0000,0.0000,1.0000,0.001,,,,,,,
8,Left,1,0.0000,0.0000,0.0000,0.0000,0.0000,0.0000,1.0000,0.001,0.3547,0.0522,0.0550,-0.0773,-0.4936,-0.8656,-0.0324
8,Left,2,0.0291,-0.0177,0.0353,-0.0644,0.3497,-0.5973,0.7189,0.001,,,,,,,
8,Left,3,0.0000,0.0000,0.0325,0.2051,-0.0516,0.0819,0.9739,0.001,,,,,,,
8,Left,4,0.0000,0.0000,0.0338,0.2341,0.0394,-0.0746,0.9685,0.001,,,,,,,
8,Left,5,-0.0007,0.0010,0.0246,0.0000,0.0000,0.0000,1.0000,0.001,,,,,,,
8,Left,6,0.0193,-0.0103,0.0368,0.0000,0.0000,0.0000,1.0000,0.001,,,,,,,
8,Left,7,0.0043,0.0030,0.0591,0.4845,0.0092,-0.0519,0.8732,0.001,,,,,,,
8,Left,8,0.0000,0.0000,0.0379,0.6743,0.0121,0.0226,0.7381,0.001,,,,,,,
8,Left,9,0.0000,0.0000,0.0243,0.4682,-0.0153,0.0168,0.8834,0.001,,,,,,,
8,Left,10,-0.0003,0.0010,0.0224,0.0000,0.0000,0.0000,1.0000,0.001,,,,,,,
8,Left,11,0.0031,-0.0081,0.0347,0.0000,0.0000,0.0000,1.0000,0.001,,,,,,,
8,Left,12,-0.0013,0.0055,0.0610,0.5489,-0.0283,0.0242,0.8350,0.001,,,,,,,
8,Left,13,0.0000,0.0000,0.0429,0.5775,0.0029,0.0129,0.8163,0.001,,,,,,,
8,Left,14,0.0000,0.0000,0.0275,0.4762,0.0203,0.0850,0.8750,0.001,,,,,,,
8,Left,15,-0.0003,0.0011,0.0250,0.0000,0.0000,0.0000,1.0000,0.001,,,,,,,
8,Left,16,-0.0150,-0.0060,0.0348,0.0000,0.0000,0.0000,1.0000,0.001,,,,,,,
8,Left,17,-0.0025,-0.0005,0.0539,0.5449,-0.0290,0.0747,0.8346,0.001,,,,,,,
8,Left,18,0.0000,0.0000,0.0390,0.6373,0.0191,0.0419,0.7692,0.001,,,,,,,
8,Left,19,0.0000,0.0000,0.0266,0.5281,0.0273,0.0287,0.8482,0.001,,,,,,,
8,Left,20,-0.0003,0.0016,0.0243,0.0000,0.0000,0.0000,1.0000,0.001,,,,,,,
8,Left,21,-0.0230,-0.0094,0.0341,0.0183,-0.1403,0.2070,0.9681,0.001,,,,,,,
8,Left,22,0.0000,0.0000,0.0457,0.4587,-0.0281,-0.0673,0.8856,0.001,,,,,,,
8,Left,23,0.0000,0.0000,0.0307,0.6618,-0.0059,0.0871,0.7446,0.001,,,,,,,
8,Left,24,0.0000,0.0000,0.0203,0.5390,0.0410,-0.0025,0.8413,0.001,,,,,,,
8,Left,25,0.0002,0.0012,0.0219,0.0000,0.0000,0.0000,1.0000,0.001,,,,,,,
8,Right,0,-0.0023,-0.0053,0.0652,0.0000,0.0000,0.0000,1.0000,0.001,,,,,,,
8,Right,1,0.0000,0.0000,0.0000,0.0000,0.0000,0.0000,1.0000,0.001,-0.0469,-0.2924,0.0844,0.2024,0.4463,0.8677,-0.0836
8,Right,2,-0.0289,-0.0181,0.0355,-0.0758,-0.3254,0.5994,0.7274,0.001,,,,,,,
8,Right,3,0.0000,0.0000,0.0325,0.2622,0.0459,-0.0809,0.9605,0.001,,,,,,,
8,Right,4,0.0000,0.0000,0.0338,0.1628,-0.0461,0.0775,0.9825,0.001,,,,,,,
8,Right,5,0.0007,0.0010,0.0246,0.0000,0.0000,0.0000,1.0000,0.001,,,,,,,
8,Right,6,-0.0192,-0.0105,0.0369,0.0000,0.0000,0.0000,1.0000,0.001,,,,,,,
8,Right,7,-0.0044,0.0032,0.0591,0.1902,0.0674,0.0260,0.9791,0.001,,,,,,,
8,Right,8,0.0000,0.0000,0.0379,0.2065,0.0017,-0.0263,0.9781,0.001,,,,,,,
8,Right,9,0.0000,0.0000,0.0243,0.0680,0.0249,-0.0167,0.9972,0.001,,,,,,,
8,Right,10,0.0003,0.0010,0.0224,0.0000,0.0000,0.0000,1.0000,0.001,,,,,,,
8,Right,11,-0.0029,-0.0081,0.0348,0.0000,0.0000,0.0000,1.0000,0.001,,,,,,,
8,Right,12,0.0012,0.0056,0.0609,0.2752,0.0748,-0.0256,0.9581,0.001,,,,,,,
8,Right,13,0.0000,0.0000,0.0429,0.1494,0.0026,-0.0121,0.9887,0.001,,,,,,,
8,Right,14,0.0000,0.0000,0.0275,0.0169,-0.0002,-0.0453,0.9988,0.001,,,,,,,
8,Right,15,0.0003,0.0011,0.0250,0.0000,0.0000,0.0000,1.0000,0.001,,,,,,,
8,Right,16,0.0150,-0.0060,0.0348,0.0000,0.0000,0.0000,1.0000,0.001,,,,,,,
8,Right,17,0.0025,-0.0005,0.0539,0.2114,0.0764,-0.0654,0.9722,0.001,,,,,,,
8,Right,18,0.0000,0.0000,0.0390,0.1415,-0.0018,-0.0367,0.9893,0.001,,,,,,,
8,Right,19,0.0000,0.0000,0.0266,0.0617,-0.0295,-0.0075,0.9976,0.001,,,,,,,
8,Right,20,0.0003,0.0016,0.0243,0.0000,0.0000,0.0000,1.0000,0.001,,,,,,,
8,Right,21,0.0230,-0.0094,0.0341,0.0183,0.1403,-0.2070,0.9681,0.001,,,,,,,
8,Right,22,0.0000,0.0000,0.0457,0.0883,-0.0124,0.0893,0.9920,0.001,,,,,,,
8,Right,23,0.0000,0.0000,0.0307,0.1775,0.0348,-0.0537,0.9820,0.001,,,,,,,
8,Right,24,0.0000,0.0000,0.0203,0.0086,-0.0492,0.0008,0.9988,0.001,,,,,,,
8,Right,25,-0.0002,0.0012,0.0219,0.0000,0.0000,0.0000,1.0000,0.001,,,,,,,
9,Left,0,0.0024,-0.0053,0.0652,0.0000,0.0000,0.0000,1.0000,0.001,,,,,,,
9,Left,1,0.0000,0.0000,0.0000,0.0000,0.0000,0.0000,1.0000,0.001,0.3547,0.0522,0.0550,-0.0773,-0.4936,-0.8656,-0.0324
9,Left,2,0.0291,-0.0177,0.0353,-0.0644,0.3497,-0.5973,0.7189,0.001,,,,,,,
9,Left,3,0.0000,0.0000,0.0325,0.2051,-0.0516,0.0819,0.9739,0.001,,,,,,,
9,Left,4,0.0000,0.0000,0.0338,0.2342,0.0394,-0.0746,0.9685,0.001,,,,,,,
9,Left,5,-0.0007,0.0010,0.0246,0.0000,0.0000,0.0000,1.0000,0.001,,,,,,,
9,Left,6,0.0193,-0.0103,0.0368,0.0000,0.0000,0.0000,1.0000,0.001,,,,,,,
9,Left,7,0.0043,0.0030,0.0591,0.4845,0.0092,-0.0519,0.8732,0.001,,,,,,,
9,Left,8,0.0000,0.0000,0.0379,0.6743,0.0121,0.0226,0.7381,0.001,,,,,,,
9,Left,9,0.0000,0.0000,0.0243,0.4682,-0.0153,0.0168,0.8833,0.001,,,,,,,
9,Left,10,-0.0003,0.0010,0.0224,0.0000,0.0000,0.0000,1.0000,0.001,,,,,,,
9,Left,11,0.0031,-0.0081,0.0347,0.0000,0.0000,0.0000,1.0000,0.001,,,,,,,
9,Left,12,-0.0013,0.0055,0.0610,0.5489,-0.0283,0.0242,0.8350,0.001,,,,,,,
9,Left,13,0.0000,0.0000,0.0429,0.5775,0.0029,0.0129,0.8163,0.001,,,,,,,
9,Left,14,0.0000,0.0000,0.0275,0.4762,0.0203,0.0850,0.8750,0.001,,,,,,,
9,Left,15,-0.0003,0.0011,0.0250,0.0000,0.0000,0.0000,1.0000,0.001,,,,,,,
9,Left,16,-0.0150,-0.0060,0.0348,0.0000,0.0000,0.0000,1.0000,0.001,,,,,,,
9,Left,17,-0.0025,-0.0005,0.0539,0.5449,-0.0290,0.0747,0.8346,0.001,,,,,,,
9,Left,18,0.0000,0.0000,0.0390,0.6374,0.0191,0.0419,0.7692,0.001,,,,,,,
9,Left,19,0.0000,0.0000,0.0266,0.5282,0.0273,0.0287,0.8482,0.001,,,,,,,
9,Left,20,-0.0003,0.0016,0.0243,0.0000,0.0000,0.0000,1.0000,0.001,,,,,,,
9,Left,21,-0.0230,-0.0094,0.0341,0.0183,-0.1403,0.2070,0.9681,0.001,,,,,,,
9,Left,22,0.0000,0.0000,0.0457,0.4587,-0.0281,-0.0673,0.8856,0.001,,,,,,,
9,Left,23,0.0000,0.0000,0.0307,0.6618,-0.0059,0.0871,0.7446,0.001,,,,,,,
9,Left,24,0.0000,0.0000,0.0203,0.5390,0.0410,-0.0025,0.8413,0.001,,,,,,,
9,Left,25,0.0002,0.0012,0.0219,0.0000,0.0000,0.0000,1.0000,0.001,,,,,,,
9,Right,0,-0.0023,-0.0053,0.0652,0.0000,0.0000,0.0000,1.0000,0.001,,,,,,,
9,Right,1,0.0000,0.0000,0.0000,0.0000,0.0000,0.0000,1.0000,0.001,-0.0469,-0.2924,0.0844,0.2024,0.4463,0.8677,-0.0836
9,Right,2,-0.0289,-0.0181,0.0355,-0.0758,-0.3254,0.5994,0.7274,0.001,,,,,,,
9,Right,3,0.0000,0.0000,0.0325,0.2622,0.0459,-0.0809,0.9605,0.001,,,,,,,
9,Right,4,0.0000,0.0000,0.0338,0.1628,-0.0461,0.0775,0.9825,0.001,,,,,,,
9,Right,5,0.0007,0.0010,0.0246,0.0000,0.0000,0.0000,1.0000,0.001,,,,,,,
9,Right,6,-0.0192,-0.0105,0.0369,0.0000,0.0000,0.0000,1.0000,0.001,,,,,,,
9,Right,7,-0.0044,0.0032,0.0591,0.1902,0.0674,0.0260,0.9791,0.001,,,,,,,
9,Right,8,0.0000,0.0000,0.0379,0.2065,0.0017,-0.0263,0.9781,0.001,,,,,,,
9,Right,9,0.0000,0.0000,0.0243,0.0680,0.0249,-0.0167,0.9972,0.001,,,,,,,
9,Right,10,0.0003,0.0010,0.0224,0.0000,0.0000,0.0000,1.0000,0.001,,,,,,,
9,Right,11,-0.0029,-0.0081,0.0348,0.0000,0.0000,0.0000,1.0000,0.001,,,,,,,
9,Right,12,0.0012,0.0056,0.0609,0.2752,0.0748,-0.0256,0.9581,0.001,,,,,,,
9,Right,13,0.0000,0.0000,0.0429,0.1494,0.0026,-0.0121,0.9887,0.001,,,,,,,
9,Right,14,0.0000,0.0000,0.0275,0.0169,-0.0002,-0.0453,0.9988,0.001,,,,,,,
9,Right,15,0.0003,0.0011,0.0250,0.0000,0.0000,0.0000,1.0000,0.001,,,,,,,
9,Right,16,0.0150,-0.0060,0.0348,0.0000,0.0000,0.0000,1.0000,0.001,,,,,,,
9,Right,17,0.0025,-0.0005,0.0539,0.2114,0.0764,-0.0654,0.9722,0.001,,,,,,,
9,Right,18,0.0000,0.0000,0.0390,0.1415,-0.0018,-0.0367,0.9893,0.001,,,,,,,
9,Right,19,0.0000,0.0000,0.0266,0.0617,-0.0295,-0.0075,0.9976,0.001,,,,,,,
9,Right,20,0.0003,0.0016,0.0243,0.0000,0.0000,0.0000,1.0000,0.001,,,,,,,
9,Right,21,0.0230,-0.0094,0.0341,0.0183,0.1403,-0.2070,0.9681,0.001,,,,,,,
9,Right,22,0.0000,0.0000,0.0457,0.0883,-0.0124,0.0893,0.9920,0.001,,,,,,,
9,Right,23,0.0000,0.0000,0.0307,0.1775,0.0348,-0.0537,0.9820,0.001,,,,,,,
9,Right,24,0.0000,0.0000,0.0203,0.0086,-0.0492,0.0008,0.9988,0.001,,,,,,,
9,Right,25,-0.0002,0.0012,0.0219,0.0000,0.0000,0.0000,1.0000,0.001,,,,,,,
10,Left,0,0.0024,-0.0053,0.0652,0.0000,0.0000,0.0000,1.0000,0.001,,,,,,,
10,Left,1,0.0000,0.0000,0.0000,0.0000,0.0000,0.0000,1.0000,0.001,0.3547,0.0522,0.0550,-0.0773,-0.4936,-0.8656,-0.0324
10,Left,2,0.0291,-0.0177,0.0353,-0.0644,0.3497,-0.5973,0.7189,0.001,,,,,,,
10,Left,3,0.0000,0.0000,0.0325,0.2051,-0.0516,0.0819,0.9739,0.001,,,,,,,
10,Left,4,0.0000,0.0000,0.0338,0.2342,0.0394,-0.0746,0.9685,0.001,,,,,,,
10,Left,5,-0.0007,0.0010,0.0246,0.0000,0.0000,0.0000,1.0000,0.001,,,,,,,
10,Left,6,0.0193,-0.0103,0.0368,0.0000,0.0000,0.0000,1.0000,0.001,,,,,,,
10,Left,7,0.0043,0.0030,0.0591,0.4845,0.0092,-0.0519,0.8732,0.001,,,,,,,
10,Left,8,0.0000,0.0000,0.0379,0.6743,0.0121,0.0226,0.7380,0.001,,,,,,,
10,Left,9,0.0000,0.0000,0.0243,0.4682,-0.0153,0.0168,0.8833,0.001,,,,,,,
10,Left,10,-0.0003,0.0010,0.0224,0.0000,0.0000,0.0000,1.0000,0.001,,,,,,,
10,Left,11,0.0031,-0.0081,0.0347,0.0000,0.0000,0.0000,1.0000,0.001,,,,,,,
10,Left,12,-0.0013,0.0055,0.0610,0.5489,-0.0283,0.0242,0.8350,0.001,,,,,,,
10,Left,13,0.0000,0.0000,0.0429,0.5775,0.0029,0.0129,0.8163,0.001,,,,,,,
10,Left,14,0.0000,0.0000,0.0275,0.4762,0.0203,0.0850,0.8750,0.001,,,,,,,
10,Left,15,-0.0003,0.0011,0.0250,0.0000,0.0000,0.0000,1.0000,0.001,,,,,,,
10,Left,16,-0.0150,-0.0060,0.0348,0.0000,0.0000,0.0000,1.0000,0.001,,,,,,,
10,Left,17,-0.0025,-0.0005,0.0539,0.5450,-0.0290,0.0747,0.8346,0.001,,,,,,,
10,Left,18,0.0000,0.0000,0.0390,0.6374,0.0191,0.0419,0.7692,0.001,,,,,,,
10,Left,19,0.0000,0.0000,0.0266,0.5282,0.0273,0.0287,0.8482,0.001,,,,,,,
10,Left,20,-0.0003,0.0016,0.0243,0.0000,0.0000,0.0000,1.0000,0.001,,,,,,,
10,Left,21,-0.0230,-0.0094,0.0341,0.0183,-0.1403,0.2070,0.9681,0.001,,,,,,,
10,Left,22,0.0000,0.0000,0.0457,0.4587,-0.0281,-0.0673,0.8856,0.001,,,,,,,
10,Left,23,0.0000,0.0000,0.0307,0.6618,-0.0059,0.0871,0.7446,0.001,,,,,,,
10,Left,24,0.0000,0.0000,0.0203,0.5390,0.0410,-0.0025,0.8413,0.001,,,,,,,
10,Left,25,0.0002,0.0012,0.0219,0.0000,0.0000,0.0000,1.0000,0.001,,,,,,,
10,Right,0,-0.0023,-0.0053,0.0652,0.0000,0.0000,0.0000,1.0000,0.001,,,,,,,
10,Right,1,0.0000,0.0000,0.0000,0.0000,0.0000,0.0000,1.0000,0.001,-0.0469,-0.2924,0.0844,0.2024,0.4463,0.8677,-0.0836
10,Right,2,-0.0289,-0.0181,0.0355,-0.0758,-0.3254,0.5994,0.7274,0.001,,,,,,,
10,Right,3,0.0000,0.0000,0.0325,0.2622,0.0459,-0.0809,0.9605,0.001,,,,,,,
10,Right,4,0.0000,0.0000,0.0338,0.1628,-0.0461,0.0775,0.9825,0.001,,,,,,,
10,Right,5,0.0007,0.0010,0.0246,0.0000,0.0000,0.0000,1.0000,0.001,,,,,,,
10,Right,6,-0.0192,-0.0105,0.0369,0.0000,0.0000,0.0000,1.0000,0.001,,,,,,,
10,Right,7,-0.0044,0.0032,0.0591,0.1902,0.0674,0.0260,0.9791,0.001,,,,,,,
10,Right,8,0.0000,0.0000,0.0379,0.2065,0.0017,-0.0263,0.9781,0.001,,,,,,,
10,Right,9,0.0000,0.0000,0.0243,0.0680,0.0249,-0.0167,0.9972,0.001,,,,,,,
10,Right,10,0.0003,0.0010,0.0224,0.0000,0.0000,0.0000,1.0000,0.001,,,,,,,
10,Right,11,-0.0029,-0.0081,0.0348,0.0000,0.0000,0.0000,1.0000,0.001,,,,,,,
10,Right,12,0.0012,0.0056,0.0609,0.2752,0.0748,-0.0256,0.9581,0.001,,,,,,,
10,Right,13,0.0000,0.0000,0.0429,0.1494,0.0026,-0.0121,0.9887,0.001,,,,,,,
10,Right,14,0.0000,0.0000,0.0275,0.0169,-0.0002,-0.0453,0.9988,0.001,,,,,,,
10,Right,15,0.0003,0.0011,0.0250,0.0000,0.0000,0.0000,1.0000,0.001,,,,,,,
10,Right,16,0.0150,-0.0060,0.0348,0.0000,0.0000,0.0000,1.0000,0.001,,,,,,,
10,Right,17,0.0025,-0.0005,0.0539,0.2114,0.0764,-0.0654,0.9722,0.001,,,,,,,
10,Right,18,0.0000,0.0000,0.0390,0.1415,-0.0018,-0.0367,0.9893,0.001,,,,,,,
10,Right,19,0.0000,0.0000,0.0266,0.0617,-0.0295,-0.0075,0.9976,0.001,,,,,,,
10,Right,20,0.0003,0.0016,0.0243,0.0000,0.0000,0.0000,1.0000,0.001,,,,,,,
10,Right,21,0.0230,-0.0094,0.0341,0.0183,0.1403,-0.2070,0.9681,0.001,,,,,,,
10,Right,22,0.0000,0.0000,0.0457,0.0883,-0.0124,0.0893,0.9920,0.001,,,,,,,
10,Right,23,0.0000,0.0000,0.0307,0.1775,0.0348,-0.0537,0.9820,0.001,,,,,,,
10,Right,24,0.0000,0.0000,0.0203,0.0086,-0.0492,0.0008,0.9988,0.001,,,,,,,
10,Right,25,-0.0002,0.0012,0.0219,0.0000,0.0000,0.0000,1.0000,0.001,,,,,,,
11,Left,0,0.0024,-0.0053,0.0652,0.0000,0.0000,0.0000,1.0000,0.001,,,,,,,
11,Left,1,0.0000,0.0000,0.0000,0.0000,0.0000,0.0000,1.0000,0.001,0.3547,0.0522,0.0550,-0.0773,-0.4936,-0.8656,-0.0324
11,Left,2,0.0291,-0.0177,0.0353,-0.0644,0.3497,-0.5973,0.7189,0.001,,,,,,,
11,Left,3,0.0000,0.0000,0.0325,0.2051,-0.0516,0.0819,0.9739,0.001,,,,,,,
11,Left,4,0.0000,0.0000,0.0338,0.2342,0.0394,-0.0746,0.9685,0.001,,,,,,,
11,Left,5,-0.0007,0.0010,0.0246,0.0000,0.0000,0.0000,1.0000,0.001,,,,,,,
11,Left,6,0.0193,-0.0103,0.0368,0.0000,0.0000,0.0000,1.0000,0.001,,,,,,,
11,Left,7,0.0043,0.0030,0.0591,0.4845,0.0092,-0.0519,0.8732,0.001,,,,,,,
11,Left,8,0.0000,0.0000,0.0379,0.6743,0.0121,0.0226,0.7380,0.001,,,,,,,
11,Left,9,0.0000,0.0000,0.0243,0.4682,-0.0153,0.0168,0.8833,0.001,,,,,,,
11,Left,10,-0.0003,0.0010,0.0224,0.0000,0.0000,0.0000,1.0000,0.001,,,,,,,
11,Left,11,0.0031,-0.0081,0.0347,0.0000,0.0000,0.0000,1.0000,0.001,,,,,,,
11,Left,12,-0.0013,0.0055,0.0610,0.5490,-0.0283,0.0242,0.8350,0.001,,,,,,,
11,Left,13,0.0000,0.0000,0.0429,0.5775,0.0029,0.0129,0.8163,0.001,,,,,,,
11,Left,14,0.0000,0.0000,0.0275,0.4762,0.0203,0.0850,0.8750,0.001,,,,,,,
11,Left,15,-0.0003,0.0011,0.0250,0.0000,0.0000,0.0000,1.0000,0.001,,,,,,,
11,Left,16,-0.0150,-0.0060,0.0348,0.0000,0.0000,0.0000,1.0000,0.001,,,,,,,
11,Left,17,-0.0025,-0.0005,0.0539,0.5450,-0.0290,0.0747,0.8346,0.001,,,,,,,
11,Left,18,0.0000,0.0000,0.0390,0.6374,0.0191,0.0419,0.7692,0.001,,,,,,,
11,Left,19,0.0000,0.0000,0.0266,0.5282,0.0273,0.0287,0.8482,0.001,,,,,,,
11,Left,20,-0.0003,0.0016,0.0243,0.0000,0.0000,0.0000,1.0000,0.001,,,,,,,
11,Left,21,-0.0230,-0.0094,0.0341,0.0183,-0.1403,0.2070,0.9681,0.001,,,,,,,
11,Left,22,0.0000,0.0000,0.0457,0.4587,-0.0281,-0.0673,0.8856,0.001,,,,,,,
11,Left,23,0.0000,0.0000,0.0307,0.6618,-0.0059,0.0871,0.7446,0.001,,,,,,,
11,Left,24,0.0000,0.0000,0.0203,0.5390,0.0410,-0.0025,0.8413,0.001,,,,,,,
11,Left,25,0.0002,0.0012,0.0219,0.0000,0.0000,0.0000,1.0000,0.001,,,,,,,
11,Right,0,-0.0023,-0.0053,0.0652,0.0000,0.0000,0.0000,1.0000,0.001,,,,,,,
11,Right,1,0.0000,0.0000,0.0000,0.0000,0.0000,0.0000,1.0000,0.001,-0.0469,-0.2924,0.0844,0.2024,0.4463,0.8677,-0.0836
11,Right,2,-0.0289,-0.0181,0.0355,-0.0758,-0.3254,0.5994,0.7274,0.001,,,,,,,
11,Right,3,0.0000,0.0000,0.0325,0.2622,0.0459,-0.0809,0.9605,0.001,,,,,,,
11,Right,4,0.0000,0.0000,0.0338,0.1628,-0.0461,0.0775,0.9825,0.001,,,,,,,
11,Right,5,0.0007,0.0010,0.0246,0.0000,0.0000,0.0000,1.0000,0.001,,,,,,,
11,Right,6,-0.0192,-0.0105,0.0369,0.0000,0.0000,0.0000,1.0000,0.001,,,,,,,
11,Right,7,-0.0044,0.0032,0.0591,0.1902,0.0674,0.0260,0.9791,0.001,,,,,,,
11,Right,8,0.0000,0.0000,0.0379,0.2065,0.0017,-0.0263,0.9781,0.001,,,,,,,
11,Right,9,0.0000,0.0000,0.0243,0.0680,0.0249,-0.0167,0.9972,0.001,,,,,,,
11,Right,10,0.0003,0.0010,0.0224,0.0000,0.0000,0.0000,1.0000,0.001,,,,,,,
11,Right,11,-0.0029,-0.0081,0.0348,0.0000,0.0000,0.0000,1.0000,0.001,,,,,,,
11,Right,12,0.0012,0.0056,0.0609,0.2752,0.0748,-0.0256,0.9581,0.001,,,,,,,
11,Right,13,0.0000,0.0000,0.0429,0.1494,0.0026,-0.0121,0.9887,0.001,,,,,,,
11,Right,14,0.0000,0.0000,0.0275,0.0169,-0.0002,-0.0453,0.9988,0.001,,,,,,,
11,Right,15,0.0003,0.0011,0.0250,0.0000,0.0000,0.0000,1.0000,0.001,,,,,,,
11,Right,16,0.0150,-0.0060,0.0348,0.0000,0.0000,0.0000,1.0000,0.001,,,,,,,
11,Right,17,0.0025,-0.0005,0.0539,0.2114,0.0764,-0.0654,0.9722,0.001,,,,,,,
11,Right,18,0.0000,0.0000,0.0390,0.1415,-0.0018,-0.0367,0.9893,0.001,,,,,,,
11,Right,19,0.0000,0.0000,0.0266,0.0617,-0.0295,-0.0075,0.9976,0.001,,,,,,,
11,Right,20,0.0003,0.0016,0.0243,0.0000,0.0000,0.0000,1.0000,0.001,,,,,,,
11,Right,21,0.0230,-0.0094,0.0341,0.0183,0.1403,-0.2070,0.9681,0.001,,,,,,,
11,Right,22,0.0000,0.0000,0.0457,0.0883,-0.0124,0.0893,0.9920,0.001,,,,,,,
11,Right,23,0.0000,0.0000,0.0307,0.1775,0.0348,-0.0537,0.9820,0.001,,,,,,,
11,Right,24,0.0000,0.0000,0.0203,0.0086,-0.0492,0.0008,0.9988,0.001,,,,,,,
11,Right,25,-0.0002,0.0012,0.0219,0.0000,0.0000,0.0000,1.0000,0.001,,,,,,,
12,Left,0,0.0024,-0.0053,0.0652,0.0000,0.0000,0.0000,1.0000,0.001,,,,,,,
12,Left,1,0.0000,0.0000,0.0000,0.0000,0.0000,0.0000,1.0000,0.001,0.3547,0.0522,0.0550,-0.0773,-0.4936,-0.8656,-0.0324
12,Left,2,0.0291,-0.0177,0.0353,-0.0644,0.3497,-0.5973,0.7189,0.001,,,,,,,
12,Left,3,0.0000,0.0000,0.0325,0.2051,-0.0516,0.0819,0.9739,0.001,,,,,,,
12,Left,4,0.0000,0.0000,0.0338,0.2342,0.0394,-0.0746,0.9685,0.001,,,,,,,
12,Left,5,-0.0007,0.0010,0.0246,0.0000,0.0000,0.0000,1.0000,0.001,,,,,,,
12,Left,6,0.0193,-0.0103,0.0368,0.0000,0.0000,0.0000,1.0000,0.001,,,,,,,
12,Left,7,0.0043,0.0030,0.0591,0.4846,0.0092,-0.0519,0.8732,0.001,,,,,,,
12,Left,8,0.0000,0.0000,0.0379,0.6743,0.0121,0.0226,0.7380,0.001,,,,,,,
12,Left,9,0.0000,0.0000,0.0243,0.4682,-0.0153,0.0168,0.8833,0.001,,,,,,,
12,Left,10,-0.0003,0.0010,0.0224,0.0000,0.0000,0.0000,1.0000,0.001,,,,,,,
12,Left,11,0.0031,-0.0081,0.0347,0.0000,0.0000,0.0000,1.0000,0.001,,,,,,,
12,Left,12,-0.0013,0.0055,0.0610,0.5490,-0.0283,0.0242,0.8350,0.001,,,,,,,
12,Left,13,0.0000,0.0000,0.0429,0.5775,0.0029,0.0129,0.8163,0.001,,,,,,,
12,Left,14,0.0000,0.0000,0.0275,0.4762,0.0203,0.0850,0.8750,0.001,,,,,,,
12,Left,15,-0.0003,0.0011,0.0250,0.0000,0.0000,0.0000,1.0000,0.001,,,,,,,
12,Left,16,-0.0150,-0.0060,0.0348,0.0000,0.0000,0.0000,1.0000,0.001,,,,,,,
12,Left,17,-0.0025,-0.0005,0.0539,0.5450,-0.0290,0.0747,0.8346,0.001,,,,,,,
12,Left,18,0.0000,0.0000,0.0390,0.6374,0.0191,0.0419,0.7692,0.001,,,,,,,
12,Left,19,0.0000,0.0000,0.0266,0.5282,0.0273,0.0287,0.8482,0.001,,,,,,,
12,Left,20,-0.0003,0.0016,0.0243,0.0000,0.0000,0.0000,1.0000,0.001,,,,,,,
12,Left,21,-0.0230,-0.0094,0.0341,0.0183,-0.1403,0.2070,0.9681,0.001,,,,,,,
12,Left,22,0.0000,0.0000,0.0457,0.4588,-0.0281,-0.0673,0.8856,0.001,,,,,,,
12,Left,23,0.0000,0.0000,0.0307,0.6618,-0.0059,0.0871,0.7446,0.001,,,,,,,
12,Left,24,0.0000,0.0000,0.0203,0.5391,0.0410,-0.0025,0.8413,0.001,,,,,,,
12,Left,25,0.0002,0.0012,0.0219,0.0000,0.0000,0.0000,1.0000,0.001,,,,,,,
12,Right,0,-0.0023,-0.0053,0.0652,0.0000,0.0000,0.0000,1.0000,0.001,,,,,,,
12,Right,1,0.0000,0.0000,0.0000,0.0000,0.0000,0.0000,1.0000,0.001,-0.0469,-0.2924,0.0844,0.2024,0.4463,0.8677,-0.0836
12,Right,2,-0.0289,-0.0181,0.0355,-0.0758,-0.3254,0.5994,0.7274,0.001,,,,,,,
12,Right,3,0.0000,0.0000,0.0325,0.2622,0.0459,-0.0809,0.9605,0.001,,,,,,,
12,Right,4,0.0000,0.0000,0.0338,0.1628,-0.0461,0.0775,0.9825,0.001,,,,,,,
12,Right,5,0.0007,0.0010,0.0246,0.0000,0.0000,0.0000,1.0000,0.001,,,,,,,
12,Right,6,-0.0192,-0.0105,0.0369,0.0000,0.0000,0.0000,1.0000,0.001,,,,,,,
12,Right,7,-0.0044,0.0032,0.0591,0.1902,0.0674,0.0260,0.9791,0.001,,,,,,,
12,Right,8,0.0000,0.0000,0.0379,0.2065,0.0017,-0.0263,0.9781,0.001,,,,,,,
12,Right,9,0.0000,0.0000,0.0243,0.0680,0.0249,-0.0167,0.9972,0.001,,,,,,,
12,Right,10,0.0003,0.0010,0.0224,0.0000,0.0000,0.0000,1.0000,0.001,,,,,,,
12,Right,11,-0.0029,-0.0081,0.0348,0.0000,0.0000,0.0000,1.0000,0.001,,,,,,,
12,Right,12,0.0012,0.0056,0.0609,0.2752,0.0748,-0.0256,0.9581,0.001,,,,,,,
12,Right,13,0.0000,0.0000,0.0429,0.1494,0.0026,-0.0121,0.9887,0.001,,,,,,,
12,Right,14,0.0000,0.0000,0.0275,0.0169,-0.0002,-0.0453,0.9988,0.001,,,,,,,
12,Right,15,0.0003,0.0011,0.0250,0.0000,0.0000,0.0000,1.0000,0.001,,,,,,,
12,Right,16,0.0150,-0.0060,0.0348,0.0000,0.0000,0.0000,1.0000,0.001,,,,,,,
12,Right,17,0.0025,-0.0005,0.0539,0.2114,0.0764,-0.0654,0.9722,0.001,,,,,,,
12,Right,18,0.0000,0.0000,0.0390,0.1415,-0.0018,-0.0367,0.9893,0.001,,,,,,,
12,Right,19,0.0000,0.0000,0.0266,0.0617,-0.0295,-0.0075,0.9976,0.001,,,,,,,
12,Right,20,0.0003,0.0016,0.0243,0.0000,0.0000,0.0000,1.0000,0.001,,,,,,,
12,Right,21,0.0230,-0.0094,0.0341,0.0183,0.1403,-0.2070,0.9681,0.001,,,,,,,
12,Right,22,0.0000,0.0000,0.0457,0.0883,-0.0124,0.0893,0.9920,0.001,,,,,,,
12,Right,23,0.0000,0.0000,0.0307,0.1775,0.0348,-0.0537,0.9820,0.001,,,,,,,
12,Right,24,0.0000,0.0000,0.0203,0.0086,-0.0492,0.0008,0.9988,0.001,,,,,,,
12,Right,25,-0.0002,0.0012,0.0219,0.0000,0.0000,0.0000,1.0000,0.001,,,,,,,
13,Left,0,0.0024,-0.0053,0.0652,0.0000,0.0000,0.0000,1.0000,0.001,,,,,,,
13,Left,1,0.0000,0.0000,0.0000,0.0000,0.0000,0.0000,1.0000,0.001,0.3547,0.0522,0.0550,-0.0773,-0.4936,-0.8656,-0.0324
13,Left,2,0.0291,-0.0177,0.0353,-0.0644,0.3497,-0.5973,0.7189,0.001,,,,,,,
13,Left,3,0.0000,0.0000,0.0325,0.2051,-0.0516,0.0819,0.9739,0.001,,,,,,,
13,Left,4,0.0000,0.0000,0.0338,0.2342,0.0394,-0.0746,0.9685,0.001,,,,,,,
13,Left,5,-0.0007,0.0010,0.0246,0.0000,0.0000,0.0000,1.0000,0.001,,,,,,,
13,Left,6,0.0193,-0.0103,0.0368,0.0000,0.0000,0.0000,1.0000,0.001,,,,,,,
13,Left,7,0.0043,0.0030,0.0591,0.4846,0.0092,-0.0519,0.8732,0.001,,,,,,,
13,Left,8,0.0000,0.0000,0.0379,0.6743,0.0121,0.0226,0.7380,0.001,,,,,,,
13,Left,9,0.0000,0.0000,0.0243,0.4682,-0.0153,0.0168,0.8833,0.001,,,,,,,
13,Left,10,-0.0003,0.0010,0.0224,0.0000,0.0000,0.0000,1.0000,0.001,,,,,,,
13,Left,11,0.0031,-0.0081,0.0347,0.0000,0.0000,0.0000,1.0000,0.001,,,,,,,
13,Left,12,-0.0013,0.0055,0.0610,0.5490,-0.0283,0.0242,0.8350,0.001,,,,,,,
13,Left,13,0.0000,0.0000,0.0429,0.5775,0.0029,0.0129,0.8163,0.001,,,,,,,
13,Left,14,0.0000,0.0000,0.0275,0.4762,0.0203,0.0850,0.8750,0.001,,,,,,,
13,Left,15,-0.0003,0.0011,0.0250,0.0000,0.0000,0.0000,1.0000,0.001,,,,,,,
13,Left,16,-0.0150,-0.0060,0.0348,0.0000,0.0000,0.0000,1.0000,0.001,,,,,,,
13,Left,17,-0.0025,-0.0005,0.0539,0.5450,-0.0290,0.0747,0.8346,0.001,,,,,,,
13,Left,18,0.0000,0.0000,0.0390,0.6374,0.0191,0.0419,0.7692,0.001,,,,,,,
13,Left,19,0.0000,0.0000,0.0266,0.5282,0.0273,0.0287,0.8482,0.001,,,,,,,
13,Left,20,-0.0003,0.0016,0.0243,0.0000,0.0000,0.0000,1.0000,0.001,,,,,,,
13,Left,21,-0.0230,-0.0094,0.0341,0.0183,-0.1403,0.2070,0.9681,0.001,,,,,,,
13,Left,22,0.0000,0.0000,0.0457,0.4588,-0.0281,-0.0673,0.8856,0.001,,,,,,,
13,Left,23,0.0000,0.0000,0.0307,0.6618,-0.0059,0.0871,0.7446,0.001,,,,,,,
13,Left,24,0.0000,0.0000,0.0203,0.5391,0.0410,-0.0025,0.8413,0.001,,,,,,,
13,Left,25,0.0002,0.0012,0.0219,0.0000,0.0000,0.0000,1.0000,0.001,,,,,,,
13,Right,0,-0.0023,-0.0053,0.0652,0.0000,0.0000,0.0000,1.0000,0.001,,,,,,,
13,Right,1,0.0000,0.0000,0.0000,0.0000,0.0000,0.0000,1.0000,0.001,-0.0469,-0.2924,0.0844,0.2024,0.4463,0.8677,-0.0836
13,Right,2,-0.0289,-0.0181,0.0355,-0.0758,-0.3254,0.5994,0.7274,0.001,,,,,,,
13,Right,3,0.0000,0.0000,0.0325,0.2622,0.0459,-0.0809,0.9605,0.001,,,,,,,
13,Right,4,0.0000,0.0000,0.0338,0.1628,-0.0461,0.0775,0.9825,0.001,,,,,,,
13,Right,5,0.0007,0.0010,0.0246,0.0000,0.0000,0.0000,1.0000,0.001,,,,,,,
13,Right,6,-0.0192,-0.0105,0.0369,0.0000,0.0000,0.0000,1.0000,0.001,,,,,,,
13,Right,7,-0.0044,0.0032,0.0591,0.1902,0.0674,0.0260,0.9791,0.001,,,,,,,
13,Right,8,0.0000,0.0000,0.0379,0.2065,0.0017,-0.0263,0.9781,0.001,,,,,,,
13,Right,9,0.0000,0.0000,0.0243,0.0680,0.0249,-0.0167,0.9972,0.001,,,,,,,
13,Right,10,0.0003,0.0010,0.0224,0.0000,0.0000,0.0000,1.0000,0.001,,,,,,,
13,Right,11,-0.0029,-0.0081,0.0348,0.0000,0.0000,0.0000,1.0000,0.001,,,,,,,
13,Right,12,0.0012,0.0056,0.0609,0.2752,0.0748,-0.0256,0.9581,0.001,,,,,,,
13,Right,13,0.0000,0.0000,0.0429,0.1494,0.0026,-0.0121,0.9887,0.001,,,,,,,
13,Right,14,0.0000,0.0000,0.0275,0.0169,-0.0002,-0.0453,0.9988,0.001,,,,,,,
13,Right,15,0.0003,0.0011,0.0250,0.0000,0.0000,0.0000,1.0000,0.001,,,,,,,
13,Right,16,0.0150,-0.0060,0.0348,0.0000,0.0000,0.0000,1.0000,0.001,,,,,,,
13,Right,17,0.0025,-0.0005,0.0539,0.2114,0.0764,-0.0654,0.9722,0.001,,,,,,,
13,Right,18,0.0000,0.0000,0.0390,0.1415,-0.0018,-0.0367,0.9893,0.001,,,,,,,
13,Right,19,0.0000,0.0000,0.0266,0.0617,-0.0295,-0.0075,0.9976,0.001,,,,,,,
13,Right,20,0.0003,0.0016,0.0243,0.0000,0.0000,0.0000,1.0000,0.001,,,,,,,
13,Right,21,0.0230,-0.0094,0.0341,0.0183,0.1403,-0.2070,0.9681,0.001,,,,,,,
13,Right,22,0.0000,0.0000,0.0457,0.0883,-0.0124,0.0893,0.9920,0.001,,,,,,,
13,Right,23,0.0000,0.0000,0.0307,0.1775,0.0348,-0.0537,0.9820,0.001,,,,,,,
13,Right,24,0.0000,0.0000,0.0203,0.0086,-0.0492,0.0008,0.9988,0.001,,,,,,,
13,Right,25,-0.0002,0.0012,0.0219,0.0000,0.0000,0.0000,1.0000,0.001,,,,,,,
14,Left,0,0.0024,-0.0053,0.0652,0.0000,0.0000,0.0000,1.0000,0.001,,,,,,,
14,Left,1,0.0000,0.0000,0.0000,0.0000,0.0000,0.0000,1.0000,0.001,0.3547,0.0522,0.0550,-0.0773,-0.4936,-0.8656,-0.0324
14,Left,2,0.0291,-0.0177,0.0353,-0.0644,0.3497,-0.5973,0.7189,0.001,,,,,,,
14,Left,3,0.0000,0.0000,0.0325,0.2051,-0.0516,0.0819,0.9739,0.001,,,,,,,
14,Left,4,0.0000,0.0000,0.0338,0.2342,0.0394,-0.0746,0.9685,0.001,,,,,,,
14,Left,5,-0.0007,0.0010,0.0246,0.0000,0.0000,0.0000,1.0000,0.001,,,,,,,
14,Left,6,0.0193,-0.0103,0.0368,0.0000,0.0000,0.0000,1.0000,0.001,,,,,,,
14,Left,7,0.0043,0.0030,0.0591,0.4846,0.0092,-0.0519,0.8732,0.001,,,,,,,
14,Left,8,0.0000,0.0000,0.0379,0.6743,0.0121,0.0226,0.7380,0.001,,,,,,,
14,Left,9,0.0000,0.0000,0.0243,0.4682,-0.0153,0.0168,0.8833,0.001,,,,,,,
14,Left,10,-0.0003,0.0010,0.0224,0.0000,0.0000,0.0000,1.0000,0.001,,,,,,,
14,Left,11,0.0031,-0.0081,0.0347,0.0000,0.0000,0.0000,1.0000,0.001,,,,,,,
14,Left,12,-0.0013,0.0055,0.0610,0.5490,-0.0283,0.0242,0.8350,0.001,,,,,,,
14,Left,13,0.0000,0.0000,0.0429,0.5775,0.0029,0.0129,0.8163,0.001,,,,,,,
14,Left,14,0.0000,0.0000,0.0275,0.4762,0.0203,0.0850,0.8750,0.001,,,,,,,
14,Left,15,-0.0003,0.0011,0.0250,0.0000,0.0000,0.0000,1.0000,0.001,,,,,,,
14,Left,16,-0.0150,-0.0060,0.0348,0.0000,0.0000,0.0000,1.0000,0.001,,,,,,,
14,Left,17,-0.0025,-0.0005,0.0539,0.5450,-0.0290,0.0747,0.8346,0.001,,,,,,,
14,Left,18,0.0000,0.0000,0.0390,0.6374,0.0191,0.0419,0.7692,0.001,,,,,,,
14,Left,19,0.0000,0.0000,0.0266,0.5282,0.0273,0.0287,0.8482,0.001,,,,,,,
14,Left,20,-0.0003,0.0016,0.0243,0.0000,0.0000,0.0000,1.0000,0.001,,,,,,,
14,Left,21,-0.0230,-0.0094,0.0341,0.0183,-0.1403,0.2070,0.9681,0.001,,,,,,,
14,Left,22,0.0000,0.0000,0.0457,0.4588,-0.0281,-0.0673,0.8856,0.001,,,,,,,
14,Left,23,0.0000,0.0000,0.0307,0.6618,-0.0059,0.0871,0.7446,0.001,,,,,,,
14,Left,24,0.0000,0.0000,0.0203,0.5391,0.0410,-0.0025,0.8413,0.001,,,,,,,
14,Left,25,0.0002,0.0012,0.0219,0.0000,0.0000,0.0000,1.0000,0.001,,,,,,,
14,Right,0,-0.0023,-0.0053,0.0652,0.0000,0.0000,0.0000,1.0000,0.001,,,,,,,
14,Right,1,0.0000,0.0000,0.0000,0.0000,0.0000,0.0000,1.0000,0.001,-0.0469,-0.2924,0.0844,0.2024,0.4463,0.8677,-0.0836
14,Right,2,-0.0289,-0.0181,0.0355,-0.0758,-0.3254,0.5994,0.7274,0.001,,,,,,,
14,Right,3,0.0000,0.0000,0.0325,0.2622,0.0459,-0.0809,0.9605,0.001,,,,,,,
14,Right,4,0.0000,0.0000,0.0338,0.1628,-0.0461,0.0775,0.9825,0.001,,,,,,,
14,Right,5,0.0007,0.0010,0.0246,0.0000,0.0000,0.0000,1.0000,0.001,,,,,,,
14,Right,6,-0.0192,-0.0105,0.0369,0.0000,0.0000,0.0000,1.0000,0.001,,,,,,,
14,Right,7,-0.0044,0.0032,0.0591,0.1902,0.0674,0.0260,0.9791,0.001,,,,,,,
14,Right,8,0.0000,0.0000,0.0379,0.2065,0.0017,-0.0263,0.9781,0.001,,,,,,,
14,Right,9,0.0000,0.0000,0.0243,0.0680,0.0249,-0.0167,0.9972,0.001,,,,,,,
14,Right,10,0.0003,0.0010,0.0224,0.0000,0.0000,0.0000,1.0000,0.001,,,,,,,
14,Right,11,-0.0029,-0.0081,0.0348,0.0000,0.0000,0.0000,1.0000,0.001,,,,,,,
14,Right,12,0.0012,0.0056,0.0609,0.2752,0.0748,-0.0256,0.9581,0.001,,,,,,,
14,Right,13,0.0000,0.0000,0.0429,0.1494,0.0026,-0.0121,0.9887,0.001,,,,,,,
14,Right,14,0.0000,0.0000,0.0275,0.0169,-0.0002,-0.0453,0.9988,0.001,,,,,,,
14,Right,15,0.0003,0.0011,0.0250,0.0000,0.0000,0.0000,1.0000,0.001,,,,,,,
14,Right,16,0.0150,-0.0060,0.0348,0.0000,0.0000,0.0000,1.0000,0.001,,,,,,,
14,Right,17,0.0025,-0.0005,0.0539,0.2114,0.0764,-0.0654,0.9722,0.001,,,,,,,
14,Right,18,0.0000,0.0000,0.0390,0.1415,-0.0018,-0.0367,0.9893,0.001,,,,,,,
14,Right,19,0.0000,0.0000,0.0266,0.0617,-0.0295,-0.0075,0.9976,0.001,,,,,,,
14,Right,20,0.0003,0.0016,0.0243,0.0000,0.0000,0.0000,1.0000,0.001,,,,,,,
14,Right,21,0.0230,-0.0094,0.0341,0.0183,0.1403,-0.2070,0.9681,0.001,,,,,,,
14,Right,22,0.0000,0.0000,0.0457,0.0883,-0.0124,0.0893,0.9920,0.001,,,,,,,
14,Right,23,0.0000,0.0000,0.0307,0.1775,0.0348,-0.0537,0.9820,0.001,,,,,,,
14,Right,24,0.0000,0.0000,0.0203,0.0086,-0.0492,0.0008,0.9988,0.001,,,,,,,
14,Right,25,-0.0002,0.0012,0.0219,0.0000,0.0000,0.0000,1.0000,0.001,,,,,,,
15,Left,0,0.0024,-0.0053,0.0652,0.0000,0.0000,0.0000,1.0000,0.001,,,,,,,
15,Left,1,0.0000,0.0000,0.0000,0.0000,0.0000,0.0000,1.0000,0.001,0.3547,0.0522,0.0550,-0.0773,-0.4936,-0.8656,-0.0324
15,Left,2,0.0291,-0.0177,0.0353,-0.0644,0.3497,-0.5973,0.7189,0.001,,,,,,,
15,Left,3,0.0000,0.0000,0.0325,0.2051,-0.0516,0.0819,0.9739,0.001,,,,,,,
15,Left,4,0.0000,0.0000,0.0338,0.2342,0.0394,-0.0746,0.9685,0.001,,,,,,,
15,Left,5,-0.0007,0.0010,0.0246,0.0000,0.0000,0.0000,1.0000,0.001,,,,,,,
15,Left,6,0.0193,-0.0103,0.0368,0.0000,0.0000,0.0000,1.0000,0.001,,,,,,,
15,Left,7,0.0043,0.0030,0.0591,0.4846,0.0092,-0.0519,0.8732,0.001,,,,,,,
15,Left,8,0.0000,0.0000,0.0379,0.6743,0.0121,0.0226,0.7380,0.001,,,,,,,
15,Left,9,0.0000,0.0000,0.0243,0.4682,-0.0153,0.0168,0.8833,0.001,,,,,,,
15,Left,10,-0.0003,0.0010,0.0224,0.0000,0.0000,0.0000,1.0000,0.001,,,,,,,
15,Left,11,0.0031,-0.0081,0.0347,0.0000,0.0000,0.0000,1.0000,0.001,,,,,,,
15,Left,12,-0.0013,0.0055,0.0610,0.5490,-0.0283,0.0242,0.8350,0.001,,,,,,,
15,Left,13,0.0000,0.0000,0.0429,0.5775,0.0029,0.0129,0.8163,0.001,,,,,,,
15,Left,14,0.0000,0.0000,0.0275,0.4763,0.0203,0.0850,0.8750,0.001,,,,,,,
15,Left,15,-0.0003,0.0011,0.0250,0.0000,0.0000,0.0000,1.0000,0.001,,,,,,,
15,Left,16,-0.0150,-0.0060,0.0348,0.0000,0.0000,0.0000,1.0000,0.001,,,,,,,
15,Left,17,-0.0025,-0.0005,0.0539,0.5450,-0.0290,0.0747,0.8346,0.001,,,,,,,
15,Left,18,0.0000,0.0000,0.0390,0.6374,0.0191,0.0419,0.7691,0.001,,,,,,,
15,Left,19,0.0000,0.0000,0.0266,0.5282,0.0273,0.0287,0.8482,0.001,,,,,,,
15,Left,20,-0.0003,0.0016,0.0243,0.0000,0.0000,0.0000,1.0000,0.001,,,,,,,
15,Left,21,-0.0230,-0.0094,0.0341,0.0183,-0.1403,0.2070,0.9681,0.001,,,,,,,
15,Left,22,0.0000,0.0000,0.0457,0.4588,-0.0281,-0.0673,0.8855,0.001,,,,,,,
15,Left,23,0.0000,0.0000,0.0307,0.6618,-0.0059,0.0871,0.7446,0.001,,,,,,,
15,Left,24,0.0000,0.0000,0.0203,0.5391,0.0410,-0.0025,0.8413,0.001,,,,,,,
15,Left,25,0.0002,0.0012,0.0219,0.0000,0.0000,0.0000,1.0000,0.001,,,,,,,
15,Right,0,-0.0023,-0.0053,0.0652,0.0000,0.0000,0.0000,1.0000,0.001,,,,,,,
15,Right,1,0.0000,0.0000,0.0000,0.0000,0.0000,0.0000,1.0000,0.001,-0.0469,-0.2924,0.0844,0.2024,0.4463,0.8677,-0.0836
15,Right,2,-0.0289,-0.0181,0.0355,-0.0758,-0.3254,0.5994,0.7274,0.001,,,,,,,
15,Right,3,0.0000,0.0000,0.0325,0.2622,0.0459,-0.0809,0.9605,0.001,,,,,,,
15,Right,4,0.0000,0.0000,0.0338,0.1628,-0.0461,0.0775,0.9825,0.001,,,,,,,
15,Right,5,0.0007,0.0010,0.0246,0.0000,0.0000,0.0000,1.0000,0.001,,,,,,,
15,Right,6,-0.0192,-0.0105,0.0369,0.0000,0.0000,0.0000,1.0000,0.001,,,,,,,
15,Right,7,-0.0044,0.0032,0.0591,0.1902,0.0674,0.0260,0.9791,0.001,,,,,,,
15,Right,8,0.0000,0.0000,0.0379,0.2065,0.0017,-0.0263,0.9781,0.001,,,,,,,
15,Right,9,0.0000,0.0000,0.0243,0.0680,0.0249,-0.0167,0.9972,0.001,,,,,,,
15,Right,10,0.0003,0.0010,0.0224,0.0000,0.0000,0.0000,1.0000,0.001,,,,,,,
15,Right,11,-0.0029,-0.0081,0.0348,0.0000,0.0000,0.0000,1.0000,0.001,,,,,,,
15,Right,12,0.0012,0.0056,0.0609,0.2752,0.0748,-0.0256,0.9581,0.001,,,,,,,
15,Right,13,0.0000,0.0000,0.0429,0.1494,0.0026,-0.0121,0.9887,0.001,,,,,,,
15,Right,14,0.0000,0.0000,0.0275,0.0169,-0.0002,-0.0453,0.9988,0.001,,,,,,,
15,Right,15,0.0003,0.0011,0.0250,0.0000,0.0000,0.0000,1.0000,0.001,,,,,,,
15,Right,16,0.0150,-0.0060,0.0348,0.0000,0.0000,0.0000,1.0000,0.001,,,,,,,
15,Right,17,0.0025,-0.0005,0.0539,0.2114,0.0764,-0.0654,0.9722,0.001,,,,,,,
15,Right,18,0.0000,0.0000,0.0390,0.1415,-0.0018,-0.0367,0.9893,0.001,,,,,,,
15,Right,19,0.0000,0.0000,0.0266,0.0617,-0.0295,-0.0075,0.9976,0.001,,,,,,,
15,Right,20,0.0003,0.0016,0.0243,0.0000,0.0000,0.0000,1.0000,0.001,,,,,,,
15,Right,21,0.0230,-0.0094,0.0341,0.0183,0.1403,-0.2070,0.9681,0.001,,,,,,,
15,Right,22,0.0000,0.0000,0.0457,0.0883,-0.0124,0.0893,0.9920,0.001,,,,,,,
15,Right,23,0.0000,0.0000,0.0307,0.1775,0.0348,-0.0537,0.9820,0.001,,,,,,,
15,Right,24,0.0000,0.0000,0.0203,0.0086,-0.0492,0.0008,0.9988,0.001,,,,,,,
15,Right,25,-0.0002,0.0012,0.0219,0.0000,0.0000,0.0000,1.0000,0.001,,,,,,,
16,Left,0,0.0024,-0.0053,0.0652,0.0000,0.0000,0.0000,1.0000,0.002,,,,,,,
16,Left,1,0.0000,0.0000,0.0000,0.0000,0.0000,0.0000,1.0000,0.002,0.3547,0.0522,0.0550,-0.0773,-0.4936,-0.8656,-0.0324
16,Left,2,0.0291,-0.0177,0.0353,-0.0644,0.3497,-0.5973,0.7189,0.002,,,,,,,
16,Left,3,0.0000,0.0000,0.0325,0.2051,-0.0516,0.0819,0.9739,0.002,,,,,,,
16,Left,4,0.0000,0.0000,0.0338,0.2342,0.0394,-0.0746,0.9685,0.002,,,,,,,
16,Left,5,-0.0007,0.0010,0.0246,0.0000,0.0000,0.0000,1.0000,0.002,,,,,,,
16,Left,6,0.0193,-0.0103,0.0368,0.0000,0.0000,0.0000,1.0000,0.002,,,,,,,
16,Left,7,0.0043,0.0030,0.0591,0.4846,0.0092,-0.0519,0.8732,0.002,,,,,,,
16,Left,8,0.0000,0.0000,0.0379,0.6743,0.0121,0.0226,0.7380,0.002,,,,,,,
16,Left,9,0.0000,0.0000,0.0243,0.4682,-0.0153,0.0168,0.8833,0.002,,,,,,,
16,Left,10,-0.0003,0.0010,0.0224,0.0000,0.0000,0.0000,1.0000,0.002,,,,,,,
16,Left,11,0.0031,-0.0081,0.0347,0.0000,0.0000,0.0000,1.0000,0.002,,,,,,,
16,Left,12,-0.0013,0.0055,0.0610,0.5490,-0.0283,0.0242,0.8350,0.002,,,,,,,
16,Left,13,0.0000,0.0000,0.0429,0.5775,0.0029,0.0129,0.8163,0.002,,,,,,,
16,Left,14,0.0000,0.0000,0.0275,0.4763,0.0203,0.0850,0.8749,0.002,,,,,,,
16,Left,15,-0.0003,0.0011,0.0250,0.0000,0.0000,0.0000,1.0000,0.002,,,,,,,
16,Left,16,-0.0150,-0.0060,0.0348,0.0000,0.0000,0.0000,1.0000,0.002,,,,,,,
16,Left,17,-0.0025,-0.0005,0.0539,0.5450,-0.0290,0.0747,0.8346,0.002,,,,,,,
16,Left,18,0.0000,0.0000,0.0390,0.6374,0.0191,0.0419,0.7691,0.002,,,,,,,
16,Left,19,0.0000,0.0000,0.0266,0.5282,0.0273,0.0287,0.8482,0.002,,,,,,,
16,Left,20,-0.0003,0.0016,0.0243,0.0000,0.0000,0.0000,1.0000,0.002,,,,,,,
16,Left,21,-0.0230,-0.0094,0.0341,0.0183,-0.1403,0.2070,0.9681,0.002,,,,,,,
16,Left,22,0.0000,0.0000,0.0457,0.4588,-0.0281,-0.0673,0.8855,0.002,,,,,,,
16,Left,23,0.0000,0.0000,0.0307,0.6618,-0.0059,0.0871,0.7445,0.002,,,,,,,
16,Left,24,0.0000,0.0000,0.0203,0.5391,0.0410,-0.0025,0.8413,0.002,,,,,,,
16,Left,25,0.0002,0.0012,0.0219,0.0000,0.0000,0.0000,1.0000,0.002,,,,,,,
16,Right,0,-0.0023,-0.0053,0.0652,0.0000,0.0000,0.0000,1.0000,0.002,,,,,,,
16,Right,1,0.0000,0.0000,0.0000,0.0000,0.0000,0.0000,1.0000,0.002,-0.0469,-0.2924,0.0844,0.2024,0.4463,0.8677,-0.0836
16,Right,2,-0.0289,-0.0181,0.0355,-0.0757,-0.3254,0.5994,0.7274,0.002,,,,,,,
16,Right,3,0.0000,0.0000,0.0325,0.2622,0.0459,-0.0809,0.9605,0.002,,,,,,,
16,Right,4,0.0000,0.0000,0.0338,0.1628,-0.0461,0.0775,0.9825,0.002,,,,,,,
16,Right,5,0.0007,0.0010,0.0246,0.0000,0.0000,0.0000,1.0000,0.002,,,,,,,
16,Right,6,-0.0192,-0.0105,0.0369,0.0000,0.0000,0.0000,1.0000,0.002,,,,,,,
16,Right,7,-0.0044,0.0032,0.0591,0.1902,0.0674,0.0260,0.9791,0.002,,,,,,,
16,Right,8,0.0000,0.0000,0.0379,0.2065,0.0017,-0.0263,0.9781,0.002,,,,,,,
16,Right,9,0.0000,0.0000,0.0243,0.0680,0.0249,-0.0167,0.9972,0.002,,,,,,,
16,Right,10,0.0003,0.0010,0.0224,0.0000,0.0000,0.0000,1.0000,0.002,,,,,,,
16,Right,11,-0.0029,-0.0081,0.0348,0.0000,0.0000,0.0000,1.0000,0.002,,,,,,,
16,Right,12,0.0012,0.0056,0.0609,0.2752,0.0748,-0.0256,0.9581,0.002,,,,,,,
16,Right,13,0.0000,0.0000,0.0429,0.1494,0.0026,-0.0121,0.9887,0.002,,,,,,,
16,Right,14,0.0000,0.0000,0.0275,0.0169,-0.0002,-0.0453,0.9988,0.002,,,,,,,
16,Right,15,0.0003,0.0011,0.0250,0.0000,0.0000,0.0000,1.0000,0.002,,,,,,,
16,Right,16,0.0150,-0.0060,0.0348,0.0000,0.0000,0.0000,1.0000,0.002,,,,,,,
16,Right,17,0.0025,-0.0005,0.0539,0.2114,0.0764,-0.0654,0.9722,0.002,,,,,,,
16,Right,18,0.0000,0.0000,0.0390,0.1415,-0.0018,-0.0367,0.9893,0.002,,,,,,,
16,Right,19,0.0000,0.0000,0.0266,0.0617,-0.0295,-0.0075,0.9976,0.002,,,,,,,
16,Right,20,0.0003,0.0016,0.0243,0.0000,0.0000,0.0000,1.0000,0.002,,,,,,,
16,Right,21,0.0230,-0.0094,0.0341,0.0183,0.1403,-0.2070,0.9681,0.002,,,,,,,
16,Right,22,0.0000,0.0000,0.0457,0.0883,-0.0124,0.0893,0.9920,0.002,,,,,,,
16,Right,23,0.0000,0.0000,0.0307,0.1775,0.0348,-0.0537,0.9820,0.002,,,,,,,
16,Right,24,0.0000,0.0000,0.0203,0.0086,-0.0492,0.0008,0.9988,0.002,,,,,,,
16,Right,25,-0.0002,0.0012,0.0219,0.0000,0.0000,0.0000,1.0000,0.002,,,,,,,
17,Left,0,0.0024,-0.0053,0.0652,0.0000,0.0000,0.0000,1.0000,0.002,,,,,,,
17,Left,1,0.0000,0.0000,0.0000,0.0000,0.0000,0.0000,1.0000,0.002,0.3547,0.0522,0.0550,-0.0773,-0.4936,-0.8656,-0.0324
17,Left,2,0.0291,-0.0177,0.0353,-0.0644,0.3497,-0.5973,0.7189,0.002,,,,,,,
17,Left,3,0.0000,0.0000,0.0325,0.2051,-0.0516,0.0819,0.9739,0.002,,,,,,,
17,Left,4,0.0000,0.0000,0.0338,0.2342,0.0394,-0.0746,0.9685,0.002,,,,,,,
17,Left,5,-0.0007,0.0010,0.0246,0.0000,0.0000,0.0000,1.0000,0.002,,,,,,,
17,Left,6,0.0193,-0.0103,0.0368,0.0000,0.0000,0.0000,1.0000,0.002,,,,,,,
17,Left,7,0.0043,0.0030,0.0591,0.4846,0.0092,-0.0519,0.8732,0.002,,,,,,,
17,Left,8,0.0000,0.0000,0.0379,0.6743,0.0121,0.0226,0.7380,0.002,,,,,,,
17,Left,9,0.0000,0.0000,0.0243,0.4682,-0.0153,0.0168,0.8833,0.002,,,,,,,
17,Left,10,-0.0003,0.0010,0.0224,0.0000,0.0000,0.0000,1.0000,0.002,,,,,,,
17,Left,11,0.0031,-0.0081,0.0347,0.0000,0.0000,0.0000,1.0000,0.002,,,,,,,
17,Left,12,-0.0013,0.0055,0.0610,0.5490,-0.0283,0.0242,0.8350,0.002,,,,,,,
17,Left,13,0.0000,0.0000,0.0429,0.5775,0.0029,0.0129,0.8163,0.002,,,,,,,
17,Left,14,0.0000,0.0000,0.0275,0.4763,0.0203,0.0850,0.8749,0.002,,,,,,,
17,Left,15,-0.0003,0.0011,0.0250,0.0000,0.0000,0.0000,1.0000,0.002,,,,,,,
17,Left,16,-0.0150,-0.0060,0.0348,0.0000,0.0000,0.0000,1.0000,0.002,,,,,,,
17,Left,17,-0.0025,-0.0005,0.0539,0.5450,-0.0290,0.0747,0.8346,0.002,,,,,,,
17,Left,18,0.0000,0.0000,0.0390,0.6374,0.0191,0.0419,0.7691,0.002,,,,,,,
17,Left,19,0.0000,0.0000,0.0266,0.5282,0.0273,0.0287,0.8482,0.002,,,,,,,
17,Left,20,-0.0003,0.0016,0.0243,0.0000,0.0000,0.0000,1.0000,0.002,,,,,,,
17,Left,21,-0.0230,-0.0094,0.0341,0.0183,-0.1403,0.2070,0.9681,0.002,,,,,,,
17,Left,22,0.0000,0.0000,0.0457,0.4588,-0.0281,-0.0673,0.8855,0.002,,,,,,,
17,Left,23,0.0000,0.0000,0.0307,0.6618,-0.0059,0.0871,0.7445,0.002,,,,,,,
17,Left,24,0.0000,0.0000,0.0203,0.5391,0.0410,-0.0025,0.8413,0.002,,,,,,,
17,Left,25,0.0002,0.0012,0.0219,0.0000,0.0000,0.0000,1.0000,0.002,,,,,,,
17,Right,0,-0.0023,-0.0053,0.0652,0.0000,0.0000,0.0000,1.0000,0.002,,,,,,,
17,Right,1,0.0000,0.0000,0.0000,0.0000,0.0000,0.0000,1.0000,0.002,-0.0469,-0.2924,0.0844,0.2024,0.4463,0.8677,-0.0836
17,Right,2,-0.0289,-0.0181,0.0355,-0.0757,-0.3254,0.5994,0.7274,0.002,,,,,,,
17,Right,3,0.0000,0.0000,0.0325,0.2622,0.0459,-0.0809,0.9605,0.002,,,,,,,
17,Right,4,0.0000,0.0000,0.0338,0.1628,-0.0461,0.0775,0.9825,0.002,,,,,,,
17,Right,5,0.0007,0.0010,0.0246,0.0000,0.0000,0.0000,1.0000,0.002,,,,,,,
17,Right,6,-0.0192,-0.0105,0.0369,0.0000,0.0000,0.0000,1.0000,0.002,,,,,,,
17,Right,7,-0.0044,0.0032,0.0591,0.1902,0.0674,0.0260,0.9791,0.002,,,,,,,
17,Right,8,0.0000,0.0000,0.0379,0.2065,0.0017,-0.0263,0.9781,0.002,,,,,,,
17,Right,9,0.0000,0.0000,0.0243,0.0680,0.0249,-0.0167,0.9972,0.002,,,,,,,
17,Right,10,0.0003,0.0010,0.0224,0.0000,0.0000,0.0000,1.0000,0.002,,,,,,,
17,Right,11,-0.0029,-0.0081,0.0348,0.0000,0.0000,0.0000,1.0000,0.002,,,,,,,
17,Right,12,0.0012,0.0056,0.0609,0.2752,0.0748,-0.0256,0.9581,0.002,,,,,,,
17,Right,13,0.0000,0.0000,0.0429,0.1494,0.0026,-0.0121,0.9887,0.002,,,,,,,
17,Right,14,0.0000,0.0000,0.0275,0.0169,-0.0002,-0.0453,0.9988,0.002,,,,,,,
17,Right,15,0.0003,0.0011,0.0250,0.0000,0.0000,0.0000,1.0000,0.002,,,,,,,
17,Right,16,0.0150,-0.0060,0.0348,0.0000,0.0000,0.0000,1.0000,0.002,,,,,,,
17,Right,17,0.0025,-0.0005,0.0539,0.2114,0.0764,-0.0654,0.9722,0.002,,,,,,,
17,Right,18,0.0000,0.0000,0.0390,0.1415,-0.0018,-0.0367,0.9893,0.002,,,,,,,
17,Right,19,0.0000,0.0000,0.0266,0.0617,-0.0295,-0.0075,0.9976,0.002,,,,,,,
17,Right,20,0.0003,0.0016,0.0243,0.0000,0.0000,0.0000,1.0000,0.002,,,,,,,
17,Right,21,0.0230,-0.0094,0.0341,0.0183,0.1403,-0.2070,0.9681,0.002,,,,,,,
17,Right,22,0.0000,0.0000,0.0457,0.0883,-0.0124,0.0893,0.9920,0.002,,,,,,,
17,Right,23,0.0000,0.0000,0.0307,0.1775,0.0348,-0.0537,0.9820,0.002,,,,,,,
17,Right,24,0.0000,0.0000,0.0203,0.0086,-0.0492,0.0008,0.9988,0.002,,,,,,,
17,Right,25,-0.0002,0.0012,0.0219,0.0000,0.0000,0.0000,1.0000,0.002,,,,,,,
18,Left,0,0.0024,-0.0053,0.0652,0.0000,0.0000,0.0000,1.0000,0.002,,,,,,,
18,Left,1,0.0000,0.0000,0.0000,0.0000,0.0000,0.0000,1.0000,0.002,0.3546,0.0522,0.0549,-0.0773,-0.4936,-0.8656,-0.0324
18,Left,2,0.0291,-0.0177,0.0353,-0.0644,0.3497,-0.5973,0.7189,0.002,,,,,,,
18,Left,3,0.0000,0.0000,0.0325,0.2051,-0.0516,0.0819,0.9739,0.002,,,,,,,
18,Left,4,0.0000,0.0000,0.0338,0.2342,0.0394,-0.0746,0.9685,0.002,,,,,,,
18,Left,5,-0.0007,0.0010,0.0246,0.0000,0.0000,0.0000,1.0000,0.002,,,,,,,
18,Left,6,0.0193,-0.0103,0.0368,0.0000,0.0000,0.0000,1.0000,0.002,,,,,,,
18,Left,7,0.0043,0.0030,0.0591,0.4846,0.0092,-0.0519,0.8732,0.002,,,,,,,
18,Left,8,0.0000,0.0000,0.0379,0.6743,0.0121,0.0226,0.7380,0.002,,,,,,,
18,Left,9,0.0000,0.0000,0.0243,0.4682,-0.0153,0.0168,0.8833,0.002,,,,,,,
18,Left,10,-0.0003,0.0010,0.0224,0.0000,0.0000,0.0000,1.0000,0.002,,,,,,,
18,Left,11,0.0031,-0.0081,0.0347,0.0000,0.0000,0.0000,1.0000,0.002,,,,,,,
18,Left,12,-0.0013,0.0055,0.0610,0.5490,-0.0283,0.0242,0.8350,0.002,,,,,,,
18,Left,13,0.0000,0.0000,0.0429,0.5775,0.0029,0.0129,0.8163,0.002,,,,,,,
18,Left,14,0.0000,0.0000,0.0275,0.4763,0.0203,0.0850,0.8749,0.002,,,,,,,
18,Left,15,-0.0003,0.0011,0.0250,0.0000,0.0000,0.0000,1.0000,0.002,,,,,,,
18,Left,16,-0.0150,-0.0060,0.0348,0.0000,0.0000,0.0000,1.0000,0.002,,,,,,,
18,Left,17,-0.0025,-0.0005,0.0539,0.5450,-0.0290,0.0747,0.8346,0.002,,,,,,,
18,Left,18,0.0000,0.0000,0.0390,0.6374,0.0191,0.0419,0.7691,0.002,,,,,,,
18,Left,19,0.0000,0.0000,0.0266,0.5282,0.0273,0.0287,0.8482,0.002,,,,,,,
18,Left,20,-0.0003,0.0016,0.0243,0.0000,0.0000,0.0000,1.0000,0.002,,,,,,,
18,Left,21,-0.0230,-0.0094,0.0341,0.0183,-0.1403,0.2070,0.9681,0.002,,,,,,,
18,Left,22,0.0000,0.0000,0.0457,0.4588,-0.0281,-0.0673,0.8855,0.002,,,,,,,
18,Left,23,0.0000,0.0000,0.0307,0.6619,-0.0059,0.0871,0.7445,0.002,,,,,,,
18,Left,24,0.0000,0.0000,0.0203,0.5391,0.0410,-0.0025,0.8413,0.002,,,,,,,
18,Left,25,0.0002,0.0012,0.0219,0.0000,0.0000,0.0000,1.0000,0.002,,,,,,,
18,Right,0,-0.0023,-0.0053,0.0652,0.0000,0.0000,0.0000,1.0000,0.002,,,,,,,
18,Right,1,0.0000,0.0000,0.0000,0.0000,0.0000,0.0000,1.0000,0.002,-0.0469,-0.2924,0.0844,0.2024,0.4463,0.8677,-0.0836
18,Right,2,-0.0289,-0.0181,0.0355,-0.0757,-0.3254,0.5994,0.7274,0.002,,,,,,,
18,Right,3,0.0000,0.0000,0.0325,0.2622,0.0459,-0.0809,0.9605,0.002,,,,,,,
18,Right,4,0.0000,0.0000,0.0338,0.1628,-0.0461,0.0775,0.9825,0.002,,,,,,,
18,Right,5,0.0007,0.0010,0.0246,0.0000,0.0000,0.0000,1.0000,0.002,,,,,,,
18,Right,6,-0.0192,-0.0105,0.0369,0.0000,0.0000,0.0000,1.0000,0.002,,,,,,,
18,Right,7,-0.0044,0.0032,0.0591,0.1902,0.0674,0.0260,0.9791,0.002,,,,,,,
18,Right,8,0.0000,0.0000,0.0379,0.2065,0.0017,-0.0263,0.9781,0.002,,,,,,,
18,Right,9,0.0000,0.0000,0.0243,0.0680,0.0249,-0.0167,0.9972,0.002,,,,,,,
18,Right,10,0.0003,0.0010,0.0224,0.0000,0.0000,0.0000,1.0000,0.002,,,,,,,
18,Right,11,-0.0029,-0.0081,0.0348,0.0000,0.0000,0.0000,1.0000,0.002,,,,,,,
18,Right,12,0.0012,0.0056,0.0609,0.2752,0.0748,-0.0256,0.9581,0.002,,,,,,,
18,Right,13,0.0000,0.0000,0.0429,0.1494,0.0026,-0.0121,0.9887,0.002,,,,,,,
18,Right,14,0.0000,0.0000,0.0275,0.0169,-0.0002,-0.0453,0.9988,0.002,,,,,,,
18,Right,15,0.0003,0.0011,0.0250,0.0000,0.0000,0.0000,1.0000,0.002,,,,,,,
18,Right,16,0.0150,-0.0060,0.0348,0.0000,0.0000,0.0000,1.0000,0.002,,,,,,,
18,Right,17,0.0025,-0.0005,0.0539,0.2114,0.0764,-0.0654,0.9722,0.002,,,,,,,
18,Right,18,0.0000,0.0000,0.0390,0.1415,-0.0018,-0.0367,0.9893,0.002,,,,,,,
18,Right,19,0.0000,0.0000,0.0266,0.0617,-0.0295,-0.0075,0.9976,0.002,,,,,,,
18,Right,20,0.0003,0.0016,0.0243,0.0000,0.0000,0.0000,1.0000,0.002,,,,,,,
18,Right,21,0.0230,-0.0094,0.0341,0.0183,0.1403,-0.2070,0.9681,0.002,,,,,,,
18,Right,22,0.0000,0.0000,0.0457,0.0883,-0.0124,0.0893,0.9920,0.002,,,,,,,
18,Right,23,0.0000,0.0000,0.0307,0.1775,0.0348,-0.0537,0.9820,0.002,,,,,,,
18,Right,24,0.0000,0.0000,0.0203,0.0086,-0.0492,0.0008,0.9988,0.002,,,,,,,
18,Right,25,-0.0002,0.0012,0.0219,0.0000,0.0000,0.0000,1.0000,0.002,,,,,,,
19,Left,0,0.0024,-0.0053,0.0652,0.0000,0.0000,0.0000,1.0000,0.002,,,,,,,
19,Left,1,0.0000,0.0000,0.0000,0.0000,0.0000,0.0000,1.0000,0.002,0.3546,0.0522,0.0549,-0.0773,-0.4936,-0.8656,-0.0324
19,Left,2,0.0291,-0.0177,0.0353,-0.0644,0.3497,-0.5973,0.7189,0.002,,,,,,,
19,Left,3,0.0000,0.0000,0.0325,0.2051,-0.0516,0.0819,0.9739,0.002,,,,,,,
19,Left,4,0.0000,0.0000,0.0338,0.2342,0.0394,-0.0746,0.9685,0.002,,,,,,,
19,Left,5,-0.0007,0.0010,0.0246,0.0000,0.0000,0.0000,1.0000,0.002,,,,,,,
19,Left,6,0.0193,-0.0103,0.0368,0.0000,0.0000,0.0000,1.0000,0.002,,,,,,,
19,Left,7,0.0043,0.0030,0.0591,0.4846,0.0092,-0.0519,0.8732,0.002,,,,,,,
19,Left,8,0.0000,0.0000,0.0379,0.6743,0.0121,0.0226,0.7380,0.002,,,,,,,
19,Left,9,0.0000,0.0000,0.0243,0.4683,-0.0153,0.0168,0.8833,0.002,,,,,,,
19,Left,10,-0.0003,0.0010,0.0224,0.0000,0.0000,0.0000,1.0000,0.002,,,,,,,
19,Left,11,0.0031,-0.0081,0.0347,0.0000,0.0000,0.0000,1.0000,0.002,,,,,,,
19,Left,12,-0.0013,0.0055,0.0610,0.5490,-0.0283,0.0242,0.8350,0.002,,,,,,,
19,Left,13,0.0000,0.0000,0.0429,0.5775,0.0029,0.0129,0.8163,0.002,,,,,,,
19,Left,14,0.0000,0.0000,0.0275,0.4763,0.0203,0.0850,0.8749,0.002,,,,,,,
19,Left,15,-0.0003,0.0011,0.0250,0.0000,0.0000,0.0000,1.0000,0.002,,,,,,,
19,Left,16,-0.0150,-0.0060,0.0348,0.0000,0.0000,0.0000,1.0000,0.002,,,,,,,
19,Left,17,-0.0025,-0.0005,0.0539,0.5450,-0.0290,0.0747,0.8346,0.002,,,,,,,
19,Left,18,0.0000,0.0000,0.0390,0.6375,0.0191,0.0419,0.7691,0.002,,,,,,,
19,Left,19,0.0000,0.0000,0.0266,0.5282,0.0273,0.0287,0.8482,0.002,,,,,,,
19,Left,20,-0.0003,0.0016,0.0243,0.0000,0.0000,0.0000,1.0000,0.002,,,,,,,
19,Left,21,-0.0230,-0.0094,0.0341,0.0183,-0.1403,0.2070,0.9681,0.002,,,,,,,
19,Left,22,0.0000,0.0000,0.0457,0.4588,-0.0281,-0.0673,0.8855,0.002,,,,,,,
19,Left,23,0.0000,0.0000,0.0307,0.6619,-0.0059,0.0871,0.7445,0.002,,,,,,,
19,Left,24,0.0000,0.0000,0.0203,0.5391,0.0410,-0.0025,0.8413,0.002,,,,,,,
19,Left,25,0.0002,0.0012,0.0219,0.0000,0.0000,0.0000,1.0000,0.002,,,,,,,
19,Right,0,-0.0023,-0.0053,0.0652,0.0000,0.0000,0.0000,1.0000,0.002,,,,,,,
19,Right,1,0.0000,0.0000,0.0000,0.0000,0.0000,0.0000,1.0000,0.002,-0.0469,-0.2924,0.0844,0.2024,0.4463,0.8677,-0.0836
19,Right,2,-0.0289,-0.0181,0.0355,-0.0757,-0.3254,0.5994,0.7274,0.002,,,,,,,
19,Right,3,0.0000,0.0000,0.0325,0.2622,0.0459,-0.0809,0.9605,0.002,,,,,,,
19,Right,4,0.0000,0.0000,0.0338,0.1628,-0.0461,0.0775,0.9825,0.002,,,,,,,
19,Right,5,0.0007,0.0010,0.0246,0.0000,0.0000,0.0000,1.0000,0.002,,,,,,,
19,Right,6,-0.0192,-0.0105,0.0369,0.0000,0.0000,0.0000,1.0000,0.002,,,,,,,
19,Right,7,-0.0044,0.0032,0.0591,0.1902,0.0674,0.0260,0.9791,0.002,,,,,,,
19,Right,8,0.0000,0.0000,0.0379,0.2065,0.0017,-0.0263,0.9781,0.002,,,,,,,
19,Right,9,0.0000,0.0000,0.0243,0.0680,0.0249,-0.0167,0.9972,0.002,,,,,,,
19,Right,10,0.0003,0.0010,0.0224,0.0000,0.0000,0.0000,1.0000,0.002,,,,,,,
19,Right,11,-0.0029,-0.0081,0.0348,0.0000,0.0000,0.0000,1.0000,0.002,,,,,,,
19,Right,12,0.0012,0.0056,0.0609,0.2752,0.0748,-0.0256,0.9581,0.002,,,,,,,
19,Right,13,0.0000,0.0000,0.0429,0.1494,0.0026,-0.0121,0.9887,0.002,,,,,,,
19,Right,14,0.0000,0.0000,0.0275,0.0169,-0.0002,-0.0453,0.9988,0.002,,,,,,,
19,Right,15,0.0003,0.0011,0.0250,0.0000,0.0000,0.0000,1.0000,0.002,,,,,,,
19,Right,16,0.0150,-0.0060,0.0348,0.0000,0.0000,0.0000,1.0000,0.002,,,,,,,
19,Right,17,0.0025,-0.0005,0.0539,0.2114,0.0764,-0.0654,0.9722,0.002,,,,,,,
19,Right,18,0.0000,0.0000,0.0390,0.1415,-0.0018,-0.0367,0.9893,0.002,,,,,,,
19,Right,19,0.0000,0.0000,0.0266,0.0617,-0.0295,-0.0075,0.9976,0.002,,,,,,,
19,Right,20,0.0003,0.0016,0.0243,0.0000,0.0000,0.0000,1.0000,0.002,,,,,,,
19,Right,21,0.0230,-0.0094,0.0341,0.0183,0.1403,-0.2070,0.9681,0.002,,,,,,,
19,Right,22,0.0000,0.0000,0.0457,0.0883,-0.0124,0.0893,0.9920,0.002,,,,,,,
19,Right,23,0.0000,0.0000,0.0307,0.1775,0.0348,-0.0537,0.9820,0.002,,,,,,,
19,Right,24,0.0000,0.0000,0.0203,0.0086,-0.0492,0.0008,0.9988,0.002,,,,,,,
19,Right,25,-0.0002,0.0012,0.0219,0.0000,0.0000,0.0000,1.0000,0.002,,,,,,,
20,Left,0,0.0024,-0.0053,0.0652,0.0000,0.0000,0.0000,1.0000,0.002,,,,,,,
20,Left,1,0.0000,0.0000,0.0000,0.0000,0.0000,0.0000,1.0000,0.002,0.3546,0.0522,0.0549,-0.0773,-0.4936,-0.8656,-0.0324
20,Left,2,0.0291,-0.0177,0.0353,-0.0644,0.3497,-0.5973,0.7189,0.002,,,,,,,
20,Left,3,0.0000,0.0000,0.0325,0.2051,-0.0516,0.0819,0.9739,0.002,,,,,,,
20,Left,4,0.0000,0.0000,0.0338,0.2342,0.0394,-0.0746,0.9685,0.002,,,,,,,
20,Left,5,-0.0007,0.0010,0.0246,0.0000,0.0000,0.0000,1.0000,0.002,,,,,,,
20,Left,6,0.0193,-0.0103,0.0368,0.0000,0.0000,0.0000,1.0000,0.002,,,,,,,
20,Left,7,0.0043,0.0030,0.0591,0.4846,0.0092,-0.0519,0.8732,0.002,,,,,,,
20,Left,8,0.0000,0.0000,0.0379,0.6743,0.0121,0.0226,0.7380,0.002,,,,,,,
20,Left,9,0.0000,0.0000,0.0243,0.4683,-0.0153,0.0168,0.8833,0.002,,,,,,,
20,Left,10,-0.0003,0.0010,0.0224,0.0000,0.0000,0.0000,1.0000,0.002,,,,,,,
20,Left,11,0.0031,-0.0081,0.0347,0.0000,0.0000,0.0000,1.0000,0.002,,,,,,,
20,Left,12,-0.0013,0.0055,0.0610,0.5490,-0.0283,0.0242,0.8350,0.002,,,,,,,
20,Left,13,0.0000,0.0000,0.0429,0.5775,0.0029,0.0129,0.8163,0.002,,,,,,,
20,Left,14,0.0000,0.0000,0.0275,0.4763,0.0203,0.0850,0.8749,0.002,,,,,,,
20,Left,15,-0.0003,0.0011,0.0250,0.0000,0.0000,0.0000,1.0000,0.002,,,,,,,
20,Left,16,-0.0150,-0.0060,0.0348,0.0000,0.0000,0.0000,1.0000,0.002,,,,,,,
20,Left,17,-0.0025,-0.0005,0.0539,0.5450,-0.0290,0.0747,0.8346,0.002,,,,,,,
20,Left,18,0.0000,0.0000,0.0390,0.6375,0.0191,0.0419,0.7691,0.002,,,,,,,
20,Left,19,0.0000,0.0000,0.0266,0.5283,0.0273,0.0287,0.8482,0.002,,,,,,,
20,Left,20,-0.0003,0.0016,0.0243,0.0000,0.0000,0.0000,1.0000,0.002,,,,,,,
20,Left,21,-0.0230,-0.0094,0.0341,0.0183,-0.1403,0.2070,0.9681,0.002,,,,,,,
20,Left,22,0.0000,0.0000,0.0457,0.4588,-0.0281,-0.0673,0.8855,0.002,,,,,,,
20,Left,23,0.0000,0.0000,0.0307,0.6619,-0.0059,0.0871,0.7445,0.002,,,,,,,
20,Left,24,0.0000,0.0000,0.0203,0.5391,0.0410,-0.0025,0.8412,0.002,,,,,,,
20,Left,25,0.0002,0.0012,0.0219,0.0000,0.0000,0.0000,1.0000,0.002,,,,,,,
20,Right,0,-0.0023,-0.0053,0.0652,0.0000,0.0000,0.0000,1.0000,0.002,,,,,,,
20,Right,1,0.0000,0.0000,0.0000,0.0000,0.0000,0.0000,1.0000,0.002,-0.0469,-0.2924,0.0844,0.2024,0.4463,0.8677,-0.0836
20,Right,2,-0.0289,-0.0181,0.0355,-0.0757,-0.3254,0.5994,0.7274,0.002,,,,,,,
20,Right,3,0.0000,0.0000,0.0325,0.2622,0.0459,-0.0809,0.9605,0.002,,,,,,,
20,Right,4,0.0000,0.0000,0.0338,0.1628,-0.0461,0.0775,0.9825,0.002,,,,,,,
20,Right,5,0.0007,0.0010,0.0246,0.0000,0.0000,0.0000,1.0000,0.002,,,,,,,
20,Right,6,-0.0192,-0.0105,0.0369,0.0000,0.0000,0.0000,1.0000,0.002,,,,,,,
20,Right,7,-0.0044,0.0032,0.0591,0.1902,0.0674,0.0260,0.9791,0.002,,,,,,,
20,Right,8,0.0000,0.0000,0.0379,0.2065,0.0017,-0.0263,0.9781,0.002,,,,,,,
20,Right,9,0.0000,0.0000,0.0243,0.0680,0.0249,-0.0167,0.9972,0.002,,,,,,,
20,Right,10,0.0003,0.0010,0.0224,0.0000,0.0000,0.0000,1.0000,0.002,,,,,,,
20,Right,11,-0.0029,-0.0081,0.0348,0.0000,0.0000,0.0000,1.0000,0.002,,,,,,,
20,Right,12,0.0012,0.0056,0.0609,0.2752,0.0748,-0.0256,0.9581,0.002,,,,,,,
20,Right,13,0.0000,0.0000,0.0429,0.1494,0.0026,-0.0121,0.9887,0.002,,,,,,,
20,Right,14,0.0000,0.0000,0.0275,0.0169,-0.0002,-0.0453,0.9988,0.002,,,,,,,
20,Right,15,0.0003,0.0011,0.0250,0.0000,0.0000,0.0000,1.0000,0.002,,,,,,,
20,Right,16,0.0150,-0.0060,0.0348,0.0000,0.0000,0.0000,1.0000,0.002,,,,,,,
20,Right,17,0.0025,-0.0005,0.0539,0.2114,0.0764,-0.0654,0.9722,0.002,,,,,,,
20,Right,18,0.0000,0.0000,0.0390,0.1415,-0.0018,-0.0367,0.9893,0.002,,,,,,,
20,Right,19,0.0000,0.0000,0.0266,0.0617,-0.0295,-0.0075,0.9976,0.002,,,,,,,
20,Right,20,0.0003,0.0016,0.0243,0.0000,0.0000,0.0000,1.0000,0.002,,,,,,,
20,Right,21,0.0230,-0.0094,0.0341,0.0183,0.1403,-0.2070,0.9681,0.002,,,,,,,
20,Right,22,0.0000,0.0000,0.0457,0.0883,-0.0124,0.0893,0.9920,0.002,,,,,,,
20,Right,23,0.0000,0.0000,0.0307,0.1775,0.0348,-0.0537,0.9820,0.002,,,,,,,
20,Right,24,0.0000,0.0000,0.0203,0.0086,-0.0492,0.0008,0.9988,0.002,,,,,,,
20,Right,25,-0.0002,0.0012,0.0219,0.0000,0.0000,0.0000,1.0000,0.002,,,,,,,
21,Left,0,0.0024,-0.0053,0.0652,0.0000,0.0000,0.0000,1.0000,0.002,,,,,,,
21,Left,1,0.0000,0.0000,0.0000,0.0000,0.0000,0.0000,1.0000,0.002,0.3546,0.0522,0.0549,-0.0773,-0.4936,-0.8656,-0.0324
21,Left,2,0.0291,-0.0177,0.0353,-0.0644,0.3497,-0.5973,0.7189,0.002,,,,,,,
21,Left,3,0.0000,0.0000,0.0325,0.2051,-0.0516,0.0819,0.9739,0.002,,,,,,,
21,Left,4,0.0000,0.0000,0.0338,0.2342,0.0394,-0.0746,0.9685,0.002,,,,,,,
21,Left,5,-0.0007,0.0010,0.0246,0.0000,0.0000,0.0000,1.0000,0.002,,,,,,,
21,Left,6,0.0193,-0.0103,0.0368,0.0000,0.0000,0.0000,1.0000,0.002,,,,,,,
21,Left,7,0.0043,0.0030,0.0591,0.4846,0.0092,-0.0519,0.8732,0.002,,,,,,,
21,Left,8,0.0000,0.0000,0.0379,0.6743,0.0121,0.0226,0.7380,0.002,,,,,,,
21,Left,9,0.0000,0.0000,0.0243,0.4683,-0.0153,0.0168,0.8833,0.002,,,,,,,
21,Left,10,-0.0003,0.0010,0.0224,0.0000,0.0000,0.0000,1.0000,0.002,,,,,,,
21,Left,11,0.0031,-0.0081,0.0347,0.0000,0.0000,0.0000,1.0000,0.002,,,,,,,
21,Left,12,-0.0013,0.0055,0.0610,0.5490,-0.0283,0.0242,0.8350,0.002,,,,,,,
21,Left,13,0.0000,0.0000,0.0429,0.5775,0.0029,0.0129,0.8163,0.002,,,,,,,
21,Left,14,0.0000,0.0000,0.0275,0.4763,0.0203,0.0850,0.8749,0.002,,,,,,,
21,Left,15,-0.0003,0.0011,0.0250,0.0000,0.0000,0.0000,1.0000,0.002,,,,,,,
21,Left,16,-0.0150,-0.0060,0.0348,0.0000,0.0000,0.0000,1.0000,0.002,,,,,,,
21,Left,17,-0.0025,-0.0005,0.0539,0.5450,-0.0290,0.0747,0.8346,0.002,,,,,,,
21,Left,18,0.0000,0.0000,0.0390,0.6375,0.0191,0.0419,0.7691,0.002,,,,,,,
21,Left,19,0.0000,0.0000,0.0266,0.5283,0.0273,0.0287,0.8482,0.002,,,,,,,
21,Left,20,-0.0003,0.0016,0.0243,0.0000,0.0000,0.0000,1.0000,0.002,,,,,,,
21,Left,21,-0.0230,-0.0094,0.0341,0.0183,-0.1403,0.2070,0.9681,0.002,,,,,,,
21,Left,22,0.0000,0.0000,0.0457,0.4589,-0.0281,-0.0673,0.8855,0.002,,,,,,,
21,Left,23,0.0000,0.0000,0.0307,0.6619,-0.0059,0.0871,0.7445,0.002,,,,,,,
21,Left,24,0.0000,0.0000,0.0203,0.5391,0.0410,-0.0025,0.8412,0.002,,,,,,,
21,Left,25,0.0002,0.0012,0.0219,0.0000,0.0000,0.0000,1.0000,0.002,,,,,,,
21,Right,0,-0.0023,-0.0053,0.0652,0.0000,0.0000,0.0000,1.0000,0.002,,,,,,,
21,Right,1,0.0000,0.0000,0.0000,0.0000,0.0000,0.0000,1.0000,0.002,-0.0469,-0.2924,0.0844,0.2024,0.4463,0.8677,-0.0836
21,Right,2,-0.0289,-0.0181,0.0355,-0.0757,-0.3254,0.5994,0.7274,0.002,,,,,,,
21,Right,3,0.0000,0.0000,0.0325,0.2622,0.0459,-0.0809,0.9605,0.002,,,,,,,
21,Right,4,0.0000,0.0000,0.0338,0.1628,-0.0461,0.0775,0.9825,0.002,,,,,,,
21,Right,5,0.0007,0.0010,0.0246,0.0000,0.0000,0.0000,1.0000,0.002,,,,,,,
21,Right,6,-0.0192,-0.0105,0.0369,0.0000,0.0000,0.0000,1.0000,0.002,,,,,,,
21,Right,7,-0.0044,0.0032,0.0591,0.1902,0.0674,0.0260,0.9791,0.002,,,,,,,
21,Right,8,0.0000,0.0000,0.0379,0.2065,0.0017,-0.0263,0.9781,0.002,,,,,,,
21,Right,9,0.0000,0.0000,0.0243,0.0680,0.0249,-0.0167,0.9972,0.002,,,,,,,
21,Right,10,0.0003,0.0010,0.0224,0.0000,0.0000,0.0000,1.0000,0.002,,,,,,,
21,Right,11,-0.0029,-0.0081,0.0348,0.0000,0.0000,0.0000,1.0000,0.002,,,,,,,
21,Right,12,0.0012,0.0056,0.0609,0.2752,0.0748,-0.0256,0.9581,0.002,,,,,,,
21,Right,13,0.0000,0.0000,0.0429,0.1494,0.0026,-0.0121,0.9887,0.002,,,,,,,
21,Right,14,0.0000,0.0000,0.0275,0.0169,-0.0002,-0.0453,0.9988,0.002,,,,,,,
21,Right,15,0.0003,0.0011,0.0250,0.0000,0.0000,0.0000,1.0000,0.002,,,,,,,
21,Right,16,0.0150,-0.0060,0.0348,0.0000,0.0000,0.0000,1.0000,0.002,,,,,,,
21,Right,17,0.0025,-0.0005,0.0539,0.2114,0.0764,-0.0654,0.9722,0.002,,,,,,,
21,Right,18,0.0000,0.0000,0.0390,0.1415,-0.0018,-0.0367,0.9893,0.002,,,,,,,
21,Right,19,0.0000,0.0000,0.0266,0.0617,-0.0295,-0.0075,0.9976,0.002,,,,,,,
21,Right,20,0.0003,0.0016,0.0243,0.0000,0.0000,0.0000,1.0000,0.002,,,,,,,
21,Right,21,0.0230,-0.0094,0.0341,0.0183,0.1403,-0.2070,0.9681,0.002,,,,,,,
21,Right,22,0.0000,0.0000,0.0457,0.0883,-0.0124,0.0893,0.9920,0.002,,,,,,,
21,Right,23,0.0000,0.0000,0.0307,0.1775,0.0348,-0.0537,0.9820,0.002,,,,,,,
21,Right,24,0.0000,0.0000,0.0203,0.0086,-0.0492,0.0008,0.9988,0.002,,,,,,,
21,Right,25,-0.0002,0.0012,0.0219,0.0000,0.0000,0.0000,1.0000,0.002,,,,,,,
22,Left,0,0.0024,-0.0053,0.0652,0.0000,0.0000,0.0000,1.0000,0.002,,,,,,,
22,Left,1,0.0000,0.0000,0.0000,0.0000,0.0000,0.0000,1.0000,0.002,0.3546,0.0522,0.0549,-0.0773,-0.4936,-0.8656,-0.0324
22,Left,2,0.0291,-0.0177,0.0353,-0.0644,0.3497,-0.5973,0.7189,0.002,,,,,,,
22,Left,3,0.0000,0.0000,0.0325,0.2051,-0.0516,0.0819,0.9739,0.002,,,,,,,
22,Left,4,0.0000,0.0000,0.0338,0.2342,0.0394,-0.0746,0.9685,0.002,,,,,,,
22,Left,5,-0.0007,0.0010,0.0246,0.0000,0.0000,0.0000,1.0000,0.002,,,,,,,
22,Left,6,0.0193,-0.0103,0.0368,0.0000,0.0000,0.0000,1.0000,0.002,,,,,,,
22,Left,7,0.0043,0.0030,0.0591,0.4846,0.0092,-0.0519,0.8732,0.002,,,,,,,
22,Left,8,0.0000,0.0000,0.0379,0.6743,0.0121,0.0226,0.7380,0.002,,,,,,,
22,Left,9,0.0000,0.0000,0.0243,0.4683,-0.0153,0.0168,0.8833,0.002,,,,,,,
22,Left,10,-0.0003,0.0010,0.0224,0.0000,0.0000,0.0000,1.0000,0.002,,,,,,,
22,Left,11,0.0031,-0.0081,0.0347,0.0000,0.0000,0.0000,1.0000,0.002,,,,,,,
22,Left,12,-0.0013,0.0055,0.0610,0.5490,-0.0283,0.0242,0.8350,0.002,,,,,,,
22,Left,13,0.0000,0.0000,0.0429,0.5775,0.0029,0.0129,0.8163,0.002,,,,,,,
22,Left,14,0.0000,0.0000,0.0275,0.4763,0.0203,0.0850,0.8749,0.002,,,,,,,
22,Left,15,-0.0003,0.0011,0.0250,0.0000,0.0000,0.0000,1.0000,0.002,,,,,,,
22,Left,16,-0.0150,-0.0060,0.0348,0.0000,0.0000,0.0000,1.0000,0.002,,,,,,,
22,Left,17,-0.0025,-0.0005,0.0539,0.5450,-0.0290,0.0747,0.8346,0.002,,,,,,,
22,Left,18,0.0000,0.0000,0.0390,0.6375,0.0191,0.0419,0.7691,0.002,,,,,,,
22,Left,19,0.0000,0.0000,0.0266,0.5283,0.0273,0.0287,0.8482,0.002,,,,,,,
22,Left,20,-0.0003,0.0016,0.0243,0.0000,0.0000,0.0000,1.0000,0.002,,,,,,,
22,Left,21,-0.0230,-0.0094,0.0341,0.0183,-0.1403,0.2070,0.9681,0.002,,,,,,,
22,Left,22,0.0000,0.0000,0.0457,0.4589,-0.0281,-0.0673,0.8855,0.002,,,,,,,
22,Left,23,0.0000,0.0000,0.0307,0.6619,-0.0059,0.0871,0.7445,0.002,,,,,,,
22,Left,24,0.0000,0.0000,0.0203,0.5391,0.0410,-0.0025,0.8412,0.002,,,,,,,
22,Left,25,0.0002,0.0012,0.0219,0.0000,0.0000,0.0000,1.0000,0.002,,,,,,,
22,Right,0,-0.0023,-0.0053,0.0652,0.0000,0.0000,0.0000,1.0000,0.002,,,,,,,
22,Right,1,0.0000,0.0000,0.0000,0.0000,0.0000,0.0000,1.0000,0.002,-0.0469,-0.2924,0.0844,0.2024,0.4463,0.8677,-0.0836
22,Right,2,-0.0289,-0.0181,0.0355,-0.0757,-0.3254,0.5994,0.7274,0.002,,,,,,,
22,Right,3,0.0000,0.0000,0.0325,0.2622,0.0459,-0.0809,0.9605,0.002,,,,,,,
22,Right,4,0.0000,0.0000,0.0338,0.1628,-0.0461,0.0775,0.9825,0.002,,,,,,,
22,Right,5,0.0007,0.0010,0.0246,0.0000,0.0000,0.0000,1.0000,0.002,,,,,,,
22,Right,6,-0.0192,-0.0105,0.0369,0.0000,0.0000,0.0000,1.0000,0.002,,,,,,,
22,Right,7,-0.0044,0.0032,0.0591,0.1902,0.0674,0.0260,0.9791,0.002,,,,,,,
22,Right,8,0.0000,0.0000,0.0379,0.2065,0.0017,-0.0263,0.9781,0.002,,,,,,,
22,Right,9,0.0000,0.0000,0.0243,0.0680,0.0249,-0.0167,0.9972,0.002,,,,,,,
22,Right,10,0.0003,0.0010,0.0224,0.0000,0.0000,0.0000,1.0000,0.002,,,,,,,
22,Right,11,-0.0029,-0.0081,0.0348,0.0000,0.0000,0.0000,1.0000,0.002,,,,,,,
22,Right,12,0.0012,0.0056,0.0609,0.2752,0.0748,-0.0256,0.9581,0.002,,,,,,,
22,Right,13,0.0000,0.0000,0.0429,0.1494,0.0026,-0.0121,0.9887,0.002,,,,,,,
22,Right,14,0.0000,0.0000,0.0275,0.0169,-0.0002,-0.0453,0.9988,0.002,,,,,,,
22,Right,15,0.0003,0.0011,0.0250,0.0000,0.0000,0.0000,1.0000,0.002,,,,,,,
22,Right,16,0.0150,-0.0060,0.0348,0.0000,0.0000,0.0000,1.0000,0.002,,,,,,,
22,Right,17,0.0025,-0.0005,0.0539,0.2114,0.0764,-0.0654,0.9722,0.002,,,,,,,
22,Right,18,0.0000,0.0000,0.0390,0.1415,-0.0018,-0.0367,0.9893,0.002,,,,,,,
22,Right,19,0.0000,0.0000,0.0266,0.0617,-0.0295,-0.0075,0.9976,0.002,,,,,,,
22,Right,20,0.0003,0.0016,0.0243,0.0000,0.0000,0.0000,1.0000,0.002,,,,,,,
22,Right,21,0.0230,-0.0094,0.0341,0.0183,0.1403,-0.2070,0.9681,0.002,,,,,,,
22,Right,22,0.0000,0.0000,0.0457,0.0883,-0.0124,0.0893,0.9920,0.002,,,,,,,
22,Right,23,0.0000,0.0000,0.0307,0.1776,0.0348,-0.0537,0.9820,0.002,,,,,,,
22,Right,24,0.0000,0.0000,0.0203,0.0086,-0.0492,0.0008,0.9988,0.002,,,,,,,
22,Right,25,-0.0002,0.0012,0.0219,0.0000,0.0000,0.0000,1.0000,0.002,,,,,,,
23,Left,0,0.0024,-0.0053,0.0652,0.0000,0.0000,0.0000,1.0000,0.002,,,,,,,
23,Left,1,0.0000,0.0000,0.0000,0.0000,0.0000,0.0000,1.0000,0.002,0.3546,0.0522,0.0549,-0.0773,-0.4936,-0.8656,-0.0324
23,Left,2,0.0291,-0.0177,0.0353,-0.0644,0.3497,-0.5973,0.7189,0.002,,,,,,,
23,Left,3,0.0000,0.0000,0.0325,0.2051,-0.0516,0.0819,0.9739,0.002,,,,,,,
23,Left,4,0.0000,0.0000,0.0338,0.2343,0.0394,-0.0746,0.9685,0.002,,,,,,,
23,Left,5,-0.0007,0.0010,0.0246,0.0000,0.0000,0.0000,1.0000,0.002,,,,,,,
23,Left,6,0.0193,-0.0103,0.0368,0.0000,0.0000,0.0000,1.0000,0.002,,,,,,,
23,Left,7,0.0043,0.0030,0.0591,0.4846,0.0092,-0.0519,0.8732,0.002,,,,,,,
23,Left,8,0.0000,0.0000,0.0379,0.6743,0.0121,0.0226,0.7380,0.002,,,,,,,
23,Left,9,0.0000,0.0000,0.0243,0.4683,-0.0153,0.0168,0.8833,0.002,,,,,,,
23,Left,10,-0.0003,0.0010,0.0224,0.0000,0.0000,0.0000,1.0000,0.002,,,,,,,
23,Left,11,0.0031,-0.0081,0.0347,0.0000,0.0000,0.0000,1.0000,0.002,,,,,,,
23,Left,12,-0.0013,0.0055,0.0610,0.5490,-0.0283,0.0242,0.8350,0.002,,,,,,,
23,Left,13,0.0000,0.0000,0.0429,0.5775,0.0029,0.0129,0.8163,0.002,,,,,,,
23,Left,14,0.0000,0.0000,0.0275,0.4763,0.0203,0.0850,0.8749,0.002,,,,,,,
23,Left,15,-0.0003,0.0011,0.0250,0.0000,0.0000,0.0000,1.0000,0.002,,,,,,,
23,Left,16,-0.0150,-0.0060,0.0348,0.0000,0.0000,0.0000,1.0000,0.002,,,,,,,
23,Left,17,-0.0025,-0.0005,0.0539,0.5450,-0.0290,0.0747,0.8346,0.002,,,,,,,
23,Left,18,0.0000,0.0000,0.0390,0.6375,0.0191,0.0419,0.7691,0.002,,,,,,,
23,Left,19,0.0000,0.0000,0.0266,0.5283,0.0273,0.0287,0.8481,0.002,,,,,,,
23,Left,20,-0.0003,0.0016,0.0243,0.0000,0.0000,0.0000,1.0000,0.002,,,,,,,
23,Left,21,-0.0230,-0.0094,0.0341,0.0183,-0.1403,0.2070,0.9681,0.002,,,,,,,
23,Left,22,0.0000,0.0000,0.0457,0.4589,-0.0281,-0.0673,0.8855,0.002,,,,,,,
23,Left,23,0.0000,0.0000,0.0307,0.6619,-0.0059,0.0871,0.7445,0.002,,,,,,,
23,Left,24,0.0000,0.0000,0.0203,0.5391,0.0410,-0.0025,0.8412,0.002,,,,,,,
23,Left,25,0.0002,0.0012,0.0219,0.0000,0.0000,0.0000,1.0000,0.002,,,,,,,
23,Right,0,-0.0023,-0.0053,0.0652,0.0000,0.0000,0.0000,1.0000,0.002,,,,,,,
23,Right,1,0.0000,0.0000,0.0000,0.0000,0.0000,0.0000,1.0000,0.002,-0.0469,-0.2924,0.0844,0.2024,0.4463,0.8677,-0.0836
23,Right,2,-0.0289,-0.0181,0.0355,-0.0757,-0.3254,0.5994,0.7274,0.002,,,,,,,
23,Right,3,0.0000,0.0000,0.0325,0.2622,0.0459,-0.0809,0.9605,0.002,,,,,,,
23,Right,4,0.0000,0.0000,0.0338,0.1628,-0.0461,0.0775,0.9825,0.002,,,,,,,
23,Right,5,0.0007,0.0010,0.0246,0.0000,0.0000,0.0000,1.0000,0.002,,,,,,,
23,Right,6,-0.0192,-0.0105,0.0369,0.0000,0.0000,0.0000,1.0000,0.002,,,,,,,
23,Right,7,-0.0044,0.0032,0.0591,0.1902,0.0674,0.0260,0.9791,0.002,,,,,,,
23,Right,8,0.0000,0.0000,0.0379,0.2065,0.0017,-0.0263,0.9781,0.002,,,,,,,
23,Right,9,0.0000,0.0000,0.0243,0.0680,0.0249,-0.0167,0.9972,0.002,,,,,,,
23,Right,10,0.0003,0.0010,0.0224,0.0000,0.0000,0.0000,1.0000,0.002,,,,,,,
23,Right,11,-0.0029,-0.0081,0.0348,0.0000,0.0000,0.0000,1.0000,0.002,,,,,,,
23,Right,12,0.0012,0.0056,0.0609,0.2752,0.0748,-0.0256,0.9581,0.002,,,,,,,
23,Right,13,0.0000,0.0000,0.0429,0.1494,0.0026,-0.0121,0.9887,0.002,,,,,,,
23,Right,14,0.0000,0.0000,0.0275,0.0169,-0.0002,-0.0453,0.9988,0.002,,,,,,,
23,Right,15,0.0003,0.0011,0.0250,0.0000,0.0000,0.0000,1.0000,0.002,,,,,,,
23,Right,16,0.0150,-0.0060,0.0348,0.0000,0.0000,0.0000,1.0000,0.002,,,,,,,
23,Right,17,0.0025,-0.0005,0.0539,0.2114,0.0764,-0.0654,0.9722,0.002,,,,,,,
23,Right,18,0.0000,0.0000,0.0390,0.1415,-0.0018,-0.0367,0.9893,0.002,,,,,,,
23,Right,19,0.0000,0.0000,0.0266,0.0617,-0.0295,-0.0075,0.9976,0.002,,,,,,,
23,Right,20,0.0003,0.0016,0.0243,0.0000,0.0000,0.0000,1.0000,0.002,,,,,,,
23,Right,21,0.0230,-0.0094,0.0341,0.0183,0.1403,-0.2070,0.9681,0.002,,,,,,,
23,Right,22,0.0000,0.0000,0.0457,0.0883,-0.0124,0.0893,0.9920,0.002,,,,,,,
23,Right,23,0.0000,0.0000,0.0307,0.1776,0.0348,-0.0537,0.9820,0.002,,,,,,,
23,Right,24,0.0000,0.0000,0.0203,0.0086,-0.0492,0.0008,0.9988,0.002,,,,,,,
23,Right,25,-0.0002,0.0012,0.0219,0.0000,0.0000,0.0000,1.0000,0.002,,,,,,,
24,Left,0,0.0024,-0.0053,0.0652,0.0000,0.0000,0.0000,1.0000,0.002,,,,,,,
24,Left,1,0.0000,0.0000,0.0000,0.0000,0.0000,0.0000,1.0000,0.002,0.3546,0.0522,0.0549,-0.0773,-0.4936,-0.8656,-0.0324
24,Left,2,0.0291,-0.0177,0.0353,-0.0644,0.3497,-0.5972,0.7189,0.002,,,,,,,
24,Left,3,0.0000,0.0000,0.0325,0.2051,-0.0516,0.0819,0.9739,0.002,,,,,,,
24,Left,4,0.0000,0.0000,0.0338,0.2343,0.0394,-0.0746,0.9685,0.002,,,,,,,
24,Left,5,-0.0007,0.0010,0.0246,0.0000,0.0000,0.0000,1.0000,0.002,,,,,,,
24,Left,6,0.0193,-0.0103,0.0368,0.0000,0.0000,0.0000,1.0000,0.002,,,,,,,
24,Left,7,0.0043,0.0030,0.0591,0.4846,0.0092,-0.0519,0.8731,0.002,,,,,,,
24,Left,8,0.0000,0.0000,0.0379,0.6744,0.0121,0.0226,0.7380,0.002,,,,,,,
24,Left,9,0.0000,0.0000,0.0243,0.4683,-0.0153,0.0168,0.8833,0.002,,,,,,,
24,Left,10,-0.0003,0.0010,0.0224,0.0000,0.0000,0.0000,1.0000,0.002,,,,,,,
24,Left,11,0.0031,-0.0081,0.0347,0.0000,0.0000,0.0000,1.0000,0.002,,,,,,,
24,Left,12,-0.0013,0.0055,0.0610,0.5490,-0.0283,0.0242,0.8350,0.002,,,,,,,
24,Left,13,0.0000,0.0000,0.0429,0.5775,0.0029,0.0129,0.8163,0.002,,,,,,,
24,Left,14,0.0000,0.0000,0.0275,0.4763,0.0203,0.0850,0.8749,0.002,,,,,,,
24,Left,15,-0.0003,0.0011,0.0250,0.0000,0.0000,0.0000,1.0000,0.002,,,,,,,
24,Left,16,-0.0150,-0.0060,0.0348,0.0000,0.0000,0.0000,1.0000,0.002,,,,,,,
24,Left,17,-0.0025,-0.0005,0.0539,0.5451,-0.0290,0.0747,0.8346,0.002,,,,,,,
24,Left,18,0.0000,0.0000,0.0390,0.6375,0.0191,0.0419,0.7691,0.002,,,,,,,
24,Left,19,0.0000,0.0000,0.0266,0.5283,0.0273,0.0287,0.8481,0.002,,,,,,,
24,Left,20,-0.0003,0.0016,0.0243,0.0000,0.0000,0.0000,1.0000,0.002,,,,,,,
24,Left,21,-0.0230,-0.0094,0.0341,0.0183,-0.1403,0.2070,0.9681,0.002,,,,,,,
24,Left,22,0.0000,0.0000,0.0457,0.4589,-0.0281,-0.0673,0.8855,0.002,,,,,,,
24,Left,23,0.0000,0.0000,0.0307,0.6619,-0.0059,0.0871,0.7445,0.002,,,,,,,
24,Left,24,0.0000,0.0000,0.0203,0.5391,0.0410,-0.0025,0.8412,0.002,,,,,,,
24,Left,25,0.0002,0.0012,0.0219,0.0000,0.0000,0.0000,1.0000,0.002,,,,,,,
24,Right,0,-0.0023,-0.0053,0.0652,0.0000,0.0000,0.0000,1.0000,0.002,,,,,,,
24,Right,1,0.0000,0.0000,0.0000,0.0000,0.0000,0.0000,1.0000,0.002,-0.0469,-0.2924,0.0844,0.2024,0.4463,0.8677,-0.0836
24,Right,2,-0.0289,-0.0181,0.0355,-0.0757,-0.3254,0.5994,0.7274,0.002,,,,,,,
24,Right,3,0.0000,0.0000,0.0325,0.2622,0.0459,-0.0809,0.9605,0.002,,,,,,,
24,Right,4,0.0000,0.0000,0.0338,0.1628,-0.0461,0.0775,0.9825,0.002,,,,,,,
24,Right,5,0.0007,0.0010,0.0246,0.0000,0.0000,0.0000,1.0000,0.002,,,,,,,
24,Right,6,-0.0192,-0.0105,0.0369,0.0000,0.0000,0.0000,1.0000,0.002,,,,,,,
24,Right,7,-0.0044,0.0032,0.0591,0.1902,0.0674,0.0260,0.9791,0.002,,,,,,,
24,Right,8,0.0000,0.0000,0.0379,0.2065,0.0017,-0.0263,0.9781,0.002,,,,,,,
24,Right,9,0.0000,0.0000,0.0243,0.0680,0.0249,-0.0167,0.9972,0.002,,,,,,,
24,Right,10,0.0003,0.0010,0.0224,0.0000,0.0000,0.0000,1.0000,0.002,,,,,,,
24,Right,11,-0.0029,-0.0081,0.0348,0.0000,0.0000,0.0000,1.0000,0.002,,,,,,,
24,Right,12,0.0012,0.0056,0.0609,0.2752,0.0748,-0.0256,0.9581,0.002,,,,,,,
24,Right,13,0.0000,0.0000,0.0429,0.1494,0.0026,-0.0121,0.9887,0.002,,,,,,,
24,Right,14,0.0000,0.0000,0.0275,0.0169,-0.0002,-0.0453,0.9988,0.002,,,,,,,
24,Right,15,0.0003,0.0011,0.0250,0.0000,0.0000,0.0000,1.0000,0.002,,,,,,,
24,Right,16,0.0150,-0.0060,0.0348,0.0000,0.0000,0.0000,1.0000,0.002,,,,,,,
24,Right,17,0.0025,-0.0005,0.0539,0.2114,0.0764,-0.0654,0.9722,0.002,,,,,,,
24,Right,18,0.0000,0.0000,0.0390,0.1415,-0.0018,-0.0367,0.9893,0.002,,,,,,,
24,Right,19,0.0000,0.0000,0.0266,0.0617,-0.0295,-0.0075,0.9976,0.002,,,,,,,
24,Right,20,0.0003,0.0016,0.0243,0.0000,0.0000,0.0000,1.0000,0.002,,,,,,,
24,Right,21,0.0230,-0.0094,0.0341,0.0183,0.1403,-0.2070,0.9681,0.002,,,,,,,
24,Right,22,0.0000,0.0000,0.0457,0.0883,-0.0124,0.0893,0.9920,0.002,,,,,,,
24,Right,23,0.0000,0.0000,0.0307,0.1776,0.0348,-0.0537,0.9820,0.002,,,,,,,
24,Right,24,0.0000,0.0000,0.0203,0.0086,-0.0492,0.0008,0.9988,0.002,,,,,,,
24,Right,25,-0.0002,0.0012,0.0219,0.0000,0.0000,0.0000,1.0000,0.002,,,,,,,
25,Left,0,0.0024,-0.0053,0.0652,0.0000,0.0000,0.0000,1.0000,0.002,,,,,,,
25,Left,1,0.0000,0.0000,0.0000,0.0000,0.0000,0.0000,1.0000,0.002,0.3546,0.0522,0.0549,-0.0773,-0.4936,-0.8656,-0.0323
25,Left,2,0.0291,-0.0177,0.0353,-0.0644,0.3497,-0.5972,0.7189,0.002,,,,,,,
25,Left,3,0.0000,0.0000,0.0325,0.2051,-0.0516,0.0819,0.9739,0.002,,,,,,,
25,Left,4,0.0000,0.0000,0.0338,0.2343,0.0394,-0.0746,0.9685,0.002,,,,,,,
25,Left,5,-0.0007,0.0010,0.0246,0.0000,0.0000,0.0000,1.0000,0.002,,,,,,,
25,Left,6,0.0193,-0.0103,0.0368,0.0000,0.0000,0.0000,1.0000,0.002,,,,,,,
25,Left,7,0.0043,0.0030,0.0591,0.4846,0.0092,-0.0519,0.8731,0.002,,,,,,,
25,Left,8,0.0000,0.0000,0.0379,0.6744,0.0121,0.0226,0.7380,0.002,,,,,,,
25,Left,9,0.0000,0.0000,0.0243,0.4683,-0.0153,0.0168,0.8833,0.002,,,,,,,
25,Left,10,-0.0003,0.0010,0.0224,0.0000,0.0000,0.0000,1.0000,0.002,,,,,,,
25,Left,11,0.0031,-0.0081,0.0347,0.0000,0.0000,0.0000,1.0000,0.002,,,,,,,
25,Left,12,-0.0013,0.0055,0.0610,0.5490,-0.0283,0.0242,0.8350,0.002,,,,,,,
25,Left,13,0.0000,0.0000,0.0429,0.5775,0.0029,0.0129,0.8163,0.002,,,,,,,
25,Left,14,0.0000,0.0000,0.0275,0.4763,0.0203,0.0850,0.8749,0.002,,,,,,,
25,Left,15,-0.0003,0.0011,0.0250,0.0000,0.0000,0.0000,1.0000,0.002,,,,,,,
25,Left,16,-0.0150,-0.0060,0.0348,0.0000,0.0000,0.0000,1.0000,0.002,,,,,,,
25,Left,17,-0.0025,-0.0005,0.0539,0.5451,-0.0290,0.0747,0.8346,0.002,,,,,,,
25,Left,18,0.0000,0.0000,0.0390,0.6375,0.0191,0.0419,0.7691,0.002,,,,,,,
25,Left,19,0.0000,0.0000,0.0266,0.5283,0.0273,0.0287,0.8481,0.002,,,,,,,
25,Left,20,-0.0003,0.0016,0.0243,0.0000,0.0000,0.0000,1.0000,0.002,,,,,,,
25,Left,21,-0.0230,-0.0094,0.0341,0.0183,-0.1403,0.2070,0.9681,0.002,,,,,,,
25,Left,22,0.0000,0.0000,0.0457,0.4589,-0.0280,-0.0673,0.8855,0.002,,,,,,,
25,Left,23,0.0000,0.0000,0.0307,0.6619,-0.0059,0.0871,0.7445,0.002,,,,,,,
25,Left,24,0.0000,0.0000,0.0203,0.5391,0.0410,-0.0025,0.8412,0.002,,,,,,,
25,Left,25,0.0002,0.0012,0.0219,0.0000,0.0000,0.0000,1.0000,0.002,,,,,,,
25,Right,0,-0.0023,-0.0053,0.0652,0.0000,0.0000,0.0000,1.0000,0.002,,,,,,,
25,Right,1,0.0000,0.0000,0.0000,0.0000,0.0000,0.0000,1.0000,0.002,-0.0469,-0.2924,0.0844,0.2024,0.4463,0.8677,-0.0836
25,Right,2,-0.0289,-0.0181,0.0355,-0.0757,-0.3254,0.5994,0.7274,0.002,,,,,,,
25,Right,3,0.0000,0.0000,0.0325,0.2622,0.0459,-0.0809,0.9605,0.002,,,,,,,
25,Right,4,0.0000,0.0000,0.0338,0.1628,-0.0461,0.0775,0.9825,0.002,,,,,,,
25,Right,5,0.0007,0.0010,0.0246,0.0000,0.0000,0.0000,1.0000,0.002,,,,,,,
25,Right,6,-0.0192,-0.0105,0.0369,0.0000,0.0000,0.0000,1.0000,0.002,,,,,,,
25,Right,7,-0.0044,0.0032,0.0591,0.1902,0.0674,0.0260,0.9791,0.002,,,,,,,
25,Right,8,0.0000,0.0000,0.0379,0.2065,0.0017,-0.0263,0.9781,0.002,,,,,,,
25,Right,9,0.0000,0.0000,0.0243,0.0680,0.0249,-0.0167,0.9972,0.002,,,,,,,
25,Right,10,0.0003,0.0010,0.0224,0.0000,0.0000,0.0000,1.0000,0.002,,,,,,,
25,Right,11,-0.0029,-0.0081,0.0348,0.0000,0.0000,0.0000,1.0000,0.002,,,,,,,
25,Right,12,0.0012,0.0056,0.0609,0.2752,0.0748,-0.0256,0.9581,0.002,,,,,,,
25,Right,13,0.0000,0.0000,0.0429,0.1494,0.0026,-0.0121,0.9887,0.002,,,,,,,
25,Right,14,0.0000,0.0000,0.0275,0.0169,-0.0002,-0.0453,0.9988,0.002,,,,,,,
25,Right,15,0.0003,0.0011,0.0250,0.0000,0.0000,0.0000,1.0000,0.002,,,,,,,
25,Right,16,0.0150,-0.0060,0.0348,0.0000,0.0000,0.0000,1.0000,0.002,,,,,,,
25,Right,17,0.0025,-0.0005,0.0539,0.2114,0.0764,-0.0654,0.9722,0.002,,,,,,,
25,Right,18,0.0000,0.0000,0.0390,0.1415,-0.0018,-0.0367,0.9893,0.002,,,,,,,
25,Right,19,0.0000,0.0000,0.0266,0.0617,-0.0295,-0.0075,0.9976,0.002,,,,,,,
25,Right,20,0.0003,0.0016,0.0243,0.0000,0.0000,0.0000,1.0000,0.002,,,,,,,
25,Right,21,0.0230,-0.0094,0.0341,0.0183,0.1403,-0.2070,0.9681,0.002,,,,,,,
25,Right,22,0.0000,0.0000,0.0457,0.0883,-0.0124,0.0893,0.9920,0.002,,,,,,,
25,Right,23,0.0000,0.0000,0.0307,0.1776,0.0348,-0.0537,0.9820,0.002,,,,,,,
25,Right,24,0.0000,0.0000,0.0203,0.0086,-0.0492,0.0008,0.9988,0.002,,,,,,,
25,Right,25,-0.0002,0.0012,0.0219,0.0000,0.0000,0.0000,1.0000,0.002,,,,,,,
26,Left,0,0.0024,-0.0053,0.0652,0.0000,0.0000,0.0000,1.0000,0.003,,,,,,,
26,Left,1,0.0000,0.0000,0.0000,0.0000,0.0000,0.0000,1.0000,0.003,0.3546,0.0522,0.0549,-0.0773,-0.4936,-0.8656,-0.0323
26,Left,2,0.0291,-0.0177,0.0353,-0.0644,0.3497,-0.5972,0.7189,0.003,,,,,,,
26,Left,3,0.0000,0.0000,0.0325,0.2051,-0.0516,0.0819,0.9739,0.003,,,,,,,
26,Left,4,0.0000,0.0000,0.0338,0.2343,0.0394,-0.0746,0.9685,0.003,,,,,,,
26,Left,5,-0.0007,0.0010,0.0246,0.0000,0.0000,0.0000,1.0000,0.003,,,,,,,
26,Left,6,0.0193,-0.0103,0.0368,0.0000,0.0000,0.0000,1.0000,0.003,,,,,,,
26,Left,7,0.0043,0.0030,0.0591,0.4846,0.0092,-0.0519,0.8731,0.003,,,,,,,
26,Left,8,0.0000,0.0000,0.0379,0.6744,0.0121,0.0226,0.7380,0.003,,,,,,,
26,Left,9,0.0000,0.0000,0.0243,0.4683,-0.0153,0.0168,0.8833,0.003,,,,,,,
26,Left,10,-0.0003,0.0010,0.0224,0.0000,0.0000,0.0000,1.0000,0.003,,,,,,,
26,Left,11,0.0031,-0.0081,0.0347,0.0000,0.0000,0.0000,1.0000,0.003,,,,,,,
26,Left,12,-0.0013,0.0055,0.0610,0.5490,-0.0283,0.0242,0.8350,0.003,,,,,,,
26,Left,13,0.0000,0.0000,0.0429,0.5775,0.0029,0.0129,0.8163,0.003,,,,,,,
26,Left,14,0.0000,0.0000,0.0275,0.4764,0.0203,0.0850,0.8749,0.003,,,,,,,
26,Left,15,-0.0003,0.0011,0.0250,0.0000,0.0000,0.0000,1.0000,0.003,,,,,,,
26,Left,16,-0.0150,-0.0060,0.0348,0.0000,0.0000,0.0000,1.0000,0.003,,,,,,,
26,Left,17,-0.0025,-0.0005,0.0539,0.5451,-0.0290,0.0747,0.8346,0.003,,,,,,,
26,Left,18,0.0000,0.0000,0.0390,0.6375,0.0191,0.0419,0.7691,0.003,,,,,,,
26,Left,19,0.0000,0.0000,0.0266,0.5283,0.0273,0.0287,0.8481,0.003,,,,,,,
26,Left,20,-0.0003,0.0016,0.0243,0.0000,0.0000,0.0000,1.0000,0.003,,,,,,,
26,Left,21,-0.0230,-0.0094,0.0341,0.0183,-0.1403,0.2070,0.9681,0.003,,,,,,,
26,Left,22,0.0000,0.0000,0.0457,0.4589,-0.0280,-0.0673,0.8855,0.003,,,,,,,
26,Left,23,0.0000,0.0000,0.0307,0.6619,-0.0059,0.0871,0.7445,0.003,,,,,,,
26,Left,24,0.0000,0.0000,0.0203,0.5391,0.0410,-0.0025,0.8412,0.003,,,,,,,
26,Left,25,0.0002,0.0012,0.0219,0.0000,0.0000,0.0000,1.0000,0.003,,,,,,,
26,Right,0,-0.0023,-0.0053,0.0652,0.0000,0.0000,0.0000,1.0000,0.003,,,,,,,
26,Right,1,0.0000,0.0000,0.0000,0.0000,0.0000,0.0000,1.0000,0.003,-0.0469,-0.2924,0.0844,0.2024,0.4463,0.8677,-0.0836
26,Right,2,-0.0289,-0.0181,0.0355,-0.0757,-0.3254,0.5994,0.7274,0.003,,,,,,,
26,Right,3,0.0000,0.0000,0.0325,0.2622,0.0459,-0.0809,0.9605,0.003,,,,,,,
26,Right,4,0.0000,0.0000,0.0338,0.1628,-0.0461,0.0775,0.9825,0.003,,,,,,,
26,Right,5,0.0007,0.0010,0.0246,0.0000,0.0000,0.0000,1.0000,0.003,,,,,,,
26,Right,6,-0.0192,-0.0105,0.0369,0.0000,0.0000,0.0000,1.0000,0.003,,,,,,,
26,Right,7,-0.0044,0.0032,0.0591,0.1902,0.0674,0.0260,0.9791,0.003,,,,,,,
26,Right,8,0.0000,0.0000,0.0379,0.2065,0.0017,-0.0263,0.9781,0.003,,,,,,,
26,Right,9,0.0000,0.0000,0.0243,0.0680,0.0249,-0.0167,0.9972,0.003,,,,,,,
26,Right,10,0.0003,0.0010,0.0224,0.0000,0.0000,0.0000,1.0000,0.003,,,,,,,
26,Right,11,-0.0029,-0.0081,0.0348,0.0000,0.0000,0.0000,1.0000,0.003,,,,,,,
26,Right,12,0.0012,0.0056,0.0609,0.2752,0.0748,-0.0256,0.9581,0.003,,,,,,,
26,Right,13,0.0000,0.0000,0.0429,0.1494,0.0026,-0.0121,0.9887,0.003,,,,,,,
26,Right,14,0.0000,0.0000,0.0275,0.0169,-0.0002,-0.0453,0.9988,0.003,,,,,,,
26,Right,15,0.0003,0.0011,0.0250,0.0000,0.0000,0.0000,1.0000,0.003,,,,,,,
26,Right,16,0.0150,-0.0060,0.0348,0.0000,0.0000,0.0000,1.0000,0.003,,,,,,,
26,Right,17,0.0025,-0.0005,0.0539,0.2114,0.0764,-0.0654,0.9722,0.003,,,,,,,
26,Right,18,0.0000,0.0000,0.0390,0.1415,-0.0018,-0.0367,0.9893,0.003,,,,,,,
26,Right,19,0.0000,0.0000,0.0266,0.0617,-0.0295,-0.0075,0.9976,0.003,,,,,,,
26,Right,20,0.0003,0.0016,0.0243,0.0000,0.0000,0.0000,1.0000,0.003,,,,,,,
26,Right,21,0.0230,-0.0094,0.0341,0.0183,0.1403,-0.2070,0.9681,0.003,,,,,,,
26,Right,22,0.0000,0.0000,0.0457,0.0883,-0.0124,0.0893,0.9920,0.003,,,,,,,
26,Right,23,0.0000,0.0000,0.0307,0.1776,0.0348,-0.0537,0.9820,0.003,,,,,,,
26,Right,24,0.0000,0.0000,0.0203,0.0086,-0.0492,0.0008,0.9988,0.003,,,,,,,
26,Right,25,-0.0002,0.0012,0.0219,0.0000,0.0000,0.0000,1.0000,0.003,,,,,,,
27,Left,0,0.0024,-0.0053,0.0652,0.0000,0.0000,0.0000,1.0000,0.003,,,,,,,
27,Left,1,0.0000,0.0000,0.0000,0.0000,0.0000,0.0000,1.0000,0.003,0.3546,0.0522,0.0549,-0.0773,-0.4936,-0.8656,-0.0323
27,Left,2,0.0291,-0.0177,0.0353,-0.0644,0.3497,-0.5972,0.7189,0.003,,,,,,,
27,Left,3,0.0000,0.0000,0.0325,0.2051,-0.0516,0.0819,0.9739,0.003,,,,,,,
27,Left,4,0.0000,0.0000,0.0338,0.2343,0.0394,-0.0746,0.9685,0.003,,,,,,,
27,Left,5,-0.0007,0.0010,0.0246,0.0000,0.0000,0.0000,1.0000,0.003,,,,,,,
27,Left,6,0.0193,-0.0103,0.0368,0.0000,0.0000,0.0000,1.0000,0.003,,,,,,,
27,Left,7,0.0043,0.0030,0.0591,0.4846,0.0092,-0.0519,0.8731,0.003,,,,,,,
27,Left,8,0.0000,0.0000,0.0379,0.6744,0.0121,0.0226,0.7379,0.003,,,,,,,
27,Left,9,0.0000,0.0000,0.0243,0.4683,-0.0153,0.0168,0.8833,0.003,,,,,,,
27,Left,10,-0.0003,0.0010,0.0224,0.0000,0.0000,0.0000,1.0000,0.003,,,,,,,
27,Left,11,0.0031,-0.0081,0.0347,0.0000,0.0000,0.0000,1.0000,0.003,,,,,,,
27,Left,12,-0.0013,0.0055,0.0610,0.5491,-0.0283,0.0242,0.8350,0.003,,,,,,,
27,Left,13,0.0000,0.0000,0.0429,0.5775,0.0029,0.0129,0.8162,0.003,,,,,,,
27,Left,14,0.0000,0.0000,0.0275,0.4764,0.0203,0.0850,0.8749,0.003,,,,,,,
27,Left,15,-0.0003,0.0011,0.0250,0.0000,0.0000,0.0000,1.0000,0.003,,,,,,,
27,Left,16,-0.0150,-0.0060,0.0348,0.0000,0.0000,0.0000,1.0000,0.003,,,,,,,
27,Left,17,-0.0025,-0.0005,0.0539,0.5451,-0.0290,0.0747,0.8345,0.003,,,,,,,
27,Left,18,0.0000,0.0000,0.0390,0.6375,0.0191,0.0419,0.7691,0.003,,,,,,,
27,Left,19,0.0000,0.0000,0.0266,0.5283,0.0273,0.0287,0.8481,0.003,,,,,,,
27,Left,20,-0.0003,0.0016,0.0243,0.0000,0.0000,0.0000,1.0000,0.003,,,,,,,
27,Left,21,-0.0230,-0.0094,0.0341,0.0183,-0.1403,0.2070,0.9681,0.003,,,,,,,
27,Left,22,0.0000,0.0000,0.0457,0.4589,-0.0280,-0.0673,0.8855,0.003,,,,,,,
27,Left,23,0.0000,0.0000,0.0307,0.6619,-0.0059,0.0871,0.7445,0.003,,,,,,,
27,Left,24,0.0000,0.0000,0.0203,0.5391,0.0410,-0.0025,0.8412,0.003,,,,,,,
27,Left,25,0.0002,0.0012,0.0219,0.0000,0.0000,0.0000,1.0000,0.003,,,,,,,
27,Right,0,-0.0023,-0.0053,0.0652,0.0000,0.0000,0.0000,1.0000,0.003,,,,,,,
27,Right,1,0.0000,0.0000,0.0000,0.0000,0.0000,0.0000,1.0000,0.003,-0.0469,-0.2924,0.0844,0.2024,0.4463,0.8677,-0.0836
27,Right,2,-0.0289,-0.0181,0.0355,-0.0757,-0.3255,0.5994,0.7274,0.003,,,,,,,
27,Right,3,0.0000,0.0000,0.0325,0.2622,0.0459,-0.0809,0.9605,0.003,,,,,,,
27,Right,4,0.0000,0.0000,0.0338,0.1628,-0.0461,0.0775,0.9825,0.003,,,,,,,
27,Right,5,0.0007,0.0010,0.0246,0.0000,0.0000,0.0000,1.0000,0.003,,,,,,,
27,Right,6,-0.0192,-0.0105,0.0369,0.0000,0.0000,0.0000,1.0000,0.003,,,,,,,
27,Right,7,-0.0044,0.0032,0.0591,0.1902,0.0674,0.0260,0.9791,0.003,,,,,,,
27,Right,8,0.0000,0.0000,0.0379,0.2065,0.0017,-0.0263,0.9781,0.003,,,,,,,
27,Right,9,0.0000,0.0000,0.0243,0.0680,0.0249,-0.0167,0.9972,0.003,,,,,,,
27,Right,10,0.0003,0.0010,0.0224,0.0000,0.0000,0.0000,1.0000,0.003,,,,,,,
27,Right,11,-0.0029,-0.0081,0.0348,0.0000,0.0000,0.0000,1.0000,0.003,,,,,,,
27,Right,12,0.0012,0.0056,0.0609,0.2752,0.0748,-0.0256,0.9581,0.003,,,,,,,
27,Right,13,0.0000,0.0000,0.0429,0.1494,0.0026,-0.0121,0.9887,0.003,,,,,,,
27,Right,14,0.0000,0.0000,0.0275,0.0169,-0.0002,-0.0453,0.9988,0.003,,,,,,,
27,Right,15,0.0003,0.0011,0.0250,0.0000,0.0000,0.0000,1.0000,0.003,,,,,,,
27,Right,16,0.0150,-0.0060,0.0348,0.0000,0.0000,0.0000,1.0000,0.003,,,,,,,
27,Right,17,0.0025,-0.0005,0.0539,0.2114,0.0764,-0.0654,0.9722,0.003,,,,,,,
27,Right,18,0.0000,0.0000,0.0390,0.1415,-0.0018,-0.0367,0.9893,0.003,,,,,,,
27,Right,19,0.0000,0.0000,0.0266,0.0617,-0.0295,-0.0075,0.9976,0.003,,,,,,,
27,Right,20,0.0003,0.0016,0.0243,0.0000,0.0000,0.0000,1.0000,0.003,,,,,,,
27,Right,21,0.0230,-0.0094,0.0341,0.0183,0.1403,-0.2070,0.9681,0.003,,,,,,,
27,Right,22,0.0000,0.0000,0.0457,0.0883,-0.0124,0.0893,0.9920,0.003,,,,,,,
27,Right,23,0.0000,0.0000,0.0307,0.1776,0.0348,-0.0537,0.9820,0.003,,,,,,,
27,Right,24,0.0000,0.0000,0.0203,0.0086,-0.0492,0.0008,0.9988,0.003,,,,,,,
27,Right,25,-0.0002,0.0012,0.0219,0.0000,0.0000,0.0000,1.0000,0.003,,,,,,,
28,Left,0,0.0024,-0.0053,0.0652,0.0000,0.0000,0.0000,1.0000,0.003,,,,,,,
28,Left,1,0.0000,0.0000,0.0000,0.0000,0.0000,0.0000,1.0000,0.003,0.3546,0.0522,0.0549,-0.0773,-0.4936,-0.8656,-0.0323
28,Left,2,0.0291,-0.0177,0.0353,-0.0644,0.3497,-0.5972,0.7189,0.003,,,,,,,
28,Left,3,0.0000,0.0000,0.0325,0.2051,-0.0516,0.0819,0.9739,0.003,,,,,,,
28,Left,4,0.0000,0.0000,0.0338,0.2343,0.0394,-0.0746,0.9685,0.003,,,,,,,
28,Left,5,-0.0007,0.0010,0.0246,0.0000,0.0000,0.0000,1.0000,0.003,,,,,,,
28,Left,6,0.0193,-0.0103,0.0368,0.0000,0.0000,0.0000,1.0000,0.003,,,,,,,
28,Left,7,0.0043,0.0030,0.0591,0.4846,0.0092,-0.0519,0.8731,0.003,,,,,,,
28,Left,8,0.0000,0.0000,0.0379,0.6744,0.0121,0.0226,0.7379,0.003,,,,,,,
28,Left,9,0.0000,0.0000,0.0243,0.4683,-0.0153,0.0168,0.8833,0.003,,,,,,,
28,Left,10,-0.0003,0.0010,0.0224,0.0000,0.0000,0.0000,1.0000,0.003,,,,,,,
28,Left,11,0.0031,-0.0081,0.0347,0.0000,0.0000,0.0000,1.0000,0.003,,,,,,,
28,Left,12,-0.0013,0.0055,0.0610,0.5491,-0.0283,0.0242,0.8350,0.003,,,,,,,
28,Left,13,0.0000,0.0000,0.0429,0.5776,0.0029,0.0129,0.8162,0.003,,,,,,,
28,Left,14,0.0000,0.0000,0.0275,0.4764,0.0203,0.0850,0.8749,0.003,,,,,,,
28,Left,15,-0.0003,0.0011,0.0250,0.0000,0.0000,0.0000,1.0000,0.003,,,,,,,
28,Left,16,-0.0150,-0.0060,0.0348,0.0000,0.0000,0.0000,1.0000,0.003,,,,,,,
28,Left,17,-0.0025,-0.0005,0.0539,0.5451,-0.0290,0.0747,0.8345,0.003,,,,,,,
28,Left,18,0.0000,0.0000,0.0390,0.6375,0.0191,0.0419,0.7690,0.003,,,,,,,
28,Left,19,0.0000,0.0000,0.0266,0.5283,0.0273,0.0287,0.8481,0.003,,,,,,,
28,Left,20,-0.0003,0.0016,0.0243,0.0000,0.0000,0.0000,1.0000,0.003,,,,,,,
28,Left,21,-0.0230,-0.0094,0.0341,0.0183,-0.1403,0.2070,0.9681,0.003,,,,,,,
28,Left,22,0.0000,0.0000,0.0457,0.4589,-0.0280,-0.0673,0.8855,0.003,,,,,,,
28,Left,23,0.0000,0.0000,0.0307,0.6620,-0.0059,0.0871,0.7444,0.003,,,,,,,
28,Left,24,0.0000,0.0000,0.0203,0.5391,0.0410,-0.0025,0.8412,0.003,,,,,,,
28,Left,25,0.0002,0.0012,0.0219,0.0000,0.0000,0.0000,1.0000,0.003,,,,,,,
28,Right,0,-0.0023,-0.0053,0.0652,0.0000,0.0000,0.0000,1.0000,0.003,,,,,,,
28,Right,1,0.0000,0.0000,0.0000,0.0000,0.0000,0.0000,1.0000,0.003,-0.0469,-0.2924,0.0844,0.2024,0.4463,0.8677,-0.0836
28,Right,2,-0.0289,-0.0181,0.0355,-0.0757,-0.3255,0.5994,0.7274,0.003,,,,,,,
28,Right,3,0.0000,0.0000,0.0325,0.2622,0.0459,-0.0809,0.9605,0.003,,,,,,,
28,Right,4,0.0000,0.0000,0.0338,0.1628,-0.0461,0.0775,0.9825,0.003,,,,,,,
28,Right,5,0.0007,0.0010,0.0246,0.0000,0.0000,0.0000,1.0000,0.003,,,,,,,
28,Right,6,-0.0192,-0.0105,0.0369,0.0000,0.0000,0.0000,1.0000,0.003,,,,,,,
28,Right,7,-0.0044,0.0032,0.0591,0.1902,0.0674,0.0260,0.9791,0.003,,,,,,,
28,Right,8,0.0000,0.0000,0.0379,0.2065,0.0017,-0.0263,0.9781,0.003,,,,,,,
28,Right,9,0.0000,0.0000,0.0243,0.0680,0.0249,-0.0167,0.9972,0.003,,,,,,,
28,Right,10,0.0003,0.0010,0.0224,0.0000,0.0000,0.0000,1.0000,0.003,,,,,,,
28,Right,11,-0.0029,-0.0081,0.0348,0.0000,0.0000,0.0000,1.0000,0.003,,,,,,,
28,Right,12,0.0012,0.0056,0.0609,0.2752,0.0748,-0.0256,0.9581,0.003,,,,,,,
28,Right,13,0.0000,0.0000,0.0429,0.1494,0.0026,-0.0121,0.9887,0.003,,,,,,,
28,Right,14,0.0000,0.0000,0.0275,0.0169,-0.0002,-0.0453,0.9988,0.003,,,,,,,
28,Right,15,0.0003,0.0011,0.0250,0.0000,0.0000,0.0000,1.0000,0.003,,,,,,,
28,Right,16,0.0150,-0.0060,0.0348,0.0000,0.0000,0.0000,1.0000,0.003,,,,,,,
28,Right,17,0.0025,-0.0005,0.0539,0.2114,0.0764,-0.0654,0.9722,0.003,,,,,,,
28,Right,18,0.0000,0.0000,0.0390,0.1415,-0.0018,-0.0367,0.9893,0.003,,,,,,,
28,Right,19,0.0000,0.0000,0.0266,0.0617,-0.0295,-0.0075,0.9976,0.003,,,,,,,
28,Right,20,0.0003,0.0016,0.0243,0.0000,0.0000,0.0000,1.0000,0.003,,,,,,,
28,Right,21,0.0230,-0.0094,0.0341,0.0183,0.1403,-0.2070,0.9681,0.003,,,,,,,
28,Right,22,0.0000,0.0000,0.0457,0.0883,-0.0124,0.0893,0.9920,0.003,,,,,,,
28,Right,23,0.0000,0.0000,0.0307,0.1776,0.0348,-0.0537,0.9820,0.003,,,,,,,
28,Right,24,0.0000,0.0000,0.0203,0.0086,-0.0492,0.0008,0.9988,0.003,,,,,,,
28,Right,25,-0.0002,0.0012,0.0219,0.0000,0.0000,0.0000,1.0000,0.003,,,,,,,
29,Left,0,0.0024,-0.0053,0.0652,0.0000,0.0000,0.0000,1.0000,0.003,,,,,,,
29,Left,1,0.0000,0.0000,0.0000,0.0000,0.0000,0.0000,1.0000,0.003,0.3546,0.0522,0.0549,-0.0773,-0.4936,-0.8656,-0.0323
29,Left,2,0.0291,-0.0177,0.0353,-0.0644,0.3497,-0.5972,0.7189,0.003,,,,,,,
29,Left,3,0.0000,0.0000,0.0325,0.2051,-0.0516,0.0819,0.9739,0.003,,,,,,,
29,Left,4,0.0000,0.0000,0.0338,0.2343,0.0394,-0.0746,0.9685,0.003,,,,,,,
29,Left,5,-0.0007,0.0010,0.0246,0.0000,0.0000,0.0000,1.0000,0.003,,,,,,,
29,Left,6,0.0193,-0.0103,0.0368,0.0000,0.0000,0.0000,1.0000,0.003,,,,,,,
29,Left,7,0.0043,0.0030,0.0591,0.4846,0.0092,-0.0519,0.8731,0.003,,,,,,,
29,Left,8,0.0000,0.0000,0.0379,0.6744,0.0121,0.0226,0.7379,0.003,,,,,,,
29,Left,9,0.0000,0.0000,0.0243,0.4683,-0.0153,0.0168,0.8833,0.003,,,,,,,
29,Left,10,-0.0003,0.0010,0.0224,0.0000,0.0000,0.0000,1.0000,0.003,,,,,,,
29,Left,11,0.0031,-0.0081,0.0347,0.0000,0.0000,0.0000,1.0000,0.003,,,,,,,
29,Left,12,-0.0013,0.0055,0.0610,0.5491,-0.0283,0.0242,0.8350,0.003,,,,,,,
29,Left,13,0.0000,0.0000,0.0429,0.5776,0.0029,0.0129,0.8162,0.003,,,,,,,
29,Left,14,0.0000,0.0000,0.0275,0.4764,0.0203,0.0850,0.8749,0.003,,,,,,,
29,Left,15,-0.0003,0.0011,0.0250,0.0000,0.0000,0.0000,1.0000,0.003,,,,,,,
29,Left,16,-0.0150,-0.0060,0.0348,0.0000,0.0000,0.0000,1.0000,0.003,,,,,,,
29,Left,17,-0.0025,-0.0005,0.0539,0.5451,-0.0290,0.0747,0.8345,0.003,,,,,,,
29,Left,18,0.0000,0.0000,0.0390,0.6375,0.0191,0.0419,0.7690,0.003,,,,,,,
29,Left,19,0.0000,0.0000,0.0266,0.5283,0.0273,0.0287,0.8481,0.003,,,,,,,
29,Left,20,-0.0003,0.0016,0.0243,0.0000,0.0000,0.0000,1.0000,0.003,,,,,,,
29,Left,21,-0.0230,-0.0094,0.0341,0.0183,-0.1403,0.2070,0.9681,0.003,,,,,,,
29,Left,22,0.0000,0.0000,0.0457,0.4589,-0.0280,-0.0673,0.8855,0.003,,,,,,,
29,Left,23,0.0000,0.0000,0.0307,0.6620,-0.0059,0.0871,0.7444,0.003,,,,,,,
29,Left,24,0.0000,0.0000,0.0203,0.5391,0.0410,-0.0025,0.8412,0.003,,,,,,,
29,Left,25,0.0002,0.0012,0.0219,0.0000,0.0000,0.0000,1.0000,0.003,,,,,,,
29,Right,0,-0.0023,-0.0053,0.0652,0.0000,0.0000,0.0000,1.0000,0.003,,,,,,,
29,Right,1,0.0000,0.0000,0.0000,0.0000,0.0000,0.0000,1.0000,0.003,-0.0469,-0.2924,0.0844,0.2024,0.4463,0.8677,-0.0836
29,Right,2,-0.0289,-0.0181,0.0355,-0.0757,-0.3255,0.5994,0.7274,0.003,,,,,,,
29,Right,3,0.0000,0.0000,0.0325,0.2622,0.0459,-0.0809,0.9605,0.003,,,,,,,
29,Right,4,0.0000,0.0000,0.0338,0.1628,-0.0461,0.0775,0.9825,0.003,,,,,,,
29,Right,5,0.0007,0.0010,0.0246,0.0000,0.0000,0.0000,1.0000,0.003,,,,,,,
29,Right,6,-0.0192,-0.0105,0.0369,0.0000,0.0000,0.0000,1.0000,0.003,,,,,,,
29,Right,7,-0.0044,0.0032,0.0591,0.1902,0.0674,0.0260,0.9791,0.003,,,,,,,
29,Right,8,0.0000,0.0000,0.0379,0.2065,0.0017,-0.0263,0.9781,0.003,,,,,,,
29,Right,9,0.0000,0.0000,0.0243,0.0680,0.0249,-0.0167,0.9972,0.003,,,,,,,
29,Right,10,0.0003,0.0010,0.0224,0.0000,0.0000,0.0000,1.0000,0.003,,,,,,,
29,Right,11,-0.0029,-0.0081,0.0348,0.0000,0.0000,0.0000,1.0000,0.003,,,,,,,
29,Right,12,0.0012,0.0056,0.0609,0.2752,0.0748,-0.0256,0.9581,0.003,,,,,,,
29,Right,13,0.0000,0.0000,0.0429,0.1494,0.0026,-0.0121,0.9887,0.003,,,,,,,
29,Right,14,0.0000,0.0000,0.0275,0.0169,-0.0002,-0.0453,0.9988,0.003,,,,,,,
29,Right,15,0.0003,0.0011,0.0250,0.0000,0.0000,0.0000,1.0000,0.003,,,,,,,
29,Right,16,0.0150,-0.0060,0.0348,0.0000,0.0000,0.0000,1.0000,0.003,,,,,,,
29,Right,17,0.0025,-0.0005,0.0539,0.2114,0.0764,-0.0654,0.9722,0.003,,,,,,,
29,Right,18,0.0000,0.0000,0.0390,0.1415,-0.0018,-0.0367,0.9893,0.003,,,,,,,
29,Right,19,0.0000,0.0000,0.0266,0.0617,-0.0295,-0.0075,0.9976,0.003,,,,,,,
29,Right,20,0.0003,0.0016,0.0243,0.0000,0.0000,0.0000,1.0000,0.003,,,,,,,
29,Right,21,0.0230,-0.0094,0.0341,0.0183,0.1403,-0.2070,0.9681,0.003,,,,,,,
29,Right,22,0.0000,0.0000,0.0457,0.0883,-0.0124,0.0893,0.9920,0.003,,,,,,,
29,Right,23,0.0000,0.0000,0.0307,0.1776,0.0348,-0.0537,0.9820,0.003,,,,,,,
29,Right,24,0.0000,0.0000,0.0203,0.0086,-0.0492,0.0008,0.9988,0.003,,,,,,,
29,Right,25,-0.0002,0.0012,0.0219,0.0000,0.0000,0.0000,1.0000,0.003,,,,,,,
30,Left,0,0.0024,-0.0053,0.0652,0.0000,0.0000,0.0000,1.0000,0.003,,,,,,,
30,Left,1,0.0000,0.0000,0.0000,0.0000,0.0000,0.0000,1.0000,0.003,0.3546,0.0522,0.0548,-0.0773,-0.4936,-0.8656,-0.0323
30,Left,2,0.0291,-0.0177,0.0353,-0.0644,0.3497,-0.5972,0.7189,0.003,,,,,,,
30,Left,3,0.0000,0.0000,0.0325,0.2051,-0.0516,0.0819,0.9739,0.003,,,,,,,
30,Left,4,0.0000,0.0000,0.0338,0.2343,0.0394,-0.0746,0.9685,0.003,,,,,,,
30,Left,5,-0.0007,0.0010,0.0246,0.0000,0.0000,0.0000,1.0000,0.003,,,,,,,
30,Left,6,0.0193,-0.0103,0.0368,0.0000,0.0000,0.0000,1.0000,0.003,,,,,,,
30,Left,7,0.0043,0.0030,0.0591,0.4846,0.0092,-0.0519,0.8731,0.003,,,,,,,
30,Left,8,0.0000,0.0000,0.0379,0.6744,0.0121,0.0226,0.7379,0.003,,,,,,,
30,Left,9,0.0000,0.0000,0.0243,0.4684,-0.0153,0.0168,0.8833,0.003,,,,,,,
30,Left,10,-0.0003,0.0010,0.0224,0.0000,0.0000,0.0000,1.0000,0.003,,,,,,,
30,Left,11,0.0031,-0.0081,0.0347,0.0000,0.0000,0.0000,1.0000,0.003,,,,,,,
30,Left,12,-0.0013,0.0055,0.0610,0.5491,-0.0283,0.0242,0.8349,0.003,,,,,,,
30,Left,13,0.0000,0.0000,0.0429,0.5776,0.0029,0.0129,0.8162,0.003,,,,,,,
30,Left,14,0.0000,0.0000,0.0275,0.4764,0.0203,0.0850,0.8749,0.003,,,,,,,
30,Left,15,-0.0003,0.0011,0.0250,0.0000,0.0000,0.0000,1.0000,0.003,,,,,,,
30,Left,16,-0.0150,-0.0060,0.0348,0.0000,0.0000,0.0000,1.0000,0.003,,,,,,,
30,Left,17,-0.0025,-0.0005,0.0539,0.5451,-0.0290,0.0747,0.8345,0.003,,,,,,,
30,Left,18,0.0000,0.0000,0.0390,0.6376,0.0191,0.0419,0.7690,0.003,,,,,,,
30,Left,19,0.0000,0.0000,0.0266,0.5283,0.0273,0.0287,0.8481,0.003,,,,,,,
30,Left,20,-0.0003,0.0016,0.0243,0.0000,0.0000,0.0000,1.0000,0.003,,,,,,,
30,Left,21,-0.0230,-0.0094,0.0341,0.0183,-0.1403,0.2070,0.9681,0.003,,,,,,,
30,Left,22,0.0000,0.0000,0.0457,0.4590,-0.0280,-0.0673,0.8855,0.003,,,,,,,
30,Left,23,0.0000,0.0000,0.0307,0.6620,-0.0059,0.0871,0.7444,0.003,,,,,,,
30,Left,24,0.0000,0.0000,0.0203,0.5391,0.0410,-0.0025,0.8412,0.003,,,,,,,
30,Left,25,0.0002,0.0012,0.0219,0.0000,0.0000,0.0000,1.0000,0.003,,,,,,,
30,Right,0,-0.0023,-0.0053,0.0652,0.0000,0.0000,0.0000,1.0000,0.003,,,,,,,
30,Right,1,0.0000,0.0000,0.0000,0.0000,0.0000,0.0000,1.0000,0.003,-0.0469,-0.2924,0.0844,0.2024,0.4463,0.8677,-0.0836
30,Right,2,-0.0289,-0.0181,0.0355,-0.0757,-0.3255,0.5994,0.7274,0.003,,,,,,,
30,Right,3,0.0000,0.0000,0.0325,0.2622,0.0459,-0.0809,0.9605,0.003,,,,,,,
30,Right,4,0.0000,0.0000,0.0338,0.1628,-0.0461,0.0775,0.9825,0.003,,,,,,,
30,Right,5,0.0007,0.0010,0.0246,0.0000,0.0000,0.0000,1.0000,0.003,,,,,,,
30,Right,6,-0.0192,-0.0105,0.0369,0.0000,0.0000,0.0000,1.0000,0.003,,,,,,,
30,Right,7,-0.0044,0.0032,0.0591,0.1902,0.0674,0.0260,0.9791,0.003,,,,,,,
30,Right,8,0.0000,0.0000,0.0379,0.2065,0.0017,-0.0263,0.9781,0.003,,,,,,,
30,Right,9,0.0000,0.0000,0.0243,0.0680,0.0249,-0.0167,0.9972,0.003,,,,,,,
30,Right,10,0.0003,0.0010,0.0224,0.0000,0.0000,0.0000,1.0000,0.003,,,,,,,
30,Right,11,-0.0029,-0.0081,0.0348,0.0000,0.0000,0.0000,1.0000,0.003,,,,,,,
30,Right,12,0.0012,0.0056,0.0609,0.2752,0.0748,-0.0256,0.9581,0.003,,,,,,,
30,Right,13,0.0000,0.0000,0.0429,0.1494,0.0026,-0.0121,0.9887,0.003,,,,,,,
30,Right,14,0.0000,0.0000,0.0275,0.0169,-0.0002,-0.0453,0.9988,0.003,,,,,,,
30,Right,15,0.0003,0.0011,0.0250,0.0000,0.0000,0.0000,1.0000,0.003,,,,,,,
30,Right,16,0.0150,-0.0060,0.0348,0.0000,0.0000,0.0000,1.0000,0.003,,,,,,,
30,Right,17,0.0025,-0.0005,0.0539,0.2114,0.0764,-0.0654,0.9722,0.003,,,,,,,
30,Right,18,0.0000,0.0000,0.0390,0.1415,-0.0018,-0.0367,0.9893,0.003,,,,,,,
30,Right,19,0.0000,0.0000,0.0266,0.0617,-0.0295,-0.0075,0.9976,0.003,,,,,,,
30,Right,20,0.0003,0.0016,0.0243,0.0000,0.0000,0.0000,1.0000,0.003,,,,,,,
30,Right,21,0.0230,-0.0094,0.0341,0.0183,0.1403,-0.2070,0.9681,0.003,,,,,,,
30,Right,22,0.0000,0.0000,0.0457,0.0883,-0.0124,0.0893,0.9920,0.003,,,,,,,
30,Right,23,0.0000,0.0000,0.0307,0.1776,0.0348,-0.0537,0.9820,0.003,,,,,,,
30,Right,24,0.0000,0.0000,0.0203,0.0086,-0.0492,0.0008,0.9988,0.003,,,,,,,
30,Right,25,-0.0002,0.0012,0.0219,0.0000,0.0000,0.0000,1.0000,0.003,,,,,,,
31,Left,0,0.0024,-0.0053,0.0652,0.0000,0.0000,0.0000,1.0000,0.003,,,,,,,
31,Left,1,0.0000,0.0000,0.0000,0.0000,0.0000,0.0000,1.0000,0.003,0.3546,0.0522,0.0548,-0.0773,-0.4936,-0.8656,-0.0323
31,Left,2,0.0291,-0.0177,0.0353,-0.0644,0.3497,-0.5972,0.7189,0.003,,,,,,,
31,Left,3,0.0000,0.0000,0.0325,0.2052,-0.0516,0.0819,0.9739,0.003,,,,,,,
31,Left,4,0.0000,0.0000,0.0338,0.2343,0.0394,-0.0746,0.9685,0.003,,,,,,,
31,Left,5,-0.0007,0.0010,0.0246,0.0000,0.0000,0.0000,1.0000,0.003,,,,,,,
31,Left,6,0.0193,-0.0103,0.0368,0.0000,0.0000,0.0000,1.0000,0.003,,,,,,,
31,Left,7,0.0043,0.0030,0.0591,0.4846,0.0092,-0.0519,0.8731,0.003,,,,,,,
31,Left,8,0.0000,0.0000,0.0379,0.6744,0.0121,0.0226,0.7379,0.003,,,,,,,
31,Left,9,0.0000,0.0000,0.0243,0.4684,-0.0153,0.0168,0.8832,0.003,,,,,,,
31,Left,10,-0.0003,0.0010,0.0224,0.0000,0.0000,0.0000,1.0000,0.003,,,,,,,
31,Left,11,0.0031,-0.0081,0.0347,0.0000,0.0000,0.0000,1.0000,0.003,,,,,,,
31,Left,12,-0.0013,0.0055,0.0610,0.5491,-0.0283,0.0242,0.8349,0.003,,,,,,,
31,Left,13,0.0000,0.0000,0.0429,0.5776,0.0029,0.0129,0.8162,0.003,,,,,,,
31,Left,14,0.0000,0.0000,0.0275,0.4764,0.0203,0.0850,0.8749,0.003,,,,,,,
31,Left,15,-0.0003,0.0011,0.0250,0.0000,0.0000,0.0000,1.0000,0.003,,,,,,,
31,Left,16,-0.0150,-0.0060,0.0348,0.0000,0.0000,0.0000,1.0000,0.003,,,,,,,
31,Left,17,-0.0025,-0.0005,0.0539,0.5451,-0.0290,0.0747,0.8345,0.003,,,,,,,
31,Left,18,0.0000,0.0000,0.0390,0.6376,0.0191,0.0419,0.7690,0.003,,,,,,,
31,Left,19,0.0000,0.0000,0.0266,0.5283,0.0273,0.0287,0.8481,0.003,,,,,,,
31,Left,20,-0.0003,0.0016,0.0243,0.0000,0.0000,0.0000,1.0000,0.003,,,,,,,
31,Left,21,-0.0230,-0.0094,0.0341,0.0183,-0.1403,0.2070,0.9681,0.003,,,,,,,
31,Left,22,0.0000,0.0000,0.0457,0.4590,-0.0280,-0.0673,0.8855,0.003,,,,,,,
31,Left,23,0.0000,0.0000,0.0307,0.6620,-0.0059,0.0871,0.7444,0.003,,,,,,,
31,Left,24,0.0000,0.0000,0.0203,0.5391,0.0410,-0.0025,0.8412,0.003,,,,,,,
31,Left,25,0.0002,0.0012,0.0219,0.0000,0.0000,0.0000,1.0000,0.003,,,,,,,
31,Right,0,-0.0023,-0.0053,0.0652,0.0000,0.0000,0.0000,1.0000,0.003,,,,,,,
31,Right,1,0.0000,0.0000,0.0000,0.0000,0.0000,0.0000,1.0000,0.003,-0.0469,-0.2924,0.0844,0.2024,0.4463,0.8677,-0.0836
31,Right,2,-0.0289,-0.0181,0.0355,-0.0757,-0.3255,0.5994,0.7274,0.003,,,,,,,
31,Right,3,0.0000,0.0000,0.0325,0.2622,0.0459,-0.0809,0.9605,0.003,,,,,,,
31,Right,4,0.0000,0.0000,0.0338,0.1628,-0.0461,0.0775,0.9825,0.003,,,,,,,
31,Right,5,0.0007,0.0010,0.0246,0.0000,0.0000,0.0000,1.0000,0.003,,,,,,,
31,Right,6,-0.0192,-0.0105,0.0369,0.0000,0.0000,0.0000,1.0000,0.003,,,,,,,
31,Right,7,-0.0044,0.0032,0.0591,0.1902,0.0674,0.0260,0.9791,0.003,,,,,,,
31,Right,8,0.0000,0.0000,0.0379,0.2065,0.0017,-0.0263,0.9781,0.003,,,,,,,
31,Right,9,0.0000,0.0000,0.0243,0.0680,0.0249,-0.0167,0.9972,0.003,,,,,,,
31,Right,10,0.0003,0.0010,0.0224,0.0000,0.0000,0.0000,1.0000,0.003,,,,,,,
31,Right,11,-0.0029,-0.0081,0.0348,0.0000,0.0000,0.0000,1.0000,0.003,,,,,,,
31,Right,12,0.0012,0.0056,0.0609,0.2752,0.0748,-0.0256,0.9581,0.003,,,,,,,
31,Right,13,0.0000,0.0000,0.0429,0.1494,0.0026,-0.0121,0.9887,0.003,,,,,,,
31,Right,14,0.0000,0.0000,0.0275,0.0169,-0.0002,-0.0453,0.9988,0.003,,,,,,,
31,Right,15,0.0003,0.0011,0.0250,0.0000,0.0000,0.0000,1.0000,0.003,,,,,,,
31,Right,16,0.0150,-0.0060,0.0348,0.0000,0.0000,0.0000,1.0000,0.003,,,,,,,
31,Right,17,0.0025,-0.0005,0.0539,0.2114,0.0764,-0.0654,0.9722,0.003,,,,,,,
31,Right,18,0.0000,0.0000,0.0390,0.1415,-0.0018,-0.0367,0.9893,0.003,,,,,,,
31,Right,19,0.0000,0.0000,0.0266,0.0617,-0.0295,-0.0075,0.9976,0.003,,,,,,,
31,Right,20,0.0003,0.0016,0.0243,0.0000,0.0000,0.0000,1.0000,0.003,,,,,,,
31,Right,21,0.0230,-0.0094,0.0341,0.0183,0.1403,-0.2070,0.9681,0.003,,,,,,,
31,Right,22,0.0000,0.0000,0.0457,0.0883,-0.0124,0.0893,0.9920,0.003,,,,,,,
31,Right,23,0.0000,0.0000,0.0307,0.1776,0.0348,-0.0537,0.9820,0.003,,,,,,,
31,Right,24,0.0000,0.0000,0.0203,0.0086,-0.0492,0.0008,0.9988,0.003,,,,,,,
31,Right,25,-0.0002,0.0012,0.0219,0.0000,0.0000,0.0000,1.0000,0.003,,,,,,,
32,Left,0,0.0024,-0.0053,0.0652,0.0000,0.0000,0.0000,1.0000,0.003,,,,,,,
32,Left,1,0.0000,0.0000,0.0000,0.0000,0.0000,0.0000,1.0000,0.003,0.3546,0.0522,0.0548,-0.0773,-0.4936,-0.8656,-0.0323
32,Left,2,0.0291,-0.0177,0.0353,-0.0644,0.3497,-0.5972,0.7189,0.003,,,,,,,
32,Left,3,0.0000,0.0000,0.0325,0.2052,-0.0516,0.0819,0.9739,0.003,,,,,,,
32,Left,4,0.0000,0.0000,0.0338,0.2343,0.0394,-0.0746,0.9685,0.003,,,,,,,
32,Left,5,-0.0007,0.0010,0.0246,0.0000,0.0000,0.0000,1.0000,0.003,,,,,,,
32,Left,6,0.0193,-0.0103,0.0368,0.0000,0.0000,0.0000,1.0000,0.003,,,,,,,
32,Left,7,0.0043,0.0030,0.0591,0.4846,0.0092,-0.0519,0.8731,0.003,,,,,,,
32,Left,8,0.0000,0.0000,0.0379,0.6744,0.0121,0.0226,0.7379,0.003,,,,,,,
32,Left,9,0.0000,0.0000,0.0243,0.4684,-0.0153,0.0168,0.8832,0.003,,,,,,,
32,Left,10,-0.0003,0.0010,0.0224,0.0000,0.0000,0.0000,1.0000,0.003,,,,,,,
32,Left,11,0.0031,-0.0081,0.0347,0.0000,0.0000,0.0000,1.0000,0.003,,,,,,,
32,Left,12,-0.0013,0.0055,0.0610,0.5491,-0.0283,0.0242,0.8349,0.003,,,,,,,
32,Left,13,0.0000,0.0000,0.0429,0.5776,0.0029,0.0129,0.8162,0.003,,,,,,,
32,Left,14,0.0000,0.0000,0.0275,0.4764,0.0203,0.0850,0.8749,0.003,,,,,,,
32,Left,15,-0.0003,0.0011,0.0250,0.0000,0.0000,0.0000,1.0000,0.003,,,,,,,
32,Left,16,-0.0150,-0.0060,0.0348,0.0000,0.0000,0.0000,1.0000,0.003,,,,,,,
32,Left,17,-0.0025,-0.0005,0.0539,0.5451,-0.0290,0.0747,0.8345,0.003,,,,,,,
32,Left,18,0.0000,0.0000,0.0390,0.6376,0.0191,0.0419,0.7690,0.003,,,,,,,
32,Left,19,0.0000,0.0000,0.0266,0.5284,0.0273,0.0287,0.8481,0.003,,,,,,,
32,Left,20,-0.0003,0.0016,0.0243,0.0000,0.0000,0.0000,1.0000,0.003,,,,,,,
32,Left,21,-0.0230,-0.0094,0.0341,0.0183,-0.1403,0.2070,0.9681,0.003,,,,,,,
32,Left,22,0.0000,0.0000,0.0457,0.4590,-0.0280,-0.0673,0.8855,0.003,,,,,,,
32,Left,23,0.0000,0.0000,0.0307,0.6620,-0.0059,0.0871,0.7444,0.003,,,,,,,
32,Left,24,0.0000,0.0000,0.0203,0.5391,0.0410,-0.0025,0.8412,0.003,,,,,,,
32,Left,25,0.0002,0.0012,0.0219,0.0000,0.0000,0.0000,1.0000,0.003,,,,,,,
32,Right,0,-0.0023,-0.0053,0.0652,0.0000,0.0000,0.0000,1.0000,0.003,,,,,,,
32,Right,1,0.0000,0.0000,0.0000,0.0000,0.0000,0.0000,1.0000,0.003,-0.0469,-0.2924,0.0844,0.2024,0.4463,0.8677,-0.0836
32,Right,2,-0.0289,-0.0181,0.0355,-0.0757,-0.3255,0.5994,0.7274,0.003,,,,,,,
32,Right,3,0.0000,0.0000,0.0325,0.2622,0.0459,-0.0809,0.9605,0.003,,,,,,,
32,Right,4,0.0000,0.0000,0.0338,0.1628,-0.0461,0.0775,0.9825,0.003,,,,,,,
32,Right,5,0.0007,0.0010,0.0246,0.0000,0.0000,0.0000,1.0000,0.003,,,,,,,
32,Right,6,-0.0192,-0.0105,0.0369,0.0000,0.0000,0.0000,1.0000,0.003,,,,,,,
32,Right,7,-0.0044,0.0032,0.0591,0.1902,0.0674,0.0260,0.9791,0.003,,,,,,,
32,Right,8,0.0000,0.0000,0.0379,0.2065,0.0017,-0.0263,0.9781,0.003,,,,,,,
32,Right,9,0.0000,0.0000,0.0243,0.0680,0.0249,-0.0167,0.9972,0.003,,,,,,,
32,Right,10,0.0003,0.0010,0.0224,0.0000,0.0000,0.0000,1.0000,0.003,,,,,,,
32,Right,11,-0.0029,-0.0081,0.0348,0.0000,0.0000,0.0000,1.0000,0.003,,,,,,,
32,Right,12,0.0012,0.0056,0.0609,0.2752,0.0748,-0.0256,0.9581,0.003,,,,,,,
32,Right,13,0.0000,0.0000,0.0429,0.1494,0.0026,-0.0121,0.9887,0.003,,,,,,,
32,Right,14,0.0000,0.0000,0.0275,0.0169,-0.0002,-0.0453,0.9988,0.003,,,,,,,
32,Right,15,0.0003,0.0011,0.0250,0.0000,0.0000,0.0000,1.0000,0.003,,,,,,,
32,Right,16,0.0150,-0.0060,0.0348,0.0000,0.0000,0.0000,1.0000,0.003,,,,,,,
32,Right,17,0.0025,-0.0005,0.0539,0.2114,0.0764,-0.0654,0.9722,0.003,,,,,,,
32,Right,18,0.0000,0.0000,0.0390,0.1415,-0.0018,-0.0367,0.9893,0.003,,,,,,,
32,Right,19,0.0000,0.0000,0.0266,0.0617,-0.0295,-0.0075,0.9976,0.003,,,,,,,
32,Right,20,0.0003,0.0016,0.0243,0.0000,0.0000,0.0000,1.0000,0.003,,,,,,,
32,Right,21,0.0230,-0.0094,0.0341,0.0183,0.1403,-0.2070,0.9681,0.003,,,,,,,
32,Right,22,0.0000,0.0000,0.0457,0.0883,-0.0124,0.0893,0.9920,0.003,,,,,,,
32,Right,23,0.0000,0.0000,0.0307,0.1776,0.0348,-0.0537,0.9820,0.003,,,,,,,
32,Right,24,0.0000,0.0000,0.0203,0.0086,-0.0492,0.0008,0.9988,0.003,,,,,,,
32,Right,25,-0.0002,0.0012,0.0219,0.0000,0.0000,0.0000,1.0000,0.003,,,,,,,
33,Left,0,0.0024,-0.0053,0.0652,0.0000,0.0000,0.0000,1.0000,0.003,,,,,,,
33,Left,1,0.0000,0.0000,0.0000,0.0000,0.0000,0.0000,1.0000,0.003,0.3546,0.0522,0.0548,-0.0773,-0.4936,-0.8656,-0.0323
33,Left,2,0.0291,-0.0177,0.0353,-0.0644,0.3497,-0.5972,0.7189,0.003,,,,,,,
33,Left,3,0.0000,0.0000,0.0325,0.2052,-0.0516,0.0819,0.9739,0.003,,,,,,,
33,Left,4,0.0000,0.0000,0.0338,0.2343,0.0394,-0.0746,0.9685,0.003,,,,,,,
33,Left,5,-0.0007,0.0010,0.0246,0.0000,0.0000,0.0000,1.0000,0.003,,,,,,,
33,Left,6,0.0193,-0.0103,0.0368,0.0000,0.0000,0.0000,1.0000,0.003,,,,,,,
33,Left,7,0.0043,0.0030,0.0591,0.4846,0.0092,-0.0519,0.8731,0.003,,,,,,,
33,Left,8,0.0000,0.0000,0.0379,0.6744,0.0121,0.0226,0.7379,0.003,,,,,,,
33,Left,9,0.0000,0.0000,0.0243,0.4684,-0.0153,0.0168,0.8832,0.003,,,,,,,
33,Left,10,-0.0003,0.0010,0.0224,0.0000,0.0000,0.0000,1.0000,0.003,,,,,,,
33,Left,11,0.0031,-0.0081,0.0347,0.0000,0.0000,0.0000,1.0000,0.003,,,,,,,
33,Left,12,-0.0013,0.0055,0.0610,0.5491,-0.0283,0.0242,0.8349,0.003,,,,,,,
33,Left,13,0.0000,0.0000,0.0429,0.5776,0.0029,0.0129,0.8162,0.003,,,,,,,
33,Left,14,0.0000,0.0000,0.0275,0.4764,0.0203,0.0850,0.8749,0.003,,,,,,,
33,Left,15,-0.0003,0.0011,0.0250,0.0000,0.0000,0.0000,1.0000,0.003,,,,,,,
33,Left,16,-0.0150,-0.0060,0.0348,0.0000,0.0000,0.0000,1.0000,0.003,,,,,,,
33,Left,17,-0.0025,-0.0005,0.0539,0.5451,-0.0290,0.0747,0.8345,0.003,,,,,,,
33,Left,18,0.0000,0.0000,0.0390,0.6376,0.0191,0.0419,0.7690,0.003,,,,,,,
33,Left,19,0.0000,0.0000,0.0266,0.5284,0.0273,0.0287,0.8481,0.003,,,,,,,
33,Left,20,-0.0003,0.0016,0.0243,0.0000,0.0000,0.0000,1.0000,0.003,,,,,,,
33,Left,21,-0.0230,-0.0094,0.0341,0.0183,-0.1403,0.2070,0.9681,0.003,,,,,,,
33,Left,22,0.0000,0.0000,0.0457,0.4590,-0.0280,-0.0673,0.8854,0.003,,,,,,,
33,Left,23,0.0000,0.0000,0.0307,0.6620,-0.0059,0.0871,0.7444,0.003,,,,,,,
33,Left,24,0.0000,0.0000,0.0203,0.5391,0.0410,-0.0025,0.8412,0.003,,,,,,,
33,Left,25,0.0002,0.0012,0.0219,0.0000,0.0000,0.0000,1.0000,0.003,,,,,,,
33,Right,0,-0.0023,-0.0053,0.0652,0.0000,0.0000,0.0000,1.0000,0.003,,,,,,,
33,Right,1,0.0000,0.0000,0.0000,0.0000,0.0000,0.0000,1.0000,0.003,-0.0469,-0.2924,0.0844,0.2024,0.4463,0.8677,-0.0836
33,Right,2,-0.0289,-0.0181,0.0355,-0.0757,-0.3255,0.5994,0.7274,0.003,,,,,,,
33,Right,3,0.0000,0.0000,0.0325,0.2622,0.0459,-0.0809,0.9605,0.003,,,,,,,
33,Right,4,0.0000,0.0000,0.0338,0.1628,-0.0461,0.0775,0.9825,0.003,,,,,,,
33,Right,5,0.0007,0.0010,0.0246,0.0000,0.0000,0.0000,1.0000,0.003,,,,,,,
33,Right,6,-0.0192,-0.0105,0.0369,0.0000,0.0000,0.0000,1.0000,0.003,,,,,,,
33,Right,7,-0.0044,0.0032,0.0591,0.1902,0.0674,0.0260,0.9791,0.003,,,,,,,
33,Right,8,0.0000,0.0000,0.0379,0.2065,0.0017,-0.0263,0.9781,0.003,,,,,,,
33,Right,9,0.0000,0.0000,0.0243,0.0680,0.0249,-0.0167,0.9972,0.003,,,,,,,
33,Right,10,0.0003,0.0010,0.0224,0.0000,0.0000,0.0000,1.0000,0.003,,,,,,,
33,Right,11,-0.0029,-0.0081,0.0348,0.0000,0.0000,0.0000,1.0000,0.003,,,,,,,
33,Right,12,0.0012,0.0056,0.0609,0.2752,0.0748,-0.0256,0.9581,0.003,,,,,,,
33,Right,13,0.0000,0.0000,0.0429,0.1494,0.0026,-0.0121,0.9887,0.003,,,,,,,
33,Right,14,0.0000,0.0000,0.0275,0.0169,-0.0002,-0.0453,0.9988,0.003,,,,,,,
33,Right,15,0.0003,0.0011,0.0250,0.0000,0.0000,0.0000,1.0000,0.003,,,,,,,
33,Right,16,0.0150,-0.0060,0.0348,0.0000,0.0000,0.0000,1.0000,0.003,,,,,,,
33,Right,17,0.0025,-0.0005,0.0539,0.2114,0.0764,-0.0654,0.9722,0.003,,,,,,,
33,Right,18,0.0000,0.0000,0.0390,0.1415,-0.0018,-0.0367,0.9893,0.003,,,,,,,
33,Right,19,0.0000,0.0000,0.0266,0.0617,-0.0295,-0.0075,0.9976,0.003,,,,,,,
33,Right,20,0.0003,0.0016,0.0243,0.0000,0.0000,0.0000,1.0000,0.003,,,,,,,
33,Right,21,0.0230,-0.0094,0.0341,0.0183,0.1403,-0.2070,0.9681,0.003,,,,,,,
33,Right,22,0.0000,0.0000,0.0457,0.0883,-0.0124,0.0893,0.9920,0.003,,,,,,,
33,Right,23,0.0000,0.0000,0.0307,0.1776,0.0348,-0.0537,0.9820,0.003,,,,,,,
33,Right,24,0.0000,0.0000,0.0203,0.0086,-0.0492,0.0008,0.9988,0.003,,,,,,,
33,Right,25,-0.0002,0.0012,0.0219,0.0000,0.0000,0.0000,1.0000,0.003,,,,,,,
34,Left,0,0.0024,-0.0053,0.0652,0.0000,0.0000,0.0000,1.0000,0.003,,,,,,,
34,Left,1,0.0000,0.0000,0.0000,0.0000,0.0000,0.0000,1.0000,0.003,0.3546,0.0522,0.0548,-0.0773,-0.4936,-0.8656,-0.0323
34,Left,2,0.0291,-0.0177,0.0353,-0.0644,0.3497,-0.5972,0.7189,0.003,,,,,,,
34,Left,3,0.0000,0.0000,0.0325,0.2052,-0.0516,0.0819,0.9739,0.003,,,,,,,
34,Left,4,0.0000,0.0000,0.0338,0.2343,0.0394,-0.0746,0.9685,0.003,,,,,,,
34,Left,5,-0.0007,0.0010,0.0246,0.0000,0.0000,0.0000,1.0000,0.003,,,,,,,
34,Left,6,0.0193,-0.0103,0.0368,0.0000,0.0000,0.0000,1.0000,0.003,,,,,,,
34,Left,7,0.0043,0.0030,0.0591,0.4846,0.0092,-0.0519,0.8731,0.003,,,,,,,
34,Left,8,0.0000,0.0000,0.0379,0.6744,0.0121,0.0226,0.7379,0.003,,,,,,,
34,Left,9,0.0000,0.0000,0.0243,0.4684,-0.0153,0.0168,0.8832,0.003,,,,,,,
34,Left,10,-0.0003,0.0010,0.0224,0.0000,0.0000,0.0000,1.0000,0.003,,,,,,,
34,Left,11,0.0031,-0.0081,0.0347,0.0000,0.0000,0.0000,1.0000,0.003,,,,,,,
34,Left,12,-0.0013,0.0055,0.0610,0.5491,-0.0283,0.0242,0.8349,0.003,,,,,,,
34,Left,13,0.0000,0.0000,0.0429,0.5776,0.0029,0.0129,0.8162,0.003,,,,,,,
34,Left,14,0.0000,0.0000,0.0275,0.4764,0.0203,0.0850,0.8749,0.003,,,,,,,
34,Left,15,-0.0003,0.0011,0.0250,0.0000,0.0000,0.0000,1.0000,0.003,,,,,,,
34,Left,16,-0.0150,-0.0060,0.0348,0.0000,0.0000,0.0000,1.0000,0.003,,,,,,,
34,Left,17,-0.0025,-0.0005,0.0539,0.5451,-0.0290,0.0747,0.8345,0.003,,,,,,,
34,Left,18,0.0000,0.0000,0.0390,0.6376,0.0191,0.0419,0.7690,0.003,,,,,,,
34,Left,19,0.0000,0.0000,0.0266,0.5284,0.0273,0.0287,0.8481,0.003,,,,,,,
34,Left,20,-0.0003,0.0016,0.0243,0.0000,0.0000,0.0000,1.0000,0.003,,,,,,,
34,Left,21,-0.0230,-0.0094,0.0341,0.0183,-0.1403,0.2070,0.9681,0.003,,,,,,,
34,Left,22,0.0000,0.0000,0.0457,0.4590,-0.0280,-0.0673,0.8854,0.003,,,,,,,
34,Left,23,0.0000,0.0000,0.0307,0.6620,-0.0059,0.0871,0.7444,0.003,,,,,,,
34,Left,24,0.0000,0.0000,0.0203,0.5391,0.0410,-0.0025,0.8412,0.003,,,,,,,
34,Left,25,0.0002,0.0012,0.0219,0.0000,0.0000,0.0000,1.0000,0.003,,,,,,,
34,Right,0,-0.0023,-0.0053,0.0652,0.0000,0.0000,0.0000,1.0000,0.003,,,,,,,
34,Right,1,0.0000,0.0000,0.0000,0.0000,0.0000,0.0000,1.0000,0.003,-0.0469,-0.2924,0.0844,0.2024,0.4463,0.8677,-0.0836
34,Right,2,-0.0289,-0.0181,0.0355,-0.0757,-0.3255,0.5994,0.7274,0.003,,,,,,,
34,Right,3,0.0000,0.0000,0.0325,0.2622,0.0459,-0.0809,0.9605,0.003,,,,,,,
34,Right,4,0.0000,0.0000,0.0338,0.1628,-0.0461,0.0775,0.9825,0.003,,,,,,,
34,Right,5,0.0007,0.0010,0.0246,0.0000,0.0000,0.0000,1.0000,0.003,,,,,,,
34,Right,6,-0.0192,-0.0105,0.0369,0.0000,0.0000,0.0000,1.0000,0.003,,,,,,,
34,Right,7,-0.0044,0.0032,0.0591,0.1902,0.0674,0.0260,0.9791,0.003,,,,,,,
34,Right,8,0.0000,0.0000,0.0379,0.2065,0.0017,-0.0263,0.9781,0.003,,,,,,,
34,Right,9,0.0000,0.0000,0.0243,0.0680,0.0249,-0.0167,0.9972,0.003,,,,,,,
34,Right,10,0.0003,0.0010,0.0224,0.0000,0.0000,0.0000,1.0000,0.003,,,,,,,
34,Right,11,-0.0029,-0.0081,0.0348,0.0000,0.0000,0.0000,1.0000,0.003,,,,,,,
34,Right,12,0.0012,0.0056,0.0609,0.2752,0.0748,-0.0256,0.9581,0.003,,,,,,,
34,Right,13,0.0000,0.0000,0.0429,0.1494,0.0026,-0.0121,0.9887,0.003,,,,,,,
34,Right,14,0.0000,0.0000,0.0275,0.0169,-0.0002,-0.0453,0.9988,0.003,,,,,,,
34,Right,15,0.0003,0.0011,0.0250,0.0000,0.0000,0.0000,1.0000,0.003,,,,,,,
34,Right,16,0.0150,-0.0060,0.0348,0.0000,0.0000,0.0000,1.0000,0.003,,,,,,,
34,Right,17,0.0025,-0.0005,0.0539,0.2114,0.0764,-0.0654,0.9722,0.003,,,,,,,
34,Right,18,0.0000,0.0000,0.0390,0.1415,-0.0018,-0.0367,0.9892,0.003,,,,,,,
34,Right,19,0.0000,0.0000,0.0266,0.0617,-0.0295,-0.0075,0.9976,0.003,,,,,,,
34,Right,20,0.0003,0.0016,0.0243,0.0000,0.0000,0.0000,1.0000,0.003,,,,,,,
34,Right,21,0.0230,-0.0094,0.0341,0.0183,0.1403,-0.2070,0.9681,0.003,,,,,,,
34,Right,22,0.0000,0.0000,0.0457,0.0883,-0.0124,0.0893,0.9920,0.003,,,,,,,
34,Right,23,0.0000,0.0000,0.0307,0.1776,0.0348,-0.0537,0.9820,0.003,,,,,,,
34,Right,24,0.0000,0.0000,0.0203,0.0086,-0.0492,0.0008,0.9988,0.003,,,,,,,
34,Right,25,-0.0002,0.0012,0.0219,0.0000,0.0000,0.0000,1.0000,0.003,,,,,,,
35,Left,0,0.0024,-0.0053,0.0652,0.0000,0.0000,0.0000,1.0000,0.003,,,,,,,
35,Left,1,0.0000,0.0000,0.0000,0.0000,0.0000,0.0000,1.0000,0.003,0.3546,0.0522,0.0548,-0.0773,-0.4936,-0.8656,-0.0323
35,Left,2,0.0291,-0.0177,0.0353,-0.0644,0.3497,-0.5972,0.7189,0.003,,,,,,,
35,Left,3,0.0000,0.0000,0.0325,0.2052,-0.0516,0.0819,0.9739,0.003,,,,,,,
35,Left,4,0.0000,0.0000,0.0338,0.2343,0.0394,-0.0746,0.9685,0.003,,,,,,,
35,Left,5,-0.0007,0.0010,0.0246,0.0000,0.0000,0.0000,1.0000,0.003,,,,,,,
35,Left,6,0.0193,-0.0103,0.0368,0.0000,0.0000,0.0000,1.0000,0.003,,,,,,,
35,Left,7,0.0043,0.0030,0.0591,0.4846,0.0092,-0.0519,0.8731,0.003,,,,,,,
35,Left,8,0.0000,0.0000,0.0379,0.6744,0.0121,0.0226,0.7379,0.003,,,,,,,
35,Left,9,0.0000,0.0000,0.0243,0.4684,-0.0153,0.0168,0.8832,0.003,,,,,,,
35,Left,10,-0.0003,0.0010,0.0224,0.0000,0.0000,0.0000,1.0000,0.003,,,,,,,
35,Left,11,0.0031,-0.0081,0.0347,0.0000,0.0000,0.0000,1.0000,0.003,,,,,,,
35,Left,12,-0.0013,0.0055,0.0610,0.5491,-0.0283,0.0242,0.8349,0.003,,,,,,,
35,Left,13,0.0000,0.0000,0.0429,0.5776,0.0029,0.0129,0.8162,0.003,,,,,,,
35,Left,14,0.0000,0.0000,0.0275,0.4764,0.0203,0.0850,0.8749,0.003,,,,,,,
35,Left,15,-0.0003,0.0011,0.0250,0.0000,0.0000,0.0000,1.0000,0.003,,,,,,,
35,Left,16,-0.0150,-0.0060,0.0348,0.0000,0.0000,0.0000,1.0000,0.003,,,,,,,
35,Left,17,-0.0025,-0.0005,0.0539,0.5451,-0.0290,0.0747,0.8345,0.003,,,,,,,
35,Left,18,0.0000,0.0000,0.0390,0.6376,0.0191,0.0419,0.7690,0.003,,,,,,,
35,Left,19,0.0000,0.0000,0.0266,0.5284,0.0273,0.0287,0.8481,0.003,,,,,,,
35,Left,20,-0.0003,0.0016,0.0243,0.0000,0.0000,0.0000,1.0000,0.003,,,,,,,
35,Left,21,-0.0230,-0.0094,0.0341,0.0183,-0.1403,0.2070,0.9681,0.003,,,,,,,
35,Left,22,0.0000,0.0000,0.0457,0.4590,-0.0280,-0.0673,0.8854,0.003,,,,,,,
35,Left,23,0.0000,0.0000,0.0307,0.6620,-0.0059,0.0871,0.7444,0.003,,,,,,,
35,Left,24,0.0000,0.0000,0.0203,0.5392,0.0410,-0.0025,0.8412,0.003,,,,,,,
35,Left,25,0.0002,0.0012,0.0219,0.0000,0.0000,0.0000,1.0000,0.003,,,,,,,
35,Right,0,-0.0023,-0.0053,0.0652,0.0000,0.0000,0.0000,1.0000,0.003,,,,,,,
35,Right,1,0.0000,0.0000,0.0000,0.0000,0.0000,0.0000,1.0000,0.003,-0.0469,-0.2924,0.0844,0.2024,0.4463,0.8677,-0.0835
35,Right,2,-0.0289,-0.0181,0.0355,-0.0757,-0.3255,0.5994,0.7274,0.003,,,,,,,
35,Right,3,0.0000,0.0000,0.0325,0.2622,0.0459,-0.0809,0.9605,0.003,,,,,,,
35,Right,4,0.0000,0.0000,0.0338,0.1628,-0.0461,0.0775,0.9825,0.003,,,,,,,
35,Right,5,0.0007,0.0010,0.0246,0.0000,0.0000,0.0000,1.0000,0.003,,,,,,,
35,Right,6,-0.0192,-0.0105,0.0369,0.0000,0.0000,0.0000,1.0000,0.003,,,,,,,
35,Right,7,-0.0044,0.0032,0.0591,0.1901,0.0674,0.0260,0.9791,0.003,,,,,,,
35,Right,8,0.0000,0.0000,0.0379,0.2065,0.0017,-0.0263,0.9781,0.003,,,,,,,
35,Right,9,0.0000,0.0000,0.0243,0.0680,0.0249,-0.0167,0.9972,0.003,,,,,,,
35,Right,10,0.0003,0.0010,0.0224,0.0000,0.0000,0.0000,1.0000,0.003,,,,,,,
35,Right,11,-0.0029,-0.0081,0.0348,0.0000,0.0000,0.0000,1.0000,0.003,,,,,,,
35,Right,12,0.0012,0.0056,0.0609,0.2752,0.0748,-0.0256,0.9581,0.003,,,,,,,
35,Right,13,0.0000,0.0000,0.0429,0.1494,0.0026,-0.0121,0.9887,0.003,,,,,,,
35,Right,14,0.0000,0.0000,0.0275,0.0169,-0.0002,-0.0453,0.9988,0.003,,,,,,,
35,Right,15,0.0003,0.0011,0.0250,0.0000,0.0000,0.0000,1.0000,0.003,,,,,,,
35,Right,16,0.0150,-0.0060,0.0348,0.0000,0.0000,0.0000,1.0000,0.003,,,,,,,
35,Right,17,0.0025,-0.0005,0.0539,0.2114,0.0764,-0.0654,0.9722,0.003,,,,,,,
35,Right,18,0.0000,0.0000,0.0390,0.1415,-0.0018,-0.0367,0.9892,0.003,,,,,,,
35,Right,19,0.0000,0.0000,0.0266,0.0618,-0.0295,-0.0075,0.9976,0.003,,,,,,,
35,Right,20,0.0003,0.0016,0.0243,0.0000,0.0000,0.0000,1.0000,0.003,,,,,,,
35,Right,21,0.0230,-0.0094,0.0341,0.0183,0.1403,-0.2070,0.9681,0.003,,,,,,,
35,Right,22,0.0000,0.0000,0.0457,0.0883,-0.0124,0.0893,0.9920,0.003,,,,,,,
35,Right,23,0.0000,0.0000,0.0307,0.1776,0.0348,-0.0537,0.9820,0.003,,,,,,,
35,Right,24,0.0000,0.0000,0.0203,0.0086,-0.0492,0.0008,0.9988,0.003,,,,,,,
35,Right,25,-0.0002,0.0012,0.0219,0.0000,0.0000,0.0000,1.0000,0.003,,,,,,,
36,Left,0,0.0024,-0.0053,0.0652,0.0000,0.0000,0.0000,1.0000,0.004,,,,,,,
36,Left,1,0.0000,0.0000,0.0000,0.0000,0.0000,0.0000,1.0000,0.004,0.3546,0.0521,0.0548,-0.0773,-0.4936,-0.8656,-0.0323
36,Left,2,0.0291,-0.0177,0.0353,-0.0645,0.3497,-0.5972,0.7189,0.004,,,,,,,
36,Left,3,0.0000,0.0000,0.0325,0.2052,-0.0516,0.0819,0.9739,0.004,,,,,,,
36,Left,4,0.0000,0.0000,0.0338,0.2343,0.0394,-0.0746,0.9685,0.004,,,,,,,
36,Left,5,-0.0007,0.0010,0.0246,0.0000,0.0000,0.0000,1.0000,0.004,,,,,,,
36,Left,6,0.0193,-0.0103,0.0368,0.0000,0.0000,0.0000,1.0000,0.004,,,,,,,
36,Left,7,0.0043,0.0030,0.0591,0.4846,0.0091,-0.0519,0.8731,0.004,,,,,,,
36,Left,8,0.0000,0.0000,0.0379,0.6744,0.0121,0.0226,0.7379,0.004,,,,,,,
36,Left,9,0.0000,0.0000,0.0243,0.4684,-0.0153,0.0168,0.8832,0.004,,,,,,,
36,Left,10,-0.0003,0.0010,0.0224,0.0000,0.0000,0.0000,1.0000,0.004,,,,,,,
36,Left,11,0.0031,-0.0081,0.0347,0.0000,0.0000,0.0000,1.0000,0.004,,,,,,,
36,Left,12,-0.0013,0.0055,0.0610,0.5491,-0.0283,0.0242,0.8349,0.004,,,,,,,
36,Left,13,0.0000,0.0000,0.0429,0.5776,0.0029,0.0129,0.8162,0.004,,,,,,,
36,Left,14,0.0000,0.0000,0.0275,0.4764,0.0203,0.0850,0.8748,0.004,,,,,,,
36,Left,15,-0.0003,0.0011,0.0250,0.0000,0.0000,0.0000,1.0000,0.004,,,,,,,
36,Left,16,-0.0150,-0.0060,0.0348,0.0000,0.0000,0.0000,1.0000,0.004,,,,,,,
36,Left,17,-0.0025,-0.0005,0.0539,0.5451,-0.0290,0.0747,0.8345,0.004,,,,,,,
36,Left,18,0.0000,0.0000,0.0390,0.6376,0.0191,0.0419,0.7690,0.004,,,,,,,
36,Left,19,0.0000,0.0000,0.0266,0.5284,0.0273,0.0287,0.8481,0.004,,,,,,,
36,Left,20,-0.0003,0.0016,0.0243,0.0000,0.0000,0.0000,1.0000,0.004,,,,,,,
36,Left,21,-0.0230,-0.0094,0.0341,0.0183,-0.1403,0.2070,0.9681,0.004,,,,,,,
36,Left,22,0.0000,0.0000,0.0457,0.4590,-0.0280,-0.0673,0.8854,0.004,,,,,,,
36,Left,23,0.0000,0.0000,0.0307,0.6620,-0.0059,0.0871,0.7444,0.004,,,,,,,
36,Left,24,0.0000,0.0000,0.0203,0.5392,0.0410,-0.0025,0.8412,0.004,,,,,,,
36,Left,25,0.0002,0.0012,0.0219,0.0000,0.0000,0.0000,1.0000,0.004,,,,,,,
36,Right,0,-0.0023,-0.0053,0.0652,0.0000,0.0000,0.0000,1.0000,0.004,,,,,,,
36,Right,1,0.0000,0.0000,0.0000,0.0000,0.0000,0.0000,1.0000,0.004,-0.0469,-0.2924,0.0844,0.2024,0.4463,0.8677,-0.0835
36,Right,2,-0.0289,-0.0181,0.0355,-0.0757,-0.3255,0.5994,0.7274,0.004,,,,,,,
36,Right,3,0.0000,0.0000,0.0325,0.2622,0.0459,-0.0809,0.9605,0.004,,,,,,,
36,Right,4,0.0000,0.0000,0.0338,0.1628,-0.0461,0.0775,0.9825,0.004,,,,,,,
36,Right,5,0.0007,0.0010,0.0246,0.0000,0.0000,0.0000,1.0000,0.004,,,,,,,
36,Right,6,-0.0192,-0.0105,0.0369,0.0000,0.0000,0.0000,1.0000,0.004,,,,,,,
36,Right,7,-0.0044,0.0032,0.0591,0.1901,0.0674,0.0260,0.9791,0.004,,,,,,,
36,Right,8,0.0000,0.0000,0.0379,0.2065,0.0017,-0.0263,0.9781,0.004,,,,,,,
36,Right,9,0.0000,0.0000,0.0243,0.0680,0.0249,-0.0167,0.9972,0.004,,,,,,,
36,Right,10,0.0003,0.0010,0.0224,0.0000,0.0000,0.0000,1.0000,0.004,,,,,,,
36,Right,11,-0.0029,-0.0081,0.0348,0.0000,0.0000,0.0000,1.0000,0.004,,,,,,,
36,Right,12,0.0012,0.0056,0.0609,0.2752,0.0748,-0.0256,0.9581,0.004,,,,,,,
36,Right,13,0.0000,0.0000,0.0429,0.1494,0.0026,-0.0121,0.9887,0.004,,,,,,,
36,Right,14,0.0000,0.0000,0.0275,0.0169,-0.0002,-0.0453,0.9988,0.004,,,,,,,
36,Right,15,0.0003,0.0011,0.0250,0.0000,0.0000,0.0000,1.0000,0.004,,,,,,,
36,Right,16,0.0150,-0.0060,0.0348,0.0000,0.0000,0.0000,1.0000,0.004,,,,,,,
36,Right,17,0.0025,-0.0005,0.0539,0.2114,0.0764,-0.0654,0.9722,0.004,,,,,,,
36,Right,18,0.0000,0.0000,0.0390,0.1415,-0.0018,-0.0367,0.9892,0.004,,,,,,,
36,Right,19,0.0000,0.0000,0.0266,0.0618,-0.0295,-0.0075,0.9976,0.004,,,,,,,
36,Right,20,0.0003,0.0016,0.0243,0.0000,0.0000,0.0000,1.0000,0.004,,,,,,,
36,Right,21,0.0230,-0.0094,0.0341,0.0183,0.1403,-0.2070,0.9681,0.004,,,,,,,
36,Right,22,0.0000,0.0000,0.0457,0.0883,-0.0124,0.0893,0.9920,0.004,,,,,,,
36,Right,23,0.0000,0.0000,0.0307,0.1776,0.0348,-0.0537,0.9820,0.004,,,,,,,
36,Right,24,0.0000,0.0000,0.0203,0.0086,-0.0492,0.0008,0.9988,0.004,,,,,,,
36,Right,25,-0.0002,0.0012,0.0219,0.0000,0.0000,0.0000,1.0000,0.004,,,,,,,
37,Left,0,0.0024,-0.0053,0.0652,0.0000,0.0000,0.0000,1.0000,0.004,,,,,,,
37,Left,1,0.0000,0.0000,0.0000,0.0000,0.0000,0.0000,1.0000,0.004,0.3546,0.0521,0.0548,-0.0773,-0.4936,-0.8656,-0.0323
37,Left,2,0.0291,-0.0177,0.0353,-0.0645,0.3497,-0.5972,0.7189,0.004,,,,,,,
37,Left,3,0.0000,0.0000,0.0325,0.2052,-0.0516,0.0819,0.9739,0.004,,,,,,,
37,Left,4,0.0000,0.0000,0.0338,0.2343,0.0394,-0.0746,0.9685,0.004,,,,,,,
37,Left,5,-0.0007,0.0010,0.0246,0.0000,0.0000,0.0000,1.0000,0.004,,,,,,,
37,Left,6,0.0193,-0.0103,0.0368,0.0000,0.0000,0.0000,1.0000,0.004,,,,,,,
37,Left,7,0.0043,0.0030,0.0591,0.4847,0.0091,-0.0519,0.8731,0.004,,,,,,,
37,Left,8,0.0000,0.0000,0.0379,0.6744,0.0121,0.0226,0.7379,0.004,,,,,,,
37,Left,9,0.0000,0.0000,0.0243,0.4684,-0.0153,0.0168,0.8832,0.004,,,,,,,
37,Left,10,-0.0003,0.0010,0.0224,0.0000,0.0000,0.0000,1.0000,0.004,,,,,,,
37,Left,11,0.0031,-0.0081,0.0347,0.0000,0.0000,0.0000,1.0000,0.004,,,,,,,
37,Left,12,-0.0013,0.0055,0.0610,0.5491,-0.0283,0.0242,0.8349,0.004,,,,,,,
37,Left,13,0.0000,0.0000,0.0429,0.5776,0.0029,0.0129,0.8162,0.004,,,,,,,
37,Left,14,0.0000,0.0000,0.0275,0.4765,0.0203,0.0850,0.8748,0.004,,,,,,,
37,Left,15,-0.0003,0.0011,0.0250,0.0000,0.0000,0.0000,1.0000,0.004,,,,,,,
37,Left,16,-0.0150,-0.0060,0.0348,0.0000,0.0000,0.0000,1.0000,0.004,,,,,,,
37,Left,17,-0.0025,-0.0005,0.0539,0.5451,-0.0290,0.0747,0.8345,0.004,,,,,,,
37,Left,18,0.0000,0.0000,0.0390,0.6376,0.0191,0.0419,0.7690,0.004,,,,,,,
37,Left,19,0.0000,0.0000,0.0266,0.5284,0.0273,0.0287,0.8481,0.004,,,,,,,
37,Left,20,-0.0003,0.0016,0.0243,0.0000,0.0000,0.0000,1.0000,0.004,,,,,,,
37,Left,21,-0.0230,-0.0094,0.0341,0.0183,-0.1403,0.2070,0.9681,0.004,,,,,,,
37,Left,22,0.0000,0.0000,0.0457,0.4590,-0.0280,-0.0673,0.8854,0.004,,,,,,,
37,Left,23,0.0000,0.0000,0.0307,0.6620,-0.0059,0.0871,0.7444,0.004,,,,,,,
37,Left,24,0.0000,0.0000,0.0203,0.5392,0.0410,-0.0025,0.8412,0.004,,,,,,,
37,Left,25,0.0002,0.0012,0.0219,0.0000,0.0000,0.0000,1.0000,0.004,,,,,,,
37,Right,0,-0.0023,-0.0053,0.0652,0.0000,0.0000,0.0000,1.0000,0.004,,,,,,,
37,Right,1,0.0000,0.0000,0.0000,0.0000,0.0000,0.0000,1.0000,0.004,-0.0469,-0.2924,0.0844,0.2024,0.4463,0.8677,-0.0835
37,Right,2,-0.0289,-0.0181,0.0355,-0.0757,-0.3255,0.5994,0.7273,0.004,,,,,,,
37,Right,3,0.0000,0.0000,0.0325,0.2622,0.0459,-0.0809,0.9605,0.004,,,,,,,
37,Right,4,0.0000,0.0000,0.0338,0.1628,-0.0461,0.0775,0.9825,0.004,,,,,,,
37,Right,5,0.0007,0.0010,0.0246,0.0000,0.0000,0.0000,1.0000,0.004,,,,,,,
37,Right,6,-0.0192,-0.0105,0.0369,0.0000,0.0000,0.0000,1.0000,0.004,,,,,,,
37,Right,7,-0.0044,0.0032,0.0591,0.1901,0.0675,0.0260,0.9791,0.004,,,,,,,
37,Right,8,0.0000,0.0000,0.0379,0.2065,0.0017,-0.0263,0.9781,0.004,,,,,,,
37,Right,9,0.0000,0.0000,0.0243,0.0680,0.0249,-0.0167,0.9972,0.004,,,,,,,
37,Right,10,0.0003,0.0010,0.0224,0.0000,0.0000,0.0000,1.0000,0.004,,,,,,,
37,Right,11,-0.0029,-0.0081,0.0348,0.0000,0.0000,0.0000,1.0000,0.004,,,,,,,
37,Right,12,0.0012,0.0056,0.0609,0.2752,0.0748,-0.0256,0.9581,0.004,,,,,,,
37,Right,13,0.0000,0.0000,0.0429,0.1494,0.0026,-0.0121,0.9887,0.004,,,,,,,
37,Right,14,0.0000,0.0000,0.0275,0.0169,-0.0002,-0.0453,0.9988,0.004,,,,,,,
37,Right,15,0.0003,0.0011,0.0250,0.0000,0.0000,0.0000,1.0000,0.004,,,,,,,
37,Right,16,0.0150,-0.0060,0.0348,0.0000,0.0000,0.0000,1.0000,0.004,,,,,,,
37,Right,17,0.0025,-0.0005,0.0539,0.2114,0.0764,-0.0654,0.9722,0.004,,,,,,,
37,Right,18,0.0000,0.0000,0.0390,0.1415,-0.0018,-0.0367,0.9892,0.004,,,,,,,
37,Right,19,0.0000,0.0000,0.0266,0.0618,-0.0295,-0.0075,0.9976,0.004,,,,,,,
37,Right,20,0.0003,0.0016,0.0243,0.0000,0.0000,0.0000,1.0000,0.004,,,,,,,
37,Right,21,0.0230,-0.0094,0.0341,0.0183,0.1403,-0.2070,0.9681,0.004,,,,,,,
37,Right,22,0.0000,0.0000,0.0457,0.0882,-0.0124,0.0893,0.9920,0.004,,,,,,,
37,Right,23,0.0000,0.0000,0.0307,0.1776,0.0348,-0.0537,0.9820,0.004,,,,,,,
37,Right,24,0.0000,0.0000,0.0203,0.0087,-0.0492,0.0008,0.9988,0.004,,,,,,,
37,Right,25,-0.0002,0.0012,0.0219,0.0000,0.0000,0.0000,1.0000,0.004,,,,,,,
38,Left,0,0.0024,-0.0053,0.0652,0.0000,0.0000,0.0000,1.0000,0.004,,,,,,,
38,Left,1,0.0000,0.0000,0.0000,0.0000,0.0000,0.0000,1.0000,0.004,0.3546,0.0521,0.0548,-0.0773,-0.4936,-0.8656,-0.0323
38,Left,2,0.0291,-0.0177,0.0353,-0.0645,0.3497,-0.5972,0.7189,0.004,,,,,,,
38,Left,3,0.0000,0.0000,0.0325,0.2052,-0.0516,0.0819,0.9739,0.004,,,,,,,
38,Left,4,0.0000,0.0000,0.0338,0.2344,0.0394,-0.0746,0.9685,0.004,,,,,,,
38,Left,5,-0.0007,0.0010,0.0246,0.0000,0.0000,0.0000,1.0000,0.004,,,,,,,
38,Left,6,0.0193,-0.0103,0.0368,0.0000,0.0000,0.0000,1.0000,0.004,,,,,,,
38,Left,7,0.0043,0.0030,0.0591,0.4847,0.0091,-0.0519,0.8731,0.004,,,,,,,
38,Left,8,0.0000,0.0000,0.0379,0.6744,0.0121,0.0226,0.7379,0.004,,,,,,,
38,Left,9,0.0000,0.0000,0.0243,0.4684,-0.0153,0.0168,0.8832,0.004,,,,,,,
38,Left,10,-0.0003,0.0010,0.0224,0.0000,0.0000,0.0000,1.0000,0.004,,,,,,,
38,Left,11,0.0031,-0.0081,0.0347,0.0000,0.0000,0.0000,1.0000,0.004,,,,,,,
38,Left,12,-0.0013,0.0055,0.0610,0.5491,-0.0283,0.0242,0.8349,0.004,,,,,,,
38,Left,13,0.0000,0.0000,0.0429,0.5776,0.0029,0.0129,0.8162,0.004,,,,,,,
38,Left,14,0.0000,0.0000,0.0275,0.4765,0.0203,0.0850,0.8748,0.004,,,,,,,
38,Left,15,-0.0003,0.0011,0.0250,0.0000,0.0000,0.0000,1.0000,0.004,,,,,,,
38,Left,16,-0.0150,-0.0060,0.0348,0.0000,0.0000,0.0000,1.0000,0.004,,,,,,,
38,Left,17,-0.0025,-0.0005,0.0539,0.5452,-0.0290,0.0747,0.8345,0.004,,,,,,,
38,Left,18,0.0000,0.0000,0.0390,0.6376,0.0191,0.0419,0.7690,0.004,,,,,,,
38,Left,19,0.0000,0.0000,0.0266,0.5284,0.0273,0.0287,0.8481,0.004,,,,,,,
38,Left,20,-0.0003,0.0016,0.0243,0.0000,0.0000,0.0000,1.0000,0.004,,,,,,,
38,Left,21,-0.0230,-0.0094,0.0341,0.0183,-0.1403,0.2070,0.9681,0.004,,,,,,,
38,Left,22,0.0000,0.0000,0.0457,0.4590,-0.0280,-0.0673,0.8854,0.004,,,,,,,
38,Left,23,0.0000,0.0000,0.0307,0.6620,-0.0059,0.0871,0.7444,0.004,,,,,,,
38,Left,24,0.0000,0.0000,0.0203,0.5392,0.0410,-0.0025,0.8412,0.004,,,,,,,
38,Left,25,0.0002,0.0012,0.0219,0.0000,0.0000,0.0000,1.0000,0.004,,,,,,,
38,Right,0,-0.0023,-0.0053,0.0652,0.0000,0.0000,0.0000,1.0000,0.004,,,,,,,
38,Right,1,0.0000,0.0000,0.0000,0.0000,0.0000,0.0000,1.0000,0.004,-0.0469,-0.2924,0.0844,0.2024,0.4463,0.8677,-0.0835
38,Right,2,-0.0289,-0.0181,0.0355,-0.0757,-0.3255,0.5994,0.7273,0.004,,,,,,,
38,Right,3,0.0000,0.0000,0.0325,0.2621,0.0459,-0.0809,0.9605,0.004,,,,,,,
38,Right,4,0.0000,0.0000,0.0338,0.1627,-0.0461,0.0775,0.9825,0.004,,,,,,,
38,Right,5,0.0007,0.0010,0.0246,0.0000,0.0000,0.0000,1.0000,0.004,,,,,,,
38,Right,6,-0.0192,-0.0105,0.0369,0.0000,0.0000,0.0000,1.0000,0.004,,,,,,,
38,Right,7,-0.0044,0.0032,0.0591,0.1901,0.0675,0.0260,0.9791,0.004,,,,,,,
38,Right,8,0.0000,0.0000,0.0379,0.2065,0.0017,-0.0263,0.9781,0.004,,,,,,,
38,Right,9,0.0000,0.0000,0.0243,0.0679,0.0249,-0.0167,0.9972,0.004,,,,,,,
38,Right,10,0.0003,0.0010,0.0224,0.0000,0.0000,0.0000,1.0000,0.004,,,,,,,
38,Right,11,-0.0029,-0.0081,0.0348,0.0000,0.0000,0.0000,1.0000,0.004,,,,,,,
38,Right,12,0.0012,0.0056,0.0609,0.2752,0.0748,-0.0256,0.9581,0.004,,,,,,,
38,Right,13,0.0000,0.0000,0.0429,0.1494,0.0026,-0.0121,0.9887,0.004,,,,,,,
38,Right,14,0.0000,0.0000,0.0275,0.0169,-0.0002,-0.0453,0.9988,0.004,,,,,,,
38,Right,15,0.0003,0.0011,0.0250,0.0000,0.0000,0.0000,1.0000,0.004,,,,,,,
38,Right,16,0.0150,-0.0060,0.0348,0.0000,0.0000,0.0000,1.0000,0.004,,,,,,,
38,Right,17,0.0025,-0.0005,0.0539,0.2114,0.0764,-0.0654,0.9722,0.004,,,,,,,
38,Right,18,0.0000,0.0000,0.0390,0.1415,-0.0018,-0.0367,0.9892,0.004,,,,,,,
38,Right,19,0.0000,0.0000,0.0266,0.0618,-0.0295,-0.0075,0.9976,0.004,,,,,,,
38,Right,20,0.0003,0.0016,0.0243,0.0000,0.0000,0.0000,1.0000,0.004,,,,,,,
38,Right,21,0.0230,-0.0094,0.0341,0.0183,0.1403,-0.2070,0.9681,0.004,,,,,,,
38,Right,22,0.0000,0.0000,0.0457,0.0882,-0.0124,0.0893,0.9920,0.004,,,,,,,
38,Right,23,0.0000,0.0000,0.0307,0.1776,0.0348,-0.0537,0.9820,0.004,,,,,,,
38,Right,24,0.0000,0.0000,0.0203,0.0087,-0.0492,0.0008,0.9988,0.004,,,,,,,
38,Right,25,-0.0002,0.0012,0.0219,0.0000,0.0000,0.0000,1.0000,0.004,,,,,,,
39,Left,0,0.0024,-0.0053,0.0652,0.0000,0.0000,0.0000,1.0000,0.004,,,,,,,
39,Left,1,0.0000,0.0000,0.0000,0.0000,0.0000,0.0000,1.0000,0.004,0.3546,0.0521,0.0548,-0.0773,-0.4936,-0.8656,-0.0323
39,Left,2,0.0291,-0.0177,0.0353,-0.0645,0.3497,-0.5972,0.7189,0.004,,,,,,,
39,Left,3,0.0000,0.0000,0.0325,0.2052,-0.0516,0.0819,0.9739,0.004,,,,,,,
39,Left,4,0.0000,0.0000,0.0338,0.2344,0.0394,-0.0746,0.9685,0.004,,,,,,,
39,Left,5,-0.0007,0.0010,0.0246,0.0000,0.0000,0.0000,1.0000,0.004,,,,,,,
39,Left,6,0.0193,-0.0103,0.0368,0.0000,0.0000,0.0000,1.0000,0.004,,,,,,,
39,Left,7,0.0043,0.0030,0.0591,0.4847,0.0091,-0.0519,0.8731,0.004,,,,,,,
39,Left,8,0.0000,0.0000,0.0379,0.6744,0.0121,0.0226,0.7379,0.004,,,,,,,
39,Left,9,0.0000,0.0000,0.0243,0.4684,-0.0153,0.0168,0.8832,0.004,,,,,,,
39,Left,10,-0.0003,0.0010,0.0224,0.0000,0.0000,0.0000,1.0000,0.004,,,,,,,
39,Left,11,0.0031,-0.0081,0.0347,0.0000,0.0000,0.0000,1.0000,0.004,,,,,,,
39,Left,12,-0.0013,0.0055,0.0610,0.5491,-0.0283,0.0242,0.8349,0.004,,,,,,,
39,Left,13,0.0000,0.0000,0.0429,0.5776,0.0029,0.0129,0.8162,0.004,,,,,,,
39,Left,14,0.0000,0.0000,0.0275,0.4765,0.0203,0.0850,0.8748,0.004,,,,,,,
39,Left,15,-0.0003,0.0011,0.0250,0.0000,0.0000,0.0000,1.0000,0.004,,,,,,,
39,Left,16,-0.0150,-0.0060,0.0348,0.0000,0.0000,0.0000,1.0000,0.004,,,,,,,
39,Left,17,-0.0025,-0.0005,0.0539,0.5452,-0.0290,0.0747,0.8345,0.004,,,,,,,
39,Left,18,0.0000,0.0000,0.0390,0.6376,0.0191,0.0419,0.7690,0.004,,,,,,,
39,Left,19,0.0000,0.0000,0.0266,0.5284,0.0273,0.0287,0.8481,0.004,,,,,,,
39,Left,20,-0.0003,0.0016,0.0243,0.0000,0.0000,0.0000,1.0000,0.004,,,,,,,
39,Left,21,-0.0230,-0.0094,0.0341,0.0183,-0.1403,0.2070,0.9681,0.004,,,,,,,
39,Left,22,0.0000,0.0000,0.0457,0.4591,-0.0280,-0.0673,0.8854,0.004,,,,,,,
39,Left,23,0.0000,0.0000,0.0307,0.6621,-0.0059,0.0871,0.7443,0.004,,,,,,,
39,Left,24,0.0000,0.0000,0.0203,0.5392,0.0410,-0.0025,0.8412,0.004,,,,,,,
39,Left,25,0.0002,0.0012,0.0219,0.0000,0.0000,0.0000,1.0000,0.004,,,,,,,
39,Right,0,-0.0023,-0.0053,0.0652,0.0000,0.0000,0.0000,1.0000,0.004,,,,,,,
39,Right,1,0.0000,0.0000,0.0000,0.0000,0.0000,0.0000,1.0000,0.004,-0.0469,-0.2924,0.0844,0.2024,0.4463,0.8677,-0.0835
39,Right,2,-0.0289,-0.0181,0.0355,-0.0757,-0.3255,0.5994,0.7273,0.004,,,,,,,
39,Right,3,0.0000,0.0000,0.0325,0.2621,0.0459,-0.0809,0.9605,0.004,,,,,,,
39,Right,4,0.0000,0.0000,0.0338,0.1627,-0.0461,0.0775,0.9825,0.004,,,,,,,
39,Right,5,0.0007,0.0010,0.0246,0.0000,0.0000,0.0000,1.0000,0.004,,,,,,,
39,Right,6,-0.0192,-0.0105,0.0369,0.0000,0.0000,0.0000,1.0000,0.004,,,,,,,
39,Right,7,-0.0044,0.0032,0.0591,0.1901,0.0675,0.0260,0.9791,0.004,,,,,,,
39,Right,8,0.0000,0.0000,0.0379,0.2065,0.0017,-0.0263,0.9781,0.004,,,,,,,
39,Right,9,0.0000,0.0000,0.0243,0.0679,0.0249,-0.0167,0.9972,0.004,,,,,,,
39,Right,10,0.0003,0.0010,0.0224,0.0000,0.0000,0.0000,1.0000,0.004,,,,,,,
39,Right,11,-0.0029,-0.0081,0.0348,0.0000,0.0000,0.0000,1.0000,0.004,,,,,,,
39,Right,12,0.0012,0.0056,0.0609,0.2752,0.0748,-0.0256,0.9581,0.004,,,,,,,
39,Right,13,0.0000,0.0000,0.0429,0.1494,0.0026,-0.0121,0.9887,0.004,,,,,,,
39,Right,14,0.0000,0.0000,0.0275,0.0169,-0.0002,-0.0453,0.9988,0.004,,,,,,,
39,Right,15,0.0003,0.0011,0.0250,0.0000,0.0000,0.0000,1.0000,0.004,,,,,,,
39,Right,16,0.0150,-0.0060,0.0348,0.0000,0.0000,0.0000,1.0000,0.004,,,,,,,
39,Right,17,0.0025,-0.0005,0.0539,0.2114,0.0764,-0.0654,0.9722,0.004,,,,,,,
39,Right,18,0.0000,0.0000,0.0390,0.1416,-0.0018,-0.0367,0.9892,0.004,,,,,,,
39,Right,19,0.0000,0.0000,0.0266,0.0618,-0.0295,-0.0075,0.9976,0.004,,,,,,,
39,Right,20,0.0003,0.0016,0.0243,0.0000,0.0000,0.0000,1.0000,0.004,,,,,,,
39,Right,21,0.0230,-0.0094,0.0341,0.0183,0.1403,-0.2070,0.9681,0.004,,,,,,,
39,Right,22,0.0000,0.0000,0.0457,0.0882,-0.0124,0.0893,0.9920,0.004,,,,,,,
39,Right,23,0.0000,0.0000,0.0307,0.1776,0.0348,-0.0537,0.9820,0.004,,,,,,,
39,Right,24,0.0000,0.0000,0.0203,0.0087,-0.0492,0.0008,0.9988,0.004,,,,,,,
39,Right,25,-0.0002,0.0012,0.0219,0.0000,0.0000,0.0000,1.0000,0.004,,,,,,,
40,Left,0,0.0024,-0.0053,0.0652,0.0000,0.0000,0.0000,1.0000,0.004,,,,,,,
40,Left,1,0.0000,0.0000,0.0000,0.0000,0.0000,0.0000,1.0000,0.004,0.3546,0.0521,0.0548,-0.0773,-0.4936,-0.8656,-0.0323
40,Left,2,0.0291,-0.0177,0.0353,-0.0645,0.3497,-0.5972,0.7189,0.004,,,,,,,
40,Left,3,0.0000,0.0000,0.0325,0.2052,-0.0516,0.0819,0.9739,0.004,,,,,,,
40,Left,4,0.0000,0.0000,0.0338,0.2344,0.0394,-0.0746,0.9685,0.004,,,,,,,
40,Left,5,-0.0007,0.0010,0.0246,0.0000,0.0000,0.0000,1.0000,0.004,,,,,,,
40,Left,6,0.0193,-0.0103,0.0368,0.0000,0.0000,0.0000,1.0000,0.004,,,,,,,
40,Left,7,0.0043,0.0030,0.0591,0.4847,0.0091,-0.0519,0.8731,0.004,,,,,,,
40,Left,8,0.0000,0.0000,0.0379,0.6745,0.0121,0.0226,0.7379,0.004,,,,,,,
40,Left,9,0.0000,0.0000,0.0243,0.4684,-0.0153,0.0168,0.8832,0.004,,,,,,,
40,Left,10,-0.0003,0.0010,0.0224,0.0000,0.0000,0.0000,1.0000,0.004,,,,,,,
40,Left,11,0.0031,-0.0081,0.0347,0.0000,0.0000,0.0000,1.0000,0.004,,,,,,,
40,Left,12,-0.0013,0.0055,0.0610,0.5491,-0.0283,0.0242,0.8349,0.004,,,,,,,
40,Left,13,0.0000,0.0000,0.0429,0.5776,0.0029,0.0129,0.8162,0.004,,,,,,,
40,Left,14,0.0000,0.0000,0.0275,0.4765,0.0203,0.0850,0.8748,0.004,,,,,,,
40,Left,15,-0.0003,0.0011,0.0250,0.0000,0.0000,0.0000,1.0000,0.004,,,,,,,
40,Left,16,-0.0150,-0.0060,0.0348,0.0000,0.0000,0.0000,1.0000,0.004,,,,,,,
40,Left,17,-0.0025,-0.0005,0.0539,0.5452,-0.0290,0.0747,0.8345,0.004,,,,,,,
40,Left,18,0.0000,0.0000,0.0390,0.6377,0.0191,0.0419,0.7689,0.004,,,,,,,
40,Left,19,0.0000,0.0000,0.0266,0.5284,0.0273,0.0287,0.8481,0.004,,,,,,,
40,Left,20,-0.0003,0.0016,0.0243,0.0000,0.0000,0.0000,1.0000,0.004,,,,,,,
40,Left,21,-0.0230,-0.0094,0.0341,0.0183,-0.1403,0.2070,0.9681,0.004,,,,,,,
40,Left,22,0.0000,0.0000,0.0457,0.4591,-0.0280,-0.0673,0.8854,0.004,,,,,,,
40,Left,23,0.0000,0.0000,0.0307,0.6621,-0.0059,0.0871,0.7443,0.004,,,,,,,
40,Left,24,0.0000,0.0000,0.0203,0.5392,0.0410,-0.0025,0.8412,0.004,,,,,,,
40,Left,25,0.0002,0.0012,0.0219,0.0000,0.0000,0.0000,1.0000,0.004,,,,,,,
40,Right,0,-0.0023,-0.0053,0.0652,0.0000,0.0000,0.0000,1.0000,0.004,,,,,,,
40,Right,1,0.0000,0.0000,0.0000,0.0000,0.0000,0.0000,1.0000,0.004,-0.0469,-0.2924,0.0844,0.2024,0.4463,0.8677,-0.0835
40,Right,2,-0.0289,-0.0181,0.0355,-0.0757,-0.3255,0.5994,0.7273,0.004,,,,,,,
40,Right,3,0.0000,0.0000,0.0325,0.2621,0.0459,-0.0809,0.9605,0.004,,,,,,,
40,Right,4,0.0000,0.0000,0.0338,0.1627,-0.0461,0.0775,0.9825,0.004,,,,,,,
40,Right,5,0.0007,0.0010,0.0246,0.0000,0.0000,0.0000,1.0000,0.004,,,,,,,
40,Right,6,-0.0192,-0.0105,0.0369,0.0000,0.0000,0.0000,1.0000,0.004,,,,,,,
40,Right,7,-0.0044,0.0032,0.0591,0.1901,0.0675,0.0260,0.9791,0.004,,,,,,,
40,Right,8,0.0000,0.0000,0.0379,0.2065,0.0017,-0.0263,0.9781,0.004,,,,,,,
40,Right,9,0.0000,0.0000,0.0243,0.0679,0.0249,-0.0167,0.9972,0.004,,,,,,,
40,Right,10,0.0003,0.0010,0.0224,0.0000,0.0000,0.0000,1.0000,0.004,,,,,,,
40,Right,11,-0.0029,-0.0081,0.0348,0.0000,0.0000,0.0000,1.0000,0.004,,,,,,,
40,Right,12,0.0012,0.0056,0.0609,0.2751,0.0748,-0.0256,0.9581,0.004,,,,,,,
40,Right,13,0.0000,0.0000,0.0429,0.1494,0.0026,-0.0121,0.9887,0.004,,,,,,,
40,Right,14,0.0000,0.0000,0.0275,0.0169,-0.0002,-0.0453,0.9988,0.004,,,,,,,
40,Right,15,0.0003,0.0011,0.0250,0.0000,0.0000,0.0000,1.0000,0.004,,,,,,,
40,Right,16,0.0150,-0.0060,0.0348,0.0000,0.0000,0.0000,1.0000,0.004,,,,,,,
40,Right,17,0.0025,-0.0005,0.0539,0.2113,0.0764,-0.0654,0.9722,0.004,,,,,,,
40,Right,18,0.0000,0.0000,0.0390,0.1416,-0.0018,-0.0367,0.9892,0.004,,,,,,,
40,Right,19,0.0000,0.0000,0.0266,0.0618,-0.0295,-0.0075,0.9976,0.004,,,,,,,
40,Right,20,0.0003,0.0016,0.0243,0.0000,0.0000,0.0000,1.0000,0.004,,,,,,,
40,Right,21,0.0230,-0.0094,0.0341,0.0183,0.1403,-0.2070,0.9681,0.004,,,,,,,
40,Right,22,0.0000,0.0000,0.0457,0.0882,-0.0124,0.0893,0.9920,0.004,,,,,,,
40,Right,23,0.0000,0.0000,0.0307,0.1776,0.0348,-0.0537,0.9820,0.004,,,,,,,
40,Right,24,0.0000,0.0000,0.0203,0.0087,-0.0492,0.0008,0.9988,0.004,,,,,,,
40,Right,25,-0.0002,0.0012,0.0219,0.0000,0.0000,0.0000,1.0000,0.004,,,,,,,
41,Left,0,0.0024,-0.0053,0.0652,0.0000,0.0000,0.0000,1.0000,0.004,,,,,,,
41,Left,1,0.0000,0.0000,0.0000,0.0000,0.0000,0.0000,1.0000,0.004,0.3546,0.0521,0.0548,-0.0773,-0.4936,-0.8656,-0.0323
41,Left,2,0.0291,-0.0177,0.0353,-0.0645,0.3497,-0.5972,0.7189,0.004,,,,,,,
41,Left,3,0.0000,0.0000,0.0325,0.2052,-0.0516,0.0819,0.9739,0.004,,,,,,,
41,Left,4,0.0000,0.0000,0.0338,0.2344,0.0394,-0.0746,0.9685,0.004,,,,,,,
41,Left,5,-0.0007,0.0010,0.0246,0.0000,0.0000,0.0000,1.0000,0.004,,,,,,,
41,Left,6,0.0193,-0.0103,0.0368,0.0000,0.0000,0.0000,1.0000,0.004,,,,,,,
41,Left,7,0.0043,0.0030,0.0591,0.4847,0.0091,-0.0519,0.8731,0.004,,,,,,,
41,Left,8,0.0000,0.0000,0.0379,0.6745,0.0121,0.0226,0.7379,0.004,,,,,,,
41,Left,9,0.0000,0.0000,0.0243,0.4684,-0.0153,0.0168,0.8832,0.004,,,,,,,
41,Left,10,-0.0003,0.0010,0.0224,0.0000,0.0000,0.0000,1.0000,0.004,,,,,,,
41,Left,11,0.0031,-0.0081,0.0347,0.0000,0.0000,0.0000,1.0000,0.004,,,,,,,
41,Left,12,-0.0013,0.0055,0.0610,0.5491,-0.0283,0.0242,0.8349,0.004,,,,,,,
41,Left,13,0.0000,0.0000,0.0429,0.5776,0.0029,0.0129,0.8162,0.004,,,,,,,
41,Left,14,0.0000,0.0000,0.0275,0.4765,0.0203,0.0850,0.8748,0.004,,,,,,,
41,Left,15,-0.0003,0.0011,0.0250,0.0000,0.0000,0.0000,1.0000,0.004,,,,,,,
41,Left,16,-0.0150,-0.0060,0.0348,0.0000,0.0000,0.0000,1.0000,0.004,,,,,,,
41,Left,17,-0.0025,-0.0005,0.0539,0.5452,-0.0290,0.0747,0.8345,0.004,,,,,,,
41,Left,18,0.0000,0.0000,0.0390,0.6377,0.0191,0.0419,0.7689,0.004,,,,,,,
41,Left,19,0.0000,0.0000,0.0266,0.5284,0.0273,0.0287,0.8481,0.004,,,,,,,
41,Left,20,-0.0003,0.0016,0.0243,0.0000,0.0000,0.0000,1.0000,0.004,,,,,,,
41,Left,21,-0.0230,-0.0094,0.0341,0.0183,-0.1403,0.2070,0.9681,0.004,,,,,,,
41,Left,22,0.0000,0.0000,0.0457,0.4591,-0.0280,-0.0673,0.8854,0.004,,,,,,,
41,Left,23,0.0000,0.0000,0.0307,0.6621,-0.0059,0.0871,0.7443,0.004,,,,,,,
41,Left,24,0.0000,0.0000,0.0203,0.5392,0.0410,-0.0025,0.8412,0.004,,,,,,,
41,Left,25,0.0002,0.0012,0.0219,0.0000,0.0000,0.0000,1.0000,0.004,,,,,,,
41,Right,0,-0.0023,-0.0053,0.0652,0.0000,0.0000,0.0000,1.0000,0.004,,,,,,,
41,Right,1,0.0000,0.0000,0.0000,0.0000,0.0000,0.0000,1.0000,0.004,-0.0469,-0.2924,0.0844,0.2024,0.4463,0.8677,-0.0835
41,Right,2,-0.0289,-0.0181,0.0355,-0.0757,-0.3255,0.5994,0.7273,0.004,,,,,,,
41,Right,3,0.0000,0.0000,0.0325,0.2621,0.0459,-0.0809,0.9605,0.004,,,,,,,
41,Right,4,0.0000,0.0000,0.0338,0.1627,-0.0461,0.0775,0.9825,0.004,,,,,,,
41,Right,5,0.0007,0.0010,0.0246,0.0000,0.0000,0.0000,1.0000,0.004,,,,,,,
41,Right,6,-0.0192,-0.0105,0.0369,0.0000,0.0000,0.0000,1.0000,0.004,,,,,,,
41,Right,7,-0.0044,0.0032,0.0591,0.1901,0.0675,0.0260,0.9791,0.004,,,,,,,
41,Right,8,0.0000,0.0000,0.0379,0.2065,0.0017,-0.0263,0.9781,0.004,,,,,,,
41,Right,9,0.0000,0.0000,0.0243,0.0679,0.0249,-0.0167,0.9972,0.004,,,,,,,
41,Right,10,0.0003,0.0010,0.0224,0.0000,0.0000,0.0000,1.0000,0.004,,,,,,,
41,Right,11,-0.0029,-0.0081,0.0348,0.0000,0.0000,0.0000,1.0000,0.004,,,,,,,
41,Right,12,0.0012,0.0056,0.0609,0.2751,0.0748,-0.0256,0.9581,0.004,,,,,,,
41,Right,13,0.0000,0.0000,0.0429,0.1494,0.0026,-0.0121,0.9887,0.004,,,,,,,
41,Right,14,0.0000,0.0000,0.0275,0.0169,-0.0002,-0.0453,0.9988,0.004,,,,,,,
41,Right,15,0.0003,0.0011,0.0250,0.0000,0.0000,0.0000,1.0000,0.004,,,,,,,
41,Right,16,0.0150,-0.0060,0.0348,0.0000,0.0000,0.0000,1.0000,0.004,,,,,,,
41,Right,17,0.0025,-0.0005,0.0539,0.2113,0.0764,-0.0654,0.9722,0.004,,,,,,,
41,Right,18,0.0000,0.0000,0.0390,0.1416,-0.0018,-0.0367,0.9892,0.004,,,,,,,
41,Right,19,0.0000,0.0000,0.0266,0.0618,-0.0295,-0.0075,0.9976,0.004,,,,,,,
41,Right,20,0.0003,0.0016,0.0243,0.0000,0.0000,0.0000,1.0000,0.004,,,,,,,
41,Right,21,0.0230,-0.0094,0.0341,0.0183,0.1403,-0.2070,0.9681,0.004,,,,,,,
41,Right,22,0.0000,0.0000,0.0457,0.0882,-0.0124,0.0893,0.9920,0.004,,,,,,,
41,Right,23,0.0000,0.0000,0.0307,0.1776,0.0348,-0.0537,0.9820,0.004,,,,,,,
41,Right,24,0.0000,0.0000,0.0203,0.0087,-0.0492,0.0008,0.9988,0.004,,,,,,,
41,Right,25,-0.0002,0.0012,0.0219,0.0000,0.0000,0.0000,1.0000,0.004,,,,,,,
42,Left,0,0.0024,-0.0053,0.0652,0.0000,0.0000,0.0000,1.0000,0.004,,,,,,,
42,Left,1,0.0000,0.0000,0.0000,0.0000,0.0000,0.0000,1.0000,0.004,0.3546,0.0521,0.0547,-0.0773,-0.4936,-0.8656,-0.0323
42,Left,2,0.0291,-0.0177,0.0353,-0.0645,0.3497,-0.5972,0.7189,0.004,,,,,,,
42,Left,3,0.0000,0.0000,0.0325,0.2052,-0.0516,0.0819,0.9739,0.004,,,,,,,
42,Left,4,0.0000,0.0000,0.0338,0.2344,0.0394,-0.0746,0.9685,0.004,,,,,,,
42,Left,5,-0.0007,0.0010,0.0246,0.0000,0.0000,0.0000,1.0000,0.004,,,,,,,
42,Left,6,0.0193,-0.0103,0.0368,0.0000,0.0000,0.0000,1.0000,0.004,,,,,,,
42,Left,7,0.0043,0.0030,0.0591,0.4847,0.0091,-0.0519,0.8731,0.004,,,,,,,
42,Left,8,0.0000,0.0000,0.0379,0.6745,0.0121,0.0226,0.7379,0.004,,,,,,,
42,Left,9,0.0000,0.0000,0.0243,0.4685,-0.0153,0.0168,0.8832,0.004,,,,,,,
42,Left,10,-0.0003,0.0010,0.0224,0.0000,0.0000,0.0000,1.0000,0.004,,,,,,,
42,Left,11,0.0031,-0.0081,0.0347,0.0000,0.0000,0.0000,1.0000,0.004,,,,,,,
42,Left,12,-0.0013,0.0055,0.0610,0.5491,-0.0283,0.0242,0.8349,0.004,,,,,,,
42,Left,13,0.0000,0.0000,0.0429,0.5776,0.0029,0.0129,0.8162,0.004,,,,,,,
42,Left,14,0.0000,0.0000,0.0275,0.4765,0.0203,0.0850,0.8748,0.004,,,,,,,
42,Left,15,-0.0003,0.0011,0.0250,0.0000,0.0000,0.0000,1.0000,0.004,,,,,,,
42,Left,16,-0.0150,-0.0060,0.0348,0.0000,0.0000,0.0000,1.0000,0.004,,,,,,,
42,Left,17,-0.0025,-0.0005,0.0539,0.5452,-0.0290,0.0747,0.8345,0.004,,,,,,,
42,Left,18,0.0000,0.0000,0.0390,0.6377,0.0191,0.0419,0.7689,0.004,,,,,,,
42,Left,19,0.0000,0.0000,0.0266,0.5284,0.0273,0.0287,0.8480,0.004,,,,,,,
42,Left,20,-0.0003,0.0016,0.0243,0.0000,0.0000,0.0000,1.0000,0.004,,,,,,,
42,Left,21,-0.0230,-0.0094,0.0341,0.0183,-0.1403,0.2070,0.9681,0.004,,,,,,,
42,Left,22,0.0000,0.0000,0.0457,0.4591,-0.0280,-0.0673,0.8854,0.004,,,,,,,
42,Left,23,0.0000,0.0000,0.0307,0.6621,-0.0059,0.0871,0.7443,0.004,,,,,,,
42,Left,24,0.0000,0.0000,0.0203,0.5392,0.0410,-0.0025,0.8412,0.004,,,,,,,
42,Left,25,0.0002,0.0012,0.0219,0.0000,0.0000,0.0000,1.0000,0.004,,,,,,,
42,Right,0,-0.0023,-0.0053,0.0652,0.0000,0.0000,0.0000,1.0000,0.004,,,,,,,
42,Right,1,0.0000,0.0000,0.0000,0.0000,0.0000,0.0000,1.0000,0.004,-0.0469,-0.2924,0.0844,0.2024,0.4463,0.8677,-0.0835
42,Right,2,-0.0289,-0.0181,0.0355,-0.0757,-0.3255,0.5994,0.7273,0.004,,,,,,,
42,Right,3,0.0000,0.0000,0.0325,0.2621,0.0459,-0.0809,0.9605,0.004,,,,,,,
42,Right,4,0.0000,0.0000,0.0338,0.1627,-0.0461,0.0775,0.9825,0.004,,,,,,,
42,Right,5,0.0007,0.0010,0.0246,0.0000,0.0000,0.0000,1.0000,0.004,,,,,,,
42,Right,6,-0.0192,-0.0105,0.0369,0.0000,0.0000,0.0000,1.0000,0.004,,,,,,,
42,Right,7,-0.0044,0.0032,0.0591,0.1901,0.0675,0.0260,0.9791,0.004,,,,,,,
42,Right,8,0.0000,0.0000,0.0379,0.2065,0.0017,-0.0263,0.9781,0.004,,,,,,,
42,Right,9,0.0000,0.0000,0.0243,0.0679,0.0249,-0.0167,0.9972,0.004,,,,,,,
42,Right,10,0.0003,0.0010,0.0224,0.0000,0.0000,0.0000,1.0000,0.004,,,,,,,
42,Right,11,-0.0029,-0.0081,0.0348,0.0000,0.0000,0.0000,1.0000,0.004,,,,,,,
42,Right,12,0.0012,0.0056,0.0609,0.2751,0.0748,-0.0256,0.9581,0.004,,,,,,,
42,Right,13,0.0000,0.0000,0.0429,0.1494,0.0026,-0.0121,0.9887,0.004,,,,,,,
42,Right,14,0.0000,0.0000,0.0275,0.0169,-0.0002,-0.0453,0.9988,0.004,,,,,,,
42,Right,15,0.0003,0.0011,0.0250,0.0000,0.0000,0.0000,1.0000,0.004,,,,,,,
42,Right,16,0.0150,-0.0060,0.0348,0.0000,0.0000,0.0000,1.0000,0.004,,,,,,,
42,Right,17,0.0025,-0.0005,0.0539,0.2113,0.0764,-0.0654,0.9722,0.004,,,,,,,
42,Right,18,0.0000,0.0000,0.0390,0.1416,-0.0018,-0.0367,0.9892,0.004,,,,,,,
42,Right,19,0.0000,0.0000,0.0266,0.0618,-0.0295,-0.0075,0.9976,0.004,,,,,,,
42,Right,20,0.0003,0.0016,0.0243,0.0000,0.0000,0.0000,1.0000,0.004,,,,,,,
42,Right,21,0.0230,-0.0094,0.0341,0.0183,0.1403,-0.2070,0.9681,0.004,,,,,,,
42,Right,22,0.0000,0.0000,0.0457,0.0882,-0.0124,0.0893,0.9920,0.004,,,,,,,
42,Right,23,0.0000,0.0000,0.0307,0.1776,0.0348,-0.0537,0.9820,0.004,,,,,,,
42,Right,24,0.0000,0.0000,0.0203,0.0087,-0.0492,0.0008,0.9988,0.004,,,,,,,
42,Right,25,-0.0002,0.0012,0.0219,0.0000,0.0000,0.0000,1.0000,0.004,,,,,,,
43,Left,0,0.0024,-0.0053,0.0652,0.0000,0.0000,0.0000,1.0000,0.004,,,,,,,
43,Left,1,0.0000,0.0000,0.0000,0.0000,0.0000,0.0000,1.0000,0.004,0.3546,0.0521,0.0547,-0.0773,-0.4936,-0.8656,-0.0323
43,Left,2,0.0291,-0.0177,0.0353,-0.0645,0.3497,-0.5972,0.7189,0.004,,,,,,,
43,Left,3,0.0000,0.0000,0.0325,0.2052,-0.0516,0.0819,0.9739,0.004,,,,,,,
43,Left,4,0.0000,0.0000,0.0338,0.2344,0.0394,-0.0746,0.9685,0.004,,,,,,,
43,Left,5,-0.0007,0.0010,0.0246,0.0000,0.0000,0.0000,1.0000,0.004,,,,,,,
43,Left,6,0.0193,-0.0103,0.0368,0.0000,0.0000,0.0000,1.0000,0.004,,,,,,,
43,Left,7,0.0043,0.0030,0.0591,0.4847,0.0091,-0.0519,0.8731,0.004,,,,,,,
43,Left,8,0.0000,0.0000,0.0379,0.6745,0.0121,0.0226,0.7379,0.004,,,,,,,
43,Left,9,0.0000,0.0000,0.0243,0.4685,-0.0153,0.0168,0.8832,0.004,,,,,,,
43,Left,10,-0.0003,0.0010,0.0224,0.0000,0.0000,0.0000,1.0000,0.004,,,,,,,
43,Left,11,0.0031,-0.0081,0.0347,0.0000,0.0000,0.0000,1.0000,0.004,,,,,,,
43,Left,12,-0.0013,0.0055,0.0610,0.5492,-0.0283,0.0242,0.8349,0.004,,,,,,,
43,Left,13,0.0000,0.0000,0.0429,0.5776,0.0029,0.0129,0.8162,0.004,,,,,,,
43,Left,14,0.0000,0.0000,0.0275,0.4765,0.0203,0.0850,0.8748,0.004,,,,,,,
43,Left,15,-0.0003,0.0011,0.0250,0.0000,0.0000,0.0000,1.0000,0.004,,,,,,,
43,Left,16,-0.0150,-0.0060,0.0348,0.0000,0.0000,0.0000,1.0000,0.004,,,,,,,
43,Left,17,-0.0025,-0.0005,0.0539,0.5452,-0.0290,0.0747,0.8345,0.004,,,,,,,
43,Left,18,0.0000,0.0000,0.0390,0.6377,0.0191,0.0419,0.7689,0.004,,,,,,,
43,Left,19,0.0000,0.0000,0.0266,0.5284,0.0273,0.0287,0.8480,0.004,,,,,,,
43,Left,20,-0.0003,0.0016,0.0243,0.0000,0.0000,0.0000,1.0000,0.004,,,,,,,
43,Left,21,-0.0230,-0.0094,0.0341,0.0183,-0.1403,0.2070,0.9681,0.004,,,,,,,
43,Left,22,0.0000,0.0000,0.0457,0.4591,-0.0280,-0.0673,0.8854,0.004,,,,,,,
43,Left,23,0.0000,0.0000,0.0307,0.6621,-0.0059,0.0871,0.7443,0.004,,,,,,,
43,Left,24,0.0000,0.0000,0.0203,0.5392,0.0410,-0.0025,0.8412,0.004,,,,,,,
43,Left,25,0.0002,0.0012,0.0219,0.0000,0.0000,0.0000,1.0000,0.004,,,,,,,
43,Right,0,-0.0023,-0.0053,0.0652,0.0000,0.0000,0.0000,1.0000,0.004,,,,,,,
43,Right,1,0.0000,0.0000,0.0000,0.0000,0.0000,0.0000,1.0000,0.004,-0.0469,-0.2924,0.0844,0.2024,0.4463,0.8677,-0.0835
43,Right,2,-0.0289,-0.0181,0.0355,-0.0757,-0.3255,0.5994,0.7273,0.004,,,,,,,
43,Right,3,0.0000,0.0000,0.0325,0.2621,0.0459,-0.0809,0.9605,0.004,,,,,,,
43,Right,4,0.0000,0.0000,0.0338,0.1627,-0.0461,0.0775,0.9825,0.004,,,,,,,
43,Right,5,0.0007,0.0010,0.0246,0.0000,0.0000,0.0000,1.0000,0.004,,,,,,,
43,Right,6,-0.0192,-0.0105,0.0369,0.0000,0.0000,0.0000,1.0000,0.004,,,,,,,
43,Right,7,-0.0044,0.0032,0.0591,0.1901,0.0675,0.0260,0.9791,0.004,,,,,,,
43,Right,8,0.0000,0.0000,0.0379,0.2065,0.0017,-0.0263,0.9781,0.004,,,,,,,
43,Right,9,0.0000,0.0000,0.0243,0.0679,0.0249,-0.0167,0.9972,0.004,,,,,,,
43,Right,10,0.0003,0.0010,0.0224,0.0000,0.0000,0.0000,1.0000,0.004,,,,,,,
43,Right,11,-0.0029,-0.0081,0.0348,0.0000,0.0000,0.0000,1.0000,0.004,,,,,,,
43,Right,12,0.0012,0.0056,0.0609,0.2751,0.0748,-0.0256,0.9581,0.004,,,,,,,
43,Right,13,0.0000,0.0000,0.0429,0.1494,0.0026,-0.0121,0.9887,0.004,,,,,,,
43,Right,14,0.0000,0.0000,0.0275,0.0169,-0.0002,-0.0453,0.9988,0.004,,,,,,,
43,Right,15,0.0003,0.0011,0.0250,0.0000,0.0000,0.0000,1.0000,0.004,,,,,,,
43,Right,16,0.0150,-0.0060,0.0348,0.0000,0.0000,0.0000,1.0000,0.004,,,,,,,
43,Right,17,0.0025,-0.0005,0.0539,0.2113,0.0764,-0.0654,0.9722,0.004,,,,,,,
43,Right,18,0.0000,0.0000,0.0390,0.1416,-0.0018,-0.0367,0.9892,0.004,,,,,,,
43,Right,19,0.0000,0.0000,0.0266,0.0618,-0.0295,-0.0075,0.9976,0.004,,,,,,,
43,Right,20,0.0003,0.0016,0.0243,0.0000,0.0000,0.0000,1.0000,0.004,,,,,,,
43,Right,21,0.0230,-0.0094,0.0341,0.0183,0.1403,-0.2070,0.9681,0.004,,,,,,,
43,Right,22,0.0000,0.0000,0.0457,0.0882,-0.0124,0.0893,0.9920,0.004,,,,,,,
43,Right,23,0.0000,0.0000,0.0307,0.1776,0.0348,-0.0537,0.9820,0.004,,,,,,,
43,Right,24,0.0000,0.0000,0.0203,0.0087,-0.0492,0.0008,0.9988,0.004,,,,,,,
43,Right,25,-0.0002,0.0012,0.0219,0.0000,0.0000,0.0000,1.0000,0.004,,,,,,,
44,Left,0,0.0024,-0.0053,0.0652,0.0000,0.0000,0.0000,1.0000,0.004,,,,,,,
44,Left,1,0.0000,0.0000,0.0000,0.0000,0.0000,0.0000,1.0000,0.004,0.3546,0.0521,0.0547,-0.0773,-0.4936,-0.8656,-0.0323
44,Left,2,0.0291,-0.0177,0.0353,-0.0645,0.3497,-0.5972,0.7189,0.004,,,,,,,
44,Left,3,0.0000,0.0000,0.0325,0.2052,-0.0516,0.0819,0.9739,0.004,,,,,,,
44,Left,4,0.0000,0.0000,0.0338,0.2344,0.0394,-0.0746,0.9685,0.004,,,,,,,
44,Left,5,-0.0007,0.0010,0.0246,0.0000,0.0000,0.0000,1.0000,0.004,,,,,,,
44,Left,6,0.0193,-0.0103,0.0368,0.0000,0.0000,0.0000,1.0000,0.004,,,,,,,
44,Left,7,0.0043,0.0030,0.0591,0.4847,0.0091,-0.0519,0.8731,0.004,,,,,,,
44,Left,8,0.0000,0.0000,0.0379,0.6745,0.0121,0.0226,0.7379,0.004,,,,,,,
44,Left,9,0.0000,0.0000,0.0243,0.4685,-0.0153,0.0168,0.8832,0.004,,,,,,,
44,Left,10,-0.0003,0.0010,0.0224,0.0000,0.0000,0.0000,1.0000,0.004,,,,,,,
44,Left,11,0.0031,-0.0081,0.0347,0.0000,0.0000,0.0000,1.0000,0.004,,,,,,,
44,Left,12,-0.0013,0.0055,0.0610,0.5492,-0.0283,0.0242,0.8349,0.004,,,,,,,
44,Left,13,0.0000,0.0000,0.0429,0.5776,0.0029,0.0129,0.8162,0.004,,,,,,,
44,Left,14,0.0000,0.0000,0.0275,0.4765,0.0203,0.0850,0.8748,0.004,,,,,,,
44,Left,15,-0.0003,0.0011,0.0250,0.0000,0.0000,0.0000,1.0000,0.004,,,,,,,
44,Left,16,-0.0150,-0.0060,0.0348,0.0000,0.0000,0.0000,1.0000,0.004,,,,,,,
44,Left,17,-0.0025,-0.0005,0.0539,0.5452,-0.0290,0.0747,0.8345,0.004,,,,,,,
44,Left,18,0.0000,0.0000,0.0390,0.6377,0.0191,0.0419,0.7689,0.004,,,,,,,
44,Left,19,0.0000,0.0000,0.0266,0.5285,0.0273,0.0287,0.8480,0.004,,,,,,,
44,Left,20,-0.0003,0.0016,0.0243,0.0000,0.0000,0.0000,1.0000,0.004,,,,,,,
44,Left,21,-0.0230,-0.0094,0.0341,0.0183,-0.1403,0.2070,0.9681,0.004,,,,,,,
44,Left,22,0.0000,0.0000,0.0457,0.4591,-0.0280,-0.0673,0.8854,0.004,,,,,,,
44,Left,23,0.0000,0.0000,0.0307,0.6621,-0.0059,0.0871,0.7443,0.004,,,,,,,
44,Left,24,0.0000,0.0000,0.0203,0.5392,0.0410,-0.0025,0.8412,0.004,,,,,,,
44,Left,25,0.0002,0.0012,0.0219,0.0000,0.0000,0.0000,1.0000,0.004,,,,,,,
44,Right,0,-0.0023,-0.0053,0.0652,0.0000,0.0000,0.0000,1.0000,0.004,,,,,,,
44,Right,1,0.0000,0.0000,0.0000,0.0000,0.0000,0.0000,1.0000,0.004,-0.0469,-0.2924,0.0844,0.2024,0.4463,0.8677,-0.0835
44,Right,2,-0.0289,-0.0181,0.0355,-0.0756,-0.3255,0.5994,0.7273,0.004,,,,,,,
44,Right,3,0.0000,0.0000,0.0325,0.2621,0.0459,-0.0809,0.9605,0.004,,,,,,,
44,Right,4,0.0000,0.0000,0.0338,0.1627,-0.0461,0.0775,0.9825,0.004,,,,,,,
44,Right,5,0.0007,0.0010,0.0246,0.0000,0.0000,0.0000,1.0000,0.004,,,,,,,
44,Right,6,-0.0192,-0.0105,0.0369,0.0000,0.0000,0.0000,1.0000,0.004,,,,,,,
44,Right,7,-0.0044,0.0032,0.0591,0.1901,0.0675,0.0260,0.9791,0.004,,,,,,,
44,Right,8,0.0000,0.0000,0.0379,0.2065,0.0017,-0.0263,0.9781,0.004,,,,,,,
44,Right,9,0.0000,0.0000,0.0243,0.0679,0.0249,-0.0167,0.9972,0.004,,,,,,,
44,Right,10,0.0003,0.0010,0.0224,0.0000,0.0000,0.0000,1.0000,0.004,,,,,,,
44,Right,11,-0.0029,-0.0081,0.0348,0.0000,0.0000,0.0000,1.0000,0.004,,,,,,,
44,Right,12,0.0012,0.0056,0.0609,0.2751,0.0748,-0.0256,0.9581,0.004,,,,,,,
44,Right,13,0.0000,0.0000,0.0429,0.1494,0.0026,-0.0121,0.9887,0.004,,,,,,,
44,Right,14,0.0000,0.0000,0.0275,0.0169,-0.0002,-0.0453,0.9988,0.004,,,,,,,
44,Right,15,0.0003,0.0011,0.0250,0.0000,0.0000,0.0000,1.0000,0.004,,,,,,,
44,Right,16,0.0150,-0.0060,0.0348,0.0000,0.0000,0.0000,1.0000,0.004,,,,,,,
44,Right,17,0.0025,-0.0005,0.0539,0.2113,0.0764,-0.0654,0.9722,0.004,,,,,,,
44,Right,18,0.0000,0.0000,0.0390,0.1416,-0.0018,-0.0367,0.9892,0.004,,,,,,,
44,Right,19,0.0000,0.0000,0.0266,0.0618,-0.0295,-0.0075,0.9976,0.004,,,,,,,
44,Right,20,0.0003,0.0016,0.0243,0.0000,0.0000,0.0000,1.0000,0.004,,,,,,,
44,Right,21,0.0230,-0.0094,0.0341,0.0183,0.1403,-0.2070,0.9681,0.004,,,,,,,
44,Right,22,0.0000,0.0000,0.0457,0.0882,-0.0124,0.0893,0.9920,0.004,,,,,,,
44,Right,23,0.0000,0.0000,0.0307,0.1776,0.0348,-0.0537,0.9820,0.004,,,,,,,
44,Right,24,0.0000,0.0000,0.0203,0.0087,-0.0492,0.0008,0.9988,0.004,,,,,,,
44,Right,25,-0.0002,0.0012,0.0219,0.0000,0.0000,0.0000,1.0000,0.004,,,,,,,
45,Left,0,0.0024,-0.0053,0.0652,0.0000,0.0000,0.0000,1.0000,0.004,,,,,,,
45,Left,1,0.0000,0.0000,0.0000,0.0000,0.0000,0.0000,1.0000,0.004,0.3546,0.0521,0.0547,-0.0773,-0.4936,-0.8656,-0.0323
45,Left,2,0.0291,-0.0177,0.0353,-0.0645,0.3497,-0.5972,0.7189,0.004,,,,,,,
45,Left,3,0.0000,0.0000,0.0325,0.2052,-0.0516,0.0819,0.9739,0.004,,,,,,,
45,Left,4,0.0000,0.0000,0.0338,0.2344,0.0394,-0.0746,0.9685,0.004,,,,,,,
45,Left,5,-0.0007,0.0010,0.0246,0.0000,0.0000,0.0000,1.0000,0.004,,,,,,,
45,Left,6,0.0193,-0.0103,0.0368,0.0000,0.0000,0.0000,1.0000,0.004,,,,,,,
45,Left,7,0.0043,0.0030,0.0591,0.4847,0.0091,-0.0519,0.8731,0.004,,,,,,,
45,Left,8,0.0000,0.0000,0.0379,0.6745,0.0121,0.0226,0.7378,0.004,,,,,,,
45,Left,9,0.0000,0.0000,0.0243,0.4685,-0.0153,0.0168,0.8832,0.004,,,,,,,
45,Left,10,-0.0003,0.0010,0.0224,0.0000,0.0000,0.0000,1.0000,0.004,,,,,,,
45,Left,11,0.0031,-0.0081,0.0347,0.0000,0.0000,0.0000,1.0000,0.004,,,,,,,
45,Left,12,-0.0013,0.0055,0.0610,0.5492,-0.0283,0.0242,0.8349,0.004,,,,,,,
45,Left,13,0.0000,0.0000,0.0429,0.5776,0.0029,0.0129,0.8162,0.004,,,,,,,
45,Left,14,0.0000,0.0000,0.0275,0.4765,0.0203,0.0850,0.8748,0.004,,,,,,,
45,Left,15,-0.0003,0.0011,0.0250,0.0000,0.0000,0.0000,1.0000,0.004,,,,,,,
45,Left,16,-0.0150,-0.0060,0.0348,0.0000,0.0000,0.0000,1.0000,0.004,,,,,,,
45,Left,17,-0.0025,-0.0005,0.0539,0.5452,-0.0290,0.0747,0.8345,0.004,,,,,,,
45,Left,18,0.0000,0.0000,0.0390,0.6377,0.0191,0.0419,0.7689,0.004,,,,,,,
45,Left,19,0.0000,0.0000,0.0266,0.5285,0.0273,0.0287,0.8480,0.004,,,,,,,
45,Left,20,-0.0003,0.0016,0.0243,0.0000,0.0000,0.0000,1.0000,0.004,,,,,,,
45,Left,21,-0.0230,-0.0094,0.0341,0.0183,-0.1403,0.2070,0.9681,0.004,,,,,,,
45,Left,22,0.0000,0.0000,0.0457,0.4591,-0.0280,-0.0673,0.8854,0.004,,,,,,,
45,Left,23,0.0000,0.0000,0.0307,0.6621,-0.0059,0.0871,0.7443,0.004,,,,,,,
45,Left,24,0.0000,0.0000,0.0203,0.5392,0.0410,-0.0025,0.8412,0.004,,,,,,,
45,Left,25,0.0002,0.0012,0.0219,0.0000,0.0000,0.0000,1.0000,0.004,,,,,,,
45,Right,0,-0.0023,-0.0053,0.0652,0.0000,0.0000,0.0000,1.0000,0.004,,,,,,,
45,Right,1,0.0000,0.0000,0.0000,0.0000,0.0000,0.0000,1.0000,0.004,-0.0469,-0.2924,0.0844,0.2024,0.4463,0.8677,-0.0835
45,Right,2,-0.0289,-0.0181,0.0355,-0.0756,-0.3255,0.5994,0.7273,0.004,,,,,,,
45,Right,3,0.0000,0.0000,0.0325,0.2621,0.0459,-0.0809,0.9605,0.004,,,,,,,
45,Right,4,0.0000,0.0000,0.0338,0.1627,-0.0461,0.0775,0.9825,0.004,,,,,,,
45,Right,5,0.0007,0.0010,0.0246,0.0000,0.0000,0.0000,1.0000,0.004,,,,,,,
45,Right,6,-0.0192,-0.0105,0.0369,0.0000,0.0000,0.0000,1.0000,0.004,,,,,,,
45,Right,7,-0.0044,0.0032,0.0591,0.1901,0.0675,0.0260,0.9791,0.004,,,,,,,
45,Right,8,0.0000,0.0000,0.0379,0.2065,0.0017,-0.0263,0.9781,0.004,,,,,,,
45,Right,9,0.0000,0.0000,0.0243,0.0679,0.0249,-0.0167,0.9972,0.004,,,,,,,
45,Right,10,0.0003,0.0010,0.0224,0.0000,0.0000,0.0000,1.0000,0.004,,,,,,,
45,Right,11,-0.0029,-0.0081,0.0348,0.0000,0.0000,0.0000,1.0000,0.004,,,,,,,
45,Right,12,0.0012,0.0056,0.0609,0.2751,0.0748,-0.0256,0.9581,0.004,,,,,,,
45,Right,13,0.0000,0.0000,0.0429,0.1494,0.0026,-0.0121,0.9887,0.004,,,,,,,
45,Right,14,0.0000,0.0000,0.0275,0.0169,-0.0002,-0.0453,0.9988,0.004,,,,,,,
45,Right,15,0.0003,0.0011,0.0250,0.0000,0.0000,0.0000,1.0000,0.004,,,,,,,
45,Right,16,0.0150,-0.0060,0.0348,0.0000,0.0000,0.0000,1.0000,0.004,,,,,,,
45,Right,17,0.0025,-0.0005,0.0539,0.2113,0.0764,-0.0654,0.9722,0.004,,,,,,,
45,Right,18,0.0000,0.0000,0.0390,0.1416,-0.0018,-0.0367,0.9892,0.004,,,,,,,
45,Right,19,0.0000,0.0000,0.0266,0.0618,-0.0295,-0.0075,0.9976,0.004,,,,,,,
45,Right,20,0.0003,0.0016,0.0243,0.0000,0.0000,0.0000,1.0000,0.004,,,,,,,
45,Right,21,0.0230,-0.0094,0.0341,0.0183,0.1403,-0.2070,0.9681,0.004,,,,,,,
45,Right,22,0.0000,0.0000,0.0457,0.0882,-0.0124,0.0893,0.9920,0.004,,,,,,,
45,Right,23,0.0000,0.0000,0.0307,0.1776,0.0348,-0.0537,0.9820,0.004,,,,,,,
45,Right,24,0.0000,0.0000,0.0203,0.0087,-0.0492,0.0008,0.9988,0.004,,,,,,,
45,Right,25,-0.0002,0.0012,0.0219,0.0000,0.0000,0.0000,1.0000,0.004,,,,,,,
46,Left,0,0.0024,-0.0053,0.0652,0.0000,0.0000,0.0000,1.0000,0.005,,,,,,,
46,Left,1,0.0000,0.0000,0.0000,0.0000,0.0000,0.0000,1.0000,0.005,0.3546,0.0521,0.0547,-0.0773,-0.4936,-0.8656,-0.0323
46,Left,2,0.0291,-0.0177,0.0353,-0.0645,0.3497,-0.5972,0.7189,0.005,,,,,,,
46,Left,3,0.0000,0.0000,0.0325,0.2052,-0.0516,0.0819,0.9739,0.005,,,,,,,
46,Left,4,0.0000,0.0000,0.0338,0.2344,0.0394,-0.0746,0.9685,0.005,,,,,,,
46,Left,5,-0.0007,0.0010,0.0246,0.0000,0.0000,0.0000,1.0000,0.005,,,,,,,
46,Left,6,0.0193,-0.0103,0.0368,0.0000,0.0000,0.0000,1.0000,0.005,,,,,,,
46,Left,7,0.0043,0.0030,0.0591,0.4847,0.0091,-0.0519,0.8731,0.005,,,,,,,
46,Left,8,0.0000,0.0000,0.0379,0.6745,0.0121,0.0226,0.7378,0.005,,,,,,,
46,Left,9,0.0000,0.0000,0.0243,0.4685,-0.0153,0.0168,0.8832,0.005,,,,,,,
46,Left,10,-0.0003,0.0010,0.0224,0.0000,0.0000,0.0000,1.0000,0.005,,,,,,,
46,Left,11,0.0031,-0.0081,0.0347,0.0000,0.0000,0.0000,1.0000,0.005,,,,,,,
46,Left,12,-0.0013,0.0055,0.0610,0.5492,-0.0283,0.0242,0.8349,0.005,,,,,,,
46,Left,13,0.0000,0.0000,0.0429,0.5776,0.0029,0.0129,0.8162,0.005,,,,,,,
46,Left,14,0.0000,0.0000,0.0275,0.4765,0.0203,0.0850,0.8748,0.005,,,,,,,
46,Left,15,-0.0003,0.0011,0.0250,0.0000,0.0000,0.0000,1.0000,0.005,,,,,,,
46,Left,16,-0.0150,-0.0060,0.0348,0.0000,0.0000,0.0000,1.0000,0.005,,,,,,,
46,Left,17,-0.0025,-0.0005,0.0539,0.5452,-0.0290,0.0747,0.8345,0.005,,,,,,,
46,Left,18,0.0000,0.0000,0.0390,0.6377,0.0191,0.0419,0.7689,0.005,,,,,,,
46,Left,19,0.0000,0.0000,0.0266,0.5285,0.0273,0.0287,0.8480,0.005,,,,,,,
46,Left,20,-0.0003,0.0016,0.0243,0.0000,0.0000,0.0000,1.0000,0.005,,,,,,,
46,Left,21,-0.0230,-0.0094,0.0341,0.0183,-0.1403,0.2070,0.9681,0.005,,,,,,,
46,Left,22,0.0000,0.0000,0.0457,0.4591,-0.0280,-0.0673,0.8854,0.005,,,,,,,
46,Left,23,0.0000,0.0000,0.0307,0.6621,-0.0059,0.0871,0.7443,0.005,,,,,,,
46,Left,24,0.0000,0.0000,0.0203,0.5392,0.0410,-0.0025,0.8412,0.005,,,,,,,
46,Left,25,0.0002,0.0012,0.0219,0.0000,0.0000,0.0000,1.0000,0.005,,,,,,,
46,Right,0,-0.0023,-0.0053,0.0652,0.0000,0.0000,0.0000,1.0000,0.005,,,,,,,
46,Right,1,0.0000,0.0000,0.0000,0.0000,0.0000,0.0000,1.0000,0.005,-0.0469,-0.2924,0.0844,0.2024,0.4463,0.8677,-0.0835
46,Right,2,-0.0289,-0.0181,0.0355,-0.0756,-0.3255,0.5994,0.7273,0.005,,,,,,,
46,Right,3,0.0000,0.0000,0.0325,0.2621,0.0459,-0.0809,0.9605,0.005,,,,,,,
46,Right,4,0.0000,0.0000,0.0338,0.1627,-0.0461,0.0775,0.9825,0.005,,,,,,,
46,Right,5,0.0007,0.0010,0.0246,0.0000,0.0000,0.0000,1.0000,0.005,,,,,,,
46,Right,6,-0.0192,-0.0105,0.0369,0.0000,0.0000,0.0000,1.0000,0.005,,,,,,,
46,Right,7,-0.0044,0.0032,0.0591,0.1901,0.0675,0.0260,0.9791,0.005,,,,,,,
46,Right,8,0.0000,0.0000,0.0379,0.2065,0.0017,-0.0263,0.9781,0.005,,,,,,,
46,Right,9,0.0000,0.0000,0.0243,0.0679,0.0249,-0.0167,0.9972,0.005,,,,,,,
46,Right,10,0.0003,0.0010,0.0224,0.0000,0.0000,0.0000,1.0000,0.005,,,,,,,
46,Right,11,-0.0029,-0.0081,0.0348,0.0000,0.0000,0.0000,1.0000,0.005,,,,,,,
46,Right,12,0.0012,0.0056,0.0609,0.2751,0.0748,-0.0256,0.9581,0.005,,,,,,,
46,Right,13,0.0000,0.0000,0.0429,0.1494,0.0026,-0.0121,0.9887,0.005,,,,,,,
46,Right,14,0.0000,0.0000,0.0275,0.0169,-0.0002,-0.0453,0.9988,0.005,,,,,,,
46,Right,15,0.0003,0.0011,0.0250,0.0000,0.0000,0.0000,1.0000,0.005,,,,,,,
46,Right,16,0.0150,-0.0060,0.0348,0.0000,0.0000,0.0000,1.0000,0.005,,,,,,,
46,Right,17,0.0025,-0.0005,0.0539,0.2113,0.0764,-0.0654,0.9722,0.005,,,,,,,
46,Right,18,0.0000,0.0000,0.0390,0.1416,-0.0018,-0.0367,0.9892,0.005,,,,,,,
46,Right,19,0.0000,0.0000,0.0266,0.0618,-0.0295,-0.0075,0.9976,0.005,,,,,,,
46,Right,20,0.0003,0.0016,0.0243,0.0000,0.0000,0.0000,1.0000,0.005,,,,,,,
46,Right,21,0.0230,-0.0094,0.0341,0.0183,0.1403,-0.2070,0.9681,0.005,,,,,,,
46,Right,22,0.0000,0.0000,0.0457,0.0882,-0.0124,0.0893,0.9920,0.005,,,,,,,
46,Right,23,0.0000,0.0000,0.0307,0.1776,0.0348,-0.0537,0.9820,0.005,,,,,,,
46,Right,24,0.0000,0.0000,0.0203,0.0087,-0.0492,0.0008,0.9988,0.005,,,,,,,
46,Right,25,-0.0002,0.0012,0.0219,0.0000,0.0000,0.0000,1.0000,0.005,,,,,,,
47,Left,0,0.0024,-0.0053,0.0652,0.0000,0.0000,0.0000,1.0000,0.005,,,,,,,
47,Left,1,0.0000,0.0000,0.0000,0.0000,0.0000,0.0000,1.0000,0.005,0.3546,0.0521,0.0547,-0.0773,-0.4936,-0.8656,-0.0323
47,Left,2,0.0291,-0.0177,0.0353,-0.0645,0.3497,-0.5972,0.7189,0.005,,,,,,,
47,Left,3,0.0000,0.0000,0.0325,0.2052,-0.0516,0.0819,0.9739,0.005,,,,,,,
47,Left,4,0.0000,0.0000,0.0338,0.2344,0.0394,-0.0746,0.9685,0.005,,,,,,,
47,Left,5,-0.0007,0.0010,0.0246,0.0000,0.0000,0.0000,1.0000,0.005,,,,,,,
47,Left,6,0.0193,-0.0103,0.0368,0.0000,0.0000,0.0000,1.0000,0.005,,,,,,,
47,Left,7,0.0043,0.0030,0.0591,0.4847,0.0091,-0.0519,0.8731,0.005,,,,,,,
47,Left,8,0.0000,0.0000,0.0379,0.6745,0.0121,0.0226,0.7378,0.005,,,,,,,
47,Left,9,0.0000,0.0000,0.0243,0.4685,-0.0153,0.0168,0.8832,0.005,,,,,,,
47,Left,10,-0.0003,0.0010,0.0224,0.0000,0.0000,0.0000,1.0000,0.005,,,,,,,
47,Left,11,0.0031,-0.0081,0.0347,0.0000,0.0000,0.0000,1.0000,0.005,,,,,,,
47,Left,12,-0.0013,0.0055,0.0610,0.5492,-0.0283,0.0242,0.8349,0.005,,,,,,,
47,Left,13,0.0000,0.0000,0.0429,0.5776,0.0029,0.0129,0.8162,0.005,,,,,,,
47,Left,14,0.0000,0.0000,0.0275,0.4765,0.0203,0.0850,0.8748,0.005,,,,,,,
47,Left,15,-0.0003,0.0011,0.0250,0.0000,0.0000,0.0000,1.0000,0.005,,,,,,,
47,Left,16,-0.0150,-0.0060,0.0348,0.0000,0.0000,0.0000,1.0000,0.005,,,,,,,
47,Left,17,-0.0025,-0.0005,0.0539,0.5452,-0.0290,0.0747,0.8345,0.005,,,,,,,
47,Left,18,0.0000,0.0000,0.0390,0.6377,0.0191,0.0419,0.7689,0.005,,,,,,,
47,Left,19,0.0000,0.0000,0.0266,0.5285,0.0273,0.0287,0.8480,0.005,,,,,,,
47,Left,20,-0.0003,0.0016,0.0243,0.0000,0.0000,0.0000,1.0000,0.005,,,,,,,
47,Left,21,-0.0230,-0.0094,0.0341,0.0183,-0.1403,0.2070,0.9681,0.005,,,,,,,
47,Left,22,0.0000,0.0000,0.0457,0.4591,-0.0280,-0.0673,0.8854,0.005,,,,,,,
47,Left,23,0.0000,0.0000,0.0307,0.6621,-0.0059,0.0871,0.7443,0.005,,,,,,,
47,Left,24,0.0000,0.0000,0.0203,0.5392,0.0410,-0.0025,0.8412,0.005,,,,,,,
47,Left,25,0.0002,0.0012,0.0219,0.0000,0.0000,0.0000,1.0000,0.005,,,,,,,
47,Right,0,-0.0023,-0.0053,0.0652,0.0000,0.0000,0.0000,1.0000,0.005,,,,,,,
47,Right,1,0.0000,0.0000,0.0000,0.0000,0.0000,0.0000,1.0000,0.005,-0.0469,-0.2924,0.0844,0.2024,0.4463,0.8677,-0.0835
47,Right,2,-0.0289,-0.0181,0.0355,-0.0756,-0.3255,0.5995,0.7273,0.005,,,,,,,
47,Right,3,0.0000,0.0000,0.0325,0.2621,0.0459,-0.0809,0.9605,0.005,,,,,,,
47,Right,4,0.0000,0.0000,0.0338,0.1627,-0.0461,0.0775,0.9825,0.005,,,,,,,
47,Right,5,0.0007,0.0010,0.0246,0.0000,0.0000,0.0000,1.0000,0.005,,,,,,,
47,Right,6,-0.0192,-0.0105,0.0369,0.0000,0.0000,0.0000,1.0000,0.005,,,,,,,
47,Right,7,-0.0044,0.0032,0.0591,0.1901,0.0675,0.0260,0.9791,0.005,,,,,,,
47,Right,8,0.0000,0.0000,0.0379,0.2065,0.0017,-0.0263,0.9781,0.005,,,,,,,
47,Right,9,0.0000,0.0000,0.0243,0.0679,0.0249,-0.0167,0.9972,0.005,,,,,,,
47,Right,10,0.0003,0.0010,0.0224,0.0000,0.0000,0.0000,1.0000,0.005,,,,,,,
47,Right,11,-0.0029,-0.0081,0.0348,0.0000,0.0000,0.0000,1.0000,0.005,,,,,,,
47,Right,12,0.0012,0.0056,0.0609,0.2751,0.0748,-0.0256,0.9581,0.005,,,,,,,
47,Right,13,0.0000,0.0000,0.0429,0.1494,0.0026,-0.0121,0.9887,0.005,,,,,,,
47,Right,14,0.0000,0.0000,0.0275,0.0169,-0.0002,-0.0453,0.9988,0.005,,,,,,,
47,Right,15,0.0003,0.0011,0.0250,0.0000,0.0000,0.0000,1.0000,0.005,,,,,,,
47,Right,16,0.0150,-0.0060,0.0348,0.0000,0.0000,0.0000,1.0000,0.005,,,,,,,
47,Right,17,0.0025,-0.0005,0.0539,0.2113,0.0764,-0.0654,0.9722,0.005,,,,,,,
47,Right,18,0.0000,0.0000,0.0390,0.1416,-0.0018,-0.0367,0.9892,0.005,,,,,,,
47,Right,19,0.0000,0.0000,0.0266,0.0618,-0.0295,-0.0075,0.9976,0.005,,,,,,,
47,Right,20,0.0003,0.0016,0.0243,0.0000,0.0000,0.0000,1.0000,0.005,,,,,,,
47,Right,21,0.0230,-0.0094,0.0341,0.0183,0.1403,-0.2070,0.9681,0.005,,,,,,,
47,Right,22,0.0000,0.0000,0.0457,0.0882,-0.0124,0.0893,0.9920,0.005,,,,,,,
47,Right,23,0.0000,0.0000,0.0307,0.1776,0.0348,-0.0537,0.9820,0.005,,,,,,,
47,Right,24,0.0000,0.0000,0.0203,0.0087,-0.0492,0.0008,0.9988,0.005,,,,,,,
47,Right,25,-0.0002,0.0012,0.0219,0.0000,0.0000,0.0000,1.0000,0.005,,,,,,,
48,Left,0,0.0024,-0.0053,0.0652,0.0000,0.0000,0.0000,1.0000,0.005,,,,,,,
48,Left,1,0.0000,0.0000,0.0000,0.0000,0.0000,0.0000,1.0000,0.005,0.3546,0.0521,0.0547,-0.0773,-0.4936,-0.8656,-0.0323
48,Left,2,0.0291,-0.0177,0.0353,-0.0645,0.3497,-0.5972,0.7189,0.005,,,,,,,
48,Left,3,0.0000,0.0000,0.0325,0.2052,-0.0516,0.0819,0.9739,0.005,,,,,,,
48,Left,4,0.0000,0.0000,0.0338,0.2344,0.0394,-0.0746,0.9685,0.005,,,,,,,
48,Left,5,-0.0007,0.0010,0.0246,0.0000,0.0000,0.0000,1.0000,0.005,,,,,,,
48,Left,6,0.0193,-0.0103,0.0368,0.0000,0.0000,0.0000,1.0000,0.005,,,,,,,
48,Left,7,0.0043,0.0030,0.0591,0.4847,0.0091,-0.0519,0.8731,0.005,,,,,,,
48,Left,8,0.0000,0.0000,0.0379,0.6745,0.0121,0.0226,0.7378,0.005,,,,,,,
48,Left,9,0.0000,0.0000,0.0243,0.4685,-0.0153,0.0168,0.8832,0.005,,,,,,,
48,Left,10,-0.0003,0.0010,0.0224,0.0000,0.0000,0.0000,1.0000,0.005,,,,,,,
48,Left,11,0.0031,-0.0081,0.0347,0.0000,0.0000,0.0000,1.0000,0.005,,,,,,,
48,Left,12,-0.0013,0.0055,0.0610,0.5492,-0.0283,0.0242,0.8349,0.005,,,,,,,
48,Left,13,0.0000,0.0000,0.0429,0.5776,0.0029,0.0129,0.8162,0.005,,,,,,,
48,Left,14,0.0000,0.0000,0.0275,0.4765,0.0203,0.0850,0.8748,0.005,,,,,,,
48,Left,15,-0.0003,0.0011,0.0250,0.0000,0.0000,0.0000,1.0000,0.005,,,,,,,
48,Left,16,-0.0150,-0.0060,0.0348,0.0000,0.0000,0.0000,1.0000,0.005,,,,,,,
48,Left,17,-0.0025,-0.0005,0.0539,0.5452,-0.0290,0.0747,0.8345,0.005,,,,,,,
48,Left,18,0.0000,0.0000,0.0390,0.6377,0.0191,0.0419,0.7689,0.005,,,,,,,
48,Left,19,0.0000,0.0000,0.0266,0.5285,0.0273,0.0287,0.8480,0.005,,,,,,,
48,Left,20,-0.0003,0.0016,0.0243,0.0000,0.0000,0.0000,1.0000,0.005,,,,,,,
48,Left,21,-0.0230,-0.0094,0.0341,0.0183,-0.1403,0.2070,0.9681,0.005,,,,,,,
48,Left,22,0.0000,0.0000,0.0457,0.4592,-0.0280,-0.0673,0.8854,0.005,,,,,,,
48,Left,23,0.0000,0.0000,0.0307,0.6621,-0.0059,0.0871,0.7443,0.005,,,,,,,
48,Left,24,0.0000,0.0000,0.0203,0.5392,0.0410,-0.0025,0.8412,0.005,,,,,,,
48,Left,25,0.0002,0.0012,0.0219,0.0000,0.0000,0.0000,1.0000,0.005,,,,,,,
48,Right,0,-0.0023,-0.0053,0.0652,0.0000,0.0000,0.0000,1.0000,0.005,,,,,,,
48,Right,1,0.0000,0.0000,0.0000,0.0000,0.0000,0.0000,1.0000,0.005,-0.0469,-0.2924,0.0844,0.2024,0.4463,0.8677,-0.0835
48,Right,2,-0.0289,-0.0181,0.0355,-0.0756,-0.3255,0.5995,0.7273,0.005,,,,,,,
48,Right,3,0.0000,0.0000,0.0325,0.2621,0.0459,-0.0809,0.9605,0.005,,,,,,,
48,Right,4,0.0000,0.0000,0.0338,0.1627,-0.0461,0.0775,0.9825,0.005,,,,,,,
48,Right,5,0.0007,0.0010,0.0246,0.0000,0.0000,0.0000,1.0000,0.005,,,,,,,
48,Right,6,-0.0192,-0.0105,0.0369,0.0000,0.0000,0.0000,1.0000,0.005,,,,,,,
48,Right,7,-0.0044,0.0032,0.0591,0.1901,0.0675,0.0260,0.9791,0.005,,,,,,,
48,Right,8,0.0000,0.0000,0.0379,0.2065,0.0017,-0.0263,0.9781,0.005,,,,,,,
48,Right,9,0.0000,0.0000,0.0243,0.0679,0.0249,-0.0167,0.9972,0.005,,,,,,,
48,Right,10,0.0003,0.0010,0.0224,0.0000,0.0000,0.0000,1.0000,0.005,,,,,,,
48,Right,11,-0.0029,-0.0081,0.0348,0.0000,0.0000,0.0000,1.0000,0.005,,,,,,,
48,Right,12,0.0012,0.0056,0.0609,0.2751,0.0748,-0.0256,0.9581,0.005,,,,,,,
48,Right,13,0.0000,0.0000,0.0429,0.1494,0.0026,-0.0121,0.9887,0.005,,,,,,,
48,Right,14,0.0000,0.0000,0.0275,0.0169,-0.0002,-0.0453,0.9988,0.005,,,,,,,
48,Right,15,0.0003,0.0011,0.0250,0.0000,0.0000,0.0000,1.0000,0.005,,,,,,,
48,Right,16,0.0150,-0.0060,0.0348,0.0000,0.0000,0.0000,1.0000,0.005,,,,,,,
48,Right,17,0.0025,-0.0005,0.0539,0.2113,0.0764,-0.0654,0.9722,0.005,,,,,,,
48,Right,18,0.0000,0.0000,0.0390,0.1416,-0.0018,-0.0367,0.9892,0.005,,,,,,,
48,Right,19,0.0000,0.0000,0.0266,0.0618,-0.0295,-0.0075,0.9976,0.005,,,,,,,
48,Right,20,0.0003,0.0016,0.0243,0.0000,0.0000,0.0000,1.0000,0.005,,,,,,,
48,Right,21,0.0230,-0.0094,0.0341,0.0183,0.1403,-0.2070,0.9681,0.005,,,,,,,
48,Right,22,0.0000,0.0000,0.0457,0.0882,-0.0124,0.0893,0.9920,0.005,,,,,,,
48,Right,23,0.0000,0.0000,0.0307,0.1776,0.0348,-0.0537,0.9820,0.005,,,,,,,
48,Right,24,0.0000,0.0000,0.0203,0.0087,-0.0492,0.0008,0.9988,0.005,,,,,,,
48,Right,25,-0.0002,0.0012,0.0219,0.0000,0.0000,0.0000,1.0000,0.005,,,,,,,
49,Left,0,0.0024,-0.0053,0.0652,0.0000,0.0000,0.0000,1.0000,0.005,,,,,,,
49,Left,1,0.0000,0.0000,0.0000,0.0000,0.0000,0.0000,1.0000,0.005,0.3546,0.0521,0.0547,-0.0773,-0.4936,-0.8656,-0.0323
49,Left,2,0.0291,-0.0177,0.0353,-0.0645,0.3497,-0.5972,0.7189,0.005,,,,,,,
49,Left,3,0.0000,0.0000,0.0325,0.2052,-0.0516,0.0819,0.9739,0.005,,,,,,,
49,Left,4,0.0000,0.0000,0.0338,0.2344,0.0394,-0.0746,0.9685,0.005,,,,,,,
49,Left,5,-0.0007,0.0010,0.0246,0.0000,0.0000,0.0000,1.0000,0.005,,,,,,,
49,Left,6,0.0193,-0.0103,0.0368,0.0000,0.0000,0.0000,1.0000,0.005,,,,,,,
49,Left,7,0.0043,0.0030,0.0591,0.4847,0.0091,-0.0519,0.8731,0.005,,,,,,,
49,Left,8,0.0000,0.0000,0.0379,0.6745,0.0121,0.0226,0.7378,0.005,,,,,,,
49,Left,9,0.0000,0.0000,0.0243,0.4685,-0.0153,0.0168,0.8832,0.005,,,,,,,
49,Left,10,-0.0003,0.0010,0.0224,0.0000,0.0000,0.0000,1.0000,0.005,,,,,,,
49,Left,11,0.0031,-0.0081,0.0347,0.0000,0.0000,0.0000,1.0000,0.005,,,,,,,
49,Left,12,-0.0013,0.0055,0.0610,0.5492,-0.0283,0.0242,0.8349,0.005,,,,,,,
49,Left,13,0.0000,0.0000,0.0429,0.5777,0.0029,0.0129,0.8162,0.005,,,,,,,
49,Left,14,0.0000,0.0000,0.0275,0.4766,0.0203,0.0850,0.8748,0.005,,,,,,,
49,Left,15,-0.0003,0.0011,0.0250,0.0000,0.0000,0.0000,1.0000,0.005,,,,,,,
49,Left,16,-0.0150,-0.0060,0.0348,0.0000,0.0000,0.0000,1.0000,0.005,,,,,,,
49,Left,17,-0.0025,-0.0005,0.0539,0.5452,-0.0290,0.0747,0.8344,0.005,,,,,,,
49,Left,18,0.0000,0.0000,0.0390,0.6377,0.0191,0.0419,0.7689,0.005,,,,,,,
49,Left,19,0.0000,0.0000,0.0266,0.5285,0.0273,0.0287,0.8480,0.005,,,,,,,
49,Left,20,-0.0003,0.0016,0.0243,0.0000,0.0000,0.0000,1.0000,0.005,,,,,,,
49,Left,21,-0.0230,-0.0094,0.0341,0.0183,-0.1403,0.2070,0.9681,0.005,,,,,,,
49,Left,22,0.0000,0.0000,0.0457,0.4592,-0.0280,-0.0673,0.8854,0.005,,,,,,,
49,Left,23,0.0000,0.0000,0.0307,0.6622,-0.0059,0.0871,0.7443,0.005,,,,,,,
49,Left,24,0.0000,0.0000,0.0203,0.5392,0.0410,-0.0025,0.8412,0.005,,,,,,,
49,Left,25,0.0002,0.0012,0.0219,0.0000,0.0000,0.0000,1.0000,0.005,,,,,,,
49,Right,0,-0.0023,-0.0053,0.0652,0.0000,0.0000,0.0000,1.0000,0.005,,,,,,,
49,Right,1,0.0000,0.0000,0.0000,0.0000,0.0000,0.0000,1.0000,0.005,-0.0469,-0.2924,0.0844,0.2024,0.4463,0.8677,-0.0835
49,Right,2,-0.0289,-0.0181,0.0355,-0.0756,-0.3255,0.5995,0.7273,0.005,,,,,,,
49,Right,3,0.0000,0.0000,0.0325,0.2621,0.0459,-0.0809,0.9605,0.005,,,,,,,
49,Right,4,0.0000,0.0000,0.0338,0.1627,-0.0461,0.0775,0.9825,0.005,,,,,,,
49,Right,5,0.0007,0.0010,0.0246,0.0000,0.0000,0.0000,1.0000,0.005,,,,,,,
49,Right,6,-0.0192,-0.0105,0.0369,0.0000,0.0000,0.0000,1.0000,0.005,,,,,,,
49,Right,7,-0.0044,0.0032,0.0591,0.1901,0.0675,0.0260,0.9791,0.005,,,,,,,
49,Right,8,0.0000,0.0000,0.0379,0.2065,0.0017,-0.0263,0.9781,0.005,,,,,,,
49,Right,9,0.0000,0.0000,0.0243,0.0679,0.0249,-0.0167,0.9972,0.005,,,,,,,
49,Right,10,0.0003,0.0010,0.0224,0.0000,0.0000,0.0000,1.0000,0.005,,,,,,,
49,Right,11,-0.0029,-0.0081,0.0348,0.0000,0.0000,0.0000,1.0000,0.005,,,,,,,
49,Right,12,0.0012,0.0056,0.0609,0.2751,0.0748,-0.0256,0.9581,0.005,,,,,,,
49,Right,13,0.0000,0.0000,0.0429,0.1494,0.0026,-0.0121,0.9887,0.005,,,,,,,
49,Right,14,0.0000,0.0000,0.0275,0.0169,-0.0002,-0.0453,0.9988,0.005,,,,,,,
49,Right,15,0.0003,0.0011,0.0250,0.0000,0.0000,0.0000,1.0000,0.005,,,,,,,
49,Right,16,0.0150,-0.0060,0.0348,0.0000,0.0000,0.0000,1.0000,0.005,,,,,,,
49,Right,17,0.0025,-0.0005,0.0539,0.2113,0.0764,-0.0654,0.9722,0.005,,,,,,,
49,Right,18,0.0000,0.0000,0.0390,0.1416,-0.0018,-0.0367,0.9892,0.005,,,,,,,
49,Right,19,0.0000,0.0000,0.0266,0.0618,-0.0295,-0.0075,0.9976,0.005,,,,,,,
49,Right,20,0.0003,0.0016,0.0243,0.0000,0.0000,0.0000,1.0000,0.005,,,,,,,
49,Right,21,0.0230,-0.0094,0.0341,0.0183,0.1403,-0.2070,0.9681,0.005,,,,,,,
49,Right,22,0.0000,0.0000,0.0457,0.0882,-0.0124,0.0893,0.9920,0.005,,,,,,,
49,Right,23,0.0000,0.0000,0.0307,0.1776,0.0348,-0.0537,0.9820,0.005,,,,,,,
49,Right,24,0.0000,0.0000,0.0203,0.0087,-0.0492,0.0008,0.9988,0.005,,,,,,,
49,Right,25,-0.0002,0.0012,0.0219,0.0000,0.0000,0.0000,1.0000,0.005,,,,,,,
50,Left,0,0.0024,-0.0053,0.0652,0.0000,0.0000,0.0000,1.0000,0.005,,,,,,,
50,Left,1,0.0000,0.0000,0.0000,0.0000,0.0000,0.0000,1.0000,0.005,0.3546,0.0521,0.0547,-0.0773,-0.4936,-0.8656,-0.0323
50,Left,2,0.0291,-0.0177,0.0353,-0.0645,0.3497,-0.5972,0.7189,0.005,,,,,,,
50,Left,3,0.0000,0.0000,0.0325,0.2052,-0.0516,0.0819,0.9739,0.005,,,,,,,
50,Left,4,0.0000,0.0000,0.0338,0.2344,0.0394,-0.0746,0.9685,0.005,,,,,,,
50,Left,5,-0.0007,0.0010,0.0246,0.0000,0.0000,0.0000,1.0000,0.005,,,,,,,
50,Left,6,0.0193,-0.0103,0.0368,0.0000,0.0000,0.0000,1.0000,0.005,,,,,,,
50,Left,7,0.0043,0.0030,0.0591,0.4847,0.0091,-0.0519,0.8731,0.005,,,,,,,
50,Left,8,0.0000,0.0000,0.0379,0.6745,0.0121,0.0226,0.7378,0.005,,,,,,,
50,Left,9,0.0000,0.0000,0.0243,0.4685,-0.0153,0.0168,0.8832,0.005,,,,,,,
50,Left,10,-0.0003,0.0010,0.0224,0.0000,0.0000,0.0000,1.0000,0.005,,,,,,,
50,Left,11,0.0031,-0.0081,0.0347,0.0000,0.0000,0.0000,1.0000,0.005,,,,,,,
50,Left,12,-0.0013,0.0055,0.0610,0.5492,-0.0283,0.0242,0.8349,0.005,,,,,,,
50,Left,13,0.0000,0.0000,0.0429,0.5777,0.0029,0.0129,0.8162,0.005,,,,,,,
50,Left,14,0.0000,0.0000,0.0275,0.4766,0.0203,0.0850,0.8748,0.005,,,,,,,
50,Left,15,-0.0003,0.0011,0.0250,0.0000,0.0000,0.0000,1.0000,0.005,,,,,,,
50,Left,16,-0.0150,-0.0060,0.0348,0.0000,0.0000,0.0000,1.0000,0.005,,,,,,,
50,Left,17,-0.0025,-0.0005,0.0539,0.5452,-0.0290,0.0747,0.8344,0.005,,,,,,,
50,Left,18,0.0000,0.0000,0.0390,0.6377,0.0191,0.0419,0.7689,0.005,,,,,,,
50,Left,19,0.0000,0.0000,0.0266,0.5285,0.0273,0.0287,0.8480,0.005,,,,,,,
50,Left,20,-0.0003,0.0016,0.0243,0.0000,0.0000,0.0000,1.0000,0.005,,,,,,,
50,Left,21,-0.0230,-0.0094,0.0341,0.0183,-0.1403,0.2070,0.9681,0.005,,,,,,,
50,Left,22,0.0000,0.0000,0.0457,0.4592,-0.0280,-0.0673,0.8853,0.005,,,,,,,
50,Left,23,0.0000,0.0000,0.0307,0.6622,-0.0059,0.0871,0.7443,0.005,,,,,,,
50,Left,24,0.0000,0.0000,0.0203,0.5392,0.0410,-0.0025,0.8412,0.005,,,,,,,
50,Left,25,0.0002,0.0012,0.0219,0.0000,0.0000,0.0000,1.0000,0.005,,,,,,,
50,Right,0,-0.0023,-0.0053,0.0652,0.0000,0.0000,0.0000,1.0000,0.005,,,,,,,
50,Right,1,0.0000,0.0000,0.0000,0.0000,0.0000,0.0000,1.0000,0.005,-0.0469,-0.2924,0.0844,0.2024,0.4463,0.8677,-0.0835
50,Right,2,-0.0289,-0.0181,0.0355,-0.0756,-0.3255,0.5995,0.7273,0.005,,,,,,,
50,Right,3,0.0000,0.0000,0.0325,0.2621,0.0459,-0.0809,0.9605,0.005,,,,,,,
50,Right,4,0.0000,0.0000,0.0338,0.1627,-0.0461,0.0775,0.9825,0.005,,,,,,,
50,Right,5,0.0007,0.0010,0.0246,0.0000,0.0000,0.0000,1.0000,0.005,,,,,,,
50,Right,6,-0.0192,-0.0105,0.0369,0.0000,0.0000,0.0000,1.0000,0.005,,,,,,,
50,Right,7,-0.0044,0.0032,0.0591,0.1901,0.0675,0.0260,0.9791,0.005,,,,,,,
50,Right,8,0.0000,0.0000,0.0379,0.2065,0.0017,-0.0263,0.9781,0.005,,,,,,,
50,Right,9,0.0000,0.0000,0.0243,0.0679,0.0249,-0.0167,0.9972,0.005,,,,,,,
50,Right,10,0.0003,0.0010,0.0224,0.0000,0.0000,0.0000,1.0000,0.005,,,,,,,
50,Right,11,-0.0029,-0.0081,0.0348,0.0000,0.0000,0.0000,1.0000,0.005,,,,,,,
50,Right,12,0.0012,0.0056,0.0609,0.2751,0.0748,-0.0256,0.9581,0.005,,,,,,,
50,Right,13,0.0000,0.0000,0.0429,0.1494,0.0026,-0.0121,0.9887,0.005,,,,,,,
50,Right,14,0.0000,0.0000,0.0275,0.0169,-0.0002,-0.0453,0.9988,0.005,,,,,,,
50,Right,15,0.0003,0.0011,0.0250,0.0000,0.0000,0.0000,1.0000,0.005,,,,,,,
50,Right,16,0.0150,-0.0060,0.0348,0.0000,0.0000,0.0000,1.0000,0.005,,,,,,,
50,Right,17,0.0025,-0.0005,0.0539,0.2113,0.0764,-0.0654,0.9722,0.005,,,,,,,
50,Right,18,0.0000,0.0000,0.0390,0.1416,-0.0018,-0.0367,0.9892,0.005,,,,,,,
50,Right,19,0.0000,0.0000,0.0266,0.0618,-0.0295,-0.0075,0.9976,0.005,,,,,,,
50,Right,20,0.0003,0.0016,0.0243,0.0000,0.0000,0.0000,1.0000,0.005,,,,,,,
50,Right,21,0.0230,-0.0094,0.0341,0.0183,0.1403,-0.2070,0.9681,0.005,,,,,,,
50,Right,22,0.0000,0.0000,0.0457,0.0882,-0.0124,0.0893,0.9920,0.005,,,,,,,
50,Right,23,0.0000,0.0000,0.0307,0.1776,0.0348,-0.0537,0.9820,0.005,,,,,,,
50,Right,24,0.0000,0.0000,0.0203,0.0087,-0.0492,0.0008,0.9988,0.005,,,,,,,
50,Right,25,-0.0002,0.0012,0.0219,0.0000,0.0000,0.0000,1.0000,0.005,,,,,,,
51,Left,0,0.0024,-0.0053,0.0652,0.0000,0.0000,0.0000,1.0000,0.005,,,,,,,
51,Left,1,0.0000,0.0000,0.0000,0.0000,0.0000,0.0000,1.0000,0.005,0.3546,0.0521,0.0547,-0.0773,-0.4936,-0.8656,-0.0323
51,Left,2,0.0291,-0.0177,0.0353,-0.0645,0.3497,-0.5972,0.7189,0.005,,,,,,,
51,Left,3,0.0000,0.0000,0.0325,0.2052,-0.0516,0.0819,0.9739,0.005,,,,,,,
51,Left,4,0.0000,0.0000,0.0338,0.2344,0.0394,-0.0746,0.9685,0.005,,,,,,,
51,Left,5,-0.0007,0.0010,0.0246,0.0000,0.0000,0.0000,1.0000,0.005,,,,,,,
51,Left,6,0.0193,-0.0103,0.0368,0.0000,0.0000,0.0000,1.0000,0.005,,,,,,,
51,Left,7,0.0043,0.0030,0.0591,0.4847,0.0091,-0.0519,0.8731,0.005,,,,,,,
51,Left,8,0.0000,0.0000,0.0379,0.6745,0.0121,0.0226,0.7378,0.005,,,,,,,
51,Left,9,0.0000,0.0000,0.0243,0.4685,-0.0153,0.0168,0.8832,0.005,,,,,,,
51,Left,10,-0.0003,0.0010,0.0224,0.0000,0.0000,0.0000,1.0000,0.005,,,,,,,
51,Left,11,0.0031,-0.0081,0.0347,0.0000,0.0000,0.0000,1.0000,0.005,,,,,,,
51,Left,12,-0.0013,0.0055,0.0610,0.5492,-0.0283,0.0242,0.8349,0.005,,,,,,,
51,Left,13,0.0000,0.0000,0.0429,0.5777,0.0029,0.0129,0.8162,0.005,,,,,,,
51,Left,14,0.0000,0.0000,0.0275,0.4766,0.0203,0.0850,0.8748,0.005,,,,,,,
51,Left,15,-0.0003,0.0011,0.0250,0.0000,0.0000,0.0000,1.0000,0.005,,,,,,,
51,Left,16,-0.0150,-0.0060,0.0348,0.0000,0.0000,0.0000,1.0000,0.005,,,,,,,
51,Left,17,-0.0025,-0.0005,0.0539,0.5452,-0.0290,0.0747,0.8344,0.005,,,,,,,
51,Left,18,0.0000,0.0000,0.0390,0.6378,0.0191,0.0419,0.7689,0.005,,,,,,,
51,Left,19,0.0000,0.0000,0.0266,0.5285,0.0273,0.0287,0.8480,0.005,,,,,,,
51,Left,20,-0.0003,0.0016,0.0243,0.0000,0.0000,0.0000,1.0000,0.005,,,,,,,
51,Left,21,-0.0230,-0.0094,0.0341,0.0183,-0.1403,0.2070,0.9681,0.005,,,,,,,
51,Left,22,0.0000,0.0000,0.0457,0.4592,-0.0280,-0.0673,0.8853,0.005,,,,,,,
51,Left,23,0.0000,0.0000,0.0307,0.6622,-0.0059,0.0871,0.7442,0.005,,,,,,,
51,Left,24,0.0000,0.0000,0.0203,0.5392,0.0410,-0.0025,0.8412,0.005,,,,,,,
51,Left,25,0.0002,0.0012,0.0219,0.0000,0.0000,0.0000,1.0000,0.005,,,,,,,
51,Right,0,-0.0023,-0.0053,0.0652,0.0000,0.0000,0.0000,1.0000,0.005,,,,,,,
51,Right,1,0.0000,0.0000,0.0000,0.0000,0.0000,0.0000,1.0000,0.005,-0.0469,-0.2924,0.0844,0.2024,0.4463,0.8677,-0.0835
51,Right,2,-0.0289,-0.0181,0.0355,-0.0756,-0.3255,0.5995,0.7273,0.005,,,,,,,
51,Right,3,0.0000,0.0000,0.0325,0.2621,0.0459,-0.0809,0.9605,0.005,,,,,,,
51,Right,4,0.0000,0.0000,0.0338,0.1627,-0.0461,0.0775,0.9825,0.005,,,,,,,
51,Right,5,0.0007,0.0010,0.0246,0.0000,0.0000,0.0000,1.0000,0.005,,,,,,,
51,Right,6,-0.0192,-0.0105,0.0369,0.0000,0.0000,0.0000,1.0000,0.005,,,,,,,
51,Right,7,-0.0044,0.0032,0.0591,0.1901,0.0675,0.0260,0.9791,0.005,,,,,,,
51,Right,8,0.0000,0.0000,0.0379,0.2065,0.0017,-0.0263,0.9781,0.005,,,,,,,
51,Right,9,0.0000,0.0000,0.0243,0.0679,0.0249,-0.0167,0.9972,0.005,,,,,,,
51,Right,10,0.0003,0.0010,0.0224,0.0000,0.0000,0.0000,1.0000,0.005,,,,,,,
51,Right,11,-0.0029,-0.0081,0.0348,0.0000,0.0000,0.0000,1.0000,0.005,,,,,,,
51,Right,12,0.0012,0.0056,0.0609,0.2751,0.0748,-0.0256,0.9581,0.005,,,,,,,
51,Right,13,0.0000,0.0000,0.0429,0.1494,0.0026,-0.0121,0.9887,0.005,,,,,,,
51,Right,14,0.0000,0.0000,0.0275,0.0169,-0.0002,-0.0453,0.9988,0.005,,,,,,,
51,Right,15,0.0003,0.0011,0.0250,0.0000,0.0000,0.0000,1.0000,0.005,,,,,,,
51,Right,16,0.0150,-0.0060,0.0348,0.0000,0.0000,0.0000,1.0000,0.005,,,,,,,
51,Right,17,0.0025,-0.0005,0.0539,0.2113,0.0764,-0.0654,0.9722,0.005,,,,,,,
51,Right,18,0.0000,0.0000,0.0390,0.1416,-0.0018,-0.0367,0.9892,0.005,,,,,,,
51,Right,19,0.0000,0.0000,0.0266,0.0618,-0.0295,-0.0075,0.9976,0.005,,,,,,,
51,Right,20,0.0003,0.0016,0.0243,0.0000,0.0000,0.0000,1.0000,0.005,,,,,,,
51,Right,21,0.0230,-0.0094,0.0341,0.0183,0.1403,-0.2070,0.9681,0.005,,,,,,,
51,Right,22,0.0000,0.0000,0.0457,0.0882,-0.0124,0.0893,0.9920,0.005,,,,,,,
51,Right,23,0.0000,0.0000,0.0307,0.1776,0.0348,-0.0537,0.9820,0.005,,,,,,,
51,Right,24,0.0000,0.0000,0.0203,0.0087,-0.0492,0.0008,0.9988,0.005,,,,,,,
51,Right,25,-0.0002,0.0012,0.0219,0.0000,0.0000,0.0000,1.0000,0.005,,,,,,,
52,Left,0,0.0024,-0.0053,0.0652,0.0000,0.0000,0.0000,1.0000,0.005,,,,,,,
52,Left,1,0.0000,0.0000,0.0000,0.0000,0.0000,0.0000,1.0000,0.005,0.3546,0.0521,0.0547,-0.0773,-0.4936,-0.8656,-0.0323
52,Left,2,0.0291,-0.0177,0.0353,-0.0645,0.3497,-0.5972,0.7189,0.005,,,,,,,
52,Left,3,0.0000,0.0000,0.0325,0.2052,-0.0516,0.0819,0.9739,0.005,,,,,,,
52,Left,4,0.0000,0.0000,0.0338,0.2345,0.0394,-0.0746,0.9685,0.005,,,,,,,
52,Left,5,-0.0007,0.0010,0.0246,0.0000,0.0000,0.0000,1.0000,0.005,,,,,,,
52,Left,6,0.0193,-0.0103,0.0368,0.0000,0.0000,0.0000,1.0000,0.005,,,,,,,
52,Left,7,0.0043,0.0030,0.0591,0.4847,0.0091,-0.0519,0.8731,0.005,,,,,,,
52,Left,8,0.0000,0.0000,0.0379,0.6745,0.0121,0.0226,0.7378,0.005,,,,,,,
52,Left,9,0.0000,0.0000,0.0243,0.4685,-0.0153,0.0168,0.8832,0.005,,,,,,,
52,Left,10,-0.0003,0.0010,0.0224,0.0000,0.0000,0.0000,1.0000,0.005,,,,,,,
52,Left,11,0.0031,-0.0081,0.0347,0.0000,0.0000,0.0000,1.0000,0.005,,,,,,,
52,Left,12,-0.0013,0.0055,0.0610,0.5492,-0.0283,0.0242,0.8349,0.005,,,,,,,
52,Left,13,0.0000,0.0000,0.0429,0.5777,0.0029,0.0129,0.8162,0.005,,,,,,,
52,Left,14,0.0000,0.0000,0.0275,0.4766,0.0203,0.0850,0.8748,0.005,,,,,,,
52,Left,15,-0.0003,0.0011,0.0250,0.0000,0.0000,0.0000,1.0000,0.005,,,,,,,
52,Left,16,-0.0150,-0.0060,0.0348,0.0000,0.0000,0.0000,1.0000,0.005,,,,,,,
52,Left,17,-0.0025,-0.0005,0.0539,0.5453,-0.0290,0.0747,0.8344,0.005,,,,,,,
52,Left,18,0.0000,0.0000,0.0390,0.6378,0.0191,0.0419,0.7689,0.005,,,,,,,
52,Left,19,0.0000,0.0000,0.0266,0.5285,0.0273,0.0287,0.8480,0.005,,,,,,,
52,Left,20,-0.0003,0.0016,0.0243,0.0000,0.0000,0.0000,1.0000,0.005,,,,,,,
52,Left,21,-0.0230,-0.0094,0.0341,0.0183,-0.1403,0.2070,0.9681,0.005,,,,,,,
52,Left,22,0.0000,0.0000,0.0457,0.4592,-0.0280,-0.0673,0.8853,0.005,,,,,,,
52,Left,23,0.0000,0.0000,0.0307,0.6622,-0.0059,0.0871,0.7442,0.005,,,,,,,
52,Left,24,0.0000,0.0000,0.0203,0.5392,0.0410,-0.0025,0.8412,0.005,,,,,,,
52,Left,25,0.0002,0.0012,0.0219,0.0000,0.0000,0.0000,1.0000,0.005,,,,,,,
52,Right,0,-0.0023,-0.0053,0.0652,0.0000,0.0000,0.0000,1.0000,0.005,,,,,,,
52,Right,1,0.0000,0.0000,0.0000,0.0000,0.0000,0.0000,1.0000,0.005,-0.0469,-0.2924,0.0844,0.2024,0.4463,0.8677,-0.0835
52,Right,2,-0.0289,-0.0181,0.0355,-0.0756,-0.3255,0.5995,0.7273,0.005,,,,,,,
52,Right,3,0.0000,0.0000,0.0325,0.2621,0.0459,-0.0809,0.9605,0.005,,,,,,,
52,Right,4,0.0000,0.0000,0.0338,0.1627,-0.0461,0.0775,0.9825,0.005,,,,,,,
52,Right,5,0.0007,0.0010,0.0246,0.0000,0.0000,0.0000,1.0000,0.005,,,,,,,
52,Right,6,-0.0192,-0.0105,0.0369,0.0000,0.0000,0.0000,1.0000,0.005,,,,,,,
52,Right,7,-0.0044,0.0032,0.0591,0.1901,0.0675,0.0260,0.9791,0.005,,,,,,,
52,Right,8,0.0000,0.0000,0.0379,0.2065,0.0017,-0.0263,0.9781,0.005,,,,,,,
52,Right,9,0.0000,0.0000,0.0243,0.0679,0.0249,-0.0167,0.9972,0.005,,,,,,,
52,Right,10,0.0003,0.0010,0.0224,0.0000,0.0000,0.0000,1.0000,0.005,,,,,,,
52,Right,11,-0.0029,-0.0081,0.0348,0.0000,0.0000,0.0000,1.0000,0.005,,,,,,,
52,Right,12,0.0012,0.0056,0.0609,0.2751,0.0748,-0.0256,0.9581,0.005,,,,,,,
52,Right,13,0.0000,0.0000,0.0429,0.1494,0.0026,-0.0121,0.9887,0.005,,,,,,,
52,Right,14,0.0000,0.0000,0.0275,0.0169,-0.0002,-0.0453,0.9988,0.005,,,,,,,
52,Right,15,0.0003,0.0011,0.0250,0.0000,0.0000,0.0000,1.0000,0.005,,,,,,,
52,Right,16,0.0150,-0.0060,0.0348,0.0000,0.0000,0.0000,1.0000,0.005,,,,,,,
52,Right,17,0.0025,-0.0005,0.0539,0.2113,0.0764,-0.0654,0.9722,0.005,,,,,,,
52,Right,18,0.0000,0.0000,0.0390,0.1416,-0.0018,-0.0367,0.9892,0.005,,,,,,,
52,Right,19,0.0000,0.0000,0.0266,0.0618,-0.0295,-0.0075,0.9976,0.005,,,,,,,
52,Right,20,0.0003,0.0016,0.0243,0.0000,0.0000,0.0000,1.0000,0.005,,,,,,,
52,Right,21,0.0230,-0.0094,0.0341,0.0183,0.1403,-0.2070,0.9681,0.005,,,,,,,
52,Right,22,0.0000,0.0000,0.0457,0.0882,-0.0124,0.0893,0.9920,0.005,,,,,,,
52,Right,23,0.0000,0.0000,0.0307,0.1776,0.0348,-0.0537,0.9820,0.005,,,,,,,
52,Right,24,0.0000,0.0000,0.0203,0.0087,-0.0492,0.0008,0.9988,0.005,,,,,,,
52,Right,25,-0.0002,0.0012,0.0219,0.0000,0.0000,0.0000,1.0000,0.005,,,,,,,
53,Left,0,0.0024,-0.0053,0.0652,0.0000,0.0000,0.0000,1.0000,0.005,,,,,,,
53,Left,1,0.0000,0.0000,0.0000,0.0000,0.0000,0.0000,1.0000,0.005,0.3546,0.0521,0.0547,-0.0773,-0.4936,-0.8656,-0.0323
53,Left,2,0.0291,-0.0177,0.0353,-0.0645,0.3497,-0.5972,0.7189,0.005,,,,,,,
53,Left,3,0.0000,0.0000,0.0325,0.2052,-0.0516,0.0819,0.9739,0.005,,,,,,,
53,Left,4,0.0000,0.0000,0.0338,0.2345,0.0394,-0.0746,0.9685,0.005,,,,,,,
53,Left,5,-0.0007,0.0010,0.0246,0.0000,0.0000,0.0000,1.0000,0.005,,,,,,,
53,Left,6,0.0193,-0.0103,0.0368,0.0000,0.0000,0.0000,1.0000,0.005,,,,,,,
53,Left,7,0.0043,0.0030,0.0591,0.4847,0.0091,-0.0519,0.8731,0.005,,,,,,,
53,Left,8,0.0000,0.0000,0.0379,0.6745,0.0121,0.0226,0.7378,0.005,,,,,,,
53,Left,9,0.0000,0.0000,0.0243,0.4685,-0.0153,0.0168,0.8831,0.005,,,,,,,
53,Left,10,-0.0003,0.0010,0.0224,0.0000,0.0000,0.0000,1.0000,0.005,,,,,,,
53,Left,11,0.0031,-0.0081,0.0347,0.0000,0.0000,0.0000,1.0000,0.005,,,,,,,
53,Left,12,-0.0013,0.0055,0.0610,0.5492,-0.0283,0.0242,0.8348,0.005,,,,,,,
53,Left,13,0.0000,0.0000,0.0429,0.5777,0.0029,0.0129,0.8162,0.005,,,,,,,
53,Left,14,0.0000,0.0000,0.0275,0.4766,0.0203,0.0850,0.8748,0.005,,,,,,,
53,Left,15,-0.0003,0.0011,0.0250,0.0000,0.0000,0.0000,1.0000,0.005,,,,,,,
53,Left,16,-0.0150,-0.0060,0.0348,0.0000,0.0000,0.0000,1.0000,0.005,,,,,,,
53,Left,17,-0.0025,-0.0005,0.0539,0.5453,-0.0290,0.0747,0.8344,0.005,,,,,,,
53,Left,18,0.0000,0.0000,0.0390,0.6378,0.0191,0.0419,0.7688,0.005,,,,,,,
53,Left,19,0.0000,0.0000,0.0266,0.5285,0.0273,0.0287,0.8480,0.005,,,,,,,
53,Left,20,-0.0003,0.0016,0.0243,0.0000,0.0000,0.0000,1.0000,0.005,,,,,,,
53,Left,21,-0.0230,-0.0094,0.0341,0.0183,-0.1403,0.2070,0.9681,0.005,,,,,,,
53,Left,22,0.0000,0.0000,0.0457,0.4592,-0.0280,-0.0673,0.8853,0.005,,,,,,,
53,Left,23,0.0000,0.0000,0.0307,0.6622,-0.0059,0.0871,0.7442,0.005,,,,,,,
53,Left,24,0.0000,0.0000,0.0203,0.5392,0.0410,-0.0025,0.8412,0.005,,,,,,,
53,Left,25,0.0002,0.0012,0.0219,0.0000,0.0000,0.0000,1.0000,0.005,,,,,,,
53,Right,0,-0.0023,-0.0053,0.0652,0.0000,0.0000,0.0000,1.0000,0.005,,,,,,,
53,Right,1,0.0000,0.0000,0.0000,0.0000,0.0000,0.0000,1.0000,0.005,-0.0469,-0.2924,0.0844,0.2024,0.4463,0.8677,-0.0835
53,Right,2,-0.0289,-0.0181,0.0355,-0.0756,-0.3255,0.5995,0.7273,0.005,,,,,,,
53,Right,3,0.0000,0.0000,0.0325,0.2621,0.0459,-0.0809,0.9605,0.005,,,,,,,
53,Right,4,0.0000,0.0000,0.0338,0.1627,-0.0461,0.0775,0.9825,0.005,,,,,,,
53,Right,5,0.0007,0.0010,0.0246,0.0000,0.0000,0.0000,1.0000,0.005,,,,,,,
53,Right,6,-0.0192,-0.0105,0.0369,0.0000,0.0000,0.0000,1.0000,0.005,,,,,,,
53,Right,7,-0.0044,0.0032,0.0591,0.1901,0.0675,0.0260,0.9791,0.005,,,,,,,
53,Right,8,0.0000,0.0000,0.0379,0.2065,0.0017,-0.0263,0.9781,0.005,,,,,,,
53,Right,9,0.0000,0.0000,0.0243,0.0679,0.0249,-0.0167,0.9972,0.005,,,,,,,
53,Right,10,0.0003,0.0010,0.0224,0.0000,0.0000,0.0000,1.0000,0.005,,,,,,,
53,Right,11,-0.0029,-0.0081,0.0348,0.0000,0.0000,0.0000,1.0000,0.005,,,,,,,
53,Right,12,0.0012,0.0056,0.0609,0.2751,0.0748,-0.0256,0.9581,0.005,,,,,,,
53,Right,13,0.0000,0.0000,0.0429,0.1494,0.0026,-0.0121,0.9887,0.005,,,,,,,
53,Right,14,0.0000,0.0000,0.0275,0.0169,-0.0002,-0.0453,0.9988,0.005,,,,,,,
53,Right,15,0.0003,0.0011,0.0250,0.0000,0.0000,0.0000,1.0000,0.005,,,,,,,
53,Right,16,0.0150,-0.0060,0.0348,0.0000,0.0000,0.0000,1.0000,0.005,,,,,,,
53,Right,17,0.0025,-0.0005,0.0539,0.2113,0.0764,-0.0654,0.9722,0.005,,,,,,,
53,Right,18,0.0000,0.0000,0.0390,0.1416,-0.0018,-0.0367,0.9892,0.005,,,,,,,
53,Right,19,0.0000,0.0000,0.0266,0.0618,-0.0295,-0.0075,0.9976,0.005,,,,,,,
53,Right,20,0.0003,0.0016,0.0243,0.0000,0.0000,0.0000,1.0000,0.005,,,,,,,
53,Right,21,0.0230,-0.0094,0.0341,0.0183,0.1403,-0.2070,0.9681,0.005,,,,,,,
53,Right,22,0.0000,0.0000,0.0457,0.0882,-0.0124,0.0893,0.9920,0.005,,,,,,,
53,Right,23,0.0000,0.0000,0.0307,0.1776,0.0348,-0.0537,0.9820,0.005,,,,,,,
53,Right,24,0.0000,0.0000,0.0203,0.0087,-0.0492,0.0008,0.9988,0.005,,,,,,,
53,Right,25,-0.0002,0.0012,0.0219,0.0000,0.0000,0.0000,1.0000,0.005,,,,,,,
54,Left,0,0.0024,-0.0053,0.0652,0.0000,0.0000,0.0000,1.0000,0.005,,,,,,,
54,Left,1,0.0000,0.0000,0.0000,0.0000,0.0000,0.0000,1.0000,0.005,0.3545,0.0521,0.0546,-0.0773,-0.4936,-0.8656,-0.0323
54,Left,2,0.0291,-0.0177,0.0353,-0.0645,0.3497,-0.5972,0.7189,0.005,,,,,,,
54,Left,3,0.0000,0.0000,0.0325,0.2052,-0.0516,0.0819,0.9739,0.005,,,,,,,
54,Left,4,0.0000,0.0000,0.0338,0.2345,0.0394,-0.0746,0.9685,0.005,,,,,,,
54,Left,5,-0.0007,0.0010,0.0246,0.0000,0.0000,0.0000,1.0000,0.005,,,,,,,
54,Left,6,0.0193,-0.0103,0.0368,0.0000,0.0000,0.0000,1.0000,0.005,,,,,,,
54,Left,7,0.0043,0.0030,0.0591,0.4847,0.0091,-0.0519,0.8731,0.005,,,,,,,
54,Left,8,0.0000,0.0000,0.0379,0.6745,0.0121,0.0226,0.7378,0.005,,,,,,,
54,Left,9,0.0000,0.0000,0.0243,0.4686,-0.0153,0.0168,0.8831,0.005,,,,,,,
54,Left,10,-0.0003,0.0010,0.0224,0.0000,0.0000,0.0000,1.0000,0.005,,,,,,,
54,Left,11,0.0031,-0.0081,0.0347,0.0000,0.0000,0.0000,1.0000,0.005,,,,,,,
54,Left,12,-0.0013,0.0055,0.0610,0.5492,-0.0283,0.0242,0.8348,0.005,,,,,,,
54,Left,13,0.0000,0.0000,0.0429,0.5777,0.0029,0.0129,0.8162,0.005,,,,,,,
54,Left,14,0.0000,0.0000,0.0275,0.4766,0.0203,0.0850,0.8748,0.005,,,,,,,
54,Left,15,-0.0003,0.0011,0.0250,0.0000,0.0000,0.0000,1.0000,0.005,,,,,,,
54,Left,16,-0.0150,-0.0060,0.0348,0.0000,0.0000,0.0000,1.0000,0.005,,,,,,,
54,Left,17,-0.0025,-0.0005,0.0539,0.5453,-0.0290,0.0747,0.8344,0.005,,,,,,,
54,Left,18,0.0000,0.0000,0.0390,0.6378,0.0191,0.0419,0.7688,0.005,,,,,,,
54,Left,19,0.0000,0.0000,0.0266,0.5285,0.0273,0.0287,0.8480,0.005,,,,,,,
54,Left,20,-0.0003,0.0016,0.0243,0.0000,0.0000,0.0000,1.0000,0.005,,,,,,,
54,Left,21,-0.0230,-0.0094,0.0341,0.0183,-0.1403,0.2070,0.9681,0.005,,,,,,,
54,Left,22,0.0000,0.0000,0.0457,0.4592,-0.0280,-0.0673,0.8853,0.005,,,,,,,
54,Left,23,0.0000,0.0000,0.0307,0.6622,-0.0059,0.0871,0.7442,0.005,,,,,,,
54,Left,24,0.0000,0.0000,0.0203,0.5392,0.0410,-0.0025,0.8412,0.005,,,,,,,
54,Left,25,0.0002,0.0012,0.0219,0.0000,0.0000,0.0000,1.0000,0.005,,,,,,,
54,Right,0,-0.0023,-0.0053,0.0652,0.0000,0.0000,0.0000,1.0000,0.005,,,,,,,
54,Right,1,0.0000,0.0000,0.0000,0.0000,0.0000,0.0000,1.0000,0.005,-0.0469,-0.2924,0.0844,0.2024,0.4463,0.8677,-0.0835
54,Right,2,-0.0289,-0.0181,0.0355,-0.0756,-0.3255,0.5995,0.7273,0.005,,,,,,,
54,Right,3,0.0000,0.0000,0.0325,0.2621,0.0459,-0.0809,0.9605,0.005,,,,,,,
54,Right,4,0.0000,0.0000,0.0338,0.1627,-0.0461,0.0775,0.9825,0.005,,,,,,,
54,Right,5,0.0007,0.0010,0.0246,0.0000,0.0000,0.0000,1.0000,0.005,,,,,,,
54,Right,6,-0.0192,-0.0105,0.0369,0.0000,0.0000,0.0000,1.0000,0.005,,,,,,,
54,Right,7,-0.0044,0.0032,0.0591,0.1901,0.0675,0.0260,0.9791,0.005,,,,,,,
54,Right,8,0.0000,0.0000,0.0379,0.2065,0.0017,-0.0263,0.9781,0.005,,,,,,,
54,Right,9,0.0000,0.0000,0.0243,0.0679,0.0249,-0.0167,0.9972,0.005,,,,,,,
54,Right,10,0.0003,0.0010,0.0224,0.0000,0.0000,0.0000,1.0000,0.005,,,,,,,
54,Right,11,-0.0029,-0.0081,0.0348,0.0000,0.0000,0.0000,1.0000,0.005,,,,,,,
54,Right,12,0.0012,0.0056,0.0609,0.2751,0.0748,-0.0256,0.9581,0.005,,,,,,,
54,Right,13,0.0000,0.0000,0.0429,0.1494,0.0026,-0.0121,0.9887,0.005,,,,,,,
54,Right,14,0.0000,0.0000,0.0275,0.0169,-0.0002,-0.0453,0.9988,0.005,,,,,,,
54,Right,15,0.0003,0.0011,0.0250,0.0000,0.0000,0.0000,1.0000,0.005,,,,,,,
54,Right,16,0.0150,-0.0060,0.0348,0.0000,0.0000,0.0000,1.0000,0.005,,,,,,,
54,Right,17,0.0025,-0.0005,0.0539,0.2113,0.0764,-0.0654,0.9722,0.005,,,,,,,
54,Right,18,0.0000,0.0000,0.0390,0.1416,-0.0018,-0.0367,0.9892,0.005,,,,,,,
54,Right,19,0.0000,0.0000,0.0266,0.0618,-0.0295,-0.0075,0.9976,0.005,,,,,,,
54,Right,20,0.0003,0.0016,0.0243,0.0000,0.0000,0.0000,1.0000,0.005,,,,,,,
54,Right,21,0.0230,-0.0094,0.0341,0.0183,0.1403,-0.2070,0.9681,0.005,,,,,,,
54,Right,22,0.0000,0.0000,0.0457,0.0882,-0.0124,0.0893,0.9920,0.005,,,,,,,
54,Right,23,0.0000,0.0000,0.0307,0.1776,0.0348,-0.0537,0.9820,0.005,,,,,,,
54,Right,24,0.0000,0.0000,0.0203,0.0087,-0.0492,0.0008,0.9988,0.005,,,,,,,
54,Right,25,-0.0002,0.0012,0.0219,0.0000,0.0000,0.0000,1.0000,0.005,,,,,,,
55,Left,0,0.0024,-0.0053,0.0652,0.0000,0.0000,0.0000,1.0000,0.005,,,,,,,
55,Left,1,0.0000,0.0000,0.0000,0.0000,0.0000,0.0000,1.0000,0.005,0.3545,0.0521,0.0546,-0.0773,-0.4936,-0.8656,-0.0323
55,Left,2,0.0291,-0.0177,0.0353,-0.0645,0.3497,-0.5972,0.7189,0.005,,,,,,,
55,Left,3,0.0000,0.0000,0.0325,0.2052,-0.0516,0.0819,0.9739,0.005,,,,,,,
55,Left,4,0.0000,0.0000,0.0338,0.2345,0.0394,-0.0746,0.9685,0.005,,,,,,,
55,Left,5,-0.0007,0.0010,0.0246,0.0000,0.0000,0.0000,1.0000,0.005,,,,,,,
55,Left,6,0.0193,-0.0103,0.0368,0.0000,0.0000,0.0000,1.0000,0.005,,,,,,,
55,Left,7,0.0043,0.0030,0.0591,0.4847,0.0091,-0.0519,0.8731,0.005,,,,,,,
55,Left,8,0.0000,0.0000,0.0379,0.6745,0.0121,0.0226,0.7378,0.005,,,,,,,
55,Left,9,0.0000,0.0000,0.0243,0.4686,-0.0153,0.0168,0.8831,0.005,,,,,,,
55,Left,10,-0.0003,0.0010,0.0224,0.0000,0.0000,0.0000,1.0000,0.005,,,,,,,
55,Left,11,0.0031,-0.0081,0.0347,0.0000,0.0000,0.0000,1.0000,0.005,,,,,,,
55,Left,12,-0.0013,0.0055,0.0610,0.5492,-0.0283,0.0242,0.8348,0.005,,,,,,,
55,Left,13,0.0000,0.0000,0.0429,0.5777,0.0029,0.0129,0.8162,0.005,,,,,,,
55,Left,14,0.0000,0.0000,0.0275,0.4766,0.0203,0.0850,0.8748,0.005,,,,,,,
55,Left,15,-0.0003,0.0011,0.0250,0.0000,0.0000,0.0000,1.0000,0.005,,,,,,,
55,Left,16,-0.0150,-0.0060,0.0348,0.0000,0.0000,0.0000,1.0000,0.005,,,,,,,
55,Left,17,-0.0025,-0.0005,0.0539,0.5453,-0.0290,0.0747,0.8344,0.005,,,,,,,
55,Left,18,0.0000,0.0000,0.0390,0.6378,0.0191,0.0419,0.7688,0.005,,,,,,,
55,Left,19,0.0000,0.0000,0.0266,0.5286,0.0273,0.0287,0.8480,0.005,,,,,,,
55,Left,20,-0.0003,0.0016,0.0243,0.0000,0.0000,0.0000,1.0000,0.005,,,,,,,
55,Left,21,-0.0230,-0.0094,0.0341,0.0183,-0.1403,0.2070,0.9681,0.005,,,,,,,
55,Left,22,0.0000,0.0000,0.0457,0.4592,-0.0280,-0.0673,0.8853,0.005,,,,,,,
55,Left,23,0.0000,0.0000,0.0307,0.6622,-0.0059,0.0871,0.7442,0.005,,,,,,,
55,Left,24,0.0000,0.0000,0.0203,0.5392,0.0410,-0.0025,0.8412,0.005,,,,,,,
55,Left,25,0.0002,0.0012,0.0219,0.0000,0.0000,0.0000,1.0000,0.005,,,,,,,
55,Right,0,-0.0023,-0.0053,0.0652,0.0000,0.0000,0.0000,1.0000,0.005,,,,,,,
55,Right,1,0.0000,0.0000,0.0000,0.0000,0.0000,0.0000,1.0000,0.005,-0.0469,-0.2924,0.0844,0.2024,0.4463,0.8677,-0.0835
55,Right,2,-0.0289,-0.0181,0.0355,-0.0756,-0.3255,0.5995,0.7273,0.005,,,,,,,
55,Right,3,0.0000,0.0000,0.0325,0.2621,0.0459,-0.0809,0.9605,0.005,,,,,,,
55,Right,4,0.0000,0.0000,0.0338,0.1627,-0.0461,0.0775,0.9825,0.005,,,,,,,
55,Right,5,0.0007,0.0010,0.0246,0.0000,0.0000,0.0000,1.0000,0.005,,,,,,,
55,Right,6,-0.0192,-0.0105,0.0369,0.0000,0.0000,0.0000,1.0000,0.005,,,,,,,
55,Right,7,-0.0044,0.0032,0.0591,0.1901,0.0675,0.0260,0.9791,0.005,,,,,,,
55,Right,8,0.0000,0.0000,0.0379,0.2065,0.0017,-0.0263,0.9781,0.005,,,,,,,
55,Right,9,0.0000,0.0000,0.0243,0.0679,0.0249,-0.0167,0.9972,0.005,,,,,,,
55,Right,10,0.0003,0.0010,0.0224,0.0000,0.0000,0.0000,1.0000,0.005,,,,,,,
55,Right,11,-0.0029,-0.0081,0.0348,0.0000,0.0000,0.0000,1.0000,0.005,,,,,,,
55,Right,12,0.0012,0.0056,0.0609,0.2751,0.0748,-0.0256,0.9581,0.005,,,,,,,
55,Right,13,0.0000,0.0000,0.0429,0.1494,0.0026,-0.0121,0.9887,0.005,,,,,,,
55,Right,14,0.0000,0.0000,0.0275,0.0169,-0.0002,-0.0453,0.9988,0.005,,,,,,,
55,Right,15,0.0003,0.0011,0.0250,0.0000,0.0000,0.0000,1.0000,0.005,,,,,,,
55,Right,16,0.0150,-0.0060,0.0348,0.0000,0.0000,0.0000,1.0000,0.005,,,,,,,
55,Right,17,0.0025,-0.0005,0.0539,0.2113,0.0764,-0.0654,0.9722,0.005,,,,,,,
55,Right,18,0.0000,0.0000,0.0390,0.1416,-0.0018,-0.0367,0.9892,0.005,,,,,,,
55,Right,19,0.0000,0.0000,0.0266,0.0618,-0.0295,-0.0075,0.9976,0.005,,,,,,,
55,Right,20,0.0003,0.0016,0.0243,0.0000,0.0000,0.0000,1.0000,0.005,,,,,,,
55,Right,21,0.0230,-0.0094,0.0341,0.0183,0.1403,-0.2070,0.9681,0.005,,,,,,,
55,Right,22,0.0000,0.0000,0.0457,0.0882,-0.0124,0.0893,0.9920,0.005,,,,,,,
55,Right,23,0.0000,0.0000,0.0307,0.1776,0.0348,-0.0537,0.9820,0.005,,,,,,,
55,Right,24,0.0000,0.0000,0.0203,0.0087,-0.0492,0.0008,0.9988,0.005,,,,,,,
55,Right,25,-0.0002,0.0012,0.0219,0.0000,0.0000,0.0000,1.0000,0.005,,,,,,,
56,Left,0,0.0024,-0.0053,0.0652,0.0000,0.0000,0.0000,1.0000,0.005,,,,,,,
56,Left,1,0.0000,0.0000,0.0000,0.0000,0.0000,0.0000,1.0000,0.005,0.3545,0.0521,0.0546,-0.0773,-0.4936,-0.8656,-0.0323
56,Left,2,0.0291,-0.0177,0.0353,-0.0645,0.3497,-0.5972,0.7189,0.005,,,,,,,
56,Left,3,0.0000,0.0000,0.0325,0.2052,-0.0516,0.0819,0.9739,0.005,,,,,,,
56,Left,4,0.0000,0.0000,0.0338,0.2345,0.0394,-0.0746,0.9685,0.005,,,,,,,
56,Left,5,-0.0007,0.0010,0.0246,0.0000,0.0000,0.0000,1.0000,0.005,,,,,,,
56,Left,6,0.0193,-0.0103,0.0368,0.0000,0.0000,0.0000,1.0000,0.005,,,,,,,
56,Left,7,0.0043,0.0030,0.0591,0.4847,0.0091,-0.0519,0.8731,0.005,,,,,,,
56,Left,8,0.0000,0.0000,0.0379,0.6745,0.0121,0.0226,0.7378,0.005,,,,,,,
56,Left,9,0.0000,0.0000,0.0243,0.4686,-0.0153,0.0168,0.8831,0.005,,,,,,,
56,Left,10,-0.0003,0.0010,0.0224,0.0000,0.0000,0.0000,1.0000,0.005,,,,,,,
56,Left,11,0.0031,-0.0081,0.0347,0.0000,0.0000,0.0000,1.0000,0.005,,,,,,,
56,Left,12,-0.0013,0.0055,0.0610,0.5492,-0.0283,0.0242,0.8348,0.005,,,,,,,
56,Left,13,0.0000,0.0000,0.0429,0.5777,0.0029,0.0129,0.8162,0.005,,,,,,,
56,Left,14,0.0000,0.0000,0.0275,0.4766,0.0203,0.0850,0.8747,0.005,,,,,,,
56,Left,15,-0.0003,0.0011,0.0250,0.0000,0.0000,0.0000,1.0000,0.005,,,,,,,
56,Left,16,-0.0150,-0.0060,0.0348,0.0000,0.0000,0.0000,1.0000,0.005,,,,,,,
56,Left,17,-0.0025,-0.0005,0.0539,0.5453,-0.0290,0.0747,0.8344,0.005,,,,,,,
56,Left,18,0.0000,0.0000,0.0390,0.6378,0.0191,0.0419,0.7688,0.005,,,,,,,
56,Left,19,0.0000,0.0000,0.0266,0.5286,0.0273,0.0287,0.8480,0.005,,,,,,,
56,Left,20,-0.0003,0.0016,0.0243,0.0000,0.0000,0.0000,1.0000,0.005,,,,,,,
56,Left,21,-0.0230,-0.0094,0.0341,0.0183,-0.1403,0.2070,0.9681,0.005,,,,,,,
56,Left,22,0.0000,0.0000,0.0457,0.4592,-0.0280,-0.0673,0.8853,0.005,,,,,,,
56,Left,23,0.0000,0.0000,0.0307,0.6622,-0.0059,0.0871,0.7442,0.005,,,,,,,
56,Left,24,0.0000,0.0000,0.0203,0.5392,0.0410,-0.0025,0.8412,0.005,,,,,,,
56,Left,25,0.0002,0.0012,0.0219,0.0000,0.0000,0.0000,1.0000,0.005,,,,,,,
56,Right,0,-0.0023,-0.0053,0.0652,0.0000,0.0000,0.0000,1.0000,0.005,,,,,,,
56,Right,1,0.0000,0.0000,0.0000,0.0000,0.0000,0.0000,1.0000,0.005,-0.0469,-0.2924,0.0844,0.2024,0.4463,0.8677,-0.0835
56,Right,2,-0.0289,-0.0181,0.0355,-0.0756,-0.3255,0.5995,0.7273,0.005,,,,,,,
56,Right,3,0.0000,0.0000,0.0325,0.2621,0.0459,-0.0809,0.9605,0.005,,,,,,,
56,Right,4,0.0000,0.0000,0.0338,0.1627,-0.0461,0.0775,0.9825,0.005,,,,,,,
56,Right,5,0.0007,0.0010,0.0246,0.0000,0.0000,0.0000,1.0000,0.005,,,,,,,
56,Right,6,-0.0192,-0.0105,0.0369,0.0000,0.0000,0.0000,1.0000,0.005,,,,,,,
56,Right,7,-0.0044,0.0032,0.0591,0.1901,0.0675,0.0260,0.9791,0.005,,,,,,,
56,Right,8,0.0000,0.0000,0.0379,0.2065,0.0017,-0.0263,0.9781,0.005,,,,,,,
56,Right,9,0.0000,0.0000,0.0243,0.0679,0.0249,-0.0167,0.9972,0.005,,,,,,,
56,Right,10,0.0003,0.0010,0.0224,0.0000,0.0000,0.0000,1.0000,0.005,,,,,,,
56,Right,11,-0.0029,-0.0081,0.0348,0.0000,0.0000,0.0000,1.0000,0.005,,,,,,,
56,Right,12,0.0012,0.0056,0.0609,0.2751,0.0748,-0.0256,0.9581,0.005,,,,,,,
56,Right,13,0.0000,0.0000,0.0429,0.1494,0.0026,-0.0121,0.9887,0.005,,,,,,,
56,Right,14,0.0000,0.0000,0.0275,0.0169,-0.0002,-0.0453,0.9988,0.005,,,,,,,
56,Right,15,0.0003,0.0011,0.0250,0.0000,0.0000,0.0000,1.0000,0.005,,,,,,,
56,Right,16,0.0150,-0.0060,0.0348,0.0000,0.0000,0.0000,1.0000,0.005,,,,,,,
56,Right,17,0.0025,-0.0005,0.0539,0.2113,0.0764,-0.0654,0.9722,0.005,,,,,,,
56,Right,18,0.0000,0.0000,0.0390,0.1416,-0.0018,-0.0367,0.9892,0.005,,,,,,,
56,Right,19,0.0000,0.0000,0.0266,0.0618,-0.0295,-0.0075,0.9976,0.005,,,,,,,
56,Right,20,0.0003,0.0016,0.0243,0.0000,0.0000,0.0000,1.0000,0.005,,,,,,,
56,Right,21,0.0230,-0.0094,0.0341,0.0183,0.1403,-0.2070,0.9681,0.005,,,,,,,
56,Right,22,0.0000,0.0000,0.0457,0.0882,-0.0124,0.0893,0.9920,0.005,,,,,,,
56,Right,23,0.0000,0.0000,0.0307,0.1776,0.0348,-0.0537,0.9820,0.005,,,,,,,
56,Right,24,0.0000,0.0000,0.0203,0.0087,-0.0492,0.0008,0.9988,0.005,,,,,,,
56,Right,25,-0.0002,0.0012,0.0219,0.0000,0.0000,0.0000,1.0000,0.005,,,,,,,
57,Left,0,0.0024,-0.0053,0.0652,0.0000,0.0000,0.0000,1.0000,0.006,,,,,,,
57,Left,1,0.0000,0.0000,0.0000,0.0000,0.0000,0.0000,1.0000,0.006,0.3545,0.0521,0.0546,-0.0773,-0.4936,-0.8656,-0.0323
57,Left,2,0.0291,-0.0177,0.0353,-0.0645,0.3497,-0.5972,0.7189,0.006,,,,,,,
57,Left,3,0.0000,0.0000,0.0325,0.2052,-0.0516,0.0819,0.9739,0.006,,,,,,,
57,Left,4,0.0000,0.0000,0.0338,0.2345,0.0394,-0.0746,0.9685,0.006,,,,,,,
57,Left,5,-0.0007,0.0010,0.0246,0.0000,0.0000,0.0000,1.0000,0.006,,,,,,,
57,Left,6,0.0193,-0.0103,0.0368,0.0000,0.0000,0.0000,1.0000,0.006,,,,,,,
57,Left,7,0.0043,0.0030,0.0591,0.4847,0.0091,-0.0519,0.8731,0.006,,,,,,,
57,Left,8,0.0000,0.0000,0.0379,0.6746,0.0121,0.0226,0.7378,0.006,,,,,,,
57,Left,9,0.0000,0.0000,0.0243,0.4686,-0.0153,0.0168,0.8831,0.006,,,,,,,
57,Left,10,-0.0003,0.0010,0.0224,0.0000,0.0000,0.0000,1.0000,0.006,,,,,,,
57,Left,11,0.0031,-0.0081,0.0347,0.0000,0.0000,0.0000,1.0000,0.006,,,,,,,
57,Left,12,-0.0013,0.0055,0.0610,0.5492,-0.0283,0.0242,0.8348,0.006,,,,,,,
57,Left,13,0.0000,0.0000,0.0429,0.5777,0.0029,0.0129,0.8162,0.006,,,,,,,
57,Left,14,0.0000,0.0000,0.0275,0.4766,0.0203,0.0850,0.8747,0.006,,,,,,,
57,Left,15,-0.0003,0.0011,0.0250,0.0000,0.0000,0.0000,1.0000,0.006,,,,,,,
57,Left,16,-0.0150,-0.0060,0.0348,0.0000,0.0000,0.0000,1.0000,0.006,,,,,,,
57,Left,17,-0.0025,-0.0005,0.0539,0.5453,-0.0290,0.0747,0.8344,0.006,,,,,,,
57,Left,18,0.0000,0.0000,0.0390,0.6378,0.0191,0.0419,0.7688,0.006,,,,,,,
57,Left,19,0.0000,0.0000,0.0266,0.5286,0.0273,0.0287,0.8480,0.006,,,,,,,
57,Left,20,-0.0003,0.0016,0.0243,0.0000,0.0000,0.0000,1.0000,0.006,,,,,,,
57,Left,21,-0.0230,-0.0094,0.0341,0.0183,-0.1403,0.2070,0.9681,0.006,,,,,,,
57,Left,22,0.0000,0.0000,0.0457,0.4593,-0.0280,-0.0673,0.8853,0.006,,,,,,,
57,Left,23,0.0000,0.0000,0.0307,0.6622,-0.0059,0.0871,0.7442,0.006,,,,,,,
57,Left,24,0.0000,0.0000,0.0203,0.5392,0.0410,-0.0025,0.8411,0.006,,,,,,,
57,Left,25,0.0002,0.0012,0.0219,0.0000,0.0000,0.0000,1.0000,0.006,,,,,,,
57,Right,0,-0.0023,-0.0053,0.0652,0.0000,0.0000,0.0000,1.0000,0.006,,,,,,,
57,Right,1,0.0000,0.0000,0.0000,0.0000,0.0000,0.0000,1.0000,0.006,-0.0469,-0.2924,0.0844,0.2024,0.4463,0.8677,-0.0835
57,Right,2,-0.0289,-0.0181,0.0355,-0.0756,-0.3255,0.5995,0.7273,0.006,,,,,,,
57,Right,3,0.0000,0.0000,0.0325,0.2621,0.0459,-0.0809,0.9605,0.006,,,,,,,
57,Right,4,0.0000,0.0000,0.0338,0.1627,-0.0461,0.0775,0.9825,0.006,,,,,,,
57,Right,5,0.0007,0.0010,0.0246,0.0000,0.0000,0.0000,1.0000,0.006,,,,,,,
57,Right,6,-0.0192,-0.0105,0.0369,0.0000,0.0000,0.0000,1.0000,0.006,,,,,,,
57,Right,7,-0.0044,0.0032,0.0591,0.1901,0.0675,0.0260,0.9791,0.006,,,,,,,
57,Right,8,0.0000,0.0000,0.0379,0.2065,0.0017,-0.0263,0.9781,0.006,,,,,,,
57,Right,9,0.0000,0.0000,0.0243,0.0679,0.0249,-0.0167,0.9972,0.006,,,,,,,
57,Right,10,0.0003,0.0010,0.0224,0.0000,0.0000,0.0000,1.0000,0.006,,,,,,,
57,Right,11,-0.0029,-0.0081,0.0348,0.0000,0.0000,0.0000,1.0000,0.006,,,,,,,
57,Right,12,0.0012,0.0056,0.0609,0.2751,0.0748,-0.0256,0.9581,0.006,,,,,,,
57,Right,13,0.0000,0.0000,0.0429,0.1494,0.0026,-0.0121,0.9887,0.006,,,,,,,
57,Right,14,0.0000,0.0000,0.0275,0.0169,-0.0002,-0.0453,0.9988,0.006,,,,,,,
57,Right,15,0.0003,0.0011,0.0250,0.0000,0.0000,0.0000,1.0000,0.006,,,,,,,
57,Right,16,0.0150,-0.0060,0.0348,0.0000,0.0000,0.0000,1.0000,0.006,,,,,,,
57,Right,17,0.0025,-0.0005,0.0539,0.2113,0.0764,-0.0654,0.9722,0.006,,,,,,,
57,Right,18,0.0000,0.0000,0.0390,0.1416,-0.0018,-0.0367,0.9892,0.006,,,,,,,
57,Right,19,0.0000,0.0000,0.0266,0.0618,-0.0295,-0.0075,0.9976,0.006,,,,,,,
57,Right,20,0.0003,0.0016,0.0243,0.0000,0.0000,0.0000,1.0000,0.006,,,,,,,
57,Right,21,0.0230,-0.0094,0.0341,0.0183,0.1403,-0.2070,0.9681,0.006,,,,,,,
57,Right,22,0.0000,0.0000,0.0457,0.0882,-0.0124,0.0893,0.9920,0.006,,,,,,,
57,Right,23,0.0000,0.0000,0.0307,0.1776,0.0348,-0.0537,0.9820,0.006,,,,,,,
57,Right,24,0.0000,0.0000,0.0203,0.0087,-0.0492,0.0008,0.9988,0.006,,,,,,,
57,Right,25,-0.0002,0.0012,0.0219,0.0000,0.0000,0.0000,1.0000,0.006,,,,,,,
58,Left,0,0.0024,-0.0053,0.0652,0.0000,0.0000,0.0000,1.0000,0.006,,,,,,,
58,Left,1,0.0000,0.0000,0.0000,0.0000,0.0000,0.0000,1.0000,0.006,0.3545,0.0521,0.0546,-0.0773,-0.4936,-0.8656,-0.0323
58,Left,2,0.0291,-0.0177,0.0353,-0.0645,0.3497,-0.5972,0.7190,0.006,,,,,,,
58,Left,3,0.0000,0.0000,0.0325,0.2052,-0.0516,0.0819,0.9739,0.006,,,,,,,
58,Left,4,0.0000,0.0000,0.0338,0.2345,0.0394,-0.0746,0.9685,0.006,,,,,,,
58,Left,5,-0.0007,0.0010,0.0246,0.0000,0.0000,0.0000,1.0000,0.006,,,,,,,
58,Left,6,0.0193,-0.0103,0.0368,0.0000,0.0000,0.0000,1.0000,0.006,,,,,,,
58,Left,7,0.0043,0.0030,0.0591,0.4847,0.0091,-0.0519,0.8731,0.006,,,,,,,
58,Left,8,0.0000,0.0000,0.0379,0.6746,0.0121,0.0226,0.7378,0.006,,,,,,,
58,Left,9,0.0000,0.0000,0.0243,0.4686,-0.0153,0.0168,0.8831,0.006,,,,,,,
58,Left,10,-0.0003,0.0010,0.0224,0.0000,0.0000,0.0000,1.0000,0.006,,,,,,,
58,Left,11,0.0031,-0.0081,0.0347,0.0000,0.0000,0.0000,1.0000,0.006,,,,,,,
58,Left,12,-0.0013,0.0055,0.0610,0.5492,-0.0283,0.0242,0.8348,0.006,,,,,,,
58,Left,13,0.0000,0.0000,0.0429,0.5777,0.0029,0.0129,0.8161,0.006,,,,,,,
58,Left,14,0.0000,0.0000,0.0275,0.4766,0.0203,0.0850,0.8747,0.006,,,,,,,
58,Left,15,-0.0003,0.0011,0.0250,0.0000,0.0000,0.0000,1.0000,0.006,,,,,,,
58,Left,16,-0.0150,-0.0060,0.0348,0.0000,0.0000,0.0000,1.0000,0.006,,,,,,,
58,Left,17,-0.0025,-0.0005,0.0539,0.5453,-0.0290,0.0747,0.8344,0.006,,,,,,,
58,Left,18,0.0000,0.0000,0.0390,0.6378,0.0191,0.0419,0.7688,0.006,,,,,,,
58,Left,19,0.0000,0.0000,0.0266,0.5286,0.0273,0.0287,0.8480,0.006,,,,,,,
58,Left,20,-0.0003,0.0016,0.0243,0.0000,0.0000,0.0000,1.0000,0.006,,,,,,,
58,Left,21,-0.0230,-0.0094,0.0341,0.0183,-0.1403,0.2070,0.9681,0.006,,,,,,,
58,Left,22,0.0000,0.0000,0.0457,0.4593,-0.0280,-0.0673,0.8853,0.006,,,,,,,
58,Left,23,0.0000,0.0000,0.0307,0.6622,-0.0059,0.0871,0.7442,0.006,,,,,,,
58,Left,24,0.0000,0.0000,0.0203,0.5392,0.0410,-0.0025,0.8411,0.006,,,,,,,
58,Left,25,0.0002,0.0012,0.0219,0.0000,0.0000,0.0000,1.0000,0.006,,,,,,,
58,Right,0,-0.0023,-0.0053,0.0652,0.0000,0.0000,0.0000,1.0000,0.006,,,,,,,
58,Right,1,0.0000,0.0000,0.0000,0.0000,0.0000,0.0000,1.0000,0.006,-0.0469,-0.2924,0.0844,0.2024,0.4463,0.8677,-0.0835
58,Right,2,-0.0289,-0.0181,0.0355,-0.0756,-0.3255,0.5995,0.7273,0.006,,,,,,,
58,Right,3,0.0000,0.0000,0.0325,0.2621,0.0459,-0.0809,0.9605,0.006,,,,,,,
58,Right,4,0.0000,0.0000,0.0338,0.1627,-0.0461,0.0775,0.9825,0.006,,,,,,,
58,Right,5,0.0007,0.0010,0.0246,0.0000,0.0000,0.0000,1.0000,0.006,,,,,,,
58,Right,6,-0.0192,-0.0105,0.0369,0.0000,0.0000,0.0000,1.0000,0.006,,,,,,,
58,Right,7,-0.0044,0.0032,0.0591,0.1901,0.0675,0.0260,0.9791,0.006,,,,,,,
58,Right,8,0.0000,0.0000,0.0379,0.2065,0.0017,-0.0263,0.9781,0.006,,,,,,,
58,Right,9,0.0000,0.0000,0.0243,0.0679,0.0249,-0.0167,0.9972,0.006,,,,,,,
58,Right,10,0.0003,0.0010,0.0224,0.0000,0.0000,0.0000,1.0000,0.006,,,,,,,
58,Right,11,-0.0029,-0.0081,0.0348,0.0000,0.0000,0.0000,1.0000,0.006,,,,,,,
58,Right,12,0.0012,0.0056,0.0609,0.2751,0.0748,-0.0256,0.9582,0.006,,,,,,,
58,Right,13,0.0000,0.0000,0.0429,0.1494,0.0026,-0.0121,0.9887,0.006,,,,,,,
58,Right,14,0.0000,0.0000,0.0275,0.0169,-0.0002,-0.0453,0.9988,0.006,,,,,,,
58,Right,15,0.0003,0.0011,0.0250,0.0000,0.0000,0.0000,1.0000,0.006,,,,,,,
58,Right,16,0.0150,-0.0060,0.0348,0.0000,0.0000,0.0000,1.0000,0.006,,,,,,,
58,Right,17,0.0025,-0.0005,0.0539,0.2113,0.0764,-0.0654,0.9722,0.006,,,,,,,
58,Right,18,0.0000,0.0000,0.0390,0.1416,-0.0018,-0.0367,0.9892,0.006,,,,,,,
58,Right,19,0.0000,0.0000,0.0266,0.0618,-0.0295,-0.0075,0.9976,0.006,,,,,,,
58,Right,20,0.0003,0.0016,0.0243,0.0000,0.0000,0.0000,1.0000,0.006,,,,,,,
58,Right,21,0.0230,-0.0094,0.0341,0.0183,0.1403,-0.2070,0.9681,0.006,,,,,,,
58,Right,22,0.0000,0.0000,0.0457,0.0882,-0.0124,0.0893,0.9920,0.006,,,,,,,
58,Right,23,0.0000,0.0000,0.0307,0.1776,0.0348,-0.0537,0.9820,0.006,,,,,,,
58,Right,24,0.0000,0.0000,0.0203,0.0087,-0.0492,0.0008,0.9988,0.006,,,,,,,
58,Right,25,-0.0002,0.0012,0.0219,0.0000,0.0000,0.0000,1.0000,0.006,,,,,,,
59,Left,0,0.0024,-0.0053,0.0652,0.0000,0.0000,0.0000,1.0000,0.006,,,,,,,
59,Left,1,0.0000,0.0000,0.0000,0.0000,0.0000,0.0000,1.0000,0.006,0.3545,0.0521,0.0546,-0.0773,-0.4936,-0.8656,-0.0323
59,Left,2,0.0291,-0.0177,0.0353,-0.0645,0.3497,-0.5972,0.7190,0.006,,,,,,,
59,Left,3,0.0000,0.0000,0.0325,0.2052,-0.0516,0.0819,0.9739,0.006,,,,,,,
59,Left,4,0.0000,0.0000,0.0338,0.2345,0.0394,-0.0746,0.9684,0.006,,,,,,,
59,Left,5,-0.0007,0.0010,0.0246,0.0000,0.0000,0.0000,1.0000,0.006,,,,,,,
59,Left,6,0.0193,-0.0103,0.0368,0.0000,0.0000,0.0000,1.0000,0.006,,,,,,,
59,Left,7,0.0043,0.0030,0.0591,0.4847,0.0091,-0.0519,0.8731,0.006,,,,,,,
59,Left,8,0.0000,0.0000,0.0379,0.6746,0.0121,0.0226,0.7378,0.006,,,,,,,
59,Left,9,0.0000,0.0000,0.0243,0.4686,-0.0153,0.0168,0.8831,0.006,,,,,,,
59,Left,10,-0.0003,0.0010,0.0224,0.0000,0.0000,0.0000,1.0000,0.006,,,,,,,
59,Left,11,0.0031,-0.0081,0.0347,0.0000,0.0000,0.0000,1.0000,0.006,,,,,,,
59,Left,12,-0.0013,0.0055,0.0610,0.5493,-0.0283,0.0242,0.8348,0.006,,,,,,,
59,Left,13,0.0000,0.0000,0.0429,0.5777,0.0029,0.0129,0.8161,0.006,,,,,,,
59,Left,14,0.0000,0.0000,0.0275,0.4766,0.0203,0.0850,0.8747,0.006,,,,,,,
59,Left,15,-0.0003,0.0011,0.0250,0.0000,0.0000,0.0000,1.0000,0.006,,,,,,,
59,Left,16,-0.0150,-0.0060,0.0348,0.0000,0.0000,0.0000,1.0000,0.006,,,,,,,
59,Left,17,-0.0025,-0.0005,0.0539,0.5453,-0.0290,0.0747,0.8344,0.006,,,,,,,
59,Left,18,0.0000,0.0000,0.0390,0.6378,0.0191,0.0419,0.7688,0.006,,,,,,,
59,Left,19,0.0000,0.0000,0.0266,0.5286,0.0273,0.0287,0.8480,0.006,,,,,,,
59,Left,20,-0.0003,0.0016,0.0243,0.0000,0.0000,0.0000,1.0000,0.006,,,,,,,
59,Left,21,-0.0230,-0.0094,0.0341,0.0183,-0.1403,0.2070,0.9681,0.006,,,,,,,
59,Left,22,0.0000,0.0000,0.0457,0.4593,-0.0280,-0.0673,0.8853,0.006,,,,,,,
59,Left,23,0.0000,0.0000,0.0307,0.6623,-0.0059,0.0871,0.7442,0.006,,,,,,,
59,Left,24,0.0000,0.0000,0.0203,0.5393,0.0410,-0.0025,0.8411,0.006,,,,,,,
59,Left,25,0.0002,0.0012,0.0219,0.0000,0.0000,0.0000,1.0000,0.006,,,,,,,
59,Right,0,-0.0023,-0.0053,0.0652,0.0000,0.0000,0.0000,1.0000,0.006,,,,,,,
59,Right,1,0.0000,0.0000,0.0000,0.0000,0.0000,0.0000,1.0000,0.006,-0.0469,-0.2924,0.0844,0.2024,0.4463,0.8677,-0.0835
59,Right,2,-0.0289,-0.0181,0.0355,-0.0756,-0.3255,0.5995,0.7273,0.006,,,,,,,
59,Right,3,0.0000,0.0000,0.0325,0.2621,0.0459,-0.0809,0.9605,0.006,,,,,,,
59,Right,4,0.0000,0.0000,0.0338,0.1627,-0.0461,0.0775,0.9825,0.006,,,,,,,
59,Right,5,0.0007,0.0010,0.0246,0.0000,0.0000,0.0000,1.0000,0.006,,,,,,,
59,Right,6,-0.0192,-0.0105,0.0369,0.0000,0.0000,0.0000,1.0000,0.006,,,,,,,
59,Right,7,-0.0044,0.0032,0.0591,0.1901,0.0675,0.0260,0.9791,0.006,,,,,,,
59,Right,8,0.0000,0.0000,0.0379,0.2065,0.0017,-0.0263,0.9781,0.006,,,,,,,
59,Right,9,0.0000,0.0000,0.0243,0.0679,0.0249,-0.0167,0.9972,0.006,,,,,,,
59,Right,10,0.0003,0.0010,0.0224,0.0000,0.0000,0.0000,1.0000,0.006,,,,,,,
59,Right,11,-0.0029,-0.0081,0.0348,0.0000,0.0000,0.0000,1.0000,0.006,,,,,,,
59,Right,12,0.0012,0.0056,0.0609,0.2751,0.0748,-0.0256,0.9582,0.006,,,,,,,
59,Right,13,0.0000,0.0000,0.0429,0.1494,0.0026,-0.0121,0.9887,0.006,,,,,,,
59,Right,14,0.0000,0.0000,0.0275,0.0169,-0.0002,-0.0453,0.9988,0.006,,,,,,,
59,Right,15,0.0003,0.0011,0.0250,0.0000,0.0000,0.0000,1.0000,0.006,,,,,,,
59,Right,16,0.0150,-0.0060,0.0348,0.0000,0.0000,0.0000,1.0000,0.006,,,,,,,
59,Right,17,0.0025,-0.0005,0.0539,0.2113,0.0764,-0.0654,0.9722,0.006,,,,,,,
59,Right,18,0.0000,0.0000,0.0390,0.1416,-0.0018,-0.0367,0.9892,0.006,,,,,,,
59,Right,19,0.0000,0.0000,0.0266,0.0618,-0.0295,-0.0075,0.9976,0.006,,,,,,,
59,Right,20,0.0003,0.0016,0.0243,0.0000,0.0000,0.0000,1.0000,0.006,,,,,,,
59,Right,21,0.0230,-0.0094,0.0341,0.0183,0.1403,-0.2070,0.9681,0.006,,,,,,,
59,Right,22,0.0000,0.0000,0.0457,0.0882,-0.0124,0.0893,0.9920,0.006,,,,,,,
59,Right,23,0.0000,0.0000,0.0307,0.1776,0.0348,-0.0537,0.9820,0.006,,,,,,,
59,Right,24,0.0000,0.0000,0.0203,0.0087,-0.0492,0.0008,0.9988,0.006,,,,,,,
59,Right,25,-0.0002,0.0012,0.0219,0.0000,0.0000,0.0000,1.0000,0.006,,,,,,,
60,Left,0,0.0024,-0.0053,0.0652,0.0000,0.0000,0.0000,1.0000,0.006,,,,,,,
60,Left,1,0.0000,0.0000,0.0000,0.0000,0.0000,0.0000,1.0000,0.006,0.3545,0.0521,0.0546,-0.0773,-0.4936,-0.8656,-0.0323
60,Left,2,0.0291,-0.0177,0.0353,-0.0645,0.3497,-0.5972,0.7190,0.006,,,,,,,
60,Left,3,0.0000,0.0000,0.0325,0.2052,-0.0516,0.0819,0.9739,0.006,,,,,,,
60,Left,4,0.0000,0.0000,0.0338,0.2345,0.0394,-0.0746,0.9684,0.006,,,,,,,
60,Left,5,-0.0007,0.0010,0.0246,0.0000,0.0000,0.0000,1.0000,0.006,,,,,,,
60,Left,6,0.0193,-0.0103,0.0368,0.0000,0.0000,0.0000,1.0000,0.006,,,,,,,
60,Left,7,0.0043,0.0030,0.0591,0.4847,0.0091,-0.0519,0.8731,0.006,,,,,,,
60,Left,8,0.0000,0.0000,0.0379,0.6746,0.0121,0.0226,0.7378,0.006,,,,,,,
60,Left,9,0.0000,0.0000,0.0243,0.4686,-0.0153,0.0168,0.8831,0.006,,,,,,,
60,Left,10,-0.0003,0.0010,0.0224,0.0000,0.0000,0.0000,1.0000,0.006,,,,,,,
60,Left,11,0.0031,-0.0081,0.0347,0.0000,0.0000,0.0000,1.0000,0.006,,,,,,,
60,Left,12,-0.0013,0.0055,0.0610,0.5493,-0.0283,0.0242,0.8348,0.006,,,,,,,
60,Left,13,0.0000,0.0000,0.0429,0.5777,0.0029,0.0129,0.8161,0.006,,,,,,,
60,Left,14,0.0000,0.0000,0.0275,0.4767,0.0203,0.0850,0.8747,0.006,,,,,,,
60,Left,15,-0.0003,0.0011,0.0250,0.0000,0.0000,0.0000,1.0000,0.006,,,,,,,
60,Left,16,-0.0150,-0.0060,0.0348,0.0000,0.0000,0.0000,1.0000,0.006,,,,,,,
60,Left,17,-0.0025,-0.0005,0.0539,0.5453,-0.0290,0.0747,0.8344,0.006,,,,,,,
60,Left,18,0.0000,0.0000,0.0390,0.6378,0.0191,0.0419,0.7688,0.006,,,,,,,
60,Left,19,0.0000,0.0000,0.0266,0.5286,0.0273,0.0287,0.8479,0.006,,,,,,,
60,Left,20,-0.0003,0.0016,0.0243,0.0000,0.0000,0.0000,1.0000,0.006,,,,,,,
60,Left,21,-0.0230,-0.0094,0.0341,0.0183,-0.1403,0.2070,0.9681,0.006,,,,,,,
60,Left,22,0.0000,0.0000,0.0457,0.4593,-0.0280,-0.0673,0.8853,0.006,,,,,,,
60,Left,23,0.0000,0.0000,0.0307,0.6623,-0.0059,0.0871,0.7442,0.006,,,,,,,
60,Left,24,0.0000,0.0000,0.0203,0.5393,0.0410,-0.0025,0.8411,0.006,,,,,,,
60,Left,25,0.0002,0.0012,0.0219,0.0000,0.0000,0.0000,1.0000,0.006,,,,,,,
60,Right,0,-0.0023,-0.0053,0.0652,0.0000,0.0000,0.0000,1.0000,0.006,,,,,,,
60,Right,1,0.0000,0.0000,0.0000,0.0000,0.0000,0.0000,1.0000,0.006,-0.0469,-0.2924,0.0844,0.2024,0.4463,0.8677,-0.0835
60,Right,2,-0.0289,-0.0181,0.0355,-0.0756,-0.3255,0.5995,0.7273,0.006,,,,,,,
60,Right,3,0.0000,0.0000,0.0325,0.2621,0.0459,-0.0809,0.9605,0.006,,,,,,,
60,Right,4,0.0000,0.0000,0.0338,0.1627,-0.0461,0.0775,0.9825,0.006,,,,,,,
60,Right,5,0.0007,0.0010,0.0246,0.0000,0.0000,0.0000,1.0000,0.006,,,,,,,
60,Right,6,-0.0192,-0.0105,0.0369,0.0000,0.0000,0.0000,1.0000,0.006,,,,,,,
60,Right,7,-0.0044,0.0032,0.0591,0.1901,0.0675,0.0260,0.9791,0.006,,,,,,,
60,Right,8,0.0000,0.0000,0.0379,0.2065,0.0017,-0.0263,0.9781,0.006,,,,,,,
60,Right,9,0.0000,0.0000,0.0243,0.0679,0.0249,-0.0167,0.9972,0.006,,,,,,,
60,Right,10,0.0003,0.0010,0.0224,0.0000,0.0000,0.0000,1.0000,0.006,,,,,,,
60,Right,11,-0.0029,-0.0081,0.0348,0.0000,0.0000,0.0000,1.0000,0.006,,,,,,,
60,Right,12,0.0012,0.0056,0.0609,0.2751,0.0748,-0.0256,0.9582,0.006,,,,,,,
60,Right,13,0.0000,0.0000,0.0429,0.1494,0.0026,-0.0121,0.9887,0.006,,,,,,,
60,Right,14,0.0000,0.0000,0.0275,0.0169,-0.0002,-0.0453,0.9988,0.006,,,,,,,
60,Right,15,0.0003,0.0011,0.0250,0.0000,0.0000,0.0000,1.0000,0.006,,,,,,,
60,Right,16,0.0150,-0.0060,0.0348,0.0000,0.0000,0.0000,1.0000,0.006,,,,,,,
60,Right,17,0.0025,-0.0005,0.0539,0.2113,0.0764,-0.0654,0.9722,0.006,,,,,,,
60,Right,18,0.0000,0.0000,0.0390,0.1416,-0.0018,-0.0367,0.9892,0.006,,,,,,,
60,Right,19,0.0000,0.0000,0.0266,0.0618,-0.0295,-0.0075,0.9976,0.006,,,,,,,
60,Right,20,0.0003,0.0016,0.0243,0.0000,0.0000,0.0000,1.0000,0.006,,,,,,,
60,Right,21,0.0230,-0.0094,0.0341,0.0183,0.1403,-0.2070,0.9681,0.006,,,,,,,
60,Right,22,0.0000,0.0000,0.0457,0.0882,-0.0124,0.0893,0.9920,0.006,,,,,,,
60,Right,23,0.0000,0.0000,0.0307,0.1776,0.0348,-0.0537,0.9820,0.006,,,,,,,
60,Right,24,0.0000,0.0000,0.0203,0.0087,-0.0492,0.0008,0.9988,0.006,,,,,,,
60,Right,25,-0.0002,0.0012,0.0219,0.0000,0.0000,0.0000,1.0000,0.006,,,,,,,
61,Left,0,0.0024,-0.0053,0.0652,0.0000,0.0000,0.0000,1.0000,0.006,,,,,,,
61,Left,1,0.0000,0.0000,0.0000,0.0000,0.0000,0.0000,1.0000,0.006,0.3545,0.0521,0.0546,-0.0773,-0.4936,-0.8656,-0.0323
61,Left,2,0.0291,-0.0177,0.0353,-0.0645,0.3497,-0.5972,0.7190,0.006,,,,,,,
61,Left,3,0.0000,0.0000,0.0325,0.2052,-0.0516,0.0819,0.9739,0.006,,,,,,,
61,Left,4,0.0000,0.0000,0.0338,0.2345,0.0394,-0.0746,0.9684,0.006,,,,,,,
61,Left,5,-0.0007,0.0010,0.0246,0.0000,0.0000,0.0000,1.0000,0.006,,,,,,,
61,Left,6,0.0193,-0.0103,0.0368,0.0000,0.0000,0.0000,1.0000,0.006,,,,,,,
61,Left,7,0.0043,0.0030,0.0591,0.4848,0.0091,-0.0519,0.8731,0.006,,,,,,,
61,Left,8,0.0000,0.0000,0.0379,0.6746,0.0121,0.0226,0.7378,0.006,,,,,,,
61,Left,9,0.0000,0.0000,0.0243,0.4686,-0.0153,0.0168,0.8831,0.006,,,,,,,
61,Left,10,-0.0003,0.0010,0.0224,0.0000,0.0000,0.0000,1.0000,0.006,,,,,,,
61,Left,11,0.0031,-0.0081,0.0347,0.0000,0.0000,0.0000,1.0000,0.006,,,,,,,
61,Left,12,-0.0013,0.0055,0.0610,0.5493,-0.0283,0.0242,0.8348,0.006,,,,,,,
61,Left,13,0.0000,0.0000,0.0429,0.5777,0.0029,0.0129,0.8161,0.006,,,,,,,
61,Left,14,0.0000,0.0000,0.0275,0.4767,0.0203,0.0850,0.8747,0.006,,,,,,,
61,Left,15,-0.0003,0.0011,0.0250,0.0000,0.0000,0.0000,1.0000,0.006,,,,,,,
61,Left,16,-0.0150,-0.0060,0.0348,0.0000,0.0000,0.0000,1.0000,0.006,,,,,,,
61,Left,17,-0.0025,-0.0005,0.0539,0.5453,-0.0290,0.0747,0.8344,0.006,,,,,,,
61,Left,18,0.0000,0.0000,0.0390,0.6379,0.0191,0.0419,0.7688,0.006,,,,,,,
61,Left,19,0.0000,0.0000,0.0266,0.5286,0.0273,0.0287,0.8479,0.006,,,,,,,
61,Left,20,-0.0003,0.0016,0.0243,0.0000,0.0000,0.0000,1.0000,0.006,,,,,,,
61,Left,21,-0.0230,-0.0094,0.0341,0.0183,-0.1403,0.2070,0.9681,0.006,,,,,,,
61,Left,22,0.0000,0.0000,0.0457,0.4593,-0.0280,-0.0673,0.8853,0.006,,,,,,,
61,Left,23,0.0000,0.0000,0.0307,0.6623,-0.0059,0.0871,0.7442,0.006,,,,,,,
61,Left,24,0.0000,0.0000,0.0203,0.5393,0.0410,-0.0025,0.8411,0.006,,,,,,,
61,Left,25,0.0002,0.0012,0.0219,0.0000,0.0000,0.0000,1.0000,0.006,,,,,,,
61,Right,0,-0.0023,-0.0053,0.0652,0.0000,0.0000,0.0000,1.0000,0.006,,,,,,,
61,Right,1,0.0000,0.0000,0.0000,0.0000,0.0000,0.0000,1.0000,0.006,-0.0469,-0.2924,0.0844,0.2024,0.4463,0.8677,-0.0835
61,Right,2,-0.0289,-0.0181,0.0355,-0.0756,-0.3255,0.5995,0.7273,0.006,,,,,,,
61,Right,3,0.0000,0.0000,0.0325,0.2621,0.0459,-0.0809,0.9605,0.006,,,,,,,
61,Right,4,0.0000,0.0000,0.0338,0.1627,-0.0461,0.0775,0.9825,0.006,,,,,,,
61,Right,5,0.0007,0.0010,0.0246,0.0000,0.0000,0.0000,1.0000,0.006,,,,,,,
61,Right,6,-0.0192,-0.0105,0.0369,0.0000,0.0000,0.0000,1.0000,0.006,,,,,,,
61,Right,7,-0.0044,0.0032,0.0591,0.1901,0.0675,0.0260,0.9791,0.006,,,,,,,
61,Right,8,0.0000,0.0000,0.0379,0.2065,0.0017,-0.0263,0.9781,0.006,,,,,,,
61,Right,9,0.0000,0.0000,0.0243,0.0679,0.0249,-0.0167,0.9972,0.006,,,,,,,
61,Right,10,0.0003,0.0010,0.0224,0.0000,0.0000,0.0000,1.0000,0.006,,,,,,,
61,Right,11,-0.0029,-0.0081,0.0348,0.0000,0.0000,0.0000,1.0000,0.006,,,,,,,
61,Right,12,0.0012,0.0056,0.0609,0.2751,0.0748,-0.0256,0.9582,0.006,,,,,,,
61,Right,13,0.0000,0.0000,0.0429,0.1494,0.0026,-0.0121,0.9887,0.006,,,,,,,
61,Right,14,0.0000,0.0000,0.0275,0.0169,-0.0002,-0.0453,0.9988,0.006,,,,,,,
61,Right,15,0.0003,0.0011,0.0250,0.0000,0.0000,0.0000,1.0000,0.006,,,,,,,
61,Right,16,0.0150,-0.0060,0.0348,0.0000,0.0000,0.0000,1.0000,0.006,,,,,,,
61,Right,17,0.0025,-0.0005,0.0539,0.2113,0.0764,-0.0654,0.9722,0.006,,,,,,,
61,Right,18,0.0000,0.0000,0.0390,0.1416,-0.0018,-0.0367,0.9892,0.006,,,,,,,
61,Right,19,0.0000,0.0000,0.0266,0.0618,-0.0295,-0.0075,0.9976,0.006,,,,,,,
61,Right,20,0.0003,0.0016,0.0243,0.0000,0.0000,0.0000,1.0000,0.006,,,,,,,
61,Right,21,0.0230,-0.0094,0.0341,0.0183,0.1403,-0.2070,0.9681,0.006,,,,,,,
61,Right,22,0.0000,0.0000,0.0457,0.0882,-0.0124,0.0893,0.9920,0.006,,,,,,,
61,Right,23,0.0000,0.0000,0.0307,0.1776,0.0348,-0.0537,0.9820,0.006,,,,,,,
61,Right,24,0.0000,0.0000,0.0203,0.0087,-0.0492,0.0008,0.9988,0.006,,,,,,,
61,Right,25,-0.0002,0.0012,0.0219,0.0000,0.0000,0.0000,1.0000,0.006,,,,,,,
62,Left,0,0.0024,-0.0053,0.0652,0.0000,0.0000,0.0000,1.0000,0.006,,,,,,,
62,Left,1,0.0000,0.0000,0.0000,0.0000,0.0000,0.0000,1.0000,0.006,0.3545,0.0521,0.0546,-0.0773,-0.4936,-0.8656,-0.0323
62,Left,2,0.0291,-0.0177,0.0353,-0.0645,0.3497,-0.5972,0.7190,0.006,,,,,,,
62,Left,3,0.0000,0.0000,0.0325,0.2052,-0.0516,0.0819,0.9739,0.006,,,,,,,
62,Left,4,0.0000,0.0000,0.0338,0.2345,0.0394,-0.0746,0.9684,0.006,,,,,,,
62,Left,5,-0.0007,0.0010,0.0246,0.0000,0.0000,0.0000,1.0000,0.006,,,,,,,
62,Left,6,0.0193,-0.0103,0.0368,0.0000,0.0000,0.0000,1.0000,0.006,,,,,,,
62,Left,7,0.0043,0.0030,0.0591,0.4848,0.0091,-0.0519,0.8731,0.006,,,,,,,
62,Left,8,0.0000,0.0000,0.0379,0.6746,0.0121,0.0226,0.7377,0.006,,,,,,,
62,Left,9,0.0000,0.0000,0.0243,0.4686,-0.0153,0.0168,0.8831,0.006,,,,,,,
62,Left,10,-0.0003,0.0010,0.0224,0.0000,0.0000,0.0000,1.0000,0.006,,,,,,,
62,Left,11,0.0031,-0.0081,0.0347,0.0000,0.0000,0.0000,1.0000,0.006,,,,,,,
62,Left,12,-0.0013,0.0055,0.0610,0.5493,-0.0283,0.0242,0.8348,0.006,,,,,,,
62,Left,13,0.0000,0.0000,0.0429,0.5777,0.0029,0.0129,0.8161,0.006,,,,,,,
62,Left,14,0.0000,0.0000,0.0275,0.4767,0.0203,0.0850,0.8747,0.006,,,,,,,
62,Left,15,-0.0003,0.0011,0.0250,0.0000,0.0000,0.0000,1.0000,0.006,,,,,,,
62,Left,16,-0.0150,-0.0060,0.0348,0.0000,0.0000,0.0000,1.0000,0.006,,,,,,,
62,Left,17,-0.0025,-0.0005,0.0539,0.5453,-0.0290,0.0747,0.8344,0.006,,,,,,,
62,Left,18,0.0000,0.0000,0.0390,0.6379,0.0191,0.0419,0.7688,0.006,,,,,,,
62,Left,19,0.0000,0.0000,0.0266,0.5286,0.0273,0.0287,0.8479,0.006,,,,,,,
62,Left,20,-0.0003,0.0016,0.0243,0.0000,0.0000,0.0000,1.0000,0.006,,,,,,,
62,Left,21,-0.0230,-0.0094,0.0341,0.0183,-0.1403,0.2070,0.9681,0.006,,,,,,,
62,Left,22,0.0000,0.0000,0.0457,0.4593,-0.0280,-0.0673,0.8853,0.006,,,,,,,
62,Left,23,0.0000,0.0000,0.0307,0.6623,-0.0059,0.0871,0.7441,0.006,,,,,,,
62,Left,24,0.0000,0.0000,0.0203,0.5393,0.0410,-0.0025,0.8411,0.006,,,,,,,
62,Left,25,0.0002,0.0012,0.0219,0.0000,0.0000,0.0000,1.0000,0.006,,,,,,,
62,Right,0,-0.0023,-0.0053,0.0652,0.0000,0.0000,0.0000,1.0000,0.006,,,,,,,
62,Right,1,0.0000,0.0000,0.0000,0.0000,0.0000,0.0000,1.0000,0.006,-0.0469,-0.2924,0.0844,0.2024,0.4463,0.8677,-0.0835
62,Right,2,-0.0289,-0.0181,0.0355,-0.0756,-0.3255,0.5995,0.7273,0.006,,,,,,,
62,Right,3,0.0000,0.0000,0.0325,0.2621,0.0459,-0.0809,0.9605,0.006,,,,,,,
62,Right,4,0.0000,0.0000,0.0338,0.1627,-0.0461,0.0775,0.9825,0.006,,,,,,,
62,Right,5,0.0007,0.0010,0.0246,0.0000,0.0000,0.0000,1.0000,0.006,,,,,,,
62,Right,6,-0.0192,-0.0105,0.0369,0.0000,0.0000,0.0000,1.0000,0.006,,,,,,,
62,Right,7,-0.0044,0.0032,0.0591,0.1901,0.0675,0.0260,0.9791,0.006,,,,,,,
62,Right,8,0.0000,0.0000,0.0379,0.2065,0.0017,-0.0263,0.9781,0.006,,,,,,,
62,Right,9,0.0000,0.0000,0.0243,0.0679,0.0249,-0.0167,0.9972,0.006,,,,,,,
62,Right,10,0.0003,0.0010,0.0224,0.0000,0.0000,0.0000,1.0000,0.006,,,,,,,
62,Right,11,-0.0029,-0.0081,0.0348,0.0000,0.0000,0.0000,1.0000,0.006,,,,,,,
62,Right,12,0.0012,0.0056,0.0609,0.2751,0.0748,-0.0256,0.9582,0.006,,,,,,,
62,Right,13,0.0000,0.0000,0.0429,0.1494,0.0026,-0.0121,0.9887,0.006,,,,,,,
62,Right,14,0.0000,0.0000,0.0275,0.0169,-0.0002,-0.0453,0.9988,0.006,,,,,,,
62,Right,15,0.0003,0.0011,0.0250,0.0000,0.0000,0.0000,1.0000,0.006,,,,,,,
62,Right,16,0.0150,-0.0060,0.0348,0.0000,0.0000,0.0000,1.0000,0.006,,,,,,,
62,Right,17,0.0025,-0.0005,0.0539,0.2113,0.0764,-0.0654,0.9722,0.006,,,,,,,
62,Right,18,0.0000,0.0000,0.0390,0.1416,-0.0018,-0.0367,0.9892,0.006,,,,,,,
62,Right,19,0.0000,0.0000,0.0266,0.0618,-0.0295,-0.0075,0.9976,0.006,,,,,,,
62,Right,20,0.0003,0.0016,0.0243,0.0000,0.0000,0.0000,1.0000,0.006,,,,,,,
62,Right,21,0.0230,-0.0094,0.0341,0.0183,0.1403,-0.2070,0.9681,0.006,,,,,,,
62,Right,22,0.0000,0.0000,0.0457,0.0882,-0.0124,0.0893,0.9920,0.006,,,,,,,
62,Right,23,0.0000,0.0000,0.0307,0.1776,0.0348,-0.0537,0.9820,0.006,,,,,,,
62,Right,24,0.0000,0.0000,0.0203,0.0087,-0.0492,0.0008,0.9988,0.006,,,,,,,
62,Right,25,-0.0002,0.0012,0.0219,0.0000,0.0000,0.0000,1.0000,0.006,,,,,,,
63,Left,0,0.0024,-0.0053,0.0652,0.0000,0.0000,0.0000,1.0000,0.006,,,,,,,
63,Left,1,0.0000,0.0000,0.0000,0.0000,0.0000,0.0000,1.0000,0.006,0.3545,0.0521,0.0546,-0.0773,-0.4936,-0.8656,-0.0323
63,Left,2,0.0291,-0.0177,0.0353,-0.0645,0.3497,-0.5972,0.7190,0.006,,,,,,,
63,Left,3,0.0000,0.0000,0.0325,0.2052,-0.0516,0.0819,0.9739,0.006,,,,,,,
63,Left,4,0.0000,0.0000,0.0338,0.2345,0.0394,-0.0746,0.9684,0.006,,,,,,,
63,Left,5,-0.0007,0.0010,0.0246,0.0000,0.0000,0.0000,1.0000,0.006,,,,,,,
63,Left,6,0.0193,-0.0103,0.0368,0.0000,0.0000,0.0000,1.0000,0.006,,,,,,,
63,Left,7,0.0043,0.0030,0.0591,0.4848,0.0091,-0.0519,0.8731,0.006,,,,,,,
63,Left,8,0.0000,0.0000,0.0379,0.6746,0.0121,0.0226,0.7377,0.006,,,,,,,
63,Left,9,0.0000,0.0000,0.0243,0.4686,-0.0153,0.0168,0.8831,0.006,,,,,,,
63,Left,10,-0.0003,0.0010,0.0224,0.0000,0.0000,0.0000,1.0000,0.006,,,,,,,
63,Left,11,0.0031,-0.0081,0.0347,0.0000,0.0000,0.0000,1.0000,0.006,,,,,,,
63,Left,12,-0.0013,0.0055,0.0610,0.5493,-0.0283,0.0242,0.8348,0.006,,,,,,,
63,Left,13,0.0000,0.0000,0.0429,0.5777,0.0029,0.0129,0.8161,0.006,,,,,,,
63,Left,14,0.0000,0.0000,0.0275,0.4767,0.0203,0.0850,0.8747,0.006,,,,,,,
63,Left,15,-0.0003,0.0011,0.0250,0.0000,0.0000,0.0000,1.0000,0.006,,,,,,,
63,Left,16,-0.0150,-0.0060,0.0348,0.0000,0.0000,0.0000,1.0000,0.006,,,,,,,
63,Left,17,-0.0025,-0.0005,0.0539,0.5453,-0.0290,0.0747,0.8344,0.006,,,,,,,
63,Left,18,0.0000,0.0000,0.0390,0.6379,0.0191,0.0419,0.7688,0.006,,,,,,,
63,Left,19,0.0000,0.0000,0.0266,0.5286,0.0273,0.0287,0.8479,0.006,,,,,,,
63,Left,20,-0.0003,0.0016,0.0243,0.0000,0.0000,0.0000,1.0000,0.006,,,,,,,
63,Left,21,-0.0230,-0.0094,0.0341,0.0183,-0.1403,0.2070,0.9681,0.006,,,,,,,
63,Left,22,0.0000,0.0000,0.0457,0.4593,-0.0280,-0.0673,0.8853,0.006,,,,,,,
63,Left,23,0.0000,0.0000,0.0307,0.6623,-0.0059,0.0871,0.7441,0.006,,,,,,,
63,Left,24,0.0000,0.0000,0.0203,0.5393,0.0410,-0.0025,0.8411,0.006,,,,,,,
63,Left,25,0.0002,0.0012,0.0219,0.0000,0.0000,0.0000,1.0000,0.006,,,,,,,
63,Right,0,-0.0023,-0.0053,0.0652,0.0000,0.0000,0.0000,1.0000,0.006,,,,,,,
63,Right,1,0.0000,0.0000,0.0000,0.0000,0.0000,0.0000,1.0000,0.006,-0.0469,-0.2924,0.0844,0.2024,0.4463,0.8677,-0.0835
63,Right,2,-0.0289,-0.0181,0.0355,-0.0756,-0.3255,0.5995,0.7273,0.006,,,,,,,
63,Right,3,0.0000,0.0000,0.0325,0.2621,0.0459,-0.0809,0.9605,0.006,,,,,,,
63,Right,4,0.0000,0.0000,0.0338,0.1627,-0.0461,0.0775,0.9825,0.006,,,,,,,
63,Right,5,0.0007,0.0010,0.0246,0.0000,0.0000,0.0000,1.0000,0.006,,,,,,,
63,Right,6,-0.0192,-0.0105,0.0369,0.0000,0.0000,0.0000,1.0000,0.006,,,,,,,
63,Right,7,-0.0044,0.0032,0.0591,0.1901,0.0675,0.0260,0.9791,0.006,,,,,,,
63,Right,8,0.0000,0.0000,0.0379,0.2065,0.0017,-0.0263,0.9781,0.006,,,,,,,
63,Right,9,0.0000,0.0000,0.0243,0.0679,0.0249,-0.0167,0.9972,0.006,,,,,,,
63,Right,10,0.0003,0.0010,0.0224,0.0000,0.0000,0.0000,1.0000,0.006,,,,,,,
63,Right,11,-0.0029,-0.0081,0.0348,0.0000,0.0000,0.0000,1.0000,0.006,,,,,,,
63,Right,12,0.0012,0.0056,0.0609,0.2751,0.0748,-0.0256,0.9582,0.006,,,,,,,
63,Right,13,0.0000,0.0000,0.0429,0.1494,0.0026,-0.0121,0.9887,0.006,,,,,,,
63,Right,14,0.0000,0.0000,0.0275,0.0169,-0.0002,-0.0453,0.9988,0.006,,,,,,,
63,Right,15,0.0003,0.0011,0.0250,0.0000,0.0000,0.0000,1.0000,0.006,,,,,,,
63,Right,16,0.0150,-0.0060,0.0348,0.0000,0.0000,0.0000,1.0000,0.006,,,,,,,
63,Right,17,0.0025,-0.0005,0.0539,0.2113,0.0764,-0.0654,0.9722,0.006,,,,,,,
63,Right,18,0.0000,0.0000,0.0390,0.1416,-0.0018,-0.0367,0.9892,0.006,,,,,,,
63,Right,19,0.0000,0.0000,0.0266,0.0618,-0.0295,-0.0075,0.9976,0.006,,,,,,,
63,Right,20,0.0003,0.0016,0.0243,0.0000,0.0000,0.0000,1.0000,0.006,,,,,,,
63,Right,21,0.0230,-0.0094,0.0341,0.0183,0.1403,-0.2070,0.9681,0.006,,,,,,,
63,Right,22,0.0000,0.0000,0.0457,0.0882,-0.0124,0.0893,0.9920,0.006,,,,,,,
63,Right,23,0.0000,0.0000,0.0307,0.1776,0.0348,-0.0537,0.9820,0.006,,,,,,,
63,Right,24,0.0000,0.0000,0.0203,0.0087,-0.0492,0.0008,0.9988,0.006,,,,,,,
63,Right,25,-0.0002,0.0012,0.0219,0.0000,0.0000,0.0000,1.0000,0.006,,,,,,,
64,Left,0,0.0024,-0.0053,0.0652,0.0000,0.0000,0.0000,1.0000,0.006,,,,,,,
64,Left,1,0.0000,0.0000,0.0000,0.0000,0.0000,0.0000,1.0000,0.006,0.3545,0.0521,0.0546,-0.0773,-0.4936,-0.8656,-0.0323
64,Left,2,0.0291,-0.0177,0.0353,-0.0645,0.3498,-0.5972,0.7190,0.006,,,,,,,
64,Left,3,0.0000,0.0000,0.0325,0.2052,-0.0516,0.0819,0.9739,0.006,,,,,,,
64,Left,4,0.0000,0.0000,0.0338,0.2345,0.0394,-0.0746,0.9684,0.006,,,,,,,
64,Left,5,-0.0007,0.0010,0.0246,0.0000,0.0000,0.0000,1.0000,0.006,,,,,,,
64,Left,6,0.0193,-0.0103,0.0368,0.0000,0.0000,0.0000,1.0000,0.006,,,,,,,
64,Left,7,0.0043,0.0030,0.0591,0.4848,0.0091,-0.0519,0.8731,0.006,,,,,,,
64,Left,8,0.0000,0.0000,0.0379,0.6746,0.0121,0.0226,0.7377,0.006,,,,,,,
64,Left,9,0.0000,0.0000,0.0243,0.4686,-0.0153,0.0168,0.8831,0.006,,,,,,,
64,Left,10,-0.0003,0.0010,0.0224,0.0000,0.0000,0.0000,1.0000,0.006,,,,,,,
64,Left,11,0.0031,-0.0081,0.0347,0.0000,0.0000,0.0000,1.0000,0.006,,,,,,,
64,Left,12,-0.0013,0.0055,0.0610,0.5493,-0.0283,0.0242,0.8348,0.006,,,,,,,
64,Left,13,0.0000,0.0000,0.0429,0.5777,0.0029,0.0129,0.8161,0.006,,,,,,,
64,Left,14,0.0000,0.0000,0.0275,0.4767,0.0203,0.0850,0.8747,0.006,,,,,,,
64,Left,15,-0.0003,0.0011,0.0250,0.0000,0.0000,0.0000,1.0000,0.006,,,,,,,
64,Left,16,-0.0150,-0.0060,0.0348,0.0000,0.0000,0.0000,1.0000,0.006,,,,,,,
64,Left,17,-0.0025,-0.0005,0.0539,0.5453,-0.0290,0.0747,0.8344,0.006,,,,,,,
64,Left,18,0.0000,0.0000,0.0390,0.6379,0.0191,0.0419,0.7688,0.006,,,,,,,
64,Left,19,0.0000,0.0000,0.0266,0.5286,0.0273,0.0287,0.8479,0.006,,,,,,,
64,Left,20,-0.0003,0.0016,0.0243,0.0000,0.0000,0.0000,1.0000,0.006,,,,,,,
64,Left,21,-0.0230,-0.0094,0.0341,0.0183,-0.1403,0.2070,0.9681,0.006,,,,,,,
64,Left,22,0.0000,0.0000,0.0457,0.4593,-0.0280,-0.0673,0.8853,0.006,,,,,,,
64,Left,23,0.0000,0.0000,0.0307,0.6623,-0.0059,0.0871,0.7441,0.006,,,,,,,
64,Left,24,0.0000,0.0000,0.0203,0.5393,0.0410,-0.0025,0.8411,0.006,,,,,,,
64,Left,25,0.0002,0.0012,0.0219,0.0000,0.0000,0.0000,1.0000,0.006,,,,,,,
64,Right,0,-0.0023,-0.0053,0.0652,0.0000,0.0000,0.0000,1.0000,0.006,,,,,,,
64,Right,1,0.0000,0.0000,0.0000,0.0000,0.0000,0.0000,1.0000,0.006,-0.0469,-0.2924,0.0844,0.2024,0.4463,0.8677,-0.0835
64,Right,2,-0.0289,-0.0181,0.0355,-0.0756,-0.3255,0.5995,0.7273,0.006,,,,,,,
64,Right,3,0.0000,0.0000,0.0325,0.2621,0.0459,-0.0809,0.9605,0.006,,,,,,,
64,Right,4,0.0000,0.0000,0.0338,0.1627,-0.0461,0.0775,0.9825,0.006,,,,,,,
64,Right,5,0.0007,0.0010,0.0246,0.0000,0.0000,0.0000,1.0000,0.006,,,,,,,
64,Right,6,-0.0192,-0.0105,0.0369,0.0000,0.0000,0.0000,1.0000,0.006,,,,,,,
64,Right,7,-0.0044,0.0032,0.0591,0.1901,0.0675,0.0260,0.9791,0.006,,,,,,,
64,Right,8,0.0000,0.0000,0.0379,0.2065,0.0017,-0.0263,0.9781,0.006,,,,,,,
64,Right,9,0.0000,0.0000,0.0243,0.0679,0.0249,-0.0167,0.9972,0.006,,,,,,,
64,Right,10,0.0003,0.0010,0.0224,0.0000,0.0000,0.0000,1.0000,0.006,,,,,,,
64,Right,11,-0.0029,-0.0081,0.0348,0.0000,0.0000,0.0000,1.0000,0.006,,,,,,,
64,Right,12,0.0012,0.0056,0.0609,0.2751,0.0748,-0.0256,0.9582,0.006,,,,,,,
64,Right,13,0.0000,0.0000,0.0429,0.1494,0.0026,-0.0121,0.9887,0.006,,,,,,,
64,Right,14,0.0000,0.0000,0.0275,0.0169,-0.0002,-0.0453,0.9988,0.006,,,,,,,
64,Right,15,0.0003,0.0011,0.0250,0.0000,0.0000,0.0000,1.0000,0.006,,,,,,,
64,Right,16,0.0150,-0.0060,0.0348,0.0000,0.0000,0.0000,1.0000,0.006,,,,,,,
64,Right,17,0.0025,-0.0005,0.0539,0.2113,0.0764,-0.0654,0.9722,0.006,,,,,,,
64,Right,18,0.0000,0.0000,0.0390,0.1416,-0.0018,-0.0367,0.9892,0.006,,,,,,,
64,Right,19,0.0000,0.0000,0.0266,0.0618,-0.0295,-0.0075,0.9976,0.006,,,,,,,
64,Right,20,0.0003,0.0016,0.0243,0.0000,0.0000,0.0000,1.0000,0.006,,,,,,,
64,Right,21,0.0230,-0.0094,0.0341,0.0183,0.1403,-0.2070,0.9681,0.006,,,,,,,
64,Right,22,0.0000,0.0000,0.0457,0.0882,-0.0124,0.0893,0.9920,0.006,,,,,,,
64,Right,23,0.0000,0.0000,0.0307,0.1776,0.0348,-0.0537,0.9820,0.006,,,,,,,
64,Right,24,0.0000,0.0000,0.0203,0.0087,-0.0492,0.0008,0.9988,0.006,,,,,,,
64,Right,25,-0.0002,0.0012,0.0219,0.0000,0.0000,0.0000,1.0000,0.006,,,,,,,
65,Left,0,0.0024,-0.0053,0.0652,0.0000,0.0000,0.0000,1.0000,0.006,,,,,,,
65,Left,1,0.0000,0.0000,0.0000,0.0000,0.0000,0.0000,1.0000,0.006,0.3545,0.0521,0.0546,-0.0773,-0.4936,-0.8656,-0.0323
65,Left,2,0.0291,-0.0177,0.0353,-0.0645,0.3498,-0.5972,0.7190,0.006,,,,,,,
65,Left,3,0.0000,0.0000,0.0325,0.2052,-0.0516,0.0819,0.9739,0.006,,,,,,,
65,Left,4,0.0000,0.0000,0.0338,0.2345,0.0394,-0.0746,0.9684,0.006,,,,,,,
65,Left,5,-0.0007,0.0010,0.0246,0.0000,0.0000,0.0000,1.0000,0.006,,,,,,,
65,Left,6,0.0193,-0.0103,0.0368,0.0000,0.0000,0.0000,1.0000,0.006,,,,,,,
65,Left,7,0.0043,0.0030,0.0591,0.4848,0.0091,-0.0519,0.8731,0.006,,,,,,,
65,Left,8,0.0000,0.0000,0.0379,0.6746,0.0121,0.0226,0.7377,0.006,,,,,,,
65,Left,9,0.0000,0.0000,0.0243,0.4687,-0.0153,0.0168,0.8831,0.006,,,,,,,
65,Left,10,-0.0003,0.0010,0.0224,0.0000,0.0000,0.0000,1.0000,0.006,,,,,,,
65,Left,11,0.0031,-0.0081,0.0347,0.0000,0.0000,0.0000,1.0000,0.006,,,,,,,
65,Left,12,-0.0013,0.0055,0.0610,0.5493,-0.0283,0.0242,0.8348,0.006,,,,,,,
65,Left,13,0.0000,0.0000,0.0429,0.5777,0.0029,0.0129,0.8161,0.006,,,,,,,
65,Left,14,0.0000,0.0000,0.0275,0.4767,0.0203,0.0850,0.8747,0.006,,,,,,,
65,Left,15,-0.0003,0.0011,0.0250,0.0000,0.0000,0.0000,1.0000,0.006,,,,,,,
65,Left,16,-0.0150,-0.0060,0.0348,0.0000,0.0000,0.0000,1.0000,0.006,,,,,,,
65,Left,17,-0.0025,-0.0005,0.0539,0.5453,-0.0290,0.0747,0.8344,0.006,,,,,,,
65,Left,18,0.0000,0.0000,0.0390,0.6379,0.0191,0.0419,0.7688,0.006,,,,,,,
65,Left,19,0.0000,0.0000,0.0266,0.5286,0.0273,0.0287,0.8479,0.006,,,,,,,
65,Left,20,-0.0003,0.0016,0.0243,0.0000,0.0000,0.0000,1.0000,0.006,,,,,,,
65,Left,21,-0.0230,-0.0094,0.0341,0.0183,-0.1403,0.2070,0.9681,0.006,,,,,,,
65,Left,22,0.0000,0.0000,0.0457,0.4593,-0.0280,-0.0673,0.8853,0.006,,,,,,,
65,Left,23,0.0000,0.0000,0.0307,0.6623,-0.0059,0.0871,0.7441,0.006,,,,,,,
65,Left,24,0.0000,0.0000,0.0203,0.5393,0.0410,-0.0025,0.8411,0.006,,,,,,,
65,Left,25,0.0002,0.0012,0.0219,0.0000,0.0000,0.0000,1.0000,0.006,,,,,,,
65,Right,0,-0.0023,-0.0053,0.0652,0.0000,0.0000,0.0000,1.0000,0.006,,,,,,,
65,Right,1,0.0000,0.0000,0.0000,0.0000,0.0000,0.0000,1.0000,0.006,-0.0469,-0.2924,0.0844,0.2024,0.4463,0.8677,-0.0835
65,Right,2,-0.0289,-0.0181,0.0355,-0.0756,-0.3255,0.5995,0.7273,0.006,,,,,,,
65,Right,3,0.0000,0.0000,0.0325,0.2621,0.0459,-0.0809,0.9605,0.006,,,,,,,
65,Right,4,0.0000,0.0000,0.0338,0.1627,-0.0461,0.0775,0.9825,0.006,,,,,,,
65,Right,5,0.0007,0.0010,0.0246,0.0000,0.0000,0.0000,1.0000,0.006,,,,,,,
65,Right,6,-0.0192,-0.0105,0.0369,0.0000,0.0000,0.0000,1.0000,0.006,,,,,,,
65,Right,7,-0.0044,0.0032,0.0591,0.1901,0.0675,0.0260,0.9791,0.006,,,,,,,
65,Right,8,0.0000,0.0000,0.0379,0.2065,0.0017,-0.0263,0.9781,0.006,,,,,,,
65,Right,9,0.0000,0.0000,0.0243,0.0679,0.0249,-0.0167,0.9972,0.006,,,,,,,
65,Right,10,0.0003,0.0010,0.0224,0.0000,0.0000,0.0000,1.0000,0.006,,,,,,,
65,Right,11,-0.0029,-0.0081,0.0348,0.0000,0.0000,0.0000,1.0000,0.006,,,,,,,
65,Right,12,0.0012,0.0056,0.0609,0.2751,0.0748,-0.0256,0.9582,0.006,,,,,,,
65,Right,13,0.0000,0.0000,0.0429,0.1494,0.0026,-0.0121,0.9887,0.006,,,,,,,
65,Right,14,0.0000,0.0000,0.0275,0.0169,-0.0002,-0.0453,0.9988,0.006,,,,,,,
65,Right,15,0.0003,0.0011,0.0250,0.0000,0.0000,0.0000,1.0000,0.006,,,,,,,
65,Right,16,0.0150,-0.0060,0.0348,0.0000,0.0000,0.0000,1.0000,0.006,,,,,,,
65,Right,17,0.0025,-0.0005,0.0539,0.2113,0.0764,-0.0654,0.9722,0.006,,,,,,,
65,Right,18,0.0000,0.0000,0.0390,0.1416,-0.0018,-0.0367,0.9892,0.006,,,,,,,
65,Right,19,0.0000,0.0000,0.0266,0.0618,-0.0295,-0.0075,0.9976,0.006,,,,,,,
65,Right,20,0.0003,0.0016,0.0243,0.0000,0.0000,0.0000,1.0000,0.006,,,,,,,
65,Right,21,0.0230,-0.0094,0.0341,0.0183,0.1403,-0.2070,0.9681,0.006,,,,,,,
65,Right,22,0.0000,0.0000,0.0457,0.0882,-0.0124,0.0893,0.9920,0.006,,,,,,,
65,Right,23,0.0000,0.0000,0.0307,0.1776,0.0348,-0.0537,0.9820,0.006,,,,,,,
65,Right,24,0.0000,0.0000,0.0203,0.0087,-0.0492,0.0008,0.9988,0.006,,,,,,,
65,Right,25,-0.0002,0.0012,0.0219,0.0000,0.0000,0.0000,1.0000,0.006,,,,,,,
66,Left,0,0.0024,-0.0053,0.0652,0.0000,0.0000,0.0000,1.0000,0.006,,,,,,,
66,Left,1,0.0000,0.0000,0.0000,0.0000,0.0000,0.0000,1.0000,0.006,0.3545,0.0521,0.0545,-0.0773,-0.4936,-0.8656,-0.0323
66,Left,2,0.0291,-0.0177,0.0353,-0.0645,0.3498,-0.5972,0.7190,0.006,,,,,,,
66,Left,3,0.0000,0.0000,0.0325,0.2052,-0.0516,0.0819,0.9739,0.006,,,,,,,
66,Left,4,0.0000,0.0000,0.0338,0.2346,0.0394,-0.0746,0.9684,0.006,,,,,,,
66,Left,5,-0.0007,0.0010,0.0246,0.0000,0.0000,0.0000,1.0000,0.006,,,,,,,
66,Left,6,0.0193,-0.0103,0.0368,0.0000,0.0000,0.0000,1.0000,0.006,,,,,,,
66,Left,7,0.0043,0.0030,0.0591,0.4848,0.0091,-0.0519,0.8731,0.006,,,,,,,
66,Left,8,0.0000,0.0000,0.0379,0.6746,0.0121,0.0226,0.7377,0.006,,,,,,,
66,Left,9,0.0000,0.0000,0.0243,0.4687,-0.0153,0.0168,0.8831,0.006,,,,,,,
66,Left,10,-0.0003,0.0010,0.0224,0.0000,0.0000,0.0000,1.0000,0.006,,,,,,,
66,Left,11,0.0031,-0.0081,0.0347,0.0000,0.0000,0.0000,1.0000,0.006,,,,,,,
66,Left,12,-0.0013,0.0055,0.0610,0.5493,-0.0283,0.0242,0.8348,0.006,,,,,,,
66,Left,13,0.0000,0.0000,0.0429,0.5777,0.0029,0.0129,0.8161,0.006,,,,,,,
66,Left,14,0.0000,0.0000,0.0275,0.4767,0.0203,0.0850,0.8747,0.006,,,,,,,
66,Left,15,-0.0003,0.0011,0.0250,0.0000,0.0000,0.0000,1.0000,0.006,,,,,,,
66,Left,16,-0.0150,-0.0060,0.0348,0.0000,0.0000,0.0000,1.0000,0.006,,,,,,,
66,Left,17,-0.0025,-0.0005,0.0539,0.5454,-0.0290,0.0747,0.8344,0.006,,,,,,,
66,Left,18,0.0000,0.0000,0.0390,0.6379,0.0191,0.0419,0.7687,0.006,,,,,,,
66,Left,19,0.0000,0.0000,0.0266,0.5286,0.0273,0.0287,0.8479,0.006,,,,,,,
66,Left,20,-0.0003,0.0016,0.0243,0.0000,0.0000,0.0000,1.0000,0.006,,,,,,,
66,Left,21,-0.0230,-0.0094,0.0341,0.0183,-0.1403,0.2070,0.9681,0.006,,,,,,,
66,Left,22,0.0000,0.0000,0.0457,0.4594,-0.0280,-0.0673,0.8853,0.006,,,,,,,
66,Left,23,0.0000,0.0000,0.0307,0.6623,-0.0059,0.0871,0.7441,0.006,,,,,,,
66,Left,24,0.0000,0.0000,0.0203,0.5393,0.0410,-0.0025,0.8411,0.006,,,,,,,
66,Left,25,0.0002,0.0012,0.0219,0.0000,0.0000,0.0000,1.0000,0.006,,,,,,,
66,Right,0,-0.0023,-0.0053,0.0652,0.0000,0.0000,0.0000,1.0000,0.006,,,,,,,
66,Right,1,0.0000,0.0000,0.0000,0.0000,0.0000,0.0000,1.0000,0.006,-0.0469,-0.2924,0.0844,0.2024,0.4463,0.8677,-0.0835
66,Right,2,-0.0289,-0.0181,0.0355,-0.0756,-0.3255,0.5995,0.7273,0.006,,,,,,,
66,Right,3,0.0000,0.0000,0.0325,0.2621,0.0459,-0.0809,0.9605,0.006,,,,,,,
66,Right,4,0.0000,0.0000,0.0338,0.1627,-0.0461,0.0775,0.9825,0.006,,,,,,,
66,Right,5,0.0007,0.0010,0.0246,0.0000,0.0000,0.0000,1.0000,0.006,,,,,,,
66,Right,6,-0.0192,-0.0105,0.0369,0.0000,0.0000,0.0000,1.0000,0.006,,,,,,,
66,Right,7,-0.0044,0.0032,0.0591,0.1901,0.0675,0.0260,0.9791,0.006,,,,,,,
66,Right,8,0.0000,0.0000,0.0379,0.2065,0.0017,-0.0263,0.9781,0.006,,,,,,,
66,Right,9,0.0000,0.0000,0.0243,0.0679,0.0249,-0.0167,0.9972,0.006,,,,,,,
66,Right,10,0.0003,0.0010,0.0224,0.0000,0.0000,0.0000,1.0000,0.006,,,,,,,
66,Right,11,-0.0029,-0.0081,0.0348,0.0000,0.0000,0.0000,1.0000,0.006,,,,,,,
66,Right,12,0.0012,0.0056,0.0609,0.2751,0.0748,-0.0256,0.9582,0.006,,,,,,,
66,Right,13,0.0000,0.0000,0.0429,0.1494,0.0026,-0.0121,0.9887,0.006,,,,,,,
66,Right,14,0.0000,0.0000,0.0275,0.0169,-0.0002,-0.0453,0.9988,0.006,,,,,,,
66,Right,15,0.0003,0.0011,0.0250,0.0000,0.0000,0.0000,1.0000,0.006,,,,,,,
66,Right,16,0.0150,-0.0060,0.0348,0.0000,0.0000,0.0000,1.0000,0.006,,,,,,,
66,Right,17,0.0025,-0.0005,0.0539,0.2113,0.0764,-0.0654,0.9722,0.006,,,,,,,
66,Right,18,0.0000,0.0000,0.0390,0.1416,-0.0018,-0.0367,0.9892,0.006,,,,,,,
66,Right,19,0.0000,0.0000,0.0266,0.0618,-0.0295,-0.0075,0.9976,0.006,,,,,,,
66,Right,20,0.0003,0.0016,0.0243,0.0000,0.0000,0.0000,1.0000,0.006,,,,,,,
66,Right,21,0.0230,-0.0094,0.0341,0.0183,0.1403,-0.2070,0.9681,0.006,,,,,,,
66,Right,22,0.0000,0.0000,0.0457,0.0882,-0.0124,0.0893,0.9920,0.006,,,,,,,
66,Right,23,0.0000,0.0000,0.0307,0.1776,0.0348,-0.0537,0.9820,0.006,,,,,,,
66,Right,24,0.0000,0.0000,0.0203,0.0087,-0.0492,0.0008,0.9988,0.006,,,,,,,
66,Right,25,-0.0002,0.0012,0.0219,0.0000,0.0000,0.0000,1.0000,0.006,,,,,,,
67,Left,0,0.0024,-0.0053,0.0652,0.0000,0.0000,0.0000,1.0000,0.007,,,,,,,
67,Left,1,0.0000,0.0000,0.0000,0.0000,0.0000,0.0000,1.0000,0.007,0.3545,0.0521,0.0545,-0.0773,-0.4936,-0.8656,-0.0323
67,Left,2,0.0291,-0.0177,0.0353,-0.0645,0.3498,-0.5972,0.7190,0.007,,,,,,,
67,Left,3,0.0000,0.0000,0.0325,0.2052,-0.0516,0.0819,0.9739,0.007,,,,,,,
67,Left,4,0.0000,0.0000,0.0338,0.2346,0.0394,-0.0746,0.9684,0.007,,,,,,,
67,Left,5,-0.0007,0.0010,0.0246,0.0000,0.0000,0.0000,1.0000,0.007,,,,,,,
67,Left,6,0.0193,-0.0103,0.0368,0.0000,0.0000,0.0000,1.0000,0.007,,,,,,,
67,Left,7,0.0043,0.0030,0.0591,0.4848,0.0091,-0.0519,0.8731,0.007,,,,,,,
67,Left,8,0.0000,0.0000,0.0379,0.6746,0.0121,0.0226,0.7377,0.007,,,,,,,
67,Left,9,0.0000,0.0000,0.0243,0.4687,-0.0153,0.0168,0.8831,0.007,,,,,,,
67,Left,10,-0.0003,0.0010,0.0224,0.0000,0.0000,0.0000,1.0000,0.007,,,,,,,
67,Left,11,0.0031,-0.0081,0.0347,0.0000,0.0000,0.0000,1.0000,0.007,,,,,,,
67,Left,12,-0.0013,0.0055,0.0610,0.5493,-0.0283,0.0242,0.8348,0.007,,,,,,,
67,Left,13,0.0000,0.0000,0.0429,0.5777,0.0029,0.0129,0.8161,0.007,,,,,,,
67,Left,14,0.0000,0.0000,0.0275,0.4767,0.0203,0.0850,0.8747,0.007,,,,,,,
67,Left,15,-0.0003,0.0011,0.0250,0.0000,0.0000,0.0000,1.0000,0.007,,,,,,,
67,Left,16,-0.0150,-0.0060,0.0348,0.0000,0.0000,0.0000,1.0000,0.007,,,,,,,
67,Left,17,-0.0025,-0.0005,0.0539,0.5454,-0.0290,0.0747,0.8344,0.007,,,,,,,
67,Left,18,0.0000,0.0000,0.0390,0.6379,0.0191,0.0419,0.7687,0.007,,,,,,,
67,Left,19,0.0000,0.0000,0.0266,0.5287,0.0273,0.0287,0.8479,0.007,,,,,,,
67,Left,20,-0.0003,0.0016,0.0243,0.0000,0.0000,0.0000,1.0000,0.007,,,,,,,
67,Left,21,-0.0230,-0.0094,0.0341,0.0183,-0.1403,0.2070,0.9681,0.007,,,,,,,
67,Left,22,0.0000,0.0000,0.0457,0.4594,-0.0280,-0.0673,0.8853,0.007,,,,,,,
67,Left,23,0.0000,0.0000,0.0307,0.6623,-0.0059,0.0871,0.7441,0.007,,,,,,,
67,Left,24,0.0000,0.0000,0.0203,0.5393,0.0410,-0.0025,0.8411,0.007,,,,,,,
67,Left,25,0.0002,0.0012,0.0219,0.0000,0.0000,0.0000,1.0000,0.007,,,,,,,
67,Right,0,-0.0023,-0.0053,0.0652,0.0000,0.0000,0.0000,1.0000,0.007,,,,,,,
67,Right,1,0.0000,0.0000,0.0000,0.0000,0.0000,0.0000,1.0000,0.007,-0.0469,-0.2924,0.0844,0.2024,0.4463,0.8677,-0.0835
67,Right,2,-0.0289,-0.0181,0.0355,-0.0756,-0.3255,0.5995,0.7273,0.007,,,,,,,
67,Right,3,0.0000,0.0000,0.0325,0.2621,0.0459,-0.0809,0.9605,0.007,,,,,,,
67,Right,4,0.0000,0.0000,0.0338,0.1627,-0.0461,0.0775,0.9825,0.007,,,,,,,
67,Right,5,0.0007,0.0010,0.0246,0.0000,0.0000,0.0000,1.0000,0.007,,,,,,,
67,Right,6,-0.0192,-0.0105,0.0369,0.0000,0.0000,0.0000,1.0000,0.007,,,,,,,
67,Right,7,-0.0044,0.0032,0.0591,0.1901,0.0675,0.0260,0.9791,0.007,,,,,,,
67,Right,8,0.0000,0.0000,0.0379,0.2065,0.0017,-0.0263,0.9781,0.007,,,,,,,
67,Right,9,0.0000,0.0000,0.0243,0.0679,0.0249,-0.0167,0.9972,0.007,,,,,,,
67,Right,10,0.0003,0.0010,0.0224,0.0000,0.0000,0.0000,1.0000,0.007,,,,,,,
67,Right,11,-0.0029,-0.0081,0.0348,0.0000,0.0000,0.0000,1.0000,0.007,,,,,,,
67,Right,12,0.0012,0.0056,0.0609,0.2751,0.0748,-0.0256,0.9582,0.007,,,,,,,
67,Right,13,0.0000,0.0000,0.0429,0.1494,0.0026,-0.0121,0.9887,0.007,,,,,,,
67,Right,14,0.0000,0.0000,0.0275,0.0169,-0.0002,-0.0453,0.9988,0.007,,,,,,,
67,Right,15,0.0003,0.0011,0.0250,0.0000,0.0000,0.0000,1.0000,0.007,,,,,,,
67,Right,16,0.0150,-0.0060,0.0348,0.0000,0.0000,0.0000,1.0000,0.007,,,,,,,
67,Right,17,0.0025,-0.0005,0.0539,0.2113,0.0764,-0.0654,0.9722,0.007,,,,,,,
67,Right,18,0.0000,0.0000,0.0390,0.1416,-0.0018,-0.0367,0.9892,0.007,,,,,,,
67,Right,19,0.0000,0.0000,0.0266,0.0618,-0.0295,-0.0075,0.9976,0.007,,,,,,,
67,Right,20,0.0003,0.0016,0.0243,0.0000,0.0000,0.0000,1.0000,0.007,,,,,,,
67,Right,21,0.0230,-0.0094,0.0341,0.0183,0.1403,-0.2070,0.9681,0.007,,,,,,,
67,Right,22,0.0000,0.0000,0.0457,0.0882,-0.0124,0.0893,0.9920,0.007,,,,,,,
67,Right,23,0.0000,0.0000,0.0307,0.1776,0.0348,-0.0537,0.9820,0.007,,,,,,,
67,Right,24,0.0000,0.0000,0.0203,0.0087,-0.0492,0.0008,0.9988,0.007,,,,,,,
67,Right,25,-0.0002,0.0012,0.0219,0.0000,0.0000,0.0000,1.0000,0.007,,,,,,,
68,Left,0,0.0024,-0.0053,0.0652,0.0000,0.0000,0.0000,1.0000,0.007,,,,,,,
68,Left,1,0.0000,0.0000,0.0000,0.0000,0.0000,0.0000,1.0000,0.007,0.3545,0.0521,0.0545,-0.0774,-0.4936,-0.8656,-0.0323
68,Left,2,0.0291,-0.0177,0.0353,-0.0645,0.3498,-0.5972,0.7190,0.007,,,,,,,
68,Left,3,0.0000,0.0000,0.0325,0.2052,-0.0516,0.0819,0.9739,0.007,,,,,,,
68,Left,4,0.0000,0.0000,0.0338,0.2346,0.0394,-0.0746,0.9684,0.007,,,,,,,
68,Left,5,-0.0007,0.0010,0.0246,0.0000,0.0000,0.0000,1.0000,0.007,,,,,,,
68,Left,6,0.0193,-0.0103,0.0368,0.0000,0.0000,0.0000,1.0000,0.007,,,,,,,
68,Left,7,0.0043,0.0030,0.0591,0.4848,0.0091,-0.0519,0.8730,0.007,,,,,,,
68,Left,8,0.0000,0.0000,0.0379,0.6746,0.0121,0.0226,0.7377,0.007,,,,,,,
68,Left,9,0.0000,0.0000,0.0243,0.4687,-0.0153,0.0168,0.8831,0.007,,,,,,,
68,Left,10,-0.0003,0.0010,0.0224,0.0000,0.0000,0.0000,1.0000,0.007,,,,,,,
68,Left,11,0.0031,-0.0081,0.0347,0.0000,0.0000,0.0000,1.0000,0.007,,,,,,,
68,Left,12,-0.0013,0.0055,0.0610,0.5493,-0.0283,0.0242,0.8348,0.007,,,,,,,
68,Left,13,0.0000,0.0000,0.0429,0.5777,0.0029,0.0129,0.8161,0.007,,,,,,,
68,Left,14,0.0000,0.0000,0.0275,0.4767,0.0203,0.0850,0.8747,0.007,,,,,,,
68,Left,15,-0.0003,0.0011,0.0250,0.0000,0.0000,0.0000,1.0000,0.007,,,,,,,
68,Left,16,-0.0150,-0.0060,0.0348,0.0000,0.0000,0.0000,1.0000,0.007,,,,,,,
68,Left,17,-0.0025,-0.0005,0.0539,0.5454,-0.0290,0.0747,0.8344,0.007,,,,,,,
68,Left,18,0.0000,0.0000,0.0390,0.6379,0.0191,0.0419,0.7687,0.007,,,,,,,
68,Left,19,0.0000,0.0000,0.0266,0.5287,0.0273,0.0287,0.8479,0.007,,,,,,,
68,Left,20,-0.0003,0.0016,0.0243,0.0000,0.0000,0.0000,1.0000,0.007,,,,,,,
68,Left,21,-0.0230,-0.0094,0.0341,0.0183,-0.1403,0.2070,0.9681,0.007,,,,,,,
68,Left,22,0.0000,0.0000,0.0457,0.4594,-0.0280,-0.0673,0.8852,0.007,,,,,,,
68,Left,23,0.0000,0.0000,0.0307,0.6623,-0.0059,0.0871,0.7441,0.007,,,,,,,
68,Left,24,0.0000,0.0000,0.0203,0.5393,0.0410,-0.0025,0.8411,0.007,,,,,,,
68,Left,25,0.0002,0.0012,0.0219,0.0000,0.0000,0.0000,1.0000,0.007,,,,,,,
68,Right,0,-0.0023,-0.0053,0.0652,0.0000,0.0000,0.0000,1.0000,0.007,,,,,,,
68,Right,1,0.0000,0.0000,0.0000,0.0000,0.0000,0.0000,1.0000,0.007,-0.0469,-0.2924,0.0844,0.2024,0.4463,0.8677,-0.0835
68,Right,2,-0.0289,-0.0181,0.0355,-0.0756,-0.3255,0.5995,0.7273,0.007,,,,,,,
68,Right,3,0.0000,0.0000,0.0325,0.2621,0.0459,-0.0809,0.9605,0.007,,,,,,,
68,Right,4,0.0000,0.0000,0.0338,0.1627,-0.0461,0.0775,0.9825,0.007,,,,,,,
68,Right,5,0.0007,0.0010,0.0246,0.0000,0.0000,0.0000,1.0000,0.007,,,,,,,
68,Right,6,-0.0192,-0.0105,0.0369,0.0000,0.0000,0.0000,1.0000,0.007,,,,,,,
68,Right,7,-0.0044,0.0032,0.0591,0.1901,0.0675,0.0260,0.9791,0.007,,,,,,,
68,Right,8,0.0000,0.0000,0.0379,0.2065,0.0017,-0.0263,0.9781,0.007,,,,,,,
68,Right,9,0.0000,0.0000,0.0243,0.0679,0.0249,-0.0167,0.9972,0.007,,,,,,,
68,Right,10,0.0003,0.0010,0.0224,0.0000,0.0000,0.0000,1.0000,0.007,,,,,,,
68,Right,11,-0.0029,-0.0081,0.0348,0.0000,0.0000,0.0000,1.0000,0.007,,,,,,,
68,Right,12,0.0012,0.0056,0.0609,0.2751,0.0748,-0.0256,0.9582,0.007,,,,,,,
68,Right,13,0.0000,0.0000,0.0429,0.1494,0.0026,-0.0121,0.9887,0.007,,,,,,,
68,Right,14,0.0000,0.0000,0.0275,0.0169,-0.0002,-0.0453,0.9988,0.007,,,,,,,
68,Right,15,0.0003,0.0011,0.0250,0.0000,0.0000,0.0000,1.0000,0.007,,,,,,,
68,Right,16,0.0150,-0.0060,0.0348,0.0000,0.0000,0.0000,1.0000,0.007,,,,,,,
68,Right,17,0.0025,-0.0005,0.0539,0.2113,0.0764,-0.0654,0.9722,0.007,,,,,,,
68,Right,18,0.0000,0.0000,0.0390,0.1416,-0.0018,-0.0367,0.9892,0.007,,,,,,,
68,Right,19,0.0000,0.0000,0.0266,0.0618,-0.0295,-0.0075,0.9976,0.007,,,,,,,
68,Right,20,0.0003,0.0016,0.0243,0.0000,0.0000,0.0000,1.0000,0.007,,,,,,,
68,Right,21,0.0230,-0.0094,0.0341,0.0183,0.1403,-0.2070,0.9681,0.007,,,,,,,
68,Right,22,0.0000,0.0000,0.0457,0.0882,-0.0124,0.0893,0.9920,0.007,,,,,,,
68,Right,23,0.0000,0.0000,0.0307,0.1776,0.0348,-0.0537,0.9820,0.007,,,,,,,
68,Right,24,0.0000,0.0000,0.0203,0.0087,-0.0492,0.0008,0.9988,0.007,,,,,,,
68,Right,25,-0.0002,0.0012,0.0219,0.0000,0.0000,0.0000,1.0000,0.007,,,,,,,
69,Left,0,0.0024,-0.0053,0.0652,0.0000,0.0000,0.0000,1.0000,0.007,,,,,,,
69,Left,1,0.0000,0.0000,0.0000,0.0000,0.0000,0.0000,1.0000,0.007,0.3545,0.0521,0.0545,-0.0774,-0.4936,-0.8656,-0.0323
69,Left,2,0.0291,-0.0177,0.0353,-0.0645,0.3498,-0.5972,0.7190,0.007,,,,,,,
69,Left,3,0.0000,0.0000,0.0325,0.2052,-0.0516,0.0819,0.9739,0.007,,,,,,,
69,Left,4,0.0000,0.0000,0.0338,0.2346,0.0394,-0.0746,0.9684,0.007,,,,,,,
69,Left,5,-0.0007,0.0010,0.0246,0.0000,0.0000,0.0000,1.0000,0.007,,,,,,,
69,Left,6,0.0193,-0.0103,0.0368,0.0000,0.0000,0.0000,1.0000,0.007,,,,,,,
69,Left,7,0.0043,0.0030,0.0591,0.4848,0.0091,-0.0519,0.8730,0.007,,,,,,,
69,Left,8,0.0000,0.0000,0.0379,0.6746,0.0121,0.0226,0.7377,0.007,,,,,,,
69,Left,9,0.0000,0.0000,0.0243,0.4687,-0.0153,0.0168,0.8831,0.007,,,,,,,
69,Left,10,-0.0003,0.0010,0.0224,0.0000,0.0000,0.0000,1.0000,0.007,,,,,,,
69,Left,11,0.0031,-0.0081,0.0347,0.0000,0.0000,0.0000,1.0000,0.007,,,,,,,
69,Left,12,-0.0013,0.0055,0.0610,0.5493,-0.0283,0.0242,0.8348,0.007,,,,,,,
69,Left,13,0.0000,0.0000,0.0429,0.5777,0.0029,0.0129,0.8161,0.007,,,,,,,
69,Left,14,0.0000,0.0000,0.0275,0.4767,0.0203,0.0851,0.8747,0.007,,,,,,,
69,Left,15,-0.0003,0.0011,0.0250,0.0000,0.0000,0.0000,1.0000,0.007,,,,,,,
69,Left,16,-0.0150,-0.0060,0.0348,0.0000,0.0000,0.0000,1.0000,0.007,,,,,,,
69,Left,17,-0.0025,-0.0005,0.0539,0.5454,-0.0290,0.0747,0.8344,0.007,,,,,,,
69,Left,18,0.0000,0.0000,0.0390,0.6379,0.0191,0.0419,0.7687,0.007,,,,,,,
69,Left,19,0.0000,0.0000,0.0266,0.5287,0.0273,0.0287,0.8479,0.007,,,,,,,
69,Left,20,-0.0003,0.0016,0.0243,0.0000,0.0000,0.0000,1.0000,0.007,,,,,,,
69,Left,21,-0.0230,-0.0094,0.0341,0.0183,-0.1403,0.2070,0.9681,0.007,,,,,,,
69,Left,22,0.0000,0.0000,0.0457,0.4594,-0.0280,-0.0674,0.8852,0.007,,,,,,,
69,Left,23,0.0000,0.0000,0.0307,0.6623,-0.0059,0.0871,0.7441,0.007,,,,,,,
69,Left,24,0.0000,0.0000,0.0203,0.5393,0.0410,-0.0025,0.8411,0.007,,,,,,,
69,Left,25,0.0002,0.0012,0.0219,0.0000,0.0000,0.0000,1.0000,0.007,,,,,,,
69,Right,0,-0.0023,-0.0053,0.0652,0.0000,0.0000,0.0000,1.0000,0.007,,,,,,,
69,Right,1,0.0000,0.0000,0.0000,0.0000,0.0000,0.0000,1.0000,0.007,-0.0469,-0.2924,0.0844,0.2024,0.4463,0.8677,-0.0835
69,Right,2,-0.0289,-0.0181,0.0355,-0.0756,-0.3255,0.5995,0.7273,0.007,,,,,,,
69,Right,3,0.0000,0.0000,0.0325,0.2621,0.0459,-0.0809,0.9605,0.007,,,,,,,
69,Right,4,0.0000,0.0000,0.0338,0.1627,-0.0461,0.0775,0.9825,0.007,,,,,,,
69,Right,5,0.0007,0.0010,0.0246,0.0000,0.0000,0.0000,1.0000,0.007,,,,,,,
69,Right,6,-0.0192,-0.0105,0.0369,0.0000,0.0000,0.0000,1.0000,0.007,,,,,,,
69,Right,7,-0.0044,0.0032,0.0591,0.1901,0.0675,0.0260,0.9791,0.007,,,,,,,
69,Right,8,0.0000,0.0000,0.0379,0.2065,0.0017,-0.0263,0.9781,0.007,,,,,,,
69,Right,9,0.0000,0.0000,0.0243,0.0679,0.0249,-0.0167,0.9972,0.007,,,,,,,
69,Right,10,0.0003,0.0010,0.0224,0.0000,0.0000,0.0000,1.0000,0.007,,,,,,,
69,Right,11,-0.0029,-0.0081,0.0348,0.0000,0.0000,0.0000,1.0000,0.007,,,,,,,
69,Right,12,0.0012,0.0056,0.0609,0.2751,0.0748,-0.0256,0.9582,0.007,,,,,,,
69,Right,13,0.0000,0.0000,0.0429,0.1494,0.0026,-0.0121,0.9887,0.007,,,,,,,
69,Right,14,0.0000,0.0000,0.0275,0.0169,-0.0002,-0.0453,0.9988,0.007,,,,,,,
69,Right,15,0.0003,0.0011,0.0250,0.0000,0.0000,0.0000,1.0000,0.007,,,,,,,
69,Right,16,0.0150,-0.0060,0.0348,0.0000,0.0000,0.0000,1.0000,0.007,,,,,,,
69,Right,17,0.0025,-0.0005,0.0539,0.2113,0.0764,-0.0654,0.9722,0.007,,,,,,,
69,Right,18,0.0000,0.0000,0.0390,0.1416,-0.0018,-0.0367,0.9892,0.007,,,,,,,
69,Right,19,0.0000,0.0000,0.0266,0.0618,-0.0295,-0.0075,0.9976,0.007,,,,,,,
69,Right,20,0.0003,0.0016,0.0243,0.0000,0.0000,0.0000,1.0000,0.007,,,,,,,
69,Right,21,0.0230,-0.0094,0.0341,0.0183,0.1403,-0.2070,0.9681,0.007,,,,,,,
69,Right,22,0.0000,0.0000,0.0457,0.0882,-0.0124,0.0893,0.9920,0.007,,,,,,,
69,Right,23,0.0000,0.0000,0.0307,0.1776,0.0348,-0.0537,0.9820,0.007,,,,,,,
69,Right,24,0.0000,0.0000,0.0203,0.0087,-0.0492,0.0008,0.9988,0.007,,,,,,,
69,Right,25,-0.0002,0.0012,0.0219,0.0000,0.0000,0.0000,1.0000,0.007,,,,,,,
70,Left,0,0.0024,-0.0053,0.0652,0.0000,0.0000,0.0000,1.0000,0.007,,,,,,,
70,Left,1,0.0000,0.0000,0.0000,0.0000,0.0000,0.0000,1.0000,0.007,0.3545,0.0521,0.0545,-0.0774,-0.4936,-0.8656,-0.0323
70,Left,2,0.0291,-0.0177,0.0353,-0.0645,0.3498,-0.5972,0.7190,0.007,,,,,,,
70,Left,3,0.0000,0.0000,0.0325,0.2052,-0.0516,0.0819,0.9739,0.007,,,,,,,
70,Left,4,0.0000,0.0000,0.0338,0.2346,0.0394,-0.0746,0.9684,0.007,,,,,,,
70,Left,5,-0.0007,0.0010,0.0246,0.0000,0.0000,0.0000,1.0000,0.007,,,,,,,
70,Left,6,0.0193,-0.0103,0.0368,0.0000,0.0000,0.0000,1.0000,0.007,,,,,,,
70,Left,7,0.0043,0.0030,0.0591,0.4848,0.0091,-0.0519,0.8730,0.007,,,,,,,
70,Left,8,0.0000,0.0000,0.0379,0.6746,0.0121,0.0226,0.7377,0.007,,,,,,,
70,Left,9,0.0000,0.0000,0.0243,0.4687,-0.0153,0.0168,0.8831,0.007,,,,,,,
70,Left,10,-0.0003,0.0010,0.0224,0.0000,0.0000,0.0000,1.0000,0.007,,,,,,,
70,Left,11,0.0031,-0.0081,0.0347,0.0000,0.0000,0.0000,1.0000,0.007,,,,,,,
70,Left,12,-0.0013,0.0055,0.0610,0.5493,-0.0283,0.0242,0.8348,0.007,,,,,,,
70,Left,13,0.0000,0.0000,0.0429,0.5777,0.0029,0.0129,0.8161,0.007,,,,,,,
70,Left,14,0.0000,0.0000,0.0275,0.4767,0.0203,0.0851,0.8747,0.007,,,,,,,
70,Left,15,-0.0003,0.0011,0.0250,0.0000,0.0000,0.0000,1.0000,0.007,,,,,,,
70,Left,16,-0.0150,-0.0060,0.0348,0.0000,0.0000,0.0000,1.0000,0.007,,,,,,,
70,Left,17,-0.0025,-0.0005,0.0539,0.5454,-0.0290,0.0747,0.8343,0.007,,,,,,,
70,Left,18,0.0000,0.0000,0.0390,0.6379,0.0191,0.0419,0.7687,0.007,,,,,,,
70,Left,19,0.0000,0.0000,0.0266,0.5287,0.0273,0.0287,0.8479,0.007,,,,,,,
70,Left,20,-0.0003,0.0016,0.0243,0.0000,0.0000,0.0000,1.0000,0.007,,,,,,,
70,Left,21,-0.0230,-0.0094,0.0341,0.0183,-0.1403,0.2070,0.9681,0.007,,,,,,,
70,Left,22,0.0000,0.0000,0.0457,0.4594,-0.0280,-0.0674,0.8852,0.007,,,,,,,
70,Left,23,0.0000,0.0000,0.0307,0.6624,-0.0059,0.0871,0.7441,0.007,,,,,,,
70,Left,24,0.0000,0.0000,0.0203,0.5393,0.0410,-0.0025,0.8411,0.007,,,,,,,
70,Left,25,0.0002,0.0012,0.0219,0.0000,0.0000,0.0000,1.0000,0.007,,,,,,,
70,Right,0,-0.0023,-0.0053,0.0652,0.0000,0.0000,0.0000,1.0000,0.007,,,,,,,
70,Right,1,0.0000,0.0000,0.0000,0.0000,0.0000,0.0000,1.0000,0.007,-0.0469,-0.2924,0.0844,0.2024,0.4463,0.8677,-0.0835
70,Right,2,-0.0289,-0.0181,0.0355,-0.0756,-0.3255,0.5995,0.7273,0.007,,,,,,,
70,Right,3,0.0000,0.0000,0.0325,0.2621,0.0459,-0.0809,0.9605,0.007,,,,,,,
70,Right,4,0.0000,0.0000,0.0338,0.1627,-0.0461,0.0775,0.9825,0.007,,,,,,,
70,Right,5,0.0007,0.0010,0.0246,0.0000,0.0000,0.0000,1.0000,0.007,,,,,,,
70,Right,6,-0.0192,-0.0105,0.0369,0.0000,0.0000,0.0000,1.0000,0.007,,,,,,,
70,Right,7,-0.0044,0.0032,0.0591,0.1901,0.0675,0.0260,0.9791,0.007,,,,,,,
70,Right,8,0.0000,0.0000,0.0379,0.2065,0.0017,-0.0263,0.9781,0.007,,,,,,,
70,Right,9,0.0000,0.0000,0.0243,0.0679,0.0249,-0.0167,0.9972,0.007,,,,,,,
70,Right,10,0.0003,0.0010,0.0224,0.0000,0.0000,0.0000,1.0000,0.007,,,,,,,
70,Right,11,-0.0029,-0.0081,0.0348,0.0000,0.0000,0.0000,1.0000,0.007,,,,,,,
70,Right,12,0.0012,0.0056,0.0609,0.2751,0.0748,-0.0256,0.9582,0.007,,,,,,,
70,Right,13,0.0000,0.0000,0.0429,0.1494,0.0026,-0.0121,0.9887,0.007,,,,,,,
70,Right,14,0.0000,0.0000,0.0275,0.0169,-0.0002,-0.0453,0.9988,0.007,,,,,,,
70,Right,15,0.0003,0.0011,0.0250,0.0000,0.0000,0.0000,1.0000,0.007,,,,,,,
70,Right,16,0.0150,-0.0060,0.0348,0.0000,0.0000,0.0000,1.0000,0.007,,,,,,,
70,Right,17,0.0025,-0.0005,0.0539,0.2113,0.0764,-0.0654,0.9722,0.007,,,,,,,
70,Right,18,0.0000,0.0000,0.0390,0.1416,-0.0018,-0.0367,0.9892,0.007,,,,,,,
70,Right,19,0.0000,0.0000,0.0266,0.0618,-0.0295,-0.0075,0.9976,0.007,,,,,,,
70,Right,20,0.0003,0.0016,0.0243,0.0000,0.0000,0.0000,1.0000,0.007,,,,,,,
70,Right,21,0.0230,-0.0094,0.0341,0.0183,0.1403,-0.2070,0.9681,0.007,,,,,,,
70,Right,22,0.0000,0.0000,0.0457,0.0882,-0.0124,0.0893,0.9920,0.007,,,,,,,
70,Right,23,0.0000,0.0000,0.0307,0.1776,0.0348,-0.0537,0.9820,0.007,,,,,,,
70,Right,24,0.0000,0.0000,0.0203,0.0087,-0.0492,0.0008,0.9988,0.007,,,,,,,
70,Right,25,-0.0002,0.0012,0.0219,0.0000,0.0000,0.0000,1.0000,0.007,,,,,,,
71,Left,0,0.0024,-0.0053,0.0652,0.0000,0.0000,0.0000,1.0000,0.007,,,,,,,
71,Left,1,0.0000,0.0000,0.0000,0.0000,0.0000,0.0000,1.0000,0.007,0.3545,0.0521,0.0545,-0.0774,-0.4936,-0.8656,-0.0323
71,Left,2,0.0291,-0.0177,0.0353,-0.0645,0.3498,-0.5972,0.7190,0.007,,,,,,,
71,Left,3,0.0000,0.0000,0.0325,0.2052,-0.0516,0.0819,0.9739,0.007,,,,,,,
71,Left,4,0.0000,0.0000,0.0338,0.2346,0.0393,-0.0746,0.9684,0.007,,,,,,,
71,Left,5,-0.0007,0.0010,0.0246,0.0000,0.0000,0.0000,1.0000,0.007,,,,,,,
71,Left,6,0.0193,-0.0103,0.0368,0.0000,0.0000,0.0000,1.0000,0.007,,,,,,,
71,Left,7,0.0043,0.0030,0.0591,0.4848,0.0091,-0.0518,0.8730,0.007,,,,,,,
71,Left,8,0.0000,0.0000,0.0379,0.6746,0.0121,0.0226,0.7377,0.007,,,,,,,
71,Left,9,0.0000,0.0000,0.0243,0.4687,-0.0153,0.0168,0.8831,0.007,,,,,,,
71,Left,10,-0.0003,0.0010,0.0224,0.0000,0.0000,0.0000,1.0000,0.007,,,,,,,
71,Left,11,0.0031,-0.0081,0.0347,0.0000,0.0000,0.0000,1.0000,0.007,,,,,,,
71,Left,12,-0.0013,0.0055,0.0610,0.5493,-0.0283,0.0242,0.8348,0.007,,,,,,,
71,Left,13,0.0000,0.0000,0.0429,0.5778,0.0029,0.0129,0.8161,0.007,,,,,,,
71,Left,14,0.0000,0.0000,0.0275,0.4768,0.0204,0.0851,0.8747,0.007,,,,,,,
71,Left,15,-0.0003,0.0011,0.0250,0.0000,0.0000,0.0000,1.0000,0.007,,,,,,,
71,Left,16,-0.0150,-0.0060,0.0348,0.0000,0.0000,0.0000,1.0000,0.007,,,,,,,
71,Left,17,-0.0025,-0.0005,0.0539,0.5454,-0.0290,0.0747,0.8343,0.007,,,,,,,
71,Left,18,0.0000,0.0000,0.0390,0.6379,0.0191,0.0419,0.7687,0.007,,,,,,,
71,Left,19,0.0000,0.0000,0.0266,0.5287,0.0273,0.0287,0.8479,0.007,,,,,,,
71,Left,20,-0.0003,0.0016,0.0243,0.0000,0.0000,0.0000,1.0000,0.007,,,,,,,
71,Left,21,-0.0230,-0.0094,0.0341,0.0183,-0.1403,0.2070,0.9681,0.007,,,,,,,
71,Left,22,0.0000,0.0000,0.0457,0.4594,-0.0280,-0.0674,0.8852,0.007,,,,,,,
71,Left,23,0.0000,0.0000,0.0307,0.6624,-0.0059,0.0871,0.7441,0.007,,,,,,,
71,Left,24,0.0000,0.0000,0.0203,0.5393,0.0410,-0.0025,0.8411,0.007,,,,,,,
71,Left,25,0.0002,0.0012,0.0219,0.0000,0.0000,0.0000,1.0000,0.007,,,,,,,
71,Right,0,-0.0023,-0.0053,0.0652,0.0000,0.0000,0.0000,1.0000,0.007,,,,,,,
71,Right,1,0.0000,0.0000,0.0000,0.0000,0.0000,0.0000,1.0000,0.007,-0.0469,-0.2924,0.0844,0.2024,0.4463,0.8677,-0.0835
71,Right,2,-0.0289,-0.0181,0.0355,-0.0756,-0.3255,0.5995,0.7273,0.007,,,,,,,
71,Right,3,0.0000,0.0000,0.0325,0.2621,0.0459,-0.0809,0.9605,0.007,,,,,,,
71,Right,4,0.0000,0.0000,0.0338,0.1627,-0.0461,0.0775,0.9825,0.007,,,,,,,
71,Right,5,0.0007,0.0010,0.0246,0.0000,0.0000,0.0000,1.0000,0.007,,,,,,,
71,Right,6,-0.0192,-0.0105,0.0369,0.0000,0.0000,0.0000,1.0000,0.007,,,,,,,
71,Right,7,-0.0044,0.0032,0.0591,0.1901,0.0675,0.0260,0.9791,0.007,,,,,,,
71,Right,8,0.0000,0.0000,0.0379,0.2065,0.0017,-0.0263,0.9781,0.007,,,,,,,
71,Right,9,0.0000,0.0000,0.0243,0.0679,0.0249,-0.0167,0.9972,0.007,,,,,,,
71,Right,10,0.0003,0.0010,0.0224,0.0000,0.0000,0.0000,1.0000,0.007,,,,,,,
71,Right,11,-0.0029,-0.0081,0.0348,0.0000,0.0000,0.0000,1.0000,0.007,,,,,,,
71,Right,12,0.0012,0.0056,0.0609,0.2751,0.0749,-0.0256,0.9582,0.007,,,,,,,
71,Right,13,0.0000,0.0000,0.0429,0.1494,0.0026,-0.0121,0.9887,0.007,,,,,,,
71,Right,14,0.0000,0.0000,0.0275,0.0170,-0.0002,-0.0453,0.9988,0.007,,,,,,,
71,Right,15,0.0003,0.0011,0.0250,0.0000,0.0000,0.0000,1.0000,0.007,,,,,,,
71,Right,16,0.0150,-0.0060,0.0348,0.0000,0.0000,0.0000,1.0000,0.007,,,,,,,
71,Right,17,0.0025,-0.0005,0.0539,0.2113,0.0764,-0.0654,0.9722,0.007,,,,,,,
71,Right,18,0.0000,0.0000,0.0390,0.1416,-0.0018,-0.0367,0.9892,0.007,,,,,,,
71,Right,19,0.0000,0.0000,0.0266,0.0618,-0.0295,-0.0075,0.9976,0.007,,,,,,,
71,Right,20,0.0003,0.0016,0.0243,0.0000,0.0000,0.0000,1.0000,0.007,,,,,,,
71,Right,21,0.0230,-0.0094,0.0341,0.0183,0.1403,-0.2070,0.9681,0.007,,,,,,,
71,Right,22,0.0000,0.0000,0.0457,0.0882,-0.0124,0.0893,0.9920,0.007,,,,,,,
71,Right,23,0.0000,0.0000,0.0307,0.1777,0.0348,-0.0537,0.9820,0.007,,,,,,,
71,Right,24,0.0000,0.0000,0.0203,0.0087,-0.0492,0.0008,0.9988,0.007,,,,,,,
71,Right,25,-0.0002,0.0012,0.0219,0.0000,0.0000,0.0000,1.0000,0.007,,,,,,,
72,Left,0,0.0024,-0.0053,0.0652,0.0000,0.0000,0.0000,1.0000,0.007,,,,,,,
72,Left,1,0.0000,0.0000,0.0000,0.0000,0.0000,0.0000,1.0000,0.007,0.3545,0.0521,0.0545,-0.0774,-0.4936,-0.8656,-0.0323
72,Left,2,0.0291,-0.0177,0.0353,-0.0645,0.3498,-0.5972,0.7190,0.007,,,,,,,
72,Left,3,0.0000,0.0000,0.0325,0.2052,-0.0516,0.0819,0.9739,0.007,,,,,,,
72,Left,4,0.0000,0.0000,0.0338,0.2346,0.0393,-0.0746,0.9684,0.007,,,,,,,
72,Left,5,-0.0007,0.0010,0.0246,0.0000,0.0000,0.0000,1.0000,0.007,,,,,,,
72,Left,6,0.0193,-0.0103,0.0368,0.0000,0.0000,0.0000,1.0000,0.007,,,,,,,
72,Left,7,0.0043,0.0030,0.0591,0.4848,0.0091,-0.0518,0.8730,0.007,,,,,,,
72,Left,8,0.0000,0.0000,0.0379,0.6746,0.0121,0.0226,0.7377,0.007,,,,,,,
72,Left,9,0.0000,0.0000,0.0243,0.4687,-0.0153,0.0168,0.8831,0.007,,,,,,,
72,Left,10,-0.0003,0.0010,0.0224,0.0000,0.0000,0.0000,1.0000,0.007,,,,,,,
72,Left,11,0.0031,-0.0081,0.0347,0.0000,0.0000,0.0000,1.0000,0.007,,,,,,,
72,Left,12,-0.0013,0.0055,0.0610,0.5493,-0.0283,0.0242,0.8348,0.007,,,,,,,
72,Left,13,0.0000,0.0000,0.0429,0.5778,0.0029,0.0129,0.8161,0.007,,,,,,,
72,Left,14,0.0000,0.0000,0.0275,0.4768,0.0204,0.0851,0.8747,0.007,,,,,,,
72,Left,15,-0.0003,0.0011,0.0250,0.0000,0.0000,0.0000,1.0000,0.007,,,,,,,
72,Left,16,-0.0150,-0.0060,0.0348,0.0000,0.0000,0.0000,1.0000,0.007,,,,,,,
72,Left,17,-0.0025,-0.0005,0.0539,0.5454,-0.0289,0.0747,0.8343,0.007,,,,,,,
72,Left,18,0.0000,0.0000,0.0390,0.6380,0.0191,0.0419,0.7687,0.007,,,,,,,
72,Left,19,0.0000,0.0000,0.0266,0.5287,0.0273,0.0287,0.8479,0.007,,,,,,,
72,Left,20,-0.0003,0.0016,0.0243,0.0000,0.0000,0.0000,1.0000,0.007,,,,,,,
72,Left,21,-0.0230,-0.0094,0.0341,0.0183,-0.1403,0.2070,0.9681,0.007,,,,,,,
72,Left,22,0.0000,0.0000,0.0457,0.4594,-0.0279,-0.0674,0.8852,0.007,,,,,,,
72,Left,23,0.0000,0.0000,0.0307,0.6624,-0.0058,0.0871,0.7441,0.007,,,,,,,
72,Left,24,0.0000,0.0000,0.0203,0.5393,0.0410,-0.0025,0.8411,0.007,,,,,,,
72,Left,25,0.0002,0.0012,0.0219,0.0000,0.0000,0.0000,1.0000,0.007,,,,,,,
72,Right,0,-0.0023,-0.0053,0.0652,0.0000,0.0000,0.0000,1.0000,0.007,,,,,,,
72,Right,1,0.0000,0.0000,0.0000,0.0000,0.0000,0.0000,1.0000,0.007,-0.0470,-0.2923,0.0843,0.2024,0.4463,0.8677,-0.0835
72,Right,2,-0.0289,-0.0181,0.0355,-0.0756,-0.3255,0.5995,0.7273,0.007,,,,,,,
72,Right,3,0.0000,0.0000,0.0325,0.2621,0.0459,-0.0809,0.9605,0.007,,,,,,,
72,Right,4,0.0000,0.0000,0.0338,0.1627,-0.0461,0.0775,0.9825,0.007,,,,,,,
72,Right,5,0.0007,0.0010,0.0246,0.0000,0.0000,0.0000,1.0000,0.007,,,,,,,
72,Right,6,-0.0192,-0.0105,0.0369,0.0000,0.0000,0.0000,1.0000,0.007,,,,,,,
72,Right,7,-0.0044,0.0032,0.0591,0.1901,0.0675,0.0260,0.9791,0.007,,,,,,,
72,Right,8,0.0000,0.0000,0.0379,0.2065,0.0017,-0.0263,0.9781,0.007,,,,,,,
72,Right,9,0.0000,0.0000,0.0243,0.0679,0.0249,-0.0167,0.9972,0.007,,,,,,,
72,Right,10,0.0003,0.0010,0.0224,0.0000,0.0000,0.0000,1.0000,0.007,,,,,,,
72,Right,11,-0.0029,-0.0081,0.0348,0.0000,0.0000,0.0000,1.0000,0.007,,,,,,,
72,Right,12,0.0012,0.0056,0.0609,0.2751,0.0749,-0.0256,0.9582,0.007,,,,,,,
72,Right,13,0.0000,0.0000,0.0429,0.1494,0.0026,-0.0121,0.9887,0.007,,,,,,,
72,Right,14,0.0000,0.0000,0.0275,0.0170,-0.0002,-0.0453,0.9988,0.007,,,,,,,
72,Right,15,0.0003,0.0011,0.0250,0.0000,0.0000,0.0000,1.0000,0.007,,,,,,,
72,Right,16,0.0150,-0.0060,0.0348,0.0000,0.0000,0.0000,1.0000,0.007,,,,,,,
72,Right,17,0.0025,-0.0005,0.0539,0.2113,0.0764,-0.0654,0.9722,0.007,,,,,,,
72,Right,18,0.0000,0.0000,0.0390,0.1416,-0.0018,-0.0367,0.9892,0.007,,,,,,,
72,Right,19,0.0000,0.0000,0.0266,0.0618,-0.0295,-0.0075,0.9976,0.007,,,,,,,
72,Right,20,0.0003,0.0016,0.0243,0.0000,0.0000,0.0000,1.0000,0.007,,,,,,,
72,Right,21,0.0230,-0.0094,0.0341,0.0183,0.1403,-0.2070,0.9681,0.007,,,,,,,
72,Right,22,0.0000,0.0000,0.0457,0.0882,-0.0124,0.0893,0.9920,0.007,,,,,,,
72,Right,23,0.0000,0.0000,0.0307,0.1777,0.0348,-0.0537,0.9820,0.007,,,,,,,
72,Right,24,0.0000,0.0000,0.0203,0.0087,-0.0492,0.0008,0.9988,0.007,,,,,,,
72,Right,25,-0.0002,0.0012,0.0219,0.0000,0.0000,0.0000,1.0000,0.007,,,,,,,
73,Left,0,0.0024,-0.0053,0.0652,0.0000,0.0000,0.0000,1.0000,0.007,,,,,,,
73,Left,1,0.0000,0.0000,0.0000,0.0000,0.0000,0.0000,1.0000,0.007,0.3545,0.0521,0.0545,-0.0774,-0.4936,-0.8656,-0.0322
73,Left,2,0.0291,-0.0177,0.0353,-0.0645,0.3498,-0.5972,0.7190,0.007,,,,,,,
73,Left,3,0.0000,0.0000,0.0325,0.2052,-0.0516,0.0819,0.9739,0.007,,,,,,,
73,Left,4,0.0000,0.0000,0.0338,0.2346,0.0393,-0.0746,0.9684,0.007,,,,,,,
73,Left,5,-0.0007,0.0010,0.0246,0.0000,0.0000,0.0000,1.0000,0.007,,,,,,,
73,Left,6,0.0193,-0.0103,0.0368,0.0000,0.0000,0.0000,1.0000,0.007,,,,,,,
73,Left,7,0.0043,0.0030,0.0591,0.4848,0.0091,-0.0518,0.8730,0.007,,,,,,,
73,Left,8,0.0000,0.0000,0.0379,0.6747,0.0121,0.0226,0.7377,0.007,,,,,,,
73,Left,9,0.0000,0.0000,0.0243,0.4687,-0.0153,0.0168,0.8831,0.007,,,,,,,
73,Left,10,-0.0003,0.0010,0.0224,0.0000,0.0000,0.0000,1.0000,0.007,,,,,,,
73,Left,11,0.0031,-0.0081,0.0347,0.0000,0.0000,0.0000,1.0000,0.007,,,,,,,
73,Left,12,-0.0013,0.0055,0.0610,0.5493,-0.0283,0.0243,0.8348,0.007,,,,,,,
73,Left,13,0.0000,0.0000,0.0429,0.5778,0.0029,0.0129,0.8161,0.007,,,,,,,
73,Left,14,0.0000,0.0000,0.0275,0.4768,0.0204,0.0851,0.8747,0.007,,,,,,,
73,Left,15,-0.0003,0.0011,0.0250,0.0000,0.0000,0.0000,1.0000,0.007,,,,,,,
73,Left,16,-0.0150,-0.0060,0.0348,0.0000,0.0000,0.0000,1.0000,0.007,,,,,,,
73,Left,17,-0.0025,-0.0005,0.0539,0.5454,-0.0289,0.0747,0.8343,0.007,,,,,,,
73,Left,18,0.0000,0.0000,0.0390,0.6380,0.0191,0.0419,0.7687,0.007,,,,,,,
73,Left,19,0.0000,0.0000,0.0266,0.5287,0.0273,0.0288,0.8479,0.007,,,,,,,
73,Left,20,-0.0003,0.0016,0.0243,0.0000,0.0000,0.0000,1.0000,0.007,,,,,,,
73,Left,21,-0.0230,-0.0094,0.0341,0.0183,-0.1403,0.2070,0.9681,0.007,,,,,,,
73,Left,22,0.0000,0.0000,0.0457,0.4594,-0.0279,-0.0674,0.8852,0.007,,,,,,,
73,Left,23,0.0000,0.0000,0.0307,0.6624,-0.0058,0.0871,0.7441,0.007,,,,,,,
73,Left,24,0.0000,0.0000,0.0203,0.5393,0.0410,-0.0025,0.8411,0.007,,,,,,,
73,Left,25,0.0002,0.0012,0.0219,0.0000,0.0000,0.0000,1.0000,0.007,,,,,,,
73,Right,0,-0.0023,-0.0053,0.0652,0.0000,0.0000,0.0000,1.0000,0.007,,,,,,,
73,Right,1,0.0000,0.0000,0.0000,0.0000,0.0000,0.0000,1.0000,0.007,-0.0470,-0.2923,0.0843,0.2024,0.4463,0.8677,-0.0835
73,Right,2,-0.0289,-0.0181,0.0355,-0.0755,-0.3255,0.5995,0.7273,0.007,,,,,,,
73,Right,3,0.0000,0.0000,0.0325,0.2621,0.0459,-0.0809,0.9605,0.007,,,,,,,
73,Right,4,0.0000,0.0000,0.0338,0.1627,-0.0461,0.0775,0.9825,0.007,,,,,,,
73,Right,5,0.0007,0.0010,0.0246,0.0000,0.0000,0.0000,1.0000,0.007,,,,,,,
73,Right,6,-0.0192,-0.0105,0.0369,0.0000,0.0000,0.0000,1.0000,0.007,,,,,,,
73,Right,7,-0.0044,0.0032,0.0591,0.1901,0.0675,0.0260,0.9791,0.007,,,,,,,
73,Right,8,0.0000,0.0000,0.0379,0.2064,0.0017,-0.0263,0.9781,0.007,,,,,,,
73,Right,9,0.0000,0.0000,0.0243,0.0679,0.0249,-0.0167,0.9972,0.007,,,,,,,
73,Right,10,0.0003,0.0010,0.0224,0.0000,0.0000,0.0000,1.0000,0.007,,,,,,,
73,Right,11,-0.0029,-0.0081,0.0348,0.0000,0.0000,0.0000,1.0000,0.007,,,,,,,
73,Right,12,0.0012,0.0056,0.0609,0.2751,0.0749,-0.0256,0.9582,0.007,,,,,,,
73,Right,13,0.0000,0.0000,0.0429,0.1494,0.0026,-0.0121,0.9887,0.007,,,,,,,
73,Right,14,0.0000,0.0000,0.0275,0.0170,-0.0002,-0.0453,0.9988,0.007,,,,,,,
73,Right,15,0.0003,0.0011,0.0250,0.0000,0.0000,0.0000,1.0000,0.007,,,,,,,
73,Right,16,0.0150,-0.0060,0.0348,0.0000,0.0000,0.0000,1.0000,0.007,,,,,,,
73,Right,17,0.0025,-0.0005,0.0539,0.2113,0.0764,-0.0654,0.9722,0.007,,,,,,,
73,Right,18,0.0000,0.0000,0.0390,0.1416,-0.0018,-0.0367,0.9892,0.007,,,,,,,
73,Right,19,0.0000,0.0000,0.0266,0.0618,-0.0295,-0.0075,0.9976,0.007,,,,,,,
73,Right,20,0.0003,0.0016,0.0243,0.0000,0.0000,0.0000,1.0000,0.007,,,,,,,
73,Right,21,0.0230,-0.0094,0.0341,0.0183,0.1403,-0.2070,0.9681,0.007,,,,,,,
73,Right,22,0.0000,0.0000,0.0457,0.0882,-0.0124,0.0893,0.9920,0.007,,,,,,,
73,Right,23,0.0000,0.0000,0.0307,0.1777,0.0348,-0.0537,0.9820,0.007,,,,,,,
73,Right,24,0.0000,0.0000,0.0203,0.0087,-0.0492,0.0008,0.9988,0.007,,,,,,,
73,Right,25,-0.0002,0.0012,0.0219,0.0000,0.0000,0.0000,1.0000,0.007,,,,,,,
74,Left,0,0.0024,-0.0053,0.0652,0.0000,0.0000,0.0000,1.0000,0.007,,,,,,,
74,Left,1,0.0000,0.0000,0.0000,0.0000,0.0000,0.0000,1.0000,0.007,0.3545,0.0521,0.0545,-0.0774,-0.4936,-0.8656,-0.0322
74,Left,2,0.0291,-0.0177,0.0353,-0.0645,0.3498,-0.5972,0.7190,0.007,,,,,,,
74,Left,3,0.0000,0.0000,0.0325,0.2052,-0.0516,0.0819,0.9739,0.007,,,,,,,
74,Left,4,0.0000,0.0000,0.0338,0.2346,0.0393,-0.0746,0.9684,0.007,,,,,,,
74,Left,5,-0.0007,0.0010,0.0246,0.0000,0.0000,0.0000,1.0000,0.007,,,,,,,
74,Left,6,0.0193,-0.0103,0.0368,0.0000,0.0000,0.0000,1.0000,0.007,,,,,,,
74,Left,7,0.0043,0.0030,0.0591,0.4848,0.0091,-0.0518,0.8730,0.007,,,,,,,
74,Left,8,0.0000,0.0000,0.0379,0.6747,0.0121,0.0226,0.7377,0.007,,,,,,,
74,Left,9,0.0000,0.0000,0.0243,0.4687,-0.0153,0.0168,0.8831,0.007,,,,,,,
74,Left,10,-0.0003,0.0010,0.0224,0.0000,0.0000,0.0000,1.0000,0.007,,,,,,,
74,Left,11,0.0031,-0.0081,0.0347,0.0000,0.0000,0.0000,1.0000,0.007,,,,,,,
74,Left,12,-0.0013,0.0055,0.0610,0.5493,-0.0283,0.0243,0.8348,0.007,,,,,,,
74,Left,13,0.0000,0.0000,0.0429,0.5778,0.0029,0.0129,0.8161,0.007,,,,,,,
74,Left,14,0.0000,0.0000,0.0275,0.4768,0.0204,0.0851,0.8747,0.007,,,,,,,
74,Left,15,-0.0003,0.0011,0.0250,0.0000,0.0000,0.0000,1.0000,0.007,,,,,,,
74,Left,16,-0.0150,-0.0060,0.0348,0.0000,0.0000,0.0000,1.0000,0.007,,,,,,,
74,Left,17,-0.0025,-0.0005,0.0539,0.5454,-0.0289,0.0747,0.8343,0.007,,,,,,,
74,Left,18,0.0000,0.0000,0.0390,0.6380,0.0191,0.0419,0.7687,0.007,,,,,,,
74,Left,19,0.0000,0.0000,0.0266,0.5287,0.0273,0.0288,0.8479,0.007,,,,,,,
74,Left,20,-0.0003,0.0016,0.0243,0.0000,0.0000,0.0000,1.0000,0.007,,,,,,,
74,Left,21,-0.0230,-0.0094,0.0341,0.0183,-0.1403,0.2070,0.9681,0.007,,,,,,,
74,Left,22,0.0000,0.0000,0.0457,0.4594,-0.0279,-0.0674,0.8852,0.007,,,,,,,
74,Left,23,0.0000,0.0000,0.0307,0.6624,-0.0058,0.0871,0.7440,0.007,,,,,,,
74,Left,24,0.0000,0.0000,0.0203,0.5393,0.0410,-0.0025,0.8411,0.007,,,,,,,
74,Left,25,0.0002,0.0012,0.0219,0.0000,0.0000,0.0000,1.0000,0.007,,,,,,,
74,Right,0,-0.0023,-0.0053,0.0652,0.0000,0.0000,0.0000,1.0000,0.007,,,,,,,
74,Right,1,0.0000,0.0000,0.0000,0.0000,0.0000,0.0000,1.0000,0.007,-0.0470,-0.2923,0.0843,0.2024,0.4463,0.8677,-0.0835
74,Right,2,-0.0289,-0.0181,0.0355,-0.0755,-0.3255,0.5995,0.7273,0.007,,,,,,,
74,Right,3,0.0000,0.0000,0.0325,0.2621,0.0459,-0.0809,0.9605,0.007,,,,,,,
74,Right,4,0.0000,0.0000,0.0338,0.1627,-0.0461,0.0775,0.9825,0.007,,,,,,,
74,Right,5,0.0007,0.0010,0.0246,0.0000,0.0000,0.0000,1.0000,0.007,,,,,,,
74,Right,6,-0.0192,-0.0105,0.0369,0.0000,0.0000,0.0000,1.0000,0.007,,,,,,,
74,Right,7,-0.0044,0.0032,0.0591,0.1901,0.0675,0.0260,0.9791,0.007,,,,,,,
74,Right,8,0.0000,0.0000,0.0379,0.2064,0.0017,-0.0263,0.9781,0.007,,,,,,,
74,Right,9,0.0000,0.0000,0.0243,0.0679,0.0249,-0.0167,0.9972,0.007,,,,,,,
74,Right,10,0.0003,0.0010,0.0224,0.0000,0.0000,0.0000,1.0000,0.007,,,,,,,
74,Right,11,-0.0029,-0.0081,0.0348,0.0000,0.0000,0.0000,1.0000,0.007,,,,,,,
74,Right,12,0.0012,0.0056,0.0609,0.2751,0.0749,-0.0256,0.9582,0.007,,,,,,,
74,Right,13,0.0000,0.0000,0.0429,0.1495,0.0026,-0.0121,0.9887,0.007,,,,,,,
74,Right,14,0.0000,0.0000,0.0275,0.0170,-0.0002,-0.0453,0.9988,0.007,,,,,,,
74,Right,15,0.0003,0.0011,0.0250,0.0000,0.0000,0.0000,1.0000,0.007,,,,,,,
74,Right,16,0.0150,-0.0060,0.0348,0.0000,0.0000,0.0000,1.0000,0.007,,,,,,,
74,Right,17,0.0025,-0.0005,0.0539,0.2113,0.0764,-0.0654,0.9722,0.007,,,,,,,
74,Right,18,0.0000,0.0000,0.0390,0.1416,-0.0018,-0.0367,0.9892,0.007,,,,,,,
74,Right,19,0.0000,0.0000,0.0266,0.0618,-0.0295,-0.0075,0.9976,0.007,,,,,,,
74,Right,20,0.0003,0.0016,0.0243,0.0000,0.0000,0.0000,1.0000,0.007,,,,,,,
74,Right,21,0.0230,-0.0094,0.0341,0.0183,0.1403,-0.2070,0.9681,0.007,,,,,,,
74,Right,22,0.0000,0.0000,0.0457,0.0882,-0.0124,0.0893,0.9920,0.007,,,,,,,
74,Right,23,0.0000,0.0000,0.0307,0.1777,0.0348,-0.0537,0.9820,0.007,,,,,,,
74,Right,24,0.0000,0.0000,0.0203,0.0087,-0.0492,0.0008,0.9988,0.007,,,,,,,
74,Right,25,-0.0002,0.0012,0.0219,0.0000,0.0000,0.0000,1.0000,0.007,,,,,,,
75,Left,0,0.0024,-0.0053,0.0652,0.0000,0.0000,0.0000,1.0000,0.007,,,,,,,
75,Left,1,0.0000,0.0000,0.0000,0.0000,0.0000,0.0000,1.0000,0.007,0.3545,0.0521,0.0545,-0.0774,-0.4936,-0.8656,-0.0322
75,Left,2,0.0291,-0.0177,0.0353,-0.0645,0.3498,-0.5972,0.7190,0.007,,,,,,,
75,Left,3,0.0000,0.0000,0.0325,0.2052,-0.0516,0.0819,0.9739,0.007,,,,,,,
75,Left,4,0.0000,0.0000,0.0338,0.2346,0.0393,-0.0746,0.9684,0.007,,,,,,,
75,Left,5,-0.0007,0.0010,0.0246,0.0000,0.0000,0.0000,1.0000,0.007,,,,,,,
75,Left,6,0.0193,-0.0103,0.0368,0.0000,0.0000,0.0000,1.0000,0.007,,,,,,,
75,Left,7,0.0043,0.0030,0.0591,0.4848,0.0091,-0.0518,0.8730,0.007,,,,,,,
75,Left,8,0.0000,0.0000,0.0379,0.6747,0.0121,0.0226,0.7377,0.007,,,,,,,
75,Left,9,0.0000,0.0000,0.0243,0.4687,-0.0153,0.0168,0.8830,0.007,,,,,,,
75,Left,10,-0.0003,0.0010,0.0224,0.0000,0.0000,0.0000,1.0000,0.007,,,,,,,
75,Left,11,0.0031,-0.0081,0.0347,0.0000,0.0000,0.0000,1.0000,0.007,,,,,,,
75,Left,12,-0.0013,0.0055,0.0610,0.5494,-0.0283,0.0243,0.8348,0.007,,,,,,,
75,Left,13,0.0000,0.0000,0.0429,0.5778,0.0029,0.0129,0.8161,0.007,,,,,,,
75,Left,14,0.0000,0.0000,0.0275,0.4768,0.0204,0.0851,0.8747,0.007,,,,,,,
75,Left,15,-0.0003,0.0011,0.0250,0.0000,0.0000,0.0000,1.0000,0.007,,,,,,,
75,Left,16,-0.0150,-0.0060,0.0348,0.0000,0.0000,0.0000,1.0000,0.007,,,,,,,
75,Left,17,-0.0025,-0.0005,0.0539,0.5454,-0.0289,0.0747,0.8343,0.007,,,,,,,
75,Left,18,0.0000,0.0000,0.0390,0.6380,0.0191,0.0419,0.7687,0.007,,,,,,,
75,Left,19,0.0000,0.0000,0.0266,0.5287,0.0273,0.0288,0.8479,0.007,,,,,,,
75,Left,20,-0.0003,0.0016,0.0243,0.0000,0.0000,0.0000,1.0000,0.007,,,,,,,
75,Left,21,-0.0230,-0.0094,0.0341,0.0183,-0.1403,0.2070,0.9681,0.007,,,,,,,
75,Left,22,0.0000,0.0000,0.0457,0.4595,-0.0279,-0.0674,0.8852,0.007,,,,,,,
75,Left,23,0.0000,0.0000,0.0307,0.6624,-0.0058,0.0871,0.7440,0.007,,,,,,,
75,Left,24,0.0000,0.0000,0.0203,0.5393,0.0410,-0.0025,0.8411,0.007,,,,,,,
75,Left,25,0.0002,0.0012,0.0219,0.0000,0.0000,0.0000,1.0000,0.007,,,,,,,
75,Right,0,-0.0023,-0.0053,0.0652,0.0000,0.0000,0.0000,1.0000,0.007,,,,,,,
75,Right,1,0.0000,0.0000,0.0000,0.0000,0.0000,0.0000,1.0000,0.007,-0.0470,-0.2923,0.0843,0.2024,0.4463,0.8677,-0.0835
75,Right,2,-0.0289,-0.0181,0.0355,-0.0755,-0.3255,0.5995,0.7273,0.007,,,,,,,
75,Right,3,0.0000,0.0000,0.0325,0.2621,0.0459,-0.0809,0.9605,0.007,,,,,,,
75,Right,4,0.0000,0.0000,0.0338,0.1627,-0.0461,0.0775,0.9825,0.007,,,,,,,
75,Right,5,0.0007,0.0010,0.0246,0.0000,0.0000,0.0000,1.0000,0.007,,,,,,,
75,Right,6,-0.0192,-0.0105,0.0369,0.0000,0.0000,0.0000,1.0000,0.007,,,,,,,
75,Right,7,-0.0044,0.0032,0.0591,0.1901,0.0675,0.0260,0.9791,0.007,,,,,,,
75,Right,8,0.0000,0.0000,0.0379,0.2064,0.0017,-0.0263,0.9781,0.007,,,,,,,
75,Right,9,0.0000,0.0000,0.0243,0.0679,0.0249,-0.0167,0.9972,0.007,,,,,,,
75,Right,10,0.0003,0.0010,0.0224,0.0000,0.0000,0.0000,1.0000,0.007,,,,,,,
75,Right,11,-0.0029,-0.0081,0.0348,0.0000,0.0000,0.0000,1.0000,0.007,,,,,,,
75,Right,12,0.0012,0.0056,0.0609,0.2751,0.0749,-0.0256,0.9582,0.007,,,,,,,
75,Right,13,0.0000,0.0000,0.0429,0.1495,0.0026,-0.0121,0.9887,0.007,,,,,,,
75,Right,14,0.0000,0.0000,0.0275,0.0170,-0.0002,-0.0453,0.9988,0.007,,,,,,,
75,Right,15,0.0003,0.0011,0.0250,0.0000,0.0000,0.0000,1.0000,0.007,,,,,,,
75,Right,16,0.0150,-0.0060,0.0348,0.0000,0.0000,0.0000,1.0000,0.007,,,,,,,
75,Right,17,0.0025,-0.0005,0.0539,0.2113,0.0764,-0.0654,0.9722,0.007,,,,,,,
75,Right,18,0.0000,0.0000,0.0390,0.1416,-0.0018,-0.0367,0.9892,0.007,,,,,,,
75,Right,19,0.0000,0.0000,0.0266,0.0618,-0.0295,-0.0075,0.9976,0.007,,,,,,,
75,Right,20,0.0003,0.0016,0.0243,0.0000,0.0000,0.0000,1.0000,0.007,,,,,,,
75,Right,21,0.0230,-0.0094,0.0341,0.0183,0.1403,-0.2070,0.9681,0.007,,,,,,,
75,Right,22,0.0000,0.0000,0.0457,0.0882,-0.0124,0.0893,0.9920,0.007,,,,,,,
75,Right,23,0.0000,0.0000,0.0307,0.1777,0.0348,-0.0537,0.9820,0.007,,,,,,,
75,Right,24,0.0000,0.0000,0.0203,0.0087,-0.0492,0.0008,0.9988,0.007,,,,,,,
75,Right,25,-0.0002,0.0012,0.0219,0.0000,0.0000,0.0000,1.0000,0.007,,,,,,,
76,Left,0,0.0024,-0.0053,0.0652,0.0000,0.0000,0.0000,1.0000,0.007,,,,,,,
76,Left,1,0.0000,0.0000,0.0000,0.0000,0.0000,0.0000,1.0000,0.007,0.3545,0.0521,0.0545,-0.0774,-0.4936,-0.8656,-0.0322
76,Left,2,0.0291,-0.0177,0.0353,-0.0645,0.3498,-0.5972,0.7190,0.007,,,,,,,
76,Left,3,0.0000,0.0000,0.0325,0.2052,-0.0516,0.0819,0.9739,0.007,,,,,,,
76,Left,4,0.0000,0.0000,0.0338,0.2346,0.0393,-0.0746,0.9684,0.007,,,,,,,
76,Left,5,-0.0007,0.0010,0.0246,0.0000,0.0000,0.0000,1.0000,0.007,,,,,,,
76,Left,6,0.0193,-0.0103,0.0368,0.0000,0.0000,0.0000,1.0000,0.007,,,,,,,
76,Left,7,0.0043,0.0030,0.0591,0.4848,0.0091,-0.0518,0.8730,0.007,,,,,,,
76,Left,8,0.0000,0.0000,0.0379,0.6747,0.0121,0.0226,0.7377,0.007,,,,,,,
76,Left,9,0.0000,0.0000,0.0243,0.4687,-0.0153,0.0168,0.8830,0.007,,,,,,,
76,Left,10,-0.0003,0.0010,0.0224,0.0000,0.0000,0.0000,1.0000,0.007,,,,,,,
76,Left,11,0.0031,-0.0081,0.0347,0.0000,0.0000,0.0000,1.0000,0.007,,,,,,,
76,Left,12,-0.0013,0.0055,0.0610,0.5494,-0.0283,0.0243,0.8348,0.007,,,,,,,
76,Left,13,0.0000,0.0000,0.0429,0.5778,0.0029,0.0129,0.8161,0.007,,,,,,,
76,Left,14,0.0000,0.0000,0.0275,0.4768,0.0204,0.0851,0.8746,0.007,,,,,,,
76,Left,15,-0.0003,0.0011,0.0250,0.0000,0.0000,0.0000,1.0000,0.007,,,,,,,
76,Left,16,-0.0150,-0.0060,0.0348,0.0000,0.0000,0.0000,1.0000,0.007,,,,,,,
76,Left,17,-0.0025,-0.0005,0.0539,0.5454,-0.0289,0.0747,0.8343,0.007,,,,,,,
76,Left,18,0.0000,0.0000,0.0390,0.6380,0.0191,0.0419,0.7687,0.007,,,,,,,
76,Left,19,0.0000,0.0000,0.0266,0.5287,0.0273,0.0288,0.8479,0.007,,,,,,,
76,Left,20,-0.0003,0.0016,0.0243,0.0000,0.0000,0.0000,1.0000,0.007,,,,,,,
76,Left,21,-0.0230,-0.0094,0.0341,0.0183,-0.1403,0.2070,0.9681,0.007,,,,,,,
76,Left,22,0.0000,0.0000,0.0457,0.4595,-0.0279,-0.0674,0.8852,0.007,,,,,,,
76,Left,23,0.0000,0.0000,0.0307,0.6624,-0.0058,0.0871,0.7440,0.007,,,,,,,
76,Left,24,0.0000,0.0000,0.0203,0.5393,0.0410,-0.0025,0.8411,0.007,,,,,,,
76,Left,25,0.0002,0.0012,0.0219,0.0000,0.0000,0.0000,1.0000,0.007,,,,,,,
76,Right,0,-0.0023,-0.0053,0.0652,0.0000,0.0000,0.0000,1.0000,0.007,,,,,,,
76,Right,1,0.0000,0.0000,0.0000,0.0000,0.0000,0.0000,1.0000,0.007,-0.0470,-0.2923,0.0843,0.2024,0.4463,0.8677,-0.0835
76,Right,2,-0.0289,-0.0181,0.0355,-0.0755,-0.3255,0.5995,0.7273,0.007,,,,,,,
76,Right,3,0.0000,0.0000,0.0325,0.2621,0.0459,-0.0809,0.9605,0.007,,,,,,,
76,Right,4,0.0000,0.0000,0.0338,0.1627,-0.0461,0.0775,0.9825,0.007,,,,,,,
76,Right,5,0.0007,0.0010,0.0246,0.0000,0.0000,0.0000,1.0000,0.007,,,,,,,
76,Right,6,-0.0192,-0.0105,0.0369,0.0000,0.0000,0.0000,1.0000,0.007,,,,,,,
76,Right,7,-0.0044,0.0032,0.0591,0.1901,0.0675,0.0260,0.9791,0.007,,,,,,,
76,Right,8,0.0000,0.0000,0.0379,0.2064,0.0017,-0.0263,0.9781,0.007,,,,,,,
76,Right,9,0.0000,0.0000,0.0243,0.0679,0.0249,-0.0167,0.9972,0.007,,,,,,,
76,Right,10,0.0003,0.0010,0.0224,0.0000,0.0000,0.0000,1.0000,0.007,,,,,,,
76,Right,11,-0.0029,-0.0081,0.0348,0.0000,0.0000,0.0000,1.0000,0.007,,,,,,,
76,Right,12,0.0012,0.0056,0.0609,0.2751,0.0749,-0.0256,0.9582,0.007,,,,,,,
76,Right,13,0.0000,0.0000,0.0429,0.1495,0.0026,-0.0121,0.9887,0.007,,,,,,,
76,Right,14,0.0000,0.0000,0.0275,0.0170,-0.0002,-0.0453,0.9988,0.007,,,,,,,
76,Right,15,0.0003,0.0011,0.0250,0.0000,0.0000,0.0000,1.0000,0.007,,,,,,,
76,Right,16,0.0150,-0.0060,0.0348,0.0000,0.0000,0.0000,1.0000,0.007,,,,,,,
76,Right,17,0.0025,-0.0005,0.0539,0.2113,0.0764,-0.0654,0.9722,0.007,,,,,,,
76,Right,18,0.0000,0.0000,0.0390,0.1416,-0.0018,-0.0367,0.9892,0.007,,,,,,,
76,Right,19,0.0000,0.0000,0.0266,0.0618,-0.0295,-0.0075,0.9976,0.007,,,,,,,
76,Right,20,0.0003,0.0016,0.0243,0.0000,0.0000,0.0000,1.0000,0.007,,,,,,,
76,Right,21,0.0230,-0.0094,0.0341,0.0183,0.1403,-0.2070,0.9681,0.007,,,,,,,
76,Right,22,0.0000,0.0000,0.0457,0.0882,-0.0124,0.0893,0.9920,0.007,,,,,,,
76,Right,23,0.0000,0.0000,0.0307,0.1777,0.0348,-0.0537,0.9820,0.007,,,,,,,
76,Right,24,0.0000,0.0000,0.0203,0.0087,-0.0492,0.0008,0.9988,0.007,,,,,,,
76,Right,25,-0.0002,0.0012,0.0219,0.0000,0.0000,0.0000,1.0000,0.007,,,,,,,
77,Left,0,0.0024,-0.0053,0.0652,0.0000,0.0000,0.0000,1.0000,0.008,,,,,,,
77,Left,1,0.0000,0.0000,0.0000,0.0000,0.0000,0.0000,1.0000,0.008,0.3545,0.0521,0.0545,-0.0774,-0.4936,-0.8656,-0.0322
77,Left,2,0.0291,-0.0177,0.0353,-0.0645,0.3498,-0.5972,0.7190,0.008,,,,,,,
77,Left,3,0.0000,0.0000,0.0325,0.2052,-0.0516,0.0819,0.9739,0.008,,,,,,,
77,Left,4,0.0000,0.0000,0.0338,0.2346,0.0393,-0.0746,0.9684,0.008,,,,,,,
77,Left,5,-0.0007,0.0010,0.0246,0.0000,0.0000,0.0000,1.0000,0.008,,,,,,,
77,Left,6,0.0193,-0.0103,0.0368,0.0000,0.0000,0.0000,1.0000,0.008,,,,,,,
77,Left,7,0.0043,0.0030,0.0591,0.4848,0.0091,-0.0518,0.8730,0.008,,,,,,,
77,Left,8,0.0000,0.0000,0.0379,0.6747,0.0121,0.0226,0.7377,0.008,,,,,,,
77,Left,9,0.0000,0.0000,0.0243,0.4688,-0.0153,0.0168,0.8830,0.008,,,,,,,
77,Left,10,-0.0003,0.0010,0.0224,0.0000,0.0000,0.0000,1.0000,0.008,,,,,,,
77,Left,11,0.0031,-0.0081,0.0347,0.0000,0.0000,0.0000,1.0000,0.008,,,,,,,
77,Left,12,-0.0013,0.0055,0.0610,0.5494,-0.0283,0.0243,0.8347,0.008,,,,,,,
77,Left,13,0.0000,0.0000,0.0429,0.5778,0.0029,0.0129,0.8161,0.008,,,,,,,
77,Left,14,0.0000,0.0000,0.0275,0.4768,0.0204,0.0851,0.8746,0.008,,,,,,,
77,Left,15,-0.0003,0.0011,0.0250,0.0000,0.0000,0.0000,1.0000,0.008,,,,,,,
77,Left,16,-0.0150,-0.0060,0.0348,0.0000,0.0000,0.0000,1.0000,0.008,,,,,,,
77,Left,17,-0.0025,-0.0005,0.0539,0.5454,-0.0289,0.0747,0.8343,0.008,,,,,,,
77,Left,18,0.0000,0.0000,0.0390,0.6380,0.0191,0.0419,0.7687,0.008,,,,,,,
77,Left,19,0.0000,0.0000,0.0266,0.5287,0.0273,0.0288,0.8479,0.008,,,,,,,
77,Left,20,-0.0003,0.0016,0.0243,0.0000,0.0000,0.0000,1.0000,0.008,,,,,,,
77,Left,21,-0.0230,-0.0094,0.0341,0.0183,-0.1403,0.2070,0.9681,0.008,,,,,,,
77,Left,22,0.0000,0.0000,0.0457,0.4595,-0.0279,-0.0674,0.8852,0.008,,,,,,,
77,Left,23,0.0000,0.0000,0.0307,0.6624,-0.0058,0.0871,0.7440,0.008,,,,,,,
77,Left,24,0.0000,0.0000,0.0203,0.5393,0.0410,-0.0025,0.8411,0.008,,,,,,,
77,Left,25,0.0002,0.0012,0.0219,0.0000,0.0000,0.0000,1.0000,0.008,,,,,,,
77,Right,0,-0.0023,-0.0053,0.0652,0.0000,0.0000,0.0000,1.0000,0.008,,,,,,,
77,Right,1,0.0000,0.0000,0.0000,0.0000,0.0000,0.0000,1.0000,0.008,-0.0470,-0.2923,0.0843,0.2024,0.4463,0.8677,-0.0835
77,Right,2,-0.0289,-0.0181,0.0355,-0.0755,-0.3255,0.5995,0.7273,0.008,,,,,,,
77,Right,3,0.0000,0.0000,0.0325,0.2621,0.0459,-0.0809,0.9606,0.008,,,,,,,
77,Right,4,0.0000,0.0000,0.0338,0.1627,-0.0461,0.0775,0.9825,0.008,,,,,,,
77,Right,5,0.0007,0.0010,0.0246,0.0000,0.0000,0.0000,1.0000,0.008,,,,,,,
77,Right,6,-0.0192,-0.0105,0.0369,0.0000,0.0000,0.0000,1.0000,0.008,,,,,,,
77,Right,7,-0.0044,0.0032,0.0591,0.1901,0.0675,0.0260,0.9791,0.008,,,,,,,
77,Right,8,0.0000,0.0000,0.0379,0.2064,0.0017,-0.0263,0.9781,0.008,,,,,,,
77,Right,9,0.0000,0.0000,0.0243,0.0679,0.0249,-0.0167,0.9972,0.008,,,,,,,
77,Right,10,0.0003,0.0010,0.0224,0.0000,0.0000,0.0000,1.0000,0.008,,,,,,,
77,Right,11,-0.0029,-0.0081,0.0348,0.0000,0.0000,0.0000,1.0000,0.008,,,,,,,
77,Right,12,0.0012,0.0056,0.0609,0.2751,0.0749,-0.0256,0.9582,0.008,,,,,,,
77,Right,13,0.0000,0.0000,0.0429,0.1495,0.0026,-0.0121,0.9887,0.008,,,,,,,
77,Right,14,0.0000,0.0000,0.0275,0.0170,-0.0002,-0.0453,0.9988,0.008,,,,,,,
77,Right,15,0.0003,0.0011,0.0250,0.0000,0.0000,0.0000,1.0000,0.008,,,,,,,
77,Right,16,0.0150,-0.0060,0.0348,0.0000,0.0000,0.0000,1.0000,0.008,,,,,,,
77,Right,17,0.0025,-0.0005,0.0539,0.2113,0.0764,-0.0654,0.9722,0.008,,,,,,,
77,Right,18,0.0000,0.0000,0.0390,0.1416,-0.0018,-0.0367,0.9892,0.008,,,,,,,
77,Right,19,0.0000,0.0000,0.0266,0.0618,-0.0295,-0.0075,0.9976,0.008,,,,,,,
77,Right,20,0.0003,0.0016,0.0243,0.0000,0.0000,0.0000,1.0000,0.008,,,,,,,
77,Right,21,0.0230,-0.0094,0.0341,0.0183,0.1403,-0.2070,0.9681,0.008,,,,,,,
77,Right,22,0.0000,0.0000,0.0457,0.0882,-0.0124,0.0893,0.9920,0.008,,,,,,,
77,Right,23,0.0000,0.0000,0.0307,0.1777,0.0348,-0.0537,0.9820,0.008,,,,,,,
77,Right,24,0.0000,0.0000,0.0203,0.0087,-0.0492,0.0008,0.9988,0.008,,,,,,,
77,Right,25,-0.0002,0.0012,0.0219,0.0000,0.0000,0.0000,1.0000,0.008,,,,,,,
78,Left,0,0.0024,-0.0053,0.0652,0.0000,0.0000,0.0000,1.0000,0.008,,,,,,,
78,Left,1,0.0000,0.0000,0.0000,0.0000,0.0000,0.0000,1.0000,0.008,0.3545,0.0521,0.0544,-0.0774,-0.4936,-0.8656,-0.0322
78,Left,2,0.0291,-0.0177,0.0353,-0.0645,0.3498,-0.5971,0.7190,0.008,,,,,,,
78,Left,3,0.0000,0.0000,0.0325,0.2052,-0.0516,0.0819,0.9739,0.008,,,,,,,
78,Left,4,0.0000,0.0000,0.0338,0.2346,0.0393,-0.0746,0.9684,0.008,,,,,,,
78,Left,5,-0.0007,0.0010,0.0246,0.0000,0.0000,0.0000,1.0000,0.008,,,,,,,
78,Left,6,0.0193,-0.0103,0.0368,0.0000,0.0000,0.0000,1.0000,0.008,,,,,,,
78,Left,7,0.0043,0.0030,0.0591,0.4848,0.0091,-0.0518,0.8730,0.008,,,,,,,
78,Left,8,0.0000,0.0000,0.0379,0.6747,0.0121,0.0226,0.7377,0.008,,,,,,,
78,Left,9,0.0000,0.0000,0.0243,0.4688,-0.0153,0.0168,0.8830,0.008,,,,,,,
78,Left,10,-0.0003,0.0010,0.0224,0.0000,0.0000,0.0000,1.0000,0.008,,,,,,,
78,Left,11,0.0031,-0.0081,0.0347,0.0000,0.0000,0.0000,1.0000,0.008,,,,,,,
78,Left,12,-0.0013,0.0055,0.0610,0.5494,-0.0283,0.0243,0.8347,0.008,,,,,,,
78,Left,13,0.0000,0.0000,0.0429,0.5778,0.0029,0.0129,0.8161,0.008,,,,,,,
78,Left,14,0.0000,0.0000,0.0275,0.4768,0.0204,0.0851,0.8746,0.008,,,,,,,
78,Left,15,-0.0003,0.0011,0.0250,0.0000,0.0000,0.0000,1.0000,0.008,,,,,,,
78,Left,16,-0.0150,-0.0060,0.0348,0.0000,0.0000,0.0000,1.0000,0.008,,,,,,,
78,Left,17,-0.0025,-0.0005,0.0539,0.5454,-0.0289,0.0747,0.8343,0.008,,,,,,,
78,Left,18,0.0000,0.0000,0.0390,0.6380,0.0191,0.0419,0.7686,0.008,,,,,,,
78,Left,19,0.0000,0.0000,0.0266,0.5287,0.0273,0.0288,0.8479,0.008,,,,,,,
78,Left,20,-0.0003,0.0016,0.0243,0.0000,0.0000,0.0000,1.0000,0.008,,,,,,,
78,Left,21,-0.0230,-0.0094,0.0341,0.0183,-0.1403,0.2070,0.9681,0.008,,,,,,,
78,Left,22,0.0000,0.0000,0.0457,0.4595,-0.0279,-0.0674,0.8852,0.008,,,,,,,
78,Left,23,0.0000,0.0000,0.0307,0.6624,-0.0058,0.0872,0.7440,0.008,,,,,,,
78,Left,24,0.0000,0.0000,0.0203,0.5393,0.0410,-0.0025,0.8411,0.008,,,,,,,
78,Left,25,0.0002,0.0012,0.0219,0.0000,0.0000,0.0000,1.0000,0.008,,,,,,,
78,Right,0,-0.0023,-0.0053,0.0652,0.0000,0.0000,0.0000,1.0000,0.008,,,,,,,
78,Right,1,0.0000,0.0000,0.0000,0.0000,0.0000,0.0000,1.0000,0.008,-0.0470,-0.2923,0.0843,0.2024,0.4463,0.8677,-0.0835
78,Right,2,-0.0289,-0.0181,0.0355,-0.0755,-0.3255,0.5995,0.7273,0.008,,,,,,,
78,Right,3,0.0000,0.0000,0.0325,0.2621,0.0459,-0.0809,0.9606,0.008,,,,,,,
78,Right,4,0.0000,0.0000,0.0338,0.1627,-0.0461,0.0775,0.9825,0.008,,,,,,,
78,Right,5,0.0007,0.0010,0.0246,0.0000,0.0000,0.0000,1.0000,0.008,,,,,,,
78,Right,6,-0.0192,-0.0105,0.0369,0.0000,0.0000,0.0000,1.0000,0.008,,,,,,,
78,Right,7,-0.0044,0.0032,0.0591,0.1901,0.0675,0.0260,0.9791,0.008,,,,,,,
78,Right,8,0.0000,0.0000,0.0379,0.2064,0.0017,-0.0263,0.9781,0.008,,,,,,,
78,Right,9,0.0000,0.0000,0.0243,0.0679,0.0249,-0.0167,0.9972,0.008,,,,,,,
78,Right,10,0.0003,0.0010,0.0224,0.0000,0.0000,0.0000,1.0000,0.008,,,,,,,
78,Right,11,-0.0029,-0.0081,0.0348,0.0000,0.0000,0.0000,1.0000,0.008,,,,,,,
78,Right,12,0.0012,0.0056,0.0609,0.2751,0.0749,-0.0256,0.9582,0.008,,,,,,,
78,Right,13,0.0000,0.0000,0.0429,0.1495,0.0026,-0.0121,0.9887,0.008,,,,,,,
78,Right,14,0.0000,0.0000,0.0275,0.0170,-0.0002,-0.0453,0.9988,0.008,,,,,,,
78,Right,15,0.0003,0.0011,0.0250,0.0000,0.0000,0.0000,1.0000,0.008,,,,,,,
78,Right,16,0.0150,-0.0060,0.0348,0.0000,0.0000,0.0000,1.0000,0.008,,,,,,,
78,Right,17,0.0025,-0.0005,0.0539,0.2113,0.0764,-0.0654,0.9722,0.008,,,,,,,
78,Right,18,0.0000,0.0000,0.0390,0.1416,-0.0018,-0.0367,0.9892,0.008,,,,,,,
78,Right,19,0.0000,0.0000,0.0266,0.0618,-0.0295,-0.0075,0.9976,0.008,,,,,,,
78,Right,20,0.0003,0.0016,0.0243,0.0000,0.0000,0.0000,1.0000,0.008,,,,,,,
78,Right,21,0.0230,-0.0094,0.0341,0.0183,0.1403,-0.2070,0.9681,0.008,,,,,,,
78,Right,22,0.0000,0.0000,0.0457,0.0882,-0.0124,0.0893,0.9920,0.008,,,,,,,
78,Right,23,0.0000,0.0000,0.0307,0.1777,0.0348,-0.0537,0.9820,0.008,,,,,,,
78,Right,24,0.0000,0.0000,0.0203,0.0087,-0.0492,0.0008,0.9988,0.008,,,,,,,
78,Right,25,-0.0002,0.0012,0.0219,0.0000,0.0000,0.0000,1.0000,0.008,,,,,,,
79,Left,0,0.0024,-0.0053,0.0652,0.0000,0.0000,0.0000,1.0000,0.008,,,,,,,
79,Left,1,0.0000,0.0000,0.0000,0.0000,0.0000,0.0000,1.0000,0.008,0.3545,0.0521,0.0544,-0.0774,-0.4936,-0.8656,-0.0322
79,Left,2,0.0291,-0.0177,0.0353,-0.0645,0.3498,-0.5971,0.7190,0.008,,,,,,,
79,Left,3,0.0000,0.0000,0.0325,0.2052,-0.0516,0.0819,0.9739,0.008,,,,,,,
79,Left,4,0.0000,0.0000,0.0338,0.2346,0.0393,-0.0746,0.9684,0.008,,,,,,,
79,Left,5,-0.0007,0.0010,0.0246,0.0000,0.0000,0.0000,1.0000,0.008,,,,,,,
79,Left,6,0.0193,-0.0103,0.0368,0.0000,0.0000,0.0000,1.0000,0.008,,,,,,,
79,Left,7,0.0043,0.0030,0.0591,0.4848,0.0091,-0.0518,0.8730,0.008,,,,,,,
79,Left,8,0.0000,0.0000,0.0379,0.6747,0.0121,0.0226,0.7377,0.008,,,,,,,
79,Left,9,0.0000,0.0000,0.0243,0.4688,-0.0153,0.0168,0.8830,0.008,,,,,,,
79,Left,10,-0.0003,0.0010,0.0224,0.0000,0.0000,0.0000,1.0000,0.008,,,,,,,
79,Left,11,0.0031,-0.0081,0.0347,0.0000,0.0000,0.0000,1.0000,0.008,,,,,,,
79,Left,12,-0.0013,0.0055,0.0610,0.5494,-0.0283,0.0243,0.8347,0.008,,,,,,,
79,Left,13,0.0000,0.0000,0.0429,0.5778,0.0029,0.0129,0.8161,0.008,,,,,,,
79,Left,14,0.0000,0.0000,0.0275,0.4768,0.0204,0.0851,0.8746,0.008,,,,,,,
79,Left,15,-0.0003,0.0011,0.0250,0.0000,0.0000,0.0000,1.0000,0.008,,,,,,,
79,Left,16,-0.0150,-0.0060,0.0348,0.0000,0.0000,0.0000,1.0000,0.008,,,,,,,
79,Left,17,-0.0025,-0.0005,0.0539,0.5454,-0.0289,0.0747,0.8343,0.008,,,,,,,
79,Left,18,0.0000,0.0000,0.0390,0.6380,0.0191,0.0419,0.7686,0.008,,,,,,,
79,Left,19,0.0000,0.0000,0.0266,0.5288,0.0273,0.0288,0.8478,0.008,,,,,,,
79,Left,20,-0.0003,0.0016,0.0243,0.0000,0.0000,0.0000,1.0000,0.008,,,,,,,
79,Left,21,-0.0230,-0.0094,0.0341,0.0183,-0.1403,0.2070,0.9681,0.008,,,,,,,
79,Left,22,0.0000,0.0000,0.0457,0.4595,-0.0279,-0.0674,0.8852,0.008,,,,,,,
79,Left,23,0.0000,0.0000,0.0307,0.6624,-0.0058,0.0872,0.7440,0.008,,,,,,,
79,Left,24,0.0000,0.0000,0.0203,0.5393,0.0410,-0.0025,0.8411,0.008,,,,,,,
79,Left,25,0.0002,0.0012,0.0219,0.0000,0.0000,0.0000,1.0000,0.008,,,,,,,
79,Right,0,-0.0023,-0.0053,0.0652,0.0000,0.0000,0.0000,1.0000,0.008,,,,,,,
79,Right,1,0.0000,0.0000,0.0000,0.0000,0.0000,0.0000,1.0000,0.008,-0.0470,-0.2923,0.0843,0.2025,0.4463,0.8677,-0.0835
79,Right,2,-0.0289,-0.0181,0.0355,-0.0755,-0.3255,0.5995,0.7273,0.008,,,,,,,
79,Right,3,0.0000,0.0000,0.0325,0.2621,0.0459,-0.0809,0.9606,0.008,,,,,,,
79,Right,4,0.0000,0.0000,0.0338,0.1627,-0.0461,0.0775,0.9825,0.008,,,,,,,
79,Right,5,0.0007,0.0010,0.0246,0.0000,0.0000,0.0000,1.0000,0.008,,,,,,,
79,Right,6,-0.0192,-0.0105,0.0369,0.0000,0.0000,0.0000,1.0000,0.008,,,,,,,
79,Right,7,-0.0044,0.0032,0.0591,0.1901,0.0675,0.0260,0.9791,0.008,,,,,,,
79,Right,8,0.0000,0.0000,0.0379,0.2064,0.0017,-0.0263,0.9781,0.008,,,,,,,
79,Right,9,0.0000,0.0000,0.0243,0.0679,0.0249,-0.0167,0.9972,0.008,,,,,,,
79,Right,10,0.0003,0.0010,0.0224,0.0000,0.0000,0.0000,1.0000,0.008,,,,,,,
79,Right,11,-0.0029,-0.0081,0.0348,0.0000,0.0000,0.0000,1.0000,0.008,,,,,,,
79,Right,12,0.0012,0.0056,0.0609,0.2751,0.0749,-0.0256,0.9582,0.008,,,,,,,
79,Right,13,0.0000,0.0000,0.0429,0.1495,0.0026,-0.0121,0.9887,0.008,,,,,,,
79,Right,14,0.0000,0.0000,0.0275,0.0170,-0.0002,-0.0453,0.9988,0.008,,,,,,,
79,Right,15,0.0003,0.0011,0.0250,0.0000,0.0000,0.0000,1.0000,0.008,,,,,,,
79,Right,16,0.0150,-0.0060,0.0348,0.0000,0.0000,0.0000,1.0000,0.008,,,,,,,
79,Right,17,0.0025,-0.0005,0.0539,0.2113,0.0764,-0.0654,0.9722,0.008,,,,,,,
79,Right,18,0.0000,0.0000,0.0390,0.1416,-0.0018,-0.0367,0.9892,0.008,,,,,,,
79,Right,19,0.0000,0.0000,0.0266,0.0618,-0.0295,-0.0075,0.9976,0.008,,,,,,,
79,Right,20,0.0003,0.0016,0.0243,0.0000,0.0000,0.0000,1.0000,0.008,,,,,,,
79,Right,21,0.0230,-0.0094,0.0341,0.0183,0.1403,-0.2070,0.9681,0.008,,,,,,,
79,Right,22,0.0000,0.0000,0.0457,0.0882,-0.0124,0.0893,0.9920,0.008,,,,,,,
79,Right,23,0.0000,0.0000,0.0307,0.1777,0.0348,-0.0537,0.9820,0.008,,,,,,,
79,Right,24,0.0000,0.0000,0.0203,0.0087,-0.0492,0.0008,0.9988,0.008,,,,,,,
79,Right,25,-0.0002,0.0012,0.0219,0.0000,0.0000,0.0000,1.0000,0.008,,,,,,,
80,Left,0,0.0024,-0.0053,0.0652,0.0000,0.0000,0.0000,1.0000,0.008,,,,,,,
80,Left,1,0.0000,0.0000,0.0000,0.0000,0.0000,0.0000,1.0000,0.008,0.3545,0.0521,0.0544,-0.0774,-0.4936,-0.8656,-0.0322
80,Left,2,0.0291,-0.0177,0.0353,-0.0645,0.3498,-0.5971,0.7190,0.008,,,,,,,
80,Left,3,0.0000,0.0000,0.0325,0.2052,-0.0516,0.0819,0.9739,0.008,,,,,,,
80,Left,4,0.0000,0.0000,0.0338,0.2347,0.0393,-0.0746,0.9684,0.008,,,,,,,
80,Left,5,-0.0007,0.0010,0.0246,0.0000,0.0000,0.0000,1.0000,0.008,,,,,,,
80,Left,6,0.0193,-0.0103,0.0368,0.0000,0.0000,0.0000,1.0000,0.008,,,,,,,
80,Left,7,0.0043,0.0030,0.0591,0.4848,0.0091,-0.0518,0.8730,0.008,,,,,,,
80,Left,8,0.0000,0.0000,0.0379,0.6747,0.0121,0.0226,0.7376,0.008,,,,,,,
80,Left,9,0.0000,0.0000,0.0243,0.4688,-0.0153,0.0168,0.8830,0.008,,,,,,,
80,Left,10,-0.0003,0.0010,0.0224,0.0000,0.0000,0.0000,1.0000,0.008,,,,,,,
80,Left,11,0.0031,-0.0081,0.0347,0.0000,0.0000,0.0000,1.0000,0.008,,,,,,,
80,Left,12,-0.0013,0.0055,0.0610,0.5494,-0.0283,0.0243,0.8347,0.008,,,,,,,
80,Left,13,0.0000,0.0000,0.0429,0.5778,0.0029,0.0129,0.8161,0.008,,,,,,,
80,Left,14,0.0000,0.0000,0.0275,0.4768,0.0204,0.0851,0.8746,0.008,,,,,,,
80,Left,15,-0.0003,0.0011,0.0250,0.0000,0.0000,0.0000,1.0000,0.008,,,,,,,
80,Left,16,-0.0150,-0.0060,0.0348,0.0000,0.0000,0.0000,1.0000,0.008,,,,,,,
80,Left,17,-0.0025,-0.0005,0.0539,0.5455,-0.0289,0.0747,0.8343,0.008,,,,,,,
80,Left,18,0.0000,0.0000,0.0390,0.6380,0.0191,0.0419,0.7686,0.008,,,,,,,
80,Left,19,0.0000,0.0000,0.0266,0.5288,0.0273,0.0288,0.8478,0.008,,,,,,,
80,Left,20,-0.0003,0.0016,0.0243,0.0000,0.0000,0.0000,1.0000,0.008,,,,,,,
80,Left,21,-0.0230,-0.0094,0.0341,0.0183,-0.1403,0.2070,0.9681,0.008,,,,,,,
80,Left,22,0.0000,0.0000,0.0457,0.4595,-0.0279,-0.0674,0.8852,0.008,,,,,,,
80,Left,23,0.0000,0.0000,0.0307,0.6625,-0.0058,0.0872,0.7440,0.008,,,,,,,
80,Left,24,0.0000,0.0000,0.0203,0.5393,0.0410,-0.0025,0.8411,0.008,,,,,,,
80,Left,25,0.0002,0.0012,0.0219,0.0000,0.0000,0.0000,1.0000,0.008,,,,,,,
80,Right,0,-0.0023,-0.0053,0.0652,0.0000,0.0000,0.0000,1.0000,0.008,,,,,,,
80,Right,1,0.0000,0.0000,0.0000,0.0000,0.0000,0.0000,1.0000,0.008,-0.0470,-0.2923,0.0843,0.2025,0.4463,0.8677,-0.0835
80,Right,2,-0.0289,-0.0181,0.0355,-0.0755,-0.3255,0.5995,0.7272,0.008,,,,,,,
80,Right,3,0.0000,0.0000,0.0325,0.2621,0.0459,-0.0809,0.9606,0.008,,,,,,,
80,Right,4,0.0000,0.0000,0.0338,0.1627,-0.0461,0.0775,0.9825,0.008,,,,,,,
80,Right,5,0.0007,0.0010,0.0246,0.0000,0.0000,0.0000,1.0000,0.008,,,,,,,
80,Right,6,-0.0192,-0.0105,0.0369,0.0000,0.0000,0.0000,1.0000,0.008,,,,,,,
80,Right,7,-0.0044,0.0032,0.0591,0.1901,0.0675,0.0260,0.9791,0.008,,,,,,,
80,Right,8,0.0000,0.0000,0.0379,0.2064,0.0017,-0.0263,0.9781,0.008,,,,,,,
80,Right,9,0.0000,0.0000,0.0243,0.0679,0.0249,-0.0167,0.9972,0.008,,,,,,,
80,Right,10,0.0003,0.0010,0.0224,0.0000,0.0000,0.0000,1.0000,0.008,,,,,,,
80,Right,11,-0.0029,-0.0081,0.0348,0.0000,0.0000,0.0000,1.0000,0.008,,,,,,,
80,Right,12,0.0012,0.0056,0.0609,0.2751,0.0749,-0.0256,0.9582,0.008,,,,,,,
80,Right,13,0.0000,0.0000,0.0429,0.1495,0.0026,-0.0121,0.9887,0.008,,,,,,,
80,Right,14,0.0000,0.0000,0.0275,0.0170,-0.0002,-0.0453,0.9988,0.008,,,,,,,
80,Right,15,0.0003,0.0011,0.0250,0.0000,0.0000,0.0000,1.0000,0.008,,,,,,,
80,Right,16,0.0150,-0.0060,0.0348,0.0000,0.0000,0.0000,1.0000,0.008,,,,,,,
80,Right,17,0.0025,-0.0005,0.0539,0.2113,0.0764,-0.0654,0.9722,0.008,,,,,,,
80,Right,18,0.0000,0.0000,0.0390,0.1416,-0.0018,-0.0367,0.9892,0.008,,,,,,,
80,Right,19,0.0000,0.0000,0.0266,0.0618,-0.0295,-0.0075,0.9976,0.008,,,,,,,
80,Right,20,0.0003,0.0016,0.0243,0.0000,0.0000,0.0000,1.0000,0.008,,,,,,,
80,Right,21,0.0230,-0.0094,0.0341,0.0183,0.1403,-0.2070,0.9681,0.008,,,,,,,
80,Right,22,0.0000,0.0000,0.0457,0.0882,-0.0124,0.0893,0.9920,0.008,,,,,,,
80,Right,23,0.0000,0.0000,0.0307,0.1777,0.0348,-0.0537,0.9820,0.008,,,,,,,
80,Right,24,0.0000,0.0000,0.0203,0.0087,-0.0492,0.0008,0.9988,0.008,,,,,,,
80,Right,25,-0.0002,0.0012,0.0219,0.0000,0.0000,0.0000,1.0000,0.008,,,,,,,
81,Left,0,0.0024,-0.0053,0.0652,0.0000,0.0000,0.0000,1.0000,0.008,,,,,,,
81,Left,1,0.0000,0.0000,0.0000,0.0000,0.0000,0.0000,1.0000,0.008,0.3545,0.0521,0.0544,-0.0774,-0.4936,-0.8656,-0.0322
81,Left,2,0.0291,-0.0177,0.0353,-0.0645,0.3498,-0.5971,0.7190,0.008,,,,,,,
81,Left,3,0.0000,0.0000,0.0325,0.2052,-0.0516,0.0819,0.9739,0.008,,,,,,,
81,Left,4,0.0000,0.0000,0.0338,0.2347,0.0393,-0.0746,0.9684,0.008,,,,,,,
81,Left,5,-0.0007,0.0010,0.0246,0.0000,0.0000,0.0000,1.0000,0.008,,,,,,,
81,Left,6,0.0193,-0.0103,0.0368,0.0000,0.0000,0.0000,1.0000,0.008,,,,,,,
81,Left,7,0.0043,0.0030,0.0591,0.4848,0.0091,-0.0518,0.8730,0.008,,,,,,,
81,Left,8,0.0000,0.0000,0.0379,0.6747,0.0121,0.0226,0.7376,0.008,,,,,,,
81,Left,9,0.0000,0.0000,0.0243,0.4688,-0.0153,0.0168,0.8830,0.008,,,,,,,
81,Left,10,-0.0003,0.0010,0.0224,0.0000,0.0000,0.0000,1.0000,0.008,,,,,,,
81,Left,11,0.0031,-0.0081,0.0347,0.0000,0.0000,0.0000,1.0000,0.008,,,,,,,
81,Left,12,-0.0013,0.0055,0.0610,0.5494,-0.0283,0.0243,0.8347,0.008,,,,,,,
81,Left,13,0.0000,0.0000,0.0429,0.5778,0.0029,0.0129,0.8161,0.008,,,,,,,
81,Left,14,0.0000,0.0000,0.0275,0.4768,0.0204,0.0851,0.8746,0.008,,,,,,,
81,Left,15,-0.0003,0.0011,0.0250,0.0000,0.0000,0.0000,1.0000,0.008,,,,,,,
81,Left,16,-0.0150,-0.0060,0.0348,0.0000,0.0000,0.0000,1.0000,0.008,,,,,,,
81,Left,17,-0.0025,-0.0005,0.0539,0.5455,-0.0289,0.0747,0.8343,0.008,,,,,,,
81,Left,18,0.0000,0.0000,0.0390,0.6380,0.0191,0.0419,0.7686,0.008,,,,,,,
81,Left,19,0.0000,0.0000,0.0266,0.5288,0.0273,0.0288,0.8478,0.008,,,,,,,
81,Left,20,-0.0003,0.0016,0.0243,0.0000,0.0000,0.0000,1.0000,0.008,,,,,,,
81,Left,21,-0.0230,-0.0094,0.0341,0.0183,-0.1403,0.2070,0.9681,0.008,,,,,,,
81,Left,22,0.0000,0.0000,0.0457,0.4595,-0.0279,-0.0674,0.8852,0.008,,,,,,,
81,Left,23,0.0000,0.0000,0.0307,0.6625,-0.0058,0.0872,0.7440,0.008,,,,,,,
81,Left,24,0.0000,0.0000,0.0203,0.5393,0.0410,-0.0025,0.8411,0.008,,,,,,,
81,Left,25,0.0002,0.0012,0.0219,0.0000,0.0000,0.0000,1.0000,0.008,,,,,,,
81,Right,0,-0.0023,-0.0053,0.0652,0.0000,0.0000,0.0000,1.0000,0.008,,,,,,,
81,Right,1,0.0000,0.0000,0.0000,0.0000,0.0000,0.0000,1.0000,0.008,-0.0470,-0.2923,0.0843,0.2025,0.4463,0.8677,-0.0835
81,Right,2,-0.0289,-0.0181,0.0355,-0.0755,-0.3255,0.5995,0.7272,0.008,,,,,,,
81,Right,3,0.0000,0.0000,0.0325,0.2621,0.0459,-0.0809,0.9606,0.008,,,,,,,
81,Right,4,0.0000,0.0000,0.0338,0.1627,-0.0461,0.0775,0.9825,0.008,,,,,,,
81,Right,5,0.0007,0.0010,0.0246,0.0000,0.0000,0.0000,1.0000,0.008,,,,,,,
81,Right,6,-0.0192,-0.0105,0.0369,0.0000,0.0000,0.0000,1.0000,0.008,,,,,,,
81,Right,7,-0.0044,0.0032,0.0591,0.1901,0.0675,0.0260,0.9791,0.008,,,,,,,
81,Right,8,0.0000,0.0000,0.0379,0.2064,0.0017,-0.0263,0.9781,0.008,,,,,,,
81,Right,9,0.0000,0.0000,0.0243,0.0679,0.0249,-0.0167,0.9972,0.008,,,,,,,
81,Right,10,0.0003,0.0010,0.0224,0.0000,0.0000,0.0000,1.0000,0.008,,,,,,,
81,Right,11,-0.0029,-0.0081,0.0348,0.0000,0.0000,0.0000,1.0000,0.008,,,,,,,
81,Right,12,0.0012,0.0056,0.0609,0.2751,0.0749,-0.0256,0.9582,0.008,,,,,,,
81,Right,13,0.0000,0.0000,0.0429,0.1495,0.0026,-0.0121,0.9887,0.008,,,,,,,
81,Right,14,0.0000,0.0000,0.0275,0.0170,-0.0002,-0.0453,0.9988,0.008,,,,,,,
81,Right,15,0.0003,0.0011,0.0250,0.0000,0.0000,0.0000,1.0000,0.008,,,,,,,
81,Right,16,0.0150,-0.0060,0.0348,0.0000,0.0000,0.0000,1.0000,0.008,,,,,,,
81,Right,17,0.0025,-0.0005,0.0539,0.2113,0.0764,-0.0654,0.9722,0.008,,,,,,,
81,Right,18,0.0000,0.0000,0.0390,0.1416,-0.0018,-0.0367,0.9892,0.008,,,,,,,
81,Right,19,0.0000,0.0000,0.0266,0.0618,-0.0295,-0.0075,0.9976,0.008,,,,,,,
81,Right,20,0.0003,0.0016,0.0243,0.0000,0.0000,0.0000,1.0000,0.008,,,,,,,
81,Right,21,0.0230,-0.0094,0.0341,0.0183,0.1403,-0.2070,0.9681,0.008,,,,,,,
81,Right,22,0.0000,0.0000,0.0457,0.0882,-0.0124,0.0893,0.9920,0.008,,,,,,,
81,Right,23,0.0000,0.0000,0.0307,0.1777,0.0348,-0.0537,0.9820,0.008,,,,,,,
81,Right,24,0.0000,0.0000,0.0203,0.0087,-0.0492,0.0008,0.9988,0.008,,,,,,,
81,Right,25,-0.0002,0.0012,0.0219,0.0000,0.0000,0.0000,1.0000,0.008,,,,,,,
82,Left,0,0.0024,-0.0053,0.0652,0.0000,0.0000,0.0000,1.0000,0.008,,,,,,,
82,Left,1,0.0000,0.0000,0.0000,0.0000,0.0000,0.0000,1.0000,0.008,0.3545,0.0521,0.0544,-0.0774,-0.4936,-0.8656,-0.0322
82,Left,2,0.0291,-0.0177,0.0353,-0.0645,0.3498,-0.5971,0.7190,0.008,,,,,,,
82,Left,3,0.0000,0.0000,0.0325,0.2052,-0.0516,0.0819,0.9739,0.008,,,,,,,
82,Left,4,0.0000,0.0000,0.0338,0.2347,0.0393,-0.0746,0.9684,0.008,,,,,,,
82,Left,5,-0.0007,0.0010,0.0246,0.0000,0.0000,0.0000,1.0000,0.008,,,,,,,
82,Left,6,0.0193,-0.0103,0.0368,0.0000,0.0000,0.0000,1.0000,0.008,,,,,,,
82,Left,7,0.0043,0.0030,0.0591,0.4848,0.0091,-0.0518,0.8730,0.008,,,,,,,
82,Left,8,0.0000,0.0000,0.0379,0.6747,0.0121,0.0226,0.7376,0.008,,,,,,,
82,Left,9,0.0000,0.0000,0.0243,0.4688,-0.0153,0.0168,0.8830,0.008,,,,,,,
82,Left,10,-0.0003,0.0010,0.0224,0.0000,0.0000,0.0000,1.0000,0.008,,,,,,,
82,Left,11,0.0031,-0.0081,0.0347,0.0000,0.0000,0.0000,1.0000,0.008,,,,,,,
82,Left,12,-0.0013,0.0055,0.0610,0.5494,-0.0283,0.0243,0.8347,0.008,,,,,,,
82,Left,13,0.0000,0.0000,0.0429,0.5778,0.0029,0.0129,0.8161,0.008,,,,,,,
82,Left,14,0.0000,0.0000,0.0275,0.4769,0.0204,0.0851,0.8746,0.008,,,,,,,
82,Left,15,-0.0003,0.0011,0.0250,0.0000,0.0000,0.0000,1.0000,0.008,,,,,,,
82,Left,16,-0.0150,-0.0060,0.0348,0.0000,0.0000,0.0000,1.0000,0.008,,,,,,,
82,Left,17,-0.0025,-0.0005,0.0539,0.5455,-0.0289,0.0747,0.8343,0.008,,,,,,,
82,Left,18,0.0000,0.0000,0.0390,0.6380,0.0191,0.0419,0.7686,0.008,,,,,,,
82,Left,19,0.0000,0.0000,0.0266,0.5288,0.0273,0.0288,0.8478,0.008,,,,,,,
82,Left,20,-0.0003,0.0016,0.0243,0.0000,0.0000,0.0000,1.0000,0.008,,,,,,,
82,Left,21,-0.0230,-0.0094,0.0341,0.0183,-0.1403,0.2070,0.9681,0.008,,,,,,,
82,Left,22,0.0000,0.0000,0.0457,0.4595,-0.0279,-0.0674,0.8852,0.008,,,,,,,
82,Left,23,0.0000,0.0000,0.0307,0.6625,-0.0058,0.0872,0.7440,0.008,,,,,,,
82,Left,24,0.0000,0.0000,0.0203,0.5393,0.0410,-0.0025,0.8411,0.008,,,,,,,
82,Left,25,0.0002,0.0012,0.0219,0.0000,0.0000,0.0000,1.0000,0.008,,,,,,,
82,Right,0,-0.0023,-0.0053,0.0652,0.0000,0.0000,0.0000,1.0000,0.008,,,,,,,
82,Right,1,0.0000,0.0000,0.0000,0.0000,0.0000,0.0000,1.0000,0.008,-0.0470,-0.2923,0.0843,0.2025,0.4463,0.8677,-0.0835
82,Right,2,-0.0289,-0.0181,0.0355,-0.0755,-0.3255,0.5995,0.7272,0.008,,,,,,,
82,Right,3,0.0000,0.0000,0.0325,0.2621,0.0459,-0.0809,0.9606,0.008,,,,,,,
82,Right,4,0.0000,0.0000,0.0338,0.1627,-0.0461,0.0775,0.9825,0.008,,,,,,,
82,Right,5,0.0007,0.0010,0.0246,0.0000,0.0000,0.0000,1.0000,0.008,,,,,,,
82,Right,6,-0.0192,-0.0105,0.0369,0.0000,0.0000,0.0000,1.0000,0.008,,,,,,,
82,Right,7,-0.0044,0.0032,0.0591,0.1901,0.0675,0.0260,0.9791,0.008,,,,,,,
82,Right,8,0.0000,0.0000,0.0379,0.2064,0.0017,-0.0263,0.9781,0.008,,,,,,,
82,Right,9,0.0000,0.0000,0.0243,0.0679,0.0249,-0.0167,0.9972,0.008,,,,,,,
82,Right,10,0.0003,0.0010,0.0224,0.0000,0.0000,0.0000,1.0000,0.008,,,,,,,
82,Right,11,-0.0029,-0.0081,0.0348,0.0000,0.0000,0.0000,1.0000,0.008,,,,,,,
82,Right,12,0.0012,0.0056,0.0609,0.2751,0.0749,-0.0256,0.9582,0.008,,,,,,,
82,Right,13,0.0000,0.0000,0.0429,0.1495,0.0026,-0.0121,0.9887,0.008,,,,,,,
82,Right,14,0.0000,0.0000,0.0275,0.0170,-0.0002,-0.0453,0.9988,0.008,,,,,,,
82,Right,15,0.0003,0.0011,0.0250,0.0000,0.0000,0.0000,1.0000,0.008,,,,,,,
82,Right,16,0.0150,-0.0060,0.0348,0.0000,0.0000,0.0000,1.0000,0.008,,,,,,,
82,Right,17,0.0025,-0.0005,0.0539,0.2113,0.0764,-0.0654,0.9722,0.008,,,,,,,
82,Right,18,0.0000,0.0000,0.0390,0.1416,-0.0018,-0.0367,0.9892,0.008,,,,,,,
82,Right,19,0.0000,0.0000,0.0266,0.0618,-0.0295,-0.0075,0.9976,0.008,,,,,,,
82,Right,20,0.0003,0.0016,0.0243,0.0000,0.0000,0.0000,1.0000,0.008,,,,,,,
82,Right,21,0.0230,-0.0094,0.0341,0.0183,0.1403,-0.2070,0.9681,0.008,,,,,,,
82,Right,22,0.0000,0.0000,0.0457,0.0882,-0.0124,0.0893,0.9920,0.008,,,,,,,
82,Right,23,0.0000,0.0000,0.0307,0.1777,0.0348,-0.0537,0.9820,0.008,,,,,,,
82,Right,24,0.0000,0.0000,0.0203,0.0087,-0.0492,0.0008,0.9988,0.008,,,,,,,
82,Right,25,-0.0002,0.0012,0.0219,0.0000,0.0000,0.0000,1.0000,0.008,,,,,,,
83,Left,0,0.0024,-0.0053,0.0652,0.0000,0.0000,0.0000,1.0000,0.008,,,,,,,
83,Left,1,0.0000,0.0000,0.0000,0.0000,0.0000,0.0000,1.0000,0.008,0.3545,0.0521,0.0544,-0.0774,-0.4936,-0.8656,-0.0322
83,Left,2,0.0291,-0.0177,0.0353,-0.0645,0.3498,-0.5971,0.7190,0.008,,,,,,,
83,Left,3,0.0000,0.0000,0.0325,0.2052,-0.0516,0.0819,0.9739,0.008,,,,,,,
83,Left,4,0.0000,0.0000,0.0338,0.2347,0.0393,-0.0746,0.9684,0.008,,,,,,,
83,Left,5,-0.0007,0.0010,0.0246,0.0000,0.0000,0.0000,1.0000,0.008,,,,,,,
83,Left,6,0.0193,-0.0103,0.0368,0.0000,0.0000,0.0000,1.0000,0.008,,,,,,,
83,Left,7,0.0043,0.0030,0.0591,0.4848,0.0091,-0.0518,0.8730,0.008,,,,,,,
83,Left,8,0.0000,0.0000,0.0379,0.6747,0.0121,0.0226,0.7376,0.008,,,,,,,
83,Left,9,0.0000,0.0000,0.0243,0.4688,-0.0153,0.0168,0.8830,0.008,,,,,,,
83,Left,10,-0.0003,0.0010,0.0224,0.0000,0.0000,0.0000,1.0000,0.008,,,,,,,
83,Left,11,0.0031,-0.0081,0.0347,0.0000,0.0000,0.0000,1.0000,0.008,,,,,,,
83,Left,12,-0.0013,0.0055,0.0610,0.5494,-0.0283,0.0243,0.8347,0.008,,,,,,,
83,Left,13,0.0000,0.0000,0.0429,0.5778,0.0029,0.0129,0.8161,0.008,,,,,,,
83,Left,14,0.0000,0.0000,0.0275,0.4769,0.0204,0.0851,0.8746,0.008,,,,,,,
83,Left,15,-0.0003,0.0011,0.0250,0.0000,0.0000,0.0000,1.0000,0.008,,,,,,,
83,Left,16,-0.0150,-0.0060,0.0348,0.0000,0.0000,0.0000,1.0000,0.008,,,,,,,
83,Left,17,-0.0025,-0.0005,0.0539,0.5455,-0.0289,0.0747,0.8343,0.008,,,,,,,
83,Left,18,0.0000,0.0000,0.0390,0.6381,0.0191,0.0419,0.7686,0.008,,,,,,,
83,Left,19,0.0000,0.0000,0.0266,0.5288,0.0273,0.0288,0.8478,0.008,,,,,,,
83,Left,20,-0.0003,0.0016,0.0243,0.0000,0.0000,0.0000,1.0000,0.008,,,,,,,
83,Left,21,-0.0230,-0.0094,0.0341,0.0183,-0.1403,0.2070,0.9681,0.008,,,,,,,
83,Left,22,0.0000,0.0000,0.0457,0.4595,-0.0279,-0.0674,0.8852,0.008,,,,,,,
83,Left,23,0.0000,0.0000,0.0307,0.6625,-0.0058,0.0872,0.7440,0.008,,,,,,,
83,Left,24,0.0000,0.0000,0.0203,0.5394,0.0410,-0.0025,0.8411,0.008,,,,,,,
83,Left,25,0.0002,0.0012,0.0219,0.0000,0.0000,0.0000,1.0000,0.008,,,,,,,
83,Right,0,-0.0023,-0.0053,0.0652,0.0000,0.0000,0.0000,1.0000,0.008,,,,,,,
83,Right,1,0.0000,0.0000,0.0000,0.0000,0.0000,0.0000,1.0000,0.008,-0.0470,-0.2923,0.0843,0.2025,0.4463,0.8677,-0.0835
83,Right,2,-0.0289,-0.0181,0.0355,-0.0755,-0.3255,0.5995,0.7272,0.008,,,,,,,
83,Right,3,0.0000,0.0000,0.0325,0.2621,0.0459,-0.0809,0.9606,0.008,,,,,,,
83,Right,4,0.0000,0.0000,0.0338,0.1627,-0.0461,0.0775,0.9825,0.008,,,,,,,
83,Right,5,0.0007,0.0010,0.0246,0.0000,0.0000,0.0000,1.0000,0.008,,,,,,,
83,Right,6,-0.0192,-0.0105,0.0369,0.0000,0.0000,0.0000,1.0000,0.008,,,,,,,
83,Right,7,-0.0044,0.0032,0.0591,0.1901,0.0675,0.0260,0.9791,0.008,,,,,,,
83,Right,8,0.0000,0.0000,0.0379,0.2064,0.0017,-0.0263,0.9781,0.008,,,,,,,
83,Right,9,0.0000,0.0000,0.0243,0.0679,0.0249,-0.0167,0.9972,0.008,,,,,,,
83,Right,10,0.0003,0.0010,0.0224,0.0000,0.0000,0.0000,1.0000,0.008,,,,,,,
83,Right,11,-0.0029,-0.0081,0.0348,0.0000,0.0000,0.0000,1.0000,0.008,,,,,,,
83,Right,12,0.0012,0.0056,0.0609,0.2751,0.0749,-0.0256,0.9582,0.008,,,,,,,
83,Right,13,0.0000,0.0000,0.0429,0.1495,0.0026,-0.0121,0.9887,0.008,,,,,,,
83,Right,14,0.0000,0.0000,0.0275,0.0170,-0.0002,-0.0453,0.9988,0.008,,,,,,,
83,Right,15,0.0003,0.0011,0.0250,0.0000,0.0000,0.0000,1.0000,0.008,,,,,,,
83,Right,16,0.0150,-0.0060,0.0348,0.0000,0.0000,0.0000,1.0000,0.008,,,,,,,
83,Right,17,0.0025,-0.0005,0.0539,0.2113,0.0764,-0.0654,0.9722,0.008,,,,,,,
83,Right,18,0.0000,0.0000,0.0390,0.1416,-0.0018,-0.0367,0.9892,0.008,,,,,,,
83,Right,19,0.0000,0.0000,0.0266,0.0618,-0.0295,-0.0075,0.9976,0.008,,,,,,,
83,Right,20,0.0003,0.0016,0.0243,0.0000,0.0000,0.0000,1.0000,0.008,,,,,,,
83,Right,21,0.0230,-0.0094,0.0341,0.0183,0.1403,-0.2070,0.9681,0.008,,,,,,,
83,Right,22,0.0000,0.0000,0.0457,0.0882,-0.0124,0.0893,0.9920,0.008,,,,,,,
83,Right,23,0.0000,0.0000,0.0307,0.1777,0.0348,-0.0537,0.9820,0.008,,,,,,,
83,Right,24,0.0000,0.0000,0.0203,0.0087,-0.0492,0.0008,0.9988,0.008,,,,,,,
83,Right,25,-0.0002,0.0012,0.0219,0.0000,0.0000,0.0000,1.0000,0.008,,,,,,,
84,Left,0,0.0024,-0.0053,0.0652,0.0000,0.0000,0.0000,1.0000,0.008,,,,,,,
84,Left,1,0.0000,0.0000,0.0000,0.0000,0.0000,0.0000,1.0000,0.008,0.3545,0.0521,0.0544,-0.0774,-0.4936,-0.8656,-0.0322
84,Left,2,0.0291,-0.0177,0.0353,-0.0645,0.3498,-0.5971,0.7190,0.008,,,,,,,
84,Left,3,0.0000,0.0000,0.0325,0.2052,-0.0516,0.0819,0.9739,0.008,,,,,,,
84,Left,4,0.0000,0.0000,0.0338,0.2347,0.0393,-0.0746,0.9684,0.008,,,,,,,
84,Left,5,-0.0007,0.0010,0.0246,0.0000,0.0000,0.0000,1.0000,0.008,,,,,,,
84,Left,6,0.0193,-0.0103,0.0368,0.0000,0.0000,0.0000,1.0000,0.008,,,,,,,
84,Left,7,0.0043,0.0030,0.0591,0.4848,0.0091,-0.0518,0.8730,0.008,,,,,,,
84,Left,8,0.0000,0.0000,0.0379,0.6747,0.0121,0.0226,0.7376,0.008,,,,,,,
84,Left,9,0.0000,0.0000,0.0243,0.4688,-0.0153,0.0168,0.8830,0.008,,,,,,,
84,Left,10,-0.0003,0.0010,0.0224,0.0000,0.0000,0.0000,1.0000,0.008,,,,,,,
84,Left,11,0.0031,-0.0081,0.0347,0.0000,0.0000,0.0000,1.0000,0.008,,,,,,,
84,Left,12,-0.0013,0.0055,0.0610,0.5494,-0.0283,0.0243,0.8347,0.008,,,,,,,
84,Left,13,0.0000,0.0000,0.0429,0.5778,0.0029,0.0129,0.8161,0.008,,,,,,,
84,Left,14,0.0000,0.0000,0.0275,0.4769,0.0204,0.0851,0.8746,0.008,,,,,,,
84,Left,15,-0.0003,0.0011,0.0250,0.0000,0.0000,0.0000,1.0000,0.008,,,,,,,
84,Left,16,-0.0150,-0.0060,0.0348,0.0000,0.0000,0.0000,1.0000,0.008,,,,,,,
84,Left,17,-0.0025,-0.0005,0.0539,0.5455,-0.0289,0.0747,0.8343,0.008,,,,,,,
84,Left,18,0.0000,0.0000,0.0390,0.6381,0.0191,0.0419,0.7686,0.008,,,,,,,
84,Left,19,0.0000,0.0000,0.0266,0.5288,0.0273,0.0288,0.8478,0.008,,,,,,,
84,Left,20,-0.0003,0.0016,0.0243,0.0000,0.0000,0.0000,1.0000,0.008,,,,,,,
84,Left,21,-0.0230,-0.0094,0.0341,0.0183,-0.1403,0.2070,0.9681,0.008,,,,,,,
84,Left,22,0.0000,0.0000,0.0457,0.4596,-0.0279,-0.0674,0.8852,0.008,,,,,,,
84,Left,23,0.0000,0.0000,0.0307,0.6625,-0.0058,0.0872,0.7440,0.008,,,,,,,
84,Left,24,0.0000,0.0000,0.0203,0.5394,0.0410,-0.0025,0.8411,0.008,,,,,,,
84,Left,25,0.0002,0.0012,0.0219,0.0000,0.0000,0.0000,1.0000,0.008,,,,,,,
84,Right,0,-0.0023,-0.0053,0.0652,0.0000,0.0000,0.0000,1.0000,0.008,,,,,,,
84,Right,1,0.0000,0.0000,0.0000,0.0000,0.0000,0.0000,1.0000,0.008,-0.0470,-0.2923,0.0843,0.2025,0.4463,0.8677,-0.0835
84,Right,2,-0.0289,-0.0181,0.0355,-0.0755,-0.3255,0.5995,0.7272,0.008,,,,,,,
84,Right,3,0.0000,0.0000,0.0325,0.2621,0.0459,-0.0809,0.9606,0.008,,,,,,,
84,Right,4,0.0000,0.0000,0.0338,0.1627,-0.0461,0.0775,0.9825,0.008,,,,,,,
84,Right,5,0.0007,0.0010,0.0246,0.0000,0.0000,0.0000,1.0000,0.008,,,,,,,
84,Right,6,-0.0192,-0.0105,0.0369,0.0000,0.0000,0.0000,1.0000,0.008,,,,,,,
84,Right,7,-0.0044,0.0032,0.0591,0.1901,0.0675,0.0260,0.9791,0.008,,,,,,,
84,Right,8,0.0000,0.0000,0.0379,0.2064,0.0017,-0.0263,0.9781,0.008,,,,,,,
84,Right,9,0.0000,0.0000,0.0243,0.0679,0.0249,-0.0167,0.9972,0.008,,,,,,,
84,Right,10,0.0003,0.0010,0.0224,0.0000,0.0000,0.0000,1.0000,0.008,,,,,,,
84,Right,11,-0.0029,-0.0081,0.0348,0.0000,0.0000,0.0000,1.0000,0.008,,,,,,,
84,Right,12,0.0012,0.0056,0.0609,0.2751,0.0749,-0.0256,0.9582,0.008,,,,,,,
84,Right,13,0.0000,0.0000,0.0429,0.1495,0.0026,-0.0121,0.9887,0.008,,,,,,,
84,Right,14,0.0000,0.0000,0.0275,0.0170,-0.0002,-0.0453,0.9988,0.008,,,,,,,
84,Right,15,0.0003,0.0011,0.0250,0.0000,0.0000,0.0000,1.0000,0.008,,,,,,,
84,Right,16,0.0150,-0.0060,0.0348,0.0000,0.0000,0.0000,1.0000,0.008,,,,,,,
84,Right,17,0.0025,-0.0005,0.0539,0.2113,0.0764,-0.0654,0.9722,0.008,,,,,,,
84,Right,18,0.0000,0.0000,0.0390,0.1416,-0.0018,-0.0367,0.9892,0.008,,,,,,,
84,Right,19,0.0000,0.0000,0.0266,0.0618,-0.0295,-0.0075,0.9976,0.008,,,,,,,
84,Right,20,0.0003,0.0016,0.0243,0.0000,0.0000,0.0000,1.0000,0.008,,,,,,,
84,Right,21,0.0230,-0.0094,0.0341,0.0183,0.1403,-0.2070,0.9681,0.008,,,,,,,
84,Right,22,0.0000,0.0000,0.0457,0.0882,-0.0124,0.0893,0.9920,0.008,,,,,,,
84,Right,23,0.0000,0.0000,0.0307,0.1777,0.0348,-0.0537,0.9820,0.008,,,,,,,
84,Right,24,0.0000,0.0000,0.0203,0.0087,-0.0492,0.0008,0.9988,0.008,,,,,,,
84,Right,25,-0.0002,0.0012,0.0219,0.0000,0.0000,0.0000,1.0000,0.008,,,,,,,
85,Left,0,0.0024,-0.0053,0.0652,0.0000,0.0000,0.0000,1.0000,0.008,,,,,,,
85,Left,1,0.0000,0.0000,0.0000,0.0000,0.0000,0.0000,1.0000,0.008,0.3545,0.0521,0.0544,-0.0774,-0.4936,-0.8656,-0.0322
85,Left,2,0.0291,-0.0177,0.0353,-0.0645,0.3498,-0.5971,0.7190,0.008,,,,,,,
85,Left,3,0.0000,0.0000,0.0325,0.2052,-0.0516,0.0819,0.9739,0.008,,,,,,,
85,Left,4,0.0000,0.0000,0.0338,0.2347,0.0393,-0.0746,0.9684,0.008,,,,,,,
85,Left,5,-0.0007,0.0010,0.0246,0.0000,0.0000,0.0000,1.0000,0.008,,,,,,,
85,Left,6,0.0193,-0.0103,0.0368,0.0000,0.0000,0.0000,1.0000,0.008,,,,,,,
85,Left,7,0.0043,0.0030,0.0591,0.4849,0.0091,-0.0518,0.8730,0.008,,,,,,,
85,Left,8,0.0000,0.0000,0.0379,0.6747,0.0121,0.0226,0.7376,0.008,,,,,,,
85,Left,9,0.0000,0.0000,0.0243,0.4688,-0.0153,0.0168,0.8830,0.008,,,,,,,
85,Left,10,-0.0003,0.0010,0.0224,0.0000,0.0000,0.0000,1.0000,0.008,,,,,,,
85,Left,11,0.0031,-0.0081,0.0347,0.0000,0.0000,0.0000,1.0000,0.008,,,,,,,
85,Left,12,-0.0013,0.0055,0.0610,0.5494,-0.0283,0.0243,0.8347,0.008,,,,,,,
85,Left,13,0.0000,0.0000,0.0429,0.5778,0.0029,0.0129,0.8161,0.008,,,,,,,
85,Left,14,0.0000,0.0000,0.0275,0.4769,0.0204,0.0851,0.8746,0.008,,,,,,,
85,Left,15,-0.0003,0.0011,0.0250,0.0000,0.0000,0.0000,1.0000,0.008,,,,,,,
85,Left,16,-0.0150,-0.0060,0.0348,0.0000,0.0000,0.0000,1.0000,0.008,,,,,,,
85,Left,17,-0.0025,-0.0005,0.0539,0.5455,-0.0289,0.0747,0.8343,0.008,,,,,,,
85,Left,18,0.0000,0.0000,0.0390,0.6381,0.0191,0.0419,0.7686,0.008,,,,,,,
85,Left,19,0.0000,0.0000,0.0266,0.5288,0.0273,0.0288,0.8478,0.008,,,,,,,
85,Left,20,-0.0003,0.0016,0.0243,0.0000,0.0000,0.0000,1.0000,0.008,,,,,,,
85,Left,21,-0.0230,-0.0094,0.0341,0.0183,-0.1403,0.2070,0.9681,0.008,,,,,,,
85,Left,22,0.0000,0.0000,0.0457,0.4596,-0.0279,-0.0674,0.8851,0.008,,,,,,,
85,Left,23,0.0000,0.0000,0.0307,0.6625,-0.0058,0.0872,0.7440,0.008,,,,,,,
85,Left,24,0.0000,0.0000,0.0203,0.5394,0.0410,-0.0025,0.8411,0.008,,,,,,,
85,Left,25,0.0002,0.0012,0.0219,0.0000,0.0000,0.0000,1.0000,0.008,,,,,,,
85,Right,0,-0.0023,-0.0053,0.0652,0.0000,0.0000,0.0000,1.0000,0.008,,,,,,,
85,Right,1,0.0000,0.0000,0.0000,0.0000,0.0000,0.0000,1.0000,0.008,-0.0470,-0.2923,0.0843,0.2025,0.4463,0.8677,-0.0835
85,Right,2,-0.0289,-0.0181,0.0355,-0.0755,-0.3255,0.5995,0.7272,0.008,,,,,,,
85,Right,3,0.0000,0.0000,0.0325,0.2621,0.0459,-0.0809,0.9606,0.008,,,,,,,
85,Right,4,0.0000,0.0000,0.0338,0.1627,-0.0461,0.0775,0.9825,0.008,,,,,,,
85,Right,5,0.0007,0.0010,0.0246,0.0000,0.0000,0.0000,1.0000,0.008,,,,,,,
85,Right,6,-0.0192,-0.0105,0.0369,0.0000,0.0000,0.0000,1.0000,0.008,,,,,,,
85,Right,7,-0.0044,0.0032,0.0591,0.1901,0.0675,0.0260,0.9791,0.008,,,,,,,
85,Right,8,0.0000,0.0000,0.0379,0.2064,0.0017,-0.0263,0.9781,0.008,,,,,,,
85,Right,9,0.0000,0.0000,0.0243,0.0679,0.0249,-0.0167,0.9972,0.008,,,,,,,
85,Right,10,0.0003,0.0010,0.0224,0.0000,0.0000,0.0000,1.0000,0.008,,,,,,,
85,Right,11,-0.0029,-0.0081,0.0348,0.0000,0.0000,0.0000,1.0000,0.008,,,,,,,
85,Right,12,0.0012,0.0056,0.0609,0.2751,0.0749,-0.0256,0.9582,0.008,,,,,,,
85,Right,13,0.0000,0.0000,0.0429,0.1495,0.0026,-0.0121,0.9887,0.008,,,,,,,
85,Right,14,0.0000,0.0000,0.0275,0.0170,-0.0002,-0.0453,0.9988,0.008,,,,,,,
85,Right,15,0.0003,0.0011,0.0250,0.0000,0.0000,0.0000,1.0000,0.008,,,,,,,
85,Right,16,0.0150,-0.0060,0.0348,0.0000,0.0000,0.0000,1.0000,0.008,,,,,,,
85,Right,17,0.0025,-0.0005,0.0539,0.2113,0.0764,-0.0654,0.9722,0.008,,,,,,,
85,Right,18,0.0000,0.0000,0.0390,0.1416,-0.0018,-0.0367,0.9892,0.008,,,,,,,
85,Right,19,0.0000,0.0000,0.0266,0.0618,-0.0295,-0.0075,0.9976,0.008,,,,,,,
85,Right,20,0.0003,0.0016,0.0243,0.0000,0.0000,0.0000,1.0000,0.008,,,,,,,
85,Right,21,0.0230,-0.0094,0.0341,0.0183,0.1403,-0.2070,0.9681,0.008,,,,,,,
85,Right,22,0.0000,0.0000,0.0457,0.0882,-0.0124,0.0893,0.9920,0.008,,,,,,,
85,Right,23,0.0000,0.0000,0.0307,0.1777,0.0348,-0.0537,0.9820,0.008,,,,,,,
85,Right,24,0.0000,0.0000,0.0203,0.0087,-0.0492,0.0008,0.9988,0.008,,,,,,,
85,Right,25,-0.0002,0.0012,0.0219,0.0000,0.0000,0.0000,1.0000,0.008,,,,,,,
86,Left,0,0.0024,-0.0053,0.0652,0.0000,0.0000,0.0000,1.0000,0.008,,,,,,,
86,Left,1,0.0000,0.0000,0.0000,0.0000,0.0000,0.0000,1.0000,0.008,0.3545,0.0521,0.0544,-0.0774,-0.4936,-0.8656,-0.0322
86,Left,2,0.0291,-0.0177,0.0353,-0.0645,0.3498,-0.5971,0.7190,0.008,,,,,,,
86,Left,3,0.0000,0.0000,0.0325,0.2052,-0.0516,0.0819,0.9739,0.008,,,,,,,
86,Left,4,0.0000,0.0000,0.0338,0.2347,0.0393,-0.0746,0.9684,0.008,,,,,,,
86,Left,5,-0.0007,0.0010,0.0246,0.0000,0.0000,0.0000,1.0000,0.008,,,,,,,
86,Left,6,0.0193,-0.0103,0.0368,0.0000,0.0000,0.0000,1.0000,0.008,,,,,,,
86,Left,7,0.0043,0.0030,0.0591,0.4849,0.0091,-0.0518,0.8730,0.008,,,,,,,
86,Left,8,0.0000,0.0000,0.0379,0.6747,0.0121,0.0226,0.7376,0.008,,,,,,,
86,Left,9,0.0000,0.0000,0.0243,0.4688,-0.0153,0.0168,0.8830,0.008,,,,,,,
86,Left,10,-0.0003,0.0010,0.0224,0.0000,0.0000,0.0000,1.0000,0.008,,,,,,,
86,Left,11,0.0031,-0.0081,0.0347,0.0000,0.0000,0.0000,1.0000,0.008,,,,,,,
86,Left,12,-0.0013,0.0055,0.0610,0.5494,-0.0283,0.0243,0.8347,0.008,,,,,,,
86,Left,13,0.0000,0.0000,0.0429,0.5778,0.0029,0.0129,0.8161,0.008,,,,,,,
86,Left,14,0.0000,0.0000,0.0275,0.4769,0.0204,0.0851,0.8746,0.008,,,,,,,
86,Left,15,-0.0003,0.0011,0.0250,0.0000,0.0000,0.0000,1.0000,0.008,,,,,,,
86,Left,16,-0.0150,-0.0060,0.0348,0.0000,0.0000,0.0000,1.0000,0.008,,,,,,,
86,Left,17,-0.0025,-0.0005,0.0539,0.5455,-0.0289,0.0747,0.8343,0.008,,,,,,,
86,Left,18,0.0000,0.0000,0.0390,0.6381,0.0191,0.0419,0.7686,0.008,,,,,,,
86,Left,19,0.0000,0.0000,0.0266,0.5288,0.0273,0.0288,0.8478,0.008,,,,,,,
86,Left,20,-0.0003,0.0016,0.0243,0.0000,0.0000,0.0000,1.0000,0.008,,,,,,,
86,Left,21,-0.0230,-0.0094,0.0341,0.0183,-0.1403,0.2070,0.9681,0.008,,,,,,,
86,Left,22,0.0000,0.0000,0.0457,0.4596,-0.0279,-0.0674,0.8851,0.008,,,,,,,
86,Left,23,0.0000,0.0000,0.0307,0.6625,-0.0058,0.0872,0.7439,0.008,,,,,,,
86,Left,24,0.0000,0.0000,0.0203,0.5394,0.0410,-0.0025,0.8411,0.008,,,,,,,
86,Left,25,0.0002,0.0012,0.0219,0.0000,0.0000,0.0000,1.0000,0.008,,,,,,,
86,Right,0,-0.0023,-0.0053,0.0652,0.0000,0.0000,0.0000,1.0000,0.008,,,,,,,
86,Right,1,0.0000,0.0000,0.0000,0.0000,0.0000,0.0000,1.0000,0.008,-0.0470,-0.2923,0.0843,0.2025,0.4463,0.8677,-0.0835
86,Right,2,-0.0289,-0.0181,0.0355,-0.0755,-0.3255,0.5996,0.7272,0.008,,,,,,,
86,Right,3,0.0000,0.0000,0.0325,0.2621,0.0459,-0.0809,0.9606,0.008,,,,,,,
86,Right,4,0.0000,0.0000,0.0338,0.1627,-0.0461,0.0775,0.9826,0.008,,,,,,,
86,Right,5,0.0007,0.0010,0.0246,0.0000,0.0000,0.0000,1.0000,0.008,,,,,,,
86,Right,6,-0.0192,-0.0105,0.0369,0.0000,0.0000,0.0000,1.0000,0.008,,,,,,,
86,Right,7,-0.0044,0.0032,0.0591,0.1901,0.0675,0.0260,0.9791,0.008,,,,,,,
86,Right,8,0.0000,0.0000,0.0379,0.2064,0.0017,-0.0263,0.9781,0.008,,,,,,,
86,Right,9,0.0000,0.0000,0.0243,0.0679,0.0249,-0.0167,0.9972,0.008,,,,,,,
86,Right,10,0.0003,0.0010,0.0224,0.0000,0.0000,0.0000,1.0000,0.008,,,,,,,
86,Right,11,-0.0029,-0.0081,0.0348,0.0000,0.0000,0.0000,1.0000,0.008,,,,,,,
86,Right,12,0.0012,0.0056,0.0609,0.2751,0.0749,-0.0256,0.9582,0.008,,,,,,,
86,Right,13,0.0000,0.0000,0.0429,0.1495,0.0026,-0.0121,0.9887,0.008,,,,,,,
86,Right,14,0.0000,0.0000,0.0275,0.0170,-0.0002,-0.0453,0.9988,0.008,,,,,,,
86,Right,15,0.0003,0.0011,0.0250,0.0000,0.0000,0.0000,1.0000,0.008,,,,,,,
86,Right,16,0.0150,-0.0060,0.0348,0.0000,0.0000,0.0000,1.0000,0.008,,,,,,,
86,Right,17,0.0025,-0.0005,0.0539,0.2113,0.0764,-0.0654,0.9722,0.008,,,,,,,
86,Right,18,0.0000,0.0000,0.0390,0.1416,-0.0018,-0.0367,0.9892,0.008,,,,,,,
86,Right,19,0.0000,0.0000,0.0266,0.0618,-0.0295,-0.0075,0.9976,0.008,,,,,,,
86,Right,20,0.0003,0.0016,0.0243,0.0000,0.0000,0.0000,1.0000,0.008,,,,,,,
86,Right,21,0.0230,-0.0094,0.0341,0.0183,0.1403,-0.2070,0.9681,0.008,,,,,,,
86,Right,22,0.0000,0.0000,0.0457,0.0882,-0.0124,0.0893,0.9920,0.008,,,,,,,
86,Right,23,0.0000,0.0000,0.0307,0.1777,0.0348,-0.0537,0.9820,0.008,,,,,,,
86,Right,24,0.0000,0.0000,0.0203,0.0087,-0.0492,0.0008,0.9988,0.008,,,,,,,
86,Right,25,-0.0002,0.0012,0.0219,0.0000,0.0000,0.0000,1.0000,0.008,,,,,,,
87,Left,0,0.0024,-0.0053,0.0652,0.0000,0.0000,0.0000,1.0000,0.009,,,,,,,
87,Left,1,0.0000,0.0000,0.0000,0.0000,0.0000,0.0000,1.0000,0.009,0.3545,0.0521,0.0544,-0.0774,-0.4936,-0.8656,-0.0322
87,Left,2,0.0291,-0.0177,0.0353,-0.0645,0.3498,-0.5971,0.7190,0.009,,,,,,,
87,Left,3,0.0000,0.0000,0.0325,0.2052,-0.0516,0.0819,0.9739,0.009,,,,,,,
87,Left,4,0.0000,0.0000,0.0338,0.2347,0.0393,-0.0746,0.9684,0.009,,,,,,,
87,Left,5,-0.0007,0.0010,0.0246,0.0000,0.0000,0.0000,1.0000,0.009,,,,,,,
87,Left,6,0.0193,-0.0103,0.0368,0.0000,0.0000,0.0000,1.0000,0.009,,,,,,,
87,Left,7,0.0043,0.0030,0.0591,0.4849,0.0091,-0.0518,0.8730,0.009,,,,,,,
87,Left,8,0.0000,0.0000,0.0379,0.6747,0.0121,0.0226,0.7376,0.009,,,,,,,
87,Left,9,0.0000,0.0000,0.0243,0.4688,-0.0153,0.0168,0.8830,0.009,,,,,,,
87,Left,10,-0.0003,0.0010,0.0224,0.0000,0.0000,0.0000,1.0000,0.009,,,,,,,
87,Left,11,0.0031,-0.0081,0.0347,0.0000,0.0000,0.0000,1.0000,0.009,,,,,,,
87,Left,12,-0.0013,0.0055,0.0610,0.5494,-0.0283,0.0243,0.8347,0.009,,,,,,,
87,Left,13,0.0000,0.0000,0.0429,0.5778,0.0029,0.0129,0.8161,0.009,,,,,,,
87,Left,14,0.0000,0.0000,0.0275,0.4769,0.0204,0.0851,0.8746,0.009,,,,,,,
87,Left,15,-0.0003,0.0011,0.0250,0.0000,0.0000,0.0000,1.0000,0.009,,,,,,,
87,Left,16,-0.0150,-0.0060,0.0348,0.0000,0.0000,0.0000,1.0000,0.009,,,,,,,
87,Left,17,-0.0025,-0.0005,0.0539,0.5455,-0.0289,0.0747,0.8343,0.009,,,,,,,
87,Left,18,0.0000,0.0000,0.0390,0.6381,0.0191,0.0419,0.7686,0.009,,,,,,,
87,Left,19,0.0000,0.0000,0.0266,0.5288,0.0273,0.0288,0.8478,0.009,,,,,,,
87,Left,20,-0.0003,0.0016,0.0243,0.0000,0.0000,0.0000,1.0000,0.009,,,,,,,
87,Left,21,-0.0230,-0.0094,0.0341,0.0183,-0.1403,0.2070,0.9681,0.009,,,,,,,
87,Left,22,0.0000,0.0000,0.0457,0.4596,-0.0279,-0.0674,0.8851,0.009,,,,,,,
87,Left,23,0.0000,0.0000,0.0307,0.6625,-0.0058,0.0872,0.7439,0.009,,,,,,,
87,Left,24,0.0000,0.0000,0.0203,0.5394,0.0410,-0.0025,0.8411,0.009,,,,,,,
87,Left,25,0.0002,0.0012,0.0219,0.0000,0.0000,0.0000,1.0000,0.009,,,,,,,
87,Right,0,-0.0023,-0.0053,0.0652,0.0000,0.0000,0.0000,1.0000,0.009,,,,,,,
87,Right,1,0.0000,0.0000,0.0000,0.0000,0.0000,0.0000,1.0000,0.009,-0.0470,-0.2923,0.0843,0.2025,0.4463,0.8677,-0.0835
87,Right,2,-0.0289,-0.0181,0.0355,-0.0755,-0.3255,0.5996,0.7272,0.009,,,,,,,
87,Right,3,0.0000,0.0000,0.0325,0.2621,0.0459,-0.0809,0.9606,0.009,,,,,,,
87,Right,4,0.0000,0.0000,0.0338,0.1627,-0.0461,0.0775,0.9826,0.009,,,,,,,
87,Right,5,0.0007,0.0010,0.0246,0.0000,0.0000,0.0000,1.0000,0.009,,,,,,,
87,Right,6,-0.0192,-0.0105,0.0369,0.0000,0.0000,0.0000,1.0000,0.009,,,,,,,
87,Right,7,-0.0044,0.0032,0.0591,0.1901,0.0675,0.0260,0.9791,0.009,,,,,,,
87,Right,8,0.0000,0.0000,0.0379,0.2064,0.0017,-0.0263,0.9781,0.009,,,,,,,
87,Right,9,0.0000,0.0000,0.0243,0.0679,0.0249,-0.0167,0.9972,0.009,,,,,,,
87,Right,10,0.0003,0.0010,0.0224,0.0000,0.0000,0.0000,1.0000,0.009,,,,,,,
87,Right,11,-0.0029,-0.0081,0.0348,0.0000,0.0000,0.0000,1.0000,0.009,,,,,,,
87,Right,12,0.0012,0.0056,0.0609,0.2751,0.0749,-0.0256,0.9582,0.009,,,,,,,
87,Right,13,0.0000,0.0000,0.0429,0.1495,0.0026,-0.0121,0.9887,0.009,,,,,,,
87,Right,14,0.0000,0.0000,0.0275,0.0170,-0.0002,-0.0453,0.9988,0.009,,,,,,,
87,Right,15,0.0003,0.0011,0.0250,0.0000,0.0000,0.0000,1.0000,0.009,,,,,,,
87,Right,16,0.0150,-0.0060,0.0348,0.0000,0.0000,0.0000,1.0000,0.009,,,,,,,
87,Right,17,0.0025,-0.0005,0.0539,0.2113,0.0764,-0.0654,0.9722,0.009,,,,,,,
87,Right,18,0.0000,0.0000,0.0390,0.1416,-0.0018,-0.0367,0.9892,0.009,,,,,,,
87,Right,19,0.0000,0.0000,0.0266,0.0618,-0.0295,-0.0075,0.9976,0.009,,,,,,,
87,Right,20,0.0003,0.0016,0.0243,0.0000,0.0000,0.0000,1.0000,0.009,,,,,,,
87,Right,21,0.0230,-0.0094,0.0341,0.0183,0.1403,-0.2070,0.9681,0.009,,,,,,,
87,Right,22,0.0000,0.0000,0.0457,0.0882,-0.0124,0.0893,0.9920,0.009,,,,,,,
87,Right,23,0.0000,0.0000,0.0307,0.1777,0.0348,-0.0537,0.9820,0.009,,,,,,,
87,Right,24,0.0000,0.0000,0.0203,0.0087,-0.0492,0.0008,0.9988,0.009,,,,,,,
87,Right,25,-0.0002,0.0012,0.0219,0.0000,0.0000,0.0000,1.0000,0.009,,,,,,,
88,Left,0,0.0024,-0.0053,0.0652,0.0000,0.0000,0.0000,1.0000,0.009,,,,,,,
88,Left,1,0.0000,0.0000,0.0000,0.0000,0.0000,0.0000,1.0000,0.009,0.3545,0.0521,0.0544,-0.0774,-0.4936,-0.8656,-0.0322
88,Left,2,0.0291,-0.0177,0.0353,-0.0645,0.3498,-0.5971,0.7190,0.009,,,,,,,
88,Left,3,0.0000,0.0000,0.0325,0.2052,-0.0516,0.0819,0.9739,0.009,,,,,,,
88,Left,4,0.0000,0.0000,0.0338,0.2347,0.0393,-0.0746,0.9684,0.009,,,,,,,
88,Left,5,-0.0007,0.0010,0.0246,0.0000,0.0000,0.0000,1.0000,0.009,,,,,,,
88,Left,6,0.0193,-0.0103,0.0368,0.0000,0.0000,0.0000,1.0000,0.009,,,,,,,
88,Left,7,0.0043,0.0030,0.0591,0.4849,0.0091,-0.0518,0.8730,0.009,,,,,,,
88,Left,8,0.0000,0.0000,0.0379,0.6747,0.0121,0.0226,0.7376,0.009,,,,,,,
88,Left,9,0.0000,0.0000,0.0243,0.4688,-0.0153,0.0168,0.8830,0.009,,,,,,,
88,Left,10,-0.0003,0.0010,0.0224,0.0000,0.0000,0.0000,1.0000,0.009,,,,,,,
88,Left,11,0.0031,-0.0081,0.0347,0.0000,0.0000,0.0000,1.0000,0.009,,,,,,,
88,Left,12,-0.0013,0.0055,0.0610,0.5494,-0.0283,0.0243,0.8347,0.009,,,,,,,
88,Left,13,0.0000,0.0000,0.0429,0.5778,0.0029,0.0129,0.8161,0.009,,,,,,,
88,Left,14,0.0000,0.0000,0.0275,0.4769,0.0204,0.0851,0.8746,0.009,,,,,,,
88,Left,15,-0.0003,0.0011,0.0250,0.0000,0.0000,0.0000,1.0000,0.009,,,,,,,
88,Left,16,-0.0150,-0.0060,0.0348,0.0000,0.0000,0.0000,1.0000,0.009,,,,,,,
88,Left,17,-0.0025,-0.0005,0.0539,0.5455,-0.0289,0.0747,0.8343,0.009,,,,,,,
88,Left,18,0.0000,0.0000,0.0390,0.6381,0.0191,0.0419,0.7686,0.009,,,,,,,
88,Left,19,0.0000,0.0000,0.0266,0.5288,0.0273,0.0288,0.8478,0.009,,,,,,,
88,Left,20,-0.0003,0.0016,0.0243,0.0000,0.0000,0.0000,1.0000,0.009,,,,,,,
88,Left,21,-0.0230,-0.0094,0.0341,0.0183,-0.1403,0.2070,0.9681,0.009,,,,,,,
88,Left,22,0.0000,0.0000,0.0457,0.4596,-0.0279,-0.0674,0.8851,0.009,,,,,,,
88,Left,23,0.0000,0.0000,0.0307,0.6625,-0.0058,0.0872,0.7439,0.009,,,,,,,
88,Left,24,0.0000,0.0000,0.0203,0.5394,0.0410,-0.0025,0.8411,0.009,,,,,,,
88,Left,25,0.0002,0.0012,0.0219,0.0000,0.0000,0.0000,1.0000,0.009,,,,,,,
88,Right,0,-0.0023,-0.0053,0.0652,0.0000,0.0000,0.0000,1.0000,0.009,,,,,,,
88,Right,1,0.0000,0.0000,0.0000,0.0000,0.0000,0.0000,1.0000,0.009,-0.0470,-0.2923,0.0843,0.2025,0.4463,0.8677,-0.0835
88,Right,2,-0.0289,-0.0181,0.0355,-0.0755,-0.3255,0.5996,0.7272,0.009,,,,,,,
88,Right,3,0.0000,0.0000,0.0325,0.2621,0.0459,-0.0809,0.9606,0.009,,,,,,,
88,Right,4,0.0000,0.0000,0.0338,0.1627,-0.0461,0.0775,0.9826,0.009,,,,,,,
88,Right,5,0.0007,0.0010,0.0246,0.0000,0.0000,0.0000,1.0000,0.009,,,,,,,
88,Right,6,-0.0192,-0.0105,0.0369,0.0000,0.0000,0.0000,1.0000,0.009,,,,,,,
88,Right,7,-0.0044,0.0032,0.0591,0.1901,0.0675,0.0260,0.9791,0.009,,,,,,,
88,Right,8,0.0000,0.0000,0.0379,0.2064,0.0017,-0.0263,0.9781,0.009,,,,,,,
88,Right,9,0.0000,0.0000,0.0243,0.0679,0.0249,-0.0167,0.9972,0.009,,,,,,,
88,Right,10,0.0003,0.0010,0.0224,0.0000,0.0000,0.0000,1.0000,0.009,,,,,,,
88,Right,11,-0.0029,-0.0081,0.0348,0.0000,0.0000,0.0000,1.0000,0.009,,,,,,,
88,Right,12,0.0012,0.0056,0.0609,0.2751,0.0749,-0.0256,0.9582,0.009,,,,,,,
88,Right,13,0.0000,0.0000,0.0429,0.1495,0.0026,-0.0121,0.9887,0.009,,,,,,,
88,Right,14,0.0000,0.0000,0.0275,0.0170,-0.0002,-0.0453,0.9988,0.009,,,,,,,
88,Right,15,0.0003,0.0011,0.0250,0.0000,0.0000,0.0000,1.0000,0.009,,,,,,,
88,Right,16,0.0150,-0.0060,0.0348,0.0000,0.0000,0.0000,1.0000,0.009,,,,,,,
88,Right,17,0.0025,-0.0005,0.0539,0.2113,0.0764,-0.0654,0.9722,0.009,,,,,,,
88,Right,18,0.0000,0.0000,0.0390,0.1416,-0.0018,-0.0367,0.9892,0.009,,,,,,,
88,Right,19,0.0000,0.0000,0.0266,0.0618,-0.0295,-0.0075,0.9976,0.009,,,,,,,
88,Right,20,0.0003,0.0016,0.0243,0.0000,0.0000,0.0000,1.0000,0.009,,,,,,,
88,Right,21,0.0230,-0.0094,0.0341,0.0183,0.1403,-0.2070,0.9681,0.009,,,,,,,
88,Right,22,0.0000,0.0000,0.0457,0.0882,-0.0124,0.0893,0.9920,0.009,,,,,,,
88,Right,23,0.0000,0.0000,0.0307,0.1777,0.0348,-0.0537,0.9820,0.009,,,,,,,
88,Right,24,0.0000,0.0000,0.0203,0.0087,-0.0492,0.0008,0.9988,0.009,,,,,,,
88,Right,25,-0.0002,0.0012,0.0219,0.0000,0.0000,0.0000,1.0000,0.009,,,,,,,
89,Left,0,0.0024,-0.0053,0.0652,0.0000,0.0000,0.0000,1.0000,0.009,,,,,,,
89,Left,1,0.0000,0.0000,0.0000,0.0000,0.0000,0.0000,1.0000,0.009,0.3545,0.0521,0.0544,-0.0774,-0.4936,-0.8656,-0.0322
89,Left,2,0.0291,-0.0177,0.0353,-0.0645,0.3498,-0.5971,0.7190,0.009,,,,,,,
89,Left,3,0.0000,0.0000,0.0325,0.2052,-0.0516,0.0819,0.9739,0.009,,,,,,,
89,Left,4,0.0000,0.0000,0.0338,0.2347,0.0393,-0.0746,0.9684,0.009,,,,,,,
89,Left,5,-0.0007,0.0010,0.0246,0.0000,0.0000,0.0000,1.0000,0.009,,,,,,,
89,Left,6,0.0193,-0.0103,0.0368,0.0000,0.0000,0.0000,1.0000,0.009,,,,,,,
89,Left,7,0.0043,0.0030,0.0591,0.4849,0.0091,-0.0518,0.8730,0.009,,,,,,,
89,Left,8,0.0000,0.0000,0.0379,0.6748,0.0121,0.0226,0.7376,0.009,,,,,,,
89,Left,9,0.0000,0.0000,0.0243,0.4689,-0.0153,0.0168,0.8830,0.009,,,,,,,
89,Left,10,-0.0003,0.0010,0.0224,0.0000,0.0000,0.0000,1.0000,0.009,,,,,,,
89,Left,11,0.0031,-0.0081,0.0347,0.0000,0.0000,0.0000,1.0000,0.009,,,,,,,
89,Left,12,-0.0013,0.0055,0.0610,0.5494,-0.0283,0.0243,0.8347,0.009,,,,,,,
89,Left,13,0.0000,0.0000,0.0429,0.5778,0.0029,0.0129,0.8160,0.009,,,,,,,
89,Left,14,0.0000,0.0000,0.0275,0.4769,0.0204,0.0851,0.8746,0.009,,,,,,,
89,Left,15,-0.0003,0.0011,0.0250,0.0000,0.0000,0.0000,1.0000,0.009,,,,,,,
89,Left,16,-0.0150,-0.0060,0.0348,0.0000,0.0000,0.0000,1.0000,0.009,,,,,,,
89,Left,17,-0.0025,-0.0005,0.0539,0.5455,-0.0289,0.0747,0.8343,0.009,,,,,,,
89,Left,18,0.0000,0.0000,0.0390,0.6381,0.0191,0.0419,0.7686,0.009,,,,,,,
89,Left,19,0.0000,0.0000,0.0266,0.5288,0.0273,0.0288,0.8478,0.009,,,,,,,
89,Left,20,-0.0003,0.0016,0.0243,0.0000,0.0000,0.0000,1.0000,0.009,,,,,,,
89,Left,21,-0.0230,-0.0094,0.0341,0.0183,-0.1403,0.2070,0.9681,0.009,,,,,,,
89,Left,22,0.0000,0.0000,0.0457,0.4596,-0.0279,-0.0674,0.8851,0.009,,,,,,,
89,Left,23,0.0000,0.0000,0.0307,0.6625,-0.0058,0.0872,0.7439,0.009,,,,,,,
89,Left,24,0.0000,0.0000,0.0203,0.5394,0.0410,-0.0025,0.8411,0.009,,,,,,,
89,Left,25,0.0002,0.0012,0.0219,0.0000,0.0000,0.0000,1.0000,0.009,,,,,,,
89,Right,0,-0.0023,-0.0053,0.0652,0.0000,0.0000,0.0000,1.0000,0.009,,,,,,,
89,Right,1,0.0000,0.0000,0.0000,0.0000,0.0000,0.0000,1.0000,0.009,-0.0470,-0.2923,0.0843,0.2025,0.4463,0.8677,-0.0835
89,Right,2,-0.0289,-0.0181,0.0355,-0.0755,-0.3255,0.5996,0.7272,0.009,,,,,,,
89,Right,3,0.0000,0.0000,0.0325,0.2621,0.0459,-0.0809,0.9606,0.009,,,,,,,
89,Right,4,0.0000,0.0000,0.0338,0.1627,-0.0461,0.0775,0.9826,0.009,,,,,,,
89,Right,5,0.0007,0.0010,0.0246,0.0000,0.0000,0.0000,1.0000,0.009,,,,,,,
89,Right,6,-0.0192,-0.0105,0.0369,0.0000,0.0000,0.0000,1.0000,0.009,,,,,,,
89,Right,7,-0.0044,0.0032,0.0591,0.1901,0.0675,0.0260,0.9791,0.009,,,,,,,
89,Right,8,0.0000,0.0000,0.0379,0.2064,0.0017,-0.0263,0.9781,0.009,,,,,,,
89,Right,9,0.0000,0.0000,0.0243,0.0679,0.0249,-0.0167,0.9972,0.009,,,,,,,
89,Right,10,0.0003,0.0010,0.0224,0.0000,0.0000,0.0000,1.0000,0.009,,,,,,,
89,Right,11,-0.0029,-0.0081,0.0348,0.0000,0.0000,0.0000,1.0000,0.009,,,,,,,
89,Right,12,0.0012,0.0056,0.0609,0.2751,0.0749,-0.0256,0.9582,0.009,,,,,,,
89,Right,13,0.0000,0.0000,0.0429,0.1495,0.0026,-0.0121,0.9887,0.009,,,,,,,
89,Right,14,0.0000,0.0000,0.0275,0.0170,-0.0002,-0.0453,0.9988,0.009,,,,,,,
89,Right,15,0.0003,0.0011,0.0250,0.0000,0.0000,0.0000,1.0000,0.009,,,,,,,
89,Right,16,0.0150,-0.0060,0.0348,0.0000,0.0000,0.0000,1.0000,0.009,,,,,,,
89,Right,17,0.0025,-0.0005,0.0539,0.2113,0.0764,-0.0654,0.9722,0.009,,,,,,,
89,Right,18,0.0000,0.0000,0.0390,0.1416,-0.0018,-0.0367,0.9892,0.009,,,,,,,
89,Right,19,0.0000,0.0000,0.0266,0.0618,-0.0295,-0.0075,0.9976,0.009,,,,,,,
89,Right,20,0.0003,0.0016,0.0243,0.0000,0.0000,0.0000,1.0000,0.009,,,,,,,
89,Right,21,0.0230,-0.0094,0.0341,0.0183,0.1403,-0.2070,0.9681,0.009,,,,,,,
89,Right,22,0.0000,0.0000,0.0457,0.0882,-0.0124,0.0893,0.9920,0.009,,,,,,,
89,Right,23,0.0000,0.0000,0.0307,0.1777,0.0348,-0.0537,0.9820,0.009,,,,,,,
89,Right,24,0.0000,0.0000,0.0203,0.0087,-0.0492,0.0008,0.9988,0.009,,,,,,,
89,Right,25,-0.0002,0.0012,0.0219,0.0000,0.0000,0.0000,1.0000,0.009,,,,,,,
90,Left,0,0.0024,-0.0053,0.0652,0.0000,0.0000,0.0000,1.0000,0.009,,,,,,,
90,Left,1,0.0000,0.0000,0.0000,0.0000,0.0000,0.0000,1.0000,0.009,0.3544,0.0521,0.0543,-0.0774,-0.4936,-0.8656,-0.0322
90,Left,2,0.0291,-0.0177,0.0353,-0.0645,0.3498,-0.5971,0.7190,0.009,,,,,,,
90,Left,3,0.0000,0.0000,0.0325,0.2052,-0.0516,0.0819,0.9739,0.009,,,,,,,
90,Left,4,0.0000,0.0000,0.0338,0.2347,0.0393,-0.0746,0.9684,0.009,,,,,,,
90,Left,5,-0.0007,0.0010,0.0246,0.0000,0.0000,0.0000,1.0000,0.009,,,,,,,
90,Left,6,0.0193,-0.0103,0.0368,0.0000,0.0000,0.0000,1.0000,0.009,,,,,,,
90,Left,7,0.0043,0.0030,0.0591,0.4849,0.0091,-0.0518,0.8730,0.009,,,,,,,
90,Left,8,0.0000,0.0000,0.0379,0.6748,0.0121,0.0226,0.7376,0.009,,,,,,,
90,Left,9,0.0000,0.0000,0.0243,0.4689,-0.0153,0.0168,0.8830,0.009,,,,,,,
90,Left,10,-0.0003,0.0010,0.0224,0.0000,0.0000,0.0000,1.0000,0.009,,,,,,,
90,Left,11,0.0031,-0.0081,0.0347,0.0000,0.0000,0.0000,1.0000,0.009,,,,,,,
90,Left,12,-0.0013,0.0055,0.0610,0.5494,-0.0283,0.0243,0.8347,0.009,,,,,,,
90,Left,13,0.0000,0.0000,0.0429,0.5778,0.0029,0.0129,0.8160,0.009,,,,,,,
90,Left,14,0.0000,0.0000,0.0275,0.4769,0.0204,0.0851,0.8746,0.009,,,,,,,
90,Left,15,-0.0003,0.0011,0.0250,0.0000,0.0000,0.0000,1.0000,0.009,,,,,,,
90,Left,16,-0.0150,-0.0060,0.0348,0.0000,0.0000,0.0000,1.0000,0.009,,,,,,,
90,Left,17,-0.0025,-0.0005,0.0539,0.5455,-0.0289,0.0747,0.8343,0.009,,,,,,,
90,Left,18,0.0000,0.0000,0.0390,0.6381,0.0191,0.0419,0.7686,0.009,,,,,,,
90,Left,19,0.0000,0.0000,0.0266,0.5289,0.0273,0.0288,0.8478,0.009,,,,,,,
90,Left,20,-0.0003,0.0016,0.0243,0.0000,0.0000,0.0000,1.0000,0.009,,,,,,,
90,Left,21,-0.0230,-0.0094,0.0341,0.0183,-0.1403,0.2070,0.9681,0.009,,,,,,,
90,Left,22,0.0000,0.0000,0.0457,0.4596,-0.0279,-0.0674,0.8851,0.009,,,,,,,
90,Left,23,0.0000,0.0000,0.0307,0.6625,-0.0058,0.0872,0.7439,0.009,,,,,,,
90,Left,24,0.0000,0.0000,0.0203,0.5394,0.0410,-0.0025,0.8411,0.009,,,,,,,
90,Left,25,0.0002,0.0012,0.0219,0.0000,0.0000,0.0000,1.0000,0.009,,,,,,,
90,Right,0,-0.0023,-0.0053,0.0652,0.0000,0.0000,0.0000,1.0000,0.009,,,,,,,
90,Right,1,0.0000,0.0000,0.0000,0.0000,0.0000,0.0000,1.0000,0.009,-0.0470,-0.2923,0.0843,0.2025,0.4463,0.8677,-0.0835
90,Right,2,-0.0289,-0.0181,0.0355,-0.0755,-0.3255,0.5996,0.7272,0.009,,,,,,,
90,Right,3,0.0000,0.0000,0.0325,0.2621,0.0459,-0.0809,0.9606,0.009,,,,,,,
90,Right,4,0.0000,0.0000,0.0338,0.1627,-0.0461,0.0775,0.9826,0.009,,,,,,,
90,Right,5,0.0007,0.0010,0.0246,0.0000,0.0000,0.0000,1.0000,0.009,,,,,,,
90,Right,6,-0.0192,-0.0105,0.0369,0.0000,0.0000,0.0000,1.0000,0.009,,,,,,,
90,Right,7,-0.0044,0.0032,0.0591,0.1901,0.0675,0.0260,0.9791,0.009,,,,,,,
90,Right,8,0.0000,0.0000,0.0379,0.2064,0.0017,-0.0263,0.9781,0.009,,,,,,,
90,Right,9,0.0000,0.0000,0.0243,0.0679,0.0249,-0.0167,0.9972,0.009,,,,,,,
90,Right,10,0.0003,0.0010,0.0224,0.0000,0.0000,0.0000,1.0000,0.009,,,,,,,
90,Right,11,-0.0029,-0.0081,0.0348,0.0000,0.0000,0.0000,1.0000,0.009,,,,,,,
90,Right,12,0.0012,0.0056,0.0609,0.2751,0.0749,-0.0256,0.9582,0.009,,,,,,,
90,Right,13,0.0000,0.0000,0.0429,0.1495,0.0026,-0.0121,0.9887,0.009,,,,,,,
90,Right,14,0.0000,0.0000,0.0275,0.0170,-0.0002,-0.0453,0.9988,0.009,,,,,,,
90,Right,15,0.0003,0.0011,0.0250,0.0000,0.0000,0.0000,1.0000,0.009,,,,,,,
90,Right,16,0.0150,-0.0060,0.0348,0.0000,0.0000,0.0000,1.0000,0.009,,,,,,,
90,Right,17,0.0025,-0.0005,0.0539,0.2113,0.0764,-0.0654,0.9722,0.009,,,,,,,
90,Right,18,0.0000,0.0000,0.0390,0.1416,-0.0018,-0.0367,0.9892,0.009,,,,,,,
90,Right,19,0.0000,0.0000,0.0266,0.0618,-0.0295,-0.0075,0.9976,0.009,,,,,,,
90,Right,20,0.0003,0.0016,0.0243,0.0000,0.0000,0.0000,1.0000,0.009,,,,,,,
90,Right,21,0.0230,-0.0094,0.0341,0.0183,0.1403,-0.2070,0.9681,0.009,,,,,,,
90,Right,22,0.0000,0.0000,0.0457,0.0882,-0.0124,0.0893,0.9920,0.009,,,,,,,
90,Right,23,0.0000,0.0000,0.0307,0.1777,0.0348,-0.0537,0.9820,0.009,,,,,,,
90,Right,24,0.0000,0.0000,0.0203,0.0087,-0.0492,0.0008,0.9988,0.009,,,,,,,
90,Right,25,-0.0002,0.0012,0.0219,0.0000,0.0000,0.0000,1.0000,0.009,,,,,,,
91,Left,0,0.0024,-0.0053,0.0652,0.0000,0.0000,0.0000,1.0000,0.009,,,,,,,
91,Left,1,0.0000,0.0000,0.0000,0.0000,0.0000,0.0000,1.0000,0.009,0.3544,0.0521,0.0543,-0.0774,-0.4936,-0.8656,-0.0322
91,Left,2,0.0291,-0.0177,0.0353,-0.0645,0.3498,-0.5971,0.7190,0.009,,,,,,,
91,Left,3,0.0000,0.0000,0.0325,0.2052,-0.0516,0.0819,0.9739,0.009,,,,,,,
91,Left,4,0.0000,0.0000,0.0338,0.2347,0.0393,-0.0746,0.9684,0.009,,,,,,,
91,Left,5,-0.0007,0.0010,0.0246,0.0000,0.0000,0.0000,1.0000,0.009,,,,,,,
91,Left,6,0.0193,-0.0103,0.0368,0.0000,0.0000,0.0000,1.0000,0.009,,,,,,,
91,Left,7,0.0043,0.0030,0.0591,0.4849,0.0091,-0.0518,0.8730,0.009,,,,,,,
91,Left,8,0.0000,0.0000,0.0379,0.6748,0.0121,0.0226,0.7376,0.009,,,,,,,
91,Left,9,0.0000,0.0000,0.0243,0.4689,-0.0153,0.0168,0.8830,0.009,,,,,,,
91,Left,10,-0.0003,0.0010,0.0224,0.0000,0.0000,0.0000,1.0000,0.009,,,,,,,
91,Left,11,0.0031,-0.0081,0.0347,0.0000,0.0000,0.0000,1.0000,0.009,,,,,,,
91,Left,12,-0.0013,0.0055,0.0610,0.5495,-0.0283,0.0243,0.8347,0.009,,,,,,,
91,Left,13,0.0000,0.0000,0.0429,0.5778,0.0029,0.0129,0.8160,0.009,,,,,,,
91,Left,14,0.0000,0.0000,0.0275,0.4769,0.0204,0.0851,0.8746,0.009,,,,,,,
91,Left,15,-0.0003,0.0011,0.0250,0.0000,0.0000,0.0000,1.0000,0.009,,,,,,,
91,Left,16,-0.0150,-0.0060,0.0348,0.0000,0.0000,0.0000,1.0000,0.009,,,,,,,
91,Left,17,-0.0025,-0.0005,0.0539,0.5455,-0.0289,0.0747,0.8343,0.009,,,,,,,
91,Left,18,0.0000,0.0000,0.0390,0.6381,0.0191,0.0419,0.7685,0.009,,,,,,,
91,Left,19,0.0000,0.0000,0.0266,0.5289,0.0273,0.0288,0.8478,0.009,,,,,,,
91,Left,20,-0.0003,0.0016,0.0243,0.0000,0.0000,0.0000,1.0000,0.009,,,,,,,
91,Left,21,-0.0230,-0.0094,0.0341,0.0183,-0.1403,0.2070,0.9681,0.009,,,,,,,
91,Left,22,0.0000,0.0000,0.0457,0.4596,-0.0279,-0.0674,0.8851,0.009,,,,,,,
91,Left,23,0.0000,0.0000,0.0307,0.6626,-0.0058,0.0872,0.7439,0.009,,,,,,,
91,Left,24,0.0000,0.0000,0.0203,0.5394,0.0410,-0.0025,0.8411,0.009,,,,,,,
91,Left,25,0.0002,0.0012,0.0219,0.0000,0.0000,0.0000,1.0000,0.009,,,,,,,
91,Right,0,-0.0023,-0.0053,0.0652,0.0000,0.0000,0.0000,1.0000,0.009,,,,,,,
91,Right,1,0.0000,0.0000,0.0000,0.0000,0.0000,0.0000,1.0000,0.009,-0.0470,-0.2923,0.0843,0.2025,0.4463,0.8677,-0.0835
91,Right,2,-0.0289,-0.0181,0.0355,-0.0755,-0.3255,0.5996,0.7272,0.009,,,,,,,
91,Right,3,0.0000,0.0000,0.0325,0.2621,0.0459,-0.0809,0.9606,0.009,,,,,,,
91,Right,4,0.0000,0.0000,0.0338,0.1627,-0.0461,0.0775,0.9826,0.009,,,,,,,
91,Right,5,0.0007,0.0010,0.0246,0.0000,0.0000,0.0000,1.0000,0.009,,,,,,,
91,Right,6,-0.0192,-0.0105,0.0369,0.0000,0.0000,0.0000,1.0000,0.009,,,,,,,
91,Right,7,-0.0044,0.0032,0.0591,0.1901,0.0675,0.0260,0.9791,0.009,,,,,,,
91,Right,8,0.0000,0.0000,0.0379,0.2064,0.0017,-0.0263,0.9781,0.009,,,,,,,
91,Right,9,0.0000,0.0000,0.0243,0.0679,0.0249,-0.0167,0.9972,0.009,,,,,,,
91,Right,10,0.0003,0.0010,0.0224,0.0000,0.0000,0.0000,1.0000,0.009,,,,,,,
91,Right,11,-0.0029,-0.0081,0.0348,0.0000,0.0000,0.0000,1.0000,0.009,,,,,,,
91,Right,12,0.0012,0.0056,0.0609,0.2751,0.0749,-0.0256,0.9582,0.009,,,,,,,
91,Right,13,0.0000,0.0000,0.0429,0.1495,0.0026,-0.0121,0.9887,0.009,,,,,,,
91,Right,14,0.0000,0.0000,0.0275,0.0170,-0.0002,-0.0453,0.9988,0.009,,,,,,,
91,Right,15,0.0003,0.0011,0.0250,0.0000,0.0000,0.0000,1.0000,0.009,,,,,,,
91,Right,16,0.0150,-0.0060,0.0348,0.0000,0.0000,0.0000,1.0000,0.009,,,,,,,
91,Right,17,0.0025,-0.0005,0.0539,0.2113,0.0764,-0.0654,0.9722,0.009,,,,,,,
91,Right,18,0.0000,0.0000,0.0390,0.1416,-0.0018,-0.0367,0.9892,0.009,,,,,,,
91,Right,19,0.0000,0.0000,0.0266,0.0618,-0.0295,-0.0075,0.9976,0.009,,,,,,,
91,Right,20,0.0003,0.0016,0.0243,0.0000,0.0000,0.0000,1.0000,0.009,,,,,,,
91,Right,21,0.0230,-0.0094,0.0341,0.0183,0.1403,-0.2070,0.9681,0.009,,,,,,,
91,Right,22,0.0000,0.0000,0.0457,0.0882,-0.0124,0.0893,0.9920,0.009,,,,,,,
91,Right,23,0.0000,0.0000,0.0307,0.1777,0.0348,-0.0537,0.9820,0.009,,,,,,,
91,Right,24,0.0000,0.0000,0.0203,0.0087,-0.0492,0.0008,0.9988,0.009,,,,,,,
91,Right,25,-0.0002,0.0012,0.0219,0.0000,0.0000,0.0000,1.0000,0.009,,,,,,,
92,Left,0,0.0024,-0.0053,0.0652,0.0000,0.0000,0.0000,1.0000,0.009,,,,,,,
92,Left,1,0.0000,0.0000,0.0000,0.0000,0.0000,0.0000,1.0000,0.009,0.3544,0.0521,0.0543,-0.0774,-0.4936,-0.8656,-0.0322
92,Left,2,0.0291,-0.0177,0.0353,-0.0645,0.3498,-0.5971,0.7190,0.009,,,,,,,
92,Left,3,0.0000,0.0000,0.0325,0.2052,-0.0516,0.0819,0.9739,0.009,,,,,,,
92,Left,4,0.0000,0.0000,0.0338,0.2347,0.0393,-0.0746,0.9684,0.009,,,,,,,
92,Left,5,-0.0007,0.0010,0.0246,0.0000,0.0000,0.0000,1.0000,0.009,,,,,,,
92,Left,6,0.0193,-0.0103,0.0368,0.0000,0.0000,0.0000,1.0000,0.009,,,,,,,
92,Left,7,0.0043,0.0030,0.0591,0.4849,0.0091,-0.0518,0.8730,0.009,,,,,,,
92,Left,8,0.0000,0.0000,0.0379,0.6748,0.0121,0.0226,0.7376,0.009,,,,,,,
92,Left,9,0.0000,0.0000,0.0243,0.4689,-0.0153,0.0168,0.8830,0.009,,,,,,,
92,Left,10,-0.0003,0.0010,0.0224,0.0000,0.0000,0.0000,1.0000,0.009,,,,,,,
92,Left,11,0.0031,-0.0081,0.0347,0.0000,0.0000,0.0000,1.0000,0.009,,,,,,,
92,Left,12,-0.0013,0.0055,0.0610,0.5495,-0.0283,0.0243,0.8347,0.009,,,,,,,
92,Left,13,0.0000,0.0000,0.0429,0.5778,0.0029,0.0129,0.8160,0.009,,,,,,,
92,Left,14,0.0000,0.0000,0.0275,0.4769,0.0204,0.0851,0.8746,0.009,,,,,,,
92,Left,15,-0.0003,0.0011,0.0250,0.0000,0.0000,0.0000,1.0000,0.009,,,,,,,
92,Left,16,-0.0150,-0.0060,0.0348,0.0000,0.0000,0.0000,1.0000,0.009,,,,,,,
92,Left,17,-0.0025,-0.0005,0.0539,0.5455,-0.0289,0.0747,0.8342,0.009,,,,,,,
92,Left,18,0.0000,0.0000,0.0390,0.6381,0.0191,0.0419,0.7685,0.009,,,,,,,
92,Left,19,0.0000,0.0000,0.0266,0.5289,0.0273,0.0288,0.8478,0.009,,,,,,,
92,Left,20,-0.0003,0.0016,0.0243,0.0000,0.0000,0.0000,1.0000,0.009,,,,,,,
92,Left,21,-0.0230,-0.0094,0.0341,0.0183,-0.1403,0.2070,0.9681,0.009,,,,,,,
92,Left,22,0.0000,0.0000,0.0457,0.4596,-0.0279,-0.0674,0.8851,0.009,,,,,,,
92,Left,23,0.0000,0.0000,0.0307,0.6626,-0.0058,0.0872,0.7439,0.009,,,,,,,
92,Left,24,0.0000,0.0000,0.0203,0.5394,0.0410,-0.0025,0.8411,0.009,,,,,,,
92,Left,25,0.0002,0.0012,0.0219,0.0000,0.0000,0.0000,1.0000,0.009,,,,,,,
92,Right,0,-0.0023,-0.0053,0.0652,0.0000,0.0000,0.0000,1.0000,0.009,,,,,,,
92,Right,1,0.0000,0.0000,0.0000,0.0000,0.0000,0.0000,1.0000,0.009,-0.0470,-0.2923,0.0843,0.2025,0.4463,0.8677,-0.0835
92,Right,2,-0.0289,-0.0181,0.0355,-0.0755,-0.3255,0.5996,0.7272,0.009,,,,,,,
92,Right,3,0.0000,0.0000,0.0325,0.2621,0.0459,-0.0809,0.9606,0.009,,,,,,,
92,Right,4,0.0000,0.0000,0.0338,0.1627,-0.0461,0.0775,0.9826,0.009,,,,,,,
92,Right,5,0.0007,0.0010,0.0246,0.0000,0.0000,0.0000,1.0000,0.009,,,,,,,
92,Right,6,-0.0192,-0.0105,0.0369,0.0000,0.0000,0.0000,1.0000,0.009,,,,,,,
92,Right,7,-0.0044,0.0032,0.0591,0.1901,0.0675,0.0260,0.9791,0.009,,,,,,,
92,Right,8,0.0000,0.0000,0.0379,0.2064,0.0017,-0.0263,0.9781,0.009,,,,,,,
92,Right,9,0.0000,0.0000,0.0243,0.0679,0.0249,-0.0167,0.9972,0.009,,,,,,,
92,Right,10,0.0003,0.0010,0.0224,0.0000,0.0000,0.0000,1.0000,0.009,,,,,,,
92,Right,11,-0.0029,-0.0081,0.0348,0.0000,0.0000,0.0000,1.0000,0.009,,,,,,,
92,Right,12,0.0012,0.0056,0.0609,0.2751,0.0749,-0.0256,0.9582,0.009,,,,,,,
92,Right,13,0.0000,0.0000,0.0429,0.1495,0.0026,-0.0121,0.9887,0.009,,,,,,,
92,Right,14,0.0000,0.0000,0.0275,0.0170,-0.0002,-0.0453,0.9988,0.009,,,,,,,
92,Right,15,0.0003,0.0011,0.0250,0.0000,0.0000,0.0000,1.0000,0.009,,,,,,,
92,Right,16,0.0150,-0.0060,0.0348,0.0000,0.0000,0.0000,1.0000,0.009,,,,,,,
92,Right,17,0.0025,-0.0005,0.0539,0.2113,0.0764,-0.0654,0.9722,0.009,,,,,,,
92,Right,18,0.0000,0.0000,0.0390,0.1416,-0.0018,-0.0367,0.9892,0.009,,,,,,,
92,Right,19,0.0000,0.0000,0.0266,0.0618,-0.0295,-0.0075,0.9976,0.009,,,,,,,
92,Right,20,0.0003,0.0016,0.0243,0.0000,0.0000,0.0000,1.0000,0.009,,,,,,,
92,Right,21,0.0230,-0.0094,0.0341,0.0183,0.1403,-0.2070,0.9681,0.009,,,,,,,
92,Right,22,0.0000,0.0000,0.0457,0.0882,-0.0124,0.0893,0.9920,0.009,,,,,,,
92,Right,23,0.0000,0.0000,0.0307,0.1777,0.0348,-0.0537,0.9820,0.009,,,,,,,
92,Right,24,0.0000,0.0000,0.0203,0.0087,-0.0492,0.0008,0.9988,0.009,,,,,,,
92,Right,25,-0.0002,0.0012,0.0219,0.0000,0.0000,0.0000,1.0000,0.009,,,,,,,
93,Left,0,0.0024,-0.0053,0.0652,0.0000,0.0000,0.0000,1.0000,0.009,,,,,,,
93,Left,1,0.0000,0.0000,0.0000,0.0000,0.0000,0.0000,1.0000,0.009,0.3544,0.0521,0.0543,-0.0774,-0.4936,-0.8656,-0.0322
93,Left,2,0.0291,-0.0177,0.0353,-0.0645,0.3498,-0.5971,0.7190,0.009,,,,,,,
93,Left,3,0.0000,0.0000,0.0325,0.2052,-0.0516,0.0819,0.9739,0.009,,,,,,,
93,Left,4,0.0000,0.0000,0.0338,0.2347,0.0393,-0.0746,0.9684,0.009,,,,,,,
93,Left,5,-0.0007,0.0010,0.0246,0.0000,0.0000,0.0000,1.0000,0.009,,,,,,,
93,Left,6,0.0193,-0.0103,0.0368,0.0000,0.0000,0.0000,1.0000,0.009,,,,,,,
93,Left,7,0.0043,0.0030,0.0591,0.4849,0.0091,-0.0518,0.8730,0.009,,,,,,,
93,Left,8,0.0000,0.0000,0.0379,0.6748,0.0121,0.0226,0.7376,0.009,,,,,,,
93,Left,9,0.0000,0.0000,0.0243,0.4689,-0.0153,0.0168,0.8830,0.009,,,,,,,
93,Left,10,-0.0003,0.0010,0.0224,0.0000,0.0000,0.0000,1.0000,0.009,,,,,,,
93,Left,11,0.0031,-0.0081,0.0347,0.0000,0.0000,0.0000,1.0000,0.009,,,,,,,
93,Left,12,-0.0013,0.0055,0.0610,0.5495,-0.0283,0.0243,0.8347,0.009,,,,,,,
93,Left,13,0.0000,0.0000,0.0429,0.5779,0.0029,0.0129,0.8160,0.009,,,,,,,
93,Left,14,0.0000,0.0000,0.0275,0.4770,0.0204,0.0851,0.8746,0.009,,,,,,,
93,Left,15,-0.0003,0.0011,0.0250,0.0000,0.0000,0.0000,1.0000,0.009,,,,,,,
93,Left,16,-0.0150,-0.0060,0.0348,0.0000,0.0000,0.0000,1.0000,0.009,,,,,,,
93,Left,17,-0.0025,-0.0005,0.0539,0.5455,-0.0289,0.0747,0.8342,0.009,,,,,,,
93,Left,18,0.0000,0.0000,0.0390,0.6382,0.0191,0.0419,0.7685,0.009,,,,,,,
93,Left,19,0.0000,0.0000,0.0266,0.5289,0.0273,0.0288,0.8478,0.009,,,,,,,
93,Left,20,-0.0003,0.0016,0.0243,0.0000,0.0000,0.0000,1.0000,0.009,,,,,,,
93,Left,21,-0.0230,-0.0094,0.0341,0.0183,-0.1403,0.2070,0.9681,0.009,,,,,,,
93,Left,22,0.0000,0.0000,0.0457,0.4597,-0.0279,-0.0674,0.8851,0.009,,,,,,,
93,Left,23,0.0000,0.0000,0.0307,0.6626,-0.0058,0.0872,0.7439,0.009,,,,,,,
93,Left,24,0.0000,0.0000,0.0203,0.5394,0.0410,-0.0025,0.8410,0.009,,,,,,,
93,Left,25,0.0002,0.0012,0.0219,0.0000,0.0000,0.0000,1.0000,0.009,,,,,,,
93,Right,0,-0.0023,-0.0053,0.0652,0.0000,0.0000,0.0000,1.0000,0.009,,,,,,,
93,Right,1,0.0000,0.0000,0.0000,0.0000,0.0000,0.0000,1.0000,0.009,-0.0470,-0.2923,0.0843,0.2025,0.4463,0.8677,-0.0835
93,Right,2,-0.0289,-0.0181,0.0355,-0.0755,-0.3255,0.5996,0.7272,0.009,,,,,,,
93,Right,3,0.0000,0.0000,0.0325,0.2621,0.0459,-0.0809,0.9606,0.009,,,,,,,
93,Right,4,0.0000,0.0000,0.0338,0.1627,-0.0461,0.0775,0.9826,0.009,,,,,,,
93,Right,5,0.0007,0.0010,0.0246,0.0000,0.0000,0.0000,1.0000,0.009,,,,,,,
93,Right,6,-0.0192,-0.0105,0.0369,0.0000,0.0000,0.0000,1.0000,0.009,,,,,,,
93,Right,7,-0.0044,0.0032,0.0591,0.1901,0.0675,0.0260,0.9791,0.009,,,,,,,
93,Right,8,0.0000,0.0000,0.0379,0.2064,0.0017,-0.0263,0.9781,0.009,,,,,,,
93,Right,9,0.0000,0.0000,0.0243,0.0679,0.0249,-0.0167,0.9972,0.009,,,,,,,
93,Right,10,0.0003,0.0010,0.0224,0.0000,0.0000,0.0000,1.0000,0.009,,,,,,,
93,Right,11,-0.0029,-0.0081,0.0348,0.0000,0.0000,0.0000,1.0000,0.009,,,,,,,
93,Right,12,0.0012,0.0056,0.0609,0.2751,0.0749,-0.0256,0.9582,0.009,,,,,,,
93,Right,13,0.0000,0.0000,0.0429,0.1495,0.0026,-0.0121,0.9887,0.009,,,,,,,
93,Right,14,0.0000,0.0000,0.0275,0.0170,-0.0002,-0.0453,0.9988,0.009,,,,,,,
93,Right,15,0.0003,0.0011,0.0250,0.0000,0.0000,0.0000,1.0000,0.009,,,,,,,
93,Right,16,0.0150,-0.0060,0.0348,0.0000,0.0000,0.0000,1.0000,0.009,,,,,,,
93,Right,17,0.0025,-0.0005,0.0539,0.2113,0.0764,-0.0654,0.9722,0.009,,,,,,,
93,Right,18,0.0000,0.0000,0.0390,0.1416,-0.0018,-0.0367,0.9892,0.009,,,,,,,
93,Right,19,0.0000,0.0000,0.0266,0.0618,-0.0295,-0.0075,0.9976,0.009,,,,,,,
93,Right,20,0.0003,0.0016,0.0243,0.0000,0.0000,0.0000,1.0000,0.009,,,,,,,
93,Right,21,0.0230,-0.0094,0.0341,0.0183,0.1403,-0.2070,0.9681,0.009,,,,,,,
93,Right,22,0.0000,0.0000,0.0457,0.0882,-0.0124,0.0893,0.9920,0.009,,,,,,,
93,Right,23,0.0000,0.0000,0.0307,0.1777,0.0348,-0.0537,0.9820,0.009,,,,,,,
93,Right,24,0.0000,0.0000,0.0203,0.0087,-0.0492,0.0008,0.9988,0.009,,,,,,,
93,Right,25,-0.0002,0.0012,0.0219,0.0000,0.0000,0.0000,1.0000,0.009,,,,,,,
94,Left,0,0.0024,-0.0053,0.0652,0.0000,0.0000,0.0000,1.0000,0.009,,,,,,,
94,Left,1,0.0000,0.0000,0.0000,0.0000,0.0000,0.0000,1.0000,0.009,0.3544,0.0521,0.0543,-0.0774,-0.4936,-0.8656,-0.0322
94,Left,2,0.0291,-0.0177,0.0353,-0.0645,0.3498,-0.5971,0.7190,0.009,,,,,,,
94,Left,3,0.0000,0.0000,0.0325,0.2052,-0.0516,0.0819,0.9739,0.009,,,,,,,
94,Left,4,0.0000,0.0000,0.0338,0.2348,0.0393,-0.0746,0.9684,0.009,,,,,,,
94,Left,5,-0.0007,0.0010,0.0246,0.0000,0.0000,0.0000,1.0000,0.009,,,,,,,
94,Left,6,0.0193,-0.0103,0.0368,0.0000,0.0000,0.0000,1.0000,0.009,,,,,,,
94,Left,7,0.0043,0.0030,0.0591,0.4849,0.0091,-0.0518,0.8730,0.009,,,,,,,
94,Left,8,0.0000,0.0000,0.0379,0.6748,0.0121,0.0226,0.7376,0.009,,,,,,,
94,Left,9,0.0000,0.0000,0.0243,0.4689,-0.0153,0.0168,0.8830,0.009,,,,,,,
94,Left,10,-0.0003,0.0010,0.0224,0.0000,0.0000,0.0000,1.0000,0.009,,,,,,,
94,Left,11,0.0031,-0.0081,0.0347,0.0000,0.0000,0.0000,1.0000,0.009,,,,,,,
94,Left,12,-0.0013,0.0055,0.0610,0.5495,-0.0283,0.0243,0.8347,0.009,,,,,,,
94,Left,13,0.0000,0.0000,0.0429,0.5779,0.0029,0.0129,0.8160,0.009,,,,,,,
94,Left,14,0.0000,0.0000,0.0275,0.4770,0.0204,0.0851,0.8746,0.009,,,,,,,
94,Left,15,-0.0003,0.0011,0.0250,0.0000,0.0000,0.0000,1.0000,0.009,,,,,,,
94,Left,16,-0.0150,-0.0060,0.0348,0.0000,0.0000,0.0000,1.0000,0.009,,,,,,,
94,Left,17,-0.0025,-0.0005,0.0539,0.5456,-0.0289,0.0747,0.8342,0.009,,,,,,,
94,Left,18,0.0000,0.0000,0.0390,0.6382,0.0191,0.0419,0.7685,0.009,,,,,,,
94,Left,19,0.0000,0.0000,0.0266,0.5289,0.0273,0.0288,0.8478,0.009,,,,,,,
94,Left,20,-0.0003,0.0016,0.0243,0.0000,0.0000,0.0000,1.0000,0.009,,,,,,,
94,Left,21,-0.0230,-0.0094,0.0341,0.0183,-0.1403,0.2070,0.9681,0.009,,,,,,,
94,Left,22,0.0000,0.0000,0.0457,0.4597,-0.0279,-0.0674,0.8851,0.009,,,,,,,
94,Left,23,0.0000,0.0000,0.0307,0.6626,-0.0058,0.0872,0.7439,0.009,,,,,,,
94,Left,24,0.0000,0.0000,0.0203,0.5394,0.0410,-0.0025,0.8410,0.009,,,,,,,
94,Left,25,0.0002,0.0012,0.0219,0.0000,0.0000,0.0000,1.0000,0.009,,,,,,,
94,Right,0,-0.0023,-0.0053,0.0652,0.0000,0.0000,0.0000,1.0000,0.009,,,,,,,
94,Right,1,0.0000,0.0000,0.0000,0.0000,0.0000,0.0000,1.0000,0.009,-0.0470,-0.2923,0.0843,0.2025,0.4463,0.8677,-0.0835
94,Right,2,-0.0289,-0.0181,0.0355,-0.0755,-0.3255,0.5996,0.7272,0.009,,,,,,,
94,Right,3,0.0000,0.0000,0.0325,0.2621,0.0459,-0.0809,0.9606,0.009,,,,,,,
94,Right,4,0.0000,0.0000,0.0338,0.1627,-0.0461,0.0775,0.9826,0.009,,,,,,,
94,Right,5,0.0007,0.0010,0.0246,0.0000,0.0000,0.0000,1.0000,0.009,,,,,,,
94,Right,6,-0.0192,-0.0105,0.0369,0.0000,0.0000,0.0000,1.0000,0.009,,,,,,,
94,Right,7,-0.0044,0.0032,0.0591,0.1901,0.0675,0.0260,0.9791,0.009,,,,,,,
94,Right,8,0.0000,0.0000,0.0379,0.2064,0.0017,-0.0263,0.9781,0.009,,,,,,,
94,Right,9,0.0000,0.0000,0.0243,0.0679,0.0249,-0.0167,0.9972,0.009,,,,,,,
94,Right,10,0.0003,0.0010,0.0224,0.0000,0.0000,0.0000,1.0000,0.009,,,,,,,
94,Right,11,-0.0029,-0.0081,0.0348,0.0000,0.0000,0.0000,1.0000,0.009,,,,,,,
94,Right,12,0.0012,0.0056,0.0609,0.2751,0.0749,-0.0256,0.9582,0.009,,,,,,,
94,Right,13,0.0000,0.0000,0.0429,0.1495,0.0026,-0.0121,0.9887,0.009,,,,,,,
94,Right,14,0.0000,0.0000,0.0275,0.0170,-0.0002,-0.0453,0.9988,0.009,,,,,,,
94,Right,15,0.0003,0.0011,0.0250,0.0000,0.0000,0.0000,1.0000,0.009,,,,,,,
94,Right,16,0.0150,-0.0060,0.0348,0.0000,0.0000,0.0000,1.0000,0.009,,,,,,,
94,Right,17,0.0025,-0.0005,0.0539,0.2113,0.0764,-0.0654,0.9722,0.009,,,,,,,
94,Right,18,0.0000,0.0000,0.0390,0.1416,-0.0018,-0.0367,0.9892,0.009,,,,,,,
94,Right,19,0.0000,0.0000,0.0266,0.0618,-0.0295,-0.0075,0.9976,0.009,,,,,,,
94,Right,20,0.0003,0.0016,0.0243,0.0000,0.0000,0.0000,1.0000,0.009,,,,,,,
94,Right,21,0.0230,-0.0094,0.0341,0.0183,0.1403,-0.2070,0.9681,0.009,,,,,,,
94,Right,22,0.0000,0.0000,0.0457,0.0882,-0.0124,0.0893,0.9920,0.009,,,,,,,
94,Right,23,0.0000,0.0000,0.0307,0.1777,0.0348,-0.0537,0.9820,0.009,,,,,,,
94,Right,24,0.0000,0.0000,0.0203,0.0087,-0.0492,0.0008,0.9988,0.009,,,,,,,
94,Right,25,-0.0002,0.0012,0.0219,0.0000,0.0000,0.0000,1.0000,0.009,,,,,,,
95,Left,0,0.0024,-0.0053,0.0652,0.0000,0.0000,0.0000,1.0000,0.009,,,,,,,
95,Left,1,0.0000,0.0000,0.0000,0.0000,0.0000,0.0000,1.0000,0.009,0.3544,0.0521,0.0543,-0.0774,-0.4936,-0.8656,-0.0322
95,Left,2,0.0291,-0.0177,0.0353,-0.0645,0.3498,-0.5971,0.7190,0.009,,,,,,,
95,Left,3,0.0000,0.0000,0.0325,0.2052,-0.0516,0.0819,0.9739,0.009,,,,,,,
95,Left,4,0.0000,0.0000,0.0338,0.2348,0.0393,-0.0746,0.9684,0.009,,,,,,,
95,Left,5,-0.0007,0.0010,0.0246,0.0000,0.0000,0.0000,1.0000,0.009,,,,,,,
95,Left,6,0.0193,-0.0103,0.0368,0.0000,0.0000,0.0000,1.0000,0.009,,,,,,,
95,Left,7,0.0043,0.0030,0.0591,0.4849,0.0091,-0.0518,0.8730,0.009,,,,,,,
95,Left,8,0.0000,0.0000,0.0379,0.6748,0.0121,0.0226,0.7376,0.009,,,,,,,
95,Left,9,0.0000,0.0000,0.0243,0.4689,-0.0153,0.0168,0.8830,0.009,,,,,,,
95,Left,10,-0.0003,0.0010,0.0224,0.0000,0.0000,0.0000,1.0000,0.009,,,,,,,
95,Left,11,0.0031,-0.0081,0.0347,0.0000,0.0000,0.0000,1.0000,0.009,,,,,,,
95,Left,12,-0.0013,0.0055,0.0610,0.5495,-0.0283,0.0243,0.8347,0.009,,,,,,,
95,Left,13,0.0000,0.0000,0.0429,0.5779,0.0029,0.0129,0.8160,0.009,,,,,,,
95,Left,14,0.0000,0.0000,0.0275,0.4770,0.0204,0.0851,0.8746,0.009,,,,,,,
95,Left,15,-0.0003,0.0011,0.0250,0.0000,0.0000,0.0000,1.0000,0.009,,,,,,,
95,Left,16,-0.0150,-0.0060,0.0348,0.0000,0.0000,0.0000,1.0000,0.009,,,,,,,
95,Left,17,-0.0025,-0.0005,0.0539,0.5456,-0.0289,0.0747,0.8342,0.009,,,,,,,
95,Left,18,0.0000,0.0000,0.0390,0.6382,0.0191,0.0419,0.7685,0.009,,,,,,,
95,Left,19,0.0000,0.0000,0.0266,0.5289,0.0273,0.0288,0.8478,0.009,,,,,,,
95,Left,20,-0.0003,0.0016,0.0243,0.0000,0.0000,0.0000,1.0000,0.009,,,,,,,
95,Left,21,-0.0230,-0.0094,0.0341,0.0183,-0.1403,0.2070,0.9681,0.009,,,,,,,
95,Left,22,0.0000,0.0000,0.0457,0.4597,-0.0279,-0.0674,0.8851,0.009,,,,,,,
95,Left,23,0.0000,0.0000,0.0307,0.6626,-0.0058,0.0872,0.7439,0.009,,,,,,,
95,Left,24,0.0000,0.0000,0.0203,0.5394,0.0410,-0.0025,0.8410,0.009,,,,,,,
95,Left,25,0.0002,0.0012,0.0219,0.0000,0.0000,0.0000,1.0000,0.009,,,,,,,
95,Right,0,-0.0023,-0.0053,0.0652,0.0000,0.0000,0.0000,1.0000,0.009,,,,,,,
95,Right,1,0.0000,0.0000,0.0000,0.0000,0.0000,0.0000,1.0000,0.009,-0.0470,-0.2923,0.0843,0.2025,0.4463,0.8677,-0.0835
95,Right,2,-0.0289,-0.0181,0.0355,-0.0755,-0.3255,0.5996,0.7272,0.009,,,,,,,
95,Right,3,0.0000,0.0000,0.0325,0.2621,0.0459,-0.0809,0.9606,0.009,,,,,,,
95,Right,4,0.0000,0.0000,0.0338,0.1627,-0.0461,0.0775,0.9826,0.009,,,,,,,
95,Right,5,0.0007,0.0010,0.0246,0.0000,0.0000,0.0000,1.0000,0.009,,,,,,,
95,Right,6,-0.0192,-0.0105,0.0369,0.0000,0.0000,0.0000,1.0000,0.009,,,,,,,
95,Right,7,-0.0044,0.0032,0.0591,0.1901,0.0675,0.0260,0.9791,0.009,,,,,,,
95,Right,8,0.0000,0.0000,0.0379,0.2064,0.0017,-0.0263,0.9781,0.009,,,,,,,
95,Right,9,0.0000,0.0000,0.0243,0.0679,0.0249,-0.0167,0.9972,0.009,,,,,,,
95,Right,10,0.0003,0.0010,0.0224,0.0000,0.0000,0.0000,1.0000,0.009,,,,,,,
95,Right,11,-0.0029,-0.0081,0.0348,0.0000,0.0000,0.0000,1.0000,0.009,,,,,,,
95,Right,12,0.0012,0.0056,0.0609,0.2751,0.0749,-0.0256,0.9582,0.009,,,,,,,
95,Right,13,0.0000,0.0000,0.0429,0.1495,0.0026,-0.0121,0.9887,0.009,,,,,,,
95,Right,14,0.0000,0.0000,0.0275,0.0170,-0.0002,-0.0453,0.9988,0.009,,,,,,,
95,Right,15,0.0003,0.0011,0.0250,0.0000,0.0000,0.0000,1.0000,0.009,,,,,,,
95,Right,16,0.0150,-0.0060,0.0348,0.0000,0.0000,0.0000,1.0000,0.009,,,,,,,
95,Right,17,0.0025,-0.0005,0.0539,0.2113,0.0764,-0.0654,0.9722,0.009,,,,,,,
95,Right,18,0.0000,0.0000,0.0390,0.1416,-0.0018,-0.0367,0.9892,0.009,,,,,,,
95,Right,19,0.0000,0.0000,0.0266,0.0618,-0.0295,-0.0075,0.9976,0.009,,,,,,,
95,Right,20,0.0003,0.0016,0.0243,0.0000,0.0000,0.0000,1.0000,0.009,,,,,,,
95,Right,21,0.0230,-0.0094,0.0341,0.0183,0.1403,-0.2070,0.9681,0.009,,,,,,,
95,Right,22,0.0000,0.0000,0.0457,0.0882,-0.0124,0.0893,0.9920,0.009,,,,,,,
95,Right,23,0.0000,0.0000,0.0307,0.1777,0.0348,-0.0537,0.9820,0.009,,,,,,,
95,Right,24,0.0000,0.0000,0.0203,0.0087,-0.0492,0.0008,0.9988,0.009,,,,,,,
95,Right,25,-0.0002,0.0012,0.0219,0.0000,0.0000,0.0000,1.0000,0.009,,,,,,,
96,Left,0,0.0024,-0.0053,0.0652,0.0000,0.0000,0.0000,1.0000,0.009,,,,,,,
96,Left,1,0.0000,0.0000,0.0000,0.0000,0.0000,0.0000,1.0000,0.009,0.3544,0.0521,0.0543,-0.0774,-0.4936,-0.8656,-0.0322
96,Left,2,0.0291,-0.0177,0.0353,-0.0645,0.3498,-0.5971,0.7190,0.009,,,,,,,
96,Left,3,0.0000,0.0000,0.0325,0.2052,-0.0516,0.0819,0.9739,0.009,,,,,,,
96,Left,4,0.0000,0.0000,0.0338,0.2348,0.0393,-0.0746,0.9684,0.009,,,,,,,
96,Left,5,-0.0007,0.0010,0.0246,0.0000,0.0000,0.0000,1.0000,0.009,,,,,,,
96,Left,6,0.0193,-0.0103,0.0368,0.0000,0.0000,0.0000,1.0000,0.009,,,,,,,
96,Left,7,0.0043,0.0030,0.0591,0.4849,0.0091,-0.0518,0.8730,0.009,,,,,,,
96,Left,8,0.0000,0.0000,0.0379,0.6748,0.0121,0.0226,0.7376,0.009,,,,,,,
96,Left,9,0.0000,0.0000,0.0243,0.4689,-0.0153,0.0168,0.8830,0.009,,,,,,,
96,Left,10,-0.0003,0.0010,0.0224,0.0000,0.0000,0.0000,1.0000,0.009,,,,,,,
96,Left,11,0.0031,-0.0081,0.0347,0.0000,0.0000,0.0000,1.0000,0.009,,,,,,,
96,Left,12,-0.0013,0.0055,0.0610,0.5495,-0.0283,0.0243,0.8347,0.009,,,,,,,
96,Left,13,0.0000,0.0000,0.0429,0.5779,0.0029,0.0129,0.8160,0.009,,,,,,,
96,Left,14,0.0000,0.0000,0.0275,0.4770,0.0204,0.0851,0.8745,0.009,,,,,,,
96,Left,15,-0.0003,0.0011,0.0250,0.0000,0.0000,0.0000,1.0000,0.009,,,,,,,
96,Left,16,-0.0150,-0.0060,0.0348,0.0000,0.0000,0.0000,1.0000,0.009,,,,,,,
96,Left,17,-0.0025,-0.0005,0.0539,0.5456,-0.0289,0.0747,0.8342,0.009,,,,,,,
96,Left,18,0.0000,0.0000,0.0390,0.6382,0.0191,0.0419,0.7685,0.009,,,,,,,
96,Left,19,0.0000,0.0000,0.0266,0.5289,0.0273,0.0288,0.8478,0.009,,,,,,,
96,Left,20,-0.0003,0.0016,0.0243,0.0000,0.0000,0.0000,1.0000,0.009,,,,,,,
96,Left,21,-0.0230,-0.0094,0.0341,0.0183,-0.1403,0.2070,0.9681,0.009,,,,,,,
96,Left,22,0.0000,0.0000,0.0457,0.4597,-0.0279,-0.0674,0.8851,0.009,,,,,,,
96,Left,23,0.0000,0.0000,0.0307,0.6626,-0.0058,0.0872,0.7439,0.009,,,,,,,
96,Left,24,0.0000,0.0000,0.0203,0.5394,0.0410,-0.0025,0.8410,0.009,,,,,,,
96,Left,25,0.0002,0.0012,0.0219,0.0000,0.0000,0.0000,1.0000,0.009,,,,,,,
96,Right,0,-0.0023,-0.0053,0.0652,0.0000,0.0000,0.0000,1.0000,0.009,,,,,,,
96,Right,1,0.0000,0.0000,0.0000,0.0000,0.0000,0.0000,1.0000,0.009,-0.0470,-0.2923,0.0843,0.2025,0.4463,0.8677,-0.0835
96,Right,2,-0.0289,-0.0181,0.0355,-0.0755,-0.3255,0.5996,0.7272,0.009,,,,,,,
96,Right,3,0.0000,0.0000,0.0325,0.2621,0.0459,-0.0809,0.9606,0.009,,,,,,,
96,Right,4,0.0000,0.0000,0.0338,0.1627,-0.0461,0.0775,0.9826,0.009,,,,,,,
96,Right,5,0.0007,0.0010,0.0246,0.0000,0.0000,0.0000,1.0000,0.009,,,,,,,
96,Right,6,-0.0192,-0.0105,0.0369,0.0000,0.0000,0.0000,1.0000,0.009,,,,,,,
96,Right,7,-0.0044,0.0032,0.0591,0.1901,0.0675,0.0260,0.9791,0.009,,,,,,,
96,Right,8,0.0000,0.0000,0.0379,0.2064,0.0017,-0.0263,0.9781,0.009,,,,,,,
96,Right,9,0.0000,0.0000,0.0243,0.0679,0.0249,-0.0167,0.9972,0.009,,,,,,,
96,Right,10,0.0003,0.0010,0.0224,0.0000,0.0000,0.0000,1.0000,0.009,,,,,,,
96,Right,11,-0.0029,-0.0081,0.0348,0.0000,0.0000,0.0000,1.0000,0.009,,,,,,,
96,Right,12,0.0012,0.0056,0.0609,0.2751,0.0749,-0.0256,0.9582,0.009,,,,,,,
96,Right,13,0.0000,0.0000,0.0429,0.1495,0.0026,-0.0121,0.9887,0.009,,,,,,,
96,Right,14,0.0000,0.0000,0.0275,0.0170,-0.0002,-0.0453,0.9988,0.009,,,,,,,
96,Right,15,0.0003,0.0011,0.0250,0.0000,0.0000,0.0000,1.0000,0.009,,,,,,,
96,Right,16,0.0150,-0.0060,0.0348,0.0000,0.0000,0.0000,1.0000,0.009,,,,,,,
96,Right,17,0.0025,-0.0005,0.0539,0.2113,0.0764,-0.0654,0.9722,0.009,,,,,,,
96,Right,18,0.0000,0.0000,0.0390,0.1416,-0.0018,-0.0367,0.9892,0.009,,,,,,,
96,Right,19,0.0000,0.0000,0.0266,0.0618,-0.0295,-0.0075,0.9976,0.009,,,,,,,
96,Right,20,0.0003,0.0016,0.0243,0.0000,0.0000,0.0000,1.0000,0.009,,,,,,,
96,Right,21,0.0230,-0.0094,0.0341,0.0183,0.1403,-0.2070,0.9681,0.009,,,,,,,
96,Right,22,0.0000,0.0000,0.0457,0.0882,-0.0124,0.0893,0.9920,0.009,,,,,,,
96,Right,23,0.0000,0.0000,0.0307,0.1777,0.0348,-0.0537,0.9820,0.009,,,,,,,
96,Right,24,0.0000,0.0000,0.0203,0.0087,-0.0492,0.0008,0.9988,0.009,,,,,,,
96,Right,25,-0.0002,0.0012,0.0219,0.0000,0.0000,0.0000,1.0000,0.009,,,,,,,
97,Left,0,0.0024,-0.0053,0.0652,0.0000,0.0000,0.0000,1.0000,0.009,,,,,,,
97,Left,1,0.0000,0.0000,0.0000,0.0000,0.0000,0.0000,1.0000,0.009,0.3544,0.0521,0.0543,-0.0774,-0.4936,-0.8656,-0.0322
97,Left,2,0.0291,-0.0177,0.0353,-0.0645,0.3498,-0.5971,0.7190,0.009,,,,,,,
97,Left,3,0.0000,0.0000,0.0325,0.2052,-0.0516,0.0819,0.9739,0.009,,,,,,,
97,Left,4,0.0000,0.0000,0.0338,0.2348,0.0393,-0.0746,0.9684,0.009,,,,,,,
97,Left,5,-0.0007,0.0010,0.0246,0.0000,0.0000,0.0000,1.0000,0.009,,,,,,,
97,Left,6,0.0193,-0.0103,0.0368,0.0000,0.0000,0.0000,1.0000,0.009,,,,,,,
97,Left,7,0.0043,0.0030,0.0591,0.4849,0.0091,-0.0518,0.8730,0.009,,,,,,,
97,Left,8,0.0000,0.0000,0.0379,0.6748,0.0121,0.0226,0.7376,0.009,,,,,,,
97,Left,9,0.0000,0.0000,0.0243,0.4689,-0.0153,0.0168,0.8829,0.009,,,,,,,
97,Left,10,-0.0003,0.0010,0.0224,0.0000,0.0000,0.0000,1.0000,0.009,,,,,,,
97,Left,11,0.0031,-0.0081,0.0347,0.0000,0.0000,0.0000,1.0000,0.009,,,,,,,
97,Left,12,-0.0013,0.0055,0.0610,0.5495,-0.0283,0.0243,0.8347,0.009,,,,,,,
97,Left,13,0.0000,0.0000,0.0429,0.5779,0.0029,0.0129,0.8160,0.009,,,,,,,
97,Left,14,0.0000,0.0000,0.0275,0.4770,0.0204,0.0851,0.8745,0.009,,,,,,,
97,Left,15,-0.0003,0.0011,0.0250,0.0000,0.0000,0.0000,1.0000,0.009,,,,,,,
97,Left,16,-0.0150,-0.0060,0.0348,0.0000,0.0000,0.0000,1.0000,0.009,,,,,,,
97,Left,17,-0.0025,-0.0005,0.0539,0.5456,-0.0289,0.0747,0.8342,0.009,,,,,,,
97,Left,18,0.0000,0.0000,0.0390,0.6382,0.0191,0.0419,0.7685,0.009,,,,,,,
97,Left,19,0.0000,0.0000,0.0266,0.5289,0.0273,0.0288,0.8478,0.009,,,,,,,
97,Left,20,-0.0003,0.0016,0.0243,0.0000,0.0000,0.0000,1.0000,0.009,,,,,,,
97,Left,21,-0.0230,-0.0094,0.0341,0.0183,-0.1403,0.2070,0.9681,0.009,,,,,,,
97,Left,22,0.0000,0.0000,0.0457,0.4597,-0.0279,-0.0674,0.8851,0.009,,,,,,,
97,Left,23,0.0000,0.0000,0.0307,0.6626,-0.0058,0.0872,0.7438,0.009,,,,,,,
97,Left,24,0.0000,0.0000,0.0203,0.5394,0.0410,-0.0025,0.8410,0.009,,,,,,,
97,Left,25,0.0002,0.0012,0.0219,0.0000,0.0000,0.0000,1.0000,0.009,,,,,,,
97,Right,0,-0.0023,-0.0053,0.0652,0.0000,0.0000,0.0000,1.0000,0.009,,,,,,,
97,Right,1,0.0000,0.0000,0.0000,0.0000,0.0000,0.0000,1.0000,0.009,-0.0470,-0.2923,0.0843,0.2025,0.4463,0.8677,-0.0835
97,Right,2,-0.0289,-0.0181,0.0355,-0.0755,-0.3255,0.5996,0.7272,0.009,,,,,,,
97,Right,3,0.0000,0.0000,0.0325,0.2621,0.0459,-0.0809,0.9606,0.009,,,,,,,
97,Right,4,0.0000,0.0000,0.0338,0.1627,-0.0461,0.0775,0.9826,0.009,,,,,,,
97,Right,5,0.0007,0.0010,0.0246,0.0000,0.0000,0.0000,1.0000,0.009,,,,,,,
97,Right,6,-0.0192,-0.0105,0.0369,0.0000,0.0000,0.0000,1.0000,0.009,,,,,,,
97,Right,7,-0.0044,0.0032,0.0591,0.1901,0.0675,0.0260,0.9791,0.009,,,,,,,
97,Right,8,0.0000,0.0000,0.0379,0.2064,0.0017,-0.0263,0.9781,0.009,,,,,,,
97,Right,9,0.0000,0.0000,0.0243,0.0679,0.0249,-0.0167,0.9972,0.009,,,,,,,
97,Right,10,0.0003,0.0010,0.0224,0.0000,0.0000,0.0000,1.0000,0.009,,,,,,,
97,Right,11,-0.0029,-0.0081,0.0348,0.0000,0.0000,0.0000,1.0000,0.009,,,,,,,
97,Right,12,0.0012,0.0056,0.0609,0.2751,0.0749,-0.0256,0.9582,0.009,,,,,,,
97,Right,13,0.0000,0.0000,0.0429,0.1495,0.0026,-0.0121,0.9887,0.009,,,,,,,
97,Right,14,0.0000,0.0000,0.0275,0.0170,-0.0002,-0.0453,0.9988,0.009,,,,,,,
97,Right,15,0.0003,0.0011,0.0250,0.0000,0.0000,0.0000,1.0000,0.009,,,,,,,
97,Right,16,0.0150,-0.0060,0.0348,0.0000,0.0000,0.0000,1.0000,0.009,,,,,,,
97,Right,17,0.0025,-0.0005,0.0539,0.2113,0.0764,-0.0654,0.9722,0.009,,,,,,,
97,Right,18,0.0000,0.0000,0.0390,0.1416,-0.0018,-0.0367,0.9892,0.009,,,,,,,
97,Right,19,0.0000,0.0000,0.0266,0.0618,-0.0295,-0.0075,0.9976,0.009,,,,,,,
97,Right,20,0.0003,0.0016,0.0243,0.0000,0.0000,0.0000,1.0000,0.009,,,,,,,
97,Right,21,0.0230,-0.0094,0.0341,0.0183,0.1403,-0.2070,0.9681,0.009,,,,,,,
97,Right,22,0.0000,0.0000,0.0457,0.0882,-0.0124,0.0893,0.9920,0.009,,,,,,,
97,Right,23,0.0000,0.0000,0.0307,0.1777,0.0348,-0.0537,0.9820,0.009,,,,,,,
97,Right,24,0.0000,0.0000,0.0203,0.0087,-0.0492,0.0008,0.9988,0.009,,,,,,,
97,Right,25,-0.0002,0.0012,0.0219,0.0000,0.0000,0.0000,1.0000,0.009,,,,,,,
98,Left,0,0.0024,-0.0053,0.0652,0.0000,0.0000,0.0000,1.0000,0.010,,,,,,,
98,Left,1,0.0000,0.0000,0.0000,0.0000,0.0000,0.0000,1.0000,0.010,0.3544,0.0521,0.0543,-0.0774,-0.4936,-0.8656,-0.0322
98,Left,2,0.0291,-0.0177,0.0353,-0.0645,0.3498,-0.5971,0.7190,0.010,,,,,,,
98,Left,3,0.0000,0.0000,0.0325,0.2052,-0.0516,0.0819,0.9739,0.010,,,,,,,
98,Left,4,0.0000,0.0000,0.0338,0.2348,0.0393,-0.0746,0.9684,0.010,,,,,,,
98,Left,5,-0.0007,0.0010,0.0246,0.0000,0.0000,0.0000,1.0000,0.010,,,,,,,
98,Left,6,0.0193,-0.0103,0.0368,0.0000,0.0000,0.0000,1.0000,0.010,,,,,,,
98,Left,7,0.0043,0.0030,0.0591,0.4849,0.0091,-0.0518,0.8730,0.010,,,,,,,
98,Left,8,0.0000,0.0000,0.0379,0.6748,0.0121,0.0226,0.7375,0.010,,,,,,,
98,Left,9,0.0000,0.0000,0.0243,0.4689,-0.0153,0.0168,0.8829,0.010,,,,,,,
98,Left,10,-0.0003,0.0010,0.0224,0.0000,0.0000,0.0000,1.0000,0.010,,,,,,,
98,Left,11,0.0031,-0.0081,0.0347,0.0000,0.0000,0.0000,1.0000,0.010,,,,,,,
98,Left,12,-0.0013,0.0055,0.0610,0.5495,-0.0283,0.0243,0.8347,0.010,,,,,,,
98,Left,13,0.0000,0.0000,0.0429,0.5779,0.0029,0.0129,0.8160,0.010,,,,,,,
98,Left,14,0.0000,0.0000,0.0275,0.4770,0.0204,0.0851,0.8745,0.010,,,,,,,
98,Left,15,-0.0003,0.0011,0.0250,0.0000,0.0000,0.0000,1.0000,0.010,,,,,,,
98,Left,16,-0.0150,-0.0060,0.0348,0.0000,0.0000,0.0000,1.0000,0.010,,,,,,,
98,Left,17,-0.0025,-0.0005,0.0539,0.5456,-0.0289,0.0747,0.8342,0.010,,,,,,,
98,Left,18,0.0000,0.0000,0.0390,0.6382,0.0191,0.0419,0.7685,0.010,,,,,,,
98,Left,19,0.0000,0.0000,0.0266,0.5289,0.0273,0.0288,0.8477,0.010,,,,,,,
98,Left,20,-0.0003,0.0016,0.0243,0.0000,0.0000,0.0000,1.0000,0.010,,,,,,,
98,Left,21,-0.0230,-0.0094,0.0341,0.0183,-0.1403,0.2070,0.9681,0.010,,,,,,,
98,Left,22,0.0000,0.0000,0.0457,0.4597,-0.0279,-0.0674,0.8851,0.010,,,,,,,
98,Left,23,0.0000,0.0000,0.0307,0.6626,-0.0058,0.0872,0.7438,0.010,,,,,,,
98,Left,24,0.0000,0.0000,0.0203,0.5394,0.0410,-0.0025,0.8410,0.010,,,,,,,
98,Left,25,0.0002,0.0012,0.0219,0.0000,0.0000,0.0000,1.0000,0.010,,,,,,,
98,Right,0,-0.0023,-0.0053,0.0652,0.0000,0.0000,0.0000,1.0000,0.010,,,,,,,
98,Right,1,0.0000,0.0000,0.0000,0.0000,0.0000,0.0000,1.0000,0.010,-0.0470,-0.2923,0.0843,0.2025,0.4463,0.8677,-0.0835
98,Right,2,-0.0289,-0.0181,0.0355,-0.0755,-0.3255,0.5996,0.7272,0.010,,,,,,,
98,Right,3,0.0000,0.0000,0.0325,0.2621,0.0459,-0.0809,0.9606,0.010,,,,,,,
98,Right,4,0.0000,0.0000,0.0338,0.1627,-0.0461,0.0775,0.9826,0.010,,,,,,,
98,Right,5,0.0007,0.0010,0.0246,0.0000,0.0000,0.0000,1.0000,0.010,,,,,,,
98,Right,6,-0.0192,-0.0105,0.0369,0.0000,0.0000,0.0000,1.0000,0.010,,,,,,,
98,Right,7,-0.0044,0.0032,0.0591,0.1901,0.0675,0.0260,0.9791,0.010,,,,,,,
98,Right,8,0.0000,0.0000,0.0379,0.2064,0.0017,-0.0263,0.9781,0.010,,,,,,,
98,Right,9,0.0000,0.0000,0.0243,0.0679,0.0249,-0.0167,0.9972,0.010,,,,,,,
98,Right,10,0.0003,0.0010,0.0224,0.0000,0.0000,0.0000,1.0000,0.010,,,,,,,
98,Right,11,-0.0029,-0.0081,0.0348,0.0000,0.0000,0.0000,1.0000,0.010,,,,,,,
98,Right,12,0.0012,0.0056,0.0609,0.2751,0.0749,-0.0256,0.9582,0.010,,,,,,,
98,Right,13,0.0000,0.0000,0.0429,0.1495,0.0026,-0.0121,0.9887,0.010,,,,,,,
98,Right,14,0.0000,0.0000,0.0275,0.0170,-0.0002,-0.0453,0.9988,0.010,,,,,,,
98,Right,15,0.0003,0.0011,0.0250,0.0000,0.0000,0.0000,1.0000,0.010,,,,,,,
98,Right,16,0.0150,-0.0060,0.0348,0.0000,0.0000,0.0000,1.0000,0.010,,,,,,,
98,Right,17,0.0025,-0.0005,0.0539,0.2113,0.0764,-0.0654,0.9722,0.010,,,,,,,
98,Right,18,0.0000,0.0000,0.0390,0.1416,-0.0018,-0.0367,0.9892,0.010,,,,,,,
98,Right,19,0.0000,0.0000,0.0266,0.0618,-0.0295,-0.0075,0.9976,0.010,,,,,,,
98,Right,20,0.0003,0.0016,0.0243,0.0000,0.0000,0.0000,1.0000,0.010,,,,,,,
98,Right,21,0.0230,-0.0094,0.0341,0.0183,0.1403,-0.2070,0.9681,0.010,,,,,,,
98,Right,22,0.0000,0.0000,0.0457,0.0882,-0.0124,0.0893,0.9920,0.010,,,,,,,
98,Right,23,0.0000,0.0000,0.0307,0.1777,0.0348,-0.0537,0.9820,0.010,,,,,,,
98,Right,24,0.0000,0.0000,0.0203,0.0087,-0.0492,0.0008,0.9988,0.010,,,,,,,
98,Right,25,-0.0002,0.0012,0.0219,0.0000,0.0000,0.0000,1.0000,0.010,,,,,,,
99,Left,0,0.0024,-0.0053,0.0652,0.0000,0.0000,0.0000,1.0000,0.010,,,,,,,
99,Left,1,0.0000,0.0000,0.0000,0.0000,0.0000,0.0000,1.0000,0.010,0.3544,0.0521,0.0543,-0.0774,-0.4936,-0.8656,-0.0322
99,Left,2,0.0291,-0.0177,0.0353,-0.0645,0.3498,-0.5971,0.7190,0.010,,,,,,,
99,Left,3,0.0000,0.0000,0.0325,0.2052,-0.0516,0.0819,0.9739,0.010,,,,,,,
99,Left,4,0.0000,0.0000,0.0338,0.2348,0.0393,-0.0746,0.9684,0.010,,,,,,,
99,Left,5,-0.0007,0.0010,0.0246,0.0000,0.0000,0.0000,1.0000,0.010,,,,,,,
99,Left,6,0.0193,-0.0103,0.0368,0.0000,0.0000,0.0000,1.0000,0.010,,,,,,,
99,Left,7,0.0043,0.0030,0.0591,0.4849,0.0091,-0.0518,0.8730,0.010,,,,,,,
99,Left,8,0.0000,0.0000,0.0379,0.6748,0.0121,0.0226,0.7375,0.010,,,,,,,
99,Left,9,0.0000,0.0000,0.0243,0.4689,-0.0153,0.0168,0.8829,0.010,,,,,,,
99,Left,10,-0.0003,0.0010,0.0224,0.0000,0.0000,0.0000,1.0000,0.010,,,,,,,
99,Left,11,0.0031,-0.0081,0.0347,0.0000,0.0000,0.0000,1.0000,0.010,,,,,,,
99,Left,12,-0.0013,0.0055,0.0610,0.5495,-0.0283,0.0243,0.8347,0.010,,,,,,,
99,Left,13,0.0000,0.0000,0.0429,0.5779,0.0029,0.0129,0.8160,0.010,,,,,,,
99,Left,14,0.0000,0.0000,0.0275,0.4770,0.0204,0.0851,0.8745,0.010,,,,,,,
99,Left,15,-0.0003,0.0011,0.0250,0.0000,0.0000,0.0000,1.0000,0.010,,,,,,,
99,Left,16,-0.0150,-0.0060,0.0348,0.0000,0.0000,0.0000,1.0000,0.010,,,,,,,
99,Left,17,-0.0025,-0.0005,0.0539,0.5456,-0.0289,0.0747,0.8342,0.010,,,,,,,
99,Left,18,0.0000,0.0000,0.0390,0.6382,0.0191,0.0419,0.7685,0.010,,,,,,,
99,Left,19,0.0000,0.0000,0.0266,0.5289,0.0273,0.0288,0.8477,0.010,,,,,,,
99,Left,20,-0.0003,0.0016,0.0243,0.0000,0.0000,0.0000,1.0000,0.010,,,,,,,
99,Left,21,-0.0230,-0.0094,0.0341,0.0183,-0.1403,0.2070,0.9681,0.010,,,,,,,
99,Left,22,0.0000,0.0000,0.0457,0.4597,-0.0279,-0.0674,0.8851,0.010,,,,,,,
99,Left,23,0.0000,0.0000,0.0307,0.6626,-0.0058,0.0872,0.7438,0.010,,,,,,,
99,Left,24,0.0000,0.0000,0.0203,0.5394,0.0410,-0.0025,0.8410,0.010,,,,,,,
99,Left,25,0.0002,0.0012,0.0219,0.0000,0.0000,0.0000,1.0000,0.010,,,,,,,
99,Right,0,-0.0023,-0.0053,0.0652,0.0000,0.0000,0.0000,1.0000,0.010,,,,,,,
99,Right,1,0.0000,0.0000,0.0000,0.0000,0.0000,0.0000,1.0000,0.010,-0.0470,-0.2923,0.0843,0.2025,0.4463,0.8677,-0.0835
99,Right,2,-0.0289,-0.0181,0.0355,-0.0755,-0.3255,0.5996,0.7272,0.010,,,,,,,
99,Right,3,0.0000,0.0000,0.0325,0.2621,0.0459,-0.0809,0.9606,0.010,,,,,,,
99,Right,4,0.0000,0.0000,0.0338,0.1627,-0.0461,0.0775,0.9826,0.010,,,,,,,
99,Right,5,0.0007,0.0010,0.0246,0.0000,0.0000,0.0000,1.0000,0.010,,,,,,,
99,Right,6,-0.0192,-0.0105,0.0369,0.0000,0.0000,0.0000,1.0000,0.010,,,,,,,
99,Right,7,-0.0044,0.0032,0.0591,0.1901,0.0675,0.0260,0.9791,0.010,,,,,,,
99,Right,8,0.0000,0.0000,0.0379,0.2064,0.0017,-0.0263,0.9781,0.010,,,,,,,
99,Right,9,0.0000,0.0000,0.0243,0.0679,0.0249,-0.0167,0.9972,0.010,,,,,,,
99,Right,10,0.0003,0.0010,0.0224,0.0000,0.0000,0.0000,1.0000,0.010,,,,,,,
99,Right,11,-0.0029,-0.0081,0.0348,0.0000,0.0000,0.0000,1.0000,0.010,,,,,,,
99,Right,12,0.0012,0.0056,0.0609,0.2751,0.0749,-0.0256,0.9582,0.010,,,,,,,
99,Right,13,0.0000,0.0000,0.0429,0.1495,0.0026,-0.0121,0.9887,0.010,,,,,,,
99,Right,14,0.0000,0.0000,0.0275,0.0170,-0.0002,-0.0453,0.9988,0.010,,,,,,,
99,Right,15,0.0003,0.0011,0.0250,0.0000,0.0000,0.0000,1.0000,0.010,,,,,,,
99,Right,16,0.0150,-0.0060,0.0348,0.0000,0.0000,0.0000,1.0000,0.010,,,,,,,
99,Right,17,0.0025,-0.0005,0.0539,0.2113,0.0764,-0.0654,0.9722,0.010,,,,,,,
99,Right,18,0.0000,0.0000,0.0390,0.1416,-0.0018,-0.0367,0.9892,0.010,,,,,,,
99,Right,19,0.0000,0.0000,0.0266,0.0618,-0.0295,-0.0075,0.9976,0.010,,,,,,,
99,Right,20,0.0003,0.0016,0.0243,0.0000,0.0000,0.0000,1.0000,0.010,,,,,,,
99,Right,21,0.0230,-0.0094,0.0341,0.0183,0.1403,-0.2070,0.9681,0.010,,,,,,,
99,Right,22,0.0000,0.0000,0.0457,0.0882,-0.0124,0.0893,0.9920,0.010,,,,,,,
99,Right,23,0.0000,0.0000,0.0307,0.1777,0.0348,-0.0537,0.9820,0.010,,,,,,,
99,Right,24,0.0000,0.0000,0.0203,0.0087,-0.0492,0.0008,0.9988,0.010,,,,,,,
99,Right,25,-0.0002,0.0012,0.0219,0.0000,0.0000,0.0000,1.0000,0.010,,,,,,,
100,Left,0,0.0024,-0.0053,0.0652,0.0000,0.0000,0.0000,1.0000,0.010,,,,,,,
100,Left,1,0.0000,0.0000,0.0000,0.0000,0.0000,0.0000,1.0000,0.010,0.3544,0.0521,0.0543,-0.0774,-0.4936,-0.8656,-0.0322
100,Left,2,0.0291,-0.0177,0.0353,-0.0645,0.3498,-0.5971,0.7190,0.010,,,,,,,
100,Left,3,0.0000,0.0000,0.0325,0.2052,-0.0516,0.0819,0.9739,0.010,,,,,,,
100,Left,4,0.0000,0.0000,0.0338,0.2348,0.0393,-0.0746,0.9684,0.010,,,,,,,
100,Left,5,-0.0007,0.0010,0.0246,0.0000,0.0000,0.0000,1.0000,0.010,,,,,,,
100,Left,6,0.0193,-0.0103,0.0368,0.0000,0.0000,0.0000,1.0000,0.010,,,,,,,
100,Left,7,0.0043,0.0030,0.0591,0.4849,0.0091,-0.0518,0.8730,0.010,,,,,,,
100,Left,8,0.0000,0.0000,0.0379,0.6748,0.0121,0.0226,0.7375,0.010,,,,,,,
100,Left,9,0.0000,0.0000,0.0243,0.4690,-0.0153,0.0168,0.8829,0.010,,,,,,,
100,Left,10,-0.0003,0.0010,0.0224,0.0000,0.0000,0.0000,1.0000,0.010,,,,,,,
100,Left,11,0.0031,-0.0081,0.0347,0.0000,0.0000,0.0000,1.0000,0.010,,,,,,,
100,Left,12,-0.0013,0.0055,0.0610,0.5495,-0.0283,0.0243,0.8347,0.010,,,,,,,
100,Left,13,0.0000,0.0000,0.0429,0.5779,0.0029,0.0129,0.8160,0.010,,,,,,,
100,Left,14,0.0000,0.0000,0.0275,0.4770,0.0204,0.0851,0.8745,0.010,,,,,,,
100,Left,15,-0.0003,0.0011,0.0250,0.0000,0.0000,0.0000,1.0000,0.010,,,,,,,
100,Left,16,-0.0150,-0.0060,0.0348,0.0000,0.0000,0.0000,1.0000,0.010,,,,,,,
100,Left,17,-0.0025,-0.0005,0.0539,0.5456,-0.0289,0.0747,0.8342,0.010,,,,,,,
100,Left,18,0.0000,0.0000,0.0390,0.6382,0.0191,0.0419,0.7685,0.010,,,,,,,
100,Left,19,0.0000,0.0000,0.0266,0.5289,0.0273,0.0288,0.8477,0.010,,,,,,,
100,Left,20,-0.0003,0.0016,0.0243,0.0000,0.0000,0.0000,1.0000,0.010,,,,,,,
100,Left,21,-0.0230,-0.0094,0.0341,0.0183,-0.1403,0.2070,0.9681,0.010,,,,,,,
100,Left,22,0.0000,0.0000,0.0457,0.4597,-0.0279,-0.0674,0.8851,0.010,,,,,,,
100,Left,23,0.0000,0.0000,0.0307,0.6626,-0.0058,0.0872,0.7438,0.010,,,,,,,
100,Left,24,0.0000,0.0000,0.0203,0.5394,0.0410,-0.0025,0.8410,0.010,,,,,,,
100,Left,25,0.0002,0.0012,0.0219,0.0000,0.0000,0.0000,1.0000,0.010,,,,,,,
100,Right,0,-0.0023,-0.0053,0.0652,0.0000,0.0000,0.0000,1.0000,0.010,,,,,,,
100,Right,1,0.0000,0.0000,0.0000,0.0000,0.0000,0.0000,1.0000,0.010,-0.0470,-0.2923,0.0843,0.2025,0.4463,0.8677,-0.0835
100,Right,2,-0.0289,-0.0181,0.0355,-0.0755,-0.3255,0.5996,0.7272,0.010,,,,,,,
100,Right,3,0.0000,0.0000,0.0325,0.2621,0.0459,-0.0809,0.9606,0.010,,,,,,,
100,Right,4,0.0000,0.0000,0.0338,0.1627,-0.0461,0.0775,0.9826,0.010,,,,,,,
100,Right,5,0.0007,0.0010,0.0246,0.0000,0.0000,0.0000,1.0000,0.010,,,,,,,
100,Right,6,-0.0192,-0.0105,0.0369,0.0000,0.0000,0.0000,1.0000,0.010,,,,,,,
100,Right,7,-0.0044,0.0032,0.0591,0.1901,0.0675,0.0260,0.9791,0.010,,,,,,,
100,Right,8,0.0000,0.0000,0.0379,0.2064,0.0017,-0.0263,0.9781,0.010,,,,,,,
100,Right,9,0.0000,0.0000,0.0243,0.0679,0.0249,-0.0167,0.9972,0.010,,,,,,,
100,Right,10,0.0003,0.0010,0.0224,0.0000,0.0000,0.0000,1.0000,0.010,,,,,,,
100,Right,11,-0.0029,-0.0081,0.0348,0.0000,0.0000,0.0000,1.0000,0.010,,,,,,,
100,Right,12,0.0012,0.0056,0.0609,0.2751,0.0749,-0.0256,0.9582,0.010,,,,,,,
100,Right,13,0.0000,0.0000,0.0429,0.1495,0.0026,-0.0121,0.9887,0.010,,,,,,,
100,Right,14,0.0000,0.0000,0.0275,0.0170,-0.0002,-0.0453,0.9988,0.010,,,,,,,
100,Right,15,0.0003,0.0011,0.0250,0.0000,0.0000,0.0000,1.0000,0.010,,,,,,,
100,Right,16,0.0150,-0.0060,0.0348,0.0000,0.0000,0.0000,1.0000,0.010,,,,,,,
100,Right,17,0.0025,-0.0005,0.0539,0.2113,0.0764,-0.0654,0.9722,0.010,,,,,,,
100,Right,18,0.0000,0.0000,0.0390,0.1416,-0.0018,-0.0367,0.9892,0.010,,,,,,,
100,Right,19,0.0000,0.0000,0.0266,0.0618,-0.0295,-0.0075,0.9976,0.010,,,,,,,
100,Right,20,0.0003,0.0016,0.0243,0.0000,0.0000,0.0000,1.0000,0.010,,,,,,,
100,Right,21,0.0230,-0.0094,0.0341,0.0183,0.1403,-0.2070,0.9681,0.010,,,,,,,
100,Right,22,0.0000,0.0000,0.0457,0.0882,-0.0124,0.0893,0.9920,0.010,,,,,,,
100,Right,23,0.0000,0.0000,0.0307,0.1777,0.0348,-0.0537,0.9820,0.010,,,,,,,
100,Right,24,0.0000,0.0000,0.0203,0.0087,-0.0492,0.0008,0.9988,0.010,,,,,,,
100,Right,25,-0.0002,0.0012,0.0219,0.0000,0.0000,0.0000,1.0000,0.010,,,,,,,
101,Left,0,0.0024,-0.0053,0.0652,0.0000,0.0000,0.0000,1.0000,0.010,,,,,,,
101,Left,1,0.0000,0.0000,0.0000,0.0000,0.0000,0.0000,1.0000,0.010,0.3544,0.0521,0.0543,-0.0774,-0.4936,-0.8656,-0.0322
101,Left,2,0.0291,-0.0177,0.0353,-0.0645,0.3498,-0.5971,0.7190,0.010,,,,,,,
101,Left,3,0.0000,0.0000,0.0325,0.2052,-0.0516,0.0819,0.9739,0.010,,,,,,,
101,Left,4,0.0000,0.0000,0.0338,0.2348,0.0393,-0.0746,0.9684,0.010,,,,,,,
101,Left,5,-0.0007,0.0010,0.0246,0.0000,0.0000,0.0000,1.0000,0.010,,,,,,,
101,Left,6,0.0193,-0.0103,0.0368,0.0000,0.0000,0.0000,1.0000,0.010,,,,,,,
101,Left,7,0.0043,0.0030,0.0591,0.4849,0.0091,-0.0518,0.8730,0.010,,,,,,,
101,Left,8,0.0000,0.0000,0.0379,0.6748,0.0121,0.0226,0.7375,0.010,,,,,,,
101,Left,9,0.0000,0.0000,0.0243,0.4690,-0.0153,0.0168,0.8829,0.010,,,,,,,
101,Left,10,-0.0003,0.0010,0.0224,0.0000,0.0000,0.0000,1.0000,0.010,,,,,,,
101,Left,11,0.0031,-0.0081,0.0347,0.0000,0.0000,0.0000,1.0000,0.010,,,,,,,
101,Left,12,-0.0013,0.0055,0.0610,0.5495,-0.0283,0.0243,0.8346,0.010,,,,,,,
101,Left,13,0.0000,0.0000,0.0429,0.5779,0.0029,0.0129,0.8160,0.010,,,,,,,
101,Left,14,0.0000,0.0000,0.0275,0.4770,0.0204,0.0851,0.8745,0.010,,,,,,,
101,Left,15,-0.0003,0.0011,0.0250,0.0000,0.0000,0.0000,1.0000,0.010,,,,,,,
101,Left,16,-0.0150,-0.0060,0.0348,0.0000,0.0000,0.0000,1.0000,0.010,,,,,,,
101,Left,17,-0.0025,-0.0005,0.0539,0.5456,-0.0289,0.0747,0.8342,0.010,,,,,,,
101,Left,18,0.0000,0.0000,0.0390,0.6382,0.0191,0.0419,0.7685,0.010,,,,,,,
101,Left,19,0.0000,0.0000,0.0266,0.5289,0.0273,0.0288,0.8477,0.010,,,,,,,
101,Left,20,-0.0003,0.0016,0.0243,0.0000,0.0000,0.0000,1.0000,0.010,,,,,,,
101,Left,21,-0.0230,-0.0094,0.0341,0.0183,-0.1403,0.2070,0.9681,0.010,,,,,,,
101,Left,22,0.0000,0.0000,0.0457,0.4597,-0.0279,-0.0674,0.8851,0.010,,,,,,,
101,Left,23,0.0000,0.0000,0.0307,0.6627,-0.0058,0.0872,0.7438,0.010,,,,,,,
101,Left,24,0.0000,0.0000,0.0203,0.5394,0.0410,-0.0025,0.8410,0.010,,,,,,,
101,Left,25,0.0002,0.0012,0.0219,0.0000,0.0000,0.0000,1.0000,0.010,,,,,,,
101,Right,0,-0.0023,-0.0053,0.0652,0.0000,0.0000,0.0000,1.0000,0.010,,,,,,,
101,Right,1,0.0000,0.0000,0.0000,0.0000,0.0000,0.0000,1.0000,0.010,-0.0470,-0.2923,0.0843,0.2025,0.4463,0.8677,-0.0835
101,Right,2,-0.0289,-0.0181,0.0355,-0.0754,-0.3255,0.5996,0.7272,0.010,,,,,,,
101,Right,3,0.0000,0.0000,0.0325,0.2621,0.0459,-0.0809,0.9606,0.010,,,,,,,
101,Right,4,0.0000,0.0000,0.0338,0.1627,-0.0461,0.0775,0.9826,0.010,,,,,,,
101,Right,5,0.0007,0.0010,0.0246,0.0000,0.0000,0.0000,1.0000,0.010,,,,,,,
101,Right,6,-0.0192,-0.0105,0.0369,0.0000,0.0000,0.0000,1.0000,0.010,,,,,,,
101,Right,7,-0.0044,0.0032,0.0591,0.1901,0.0675,0.0260,0.9791,0.010,,,,,,,
101,Right,8,0.0000,0.0000,0.0379,0.2064,0.0017,-0.0263,0.9781,0.010,,,,,,,
101,Right,9,0.0000,0.0000,0.0243,0.0679,0.0249,-0.0167,0.9972,0.010,,,,,,,
101,Right,10,0.0003,0.0010,0.0224,0.0000,0.0000,0.0000,1.0000,0.010,,,,,,,
101,Right,11,-0.0029,-0.0081,0.0348,0.0000,0.0000,0.0000,1.0000,0.010,,,,,,,
101,Right,12,0.0012,0.0056,0.0609,0.2751,0.0749,-0.0256,0.9582,0.010,,,,,,,
101,Right,13,0.0000,0.0000,0.0429,0.1495,0.0026,-0.0121,0.9887,0.010,,,,,,,
101,Right,14,0.0000,0.0000,0.0275,0.0170,-0.0002,-0.0453,0.9988,0.010,,,,,,,
101,Right,15,0.0003,0.0011,0.0250,0.0000,0.0000,0.0000,1.0000,0.010,,,,,,,
101,Right,16,0.0150,-0.0060,0.0348,0.0000,0.0000,0.0000,1.0000,0.010,,,,,,,
101,Right,17,0.0025,-0.0005,0.0539,0.2113,0.0764,-0.0654,0.9722,0.010,,,,,,,
101,Right,18,0.0000,0.0000,0.0390,0.1416,-0.0018,-0.0367,0.9892,0.010,,,,,,,
101,Right,19,0.0000,0.0000,0.0266,0.0618,-0.0295,-0.0075,0.9976,0.010,,,,,,,
101,Right,20,0.0003,0.0016,0.0243,0.0000,0.0000,0.0000,1.0000,0.010,,,,,,,
101,Right,21,0.0230,-0.0094,0.0341,0.0183,0.1403,-0.2070,0.9681,0.010,,,,,,,
101,Right,22,0.0000,0.0000,0.0457,0.0882,-0.0124,0.0893,0.9920,0.010,,,,,,,
101,Right,23,0.0000,0.0000,0.0307,0.1777,0.0348,-0.0537,0.9820,0.010,,,,,,,
101,Right,24,0.0000,0.0000,0.0203,0.0087,-0.0492,0.0008,0.9988,0.010,,,,,,,
101,Right,25,-0.0002,0.0012,0.0219,0.0000,0.0000,0.0000,1.0000,0.010,,,,,,,
102,Left,0,0.0024,-0.0053,0.0652,0.0000,0.0000,0.0000,1.0000,0.010,,,,,,,
102,Left,1,0.0000,0.0000,0.0000,0.0000,0.0000,0.0000,1.0000,0.010,0.3544,0.0521,0.0542,-0.0774,-0.4936,-0.8656,-0.0322
102,Left,2,0.0291,-0.0177,0.0353,-0.0645,0.3498,-0.5971,0.7190,0.010,,,,,,,
102,Left,3,0.0000,0.0000,0.0325,0.2052,-0.0516,0.0819,0.9739,0.010,,,,,,,
102,Left,4,0.0000,0.0000,0.0338,0.2348,0.0393,-0.0746,0.9684,0.010,,,,,,,
102,Left,5,-0.0007,0.0010,0.0246,0.0000,0.0000,0.0000,1.0000,0.010,,,,,,,
102,Left,6,0.0193,-0.0103,0.0368,0.0000,0.0000,0.0000,1.0000,0.010,,,,,,,
102,Left,7,0.0043,0.0030,0.0591,0.4849,0.0091,-0.0518,0.8730,0.010,,,,,,,
102,Left,8,0.0000,0.0000,0.0379,0.6748,0.0121,0.0226,0.7375,0.010,,,,,,,
102,Left,9,0.0000,0.0000,0.0243,0.4690,-0.0153,0.0168,0.8829,0.010,,,,,,,
102,Left,10,-0.0003,0.0010,0.0224,0.0000,0.0000,0.0000,1.0000,0.010,,,,,,,
102,Left,11,0.0031,-0.0081,0.0347,0.0000,0.0000,0.0000,1.0000,0.010,,,,,,,
102,Left,12,-0.0013,0.0055,0.0610,0.5495,-0.0283,0.0243,0.8346,0.010,,,,,,,
102,Left,13,0.0000,0.0000,0.0429,0.5779,0.0029,0.0129,0.8160,0.010,,,,,,,
102,Left,14,0.0000,0.0000,0.0275,0.4770,0.0204,0.0851,0.8745,0.010,,,,,,,
102,Left,15,-0.0003,0.0011,0.0250,0.0000,0.0000,0.0000,1.0000,0.010,,,,,,,
102,Left,16,-0.0150,-0.0060,0.0348,0.0000,0.0000,0.0000,1.0000,0.010,,,,,,,
102,Left,17,-0.0025,-0.0005,0.0539,0.5456,-0.0289,0.0747,0.8342,0.010,,,,,,,
102,Left,18,0.0000,0.0000,0.0390,0.6382,0.0191,0.0419,0.7685,0.010,,,,,,,
102,Left,19,0.0000,0.0000,0.0266,0.5290,0.0273,0.0288,0.8477,0.010,,,,,,,
102,Left,20,-0.0003,0.0016,0.0243,0.0000,0.0000,0.0000,1.0000,0.010,,,,,,,
102,Left,21,-0.0230,-0.0094,0.0341,0.0183,-0.1403,0.2070,0.9681,0.010,,,,,,,
102,Left,22,0.0000,0.0000,0.0457,0.4598,-0.0279,-0.0674,0.8850,0.010,,,,,,,
102,Left,23,0.0000,0.0000,0.0307,0.6627,-0.0058,0.0872,0.7438,0.010,,,,,,,
102,Left,24,0.0000,0.0000,0.0203,0.5394,0.0410,-0.0025,0.8410,0.010,,,,,,,
102,Left,25,0.0002,0.0012,0.0219,0.0000,0.0000,0.0000,1.0000,0.010,,,,,,,
102,Right,0,-0.0023,-0.0053,0.0652,0.0000,0.0000,0.0000,1.0000,0.010,,,,,,,
102,Right,1,0.0000,0.0000,0.0000,0.0000,0.0000,0.0000,1.0000,0.010,-0.0470,-0.2923,0.0843,0.2025,0.4463,0.8677,-0.0835
102,Right,2,-0.0289,-0.0181,0.0355,-0.0754,-0.3255,0.5996,0.7272,0.010,,,,,,,
102,Right,3,0.0000,0.0000,0.0325,0.2621,0.0459,-0.0809,0.9606,0.010,,,,,,,
102,Right,4,0.0000,0.0000,0.0338,0.1627,-0.0461,0.0775,0.9826,0.010,,,,,,,
102,Right,5,0.0007,0.0010,0.0246,0.0000,0.0000,0.0000,1.0000,0.010,,,,,,,
102,Right,6,-0.0192,-0.0105,0.0369,0.0000,0.0000,0.0000,1.0000,0.010,,,,,,,
102,Right,7,-0.0044,0.0032,0.0591,0.1901,0.0675,0.0260,0.9791,0.010,,,,,,,
102,Right,8,0.0000,0.0000,0.0379,0.2064,0.0017,-0.0263,0.9781,0.010,,,,,,,
102,Right,9,0.0000,0.0000,0.0243,0.0679,0.0249,-0.0167,0.9972,0.010,,,,,,,
102,Right,10,0.0003,0.0010,0.0224,0.0000,0.0000,0.0000,1.0000,0.010,,,,,,,
102,Right,11,-0.0029,-0.0081,0.0348,0.0000,0.0000,0.0000,1.0000,0.010,,,,,,,
102,Right,12,0.0012,0.0056,0.0609,0.2751,0.0749,-0.0256,0.9582,0.010,,,,,,,
102,Right,13,0.0000,0.0000,0.0429,0.1495,0.0026,-0.0121,0.9887,0.010,,,,,,,
102,Right,14,0.0000,0.0000,0.0275,0.0170,-0.0002,-0.0453,0.9988,0.010,,,,,,,
102,Right,15,0.0003,0.0011,0.0250,0.0000,0.0000,0.0000,1.0000,0.010,,,,,,,
102,Right,16,0.0150,-0.0060,0.0348,0.0000,0.0000,0.0000,1.0000,0.010,,,,,,,
102,Right,17,0.0025,-0.0005,0.0539,0.2113,0.0764,-0.0654,0.9722,0.010,,,,,,,
102,Right,18,0.0000,0.0000,0.0390,0.1416,-0.0018,-0.0367,0.9892,0.010,,,,,,,
102,Right,19,0.0000,0.0000,0.0266,0.0618,-0.0295,-0.0075,0.9976,0.010,,,,,,,
102,Right,20,0.0003,0.0016,0.0243,0.0000,0.0000,0.0000,1.0000,0.010,,,,,,,
102,Right,21,0.0230,-0.0094,0.0341,0.0183,0.1403,-0.2070,0.9681,0.010,,,,,,,
102,Right,22,0.0000,0.0000,0.0457,0.0882,-0.0124,0.0893,0.9920,0.010,,,,,,,
102,Right,23,0.0000,0.0000,0.0307,0.1777,0.0348,-0.0537,0.9820,0.010,,,,,,,
102,Right,24,0.0000,0.0000,0.0203,0.0087,-0.0492,0.0008,0.9988,0.010,,,,,,,
102,Right,25,-0.0002,0.0012,0.0219,0.0000,0.0000,0.0000,1.0000,0.010,,,,,,,
103,Left,0,0.0024,-0.0053,0.0652,0.0000,0.0000,0.0000,1.0000,0.010,,,,,,,
103,Left,1,0.0000,0.0000,0.0000,0.0000,0.0000,0.0000,1.0000,0.010,0.3544,0.0521,0.0542,-0.0774,-0.4936,-0.8656,-0.0322
103,Left,2,0.0291,-0.0177,0.0353,-0.0645,0.3498,-0.5971,0.7190,0.010,,,,,,,
103,Left,3,0.0000,0.0000,0.0325,0.2052,-0.0516,0.0819,0.9739,0.010,,,,,,,
103,Left,4,0.0000,0.0000,0.0338,0.2348,0.0393,-0.0746,0.9684,0.010,,,,,,,
103,Left,5,-0.0007,0.0010,0.0246,0.0000,0.0000,0.0000,1.0000,0.010,,,,,,,
103,Left,6,0.0193,-0.0103,0.0368,0.0000,0.0000,0.0000,1.0000,0.010,,,,,,,
103,Left,7,0.0043,0.0030,0.0591,0.4849,0.0091,-0.0518,0.8730,0.010,,,,,,,
103,Left,8,0.0000,0.0000,0.0379,0.6748,0.0121,0.0226,0.7375,0.010,,,,,,,
103,Left,9,0.0000,0.0000,0.0243,0.4690,-0.0153,0.0168,0.8829,0.010,,,,,,,
103,Left,10,-0.0003,0.0010,0.0224,0.0000,0.0000,0.0000,1.0000,0.010,,,,,,,
103,Left,11,0.0031,-0.0081,0.0347,0.0000,0.0000,0.0000,1.0000,0.010,,,,,,,
103,Left,12,-0.0013,0.0055,0.0610,0.5495,-0.0283,0.0243,0.8346,0.010,,,,,,,
103,Left,13,0.0000,0.0000,0.0429,0.5779,0.0029,0.0129,0.8160,0.010,,,,,,,
103,Left,14,0.0000,0.0000,0.0275,0.4770,0.0204,0.0851,0.8745,0.010,,,,,,,
103,Left,15,-0.0003,0.0011,0.0250,0.0000,0.0000,0.0000,1.0000,0.010,,,,,,,
103,Left,16,-0.0150,-0.0060,0.0348,0.0000,0.0000,0.0000,1.0000,0.010,,,,,,,
103,Left,17,-0.0025,-0.0005,0.0539,0.5456,-0.0289,0.0747,0.8342,0.010,,,,,,,
103,Left,18,0.0000,0.0000,0.0390,0.6382,0.0191,0.0419,0.7685,0.010,,,,,,,
103,Left,19,0.0000,0.0000,0.0266,0.5290,0.0273,0.0288,0.8477,0.010,,,,,,,
103,Left,20,-0.0003,0.0016,0.0243,0.0000,0.0000,0.0000,1.0000,0.010,,,,,,,
103,Left,21,-0.0230,-0.0094,0.0341,0.0183,-0.1403,0.2070,0.9681,0.010,,,,,,,
103,Left,22,0.0000,0.0000,0.0457,0.4598,-0.0279,-0.0674,0.8850,0.010,,,,,,,
103,Left,23,0.0000,0.0000,0.0307,0.6627,-0.0058,0.0872,0.7438,0.010,,,,,,,
103,Left,24,0.0000,0.0000,0.0203,0.5394,0.0410,-0.0025,0.8410,0.010,,,,,,,
103,Left,25,0.0002,0.0012,0.0219,0.0000,0.0000,0.0000,1.0000,0.010,,,,,,,
103,Right,0,-0.0023,-0.0053,0.0652,0.0000,0.0000,0.0000,1.0000,0.010,,,,,,,
103,Right,1,0.0000,0.0000,0.0000,0.0000,0.0000,0.0000,1.0000,0.010,-0.0470,-0.2923,0.0843,0.2025,0.4463,0.8677,-0.0835
103,Right,2,-0.0289,-0.0181,0.0355,-0.0754,-0.3255,0.5996,0.7272,0.010,,,,,,,
103,Right,3,0.0000,0.0000,0.0325,0.2621,0.0459,-0.0809,0.9606,0.010,,,,,,,
103,Right,4,0.0000,0.0000,0.0338,0.1627,-0.0461,0.0775,0.9826,0.010,,,,,,,
103,Right,5,0.0007,0.0010,0.0246,0.0000,0.0000,0.0000,1.0000,0.010,,,,,,,
103,Right,6,-0.0192,-0.0105,0.0369,0.0000,0.0000,0.0000,1.0000,0.010,,,,,,,
103,Right,7,-0.0044,0.0032,0.0591,0.1901,0.0675,0.0260,0.9791,0.010,,,,,,,
103,Right,8,0.0000,0.0000,0.0379,0.2064,0.0017,-0.0263,0.9781,0.010,,,,,,,
103,Right,9,0.0000,0.0000,0.0243,0.0679,0.0249,-0.0167,0.9972,0.010,,,,,,,
103,Right,10,0.0003,0.0010,0.0224,0.0000,0.0000,0.0000,1.0000,0.010,,,,,,,
103,Right,11,-0.0029,-0.0081,0.0348,0.0000,0.0000,0.0000,1.0000,0.010,,,,,,,
103,Right,12,0.0012,0.0056,0.0609,0.2751,0.0749,-0.0256,0.9582,0.010,,,,,,,
103,Right,13,0.0000,0.0000,0.0429,0.1495,0.0026,-0.0121,0.9887,0.010,,,,,,,
103,Right,14,0.0000,0.0000,0.0275,0.0170,-0.0002,-0.0453,0.9988,0.010,,,,,,,
103,Right,15,0.0003,0.0011,0.0250,0.0000,0.0000,0.0000,1.0000,0.010,,,,,,,
103,Right,16,0.0150,-0.0060,0.0348,0.0000,0.0000,0.0000,1.0000,0.010,,,,,,,
103,Right,17,0.0025,-0.0005,0.0539,0.2113,0.0764,-0.0654,0.9722,0.010,,,,,,,
103,Right,18,0.0000,0.0000,0.0390,0.1416,-0.0018,-0.0367,0.9892,0.010,,,,,,,
103,Right,19,0.0000,0.0000,0.0266,0.0618,-0.0295,-0.0075,0.9976,0.010,,,,,,,
103,Right,20,0.0003,0.0016,0.0243,0.0000,0.0000,0.0000,1.0000,0.010,,,,,,,
103,Right,21,0.0230,-0.0094,0.0341,0.0183,0.1403,-0.2070,0.9681,0.010,,,,,,,
103,Right,22,0.0000,0.0000,0.0457,0.0882,-0.0124,0.0893,0.9920,0.010,,,,,,,
103,Right,23,0.0000,0.0000,0.0307,0.1777,0.0348,-0.0537,0.9820,0.010,,,,,,,
103,Right,24,0.0000,0.0000,0.0203,0.0087,-0.0492,0.0008,0.9988,0.010,,,,,,,
103,Right,25,-0.0002,0.0012,0.0219,0.0000,0.0000,0.0000,1.0000,0.010,,,,,,,
104,Left,0,0.0024,-0.0053,0.0652,0.0000,0.0000,0.0000,1.0000,0.010,,,,,,,
104,Left,1,0.0000,0.0000,0.0000,0.0000,0.0000,0.0000,1.0000,0.010,0.3544,0.0521,0.0542,-0.0774,-0.4936,-0.8656,-0.0322
104,Left,2,0.0291,-0.0177,0.0353,-0.0645,0.3498,-0.5971,0.7190,0.010,,,,,,,
104,Left,3,0.0000,0.0000,0.0325,0.2052,-0.0516,0.0819,0.9739,0.010,,,,,,,
104,Left,4,0.0000,0.0000,0.0338,0.2348,0.0393,-0.0746,0.9684,0.010,,,,,,,
104,Left,5,-0.0007,0.0010,0.0246,0.0000,0.0000,0.0000,1.0000,0.010,,,,,,,
104,Left,6,0.0193,-0.0103,0.0368,0.0000,0.0000,0.0000,1.0000,0.010,,,,,,,
104,Left,7,0.0043,0.0030,0.0591,0.4849,0.0091,-0.0518,0.8730,0.010,,,,,,,
104,Left,8,0.0000,0.0000,0.0379,0.6748,0.0121,0.0226,0.7375,0.010,,,,,,,
104,Left,9,0.0000,0.0000,0.0243,0.4690,-0.0153,0.0168,0.8829,0.010,,,,,,,
104,Left,10,-0.0003,0.0010,0.0224,0.0000,0.0000,0.0000,1.0000,0.010,,,,,,,
104,Left,11,0.0031,-0.0081,0.0347,0.0000,0.0000,0.0000,1.0000,0.010,,,,,,,
104,Left,12,-0.0013,0.0055,0.0610,0.5495,-0.0283,0.0243,0.8346,0.010,,,,,,,
104,Left,13,0.0000,0.0000,0.0429,0.5779,0.0029,0.0129,0.8160,0.010,,,,,,,
104,Left,14,0.0000,0.0000,0.0275,0.4771,0.0204,0.0851,0.8745,0.010,,,,,,,
104,Left,15,-0.0003,0.0011,0.0250,0.0000,0.0000,0.0000,1.0000,0.010,,,,,,,
104,Left,16,-0.0150,-0.0060,0.0348,0.0000,0.0000,0.0000,1.0000,0.010,,,,,,,
104,Left,17,-0.0025,-0.0005,0.0539,0.5456,-0.0289,0.0747,0.8342,0.010,,,,,,,
104,Left,18,0.0000,0.0000,0.0390,0.6383,0.0191,0.0419,0.7684,0.010,,,,,,,
104,Left,19,0.0000,0.0000,0.0266,0.5290,0.0273,0.0288,0.8477,0.010,,,,,,,
104,Left,20,-0.0003,0.0016,0.0243,0.0000,0.0000,0.0000,1.0000,0.010,,,,,,,
104,Left,21,-0.0230,-0.0094,0.0341,0.0183,-0.1403,0.2070,0.9681,0.010,,,,,,,
104,Left,22,0.0000,0.0000,0.0457,0.4598,-0.0279,-0.0674,0.8850,0.010,,,,,,,
104,Left,23,0.0000,0.0000,0.0307,0.6627,-0.0058,0.0872,0.7438,0.010,,,,,,,
104,Left,24,0.0000,0.0000,0.0203,0.5394,0.0410,-0.0025,0.8410,0.010,,,,,,,
104,Left,25,0.0002,0.0012,0.0219,0.0000,0.0000,0.0000,1.0000,0.010,,,,,,,
104,Right,0,-0.0023,-0.0053,0.0652,0.0000,0.0000,0.0000,1.0000,0.010,,,,,,,
104,Right,1,0.0000,0.0000,0.0000,0.0000,0.0000,0.0000,1.0000,0.010,-0.0470,-0.2923,0.0843,0.2025,0.4463,0.8677,-0.0835
104,Right,2,-0.0289,-0.0181,0.0355,-0.0754,-0.3255,0.5996,0.7272,0.010,,,,,,,
104,Right,3,0.0000,0.0000,0.0325,0.2621,0.0459,-0.0809,0.9606,0.010,,,,,,,
104,Right,4,0.0000,0.0000,0.0338,0.1627,-0.0461,0.0775,0.9826,0.010,,,,,,,
104,Right,5,0.0007,0.0010,0.0246,0.0000,0.0000,0.0000,1.0000,0.010,,,,,,,
104,Right,6,-0.0192,-0.0105,0.0369,0.0000,0.0000,0.0000,1.0000,0.010,,,,,,,
104,Right,7,-0.0044,0.0032,0.0591,0.1901,0.0675,0.0260,0.9791,0.010,,,,,,,
104,Right,8,0.0000,0.0000,0.0379,0.2064,0.0017,-0.0263,0.9781,0.010,,,,,,,
104,Right,9,0.0000,0.0000,0.0243,0.0679,0.0249,-0.0167,0.9972,0.010,,,,,,,
104,Right,10,0.0003,0.0010,0.0224,0.0000,0.0000,0.0000,1.0000,0.010,,,,,,,
104,Right,11,-0.0029,-0.0081,0.0348,0.0000,0.0000,0.0000,1.0000,0.010,,,,,,,
104,Right,12,0.0012,0.0056,0.0609,0.2751,0.0749,-0.0256,0.9582,0.010,,,,,,,
104,Right,13,0.0000,0.0000,0.0429,0.1495,0.0026,-0.0121,0.9887,0.010,,,,,,,
104,Right,14,0.0000,0.0000,0.0275,0.0170,-0.0002,-0.0453,0.9988,0.010,,,,,,,
104,Right,15,0.0003,0.0011,0.0250,0.0000,0.0000,0.0000,1.0000,0.010,,,,,,,
104,Right,16,0.0150,-0.0060,0.0348,0.0000,0.0000,0.0000,1.0000,0.010,,,,,,,
104,Right,17,0.0025,-0.0005,0.0539,0.2113,0.0764,-0.0654,0.9722,0.010,,,,,,,
104,Right,18,0.0000,0.0000,0.0390,0.1416,-0.0018,-0.0367,0.9892,0.010,,,,,,,
104,Right,19,0.0000,0.0000,0.0266,0.0618,-0.0295,-0.0075,0.9976,0.010,,,,,,,
104,Right,20,0.0003,0.0016,0.0243,0.0000,0.0000,0.0000,1.0000,0.010,,,,,,,
104,Right,21,0.0230,-0.0094,0.0341,0.0183,0.1403,-0.2070,0.9681,0.010,,,,,,,
104,Right,22,0.0000,0.0000,0.0457,0.0882,-0.0124,0.0893,0.9920,0.010,,,,,,,
104,Right,23,0.0000,0.0000,0.0307,0.1777,0.0348,-0.0537,0.9820,0.010,,,,,,,
104,Right,24,0.0000,0.0000,0.0203,0.0087,-0.0492,0.0008,0.9988,0.010,,,,,,,
104,Right,25,-0.0002,0.0012,0.0219,0.0000,0.0000,0.0000,1.0000,0.010,,,,,,,
105,Left,0,0.0024,-0.0053,0.0652,0.0000,0.0000,0.0000,1.0000,0.010,,,,,,,
105,Left,1,0.0000,0.0000,0.0000,0.0000,0.0000,0.0000,1.0000,0.010,0.3544,0.0521,0.0542,-0.0774,-0.4936,-0.8656,-0.0322
105,Left,2,0.0291,-0.0177,0.0353,-0.0645,0.3498,-0.5971,0.7190,0.010,,,,,,,
105,Left,3,0.0000,0.0000,0.0325,0.2052,-0.0516,0.0819,0.9739,0.010,,,,,,,
105,Left,4,0.0000,0.0000,0.0338,0.2348,0.0393,-0.0746,0.9684,0.010,,,,,,,
105,Left,5,-0.0007,0.0010,0.0246,0.0000,0.0000,0.0000,1.0000,0.010,,,,,,,
105,Left,6,0.0193,-0.0103,0.0368,0.0000,0.0000,0.0000,1.0000,0.010,,,,,,,
105,Left,7,0.0043,0.0030,0.0591,0.4849,0.0091,-0.0518,0.8730,0.010,,,,,,,
105,Left,8,0.0000,0.0000,0.0379,0.6749,0.0121,0.0226,0.7375,0.010,,,,,,,
105,Left,9,0.0000,0.0000,0.0243,0.4690,-0.0153,0.0168,0.8829,0.010,,,,,,,
105,Left,10,-0.0003,0.0010,0.0224,0.0000,0.0000,0.0000,1.0000,0.010,,,,,,,
105,Left,11,0.0031,-0.0081,0.0347,0.0000,0.0000,0.0000,1.0000,0.010,,,,,,,
105,Left,12,-0.0013,0.0055,0.0610,0.5495,-0.0283,0.0243,0.8346,0.010,,,,,,,
105,Left,13,0.0000,0.0000,0.0429,0.5779,0.0029,0.0129,0.8160,0.010,,,,,,,
105,Left,14,0.0000,0.0000,0.0275,0.4771,0.0204,0.0851,0.8745,0.010,,,,,,,
105,Left,15,-0.0003,0.0011,0.0250,0.0000,0.0000,0.0000,1.0000,0.010,,,,,,,
105,Left,16,-0.0150,-0.0060,0.0348,0.0000,0.0000,0.0000,1.0000,0.010,,,,,,,
105,Left,17,-0.0025,-0.0005,0.0539,0.5456,-0.0289,0.0747,0.8342,0.010,,,,,,,
105,Left,18,0.0000,0.0000,0.0390,0.6383,0.0191,0.0419,0.7684,0.010,,,,,,,
105,Left,19,0.0000,0.0000,0.0266,0.5290,0.0273,0.0288,0.8477,0.010,,,,,,,
105,Left,20,-0.0003,0.0016,0.0243,0.0000,0.0000,0.0000,1.0000,0.010,,,,,,,
105,Left,21,-0.0230,-0.0094,0.0341,0.0183,-0.1403,0.2070,0.9681,0.010,,,,,,,
105,Left,22,0.0000,0.0000,0.0457,0.4598,-0.0279,-0.0674,0.8850,0.010,,,,,,,
105,Left,23,0.0000,0.0000,0.0307,0.6627,-0.0058,0.0872,0.7438,0.010,,,,,,,
105,Left,24,0.0000,0.0000,0.0203,0.5394,0.0410,-0.0025,0.8410,0.010,,,,,,,
105,Left,25,0.0002,0.0012,0.0219,0.0000,0.0000,0.0000,1.0000,0.010,,,,,,,
105,Right,0,-0.0023,-0.0053,0.0652,0.0000,0.0000,0.0000,1.0000,0.010,,,,,,,
105,Right,1,0.0000,0.0000,0.0000,0.0000,0.0000,0.0000,1.0000,0.010,-0.0470,-0.2923,0.0843,0.2025,0.4463,0.8677,-0.0835
105,Right,2,-0.0289,-0.0181,0.0355,-0.0754,-0.3256,0.5996,0.7272,0.010,,,,,,,
105,Right,3,0.0000,0.0000,0.0325,0.2620,0.0459,-0.0809,0.9606,0.010,,,,,,,
105,Right,4,0.0000,0.0000,0.0338,0.1627,-0.0461,0.0775,0.9826,0.010,,,,,,,
105,Right,5,0.0007,0.0010,0.0246,0.0000,0.0000,0.0000,1.0000,0.010,,,,,,,
105,Right,6,-0.0192,-0.0105,0.0369,0.0000,0.0000,0.0000,1.0000,0.010,,,,,,,
105,Right,7,-0.0044,0.0032,0.0591,0.1901,0.0675,0.0260,0.9791,0.010,,,,,,,
105,Right,8,0.0000,0.0000,0.0379,0.2064,0.0017,-0.0263,0.9781,0.010,,,,,,,
105,Right,9,0.0000,0.0000,0.0243,0.0679,0.0249,-0.0167,0.9972,0.010,,,,,,,
105,Right,10,0.0003,0.0010,0.0224,0.0000,0.0000,0.0000,1.0000,0.010,,,,,,,
105,Right,11,-0.0029,-0.0081,0.0348,0.0000,0.0000,0.0000,1.0000,0.010,,,,,,,
105,Right,12,0.0012,0.0056,0.0609,0.2751,0.0749,-0.0256,0.9582,0.010,,,,,,,
105,Right,13,0.0000,0.0000,0.0429,0.1495,0.0026,-0.0121,0.9887,0.010,,,,,,,
105,Right,14,0.0000,0.0000,0.0275,0.0170,-0.0002,-0.0453,0.9988,0.010,,,,,,,
105,Right,15,0.0003,0.0011,0.0250,0.0000,0.0000,0.0000,1.0000,0.010,,,,,,,
105,Right,16,0.0150,-0.0060,0.0348,0.0000,0.0000,0.0000,1.0000,0.010,,,,,,,
105,Right,17,0.0025,-0.0005,0.0539,0.2113,0.0764,-0.0654,0.9722,0.010,,,,,,,
105,Right,18,0.0000,0.0000,0.0390,0.1416,-0.0018,-0.0367,0.9892,0.010,,,,,,,
105,Right,19,0.0000,0.0000,0.0266,0.0618,-0.0295,-0.0075,0.9976,0.010,,,,,,,
105,Right,20,0.0003,0.0016,0.0243,0.0000,0.0000,0.0000,1.0000,0.010,,,,,,,
105,Right,21,0.0230,-0.0094,0.0341,0.0183,0.1403,-0.2070,0.9681,0.010,,,,,,,
105,Right,22,0.0000,0.0000,0.0457,0.0882,-0.0124,0.0893,0.9920,0.010,,,,,,,
105,Right,23,0.0000,0.0000,0.0307,0.1777,0.0348,-0.0537,0.9820,0.010,,,,,,,
105,Right,24,0.0000,0.0000,0.0203,0.0087,-0.0492,0.0008,0.9988,0.010,,,,,,,
105,Right,25,-0.0002,0.0012,0.0219,0.0000,0.0000,0.0000,1.0000,0.010,,,,,,,
106,Left,0,0.0024,-0.0053,0.0652,0.0000,0.0000,0.0000,1.0000,0.010,,,,,,,
106,Left,1,0.0000,0.0000,0.0000,0.0000,0.0000,0.0000,1.0000,0.010,0.3544,0.0521,0.0542,-0.0774,-0.4936,-0.8656,-0.0322
106,Left,2,0.0291,-0.0177,0.0353,-0.0646,0.3498,-0.5971,0.7190,0.010,,,,,,,
106,Left,3,0.0000,0.0000,0.0325,0.2053,-0.0516,0.0819,0.9739,0.010,,,,,,,
106,Left,4,0.0000,0.0000,0.0338,0.2348,0.0393,-0.0746,0.9684,0.010,,,,,,,
106,Left,5,-0.0007,0.0010,0.0246,0.0000,0.0000,0.0000,1.0000,0.010,,,,,,,
106,Left,6,0.0193,-0.0103,0.0368,0.0000,0.0000,0.0000,1.0000,0.010,,,,,,,
106,Left,7,0.0043,0.0030,0.0591,0.4849,0.0091,-0.0518,0.8730,0.010,,,,,,,
106,Left,8,0.0000,0.0000,0.0379,0.6749,0.0121,0.0226,0.7375,0.010,,,,,,,
106,Left,9,0.0000,0.0000,0.0243,0.4690,-0.0153,0.0168,0.8829,0.010,,,,,,,
106,Left,10,-0.0003,0.0010,0.0224,0.0000,0.0000,0.0000,1.0000,0.010,,,,,,,
106,Left,11,0.0031,-0.0081,0.0347,0.0000,0.0000,0.0000,1.0000,0.010,,,,,,,
106,Left,12,-0.0013,0.0055,0.0610,0.5495,-0.0283,0.0243,0.8346,0.010,,,,,,,
106,Left,13,0.0000,0.0000,0.0429,0.5779,0.0029,0.0129,0.8160,0.010,,,,,,,
106,Left,14,0.0000,0.0000,0.0275,0.4771,0.0204,0.0851,0.8745,0.010,,,,,,,
106,Left,15,-0.0003,0.0011,0.0250,0.0000,0.0000,0.0000,1.0000,0.010,,,,,,,
106,Left,16,-0.0150,-0.0060,0.0348,0.0000,0.0000,0.0000,1.0000,0.010,,,,,,,
106,Left,17,-0.0025,-0.0005,0.0539,0.5456,-0.0289,0.0747,0.8342,0.010,,,,,,,
106,Left,18,0.0000,0.0000,0.0390,0.6383,0.0191,0.0419,0.7684,0.010,,,,,,,
106,Left,19,0.0000,0.0000,0.0266,0.5290,0.0273,0.0288,0.8477,0.010,,,,,,,
106,Left,20,-0.0003,0.0016,0.0243,0.0000,0.0000,0.0000,1.0000,0.010,,,,,,,
106,Left,21,-0.0230,-0.0094,0.0341,0.0183,-0.1403,0.2070,0.9681,0.010,,,,,,,
106,Left,22,0.0000,0.0000,0.0457,0.4598,-0.0279,-0.0674,0.8850,0.010,,,,,,,
106,Left,23,0.0000,0.0000,0.0307,0.6627,-0.0058,0.0872,0.7438,0.010,,,,,,,
106,Left,24,0.0000,0.0000,0.0203,0.5395,0.0410,-0.0025,0.8410,0.010,,,,,,,
106,Left,25,0.0002,0.0012,0.0219,0.0000,0.0000,0.0000,1.0000,0.010,,,,,,,
106,Right,0,-0.0023,-0.0053,0.0652,0.0000,0.0000,0.0000,1.0000,0.010,,,,,,,
106,Right,1,0.0000,0.0000,0.0000,0.0000,0.0000,0.0000,1.0000,0.010,-0.0470,-0.2923,0.0843,0.2025,0.4463,0.8677,-0.0834
106,Right,2,-0.0289,-0.0181,0.0355,-0.0754,-0.3256,0.5996,0.7272,0.010,,,,,,,
106,Right,3,0.0000,0.0000,0.0325,0.2620,0.0459,-0.0809,0.9606,0.010,,,,,,,
106,Right,4,0.0000,0.0000,0.0338,0.1626,-0.0461,0.0775,0.9826,0.010,,,,,,,
106,Right,5,0.0007,0.0010,0.0246,0.0000,0.0000,0.0000,1.0000,0.010,,,,,,,
106,Right,6,-0.0192,-0.0105,0.0369,0.0000,0.0000,0.0000,1.0000,0.010,,,,,,,
106,Right,7,-0.0044,0.0032,0.0591,0.1901,0.0675,0.0260,0.9791,0.010,,,,,,,
106,Right,8,0.0000,0.0000,0.0379,0.2064,0.0017,-0.0263,0.9781,0.010,,,,,,,
106,Right,9,0.0000,0.0000,0.0243,0.0679,0.0249,-0.0167,0.9972,0.010,,,,,,,
106,Right,10,0.0003,0.0010,0.0224,0.0000,0.0000,0.0000,1.0000,0.010,,,,,,,
106,Right,11,-0.0029,-0.0081,0.0348,0.0000,0.0000,0.0000,1.0000,0.010,,,,,,,
106,Right,12,0.0012,0.0056,0.0609,0.2751,0.0749,-0.0256,0.9582,0.010,,,,,,,
106,Right,13,0.0000,0.0000,0.0429,0.1495,0.0026,-0.0121,0.9887,0.010,,,,,,,
106,Right,14,0.0000,0.0000,0.0275,0.0170,-0.0002,-0.0453,0.9988,0.010,,,,,,,
106,Right,15,0.0003,0.0011,0.0250,0.0000,0.0000,0.0000,1.0000,0.010,,,,,,,
106,Right,16,0.0150,-0.0060,0.0348,0.0000,0.0000,0.0000,1.0000,0.010,,,,,,,
106,Right,17,0.0025,-0.0005,0.0539,0.2113,0.0764,-0.0654,0.9722,0.010,,,,,,,
106,Right,18,0.0000,0.0000,0.0390,0.1416,-0.0018,-0.0367,0.9892,0.010,,,,,,,
106,Right,19,0.0000,0.0000,0.0266,0.0618,-0.0295,-0.0075,0.9976,0.010,,,,,,,
106,Right,20,0.0003,0.0016,0.0243,0.0000,0.0000,0.0000,1.0000,0.010,,,,,,,
106,Right,21,0.0230,-0.0094,0.0341,0.0183,0.1403,-0.2070,0.9681,0.010,,,,,,,
106,Right,22,0.0000,0.0000,0.0457,0.0882,-0.0124,0.0893,0.9920,0.010,,,,,,,
106,Right,23,0.0000,0.0000,0.0307,0.1777,0.0348,-0.0537,0.9820,0.010,,,,,,,
106,Right,24,0.0000,0.0000,0.0203,0.0087,-0.0492,0.0008,0.9988,0.010,,,,,,,
106,Right,25,-0.0002,0.0012,0.0219,0.0000,0.0000,0.0000,1.0000,0.010,,,,,,,
107,Left,0,0.0024,-0.0053,0.0652,0.0000,0.0000,0.0000,1.0000,0.010,,,,,,,
107,Left,1,0.0000,0.0000,0.0000,0.0000,0.0000,0.0000,1.0000,0.010,0.3544,0.0521,0.0542,-0.0774,-0.4936,-0.8656,-0.0322
107,Left,2,0.0291,-0.0177,0.0353,-0.0646,0.3498,-0.5971,0.7190,0.010,,,,,,,
107,Left,3,0.0000,0.0000,0.0325,0.2053,-0.0516,0.0819,0.9739,0.010,,,,,,,
107,Left,4,0.0000,0.0000,0.0338,0.2348,0.0393,-0.0746,0.9684,0.010,,,,,,,
107,Left,5,-0.0007,0.0010,0.0246,0.0000,0.0000,0.0000,1.0000,0.010,,,,,,,
107,Left,6,0.0193,-0.0103,0.0368,0.0000,0.0000,0.0000,1.0000,0.010,,,,,,,
107,Left,7,0.0043,0.0030,0.0591,0.4849,0.0091,-0.0518,0.8730,0.010,,,,,,,
107,Left,8,0.0000,0.0000,0.0379,0.6749,0.0121,0.0226,0.7375,0.010,,,,,,,
107,Left,9,0.0000,0.0000,0.0243,0.4690,-0.0153,0.0168,0.8829,0.010,,,,,,,
107,Left,10,-0.0003,0.0010,0.0224,0.0000,0.0000,0.0000,1.0000,0.010,,,,,,,
107,Left,11,0.0031,-0.0081,0.0347,0.0000,0.0000,0.0000,1.0000,0.010,,,,,,,
107,Left,12,-0.0013,0.0055,0.0610,0.5496,-0.0283,0.0243,0.8346,0.010,,,,,,,
107,Left,13,0.0000,0.0000,0.0429,0.5779,0.0029,0.0129,0.8160,0.010,,,,,,,
107,Left,14,0.0000,0.0000,0.0275,0.4771,0.0204,0.0851,0.8745,0.010,,,,,,,
107,Left,15,-0.0003,0.0011,0.0250,0.0000,0.0000,0.0000,1.0000,0.010,,,,,,,
107,Left,16,-0.0150,-0.0060,0.0348,0.0000,0.0000,0.0000,1.0000,0.010,,,,,,,
107,Left,17,-0.0025,-0.0005,0.0539,0.5456,-0.0289,0.0747,0.8342,0.010,,,,,,,
107,Left,18,0.0000,0.0000,0.0390,0.6383,0.0191,0.0419,0.7684,0.010,,,,,,,
107,Left,19,0.0000,0.0000,0.0266,0.5290,0.0273,0.0288,0.8477,0.010,,,,,,,
107,Left,20,-0.0003,0.0016,0.0243,0.0000,0.0000,0.0000,1.0000,0.010,,,,,,,
107,Left,21,-0.0230,-0.0094,0.0341,0.0183,-0.1403,0.2070,0.9681,0.010,,,,,,,
107,Left,22,0.0000,0.0000,0.0457,0.4598,-0.0279,-0.0674,0.8850,0.010,,,,,,,
107,Left,23,0.0000,0.0000,0.0307,0.6627,-0.0058,0.0872,0.7438,0.010,,,,,,,
107,Left,24,0.0000,0.0000,0.0203,0.5395,0.0410,-0.0025,0.8410,0.010,,,,,,,
107,Left,25,0.0002,0.0012,0.0219,0.0000,0.0000,0.0000,1.0000,0.010,,,,,,,
107,Right,0,-0.0023,-0.0053,0.0652,0.0000,0.0000,0.0000,1.0000,0.010,,,,,,,
107,Right,1,0.0000,0.0000,0.0000,0.0000,0.0000,0.0000,1.0000,0.010,-0.0470,-0.2923,0.0843,0.2025,0.4463,0.8677,-0.0834
107,Right,2,-0.0289,-0.0181,0.0355,-0.0754,-0.3256,0.5996,0.7272,0.010,,,,,,,
107,Right,3,0.0000,0.0000,0.0325,0.2620,0.0459,-0.0809,0.9606,0.010,,,,,,,
107,Right,4,0.0000,0.0000,0.0338,0.1626,-0.0461,0.0775,0.9826,0.010,,,,,,,
107,Right,5,0.0007,0.0010,0.0246,0.0000,0.0000,0.0000,1.0000,0.010,,,,,,,
107,Right,6,-0.0192,-0.0105,0.0369,0.0000,0.0000,0.0000,1.0000,0.010,,,,,,,
107,Right,7,-0.0044,0.0032,0.0591,0.1901,0.0675,0.0260,0.9791,0.010,,,,,,,
107,Right,8,0.0000,0.0000,0.0379,0.2064,0.0017,-0.0263,0.9781,0.010,,,,,,,
107,Right,9,0.0000,0.0000,0.0243,0.0679,0.0249,-0.0167,0.9972,0.010,,,,,,,
107,Right,10,0.0003,0.0010,0.0224,0.0000,0.0000,0.0000,1.0000,0.010,,,,,,,
107,Right,11,-0.0029,-0.0081,0.0348,0.0000,0.0000,0.0000,1.0000,0.010,,,,,,,
107,Right,12,0.0012,0.0056,0.0609,0.2750,0.0749,-0.0256,0.9582,0.010,,,,,,,
107,Right,13,0.0000,0.0000,0.0429,0.1495,0.0026,-0.0121,0.9887,0.010,,,,,,,
107,Right,14,0.0000,0.0000,0.0275,0.0170,-0.0002,-0.0453,0.9988,0.010,,,,,,,
107,Right,15,0.0003,0.0011,0.0250,0.0000,0.0000,0.0000,1.0000,0.010,,,,,,,
107,Right,16,0.0150,-0.0060,0.0348,0.0000,0.0000,0.0000,1.0000,0.010,,,,,,,
107,Right,17,0.0025,-0.0005,0.0539,0.2113,0.0764,-0.0654,0.9722,0.010,,,,,,,
107,Right,18,0.0000,0.0000,0.0390,0.1417,-0.0018,-0.0367,0.9892,0.010,,,,,,,
107,Right,19,0.0000,0.0000,0.0266,0.0619,-0.0295,-0.0075,0.9976,0.010,,,,,,,
107,Right,20,0.0003,0.0016,0.0243,0.0000,0.0000,0.0000,1.0000,0.010,,,,,,,
107,Right,21,0.0230,-0.0094,0.0341,0.0183,0.1403,-0.2070,0.9681,0.010,,,,,,,
107,Right,22,0.0000,0.0000,0.0457,0.0882,-0.0124,0.0893,0.9920,0.010,,,,,,,
107,Right,23,0.0000,0.0000,0.0307,0.1777,0.0348,-0.0537,0.9820,0.010,,,,,,,
107,Right,24,0.0000,0.0000,0.0203,0.0087,-0.0492,0.0008,0.9988,0.010,,,,,,,
107,Right,25,-0.0002,0.0012,0.0219,0.0000,0.0000,0.0000,1.0000,0.010,,,,,,,
108,Left,0,0.0024,-0.0053,0.0652,0.0000,0.0000,0.0000,1.0000,0.011,,,,,,,
108,Left,1,0.0000,0.0000,0.0000,0.0000,0.0000,0.0000,1.0000,0.011,0.3544,0.0520,0.0542,-0.0774,-0.4936,-0.8656,-0.0322
108,Left,2,0.0291,-0.0177,0.0353,-0.0646,0.3498,-0.5971,0.7190,0.011,,,,,,,
108,Left,3,0.0000,0.0000,0.0325,0.2053,-0.0516,0.0819,0.9739,0.011,,,,,,,
108,Left,4,0.0000,0.0000,0.0338,0.2349,0.0393,-0.0746,0.9684,0.011,,,,,,,
108,Left,5,-0.0007,0.0010,0.0246,0.0000,0.0000,0.0000,1.0000,0.011,,,,,,,
108,Left,6,0.0193,-0.0103,0.0368,0.0000,0.0000,0.0000,1.0000,0.011,,,,,,,
108,Left,7,0.0043,0.0030,0.0591,0.4849,0.0090,-0.0518,0.8730,0.011,,,,,,,
108,Left,8,0.0000,0.0000,0.0379,0.6749,0.0121,0.0226,0.7375,0.011,,,,,,,
108,Left,9,0.0000,0.0000,0.0243,0.4690,-0.0153,0.0168,0.8829,0.011,,,,,,,
108,Left,10,-0.0003,0.0010,0.0224,0.0000,0.0000,0.0000,1.0000,0.011,,,,,,,
108,Left,11,0.0031,-0.0081,0.0347,0.0000,0.0000,0.0000,1.0000,0.011,,,,,,,
108,Left,12,-0.0013,0.0055,0.0610,0.5496,-0.0283,0.0243,0.8346,0.011,,,,,,,
108,Left,13,0.0000,0.0000,0.0429,0.5779,0.0029,0.0129,0.8160,0.011,,,,,,,
108,Left,14,0.0000,0.0000,0.0275,0.4771,0.0204,0.0851,0.8745,0.011,,,,,,,
108,Left,15,-0.0003,0.0011,0.0250,0.0000,0.0000,0.0000,1.0000,0.011,,,,,,,
108,Left,16,-0.0150,-0.0060,0.0348,0.0000,0.0000,0.0000,1.0000,0.011,,,,,,,
108,Left,17,-0.0025,-0.0005,0.0539,0.5457,-0.0289,0.0747,0.8342,0.011,,,,,,,
108,Left,18,0.0000,0.0000,0.0390,0.6383,0.0191,0.0419,0.7684,0.011,,,,,,,
108,Left,19,0.0000,0.0000,0.0266,0.5290,0.0273,0.0288,0.8477,0.011,,,,,,,
108,Left,20,-0.0003,0.0016,0.0243,0.0000,0.0000,0.0000,1.0000,0.011,,,,,,,
108,Left,21,-0.0230,-0.0094,0.0341,0.0183,-0.1403,0.2070,0.9681,0.011,,,,,,,
108,Left,22,0.0000,0.0000,0.0457,0.4598,-0.0279,-0.0674,0.8850,0.011,,,,,,,
108,Left,23,0.0000,0.0000,0.0307,0.6627,-0.0058,0.0872,0.7438,0.011,,,,,,,
108,Left,24,0.0000,0.0000,0.0203,0.5395,0.0410,-0.0025,0.8410,0.011,,,,,,,
108,Left,25,0.0002,0.0012,0.0219,0.0000,0.0000,0.0000,1.0000,0.011,,,,,,,
108,Right,0,-0.0023,-0.0053,0.0652,0.0000,0.0000,0.0000,1.0000,0.011,,,,,,,
108,Right,1,0.0000,0.0000,0.0000,0.0000,0.0000,0.0000,1.0000,0.011,-0.0470,-0.2923,0.0843,0.2025,0.4463,0.8677,-0.0834
108,Right,2,-0.0289,-0.0181,0.0355,-0.0754,-0.3256,0.5996,0.7272,0.011,,,,,,,
108,Right,3,0.0000,0.0000,0.0325,0.2620,0.0459,-0.0809,0.9606,0.011,,,,,,,
108,Right,4,0.0000,0.0000,0.0338,0.1626,-0.0461,0.0775,0.9826,0.011,,,,,,,
108,Right,5,0.0007,0.0010,0.0246,0.0000,0.0000,0.0000,1.0000,0.011,,,,,,,
108,Right,6,-0.0192,-0.0105,0.0369,0.0000,0.0000,0.0000,1.0000,0.011,,,,,,,
108,Right,7,-0.0044,0.0032,0.0591,0.1900,0.0676,0.0260,0.9791,0.011,,,,,,,
108,Right,8,0.0000,0.0000,0.0379,0.2064,0.0017,-0.0263,0.9781,0.011,,,,,,,
108,Right,9,0.0000,0.0000,0.0243,0.0679,0.0249,-0.0167,0.9972,0.011,,,,,,,
108,Right,10,0.0003,0.0010,0.0224,0.0000,0.0000,0.0000,1.0000,0.011,,,,,,,
108,Right,11,-0.0029,-0.0081,0.0348,0.0000,0.0000,0.0000,1.0000,0.011,,,,,,,
108,Right,12,0.0012,0.0056,0.0609,0.2750,0.0749,-0.0256,0.9582,0.011,,,,,,,
108,Right,13,0.0000,0.0000,0.0429,0.1495,0.0026,-0.0121,0.9887,0.011,,,,,,,
108,Right,14,0.0000,0.0000,0.0275,0.0170,-0.0002,-0.0453,0.9988,0.011,,,,,,,
108,Right,15,0.0003,0.0011,0.0250,0.0000,0.0000,0.0000,1.0000,0.011,,,,,,,
108,Right,16,0.0150,-0.0060,0.0348,0.0000,0.0000,0.0000,1.0000,0.011,,,,,,,
108,Right,17,0.0025,-0.0005,0.0539,0.2113,0.0764,-0.0654,0.9722,0.011,,,,,,,
108,Right,18,0.0000,0.0000,0.0390,0.1417,-0.0018,-0.0367,0.9892,0.011,,,,,,,
108,Right,19,0.0000,0.0000,0.0266,0.0619,-0.0295,-0.0075,0.9976,0.011,,,,,,,
108,Right,20,0.0003,0.0016,0.0243,0.0000,0.0000,0.0000,1.0000,0.011,,,,,,,
108,Right,21,0.0230,-0.0094,0.0341,0.0183,0.1403,-0.2070,0.9681,0.011,,,,,,,
108,Right,22,0.0000,0.0000,0.0457,0.0882,-0.0124,0.0893,0.9920,0.011,,,,,,,
108,Right,23,0.0000,0.0000,0.0307,0.1777,0.0348,-0.0537,0.9820,0.011,,,,,,,
108,Right,24,0.0000,0.0000,0.0203,0.0088,-0.0492,0.0008,0.9988,0.011,,,,,,,
108,Right,25,-0.0002,0.0012,0.0219,0.0000,0.0000,0.0000,1.0000,0.011,,,,,,,
109,Left,0,0.0024,-0.0053,0.0652,0.0000,0.0000,0.0000,1.0000,0.011,,,,,,,
109,Left,1,0.0000,0.0000,0.0000,0.0000,0.0000,0.0000,1.0000,0.011,0.3544,0.0520,0.0542,-0.0774,-0.4936,-0.8656,-0.0322
109,Left,2,0.0291,-0.0177,0.0353,-0.0646,0.3498,-0.5971,0.7190,0.011,,,,,,,
109,Left,3,0.0000,0.0000,0.0325,0.2053,-0.0516,0.0819,0.9739,0.011,,,,,,,
109,Left,4,0.0000,0.0000,0.0338,0.2349,0.0393,-0.0746,0.9684,0.011,,,,,,,
109,Left,5,-0.0007,0.0010,0.0246,0.0000,0.0000,0.0000,1.0000,0.011,,,,,,,
109,Left,6,0.0193,-0.0103,0.0368,0.0000,0.0000,0.0000,1.0000,0.011,,,,,,,
109,Left,7,0.0043,0.0030,0.0591,0.4850,0.0090,-0.0518,0.8730,0.011,,,,,,,
109,Left,8,0.0000,0.0000,0.0379,0.6749,0.0121,0.0226,0.7375,0.011,,,,,,,
109,Left,9,0.0000,0.0000,0.0243,0.4690,-0.0153,0.0168,0.8829,0.011,,,,,,,
109,Left,10,-0.0003,0.0010,0.0224,0.0000,0.0000,0.0000,1.0000,0.011,,,,,,,
109,Left,11,0.0031,-0.0081,0.0347,0.0000,0.0000,0.0000,1.0000,0.011,,,,,,,
109,Left,12,-0.0013,0.0055,0.0610,0.5496,-0.0283,0.0243,0.8346,0.011,,,,,,,
109,Left,13,0.0000,0.0000,0.0429,0.5779,0.0029,0.0129,0.8160,0.011,,,,,,,
109,Left,14,0.0000,0.0000,0.0275,0.4771,0.0204,0.0851,0.8745,0.011,,,,,,,
109,Left,15,-0.0003,0.0011,0.0250,0.0000,0.0000,0.0000,1.0000,0.011,,,,,,,
109,Left,16,-0.0150,-0.0060,0.0348,0.0000,0.0000,0.0000,1.0000,0.011,,,,,,,
109,Left,17,-0.0025,-0.0005,0.0539,0.5457,-0.0289,0.0747,0.8342,0.011,,,,,,,
109,Left,18,0.0000,0.0000,0.0390,0.6383,0.0191,0.0419,0.7684,0.011,,,,,,,
109,Left,19,0.0000,0.0000,0.0266,0.5290,0.0273,0.0288,0.8477,0.011,,,,,,,
109,Left,20,-0.0003,0.0016,0.0243,0.0000,0.0000,0.0000,1.0000,0.011,,,,,,,
109,Left,21,-0.0230,-0.0094,0.0341,0.0183,-0.1403,0.2070,0.9681,0.011,,,,,,,
109,Left,22,0.0000,0.0000,0.0457,0.4598,-0.0279,-0.0674,0.8850,0.011,,,,,,,
109,Left,23,0.0000,0.0000,0.0307,0.6627,-0.0058,0.0872,0.7437,0.011,,,,,,,
109,Left,24,0.0000,0.0000,0.0203,0.5395,0.0410,-0.0025,0.8410,0.011,,,,,,,
109,Left,25,0.0002,0.0012,0.0219,0.0000,0.0000,0.0000,1.0000,0.011,,,,,,,
109,Right,0,-0.0023,-0.0053,0.0652,0.0000,0.0000,0.0000,1.0000,0.011,,,,,,,
109,Right,1,0.0000,0.0000,0.0000,0.0000,0.0000,0.0000,1.0000,0.011,-0.0470,-0.2923,0.0843,0.2025,0.4463,0.8677,-0.0834
109,Right,2,-0.0289,-0.0181,0.0355,-0.0754,-0.3256,0.5996,0.7272,0.011,,,,,,,
109,Right,3,0.0000,0.0000,0.0325,0.2620,0.0459,-0.0809,0.9606,0.011,,,,,,,
109,Right,4,0.0000,0.0000,0.0338,0.1626,-0.0461,0.0775,0.9826,0.011,,,,,,,
109,Right,5,0.0007,0.0010,0.0246,0.0000,0.0000,0.0000,1.0000,0.011,,,,,,,
109,Right,6,-0.0192,-0.0105,0.0369,0.0000,0.0000,0.0000,1.0000,0.011,,,,,,,
109,Right,7,-0.0044,0.0032,0.0591,0.1900,0.0676,0.0260,0.9791,0.011,,,,,,,
109,Right,8,0.0000,0.0000,0.0379,0.2064,0.0017,-0.0263,0.9781,0.011,,,,,,,
109,Right,9,0.0000,0.0000,0.0243,0.0679,0.0249,-0.0167,0.9972,0.011,,,,,,,
109,Right,10,0.0003,0.0010,0.0224,0.0000,0.0000,0.0000,1.0000,0.011,,,,,,,
109,Right,11,-0.0029,-0.0081,0.0348,0.0000,0.0000,0.0000,1.0000,0.011,,,,,,,
109,Right,12,0.0012,0.0056,0.0609,0.2750,0.0749,-0.0256,0.9582,0.011,,,,,,,
109,Right,13,0.0000,0.0000,0.0429,0.1495,0.0026,-0.0121,0.9887,0.011,,,,,,,
109,Right,14,0.0000,0.0000,0.0275,0.0170,-0.0002,-0.0453,0.9988,0.011,,,,,,,
109,Right,15,0.0003,0.0011,0.0250,0.0000,0.0000,0.0000,1.0000,0.011,,,,,,,
109,Right,16,0.0150,-0.0060,0.0348,0.0000,0.0000,0.0000,1.0000,0.011,,,,,,,
109,Right,17,0.0025,-0.0005,0.0539,0.2113,0.0764,-0.0654,0.9722,0.011,,,,,,,
109,Right,18,0.0000,0.0000,0.0390,0.1417,-0.0018,-0.0367,0.9892,0.011,,,,,,,
109,Right,19,0.0000,0.0000,0.0266,0.0619,-0.0295,-0.0075,0.9976,0.011,,,,,,,
109,Right,20,0.0003,0.0016,0.0243,0.0000,0.0000,0.0000,1.0000,0.011,,,,,,,
109,Right,21,0.0230,-0.0094,0.0341,0.0183,0.1403,-0.2070,0.9681,0.011,,,,,,,
109,Right,22,0.0000,0.0000,0.0457,0.0881,-0.0124,0.0893,0.9920,0.011,,,,,,,
109,Right,23,0.0000,0.0000,0.0307,0.1777,0.0348,-0.0537,0.9820,0.011,,,,,,,
109,Right,24,0.0000,0.0000,0.0203,0.0088,-0.0492,0.0008,0.9988,0.011,,,,,,,
109,Right,25,-0.0002,0.0012,0.0219,0.0000,0.0000,0.0000,1.0000,0.011,,,,,,,
110,Left,0,0.0024,-0.0053,0.0652,0.0000,0.0000,0.0000,1.0000,0.011,,,,,,,
110,Left,1,0.0000,0.0000,0.0000,0.0000,0.0000,0.0000,1.0000,0.011,0.3544,0.0520,0.0542,-0.0774,-0.4936,-0.8656,-0.0322
110,Left,2,0.0291,-0.0177,0.0353,-0.0646,0.3498,-0.5971,0.7190,0.011,,,,,,,
110,Left,3,0.0000,0.0000,0.0325,0.2053,-0.0516,0.0819,0.9739,0.011,,,,,,,
110,Left,4,0.0000,0.0000,0.0338,0.2349,0.0393,-0.0746,0.9684,0.011,,,,,,,
110,Left,5,-0.0007,0.0010,0.0246,0.0000,0.0000,0.0000,1.0000,0.011,,,,,,,
110,Left,6,0.0193,-0.0103,0.0368,0.0000,0.0000,0.0000,1.0000,0.011,,,,,,,
110,Left,7,0.0043,0.0030,0.0591,0.4850,0.0090,-0.0518,0.8730,0.011,,,,,,,
110,Left,8,0.0000,0.0000,0.0379,0.6749,0.0121,0.0226,0.7375,0.011,,,,,,,
110,Left,9,0.0000,0.0000,0.0243,0.4690,-0.0153,0.0168,0.8829,0.011,,,,,,,
110,Left,10,-0.0003,0.0010,0.0224,0.0000,0.0000,0.0000,1.0000,0.011,,,,,,,
110,Left,11,0.0031,-0.0081,0.0347,0.0000,0.0000,0.0000,1.0000,0.011,,,,,,,
110,Left,12,-0.0013,0.0055,0.0610,0.5496,-0.0283,0.0243,0.8346,0.011,,,,,,,
110,Left,13,0.0000,0.0000,0.0429,0.5779,0.0029,0.0129,0.8160,0.011,,,,,,,
110,Left,14,0.0000,0.0000,0.0275,0.4771,0.0204,0.0851,0.8745,0.011,,,,,,,
110,Left,15,-0.0003,0.0011,0.0250,0.0000,0.0000,0.0000,1.0000,0.011,,,,,,,
110,Left,16,-0.0150,-0.0060,0.0348,0.0000,0.0000,0.0000,1.0000,0.011,,,,,,,
110,Left,17,-0.0025,-0.0005,0.0539,0.5457,-0.0289,0.0747,0.8342,0.011,,,,,,,
110,Left,18,0.0000,0.0000,0.0390,0.6383,0.0191,0.0419,0.7684,0.011,,,,,,,
110,Left,19,0.0000,0.0000,0.0266,0.5290,0.0273,0.0288,0.8477,0.011,,,,,,,
110,Left,20,-0.0003,0.0016,0.0243,0.0000,0.0000,0.0000,1.0000,0.011,,,,,,,
110,Left,21,-0.0230,-0.0094,0.0341,0.0183,-0.1403,0.2070,0.9681,0.011,,,,,,,
110,Left,22,0.0000,0.0000,0.0457,0.4598,-0.0279,-0.0674,0.8850,0.011,,,,,,,
110,Left,23,0.0000,0.0000,0.0307,0.6627,-0.0058,0.0872,0.7437,0.011,,,,,,,
110,Left,24,0.0000,0.0000,0.0203,0.5395,0.0410,-0.0025,0.8410,0.011,,,,,,,
110,Left,25,0.0002,0.0012,0.0219,0.0000,0.0000,0.0000,1.0000,0.011,,,,,,,
110,Right,0,-0.0023,-0.0053,0.0652,0.0000,0.0000,0.0000,1.0000,0.011,,,,,,,
110,Right,1,0.0000,0.0000,0.0000,0.0000,0.0000,0.0000,1.0000,0.011,-0.0470,-0.2923,0.0843,0.2025,0.4463,0.8677,-0.0834
110,Right,2,-0.0289,-0.0181,0.0355,-0.0754,-0.3256,0.5996,0.7272,0.011,,,,,,,
110,Right,3,0.0000,0.0000,0.0325,0.2620,0.0459,-0.0809,0.9606,0.011,,,,,,,
110,Right,4,0.0000,0.0000,0.0338,0.1626,-0.0461,0.0775,0.9826,0.011,,,,,,,
110,Right,5,0.0007,0.0010,0.0246,0.0000,0.0000,0.0000,1.0000,0.011,,,,,,,
110,Right,6,-0.0192,-0.0105,0.0369,0.0000,0.0000,0.0000,1.0000,0.011,,,,,,,
110,Right,7,-0.0044,0.0032,0.0591,0.1900,0.0676,0.0260,0.9791,0.011,,,,,,,
110,Right,8,0.0000,0.0000,0.0379,0.2064,0.0017,-0.0263,0.9781,0.011,,,,,,,
110,Right,9,0.0000,0.0000,0.0243,0.0678,0.0249,-0.0167,0.9972,0.011,,,,,,,
110,Right,10,0.0003,0.0010,0.0224,0.0000,0.0000,0.0000,1.0000,0.011,,,,,,,
110,Right,11,-0.0029,-0.0081,0.0348,0.0000,0.0000,0.0000,1.0000,0.011,,,,,,,
110,Right,12,0.0012,0.0056,0.0609,0.2750,0.0749,-0.0256,0.9582,0.011,,,,,,,
110,Right,13,0.0000,0.0000,0.0429,0.1495,0.0026,-0.0121,0.9887,0.011,,,,,,,
110,Right,14,0.0000,0.0000,0.0275,0.0170,-0.0002,-0.0453,0.9988,0.011,,,,,,,
110,Right,15,0.0003,0.0011,0.0250,0.0000,0.0000,0.0000,1.0000,0.011,,,,,,,
110,Right,16,0.0150,-0.0060,0.0348,0.0000,0.0000,0.0000,1.0000,0.011,,,,,,,
110,Right,17,0.0025,-0.0005,0.0539,0.2113,0.0764,-0.0654,0.9722,0.011,,,,,,,
110,Right,18,0.0000,0.0000,0.0390,0.1417,-0.0018,-0.0367,0.9892,0.011,,,,,,,
110,Right,19,0.0000,0.0000,0.0266,0.0619,-0.0295,-0.0075,0.9976,0.011,,,,,,,
110,Right,20,0.0003,0.0016,0.0243,0.0000,0.0000,0.0000,1.0000,0.011,,,,,,,
110,Right,21,0.0230,-0.0094,0.0341,0.0183,0.1403,-0.2070,0.9681,0.011,,,,,,,
110,Right,22,0.0000,0.0000,0.0457,0.0881,-0.0124,0.0893,0.9920,0.011,,,,,,,
110,Right,23,0.0000,0.0000,0.0307,0.1777,0.0348,-0.0537,0.9820,0.011,,,,,,,
110,Right,24,0.0000,0.0000,0.0203,0.0088,-0.0492,0.0008,0.9988,0.011,,,,,,,
110,Right,25,-0.0002,0.0012,0.0219,0.0000,0.0000,0.0000,1.0000,0.011,,,,,,,
111,Left,0,0.0024,-0.0053,0.0652,0.0000,0.0000,0.0000,1.0000,0.011,,,,,,,
111,Left,1,0.0000,0.0000,0.0000,0.0000,0.0000,0.0000,1.0000,0.011,0.3544,0.0520,0.0542,-0.0774,-0.4936,-0.8656,-0.0322
111,Left,2,0.0291,-0.0177,0.0353,-0.0646,0.3498,-0.5971,0.7190,0.011,,,,,,,
111,Left,3,0.0000,0.0000,0.0325,0.2053,-0.0516,0.0819,0.9739,0.011,,,,,,,
111,Left,4,0.0000,0.0000,0.0338,0.2349,0.0393,-0.0746,0.9684,0.011,,,,,,,
111,Left,5,-0.0007,0.0010,0.0246,0.0000,0.0000,0.0000,1.0000,0.011,,,,,,,
111,Left,6,0.0193,-0.0103,0.0368,0.0000,0.0000,0.0000,1.0000,0.011,,,,,,,
111,Left,7,0.0043,0.0030,0.0591,0.4850,0.0090,-0.0518,0.8730,0.011,,,,,,,
111,Left,8,0.0000,0.0000,0.0379,0.6749,0.0121,0.0226,0.7375,0.011,,,,,,,
111,Left,9,0.0000,0.0000,0.0243,0.4690,-0.0153,0.0168,0.8829,0.011,,,,,,,
111,Left,10,-0.0003,0.0010,0.0224,0.0000,0.0000,0.0000,1.0000,0.011,,,,,,,
111,Left,11,0.0031,-0.0081,0.0347,0.0000,0.0000,0.0000,1.0000,0.011,,,,,,,
111,Left,12,-0.0013,0.0055,0.0610,0.5496,-0.0283,0.0243,0.8346,0.011,,,,,,,
111,Left,13,0.0000,0.0000,0.0429,0.5779,0.0029,0.0129,0.8160,0.011,,,,,,,
111,Left,14,0.0000,0.0000,0.0275,0.4771,0.0204,0.0851,0.8745,0.011,,,,,,,
111,Left,15,-0.0003,0.0011,0.0250,0.0000,0.0000,0.0000,1.0000,0.011,,,,,,,
111,Left,16,-0.0150,-0.0060,0.0348,0.0000,0.0000,0.0000,1.0000,0.011,,,,,,,
111,Left,17,-0.0025,-0.0005,0.0539,0.5457,-0.0289,0.0747,0.8342,0.011,,,,,,,
111,Left,18,0.0000,0.0000,0.0390,0.6383,0.0191,0.0419,0.7684,0.011,,,,,,,
111,Left,19,0.0000,0.0000,0.0266,0.5290,0.0273,0.0288,0.8477,0.011,,,,,,,
111,Left,20,-0.0003,0.0016,0.0243,0.0000,0.0000,0.0000,1.0000,0.011,,,,,,,
111,Left,21,-0.0230,-0.0094,0.0341,0.0183,-0.1403,0.2070,0.9681,0.011,,,,,,,
111,Left,22,0.0000,0.0000,0.0457,0.4599,-0.0279,-0.0674,0.8850,0.011,,,,,,,
111,Left,23,0.0000,0.0000,0.0307,0.6627,-0.0058,0.0872,0.7437,0.011,,,,,,,
111,Left,24,0.0000,0.0000,0.0203,0.5395,0.0410,-0.0025,0.8410,0.011,,,,,,,
111,Left,25,0.0002,0.0012,0.0219,0.0000,0.0000,0.0000,1.0000,0.011,,,,,,,
111,Right,0,-0.0023,-0.0053,0.0652,0.0000,0.0000,0.0000,1.0000,0.011,,,,,,,
111,Right,1,0.0000,0.0000,0.0000,0.0000,0.0000,0.0000,1.0000,0.011,-0.0470,-0.2923,0.0843,0.2025,0.4463,0.8677,-0.0834
111,Right,2,-0.0289,-0.0181,0.0355,-0.0754,-0.3256,0.5996,0.7272,0.011,,,,,,,
111,Right,3,0.0000,0.0000,0.0325,0.2620,0.0459,-0.0809,0.9606,0.011,,,,,,,
111,Right,4,0.0000,0.0000,0.0338,0.1626,-0.0461,0.0775,0.9826,0.011,,,,,,,
111,Right,5,0.0007,0.0010,0.0246,0.0000,0.0000,0.0000,1.0000,0.011,,,,,,,
111,Right,6,-0.0192,-0.0105,0.0369,0.0000,0.0000,0.0000,1.0000,0.011,,,,,,,
111,Right,7,-0.0044,0.0032,0.0591,0.1900,0.0676,0.0260,0.9791,0.011,,,,,,,
111,Right,8,0.0000,0.0000,0.0379,0.2064,0.0017,-0.0263,0.9781,0.011,,,,,,,
111,Right,9,0.0000,0.0000,0.0243,0.0678,0.0249,-0.0167,0.9972,0.011,,,,,,,
111,Right,10,0.0003,0.0010,0.0224,0.0000,0.0000,0.0000,1.0000,0.011,,,,,,,
111,Right,11,-0.0029,-0.0081,0.0348,0.0000,0.0000,0.0000,1.0000,0.011,,,,,,,
111,Right,12,0.0012,0.0056,0.0609,0.2750,0.0749,-0.0256,0.9582,0.011,,,,,,,
111,Right,13,0.0000,0.0000,0.0429,0.1495,0.0026,-0.0121,0.9887,0.011,,,,,,,
111,Right,14,0.0000,0.0000,0.0275,0.0170,-0.0002,-0.0453,0.9988,0.011,,,,,,,
111,Right,15,0.0003,0.0011,0.0250,0.0000,0.0000,0.0000,1.0000,0.011,,,,,,,
111,Right,16,0.0150,-0.0060,0.0348,0.0000,0.0000,0.0000,1.0000,0.011,,,,,,,
111,Right,17,0.0025,-0.0005,0.0539,0.2113,0.0764,-0.0654,0.9722,0.011,,,,,,,
111,Right,18,0.0000,0.0000,0.0390,0.1417,-0.0018,-0.0367,0.9892,0.011,,,,,,,
111,Right,19,0.0000,0.0000,0.0266,0.0619,-0.0295,-0.0075,0.9976,0.011,,,,,,,
111,Right,20,0.0003,0.0016,0.0243,0.0000,0.0000,0.0000,1.0000,0.011,,,,,,,
111,Right,21,0.0230,-0.0094,0.0341,0.0183,0.1403,-0.2070,0.9681,0.011,,,,,,,
111,Right,22,0.0000,0.0000,0.0457,0.0881,-0.0124,0.0893,0.9920,0.011,,,,,,,
111,Right,23,0.0000,0.0000,0.0307,0.1777,0.0348,-0.0537,0.9820,0.011,,,,,,,
111,Right,24,0.0000,0.0000,0.0203,0.0088,-0.0492,0.0008,0.9988,0.011,,,,,,,
111,Right,25,-0.0002,0.0012,0.0219,0.0000,0.0000,0.0000,1.0000,0.011,,,,,,,
112,Left,0,0.0024,-0.0053,0.0652,0.0000,0.0000,0.0000,1.0000,0.011,,,,,,,
112,Left,1,0.0000,0.0000,0.0000,0.0000,0.0000,0.0000,1.0000,0.011,0.3544,0.0520,0.0542,-0.0774,-0.4936,-0.8656,-0.0322
112,Left,2,0.0291,-0.0177,0.0353,-0.0646,0.3498,-0.5971,0.7190,0.011,,,,,,,
112,Left,3,0.0000,0.0000,0.0325,0.2053,-0.0516,0.0819,0.9739,0.011,,,,,,,
112,Left,4,0.0000,0.0000,0.0338,0.2349,0.0393,-0.0746,0.9684,0.011,,,,,,,
112,Left,5,-0.0007,0.0010,0.0246,0.0000,0.0000,0.0000,1.0000,0.011,,,,,,,
112,Left,6,0.0193,-0.0103,0.0368,0.0000,0.0000,0.0000,1.0000,0.011,,,,,,,
112,Left,7,0.0043,0.0030,0.0591,0.4850,0.0090,-0.0518,0.8730,0.011,,,,,,,
112,Left,8,0.0000,0.0000,0.0379,0.6749,0.0121,0.0226,0.7375,0.011,,,,,,,
112,Left,9,0.0000,0.0000,0.0243,0.4691,-0.0153,0.0168,0.8829,0.011,,,,,,,
112,Left,10,-0.0003,0.0010,0.0224,0.0000,0.0000,0.0000,1.0000,0.011,,,,,,,
112,Left,11,0.0031,-0.0081,0.0347,0.0000,0.0000,0.0000,1.0000,0.011,,,,,,,
112,Left,12,-0.0013,0.0055,0.0610,0.5496,-0.0283,0.0243,0.8346,0.011,,,,,,,
112,Left,13,0.0000,0.0000,0.0429,0.5779,0.0029,0.0129,0.8160,0.011,,,,,,,
112,Left,14,0.0000,0.0000,0.0275,0.4771,0.0204,0.0851,0.8745,0.011,,,,,,,
112,Left,15,-0.0003,0.0011,0.0250,0.0000,0.0000,0.0000,1.0000,0.011,,,,,,,
112,Left,16,-0.0150,-0.0060,0.0348,0.0000,0.0000,0.0000,1.0000,0.011,,,,,,,
112,Left,17,-0.0025,-0.0005,0.0539,0.5457,-0.0289,0.0747,0.8342,0.011,,,,,,,
112,Left,18,0.0000,0.0000,0.0390,0.6383,0.0191,0.0419,0.7684,0.011,,,,,,,
112,Left,19,0.0000,0.0000,0.0266,0.5290,0.0273,0.0288,0.8477,0.011,,,,,,,
112,Left,20,-0.0003,0.0016,0.0243,0.0000,0.0000,0.0000,1.0000,0.011,,,,,,,
112,Left,21,-0.0230,-0.0094,0.0341,0.0183,-0.1403,0.2070,0.9681,0.011,,,,,,,
112,Left,22,0.0000,0.0000,0.0457,0.4599,-0.0279,-0.0674,0.8850,0.011,,,,,,,
112,Left,23,0.0000,0.0000,0.0307,0.6628,-0.0058,0.0872,0.7437,0.011,,,,,,,
112,Left,24,0.0000,0.0000,0.0203,0.5395,0.0410,-0.0025,0.8410,0.011,,,,,,,
112,Left,25,0.0002,0.0012,0.0219,0.0000,0.0000,0.0000,1.0000,0.011,,,,,,,
112,Right,0,-0.0023,-0.0053,0.0652,0.0000,0.0000,0.0000,1.0000,0.011,,,,,,,
112,Right,1,0.0000,0.0000,0.0000,0.0000,0.0000,0.0000,1.0000,0.011,-0.0470,-0.2923,0.0843,0.2025,0.4463,0.8677,-0.0834
112,Right,2,-0.0289,-0.0181,0.0355,-0.0754,-0.3256,0.5996,0.7272,0.011,,,,,,,
112,Right,3,0.0000,0.0000,0.0325,0.2620,0.0459,-0.0809,0.9606,0.011,,,,,,,
112,Right,4,0.0000,0.0000,0.0338,0.1626,-0.0461,0.0775,0.9826,0.011,,,,,,,
112,Right,5,0.0007,0.0010,0.0246,0.0000,0.0000,0.0000,1.0000,0.011,,,,,,,
112,Right,6,-0.0192,-0.0105,0.0369,0.0000,0.0000,0.0000,1.0000,0.011,,,,,,,
112,Right,7,-0.0044,0.0032,0.0591,0.1900,0.0676,0.0260,0.9791,0.011,,,,,,,
112,Right,8,0.0000,0.0000,0.0379,0.2064,0.0017,-0.0263,0.9781,0.011,,,,,,,
112,Right,9,0.0000,0.0000,0.0243,0.0678,0.0249,-0.0167,0.9972,0.011,,,,,,,
112,Right,10,0.0003,0.0010,0.0224,0.0000,0.0000,0.0000,1.0000,0.011,,,,,,,
112,Right,11,-0.0029,-0.0081,0.0348,0.0000,0.0000,0.0000,1.0000,0.011,,,,,,,
112,Right,12,0.0012,0.0056,0.0609,0.2750,0.0749,-0.0256,0.9582,0.011,,,,,,,
112,Right,13,0.0000,0.0000,0.0429,0.1495,0.0026,-0.0121,0.9887,0.011,,,,,,,
112,Right,14,0.0000,0.0000,0.0275,0.0170,-0.0002,-0.0453,0.9988,0.011,,,,,,,
112,Right,15,0.0003,0.0011,0.0250,0.0000,0.0000,0.0000,1.0000,0.011,,,,,,,
112,Right,16,0.0150,-0.0060,0.0348,0.0000,0.0000,0.0000,1.0000,0.011,,,,,,,
112,Right,17,0.0025,-0.0005,0.0539,0.2113,0.0764,-0.0654,0.9722,0.011,,,,,,,
112,Right,18,0.0000,0.0000,0.0390,0.1417,-0.0018,-0.0367,0.9892,0.011,,,,,,,
112,Right,19,0.0000,0.0000,0.0266,0.0619,-0.0295,-0.0075,0.9976,0.011,,,,,,,
112,Right,20,0.0003,0.0016,0.0243,0.0000,0.0000,0.0000,1.0000,0.011,,,,,,,
112,Right,21,0.0230,-0.0094,0.0341,0.0183,0.1403,-0.2070,0.9681,0.011,,,,,,,
112,Right,22,0.0000,0.0000,0.0457,0.0881,-0.0124,0.0893,0.9920,0.011,,,,,,,
112,Right,23,0.0000,0.0000,0.0307,0.1777,0.0348,-0.0537,0.9820,0.011,,,,,,,
112,Right,24,0.0000,0.0000,0.0203,0.0088,-0.0492,0.0008,0.9988,0.011,,,,,,,
112,Right,25,-0.0002,0.0012,0.0219,0.0000,0.0000,0.0000,1.0000,0.011,,,,,,,
113,Left,0,0.0024,-0.0053,0.0652,0.0000,0.0000,0.0000,1.0000,0.011,,,,,,,
113,Left,1,0.0000,0.0000,0.0000,0.0000,0.0000,0.0000,1.0000,0.011,0.3544,0.0520,0.0542,-0.0774,-0.4936,-0.8656,-0.0322
113,Left,2,0.0291,-0.0177,0.0353,-0.0646,0.3498,-0.5971,0.7190,0.011,,,,,,,
113,Left,3,0.0000,0.0000,0.0325,0.2053,-0.0516,0.0819,0.9739,0.011,,,,,,,
113,Left,4,0.0000,0.0000,0.0338,0.2349,0.0393,-0.0746,0.9684,0.011,,,,,,,
113,Left,5,-0.0007,0.0010,0.0246,0.0000,0.0000,0.0000,1.0000,0.011,,,,,,,
113,Left,6,0.0193,-0.0103,0.0368,0.0000,0.0000,0.0000,1.0000,0.011,,,,,,,
113,Left,7,0.0043,0.0030,0.0591,0.4850,0.0090,-0.0518,0.8729,0.011,,,,,,,
113,Left,8,0.0000,0.0000,0.0379,0.6749,0.0121,0.0226,0.7375,0.011,,,,,,,
113,Left,9,0.0000,0.0000,0.0243,0.4691,-0.0153,0.0168,0.8829,0.011,,,,,,,
113,Left,10,-0.0003,0.0010,0.0224,0.0000,0.0000,0.0000,1.0000,0.011,,,,,,,
113,Left,11,0.0031,-0.0081,0.0347,0.0000,0.0000,0.0000,1.0000,0.011,,,,,,,
113,Left,12,-0.0013,0.0055,0.0610,0.5496,-0.0283,0.0243,0.8346,0.011,,,,,,,
113,Left,13,0.0000,0.0000,0.0429,0.5779,0.0029,0.0129,0.8160,0.011,,,,,,,
113,Left,14,0.0000,0.0000,0.0275,0.4771,0.0204,0.0851,0.8745,0.011,,,,,,,
113,Left,15,-0.0003,0.0011,0.0250,0.0000,0.0000,0.0000,1.0000,0.011,,,,,,,
113,Left,16,-0.0150,-0.0060,0.0348,0.0000,0.0000,0.0000,1.0000,0.011,,,,,,,
113,Left,17,-0.0025,-0.0005,0.0539,0.5457,-0.0289,0.0747,0.8341,0.011,,,,,,,
113,Left,18,0.0000,0.0000,0.0390,0.6383,0.0191,0.0419,0.7684,0.011,,,,,,,
113,Left,19,0.0000,0.0000,0.0266,0.5290,0.0273,0.0288,0.8477,0.011,,,,,,,
113,Left,20,-0.0003,0.0016,0.0243,0.0000,0.0000,0.0000,1.0000,0.011,,,,,,,
113,Left,21,-0.0230,-0.0094,0.0341,0.0183,-0.1403,0.2070,0.9681,0.011,,,,,,,
113,Left,22,0.0000,0.0000,0.0457,0.4599,-0.0279,-0.0674,0.8850,0.011,,,,,,,
113,Left,23,0.0000,0.0000,0.0307,0.6628,-0.0058,0.0872,0.7437,0.011,,,,,,,
113,Left,24,0.0000,0.0000,0.0203,0.5395,0.0410,-0.0025,0.8410,0.011,,,,,,,
113,Left,25,0.0002,0.0012,0.0219,0.0000,0.0000,0.0000,1.0000,0.011,,,,,,,
113,Right,0,-0.0023,-0.0053,0.0652,0.0000,0.0000,0.0000,1.0000,0.011,,,,,,,
113,Right,1,0.0000,0.0000,0.0000,0.0000,0.0000,0.0000,1.0000,0.011,-0.0470,-0.2923,0.0843,0.2025,0.4463,0.8677,-0.0834
113,Right,2,-0.0289,-0.0181,0.0355,-0.0754,-0.3256,0.5996,0.7272,0.011,,,,,,,
113,Right,3,0.0000,0.0000,0.0325,0.2620,0.0459,-0.0809,0.9606,0.011,,,,,,,
113,Right,4,0.0000,0.0000,0.0338,0.1626,-0.0461,0.0775,0.9826,0.011,,,,,,,
113,Right,5,0.0007,0.0010,0.0246,0.0000,0.0000,0.0000,1.0000,0.011,,,,,,,
113,Right,6,-0.0192,-0.0105,0.0369,0.0000,0.0000,0.0000,1.0000,0.011,,,,,,,
113,Right,7,-0.0044,0.0032,0.0591,0.1900,0.0676,0.0260,0.9791,0.011,,,,,,,
113,Right,8,0.0000,0.0000,0.0379,0.2064,0.0017,-0.0263,0.9781,0.011,,,,,,,
113,Right,9,0.0000,0.0000,0.0243,0.0678,0.0249,-0.0167,0.9972,0.011,,,,,,,
113,Right,10,0.0003,0.0010,0.0224,0.0000,0.0000,0.0000,1.0000,0.011,,,,,,,
113,Right,11,-0.0029,-0.0081,0.0348,0.0000,0.0000,0.0000,1.0000,0.011,,,,,,,
113,Right,12,0.0012,0.0056,0.0609,0.2750,0.0749,-0.0256,0.9582,0.011,,,,,,,
113,Right,13,0.0000,0.0000,0.0429,0.1495,0.0026,-0.0121,0.9887,0.011,,,,,,,
113,Right,14,0.0000,0.0000,0.0275,0.0170,-0.0002,-0.0453,0.9988,0.011,,,,,,,
113,Right,15,0.0003,0.0011,0.0250,0.0000,0.0000,0.0000,1.0000,0.011,,,,,,,
113,Right,16,0.0150,-0.0060,0.0348,0.0000,0.0000,0.0000,1.0000,0.011,,,,,,,
113,Right,17,0.0025,-0.0005,0.0539,0.2113,0.0764,-0.0654,0.9722,0.011,,,,,,,
113,Right,18,0.0000,0.0000,0.0390,0.1417,-0.0018,-0.0367,0.9892,0.011,,,,,,,
113,Right,19,0.0000,0.0000,0.0266,0.0619,-0.0295,-0.0075,0.9976,0.011,,,,,,,
113,Right,20,0.0003,0.0016,0.0243,0.0000,0.0000,0.0000,1.0000,0.011,,,,,,,
113,Right,21,0.0230,-0.0094,0.0341,0.0183,0.1403,-0.2070,0.9681,0.011,,,,,,,
113,Right,22,0.0000,0.0000,0.0457,0.0881,-0.0124,0.0893,0.9920,0.011,,,,,,,
113,Right,23,0.0000,0.0000,0.0307,0.1777,0.0348,-0.0537,0.9820,0.011,,,,,,,
113,Right,24,0.0000,0.0000,0.0203,0.0088,-0.0492,0.0008,0.9988,0.011,,,,,,,
113,Right,25,-0.0002,0.0012,0.0219,0.0000,0.0000,0.0000,1.0000,0.011,,,,,,,
114,Left,0,0.0024,-0.0053,0.0652,0.0000,0.0000,0.0000,1.0000,0.011,,,,,,,
114,Left,1,0.0000,0.0000,0.0000,0.0000,0.0000,0.0000,1.0000,0.011,0.3544,0.0520,0.0541,-0.0774,-0.4936,-0.8656,-0.0322
114,Left,2,0.0291,-0.0177,0.0353,-0.0646,0.3498,-0.5971,0.7190,0.011,,,,,,,
114,Left,3,0.0000,0.0000,0.0325,0.2053,-0.0516,0.0819,0.9739,0.011,,,,,,,
114,Left,4,0.0000,0.0000,0.0338,0.2349,0.0393,-0.0746,0.9684,0.011,,,,,,,
114,Left,5,-0.0007,0.0010,0.0246,0.0000,0.0000,0.0000,1.0000,0.011,,,,,,,
114,Left,6,0.0193,-0.0103,0.0368,0.0000,0.0000,0.0000,1.0000,0.011,,,,,,,
114,Left,7,0.0043,0.0030,0.0591,0.4850,0.0090,-0.0518,0.8729,0.011,,,,,,,
114,Left,8,0.0000,0.0000,0.0379,0.6749,0.0121,0.0226,0.7375,0.011,,,,,,,
114,Left,9,0.0000,0.0000,0.0243,0.4691,-0.0153,0.0168,0.8829,0.011,,,,,,,
114,Left,10,-0.0003,0.0010,0.0224,0.0000,0.0000,0.0000,1.0000,0.011,,,,,,,
114,Left,11,0.0031,-0.0081,0.0347,0.0000,0.0000,0.0000,1.0000,0.011,,,,,,,
114,Left,12,-0.0013,0.0055,0.0610,0.5496,-0.0283,0.0243,0.8346,0.011,,,,,,,
114,Left,13,0.0000,0.0000,0.0429,0.5779,0.0029,0.0129,0.8160,0.011,,,,,,,
114,Left,14,0.0000,0.0000,0.0275,0.4771,0.0204,0.0851,0.8745,0.011,,,,,,,
114,Left,15,-0.0003,0.0011,0.0250,0.0000,0.0000,0.0000,1.0000,0.011,,,,,,,
114,Left,16,-0.0150,-0.0060,0.0348,0.0000,0.0000,0.0000,1.0000,0.011,,,,,,,
114,Left,17,-0.0025,-0.0005,0.0539,0.5457,-0.0289,0.0747,0.8341,0.011,,,,,,,
114,Left,18,0.0000,0.0000,0.0390,0.6384,0.0191,0.0419,0.7684,0.011,,,,,,,
114,Left,19,0.0000,0.0000,0.0266,0.5291,0.0273,0.0288,0.8477,0.011,,,,,,,
114,Left,20,-0.0003,0.0016,0.0243,0.0000,0.0000,0.0000,1.0000,0.011,,,,,,,
114,Left,21,-0.0230,-0.0094,0.0341,0.0183,-0.1403,0.2070,0.9681,0.011,,,,,,,
114,Left,22,0.0000,0.0000,0.0457,0.4599,-0.0279,-0.0674,0.8850,0.011,,,,,,,
114,Left,23,0.0000,0.0000,0.0307,0.6628,-0.0058,0.0872,0.7437,0.011,,,,,,,
114,Left,24,0.0000,0.0000,0.0203,0.5395,0.0410,-0.0025,0.8410,0.011,,,,,,,
114,Left,25,0.0002,0.0012,0.0219,0.0000,0.0000,0.0000,1.0000,0.011,,,,,,,
114,Right,0,-0.0023,-0.0053,0.0652,0.0000,0.0000,0.0000,1.0000,0.011,,,,,,,
114,Right,1,0.0000,0.0000,0.0000,0.0000,0.0000,0.0000,1.0000,0.011,-0.0470,-0.2923,0.0843,0.2025,0.4463,0.8677,-0.0834
114,Right,2,-0.0289,-0.0181,0.0355,-0.0754,-0.3256,0.5996,0.7272,0.011,,,,,,,
114,Right,3,0.0000,0.0000,0.0325,0.2620,0.0459,-0.0809,0.9606,0.011,,,,,,,
114,Right,4,0.0000,0.0000,0.0338,0.1626,-0.0461,0.0775,0.9826,0.011,,,,,,,
114,Right,5,0.0007,0.0010,0.0246,0.0000,0.0000,0.0000,1.0000,0.011,,,,,,,
114,Right,6,-0.0192,-0.0105,0.0369,0.0000,0.0000,0.0000,1.0000,0.011,,,,,,,
114,Right,7,-0.0044,0.0032,0.0591,0.1900,0.0676,0.0260,0.9791,0.011,,,,,,,
114,Right,8,0.0000,0.0000,0.0379,0.2064,0.0017,-0.0263,0.9781,0.011,,,,,,,
114,Right,9,0.0000,0.0000,0.0243,0.0678,0.0249,-0.0167,0.9972,0.011,,,,,,,
114,Right,10,0.0003,0.0010,0.0224,0.0000,0.0000,0.0000,1.0000,0.011,,,,,,,
114,Right,11,-0.0029,-0.0081,0.0348,0.0000,0.0000,0.0000,1.0000,0.011,,,,,,,
114,Right,12,0.0012,0.0056,0.0609,0.2750,0.0749,-0.0256,0.9582,0.011,,,,,,,
114,Right,13,0.0000,0.0000,0.0429,0.1495,0.0026,-0.0121,0.9887,0.011,,,,,,,
114,Right,14,0.0000,0.0000,0.0275,0.0170,-0.0002,-0.0453,0.9988,0.011,,,,,,,
114,Right,15,0.0003,0.0011,0.0250,0.0000,0.0000,0.0000,1.0000,0.011,,,,,,,
114,Right,16,0.0150,-0.0060,0.0348,0.0000,0.0000,0.0000,1.0000,0.011,,,,,,,
114,Right,17,0.0025,-0.0005,0.0539,0.2113,0.0764,-0.0654,0.9722,0.011,,,,,,,
114,Right,18,0.0000,0.0000,0.0390,0.1417,-0.0018,-0.0367,0.9892,0.011,,,,,,,
114,Right,19,0.0000,0.0000,0.0266,0.0619,-0.0295,-0.0075,0.9976,0.011,,,,,,,
114,Right,20,0.0003,0.0016,0.0243,0.0000,0.0000,0.0000,1.0000,0.011,,,,,,,
114,Right,21,0.0230,-0.0094,0.0341,0.0183,0.1403,-0.2070,0.9681,0.011,,,,,,,
114,Right,22,0.0000,0.0000,0.0457,0.0881,-0.0124,0.0893,0.9920,0.011,,,,,,,
114,Right,23,0.0000,0.0000,0.0307,0.1777,0.0348,-0.0537,0.9820,0.011,,,,,,,
114,Right,24,0.0000,0.0000,0.0203,0.0088,-0.0492,0.0008,0.9988,0.011,,,,,,,
114,Right,25,-0.0002,0.0012,0.0219,0.0000,0.0000,0.0000,1.0000,0.011,,,,,,,
115,Left,0,0.0024,-0.0053,0.0652,0.0000,0.0000,0.0000,1.0000,0.011,,,,,,,
115,Left,1,0.0000,0.0000,0.0000,0.0000,0.0000,0.0000,1.0000,0.011,0.3544,0.0520,0.0541,-0.0774,-0.4936,-0.8656,-0.0322
115,Left,2,0.0291,-0.0177,0.0353,-0.0646,0.3498,-0.5971,0.7190,0.011,,,,,,,
115,Left,3,0.0000,0.0000,0.0325,0.2053,-0.0516,0.0819,0.9739,0.011,,,,,,,
115,Left,4,0.0000,0.0000,0.0338,0.2349,0.0393,-0.0746,0.9684,0.011,,,,,,,
115,Left,5,-0.0007,0.0010,0.0246,0.0000,0.0000,0.0000,1.0000,0.011,,,,,,,
115,Left,6,0.0193,-0.0103,0.0368,0.0000,0.0000,0.0000,1.0000,0.011,,,,,,,
115,Left,7,0.0043,0.0030,0.0591,0.4850,0.0090,-0.0518,0.8729,0.011,,,,,,,
115,Left,8,0.0000,0.0000,0.0379,0.6749,0.0121,0.0226,0.7374,0.011,,,,,,,
115,Left,9,0.0000,0.0000,0.0243,0.4691,-0.0153,0.0168,0.8829,0.011,,,,,,,
115,Left,10,-0.0003,0.0010,0.0224,0.0000,0.0000,0.0000,1.0000,0.011,,,,,,,
115,Left,11,0.0031,-0.0081,0.0347,0.0000,0.0000,0.0000,1.0000,0.011,,,,,,,
115,Left,12,-0.0013,0.0055,0.0610,0.5496,-0.0283,0.0243,0.8346,0.011,,,,,,,
115,Left,13,0.0000,0.0000,0.0429,0.5780,0.0029,0.0129,0.8160,0.011,,,,,,,
115,Left,14,0.0000,0.0000,0.0275,0.4772,0.0204,0.0851,0.8745,0.011,,,,,,,
115,Left,15,-0.0003,0.0011,0.0250,0.0000,0.0000,0.0000,1.0000,0.011,,,,,,,
115,Left,16,-0.0150,-0.0060,0.0348,0.0000,0.0000,0.0000,1.0000,0.011,,,,,,,
115,Left,17,-0.0025,-0.0005,0.0539,0.5457,-0.0289,0.0747,0.8341,0.011,,,,,,,
115,Left,18,0.0000,0.0000,0.0390,0.6384,0.0191,0.0419,0.7684,0.011,,,,,,,
115,Left,19,0.0000,0.0000,0.0266,0.5291,0.0273,0.0288,0.8477,0.011,,,,,,,
115,Left,20,-0.0003,0.0016,0.0243,0.0000,0.0000,0.0000,1.0000,0.011,,,,,,,
115,Left,21,-0.0230,-0.0094,0.0341,0.0183,-0.1403,0.2070,0.9681,0.011,,,,,,,
115,Left,22,0.0000,0.0000,0.0457,0.4599,-0.0279,-0.0674,0.8850,0.011,,,,,,,
115,Left,23,0.0000,0.0000,0.0307,0.6628,-0.0058,0.0872,0.7437,0.011,,,,,,,
115,Left,24,0.0000,0.0000,0.0203,0.5395,0.0410,-0.0025,0.8410,0.011,,,,,,,
115,Left,25,0.0002,0.0012,0.0219,0.0000,0.0000,0.0000,1.0000,0.011,,,,,,,
115,Right,0,-0.0023,-0.0053,0.0652,0.0000,0.0000,0.0000,1.0000,0.011,,,,,,,
115,Right,1,0.0000,0.0000,0.0000,0.0000,0.0000,0.0000,1.0000,0.011,-0.0470,-0.2923,0.0843,0.2025,0.4463,0.8677,-0.0834
115,Right,2,-0.0289,-0.0181,0.0355,-0.0754,-0.3256,0.5996,0.7272,0.011,,,,,,,
115,Right,3,0.0000,0.0000,0.0325,0.2620,0.0459,-0.0809,0.9606,0.011,,,,,,,
115,Right,4,0.0000,0.0000,0.0338,0.1626,-0.0461,0.0775,0.9826,0.011,,,,,,,
115,Right,5,0.0007,0.0010,0.0246,0.0000,0.0000,0.0000,1.0000,0.011,,,,,,,
115,Right,6,-0.0192,-0.0105,0.0369,0.0000,0.0000,0.0000,1.0000,0.011,,,,,,,
115,Right,7,-0.0044,0.0032,0.0591,0.1900,0.0676,0.0260,0.9791,0.011,,,,,,,
115,Right,8,0.0000,0.0000,0.0379,0.2064,0.0017,-0.0263,0.9781,0.011,,,,,,,
115,Right,9,0.0000,0.0000,0.0243,0.0678,0.0249,-0.0167,0.9972,0.011,,,,,,,
115,Right,10,0.0003,0.0010,0.0224,0.0000,0.0000,0.0000,1.0000,0.011,,,,,,,
115,Right,11,-0.0029,-0.0081,0.0348,0.0000,0.0000,0.0000,1.0000,0.011,,,,,,,
115,Right,12,0.0012,0.0056,0.0609,0.2750,0.0749,-0.0256,0.9582,0.011,,,,,,,
115,Right,13,0.0000,0.0000,0.0429,0.1495,0.0026,-0.0121,0.9887,0.011,,,,,,,
115,Right,14,0.0000,0.0000,0.0275,0.0170,-0.0002,-0.0453,0.9988,0.011,,,,,,,
115,Right,15,0.0003,0.0011,0.0250,0.0000,0.0000,0.0000,1.0000,0.011,,,,,,,
115,Right,16,0.0150,-0.0060,0.0348,0.0000,0.0000,0.0000,1.0000,0.011,,,,,,,
115,Right,17,0.0025,-0.0005,0.0539,0.2112,0.0764,-0.0654,0.9722,0.011,,,,,,,
115,Right,18,0.0000,0.0000,0.0390,0.1417,-0.0018,-0.0367,0.9892,0.011,,,,,,,
115,Right,19,0.0000,0.0000,0.0266,0.0619,-0.0295,-0.0075,0.9976,0.011,,,,,,,
115,Right,20,0.0003,0.0016,0.0243,0.0000,0.0000,0.0000,1.0000,0.011,,,,,,,
115,Right,21,0.0230,-0.0094,0.0341,0.0183,0.1403,-0.2070,0.9681,0.011,,,,,,,
115,Right,22,0.0000,0.0000,0.0457,0.0881,-0.0124,0.0893,0.9920,0.011,,,,,,,
115,Right,23,0.0000,0.0000,0.0307,0.1777,0.0348,-0.0537,0.9820,0.011,,,,,,,
115,Right,24,0.0000,0.0000,0.0203,0.0088,-0.0492,0.0008,0.9988,0.011,,,,,,,
115,Right,25,-0.0002,0.0012,0.0219,0.0000,0.0000,0.0000,1.0000,0.011,,,,,,,
116,Left,0,0.0024,-0.0053,0.0652,0.0000,0.0000,0.0000,1.0000,0.011,,,,,,,
116,Left,1,0.0000,0.0000,0.0000,0.0000,0.0000,0.0000,1.0000,0.011,0.3544,0.0520,0.0541,-0.0774,-0.4936,-0.8656,-0.0322
116,Left,2,0.0291,-0.0177,0.0353,-0.0646,0.3498,-0.5971,0.7190,0.011,,,,,,,
116,Left,3,0.0000,0.0000,0.0325,0.2053,-0.0516,0.0819,0.9739,0.011,,,,,,,
116,Left,4,0.0000,0.0000,0.0338,0.2349,0.0393,-0.0746,0.9684,0.011,,,,,,,
116,Left,5,-0.0007,0.0010,0.0246,0.0000,0.0000,0.0000,1.0000,0.011,,,,,,,
116,Left,6,0.0193,-0.0103,0.0368,0.0000,0.0000,0.0000,1.0000,0.011,,,,,,,
116,Left,7,0.0043,0.0030,0.0591,0.4850,0.0090,-0.0518,0.8729,0.011,,,,,,,
116,Left,8,0.0000,0.0000,0.0379,0.6749,0.0121,0.0226,0.7374,0.011,,,,,,,
116,Left,9,0.0000,0.0000,0.0243,0.4691,-0.0153,0.0168,0.8829,0.011,,,,,,,
116,Left,10,-0.0003,0.0010,0.0224,0.0000,0.0000,0.0000,1.0000,0.011,,,,,,,
116,Left,11,0.0031,-0.0081,0.0347,0.0000,0.0000,0.0000,1.0000,0.011,,,,,,,
116,Left,12,-0.0013,0.0055,0.0610,0.5496,-0.0283,0.0243,0.8346,0.011,,,,,,,
116,Left,13,0.0000,0.0000,0.0429,0.5780,0.0029,0.0129,0.8160,0.011,,,,,,,
116,Left,14,0.0000,0.0000,0.0275,0.4772,0.0204,0.0851,0.8744,0.011,,,,,,,
116,Left,15,-0.0003,0.0011,0.0250,0.0000,0.0000,0.0000,1.0000,0.011,,,,,,,
116,Left,16,-0.0150,-0.0060,0.0348,0.0000,0.0000,0.0000,1.0000,0.011,,,,,,,
116,Left,17,-0.0025,-0.0005,0.0539,0.5457,-0.0289,0.0747,0.8341,0.011,,,,,,,
116,Left,18,0.0000,0.0000,0.0390,0.6384,0.0191,0.0419,0.7683,0.011,,,,,,,
116,Left,19,0.0000,0.0000,0.0266,0.5291,0.0273,0.0288,0.8476,0.011,,,,,,,
116,Left,20,-0.0003,0.0016,0.0243,0.0000,0.0000,0.0000,1.0000,0.011,,,,,,,
116,Left,21,-0.0230,-0.0094,0.0341,0.0183,-0.1403,0.2070,0.9681,0.011,,,,,,,
116,Left,22,0.0000,0.0000,0.0457,0.4599,-0.0279,-0.0674,0.8850,0.011,,,,,,,
116,Left,23,0.0000,0.0000,0.0307,0.6628,-0.0058,0.0872,0.7437,0.011,,,,,,,
116,Left,24,0.0000,0.0000,0.0203,0.5395,0.0410,-0.0025,0.8410,0.011,,,,,,,
116,Left,25,0.0002,0.0012,0.0219,0.0000,0.0000,0.0000,1.0000,0.011,,,,,,,
116,Right,0,-0.0023,-0.0053,0.0652,0.0000,0.0000,0.0000,1.0000,0.011,,,,,,,
116,Right,1,0.0000,0.0000,0.0000,0.0000,0.0000,0.0000,1.0000,0.011,-0.0470,-0.2923,0.0843,0.2025,0.4463,0.8677,-0.0834
116,Right,2,-0.0289,-0.0181,0.0355,-0.0754,-0.3256,0.5996,0.7272,0.011,,,,,,,
116,Right,3,0.0000,0.0000,0.0325,0.2620,0.0459,-0.0809,0.9606,0.011,,,,,,,
116,Right,4,0.0000,0.0000,0.0338,0.1626,-0.0461,0.0775,0.9826,0.011,,,,,,,
116,Right,5,0.0007,0.0010,0.0246,0.0000,0.0000,0.0000,1.0000,0.011,,,,,,,
116,Right,6,-0.0192,-0.0105,0.0369,0.0000,0.0000,0.0000,1.0000,0.011,,,,,,,
116,Right,7,-0.0044,0.0032,0.0591,0.1900,0.0676,0.0260,0.9791,0.011,,,,,,,
116,Right,8,0.0000,0.0000,0.0379,0.2064,0.0017,-0.0263,0.9781,0.011,,,,,,,
116,Right,9,0.0000,0.0000,0.0243,0.0678,0.0249,-0.0167,0.9972,0.011,,,,,,,
116,Right,10,0.0003,0.0010,0.0224,0.0000,0.0000,0.0000,1.0000,0.011,,,,,,,
116,Right,11,-0.0029,-0.0081,0.0348,0.0000,0.0000,0.0000,1.0000,0.011,,,,,,,
116,Right,12,0.0012,0.0056,0.0609,0.2750,0.0749,-0.0256,0.9582,0.011,,,,,,,
116,Right,13,0.0000,0.0000,0.0429,0.1495,0.0026,-0.0121,0.9887,0.011,,,,,,,
116,Right,14,0.0000,0.0000,0.0275,0.0170,-0.0002,-0.0453,0.9988,0.011,,,,,,,
116,Right,15,0.0003,0.0011,0.0250,0.0000,0.0000,0.0000,1.0000,0.011,,,,,,,
116,Right,16,0.0150,-0.0060,0.0348,0.0000,0.0000,0.0000,1.0000,0.011,,,,,,,
116,Right,17,0.0025,-0.0005,0.0539,0.2112,0.0764,-0.0654,0.9722,0.011,,,,,,,
116,Right,18,0.0000,0.0000,0.0390,0.1417,-0.0018,-0.0367,0.9892,0.011,,,,,,,
116,Right,19,0.0000,0.0000,0.0266,0.0619,-0.0295,-0.0075,0.9976,0.011,,,,,,,
116,Right,20,0.0003,0.0016,0.0243,0.0000,0.0000,0.0000,1.0000,0.011,,,,,,,
116,Right,21,0.0230,-0.0094,0.0341,0.0183,0.1403,-0.2070,0.9681,0.011,,,,,,,
116,Right,22,0.0000,0.0000,0.0457,0.0881,-0.0124,0.0893,0.9920,0.011,,,,,,,
116,Right,23,0.0000,0.0000,0.0307,0.1777,0.0348,-0.0537,0.9820,0.011,,,,,,,
116,Right,24,0.0000,0.0000,0.0203,0.0088,-0.0492,0.0008,0.9988,0.011,,,,,,,
116,Right,25,-0.0002,0.0012,0.0219,0.0000,0.0000,0.0000,1.0000,0.011,,,,,,,
117,Left,0,0.0024,-0.0053,0.0652,0.0000,0.0000,0.0000,1.0000,0.011,,,,,,,
117,Left,1,0.0000,0.0000,0.0000,0.0000,0.0000,0.0000,1.0000,0.011,0.3544,0.0520,0.0541,-0.0774,-0.4936,-0.8656,-0.0322
117,Left,2,0.0291,-0.0177,0.0353,-0.0646,0.3498,-0.5971,0.7190,0.011,,,,,,,
117,Left,3,0.0000,0.0000,0.0325,0.2053,-0.0516,0.0819,0.9739,0.011,,,,,,,
117,Left,4,0.0000,0.0000,0.0338,0.2349,0.0393,-0.0746,0.9684,0.011,,,,,,,
117,Left,5,-0.0007,0.0010,0.0246,0.0000,0.0000,0.0000,1.0000,0.011,,,,,,,
117,Left,6,0.0193,-0.0103,0.0368,0.0000,0.0000,0.0000,1.0000,0.011,,,,,,,
117,Left,7,0.0043,0.0030,0.0591,0.4850,0.0090,-0.0518,0.8729,0.011,,,,,,,
117,Left,8,0.0000,0.0000,0.0379,0.6749,0.0121,0.0226,0.7374,0.011,,,,,,,
117,Left,9,0.0000,0.0000,0.0243,0.4691,-0.0153,0.0168,0.8829,0.011,,,,,,,
117,Left,10,-0.0003,0.0010,0.0224,0.0000,0.0000,0.0000,1.0000,0.011,,,,,,,
117,Left,11,0.0031,-0.0081,0.0347,0.0000,0.0000,0.0000,1.0000,0.011,,,,,,,
117,Left,12,-0.0013,0.0055,0.0610,0.5496,-0.0283,0.0243,0.8346,0.011,,,,,,,
117,Left,13,0.0000,0.0000,0.0429,0.5780,0.0029,0.0129,0.8160,0.011,,,,,,,
117,Left,14,0.0000,0.0000,0.0275,0.4772,0.0204,0.0851,0.8744,0.011,,,,,,,
117,Left,15,-0.0003,0.0011,0.0250,0.0000,0.0000,0.0000,1.0000,0.011,,,,,,,
117,Left,16,-0.0150,-0.0060,0.0348,0.0000,0.0000,0.0000,1.0000,0.011,,,,,,,
117,Left,17,-0.0025,-0.0005,0.0539,0.5457,-0.0289,0.0747,0.8341,0.011,,,,,,,
117,Left,18,0.0000,0.0000,0.0390,0.6384,0.0191,0.0419,0.7683,0.011,,,,,,,
117,Left,19,0.0000,0.0000,0.0266,0.5291,0.0273,0.0288,0.8476,0.011,,,,,,,
117,Left,20,-0.0003,0.0016,0.0243,0.0000,0.0000,0.0000,1.0000,0.011,,,,,,,
117,Left,21,-0.0230,-0.0094,0.0341,0.0183,-0.1403,0.2070,0.9681,0.011,,,,,,,
117,Left,22,0.0000,0.0000,0.0457,0.4599,-0.0279,-0.0674,0.8850,0.011,,,,,,,
117,Left,23,0.0000,0.0000,0.0307,0.6628,-0.0058,0.0872,0.7437,0.011,,,,,,,
117,Left,24,0.0000,0.0000,0.0203,0.5395,0.0410,-0.0025,0.8410,0.011,,,,,,,
117,Left,25,0.0002,0.0012,0.0219,0.0000,0.0000,0.0000,1.0000,0.011,,,,,,,
117,Right,0,-0.0023,-0.0053,0.0652,0.0000,0.0000,0.0000,1.0000,0.011,,,,,,,
117,Right,1,0.0000,0.0000,0.0000,0.0000,0.0000,0.0000,1.0000,0.011,-0.0470,-0.2923,0.0843,0.2025,0.4463,0.8677,-0.0834
117,Right,2,-0.0289,-0.0181,0.0355,-0.0754,-0.3256,0.5996,0.7272,0.011,,,,,,,
117,Right,3,0.0000,0.0000,0.0325,0.2620,0.0459,-0.0809,0.9606,0.011,,,,,,,
117,Right,4,0.0000,0.0000,0.0338,0.1626,-0.0461,0.0775,0.9826,0.011,,,,,,,
117,Right,5,0.0007,0.0010,0.0246,0.0000,0.0000,0.0000,1.0000,0.011,,,,,,,
117,Right,6,-0.0192,-0.0105,0.0369,0.0000,0.0000,0.0000,1.0000,0.011,,,,,,,
117,Right,7,-0.0044,0.0032,0.0591,0.1900,0.0676,0.0260,0.9791,0.011,,,,,,,
117,Right,8,0.0000,0.0000,0.0379,0.2064,0.0017,-0.0263,0.9781,0.011,,,,,,,
117,Right,9,0.0000,0.0000,0.0243,0.0678,0.0249,-0.0167,0.9972,0.011,,,,,,,
117,Right,10,0.0003,0.0010,0.0224,0.0000,0.0000,0.0000,1.0000,0.011,,,,,,,
117,Right,11,-0.0029,-0.0081,0.0348,0.0000,0.0000,0.0000,1.0000,0.011,,,,,,,
117,Right,12,0.0012,0.0056,0.0609,0.2750,0.0749,-0.0256,0.9582,0.011,,,,,,,
117,Right,13,0.0000,0.0000,0.0429,0.1495,0.0026,-0.0121,0.9887,0.011,,,,,,,
117,Right,14,0.0000,0.0000,0.0275,0.0170,-0.0002,-0.0453,0.9988,0.011,,,,,,,
117,Right,15,0.0003,0.0011,0.0250,0.0000,0.0000,0.0000,1.0000,0.011,,,,,,,
117,Right,16,0.0150,-0.0060,0.0348,0.0000,0.0000,0.0000,1.0000,0.011,,,,,,,
117,Right,17,0.0025,-0.0005,0.0539,0.2112,0.0764,-0.0654,0.9722,0.011,,,,,,,
117,Right,18,0.0000,0.0000,0.0390,0.1417,-0.0018,-0.0367,0.9892,0.011,,,,,,,
117,Right,19,0.0000,0.0000,0.0266,0.0619,-0.0295,-0.0075,0.9976,0.011,,,,,,,
117,Right,20,0.0003,0.0016,0.0243,0.0000,0.0000,0.0000,1.0000,0.011,,,,,,,
117,Right,21,0.0230,-0.0094,0.0341,0.0183,0.1403,-0.2070,0.9681,0.011,,,,,,,
117,Right,22,0.0000,0.0000,0.0457,0.0881,-0.0124,0.0893,0.9920,0.011,,,,,,,
117,Right,23,0.0000,0.0000,0.0307,0.1777,0.0348,-0.0537,0.9820,0.011,,,,,,,
117,Right,24,0.0000,0.0000,0.0203,0.0088,-0.0492,0.0008,0.9988,0.011,,,,,,,
117,Right,25,-0.0002,0.0012,0.0219,0.0000,0.0000,0.0000,1.0000,0.011,,,,,,,
118,Left,0,0.0024,-0.0053,0.0652,0.0000,0.0000,0.0000,1.0000,0.012,,,,,,,
118,Left,1,0.0000,0.0000,0.0000,0.0000,0.0000,0.0000,1.0000,0.012,0.3544,0.0520,0.0541,-0.0774,-0.4936,-0.8656,-0.0322
118,Left,2,0.0291,-0.0177,0.0353,-0.0646,0.3498,-0.5971,0.7190,0.012,,,,,,,
118,Left,3,0.0000,0.0000,0.0325,0.2053,-0.0516,0.0819,0.9739,0.012,,,,,,,
118,Left,4,0.0000,0.0000,0.0338,0.2349,0.0393,-0.0746,0.9683,0.012,,,,,,,
118,Left,5,-0.0007,0.0010,0.0246,0.0000,0.0000,0.0000,1.0000,0.012,,,,,,,
118,Left,6,0.0193,-0.0103,0.0368,0.0000,0.0000,0.0000,1.0000,0.012,,,,,,,
118,Left,7,0.0043,0.0030,0.0591,0.4850,0.0090,-0.0518,0.8729,0.012,,,,,,,
118,Left,8,0.0000,0.0000,0.0379,0.6749,0.0121,0.0226,0.7374,0.012,,,,,,,
118,Left,9,0.0000,0.0000,0.0243,0.4691,-0.0153,0.0168,0.8829,0.012,,,,,,,
118,Left,10,-0.0003,0.0010,0.0224,0.0000,0.0000,0.0000,1.0000,0.012,,,,,,,
118,Left,11,0.0031,-0.0081,0.0347,0.0000,0.0000,0.0000,1.0000,0.012,,,,,,,
118,Left,12,-0.0013,0.0055,0.0610,0.5496,-0.0283,0.0243,0.8346,0.012,,,,,,,
118,Left,13,0.0000,0.0000,0.0429,0.5780,0.0029,0.0129,0.8160,0.012,,,,,,,
118,Left,14,0.0000,0.0000,0.0275,0.4772,0.0204,0.0851,0.8744,0.012,,,,,,,
118,Left,15,-0.0003,0.0011,0.0250,0.0000,0.0000,0.0000,1.0000,0.012,,,,,,,
118,Left,16,-0.0150,-0.0060,0.0348,0.0000,0.0000,0.0000,1.0000,0.012,,,,,,,
118,Left,17,-0.0025,-0.0005,0.0539,0.5457,-0.0289,0.0747,0.8341,0.012,,,,,,,
118,Left,18,0.0000,0.0000,0.0390,0.6384,0.0191,0.0419,0.7683,0.012,,,,,,,
118,Left,19,0.0000,0.0000,0.0266,0.5291,0.0273,0.0288,0.8476,0.012,,,,,,,
118,Left,20,-0.0003,0.0016,0.0243,0.0000,0.0000,0.0000,1.0000,0.012,,,,,,,
118,Left,21,-0.0230,-0.0094,0.0341,0.0183,-0.1403,0.2070,0.9681,0.012,,,,,,,
118,Left,22,0.0000,0.0000,0.0457,0.4599,-0.0279,-0.0674,0.8850,0.012,,,,,,,
118,Left,23,0.0000,0.0000,0.0307,0.6628,-0.0058,0.0872,0.7437,0.012,,,,,,,
118,Left,24,0.0000,0.0000,0.0203,0.5395,0.0410,-0.0025,0.8410,0.012,,,,,,,
118,Left,25,0.0002,0.0012,0.0219,0.0000,0.0000,0.0000,1.0000,0.012,,,,,,,
118,Right,0,-0.0023,-0.0053,0.0652,0.0000,0.0000,0.0000,1.0000,0.012,,,,,,,
118,Right,1,0.0000,0.0000,0.0000,0.0000,0.0000,0.0000,1.0000,0.012,-0.0470,-0.2923,0.0843,0.2025,0.4463,0.8677,-0.0834
118,Right,2,-0.0289,-0.0181,0.0355,-0.0754,-0.3256,0.5996,0.7272,0.012,,,,,,,
118,Right,3,0.0000,0.0000,0.0325,0.2620,0.0459,-0.0809,0.9606,0.012,,,,,,,
118,Right,4,0.0000,0.0000,0.0338,0.1626,-0.0461,0.0775,0.9826,0.012,,,,,,,
118,Right,5,0.0007,0.0010,0.0246,0.0000,0.0000,0.0000,1.0000,0.012,,,,,,,
118,Right,6,-0.0192,-0.0105,0.0369,0.0000,0.0000,0.0000,1.0000,0.012,,,,,,,
118,Right,7,-0.0044,0.0032,0.0591,0.1900,0.0676,0.0260,0.9791,0.012,,,,,,,
118,Right,8,0.0000,0.0000,0.0379,0.2064,0.0017,-0.0263,0.9781,0.012,,,,,,,
118,Right,9,0.0000,0.0000,0.0243,0.0678,0.0249,-0.0167,0.9972,0.012,,,,,,,
118,Right,10,0.0003,0.0010,0.0224,0.0000,0.0000,0.0000,1.0000,0.012,,,,,,,
118,Right,11,-0.0029,-0.0081,0.0348,0.0000,0.0000,0.0000,1.0000,0.012,,,,,,,
118,Right,12,0.0012,0.0056,0.0609,0.2750,0.0749,-0.0256,0.9582,0.012,,,,,,,
118,Right,13,0.0000,0.0000,0.0429,0.1495,0.0026,-0.0121,0.9887,0.012,,,,,,,
118,Right,14,0.0000,0.0000,0.0275,0.0170,-0.0002,-0.0453,0.9988,0.012,,,,,,,
118,Right,15,0.0003,0.0011,0.0250,0.0000,0.0000,0.0000,1.0000,0.012,,,,,,,
118,Right,16,0.0150,-0.0060,0.0348,0.0000,0.0000,0.0000,1.0000,0.012,,,,,,,
118,Right,17,0.0025,-0.0005,0.0539,0.2112,0.0764,-0.0654,0.9722,0.012,,,,,,,
118,Right,18,0.0000,0.0000,0.0390,0.1417,-0.0018,-0.0367,0.9892,0.012,,,,,,,
118,Right,19,0.0000,0.0000,0.0266,0.0619,-0.0295,-0.0075,0.9976,0.012,,,,,,,
118,Right,20,0.0003,0.0016,0.0243,0.0000,0.0000,0.0000,1.0000,0.012,,,,,,,
118,Right,21,0.0230,-0.0094,0.0341,0.0183,0.1403,-0.2070,0.9681,0.012,,,,,,,
118,Right,22,0.0000,0.0000,0.0457,0.0881,-0.0124,0.0893,0.9920,0.012,,,,,,,
118,Right,23,0.0000,0.0000,0.0307,0.1777,0.0348,-0.0537,0.9820,0.012,,,,,,,
118,Right,24,0.0000,0.0000,0.0203,0.0088,-0.0492,0.0008,0.9988,0.012,,,,,,,
118,Right,25,-0.0002,0.0012,0.0219,0.0000,0.0000,0.0000,1.0000,0.012,,,,,,,
119,Left,0,0.0024,-0.0053,0.0652,0.0000,0.0000,0.0000,1.0000,0.012,,,,,,,
119,Left,1,0.0000,0.0000,0.0000,0.0000,0.0000,0.0000,1.0000,0.012,0.3544,0.0520,0.0541,-0.0774,-0.4936,-0.8656,-0.0322
119,Left,2,0.0291,-0.0177,0.0353,-0.0646,0.3498,-0.5971,0.7190,0.012,,,,,,,
119,Left,3,0.0000,0.0000,0.0325,0.2053,-0.0516,0.0819,0.9739,0.012,,,,,,,
119,Left,4,0.0000,0.0000,0.0338,0.2349,0.0393,-0.0746,0.9683,0.012,,,,,,,
119,Left,5,-0.0007,0.0010,0.0246,0.0000,0.0000,0.0000,1.0000,0.012,,,,,,,
119,Left,6,0.0193,-0.0103,0.0368,0.0000,0.0000,0.0000,1.0000,0.012,,,,,,,
119,Left,7,0.0043,0.0030,0.0591,0.4850,0.0090,-0.0518,0.8729,0.012,,,,,,,
119,Left,8,0.0000,0.0000,0.0379,0.6749,0.0121,0.0226,0.7374,0.012,,,,,,,
119,Left,9,0.0000,0.0000,0.0243,0.4691,-0.0153,0.0168,0.8828,0.012,,,,,,,
119,Left,10,-0.0003,0.0010,0.0224,0.0000,0.0000,0.0000,1.0000,0.012,,,,,,,
119,Left,11,0.0031,-0.0081,0.0347,0.0000,0.0000,0.0000,1.0000,0.012,,,,,,,
119,Left,12,-0.0013,0.0055,0.0610,0.5496,-0.0283,0.0243,0.8346,0.012,,,,,,,
119,Left,13,0.0000,0.0000,0.0429,0.5780,0.0029,0.0129,0.8160,0.012,,,,,,,
119,Left,14,0.0000,0.0000,0.0275,0.4772,0.0204,0.0851,0.8744,0.012,,,,,,,
119,Left,15,-0.0003,0.0011,0.0250,0.0000,0.0000,0.0000,1.0000,0.012,,,,,,,
119,Left,16,-0.0150,-0.0060,0.0348,0.0000,0.0000,0.0000,1.0000,0.012,,,,,,,
119,Left,17,-0.0025,-0.0005,0.0539,0.5457,-0.0289,0.0747,0.8341,0.012,,,,,,,
119,Left,18,0.0000,0.0000,0.0390,0.6384,0.0191,0.0419,0.7683,0.012,,,,,,,
119,Left,19,0.0000,0.0000,0.0266,0.5291,0.0273,0.0288,0.8476,0.012,,,,,,,
119,Left,20,-0.0003,0.0016,0.0243,0.0000,0.0000,0.0000,1.0000,0.012,,,,,,,
119,Left,21,-0.0230,-0.0094,0.0341,0.0183,-0.1403,0.2070,0.9681,0.012,,,,,,,
119,Left,22,0.0000,0.0000,0.0457,0.4599,-0.0279,-0.0674,0.8850,0.012,,,,,,,
119,Left,23,0.0000,0.0000,0.0307,0.6628,-0.0058,0.0872,0.7437,0.012,,,,,,,
119,Left,24,0.0000,0.0000,0.0203,0.5395,0.0410,-0.0025,0.8410,0.012,,,,,,,
119,Left,25,0.0002,0.0012,0.0219,0.0000,0.0000,0.0000,1.0000,0.012,,,,,,,
119,Right,0,-0.0023,-0.0053,0.0652,0.0000,0.0000,0.0000,1.0000,0.012,,,,,,,
119,Right,1,0.0000,0.0000,0.0000,0.0000,0.0000,0.0000,1.0000,0.012,-0.0470,-0.2923,0.0843,0.2025,0.4463,0.8677,-0.0834
119,Right,2,-0.0289,-0.0181,0.0355,-0.0754,-0.3256,0.5996,0.7272,0.012,,,,,,,
119,Right,3,0.0000,0.0000,0.0325,0.2620,0.0459,-0.0809,0.9606,0.012,,,,,,,
119,Right,4,0.0000,0.0000,0.0338,0.1626,-0.0461,0.0775,0.9826,0.012,,,,,,,
119,Right,5,0.0007,0.0010,0.0246,0.0000,0.0000,0.0000,1.0000,0.012,,,,,,,
119,Right,6,-0.0192,-0.0105,0.0369,0.0000,0.0000,0.0000,1.0000,0.012,,,,,,,
119,Right,7,-0.0044,0.0032,0.0591,0.1900,0.0676,0.0260,0.9791,0.012,,,,,,,
119,Right,8,0.0000,0.0000,0.0379,0.2064,0.0017,-0.0263,0.9781,0.012,,,,,,,
119,Right,9,0.0000,0.0000,0.0243,0.0678,0.0249,-0.0167,0.9972,0.012,,,,,,,
119,Right,10,0.0003,0.0010,0.0224,0.0000,0.0000,0.0000,1.0000,0.012,,,,,,,
119,Right,11,-0.0029,-0.0081,0.0348,0.0000,0.0000,0.0000,1.0000,0.012,,,,,,,
119,Right,12,0.0012,0.0056,0.0609,0.2750,0.0749,-0.0256,0.9582,0.012,,,,,,,
119,Right,13,0.0000,0.0000,0.0429,0.1495,0.0026,-0.0121,0.9887,0.012,,,,,,,
119,Right,14,0.0000,0.0000,0.0275,0.0170,-0.0002,-0.0453,0.9988,0.012,,,,,,,
119,Right,15,0.0003,0.0011,0.0250,0.0000,0.0000,0.0000,1.0000,0.012,,,,,,,
119,Right,16,0.0150,-0.0060,0.0348,0.0000,0.0000,0.0000,1.0000,0.012,,,,,,,
119,Right,17,0.0025,-0.0005,0.0539,0.2112,0.0764,-0.0654,0.9722,0.012,,,,,,,
119,Right,18,0.0000,0.0000,0.0390,0.1417,-0.0018,-0.0367,0.9892,0.012,,,,,,,
119,Right,19,0.0000,0.0000,0.0266,0.0619,-0.0295,-0.0075,0.9976,0.012,,,,,,,
119,Right,20,0.0003,0.0016,0.0243,0.0000,0.0000,0.0000,1.0000,0.012,,,,,,,
119,Right,21,0.0230,-0.0094,0.0341,0.0183,0.1403,-0.2070,0.9681,0.012,,,,,,,
119,Right,22,0.0000,0.0000,0.0457,0.0881,-0.0124,0.0893,0.9920,0.012,,,,,,,
119,Right,23,0.0000,0.0000,0.0307,0.1777,0.0348,-0.0537,0.9820,0.012,,,,,,,
119,Right,24,0.0000,0.0000,0.0203,0.0088,-0.0492,0.0008,0.9988,0.012,,,,,,,
119,Right,25,-0.0002,0.0012,0.0219,0.0000,0.0000,0.0000,1.0000,0.012,,,,,,,
120,Left,0,0.0024,-0.0053,0.0652,0.0000,0.0000,0.0000,1.0000,0.012,,,,,,,
120,Left,1,0.0000,0.0000,0.0000,0.0000,0.0000,0.0000,1.0000,0.012,0.3544,0.0520,0.0541,-0.0774,-0.4936,-0.8656,-0.0321
120,Left,2,0.0291,-0.0177,0.0353,-0.0646,0.3498,-0.5971,0.7190,0.012,,,,,,,
120,Left,3,0.0000,0.0000,0.0325,0.2053,-0.0516,0.0819,0.9739,0.012,,,,,,,
120,Left,4,0.0000,0.0000,0.0338,0.2349,0.0393,-0.0746,0.9683,0.012,,,,,,,
120,Left,5,-0.0007,0.0010,0.0246,0.0000,0.0000,0.0000,1.0000,0.012,,,,,,,
120,Left,6,0.0193,-0.0103,0.0368,0.0000,0.0000,0.0000,1.0000,0.012,,,,,,,
120,Left,7,0.0043,0.0030,0.0591,0.4850,0.0090,-0.0518,0.8729,0.012,,,,,,,
120,Left,8,0.0000,0.0000,0.0379,0.6749,0.0121,0.0226,0.7374,0.012,,,,,,,
120,Left,9,0.0000,0.0000,0.0243,0.4691,-0.0153,0.0168,0.8828,0.012,,,,,,,
120,Left,10,-0.0003,0.0010,0.0224,0.0000,0.0000,0.0000,1.0000,0.012,,,,,,,
120,Left,11,0.0031,-0.0081,0.0347,0.0000,0.0000,0.0000,1.0000,0.012,,,,,,,
120,Left,12,-0.0013,0.0055,0.0610,0.5496,-0.0283,0.0243,0.8346,0.012,,,,,,,
120,Left,13,0.0000,0.0000,0.0429,0.5780,0.0029,0.0129,0.8159,0.012,,,,,,,
120,Left,14,0.0000,0.0000,0.0275,0.4772,0.0204,0.0851,0.8744,0.012,,,,,,,
120,Left,15,-0.0003,0.0011,0.0250,0.0000,0.0000,0.0000,1.0000,0.012,,,,,,,
120,Left,16,-0.0150,-0.0060,0.0348,0.0000,0.0000,0.0000,1.0000,0.012,,,,,,,
120,Left,17,-0.0025,-0.0005,0.0539,0.5457,-0.0289,0.0747,0.8341,0.012,,,,,,,
120,Left,18,0.0000,0.0000,0.0390,0.6384,0.0191,0.0419,0.7683,0.012,,,,,,,
120,Left,19,0.0000,0.0000,0.0266,0.5291,0.0273,0.0288,0.8476,0.012,,,,,,,
120,Left,20,-0.0003,0.0016,0.0243,0.0000,0.0000,0.0000,1.0000,0.012,,,,,,,
120,Left,21,-0.0230,-0.0094,0.0341,0.0183,-0.1403,0.2070,0.9681,0.012,,,,,,,
120,Left,22,0.0000,0.0000,0.0457,0.4600,-0.0278,-0.0674,0.8849,0.012,,,,,,,
120,Left,23,0.0000,0.0000,0.0307,0.6628,-0.0058,0.0872,0.7436,0.012,,,,,,,
120,Left,24,0.0000,0.0000,0.0203,0.5395,0.0410,-0.0025,0.8410,0.012,,,,,,,
120,Left,25,0.0002,0.0012,0.0219,0.0000,0.0000,0.0000,1.0000,0.012,,,,,,,
120,Right,0,-0.0023,-0.0053,0.0652,0.0000,0.0000,0.0000,1.0000,0.012,,,,,,,
120,Right,1,0.0000,0.0000,0.0000,0.0000,0.0000,0.0000,1.0000,0.012,-0.0470,-0.2923,0.0843,0.2025,0.4463,0.8677,-0.0834
120,Right,2,-0.0289,-0.0181,0.0355,-0.0754,-0.3256,0.5996,0.7272,0.012,,,,,,,
120,Right,3,0.0000,0.0000,0.0325,0.2620,0.0459,-0.0809,0.9606,0.012,,,,,,,
120,Right,4,0.0000,0.0000,0.0338,0.1626,-0.0461,0.0775,0.9826,0.012,,,,,,,
120,Right,5,0.0007,0.0010,0.0246,0.0000,0.0000,0.0000,1.0000,0.012,,,,,,,
120,Right,6,-0.0192,-0.0105,0.0369,0.0000,0.0000,0.0000,1.0000,0.012,,,,,,,
120,Right,7,-0.0044,0.0032,0.0591,0.1900,0.0676,0.0260,0.9791,0.012,,,,,,,
120,Right,8,0.0000,0.0000,0.0379,0.2064,0.0017,-0.0263,0.9781,0.012,,,,,,,
120,Right,9,0.0000,0.0000,0.0243,0.0678,0.0249,-0.0167,0.9972,0.012,,,,,,,
120,Right,10,0.0003,0.0010,0.0224,0.0000,0.0000,0.0000,1.0000,0.012,,,,,,,
120,Right,11,-0.0029,-0.0081,0.0348,0.0000,0.0000,0.0000,1.0000,0.012,,,,,,,
120,Right,12,0.0012,0.0056,0.0609,0.2750,0.0749,-0.0256,0.9582,0.012,,,,,,,
120,Right,13,0.0000,0.0000,0.0429,0.1495,0.0026,-0.0121,0.9887,0.012,,,,,,,
120,Right,14,0.0000,0.0000,0.0275,0.0170,-0.0002,-0.0453,0.9988,0.012,,,,,,,
120,Right,15,0.0003,0.0011,0.0250,0.0000,0.0000,0.0000,1.0000,0.012,,,,,,,
120,Right,16,0.0150,-0.0060,0.0348,0.0000,0.0000,0.0000,1.0000,0.012,,,,,,,
120,Right,17,0.0025,-0.0005,0.0539,0.2112,0.0764,-0.0654,0.9722,0.012,,,,,,,
120,Right,18,0.0000,0.0000,0.0390,0.1417,-0.0018,-0.0367,0.9892,0.012,,,,,,,
120,Right,19,0.0000,0.0000,0.0266,0.0619,-0.0295,-0.0075,0.9976,0.012,,,,,,,
120,Right,20,0.0003,0.0016,0.0243,0.0000,0.0000,0.0000,1.0000,0.012,,,,,,,
120,Right,21,0.0230,-0.0094,0.0341,0.0183,0.1403,-0.2070,0.9681,0.012,,,,,,,
120,Right,22,0.0000,0.0000,0.0457,0.0881,-0.0124,0.0893,0.9920,0.012,,,,,,,
120,Right,23,0.0000,0.0000,0.0307,0.1778,0.0348,-0.0537,0.9820,0.012,,,,,,,
120,Right,24,0.0000,0.0000,0.0203,0.0088,-0.0492,0.0008,0.9988,0.012,,,,,,,
120,Right,25,-0.0002,0.0012,0.0219,0.0000,0.0000,0.0000,1.0000,0.012,,,,,,,
121,Left,0,0.0024,-0.0053,0.0652,0.0000,0.0000,0.0000,1.0000,0.012,,,,,,,
121,Left,1,0.0000,0.0000,0.0000,0.0000,0.0000,0.0000,1.0000,0.012,0.3544,0.0520,0.0541,-0.0774,-0.4936,-0.8656,-0.0321
121,Left,2,0.0291,-0.0177,0.0353,-0.0646,0.3498,-0.5971,0.7190,0.012,,,,,,,
121,Left,3,0.0000,0.0000,0.0325,0.2053,-0.0516,0.0819,0.9739,0.012,,,,,,,
121,Left,4,0.0000,0.0000,0.0338,0.2349,0.0393,-0.0746,0.9683,0.012,,,,,,,
121,Left,5,-0.0007,0.0010,0.0246,0.0000,0.0000,0.0000,1.0000,0.012,,,,,,,
121,Left,6,0.0193,-0.0103,0.0368,0.0000,0.0000,0.0000,1.0000,0.012,,,,,,,
121,Left,7,0.0043,0.0030,0.0591,0.4850,0.0090,-0.0518,0.8729,0.012,,,,,,,
121,Left,8,0.0000,0.0000,0.0379,0.6750,0.0121,0.0226,0.7374,0.012,,,,,,,
121,Left,9,0.0000,0.0000,0.0243,0.4691,-0.0153,0.0168,0.8828,0.012,,,,,,,
121,Left,10,-0.0003,0.0010,0.0224,0.0000,0.0000,0.0000,1.0000,0.012,,,,,,,
121,Left,11,0.0031,-0.0081,0.0347,0.0000,0.0000,0.0000,1.0000,0.012,,,,,,,
121,Left,12,-0.0013,0.0055,0.0610,0.5496,-0.0283,0.0243,0.8346,0.012,,,,,,,
121,Left,13,0.0000,0.0000,0.0429,0.5780,0.0029,0.0129,0.8159,0.012,,,,,,,
121,Left,14,0.0000,0.0000,0.0275,0.4772,0.0204,0.0851,0.8744,0.012,,,,,,,
121,Left,15,-0.0003,0.0011,0.0250,0.0000,0.0000,0.0000,1.0000,0.012,,,,,,,
121,Left,16,-0.0150,-0.0060,0.0348,0.0000,0.0000,0.0000,1.0000,0.012,,,,,,,
121,Left,17,-0.0025,-0.0005,0.0539,0.5457,-0.0289,0.0747,0.8341,0.012,,,,,,,
121,Left,18,0.0000,0.0000,0.0390,0.6384,0.0191,0.0419,0.7683,0.012,,,,,,,
121,Left,19,0.0000,0.0000,0.0266,0.5291,0.0273,0.0288,0.8476,0.012,,,,,,,
121,Left,20,-0.0003,0.0016,0.0243,0.0000,0.0000,0.0000,1.0000,0.012,,,,,,,
121,Left,21,-0.0230,-0.0094,0.0341,0.0183,-0.1403,0.2070,0.9681,0.012,,,,,,,
121,Left,22,0.0000,0.0000,0.0457,0.4600,-0.0278,-0.0674,0.8849,0.012,,,,,,,
121,Left,23,0.0000,0.0000,0.0307,0.6628,-0.0058,0.0872,0.7436,0.012,,,,,,,
121,Left,24,0.0000,0.0000,0.0203,0.5395,0.0410,-0.0025,0.8410,0.012,,,,,,,
121,Left,25,0.0002,0.0012,0.0219,0.0000,0.0000,0.0000,1.0000,0.012,,,,,,,
121,Right,0,-0.0023,-0.0053,0.0652,0.0000,0.0000,0.0000,1.0000,0.012,,,,,,,
121,Right,1,0.0000,0.0000,0.0000,0.0000,0.0000,0.0000,1.0000,0.012,-0.0470,-0.2923,0.0843,0.2025,0.4463,0.8677,-0.0834
121,Right,2,-0.0289,-0.0181,0.0355,-0.0754,-0.3256,0.5996,0.7272,0.012,,,,,,,
121,Right,3,0.0000,0.0000,0.0325,0.2620,0.0459,-0.0809,0.9606,0.012,,,,,,,
121,Right,4,0.0000,0.0000,0.0338,0.1626,-0.0461,0.0775,0.9826,0.012,,,,,,,
121,Right,5,0.0007,0.0010,0.0246,0.0000,0.0000,0.0000,1.0000,0.012,,,,,,,
121,Right,6,-0.0192,-0.0105,0.0369,0.0000,0.0000,0.0000,1.0000,0.012,,,,,,,
121,Right,7,-0.0044,0.0032,0.0591,0.1900,0.0676,0.0260,0.9791,0.012,,,,,,,
121,Right,8,0.0000,0.0000,0.0379,0.2064,0.0017,-0.0263,0.9781,0.012,,,,,,,
121,Right,9,0.0000,0.0000,0.0243,0.0678,0.0249,-0.0167,0.9972,0.012,,,,,,,
121,Right,10,0.0003,0.0010,0.0224,0.0000,0.0000,0.0000,1.0000,0.012,,,,,,,
121,Right,11,-0.0029,-0.0081,0.0348,0.0000,0.0000,0.0000,1.0000,0.012,,,,,,,
121,Right,12,0.0012,0.0056,0.0609,0.2750,0.0749,-0.0256,0.9582,0.012,,,,,,,
121,Right,13,0.0000,0.0000,0.0429,0.1495,0.0026,-0.0121,0.9887,0.012,,,,,,,
121,Right,14,0.0000,0.0000,0.0275,0.0170,-0.0002,-0.0453,0.9988,0.012,,,,,,,
121,Right,15,0.0003,0.0011,0.0250,0.0000,0.0000,0.0000,1.0000,0.012,,,,,,,
121,Right,16,0.0150,-0.0060,0.0348,0.0000,0.0000,0.0000,1.0000,0.012,,,,,,,
121,Right,17,0.0025,-0.0005,0.0539,0.2112,0.0764,-0.0654,0.9722,0.012,,,,,,,
121,Right,18,0.0000,0.0000,0.0390,0.1417,-0.0018,-0.0367,0.9892,0.012,,,,,,,
121,Right,19,0.0000,0.0000,0.0266,0.0619,-0.0295,-0.0075,0.9976,0.012,,,,,,,
121,Right,20,0.0003,0.0016,0.0243,0.0000,0.0000,0.0000,1.0000,0.012,,,,,,,
121,Right,21,0.0230,-0.0094,0.0341,0.0183,0.1403,-0.2070,0.9681,0.012,,,,,,,
121,Right,22,0.0000,0.0000,0.0457,0.0881,-0.0124,0.0893,0.9920,0.012,,,,,,,
121,Right,23,0.0000,0.0000,0.0307,0.1778,0.0348,-0.0537,0.9820,0.012,,,,,,,
121,Right,24,0.0000,0.0000,0.0203,0.0088,-0.0492,0.0008,0.9988,0.012,,,,,,,
121,Right,25,-0.0002,0.0012,0.0219,0.0000,0.0000,0.0000,1.0000,0.012,,,,,,,
122,Left,0,0.0024,-0.0053,0.0652,0.0000,0.0000,0.0000,1.0000,0.012,,,,,,,
122,Left,1,0.0000,0.0000,0.0000,0.0000,0.0000,0.0000,1.0000,0.012,0.3544,0.0520,0.0541,-0.0774,-0.4936,-0.8656,-0.0321
122,Left,2,0.0291,-0.0177,0.0353,-0.0646,0.3498,-0.5971,0.7190,0.012,,,,,,,
122,Left,3,0.0000,0.0000,0.0325,0.2053,-0.0516,0.0819,0.9739,0.012,,,,,,,
122,Left,4,0.0000,0.0000,0.0338,0.2350,0.0393,-0.0746,0.9683,0.012,,,,,,,
122,Left,5,-0.0007,0.0010,0.0246,0.0000,0.0000,0.0000,1.0000,0.012,,,,,,,
122,Left,6,0.0193,-0.0103,0.0368,0.0000,0.0000,0.0000,1.0000,0.012,,,,,,,
122,Left,7,0.0043,0.0030,0.0591,0.4850,0.0090,-0.0518,0.8729,0.012,,,,,,,
122,Left,8,0.0000,0.0000,0.0379,0.6750,0.0121,0.0226,0.7374,0.012,,,,,,,
122,Left,9,0.0000,0.0000,0.0243,0.4691,-0.0153,0.0168,0.8828,0.012,,,,,,,
122,Left,10,-0.0003,0.0010,0.0224,0.0000,0.0000,0.0000,1.0000,0.012,,,,,,,
122,Left,11,0.0031,-0.0081,0.0347,0.0000,0.0000,0.0000,1.0000,0.012,,,,,,,
122,Left,12,-0.0013,0.0055,0.0610,0.5497,-0.0283,0.0243,0.8346,0.012,,,,,,,
122,Left,13,0.0000,0.0000,0.0429,0.5780,0.0029,0.0129,0.8159,0.012,,,,,,,
122,Left,14,0.0000,0.0000,0.0275,0.4772,0.0204,0.0851,0.8744,0.012,,,,,,,
122,Left,15,-0.0003,0.0011,0.0250,0.0000,0.0000,0.0000,1.0000,0.012,,,,,,,
122,Left,16,-0.0150,-0.0060,0.0348,0.0000,0.0000,0.0000,1.0000,0.012,,,,,,,
122,Left,17,-0.0025,-0.0005,0.0539,0.5458,-0.0289,0.0747,0.8341,0.012,,,,,,,
122,Left,18,0.0000,0.0000,0.0390,0.6384,0.0191,0.0419,0.7683,0.012,,,,,,,
122,Left,19,0.0000,0.0000,0.0266,0.5291,0.0273,0.0288,0.8476,0.012,,,,,,,
122,Left,20,-0.0003,0.0016,0.0243,0.0000,0.0000,0.0000,1.0000,0.012,,,,,,,
122,Left,21,-0.0230,-0.0094,0.0341,0.0183,-0.1403,0.2070,0.9681,0.012,,,,,,,
122,Left,22,0.0000,0.0000,0.0457,0.4600,-0.0278,-0.0674,0.8849,0.012,,,,,,,
122,Left,23,0.0000,0.0000,0.0307,0.6629,-0.0058,0.0872,0.7436,0.012,,,,,,,
122,Left,24,0.0000,0.0000,0.0203,0.5395,0.0410,-0.0025,0.8410,0.012,,,,,,,
122,Left,25,0.0002,0.0012,0.0219,0.0000,0.0000,0.0000,1.0000,0.012,,,,,,,
122,Right,0,-0.0023,-0.0053,0.0652,0.0000,0.0000,0.0000,1.0000,0.012,,,,,,,
122,Right,1,0.0000,0.0000,0.0000,0.0000,0.0000,0.0000,1.0000,0.012,-0.0470,-0.2923,0.0843,0.2025,0.4463,0.8677,-0.0834
122,Right,2,-0.0289,-0.0181,0.0355,-0.0754,-0.3256,0.5996,0.7271,0.012,,,,,,,
122,Right,3,0.0000,0.0000,0.0325,0.2620,0.0459,-0.0809,0.9606,0.012,,,,,,,
122,Right,4,0.0000,0.0000,0.0338,0.1626,-0.0461,0.0775,0.9826,0.012,,,,,,,
122,Right,5,0.0007,0.0010,0.0246,0.0000,0.0000,0.0000,1.0000,0.012,,,,,,,
122,Right,6,-0.0192,-0.0105,0.0369,0.0000,0.0000,0.0000,1.0000,0.012,,,,,,,
122,Right,7,-0.0044,0.0032,0.0591,0.1900,0.0676,0.0260,0.9791,0.012,,,,,,,
122,Right,8,0.0000,0.0000,0.0379,0.2064,0.0017,-0.0263,0.9781,0.012,,,,,,,
122,Right,9,0.0000,0.0000,0.0243,0.0678,0.0249,-0.0167,0.9972,0.012,,,,,,,
122,Right,10,0.0003,0.0010,0.0224,0.0000,0.0000,0.0000,1.0000,0.012,,,,,,,
122,Right,11,-0.0029,-0.0081,0.0348,0.0000,0.0000,0.0000,1.0000,0.012,,,,,,,
122,Right,12,0.0012,0.0056,0.0609,0.2750,0.0749,-0.0256,0.9582,0.012,,,,,,,
122,Right,13,0.0000,0.0000,0.0429,0.1495,0.0026,-0.0121,0.9887,0.012,,,,,,,
122,Right,14,0.0000,0.0000,0.0275,0.0170,-0.0002,-0.0453,0.9988,0.012,,,,,,,
122,Right,15,0.0003,0.0011,0.0250,0.0000,0.0000,0.0000,1.0000,0.012,,,,,,,
122,Right,16,0.0150,-0.0060,0.0348,0.0000,0.0000,0.0000,1.0000,0.012,,,,,,,
122,Right,17,0.0025,-0.0005,0.0539,0.2112,0.0764,-0.0654,0.9722,0.012,,,,,,,
122,Right,18,0.0000,0.0000,0.0390,0.1417,-0.0018,-0.0367,0.9892,0.012,,,,,,,
122,Right,19,0.0000,0.0000,0.0266,0.0619,-0.0295,-0.0075,0.9976,0.012,,,,,,,
122,Right,20,0.0003,0.0016,0.0243,0.0000,0.0000,0.0000,1.0000,0.012,,,,,,,
122,Right,21,0.0230,-0.0094,0.0341,0.0183,0.1403,-0.2070,0.9681,0.012,,,,,,,
122,Right,22,0.0000,0.0000,0.0457,0.0881,-0.0124,0.0893,0.9920,0.012,,,,,,,
122,Right,23,0.0000,0.0000,0.0307,0.1778,0.0348,-0.0537,0.9820,0.012,,,,,,,
122,Right,24,0.0000,0.0000,0.0203,0.0088,-0.0492,0.0008,0.9988,0.012,,,,,,,
122,Right,25,-0.0002,0.0012,0.0219,0.0000,0.0000,0.0000,1.0000,0.012,,,,,,,
123,Left,0,0.0024,-0.0053,0.0652,0.0000,0.0000,0.0000,1.0000,0.012,,,,,,,
123,Left,1,0.0000,0.0000,0.0000,0.0000,0.0000,0.0000,1.0000,0.012,0.3544,0.0520,0.0541,-0.0774,-0.4936,-0.8656,-0.0321
123,Left,2,0.0291,-0.0177,0.0353,-0.0646,0.3498,-0.5971,0.7190,0.012,,,,,,,
123,Left,3,0.0000,0.0000,0.0325,0.2053,-0.0516,0.0819,0.9739,0.012,,,,,,,
123,Left,4,0.0000,0.0000,0.0338,0.2350,0.0393,-0.0746,0.9683,0.012,,,,,,,
123,Left,5,-0.0007,0.0010,0.0246,0.0000,0.0000,0.0000,1.0000,0.012,,,,,,,
123,Left,6,0.0193,-0.0103,0.0368,0.0000,0.0000,0.0000,1.0000,0.012,,,,,,,
123,Left,7,0.0043,0.0030,0.0591,0.4850,0.0090,-0.0518,0.8729,0.012,,,,,,,
123,Left,8,0.0000,0.0000,0.0379,0.6750,0.0121,0.0226,0.7374,0.012,,,,,,,
123,Left,9,0.0000,0.0000,0.0243,0.4691,-0.0153,0.0168,0.8828,0.012,,,,,,,
123,Left,10,-0.0003,0.0010,0.0224,0.0000,0.0000,0.0000,1.0000,0.012,,,,,,,
123,Left,11,0.0031,-0.0081,0.0347,0.0000,0.0000,0.0000,1.0000,0.012,,,,,,,
123,Left,12,-0.0013,0.0055,0.0610,0.5497,-0.0283,0.0243,0.8346,0.012,,,,,,,
123,Left,13,0.0000,0.0000,0.0429,0.5780,0.0029,0.0129,0.8159,0.012,,,,,,,
123,Left,14,0.0000,0.0000,0.0275,0.4772,0.0204,0.0851,0.8744,0.012,,,,,,,
123,Left,15,-0.0003,0.0011,0.0250,0.0000,0.0000,0.0000,1.0000,0.012,,,,,,,
123,Left,16,-0.0150,-0.0060,0.0348,0.0000,0.0000,0.0000,1.0000,0.012,,,,,,,
123,Left,17,-0.0025,-0.0005,0.0539,0.5458,-0.0289,0.0747,0.8341,0.012,,,,,,,
123,Left,18,0.0000,0.0000,0.0390,0.6384,0.0191,0.0419,0.7683,0.012,,,,,,,
123,Left,19,0.0000,0.0000,0.0266,0.5291,0.0273,0.0288,0.8476,0.012,,,,,,,
123,Left,20,-0.0003,0.0016,0.0243,0.0000,0.0000,0.0000,1.0000,0.012,,,,,,,
123,Left,21,-0.0230,-0.0094,0.0341,0.0183,-0.1403,0.2070,0.9681,0.012,,,,,,,
123,Left,22,0.0000,0.0000,0.0457,0.4600,-0.0278,-0.0674,0.8849,0.012,,,,,,,
123,Left,23,0.0000,0.0000,0.0307,0.6629,-0.0058,0.0872,0.7436,0.012,,,,,,,
123,Left,24,0.0000,0.0000,0.0203,0.5395,0.0410,-0.0025,0.8410,0.012,,,,,,,
123,Left,25,0.0002,0.0012,0.0219,0.0000,0.0000,0.0000,1.0000,0.012,,,,,,,
123,Right,0,-0.0023,-0.0053,0.0652,0.0000,0.0000,0.0000,1.0000,0.012,,,,,,,
123,Right,1,0.0000,0.0000,0.0000,0.0000,0.0000,0.0000,1.0000,0.012,-0.0470,-0.2923,0.0843,0.2025,0.4463,0.8677,-0.0834
123,Right,2,-0.0289,-0.0181,0.0355,-0.0754,-0.3256,0.5996,0.7271,0.012,,,,,,,
123,Right,3,0.0000,0.0000,0.0325,0.2620,0.0459,-0.0809,0.9606,0.012,,,,,,,
123,Right,4,0.0000,0.0000,0.0338,0.1626,-0.0461,0.0775,0.9826,0.012,,,,,,,
123,Right,5,0.0007,0.0010,0.0246,0.0000,0.0000,0.0000,1.0000,0.012,,,,,,,
123,Right,6,-0.0192,-0.0105,0.0369,0.0000,0.0000,0.0000,1.0000,0.012,,,,,,,
123,Right,7,-0.0044,0.0032,0.0591,0.1900,0.0676,0.0260,0.9791,0.012,,,,,,,
123,Right,8,0.0000,0.0000,0.0379,0.2064,0.0017,-0.0263,0.9781,0.012,,,,,,,
123,Right,9,0.0000,0.0000,0.0243,0.0678,0.0249,-0.0167,0.9972,0.012,,,,,,,
123,Right,10,0.0003,0.0010,0.0224,0.0000,0.0000,0.0000,1.0000,0.012,,,,,,,
123,Right,11,-0.0029,-0.0081,0.0348,0.0000,0.0000,0.0000,1.0000,0.012,,,,,,,
123,Right,12,0.0012,0.0056,0.0609,0.2750,0.0749,-0.0256,0.9582,0.012,,,,,,,
123,Right,13,0.0000,0.0000,0.0429,0.1495,0.0026,-0.0121,0.9887,0.012,,,,,,,
123,Right,14,0.0000,0.0000,0.0275,0.0170,-0.0002,-0.0453,0.9988,0.012,,,,,,,
123,Right,15,0.0003,0.0011,0.0250,0.0000,0.0000,0.0000,1.0000,0.012,,,,,,,
123,Right,16,0.0150,-0.0060,0.0348,0.0000,0.0000,0.0000,1.0000,0.012,,,,,,,
123,Right,17,0.0025,-0.0005,0.0539,0.2112,0.0764,-0.0654,0.9722,0.012,,,,,,,
123,Right,18,0.0000,0.0000,0.0390,0.1417,-0.0018,-0.0367,0.9892,0.012,,,,,,,
123,Right,19,0.0000,0.0000,0.0266,0.0619,-0.0295,-0.0075,0.9976,0.012,,,,,,,
123,Right,20,0.0003,0.0016,0.0243,0.0000,0.0000,0.0000,1.0000,0.012,,,,,,,
123,Right,21,0.0230,-0.0094,0.0341,0.0183,0.1403,-0.2070,0.9681,0.012,,,,,,,
123,Right,22,0.0000,0.0000,0.0457,0.0881,-0.0124,0.0893,0.9920,0.012,,,,,,,
123,Right,23,0.0000,0.0000,0.0307,0.1778,0.0348,-0.0537,0.9820,0.012,,,,,,,
123,Right,24,0.0000,0.0000,0.0203,0.0088,-0.0492,0.0008,0.9988,0.012,,,,,,,
123,Right,25,-0.0002,0.0012,0.0219,0.0000,0.0000,0.0000,1.0000,0.012,,,,,,,
124,Left,0,0.0024,-0.0053,0.0652,0.0000,0.0000,0.0000,1.0000,0.012,,,,,,,
124,Left,1,0.0000,0.0000,0.0000,0.0000,0.0000,0.0000,1.0000,0.012,0.3544,0.0520,0.0541,-0.0774,-0.4936,-0.8656,-0.0321
124,Left,2,0.0291,-0.0177,0.0353,-0.0646,0.3498,-0.5971,0.7190,0.012,,,,,,,
124,Left,3,0.0000,0.0000,0.0325,0.2053,-0.0516,0.0819,0.9739,0.012,,,,,,,
124,Left,4,0.0000,0.0000,0.0338,0.2350,0.0393,-0.0746,0.9683,0.012,,,,,,,
124,Left,5,-0.0007,0.0010,0.0246,0.0000,0.0000,0.0000,1.0000,0.012,,,,,,,
124,Left,6,0.0193,-0.0103,0.0368,0.0000,0.0000,0.0000,1.0000,0.012,,,,,,,
124,Left,7,0.0043,0.0030,0.0591,0.4850,0.0090,-0.0518,0.8729,0.012,,,,,,,
124,Left,8,0.0000,0.0000,0.0379,0.6750,0.0121,0.0226,0.7374,0.012,,,,,,,
124,Left,9,0.0000,0.0000,0.0243,0.4692,-0.0153,0.0168,0.8828,0.012,,,,,,,
124,Left,10,-0.0003,0.0010,0.0224,0.0000,0.0000,0.0000,1.0000,0.012,,,,,,,
124,Left,11,0.0031,-0.0081,0.0347,0.0000,0.0000,0.0000,1.0000,0.012,,,,,,,
124,Left,12,-0.0013,0.0055,0.0610,0.5497,-0.0283,0.0243,0.8346,0.012,,,,,,,
124,Left,13,0.0000,0.0000,0.0429,0.5780,0.0029,0.0129,0.8159,0.012,,,,,,,
124,Left,14,0.0000,0.0000,0.0275,0.4772,0.0204,0.0851,0.8744,0.012,,,,,,,
124,Left,15,-0.0003,0.0011,0.0250,0.0000,0.0000,0.0000,1.0000,0.012,,,,,,,
124,Left,16,-0.0150,-0.0060,0.0348,0.0000,0.0000,0.0000,1.0000,0.012,,,,,,,
124,Left,17,-0.0025,-0.0005,0.0539,0.5458,-0.0289,0.0747,0.8341,0.012,,,,,,,
124,Left,18,0.0000,0.0000,0.0390,0.6384,0.0191,0.0419,0.7683,0.012,,,,,,,
124,Left,19,0.0000,0.0000,0.0266,0.5291,0.0273,0.0288,0.8476,0.012,,,,,,,
124,Left,20,-0.0003,0.0016,0.0243,0.0000,0.0000,0.0000,1.0000,0.012,,,,,,,
124,Left,21,-0.0230,-0.0094,0.0341,0.0183,-0.1403,0.2070,0.9681,0.012,,,,,,,
124,Left,22,0.0000,0.0000,0.0457,0.4600,-0.0278,-0.0674,0.8849,0.012,,,,,,,
124,Left,23,0.0000,0.0000,0.0307,0.6629,-0.0058,0.0872,0.7436,0.012,,,,,,,
124,Left,24,0.0000,0.0000,0.0203,0.5395,0.0410,-0.0025,0.8410,0.012,,,,,,,
124,Left,25,0.0002,0.0012,0.0219,0.0000,0.0000,0.0000,1.0000,0.012,,,,,,,
124,Right,0,-0.0023,-0.0053,0.0652,0.0000,0.0000,0.0000,1.0000,0.012,,,,,,,
124,Right,1,0.0000,0.0000,0.0000,0.0000,0.0000,0.0000,1.0000,0.012,-0.0470,-0.2923,0.0843,0.2025,0.4463,0.8677,-0.0834
124,Right,2,-0.0289,-0.0181,0.0355,-0.0754,-0.3256,0.5997,0.7271,0.012,,,,,,,
124,Right,3,0.0000,0.0000,0.0325,0.2620,0.0459,-0.0809,0.9606,0.012,,,,,,,
124,Right,4,0.0000,0.0000,0.0338,0.1626,-0.0461,0.0775,0.9826,0.012,,,,,,,
124,Right,5,0.0007,0.0010,0.0246,0.0000,0.0000,0.0000,1.0000,0.012,,,,,,,
124,Right,6,-0.0192,-0.0105,0.0369,0.0000,0.0000,0.0000,1.0000,0.012,,,,,,,
124,Right,7,-0.0044,0.0032,0.0591,0.1900,0.0676,0.0260,0.9791,0.012,,,,,,,
124,Right,8,0.0000,0.0000,0.0379,0.2064,0.0017,-0.0263,0.9781,0.012,,,,,,,
124,Right,9,0.0000,0.0000,0.0243,0.0678,0.0249,-0.0167,0.9972,0.012,,,,,,,
124,Right,10,0.0003,0.0010,0.0224,0.0000,0.0000,0.0000,1.0000,0.012,,,,,,,
124,Right,11,-0.0029,-0.0081,0.0348,0.0000,0.0000,0.0000,1.0000,0.012,,,,,,,
124,Right,12,0.0012,0.0056,0.0609,0.2750,0.0749,-0.0256,0.9582,0.012,,,,,,,
124,Right,13,0.0000,0.0000,0.0429,0.1495,0.0026,-0.0121,0.9887,0.012,,,,,,,
124,Right,14,0.0000,0.0000,0.0275,0.0170,-0.0002,-0.0453,0.9988,0.012,,,,,,,
124,Right,15,0.0003,0.0011,0.0250,0.0000,0.0000,0.0000,1.0000,0.012,,,,,,,
124,Right,16,0.0150,-0.0060,0.0348,0.0000,0.0000,0.0000,1.0000,0.012,,,,,,,
124,Right,17,0.0025,-0.0005,0.0539,0.2112,0.0764,-0.0654,0.9722,0.012,,,,,,,
124,Right,18,0.0000,0.0000,0.0390,0.1417,-0.0018,-0.0367,0.9892,0.012,,,,,,,
124,Right,19,0.0000,0.0000,0.0266,0.0619,-0.0295,-0.0075,0.9976,0.012,,,,,,,
124,Right,20,0.0003,0.0016,0.0243,0.0000,0.0000,0.0000,1.0000,0.012,,,,,,,
124,Right,21,0.0230,-0.0094,0.0341,0.0183,0.1403,-0.2070,0.9681,0.012,,,,,,,
124,Right,22,0.0000,0.0000,0.0457,0.0881,-0.0124,0.0893,0.9920,0.012,,,,,,,
124,Right,23,0.0000,0.0000,0.0307,0.1778,0.0348,-0.0537,0.9820,0.012,,,,,,,
124,Right,24,0.0000,0.0000,0.0203,0.0088,-0.0492,0.0008,0.9988,0.012,,,,,,,
124,Right,25,-0.0002,0.0012,0.0219,0.0000,0.0000,0.0000,1.0000,0.012,,,,,,,
125,Left,0,0.0024,-0.0053,0.0652,0.0000,0.0000,0.0000,1.0000,0.012,,,,,,,
125,Left,1,0.0000,0.0000,0.0000,0.0000,0.0000,0.0000,1.0000,0.012,0.3544,0.0520,0.0541,-0.0774,-0.4936,-0.8656,-0.0321
125,Left,2,0.0291,-0.0177,0.0353,-0.0646,0.3498,-0.5971,0.7190,0.012,,,,,,,
125,Left,3,0.0000,0.0000,0.0325,0.2053,-0.0516,0.0819,0.9739,0.012,,,,,,,
125,Left,4,0.0000,0.0000,0.0338,0.2350,0.0393,-0.0746,0.9683,0.012,,,,,,,
125,Left,5,-0.0007,0.0010,0.0246,0.0000,0.0000,0.0000,1.0000,0.012,,,,,,,
125,Left,6,0.0193,-0.0103,0.0368,0.0000,0.0000,0.0000,1.0000,0.012,,,,,,,
125,Left,7,0.0043,0.0030,0.0591,0.4850,0.0090,-0.0518,0.8729,0.012,,,,,,,
125,Left,8,0.0000,0.0000,0.0379,0.6750,0.0121,0.0226,0.7374,0.012,,,,,,,
125,Left,9,0.0000,0.0000,0.0243,0.4692,-0.0153,0.0168,0.8828,0.012,,,,,,,
125,Left,10,-0.0003,0.0010,0.0224,0.0000,0.0000,0.0000,1.0000,0.012,,,,,,,
125,Left,11,0.0031,-0.0081,0.0347,0.0000,0.0000,0.0000,1.0000,0.012,,,,,,,
125,Left,12,-0.0013,0.0055,0.0610,0.5497,-0.0283,0.0243,0.8345,0.012,,,,,,,
125,Left,13,0.0000,0.0000,0.0429,0.5780,0.0029,0.0129,0.8159,0.012,,,,,,,
125,Left,14,0.0000,0.0000,0.0275,0.4772,0.0204,0.0851,0.8744,0.012,,,,,,,
125,Left,15,-0.0003,0.0011,0.0250,0.0000,0.0000,0.0000,1.0000,0.012,,,,,,,
125,Left,16,-0.0150,-0.0060,0.0348,0.0000,0.0000,0.0000,1.0000,0.012,,,,,,,
125,Left,17,-0.0025,-0.0005,0.0539,0.5458,-0.0289,0.0747,0.8341,0.012,,,,,,,
125,Left,18,0.0000,0.0000,0.0390,0.6385,0.0191,0.0419,0.7683,0.012,,,,,,,
125,Left,19,0.0000,0.0000,0.0266,0.5291,0.0273,0.0288,0.8476,0.012,,,,,,,
125,Left,20,-0.0003,0.0016,0.0243,0.0000,0.0000,0.0000,1.0000,0.012,,,,,,,
125,Left,21,-0.0230,-0.0094,0.0341,0.0183,-0.1403,0.2070,0.9681,0.012,,,,,,,
125,Left,22,0.0000,0.0000,0.0457,0.4600,-0.0278,-0.0674,0.8849,0.012,,,,,,,
125,Left,23,0.0000,0.0000,0.0307,0.6629,-0.0058,0.0872,0.7436,0.012,,,,,,,
125,Left,24,0.0000,0.0000,0.0203,0.5395,0.0410,-0.0025,0.8410,0.012,,,,,,,
125,Left,25,0.0002,0.0012,0.0219,0.0000,0.0000,0.0000,1.0000,0.012,,,,,,,
125,Right,0,-0.0023,-0.0053,0.0652,0.0000,0.0000,0.0000,1.0000,0.012,,,,,,,
125,Right,1,0.0000,0.0000,0.0000,0.0000,0.0000,0.0000,1.0000,0.012,-0.0470,-0.2923,0.0843,0.2025,0.4463,0.8677,-0.0834
125,Right,2,-0.0289,-0.0181,0.0355,-0.0754,-0.3256,0.5997,0.7271,0.012,,,,,,,
125,Right,3,0.0000,0.0000,0.0325,0.2620,0.0459,-0.0809,0.9606,0.012,,,,,,,
125,Right,4,0.0000,0.0000,0.0338,0.1626,-0.0461,0.0775,0.9826,0.012,,,,,,,
125,Right,5,0.0007,0.0010,0.0246,0.0000,0.0000,0.0000,1.0000,0.012,,,,,,,
125,Right,6,-0.0192,-0.0105,0.0369,0.0000,0.0000,0.0000,1.0000,0.012,,,,,,,
125,Right,7,-0.0044,0.0032,0.0591,0.1900,0.0676,0.0260,0.9791,0.012,,,,,,,
125,Right,8,0.0000,0.0000,0.0379,0.2064,0.0017,-0.0263,0.9781,0.012,,,,,,,
125,Right,9,0.0000,0.0000,0.0243,0.0678,0.0249,-0.0167,0.9972,0.012,,,,,,,
125,Right,10,0.0003,0.0010,0.0224,0.0000,0.0000,0.0000,1.0000,0.012,,,,,,,
125,Right,11,-0.0029,-0.0081,0.0348,0.0000,0.0000,0.0000,1.0000,0.012,,,,,,,
125,Right,12,0.0012,0.0056,0.0609,0.2750,0.0749,-0.0256,0.9582,0.012,,,,,,,
125,Right,13,0.0000,0.0000,0.0429,0.1495,0.0026,-0.0121,0.9887,0.012,,,,,,,
125,Right,14,0.0000,0.0000,0.0275,0.0170,-0.0002,-0.0453,0.9988,0.012,,,,,,,
125,Right,15,0.0003,0.0011,0.0250,0.0000,0.0000,0.0000,1.0000,0.012,,,,,,,
125,Right,16,0.0150,-0.0060,0.0348,0.0000,0.0000,0.0000,1.0000,0.012,,,,,,,
125,Right,17,0.0025,-0.0005,0.0539,0.2112,0.0764,-0.0654,0.9722,0.012,,,,,,,
125,Right,18,0.0000,0.0000,0.0390,0.1417,-0.0018,-0.0367,0.9892,0.012,,,,,,,
125,Right,19,0.0000,0.0000,0.0266,0.0619,-0.0295,-0.0075,0.9976,0.012,,,,,,,
125,Right,20,0.0003,0.0016,0.0243,0.0000,0.0000,0.0000,1.0000,0.012,,,,,,,
125,Right,21,0.0230,-0.0094,0.0341,0.0183,0.1403,-0.2070,0.9681,0.012,,,,,,,
125,Right,22,0.0000,0.0000,0.0457,0.0881,-0.0124,0.0893,0.9920,0.012,,,,,,,
125,Right,23,0.0000,0.0000,0.0307,0.1778,0.0348,-0.0537,0.9820,0.012,,,,,,,
125,Right,24,0.0000,0.0000,0.0203,0.0088,-0.0492,0.0008,0.9988,0.012,,,,,,,
125,Right,25,-0.0002,0.0012,0.0219,0.0000,0.0000,0.0000,1.0000,0.012,,,,,,,
126,Left,0,0.0024,-0.0053,0.0652,0.0000,0.0000,0.0000,1.0000,0.012,,,,,,,
126,Left,1,0.0000,0.0000,0.0000,0.0000,0.0000,0.0000,1.0000,0.012,0.3543,0.0520,0.0540,-0.0774,-0.4936,-0.8656,-0.0321
126,Left,2,0.0291,-0.0177,0.0353,-0.0646,0.3498,-0.5971,0.7190,0.012,,,,,,,
126,Left,3,0.0000,0.0000,0.0325,0.2053,-0.0516,0.0819,0.9739,0.012,,,,,,,
126,Left,4,0.0000,0.0000,0.0338,0.2350,0.0393,-0.0746,0.9683,0.012,,,,,,,
126,Left,5,-0.0007,0.0010,0.0246,0.0000,0.0000,0.0000,1.0000,0.012,,,,,,,
126,Left,6,0.0193,-0.0103,0.0368,0.0000,0.0000,0.0000,1.0000,0.012,,,,,,,
126,Left,7,0.0043,0.0030,0.0591,0.4850,0.0090,-0.0518,0.8729,0.012,,,,,,,
126,Left,8,0.0000,0.0000,0.0379,0.6750,0.0121,0.0226,0.7374,0.012,,,,,,,
126,Left,9,0.0000,0.0000,0.0243,0.4692,-0.0153,0.0168,0.8828,0.012,,,,,,,
126,Left,10,-0.0003,0.0010,0.0224,0.0000,0.0000,0.0000,1.0000,0.012,,,,,,,
126,Left,11,0.0031,-0.0081,0.0347,0.0000,0.0000,0.0000,1.0000,0.012,,,,,,,
126,Left,12,-0.0013,0.0055,0.0610,0.5497,-0.0283,0.0243,0.8345,0.012,,,,,,,
126,Left,13,0.0000,0.0000,0.0429,0.5780,0.0029,0.0129,0.8159,0.012,,,,,,,
126,Left,14,0.0000,0.0000,0.0275,0.4773,0.0204,0.0851,0.8744,0.012,,,,,,,
126,Left,15,-0.0003,0.0011,0.0250,0.0000,0.0000,0.0000,1.0000,0.012,,,,,,,
126,Left,16,-0.0150,-0.0060,0.0348,0.0000,0.0000,0.0000,1.0000,0.012,,,,,,,
126,Left,17,-0.0025,-0.0005,0.0539,0.5458,-0.0289,0.0747,0.8341,0.012,,,,,,,
126,Left,18,0.0000,0.0000,0.0390,0.6385,0.0191,0.0419,0.7683,0.012,,,,,,,
126,Left,19,0.0000,0.0000,0.0266,0.5292,0.0273,0.0288,0.8476,0.012,,,,,,,
126,Left,20,-0.0003,0.0016,0.0243,0.0000,0.0000,0.0000,1.0000,0.012,,,,,,,
126,Left,21,-0.0230,-0.0094,0.0341,0.0183,-0.1403,0.2070,0.9681,0.012,,,,,,,
126,Left,22,0.0000,0.0000,0.0457,0.4600,-0.0278,-0.0674,0.8849,0.012,,,,,,,
126,Left,23,0.0000,0.0000,0.0307,0.6629,-0.0058,0.0872,0.7436,0.012,,,,,,,
126,Left,24,0.0000,0.0000,0.0203,0.5395,0.0410,-0.0025,0.8410,0.012,,,,,,,
126,Left,25,0.0002,0.0012,0.0219,0.0000,0.0000,0.0000,1.0000,0.012,,,,,,,
126,Right,0,-0.0023,-0.0053,0.0652,0.0000,0.0000,0.0000,1.0000,0.012,,,,,,,
126,Right,1,0.0000,0.0000,0.0000,0.0000,0.0000,0.0000,1.0000,0.012,-0.0470,-0.2923,0.0843,0.2025,0.4463,0.8677,-0.0834
126,Right,2,-0.0289,-0.0181,0.0355,-0.0754,-0.3256,0.5997,0.7271,0.012,,,,,,,
126,Right,3,0.0000,0.0000,0.0325,0.2620,0.0459,-0.0809,0.9606,0.012,,,,,,,
126,Right,4,0.0000,0.0000,0.0338,0.1626,-0.0461,0.0775,0.9826,0.012,,,,,,,
126,Right,5,0.0007,0.0010,0.0246,0.0000,0.0000,0.0000,1.0000,0.012,,,,,,,
126,Right,6,-0.0192,-0.0105,0.0369,0.0000,0.0000,0.0000,1.0000,0.012,,,,,,,
126,Right,7,-0.0044,0.0032,0.0591,0.1900,0.0676,0.0260,0.9791,0.012,,,,,,,
126,Right,8,0.0000,0.0000,0.0379,0.2064,0.0017,-0.0263,0.9781,0.012,,,,,,,
126,Right,9,0.0000,0.0000,0.0243,0.0678,0.0249,-0.0167,0.9972,0.012,,,,,,,
126,Right,10,0.0003,0.0010,0.0224,0.0000,0.0000,0.0000,1.0000,0.012,,,,,,,
126,Right,11,-0.0029,-0.0081,0.0348,0.0000,0.0000,0.0000,1.0000,0.012,,,,,,,
126,Right,12,0.0012,0.0056,0.0609,0.2750,0.0749,-0.0256,0.9582,0.012,,,,,,,
126,Right,13,0.0000,0.0000,0.0429,0.1495,0.0026,-0.0121,0.9887,0.012,,,,,,,
126,Right,14,0.0000,0.0000,0.0275,0.0170,-0.0002,-0.0453,0.9988,0.012,,,,,,,
126,Right,15,0.0003,0.0011,0.0250,0.0000,0.0000,0.0000,1.0000,0.012,,,,,,,
126,Right,16,0.0150,-0.0060,0.0348,0.0000,0.0000,0.0000,1.0000,0.012,,,,,,,
126,Right,17,0.0025,-0.0005,0.0539,0.2112,0.0764,-0.0654,0.9722,0.012,,,,,,,
126,Right,18,0.0000,0.0000,0.0390,0.1417,-0.0018,-0.0367,0.9892,0.012,,,,,,,
126,Right,19,0.0000,0.0000,0.0266,0.0619,-0.0295,-0.0075,0.9976,0.012,,,,,,,
126,Right,20,0.0003,0.0016,0.0243,0.0000,0.0000,0.0000,1.0000,0.012,,,,,,,
126,Right,21,0.0230,-0.0094,0.0341,0.0183,0.1403,-0.2070,0.9681,0.012,,,,,,,
126,Right,22,0.0000,0.0000,0.0457,0.0881,-0.0124,0.0893,0.9920,0.012,,,,,,,
126,Right,23,0.0000,0.0000,0.0307,0.1778,0.0348,-0.0537,0.9820,0.012,,,,,,,
126,Right,24,0.0000,0.0000,0.0203,0.0088,-0.0492,0.0008,0.9988,0.012,,,,,,,
126,Right,25,-0.0002,0.0012,0.0219,0.0000,0.0000,0.0000,1.0000,0.012,,,,,,,
127,Left,0,0.0024,-0.0053,0.0652,0.0000,0.0000,0.0000,1.0000,0.012,,,,,,,
127,Left,1,0.0000,0.0000,0.0000,0.0000,0.0000,0.0000,1.0000,0.012,0.3543,0.0520,0.0540,-0.0774,-0.4936,-0.8656,-0.0321
127,Left,2,0.0291,-0.0177,0.0353,-0.0646,0.3498,-0.5971,0.7190,0.012,,,,,,,
127,Left,3,0.0000,0.0000,0.0325,0.2053,-0.0516,0.0819,0.9739,0.012,,,,,,,
127,Left,4,0.0000,0.0000,0.0338,0.2350,0.0393,-0.0746,0.9683,0.012,,,,,,,
127,Left,5,-0.0007,0.0010,0.0246,0.0000,0.0000,0.0000,1.0000,0.012,,,,,,,
127,Left,6,0.0193,-0.0103,0.0368,0.0000,0.0000,0.0000,1.0000,0.012,,,,,,,
127,Left,7,0.0043,0.0030,0.0591,0.4850,0.0090,-0.0518,0.8729,0.012,,,,,,,
127,Left,8,0.0000,0.0000,0.0379,0.6750,0.0121,0.0226,0.7374,0.012,,,,,,,
127,Left,9,0.0000,0.0000,0.0243,0.4692,-0.0153,0.0168,0.8828,0.012,,,,,,,
127,Left,10,-0.0003,0.0010,0.0224,0.0000,0.0000,0.0000,1.0000,0.012,,,,,,,
127,Left,11,0.0031,-0.0081,0.0347,0.0000,0.0000,0.0000,1.0000,0.012,,,,,,,
127,Left,12,-0.0013,0.0055,0.0610,0.5497,-0.0283,0.0243,0.8345,0.012,,,,,,,
127,Left,13,0.0000,0.0000,0.0429,0.5780,0.0029,0.0129,0.8159,0.012,,,,,,,
127,Left,14,0.0000,0.0000,0.0275,0.4773,0.0204,0.0851,0.8744,0.012,,,,,,,
127,Left,15,-0.0003,0.0011,0.0250,0.0000,0.0000,0.0000,1.0000,0.012,,,,,,,
127,Left,16,-0.0150,-0.0060,0.0348,0.0000,0.0000,0.0000,1.0000,0.012,,,,,,,
127,Left,17,-0.0025,-0.0005,0.0539,0.5458,-0.0289,0.0747,0.8341,0.012,,,,,,,
127,Left,18,0.0000,0.0000,0.0390,0.6385,0.0191,0.0419,0.7683,0.012,,,,,,,
127,Left,19,0.0000,0.0000,0.0266,0.5292,0.0273,0.0288,0.8476,0.012,,,,,,,
127,Left,20,-0.0003,0.0016,0.0243,0.0000,0.0000,0.0000,1.0000,0.012,,,,,,,
127,Left,21,-0.0230,-0.0094,0.0341,0.0183,-0.1403,0.2070,0.9681,0.012,,,,,,,
127,Left,22,0.0000,0.0000,0.0457,0.4600,-0.0278,-0.0674,0.8849,0.012,,,,,,,
127,Left,23,0.0000,0.0000,0.0307,0.6629,-0.0058,0.0872,0.7436,0.012,,,,,,,
127,Left,24,0.0000,0.0000,0.0203,0.5395,0.0410,-0.0025,0.8410,0.012,,,,,,,
127,Left,25,0.0002,0.0012,0.0219,0.0000,0.0000,0.0000,1.0000,0.012,,,,,,,
127,Right,0,-0.0023,-0.0053,0.0652,0.0000,0.0000,0.0000,1.0000,0.012,,,,,,,
127,Right,1,0.0000,0.0000,0.0000,0.0000,0.0000,0.0000,1.0000,0.012,-0.0470,-0.2923,0.0843,0.2025,0.4463,0.8677,-0.0834
127,Right,2,-0.0289,-0.0181,0.0355,-0.0754,-0.3256,0.5997,0.7271,0.012,,,,,,,
127,Right,3,0.0000,0.0000,0.0325,0.2620,0.0459,-0.0809,0.9606,0.012,,,,,,,
127,Right,4,0.0000,0.0000,0.0338,0.1626,-0.0461,0.0775,0.9826,0.012,,,,,,,
127,Right,5,0.0007,0.0010,0.0246,0.0000,0.0000,0.0000,1.0000,0.012,,,,,,,
127,Right,6,-0.0192,-0.0105,0.0369,0.0000,0.0000,0.0000,1.0000,0.012,,,,,,,
127,Right,7,-0.0044,0.0032,0.0591,0.1900,0.0676,0.0260,0.9791,0.012,,,,,,,
127,Right,8,0.0000,0.0000,0.0379,0.2064,0.0017,-0.0263,0.9781,0.012,,,,,,,
127,Right,9,0.0000,0.0000,0.0243,0.0678,0.0249,-0.0167,0.9972,0.012,,,,,,,
127,Right,10,0.0003,0.0010,0.0224,0.0000,0.0000,0.0000,1.0000,0.012,,,,,,,
127,Right,11,-0.0029,-0.0081,0.0348,0.0000,0.0000,0.0000,1.0000,0.012,,,,,,,
127,Right,12,0.0012,0.0056,0.0609,0.2750,0.0749,-0.0256,0.9582,0.012,,,,,,,
127,Right,13,0.0000,0.0000,0.0429,0.1495,0.0026,-0.0121,0.9887,0.012,,,,,,,
127,Right,14,0.0000,0.0000,0.0275,0.0170,-0.0002,-0.0453,0.9988,0.012,,,,,,,
127,Right,15,0.0003,0.0011,0.0250,0.0000,0.0000,0.0000,1.0000,0.012,,,,,,,
127,Right,16,0.0150,-0.0060,0.0348,0.0000,0.0000,0.0000,1.0000,0.012,,,,,,,
127,Right,17,0.0025,-0.0005,0.0539,0.2112,0.0764,-0.0654,0.9722,0.012,,,,,,,
127,Right,18,0.0000,0.0000,0.0390,0.1417,-0.0018,-0.0367,0.9892,0.012,,,,,,,
127,Right,19,0.0000,0.0000,0.0266,0.0619,-0.0295,-0.0075,0.9976,0.012,,,,,,,
127,Right,20,0.0003,0.0016,0.0243,0.0000,0.0000,0.0000,1.0000,0.012,,,,,,,
127,Right,21,0.0230,-0.0094,0.0341,0.0183,0.1403,-0.2070,0.9681,0.012,,,,,,,
127,Right,22,0.0000,0.0000,0.0457,0.0881,-0.0124,0.0893,0.9920,0.012,,,,,,,
127,Right,23,0.0000,0.0000,0.0307,0.1778,0.0348,-0.0537,0.9820,0.012,,,,,,,
127,Right,24,0.0000,0.0000,0.0203,0.0088,-0.0492,0.0008,0.9988,0.012,,,,,,,
127,Right,25,-0.0002,0.0012,0.0219,0.0000,0.0000,0.0000,1.0000,0.012,,,,,,,
128,Left,0,0.0024,-0.0053,0.0652,0.0000,0.0000,0.0000,1.0000,0.013,,,,,,,
128,Left,1,0.0000,0.0000,0.0000,0.0000,0.0000,0.0000,1.0000,0.013,0.3543,0.0520,0.0540,-0.0774,-0.4936,-0.8656,-0.0321
128,Left,2,0.0291,-0.0177,0.0353,-0.0646,0.3498,-0.5971,0.7190,0.013,,,,,,,
128,Left,3,0.0000,0.0000,0.0325,0.2053,-0.0516,0.0819,0.9739,0.013,,,,,,,
128,Left,4,0.0000,0.0000,0.0338,0.2350,0.0393,-0.0746,0.9683,0.013,,,,,,,
128,Left,5,-0.0007,0.0010,0.0246,0.0000,0.0000,0.0000,1.0000,0.013,,,,,,,
128,Left,6,0.0193,-0.0103,0.0368,0.0000,0.0000,0.0000,1.0000,0.013,,,,,,,
128,Left,7,0.0043,0.0030,0.0591,0.4850,0.0090,-0.0518,0.8729,0.013,,,,,,,
128,Left,8,0.0000,0.0000,0.0379,0.6750,0.0121,0.0226,0.7374,0.013,,,,,,,
128,Left,9,0.0000,0.0000,0.0243,0.4692,-0.0153,0.0168,0.8828,0.013,,,,,,,
128,Left,10,-0.0003,0.0010,0.0224,0.0000,0.0000,0.0000,1.0000,0.013,,,,,,,
128,Left,11,0.0031,-0.0081,0.0347,0.0000,0.0000,0.0000,1.0000,0.013,,,,,,,
128,Left,12,-0.0013,0.0055,0.0610,0.5497,-0.0283,0.0243,0.8345,0.013,,,,,,,
128,Left,13,0.0000,0.0000,0.0429,0.5780,0.0029,0.0129,0.8159,0.013,,,,,,,
128,Left,14,0.0000,0.0000,0.0275,0.4773,0.0204,0.0851,0.8744,0.013,,,,,,,
128,Left,15,-0.0003,0.0011,0.0250,0.0000,0.0000,0.0000,1.0000,0.013,,,,,,,
128,Left,16,-0.0150,-0.0060,0.0348,0.0000,0.0000,0.0000,1.0000,0.013,,,,,,,
128,Left,17,-0.0025,-0.0005,0.0539,0.5458,-0.0289,0.0747,0.8341,0.013,,,,,,,
128,Left,18,0.0000,0.0000,0.0390,0.6385,0.0191,0.0419,0.7683,0.013,,,,,,,
128,Left,19,0.0000,0.0000,0.0266,0.5292,0.0273,0.0288,0.8476,0.013,,,,,,,
128,Left,20,-0.0003,0.0016,0.0243,0.0000,0.0000,0.0000,1.0000,0.013,,,,,,,
128,Left,21,-0.0230,-0.0094,0.0341,0.0183,-0.1403,0.2070,0.9681,0.013,,,,,,,
128,Left,22,0.0000,0.0000,0.0457,0.4600,-0.0278,-0.0674,0.8849,0.013,,,,,,,
128,Left,23,0.0000,0.0000,0.0307,0.6629,-0.0058,0.0872,0.7436,0.013,,,,,,,
128,Left,24,0.0000,0.0000,0.0203,0.5395,0.0410,-0.0025,0.8410,0.013,,,,,,,
128,Left,25,0.0002,0.0012,0.0219,0.0000,0.0000,0.0000,1.0000,0.013,,,,,,,
128,Right,0,-0.0023,-0.0053,0.0652,0.0000,0.0000,0.0000,1.0000,0.013,,,,,,,
128,Right,1,0.0000,0.0000,0.0000,0.0000,0.0000,0.0000,1.0000,0.013,-0.0470,-0.2923,0.0843,0.2025,0.4463,0.8677,-0.0834
128,Right,2,-0.0289,-0.0181,0.0355,-0.0754,-0.3256,0.5997,0.7271,0.013,,,,,,,
128,Right,3,0.0000,0.0000,0.0325,0.2620,0.0459,-0.0809,0.9606,0.013,,,,,,,
128,Right,4,0.0000,0.0000,0.0338,0.1626,-0.0461,0.0775,0.9826,0.013,,,,,,,
128,Right,5,0.0007,0.0010,0.0246,0.0000,0.0000,0.0000,1.0000,0.013,,,,,,,
128,Right,6,-0.0192,-0.0105,0.0369,0.0000,0.0000,0.0000,1.0000,0.013,,,,,,,
128,Right,7,-0.0044,0.0032,0.0591,0.1900,0.0676,0.0260,0.9791,0.013,,,,,,,
128,Right,8,0.0000,0.0000,0.0379,0.2064,0.0017,-0.0263,0.9781,0.013,,,,,,,
128,Right,9,0.0000,0.0000,0.0243,0.0678,0.0249,-0.0167,0.9972,0.013,,,,,,,
128,Right,10,0.0003,0.0010,0.0224,0.0000,0.0000,0.0000,1.0000,0.013,,,,,,,
128,Right,11,-0.0029,-0.0081,0.0348,0.0000,0.0000,0.0000,1.0000,0.013,,,,,,,
128,Right,12,0.0012,0.0056,0.0609,0.2750,0.0749,-0.0256,0.9582,0.013,,,,,,,
128,Right,13,0.0000,0.0000,0.0429,0.1495,0.0026,-0.0121,0.9887,0.013,,,,,,,
128,Right,14,0.0000,0.0000,0.0275,0.0170,-0.0002,-0.0453,0.9988,0.013,,,,,,,
128,Right,15,0.0003,0.0011,0.0250,0.0000,0.0000,0.0000,1.0000,0.013,,,,,,,
128,Right,16,0.0150,-0.0060,0.0348,0.0000,0.0000,0.0000,1.0000,0.013,,,,,,,
128,Right,17,0.0025,-0.0005,0.0539,0.2112,0.0764,-0.0654,0.9722,0.013,,,,,,,
128,Right,18,0.0000,0.0000,0.0390,0.1417,-0.0018,-0.0367,0.9892,0.013,,,,,,,
128,Right,19,0.0000,0.0000,0.0266,0.0619,-0.0295,-0.0075,0.9976,0.013,,,,,,,
128,Right,20,0.0003,0.0016,0.0243,0.0000,0.0000,0.0000,1.0000,0.013,,,,,,,
128,Right,21,0.0230,-0.0094,0.0341,0.0183,0.1403,-0.2070,0.9681,0.013,,,,,,,
128,Right,22,0.0000,0.0000,0.0457,0.0881,-0.0124,0.0893,0.9920,0.013,,,,,,,
128,Right,23,0.0000,0.0000,0.0307,0.1778,0.0348,-0.0537,0.9820,0.013,,,,,,,
128,Right,24,0.0000,0.0000,0.0203,0.0088,-0.0492,0.0008,0.9988,0.013,,,,,,,
128,Right,25,-0.0002,0.0012,0.0219,0.0000,0.0000,0.0000,1.0000,0.013,,,,,,,
129,Left,0,0.0024,-0.0053,0.0652,0.0000,0.0000,0.0000,1.0000,0.013,,,,,,,
129,Left,1,0.0000,0.0000,0.0000,0.0000,0.0000,0.0000,1.0000,0.013,0.3543,0.0520,0.0540,-0.0774,-0.4936,-0.8656,-0.0321
129,Left,2,0.0291,-0.0177,0.0353,-0.0646,0.3498,-0.5971,0.7190,0.013,,,,,,,
129,Left,3,0.0000,0.0000,0.0325,0.2053,-0.0516,0.0819,0.9739,0.013,,,,,,,
129,Left,4,0.0000,0.0000,0.0338,0.2350,0.0393,-0.0746,0.9683,0.013,,,,,,,
129,Left,5,-0.0007,0.0010,0.0246,0.0000,0.0000,0.0000,1.0000,0.013,,,,,,,
129,Left,6,0.0193,-0.0103,0.0368,0.0000,0.0000,0.0000,1.0000,0.013,,,,,,,
129,Left,7,0.0043,0.0030,0.0591,0.4850,0.0090,-0.0518,0.8729,0.013,,,,,,,
129,Left,8,0.0000,0.0000,0.0379,0.6750,0.0121,0.0226,0.7374,0.013,,,,,,,
129,Left,9,0.0000,0.0000,0.0243,0.4692,-0.0153,0.0168,0.8828,0.013,,,,,,,
129,Left,10,-0.0003,0.0010,0.0224,0.0000,0.0000,0.0000,1.0000,0.013,,,,,,,
129,Left,11,0.0031,-0.0081,0.0347,0.0000,0.0000,0.0000,1.0000,0.013,,,,,,,
129,Left,12,-0.0013,0.0055,0.0610,0.5497,-0.0283,0.0243,0.8345,0.013,,,,,,,
129,Left,13,0.0000,0.0000,0.0429,0.5780,0.0029,0.0129,0.8159,0.013,,,,,,,
129,Left,14,0.0000,0.0000,0.0275,0.4773,0.0204,0.0851,0.8744,0.013,,,,,,,
129,Left,15,-0.0003,0.0011,0.0250,0.0000,0.0000,0.0000,1.0000,0.013,,,,,,,
129,Left,16,-0.0150,-0.0060,0.0348,0.0000,0.0000,0.0000,1.0000,0.013,,,,,,,
129,Left,17,-0.0025,-0.0005,0.0539,0.5458,-0.0289,0.0747,0.8341,0.013,,,,,,,
129,Left,18,0.0000,0.0000,0.0390,0.6385,0.0191,0.0419,0.7682,0.013,,,,,,,
129,Left,19,0.0000,0.0000,0.0266,0.5292,0.0273,0.0288,0.8476,0.013,,,,,,,
129,Left,20,-0.0003,0.0016,0.0243,0.0000,0.0000,0.0000,1.0000,0.013,,,,,,,
129,Left,21,-0.0230,-0.0094,0.0341,0.0183,-0.1403,0.2070,0.9681,0.013,,,,,,,
129,Left,22,0.0000,0.0000,0.0457,0.4601,-0.0278,-0.0674,0.8849,0.013,,,,,,,
129,Left,23,0.0000,0.0000,0.0307,0.6629,-0.0058,0.0872,0.7436,0.013,,,,,,,
129,Left,24,0.0000,0.0000,0.0203,0.5395,0.0410,-0.0025,0.8410,0.013,,,,,,,
129,Left,25,0.0002,0.0012,0.0219,0.0000,0.0000,0.0000,1.0000,0.013,,,,,,,
129,Right,0,-0.0023,-0.0053,0.0652,0.0000,0.0000,0.0000,1.0000,0.013,,,,,,,
129,Right,1,0.0000,0.0000,0.0000,0.0000,0.0000,0.0000,1.0000,0.013,-0.0470,-0.2923,0.0843,0.2025,0.4463,0.8677,-0.0834
129,Right,2,-0.0289,-0.0181,0.0355,-0.0753,-0.3256,0.5997,0.7271,0.013,,,,,,,
129,Right,3,0.0000,0.0000,0.0325,0.2620,0.0459,-0.0809,0.9606,0.013,,,,,,,
129,Right,4,0.0000,0.0000,0.0338,0.1626,-0.0461,0.0775,0.9826,0.013,,,,,,,
129,Right,5,0.0007,0.0010,0.0246,0.0000,0.0000,0.0000,1.0000,0.013,,,,,,,
129,Right,6,-0.0192,-0.0105,0.0369,0.0000,0.0000,0.0000,1.0000,0.013,,,,,,,
129,Right,7,-0.0044,0.0032,0.0591,0.1900,0.0676,0.0260,0.9791,0.013,,,,,,,
129,Right,8,0.0000,0.0000,0.0379,0.2064,0.0017,-0.0263,0.9781,0.013,,,,,,,
129,Right,9,0.0000,0.0000,0.0243,0.0678,0.0249,-0.0167,0.9972,0.013,,,,,,,
129,Right,10,0.0003,0.0010,0.0224,0.0000,0.0000,0.0000,1.0000,0.013,,,,,,,
129,Right,11,-0.0029,-0.0081,0.0348,0.0000,0.0000,0.0000,1.0000,0.013,,,,,,,
129,Right,12,0.0012,0.0056,0.0609,0.2750,0.0749,-0.0256,0.9582,0.013,,,,,,,
129,Right,13,0.0000,0.0000,0.0429,0.1495,0.0026,-0.0121,0.9887,0.013,,,,,,,
129,Right,14,0.0000,0.0000,0.0275,0.0170,-0.0002,-0.0453,0.9988,0.013,,,,,,,
129,Right,15,0.0003,0.0011,0.0250,0.0000,0.0000,0.0000,1.0000,0.013,,,,,,,
129,Right,16,0.0150,-0.0060,0.0348,0.0000,0.0000,0.0000,1.0000,0.013,,,,,,,
129,Right,17,0.0025,-0.0005,0.0539,0.2112,0.0764,-0.0654,0.9722,0.013,,,,,,,
129,Right,18,0.0000,0.0000,0.0390,0.1417,-0.0018,-0.0367,0.9892,0.013,,,,,,,
129,Right,19,0.0000,0.0000,0.0266,0.0619,-0.0295,-0.0075,0.9976,0.013,,,,,,,
129,Right,20,0.0003,0.0016,0.0243,0.0000,0.0000,0.0000,1.0000,0.013,,,,,,,
129,Right,21,0.0230,-0.0094,0.0341,0.0183,0.1403,-0.2070,0.9681,0.013,,,,,,,
129,Right,22,0.0000,0.0000,0.0457,0.0881,-0.0124,0.0893,0.9920,0.013,,,,,,,
129,Right,23,0.0000,0.0000,0.0307,0.1778,0.0348,-0.0537,0.9820,0.013,,,,,,,
129,Right,24,0.0000,0.0000,0.0203,0.0088,-0.0492,0.0008,0.9988,0.013,,,,,,,
129,Right,25,-0.0002,0.0012,0.0219,0.0000,0.0000,0.0000,1.0000,0.013,,,,,,,
130,Left,0,0.0024,-0.0053,0.0652,0.0000,0.0000,0.0000,1.0000,0.013,,,,,,,
130,Left,1,0.0000,0.0000,0.0000,0.0000,0.0000,0.0000,1.0000,0.013,0.3543,0.0520,0.0540,-0.0774,-0.4936,-0.8656,-0.0321
130,Left,2,0.0291,-0.0177,0.0353,-0.0646,0.3498,-0.5971,0.7190,0.013,,,,,,,
130,Left,3,0.0000,0.0000,0.0325,0.2053,-0.0516,0.0819,0.9739,0.013,,,,,,,
130,Left,4,0.0000,0.0000,0.0338,0.2350,0.0393,-0.0746,0.9683,0.013,,,,,,,
130,Left,5,-0.0007,0.0010,0.0246,0.0000,0.0000,0.0000,1.0000,0.013,,,,,,,
130,Left,6,0.0193,-0.0103,0.0368,0.0000,0.0000,0.0000,1.0000,0.013,,,,,,,
130,Left,7,0.0043,0.0030,0.0591,0.4850,0.0090,-0.0518,0.8729,0.013,,,,,,,
130,Left,8,0.0000,0.0000,0.0379,0.6750,0.0121,0.0226,0.7374,0.013,,,,,,,
130,Left,9,0.0000,0.0000,0.0243,0.4692,-0.0153,0.0168,0.8828,0.013,,,,,,,
130,Left,10,-0.0003,0.0010,0.0224,0.0000,0.0000,0.0000,1.0000,0.013,,,,,,,
130,Left,11,0.0031,-0.0081,0.0347,0.0000,0.0000,0.0000,1.0000,0.013,,,,,,,
130,Left,12,-0.0013,0.0055,0.0610,0.5497,-0.0283,0.0243,0.8345,0.013,,,,,,,
130,Left,13,0.0000,0.0000,0.0429,0.5780,0.0029,0.0129,0.8159,0.013,,,,,,,
130,Left,14,0.0000,0.0000,0.0275,0.4773,0.0204,0.0851,0.8744,0.013,,,,,,,
130,Left,15,-0.0003,0.0011,0.0250,0.0000,0.0000,0.0000,1.0000,0.013,,,,,,,
130,Left,16,-0.0150,-0.0060,0.0348,0.0000,0.0000,0.0000,1.0000,0.013,,,,,,,
130,Left,17,-0.0025,-0.0005,0.0539,0.5458,-0.0289,0.0747,0.8341,0.013,,,,,,,
130,Left,18,0.0000,0.0000,0.0390,0.6385,0.0191,0.0419,0.7682,0.013,,,,,,,
130,Left,19,0.0000,0.0000,0.0266,0.5292,0.0273,0.0288,0.8476,0.013,,,,,,,
130,Left,20,-0.0003,0.0016,0.0243,0.0000,0.0000,0.0000,1.0000,0.013,,,,,,,
130,Left,21,-0.0230,-0.0094,0.0341,0.0183,-0.1403,0.2070,0.9681,0.013,,,,,,,
130,Left,22,0.0000,0.0000,0.0457,0.4601,-0.0278,-0.0674,0.8849,0.013,,,,,,,
130,Left,23,0.0000,0.0000,0.0307,0.6629,-0.0058,0.0872,0.7436,0.013,,,,,,,
130,Left,24,0.0000,0.0000,0.0203,0.5396,0.0410,-0.0025,0.8409,0.013,,,,,,,
130,Left,25,0.0002,0.0012,0.0219,0.0000,0.0000,0.0000,1.0000,0.013,,,,,,,
130,Right,0,-0.0023,-0.0053,0.0652,0.0000,0.0000,0.0000,1.0000,0.013,,,,,,,
130,Right,1,0.0000,0.0000,0.0000,0.0000,0.0000,0.0000,1.0000,0.013,-0.0470,-0.2923,0.0843,0.2025,0.4463,0.8677,-0.0834
130,Right,2,-0.0289,-0.0181,0.0355,-0.0753,-0.3256,0.5997,0.7271,0.013,,,,,,,
130,Right,3,0.0000,0.0000,0.0325,0.2620,0.0459,-0.0809,0.9606,0.013,,,,,,,
130,Right,4,0.0000,0.0000,0.0338,0.1626,-0.0461,0.0775,0.9826,0.013,,,,,,,
130,Right,5,0.0007,0.0010,0.0246,0.0000,0.0000,0.0000,1.0000,0.013,,,,,,,
130,Right,6,-0.0192,-0.0105,0.0369,0.0000,0.0000,0.0000,1.0000,0.013,,,,,,,
130,Right,7,-0.0044,0.0032,0.0591,0.1900,0.0676,0.0260,0.9791,0.013,,,,,,,
130,Right,8,0.0000,0.0000,0.0379,0.2064,0.0017,-0.0263,0.9781,0.013,,,,,,,
130,Right,9,0.0000,0.0000,0.0243,0.0678,0.0249,-0.0167,0.9972,0.013,,,,,,,
130,Right,10,0.0003,0.0010,0.0224,0.0000,0.0000,0.0000,1.0000,0.013,,,,,,,
130,Right,11,-0.0029,-0.0081,0.0348,0.0000,0.0000,0.0000,1.0000,0.013,,,,,,,
130,Right,12,0.0012,0.0056,0.0609,0.2750,0.0749,-0.0256,0.9582,0.013,,,,,,,
130,Right,13,0.0000,0.0000,0.0429,0.1495,0.0026,-0.0121,0.9887,0.013,,,,,,,
130,Right,14,0.0000,0.0000,0.0275,0.0170,-0.0002,-0.0453,0.9988,0.013,,,,,,,
130,Right,15,0.0003,0.0011,0.0250,0.0000,0.0000,0.0000,1.0000,0.013,,,,,,,
130,Right,16,0.0150,-0.0060,0.0348,0.0000,0.0000,0.0000,1.0000,0.013,,,,,,,
130,Right,17,0.0025,-0.0005,0.0539,0.2112,0.0764,-0.0654,0.9722,0.013,,,,,,,
130,Right,18,0.0000,0.0000,0.0390,0.1417,-0.0018,-0.0367,0.9892,0.013,,,,,,,
130,Right,19,0.0000,0.0000,0.0266,0.0619,-0.0295,-0.0075,0.9976,0.013,,,,,,,
130,Right,20,0.0003,0.0016,0.0243,0.0000,0.0000,0.0000,1.0000,0.013,,,,,,,
130,Right,21,0.0230,-0.0094,0.0341,0.0183,0.1403,-0.2070,0.9681,0.013,,,,,,,
130,Right,22,0.0000,0.0000,0.0457,0.0881,-0.0124,0.0893,0.9920,0.013,,,,,,,
130,Right,23,0.0000,0.0000,0.0307,0.1778,0.0348,-0.0537,0.9820,0.013,,,,,,,
130,Right,24,0.0000,0.0000,0.0203,0.0088,-0.0492,0.0008,0.9988,0.013,,,,,,,
130,Right,25,-0.0002,0.0012,0.0219,0.0000,0.0000,0.0000,1.0000,0.013,,,,,,,
131,Left,0,0.0024,-0.0053,0.0652,0.0000,0.0000,0.0000,1.0000,0.013,,,,,,,
131,Left,1,0.0000,0.0000,0.0000,0.0000,0.0000,0.0000,1.0000,0.013,0.3543,0.0520,0.0540,-0.0774,-0.4936,-0.8656,-0.0321
131,Left,2,0.0291,-0.0177,0.0353,-0.0646,0.3498,-0.5971,0.7190,0.013,,,,,,,
131,Left,3,0.0000,0.0000,0.0325,0.2053,-0.0516,0.0819,0.9739,0.013,,,,,,,
131,Left,4,0.0000,0.0000,0.0338,0.2350,0.0393,-0.0746,0.9683,0.013,,,,,,,
131,Left,5,-0.0007,0.0010,0.0246,0.0000,0.0000,0.0000,1.0000,0.013,,,,,,,
131,Left,6,0.0193,-0.0103,0.0368,0.0000,0.0000,0.0000,1.0000,0.013,,,,,,,
131,Left,7,0.0043,0.0030,0.0591,0.4850,0.0090,-0.0518,0.8729,0.013,,,,,,,
131,Left,8,0.0000,0.0000,0.0379,0.6750,0.0121,0.0226,0.7374,0.013,,,,,,,
131,Left,9,0.0000,0.0000,0.0243,0.4692,-0.0153,0.0168,0.8828,0.013,,,,,,,
131,Left,10,-0.0003,0.0010,0.0224,0.0000,0.0000,0.0000,1.0000,0.013,,,,,,,
131,Left,11,0.0031,-0.0081,0.0347,0.0000,0.0000,0.0000,1.0000,0.013,,,,,,,
131,Left,12,-0.0013,0.0055,0.0610,0.5497,-0.0283,0.0243,0.8345,0.013,,,,,,,
131,Left,13,0.0000,0.0000,0.0429,0.5780,0.0029,0.0129,0.8159,0.013,,,,,,,
131,Left,14,0.0000,0.0000,0.0275,0.4773,0.0204,0.0851,0.8744,0.013,,,,,,,
131,Left,15,-0.0003,0.0011,0.0250,0.0000,0.0000,0.0000,1.0000,0.013,,,,,,,
131,Left,16,-0.0150,-0.0060,0.0348,0.0000,0.0000,0.0000,1.0000,0.013,,,,,,,
131,Left,17,-0.0025,-0.0005,0.0539,0.5458,-0.0289,0.0747,0.8341,0.013,,,,,,,
131,Left,18,0.0000,0.0000,0.0390,0.6385,0.0191,0.0419,0.7682,0.013,,,,,,,
131,Left,19,0.0000,0.0000,0.0266,0.5292,0.0273,0.0288,0.8476,0.013,,,,,,,
131,Left,20,-0.0003,0.0016,0.0243,0.0000,0.0000,0.0000,1.0000,0.013,,,,,,,
131,Left,21,-0.0230,-0.0094,0.0341,0.0183,-0.1403,0.2070,0.9681,0.013,,,,,,,
131,Left,22,0.0000,0.0000,0.0457,0.4601,-0.0278,-0.0674,0.8849,0.013,,,,,,,
131,Left,23,0.0000,0.0000,0.0307,0.6629,-0.0058,0.0872,0.7436,0.013,,,,,,,
131,Left,24,0.0000,0.0000,0.0203,0.5396,0.0410,-0.0025,0.8409,0.013,,,,,,,
131,Left,25,0.0002,0.0012,0.0219,0.0000,0.0000,0.0000,1.0000,0.013,,,,,,,
131,Right,0,-0.0023,-0.0053,0.0652,0.0000,0.0000,0.0000,1.0000,0.013,,,,,,,
131,Right,1,0.0000,0.0000,0.0000,0.0000,0.0000,0.0000,1.0000,0.013,-0.0470,-0.2923,0.0843,0.2025,0.4463,0.8677,-0.0834
131,Right,2,-0.0289,-0.0181,0.0355,-0.0753,-0.3256,0.5997,0.7271,0.013,,,,,,,
131,Right,3,0.0000,0.0000,0.0325,0.2620,0.0459,-0.0809,0.9606,0.013,,,,,,,
131,Right,4,0.0000,0.0000,0.0338,0.1626,-0.0461,0.0775,0.9826,0.013,,,,,,,
131,Right,5,0.0007,0.0010,0.0246,0.0000,0.0000,0.0000,1.0000,0.013,,,,,,,
131,Right,6,-0.0192,-0.0105,0.0369,0.0000,0.0000,0.0000,1.0000,0.013,,,,,,,
131,Right,7,-0.0044,0.0032,0.0591,0.1900,0.0676,0.0260,0.9791,0.013,,,,,,,
131,Right,8,0.0000,0.0000,0.0379,0.2064,0.0017,-0.0263,0.9781,0.013,,,,,,,
131,Right,9,0.0000,0.0000,0.0243,0.0678,0.0249,-0.0167,0.9972,0.013,,,,,,,
131,Right,10,0.0003,0.0010,0.0224,0.0000,0.0000,0.0000,1.0000,0.013,,,,,,,
131,Right,11,-0.0029,-0.0081,0.0348,0.0000,0.0000,0.0000,1.0000,0.013,,,,,,,
131,Right,12,0.0012,0.0056,0.0609,0.2750,0.0749,-0.0256,0.9582,0.013,,,,,,,
131,Right,13,0.0000,0.0000,0.0429,0.1495,0.0026,-0.0121,0.9887,0.013,,,,,,,
131,Right,14,0.0000,0.0000,0.0275,0.0170,-0.0002,-0.0453,0.9988,0.013,,,,,,,
131,Right,15,0.0003,0.0011,0.0250,0.0000,0.0000,0.0000,1.0000,0.013,,,,,,,
131,Right,16,0.0150,-0.0060,0.0348,0.0000,0.0000,0.0000,1.0000,0.013,,,,,,,
131,Right,17,0.0025,-0.0005,0.0539,0.2112,0.0764,-0.0654,0.9722,0.013,,,,,,,
131,Right,18,0.0000,0.0000,0.0390,0.1417,-0.0018,-0.0367,0.9892,0.013,,,,,,,
131,Right,19,0.0000,0.0000,0.0266,0.0619,-0.0295,-0.0075,0.9976,0.013,,,,,,,
131,Right,20,0.0003,0.0016,0.0243,0.0000,0.0000,0.0000,1.0000,0.013,,,,,,,
131,Right,21,0.0230,-0.0094,0.0341,0.0183,0.1403,-0.2070,0.9681,0.013,,,,,,,
131,Right,22,0.0000,0.0000,0.0457,0.0881,-0.0124,0.0893,0.9920,0.013,,,,,,,
131,Right,23,0.0000,0.0000,0.0307,0.1778,0.0348,-0.0537,0.9820,0.013,,,,,,,
131,Right,24,0.0000,0.0000,0.0203,0.0088,-0.0492,0.0008,0.9988,0.013,,,,,,,
131,Right,25,-0.0002,0.0012,0.0219,0.0000,0.0000,0.0000,1.0000,0.013,,,,,,,
132,Left,0,0.0024,-0.0053,0.0652,0.0000,0.0000,0.0000,1.0000,0.013,,,,,,,
132,Left,1,0.0000,0.0000,0.0000,0.0000,0.0000,0.0000,1.0000,0.013,0.3543,0.0520,0.0540,-0.0774,-0.4936,-0.8656,-0.0321
132,Left,2,0.0291,-0.0177,0.0353,-0.0646,0.3498,-0.5970,0.7190,0.013,,,,,,,
132,Left,3,0.0000,0.0000,0.0325,0.2053,-0.0516,0.0819,0.9739,0.013,,,,,,,
132,Left,4,0.0000,0.0000,0.0338,0.2350,0.0393,-0.0746,0.9683,0.013,,,,,,,
132,Left,5,-0.0007,0.0010,0.0246,0.0000,0.0000,0.0000,1.0000,0.013,,,,,,,
132,Left,6,0.0193,-0.0103,0.0368,0.0000,0.0000,0.0000,1.0000,0.013,,,,,,,
132,Left,7,0.0043,0.0030,0.0591,0.4850,0.0090,-0.0518,0.8729,0.013,,,,,,,
132,Left,8,0.0000,0.0000,0.0379,0.6750,0.0121,0.0226,0.7374,0.013,,,,,,,
132,Left,9,0.0000,0.0000,0.0243,0.4692,-0.0153,0.0168,0.8828,0.013,,,,,,,
132,Left,10,-0.0003,0.0010,0.0224,0.0000,0.0000,0.0000,1.0000,0.013,,,,,,,
132,Left,11,0.0031,-0.0081,0.0347,0.0000,0.0000,0.0000,1.0000,0.013,,,,,,,
132,Left,12,-0.0013,0.0055,0.0610,0.5497,-0.0283,0.0243,0.8345,0.013,,,,,,,
132,Left,13,0.0000,0.0000,0.0429,0.5780,0.0029,0.0129,0.8159,0.013,,,,,,,
132,Left,14,0.0000,0.0000,0.0275,0.4773,0.0204,0.0851,0.8744,0.013,,,,,,,
132,Left,15,-0.0003,0.0011,0.0250,0.0000,0.0000,0.0000,1.0000,0.013,,,,,,,
132,Left,16,-0.0150,-0.0060,0.0348,0.0000,0.0000,0.0000,1.0000,0.013,,,,,,,
132,Left,17,-0.0025,-0.0005,0.0539,0.5458,-0.0289,0.0747,0.8341,0.013,,,,,,,
132,Left,18,0.0000,0.0000,0.0390,0.6385,0.0191,0.0419,0.7682,0.013,,,,,,,
132,Left,19,0.0000,0.0000,0.0266,0.5292,0.0273,0.0288,0.8476,0.013,,,,,,,
132,Left,20,-0.0003,0.0016,0.0243,0.0000,0.0000,0.0000,1.0000,0.013,,,,,,,
132,Left,21,-0.0230,-0.0094,0.0341,0.0183,-0.1403,0.2070,0.9681,0.013,,,,,,,
132,Left,22,0.0000,0.0000,0.0457,0.4601,-0.0278,-0.0674,0.8849,0.013,,,,,,,
132,Left,23,0.0000,0.0000,0.0307,0.6630,-0.0058,0.0872,0.7435,0.013,,,,,,,
132,Left,24,0.0000,0.0000,0.0203,0.5396,0.0410,-0.0025,0.8409,0.013,,,,,,,
132,Left,25,0.0002,0.0012,0.0219,0.0000,0.0000,0.0000,1.0000,0.013,,,,,,,
132,Right,0,-0.0023,-0.0053,0.0652,0.0000,0.0000,0.0000,1.0000,0.013,,,,,,,
132,Right,1,0.0000,0.0000,0.0000,0.0000,0.0000,0.0000,1.0000,0.013,-0.0470,-0.2923,0.0843,0.2025,0.4463,0.8677,-0.0834
132,Right,2,-0.0289,-0.0181,0.0355,-0.0753,-0.3256,0.5997,0.7271,0.013,,,,,,,
132,Right,3,0.0000,0.0000,0.0325,0.2620,0.0459,-0.0809,0.9606,0.013,,,,,,,
132,Right,4,0.0000,0.0000,0.0338,0.1626,-0.0461,0.0775,0.9826,0.013,,,,,,,
132,Right,5,0.0007,0.0010,0.0246,0.0000,0.0000,0.0000,1.0000,0.013,,,,,,,
132,Right,6,-0.0192,-0.0105,0.0369,0.0000,0.0000,0.0000,1.0000,0.013,,,,,,,
132,Right,7,-0.0044,0.0032,0.0591,0.1900,0.0676,0.0260,0.9791,0.013,,,,,,,
132,Right,8,0.0000,0.0000,0.0379,0.2064,0.0017,-0.0263,0.9781,0.013,,,,,,,
132,Right,9,0.0000,0.0000,0.0243,0.0678,0.0249,-0.0167,0.9972,0.013,,,,,,,
132,Right,10,0.0003,0.0010,0.0224,0.0000,0.0000,0.0000,1.0000,0.013,,,,,,,
132,Right,11,-0.0029,-0.0081,0.0348,0.0000,0.0000,0.0000,1.0000,0.013,,,,,,,
132,Right,12,0.0012,0.0056,0.0609,0.2750,0.0749,-0.0256,0.9582,0.013,,,,,,,
132,Right,13,0.0000,0.0000,0.0429,0.1495,0.0026,-0.0121,0.9887,0.013,,,,,,,
132,Right,14,0.0000,0.0000,0.0275,0.0170,-0.0002,-0.0453,0.9988,0.013,,,,,,,
132,Right,15,0.0003,0.0011,0.0250,0.0000,0.0000,0.0000,1.0000,0.013,,,,,,,
132,Right,16,0.0150,-0.0060,0.0348,0.0000,0.0000,0.0000,1.0000,0.013,,,,,,,
132,Right,17,0.0025,-0.0005,0.0539,0.2112,0.0764,-0.0654,0.9722,0.013,,,,,,,
132,Right,18,0.0000,0.0000,0.0390,0.1417,-0.0018,-0.0367,0.9892,0.013,,,,,,,
132,Right,19,0.0000,0.0000,0.0266,0.0619,-0.0295,-0.0075,0.9976,0.013,,,,,,,
132,Right,20,0.0003,0.0016,0.0243,0.0000,0.0000,0.0000,1.0000,0.013,,,,,,,
132,Right,21,0.0230,-0.0094,0.0341,0.0183,0.1403,-0.2070,0.9681,0.013,,,,,,,
132,Right,22,0.0000,0.0000,0.0457,0.0881,-0.0124,0.0893,0.9920,0.013,,,,,,,
132,Right,23,0.0000,0.0000,0.0307,0.1778,0.0348,-0.0537,0.9820,0.013,,,,,,,
132,Right,24,0.0000,0.0000,0.0203,0.0088,-0.0492,0.0008,0.9988,0.013,,,,,,,
132,Right,25,-0.0002,0.0012,0.0219,0.0000,0.0000,0.0000,1.0000,0.013,,,,,,,
133,Left,0,0.0024,-0.0053,0.0652,0.0000,0.0000,0.0000,1.0000,0.013,,,,,,,
133,Left,1,0.0000,0.0000,0.0000,0.0000,0.0000,0.0000,1.0000,0.013,0.3543,0.0520,0.0540,-0.0774,-0.4936,-0.8656,-0.0321
133,Left,2,0.0291,-0.0177,0.0353,-0.0646,0.3498,-0.5970,0.7190,0.013,,,,,,,
133,Left,3,0.0000,0.0000,0.0325,0.2053,-0.0516,0.0819,0.9739,0.013,,,,,,,
133,Left,4,0.0000,0.0000,0.0338,0.2350,0.0393,-0.0746,0.9683,0.013,,,,,,,
133,Left,5,-0.0007,0.0010,0.0246,0.0000,0.0000,0.0000,1.0000,0.013,,,,,,,
133,Left,6,0.0193,-0.0103,0.0368,0.0000,0.0000,0.0000,1.0000,0.013,,,,,,,
133,Left,7,0.0043,0.0030,0.0591,0.4850,0.0090,-0.0518,0.8729,0.013,,,,,,,
133,Left,8,0.0000,0.0000,0.0379,0.6750,0.0121,0.0226,0.7373,0.013,,,,,,,
133,Left,9,0.0000,0.0000,0.0243,0.4692,-0.0153,0.0168,0.8828,0.013,,,,,,,
133,Left,10,-0.0003,0.0010,0.0224,0.0000,0.0000,0.0000,1.0000,0.013,,,,,,,
133,Left,11,0.0031,-0.0081,0.0347,0.0000,0.0000,0.0000,1.0000,0.013,,,,,,,
133,Left,12,-0.0013,0.0055,0.0610,0.5497,-0.0283,0.0243,0.8345,0.013,,,,,,,
133,Left,13,0.0000,0.0000,0.0429,0.5780,0.0029,0.0129,0.8159,0.013,,,,,,,
133,Left,14,0.0000,0.0000,0.0275,0.4773,0.0204,0.0851,0.8744,0.013,,,,,,,
133,Left,15,-0.0003,0.0011,0.0250,0.0000,0.0000,0.0000,1.0000,0.013,,,,,,,
133,Left,16,-0.0150,-0.0060,0.0348,0.0000,0.0000,0.0000,1.0000,0.013,,,,,,,
133,Left,17,-0.0025,-0.0005,0.0539,0.5458,-0.0289,0.0747,0.8341,0.013,,,,,,,
133,Left,18,0.0000,0.0000,0.0390,0.6385,0.0191,0.0419,0.7682,0.013,,,,,,,
133,Left,19,0.0000,0.0000,0.0266,0.5292,0.0273,0.0288,0.8476,0.013,,,,,,,
133,Left,20,-0.0003,0.0016,0.0243,0.0000,0.0000,0.0000,1.0000,0.013,,,,,,,
133,Left,21,-0.0230,-0.0094,0.0341,0.0183,-0.1403,0.2070,0.9681,0.013,,,,,,,
133,Left,22,0.0000,0.0000,0.0457,0.4601,-0.0278,-0.0674,0.8849,0.013,,,,,,,
133,Left,23,0.0000,0.0000,0.0307,0.6630,-0.0058,0.0872,0.7435,0.013,,,,,,,
133,Left,24,0.0000,0.0000,0.0203,0.5396,0.0410,-0.0025,0.8409,0.013,,,,,,,
133,Left,25,0.0002,0.0012,0.0219,0.0000,0.0000,0.0000,1.0000,0.013,,,,,,,
133,Right,0,-0.0023,-0.0053,0.0652,0.0000,0.0000,0.0000,1.0000,0.013,,,,,,,
133,Right,1,0.0000,0.0000,0.0000,0.0000,0.0000,0.0000,1.0000,0.013,-0.0470,-0.2923,0.0843,0.2025,0.4463,0.8677,-0.0834
133,Right,2,-0.0289,-0.0181,0.0355,-0.0753,-0.3256,0.5997,0.7271,0.013,,,,,,,
133,Right,3,0.0000,0.0000,0.0325,0.2620,0.0459,-0.0809,0.9606,0.013,,,,,,,
133,Right,4,0.0000,0.0000,0.0338,0.1626,-0.0461,0.0775,0.9826,0.013,,,,,,,
133,Right,5,0.0007,0.0010,0.0246,0.0000,0.0000,0.0000,1.0000,0.013,,,,,,,
133,Right,6,-0.0192,-0.0105,0.0369,0.0000,0.0000,0.0000,1.0000,0.013,,,,,,,
133,Right,7,-0.0044,0.0032,0.0591,0.1900,0.0676,0.0260,0.9791,0.013,,,,,,,
133,Right,8,0.0000,0.0000,0.0379,0.2064,0.0017,-0.0263,0.9781,0.013,,,,,,,
133,Right,9,0.0000,0.0000,0.0243,0.0678,0.0249,-0.0167,0.9972,0.013,,,,,,,
133,Right,10,0.0003,0.0010,0.0224,0.0000,0.0000,0.0000,1.0000,0.013,,,,,,,
133,Right,11,-0.0029,-0.0081,0.0348,0.0000,0.0000,0.0000,1.0000,0.013,,,,,,,
133,Right,12,0.0012,0.0056,0.0609,0.2750,0.0749,-0.0256,0.9582,0.013,,,,,,,
133,Right,13,0.0000,0.0000,0.0429,0.1495,0.0026,-0.0121,0.9887,0.013,,,,,,,
133,Right,14,0.0000,0.0000,0.0275,0.0170,-0.0002,-0.0453,0.9988,0.013,,,,,,,
133,Right,15,0.0003,0.0011,0.0250,0.0000,0.0000,0.0000,1.0000,0.013,,,,,,,
133,Right,16,0.0150,-0.0060,0.0348,0.0000,0.0000,0.0000,1.0000,0.013,,,,,,,
133,Right,17,0.0025,-0.0005,0.0539,0.2112,0.0764,-0.0654,0.9722,0.013,,,,,,,
133,Right,18,0.0000,0.0000,0.0390,0.1417,-0.0018,-0.0367,0.9892,0.013,,,,,,,
133,Right,19,0.0000,0.0000,0.0266,0.0619,-0.0295,-0.0075,0.9976,0.013,,,,,,,
133,Right,20,0.0003,0.0016,0.0243,0.0000,0.0000,0.0000,1.0000,0.013,,,,,,,
133,Right,21,0.0230,-0.0094,0.0341,0.0183,0.1403,-0.2070,0.9681,0.013,,,,,,,
133,Right,22,0.0000,0.0000,0.0457,0.0881,-0.0124,0.0893,0.9920,0.013,,,,,,,
133,Right,23,0.0000,0.0000,0.0307,0.1778,0.0348,-0.0537,0.9820,0.013,,,,,,,
133,Right,24,0.0000,0.0000,0.0203,0.0088,-0.0492,0.0008,0.9988,0.013,,,,,,,
133,Right,25,-0.0002,0.0012,0.0219,0.0000,0.0000,0.0000,1.0000,0.013,,,,,,,
134,Left,0,0.0024,-0.0053,0.0652,0.0000,0.0000,0.0000,1.0000,0.013,,,,,,,
134,Left,1,0.0000,0.0000,0.0000,0.0000,0.0000,0.0000,1.0000,0.013,0.3543,0.0520,0.0540,-0.0774,-0.4936,-0.8656,-0.0321
134,Left,2,0.0291,-0.0177,0.0353,-0.0646,0.3498,-0.5970,0.7190,0.013,,,,,,,
134,Left,3,0.0000,0.0000,0.0325,0.2053,-0.0516,0.0819,0.9739,0.013,,,,,,,
134,Left,4,0.0000,0.0000,0.0338,0.2350,0.0393,-0.0746,0.9683,0.013,,,,,,,
134,Left,5,-0.0007,0.0010,0.0246,0.0000,0.0000,0.0000,1.0000,0.013,,,,,,,
134,Left,6,0.0193,-0.0103,0.0368,0.0000,0.0000,0.0000,1.0000,0.013,,,,,,,
134,Left,7,0.0043,0.0030,0.0591,0.4851,0.0090,-0.0518,0.8729,0.013,,,,,,,
134,Left,8,0.0000,0.0000,0.0379,0.6750,0.0121,0.0226,0.7373,0.013,,,,,,,
134,Left,9,0.0000,0.0000,0.0243,0.4692,-0.0153,0.0168,0.8828,0.013,,,,,,,
134,Left,10,-0.0003,0.0010,0.0224,0.0000,0.0000,0.0000,1.0000,0.013,,,,,,,
134,Left,11,0.0031,-0.0081,0.0347,0.0000,0.0000,0.0000,1.0000,0.013,,,,,,,
134,Left,12,-0.0013,0.0055,0.0610,0.5497,-0.0283,0.0243,0.8345,0.013,,,,,,,
134,Left,13,0.0000,0.0000,0.0429,0.5780,0.0029,0.0129,0.8159,0.013,,,,,,,
134,Left,14,0.0000,0.0000,0.0275,0.4773,0.0204,0.0851,0.8744,0.013,,,,,,,
134,Left,15,-0.0003,0.0011,0.0250,0.0000,0.0000,0.0000,1.0000,0.013,,,,,,,
134,Left,16,-0.0150,-0.0060,0.0348,0.0000,0.0000,0.0000,1.0000,0.013,,,,,,,
134,Left,17,-0.0025,-0.0005,0.0539,0.5458,-0.0289,0.0747,0.8341,0.013,,,,,,,
134,Left,18,0.0000,0.0000,0.0390,0.6385,0.0191,0.0419,0.7682,0.013,,,,,,,
134,Left,19,0.0000,0.0000,0.0266,0.5292,0.0273,0.0288,0.8476,0.013,,,,,,,
134,Left,20,-0.0003,0.0016,0.0243,0.0000,0.0000,0.0000,1.0000,0.013,,,,,,,
134,Left,21,-0.0230,-0.0094,0.0341,0.0183,-0.1403,0.2070,0.9681,0.013,,,,,,,
134,Left,22,0.0000,0.0000,0.0457,0.4601,-0.0278,-0.0674,0.8849,0.013,,,,,,,
134,Left,23,0.0000,0.0000,0.0307,0.6630,-0.0058,0.0872,0.7435,0.013,,,,,,,
134,Left,24,0.0000,0.0000,0.0203,0.5396,0.0410,-0.0025,0.8409,0.013,,,,,,,
134,Left,25,0.0002,0.0012,0.0219,0.0000,0.0000,0.0000,1.0000,0.013,,,,,,,
134,Right,0,-0.0023,-0.0053,0.0652,0.0000,0.0000,0.0000,1.0000,0.013,,,,,,,
134,Right,1,0.0000,0.0000,0.0000,0.0000,0.0000,0.0000,1.0000,0.013,-0.0470,-0.2923,0.0843,0.2025,0.4463,0.8677,-0.0834
134,Right,2,-0.0289,-0.0181,0.0355,-0.0753,-0.3256,0.5997,0.7271,0.013,,,,,,,
134,Right,3,0.0000,0.0000,0.0325,0.2620,0.0459,-0.0809,0.9606,0.013,,,,,,,
134,Right,4,0.0000,0.0000,0.0338,0.1626,-0.0461,0.0775,0.9826,0.013,,,,,,,
134,Right,5,0.0007,0.0010,0.0246,0.0000,0.0000,0.0000,1.0000,0.013,,,,,,,
134,Right,6,-0.0192,-0.0105,0.0369,0.0000,0.0000,0.0000,1.0000,0.013,,,,,,,
134,Right,7,-0.0044,0.0032,0.0591,0.1900,0.0676,0.0260,0.9791,0.013,,,,,,,
134,Right,8,0.0000,0.0000,0.0379,0.2064,0.0017,-0.0263,0.9781,0.013,,,,,,,
134,Right,9,0.0000,0.0000,0.0243,0.0678,0.0249,-0.0167,0.9972,0.013,,,,,,,
134,Right,10,0.0003,0.0010,0.0224,0.0000,0.0000,0.0000,1.0000,0.013,,,,,,,
134,Right,11,-0.0029,-0.0081,0.0348,0.0000,0.0000,0.0000,1.0000,0.013,,,,,,,
134,Right,12,0.0012,0.0056,0.0609,0.2750,0.0749,-0.0256,0.9582,0.013,,,,,,,
134,Right,13,0.0000,0.0000,0.0429,0.1495,0.0026,-0.0121,0.9887,0.013,,,,,,,
134,Right,14,0.0000,0.0000,0.0275,0.0170,-0.0002,-0.0453,0.9988,0.013,,,,,,,
134,Right,15,0.0003,0.0011,0.0250,0.0000,0.0000,0.0000,1.0000,0.013,,,,,,,
134,Right,16,0.0150,-0.0060,0.0348,0.0000,0.0000,0.0000,1.0000,0.013,,,,,,,
134,Right,17,0.0025,-0.0005,0.0539,0.2112,0.0764,-0.0654,0.9722,0.013,,,,,,,
134,Right,18,0.0000,0.0000,0.0390,0.1417,-0.0018,-0.0367,0.9892,0.013,,,,,,,
134,Right,19,0.0000,0.0000,0.0266,0.0619,-0.0295,-0.0075,0.9976,0.013,,,,,,,
134,Right,20,0.0003,0.0016,0.0243,0.0000,0.0000,0.0000,1.0000,0.013,,,,,,,
134,Right,21,0.0230,-0.0094,0.0341,0.0183,0.1403,-0.2070,0.9681,0.013,,,,,,,
134,Right,22,0.0000,0.0000,0.0457,0.0881,-0.0124,0.0893,0.9920,0.013,,,,,,,
134,Right,23,0.0000,0.0000,0.0307,0.1778,0.0348,-0.0537,0.9820,0.013,,,,,,,
134,Right,24,0.0000,0.0000,0.0203,0.0088,-0.0492,0.0008,0.9988,0.013,,,,,,,
134,Right,25,-0.0002,0.0012,0.0219,0.0000,0.0000,0.0000,1.0000,0.013,,,,,,,
135,Left,0,0.0024,-0.0053,0.0652,0.0000,0.0000,0.0000,1.0000,0.013,,,,,,,
135,Left,1,0.0000,0.0000,0.0000,0.0000,0.0000,0.0000,1.0000,0.013,0.3543,0.0520,0.0540,-0.0774,-0.4936,-0.8656,-0.0321
135,Left,2,0.0291,-0.0177,0.0353,-0.0646,0.3498,-0.5970,0.7190,0.013,,,,,,,
135,Left,3,0.0000,0.0000,0.0325,0.2053,-0.0516,0.0819,0.9739,0.013,,,,,,,
135,Left,4,0.0000,0.0000,0.0338,0.2350,0.0393,-0.0746,0.9683,0.013,,,,,,,
135,Left,5,-0.0007,0.0010,0.0246,0.0000,0.0000,0.0000,1.0000,0.013,,,,,,,
135,Left,6,0.0193,-0.0103,0.0368,0.0000,0.0000,0.0000,1.0000,0.013,,,,,,,
135,Left,7,0.0043,0.0030,0.0591,0.4851,0.0090,-0.0518,0.8729,0.013,,,,,,,
135,Left,8,0.0000,0.0000,0.0379,0.6750,0.0121,0.0226,0.7373,0.013,,,,,,,
135,Left,9,0.0000,0.0000,0.0243,0.4693,-0.0153,0.0168,0.8828,0.013,,,,,,,
135,Left,10,-0.0003,0.0010,0.0224,0.0000,0.0000,0.0000,1.0000,0.013,,,,,,,
135,Left,11,0.0031,-0.0081,0.0347,0.0000,0.0000,0.0000,1.0000,0.013,,,,,,,
135,Left,12,-0.0013,0.0055,0.0610,0.5497,-0.0283,0.0243,0.8345,0.013,,,,,,,
135,Left,13,0.0000,0.0000,0.0429,0.5780,0.0029,0.0129,0.8159,0.013,,,,,,,
135,Left,14,0.0000,0.0000,0.0275,0.4773,0.0204,0.0851,0.8744,0.013,,,,,,,
135,Left,15,-0.0003,0.0011,0.0250,0.0000,0.0000,0.0000,1.0000,0.013,,,,,,,
135,Left,16,-0.0150,-0.0060,0.0348,0.0000,0.0000,0.0000,1.0000,0.013,,,,,,,
135,Left,17,-0.0025,-0.0005,0.0539,0.5458,-0.0289,0.0747,0.8340,0.013,,,,,,,
135,Left,18,0.0000,0.0000,0.0390,0.6386,0.0191,0.0419,0.7682,0.013,,,,,,,
135,Left,19,0.0000,0.0000,0.0266,0.5292,0.0273,0.0288,0.8475,0.013,,,,,,,
135,Left,20,-0.0003,0.0016,0.0243,0.0000,0.0000,0.0000,1.0000,0.013,,,,,,,
135,Left,21,-0.0230,-0.0094,0.0341,0.0183,-0.1403,0.2070,0.9681,0.013,,,,,,,
135,Left,22,0.0000,0.0000,0.0457,0.4601,-0.0278,-0.0674,0.8849,0.013,,,,,,,
135,Left,23,0.0000,0.0000,0.0307,0.6630,-0.0058,0.0872,0.7435,0.013,,,,,,,
135,Left,24,0.0000,0.0000,0.0203,0.5396,0.0410,-0.0025,0.8409,0.013,,,,,,,
135,Left,25,0.0002,0.0012,0.0219,0.0000,0.0000,0.0000,1.0000,0.013,,,,,,,
135,Right,0,-0.0023,-0.0053,0.0652,0.0000,0.0000,0.0000,1.0000,0.013,,,,,,,
135,Right,1,0.0000,0.0000,0.0000,0.0000,0.0000,0.0000,1.0000,0.013,-0.0470,-0.2923,0.0843,0.2025,0.4463,0.8677,-0.0834
135,Right,2,-0.0289,-0.0181,0.0355,-0.0753,-0.3256,0.5997,0.7271,0.013,,,,,,,
135,Right,3,0.0000,0.0000,0.0325,0.2620,0.0459,-0.0809,0.9606,0.013,,,,,,,
135,Right,4,0.0000,0.0000,0.0338,0.1626,-0.0461,0.0775,0.9826,0.013,,,,,,,
135,Right,5,0.0007,0.0010,0.0246,0.0000,0.0000,0.0000,1.0000,0.013,,,,,,,
135,Right,6,-0.0192,-0.0105,0.0369,0.0000,0.0000,0.0000,1.0000,0.013,,,,,,,
135,Right,7,-0.0044,0.0032,0.0591,0.1900,0.0676,0.0260,0.9791,0.013,,,,,,,
135,Right,8,0.0000,0.0000,0.0379,0.2064,0.0017,-0.0263,0.9781,0.013,,,,,,,
135,Right,9,0.0000,0.0000,0.0243,0.0678,0.0249,-0.0167,0.9972,0.013,,,,,,,
135,Right,10,0.0003,0.0010,0.0224,0.0000,0.0000,0.0000,1.0000,0.013,,,,,,,
135,Right,11,-0.0029,-0.0081,0.0348,0.0000,0.0000,0.0000,1.0000,0.013,,,,,,,
135,Right,12,0.0012,0.0056,0.0609,0.2750,0.0749,-0.0256,0.9582,0.013,,,,,,,
135,Right,13,0.0000,0.0000,0.0429,0.1495,0.0026,-0.0121,0.9887,0.013,,,,,,,
135,Right,14,0.0000,0.0000,0.0275,0.0170,-0.0002,-0.0453,0.9988,0.013,,,,,,,
135,Right,15,0.0003,0.0011,0.0250,0.0000,0.0000,0.0000,1.0000,0.013,,,,,,,
135,Right,16,0.0150,-0.0060,0.0348,0.0000,0.0000,0.0000,1.0000,0.013,,,,,,,
135,Right,17,0.0025,-0.0005,0.0539,0.2112,0.0764,-0.0654,0.9723,0.013,,,,,,,
135,Right,18,0.0000,0.0000,0.0390,0.1417,-0.0018,-0.0367,0.9892,0.013,,,,,,,
135,Right,19,0.0000,0.0000,0.0266,0.0619,-0.0295,-0.0075,0.9976,0.013,,,,,,,
135,Right,20,0.0003,0.0016,0.0243,0.0000,0.0000,0.0000,1.0000,0.013,,,,,,,
135,Right,21,0.0230,-0.0094,0.0341,0.0183,0.1403,-0.2070,0.9681,0.013,,,,,,,
135,Right,22,0.0000,0.0000,0.0457,0.0881,-0.0124,0.0893,0.9920,0.013,,,,,,,
135,Right,23,0.0000,0.0000,0.0307,0.1778,0.0348,-0.0537,0.9820,0.013,,,,,,,
135,Right,24,0.0000,0.0000,0.0203,0.0088,-0.0492,0.0008,0.9988,0.013,,,,,,,
135,Right,25,-0.0002,0.0012,0.0219,0.0000,0.0000,0.0000,1.0000,0.013,,,,,,,
136,Left,0,0.0024,-0.0053,0.0652,0.0000,0.0000,0.0000,1.0000,0.013,,,,,,,
136,Left,1,0.0000,0.0000,0.0000,0.0000,0.0000,0.0000,1.0000,0.013,0.3543,0.0520,0.0540,-0.0774,-0.4936,-0.8656,-0.0321
136,Left,2,0.0291,-0.0177,0.0353,-0.0646,0.3498,-0.5970,0.7190,0.013,,,,,,,
136,Left,3,0.0000,0.0000,0.0325,0.2053,-0.0516,0.0819,0.9739,0.013,,,,,,,
136,Left,4,0.0000,0.0000,0.0338,0.2351,0.0393,-0.0746,0.9683,0.013,,,,,,,
136,Left,5,-0.0007,0.0010,0.0246,0.0000,0.0000,0.0000,1.0000,0.013,,,,,,,
136,Left,6,0.0193,-0.0103,0.0368,0.0000,0.0000,0.0000,1.0000,0.013,,,,,,,
136,Left,7,0.0043,0.0030,0.0591,0.4851,0.0090,-0.0518,0.8729,0.013,,,,,,,
136,Left,8,0.0000,0.0000,0.0379,0.6750,0.0121,0.0226,0.7373,0.013,,,,,,,
136,Left,9,0.0000,0.0000,0.0243,0.4693,-0.0153,0.0168,0.8828,0.013,,,,,,,
136,Left,10,-0.0003,0.0010,0.0224,0.0000,0.0000,0.0000,1.0000,0.013,,,,,,,
136,Left,11,0.0031,-0.0081,0.0347,0.0000,0.0000,0.0000,1.0000,0.013,,,,,,,
136,Left,12,-0.0013,0.0055,0.0610,0.5497,-0.0283,0.0243,0.8345,0.013,,,,,,,
136,Left,13,0.0000,0.0000,0.0429,0.5780,0.0029,0.0129,0.8159,0.013,,,,,,,
136,Left,14,0.0000,0.0000,0.0275,0.4773,0.0204,0.0851,0.8743,0.013,,,,,,,
136,Left,15,-0.0003,0.0011,0.0250,0.0000,0.0000,0.0000,1.0000,0.013,,,,,,,
136,Left,16,-0.0150,-0.0060,0.0348,0.0000,0.0000,0.0000,1.0000,0.013,,,,,,,
136,Left,17,-0.0025,-0.0005,0.0539,0.5459,-0.0289,0.0747,0.8340,0.013,,,,,,,
136,Left,18,0.0000,0.0000,0.0390,0.6386,0.0191,0.0419,0.7682,0.013,,,,,,,
136,Left,19,0.0000,0.0000,0.0266,0.5292,0.0273,0.0288,0.8475,0.013,,,,,,,
136,Left,20,-0.0003,0.0016,0.0243,0.0000,0.0000,0.0000,1.0000,0.013,,,,,,,
136,Left,21,-0.0230,-0.0094,0.0341,0.0183,-0.1403,0.2070,0.9681,0.013,,,,,,,
136,Left,22,0.0000,0.0000,0.0457,0.4601,-0.0278,-0.0674,0.8849,0.013,,,,,,,
136,Left,23,0.0000,0.0000,0.0307,0.6630,-0.0058,0.0872,0.7435,0.013,,,,,,,
136,Left,24,0.0000,0.0000,0.0203,0.5396,0.0410,-0.0025,0.8409,0.013,,,,,,,
136,Left,25,0.0002,0.0012,0.0219,0.0000,0.0000,0.0000,1.0000,0.013,,,,,,,
136,Right,0,-0.0023,-0.0053,0.0652,0.0000,0.0000,0.0000,1.0000,0.013,,,,,,,
136,Right,1,0.0000,0.0000,0.0000,0.0000,0.0000,0.0000,1.0000,0.013,-0.0470,-0.2923,0.0843,0.2025,0.4463,0.8677,-0.0834
136,Right,2,-0.0289,-0.0181,0.0355,-0.0753,-0.3256,0.5997,0.7271,0.013,,,,,,,
136,Right,3,0.0000,0.0000,0.0325,0.2620,0.0459,-0.0809,0.9606,0.013,,,,,,,
136,Right,4,0.0000,0.0000,0.0338,0.1626,-0.0461,0.0775,0.9826,0.013,,,,,,,
136,Right,5,0.0007,0.0010,0.0246,0.0000,0.0000,0.0000,1.0000,0.013,,,,,,,
136,Right,6,-0.0192,-0.0105,0.0369,0.0000,0.0000,0.0000,1.0000,0.013,,,,,,,
136,Right,7,-0.0044,0.0032,0.0591,0.1900,0.0676,0.0260,0.9791,0.013,,,,,,,
136,Right,8,0.0000,0.0000,0.0379,0.2064,0.0017,-0.0263,0.9781,0.013,,,,,,,
136,Right,9,0.0000,0.0000,0.0243,0.0678,0.0249,-0.0167,0.9972,0.013,,,,,,,
136,Right,10,0.0003,0.0010,0.0224,0.0000,0.0000,0.0000,1.0000,0.013,,,,,,,
136,Right,11,-0.0029,-0.0081,0.0348,0.0000,0.0000,0.0000,1.0000,0.013,,,,,,,
136,Right,12,0.0012,0.0056,0.0609,0.2750,0.0749,-0.0256,0.9582,0.013,,,,,,,
136,Right,13,0.0000,0.0000,0.0429,0.1495,0.0026,-0.0121,0.9887,0.013,,,,,,,
136,Right,14,0.0000,0.0000,0.0275,0.0170,-0.0002,-0.0453,0.9988,0.013,,,,,,,
136,Right,15,0.0003,0.0011,0.0250,0.0000,0.0000,0.0000,1.0000,0.013,,,,,,,
136,Right,16,0.0150,-0.0060,0.0348,0.0000,0.0000,0.0000,1.0000,0.013,,,,,,,
136,Right,17,0.0025,-0.0005,0.0539,0.2112,0.0764,-0.0654,0.9723,0.013,,,,,,,
136,Right,18,0.0000,0.0000,0.0390,0.1417,-0.0018,-0.0367,0.9892,0.013,,,,,,,
136,Right,19,0.0000,0.0000,0.0266,0.0619,-0.0295,-0.0075,0.9976,0.013,,,,,,,
136,Right,20,0.0003,0.0016,0.0243,0.0000,0.0000,0.0000,1.0000,0.013,,,,,,,
136,Right,21,0.0230,-0.0094,0.0341,0.0183,0.1403,-0.2070,0.9681,0.013,,,,,,,
136,Right,22,0.0000,0.0000,0.0457,0.0881,-0.0124,0.0893,0.9920,0.013,,,,,,,
136,Right,23,0.0000,0.0000,0.0307,0.1778,0.0348,-0.0537,0.9820,0.013,,,,,,,
136,Right,24,0.0000,0.0000,0.0203,0.0088,-0.0492,0.0008,0.9988,0.013,,,,,,,
136,Right,25,-0.0002,0.0012,0.0219,0.0000,0.0000,0.0000,1.0000,0.013,,,,,,,
137,Left,0,0.0024,-0.0053,0.0652,0.0000,0.0000,0.0000,1.0000,0.013,,,,,,,
137,Left,1,0.0000,0.0000,0.0000,0.0000,0.0000,0.0000,1.0000,0.013,0.3543,0.0520,0.0540,-0.0774,-0.4936,-0.8656,-0.0321
137,Left,2,0.0291,-0.0177,0.0353,-0.0646,0.3498,-0.5970,0.7190,0.013,,,,,,,
137,Left,3,0.0000,0.0000,0.0325,0.2053,-0.0516,0.0819,0.9739,0.013,,,,,,,
137,Left,4,0.0000,0.0000,0.0338,0.2351,0.0393,-0.0746,0.9683,0.013,,,,,,,
137,Left,5,-0.0007,0.0010,0.0246,0.0000,0.0000,0.0000,1.0000,0.013,,,,,,,
137,Left,6,0.0193,-0.0103,0.0368,0.0000,0.0000,0.0000,1.0000,0.013,,,,,,,
137,Left,7,0.0043,0.0030,0.0591,0.4851,0.0090,-0.0518,0.8729,0.013,,,,,,,
137,Left,8,0.0000,0.0000,0.0379,0.6751,0.0121,0.0226,0.7373,0.013,,,,,,,
137,Left,9,0.0000,0.0000,0.0243,0.4693,-0.0153,0.0168,0.8828,0.013,,,,,,,
137,Left,10,-0.0003,0.0010,0.0224,0.0000,0.0000,0.0000,1.0000,0.013,,,,,,,
137,Left,11,0.0031,-0.0081,0.0347,0.0000,0.0000,0.0000,1.0000,0.013,,,,,,,
137,Left,12,-0.0013,0.0055,0.0610,0.5497,-0.0283,0.0243,0.8345,0.013,,,,,,,
137,Left,13,0.0000,0.0000,0.0429,0.5781,0.0029,0.0129,0.8159,0.013,,,,,,,
137,Left,14,0.0000,0.0000,0.0275,0.4774,0.0204,0.0851,0.8743,0.013,,,,,,,
137,Left,15,-0.0003,0.0011,0.0250,0.0000,0.0000,0.0000,1.0000,0.013,,,,,,,
137,Left,16,-0.0150,-0.0060,0.0348,0.0000,0.0000,0.0000,1.0000,0.013,,,,,,,
137,Left,17,-0.0025,-0.0005,0.0539,0.5459,-0.0289,0.0747,0.8340,0.013,,,,,,,
137,Left,18,0.0000,0.0000,0.0390,0.6386,0.0191,0.0419,0.7682,0.013,,,,,,,
137,Left,19,0.0000,0.0000,0.0266,0.5293,0.0273,0.0288,0.8475,0.013,,,,,,,
137,Left,20,-0.0003,0.0016,0.0243,0.0000,0.0000,0.0000,1.0000,0.013,,,,,,,
137,Left,21,-0.0230,-0.0094,0.0341,0.0183,-0.1403,0.2070,0.9681,0.013,,,,,,,
137,Left,22,0.0000,0.0000,0.0457,0.4601,-0.0278,-0.0674,0.8848,0.013,,,,,,,
137,Left,23,0.0000,0.0000,0.0307,0.6630,-0.0058,0.0872,0.7435,0.013,,,,,,,
137,Left,24,0.0000,0.0000,0.0203,0.5396,0.0410,-0.0025,0.8409,0.013,,,,,,,
137,Left,25,0.0002,0.0012,0.0219,0.0000,0.0000,0.0000,1.0000,0.013,,,,,,,
137,Right,0,-0.0023,-0.0053,0.0652,0.0000,0.0000,0.0000,1.0000,0.013,,,,,,,
137,Right,1,0.0000,0.0000,0.0000,0.0000,0.0000,0.0000,1.0000,0.013,-0.0470,-0.2923,0.0843,0.2025,0.4463,0.8677,-0.0834
137,Right,2,-0.0289,-0.0181,0.0355,-0.0753,-0.3256,0.5997,0.7271,0.013,,,,,,,
137,Right,3,0.0000,0.0000,0.0325,0.2620,0.0459,-0.0809,0.9606,0.013,,,,,,,
137,Right,4,0.0000,0.0000,0.0338,0.1626,-0.0461,0.0775,0.9826,0.013,,,,,,,
137,Right,5,0.0007,0.0010,0.0246,0.0000,0.0000,0.0000,1.0000,0.013,,,,,,,
137,Right,6,-0.0192,-0.0105,0.0369,0.0000,0.0000,0.0000,1.0000,0.013,,,,,,,
137,Right,7,-0.0044,0.0032,0.0591,0.1900,0.0676,0.0260,0.9791,0.013,,,,,,,
137,Right,8,0.0000,0.0000,0.0379,0.2064,0.0017,-0.0263,0.9781,0.013,,,,,,,
137,Right,9,0.0000,0.0000,0.0243,0.0678,0.0249,-0.0167,0.9972,0.013,,,,,,,
137,Right,10,0.0003,0.0010,0.0224,0.0000,0.0000,0.0000,1.0000,0.013,,,,,,,
137,Right,11,-0.0029,-0.0081,0.0348,0.0000,0.0000,0.0000,1.0000,0.013,,,,,,,
137,Right,12,0.0012,0.0056,0.0609,0.2750,0.0749,-0.0256,0.9582,0.013,,,,,,,
137,Right,13,0.0000,0.0000,0.0429,0.1495,0.0026,-0.0121,0.9887,0.013,,,,,,,
137,Right,14,0.0000,0.0000,0.0275,0.0170,-0.0002,-0.0453,0.9988,0.013,,,,,,,
137,Right,15,0.0003,0.0011,0.0250,0.0000,0.0000,0.0000,1.0000,0.013,,,,,,,
137,Right,16,0.0150,-0.0060,0.0348,0.0000,0.0000,0.0000,1.0000,0.013,,,,,,,
137,Right,17,0.0025,-0.0005,0.0539,0.2112,0.0764,-0.0654,0.9723,0.013,,,,,,,
137,Right,18,0.0000,0.0000,0.0390,0.1417,-0.0018,-0.0367,0.9892,0.013,,,,,,,
137,Right,19,0.0000,0.0000,0.0266,0.0619,-0.0295,-0.0075,0.9976,0.013,,,,,,,
137,Right,20,0.0003,0.0016,0.0243,0.0000,0.0000,0.0000,1.0000,0.013,,,,,,,
137,Right,21,0.0230,-0.0094,0.0341,0.0183,0.1403,-0.2070,0.9681,0.013,,,,,,,
137,Right,22,0.0000,0.0000,0.0457,0.0881,-0.0124,0.0893,0.9920,0.013,,,,,,,
137,Right,23,0.0000,0.0000,0.0307,0.1778,0.0348,-0.0537,0.9820,0.013,,,,,,,
137,Right,24,0.0000,0.0000,0.0203,0.0088,-0.0492,0.0008,0.9988,0.013,,,,,,,
137,Right,25,-0.0002,0.0012,0.0219,0.0000,0.0000,0.0000,1.0000,0.013,,,,,,,
138,Left,0,0.0024,-0.0053,0.0652,0.0000,0.0000,0.0000,1.0000,0.014,,,,,,,
138,Left,1,0.0000,0.0000,0.0000,0.0000,0.0000,0.0000,1.0000,0.014,0.3543,0.0520,0.0539,-0.0774,-0.4936,-0.8656,-0.0321
138,Left,2,0.0291,-0.0177,0.0353,-0.0646,0.3498,-0.5970,0.7190,0.014,,,,,,,
138,Left,3,0.0000,0.0000,0.0325,0.2053,-0.0516,0.0819,0.9739,0.014,,,,,,,
138,Left,4,0.0000,0.0000,0.0338,0.2351,0.0393,-0.0746,0.9683,0.014,,,,,,,
138,Left,5,-0.0007,0.0010,0.0246,0.0000,0.0000,0.0000,1.0000,0.014,,,,,,,
138,Left,6,0.0193,-0.0103,0.0368,0.0000,0.0000,0.0000,1.0000,0.014,,,,,,,
138,Left,7,0.0043,0.0030,0.0591,0.4851,0.0090,-0.0518,0.8729,0.014,,,,,,,
138,Left,8,0.0000,0.0000,0.0379,0.6751,0.0121,0.0226,0.7373,0.014,,,,,,,
138,Left,9,0.0000,0.0000,0.0243,0.4693,-0.0153,0.0168,0.8828,0.014,,,,,,,
138,Left,10,-0.0003,0.0010,0.0224,0.0000,0.0000,0.0000,1.0000,0.014,,,,,,,
138,Left,11,0.0031,-0.0081,0.0347,0.0000,0.0000,0.0000,1.0000,0.014,,,,,,,
138,Left,12,-0.0013,0.0055,0.0610,0.5498,-0.0283,0.0243,0.8345,0.014,,,,,,,
138,Left,13,0.0000,0.0000,0.0429,0.5781,0.0029,0.0129,0.8159,0.014,,,,,,,
138,Left,14,0.0000,0.0000,0.0275,0.4774,0.0204,0.0851,0.8743,0.014,,,,,,,
138,Left,15,-0.0003,0.0011,0.0250,0.0000,0.0000,0.0000,1.0000,0.014,,,,,,,
138,Left,16,-0.0150,-0.0060,0.0348,0.0000,0.0000,0.0000,1.0000,0.014,,,,,,,
138,Left,17,-0.0025,-0.0005,0.0539,0.5459,-0.0289,0.0747,0.8340,0.014,,,,,,,
138,Left,18,0.0000,0.0000,0.0390,0.6386,0.0191,0.0419,0.7682,0.014,,,,,,,
138,Left,19,0.0000,0.0000,0.0266,0.5293,0.0273,0.0288,0.8475,0.014,,,,,,,
138,Left,20,-0.0003,0.0016,0.0243,0.0000,0.0000,0.0000,1.0000,0.014,,,,,,,
138,Left,21,-0.0230,-0.0094,0.0341,0.0183,-0.1403,0.2070,0.9681,0.014,,,,,,,
138,Left,22,0.0000,0.0000,0.0457,0.4602,-0.0278,-0.0674,0.8848,0.014,,,,,,,
138,Left,23,0.0000,0.0000,0.0307,0.6630,-0.0058,0.0872,0.7435,0.014,,,,,,,
138,Left,24,0.0000,0.0000,0.0203,0.5396,0.0410,-0.0025,0.8409,0.014,,,,,,,
138,Left,25,0.0002,0.0012,0.0219,0.0000,0.0000,0.0000,1.0000,0.014,,,,,,,
138,Right,0,-0.0023,-0.0053,0.0652,0.0000,0.0000,0.0000,1.0000,0.014,,,,,,,
138,Right,1,0.0000,0.0000,0.0000,0.0000,0.0000,0.0000,1.0000,0.014,-0.0470,-0.2923,0.0843,0.2025,0.4463,0.8677,-0.0834
138,Right,2,-0.0289,-0.0181,0.0355,-0.0753,-0.3256,0.5997,0.7271,0.014,,,,,,,
138,Right,3,0.0000,0.0000,0.0325,0.2620,0.0459,-0.0809,0.9606,0.014,,,,,,,
138,Right,4,0.0000,0.0000,0.0338,0.1626,-0.0461,0.0775,0.9826,0.014,,,,,,,
138,Right,5,0.0007,0.0010,0.0246,0.0000,0.0000,0.0000,1.0000,0.014,,,,,,,
138,Right,6,-0.0192,-0.0105,0.0369,0.0000,0.0000,0.0000,1.0000,0.014,,,,,,,
138,Right,7,-0.0044,0.0032,0.0591,0.1900,0.0676,0.0260,0.9791,0.014,,,,,,,
138,Right,8,0.0000,0.0000,0.0379,0.2064,0.0017,-0.0263,0.9781,0.014,,,,,,,
138,Right,9,0.0000,0.0000,0.0243,0.0678,0.0249,-0.0167,0.9972,0.014,,,,,,,
138,Right,10,0.0003,0.0010,0.0224,0.0000,0.0000,0.0000,1.0000,0.014,,,,,,,
138,Right,11,-0.0029,-0.0081,0.0348,0.0000,0.0000,0.0000,1.0000,0.014,,,,,,,
138,Right,12,0.0012,0.0056,0.0609,0.2750,0.0749,-0.0256,0.9582,0.014,,,,,,,
138,Right,13,0.0000,0.0000,0.0429,0.1495,0.0026,-0.0121,0.9887,0.014,,,,,,,
138,Right,14,0.0000,0.0000,0.0275,0.0170,-0.0002,-0.0453,0.9988,0.014,,,,,,,
138,Right,15,0.0003,0.0011,0.0250,0.0000,0.0000,0.0000,1.0000,0.014,,,,,,,
138,Right,16,0.0150,-0.0060,0.0348,0.0000,0.0000,0.0000,1.0000,0.014,,,,,,,
138,Right,17,0.0025,-0.0005,0.0539,0.2112,0.0764,-0.0654,0.9723,0.014,,,,,,,
138,Right,18,0.0000,0.0000,0.0390,0.1417,-0.0018,-0.0367,0.9892,0.014,,,,,,,
138,Right,19,0.0000,0.0000,0.0266,0.0619,-0.0295,-0.0075,0.9976,0.014,,,,,,,
138,Right,20,0.0003,0.0016,0.0243,0.0000,0.0000,0.0000,1.0000,0.014,,,,,,,
138,Right,21,0.0230,-0.0094,0.0341,0.0183,0.1403,-0.2070,0.9681,0.014,,,,,,,
138,Right,22,0.0000,0.0000,0.0457,0.0881,-0.0124,0.0893,0.9920,0.014,,,,,,,
138,Right,23,0.0000,0.0000,0.0307,0.1778,0.0348,-0.0537,0.9820,0.014,,,,,,,
138,Right,24,0.0000,0.0000,0.0203,0.0088,-0.0492,0.0008,0.9988,0.014,,,,,,,
138,Right,25,-0.0002,0.0012,0.0219,0.0000,0.0000,0.0000,1.0000,0.014,,,,,,,
139,Left,0,0.0024,-0.0053,0.0652,0.0000,0.0000,0.0000,1.0000,0.014,,,,,,,
139,Left,1,0.0000,0.0000,0.0000,0.0000,0.0000,0.0000,1.0000,0.014,0.3543,0.0520,0.0539,-0.0774,-0.4936,-0.8656,-0.0321
139,Left,2,0.0291,-0.0177,0.0353,-0.0646,0.3498,-0.5970,0.7190,0.014,,,,,,,
139,Left,3,0.0000,0.0000,0.0325,0.2053,-0.0516,0.0819,0.9739,0.014,,,,,,,
139,Left,4,0.0000,0.0000,0.0338,0.2351,0.0393,-0.0746,0.9683,0.014,,,,,,,
139,Left,5,-0.0007,0.0010,0.0246,0.0000,0.0000,0.0000,1.0000,0.014,,,,,,,
139,Left,6,0.0193,-0.0103,0.0368,0.0000,0.0000,0.0000,1.0000,0.014,,,,,,,
139,Left,7,0.0043,0.0030,0.0591,0.4851,0.0090,-0.0518,0.8729,0.014,,,,,,,
139,Left,8,0.0000,0.0000,0.0379,0.6751,0.0121,0.0226,0.7373,0.014,,,,,,,
139,Left,9,0.0000,0.0000,0.0243,0.4693,-0.0153,0.0168,0.8828,0.014,,,,,,,
139,Left,10,-0.0003,0.0010,0.0224,0.0000,0.0000,0.0000,1.0000,0.014,,,,,,,
139,Left,11,0.0031,-0.0081,0.0347,0.0000,0.0000,0.0000,1.0000,0.014,,,,,,,
139,Left,12,-0.0013,0.0055,0.0610,0.5498,-0.0283,0.0243,0.8345,0.014,,,,,,,
139,Left,13,0.0000,0.0000,0.0429,0.5781,0.0029,0.0129,0.8159,0.014,,,,,,,
139,Left,14,0.0000,0.0000,0.0275,0.4774,0.0204,0.0851,0.8743,0.014,,,,,,,
139,Left,15,-0.0003,0.0011,0.0250,0.0000,0.0000,0.0000,1.0000,0.014,,,,,,,
139,Left,16,-0.0150,-0.0060,0.0348,0.0000,0.0000,0.0000,1.0000,0.014,,,,,,,
139,Left,17,-0.0025,-0.0005,0.0539,0.5459,-0.0289,0.0747,0.8340,0.014,,,,,,,
139,Left,18,0.0000,0.0000,0.0390,0.6386,0.0191,0.0419,0.7682,0.014,,,,,,,
139,Left,19,0.0000,0.0000,0.0266,0.5293,0.0273,0.0288,0.8475,0.014,,,,,,,
139,Left,20,-0.0003,0.0016,0.0243,0.0000,0.0000,0.0000,1.0000,0.014,,,,,,,
139,Left,21,-0.0230,-0.0094,0.0341,0.0183,-0.1403,0.2070,0.9681,0.014,,,,,,,
139,Left,22,0.0000,0.0000,0.0457,0.4602,-0.0278,-0.0674,0.8848,0.014,,,,,,,
139,Left,23,0.0000,0.0000,0.0307,0.6630,-0.0058,0.0872,0.7435,0.014,,,,,,,
139,Left,24,0.0000,0.0000,0.0203,0.5396,0.0410,-0.0025,0.8409,0.014,,,,,,,
139,Left,25,0.0002,0.0012,0.0219,0.0000,0.0000,0.0000,1.0000,0.014,,,,,,,
139,Right,0,-0.0023,-0.0053,0.0652,0.0000,0.0000,0.0000,1.0000,0.014,,,,,,,
139,Right,1,0.0000,0.0000,0.0000,0.0000,0.0000,0.0000,1.0000,0.014,-0.0470,-0.2923,0.0843,0.2025,0.4463,0.8677,-0.0834
139,Right,2,-0.0289,-0.0181,0.0355,-0.0753,-0.3256,0.5997,0.7271,0.014,,,,,,,
139,Right,3,0.0000,0.0000,0.0325,0.2620,0.0459,-0.0809,0.9606,0.014,,,,,,,
139,Right,4,0.0000,0.0000,0.0338,0.1626,-0.0461,0.0775,0.9826,0.014,,,,,,,
139,Right,5,0.0007,0.0010,0.0246,0.0000,0.0000,0.0000,1.0000,0.014,,,,,,,
139,Right,6,-0.0192,-0.0105,0.0369,0.0000,0.0000,0.0000,1.0000,0.014,,,,,,,
139,Right,7,-0.0044,0.0032,0.0591,0.1900,0.0676,0.0260,0.9791,0.014,,,,,,,
139,Right,8,0.0000,0.0000,0.0379,0.2064,0.0017,-0.0263,0.9781,0.014,,,,,,,
139,Right,9,0.0000,0.0000,0.0243,0.0678,0.0249,-0.0167,0.9972,0.014,,,,,,,
139,Right,10,0.0003,0.0010,0.0224,0.0000,0.0000,0.0000,1.0000,0.014,,,,,,,
139,Right,11,-0.0029,-0.0081,0.0348,0.0000,0.0000,0.0000,1.0000,0.014,,,,,,,
139,Right,12,0.0012,0.0056,0.0609,0.2750,0.0749,-0.0256,0.9582,0.014,,,,,,,
139,Right,13,0.0000,0.0000,0.0429,0.1495,0.0026,-0.0121,0.9887,0.014,,,,,,,
139,Right,14,0.0000,0.0000,0.0275,0.0170,-0.0002,-0.0453,0.9988,0.014,,,,,,,
139,Right,15,0.0003,0.0011,0.0250,0.0000,0.0000,0.0000,1.0000,0.014,,,,,,,
139,Right,16,0.0150,-0.0060,0.0348,0.0000,0.0000,0.0000,1.0000,0.014,,,,,,,
139,Right,17,0.0025,-0.0005,0.0539,0.2112,0.0764,-0.0654,0.9723,0.014,,,,,,,
139,Right,18,0.0000,0.0000,0.0390,0.1417,-0.0018,-0.0367,0.9892,0.014,,,,,,,
139,Right,19,0.0000,0.0000,0.0266,0.0619,-0.0295,-0.0075,0.9976,0.014,,,,,,,
139,Right,20,0.0003,0.0016,0.0243,0.0000,0.0000,0.0000,1.0000,0.014,,,,,,,
139,Right,21,0.0230,-0.0094,0.0341,0.0183,0.1403,-0.2070,0.9681,0.014,,,,,,,
139,Right,22,0.0000,0.0000,0.0457,0.0881,-0.0124,0.0893,0.9920,0.014,,,,,,,
139,Right,23,0.0000,0.0000,0.0307,0.1778,0.0348,-0.0537,0.9820,0.014,,,,,,,
139,Right,24,0.0000,0.0000,0.0203,0.0088,-0.0492,0.0008,0.9988,0.014,,,,,,,
139,Right,25,-0.0002,0.0012,0.0219,0.0000,0.0000,0.0000,1.0000,0.014,,,,,,,
140,Left,0,0.0024,-0.0053,0.0652,0.0000,0.0000,0.0000,1.0000,0.014,,,,,,,
140,Left,1,0.0000,0.0000,0.0000,0.0000,0.0000,0.0000,1.0000,0.014,0.3543,0.0520,0.0539,-0.0774,-0.4936,-0.8656,-0.0321
140,Left,2,0.0291,-0.0177,0.0353,-0.0646,0.3498,-0.5970,0.7190,0.014,,,,,,,
140,Left,3,0.0000,0.0000,0.0325,0.2053,-0.0516,0.0819,0.9739,0.014,,,,,,,
140,Left,4,0.0000,0.0000,0.0338,0.2351,0.0393,-0.0746,0.9683,0.014,,,,,,,
140,Left,5,-0.0007,0.0010,0.0246,0.0000,0.0000,0.0000,1.0000,0.014,,,,,,,
140,Left,6,0.0193,-0.0103,0.0368,0.0000,0.0000,0.0000,1.0000,0.014,,,,,,,
140,Left,7,0.0043,0.0030,0.0591,0.4851,0.0090,-0.0518,0.8729,0.014,,,,,,,
140,Left,8,0.0000,0.0000,0.0379,0.6751,0.0121,0.0226,0.7373,0.014,,,,,,,
140,Left,9,0.0000,0.0000,0.0243,0.4693,-0.0153,0.0168,0.8827,0.014,,,,,,,
140,Left,10,-0.0003,0.0010,0.0224,0.0000,0.0000,0.0000,1.0000,0.014,,,,,,,
140,Left,11,0.0031,-0.0081,0.0347,0.0000,0.0000,0.0000,1.0000,0.014,,,,,,,
140,Left,12,-0.0013,0.0055,0.0610,0.5498,-0.0283,0.0243,0.8345,0.014,,,,,,,
140,Left,13,0.0000,0.0000,0.0429,0.5781,0.0029,0.0129,0.8159,0.014,,,,,,,
140,Left,14,0.0000,0.0000,0.0275,0.4774,0.0204,0.0851,0.8743,0.014,,,,,,,
140,Left,15,-0.0003,0.0011,0.0250,0.0000,0.0000,0.0000,1.0000,0.014,,,,,,,
140,Left,16,-0.0150,-0.0060,0.0348,0.0000,0.0000,0.0000,1.0000,0.014,,,,,,,
140,Left,17,-0.0025,-0.0005,0.0539,0.5459,-0.0289,0.0747,0.8340,0.014,,,,,,,
140,Left,18,0.0000,0.0000,0.0390,0.6386,0.0191,0.0419,0.7682,0.014,,,,,,,
140,Left,19,0.0000,0.0000,0.0266,0.5293,0.0273,0.0288,0.8475,0.014,,,,,,,
140,Left,20,-0.0003,0.0016,0.0243,0.0000,0.0000,0.0000,1.0000,0.014,,,,,,,
140,Left,21,-0.0230,-0.0094,0.0341,0.0183,-0.1403,0.2070,0.9681,0.014,,,,,,,
140,Left,22,0.0000,0.0000,0.0457,0.4602,-0.0278,-0.0674,0.8848,0.014,,,,,,,
140,Left,23,0.0000,0.0000,0.0307,0.6630,-0.0058,0.0872,0.7435,0.014,,,,,,,
140,Left,24,0.0000,0.0000,0.0203,0.5396,0.0410,-0.0025,0.8409,0.014,,,,,,,
140,Left,25,0.0002,0.0012,0.0219,0.0000,0.0000,0.0000,1.0000,0.014,,,,,,,
140,Right,0,-0.0023,-0.0053,0.0652,0.0000,0.0000,0.0000,1.0000,0.014,,,,,,,
140,Right,1,0.0000,0.0000,0.0000,0.0000,0.0000,0.0000,1.0000,0.014,-0.0470,-0.2923,0.0843,0.2025,0.4463,0.8677,-0.0834
140,Right,2,-0.0289,-0.0181,0.0355,-0.0753,-0.3256,0.5997,0.7271,0.014,,,,,,,
140,Right,3,0.0000,0.0000,0.0325,0.2620,0.0459,-0.0809,0.9606,0.014,,,,,,,
140,Right,4,0.0000,0.0000,0.0338,0.1626,-0.0461,0.0775,0.9826,0.014,,,,,,,
140,Right,5,0.0007,0.0010,0.0246,0.0000,0.0000,0.0000,1.0000,0.014,,,,,,,
140,Right,6,-0.0192,-0.0105,0.0369,0.0000,0.0000,0.0000,1.0000,0.014,,,,,,,
140,Right,7,-0.0044,0.0032,0.0591,0.1900,0.0676,0.0260,0.9791,0.014,,,,,,,
140,Right,8,0.0000,0.0000,0.0379,0.2064,0.0017,-0.0263,0.9781,0.014,,,,,,,
140,Right,9,0.0000,0.0000,0.0243,0.0678,0.0249,-0.0167,0.9972,0.014,,,,,,,
140,Right,10,0.0003,0.0010,0.0224,0.0000,0.0000,0.0000,1.0000,0.014,,,,,,,
140,Right,11,-0.0029,-0.0081,0.0348,0.0000,0.0000,0.0000,1.0000,0.014,,,,,,,
140,Right,12,0.0012,0.0056,0.0609,0.2750,0.0749,-0.0256,0.9582,0.014,,,,,,,
140,Right,13,0.0000,0.0000,0.0429,0.1495,0.0026,-0.0121,0.9887,0.014,,,,,,,
140,Right,14,0.0000,0.0000,0.0275,0.0170,-0.0002,-0.0453,0.9988,0.014,,,,,,,
140,Right,15,0.0003,0.0011,0.0250,0.0000,0.0000,0.0000,1.0000,0.014,,,,,,,
140,Right,16,0.0150,-0.0060,0.0348,0.0000,0.0000,0.0000,1.0000,0.014,,,,,,,
140,Right,17,0.0025,-0.0005,0.0539,0.2112,0.0764,-0.0654,0.9723,0.014,,,,,,,
140,Right,18,0.0000,0.0000,0.0390,0.1417,-0.0018,-0.0367,0.9892,0.014,,,,,,,
140,Right,19,0.0000,0.0000,0.0266,0.0619,-0.0295,-0.0075,0.9976,0.014,,,,,,,
140,Right,20,0.0003,0.0016,0.0243,0.0000,0.0000,0.0000,1.0000,0.014,,,,,,,
140,Right,21,0.0230,-0.0094,0.0341,0.0183,0.1403,-0.2070,0.9681,0.014,,,,,,,
140,Right,22,0.0000,0.0000,0.0457,0.0881,-0.0124,0.0893,0.9920,0.014,,,,,,,
140,Right,23,0.0000,0.0000,0.0307,0.1778,0.0348,-0.0537,0.9820,0.014,,,,,,,
140,Right,24,0.0000,0.0000,0.0203,0.0088,-0.0492,0.0008,0.9988,0.014,,,,,,,
140,Right,25,-0.0002,0.0012,0.0219,0.0000,0.0000,0.0000,1.0000,0.014,,,,,,,
141,Left,0,0.0024,-0.0053,0.0652,0.0000,0.0000,0.0000,1.0000,0.014,,,,,,,
141,Left,1,0.0000,0.0000,0.0000,0.0000,0.0000,0.0000,1.0000,0.014,0.3543,0.0520,0.0539,-0.0774,-0.4936,-0.8656,-0.0321
141,Left,2,0.0291,-0.0177,0.0353,-0.0646,0.3498,-0.5970,0.7190,0.014,,,,,,,
141,Left,3,0.0000,0.0000,0.0325,0.2053,-0.0516,0.0819,0.9739,0.014,,,,,,,
141,Left,4,0.0000,0.0000,0.0338,0.2351,0.0393,-0.0746,0.9683,0.014,,,,,,,
141,Left,5,-0.0007,0.0010,0.0246,0.0000,0.0000,0.0000,1.0000,0.014,,,,,,,
141,Left,6,0.0193,-0.0103,0.0368,0.0000,0.0000,0.0000,1.0000,0.014,,,,,,,
141,Left,7,0.0043,0.0030,0.0591,0.4851,0.0090,-0.0518,0.8729,0.014,,,,,,,
141,Left,8,0.0000,0.0000,0.0379,0.6751,0.0121,0.0226,0.7373,0.014,,,,,,,
141,Left,9,0.0000,0.0000,0.0243,0.4693,-0.0153,0.0168,0.8827,0.014,,,,,,,
141,Left,10,-0.0003,0.0010,0.0224,0.0000,0.0000,0.0000,1.0000,0.014,,,,,,,
141,Left,11,0.0031,-0.0081,0.0347,0.0000,0.0000,0.0000,1.0000,0.014,,,,,,,
141,Left,12,-0.0013,0.0055,0.0610,0.5498,-0.0283,0.0243,0.8345,0.014,,,,,,,
141,Left,13,0.0000,0.0000,0.0429,0.5781,0.0029,0.0129,0.8159,0.014,,,,,,,
141,Left,14,0.0000,0.0000,0.0275,0.4774,0.0204,0.0851,0.8743,0.014,,,,,,,
141,Left,15,-0.0003,0.0011,0.0250,0.0000,0.0000,0.0000,1.0000,0.014,,,,,,,
141,Left,16,-0.0150,-0.0060,0.0348,0.0000,0.0000,0.0000,1.0000,0.014,,,,,,,
141,Left,17,-0.0025,-0.0005,0.0539,0.5459,-0.0289,0.0747,0.8340,0.014,,,,,,,
141,Left,18,0.0000,0.0000,0.0390,0.6386,0.0191,0.0419,0.7682,0.014,,,,,,,
141,Left,19,0.0000,0.0000,0.0266,0.5293,0.0273,0.0288,0.8475,0.014,,,,,,,
141,Left,20,-0.0003,0.0016,0.0243,0.0000,0.0000,0.0000,1.0000,0.014,,,,,,,
141,Left,21,-0.0230,-0.0094,0.0341,0.0183,-0.1403,0.2070,0.9681,0.014,,,,,,,
141,Left,22,0.0000,0.0000,0.0457,0.4602,-0.0278,-0.0674,0.8848,0.014,,,,,,,
141,Left,23,0.0000,0.0000,0.0307,0.6630,-0.0058,0.0872,0.7435,0.014,,,,,,,
141,Left,24,0.0000,0.0000,0.0203,0.5396,0.0410,-0.0025,0.8409,0.014,,,,,,,
141,Left,25,0.0002,0.0012,0.0219,0.0000,0.0000,0.0000,1.0000,0.014,,,,,,,
141,Right,0,-0.0023,-0.0053,0.0652,0.0000,0.0000,0.0000,1.0000,0.014,,,,,,,
141,Right,1,0.0000,0.0000,0.0000,0.0000,0.0000,0.0000,1.0000,0.014,-0.0470,-0.2923,0.0843,0.2025,0.4463,0.8677,-0.0834
141,Right,2,-0.0289,-0.0181,0.0355,-0.0753,-0.3256,0.5997,0.7271,0.014,,,,,,,
141,Right,3,0.0000,0.0000,0.0325,0.2620,0.0459,-0.0809,0.9606,0.014,,,,,,,
141,Right,4,0.0000,0.0000,0.0338,0.1626,-0.0461,0.0775,0.9826,0.014,,,,,,,
141,Right,5,0.0007,0.0010,0.0246,0.0000,0.0000,0.0000,1.0000,0.014,,,,,,,
141,Right,6,-0.0192,-0.0105,0.0369,0.0000,0.0000,0.0000,1.0000,0.014,,,,,,,
141,Right,7,-0.0044,0.0032,0.0591,0.1900,0.0676,0.0260,0.9791,0.014,,,,,,,
141,Right,8,0.0000,0.0000,0.0379,0.2064,0.0017,-0.0263,0.9781,0.014,,,,,,,
141,Right,9,0.0000,0.0000,0.0243,0.0678,0.0249,-0.0167,0.9972,0.014,,,,,,,
141,Right,10,0.0003,0.0010,0.0224,0.0000,0.0000,0.0000,1.0000,0.014,,,,,,,
141,Right,11,-0.0029,-0.0081,0.0348,0.0000,0.0000,0.0000,1.0000,0.014,,,,,,,
141,Right,12,0.0012,0.0056,0.0609,0.2750,0.0749,-0.0256,0.9582,0.014,,,,,,,
141,Right,13,0.0000,0.0000,0.0429,0.1495,0.0026,-0.0121,0.9887,0.014,,,,,,,
141,Right,14,0.0000,0.0000,0.0275,0.0170,-0.0002,-0.0453,0.9988,0.014,,,,,,,
141,Right,15,0.0003,0.0011,0.0250,0.0000,0.0000,0.0000,1.0000,0.014,,,,,,,
141,Right,16,0.0150,-0.0060,0.0348,0.0000,0.0000,0.0000,1.0000,0.014,,,,,,,
141,Right,17,0.0025,-0.0005,0.0539,0.2112,0.0764,-0.0654,0.9723,0.014,,,,,,,
141,Right,18,0.0000,0.0000,0.0390,0.1417,-0.0018,-0.0367,0.9892,0.014,,,,,,,
141,Right,19,0.0000,0.0000,0.0266,0.0619,-0.0295,-0.0075,0.9976,0.014,,,,,,,
141,Right,20,0.0003,0.0016,0.0243,0.0000,0.0000,0.0000,1.0000,0.014,,,,,,,
141,Right,21,0.0230,-0.0094,0.0341,0.0183,0.1403,-0.2070,0.9681,0.014,,,,,,,
141,Right,22,0.0000,0.0000,0.0457,0.0881,-0.0124,0.0893,0.9920,0.014,,,,,,,
141,Right,23,0.0000,0.0000,0.0307,0.1778,0.0348,-0.0537,0.9820,0.014,,,,,,,
141,Right,24,0.0000,0.0000,0.0203,0.0088,-0.0492,0.0008,0.9988,0.014,,,,,,,
141,Right,25,-0.0002,0.0012,0.0219,0.0000,0.0000,0.0000,1.0000,0.014,,,,,,,
142,Left,0,0.0024,-0.0053,0.0652,0.0000,0.0000,0.0000,1.0000,0.014,,,,,,,
142,Left,1,0.0000,0.0000,0.0000,0.0000,0.0000,0.0000,1.0000,0.014,0.3543,0.0520,0.0539,-0.0774,-0.4936,-0.8656,-0.0321
142,Left,2,0.0291,-0.0177,0.0353,-0.0646,0.3498,-0.5970,0.7190,0.014,,,,,,,
142,Left,3,0.0000,0.0000,0.0325,0.2053,-0.0516,0.0819,0.9739,0.014,,,,,,,
142,Left,4,0.0000,0.0000,0.0338,0.2351,0.0393,-0.0746,0.9683,0.014,,,,,,,
142,Left,5,-0.0007,0.0010,0.0246,0.0000,0.0000,0.0000,1.0000,0.014,,,,,,,
142,Left,6,0.0193,-0.0103,0.0368,0.0000,0.0000,0.0000,1.0000,0.014,,,,,,,
142,Left,7,0.0043,0.0030,0.0591,0.4851,0.0090,-0.0518,0.8729,0.014,,,,,,,
142,Left,8,0.0000,0.0000,0.0379,0.6751,0.0121,0.0226,0.7373,0.014,,,,,,,
142,Left,9,0.0000,0.0000,0.0243,0.4693,-0.0153,0.0168,0.8827,0.014,,,,,,,
142,Left,10,-0.0003,0.0010,0.0224,0.0000,0.0000,0.0000,1.0000,0.014,,,,,,,
142,Left,11,0.0031,-0.0081,0.0347,0.0000,0.0000,0.0000,1.0000,0.014,,,,,,,
142,Left,12,-0.0013,0.0055,0.0610,0.5498,-0.0283,0.0243,0.8345,0.014,,,,,,,
142,Left,13,0.0000,0.0000,0.0429,0.5781,0.0029,0.0129,0.8159,0.014,,,,,,,
142,Left,14,0.0000,0.0000,0.0275,0.4774,0.0204,0.0851,0.8743,0.014,,,,,,,
142,Left,15,-0.0003,0.0011,0.0250,0.0000,0.0000,0.0000,1.0000,0.014,,,,,,,
142,Left,16,-0.0150,-0.0060,0.0348,0.0000,0.0000,0.0000,1.0000,0.014,,,,,,,
142,Left,17,-0.0025,-0.0005,0.0539,0.5459,-0.0289,0.0747,0.8340,0.014,,,,,,,
142,Left,18,0.0000,0.0000,0.0390,0.6386,0.0191,0.0419,0.7681,0.014,,,,,,,
142,Left,19,0.0000,0.0000,0.0266,0.5293,0.0273,0.0288,0.8475,0.014,,,,,,,
142,Left,20,-0.0003,0.0016,0.0243,0.0000,0.0000,0.0000,1.0000,0.014,,,,,,,
142,Left,21,-0.0230,-0.0094,0.0341,0.0183,-0.1403,0.2070,0.9681,0.014,,,,,,,
142,Left,22,0.0000,0.0000,0.0457,0.4602,-0.0278,-0.0674,0.8848,0.014,,,,,,,
142,Left,23,0.0000,0.0000,0.0307,0.6630,-0.0058,0.0872,0.7435,0.014,,,,,,,
142,Left,24,0.0000,0.0000,0.0203,0.5396,0.0410,-0.0025,0.8409,0.014,,,,,,,
142,Left,25,0.0002,0.0012,0.0219,0.0000,0.0000,0.0000,1.0000,0.014,,,,,,,
142,Right,0,-0.0023,-0.0053,0.0652,0.0000,0.0000,0.0000,1.0000,0.014,,,,,,,
142,Right,1,0.0000,0.0000,0.0000,0.0000,0.0000,0.0000,1.0000,0.014,-0.0470,-0.2923,0.0843,0.2025,0.4463,0.8677,-0.0834
142,Right,2,-0.0289,-0.0181,0.0355,-0.0753,-0.3256,0.5997,0.7271,0.014,,,,,,,
142,Right,3,0.0000,0.0000,0.0325,0.2620,0.0459,-0.0809,0.9606,0.014,,,,,,,
142,Right,4,0.0000,0.0000,0.0338,0.1626,-0.0461,0.0775,0.9826,0.014,,,,,,,
142,Right,5,0.0007,0.0010,0.0246,0.0000,0.0000,0.0000,1.0000,0.014,,,,,,,
142,Right,6,-0.0192,-0.0105,0.0369,0.0000,0.0000,0.0000,1.0000,0.014,,,,,,,
142,Right,7,-0.0044,0.0032,0.0591,0.1900,0.0676,0.0260,0.9791,0.014,,,,,,,
142,Right,8,0.0000,0.0000,0.0379,0.2064,0.0017,-0.0263,0.9781,0.014,,,,,,,
142,Right,9,0.0000,0.0000,0.0243,0.0678,0.0249,-0.0167,0.9972,0.014,,,,,,,
142,Right,10,0.0003,0.0010,0.0224,0.0000,0.0000,0.0000,1.0000,0.014,,,,,,,
142,Right,11,-0.0029,-0.0081,0.0348,0.0000,0.0000,0.0000,1.0000,0.014,,,,,,,
142,Right,12,0.0012,0.0056,0.0609,0.2750,0.0749,-0.0256,0.9582,0.014,,,,,,,
142,Right,13,0.0000,0.0000,0.0429,0.1495,0.0026,-0.0121,0.9887,0.014,,,,,,,
142,Right,14,0.0000,0.0000,0.0275,0.0170,-0.0002,-0.0453,0.9988,0.014,,,,,,,
142,Right,15,0.0003,0.0011,0.0250,0.0000,0.0000,0.0000,1.0000,0.014,,,,,,,
142,Right,16,0.0150,-0.0060,0.0348,0.0000,0.0000,0.0000,1.0000,0.014,,,,,,,
142,Right,17,0.0025,-0.0005,0.0539,0.2112,0.0764,-0.0654,0.9723,0.014,,,,,,,
142,Right,18,0.0000,0.0000,0.0390,0.1417,-0.0018,-0.0367,0.9892,0.014,,,,,,,
142,Right,19,0.0000,0.0000,0.0266,0.0619,-0.0295,-0.0075,0.9976,0.014,,,,,,,
142,Right,20,0.0003,0.0016,0.0243,0.0000,0.0000,0.0000,1.0000,0.014,,,,,,,
142,Right,21,0.0230,-0.0094,0.0341,0.0183,0.1403,-0.2070,0.9681,0.014,,,,,,,
142,Right,22,0.0000,0.0000,0.0457,0.0881,-0.0124,0.0893,0.9920,0.014,,,,,,,
142,Right,23,0.0000,0.0000,0.0307,0.1778,0.0348,-0.0537,0.9820,0.014,,,,,,,
142,Right,24,0.0000,0.0000,0.0203,0.0088,-0.0492,0.0008,0.9988,0.014,,,,,,,
142,Right,25,-0.0002,0.0012,0.0219,0.0000,0.0000,0.0000,1.0000,0.014,,,,,,,
143,Left,0,0.0024,-0.0053,0.0652,0.0000,0.0000,0.0000,1.0000,0.014,,,,,,,
143,Left,1,0.0000,0.0000,0.0000,0.0000,0.0000,0.0000,1.0000,0.014,0.3543,0.0520,0.0539,-0.0774,-0.4936,-0.8656,-0.0321
143,Left,2,0.0291,-0.0177,0.0353,-0.0646,0.3498,-0.5970,0.7190,0.014,,,,,,,
143,Left,3,0.0000,0.0000,0.0325,0.2053,-0.0516,0.0819,0.9739,0.014,,,,,,,
143,Left,4,0.0000,0.0000,0.0338,0.2351,0.0393,-0.0746,0.9683,0.014,,,,,,,
143,Left,5,-0.0007,0.0010,0.0246,0.0000,0.0000,0.0000,1.0000,0.014,,,,,,,
143,Left,6,0.0193,-0.0103,0.0368,0.0000,0.0000,0.0000,1.0000,0.014,,,,,,,
143,Left,7,0.0043,0.0030,0.0591,0.4851,0.0090,-0.0518,0.8729,0.014,,,,,,,
143,Left,8,0.0000,0.0000,0.0379,0.6751,0.0121,0.0226,0.7373,0.014,,,,,,,
143,Left,9,0.0000,0.0000,0.0243,0.4693,-0.0153,0.0168,0.8827,0.014,,,,,,,
143,Left,10,-0.0003,0.0010,0.0224,0.0000,0.0000,0.0000,1.0000,0.014,,,,,,,
143,Left,11,0.0031,-0.0081,0.0347,0.0000,0.0000,0.0000,1.0000,0.014,,,,,,,
143,Left,12,-0.0013,0.0055,0.0610,0.5498,-0.0283,0.0243,0.8345,0.014,,,,,,,
143,Left,13,0.0000,0.0000,0.0429,0.5781,0.0029,0.0129,0.8159,0.014,,,,,,,
143,Left,14,0.0000,0.0000,0.0275,0.4774,0.0204,0.0851,0.8743,0.014,,,,,,,
143,Left,15,-0.0003,0.0011,0.0250,0.0000,0.0000,0.0000,1.0000,0.014,,,,,,,
143,Left,16,-0.0150,-0.0060,0.0348,0.0000,0.0000,0.0000,1.0000,0.014,,,,,,,
143,Left,17,-0.0025,-0.0005,0.0539,0.5459,-0.0289,0.0747,0.8340,0.014,,,,,,,
143,Left,18,0.0000,0.0000,0.0390,0.6386,0.0191,0.0419,0.7681,0.014,,,,,,,
143,Left,19,0.0000,0.0000,0.0266,0.5293,0.0273,0.0288,0.8475,0.014,,,,,,,
143,Left,20,-0.0003,0.0016,0.0243,0.0000,0.0000,0.0000,1.0000,0.014,,,,,,,
143,Left,21,-0.0230,-0.0094,0.0341,0.0183,-0.1403,0.2070,0.9681,0.014,,,,,,,
143,Left,22,0.0000,0.0000,0.0457,0.4602,-0.0278,-0.0674,0.8848,0.014,,,,,,,
143,Left,23,0.0000,0.0000,0.0307,0.6631,-0.0058,0.0872,0.7435,0.014,,,,,,,
143,Left,24,0.0000,0.0000,0.0203,0.5396,0.0410,-0.0025,0.8409,0.014,,,,,,,
143,Left,25,0.0002,0.0012,0.0219,0.0000,0.0000,0.0000,1.0000,0.014,,,,,,,
143,Right,0,-0.0023,-0.0053,0.0652,0.0000,0.0000,0.0000,1.0000,0.014,,,,,,,
143,Right,1,0.0000,0.0000,0.0000,0.0000,0.0000,0.0000,1.0000,0.014,-0.0470,-0.2923,0.0843,0.2025,0.4463,0.8677,-0.0834
143,Right,2,-0.0289,-0.0181,0.0355,-0.0753,-0.3256,0.5997,0.7271,0.014,,,,,,,
143,Right,3,0.0000,0.0000,0.0325,0.2620,0.0459,-0.0809,0.9606,0.014,,,,,,,
143,Right,4,0.0000,0.0000,0.0338,0.1626,-0.0461,0.0775,0.9826,0.014,,,,,,,
143,Right,5,0.0007,0.0010,0.0246,0.0000,0.0000,0.0000,1.0000,0.014,,,,,,,
143,Right,6,-0.0192,-0.0105,0.0369,0.0000,0.0000,0.0000,1.0000,0.014,,,,,,,
143,Right,7,-0.0044,0.0032,0.0591,0.1900,0.0676,0.0260,0.9791,0.014,,,,,,,
143,Right,8,0.0000,0.0000,0.0379,0.2064,0.0017,-0.0263,0.9781,0.014,,,,,,,
143,Right,9,0.0000,0.0000,0.0243,0.0678,0.0249,-0.0167,0.9972,0.014,,,,,,,
143,Right,10,0.0003,0.0010,0.0224,0.0000,0.0000,0.0000,1.0000,0.014,,,,,,,
143,Right,11,-0.0029,-0.0081,0.0348,0.0000,0.0000,0.0000,1.0000,0.014,,,,,,,
143,Right,12,0.0012,0.0056,0.0609,0.2750,0.0749,-0.0256,0.9582,0.014,,,,,,,
143,Right,13,0.0000,0.0000,0.0429,0.1495,0.0026,-0.0121,0.9887,0.014,,,,,,,
143,Right,14,0.0000,0.0000,0.0275,0.0170,-0.0002,-0.0453,0.9988,0.014,,,,,,,
143,Right,15,0.0003,0.0011,0.0250,0.0000,0.0000,0.0000,1.0000,0.014,,,,,,,
143,Right,16,0.0150,-0.0060,0.0348,0.0000,0.0000,0.0000,1.0000,0.014,,,,,,,
143,Right,17,0.0025,-0.0005,0.0539,0.2112,0.0764,-0.0654,0.9723,0.014,,,,,,,
143,Right,18,0.0000,0.0000,0.0390,0.1417,-0.0018,-0.0367,0.9892,0.014,,,,,,,
143,Right,19,0.0000,0.0000,0.0266,0.0619,-0.0295,-0.0075,0.9976,0.014,,,,,,,
143,Right,20,0.0003,0.0016,0.0243,0.0000,0.0000,0.0000,1.0000,0.014,,,,,,,
143,Right,21,0.0230,-0.0094,0.0341,0.0183,0.1403,-0.2070,0.9681,0.014,,,,,,,
143,Right,22,0.0000,0.0000,0.0457,0.0881,-0.0124,0.0893,0.9920,0.014,,,,,,,
143,Right,23,0.0000,0.0000,0.0307,0.1778,0.0348,-0.0537,0.9820,0.014,,,,,,,
143,Right,24,0.0000,0.0000,0.0203,0.0088,-0.0492,0.0008,0.9988,0.014,,,,,,,
143,Right,25,-0.0002,0.0012,0.0219,0.0000,0.0000,0.0000,1.0000,0.014,,,,,,,
