FrameIndex,HandType,JointID,LocalPosX,LocalPosY,LocalPosZ,LocalRotX,LocalRotY,LocalRotZ,LocalRotW,Timestamp,WorldPosX,WorldPosY,WorldPosZ,WorldRotX,WorldRotY,WorldRotZ,WorldRotW
0,Left,0,0.0024,-0.0053,0.0651,0.0000,0.0000,0.0000,1.0000,0.000,,,,,,,
0,Left,1,0.0000,0.0000,0.0000,0.0000,0.0000,0.0000,1.0000,0.000,0.0281,-0.3875,-0.2914,-0.6568,-0.0879,0.2630,0.7013
0,Left,2,0.0293,-0.0175,0.0352,-0.0744,0.3446,-0.5914,0.7252,0.000,,,,,,,
0,Left,3,0.0000,0.0000,0.0325,0.1945,-0.0527,0.0820,0.9760,0.000,,,,,,,
0,Left,4,0.0000,0.0000,0.0338,0.0835,0.0532,-0.0801,0.9919,0.000,,,,,,,
0,Left,5,-0.0007,0.0010,0.0246,0.0000,0.0000,0.0000,1.0000,0.000,,,,,,,
0,Left,6,0.0194,-0.0102,0.0368,0.0000,0.0000,0.0000,1.0000,0.000,,,,,,,
0,Left,7,0.0042,0.0029,0.0592,0.1105,0.0405,-0.0347,0.9924,0.000,,,,,,,
0,Left,8,0.0000,0.0000,0.0379,0.2069,-0.0017,0.0263,0.9780,0.000,,,,,,,
0,Left,9,0.0000,0.0000,0.0243,0.0805,-0.0246,0.0168,0.9963,0.000,,,,,,,
0,Left,10,-0.0003,0.0010,0.0224,0.0000,0.0000,0.0000,1.0000,0.000,,,,,,,
0,Left,11,0.0032,-0.0080,0.0346,0.0000,0.0000,0.0000,1.0000,0.000,,,,,,,
0,Left,12,-0.0014,0.0055,0.0610,0.1004,-0.0492,0.0112,0.9937,0.000,,,,,,,
0,Left,13,0.0000,0.0000,0.0429,0.2140,-0.0018,0.0124,0.9767,0.000,,,,,,,
0,Left,14,0.0000,0.0000,0.0275,0.0694,0.0025,0.0503,0.9963,0.000,,,,,,,
0,Left,15,-0.0003,0.0011,0.0250,0.0000,0.0000,0.0000,1.0000,0.000,,,,,,,
0,Left,16,-0.0150,-0.0060,0.0348,0.0000,0.0000,0.0000,1.0000,0.000,,,,,,,
0,Left,17,-0.0025,-0.0005,0.0539,0.0987,-0.0964,0.0578,0.9888,0.000,,,,,,,
0,Left,18,0.0000,0.0000,0.0390,0.2249,0.0046,0.0383,0.9736,0.000,,,,,,,
0,Left,19,0.0000,0.0000,0.0266,0.1017,0.0296,0.0094,0.9943,0.000,,,,,,,
0,Left,20,-0.0003,0.0016,0.0243,0.0000,0.0000,0.0000,1.0000,0.000,,,,,,,
0,Left,21,-0.0230,-0.0094,0.0341,0.0183,-0.1403,0.2070,0.9680,0.000,,,,,,,
0,Left,22,0.0000,0.0000,0.0457,-0.0086,-0.0526,-0.0935,0.9942,0.000,,,,,,,
0,Left,23,0.0000,0.0000,0.0307,0.2097,-0.0333,0.0563,0.9756,0.000,,,,,,,
0,Left,24,0.0000,0.0000,0.0203,0.0365,0.0491,-0.0009,0.9981,0.000,,,,,,,
0,Left,25,0.0002,0.0012,0.0219,0.0000,0.0000,0.0000,1.0000,0.000,,,,,,,
0,Right,0,-0.0026,-0.0051,0.0650,0.0000,0.0000,0.0000,1.0000,0.000,,,,,,,
0,Right,1,0.0000,0.0000,0.0000,0.0000,0.0000,0.0000,1.0000,0.000,0.3600,-0.2265,-0.2493,0.4337,0.3967,-0.1366,-0.7974
0,Right,2,-0.0300,-0.0165,0.0347,-0.0527,-0.4018,0.5835,0.7038,0.000,,,,,,,
0,Right,3,0.0000,0.0000,0.0325,0.2132,0.0508,-0.0818,0.9723,0.000,,,,,,,
0,Right,4,0.0000,0.0000,0.0338,0.1692,-0.0455,0.0772,0.9815,0.000,,,,,,,
0,Right,5,0.0007,0.0010,0.0246,0.0000,0.0000,0.0000,1.0000,0.000,,,,,,,
0,Right,6,-0.0197,-0.0097,0.0366,0.0000,0.0000,0.0000,1.0000,0.000,,,,,,,
0,Right,7,-0.0039,0.0024,0.0594,0.0923,-0.0018,0.0321,0.9952,0.000,,,,,,,
0,Right,8,0.0000,0.0000,0.0379,0.1065,0.0044,-0.0262,0.9940,0.000,,,,,,,
0,Right,9,0.0000,0.0000,0.0243,0.0497,0.0252,-0.0167,0.9983,0.000,,,,,,,
0,Right,10,0.0003,0.0010,0.0224,0.0000,0.0000,0.0000,1.0000,0.000,,,,,,,
0,Right,11,-0.0035,-0.0078,0.0344,0.0000,0.0000,0.0000,1.0000,0.000,,,,,,,
0,Right,12,0.0018,0.0052,0.0613,0.1100,0.1199,-0.0163,0.9865,0.000,,,,,,,
0,Right,13,0.0000,0.0000,0.0429,0.1072,0.0031,-0.0119,0.9942,0.000,,,,,,,
0,Right,14,0.0000,0.0000,0.0275,0.0147,-0.0001,-0.0451,0.9989,0.000,,,,,,,
0,Right,15,0.0003,0.0011,0.0250,0.0000,0.0000,0.0000,1.0000,0.000,,,,,,,
0,Right,16,0.0150,-0.0060,0.0348,0.0000,0.0000,0.0000,1.0000,0.000,,,,,,,
0,Right,17,0.0025,-0.0005,0.0539,0.1225,0.1597,-0.0640,0.9775,0.000,,,,,,,
0,Right,18,0.0000,0.0000,0.0390,0.1155,-0.0009,-0.0362,0.9927,0.000,,,,,,,
0,Right,19,0.0000,0.0000,0.0266,0.0587,-0.0295,-0.0074,0.9978,0.000,,,,,,,
0,Right,20,0.0003,0.0016,0.0243,0.0000,0.0000,0.0000,1.0000,0.000,,,,,,,
0,Right,21,0.0230,-0.0094,0.0341,0.0183,0.1403,-0.2070,0.9680,0.000,,,,,,,
0,Right,22,0.0000,0.0000,0.0457,0.0685,0.0871,0.0833,0.9903,0.000,,,,,,,
0,Right,23,0.0000,0.0000,0.0307,0.1728,0.0351,-0.0534,0.9829,0.000,,,,,,,
0,Right,24,0.0000,0.0000,0.0203,0.0209,-0.0491,0.0008,0.9986,0.000,,,,,,,
0,Right,25,-0.0002,0.0012,0.0219,0.0000,0.0000,0.0000,1.0000,0.000,,,,,,,
1,Left,0,0.0024,-0.0053,0.0651,0.0000,0.0000,0.0000,1.0000,0.042,,,,,,,
1,Left,1,0.0000,0.0000,0.0000,0.0000,0.0000,0.0000,1.0000,0.042,0.0277,-0.3556,-0.3005,-0.6794,-0.0787,0.2331,0.6913
1,Left,2,0.0293,-0.0175,0.0352,-0.0903,0.3230,-0.5879,0.7361,0.042,,,,,,,
1,Left,3,0.0000,0.0000,0.0325,0.2114,-0.0510,0.0818,0.9726,0.042,,,,,,,
1,Left,4,0.0000,0.0000,0.0338,0.0968,0.0521,-0.0797,0.9907,0.042,,,,,,,
1,Left,5,-0.0007,0.0010,0.0246,0.0000,0.0000,0.0000,1.0000,0.042,,,,,,,
1,Left,6,0.0194,-0.0102,0.0368,0.0000,0.0000,0.0000,1.0000,0.042,,,,,,,
1,Left,7,0.0042,0.0029,0.0592,0.1113,0.0405,-0.0348,0.9924,0.042,,,,,,,
1,Left,8,0.0000,0.0000,0.0379,0.2023,-0.0018,0.0263,0.9790,0.042,,,,,,,
1,Left,9,0.0000,0.0000,0.0243,0.0769,-0.0247,0.0168,0.9966,0.042,,,,,,,
1,Left,10,-0.0003,0.0010,0.0224,0.0000,0.0000,0.0000,1.0000,0.042,,,,,,,
1,Left,11,0.0031,-0.0080,0.0346,0.0000,0.0000,0.0000,1.0000,0.042,,,,,,,
1,Left,12,-0.0014,0.0055,0.0610,0.1002,-0.0506,0.0113,0.9936,0.042,,,,,,,
1,Left,13,0.0000,0.0000,0.0429,0.2149,-0.0018,0.0124,0.9766,0.042,,,,,,,
1,Left,14,0.0000,0.0000,0.0275,0.0652,0.0023,0.0499,0.9966,0.042,,,,,,,
1,Left,15,-0.0003,0.0011,0.0250,0.0000,0.0000,0.0000,1.0000,0.042,,,,,,,
1,Left,16,-0.0150,-0.0060,0.0348,0.0000,0.0000,0.0000,1.0000,0.042,,,,,,,
1,Left,17,-0.0025,-0.0005,0.0539,0.1159,-0.1024,0.0597,0.9862,0.042,,,,,,,
1,Left,18,0.0000,0.0000,0.0390,0.2334,0.0049,0.0385,0.9716,0.042,,,,,,,
1,Left,19,0.0000,0.0000,0.0266,0.1010,0.0296,0.0094,0.9944,0.042,,,,,,,
1,Left,20,-0.0003,0.0016,0.0243,0.0000,0.0000,0.0000,1.0000,0.042,,,,,,,
1,Left,21,-0.0230,-0.0094,0.0341,0.0183,-0.1403,0.2070,0.9680,0.042,,,,,,,
1,Left,22,0.0000,0.0000,0.0457,0.0420,-0.0566,-0.0883,0.9936,0.042,,,,,,,
1,Left,23,0.0000,0.0000,0.0307,0.2514,-0.0313,0.0596,0.9655,0.042,,,,,,,
1,Left,24,0.0000,0.0000,0.0203,0.0372,0.0491,-0.0009,0.9981,0.042,,,,,,,
1,Left,25,0.0002,0.0012,0.0219,0.0000,0.0000,0.0000,1.0000,0.042,,,,,,,
1,Right,0,-0.0025,-0.0052,0.0651,0.0000,0.0000,0.0000,1.0000,0.042,,,,,,,
1,Right,1,0.0000,0.0000,0.0000,0.0000,0.0000,0.0000,1.0000,0.042,0.3619,-0.2274,-0.2499,0.4363,0.3992,-0.1329,-0.7954
1,Right,2,-0.0297,-0.0169,0.0349,-0.0492,-0.3949,0.5890,0.7034,0.042,,,,,,,
1,Right,3,0.0000,0.0000,0.0325,0.2175,0.0504,-0.0817,0.9713,0.042,,,,,,,
1,Right,4,0.0000,0.0000,0.0338,0.1707,-0.0454,0.0772,0.9813,0.042,,,,,,,
1,Right,5,0.0007,0.0010,0.0246,0.0000,0.0000,0.0000,1.0000,0.042,,,,,,,
1,Right,6,-0.0196,-0.0099,0.0366,0.0000,0.0000,0.0000,1.0000,0.042,,,,,,,
1,Right,7,-0.0040,0.0026,0.0594,0.0925,0.0052,0.0318,0.9952,0.042,,,,,,,
1,Right,8,0.0000,0.0000,0.0379,0.1078,0.0044,-0.0262,0.9938,0.042,,,,,,,
1,Right,9,0.0000,0.0000,0.0243,0.0503,0.0252,-0.0167,0.9983,0.042,,,,,,,
1,Right,10,0.0003,0.0010,0.0224,0.0000,0.0000,0.0000,1.0000,0.042,,,,,,,
1,Right,11,-0.0034,-0.0078,0.0345,0.0000,0.0000,0.0000,1.0000,0.042,,,,,,,
1,Right,12,0.0016,0.0053,0.0612,0.1099,0.1217,-0.0164,0.9863,0.042,,,,,,,
1,Right,13,0.0000,0.0000,0.0429,0.1121,0.0031,-0.0119,0.9936,0.042,,,,,,,
1,Right,14,0.0000,0.0000,0.0275,0.0160,-0.0001,-0.0452,0.9989,0.042,,,,,,,
1,Right,15,0.0003,0.0011,0.0250,0.0000,0.0000,0.0000,1.0000,0.042,,,,,,,
1,Right,16,0.0150,-0.0060,0.0348,0.0000,0.0000,0.0000,1.0000,0.042,,,,,,,
1,Right,17,0.0025,-0.0005,0.0539,0.1215,0.1602,-0.0639,0.9775,0.042,,,,,,,
1,Right,18,0.0000,0.0000,0.0390,0.1181,-0.0010,-0.0362,0.9923,0.042,,,,,,,
1,Right,19,0.0000,0.0000,0.0266,0.0598,-0.0295,-0.0075,0.9977,0.042,,,,,,,
1,Right,20,0.0003,0.0016,0.0243,0.0000,0.0000,0.0000,1.0000,0.042,,,,,,,
1,Right,21,0.0230,-0.0094,0.0341,0.0183,0.1403,-0.2070,0.9680,0.042,,,,,,,
1,Right,22,0.0000,0.0000,0.0457,0.0689,0.0858,0.0834,0.9904,0.042,,,,,,,
1,Right,23,0.0000,0.0000,0.0307,0.1742,0.0350,-0.0535,0.9826,0.042,,,,,,,
1,Right,24,0.0000,0.0000,0.0203,0.0210,-0.0491,0.0008,0.9986,0.042,,,,,,,
1,Right,25,-0.0002,0.0012,0.0219,0.0000,0.0000,0.0000,1.0000,0.042,,,,,,,
2,Left,0,0.0023,-0.0054,0.0652,0.0000,0.0000,0.0000,1.0000,0.083,,,,,,,
2,Left,1,0.0000,0.0000,0.0000,0.0000,0.0000,0.0000,1.0000,0.083,0.0182,-0.3284,-0.2982,-0.6828,-0.0609,0.2188,0.6944
2,Left,2,0.0288,-0.0182,0.0355,-0.0847,0.3107,-0.5987,0.7334,0.083,,,,,,,
2,Left,3,0.0000,0.0000,0.0325,0.2565,-0.0465,0.0810,0.9620,0.083,,,,,,,
2,Left,4,0.0000,0.0000,0.0338,0.1616,0.0462,-0.0775,0.9827,0.083,,,,,,,
2,Left,5,-0.0007,0.0010,0.0246,0.0000,0.0000,0.0000,1.0000,0.083,,,,,,,
2,Left,6,0.0191,-0.0106,0.0370,0.0000,0.0000,0.0000,1.0000,0.083,,,,,,,
2,Left,7,0.0044,0.0032,0.0590,0.1109,0.0483,-0.0351,0.9920,0.083,,,,,,,
2,Left,8,0.0000,0.0000,0.0379,0.1711,-0.0027,0.0263,0.9849,0.083,,,,,,,
2,Left,9,0.0000,0.0000,0.0243,0.0574,-0.0250,0.0167,0.9979,0.083,,,,,,,
2,Left,10,-0.0003,0.0010,0.0224,0.0000,0.0000,0.0000,1.0000,0.083,,,,,,,
2,Left,11,0.0029,-0.0082,0.0348,0.0000,0.0000,0.0000,1.0000,0.083,,,,,,,
2,Left,12,-0.0012,0.0056,0.0609,0.1001,-0.0526,0.0114,0.9935,0.083,,,,,,,
2,Left,13,0.0000,0.0000,0.0429,0.2099,-0.0019,0.0123,0.9776,0.083,,,,,,,
2,Left,14,0.0000,0.0000,0.0275,0.0577,0.0020,0.0492,0.9971,0.083,,,,,,,
2,Left,15,-0.0003,0.0011,0.0250,0.0000,0.0000,0.0000,1.0000,0.083,,,,,,,
2,Left,16,-0.0150,-0.0060,0.0348,0.0000,0.0000,0.0000,1.0000,0.083,,,,,,,
2,Left,17,-0.0025,-0.0005,0.0539,0.1735,-0.1052,0.0659,0.9770,0.083,,,,,,,
2,Left,18,0.0000,0.0000,0.0390,0.2572,0.0057,0.0389,0.9656,0.083,,,,,,,
2,Left,19,0.0000,0.0000,0.0266,0.1178,0.0296,0.0101,0.9925,0.083,,,,,,,
2,Left,20,-0.0003,0.0016,0.0243,0.0000,0.0000,0.0000,1.0000,0.083,,,,,,,
2,Left,21,-0.0230,-0.0094,0.0341,0.0183,-0.1403,0.2070,0.9680,0.083,,,,,,,
2,Left,22,0.0000,0.0000,0.0457,0.1752,-0.0532,-0.0762,0.9801,0.083,,,,,,,
2,Left,23,0.0000,0.0000,0.0307,0.3277,-0.0273,0.0654,0.9421,0.083,,,,,,,
2,Left,24,0.0000,0.0000,0.0203,0.1147,0.0488,-0.0011,0.9922,0.083,,,,,,,
2,Left,25,0.0002,0.0012,0.0219,0.0000,0.0000,0.0000,1.0000,0.083,,,,,,,
2,Right,0,-0.0025,-0.0052,0.0651,0.0000,0.0000,0.0000,1.0000,0.083,,,,,,,
2,Right,1,0.0000,0.0000,0.0000,0.0000,0.0000,0.0000,1.0000,0.083,0.3629,-0.2275,-0.2501,0.4369,0.3988,-0.1270,-0.7962
2,Right,2,-0.0297,-0.0169,0.0349,-0.0520,-0.3897,0.5891,0.7059,0.083,,,,,,,
2,Right,3,0.0000,0.0000,0.0325,0.2184,0.0503,-0.0817,0.9711,0.083,,,,,,,
2,Right,4,0.0000,0.0000,0.0338,0.1721,-0.0452,0.0771,0.9810,0.083,,,,,,,
2,Right,5,0.0007,0.0010,0.0246,0.0000,0.0000,0.0000,1.0000,0.083,,,,,,,
2,Right,6,-0.0196,-0.0099,0.0367,0.0000,0.0000,0.0000,1.0000,0.083,,,,,,,
2,Right,7,-0.0040,0.0026,0.0593,0.0925,0.0061,0.0318,0.9952,0.083,,,,,,,
2,Right,8,0.0000,0.0000,0.0379,0.1084,0.0044,-0.0262,0.9938,0.083,,,,,,,
2,Right,9,0.0000,0.0000,0.0243,0.0507,0.0252,-0.0167,0.9983,0.083,,,,,,,
2,Right,10,0.0003,0.0010,0.0224,0.0000,0.0000,0.0000,1.0000,0.083,,,,,,,
2,Right,11,-0.0033,-0.0079,0.0345,0.0000,0.0000,0.0000,1.0000,0.083,,,,,,,
2,Right,12,0.0016,0.0053,0.0612,0.1098,0.1225,-0.0164,0.9862,0.083,,,,,,,
2,Right,13,0.0000,0.0000,0.0429,0.1129,0.0031,-0.0119,0.9935,0.083,,,,,,,
2,Right,14,0.0000,0.0000,0.0275,0.0167,-0.0002,-0.0453,0.9988,0.083,,,,,,,
2,Right,15,0.0003,0.0011,0.0250,0.0000,0.0000,0.0000,1.0000,0.083,,,,,,,
2,Right,16,0.0150,-0.0060,0.0348,0.0000,0.0000,0.0000,1.0000,0.083,,,,,,,
2,Right,17,0.0025,-0.0005,0.0539,0.1206,0.1604,-0.0637,0.9776,0.083,,,,,,,
2,Right,18,0.0000,0.0000,0.0390,0.1193,-0.0010,-0.0363,0.9922,0.083,,,,,,,
2,Right,19,0.0000,0.0000,0.0266,0.0606,-0.0295,-0.0075,0.9977,0.083,,,,,,,
2,Right,20,0.0003,0.0016,0.0243,0.0000,0.0000,0.0000,1.0000,0.083,,,,,,,
2,Right,21,0.0230,-0.0094,0.0341,0.0183,0.1403,-0.2070,0.9680,0.083,,,,,,,
2,Right,22,0.0000,0.0000,0.0457,0.0694,0.0845,0.0834,0.9905,0.083,,,,,,,
2,Right,23,0.0000,0.0000,0.0307,0.1757,0.0349,-0.0536,0.9824,0.083,,,,,,,
2,Right,24,0.0000,0.0000,0.0203,0.0211,-0.0491,0.0008,0.9986,0.083,,,,,,,
2,Right,25,-0.0002,0.0012,0.0219,0.0000,0.0000,0.0000,1.0000,0.083,,,,,,,
3,Left,0,0.0019,-0.0056,0.0654,0.0000,0.0000,0.0000,1.0000,0.125,,,,,,,
3,Left,1,0.0000,0.0000,0.0000,0.0000,0.0000,0.0000,1.0000,0.125,0.0084,-0.3047,-0.2895,-0.7152,-0.0283,0.1672,0.6780
3,Left,2,0.0271,-0.0202,0.0364,-0.0399,0.3055,-0.6382,0.7055,0.125,,,,,,,
3,Left,3,0.0000,0.0000,0.0325,0.3184,-0.0400,0.0796,0.9438,0.125,,,,,,,
3,Left,4,0.0000,0.0000,0.0338,0.2300,0.0398,-0.0748,0.9695,0.125,,,,,,,
3,Left,5,-0.0007,0.0010,0.0246,0.0000,0.0000,0.0000,1.0000,0.125,,,,,,,
3,Left,6,0.0183,-0.0116,0.0374,0.0000,0.0000,0.0000,1.0000,0.125,,,,,,,
3,Left,7,0.0053,0.0042,0.0586,0.1098,0.0579,-0.0355,0.9916,0.125,,,,,,,
3,Left,8,0.0000,0.0000,0.0379,0.1316,-0.0037,0.0263,0.9909,0.125,,,,,,,
3,Left,9,0.0000,0.0000,0.0243,0.0092,-0.0259,0.0165,0.9995,0.125,,,,,,,
3,Left,10,-0.0003,0.0010,0.0224,0.0000,0.0000,0.0000,1.0000,0.125,,,,,,,
3,Left,11,0.0020,-0.0087,0.0353,0.0000,0.0000,0.0000,1.0000,0.125,,,,,,,
3,Left,12,-0.0003,0.0061,0.0604,0.0988,-0.0593,0.0117,0.9933,0.125,,,,,,,
3,Left,13,0.0000,0.0000,0.0429,0.2003,-0.0020,0.0123,0.9797,0.125,,,,,,,
3,Left,14,0.0000,0.0000,0.0275,0.0553,0.0019,0.0490,0.9973,0.125,,,,,,,
3,Left,15,-0.0003,0.0011,0.0250,0.0000,0.0000,0.0000,1.0000,0.125,,,,,,,
3,Left,16,-0.0150,-0.0060,0.0348,0.0000,0.0000,0.0000,1.0000,0.125,,,,,,,
3,Left,17,-0.0025,-0.0005,0.0539,0.2954,-0.0896,0.0760,0.9481,0.125,,,,,,,
3,Left,18,0.0000,0.0000,0.0390,0.4485,0.0124,0.0413,0.8927,0.125,,,,,,,
3,Left,19,0.0000,0.0000,0.0266,0.2607,0.0295,0.0167,0.9648,0.125,,,,,,,
3,Left,20,-0.0003,0.0016,0.0243,0.0000,0.0000,0.0000,1.0000,0.125,,,,,,,
3,Left,21,-0.0230,-0.0094,0.0341,0.0183,-0.1403,0.2070,0.9680,0.125,,,,,,,
3,Left,22,0.0000,0.0000,0.0457,0.3534,-0.0479,-0.0638,0.9321,0.125,,,,,,,
3,Left,23,0.0000,0.0000,0.0307,0.4831,-0.0183,0.0763,0.8720,0.125,,,,,,,
3,Left,24,0.0000,0.0000,0.0203,0.2604,0.0473,-0.0016,0.9643,0.125,,,,,,,
3,Left,25,0.0002,0.0012,0.0219,0.0000,0.0000,0.0000,1.0000,0.125,,,,,,,
3,Right,0,-0.0025,-0.0052,0.0651,0.0000,0.0000,0.0000,1.0000,0.125,,,,,,,
3,Right,1,0.0000,0.0000,0.0000,0.0000,0.0000,0.0000,1.0000,0.125,0.3629,-0.2273,-0.2504,0.4371,0.3923,-0.1145,-0.8012
3,Right,2,-0.0297,-0.0170,0.0349,-0.0526,-0.3885,0.5892,0.7065,0.125,,,,,,,
3,Right,3,0.0000,0.0000,0.0325,0.2197,0.0502,-0.0816,0.9709,0.125,,,,,,,
3,Right,4,0.0000,0.0000,0.0338,0.1727,-0.0452,0.0771,0.9809,0.125,,,,,,,
3,Right,5,0.0007,0.0010,0.0246,0.0000,0.0000,0.0000,1.0000,0.125,,,,,,,
3,Right,6,-0.0195,-0.0099,0.0367,0.0000,0.0000,0.0000,1.0000,0.125,,,,,,,
3,Right,7,-0.0040,0.0026,0.0593,0.0914,0.0060,0.0318,0.9953,0.125,,,,,,,
3,Right,8,0.0000,0.0000,0.0379,0.1085,0.0044,-0.0262,0.9937,0.125,,,,,,,
3,Right,9,0.0000,0.0000,0.0243,0.0506,0.0252,-0.0167,0.9983,0.125,,,,,,,
3,Right,10,0.0003,0.0010,0.0224,0.0000,0.0000,0.0000,1.0000,0.125,,,,,,,
3,Right,11,-0.0033,-0.0079,0.0345,0.0000,0.0000,0.0000,1.0000,0.125,,,,,,,
3,Right,12,0.0016,0.0053,0.0612,0.1090,0.1226,-0.0164,0.9863,0.125,,,,,,,
3,Right,13,0.0000,0.0000,0.0429,0.1136,0.0031,-0.0119,0.9935,0.125,,,,,,,
3,Right,14,0.0000,0.0000,0.0275,0.0172,-0.0002,-0.0453,0.9988,0.125,,,,,,,
3,Right,15,0.0003,0.0011,0.0250,0.0000,0.0000,0.0000,1.0000,0.125,,,,,,,
3,Right,16,0.0150,-0.0060,0.0348,0.0000,0.0000,0.0000,1.0000,0.125,,,,,,,
3,Right,17,0.0025,-0.0005,0.0539,0.1202,0.1610,-0.0637,0.9775,0.125,,,,,,,
3,Right,18,0.0000,0.0000,0.0390,0.1203,-0.0011,-0.0363,0.9921,0.125,,,,,,,
3,Right,19,0.0000,0.0000,0.0266,0.0613,-0.0295,-0.0075,0.9977,0.125,,,,,,,
3,Right,20,0.0003,0.0016,0.0243,0.0000,0.0000,0.0000,1.0000,0.125,,,,,,,
3,Right,21,0.0230,-0.0094,0.0341,0.0183,0.1403,-0.2070,0.9680,0.125,,,,,,,
3,Right,22,0.0000,0.0000,0.0457,0.0711,0.0836,0.0833,0.9905,0.125,,,,,,,
3,Right,23,0.0000,0.0000,0.0307,0.1781,0.0348,-0.0538,0.9819,0.125,,,,,,,
3,Right,24,0.0000,0.0000,0.0203,0.0217,-0.0491,0.0008,0.9986,0.125,,,,,,,
3,Right,25,-0.0002,0.0012,0.0219,0.0000,0.0000,0.0000,1.0000,0.125,,,,,,,
4,Left,0,0.0016,-0.0058,0.0656,0.0000,0.0000,0.0000,1.0000,0.167,,,,,,,
4,Left,1,0.0000,0.0000,0.0000,0.0000,0.0000,0.0000,1.0000,0.167,0.0036,-0.2836,-0.2832,-0.7299,-0.0214,0.1200,0.6726
4,Left,2,0.0258,-0.0214,0.0370,0.0204,0.3334,-0.6649,0.6681,0.167,,,,,,,
4,Left,3,0.0000,0.0000,0.0325,0.3366,-0.0381,0.0791,0.9376,0.167,,,,,,,
4,Left,4,0.0000,0.0000,0.0338,0.2484,0.0380,-0.0740,0.9651,0.167,,,,,,,
4,Left,5,-0.0007,0.0010,0.0246,0.0000,0.0000,0.0000,1.0000,0.167,,,,,,,
4,Left,6,0.0176,-0.0122,0.0377,0.0000,0.0000,0.0000,1.0000,0.167,,,,,,,
4,Left,7,0.0059,0.0048,0.0583,0.1100,0.0835,-0.0368,0.9897,0.167,,,,,,,
4,Left,8,0.0000,0.0000,0.0379,0.1025,-0.0045,0.0262,0.9944,0.167,,,,,,,
4,Left,9,0.0000,0.0000,0.0243,-0.0208,-0.0264,0.0163,0.9993,0.167,,,,,,,
4,Left,10,-0.0003,0.0010,0.0224,0.0000,0.0000,0.0000,1.0000,0.167,,,,,,,
4,Left,11,0.0014,-0.0090,0.0355,0.0000,0.0000,0.0000,1.0000,0.167,,,,,,,
4,Left,12,0.0003,0.0064,0.0601,0.1219,-0.0737,0.0141,0.9897,0.167,,,,,,,
4,Left,13,0.0000,0.0000,0.0429,0.1443,-0.0027,0.0121,0.9895,0.167,,,,,,,
4,Left,14,0.0000,0.0000,0.0275,0.0427,0.0013,0.0478,0.9979,0.167,,,,,,,
4,Left,15,-0.0003,0.0011,0.0250,0.0000,0.0000,0.0000,1.0000,0.167,,,,,,,
4,Left,16,-0.0150,-0.0060,0.0348,0.0000,0.0000,0.0000,1.0000,0.167,,,,,,,
4,Left,17,-0.0025,-0.0005,0.0539,0.3854,-0.0829,0.0839,0.9152,0.167,,,,,,,
4,Left,18,0.0000,0.0000,0.0390,0.5461,0.0158,0.0418,0.8366,0.167,,,,,,,
4,Left,19,0.0000,0.0000,0.0266,0.3453,0.0291,0.0206,0.9378,0.167,,,,,,,
4,Left,20,-0.0003,0.0016,0.0243,0.0000,0.0000,0.0000,1.0000,0.167,,,,,,,
4,Left,21,-0.0230,-0.0094,0.0341,0.0183,-0.1403,0.2070,0.9680,0.167,,,,,,,
4,Left,22,0.0000,0.0000,0.0457,0.4731,-0.0533,-0.0536,0.8778,0.167,,,,,,,
4,Left,23,0.0000,0.0000,0.0307,0.5543,-0.0137,0.0809,0.8283,0.167,,,,,,,
4,Left,24,0.0000,0.0000,0.0203,0.3492,0.0458,-0.0019,0.9359,0.167,,,,,,,
4,Left,25,0.0002,0.0012,0.0219,0.0000,0.0000,0.0000,1.0000,0.167,,,,,,,
4,Right,0,-0.0025,-0.0052,0.0651,0.0000,0.0000,0.0000,1.0000,0.167,,,,,,,
4,Right,1,0.0000,0.0000,0.0000,0.0000,0.0000,0.0000,1.0000,0.167,0.3628,-0.2272,-0.2506,0.4386,0.3850,-0.1049,-0.8053
4,Right,2,-0.0297,-0.0170,0.0349,-0.0534,-0.3875,0.5891,0.7071,0.167,,,,,,,
4,Right,3,0.0000,0.0000,0.0325,0.2224,0.0499,-0.0816,0.9702,0.167,,,,,,,
4,Right,4,0.0000,0.0000,0.0338,0.1729,-0.0452,0.0771,0.9809,0.167,,,,,,,
4,Right,5,0.0007,0.0010,0.0246,0.0000,0.0000,0.0000,1.0000,0.167,,,,,,,
4,Right,6,-0.0196,-0.0099,0.0367,0.0000,0.0000,0.0000,1.0000,0.167,,,,,,,
4,Right,7,-0.0040,0.0026,0.0593,0.0902,0.0055,0.0317,0.9954,0.167,,,,,,,
4,Right,8,0.0000,0.0000,0.0379,0.1084,0.0044,-0.0262,0.9937,0.167,,,,,,,
4,Right,9,0.0000,0.0000,0.0243,0.0501,0.0252,-0.0167,0.9983,0.167,,,,,,,
4,Right,10,0.0003,0.0010,0.0224,0.0000,0.0000,0.0000,1.0000,0.167,,,,,,,
4,Right,11,-0.0033,-0.0079,0.0345,0.0000,0.0000,0.0000,1.0000,0.167,,,,,,,
4,Right,12,0.0016,0.0053,0.0612,0.1088,0.1218,-0.0163,0.9864,0.167,,,,,,,
4,Right,13,0.0000,0.0000,0.0429,0.1136,0.0031,-0.0119,0.9935,0.167,,,,,,,
4,Right,14,0.0000,0.0000,0.0275,0.0172,-0.0002,-0.0453,0.9988,0.167,,,,,,,
4,Right,15,0.0003,0.0011,0.0250,0.0000,0.0000,0.0000,1.0000,0.167,,,,,,,
4,Right,16,0.0150,-0.0060,0.0348,0.0000,0.0000,0.0000,1.0000,0.167,,,,,,,
4,Right,17,0.0025,-0.0005,0.0539,0.1200,0.1616,-0.0637,0.9775,0.167,,,,,,,
4,Right,18,0.0000,0.0000,0.0390,0.1209,-0.0011,-0.0363,0.9920,0.167,,,,,,,
4,Right,19,0.0000,0.0000,0.0266,0.0617,-0.0295,-0.0075,0.9976,0.167,,,,,,,
4,Right,20,0.0003,0.0016,0.0243,0.0000,0.0000,0.0000,1.0000,0.167,,,,,,,
4,Right,21,0.0230,-0.0094,0.0341,0.0183,0.1403,-0.2070,0.9680,0.167,,,,,,,
4,Right,22,0.0000,0.0000,0.0457,0.0733,0.0835,0.0830,0.9903,0.167,,,,,,,
4,Right,23,0.0000,0.0000,0.0307,0.1803,0.0347,-0.0540,0.9815,0.167,,,,,,,
4,Right,24,0.0000,0.0000,0.0203,0.0226,-0.0491,0.0008,0.9985,0.167,,,,,,,
4,Right,25,-0.0002,0.0012,0.0219,0.0000,0.0000,0.0000,1.0000,0.167,,,,,,,
5,Left,0,0.0015,-0.0058,0.0656,0.0000,0.0000,0.0000,1.0000,0.208,,,,,,,
5,Left,1,0.0000,0.0000,0.0000,0.0000,0.0000,0.0000,1.0000,0.208,0.0027,-0.2639,-0.2819,-0.7274,-0.0438,0.0732,0.6809
5,Left,2,0.0254,-0.0218,0.0371,0.0654,0.3671,-0.6723,0.6395,0.208,,,,,,,
5,Left,3,0.0000,0.0000,0.0325,0.3599,-0.0355,0.0784,0.9290,0.208,,,,,,,
5,Left,4,0.0000,0.0000,0.0338,0.2539,0.0374,-0.0738,0.9637,0.208,,,,,,,
5,Left,5,-0.0007,0.0010,0.0246,0.0000,0.0000,0.0000,1.0000,0.208,,,,,,,
5,Left,6,0.0174,-0.0123,0.0378,0.0000,0.0000,0.0000,1.0000,0.208,,,,,,,
5,Left,7,0.0061,0.0050,0.0582,0.1108,0.1087,-0.0381,0.9871,0.208,,,,,,,
5,Left,8,0.0000,0.0000,0.0379,0.0701,-0.0054,0.0261,0.9972,0.208,,,,,,,
5,Left,9,0.0000,0.0000,0.0243,-0.0330,-0.0266,0.0163,0.9990,0.208,,,,,,,
5,Left,10,-0.0003,0.0010,0.0224,0.0000,0.0000,0.0000,1.0000,0.208,,,,,,,
5,Left,11,0.0012,-0.0091,0.0356,0.0000,0.0000,0.0000,1.0000,0.208,,,,,,,
5,Left,12,0.0005,0.0065,0.0600,0.1802,-0.0803,0.0191,0.9802,0.208,,,,,,,
5,Left,13,0.0000,0.0000,0.0429,0.0709,-0.0035,0.0117,0.9974,0.208,,,,,,,
5,Left,14,0.0000,0.0000,0.0275,0.0145,0.0001,0.0450,0.9989,0.208,,,,,,,
5,Left,15,-0.0003,0.0011,0.0250,0.0000,0.0000,0.0000,1.0000,0.208,,,,,,,
5,Left,16,-0.0150,-0.0060,0.0348,0.0000,0.0000,0.0000,1.0000,0.208,,,,,,,
5,Left,17,-0.0025,-0.0005,0.0539,0.4479,-0.1018,0.0999,0.8826,0.208,,,,,,,
5,Left,18,0.0000,0.0000,0.0390,0.6271,0.0187,0.0419,0.7776,0.208,,,,,,,
5,Left,19,0.0000,0.0000,0.0266,0.4203,0.0285,0.0239,0.9066,0.208,,,,,,,
5,Left,20,-0.0003,0.0016,0.0243,0.0000,0.0000,0.0000,1.0000,0.208,,,,,,,
5,Left,21,-0.0230,-0.0094,0.0341,0.0183,-0.1403,0.2070,0.9680,0.208,,,,,,,
5,Left,22,0.0000,0.0000,0.0457,0.5257,-0.0756,-0.0367,0.8465,0.208,,,,,,,
5,Left,23,0.0000,0.0000,0.0307,0.6106,-0.0097,0.0842,0.7874,0.208,,,,,,,
5,Left,24,0.0000,0.0000,0.0203,0.4161,0.0444,-0.0021,0.9082,0.208,,,,,,,
5,Left,25,0.0002,0.0012,0.0219,0.0000,0.0000,0.0000,1.0000,0.208,,,,,,,
5,Right,0,-0.0025,-0.0052,0.0651,0.0000,0.0000,0.0000,1.0000,0.208,,,,,,,
5,Right,1,0.0000,0.0000,0.0000,0.0000,0.0000,0.0000,1.0000,0.208,0.3632,-0.2269,-0.2524,0.4395,0.3827,-0.1016,-0.8063
5,Right,2,-0.0297,-0.0169,0.0349,-0.0545,-0.3863,0.5887,0.7080,0.208,,,,,,,
5,Right,3,0.0000,0.0000,0.0325,0.2248,0.0497,-0.0816,0.9697,0.208,,,,,,,
5,Right,4,0.0000,0.0000,0.0338,0.1726,-0.0452,0.0771,0.9809,0.208,,,,,,,
5,Right,5,0.0007,0.0010,0.0246,0.0000,0.0000,0.0000,1.0000,0.208,,,,,,,
5,Right,6,-0.0196,-0.0099,0.0367,0.0000,0.0000,0.0000,1.0000,0.208,,,,,,,
5,Right,7,-0.0040,0.0026,0.0593,0.0889,0.0044,0.0317,0.9955,0.208,,,,,,,
5,Right,8,0.0000,0.0000,0.0379,0.1079,0.0044,-0.0262,0.9938,0.208,,,,,,,
5,Right,9,0.0000,0.0000,0.0243,0.0491,0.0252,-0.0167,0.9983,0.208,,,,,,,
5,Right,10,0.0003,0.0010,0.0224,0.0000,0.0000,0.0000,1.0000,0.208,,,,,,,
5,Right,11,-0.0033,-0.0079,0.0345,0.0000,0.0000,0.0000,1.0000,0.208,,,,,,,
5,Right,12,0.0016,0.0053,0.0612,0.1094,0.1205,-0.0163,0.9865,0.208,,,,,,,
5,Right,13,0.0000,0.0000,0.0429,0.1141,0.0030,-0.0119,0.9934,0.208,,,,,,,
5,Right,14,0.0000,0.0000,0.0275,0.0175,-0.0002,-0.0453,0.9988,0.208,,,,,,,
5,Right,15,0.0003,0.0011,0.0250,0.0000,0.0000,0.0000,1.0000,0.208,,,,,,,
5,Right,16,0.0150,-0.0060,0.0348,0.0000,0.0000,0.0000,1.0000,0.208,,,,,,,
5,Right,17,0.0025,-0.0005,0.0539,0.1205,0.1620,-0.0638,0.9773,0.208,,,,,,,
5,Right,18,0.0000,0.0000,0.0390,0.1218,-0.0011,-0.0363,0.9919,0.208,,,,,,,
5,Right,19,0.0000,0.0000,0.0266,0.0623,-0.0295,-0.0076,0.9976,0.208,,,,,,,
5,Right,20,0.0003,0.0016,0.0243,0.0000,0.0000,0.0000,1.0000,0.208,,,,,,,
5,Right,21,0.0230,-0.0094,0.0341,0.0183,0.1403,-0.2070,0.9680,0.208,,,,,,,
5,Right,22,0.0000,0.0000,0.0457,0.0745,0.0840,0.0828,0.9902,0.208,,,,,,,
5,Right,23,0.0000,0.0000,0.0307,0.1819,0.0346,-0.0541,0.9812,0.208,,,,,,,
5,Right,24,0.0000,0.0000,0.0203,0.0232,-0.0491,0.0008,0.9985,0.208,,,,,,,
5,Right,25,-0.0002,0.0012,0.0219,0.0000,0.0000,0.0000,1.0000,0.208,,,,,,,
6,Left,0,0.0015,-0.0058,0.0656,0.0000,0.0000,0.0000,1.0000,0.250,,,,,,,
6,Left,1,0.0000,0.0000,0.0000,0.0000,0.0000,0.0000,1.0000,0.250,0.0054,-0.2498,-0.2855,-0.7057,-0.0475,0.0563,0.7046
6,Left,2,0.0254,-0.0218,0.0371,0.0666,0.3684,-0.6722,0.6387,0.250,,,,,,,
6,Left,3,0.0000,0.0000,0.0325,0.3594,-0.0356,0.0784,0.9292,0.250,,,,,,,
6,Left,4,0.0000,0.0000,0.0338,0.2386,0.0389,-0.0744,0.9675,0.250,,,,,,,
6,Left,5,-0.0007,0.0010,0.0246,0.0000,0.0000,0.0000,1.0000,0.250,,,,,,,
6,Left,6,0.0174,-0.0123,0.0378,0.0000,0.0000,0.0000,1.0000,0.250,,,,,,,
6,Left,7,0.0061,0.0050,0.0582,0.1108,0.1275,-0.0390,0.9849,0.250,,,,,,,
6,Left,8,0.0000,0.0000,0.0379,0.0494,-0.0059,0.0261,0.9984,0.250,,,,,,,
6,Left,9,0.0000,0.0000,0.0243,-0.0327,-0.0266,0.0163,0.9990,0.250,,,,,,,
6,Left,10,-0.0003,0.0010,0.0224,0.0000,0.0000,0.0000,1.0000,0.250,,,,,,,
6,Left,11,0.0012,-0.0091,0.0356,0.0000,0.0000,0.0000,1.0000,0.250,,,,,,,
6,Left,12,0.0005,0.0065,0.0600,0.2106,-0.0805,0.0216,0.9740,0.250,,,,,,,
6,Left,13,0.0000,0.0000,0.0429,0.0362,-0.0039,0.0115,0.9993,0.250,,,,,,,
6,Left,14,0.0000,0.0000,0.0275,0.0132,0.0000,0.0449,0.9989,0.250,,,,,,,
6,Left,15,-0.0003,0.0011,0.0250,0.0000,0.0000,0.0000,1.0000,0.250,,,,,,,
6,Left,16,-0.0150,-0.0060,0.0348,0.0000,0.0000,0.0000,1.0000,0.250,,,,,,,
6,Left,17,-0.0025,-0.0005,0.0539,0.5024,-0.0957,0.1060,0.8527,0.250,,,,,,,
6,Left,18,0.0000,0.0000,0.0390,0.6473,0.0194,0.0419,0.7608,0.250,,,,,,,
6,Left,19,0.0000,0.0000,0.0266,0.4505,0.0282,0.0253,0.8920,0.250,,,,,,,
6,Left,20,-0.0003,0.0016,0.0243,0.0000,0.0000,0.0000,1.0000,0.250,,,,,,,
6,Left,21,-0.0230,-0.0094,0.0341,0.0183,-0.1403,0.2070,0.9680,0.250,,,,,,,
6,Left,22,0.0000,0.0000,0.0457,0.5611,-0.0786,-0.0315,0.8234,0.250,,,,,,,
6,Left,23,0.0000,0.0000,0.0307,0.6254,-0.0087,0.0851,0.7756,0.250,,,,,,,
6,Left,24,0.0000,0.0000,0.0203,0.4497,0.0436,-0.0022,0.8921,0.250,,,,,,,
6,Left,25,0.0002,0.0012,0.0219,0.0000,0.0000,0.0000,1.0000,0.250,,,,,,,
6,Right,0,-0.0025,-0.0052,0.0651,0.0000,0.0000,0.0000,1.0000,0.250,,,,,,,
6,Right,1,0.0000,0.0000,0.0000,0.0000,0.0000,0.0000,1.0000,0.250,0.3633,-0.2267,-0.2525,0.4400,0.3826,-0.0946,-0.8069
6,Right,2,-0.0297,-0.0169,0.0349,-0.0558,-0.3845,0.5885,0.7090,0.250,,,,,,,
6,Right,3,0.0000,0.0000,0.0325,0.2257,0.0496,-0.0815,0.9695,0.250,,,,,,,
6,Right,4,0.0000,0.0000,0.0338,0.1722,-0.0452,0.0771,0.9810,0.250,,,,,,,
6,Right,5,0.0007,0.0010,0.0246,0.0000,0.0000,0.0000,1.0000,0.250,,,,,,,
6,Right,6,-0.0196,-0.0099,0.0367,0.0000,0.0000,0.0000,1.0000,0.250,,,,,,,
6,Right,7,-0.0040,0.0026,0.0593,0.0883,0.0029,0.0318,0.9956,0.250,,,,,,,
6,Right,8,0.0000,0.0000,0.0379,0.1074,0.0044,-0.0262,0.9939,0.250,,,,,,,
6,Right,9,0.0000,0.0000,0.0243,0.0483,0.0252,-0.0167,0.9984,0.250,,,,,,,
6,Right,10,0.0003,0.0010,0.0224,0.0000,0.0000,0.0000,1.0000,0.250,,,,,,,
6,Right,11,-0.0033,-0.0079,0.0345,0.0000,0.0000,0.0000,1.0000,0.250,,,,,,,
6,Right,12,0.0016,0.0053,0.0612,0.1098,0.1195,-0.0162,0.9866,0.250,,,,,,,
6,Right,13,0.0000,0.0000,0.0429,0.1143,0.0030,-0.0119,0.9934,0.250,,,,,,,
6,Right,14,0.0000,0.0000,0.0275,0.0177,-0.0002,-0.0454,0.9988,0.250,,,,,,,
6,Right,15,0.0003,0.0011,0.0250,0.0000,0.0000,0.0000,1.0000,0.250,,,,,,,
6,Right,16,0.0150,-0.0060,0.0348,0.0000,0.0000,0.0000,1.0000,0.250,,,,,,,
6,Right,17,0.0025,-0.0005,0.0539,0.1215,0.1622,-0.0640,0.9772,0.250,,,,,,,
6,Right,18,0.0000,0.0000,0.0390,0.1227,-0.0012,-0.0363,0.9918,0.250,,,,,,,
6,Right,19,0.0000,0.0000,0.0266,0.0629,-0.0295,-0.0076,0.9976,0.250,,,,,,,
6,Right,20,0.0003,0.0016,0.0243,0.0000,0.0000,0.0000,1.0000,0.250,,,,,,,
6,Right,21,0.0230,-0.0094,0.0341,0.0183,0.1403,-0.2070,0.9680,0.250,,,,,,,
6,Right,22,0.0000,0.0000,0.0457,0.0759,0.0847,0.0826,0.9901,0.250,,,,,,,
6,Right,23,0.0000,0.0000,0.0307,0.1848,0.0345,-0.0543,0.9807,0.250,,,,,,,
6,Right,24,0.0000,0.0000,0.0203,0.0241,-0.0491,0.0008,0.9985,0.250,,,,,,,
6,Right,25,-0.0002,0.0012,0.0219,0.0000,0.0000,0.0000,1.0000,0.250,,,,,,,
7,Left,0,0.0015,-0.0058,0.0656,0.0000,0.0000,0.0000,1.0000,0.291,,,,,,,
7,Left,1,0.0000,0.0000,0.0000,0.0000,0.0000,0.0000,1.0000,0.291,0.0035,-0.2324,-0.2828,-0.6579,-0.0401,0.0566,0.7499
7,Left,2,0.0254,-0.0218,0.0371,0.0636,0.3650,-0.6725,0.6407,0.291,,,,,,,
7,Left,3,0.0000,0.0000,0.0325,0.3580,-0.0357,0.0785,0.9297,0.291,,,,,,,
7,Left,4,0.0000,0.0000,0.0338,0.2169,0.0410,-0.0753,0.9724,0.291,,,,,,,
7,Left,5,-0.0007,0.0010,0.0246,0.0000,0.0000,0.0000,1.0000,0.291,,,,,,,
7,Left,6,0.0174,-0.0124,0.0378,0.0000,0.0000,0.0000,1.0000,0.291,,,,,,,
7,Left,7,0.0061,0.0050,0.0582,0.1034,0.1288,-0.0378,0.9855,0.291,,,,,,,
7,Left,8,0.0000,0.0000,0.0379,0.0438,-0.0061,0.0260,0.9987,0.291,,,,,,,
7,Left,9,0.0000,0.0000,0.0243,-0.0311,-0.0265,0.0163,0.9990,0.291,,,,,,,
7,Left,10,-0.0003,0.0010,0.0224,0.0000,0.0000,0.0000,1.0000,0.291,,,,,,,
7,Left,11,0.0012,-0.0091,0.0356,0.0000,0.0000,0.0000,1.0000,0.291,,,,,,,
7,Left,12,0.0005,0.0065,0.0600,0.2097,-0.0809,0.0216,0.9742,0.291,,,,,,,
7,Left,13,0.0000,0.0000,0.0429,0.0253,-0.0041,0.0114,0.9996,0.291,,,,,,,
7,Left,14,0.0000,0.0000,0.0275,0.0122,0.0000,0.0448,0.9989,0.291,,,,,,,
7,Left,15,-0.0003,0.0011,0.0250,0.0000,0.0000,0.0000,1.0000,0.291,,,,,,,
7,Left,16,-0.0150,-0.0060,0.0348,0.0000,0.0000,0.0000,1.0000,0.291,,,,,,,
7,Left,17,-0.0025,-0.0005,0.0539,0.5172,-0.0935,0.1074,0.8439,0.291,,,,,,,
7,Left,18,0.0000,0.0000,0.0390,0.6344,0.0190,0.0419,0.7716,0.291,,,,,,,
7,Left,19,0.0000,0.0000,0.0266,0.4484,0.0283,0.0252,0.8930,0.291,,,,,,,
7,Left,20,-0.0003,0.0016,0.0243,0.0000,0.0000,0.0000,1.0000,0.291,,,,,,,
7,Left,21,-0.0230,-0.0094,0.0341,0.0183,-0.1403,0.2070,0.9680,0.291,,,,,,,
7,Left,22,0.0000,0.0000,0.0457,0.5672,-0.0791,-0.0305,0.8192,0.291,,,,,,,
7,Left,23,0.0000,0.0000,0.0307,0.6138,-0.0095,0.0844,0.7849,0.291,,,,,,,
7,Left,24,0.0000,0.0000,0.0203,0.4495,0.0436,-0.0022,0.8922,0.291,,,,,,,
7,Left,25,0.0002,0.0012,0.0219,0.0000,0.0000,0.0000,1.0000,0.291,,,,,,,
7,Right,0,-0.0025,-0.0052,0.0651,0.0000,0.0000,0.0000,1.0000,0.291,,,,,,,
7,Right,1,0.0000,0.0000,0.0000,0.0000,0.0000,0.0000,1.0000,0.291,0.3635,-0.2268,-0.2527,0.4361,0.3815,-0.0825,-0.8109
7,Right,2,-0.0297,-0.0170,0.0349,-0.0570,-0.3825,0.5885,0.7100,0.291,,,,,,,
7,Right,3,0.0000,0.0000,0.0325,0.2265,0.0495,-0.0815,0.9693,0.291,,,,,,,
7,Right,4,0.0000,0.0000,0.0338,0.1719,-0.0453,0.0771,0.9811,0.291,,,,,,,
7,Right,5,0.0007,0.0010,0.0246,0.0000,0.0000,0.0000,1.0000,0.291,,,,,,,
7,Right,6,-0.0195,-0.0099,0.0367,0.0000,0.0000,0.0000,1.0000,0.291,,,,,,,
7,Right,7,-0.0040,0.0026,0.0593,0.0881,-0.0006,0.0319,0.9956,0.291,,,,,,,
7,Right,8,0.0000,0.0000,0.0379,0.1076,0.0044,-0.0262,0.9938,0.291,,,,,,,
7,Right,9,0.0000,0.0000,0.0243,0.0479,0.0252,-0.0167,0.9984,0.291,,,,,,,
7,Right,10,0.0003,0.0010,0.0224,0.0000,0.0000,0.0000,1.0000,0.291,,,,,,,
7,Right,11,-0.0033,-0.0079,0.0345,0.0000,0.0000,0.0000,1.0000,0.291,,,,,,,
7,Right,12,0.0016,0.0053,0.0611,0.1102,0.1182,-0.0162,0.9867,0.291,,,,,,,
7,Right,13,0.0000,0.0000,0.0429,0.1143,0.0030,-0.0119,0.9934,0.291,,,,,,,
7,Right,14,0.0000,0.0000,0.0275,0.0176,-0.0002,-0.0453,0.9988,0.291,,,,,,,
7,Right,15,0.0003,0.0011,0.0250,0.0000,0.0000,0.0000,1.0000,0.291,,,,,,,
7,Right,16,0.0150,-0.0060,0.0348,0.0000,0.0000,0.0000,1.0000,0.291,,,,,,,
7,Right,17,0.0025,-0.0005,0.0539,0.1227,0.1614,-0.0641,0.9771,0.291,,,,,,,
7,Right,18,0.0000,0.0000,0.0390,0.1234,-0.0012,-0.0364,0.9917,0.291,,,,,,,
7,Right,19,0.0000,0.0000,0.0266,0.0631,-0.0295,-0.0076,0.9975,0.291,,,,,,,
7,Right,20,0.0003,0.0016,0.0243,0.0000,0.0000,0.0000,1.0000,0.291,,,,,,,
7,Right,21,0.0230,-0.0094,0.0341,0.0183,0.1403,-0.2070,0.9680,0.291,,,,,,,
7,Right,22,0.0000,0.0000,0.0457,0.0775,0.0853,0.0823,0.9899,0.291,,,,,,,
7,Right,23,0.0000,0.0000,0.0307,0.1895,0.0343,-0.0547,0.9798,0.291,,,,,,,
7,Right,24,0.0000,0.0000,0.0203,0.0249,-0.0491,0.0008,0.9985,0.291,,,,,,,
7,Right,25,-0.0002,0.0012,0.0219,0.0000,0.0000,0.0000,1.0000,0.291,,,,,,,
8,Left,0,0.0014,-0.0058,0.0656,0.0000,0.0000,0.0000,1.0000,0.333,,,,,,,
8,Left,1,0.0000,0.0000,0.0000,0.0000,0.0000,0.0000,1.0000,0.333,0.0009,-0.2168,-0.2769,-0.6101,-0.0611,0.0311,0.7893
8,Left,2,0.0253,-0.0218,0.0372,0.0570,0.3567,-0.6734,0.6451,0.333,,,,,,,
8,Left,3,0.0000,0.0000,0.0325,0.3579,-0.0357,0.0785,0.9298,0.333,,,,,,,
8,Left,4,0.0000,0.0000,0.0338,0.2158,0.0411,-0.0754,0.9727,0.333,,,,,,,
8,Left,5,-0.0007,0.0010,0.0246,0.0000,0.0000,0.0000,1.0000,0.333,,,,,,,
8,Left,6,0.0174,-0.0124,0.0378,0.0000,0.0000,0.0000,1.0000,0.333,,,,,,,
8,Left,7,0.0062,0.0051,0.0582,0.1022,0.1309,-0.0377,0.9854,0.333,,,,,,,
8,Left,8,0.0000,0.0000,0.0379,0.0420,-0.0061,0.0260,0.9988,0.333,,,,,,,
8,Left,9,0.0000,0.0000,0.0243,-0.0296,-0.0265,0.0163,0.9991,0.333,,,,,,,
8,Left,10,-0.0003,0.0010,0.0224,0.0000,0.0000,0.0000,1.0000,0.333,,,,,,,
8,Left,11,0.0012,-0.0091,0.0356,0.0000,0.0000,0.0000,1.0000,0.333,,,,,,,
8,Left,12,0.0006,0.0065,0.0600,0.2049,-0.0803,0.0211,0.9753,0.333,,,,,,,
8,Left,13,0.0000,0.0000,0.0429,0.0188,-0.0041,0.0114,0.9998,0.333,,,,,,,
8,Left,14,0.0000,0.0000,0.0275,0.0112,-0.0001,0.0447,0.9989,0.333,,,,,,,
8,Left,15,-0.0003,0.0011,0.0250,0.0000,0.0000,0.0000,1.0000,0.333,,,,,,,
8,Left,16,-0.0150,-0.0060,0.0348,0.0000,0.0000,0.0000,1.0000,0.333,,,,,,,
8,Left,17,-0.0025,-0.0005,0.0539,0.5200,-0.0925,0.1073,0.8423,0.333,,,,,,,
8,Left,18,0.0000,0.0000,0.0390,0.6293,0.0188,0.0419,0.7758,0.333,,,,,,,
8,Left,19,0.0000,0.0000,0.0266,0.4445,0.0283,0.0250,0.8950,0.333,,,,,,,
8,Left,20,-0.0003,0.0016,0.0243,0.0000,0.0000,0.0000,1.0000,0.333,,,,,,,
8,Left,21,-0.0230,-0.0094,0.0341,0.0183,-0.1403,0.2070,0.9680,0.333,,,,,,,
8,Left,22,0.0000,0.0000,0.0457,0.5730,-0.0786,-0.0303,0.8152,0.333,,,,,,,
8,Left,23,0.0000,0.0000,0.0307,0.6097,-0.0098,0.0842,0.7881,0.333,,,,,,,
8,Left,24,0.0000,0.0000,0.0203,0.4484,0.0436,-0.0022,0.8927,0.333,,,,,,,
8,Left,25,0.0002,0.0012,0.0219,0.0000,0.0000,0.0000,1.0000,0.333,,,,,,,
8,Right,0,-0.0025,-0.0052,0.0651,0.0000,0.0000,0.0000,1.0000,0.333,,,,,,,
8,Right,1,0.0000,0.0000,0.0000,0.0000,0.0000,0.0000,1.0000,0.333,0.3635,-0.2265,-0.2531,0.4344,0.3803,-0.0787,-0.8127
8,Right,2,-0.0297,-0.0170,0.0349,-0.0581,-0.3806,0.5884,0.7110,0.333,,,,,,,
8,Right,3,0.0000,0.0000,0.0325,0.2272,0.0494,-0.0815,0.9692,0.333,,,,,,,
8,Right,4,0.0000,0.0000,0.0338,0.1713,-0.0453,0.0771,0.9812,0.333,,,,,,,
8,Right,5,0.0007,0.0010,0.0246,0.0000,0.0000,0.0000,1.0000,0.333,,,,,,,
8,Right,6,-0.0195,-0.0100,0.0367,0.0000,0.0000,0.0000,1.0000,0.333,,,,,,,
8,Right,7,-0.0040,0.0026,0.0593,0.0880,-0.0020,0.0319,0.9956,0.333,,,,,,,
8,Right,8,0.0000,0.0000,0.0379,0.1077,0.0044,-0.0262,0.9938,0.333,,,,,,,
8,Right,9,0.0000,0.0000,0.0243,0.0476,0.0252,-0.0167,0.9984,0.333,,,,,,,
8,Right,10,0.0003,0.0010,0.0224,0.0000,0.0000,0.0000,1.0000,0.333,,,,,,,
8,Right,11,-0.0033,-0.0079,0.0345,0.0000,0.0000,0.0000,1.0000,0.333,,,,,,,
8,Right,12,0.0016,0.0053,0.0611,0.1108,0.1165,-0.0162,0.9869,0.333,,,,,,,
8,Right,13,0.0000,0.0000,0.0429,0.1141,0.0030,-0.0119,0.9934,0.333,,,,,,,
8,Right,14,0.0000,0.0000,0.0275,0.0172,-0.0002,-0.0453,0.9988,0.333,,,,,,,
8,Right,15,0.0003,0.0011,0.0250,0.0000,0.0000,0.0000,1.0000,0.333,,,,,,,
8,Right,16,0.0150,-0.0060,0.0348,0.0000,0.0000,0.0000,1.0000,0.333,,,,,,,
8,Right,17,0.0025,-0.0005,0.0539,0.1238,0.1603,-0.0642,0.9772,0.333,,,,,,,
8,Right,18,0.0000,0.0000,0.0390,0.1239,-0.0012,-0.0364,0.9916,0.333,,,,,,,
8,Right,19,0.0000,0.0000,0.0266,0.0631,-0.0295,-0.0076,0.9975,0.333,,,,,,,
8,Right,20,0.0003,0.0016,0.0243,0.0000,0.0000,0.0000,1.0000,0.333,,,,,,,
8,Right,21,0.0230,-0.0094,0.0341,0.0183,0.1403,-0.2070,0.9680,0.333,,,,,,,
8,Right,22,0.0000,0.0000,0.0457,0.0789,0.0857,0.0821,0.9898,0.333,,,,,,,
8,Right,23,0.0000,0.0000,0.0307,0.1911,0.0342,-0.0548,0.9794,0.333,,,,,,,
8,Right,24,0.0000,0.0000,0.0203,0.0256,-0.0491,0.0008,0.9985,0.333,,,,,,,
8,Right,25,-0.0002,0.0012,0.0219,0.0000,0.0000,0.0000,1.0000,0.333,,,,,,,
9,Left,0,0.0013,-0.0059,0.0657,0.0000,0.0000,0.0000,1.0000,0.375,,,,,,,
9,Left,1,0.0000,0.0000,0.0000,0.0000,0.0000,0.0000,1.0000,0.375,0.0021,-0.2027,-0.2781,-0.5731,-0.0458,0.0366,0.8174
9,Left,2,0.0247,-0.0224,0.0374,0.0639,0.3449,-0.6829,0.6408,0.375,,,,,,,
9,Left,3,0.0000,0.0000,0.0325,0.3550,-0.0360,0.0785,0.9308,0.375,,,,,,,
9,Left,4,0.0000,0.0000,0.0338,0.2147,0.0412,-0.0754,0.9729,0.375,,,,,,,
9,Left,5,-0.0007,0.0010,0.0246,0.0000,0.0000,0.0000,1.0000,0.375,,,,,,,
9,Left,6,0.0171,-0.0126,0.0379,0.0000,0.0000,0.0000,1.0000,0.375,,,,,,,
9,Left,7,0.0065,0.0053,0.0581,0.1017,0.1313,-0.0376,0.9854,0.375,,,,,,,
9,Left,8,0.0000,0.0000,0.0379,0.0377,-0.0062,0.0260,0.9989,0.375,,,,,,,
9,Left,9,0.0000,0.0000,0.0243,-0.0281,-0.0265,0.0163,0.9991,0.375,,,,,,,
9,Left,10,-0.0003,0.0010,0.0224,0.0000,0.0000,0.0000,1.0000,0.375,,,,,,,
9,Left,11,0.0008,-0.0092,0.0357,0.0000,0.0000,0.0000,1.0000,0.375,,,,,,,
9,Left,12,0.0009,0.0067,0.0599,0.2043,-0.0800,0.0210,0.9754,0.375,,,,,,,
9,Left,13,0.0000,0.0000,0.0429,0.0175,-0.0042,0.0114,0.9998,0.375,,,,,,,
9,Left,14,0.0000,0.0000,0.0275,0.0110,-0.0001,0.0447,0.9989,0.375,,,,,,,
9,Left,15,-0.0003,0.0011,0.0250,0.0000,0.0000,0.0000,1.0000,0.375,,,,,,,
9,Left,16,-0.0150,-0.0060,0.0348,0.0000,0.0000,0.0000,1.0000,0.375,,,,,,,
9,Left,17,-0.0025,-0.0005,0.0539,0.5282,-0.0904,0.1076,0.8374,0.375,,,,,,,
9,Left,18,0.0000,0.0000,0.0390,0.6287,0.0188,0.0419,0.7763,0.375,,,,,,,
9,Left,19,0.0000,0.0000,0.0266,0.4441,0.0283,0.0250,0.8952,0.375,,,,,,,
9,Left,20,-0.0003,0.0016,0.0243,0.0000,0.0000,0.0000,1.0000,0.375,,,,,,,
9,Left,21,-0.0230,-0.0094,0.0341,0.0183,-0.1403,0.2070,0.9680,0.375,,,,,,,
9,Left,22,0.0000,0.0000,0.0457,0.5815,-0.0789,-0.0294,0.8092,0.375,,,,,,,
9,Left,23,0.0000,0.0000,0.0307,0.6064,-0.0100,0.0840,0.7907,0.375,,,,,,,
9,Left,24,0.0000,0.0000,0.0203,0.4474,0.0436,-0.0022,0.8933,0.375,,,,,,,
9,Left,25,0.0002,0.0012,0.0219,0.0000,0.0000,0.0000,1.0000,0.375,,,,,,,
9,Right,0,-0.0025,-0.0052,0.0651,0.0000,0.0000,0.0000,1.0000,0.375,,,,,,,
9,Right,1,0.0000,0.0000,0.0000,0.0000,0.0000,0.0000,1.0000,0.375,0.3636,-0.2260,-0.2532,0.4313,0.3805,-0.0739,-0.8147
9,Right,2,-0.0296,-0.0170,0.0350,-0.0611,-0.3754,0.5884,0.7135,0.375,,,,,,,
9,Right,3,0.0000,0.0000,0.0325,0.2283,0.0493,-0.0815,0.9689,0.375,,,,,,,
9,Right,4,0.0000,0.0000,0.0338,0.1698,-0.0455,0.0772,0.9814,0.375,,,,,,,
9,Right,5,0.0007,0.0010,0.0246,0.0000,0.0000,0.0000,1.0000,0.375,,,,,,,
9,Right,6,-0.0195,-0.0100,0.0367,0.0000,0.0000,0.0000,1.0000,0.375,,,,,,,
9,Right,7,-0.0040,0.0027,0.0593,0.0881,-0.0021,0.0319,0.9956,0.375,,,,,,,
9,Right,8,0.0000,0.0000,0.0379,0.1078,0.0044,-0.0262,0.9938,0.375,,,,,,,
9,Right,9,0.0000,0.0000,0.0243,0.0468,0.0252,-0.0167,0.9984,0.375,,,,,,,
9,Right,10,0.0003,0.0010,0.0224,0.0000,0.0000,0.0000,1.0000,0.375,,,,,,,
9,Right,11,-0.0033,-0.0079,0.0345,0.0000,0.0000,0.0000,1.0000,0.375,,,,,,,
9,Right,12,0.0016,0.0053,0.0611,0.1114,0.1152,-0.0161,0.9869,0.375,,,,,,,
9,Right,13,0.0000,0.0000,0.0429,0.1133,0.0031,-0.0119,0.9935,0.375,,,,,,,
9,Right,14,0.0000,0.0000,0.0275,0.0165,-0.0002,-0.0452,0.9988,0.375,,,,,,,
9,Right,15,0.0003,0.0011,0.0250,0.0000,0.0000,0.0000,1.0000,0.375,,,,,,,
9,Right,16,0.0150,-0.0060,0.0348,0.0000,0.0000,0.0000,1.0000,0.375,,,,,,,
9,Right,17,0.0025,-0.0005,0.0539,0.1252,0.1593,-0.0644,0.9772,0.375,,,,,,,
9,Right,18,0.0000,0.0000,0.0390,0.1242,-0.0012,-0.0364,0.9916,0.375,,,,,,,
9,Right,19,0.0000,0.0000,0.0266,0.0631,-0.0295,-0.0076,0.9975,0.375,,,,,,,
9,Right,20,0.0003,0.0016,0.0243,0.0000,0.0000,0.0000,1.0000,0.375,,,,,,,
9,Right,21,0.0230,-0.0094,0.0341,0.0183,0.1403,-0.2070,0.9680,0.375,,,,,,,
9,Right,22,0.0000,0.0000,0.0457,0.0837,0.0862,0.0815,0.9894,0.375,,,,,,,
9,Right,23,0.0000,0.0000,0.0307,0.1922,0.0341,-0.0549,0.9792,0.375,,,,,,,
9,Right,24,0.0000,0.0000,0.0203,0.0261,-0.0491,0.0008,0.9985,0.375,,,,,,,
9,Right,25,-0.0002,0.0012,0.0219,0.0000,0.0000,0.0000,1.0000,0.375,,,,,,,
10,Left,0,0.0012,-0.0059,0.0657,0.0000,0.0000,0.0000,1.0000,0.417,,,,,,,
10,Left,1,0.0000,0.0000,0.0000,0.0000,0.0000,0.0000,1.0000,0.417,0.0019,-0.1918,-0.2695,-0.5562,-0.0484,0.0344,0.8289
10,Left,2,0.0244,-0.0226,0.0375,0.0679,0.3421,-0.6864,0.6381,0.417,,,,,,,
10,Left,3,0.0000,0.0000,0.0325,0.3436,-0.0373,0.0789,0.9351,0.417,,,,,,,
10,Left,4,0.0000,0.0000,0.0338,0.2136,0.0413,-0.0755,0.9731,0.417,,,,,,,
10,Left,5,-0.0007,0.0010,0.0246,0.0000,0.0000,0.0000,1.0000,0.417,,,,,,,
10,Left,6,0.0169,-0.0127,0.0379,0.0000,0.0000,0.0000,1.0000,0.417,,,,,,,
10,Left,7,0.0066,0.0054,0.0581,0.1007,0.1322,-0.0375,0.9854,0.417,,,,,,,
10,Left,8,0.0000,0.0000,0.0379,0.0362,-0.0063,0.0260,0.9990,0.417,,,,,,,
10,Left,9,0.0000,0.0000,0.0243,-0.0237,-0.0264,0.0163,0.9992,0.417,,,,,,,
10,Left,10,-0.0003,0.0010,0.0224,0.0000,0.0000,0.0000,1.0000,0.417,,,,,,,
10,Left,11,0.0007,-0.0093,0.0358,0.0000,0.0000,0.0000,1.0000,0.417,,,,,,,
10,Left,12,0.0010,0.0067,0.0599,0.2016,-0.0784,0.0206,0.9761,0.417,,,,,,,
10,Left,13,0.0000,0.0000,0.0429,0.0162,-0.0042,0.0113,0.9998,0.417,,,,,,,
10,Left,14,0.0000,0.0000,0.0275,0.0117,0.0000,0.0448,0.9989,0.417,,,,,,,
10,Left,15,-0.0003,0.0011,0.0250,0.0000,0.0000,0.0000,1.0000,0.417,,,,,,,
10,Left,16,-0.0150,-0.0060,0.0348,0.0000,0.0000,0.0000,1.0000,0.417,,,,,,,
10,Left,17,-0.0025,-0.0005,0.0539,0.5296,-0.0893,0.1072,0.8367,0.417,,,,,,,
10,Left,18,0.0000,0.0000,0.0390,0.6284,0.0187,0.0419,0.7766,0.417,,,,,,,
10,Left,19,0.0000,0.0000,0.0266,0.4441,0.0283,0.0250,0.8952,0.417,,,,,,,
10,Left,20,-0.0003,0.0016,0.0243,0.0000,0.0000,0.0000,1.0000,0.417,,,,,,,
10,Left,21,-0.0230,-0.0094,0.0341,0.0183,-0.1403,0.2070,0.9680,0.417,,,,,,,
10,Left,22,0.0000,0.0000,0.0457,0.5824,-0.0785,-0.0295,0.8086,0.417,,,,,,,
10,Left,23,0.0000,0.0000,0.0307,0.6026,-0.0103,0.0838,0.7936,0.417,,,,,,,
10,Left,24,0.0000,0.0000,0.0203,0.4468,0.0437,-0.0022,0.8935,0.417,,,,,,,
10,Left,25,0.0002,0.0012,0.0219,0.0000,0.0000,0.0000,1.0000,0.417,,,,,,,
10,Right,0,-0.0025,-0.0052,0.0651,0.0000,0.0000,0.0000,1.0000,0.417,,,,,,,
10,Right,1,0.0000,0.0000,0.0000,0.0000,0.0000,0.0000,1.0000,0.417,0.3635,-0.2253,-0.2535,0.4295,0.3788,-0.0713,-0.8166
10,Right,2,-0.0295,-0.0172,0.0350,-0.0594,-0.3735,0.5906,0.7129,0.417,,,,,,,
10,Right,3,0.0000,0.0000,0.0325,0.2299,0.0492,-0.0815,0.9686,0.417,,,,,,,
10,Right,4,0.0000,0.0000,0.0338,0.1665,-0.0458,0.0773,0.9819,0.417,,,,,,,
10,Right,5,0.0007,0.0010,0.0246,0.0000,0.0000,0.0000,1.0000,0.417,,,,,,,
10,Right,6,-0.0195,-0.0100,0.0367,0.0000,0.0000,0.0000,1.0000,0.417,,,,,,,
10,Right,7,-0.0041,0.0027,0.0593,0.0882,-0.0025,0.0319,0.9956,0.417,,,,,,,
10,Right,8,0.0000,0.0000,0.0379,0.1079,0.0044,-0.0262,0.9938,0.417,,,,,,,
10,Right,9,0.0000,0.0000,0.0243,0.0457,0.0253,-0.0167,0.9985,0.417,,,,,,,
10,Right,10,0.0003,0.0010,0.0224,0.0000,0.0000,0.0000,1.0000,0.417,,,,,,,
10,Right,11,-0.0033,-0.0079,0.0345,0.0000,0.0000,0.0000,1.0000,0.417,,,,,,,
10,Right,12,0.0015,0.0054,0.0611,0.1121,0.1140,-0.0161,0.9870,0.417,,,,,,,
10,Right,13,0.0000,0.0000,0.0429,0.1126,0.0031,-0.0119,0.9936,0.417,,,,,,,
10,Right,14,0.0000,0.0000,0.0275,0.0156,-0.0001,-0.0451,0.9989,0.417,,,,,,,
10,Right,15,0.0003,0.0011,0.0250,0.0000,0.0000,0.0000,1.0000,0.417,,,,,,,
10,Right,16,0.0150,-0.0060,0.0348,0.0000,0.0000,0.0000,1.0000,0.417,,,,,,,
10,Right,17,0.0025,-0.0005,0.0539,0.1272,0.1583,-0.0646,0.9770,0.417,,,,,,,
10,Right,18,0.0000,0.0000,0.0390,0.1246,-0.0012,-0.0364,0.9915,0.417,,,,,,,
10,Right,19,0.0000,0.0000,0.0266,0.0632,-0.0295,-0.0076,0.9975,0.417,,,,,,,
10,Right,20,0.0003,0.0016,0.0243,0.0000,0.0000,0.0000,1.0000,0.417,,,,,,,
10,Right,21,0.0230,-0.0094,0.0341,0.0183,0.1403,-0.2070,0.9680,0.417,,,,,,,
10,Right,22,0.0000,0.0000,0.0457,0.0904,0.0866,0.0806,0.9889,0.417,,,,,,,
10,Right,23,0.0000,0.0000,0.0307,0.1931,0.0341,-0.0550,0.9790,0.417,,,,,,,
10,Right,24,0.0000,0.0000,0.0203,0.0267,-0.0491,0.0008,0.9984,0.417,,,,,,,
10,Right,25,-0.0002,0.0012,0.0219,0.0000,0.0000,0.0000,1.0000,0.417,,,,,,,
11,Left,0,0.0011,-0.0059,0.0657,0.0000,0.0000,0.0000,1.0000,0.458,,,,,,,
11,Left,1,0.0000,0.0000,0.0000,0.0000,0.0000,0.0000,1.0000,0.458,0.0015,-0.1898,-0.2678,-0.5550,-0.0456,0.0299,0.8301
11,Left,2,0.0241,-0.0228,0.0376,0.0743,0.3386,-0.6914,0.6339,0.458,,,,,,,
11,Left,3,0.0000,0.0000,0.0325,0.3363,-0.0381,0.0791,0.9376,0.458,,,,,,,
11,Left,4,0.0000,0.0000,0.0338,0.2127,0.0414,-0.0755,0.9733,0.458,,,,,,,
11,Left,5,-0.0007,0.0010,0.0246,0.0000,0.0000,0.0000,1.0000,0.458,,,,,,,
11,Left,6,0.0167,-0.0129,0.0380,0.0000,0.0000,0.0000,1.0000,0.458,,,,,,,
11,Left,7,0.0068,0.0056,0.0580,0.1015,0.1326,-0.0376,0.9852,0.458,,,,,,,
11,Left,8,0.0000,0.0000,0.0379,0.0360,-0.0063,0.0260,0.9990,0.458,,,,,,,
11,Left,9,0.0000,0.0000,0.0243,-0.0154,-0.0263,0.0164,0.9994,0.458,,,,,,,
11,Left,10,-0.0003,0.0010,0.0224,0.0000,0.0000,0.0000,1.0000,0.458,,,,,,,
11,Left,11,0.0005,-0.0093,0.0358,0.0000,0.0000,0.0000,1.0000,0.458,,,,,,,
11,Left,12,0.0012,0.0068,0.0598,0.2006,-0.0733,0.0197,0.9767,0.458,,,,,,,
11,Left,13,0.0000,0.0000,0.0429,0.0153,-0.0042,0.0113,0.9998,0.458,,,,,,,
11,Left,14,0.0000,0.0000,0.0275,0.0129,0.0000,0.0449,0.9989,0.458,,,,,,,
11,Left,15,-0.0003,0.0011,0.0250,0.0000,0.0000,0.0000,1.0000,0.458,,,,,,,
11,Left,16,-0.0150,-0.0060,0.0348,0.0000,0.0000,0.0000,1.0000,0.458,,,,,,,
11,Left,17,-0.0025,-0.0005,0.0539,0.5348,-0.0874,0.1070,0.8336,0.458,,,,,,,
11,Left,18,0.0000,0.0000,0.0390,0.6282,0.0187,0.0419,0.7767,0.458,,,,,,,
11,Left,19,0.0000,0.0000,0.0266,0.4443,0.0283,0.0250,0.8951,0.458,,,,,,,
11,Left,20,-0.0003,0.0016,0.0243,0.0000,0.0000,0.0000,1.0000,0.458,,,,,,,
11,Left,21,-0.0230,-0.0094,0.0341,0.0183,-0.1403,0.2070,0.9680,0.458,,,,,,,
11,Left,22,0.0000,0.0000,0.0457,0.5835,-0.0780,-0.0298,0.8078,0.458,,,,,,,
11,Left,23,0.0000,0.0000,0.0307,0.6015,-0.0104,0.0837,0.7944,0.458,,,,,,,
11,Left,24,0.0000,0.0000,0.0203,0.4464,0.0437,-0.0022,0.8938,0.458,,,,,,,
11,Left,25,0.0002,0.0012,0.0219,0.0000,0.0000,0.0000,1.0000,0.458,,,,,,,
11,Right,0,-0.0024,-0.0053,0.0651,0.0000,0.0000,0.0000,1.0000,0.458,,,,,,,
11,Right,1,0.0000,0.0000,0.0000,0.0000,0.0000,0.0000,1.0000,0.458,0.3636,-0.2247,-0.2535,0.4284,0.3787,-0.0660,-0.8177
11,Right,2,-0.0293,-0.0174,0.0352,-0.0551,-0.3703,0.5953,0.7110,0.458,,,,,,,
11,Right,3,0.0000,0.0000,0.0325,0.2319,0.0490,-0.0814,0.9681,0.458,,,,,,,
11,Right,4,0.0000,0.0000,0.0338,0.1635,-0.0460,0.0774,0.9824,0.458,,,,,,,
11,Right,5,0.0007,0.0010,0.0246,0.0000,0.0000,0.0000,1.0000,0.458,,,,,,,
11,Right,6,-0.0194,-0.0102,0.0368,0.0000,0.0000,0.0000,1.0000,0.458,,,,,,,
11,Right,7,-0.0042,0.0029,0.0592,0.0890,-0.0027,0.0320,0.9955,0.458,,,,,,,
11,Right,8,0.0000,0.0000,0.0379,0.1086,0.0044,-0.0262,0.9937,0.458,,,,,,,
11,Right,9,0.0000,0.0000,0.0243,0.0450,0.0253,-0.0167,0.9985,0.458,,,,,,,
11,Right,10,0.0003,0.0010,0.0224,0.0000,0.0000,0.0000,1.0000,0.458,,,,,,,
11,Right,11,-0.0032,-0.0080,0.0346,0.0000,0.0000,0.0000,1.0000,0.458,,,,,,,
11,Right,12,0.0014,0.0054,0.0610,0.1137,0.1124,-0.0162,0.9870,0.458,,,,,,,
11,Right,13,0.0000,0.0000,0.0429,0.1118,0.0031,-0.0119,0.9937,0.458,,,,,,,
11,Right,14,0.0000,0.0000,0.0275,0.0145,-0.0001,-0.0450,0.9989,0.458,,,,,,,
11,Right,15,0.0003,0.0011,0.0250,0.0000,0.0000,0.0000,1.0000,0.458,,,,,,,
11,Right,16,0.0150,-0.0060,0.0348,0.0000,0.0000,0.0000,1.0000,0.458,,,,,,,
11,Right,17,0.0025,-0.0005,0.0539,0.1294,0.1573,-0.0649,0.9769,0.458,,,,,,,
11,Right,18,0.0000,0.0000,0.0390,0.1253,-0.0012,-0.0364,0.9914,0.458,,,,,,,
11,Right,19,0.0000,0.0000,0.0266,0.0635,-0.0295,-0.0076,0.9975,0.458,,,,,,,
11,Right,20,0.0003,0.0016,0.0243,0.0000,0.0000,0.0000,1.0000,0.458,,,,,,,
11,Right,21,0.0230,-0.0094,0.0341,0.0183,0.1403,-0.2070,0.9680,0.458,,,,,,,
11,Right,22,0.0000,0.0000,0.0457,0.0944,0.0859,0.0801,0.9886,0.458,,,,,,,
11,Right,23,0.0000,0.0000,0.0307,0.1940,0.0341,-0.0551,0.9789,0.458,,,,,,,
11,Right,24,0.0000,0.0000,0.0203,0.0275,-0.0491,0.0008,0.9984,0.458,,,,,,,
11,Right,25,-0.0002,0.0012,0.0219,0.0000,0.0000,0.0000,1.0000,0.458,,,,,,,
12,Left,0,0.0011,-0.0060,0.0657,0.0000,0.0000,0.0000,1.0000,0.500,,,,,,,
12,Left,1,0.0000,0.0000,0.0000,0.0000,0.0000,0.0000,1.0000,0.500,0.0042,-0.1810,-0.2633,-0.5506,-0.0487,0.0253,0.8330
12,Left,2,0.0239,-0.0229,0.0376,0.0770,0.3370,-0.6936,0.6321,0.500,,,,,,,
12,Left,3,0.0000,0.0000,0.0325,0.3343,-0.0383,0.0791,0.9384,0.500,,,,,,,
12,Left,4,0.0000,0.0000,0.0338,0.2132,0.0414,-0.0755,0.9732,0.500,,,,,,,
12,Left,5,-0.0007,0.0010,0.0246,0.0000,0.0000,0.0000,1.0000,0.500,,,,,,,
12,Left,6,0.0167,-0.0129,0.0380,0.0000,0.0000,0.0000,1.0000,0.500,,,,,,,
12,Left,7,0.0069,0.0056,0.0580,0.1046,0.1334,-0.0382,0.9848,0.500,,,,,,,
12,Left,8,0.0000,0.0000,0.0379,0.0367,-0.0062,0.0260,0.9990,0.500,,,,,,,
12,Left,9,0.0000,0.0000,0.0243,-0.0113,-0.0262,0.0164,0.9995,0.500,,,,,,,
12,Left,10,-0.0003,0.0010,0.0224,0.0000,0.0000,0.0000,1.0000,0.500,,,,,,,
12,Left,11,0.0005,-0.0094,0.0358,0.0000,0.0000,0.0000,1.0000,0.500,,,,,,,
12,Left,12,0.0013,0.0068,0.0598,0.2004,-0.0616,0.0178,0.9776,0.500,,,,,,,
12,Left,13,0.0000,0.0000,0.0429,0.0139,-0.0042,0.0113,0.9998,0.500,,,,,,,
12,Left,14,0.0000,0.0000,0.0275,0.0130,0.0000,0.0449,0.9989,0.500,,,,,,,
12,Left,15,-0.0003,0.0011,0.0250,0.0000,0.0000,0.0000,1.0000,0.500,,,,,,,
12,Left,16,-0.0150,-0.0060,0.0348,0.0000,0.0000,0.0000,1.0000,0.500,,,,,,,
12,Left,17,-0.0025,-0.0005,0.0539,0.5425,-0.0850,0.1070,0.8288,0.500,,,,,,,
12,Left,18,0.0000,0.0000,0.0390,0.6281,0.0187,0.0419,0.7767,0.500,,,,,,,
12,Left,19,0.0000,0.0000,0.0266,0.4446,0.0283,0.0250,0.8949,0.500,,,,,,,
12,Left,20,-0.0003,0.0016,0.0243,0.0000,0.0000,0.0000,1.0000,0.500,,,,,,,
12,Left,21,-0.0230,-0.0094,0.0341,0.0183,-0.1403,0.2070,0.9680,0.500,,,,,,,
12,Left,22,0.0000,0.0000,0.0457,0.5888,-0.0777,-0.0295,0.8040,0.500,,,,,,,
12,Left,23,0.0000,0.0000,0.0307,0.6006,-0.0105,0.0836,0.7951,0.500,,,,,,,
12,Left,24,0.0000,0.0000,0.0203,0.4457,0.0437,-0.0022,0.8941,0.500,,,,,,,
12,Left,25,0.0002,0.0012,0.0219,0.0000,0.0000,0.0000,1.0000,0.500,,,,,,,
12,Right,0,-0.0024,-0.0053,0.0652,0.0000,0.0000,0.0000,1.0000,0.500,,,,,,,
12,Right,1,0.0000,0.0000,0.0000,0.0000,0.0000,0.0000,1.0000,0.500,0.3639,-0.2244,-0.2531,0.4286,0.3782,-0.0619,-0.8182
12,Right,2,-0.0292,-0.0177,0.0353,-0.0520,-0.3675,0.5989,0.7096,0.500,,,,,,,
12,Right,3,0.0000,0.0000,0.0325,0.2338,0.0488,-0.0814,0.9676,0.500,,,,,,,
12,Right,4,0.0000,0.0000,0.0338,0.1620,-0.0462,0.0775,0.9827,0.500,,,,,,,
12,Right,5,0.0007,0.0010,0.0246,0.0000,0.0000,0.0000,1.0000,0.500,,,,,,,
12,Right,6,-0.0193,-0.0103,0.0368,0.0000,0.0000,0.0000,1.0000,0.500,,,,,,,
12,Right,7,-0.0042,0.0030,0.0592,0.0905,-0.0024,0.0320,0.9954,0.500,,,,,,,
12,Right,8,0.0000,0.0000,0.0379,0.1097,0.0043,-0.0262,0.9936,0.500,,,,,,,
12,Right,9,0.0000,0.0000,0.0243,0.0441,0.0253,-0.0167,0.9986,0.500,,,,,,,
12,Right,10,0.0003,0.0010,0.0224,0.0000,0.0000,0.0000,1.0000,0.500,,,,,,,
12,Right,11,-0.0031,-0.0080,0.0347,0.0000,0.0000,0.0000,1.0000,0.500,,,,,,,
12,Right,12,0.0014,0.0055,0.0610,0.1184,0.1110,-0.0166,0.9866,0.500,,,,,,,
12,Right,13,0.0000,0.0000,0.0429,0.1119,0.0031,-0.0119,0.9936,0.500,,,,,,,
12,Right,14,0.0000,0.0000,0.0275,0.0139,-0.0001,-0.0450,0.9989,0.500,,,,,,,
12,Right,15,0.0003,0.0011,0.0250,0.0000,0.0000,0.0000,1.0000,0.500,,,,,,,
12,Right,16,0.0150,-0.0060,0.0348,0.0000,0.0000,0.0000,1.0000,0.500,,,,,,,
12,Right,17,0.0025,-0.0005,0.0539,0.1351,0.1556,-0.0657,0.9763,0.500,,,,,,,
12,Right,18,0.0000,0.0000,0.0390,0.1266,-0.0013,-0.0364,0.9913,0.500,,,,,,,
12,Right,19,0.0000,0.0000,0.0266,0.0640,-0.0295,-0.0076,0.9975,0.500,,,,,,,
12,Right,20,0.0003,0.0016,0.0243,0.0000,0.0000,0.0000,1.0000,0.500,,,,,,,
12,Right,21,0.0230,-0.0094,0.0341,0.0183,0.1403,-0.2070,0.9680,0.500,,,,,,,
12,Right,22,0.0000,0.0000,0.0457,0.0961,0.0848,0.0800,0.9885,0.500,,,,,,,
12,Right,23,0.0000,0.0000,0.0307,0.1948,0.0340,-0.0551,0.9787,0.500,,,,,,,
12,Right,24,0.0000,0.0000,0.0203,0.0283,-0.0491,0.0008,0.9984,0.500,,,,,,,
12,Right,25,-0.0002,0.0012,0.0219,0.0000,0.0000,0.0000,1.0000,0.500,,,,,,,
13,Left,0,0.0011,-0.0060,0.0657,0.0000,0.0000,0.0000,1.0000,0.541,,,,,,,
13,Left,1,0.0000,0.0000,0.0000,0.0000,0.0000,0.0000,1.0000,0.541,0.0032,-0.1710,-0.2535,-0.5420,-0.0566,0.0094,0.8384
13,Left,2,0.0239,-0.0230,0.0376,0.0773,0.3365,-0.6939,0.6319,0.541,,,,,,,
13,Left,3,0.0000,0.0000,0.0325,0.3341,-0.0383,0.0791,0.9384,0.541,,,,,,,
13,Left,4,0.0000,0.0000,0.0338,0.2239,0.0403,-0.0751,0.9709,0.541,,,,,,,
13,Left,5,-0.0007,0.0010,0.0246,0.0000,0.0000,0.0000,1.0000,0.541,,,,,,,
13,Left,6,0.0167,-0.0129,0.0380,0.0000,0.0000,0.0000,1.0000,0.541,,,,,,,
13,Left,7,0.0069,0.0056,0.0580,0.1050,0.1341,-0.0383,0.9846,0.541,,,,,,,
13,Left,8,0.0000,0.0000,0.0379,0.0370,-0.0062,0.0260,0.9990,0.541,,,,,,,
13,Left,9,0.0000,0.0000,0.0243,-0.0101,-0.0262,0.0164,0.9995,0.541,,,,,,,
13,Left,10,-0.0003,0.0010,0.0224,0.0000,0.0000,0.0000,1.0000,0.541,,,,,,,
13,Left,11,0.0004,-0.0094,0.0359,0.0000,0.0000,0.0000,1.0000,0.541,,,,,,,
13,Left,12,0.0013,0.0068,0.0598,0.1998,-0.0554,0.0168,0.9781,0.541,,,,,,,
13,Left,13,0.0000,0.0000,0.0429,0.0123,-0.0042,0.0113,0.9999,0.541,,,,,,,
13,Left,14,0.0000,0.0000,0.0275,0.0119,0.0000,0.0448,0.9989,0.541,,,,,,,
13,Left,15,-0.0003,0.0011,0.0250,0.0000,0.0000,0.0000,1.0000,0.541,,,,,,,
13,Left,16,-0.0150,-0.0060,0.0348,0.0000,0.0000,0.0000,1.0000,0.541,,,,,,,
13,Left,17,-0.0025,-0.0005,0.0539,0.5431,-0.0812,0.1048,0.8291,0.541,,,,,,,
13,Left,18,0.0000,0.0000,0.0390,0.6281,0.0187,0.0419,0.7767,0.541,,,,,,,
13,Left,19,0.0000,0.0000,0.0266,0.4448,0.0283,0.0250,0.8948,0.541,,,,,,,
13,Left,20,-0.0003,0.0016,0.0243,0.0000,0.0000,0.0000,1.0000,0.541,,,,,,,
13,Left,21,-0.0230,-0.0094,0.0341,0.0183,-0.1403,0.2070,0.9680,0.541,,,,,,,
13,Left,22,0.0000,0.0000,0.0457,0.5906,-0.0767,-0.0301,0.8027,0.541,,,,,,,
13,Left,23,0.0000,0.0000,0.0307,0.6001,-0.0105,0.0836,0.7955,0.541,,,,,,,
13,Left,24,0.0000,0.0000,0.0203,0.4450,0.0437,-0.0022,0.8945,0.541,,,,,,,
13,Left,25,0.0002,0.0012,0.0219,0.0000,0.0000,0.0000,1.0000,0.541,,,,,,,
13,Right,0,-0.0024,-0.0053,0.0652,0.0000,0.0000,0.0000,1.0000,0.541,,,,,,,
13,Right,1,0.0000,0.0000,0.0000,0.0000,0.0000,0.0000,1.0000,0.541,0.3645,-0.2239,-0.2520,0.4291,0.3783,-0.0615,-0.8180
13,Right,2,-0.0292,-0.0177,0.0353,-0.0536,-0.3637,0.5993,0.7111,0.541,,,,,,,
13,Right,3,0.0000,0.0000,0.0325,0.2353,0.0486,-0.0814,0.9673,0.541,,,,,,,
13,Right,4,0.0000,0.0000,0.0338,0.1607,-0.0463,0.0775,0.9829,0.541,,,,,,,
13,Right,5,0.0007,0.0010,0.0246,0.0000,0.0000,0.0000,1.0000,0.541,,,,,,,
13,Right,6,-0.0193,-0.0103,0.0368,0.0000,0.0000,0.0000,1.0000,0.541,,,,,,,
13,Right,7,-0.0043,0.0030,0.0592,0.0913,-0.0024,0.0320,0.9953,0.541,,,,,,,
13,Right,8,0.0000,0.0000,0.0379,0.1111,0.0043,-0.0263,0.9935,0.541,,,,,,,
13,Right,9,0.0000,0.0000,0.0243,0.0437,0.0253,-0.0166,0.9986,0.541,,,,,,,
13,Right,10,0.0003,0.0010,0.0224,0.0000,0.0000,0.0000,1.0000,0.541,,,,,,,
13,Right,11,-0.0031,-0.0081,0.0347,0.0000,0.0000,0.0000,1.0000,0.541,,,,,,,
13,Right,12,0.0014,0.0055,0.0610,0.1226,0.1102,-0.0170,0.9862,0.541,,,,,,,
13,Right,13,0.0000,0.0000,0.0429,0.1155,0.0030,-0.0119,0.9932,0.541,,,,,,,
13,Right,14,0.0000,0.0000,0.0275,0.0142,-0.0001,-0.0450,0.9989,0.541,,,,,,,
13,Right,15,0.0003,0.0011,0.0250,0.0000,0.0000,0.0000,1.0000,0.541,,,,,,,
13,Right,16,0.0150,-0.0060,0.0348,0.0000,0.0000,0.0000,1.0000,0.541,,,,,,,
13,Right,17,0.0025,-0.0005,0.0539,0.1434,0.1537,-0.0668,0.9754,0.541,,,,,,,
13,Right,18,0.0000,0.0000,0.0390,0.1335,-0.0015,-0.0366,0.9904,0.541,,,,,,,
13,Right,19,0.0000,0.0000,0.0266,0.0650,-0.0295,-0.0077,0.9974,0.541,,,,,,,
13,Right,20,0.0003,0.0016,0.0243,0.0000,0.0000,0.0000,1.0000,0.541,,,,,,,
13,Right,21,0.0230,-0.0094,0.0341,0.0183,0.1403,-0.2070,0.9680,0.541,,,,,,,
13,Right,22,0.0000,0.0000,0.0457,0.1040,0.0842,0.0791,0.9878,0.541,,,,,,,
13,Right,23,0.0000,0.0000,0.0307,0.1960,0.0340,-0.0552,0.9784,0.541,,,,,,,
13,Right,24,0.0000,0.0000,0.0203,0.0290,-0.0491,0.0008,0.9984,0.541,,,,,,,
13,Right,25,-0.0002,0.0012,0.0219,0.0000,0.0000,0.0000,1.0000,0.541,,,,,,,
14,Left,0,0.0011,-0.0060,0.0658,0.0000,0.0000,0.0000,1.0000,0.584,,,,,,,
14,Left,1,0.0000,0.0000,0.0000,0.0000,0.0000,0.0000,1.0000,0.584,0.0017,-0.1612,-0.2471,-0.5302,-0.0546,-0.0044,0.8461
14,Left,2,0.0238,-0.0230,0.0376,0.0781,0.3363,-0.6944,0.6313,0.584,,,,,,,
14,Left,3,0.0000,0.0000,0.0325,0.3339,-0.0383,0.0791,0.9385,0.584,,,,,,,
14,Left,4,0.0000,0.0000,0.0338,0.2325,0.0395,-0.0747,0.9689,0.584,,,,,,,
14,Left,5,-0.0007,0.0010,0.0246,0.0000,0.0000,0.0000,1.0000,0.584,,,,,,,
14,Left,6,0.0166,-0.0130,0.0380,0.0000,0.0000,0.0000,1.0000,0.584,,,,,,,
14,Left,7,0.0069,0.0056,0.0580,0.1052,0.1333,-0.0383,0.9847,0.584,,,,,,,
14,Left,8,0.0000,0.0000,0.0379,0.0367,-0.0062,0.0260,0.9990,0.584,,,,,,,
14,Left,9,0.0000,0.0000,0.0243,-0.0090,-0.0262,0.0164,0.9995,0.584,,,,,,,
14,Left,10,-0.0003,0.0010,0.0224,0.0000,0.0000,0.0000,1.0000,0.584,,,,,,,
14,Left,11,0.0004,-0.0094,0.0359,0.0000,0.0000,0.0000,1.0000,0.584,,,,,,,
14,Left,12,0.0013,0.0068,0.0598,0.1994,-0.0545,0.0166,0.9783,0.584,,,,,,,
14,Left,13,0.0000,0.0000,0.0429,0.0109,-0.0042,0.0113,0.9999,0.584,,,,,,,
14,Left,14,0.0000,0.0000,0.0275,0.0104,-0.0001,0.0446,0.9989,0.584,,,,,,,
14,Left,15,-0.0003,0.0011,0.0250,0.0000,0.0000,0.0000,1.0000,0.584,,,,,,,
14,Left,16,-0.0150,-0.0060,0.0348,0.0000,0.0000,0.0000,1.0000,0.584,,,,,,,
14,Left,17,-0.0025,-0.0005,0.0539,0.5436,-0.0767,0.1023,0.8296,0.584,,,,,,,
14,Left,18,0.0000,0.0000,0.0390,0.6281,0.0187,0.0419,0.7767,0.584,,,,,,,
14,Left,19,0.0000,0.0000,0.0266,0.4449,0.0283,0.0250,0.8948,0.584,,,,,,,
14,Left,20,-0.0003,0.0016,0.0243,0.0000,0.0000,0.0000,1.0000,0.584,,,,,,,
14,Left,21,-0.0230,-0.0094,0.0341,0.0183,-0.1403,0.2070,0.9680,0.584,,,,,,,
14,Left,22,0.0000,0.0000,0.0457,0.5910,-0.0762,-0.0304,0.8025,0.584,,,,,,,
14,Left,23,0.0000,0.0000,0.0307,0.6001,-0.0105,0.0836,0.7954,0.584,,,,,,,
14,Left,24,0.0000,0.0000,0.0203,0.4445,0.0437,-0.0022,0.8947,0.584,,,,,,,
14,Left,25,0.0002,0.0012,0.0219,0.0000,0.0000,0.0000,1.0000,0.584,,,,,,,
14,Right,0,-0.0024,-0.0053,0.0652,0.0000,0.0000,0.0000,1.0000,0.584,,,,,,,
14,Right,1,0.0000,0.0000,0.0000,0.0000,0.0000,0.0000,1.0000,0.584,0.3647,-0.2232,-0.2507,0.4291,0.3778,-0.0607,-0.8182
14,Right,2,-0.0291,-0.0178,0.0353,-0.0532,-0.3621,0.6004,0.7110,0.584,,,,,,,
14,Right,3,0.0000,0.0000,0.0325,0.2366,0.0485,-0.0814,0.9670,0.584,,,,,,,
14,Right,4,0.0000,0.0000,0.0338,0.1596,-0.0464,0.0776,0.9830,0.584,,,,,,,
14,Right,5,0.0007,0.0010,0.0246,0.0000,0.0000,0.0000,1.0000,0.584,,,,,,,
14,Right,6,-0.0193,-0.0104,0.0369,0.0000,0.0000,0.0000,1.0000,0.584,,,,,,,
14,Right,7,-0.0043,0.0030,0.0591,0.0919,-0.0024,0.0321,0.9953,0.584,,,,,,,
14,Right,8,0.0000,0.0000,0.0379,0.1136,0.0042,-0.0263,0.9932,0.584,,,,,,,
14,Right,9,0.0000,0.0000,0.0243,0.0434,0.0253,-0.0166,0.9986,0.584,,,,,,,
14,Right,10,0.0003,0.0010,0.0224,0.0000,0.0000,0.0000,1.0000,0.584,,,,,,,
14,Right,11,-0.0031,-0.0081,0.0347,0.0000,0.0000,0.0000,1.0000,0.584,,,,,,,
14,Right,12,0.0013,0.0055,0.0609,0.1240,0.1094,-0.0171,0.9861,0.584,,,,,,,
14,Right,13,0.0000,0.0000,0.0429,0.1189,0.0030,-0.0119,0.9928,0.584,,,,,,,
14,Right,14,0.0000,0.0000,0.0275,0.0146,-0.0001,-0.0451,0.9989,0.584,,,,,,,
14,Right,15,0.0003,0.0011,0.0250,0.0000,0.0000,0.0000,1.0000,0.584,,,,,,,
14,Right,16,0.0150,-0.0060,0.0348,0.0000,0.0000,0.0000,1.0000,0.584,,,,,,,
14,Right,17,0.0025,-0.0005,0.0539,0.1515,0.1520,-0.0679,0.9743,0.584,,,,,,,
14,Right,18,0.0000,0.0000,0.0390,0.1389,-0.0017,-0.0367,0.9896,0.584,,,,,,,
14,Right,19,0.0000,0.0000,0.0266,0.0659,-0.0295,-0.0077,0.9974,0.584,,,,,,,
14,Right,20,0.0003,0.0016,0.0243,0.0000,0.0000,0.0000,1.0000,0.584,,,,,,,
14,Right,21,0.0230,-0.0094,0.0341,0.0183,0.1403,-0.2070,0.9680,0.584,,,,,,,
14,Right,22,0.0000,0.0000,0.0457,0.1116,0.0836,0.0782,0.9871,0.584,,,,,,,
14,Right,23,0.0000,0.0000,0.0307,0.1975,0.0339,-0.0553,0.9782,0.584,,,,,,,
14,Right,24,0.0000,0.0000,0.0203,0.0297,-0.0491,0.0008,0.9984,0.584,,,,,,,
14,Right,25,-0.0002,0.0012,0.0219,0.0000,0.0000,0.0000,1.0000,0.584,,,,,,,
15,Left,0,0.0011,-0.0060,0.0658,0.0000,0.0000,0.0000,1.0000,0.625,,,,,,,
15,Left,1,0.0000,0.0000,0.0000,0.0000,0.0000,0.0000,1.0000,0.625,0.0061,-0.1502,-0.2504,-0.5045,-0.0602,-0.0228,0.8610
15,Left,2,0.0238,-0.0230,0.0377,0.0793,0.3359,-0.6952,0.6305,0.625,,,,,,,
15,Left,3,0.0000,0.0000,0.0325,0.3342,-0.0383,0.0791,0.9384,0.625,,,,,,,
15,Left,4,0.0000,0.0000,0.0338,0.2337,0.0394,-0.0746,0.9686,0.625,,,,,,,
15,Left,5,-0.0007,0.0010,0.0246,0.0000,0.0000,0.0000,1.0000,0.625,,,,,,,
15,Left,6,0.0166,-0.0130,0.0380,0.0000,0.0000,0.0000,1.0000,0.625,,,,,,,
15,Left,7,0.0069,0.0057,0.0580,0.1053,0.1206,-0.0378,0.9864,0.625,,,,,,,
15,Left,8,0.0000,0.0000,0.0379,0.0365,-0.0063,0.0260,0.9990,0.625,,,,,,,
15,Left,9,0.0000,0.0000,0.0243,-0.0075,-0.0262,0.0164,0.9995,0.625,,,,,,,
15,Left,10,-0.0003,0.0010,0.0224,0.0000,0.0000,0.0000,1.0000,0.625,,,,,,,
15,Left,11,0.0004,-0.0094,0.0359,0.0000,0.0000,0.0000,1.0000,0.625,,,,,,,
15,Left,12,0.0013,0.0068,0.0598,0.1990,-0.0519,0.0162,0.9785,0.625,,,,,,,
15,Left,13,0.0000,0.0000,0.0429,0.0097,-0.0042,0.0113,0.9999,0.625,,,,,,,
15,Left,14,0.0000,0.0000,0.0275,0.0094,-0.0001,0.0445,0.9990,0.625,,,,,,,
15,Left,15,-0.0003,0.0011,0.0250,0.0000,0.0000,0.0000,1.0000,0.625,,,,,,,
15,Left,16,-0.0150,-0.0060,0.0348,0.0000,0.0000,0.0000,1.0000,0.625,,,,,,,
15,Left,17,-0.0025,-0.0005,0.0539,0.5429,-0.0747,0.1010,0.8304,0.625,,,,,,,
15,Left,18,0.0000,0.0000,0.0390,0.6282,0.0187,0.0419,0.7767,0.625,,,,,,,
15,Left,19,0.0000,0.0000,0.0266,0.4451,0.0283,0.0250,0.8947,0.625,,,,,,,
15,Left,20,-0.0003,0.0016,0.0243,0.0000,0.0000,0.0000,1.0000,0.625,,,,,,,
15,Left,21,-0.0230,-0.0094,0.0341,0.0183,-0.1403,0.2070,0.9680,0.625,,,,,,,
15,Left,22,0.0000,0.0000,0.0457,0.5883,-0.0755,-0.0312,0.8045,0.625,,,,,,,
15,Left,23,0.0000,0.0000,0.0307,0.6004,-0.0105,0.0836,0.7952,0.625,,,,,,,
15,Left,24,0.0000,0.0000,0.0203,0.4440,0.0437,-0.0022,0.8949,0.625,,,,,,,
15,Left,25,0.0002,0.0012,0.0219,0.0000,0.0000,0.0000,1.0000,0.625,,,,,,,
15,Right,0,-0.0024,-0.0053,0.0652,0.0000,0.0000,0.0000,1.0000,0.625,,,,,,,
15,Right,1,0.0000,0.0000,0.0000,0.0000,0.0000,0.0000,1.0000,0.625,0.3666,-0.2226,-0.2473,0.4290,0.3771,-0.0601,-0.8186
15,Right,2,-0.0290,-0.0179,0.0354,-0.0527,-0.3586,0.6024,0.7112,0.625,,,,,,,
15,Right,3,0.0000,0.0000,0.0325,0.2374,0.0484,-0.0813,0.9668,0.625,,,,,,,
15,Right,4,0.0000,0.0000,0.0338,0.1587,-0.0465,0.0776,0.9832,0.625,,,,,,,
15,Right,5,0.0007,0.0010,0.0246,0.0000,0.0000,0.0000,1.0000,0.625,,,,,,,
15,Right,6,-0.0192,-0.0104,0.0369,0.0000,0.0000,0.0000,1.0000,0.625,,,,,,,
15,Right,7,-0.0043,0.0031,0.0591,0.0922,-0.0023,0.0321,0.9952,0.625,,,,,,,
15,Right,8,0.0000,0.0000,0.0379,0.1152,0.0042,-0.0263,0.9930,0.625,,,,,,,
15,Right,9,0.0000,0.0000,0.0243,0.0433,0.0253,-0.0166,0.9986,0.625,,,,,,,
15,Right,10,0.0003,0.0010,0.0224,0.0000,0.0000,0.0000,1.0000,0.625,,,,,,,
15,Right,11,-0.0030,-0.0081,0.0347,0.0000,0.0000,0.0000,1.0000,0.625,,,,,,,
15,Right,12,0.0013,0.0056,0.0609,0.1255,0.1090,-0.0172,0.9859,0.625,,,,,,,
15,Right,13,0.0000,0.0000,0.0429,0.1243,0.0029,-0.0120,0.9922,0.625,,,,,,,
15,Right,14,0.0000,0.0000,0.0275,0.0149,-0.0001,-0.0451,0.9989,0.625,,,,,,,
15,Right,15,0.0003,0.0011,0.0250,0.0000,0.0000,0.0000,1.0000,0.625,,,,,,,
15,Right,16,0.0150,-0.0060,0.0348,0.0000,0.0000,0.0000,1.0000,0.625,,,,,,,
15,Right,17,0.0025,-0.0005,0.0539,0.1611,0.1503,-0.0692,0.9730,0.625,,,,,,,
15,Right,18,0.0000,0.0000,0.0390,0.1430,-0.0018,-0.0368,0.9890,0.625,,,,,,,
15,Right,19,0.0000,0.0000,0.0266,0.0670,-0.0296,-0.0078,0.9973,0.625,,,,,,,
15,Right,20,0.0003,0.0016,0.0243,0.0000,0.0000,0.0000,1.0000,0.625,,,,,,,
15,Right,21,0.0230,-0.0094,0.0341,0.0183,0.1403,-0.2070,0.9680,0.625,,,,,,,
15,Right,22,0.0000,0.0000,0.0457,0.1183,0.0830,0.0775,0.9865,0.625,,,,,,,
15,Right,23,0.0000,0.0000,0.0307,0.1986,0.0338,-0.0554,0.9779,0.625,,,,,,,
15,Right,24,0.0000,0.0000,0.0203,0.0303,-0.0491,0.0008,0.9983,0.625,,,,,,,
15,Right,25,-0.0002,0.0012,0.0219,0.0000,0.0000,0.0000,1.0000,0.625,,,,,,,
16,Left,0,0.0010,-0.0060,0.0658,0.0000,0.0000,0.0000,1.0000,0.667,,,,,,,
16,Left,1,0.0000,0.0000,0.0000,0.0000,0.0000,0.0000,1.0000,0.667,0.0093,-0.1419,-0.2511,-0.4782,-0.0645,-0.0236,0.8756
16,Left,2,0.0235,-0.0232,0.0377,0.0851,0.3333,-0.6993,0.6266,0.667,,,,,,,
16,Left,3,0.0000,0.0000,0.0325,0.3344,-0.0383,0.0791,0.9383,0.667,,,,,,,
16,Left,4,0.0000,0.0000,0.0338,0.2347,0.0393,-0.0746,0.9684,0.667,,,,,,,
16,Left,5,-0.0007,0.0010,0.0246,0.0000,0.0000,0.0000,1.0000,0.667,,,,,,,
16,Left,6,0.0164,-0.0131,0.0381,0.0000,0.0000,0.0000,1.0000,0.667,,,,,,,
16,Left,7,0.0071,0.0058,0.0579,0.1024,0.1120,-0.0370,0.9877,0.667,,,,,,,
16,Left,8,0.0000,0.0000,0.0379,0.0356,-0.0063,0.0260,0.9990,0.667,,,,,,,
16,Left,9,0.0000,0.0000,0.0243,-0.0061,-0.0261,0.0164,0.9995,0.667,,,,,,,
16,Left,10,-0.0003,0.0010,0.0224,0.0000,0.0000,0.0000,1.0000,0.667,,,,,,,
16,Left,11,0.0002,-0.0094,0.0359,0.0000,0.0000,0.0000,1.0000,0.667,,,,,,,
16,Left,12,0.0015,0.0069,0.0597,0.1867,-0.0505,0.0153,0.9810,0.667,,,,,,,
16,Left,13,0.0000,0.0000,0.0429,0.0085,-0.0043,0.0113,0.9999,0.667,,,,,,,
16,Left,14,0.0000,0.0000,0.0275,0.0086,-0.0002,0.0445,0.9990,0.667,,,,,,,
16,Left,15,-0.0003,0.0011,0.0250,0.0000,0.0000,0.0000,1.0000,0.667,,,,,,,
16,Left,16,-0.0150,-0.0060,0.0348,0.0000,0.0000,0.0000,1.0000,0.667,,,,,,,
16,Left,17,-0.0025,-0.0005,0.0539,0.5387,-0.0742,0.1001,0.8333,0.667,,,,,,,
16,Left,18,0.0000,0.0000,0.0390,0.6279,0.0187,0.0419,0.7770,0.667,,,,,,,
16,Left,19,0.0000,0.0000,0.0266,0.4448,0.0283,0.0250,0.8948,0.667,,,,,,,
16,Left,20,-0.0003,0.0016,0.0243,0.0000,0.0000,0.0000,1.0000,0.667,,,,,,,
16,Left,21,-0.0230,-0.0094,0.0341,0.0183,-0.1403,0.2070,0.9680,0.667,,,,,,,
16,Left,22,0.0000,0.0000,0.0457,0.5765,-0.0734,-0.0337,0.8131,0.667,,,,,,,
16,Left,23,0.0000,0.0000,0.0307,0.6007,-0.0104,0.0836,0.7950,0.667,,,,,,,
16,Left,24,0.0000,0.0000,0.0203,0.4432,0.0438,-0.0022,0.8954,0.667,,,,,,,
16,Left,25,0.0002,0.0012,0.0219,0.0000,0.0000,0.0000,1.0000,0.667,,,,,,,
16,Right,0,-0.0024,-0.0053,0.0652,0.0000,0.0000,0.0000,1.0000,0.667,,,,,,,
16,Right,1,0.0000,0.0000,0.0000,0.0000,0.0000,0.0000,1.0000,0.667,0.3670,-0.2212,-0.2463,0.4288,0.3763,-0.0603,-0.8191
16,Right,2,-0.0290,-0.0180,0.0354,-0.0527,-0.3571,0.6031,0.7113,0.667,,,,,,,
16,Right,3,0.0000,0.0000,0.0325,0.2378,0.0484,-0.0813,0.9667,0.667,,,,,,,
16,Right,4,0.0000,0.0000,0.0338,0.1558,-0.0468,0.0777,0.9836,0.667,,,,,,,
16,Right,5,0.0007,0.0010,0.0246,0.0000,0.0000,0.0000,1.0000,0.667,,,,,,,
16,Right,6,-0.0192,-0.0105,0.0369,0.0000,0.0000,0.0000,1.0000,0.667,,,,,,,
16,Right,7,-0.0044,0.0031,0.0591,0.0924,-0.0017,0.0321,0.9952,0.667,,,,,,,
16,Right,8,0.0000,0.0000,0.0379,0.1165,0.0041,-0.0263,0.9928,0.667,,,,,,,
16,Right,9,0.0000,0.0000,0.0243,0.0430,0.0253,-0.0166,0.9986,0.667,,,,,,,
16,Right,10,0.0003,0.0010,0.0224,0.0000,0.0000,0.0000,1.0000,0.667,,,,,,,
16,Right,11,-0.0030,-0.0081,0.0347,0.0000,0.0000,0.0000,1.0000,0.667,,,,,,,
16,Right,12,0.0013,0.0056,0.0609,0.1267,0.1085,-0.0173,0.9858,0.667,,,,,,,
16,Right,13,0.0000,0.0000,0.0429,0.1248,0.0029,-0.0120,0.9921,0.667,,,,,,,
16,Right,14,0.0000,0.0000,0.0275,0.0149,-0.0001,-0.0451,0.9989,0.667,,,,,,,
16,Right,15,0.0003,0.0011,0.0250,0.0000,0.0000,0.0000,1.0000,0.667,,,,,,,
16,Right,16,0.0150,-0.0060,0.0348,0.0000,0.0000,0.0000,1.0000,0.667,,,,,,,
16,Right,17,0.0025,-0.0005,0.0539,0.1628,0.1494,-0.0694,0.9728,0.667,,,,,,,
16,Right,18,0.0000,0.0000,0.0390,0.1439,-0.0019,-0.0368,0.9889,0.667,,,,,,,
16,Right,19,0.0000,0.0000,0.0266,0.0677,-0.0296,-0.0078,0.9972,0.667,,,,,,,
16,Right,20,0.0003,0.0016,0.0243,0.0000,0.0000,0.0000,1.0000,0.667,,,,,,,
16,Right,21,0.0230,-0.0094,0.0341,0.0183,0.1403,-0.2070,0.9680,0.667,,,,,,,
16,Right,22,0.0000,0.0000,0.0457,0.1281,0.0830,0.0763,0.9853,0.667,,,,,,,
16,Right,23,0.0000,0.0000,0.0307,0.1998,0.0338,-0.0555,0.9777,0.667,,,,,,,
16,Right,24,0.0000,0.0000,0.0203,0.0310,-0.0491,0.0008,0.9983,0.667,,,,,,,
16,Right,25,-0.0002,0.0012,0.0219,0.0000,0.0000,0.0000,1.0000,0.667,,,,,,,
17,Left,0,0.0009,-0.0060,0.0658,0.0000,0.0000,0.0000,1.0000,0.708,,,,,,,
17,Left,1,0.0000,0.0000,0.0000,0.0000,0.0000,0.0000,1.0000,0.708,0.0112,-0.1360,-0.2461,-0.4502,-0.0727,-0.0330,0.8894
17,Left,2,0.0233,-0.0233,0.0378,0.0876,0.3321,-0.7011,0.6249,0.708,,,,,,,
17,Left,3,0.0000,0.0000,0.0325,0.3378,-0.0379,0.0790,0.9371,0.708,,,,,,,
17,Left,4,0.0000,0.0000,0.0338,0.2364,0.0391,-0.0745,0.9680,0.708,,,,,,,
17,Left,5,-0.0007,0.0010,0.0246,0.0000,0.0000,0.0000,1.0000,0.708,,,,,,,
17,Left,6,0.0164,-0.0131,0.0381,0.0000,0.0000,0.0000,1.0000,0.708,,,,,,,
17,Left,7,0.0072,0.0058,0.0579,0.0676,0.1015,-0.0319,0.9920,0.708,,,,,,,
17,Left,8,0.0000,0.0000,0.0379,0.0340,-0.0063,0.0260,0.9991,0.708,,,,,,,
17,Left,9,0.0000,0.0000,0.0243,-0.0053,-0.0261,0.0164,0.9995,0.708,,,,,,,
17,Left,10,-0.0003,0.0010,0.0224,0.0000,0.0000,0.0000,1.0000,0.708,,,,,,,
17,Left,11,0.0002,-0.0095,0.0359,0.0000,0.0000,0.0000,1.0000,0.708,,,,,,,
17,Left,12,0.0016,0.0069,0.0597,0.1688,-0.0486,0.0142,0.9843,0.708,,,,,,,
17,Left,13,0.0000,0.0000,0.0429,0.0075,-0.0043,0.0113,0.9999,0.708,,,,,,,
17,Left,14,0.0000,0.0000,0.0275,0.0069,-0.0002,0.0443,0.9990,0.708,,,,,,,
17,Left,15,-0.0003,0.0011,0.0250,0.0000,0.0000,0.0000,1.0000,0.708,,,,,,,
17,Left,16,-0.0150,-0.0060,0.0348,0.0000,0.0000,0.0000,1.0000,0.708,,,,,,,
17,Left,17,-0.0025,-0.0005,0.0539,0.5277,-0.0746,0.0987,0.8404,0.708,,,,,,,
17,Left,18,0.0000,0.0000,0.0390,0.6276,0.0187,0.0419,0.7772,0.708,,,,,,,
17,Left,19,0.0000,0.0000,0.0266,0.4444,0.0283,0.0250,0.8951,0.708,,,,,,,
17,Left,20,-0.0003,0.0016,0.0243,0.0000,0.0000,0.0000,1.0000,0.708,,,,,,,
17,Left,21,-0.0230,-0.0094,0.0341,0.0183,-0.1403,0.2070,0.9680,0.708,,,,,,,
17,Left,22,0.0000,0.0000,0.0457,0.5720,-0.0692,-0.0370,0.8165,0.708,,,,,,,
17,Left,23,0.0000,0.0000,0.0307,0.6045,-0.0102,0.0839,0.7921,0.708,,,,,,,
17,Left,24,0.0000,0.0000,0.0203,0.4426,0.0438,-0.0022,0.8956,0.708,,,,,,,
17,Left,25,0.0002,0.0012,0.0219,0.0000,0.0000,0.0000,1.0000,0.708,,,,,,,
17,Right,0,-0.0023,-0.0053,0.0652,0.0000,0.0000,0.0000,1.0000,0.708,,,,,,,
17,Right,1,0.0000,0.0000,0.0000,0.0000,0.0000,0.0000,1.0000,0.708,0.3678,-0.2206,-0.2442,0.4274,0.3741,-0.0584,-0.8210
17,Right,2,-0.0289,-0.0180,0.0354,-0.0533,-0.3552,0.6034,0.7119,0.708,,,,,,,
17,Right,3,0.0000,0.0000,0.0325,0.2382,0.0483,-0.0813,0.9666,0.708,,,,,,,
17,Right,4,0.0000,0.0000,0.0338,0.1540,-0.0469,0.0778,0.9839,0.708,,,,,,,
17,Right,5,0.0007,0.0010,0.0246,0.0000,0.0000,0.0000,1.0000,0.708,,,,,,,
17,Right,6,-0.0192,-0.0105,0.0369,0.0000,0.0000,0.0000,1.0000,0.708,,,,,,,
17,Right,7,-0.0044,0.0032,0.0591,0.0927,-0.0010,0.0320,0.9952,0.708,,,,,,,
17,Right,8,0.0000,0.0000,0.0379,0.1185,0.0041,-0.0263,0.9926,0.708,,,,,,,
17,Right,9,0.0000,0.0000,0.0243,0.0433,0.0253,-0.0166,0.9986,0.708,,,,,,,
17,Right,10,0.0003,0.0010,0.0224,0.0000,0.0000,0.0000,1.0000,0.708,,,,,,,
17,Right,11,-0.0030,-0.0081,0.0347,0.0000,0.0000,0.0000,1.0000,0.708,,,,,,,
17,Right,12,0.0012,0.0056,0.0609,0.1294,0.1079,-0.0175,0.9855,0.708,,,,,,,
17,Right,13,0.0000,0.0000,0.0429,0.1260,0.0029,-0.0120,0.9920,0.708,,,,,,,
17,Right,14,0.0000,0.0000,0.0275,0.0153,-0.0001,-0.0451,0.9989,0.708,,,,,,,
17,Right,15,0.0003,0.0011,0.0250,0.0000,0.0000,0.0000,1.0000,0.708,,,,,,,
17,Right,16,0.0150,-0.0060,0.0348,0.0000,0.0000,0.0000,1.0000,0.708,,,,,,,
17,Right,17,0.0025,-0.0005,0.0539,0.1644,0.1485,-0.0695,0.9727,0.708,,,,,,,
17,Right,18,0.0000,0.0000,0.0390,0.1444,-0.0019,-0.0368,0.9888,0.708,,,,,,,
17,Right,19,0.0000,0.0000,0.0266,0.0683,-0.0296,-0.0078,0.9972,0.708,,,,,,,
17,Right,20,0.0003,0.0016,0.0243,0.0000,0.0000,0.0000,1.0000,0.708,,,,,,,
17,Right,21,0.0230,-0.0094,0.0341,0.0183,0.1403,-0.2070,0.9680,0.708,,,,,,,
17,Right,22,0.0000,0.0000,0.0457,0.1292,0.0824,0.0763,0.9852,0.708,,,,,,,
17,Right,23,0.0000,0.0000,0.0307,0.2009,0.0337,-0.0556,0.9774,0.708,,,,,,,
17,Right,24,0.0000,0.0000,0.0203,0.0318,-0.0491,0.0008,0.9983,0.708,,,,,,,
17,Right,25,-0.0002,0.0012,0.0219,0.0000,0.0000,0.0000,1.0000,0.708,,,,,,,
18,Left,0,0.0009,-0.0060,0.0658,0.0000,0.0000,0.0000,1.0000,0.750,,,,,,,
18,Left,1,0.0000,0.0000,0.0000,0.0000,0.0000,0.0000,1.0000,0.750,0.0118,-0.1359,-0.2452,-0.4514,-0.0682,-0.0430,0.8887
18,Left,2,0.0233,-0.0234,0.0378,0.0858,0.3298,-0.7015,0.6259,0.750,,,,,,,
18,Left,3,0.0000,0.0000,0.0325,0.3403,-0.0376,0.0790,0.9362,0.750,,,,,,,
18,Left,4,0.0000,0.0000,0.0338,0.2522,0.0376,-0.0738,0.9641,0.750,,,,,,,
18,Left,5,-0.0007,0.0010,0.0246,0.0000,0.0000,0.0000,1.0000,0.750,,,,,,,
18,Left,6,0.0164,-0.0131,0.0381,0.0000,0.0000,0.0000,1.0000,0.750,,,,,,,
18,Left,7,0.0072,0.0058,0.0579,0.0689,0.0934,-0.0320,0.9927,0.750,,,,,,,
18,Left,8,0.0000,0.0000,0.0379,0.0328,-0.0063,0.0260,0.9991,0.750,,,,,,,
18,Left,9,0.0000,0.0000,0.0243,-0.0049,-0.0261,0.0164,0.9995,0.750,,,,,,,
18,Left,10,-0.0003,0.0010,0.0224,0.0000,0.0000,0.0000,1.0000,0.750,,,,,,,
18,Left,11,0.0002,-0.0095,0.0359,0.0000,0.0000,0.0000,1.0000,0.750,,,,,,,
18,Left,12,0.0016,0.0069,0.0597,0.1687,-0.0425,0.0135,0.9847,0.750,,,,,,,
18,Left,13,0.0000,0.0000,0.0429,0.0066,-0.0043,0.0113,0.9999,0.750,,,,,,,
18,Left,14,0.0000,0.0000,0.0275,0.0052,-0.0003,0.0441,0.9990,0.750,,,,,,,
18,Left,15,-0.0003,0.0011,0.0250,0.0000,0.0000,0.0000,1.0000,0.750,,,,,,,
18,Left,16,-0.0150,-0.0060,0.0348,0.0000,0.0000,0.0000,1.0000,0.750,,,,,,,
18,Left,17,-0.0025,-0.0005,0.0539,0.5257,-0.0734,0.0977,0.8418,0.750,,,,,,,
18,Left,18,0.0000,0.0000,0.0390,0.6281,0.0187,0.0419,0.7767,0.750,,,,,,,
18,Left,19,0.0000,0.0000,0.0266,0.4438,0.0283,0.0250,0.8953,0.750,,,,,,,
18,Left,20,-0.0003,0.0016,0.0243,0.0000,0.0000,0.0000,1.0000,0.750,,,,,,,
18,Left,21,-0.0230,-0.0094,0.0341,0.0183,-0.1403,0.2070,0.9680,0.750,,,,,,,
18,Left,22,0.0000,0.0000,0.0457,0.5588,-0.0671,-0.0395,0.8256,0.750,,,,,,,
18,Left,23,0.0000,0.0000,0.0307,0.6119,-0.0096,0.0843,0.7864,0.750,,,,,,,
18,Left,24,0.0000,0.0000,0.0203,0.4421,0.0438,-0.0022,0.8959,0.750,,,,,,,
18,Left,25,0.0002,0.0012,0.0219,0.0000,0.0000,0.0000,1.0000,0.750,,,,,,,
18,Right,0,-0.0023,-0.0053,0.0652,0.0000,0.0000,0.0000,1.0000,0.750,,,,,,,
18,Right,1,0.0000,0.0000,0.0000,0.0000,0.0000,0.0000,1.0000,0.750,0.3689,-0.2207,-0.2429,0.4281,0.3748,-0.0553,-0.8205
18,Right,2,-0.0289,-0.0181,0.0354,-0.0549,-0.3520,0.6038,0.7131,0.750,,,,,,,
18,Right,3,0.0000,0.0000,0.0325,0.2384,0.0483,-0.0813,0.9665,0.750,,,,,,,
18,Right,4,0.0000,0.0000,0.0338,0.1529,-0.0470,0.0778,0.9840,0.750,,,,,,,
18,Right,5,0.0007,0.0010,0.0246,0.0000,0.0000,0.0000,1.0000,0.750,,,,,,,
18,Right,6,-0.0192,-0.0105,0.0369,0.0000,0.0000,0.0000,1.0000,0.750,,,,,,,
18,Right,7,-0.0044,0.0032,0.0591,0.0934,0.0004,0.0320,0.9951,0.750,,,,,,,
18,Right,8,0.0000,0.0000,0.0379,0.1214,0.0040,-0.0263,0.9922,0.750,,,,,,,
18,Right,9,0.0000,0.0000,0.0243,0.0440,0.0253,-0.0167,0.9986,0.750,,,,,,,
18,Right,10,0.0003,0.0010,0.0224,0.0000,0.0000,0.0000,1.0000,0.750,,,,,,,
18,Right,11,-0.0030,-0.0081,0.0348,0.0000,0.0000,0.0000,1.0000,0.750,,,,,,,
18,Right,12,0.0012,0.0056,0.0609,0.1331,0.1074,-0.0179,0.9851,0.750,,,,,,,
18,Right,13,0.0000,0.0000,0.0429,0.1274,0.0029,-0.0120,0.9918,0.750,,,,,,,
18,Right,14,0.0000,0.0000,0.0275,0.0161,-0.0002,-0.0452,0.9988,0.750,,,,,,,
18,Right,15,0.0003,0.0011,0.0250,0.0000,0.0000,0.0000,1.0000,0.750,,,,,,,
18,Right,16,0.0150,-0.0060,0.0348,0.0000,0.0000,0.0000,1.0000,0.750,,,,,,,
18,Right,17,0.0025,-0.0005,0.0539,0.1699,0.1470,-0.0702,0.9719,0.750,,,,,,,
18,Right,18,0.0000,0.0000,0.0390,0.1453,-0.0019,-0.0368,0.9887,0.750,,,,,,,
18,Right,19,0.0000,0.0000,0.0266,0.0690,-0.0296,-0.0079,0.9971,0.750,,,,,,,
18,Right,20,0.0003,0.0016,0.0243,0.0000,0.0000,0.0000,1.0000,0.750,,,,,,,
18,Right,21,0.0230,-0.0094,0.0341,0.0183,0.1403,-0.2070,0.9680,0.750,,,,,,,
18,Right,22,0.0000,0.0000,0.0457,0.1293,0.0818,0.0763,0.9853,0.750,,,,,,,
18,Right,23,0.0000,0.0000,0.0307,0.2019,0.0337,-0.0557,0.9772,0.750,,,,,,,
18,Right,24,0.0000,0.0000,0.0203,0.0324,-0.0491,0.0008,0.9983,0.750,,,,,,,
18,Right,25,-0.0002,0.0012,0.0219,0.0000,0.0000,0.0000,1.0000,0.750,,,,,,,
19,Left,0,0.0009,-0.0060,0.0658,0.0000,0.0000,0.0000,1.0000,0.792,,,,,,,
19,Left,1,0.0000,0.0000,0.0000,0.0000,0.0000,0.0000,1.0000,0.792,0.0116,-0.1348,-0.2398,-0.4498,-0.0629,-0.0497,0.8895
19,Left,2,0.0233,-0.0234,0.0378,0.0845,0.3289,-0.7014,0.6267,0.792,,,,,,,
19,Left,3,0.0000,0.0000,0.0325,0.3432,-0.0373,0.0789,0.9352,0.792,,,,,,,
19,Left,4,0.0000,0.0000,0.0338,0.2568,0.0371,-0.0736,0.9629,0.792,,,,,,,
19,Left,5,-0.0007,0.0010,0.0246,0.0000,0.0000,0.0000,1.0000,0.792,,,,,,,
19,Left,6,0.0164,-0.0131,0.0381,0.0000,0.0000,0.0000,1.0000,0.792,,,,,,,
19,Left,7,0.0072,0.0058,0.0579,0.0828,0.0897,-0.0337,0.9919,0.792,,,,,,,
19,Left,8,0.0000,0.0000,0.0379,0.0317,-0.0064,0.0260,0.9991,0.792,,,,,,,
19,Left,9,0.0000,0.0000,0.0243,-0.0045,-0.0261,0.0164,0.9995,0.792,,,,,,,
19,Left,10,-0.0003,0.0010,0.0224,0.0000,0.0000,0.0000,1.0000,0.792,,,,,,,
19,Left,11,0.0002,-0.0095,0.0359,0.0000,0.0000,0.0000,1.0000,0.792,,,,,,,
19,Left,12,0.0016,0.0069,0.0597,0.1691,-0.0432,0.0136,0.9846,0.792,,,,,,,
19,Left,13,0.0000,0.0000,0.0429,0.0057,-0.0043,0.0113,0.9999,0.792,,,,,,,
19,Left,14,0.0000,0.0000,0.0275,0.0018,-0.0005,0.0438,0.9990,0.792,,,,,,,
19,Left,15,-0.0003,0.0011,0.0250,0.0000,0.0000,0.0000,1.0000,0.792,,,,,,,
19,Left,16,-0.0150,-0.0060,0.0348,0.0000,0.0000,0.0000,1.0000,0.792,,,,,,,
19,Left,17,-0.0025,-0.0005,0.0539,0.5147,-0.0737,0.0963,0.8487,0.792,,,,,,,
19,Left,18,0.0000,0.0000,0.0390,0.6290,0.0188,0.0419,0.7761,0.792,,,,,,,
19,Left,19,0.0000,0.0000,0.0266,0.4432,0.0283,0.0250,0.8956,0.792,,,,,,,
19,Left,20,-0.0003,0.0016,0.0243,0.0000,0.0000,0.0000,1.0000,0.792,,,,,,,
19,Left,21,-0.0230,-0.0094,0.0341,0.0183,-0.1403,0.2070,0.9680,0.792,,,,,,,
19,Left,22,0.0000,0.0000,0.0457,0.5463,-0.0649,-0.0419,0.8340,0.792,,,,,,,
19,Left,23,0.0000,0.0000,0.0307,0.6182,-0.0092,0.0847,0.7814,0.792,,,,,,,
19,Left,24,0.0000,0.0000,0.0203,0.4418,0.0438,-0.0022,0.8960,0.792,,,,,,,
19,Left,25,0.0002,0.0012,0.0219,0.0000,0.0000,0.0000,1.0000,0.792,,,,,,,
19,Right,0,-0.0023,-0.0053,0.0652,0.0000,0.0000,0.0000,1.0000,0.792,,,,,,,
19,Right,1,0.0000,0.0000,0.0000,0.0000,0.0000,0.0000,1.0000,0.792,0.3694,-0.2205,-0.2427,0.4273,0.3749,-0.0501,-0.8212
19,Right,2,-0.0289,-0.0181,0.0355,-0.0573,-0.3479,0.6037,0.7150,0.792,,,,,,,
19,Right,3,0.0000,0.0000,0.0325,0.2390,0.0483,-0.0813,0.9664,0.792,,,,,,,
19,Right,4,0.0000,0.0000,0.0338,0.1516,-0.0471,0.0779,0.9842,0.792,,,,,,,
19,Right,5,0.0007,0.0010,0.0246,0.0000,0.0000,0.0000,1.0000,0.792,,,,,,,
19,Right,6,-0.0191,-0.0105,0.0369,0.0000,0.0000,0.0000,1.0000,0.792,,,,,,,
19,Right,7,-0.0044,0.0032,0.0591,0.0941,0.0022,0.0320,0.9950,0.792,,,,,,,
19,Right,8,0.0000,0.0000,0.0379,0.1223,0.0040,-0.0263,0.9921,0.792,,,,,,,
19,Right,9,0.0000,0.0000,0.0243,0.0446,0.0253,-0.0167,0.9985,0.792,,,,,,,
19,Right,10,0.0003,0.0010,0.0224,0.0000,0.0000,0.0000,1.0000,0.792,,,,,,,
19,Right,11,-0.0029,-0.0082,0.0348,0.0000,0.0000,0.0000,1.0000,0.792,,,,,,,
19,Right,12,0.0012,0.0056,0.0609,0.1346,0.1078,-0.0181,0.9848,0.792,,,,,,,
19,Right,13,0.0000,0.0000,0.0429,0.1284,0.0029,-0.0120,0.9916,0.792,,,,,,,
19,Right,14,0.0000,0.0000,0.0275,0.0167,-0.0002,-0.0453,0.9988,0.792,,,,,,,
19,Right,15,0.0003,0.0011,0.0250,0.0000,0.0000,0.0000,1.0000,0.792,,,,,,,
19,Right,16,0.0150,-0.0060,0.0348,0.0000,0.0000,0.0000,1.0000,0.792,,,,,,,
19,Right,17,0.0025,-0.0005,0.0539,0.1717,0.1463,-0.0704,0.9717,0.792,,,,,,,
19,Right,18,0.0000,0.0000,0.0390,0.1459,-0.0019,-0.0368,0.9886,0.792,,,,,,,
19,Right,19,0.0000,0.0000,0.0266,0.0693,-0.0296,-0.0079,0.9971,0.792,,,,,,,
19,Right,20,0.0003,0.0016,0.0243,0.0000,0.0000,0.0000,1.0000,0.792,,,,,,,
19,Right,21,0.0230,-0.0094,0.0341,0.0183,0.1403,-0.2070,0.9680,0.792,,,,,,,
19,Right,22,0.0000,0.0000,0.0457,0.1289,0.0807,0.0765,0.9854,0.792,,,,,,,
19,Right,23,0.0000,0.0000,0.0307,0.2022,0.0337,-0.0557,0.9772,0.792,,,,,,,
19,Right,24,0.0000,0.0000,0.0203,0.0326,-0.0491,0.0008,0.9983,0.792,,,,,,,
19,Right,25,-0.0002,0.0012,0.0219,0.0000,0.0000,0.0000,1.0000,0.792,,,,,,,
20,Left,0,0.0009,-0.0060,0.0658,0.0000,0.0000,0.0000,1.0000,0.833,,,,,,,
20,Left,1,0.0000,0.0000,0.0000,0.0000,0.0000,0.0000,1.0000,0.833,0.0122,-0.1341,-0.2383,-0.4487,-0.0611,-0.0515,0.8901
20,Left,2,0.0233,-0.0233,0.0378,0.0834,0.3281,-0.7013,0.6273,0.833,,,,,,,
20,Left,3,0.0000,0.0000,0.0325,0.3445,-0.0372,0.0789,0.9347,0.833,,,,,,,
20,Left,4,0.0000,0.0000,0.0338,0.2586,0.0370,-0.0735,0.9625,0.833,,,,,,,
20,Left,5,-0.0007,0.0010,0.0246,0.0000,0.0000,0.0000,1.0000,0.833,,,,,,,
20,Left,6,0.0164,-0.0131,0.0381,0.0000,0.0000,0.0000,1.0000,0.833,,,,,,,
20,Left,7,0.0072,0.0058,0.0579,0.1015,0.0866,-0.0359,0.9904,0.833,,,,,,,
20,Left,8,0.0000,0.0000,0.0379,0.0308,-0.0064,0.0260,0.9992,0.833,,,,,,,
20,Left,9,0.0000,0.0000,0.0243,-0.0043,-0.0261,0.0164,0.9995,0.833,,,,,,,
20,Left,10,-0.0003,0.0010,0.0224,0.0000,0.0000,0.0000,1.0000,0.833,,,,,,,
20,Left,11,0.0002,-0.0095,0.0359,0.0000,0.0000,0.0000,1.0000,0.833,,,,,,,
20,Left,12,0.0016,0.0069,0.0597,0.1705,-0.0451,0.0139,0.9842,0.833,,,,,,,
20,Left,13,0.0000,0.0000,0.0429,0.0050,-0.0043,0.0113,0.9999,0.833,,,,,,,
20,Left,14,0.0000,0.0000,0.0275,-0.0018,-0.0006,0.0434,0.9991,0.833,,,,,,,
20,Left,15,-0.0003,0.0011,0.0250,0.0000,0.0000,0.0000,1.0000,0.833,,,,,,,
20,Left,16,-0.0150,-0.0060,0.0348,0.0000,0.0000,0.0000,1.0000,0.833,,,,,,,
20,Left,17,-0.0025,-0.0005,0.0539,0.5083,-0.0740,0.0956,0.8526,0.833,,,,,,,
20,Left,18,0.0000,0.0000,0.0390,0.6301,0.0188,0.0419,0.7752,0.833,,,,,,,
20,Left,19,0.0000,0.0000,0.0266,0.4431,0.0283,0.0250,0.8957,0.833,,,,,,,
20,Left,20,-0.0003,0.0016,0.0243,0.0000,0.0000,0.0000,1.0000,0.833,,,,,,,
20,Left,21,-0.0230,-0.0094,0.0341,0.0183,-0.1403,0.2070,0.9680,0.833,,,,,,,
20,Left,22,0.0000,0.0000,0.0457,0.5401,-0.0636,-0.0432,0.8381,0.833,,,,,,,
20,Left,23,0.0000,0.0000,0.0307,0.6271,-0.0085,0.0852,0.7742,0.833,,,,,,,
20,Left,24,0.0000,0.0000,0.0203,0.4421,0.0438,-0.0022,0.8959,0.833,,,,,,,
20,Left,25,0.0002,0.0012,0.0219,0.0000,0.0000,0.0000,1.0000,0.833,,,,,,,
20,Right,0,-0.0023,-0.0054,0.0652,0.0000,0.0000,0.0000,1.0000,0.833,,,,,,,
20,Right,1,0.0000,0.0000,0.0000,0.0000,0.0000,0.0000,1.0000,0.833,0.3703,-0.2200,-0.2421,0.4241,0.3737,-0.0441,-0.8237
20,Right,2,-0.0289,-0.0181,0.0355,-0.0585,-0.3455,0.6039,0.7158,0.833,,,,,,,
20,Right,3,0.0000,0.0000,0.0325,0.2388,0.0483,-0.0813,0.9665,0.833,,,,,,,
20,Right,4,0.0000,0.0000,0.0338,0.1455,-0.0477,0.0781,0.9851,0.833,,,,,,,
20,Right,5,0.0007,0.0010,0.0246,0.0000,0.0000,0.0000,1.0000,0.833,,,,,,,
20,Right,6,-0.0191,-0.0105,0.0369,0.0000,0.0000,0.0000,1.0000,0.833,,,,,,,
20,Right,7,-0.0044,0.0032,0.0591,0.0949,0.0038,0.0319,0.9950,0.833,,,,,,,
20,Right,8,0.0000,0.0000,0.0379,0.1232,0.0040,-0.0263,0.9920,0.833,,,,,,,
20,Right,9,0.0000,0.0000,0.0243,0.0452,0.0253,-0.0167,0.9985,0.833,,,,,,,
20,Right,10,0.0003,0.0010,0.0224,0.0000,0.0000,0.0000,1.0000,0.833,,,,,,,
20,Right,11,-0.0029,-0.0082,0.0348,0.0000,0.0000,0.0000,1.0000,0.833,,,,,,,
20,Right,12,0.0012,0.0056,0.0609,0.1365,0.1078,-0.0183,0.9846,0.833,,,,,,,
20,Right,13,0.0000,0.0000,0.0429,0.1295,0.0029,-0.0120,0.9915,0.833,,,,,,,
20,Right,14,0.0000,0.0000,0.0275,0.0170,-0.0002,-0.0453,0.9988,0.833,,,,,,,
20,Right,15,0.0003,0.0011,0.0250,0.0000,0.0000,0.0000,1.0000,0.833,,,,,,,
20,Right,16,0.0150,-0.0060,0.0348,0.0000,0.0000,0.0000,1.0000,0.833,,,,,,,
20,Right,17,0.0025,-0.0005,0.0539,0.1733,0.1454,-0.0705,0.9715,0.833,,,,,,,
20,Right,18,0.0000,0.0000,0.0390,0.1466,-0.0020,-0.0368,0.9885,0.833,,,,,,,
20,Right,19,0.0000,0.0000,0.0266,0.0695,-0.0296,-0.0079,0.9971,0.833,,,,,,,
20,Right,20,0.0003,0.0016,0.0243,0.0000,0.0000,0.0000,1.0000,0.833,,,,,,,
20,Right,21,0.0230,-0.0094,0.0341,0.0183,0.1403,-0.2070,0.9680,0.833,,,,,,,
20,Right,22,0.0000,0.0000,0.0457,0.1281,0.0794,0.0768,0.9856,0.833,,,,,,,
20,Right,23,0.0000,0.0000,0.0307,0.2022,0.0337,-0.0557,0.9772,0.833,,,,,,,
20,Right,24,0.0000,0.0000,0.0203,0.0326,-0.0491,0.0008,0.9983,0.833,,,,,,,
20,Right,25,-0.0002,0.0012,0.0219,0.0000,0.0000,0.0000,1.0000,0.833,,,,,,,
21,Left,0,0.0009,-0.0060,0.0658,0.0000,0.0000,0.0000,1.0000,0.875,,,,,,,
21,Left,1,0.0000,0.0000,0.0000,0.0000,0.0000,0.0000,1.0000,0.875,0.0128,-0.1342,-0.2374,-0.4496,-0.0609,-0.0614,0.8890
21,Left,2,0.0233,-0.0233,0.0378,0.0821,0.3272,-0.7012,0.6281,0.875,,,,,,,
21,Left,3,0.0000,0.0000,0.0325,0.3455,-0.0371,0.0788,0.9344,0.875,,,,,,,
21,Left,4,0.0000,0.0000,0.0338,0.2600,0.0368,-0.0735,0.9621,0.875,,,,,,,
21,Left,5,-0.0007,0.0010,0.0246,0.0000,0.0000,0.0000,1.0000,0.875,,,,,,,
21,Left,6,0.0164,-0.0131,0.0381,0.0000,0.0000,0.0000,1.0000,0.875,,,,,,,
21,Left,7,0.0072,0.0058,0.0579,0.1152,0.0856,-0.0375,0.9889,0.875,,,,,,,
21,Left,8,0.0000,0.0000,0.0379,0.0298,-0.0064,0.0260,0.9992,0.875,,,,,,,
21,Left,9,0.0000,0.0000,0.0243,-0.0047,-0.0261,0.0164,0.9995,0.875,,,,,,,
21,Left,10,-0.0003,0.0010,0.0224,0.0000,0.0000,0.0000,1.0000,0.875,,,,,,,
21,Left,11,0.0002,-0.0095,0.0359,0.0000,0.0000,0.0000,1.0000,0.875,,,,,,,
21,Left,12,0.0016,0.0069,0.0597,0.1724,-0.0450,0.0139,0.9839,0.875,,,,,,,
21,Left,13,0.0000,0.0000,0.0429,0.0043,-0.0043,0.0113,0.9999,0.875,,,,,,,
21,Left,14,0.0000,0.0000,0.0275,-0.0028,-0.0007,0.0434,0.9991,0.875,,,,,,,
21,Left,15,-0.0003,0.0011,0.0250,0.0000,0.0000,0.0000,1.0000,0.875,,,,,,,
21,Left,16,-0.0150,-0.0060,0.0348,0.0000,0.0000,0.0000,1.0000,0.875,,,,,,,
21,Left,17,-0.0025,-0.0005,0.0539,0.4970,-0.0742,0.0941,0.8594,0.875,,,,,,,
21,Left,18,0.0000,0.0000,0.0390,0.6314,0.0188,0.0419,0.7741,0.875,,,,,,,
21,Left,19,0.0000,0.0000,0.0266,0.4437,0.0283,0.0250,0.8954,0.875,,,,,,,
21,Left,20,-0.0003,0.0016,0.0243,0.0000,0.0000,0.0000,1.0000,0.875,,,,,,,
21,Left,21,-0.0230,-0.0094,0.0341,0.0183,-0.1403,0.2070,0.9680,0.875,,,,,,,
21,Left,22,0.0000,0.0000,0.0457,0.5339,-0.0620,-0.0446,0.8421,0.875,,,,,,,
21,Left,23,0.0000,0.0000,0.0307,0.6359,-0.0079,0.0856,0.7670,0.875,,,,,,,
21,Left,24,0.0000,0.0000,0.0203,0.4433,0.0437,-0.0022,0.8953,0.875,,,,,,,
21,Left,25,0.0002,0.0012,0.0219,0.0000,0.0000,0.0000,1.0000,0.875,,,,,,,
21,Right,0,-0.0023,-0.0054,0.0652,0.0000,0.0000,0.0000,1.0000,0.875,,,,,,,
21,Right,1,0.0000,0.0000,0.0000,0.0000,0.0000,0.0000,1.0000,0.875,0.3733,-0.2187,-0.2383,0.4224,0.3722,-0.0442,-0.8253
21,Right,2,-0.0288,-0.0181,0.0355,-0.0609,-0.3423,0.6035,0.7175,0.875,,,,,,,
21,Right,3,0.0000,0.0000,0.0325,0.2396,0.0482,-0.0813,0.9663,0.875,,,,,,,
21,Right,4,0.0000,0.0000,0.0338,0.1429,-0.0479,0.0782,0.9855,0.875,,,,,,,
21,Right,5,0.0007,0.0010,0.0246,0.0000,0.0000,0.0000,1.0000,0.875,,,,,,,
21,Right,6,-0.0191,-0.0105,0.0369,0.0000,0.0000,0.0000,1.0000,0.875,,,,,,,
21,Right,7,-0.0044,0.0032,0.0591,0.0950,0.0055,0.0319,0.9950,0.875,,,,,,,
21,Right,8,0.0000,0.0000,0.0379,0.1241,0.0039,-0.0263,0.9919,0.875,,,,,,,
21,Right,9,0.0000,0.0000,0.0243,0.0461,0.0252,-0.0167,0.9985,0.875,,,,,,,
21,Right,10,0.0003,0.0010,0.0224,0.0000,0.0000,0.0000,1.0000,0.875,,,,,,,
21,Right,11,-0.0029,-0.0082,0.0348,0.0000,0.0000,0.0000,1.0000,0.875,,,,,,,
21,Right,12,0.0012,0.0056,0.0609,0.1378,0.1067,-0.0183,0.9845,0.875,,,,,,,
21,Right,13,0.0000,0.0000,0.0429,0.1297,0.0029,-0.0120,0.9915,0.875,,,,,,,
21,Right,14,0.0000,0.0000,0.0275,0.0173,-0.0002,-0.0453,0.9988,0.875,,,,,,,
21,Right,15,0.0003,0.0011,0.0250,0.0000,0.0000,0.0000,1.0000,0.875,,,,,,,
21,Right,16,0.0150,-0.0060,0.0348,0.0000,0.0000,0.0000,1.0000,0.875,,,,,,,
21,Right,17,0.0025,-0.0005,0.0539,0.1736,0.1442,-0.0704,0.9717,0.875,,,,,,,
21,Right,18,0.0000,0.0000,0.0390,0.1465,-0.0020,-0.0368,0.9885,0.875,,,,,,,
21,Right,19,0.0000,0.0000,0.0266,0.0694,-0.0296,-0.0079,0.9971,0.875,,,,,,,
21,Right,20,0.0003,0.0016,0.0243,0.0000,0.0000,0.0000,1.0000,0.875,,,,,,,
21,Right,21,0.0230,-0.0094,0.0341,0.0183,0.1403,-0.2070,0.9680,0.875,,,,,,,
21,Right,22,0.0000,0.0000,0.0457,0.1244,0.0780,0.0774,0.9861,0.875,,,,,,,
21,Right,23,0.0000,0.0000,0.0307,0.2014,0.0337,-0.0557,0.9774,0.875,,,,,,,
21,Right,24,0.0000,0.0000,0.0203,0.0321,-0.0491,0.0008,0.9983,0.875,,,,,,,
21,Right,25,-0.0002,0.0012,0.0219,0.0000,0.0000,0.0000,1.0000,0.875,,,,,,,
22,Left,0,0.0009,-0.0060,0.0658,0.0000,0.0000,0.0000,1.0000,0.917,,,,,,,
22,Left,1,0.0000,0.0000,0.0000,0.0000,0.0000,0.0000,1.0000,0.917,0.0123,-0.1339,-0.2429,-0.4483,-0.0549,-0.0593,0.8902
22,Left,2,0.0233,-0.0233,0.0378,0.0815,0.3267,-0.7012,0.6284,0.917,,,,,,,
22,Left,3,0.0000,0.0000,0.0325,0.3472,-0.0369,0.0788,0.9337,0.917,,,,,,,
22,Left,4,0.0000,0.0000,0.0338,0.2617,0.0367,-0.0734,0.9617,0.917,,,,,,,
22,Left,5,-0.0007,0.0010,0.0246,0.0000,0.0000,0.0000,1.0000,0.917,,,,,,,
22,Left,6,0.0164,-0.0131,0.0381,0.0000,0.0000,0.0000,1.0000,0.917,,,,,,,
22,Left,7,0.0072,0.0058,0.0579,0.1400,0.0821,-0.0402,0.9859,0.917,,,,,,,
22,Left,8,0.0000,0.0000,0.0379,0.0293,-0.0064,0.0260,0.9992,0.917,,,,,,,
22,Left,9,0.0000,0.0000,0.0243,-0.0048,-0.0261,0.0164,0.9995,0.917,,,,,,,
22,Left,10,-0.0003,0.0010,0.0224,0.0000,0.0000,0.0000,1.0000,0.917,,,,,,,
22,Left,11,0.0002,-0.0095,0.0359,0.0000,0.0000,0.0000,1.0000,0.917,,,,,,,
22,Left,12,0.0016,0.0069,0.0597,0.1982,-0.0490,0.0157,0.9788,0.917,,,,,,,
22,Left,13,0.0000,0.0000,0.0429,0.0037,-0.0043,0.0113,0.9999,0.917,,,,,,,
22,Left,14,0.0000,0.0000,0.0275,-0.0038,-0.0007,0.0432,0.9991,0.917,,,,,,,
22,Left,15,-0.0003,0.0011,0.0250,0.0000,0.0000,0.0000,1.0000,0.917,,,,,,,
22,Left,16,-0.0150,-0.0060,0.0348,0.0000,0.0000,0.0000,1.0000,0.917,,,,,,,
22,Left,17,-0.0025,-0.0005,0.0539,0.4966,-0.0740,0.0940,0.8597,0.917,,,,,,,
22,Left,18,0.0000,0.0000,0.0390,0.6363,0.0190,0.0419,0.7700,0.917,,,,,,,
22,Left,19,0.0000,0.0000,0.0266,0.4450,0.0283,0.0250,0.8947,0.917,,,,,,,
22,Left,20,-0.0003,0.0016,0.0243,0.0000,0.0000,0.0000,1.0000,0.917,,,,,,,
22,Left,21,-0.0230,-0.0094,0.0341,0.0183,-0.1403,0.2070,0.9680,0.917,,,,,,,
22,Left,22,0.0000,0.0000,0.0457,0.5339,-0.0615,-0.0449,0.8421,0.917,,,,,,,
22,Left,23,0.0000,0.0000,0.0307,0.6414,-0.0075,0.0859,0.7623,0.917,,,,,,,
22,Left,24,0.0000,0.0000,0.0203,0.4452,0.0437,-0.0022,0.8943,0.917,,,,,,,
22,Left,25,0.0002,0.0012,0.0219,0.0000,0.0000,0.0000,1.0000,0.917,,,,,,,
22,Right,0,-0.0023,-0.0054,0.0652,0.0000,0.0000,0.0000,1.0000,0.917,,,,,,,
22,Right,1,0.0000,0.0000,0.0000,0.0000,0.0000,0.0000,1.0000,0.917,0.3739,-0.2188,-0.2378,0.4221,0.3719,-0.0380,-0.8259
22,Right,2,-0.0288,-0.0182,0.0355,-0.0611,-0.3416,0.6037,0.7177,0.917,,,,,,,
22,Right,3,0.0000,0.0000,0.0325,0.2396,0.0482,-0.0813,0.9663,0.917,,,,,,,
22,Right,4,0.0000,0.0000,0.0338,0.1392,-0.0483,0.0783,0.9860,0.917,,,,,,,
22,Right,5,0.0007,0.0010,0.0246,0.0000,0.0000,0.0000,1.0000,0.917,,,,,,,
22,Right,6,-0.0191,-0.0105,0.0369,0.0000,0.0000,0.0000,1.0000,0.917,,,,,,,
22,Right,7,-0.0044,0.0032,0.0591,0.0953,0.0060,0.0319,0.9949,0.917,,,,,,,
22,Right,8,0.0000,0.0000,0.0379,0.1262,0.0039,-0.0263,0.9917,0.917,,,,,,,
22,Right,9,0.0000,0.0000,0.0243,0.0469,0.0252,-0.0167,0.9984,0.917,,,,,,,
22,Right,10,0.0003,0.0010,0.0224,0.0000,0.0000,0.0000,1.0000,0.917,,,,,,,
22,Right,11,-0.0029,-0.0082,0.0348,0.0000,0.0000,0.0000,1.0000,0.917,,,,,,,
22,Right,12,0.0012,0.0056,0.0609,0.1458,0.1055,-0.0190,0.9835,0.917,,,,,,,
22,Right,13,0.0000,0.0000,0.0429,0.1313,0.0028,-0.0120,0.9913,0.917,,,,,,,
22,Right,14,0.0000,0.0000,0.0275,0.0180,-0.0002,-0.0454,0.9988,0.917,,,,,,,
22,Right,15,0.0003,0.0011,0.0250,0.0000,0.0000,0.0000,1.0000,0.917,,,,,,,
22,Right,16,0.0150,-0.0060,0.0348,0.0000,0.0000,0.0000,1.0000,0.917,,,,,,,
22,Right,17,0.0025,-0.0005,0.0539,0.1755,0.1426,-0.0705,0.9715,0.917,,,,,,,
22,Right,18,0.0000,0.0000,0.0390,0.1475,-0.0020,-0.0369,0.9884,0.917,,,,,,,
22,Right,19,0.0000,0.0000,0.0266,0.0698,-0.0296,-0.0079,0.9971,0.917,,,,,,,
22,Right,20,0.0003,0.0016,0.0243,0.0000,0.0000,0.0000,1.0000,0.917,,,,,,,
22,Right,21,0.0230,-0.0094,0.0341,0.0183,0.1403,-0.2070,0.9680,0.917,,,,,,,
22,Right,22,0.0000,0.0000,0.0457,0.1235,0.0771,0.0777,0.9863,0.917,,,,,,,
22,Right,23,0.0000,0.0000,0.0307,0.2017,0.0337,-0.0557,0.9773,0.917,,,,,,,
22,Right,24,0.0000,0.0000,0.0203,0.0323,-0.0491,0.0008,0.9983,0.917,,,,,,,
22,Right,25,-0.0002,0.0012,0.0219,0.0000,0.0000,0.0000,1.0000,0.917,,,,,,,
23,Left,0,0.0009,-0.0060,0.0658,0.0000,0.0000,0.0000,1.0000,0.958,,,,,,,
23,Left,1,0.0000,0.0000,0.0000,0.0000,0.0000,0.0000,1.0000,0.958,0.0124,-0.1347,-0.2382,-0.4479,-0.0562,-0.0602,0.8903
23,Left,2,0.0233,-0.0234,0.0378,0.0820,0.3263,-0.7016,0.6281,0.958,,,,,,,
23,Left,3,0.0000,0.0000,0.0325,0.3500,-0.0366,0.0787,0.9327,0.958,,,,,,,
23,Left,4,0.0000,0.0000,0.0338,0.2634,0.0365,-0.0733,0.9612,0.958,,,,,,,
23,Left,5,-0.0007,0.0010,0.0246,0.0000,0.0000,0.0000,1.0000,0.958,,,,,,,
23,Left,6,0.0164,-0.0131,0.0381,0.0000,0.0000,0.0000,1.0000,0.958,,,,,,,
23,Left,7,0.0072,0.0058,0.0579,0.1412,0.0816,-0.0403,0.9858,0.958,,,,,,,
23,Left,8,0.0000,0.0000,0.0379,0.0289,-0.0065,0.0260,0.9992,0.958,,,,,,,
23,Left,9,0.0000,0.0000,0.0243,-0.0048,-0.0261,0.0164,0.9995,0.958,,,,,,,
23,Left,10,-0.0003,0.0010,0.0224,0.0000,0.0000,0.0000,1.0000,0.958,,,,,,,
23,Left,11,0.0002,-0.0095,0.0359,0.0000,0.0000,0.0000,1.0000,0.958,,,,,,,
23,Left,12,0.0016,0.0069,0.0597,0.2050,-0.0484,0.0159,0.9774,0.958,,,,,,,
23,Left,13,0.0000,0.0000,0.0429,0.0031,-0.0043,0.0113,0.9999,0.958,,,,,,,
23,Left,14,0.0000,0.0000,0.0275,-0.0050,-0.0008,0.0431,0.9991,0.958,,,,,,,
23,Left,15,-0.0003,0.0011,0.0250,0.0000,0.0000,0.0000,1.0000,0.958,,,,,,,
23,Left,16,-0.0150,-0.0060,0.0348,0.0000,0.0000,0.0000,1.0000,0.958,,,,,,,
23,Left,17,-0.0025,-0.0005,0.0539,0.4969,-0.0735,0.0937,0.8596,0.958,,,,,,,
23,Left,18,0.0000,0.0000,0.0390,0.6372,0.0191,0.0419,0.7693,0.958,,,,,,,
23,Left,19,0.0000,0.0000,0.0266,0.4459,0.0283,0.0251,0.8943,0.958,,,,,,,
23,Left,20,-0.0003,0.0016,0.0243,0.0000,0.0000,0.0000,1.0000,0.958,,,,,,,
23,Left,21,-0.0230,-0.0094,0.0341,0.0183,-0.1403,0.2070,0.9680,0.958,,,,,,,
23,Left,22,0.0000,0.0000,0.0457,0.5338,-0.0606,-0.0455,0.8422,0.958,,,,,,,
23,Left,23,0.0000,0.0000,0.0307,0.6422,-0.0074,0.0860,0.7616,0.958,,,,,,,
23,Left,24,0.0000,0.0000,0.0203,0.4465,0.0437,-0.0022,0.8937,0.958,,,,,,,
23,Left,25,0.0002,0.0012,0.0219,0.0000,0.0000,0.0000,1.0000,0.958,,,,,,,
23,Right,0,-0.0023,-0.0054,0.0652,0.0000,0.0000,0.0000,1.0000,0.958,,,,,,,
23,Right,1,0.0000,0.0000,0.0000,0.0000,0.0000,0.0000,1.0000,0.958,0.3749,-0.2182,-0.2365,0.4213,0.3702,-0.0373,-0.8271
23,Right,2,-0.0289,-0.0181,0.0355,-0.0621,-0.3409,0.6032,0.7183,0.958,,,,,,,
23,Right,3,0.0000,0.0000,0.0325,0.2393,0.0482,-0.0813,0.9663,0.958,,,,,,,
23,Right,4,0.0000,0.0000,0.0338,0.1378,-0.0484,0.0783,0.9862,0.958,,,,,,,
23,Right,5,0.0007,0.0010,0.0246,0.0000,0.0000,0.0000,1.0000,0.958,,,,,,,
23,Right,6,-0.0191,-0.0105,0.0369,0.0000,0.0000,0.0000,1.0000,0.958,,,,,,,
23,Right,7,-0.0044,0.0032,0.0591,0.0964,0.0061,0.0319,0.9948,0.958,,,,,,,
23,Right,8,0.0000,0.0000,0.0379,0.1290,0.0038,-0.0263,0.9913,0.958,,,,,,,
23,Right,9,0.0000,0.0000,0.0243,0.0482,0.0252,-0.0167,0.9984,0.958,,,,,,,
23,Right,10,0.0003,0.0010,0.0224,0.0000,0.0000,0.0000,1.0000,0.958,,,,,,,
23,Right,11,-0.0029,-0.0082,0.0348,0.0000,0.0000,0.0000,1.0000,0.958,,,,,,,
23,Right,12,0.0012,0.0056,0.0609,0.1500,0.1020,-0.0191,0.9832,0.958,,,,,,,
23,Right,13,0.0000,0.0000,0.0429,0.1322,0.0028,-0.0120,0.9911,0.958,,,,,,,
23,Right,14,0.0000,0.0000,0.0275,0.0187,-0.0003,-0.0455,0.9988,0.958,,,,,,,
23,Right,15,0.0003,0.0011,0.0250,0.0000,0.0000,0.0000,1.0000,0.958,,,,,,,
23,Right,16,0.0150,-0.0060,0.0348,0.0000,0.0000,0.0000,1.0000,0.958,,,,,,,
23,Right,17,0.0025,-0.0005,0.0539,0.1781,0.1409,-0.0707,0.9713,0.958,,,,,,,
23,Right,18,0.0000,0.0000,0.0390,0.1479,-0.0020,-0.0369,0.9883,0.958,,,,,,,
23,Right,19,0.0000,0.0000,0.0266,0.0701,-0.0296,-0.0079,0.9971,0.958,,,,,,,
23,Right,20,0.0003,0.0016,0.0243,0.0000,0.0000,0.0000,1.0000,0.958,,,,,,,
23,Right,21,0.0230,-0.0094,0.0341,0.0183,0.1403,-0.2070,0.9680,0.958,,,,,,,
23,Right,22,0.0000,0.0000,0.0457,0.1206,0.0758,0.0782,0.9867,0.958,,,,,,,
23,Right,23,0.0000,0.0000,0.0307,0.2014,0.0337,-0.0557,0.9774,0.958,,,,,,,
23,Right,24,0.0000,0.0000,0.0203,0.0324,-0.0491,0.0008,0.9983,0.958,,,,,,,
23,Right,25,-0.0002,0.0012,0.0219,0.0000,0.0000,0.0000,1.0000,0.958,,,,,,,
24,Left,0,0.0009,-0.0060,0.0658,0.0000,0.0000,0.0000,1.0000,1.000,,,,,,,
24,Left,1,0.0000,0.0000,0.0000,0.0000,0.0000,0.0000,1.0000,1.000,0.0125,-0.1343,-0.2382,-0.4377,-0.0613,-0.0640,0.8947
24,Left,2,0.0233,-0.0234,0.0378,0.0823,0.3264,-0.7017,0.6279,1.000,,,,,,,
24,Left,3,0.0000,0.0000,0.0325,0.3535,-0.0362,0.0786,0.9314,1.000,,,,,,,
24,Left,4,0.0000,0.0000,0.0338,0.2672,0.0361,-0.0731,0.9602,1.000,,,,,,,
24,Left,5,-0.0007,0.0010,0.0246,0.0000,0.0000,0.0000,1.0000,1.000,,,,,,,
24,Left,6,0.0164,-0.0131,0.0381,0.0000,0.0000,0.0000,1.0000,1.000,,,,,,,
24,Left,7,0.0072,0.0058,0.0579,0.1422,0.0806,-0.0404,0.9857,1.000,,,,,,,
24,Left,8,0.0000,0.0000,0.0379,0.0280,-0.0065,0.0260,0.9993,1.000,,,,,,,
24,Left,9,0.0000,0.0000,0.0243,-0.0048,-0.0261,0.0164,0.9995,1.000,,,,,,,
24,Left,10,-0.0003,0.0010,0.0224,0.0000,0.0000,0.0000,1.0000,1.000,,,,,,,
24,Left,11,0.0002,-0.0095,0.0359,0.0000,0.0000,0.0000,1.0000,1.000,,,,,,,
24,Left,12,0.0016,0.0069,0.0597,0.2127,-0.0480,0.0162,0.9758,1.000,,,,,,,
24,Left,13,0.0000,0.0000,0.0429,0.0026,-0.0043,0.0113,0.9999,1.000,,,,,,,
24,Left,14,0.0000,0.0000,0.0275,-0.0070,-0.0009,0.0429,0.9991,1.000,,,,,,,
24,Left,15,-0.0003,0.0011,0.0250,0.0000,0.0000,0.0000,1.0000,1.000,,,,,,,
24,Left,16,-0.0150,-0.0060,0.0348,0.0000,0.0000,0.0000,1.0000,1.000,,,,,,,
24,Left,17,-0.0025,-0.0005,0.0539,0.4974,-0.0731,0.0936,0.8594,1.000,,,,,,,
24,Left,18,0.0000,0.0000,0.0390,0.6384,0.0191,0.0419,0.7683,1.000,,,,,,,
24,Left,19,0.0000,0.0000,0.0266,0.4470,0.0283,0.0251,0.8937,1.000,,,,,,,
24,Left,20,-0.0003,0.0016,0.0243,0.0000,0.0000,0.0000,1.0000,1.000,,,,,,,
24,Left,21,-0.0230,-0.0094,0.0341,0.0183,-0.1403,0.2070,0.9680,1.000,,,,,,,
24,Left,22,0.0000,0.0000,0.0457,0.5341,-0.0599,-0.0459,0.8421,1.000,,,,,,,
24,Left,23,0.0000,0.0000,0.0307,0.6430,-0.0074,0.0860,0.7610,1.000,,,,,,,
24,Left,24,0.0000,0.0000,0.0203,0.4473,0.0436,-0.0022,0.8933,1.000,,,,,,,
24,Left,25,0.0002,0.0012,0.0219,0.0000,0.0000,0.0000,1.0000,1.000,,,,,,,
24,Right,0,-0.0023,-0.0053,0.0652,0.0000,0.0000,0.0000,1.0000,1.000,,,,,,,
24,Right,1,0.0000,0.0000,0.0000,0.0000,0.0000,0.0000,1.0000,1.000,0.3753,-0.2175,-0.2359,0.4194,0.3689,-0.0362,-0.8286
24,Right,2,-0.0289,-0.0181,0.0355,-0.0633,-0.3404,0.6025,0.7191,1.000,,,,,,,
24,Right,3,0.0000,0.0000,0.0325,0.2386,0.0483,-0.0813,0.9665,1.000,,,,,,,
24,Right,4,0.0000,0.0000,0.0338,0.1363,-0.0485,0.0784,0.9864,1.000,,,,,,,
24,Right,5,0.0007,0.0010,0.0246,0.0000,0.0000,0.0000,1.0000,1.000,,,,,,,
24,Right,6,-0.0191,-0.0105,0.0369,0.0000,0.0000,0.0000,1.0000,1.000,,,,,,,
24,Right,7,-0.0044,0.0032,0.0591,0.0966,0.0055,0.0319,0.9948,1.000,,,,,,,
24,Right,8,0.0000,0.0000,0.0379,0.1301,0.0038,-0.0263,0.9911,1.000,,,,,,,
24,Right,9,0.0000,0.0000,0.0243,0.0492,0.0252,-0.0167,0.9983,1.000,,,,,,,
24,Right,10,0.0003,0.0010,0.0224,0.0000,0.0000,0.0000,1.0000,1.000,,,,,,,
24,Right,11,-0.0029,-0.0082,0.0348,0.0000,0.0000,0.0000,1.0000,1.000,,,,,,,
24,Right,12,0.0012,0.0056,0.0609,0.1522,0.0989,-0.0190,0.9832,1.000,,,,,,,
24,Right,13,0.0000,0.0000,0.0429,0.1327,0.0028,-0.0120,0.9911,1.000,,,,,,,
24,Right,14,0.0000,0.0000,0.0275,0.0192,-0.0003,-0.0455,0.9988,1.000,,,,,,,
24,Right,15,0.0003,0.0011,0.0250,0.0000,0.0000,0.0000,1.0000,1.000,,,,,,,
24,Right,16,0.0150,-0.0060,0.0348,0.0000,0.0000,0.0000,1.0000,1.000,,,,,,,
24,Right,17,0.0025,-0.0005,0.0539,0.1793,0.1387,-0.0706,0.9714,1.000,,,,,,,
24,Right,18,0.0000,0.0000,0.0390,0.1476,-0.0020,-0.0369,0.9884,1.000,,,,,,,
24,Right,19,0.0000,0.0000,0.0266,0.0702,-0.0296,-0.0079,0.9971,1.000,,,,,,,
24,Right,20,0.0003,0.0016,0.0243,0.0000,0.0000,0.0000,1.0000,1.000,,,,,,,
24,Right,21,0.0230,-0.0094,0.0341,0.0183,0.1403,-0.2070,0.9680,1.000,,,,,,,
24,Right,22,0.0000,0.0000,0.0457,0.1182,0.0748,0.0786,0.9870,1.000,,,,,,,
24,Right,23,0.0000,0.0000,0.0307,0.2010,0.0337,-0.0556,0.9774,1.000,,,,,,,
24,Right,24,0.0000,0.0000,0.0203,0.0325,-0.0491,0.0008,0.9983,1.000,,,,,,,
24,Right,25,-0.0002,0.0012,0.0219,0.0000,0.0000,0.0000,1.0000,1.000,,,,,,,
25,Left,0,0.0009,-0.0060,0.0658,0.0000,0.0000,0.0000,1.0000,1.046,,,,,,,
25,Left,1,0.0000,0.0000,0.0000,0.0000,0.0000,0.0000,1.0000,1.046,0.0090,-0.1343,-0.2324,-0.4353,-0.0617,-0.0670,0.8957
25,Left,2,0.0233,-0.0234,0.0378,0.0824,0.3261,-0.7019,0.6278,1.046,,,,,,,
25,Left,3,0.0000,0.0000,0.0325,0.3566,-0.0359,0.0785,0.9303,1.046,,,,,,,
25,Left,4,0.0000,0.0000,0.0338,0.2724,0.0356,-0.0729,0.9588,1.046,,,,,,,
25,Left,5,-0.0007,0.0010,0.0246,0.0000,0.0000,0.0000,1.0000,1.046,,,,,,,
25,Left,6,0.0164,-0.0132,0.0381,0.0000,0.0000,0.0000,1.0000,1.046,,,,,,,
25,Left,7,0.0072,0.0058,0.0579,0.1430,0.0813,-0.0405,0.9856,1.046,,,,,,,
25,Left,8,0.0000,0.0000,0.0379,0.0268,-0.0065,0.0260,0.9993,1.046,,,,,,,
25,Left,9,0.0000,0.0000,0.0243,-0.0051,-0.0261,0.0164,0.9995,1.046,,,,,,,
25,Left,10,-0.0003,0.0010,0.0224,0.0000,0.0000,0.0000,1.0000,1.046,,,,,,,
25,Left,11,0.0001,-0.0095,0.0359,0.0000,0.0000,0.0000,1.0000,1.046,,,,,,,
25,Left,12,0.0016,0.0069,0.0597,0.2201,-0.0474,0.0164,0.9742,1.046,,,,,,,
25,Left,13,0.0000,0.0000,0.0429,0.0022,-0.0043,0.0113,0.9999,1.046,,,,,,,
25,Left,14,0.0000,0.0000,0.0275,-0.0099,-0.0010,0.0427,0.9990,1.046,,,,,,,
25,Left,15,-0.0003,0.0011,0.0250,0.0000,0.0000,0.0000,1.0000,1.046,,,,,,,
25,Left,16,-0.0150,-0.0060,0.0348,0.0000,0.0000,0.0000,1.0000,1.046,,,,,,,
25,Left,17,-0.0025,-0.0005,0.0539,0.4983,-0.0729,0.0936,0.8588,1.046,,,,,,,
25,Left,18,0.0000,0.0000,0.0390,0.6395,0.0191,0.0419,0.7674,1.046,,,,,,,
25,Left,19,0.0000,0.0000,0.0266,0.4479,0.0283,0.0252,0.8933,1.046,,,,,,,
25,Left,20,-0.0003,0.0016,0.0243,0.0000,0.0000,0.0000,1.0000,1.046,,,,,,,
25,Left,21,-0.0230,-0.0094,0.0341,0.0183,-0.1403,0.2070,0.9680,1.046,,,,,,,
25,Left,22,0.0000,0.0000,0.0457,0.5340,-0.0598,-0.0460,0.8421,1.046,,,,,,,
25,Left,23,0.0000,0.0000,0.0307,0.6438,-0.0073,0.0861,0.7603,1.046,,,,,,,
25,Left,24,0.0000,0.0000,0.0203,0.4478,0.0436,-0.0022,0.8931,1.046,,,,,,,
25,Left,25,0.0002,0.0012,0.0219,0.0000,0.0000,0.0000,1.0000,1.046,,,,,,,
25,Right,0,-0.0023,-0.0053,0.0652,0.0000,0.0000,0.0000,1.0000,1.046,,,,,,,
25,Right,1,0.0000,0.0000,0.0000,0.0000,0.0000,0.0000,1.0000,1.046,0.3758,-0.2178,-0.2340,0.4195,0.3711,-0.0301,-0.8279
25,Right,2,-0.0289,-0.0181,0.0355,-0.0641,-0.3398,0.6021,0.7196,1.046,,,,,,,
25,Right,3,0.0000,0.0000,0.0325,0.2385,0.0483,-0.0813,0.9665,1.046,,,,,,,
25,Right,4,0.0000,0.0000,0.0338,0.1350,-0.0487,0.0784,0.9865,1.046,,,,,,,
25,Right,5,0.0007,0.0010,0.0246,0.0000,0.0000,0.0000,1.0000,1.046,,,,,,,
25,Right,6,-0.0192,-0.0105,0.0369,0.0000,0.0000,0.0000,1.0000,1.046,,,,,,,
25,Right,7,-0.0044,0.0032,0.0591,0.0966,0.0045,0.0320,0.9948,1.046,,,,,,,
25,Right,8,0.0000,0.0000,0.0379,0.1315,0.0037,-0.0263,0.9910,1.046,,,,,,,
25,Right,9,0.0000,0.0000,0.0243,0.0501,0.0252,-0.0167,0.9983,1.046,,,,,,,
25,Right,10,0.0003,0.0010,0.0224,0.0000,0.0000,0.0000,1.0000,1.046,,,,,,,
25,Right,11,-0.0029,-0.0081,0.0348,0.0000,0.0000,0.0000,1.0000,1.046,,,,,,,
25,Right,12,0.0012,0.0056,0.0609,0.1619,0.0967,-0.0197,0.9819,1.046,,,,,,,
25,Right,13,0.0000,0.0000,0.0429,0.1342,0.0028,-0.0120,0.9909,1.046,,,,,,,
25,Right,14,0.0000,0.0000,0.0275,0.0202,-0.0003,-0.0456,0.9988,1.046,,,,,,,
25,Right,15,0.0003,0.0011,0.0250,0.0000,0.0000,0.0000,1.0000,1.046,,,,,,,
25,Right,16,0.0150,-0.0060,0.0348,0.0000,0.0000,0.0000,1.0000,1.046,,,,,,,
25,Right,17,0.0025,-0.0005,0.0539,0.1836,0.1366,-0.0710,0.9709,1.046,,,,,,,
25,Right,18,0.0000,0.0000,0.0390,0.1488,-0.0020,-0.0369,0.9882,1.046,,,,,,,
25,Right,19,0.0000,0.0000,0.0266,0.0709,-0.0296,-0.0080,0.9970,1.046,,,,,,,
25,Right,20,0.0003,0.0016,0.0243,0.0000,0.0000,0.0000,1.0000,1.046,,,,,,,
25,Right,21,0.0230,-0.0094,0.0341,0.0183,0.1403,-0.2070,0.9680,1.046,,,,,,,
25,Right,22,0.0000,0.0000,0.0457,0.1173,0.0738,0.0788,0.9872,1.046,,,,,,,
25,Right,23,0.0000,0.0000,0.0307,0.2013,0.0337,-0.0556,0.9774,1.046,,,,,,,
25,Right,24,0.0000,0.0000,0.0203,0.0329,-0.0491,0.0008,0.9983,1.046,,,,,,,
25,Right,25,-0.0002,0.0012,0.0219,0.0000,0.0000,0.0000,1.0000,1.046,,,,,,,
26,Left,0,0.0009,-0.0060,0.0658,0.0000,0.0000,0.0000,1.0000,1.087,,,,,,,
26,Left,1,0.0000,0.0000,0.0000,0.0000,0.0000,0.0000,1.0000,1.087,0.0088,-0.1338,-0.2325,-0.4350,-0.0609,-0.0659,0.8959
26,Left,2,0.0233,-0.0234,0.0378,0.0814,0.3246,-0.7023,0.6283,1.087,,,,,,,
26,Left,3,0.0000,0.0000,0.0325,0.3575,-0.0358,0.0785,0.9299,1.087,,,,,,,
26,Left,4,0.0000,0.0000,0.0338,0.2740,0.0354,-0.0728,0.9583,1.087,,,,,,,
26,Left,5,-0.0007,0.0010,0.0246,0.0000,0.0000,0.0000,1.0000,1.087,,,,,,,
26,Left,6,0.0163,-0.0132,0.0381,0.0000,0.0000,0.0000,1.0000,1.087,,,,,,,
26,Left,7,0.0072,0.0058,0.0579,0.1453,0.0813,-0.0408,0.9852,1.087,,,,,,,
26,Left,8,0.0000,0.0000,0.0379,0.0265,-0.0065,0.0260,0.9993,1.087,,,,,,,
26,Left,9,0.0000,0.0000,0.0243,-0.0050,-0.0261,0.0164,0.9995,1.087,,,,,,,
26,Left,10,-0.0003,0.0010,0.0224,0.0000,0.0000,0.0000,1.0000,1.087,,,,,,,
26,Left,11,0.0001,-0.0095,0.0359,0.0000,0.0000,0.0000,1.0000,1.087,,,,,,,
26,Left,12,0.0016,0.0069,0.0597,0.2281,-0.0487,0.0170,0.9723,1.087,,,,,,,
26,Left,13,0.0000,0.0000,0.0429,0.0018,-0.0043,0.0113,0.9999,1.087,,,,,,,
26,Left,14,0.0000,0.0000,0.0275,-0.0112,-0.0010,0.0425,0.9990,1.087,,,,,,,
26,Left,15,-0.0003,0.0011,0.0250,0.0000,0.0000,0.0000,1.0000,1.087,,,,,,,
26,Left,16,-0.0150,-0.0060,0.0348,0.0000,0.0000,0.0000,1.0000,1.087,,,,,,,
26,Left,17,-0.0025,-0.0005,0.0539,0.5008,-0.0725,0.0937,0.8574,1.087,,,,,,,
26,Left,18,0.0000,0.0000,0.0390,0.6409,0.0192,0.0419,0.7663,1.087,,,,,,,
26,Left,19,0.0000,0.0000,0.0266,0.4490,0.0283,0.0252,0.8927,1.087,,,,,,,
26,Left,20,-0.0003,0.0016,0.0243,0.0000,0.0000,0.0000,1.0000,1.087,,,,,,,
26,Left,21,-0.0230,-0.0094,0.0341,0.0183,-0.1403,0.2070,0.9680,1.087,,,,,,,
26,Left,22,0.0000,0.0000,0.0457,0.5342,-0.0597,-0.0460,0.8420,1.087,,,,,,,
26,Left,23,0.0000,0.0000,0.0307,0.6451,-0.0072,0.0861,0.7592,1.087,,,,,,,
26,Left,24,0.0000,0.0000,0.0203,0.4490,0.0436,-0.0022,0.8925,1.087,,,,,,,
26,Left,25,0.0002,0.0012,0.0219,0.0000,0.0000,0.0000,1.0000,1.087,,,,,,,
26,Right,0,-0.0023,-0.0053,0.0652,0.0000,0.0000,0.0000,1.0000,1.087,,,,,,,
26,Right,1,0.0000,0.0000,0.0000,0.0000,0.0000,0.0000,1.0000,1.087,0.3762,-0.2178,-0.2335,0.4187,0.3711,-0.0282,-0.8284
26,Right,2,-0.0289,-0.0181,0.0355,-0.0647,-0.3394,0.6019,0.7200,1.087,,,,,,,
26,Right,3,0.0000,0.0000,0.0325,0.2389,0.0483,-0.0813,0.9664,1.087,,,,,,,
26,Right,4,0.0000,0.0000,0.0338,0.1339,-0.0488,0.0785,0.9867,1.087,,,,,,,
26,Right,5,0.0007,0.0010,0.0246,0.0000,0.0000,0.0000,1.0000,1.087,,,,,,,
26,Right,6,-0.0192,-0.0105,0.0369,0.0000,0.0000,0.0000,1.0000,1.087,,,,,,,
26,Right,7,-0.0044,0.0032,0.0591,0.0971,0.0043,0.0320,0.9948,1.087,,,,,,,
26,Right,8,0.0000,0.0000,0.0379,0.1332,0.0037,-0.0263,0.9907,1.087,,,,,,,
26,Right,9,0.0000,0.0000,0.0243,0.0510,0.0252,-0.0167,0.9982,1.087,,,,,,,
26,Right,10,0.0003,0.0010,0.0224,0.0000,0.0000,0.0000,1.0000,1.087,,,,,,,
26,Right,11,-0.0029,-0.0081,0.0348,0.0000,0.0000,0.0000,1.0000,1.087,,,,,,,
26,Right,12,0.0012,0.0056,0.0609,0.1645,0.0959,-0.0198,0.9815,1.087,,,,,,,
26,Right,13,0.0000,0.0000,0.0429,0.1356,0.0028,-0.0120,0.9907,1.087,,,,,,,
26,Right,14,0.0000,0.0000,0.0275,0.0213,-0.0004,-0.0457,0.9987,1.087,,,,,,,
26,Right,15,0.0003,0.0011,0.0250,0.0000,0.0000,0.0000,1.0000,1.087,,,,,,,
26,Right,16,0.0150,-0.0060,0.0348,0.0000,0.0000,0.0000,1.0000,1.087,,,,,,,
26,Right,17,0.0025,-0.0005,0.0539,0.1871,0.1352,-0.0713,0.9704,1.087,,,,,,,
26,Right,18,0.0000,0.0000,0.0390,0.1505,-0.0021,-0.0369,0.9879,1.087,,,,,,,
26,Right,19,0.0000,0.0000,0.0266,0.0718,-0.0296,-0.0080,0.9970,1.087,,,,,,,
26,Right,20,0.0003,0.0016,0.0243,0.0000,0.0000,0.0000,1.0000,1.087,,,,,,,
26,Right,21,0.0230,-0.0094,0.0341,0.0183,0.1403,-0.2070,0.9680,1.087,,,,,,,
26,Right,22,0.0000,0.0000,0.0457,0.1162,0.0726,0.0791,0.9874,1.087,,,,,,,
26,Right,23,0.0000,0.0000,0.0307,0.2020,0.0337,-0.0557,0.9772,1.087,,,,,,,
26,Right,24,0.0000,0.0000,0.0203,0.0334,-0.0491,0.0008,0.9982,1.087,,,,,,,
26,Right,25,-0.0002,0.0012,0.0219,0.0000,0.0000,0.0000,1.0000,1.087,,,,,,,
27,Left,0,0.0009,-0.0060,0.0658,0.0000,0.0000,0.0000,1.0000,1.129,,,,,,,
27,Left,1,0.0000,0.0000,0.0000,0.0000,0.0000,0.0000,1.0000,1.129,0.0080,-0.1319,-0.2310,-0.4319,-0.0606,-0.0653,0.8975
27,Left,2,0.0232,-0.0234,0.0378,0.0813,0.3239,-0.7026,0.6283,1.129,,,,,,,
27,Left,3,0.0000,0.0000,0.0325,0.3651,-0.0349,0.0782,0.9270,1.129,,,,,,,
27,Left,4,0.0000,0.0000,0.0338,0.2784,0.0350,-0.0726,0.9571,1.129,,,,,,,
27,Left,5,-0.0007,0.0010,0.0246,0.0000,0.0000,0.0000,1.0000,1.129,,,,,,,
27,Left,6,0.0163,-0.0132,0.0381,0.0000,0.0000,0.0000,1.0000,1.129,,,,,,,
27,Left,7,0.0072,0.0059,0.0579,0.1513,0.0809,-0.0414,0.9843,1.129,,,,,,,
27,Left,8,0.0000,0.0000,0.0379,0.0258,-0.0065,0.0260,0.9993,1.129,,,,,,,
27,Left,9,0.0000,0.0000,0.0243,-0.0048,-0.0261,0.0164,0.9995,1.129,,,,,,,
27,Left,10,-0.0003,0.0010,0.0224,0.0000,0.0000,0.0000,1.0000,1.129,,,,,,,
27,Left,11,0.0001,-0.0095,0.0359,0.0000,0.0000,0.0000,1.0000,1.129,,,,,,,
27,Left,12,0.0016,0.0069,0.0597,0.2366,-0.0497,0.0176,0.9702,1.129,,,,,,,
27,Left,13,0.0000,0.0000,0.0429,0.0014,-0.0043,0.0113,0.9999,1.129,,,,,,,
27,Left,14,0.0000,0.0000,0.0275,-0.0119,-0.0011,0.0425,0.9990,1.129,,,,,,,
27,Left,15,-0.0003,0.0011,0.0250,0.0000,0.0000,0.0000,1.0000,1.129,,,,,,,
27,Left,16,-0.0150,-0.0060,0.0348,0.0000,0.0000,0.0000,1.0000,1.129,,,,,,,
27,Left,17,-0.0025,-0.0005,0.0539,0.5050,-0.0719,0.0940,0.8550,1.129,,,,,,,
27,Left,18,0.0000,0.0000,0.0390,0.6429,0.0193,0.0419,0.7646,1.129,,,,,,,
27,Left,19,0.0000,0.0000,0.0266,0.4503,0.0282,0.0253,0.8920,1.129,,,,,,,
27,Left,20,-0.0003,0.0016,0.0243,0.0000,0.0000,0.0000,1.0000,1.129,,,,,,,
27,Left,21,-0.0230,-0.0094,0.0341,0.0183,-0.1403,0.2070,0.9680,1.129,,,,,,,
27,Left,22,0.0000,0.0000,0.0457,0.5350,-0.0593,-0.0462,0.8415,1.129,,,,,,,
27,Left,23,0.0000,0.0000,0.0307,0.6466,-0.0071,0.0862,0.7579,1.129,,,,,,,
27,Left,24,0.0000,0.0000,0.0203,0.4500,0.0436,-0.0022,0.8919,1.129,,,,,,,
27,Left,25,0.0002,0.0012,0.0219,0.0000,0.0000,0.0000,1.0000,1.129,,,,,,,
27,Right,0,-0.0023,-0.0053,0.0652,0.0000,0.0000,0.0000,1.0000,1.129,,,,,,,
27,Right,1,0.0000,0.0000,0.0000,0.0000,0.0000,0.0000,1.0000,1.129,0.3759,-0.2174,-0.2331,0.4163,0.3723,-0.0228,-0.8292
27,Right,2,-0.0289,-0.0181,0.0355,-0.0648,-0.3392,0.6019,0.7201,1.129,,,,,,,
27,Right,3,0.0000,0.0000,0.0325,0.2395,0.0482,-0.0813,0.9663,1.129,,,,,,,
27,Right,4,0.0000,0.0000,0.0338,0.1332,-0.0488,0.0785,0.9868,1.129,,,,,,,
27,Right,5,0.0007,0.0010,0.0246,0.0000,0.0000,0.0000,1.0000,1.129,,,,,,,
27,Right,6,-0.0192,-0.0105,0.0369,0.0000,0.0000,0.0000,1.0000,1.129,,,,,,,
27,Right,7,-0.0044,0.0032,0.0591,0.0981,0.0042,0.0320,0.9947,1.129,,,,,,,
27,Right,8,0.0000,0.0000,0.0379,0.1347,0.0037,-0.0263,0.9905,1.129,,,,,,,
27,Right,9,0.0000,0.0000,0.0243,0.0520,0.0251,-0.0167,0.9982,1.129,,,,,,,
27,Right,10,0.0003,0.0010,0.0224,0.0000,0.0000,0.0000,1.0000,1.129,,,,,,,
27,Right,11,-0.0029,-0.0081,0.0348,0.0000,0.0000,0.0000,1.0000,1.129,,,,,,,
27,Right,12,0.0012,0.0056,0.0609,0.1735,0.0950,-0.0205,0.9800,1.129,,,,,,,
27,Right,13,0.0000,0.0000,0.0429,0.1367,0.0028,-0.0120,0.9905,1.129,,,,,,,
27,Right,14,0.0000,0.0000,0.0275,0.0221,-0.0004,-0.0458,0.9987,1.129,,,,,,,
27,Right,15,0.0003,0.0011,0.0250,0.0000,0.0000,0.0000,1.0000,1.129,,,,,,,
27,Right,16,0.0150,-0.0060,0.0348,0.0000,0.0000,0.0000,1.0000,1.129,,,,,,,
27,Right,17,0.0025,-0.0005,0.0539,0.1879,0.1337,-0.0712,0.9704,1.129,,,,,,,
27,Right,18,0.0000,0.0000,0.0390,0.1514,-0.0021,-0.0369,0.9878,1.129,,,,,,,
27,Right,19,0.0000,0.0000,0.0266,0.0723,-0.0296,-0.0080,0.9969,1.129,,,,,,,
27,Right,20,0.0003,0.0016,0.0243,0.0000,0.0000,0.0000,1.0000,1.129,,,,,,,
27,Right,21,0.0230,-0.0094,0.0341,0.0183,0.1403,-0.2070,0.9680,1.129,,,,,,,
27,Right,22,0.0000,0.0000,0.0457,0.1147,0.0716,0.0794,0.9876,1.129,,,,,,,
27,Right,23,0.0000,0.0000,0.0307,0.2024,0.0337,-0.0557,0.9771,1.129,,,,,,,
27,Right,24,0.0000,0.0000,0.0203,0.0339,-0.0491,0.0008,0.9982,1.129,,,,,,,
27,Right,25,-0.0002,0.0012,0.0219,0.0000,0.0000,0.0000,1.0000,1.129,,,,,,,
28,Left,0,0.0009,-0.0060,0.0658,0.0000,0.0000,0.0000,1.0000,1.183,,,,,,,
28,Left,1,0.0000,0.0000,0.0000,0.0000,0.0000,0.0000,1.0000,1.183,0.0075,-0.1317,-0.2305,-0.4303,-0.0604,-0.0646,0.8983
28,Left,2,0.0232,-0.0234,0.0378,0.0810,0.3235,-0.7027,0.6285,1.183,,,,,,,
28,Left,3,0.0000,0.0000,0.0325,0.3676,-0.0346,0.0782,0.9261,1.183,,,,,,,
28,Left,4,0.0000,0.0000,0.0338,0.2798,0.0349,-0.0726,0.9567,1.183,,,,,,,
28,Left,5,-0.0007,0.0010,0.0246,0.0000,0.0000,0.0000,1.0000,1.183,,,,,,,
28,Left,6,0.0163,-0.0132,0.0381,0.0000,0.0000,0.0000,1.0000,1.183,,,,,,,
28,Left,7,0.0072,0.0059,0.0579,0.1523,0.0813,-0.0416,0.9841,1.183,,,,,,,
28,Left,8,0.0000,0.0000,0.0379,0.0248,-0.0066,0.0260,0.9993,1.183,,,,,,,
28,Left,9,0.0000,0.0000,0.0243,-0.0045,-0.0261,0.0164,0.9995,1.183,,,,,,,
28,Left,10,-0.0003,0.0010,0.0224,0.0000,0.0000,0.0000,1.0000,1.183,,,,,,,
28,Left,11,0.0001,-0.0095,0.0359,0.0000,0.0000,0.0000,1.0000,1.183,,,,,,,
28,Left,12,0.0016,0.0069,0.0597,0.2381,-0.0505,0.0179,0.9698,1.183,,,,,,,
28,Left,13,0.0000,0.0000,0.0429,0.0011,-0.0043,0.0112,0.9999,1.183,,,,,,,
28,Left,14,0.0000,0.0000,0.0275,-0.0127,-0.0011,0.0424,0.9990,1.183,,,,,,,
28,Left,15,-0.0003,0.0011,0.0250,0.0000,0.0000,0.0000,1.0000,1.183,,,,,,,
28,Left,16,-0.0150,-0.0060,0.0348,0.0000,0.0000,0.0000,1.0000,1.183,,,,,,,
28,Left,17,-0.0025,-0.0005,0.0539,0.5061,-0.0719,0.0941,0.8543,1.183,,,,,,,
28,Left,18,0.0000,0.0000,0.0390,0.6440,0.0193,0.0419,0.7636,1.183,,,,,,,
28,Left,19,0.0000,0.0000,0.0266,0.4517,0.0282,0.0253,0.8914,1.183,,,,,,,
28,Left,20,-0.0003,0.0016,0.0243,0.0000,0.0000,0.0000,1.0000,1.183,,,,,,,
28,Left,21,-0.0230,-0.0094,0.0341,0.0183,-0.1403,0.2070,0.9680,1.183,,,,,,,
28,Left,22,0.0000,0.0000,0.0457,0.5360,-0.0592,-0.0462,0.8409,1.183,,,,,,,
28,Left,23,0.0000,0.0000,0.0307,0.6472,-0.0070,0.0863,0.7574,1.183,,,,,,,
28,Left,24,0.0000,0.0000,0.0203,0.4510,0.0436,-0.0022,0.8915,1.183,,,,,,,
28,Left,25,0.0002,0.0012,0.0219,0.0000,0.0000,0.0000,1.0000,1.183,,,,,,,
28,Right,0,-0.0023,-0.0053,0.0652,0.0000,0.0000,0.0000,1.0000,1.183,,,,,,,
28,Right,1,0.0000,0.0000,0.0000,0.0000,0.0000,0.0000,1.0000,1.183,0.3761,-0.2174,-0.2328,0.4135,0.3715,-0.0193,-0.8310
28,Right,2,-0.0289,-0.0181,0.0355,-0.0642,-0.3395,0.6022,0.7197,1.183,,,,,,,
28,Right,3,0.0000,0.0000,0.0325,0.2404,0.0481,-0.0813,0.9661,1.183,,,,,,,
28,Right,4,0.0000,0.0000,0.0338,0.1326,-0.0489,0.0785,0.9869,1.183,,,,,,,
28,Right,5,0.0007,0.0010,0.0246,0.0000,0.0000,0.0000,1.0000,1.183,,,,,,,
28,Right,6,-0.0192,-0.0105,0.0369,0.0000,0.0000,0.0000,1.0000,1.183,,,,,,,
28,Right,7,-0.0044,0.0032,0.0591,0.1003,0.0048,0.0320,0.9944,1.183,,,,,,,
28,Right,8,0.0000,0.0000,0.0379,0.1356,0.0036,-0.0263,0.9904,1.183,,,,,,,
28,Right,9,0.0000,0.0000,0.0243,0.0524,0.0251,-0.0167,0.9982,1.183,,,,,,,
28,Right,10,0.0003,0.0010,0.0224,0.0000,0.0000,0.0000,1.0000,1.183,,,,,,,
28,Right,11,-0.0029,-0.0081,0.0348,0.0000,0.0000,0.0000,1.0000,1.183,,,,,,,
28,Right,12,0.0012,0.0056,0.0609,0.1742,0.0944,-0.0205,0.9800,1.183,,,,,,,
28,Right,13,0.0000,0.0000,0.0429,0.1363,0.0028,-0.0120,0.9906,1.183,,,,,,,
28,Right,14,0.0000,0.0000,0.0275,0.0223,-0.0004,-0.0458,0.9987,1.183,,,,,,,
28,Right,15,0.0003,0.0011,0.0250,0.0000,0.0000,0.0000,1.0000,1.183,,,,,,,
28,Right,16,0.0150,-0.0060,0.0348,0.0000,0.0000,0.0000,1.0000,1.183,,,,,,,
28,Right,17,0.0025,-0.0005,0.0539,0.1887,0.1325,-0.0712,0.9704,1.183,,,,,,,
28,Right,18,0.0000,0.0000,0.0390,0.1518,-0.0021,-0.0369,0.9877,1.183,,,,,,,
28,Right,19,0.0000,0.0000,0.0266,0.0725,-0.0296,-0.0080,0.9969,1.183,,,,,,,
28,Right,20,0.0003,0.0016,0.0243,0.0000,0.0000,0.0000,1.0000,1.183,,,,,,,
28,Right,21,0.0230,-0.0094,0.0341,0.0183,0.1403,-0.2070,0.9680,1.183,,,,,,,
28,Right,22,0.0000,0.0000,0.0457,0.1135,0.0703,0.0797,0.9878,1.183,,,,,,,
28,Right,23,0.0000,0.0000,0.0307,0.2019,0.0337,-0.0557,0.9772,1.183,,,,,,,
28,Right,24,0.0000,0.0000,0.0203,0.0341,-0.0491,0.0008,0.9982,1.183,,,,,,,
28,Right,25,-0.0002,0.0012,0.0219,0.0000,0.0000,0.0000,1.0000,1.183,,,,,,,
29,Left,0,0.0009,-0.0060,0.0658,0.0000,0.0000,0.0000,1.0000,1.227,,,,,,,
29,Left,1,0.0000,0.0000,0.0000,0.0000,0.0000,0.0000,1.0000,1.227,0.0080,-0.1318,-0.2344,-0.4190,-0.0628,-0.0557,0.9041
29,Left,2,0.0232,-0.0234,0.0378,0.0804,0.3229,-0.7027,0.6288,1.227,,,,,,,
29,Left,3,0.0000,0.0000,0.0325,0.3713,-0.0342,0.0780,0.9246,1.227,,,,,,,
29,Left,4,0.0000,0.0000,0.0338,0.2824,0.0346,-0.0724,0.9559,1.227,,,,,,,
29,Left,5,-0.0007,0.0010,0.0246,0.0000,0.0000,0.0000,1.0000,1.227,,,,,,,
29,Left,6,0.0163,-0.0132,0.0381,0.0000,0.0000,0.0000,1.0000,1.227,,,,,,,
29,Left,7,0.0072,0.0059,0.0579,0.1507,0.0827,-0.0415,0.9842,1.227,,,,,,,
29,Left,8,0.0000,0.0000,0.0379,0.0230,-0.0066,0.0259,0.9994,1.227,,,,,,,
29,Left,9,0.0000,0.0000,0.0243,-0.0040,-0.0261,0.0164,0.9995,1.227,,,,,,,
29,Left,10,-0.0003,0.0010,0.0224,0.0000,0.0000,0.0000,1.0000,1.227,,,,,,,
29,Left,11,0.0001,-0.0095,0.0359,0.0000,0.0000,0.0000,1.0000,1.227,,,,,,,
29,Left,12,0.0016,0.0069,0.0597,0.2392,-0.0498,0.0178,0.9695,1.227,,,,,,,
29,Left,13,0.0000,0.0000,0.0429,0.0007,-0.0043,0.0112,0.9999,1.227,,,,,,,
29,Left,14,0.0000,0.0000,0.0275,-0.0140,-0.0012,0.0422,0.9990,1.227,,,,,,,
29,Left,15,-0.0003,0.0011,0.0250,0.0000,0.0000,0.0000,1.0000,1.227,,,,,,,
29,Left,16,-0.0150,-0.0060,0.0348,0.0000,0.0000,0.0000,1.0000,1.227,,,,,,,
29,Left,17,-0.0025,-0.0005,0.0539,0.5072,-0.0723,0.0945,0.8536,1.227,,,,,,,
29,Left,18,0.0000,0.0000,0.0390,0.6455,0.0194,0.0419,0.7624,1.227,,,,,,,
29,Left,19,0.0000,0.0000,0.0266,0.4533,0.0282,0.0254,0.8906,1.227,,,,,,,
29,Left,20,-0.0003,0.0016,0.0243,0.0000,0.0000,0.0000,1.0000,1.227,,,,,,,
29,Left,21,-0.0230,-0.0094,0.0341,0.0183,-0.1403,0.2070,0.9680,1.227,,,,,,,
29,Left,22,0.0000,0.0000,0.0457,0.5373,-0.0590,-0.0462,0.8401,1.227,,,,,,,
29,Left,23,0.0000,0.0000,0.0307,0.6483,-0.0070,0.0863,0.7565,1.227,,,,,,,
29,Left,24,0.0000,0.0000,0.0203,0.4522,0.0435,-0.0022,0.8909,1.227,,,,,,,
29,Left,25,0.0002,0.0012,0.0219,0.0000,0.0000,0.0000,1.0000,1.227,,,,,,,
29,Right,0,-0.0023,-0.0054,0.0652,0.0000,0.0000,0.0000,1.0000,1.227,,,,,,,
29,Right,1,0.0000,0.0000,0.0000,0.0000,0.0000,0.0000,1.0000,1.227,0.3764,-0.2179,-0.2320,0.4130,0.3726,-0.0161,-0.8309
29,Right,2,-0.0288,-0.0182,0.0355,-0.0626,-0.3397,0.6034,0.7187,1.227,,,,,,,
29,Right,3,0.0000,0.0000,0.0325,0.2418,0.0480,-0.0813,0.9657,1.227,,,,,,,
29,Right,4,0.0000,0.0000,0.0338,0.1315,-0.0490,0.0786,0.9870,1.227,,,,,,,
29,Right,5,0.0007,0.0010,0.0246,0.0000,0.0000,0.0000,1.0000,1.227,,,,,,,
29,Right,6,-0.0191,-0.0105,0.0369,0.0000,0.0000,0.0000,1.0000,1.227,,,,,,,
29,Right,7,-0.0044,0.0032,0.0591,0.1033,0.0058,0.0321,0.9941,1.227,,,,,,,
29,Right,8,0.0000,0.0000,0.0379,0.1370,0.0036,-0.0263,0.9902,1.227,,,,,,,
29,Right,9,0.0000,0.0000,0.0243,0.0534,0.0251,-0.0167,0.9981,1.227,,,,,,,
29,Right,10,0.0003,0.0010,0.0224,0.0000,0.0000,0.0000,1.0000,1.227,,,,,,,
29,Right,11,-0.0029,-0.0082,0.0348,0.0000,0.0000,0.0000,1.0000,1.227,,,,,,,
29,Right,12,0.0012,0.0056,0.0609,0.1761,0.0942,-0.0207,0.9796,1.227,,,,,,,
29,Right,13,0.0000,0.0000,0.0429,0.1373,0.0028,-0.0120,0.9904,1.227,,,,,,,
29,Right,14,0.0000,0.0000,0.0275,0.0230,-0.0005,-0.0459,0.9987,1.227,,,,,,,
29,Right,15,0.0003,0.0011,0.0250,0.0000,0.0000,0.0000,1.0000,1.227,,,,,,,
29,Right,16,0.0150,-0.0060,0.0348,0.0000,0.0000,0.0000,1.0000,1.227,,,,,,,
29,Right,17,0.0025,-0.0005,0.0539,0.1906,0.1313,-0.0713,0.9702,1.227,,,,,,,
29,Right,18,0.0000,0.0000,0.0390,0.1529,-0.0022,-0.0370,0.9875,1.227,,,,,,,
29,Right,19,0.0000,0.0000,0.0266,0.0731,-0.0296,-0.0081,0.9969,1.227,,,,,,,
29,Right,20,0.0003,0.0016,0.0243,0.0000,0.0000,0.0000,1.0000,1.227,,,,,,,
29,Right,21,0.0230,-0.0094,0.0341,0.0183,0.1403,-0.2070,0.9680,1.227,,,,,,,
29,Right,22,0.0000,0.0000,0.0457,0.1132,0.0681,0.0800,0.9880,1.227,,,,,,,
29,Right,23,0.0000,0.0000,0.0307,0.2011,0.0337,-0.0556,0.9774,1.227,,,,,,,
29,Right,24,0.0000,0.0000,0.0203,0.0344,-0.0491,0.0008,0.9982,1.227,,,,,,,
29,Right,25,-0.0002,0.0012,0.0219,0.0000,0.0000,0.0000,1.0000,1.227,,,,,,,
30,Left,0,0.0009,-0.0060,0.0658,0.0000,0.0000,0.0000,1.0000,1.267,,,,,,,
30,Left,1,0.0000,0.0000,0.0000,0.0000,0.0000,0.0000,1.0000,1.267,0.0076,-0.1309,-0.2292,-0.4159,-0.0649,-0.0460,0.9059
30,Left,2,0.0232,-0.0234,0.0378,0.0783,0.3199,-0.7033,0.6299,1.267,,,,,,,
30,Left,3,0.0000,0.0000,0.0325,0.3719,-0.0342,0.0780,0.9244,1.267,,,,,,,
30,Left,4,0.0000,0.0000,0.0338,0.2840,0.0344,-0.0724,0.9555,1.267,,,,,,,
30,Left,5,-0.0007,0.0010,0.0246,0.0000,0.0000,0.0000,1.0000,1.267,,,,,,,
30,Left,6,0.0163,-0.0132,0.0381,0.0000,0.0000,0.0000,1.0000,1.267,,,,,,,
30,Left,7,0.0072,0.0059,0.0579,0.1515,0.0833,-0.0417,0.9841,1.267,,,,,,,
30,Left,8,0.0000,0.0000,0.0379,0.0223,-0.0066,0.0259,0.9994,1.267,,,,,,,
30,Left,9,0.0000,0.0000,0.0243,-0.0037,-0.0261,0.0164,0.9995,1.267,,,,,,,
30,Left,10,-0.0003,0.0010,0.0224,0.0000,0.0000,0.0000,1.0000,1.267,,,,,,,
30,Left,11,0.0001,-0.0095,0.0359,0.0000,0.0000,0.0000,1.0000,1.267,,,,,,,
30,Left,12,0.0016,0.0069,0.0597,0.2401,-0.0502,0.0179,0.9693,1.267,,,,,,,
30,Left,13,0.0000,0.0000,0.0429,0.0004,-0.0044,0.0112,0.9999,1.267,,,,,,,
30,Left,14,0.0000,0.0000,0.0275,-0.0152,-0.0012,0.0421,0.9990,1.267,,,,,,,
30,Left,15,-0.0003,0.0011,0.0250,0.0000,0.0000,0.0000,1.0000,1.267,,,,,,,
30,Left,16,-0.0150,-0.0060,0.0348,0.0000,0.0000,0.0000,1.0000,1.267,,,,,,,
30,Left,17,-0.0025,-0.0005,0.0539,0.5086,-0.0719,0.0945,0.8528,1.267,,,,,,,
30,Left,18,0.0000,0.0000,0.0390,0.6466,0.0194,0.0419,0.7615,1.267,,,,,,,
30,Left,19,0.0000,0.0000,0.0266,0.4548,0.0282,0.0255,0.8898,1.267,,,,,,,
30,Left,20,-0.0003,0.0016,0.0243,0.0000,0.0000,0.0000,1.0000,1.267,,,,,,,
30,Left,21,-0.0230,-0.0094,0.0341,0.0183,-0.1403,0.2070,0.9680,1.267,,,,,,,
30,Left,22,0.0000,0.0000,0.0457,0.5365,-0.0598,-0.0458,0.8405,1.267,,,,,,,
30,Left,23,0.0000,0.0000,0.0307,0.6483,-0.0070,0.0863,0.7565,1.267,,,,,,,
30,Left,24,0.0000,0.0000,0.0203,0.4533,0.0435,-0.0022,0.8903,1.267,,,,,,,
30,Left,25,0.0002,0.0012,0.0219,0.0000,0.0000,0.0000,1.0000,1.267,,,,,,,
30,Right,0,-0.0023,-0.0054,0.0652,0.0000,0.0000,0.0000,1.0000,1.267,,,,,,,
30,Right,1,0.0000,0.0000,0.0000,0.0000,0.0000,0.0000,1.0000,1.267,0.3770,-0.2180,-0.2315,0.4095,0.3749,-0.0094,-0.8316
30,Right,2,-0.0288,-0.0182,0.0355,-0.0611,-0.3403,0.6043,0.7178,1.267,,,,,,,
30,Right,3,0.0000,0.0000,0.0325,0.2426,0.0479,-0.0812,0.9655,1.267,,,,,,,
30,Right,4,0.0000,0.0000,0.0338,0.1304,-0.0491,0.0786,0.9871,1.267,,,,,,,
30,Right,5,0.0007,0.0010,0.0246,0.0000,0.0000,0.0000,1.0000,1.267,,,,,,,
30,Right,6,-0.0191,-0.0106,0.0370,0.0000,0.0000,0.0000,1.0000,1.267,,,,,,,
30,Right,7,-0.0044,0.0032,0.0590,0.1090,0.0067,0.0322,0.9935,1.267,,,,,,,
30,Right,8,0.0000,0.0000,0.0379,0.1379,0.0036,-0.0263,0.9901,1.267,,,,,,,
30,Right,9,0.0000,0.0000,0.0243,0.0539,0.0251,-0.0167,0.9981,1.267,,,,,,,
30,Right,10,0.0003,0.0010,0.0224,0.0000,0.0000,0.0000,1.0000,1.267,,,,,,,
30,Right,11,-0.0029,-0.0082,0.0348,0.0000,0.0000,0.0000,1.0000,1.267,,,,,,,
30,Right,12,0.0012,0.0056,0.0609,0.1773,0.0936,-0.0207,0.9795,1.267,,,,,,,
30,Right,13,0.0000,0.0000,0.0429,0.1377,0.0028,-0.0120,0.9904,1.267,,,,,,,
30,Right,14,0.0000,0.0000,0.0275,0.0234,-0.0005,-0.0459,0.9987,1.267,,,,,,,
30,Right,15,0.0003,0.0011,0.0250,0.0000,0.0000,0.0000,1.0000,1.267,,,,,,,
30,Right,16,0.0150,-0.0060,0.0348,0.0000,0.0000,0.0000,1.0000,1.267,,,,,,,
30,Right,17,0.0025,-0.0005,0.0539,0.1916,0.1304,-0.0713,0.9702,1.267,,,,,,,
30,Right,18,0.0000,0.0000,0.0390,0.1538,-0.0022,-0.0370,0.9874,1.267,,,,,,,
30,Right,19,0.0000,0.0000,0.0266,0.0734,-0.0296,-0.0081,0.9968,1.267,,,,,,,
30,Right,20,0.0003,0.0016,0.0243,0.0000,0.0000,0.0000,1.0000,1.267,,,,,,,
30,Right,21,0.0230,-0.0094,0.0341,0.0183,0.1403,-0.2070,0.9680,1.267,,,,,,,
30,Right,22,0.0000,0.0000,0.0457,0.1132,0.0652,0.0803,0.9882,1.267,,,,,,,
30,Right,23,0.0000,0.0000,0.0307,0.2004,0.0338,-0.0556,0.9776,1.267,,,,,,,
30,Right,24,0.0000,0.0000,0.0203,0.0341,-0.0491,0.0008,0.9982,1.267,,,,,,,
30,Right,25,-0.0002,0.0012,0.0219,0.0000,0.0000,0.0000,1.0000,1.267,,,,,,,
31,Left,0,0.0009,-0.0060,0.0658,0.0000,0.0000,0.0000,1.0000,1.309,,,,,,,
31,Left,1,0.0000,0.0000,0.0000,0.0000,0.0000,0.0000,1.0000,1.309,0.0077,-0.1302,-0.2285,-0.4125,-0.0658,-0.0466,0.9074
31,Left,2,0.0232,-0.0234,0.0378,0.0782,0.3196,-0.7035,0.6300,1.309,,,,,,,
31,Left,3,0.0000,0.0000,0.0325,0.3757,-0.0337,0.0779,0.9228,1.309,,,,,,,
31,Left,4,0.0000,0.0000,0.0338,0.2858,0.0343,-0.0723,0.9550,1.309,,,,,,,
31,Left,5,-0.0007,0.0010,0.0246,0.0000,0.0000,0.0000,1.0000,1.309,,,,,,,
31,Left,6,0.0163,-0.0132,0.0381,0.0000,0.0000,0.0000,1.0000,1.309,,,,,,,
31,Left,7,0.0072,0.0059,0.0579,0.1506,0.0842,-0.0417,0.9841,1.309,,,,,,,
31,Left,8,0.0000,0.0000,0.0379,0.0215,-0.0066,0.0259,0.9994,1.309,,,,,,,
31,Left,9,0.0000,0.0000,0.0243,-0.0032,-0.0261,0.0164,0.9995,1.309,,,,,,,
31,Left,10,-0.0003,0.0010,0.0224,0.0000,0.0000,0.0000,1.0000,1.309,,,,,,,
31,Left,11,0.0001,-0.0095,0.0359,0.0000,0.0000,0.0000,1.0000,1.309,,,,,,,
31,Left,12,0.0016,0.0069,0.0597,0.2413,-0.0499,0.0179,0.9690,1.309,,,,,,,
31,Left,13,0.0000,0.0000,0.0429,0.0002,-0.0044,0.0112,0.9999,1.309,,,,,,,
31,Left,14,0.0000,0.0000,0.0275,-0.0158,-0.0012,0.0421,0.9990,1.309,,,,,,,
31,Left,15,-0.0003,0.0011,0.0250,0.0000,0.0000,0.0000,1.0000,1.309,,,,,,,
31,Left,16,-0.0150,-0.0060,0.0348,0.0000,0.0000,0.0000,1.0000,1.309,,,,,,,
31,Left,17,-0.0025,-0.0005,0.0539,0.5094,-0.0721,0.0947,0.8523,1.309,,,,,,,
31,Left,18,0.0000,0.0000,0.0390,0.6471,0.0194,0.0419,0.7610,1.309,,,,,,,
31,Left,19,0.0000,0.0000,0.0266,0.4555,0.0282,0.0255,0.8894,1.309,,,,,,,
31,Left,20,-0.0003,0.0016,0.0243,0.0000,0.0000,0.0000,1.0000,1.309,,,,,,,
31,Left,21,-0.0230,-0.0094,0.0341,0.0183,-0.1403,0.2070,0.9680,1.309,,,,,,,
31,Left,22,0.0000,0.0000,0.0457,0.5361,-0.0607,-0.0453,0.8408,1.309,,,,,,,
31,Left,23,0.0000,0.0000,0.0307,0.6486,-0.0069,0.0863,0.7562,1.309,,,,,,,
31,Left,24,0.0000,0.0000,0.0203,0.4538,0.0435,-0.0022,0.8900,1.309,,,,,,,
31,Left,25,0.0002,0.0012,0.0219,0.0000,0.0000,0.0000,1.0000,1.309,,,,,,,
31,Right,0,-0.0023,-0.0054,0.0652,0.0000,0.0000,0.0000,1.0000,1.309,,,,,,,
31,Right,1,0.0000,0.0000,0.0000,0.0000,0.0000,0.0000,1.0000,1.309,0.3776,-0.2184,-0.2305,0.4094,0.3744,-0.0097,-0.8319
31,Right,2,-0.0288,-0.0182,0.0355,-0.0604,-0.3401,0.6049,0.7174,1.309,,,,,,,
31,Right,3,0.0000,0.0000,0.0325,0.2433,0.0478,-0.0812,0.9654,1.309,,,,,,,
31,Right,4,0.0000,0.0000,0.0338,0.1265,-0.0494,0.0787,0.9876,1.309,,,,,,,
31,Right,5,0.0007,0.0010,0.0246,0.0000,0.0000,0.0000,1.0000,1.309,,,,,,,
31,Right,6,-0.0191,-0.0106,0.0370,0.0000,0.0000,0.0000,1.0000,1.309,,,,,,,
31,Right,7,-0.0045,0.0033,0.0590,0.1132,0.0078,0.0322,0.9930,1.309,,,,,,,
31,Right,8,0.0000,0.0000,0.0379,0.1385,0.0036,-0.0263,0.9900,1.309,,,,,,,
31,Right,9,0.0000,0.0000,0.0243,0.0542,0.0251,-0.0167,0.9981,1.309,,,,,,,
31,Right,10,0.0003,0.0010,0.0224,0.0000,0.0000,0.0000,1.0000,1.309,,,,,,,
31,Right,11,-0.0029,-0.0082,0.0348,0.0000,0.0000,0.0000,1.0000,1.309,,,,,,,
31,Right,12,0.0012,0.0056,0.0608,0.1804,0.0927,-0.0209,0.9790,1.309,,,,,,,
31,Right,13,0.0000,0.0000,0.0429,0.1374,0.0028,-0.0120,0.9904,1.309,,,,,,,
31,Right,14,0.0000,0.0000,0.0275,0.0233,-0.0005,-0.0459,0.9987,1.309,,,,,,,
31,Right,15,0.0003,0.0011,0.0250,0.0000,0.0000,0.0000,1.0000,1.309,,,,,,,
31,Right,16,0.0150,-0.0060,0.0348,0.0000,0.0000,0.0000,1.0000,1.309,,,,,,,
31,Right,17,0.0025,-0.0005,0.0539,0.1935,0.1288,-0.0713,0.9700,1.309,,,,,,,
31,Right,18,0.0000,0.0000,0.0390,0.1539,-0.0022,-0.0370,0.9874,1.309,,,,,,,
31,Right,19,0.0000,0.0000,0.0266,0.0733,-0.0296,-0.0081,0.9968,1.309,,,,,,,
31,Right,20,0.0003,0.0016,0.0243,0.0000,0.0000,0.0000,1.0000,1.309,,,,,,,
31,Right,21,0.0230,-0.0094,0.0341,0.0183,0.1403,-0.2070,0.9680,1.309,,,,,,,
31,Right,22,0.0000,0.0000,0.0457,0.1131,0.0628,0.0806,0.9883,1.309,,,,,,,
31,Right,23,0.0000,0.0000,0.0307,0.1997,0.0338,-0.0555,0.9777,1.309,,,,,,,
31,Right,24,0.0000,0.0000,0.0203,0.0342,-0.0491,0.0008,0.9982,1.309,,,,,,,
31,Right,25,-0.0002,0.0012,0.0219,0.0000,0.0000,0.0000,1.0000,1.309,,,,,,,
32,Left,0,0.0009,-0.0060,0.0658,0.0000,0.0000,0.0000,1.0000,1.364,,,,,,,
32,Left,1,0.0000,0.0000,0.0000,0.0000,0.0000,0.0000,1.0000,1.364,0.0079,-0.1304,-0.2279,-0.4121,-0.0658,-0.0477,0.9075
32,Left,2,0.0232,-0.0234,0.0378,0.0777,0.3195,-0.7033,0.6303,1.364,,,,,,,
32,Left,3,0.0000,0.0000,0.0325,0.3817,-0.0331,0.0777,0.9204,1.364,,,,,,,
32,Left,4,0.0000,0.0000,0.0338,0.2880,0.0340,-0.0722,0.9543,1.364,,,,,,,
32,Left,5,-0.0007,0.0010,0.0246,0.0000,0.0000,0.0000,1.0000,1.364,,,,,,,
32,Left,6,0.0163,-0.0132,0.0381,0.0000,0.0000,0.0000,1.0000,1.364,,,,,,,
32,Left,7,0.0072,0.0059,0.0579,0.1495,0.0850,-0.0416,0.9842,1.364,,,,,,,
32,Left,8,0.0000,0.0000,0.0379,0.0212,-0.0067,0.0259,0.9994,1.364,,,,,,,
32,Left,9,0.0000,0.0000,0.0243,-0.0025,-0.0261,0.0164,0.9995,1.364,,,,,,,
32,Left,10,-0.0003,0.0010,0.0224,0.0000,0.0000,0.0000,1.0000,1.364,,,,,,,
32,Left,11,0.0001,-0.0095,0.0359,0.0000,0.0000,0.0000,1.0000,1.364,,,,,,,
32,Left,12,0.0016,0.0069,0.0597,0.2430,-0.0497,0.0180,0.9686,1.364,,,,,,,
32,Left,13,0.0000,0.0000,0.0429,0.0000,-0.0044,0.0112,0.9999,1.364,,,,,,,
32,Left,14,0.0000,0.0000,0.0275,-0.0162,-0.0013,0.0420,0.9990,1.364,,,,,,,
32,Left,15,-0.0003,0.0011,0.0250,0.0000,0.0000,0.0000,1.0000,1.364,,,,,,,
32,Left,16,-0.0150,-0.0060,0.0348,0.0000,0.0000,0.0000,1.0000,1.364,,,,,,,
32,Left,17,-0.0025,-0.0005,0.0539,0.5099,-0.0724,0.0949,0.8519,1.364,,,,,,,
32,Left,18,0.0000,0.0000,0.0390,0.6475,0.0194,0.0419,0.7607,1.364,,,,,,,
32,Left,19,0.0000,0.0000,0.0266,0.4560,0.0282,0.0255,0.8892,1.364,,,,,,,
32,Left,20,-0.0003,0.0016,0.0243,0.0000,0.0000,0.0000,1.0000,1.364,,,,,,,
32,Left,21,-0.0230,-0.0094,0.0341,0.0183,-0.1403,0.2070,0.9680,1.364,,,,,,,
32,Left,22,0.0000,0.0000,0.0457,0.5352,-0.0618,-0.0447,0.8413,1.364,,,,,,,
32,Left,23,0.0000,0.0000,0.0307,0.6488,-0.0069,0.0864,0.7560,1.364,,,,,,,
32,Left,24,0.0000,0.0000,0.0203,0.4548,0.0435,-0.0022,0.8895,1.364,,,,,,,
32,Left,25,0.0002,0.0012,0.0219,0.0000,0.0000,0.0000,1.0000,1.364,,,,,,,
32,Right,0,-0.0023,-0.0054,0.0652,0.0000,0.0000,0.0000,1.0000,1.364,,,,,,,
32,Right,1,0.0000,0.0000,0.0000,0.0000,0.0000,0.0000,1.0000,1.364,0.3779,-0.2186,-0.2297,0.4084,0.3739,-0.0085,-0.8327
32,Right,2,-0.0287,-0.0183,0.0355,-0.0590,-0.3405,0.6059,0.7166,1.364,,,,,,,
32,Right,3,0.0000,0.0000,0.0325,0.2441,0.0477,-0.0812,0.9652,1.364,,,,,,,
32,Right,4,0.0000,0.0000,0.0338,0.1231,-0.0497,0.0788,0.9880,1.364,,,,,,,
32,Right,5,0.0007,0.0010,0.0246,0.0000,0.0000,0.0000,1.0000,1.364,,,,,,,
32,Right,6,-0.0191,-0.0106,0.0370,0.0000,0.0000,0.0000,1.0000,1.364,,,,,,,
32,Right,7,-0.0045,0.0033,0.0590,0.1150,0.0089,0.0322,0.9928,1.364,,,,,,,
32,Right,8,0.0000,0.0000,0.0379,0.1391,0.0035,-0.0263,0.9899,1.364,,,,,,,
32,Right,9,0.0000,0.0000,0.0243,0.0543,0.0251,-0.0167,0.9981,1.364,,,,,,,
32,Right,10,0.0003,0.0010,0.0224,0.0000,0.0000,0.0000,1.0000,1.364,,,,,,,
32,Right,11,-0.0029,-0.0082,0.0348,0.0000,0.0000,0.0000,1.0000,1.364,,,,,,,
32,Right,12,0.0011,0.0057,0.0608,0.1838,0.0921,-0.0211,0.9784,1.364,,,,,,,
32,Right,13,0.0000,0.0000,0.0429,0.1373,0.0028,-0.0120,0.9905,1.364,,,,,,,
32,Right,14,0.0000,0.0000,0.0275,0.0232,-0.0005,-0.0459,0.9987,1.364,,,,,,,
32,Right,15,0.0003,0.0011,0.0250,0.0000,0.0000,0.0000,1.0000,1.364,,,,,,,
32,Right,16,0.0150,-0.0060,0.0348,0.0000,0.0000,0.0000,1.0000,1.364,,,,,,,
32,Right,17,0.0025,-0.0005,0.0539,0.1972,0.1277,-0.0716,0.9694,1.364,,,,,,,
32,Right,18,0.0000,0.0000,0.0390,0.1539,-0.0022,-0.0370,0.9874,1.364,,,,,,,
32,Right,19,0.0000,0.0000,0.0266,0.0731,-0.0296,-0.0081,0.9969,1.364,,,,,,,
32,Right,20,0.0003,0.0016,0.0243,0.0000,0.0000,0.0000,1.0000,1.364,,,,,,,
32,Right,21,0.0230,-0.0094,0.0341,0.0183,0.1403,-0.2070,0.9680,1.364,,,,,,,
32,Right,22,0.0000,0.0000,0.0457,0.1147,0.0591,0.0809,0.9883,1.364,,,,,,,
32,Right,23,0.0000,0.0000,0.0307,0.1989,0.0338,-0.0555,0.9779,1.364,,,,,,,
32,Right,24,0.0000,0.0000,0.0203,0.0341,-0.0491,0.0008,0.9982,1.364,,,,,,,
32,Right,25,-0.0002,0.0012,0.0219,0.0000,0.0000,0.0000,1.0000,1.364,,,,,,,
33,Left,0,0.0009,-0.0060,0.0658,0.0000,0.0000,0.0000,1.0000,1.449,,,,,,,
33,Left,1,0.0000,0.0000,0.0000,0.0000,0.0000,0.0000,1.0000,1.449,0.0088,-0.1310,-0.2271,-0.4229,-0.0676,-0.0584,0.9017
33,Left,2,0.0232,-0.0234,0.0378,0.0760,0.3186,-0.7030,0.6313,1.449,,,,,,,
33,Left,3,0.0000,0.0000,0.0325,0.3829,-0.0329,0.0777,0.9199,1.449,,,,,,,
33,Left,4,0.0000,0.0000,0.0338,0.2900,0.0338,-0.0721,0.9537,1.449,,,,,,,
33,Left,5,-0.0007,0.0010,0.0246,0.0000,0.0000,0.0000,1.0000,1.449,,,,,,,
33,Left,6,0.0163,-0.0132,0.0381,0.0000,0.0000,0.0000,1.0000,1.449,,,,,,,
33,Left,7,0.0072,0.0059,0.0579,0.1514,0.0869,-0.0420,0.9837,1.449,,,,,,,
33,Left,8,0.0000,0.0000,0.0379,0.0211,-0.0067,0.0259,0.9994,1.449,,,,,,,
33,Left,9,0.0000,0.0000,0.0243,-0.0022,-0.0261,0.0164,0.9995,1.449,,,,,,,
33,Left,10,-0.0003,0.0010,0.0224,0.0000,0.0000,0.0000,1.0000,1.449,,,,,,,
33,Left,11,0.0001,-0.0095,0.0359,0.0000,0.0000,0.0000,1.0000,1.449,,,,,,,
33,Left,12,0.0016,0.0069,0.0597,0.2523,-0.0477,0.0180,0.9663,1.449,,,,,,,
33,Left,13,0.0000,0.0000,0.0429,-0.0003,-0.0044,0.0112,0.9999,1.449,,,,,,,
33,Left,14,0.0000,0.0000,0.0275,-0.0153,-0.0012,0.0421,0.9990,1.449,,,,,,,
33,Left,15,-0.0003,0.0011,0.0250,0.0000,0.0000,0.0000,1.0000,1.449,,,,,,,
33,Left,16,-0.0150,-0.0060,0.0348,0.0000,0.0000,0.0000,1.0000,1.449,,,,,,,
33,Left,17,-0.0025,-0.0005,0.0539,0.5098,-0.0726,0.0950,0.8519,1.449,,,,,,,
33,Left,18,0.0000,0.0000,0.0390,0.6488,0.0195,0.0419,0.7596,1.449,,,,,,,
33,Left,19,0.0000,0.0000,0.0266,0.4579,0.0282,0.0256,0.8882,1.449,,,,,,,
33,Left,20,-0.0003,0.0016,0.0243,0.0000,0.0000,0.0000,1.0000,1.449,,,,,,,
33,Left,21,-0.0230,-0.0094,0.0341,0.0183,-0.1403,0.2070,0.9680,1.449,,,,,,,
33,Left,22,0.0000,0.0000,0.0457,0.5331,-0.0626,-0.0443,0.8426,1.449,,,,,,,
33,Left,23,0.0000,0.0000,0.0307,0.6491,-0.0069,0.0864,0.7558,1.449,,,,,,,
33,Left,24,0.0000,0.0000,0.0203,0.4567,0.0434,-0.0022,0.8885,1.449,,,,,,,
33,Left,25,0.0002,0.0012,0.0219,0.0000,0.0000,0.0000,1.0000,1.449,,,,,,,
33,Right,0,-0.0023,-0.0054,0.0652,0.0000,0.0000,0.0000,1.0000,1.449,,,,,,,
33,Right,1,0.0000,0.0000,0.0000,0.0000,0.0000,0.0000,1.0000,1.449,0.3786,-0.2190,-0.2285,0.4072,0.3732,-0.0067,-0.8336
33,Right,2,-0.0287,-0.0183,0.0356,-0.0575,-0.3404,0.6072,0.7157,1.449,,,,,,,
33,Right,3,0.0000,0.0000,0.0325,0.2443,0.0477,-0.0812,0.9651,1.449,,,,,,,
33,Right,4,0.0000,0.0000,0.0338,0.1202,-0.0500,0.0789,0.9883,1.449,,,,,,,
33,Right,5,0.0007,0.0010,0.0246,0.0000,0.0000,0.0000,1.0000,1.449,,,,,,,
33,Right,6,-0.0191,-0.0106,0.0370,0.0000,0.0000,0.0000,1.0000,1.449,,,,,,,
33,Right,7,-0.0045,0.0033,0.0590,0.1182,0.0098,0.0322,0.9924,1.449,,,,,,,
33,Right,8,0.0000,0.0000,0.0379,0.1406,0.0035,-0.0263,0.9897,1.449,,,,,,,
33,Right,9,0.0000,0.0000,0.0243,0.0551,0.0251,-0.0167,0.9980,1.449,,,,,,,
33,Right,10,0.0003,0.0010,0.0224,0.0000,0.0000,0.0000,1.0000,1.449,,,,,,,
33,Right,11,-0.0028,-0.0082,0.0348,0.0000,0.0000,0.0000,1.0000,1.449,,,,,,,
33,Right,12,0.0011,0.0057,0.0608,0.1853,0.0904,-0.0210,0.9783,1.449,,,,,,,
33,Right,13,0.0000,0.0000,0.0429,0.1362,0.0028,-0.0120,0.9906,1.449,,,,,,,
33,Right,14,0.0000,0.0000,0.0275,0.0228,-0.0004,-0.0458,0.9987,1.449,,,,,,,
33,Right,15,0.0003,0.0011,0.0250,0.0000,0.0000,0.0000,1.0000,1.449,,,,,,,
33,Right,16,0.0150,-0.0060,0.0348,0.0000,0.0000,0.0000,1.0000,1.449,,,,,,,
33,Right,17,0.0025,-0.0005,0.0539,0.1998,0.1263,-0.0718,0.9690,1.449,,,,,,,
33,Right,18,0.0000,0.0000,0.0390,0.1536,-0.0022,-0.0370,0.9874,1.449,,,,,,,
33,Right,19,0.0000,0.0000,0.0266,0.0727,-0.0296,-0.0081,0.9969,1.449,,,,,,,
33,Right,20,0.0003,0.0016,0.0243,0.0000,0.0000,0.0000,1.0000,1.449,,,,,,,
33,Right,21,0.0230,-0.0094,0.0341,0.0183,0.1403,-0.2070,0.9680,1.449,,,,,,,
33,Right,22,0.0000,0.0000,0.0457,0.1158,0.0567,0.0811,0.9883,1.449,,,,,,,
33,Right,23,0.0000,0.0000,0.0307,0.1980,0.0339,-0.0554,0.9781,1.449,,,,,,,
33,Right,24,0.0000,0.0000,0.0203,0.0342,-0.0491,0.0008,0.9982,1.449,,,,,,,
33,Right,25,-0.0002,0.0012,0.0219,0.0000,0.0000,0.0000,1.0000,1.449,,,,,,,
34,Left,0,0.0009,-0.0060,0.0658,0.0000,0.0000,0.0000,1.0000,1.486,,,,,,,
34,Left,1,0.0000,0.0000,0.0000,0.0000,0.0000,0.0000,1.0000,1.486,0.0085,-0.1304,-0.2252,-0.4216,-0.0674,-0.0621,0.9021
34,Left,2,0.0233,-0.0234,0.0378,0.0762,0.3198,-0.7024,0.6313,1.486,,,,,,,
34,Left,3,0.0000,0.0000,0.0325,0.3862,-0.0326,0.0776,0.9186,1.486,,,,,,,
34,Left,4,0.0000,0.0000,0.0338,0.2944,0.0334,-0.0719,0.9524,1.486,,,,,,,
34,Left,5,-0.0007,0.0010,0.0246,0.0000,0.0000,0.0000,1.0000,1.486,,,,,,,
34,Left,6,0.0163,-0.0132,0.0381,0.0000,0.0000,0.0000,1.0000,1.486,,,,,,,
34,Left,7,0.0072,0.0058,0.0579,0.1495,0.0897,-0.0420,0.9838,1.486,,,,,,,
34,Left,8,0.0000,0.0000,0.0379,0.0210,-0.0067,0.0259,0.9994,1.486,,,,,,,
34,Left,9,0.0000,0.0000,0.0243,-0.0012,-0.0261,0.0164,0.9995,1.486,,,,,,,
34,Left,10,-0.0003,0.0010,0.0224,0.0000,0.0000,0.0000,1.0000,1.486,,,,,,,
34,Left,11,0.0001,-0.0095,0.0359,0.0000,0.0000,0.0000,1.0000,1.486,,,,,,,
34,Left,12,0.0016,0.0069,0.0597,0.2561,-0.0477,0.0182,0.9653,1.486,,,,,,,
34,Left,13,0.0000,0.0000,0.0429,-0.0006,-0.0044,0.0112,0.9999,1.486,,,,,,,
34,Left,14,0.0000,0.0000,0.0275,-0.0137,-0.0012,0.0423,0.9990,1.486,,,,,,,
34,Left,15,-0.0003,0.0011,0.0250,0.0000,0.0000,0.0000,1.0000,1.486,,,,,,,
34,Left,16,-0.0150,-0.0060,0.0348,0.0000,0.0000,0.0000,1.0000,1.486,,,,,,,
34,Left,17,-0.0025,-0.0005,0.0539,0.5087,-0.0727,0.0949,0.8526,1.486,,,,,,,
34,Left,18,0.0000,0.0000,0.0390,0.6500,0.0195,0.0419,0.7585,1.486,,,,,,,
34,Left,19,0.0000,0.0000,0.0266,0.4598,0.0282,0.0257,0.8872,1.486,,,,,,,
34,Left,20,-0.0003,0.0016,0.0243,0.0000,0.0000,0.0000,1.0000,1.486,,,,,,,
34,Left,21,-0.0230,-0.0094,0.0341,0.0183,-0.1403,0.2070,0.9680,1.486,,,,,,,
34,Left,22,0.0000,0.0000,0.0457,0.5287,-0.0629,-0.0444,0.8453,1.486,,,,,,,
34,Left,23,0.0000,0.0000,0.0307,0.6497,-0.0068,0.0864,0.7552,1.486,,,,,,,
34,Left,24,0.0000,0.0000,0.0203,0.4597,0.0433,-0.0022,0.8870,1.486,,,,,,,
34,Left,25,0.0002,0.0012,0.0219,0.0000,0.0000,0.0000,1.0000,1.486,,,,,,,
34,Right,0,-0.0023,-0.0054,0.0652,0.0000,0.0000,0.0000,1.0000,1.486,,,,,,,
34,Right,1,0.0000,0.0000,0.0000,0.0000,0.0000,0.0000,1.0000,1.486,0.3791,-0.2186,-0.2275,0.4032,0.3708,-0.0025,-0.8366
34,Right,2,-0.0286,-0.0184,0.0356,-0.0541,-0.3414,0.6094,0.7136,1.486,,,,,,,
34,Right,3,0.0000,0.0000,0.0325,0.2456,0.0476,-0.0812,0.9648,1.486,,,,,,,
34,Right,4,0.0000,0.0000,0.0338,0.1168,-0.0503,0.0791,0.9887,1.486,,,,,,,
34,Right,5,0.0007,0.0010,0.0246,0.0000,0.0000,0.0000,1.0000,1.486,,,,,,,
34,Right,6,-0.0190,-0.0107,0.0370,0.0000,0.0000,0.0000,1.0000,1.486,,,,,,,
34,Right,7,-0.0045,0.0034,0.0590,0.1229,0.0117,0.0322,0.9918,1.486,,,,,,,
34,Right,8,0.0000,0.0000,0.0379,0.1444,0.0034,-0.0263,0.9892,1.486,,,,,,,
34,Right,9,0.0000,0.0000,0.0243,0.0570,0.0251,-0.0167,0.9979,1.486,,,,,,,
34,Right,10,0.0003,0.0010,0.0224,0.0000,0.0000,0.0000,1.0000,1.486,,,,,,,
34,Right,11,-0.0028,-0.0082,0.0349,0.0000,0.0000,0.0000,1.0000,1.486,,,,,,,
34,Right,12,0.0011,0.0057,0.0608,0.1909,0.0887,-0.0213,0.9774,1.486,,,,,,,
34,Right,13,0.0000,0.0000,0.0429,0.1364,0.0028,-0.0120,0.9906,1.486,,,,,,,
34,Right,14,0.0000,0.0000,0.0275,0.0231,-0.0005,-0.0459,0.9987,1.486,,,,,,,
34,Right,15,0.0003,0.0011,0.0250,0.0000,0.0000,0.0000,1.0000,1.486,,,,,,,
34,Right,16,0.0150,-0.0060,0.0348,0.0000,0.0000,0.0000,1.0000,1.486,,,,,,,
34,Right,17,0.0025,-0.0005,0.0539,0.2084,0.1245,-0.0727,0.9674,1.486,,,,,,,
34,Right,18,0.0000,0.0000,0.0390,0.1548,-0.0022,-0.0370,0.9872,1.486,,,,,,,
34,Right,19,0.0000,0.0000,0.0266,0.0735,-0.0296,-0.0081,0.9968,1.486,,,,,,,
34,Right,20,0.0003,0.0016,0.0243,0.0000,0.0000,0.0000,1.0000,1.486,,,,,,,
34,Right,21,0.0230,-0.0094,0.0341,0.0183,0.1403,-0.2070,0.9680,1.486,,,,,,,
34,Right,22,0.0000,0.0000,0.0457,0.1196,0.0549,0.0809,0.9880,1.486,,,,,,,
34,Right,23,0.0000,0.0000,0.0307,0.1989,0.0338,-0.0555,0.9779,1.486,,,,,,,
34,Right,24,0.0000,0.0000,0.0203,0.0357,-0.0491,0.0009,0.9982,1.486,,,,,,,
34,Right,25,-0.0002,0.0012,0.0219,0.0000,0.0000,0.0000,1.0000,1.486,,,,,,,
35,Left,0,0.0009,-0.0060,0.0658,0.0000,0.0000,0.0000,1.0000,1.527,,,,,,,
35,Left,1,0.0000,0.0000,0.0000,0.0000,0.0000,0.0000,1.0000,1.527,0.0090,-0.1300,-0.2254,-0.4219,-0.0664,-0.0632,0.9020
35,Left,2,0.0233,-0.0234,0.0378,0.0755,0.3196,-0.7022,0.6317,1.527,,,,,,,
35,Left,3,0.0000,0.0000,0.0325,0.3876,-0.0324,0.0775,0.9180,1.527,,,,,,,
35,Left,4,0.0000,0.0000,0.0338,0.2977,0.0331,-0.0717,0.9514,1.527,,,,,,,
35,Left,5,-0.0007,0.0010,0.0246,0.0000,0.0000,0.0000,1.0000,1.527,,,,,,,
35,Left,6,0.0164,-0.0132,0.0381,0.0000,0.0000,0.0000,1.0000,1.527,,,,,,,
35,Left,7,0.0072,0.0058,0.0579,0.1508,0.0905,-0.0423,0.9835,1.527,,,,,,,
35,Left,8,0.0000,0.0000,0.0379,0.0214,-0.0066,0.0259,0.9994,1.527,,,,,,,
35,Left,9,0.0000,0.0000,0.0243,-0.0007,-0.0260,0.0164,0.9995,1.527,,,,,,,
35,Left,10,-0.0003,0.0010,0.0224,0.0000,0.0000,0.0000,1.0000,1.527,,,,,,,
35,Left,11,0.0001,-0.0095,0.0359,0.0000,0.0000,0.0000,1.0000,1.527,,,,,,,
35,Left,12,0.0016,0.0069,0.0597,0.2576,-0.0480,0.0183,0.9649,1.527,,,,,,,
35,Left,13,0.0000,0.0000,0.0429,-0.0007,-0.0044,0.0112,0.9999,1.527,,,,,,,
35,Left,14,0.0000,0.0000,0.0275,-0.0130,-0.0011,0.0423,0.9990,1.527,,,,,,,
35,Left,15,-0.0003,0.0011,0.0250,0.0000,0.0000,0.0000,1.0000,1.527,,,,,,,
35,Left,16,-0.0150,-0.0060,0.0348,0.0000,0.0000,0.0000,1.0000,1.527,,,,,,,
35,Left,17,-0.0025,-0.0005,0.0539,0.5084,-0.0725,0.0948,0.8528,1.527,,,,,,,
35,Left,18,0.0000,0.0000,0.0390,0.6513,0.0196,0.0419,0.7574,1.527,,,,,,,
35,Left,19,0.0000,0.0000,0.0266,0.4626,0.0281,0.0258,0.8857,1.527,,,,,,,
35,Left,20,-0.0003,0.0016,0.0243,0.0000,0.0000,0.0000,1.0000,1.527,,,,,,,
35,Left,21,-0.0230,-0.0094,0.0341,0.0183,-0.1403,0.2070,0.9680,1.527,,,,,,,
35,Left,22,0.0000,0.0000,0.0457,0.5193,-0.0627,-0.0452,0.8511,1.527,,,,,,,
35,Left,23,0.0000,0.0000,0.0307,0.6506,-0.0068,0.0864,0.7545,1.527,,,,,,,
35,Left,24,0.0000,0.0000,0.0203,0.4647,0.0432,-0.0022,0.8844,1.527,,,,,,,
35,Left,25,0.0002,0.0012,0.0219,0.0000,0.0000,0.0000,1.0000,1.527,,,,,,,
35,Right,0,-0.0023,-0.0054,0.0653,0.0000,0.0000,0.0000,1.0000,1.527,,,,,,,
35,Right,1,0.0000,0.0000,0.0000,0.0000,0.0000,0.0000,1.0000,1.527,0.3795,-0.2182,-0.2270,0.3950,0.3654,0.0018,-0.8429
35,Right,2,-0.0286,-0.0185,0.0356,-0.0525,-0.3418,0.6103,0.7127,1.527,,,,,,,
35,Right,3,0.0000,0.0000,0.0325,0.2458,0.0476,-0.0812,0.9647,1.527,,,,,,,
35,Right,4,0.0000,0.0000,0.0338,0.1145,-0.0505,0.0791,0.9890,1.527,,,,,,,
35,Right,5,0.0007,0.0010,0.0246,0.0000,0.0000,0.0000,1.0000,1.527,,,,,,,
35,Right,6,-0.0190,-0.0107,0.0370,0.0000,0.0000,0.0000,1.0000,1.527,,,,,,,
35,Right,7,-0.0046,0.0034,0.0590,0.1273,0.0125,0.0323,0.9913,1.527,,,,,,,
35,Right,8,0.0000,0.0000,0.0379,0.1469,0.0033,-0.0263,0.9888,1.527,,,,,,,
35,Right,9,0.0000,0.0000,0.0243,0.0575,0.0250,-0.0167,0.9979,1.527,,,,,,,
35,Right,10,0.0003,0.0010,0.0224,0.0000,0.0000,0.0000,1.0000,1.527,,,,,,,
35,Right,11,-0.0028,-0.0082,0.0349,0.0000,0.0000,0.0000,1.0000,1.527,,,,,,,
35,Right,12,0.0011,0.0057,0.0608,0.1925,0.0881,-0.0213,0.9771,1.527,,,,,,,
35,Right,13,0.0000,0.0000,0.0429,0.1365,0.0028,-0.0120,0.9906,1.527,,,,,,,
35,Right,14,0.0000,0.0000,0.0275,0.0231,-0.0005,-0.0459,0.9987,1.527,,,,,,,
35,Right,15,0.0003,0.0011,0.0250,0.0000,0.0000,0.0000,1.0000,1.527,,,,,,,
35,Right,16,0.0150,-0.0060,0.0348,0.0000,0.0000,0.0000,1.0000,1.527,,,,,,,
35,Right,17,0.0025,-0.0005,0.0539,0.2146,0.1236,-0.0733,0.9661,1.527,,,,,,,
35,Right,18,0.0000,0.0000,0.0390,0.1554,-0.0023,-0.0370,0.9872,1.527,,,,,,,
35,Right,19,0.0000,0.0000,0.0266,0.0739,-0.0296,-0.0081,0.9968,1.527,,,,,,,
35,Right,20,0.0003,0.0016,0.0243,0.0000,0.0000,0.0000,1.0000,1.527,,,,,,,
35,Right,21,0.0230,-0.0094,0.0341,0.0183,0.1403,-0.2070,0.9680,1.527,,,,,,,
35,Right,22,0.0000,0.0000,0.0457,0.1235,0.0546,0.0806,0.9876,1.527,,,,,,,
35,Right,23,0.0000,0.0000,0.0307,0.1998,0.0338,-0.0555,0.9777,1.527,,,,,,,
35,Right,24,0.0000,0.0000,0.0203,0.0368,-0.0491,0.0009,0.9981,1.527,,,,,,,
35,Right,25,-0.0002,0.0012,0.0219,0.0000,0.0000,0.0000,1.0000,1.527,,,,,,,
36,Left,0,0.0009,-0.0060,0.0658,0.0000,0.0000,0.0000,1.0000,1.569,,,,,,,
36,Left,1,0.0000,0.0000,0.0000,0.0000,0.0000,0.0000,1.0000,1.569,0.0076,-0.1288,-0.2182,-0.4262,-0.0649,-0.0696,0.8996
36,Left,2,0.0233,-0.0233,0.0378,0.0748,0.3200,-0.7016,0.6322,1.569,,,,,,,
36,Left,3,0.0000,0.0000,0.0325,0.3881,-0.0323,0.0775,0.9178,1.569,,,,,,,
36,Left,4,0.0000,0.0000,0.0338,0.3015,0.0327,-0.0715,0.9502,1.569,,,,,,,
36,Left,5,-0.0007,0.0010,0.0246,0.0000,0.0000,0.0000,1.0000,1.569,,,,,,,
36,Left,6,0.0164,-0.0131,0.0381,0.0000,0.0000,0.0000,1.0000,1.569,,,,,,,
36,Left,7,0.0072,0.0058,0.0579,0.1535,0.0918,-0.0427,0.9829,1.569,,,,,,,
36,Left,8,0.0000,0.0000,0.0379,0.0224,-0.0066,0.0259,0.9994,1.569,,,,,,,
36,Left,9,0.0000,0.0000,0.0243,-0.0002,-0.0260,0.0165,0.9995,1.569,,,,,,,
36,Left,10,-0.0003,0.0010,0.0224,0.0000,0.0000,0.0000,1.0000,1.569,,,,,,,
36,Left,11,0.0002,-0.0095,0.0359,0.0000,0.0000,0.0000,1.0000,1.569,,,,,,,
36,Left,12,0.0016,0.0069,0.0597,0.2576,-0.0465,0.0180,0.9650,1.569,,,,,,,
36,Left,13,0.0000,0.0000,0.0429,-0.0008,-0.0044,0.0112,0.9999,1.569,,,,,,,
36,Left,14,0.0000,0.0000,0.0275,-0.0118,-0.0011,0.0425,0.9990,1.569,,,,,,,
36,Left,15,-0.0003,0.0011,0.0250,0.0000,0.0000,0.0000,1.0000,1.569,,,,,,,
36,Left,16,-0.0150,-0.0060,0.0348,0.0000,0.0000,0.0000,1.0000,1.569,,,,,,,
36,Left,17,-0.0025,-0.0005,0.0539,0.5084,-0.0719,0.0944,0.8529,1.569,,,,,,,
36,Left,18,0.0000,0.0000,0.0390,0.6521,0.0196,0.0419,0.7568,1.569,,,,,,,
36,Left,19,0.0000,0.0000,0.0266,0.4639,0.0281,0.0259,0.8850,1.569,,,,,,,
36,Left,20,-0.0003,0.0016,0.0243,0.0000,0.0000,0.0000,1.0000,1.569,,,,,,,
36,Left,21,-0.0230,-0.0094,0.0341,0.0183,-0.1403,0.2070,0.9680,1.569,,,,,,,
36,Left,22,0.0000,0.0000,0.0457,0.5182,-0.0632,-0.0450,0.8517,1.569,,,,,,,
36,Left,23,0.0000,0.0000,0.0307,0.6554,-0.0064,0.0867,0.7503,1.569,,,,,,,
36,Left,24,0.0000,0.0000,0.0203,0.4706,0.0430,-0.0023,0.8813,1.569,,,,,,,
36,Left,25,0.0002,0.0012,0.0219,0.0000,0.0000,0.0000,1.0000,1.569,,,,,,,
36,Right,0,-0.0022,-0.0054,0.0653,0.0000,0.0000,0.0000,1.0000,1.569,,,,,,,
36,Right,1,0.0000,0.0000,0.0000,0.0000,0.0000,0.0000,1.0000,1.569,0.3803,-0.2193,-0.2259,0.3988,0.3667,0.0082,-0.8405
36,Right,2,-0.0285,-0.0186,0.0357,-0.0509,-0.3421,0.6115,0.7116,1.569,,,,,,,
36,Right,3,0.0000,0.0000,0.0325,0.2458,0.0476,-0.0812,0.9647,1.569,,,,,,,
36,Right,4,0.0000,0.0000,0.0338,0.1130,-0.0506,0.0792,0.9891,1.569,,,,,,,
36,Right,5,0.0007,0.0010,0.0246,0.0000,0.0000,0.0000,1.0000,1.569,,,,,,,
36,Right,6,-0.0190,-0.0107,0.0370,0.0000,0.0000,0.0000,1.0000,1.569,,,,,,,
36,Right,7,-0.0046,0.0034,0.0590,0.1263,0.0134,0.0322,0.9914,1.569,,,,,,,
36,Right,8,0.0000,0.0000,0.0379,0.1499,0.0032,-0.0263,0.9883,1.569,,,,,,,
36,Right,9,0.0000,0.0000,0.0243,0.0584,0.0250,-0.0167,0.9978,1.569,,,,,,,
36,Right,10,0.0003,0.0010,0.0224,0.0000,0.0000,0.0000,1.0000,1.569,,,,,,,
36,Right,11,-0.0028,-0.0083,0.0349,0.0000,0.0000,0.0000,1.0000,1.569,,,,,,,
36,Right,12,0.0010,0.0057,0.0608,0.1985,0.0881,-0.0218,0.9759,1.569,,,,,,,
36,Right,13,0.0000,0.0000,0.0429,0.1384,0.0028,-0.0120,0.9903,1.569,,,,,,,
36,Right,14,0.0000,0.0000,0.0275,0.0238,-0.0005,-0.0459,0.9987,1.569,,,,,,,
36,Right,15,0.0003,0.0011,0.0250,0.0000,0.0000,0.0000,1.0000,1.569,,,,,,,
36,Right,16,0.0150,-0.0060,0.0348,0.0000,0.0000,0.0000,1.0000,1.569,,,,,,,
36,Right,17,0.0025,-0.0005,0.0539,0.2163,0.1229,-0.0734,0.9658,1.569,,,,,,,
36,Right,18,0.0000,0.0000,0.0390,0.1568,-0.0023,-0.0370,0.9869,1.569,,,,,,,
36,Right,19,0.0000,0.0000,0.0266,0.0748,-0.0296,-0.0081,0.9967,1.569,,,,,,,
36,Right,20,0.0003,0.0016,0.0243,0.0000,0.0000,0.0000,1.0000,1.569,,,,,,,
36,Right,21,0.0230,-0.0094,0.0341,0.0183,0.1403,-0.2070,0.9680,1.569,,,,,,,
36,Right,22,0.0000,0.0000,0.0457,0.1293,0.0545,0.0801,0.9869,1.569,,,,,,,
36,Right,23,0.0000,0.0000,0.0307,0.2012,0.0337,-0.0556,0.9774,1.569,,,,,,,
36,Right,24,0.0000,0.0000,0.0203,0.0381,-0.0491,0.0009,0.9981,1.569,,,,,,,
36,Right,25,-0.0002,0.0012,0.0219,0.0000,0.0000,0.0000,1.0000,1.569,,,,,,,
37,Left,0,0.0009,-0.0060,0.0658,0.0000,0.0000,0.0000,1.0000,1.610,,,,,,,
37,Left,1,0.0000,0.0000,0.0000,0.0000,0.0000,0.0000,1.0000,1.610,0.0084,-0.1292,-0.2200,-0.4263,-0.0652,-0.0693,0.8996
37,Left,2,0.0233,-0.0234,0.0378,0.0755,0.3206,-0.7017,0.6318,1.610,,,,,,,
37,Left,3,0.0000,0.0000,0.0325,0.3891,-0.0322,0.0775,0.9174,1.610,,,,,,,
37,Left,4,0.0000,0.0000,0.0338,0.3028,0.0325,-0.0715,0.9498,1.610,,,,,,,
37,Left,5,-0.0007,0.0010,0.0246,0.0000,0.0000,0.0000,1.0000,1.610,,,,,,,
37,Left,6,0.0164,-0.0131,0.0381,0.0000,0.0000,0.0000,1.0000,1.610,,,,,,,
37,Left,7,0.0072,0.0058,0.0579,0.1543,0.0930,-0.0429,0.9827,1.610,,,,,,,
37,Left,8,0.0000,0.0000,0.0379,0.0236,-0.0066,0.0260,0.9994,1.610,,,,,,,
37,Left,9,0.0000,0.0000,0.0243,0.0005,-0.0260,0.0165,0.9995,1.610,,,,,,,
37,Left,10,-0.0003,0.0010,0.0224,0.0000,0.0000,0.0000,1.0000,1.610,,,,,,,
37,Left,11,0.0002,-0.0095,0.0359,0.0000,0.0000,0.0000,1.0000,1.610,,,,,,,
37,Left,12,0.0016,0.0069,0.0597,0.2599,-0.0465,0.0181,0.9643,1.610,,,,,,,
37,Left,13,0.0000,0.0000,0.0429,-0.0006,-0.0044,0.0112,0.9999,1.610,,,,,,,
37,Left,14,0.0000,0.0000,0.0275,-0.0106,-0.0010,0.0426,0.9990,1.610,,,,,,,
37,Left,15,-0.0003,0.0011,0.0250,0.0000,0.0000,0.0000,1.0000,1.610,,,,,,,
37,Left,16,-0.0150,-0.0060,0.0348,0.0000,0.0000,0.0000,1.0000,1.610,,,,,,,
37,Left,17,-0.0025,-0.0005,0.0539,0.5030,-0.0729,0.0942,0.8560,1.610,,,,,,,
37,Left,18,0.0000,0.0000,0.0390,0.6527,0.0196,0.0418,0.7562,1.610,,,,,,,
37,Left,19,0.0000,0.0000,0.0266,0.4648,0.0281,0.0259,0.8846,1.610,,,,,,,
37,Left,20,-0.0003,0.0016,0.0243,0.0000,0.0000,0.0000,1.0000,1.610,,,,,,,
37,Left,21,-0.0230,-0.0094,0.0341,0.0183,-0.1403,0.2070,0.9680,1.610,,,,,,,
37,Left,22,0.0000,0.0000,0.0457,0.5146,-0.0639,-0.0448,0.8539,1.610,,,,,,,
37,Left,23,0.0000,0.0000,0.0307,0.6562,-0.0064,0.0867,0.7496,1.610,,,,,,,
37,Left,24,0.0000,0.0000,0.0203,0.4715,0.0430,-0.0023,0.8808,1.610,,,,,,,
37,Left,25,0.0002,0.0012,0.0219,0.0000,0.0000,0.0000,1.0000,1.610,,,,,,,
37,Right,0,-0.0022,-0.0054,0.0653,0.0000,0.0000,0.0000,1.0000,1.610,,,,,,,
37,Right,1,0.0000,0.0000,0.0000,0.0000,0.0000,0.0000,1.0000,1.610,0.3806,-0.2189,-0.2257,0.3969,0.3640,0.0067,-0.8426
37,Right,2,-0.0285,-0.0186,0.0357,-0.0501,-0.3423,0.6120,0.7112,1.610,,,,,,,
37,Right,3,0.0000,0.0000,0.0325,0.2452,0.0476,-0.0812,0.9649,1.610,,,,,,,
37,Right,4,0.0000,0.0000,0.0338,0.1114,-0.0508,0.0792,0.9893,1.610,,,,,,,
37,Right,5,0.0007,0.0010,0.0246,0.0000,0.0000,0.0000,1.0000,1.610,,,,,,,
37,Right,6,-0.0190,-0.0108,0.0370,0.0000,0.0000,0.0000,1.0000,1.610,,,,,,,
37,Right,7,-0.0046,0.0034,0.0590,0.1270,0.0140,0.0321,0.9913,1.610,,,,,,,
37,Right,8,0.0000,0.0000,0.0379,0.1512,0.0032,-0.0263,0.9882,1.610,,,,,,,
37,Right,9,0.0000,0.0000,0.0243,0.0591,0.0250,-0.0167,0.9978,1.610,,,,,,,
37,Right,10,0.0003,0.0010,0.0224,0.0000,0.0000,0.0000,1.0000,1.610,,,,,,,
37,Right,11,-0.0028,-0.0083,0.0349,0.0000,0.0000,0.0000,1.0000,1.610,,,,,,,
37,Right,12,0.0010,0.0057,0.0608,0.2001,0.0870,-0.0218,0.9757,1.610,,,,,,,
37,Right,13,0.0000,0.0000,0.0429,0.1386,0.0028,-0.0120,0.9903,1.610,,,,,,,
37,Right,14,0.0000,0.0000,0.0275,0.0238,-0.0005,-0.0459,0.9987,1.610,,,,,,,
37,Right,15,0.0003,0.0011,0.0250,0.0000,0.0000,0.0000,1.0000,1.610,,,,,,,
37,Right,16,0.0150,-0.0060,0.0348,0.0000,0.0000,0.0000,1.0000,1.610,,,,,,,
37,Right,17,0.0025,-0.0005,0.0539,0.2204,0.1217,-0.0738,0.9650,1.610,,,,,,,
37,Right,18,0.0000,0.0000,0.0390,0.1575,-0.0023,-0.0371,0.9868,1.610,,,,,,,
37,Right,19,0.0000,0.0000,0.0266,0.0752,-0.0296,-0.0082,0.9967,1.610,,,,,,,
37,Right,20,0.0003,0.0016,0.0243,0.0000,0.0000,0.0000,1.0000,1.610,,,,,,,
37,Right,21,0.0230,-0.0094,0.0341,0.0183,0.1403,-0.2070,0.9680,1.610,,,,,,,
37,Right,22,0.0000,0.0000,0.0457,0.1301,0.0535,0.0801,0.9868,1.610,,,,,,,
37,Right,23,0.0000,0.0000,0.0307,0.2024,0.0337,-0.0557,0.9771,1.610,,,,,,,
37,Right,24,0.0000,0.0000,0.0203,0.0391,-0.0491,0.0009,0.9980,1.610,,,,,,,
37,Right,25,-0.0002,0.0012,0.0219,0.0000,0.0000,0.0000,1.0000,1.610,,,,,,,
38,Left,0,0.0009,-0.0060,0.0658,0.0000,0.0000,0.0000,1.0000,1.652,,,,,,,
38,Left,1,0.0000,0.0000,0.0000,0.0000,0.0000,0.0000,1.0000,1.652,0.0075,-0.1281,-0.2180,-0.4254,-0.0644,-0.0689,0.9001
38,Left,2,0.0233,-0.0234,0.0378,0.0760,0.3209,-0.7017,0.6315,1.652,,,,,,,
38,Left,3,0.0000,0.0000,0.0325,0.3899,-0.0321,0.0775,0.9171,1.652,,,,,,,
38,Left,4,0.0000,0.0000,0.0338,0.3038,0.0324,-0.0714,0.9495,1.652,,,,,,,
38,Left,5,-0.0007,0.0010,0.0246,0.0000,0.0000,0.0000,1.0000,1.652,,,,,,,
38,Left,6,0.0164,-0.0131,0.0381,0.0000,0.0000,0.0000,1.0000,1.652,,,,,,,
38,Left,7,0.0072,0.0058,0.0579,0.1550,0.0934,-0.0431,0.9825,1.652,,,,,,,
38,Left,8,0.0000,0.0000,0.0379,0.0245,-0.0066,0.0260,0.9993,1.652,,,,,,,
38,Left,9,0.0000,0.0000,0.0243,0.0008,-0.0260,0.0165,0.9995,1.652,,,,,,,
38,Left,10,-0.0003,0.0010,0.0224,0.0000,0.0000,0.0000,1.0000,1.652,,,,,,,
38,Left,11,0.0002,-0.0095,0.0359,0.0000,0.0000,0.0000,1.0000,1.652,,,,,,,
38,Left,12,0.0016,0.0069,0.0597,0.2606,-0.0466,0.0182,0.9641,1.652,,,,,,,
38,Left,13,0.0000,0.0000,0.0429,-0.0007,-0.0044,0.0112,0.9999,1.652,,,,,,,
38,Left,14,0.0000,0.0000,0.0275,-0.0104,-0.0010,0.0426,0.9990,1.652,,,,,,,
38,Left,15,-0.0003,0.0011,0.0250,0.0000,0.0000,0.0000,1.0000,1.652,,,,,,,
38,Left,16,-0.0150,-0.0060,0.0348,0.0000,0.0000,0.0000,1.0000,1.652,,,,,,,
38,Left,17,-0.0025,-0.0005,0.0539,0.5028,-0.0730,0.0943,0.8562,1.652,,,,,,,
38,Left,18,0.0000,0.0000,0.0390,0.6528,0.0196,0.0418,0.7561,1.652,,,,,,,
38,Left,19,0.0000,0.0000,0.0266,0.4652,0.0281,0.0259,0.8844,1.652,,,,,,,
38,Left,20,-0.0003,0.0016,0.0243,0.0000,0.0000,0.0000,1.0000,1.652,,,,,,,
38,Left,21,-0.0230,-0.0094,0.0341,0.0183,-0.1403,0.2070,0.9680,1.652,,,,,,,
38,Left,22,0.0000,0.0000,0.0457,0.5102,-0.0638,-0.0452,0.8565,1.652,,,,,,,
38,Left,23,0.0000,0.0000,0.0307,0.6566,-0.0063,0.0868,0.7492,1.652,,,,,,,
38,Left,24,0.0000,0.0000,0.0203,0.4721,0.0430,-0.0023,0.8805,1.652,,,,,,,
38,Left,25,0.0002,0.0012,0.0219,0.0000,0.0000,0.0000,1.0000,1.652,,,,,,,
38,Right,0,-0.0022,-0.0054,0.0653,0.0000,0.0000,0.0000,1.0000,1.652,,,,,,,
38,Right,1,0.0000,0.0000,0.0000,0.0000,0.0000,0.0000,1.0000,1.652,0.3809,-0.2187,-0.2249,0.3972,0.3634,0.0062,-0.8427
38,Right,2,-0.0285,-0.0186,0.0357,-0.0494,-0.3422,0.6126,0.7108,1.652,,,,,,,
38,Right,3,0.0000,0.0000,0.0325,0.2447,0.0477,-0.0812,0.9650,1.652,,,,,,,
38,Right,4,0.0000,0.0000,0.0338,0.1099,-0.0509,0.0793,0.9895,1.652,,,,,,,
38,Right,5,0.0007,0.0010,0.0246,0.0000,0.0000,0.0000,1.0000,1.652,,,,,,,
38,Right,6,-0.0190,-0.0108,0.0371,0.0000,0.0000,0.0000,1.0000,1.652,,,,,,,
38,Right,7,-0.0046,0.0035,0.0589,0.1269,0.0142,0.0321,0.9913,1.652,,,,,,,
38,Right,8,0.0000,0.0000,0.0379,0.1519,0.0032,-0.0263,0.9880,1.652,,,,,,,
38,Right,9,0.0000,0.0000,0.0243,0.0594,0.0250,-0.0167,0.9978,1.652,,,,,,,
38,Right,10,0.0003,0.0010,0.0224,0.0000,0.0000,0.0000,1.0000,1.652,,,,,,,
38,Right,11,-0.0027,-0.0083,0.0349,0.0000,0.0000,0.0000,1.0000,1.652,,,,,,,
38,Right,12,0.0010,0.0057,0.0608,0.2018,0.0863,-0.0218,0.9754,1.652,,,,,,,
38,Right,13,0.0000,0.0000,0.0429,0.1392,0.0027,-0.0120,0.9902,1.652,,,,,,,
38,Right,14,0.0000,0.0000,0.0275,0.0239,-0.0005,-0.0460,0.9987,1.652,,,,,,,
38,Right,15,0.0003,0.0011,0.0250,0.0000,0.0000,0.0000,1.0000,1.652,,,,,,,
38,Right,16,0.0150,-0.0060,0.0348,0.0000,0.0000,0.0000,1.0000,1.652,,,,,,,
38,Right,17,0.0025,-0.0005,0.0539,0.2217,0.1210,-0.0738,0.9648,1.652,,,,,,,
38,Right,18,0.0000,0.0000,0.0390,0.1585,-0.0024,-0.0371,0.9867,1.652,,,,,,,
38,Right,19,0.0000,0.0000,0.0266,0.0758,-0.0296,-0.0082,0.9966,1.652,,,,,,,
38,Right,20,0.0003,0.0016,0.0243,0.0000,0.0000,0.0000,1.0000,1.652,,,,,,,
38,Right,21,0.0230,-0.0094,0.0341,0.0183,0.1403,-0.2070,0.9680,1.652,,,,,,,
38,Right,22,0.0000,0.0000,0.0457,0.1313,0.0523,0.0802,0.9867,1.652,,,,,,,
38,Right,23,0.0000,0.0000,0.0307,0.2036,0.0336,-0.0558,0.9769,1.652,,,,,,,
38,Right,24,0.0000,0.0000,0.0203,0.0401,-0.0491,0.0009,0.9980,1.652,,,,,,,
38,Right,25,-0.0002,0.0012,0.0219,0.0000,0.0000,0.0000,1.0000,1.652,,,,,,,
39,Left,0,0.0010,-0.0060,0.0658,0.0000,0.0000,0.0000,1.0000,1.694,,,,,,,
39,Left,1,0.0000,0.0000,0.0000,0.0000,0.0000,0.0000,1.0000,1.694,0.0076,-0.1283,-0.2179,-0.4242,-0.0658,-0.0721,0.9003
39,Left,2,0.0234,-0.0233,0.0378,0.0759,0.3215,-0.7013,0.6317,1.694,,,,,,,
39,Left,3,0.0000,0.0000,0.0325,0.3902,-0.0321,0.0774,0.9169,1.694,,,,,,,
39,Left,4,0.0000,0.0000,0.0338,0.3045,0.0324,-0.0714,0.9493,1.694,,,,,,,
39,Left,5,-0.0007,0.0010,0.0246,0.0000,0.0000,0.0000,1.0000,1.694,,,,,,,
39,Left,6,0.0164,-0.0131,0.0381,0.0000,0.0000,0.0000,1.0000,1.694,,,,,,,
39,Left,7,0.0072,0.0058,0.0579,0.1551,0.0948,-0.0432,0.9824,1.694,,,,,,,
39,Left,8,0.0000,0.0000,0.0379,0.0248,-0.0066,0.0260,0.9993,1.694,,,,,,,
39,Left,9,0.0000,0.0000,0.0243,0.0010,-0.0260,0.0165,0.9995,1.694,,,,,,,
39,Left,10,-0.0003,0.0010,0.0224,0.0000,0.0000,0.0000,1.0000,1.694,,,,,,,
39,Left,11,0.0002,-0.0095,0.0359,0.0000,0.0000,0.0000,1.0000,1.694,,,,,,,
39,Left,12,0.0015,0.0069,0.0597,0.2610,-0.0399,0.0167,0.9644,1.694,,,,,,,
39,Left,13,0.0000,0.0000,0.0429,-0.0008,-0.0044,0.0112,0.9999,1.694,,,,,,,
39,Left,14,0.0000,0.0000,0.0275,-0.0101,-0.0010,0.0426,0.9990,1.694,,,,,,,
39,Left,15,-0.0003,0.0011,0.0250,0.0000,0.0000,0.0000,1.0000,1.694,,,,,,,
39,Left,16,-0.0150,-0.0060,0.0348,0.0000,0.0000,0.0000,1.0000,1.694,,,,,,,
39,Left,17,-0.0025,-0.0005,0.0539,0.5023,-0.0726,0.0940,0.8565,1.694,,,,,,,
39,Left,18,0.0000,0.0000,0.0390,0.6542,0.0197,0.0418,0.7549,1.694,,,,,,,
39,Left,19,0.0000,0.0000,0.0266,0.4669,0.0281,0.0260,0.8835,1.694,,,,,,,
39,Left,20,-0.0003,0.0016,0.0243,0.0000,0.0000,0.0000,1.0000,1.694,,,,,,,
39,Left,21,-0.0230,-0.0094,0.0341,0.0183,-0.1403,0.2070,0.9680,1.694,,,,,,,
39,Left,22,0.0000,0.0000,0.0457,0.5095,-0.0640,-0.0451,0.8569,1.694,,,,,,,
39,Left,23,0.0000,0.0000,0.0307,0.6579,-0.0062,0.0868,0.7481,1.694,,,,,,,
39,Left,24,0.0000,0.0000,0.0203,0.4733,0.0430,-0.0023,0.8798,1.694,,,,,,,
39,Left,25,0.0002,0.0012,0.0219,0.0000,0.0000,0.0000,1.0000,1.694,,,,,,,
39,Right,0,-0.0022,-0.0054,0.0653,0.0000,0.0000,0.0000,1.0000,1.694,,,,,,,
39,Right,1,0.0000,0.0000,0.0000,0.0000,0.0000,0.0000,1.0000,1.694,0.3810,-0.2186,-0.2248,0.3968,0.3634,0.0083,-0.8429
39,Right,2,-0.0284,-0.0187,0.0357,-0.0483,-0.3421,0.6135,0.7101,1.694,,,,,,,
39,Right,3,0.0000,0.0000,0.0325,0.2445,0.0477,-0.0812,0.9651,1.694,,,,,,,
39,Right,4,0.0000,0.0000,0.0338,0.1084,-0.0510,0.0793,0.9896,1.694,,,,,,,
39,Right,5,0.0007,0.0010,0.0246,0.0000,0.0000,0.0000,1.0000,1.694,,,,,,,
39,Right,6,-0.0189,-0.0108,0.0371,0.0000,0.0000,0.0000,1.0000,1.694,,,,,,,
39,Right,7,-0.0046,0.0035,0.0589,0.1275,0.0145,0.0321,0.9912,1.694,,,,,,,
39,Right,8,0.0000,0.0000,0.0379,0.1550,0.0031,-0.0263,0.9876,1.694,,,,,,,
39,Right,9,0.0000,0.0000,0.0243,0.0600,0.0250,-0.0167,0.9977,1.694,,,,,,,
39,Right,10,0.0003,0.0010,0.0224,0.0000,0.0000,0.0000,1.0000,1.694,,,,,,,
39,Right,11,-0.0027,-0.0083,0.0349,0.0000,0.0000,0.0000,1.0000,1.694,,,,,,,
39,Right,12,0.0010,0.0057,0.0607,0.2038,0.0852,-0.0218,0.9751,1.694,,,,,,,
39,Right,13,0.0000,0.0000,0.0429,0.1400,0.0027,-0.0120,0.9901,1.694,,,,,,,
39,Right,14,0.0000,0.0000,0.0275,0.0241,-0.0005,-0.0460,0.9987,1.694,,,,,,,
39,Right,15,0.0003,0.0011,0.0250,0.0000,0.0000,0.0000,1.0000,1.694,,,,,,,
39,Right,16,0.0150,-0.0060,0.0348,0.0000,0.0000,0.0000,1.0000,1.694,,,,,,,
39,Right,17,0.0025,-0.0005,0.0539,0.2232,0.1201,-0.0739,0.9645,1.694,,,,,,,
39,Right,18,0.0000,0.0000,0.0390,0.1590,-0.0024,-0.0371,0.9866,1.694,,,,,,,
39,Right,19,0.0000,0.0000,0.0266,0.0762,-0.0296,-0.0082,0.9966,1.694,,,,,,,
39,Right,20,0.0003,0.0016,0.0243,0.0000,0.0000,0.0000,1.0000,1.694,,,,,,,
39,Right,21,0.0230,-0.0094,0.0341,0.0183,0.1403,-0.2070,0.9680,1.694,,,,,,,
39,Right,22,0.0000,0.0000,0.0457,0.1331,0.0513,0.0802,0.9865,1.694,,,,,,,
39,Right,23,0.0000,0.0000,0.0307,0.2049,0.0335,-0.0559,0.9766,1.694,,,,,,,
39,Right,24,0.0000,0.0000,0.0203,0.0412,-0.0491,0.0009,0.9979,1.694,,,,,,,
39,Right,25,-0.0002,0.0012,0.0219,0.0000,0.0000,0.0000,1.0000,1.694,,,,,,,
40,Left,0,0.0010,-0.0060,0.0658,0.0000,0.0000,0.0000,1.0000,1.736,,,,,,,
40,Left,1,0.0000,0.0000,0.0000,0.0000,0.0000,0.0000,1.0000,1.736,0.0076,-0.1288,-0.2180,-0.4236,-0.0674,-0.0747,0.9003
40,Left,2,0.0234,-0.0233,0.0378,0.0752,0.3215,-0.7010,0.6321,1.736,,,,,,,
40,Left,3,0.0000,0.0000,0.0325,0.3902,-0.0321,0.0774,0.9169,1.736,,,,,,,
40,Left,4,0.0000,0.0000,0.0338,0.3052,0.0323,-0.0713,0.9491,1.736,,,,,,,
40,Left,5,-0.0007,0.0010,0.0246,0.0000,0.0000,0.0000,1.0000,1.736,,,,,,,
40,Left,6,0.0164,-0.0131,0.0381,0.0000,0.0000,0.0000,1.0000,1.736,,,,,,,
40,Left,7,0.0072,0.0058,0.0579,0.1558,0.0969,-0.0435,0.9821,1.736,,,,,,,
40,Left,8,0.0000,0.0000,0.0379,0.0231,-0.0066,0.0259,0.9994,1.736,,,,,,,
40,Left,9,0.0000,0.0000,0.0243,0.0002,-0.0260,0.0165,0.9995,1.736,,,,,,,
40,Left,10,-0.0003,0.0010,0.0224,0.0000,0.0000,0.0000,1.0000,1.736,,,,,,,
40,Left,11,0.0002,-0.0095,0.0359,0.0000,0.0000,0.0000,1.0000,1.736,,,,,,,
40,Left,12,0.0015,0.0069,0.0597,0.2684,-0.0365,0.0162,0.9625,1.736,,,,,,,
40,Left,13,0.0000,0.0000,0.0429,-0.0009,-0.0044,0.0112,0.9999,1.736,,,,,,,
40,Left,14,0.0000,0.0000,0.0275,-0.0104,-0.0010,0.0426,0.9990,1.736,,,,,,,
40,Left,15,-0.0003,0.0011,0.0250,0.0000,0.0000,0.0000,1.0000,1.736,,,,,,,
40,Left,16,-0.0150,-0.0060,0.0348,0.0000,0.0000,0.0000,1.0000,1.736,,,,,,,
40,Left,17,-0.0025,-0.0005,0.0539,0.5016,-0.0723,0.0938,0.8569,1.736,,,,,,,
40,Left,18,0.0000,0.0000,0.0390,0.6556,0.0197,0.0418,0.7537,1.736,,,,,,,
40,Left,19,0.0000,0.0000,0.0266,0.4684,0.0281,0.0261,0.8827,1.736,,,,,,,
40,Left,20,-0.0003,0.0016,0.0243,0.0000,0.0000,0.0000,1.0000,1.736,,,,,,,
40,Left,21,-0.0230,-0.0094,0.0341,0.0183,-0.1403,0.2070,0.9680,1.736,,,,,,,
40,Left,22,0.0000,0.0000,0.0457,0.5088,-0.0639,-0.0452,0.8573,1.736,,,,,,,
40,Left,23,0.0000,0.0000,0.0307,0.6589,-0.0062,0.0869,0.7472,1.736,,,,,,,
40,Left,24,0.0000,0.0000,0.0203,0.4742,0.0429,-0.0023,0.8794,1.736,,,,,,,
40,Left,25,0.0002,0.0012,0.0219,0.0000,0.0000,0.0000,1.0000,1.736,,,,,,,
40,Right,0,-0.0022,-0.0054,0.0653,0.0000,0.0000,0.0000,1.0000,1.736,,,,,,,
40,Right,1,0.0000,0.0000,0.0000,0.0000,0.0000,0.0000,1.0000,1.736,0.3811,-0.2182,-0.2250,0.3957,0.3641,0.0113,-0.8430
40,Right,2,-0.0284,-0.0187,0.0357,-0.0471,-0.3423,0.6143,0.7094,1.736,,,,,,,
40,Right,3,0.0000,0.0000,0.0325,0.2442,0.0477,-0.0812,0.9651,1.736,,,,,,,
40,Right,4,0.0000,0.0000,0.0338,0.1075,-0.0511,0.0794,0.9897,1.736,,,,,,,
40,Right,5,0.0007,0.0010,0.0246,0.0000,0.0000,0.0000,1.0000,1.736,,,,,,,
40,Right,6,-0.0189,-0.0108,0.0371,0.0000,0.0000,0.0000,1.0000,1.736,,,,,,,
40,Right,7,-0.0046,0.0035,0.0589,0.1268,0.0143,0.0321,0.9913,1.736,,,,,,,
40,Right,8,0.0000,0.0000,0.0379,0.1571,0.0031,-0.0263,0.9872,1.736,,,,,,,
40,Right,9,0.0000,0.0000,0.0243,0.0605,0.0250,-0.0167,0.9977,1.736,,,,,,,
40,Right,10,0.0003,0.0010,0.0224,0.0000,0.0000,0.0000,1.0000,1.736,,,,,,,
40,Right,11,-0.0027,-0.0083,0.0349,0.0000,0.0000,0.0000,1.0000,1.736,,,,,,,
40,Right,12,0.0010,0.0058,0.0607,0.2091,0.0836,-0.0220,0.9741,1.736,,,,,,,
40,Right,13,0.0000,0.0000,0.0429,0.1411,0.0027,-0.0120,0.9899,1.736,,,,,,,
40,Right,14,0.0000,0.0000,0.0275,0.0245,-0.0005,-0.0460,0.9986,1.736,,,,,,,
40,Right,15,0.0003,0.0011,0.0250,0.0000,0.0000,0.0000,1.0000,1.736,,,,,,,
40,Right,16,0.0150,-0.0060,0.0348,0.0000,0.0000,0.0000,1.0000,1.736,,,,,,,
40,Right,17,0.0025,-0.0005,0.0539,0.2259,0.1191,-0.0741,0.9640,1.736,,,,,,,
40,Right,18,0.0000,0.0000,0.0390,0.1595,-0.0024,-0.0371,0.9865,1.736,,,,,,,
40,Right,19,0.0000,0.0000,0.0266,0.0766,-0.0296,-0.0082,0.9966,1.736,,,,,,,
40,Right,20,0.0003,0.0016,0.0243,0.0000,0.0000,0.0000,1.0000,1.736,,,,,,,
40,Right,21,0.0230,-0.0094,0.0341,0.0183,0.1403,-0.2070,0.9680,1.736,,,,,,,
40,Right,22,0.0000,0.0000,0.0457,0.1348,0.0504,0.0801,0.9863,1.736,,,,,,,
40,Right,23,0.0000,0.0000,0.0307,0.2065,0.0335,-0.0561,0.9763,1.736,,,,,,,
40,Right,24,0.0000,0.0000,0.0203,0.0427,-0.0491,0.0009,0.9979,1.736,,,,,,,
40,Right,25,-0.0002,0.0012,0.0219,0.0000,0.0000,0.0000,1.0000,1.736,,,,,,,
41,Left,0,0.0010,-0.0060,0.0658,0.0000,0.0000,0.0000,1.0000,1.777,,,,,,,
41,Left,1,0.0000,0.0000,0.0000,0.0000,0.0000,0.0000,1.0000,1.777,0.0070,-0.1304,-0.2189,-0.4238,-0.0673,-0.0773,0.8999
41,Left,2,0.0234,-0.0233,0.0378,0.0753,0.3219,-0.7008,0.6321,1.777,,,,,,,
41,Left,3,0.0000,0.0000,0.0325,0.3902,-0.0321,0.0774,0.9169,1.777,,,,,,,
41,Left,4,0.0000,0.0000,0.0338,0.3058,0.0322,-0.0713,0.9489,1.777,,,,,,,
41,Left,5,-0.0007,0.0010,0.0246,0.0000,0.0000,0.0000,1.0000,1.777,,,,,,,
41,Left,6,0.0164,-0.0131,0.0381,0.0000,0.0000,0.0000,1.0000,1.777,,,,,,,
41,Left,7,0.0071,0.0058,0.0579,0.1559,0.0968,-0.0435,0.9821,1.777,,,,,,,
41,Left,8,0.0000,0.0000,0.0379,0.0234,-0.0066,0.0259,0.9994,1.777,,,,,,,
41,Left,9,0.0000,0.0000,0.0243,0.0002,-0.0260,0.0165,0.9995,1.777,,,,,,,
41,Left,10,-0.0003,0.0010,0.0224,0.0000,0.0000,0.0000,1.0000,1.777,,,,,,,
41,Left,11,0.0002,-0.0095,0.0359,0.0000,0.0000,0.0000,1.0000,1.777,,,,,,,
41,Left,12,0.0015,0.0069,0.0597,0.2733,-0.0357,0.0162,0.9611,1.777,,,,,,,
41,Left,13,0.0000,0.0000,0.0429,-0.0010,-0.0044,0.0112,0.9999,1.777,,,,,,,
41,Left,14,0.0000,0.0000,0.0275,-0.0106,-0.0010,0.0426,0.9990,1.777,,,,,,,
41,Left,15,-0.0003,0.0011,0.0250,0.0000,0.0000,0.0000,1.0000,1.777,,,,,,,
41,Left,16,-0.0150,-0.0060,0.0348,0.0000,0.0000,0.0000,1.0000,1.777,,,,,,,
41,Left,17,-0.0025,-0.0005,0.0539,0.5020,-0.0715,0.0934,0.8568,1.777,,,,,,,
41,Left,18,0.0000,0.0000,0.0390,0.6575,0.0198,0.0418,0.7520,1.777,,,,,,,
41,Left,19,0.0000,0.0000,0.0266,0.4696,0.0280,0.0261,0.8821,1.777,,,,,,,
41,Left,20,-0.0003,0.0016,0.0243,0.0000,0.0000,0.0000,1.0000,1.777,,,,,,,
41,Left,21,-0.0230,-0.0094,0.0341,0.0183,-0.1403,0.2070,0.9680,1.777,,,,,,,
41,Left,22,0.0000,0.0000,0.0457,0.5097,-0.0640,-0.0451,0.8568,1.777,,,,,,,
41,Left,23,0.0000,0.0000,0.0307,0.6597,-0.0061,0.0869,0.7465,1.777,,,,,,,
41,Left,24,0.0000,0.0000,0.0203,0.4745,0.0429,-0.0023,0.8792,1.777,,,,,,,
41,Left,25,0.0002,0.0012,0.0219,0.0000,0.0000,0.0000,1.0000,1.777,,,,,,,
41,Right,0,-0.0022,-0.0054,0.0653,0.0000,0.0000,0.0000,1.0000,1.777,,,,,,,
41,Right,1,0.0000,0.0000,0.0000,0.0000,0.0000,0.0000,1.0000,1.777,0.3812,-0.2179,-0.2245,0.3959,0.3636,0.0111,-0.8432
41,Right,2,-0.0284,-0.0187,0.0358,-0.0459,-0.3425,0.6152,0.7086,1.777,,,,,,,
41,Right,3,0.0000,0.0000,0.0325,0.2438,0.0478,-0.0812,0.9652,1.777,,,,,,,
41,Right,4,0.0000,0.0000,0.0338,0.1067,-0.0512,0.0794,0.9898,1.777,,,,,,,
41,Right,5,0.0007,0.0010,0.0246,0.0000,0.0000,0.0000,1.0000,1.777,,,,,,,
41,Right,6,-0.0189,-0.0108,0.0371,0.0000,0.0000,0.0000,1.0000,1.777,,,,,,,
41,Right,7,-0.0047,0.0035,0.0589,0.1273,0.0136,0.0322,0.9912,1.777,,,,,,,
41,Right,8,0.0000,0.0000,0.0379,0.1578,0.0030,-0.0263,0.9871,1.777,,,,,,,
41,Right,9,0.0000,0.0000,0.0243,0.0607,0.0250,-0.0167,0.9977,1.777,,,,,,,
41,Right,10,0.0003,0.0010,0.0224,0.0000,0.0000,0.0000,1.0000,1.777,,,,,,,
41,Right,11,-0.0027,-0.0083,0.0349,0.0000,0.0000,0.0000,1.0000,1.777,,,,,,,
41,Right,12,0.0010,0.0058,0.0607,0.2109,0.0826,-0.0220,0.9738,1.777,,,,,,,
41,Right,13,0.0000,0.0000,0.0429,0.1412,0.0027,-0.0120,0.9899,1.777,,,,,,,
41,Right,14,0.0000,0.0000,0.0275,0.0245,-0.0005,-0.0460,0.9986,1.777,,,,,,,
41,Right,15,0.0003,0.0011,0.0250,0.0000,0.0000,0.0000,1.0000,1.777,,,,,,,
41,Right,16,0.0150,-0.0060,0.0348,0.0000,0.0000,0.0000,1.0000,1.777,,,,,,,
41,Right,17,0.0025,-0.0005,0.0539,0.2314,0.1182,-0.0746,0.9628,1.777,,,,,,,
41,Right,18,0.0000,0.0000,0.0390,0.1599,-0.0024,-0.0371,0.9864,1.777,,,,,,,
41,Right,19,0.0000,0.0000,0.0266,0.0770,-0.0296,-0.0083,0.9966,1.777,,,,,,,
41,Right,20,0.0003,0.0016,0.0243,0.0000,0.0000,0.0000,1.0000,1.777,,,,,,,
41,Right,21,0.0230,-0.0094,0.0341,0.0183,0.1403,-0.2070,0.9680,1.777,,,,,,,
41,Right,22,0.0000,0.0000,0.0457,0.1361,0.0497,0.0801,0.9862,1.777,,,,,,,
41,Right,23,0.0000,0.0000,0.0307,0.2072,0.0334,-0.0561,0.9761,1.777,,,,,,,
41,Right,24,0.0000,0.0000,0.0203,0.0436,-0.0491,0.0009,0.9978,1.777,,,,,,,
41,Right,25,-0.0002,0.0012,0.0219,0.0000,0.0000,0.0000,1.0000,1.777,,,,,,,
42,Left,0,0.0010,-0.0060,0.0658,0.0000,0.0000,0.0000,1.0000,1.819,,,,,,,
42,Left,1,0.0000,0.0000,0.0000,0.0000,0.0000,0.0000,1.0000,1.819,0.0033,-0.1328,-0.2144,-0.4244,-0.0659,-0.0807,0.8995
42,Left,2,0.0234,-0.0233,0.0378,0.0734,0.3209,-0.7004,0.6333,1.819,,,,,,,
42,Left,3,0.0000,0.0000,0.0325,0.3878,-0.0324,0.0775,0.9179,1.819,,,,,,,
42,Left,4,0.0000,0.0000,0.0338,0.3061,0.0322,-0.0713,0.9488,1.819,,,,,,,
42,Left,5,-0.0007,0.0010,0.0246,0.0000,0.0000,0.0000,1.0000,1.819,,,,,,,
42,Left,6,0.0164,-0.0131,0.0381,0.0000,0.0000,0.0000,1.0000,1.819,,,,,,,
42,Left,7,0.0071,0.0058,0.0579,0.1644,0.0953,-0.0445,0.9808,1.819,,,,,,,
42,Left,8,0.0000,0.0000,0.0379,0.0237,-0.0066,0.0260,0.9994,1.819,,,,,,,
42,Left,9,0.0000,0.0000,0.0243,-0.0002,-0.0260,0.0165,0.9995,1.819,,,,,,,
42,Left,10,-0.0003,0.0010,0.0224,0.0000,0.0000,0.0000,1.0000,1.819,,,,,,,
42,Left,11,0.0002,-0.0094,0.0359,0.0000,0.0000,0.0000,1.0000,1.819,,,,,,,
42,Left,12,0.0015,0.0069,0.0597,0.2784,-0.0345,0.0161,0.9597,1.819,,,,,,,
42,Left,13,0.0000,0.0000,0.0429,-0.0011,-0.0044,0.0112,0.9999,1.819,,,,,,,
42,Left,14,0.0000,0.0000,0.0275,-0.0114,-0.0011,0.0425,0.9990,1.819,,,,,,,
42,Left,15,-0.0003,0.0011,0.0250,0.0000,0.0000,0.0000,1.0000,1.819,,,,,,,
42,Left,16,-0.0150,-0.0060,0.0348,0.0000,0.0000,0.0000,1.0000,1.819,,,,,,,
42,Left,17,-0.0025,-0.0005,0.0539,0.5033,-0.0708,0.0932,0.8562,1.819,,,,,,,
42,Left,18,0.0000,0.0000,0.0390,0.6598,0.0199,0.0418,0.7500,1.819,,,,,,,
42,Left,19,0.0000,0.0000,0.0266,0.4705,0.0280,0.0262,0.8816,1.819,,,,,,,
42,Left,20,-0.0003,0.0016,0.0243,0.0000,0.0000,0.0000,1.0000,1.819,,,,,,,
42,Left,21,-0.0230,-0.0094,0.0341,0.0183,-0.1403,0.2070,0.9680,1.819,,,,,,,
42,Left,22,0.0000,0.0000,0.0457,0.5111,-0.0643,-0.0448,0.8560,1.819,,,,,,,
42,Left,23,0.0000,0.0000,0.0307,0.6608,-0.0060,0.0870,0.7454,1.819,,,,,,,
42,Left,24,0.0000,0.0000,0.0203,0.4746,0.0429,-0.0023,0.8792,1.819,,,,,,,
42,Left,25,0.0002,0.0012,0.0219,0.0000,0.0000,0.0000,1.0000,1.819,,,,,,,
42,Right,0,-0.0022,-0.0054,0.0653,0.0000,0.0000,0.0000,1.0000,1.819,,,,,,,
42,Right,1,0.0000,0.0000,0.0000,0.0000,0.0000,0.0000,1.0000,1.819,0.3815,-0.2180,-0.2240,0.3969,0.3655,0.0130,-0.8418
42,Right,2,-0.0283,-0.0188,0.0358,-0.0441,-0.3426,0.6164,0.7076,1.819,,,,,,,
42,Right,3,0.0000,0.0000,0.0325,0.2436,0.0478,-0.0812,0.9653,1.819,,,,,,,
42,Right,4,0.0000,0.0000,0.0338,0.1061,-0.0512,0.0794,0.9899,1.819,,,,,,,
42,Right,5,0.0007,0.0010,0.0246,0.0000,0.0000,0.0000,1.0000,1.819,,,,,,,
42,Right,6,-0.0189,-0.0109,0.0371,0.0000,0.0000,0.0000,1.0000,1.819,,,,,,,
42,Right,7,-0.0047,0.0035,0.0589,0.1276,0.0129,0.0322,0.9912,1.819,,,,,,,
42,Right,8,0.0000,0.0000,0.0379,0.1590,0.0030,-0.0263,0.9869,1.819,,,,,,,
42,Right,9,0.0000,0.0000,0.0243,0.0611,0.0250,-0.0167,0.9977,1.819,,,,,,,
42,Right,10,0.0003,0.0010,0.0224,0.0000,0.0000,0.0000,1.0000,1.819,,,,,,,
42,Right,11,-0.0027,-0.0083,0.0349,0.0000,0.0000,0.0000,1.0000,1.819,,,,,,,
42,Right,12,0.0009,0.0058,0.0607,0.2181,0.0814,-0.0224,0.9723,1.819,,,,,,,
42,Right,13,0.0000,0.0000,0.0429,0.1419,0.0027,-0.0120,0.9898,1.819,,,,,,,
42,Right,14,0.0000,0.0000,0.0275,0.0246,-0.0005,-0.0460,0.9986,1.819,,,,,,,
42,Right,15,0.0003,0.0011,0.0250,0.0000,0.0000,0.0000,1.0000,1.819,,,,,,,
42,Right,16,0.0150,-0.0060,0.0348,0.0000,0.0000,0.0000,1.0000,1.819,,,,,,,
42,Right,17,0.0025,-0.0005,0.0539,0.2346,0.1175,-0.0749,0.9621,1.819,,,,,,,
42,Right,18,0.0000,0.0000,0.0390,0.1603,-0.0024,-0.0371,0.9864,1.819,,,,,,,
42,Right,19,0.0000,0.0000,0.0266,0.0775,-0.0296,-0.0083,0.9965,1.819,,,,,,,
42,Right,20,0.0003,0.0016,0.0243,0.0000,0.0000,0.0000,1.0000,1.819,,,,,,,
42,Right,21,0.0230,-0.0094,0.0341,0.0183,0.1403,-0.2070,0.9680,1.819,,,,,,,
42,Right,22,0.0000,0.0000,0.0457,0.1389,0.0491,0.0799,0.9858,1.819,,,,,,,
42,Right,23,0.0000,0.0000,0.0307,0.2082,0.0334,-0.0562,0.9759,1.819,,,,,,,
42,Right,24,0.0000,0.0000,0.0203,0.0448,-0.0491,0.0009,0.9978,1.819,,,,,,,
42,Right,25,-0.0002,0.0012,0.0219,0.0000,0.0000,0.0000,1.0000,1.819,,,,,,,
43,Left,0,0.0010,-0.0060,0.0658,0.0000,0.0000,0.0000,1.0000,1.861,,,,,,,
43,Left,1,0.0000,0.0000,0.0000,0.0000,0.0000,0.0000,1.0000,1.861,0.0013,-0.1365,-0.2123,-0.4241,-0.0656,-0.0811,0.8996
43,Left,2,0.0235,-0.0233,0.0377,0.0715,0.3203,-0.6998,0.6345,1.861,,,,,,,
43,Left,3,0.0000,0.0000,0.0325,0.3864,-0.0325,0.0776,0.9185,1.861,,,,,,,
43,Left,4,0.0000,0.0000,0.0338,0.3069,0.0321,-0.0712,0.9485,1.861,,,,,,,
43,Left,5,-0.0007,0.0010,0.0246,0.0000,0.0000,0.0000,1.0000,1.861,,,,,,,
43,Left,6,0.0164,-0.0131,0.0381,0.0000,0.0000,0.0000,1.0000,1.861,,,,,,,
43,Left,7,0.0071,0.0058,0.0579,0.1813,0.0927,-0.0464,0.9779,1.861,,,,,,,
43,Left,8,0.0000,0.0000,0.0379,0.0238,-0.0066,0.0260,0.9994,1.861,,,,,,,
43,Left,9,0.0000,0.0000,0.0243,-0.0005,-0.0260,0.0164,0.9995,1.861,,,,,,,
43,Left,10,-0.0003,0.0010,0.0224,0.0000,0.0000,0.0000,1.0000,1.861,,,,,,,
43,Left,11,0.0002,-0.0094,0.0359,0.0000,0.0000,0.0000,1.0000,1.861,,,,,,,
43,Left,12,0.0015,0.0069,0.0597,0.2785,-0.0247,0.0137,0.9600,1.861,,,,,,,
43,Left,13,0.0000,0.0000,0.0429,-0.0012,-0.0044,0.0112,0.9999,1.861,,,,,,,
43,Left,14,0.0000,0.0000,0.0275,-0.0119,-0.0011,0.0425,0.9990,1.861,,,,,,,
43,Left,15,-0.0003,0.0011,0.0250,0.0000,0.0000,0.0000,1.0000,1.861,,,,,,,
43,Left,16,-0.0150,-0.0060,0.0348,0.0000,0.0000,0.0000,1.0000,1.861,,,,,,,
43,Left,17,-0.0025,-0.0005,0.0539,0.5040,-0.0709,0.0933,0.8557,1.861,,,,,,,
43,Left,18,0.0000,0.0000,0.0390,0.6627,0.0200,0.0418,0.7474,1.861,,,,,,,
43,Left,19,0.0000,0.0000,0.0266,0.4713,0.0280,0.0262,0.8811,1.861,,,,,,,
43,Left,20,-0.0003,0.0016,0.0243,0.0000,0.0000,0.0000,1.0000,1.861,,,,,,,
43,Left,21,-0.0230,-0.0094,0.0341,0.0183,-0.1403,0.2070,0.9680,1.861,,,,,,,
43,Left,22,0.0000,0.0000,0.0457,0.5156,-0.0648,-0.0442,0.8532,1.861,,,,,,,
43,Left,23,0.0000,0.0000,0.0307,0.6625,-0.0059,0.0871,0.7440,1.861,,,,,,,
43,Left,24,0.0000,0.0000,0.0203,0.4744,0.0429,-0.0023,0.8792,1.861,,,,,,,
43,Left,25,0.0002,0.0012,0.0219,0.0000,0.0000,0.0000,1.0000,1.861,,,,,,,
43,Right,0,-0.0022,-0.0054,0.0653,0.0000,0.0000,0.0000,1.0000,1.861,,,,,,,
43,Right,1,0.0000,0.0000,0.0000,0.0000,0.0000,0.0000,1.0000,1.861,0.3814,-0.2179,-0.2242,0.3987,0.3667,0.0134,-0.8405
43,Right,2,-0.0283,-0.0188,0.0358,-0.0429,-0.3426,0.6173,0.7069,1.861,,,,,,,
43,Right,3,0.0000,0.0000,0.0325,0.2433,0.0478,-0.0812,0.9654,1.861,,,,,,,
43,Right,4,0.0000,0.0000,0.0338,0.1050,-0.0513,0.0794,0.9900,1.861,,,,,,,
43,Right,5,0.0007,0.0010,0.0246,0.0000,0.0000,0.0000,1.0000,1.861,,,,,,,
43,Right,6,-0.0189,-0.0109,0.0371,0.0000,0.0000,0.0000,1.0000,1.861,,,,,,,
43,Right,7,-0.0047,0.0036,0.0589,0.1282,0.0132,0.0322,0.9911,1.861,,,,,,,
43,Right,8,0.0000,0.0000,0.0379,0.1603,0.0030,-0.0263,0.9867,1.861,,,,,,,
43,Right,9,0.0000,0.0000,0.0243,0.0615,0.0250,-0.0167,0.9977,1.861,,,,,,,
43,Right,10,0.0003,0.0010,0.0224,0.0000,0.0000,0.0000,1.0000,1.861,,,,,,,
43,Right,11,-0.0026,-0.0083,0.0349,0.0000,0.0000,0.0000,1.0000,1.861,,,,,,,
43,Right,12,0.0009,0.0058,0.0607,0.2214,0.0805,-0.0225,0.9716,1.861,,,,,,,
43,Right,13,0.0000,0.0000,0.0429,0.1427,0.0027,-0.0120,0.9897,1.861,,,,,,,
43,Right,14,0.0000,0.0000,0.0275,0.0249,-0.0005,-0.0461,0.9986,1.861,,,,,,,
43,Right,15,0.0003,0.0011,0.0250,0.0000,0.0000,0.0000,1.0000,1.861,,,,,,,
43,Right,16,0.0150,-0.0060,0.0348,0.0000,0.0000,0.0000,1.0000,1.861,,,,,,,
43,Right,17,0.0025,-0.0005,0.0539,0.2362,0.1168,-0.0750,0.9617,1.861,,,,,,,
43,Right,18,0.0000,0.0000,0.0390,0.1608,-0.0024,-0.0371,0.9863,1.861,,,,,,,
43,Right,19,0.0000,0.0000,0.0266,0.0778,-0.0296,-0.0083,0.9965,1.861,,,,,,,
43,Right,20,0.0003,0.0016,0.0243,0.0000,0.0000,0.0000,1.0000,1.861,,,,,,,
43,Right,21,0.0230,-0.0094,0.0341,0.0183,0.1403,-0.2070,0.9680,1.861,,,,,,,
43,Right,22,0.0000,0.0000,0.0457,0.1410,0.0482,0.0799,0.9856,1.861,,,,,,,
43,Right,23,0.0000,0.0000,0.0307,0.2087,0.0334,-0.0562,0.9758,1.861,,,,,,,
43,Right,24,0.0000,0.0000,0.0203,0.0455,-0.0491,0.0009,0.9978,1.861,,,,,,,
43,Right,25,-0.0002,0.0012,0.0219,0.0000,0.0000,0.0000,1.0000,1.861,,,,,,,
44,Left,0,0.0010,-0.0060,0.0658,0.0000,0.0000,0.0000,1.0000,1.902,,,,,,,
44,Left,1,0.0000,0.0000,0.0000,0.0000,0.0000,0.0000,1.0000,1.902,0.0001,-0.1410,-0.2105,-0.4236,-0.0656,-0.0798,0.8999
44,Left,2,0.0235,-0.0232,0.0377,0.0716,0.3210,-0.6996,0.6344,1.902,,,,,,,
44,Left,3,0.0000,0.0000,0.0325,0.3863,-0.0325,0.0776,0.9185,1.902,,,,,,,
44,Left,4,0.0000,0.0000,0.0338,0.3069,0.0321,-0.0713,0.9485,1.902,,,,,,,
44,Left,5,-0.0007,0.0010,0.0246,0.0000,0.0000,0.0000,1.0000,1.902,,,,,,,
44,Left,6,0.0165,-0.0131,0.0381,0.0000,0.0000,0.0000,1.0000,1.902,,,,,,,
44,Left,7,0.0071,0.0058,0.0579,0.1824,0.0915,-0.0464,0.9779,1.902,,,,,,,
44,Left,8,0.0000,0.0000,0.0379,0.0241,-0.0066,0.0260,0.9994,1.902,,,,,,,
44,Left,9,0.0000,0.0000,0.0243,-0.0012,-0.0261,0.0164,0.9995,1.902,,,,,,,
44,Left,10,-0.0003,0.0010,0.0224,0.0000,0.0000,0.0000,1.0000,1.902,,,,,,,
44,Left,11,0.0002,-0.0094,0.0359,0.0000,0.0000,0.0000,1.0000,1.902,,,,,,,
44,Left,12,0.0015,0.0069,0.0597,0.2788,-0.0232,0.0133,0.9600,1.902,,,,,,,
44,Left,13,0.0000,0.0000,0.0429,-0.0013,-0.0044,0.0112,0.9999,1.902,,,,,,,
44,Left,14,0.0000,0.0000,0.0275,-0.0200,-0.0014,0.0417,0.9989,1.902,,,,,,,
44,Left,15,-0.0003,0.0011,0.0250,0.0000,0.0000,0.0000,1.0000,1.902,,,,,,,
44,Left,16,-0.0150,-0.0060,0.0348,0.0000,0.0000,0.0000,1.0000,1.902,,,,,,,
44,Left,17,-0.0025,-0.0005,0.0539,0.5033,-0.0715,0.0935,0.8560,1.902,,,,,,,
44,Left,18,0.0000,0.0000,0.0390,0.6646,0.0200,0.0418,0.7458,1.902,,,,,,,
44,Left,19,0.0000,0.0000,0.0266,0.4718,0.0280,0.0262,0.8809,1.902,,,,,,,
44,Left,20,-0.0003,0.0016,0.0243,0.0000,0.0000,0.0000,1.0000,1.902,,,,,,,
44,Left,21,-0.0230,-0.0094,0.0341,0.0183,-0.1403,0.2070,0.9680,1.902,,,,,,,
44,Left,22,0.0000,0.0000,0.0457,0.5185,-0.0657,-0.0435,0.8514,1.902,,,,,,,
44,Left,23,0.0000,0.0000,0.0307,0.6638,-0.0058,0.0872,0.7428,1.902,,,,,,,
44,Left,24,0.0000,0.0000,0.0203,0.4733,0.0430,-0.0023,0.8798,1.902,,,,,,,
44,Left,25,0.0002,0.0012,0.0219,0.0000,0.0000,0.0000,1.0000,1.902,,,,,,,
44,Right,0,-0.0022,-0.0054,0.0653,0.0000,0.0000,0.0000,1.0000,1.902,,,,,,,
44,Right,1,0.0000,0.0000,0.0000,0.0000,0.0000,0.0000,1.0000,1.902,0.3823,-0.2181,-0.2223,0.3992,0.3679,0.0132,-0.8397
44,Right,2,-0.0283,-0.0189,0.0358,-0.0426,-0.3423,0.6178,0.7067,1.902,,,,,,,
44,Right,3,0.0000,0.0000,0.0325,0.2429,0.0479,-0.0812,0.9655,1.902,,,,,,,
44,Right,4,0.0000,0.0000,0.0338,0.1041,-0.0514,0.0795,0.9901,1.902,,,,,,,
44,Right,5,0.0007,0.0010,0.0246,0.0000,0.0000,0.0000,1.0000,1.902,,,,,,,
44,Right,6,-0.0188,-0.0109,0.0371,0.0000,0.0000,0.0000,1.0000,1.902,,,,,,,
44,Right,7,-0.0047,0.0036,0.0589,0.1285,0.0132,0.0322,0.9911,1.902,,,,,,,
44,Right,8,0.0000,0.0000,0.0379,0.1611,0.0029,-0.0263,0.9866,1.902,,,,,,,
44,Right,9,0.0000,0.0000,0.0243,0.0615,0.0250,-0.0167,0.9977,1.902,,,,,,,
44,Right,10,0.0003,0.0010,0.0224,0.0000,0.0000,0.0000,1.0000,1.902,,,,,,,
44,Right,11,-0.0026,-0.0083,0.0350,0.0000,0.0000,0.0000,1.0000,1.902,,,,,,,
44,Right,12,0.0009,0.0058,0.0607,0.2228,0.0793,-0.0224,0.9714,1.902,,,,,,,
44,Right,13,0.0000,0.0000,0.0429,0.1437,0.0027,-0.0120,0.9895,1.902,,,,,,,
44,Right,14,0.0000,0.0000,0.0275,0.0251,-0.0005,-0.0461,0.9986,1.902,,,,,,,
44,Right,15,0.0003,0.0011,0.0250,0.0000,0.0000,0.0000,1.0000,1.902,,,,,,,
44,Right,16,0.0150,-0.0060,0.0348,0.0000,0.0000,0.0000,1.0000,1.902,,,,,,,
44,Right,17,0.0025,-0.0005,0.0539,0.2373,0.1163,-0.0750,0.9615,1.902,,,,,,,
44,Right,18,0.0000,0.0000,0.0390,0.1611,-0.0025,-0.0371,0.9862,1.902,,,,,,,
44,Right,19,0.0000,0.0000,0.0266,0.0782,-0.0296,-0.0083,0.9965,1.902,,,,,,,
44,Right,20,0.0003,0.0016,0.0243,0.0000,0.0000,0.0000,1.0000,1.902,,,,,,,
44,Right,21,0.0230,-0.0094,0.0341,0.0183,0.1403,-0.2070,0.9680,1.902,,,,,,,
44,Right,22,0.0000,0.0000,0.0457,0.1423,0.0470,0.0800,0.9855,1.902,,,,,,,
44,Right,23,0.0000,0.0000,0.0307,0.2094,0.0333,-0.0563,0.9756,1.902,,,,,,,
44,Right,24,0.0000,0.0000,0.0203,0.0464,-0.0491,0.0009,0.9977,1.902,,,,,,,
44,Right,25,-0.0002,0.0012,0.0219,0.0000,0.0000,0.0000,1.0000,1.902,,,,,,,
45,Left,0,0.0010,-0.0060,0.0658,0.0000,0.0000,0.0000,1.0000,1.944,,,,,,,
45,Left,1,0.0000,0.0000,0.0000,0.0000,0.0000,0.0000,1.0000,1.944,-0.0002,-0.1463,-0.2165,-0.4172,-0.0599,-0.0702,0.9041
45,Left,2,0.0235,-0.0232,0.0377,0.0720,0.3224,-0.6989,0.6343,1.944,,,,,,,
45,Left,3,0.0000,0.0000,0.0325,0.3864,-0.0325,0.0776,0.9185,1.944,,,,,,,
45,Left,4,0.0000,0.0000,0.0338,0.3063,0.0322,-0.0713,0.9487,1.944,,,,,,,
45,Left,5,-0.0007,0.0010,0.0246,0.0000,0.0000,0.0000,1.0000,1.944,,,,,,,
45,Left,6,0.0165,-0.0131,0.0381,0.0000,0.0000,0.0000,1.0000,1.944,,,,,,,
45,Left,7,0.0071,0.0058,0.0579,0.1818,0.0775,-0.0446,0.9792,1.944,,,,,,,
45,Left,8,0.0000,0.0000,0.0379,0.0242,-0.0066,0.0260,0.9993,1.944,,,,,,,
45,Left,9,0.0000,0.0000,0.0243,-0.0016,-0.0261,0.0164,0.9995,1.944,,,,,,,
45,Left,10,-0.0003,0.0010,0.0224,0.0000,0.0000,0.0000,1.0000,1.944,,,,,,,
45,Left,11,0.0003,-0.0094,0.0359,0.0000,0.0000,0.0000,1.0000,1.944,,,,,,,
45,Left,12,0.0015,0.0069,0.0597,0.2786,-0.0240,0.0135,0.9600,1.944,,,,,,,
45,Left,13,0.0000,0.0000,0.0429,-0.0014,-0.0044,0.0112,0.9999,1.944,,,,,,,
45,Left,14,0.0000,0.0000,0.0275,-0.0252,-0.0017,0.0411,0.9988,1.944,,,,,,,
45,Left,15,-0.0003,0.0011,0.0250,0.0000,0.0000,0.0000,1.0000,1.944,,,,,,,
45,Left,16,-0.0150,-0.0060,0.0348,0.0000,0.0000,0.0000,1.0000,1.944,,,,,,,
45,Left,17,-0.0025,-0.0005,0.0539,0.5028,-0.0722,0.0938,0.8563,1.944,,,,,,,
45,Left,18,0.0000,0.0000,0.0390,0.6656,0.0201,0.0418,0.7449,1.944,,,,,,,
45,Left,19,0.0000,0.0000,0.0266,0.4717,0.0280,0.0262,0.8809,1.944,,,,,,,
45,Left,20,-0.0003,0.0016,0.0243,0.0000,0.0000,0.0000,1.0000,1.944,,,,,,,
45,Left,21,-0.0230,-0.0094,0.0341,0.0183,-0.1403,0.2070,0.9680,1.944,,,,,,,
45,Left,22,0.0000,0.0000,0.0457,0.5182,-0.0683,-0.0419,0.8515,1.944,,,,,,,
45,Left,23,0.0000,0.0000,0.0307,0.6652,-0.0057,0.0872,0.7415,1.944,,,,,,,
45,Left,24,0.0000,0.0000,0.0203,0.4711,0.0430,-0.0023,0.8810,1.944,,,,,,,
45,Left,25,0.0002,0.0012,0.0219,0.0000,0.0000,0.0000,1.0000,1.944,,,,,,,
45,Right,0,-0.0022,-0.0054,0.0653,0.0000,0.0000,0.0000,1.0000,1.944,,,,,,,
45,Right,1,0.0000,0.0000,0.0000,0.0000,0.0000,0.0000,1.0000,1.944,0.3819,-0.2178,-0.2224,0.3994,0.3665,0.0111,-0.8402
45,Right,2,-0.0283,-0.0189,0.0358,-0.0421,-0.3425,0.6180,0.7064,1.944,,,,,,,
45,Right,3,0.0000,0.0000,0.0325,0.2425,0.0479,-0.0812,0.9656,1.944,,,,,,,
45,Right,4,0.0000,0.0000,0.0338,0.1036,-0.0515,0.0795,0.9901,1.944,,,,,,,
45,Right,5,0.0007,0.0010,0.0246,0.0000,0.0000,0.0000,1.0000,1.944,,,,,,,
45,Right,6,-0.0188,-0.0109,0.0371,0.0000,0.0000,0.0000,1.0000,1.944,,,,,,,
45,Right,7,-0.0047,0.0036,0.0589,0.1292,0.0130,0.0322,0.9910,1.944,,,,,,,
45,Right,8,0.0000,0.0000,0.0379,0.1614,0.0029,-0.0263,0.9865,1.944,,,,,,,
45,Right,9,0.0000,0.0000,0.0243,0.0618,0.0250,-0.0167,0.9976,1.944,,,,,,,
45,Right,10,0.0003,0.0010,0.0224,0.0000,0.0000,0.0000,1.0000,1.944,,,,,,,
45,Right,11,-0.0026,-0.0083,0.0350,0.0000,0.0000,0.0000,1.0000,1.944,,,,,,,
45,Right,12,0.0009,0.0058,0.0607,0.2240,0.0780,-0.0223,0.9712,1.944,,,,,,,
45,Right,13,0.0000,0.0000,0.0429,0.1433,0.0027,-0.0120,0.9896,1.944,,,,,,,
45,Right,14,0.0000,0.0000,0.0275,0.0251,-0.0005,-0.0461,0.9986,1.944,,,,,,,
45,Right,15,0.0003,0.0011,0.0250,0.0000,0.0000,0.0000,1.0000,1.944,,,,,,,
45,Right,16,0.0150,-0.0060,0.0348,0.0000,0.0000,0.0000,1.0000,1.944,,,,,,,
45,Right,17,0.0025,-0.0005,0.0539,0.2384,0.1157,-0.0750,0.9613,1.944,,,,,,,
45,Right,18,0.0000,0.0000,0.0390,0.1609,-0.0025,-0.0371,0.9863,1.944,,,,,,,
45,Right,19,0.0000,0.0000,0.0266,0.0781,-0.0296,-0.0083,0.9965,1.944,,,,,,,
45,Right,20,0.0003,0.0016,0.0243,0.0000,0.0000,0.0000,1.0000,1.944,,,,,,,
45,Right,21,0.0230,-0.0094,0.0341,0.0183,0.1403,-0.2070,0.9680,1.944,,,,,,,
45,Right,22,0.0000,0.0000,0.0457,0.1426,0.0461,0.0801,0.9855,1.944,,,,,,,
45,Right,23,0.0000,0.0000,0.0307,0.2094,0.0333,-0.0563,0.9756,1.944,,,,,,,
45,Right,24,0.0000,0.0000,0.0203,0.0467,-0.0491,0.0009,0.9977,1.944,,,,,,,
45,Right,25,-0.0002,0.0012,0.0219,0.0000,0.0000,0.0000,1.0000,1.944,,,,,,,
46,Left,0,0.0010,-0.0060,0.0658,0.0000,0.0000,0.0000,1.0000,1.986,,,,,,,
46,Left,1,0.0000,0.0000,0.0000,0.0000,0.0000,0.0000,1.0000,1.986,-0.0014,-0.1476,-0.2142,-0.4174,-0.0592,-0.0708,0.9040
46,Left,2,0.0236,-0.0232,0.0377,0.0745,0.3260,-0.6982,0.6330,1.986,,,,,,,
46,Left,3,0.0000,0.0000,0.0325,0.3857,-0.0326,0.0776,0.9188,1.986,,,,,,,
46,Left,4,0.0000,0.0000,0.0338,0.3052,0.0323,-0.0713,0.9491,1.986,,,,,,,
46,Left,5,-0.0007,0.0010,0.0246,0.0000,0.0000,0.0000,1.0000,1.986,,,,,,,
46,Left,6,0.0165,-0.0131,0.0381,0.0000,0.0000,0.0000,1.0000,1.986,,,,,,,
46,Left,7,0.0071,0.0057,0.0579,0.1821,0.0760,-0.0445,0.9793,1.986,,,,,,,
46,Left,8,0.0000,0.0000,0.0379,0.0252,-0.0065,0.0260,0.9993,1.986,,,,,,,
46,Left,9,0.0000,0.0000,0.0243,-0.0020,-0.0261,0.0164,0.9995,1.986,,,,,,,
46,Left,10,-0.0003,0.0010,0.0224,0.0000,0.0000,0.0000,1.0000,1.986,,,,,,,
46,Left,11,0.0003,-0.0094,0.0359,0.0000,0.0000,0.0000,1.0000,1.986,,,,,,,
46,Left,12,0.0014,0.0069,0.0598,0.2779,-0.0247,0.0137,0.9602,1.986,,,,,,,
46,Left,13,0.0000,0.0000,0.0429,-0.0014,-0.0044,0.0112,0.9999,1.986,,,,,,,
46,Left,14,0.0000,0.0000,0.0275,-0.0300,-0.0019,0.0407,0.9987,1.986,,,,,,,
46,Left,15,-0.0003,0.0011,0.0250,0.0000,0.0000,0.0000,1.0000,1.986,,,,,,,
46,Left,16,-0.0150,-0.0060,0.0348,0.0000,0.0000,0.0000,1.0000,1.986,,,,,,,
46,Left,17,-0.0025,-0.0005,0.0539,0.5028,-0.0726,0.0940,0.8562,1.986,,,,,,,
46,Left,18,0.0000,0.0000,0.0390,0.6659,0.0201,0.0418,0.7446,1.986,,,,,,,
46,Left,19,0.0000,0.0000,0.0266,0.4714,0.0280,0.0262,0.8811,1.986,,,,,,,
46,Left,20,-0.0003,0.0016,0.0243,0.0000,0.0000,0.0000,1.0000,1.986,,,,,,,
46,Left,21,-0.0230,-0.0094,0.0341,0.0183,-0.1403,0.2070,0.9680,1.986,,,,,,,
46,Left,22,0.0000,0.0000,0.0457,0.5180,-0.0705,-0.0405,0.8515,1.986,,,,,,,
46,Left,23,0.0000,0.0000,0.0307,0.6662,-0.0056,0.0873,0.7406,1.986,,,,,,,
46,Left,24,0.0000,0.0000,0.0203,0.4697,0.0431,-0.0023,0.8818,1.986,,,,,,,
46,Left,25,0.0002,0.0012,0.0219,0.0000,0.0000,0.0000,1.0000,1.986,,,,,,,
46,Right,0,-0.0022,-0.0054,0.0653,0.0000,0.0000,0.0000,1.0000,1.986,,,,,,,
46,Right,1,0.0000,0.0000,0.0000,0.0000,0.0000,0.0000,1.0000,1.986,0.3816,-0.2175,-0.2230,0.3991,0.3664,0.0107,-0.8404
46,Right,2,-0.0282,-0.0189,0.0358,-0.0415,-0.3428,0.6183,0.7060,1.986,,,,,,,
46,Right,3,0.0000,0.0000,0.0325,0.2422,0.0479,-0.0813,0.9656,1.986,,,,,,,
46,Right,4,0.0000,0.0000,0.0338,0.1032,-0.0515,0.0795,0.9901,1.986,,,,,,,
46,Right,5,0.0007,0.0010,0.0246,0.0000,0.0000,0.0000,1.0000,1.986,,,,,,,
46,Right,6,-0.0188,-0.0109,0.0371,0.0000,0.0000,0.0000,1.0000,1.986,,,,,,,
46,Right,7,-0.0047,0.0036,0.0589,0.1294,0.0130,0.0323,0.9910,1.986,,,,,,,
46,Right,8,0.0000,0.0000,0.0379,0.1614,0.0029,-0.0263,0.9865,1.986,,,,,,,
46,Right,9,0.0000,0.0000,0.0243,0.0620,0.0250,-0.0167,0.9976,1.986,,,,,,,
46,Right,10,0.0003,0.0010,0.0224,0.0000,0.0000,0.0000,1.0000,1.986,,,,,,,
46,Right,11,-0.0026,-0.0084,0.0350,0.0000,0.0000,0.0000,1.0000,1.986,,,,,,,
46,Right,12,0.0009,0.0058,0.0607,0.2249,0.0775,-0.0222,0.9710,1.986,,,,,,,
46,Right,13,0.0000,0.0000,0.0429,0.1429,0.0027,-0.0120,0.9897,1.986,,,,,,,
46,Right,14,0.0000,0.0000,0.0275,0.0250,-0.0005,-0.0461,0.9986,1.986,,,,,,,
46,Right,15,0.0003,0.0011,0.0250,0.0000,0.0000,0.0000,1.0000,1.986,,,,,,,
46,Right,16,0.0150,-0.0060,0.0348,0.0000,0.0000,0.0000,1.0000,1.986,,,,,,,
46,Right,17,0.0025,-0.0005,0.0539,0.2395,0.1152,-0.0751,0.9611,1.986,,,,,,,
46,Right,18,0.0000,0.0000,0.0390,0.1603,-0.0024,-0.0371,0.9864,1.986,,,,,,,
46,Right,19,0.0000,0.0000,0.0266,0.0782,-0.0296,-0.0083,0.9965,1.986,,,,,,,
46,Right,20,0.0003,0.0016,0.0243,0.0000,0.0000,0.0000,1.0000,1.986,,,,,,,
46,Right,21,0.0230,-0.0094,0.0341,0.0183,0.1403,-0.2070,0.9680,1.986,,,,,,,
46,Right,22,0.0000,0.0000,0.0457,0.1430,0.0455,0.0801,0.9854,1.986,,,,,,,
46,Right,23,0.0000,0.0000,0.0307,0.2093,0.0333,-0.0563,0.9757,1.986,,,,,,,
46,Right,24,0.0000,0.0000,0.0203,0.0471,-0.0491,0.0009,0.9977,1.986,,,,,,,
46,Right,25,-0.0002,0.0012,0.0219,0.0000,0.0000,0.0000,1.0000,1.986,,,,,,,
47,Left,0,0.0010,-0.0060,0.0658,0.0000,0.0000,0.0000,1.0000,2.027,,,,,,,
47,Left,1,0.0000,0.0000,0.0000,0.0000,0.0000,0.0000,1.0000,2.027,-0.0028,-0.1537,-0.2078,-0.4268,-0.0600,-0.0863,0.8982
47,Left,2,0.0236,-0.0232,0.0377,0.0759,0.3281,-0.6978,0.6322,2.027,,,,,,,
47,Left,3,0.0000,0.0000,0.0325,0.3841,-0.0328,0.0776,0.9194,2.027,,,,,,,
47,Left,4,0.0000,0.0000,0.0338,0.3037,0.0325,-0.0714,0.9495,2.027,,,,,,,
47,Left,5,-0.0007,0.0010,0.0246,0.0000,0.0000,0.0000,1.0000,2.027,,,,,,,
47,Left,6,0.0165,-0.0130,0.0381,0.0000,0.0000,0.0000,1.0000,2.027,,,,,,,
47,Left,7,0.0070,0.0057,0.0579,0.1830,0.0746,-0.0444,0.9793,2.027,,,,,,,
47,Left,8,0.0000,0.0000,0.0379,0.0261,-0.0065,0.0260,0.9993,2.027,,,,,,,
47,Left,9,0.0000,0.0000,0.0243,-0.0026,-0.0261,0.0164,0.9995,2.027,,,,,,,
47,Left,10,-0.0003,0.0010,0.0224,0.0000,0.0000,0.0000,1.0000,2.027,,,,,,,
47,Left,11,0.0003,-0.0094,0.0359,0.0000,0.0000,0.0000,1.0000,2.027,,,,,,,
47,Left,12,0.0014,0.0069,0.0598,0.2788,-0.0245,0.0137,0.9599,2.027,,,,,,,
47,Left,13,0.0000,0.0000,0.0429,-0.0015,-0.0044,0.0112,0.9999,2.027,,,,,,,
47,Left,14,0.0000,0.0000,0.0275,-0.0298,-0.0019,0.0407,0.9987,2.027,,,,,,,
47,Left,15,-0.0003,0.0011,0.0250,0.0000,0.0000,0.0000,1.0000,2.027,,,,,,,
47,Left,16,-0.0150,-0.0060,0.0348,0.0000,0.0000,0.0000,1.0000,2.027,,,,,,,
47,Left,17,-0.0025,-0.0005,0.0539,0.5023,-0.0723,0.0938,0.8565,2.027,,,,,,,
47,Left,18,0.0000,0.0000,0.0390,0.6658,0.0201,0.0418,0.7446,2.027,,,,,,,
47,Left,19,0.0000,0.0000,0.0266,0.4709,0.0280,0.0262,0.8813,2.027,,,,,,,
47,Left,20,-0.0003,0.0016,0.0243,0.0000,0.0000,0.0000,1.0000,2.027,,,,,,,
47,Left,21,-0.0230,-0.0094,0.0341,0.0183,-0.1403,0.2070,0.9680,2.027,,,,,,,
47,Left,22,0.0000,0.0000,0.0457,0.5189,-0.0711,-0.0401,0.8509,2.027,,,,,,,
47,Left,23,0.0000,0.0000,0.0307,0.6671,-0.0055,0.0873,0.7398,2.027,,,,,,,
47,Left,24,0.0000,0.0000,0.0203,0.4682,0.0431,-0.0023,0.8826,2.027,,,,,,,
47,Left,25,0.0002,0.0012,0.0219,0.0000,0.0000,0.0000,1.0000,2.027,,,,,,,
47,Right,0,-0.0022,-0.0055,0.0653,0.0000,0.0000,0.0000,1.0000,2.027,,,,,,,
47,Right,1,0.0000,0.0000,0.0000,0.0000,0.0000,0.0000,1.0000,2.027,0.3812,-0.2178,-0.2231,0.4033,0.3676,0.0092,-0.8379
47,Right,2,-0.0282,-0.0189,0.0358,-0.0408,-0.3429,0.6187,0.7056,2.027,,,,,,,
47,Right,3,0.0000,0.0000,0.0325,0.2424,0.0479,-0.0812,0.9656,2.027,,,,,,,
47,Right,4,0.0000,0.0000,0.0338,0.1032,-0.0515,0.0795,0.9901,2.027,,,,,,,
47,Right,5,0.0007,0.0010,0.0246,0.0000,0.0000,0.0000,1.0000,2.027,,,,,,,
47,Right,6,-0.0188,-0.0109,0.0371,0.0000,0.0000,0.0000,1.0000,2.027,,,,,,,
47,Right,7,-0.0047,0.0036,0.0589,0.1299,0.0126,0.0323,0.9909,2.027,,,,,,,
47,Right,8,0.0000,0.0000,0.0379,0.1621,0.0029,-0.0263,0.9864,2.027,,,,,,,
47,Right,9,0.0000,0.0000,0.0243,0.0622,0.0250,-0.0167,0.9976,2.027,,,,,,,
47,Right,10,0.0003,0.0010,0.0224,0.0000,0.0000,0.0000,1.0000,2.027,,,,,,,
47,Right,11,-0.0026,-0.0084,0.0350,0.0000,0.0000,0.0000,1.0000,2.027,,,,,,,
47,Right,12,0.0009,0.0058,0.0607,0.2282,0.0767,-0.0223,0.9703,2.027,,,,,,,
47,Right,13,0.0000,0.0000,0.0429,0.1434,0.0027,-0.0120,0.9896,2.027,,,,,,,
47,Right,14,0.0000,0.0000,0.0275,0.0252,-0.0005,-0.0461,0.9986,2.027,,,,,,,
47,Right,15,0.0003,0.0011,0.0250,0.0000,0.0000,0.0000,1.0000,2.027,,,,,,,
47,Right,16,0.0150,-0.0060,0.0348,0.0000,0.0000,0.0000,1.0000,2.027,,,,,,,
47,Right,17,0.0025,-0.0005,0.0539,0.2430,0.1146,-0.0754,0.9603,2.027,,,,,,,
47,Right,18,0.0000,0.0000,0.0390,0.1608,-0.0024,-0.0371,0.9863,2.027,,,,,,,
47,Right,19,0.0000,0.0000,0.0266,0.0786,-0.0296,-0.0083,0.9964,2.027,,,,,,,
47,Right,20,0.0003,0.0016,0.0243,0.0000,0.0000,0.0000,1.0000,2.027,,,,,,,
47,Right,21,0.0230,-0.0094,0.0341,0.0183,0.1403,-0.2070,0.9680,2.027,,,,,,,
47,Right,22,0.0000,0.0000,0.0457,0.1450,0.0450,0.0800,0.9852,2.027,,,,,,,
47,Right,23,0.0000,0.0000,0.0307,0.2101,0.0333,-0.0564,0.9755,2.027,,,,,,,
47,Right,24,0.0000,0.0000,0.0203,0.0478,-0.0491,0.0009,0.9976,2.027,,,,,,,
47,Right,25,-0.0002,0.0012,0.0219,0.0000,0.0000,0.0000,1.0000,2.027,,,,,,,
48,Left,0,0.0010,-0.0060,0.0658,0.0000,0.0000,0.0000,1.0000,2.069,,,,,,,
48,Left,1,0.0000,0.0000,0.0000,0.0000,0.0000,0.0000,1.0000,2.069,-0.0050,-0.1633,-0.2069,-0.4401,-0.0619,-0.1095,0.8891
48,Left,2,0.0236,-0.0232,0.0377,0.0804,0.3323,-0.6977,0.6296,2.069,,,,,,,
48,Left,3,0.0000,0.0000,0.0325,0.3836,-0.0329,0.0777,0.9196,2.069,,,,,,,
48,Left,4,0.0000,0.0000,0.0338,0.3023,0.0326,-0.0715,0.9500,2.069,,,,,,,
48,Left,5,-0.0007,0.0010,0.0246,0.0000,0.0000,0.0000,1.0000,2.069,,,,,,,
48,Left,6,0.0165,-0.0130,0.0381,0.0000,0.0000,0.0000,1.0000,2.069,,,,,,,
48,Left,7,0.0070,0.0057,0.0579,0.1838,0.0743,-0.0445,0.9791,2.069,,,,,,,
48,Left,8,0.0000,0.0000,0.0379,0.0266,-0.0065,0.0260,0.9993,2.069,,,,,,,
48,Left,9,0.0000,0.0000,0.0243,-0.0033,-0.0261,0.0164,0.9995,2.069,,,,,,,
48,Left,10,-0.0003,0.0010,0.0224,0.0000,0.0000,0.0000,1.0000,2.069,,,,,,,
48,Left,11,0.0003,-0.0094,0.0359,0.0000,0.0000,0.0000,1.0000,2.069,,,,,,,
48,Left,12,0.0014,0.0069,0.0598,0.2798,-0.0236,0.0135,0.9597,2.069,,,,,,,
48,Left,13,0.0000,0.0000,0.0429,-0.0015,-0.0044,0.0112,0.9999,2.069,,,,,,,
48,Left,14,0.0000,0.0000,0.0275,-0.0298,-0.0019,0.0407,0.9987,2.069,,,,,,,
48,Left,15,-0.0003,0.0011,0.0250,0.0000,0.0000,0.0000,1.0000,2.069,,,,,,,
48,Left,16,-0.0150,-0.0060,0.0348,0.0000,0.0000,0.0000,1.0000,2.069,,,,,,,
48,Left,17,-0.0025,-0.0005,0.0539,0.5017,-0.0715,0.0933,0.8570,2.069,,,,,,,
48,Left,18,0.0000,0.0000,0.0390,0.6656,0.0201,0.0418,0.7449,2.069,,,,,,,
48,Left,19,0.0000,0.0000,0.0266,0.4701,0.0280,0.0262,0.8818,2.069,,,,,,,
48,Left,20,-0.0003,0.0016,0.0243,0.0000,0.0000,0.0000,1.0000,2.069,,,,,,,
48,Left,21,-0.0230,-0.0094,0.0341,0.0183,-0.1403,0.2070,0.9680,2.069,,,,,,,
48,Left,22,0.0000,0.0000,0.0457,0.5186,-0.0717,-0.0398,0.8511,2.069,,,,,,,
48,Left,23,0.0000,0.0000,0.0307,0.6697,-0.0053,0.0875,0.7375,2.069,,,,,,,
48,Left,24,0.0000,0.0000,0.0203,0.4675,0.0431,-0.0023,0.8829,2.069,,,,,,,
48,Left,25,0.0002,0.0012,0.0219,0.0000,0.0000,0.0000,1.0000,2.069,,,,,,,
48,Right,0,-0.0022,-0.0055,0.0653,0.0000,0.0000,0.0000,1.0000,2.069,,,,,,,
48,Right,1,0.0000,0.0000,0.0000,0.0000,0.0000,0.0000,1.0000,2.069,0.3813,-0.2178,-0.2228,0.4056,0.3674,0.0037,-0.8370
48,Right,2,-0.0282,-0.0189,0.0358,-0.0406,-0.3432,0.6188,0.7055,2.069,,,,,,,
48,Right,3,0.0000,0.0000,0.0325,0.2425,0.0479,-0.0812,0.9656,2.069,,,,,,,
48,Right,4,0.0000,0.0000,0.0338,0.1030,-0.0515,0.0795,0.9902,2.069,,,,,,,
48,Right,5,0.0007,0.0010,0.0246,0.0000,0.0000,0.0000,1.0000,2.069,,,,,,,
48,Right,6,-0.0188,-0.0109,0.0371,0.0000,0.0000,0.0000,1.0000,2.069,,,,,,,
48,Right,7,-0.0047,0.0036,0.0589,0.1307,0.0122,0.0323,0.9908,2.069,,,,,,,
48,Right,8,0.0000,0.0000,0.0379,0.1624,0.0029,-0.0263,0.9864,2.069,,,,,,,
48,Right,9,0.0000,0.0000,0.0243,0.0620,0.0250,-0.0167,0.9976,2.069,,,,,,,
48,Right,10,0.0003,0.0010,0.0224,0.0000,0.0000,0.0000,1.0000,2.069,,,,,,,
48,Right,11,-0.0026,-0.0084,0.0350,0.0000,0.0000,0.0000,1.0000,2.069,,,,,,,
48,Right,12,0.0009,0.0058,0.0607,0.2295,0.0762,-0.0223,0.9701,2.069,,,,,,,
48,Right,13,0.0000,0.0000,0.0429,0.1438,0.0027,-0.0121,0.9895,2.069,,,,,,,
48,Right,14,0.0000,0.0000,0.0275,0.0253,-0.0006,-0.0461,0.9986,2.069,,,,,,,
48,Right,15,0.0003,0.0011,0.0250,0.0000,0.0000,0.0000,1.0000,2.069,,,,,,,
48,Right,16,0.0150,-0.0060,0.0348,0.0000,0.0000,0.0000,1.0000,2.069,,,,,,,
48,Right,17,0.0025,-0.0005,0.0539,0.2440,0.1144,-0.0755,0.9600,2.069,,,,,,,
48,Right,18,0.0000,0.0000,0.0390,0.1614,-0.0025,-0.0371,0.9862,2.069,,,,,,,
48,Right,19,0.0000,0.0000,0.0266,0.0789,-0.0296,-0.0083,0.9964,2.069,,,,,,,
48,Right,20,0.0003,0.0016,0.0243,0.0000,0.0000,0.0000,1.0000,2.069,,,,,,,
48,Right,21,0.0230,-0.0094,0.0341,0.0183,0.1403,-0.2070,0.9680,2.069,,,,,,,
48,Right,22,0.0000,0.0000,0.0457,0.1452,0.0444,0.0801,0.9852,2.069,,,,,,,
48,Right,23,0.0000,0.0000,0.0307,0.2112,0.0332,-0.0564,0.9753,2.069,,,,,,,
48,Right,24,0.0000,0.0000,0.0203,0.0484,-0.0491,0.0009,0.9976,2.069,,,,,,,
48,Right,25,-0.0002,0.0012,0.0219,0.0000,0.0000,0.0000,1.0000,2.069,,,,,,,
49,Left,0,0.0010,-0.0060,0.0658,0.0000,0.0000,0.0000,1.0000,2.111,,,,,,,
49,Left,1,0.0000,0.0000,0.0000,0.0000,0.0000,0.0000,1.0000,2.111,-0.0050,-0.1683,-0.2050,-0.4463,-0.0615,-0.1088,0.8861
49,Left,2,0.0236,-0.0232,0.0377,0.0861,0.3380,-0.6973,0.6262,2.111,,,,,,,
49,Left,3,0.0000,0.0000,0.0325,0.3830,-0.0329,0.0777,0.9199,2.111,,,,,,,
49,Left,4,0.0000,0.0000,0.0338,0.3020,0.0326,-0.0715,0.9501,2.111,,,,,,,
49,Left,5,-0.0007,0.0010,0.0246,0.0000,0.0000,0.0000,1.0000,2.111,,,,,,,
49,Left,6,0.0165,-0.0130,0.0381,0.0000,0.0000,0.0000,1.0000,2.111,,,,,,,
49,Left,7,0.0070,0.0057,0.0579,0.1845,0.0736,-0.0445,0.9791,2.111,,,,,,,
49,Left,8,0.0000,0.0000,0.0379,0.0274,-0.0065,0.0260,0.9993,2.111,,,,,,,
49,Left,9,0.0000,0.0000,0.0243,-0.0037,-0.0261,0.0164,0.9995,2.111,,,,,,,
49,Left,10,-0.0003,0.0010,0.0224,0.0000,0.0000,0.0000,1.0000,2.111,,,,,,,
49,Left,11,0.0003,-0.0094,0.0359,0.0000,0.0000,0.0000,1.0000,2.111,,,,,,,
49,Left,12,0.0014,0.0069,0.0598,0.2814,-0.0248,0.0138,0.9592,2.111,,,,,,,
49,Left,13,0.0000,0.0000,0.0429,-0.0016,-0.0044,0.0112,0.9999,2.111,,,,,,,
49,Left,14,0.0000,0.0000,0.0275,-0.0303,-0.0019,0.0406,0.9987,2.111,,,,,,,
49,Left,15,-0.0003,0.0011,0.0250,0.0000,0.0000,0.0000,1.0000,2.111,,,,,,,
49,Left,16,-0.0150,-0.0060,0.0348,0.0000,0.0000,0.0000,1.0000,2.111,,,,,,,
49,Left,17,-0.0025,-0.0005,0.0539,0.5028,-0.0719,0.0937,0.8563,2.111,,,,,,,
49,Left,18,0.0000,0.0000,0.0390,0.6656,0.0201,0.0418,0.7448,2.111,,,,,,,
49,Left,19,0.0000,0.0000,0.0266,0.4701,0.0280,0.0262,0.8818,2.111,,,,,,,
49,Left,20,-0.0003,0.0016,0.0243,0.0000,0.0000,0.0000,1.0000,2.111,,,,,,,
49,Left,21,-0.0230,-0.0094,0.0341,0.0183,-0.1403,0.2070,0.9680,2.111,,,,,,,
49,Left,22,0.0000,0.0000,0.0457,0.5194,-0.0722,-0.0394,0.8506,2.111,,,,,,,
49,Left,23,0.0000,0.0000,0.0307,0.6701,-0.0053,0.0875,0.7371,2.111,,,,,,,
49,Left,24,0.0000,0.0000,0.0203,0.4664,0.0432,-0.0023,0.8835,2.111,,,,,,,
49,Left,25,0.0002,0.0012,0.0219,0.0000,0.0000,0.0000,1.0000,2.111,,,,,,,
49,Right,0,-0.0022,-0.0054,0.0653,0.0000,0.0000,0.0000,1.0000,2.111,,,,,,,
49,Right,1,0.0000,0.0000,0.0000,0.0000,0.0000,0.0000,1.0000,2.111,0.3806,-0.2177,-0.2235,0.4076,0.3669,-0.0001,-0.8362
49,Right,2,-0.0282,-0.0189,0.0358,-0.0408,-0.3434,0.6185,0.7055,2.111,,,,,,,
49,Right,3,0.0000,0.0000,0.0325,0.2428,0.0479,-0.0812,0.9655,2.111,,,,,,,
49,Right,4,0.0000,0.0000,0.0338,0.1027,-0.0515,0.0795,0.9902,2.111,,,,,,,
49,Right,5,0.0007,0.0010,0.0246,0.0000,0.0000,0.0000,1.0000,2.111,,,,,,,
49,Right,6,-0.0188,-0.0109,0.0371,0.0000,0.0000,0.0000,1.0000,2.111,,,,,,,
49,Right,7,-0.0047,0.0036,0.0589,0.1317,0.0119,0.0324,0.9907,2.111,,,,,,,
49,Right,8,0.0000,0.0000,0.0379,0.1632,0.0029,-0.0263,0.9862,2.111,,,,,,,
49,Right,9,0.0000,0.0000,0.0243,0.0621,0.0250,-0.0167,0.9976,2.111,,,,,,,
49,Right,10,0.0003,0.0010,0.0224,0.0000,0.0000,0.0000,1.0000,2.111,,,,,,,
49,Right,11,-0.0026,-0.0084,0.0350,0.0000,0.0000,0.0000,1.0000,2.111,,,,,,,
49,Right,12,0.0009,0.0058,0.0607,0.2346,0.0752,-0.0225,0.9689,2.111,,,,,,,
49,Right,13,0.0000,0.0000,0.0429,0.1445,0.0027,-0.0121,0.9894,2.111,,,,,,,
49,Right,14,0.0000,0.0000,0.0275,0.0257,-0.0006,-0.0461,0.9986,2.111,,,,,,,
49,Right,15,0.0003,0.0011,0.0250,0.0000,0.0000,0.0000,1.0000,2.111,,,,,,,
49,Right,16,0.0150,-0.0060,0.0348,0.0000,0.0000,0.0000,1.0000,2.111,,,,,,,
49,Right,17,0.0025,-0.0005,0.0539,0.2473,0.1138,-0.0758,0.9592,2.111,,,,,,,
49,Right,18,0.0000,0.0000,0.0390,0.1622,-0.0025,-0.0371,0.9861,2.111,,,,,,,
49,Right,19,0.0000,0.0000,0.0266,0.0792,-0.0296,-0.0084,0.9964,2.111,,,,,,,
49,Right,20,0.0003,0.0016,0.0243,0.0000,0.0000,0.0000,1.0000,2.111,,,,,,,
49,Right,21,0.0230,-0.0094,0.0341,0.0183,0.1403,-0.2070,0.9680,2.111,,,,,,,
49,Right,22,0.0000,0.0000,0.0457,0.1451,0.0442,0.0801,0.9852,2.111,,,,,,,
49,Right,23,0.0000,0.0000,0.0307,0.2122,0.0332,-0.0565,0.9750,2.111,,,,,,,
49,Right,24,0.0000,0.0000,0.0203,0.0490,-0.0491,0.0009,0.9976,2.111,,,,,,,
49,Right,25,-0.0002,0.0012,0.0219,0.0000,0.0000,0.0000,1.0000,2.111,,,,,,,
50,Left,0,0.0010,-0.0060,0.0658,0.0000,0.0000,0.0000,1.0000,2.152,,,,,,,
50,Left,1,0.0000,0.0000,0.0000,0.0000,0.0000,0.0000,1.0000,2.152,-0.0047,-0.1710,-0.2022,-0.4502,-0.0622,-0.1025,0.8848
50,Left,2,0.0237,-0.0231,0.0377,0.0857,0.3386,-0.6967,0.6266,2.152,,,,,,,
50,Left,3,0.0000,0.0000,0.0325,0.3824,-0.0330,0.0777,0.9201,2.152,,,,,,,
50,Left,4,0.0000,0.0000,0.0338,0.3027,0.0326,-0.0715,0.9498,2.152,,,,,,,
50,Left,5,-0.0007,0.0010,0.0246,0.0000,0.0000,0.0000,1.0000,2.152,,,,,,,
50,Left,6,0.0165,-0.0130,0.0380,0.0000,0.0000,0.0000,1.0000,2.152,,,,,,,
50,Left,7,0.0070,0.0057,0.0580,0.1852,0.0725,-0.0444,0.9790,2.152,,,,,,,
50,Left,8,0.0000,0.0000,0.0379,0.0287,-0.0065,0.0260,0.9992,2.152,,,,,,,
50,Left,9,0.0000,0.0000,0.0243,-0.0039,-0.0261,0.0164,0.9995,2.152,,,,,,,
50,Left,10,-0.0003,0.0010,0.0224,0.0000,0.0000,0.0000,1.0000,2.152,,,,,,,
50,Left,11,0.0003,-0.0094,0.0359,0.0000,0.0000,0.0000,1.0000,2.152,,,,,,,
50,Left,12,0.0014,0.0069,0.0598,0.2825,-0.0252,0.0139,0.9588,2.152,,,,,,,
50,Left,13,0.0000,0.0000,0.0429,-0.0016,-0.0044,0.0112,0.9999,2.152,,,,,,,
50,Left,14,0.0000,0.0000,0.0275,-0.0307,-0.0019,0.0406,0.9987,2.152,,,,,,,
50,Left,15,-0.0003,0.0011,0.0250,0.0000,0.0000,0.0000,1.0000,2.152,,,,,,,
50,Left,16,-0.0150,-0.0060,0.0348,0.0000,0.0000,0.0000,1.0000,2.152,,,,,,,
50,Left,17,-0.0025,-0.0005,0.0539,0.5096,-0.0708,0.0941,0.8523,2.152,,,,,,,
50,Left,18,0.0000,0.0000,0.0390,0.6654,0.0201,0.0418,0.7450,2.152,,,,,,,
50,Left,19,0.0000,0.0000,0.0266,0.4694,0.0280,0.0261,0.8822,2.152,,,,,,,
50,Left,20,-0.0003,0.0016,0.0243,0.0000,0.0000,0.0000,1.0000,2.152,,,,,,,
50,Left,21,-0.0230,-0.0094,0.0341,0.0183,-0.1403,0.2070,0.9680,2.152,,,,,,,
50,Left,22,0.0000,0.0000,0.0457,0.5323,-0.0718,-0.0386,0.8426,2.152,,,,,,,
50,Left,23,0.0000,0.0000,0.0307,0.6703,-0.0053,0.0875,0.7369,2.152,,,,,,,
50,Left,24,0.0000,0.0000,0.0203,0.4648,0.0432,-0.0022,0.8843,2.152,,,,,,,
50,Left,25,0.0002,0.0012,0.0219,0.0000,0.0000,0.0000,1.0000,2.152,,,,,,,
50,Right,0,-0.0022,-0.0054,0.0653,0.0000,0.0000,0.0000,1.0000,2.152,,,,,,,
50,Right,1,0.0000,0.0000,0.0000,0.0000,0.0000,0.0000,1.0000,2.152,0.3802,-0.2177,-0.2237,0.4099,0.3674,-0.0027,-0.8349
50,Right,2,-0.0283,-0.0189,0.0358,-0.0414,-0.3437,0.6180,0.7059,2.152,,,,,,,
50,Right,3,0.0000,0.0000,0.0325,0.2434,0.0478,-0.0812,0.9653,2.152,,,,,,,
50,Right,4,0.0000,0.0000,0.0338,0.1025,-0.0516,0.0795,0.9902,2.152,,,,,,,
50,Right,5,0.0007,0.0010,0.0246,0.0000,0.0000,0.0000,1.0000,2.152,,,,,,,
50,Right,6,-0.0188,-0.0109,0.0371,0.0000,0.0000,0.0000,1.0000,2.152,,,,,,,
50,Right,7,-0.0047,0.0036,0.0589,0.1323,0.0111,0.0325,0.9906,2.152,,,,,,,
50,Right,8,0.0000,0.0000,0.0379,0.1640,0.0029,-0.0263,0.9861,2.152,,,,,,,
50,Right,9,0.0000,0.0000,0.0243,0.0622,0.0250,-0.0167,0.9976,2.152,,,,,,,
50,Right,10,0.0003,0.0010,0.0224,0.0000,0.0000,0.0000,1.0000,2.152,,,,,,,
50,Right,11,-0.0026,-0.0083,0.0350,0.0000,0.0000,0.0000,1.0000,2.152,,,,,,,
50,Right,12,0.0009,0.0058,0.0607,0.2390,0.0740,-0.0226,0.9679,2.152,,,,,,,
50,Right,13,0.0000,0.0000,0.0429,0.1454,0.0027,-0.0121,0.9893,2.152,,,,,,,
50,Right,14,0.0000,0.0000,0.0275,0.0262,-0.0006,-0.0462,0.9986,2.152,,,,,,,
50,Right,15,0.0003,0.0011,0.0250,0.0000,0.0000,0.0000,1.0000,2.152,,,,,,,
50,Right,16,0.0150,-0.0060,0.0348,0.0000,0.0000,0.0000,1.0000,2.152,,,,,,,
50,Right,17,0.0025,-0.0005,0.0539,0.2502,0.1137,-0.0761,0.9585,2.152,,,,,,,
50,Right,18,0.0000,0.0000,0.0390,0.1629,-0.0025,-0.0372,0.9859,2.152,,,,,,,
50,Right,19,0.0000,0.0000,0.0266,0.0796,-0.0296,-0.0084,0.9964,2.152,,,,,,,
50,Right,20,0.0003,0.0016,0.0243,0.0000,0.0000,0.0000,1.0000,2.152,,,,,,,
50,Right,21,0.0230,-0.0094,0.0341,0.0183,0.1403,-0.2070,0.9680,2.152,,,,,,,
50,Right,22,0.0000,0.0000,0.0457,0.1450,0.0443,0.0801,0.9852,2.152,,,,,,,
50,Right,23,0.0000,0.0000,0.0307,0.2128,0.0332,-0.0566,0.9749,2.152,,,,,,,
50,Right,24,0.0000,0.0000,0.0203,0.0493,-0.0491,0.0009,0.9976,2.152,,,,,,,
50,Right,25,-0.0002,0.0012,0.0219,0.0000,0.0000,0.0000,1.0000,2.152,,,,,,,
51,Left,0,0.0010,-0.0060,0.0658,0.0000,0.0000,0.0000,1.0000,2.194,,,,,,,
51,Left,1,0.0000,0.0000,0.0000,0.0000,0.0000,0.0000,1.0000,2.194,-0.0060,-0.1742,-0.1970,-0.4469,-0.0610,-0.0847,0.8885
51,Left,2,0.0237,-0.0231,0.0377,0.0860,0.3388,-0.6968,0.6263,2.194,,,,,,,
51,Left,3,0.0000,0.0000,0.0325,0.3816,-0.0331,0.0777,0.9204,2.194,,,,,,,
51,Left,4,0.0000,0.0000,0.0338,0.3034,0.0325,-0.0714,0.9496,2.194,,,,,,,
51,Left,5,-0.0007,0.0010,0.0246,0.0000,0.0000,0.0000,1.0000,2.194,,,,,,,
51,Left,6,0.0165,-0.0130,0.0380,0.0000,0.0000,0.0000,1.0000,2.194,,,,,,,
51,Left,7,0.0070,0.0057,0.0579,0.1849,0.0719,-0.0443,0.9791,2.194,,,,,,,
51,Left,8,0.0000,0.0000,0.0379,0.0288,-0.0065,0.0260,0.9992,2.194,,,,,,,
51,Left,9,0.0000,0.0000,0.0243,-0.0045,-0.0261,0.0164,0.9995,2.194,,,,,,,
51,Left,10,-0.0003,0.0010,0.0224,0.0000,0.0000,0.0000,1.0000,2.194,,,,,,,
51,Left,11,0.0003,-0.0094,0.0359,0.0000,0.0000,0.0000,1.0000,2.194,,,,,,,
51,Left,12,0.0014,0.0069,0.0598,0.2809,-0.0259,0.0140,0.9593,2.194,,,,,,,
51,Left,13,0.0000,0.0000,0.0429,-0.0016,-0.0044,0.0112,0.9999,2.194,,,,,,,
51,Left,14,0.0000,0.0000,0.0275,-0.0313,-0.0019,0.0405,0.9987,2.194,,,,,,,
51,Left,15,-0.0003,0.0011,0.0250,0.0000,0.0000,0.0000,1.0000,2.194,,,,,,,
51,Left,16,-0.0150,-0.0060,0.0348,0.0000,0.0000,0.0000,1.0000,2.194,,,,,,,
51,Left,17,-0.0025,-0.0005,0.0539,0.5141,-0.0696,0.0940,0.8497,2.194,,,,,,,
51,Left,18,0.0000,0.0000,0.0390,0.6650,0.0201,0.0418,0.7454,2.194,,,,,,,
51,Left,19,0.0000,0.0000,0.0266,0.4682,0.0281,0.0261,0.8828,2.194,,,,,,,
51,Left,20,-0.0003,0.0016,0.0243,0.0000,0.0000,0.0000,1.0000,2.194,,,,,,,
51,Left,21,-0.0230,-0.0094,0.0341,0.0183,-0.1403,0.2070,0.9680,2.194,,,,,,,
51,Left,22,0.0000,0.0000,0.0457,0.5428,-0.0699,-0.0389,0.8361,2.194,,,,,,,
51,Left,23,0.0000,0.0000,0.0307,0.6699,-0.0053,0.0875,0.7373,2.194,,,,,,,
51,Left,24,0.0000,0.0000,0.0203,0.4631,0.0432,-0.0022,0.8853,2.194,,,,,,,
51,Left,25,0.0002,0.0012,0.0219,0.0000,0.0000,0.0000,1.0000,2.194,,,,,,,
51,Right,0,-0.0022,-0.0054,0.0653,0.0000,0.0000,0.0000,1.0000,2.194,,,,,,,
51,Right,1,0.0000,0.0000,0.0000,0.0000,0.0000,0.0000,1.0000,2.194,0.3798,-0.2179,-0.2239,0.4100,0.3682,-0.0036,-0.8344
51,Right,2,-0.0283,-0.0188,0.0358,-0.0424,-0.3438,0.6172,0.7065,2.194,,,,,,,
51,Right,3,0.0000,0.0000,0.0325,0.2441,0.0477,-0.0812,0.9652,2.194,,,,,,,
51,Right,4,0.0000,0.0000,0.0338,0.1025,-0.0516,0.0795,0.9902,2.194,,,,,,,
51,Right,5,0.0007,0.0010,0.0246,0.0000,0.0000,0.0000,1.0000,2.194,,,,,,,
51,Right,6,-0.0189,-0.0109,0.0371,0.0000,0.0000,0.0000,1.0000,2.194,,,,,,,
51,Right,7,-0.0047,0.0036,0.0589,0.1322,0.0104,0.0325,0.9906,2.194,,,,,,,
51,Right,8,0.0000,0.0000,0.0379,0.1643,0.0029,-0.0263,0.9861,2.194,,,,,,,
51,Right,9,0.0000,0.0000,0.0243,0.0624,0.0250,-0.0167,0.9976,2.194,,,,,,,
51,Right,10,0.0003,0.0010,0.0224,0.0000,0.0000,0.0000,1.0000,2.194,,,,,,,
51,Right,11,-0.0026,-0.0083,0.0349,0.0000,0.0000,0.0000,1.0000,2.194,,,,,,,
51,Right,12,0.0009,0.0058,0.0607,0.2399,0.0734,-0.0226,0.9678,2.194,,,,,,,
51,Right,13,0.0000,0.0000,0.0429,0.1459,0.0027,-0.0121,0.9892,2.194,,,,,,,
51,Right,14,0.0000,0.0000,0.0275,0.0268,-0.0006,-0.0462,0.9986,2.194,,,,,,,
51,Right,15,0.0003,0.0011,0.0250,0.0000,0.0000,0.0000,1.0000,2.194,,,,,,,
51,Right,16,0.0150,-0.0060,0.0348,0.0000,0.0000,0.0000,1.0000,2.194,,,,,,,
51,Right,17,0.0025,-0.0005,0.0539,0.2508,0.1138,-0.0762,0.9583,2.194,,,,,,,
51,Right,18,0.0000,0.0000,0.0390,0.1629,-0.0025,-0.0372,0.9859,2.194,,,,,,,
51,Right,19,0.0000,0.0000,0.0266,0.0798,-0.0296,-0.0084,0.9963,2.194,,,,,,,
51,Right,20,0.0003,0.0016,0.0243,0.0000,0.0000,0.0000,1.0000,2.194,,,,,,,
51,Right,21,0.0230,-0.0094,0.0341,0.0183,0.1403,-0.2070,0.9680,2.194,,,,,,,
51,Right,22,0.0000,0.0000,0.0457,0.1455,0.0446,0.0801,0.9851,2.194,,,,,,,
51,Right,23,0.0000,0.0000,0.0307,0.2130,0.0332,-0.0566,0.9749,2.194,,,,,,,
51,Right,24,0.0000,0.0000,0.0203,0.0497,-0.0491,0.0009,0.9976,2.194,,,,,,,
51,Right,25,-0.0002,0.0012,0.0219,0.0000,0.0000,0.0000,1.0000,2.194,,,,,,,
52,Left,0,0.0010,-0.0060,0.0658,0.0000,0.0000,0.0000,1.0000,2.235,,,,,,,
52,Left,1,0.0000,0.0000,0.0000,0.0000,0.0000,0.0000,1.0000,2.235,-0.0045,-0.1791,-0.2024,-0.4442,-0.0602,-0.0779,0.8905
52,Left,2,0.0237,-0.0231,0.0377,0.0864,0.3392,-0.6967,0.6261,2.235,,,,,,,
52,Left,3,0.0000,0.0000,0.0325,0.3823,-0.0330,0.0777,0.9202,2.235,,,,,,,
52,Left,4,0.0000,0.0000,0.0338,0.3049,0.0323,-0.0713,0.9492,2.235,,,,,,,
52,Left,5,-0.0007,0.0010,0.0246,0.0000,0.0000,0.0000,1.0000,2.235,,,,,,,
52,Left,6,0.0165,-0.0130,0.0380,0.0000,0.0000,0.0000,1.0000,2.235,,,,,,,
52,Left,7,0.0070,0.0057,0.0579,0.1852,0.0715,-0.0443,0.9791,2.235,,,,,,,
52,Left,8,0.0000,0.0000,0.0379,0.0279,-0.0065,0.0260,0.9993,2.235,,,,,,,
52,Left,9,0.0000,0.0000,0.0243,-0.0056,-0.0261,0.0164,0.9995,2.235,,,,,,,
52,Left,10,-0.0003,0.0010,0.0224,0.0000,0.0000,0.0000,1.0000,2.235,,,,,,,
52,Left,11,0.0003,-0.0094,0.0359,0.0000,0.0000,0.0000,1.0000,2.235,,,,,,,
52,Left,12,0.0014,0.0069,0.0598,0.2766,-0.0265,0.0141,0.9605,2.235,,,,,,,
52,Left,13,0.0000,0.0000,0.0429,-0.0017,-0.0044,0.0112,0.9999,2.235,,,,,,,
52,Left,14,0.0000,0.0000,0.0275,-0.0317,-0.0019,0.0405,0.9987,2.235,,,,,,,
52,Left,15,-0.0003,0.0011,0.0250,0.0000,0.0000,0.0000,1.0000,2.235,,,,,,,
52,Left,16,-0.0150,-0.0060,0.0348,0.0000,0.0000,0.0000,1.0000,2.235,,,,,,,
52,Left,17,-0.0025,-0.0005,0.0539,0.5147,-0.0687,0.0936,0.8495,2.235,,,,,,,
52,Left,18,0.0000,0.0000,0.0390,0.6647,0.0200,0.0418,0.7457,2.235,,,,,,,
52,Left,19,0.0000,0.0000,0.0266,0.4674,0.0281,0.0260,0.8832,2.235,,,,,,,
52,Left,20,-0.0003,0.0016,0.0243,0.0000,0.0000,0.0000,1.0000,2.235,,,,,,,
52,Left,21,-0.0230,-0.0094,0.0341,0.0183,-0.1403,0.2070,0.9680,2.235,,,,,,,
52,Left,22,0.0000,0.0000,0.0457,0.5439,-0.0688,-0.0395,0.8354,2.235,,,,,,,
52,Left,23,0.0000,0.0000,0.0307,0.6702,-0.0053,0.0875,0.7370,2.235,,,,,,,
52,Left,24,0.0000,0.0000,0.0203,0.4626,0.0433,-0.0022,0.8855,2.235,,,,,,,
52,Left,25,0.0002,0.0012,0.0219,0.0000,0.0000,0.0000,1.0000,2.235,,,,,,,
52,Right,0,-0.0022,-0.0054,0.0653,0.0000,0.0000,0.0000,1.0000,2.235,,,,,,,
52,Right,1,0.0000,0.0000,0.0000,0.0000,0.0000,0.0000,1.0000,2.235,0.3779,-0.2175,-0.2265,0.4092,0.3671,-0.0052,-0.8353
52,Right,2,-0.0283,-0.0188,0.0358,-0.0436,-0.3432,0.6165,0.7073,2.235,,,,,,,
52,Right,3,0.0000,0.0000,0.0325,0.2446,0.0477,-0.0812,0.9650,2.235,,,,,,,
52,Right,4,0.0000,0.0000,0.0338,0.1025,-0.0516,0.0795,0.9902,2.235,,,,,,,
52,Right,5,0.0007,0.0010,0.0246,0.0000,0.0000,0.0000,1.0000,2.235,,,,,,,
52,Right,6,-0.0189,-0.0109,0.0371,0.0000,0.0000,0.0000,1.0000,2.235,,,,,,,
52,Right,7,-0.0047,0.0035,0.0589,0.1328,0.0106,0.0325,0.9906,2.235,,,,,,,
52,Right,8,0.0000,0.0000,0.0379,0.1646,0.0028,-0.0263,0.9860,2.235,,,,,,,
52,Right,9,0.0000,0.0000,0.0243,0.0626,0.0250,-0.0167,0.9976,2.235,,,,,,,
52,Right,10,0.0003,0.0010,0.0224,0.0000,0.0000,0.0000,1.0000,2.235,,,,,,,
52,Right,11,-0.0027,-0.0083,0.0349,0.0000,0.0000,0.0000,1.0000,2.235,,,,,,,
52,Right,12,0.0009,0.0058,0.0607,0.2414,0.0731,-0.0226,0.9674,2.235,,,,,,,
52,Right,13,0.0000,0.0000,0.0429,0.1458,0.0027,-0.0121,0.9892,2.235,,,,,,,
52,Right,14,0.0000,0.0000,0.0275,0.0271,-0.0006,-0.0463,0.9986,2.235,,,,,,,
52,Right,15,0.0003,0.0011,0.0250,0.0000,0.0000,0.0000,1.0000,2.235,,,,,,,
52,Right,16,0.0150,-0.0060,0.0348,0.0000,0.0000,0.0000,1.0000,2.235,,,,,,,
52,Right,17,0.0025,-0.0005,0.0539,0.2511,0.1134,-0.0762,0.9583,2.235,,,,,,,
52,Right,18,0.0000,0.0000,0.0390,0.1629,-0.0025,-0.0372,0.9859,2.235,,,,,,,
52,Right,19,0.0000,0.0000,0.0266,0.0801,-0.0296,-0.0084,0.9963,2.235,,,,,,,
52,Right,20,0.0003,0.0016,0.0243,0.0000,0.0000,0.0000,1.0000,2.235,,,,,,,
52,Right,21,0.0230,-0.0094,0.0341,0.0183,0.1403,-0.2070,0.9680,2.235,,,,,,,
52,Right,22,0.0000,0.0000,0.0457,0.1455,0.0444,0.0801,0.9851,2.235,,,,,,,
52,Right,23,0.0000,0.0000,0.0307,0.2123,0.0332,-0.0565,0.9750,2.235,,,,,,,
52,Right,24,0.0000,0.0000,0.0203,0.0494,-0.0491,0.0009,0.9976,2.235,,,,,,,
52,Right,25,-0.0002,0.0012,0.0219,0.0000,0.0000,0.0000,1.0000,2.235,,,,,,,
53,Left,0,0.0010,-0.0060,0.0658,0.0000,0.0000,0.0000,1.0000,2.277,,,,,,,
53,Left,1,0.0000,0.0000,0.0000,0.0000,0.0000,0.0000,1.0000,2.277,-0.0046,-0.1867,-0.2071,-0.4446,-0.0569,-0.0700,0.8912
53,Left,2,0.0236,-0.0232,0.0377,0.0876,0.3394,-0.6972,0.6253,2.277,,,,,,,
53,Left,3,0.0000,0.0000,0.0325,0.3817,-0.0331,0.0777,0.9204,2.277,,,,,,,
53,Left,4,0.0000,0.0000,0.0338,0.3060,0.0322,-0.0713,0.9488,2.277,,,,,,,
53,Left,5,-0.0007,0.0010,0.0246,0.0000,0.0000,0.0000,1.0000,2.277,,,,,,,
53,Left,6,0.0165,-0.0130,0.0381,0.0000,0.0000,0.0000,1.0000,2.277,,,,,,,
53,Left,7,0.0070,0.0057,0.0579,0.1823,0.0700,-0.0438,0.9798,2.277,,,,,,,
53,Left,8,0.0000,0.0000,0.0379,0.0278,-0.0065,0.0260,0.9993,2.277,,,,,,,
53,Left,9,0.0000,0.0000,0.0243,-0.0058,-0.0261,0.0164,0.9995,2.277,,,,,,,
53,Left,10,-0.0003,0.0010,0.0224,0.0000,0.0000,0.0000,1.0000,2.277,,,,,,,
53,Left,11,0.0003,-0.0094,0.0359,0.0000,0.0000,0.0000,1.0000,2.277,,,,,,,
53,Left,12,0.0014,0.0069,0.0598,0.2726,-0.0280,0.0143,0.9616,2.277,,,,,,,
53,Left,13,0.0000,0.0000,0.0429,-0.0017,-0.0044,0.0112,0.9999,2.277,,,,,,,
53,Left,14,0.0000,0.0000,0.0275,-0.0321,-0.0020,0.0405,0.9987,2.277,,,,,,,
53,Left,15,-0.0003,0.0011,0.0250,0.0000,0.0000,0.0000,1.0000,2.277,,,,,,,
53,Left,16,-0.0150,-0.0060,0.0348,0.0000,0.0000,0.0000,1.0000,2.277,,,,,,,
53,Left,17,-0.0025,-0.0005,0.0539,0.5153,-0.0681,0.0933,0.8492,2.277,,,,,,,
53,Left,18,0.0000,0.0000,0.0390,0.6644,0.0200,0.0418,0.7460,2.277,,,,,,,
53,Left,19,0.0000,0.0000,0.0266,0.4667,0.0281,0.0260,0.8836,2.277,,,,,,,
53,Left,20,-0.0003,0.0016,0.0243,0.0000,0.0000,0.0000,1.0000,2.277,,,,,,,
53,Left,21,-0.0230,-0.0094,0.0341,0.0183,-0.1403,0.2070,0.9680,2.277,,,,,,,
53,Left,22,0.0000,0.0000,0.0457,0.5482,-0.0681,-0.0396,0.8326,2.277,,,,,,,
53,Left,23,0.0000,0.0000,0.0307,0.6695,-0.0053,0.0875,0.7377,2.277,,,,,,,
53,Left,24,0.0000,0.0000,0.0203,0.4619,0.0433,-0.0022,0.8859,2.277,,,,,,,
53,Left,25,0.0002,0.0012,0.0219,0.0000,0.0000,0.0000,1.0000,2.277,,,,,,,
53,Right,0,-0.0022,-0.0054,0.0653,0.0000,0.0000,0.0000,1.0000,2.277,,,,,,,
53,Right,1,0.0000,0.0000,0.0000,0.0000,0.0000,0.0000,1.0000,2.277,0.3775,-0.2176,-0.2268,0.4096,0.3676,-0.0096,-0.8349
53,Right,2,-0.0284,-0.0187,0.0358,-0.0455,-0.3428,0.6153,0.7084,2.277,,,,,,,
53,Right,3,0.0000,0.0000,0.0325,0.2452,0.0476,-0.0812,0.9649,2.277,,,,,,,
53,Right,4,0.0000,0.0000,0.0338,0.1030,-0.0515,0.0795,0.9902,2.277,,,,,,,
53,Right,5,0.0007,0.0010,0.0246,0.0000,0.0000,0.0000,1.0000,2.277,,,,,,,
53,Right,6,-0.0189,-0.0108,0.0371,0.0000,0.0000,0.0000,1.0000,2.277,,,,,,,
53,Right,7,-0.0047,0.0035,0.0589,0.1332,0.0103,0.0325,0.9905,2.277,,,,,,,
53,Right,8,0.0000,0.0000,0.0379,0.1644,0.0029,-0.0263,0.9860,2.277,,,,,,,
53,Right,9,0.0000,0.0000,0.0243,0.0628,0.0249,-0.0167,0.9976,2.277,,,,,,,
53,Right,10,0.0003,0.0010,0.0224,0.0000,0.0000,0.0000,1.0000,2.277,,,,,,,
53,Right,11,-0.0027,-0.0083,0.0349,0.0000,0.0000,0.0000,1.0000,2.277,,,,,,,
53,Right,12,0.0010,0.0058,0.0607,0.2426,0.0723,-0.0226,0.9672,2.277,,,,,,,
53,Right,13,0.0000,0.0000,0.0429,0.1456,0.0027,-0.0121,0.9893,2.277,,,,,,,
53,Right,14,0.0000,0.0000,0.0275,0.0273,-0.0006,-0.0463,0.9986,2.277,,,,,,,
53,Right,15,0.0003,0.0011,0.0250,0.0000,0.0000,0.0000,1.0000,2.277,,,,,,,
53,Right,16,0.0150,-0.0060,0.0348,0.0000,0.0000,0.0000,1.0000,2.277,,,,,,,
53,Right,17,0.0025,-0.0005,0.0539,0.2519,0.1130,-0.0762,0.9581,2.277,,,,,,,
53,Right,18,0.0000,0.0000,0.0390,0.1626,-0.0025,-0.0372,0.9860,2.277,,,,,,,
53,Right,19,0.0000,0.0000,0.0266,0.0799,-0.0296,-0.0084,0.9963,2.277,,,,,,,
53,Right,20,0.0003,0.0016,0.0243,0.0000,0.0000,0.0000,1.0000,2.277,,,,,,,
53,Right,21,0.0230,-0.0094,0.0341,0.0183,0.1403,-0.2070,0.9680,2.277,,,,,,,
53,Right,22,0.0000,0.0000,0.0457,0.1459,0.0443,0.0801,0.9851,2.277,,,,,,,
53,Right,23,0.0000,0.0000,0.0307,0.2119,0.0332,-0.0565,0.9751,2.277,,,,,,,
53,Right,24,0.0000,0.0000,0.0203,0.0492,-0.0491,0.0009,0.9976,2.277,,,,,,,
53,Right,25,-0.0002,0.0012,0.0219,0.0000,0.0000,0.0000,1.0000,2.277,,,,,,,
54,Left,0,0.0010,-0.0060,0.0658,0.0000,0.0000,0.0000,1.0000,2.319,,,,,,,
54,Left,1,0.0000,0.0000,0.0000,0.0000,0.0000,0.0000,1.0000,2.319,-0.0045,-0.1932,-0.2137,-0.4436,-0.0562,-0.0655,0.8921
54,Left,2,0.0236,-0.0232,0.0377,0.0888,0.3392,-0.6978,0.6246,2.319,,,,,,,
54,Left,3,0.0000,0.0000,0.0325,0.3820,-0.0330,0.0777,0.9203,2.319,,,,,,,
54,Left,4,0.0000,0.0000,0.0338,0.3067,0.0321,-0.0713,0.9486,2.319,,,,,,,
54,Left,5,-0.0007,0.0010,0.0246,0.0000,0.0000,0.0000,1.0000,2.319,,,,,,,
54,Left,6,0.0165,-0.0131,0.0381,0.0000,0.0000,0.0000,1.0000,2.319,,,,,,,
54,Left,7,0.0071,0.0057,0.0579,0.1733,0.0704,-0.0429,0.9814,2.319,,,,,,,
54,Left,8,0.0000,0.0000,0.0379,0.0260,-0.0065,0.0260,0.9993,2.319,,,,,,,
54,Left,9,0.0000,0.0000,0.0243,-0.0065,-0.0261,0.0164,0.9995,2.319,,,,,,,
54,Left,10,-0.0003,0.0010,0.0224,0.0000,0.0000,0.0000,1.0000,2.319,,,,,,,
54,Left,11,0.0003,-0.0094,0.0359,0.0000,0.0000,0.0000,1.0000,2.319,,,,,,,
54,Left,12,0.0014,0.0069,0.0598,0.2571,-0.0286,0.0140,0.9658,2.319,,,,,,,
54,Left,13,0.0000,0.0000,0.0429,-0.0017,-0.0044,0.0112,0.9999,2.319,,,,,,,
54,Left,14,0.0000,0.0000,0.0275,-0.0328,-0.0020,0.0404,0.9986,2.319,,,,,,,
54,Left,15,-0.0003,0.0011,0.0250,0.0000,0.0000,0.0000,1.0000,2.319,,,,,,,
54,Left,16,-0.0150,-0.0060,0.0348,0.0000,0.0000,0.0000,1.0000,2.319,,,,,,,
54,Left,17,-0.0025,-0.0005,0.0539,0.5144,-0.0676,0.0930,0.8498,2.319,,,,,,,
54,Left,18,0.0000,0.0000,0.0390,0.6644,0.0200,0.0418,0.7459,2.319,,,,,,,
54,Left,19,0.0000,0.0000,0.0266,0.4661,0.0281,0.0260,0.8839,2.319,,,,,,,
54,Left,20,-0.0003,0.0016,0.0243,0.0000,0.0000,0.0000,1.0000,2.319,,,,,,,
54,Left,21,-0.0230,-0.0094,0.0341,0.0183,-0.1403,0.2070,0.9680,2.319,,,,,,,
54,Left,22,0.0000,0.0000,0.0457,0.5489,-0.0673,-0.0401,0.8322,2.319,,,,,,,
54,Left,23,0.0000,0.0000,0.0307,0.6692,-0.0054,0.0874,0.7379,2.319,,,,,,,
54,Left,24,0.0000,0.0000,0.0203,0.4615,0.0433,-0.0022,0.8861,2.319,,,,,,,
54,Left,25,0.0002,0.0012,0.0219,0.0000,0.0000,0.0000,1.0000,2.319,,,,,,,
54,Right,0,-0.0022,-0.0054,0.0653,0.0000,0.0000,0.0000,1.0000,2.319,,,,,,,
54,Right,1,0.0000,0.0000,0.0000,0.0000,0.0000,0.0000,1.0000,2.319,0.3770,-0.2179,-0.2270,0.4107,0.3672,-0.0141,-0.8344
54,Right,2,-0.0285,-0.0186,0.0357,-0.0491,-0.3427,0.6126,0.7106,2.319,,,,,,,
54,Right,3,0.0000,0.0000,0.0325,0.2462,0.0475,-0.0812,0.9647,2.319,,,,,,,
54,Right,4,0.0000,0.0000,0.0338,0.1033,-0.0515,0.0795,0.9901,2.319,,,,,,,
54,Right,5,0.0007,0.0010,0.0246,0.0000,0.0000,0.0000,1.0000,2.319,,,,,,,
54,Right,6,-0.0190,-0.0108,0.0370,0.0000,0.0000,0.0000,1.0000,2.319,,,,,,,
54,Right,7,-0.0046,0.0034,0.0589,0.1330,0.0105,0.0325,0.9905,2.319,,,,,,,
54,Right,8,0.0000,0.0000,0.0379,0.1637,0.0029,-0.0263,0.9861,2.319,,,,,,,
54,Right,9,0.0000,0.0000,0.0243,0.0627,0.0249,-0.0167,0.9976,2.319,,,,,,,
54,Right,10,0.0003,0.0010,0.0224,0.0000,0.0000,0.0000,1.0000,2.319,,,,,,,
54,Right,11,-0.0027,-0.0083,0.0349,0.0000,0.0000,0.0000,1.0000,2.319,,,,,,,
54,Right,12,0.0010,0.0057,0.0608,0.2469,0.0716,-0.0227,0.9661,2.319,,,,,,,
54,Right,13,0.0000,0.0000,0.0429,0.1448,0.0027,-0.0121,0.9894,2.319,,,,,,,
54,Right,14,0.0000,0.0000,0.0275,0.0272,-0.0006,-0.0463,0.9986,2.319,,,,,,,
54,Right,15,0.0003,0.0011,0.0250,0.0000,0.0000,0.0000,1.0000,2.319,,,,,,,
54,Right,16,0.0150,-0.0060,0.0348,0.0000,0.0000,0.0000,1.0000,2.319,,,,,,,
54,Right,17,0.0025,-0.0005,0.0539,0.2530,0.1123,-0.0762,0.9579,2.319,,,,,,,
54,Right,18,0.0000,0.0000,0.0390,0.1617,-0.0025,-0.0371,0.9861,2.319,,,,,,,
54,Right,19,0.0000,0.0000,0.0266,0.0796,-0.0296,-0.0084,0.9964,2.319,,,,,,,
54,Right,20,0.0003,0.0016,0.0243,0.0000,0.0000,0.0000,1.0000,2.319,,,,,,,
54,Right,21,0.0230,-0.0094,0.0341,0.0183,0.1403,-0.2070,0.9680,2.319,,,,,,,
54,Right,22,0.0000,0.0000,0.0457,0.1446,0.0437,0.0802,0.9853,2.319,,,,,,,
54,Right,23,0.0000,0.0000,0.0307,0.2104,0.0333,-0.0564,0.9754,2.319,,,,,,,
54,Right,24,0.0000,0.0000,0.0203,0.0484,-0.0491,0.0009,0.9976,2.319,,,,,,,
54,Right,25,-0.0002,0.0012,0.0219,0.0000,0.0000,0.0000,1.0000,2.319,,,,,,,
55,Left,0,0.0010,-0.0060,0.0658,0.0000,0.0000,0.0000,1.0000,2.360,,,,,,,
55,Left,1,0.0000,0.0000,0.0000,0.0000,0.0000,0.0000,1.0000,2.360,-0.0026,-0.1993,-0.2230,-0.4416,-0.0570,-0.0659,0.8930
55,Left,2,0.0235,-0.0232,0.0377,0.0900,0.3395,-0.6983,0.6238,2.360,,,,,,,
55,Left,3,0.0000,0.0000,0.0325,0.3822,-0.0330,0.0777,0.9202,2.360,,,,,,,
55,Left,4,0.0000,0.0000,0.0338,0.3070,0.0321,-0.0712,0.9485,2.360,,,,,,,
55,Left,5,-0.0007,0.0010,0.0246,0.0000,0.0000,0.0000,1.0000,2.360,,,,,,,
55,Left,6,0.0165,-0.0131,0.0381,0.0000,0.0000,0.0000,1.0000,2.360,,,,,,,
55,Left,7,0.0071,0.0058,0.0579,0.1645,0.0705,-0.0419,0.9830,2.360,,,,,,,
55,Left,8,0.0000,0.0000,0.0379,0.0234,-0.0066,0.0259,0.9994,2.360,,,,,,,
55,Left,9,0.0000,0.0000,0.0243,-0.0071,-0.0261,0.0164,0.9995,2.360,,,,,,,
55,Left,10,-0.0003,0.0010,0.0224,0.0000,0.0000,0.0000,1.0000,2.360,,,,,,,
55,Left,11,0.0003,-0.0094,0.0359,0.0000,0.0000,0.0000,1.0000,2.360,,,,,,,
55,Left,12,0.0015,0.0069,0.0597,0.2461,-0.0292,0.0139,0.9687,2.360,,,,,,,
55,Left,13,0.0000,0.0000,0.0429,-0.0018,-0.0044,0.0112,0.9999,2.360,,,,,,,
55,Left,14,0.0000,0.0000,0.0275,-0.0329,-0.0020,0.0404,0.9986,2.360,,,,,,,
55,Left,15,-0.0003,0.0011,0.0250,0.0000,0.0000,0.0000,1.0000,2.360,,,,,,,
55,Left,16,-0.0150,-0.0060,0.0348,0.0000,0.0000,0.0000,1.0000,2.360,,,,,,,
55,Left,17,-0.0025,-0.0005,0.0539,0.5094,-0.0677,0.0924,0.8529,2.360,,,,,,,
55,Left,18,0.0000,0.0000,0.0390,0.6638,0.0200,0.0418,0.7464,2.360,,,,,,,
55,Left,19,0.0000,0.0000,0.0266,0.4650,0.0281,0.0259,0.8845,2.360,,,,,,,
55,Left,20,-0.0003,0.0016,0.0243,0.0000,0.0000,0.0000,1.0000,2.360,,,,,,,
55,Left,21,-0.0230,-0.0094,0.0341,0.0183,-0.1403,0.2070,0.9680,2.360,,,,,,,
55,Left,22,0.0000,0.0000,0.0457,0.5491,-0.0664,-0.0407,0.8321,2.360,,,,,,,
55,Left,23,0.0000,0.0000,0.0307,0.6682,-0.0054,0.0874,0.7388,2.360,,,,,,,
55,Left,24,0.0000,0.0000,0.0203,0.4605,0.0433,-0.0022,0.8866,2.360,,,,,,,
55,Left,25,0.0002,0.0012,0.0219,0.0000,0.0000,0.0000,1.0000,2.360,,,,,,,
55,Right,0,-0.0023,-0.0054,0.0652,0.0000,0.0000,0.0000,1.0000,2.360,,,,,,,
55,Right,1,0.0000,0.0000,0.0000,0.0000,0.0000,0.0000,1.0000,2.360,0.3747,-0.2178,-0.2281,0.4103,0.3667,-0.0160,-0.8348
55,Right,2,-0.0287,-0.0183,0.0356,-0.0541,-0.3444,0.6079,0.7134,2.360,,,,,,,
55,Right,3,0.0000,0.0000,0.0325,0.2472,0.0474,-0.0812,0.9644,2.360,,,,,,,
55,Right,4,0.0000,0.0000,0.0338,0.1033,-0.0515,0.0795,0.9901,2.360,,,,,,,
55,Right,5,0.0007,0.0010,0.0246,0.0000,0.0000,0.0000,1.0000,2.360,,,,,,,
55,Right,6,-0.0191,-0.0106,0.0370,0.0000,0.0000,0.0000,1.0000,2.360,,,,,,,
55,Right,7,-0.0045,0.0033,0.0590,0.1330,0.0103,0.0325,0.9905,2.360,,,,,,,
55,Right,8,0.0000,0.0000,0.0379,0.1636,0.0029,-0.0263,0.9862,2.360,,,,,,,
55,Right,9,0.0000,0.0000,0.0243,0.0630,0.0249,-0.0167,0.9976,2.360,,,,,,,
55,Right,10,0.0003,0.0010,0.0224,0.0000,0.0000,0.0000,1.0000,2.360,,,,,,,
55,Right,11,-0.0028,-0.0082,0.0348,0.0000,0.0000,0.0000,1.0000,2.360,,,,,,,
55,Right,12,0.0011,0.0057,0.0608,0.2499,0.0706,-0.0227,0.9654,2.360,,,,,,,
55,Right,13,0.0000,0.0000,0.0429,0.1442,0.0027,-0.0121,0.9895,2.360,,,,,,,
55,Right,14,0.0000,0.0000,0.0275,0.0273,-0.0006,-0.0463,0.9986,2.360,,,,,,,
55,Right,15,0.0003,0.0011,0.0250,0.0000,0.0000,0.0000,1.0000,2.360,,,,,,,
55,Right,16,0.0150,-0.0060,0.0348,0.0000,0.0000,0.0000,1.0000,2.360,,,,,,,
55,Right,17,0.0025,-0.0005,0.0539,0.2541,0.1121,-0.0763,0.9576,2.360,,,,,,,
55,Right,18,0.0000,0.0000,0.0390,0.1607,-0.0024,-0.0371,0.9863,2.360,,,,,,,
55,Right,19,0.0000,0.0000,0.0266,0.0794,-0.0296,-0.0084,0.9964,2.360,,,,,,,
55,Right,20,0.0003,0.0016,0.0243,0.0000,0.0000,0.0000,1.0000,2.360,,,,,,,
55,Right,21,0.0230,-0.0094,0.0341,0.0183,0.1403,-0.2070,0.9680,2.360,,,,,,,
55,Right,22,0.0000,0.0000,0.0457,0.1443,0.0433,0.0803,0.9853,2.360,,,,,,,
55,Right,23,0.0000,0.0000,0.0307,0.2089,0.0333,-0.0563,0.9758,2.360,,,,,,,
55,Right,24,0.0000,0.0000,0.0203,0.0475,-0.0491,0.0009,0.9977,2.360,,,,,,,
55,Right,25,-0.0002,0.0012,0.0219,0.0000,0.0000,0.0000,1.0000,2.360,,,,,,,
56,Left,0,0.0010,-0.0060,0.0658,0.0000,0.0000,0.0000,1.0000,2.402,,,,,,,
56,Left,1,0.0000,0.0000,0.0000,0.0000,0.0000,0.0000,1.0000,2.402,-0.0031,-0.2058,-0.2198,-0.4434,-0.0563,-0.0668,0.8920
56,Left,2,0.0235,-0.0232,0.0377,0.0901,0.3394,-0.6983,0.6237,2.402,,,,,,,
56,Left,3,0.0000,0.0000,0.0325,0.3817,-0.0331,0.0777,0.9204,2.402,,,,,,,
56,Left,4,0.0000,0.0000,0.0338,0.3074,0.0321,-0.0712,0.9484,2.402,,,,,,,
56,Left,5,-0.0007,0.0010,0.0246,0.0000,0.0000,0.0000,1.0000,2.402,,,,,,,
56,Left,6,0.0165,-0.0131,0.0381,0.0000,0.0000,0.0000,1.0000,2.402,,,,,,,
56,Left,7,0.0071,0.0058,0.0579,0.1627,0.0652,-0.0412,0.9837,2.402,,,,,,,
56,Left,8,0.0000,0.0000,0.0379,0.0230,-0.0066,0.0259,0.9994,2.402,,,,,,,
56,Left,9,0.0000,0.0000,0.0243,-0.0077,-0.0262,0.0164,0.9995,2.402,,,,,,,
56,Left,10,-0.0003,0.0010,0.0224,0.0000,0.0000,0.0000,1.0000,2.402,,,,,,,
56,Left,11,0.0003,-0.0094,0.0359,0.0000,0.0000,0.0000,1.0000,2.402,,,,,,,
56,Left,12,0.0015,0.0069,0.0597,0.2402,-0.0301,0.0139,0.9702,2.402,,,,,,,
56,Left,13,0.0000,0.0000,0.0429,-0.0018,-0.0044,0.0112,0.9999,2.402,,,,,,,
56,Left,14,0.0000,0.0000,0.0275,-0.0325,-0.0020,0.0404,0.9987,2.402,,,,,,,
56,Left,15,-0.0003,0.0011,0.0250,0.0000,0.0000,0.0000,1.0000,2.402,,,,,,,
56,Left,16,-0.0150,-0.0060,0.0348,0.0000,0.0000,0.0000,1.0000,2.402,,,,,,,
56,Left,17,-0.0025,-0.0005,0.0539,0.5004,-0.0685,0.0916,0.8582,2.402,,,,,,,
56,Left,18,0.0000,0.0000,0.0390,0.6627,0.0200,0.0418,0.7474,2.402,,,,,,,
56,Left,19,0.0000,0.0000,0.0266,0.4599,0.0282,0.0257,0.8872,2.402,,,,,,,
56,Left,20,-0.0003,0.0016,0.0243,0.0000,0.0000,0.0000,1.0000,2.402,,,,,,,
56,Left,21,-0.0230,-0.0094,0.0341,0.0183,-0.1403,0.2070,0.9680,2.402,,,,,,,
56,Left,22,0.0000,0.0000,0.0457,0.5479,-0.0652,-0.0415,0.8330,2.402,,,,,,,
56,Left,23,0.0000,0.0000,0.0307,0.6671,-0.0055,0.0873,0.7398,2.402,,,,,,,
56,Left,24,0.0000,0.0000,0.0203,0.4593,0.0433,-0.0022,0.8872,2.402,,,,,,,
56,Left,25,0.0002,0.0012,0.0219,0.0000,0.0000,0.0000,1.0000,2.402,,,,,,,
56,Right,0,-0.0023,-0.0054,0.0652,0.0000,0.0000,0.0000,1.0000,2.402,,,,,,,
56,Right,1,0.0000,0.0000,0.0000,0.0000,0.0000,0.0000,1.0000,2.402,0.3732,-0.2178,-0.2291,0.4102,0.3677,-0.0181,-0.8344
56,Right,2,-0.0288,-0.0182,0.0355,-0.0565,-0.3448,0.6059,0.7147,2.402,,,,,,,
56,Right,3,0.0000,0.0000,0.0325,0.2484,0.0473,-0.0811,0.9641,2.402,,,,,,,
56,Right,4,0.0000,0.0000,0.0338,0.1038,-0.0515,0.0795,0.9901,2.402,,,,,,,
56,Right,5,0.0007,0.0010,0.0246,0.0000,0.0000,0.0000,1.0000,2.402,,,,,,,
56,Right,6,-0.0191,-0.0106,0.0370,0.0000,0.0000,0.0000,1.0000,2.402,,,,,,,
56,Right,7,-0.0045,0.0033,0.0590,0.1331,0.0101,0.0326,0.9905,2.402,,,,,,,
56,Right,8,0.0000,0.0000,0.0379,0.1641,0.0029,-0.0263,0.9861,2.402,,,,,,,
56,Right,9,0.0000,0.0000,0.0243,0.0635,0.0249,-0.0167,0.9975,2.402,,,,,,,
56,Right,10,0.0003,0.0010,0.0224,0.0000,0.0000,0.0000,1.0000,2.402,,,,,,,
56,Right,11,-0.0029,-0.0082,0.0348,0.0000,0.0000,0.0000,1.0000,2.402,,,,,,,
56,Right,12,0.0012,0.0056,0.0608,0.2533,0.0698,-0.0228,0.9646,2.402,,,,,,,
56,Right,13,0.0000,0.0000,0.0429,0.1444,0.0027,-0.0121,0.9894,2.402,,,,,,,
56,Right,14,0.0000,0.0000,0.0275,0.0278,-0.0007,-0.0463,0.9985,2.402,,,,,,,
56,Right,15,0.0003,0.0011,0.0250,0.0000,0.0000,0.0000,1.0000,2.402,,,,,,,
56,Right,16,0.0150,-0.0060,0.0348,0.0000,0.0000,0.0000,1.0000,2.402,,,,,,,
56,Right,17,0.0025,-0.0005,0.0539,0.2556,0.1118,-0.0764,0.9573,2.402,,,,,,,
56,Right,18,0.0000,0.0000,0.0390,0.1604,-0.0024,-0.0371,0.9864,2.402,,,,,,,
56,Right,19,0.0000,0.0000,0.0266,0.0796,-0.0296,-0.0084,0.9964,2.402,,,,,,,
56,Right,20,0.0003,0.0016,0.0243,0.0000,0.0000,0.0000,1.0000,2.402,,,,,,,
56,Right,21,0.0230,-0.0094,0.0341,0.0183,0.1403,-0.2070,0.9680,2.402,,,,,,,
56,Right,22,0.0000,0.0000,0.0457,0.1448,0.0435,0.0803,0.9852,2.402,,,,,,,
56,Right,23,0.0000,0.0000,0.0307,0.2083,0.0334,-0.0562,0.9759,2.402,,,,,,,
56,Right,24,0.0000,0.0000,0.0203,0.0470,-0.0491,0.0009,0.9977,2.402,,,,,,,
56,Right,25,-0.0002,0.0012,0.0219,0.0000,0.0000,0.0000,1.0000,2.402,,,,,,,
57,Left,0,0.0010,-0.0060,0.0658,0.0000,0.0000,0.0000,1.0000,2.444,,,,,,,
57,Left,1,0.0000,0.0000,0.0000,0.0000,0.0000,0.0000,1.0000,2.444,-0.0040,-0.2121,-0.2159,-0.4438,-0.0564,-0.0668,0.8918
57,Left,2,0.0235,-0.0232,0.0377,0.0908,0.3394,-0.6987,0.6233,2.444,,,,,,,
57,Left,3,0.0000,0.0000,0.0325,0.3821,-0.0330,0.0777,0.9203,2.444,,,,,,,
57,Left,4,0.0000,0.0000,0.0338,0.3073,0.0321,-0.0712,0.9484,2.444,,,,,,,
57,Left,5,-0.0007,0.0010,0.0246,0.0000,0.0000,0.0000,1.0000,2.444,,,,,,,
57,Left,6,0.0165,-0.0131,0.0381,0.0000,0.0000,0.0000,1.0000,2.444,,,,,,,
57,Left,7,0.0071,0.0058,0.0579,0.1579,0.0646,-0.0406,0.9845,2.444,,,,,,,
57,Left,8,0.0000,0.0000,0.0379,0.0236,-0.0066,0.0260,0.9994,2.444,,,,,,,
57,Left,9,0.0000,0.0000,0.0243,-0.0080,-0.0262,0.0164,0.9995,2.444,,,,,,,
57,Left,10,-0.0003,0.0010,0.0224,0.0000,0.0000,0.0000,1.0000,2.444,,,,,,,
57,Left,11,0.0003,-0.0094,0.0359,0.0000,0.0000,0.0000,1.0000,2.444,,,,,,,
57,Left,12,0.0015,0.0069,0.0597,0.2246,-0.0298,0.0134,0.9739,2.444,,,,,,,
57,Left,13,0.0000,0.0000,0.0429,-0.0018,-0.0044,0.0112,0.9999,2.444,,,,,,,
57,Left,14,0.0000,0.0000,0.0275,-0.0325,-0.0020,0.0404,0.9987,2.444,,,,,,,
57,Left,15,-0.0003,0.0011,0.0250,0.0000,0.0000,0.0000,1.0000,2.444,,,,,,,
57,Left,16,-0.0150,-0.0060,0.0348,0.0000,0.0000,0.0000,1.0000,2.444,,,,,,,
57,Left,17,-0.0025,-0.0005,0.0539,0.4932,-0.0687,0.0908,0.8624,2.444,,,,,,,
57,Left,18,0.0000,0.0000,0.0390,0.6617,0.0199,0.0418,0.7483,2.444,,,,,,,
57,Left,19,0.0000,0.0000,0.0266,0.4539,0.0282,0.0254,0.8903,2.444,,,,,,,
57,Left,20,-0.0003,0.0016,0.0243,0.0000,0.0000,0.0000,1.0000,2.444,,,,,,,
57,Left,21,-0.0230,-0.0094,0.0341,0.0183,-0.1403,0.2070,0.9680,2.444,,,,,,,
57,Left,22,0.0000,0.0000,0.0457,0.5433,-0.0620,-0.0440,0.8361,2.444,,,,,,,
57,Left,23,0.0000,0.0000,0.0307,0.6669,-0.0055,0.0873,0.7400,2.444,,,,,,,
57,Left,24,0.0000,0.0000,0.0203,0.4583,0.0434,-0.0022,0.8878,2.444,,,,,,,
57,Left,25,0.0002,0.0012,0.0219,0.0000,0.0000,0.0000,1.0000,2.444,,,,,,,
57,Right,0,-0.0023,-0.0054,0.0652,0.0000,0.0000,0.0000,1.0000,2.444,,,,,,,
57,Right,1,0.0000,0.0000,0.0000,0.0000,0.0000,0.0000,1.0000,2.444,0.3724,-0.2183,-0.2286,0.4112,0.3703,-0.0206,-0.8327
57,Right,2,-0.0288,-0.0182,0.0355,-0.0577,-0.3452,0.6047,0.7154,2.444,,,,,,,
57,Right,3,0.0000,0.0000,0.0325,0.2496,0.0472,-0.0811,0.9638,2.444,,,,,,,
57,Right,4,0.0000,0.0000,0.0338,0.1051,-0.0513,0.0794,0.9900,2.444,,,,,,,
57,Right,5,0.0007,0.0010,0.0246,0.0000,0.0000,0.0000,1.0000,2.444,,,,,,,
57,Right,6,-0.0191,-0.0105,0.0369,0.0000,0.0000,0.0000,1.0000,2.444,,,,,,,
57,Right,7,-0.0044,0.0032,0.0590,0.1326,0.0103,0.0325,0.9906,2.444,,,,,,,
57,Right,8,0.0000,0.0000,0.0379,0.1648,0.0028,-0.0263,0.9860,2.444,,,,,,,
57,Right,9,0.0000,0.0000,0.0243,0.0643,0.0249,-0.0167,0.9975,2.444,,,,,,,
57,Right,10,0.0003,0.0010,0.0224,0.0000,0.0000,0.0000,1.0000,2.444,,,,,,,
57,Right,11,-0.0029,-0.0082,0.0348,0.0000,0.0000,0.0000,1.0000,2.444,,,,,,,
57,Right,12,0.0012,0.0056,0.0609,0.2549,0.0694,-0.0228,0.9642,2.444,,,,,,,
57,Right,13,0.0000,0.0000,0.0429,0.1435,0.0027,-0.0120,0.9896,2.444,,,,,,,
57,Right,14,0.0000,0.0000,0.0275,0.0277,-0.0007,-0.0463,0.9985,2.444,,,,,,,
57,Right,15,0.0003,0.0011,0.0250,0.0000,0.0000,0.0000,1.0000,2.444,,,,,,,
57,Right,16,0.0150,-0.0060,0.0348,0.0000,0.0000,0.0000,1.0000,2.444,,,,,,,
57,Right,17,0.0025,-0.0005,0.0539,0.2562,0.1114,-0.0764,0.9571,2.444,,,,,,,
57,Right,18,0.0000,0.0000,0.0390,0.1589,-0.0024,-0.0371,0.9866,2.444,,,,,,,
57,Right,19,0.0000,0.0000,0.0266,0.0792,-0.0296,-0.0084,0.9964,2.444,,,,,,,
57,Right,20,0.0003,0.0016,0.0243,0.0000,0.0000,0.0000,1.0000,2.444,,,,,,,
57,Right,21,0.0230,-0.0094,0.0341,0.0183,0.1403,-0.2070,0.9680,2.444,,,,,,,
57,Right,22,0.0000,0.0000,0.0457,0.1446,0.0439,0.0802,0.9853,2.444,,,,,,,
57,Right,23,0.0000,0.0000,0.0307,0.2072,0.0334,-0.0561,0.9761,2.444,,,,,,,
57,Right,24,0.0000,0.0000,0.0203,0.0464,-0.0491,0.0009,0.9977,2.444,,,,,,,
57,Right,25,-0.0002,0.0012,0.0219,0.0000,0.0000,0.0000,1.0000,2.444,,,,,,,
58,Left,0,0.0010,-0.0060,0.0658,0.0000,0.0000,0.0000,1.0000,2.486,,,,,,,
58,Left,1,0.0000,0.0000,0.0000,0.0000,0.0000,0.0000,1.0000,2.486,-0.0031,-0.2200,-0.2169,-0.4463,-0.0556,-0.0599,0.8911
58,Left,2,0.0235,-0.0232,0.0377,0.0902,0.3390,-0.6986,0.6236,2.486,,,,,,,
58,Left,3,0.0000,0.0000,0.0325,0.3823,-0.0330,0.0777,0.9202,2.486,,,,,,,
58,Left,4,0.0000,0.0000,0.0338,0.3072,0.0321,-0.0712,0.9484,2.486,,,,,,,
58,Left,5,-0.0007,0.0010,0.0246,0.0000,0.0000,0.0000,1.0000,2.486,,,,,,,
58,Left,6,0.0165,-0.0131,0.0381,0.0000,0.0000,0.0000,1.0000,2.486,,,,,,,
58,Left,7,0.0071,0.0058,0.0579,0.1520,0.0638,-0.0400,0.9855,2.486,,,,,,,
58,Left,8,0.0000,0.0000,0.0379,0.0239,-0.0066,0.0260,0.9994,2.486,,,,,,,
58,Left,9,0.0000,0.0000,0.0243,-0.0087,-0.0262,0.0164,0.9995,2.486,,,,,,,
58,Left,10,-0.0003,0.0010,0.0224,0.0000,0.0000,0.0000,1.0000,2.486,,,,,,,
58,Left,11,0.0003,-0.0094,0.0359,0.0000,0.0000,0.0000,1.0000,2.486,,,,,,,
58,Left,12,0.0015,0.0069,0.0597,0.2237,-0.0300,0.0134,0.9741,2.486,,,,,,,
58,Left,13,0.0000,0.0000,0.0429,-0.0018,-0.0044,0.0112,0.9999,2.486,,,,,,,
58,Left,14,0.0000,0.0000,0.0275,-0.0327,-0.0020,0.0404,0.9986,2.486,,,,,,,
58,Left,15,-0.0003,0.0011,0.0250,0.0000,0.0000,0.0000,1.0000,2.486,,,,,,,
58,Left,16,-0.0150,-0.0060,0.0348,0.0000,0.0000,0.0000,1.0000,2.486,,,,,,,
58,Left,17,-0.0025,-0.0005,0.0539,0.4883,-0.0687,0.0902,0.8653,2.486,,,,,,,
58,Left,18,0.0000,0.0000,0.0390,0.6612,0.0199,0.0418,0.7488,2.486,,,,,,,
58,Left,19,0.0000,0.0000,0.0266,0.4524,0.0282,0.0254,0.8910,2.486,,,,,,,
58,Left,20,-0.0003,0.0016,0.0243,0.0000,0.0000,0.0000,1.0000,2.486,,,,,,,
58,Left,21,-0.0230,-0.0094,0.0341,0.0183,-0.1403,0.2070,0.9680,2.486,,,,,,,
58,Left,22,0.0000,0.0000,0.0457,0.5389,-0.0605,-0.0452,0.8390,2.486,,,,,,,
58,Left,23,0.0000,0.0000,0.0307,0.6669,-0.0055,0.0873,0.7399,2.486,,,,,,,
58,Left,24,0.0000,0.0000,0.0203,0.4574,0.0434,-0.0022,0.8882,2.486,,,,,,,
58,Left,25,0.0002,0.0012,0.0219,0.0000,0.0000,0.0000,1.0000,2.486,,,,,,,
58,Right,0,-0.0023,-0.0053,0.0652,0.0000,0.0000,0.0000,1.0000,2.486,,,,,,,
58,Right,1,0.0000,0.0000,0.0000,0.0000,0.0000,0.0000,1.0000,2.486,0.3716,-0.2189,-0.2283,0.4141,0.3769,-0.0253,-0.8282
58,Right,2,-0.0289,-0.0181,0.0355,-0.0593,-0.3449,0.6036,0.7164,2.486,,,,,,,
58,Right,3,0.0000,0.0000,0.0325,0.2516,0.0470,-0.0811,0.9633,2.486,,,,,,,
58,Right,4,0.0000,0.0000,0.0338,0.1067,-0.0512,0.0794,0.9898,2.486,,,,,,,
58,Right,5,0.0007,0.0010,0.0246,0.0000,0.0000,0.0000,1.0000,2.486,,,,,,,
58,Right,6,-0.0191,-0.0105,0.0369,0.0000,0.0000,0.0000,1.0000,2.486,,,,,,,
58,Right,7,-0.0044,0.0032,0.0591,0.1317,0.0096,0.0326,0.9907,2.486,,,,,,,
58,Right,8,0.0000,0.0000,0.0379,0.1648,0.0028,-0.0263,0.9860,2.486,,,,,,,
58,Right,9,0.0000,0.0000,0.0243,0.0644,0.0249,-0.0167,0.9975,2.486,,,,,,,
58,Right,10,0.0003,0.0010,0.0224,0.0000,0.0000,0.0000,1.0000,2.486,,,,,,,
58,Right,11,-0.0029,-0.0082,0.0348,0.0000,0.0000,0.0000,1.0000,2.486,,,,,,,
58,Right,12,0.0012,0.0056,0.0609,0.2577,0.0689,-0.0229,0.9635,2.486,,,,,,,
58,Right,13,0.0000,0.0000,0.0429,0.1430,0.0027,-0.0120,0.9896,2.486,,,,,,,
58,Right,14,0.0000,0.0000,0.0275,0.0277,-0.0007,-0.0463,0.9985,2.486,,,,,,,
58,Right,15,0.0003,0.0011,0.0250,0.0000,0.0000,0.0000,1.0000,2.486,,,,,,,
58,Right,16,0.0150,-0.0060,0.0348,0.0000,0.0000,0.0000,1.0000,2.486,,,,,,,
58,Right,17,0.0025,-0.0005,0.0539,0.2578,0.1109,-0.0765,0.9567,2.486,,,,,,,
58,Right,18,0.0000,0.0000,0.0390,0.1582,-0.0024,-0.0371,0.9867,2.486,,,,,,,
58,Right,19,0.0000,0.0000,0.0266,0.0792,-0.0296,-0.0084,0.9964,2.486,,,,,,,
58,Right,20,0.0003,0.0016,0.0243,0.0000,0.0000,0.0000,1.0000,2.486,,,,,,,
58,Right,21,0.0230,-0.0094,0.0341,0.0183,0.1403,-0.2070,0.9680,2.486,,,,,,,
58,Right,22,0.0000,0.0000,0.0457,0.1454,0.0445,0.0801,0.9851,2.486,,,,,,,
58,Right,23,0.0000,0.0000,0.0307,0.2069,0.0334,-0.0561,0.9762,2.486,,,,,,,
58,Right,24,0.0000,0.0000,0.0203,0.0461,-0.0491,0.0009,0.9977,2.486,,,,,,,
58,Right,25,-0.0002,0.0012,0.0219,0.0000,0.0000,0.0000,1.0000,2.486,,,,,,,
59,Left,0,0.0010,-0.0060,0.0658,0.0000,0.0000,0.0000,1.0000,2.527,,,,,,,
59,Left,1,0.0000,0.0000,0.0000,0.0000,0.0000,0.0000,1.0000,2.527,-0.0041,-0.2287,-0.2149,-0.4495,-0.0565,-0.0503,0.8901
59,Left,2,0.0236,-0.0232,0.0377,0.0895,0.3395,-0.6980,0.6241,2.527,,,,,,,
59,Left,3,0.0000,0.0000,0.0325,0.3837,-0.0328,0.0777,0.9196,2.527,,,,,,,
59,Left,4,0.0000,0.0000,0.0338,0.3071,0.0321,-0.0712,0.9485,2.527,,,,,,,
59,Left,5,-0.0007,0.0010,0.0246,0.0000,0.0000,0.0000,1.0000,2.527,,,,,,,
59,Left,6,0.0165,-0.0131,0.0381,0.0000,0.0000,0.0000,1.0000,2.527,,,,,,,
59,Left,7,0.0071,0.0057,0.0579,0.1519,0.0631,-0.0399,0.9856,2.527,,,,,,,
59,Left,8,0.0000,0.0000,0.0379,0.0244,-0.0066,0.0260,0.9993,2.527,,,,,,,
59,Left,9,0.0000,0.0000,0.0243,-0.0094,-0.0262,0.0164,0.9995,2.527,,,,,,,
59,Left,10,-0.0003,0.0010,0.0224,0.0000,0.0000,0.0000,1.0000,2.527,,,,,,,
59,Left,11,0.0003,-0.0094,0.0359,0.0000,0.0000,0.0000,1.0000,2.527,,,,,,,
59,Left,12,0.0014,0.0069,0.0597,0.2231,-0.0298,0.0133,0.9743,2.527,,,,,,,
59,Left,13,0.0000,0.0000,0.0429,-0.0018,-0.0044,0.0112,0.9999,2.527,,,,,,,
59,Left,14,0.0000,0.0000,0.0275,-0.0331,-0.0020,0.0404,0.9986,2.527,,,,,,,
59,Left,15,-0.0003,0.0011,0.0250,0.0000,0.0000,0.0000,1.0000,2.527,,,,,,,
59,Left,16,-0.0150,-0.0060,0.0348,0.0000,0.0000,0.0000,1.0000,2.527,,,,,,,
59,Left,17,-0.0025,-0.0005,0.0539,0.4820,-0.0687,0.0894,0.8689,2.527,,,,,,,
59,Left,18,0.0000,0.0000,0.0390,0.6608,0.0199,0.0418,0.7491,2.527,,,,,,,
59,Left,19,0.0000,0.0000,0.0266,0.4511,0.0282,0.0253,0.8917,2.527,,,,,,,
59,Left,20,-0.0003,0.0016,0.0243,0.0000,0.0000,0.0000,1.0000,2.527,,,,,,,
59,Left,21,-0.0230,-0.0094,0.0341,0.0183,-0.1403,0.2070,0.9680,2.527,,,,,,,
59,Left,22,0.0000,0.0000,0.0457,0.5274,-0.0584,-0.0473,0.8463,2.527,,,,,,,
59,Left,23,0.0000,0.0000,0.0307,0.6673,-0.0055,0.0873,0.7396,2.527,,,,,,,
59,Left,24,0.0000,0.0000,0.0203,0.4567,0.0434,-0.0022,0.8886,2.527,,,,,,,
59,Left,25,0.0002,0.0012,0.0219,0.0000,0.0000,0.0000,1.0000,2.527,,,,,,,
59,Right,0,-0.0023,-0.0053,0.0652,0.0000,0.0000,0.0000,1.0000,2.527,,,,,,,
59,Right,1,0.0000,0.0000,0.0000,0.0000,0.0000,0.0000,1.0000,2.527,0.3708,-0.2196,-0.2278,0.4149,0.3813,-0.0291,-0.8256
59,Right,2,-0.0289,-0.0181,0.0354,-0.0605,-0.3449,0.6026,0.7171,2.527,,,,,,,
59,Right,3,0.0000,0.0000,0.0325,0.2526,0.0469,-0.0811,0.9630,2.527,,,,,,,
59,Right,4,0.0000,0.0000,0.0338,0.1084,-0.0510,0.0793,0.9896,2.527,,,,,,,
59,Right,5,0.0007,0.0010,0.0246,0.0000,0.0000,0.0000,1.0000,2.527,,,,,,,
59,Right,6,-0.0192,-0.0105,0.0369,0.0000,0.0000,0.0000,1.0000,2.527,,,,,,,
59,Right,7,-0.0044,0.0032,0.0591,0.1309,0.0090,0.0326,0.9908,2.527,,,,,,,
59,Right,8,0.0000,0.0000,0.0379,0.1651,0.0028,-0.0263,0.9859,2.527,,,,,,,
59,Right,9,0.0000,0.0000,0.0243,0.0645,0.0249,-0.0167,0.9975,2.527,,,,,,,
59,Right,10,0.0003,0.0010,0.0224,0.0000,0.0000,0.0000,1.0000,2.527,,,,,,,
59,Right,11,-0.0030,-0.0081,0.0348,0.0000,0.0000,0.0000,1.0000,2.527,,,,,,,
59,Right,12,0.0012,0.0056,0.0609,0.2599,0.0685,-0.0230,0.9629,2.527,,,,,,,
59,Right,13,0.0000,0.0000,0.0429,0.1429,0.0027,-0.0120,0.9897,2.527,,,,,,,
59,Right,14,0.0000,0.0000,0.0275,0.0278,-0.0007,-0.0463,0.9985,2.527,,,,,,,
59,Right,15,0.0003,0.0011,0.0250,0.0000,0.0000,0.0000,1.0000,2.527,,,,,,,
59,Right,16,0.0150,-0.0060,0.0348,0.0000,0.0000,0.0000,1.0000,2.527,,,,,,,
59,Right,17,0.0025,-0.0005,0.0539,0.2591,0.1105,-0.0766,0.9564,2.527,,,,,,,
59,Right,18,0.0000,0.0000,0.0390,0.1581,-0.0024,-0.0371,0.9867,2.527,,,,,,,
59,Right,19,0.0000,0.0000,0.0266,0.0796,-0.0296,-0.0084,0.9964,2.527,,,,,,,
59,Right,20,0.0003,0.0016,0.0243,0.0000,0.0000,0.0000,1.0000,2.527,,,,,,,
59,Right,21,0.0230,-0.0094,0.0341,0.0183,0.1403,-0.2070,0.9680,2.527,,,,,,,
59,Right,22,0.0000,0.0000,0.0457,0.1460,0.0454,0.0799,0.9850,2.527,,,,,,,
59,Right,23,0.0000,0.0000,0.0307,0.2070,0.0334,-0.0561,0.9762,2.527,,,,,,,
59,Right,24,0.0000,0.0000,0.0203,0.0461,-0.0491,0.0009,0.9977,2.527,,,,,,,
59,Right,25,-0.0002,0.0012,0.0219,0.0000,0.0000,0.0000,1.0000,2.527,,,,,,,
60,Left,0,0.0010,-0.0060,0.0658,0.0000,0.0000,0.0000,1.0000,2.569,,,,,,,
60,Left,1,0.0000,0.0000,0.0000,0.0000,0.0000,0.0000,1.0000,2.569,-0.0044,-0.2361,-0.2181,-0.4540,-0.0471,-0.0259,0.8894
60,Left,2,0.0236,-0.0232,0.0377,0.0882,0.3388,-0.6978,0.6249,2.569,,,,,,,
60,Left,3,0.0000,0.0000,0.0325,0.3837,-0.0328,0.0777,0.9196,2.569,,,,,,,
60,Left,4,0.0000,0.0000,0.0338,0.3056,0.0323,-0.0713,0.9489,2.569,,,,,,,
60,Left,5,-0.0007,0.0010,0.0246,0.0000,0.0000,0.0000,1.0000,2.569,,,,,,,
60,Left,6,0.0165,-0.0131,0.0381,0.0000,0.0000,0.0000,1.0000,2.569,,,,,,,
60,Left,7,0.0071,0.0057,0.0579,0.1528,0.0624,-0.0399,0.9855,2.569,,,,,,,
60,Left,8,0.0000,0.0000,0.0379,0.0244,-0.0066,0.0260,0.9993,2.569,,,,,,,
60,Left,9,0.0000,0.0000,0.0243,-0.0107,-0.0262,0.0164,0.9995,2.569,,,,,,,
60,Left,10,-0.0003,0.0010,0.0224,0.0000,0.0000,0.0000,1.0000,2.569,,,,,,,
60,Left,11,0.0003,-0.0094,0.0359,0.0000,0.0000,0.0000,1.0000,2.569,,,,,,,
60,Left,12,0.0014,0.0069,0.0598,0.2221,-0.0308,0.0135,0.9744,2.569,,,,,,,
60,Left,13,0.0000,0.0000,0.0429,-0.0018,-0.0044,0.0112,0.9999,2.569,,,,,,,
60,Left,14,0.0000,0.0000,0.0275,-0.0332,-0.0020,0.0403,0.9986,2.569,,,,,,,
60,Left,15,-0.0003,0.0011,0.0250,0.0000,0.0000,0.0000,1.0000,2.569,,,,,,,
60,Left,16,-0.0150,-0.0060,0.0348,0.0000,0.0000,0.0000,1.0000,2.569,,,,,,,
60,Left,17,-0.0025,-0.0005,0.0539,0.4705,-0.0696,0.0885,0.8752,2.569,,,,,,,
60,Left,18,0.0000,0.0000,0.0390,0.6606,0.0199,0.0418,0.7493,2.569,,,,,,,
60,Left,19,0.0000,0.0000,0.0266,0.4501,0.0283,0.0253,0.8922,2.569,,,,,,,
60,Left,20,-0.0003,0.0016,0.0243,0.0000,0.0000,0.0000,1.0000,2.569,,,,,,,
60,Left,21,-0.0230,-0.0094,0.0341,0.0183,-0.1403,0.2070,0.9680,2.569,,,,,,,
60,Left,22,0.0000,0.0000,0.0457,0.5230,-0.0578,-0.0479,0.8490,2.569,,,,,,,
60,Left,23,0.0000,0.0000,0.0307,0.6677,-0.0055,0.0874,0.7393,2.569,,,,,,,
60,Left,24,0.0000,0.0000,0.0203,0.4561,0.0434,-0.0022,0.8889,2.569,,,,,,,
60,Left,25,0.0002,0.0012,0.0219,0.0000,0.0000,0.0000,1.0000,2.569,,,,,,,
60,Right,0,-0.0023,-0.0053,0.0652,0.0000,0.0000,0.0000,1.0000,2.569,,,,,,,
60,Right,1,0.0000,0.0000,0.0000,0.0000,0.0000,0.0000,1.0000,2.569,0.3679,-0.2198,-0.2301,0.4150,0.3835,-0.0358,-0.8243
60,Right,2,-0.0289,-0.0180,0.0354,-0.0620,-0.3446,0.6016,0.7180,2.569,,,,,,,
60,Right,3,0.0000,0.0000,0.0325,0.2537,0.0468,-0.0810,0.9627,2.569,,,,,,,
60,Right,4,0.0000,0.0000,0.0338,0.1131,-0.0506,0.0792,0.9891,2.569,,,,,,,
60,Right,5,0.0007,0.0010,0.0246,0.0000,0.0000,0.0000,1.0000,2.569,,,,,,,
60,Right,6,-0.0192,-0.0105,0.0369,0.0000,0.0000,0.0000,1.0000,2.569,,,,,,,
60,Right,7,-0.0044,0.0032,0.0591,0.1308,0.0083,0.0326,0.9908,2.569,,,,,,,
60,Right,8,0.0000,0.0000,0.0379,0.1657,0.0028,-0.0263,0.9858,2.569,,,,,,,
60,Right,9,0.0000,0.0000,0.0243,0.0643,0.0249,-0.0167,0.9975,2.569,,,,,,,
60,Right,10,0.0003,0.0010,0.0224,0.0000,0.0000,0.0000,1.0000,2.569,,,,,,,
60,Right,11,-0.0030,-0.0081,0.0347,0.0000,0.0000,0.0000,1.0000,2.569,,,,,,,
60,Right,12,0.0012,0.0056,0.0609,0.2606,0.0679,-0.0229,0.9628,2.569,,,,,,,
60,Right,13,0.0000,0.0000,0.0429,0.1425,0.0027,-0.0120,0.9897,2.569,,,,,,,
60,Right,14,0.0000,0.0000,0.0275,0.0279,-0.0007,-0.0463,0.9985,2.569,,,,,,,
60,Right,15,0.0003,0.0011,0.0250,0.0000,0.0000,0.0000,1.0000,2.569,,,,,,,
60,Right,16,0.0150,-0.0060,0.0348,0.0000,0.0000,0.0000,1.0000,2.569,,,,,,,
60,Right,17,0.0025,-0.0005,0.0539,0.2595,0.1103,-0.0766,0.9563,2.569,,,,,,,
60,Right,18,0.0000,0.0000,0.0390,0.1575,-0.0023,-0.0371,0.9868,2.569,,,,,,,
60,Right,19,0.0000,0.0000,0.0266,0.0798,-0.0296,-0.0084,0.9963,2.569,,,,,,,
60,Right,20,0.0003,0.0016,0.0243,0.0000,0.0000,0.0000,1.0000,2.569,,,,,,,
60,Right,21,0.0230,-0.0094,0.0341,0.0183,0.1403,-0.2070,0.9680,2.569,,,,,,,
60,Right,22,0.0000,0.0000,0.0457,0.1467,0.0467,0.0796,0.9849,2.569,,,,,,,
60,Right,23,0.0000,0.0000,0.0307,0.2068,0.0334,-0.0561,0.9762,2.569,,,,,,,
60,Right,24,0.0000,0.0000,0.0203,0.0459,-0.0491,0.0009,0.9977,2.569,,,,,,,
60,Right,25,-0.0002,0.0012,0.0219,0.0000,0.0000,0.0000,1.0000,2.569,,,,,,,
61,Left,0,0.0010,-0.0060,0.0658,0.0000,0.0000,0.0000,1.0000,2.611,,,,,,,
61,Left,1,0.0000,0.0000,0.0000,0.0000,0.0000,0.0000,1.0000,2.611,-0.0048,-0.2472,-0.2178,-0.4654,-0.0360,0.0037,0.8844
61,Left,2,0.0236,-0.0232,0.0377,0.0761,0.3281,-0.6979,0.6321,2.611,,,,,,,
61,Left,3,0.0000,0.0000,0.0325,0.3832,-0.0329,0.0777,0.9198,2.611,,,,,,,
61,Left,4,0.0000,0.0000,0.0338,0.2961,0.0332,-0.0718,0.9519,2.611,,,,,,,
61,Left,5,-0.0007,0.0010,0.0246,0.0000,0.0000,0.0000,1.0000,2.611,,,,,,,
61,Left,6,0.0165,-0.0130,0.0381,0.0000,0.0000,0.0000,1.0000,2.611,,,,,,,
61,Left,7,0.0070,0.0057,0.0579,0.1591,0.0584,-0.0401,0.9847,2.611,,,,,,,
61,Left,8,0.0000,0.0000,0.0379,0.0249,-0.0066,0.0260,0.9993,2.611,,,,,,,
61,Left,9,0.0000,0.0000,0.0243,-0.0112,-0.0262,0.0164,0.9995,2.611,,,,,,,
61,Left,10,-0.0003,0.0010,0.0224,0.0000,0.0000,0.0000,1.0000,2.611,,,,,,,
61,Left,11,0.0003,-0.0094,0.0359,0.0000,0.0000,0.0000,1.0000,2.611,,,,,,,
61,Left,12,0.0014,0.0069,0.0598,0.2223,-0.0340,0.0141,0.9743,2.611,,,,,,,
61,Left,13,0.0000,0.0000,0.0429,-0.0017,-0.0044,0.0112,0.9999,2.611,,,,,,,
61,Left,14,0.0000,0.0000,0.0275,-0.0328,-0.0020,0.0404,0.9986,2.611,,,,,,,
61,Left,15,-0.0003,0.0011,0.0250,0.0000,0.0000,0.0000,1.0000,2.611,,,,,,,
61,Left,16,-0.0150,-0.0060,0.0348,0.0000,0.0000,0.0000,1.0000,2.611,,,,,,,
61,Left,17,-0.0025,-0.0005,0.0539,0.4629,-0.0705,0.0880,0.8792,2.611,,,,,,,
61,Left,18,0.0000,0.0000,0.0390,0.6601,0.0199,0.0418,0.7498,2.611,,,,,,,
61,Left,19,0.0000,0.0000,0.0266,0.4474,0.0283,0.0251,0.8935,2.611,,,,,,,
61,Left,20,-0.0003,0.0016,0.0243,0.0000,0.0000,0.0000,1.0000,2.611,,,,,,,
61,Left,21,-0.0230,-0.0094,0.0341,0.0183,-0.1403,0.2070,0.9680,2.611,,,,,,,
61,Left,22,0.0000,0.0000,0.0457,0.5107,-0.0569,-0.0493,0.8564,2.611,,,,,,,
61,Left,23,0.0000,0.0000,0.0307,0.6679,-0.0055,0.0874,0.7390,2.611,,,,,,,
61,Left,24,0.0000,0.0000,0.0203,0.4545,0.0435,-0.0022,0.8897,2.611,,,,,,,
61,Left,25,0.0002,0.0012,0.0219,0.0000,0.0000,0.0000,1.0000,2.611,,,,,,,
61,Right,0,-0.0024,-0.0053,0.0652,0.0000,0.0000,0.0000,1.0000,2.611,,,,,,,
61,Right,1,0.0000,0.0000,0.0000,0.0000,0.0000,0.0000,1.0000,2.611,0.3670,-0.2203,-0.2300,0.4159,0.3835,-0.0413,-0.8235
61,Right,2,-0.0290,-0.0180,0.0354,-0.0630,-0.3448,0.6007,0.7185,2.611,,,,,,,
61,Right,3,0.0000,0.0000,0.0325,0.2550,0.0466,-0.0810,0.9624,2.611,,,,,,,
61,Right,4,0.0000,0.0000,0.0338,0.1170,-0.0503,0.0790,0.9887,2.611,,,,,,,
61,Right,5,0.0007,0.0010,0.0246,0.0000,0.0000,0.0000,1.0000,2.611,,,,,,,
61,Right,6,-0.0192,-0.0104,0.0369,0.0000,0.0000,0.0000,1.0000,2.611,,,,,,,
61,Right,7,-0.0044,0.0031,0.0591,0.1311,0.0079,0.0327,0.9908,2.611,,,,,,,
61,Right,8,0.0000,0.0000,0.0379,0.1658,0.0028,-0.0263,0.9858,2.611,,,,,,,
61,Right,9,0.0000,0.0000,0.0243,0.0641,0.0249,-0.0167,0.9975,2.611,,,,,,,
61,Right,10,0.0003,0.0010,0.0224,0.0000,0.0000,0.0000,1.0000,2.611,,,,,,,
61,Right,11,-0.0030,-0.0081,0.0347,0.0000,0.0000,0.0000,1.0000,2.611,,,,,,,
61,Right,12,0.0013,0.0056,0.0609,0.2615,0.0669,-0.0228,0.9626,2.611,,,,,,,
61,Right,13,0.0000,0.0000,0.0429,0.1418,0.0027,-0.0120,0.9898,2.611,,,,,,,
61,Right,14,0.0000,0.0000,0.0275,0.0279,-0.0007,-0.0463,0.9985,2.611,,,,,,,
61,Right,15,0.0003,0.0011,0.0250,0.0000,0.0000,0.0000,1.0000,2.611,,,,,,,
61,Right,16,0.0150,-0.0060,0.0348,0.0000,0.0000,0.0000,1.0000,2.611,,,,,,,
61,Right,17,0.0025,-0.0005,0.0539,0.2603,0.1098,-0.0766,0.9562,2.611,,,,,,,
61,Right,18,0.0000,0.0000,0.0390,0.1570,-0.0023,-0.0370,0.9869,2.611,,,,,,,
61,Right,19,0.0000,0.0000,0.0266,0.0801,-0.0296,-0.0084,0.9963,2.611,,,,,,,
61,Right,20,0.0003,0.0016,0.0243,0.0000,0.0000,0.0000,1.0000,2.611,,,,,,,
61,Right,21,0.0230,-0.0094,0.0341,0.0183,0.1403,-0.2070,0.9680,2.611,,,,,,,
61,Right,22,0.0000,0.0000,0.0457,0.1475,0.0474,0.0795,0.9847,2.611,,,,,,,
61,Right,23,0.0000,0.0000,0.0307,0.2070,0.0334,-0.0561,0.9762,2.611,,,,,,,
61,Right,24,0.0000,0.0000,0.0203,0.0460,-0.0491,0.0009,0.9977,2.611,,,,,,,
61,Right,25,-0.0002,0.0012,0.0219,0.0000,0.0000,0.0000,1.0000,2.611,,,,,,,
62,Left,0,0.0010,-0.0060,0.0658,0.0000,0.0000,0.0000,1.0000,2.652,,,,,,,
62,Left,1,0.0000,0.0000,0.0000,0.0000,0.0000,0.0000,1.0000,2.652,-0.0041,-0.2588,-0.2215,-0.4794,-0.0239,0.0241,0.8769
62,Left,2,0.0236,-0.0231,0.0377,0.0551,0.3091,-0.6976,0.6441,2.652,,,,,,,
62,Left,3,0.0000,0.0000,0.0325,0.3795,-0.0333,0.0778,0.9213,2.652,,,,,,,
62,Left,4,0.0000,0.0000,0.0338,0.2775,0.0351,-0.0727,0.9573,2.652,,,,,,,
62,Left,5,-0.0007,0.0010,0.0246,0.0000,0.0000,0.0000,1.0000,2.652,,,,,,,
62,Left,6,0.0165,-0.0130,0.0380,0.0000,0.0000,0.0000,1.0000,2.652,,,,,,,
62,Left,7,0.0070,0.0057,0.0579,0.1865,0.0491,-0.0415,0.9804,2.652,,,,,,,
62,Left,8,0.0000,0.0000,0.0379,0.0261,-0.0065,0.0260,0.9993,2.652,,,,,,,
62,Left,9,0.0000,0.0000,0.0243,-0.0112,-0.0262,0.0164,0.9995,2.652,,,,,,,
62,Left,10,-0.0003,0.0010,0.0224,0.0000,0.0000,0.0000,1.0000,2.652,,,,,,,
62,Left,11,0.0003,-0.0094,0.0359,0.0000,0.0000,0.0000,1.0000,2.652,,,,,,,
62,Left,12,0.0014,0.0069,0.0598,0.2390,-0.0428,0.0164,0.9699,2.652,,,,,,,
62,Left,13,0.0000,0.0000,0.0429,-0.0011,-0.0044,0.0112,0.9999,2.652,,,,,,,
62,Left,14,0.0000,0.0000,0.0275,-0.0321,-0.0020,0.0405,0.9987,2.652,,,,,,,
62,Left,15,-0.0003,0.0011,0.0250,0.0000,0.0000,0.0000,1.0000,2.652,,,,,,,
62,Left,16,-0.0150,-0.0060,0.0348,0.0000,0.0000,0.0000,1.0000,2.652,,,,,,,
62,Left,17,-0.0025,-0.0005,0.0539,0.4525,-0.0716,0.0872,0.8846,2.652,,,,,,,
62,Left,18,0.0000,0.0000,0.0390,0.6594,0.0199,0.0418,0.7504,2.652,,,,,,,
62,Left,19,0.0000,0.0000,0.0266,0.4447,0.0283,0.0250,0.8949,2.652,,,,,,,
62,Left,20,-0.0003,0.0016,0.0243,0.0000,0.0000,0.0000,1.0000,2.652,,,,,,,
62,Left,21,-0.0230,-0.0094,0.0341,0.0183,-0.1403,0.2070,0.9680,2.652,,,,,,,
62,Left,22,0.0000,0.0000,0.0457,0.5022,-0.0570,-0.0497,0.8614,2.652,,,,,,,
62,Left,23,0.0000,0.0000,0.0307,0.6675,-0.0055,0.0873,0.7395,2.652,,,,,,,
62,Left,24,0.0000,0.0000,0.0203,0.4504,0.0436,-0.0022,0.8918,2.652,,,,,,,
62,Left,25,0.0002,0.0012,0.0219,0.0000,0.0000,0.0000,1.0000,2.652,,,,,,,
62,Right,0,-0.0024,-0.0053,0.0652,0.0000,0.0000,0.0000,1.0000,2.652,,,,,,,
62,Right,1,0.0000,0.0000,0.0000,0.0000,0.0000,0.0000,1.0000,2.652,0.3660,-0.2212,-0.2300,0.4158,0.3853,-0.0423,-0.8227
62,Right,2,-0.0290,-0.0179,0.0354,-0.0636,-0.3450,0.6001,0.7189,2.652,,,,,,,
62,Right,3,0.0000,0.0000,0.0325,0.2559,0.0465,-0.0810,0.9622,2.652,,,,,,,
62,Right,4,0.0000,0.0000,0.0338,0.1219,-0.0498,0.0789,0.9882,2.652,,,,,,,
62,Right,5,0.0007,0.0010,0.0246,0.0000,0.0000,0.0000,1.0000,2.652,,,,,,,
62,Right,6,-0.0192,-0.0104,0.0369,0.0000,0.0000,0.0000,1.0000,2.652,,,,,,,
62,Right,7,-0.0043,0.0031,0.0591,0.1309,0.0075,0.0327,0.9908,2.652,,,,,,,
62,Right,8,0.0000,0.0000,0.0379,0.1664,0.0028,-0.0263,0.9857,2.652,,,,,,,
62,Right,9,0.0000,0.0000,0.0243,0.0639,0.0249,-0.0167,0.9975,2.652,,,,,,,
62,Right,10,0.0003,0.0010,0.0224,0.0000,0.0000,0.0000,1.0000,2.652,,,,,,,
62,Right,11,-0.0030,-0.0081,0.0347,0.0000,0.0000,0.0000,1.0000,2.652,,,,,,,
62,Right,12,0.0013,0.0056,0.0609,0.2619,0.0660,-0.0226,0.9626,2.652,,,,,,,
62,Right,13,0.0000,0.0000,0.0429,0.1417,0.0027,-0.0120,0.9898,2.652,,,,,,,
62,Right,14,0.0000,0.0000,0.0275,0.0280,-0.0007,-0.0464,0.9985,2.652,,,,,,,
62,Right,15,0.0003,0.0011,0.0250,0.0000,0.0000,0.0000,1.0000,2.652,,,,,,,
62,Right,16,0.0150,-0.0060,0.0348,0.0000,0.0000,0.0000,1.0000,2.652,,,,,,,
62,Right,17,0.0025,-0.0005,0.0539,0.2609,0.1095,-0.0766,0.9561,2.652,,,,,,,
62,Right,18,0.0000,0.0000,0.0390,0.1568,-0.0023,-0.0370,0.9869,2.652,,,,,,,
62,Right,19,0.0000,0.0000,0.0266,0.0804,-0.0296,-0.0084,0.9963,2.652,,,,,,,
62,Right,20,0.0003,0.0016,0.0243,0.0000,0.0000,0.0000,1.0000,2.652,,,,,,,
62,Right,21,0.0230,-0.0094,0.0341,0.0183,0.1403,-0.2070,0.9680,2.652,,,,,,,
62,Right,22,0.0000,0.0000,0.0457,0.1488,0.0484,0.0792,0.9845,2.652,,,,,,,
62,Right,23,0.0000,0.0000,0.0307,0.2074,0.0334,-0.0561,0.9761,2.652,,,,,,,
62,Right,24,0.0000,0.0000,0.0203,0.0461,-0.0491,0.0009,0.9977,2.652,,,,,,,
62,Right,25,-0.0002,0.0012,0.0219,0.0000,0.0000,0.0000,1.0000,2.652,,,,,,,
63,Left,0,0.0011,-0.0060,0.0657,0.0000,0.0000,0.0000,1.0000,2.694,,,,,,,
63,Left,1,0.0000,0.0000,0.0000,0.0000,0.0000,0.0000,1.0000,2.694,-0.0093,-0.2718,-0.2142,-0.4825,-0.0575,-0.0278,0.8736
63,Left,2,0.0239,-0.0230,0.0376,0.0438,0.3037,-0.6944,0.6509,2.694,,,,,,,
63,Left,3,0.0000,0.0000,0.0325,0.3751,-0.0338,0.0779,0.9231,2.694,,,,,,,
63,Left,4,0.0000,0.0000,0.0338,0.2569,0.0371,-0.0736,0.9629,2.694,,,,,,,
63,Left,5,-0.0007,0.0010,0.0246,0.0000,0.0000,0.0000,1.0000,2.694,,,,,,,
63,Left,6,0.0166,-0.0129,0.0380,0.0000,0.0000,0.0000,1.0000,2.694,,,,,,,
63,Left,7,0.0069,0.0056,0.0580,0.1968,0.0487,-0.0424,0.9783,2.694,,,,,,,
63,Left,8,0.0000,0.0000,0.0379,0.0274,-0.0065,0.0260,0.9993,2.694,,,,,,,
63,Left,9,0.0000,0.0000,0.0243,-0.0112,-0.0262,0.0164,0.9995,2.694,,,,,,,
63,Left,10,-0.0003,0.0010,0.0224,0.0000,0.0000,0.0000,1.0000,2.694,,,,,,,
63,Left,11,0.0004,-0.0094,0.0359,0.0000,0.0000,0.0000,1.0000,2.694,,,,,,,
63,Left,12,0.0013,0.0068,0.0598,0.2507,-0.0408,0.0165,0.9671,2.694,,,,,,,
63,Left,13,0.0000,0.0000,0.0429,-0.0008,-0.0044,0.0112,0.9999,2.694,,,,,,,
63,Left,14,0.0000,0.0000,0.0275,-0.0311,-0.0019,0.0406,0.9987,2.694,,,,,,,
63,Left,15,-0.0003,0.0011,0.0250,0.0000,0.0000,0.0000,1.0000,2.694,,,,,,,
63,Left,16,-0.0150,-0.0060,0.0348,0.0000,0.0000,0.0000,1.0000,2.694,,,,,,,
63,Left,17,-0.0025,-0.0005,0.0539,0.4462,-0.0718,0.0866,0.8878,2.694,,,,,,,
63,Left,18,0.0000,0.0000,0.0390,0.6531,0.0196,0.0418,0.7559,2.694,,,,,,,
63,Left,19,0.0000,0.0000,0.0266,0.4436,0.0283,0.0250,0.8954,2.694,,,,,,,
63,Left,20,-0.0003,0.0016,0.0243,0.0000,0.0000,0.0000,1.0000,2.694,,,,,,,
63,Left,21,-0.0230,-0.0094,0.0341,0.0183,-0.1403,0.2070,0.9680,2.694,,,,,,,
63,Left,22,0.0000,0.0000,0.0457,0.4975,-0.0562,-0.0505,0.8642,2.694,,,,,,,
63,Left,23,0.0000,0.0000,0.0307,0.6635,-0.0058,0.0871,0.7430,2.694,,,,,,,
63,Left,24,0.0000,0.0000,0.0203,0.4495,0.0436,-0.0022,0.8922,2.694,,,,,,,
63,Left,25,0.0002,0.0012,0.0219,0.0000,0.0000,0.0000,1.0000,2.694,,,,,,,
63,Right,0,-0.0024,-0.0053,0.0652,0.0000,0.0000,0.0000,1.0000,2.694,,,,,,,
63,Right,1,0.0000,0.0000,0.0000,0.0000,0.0000,0.0000,1.0000,2.694,0.3650,-0.2232,-0.2296,0.4198,0.3943,-0.0433,-0.8163
63,Right,2,-0.0290,-0.0179,0.0354,-0.0645,-0.3446,0.5995,0.7195,2.694,,,,,,,
63,Right,3,0.0000,0.0000,0.0325,0.2566,0.0465,-0.0810,0.9620,2.694,,,,,,,
63,Right,4,0.0000,0.0000,0.0338,0.1241,-0.0496,0.0788,0.9879,2.694,,,,,,,
63,Right,5,0.0007,0.0010,0.0246,0.0000,0.0000,0.0000,1.0000,2.694,,,,,,,
63,Right,6,-0.0192,-0.0104,0.0369,0.0000,0.0000,0.0000,1.0000,2.694,,,,,,,
63,Right,7,-0.0043,0.0031,0.0591,0.1301,0.0076,0.0327,0.9909,2.694,,,,,,,
63,Right,8,0.0000,0.0000,0.0379,0.1670,0.0028,-0.0263,0.9856,2.694,,,,,,,
63,Right,9,0.0000,0.0000,0.0243,0.0636,0.0249,-0.0167,0.9975,2.694,,,,,,,
63,Right,10,0.0003,0.0010,0.0224,0.0000,0.0000,0.0000,1.0000,2.694,,,,,,,
63,Right,11,-0.0030,-0.0081,0.0347,0.0000,0.0000,0.0000,1.0000,2.694,,,,,,,
63,Right,12,0.0013,0.0056,0.0609,0.2616,0.0655,-0.0225,0.9627,2.694,,,,,,,
63,Right,13,0.0000,0.0000,0.0429,0.1421,0.0027,-0.0120,0.9898,2.694,,,,,,,
63,Right,14,0.0000,0.0000,0.0275,0.0282,-0.0007,-0.0464,0.9985,2.694,,,,,,,
63,Right,15,0.0003,0.0011,0.0250,0.0000,0.0000,0.0000,1.0000,2.694,,,,,,,
63,Right,16,0.0150,-0.0060,0.0348,0.0000,0.0000,0.0000,1.0000,2.694,,,,,,,
63,Right,17,0.0025,-0.0005,0.0539,0.2607,0.1089,-0.0765,0.9562,2.694,,,,,,,
63,Right,18,0.0000,0.0000,0.0390,0.1567,-0.0023,-0.0370,0.9870,2.694,,,,,,,
63,Right,19,0.0000,0.0000,0.0266,0.0809,-0.0296,-0.0084,0.9962,2.694,,,,,,,
63,Right,20,0.0003,0.0016,0.0243,0.0000,0.0000,0.0000,1.0000,2.694,,,,,,,
63,Right,21,0.0230,-0.0094,0.0341,0.0183,0.1403,-0.2070,0.9680,2.694,,,,,,,
63,Right,22,0.0000,0.0000,0.0457,0.1499,0.0491,0.0790,0.9843,2.694,,,,,,,
63,Right,23,0.0000,0.0000,0.0307,0.2073,0.0334,-0.0561,0.9761,2.694,,,,,,,
63,Right,24,0.0000,0.0000,0.0203,0.0463,-0.0491,0.0009,0.9977,2.694,,,,,,,
63,Right,25,-0.0002,0.0012,0.0219,0.0000,0.0000,0.0000,1.0000,2.694,,,,,,,
64,Left,0,0.0011,-0.0060,0.0657,0.0000,0.0000,0.0000,1.0000,2.736,,,,,,,
64,Left,1,0.0000,0.0000,0.0000,0.0000,0.0000,0.0000,1.0000,2.736,-0.0102,-0.2825,-0.2069,-0.4875,-0.0666,-0.0335,0.8699
64,Left,2,0.0239,-0.0229,0.0376,0.0493,0.3101,-0.6939,0.6480,2.736,,,,,,,
64,Left,3,0.0000,0.0000,0.0325,0.3697,-0.0344,0.0781,0.9252,2.736,,,,,,,
64,Left,4,0.0000,0.0000,0.0338,0.2361,0.0392,-0.0745,0.9681,2.736,,,,,,,
64,Left,5,-0.0007,0.0010,0.0246,0.0000,0.0000,0.0000,1.0000,2.736,,,,,,,
64,Left,6,0.0167,-0.0129,0.0380,0.0000,0.0000,0.0000,1.0000,2.736,,,,,,,
64,Left,7,0.0069,0.0056,0.0580,0.1935,0.0617,-0.0439,0.9782,2.736,,,,,,,
64,Left,8,0.0000,0.0000,0.0379,0.0272,-0.0065,0.0260,0.9993,2.736,,,,,,,
64,Left,9,0.0000,0.0000,0.0243,-0.0118,-0.0262,0.0164,0.9995,2.736,,,,,,,
64,Left,10,-0.0003,0.0010,0.0224,0.0000,0.0000,0.0000,1.0000,2.736,,,,,,,
64,Left,11,0.0005,-0.0094,0.0358,0.0000,0.0000,0.0000,1.0000,2.736,,,,,,,
64,Left,12,0.0013,0.0068,0.0598,0.2494,-0.0394,0.0161,0.9675,2.736,,,,,,,
64,Left,13,0.0000,0.0000,0.0429,-0.0009,-0.0044,0.0112,0.9999,2.736,,,,,,,
64,Left,14,0.0000,0.0000,0.0275,-0.0299,-0.0019,0.0407,0.9987,2.736,,,,,,,
64,Left,15,-0.0003,0.0011,0.0250,0.0000,0.0000,0.0000,1.0000,2.736,,,,,,,
64,Left,16,-0.0150,-0.0060,0.0348,0.0000,0.0000,0.0000,1.0000,2.736,,,,,,,
64,Left,17,-0.0025,-0.0005,0.0539,0.4472,-0.0722,0.0868,0.8873,2.736,,,,,,,
64,Left,18,0.0000,0.0000,0.0390,0.6419,0.0192,0.0419,0.7654,2.736,,,,,,,
64,Left,19,0.0000,0.0000,0.0266,0.4416,0.0283,0.0249,0.8964,2.736,,,,,,,
64,Left,20,-0.0003,0.0016,0.0243,0.0000,0.0000,0.0000,1.0000,2.736,,,,,,,
64,Left,21,-0.0230,-0.0094,0.0341,0.0183,-0.1403,0.2070,0.9680,2.736,,,,,,,
64,Left,22,0.0000,0.0000,0.0457,0.4971,-0.0565,-0.0504,0.8644,2.736,,,,,,,
64,Left,23,0.0000,0.0000,0.0307,0.6607,-0.0060,0.0870,0.7456,2.736,,,,,,,
64,Left,24,0.0000,0.0000,0.0203,0.4491,0.0436,-0.0022,0.8924,2.736,,,,,,,
64,Left,25,0.0002,0.0012,0.0219,0.0000,0.0000,0.0000,1.0000,2.736,,,,,,,
64,Right,0,-0.0024,-0.0053,0.0652,0.0000,0.0000,0.0000,1.0000,2.736,,,,,,,
64,Right,1,0.0000,0.0000,0.0000,0.0000,0.0000,0.0000,1.0000,2.736,0.3633,-0.2238,-0.2307,0.4177,0.3974,-0.0421,-0.8160
64,Right,2,-0.0290,-0.0179,0.0354,-0.0644,-0.3443,0.5998,0.7194,2.736,,,,,,,
64,Right,3,0.0000,0.0000,0.0325,0.2569,0.0464,-0.0810,0.9619,2.736,,,,,,,
64,Right,4,0.0000,0.0000,0.0338,0.1273,-0.0493,0.0787,0.9875,2.736,,,,,,,
64,Right,5,0.0007,0.0010,0.0246,0.0000,0.0000,0.0000,1.0000,2.736,,,,,,,
64,Right,6,-0.0192,-0.0104,0.0369,0.0000,0.0000,0.0000,1.0000,2.736,,,,,,,
64,Right,7,-0.0043,0.0031,0.0591,0.1287,0.0076,0.0326,0.9911,2.736,,,,,,,
64,Right,8,0.0000,0.0000,0.0379,0.1675,0.0028,-0.0263,0.9855,2.736,,,,,,,
64,Right,9,0.0000,0.0000,0.0243,0.0634,0.0249,-0.0167,0.9975,2.736,,,,,,,
64,Right,10,0.0003,0.0010,0.0224,0.0000,0.0000,0.0000,1.0000,2.736,,,,,,,
64,Right,11,-0.0030,-0.0081,0.0347,0.0000,0.0000,0.0000,1.0000,2.736,,,,,,,
64,Right,12,0.0013,0.0056,0.0609,0.2614,0.0652,-0.0224,0.9628,2.736,,,,,,,
64,Right,13,0.0000,0.0000,0.0429,0.1428,0.0027,-0.0120,0.9897,2.736,,,,,,,
64,Right,14,0.0000,0.0000,0.0275,0.0282,-0.0007,-0.0464,0.9985,2.736,,,,,,,
64,Right,15,0.0003,0.0011,0.0250,0.0000,0.0000,0.0000,1.0000,2.736,,,,,,,
64,Right,16,0.0150,-0.0060,0.0348,0.0000,0.0000,0.0000,1.0000,2.736,,,,,,,
64,Right,17,0.0025,-0.0005,0.0539,0.2602,0.1078,-0.0762,0.9565,2.736,,,,,,,
64,Right,18,0.0000,0.0000,0.0390,0.1570,-0.0023,-0.0370,0.9869,2.736,,,,,,,
64,Right,19,0.0000,0.0000,0.0266,0.0812,-0.0296,-0.0084,0.9962,2.736,,,,,,,
64,Right,20,0.0003,0.0016,0.0243,0.0000,0.0000,0.0000,1.0000,2.736,,,,,,,
64,Right,21,0.0230,-0.0094,0.0341,0.0183,0.1403,-0.2070,0.9680,2.736,,,,,,,
64,Right,22,0.0000,0.0000,0.0457,0.1505,0.0496,0.0789,0.9842,2.736,,,,,,,
64,Right,23,0.0000,0.0000,0.0307,0.2071,0.0334,-0.0561,0.9761,2.736,,,,,,,
64,Right,24,0.0000,0.0000,0.0203,0.0460,-0.0491,0.0009,0.9977,2.736,,,,,,,
64,Right,25,-0.0002,0.0012,0.0219,0.0000,0.0000,0.0000,1.0000,2.736,,,,,,,
65,Left,0,0.0011,-0.0059,0.0657,0.0000,0.0000,0.0000,1.0000,2.777,,,,,,,
65,Left,1,0.0000,0.0000,0.0000,0.0000,0.0000,0.0000,1.0000,2.777,-0.0085,-0.2850,-0.2122,-0.4883,-0.0692,-0.0343,0.8693
65,Left,2,0.0240,-0.0229,0.0376,0.0537,0.3167,-0.6927,0.6458,2.777,,,,,,,
65,Left,3,0.0000,0.0000,0.0325,0.3693,-0.0345,0.0781,0.9254,2.777,,,,,,,
65,Left,4,0.0000,0.0000,0.0338,0.2349,0.0393,-0.0746,0.9683,2.777,,,,,,,
65,Left,5,-0.0007,0.0010,0.0246,0.0000,0.0000,0.0000,1.0000,2.777,,,,,,,
65,Left,6,0.0167,-0.0129,0.0380,0.0000,0.0000,0.0000,1.0000,2.777,,,,,,,
65,Left,7,0.0068,0.0056,0.0580,0.1917,0.0622,-0.0437,0.9785,2.777,,,,,,,
65,Left,8,0.0000,0.0000,0.0379,0.0286,-0.0065,0.0260,0.9992,2.777,,,,,,,
65,Left,9,0.0000,0.0000,0.0243,-0.0117,-0.0262,0.0164,0.9995,2.777,,,,,,,
65,Left,10,-0.0003,0.0010,0.0224,0.0000,0.0000,0.0000,1.0000,2.777,,,,,,,
65,Left,11,0.0005,-0.0093,0.0358,0.0000,0.0000,0.0000,1.0000,2.777,,,,,,,
65,Left,12,0.0012,0.0068,0.0598,0.2494,-0.0378,0.0158,0.9675,2.777,,,,,,,
65,Left,13,0.0000,0.0000,0.0429,-0.0010,-0.0044,0.0112,0.9999,2.777,,,,,,,
65,Left,14,0.0000,0.0000,0.0275,-0.0293,-0.0018,0.0407,0.9987,2.777,,,,,,,
65,Left,15,-0.0003,0.0011,0.0250,0.0000,0.0000,0.0000,1.0000,2.777,,,,,,,
65,Left,16,-0.0150,-0.0060,0.0348,0.0000,0.0000,0.0000,1.0000,2.777,,,,,,,
65,Left,17,-0.0025,-0.0005,0.0539,0.4472,-0.0721,0.0868,0.8873,2.777,,,,,,,
65,Left,18,0.0000,0.0000,0.0390,0.6413,0.0192,0.0419,0.7659,2.777,,,,,,,
65,Left,19,0.0000,0.0000,0.0266,0.4400,0.0284,0.0248,0.8972,2.777,,,,,,,
65,Left,20,-0.0003,0.0016,0.0243,0.0000,0.0000,0.0000,1.0000,2.777,,,,,,,
65,Left,21,-0.0230,-0.0094,0.0341,0.0183,-0.1403,0.2070,0.9680,2.777,,,,,,,
65,Left,22,0.0000,0.0000,0.0457,0.4960,-0.0570,-0.0501,0.8650,2.777,,,,,,,
65,Left,23,0.0000,0.0000,0.0307,0.6604,-0.0060,0.0870,0.7459,2.777,,,,,,,
65,Left,24,0.0000,0.0000,0.0203,0.4486,0.0436,-0.0022,0.8927,2.777,,,,,,,
65,Left,25,0.0002,0.0012,0.0219,0.0000,0.0000,0.0000,1.0000,2.777,,,,,,,
65,Right,0,-0.0024,-0.0053,0.0652,0.0000,0.0000,0.0000,1.0000,2.777,,,,,,,
65,Right,1,0.0000,0.0000,0.0000,0.0000,0.0000,0.0000,1.0000,2.777,0.3625,-0.2248,-0.2302,0.4187,0.4005,-0.0423,-0.8139
65,Right,2,-0.0290,-0.0180,0.0354,-0.0635,-0.3445,0.6004,0.7189,2.777,,,,,,,
65,Right,3,0.0000,0.0000,0.0325,0.2573,0.0464,-0.0810,0.9618,2.777,,,,,,,
65,Right,4,0.0000,0.0000,0.0338,0.1286,-0.0492,0.0787,0.9873,2.777,,,,,,,
65,Right,5,0.0007,0.0010,0.0246,0.0000,0.0000,0.0000,1.0000,2.777,,,,,,,
65,Right,6,-0.0192,-0.0104,0.0369,0.0000,0.0000,0.0000,1.0000,2.777,,,,,,,
65,Right,7,-0.0043,0.0031,0.0591,0.1274,0.0073,0.0326,0.9913,2.777,,,,,,,
65,Right,8,0.0000,0.0000,0.0379,0.1677,0.0028,-0.0263,0.9855,2.777,,,,,,,
65,Right,9,0.0000,0.0000,0.0243,0.0630,0.0249,-0.0167,0.9976,2.777,,,,,,,
65,Right,10,0.0003,0.0010,0.0224,0.0000,0.0000,0.0000,1.0000,2.777,,,,,,,
65,Right,11,-0.0030,-0.0081,0.0347,0.0000,0.0000,0.0000,1.0000,2.777,,,,,,,
65,Right,12,0.0013,0.0056,0.0609,0.2620,0.0647,-0.0223,0.9626,2.777,,,,,,,
65,Right,13,0.0000,0.0000,0.0429,0.1434,0.0027,-0.0120,0.9896,2.777,,,,,,,
65,Right,14,0.0000,0.0000,0.0275,0.0282,-0.0007,-0.0464,0.9985,2.777,,,,,,,
65,Right,15,0.0003,0.0011,0.0250,0.0000,0.0000,0.0000,1.0000,2.777,,,,,,,
65,Right,16,0.0150,-0.0060,0.0348,0.0000,0.0000,0.0000,1.0000,2.777,,,,,,,
65,Right,17,0.0025,-0.0005,0.0539,0.2600,0.1069,-0.0760,0.9567,2.777,,,,,,,
65,Right,18,0.0000,0.0000,0.0390,0.1574,-0.0023,-0.0370,0.9868,2.777,,,,,,,
65,Right,19,0.0000,0.0000,0.0266,0.0816,-0.0296,-0.0085,0.9962,2.777,,,,,,,
65,Right,20,0.0003,0.0016,0.0243,0.0000,0.0000,0.0000,1.0000,2.777,,,,,,,
65,Right,21,0.0230,-0.0094,0.0341,0.0183,0.1403,-0.2070,0.9680,2.777,,,,,,,
65,Right,22,0.0000,0.0000,0.0457,0.1509,0.0500,0.0788,0.9841,2.777,,,,,,,
65,Right,23,0.0000,0.0000,0.0307,0.2065,0.0335,-0.0561,0.9763,2.777,,,,,,,
65,Right,24,0.0000,0.0000,0.0203,0.0458,-0.0491,0.0009,0.9977,2.777,,,,,,,
65,Right,25,-0.0002,0.0012,0.0219,0.0000,0.0000,0.0000,1.0000,2.777,,,,,,,
66,Left,0,0.0012,-0.0059,0.0657,0.0000,0.0000,0.0000,1.0000,2.819,,,,,,,
66,Left,1,0.0000,0.0000,0.0000,0.0000,0.0000,0.0000,1.0000,2.819,-0.0073,-0.2913,-0.2155,-0.4872,-0.0756,-0.0362,0.8693
66,Left,2,0.0242,-0.0228,0.0375,0.0591,0.3261,-0.6904,0.6430,2.819,,,,,,,
66,Left,3,0.0000,0.0000,0.0325,0.3700,-0.0344,0.0781,0.9251,2.819,,,,,,,
66,Left,4,0.0000,0.0000,0.0338,0.2341,0.0394,-0.0746,0.9685,2.819,,,,,,,
66,Left,5,-0.0007,0.0010,0.0246,0.0000,0.0000,0.0000,1.0000,2.819,,,,,,,
66,Left,6,0.0168,-0.0128,0.0380,0.0000,0.0000,0.0000,1.0000,2.819,,,,,,,
66,Left,7,0.0068,0.0055,0.0580,0.1878,0.0628,-0.0434,0.9792,2.819,,,,,,,
66,Left,8,0.0000,0.0000,0.0379,0.0302,-0.0064,0.0260,0.9992,2.819,,,,,,,
66,Left,9,0.0000,0.0000,0.0243,-0.0118,-0.0262,0.0164,0.9995,2.819,,,,,,,
66,Left,10,-0.0003,0.0010,0.0224,0.0000,0.0000,0.0000,1.0000,2.819,,,,,,,
66,Left,11,0.0006,-0.0093,0.0358,0.0000,0.0000,0.0000,1.0000,2.819,,,,,,,
66,Left,12,0.0011,0.0068,0.0598,0.2466,-0.0328,0.0146,0.9685,2.819,,,,,,,
66,Left,13,0.0000,0.0000,0.0429,-0.0008,-0.0044,0.0112,0.9999,2.819,,,,,,,
66,Left,14,0.0000,0.0000,0.0275,-0.0295,-0.0018,0.0407,0.9987,2.819,,,,,,,
66,Left,15,-0.0003,0.0011,0.0250,0.0000,0.0000,0.0000,1.0000,2.819,,,,,,,
66,Left,16,-0.0150,-0.0060,0.0348,0.0000,0.0000,0.0000,1.0000,2.819,,,,,,,
66,Left,17,-0.0025,-0.0005,0.0539,0.4414,-0.0726,0.0863,0.8902,2.819,,,,,,,
66,Left,18,0.0000,0.0000,0.0390,0.6414,0.0192,0.0419,0.7658,2.819,,,,,,,
66,Left,19,0.0000,0.0000,0.0266,0.4383,0.0284,0.0247,0.8980,2.819,,,,,,,
66,Left,20,-0.0003,0.0016,0.0243,0.0000,0.0000,0.0000,1.0000,2.819,,,,,,,
66,Left,21,-0.0230,-0.0094,0.0341,0.0183,-0.1403,0.2070,0.9680,2.819,,,,,,,
66,Left,22,0.0000,0.0000,0.0457,0.4943,-0.0569,-0.0503,0.8660,2.819,,,,,,,
66,Left,23,0.0000,0.0000,0.0307,0.6602,-0.0061,0.0870,0.7460,2.819,,,,,,,
66,Left,24,0.0000,0.0000,0.0203,0.4463,0.0437,-0.0022,0.8938,2.819,,,,,,,
66,Left,25,0.0002,0.0012,0.0219,0.0000,0.0000,0.0000,1.0000,2.819,,,,,,,
66,Right,0,-0.0024,-0.0053,0.0652,0.0000,0.0000,0.0000,1.0000,2.819,,,,,,,
66,Right,1,0.0000,0.0000,0.0000,0.0000,0.0000,0.0000,1.0000,2.819,0.3618,-0.2252,-0.2305,0.4212,0.4077,-0.0458,-0.8089
66,Right,2,-0.0290,-0.0180,0.0354,-0.0629,-0.3443,0.6009,0.7186,2.819,,,,,,,
66,Right,3,0.0000,0.0000,0.0325,0.2580,0.0463,-0.0809,0.9616,2.819,,,,,,,
66,Right,4,0.0000,0.0000,0.0338,0.1295,-0.0491,0.0786,0.9872,2.819,,,,,,,
66,Right,5,0.0007,0.0010,0.0246,0.0000,0.0000,0.0000,1.0000,2.819,,,,,,,
66,Right,6,-0.0192,-0.0105,0.0369,0.0000,0.0000,0.0000,1.0000,2.819,,,,,,,
66,Right,7,-0.0044,0.0031,0.0591,0.1270,0.0073,0.0326,0.9913,2.819,,,,,,,
66,Right,8,0.0000,0.0000,0.0379,0.1677,0.0028,-0.0263,0.9855,2.819,,,,,,,
66,Right,9,0.0000,0.0000,0.0243,0.0624,0.0250,-0.0167,0.9976,2.819,,,,,,,
66,Right,10,0.0003,0.0010,0.0224,0.0000,0.0000,0.0000,1.0000,2.819,,,,,,,
66,Right,11,-0.0030,-0.0081,0.0347,0.0000,0.0000,0.0000,1.0000,2.819,,,,,,,
66,Right,12,0.0013,0.0056,0.0609,0.2624,0.0643,-0.0222,0.9626,2.819,,,,,,,
66,Right,13,0.0000,0.0000,0.0429,0.1440,0.0027,-0.0121,0.9895,2.819,,,,,,,
66,Right,14,0.0000,0.0000,0.0275,0.0282,-0.0007,-0.0464,0.9985,2.819,,,,,,,
66,Right,15,0.0003,0.0011,0.0250,0.0000,0.0000,0.0000,1.0000,2.819,,,,,,,
66,Right,16,0.0150,-0.0060,0.0348,0.0000,0.0000,0.0000,1.0000,2.819,,,,,,,
66,Right,17,0.0025,-0.0005,0.0539,0.2597,0.1065,-0.0758,0.9568,2.819,,,,,,,
66,Right,18,0.0000,0.0000,0.0390,0.1574,-0.0023,-0.0370,0.9868,2.819,,,,,,,
66,Right,19,0.0000,0.0000,0.0266,0.0818,-0.0296,-0.0085,0.9962,2.819,,,,,,,
66,Right,20,0.0003,0.0016,0.0243,0.0000,0.0000,0.0000,1.0000,2.819,,,,,,,
66,Right,21,0.0230,-0.0094,0.0341,0.0183,0.1403,-0.2070,0.9680,2.819,,,,,,,
66,Right,22,0.0000,0.0000,0.0457,0.1518,0.0505,0.0786,0.9840,2.819,,,,,,,
66,Right,23,0.0000,0.0000,0.0307,0.2059,0.0335,-0.0560,0.9764,2.819,,,,,,,
66,Right,24,0.0000,0.0000,0.0203,0.0454,-0.0491,0.0009,0.9978,2.819,,,,,,,
66,Right,25,-0.0002,0.0012,0.0219,0.0000,0.0000,0.0000,1.0000,2.819,,,,,,,
67,Left,0,0.0012,-0.0059,0.0657,0.0000,0.0000,0.0000,1.0000,2.860,,,,,,,
67,Left,1,0.0000,0.0000,0.0000,0.0000,0.0000,0.0000,1.0000,2.860,-0.0070,-0.2997,-0.2172,-0.4811,-0.0802,-0.0235,0.8726
67,Left,2,0.0242,-0.0227,0.0375,0.0598,0.3276,-0.6900,0.6427,2.860,,,,,,,
67,Left,3,0.0000,0.0000,0.0325,0.3705,-0.0343,0.0781,0.9249,2.860,,,,,,,
67,Left,4,0.0000,0.0000,0.0338,0.2331,0.0395,-0.0747,0.9688,2.860,,,,,,,
67,Left,5,-0.0007,0.0010,0.0246,0.0000,0.0000,0.0000,1.0000,2.860,,,,,,,
67,Left,6,0.0168,-0.0128,0.0380,0.0000,0.0000,0.0000,1.0000,2.860,,,,,,,
67,Left,7,0.0067,0.0055,0.0580,0.1745,0.0641,-0.0423,0.9817,2.860,,,,,,,
67,Left,8,0.0000,0.0000,0.0379,0.0310,-0.0064,0.0260,0.9992,2.860,,,,,,,
67,Left,9,0.0000,0.0000,0.0243,-0.0129,-0.0262,0.0164,0.9994,2.860,,,,,,,
67,Left,10,-0.0003,0.0010,0.0224,0.0000,0.0000,0.0000,1.0000,2.860,,,,,,,
67,Left,11,0.0006,-0.0093,0.0358,0.0000,0.0000,0.0000,1.0000,2.860,,,,,,,
67,Left,12,0.0011,0.0068,0.0598,0.2349,-0.0259,0.0129,0.9716,2.860,,,,,,,
67,Left,13,0.0000,0.0000,0.0429,-0.0007,-0.0044,0.0112,0.9999,2.860,,,,,,,
67,Left,14,0.0000,0.0000,0.0275,-0.0304,-0.0019,0.0406,0.9987,2.860,,,,,,,
67,Left,15,-0.0003,0.0011,0.0250,0.0000,0.0000,0.0000,1.0000,2.860,,,,,,,
67,Left,16,-0.0150,-0.0060,0.0348,0.0000,0.0000,0.0000,1.0000,2.860,,,,,,,
67,Left,17,-0.0025,-0.0005,0.0539,0.4392,-0.0720,0.0858,0.8914,2.860,,,,,,,
67,Left,18,0.0000,0.0000,0.0390,0.6425,0.0192,0.0419,0.7649,2.860,,,,,,,
67,Left,19,0.0000,0.0000,0.0266,0.4367,0.0284,0.0247,0.8988,2.860,,,,,,,
67,Left,20,-0.0003,0.0016,0.0243,0.0000,0.0000,0.0000,1.0000,2.860,,,,,,,
67,Left,21,-0.0230,-0.0094,0.0341,0.0183,-0.1403,0.2070,0.9680,2.860,,,,,,,
67,Left,22,0.0000,0.0000,0.0457,0.4927,-0.0562,-0.0508,0.8669,2.860,,,,,,,
67,Left,23,0.0000,0.0000,0.0307,0.6606,-0.0060,0.0870,0.7456,2.860,,,,,,,
67,Left,24,0.0000,0.0000,0.0203,0.4437,0.0437,-0.0022,0.8951,2.860,,,,,,,
67,Left,25,0.0002,0.0012,0.0219,0.0000,0.0000,0.0000,1.0000,2.860,,,,,,,
67,Right,0,-0.0024,-0.0053,0.0652,0.0000,0.0000,0.0000,1.0000,2.860,,,,,,,
67,Right,1,0.0000,0.0000,0.0000,0.0000,0.0000,0.0000,1.0000,2.860,0.3587,-0.2258,-0.2327,0.4214,0.4085,-0.0478,-0.8082
67,Right,2,-0.0290,-0.0180,0.0354,-0.0630,-0.3440,0.6010,0.7186,2.860,,,,,,,
67,Right,3,0.0000,0.0000,0.0325,0.2592,0.0462,-0.0809,0.9613,2.860,,,,,,,
67,Right,4,0.0000,0.0000,0.0338,0.1305,-0.0491,0.0786,0.9871,2.860,,,,,,,
67,Right,5,0.0007,0.0010,0.0246,0.0000,0.0000,0.0000,1.0000,2.860,,,,,,,
67,Right,6,-0.0192,-0.0105,0.0369,0.0000,0.0000,0.0000,1.0000,2.860,,,,,,,
67,Right,7,-0.0044,0.0031,0.0591,0.1279,0.0076,0.0326,0.9912,2.860,,,,,,,
67,Right,8,0.0000,0.0000,0.0379,0.1673,0.0028,-0.0263,0.9856,2.860,,,,,,,
67,Right,9,0.0000,0.0000,0.0243,0.0619,0.0250,-0.0167,0.9976,2.860,,,,,,,
67,Right,10,0.0003,0.0010,0.0224,0.0000,0.0000,0.0000,1.0000,2.860,,,,,,,
67,Right,11,-0.0030,-0.0081,0.0347,0.0000,0.0000,0.0000,1.0000,2.860,,,,,,,
67,Right,12,0.0013,0.0056,0.0609,0.2620,0.0636,-0.0221,0.9627,2.860,,,,,,,
67,Right,13,0.0000,0.0000,0.0429,0.1433,0.0027,-0.0120,0.9896,2.860,,,,,,,
67,Right,14,0.0000,0.0000,0.0275,0.0278,-0.0007,-0.0463,0.9985,2.860,,,,,,,
67,Right,15,0.0003,0.0011,0.0250,0.0000,0.0000,0.0000,1.0000,2.860,,,,,,,
67,Right,16,0.0150,-0.0060,0.0348,0.0000,0.0000,0.0000,1.0000,2.860,,,,,,,
67,Right,17,0.0025,-0.0005,0.0539,0.2595,0.1063,-0.0758,0.9569,2.860,,,,,,,
67,Right,18,0.0000,0.0000,0.0390,0.1571,-0.0023,-0.0370,0.9869,2.860,,,,,,,
67,Right,19,0.0000,0.0000,0.0266,0.0821,-0.0296,-0.0085,0.9961,2.860,,,,,,,
67,Right,20,0.0003,0.0016,0.0243,0.0000,0.0000,0.0000,1.0000,2.860,,,,,,,
67,Right,21,0.0230,-0.0094,0.0341,0.0183,0.1403,-0.2070,0.9680,2.860,,,,,,,
67,Right,22,0.0000,0.0000,0.0457,0.1542,0.0517,0.0782,0.9836,2.860,,,,,,,
67,Right,23,0.0000,0.0000,0.0307,0.2054,0.0335,-0.0560,0.9765,2.860,,,,,,,
67,Right,24,0.0000,0.0000,0.0203,0.0453,-0.0491,0.0009,0.9978,2.860,,,,,,,
67,Right,25,-0.0002,0.0012,0.0219,0.0000,0.0000,0.0000,1.0000,2.860,,,,,,,
68,Left,0,0.0012,-0.0059,0.0657,0.0000,0.0000,0.0000,1.0000,2.902,,,,,,,
68,Left,1,0.0000,0.0000,0.0000,0.0000,0.0000,0.0000,1.0000,2.902,-0.0083,-0.3160,-0.2122,-0.4730,-0.0821,-0.0130,0.8771
68,Left,2,0.0242,-0.0227,0.0375,0.0658,0.3333,-0.6900,0.6391,2.902,,,,,,,
68,Left,3,0.0000,0.0000,0.0325,0.3719,-0.0342,0.0780,0.9243,2.902,,,,,,,
68,Left,4,0.0000,0.0000,0.0338,0.2320,0.0396,-0.0747,0.9690,2.902,,,,,,,
68,Left,5,-0.0007,0.0010,0.0246,0.0000,0.0000,0.0000,1.0000,2.902,,,,,,,
68,Left,6,0.0168,-0.0128,0.0380,0.0000,0.0000,0.0000,1.0000,2.902,,,,,,,
68,Left,7,0.0067,0.0055,0.0580,0.1338,0.0664,-0.0384,0.9880,2.902,,,,,,,
68,Left,8,0.0000,0.0000,0.0379,0.0304,-0.0064,0.0260,0.9992,2.902,,,,,,,
68,Left,9,0.0000,0.0000,0.0243,-0.0146,-0.0263,0.0164,0.9994,2.902,,,,,,,
68,Left,10,-0.0003,0.0010,0.0224,0.0000,0.0000,0.0000,1.0000,2.902,,,,,,,
68,Left,11,0.0006,-0.0093,0.0358,0.0000,0.0000,0.0000,1.0000,2.902,,,,,,,
68,Left,12,0.0011,0.0068,0.0598,0.2091,-0.0246,0.0121,0.9775,2.902,,,,,,,
68,Left,13,0.0000,0.0000,0.0429,-0.0008,-0.0044,0.0112,0.9999,2.902,,,,,,,
68,Left,14,0.0000,0.0000,0.0275,-0.0314,-0.0019,0.0405,0.9987,2.902,,,,,,,
68,Left,15,-0.0003,0.0011,0.0250,0.0000,0.0000,0.0000,1.0000,2.902,,,,,,,
68,Left,16,-0.0150,-0.0060,0.0348,0.0000,0.0000,0.0000,1.0000,2.902,,,,,,,
68,Left,17,-0.0025,-0.0005,0.0539,0.4328,-0.0704,0.0844,0.8948,2.902,,,,,,,
68,Left,18,0.0000,0.0000,0.0390,0.6478,0.0194,0.0419,0.7604,2.902,,,,,,,
68,Left,19,0.0000,0.0000,0.0266,0.4356,0.0284,0.0246,0.8993,2.902,,,,,,,
68,Left,20,-0.0003,0.0016,0.0243,0.0000,0.0000,0.0000,1.0000,2.902,,,,,,,
68,Left,21,-0.0230,-0.0094,0.0341,0.0183,-0.1403,0.2070,0.9680,2.902,,,,,,,
68,Left,22,0.0000,0.0000,0.0457,0.4925,-0.0525,-0.0529,0.8671,2.902,,,,,,,
68,Left,23,0.0000,0.0000,0.0307,0.6618,-0.0059,0.0871,0.7446,2.902,,,,,,,
68,Left,24,0.0000,0.0000,0.0203,0.4435,0.0437,-0.0022,0.8952,2.902,,,,,,,
68,Left,25,0.0002,0.0012,0.0219,0.0000,0.0000,0.0000,1.0000,2.902,,,,,,,
68,Right,0,-0.0024,-0.0053,0.0652,0.0000,0.0000,0.0000,1.0000,2.902,,,,,,,
68,Right,1,0.0000,0.0000,0.0000,0.0000,0.0000,0.0000,1.0000,2.902,0.3576,-0.2259,-0.2332,0.4209,0.4095,-0.0528,-0.8077
68,Right,2,-0.0290,-0.0180,0.0354,-0.0628,-0.3442,0.6011,0.7185,2.902,,,,,,,
68,Right,3,0.0000,0.0000,0.0325,0.2604,0.0461,-0.0809,0.9610,2.902,,,,,,,
68,Right,4,0.0000,0.0000,0.0338,0.1314,-0.0490,0.0786,0.9870,2.902,,,,,,,
68,Right,5,0.0007,0.0010,0.0246,0.0000,0.0000,0.0000,1.0000,2.902,,,,,,,
68,Right,6,-0.0192,-0.0105,0.0369,0.0000,0.0000,0.0000,1.0000,2.902,,,,,,,
68,Right,7,-0.0044,0.0031,0.0591,0.1289,0.0084,0.0326,0.9911,2.902,,,,,,,
68,Right,8,0.0000,0.0000,0.0379,0.1660,0.0028,-0.0263,0.9858,2.902,,,,,,,
68,Right,9,0.0000,0.0000,0.0243,0.0610,0.0250,-0.0167,0.9977,2.902,,,,,,,
68,Right,10,0.0003,0.0010,0.0224,0.0000,0.0000,0.0000,1.0000,2.902,,,,,,,
68,Right,11,-0.0030,-0.0081,0.0347,0.0000,0.0000,0.0000,1.0000,2.902,,,,,,,
68,Right,12,0.0013,0.0056,0.0609,0.2620,0.0639,-0.0221,0.9627,2.902,,,,,,,
68,Right,13,0.0000,0.0000,0.0429,0.1425,0.0027,-0.0120,0.9897,2.902,,,,,,,
68,Right,14,0.0000,0.0000,0.0275,0.0273,-0.0006,-0.0463,0.9986,2.902,,,,,,,
68,Right,15,0.0003,0.0011,0.0250,0.0000,0.0000,0.0000,1.0000,2.902,,,,,,,
68,Right,16,0.0150,-0.0060,0.0348,0.0000,0.0000,0.0000,1.0000,2.902,,,,,,,
68,Right,17,0.0025,-0.0005,0.0539,0.2586,0.1059,-0.0756,0.9572,2.902,,,,,,,
68,Right,18,0.0000,0.0000,0.0390,0.1562,-0.0023,-0.0370,0.9870,2.902,,,,,,,
68,Right,19,0.0000,0.0000,0.0266,0.0820,-0.0296,-0.0085,0.9962,2.902,,,,,,,
68,Right,20,0.0003,0.0016,0.0243,0.0000,0.0000,0.0000,1.0000,2.902,,,,,,,
68,Right,21,0.0230,-0.0094,0.0341,0.0183,0.1403,-0.2070,0.9680,2.902,,,,,,,
68,Right,22,0.0000,0.0000,0.0457,0.1555,0.0523,0.0780,0.9834,2.902,,,,,,,
68,Right,23,0.0000,0.0000,0.0307,0.2041,0.0336,-0.0559,0.9768,2.902,,,,,,,
68,Right,24,0.0000,0.0000,0.0203,0.0448,-0.0491,0.0009,0.9978,2.902,,,,,,,
68,Right,25,-0.0002,0.0012,0.0219,0.0000,0.0000,0.0000,1.0000,2.902,,,,,,,
69,Left,0,0.0012,-0.0059,0.0657,0.0000,0.0000,0.0000,1.0000,2.944,,,,,,,
69,Left,1,0.0000,0.0000,0.0000,0.0000,0.0000,0.0000,1.0000,2.944,-0.0028,-0.3155,-0.2386,-0.4653,-0.0853,-0.0056,0.8810
69,Left,2,0.0242,-0.0228,0.0375,0.0722,0.3391,-0.6901,0.6352,2.944,,,,,,,
69,Left,3,0.0000,0.0000,0.0325,0.3776,-0.0335,0.0779,0.9221,2.944,,,,,,,
69,Left,4,0.0000,0.0000,0.0338,0.2316,0.0396,-0.0747,0.9691,2.944,,,,,,,
69,Left,5,-0.0007,0.0010,0.0246,0.0000,0.0000,0.0000,1.0000,2.944,,,,,,,
69,Left,6,0.0168,-0.0128,0.0380,0.0000,0.0000,0.0000,1.0000,2.944,,,,,,,
69,Left,7,0.0068,0.0055,0.0580,0.1419,0.0670,-0.0392,0.9868,2.944,,,,,,,
69,Left,8,0.0000,0.0000,0.0379,0.0318,-0.0064,0.0260,0.9991,2.944,,,,,,,
69,Left,9,0.0000,0.0000,0.0243,-0.0157,-0.0263,0.0164,0.9994,2.944,,,,,,,
69,Left,10,-0.0003,0.0010,0.0224,0.0000,0.0000,0.0000,1.0000,2.944,,,,,,,
69,Left,11,0.0006,-0.0093,0.0358,0.0000,0.0000,0.0000,1.0000,2.944,,,,,,,
69,Left,12,0.0011,0.0068,0.0598,0.2034,-0.0225,0.0116,0.9788,2.944,,,,,,,
69,Left,13,0.0000,0.0000,0.0429,-0.0009,-0.0044,0.0112,0.9999,2.944,,,,,,,
69,Left,14,0.0000,0.0000,0.0275,-0.0329,-0.0020,0.0404,0.9986,2.944,,,,,,,
69,Left,15,-0.0003,0.0011,0.0250,0.0000,0.0000,0.0000,1.0000,2.944,,,,,,,
69,Left,16,-0.0150,-0.0060,0.0348,0.0000,0.0000,0.0000,1.0000,2.944,,,,,,,
69,Left,17,-0.0025,-0.0005,0.0539,0.4326,-0.0689,0.0838,0.8951,2.944,,,,,,,
69,Left,18,0.0000,0.0000,0.0390,0.6527,0.0196,0.0418,0.7562,2.944,,,,,,,
69,Left,19,0.0000,0.0000,0.0266,0.4349,0.0284,0.0246,0.8997,2.944,,,,,,,
69,Left,20,-0.0003,0.0016,0.0243,0.0000,0.0000,0.0000,1.0000,2.944,,,,,,,
69,Left,21,-0.0230,-0.0094,0.0341,0.0183,-0.1403,0.2070,0.9680,2.944,,,,,,,
69,Left,22,0.0000,0.0000,0.0457,0.4935,-0.0452,-0.0569,0.8667,2.944,,,,,,,
69,Left,23,0.0000,0.0000,0.0307,0.6627,-0.0059,0.0871,0.7438,2.944,,,,,,,
69,Left,24,0.0000,0.0000,0.0203,0.4423,0.0438,-0.0022,0.8958,2.944,,,,,,,
69,Left,25,0.0002,0.0012,0.0219,0.0000,0.0000,0.0000,1.0000,2.944,,,,,,,
69,Right,0,-0.0023,-0.0053,0.0652,0.0000,0.0000,0.0000,1.0000,2.944,,,,,,,
69,Right,1,0.0000,0.0000,0.0000,0.0000,0.0000,0.0000,1.0000,2.944,0.3544,-0.2265,-0.2357,0.4193,0.4101,-0.0541,-0.8081
69,Right,2,-0.0289,-0.0180,0.0354,-0.0620,-0.3439,0.6019,0.7181,2.944,,,,,,,
69,Right,3,0.0000,0.0000,0.0325,0.2619,0.0459,-0.0809,0.9606,2.944,,,,,,,
69,Right,4,0.0000,0.0000,0.0338,0.1327,-0.0489,0.0785,0.9868,2.944,,,,,,,
69,Right,5,0.0007,0.0010,0.0246,0.0000,0.0000,0.0000,1.0000,2.944,,,,,,,
69,Right,6,-0.0192,-0.0105,0.0369,0.0000,0.0000,0.0000,1.0000,2.944,,,,,,,
69,Right,7,-0.0044,0.0032,0.0591,0.1303,0.0096,0.0325,0.9909,2.944,,,,,,,
69,Right,8,0.0000,0.0000,0.0379,0.1649,0.0028,-0.0263,0.9860,2.944,,,,,,,
69,Right,9,0.0000,0.0000,0.0243,0.0601,0.0250,-0.0167,0.9977,2.944,,,,,,,
69,Right,10,0.0003,0.0010,0.0224,0.0000,0.0000,0.0000,1.0000,2.944,,,,,,,
69,Right,11,-0.0030,-0.0081,0.0348,0.0000,0.0000,0.0000,1.0000,2.944,,,,,,,
69,Right,12,0.0012,0.0056,0.0609,0.2619,0.0635,-0.0220,0.9627,2.944,,,,,,,
69,Right,13,0.0000,0.0000,0.0429,0.1411,0.0027,-0.0120,0.9899,2.944,,,,,,,
69,Right,14,0.0000,0.0000,0.0275,0.0264,-0.0006,-0.0462,0.9986,2.944,,,,,,,
69,Right,15,0.0003,0.0011,0.0250,0.0000,0.0000,0.0000,1.0000,2.944,,,,,,,
69,Right,16,0.0150,-0.0060,0.0348,0.0000,0.0000,0.0000,1.0000,2.944,,,,,,,
69,Right,17,0.0025,-0.0005,0.0539,0.2586,0.1054,-0.0755,0.9572,2.944,,,,,,,
69,Right,18,0.0000,0.0000,0.0390,0.1559,-0.0023,-0.0370,0.9871,2.944,,,,,,,
69,Right,19,0.0000,0.0000,0.0266,0.0818,-0.0296,-0.0085,0.9962,2.944,,,,,,,
69,Right,20,0.0003,0.0016,0.0243,0.0000,0.0000,0.0000,1.0000,2.944,,,,,,,
69,Right,21,0.0230,-0.0094,0.0341,0.0183,0.1403,-0.2070,0.9680,2.944,,,,,,,
69,Right,22,0.0000,0.0000,0.0457,0.1588,0.0528,0.0777,0.9828,2.944,,,,,,,
69,Right,23,0.0000,0.0000,0.0307,0.2032,0.0336,-0.0558,0.9770,2.944,,,,,,,
69,Right,24,0.0000,0.0000,0.0203,0.0445,-0.0491,0.0009,0.9978,2.944,,,,,,,
69,Right,25,-0.0002,0.0012,0.0219,0.0000,0.0000,0.0000,1.0000,2.944,,,,,,,
70,Left,0,0.0012,-0.0059,0.0657,0.0000,0.0000,0.0000,1.0000,2.985,,,,,,,
70,Left,1,0.0000,0.0000,0.0000,0.0000,0.0000,0.0000,1.0000,2.985,-0.0030,-0.3235,-0.2350,-0.4637,-0.0901,-0.0038,0.8814
70,Left,2,0.0242,-0.0228,0.0375,0.0727,0.3395,-0.6902,0.6349,2.985,,,,,,,
70,Left,3,0.0000,0.0000,0.0325,0.3783,-0.0334,0.0778,0.9218,2.985,,,,,,,
70,Left,4,0.0000,0.0000,0.0338,0.2305,0.0397,-0.0748,0.9694,2.985,,,,,,,
70,Left,5,-0.0007,0.0010,0.0246,0.0000,0.0000,0.0000,1.0000,2.985,,,,,,,
70,Left,6,0.0168,-0.0128,0.0380,0.0000,0.0000,0.0000,1.0000,2.985,,,,,,,
70,Left,7,0.0068,0.0055,0.0580,0.1426,0.0706,-0.0396,0.9865,2.985,,,,,,,
70,Left,8,0.0000,0.0000,0.0379,0.0319,-0.0064,0.0260,0.9991,2.985,,,,,,,
70,Left,9,0.0000,0.0000,0.0243,-0.0174,-0.0263,0.0164,0.9994,2.985,,,,,,,
70,Left,10,-0.0003,0.0010,0.0224,0.0000,0.0000,0.0000,1.0000,2.985,,,,,,,
70,Left,11,0.0006,-0.0093,0.0358,0.0000,0.0000,0.0000,1.0000,2.985,,,,,,,
70,Left,12,0.0011,0.0068,0.0598,0.2031,-0.0189,0.0110,0.9789,2.985,,,,,,,
70,Left,13,0.0000,0.0000,0.0429,-0.0006,-0.0044,0.0112,0.9999,2.985,,,,,,,
70,Left,14,0.0000,0.0000,0.0275,-0.0341,-0.0020,0.0403,0.9986,2.985,,,,,,,
70,Left,15,-0.0003,0.0011,0.0250,0.0000,0.0000,0.0000,1.0000,2.985,,,,,,,
70,Left,16,-0.0150,-0.0060,0.0348,0.0000,0.0000,0.0000,1.0000,2.985,,,,,,,
70,Left,17,-0.0025,-0.0005,0.0539,0.4264,-0.0627,0.0806,0.8988,2.985,,,,,,,
70,Left,18,0.0000,0.0000,0.0390,0.6544,0.0197,0.0418,0.7547,2.985,,,,,,,
70,Left,19,0.0000,0.0000,0.0266,0.4341,0.0284,0.0246,0.9001,2.985,,,,,,,
70,Left,20,-0.0003,0.0016,0.0243,0.0000,0.0000,0.0000,1.0000,2.985,,,,,,,
70,Left,21,-0.0230,-0.0094,0.0341,0.0183,-0.1403,0.2070,0.9680,2.985,,,,,,,
70,Left,22,0.0000,0.0000,0.0457,0.4804,-0.0429,-0.0588,0.8740,2.985,,,,,,,
70,Left,23,0.0000,0.0000,0.0307,0.6654,-0.0057,0.0872,0.7414,2.985,,,,,,,
70,Left,24,0.0000,0.0000,0.0203,0.4424,0.0438,-0.0022,0.8957,2.985,,,,,,,
70,Left,25,0.0002,0.0012,0.0219,0.0000,0.0000,0.0000,1.0000,2.985,,,,,,,
70,Right,0,-0.0023,-0.0053,0.0652,0.0000,0.0000,0.0000,1.0000,2.985,,,,,,,
70,Right,1,0.0000,0.0000,0.0000,0.0000,0.0000,0.0000,1.0000,2.985,0.3532,-0.2272,-0.2361,0.4179,0.4104,-0.0570,-0.8085
70,Right,2,-0.0289,-0.0181,0.0354,-0.0613,-0.3439,0.6024,0.7177,2.985,,,,,,,
70,Right,3,0.0000,0.0000,0.0325,0.2631,0.0458,-0.0808,0.9603,2.985,,,,,,,
70,Right,4,0.0000,0.0000,0.0338,0.1343,-0.0487,0.0785,0.9866,2.985,,,,,,,
70,Right,5,0.0007,0.0010,0.0246,0.0000,0.0000,0.0000,1.0000,2.985,,,,,,,
70,Right,6,-0.0192,-0.0105,0.0369,0.0000,0.0000,0.0000,1.0000,2.985,,,,,,,
70,Right,7,-0.0044,0.0032,0.0591,0.1311,0.0105,0.0325,0.9908,2.985,,,,,,,
70,Right,8,0.0000,0.0000,0.0379,0.1632,0.0029,-0.0263,0.9862,2.985,,,,,,,
70,Right,9,0.0000,0.0000,0.0243,0.0591,0.0250,-0.0167,0.9978,2.985,,,,,,,
70,Right,10,0.0003,0.0010,0.0224,0.0000,0.0000,0.0000,1.0000,2.985,,,,,,,
70,Right,11,-0.0030,-0.0081,0.0348,0.0000,0.0000,0.0000,1.0000,2.985,,,,,,,
70,Right,12,0.0012,0.0056,0.0609,0.2612,0.0633,-0.0219,0.9630,2.985,,,,,,,
70,Right,13,0.0000,0.0000,0.0429,0.1395,0.0027,-0.0120,0.9901,2.985,,,,,,,
70,Right,14,0.0000,0.0000,0.0275,0.0256,-0.0006,-0.0461,0.9986,2.985,,,,,,,
70,Right,15,0.0003,0.0011,0.0250,0.0000,0.0000,0.0000,1.0000,2.985,,,,,,,
70,Right,16,0.0150,-0.0060,0.0348,0.0000,0.0000,0.0000,1.0000,2.985,,,,,,,
70,Right,17,0.0025,-0.0005,0.0539,0.2580,0.1051,-0.0753,0.9575,2.985,,,,,,,
70,Right,18,0.0000,0.0000,0.0390,0.1546,-0.0022,-0.0370,0.9873,2.985,,,,,,,
70,Right,19,0.0000,0.0000,0.0266,0.0813,-0.0296,-0.0085,0.9962,2.985,,,,,,,
70,Right,20,0.0003,0.0016,0.0243,0.0000,0.0000,0.0000,1.0000,2.985,,,,,,,
70,Right,21,0.0230,-0.0094,0.0341,0.0183,0.1403,-0.2070,0.9680,2.985,,,,,,,
70,Right,22,0.0000,0.0000,0.0457,0.1596,0.0527,0.0776,0.9827,2.985,,,,,,,
70,Right,23,0.0000,0.0000,0.0307,0.2016,0.0337,-0.0557,0.9773,2.985,,,,,,,
70,Right,24,0.0000,0.0000,0.0203,0.0437,-0.0491,0.0009,0.9978,2.985,,,,,,,
70,Right,25,-0.0002,0.0012,0.0219,0.0000,0.0000,0.0000,1.0000,2.985,,,,,,,
71,Left,0,0.0012,-0.0059,0.0657,0.0000,0.0000,0.0000,1.0000,3.027,,,,,,,
71,Left,1,0.0000,0.0000,0.0000,0.0000,0.0000,0.0000,1.0000,3.027,-0.0054,-0.3413,-0.2300,-0.4888,-0.0897,-0.0055,0.8678
71,Left,2,0.0242,-0.0228,0.0375,0.0722,0.3389,-0.6902,0.6352,3.027,,,,,,,
71,Left,3,0.0000,0.0000,0.0325,0.3794,-0.0333,0.0778,0.9214,3.027,,,,,,,
71,Left,4,0.0000,0.0000,0.0338,0.2222,0.0405,-0.0751,0.9713,3.027,,,,,,,
71,Left,5,-0.0007,0.0010,0.0246,0.0000,0.0000,0.0000,1.0000,3.027,,,,,,,
71,Left,6,0.0168,-0.0128,0.0380,0.0000,0.0000,0.0000,1.0000,3.027,,,,,,,
71,Left,7,0.0068,0.0055,0.0580,0.1439,0.0715,-0.0398,0.9862,3.027,,,,,,,
71,Left,8,0.0000,0.0000,0.0379,0.0324,-0.0064,0.0260,0.9991,3.027,,,,,,,
71,Left,9,0.0000,0.0000,0.0243,-0.0194,-0.0263,0.0164,0.9993,3.027,,,,,,,
71,Left,10,-0.0003,0.0010,0.0224,0.0000,0.0000,0.0000,1.0000,3.027,,,,,,,
71,Left,11,0.0006,-0.0093,0.0358,0.0000,0.0000,0.0000,1.0000,3.027,,,,,,,
71,Left,12,0.0011,0.0068,0.0598,0.2033,-0.0185,0.0110,0.9789,3.027,,,,,,,
71,Left,13,0.0000,0.0000,0.0429,0.0064,-0.0043,0.0113,0.9999,3.027,,,,,,,
71,Left,14,0.0000,0.0000,0.0275,-0.0341,-0.0020,0.0403,0.9986,3.027,,,,,,,
71,Left,15,-0.0003,0.0011,0.0250,0.0000,0.0000,0.0000,1.0000,3.027,,,,,,,
71,Left,16,-0.0150,-0.0060,0.0348,0.0000,0.0000,0.0000,1.0000,3.027,,,,,,,
71,Left,17,-0.0025,-0.0005,0.0539,0.3851,-0.0659,0.0778,0.9172,3.027,,,,,,,
71,Left,18,0.0000,0.0000,0.0390,0.6553,0.0197,0.0418,0.7540,3.027,,,,,,,
71,Left,19,0.0000,0.0000,0.0266,0.4321,0.0284,0.0245,0.9011,3.027,,,,,,,
71,Left,20,-0.0003,0.0016,0.0243,0.0000,0.0000,0.0000,1.0000,3.027,,,,,,,
71,Left,21,-0.0230,-0.0094,0.0341,0.0183,-0.1403,0.2070,0.9680,3.027,,,,,,,
71,Left,22,0.0000,0.0000,0.0457,0.4458,-0.0395,-0.0621,0.8921,3.027,,,,,,,
71,Left,23,0.0000,0.0000,0.0307,0.6661,-0.0056,0.0873,0.7407,3.027,,,,,,,
71,Left,24,0.0000,0.0000,0.0203,0.4429,0.0438,-0.0022,0.8955,3.027,,,,,,,
71,Left,25,0.0002,0.0012,0.0219,0.0000,0.0000,0.0000,1.0000,3.027,,,,,,,
71,Right,0,-0.0023,-0.0053,0.0652,0.0000,0.0000,0.0000,1.0000,3.027,,,,,,,
71,Right,1,0.0000,0.0000,0.0000,0.0000,0.0000,0.0000,1.0000,3.027,0.3525,-0.2277,-0.2364,0.4145,0.4129,-0.0636,-0.8085
71,Right,2,-0.0289,-0.0181,0.0355,-0.0610,-0.3439,0.6027,0.7175,3.027,,,,,,,
71,Right,3,0.0000,0.0000,0.0325,0.2642,0.0457,-0.0808,0.9600,3.027,,,,,,,
71,Right,4,0.0000,0.0000,0.0338,0.1352,-0.0486,0.0784,0.9865,3.027,,,,,,,
71,Right,5,0.0007,0.0010,0.0246,0.0000,0.0000,0.0000,1.0000,3.027,,,,,,,
71,Right,6,-0.0192,-0.0105,0.0369,0.0000,0.0000,0.0000,1.0000,3.027,,,,,,,
71,Right,7,-0.0044,0.0032,0.0591,0.1315,0.0113,0.0324,0.9907,3.027,,,,,,,
71,Right,8,0.0000,0.0000,0.0379,0.1599,0.0030,-0.0263,0.9868,3.027,,,,,,,
71,Right,9,0.0000,0.0000,0.0243,0.0583,0.0250,-0.0167,0.9978,3.027,,,,,,,
71,Right,10,0.0003,0.0010,0.0224,0.0000,0.0000,0.0000,1.0000,3.027,,,,,,,
71,Right,11,-0.0029,-0.0081,0.0348,0.0000,0.0000,0.0000,1.0000,3.027,,,,,,,
71,Right,12,0.0012,0.0056,0.0609,0.2582,0.0636,-0.0218,0.9638,3.027,,,,,,,
71,Right,13,0.0000,0.0000,0.0429,0.1345,0.0028,-0.0120,0.9908,3.027,,,,,,,
71,Right,14,0.0000,0.0000,0.0275,0.0247,-0.0005,-0.0460,0.9986,3.027,,,,,,,
71,Right,15,0.0003,0.0011,0.0250,0.0000,0.0000,0.0000,1.0000,3.027,,,,,,,
71,Right,16,0.0150,-0.0060,0.0348,0.0000,0.0000,0.0000,1.0000,3.027,,,,,,,
71,Right,17,0.0025,-0.0005,0.0539,0.2562,0.1054,-0.0752,0.9579,3.027,,,,,,,
71,Right,18,0.0000,0.0000,0.0390,0.1514,-0.0021,-0.0369,0.9878,3.027,,,,,,,
71,Right,19,0.0000,0.0000,0.0266,0.0805,-0.0296,-0.0084,0.9963,3.027,,,,,,,
71,Right,20,0.0003,0.0016,0.0243,0.0000,0.0000,0.0000,1.0000,3.027,,,,,,,
71,Right,21,0.0230,-0.0094,0.0341,0.0183,0.1403,-0.2070,0.9680,3.027,,,,,,,
71,Right,22,0.0000,0.0000,0.0457,0.1602,0.0530,0.0775,0.9826,3.027,,,,,,,
71,Right,23,0.0000,0.0000,0.0307,0.1984,0.0339,-0.0554,0.9780,3.027,,,,,,,
71,Right,24,0.0000,0.0000,0.0203,0.0429,-0.0491,0.0009,0.9979,3.027,,,,,,,
71,Right,25,-0.0002,0.0012,0.0219,0.0000,0.0000,0.0000,1.0000,3.027,,,,,,,
72,Left,0,0.0012,-0.0059,0.0657,0.0000,0.0000,0.0000,1.0000,3.069,,,,,,,
72,Left,1,0.0000,0.0000,0.0000,0.0000,0.0000,0.0000,1.0000,3.069,-0.0078,-0.3438,-0.2283,-0.4864,-0.0931,-0.0129,0.8687
72,Left,2,0.0242,-0.0228,0.0375,0.0725,0.3393,-0.6901,0.6351,3.069,,,,,,,
72,Left,3,0.0000,0.0000,0.0325,0.3906,-0.0321,0.0774,0.9167,3.069,,,,,,,
72,Left,4,0.0000,0.0000,0.0338,0.2204,0.0407,-0.0752,0.9717,3.069,,,,,,,
72,Left,5,-0.0007,0.0010,0.0246,0.0000,0.0000,0.0000,1.0000,3.069,,,,,,,
72,Left,6,0.0168,-0.0128,0.0380,0.0000,0.0000,0.0000,1.0000,3.069,,,,,,,
72,Left,7,0.0068,0.0055,0.0580,0.1456,0.0708,-0.0399,0.9860,3.069,,,,,,,
72,Left,8,0.0000,0.0000,0.0379,0.0328,-0.0063,0.0260,0.9991,3.069,,,,,,,
72,Left,9,0.0000,0.0000,0.0243,-0.0205,-0.0264,0.0163,0.9993,3.069,,,,,,,
72,Left,10,-0.0003,0.0010,0.0224,0.0000,0.0000,0.0000,1.0000,3.069,,,,,,,
72,Left,11,0.0006,-0.0093,0.0358,0.0000,0.0000,0.0000,1.0000,3.069,,,,,,,
72,Left,12,0.0011,0.0068,0.0598,0.2031,-0.0195,0.0111,0.9789,3.069,,,,,,,
72,Left,13,0.0000,0.0000,0.0429,0.0069,-0.0043,0.0113,0.9999,3.069,,,,,,,
72,Left,14,0.0000,0.0000,0.0275,-0.0341,-0.0020,0.0403,0.9986,3.069,,,,,,,
72,Left,15,-0.0003,0.0011,0.0250,0.0000,0.0000,0.0000,1.0000,3.069,,,,,,,
72,Left,16,-0.0150,-0.0060,0.0348,0.0000,0.0000,0.0000,1.0000,3.069,,,,,,,
72,Left,17,-0.0025,-0.0005,0.0539,0.3852,-0.0650,0.0774,0.9173,3.069,,,,,,,
72,Left,18,0.0000,0.0000,0.0390,0.6550,0.0197,0.0418,0.7542,3.069,,,,,,,
72,Left,19,0.0000,0.0000,0.0266,0.4306,0.0284,0.0244,0.9017,3.069,,,,,,,
72,Left,20,-0.0003,0.0016,0.0243,0.0000,0.0000,0.0000,1.0000,3.069,,,,,,,
72,Left,21,-0.0230,-0.0094,0.0341,0.0183,-0.1403,0.2070,0.9680,3.069,,,,,,,
72,Left,22,0.0000,0.0000,0.0457,0.4453,-0.0389,-0.0624,0.8924,3.069,,,,,,,
72,Left,23,0.0000,0.0000,0.0307,0.6664,-0.0056,0.0873,0.7404,3.069,,,,,,,
72,Left,24,0.0000,0.0000,0.0203,0.4428,0.0438,-0.0022,0.8955,3.069,,,,,,,
72,Left,25,0.0002,0.0012,0.0219,0.0000,0.0000,0.0000,1.0000,3.069,,,,,,,
72,Right,0,-0.0023,-0.0053,0.0652,0.0000,0.0000,0.0000,1.0000,3.069,,,,,,,
72,Right,1,0.0000,0.0000,0.0000,0.0000,0.0000,0.0000,1.0000,3.069,0.3514,-0.2276,-0.2374,0.4057,0.4138,-0.0718,-0.8118
72,Right,2,-0.0289,-0.0181,0.0355,-0.0605,-0.3443,0.6029,0.7171,3.069,,,,,,,
72,Right,3,0.0000,0.0000,0.0325,0.2656,0.0455,-0.0808,0.9596,3.069,,,,,,,
72,Right,4,0.0000,0.0000,0.0338,0.1359,-0.0486,0.0784,0.9864,3.069,,,,,,,
72,Right,5,0.0007,0.0010,0.0246,0.0000,0.0000,0.0000,1.0000,3.069,,,,,,,
72,Right,6,-0.0192,-0.0105,0.0369,0.0000,0.0000,0.0000,1.0000,3.069,,,,,,,
72,Right,7,-0.0044,0.0032,0.0591,0.1315,0.0117,0.0324,0.9907,3.069,,,,,,,
72,Right,8,0.0000,0.0000,0.0379,0.1570,0.0031,-0.0263,0.9872,3.069,,,,,,,
72,Right,9,0.0000,0.0000,0.0243,0.0574,0.0250,-0.0167,0.9979,3.069,,,,,,,
72,Right,10,0.0003,0.0010,0.0224,0.0000,0.0000,0.0000,1.0000,3.069,,,,,,,
72,Right,11,-0.0029,-0.0081,0.0348,0.0000,0.0000,0.0000,1.0000,3.069,,,,,,,
72,Right,12,0.0012,0.0056,0.0609,0.2534,0.0639,-0.0215,0.9650,3.069,,,,,,,
72,Right,13,0.0000,0.0000,0.0429,0.1267,0.0029,-0.0120,0.9919,3.069,,,,,,,
72,Right,14,0.0000,0.0000,0.0275,0.0236,-0.0005,-0.0459,0.9987,3.069,,,,,,,
72,Right,15,0.0003,0.0011,0.0250,0.0000,0.0000,0.0000,1.0000,3.069,,,,,,,
72,Right,16,0.0150,-0.0060,0.0348,0.0000,0.0000,0.0000,1.0000,3.069,,,,,,,
72,Right,17,0.0025,-0.0005,0.0539,0.2543,0.1057,-0.0750,0.9584,3.069,,,,,,,
72,Right,18,0.0000,0.0000,0.0390,0.1449,-0.0019,-0.0368,0.9888,3.069,,,,,,,
72,Right,19,0.0000,0.0000,0.0266,0.0794,-0.0296,-0.0084,0.9964,3.069,,,,,,,
72,Right,20,0.0003,0.0016,0.0243,0.0000,0.0000,0.0000,1.0000,3.069,,,,,,,
72,Right,21,0.0230,-0.0094,0.0341,0.0183,0.1403,-0.2070,0.9680,3.069,,,,,,,
72,Right,22,0.0000,0.0000,0.0457,0.1607,0.0531,0.0775,0.9825,3.069,,,,,,,
72,Right,23,0.0000,0.0000,0.0307,0.1964,0.0339,-0.0553,0.9784,3.069,,,,,,,
72,Right,24,0.0000,0.0000,0.0203,0.0420,-0.0491,0.0009,0.9979,3.069,,,,,,,
72,Right,25,-0.0002,0.0012,0.0219,0.0000,0.0000,0.0000,1.0000,3.069,,,,,,,
73,Left,0,0.0012,-0.0059,0.0657,0.0000,0.0000,0.0000,1.0000,3.110,,,,,,,
73,Left,1,0.0000,0.0000,0.0000,0.0000,0.0000,0.0000,1.0000,3.110,-0.0080,-0.3596,-0.2222,-0.5031,-0.0912,-0.0136,0.8593
73,Left,2,0.0242,-0.0228,0.0375,0.0724,0.3393,-0.6901,0.6351,3.110,,,,,,,
73,Left,3,0.0000,0.0000,0.0325,0.3946,-0.0316,0.0773,0.9150,3.110,,,,,,,
73,Left,4,0.0000,0.0000,0.0338,0.2144,0.0413,-0.0754,0.9730,3.110,,,,,,,
73,Left,5,-0.0007,0.0010,0.0246,0.0000,0.0000,0.0000,1.0000,3.110,,,,,,,
73,Left,6,0.0168,-0.0128,0.0380,0.0000,0.0000,0.0000,1.0000,3.110,,,,,,,
73,Left,7,0.0068,0.0055,0.0580,0.1459,0.0712,-0.0400,0.9859,3.110,,,,,,,
73,Left,8,0.0000,0.0000,0.0379,0.0336,-0.0063,0.0260,0.9991,3.110,,,,,,,
73,Left,9,0.0000,0.0000,0.0243,-0.0215,-0.0264,0.0163,0.9993,3.110,,,,,,,
73,Left,10,-0.0003,0.0010,0.0224,0.0000,0.0000,0.0000,1.0000,3.110,,,,,,,
73,Left,11,0.0006,-0.0093,0.0358,0.0000,0.0000,0.0000,1.0000,3.110,,,,,,,
73,Left,12,0.0011,0.0068,0.0598,0.2033,-0.0197,0.0112,0.9789,3.110,,,,,,,
73,Left,13,0.0000,0.0000,0.0429,0.0126,-0.0042,0.0113,0.9998,3.110,,,,,,,
73,Left,14,0.0000,0.0000,0.0275,-0.0332,-0.0020,0.0403,0.9986,3.110,,,,,,,
73,Left,15,-0.0003,0.0011,0.0250,0.0000,0.0000,0.0000,1.0000,3.110,,,,,,,
73,Left,16,-0.0150,-0.0060,0.0348,0.0000,0.0000,0.0000,1.0000,3.110,,,,,,,
73,Left,17,-0.0025,-0.0005,0.0539,0.3845,-0.0644,0.0772,0.9176,3.110,,,,,,,
73,Left,18,0.0000,0.0000,0.0390,0.6540,0.0197,0.0418,0.7551,3.110,,,,,,,
73,Left,19,0.0000,0.0000,0.0266,0.4256,0.0285,0.0242,0.9042,3.110,,,,,,,
73,Left,20,-0.0003,0.0016,0.0243,0.0000,0.0000,0.0000,1.0000,3.110,,,,,,,
73,Left,21,-0.0230,-0.0094,0.0341,0.0183,-0.1403,0.2070,0.9680,3.110,,,,,,,
73,Left,22,0.0000,0.0000,0.0457,0.4424,-0.0384,-0.0629,0.8938,3.110,,,,,,,
73,Left,23,0.0000,0.0000,0.0307,0.6661,-0.0056,0.0873,0.7407,3.110,,,,,,,
73,Left,24,0.0000,0.0000,0.0203,0.4430,0.0438,-0.0022,0.8955,3.110,,,,,,,
73,Left,25,0.0002,0.0012,0.0219,0.0000,0.0000,0.0000,1.0000,3.110,,,,,,,
73,Right,0,-0.0023,-0.0053,0.0652,0.0000,0.0000,0.0000,1.0000,3.110,,,,,,,
73,Right,1,0.0000,0.0000,0.0000,0.0000,0.0000,0.0000,1.0000,3.110,0.3504,-0.2285,-0.2377,0.4030,0.4148,-0.0724,-0.8126
73,Right,2,-0.0289,-0.0181,0.0355,-0.0599,-0.3443,0.6034,0.7168,3.110,,,,,,,
73,Right,3,0.0000,0.0000,0.0325,0.2669,0.0454,-0.0808,0.9592,3.110,,,,,,,
73,Right,4,0.0000,0.0000,0.0338,0.1363,-0.0485,0.0784,0.9864,3.110,,,,,,,
73,Right,5,0.0007,0.0010,0.0246,0.0000,0.0000,0.0000,1.0000,3.110,,,,,,,
73,Right,6,-0.0191,-0.0105,0.0369,0.0000,0.0000,0.0000,1.0000,3.110,,,,,,,
73,Right,7,-0.0044,0.0032,0.0591,0.1320,0.0120,0.0324,0.9907,3.110,,,,,,,
73,Right,8,0.0000,0.0000,0.0379,0.1518,0.0032,-0.0263,0.9881,3.110,,,,,,,
73,Right,9,0.0000,0.0000,0.0243,0.0560,0.0251,-0.0167,0.9980,3.110,,,,,,,
73,Right,10,0.0003,0.0010,0.0224,0.0000,0.0000,0.0000,1.0000,3.110,,,,,,,
73,Right,11,-0.0029,-0.0082,0.0348,0.0000,0.0000,0.0000,1.0000,3.110,,,,,,,
73,Right,12,0.0012,0.0056,0.0609,0.2508,0.0643,-0.0215,0.9657,3.110,,,,,,,
73,Right,13,0.0000,0.0000,0.0429,0.1237,0.0029,-0.0120,0.9922,3.110,,,,,,,
73,Right,14,0.0000,0.0000,0.0275,0.0225,-0.0004,-0.0458,0.9987,3.110,,,,,,,
73,Right,15,0.0003,0.0011,0.0250,0.0000,0.0000,0.0000,1.0000,3.110,,,,,,,
73,Right,16,0.0150,-0.0060,0.0348,0.0000,0.0000,0.0000,1.0000,3.110,,,,,,,
73,Right,17,0.0025,-0.0005,0.0539,0.2533,0.1056,-0.0749,0.9587,3.110,,,,,,,
73,Right,18,0.0000,0.0000,0.0390,0.1433,-0.0019,-0.0368,0.9890,3.110,,,,,,,
73,Right,19,0.0000,0.0000,0.0266,0.0784,-0.0296,-0.0083,0.9964,3.110,,,,,,,
73,Right,20,0.0003,0.0016,0.0243,0.0000,0.0000,0.0000,1.0000,3.110,,,,,,,
73,Right,21,0.0230,-0.0094,0.0341,0.0183,0.1403,-0.2070,0.9680,3.110,,,,,,,
73,Right,22,0.0000,0.0000,0.0457,0.1612,0.0527,0.0775,0.9825,3.110,,,,,,,
73,Right,23,0.0000,0.0000,0.0307,0.1939,0.0341,-0.0551,0.9789,3.110,,,,,,,
73,Right,24,0.0000,0.0000,0.0203,0.0411,-0.0491,0.0009,0.9979,3.110,,,,,,,
73,Right,25,-0.0002,0.0012,0.0219,0.0000,0.0000,0.0000,1.0000,3.110,,,,,,,
74,Left,0,0.0012,-0.0059,0.0657,0.0000,0.0000,0.0000,1.0000,3.152,,,,,,,
74,Left,1,0.0000,0.0000,0.0000,0.0000,0.0000,0.0000,1.0000,3.152,-0.0083,-0.3682,-0.2189,-0.5114,-0.0935,-0.0170,0.8540
74,Left,2,0.0242,-0.0227,0.0375,0.0720,0.3395,-0.6898,0.6354,3.152,,,,,,,
74,Left,3,0.0000,0.0000,0.0325,0.4014,-0.0308,0.0771,0.9121,3.152,,,,,,,
74,Left,4,0.0000,0.0000,0.0338,0.2132,0.0414,-0.0755,0.9732,3.152,,,,,,,
74,Left,5,-0.0007,0.0010,0.0246,0.0000,0.0000,0.0000,1.0000,3.152,,,,,,,
74,Left,6,0.0168,-0.0128,0.0380,0.0000,0.0000,0.0000,1.0000,3.152,,,,,,,
74,Left,7,0.0067,0.0055,0.0580,0.1477,0.0714,-0.0402,0.9856,3.152,,,,,,,
74,Left,8,0.0000,0.0000,0.0379,0.0352,-0.0063,0.0260,0.9990,3.152,,,,,,,
74,Left,9,0.0000,0.0000,0.0243,-0.0226,-0.0264,0.0163,0.9993,3.152,,,,,,,
74,Left,10,-0.0003,0.0010,0.0224,0.0000,0.0000,0.0000,1.0000,3.152,,,,,,,
74,Left,11,0.0006,-0.0093,0.0358,0.0000,0.0000,0.0000,1.0000,3.152,,,,,,,
74,Left,12,0.0011,0.0068,0.0598,0.2163,-0.0199,0.0114,0.9761,3.152,,,,,,,
74,Left,13,0.0000,0.0000,0.0429,0.0152,-0.0042,0.0113,0.9998,3.152,,,,,,,
74,Left,14,0.0000,0.0000,0.0275,-0.0329,-0.0020,0.0404,0.9986,3.152,,,,,,,
74,Left,15,-0.0003,0.0011,0.0250,0.0000,0.0000,0.0000,1.0000,3.152,,,,,,,
74,Left,16,-0.0150,-0.0060,0.0348,0.0000,0.0000,0.0000,1.0000,3.152,,,,,,,
74,Left,17,-0.0025,-0.0005,0.0539,0.4021,-0.0618,0.0778,0.9102,3.152,,,,,,,
74,Left,18,0.0000,0.0000,0.0390,0.6503,0.0195,0.0419,0.7583,3.152,,,,,,,
74,Left,19,0.0000,0.0000,0.0266,0.4221,0.0285,0.0240,0.9058,3.152,,,,,,,
74,Left,20,-0.0003,0.0016,0.0243,0.0000,0.0000,0.0000,1.0000,3.152,,,,,,,
74,Left,21,-0.0230,-0.0094,0.0341,0.0183,-0.1403,0.2070,0.9680,3.152,,,,,,,
74,Left,22,0.0000,0.0000,0.0457,0.4419,-0.0379,-0.0631,0.8940,3.152,,,,,,,
74,Left,23,0.0000,0.0000,0.0307,0.6637,-0.0058,0.0872,0.7429,3.152,,,,,,,
74,Left,24,0.0000,0.0000,0.0203,0.4422,0.0438,-0.0022,0.8959,3.152,,,,,,,
74,Left,25,0.0002,0.0012,0.0219,0.0000,0.0000,0.0000,1.0000,3.152,,,,,,,
74,Right,0,-0.0023,-0.0054,0.0652,0.0000,0.0000,0.0000,1.0000,3.152,,,,,,,
74,Right,1,0.0000,0.0000,0.0000,0.0000,0.0000,0.0000,1.0000,3.152,0.3477,-0.2303,-0.2383,0.4030,0.4152,-0.0722,-0.8124
74,Right,2,-0.0288,-0.0181,0.0355,-0.0595,-0.3440,0.6038,0.7166,3.152,,,,,,,
74,Right,3,0.0000,0.0000,0.0325,0.2678,0.0453,-0.0807,0.9590,3.152,,,,,,,
74,Right,4,0.0000,0.0000,0.0338,0.1357,-0.0486,0.0784,0.9864,3.152,,,,,,,
74,Right,5,0.0007,0.0010,0.0246,0.0000,0.0000,0.0000,1.0000,3.152,,,,,,,
74,Right,6,-0.0191,-0.0105,0.0369,0.0000,0.0000,0.0000,1.0000,3.152,,,,,,,
74,Right,7,-0.0044,0.0032,0.0591,0.1324,0.0118,0.0324,0.9906,3.152,,,,,,,
74,Right,8,0.0000,0.0000,0.0379,0.1502,0.0032,-0.0263,0.9883,3.152,,,,,,,
74,Right,9,0.0000,0.0000,0.0243,0.0548,0.0251,-0.0167,0.9980,3.152,,,,,,,
74,Right,10,0.0003,0.0010,0.0224,0.0000,0.0000,0.0000,1.0000,3.152,,,,,,,
74,Right,11,-0.0029,-0.0082,0.0348,0.0000,0.0000,0.0000,1.0000,3.152,,,,,,,
74,Right,12,0.0012,0.0056,0.0609,0.2498,0.0647,-0.0215,0.9659,3.152,,,,,,,
74,Right,13,0.0000,0.0000,0.0429,0.1227,0.0029,-0.0119,0.9924,3.152,,,,,,,
74,Right,14,0.0000,0.0000,0.0275,0.0216,-0.0004,-0.0457,0.9987,3.152,,,,,,,
74,Right,15,0.0003,0.0011,0.0250,0.0000,0.0000,0.0000,1.0000,3.152,,,,,,,
74,Right,16,0.0150,-0.0060,0.0348,0.0000,0.0000,0.0000,1.0000,3.152,,,,,,,
74,Right,17,0.0025,-0.0005,0.0539,0.2528,0.1057,-0.0748,0.9588,3.152,,,,,,,
74,Right,18,0.0000,0.0000,0.0390,0.1420,-0.0018,-0.0367,0.9892,3.152,,,,,,,
74,Right,19,0.0000,0.0000,0.0266,0.0775,-0.0296,-0.0083,0.9965,3.152,,,,,,,
74,Right,20,0.0003,0.0016,0.0243,0.0000,0.0000,0.0000,1.0000,3.152,,,,,,,
74,Right,21,0.0230,-0.0094,0.0341,0.0183,0.1403,-0.2070,0.9680,3.152,,,,,,,
74,Right,22,0.0000,0.0000,0.0457,0.1617,0.0523,0.0775,0.9824,3.152,,,,,,,
74,Right,23,0.0000,0.0000,0.0307,0.1925,0.0341,-0.0549,0.9792,3.152,,,,,,,
74,Right,24,0.0000,0.0000,0.0203,0.0404,-0.0491,0.0009,0.9980,3.152,,,,,,,
74,Right,25,-0.0002,0.0012,0.0219,0.0000,0.0000,0.0000,1.0000,3.152,,,,,,,
75,Left,0,0.0012,-0.0059,0.0657,0.0000,0.0000,0.0000,1.0000,3.194,,,,,,,
75,Left,1,0.0000,0.0000,0.0000,0.0000,0.0000,0.0000,1.0000,3.194,-0.0090,-0.3770,-0.2154,-0.5321,-0.0927,-0.0208,0.8414
75,Left,2,0.0242,-0.0227,0.0375,0.0713,0.3393,-0.6896,0.6358,3.194,,,,,,,
75,Left,3,0.0000,0.0000,0.0325,0.4014,-0.0308,0.0771,0.9121,3.194,,,,,,,
75,Left,4,0.0000,0.0000,0.0338,0.2121,0.0415,-0.0755,0.9735,3.194,,,,,,,
75,Left,5,-0.0007,0.0010,0.0246,0.0000,0.0000,0.0000,1.0000,3.194,,,,,,,
75,Left,6,0.0168,-0.0128,0.0380,0.0000,0.0000,0.0000,1.0000,3.194,,,,,,,
75,Left,7,0.0067,0.0055,0.0580,0.1488,0.0744,-0.0406,0.9852,3.194,,,,,,,
75,Left,8,0.0000,0.0000,0.0379,0.0395,-0.0062,0.0260,0.9989,3.194,,,,,,,
75,Left,9,0.0000,0.0000,0.0243,-0.0234,-0.0264,0.0163,0.9992,3.194,,,,,,,
75,Left,10,-0.0003,0.0010,0.0224,0.0000,0.0000,0.0000,1.0000,3.194,,,,,,,
75,Left,11,0.0006,-0.0093,0.0358,0.0000,0.0000,0.0000,1.0000,3.194,,,,,,,
75,Left,12,0.0011,0.0068,0.0598,0.2261,-0.0183,0.0113,0.9739,3.194,,,,,,,
75,Left,13,0.0000,0.0000,0.0429,0.0168,-0.0042,0.0113,0.9998,3.194,,,,,,,
75,Left,14,0.0000,0.0000,0.0275,-0.0328,-0.0020,0.0404,0.9986,3.194,,,,,,,
75,Left,15,-0.0003,0.0011,0.0250,0.0000,0.0000,0.0000,1.0000,3.194,,,,,,,
75,Left,16,-0.0150,-0.0060,0.0348,0.0000,0.0000,0.0000,1.0000,3.194,,,,,,,
75,Left,17,-0.0025,-0.0005,0.0539,0.4306,-0.0583,0.0791,0.8972,3.194,,,,,,,
75,Left,18,0.0000,0.0000,0.0390,0.6468,0.0194,0.0419,0.7613,3.194,,,,,,,
75,Left,19,0.0000,0.0000,0.0266,0.4200,0.0285,0.0239,0.9068,3.194,,,,,,,
75,Left,20,-0.0003,0.0016,0.0243,0.0000,0.0000,0.0000,1.0000,3.194,,,,,,,
75,Left,21,-0.0230,-0.0094,0.0341,0.0183,-0.1403,0.2070,0.9680,3.194,,,,,,,
75,Left,22,0.0000,0.0000,0.0457,0.4592,-0.0389,-0.0618,0.8853,3.194,,,,,,,
75,Left,23,0.0000,0.0000,0.0307,0.6603,-0.0060,0.0870,0.7459,3.194,,,,,,,
75,Left,24,0.0000,0.0000,0.0203,0.4409,0.0438,-0.0022,0.8965,3.194,,,,,,,
75,Left,25,0.0002,0.0012,0.0219,0.0000,0.0000,0.0000,1.0000,3.194,,,,,,,
75,Right,0,-0.0023,-0.0053,0.0652,0.0000,0.0000,0.0000,1.0000,3.194,,,,,,,
75,Right,1,0.0000,0.0000,0.0000,0.0000,0.0000,0.0000,1.0000,3.194,0.3461,-0.2305,-0.2383,0.4026,0.4152,-0.0740,-0.8124
75,Right,2,-0.0289,-0.0181,0.0355,-0.0601,-0.3438,0.6034,0.7170,3.194,,,,,,,
75,Right,3,0.0000,0.0000,0.0325,0.2675,0.0454,-0.0807,0.9591,3.194,,,,,,,
75,Right,4,0.0000,0.0000,0.0338,0.1349,-0.0487,0.0784,0.9865,3.194,,,,,,,
75,Right,5,0.0007,0.0010,0.0246,0.0000,0.0000,0.0000,1.0000,3.194,,,,,,,
75,Right,6,-0.0191,-0.0105,0.0369,0.0000,0.0000,0.0000,1.0000,3.194,,,,,,,
75,Right,7,-0.0044,0.0032,0.0591,0.1332,0.0123,0.0324,0.9905,3.194,,,,,,,
75,Right,8,0.0000,0.0000,0.0379,0.1487,0.0033,-0.0263,0.9885,3.194,,,,,,,
75,Right,9,0.0000,0.0000,0.0243,0.0537,0.0251,-0.0167,0.9981,3.194,,,,,,,
75,Right,10,0.0003,0.0010,0.0224,0.0000,0.0000,0.0000,1.0000,3.194,,,,,,,
75,Right,11,-0.0029,-0.0082,0.0348,0.0000,0.0000,0.0000,1.0000,3.194,,,,,,,
75,Right,12,0.0012,0.0056,0.0609,0.2495,0.0649,-0.0215,0.9660,3.194,,,,,,,
75,Right,13,0.0000,0.0000,0.0429,0.1215,0.0030,-0.0119,0.9925,3.194,,,,,,,
75,Right,14,0.0000,0.0000,0.0275,0.0205,-0.0003,-0.0456,0.9987,3.194,,,,,,,
75,Right,15,0.0003,0.0011,0.0250,0.0000,0.0000,0.0000,1.0000,3.194,,,,,,,
75,Right,16,0.0150,-0.0060,0.0348,0.0000,0.0000,0.0000,1.0000,3.194,,,,,,,
75,Right,17,0.0025,-0.0005,0.0539,0.2518,0.1058,-0.0747,0.9591,3.194,,,,,,,
75,Right,18,0.0000,0.0000,0.0390,0.1404,-0.0018,-0.0367,0.9894,3.194,,,,,,,
75,Right,19,0.0000,0.0000,0.0266,0.0766,-0.0296,-0.0082,0.9966,3.194,,,,,,,
75,Right,20,0.0003,0.0016,0.0243,0.0000,0.0000,0.0000,1.0000,3.194,,,,,,,
75,Right,21,0.0230,-0.0094,0.0341,0.0183,0.1403,-0.2070,0.9680,3.194,,,,,,,
75,Right,22,0.0000,0.0000,0.0457,0.1621,0.0522,0.0775,0.9823,3.194,,,,,,,
75,Right,23,0.0000,0.0000,0.0307,0.1912,0.0342,-0.0548,0.9794,3.194,,,,,,,
75,Right,24,0.0000,0.0000,0.0203,0.0397,-0.0491,0.0009,0.9980,3.194,,,,,,,
75,Right,25,-0.0002,0.0012,0.0219,0.0000,0.0000,0.0000,1.0000,3.194,,,,,,,
76,Left,0,0.0012,-0.0059,0.0657,0.0000,0.0000,0.0000,1.0000,3.236,,,,,,,
76,Left,1,0.0000,0.0000,0.0000,0.0000,0.0000,0.0000,1.0000,3.236,-0.0096,-0.3851,-0.2191,-0.5461,-0.0856,-0.0259,0.8329
76,Left,2,0.0242,-0.0227,0.0375,0.0704,0.3388,-0.6894,0.6364,3.236,,,,,,,
76,Left,3,0.0000,0.0000,0.0325,0.4011,-0.0309,0.0771,0.9123,3.236,,,,,,,
76,Left,4,0.0000,0.0000,0.0338,0.2110,0.0416,-0.0756,0.9737,3.236,,,,,,,
76,Left,5,-0.0007,0.0010,0.0246,0.0000,0.0000,0.0000,1.0000,3.236,,,,,,,
76,Left,6,0.0168,-0.0128,0.0380,0.0000,0.0000,0.0000,1.0000,3.236,,,,,,,
76,Left,7,0.0067,0.0055,0.0580,0.1688,0.0782,-0.0432,0.9816,3.236,,,,,,,
76,Left,8,0.0000,0.0000,0.0379,0.0440,-0.0061,0.0260,0.9987,3.236,,,,,,,
76,Left,9,0.0000,0.0000,0.0243,-0.0242,-0.0264,0.0163,0.9992,3.236,,,,,,,
76,Left,10,-0.0003,0.0010,0.0224,0.0000,0.0000,0.0000,1.0000,3.236,,,,,,,
76,Left,11,0.0006,-0.0093,0.0358,0.0000,0.0000,0.0000,1.0000,3.236,,,,,,,
76,Left,12,0.0011,0.0068,0.0598,0.2319,-0.0157,0.0109,0.9726,3.236,,,,,,,
76,Left,13,0.0000,0.0000,0.0429,0.0162,-0.0042,0.0113,0.9998,3.236,,,,,,,
76,Left,14,0.0000,0.0000,0.0275,-0.0335,-0.0020,0.0403,0.9986,3.236,,,,,,,
76,Left,15,-0.0003,0.0011,0.0250,0.0000,0.0000,0.0000,1.0000,3.236,,,,,,,
76,Left,16,-0.0150,-0.0060,0.0348,0.0000,0.0000,0.0000,1.0000,3.236,,,,,,,
76,Left,17,-0.0025,-0.0005,0.0539,0.4567,-0.0544,0.0799,0.8843,3.236,,,,,,,
76,Left,18,0.0000,0.0000,0.0390,0.6466,0.0194,0.0419,0.7614,3.236,,,,,,,
76,Left,19,0.0000,0.0000,0.0266,0.4186,0.0286,0.0239,0.9074,3.236,,,,,,,
76,Left,20,-0.0003,0.0016,0.0243,0.0000,0.0000,0.0000,1.0000,3.236,,,,,,,
76,Left,21,-0.0230,-0.0094,0.0341,0.0183,-0.1403,0.2070,0.9680,3.236,,,,,,,
76,Left,22,0.0000,0.0000,0.0457,0.4855,-0.0401,-0.0601,0.8712,3.236,,,,,,,
76,Left,23,0.0000,0.0000,0.0307,0.6598,-0.0061,0.0869,0.7463,3.236,,,,,,,
76,Left,24,0.0000,0.0000,0.0203,0.4396,0.0438,-0.0022,0.8971,3.236,,,,,,,
76,Left,25,0.0002,0.0012,0.0219,0.0000,0.0000,0.0000,1.0000,3.236,,,,,,,
76,Right,0,-0.0023,-0.0053,0.0652,0.0000,0.0000,0.0000,1.0000,3.236,,,,,,,
76,Right,1,0.0000,0.0000,0.0000,0.0000,0.0000,0.0000,1.0000,3.236,0.3453,-0.2303,-0.2385,0.4007,0.4136,-0.0825,-0.8134
76,Right,2,-0.0289,-0.0181,0.0355,-0.0612,-0.3437,0.6027,0.7176,3.236,,,,,,,
76,Right,3,0.0000,0.0000,0.0325,0.2668,0.0454,-0.0808,0.9593,3.236,,,,,,,
76,Right,4,0.0000,0.0000,0.0338,0.1340,-0.0487,0.0785,0.9867,3.236,,,,,,,
76,Right,5,0.0007,0.0010,0.0246,0.0000,0.0000,0.0000,1.0000,3.236,,,,,,,
76,Right,6,-0.0192,-0.0105,0.0369,0.0000,0.0000,0.0000,1.0000,3.236,,,,,,,
76,Right,7,-0.0044,0.0032,0.0591,0.1339,0.0126,0.0324,0.9904,3.236,,,,,,,
76,Right,8,0.0000,0.0000,0.0379,0.1471,0.0033,-0.0263,0.9888,3.236,,,,,,,
76,Right,9,0.0000,0.0000,0.0243,0.0530,0.0251,-0.0167,0.9981,3.236,,,,,,,
76,Right,10,0.0003,0.0010,0.0224,0.0000,0.0000,0.0000,1.0000,3.236,,,,,,,
76,Right,11,-0.0029,-0.0081,0.0348,0.0000,0.0000,0.0000,1.0000,3.236,,,,,,,
76,Right,12,0.0012,0.0056,0.0609,0.2497,0.0654,-0.0216,0.9659,3.236,,,,,,,
76,Right,13,0.0000,0.0000,0.0429,0.1207,0.0030,-0.0119,0.9926,3.236,,,,,,,
76,Right,14,0.0000,0.0000,0.0275,0.0198,-0.0003,-0.0456,0.9988,3.236,,,,,,,
76,Right,15,0.0003,0.0011,0.0250,0.0000,0.0000,0.0000,1.0000,3.236,,,,,,,
76,Right,16,0.0150,-0.0060,0.0348,0.0000,0.0000,0.0000,1.0000,3.236,,,,,,,
76,Right,17,0.0025,-0.0005,0.0539,0.2515,0.1063,-0.0748,0.9591,3.236,,,,,,,
76,Right,18,0.0000,0.0000,0.0390,0.1391,-0.0017,-0.0367,0.9896,3.236,,,,,,,
76,Right,19,0.0000,0.0000,0.0266,0.0759,-0.0296,-0.0082,0.9966,3.236,,,,,,,
76,Right,20,0.0003,0.0016,0.0243,0.0000,0.0000,0.0000,1.0000,3.236,,,,,,,
76,Right,21,0.0230,-0.0094,0.0341,0.0183,0.1403,-0.2070,0.9680,3.236,,,,,,,
76,Right,22,0.0000,0.0000,0.0457,0.1627,0.0521,0.0774,0.9822,3.236,,,,,,,
76,Right,23,0.0000,0.0000,0.0307,0.1901,0.0342,-0.0548,0.9796,3.236,,,,,,,
76,Right,24,0.0000,0.0000,0.0203,0.0389,-0.0491,0.0009,0.9980,3.236,,,,,,,
76,Right,25,-0.0002,0.0012,0.0219,0.0000,0.0000,0.0000,1.0000,3.236,,,,,,,
77,Left,0,0.0012,-0.0059,0.0657,0.0000,0.0000,0.0000,1.0000,3.277,,,,,,,
77,Left,1,0.0000,0.0000,0.0000,0.0000,0.0000,0.0000,1.0000,3.277,-0.0059,-0.3899,-0.2256,-0.5457,-0.0857,-0.0242,0.8332
77,Left,2,0.0242,-0.0227,0.0375,0.0701,0.3383,-0.6895,0.6366,3.277,,,,,,,
77,Left,3,0.0000,0.0000,0.0325,0.4001,-0.0310,0.0771,0.9127,3.277,,,,,,,
77,Left,4,0.0000,0.0000,0.0338,0.2097,0.0417,-0.0756,0.9739,3.277,,,,,,,
77,Left,5,-0.0007,0.0010,0.0246,0.0000,0.0000,0.0000,1.0000,3.277,,,,,,,
77,Left,6,0.0168,-0.0128,0.0380,0.0000,0.0000,0.0000,1.0000,3.277,,,,,,,
77,Left,7,0.0067,0.0055,0.0580,0.1693,0.0776,-0.0432,0.9815,3.277,,,,,,,
77,Left,8,0.0000,0.0000,0.0379,0.0464,-0.0060,0.0260,0.9986,3.277,,,,,,,
77,Left,9,0.0000,0.0000,0.0243,-0.0249,-0.0264,0.0163,0.9992,3.277,,,,,,,
77,Left,10,-0.0003,0.0010,0.0224,0.0000,0.0000,0.0000,1.0000,3.277,,,,,,,
77,Left,11,0.0006,-0.0093,0.0358,0.0000,0.0000,0.0000,1.0000,3.277,,,,,,,
77,Left,12,0.0011,0.0068,0.0598,0.2373,-0.0141,0.0106,0.9713,3.277,,,,,,,
77,Left,13,0.0000,0.0000,0.0429,0.0154,-0.0042,0.0113,0.9998,3.277,,,,,,,
77,Left,14,0.0000,0.0000,0.0275,-0.0350,-0.0021,0.0402,0.9986,3.277,,,,,,,
77,Left,15,-0.0003,0.0011,0.0250,0.0000,0.0000,0.0000,1.0000,3.277,,,,,,,
77,Left,16,-0.0150,-0.0060,0.0348,0.0000,0.0000,0.0000,1.0000,3.277,,,,,,,
77,Left,17,-0.0025,-0.0005,0.0539,0.4675,-0.0467,0.0774,0.8794,3.277,,,,,,,
77,Left,18,0.0000,0.0000,0.0390,0.6477,0.0194,0.0419,0.7605,3.277,,,,,,,
77,Left,19,0.0000,0.0000,0.0266,0.4179,0.0286,0.0238,0.9077,3.277,,,,,,,
77,Left,20,-0.0003,0.0016,0.0243,0.0000,0.0000,0.0000,1.0000,3.277,,,,,,,
77,Left,21,-0.0230,-0.0094,0.0341,0.0183,-0.1403,0.2070,0.9680,3.277,,,,,,,
77,Left,22,0.0000,0.0000,0.0457,0.4908,-0.0339,-0.0632,0.8683,3.277,,,,,,,
77,Left,23,0.0000,0.0000,0.0307,0.6609,-0.0060,0.0870,0.7454,3.277,,,,,,,
77,Left,24,0.0000,0.0000,0.0203,0.4390,0.0439,-0.0022,0.8974,3.277,,,,,,,
77,Left,25,0.0002,0.0012,0.0219,0.0000,0.0000,0.0000,1.0000,3.277,,,,,,,
77,Right,0,-0.0023,-0.0053,0.0652,0.0000,0.0000,0.0000,1.0000,3.277,,,,,,,
77,Right,1,0.0000,0.0000,0.0000,0.0000,0.0000,0.0000,1.0000,3.277,0.3446,-0.2304,-0.2388,0.3994,0.4139,-0.0854,-0.8135
77,Right,2,-0.0289,-0.0180,0.0354,-0.0620,-0.3437,0.6020,0.7181,3.277,,,,,,,
77,Right,3,0.0000,0.0000,0.0325,0.2662,0.0455,-0.0808,0.9594,3.277,,,,,,,
77,Right,4,0.0000,0.0000,0.0338,0.1330,-0.0488,0.0785,0.9868,3.277,,,,,,,
77,Right,5,0.0007,0.0010,0.0246,0.0000,0.0000,0.0000,1.0000,3.277,,,,,,,
77,Right,6,-0.0192,-0.0105,0.0369,0.0000,0.0000,0.0000,1.0000,3.277,,,,,,,
77,Right,7,-0.0044,0.0032,0.0591,0.1348,0.0127,0.0324,0.9903,3.277,,,,,,,
77,Right,8,0.0000,0.0000,0.0379,0.1455,0.0034,-0.0263,0.9890,3.277,,,,,,,
77,Right,9,0.0000,0.0000,0.0243,0.0521,0.0251,-0.0167,0.9982,3.277,,,,,,,
77,Right,10,0.0003,0.0010,0.0224,0.0000,0.0000,0.0000,1.0000,3.277,,,,,,,
77,Right,11,-0.0030,-0.0081,0.0348,0.0000,0.0000,0.0000,1.0000,3.277,,,,,,,
77,Right,12,0.0012,0.0056,0.0609,0.2496,0.0658,-0.0217,0.9659,3.277,,,,,,,
77,Right,13,0.0000,0.0000,0.0429,0.1191,0.0030,-0.0119,0.9928,3.277,,,,,,,
77,Right,14,0.0000,0.0000,0.0275,0.0189,-0.0003,-0.0455,0.9988,3.277,,,,,,,
77,Right,15,0.0003,0.0011,0.0250,0.0000,0.0000,0.0000,1.0000,3.277,,,,,,,
77,Right,16,0.0150,-0.0060,0.0348,0.0000,0.0000,0.0000,1.0000,3.277,,,,,,,
77,Right,17,0.0025,-0.0005,0.0539,0.2512,0.1068,-0.0749,0.9591,3.277,,,,,,,
77,Right,18,0.0000,0.0000,0.0390,0.1377,-0.0017,-0.0366,0.9898,3.277,,,,,,,
77,Right,19,0.0000,0.0000,0.0266,0.0752,-0.0296,-0.0082,0.9967,3.277,,,,,,,
77,Right,20,0.0003,0.0016,0.0243,0.0000,0.0000,0.0000,1.0000,3.277,,,,,,,
77,Right,21,0.0230,-0.0094,0.0341,0.0183,0.1403,-0.2070,0.9680,3.277,,,,,,,
77,Right,22,0.0000,0.0000,0.0457,0.1639,0.0521,0.0773,0.9821,3.277,,,,,,,
77,Right,23,0.0000,0.0000,0.0307,0.1893,0.0343,-0.0547,0.9798,3.277,,,,,,,
77,Right,24,0.0000,0.0000,0.0203,0.0384,-0.0491,0.0009,0.9981,3.277,,,,,,,
77,Right,25,-0.0002,0.0012,0.0219,0.0000,0.0000,0.0000,1.0000,3.277,,,,,,,
78,Left,0,0.0012,-0.0059,0.0657,0.0000,0.0000,0.0000,1.0000,3.319,,,,,,,
78,Left,1,0.0000,0.0000,0.0000,0.0000,0.0000,0.0000,1.0000,3.319,-0.0045,-0.3935,-0.2311,-0.5383,-0.0797,-0.0198,0.8387
78,Left,2,0.0242,-0.0227,0.0375,0.0685,0.3363,-0.6898,0.6375,3.319,,,,,,,
78,Left,3,0.0000,0.0000,0.0325,0.3980,-0.0312,0.0772,0.9136,3.319,,,,,,,
78,Left,4,0.0000,0.0000,0.0338,0.2084,0.0418,-0.0757,0.9742,3.319,,,,,,,
78,Left,5,-0.0007,0.0010,0.0246,0.0000,0.0000,0.0000,1.0000,3.319,,,,,,,
78,Left,6,0.0168,-0.0128,0.0380,0.0000,0.0000,0.0000,1.0000,3.319,,,,,,,
78,Left,7,0.0067,0.0055,0.0580,0.1697,0.0780,-0.0433,0.9814,3.319,,,,,,,
78,Left,8,0.0000,0.0000,0.0379,0.0470,-0.0060,0.0261,0.9985,3.319,,,,,,,
78,Left,9,0.0000,0.0000,0.0243,-0.0261,-0.0265,0.0163,0.9992,3.319,,,,,,,
78,Left,10,-0.0003,0.0010,0.0224,0.0000,0.0000,0.0000,1.0000,3.319,,,,,,,
78,Left,11,0.0006,-0.0093,0.0358,0.0000,0.0000,0.0000,1.0000,3.319,,,,,,,
78,Left,12,0.0011,0.0068,0.0598,0.2379,-0.0128,0.0104,0.9711,3.319,,,,,,,
78,Left,13,0.0000,0.0000,0.0429,0.0141,-0.0042,0.0113,0.9998,3.319,,,,,,,
78,Left,14,0.0000,0.0000,0.0275,-0.0377,-0.0022,0.0399,0.9985,3.319,,,,,,,
78,Left,15,-0.0003,0.0011,0.0250,0.0000,0.0000,0.0000,1.0000,3.319,,,,,,,
78,Left,16,-0.0150,-0.0060,0.0348,0.0000,0.0000,0.0000,1.0000,3.319,,,,,,,
78,Left,17,-0.0025,-0.0005,0.0539,0.4725,-0.0415,0.0753,0.8771,3.319,,,,,,,
78,Left,18,0.0000,0.0000,0.0390,0.6489,0.0195,0.0419,0.7595,3.319,,,,,,,
78,Left,19,0.0000,0.0000,0.0266,0.4171,0.0286,0.0238,0.9081,3.319,,,,,,,
78,Left,20,-0.0003,0.0016,0.0243,0.0000,0.0000,0.0000,1.0000,3.319,,,,,,,
78,Left,21,-0.0230,-0.0094,0.0341,0.0183,-0.1403,0.2070,0.9680,3.319,,,,,,,
78,Left,22,0.0000,0.0000,0.0457,0.4987,-0.0279,-0.0664,0.8638,3.319,,,,,,,
78,Left,23,0.0000,0.0000,0.0307,0.6621,-0.0059,0.0871,0.7443,3.319,,,,,,,
78,Left,24,0.0000,0.0000,0.0203,0.4382,0.0439,-0.0022,0.8978,3.319,,,,,,,
78,Left,25,0.0002,0.0012,0.0219,0.0000,0.0000,0.0000,1.0000,3.319,,,,,,,
78,Right,0,-0.0024,-0.0053,0.0652,0.0000,0.0000,0.0000,1.0000,3.319,,,,,,,
78,Right,1,0.0000,0.0000,0.0000,0.0000,0.0000,0.0000,1.0000,3.319,0.3435,-0.2312,-0.2389,0.4010,0.4159,-0.0862,-0.8117
78,Right,2,-0.0289,-0.0180,0.0354,-0.0632,-0.3434,0.6012,0.7188,3.319,,,,,,,
78,Right,3,0.0000,0.0000,0.0325,0.2650,0.0456,-0.0808,0.9598,3.319,,,,,,,
78,Right,4,0.0000,0.0000,0.0338,0.1308,-0.0490,0.0786,0.9871,3.319,,,,,,,
78,Right,5,0.0007,0.0010,0.0246,0.0000,0.0000,0.0000,1.0000,3.319,,,,,,,
78,Right,6,-0.0192,-0.0105,0.0369,0.0000,0.0000,0.0000,1.0000,3.319,,,,,,,
78,Right,7,-0.0044,0.0031,0.0591,0.1365,0.0123,0.0325,0.9900,3.319,,,,,,,
78,Right,8,0.0000,0.0000,0.0379,0.1430,0.0034,-0.0263,0.9894,3.319,,,,,,,
78,Right,9,0.0000,0.0000,0.0243,0.0512,0.0252,-0.0167,0.9982,3.319,,,,,,,
78,Right,10,0.0003,0.0010,0.0224,0.0000,0.0000,0.0000,1.0000,3.319,,,,,,,
78,Right,11,-0.0030,-0.0081,0.0347,0.0000,0.0000,0.0000,1.0000,3.319,,,,,,,
78,Right,12,0.0012,0.0056,0.0609,0.2498,0.0660,-0.0218,0.9658,3.319,,,,,,,
78,Right,13,0.0000,0.0000,0.0429,0.1176,0.0030,-0.0119,0.9930,3.319,,,,,,,
78,Right,14,0.0000,0.0000,0.0275,0.0179,-0.0002,-0.0454,0.9988,3.319,,,,,,,
78,Right,15,0.0003,0.0011,0.0250,0.0000,0.0000,0.0000,1.0000,3.319,,,,,,,
78,Right,16,0.0150,-0.0060,0.0348,0.0000,0.0000,0.0000,1.0000,3.319,,,,,,,
78,Right,17,0.0025,-0.0005,0.0539,0.2509,0.1071,-0.0749,0.9591,3.319,,,,,,,
78,Right,18,0.0000,0.0000,0.0390,0.1352,-0.0016,-0.0366,0.9901,3.319,,,,,,,
78,Right,19,0.0000,0.0000,0.0266,0.0743,-0.0296,-0.0081,0.9968,3.319,,,,,,,
78,Right,20,0.0003,0.0016,0.0243,0.0000,0.0000,0.0000,1.0000,3.319,,,,,,,
78,Right,21,0.0230,-0.0094,0.0341,0.0183,0.1403,-0.2070,0.9680,3.319,,,,,,,
78,Right,22,0.0000,0.0000,0.0457,0.1646,0.0519,0.0773,0.9820,3.319,,,,,,,
78,Right,23,0.0000,0.0000,0.0307,0.1884,0.0343,-0.0546,0.9800,3.319,,,,,,,
78,Right,24,0.0000,0.0000,0.0203,0.0379,-0.0491,0.0009,0.9981,3.319,,,,,,,
78,Right,25,-0.0002,0.0012,0.0219,0.0000,0.0000,0.0000,1.0000,3.319,,,,,,,
79,Left,0,0.0012,-0.0059,0.0657,0.0000,0.0000,0.0000,1.0000,3.361,,,,,,,
79,Left,1,0.0000,0.0000,0.0000,0.0000,0.0000,0.0000,1.0000,3.361,-0.0032,-0.3979,-0.2340,-0.5302,-0.0703,-0.0070,0.8450
79,Left,2,0.0242,-0.0227,0.0375,0.0659,0.3337,-0.6898,0.6391,3.361,,,,,,,
79,Left,3,0.0000,0.0000,0.0325,0.3959,-0.0315,0.0773,0.9145,3.361,,,,,,,
79,Left,4,0.0000,0.0000,0.0338,0.2068,0.0420,-0.0758,0.9745,3.361,,,,,,,
79,Left,5,-0.0007,0.0010,0.0246,0.0000,0.0000,0.0000,1.0000,3.361,,,,,,,
79,Left,6,0.0168,-0.0128,0.0380,0.0000,0.0000,0.0000,1.0000,3.361,,,,,,,
79,Left,7,0.0067,0.0055,0.0580,0.1711,0.0789,-0.0436,0.9811,3.361,,,,,,,
79,Left,8,0.0000,0.0000,0.0379,0.0471,-0.0060,0.0261,0.9985,3.361,,,,,,,
79,Left,9,0.0000,0.0000,0.0243,-0.0275,-0.0265,0.0163,0.9991,3.361,,,,,,,
79,Left,10,-0.0003,0.0010,0.0224,0.0000,0.0000,0.0000,1.0000,3.361,,,,,,,
79,Left,11,0.0006,-0.0093,0.0358,0.0000,0.0000,0.0000,1.0000,3.361,,,,,,,
79,Left,12,0.0011,0.0068,0.0598,0.2379,-0.0039,0.0086,0.9712,3.361,,,,,,,
79,Left,13,0.0000,0.0000,0.0429,0.0132,-0.0042,0.0113,0.9998,3.361,,,,,,,
79,Left,14,0.0000,0.0000,0.0275,-0.0399,-0.0023,0.0397,0.9984,3.361,,,,,,,
79,Left,15,-0.0003,0.0011,0.0250,0.0000,0.0000,0.0000,1.0000,3.361,,,,,,,
79,Left,16,-0.0150,-0.0060,0.0348,0.0000,0.0000,0.0000,1.0000,3.361,,,,,,,
79,Left,17,-0.0025,-0.0005,0.0539,0.4764,-0.0384,0.0742,0.8753,3.361,,,,,,,
79,Left,18,0.0000,0.0000,0.0390,0.6501,0.0195,0.0419,0.7585,3.361,,,,,,,
79,Left,19,0.0000,0.0000,0.0266,0.4159,0.0286,0.0237,0.9087,3.361,,,,,,,
79,Left,20,-0.0003,0.0016,0.0243,0.0000,0.0000,0.0000,1.0000,3.361,,,,,,,
79,Left,21,-0.0230,-0.0094,0.0341,0.0183,-0.1403,0.2070,0.9680,3.361,,,,,,,
79,Left,22,0.0000,0.0000,0.0457,0.5032,-0.0246,-0.0681,0.8611,3.361,,,,,,,
79,Left,23,0.0000,0.0000,0.0307,0.6632,-0.0058,0.0871,0.7433,3.361,,,,,,,
79,Left,24,0.0000,0.0000,0.0203,0.4371,0.0439,-0.0022,0.8983,3.361,,,,,,,
79,Left,25,0.0002,0.0012,0.0219,0.0000,0.0000,0.0000,1.0000,3.361,,,,,,,
79,Right,0,-0.0023,-0.0053,0.0652,0.0000,0.0000,0.0000,1.0000,3.361,,,,,,,
79,Right,1,0.0000,0.0000,0.0000,0.0000,0.0000,0.0000,1.0000,3.361,0.3432,-0.2316,-0.2388,0.4068,0.4218,-0.0900,-0.8053
79,Right,2,-0.0289,-0.0180,0.0354,-0.0632,-0.3428,0.6015,0.7188,3.361,,,,,,,
79,Right,3,0.0000,0.0000,0.0325,0.2646,0.0457,-0.0808,0.9599,3.361,,,,,,,
79,Right,4,0.0000,0.0000,0.0338,0.1284,-0.0493,0.0787,0.9874,3.361,,,,,,,
79,Right,5,0.0007,0.0010,0.0246,0.0000,0.0000,0.0000,1.0000,3.361,,,,,,,
79,Right,6,-0.0192,-0.0105,0.0369,0.0000,0.0000,0.0000,1.0000,3.361,,,,,,,
79,Right,7,-0.0044,0.0032,0.0591,0.1385,0.0120,0.0325,0.9898,3.361,,,,,,,
79,Right,8,0.0000,0.0000,0.0379,0.1408,0.0035,-0.0263,0.9897,3.361,,,,,,,
79,Right,9,0.0000,0.0000,0.0243,0.0499,0.0252,-0.0167,0.9983,3.361,,,,,,,
79,Right,10,0.0003,0.0010,0.0224,0.0000,0.0000,0.0000,1.0000,3.361,,,,,,,
79,Right,11,-0.0030,-0.0081,0.0348,0.0000,0.0000,0.0000,1.0000,3.361,,,,,,,
79,Right,12,0.0012,0.0056,0.0609,0.2502,0.0658,-0.0218,0.9657,3.361,,,,,,,
79,Right,13,0.0000,0.0000,0.0429,0.1163,0.0030,-0.0119,0.9931,3.361,,,,,,,
79,Right,14,0.0000,0.0000,0.0275,0.0169,-0.0002,-0.0453,0.9988,3.361,,,,,,,
79,Right,15,0.0003,0.0011,0.0250,0.0000,0.0000,0.0000,1.0000,3.361,,,,,,,
79,Right,16,0.0150,-0.0060,0.0348,0.0000,0.0000,0.0000,1.0000,3.361,,,,,,,
79,Right,17,0.0025,-0.0005,0.0539,0.2509,0.1070,-0.0749,0.9592,3.361,,,,,,,
79,Right,18,0.0000,0.0000,0.0390,0.1332,-0.0015,-0.0366,0.9904,3.361,,,,,,,
79,Right,19,0.0000,0.0000,0.0266,0.0735,-0.0296,-0.0081,0.9968,3.361,,,,,,,
79,Right,20,0.0003,0.0016,0.0243,0.0000,0.0000,0.0000,1.0000,3.361,,,,,,,
79,Right,21,0.0230,-0.0094,0.0341,0.0183,0.1403,-0.2070,0.9680,3.361,,,,,,,
79,Right,22,0.0000,0.0000,0.0457,0.1656,0.0515,0.0773,0.9818,3.361,,,,,,,
79,Right,23,0.0000,0.0000,0.0307,0.1877,0.0344,-0.0546,0.9801,3.361,,,,,,,
79,Right,24,0.0000,0.0000,0.0203,0.0375,-0.0491,0.0009,0.9981,3.361,,,,,,,
79,Right,25,-0.0002,0.0012,0.0219,0.0000,0.0000,0.0000,1.0000,3.361,,,,,,,
80,Left,0,0.0012,-0.0059,0.0657,0.0000,0.0000,0.0000,1.0000,3.402,,,,,,,
80,Left,1,0.0000,0.0000,0.0000,0.0000,0.0000,0.0000,1.0000,3.402,-0.0012,-0.4030,-0.2343,-0.5297,-0.0685,-0.0027,0.8454
80,Left,2,0.0242,-0.0227,0.0375,0.0655,0.3332,-0.6900,0.6393,3.402,,,,,,,
80,Left,3,0.0000,0.0000,0.0325,0.3949,-0.0316,0.0773,0.9149,3.402,,,,,,,
80,Left,4,0.0000,0.0000,0.0338,0.2053,0.0421,-0.0758,0.9749,3.402,,,,,,,
80,Left,5,-0.0007,0.0010,0.0246,0.0000,0.0000,0.0000,1.0000,3.402,,,,,,,
80,Left,6,0.0168,-0.0128,0.0380,0.0000,0.0000,0.0000,1.0000,3.402,,,,,,,
80,Left,7,0.0067,0.0055,0.0580,0.1761,0.0792,-0.0442,0.9802,3.402,,,,,,,
80,Left,8,0.0000,0.0000,0.0379,0.0472,-0.0060,0.0261,0.9985,3.402,,,,,,,
80,Left,9,0.0000,0.0000,0.0243,-0.0290,-0.0265,0.0163,0.9991,3.402,,,,,,,
80,Left,10,-0.0003,0.0010,0.0224,0.0000,0.0000,0.0000,1.0000,3.402,,,,,,,
80,Left,11,0.0006,-0.0093,0.0358,0.0000,0.0000,0.0000,1.0000,3.402,,,,,,,
80,Left,12,0.0011,0.0068,0.0598,0.2378,0.0013,0.0076,0.9713,3.402,,,,,,,
80,Left,13,0.0000,0.0000,0.0429,0.0127,-0.0042,0.0113,0.9998,3.402,,,,,,,
80,Left,14,0.0000,0.0000,0.0275,-0.0414,-0.0024,0.0395,0.9984,3.402,,,,,,,
80,Left,15,-0.0003,0.0011,0.0250,0.0000,0.0000,0.0000,1.0000,3.402,,,,,,,
80,Left,16,-0.0150,-0.0060,0.0348,0.0000,0.0000,0.0000,1.0000,3.402,,,,,,,
80,Left,17,-0.0025,-0.0005,0.0539,0.4766,-0.0363,0.0732,0.8753,3.402,,,,,,,
80,Left,18,0.0000,0.0000,0.0390,0.6507,0.0195,0.0419,0.7579,3.402,,,,,,,
80,Left,19,0.0000,0.0000,0.0266,0.4145,0.0286,0.0237,0.9093,3.402,,,,,,,
80,Left,20,-0.0003,0.0016,0.0243,0.0000,0.0000,0.0000,1.0000,3.402,,,,,,,
80,Left,21,-0.0230,-0.0094,0.0341,0.0183,-0.1403,0.2070,0.9680,3.402,,,,,,,
80,Left,22,0.0000,0.0000,0.0457,0.5041,-0.0235,-0.0687,0.8606,3.402,,,,,,,
80,Left,23,0.0000,0.0000,0.0307,0.6640,-0.0058,0.0872,0.7427,3.402,,,,,,,
80,Left,24,0.0000,0.0000,0.0203,0.4358,0.0439,-0.0022,0.8990,3.402,,,,,,,
80,Left,25,0.0002,0.0012,0.0219,0.0000,0.0000,0.0000,1.0000,3.402,,,,,,,
80,Right,0,-0.0023,-0.0053,0.0652,0.0000,0.0000,0.0000,1.0000,3.402,,,,,,,
80,Right,1,0.0000,0.0000,0.0000,0.0000,0.0000,0.0000,1.0000,3.402,0.3425,-0.2318,-0.2387,0.4095,0.4246,-0.0925,-0.8022
80,Right,2,-0.0289,-0.0181,0.0355,-0.0622,-0.3424,0.6024,0.7183,3.402,,,,,,,
80,Right,3,0.0000,0.0000,0.0325,0.2644,0.0457,-0.0808,0.9599,3.402,,,,,,,
80,Right,4,0.0000,0.0000,0.0338,0.1273,-0.0493,0.0787,0.9875,3.402,,,,,,,
80,Right,5,0.0007,0.0010,0.0246,0.0000,0.0000,0.0000,1.0000,3.402,,,,,,,
80,Right,6,-0.0192,-0.0105,0.0369,0.0000,0.0000,0.0000,1.0000,3.402,,,,,,,
80,Right,7,-0.0044,0.0032,0.0591,0.1388,0.0124,0.0325,0.9897,3.402,,,,,,,
80,Right,8,0.0000,0.0000,0.0379,0.1401,0.0035,-0.0263,0.9898,3.402,,,,,,,
80,Right,9,0.0000,0.0000,0.0243,0.0490,0.0252,-0.0167,0.9983,3.402,,,,,,,
80,Right,10,0.0003,0.0010,0.0224,0.0000,0.0000,0.0000,1.0000,3.402,,,,,,,
80,Right,11,-0.0029,-0.0081,0.0348,0.0000,0.0000,0.0000,1.0000,3.402,,,,,,,
80,Right,12,0.0012,0.0056,0.0609,0.2503,0.0659,-0.0218,0.9657,3.402,,,,,,,
80,Right,13,0.0000,0.0000,0.0429,0.1158,0.0030,-0.0119,0.9932,3.402,,,,,,,
80,Right,14,0.0000,0.0000,0.0275,0.0163,-0.0002,-0.0452,0.9988,3.402,,,,,,,
80,Right,15,0.0003,0.0011,0.0250,0.0000,0.0000,0.0000,1.0000,3.402,,,,,,,
80,Right,16,0.0150,-0.0060,0.0348,0.0000,0.0000,0.0000,1.0000,3.402,,,,,,,
80,Right,17,0.0025,-0.0005,0.0539,0.2510,0.1070,-0.0749,0.9591,3.402,,,,,,,
80,Right,18,0.0000,0.0000,0.0390,0.1328,-0.0015,-0.0365,0.9905,3.402,,,,,,,
80,Right,19,0.0000,0.0000,0.0266,0.0729,-0.0296,-0.0081,0.9969,3.402,,,,,,,
80,Right,20,0.0003,0.0016,0.0243,0.0000,0.0000,0.0000,1.0000,3.402,,,,,,,
80,Right,21,0.0230,-0.0094,0.0341,0.0183,0.1403,-0.2070,0.9680,3.402,,,,,,,
80,Right,22,0.0000,0.0000,0.0457,0.1666,0.0513,0.0772,0.9817,3.402,,,,,,,
80,Right,23,0.0000,0.0000,0.0307,0.1874,0.0344,-0.0545,0.9802,3.402,,,,,,,
80,Right,24,0.0000,0.0000,0.0203,0.0371,-0.0491,0.0009,0.9981,3.402,,,,,,,
80,Right,25,-0.0002,0.0012,0.0219,0.0000,0.0000,0.0000,1.0000,3.402,,,,,,,
81,Left,0,0.0012,-0.0059,0.0657,0.0000,0.0000,0.0000,1.0000,3.444,,,,,,,
81,Left,1,0.0000,0.0000,0.0000,0.0000,0.0000,0.0000,1.0000,3.444,-0.0023,-0.4108,-0.2312,-0.5311,-0.0642,-0.0032,0.8449
81,Left,2,0.0242,-0.0227,0.0375,0.0661,0.3335,-0.6900,0.6389,3.444,,,,,,,
81,Left,3,0.0000,0.0000,0.0325,0.3944,-0.0316,0.0773,0.9151,3.444,,,,,,,
81,Left,4,0.0000,0.0000,0.0338,0.2039,0.0423,-0.0759,0.9751,3.444,,,,,,,
81,Left,5,-0.0007,0.0010,0.0246,0.0000,0.0000,0.0000,1.0000,3.444,,,,,,,
81,Left,6,0.0168,-0.0128,0.0380,0.0000,0.0000,0.0000,1.0000,3.444,,,,,,,
81,Left,7,0.0067,0.0055,0.0580,0.1832,0.0789,-0.0450,0.9789,3.444,,,,,,,
81,Left,8,0.0000,0.0000,0.0379,0.0467,-0.0060,0.0260,0.9986,3.444,,,,,,,
81,Left,9,0.0000,0.0000,0.0243,-0.0309,-0.0265,0.0163,0.9990,3.444,,,,,,,
81,Left,10,-0.0003,0.0010,0.0224,0.0000,0.0000,0.0000,1.0000,3.444,,,,,,,
81,Left,11,0.0006,-0.0093,0.0358,0.0000,0.0000,0.0000,1.0000,3.444,,,,,,,
81,Left,12,0.0011,0.0068,0.0598,0.2394,0.0007,0.0077,0.9709,3.444,,,,,,,
81,Left,13,0.0000,0.0000,0.0429,0.0133,-0.0042,0.0113,0.9998,3.444,,,,,,,
81,Left,14,0.0000,0.0000,0.0275,-0.0421,-0.0024,0.0395,0.9983,3.444,,,,,,,
81,Left,15,-0.0003,0.0011,0.0250,0.0000,0.0000,0.0000,1.0000,3.444,,,,,,,
81,Left,16,-0.0150,-0.0060,0.0348,0.0000,0.0000,0.0000,1.0000,3.444,,,,,,,
81,Left,17,-0.0025,-0.0005,0.0539,0.4756,-0.0352,0.0726,0.8759,3.444,,,,,,,
81,Left,18,0.0000,0.0000,0.0390,0.6508,0.0195,0.0419,0.7578,3.444,,,,,,,
81,Left,19,0.0000,0.0000,0.0266,0.4125,0.0286,0.0236,0.9102,3.444,,,,,,,
81,Left,20,-0.0003,0.0016,0.0243,0.0000,0.0000,0.0000,1.0000,3.444,,,,,,,
81,Left,21,-0.0230,-0.0094,0.0341,0.0183,-0.1403,0.2070,0.9680,3.444,,,,,,,
81,Left,22,0.0000,0.0000,0.0457,0.5041,-0.0224,-0.0693,0.8606,3.444,,,,,,,
81,Left,23,0.0000,0.0000,0.0307,0.6644,-0.0057,0.0872,0.7422,3.444,,,,,,,
81,Left,24,0.0000,0.0000,0.0203,0.4351,0.0440,-0.0022,0.8993,3.444,,,,,,,
81,Left,25,0.0002,0.0012,0.0219,0.0000,0.0000,0.0000,1.0000,3.444,,,,,,,
81,Right,0,-0.0023,-0.0054,0.0652,0.0000,0.0000,0.0000,1.0000,3.444,,,,,,,
81,Right,1,0.0000,0.0000,0.0000,0.0000,0.0000,0.0000,1.0000,3.444,0.3411,-0.2318,-0.2394,0.4092,0.4238,-0.0961,-0.8023
81,Right,2,-0.0288,-0.0182,0.0355,-0.0600,-0.3418,0.6045,0.7170,3.444,,,,,,,
81,Right,3,0.0000,0.0000,0.0325,0.2643,0.0457,-0.0808,0.9600,3.444,,,,,,,
81,Right,4,0.0000,0.0000,0.0338,0.1264,-0.0494,0.0787,0.9876,3.444,,,,,,,
81,Right,5,0.0007,0.0010,0.0246,0.0000,0.0000,0.0000,1.0000,3.444,,,,,,,
81,Right,6,-0.0191,-0.0106,0.0370,0.0000,0.0000,0.0000,1.0000,3.444,,,,,,,
81,Right,7,-0.0044,0.0032,0.0590,0.1381,0.0127,0.0325,0.9898,3.444,,,,,,,
81,Right,8,0.0000,0.0000,0.0379,0.1403,0.0035,-0.0263,0.9898,3.444,,,,,,,
81,Right,9,0.0000,0.0000,0.0243,0.0489,0.0252,-0.0167,0.9983,3.444,,,,,,,
81,Right,10,0.0003,0.0010,0.0224,0.0000,0.0000,0.0000,1.0000,3.444,,,,,,,
81,Right,11,-0.0029,-0.0082,0.0348,0.0000,0.0000,0.0000,1.0000,3.444,,,,,,,
81,Right,12,0.0012,0.0056,0.0609,0.2505,0.0660,-0.0218,0.9656,3.444,,,,,,,
81,Right,13,0.0000,0.0000,0.0429,0.1154,0.0030,-0.0119,0.9932,3.444,,,,,,,
81,Right,14,0.0000,0.0000,0.0275,0.0157,-0.0001,-0.0452,0.9989,3.444,,,,,,,
81,Right,15,0.0003,0.0011,0.0250,0.0000,0.0000,0.0000,1.0000,3.444,,,,,,,
81,Right,16,0.0150,-0.0060,0.0348,0.0000,0.0000,0.0000,1.0000,3.444,,,,,,,
81,Right,17,0.0025,-0.0005,0.0539,0.2507,0.1074,-0.0750,0.9591,3.444,,,,,,,
81,Right,18,0.0000,0.0000,0.0390,0.1327,-0.0015,-0.0365,0.9905,3.444,,,,,,,
81,Right,19,0.0000,0.0000,0.0266,0.0725,-0.0296,-0.0080,0.9969,3.444,,,,,,,
81,Right,20,0.0003,0.0016,0.0243,0.0000,0.0000,0.0000,1.0000,3.444,,,,,,,
81,Right,21,0.0230,-0.0094,0.0341,0.0183,0.1403,-0.2070,0.9680,3.444,,,,,,,
81,Right,22,0.0000,0.0000,0.0457,0.1671,0.0512,0.0772,0.9816,3.444,,,,,,,
81,Right,23,0.0000,0.0000,0.0307,0.1875,0.0344,-0.0546,0.9801,3.444,,,,,,,
81,Right,24,0.0000,0.0000,0.0203,0.0371,-0.0491,0.0009,0.9981,3.444,,,,,,,
81,Right,25,-0.0002,0.0012,0.0219,0.0000,0.0000,0.0000,1.0000,3.444,,,,,,,
82,Left,0,0.0012,-0.0059,0.0657,0.0000,0.0000,0.0000,1.0000,3.485,,,,,,,
82,Left,1,0.0000,0.0000,0.0000,0.0000,0.0000,0.0000,1.0000,3.485,-0.0022,-0.4191,-0.2290,-0.5369,-0.0600,-0.0037,0.8415
82,Left,2,0.0242,-0.0227,0.0375,0.0670,0.3355,-0.6894,0.6385,3.485,,,,,,,
82,Left,3,0.0000,0.0000,0.0325,0.3942,-0.0317,0.0773,0.9152,3.485,,,,,,,
82,Left,4,0.0000,0.0000,0.0338,0.2032,0.0423,-0.0759,0.9753,3.485,,,,,,,
82,Left,5,-0.0007,0.0010,0.0246,0.0000,0.0000,0.0000,1.0000,3.485,,,,,,,
82,Left,6,0.0168,-0.0128,0.0380,0.0000,0.0000,0.0000,1.0000,3.485,,,,,,,
82,Left,7,0.0067,0.0055,0.0580,0.1893,0.0782,-0.0456,0.9777,3.485,,,,,,,
82,Left,8,0.0000,0.0000,0.0379,0.0467,-0.0060,0.0260,0.9985,3.485,,,,,,,
82,Left,9,0.0000,0.0000,0.0243,-0.0323,-0.0265,0.0163,0.9990,3.485,,,,,,,
82,Left,10,-0.0003,0.0010,0.0224,0.0000,0.0000,0.0000,1.0000,3.485,,,,,,,
82,Left,11,0.0006,-0.0093,0.0358,0.0000,0.0000,0.0000,1.0000,3.485,,,,,,,
82,Left,12,0.0011,0.0068,0.0598,0.2423,0.0005,0.0077,0.9702,3.485,,,,,,,
82,Left,13,0.0000,0.0000,0.0429,0.0146,-0.0042,0.0113,0.9998,3.485,,,,,,,
82,Left,14,0.0000,0.0000,0.0275,-0.0423,-0.0024,0.0394,0.9983,3.485,,,,,,,
82,Left,15,-0.0003,0.0011,0.0250,0.0000,0.0000,0.0000,1.0000,3.485,,,,,,,
82,Left,16,-0.0150,-0.0060,0.0348,0.0000,0.0000,0.0000,1.0000,3.485,,,,,,,
82,Left,17,-0.0025,-0.0005,0.0539,0.4754,-0.0343,0.0721,0.8761,3.485,,,,,,,
82,Left,18,0.0000,0.0000,0.0390,0.6505,0.0195,0.0419,0.7581,3.485,,,,,,,
82,Left,19,0.0000,0.0000,0.0266,0.4085,0.0286,0.0234,0.9120,3.485,,,,,,,
82,Left,20,-0.0003,0.0016,0.0243,0.0000,0.0000,0.0000,1.0000,3.485,,,,,,,
82,Left,21,-0.0230,-0.0094,0.0341,0.0183,-0.1403,0.2070,0.9680,3.485,,,,,,,
82,Left,22,0.0000,0.0000,0.0457,0.5022,-0.0215,-0.0699,0.8616,3.485,,,,,,,
82,Left,23,0.0000,0.0000,0.0307,0.6649,-0.0057,0.0872,0.7418,3.485,,,,,,,
82,Left,24,0.0000,0.0000,0.0203,0.4342,0.0440,-0.0022,0.8997,3.485,,,,,,,
82,Left,25,0.0002,0.0012,0.0219,0.0000,0.0000,0.0000,1.0000,3.485,,,,,,,
82,Right,0,-0.0023,-0.0054,0.0652,0.0000,0.0000,0.0000,1.0000,3.485,,,,,,,
82,Right,1,0.0000,0.0000,0.0000,0.0000,0.0000,0.0000,1.0000,3.485,0.3396,-0.2321,-0.2402,0.4079,0.4206,-0.0981,-0.8044
82,Right,2,-0.0288,-0.0182,0.0355,-0.0587,-0.3420,0.6055,0.7163,3.485,,,,,,,
82,Right,3,0.0000,0.0000,0.0325,0.2645,0.0457,-0.0808,0.9599,3.485,,,,,,,
82,Right,4,0.0000,0.0000,0.0338,0.1258,-0.0495,0.0788,0.9877,3.485,,,,,,,
82,Right,5,0.0007,0.0010,0.0246,0.0000,0.0000,0.0000,1.0000,3.485,,,,,,,
82,Right,6,-0.0191,-0.0106,0.0370,0.0000,0.0000,0.0000,1.0000,3.485,,,,,,,
82,Right,7,-0.0045,0.0033,0.0590,0.1377,0.0128,0.0324,0.9899,3.485,,,,,,,
82,Right,8,0.0000,0.0000,0.0379,0.1403,0.0035,-0.0263,0.9897,3.485,,,,,,,
82,Right,9,0.0000,0.0000,0.0243,0.0487,0.0252,-0.0167,0.9984,3.485,,,,,,,
82,Right,10,0.0003,0.0010,0.0224,0.0000,0.0000,0.0000,1.0000,3.485,,,,,,,
82,Right,11,-0.0029,-0.0082,0.0348,0.0000,0.0000,0.0000,1.0000,3.485,,,,,,,
82,Right,12,0.0012,0.0056,0.0608,0.2505,0.0661,-0.0218,0.9656,3.485,,,,,,,
82,Right,13,0.0000,0.0000,0.0429,0.1150,0.0030,-0.0119,0.9933,3.485,,,,,,,
82,Right,14,0.0000,0.0000,0.0275,0.0153,-0.0001,-0.0451,0.9989,3.485,,,,,,,
82,Right,15,0.0003,0.0011,0.0250,0.0000,0.0000,0.0000,1.0000,3.485,,,,,,,
82,Right,16,0.0150,-0.0060,0.0348,0.0000,0.0000,0.0000,1.0000,3.485,,,,,,,
82,Right,17,0.0025,-0.0005,0.0539,0.2510,0.1081,-0.0751,0.9590,3.485,,,,,,,
82,Right,18,0.0000,0.0000,0.0390,0.1328,-0.0015,-0.0365,0.9905,3.485,,,,,,,
82,Right,19,0.0000,0.0000,0.0266,0.0725,-0.0296,-0.0080,0.9969,3.485,,,,,,,
82,Right,20,0.0003,0.0016,0.0243,0.0000,0.0000,0.0000,1.0000,3.485,,,,,,,
82,Right,21,0.0230,-0.0094,0.0341,0.0183,0.1403,-0.2070,0.9680,3.485,,,,,,,
82,Right,22,0.0000,0.0000,0.0457,0.1677,0.0509,0.0772,0.9815,3.485,,,,,,,
82,Right,23,0.0000,0.0000,0.0307,0.1879,0.0343,-0.0546,0.9801,3.485,,,,,,,
82,Right,24,0.0000,0.0000,0.0203,0.0372,-0.0491,0.0009,0.9981,3.485,,,,,,,
82,Right,25,-0.0002,0.0012,0.0219,0.0000,0.0000,0.0000,1.0000,3.485,,,,,,,
83,Left,0,0.0012,-0.0059,0.0657,0.0000,0.0000,0.0000,1.0000,3.527,,,,,,,
83,Left,1,0.0000,0.0000,0.0000,0.0000,0.0000,0.0000,1.0000,3.527,-0.0036,-0.4285,-0.2169,-0.5502,-0.0555,-0.0029,0.8332
83,Left,2,0.0243,-0.0227,0.0375,0.0659,0.3365,-0.6883,0.6392,3.527,,,,,,,
83,Left,3,0.0000,0.0000,0.0325,0.3941,-0.0317,0.0773,0.9153,3.527,,,,,,,
83,Left,4,0.0000,0.0000,0.0338,0.2034,0.0423,-0.0759,0.9752,3.527,,,,,,,
83,Left,5,-0.0007,0.0010,0.0246,0.0000,0.0000,0.0000,1.0000,3.527,,,,,,,
83,Left,6,0.0169,-0.0128,0.0379,0.0000,0.0000,0.0000,1.0000,3.527,,,,,,,
83,Left,7,0.0067,0.0055,0.0580,0.1920,0.0766,-0.0457,0.9773,3.527,,,,,,,
83,Left,8,0.0000,0.0000,0.0379,0.0472,-0.0060,0.0261,0.9985,3.527,,,,,,,
83,Left,9,0.0000,0.0000,0.0243,-0.0334,-0.0266,0.0163,0.9990,3.527,,,,,,,
83,Left,10,-0.0003,0.0010,0.0224,0.0000,0.0000,0.0000,1.0000,3.527,,,,,,,
83,Left,11,0.0007,-0.0093,0.0358,0.0000,0.0000,0.0000,1.0000,3.527,,,,,,,
83,Left,12,0.0011,0.0067,0.0599,0.2453,0.0013,0.0075,0.9694,3.527,,,,,,,
83,Left,13,0.0000,0.0000,0.0429,0.0155,-0.0042,0.0113,0.9998,3.527,,,,,,,
83,Left,14,0.0000,0.0000,0.0275,-0.0428,-0.0024,0.0394,0.9983,3.527,,,,,,,
83,Left,15,-0.0003,0.0011,0.0250,0.0000,0.0000,0.0000,1.0000,3.527,,,,,,,
83,Left,16,-0.0150,-0.0060,0.0348,0.0000,0.0000,0.0000,1.0000,3.527,,,,,,,
83,Left,17,-0.0025,-0.0005,0.0539,0.4676,-0.0337,0.0713,0.8804,3.527,,,,,,,
83,Left,18,0.0000,0.0000,0.0390,0.6505,0.0195,0.0419,0.7581,3.527,,,,,,,
83,Left,19,0.0000,0.0000,0.0266,0.4060,0.0287,0.0233,0.9131,3.527,,,,,,,
83,Left,20,-0.0003,0.0016,0.0243,0.0000,0.0000,0.0000,1.0000,3.527,,,,,,,
83,Left,21,-0.0230,-0.0094,0.0341,0.0183,-0.1403,0.2070,0.9680,3.527,,,,,,,
83,Left,22,0.0000,0.0000,0.0457,0.4935,-0.0200,-0.0708,0.8666,3.527,,,,,,,
83,Left,23,0.0000,0.0000,0.0307,0.6654,-0.0057,0.0872,0.7414,3.527,,,,,,,
83,Left,24,0.0000,0.0000,0.0203,0.4332,0.0440,-0.0022,0.9002,3.527,,,,,,,
83,Left,25,0.0002,0.0012,0.0219,0.0000,0.0000,0.0000,1.0000,3.527,,,,,,,
83,Right,0,-0.0023,-0.0054,0.0652,0.0000,0.0000,0.0000,1.0000,3.527,,,,,,,
83,Right,1,0.0000,0.0000,0.0000,0.0000,0.0000,0.0000,1.0000,3.527,0.3393,-0.2324,-0.2404,0.4082,0.4199,-0.1015,-0.8042
83,Right,2,-0.0288,-0.0183,0.0355,-0.0581,-0.3421,0.6058,0.7159,3.527,,,,,,,
83,Right,3,0.0000,0.0000,0.0325,0.2652,0.0456,-0.0808,0.9597,3.527,,,,,,,
83,Right,4,0.0000,0.0000,0.0338,0.1256,-0.0495,0.0788,0.9877,3.527,,,,,,,
83,Right,5,0.0007,0.0010,0.0246,0.0000,0.0000,0.0000,1.0000,3.527,,,,,,,
83,Right,6,-0.0191,-0.0106,0.0370,0.0000,0.0000,0.0000,1.0000,3.527,,,,,,,
83,Right,7,-0.0045,0.0033,0.0590,0.1370,0.0124,0.0325,0.9900,3.527,,,,,,,
83,Right,8,0.0000,0.0000,0.0379,0.1402,0.0035,-0.0263,0.9898,3.527,,,,,,,
83,Right,9,0.0000,0.0000,0.0243,0.0487,0.0252,-0.0167,0.9984,3.527,,,,,,,
83,Right,10,0.0003,0.0010,0.0224,0.0000,0.0000,0.0000,1.0000,3.527,,,,,,,
83,Right,11,-0.0029,-0.0082,0.0348,0.0000,0.0000,0.0000,1.0000,3.527,,,,,,,
83,Right,12,0.0012,0.0056,0.0608,0.2506,0.0659,-0.0218,0.9656,3.527,,,,,,,
83,Right,13,0.0000,0.0000,0.0429,0.1146,0.0030,-0.0119,0.9933,3.527,,,,,,,
83,Right,14,0.0000,0.0000,0.0275,0.0151,-0.0001,-0.0451,0.9989,3.527,,,,,,,
83,Right,15,0.0003,0.0011,0.0250,0.0000,0.0000,0.0000,1.0000,3.527,,,,,,,
83,Right,16,0.0150,-0.0060,0.0348,0.0000,0.0000,0.0000,1.0000,3.527,,,,,,,
83,Right,17,0.0025,-0.0005,0.0539,0.2512,0.1087,-0.0753,0.9589,3.527,,,,,,,
83,Right,18,0.0000,0.0000,0.0390,0.1333,-0.0015,-0.0366,0.9904,3.527,,,,,,,
83,Right,19,0.0000,0.0000,0.0266,0.0728,-0.0296,-0.0081,0.9969,3.527,,,,,,,
83,Right,20,0.0003,0.0016,0.0243,0.0000,0.0000,0.0000,1.0000,3.527,,,,,,,
83,Right,21,0.0230,-0.0094,0.0341,0.0183,0.1403,-0.2070,0.9680,3.527,,,,,,,
83,Right,22,0.0000,0.0000,0.0457,0.1685,0.0509,0.0771,0.9814,3.527,,,,,,,
83,Right,23,0.0000,0.0000,0.0307,0.1885,0.0343,-0.0546,0.9800,3.527,,,,,,,
83,Right,24,0.0000,0.0000,0.0203,0.0377,-0.0491,0.0009,0.9981,3.527,,,,,,,
83,Right,25,-0.0002,0.0012,0.0219,0.0000,0.0000,0.0000,1.0000,3.527,,,,,,,
84,Left,0,0.0012,-0.0059,0.0657,0.0000,0.0000,0.0000,1.0000,3.569,,,,,,,
84,Left,1,0.0000,0.0000,0.0000,0.0000,0.0000,0.0000,1.0000,3.569,-0.0008,-0.4344,-0.2166,-0.5790,-0.0492,-0.0020,0.8139
84,Left,2,0.0244,-0.0226,0.0375,0.0639,0.3365,-0.6874,0.6405,3.569,,,,,,,
84,Left,3,0.0000,0.0000,0.0325,0.3942,-0.0316,0.0773,0.9152,3.569,,,,,,,
84,Left,4,0.0000,0.0000,0.0338,0.2039,0.0423,-0.0759,0.9751,3.569,,,,,,,
84,Left,5,-0.0007,0.0010,0.0246,0.0000,0.0000,0.0000,1.0000,3.569,,,,,,,
84,Left,6,0.0169,-0.0128,0.0379,0.0000,0.0000,0.0000,1.0000,3.569,,,,,,,
84,Left,7,0.0067,0.0054,0.0581,0.2290,0.0783,-0.0503,0.9690,3.569,,,,,,,
84,Left,8,0.0000,0.0000,0.0379,0.0480,-0.0060,0.0261,0.9985,3.569,,,,,,,
84,Left,9,0.0000,0.0000,0.0243,-0.0356,-0.0266,0.0163,0.9989,3.569,,,,,,,
84,Left,10,-0.0003,0.0010,0.0224,0.0000,0.0000,0.0000,1.0000,3.569,,,,,,,
84,Left,11,0.0007,-0.0093,0.0358,0.0000,0.0000,0.0000,1.0000,3.569,,,,,,,
84,Left,12,0.0010,0.0067,0.0599,0.2494,0.0036,0.0070,0.9684,3.569,,,,,,,
84,Left,13,0.0000,0.0000,0.0429,0.0196,-0.0041,0.0114,0.9997,3.569,,,,,,,
84,Left,14,0.0000,0.0000,0.0275,-0.0431,-0.0024,0.0394,0.9983,3.569,,,,,,,
84,Left,15,-0.0003,0.0011,0.0250,0.0000,0.0000,0.0000,1.0000,3.569,,,,,,,
84,Left,16,-0.0150,-0.0060,0.0348,0.0000,0.0000,0.0000,1.0000,3.569,,,,,,,
84,Left,17,-0.0025,-0.0005,0.0539,0.4641,-0.0326,0.0705,0.8824,3.569,,,,,,,
84,Left,18,0.0000,0.0000,0.0390,0.6510,0.0196,0.0419,0.7577,3.569,,,,,,,
84,Left,19,0.0000,0.0000,0.0266,0.4046,0.0287,0.0232,0.9137,3.569,,,,,,,
84,Left,20,-0.0003,0.0016,0.0243,0.0000,0.0000,0.0000,1.0000,3.569,,,,,,,
84,Left,21,-0.0230,-0.0094,0.0341,0.0183,-0.1403,0.2070,0.9680,3.569,,,,,,,
84,Left,22,0.0000,0.0000,0.0457,0.4867,-0.0184,-0.0717,0.8704,3.569,,,,,,,
84,Left,23,0.0000,0.0000,0.0307,0.6693,-0.0054,0.0874,0.7378,3.569,,,,,,,
84,Left,24,0.0000,0.0000,0.0203,0.4326,0.0440,-0.0021,0.9005,3.569,,,,,,,
84,Left,25,0.0002,0.0012,0.0219,0.0000,0.0000,0.0000,1.0000,3.569,,,,,,,
84,Right,0,-0.0023,-0.0054,0.0652,0.0000,0.0000,0.0000,1.0000,3.569,,,,,,,
84,Right,1,0.0000,0.0000,0.0000,0.0000,0.0000,0.0000,1.0000,3.569,0.3382,-0.2343,-0.2400,0.4091,0.4198,-0.1015,-0.8038
84,Right,2,-0.0287,-0.0183,0.0355,-0.0573,-0.3424,0.6063,0.7154,3.569,,,,,,,
84,Right,3,0.0000,0.0000,0.0325,0.2660,0.0455,-0.0808,0.9595,3.569,,,,,,,
84,Right,4,0.0000,0.0000,0.0338,0.1250,-0.0496,0.0788,0.9878,3.569,,,,,,,
84,Right,5,0.0007,0.0010,0.0246,0.0000,0.0000,0.0000,1.0000,3.569,,,,,,,
84,Right,6,-0.0191,-0.0106,0.0370,0.0000,0.0000,0.0000,1.0000,3.569,,,,,,,
84,Right,7,-0.0045,0.0033,0.0590,0.1365,0.0111,0.0326,0.9900,3.569,,,,,,,
84,Right,8,0.0000,0.0000,0.0379,0.1405,0.0035,-0.0263,0.9897,3.569,,,,,,,
84,Right,9,0.0000,0.0000,0.0243,0.0487,0.0252,-0.0167,0.9984,3.569,,,,,,,
84,Right,10,0.0003,0.0010,0.0224,0.0000,0.0000,0.0000,1.0000,3.569,,,,,,,
84,Right,11,-0.0029,-0.0082,0.0348,0.0000,0.0000,0.0000,1.0000,3.569,,,,,,,
84,Right,12,0.0011,0.0057,0.0608,0.2506,0.0652,-0.0216,0.9657,3.569,,,,,,,
84,Right,13,0.0000,0.0000,0.0429,0.1148,0.0030,-0.0119,0.9933,3.569,,,,,,,
84,Right,14,0.0000,0.0000,0.0275,0.0154,-0.0001,-0.0451,0.9989,3.569,,,,,,,
84,Right,15,0.0003,0.0011,0.0250,0.0000,0.0000,0.0000,1.0000,3.569,,,,,,,
84,Right,16,0.0150,-0.0060,0.0348,0.0000,0.0000,0.0000,1.0000,3.569,,,,,,,
84,Right,17,0.0025,-0.0005,0.0539,0.2508,0.1092,-0.0753,0.9589,3.569,,,,,,,
84,Right,18,0.0000,0.0000,0.0390,0.1340,-0.0015,-0.0366,0.9903,3.569,,,,,,,
84,Right,19,0.0000,0.0000,0.0266,0.0732,-0.0296,-0.0081,0.9968,3.569,,,,,,,
84,Right,20,0.0003,0.0016,0.0243,0.0000,0.0000,0.0000,1.0000,3.569,,,,,,,
84,Right,21,0.0230,-0.0094,0.0341,0.0183,0.1403,-0.2070,0.9680,3.569,,,,,,,
84,Right,22,0.0000,0.0000,0.0457,0.1690,0.0514,0.0770,0.9813,3.569,,,,,,,
84,Right,23,0.0000,0.0000,0.0307,0.1893,0.0343,-0.0547,0.9798,3.569,,,,,,,
84,Right,24,0.0000,0.0000,0.0203,0.0383,-0.0491,0.0009,0.9981,3.569,,,,,,,
84,Right,25,-0.0002,0.0012,0.0219,0.0000,0.0000,0.0000,1.0000,3.569,,,,,,,
85,Left,0,0.0012,-0.0059,0.0657,0.0000,0.0000,0.0000,1.0000,3.610,,,,,,,
85,Left,1,0.0000,0.0000,0.0000,0.0000,0.0000,0.0000,1.0000,3.610,0.0004,-0.4380,-0.2210,-0.5762,-0.0521,-0.0077,0.8156
85,Left,2,0.0245,-0.0225,0.0374,0.0603,0.3373,-0.6851,0.6428,3.610,,,,,,,
85,Left,3,0.0000,0.0000,0.0325,0.3950,-0.0316,0.0773,0.9149,3.610,,,,,,,
85,Left,4,0.0000,0.0000,0.0338,0.2052,0.0421,-0.0758,0.9749,3.610,,,,,,,
85,Left,5,-0.0007,0.0010,0.0246,0.0000,0.0000,0.0000,1.0000,3.610,,,,,,,
85,Left,6,0.0170,-0.0127,0.0379,0.0000,0.0000,0.0000,1.0000,3.610,,,,,,,
85,Left,7,0.0066,0.0054,0.0581,0.2287,0.0790,-0.0504,0.9690,3.610,,,,,,,
85,Left,8,0.0000,0.0000,0.0379,0.0481,-0.0059,0.0261,0.9985,3.610,,,,,,,
85,Left,9,0.0000,0.0000,0.0243,-0.0370,-0.0266,0.0163,0.9988,3.610,,,,,,,
85,Left,10,-0.0003,0.0010,0.0224,0.0000,0.0000,0.0000,1.0000,3.610,,,,,,,
85,Left,11,0.0008,-0.0092,0.0357,0.0000,0.0000,0.0000,1.0000,3.610,,,,,,,
85,Left,12,0.0010,0.0067,0.0599,0.2504,0.0048,0.0067,0.9681,3.610,,,,,,,
85,Left,13,0.0000,0.0000,0.0429,0.0207,-0.0041,0.0114,0.9997,3.610,,,,,,,
85,Left,14,0.0000,0.0000,0.0275,-0.0433,-0.0024,0.0393,0.9983,3.610,,,,,,,
85,Left,15,-0.0003,0.0011,0.0250,0.0000,0.0000,0.0000,1.0000,3.610,,,,,,,
85,Left,16,-0.0150,-0.0060,0.0348,0.0000,0.0000,0.0000,1.0000,3.610,,,,,,,
85,Left,17,-0.0025,-0.0005,0.0539,0.4632,-0.0318,0.0701,0.8829,3.610,,,,,,,
85,Left,18,0.0000,0.0000,0.0390,0.6519,0.0196,0.0419,0.7569,3.610,,,,,,,
85,Left,19,0.0000,0.0000,0.0266,0.4038,0.0287,0.0232,0.9141,3.610,,,,,,,
85,Left,20,-0.0003,0.0016,0.0243,0.0000,0.0000,0.0000,1.0000,3.610,,,,,,,
85,Left,21,-0.0230,-0.0094,0.0341,0.0183,-0.1403,0.2070,0.9680,3.610,,,,,,,
85,Left,22,0.0000,0.0000,0.0457,0.4866,-0.0180,-0.0719,0.8705,3.610,,,,,,,
85,Left,23,0.0000,0.0000,0.0307,0.6738,-0.0050,0.0877,0.7337,3.610,,,,,,,
85,Left,24,0.0000,0.0000,0.0203,0.4322,0.0440,-0.0021,0.9007,3.610,,,,,,,
85,Left,25,0.0002,0.0012,0.0219,0.0000,0.0000,0.0000,1.0000,3.610,,,,,,,
85,Right,0,-0.0023,-0.0054,0.0652,0.0000,0.0000,0.0000,1.0000,3.610,,,,,,,
85,Right,1,0.0000,0.0000,0.0000,0.0000,0.0000,0.0000,1.0000,3.610,0.3378,-0.2348,-0.2401,0.4095,0.4191,-0.1053,-0.8035
85,Right,2,-0.0287,-0.0183,0.0356,-0.0567,-0.3429,0.6066,0.7150,3.610,,,,,,,
85,Right,3,0.0000,0.0000,0.0325,0.2667,0.0454,-0.0808,0.9593,3.610,,,,,,,
85,Right,4,0.0000,0.0000,0.0338,0.1249,-0.0496,0.0788,0.9878,3.610,,,,,,,
85,Right,5,0.0007,0.0010,0.0246,0.0000,0.0000,0.0000,1.0000,3.610,,,,,,,
85,Right,6,-0.0191,-0.0106,0.0370,0.0000,0.0000,0.0000,1.0000,3.610,,,,,,,
85,Right,7,-0.0045,0.0033,0.0590,0.1362,0.0101,0.0326,0.9901,3.610,,,,,,,
85,Right,8,0.0000,0.0000,0.0379,0.1404,0.0035,-0.0263,0.9897,3.610,,,,,,,
85,Right,9,0.0000,0.0000,0.0243,0.0486,0.0252,-0.0167,0.9984,3.610,,,,,,,
85,Right,10,0.0003,0.0010,0.0224,0.0000,0.0000,0.0000,1.0000,3.610,,,,,,,
85,Right,11,-0.0029,-0.0082,0.0348,0.0000,0.0000,0.0000,1.0000,3.610,,,,,,,
85,Right,12,0.0011,0.0057,0.0608,0.2509,0.0647,-0.0216,0.9656,3.610,,,,,,,
85,Right,13,0.0000,0.0000,0.0429,0.1143,0.0030,-0.0119,0.9934,3.610,,,,,,,
85,Right,14,0.0000,0.0000,0.0275,0.0152,-0.0001,-0.0451,0.9989,3.610,,,,,,,
85,Right,15,0.0003,0.0011,0.0250,0.0000,0.0000,0.0000,1.0000,3.610,,,,,,,
85,Right,16,0.0150,-0.0060,0.0348,0.0000,0.0000,0.0000,1.0000,3.610,,,,,,,
85,Right,17,0.0025,-0.0005,0.0539,0.2507,0.1096,-0.0754,0.9589,3.610,,,,,,,
85,Right,18,0.0000,0.0000,0.0390,0.1341,-0.0015,-0.0366,0.9903,3.610,,,,,,,
85,Right,19,0.0000,0.0000,0.0266,0.0734,-0.0296,-0.0081,0.9968,3.610,,,,,,,
85,Right,20,0.0003,0.0016,0.0243,0.0000,0.0000,0.0000,1.0000,3.610,,,,,,,
85,Right,21,0.0230,-0.0094,0.0341,0.0183,0.1403,-0.2070,0.9680,3.610,,,,,,,
85,Right,22,0.0000,0.0000,0.0457,0.1695,0.0518,0.0769,0.9812,3.610,,,,,,,
85,Right,23,0.0000,0.0000,0.0307,0.1898,0.0343,-0.0547,0.9797,3.610,,,,,,,
85,Right,24,0.0000,0.0000,0.0203,0.0389,-0.0491,0.0009,0.9980,3.610,,,,,,,
85,Right,25,-0.0002,0.0012,0.0219,0.0000,0.0000,0.0000,1.0000,3.610,,,,,,,
86,Left,0,0.0013,-0.0059,0.0657,0.0000,0.0000,0.0000,1.0000,3.652,,,,,,,
86,Left,1,0.0000,0.0000,0.0000,0.0000,0.0000,0.0000,1.0000,3.652,0.0011,-0.4413,-0.2219,-0.5619,-0.0555,-0.0051,0.8253
86,Left,2,0.0246,-0.0224,0.0374,0.0591,0.3372,-0.6846,0.6436,3.652,,,,,,,
86,Left,3,0.0000,0.0000,0.0325,0.3951,-0.0315,0.0773,0.9148,3.652,,,,,,,
86,Left,4,0.0000,0.0000,0.0338,0.2055,0.0421,-0.0758,0.9748,3.652,,,,,,,
86,Left,5,-0.0007,0.0010,0.0246,0.0000,0.0000,0.0000,1.0000,3.652,,,,,,,
86,Left,6,0.0170,-0.0127,0.0379,0.0000,0.0000,0.0000,1.0000,3.652,,,,,,,
86,Left,7,0.0066,0.0054,0.0581,0.2189,0.0800,-0.0494,0.9712,3.652,,,,,,,
86,Left,8,0.0000,0.0000,0.0379,0.0473,-0.0060,0.0261,0.9985,3.652,,,,,,,
86,Left,9,0.0000,0.0000,0.0243,-0.0386,-0.0266,0.0163,0.9988,3.652,,,,,,,
86,Left,10,-0.0003,0.0010,0.0224,0.0000,0.0000,0.0000,1.0000,3.652,,,,,,,
86,Left,11,0.0008,-0.0092,0.0357,0.0000,0.0000,0.0000,1.0000,3.652,,,,,,,
86,Left,12,0.0009,0.0067,0.0599,0.2508,0.0067,0.0063,0.9680,3.652,,,,,,,
86,Left,13,0.0000,0.0000,0.0429,0.0208,-0.0041,0.0114,0.9997,3.652,,,,,,,
86,Left,14,0.0000,0.0000,0.0275,-0.0441,-0.0025,0.0393,0.9983,3.652,,,,,,,
86,Left,15,-0.0003,0.0011,0.0250,0.0000,0.0000,0.0000,1.0000,3.652,,,,,,,
86,Left,16,-0.0150,-0.0060,0.0348,0.0000,0.0000,0.0000,1.0000,3.652,,,,,,,
86,Left,17,-0.0025,-0.0005,0.0539,0.4635,-0.0308,0.0696,0.8828,3.652,,,,,,,
86,Left,18,0.0000,0.0000,0.0390,0.6528,0.0196,0.0418,0.7561,3.652,,,,,,,
86,Left,19,0.0000,0.0000,0.0266,0.4031,0.0287,0.0232,0.9144,3.652,,,,,,,
86,Left,20,-0.0003,0.0016,0.0243,0.0000,0.0000,0.0000,1.0000,3.652,,,,,,,
86,Left,21,-0.0230,-0.0094,0.0341,0.0183,-0.1403,0.2070,0.9680,3.652,,,,,,,
86,Left,22,0.0000,0.0000,0.0457,0.4871,-0.0180,-0.0719,0.8702,3.652,,,,,,,
86,Left,23,0.0000,0.0000,0.0307,0.6750,-0.0049,0.0877,0.7325,3.652,,,,,,,
86,Left,24,0.0000,0.0000,0.0203,0.4314,0.0440,-0.0021,0.9011,3.652,,,,,,,
86,Left,25,0.0002,0.0012,0.0219,0.0000,0.0000,0.0000,1.0000,3.652,,,,,,,
86,Right,0,-0.0023,-0.0054,0.0652,0.0000,0.0000,0.0000,1.0000,3.652,,,,,,,
86,Right,1,0.0000,0.0000,0.0000,0.0000,0.0000,0.0000,1.0000,3.652,0.3375,-0.2357,-0.2401,0.4109,0.4189,-0.1096,-0.8023
86,Right,2,-0.0287,-0.0183,0.0356,-0.0558,-0.3432,0.6072,0.7145,3.652,,,,,,,
86,Right,3,0.0000,0.0000,0.0325,0.2672,0.0454,-0.0808,0.9592,3.652,,,,,,,
86,Right,4,0.0000,0.0000,0.0338,0.1247,-0.0496,0.0788,0.9878,3.652,,,,,,,
86,Right,5,0.0007,0.0010,0.0246,0.0000,0.0000,0.0000,1.0000,3.652,,,,,,,
86,Right,6,-0.0191,-0.0106,0.0370,0.0000,0.0000,0.0000,1.0000,3.652,,,,,,,
86,Right,7,-0.0045,0.0033,0.0590,0.1349,0.0091,0.0327,0.9903,3.652,,,,,,,
86,Right,8,0.0000,0.0000,0.0379,0.1401,0.0035,-0.0263,0.9898,3.652,,,,,,,
86,Right,9,0.0000,0.0000,0.0243,0.0485,0.0252,-0.0167,0.9984,3.652,,,,,,,
86,Right,10,0.0003,0.0010,0.0224,0.0000,0.0000,0.0000,1.0000,3.652,,,,,,,
86,Right,11,-0.0029,-0.0082,0.0348,0.0000,0.0000,0.0000,1.0000,3.652,,,,,,,
86,Right,12,0.0011,0.0057,0.0608,0.2507,0.0643,-0.0215,0.9657,3.652,,,,,,,
86,Right,13,0.0000,0.0000,0.0429,0.1141,0.0030,-0.0119,0.9934,3.652,,,,,,,
86,Right,14,0.0000,0.0000,0.0275,0.0152,-0.0001,-0.0451,0.9989,3.652,,,,,,,
86,Right,15,0.0003,0.0011,0.0250,0.0000,0.0000,0.0000,1.0000,3.652,,,,,,,
86,Right,16,0.0150,-0.0060,0.0348,0.0000,0.0000,0.0000,1.0000,3.652,,,,,,,
86,Right,17,0.0025,-0.0005,0.0539,0.2503,0.1104,-0.0755,0.9589,3.652,,,,,,,
86,Right,18,0.0000,0.0000,0.0390,0.1347,-0.0016,-0.0366,0.9902,3.652,,,,,,,
86,Right,19,0.0000,0.0000,0.0266,0.0736,-0.0296,-0.0081,0.9968,3.652,,,,,,,
86,Right,20,0.0003,0.0016,0.0243,0.0000,0.0000,0.0000,1.0000,3.652,,,,,,,
86,Right,21,0.0230,-0.0094,0.0341,0.0183,0.1403,-0.2070,0.9680,3.652,,,,,,,
86,Right,22,0.0000,0.0000,0.0457,0.1697,0.0523,0.0768,0.9811,3.652,,,,,,,
86,Right,23,0.0000,0.0000,0.0307,0.1907,0.0342,-0.0548,0.9795,3.652,,,,,,,
86,Right,24,0.0000,0.0000,0.0203,0.0395,-0.0491,0.0009,0.9980,3.652,,,,,,,
86,Right,25,-0.0002,0.0012,0.0219,0.0000,0.0000,0.0000,1.0000,3.652,,,,,,,
87,Left,0,0.0013,-0.0059,0.0657,0.0000,0.0000,0.0000,1.0000,3.693,,,,,,,
87,Left,1,0.0000,0.0000,0.0000,0.0000,0.0000,0.0000,1.0000,3.693,0.0024,-0.4465,-0.2230,-0.5478,-0.0597,0.0009,0.8345
87,Left,2,0.0246,-0.0224,0.0374,0.0578,0.3368,-0.6841,0.6444,3.693,,,,,,,
87,Left,3,0.0000,0.0000,0.0325,0.3944,-0.0316,0.0773,0.9151,3.693,,,,,,,
87,Left,4,0.0000,0.0000,0.0338,0.2046,0.0422,-0.0759,0.9750,3.693,,,,,,,
87,Left,5,-0.0007,0.0010,0.0246,0.0000,0.0000,0.0000,1.0000,3.693,,,,,,,
87,Left,6,0.0170,-0.0127,0.0379,0.0000,0.0000,0.0000,1.0000,3.693,,,,,,,
87,Left,7,0.0065,0.0054,0.0581,0.2108,0.0814,-0.0486,0.9729,3.693,,,,,,,
87,Left,8,0.0000,0.0000,0.0379,0.0459,-0.0060,0.0260,0.9986,3.693,,,,,,,
87,Left,9,0.0000,0.0000,0.0243,-0.0403,-0.0267,0.0162,0.9987,3.693,,,,,,,
87,Left,10,-0.0003,0.0010,0.0224,0.0000,0.0000,0.0000,1.0000,3.693,,,,,,,
87,Left,11,0.0008,-0.0092,0.0357,0.0000,0.0000,0.0000,1.0000,3.693,,,,,,,
87,Left,12,0.0009,0.0067,0.0599,0.2504,0.0076,0.0062,0.9681,3.693,,,,,,,
87,Left,13,0.0000,0.0000,0.0429,0.0197,-0.0041,0.0114,0.9997,3.693,,,,,,,
87,Left,14,0.0000,0.0000,0.0275,-0.0457,-0.0025,0.0391,0.9982,3.693,,,,,,,
87,Left,15,-0.0003,0.0011,0.0250,0.0000,0.0000,0.0000,1.0000,3.693,,,,,,,
87,Left,16,-0.0150,-0.0060,0.0348,0.0000,0.0000,0.0000,1.0000,3.693,,,,,,,
87,Left,17,-0.0025,-0.0005,0.0539,0.4638,-0.0302,0.0694,0.8827,3.693,,,,,,,
87,Left,18,0.0000,0.0000,0.0390,0.6537,0.0197,0.0418,0.7554,3.693,,,,,,,
87,Left,19,0.0000,0.0000,0.0266,0.4024,0.0287,0.0231,0.9147,3.693,,,,,,,
87,Left,20,-0.0003,0.0016,0.0243,0.0000,0.0000,0.0000,1.0000,3.693,,,,,,,
87,Left,21,-0.0230,-0.0094,0.0341,0.0183,-0.1403,0.2070,0.9680,3.693,,,,,,,
87,Left,22,0.0000,0.0000,0.0457,0.4920,-0.0190,-0.0713,0.8675,3.693,,,,,,,
87,Left,23,0.0000,0.0000,0.0307,0.6761,-0.0048,0.0878,0.7315,3.693,,,,,,,
87,Left,24,0.0000,0.0000,0.0203,0.4304,0.0441,-0.0021,0.9016,3.693,,,,,,,
87,Left,25,0.0002,0.0012,0.0219,0.0000,0.0000,0.0000,1.0000,3.693,,,,,,,
87,Right,0,-0.0023,-0.0054,0.0652,0.0000,0.0000,0.0000,1.0000,3.693,,,,,,,
87,Right,1,0.0000,0.0000,0.0000,0.0000,0.0000,0.0000,1.0000,3.693,0.3374,-0.2367,-0.2405,0.4119,0.4187,-0.1140,-0.8013
87,Right,2,-0.0287,-0.0184,0.0356,-0.0547,-0.3430,0.6081,0.7139,3.693,,,,,,,
87,Right,3,0.0000,0.0000,0.0325,0.2674,0.0454,-0.0808,0.9591,3.693,,,,,,,
87,Right,4,0.0000,0.0000,0.0338,0.1248,-0.0496,0.0788,0.9878,3.693,,,,,,,
87,Right,5,0.0007,0.0010,0.0246,0.0000,0.0000,0.0000,1.0000,3.693,,,,,,,
87,Right,6,-0.0190,-0.0106,0.0370,0.0000,0.0000,0.0000,1.0000,3.693,,,,,,,
87,Right,7,-0.0045,0.0033,0.0590,0.1335,0.0081,0.0327,0.9905,3.693,,,,,,,
87,Right,8,0.0000,0.0000,0.0379,0.1404,0.0035,-0.0263,0.9897,3.693,,,,,,,
87,Right,9,0.0000,0.0000,0.0243,0.0487,0.0252,-0.0167,0.9984,3.693,,,,,,,
87,Right,10,0.0003,0.0010,0.0224,0.0000,0.0000,0.0000,1.0000,3.693,,,,,,,
87,Right,11,-0.0028,-0.0082,0.0348,0.0000,0.0000,0.0000,1.0000,3.693,,,,,,,
87,Right,12,0.0011,0.0057,0.0608,0.2504,0.0643,-0.0214,0.9658,3.693,,,,,,,
87,Right,13,0.0000,0.0000,0.0429,0.1144,0.0030,-0.0119,0.9934,3.693,,,,,,,
87,Right,14,0.0000,0.0000,0.0275,0.0153,-0.0001,-0.0451,0.9989,3.693,,,,,,,
87,Right,15,0.0003,0.0011,0.0250,0.0000,0.0000,0.0000,1.0000,3.693,,,,,,,
87,Right,16,0.0150,-0.0060,0.0348,0.0000,0.0000,0.0000,1.0000,3.693,,,,,,,
87,Right,17,0.0025,-0.0005,0.0539,0.2501,0.1115,-0.0757,0.9588,3.693,,,,,,,
87,Right,18,0.0000,0.0000,0.0390,0.1359,-0.0016,-0.0366,0.9900,3.693,,,,,,,
87,Right,19,0.0000,0.0000,0.0266,0.0740,-0.0296,-0.0081,0.9968,3.693,,,,,,,
87,Right,20,0.0003,0.0016,0.0243,0.0000,0.0000,0.0000,1.0000,3.693,,,,,,,
87,Right,21,0.0230,-0.0094,0.0341,0.0183,0.1403,-0.2070,0.9680,3.693,,,,,,,
87,Right,22,0.0000,0.0000,0.0457,0.1700,0.0524,0.0768,0.9810,3.693,,,,,,,
87,Right,23,0.0000,0.0000,0.0307,0.1919,0.0342,-0.0549,0.9793,3.693,,,,,,,
87,Right,24,0.0000,0.0000,0.0203,0.0401,-0.0491,0.0009,0.9980,3.693,,,,,,,
87,Right,25,-0.0002,0.0012,0.0219,0.0000,0.0000,0.0000,1.0000,3.693,,,,,,,
88,Left,0,0.0013,-0.0059,0.0657,0.0000,0.0000,0.0000,1.0000,3.735,,,,,,,
88,Left,1,0.0000,0.0000,0.0000,0.0000,0.0000,0.0000,1.0000,3.735,-0.0005,-0.4556,-0.2161,-0.5461,-0.0606,0.0071,0.8355
88,Left,2,0.0246,-0.0224,0.0374,0.0573,0.3366,-0.6839,0.6447,3.735,,,,,,,
88,Left,3,0.0000,0.0000,0.0325,0.3935,-0.0317,0.0773,0.9155,3.735,,,,,,,
88,Left,4,0.0000,0.0000,0.0338,0.2037,0.0423,-0.0759,0.9752,3.735,,,,,,,
88,Left,5,-0.0007,0.0010,0.0246,0.0000,0.0000,0.0000,1.0000,3.735,,,,,,,
88,Left,6,0.0170,-0.0127,0.0379,0.0000,0.0000,0.0000,1.0000,3.735,,,,,,,
88,Left,7,0.0065,0.0054,0.0581,0.2051,0.0855,-0.0485,0.9738,3.735,,,,,,,
88,Left,8,0.0000,0.0000,0.0379,0.0446,-0.0060,0.0260,0.9986,3.735,,,,,,,
88,Left,9,0.0000,0.0000,0.0243,-0.0415,-0.0267,0.0162,0.9987,3.735,,,,,,,
88,Left,10,-0.0003,0.0010,0.0224,0.0000,0.0000,0.0000,1.0000,3.735,,,,,,,
88,Left,11,0.0008,-0.0092,0.0357,0.0000,0.0000,0.0000,1.0000,3.735,,,,,,,
88,Left,12,0.0009,0.0067,0.0599,0.2481,0.0076,0.0062,0.9687,3.735,,,,,,,
88,Left,13,0.0000,0.0000,0.0429,0.0165,-0.0042,0.0113,0.9998,3.735,,,,,,,
88,Left,14,0.0000,0.0000,0.0275,-0.0473,-0.0026,0.0389,0.9981,3.735,,,,,,,
88,Left,15,-0.0003,0.0011,0.0250,0.0000,0.0000,0.0000,1.0000,3.735,,,,,,,
88,Left,16,-0.0150,-0.0060,0.0348,0.0000,0.0000,0.0000,1.0000,3.735,,,,,,,
88,Left,17,-0.0025,-0.0005,0.0539,0.4654,-0.0298,0.0693,0.8819,3.735,,,,,,,
88,Left,18,0.0000,0.0000,0.0390,0.6544,0.0197,0.0418,0.7548,3.735,,,,,,,
88,Left,19,0.0000,0.0000,0.0266,0.4019,0.0287,0.0231,0.9149,3.735,,,,,,,
88,Left,20,-0.0003,0.0016,0.0243,0.0000,0.0000,0.0000,1.0000,3.735,,,,,,,
88,Left,21,-0.0230,-0.0094,0.0341,0.0183,-0.1403,0.2070,0.9680,3.735,,,,,,,
88,Left,22,0.0000,0.0000,0.0457,0.4963,-0.0193,-0.0711,0.8650,3.735,,,,,,,
88,Left,23,0.0000,0.0000,0.0307,0.6770,-0.0047,0.0878,0.7307,3.735,,,,,,,
88,Left,24,0.0000,0.0000,0.0203,0.4295,0.0441,-0.0021,0.9020,3.735,,,,,,,
88,Left,25,0.0002,0.0012,0.0219,0.0000,0.0000,0.0000,1.0000,3.735,,,,,,,
88,Right,0,-0.0023,-0.0054,0.0652,0.0000,0.0000,0.0000,1.0000,3.735,,,,,,,
88,Right,1,0.0000,0.0000,0.0000,0.0000,0.0000,0.0000,1.0000,3.735,0.3374,-0.2386,-0.2408,0.4131,0.4188,-0.1143,-0.8006
88,Right,2,-0.0286,-0.0184,0.0356,-0.0536,-0.3426,0.6091,0.7132,3.735,,,,,,,
88,Right,3,0.0000,0.0000,0.0325,0.2669,0.0454,-0.0808,0.9593,3.735,,,,,,,
88,Right,4,0.0000,0.0000,0.0338,0.1248,-0.0496,0.0788,0.9878,3.735,,,,,,,
88,Right,5,0.0007,0.0010,0.0246,0.0000,0.0000,0.0000,1.0000,3.735,,,,,,,
88,Right,6,-0.0190,-0.0107,0.0370,0.0000,0.0000,0.0000,1.0000,3.735,,,,,,,
88,Right,7,-0.0045,0.0034,0.0590,0.1323,0.0071,0.0328,0.9906,3.735,,,,,,,
88,Right,8,0.0000,0.0000,0.0379,0.1415,0.0035,-0.0263,0.9896,3.735,,,,,,,
88,Right,9,0.0000,0.0000,0.0243,0.0490,0.0252,-0.0167,0.9983,3.735,,,,,,,
88,Right,10,0.0003,0.0010,0.0224,0.0000,0.0000,0.0000,1.0000,3.735,,,,,,,
88,Right,11,-0.0028,-0.0082,0.0348,0.0000,0.0000,0.0000,1.0000,3.735,,,,,,,
88,Right,12,0.0011,0.0057,0.0608,0.2507,0.0643,-0.0215,0.9657,3.735,,,,,,,
88,Right,13,0.0000,0.0000,0.0429,0.1160,0.0030,-0.0119,0.9932,3.735,,,,,,,
88,Right,14,0.0000,0.0000,0.0275,0.0156,-0.0001,-0.0452,0.9989,3.735,,,,,,,
88,Right,15,0.0003,0.0011,0.0250,0.0000,0.0000,0.0000,1.0000,3.735,,,,,,,
88,Right,16,0.0150,-0.0060,0.0348,0.0000,0.0000,0.0000,1.0000,3.735,,,,,,,
88,Right,17,0.0025,-0.0005,0.0539,0.2501,0.1127,-0.0759,0.9586,3.735,,,,,,,
88,Right,18,0.0000,0.0000,0.0390,0.1385,-0.0017,-0.0367,0.9897,3.735,,,,,,,
88,Right,19,0.0000,0.0000,0.0266,0.0747,-0.0296,-0.0081,0.9967,3.735,,,,,,,
88,Right,20,0.0003,0.0016,0.0243,0.0000,0.0000,0.0000,1.0000,3.735,,,,,,,
88,Right,21,0.0230,-0.0094,0.0341,0.0183,0.1403,-0.2070,0.9680,3.735,,,,,,,
88,Right,22,0.0000,0.0000,0.0457,0.1704,0.0526,0.0767,0.9810,3.735,,,,,,,
88,Right,23,0.0000,0.0000,0.0307,0.1936,0.0341,-0.0550,0.9789,3.735,,,,,,,
88,Right,24,0.0000,0.0000,0.0203,0.0407,-0.0491,0.0009,0.9980,3.735,,,,,,,
88,Right,25,-0.0002,0.0012,0.0219,0.0000,0.0000,0.0000,1.0000,3.735,,,,,,,
89,Left,0,0.0013,-0.0059,0.0657,0.0000,0.0000,0.0000,1.0000,3.777,,,,,,,
89,Left,1,0.0000,0.0000,0.0000,0.0000,0.0000,0.0000,1.0000,3.777,0.0005,-0.4598,-0.2161,-0.5453,-0.0593,0.0097,0.8361
89,Left,2,0.0246,-0.0224,0.0374,0.0570,0.3359,-0.6841,0.6449,3.777,,,,,,,
89,Left,3,0.0000,0.0000,0.0325,0.3924,-0.0319,0.0774,0.9160,3.777,,,,,,,
89,Left,4,0.0000,0.0000,0.0338,0.2022,0.0424,-0.0759,0.9755,3.777,,,,,,,
89,Left,5,-0.0007,0.0010,0.0246,0.0000,0.0000,0.0000,1.0000,3.777,,,,,,,
89,Left,6,0.0170,-0.0127,0.0379,0.0000,0.0000,0.0000,1.0000,3.777,,,,,,,
89,Left,7,0.0065,0.0054,0.0581,0.2052,0.0857,-0.0486,0.9737,3.777,,,,,,,
89,Left,8,0.0000,0.0000,0.0379,0.0432,-0.0061,0.0260,0.9987,3.777,,,,,,,
89,Left,9,0.0000,0.0000,0.0243,-0.0428,-0.0267,0.0162,0.9986,3.777,,,,,,,
89,Left,10,-0.0003,0.0010,0.0224,0.0000,0.0000,0.0000,1.0000,3.777,,,,,,,
89,Left,11,0.0008,-0.0092,0.0357,0.0000,0.0000,0.0000,1.0000,3.777,,,,,,,
89,Left,12,0.0009,0.0067,0.0599,0.2475,0.0100,0.0057,0.9688,3.777,,,,,,,
89,Left,13,0.0000,0.0000,0.0429,0.0159,-0.0042,0.0113,0.9998,3.777,,,,,,,
89,Left,14,0.0000,0.0000,0.0275,-0.0484,-0.0027,0.0388,0.9981,3.777,,,,,,,
89,Left,15,-0.0003,0.0011,0.0250,0.0000,0.0000,0.0000,1.0000,3.777,,,,,,,
89,Left,16,-0.0150,-0.0060,0.0348,0.0000,0.0000,0.0000,1.0000,3.777,,,,,,,
89,Left,17,-0.0025,-0.0005,0.0539,0.4657,-0.0292,0.0690,0.8818,3.777,,,,,,,
89,Left,18,0.0000,0.0000,0.0390,0.6553,0.0197,0.0418,0.7540,3.777,,,,,,,
89,Left,19,0.0000,0.0000,0.0266,0.4014,0.0287,0.0231,0.9152,3.777,,,,,,,
89,Left,20,-0.0003,0.0016,0.0243,0.0000,0.0000,0.0000,1.0000,3.777,,,,,,,
89,Left,21,-0.0230,-0.0094,0.0341,0.0183,-0.1403,0.2070,0.9680,3.777,,,,,,,
89,Left,22,0.0000,0.0000,0.0457,0.4975,-0.0195,-0.0710,0.8643,3.777,,,,,,,
89,Left,23,0.0000,0.0000,0.0307,0.6778,-0.0047,0.0879,0.7300,3.777,,,,,,,
89,Left,24,0.0000,0.0000,0.0203,0.4286,0.0441,-0.0021,0.9024,3.777,,,,,,,
89,Left,25,0.0002,0.0012,0.0219,0.0000,0.0000,0.0000,1.0000,3.777,,,,,,,
89,Right,0,-0.0023,-0.0054,0.0652,0.0000,0.0000,0.0000,1.0000,3.777,,,,,,,
89,Right,1,0.0000,0.0000,0.0000,0.0000,0.0000,0.0000,1.0000,3.777,0.3372,-0.2389,-0.2409,0.4127,0.4156,-0.1190,-0.8018
89,Right,2,-0.0286,-0.0185,0.0356,-0.0529,-0.3427,0.6097,0.7128,3.777,,,,,,,
89,Right,3,0.0000,0.0000,0.0325,0.2665,0.0455,-0.0808,0.9594,3.777,,,,,,,
89,Right,4,0.0000,0.0000,0.0338,0.1249,-0.0496,0.0788,0.9878,3.777,,,,,,,
89,Right,5,0.0007,0.0010,0.0246,0.0000,0.0000,0.0000,1.0000,3.777,,,,,,,
89,Right,6,-0.0190,-0.0107,0.0370,0.0000,0.0000,0.0000,1.0000,3.777,,,,,,,
89,Right,7,-0.0045,0.0034,0.0590,0.1312,0.0062,0.0328,0.9908,3.777,,,,,,,
89,Right,8,0.0000,0.0000,0.0379,0.1422,0.0035,-0.0263,0.9895,3.777,,,,,,,
89,Right,9,0.0000,0.0000,0.0243,0.0494,0.0252,-0.0167,0.9983,3.777,,,,,,,
89,Right,10,0.0003,0.0010,0.0224,0.0000,0.0000,0.0000,1.0000,3.777,,,,,,,
89,Right,11,-0.0028,-0.0082,0.0349,0.0000,0.0000,0.0000,1.0000,3.777,,,,,,,
89,Right,12,0.0011,0.0057,0.0608,0.2511,0.0641,-0.0215,0.9656,3.777,,,,,,,
89,Right,13,0.0000,0.0000,0.0429,0.1162,0.0030,-0.0119,0.9931,3.777,,,,,,,
89,Right,14,0.0000,0.0000,0.0275,0.0158,-0.0001,-0.0452,0.9989,3.777,,,,,,,
89,Right,15,0.0003,0.0011,0.0250,0.0000,0.0000,0.0000,1.0000,3.777,,,,,,,
89,Right,16,0.0150,-0.0060,0.0348,0.0000,0.0000,0.0000,1.0000,3.777,,,,,,,
89,Right,17,0.0025,-0.0005,0.0539,0.2498,0.1134,-0.0760,0.9586,3.777,,,,,,,
89,Right,18,0.0000,0.0000,0.0390,0.1399,-0.0017,-0.0367,0.9895,3.777,,,,,,,
89,Right,19,0.0000,0.0000,0.0266,0.0755,-0.0296,-0.0082,0.9967,3.777,,,,,,,
89,Right,20,0.0003,0.0016,0.0243,0.0000,0.0000,0.0000,1.0000,3.777,,,,,,,
89,Right,21,0.0230,-0.0094,0.0341,0.0183,0.1403,-0.2070,0.9680,3.777,,,,,,,
89,Right,22,0.0000,0.0000,0.0457,0.1694,0.0528,0.0767,0.9811,3.777,,,,,,,
89,Right,23,0.0000,0.0000,0.0307,0.1950,0.0340,-0.0552,0.9787,3.777,,,,,,,
89,Right,24,0.0000,0.0000,0.0203,0.0414,-0.0491,0.0009,0.9979,3.777,,,,,,,
89,Right,25,-0.0002,0.0012,0.0219,0.0000,0.0000,0.0000,1.0000,3.777,,,,,,,
90,Left,0,0.0013,-0.0059,0.0657,0.0000,0.0000,0.0000,1.0000,3.819,,,,,,,
90,Left,1,0.0000,0.0000,0.0000,0.0000,0.0000,0.0000,1.0000,3.819,0.0022,-0.4648,-0.2174,-0.5494,-0.0649,0.0083,0.8330
90,Left,2,0.0246,-0.0224,0.0374,0.0575,0.3361,-0.6843,0.6446,3.819,,,,,,,
90,Left,3,0.0000,0.0000,0.0325,0.3923,-0.0319,0.0774,0.9160,3.819,,,,,,,
90,Left,4,0.0000,0.0000,0.0338,0.2010,0.0425,-0.0760,0.9757,3.819,,,,,,,
90,Left,5,-0.0007,0.0010,0.0246,0.0000,0.0000,0.0000,1.0000,3.819,,,,,,,
90,Left,6,0.0170,-0.0127,0.0379,0.0000,0.0000,0.0000,1.0000,3.819,,,,,,,
90,Left,7,0.0065,0.0054,0.0581,0.2063,0.0865,-0.0488,0.9734,3.819,,,,,,,
90,Left,8,0.0000,0.0000,0.0379,0.0418,-0.0061,0.0260,0.9988,3.819,,,,,,,
90,Left,9,0.0000,0.0000,0.0243,-0.0441,-0.0267,0.0162,0.9985,3.819,,,,,,,
90,Left,10,-0.0003,0.0010,0.0224,0.0000,0.0000,0.0000,1.0000,3.819,,,,,,,
90,Left,11,0.0008,-0.0092,0.0357,0.0000,0.0000,0.0000,1.0000,3.819,,,,,,,
90,Left,12,0.0009,0.0067,0.0599,0.2471,0.0090,0.0059,0.9689,3.819,,,,,,,
90,Left,13,0.0000,0.0000,0.0429,0.0157,-0.0042,0.0113,0.9998,3.819,,,,,,,
90,Left,14,0.0000,0.0000,0.0275,-0.0491,-0.0027,0.0388,0.9980,3.819,,,,,,,
90,Left,15,-0.0003,0.0011,0.0250,0.0000,0.0000,0.0000,1.0000,3.819,,,,,,,
90,Left,16,-0.0150,-0.0060,0.0348,0.0000,0.0000,0.0000,1.0000,3.819,,,,,,,
90,Left,17,-0.0025,-0.0005,0.0539,0.4648,-0.0292,0.0690,0.8822,3.819,,,,,,,
90,Left,18,0.0000,0.0000,0.0390,0.6564,0.0197,0.0418,0.7530,3.819,,,,,,,
90,Left,19,0.0000,0.0000,0.0266,0.4012,0.0287,0.0231,0.9153,3.819,,,,,,,
90,Left,20,-0.0003,0.0016,0.0243,0.0000,0.0000,0.0000,1.0000,3.819,,,,,,,
90,Left,21,-0.0230,-0.0094,0.0341,0.0183,-0.1403,0.2070,0.9680,3.819,,,,,,,
90,Left,22,0.0000,0.0000,0.0457,0.4977,-0.0193,-0.0711,0.8642,3.819,,,,,,,
90,Left,23,0.0000,0.0000,0.0307,0.6783,-0.0046,0.0879,0.7294,3.819,,,,,,,
90,Left,24,0.0000,0.0000,0.0203,0.4283,0.0441,-0.0021,0.9026,3.819,,,,,,,
90,Left,25,0.0002,0.0012,0.0219,0.0000,0.0000,0.0000,1.0000,3.819,,,,,,,
90,Right,0,-0.0023,-0.0054,0.0653,0.0000,0.0000,0.0000,1.0000,3.819,,,,,,,
90,Right,1,0.0000,0.0000,0.0000,0.0000,0.0000,0.0000,1.0000,3.819,0.3369,-0.2395,-0.2417,0.4126,0.4132,-0.1253,-0.8021
90,Right,2,-0.0286,-0.0185,0.0356,-0.0525,-0.3426,0.6100,0.7126,3.819,,,,,,,
90,Right,3,0.0000,0.0000,0.0325,0.2662,0.0455,-0.0808,0.9594,3.819,,,,,,,
90,Right,4,0.0000,0.0000,0.0338,0.1256,-0.0495,0.0788,0.9877,3.819,,,,,,,
90,Right,5,0.0007,0.0010,0.0246,0.0000,0.0000,0.0000,1.0000,3.819,,,,,,,
90,Right,6,-0.0190,-0.0107,0.0370,0.0000,0.0000,0.0000,1.0000,3.819,,,,,,,
90,Right,7,-0.0045,0.0034,0.0590,0.1298,0.0050,0.0329,0.9910,3.819,,,,,,,
90,Right,8,0.0000,0.0000,0.0379,0.1425,0.0034,-0.0263,0.9894,3.819,,,,,,,
90,Right,9,0.0000,0.0000,0.0243,0.0495,0.0252,-0.0167,0.9983,3.819,,,,,,,
90,Right,10,0.0003,0.0010,0.0224,0.0000,0.0000,0.0000,1.0000,3.819,,,,,,,
90,Right,11,-0.0028,-0.0082,0.0349,0.0000,0.0000,0.0000,1.0000,3.819,,,,,,,
90,Right,12,0.0011,0.0057,0.0608,0.2512,0.0642,-0.0215,0.9656,3.819,,,,,,,
90,Right,13,0.0000,0.0000,0.0429,0.1164,0.0030,-0.0119,0.9931,3.819,,,,,,,
90,Right,14,0.0000,0.0000,0.0275,0.0159,-0.0001,-0.0452,0.9989,3.819,,,,,,,
90,Right,15,0.0003,0.0011,0.0250,0.0000,0.0000,0.0000,1.0000,3.819,,,,,,,
90,Right,16,0.0150,-0.0060,0.0348,0.0000,0.0000,0.0000,1.0000,3.819,,,,,,,
90,Right,17,0.0025,-0.0005,0.0539,0.2494,0.1143,-0.0762,0.9586,3.819,,,,,,,
90,Right,18,0.0000,0.0000,0.0390,0.1413,-0.0018,-0.0367,0.9893,3.819,,,,,,,
90,Right,19,0.0000,0.0000,0.0266,0.0764,-0.0296,-0.0082,0.9966,3.819,,,,,,,
90,Right,20,0.0003,0.0016,0.0243,0.0000,0.0000,0.0000,1.0000,3.819,,,,,,,
90,Right,21,0.0230,-0.0094,0.0341,0.0183,0.1403,-0.2070,0.9680,3.819,,,,,,,
90,Right,22,0.0000,0.0000,0.0457,0.1682,0.0531,0.0768,0.9813,3.819,,,,,,,
90,Right,23,0.0000,0.0000,0.0307,0.1964,0.0339,-0.0553,0.9784,3.819,,,,,,,
90,Right,24,0.0000,0.0000,0.0203,0.0422,-0.0491,0.0009,0.9979,3.819,,,,,,,
90,Right,25,-0.0002,0.0012,0.0219,0.0000,0.0000,0.0000,1.0000,3.819,,,,,,,
91,Left,0,0.0013,-0.0059,0.0657,0.0000,0.0000,0.0000,1.0000,3.860,,,,,,,
91,Left,1,0.0000,0.0000,0.0000,0.0000,0.0000,0.0000,1.0000,3.860,0.0033,-0.4683,-0.2202,-0.5545,-0.0648,0.0068,0.8296
91,Left,2,0.0246,-0.0224,0.0374,0.0578,0.3360,-0.6845,0.6444,3.860,,,,,,,
91,Left,3,0.0000,0.0000,0.0325,0.3927,-0.0318,0.0774,0.9158,3.860,,,,,,,
91,Left,4,0.0000,0.0000,0.0338,0.2005,0.0426,-0.0760,0.9758,3.860,,,,,,,
91,Left,5,-0.0007,0.0010,0.0246,0.0000,0.0000,0.0000,1.0000,3.860,,,,,,,
91,Left,6,0.0170,-0.0127,0.0379,0.0000,0.0000,0.0000,1.0000,3.860,,,,,,,
91,Left,7,0.0066,0.0054,0.0581,0.2209,0.0849,-0.0504,0.9703,3.860,,,,,,,
91,Left,8,0.0000,0.0000,0.0379,0.0412,-0.0061,0.0260,0.9988,3.860,,,,,,,
91,Left,9,0.0000,0.0000,0.0243,-0.0452,-0.0267,0.0162,0.9985,3.860,,,,,,,
91,Left,10,-0.0003,0.0010,0.0224,0.0000,0.0000,0.0000,1.0000,3.860,,,,,,,
91,Left,11,0.0008,-0.0092,0.0357,0.0000,0.0000,0.0000,1.0000,3.860,,,,,,,
91,Left,12,0.0009,0.0067,0.0599,0.2484,0.0080,0.0061,0.9686,3.860,,,,,,,
91,Left,13,0.0000,0.0000,0.0429,0.0170,-0.0042,0.0113,0.9998,3.860,,,,,,,
91,Left,14,0.0000,0.0000,0.0275,-0.0492,-0.0027,0.0387,0.9980,3.860,,,,,,,
91,Left,15,-0.0003,0.0011,0.0250,0.0000,0.0000,0.0000,1.0000,3.860,,,,,,,
91,Left,16,-0.0150,-0.0060,0.0348,0.0000,0.0000,0.0000,1.0000,3.860,,,,,,,
91,Left,17,-0.0025,-0.0005,0.0539,0.4645,-0.0291,0.0690,0.8824,3.860,,,,,,,
91,Left,18,0.0000,0.0000,0.0390,0.6583,0.0198,0.0418,0.7513,3.860,,,,,,,
91,Left,19,0.0000,0.0000,0.0266,0.4012,0.0287,0.0231,0.9153,3.860,,,,,,,
91,Left,20,-0.0003,0.0016,0.0243,0.0000,0.0000,0.0000,1.0000,3.860,,,,,,,
91,Left,21,-0.0230,-0.0094,0.0341,0.0183,-0.1403,0.2070,0.9680,3.860,,,,,,,
91,Left,22,0.0000,0.0000,0.0457,0.4980,-0.0189,-0.0713,0.8641,3.860,,,,,,,
91,Left,23,0.0000,0.0000,0.0307,0.6792,-0.0046,0.0880,0.7287,3.860,,,,,,,
91,Left,24,0.0000,0.0000,0.0203,0.4283,0.0441,-0.0021,0.9025,3.860,,,,,,,
91,Left,25,0.0002,0.0012,0.0219,0.0000,0.0000,0.0000,1.0000,3.860,,,,,,,
91,Right,0,-0.0023,-0.0054,0.0653,0.0000,0.0000,0.0000,1.0000,3.860,,,,,,,
91,Right,1,0.0000,0.0000,0.0000,0.0000,0.0000,0.0000,1.0000,3.860,0.3363,-0.2407,-0.2422,0.4128,0.4127,-0.1261,-0.8021
91,Right,2,-0.0286,-0.0185,0.0356,-0.0523,-0.3424,0.6102,0.7125,3.860,,,,,,,
91,Right,3,0.0000,0.0000,0.0325,0.2658,0.0455,-0.0808,0.9596,3.860,,,,,,,
91,Right,4,0.0000,0.0000,0.0338,0.1265,-0.0494,0.0787,0.9876,3.860,,,,,,,
91,Right,5,0.0007,0.0010,0.0246,0.0000,0.0000,0.0000,1.0000,3.860,,,,,,,
91,Right,6,-0.0190,-0.0107,0.0370,0.0000,0.0000,0.0000,1.0000,3.860,,,,,,,
91,Right,7,-0.0045,0.0034,0.0590,0.1285,0.0033,0.0329,0.9912,3.860,,,,,,,
91,Right,8,0.0000,0.0000,0.0379,0.1425,0.0034,-0.0263,0.9894,3.860,,,,,,,
91,Right,9,0.0000,0.0000,0.0243,0.0494,0.0252,-0.0167,0.9983,3.860,,,,,,,
91,Right,10,0.0003,0.0010,0.0224,0.0000,0.0000,0.0000,1.0000,3.860,,,,,,,
91,Right,11,-0.0028,-0.0082,0.0349,0.0000,0.0000,0.0000,1.0000,3.860,,,,,,,
91,Right,12,0.0011,0.0057,0.0608,0.2508,0.0639,-0.0214,0.9657,3.860,,,,,,,
91,Right,13,0.0000,0.0000,0.0429,0.1163,0.0030,-0.0119,0.9931,3.860,,,,,,,
91,Right,14,0.0000,0.0000,0.0275,0.0158,-0.0001,-0.0452,0.9989,3.860,,,,,,,
91,Right,15,0.0003,0.0011,0.0250,0.0000,0.0000,0.0000,1.0000,3.860,,,,,,,
91,Right,16,0.0150,-0.0060,0.0348,0.0000,0.0000,0.0000,1.0000,3.860,,,,,,,
91,Right,17,0.0025,-0.0005,0.0539,0.2490,0.1151,-0.0763,0.9586,3.860,,,,,,,
91,Right,18,0.0000,0.0000,0.0390,0.1424,-0.0018,-0.0367,0.9891,3.860,,,,,,,
91,Right,19,0.0000,0.0000,0.0266,0.0772,-0.0296,-0.0083,0.9965,3.860,,,,,,,
91,Right,20,0.0003,0.0016,0.0243,0.0000,0.0000,0.0000,1.0000,3.860,,,,,,,
91,Right,21,0.0230,-0.0094,0.0341,0.0183,0.1403,-0.2070,0.9680,3.860,,,,,,,
91,Right,22,0.0000,0.0000,0.0457,0.1678,0.0537,0.0767,0.9814,3.860,,,,,,,
91,Right,23,0.0000,0.0000,0.0307,0.1979,0.0339,-0.0554,0.9781,3.860,,,,,,,
91,Right,24,0.0000,0.0000,0.0203,0.0431,-0.0491,0.0009,0.9979,3.860,,,,,,,
91,Right,25,-0.0002,0.0012,0.0219,0.0000,0.0000,0.0000,1.0000,3.860,,,,,,,
92,Left,0,0.0013,-0.0059,0.0657,0.0000,0.0000,0.0000,1.0000,3.902,,,,,,,
92,Left,1,0.0000,0.0000,0.0000,0.0000,0.0000,0.0000,1.0000,3.902,0.0047,-0.4731,-0.2217,-0.5578,-0.0657,0.0094,0.8273
92,Left,2,0.0246,-0.0224,0.0374,0.0579,0.3363,-0.6844,0.6443,3.902,,,,,,,
92,Left,3,0.0000,0.0000,0.0325,0.3941,-0.0317,0.0773,0.9153,3.902,,,,,,,
92,Left,4,0.0000,0.0000,0.0338,0.2005,0.0426,-0.0760,0.9758,3.902,,,,,,,
92,Left,5,-0.0007,0.0010,0.0246,0.0000,0.0000,0.0000,1.0000,3.902,,,,,,,
92,Left,6,0.0170,-0.0127,0.0379,0.0000,0.0000,0.0000,1.0000,3.902,,,,,,,
92,Left,7,0.0065,0.0054,0.0581,0.2277,0.0829,-0.0509,0.9689,3.902,,,,,,,
92,Left,8,0.0000,0.0000,0.0379,0.0404,-0.0062,0.0260,0.9988,3.902,,,,,,,
92,Left,9,0.0000,0.0000,0.0243,-0.0466,-0.0268,0.0162,0.9984,3.902,,,,,,,
92,Left,10,-0.0003,0.0010,0.0224,0.0000,0.0000,0.0000,1.0000,3.902,,,,,,,
92,Left,11,0.0008,-0.0092,0.0357,0.0000,0.0000,0.0000,1.0000,3.902,,,,,,,
92,Left,12,0.0009,0.0067,0.0599,0.2496,0.0073,0.0062,0.9683,3.902,,,,,,,
92,Left,13,0.0000,0.0000,0.0429,0.0182,-0.0042,0.0114,0.9998,3.902,,,,,,,
92,Left,14,0.0000,0.0000,0.0275,-0.0491,-0.0027,0.0388,0.9980,3.902,,,,,,,
92,Left,15,-0.0003,0.0011,0.0250,0.0000,0.0000,0.0000,1.0000,3.902,,,,,,,
92,Left,16,-0.0150,-0.0060,0.0348,0.0000,0.0000,0.0000,1.0000,3.902,,,,,,,
92,Left,17,-0.0025,-0.0005,0.0539,0.4627,-0.0296,0.0691,0.8833,3.902,,,,,,,
92,Left,18,0.0000,0.0000,0.0390,0.6599,0.0199,0.0418,0.7499,3.902,,,,,,,
92,Left,19,0.0000,0.0000,0.0266,0.4012,0.0287,0.0231,0.9153,3.902,,,,,,,
92,Left,20,-0.0003,0.0016,0.0243,0.0000,0.0000,0.0000,1.0000,3.902,,,,,,,
92,Left,21,-0.0230,-0.0094,0.0341,0.0183,-0.1403,0.2070,0.9680,3.902,,,,,,,
92,Left,22,0.0000,0.0000,0.0457,0.4912,-0.0180,-0.0719,0.8679,3.902,,,,,,,
92,Left,23,0.0000,0.0000,0.0307,0.6803,-0.0045,0.0880,0.7276,3.902,,,,,,,
92,Left,24,0.0000,0.0000,0.0203,0.4290,0.0441,-0.0021,0.9022,3.902,,,,,,,
92,Left,25,0.0002,0.0012,0.0219,0.0000,0.0000,0.0000,1.0000,3.902,,,,,,,
92,Right,0,-0.0023,-0.0054,0.0653,0.0000,0.0000,0.0000,1.0000,3.902,,,,,,,
92,Right,1,0.0000,0.0000,0.0000,0.0000,0.0000,0.0000,1.0000,3.902,0.3360,-0.2416,-0.2424,0.4136,0.4124,-0.1277,-0.8016
92,Right,2,-0.0286,-0.0185,0.0357,-0.0518,-0.3420,0.6109,0.7122,3.902,,,,,,,
92,Right,3,0.0000,0.0000,0.0325,0.2656,0.0455,-0.0808,0.9596,3.902,,,,,,,
92,Right,4,0.0000,0.0000,0.0338,0.1276,-0.0493,0.0787,0.9875,3.902,,,,,,,
92,Right,5,0.0007,0.0010,0.0246,0.0000,0.0000,0.0000,1.0000,3.902,,,,,,,
92,Right,6,-0.0190,-0.0107,0.0370,0.0000,0.0000,0.0000,1.0000,3.902,,,,,,,
92,Right,7,-0.0046,0.0034,0.0590,0.1275,0.0022,0.0330,0.9913,3.902,,,,,,,
92,Right,8,0.0000,0.0000,0.0379,0.1430,0.0034,-0.0263,0.9894,3.902,,,,,,,
92,Right,9,0.0000,0.0000,0.0243,0.0496,0.0252,-0.0167,0.9983,3.902,,,,,,,
92,Right,10,0.0003,0.0010,0.0224,0.0000,0.0000,0.0000,1.0000,3.902,,,,,,,
92,Right,11,-0.0028,-0.0083,0.0349,0.0000,0.0000,0.0000,1.0000,3.902,,,,,,,
92,Right,12,0.0011,0.0057,0.0608,0.2506,0.0640,-0.0214,0.9657,3.902,,,,,,,
92,Right,13,0.0000,0.0000,0.0429,0.1172,0.0030,-0.0119,0.9930,3.902,,,,,,,
92,Right,14,0.0000,0.0000,0.0275,0.0161,-0.0002,-0.0452,0.9988,3.902,,,,,,,
92,Right,15,0.0003,0.0011,0.0250,0.0000,0.0000,0.0000,1.0000,3.902,,,,,,,
92,Right,16,0.0150,-0.0060,0.0348,0.0000,0.0000,0.0000,1.0000,3.902,,,,,,,
92,Right,17,0.0025,-0.0005,0.0539,0.2487,0.1158,-0.0764,0.9586,3.902,,,,,,,
92,Right,18,0.0000,0.0000,0.0390,0.1439,-0.0019,-0.0368,0.9889,3.902,,,,,,,
92,Right,19,0.0000,0.0000,0.0266,0.0780,-0.0296,-0.0083,0.9965,3.902,,,,,,,
92,Right,20,0.0003,0.0016,0.0243,0.0000,0.0000,0.0000,1.0000,3.902,,,,,,,
92,Right,21,0.0230,-0.0094,0.0341,0.0183,0.1403,-0.2070,0.9680,3.902,,,,,,,
92,Right,22,0.0000,0.0000,0.0457,0.1671,0.0545,0.0767,0.9815,3.902,,,,,,,
92,Right,23,0.0000,0.0000,0.0307,0.1993,0.0338,-0.0555,0.9778,3.902,,,,,,,
92,Right,24,0.0000,0.0000,0.0203,0.0442,-0.0491,0.0009,0.9978,3.902,,,,,,,
92,Right,25,-0.0002,0.0012,0.0219,0.0000,0.0000,0.0000,1.0000,3.902,,,,,,,
93,Left,0,0.0012,-0.0059,0.0657,0.0000,0.0000,0.0000,1.0000,3.944,,,,,,,
93,Left,1,0.0000,0.0000,0.0000,0.0000,0.0000,0.0000,1.0000,3.944,0.0035,-0.4758,-0.2214,-0.5554,-0.0617,0.0198,0.8291
93,Left,2,0.0245,-0.0225,0.0374,0.0581,0.3353,-0.6850,0.6442,3.944,,,,,,,
93,Left,3,0.0000,0.0000,0.0325,0.3945,-0.0316,0.0773,0.9151,3.944,,,,,,,
93,Left,4,0.0000,0.0000,0.0338,0.2002,0.0426,-0.0760,0.9759,3.944,,,,,,,
93,Left,5,-0.0007,0.0010,0.0246,0.0000,0.0000,0.0000,1.0000,3.944,,,,,,,
93,Left,6,0.0170,-0.0127,0.0379,0.0000,0.0000,0.0000,1.0000,3.944,,,,,,,
93,Left,7,0.0066,0.0054,0.0581,0.2284,0.0833,-0.0511,0.9687,3.944,,,,,,,
93,Left,8,0.0000,0.0000,0.0379,0.0402,-0.0062,0.0260,0.9988,3.944,,,,,,,
93,Left,9,0.0000,0.0000,0.0243,-0.0476,-0.0268,0.0162,0.9984,3.944,,,,,,,
93,Left,10,-0.0003,0.0010,0.0224,0.0000,0.0000,0.0000,1.0000,3.944,,,,,,,
93,Left,11,0.0008,-0.0092,0.0357,0.0000,0.0000,0.0000,1.0000,3.944,,,,,,,
93,Left,12,0.0010,0.0067,0.0599,0.2495,0.0070,0.0063,0.9683,3.944,,,,,,,
93,Left,13,0.0000,0.0000,0.0429,0.0183,-0.0041,0.0114,0.9998,3.944,,,,,,,
93,Left,14,0.0000,0.0000,0.0275,-0.0499,-0.0027,0.0387,0.9980,3.944,,,,,,,
93,Left,15,-0.0003,0.0011,0.0250,0.0000,0.0000,0.0000,1.0000,3.944,,,,,,,
93,Left,16,-0.0150,-0.0060,0.0348,0.0000,0.0000,0.0000,1.0000,3.944,,,,,,,
93,Left,17,-0.0025,-0.0005,0.0539,0.4620,-0.0293,0.0689,0.8837,3.944,,,,,,,
93,Left,18,0.0000,0.0000,0.0390,0.6609,0.0199,0.0418,0.7491,3.944,,,,,,,
93,Left,19,0.0000,0.0000,0.0266,0.4008,0.0287,0.0231,0.9154,3.944,,,,,,,
93,Left,20,-0.0003,0.0016,0.0243,0.0000,0.0000,0.0000,1.0000,3.944,,,,,,,
93,Left,21,-0.0230,-0.0094,0.0341,0.0183,-0.1403,0.2070,0.9680,3.944,,,,,,,
93,Left,22,0.0000,0.0000,0.0457,0.4899,-0.0176,-0.0721,0.8686,3.944,,,,,,,
93,Left,23,0.0000,0.0000,0.0307,0.6812,-0.0044,0.0881,0.7268,3.944,,,,,,,
93,Left,24,0.0000,0.0000,0.0203,0.4294,0.0441,-0.0021,0.9020,3.944,,,,,,,
93,Left,25,0.0002,0.0012,0.0219,0.0000,0.0000,0.0000,1.0000,3.944,,,,,,,
93,Right,0,-0.0022,-0.0054,0.0653,0.0000,0.0000,0.0000,1.0000,3.944,,,,,,,
93,Right,1,0.0000,0.0000,0.0000,0.0000,0.0000,0.0000,1.0000,3.944,0.3352,-0.2426,-0.2432,0.4139,0.4123,-0.1284,-0.8014
93,Right,2,-0.0285,-0.0185,0.0357,-0.0514,-0.3419,0.6112,0.7120,3.944,,,,,,,
93,Right,3,0.0000,0.0000,0.0325,0.2650,0.0456,-0.0808,0.9598,3.944,,,,,,,
93,Right,4,0.0000,0.0000,0.0338,0.1286,-0.0492,0.0787,0.9873,3.944,,,,,,,
93,Right,5,0.0007,0.0010,0.0246,0.0000,0.0000,0.0000,1.0000,3.944,,,,,,,
93,Right,6,-0.0190,-0.0107,0.0370,0.0000,0.0000,0.0000,1.0000,3.944,,,,,,,
93,Right,7,-0.0046,0.0034,0.0590,0.1268,0.0007,0.0331,0.9914,3.944,,,,,,,
93,Right,8,0.0000,0.0000,0.0379,0.1438,0.0034,-0.0263,0.9892,3.944,,,,,,,
93,Right,9,0.0000,0.0000,0.0243,0.0500,0.0252,-0.0167,0.9983,3.944,,,,,,,
93,Right,10,0.0003,0.0010,0.0224,0.0000,0.0000,0.0000,1.0000,3.944,,,,,,,
93,Right,11,-0.0028,-0.0083,0.0349,0.0000,0.0000,0.0000,1.0000,3.944,,,,,,,
93,Right,12,0.0010,0.0057,0.0608,0.2509,0.0638,-0.0214,0.9657,3.944,,,,,,,
93,Right,13,0.0000,0.0000,0.0429,0.1177,0.0030,-0.0119,0.9930,3.944,,,,,,,
93,Right,14,0.0000,0.0000,0.0275,0.0163,-0.0002,-0.0452,0.9988,3.944,,,,,,,
93,Right,15,0.0003,0.0011,0.0250,0.0000,0.0000,0.0000,1.0000,3.944,,,,,,,
93,Right,16,0.0150,-0.0060,0.0348,0.0000,0.0000,0.0000,1.0000,3.944,,,,,,,
93,Right,17,0.0025,-0.0005,0.0539,0.2481,0.1166,-0.0765,0.9586,3.944,,,,,,,
93,Right,18,0.0000,0.0000,0.0390,0.1453,-0.0019,-0.0368,0.9887,3.944,,,,,,,
93,Right,19,0.0000,0.0000,0.0266,0.0789,-0.0296,-0.0083,0.9964,3.944,,,,,,,
93,Right,20,0.0003,0.0016,0.0243,0.0000,0.0000,0.0000,1.0000,3.944,,,,,,,
93,Right,21,0.0230,-0.0094,0.0341,0.0183,0.1403,-0.2070,0.9680,3.944,,,,,,,
93,Right,22,0.0000,0.0000,0.0457,0.1656,0.0556,0.0766,0.9816,3.944,,,,,,,
93,Right,23,0.0000,0.0000,0.0307,0.2013,0.0337,-0.0557,0.9774,3.944,,,,,,,
93,Right,24,0.0000,0.0000,0.0203,0.0453,-0.0491,0.0009,0.9978,3.944,,,,,,,
93,Right,25,-0.0002,0.0012,0.0219,0.0000,0.0000,0.0000,1.0000,3.944,,,,,,,
94,Left,0,0.0012,-0.0059,0.0657,0.0000,0.0000,0.0000,1.0000,3.985,,,,,,,
94,Left,1,0.0000,0.0000,0.0000,0.0000,0.0000,0.0000,1.0000,3.985,0.0035,-0.4784,-0.2196,-0.5495,-0.0602,0.0301,0.8328
94,Left,2,0.0245,-0.0225,0.0374,0.0582,0.3340,-0.6858,0.6440,3.985,,,,,,,
94,Left,3,0.0000,0.0000,0.0325,0.3934,-0.0317,0.0773,0.9155,3.985,,,,,,,
94,Left,4,0.0000,0.0000,0.0338,0.1967,0.0429,-0.0762,0.9766,3.985,,,,,,,
94,Left,5,-0.0007,0.0010,0.0246,0.0000,0.0000,0.0000,1.0000,3.985,,,,,,,
94,Left,6,0.0170,-0.0127,0.0379,0.0000,0.0000,0.0000,1.0000,3.985,,,,,,,
94,Left,7,0.0066,0.0054,0.0581,0.2280,0.0840,-0.0512,0.9687,3.985,,,,,,,
94,Left,8,0.0000,0.0000,0.0379,0.0397,-0.0062,0.0260,0.9989,3.985,,,,,,,
94,Left,9,0.0000,0.0000,0.0243,-0.0485,-0.0268,0.0162,0.9983,3.985,,,,,,,
94,Left,10,-0.0003,0.0010,0.0224,0.0000,0.0000,0.0000,1.0000,3.985,,,,,,,
94,Left,11,0.0007,-0.0093,0.0358,0.0000,0.0000,0.0000,1.0000,3.985,,,,,,,
94,Left,12,0.0010,0.0067,0.0599,0.2499,0.0072,0.0062,0.9682,3.985,,,,,,,
94,Left,13,0.0000,0.0000,0.0429,0.0223,-0.0041,0.0114,0.9997,3.985,,,,,,,
94,Left,14,0.0000,0.0000,0.0275,-0.0498,-0.0027,0.0387,0.9980,3.985,,,,,,,
94,Left,15,-0.0003,0.0011,0.0250,0.0000,0.0000,0.0000,1.0000,3.985,,,,,,,
94,Left,16,-0.0150,-0.0060,0.0348,0.0000,0.0000,0.0000,1.0000,3.985,,,,,,,
94,Left,17,-0.0025,-0.0005,0.0539,0.4590,-0.0292,0.0686,0.8853,3.985,,,,,,,
94,Left,18,0.0000,0.0000,0.0390,0.6611,0.0199,0.0418,0.7488,3.985,,,,,,,
94,Left,19,0.0000,0.0000,0.0266,0.3997,0.0287,0.0230,0.9159,3.985,,,,,,,
94,Left,20,-0.0003,0.0016,0.0243,0.0000,0.0000,0.0000,1.0000,3.985,,,,,,,
94,Left,21,-0.0230,-0.0094,0.0341,0.0183,-0.1403,0.2070,0.9680,3.985,,,,,,,
94,Left,22,0.0000,0.0000,0.0457,0.4866,-0.0166,-0.0727,0.8704,3.985,,,,,,,
94,Left,23,0.0000,0.0000,0.0307,0.6814,-0.0044,0.0881,0.7266,3.985,,,,,,,
94,Left,24,0.0000,0.0000,0.0203,0.4290,0.0441,-0.0021,0.9022,3.985,,,,,,,
94,Left,25,0.0002,0.0012,0.0219,0.0000,0.0000,0.0000,1.0000,3.985,,,,,,,
94,Right,0,-0.0022,-0.0054,0.0653,0.0000,0.0000,0.0000,1.0000,3.985,,,,,,,
94,Right,1,0.0000,0.0000,0.0000,0.0000,0.0000,0.0000,1.0000,3.985,0.3347,-0.2433,-0.2436,0.4147,0.4128,-0.1294,-0.8005
94,Right,2,-0.0285,-0.0185,0.0357,-0.0514,-0.3419,0.6112,0.7119,3.985,,,,,,,
94,Right,3,0.0000,0.0000,0.0325,0.2647,0.0456,-0.0808,0.9599,3.985,,,,,,,
94,Right,4,0.0000,0.0000,0.0338,0.1300,-0.0491,0.0786,0.9872,3.985,,,,,,,
94,Right,5,0.0007,0.0010,0.0246,0.0000,0.0000,0.0000,1.0000,3.985,,,,,,,
94,Right,6,-0.0190,-0.0107,0.0370,0.0000,0.0000,0.0000,1.0000,3.985,,,,,,,
94,Right,7,-0.0046,0.0034,0.0590,0.1257,-0.0007,0.0331,0.9915,3.985,,,,,,,
94,Right,8,0.0000,0.0000,0.0379,0.1448,0.0034,-0.0263,0.9891,3.985,,,,,,,
94,Right,9,0.0000,0.0000,0.0243,0.0504,0.0252,-0.0167,0.9983,3.985,,,,,,,
94,Right,10,0.0003,0.0010,0.0224,0.0000,0.0000,0.0000,1.0000,3.985,,,,,,,
94,Right,11,-0.0028,-0.0083,0.0349,0.0000,0.0000,0.0000,1.0000,3.985,,,,,,,
94,Right,12,0.0010,0.0057,0.0608,0.2509,0.0640,-0.0214,0.9657,3.985,,,,,,,
94,Right,13,0.0000,0.0000,0.0429,0.1188,0.0030,-0.0119,0.9928,3.985,,,,,,,
94,Right,14,0.0000,0.0000,0.0275,0.0166,-0.0002,-0.0452,0.9988,3.985,,,,,,,
94,Right,15,0.0003,0.0011,0.0250,0.0000,0.0000,0.0000,1.0000,3.985,,,,,,,
94,Right,16,0.0150,-0.0060,0.0348,0.0000,0.0000,0.0000,1.0000,3.985,,,,,,,
94,Right,17,0.0025,-0.0005,0.0539,0.2474,0.1173,-0.0765,0.9587,3.985,,,,,,,
94,Right,18,0.0000,0.0000,0.0390,0.1473,-0.0020,-0.0368,0.9884,3.985,,,,,,,
94,Right,19,0.0000,0.0000,0.0266,0.0797,-0.0296,-0.0084,0.9963,3.985,,,,,,,
94,Right,20,0.0003,0.0016,0.0243,0.0000,0.0000,0.0000,1.0000,3.985,,,,,,,
94,Right,21,0.0230,-0.0094,0.0341,0.0183,0.1403,-0.2070,0.9680,3.985,,,,,,,
94,Right,22,0.0000,0.0000,0.0457,0.1641,0.0568,0.0765,0.9818,3.985,,,,,,,
94,Right,23,0.0000,0.0000,0.0307,0.2052,0.0335,-0.0560,0.9766,3.985,,,,,,,
94,Right,24,0.0000,0.0000,0.0203,0.0466,-0.0491,0.0009,0.9977,3.985,,,,,,,
94,Right,25,-0.0002,0.0012,0.0219,0.0000,0.0000,0.0000,1.0000,3.985,,,,,,,
95,Left,0,0.0012,-0.0059,0.0657,0.0000,0.0000,0.0000,1.0000,4.027,,,,,,,
95,Left,1,0.0000,0.0000,0.0000,0.0000,0.0000,0.0000,1.0000,4.027,0.0037,-0.4827,-0.2176,-0.5473,-0.0596,0.0364,0.8340
95,Left,2,0.0245,-0.0225,0.0374,0.0579,0.3336,-0.6859,0.6442,4.027,,,,,,,
95,Left,3,0.0000,0.0000,0.0325,0.3913,-0.0320,0.0774,0.9164,4.027,,,,,,,
95,Left,4,0.0000,0.0000,0.0338,0.1910,0.0435,-0.0764,0.9776,4.027,,,,,,,
95,Left,5,-0.0007,0.0010,0.0246,0.0000,0.0000,0.0000,1.0000,4.027,,,,,,,
95,Left,6,0.0170,-0.0127,0.0379,0.0000,0.0000,0.0000,1.0000,4.027,,,,,,,
95,Left,7,0.0066,0.0054,0.0581,0.2262,0.0847,-0.0511,0.9690,4.027,,,,,,,
95,Left,8,0.0000,0.0000,0.0379,0.0391,-0.0062,0.0260,0.9989,4.027,,,,,,,
95,Left,9,0.0000,0.0000,0.0243,-0.0493,-0.0268,0.0162,0.9983,4.027,,,,,,,
95,Left,10,-0.0003,0.0010,0.0224,0.0000,0.0000,0.0000,1.0000,4.027,,,,,,,
95,Left,11,0.0007,-0.0093,0.0358,0.0000,0.0000,0.0000,1.0000,4.027,,,,,,,
95,Left,12,0.0010,0.0067,0.0599,0.2492,0.0072,0.0063,0.9684,4.027,,,,,,,
95,Left,13,0.0000,0.0000,0.0429,0.0255,-0.0041,0.0114,0.9996,4.027,,,,,,,
95,Left,14,0.0000,0.0000,0.0275,-0.0490,-0.0027,0.0388,0.9980,4.027,,,,,,,
95,Left,15,-0.0003,0.0011,0.0250,0.0000,0.0000,0.0000,1.0000,4.027,,,,,,,
95,Left,16,-0.0150,-0.0060,0.0348,0.0000,0.0000,0.0000,1.0000,4.027,,,,,,,
95,Left,17,-0.0025,-0.0005,0.0539,0.4501,-0.0287,0.0679,0.8899,4.027,,,,,,,
95,Left,18,0.0000,0.0000,0.0390,0.6601,0.0199,0.0418,0.7497,4.027,,,,,,,
95,Left,19,0.0000,0.0000,0.0266,0.3983,0.0287,0.0230,0.9165,4.027,,,,,,,
95,Left,20,-0.0003,0.0016,0.0243,0.0000,0.0000,0.0000,1.0000,4.027,,,,,,,
95,Left,21,-0.0230,-0.0094,0.0341,0.0183,-0.1403,0.2070,0.9680,4.027,,,,,,,
95,Left,22,0.0000,0.0000,0.0457,0.4760,-0.0140,-0.0741,0.8762,4.027,,,,,,,
95,Left,23,0.0000,0.0000,0.0307,0.6808,-0.0045,0.0880,0.7272,4.027,,,,,,,
95,Left,24,0.0000,0.0000,0.0203,0.4287,0.0441,-0.0021,0.9024,4.027,,,,,,,
95,Left,25,0.0002,0.0012,0.0219,0.0000,0.0000,0.0000,1.0000,4.027,,,,,,,
95,Right,0,-0.0022,-0.0054,0.0653,0.0000,0.0000,0.0000,1.0000,4.027,,,,,,,
95,Right,1,0.0000,0.0000,0.0000,0.0000,0.0000,0.0000,1.0000,4.027,0.3345,-0.2438,-0.2434,0.4157,0.4134,-0.1308,-0.7995
95,Right,2,-0.0285,-0.0186,0.0357,-0.0509,-0.3419,0.6116,0.7117,4.027,,,,,,,
95,Right,3,0.0000,0.0000,0.0325,0.2645,0.0457,-0.0808,0.9599,4.027,,,,,,,
95,Right,4,0.0000,0.0000,0.0338,0.1316,-0.0490,0.0786,0.9870,4.027,,,,,,,
95,Right,5,0.0007,0.0010,0.0246,0.0000,0.0000,0.0000,1.0000,4.027,,,,,,,
95,Right,6,-0.0190,-0.0107,0.0370,0.0000,0.0000,0.0000,1.0000,4.027,,,,,,,
95,Right,7,-0.0046,0.0034,0.0590,0.1243,-0.0022,0.0332,0.9917,4.027,,,,,,,
95,Right,8,0.0000,0.0000,0.0379,0.1460,0.0034,-0.0263,0.9889,4.027,,,,,,,
95,Right,9,0.0000,0.0000,0.0243,0.0506,0.0252,-0.0167,0.9983,4.027,,,,,,,
95,Right,10,0.0003,0.0010,0.0224,0.0000,0.0000,0.0000,1.0000,4.027,,,,,,,
95,Right,11,-0.0028,-0.0083,0.0349,0.0000,0.0000,0.0000,1.0000,4.027,,,,,,,
95,Right,12,0.0010,0.0057,0.0608,0.2510,0.0640,-0.0214,0.9656,4.027,,,,,,,
95,Right,13,0.0000,0.0000,0.0429,0.1206,0.0030,-0.0119,0.9926,4.027,,,,,,,
95,Right,14,0.0000,0.0000,0.0275,0.0170,-0.0002,-0.0453,0.9988,4.027,,,,,,,
95,Right,15,0.0003,0.0011,0.0250,0.0000,0.0000,0.0000,1.0000,4.027,,,,,,,
95,Right,16,0.0150,-0.0060,0.0348,0.0000,0.0000,0.0000,1.0000,4.027,,,,,,,
95,Right,17,0.0025,-0.0005,0.0539,0.2470,0.1179,-0.0766,0.9588,4.027,,,,,,,
95,Right,18,0.0000,0.0000,0.0390,0.1494,-0.0021,-0.0369,0.9881,4.027,,,,,,,
95,Right,19,0.0000,0.0000,0.0266,0.0805,-0.0296,-0.0084,0.9963,4.027,,,,,,,
95,Right,20,0.0003,0.0016,0.0243,0.0000,0.0000,0.0000,1.0000,4.027,,,,,,,
95,Right,21,0.0230,-0.0094,0.0341,0.0183,0.1403,-0.2070,0.9680,4.027,,,,,,,
95,Right,22,0.0000,0.0000,0.0457,0.1630,0.0577,0.0765,0.9820,4.027,,,,,,,
95,Right,23,0.0000,0.0000,0.0307,0.2078,0.0334,-0.0562,0.9760,4.027,,,,,,,
95,Right,24,0.0000,0.0000,0.0203,0.0479,-0.0491,0.0009,0.9976,4.027,,,,,,,
95,Right,25,-0.0002,0.0012,0.0219,0.0000,0.0000,0.0000,1.0000,4.027,,,,,,,
96,Left,0,0.0012,-0.0059,0.0657,0.0000,0.0000,0.0000,1.0000,4.069,,,,,,,
96,Left,1,0.0000,0.0000,0.0000,0.0000,0.0000,0.0000,1.0000,4.069,0.0051,-0.4857,-0.2192,-0.5488,-0.0586,0.0369,0.8331
96,Left,2,0.0245,-0.0225,0.0375,0.0574,0.3324,-0.6862,0.6445,4.069,,,,,,,
96,Left,3,0.0000,0.0000,0.0325,0.3907,-0.0321,0.0774,0.9167,4.069,,,,,,,
96,Left,4,0.0000,0.0000,0.0338,0.1897,0.0436,-0.0764,0.9779,4.069,,,,,,,
96,Left,5,-0.0007,0.0010,0.0246,0.0000,0.0000,0.0000,1.0000,4.069,,,,,,,
96,Left,6,0.0169,-0.0127,0.0379,0.0000,0.0000,0.0000,1.0000,4.069,,,,,,,
96,Left,7,0.0066,0.0054,0.0581,0.2266,0.0849,-0.0512,0.9689,4.069,,,,,,,
96,Left,8,0.0000,0.0000,0.0379,0.0390,-0.0062,0.0260,0.9989,4.069,,,,,,,
96,Left,9,0.0000,0.0000,0.0243,-0.0497,-0.0268,0.0162,0.9983,4.069,,,,,,,
96,Left,10,-0.0003,0.0010,0.0224,0.0000,0.0000,0.0000,1.0000,4.069,,,,,,,
96,Left,11,0.0007,-0.0093,0.0358,0.0000,0.0000,0.0000,1.0000,4.069,,,,,,,
96,Left,12,0.0010,0.0067,0.0599,0.2485,0.0070,0.0063,0.9686,4.069,,,,,,,
96,Left,13,0.0000,0.0000,0.0429,0.0262,-0.0041,0.0114,0.9996,4.069,,,,,,,
96,Left,14,0.0000,0.0000,0.0275,-0.0487,-0.0027,0.0388,0.9981,4.069,,,,,,,
96,Left,15,-0.0003,0.0011,0.0250,0.0000,0.0000,0.0000,1.0000,4.069,,,,,,,
96,Left,16,-0.0150,-0.0060,0.0348,0.0000,0.0000,0.0000,1.0000,4.069,,,,,,,
96,Left,17,-0.0025,-0.0005,0.0539,0.4486,-0.0274,0.0672,0.8908,4.069,,,,,,,
96,Left,18,0.0000,0.0000,0.0390,0.6591,0.0198,0.0418,0.7507,4.069,,,,,,,
96,Left,19,0.0000,0.0000,0.0266,0.3969,0.0287,0.0229,0.9171,4.069,,,,,,,
96,Left,20,-0.0003,0.0016,0.0243,0.0000,0.0000,0.0000,1.0000,4.069,,,,,,,
96,Left,21,-0.0230,-0.0094,0.0341,0.0183,-0.1403,0.2070,0.9680,4.069,,,,,,,
96,Left,22,0.0000,0.0000,0.0457,0.4710,-0.0111,-0.0757,0.8788,4.069,,,,,,,
96,Left,23,0.0000,0.0000,0.0307,0.6793,-0.0046,0.0880,0.7285,4.069,,,,,,,
96,Left,24,0.0000,0.0000,0.0203,0.4279,0.0441,-0.0021,0.9028,4.069,,,,,,,
96,Left,25,0.0002,0.0012,0.0219,0.0000,0.0000,0.0000,1.0000,4.069,,,,,,,
96,Right,0,-0.0022,-0.0054,0.0653,0.0000,0.0000,0.0000,1.0000,4.069,,,,,,,
96,Right,1,0.0000,0.0000,0.0000,0.0000,0.0000,0.0000,1.0000,4.069,0.3343,-0.2440,-0.2436,0.4156,0.4137,-0.1316,-0.7993
96,Right,2,-0.0285,-0.0186,0.0357,-0.0504,-0.3413,0.6122,0.7114,4.069,,,,,,,
96,Right,3,0.0000,0.0000,0.0325,0.2637,0.0457,-0.0808,0.9601,4.069,,,,,,,
96,Right,4,0.0000,0.0000,0.0338,0.1329,-0.0488,0.0785,0.9868,4.069,,,,,,,
96,Right,5,0.0007,0.0010,0.0246,0.0000,0.0000,0.0000,1.0000,4.069,,,,,,,
96,Right,6,-0.0190,-0.0108,0.0370,0.0000,0.0000,0.0000,1.0000,4.069,,,,,,,
96,Right,7,-0.0046,0.0034,0.0589,0.1219,-0.0032,0.0332,0.9920,4.069,,,,,,,
96,Right,8,0.0000,0.0000,0.0379,0.1467,0.0033,-0.0263,0.9888,4.069,,,,,,,
96,Right,9,0.0000,0.0000,0.0243,0.0510,0.0252,-0.0167,0.9982,4.069,,,,,,,
96,Right,10,0.0003,0.0010,0.0224,0.0000,0.0000,0.0000,1.0000,4.069,,,,,,,
96,Right,11,-0.0027,-0.0083,0.0349,0.0000,0.0000,0.0000,1.0000,4.069,,,,,,,
96,Right,12,0.0010,0.0057,0.0608,0.2501,0.0635,-0.0213,0.9659,4.069,,,,,,,
96,Right,13,0.0000,0.0000,0.0429,0.1208,0.0030,-0.0119,0.9926,4.069,,,,,,,
96,Right,14,0.0000,0.0000,0.0275,0.0169,-0.0002,-0.0453,0.9988,4.069,,,,,,,
96,Right,15,0.0003,0.0011,0.0250,0.0000,0.0000,0.0000,1.0000,4.069,,,,,,,
96,Right,16,0.0150,-0.0060,0.0348,0.0000,0.0000,0.0000,1.0000,4.069,,,,,,,
96,Right,17,0.0025,-0.0005,0.0539,0.2457,0.1186,-0.0765,0.9590,4.069,,,,,,,
96,Right,18,0.0000,0.0000,0.0390,0.1503,-0.0021,-0.0369,0.9879,4.069,,,,,,,
96,Right,19,0.0000,0.0000,0.0266,0.0809,-0.0296,-0.0084,0.9962,4.069,,,,,,,
96,Right,20,0.0003,0.0016,0.0243,0.0000,0.0000,0.0000,1.0000,4.069,,,,,,,
96,Right,21,0.0230,-0.0094,0.0341,0.0183,0.1403,-0.2070,0.9680,4.069,,,,,,,
96,Right,22,0.0000,0.0000,0.0457,0.1613,0.0588,0.0765,0.9822,4.069,,,,,,,
96,Right,23,0.0000,0.0000,0.0307,0.2092,0.0333,-0.0563,0.9757,4.069,,,,,,,
96,Right,24,0.0000,0.0000,0.0203,0.0490,-0.0491,0.0009,0.9976,4.069,,,,,,,
96,Right,25,-0.0002,0.0012,0.0219,0.0000,0.0000,0.0000,1.0000,4.069,,,,,,,
97,Left,0,0.0012,-0.0059,0.0657,0.0000,0.0000,0.0000,1.0000,4.110,,,,,,,
97,Left,1,0.0000,0.0000,0.0000,0.0000,0.0000,0.0000,1.0000,4.110,0.0066,-0.4867,-0.2212,-0.5422,-0.0604,0.0376,0.8372
97,Left,2,0.0245,-0.0225,0.0374,0.0573,0.3326,-0.6861,0.6445,4.110,,,,,,,
97,Left,3,0.0000,0.0000,0.0325,0.3904,-0.0321,0.0774,0.9168,4.110,,,,,,,
97,Left,4,0.0000,0.0000,0.0338,0.1890,0.0437,-0.0765,0.9780,4.110,,,,,,,
97,Left,5,-0.0007,0.0010,0.0246,0.0000,0.0000,0.0000,1.0000,4.110,,,,,,,
97,Left,6,0.0169,-0.0127,0.0379,0.0000,0.0000,0.0000,1.0000,4.110,,,,,,,
97,Left,7,0.0066,0.0054,0.0581,0.2203,0.0838,-0.0502,0.9705,4.110,,,,,,,
97,Left,8,0.0000,0.0000,0.0379,0.0392,-0.0062,0.0260,0.9989,4.110,,,,,,,
97,Left,9,0.0000,0.0000,0.0243,-0.0500,-0.0268,0.0162,0.9983,4.110,,,,,,,
97,Left,10,-0.0003,0.0010,0.0224,0.0000,0.0000,0.0000,1.0000,4.110,,,,,,,
97,Left,11,0.0007,-0.0093,0.0358,0.0000,0.0000,0.0000,1.0000,4.110,,,,,,,
97,Left,12,0.0010,0.0067,0.0599,0.2358,0.0056,0.0067,0.9718,4.110,,,,,,,
97,Left,13,0.0000,0.0000,0.0429,0.0263,-0.0041,0.0114,0.9996,4.110,,,,,,,
97,Left,14,0.0000,0.0000,0.0275,-0.0486,-0.0027,0.0388,0.9981,4.110,,,,,,,
97,Left,15,-0.0003,0.0011,0.0250,0.0000,0.0000,0.0000,1.0000,4.110,,,,,,,
97,Left,16,-0.0150,-0.0060,0.0348,0.0000,0.0000,0.0000,1.0000,4.110,,,,,,,
97,Left,17,-0.0025,-0.0005,0.0539,0.4475,-0.0267,0.0668,0.8914,4.110,,,,,,,
97,Left,18,0.0000,0.0000,0.0390,0.6584,0.0198,0.0418,0.7512,4.110,,,,,,,
97,Left,19,0.0000,0.0000,0.0266,0.3958,0.0287,0.0228,0.9176,4.110,,,,,,,
97,Left,20,-0.0003,0.0016,0.0243,0.0000,0.0000,0.0000,1.0000,4.110,,,,,,,
97,Left,21,-0.0230,-0.0094,0.0341,0.0183,-0.1403,0.2070,0.9680,4.110,,,,,,,
97,Left,22,0.0000,0.0000,0.0457,0.4710,-0.0100,-0.0762,0.8788,4.110,,,,,,,
97,Left,23,0.0000,0.0000,0.0307,0.6786,-0.0046,0.0879,0.7292,4.110,,,,,,,
97,Left,24,0.0000,0.0000,0.0203,0.4271,0.0441,-0.0021,0.9031,4.110,,,,,,,
97,Left,25,0.0002,0.0012,0.0219,0.0000,0.0000,0.0000,1.0000,4.110,,,,,,,
97,Right,0,-0.0022,-0.0054,0.0653,0.0000,0.0000,0.0000,1.0000,4.110,,,,,,,
97,Right,1,0.0000,0.0000,0.0000,0.0000,0.0000,0.0000,1.0000,4.110,0.3341,-0.2443,-0.2437,0.4159,0.4133,-0.1327,-0.7991
97,Right,2,-0.0285,-0.0186,0.0357,-0.0503,-0.3410,0.6125,0.7114,4.110,,,,,,,
97,Right,3,0.0000,0.0000,0.0325,0.2634,0.0458,-0.0808,0.9602,4.110,,,,,,,
97,Right,4,0.0000,0.0000,0.0338,0.1355,-0.0486,0.0784,0.9865,4.110,,,,,,,
97,Right,5,0.0007,0.0010,0.0246,0.0000,0.0000,0.0000,1.0000,4.110,,,,,,,
97,Right,6,-0.0189,-0.0108,0.0371,0.0000,0.0000,0.0000,1.0000,4.110,,,,,,,
97,Right,7,-0.0046,0.0035,0.0589,0.1180,-0.0042,0.0331,0.9924,4.110,,,,,,,
97,Right,8,0.0000,0.0000,0.0379,0.1478,0.0033,-0.0263,0.9887,4.110,,,,,,,
97,Right,9,0.0000,0.0000,0.0243,0.0512,0.0252,-0.0167,0.9982,4.110,,,,,,,
97,Right,10,0.0003,0.0010,0.0224,0.0000,0.0000,0.0000,1.0000,4.110,,,,,,,
97,Right,11,-0.0027,-0.0083,0.0349,0.0000,0.0000,0.0000,1.0000,4.110,,,,,,,
97,Right,12,0.0010,0.0057,0.0608,0.2497,0.0638,-0.0213,0.9660,4.110,,,,,,,
97,Right,13,0.0000,0.0000,0.0429,0.1228,0.0029,-0.0119,0.9924,4.110,,,,,,,
97,Right,14,0.0000,0.0000,0.0275,0.0175,-0.0002,-0.0453,0.9988,4.110,,,,,,,
97,Right,15,0.0003,0.0011,0.0250,0.0000,0.0000,0.0000,1.0000,4.110,,,,,,,
97,Right,16,0.0150,-0.0060,0.0348,0.0000,0.0000,0.0000,1.0000,4.110,,,,,,,
97,Right,17,0.0025,-0.0005,0.0539,0.2455,0.1192,-0.0766,0.9590,4.110,,,,,,,
97,Right,18,0.0000,0.0000,0.0390,0.1541,-0.0022,-0.0370,0.9874,4.110,,,,,,,
97,Right,19,0.0000,0.0000,0.0266,0.0820,-0.0296,-0.0085,0.9962,4.110,,,,,,,
97,Right,20,0.0003,0.0016,0.0243,0.0000,0.0000,0.0000,1.0000,4.110,,,,,,,
97,Right,21,0.0230,-0.0094,0.0341,0.0183,0.1403,-0.2070,0.9680,4.110,,,,,,,
97,Right,22,0.0000,0.0000,0.0457,0.1601,0.0595,0.0765,0.9823,4.110,,,,,,,
97,Right,23,0.0000,0.0000,0.0307,0.2108,0.0333,-0.0564,0.9753,4.110,,,,,,,
97,Right,24,0.0000,0.0000,0.0203,0.0503,-0.0491,0.0009,0.9975,4.110,,,,,,,
97,Right,25,-0.0002,0.0012,0.0219,0.0000,0.0000,0.0000,1.0000,4.110,,,,,,,
98,Left,0,0.0012,-0.0059,0.0657,0.0000,0.0000,0.0000,1.0000,4.152,,,,,,,
98,Left,1,0.0000,0.0000,0.0000,0.0000,0.0000,0.0000,1.0000,4.152,0.0090,-0.4886,-0.2253,-0.5406,-0.0616,0.0364,0.8382
98,Left,2,0.0245,-0.0225,0.0375,0.0578,0.3327,-0.6862,0.6442,4.152,,,,,,,
98,Left,3,0.0000,0.0000,0.0325,0.3904,-0.0321,0.0774,0.9168,4.152,,,,,,,
98,Left,4,0.0000,0.0000,0.0338,0.1889,0.0437,-0.0765,0.9780,4.152,,,,,,,
98,Left,5,-0.0007,0.0010,0.0246,0.0000,0.0000,0.0000,1.0000,4.152,,,,,,,
98,Left,6,0.0169,-0.0127,0.0379,0.0000,0.0000,0.0000,1.0000,4.152,,,,,,,
98,Left,7,0.0066,0.0054,0.0581,0.2111,0.0807,-0.0485,0.9729,4.152,,,,,,,
98,Left,8,0.0000,0.0000,0.0379,0.0394,-0.0062,0.0260,0.9989,4.152,,,,,,,
98,Left,9,0.0000,0.0000,0.0243,-0.0505,-0.0268,0.0162,0.9982,4.152,,,,,,,
98,Left,10,-0.0003,0.0010,0.0224,0.0000,0.0000,0.0000,1.0000,4.152,,,,,,,
98,Left,11,0.0007,-0.0093,0.0358,0.0000,0.0000,0.0000,1.0000,4.152,,,,,,,
98,Left,12,0.0010,0.0067,0.0599,0.2288,0.0038,0.0071,0.9734,4.152,,,,,,,
98,Left,13,0.0000,0.0000,0.0429,0.0263,-0.0041,0.0114,0.9996,4.152,,,,,,,
98,Left,14,0.0000,0.0000,0.0275,-0.0491,-0.0027,0.0388,0.9980,4.152,,,,,,,
98,Left,15,-0.0003,0.0011,0.0250,0.0000,0.0000,0.0000,1.0000,4.152,,,,,,,
98,Left,16,-0.0150,-0.0060,0.0348,0.0000,0.0000,0.0000,1.0000,4.152,,,,,,,
98,Left,17,-0.0025,-0.0005,0.0539,0.4464,-0.0261,0.0665,0.8920,4.152,,,,,,,
98,Left,18,0.0000,0.0000,0.0390,0.6582,0.0198,0.0418,0.7514,4.152,,,,,,,
98,Left,19,0.0000,0.0000,0.0266,0.3950,0.0288,0.0228,0.9179,4.152,,,,,,,
98,Left,20,-0.0003,0.0016,0.0243,0.0000,0.0000,0.0000,1.0000,4.152,,,,,,,
98,Left,21,-0.0230,-0.0094,0.0341,0.0183,-0.1403,0.2070,0.9680,4.152,,,,,,,
98,Left,22,0.0000,0.0000,0.0457,0.4711,-0.0098,-0.0763,0.8787,4.152,,,,,,,
98,Left,23,0.0000,0.0000,0.0307,0.6780,-0.0047,0.0879,0.7298,4.152,,,,,,,
98,Left,24,0.0000,0.0000,0.0203,0.4263,0.0442,-0.0021,0.9035,4.152,,,,,,,
98,Left,25,0.0002,0.0012,0.0219,0.0000,0.0000,0.0000,1.0000,4.152,,,,,,,
98,Right,0,-0.0022,-0.0054,0.0653,0.0000,0.0000,0.0000,1.0000,4.152,,,,,,,
98,Right,1,0.0000,0.0000,0.0000,0.0000,0.0000,0.0000,1.0000,4.152,0.3339,-0.2446,-0.2436,0.4165,0.4117,-0.1350,-0.7992
98,Right,2,-0.0285,-0.0186,0.0357,-0.0499,-0.3413,0.6126,0.7111,4.152,,,,,,,
98,Right,3,0.0000,0.0000,0.0325,0.2630,0.0458,-0.0808,0.9603,4.152,,,,,,,
98,Right,4,0.0000,0.0000,0.0338,0.1393,-0.0483,0.0783,0.9860,4.152,,,,,,,
98,Right,5,0.0007,0.0010,0.0246,0.0000,0.0000,0.0000,1.0000,4.152,,,,,,,
98,Right,6,-0.0189,-0.0108,0.0371,0.0000,0.0000,0.0000,1.0000,4.152,,,,,,,
98,Right,7,-0.0046,0.0035,0.0589,0.1171,-0.0056,0.0331,0.9926,4.152,,,,,,,
98,Right,8,0.0000,0.0000,0.0379,0.1487,0.0033,-0.0263,0.9885,4.152,,,,,,,
98,Right,9,0.0000,0.0000,0.0243,0.0512,0.0252,-0.0167,0.9982,4.152,,,,,,,
98,Right,10,0.0003,0.0010,0.0224,0.0000,0.0000,0.0000,1.0000,4.152,,,,,,,
98,Right,11,-0.0027,-0.0083,0.0349,0.0000,0.0000,0.0000,1.0000,4.152,,,,,,,
98,Right,12,0.0010,0.0057,0.0608,0.2497,0.0633,-0.0212,0.9660,4.152,,,,,,,
98,Right,13,0.0000,0.0000,0.0429,0.1241,0.0029,-0.0120,0.9922,4.152,,,,,,,
98,Right,14,0.0000,0.0000,0.0275,0.0180,-0.0002,-0.0454,0.9988,4.152,,,,,,,
98,Right,15,0.0003,0.0011,0.0250,0.0000,0.0000,0.0000,1.0000,4.152,,,,,,,
98,Right,16,0.0150,-0.0060,0.0348,0.0000,0.0000,0.0000,1.0000,4.152,,,,,,,
98,Right,17,0.0025,-0.0005,0.0539,0.2450,0.1196,-0.0766,0.9591,4.152,,,,,,,
98,Right,18,0.0000,0.0000,0.0390,0.1568,-0.0023,-0.0370,0.9869,4.152,,,,,,,
98,Right,19,0.0000,0.0000,0.0266,0.0830,-0.0296,-0.0085,0.9961,4.152,,,,,,,
98,Right,20,0.0003,0.0016,0.0243,0.0000,0.0000,0.0000,1.0000,4.152,,,,,,,
98,Right,21,0.0230,-0.0094,0.0341,0.0183,0.1403,-0.2070,0.9680,4.152,,,,,,,
98,Right,22,0.0000,0.0000,0.0457,0.1587,0.0603,0.0765,0.9825,4.152,,,,,,,
98,Right,23,0.0000,0.0000,0.0307,0.2134,0.0331,-0.0566,0.9748,4.152,,,,,,,
98,Right,24,0.0000,0.0000,0.0203,0.0517,-0.0491,0.0009,0.9975,4.152,,,,,,,
98,Right,25,-0.0002,0.0012,0.0219,0.0000,0.0000,0.0000,1.0000,4.152,,,,,,,
99,Left,0,0.0012,-0.0059,0.0657,0.0000,0.0000,0.0000,1.0000,4.193,,,,,,,
99,Left,1,0.0000,0.0000,0.0000,0.0000,0.0000,0.0000,1.0000,4.193,0.0091,-0.4897,-0.2250,-0.5378,-0.0645,0.0344,0.8399
99,Left,2,0.0245,-0.0225,0.0375,0.0573,0.3322,-0.6863,0.6445,4.193,,,,,,,
99,Left,3,0.0000,0.0000,0.0325,0.3897,-0.0322,0.0775,0.9171,4.193,,,,,,,
99,Left,4,0.0000,0.0000,0.0338,0.1892,0.0437,-0.0765,0.9780,4.193,,,,,,,
99,Left,5,-0.0007,0.0010,0.0246,0.0000,0.0000,0.0000,1.0000,4.193,,,,,,,
99,Left,6,0.0169,-0.0127,0.0379,0.0000,0.0000,0.0000,1.0000,4.193,,,,,,,
99,Left,7,0.0066,0.0054,0.0581,0.2103,0.0775,-0.0480,0.9734,4.193,,,,,,,
99,Left,8,0.0000,0.0000,0.0379,0.0400,-0.0062,0.0260,0.9988,4.193,,,,,,,
99,Left,9,0.0000,0.0000,0.0243,-0.0505,-0.0268,0.0162,0.9982,4.193,,,,,,,
99,Left,10,-0.0003,0.0010,0.0224,0.0000,0.0000,0.0000,1.0000,4.193,,,,,,,
99,Left,11,0.0007,-0.0093,0.0358,0.0000,0.0000,0.0000,1.0000,4.193,,,,,,,
99,Left,12,0.0010,0.0067,0.0599,0.2287,0.0024,0.0074,0.9735,4.193,,,,,,,
99,Left,13,0.0000,0.0000,0.0429,0.0267,-0.0041,0.0114,0.9996,4.193,,,,,,,
99,Left,14,0.0000,0.0000,0.0275,-0.0494,-0.0027,0.0387,0.9980,4.193,,,,,,,
99,Left,15,-0.0003,0.0011,0.0250,0.0000,0.0000,0.0000,1.0000,4.193,,,,,,,
99,Left,16,-0.0150,-0.0060,0.0348,0.0000,0.0000,0.0000,1.0000,4.193,,,,,,,
99,Left,17,-0.0025,-0.0005,0.0539,0.4451,-0.0260,0.0664,0.8926,4.193,,,,,,,
99,Left,18,0.0000,0.0000,0.0390,0.6578,0.0198,0.0418,0.7518,4.193,,,,,,,
99,Left,19,0.0000,0.0000,0.0266,0.3944,0.0288,0.0228,0.9182,4.193,,,,,,,
99,Left,20,-0.0003,0.0016,0.0243,0.0000,0.0000,0.0000,1.0000,4.193,,,,,,,
99,Left,21,-0.0230,-0.0094,0.0341,0.0183,-0.1403,0.2070,0.9680,4.193,,,,,,,
99,Left,22,0.0000,0.0000,0.0457,0.4711,-0.0096,-0.0764,0.8787,4.193,,,,,,,
99,Left,23,0.0000,0.0000,0.0307,0.6770,-0.0048,0.0878,0.7308,4.193,,,,,,,
99,Left,24,0.0000,0.0000,0.0203,0.4252,0.0442,-0.0021,0.9040,4.193,,,,,,,
99,Left,25,0.0002,0.0012,0.0219,0.0000,0.0000,0.0000,1.0000,4.193,,,,,,,
99,Right,0,-0.0022,-0.0054,0.0653,0.0000,0.0000,0.0000,1.0000,4.193,,,,,,,
99,Right,1,0.0000,0.0000,0.0000,0.0000,0.0000,0.0000,1.0000,4.193,0.3338,-0.2448,-0.2436,0.4167,0.4119,-0.1355,-0.7990
99,Right,2,-0.0285,-0.0186,0.0357,-0.0496,-0.3415,0.6128,0.7109,4.193,,,,,,,
99,Right,3,0.0000,0.0000,0.0325,0.2632,0.0458,-0.0808,0.9603,4.193,,,,,,,
99,Right,4,0.0000,0.0000,0.0338,0.1412,-0.0481,0.0782,0.9857,4.193,,,,,,,
99,Right,5,0.0007,0.0010,0.0246,0.0000,0.0000,0.0000,1.0000,4.193,,,,,,,
99,Right,6,-0.0189,-0.0108,0.0371,0.0000,0.0000,0.0000,1.0000,4.193,,,,,,,
99,Right,7,-0.0046,0.0035,0.0589,0.1157,-0.0071,0.0332,0.9927,4.193,,,,,,,
99,Right,8,0.0000,0.0000,0.0379,0.1493,0.0033,-0.0263,0.9884,4.193,,,,,,,
99,Right,9,0.0000,0.0000,0.0243,0.0511,0.0252,-0.0167,0.9982,4.193,,,,,,,
99,Right,10,0.0003,0.0010,0.0224,0.0000,0.0000,0.0000,1.0000,4.193,,,,,,,
99,Right,11,-0.0027,-0.0083,0.0349,0.0000,0.0000,0.0000,1.0000,4.193,,,,,,,
99,Right,12,0.0010,0.0057,0.0608,0.2494,0.0632,-0.0211,0.9661,4.193,,,,,,,
99,Right,13,0.0000,0.0000,0.0429,0.1251,0.0029,-0.0120,0.9921,4.193,,,,,,,
99,Right,14,0.0000,0.0000,0.0275,0.0185,-0.0003,-0.0454,0.9988,4.193,,,,,,,
99,Right,15,0.0003,0.0011,0.0250,0.0000,0.0000,0.0000,1.0000,4.193,,,,,,,
99,Right,16,0.0150,-0.0060,0.0348,0.0000,0.0000,0.0000,1.0000,4.193,,,,,,,
99,Right,17,0.0025,-0.0005,0.0539,0.2442,0.1198,-0.0766,0.9592,4.193,,,,,,,
99,Right,18,0.0000,0.0000,0.0390,0.1596,-0.0024,-0.0371,0.9865,4.193,,,,,,,
99,Right,19,0.0000,0.0000,0.0266,0.0842,-0.0296,-0.0086,0.9960,4.193,,,,,,,
99,Right,20,0.0003,0.0016,0.0243,0.0000,0.0000,0.0000,1.0000,4.193,,,,,,,
99,Right,21,0.0230,-0.0094,0.0341,0.0183,0.1403,-0.2070,0.9680,4.193,,,,,,,
99,Right,22,0.0000,0.0000,0.0457,0.1573,0.0609,0.0765,0.9827,4.193,,,,,,,
99,Right,23,0.0000,0.0000,0.0307,0.2160,0.0330,-0.0568,0.9742,4.193,,,,,,,
99,Right,24,0.0000,0.0000,0.0203,0.0531,-0.0491,0.0009,0.9974,4.193,,,,,,,
99,Right,25,-0.0002,0.0012,0.0219,0.0000,0.0000,0.0000,1.0000,4.193,,,,,,,
100,Left,0,0.0012,-0.0059,0.0657,0.0000,0.0000,0.0000,1.0000,4.235,,,,,,,
100,Left,1,0.0000,0.0000,0.0000,0.0000,0.0000,0.0000,1.0000,4.235,0.0098,-0.4916,-0.2240,-0.5379,-0.0645,0.0349,0.8398
100,Left,2,0.0245,-0.0225,0.0374,0.0565,0.3318,-0.6860,0.6450,4.235,,,,,,,
100,Left,3,0.0000,0.0000,0.0325,0.3886,-0.0323,0.0775,0.9176,4.235,,,,,,,
100,Left,4,0.0000,0.0000,0.0338,0.1889,0.0437,-0.0765,0.9780,4.235,,,,,,,
100,Left,5,-0.0007,0.0010,0.0246,0.0000,0.0000,0.0000,1.0000,4.235,,,,,,,
100,Left,6,0.0169,-0.0127,0.0379,0.0000,0.0000,0.0000,1.0000,4.235,,,,,,,
100,Left,7,0.0066,0.0054,0.0581,0.2100,0.0776,-0.0479,0.9734,4.235,,,,,,,
100,Left,8,0.0000,0.0000,0.0379,0.0406,-0.0061,0.0260,0.9988,4.235,,,,,,,
100,Left,9,0.0000,0.0000,0.0243,-0.0507,-0.0268,0.0162,0.9982,4.235,,,,,,,
100,Left,10,-0.0003,0.0010,0.0224,0.0000,0.0000,0.0000,1.0000,4.235,,,,,,,
100,Left,11,0.0007,-0.0093,0.0358,0.0000,0.0000,0.0000,1.0000,4.235,,,,,,,
100,Left,12,0.0010,0.0067,0.0599,0.2312,0.0030,0.0073,0.9729,4.235,,,,,,,
100,Left,13,0.0000,0.0000,0.0429,0.0273,-0.0040,0.0114,0.9996,4.235,,,,,,,
100,Left,14,0.0000,0.0000,0.0275,-0.0496,-0.0027,0.0387,0.9980,4.235,,,,,,,
100,Left,15,-0.0003,0.0011,0.0250,0.0000,0.0000,0.0000,1.0000,4.235,,,,,,,
100,Left,16,-0.0150,-0.0060,0.0348,0.0000,0.0000,0.0000,1.0000,4.235,,,,,,,
100,Left,17,-0.0025,-0.0005,0.0539,0.4447,-0.0259,0.0663,0.8929,4.235,,,,,,,
100,Left,18,0.0000,0.0000,0.0390,0.6570,0.0198,0.0418,0.7524,4.235,,,,,,,
100,Left,19,0.0000,0.0000,0.0266,0.3932,0.0288,0.0227,0.9187,4.235,,,,,,,
100,Left,20,-0.0003,0.0016,0.0243,0.0000,0.0000,0.0000,1.0000,4.235,,,,,,,
100,Left,21,-0.0230,-0.0094,0.0341,0.0183,-0.1403,0.2070,0.9680,4.235,,,,,,,
100,Left,22,0.0000,0.0000,0.0457,0.4714,-0.0098,-0.0763,0.8786,4.235,,,,,,,
100,Left,23,0.0000,0.0000,0.0307,0.6758,-0.0048,0.0878,0.7318,4.235,,,,,,,
100,Left,24,0.0000,0.0000,0.0203,0.4237,0.0442,-0.0021,0.9047,4.235,,,,,,,
100,Left,25,0.0002,0.0012,0.0219,0.0000,0.0000,0.0000,1.0000,4.235,,,,,,,
100,Right,0,-0.0022,-0.0054,0.0653,0.0000,0.0000,0.0000,1.0000,4.235,,,,,,,
100,Right,1,0.0000,0.0000,0.0000,0.0000,0.0000,0.0000,1.0000,4.235,0.3339,-0.2451,-0.2438,0.4174,0.4128,-0.1372,-0.7979
100,Right,2,-0.0285,-0.0186,0.0357,-0.0491,-0.3417,0.6131,0.7106,4.235,,,,,,,
100,Right,3,0.0000,0.0000,0.0325,0.2633,0.0458,-0.0808,0.9602,4.235,,,,,,,
100,Right,4,0.0000,0.0000,0.0338,0.1446,-0.0478,0.0781,0.9852,4.235,,,,,,,
100,Right,5,0.0007,0.0010,0.0246,0.0000,0.0000,0.0000,1.0000,4.235,,,,,,,
100,Right,6,-0.0189,-0.0108,0.0371,0.0000,0.0000,0.0000,1.0000,4.235,,,,,,,
100,Right,7,-0.0046,0.0035,0.0589,0.1142,-0.0079,0.0332,0.9929,4.235,,,,,,,
100,Right,8,0.0000,0.0000,0.0379,0.1498,0.0032,-0.0263,0.9884,4.235,,,,,,,
100,Right,9,0.0000,0.0000,0.0243,0.0512,0.0252,-0.0167,0.9982,4.235,,,,,,,
100,Right,10,0.0003,0.0010,0.0224,0.0000,0.0000,0.0000,1.0000,4.235,,,,,,,
100,Right,11,-0.0027,-0.0083,0.0349,0.0000,0.0000,0.0000,1.0000,4.235,,,,,,,
100,Right,12,0.0010,0.0057,0.0608,0.2492,0.0633,-0.0212,0.9661,4.235,,,,,,,
100,Right,13,0.0000,0.0000,0.0429,0.1264,0.0029,-0.0120,0.9919,4.235,,,,,,,
100,Right,14,0.0000,0.0000,0.0275,0.0191,-0.0003,-0.0455,0.9988,4.235,,,,,,,
100,Right,15,0.0003,0.0011,0.0250,0.0000,0.0000,0.0000,1.0000,4.235,,,,,,,
100,Right,16,0.0150,-0.0060,0.0348,0.0000,0.0000,0.0000,1.0000,4.235,,,,,,,
100,Right,17,0.0025,-0.0005,0.0539,0.2436,0.1200,-0.0765,0.9594,4.235,,,,,,,
100,Right,18,0.0000,0.0000,0.0390,0.1611,-0.0025,-0.0371,0.9862,4.235,,,,,,,
100,Right,19,0.0000,0.0000,0.0266,0.0853,-0.0296,-0.0086,0.9959,4.235,,,,,,,
100,Right,20,0.0003,0.0016,0.0243,0.0000,0.0000,0.0000,1.0000,4.235,,,,,,,
100,Right,21,0.0230,-0.0094,0.0341,0.0183,0.1403,-0.2070,0.9680,4.235,,,,,,,
100,Right,22,0.0000,0.0000,0.0457,0.1560,0.0615,0.0765,0.9829,4.235,,,,,,,
100,Right,23,0.0000,0.0000,0.0307,0.2192,0.0329,-0.0571,0.9735,4.235,,,,,,,
100,Right,24,0.0000,0.0000,0.0203,0.0545,-0.0491,0.0009,0.9973,4.235,,,,,,,
100,Right,25,-0.0002,0.0012,0.0219,0.0000,0.0000,0.0000,1.0000,4.235,,,,,,,
101,Left,0,0.0012,-0.0059,0.0657,0.0000,0.0000,0.0000,1.0000,4.277,,,,,,,
101,Left,1,0.0000,0.0000,0.0000,0.0000,0.0000,0.0000,1.0000,4.277,0.0096,-0.4943,-0.2227,-0.5353,-0.0615,0.0401,0.8415
101,Left,2,0.0244,-0.0225,0.0375,0.0565,0.3313,-0.6863,0.6450,4.277,,,,,,,
101,Left,3,0.0000,0.0000,0.0325,0.3872,-0.0324,0.0775,0.9181,4.277,,,,,,,
101,Left,4,0.0000,0.0000,0.0338,0.1883,0.0437,-0.0765,0.9781,4.277,,,,,,,
101,Left,5,-0.0007,0.0010,0.0246,0.0000,0.0000,0.0000,1.0000,4.277,,,,,,,
101,Left,6,0.0169,-0.0127,0.0379,0.0000,0.0000,0.0000,1.0000,4.277,,,,,,,
101,Left,7,0.0066,0.0054,0.0581,0.2008,0.0780,-0.0469,0.9754,4.277,,,,,,,
101,Left,8,0.0000,0.0000,0.0379,0.0409,-0.0061,0.0260,0.9988,4.277,,,,,,,
101,Left,9,0.0000,0.0000,0.0243,-0.0508,-0.0268,0.0162,0.9982,4.277,,,,,,,
101,Left,10,-0.0003,0.0010,0.0224,0.0000,0.0000,0.0000,1.0000,4.277,,,,,,,
101,Left,11,0.0007,-0.0093,0.0358,0.0000,0.0000,0.0000,1.0000,4.277,,,,,,,
101,Left,12,0.0010,0.0067,0.0599,0.2324,0.0032,0.0072,0.9726,4.277,,,,,,,
101,Left,13,0.0000,0.0000,0.0429,0.0267,-0.0041,0.0114,0.9996,4.277,,,,,,,
101,Left,14,0.0000,0.0000,0.0275,-0.0506,-0.0028,0.0386,0.9980,4.277,,,,,,,
101,Left,15,-0.0003,0.0011,0.0250,0.0000,0.0000,0.0000,1.0000,4.277,,,,,,,
101,Left,16,-0.0150,-0.0060,0.0348,0.0000,0.0000,0.0000,1.0000,4.277,,,,,,,
101,Left,17,-0.0025,-0.0005,0.0539,0.4544,-0.0249,0.0664,0.8880,4.277,,,,,,,
101,Left,18,0.0000,0.0000,0.0390,0.6567,0.0198,0.0418,0.7527,4.277,,,,,,,
101,Left,19,0.0000,0.0000,0.0266,0.3923,0.0288,0.0227,0.9191,4.277,,,,,,,
101,Left,20,-0.0003,0.0016,0.0243,0.0000,0.0000,0.0000,1.0000,4.277,,,,,,,
101,Left,21,-0.0230,-0.0094,0.0341,0.0183,-0.1403,0.2070,0.9680,4.277,,,,,,,
101,Left,22,0.0000,0.0000,0.0457,0.4723,-0.0100,-0.0762,0.8781,4.277,,,,,,,
101,Left,23,0.0000,0.0000,0.0307,0.6754,-0.0049,0.0878,0.7322,4.277,,,,,,,
101,Left,24,0.0000,0.0000,0.0203,0.4223,0.0443,-0.0021,0.9054,4.277,,,,,,,
101,Left,25,0.0002,0.0012,0.0219,0.0000,0.0000,0.0000,1.0000,4.277,,,,,,,
101,Right,0,-0.0022,-0.0054,0.0653,0.0000,0.0000,0.0000,1.0000,4.277,,,,,,,
101,Right,1,0.0000,0.0000,0.0000,0.0000,0.0000,0.0000,1.0000,4.277,0.3338,-0.2455,-0.2440,0.4174,0.4117,-0.1377,-0.7983
101,Right,2,-0.0285,-0.0186,0.0357,-0.0488,-0.3418,0.6133,0.7104,4.277,,,,,,,
101,Right,3,0.0000,0.0000,0.0325,0.2633,0.0458,-0.0808,0.9602,4.277,,,,,,,
101,Right,4,0.0000,0.0000,0.0338,0.1463,-0.0476,0.0781,0.9850,4.277,,,,,,,
101,Right,5,0.0007,0.0010,0.0246,0.0000,0.0000,0.0000,1.0000,4.277,,,,,,,
101,Right,6,-0.0189,-0.0108,0.0371,0.0000,0.0000,0.0000,1.0000,4.277,,,,,,,
101,Right,7,-0.0046,0.0035,0.0589,0.1136,-0.0092,0.0332,0.9929,4.277,,,,,,,
101,Right,8,0.0000,0.0000,0.0379,0.1505,0.0032,-0.0263,0.9883,4.277,,,,,,,
101,Right,9,0.0000,0.0000,0.0243,0.0513,0.0252,-0.0167,0.9982,4.277,,,,,,,
101,Right,10,0.0003,0.0010,0.0224,0.0000,0.0000,0.0000,1.0000,4.277,,,,,,,
101,Right,11,-0.0027,-0.0083,0.0349,0.0000,0.0000,0.0000,1.0000,4.277,,,,,,,
101,Right,12,0.0010,0.0057,0.0607,0.2495,0.0631,-0.0211,0.9661,4.277,,,,,,,
101,Right,13,0.0000,0.0000,0.0429,0.1274,0.0029,-0.0120,0.9918,4.277,,,,,,,
101,Right,14,0.0000,0.0000,0.0275,0.0196,-0.0003,-0.0455,0.9988,4.277,,,,,,,
101,Right,15,0.0003,0.0011,0.0250,0.0000,0.0000,0.0000,1.0000,4.277,,,,,,,
101,Right,16,0.0150,-0.0060,0.0348,0.0000,0.0000,0.0000,1.0000,4.277,,,,,,,
101,Right,17,0.0025,-0.0005,0.0539,0.2432,0.1201,-0.0765,0.9595,4.277,,,,,,,
101,Right,18,0.0000,0.0000,0.0390,0.1627,-0.0025,-0.0372,0.9860,4.277,,,,,,,
101,Right,19,0.0000,0.0000,0.0266,0.0863,-0.0296,-0.0087,0.9958,4.277,,,,,,,
101,Right,20,0.0003,0.0016,0.0243,0.0000,0.0000,0.0000,1.0000,4.277,,,,,,,
101,Right,21,0.0230,-0.0094,0.0341,0.0183,0.1403,-0.2070,0.9680,4.277,,,,,,,
101,Right,22,0.0000,0.0000,0.0457,0.1548,0.0615,0.0766,0.9831,4.277,,,,,,,
101,Right,23,0.0000,0.0000,0.0307,0.2219,0.0327,-0.0573,0.9728,4.277,,,,,,,
101,Right,24,0.0000,0.0000,0.0203,0.0559,-0.0490,0.0009,0.9972,4.277,,,,,,,
101,Right,25,-0.0002,0.0012,0.0219,0.0000,0.0000,0.0000,1.0000,4.277,,,,,,,
102,Left,0,0.0012,-0.0059,0.0657,0.0000,0.0000,0.0000,1.0000,4.318,,,,,,,
102,Left,1,0.0000,0.0000,0.0000,0.0000,0.0000,0.0000,1.0000,4.318,0.0096,-0.4995,-0.2188,-0.5476,-0.0564,0.0442,0.8337
102,Left,2,0.0245,-0.0225,0.0375,0.0559,0.3309,-0.6862,0.6453,4.318,,,,,,,
102,Left,3,0.0000,0.0000,0.0325,0.3847,-0.0327,0.0776,0.9192,4.318,,,,,,,
102,Left,4,0.0000,0.0000,0.0338,0.1886,0.0437,-0.0765,0.9781,4.318,,,,,,,
102,Left,5,-0.0007,0.0010,0.0246,0.0000,0.0000,0.0000,1.0000,4.318,,,,,,,
102,Left,6,0.0169,-0.0127,0.0379,0.0000,0.0000,0.0000,1.0000,4.318,,,,,,,
102,Left,7,0.0066,0.0054,0.0581,0.1997,0.0771,-0.0467,0.9757,4.318,,,,,,,
102,Left,8,0.0000,0.0000,0.0379,0.0425,-0.0061,0.0260,0.9987,4.318,,,,,,,
102,Left,9,0.0000,0.0000,0.0243,-0.0504,-0.0268,0.0162,0.9982,4.318,,,,,,,
102,Left,10,-0.0003,0.0010,0.0224,0.0000,0.0000,0.0000,1.0000,4.318,,,,,,,
102,Left,11,0.0007,-0.0093,0.0358,0.0000,0.0000,0.0000,1.0000,4.318,,,,,,,
102,Left,12,0.0010,0.0067,0.0599,0.2391,0.0030,0.0072,0.9710,4.318,,,,,,,
102,Left,13,0.0000,0.0000,0.0429,0.0262,-0.0041,0.0114,0.9996,4.318,,,,,,,
102,Left,14,0.0000,0.0000,0.0275,-0.0517,-0.0028,0.0385,0.9979,4.318,,,,,,,
102,Left,15,-0.0003,0.0011,0.0250,0.0000,0.0000,0.0000,1.0000,4.318,,,,,,,
102,Left,16,-0.0150,-0.0060,0.0348,0.0000,0.0000,0.0000,1.0000,4.318,,,,,,,
102,Left,17,-0.0025,-0.0005,0.0539,0.4688,-0.0234,0.0665,0.8805,4.318,,,,,,,
102,Left,18,0.0000,0.0000,0.0390,0.6570,0.0198,0.0418,0.7525,4.318,,,,,,,
102,Left,19,0.0000,0.0000,0.0266,0.3918,0.0288,0.0227,0.9193,4.318,,,,,,,
102,Left,20,-0.0003,0.0016,0.0243,0.0000,0.0000,0.0000,1.0000,4.318,,,,,,,
102,Left,21,-0.0230,-0.0094,0.0341,0.0183,-0.1403,0.2070,0.9680,4.318,,,,,,,
102,Left,22,0.0000,0.0000,0.0457,0.4756,-0.0106,-0.0759,0.8763,4.318,,,,,,,
102,Left,23,0.0000,0.0000,0.0307,0.6749,-0.0049,0.0877,0.7327,4.318,,,,,,,
102,Left,24,0.0000,0.0000,0.0203,0.4208,0.0443,-0.0021,0.9061,4.318,,,,,,,
102,Left,25,0.0002,0.0012,0.0219,0.0000,0.0000,0.0000,1.0000,4.318,,,,,,,
102,Right,0,-0.0022,-0.0054,0.0653,0.0000,0.0000,0.0000,1.0000,4.318,,,,,,,
102,Right,1,0.0000,0.0000,0.0000,0.0000,0.0000,0.0000,1.0000,4.318,0.3336,-0.2458,-0.2443,0.4176,0.4104,-0.1383,-0.7988
102,Right,2,-0.0284,-0.0187,0.0357,-0.0484,-0.3418,0.6136,0.7102,4.318,,,,,,,
102,Right,3,0.0000,0.0000,0.0325,0.2631,0.0458,-0.0808,0.9603,4.318,,,,,,,
102,Right,4,0.0000,0.0000,0.0338,0.1479,-0.0475,0.0780,0.9848,4.318,,,,,,,
102,Right,5,0.0007,0.0010,0.0246,0.0000,0.0000,0.0000,1.0000,4.318,,,,,,,
102,Right,6,-0.0189,-0.0108,0.0371,0.0000,0.0000,0.0000,1.0000,4.318,,,,,,,
102,Right,7,-0.0046,0.0035,0.0589,0.1129,-0.0106,0.0333,0.9930,4.318,,,,,,,
102,Right,8,0.0000,0.0000,0.0379,0.1512,0.0032,-0.0263,0.9882,4.318,,,,,,,
102,Right,9,0.0000,0.0000,0.0243,0.0513,0.0252,-0.0167,0.9982,4.318,,,,,,,
102,Right,10,0.0003,0.0010,0.0224,0.0000,0.0000,0.0000,1.0000,4.318,,,,,,,
102,Right,11,-0.0027,-0.0083,0.0349,0.0000,0.0000,0.0000,1.0000,4.318,,,,,,,
102,Right,12,0.0010,0.0057,0.0607,0.2496,0.0628,-0.0211,0.9661,4.318,,,,,,,
102,Right,13,0.0000,0.0000,0.0429,0.1283,0.0029,-0.0120,0.9917,4.318,,,,,,,
102,Right,14,0.0000,0.0000,0.0275,0.0201,-0.0003,-0.0456,0.9988,4.318,,,,,,,
102,Right,15,0.0003,0.0011,0.0250,0.0000,0.0000,0.0000,1.0000,4.318,,,,,,,
102,Right,16,0.0150,-0.0060,0.0348,0.0000,0.0000,0.0000,1.0000,4.318,,,,,,,
102,Right,17,0.0025,-0.0005,0.0539,0.2425,0.1202,-0.0764,0.9596,4.318,,,,,,,
102,Right,18,0.0000,0.0000,0.0390,0.1639,-0.0026,-0.0372,0.9858,4.318,,,,,,,
102,Right,19,0.0000,0.0000,0.0266,0.0871,-0.0296,-0.0087,0.9957,4.318,,,,,,,
102,Right,20,0.0003,0.0016,0.0243,0.0000,0.0000,0.0000,1.0000,4.318,,,,,,,
102,Right,21,0.0230,-0.0094,0.0341,0.0183,0.1403,-0.2070,0.9680,4.318,,,,,,,
102,Right,22,0.0000,0.0000,0.0457,0.1531,0.0618,0.0767,0.9833,4.318,,,,,,,
102,Right,23,0.0000,0.0000,0.0307,0.2235,0.0326,-0.0574,0.9725,4.318,,,,,,,
102,Right,24,0.0000,0.0000,0.0203,0.0573,-0.0490,0.0009,0.9972,4.318,,,,,,,
102,Right,25,-0.0002,0.0012,0.0219,0.0000,0.0000,0.0000,1.0000,4.318,,,,,,,
103,Left,0,0.0012,-0.0059,0.0657,0.0000,0.0000,0.0000,1.0000,4.360,,,,,,,
103,Left,1,0.0000,0.0000,0.0000,0.0000,0.0000,0.0000,1.0000,4.360,0.0092,-0.5023,-0.2149,-0.5467,-0.0591,0.0429,0.8341
103,Left,2,0.0245,-0.0225,0.0374,0.0558,0.3312,-0.6860,0.6454,4.360,,,,,,,
103,Left,3,0.0000,0.0000,0.0325,0.3844,-0.0328,0.0776,0.9193,4.360,,,,,,,
103,Left,4,0.0000,0.0000,0.0338,0.1898,0.0436,-0.0764,0.9779,4.360,,,,,,,
103,Left,5,-0.0007,0.0010,0.0246,0.0000,0.0000,0.0000,1.0000,4.360,,,,,,,
103,Left,6,0.0169,-0.0127,0.0379,0.0000,0.0000,0.0000,1.0000,4.360,,,,,,,
103,Left,7,0.0066,0.0054,0.0581,0.1985,0.0792,-0.0468,0.9758,4.360,,,,,,,
103,Left,8,0.0000,0.0000,0.0379,0.0435,-0.0061,0.0260,0.9987,4.360,,,,,,,
103,Left,9,0.0000,0.0000,0.0243,-0.0498,-0.0268,0.0162,0.9983,4.360,,,,,,,
103,Left,10,-0.0003,0.0010,0.0224,0.0000,0.0000,0.0000,1.0000,4.360,,,,,,,
103,Left,11,0.0007,-0.0093,0.0358,0.0000,0.0000,0.0000,1.0000,4.360,,,,,,,
103,Left,12,0.0010,0.0067,0.0599,0.2427,0.0030,0.0072,0.9701,4.360,,,,,,,
103,Left,13,0.0000,0.0000,0.0429,0.0250,-0.0041,0.0114,0.9996,4.360,,,,,,,
103,Left,14,0.0000,0.0000,0.0275,-0.0529,-0.0029,0.0384,0.9979,4.360,,,,,,,
103,Left,15,-0.0003,0.0011,0.0250,0.0000,0.0000,0.0000,1.0000,4.360,,,,,,,
103,Left,16,-0.0150,-0.0060,0.0348,0.0000,0.0000,0.0000,1.0000,4.360,,,,,,,
103,Left,17,-0.0025,-0.0005,0.0539,0.4805,-0.0228,0.0669,0.8742,4.360,,,,,,,
103,Left,18,0.0000,0.0000,0.0390,0.6575,0.0198,0.0418,0.7521,4.360,,,,,,,
103,Left,19,0.0000,0.0000,0.0266,0.3917,0.0288,0.0227,0.9194,4.360,,,,,,,
103,Left,20,-0.0003,0.0016,0.0243,0.0000,0.0000,0.0000,1.0000,4.360,,,,,,,
103,Left,21,-0.0230,-0.0094,0.0341,0.0183,-0.1403,0.2070,0.9680,4.360,,,,,,,
103,Left,22,0.0000,0.0000,0.0457,0.4820,-0.0121,-0.0751,0.8729,4.360,,,,,,,
103,Left,23,0.0000,0.0000,0.0307,0.6748,-0.0049,0.0877,0.7327,4.360,,,,,,,
103,Left,24,0.0000,0.0000,0.0203,0.4200,0.0443,-0.0021,0.9064,4.360,,,,,,,
103,Left,25,0.0002,0.0012,0.0219,0.0000,0.0000,0.0000,1.0000,4.360,,,,,,,
103,Right,0,-0.0022,-0.0054,0.0653,0.0000,0.0000,0.0000,1.0000,4.360,,,,,,,
103,Right,1,0.0000,0.0000,0.0000,0.0000,0.0000,0.0000,1.0000,4.360,0.3338,-0.2461,-0.2445,0.4179,0.4107,-0.1387,-0.7984
103,Right,2,-0.0284,-0.0187,0.0357,-0.0486,-0.3415,0.6136,0.7103,4.360,,,,,,,
103,Right,3,0.0000,0.0000,0.0325,0.2628,0.0458,-0.0808,0.9604,4.360,,,,,,,
103,Right,4,0.0000,0.0000,0.0338,0.1493,-0.0474,0.0779,0.9846,4.360,,,,,,,
103,Right,5,0.0007,0.0010,0.0246,0.0000,0.0000,0.0000,1.0000,4.360,,,,,,,
103,Right,6,-0.0189,-0.0108,0.0371,0.0000,0.0000,0.0000,1.0000,4.360,,,,,,,
103,Right,7,-0.0046,0.0035,0.0589,0.1116,-0.0120,0.0333,0.9931,4.360,,,,,,,
103,Right,8,0.0000,0.0000,0.0379,0.1514,0.0032,-0.0263,0.9881,4.360,,,,,,,
103,Right,9,0.0000,0.0000,0.0243,0.0512,0.0252,-0.0167,0.9982,4.360,,,,,,,
103,Right,10,0.0003,0.0010,0.0224,0.0000,0.0000,0.0000,1.0000,4.360,,,,,,,
103,Right,11,-0.0027,-0.0083,0.0349,0.0000,0.0000,0.0000,1.0000,4.360,,,,,,,
103,Right,12,0.0010,0.0057,0.0607,0.2487,0.0622,-0.0209,0.9664,4.360,,,,,,,
103,Right,13,0.0000,0.0000,0.0429,0.1288,0.0029,-0.0120,0.9916,4.360,,,,,,,
103,Right,14,0.0000,0.0000,0.0275,0.0202,-0.0003,-0.0456,0.9988,4.360,,,,,,,
103,Right,15,0.0003,0.0011,0.0250,0.0000,0.0000,0.0000,1.0000,4.360,,,,,,,
103,Right,16,0.0150,-0.0060,0.0348,0.0000,0.0000,0.0000,1.0000,4.360,,,,,,,
103,Right,17,0.0025,-0.0005,0.0539,0.2416,0.1203,-0.0763,0.9599,4.360,,,,,,,
103,Right,18,0.0000,0.0000,0.0390,0.1651,-0.0026,-0.0372,0.9856,4.360,,,,,,,
103,Right,19,0.0000,0.0000,0.0266,0.0877,-0.0296,-0.0088,0.9957,4.360,,,,,,,
103,Right,20,0.0003,0.0016,0.0243,0.0000,0.0000,0.0000,1.0000,4.360,,,,,,,
103,Right,21,0.0230,-0.0094,0.0341,0.0183,0.1403,-0.2070,0.9680,4.360,,,,,,,
103,Right,22,0.0000,0.0000,0.0457,0.1516,0.0622,0.0768,0.9835,4.360,,,,,,,
103,Right,23,0.0000,0.0000,0.0307,0.2254,0.0325,-0.0576,0.9720,4.360,,,,,,,
103,Right,24,0.0000,0.0000,0.0203,0.0586,-0.0490,0.0009,0.9971,4.360,,,,,,,
103,Right,25,-0.0002,0.0012,0.0219,0.0000,0.0000,0.0000,1.0000,4.360,,,,,,,
104,Left,0,0.0012,-0.0059,0.0657,0.0000,0.0000,0.0000,1.0000,4.402,,,,,,,
104,Left,1,0.0000,0.0000,0.0000,0.0000,0.0000,0.0000,1.0000,4.402,0.0101,-0.5029,-0.2161,-0.5482,-0.0595,0.0400,0.8332
104,Left,2,0.0245,-0.0225,0.0374,0.0549,0.3314,-0.6854,0.6460,4.402,,,,,,,
104,Left,3,0.0000,0.0000,0.0325,0.3840,-0.0328,0.0776,0.9195,4.402,,,,,,,
104,Left,4,0.0000,0.0000,0.0338,0.1949,0.0431,-0.0762,0.9769,4.402,,,,,,,
104,Left,5,-0.0007,0.0010,0.0246,0.0000,0.0000,0.0000,1.0000,4.402,,,,,,,
104,Left,6,0.0170,-0.0127,0.0379,0.0000,0.0000,0.0000,1.0000,4.402,,,,,,,
104,Left,7,0.0066,0.0054,0.0581,0.1993,0.0789,-0.0469,0.9756,4.402,,,,,,,
104,Left,8,0.0000,0.0000,0.0379,0.0439,-0.0061,0.0260,0.9987,4.402,,,,,,,
104,Left,9,0.0000,0.0000,0.0243,-0.0500,-0.0268,0.0162,0.9983,4.402,,,,,,,
104,Left,10,-0.0003,0.0010,0.0224,0.0000,0.0000,0.0000,1.0000,4.402,,,,,,,
104,Left,11,0.0008,-0.0092,0.0358,0.0000,0.0000,0.0000,1.0000,4.402,,,,,,,
104,Left,12,0.0010,0.0067,0.0599,0.2441,0.0035,0.0071,0.9697,4.402,,,,,,,
104,Left,13,0.0000,0.0000,0.0429,0.0240,-0.0041,0.0114,0.9996,4.402,,,,,,,
104,Left,14,0.0000,0.0000,0.0275,-0.0537,-0.0029,0.0383,0.9978,4.402,,,,,,,
104,Left,15,-0.0003,0.0011,0.0250,0.0000,0.0000,0.0000,1.0000,4.402,,,,,,,
104,Left,16,-0.0150,-0.0060,0.0348,0.0000,0.0000,0.0000,1.0000,4.402,,,,,,,
104,Left,17,-0.0025,-0.0005,0.0539,0.4817,-0.0232,0.0671,0.8735,4.402,,,,,,,
104,Left,18,0.0000,0.0000,0.0390,0.6585,0.0198,0.0418,0.7512,4.402,,,,,,,
104,Left,19,0.0000,0.0000,0.0266,0.3924,0.0288,0.0227,0.9191,4.402,,,,,,,
104,Left,20,-0.0003,0.0016,0.0243,0.0000,0.0000,0.0000,1.0000,4.402,,,,,,,
104,Left,21,-0.0230,-0.0094,0.0341,0.0183,-0.1403,0.2070,0.9680,4.402,,,,,,,
104,Left,22,0.0000,0.0000,0.0457,0.4965,-0.0144,-0.0738,0.8648,4.402,,,,,,,
104,Left,23,0.0000,0.0000,0.0307,0.6748,-0.0049,0.0877,0.7328,4.402,,,,,,,
104,Left,24,0.0000,0.0000,0.0203,0.4190,0.0443,-0.0021,0.9069,4.402,,,,,,,
104,Left,25,0.0002,0.0012,0.0219,0.0000,0.0000,0.0000,1.0000,4.402,,,,,,,
104,Right,0,-0.0022,-0.0054,0.0653,0.0000,0.0000,0.0000,1.0000,4.402,,,,,,,
104,Right,1,0.0000,0.0000,0.0000,0.0000,0.0000,0.0000,1.0000,4.402,0.3342,-0.2464,-0.2444,0.4184,0.4141,-0.1376,-0.7966
104,Right,2,-0.0284,-0.0187,0.0357,-0.0484,-0.3413,0.6138,0.7102,4.402,,,,,,,
104,Right,3,0.0000,0.0000,0.0325,0.2622,0.0459,-0.0809,0.9605,4.402,,,,,,,
104,Right,4,0.0000,0.0000,0.0338,0.1500,-0.0473,0.0779,0.9845,4.402,,,,,,,
104,Right,5,0.0007,0.0010,0.0246,0.0000,0.0000,0.0000,1.0000,4.402,,,,,,,
104,Right,6,-0.0189,-0.0108,0.0371,0.0000,0.0000,0.0000,1.0000,4.402,,,,,,,
104,Right,7,-0.0046,0.0035,0.0589,0.1111,-0.0131,0.0333,0.9932,4.402,,,,,,,
104,Right,8,0.0000,0.0000,0.0379,0.1523,0.0032,-0.0263,0.9880,4.402,,,,,,,
104,Right,9,0.0000,0.0000,0.0243,0.0512,0.0252,-0.0167,0.9982,4.402,,,,,,,
104,Right,10,0.0003,0.0010,0.0224,0.0000,0.0000,0.0000,1.0000,4.402,,,,,,,
104,Right,11,-0.0027,-0.0083,0.0349,0.0000,0.0000,0.0000,1.0000,4.402,,,,,,,
104,Right,12,0.0010,0.0058,0.0607,0.2486,0.0620,-0.0209,0.9664,4.402,,,,,,,
104,Right,13,0.0000,0.0000,0.0429,0.1307,0.0028,-0.0120,0.9913,4.402,,,,,,,
104,Right,14,0.0000,0.0000,0.0275,0.0209,-0.0004,-0.0457,0.9987,4.402,,,,,,,
104,Right,15,0.0003,0.0011,0.0250,0.0000,0.0000,0.0000,1.0000,4.402,,,,,,,
104,Right,16,0.0150,-0.0060,0.0348,0.0000,0.0000,0.0000,1.0000,4.402,,,,,,,
104,Right,17,0.0025,-0.0005,0.0539,0.2409,0.1202,-0.0762,0.9600,4.402,,,,,,,
104,Right,18,0.0000,0.0000,0.0390,0.1677,-0.0027,-0.0373,0.9851,4.402,,,,,,,
104,Right,19,0.0000,0.0000,0.0266,0.0888,-0.0296,-0.0088,0.9956,4.402,,,,,,,
104,Right,20,0.0003,0.0016,0.0243,0.0000,0.0000,0.0000,1.0000,4.402,,,,,,,
104,Right,21,0.0230,-0.0094,0.0341,0.0183,0.1403,-0.2070,0.9680,4.402,,,,,,,
104,Right,22,0.0000,0.0000,0.0457,0.1504,0.0625,0.0769,0.9836,4.402,,,,,,,
104,Right,23,0.0000,0.0000,0.0307,0.2279,0.0324,-0.0578,0.9714,4.402,,,,,,,
104,Right,24,0.0000,0.0000,0.0203,0.0599,-0.0490,0.0009,0.9970,4.402,,,,,,,
104,Right,25,-0.0002,0.0012,0.0219,0.0000,0.0000,0.0000,1.0000,4.402,,,,,,,
105,Left,0,0.0012,-0.0059,0.0657,0.0000,0.0000,0.0000,1.0000,4.444,,,,,,,
105,Left,1,0.0000,0.0000,0.0000,0.0000,0.0000,0.0000,1.0000,4.444,0.0108,-0.5037,-0.2172,-0.5495,-0.0616,0.0397,0.8323
105,Left,2,0.0245,-0.0225,0.0374,0.0543,0.3309,-0.6853,0.6464,4.444,,,,,,,
105,Left,3,0.0000,0.0000,0.0325,0.3833,-0.0329,0.0777,0.9198,4.444,,,,,,,
105,Left,4,0.0000,0.0000,0.0338,0.1956,0.0430,-0.0762,0.9768,4.444,,,,,,,
105,Left,5,-0.0007,0.0010,0.0246,0.0000,0.0000,0.0000,1.0000,4.444,,,,,,,
105,Left,6,0.0170,-0.0127,0.0379,0.0000,0.0000,0.0000,1.0000,4.444,,,,,,,
105,Left,7,0.0066,0.0054,0.0581,0.1992,0.0791,-0.0469,0.9756,4.444,,,,,,,
105,Left,8,0.0000,0.0000,0.0379,0.0444,-0.0060,0.0260,0.9987,4.444,,,,,,,
105,Left,9,0.0000,0.0000,0.0243,-0.0495,-0.0268,0.0162,0.9983,4.444,,,,,,,
105,Left,10,-0.0003,0.0010,0.0224,0.0000,0.0000,0.0000,1.0000,4.444,,,,,,,
105,Left,11,0.0008,-0.0092,0.0358,0.0000,0.0000,0.0000,1.0000,4.444,,,,,,,
105,Left,12,0.0010,0.0067,0.0599,0.2453,0.0038,0.0070,0.9694,4.444,,,,,,,
105,Left,13,0.0000,0.0000,0.0429,0.0234,-0.0041,0.0114,0.9997,4.444,,,,,,,
105,Left,14,0.0000,0.0000,0.0275,-0.0543,-0.0029,0.0382,0.9978,4.444,,,,,,,
105,Left,15,-0.0003,0.0011,0.0250,0.0000,0.0000,0.0000,1.0000,4.444,,,,,,,
105,Left,16,-0.0150,-0.0060,0.0348,0.0000,0.0000,0.0000,1.0000,4.444,,,,,,,
105,Left,17,-0.0025,-0.0005,0.0539,0.4824,-0.0234,0.0673,0.8730,4.444,,,,,,,
105,Left,18,0.0000,0.0000,0.0390,0.6591,0.0198,0.0418,0.7506,4.444,,,,,,,
105,Left,19,0.0000,0.0000,0.0266,0.3926,0.0288,0.0227,0.9190,4.444,,,,,,,
105,Left,20,-0.0003,0.0016,0.0243,0.0000,0.0000,0.0000,1.0000,4.444,,,,,,,
105,Left,21,-0.0230,-0.0094,0.0341,0.0183,-0.1403,0.2070,0.9680,4.444,,,,,,,
105,Left,22,0.0000,0.0000,0.0457,0.4969,-0.0150,-0.0735,0.8645,4.444,,,,,,,
105,Left,23,0.0000,0.0000,0.0307,0.6749,-0.0049,0.0877,0.7326,4.444,,,,,,,
105,Left,24,0.0000,0.0000,0.0203,0.4184,0.0444,-0.0021,0.9072,4.444,,,,,,,
105,Left,25,0.0002,0.0012,0.0219,0.0000,0.0000,0.0000,1.0000,4.444,,,,,,,
105,Right,0,-0.0022,-0.0054,0.0653,0.0000,0.0000,0.0000,1.0000,4.444,,,,,,,
105,Right,1,0.0000,0.0000,0.0000,0.0000,0.0000,0.0000,1.0000,4.444,0.3343,-0.2466,-0.2447,0.4186,0.4139,-0.1386,-0.7964
105,Right,2,-0.0284,-0.0187,0.0357,-0.0484,-0.3409,0.6140,0.7103,4.444,,,,,,,
105,Right,3,0.0000,0.0000,0.0325,0.2617,0.0459,-0.0809,0.9606,4.444,,,,,,,
105,Right,4,0.0000,0.0000,0.0338,0.1510,-0.0472,0.0779,0.9843,4.444,,,,,,,
105,Right,5,0.0007,0.0010,0.0246,0.0000,0.0000,0.0000,1.0000,4.444,,,,,,,
105,Right,6,-0.0189,-0.0108,0.0371,0.0000,0.0000,0.0000,1.0000,4.444,,,,,,,
105,Right,7,-0.0046,0.0035,0.0589,0.1106,-0.0142,0.0333,0.9932,4.444,,,,,,,
105,Right,8,0.0000,0.0000,0.0379,0.1529,0.0032,-0.0263,0.9879,4.444,,,,,,,
105,Right,9,0.0000,0.0000,0.0243,0.0512,0.0252,-0.0167,0.9982,4.444,,,,,,,
105,Right,10,0.0003,0.0010,0.0224,0.0000,0.0000,0.0000,1.0000,4.444,,,,,,,
105,Right,11,-0.0027,-0.0083,0.0349,0.0000,0.0000,0.0000,1.0000,4.444,,,,,,,
105,Right,12,0.0010,0.0058,0.0607,0.2474,0.0612,-0.0206,0.9668,4.444,,,,,,,
105,Right,13,0.0000,0.0000,0.0429,0.1311,0.0028,-0.0120,0.9913,4.444,,,,,,,
105,Right,14,0.0000,0.0000,0.0275,0.0210,-0.0004,-0.0457,0.9987,4.444,,,,,,,
105,Right,15,0.0003,0.0011,0.0250,0.0000,0.0000,0.0000,1.0000,4.444,,,,,,,
105,Right,16,0.0150,-0.0060,0.0348,0.0000,0.0000,0.0000,1.0000,4.444,,,,,,,
105,Right,17,0.0025,-0.0005,0.0539,0.2402,0.1203,-0.0761,0.9602,4.444,,,,,,,
105,Right,18,0.0000,0.0000,0.0390,0.1688,-0.0027,-0.0373,0.9849,4.444,,,,,,,
105,Right,19,0.0000,0.0000,0.0266,0.0893,-0.0296,-0.0088,0.9955,4.444,,,,,,,
105,Right,20,0.0003,0.0016,0.0243,0.0000,0.0000,0.0000,1.0000,4.444,,,,,,,
105,Right,21,0.0230,-0.0094,0.0341,0.0183,0.1403,-0.2070,0.9680,4.444,,,,,,,
105,Right,22,0.0000,0.0000,0.0457,0.1488,0.0627,0.0770,0.9839,4.444,,,,,,,
105,Right,23,0.0000,0.0000,0.0307,0.2291,0.0324,-0.0579,0.9711,4.444,,,,,,,
105,Right,24,0.0000,0.0000,0.0203,0.0608,-0.0490,0.0009,0.9969,4.444,,,,,,,
105,Right,25,-0.0002,0.0012,0.0219,0.0000,0.0000,0.0000,1.0000,4.444,,,,,,,
106,Left,0,0.0012,-0.0059,0.0657,0.0000,0.0000,0.0000,1.0000,4.485,,,,,,,
106,Left,1,0.0000,0.0000,0.0000,0.0000,0.0000,0.0000,1.0000,4.485,0.0110,-0.5039,-0.2174,-0.5499,-0.0642,0.0356,0.8320
106,Left,2,0.0245,-0.0225,0.0374,0.0531,0.3305,-0.6850,0.6471,4.485,,,,,,,
106,Left,3,0.0000,0.0000,0.0325,0.3821,-0.0330,0.0777,0.9203,4.485,,,,,,,
106,Left,4,0.0000,0.0000,0.0338,0.1967,0.0429,-0.0762,0.9765,4.485,,,,,,,
106,Left,5,-0.0007,0.0010,0.0246,0.0000,0.0000,0.0000,1.0000,4.485,,,,,,,
106,Left,6,0.0170,-0.0127,0.0379,0.0000,0.0000,0.0000,1.0000,4.485,,,,,,,
106,Left,7,0.0066,0.0054,0.0581,0.1991,0.0781,-0.0467,0.9758,4.485,,,,,,,
106,Left,8,0.0000,0.0000,0.0379,0.0451,-0.0060,0.0260,0.9986,4.485,,,,,,,
106,Left,9,0.0000,0.0000,0.0243,-0.0490,-0.0268,0.0162,0.9983,4.485,,,,,,,
106,Left,10,-0.0003,0.0010,0.0224,0.0000,0.0000,0.0000,1.0000,4.485,,,,,,,
106,Left,11,0.0008,-0.0092,0.0357,0.0000,0.0000,0.0000,1.0000,4.485,,,,,,,
106,Left,12,0.0010,0.0067,0.0599,0.2482,0.0034,0.0071,0.9687,4.485,,,,,,,
106,Left,13,0.0000,0.0000,0.0429,0.0229,-0.0041,0.0114,0.9997,4.485,,,,,,,
106,Left,14,0.0000,0.0000,0.0275,-0.0545,-0.0029,0.0382,0.9978,4.485,,,,,,,
106,Left,15,-0.0003,0.0011,0.0250,0.0000,0.0000,0.0000,1.0000,4.485,,,,,,,
106,Left,16,-0.0150,-0.0060,0.0348,0.0000,0.0000,0.0000,1.0000,4.485,,,,,,,
106,Left,17,-0.0025,-0.0005,0.0539,0.4863,-0.0240,0.0678,0.8708,4.485,,,,,,,
106,Left,18,0.0000,0.0000,0.0390,0.6597,0.0199,0.0418,0.7501,4.485,,,,,,,
106,Left,19,0.0000,0.0000,0.0266,0.3929,0.0288,0.0227,0.9188,4.485,,,,,,,
106,Left,20,-0.0003,0.0016,0.0243,0.0000,0.0000,0.0000,1.0000,4.485,,,,,,,
106,Left,21,-0.0230,-0.0094,0.0341,0.0183,-0.1403,0.2070,0.9680,4.485,,,,,,,
106,Left,22,0.0000,0.0000,0.0457,0.4971,-0.0160,-0.0729,0.8645,4.485,,,,,,,
106,Left,23,0.0000,0.0000,0.0307,0.6751,-0.0049,0.0877,0.7325,4.485,,,,,,,
106,Left,24,0.0000,0.0000,0.0203,0.4179,0.0444,-0.0021,0.9074,4.485,,,,,,,
106,Left,25,0.0002,0.0012,0.0219,0.0000,0.0000,0.0000,1.0000,4.485,,,,,,,
106,Right,0,-0.0022,-0.0054,0.0653,0.0000,0.0000,0.0000,1.0000,4.485,,,,,,,
106,Right,1,0.0000,0.0000,0.0000,0.0000,0.0000,0.0000,1.0000,4.485,0.3343,-0.2469,-0.2448,0.4189,0.4140,-0.1391,-0.7961
106,Right,2,-0.0284,-0.0187,0.0358,-0.0480,-0.3405,0.6145,0.7101,4.485,,,,,,,
106,Right,3,0.0000,0.0000,0.0325,0.2611,0.0460,-0.0809,0.9608,4.485,,,,,,,
106,Right,4,0.0000,0.0000,0.0338,0.1519,-0.0471,0.0779,0.9842,4.485,,,,,,,
106,Right,5,0.0007,0.0010,0.0246,0.0000,0.0000,0.0000,1.0000,4.485,,,,,,,
106,Right,6,-0.0189,-0.0108,0.0371,0.0000,0.0000,0.0000,1.0000,4.485,,,,,,,
106,Right,7,-0.0046,0.0035,0.0589,0.1096,-0.0148,0.0333,0.9933,4.485,,,,,,,
106,Right,8,0.0000,0.0000,0.0379,0.1535,0.0031,-0.0263,0.9878,4.485,,,,,,,
106,Right,9,0.0000,0.0000,0.0243,0.0511,0.0252,-0.0167,0.9982,4.485,,,,,,,
106,Right,10,0.0003,0.0010,0.0224,0.0000,0.0000,0.0000,1.0000,4.485,,,,,,,
106,Right,11,-0.0027,-0.0083,0.0349,0.0000,0.0000,0.0000,1.0000,4.485,,,,,,,
106,Right,12,0.0010,0.0058,0.0607,0.2466,0.0604,-0.0204,0.9670,4.485,,,,,,,
106,Right,13,0.0000,0.0000,0.0429,0.1319,0.0028,-0.0120,0.9912,4.485,,,,,,,
106,Right,14,0.0000,0.0000,0.0275,0.0212,-0.0004,-0.0457,0.9987,4.485,,,,,,,
106,Right,15,0.0003,0.0011,0.0250,0.0000,0.0000,0.0000,1.0000,4.485,,,,,,,
106,Right,16,0.0150,-0.0060,0.0348,0.0000,0.0000,0.0000,1.0000,4.485,,,,,,,
106,Right,17,0.0025,-0.0005,0.0539,0.2400,0.1202,-0.0761,0.9603,4.485,,,,,,,
106,Right,18,0.0000,0.0000,0.0390,0.1702,-0.0028,-0.0373,0.9847,4.485,,,,,,,
106,Right,19,0.0000,0.0000,0.0266,0.0899,-0.0296,-0.0089,0.9955,4.485,,,,,,,
106,Right,20,0.0003,0.0016,0.0243,0.0000,0.0000,0.0000,1.0000,4.485,,,,,,,
106,Right,21,0.0230,-0.0094,0.0341,0.0183,0.1403,-0.2070,0.9680,4.485,,,,,,,
106,Right,22,0.0000,0.0000,0.0457,0.1475,0.0629,0.0771,0.9840,4.485,,,,,,,
106,Right,23,0.0000,0.0000,0.0307,0.2305,0.0323,-0.0580,0.9708,4.485,,,,,,,
106,Right,24,0.0000,0.0000,0.0203,0.0617,-0.0490,0.0009,0.9969,4.485,,,,,,,
106,Right,25,-0.0002,0.0012,0.0219,0.0000,0.0000,0.0000,1.0000,4.485,,,,,,,
107,Left,0,0.0013,-0.0059,0.0657,0.0000,0.0000,0.0000,1.0000,4.527,,,,,,,
107,Left,1,0.0000,0.0000,0.0000,0.0000,0.0000,0.0000,1.0000,4.527,0.0111,-0.5044,-0.2175,-0.5482,-0.0680,0.0286,0.8331
107,Left,2,0.0246,-0.0224,0.0374,0.0525,0.3306,-0.6845,0.6476,4.527,,,,,,,
107,Left,3,0.0000,0.0000,0.0325,0.3816,-0.0331,0.0777,0.9204,4.527,,,,,,,
107,Left,4,0.0000,0.0000,0.0338,0.2005,0.0426,-0.0760,0.9758,4.527,,,,,,,
107,Left,5,-0.0007,0.0010,0.0246,0.0000,0.0000,0.0000,1.0000,4.527,,,,,,,
107,Left,6,0.0170,-0.0127,0.0379,0.0000,0.0000,0.0000,1.0000,4.527,,,,,,,
107,Left,7,0.0066,0.0054,0.0581,0.1984,0.0776,-0.0466,0.9759,4.527,,,,,,,
107,Left,8,0.0000,0.0000,0.0379,0.0457,-0.0060,0.0260,0.9986,4.527,,,,,,,
107,Left,9,0.0000,0.0000,0.0243,-0.0483,-0.0268,0.0162,0.9983,4.527,,,,,,,
107,Left,10,-0.0003,0.0010,0.0224,0.0000,0.0000,0.0000,1.0000,4.527,,,,,,,
107,Left,11,0.0008,-0.0092,0.0357,0.0000,0.0000,0.0000,1.0000,4.527,,,,,,,
107,Left,12,0.0009,0.0067,0.0599,0.2496,0.0034,0.0070,0.9683,4.527,,,,,,,
107,Left,13,0.0000,0.0000,0.0429,0.0221,-0.0041,0.0114,0.9997,4.527,,,,,,,
107,Left,14,0.0000,0.0000,0.0275,-0.0550,-0.0030,0.0382,0.9978,4.527,,,,,,,
107,Left,15,-0.0003,0.0011,0.0250,0.0000,0.0000,0.0000,1.0000,4.527,,,,,,,
107,Left,16,-0.0150,-0.0060,0.0348,0.0000,0.0000,0.0000,1.0000,4.527,,,,,,,
107,Left,17,-0.0025,-0.0005,0.0539,0.4865,-0.0247,0.0682,0.8706,4.527,,,,,,,
107,Left,18,0.0000,0.0000,0.0390,0.6604,0.0199,0.0418,0.7495,4.527,,,,,,,
107,Left,19,0.0000,0.0000,0.0266,0.3937,0.0288,0.0227,0.9185,4.527,,,,,,,
107,Left,20,-0.0003,0.0016,0.0243,0.0000,0.0000,0.0000,1.0000,4.527,,,,,,,
107,Left,21,-0.0230,-0.0094,0.0341,0.0183,-0.1403,0.2070,0.9680,4.527,,,,,,,
107,Left,22,0.0000,0.0000,0.0457,0.4971,-0.0172,-0.0723,0.8645,4.527,,,,,,,
107,Left,23,0.0000,0.0000,0.0307,0.6755,-0.0049,0.0878,0.7321,4.527,,,,,,,
107,Left,24,0.0000,0.0000,0.0203,0.4176,0.0444,-0.0021,0.9075,4.527,,,,,,,
107,Left,25,0.0002,0.0012,0.0219,0.0000,0.0000,0.0000,1.0000,4.527,,,,,,,
107,Right,0,-0.0022,-0.0054,0.0653,0.0000,0.0000,0.0000,1.0000,4.527,,,,,,,
107,Right,1,0.0000,0.0000,0.0000,0.0000,0.0000,0.0000,1.0000,4.527,0.3343,-0.2470,-0.2450,0.4188,0.4133,-0.1398,-0.7964
107,Right,2,-0.0284,-0.0187,0.0358,-0.0474,-0.3405,0.6149,0.7097,4.527,,,,,,,
107,Right,3,0.0000,0.0000,0.0325,0.2607,0.0461,-0.0809,0.9609,4.527,,,,,,,
107,Right,4,0.0000,0.0000,0.0338,0.1525,-0.0471,0.0778,0.9841,4.527,,,,,,,
107,Right,5,0.0007,0.0010,0.0246,0.0000,0.0000,0.0000,1.0000,4.527,,,,,,,
107,Right,6,-0.0189,-0.0108,0.0371,0.0000,0.0000,0.0000,1.0000,4.527,,,,,,,
107,Right,7,-0.0047,0.0035,0.0589,0.1095,-0.0156,0.0334,0.9933,4.527,,,,,,,
107,Right,8,0.0000,0.0000,0.0379,0.1539,0.0031,-0.0263,0.9877,4.527,,,,,,,
107,Right,9,0.0000,0.0000,0.0243,0.0511,0.0252,-0.0167,0.9982,4.527,,,,,,,
107,Right,10,0.0003,0.0010,0.0224,0.0000,0.0000,0.0000,1.0000,4.527,,,,,,,
107,Right,11,-0.0027,-0.0083,0.0349,0.0000,0.0000,0.0000,1.0000,4.527,,,,,,,
107,Right,12,0.0010,0.0058,0.0607,0.2460,0.0597,-0.0202,0.9672,4.527,,,,,,,
107,Right,13,0.0000,0.0000,0.0429,0.1321,0.0028,-0.0120,0.9912,4.527,,,,,,,
107,Right,14,0.0000,0.0000,0.0275,0.0211,-0.0004,-0.0457,0.9987,4.527,,,,,,,
107,Right,15,0.0003,0.0011,0.0250,0.0000,0.0000,0.0000,1.0000,4.527,,,,,,,
107,Right,16,0.0150,-0.0060,0.0348,0.0000,0.0000,0.0000,1.0000,4.527,,,,,,,
107,Right,17,0.0025,-0.0005,0.0539,0.2398,0.1197,-0.0760,0.9604,4.527,,,,,,,
107,Right,18,0.0000,0.0000,0.0390,0.1714,-0.0028,-0.0373,0.9845,4.527,,,,,,,
107,Right,19,0.0000,0.0000,0.0266,0.0905,-0.0296,-0.0089,0.9954,4.527,,,,,,,
107,Right,20,0.0003,0.0016,0.0243,0.0000,0.0000,0.0000,1.0000,4.527,,,,,,,
107,Right,21,0.0230,-0.0094,0.0341,0.0183,0.1403,-0.2070,0.9680,4.527,,,,,,,
107,Right,22,0.0000,0.0000,0.0457,0.1463,0.0628,0.0773,0.9842,4.527,,,,,,,
107,Right,23,0.0000,0.0000,0.0307,0.2317,0.0322,-0.0581,0.9705,4.527,,,,,,,
107,Right,24,0.0000,0.0000,0.0203,0.0626,-0.0490,0.0009,0.9968,4.527,,,,,,,
107,Right,25,-0.0002,0.0012,0.0219,0.0000,0.0000,0.0000,1.0000,4.527,,,,,,,
108,Left,0,0.0013,-0.0059,0.0657,0.0000,0.0000,0.0000,1.0000,4.569,,,,,,,
108,Left,1,0.0000,0.0000,0.0000,0.0000,0.0000,0.0000,1.0000,4.569,0.0118,-0.5044,-0.2191,-0.5470,-0.0687,0.0304,0.8337
108,Left,2,0.0246,-0.0225,0.0374,0.0524,0.3301,-0.6848,0.6476,4.569,,,,,,,
108,Left,3,0.0000,0.0000,0.0325,0.3809,-0.0332,0.0777,0.9208,4.569,,,,,,,
108,Left,4,0.0000,0.0000,0.0338,0.2063,0.0420,-0.0758,0.9746,4.569,,,,,,,
108,Left,5,-0.0007,0.0010,0.0246,0.0000,0.0000,0.0000,1.0000,4.569,,,,,,,
108,Left,6,0.0170,-0.0127,0.0379,0.0000,0.0000,0.0000,1.0000,4.569,,,,,,,
108,Left,7,0.0066,0.0054,0.0581,0.1973,0.0776,-0.0464,0.9762,4.569,,,,,,,
108,Left,8,0.0000,0.0000,0.0379,0.0463,-0.0060,0.0260,0.9986,4.569,,,,,,,
108,Left,9,0.0000,0.0000,0.0243,-0.0478,-0.0268,0.0162,0.9984,4.569,,,,,,,
108,Left,10,-0.0003,0.0010,0.0224,0.0000,0.0000,0.0000,1.0000,4.569,,,,,,,
108,Left,11,0.0008,-0.0092,0.0357,0.0000,0.0000,0.0000,1.0000,4.569,,,,,,,
108,Left,12,0.0009,0.0067,0.0599,0.2506,0.0029,0.0072,0.9681,4.569,,,,,,,
108,Left,13,0.0000,0.0000,0.0429,0.0214,-0.0041,0.0114,0.9997,4.569,,,,,,,
108,Left,14,0.0000,0.0000,0.0275,-0.0558,-0.0030,0.0381,0.9977,4.569,,,,,,,
108,Left,15,-0.0003,0.0011,0.0250,0.0000,0.0000,0.0000,1.0000,4.569,,,,,,,
108,Left,16,-0.0150,-0.0060,0.0348,0.0000,0.0000,0.0000,1.0000,4.569,,,,,,,
108,Left,17,-0.0025,-0.0005,0.0539,0.4870,-0.0255,0.0686,0.8704,4.569,,,,,,,
108,Left,18,0.0000,0.0000,0.0390,0.6616,0.0199,0.0418,0.7484,4.569,,,,,,,
108,Left,19,0.0000,0.0000,0.0266,0.3947,0.0288,0.0228,0.9181,4.569,,,,,,,
108,Left,20,-0.0003,0.0016,0.0243,0.0000,0.0000,0.0000,1.0000,4.569,,,,,,,
108,Left,21,-0.0230,-0.0094,0.0341,0.0183,-0.1403,0.2070,0.9680,4.569,,,,,,,
108,Left,22,0.0000,0.0000,0.0457,0.4977,-0.0184,-0.0716,0.8642,4.569,,,,,,,
108,Left,23,0.0000,0.0000,0.0307,0.6758,-0.0048,0.0878,0.7319,4.569,,,,,,,
108,Left,24,0.0000,0.0000,0.0203,0.4172,0.0444,-0.0021,0.9077,4.569,,,,,,,
108,Left,25,0.0002,0.0012,0.0219,0.0000,0.0000,0.0000,1.0000,4.569,,,,,,,
108,Right,0,-0.0022,-0.0054,0.0653,0.0000,0.0000,0.0000,1.0000,4.569,,,,,,,
108,Right,1,0.0000,0.0000,0.0000,0.0000,0.0000,0.0000,1.0000,4.569,0.3343,-0.2472,-0.2451,0.4187,0.4124,-0.1404,-0.7968
108,Right,2,-0.0283,-0.0188,0.0358,-0.0465,-0.3407,0.6156,0.7091,4.569,,,,,,,
108,Right,3,0.0000,0.0000,0.0325,0.2601,0.0461,-0.0809,0.9611,4.569,,,,,,,
108,Right,4,0.0000,0.0000,0.0338,0.1532,-0.0470,0.0778,0.9840,4.569,,,,,,,
108,Right,5,0.0007,0.0010,0.0246,0.0000,0.0000,0.0000,1.0000,4.569,,,,,,,
108,Right,6,-0.0189,-0.0109,0.0371,0.0000,0.0000,0.0000,1.0000,4.569,,,,,,,
108,Right,7,-0.0047,0.0035,0.0589,0.1096,-0.0165,0.0334,0.9933,4.569,,,,,,,
108,Right,8,0.0000,0.0000,0.0379,0.1540,0.0031,-0.0263,0.9877,4.569,,,,,,,
108,Right,9,0.0000,0.0000,0.0243,0.0510,0.0252,-0.0167,0.9982,4.569,,,,,,,
108,Right,10,0.0003,0.0010,0.0224,0.0000,0.0000,0.0000,1.0000,4.569,,,,,,,
108,Right,11,-0.0027,-0.0083,0.0349,0.0000,0.0000,0.0000,1.0000,4.569,,,,,,,
108,Right,12,0.0009,0.0058,0.0607,0.2463,0.0589,-0.0201,0.9672,4.569,,,,,,,
108,Right,13,0.0000,0.0000,0.0429,0.1328,0.0028,-0.0120,0.9911,4.569,,,,,,,
108,Right,14,0.0000,0.0000,0.0275,0.0214,-0.0004,-0.0457,0.9987,4.569,,,,,,,
108,Right,15,0.0003,0.0011,0.0250,0.0000,0.0000,0.0000,1.0000,4.569,,,,,,,
108,Right,16,0.0150,-0.0060,0.0348,0.0000,0.0000,0.0000,1.0000,4.569,,,,,,,
108,Right,17,0.0025,-0.0005,0.0539,0.2395,0.1193,-0.0759,0.9605,4.569,,,,,,,
108,Right,18,0.0000,0.0000,0.0390,0.1725,-0.0028,-0.0373,0.9843,4.569,,,,,,,
108,Right,19,0.0000,0.0000,0.0266,0.0912,-0.0296,-0.0089,0.9954,4.569,,,,,,,
108,Right,20,0.0003,0.0016,0.0243,0.0000,0.0000,0.0000,1.0000,4.569,,,,,,,
108,Right,21,0.0230,-0.0094,0.0341,0.0183,0.1403,-0.2070,0.9680,4.569,,,,,,,
108,Right,22,0.0000,0.0000,0.0457,0.1455,0.0627,0.0774,0.9843,4.569,,,,,,,
108,Right,23,0.0000,0.0000,0.0307,0.2328,0.0322,-0.0581,0.9702,4.569,,,,,,,
108,Right,24,0.0000,0.0000,0.0203,0.0636,-0.0490,0.0009,0.9968,4.569,,,,,,,
108,Right,25,-0.0002,0.0012,0.0219,0.0000,0.0000,0.0000,1.0000,4.569,,,,,,,
109,Left,0,0.0012,-0.0059,0.0657,0.0000,0.0000,0.0000,1.0000,4.610,,,,,,,
109,Left,1,0.0000,0.0000,0.0000,0.0000,0.0000,0.0000,1.0000,4.610,0.0122,-0.5041,-0.2204,-0.5396,-0.0676,0.0427,0.8381
109,Left,2,0.0245,-0.0225,0.0374,0.0525,0.3295,-0.6852,0.6475,4.610,,,,,,,
109,Left,3,0.0000,0.0000,0.0325,0.3797,-0.0333,0.0778,0.9212,4.610,,,,,,,
109,Left,4,0.0000,0.0000,0.0338,0.2096,0.0417,-0.0756,0.9740,4.610,,,,,,,
109,Left,5,-0.0007,0.0010,0.0246,0.0000,0.0000,0.0000,1.0000,4.610,,,,,,,
109,Left,6,0.0170,-0.0127,0.0379,0.0000,0.0000,0.0000,1.0000,4.610,,,,,,,
109,Left,7,0.0066,0.0054,0.0581,0.1911,0.0777,-0.0457,0.9774,4.610,,,,,,,
109,Left,8,0.0000,0.0000,0.0379,0.0469,-0.0060,0.0261,0.9985,4.610,,,,,,,
109,Left,9,0.0000,0.0000,0.0243,-0.0473,-0.0268,0.0162,0.9984,4.610,,,,,,,
109,Left,10,-0.0003,0.0010,0.0224,0.0000,0.0000,0.0000,1.0000,4.610,,,,,,,
109,Left,11,0.0008,-0.0092,0.0358,0.0000,0.0000,0.0000,1.0000,4.610,,,,,,,
109,Left,12,0.0010,0.0067,0.0599,0.2503,0.0027,0.0072,0.9681,4.610,,,,,,,
109,Left,13,0.0000,0.0000,0.0429,0.0207,-0.0041,0.0114,0.9997,4.610,,,,,,,
109,Left,14,0.0000,0.0000,0.0275,-0.0561,-0.0030,0.0381,0.9977,4.610,,,,,,,
109,Left,15,-0.0003,0.0011,0.0250,0.0000,0.0000,0.0000,1.0000,4.610,,,,,,,
109,Left,16,-0.0150,-0.0060,0.0348,0.0000,0.0000,0.0000,1.0000,4.610,,,,,,,
109,Left,17,-0.0025,-0.0005,0.0539,0.4881,-0.0258,0.0688,0.8697,4.610,,,,,,,
109,Left,18,0.0000,0.0000,0.0390,0.6627,0.0200,0.0418,0.7475,4.610,,,,,,,
109,Left,19,0.0000,0.0000,0.0266,0.3957,0.0287,0.0228,0.9176,4.610,,,,,,,
109,Left,20,-0.0003,0.0016,0.0243,0.0000,0.0000,0.0000,1.0000,4.610,,,,,,,
109,Left,21,-0.0230,-0.0094,0.0341,0.0183,-0.1403,0.2070,0.9680,4.610,,,,,,,
109,Left,22,0.0000,0.0000,0.0457,0.5022,-0.0193,-0.0711,0.8616,4.610,,,,,,,
109,Left,23,0.0000,0.0000,0.0307,0.6761,-0.0048,0.0878,0.7315,4.610,,,,,,,
109,Left,24,0.0000,0.0000,0.0203,0.4168,0.0444,-0.0021,0.9079,4.610,,,,,,,
109,Left,25,0.0002,0.0012,0.0219,0.0000,0.0000,0.0000,1.0000,4.610,,,,,,,
109,Right,0,-0.0022,-0.0054,0.0653,0.0000,0.0000,0.0000,1.0000,4.610,,,,,,,
109,Right,1,0.0000,0.0000,0.0000,0.0000,0.0000,0.0000,1.0000,4.610,0.3341,-0.2473,-0.2454,0.4186,0.4120,-0.1409,-0.7970
109,Right,2,-0.0283,-0.0188,0.0358,-0.0459,-0.3409,0.6159,0.7088,4.610,,,,,,,
109,Right,3,0.0000,0.0000,0.0325,0.2604,0.0461,-0.0809,0.9610,4.610,,,,,,,
109,Right,4,0.0000,0.0000,0.0338,0.1540,-0.0469,0.0778,0.9839,4.610,,,,,,,
109,Right,5,0.0007,0.0010,0.0246,0.0000,0.0000,0.0000,1.0000,4.610,,,,,,,
109,Right,6,-0.0189,-0.0109,0.0371,0.0000,0.0000,0.0000,1.0000,4.610,,,,,,,
109,Right,7,-0.0047,0.0035,0.0589,0.1092,-0.0170,0.0334,0.9933,4.610,,,,,,,
109,Right,8,0.0000,0.0000,0.0379,0.1540,0.0031,-0.0263,0.9877,4.610,,,,,,,
109,Right,9,0.0000,0.0000,0.0243,0.0511,0.0252,-0.0167,0.9982,4.610,,,,,,,
109,Right,10,0.0003,0.0010,0.0224,0.0000,0.0000,0.0000,1.0000,4.610,,,,,,,
109,Right,11,-0.0027,-0.0083,0.0349,0.0000,0.0000,0.0000,1.0000,4.610,,,,,,,
109,Right,12,0.0009,0.0058,0.0607,0.2468,0.0588,-0.0201,0.9671,4.610,,,,,,,
109,Right,13,0.0000,0.0000,0.0429,0.1336,0.0028,-0.0120,0.9910,4.610,,,,,,,
109,Right,14,0.0000,0.0000,0.0275,0.0217,-0.0004,-0.0457,0.9987,4.610,,,,,,,
109,Right,15,0.0003,0.0011,0.0250,0.0000,0.0000,0.0000,1.0000,4.610,,,,,,,
109,Right,16,0.0150,-0.0060,0.0348,0.0000,0.0000,0.0000,1.0000,4.610,,,,,,,
109,Right,17,0.0025,-0.0005,0.0539,0.2394,0.1193,-0.0758,0.9606,4.610,,,,,,,
109,Right,18,0.0000,0.0000,0.0390,0.1734,-0.0029,-0.0374,0.9841,4.610,,,,,,,
109,Right,19,0.0000,0.0000,0.0266,0.0917,-0.0296,-0.0089,0.9953,4.610,,,,,,,
109,Right,20,0.0003,0.0016,0.0243,0.0000,0.0000,0.0000,1.0000,4.610,,,,,,,
109,Right,21,0.0230,-0.0094,0.0341,0.0183,0.1403,-0.2070,0.9680,4.610,,,,,,,
109,Right,22,0.0000,0.0000,0.0457,0.1445,0.0627,0.0775,0.9845,4.610,,,,,,,
109,Right,23,0.0000,0.0000,0.0307,0.2339,0.0321,-0.0582,0.9700,4.610,,,,,,,
109,Right,24,0.0000,0.0000,0.0203,0.0647,-0.0490,0.0009,0.9967,4.610,,,,,,,
109,Right,25,-0.0002,0.0012,0.0219,0.0000,0.0000,0.0000,1.0000,4.610,,,,,,,
110,Left,0,0.0012,-0.0059,0.0657,0.0000,0.0000,0.0000,1.0000,4.652,,,,,,,
110,Left,1,0.0000,0.0000,0.0000,0.0000,0.0000,0.0000,1.0000,4.652,0.0129,-0.5040,-0.2219,-0.5374,-0.0694,0.0439,0.8393
110,Left,2,0.0245,-0.0225,0.0374,0.0524,0.3291,-0.6854,0.6475,4.652,,,,,,,
110,Left,3,0.0000,0.0000,0.0325,0.3786,-0.0334,0.0778,0.9217,4.652,,,,,,,
110,Left,4,0.0000,0.0000,0.0338,0.2126,0.0414,-0.0755,0.9733,4.652,,,,,,,
110,Left,5,-0.0007,0.0010,0.0246,0.0000,0.0000,0.0000,1.0000,4.652,,,,,,,
110,Left,6,0.0170,-0.0127,0.0379,0.0000,0.0000,0.0000,1.0000,4.652,,,,,,,
110,Left,7,0.0066,0.0054,0.0581,0.1903,0.0771,-0.0456,0.9776,4.652,,,,,,,
110,Left,8,0.0000,0.0000,0.0379,0.0475,-0.0060,0.0261,0.9985,4.652,,,,,,,
110,Left,9,0.0000,0.0000,0.0243,-0.0471,-0.0268,0.0162,0.9984,4.652,,,,,,,
110,Left,10,-0.0003,0.0010,0.0224,0.0000,0.0000,0.0000,1.0000,4.652,,,,,,,
110,Left,11,0.0008,-0.0092,0.0358,0.0000,0.0000,0.0000,1.0000,4.652,,,,,,,
110,Left,12,0.0010,0.0067,0.0599,0.2505,0.0026,0.0072,0.9681,4.652,,,,,,,
110,Left,13,0.0000,0.0000,0.0429,0.0197,-0.0041,0.0114,0.9997,4.652,,,,,,,
110,Left,14,0.0000,0.0000,0.0275,-0.0567,-0.0030,0.0380,0.9977,4.652,,,,,,,
110,Left,15,-0.0003,0.0011,0.0250,0.0000,0.0000,0.0000,1.0000,4.652,,,,,,,
110,Left,16,-0.0150,-0.0060,0.0348,0.0000,0.0000,0.0000,1.0000,4.652,,,,,,,
110,Left,17,-0.0025,-0.0005,0.0539,0.4886,-0.0261,0.0690,0.8694,4.652,,,,,,,
110,Left,18,0.0000,0.0000,0.0390,0.6637,0.0200,0.0418,0.7465,4.652,,,,,,,
110,Left,19,0.0000,0.0000,0.0266,0.3966,0.0287,0.0229,0.9173,4.652,,,,,,,
110,Left,20,-0.0003,0.0016,0.0243,0.0000,0.0000,0.0000,1.0000,4.652,,,,,,,
110,Left,21,-0.0230,-0.0094,0.0341,0.0183,-0.1403,0.2070,0.9680,4.652,,,,,,,
110,Left,22,0.0000,0.0000,0.0457,0.5034,-0.0201,-0.0706,0.8609,4.652,,,,,,,
110,Left,23,0.0000,0.0000,0.0307,0.6766,-0.0048,0.0878,0.7311,4.652,,,,,,,
110,Left,24,0.0000,0.0000,0.0203,0.4163,0.0444,-0.0021,0.9081,4.652,,,,,,,
110,Left,25,0.0002,0.0012,0.0219,0.0000,0.0000,0.0000,1.0000,4.652,,,,,,,
110,Right,0,-0.0022,-0.0054,0.0653,0.0000,0.0000,0.0000,1.0000,4.652,,,,,,,
110,Right,1,0.0000,0.0000,0.0000,0.0000,0.0000,0.0000,1.0000,4.652,0.3343,-0.2474,-0.2453,0.4188,0.4121,-0.1414,-0.7967
110,Right,2,-0.0283,-0.0188,0.0358,-0.0454,-0.3408,0.6164,0.7085,4.652,,,,,,,
110,Right,3,0.0000,0.0000,0.0325,0.2602,0.0461,-0.0809,0.9611,4.652,,,,,,,
110,Right,4,0.0000,0.0000,0.0338,0.1544,-0.0469,0.0778,0.9838,4.652,,,,,,,
110,Right,5,0.0007,0.0010,0.0246,0.0000,0.0000,0.0000,1.0000,4.652,,,,,,,
110,Right,6,-0.0189,-0.0109,0.0371,0.0000,0.0000,0.0000,1.0000,4.652,,,,,,,
110,Right,7,-0.0047,0.0036,0.0589,0.1090,-0.0178,0.0335,0.9933,4.652,,,,,,,
110,Right,8,0.0000,0.0000,0.0379,0.1542,0.0031,-0.0263,0.9877,4.652,,,,,,,
110,Right,9,0.0000,0.0000,0.0243,0.0512,0.0252,-0.0167,0.9982,4.652,,,,,,,
110,Right,10,0.0003,0.0010,0.0224,0.0000,0.0000,0.0000,1.0000,4.652,,,,,,,
110,Right,11,-0.0027,-0.0083,0.0349,0.0000,0.0000,0.0000,1.0000,4.652,,,,,,,
110,Right,12,0.0009,0.0058,0.0607,0.2470,0.0588,-0.0201,0.9670,4.652,,,,,,,
110,Right,13,0.0000,0.0000,0.0429,0.1345,0.0028,-0.0120,0.9908,4.652,,,,,,,
110,Right,14,0.0000,0.0000,0.0275,0.0222,-0.0004,-0.0458,0.9987,4.652,,,,,,,
110,Right,15,0.0003,0.0011,0.0250,0.0000,0.0000,0.0000,1.0000,4.652,,,,,,,
110,Right,16,0.0150,-0.0060,0.0348,0.0000,0.0000,0.0000,1.0000,4.652,,,,,,,
110,Right,17,0.0025,-0.0005,0.0539,0.2391,0.1192,-0.0758,0.9607,4.652,,,,,,,
110,Right,18,0.0000,0.0000,0.0390,0.1746,-0.0029,-0.0374,0.9839,4.652,,,,,,,
110,Right,19,0.0000,0.0000,0.0266,0.0923,-0.0296,-0.0090,0.9952,4.652,,,,,,,
110,Right,20,0.0003,0.0016,0.0243,0.0000,0.0000,0.0000,1.0000,4.652,,,,,,,
110,Right,21,0.0230,-0.0094,0.0341,0.0183,0.1403,-0.2070,0.9680,4.652,,,,,,,
110,Right,22,0.0000,0.0000,0.0457,0.1435,0.0628,0.0776,0.9846,4.652,,,,,,,
110,Right,23,0.0000,0.0000,0.0307,0.2353,0.0321,-0.0583,0.9696,4.652,,,,,,,
110,Right,24,0.0000,0.0000,0.0203,0.0659,-0.0490,0.0010,0.9966,4.652,,,,,,,
110,Right,25,-0.0002,0.0012,0.0219,0.0000,0.0000,0.0000,1.0000,4.652,,,,,,,
111,Left,0,0.0012,-0.0059,0.0657,0.0000,0.0000,0.0000,1.0000,4.693,,,,,,,
111,Left,1,0.0000,0.0000,0.0000,0.0000,0.0000,0.0000,1.0000,4.693,0.0133,-0.5038,-0.2229,-0.5368,-0.0703,0.0450,0.8396
111,Left,2,0.0244,-0.0226,0.0375,0.0538,0.3281,-0.6866,0.6466,4.693,,,,,,,
111,Left,3,0.0000,0.0000,0.0325,0.3775,-0.0335,0.0779,0.9221,4.693,,,,,,,
111,Left,4,0.0000,0.0000,0.0338,0.2141,0.0413,-0.0755,0.9730,4.693,,,,,,,
111,Left,5,-0.0007,0.0010,0.0246,0.0000,0.0000,0.0000,1.0000,4.693,,,,,,,
111,Left,6,0.0169,-0.0127,0.0379,0.0000,0.0000,0.0000,1.0000,4.693,,,,,,,
111,Left,7,0.0066,0.0054,0.0581,0.1854,0.0767,-0.0449,0.9786,4.693,,,,,,,
111,Left,8,0.0000,0.0000,0.0379,0.0480,-0.0060,0.0261,0.9985,4.693,,,,,,,
111,Left,9,0.0000,0.0000,0.0243,-0.0468,-0.0268,0.0162,0.9984,4.693,,,,,,,
111,Left,10,-0.0003,0.0010,0.0224,0.0000,0.0000,0.0000,1.0000,4.693,,,,,,,
111,Left,11,0.0007,-0.0093,0.0358,0.0000,0.0000,0.0000,1.0000,4.693,,,,,,,
111,Left,12,0.0010,0.0067,0.0599,0.2500,0.0029,0.0072,0.9682,4.693,,,,,,,
111,Left,13,0.0000,0.0000,0.0429,0.0186,-0.0041,0.0114,0.9998,4.693,,,,,,,
111,Left,14,0.0000,0.0000,0.0275,-0.0577,-0.0031,0.0379,0.9976,4.693,,,,,,,
111,Left,15,-0.0003,0.0011,0.0250,0.0000,0.0000,0.0000,1.0000,4.693,,,,,,,
111,Left,16,-0.0150,-0.0060,0.0348,0.0000,0.0000,0.0000,1.0000,4.693,,,,,,,
111,Left,17,-0.0025,-0.0005,0.0539,0.4893,-0.0262,0.0691,0.8690,4.693,,,,,,,
111,Left,18,0.0000,0.0000,0.0390,0.6647,0.0201,0.0418,0.7456,4.693,,,,,,,
111,Left,19,0.0000,0.0000,0.0266,0.3972,0.0287,0.0229,0.9170,4.693,,,,,,,
111,Left,20,-0.0003,0.0016,0.0243,0.0000,0.0000,0.0000,1.0000,4.693,,,,,,,
111,Left,21,-0.0230,-0.0094,0.0341,0.0183,-0.1403,0.2070,0.9680,4.693,,,,,,,
111,Left,22,0.0000,0.0000,0.0457,0.5046,-0.0206,-0.0703,0.8602,4.693,,,,,,,
111,Left,23,0.0000,0.0000,0.0307,0.6771,-0.0047,0.0879,0.7306,4.693,,,,,,,
111,Left,24,0.0000,0.0000,0.0203,0.4158,0.0444,-0.0021,0.9084,4.693,,,,,,,
111,Left,25,0.0002,0.0012,0.0219,0.0000,0.0000,0.0000,1.0000,4.693,,,,,,,
111,Right,0,-0.0022,-0.0054,0.0653,0.0000,0.0000,0.0000,1.0000,4.693,,,,,,,
111,Right,1,0.0000,0.0000,0.0000,0.0000,0.0000,0.0000,1.0000,4.693,0.3343,-0.2476,-0.2453,0.4188,0.4115,-0.1418,-0.7970
111,Right,2,-0.0283,-0.0188,0.0358,-0.0444,-0.3412,0.6169,0.7079,4.693,,,,,,,
111,Right,3,0.0000,0.0000,0.0325,0.2601,0.0461,-0.0809,0.9611,4.693,,,,,,,
111,Right,4,0.0000,0.0000,0.0338,0.1546,-0.0469,0.0778,0.9838,4.693,,,,,,,
111,Right,5,0.0007,0.0010,0.0246,0.0000,0.0000,0.0000,1.0000,4.693,,,,,,,
111,Right,6,-0.0189,-0.0109,0.0371,0.0000,0.0000,0.0000,1.0000,4.693,,,,,,,
111,Right,7,-0.0047,0.0036,0.0589,0.1089,-0.0184,0.0335,0.9933,4.693,,,,,,,
111,Right,8,0.0000,0.0000,0.0379,0.1542,0.0031,-0.0263,0.9877,4.693,,,,,,,
111,Right,9,0.0000,0.0000,0.0243,0.0513,0.0252,-0.0167,0.9982,4.693,,,,,,,
111,Right,10,0.0003,0.0010,0.0224,0.0000,0.0000,0.0000,1.0000,4.693,,,,,,,
111,Right,11,-0.0026,-0.0083,0.0349,0.0000,0.0000,0.0000,1.0000,4.693,,,,,,,
111,Right,12,0.0009,0.0058,0.0607,0.2467,0.0585,-0.0200,0.9671,4.693,,,,,,,
111,Right,13,0.0000,0.0000,0.0429,0.1349,0.0028,-0.0120,0.9908,4.693,,,,,,,
111,Right,14,0.0000,0.0000,0.0275,0.0224,-0.0004,-0.0458,0.9987,4.693,,,,,,,
111,Right,15,0.0003,0.0011,0.0250,0.0000,0.0000,0.0000,1.0000,4.693,,,,,,,
111,Right,16,0.0150,-0.0060,0.0348,0.0000,0.0000,0.0000,1.0000,4.693,,,,,,,
111,Right,17,0.0025,-0.0005,0.0539,0.2382,0.1192,-0.0757,0.9609,4.693,,,,,,,
111,Right,18,0.0000,0.0000,0.0390,0.1759,-0.0030,-0.0374,0.9837,4.693,,,,,,,
111,Right,19,0.0000,0.0000,0.0266,0.0932,-0.0296,-0.0090,0.9952,4.693,,,,,,,
111,Right,20,0.0003,0.0016,0.0243,0.0000,0.0000,0.0000,1.0000,4.693,,,,,,,
111,Right,21,0.0230,-0.0094,0.0341,0.0183,0.1403,-0.2070,0.9680,4.693,,,,,,,
111,Right,22,0.0000,0.0000,0.0457,0.1422,0.0629,0.0777,0.9848,4.693,,,,,,,
111,Right,23,0.0000,0.0000,0.0307,0.2365,0.0320,-0.0584,0.9693,4.693,,,,,,,
111,Right,24,0.0000,0.0000,0.0203,0.0670,-0.0490,0.0010,0.9965,4.693,,,,,,,
111,Right,25,-0.0002,0.0012,0.0219,0.0000,0.0000,0.0000,1.0000,4.693,,,,,,,
112,Left,0,0.0012,-0.0059,0.0657,0.0000,0.0000,0.0000,1.0000,4.735,,,,,,,
112,Left,1,0.0000,0.0000,0.0000,0.0000,0.0000,0.0000,1.0000,4.735,0.0132,-0.5041,-0.2221,-0.5369,-0.0702,0.0443,0.8396
112,Left,2,0.0244,-0.0226,0.0375,0.0533,0.3271,-0.6869,0.6468,4.735,,,,,,,
112,Left,3,0.0000,0.0000,0.0325,0.3767,-0.0336,0.0779,0.9224,4.735,,,,,,,
112,Left,4,0.0000,0.0000,0.0338,0.2158,0.0411,-0.0754,0.9727,4.735,,,,,,,
112,Left,5,-0.0007,0.0010,0.0246,0.0000,0.0000,0.0000,1.0000,4.735,,,,,,,
112,Left,6,0.0169,-0.0127,0.0379,0.0000,0.0000,0.0000,1.0000,4.735,,,,,,,
112,Left,7,0.0066,0.0054,0.0581,0.1858,0.0761,-0.0449,0.9786,4.735,,,,,,,
112,Left,8,0.0000,0.0000,0.0379,0.0481,-0.0059,0.0261,0.9985,4.735,,,,,,,
112,Left,9,0.0000,0.0000,0.0243,-0.0470,-0.0268,0.0162,0.9984,4.735,,,,,,,
112,Left,10,-0.0003,0.0010,0.0224,0.0000,0.0000,0.0000,1.0000,4.735,,,,,,,
112,Left,11,0.0007,-0.0093,0.0358,0.0000,0.0000,0.0000,1.0000,4.735,,,,,,,
112,Left,12,0.0010,0.0067,0.0599,0.2492,0.0028,0.0072,0.9684,4.735,,,,,,,
112,Left,13,0.0000,0.0000,0.0429,0.0171,-0.0042,0.0113,0.9998,4.735,,,,,,,
112,Left,14,0.0000,0.0000,0.0275,-0.0591,-0.0031,0.0378,0.9975,4.735,,,,,,,
112,Left,15,-0.0003,0.0011,0.0250,0.0000,0.0000,0.0000,1.0000,4.735,,,,,,,
112,Left,16,-0.0150,-0.0060,0.0348,0.0000,0.0000,0.0000,1.0000,4.735,,,,,,,
112,Left,17,-0.0025,-0.0005,0.0539,0.4901,-0.0261,0.0691,0.8686,4.735,,,,,,,
112,Left,18,0.0000,0.0000,0.0390,0.6661,0.0201,0.0418,0.7444,4.735,,,,,,,
112,Left,19,0.0000,0.0000,0.0266,0.3980,0.0287,0.0229,0.9166,4.735,,,,,,,
112,Left,20,-0.0003,0.0016,0.0243,0.0000,0.0000,0.0000,1.0000,4.735,,,,,,,
112,Left,21,-0.0230,-0.0094,0.0341,0.0183,-0.1403,0.2070,0.9680,4.735,,,,,,,
112,Left,22,0.0000,0.0000,0.0457,0.5059,-0.0210,-0.0701,0.8595,4.735,,,,,,,
112,Left,23,0.0000,0.0000,0.0307,0.6780,-0.0047,0.0879,0.7297,4.735,,,,,,,
112,Left,24,0.0000,0.0000,0.0203,0.4154,0.0444,-0.0021,0.9085,4.735,,,,,,,
112,Left,25,0.0002,0.0012,0.0219,0.0000,0.0000,0.0000,1.0000,4.735,,,,,,,
112,Right,0,-0.0022,-0.0054,0.0653,0.0000,0.0000,0.0000,1.0000,4.735,,,,,,,
112,Right,1,0.0000,0.0000,0.0000,0.0000,0.0000,0.0000,1.0000,4.735,0.3346,-0.2478,-0.2452,0.4185,0.4119,-0.1415,-0.7970
112,Right,2,-0.0283,-0.0189,0.0358,-0.0438,-0.3411,0.6174,0.7075,4.735,,,,,,,
112,Right,3,0.0000,0.0000,0.0325,0.2599,0.0461,-0.0809,0.9611,4.735,,,,,,,
112,Right,4,0.0000,0.0000,0.0338,0.1542,-0.0469,0.0778,0.9839,4.735,,,,,,,
112,Right,5,0.0007,0.0010,0.0246,0.0000,0.0000,0.0000,1.0000,4.735,,,,,,,
112,Right,6,-0.0188,-0.0109,0.0371,0.0000,0.0000,0.0000,1.0000,4.735,,,,,,,
112,Right,7,-0.0047,0.0036,0.0589,0.1085,-0.0187,0.0335,0.9934,4.735,,,,,,,
112,Right,8,0.0000,0.0000,0.0379,0.1548,0.0031,-0.0263,0.9876,4.735,,,,,,,
112,Right,9,0.0000,0.0000,0.0243,0.0515,0.0251,-0.0167,0.9982,4.735,,,,,,,
112,Right,10,0.0003,0.0010,0.0224,0.0000,0.0000,0.0000,1.0000,4.735,,,,,,,
112,Right,11,-0.0026,-0.0083,0.0349,0.0000,0.0000,0.0000,1.0000,4.735,,,,,,,
112,Right,12,0.0009,0.0058,0.0607,0.2464,0.0587,-0.0200,0.9672,4.735,,,,,,,
112,Right,13,0.0000,0.0000,0.0429,0.1361,0.0028,-0.0120,0.9906,4.735,,,,,,,
112,Right,14,0.0000,0.0000,0.0275,0.0232,-0.0005,-0.0459,0.9987,4.735,,,,,,,
112,Right,15,0.0003,0.0011,0.0250,0.0000,0.0000,0.0000,1.0000,4.735,,,,,,,
112,Right,16,0.0150,-0.0060,0.0348,0.0000,0.0000,0.0000,1.0000,4.735,,,,,,,
112,Right,17,0.0025,-0.0005,0.0539,0.2377,0.1194,-0.0757,0.9610,4.735,,,,,,,
112,Right,18,0.0000,0.0000,0.0390,0.1772,-0.0030,-0.0374,0.9835,4.735,,,,,,,
112,Right,19,0.0000,0.0000,0.0266,0.0939,-0.0296,-0.0090,0.9951,4.735,,,,,,,
112,Right,20,0.0003,0.0016,0.0243,0.0000,0.0000,0.0000,1.0000,4.735,,,,,,,
112,Right,21,0.0230,-0.0094,0.0341,0.0183,0.1403,-0.2070,0.9680,4.735,,,,,,,
112,Right,22,0.0000,0.0000,0.0457,0.1414,0.0629,0.0777,0.9849,4.735,,,,,,,
112,Right,23,0.0000,0.0000,0.0307,0.2377,0.0319,-0.0585,0.9691,4.735,,,,,,,
112,Right,24,0.0000,0.0000,0.0203,0.0680,-0.0490,0.0010,0.9965,4.735,,,,,,,
112,Right,25,-0.0002,0.0012,0.0219,0.0000,0.0000,0.0000,1.0000,4.735,,,,,,,
113,Left,0,0.0012,-0.0059,0.0657,0.0000,0.0000,0.0000,1.0000,4.777,,,,,,,
113,Left,1,0.0000,0.0000,0.0000,0.0000,0.0000,0.0000,1.0000,4.777,0.0135,-0.5041,-0.2227,-0.5394,-0.0723,0.0432,0.8379
113,Left,2,0.0244,-0.0226,0.0375,0.0528,0.3265,-0.6869,0.6471,4.777,,,,,,,
113,Left,3,0.0000,0.0000,0.0325,0.3762,-0.0337,0.0779,0.9227,4.777,,,,,,,
113,Left,4,0.0000,0.0000,0.0338,0.2170,0.0410,-0.0753,0.9724,4.777,,,,,,,
113,Left,5,-0.0007,0.0010,0.0246,0.0000,0.0000,0.0000,1.0000,4.777,,,,,,,
113,Left,6,0.0169,-0.0127,0.0379,0.0000,0.0000,0.0000,1.0000,4.777,,,,,,,
113,Left,7,0.0066,0.0054,0.0581,0.1867,0.0760,-0.0450,0.9784,4.777,,,,,,,
113,Left,8,0.0000,0.0000,0.0379,0.0489,-0.0059,0.0261,0.9984,4.777,,,,,,,
113,Left,9,0.0000,0.0000,0.0243,-0.0468,-0.0268,0.0162,0.9984,4.777,,,,,,,
113,Left,10,-0.0003,0.0010,0.0224,0.0000,0.0000,0.0000,1.0000,4.777,,,,,,,
113,Left,11,0.0007,-0.0093,0.0358,0.0000,0.0000,0.0000,1.0000,4.777,,,,,,,
113,Left,12,0.0010,0.0067,0.0599,0.2497,0.0030,0.0071,0.9683,4.777,,,,,,,
113,Left,13,0.0000,0.0000,0.0429,0.0170,-0.0042,0.0113,0.9998,4.777,,,,,,,
113,Left,14,0.0000,0.0000,0.0275,-0.0594,-0.0031,0.0377,0.9975,4.777,,,,,,,
113,Left,15,-0.0003,0.0011,0.0250,0.0000,0.0000,0.0000,1.0000,4.777,,,,,,,
113,Left,16,-0.0150,-0.0060,0.0348,0.0000,0.0000,0.0000,1.0000,4.777,,,,,,,
113,Left,17,-0.0025,-0.0005,0.0539,0.4897,-0.0263,0.0692,0.8687,4.777,,,,,,,
113,Left,18,0.0000,0.0000,0.0390,0.6670,0.0201,0.0418,0.7436,4.777,,,,,,,
113,Left,19,0.0000,0.0000,0.0266,0.3983,0.0287,0.0230,0.9165,4.777,,,,,,,
113,Left,20,-0.0003,0.0016,0.0243,0.0000,0.0000,0.0000,1.0000,4.777,,,,,,,
113,Left,21,-0.0230,-0.0094,0.0341,0.0183,-0.1403,0.2070,0.9680,4.777,,,,,,,
113,Left,22,0.0000,0.0000,0.0457,0.5056,-0.0211,-0.0700,0.8596,4.777,,,,,,,
113,Left,23,0.0000,0.0000,0.0307,0.6786,-0.0046,0.0879,0.7292,4.777,,,,,,,
113,Left,24,0.0000,0.0000,0.0203,0.4152,0.0444,-0.0021,0.9086,4.777,,,,,,,
113,Left,25,0.0002,0.0012,0.0219,0.0000,0.0000,0.0000,1.0000,4.777,,,,,,,
113,Right,0,-0.0022,-0.0054,0.0653,0.0000,0.0000,0.0000,1.0000,4.777,,,,,,,
113,Right,1,0.0000,0.0000,0.0000,0.0000,0.0000,0.0000,1.0000,4.777,0.3348,-0.2479,-0.2453,0.4183,0.4122,-0.1415,-0.7969
113,Right,2,-0.0283,-0.0189,0.0358,-0.0435,-0.3409,0.6177,0.7073,4.777,,,,,,,
113,Right,3,0.0000,0.0000,0.0325,0.2600,0.0461,-0.0809,0.9611,4.777,,,,,,,
113,Right,4,0.0000,0.0000,0.0338,0.1537,-0.0469,0.0778,0.9839,4.777,,,,,,,
113,Right,5,0.0007,0.0010,0.0246,0.0000,0.0000,0.0000,1.0000,4.777,,,,,,,
113,Right,6,-0.0188,-0.0109,0.0371,0.0000,0.0000,0.0000,1.0000,4.777,,,,,,,
113,Right,7,-0.0047,0.0036,0.0589,0.1084,-0.0188,0.0335,0.9934,4.777,,,,,,,
113,Right,8,0.0000,0.0000,0.0379,0.1549,0.0031,-0.0263,0.9876,4.777,,,,,,,
113,Right,9,0.0000,0.0000,0.0243,0.0515,0.0251,-0.0167,0.9982,4.777,,,,,,,
113,Right,10,0.0003,0.0010,0.0224,0.0000,0.0000,0.0000,1.0000,4.777,,,,,,,
113,Right,11,-0.0026,-0.0083,0.0350,0.0000,0.0000,0.0000,1.0000,4.777,,,,,,,
113,Right,12,0.0009,0.0058,0.0607,0.2455,0.0584,-0.0199,0.9674,4.777,,,,,,,
113,Right,13,0.0000,0.0000,0.0429,0.1363,0.0028,-0.0120,0.9906,4.777,,,,,,,
113,Right,14,0.0000,0.0000,0.0275,0.0234,-0.0005,-0.0459,0.9987,4.777,,,,,,,
113,Right,15,0.0003,0.0011,0.0250,0.0000,0.0000,0.0000,1.0000,4.777,,,,,,,
113,Right,16,0.0150,-0.0060,0.0348,0.0000,0.0000,0.0000,1.0000,4.777,,,,,,,
113,Right,17,0.0025,-0.0005,0.0539,0.2374,0.1195,-0.0756,0.9611,4.777,,,,,,,
113,Right,18,0.0000,0.0000,0.0390,0.1781,-0.0030,-0.0375,0.9833,4.777,,,,,,,
113,Right,19,0.0000,0.0000,0.0266,0.0946,-0.0296,-0.0091,0.9950,4.777,,,,,,,
113,Right,20,0.0003,0.0016,0.0243,0.0000,0.0000,0.0000,1.0000,4.777,,,,,,,
113,Right,21,0.0230,-0.0094,0.0341,0.0183,0.1403,-0.2070,0.9680,4.777,,,,,,,
113,Right,22,0.0000,0.0000,0.0457,0.1406,0.0628,0.0778,0.9850,4.777,,,,,,,
113,Right,23,0.0000,0.0000,0.0307,0.2390,0.0319,-0.0586,0.9687,4.777,,,,,,,
113,Right,24,0.0000,0.0000,0.0203,0.0690,-0.0490,0.0010,0.9964,4.777,,,,,,,
113,Right,25,-0.0002,0.0012,0.0219,0.0000,0.0000,0.0000,1.0000,4.777,,,,,,,
114,Left,0,0.0012,-0.0059,0.0657,0.0000,0.0000,0.0000,1.0000,4.818,,,,,,,
114,Left,1,0.0000,0.0000,0.0000,0.0000,0.0000,0.0000,1.0000,4.818,0.0136,-0.5045,-0.2227,-0.5417,-0.0753,0.0371,0.8364
114,Left,2,0.0244,-0.0226,0.0375,0.0517,0.3261,-0.6866,0.6478,4.818,,,,,,,
114,Left,3,0.0000,0.0000,0.0325,0.3756,-0.0338,0.0779,0.9229,4.818,,,,,,,
114,Left,4,0.0000,0.0000,0.0338,0.2177,0.0409,-0.0753,0.9722,4.818,,,,,,,
114,Left,5,-0.0007,0.0010,0.0246,0.0000,0.0000,0.0000,1.0000,4.818,,,,,,,
114,Left,6,0.0169,-0.0127,0.0379,0.0000,0.0000,0.0000,1.0000,4.818,,,,,,,
114,Left,7,0.0066,0.0054,0.0581,0.1894,0.0754,-0.0452,0.9779,4.818,,,,,,,
114,Left,8,0.0000,0.0000,0.0379,0.0495,-0.0059,0.0261,0.9984,4.818,,,,,,,
114,Left,9,0.0000,0.0000,0.0243,-0.0465,-0.0268,0.0162,0.9984,4.818,,,,,,,
114,Left,10,-0.0003,0.0010,0.0224,0.0000,0.0000,0.0000,1.0000,4.818,,,,,,,
114,Left,11,0.0007,-0.0093,0.0358,0.0000,0.0000,0.0000,1.0000,4.818,,,,,,,
114,Left,12,0.0010,0.0067,0.0599,0.2505,0.0025,0.0072,0.9681,4.818,,,,,,,
114,Left,13,0.0000,0.0000,0.0429,0.0167,-0.0042,0.0113,0.9998,4.818,,,,,,,
114,Left,14,0.0000,0.0000,0.0275,-0.0595,-0.0032,0.0377,0.9975,4.818,,,,,,,
114,Left,15,-0.0003,0.0011,0.0250,0.0000,0.0000,0.0000,1.0000,4.818,,,,,,,
114,Left,16,-0.0150,-0.0060,0.0348,0.0000,0.0000,0.0000,1.0000,4.818,,,,,,,
114,Left,17,-0.0025,-0.0005,0.0539,0.4898,-0.0262,0.0691,0.8687,4.818,,,,,,,
114,Left,18,0.0000,0.0000,0.0390,0.6674,0.0201,0.0418,0.7433,4.818,,,,,,,
114,Left,19,0.0000,0.0000,0.0266,0.3986,0.0287,0.0230,0.9164,4.818,,,,,,,
114,Left,20,-0.0003,0.0016,0.0243,0.0000,0.0000,0.0000,1.0000,4.818,,,,,,,
114,Left,21,-0.0230,-0.0094,0.0341,0.0183,-0.1403,0.2070,0.9680,4.818,,,,,,,
114,Left,22,0.0000,0.0000,0.0457,0.5052,-0.0209,-0.0702,0.8599,4.818,,,,,,,
114,Left,23,0.0000,0.0000,0.0307,0.6789,-0.0046,0.0879,0.7289,4.818,,,,,,,
114,Left,24,0.0000,0.0000,0.0203,0.4150,0.0444,-0.0021,0.9088,4.818,,,,,,,
114,Left,25,0.0002,0.0012,0.0219,0.0000,0.0000,0.0000,1.0000,4.818,,,,,,,
114,Right,0,-0.0022,-0.0054,0.0653,0.0000,0.0000,0.0000,1.0000,4.818,,,,,,,
114,Right,1,0.0000,0.0000,0.0000,0.0000,0.0000,0.0000,1.0000,4.818,0.3349,-0.2481,-0.2454,0.4186,0.4120,-0.1420,-0.7968
114,Right,2,-0.0282,-0.0189,0.0358,-0.0430,-0.3408,0.6181,0.7070,4.818,,,,,,,
114,Right,3,0.0000,0.0000,0.0325,0.2601,0.0461,-0.0809,0.9611,4.818,,,,,,,
114,Right,4,0.0000,0.0000,0.0338,0.1533,-0.0470,0.0778,0.9840,4.818,,,,,,,
114,Right,5,0.0007,0.0010,0.0246,0.0000,0.0000,0.0000,1.0000,4.818,,,,,,,
114,Right,6,-0.0188,-0.0109,0.0371,0.0000,0.0000,0.0000,1.0000,4.818,,,,,,,
114,Right,7,-0.0047,0.0036,0.0589,0.1086,-0.0189,0.0335,0.9933,4.818,,,,,,,
114,Right,8,0.0000,0.0000,0.0379,0.1548,0.0031,-0.0263,0.9876,4.818,,,,,,,
114,Right,9,0.0000,0.0000,0.0243,0.0515,0.0251,-0.0167,0.9982,4.818,,,,,,,
114,Right,10,0.0003,0.0010,0.0224,0.0000,0.0000,0.0000,1.0000,4.818,,,,,,,
114,Right,11,-0.0026,-0.0084,0.0350,0.0000,0.0000,0.0000,1.0000,4.818,,,,,,,
114,Right,12,0.0009,0.0058,0.0607,0.2452,0.0579,-0.0198,0.9675,4.818,,,,,,,
114,Right,13,0.0000,0.0000,0.0429,0.1365,0.0028,-0.0120,0.9906,4.818,,,,,,,
114,Right,14,0.0000,0.0000,0.0275,0.0235,-0.0005,-0.0459,0.9987,4.818,,,,,,,
114,Right,15,0.0003,0.0011,0.0250,0.0000,0.0000,0.0000,1.0000,4.818,,,,,,,
114,Right,16,0.0150,-0.0060,0.0348,0.0000,0.0000,0.0000,1.0000,4.818,,,,,,,
114,Right,17,0.0025,-0.0005,0.0539,0.2372,0.1197,-0.0756,0.9611,4.818,,,,,,,
114,Right,18,0.0000,0.0000,0.0390,0.1789,-0.0031,-0.0375,0.9831,4.818,,,,,,,
114,Right,19,0.0000,0.0000,0.0266,0.0951,-0.0296,-0.0091,0.9950,4.818,,,,,,,
114,Right,20,0.0003,0.0016,0.0243,0.0000,0.0000,0.0000,1.0000,4.818,,,,,,,
114,Right,21,0.0230,-0.0094,0.0341,0.0183,0.1403,-0.2070,0.9680,4.818,,,,,,,
114,Right,22,0.0000,0.0000,0.0457,0.1401,0.0626,0.0779,0.9851,4.818,,,,,,,
114,Right,23,0.0000,0.0000,0.0307,0.2400,0.0318,-0.0587,0.9685,4.818,,,,,,,
114,Right,24,0.0000,0.0000,0.0203,0.0698,-0.0490,0.0010,0.9964,4.818,,,,,,,
114,Right,25,-0.0002,0.0012,0.0219,0.0000,0.0000,0.0000,1.0000,4.818,,,,,,,
115,Left,0,0.0012,-0.0059,0.0657,0.0000,0.0000,0.0000,1.0000,4.860,,,,,,,
115,Left,1,0.0000,0.0000,0.0000,0.0000,0.0000,0.0000,1.0000,4.860,0.0135,-0.5045,-0.2220,-0.5407,-0.0780,0.0332,0.8369
115,Left,2,0.0245,-0.0225,0.0374,0.0504,0.3257,-0.6861,0.6486,4.860,,,,,,,
115,Left,3,0.0000,0.0000,0.0325,0.3749,-0.0338,0.0779,0.9232,4.860,,,,,,,
115,Left,4,0.0000,0.0000,0.0338,0.2184,0.0409,-0.0753,0.9721,4.860,,,,,,,
115,Left,5,-0.0007,0.0010,0.0246,0.0000,0.0000,0.0000,1.0000,4.860,,,,,,,
115,Left,6,0.0169,-0.0127,0.0379,0.0000,0.0000,0.0000,1.0000,4.860,,,,,,,
115,Left,7,0.0066,0.0054,0.0581,0.1902,0.0748,-0.0453,0.9778,4.860,,,,,,,
115,Left,8,0.0000,0.0000,0.0379,0.0499,-0.0059,0.0261,0.9984,4.860,,,,,,,
115,Left,9,0.0000,0.0000,0.0243,-0.0462,-0.0268,0.0162,0.9984,4.860,,,,,,,
115,Left,10,-0.0003,0.0010,0.0224,0.0000,0.0000,0.0000,1.0000,4.860,,,,,,,
115,Left,11,0.0007,-0.0093,0.0358,0.0000,0.0000,0.0000,1.0000,4.860,,,,,,,
115,Left,12,0.0010,0.0067,0.0599,0.2511,0.0025,0.0072,0.9679,4.860,,,,,,,
115,Left,13,0.0000,0.0000,0.0429,0.0162,-0.0042,0.0113,0.9998,4.860,,,,,,,
115,Left,14,0.0000,0.0000,0.0275,-0.0597,-0.0032,0.0377,0.9975,4.860,,,,,,,
115,Left,15,-0.0003,0.0011,0.0250,0.0000,0.0000,0.0000,1.0000,4.860,,,,,,,
115,Left,16,-0.0150,-0.0060,0.0348,0.0000,0.0000,0.0000,1.0000,4.860,,,,,,,
115,Left,17,-0.0025,-0.0005,0.0539,0.4896,-0.0261,0.0691,0.8688,4.860,,,,,,,
115,Left,18,0.0000,0.0000,0.0390,0.6679,0.0202,0.0418,0.7428,4.860,,,,,,,
115,Left,19,0.0000,0.0000,0.0266,0.3990,0.0287,0.0230,0.9162,4.860,,,,,,,
115,Left,20,-0.0003,0.0016,0.0243,0.0000,0.0000,0.0000,1.0000,4.860,,,,,,,
115,Left,21,-0.0230,-0.0094,0.0341,0.0183,-0.1403,0.2070,0.9680,4.860,,,,,,,
115,Left,22,0.0000,0.0000,0.0457,0.5043,-0.0206,-0.0703,0.8604,4.860,,,,,,,
115,Left,23,0.0000,0.0000,0.0307,0.6792,-0.0046,0.0880,0.7287,4.860,,,,,,,
115,Left,24,0.0000,0.0000,0.0203,0.4148,0.0444,-0.0021,0.9088,4.860,,,,,,,
115,Left,25,0.0002,0.0012,0.0219,0.0000,0.0000,0.0000,1.0000,4.860,,,,,,,
115,Right,0,-0.0022,-0.0055,0.0653,0.0000,0.0000,0.0000,1.0000,4.860,,,,,,,
115,Right,1,0.0000,0.0000,0.0000,0.0000,0.0000,0.0000,1.0000,4.860,0.3353,-0.2482,-0.2453,0.4187,0.4126,-0.1420,-0.7964
115,Right,2,-0.0282,-0.0189,0.0358,-0.0427,-0.3408,0.6184,0.7068,4.860,,,,,,,
115,Right,3,0.0000,0.0000,0.0325,0.2605,0.0461,-0.0809,0.9610,4.860,,,,,,,
115,Right,4,0.0000,0.0000,0.0338,0.1532,-0.0470,0.0778,0.9840,4.860,,,,,,,
115,Right,5,0.0007,0.0010,0.0246,0.0000,0.0000,0.0000,1.0000,4.860,,,,,,,
115,Right,6,-0.0188,-0.0109,0.0371,0.0000,0.0000,0.0000,1.0000,4.860,,,,,,,
115,Right,7,-0.0047,0.0036,0.0589,0.1092,-0.0189,0.0335,0.9933,4.860,,,,,,,
115,Right,8,0.0000,0.0000,0.0379,0.1549,0.0031,-0.0263,0.9876,4.860,,,,,,,
115,Right,9,0.0000,0.0000,0.0243,0.0517,0.0251,-0.0167,0.9982,4.860,,,,,,,
115,Right,10,0.0003,0.0010,0.0224,0.0000,0.0000,0.0000,1.0000,4.860,,,,,,,
115,Right,11,-0.0026,-0.0084,0.0350,0.0000,0.0000,0.0000,1.0000,4.860,,,,,,,
115,Right,12,0.0009,0.0058,0.0607,0.2457,0.0580,-0.0198,0.9674,4.860,,,,,,,
115,Right,13,0.0000,0.0000,0.0429,0.1369,0.0028,-0.0120,0.9905,4.860,,,,,,,
115,Right,14,0.0000,0.0000,0.0275,0.0237,-0.0005,-0.0459,0.9987,4.860,,,,,,,
115,Right,15,0.0003,0.0011,0.0250,0.0000,0.0000,0.0000,1.0000,4.860,,,,,,,
115,Right,16,0.0150,-0.0060,0.0348,0.0000,0.0000,0.0000,1.0000,4.860,,,,,,,
115,Right,17,0.0025,-0.0005,0.0539,0.2373,0.1198,-0.0757,0.9610,4.860,,,,,,,
115,Right,18,0.0000,0.0000,0.0390,0.1795,-0.0031,-0.0375,0.9830,4.860,,,,,,,
115,Right,19,0.0000,0.0000,0.0266,0.0956,-0.0296,-0.0091,0.9949,4.860,,,,,,,
115,Right,20,0.0003,0.0016,0.0243,0.0000,0.0000,0.0000,1.0000,4.860,,,,,,,
115,Right,21,0.0230,-0.0094,0.0341,0.0183,0.1403,-0.2070,0.9680,4.860,,,,,,,
115,Right,22,0.0000,0.0000,0.0457,0.1400,0.0625,0.0779,0.9851,4.860,,,,,,,
115,Right,23,0.0000,0.0000,0.0307,0.2410,0.0318,-0.0588,0.9682,4.860,,,,,,,
115,Right,24,0.0000,0.0000,0.0203,0.0707,-0.0490,0.0010,0.9963,4.860,,,,,,,
115,Right,25,-0.0002,0.0012,0.0219,0.0000,0.0000,0.0000,1.0000,4.860,,,,,,,
116,Left,0,0.0012,-0.0059,0.0657,0.0000,0.0000,0.0000,1.0000,4.902,,,,,,,
116,Left,1,0.0000,0.0000,0.0000,0.0000,0.0000,0.0000,1.0000,4.902,0.0135,-0.5049,-0.2212,-0.5407,-0.0790,0.0327,0.8369
116,Left,2,0.0245,-0.0225,0.0374,0.0491,0.3249,-0.6857,0.6494,4.902,,,,,,,
116,Left,3,0.0000,0.0000,0.0325,0.3748,-0.0338,0.0779,0.9232,4.902,,,,,,,
116,Left,4,0.0000,0.0000,0.0338,0.2197,0.0407,-0.0752,0.9718,4.902,,,,,,,
116,Left,5,-0.0007,0.0010,0.0246,0.0000,0.0000,0.0000,1.0000,4.902,,,,,,,
116,Left,6,0.0170,-0.0127,0.0379,0.0000,0.0000,0.0000,1.0000,4.902,,,,,,,
116,Left,7,0.0066,0.0054,0.0581,0.1904,0.0749,-0.0453,0.9778,4.902,,,,,,,
116,Left,8,0.0000,0.0000,0.0379,0.0502,-0.0059,0.0261,0.9984,4.902,,,,,,,
116,Left,9,0.0000,0.0000,0.0243,-0.0459,-0.0268,0.0162,0.9985,4.902,,,,,,,
116,Left,10,-0.0003,0.0010,0.0224,0.0000,0.0000,0.0000,1.0000,4.902,,,,,,,
116,Left,11,0.0007,-0.0093,0.0358,0.0000,0.0000,0.0000,1.0000,4.902,,,,,,,
116,Left,12,0.0010,0.0067,0.0599,0.2517,0.0026,0.0072,0.9678,4.902,,,,,,,
116,Left,13,0.0000,0.0000,0.0429,0.0152,-0.0042,0.0113,0.9998,4.902,,,,,,,
116,Left,14,0.0000,0.0000,0.0275,-0.0603,-0.0032,0.0376,0.9975,4.902,,,,,,,
116,Left,15,-0.0003,0.0011,0.0250,0.0000,0.0000,0.0000,1.0000,4.902,,,,,,,
116,Left,16,-0.0150,-0.0060,0.0348,0.0000,0.0000,0.0000,1.0000,4.902,,,,,,,
116,Left,17,-0.0025,-0.0005,0.0539,0.4893,-0.0261,0.0691,0.8690,4.902,,,,,,,
116,Left,18,0.0000,0.0000,0.0390,0.6686,0.0202,0.0418,0.7422,4.902,,,,,,,
116,Left,19,0.0000,0.0000,0.0266,0.3999,0.0287,0.0230,0.9158,4.902,,,,,,,
116,Left,20,-0.0003,0.0016,0.0243,0.0000,0.0000,0.0000,1.0000,4.902,,,,,,,
116,Left,21,-0.0230,-0.0094,0.0341,0.0183,-0.1403,0.2070,0.9680,4.902,,,,,,,
116,Left,22,0.0000,0.0000,0.0457,0.5037,-0.0205,-0.0704,0.8608,4.902,,,,,,,
116,Left,23,0.0000,0.0000,0.0307,0.6795,-0.0046,0.0880,0.7284,4.902,,,,,,,
116,Left,24,0.0000,0.0000,0.0203,0.4150,0.0444,-0.0021,0.9087,4.902,,,,,,,
116,Left,25,0.0002,0.0012,0.0219,0.0000,0.0000,0.0000,1.0000,4.902,,,,,,,
116,Right,0,-0.0022,-0.0054,0.0653,0.0000,0.0000,0.0000,1.0000,4.902,,,,,,,
116,Right,1,0.0000,0.0000,0.0000,0.0000,0.0000,0.0000,1.0000,4.902,0.3356,-0.2482,-0.2452,0.4187,0.4122,-0.1424,-0.7965
116,Right,2,-0.0282,-0.0189,0.0358,-0.0428,-0.3406,0.6184,0.7069,4.902,,,,,,,
116,Right,3,0.0000,0.0000,0.0325,0.2606,0.0461,-0.0809,0.9610,4.902,,,,,,,
116,Right,4,0.0000,0.0000,0.0338,0.1535,-0.0470,0.0778,0.9840,4.902,,,,,,,
116,Right,5,0.0007,0.0010,0.0246,0.0000,0.0000,0.0000,1.0000,4.902,,,,,,,
116,Right,6,-0.0188,-0.0109,0.0371,0.0000,0.0000,0.0000,1.0000,4.902,,,,,,,
116,Right,7,-0.0047,0.0036,0.0589,0.1093,-0.0186,0.0335,0.9933,4.902,,,,,,,
116,Right,8,0.0000,0.0000,0.0379,0.1547,0.0031,-0.0263,0.9876,4.902,,,,,,,
116,Right,9,0.0000,0.0000,0.0243,0.0519,0.0251,-0.0167,0.9982,4.902,,,,,,,
116,Right,10,0.0003,0.0010,0.0224,0.0000,0.0000,0.0000,1.0000,4.902,,,,,,,
116,Right,11,-0.0026,-0.0084,0.0350,0.0000,0.0000,0.0000,1.0000,4.902,,,,,,,
116,Right,12,0.0009,0.0058,0.0607,0.2459,0.0585,-0.0199,0.9673,4.902,,,,,,,
116,Right,13,0.0000,0.0000,0.0429,0.1367,0.0028,-0.0120,0.9905,4.902,,,,,,,
116,Right,14,0.0000,0.0000,0.0275,0.0235,-0.0005,-0.0459,0.9987,4.902,,,,,,,
116,Right,15,0.0003,0.0011,0.0250,0.0000,0.0000,0.0000,1.0000,4.902,,,,,,,
116,Right,16,0.0150,-0.0060,0.0348,0.0000,0.0000,0.0000,1.0000,4.902,,,,,,,
116,Right,17,0.0025,-0.0005,0.0539,0.2375,0.1200,-0.0757,0.9610,4.902,,,,,,,
116,Right,18,0.0000,0.0000,0.0390,0.1799,-0.0031,-0.0375,0.9830,4.902,,,,,,,
116,Right,19,0.0000,0.0000,0.0266,0.0959,-0.0296,-0.0091,0.9949,4.902,,,,,,,
116,Right,20,0.0003,0.0016,0.0243,0.0000,0.0000,0.0000,1.0000,4.902,,,,,,,
116,Right,21,0.0230,-0.0094,0.0341,0.0183,0.1403,-0.2070,0.9680,4.902,,,,,,,
116,Right,22,0.0000,0.0000,0.0457,0.1396,0.0622,0.0780,0.9852,4.902,,,,,,,
116,Right,23,0.0000,0.0000,0.0307,0.2422,0.0317,-0.0589,0.9679,4.902,,,,,,,
116,Right,24,0.0000,0.0000,0.0203,0.0716,-0.0490,0.0010,0.9962,4.902,,,,,,,
116,Right,25,-0.0002,0.0012,0.0219,0.0000,0.0000,0.0000,1.0000,4.902,,,,,,,
117,Left,0,0.0012,-0.0059,0.0657,0.0000,0.0000,0.0000,1.0000,4.943,,,,,,,
117,Left,1,0.0000,0.0000,0.0000,0.0000,0.0000,0.0000,1.0000,4.943,0.0133,-0.5043,-0.2216,-0.5403,-0.0793,0.0321,0.8371
117,Left,2,0.0245,-0.0225,0.0374,0.0491,0.3250,-0.6857,0.6494,4.943,,,,,,,
117,Left,3,0.0000,0.0000,0.0325,0.3745,-0.0339,0.0780,0.9233,4.943,,,,,,,
117,Left,4,0.0000,0.0000,0.0338,0.2208,0.0406,-0.0752,0.9716,4.943,,,,,,,
117,Left,5,-0.0007,0.0010,0.0246,0.0000,0.0000,0.0000,1.0000,4.943,,,,,,,
117,Left,6,0.0170,-0.0127,0.0379,0.0000,0.0000,0.0000,1.0000,4.943,,,,,,,
117,Left,7,0.0066,0.0054,0.0581,0.1901,0.0747,-0.0452,0.9779,4.943,,,,,,,
117,Left,8,0.0000,0.0000,0.0379,0.0507,-0.0059,0.0261,0.9984,4.943,,,,,,,
117,Left,9,0.0000,0.0000,0.0243,-0.0452,-0.0267,0.0162,0.9985,4.943,,,,,,,
117,Left,10,-0.0003,0.0010,0.0224,0.0000,0.0000,0.0000,1.0000,4.943,,,,,,,
117,Left,11,0.0007,-0.0093,0.0358,0.0000,0.0000,0.0000,1.0000,4.943,,,,,,,
117,Left,12,0.0010,0.0067,0.0599,0.2527,0.0031,0.0071,0.9675,4.943,,,,,,,
117,Left,13,0.0000,0.0000,0.0429,0.0146,-0.0042,0.0113,0.9998,4.943,,,,,,,
117,Left,14,0.0000,0.0000,0.0275,-0.0604,-0.0032,0.0376,0.9975,4.943,,,,,,,
117,Left,15,-0.0003,0.0011,0.0250,0.0000,0.0000,0.0000,1.0000,4.943,,,,,,,
117,Left,16,-0.0150,-0.0060,0.0348,0.0000,0.0000,0.0000,1.0000,4.943,,,,,,,
117,Left,17,-0.0025,-0.0005,0.0539,0.4896,-0.0265,0.0692,0.8688,4.943,,,,,,,
117,Left,18,0.0000,0.0000,0.0390,0.6684,0.0202,0.0418,0.7423,4.943,,,,,,,
117,Left,19,0.0000,0.0000,0.0266,0.4001,0.0287,0.0230,0.9157,4.943,,,,,,,
117,Left,20,-0.0003,0.0016,0.0243,0.0000,0.0000,0.0000,1.0000,4.943,,,,,,,
117,Left,21,-0.0230,-0.0094,0.0341,0.0183,-0.1403,0.2070,0.9680,4.943,,,,,,,
117,Left,22,0.0000,0.0000,0.0457,0.5024,-0.0207,-0.0703,0.8616,4.943,,,,,,,
117,Left,23,0.0000,0.0000,0.0307,0.6791,-0.0046,0.0880,0.7287,4.943,,,,,,,
117,Left,24,0.0000,0.0000,0.0203,0.4147,0.0444,-0.0021,0.9089,4.943,,,,,,,
117,Left,25,0.0002,0.0012,0.0219,0.0000,0.0000,0.0000,1.0000,4.943,,,,,,,
117,Right,0,-0.0022,-0.0054,0.0653,0.0000,0.0000,0.0000,1.0000,4.943,,,,,,,
117,Right,1,0.0000,0.0000,0.0000,0.0000,0.0000,0.0000,1.0000,4.943,0.3359,-0.2485,-0.2452,0.4193,0.4125,-0.1417,-0.7962
117,Right,2,-0.0282,-0.0189,0.0358,-0.0431,-0.3405,0.6182,0.7071,4.943,,,,,,,
117,Right,3,0.0000,0.0000,0.0325,0.2595,0.0462,-0.0809,0.9612,4.943,,,,,,,
117,Right,4,0.0000,0.0000,0.0338,0.1539,-0.0469,0.0778,0.9839,4.943,,,,,,,
117,Right,5,0.0007,0.0010,0.0246,0.0000,0.0000,0.0000,1.0000,4.943,,,,,,,
117,Right,6,-0.0188,-0.0109,0.0371,0.0000,0.0000,0.0000,1.0000,4.943,,,,,,,
117,Right,7,-0.0047,0.0036,0.0589,0.1086,-0.0190,0.0335,0.9933,4.943,,,,,,,
117,Right,8,0.0000,0.0000,0.0379,0.1553,0.0031,-0.0263,0.9875,4.943,,,,,,,
117,Right,9,0.0000,0.0000,0.0243,0.0521,0.0251,-0.0167,0.9982,4.943,,,,,,,
117,Right,10,0.0003,0.0010,0.0224,0.0000,0.0000,0.0000,1.0000,4.943,,,,,,,
117,Right,11,-0.0026,-0.0084,0.0350,0.0000,0.0000,0.0000,1.0000,4.943,,,,,,,
117,Right,12,0.0009,0.0058,0.0607,0.2456,0.0591,-0.0200,0.9674,4.943,,,,,,,
117,Right,13,0.0000,0.0000,0.0429,0.1378,0.0028,-0.0120,0.9904,4.943,,,,,,,
117,Right,14,0.0000,0.0000,0.0275,0.0242,-0.0005,-0.0460,0.9986,4.943,,,,,,,
117,Right,15,0.0003,0.0011,0.0250,0.0000,0.0000,0.0000,1.0000,4.943,,,,,,,
117,Right,16,0.0150,-0.0060,0.0348,0.0000,0.0000,0.0000,1.0000,4.943,,,,,,,
117,Right,17,0.0025,-0.0005,0.0539,0.2375,0.1197,-0.0757,0.9610,4.943,,,,,,,
117,Right,18,0.0000,0.0000,0.0390,0.1809,-0.0031,-0.0375,0.9828,4.943,,,,,,,
117,Right,19,0.0000,0.0000,0.0266,0.0964,-0.0296,-0.0092,0.9949,4.943,,,,,,,
117,Right,20,0.0003,0.0016,0.0243,0.0000,0.0000,0.0000,1.0000,4.943,,,,,,,
117,Right,21,0.0230,-0.0094,0.0341,0.0183,0.1403,-0.2070,0.9680,4.943,,,,,,,
117,Right,22,0.0000,0.0000,0.0457,0.1388,0.0620,0.0781,0.9853,4.943,,,,,,,
117,Right,23,0.0000,0.0000,0.0307,0.2433,0.0317,-0.0590,0.9676,4.943,,,,,,,
117,Right,24,0.0000,0.0000,0.0203,0.0724,-0.0490,0.0010,0.9962,4.943,,,,,,,
117,Right,25,-0.0002,0.0012,0.0219,0.0000,0.0000,0.0000,1.0000,4.943,,,,,,,
118,Left,0,0.0012,-0.0059,0.0657,0.0000,0.0000,0.0000,1.0000,4.985,,,,,,,
118,Left,1,0.0000,0.0000,0.0000,0.0000,0.0000,0.0000,1.0000,4.985,0.0132,-0.5043,-0.2214,-0.5410,-0.0796,0.0347,0.8365
118,Left,2,0.0245,-0.0225,0.0374,0.0487,0.3246,-0.6858,0.6496,4.985,,,,,,,
118,Left,3,0.0000,0.0000,0.0325,0.3738,-0.0339,0.0780,0.9236,4.985,,,,,,,
118,Left,4,0.0000,0.0000,0.0338,0.2216,0.0406,-0.0751,0.9714,4.985,,,,,,,
118,Left,5,-0.0007,0.0010,0.0246,0.0000,0.0000,0.0000,1.0000,4.985,,,,,,,
118,Left,6,0.0170,-0.0127,0.0379,0.0000,0.0000,0.0000,1.0000,4.985,,,,,,,
118,Left,7,0.0066,0.0054,0.0581,0.1885,0.0744,-0.0450,0.9782,4.985,,,,,,,
118,Left,8,0.0000,0.0000,0.0379,0.0508,-0.0059,0.0261,0.9984,4.985,,,,,,,
118,Left,9,0.0000,0.0000,0.0243,-0.0450,-0.0267,0.0162,0.9985,4.985,,,,,,,
118,Left,10,-0.0003,0.0010,0.0224,0.0000,0.0000,0.0000,1.0000,4.985,,,,,,,
118,Left,11,0.0007,-0.0093,0.0358,0.0000,0.0000,0.0000,1.0000,4.985,,,,,,,
118,Left,12,0.0010,0.0067,0.0599,0.2527,0.0029,0.0071,0.9675,4.985,,,,,,,
118,Left,13,0.0000,0.0000,0.0429,0.0138,-0.0042,0.0113,0.9998,4.985,,,,,,,
118,Left,14,0.0000,0.0000,0.0275,-0.0605,-0.0032,0.0376,0.9975,4.985,,,,,,,
118,Left,15,-0.0003,0.0011,0.0250,0.0000,0.0000,0.0000,1.0000,4.985,,,,,,,
118,Left,16,-0.0150,-0.0060,0.0348,0.0000,0.0000,0.0000,1.0000,4.985,,,,,,,
118,Left,17,-0.0025,-0.0005,0.0539,0.4897,-0.0263,0.0692,0.8687,4.985,,,,,,,
118,Left,18,0.0000,0.0000,0.0390,0.6681,0.0202,0.0418,0.7426,4.985,,,,,,,
118,Left,19,0.0000,0.0000,0.0266,0.4003,0.0287,0.0230,0.9156,4.985,,,,,,,
118,Left,20,-0.0003,0.0016,0.0243,0.0000,0.0000,0.0000,1.0000,4.985,,,,,,,
118,Left,21,-0.0230,-0.0094,0.0341,0.0183,-0.1403,0.2070,0.9680,4.985,,,,,,,
118,Left,22,0.0000,0.0000,0.0457,0.5024,-0.0210,-0.0701,0.8615,4.985,,,,,,,
118,Left,23,0.0000,0.0000,0.0307,0.6784,-0.0046,0.0879,0.7294,4.985,,,,,,,
118,Left,24,0.0000,0.0000,0.0203,0.4142,0.0445,-0.0021,0.9091,4.985,,,,,,,
118,Left,25,0.0002,0.0012,0.0219,0.0000,0.0000,0.0000,1.0000,4.985,,,,,,,
118,Right,0,-0.0022,-0.0055,0.0653,0.0000,0.0000,0.0000,1.0000,4.985,,,,,,,
118,Right,1,0.0000,0.0000,0.0000,0.0000,0.0000,0.0000,1.0000,4.985,0.3358,-0.2483,-0.2452,0.4191,0.4123,-0.1418,-0.7964
118,Right,2,-0.0282,-0.0189,0.0359,-0.0428,-0.3405,0.6184,0.7069,4.985,,,,,,,
118,Right,3,0.0000,0.0000,0.0325,0.2592,0.0462,-0.0809,0.9613,4.985,,,,,,,
118,Right,4,0.0000,0.0000,0.0338,0.1546,-0.0469,0.0778,0.9838,4.985,,,,,,,
118,Right,5,0.0007,0.0010,0.0246,0.0000,0.0000,0.0000,1.0000,4.985,,,,,,,
118,Right,6,-0.0188,-0.0109,0.0371,0.0000,0.0000,0.0000,1.0000,4.985,,,,,,,
118,Right,7,-0.0047,0.0036,0.0589,0.1085,-0.0193,0.0335,0.9933,4.985,,,,,,,
118,Right,8,0.0000,0.0000,0.0379,0.1553,0.0031,-0.0263,0.9875,4.985,,,,,,,
118,Right,9,0.0000,0.0000,0.0243,0.0522,0.0251,-0.0167,0.9982,4.985,,,,,,,
118,Right,10,0.0003,0.0010,0.0224,0.0000,0.0000,0.0000,1.0000,4.985,,,,,,,
118,Right,11,-0.0026,-0.0084,0.0350,0.0000,0.0000,0.0000,1.0000,4.985,,,,,,,
118,Right,12,0.0009,0.0058,0.0607,0.2457,0.0586,-0.0199,0.9674,4.985,,,,,,,
118,Right,13,0.0000,0.0000,0.0429,0.1376,0.0028,-0.0120,0.9904,4.985,,,,,,,
118,Right,14,0.0000,0.0000,0.0275,0.0240,-0.0005,-0.0460,0.9987,4.985,,,,,,,
118,Right,15,0.0003,0.0011,0.0250,0.0000,0.0000,0.0000,1.0000,4.985,,,,,,,
118,Right,16,0.0150,-0.0060,0.0348,0.0000,0.0000,0.0000,1.0000,4.985,,,,,,,
118,Right,17,0.0025,-0.0005,0.0539,0.2368,0.1196,-0.0756,0.9612,4.985,,,,,,,
118,Right,18,0.0000,0.0000,0.0390,0.1811,-0.0031,-0.0375,0.9827,4.985,,,,,,,
118,Right,19,0.0000,0.0000,0.0266,0.0967,-0.0296,-0.0092,0.9948,4.985,,,,,,,
118,Right,20,0.0003,0.0016,0.0243,0.0000,0.0000,0.0000,1.0000,4.985,,,,,,,
118,Right,21,0.0230,-0.0094,0.0341,0.0183,0.1403,-0.2070,0.9680,4.985,,,,,,,
118,Right,22,0.0000,0.0000,0.0457,0.1381,0.0616,0.0783,0.9854,4.985,,,,,,,
118,Right,23,0.0000,0.0000,0.0307,0.2440,0.0316,-0.0590,0.9675,4.985,,,,,,,
118,Right,24,0.0000,0.0000,0.0203,0.0730,-0.0490,0.0010,0.9961,4.985,,,,,,,
118,Right,25,-0.0002,0.0012,0.0219,0.0000,0.0000,0.0000,1.0000,4.985,,,,,,,
119,Left,0,0.0012,-0.0059,0.0657,0.0000,0.0000,0.0000,1.0000,5.027,,,,,,,
119,Left,1,0.0000,0.0000,0.0000,0.0000,0.0000,0.0000,1.0000,5.027,0.0133,-0.5039,-0.2220,-0.5415,-0.0795,0.0358,0.8362
119,Left,2,0.0245,-0.0225,0.0374,0.0482,0.3240,-0.6858,0.6499,5.027,,,,,,,
119,Left,3,0.0000,0.0000,0.0325,0.3736,-0.0340,0.0780,0.9237,5.027,,,,,,,
119,Left,4,0.0000,0.0000,0.0338,0.2225,0.0405,-0.0751,0.9712,5.027,,,,,,,
119,Left,5,-0.0007,0.0010,0.0246,0.0000,0.0000,0.0000,1.0000,5.027,,,,,,,
119,Left,6,0.0170,-0.0127,0.0379,0.0000,0.0000,0.0000,1.0000,5.027,,,,,,,
119,Left,7,0.0066,0.0054,0.0581,0.1883,0.0735,-0.0449,0.9783,5.027,,,,,,,
119,Left,8,0.0000,0.0000,0.0379,0.0514,-0.0059,0.0261,0.9983,5.027,,,,,,,
119,Left,9,0.0000,0.0000,0.0243,-0.0445,-0.0267,0.0162,0.9985,5.027,,,,,,,
119,Left,10,-0.0003,0.0010,0.0224,0.0000,0.0000,0.0000,1.0000,5.027,,,,,,,
119,Left,11,0.0007,-0.0093,0.0358,0.0000,0.0000,0.0000,1.0000,5.027,,,,,,,
119,Left,12,0.0010,0.0067,0.0599,0.2529,0.0031,0.0071,0.9675,5.027,,,,,,,
119,Left,13,0.0000,0.0000,0.0429,0.0135,-0.0042,0.0113,0.9998,5.027,,,,,,,
119,Left,14,0.0000,0.0000,0.0275,-0.0607,-0.0032,0.0376,0.9974,5.027,,,,,,,
119,Left,15,-0.0003,0.0011,0.0250,0.0000,0.0000,0.0000,1.0000,5.027,,,,,,,
119,Left,16,-0.0150,-0.0060,0.0348,0.0000,0.0000,0.0000,1.0000,5.027,,,,,,,
119,Left,17,-0.0025,-0.0005,0.0539,0.4900,-0.0262,0.0691,0.8686,5.027,,,,,,,
119,Left,18,0.0000,0.0000,0.0390,0.6679,0.0202,0.0418,0.7428,5.027,,,,,,,
119,Left,19,0.0000,0.0000,0.0266,0.4002,0.0287,0.0230,0.9157,5.027,,,,,,,
119,Left,20,-0.0003,0.0016,0.0243,0.0000,0.0000,0.0000,1.0000,5.027,,,,,,,
119,Left,21,-0.0230,-0.0094,0.0341,0.0183,-0.1403,0.2070,0.9680,5.027,,,,,,,
119,Left,22,0.0000,0.0000,0.0457,0.5027,-0.0209,-0.0702,0.8613,5.027,,,,,,,
119,Left,23,0.0000,0.0000,0.0307,0.6777,-0.0047,0.0879,0.7301,5.027,,,,,,,
119,Left,24,0.0000,0.0000,0.0203,0.4133,0.0445,-0.0021,0.9095,5.027,,,,,,,
119,Left,25,0.0002,0.0012,0.0219,0.0000,0.0000,0.0000,1.0000,5.027,,,,,,,
119,Right,0,-0.0022,-0.0055,0.0653,0.0000,0.0000,0.0000,1.0000,5.027,,,,,,,
119,Right,1,0.0000,0.0000,0.0000,0.0000,0.0000,0.0000,1.0000,5.027,0.3360,-0.2483,-0.2452,0.4195,0.4127,-0.1423,-0.7959
119,Right,2,-0.0282,-0.0189,0.0359,-0.0423,-0.3404,0.6189,0.7066,5.027,,,,,,,
119,Right,3,0.0000,0.0000,0.0325,0.2593,0.0462,-0.0809,0.9613,5.027,,,,,,,
119,Right,4,0.0000,0.0000,0.0338,0.1548,-0.0468,0.0777,0.9838,5.027,,,,,,,
119,Right,5,0.0007,0.0010,0.0246,0.0000,0.0000,0.0000,1.0000,5.027,,,,,,,
119,Right,6,-0.0188,-0.0109,0.0371,0.0000,0.0000,0.0000,1.0000,5.027,,,,,,,
119,Right,7,-0.0047,0.0036,0.0589,0.1087,-0.0186,0.0335,0.9933,5.027,,,,,,,
119,Right,8,0.0000,0.0000,0.0379,0.1556,0.0031,-0.0263,0.9875,5.027,,,,,,,
119,Right,9,0.0000,0.0000,0.0243,0.0524,0.0251,-0.0167,0.9982,5.027,,,,,,,
119,Right,10,0.0003,0.0010,0.0224,0.0000,0.0000,0.0000,1.0000,5.027,,,,,,,
119,Right,11,-0.0026,-0.0084,0.0350,0.0000,0.0000,0.0000,1.0000,5.027,,,,,,,
119,Right,12,0.0009,0.0058,0.0607,0.2455,0.0586,-0.0200,0.9674,5.027,,,,,,,
119,Right,13,0.0000,0.0000,0.0429,0.1380,0.0028,-0.0120,0.9904,5.027,,,,,,,
119,Right,14,0.0000,0.0000,0.0275,0.0242,-0.0005,-0.0460,0.9986,5.027,,,,,,,
119,Right,15,0.0003,0.0011,0.0250,0.0000,0.0000,0.0000,1.0000,5.027,,,,,,,
119,Right,16,0.0150,-0.0060,0.0348,0.0000,0.0000,0.0000,1.0000,5.027,,,,,,,
119,Right,17,0.0025,-0.0005,0.0539,0.2366,0.1196,-0.0755,0.9613,5.027,,,,,,,
119,Right,18,0.0000,0.0000,0.0390,0.1817,-0.0032,-0.0375,0.9826,5.027,,,,,,,
119,Right,19,0.0000,0.0000,0.0266,0.0971,-0.0296,-0.0092,0.9948,5.027,,,,,,,
119,Right,20,0.0003,0.0016,0.0243,0.0000,0.0000,0.0000,1.0000,5.027,,,,,,,
119,Right,21,0.0230,-0.0094,0.0341,0.0183,0.1403,-0.2070,0.9680,5.027,,,,,,,
119,Right,22,0.0000,0.0000,0.0457,0.1380,0.0614,0.0783,0.9854,5.027,,,,,,,
119,Right,23,0.0000,0.0000,0.0307,0.2448,0.0316,-0.0591,0.9673,5.027,,,,,,,
119,Right,24,0.0000,0.0000,0.0203,0.0736,-0.0490,0.0010,0.9961,5.027,,,,,,,
119,Right,25,-0.0002,0.0012,0.0219,0.0000,0.0000,0.0000,1.0000,5.027,,,,,,,
120,Left,0,0.0012,-0.0059,0.0657,0.0000,0.0000,0.0000,1.0000,5.068,,,,,,,
120,Left,1,0.0000,0.0000,0.0000,0.0000,0.0000,0.0000,1.0000,5.068,0.0128,-0.5044,-0.2211,-0.5415,-0.0830,0.0282,0.8361
120,Left,2,0.0245,-0.0225,0.0374,0.0465,0.3231,-0.6853,0.6510,5.068,,,,,,,
120,Left,3,0.0000,0.0000,0.0325,0.3735,-0.0340,0.0780,0.9237,5.068,,,,,,,
120,Left,4,0.0000,0.0000,0.0338,0.2231,0.0404,-0.0751,0.9711,5.068,,,,,,,
120,Left,5,-0.0007,0.0010,0.0246,0.0000,0.0000,0.0000,1.0000,5.068,,,,,,,
120,Left,6,0.0170,-0.0127,0.0379,0.0000,0.0000,0.0000,1.0000,5.068,,,,,,,
120,Left,7,0.0066,0.0054,0.0581,0.1892,0.0734,-0.0450,0.9782,5.068,,,,,,,
120,Left,8,0.0000,0.0000,0.0379,0.0512,-0.0059,0.0261,0.9983,5.068,,,,,,,
120,Left,9,0.0000,0.0000,0.0243,-0.0448,-0.0267,0.0162,0.9985,5.068,,,,,,,
120,Left,10,-0.0003,0.0010,0.0224,0.0000,0.0000,0.0000,1.0000,5.068,,,,,,,
120,Left,11,0.0008,-0.0092,0.0358,0.0000,0.0000,0.0000,1.0000,5.068,,,,,,,
120,Left,12,0.0010,0.0067,0.0599,0.2522,0.0025,0.0072,0.9677,5.068,,,,,,,
120,Left,13,0.0000,0.0000,0.0429,0.0126,-0.0042,0.0113,0.9998,5.068,,,,,,,
120,Left,14,0.0000,0.0000,0.0275,-0.0612,-0.0032,0.0375,0.9974,5.068,,,,,,,
120,Left,15,-0.0003,0.0011,0.0250,0.0000,0.0000,0.0000,1.0000,5.068,,,,,,,
120,Left,16,-0.0150,-0.0060,0.0348,0.0000,0.0000,0.0000,1.0000,5.068,,,,,,,
120,Left,17,-0.0025,-0.0005,0.0539,0.4886,-0.0264,0.0692,0.8693,5.068,,,,,,,
120,Left,18,0.0000,0.0000,0.0390,0.6677,0.0202,0.0418,0.7430,5.068,,,,,,,
120,Left,19,0.0000,0.0000,0.0266,0.4000,0.0287,0.0230,0.9158,5.068,,,,,,,
120,Left,20,-0.0003,0.0016,0.0243,0.0000,0.0000,0.0000,1.0000,5.068,,,,,,,
120,Left,21,-0.0230,-0.0094,0.0341,0.0183,-0.1403,0.2070,0.9680,5.068,,,,,,,
120,Left,22,0.0000,0.0000,0.0457,0.5018,-0.0210,-0.0701,0.8619,5.068,,,,,,,
120,Left,23,0.0000,0.0000,0.0307,0.6775,-0.0047,0.0879,0.7303,5.068,,,,,,,
120,Left,24,0.0000,0.0000,0.0203,0.4123,0.0445,-0.0021,0.9100,5.068,,,,,,,
120,Left,25,0.0002,0.0012,0.0219,0.0000,0.0000,0.0000,1.0000,5.068,,,,,,,
120,Right,0,-0.0022,-0.0055,0.0653,0.0000,0.0000,0.0000,1.0000,5.068,,,,,,,
120,Right,1,0.0000,0.0000,0.0000,0.0000,0.0000,0.0000,1.0000,5.068,0.3360,-0.2485,-0.2454,0.4192,0.4123,-0.1419,-0.7963
120,Right,2,-0.0282,-0.0190,0.0359,-0.0420,-0.3401,0.6192,0.7065,5.068,,,,,,,
120,Right,3,0.0000,0.0000,0.0325,0.2589,0.0462,-0.0809,0.9614,5.068,,,,,,,
120,Right,4,0.0000,0.0000,0.0338,0.1544,-0.0469,0.0778,0.9838,5.068,,,,,,,
120,Right,5,0.0007,0.0010,0.0246,0.0000,0.0000,0.0000,1.0000,5.068,,,,,,,
120,Right,6,-0.0188,-0.0109,0.0371,0.0000,0.0000,0.0000,1.0000,5.068,,,,,,,
120,Right,7,-0.0047,0.0036,0.0589,0.1082,-0.0184,0.0335,0.9934,5.068,,,,,,,
120,Right,8,0.0000,0.0000,0.0379,0.1559,0.0031,-0.0263,0.9874,5.068,,,,,,,
120,Right,9,0.0000,0.0000,0.0243,0.0528,0.0251,-0.0167,0.9982,5.068,,,,,,,
120,Right,10,0.0003,0.0010,0.0224,0.0000,0.0000,0.0000,1.0000,5.068,,,,,,,
120,Right,11,-0.0026,-0.0084,0.0350,0.0000,0.0000,0.0000,1.0000,5.068,,,,,,,
120,Right,12,0.0009,0.0058,0.0607,0.2459,0.0592,-0.0201,0.9673,5.068,,,,,,,
120,Right,13,0.0000,0.0000,0.0429,0.1382,0.0028,-0.0120,0.9903,5.068,,,,,,,
120,Right,14,0.0000,0.0000,0.0275,0.0243,-0.0005,-0.0460,0.9986,5.068,,,,,,,
120,Right,15,0.0003,0.0011,0.0250,0.0000,0.0000,0.0000,1.0000,5.068,,,,,,,
120,Right,16,0.0150,-0.0060,0.0348,0.0000,0.0000,0.0000,1.0000,5.068,,,,,,,
120,Right,17,0.0025,-0.0005,0.0539,0.2365,0.1200,-0.0756,0.9612,5.068,,,,,,,
120,Right,18,0.0000,0.0000,0.0390,0.1818,-0.0032,-0.0375,0.9826,5.068,,,,,,,
120,Right,19,0.0000,0.0000,0.0266,0.0972,-0.0296,-0.0092,0.9948,5.068,,,,,,,
120,Right,20,0.0003,0.0016,0.0243,0.0000,0.0000,0.0000,1.0000,5.068,,,,,,,
120,Right,21,0.0230,-0.0094,0.0341,0.0183,0.1403,-0.2070,0.9680,5.068,,,,,,,
120,Right,22,0.0000,0.0000,0.0457,0.1374,0.0611,0.0784,0.9855,5.068,,,,,,,
120,Right,23,0.0000,0.0000,0.0307,0.2455,0.0316,-0.0591,0.9671,5.068,,,,,,,
120,Right,24,0.0000,0.0000,0.0203,0.0742,-0.0490,0.0010,0.9960,5.068,,,,,,,
120,Right,25,-0.0002,0.0012,0.0219,0.0000,0.0000,0.0000,1.0000,5.068,,,,,,,
121,Left,0,0.0013,-0.0059,0.0657,0.0000,0.0000,0.0000,1.0000,5.110,,,,,,,
121,Left,1,0.0000,0.0000,0.0000,0.0000,0.0000,0.0000,1.0000,5.110,0.0128,-0.5041,-0.2213,-0.5420,-0.0818,0.0299,0.8358
121,Left,2,0.0245,-0.0225,0.0374,0.0457,0.3231,-0.6849,0.6515,5.110,,,,,,,
121,Left,3,0.0000,0.0000,0.0325,0.3734,-0.0340,0.0780,0.9238,5.110,,,,,,,
121,Left,4,0.0000,0.0000,0.0338,0.2235,0.0404,-0.0751,0.9710,5.110,,,,,,,
121,Left,5,-0.0007,0.0010,0.0246,0.0000,0.0000,0.0000,1.0000,5.110,,,,,,,
121,Left,6,0.0170,-0.0127,0.0379,0.0000,0.0000,0.0000,1.0000,5.110,,,,,,,
121,Left,7,0.0066,0.0054,0.0581,0.1899,0.0731,-0.0450,0.9780,5.110,,,,,,,
121,Left,8,0.0000,0.0000,0.0379,0.0512,-0.0059,0.0261,0.9983,5.110,,,,,,,
121,Left,9,0.0000,0.0000,0.0243,-0.0446,-0.0267,0.0162,0.9985,5.110,,,,,,,
121,Left,10,-0.0003,0.0010,0.0224,0.0000,0.0000,0.0000,1.0000,5.110,,,,,,,
121,Left,11,0.0008,-0.0092,0.0357,0.0000,0.0000,0.0000,1.0000,5.110,,,,,,,
121,Left,12,0.0010,0.0067,0.0599,0.2526,0.0024,0.0072,0.9676,5.110,,,,,,,
121,Left,13,0.0000,0.0000,0.0429,0.0123,-0.0042,0.0113,0.9999,5.110,,,,,,,
121,Left,14,0.0000,0.0000,0.0275,-0.0618,-0.0032,0.0375,0.9974,5.110,,,,,,,
121,Left,15,-0.0003,0.0011,0.0250,0.0000,0.0000,0.0000,1.0000,5.110,,,,,,,
121,Left,16,-0.0150,-0.0060,0.0348,0.0000,0.0000,0.0000,1.0000,5.110,,,,,,,
121,Left,17,-0.0025,-0.0005,0.0539,0.4889,-0.0261,0.0690,0.8692,5.110,,,,,,,
121,Left,18,0.0000,0.0000,0.0390,0.6674,0.0201,0.0418,0.7432,5.110,,,,,,,
121,Left,19,0.0000,0.0000,0.0266,0.3994,0.0287,0.0230,0.9160,5.110,,,,,,,
121,Left,20,-0.0003,0.0016,0.0243,0.0000,0.0000,0.0000,1.0000,5.110,,,,,,,
121,Left,21,-0.0230,-0.0094,0.0341,0.0183,-0.1403,0.2070,0.9680,5.110,,,,,,,
121,Left,22,0.0000,0.0000,0.0457,0.5013,-0.0210,-0.0702,0.8622,5.110,,,,,,,
121,Left,23,0.0000,0.0000,0.0307,0.6769,-0.0048,0.0878,0.7308,5.110,,,,,,,
121,Left,24,0.0000,0.0000,0.0203,0.4113,0.0445,-0.0021,0.9104,5.110,,,,,,,
121,Left,25,0.0002,0.0012,0.0219,0.0000,0.0000,0.0000,1.0000,5.110,,,,,,,
121,Right,0,-0.0022,-0.0055,0.0653,0.0000,0.0000,0.0000,1.0000,5.110,,,,,,,
121,Right,1,0.0000,0.0000,0.0000,0.0000,0.0000,0.0000,1.0000,5.110,0.3361,-0.2484,-0.2452,0.4191,0.4116,-0.1418,-0.7968
121,Right,2,-0.0282,-0.0190,0.0359,-0.0416,-0.3401,0.6195,0.7063,5.110,,,,,,,
121,Right,3,0.0000,0.0000,0.0325,0.2582,0.0463,-0.0809,0.9616,5.110,,,,,,,
121,Right,4,0.0000,0.0000,0.0338,0.1540,-0.0469,0.0778,0.9839,5.110,,,,,,,
121,Right,5,0.0007,0.0010,0.0246,0.0000,0.0000,0.0000,1.0000,5.110,,,,,,,
121,Right,6,-0.0188,-0.0110,0.0371,0.0000,0.0000,0.0000,1.0000,5.110,,,,,,,
121,Right,7,-0.0048,0.0036,0.0589,0.1082,-0.0188,0.0335,0.9934,5.110,,,,,,,
121,Right,8,0.0000,0.0000,0.0379,0.1560,0.0031,-0.0263,0.9874,5.110,,,,,,,
121,Right,9,0.0000,0.0000,0.0243,0.0529,0.0251,-0.0167,0.9981,5.110,,,,,,,
121,Right,10,0.0003,0.0010,0.0224,0.0000,0.0000,0.0000,1.0000,5.110,,,,,,,
121,Right,11,-0.0026,-0.0084,0.0350,0.0000,0.0000,0.0000,1.0000,5.110,,,,,,,
121,Right,12,0.0009,0.0058,0.0607,0.2464,0.0591,-0.0201,0.9672,5.110,,,,,,,
121,Right,13,0.0000,0.0000,0.0429,0.1386,0.0028,-0.0120,0.9903,5.110,,,,,,,
121,Right,14,0.0000,0.0000,0.0275,0.0246,-0.0005,-0.0460,0.9986,5.110,,,,,,,
121,Right,15,0.0003,0.0011,0.0250,0.0000,0.0000,0.0000,1.0000,5.110,,,,,,,
121,Right,16,0.0150,-0.0060,0.0348,0.0000,0.0000,0.0000,1.0000,5.110,,,,,,,
121,Right,17,0.0025,-0.0005,0.0539,0.2362,0.1200,-0.0756,0.9613,5.110,,,,,,,
121,Right,18,0.0000,0.0000,0.0390,0.1824,-0.0032,-0.0375,0.9825,5.110,,,,,,,
121,Right,19,0.0000,0.0000,0.0266,0.0976,-0.0296,-0.0092,0.9947,5.110,,,,,,,
121,Right,20,0.0003,0.0016,0.0243,0.0000,0.0000,0.0000,1.0000,5.110,,,,,,,
121,Right,21,0.0230,-0.0094,0.0341,0.0183,0.1403,-0.2070,0.9680,5.110,,,,,,,
121,Right,22,0.0000,0.0000,0.0457,0.1368,0.0607,0.0785,0.9856,5.110,,,,,,,
121,Right,23,0.0000,0.0000,0.0307,0.2462,0.0315,-0.0592,0.9669,5.110,,,,,,,
121,Right,24,0.0000,0.0000,0.0203,0.0748,-0.0490,0.0010,0.9960,5.110,,,,,,,
121,Right,25,-0.0002,0.0012,0.0219,0.0000,0.0000,0.0000,1.0000,5.110,,,,,,,
122,Left,0,0.0013,-0.0059,0.0657,0.0000,0.0000,0.0000,1.0000,5.152,,,,,,,
122,Left,1,0.0000,0.0000,0.0000,0.0000,0.0000,0.0000,1.0000,5.152,0.0127,-0.5038,-0.2211,-0.5423,-0.0817,0.0303,0.8356
122,Left,2,0.0246,-0.0224,0.0374,0.0446,0.3238,-0.6839,0.6522,5.152,,,,,,,
122,Left,3,0.0000,0.0000,0.0325,0.3730,-0.0340,0.0780,0.9239,5.152,,,,,,,
122,Left,4,0.0000,0.0000,0.0338,0.2238,0.0404,-0.0751,0.9709,5.152,,,,,,,
122,Left,5,-0.0007,0.0010,0.0246,0.0000,0.0000,0.0000,1.0000,5.152,,,,,,,
122,Left,6,0.0170,-0.0127,0.0379,0.0000,0.0000,0.0000,1.0000,5.152,,,,,,,
122,Left,7,0.0065,0.0054,0.0581,0.1903,0.0730,-0.0450,0.9780,5.152,,,,,,,
122,Left,8,0.0000,0.0000,0.0379,0.0509,-0.0059,0.0261,0.9983,5.152,,,,,,,
122,Left,9,0.0000,0.0000,0.0243,-0.0447,-0.0267,0.0162,0.9985,5.152,,,,,,,
122,Left,10,-0.0003,0.0010,0.0224,0.0000,0.0000,0.0000,1.0000,5.152,,,,,,,
122,Left,11,0.0008,-0.0092,0.0357,0.0000,0.0000,0.0000,1.0000,5.152,,,,,,,
122,Left,12,0.0009,0.0067,0.0599,0.2526,0.0024,0.0073,0.9675,5.152,,,,,,,
122,Left,13,0.0000,0.0000,0.0429,0.0118,-0.0042,0.0113,0.9999,5.152,,,,,,,
122,Left,14,0.0000,0.0000,0.0275,-0.0619,-0.0033,0.0375,0.9974,5.152,,,,,,,
122,Left,15,-0.0003,0.0011,0.0250,0.0000,0.0000,0.0000,1.0000,5.152,,,,,,,
122,Left,16,-0.0150,-0.0060,0.0348,0.0000,0.0000,0.0000,1.0000,5.152,,,,,,,
122,Left,17,-0.0025,-0.0005,0.0539,0.4893,-0.0260,0.0690,0.8690,5.152,,,,,,,
122,Left,18,0.0000,0.0000,0.0390,0.6670,0.0201,0.0418,0.7436,5.152,,,,,,,
122,Left,19,0.0000,0.0000,0.0266,0.3989,0.0287,0.0230,0.9162,5.152,,,,,,,
122,Left,20,-0.0003,0.0016,0.0243,0.0000,0.0000,0.0000,1.0000,5.152,,,,,,,
122,Left,21,-0.0230,-0.0094,0.0341,0.0183,-0.1403,0.2070,0.9680,5.152,,,,,,,
122,Left,22,0.0000,0.0000,0.0457,0.5009,-0.0210,-0.0702,0.8624,5.152,,,,,,,
122,Left,23,0.0000,0.0000,0.0307,0.6762,-0.0048,0.0878,0.7315,5.152,,,,,,,
122,Left,24,0.0000,0.0000,0.0203,0.4106,0.0445,-0.0021,0.9107,5.152,,,,,,,
122,Left,25,0.0002,0.0012,0.0219,0.0000,0.0000,0.0000,1.0000,5.152,,,,,,,
122,Right,0,-0.0022,-0.0055,0.0653,0.0000,0.0000,0.0000,1.0000,5.152,,,,,,,
122,Right,1,0.0000,0.0000,0.0000,0.0000,0.0000,0.0000,1.0000,5.152,0.3363,-0.2483,-0.2450,0.4192,0.4114,-0.1415,-0.7969
122,Right,2,-0.0282,-0.0190,0.0359,-0.0413,-0.3399,0.6199,0.7061,5.152,,,,,,,
122,Right,3,0.0000,0.0000,0.0325,0.2580,0.0463,-0.0809,0.9616,5.152,,,,,,,
122,Right,4,0.0000,0.0000,0.0338,0.1538,-0.0469,0.0778,0.9839,5.152,,,,,,,
122,Right,5,0.0007,0.0010,0.0246,0.0000,0.0000,0.0000,1.0000,5.152,,,,,,,
122,Right,6,-0.0188,-0.0110,0.0371,0.0000,0.0000,0.0000,1.0000,5.152,,,,,,,
122,Right,7,-0.0048,0.0036,0.0589,0.1081,-0.0194,0.0335,0.9934,5.152,,,,,,,
122,Right,8,0.0000,0.0000,0.0379,0.1562,0.0031,-0.0263,0.9874,5.152,,,,,,,
122,Right,9,0.0000,0.0000,0.0243,0.0530,0.0251,-0.0167,0.9981,5.152,,,,,,,
122,Right,10,0.0003,0.0010,0.0224,0.0000,0.0000,0.0000,1.0000,5.152,,,,,,,
122,Right,11,-0.0026,-0.0084,0.0350,0.0000,0.0000,0.0000,1.0000,5.152,,,,,,,
122,Right,12,0.0009,0.0058,0.0607,0.2464,0.0590,-0.0201,0.9672,5.152,,,,,,,
122,Right,13,0.0000,0.0000,0.0429,0.1388,0.0028,-0.0120,0.9902,5.152,,,,,,,
122,Right,14,0.0000,0.0000,0.0275,0.0249,-0.0005,-0.0461,0.9986,5.152,,,,,,,
122,Right,15,0.0003,0.0011,0.0250,0.0000,0.0000,0.0000,1.0000,5.152,,,,,,,
122,Right,16,0.0150,-0.0060,0.0348,0.0000,0.0000,0.0000,1.0000,5.152,,,,,,,
122,Right,17,0.0025,-0.0005,0.0539,0.2364,0.1198,-0.0755,0.9613,5.152,,,,,,,
122,Right,18,0.0000,0.0000,0.0390,0.1829,-0.0032,-0.0375,0.9824,5.152,,,,,,,
122,Right,19,0.0000,0.0000,0.0266,0.0979,-0.0296,-0.0092,0.9947,5.152,,,,,,,
122,Right,20,0.0003,0.0016,0.0243,0.0000,0.0000,0.0000,1.0000,5.152,,,,,,,
122,Right,21,0.0230,-0.0094,0.0341,0.0183,0.1403,-0.2070,0.9680,5.152,,,,,,,
122,Right,22,0.0000,0.0000,0.0457,0.1364,0.0603,0.0786,0.9857,5.152,,,,,,,
122,Right,23,0.0000,0.0000,0.0307,0.2470,0.0315,-0.0592,0.9667,5.152,,,,,,,
122,Right,24,0.0000,0.0000,0.0203,0.0754,-0.0490,0.0010,0.9959,5.152,,,,,,,
122,Right,25,-0.0002,0.0012,0.0219,0.0000,0.0000,0.0000,1.0000,5.152,,,,,,,
123,Left,0,0.0013,-0.0059,0.0657,0.0000,0.0000,0.0000,1.0000,5.193,,,,,,,
123,Left,1,0.0000,0.0000,0.0000,0.0000,0.0000,0.0000,1.0000,5.193,0.0127,-0.5036,-0.2208,-0.5447,-0.0811,0.0306,0.8342
123,Left,2,0.0246,-0.0224,0.0374,0.0439,0.3236,-0.6836,0.6527,5.193,,,,,,,
123,Left,3,0.0000,0.0000,0.0325,0.3734,-0.0340,0.0780,0.9238,5.193,,,,,,,
123,Left,4,0.0000,0.0000,0.0338,0.2247,0.0403,-0.0750,0.9707,5.193,,,,,,,
123,Left,5,-0.0007,0.0010,0.0246,0.0000,0.0000,0.0000,1.0000,5.193,,,,,,,
123,Left,6,0.0170,-0.0127,0.0379,0.0000,0.0000,0.0000,1.0000,5.193,,,,,,,
123,Left,7,0.0065,0.0053,0.0581,0.1914,0.0733,-0.0452,0.9777,5.193,,,,,,,
123,Left,8,0.0000,0.0000,0.0379,0.0509,-0.0059,0.0261,0.9983,5.193,,,,,,,
123,Left,9,0.0000,0.0000,0.0243,-0.0447,-0.0267,0.0162,0.9985,5.193,,,,,,,
123,Left,10,-0.0003,0.0010,0.0224,0.0000,0.0000,0.0000,1.0000,5.193,,,,,,,
123,Left,11,0.0008,-0.0092,0.0357,0.0000,0.0000,0.0000,1.0000,5.193,,,,,,,
123,Left,12,0.0009,0.0067,0.0599,0.2533,0.0028,0.0072,0.9674,5.193,,,,,,,
123,Left,13,0.0000,0.0000,0.0429,0.0106,-0.0042,0.0113,0.9999,5.193,,,,,,,
123,Left,14,0.0000,0.0000,0.0275,-0.0626,-0.0033,0.0374,0.9973,5.193,,,,,,,
123,Left,15,-0.0003,0.0011,0.0250,0.0000,0.0000,0.0000,1.0000,5.193,,,,,,,
123,Left,16,-0.0150,-0.0060,0.0348,0.0000,0.0000,0.0000,1.0000,5.193,,,,,,,
123,Left,17,-0.0025,-0.0005,0.0539,0.4901,-0.0263,0.0692,0.8685,5.193,,,,,,,
123,Left,18,0.0000,0.0000,0.0390,0.6671,0.0201,0.0418,0.7435,5.193,,,,,,,
123,Left,19,0.0000,0.0000,0.0266,0.3991,0.0287,0.0230,0.9162,5.193,,,,,,,
123,Left,20,-0.0003,0.0016,0.0243,0.0000,0.0000,0.0000,1.0000,5.193,,,,,,,
123,Left,21,-0.0230,-0.0094,0.0341,0.0183,-0.1403,0.2070,0.9680,5.193,,,,,,,
123,Left,22,0.0000,0.0000,0.0457,0.5007,-0.0212,-0.0700,0.8625,5.193,,,,,,,
123,Left,23,0.0000,0.0000,0.0307,0.6758,-0.0048,0.0878,0.7318,5.193,,,,,,,
123,Left,24,0.0000,0.0000,0.0203,0.4103,0.0445,-0.0021,0.9109,5.193,,,,,,,
123,Left,25,0.0002,0.0012,0.0219,0.0000,0.0000,0.0000,1.0000,5.193,,,,,,,
123,Right,0,-0.0021,-0.0055,0.0653,0.0000,0.0000,0.0000,1.0000,5.193,,,,,,,
123,Right,1,0.0000,0.0000,0.0000,0.0000,0.0000,0.0000,1.0000,5.193,0.3367,-0.2482,-0.2449,0.4193,0.4119,-0.1415,-0.7966
123,Right,2,-0.0281,-0.0190,0.0359,-0.0411,-0.3396,0.6201,0.7060,5.193,,,,,,,
123,Right,3,0.0000,0.0000,0.0325,0.2581,0.0463,-0.0809,0.9616,5.193,,,,,,,
123,Right,4,0.0000,0.0000,0.0338,0.1541,-0.0469,0.0778,0.9839,5.193,,,,,,,
123,Right,5,0.0007,0.0010,0.0246,0.0000,0.0000,0.0000,1.0000,5.193,,,,,,,
123,Right,6,-0.0188,-0.0110,0.0371,0.0000,0.0000,0.0000,1.0000,5.193,,,,,,,
123,Right,7,-0.0048,0.0037,0.0588,0.1076,-0.0195,0.0335,0.9934,5.193,,,,,,,
123,Right,8,0.0000,0.0000,0.0379,0.1561,0.0031,-0.0263,0.9874,5.193,,,,,,,
123,Right,9,0.0000,0.0000,0.0243,0.0530,0.0251,-0.0167,0.9981,5.193,,,,,,,
123,Right,10,0.0003,0.0010,0.0224,0.0000,0.0000,0.0000,1.0000,5.193,,,,,,,
123,Right,11,-0.0026,-0.0084,0.0350,0.0000,0.0000,0.0000,1.0000,5.193,,,,,,,
123,Right,12,0.0008,0.0058,0.0607,0.2461,0.0589,-0.0200,0.9672,5.193,,,,,,,
123,Right,13,0.0000,0.0000,0.0429,0.1388,0.0028,-0.0120,0.9902,5.193,,,,,,,
123,Right,14,0.0000,0.0000,0.0275,0.0250,-0.0005,-0.0461,0.9986,5.193,,,,,,,
123,Right,15,0.0003,0.0011,0.0250,0.0000,0.0000,0.0000,1.0000,5.193,,,,,,,
123,Right,16,0.0150,-0.0060,0.0348,0.0000,0.0000,0.0000,1.0000,5.193,,,,,,,
123,Right,17,0.0025,-0.0005,0.0539,0.2363,0.1197,-0.0755,0.9613,5.193,,,,,,,
123,Right,18,0.0000,0.0000,0.0390,0.1833,-0.0032,-0.0376,0.9823,5.193,,,,,,,
123,Right,19,0.0000,0.0000,0.0266,0.0983,-0.0296,-0.0092,0.9947,5.193,,,,,,,
123,Right,20,0.0003,0.0016,0.0243,0.0000,0.0000,0.0000,1.0000,5.193,,,,,,,
123,Right,21,0.0230,-0.0094,0.0341,0.0183,0.1403,-0.2070,0.9680,5.193,,,,,,,
123,Right,22,0.0000,0.0000,0.0457,0.1362,0.0598,0.0787,0.9857,5.193,,,,,,,
123,Right,23,0.0000,0.0000,0.0307,0.2478,0.0314,-0.0593,0.9665,5.193,,,,,,,
123,Right,24,0.0000,0.0000,0.0203,0.0761,-0.0490,0.0010,0.9959,5.193,,,,,,,
123,Right,25,-0.0002,0.0012,0.0219,0.0000,0.0000,0.0000,1.0000,5.193,,,,,,,
