FrameIndex,HandType,JointID,LocalPosX,LocalPosY,LocalPosZ,LocalRotX,LocalRotY,LocalRotZ,LocalRotW,Timestamp,WorldPosX,WorldPosY,WorldPosZ,WorldRotX,WorldRotY,WorldRotZ,WorldRotW
0,Left,0,0.0026,-0.0051,0.0650,0.0000,0.0000,0.0000,1.0000,0.000,,,,,,,
0,Left,1,0.0000,0.0000,0.0000,0.0000,0.0000,0.0000,1.0000,0.000,-0.0787,0.2410,0.0118,0.4836,-0.4791,0.4518,0.5766
0,Left,2,0.0300,-0.0165,0.0347,-0.1620,0.2537,-0.5482,0.7803,0.000,,,,,,,
0,Left,3,0.0000,0.0000,0.0325,0.1497,-0.0569,0.0826,0.9836,0.000,,,,,,,
0,Left,4,0.0000,0.0000,0.0338,-0.1125,0.0692,-0.0844,0.9876,0.000,,,,,,,
0,Left,5,-0.0007,0.0010,0.0246,0.0000,0.0000,0.0000,1.0000,0.000,,,,,,,
0,Left,6,0.0197,-0.0097,0.0365,0.0000,0.0000,0.0000,1.0000,0.000,,,,,,,
0,Left,7,0.0039,0.0024,0.0595,0.1477,-0.0648,-0.0277,0.9865,0.000,,,,,,,
0,Left,8,0.0000,0.0000,0.0379,0.1755,-0.0026,0.0263,0.9841,0.000,,,,,,,
0,Left,9,0.0000,0.0000,0.0243,0.0438,-0.0253,0.0167,0.9986,0.000,,,,,,,
0,Left,10,-0.0003,0.0010,0.0224,0.0000,0.0000,0.0000,1.0000,0.000,,,,,,,
0,Left,11,0.0035,-0.0077,0.0344,0.0000,0.0000,0.0000,1.0000,0.000,,,,,,,
0,Left,12,-0.0018,0.0052,0.0613,0.2050,-0.0782,0.0208,0.9754,0.000,,,,,,,
0,Left,13,0.0000,0.0000,0.0429,0.1613,-0.0025,0.0121,0.9868,0.000,,,,,,,
0,Left,14,0.0000,0.0000,0.0275,0.0075,-0.0002,0.0444,0.9990,0.000,,,,,,,
0,Left,15,-0.0003,0.0011,0.0250,0.0000,0.0000,0.0000,1.0000,0.000,,,,,,,
0,Left,16,-0.0150,-0.0060,0.0348,0.0000,0.0000,0.0000,1.0000,0.000,,,,,,,
0,Left,17,-0.0025,-0.0005,0.0539,0.1871,-0.0798,0.0639,0.9770,0.000,,,,,,,
0,Left,18,0.0000,0.0000,0.0390,0.1219,0.0011,0.0363,0.9919,0.000,,,,,,,
0,Left,19,0.0000,0.0000,0.0266,0.0427,0.0295,0.0067,0.9986,0.000,,,,,,,
0,Left,20,-0.0003,0.0016,0.0243,0.0000,0.0000,0.0000,1.0000,0.000,,,,,,,
0,Left,21,-0.0230,-0.0094,0.0341,0.0183,-0.1403,0.2070,0.9680,0.000,,,,,,,
0,Left,22,0.0000,0.0000,0.0457,0.1230,0.0344,-0.0907,0.9877,0.000,,,,,,,
0,Left,23,0.0000,0.0000,0.0307,0.1261,-0.0372,0.0495,0.9901,0.000,,,,,,,
0,Left,24,0.0000,0.0000,0.0203,0.0211,0.0491,-0.0008,0.9986,0.000,,,,,,,
0,Left,25,0.0002,0.0012,0.0219,0.0000,0.0000,0.0000,1.0000,0.000,,,,,,,
0,Right,0,-0.0027,-0.0051,0.0650,0.0000,0.0000,0.0000,1.0000,0.000,,,,,,,
0,Right,1,0.0000,0.0000,0.0000,0.0000,0.0000,0.0000,1.0000,0.000,0.0875,0.2515,0.0156,-0.4692,-0.5550,0.4930,-0.4784
0,Right,2,-0.0303,-0.0160,0.0345,-0.1429,-0.2945,0.5498,0.7685,0.000,,,,,,,
0,Right,3,0.0000,0.0000,0.0325,0.1543,0.0565,-0.0825,0.9829,0.000,,,,,,,
0,Right,4,0.0000,0.0000,0.0338,-0.0188,-0.0619,0.0827,0.9945,0.000,,,,,,,
0,Right,5,0.0007,0.0010,0.0246,0.0000,0.0000,0.0000,1.0000,0.000,,,,,,,
0,Right,6,-0.0198,-0.0095,0.0364,0.0000,0.0000,0.0000,1.0000,0.000,,,,,,,
0,Right,7,-0.0037,0.0021,0.0596,0.0736,0.0407,0.0306,0.9960,0.000,,,,,,,
0,Right,8,0.0000,0.0000,0.0379,0.1941,0.0020,-0.0264,0.9806,0.000,,,,,,,
0,Right,9,0.0000,0.0000,0.0243,0.0891,0.0245,-0.0168,0.9956,0.000,,,,,,,
0,Right,10,0.0003,0.0010,0.0224,0.0000,0.0000,0.0000,1.0000,0.000,,,,,,,
0,Right,11,-0.0036,-0.0076,0.0343,0.0000,0.0000,0.0000,1.0000,0.000,,,,,,,
0,Right,12,0.0019,0.0051,0.0614,0.1146,0.0963,-0.0152,0.9886,0.000,,,,,,,
0,Right,13,0.0000,0.0000,0.0429,0.1688,0.0024,-0.0122,0.9856,0.000,,,,,,,
0,Right,14,0.0000,0.0000,0.0275,0.0383,-0.0011,-0.0474,0.9981,0.000,,,,,,,
0,Right,15,0.0003,0.0011,0.0250,0.0000,0.0000,0.0000,1.0000,0.000,,,,,,,
0,Right,16,0.0150,-0.0060,0.0348,0.0000,0.0000,0.0000,1.0000,0.000,,,,,,,
0,Right,17,0.0025,-0.0005,0.0539,0.1018,0.1177,-0.0590,0.9861,0.000,,,,,,,
0,Right,18,0.0000,0.0000,0.0390,0.1355,-0.0016,-0.0366,0.9901,0.000,,,,,,,
0,Right,19,0.0000,0.0000,0.0266,0.0605,-0.0295,-0.0075,0.9977,0.000,,,,,,,
0,Right,20,0.0003,0.0016,0.0243,0.0000,0.0000,0.0000,1.0000,0.000,,,,,,,
0,Right,21,0.0230,-0.0094,0.0341,0.0183,0.1403,-0.2070,0.9680,0.000,,,,,,,
0,Right,22,0.0000,0.0000,0.0457,0.0133,0.0277,0.0916,0.9953,0.000,,,,,,,
0,Right,23,0.0000,0.0000,0.0307,0.1383,0.0366,-0.0505,0.9884,0.000,,,,,,,
0,Right,24,0.0000,0.0000,0.0203,0.0188,-0.0491,0.0008,0.9986,0.000,,,,,,,
0,Right,25,-0.0002,0.0012,0.0219,0.0000,0.0000,0.0000,1.0000,0.000,,,,,,,
1,Left,0,0.0026,-0.0052,0.0650,0.0000,0.0000,0.0000,1.0000,0.041,,,,,,,
1,Left,1,0.0000,0.0000,0.0000,0.0000,0.0000,0.0000,1.0000,0.041,-0.0787,0.2410,0.0118,0.4816,-0.4820,0.4531,0.5748
1,Left,2,0.0299,-0.0165,0.0347,-0.1620,0.2523,-0.5489,0.7803,0.041,,,,,,,
1,Left,3,0.0000,0.0000,0.0325,0.1487,-0.0570,0.0826,0.9838,0.041,,,,,,,
1,Left,4,0.0000,0.0000,0.0338,-0.1136,0.0693,-0.0844,0.9875,0.041,,,,,,,
1,Left,5,-0.0007,0.0010,0.0246,0.0000,0.0000,0.0000,1.0000,0.041,,,,,,,
1,Left,6,0.0197,-0.0097,0.0366,0.0000,0.0000,0.0000,1.0000,0.041,,,,,,,
1,Left,7,0.0039,0.0024,0.0594,0.1472,-0.0648,-0.0277,0.9866,0.041,,,,,,,
1,Left,8,0.0000,0.0000,0.0379,0.1743,-0.0026,0.0263,0.9843,0.041,,,,,,,
1,Left,9,0.0000,0.0000,0.0243,0.0429,-0.0253,0.0166,0.9986,0.041,,,,,,,
1,Left,10,-0.0003,0.0010,0.0224,0.0000,0.0000,0.0000,1.0000,0.041,,,,,,,
1,Left,11,0.0035,-0.0078,0.0344,0.0000,0.0000,0.0000,1.0000,0.041,,,,,,,
1,Left,12,-0.0017,0.0052,0.0613,0.2058,-0.0784,0.0209,0.9752,0.041,,,,,,,
1,Left,13,0.0000,0.0000,0.0429,0.1596,-0.0025,0.0121,0.9871,0.041,,,,,,,
1,Left,14,0.0000,0.0000,0.0275,0.0065,-0.0003,0.0443,0.9990,0.041,,,,,,,
1,Left,15,-0.0003,0.0011,0.0250,0.0000,0.0000,0.0000,1.0000,0.041,,,,,,,
1,Left,16,-0.0150,-0.0060,0.0348,0.0000,0.0000,0.0000,1.0000,0.041,,,,,,,
1,Left,17,-0.0025,-0.0005,0.0539,0.1887,-0.0798,0.0641,0.9767,0.041,,,,,,,
1,Left,18,0.0000,0.0000,0.0390,0.1202,0.0011,0.0363,0.9921,0.041,,,,,,,
1,Left,19,0.0000,0.0000,0.0266,0.0422,0.0295,0.0066,0.9987,0.041,,,,,,,
1,Left,20,-0.0003,0.0016,0.0243,0.0000,0.0000,0.0000,1.0000,0.041,,,,,,,
1,Left,21,-0.0230,-0.0094,0.0341,0.0183,-0.1403,0.2070,0.9680,0.041,,,,,,,
1,Left,22,0.0000,0.0000,0.0457,0.1252,0.0343,-0.0906,0.9874,0.041,,,,,,,
1,Left,23,0.0000,0.0000,0.0307,0.1253,-0.0372,0.0495,0.9902,0.041,,,,,,,
1,Left,24,0.0000,0.0000,0.0203,0.0209,0.0491,-0.0008,0.9986,0.041,,,,,,,
1,Left,25,0.0002,0.0012,0.0219,0.0000,0.0000,0.0000,1.0000,0.041,,,,,,,
1,Right,0,-0.0027,-0.0051,0.0650,0.0000,0.0000,0.0000,1.0000,0.041,,,,,,,
1,Right,1,0.0000,0.0000,0.0000,0.0000,0.0000,0.0000,1.0000,0.041,0.0876,0.2514,0.0160,-0.4685,-0.5552,0.4923,-0.4796
1,Right,2,-0.0302,-0.0161,0.0345,-0.1426,-0.2932,0.5507,0.7684,0.041,,,,,,,
1,Right,3,0.0000,0.0000,0.0325,0.1547,0.0565,-0.0825,0.9829,0.041,,,,,,,
1,Right,4,0.0000,0.0000,0.0338,-0.0191,-0.0619,0.0827,0.9945,0.041,,,,,,,
1,Right,5,0.0007,0.0010,0.0246,0.0000,0.0000,0.0000,1.0000,0.041,,,,,,,
1,Right,6,-0.0198,-0.0095,0.0364,0.0000,0.0000,0.0000,1.0000,0.041,,,,,,,
1,Right,7,-0.0037,0.0022,0.0596,0.0749,0.0410,0.0306,0.9959,0.041,,,,,,,
1,Right,8,0.0000,0.0000,0.0379,0.1954,0.0020,-0.0264,0.9804,0.041,,,,,,,
1,Right,9,0.0000,0.0000,0.0243,0.0893,0.0245,-0.0168,0.9956,0.041,,,,,,,
1,Right,10,0.0003,0.0010,0.0224,0.0000,0.0000,0.0000,1.0000,0.041,,,,,,,
1,Right,11,-0.0036,-0.0076,0.0343,0.0000,0.0000,0.0000,1.0000,0.041,,,,,,,
1,Right,12,0.0019,0.0051,0.0614,0.1154,0.0958,-0.0152,0.9886,0.041,,,,,,,
1,Right,13,0.0000,0.0000,0.0429,0.1696,0.0024,-0.0122,0.9854,0.041,,,,,,,
1,Right,14,0.0000,0.0000,0.0275,0.0384,-0.0011,-0.0474,0.9981,0.041,,,,,,,
1,Right,15,0.0003,0.0011,0.0250,0.0000,0.0000,0.0000,1.0000,0.041,,,,,,,
1,Right,16,0.0150,-0.0060,0.0348,0.0000,0.0000,0.0000,1.0000,0.041,,,,,,,
1,Right,17,0.0025,-0.0005,0.0539,0.1029,0.1171,-0.0591,0.9860,0.041,,,,,,,
1,Right,18,0.0000,0.0000,0.0390,0.1362,-0.0016,-0.0366,0.9900,0.041,,,,,,,
1,Right,19,0.0000,0.0000,0.0266,0.0606,-0.0295,-0.0075,0.9977,0.041,,,,,,,
1,Right,20,0.0003,0.0016,0.0243,0.0000,0.0000,0.0000,1.0000,0.041,,,,,,,
1,Right,21,0.0230,-0.0094,0.0341,0.0183,0.1403,-0.2070,0.9680,0.041,,,,,,,
1,Right,22,0.0000,0.0000,0.0457,0.0173,0.0277,0.0913,0.9953,0.041,,,,,,,
1,Right,23,0.0000,0.0000,0.0307,0.1386,0.0366,-0.0506,0.9884,0.041,,,,,,,
1,Right,24,0.0000,0.0000,0.0203,0.0187,-0.0491,0.0008,0.9986,0.041,,,,,,,
1,Right,25,-0.0002,0.0012,0.0219,0.0000,0.0000,0.0000,1.0000,0.041,,,,,,,
2,Left,0,0.0026,-0.0052,0.0650,0.0000,0.0000,0.0000,1.0000,0.083,,,,,,,
2,Left,1,0.0000,0.0000,0.0000,0.0000,0.0000,0.0000,1.0000,0.083,-0.0788,0.2409,0.0115,0.4789,-0.4863,0.4545,0.5723
2,Left,2,0.0299,-0.0166,0.0347,-0.1618,0.2510,-0.5498,0.7801,0.083,,,,,,,
2,Left,3,0.0000,0.0000,0.0325,0.1474,-0.0572,0.0826,0.9840,0.083,,,,,,,
2,Left,4,0.0000,0.0000,0.0338,-0.1147,0.0694,-0.0844,0.9874,0.083,,,,,,,
2,Left,5,-0.0007,0.0010,0.0246,0.0000,0.0000,0.0000,1.0000,0.083,,,,,,,
2,Left,6,0.0197,-0.0098,0.0366,0.0000,0.0000,0.0000,1.0000,0.083,,,,,,,
2,Left,7,0.0039,0.0024,0.0594,0.1466,-0.0649,-0.0277,0.9867,0.083,,,,,,,
2,Left,8,0.0000,0.0000,0.0379,0.1731,-0.0026,0.0263,0.9845,0.083,,,,,,,
2,Left,9,0.0000,0.0000,0.0243,0.0423,-0.0253,0.0166,0.9986,0.083,,,,,,,
2,Left,10,-0.0003,0.0010,0.0224,0.0000,0.0000,0.0000,1.0000,0.083,,,,,,,
2,Left,11,0.0035,-0.0078,0.0344,0.0000,0.0000,0.0000,1.0000,0.083,,,,,,,
2,Left,12,-0.0017,0.0052,0.0612,0.2064,-0.0788,0.0210,0.9751,0.083,,,,,,,
2,Left,13,0.0000,0.0000,0.0429,0.1576,-0.0025,0.0121,0.9874,0.083,,,,,,,
2,Left,14,0.0000,0.0000,0.0275,0.0055,-0.0003,0.0442,0.9990,0.083,,,,,,,
2,Left,15,-0.0003,0.0011,0.0250,0.0000,0.0000,0.0000,1.0000,0.083,,,,,,,
2,Left,16,-0.0150,-0.0060,0.0348,0.0000,0.0000,0.0000,1.0000,0.083,,,,,,,
2,Left,17,-0.0025,-0.0005,0.0539,0.1903,-0.0800,0.0642,0.9763,0.083,,,,,,,
2,Left,18,0.0000,0.0000,0.0390,0.1186,0.0010,0.0363,0.9923,0.083,,,,,,,
2,Left,19,0.0000,0.0000,0.0266,0.0417,0.0295,0.0066,0.9987,0.083,,,,,,,
2,Left,20,-0.0003,0.0016,0.0243,0.0000,0.0000,0.0000,1.0000,0.083,,,,,,,
2,Left,21,-0.0230,-0.0094,0.0341,0.0183,-0.1403,0.2070,0.9680,0.083,,,,,,,
2,Left,22,0.0000,0.0000,0.0457,0.1266,0.0343,-0.0906,0.9872,0.083,,,,,,,
2,Left,23,0.0000,0.0000,0.0307,0.1247,-0.0372,0.0494,0.9903,0.083,,,,,,,
2,Left,24,0.0000,0.0000,0.0203,0.0208,0.0491,-0.0008,0.9986,0.083,,,,,,,
2,Left,25,0.0002,0.0012,0.0219,0.0000,0.0000,0.0000,1.0000,0.083,,,,,,,
2,Right,0,-0.0027,-0.0051,0.0650,0.0000,0.0000,0.0000,1.0000,0.083,,,,,,,
2,Right,1,0.0000,0.0000,0.0000,0.0000,0.0000,0.0000,1.0000,0.083,0.0878,0.2512,0.0166,-0.4673,-0.5554,0.4912,-0.4816
2,Right,2,-0.0302,-0.0162,0.0345,-0.1420,-0.2916,0.5522,0.7681,0.083,,,,,,,
2,Right,3,0.0000,0.0000,0.0325,0.1553,0.0564,-0.0825,0.9828,0.083,,,,,,,
2,Right,4,0.0000,0.0000,0.0338,-0.0196,-0.0619,0.0827,0.9945,0.083,,,,,,,
2,Right,5,0.0007,0.0010,0.0246,0.0000,0.0000,0.0000,1.0000,0.083,,,,,,,
2,Right,6,-0.0198,-0.0095,0.0365,0.0000,0.0000,0.0000,1.0000,0.083,,,,,,,
2,Right,7,-0.0038,0.0022,0.0595,0.0762,0.0414,0.0306,0.9958,0.083,,,,,,,
2,Right,8,0.0000,0.0000,0.0379,0.1968,0.0020,-0.0264,0.9801,0.083,,,,,,,
2,Right,9,0.0000,0.0000,0.0243,0.0896,0.0245,-0.0168,0.9955,0.083,,,,,,,
2,Right,10,0.0003,0.0010,0.0224,0.0000,0.0000,0.0000,1.0000,0.083,,,,,,,
2,Right,11,-0.0036,-0.0077,0.0343,0.0000,0.0000,0.0000,1.0000,0.083,,,,,,,
2,Right,12,0.0019,0.0051,0.0613,0.1163,0.0952,-0.0152,0.9885,0.083,,,,,,,
2,Right,13,0.0000,0.0000,0.0429,0.1706,0.0024,-0.0122,0.9853,0.083,,,,,,,
2,Right,14,0.0000,0.0000,0.0275,0.0385,-0.0011,-0.0474,0.9981,0.083,,,,,,,
2,Right,15,0.0003,0.0011,0.0250,0.0000,0.0000,0.0000,1.0000,0.083,,,,,,,
2,Right,16,0.0150,-0.0060,0.0348,0.0000,0.0000,0.0000,1.0000,0.083,,,,,,,
2,Right,17,0.0025,-0.0005,0.0539,0.1043,0.1164,-0.0592,0.9859,0.083,,,,,,,
2,Right,18,0.0000,0.0000,0.0390,0.1370,-0.0016,-0.0366,0.9899,0.083,,,,,,,
2,Right,19,0.0000,0.0000,0.0266,0.0607,-0.0295,-0.0075,0.9977,0.083,,,,,,,
2,Right,20,0.0003,0.0016,0.0243,0.0000,0.0000,0.0000,1.0000,0.083,,,,,,,
2,Right,21,0.0230,-0.0094,0.0341,0.0183,0.1403,-0.2070,0.9680,0.083,,,,,,,
2,Right,22,0.0000,0.0000,0.0457,0.0234,0.0273,0.0909,0.9952,0.083,,,,,,,
2,Right,23,0.0000,0.0000,0.0307,0.1390,0.0366,-0.0506,0.9883,0.083,,,,,,,
2,Right,24,0.0000,0.0000,0.0203,0.0188,-0.0491,0.0008,0.9986,0.083,,,,,,,
2,Right,25,-0.0002,0.0012,0.0219,0.0000,0.0000,0.0000,1.0000,0.083,,,,,,,
3,Left,0,0.0026,-0.0052,0.0650,0.0000,0.0000,0.0000,1.0000,0.125,,,,,,,
3,Left,1,0.0000,0.0000,0.0000,0.0000,0.0000,0.0000,1.0000,0.125,-0.0790,0.2410,0.0113,0.4775,-0.4916,0.4546,0.5688
3,Left,2,0.0299,-0.0167,0.0348,-0.1614,0.2498,-0.5510,0.7798,0.125,,,,,,,
3,Left,3,0.0000,0.0000,0.0325,0.1457,-0.0573,0.0826,0.9842,0.125,,,,,,,
3,Left,4,0.0000,0.0000,0.0338,-0.1158,0.0694,-0.0844,0.9872,0.125,,,,,,,
3,Left,5,-0.0007,0.0010,0.0246,0.0000,0.0000,0.0000,1.0000,0.125,,,,,,,
3,Left,6,0.0196,-0.0098,0.0366,0.0000,0.0000,0.0000,1.0000,0.125,,,,,,,
3,Left,7,0.0039,0.0025,0.0594,0.1459,-0.0650,-0.0277,0.9868,0.125,,,,,,,
3,Left,8,0.0000,0.0000,0.0379,0.1718,-0.0027,0.0263,0.9848,0.125,,,,,,,
3,Left,9,0.0000,0.0000,0.0243,0.0419,-0.0253,0.0166,0.9987,0.125,,,,,,,
3,Left,10,-0.0003,0.0010,0.0224,0.0000,0.0000,0.0000,1.0000,0.125,,,,,,,
3,Left,11,0.0034,-0.0078,0.0344,0.0000,0.0000,0.0000,1.0000,0.125,,,,,,,
3,Left,12,-0.0017,0.0052,0.0612,0.2065,-0.0792,0.0211,0.9750,0.125,,,,,,,
3,Left,13,0.0000,0.0000,0.0429,0.1560,-0.0026,0.0121,0.9877,0.125,,,,,,,
3,Left,14,0.0000,0.0000,0.0275,0.0047,-0.0003,0.0441,0.9990,0.125,,,,,,,
3,Left,15,-0.0003,0.0011,0.0250,0.0000,0.0000,0.0000,1.0000,0.125,,,,,,,
3,Left,16,-0.0150,-0.0060,0.0348,0.0000,0.0000,0.0000,1.0000,0.125,,,,,,,
3,Left,17,-0.0025,-0.0005,0.0539,0.1916,-0.0803,0.0644,0.9761,0.125,,,,,,,
3,Left,18,0.0000,0.0000,0.0390,0.1173,0.0010,0.0362,0.9924,0.125,,,,,,,
3,Left,19,0.0000,0.0000,0.0266,0.0413,0.0295,0.0066,0.9987,0.125,,,,,,,
3,Left,20,-0.0003,0.0016,0.0243,0.0000,0.0000,0.0000,1.0000,0.125,,,,,,,
3,Left,21,-0.0230,-0.0094,0.0341,0.0183,-0.1403,0.2070,0.9680,0.125,,,,,,,
3,Left,22,0.0000,0.0000,0.0457,0.1272,0.0341,-0.0906,0.9871,0.125,,,,,,,
3,Left,23,0.0000,0.0000,0.0307,0.1244,-0.0373,0.0494,0.9903,0.125,,,,,,,
3,Left,24,0.0000,0.0000,0.0203,0.0208,0.0491,-0.0008,0.9986,0.125,,,,,,,
3,Left,25,0.0002,0.0012,0.0219,0.0000,0.0000,0.0000,1.0000,0.125,,,,,,,
3,Right,0,-0.0027,-0.0051,0.0650,0.0000,0.0000,0.0000,1.0000,0.125,,,,,,,
3,Right,1,0.0000,0.0000,0.0000,0.0000,0.0000,0.0000,1.0000,0.125,0.0879,0.2508,0.0171,-0.4665,-0.5550,0.4905,-0.4834
3,Right,2,-0.0301,-0.0162,0.0346,-0.1418,-0.2905,0.5529,0.7680,0.125,,,,,,,
3,Right,3,0.0000,0.0000,0.0325,0.1563,0.0563,-0.0825,0.9826,0.125,,,,,,,
3,Right,4,0.0000,0.0000,0.0338,-0.0194,-0.0619,0.0827,0.9945,0.125,,,,,,,
3,Right,5,0.0007,0.0010,0.0246,0.0000,0.0000,0.0000,1.0000,0.125,,,,,,,
3,Right,6,-0.0198,-0.0096,0.0365,0.0000,0.0000,0.0000,1.0000,0.125,,,,,,,
3,Right,7,-0.0038,0.0022,0.0595,0.0773,0.0419,0.0306,0.9957,0.125,,,,,,,
3,Right,8,0.0000,0.0000,0.0379,0.1977,0.0019,-0.0264,0.9799,0.125,,,,,,,
3,Right,9,0.0000,0.0000,0.0243,0.0894,0.0245,-0.0168,0.9956,0.125,,,,,,,
3,Right,10,0.0003,0.0010,0.0224,0.0000,0.0000,0.0000,1.0000,0.125,,,,,,,
3,Right,11,-0.0036,-0.0077,0.0343,0.0000,0.0000,0.0000,1.0000,0.125,,,,,,,
3,Right,12,0.0018,0.0051,0.0613,0.1172,0.0947,-0.0153,0.9885,0.125,,,,,,,
3,Right,13,0.0000,0.0000,0.0429,0.1715,0.0024,-0.0122,0.9851,0.125,,,,,,,
3,Right,14,0.0000,0.0000,0.0275,0.0384,-0.0011,-0.0474,0.9981,0.125,,,,,,,
3,Right,15,0.0003,0.0011,0.0250,0.0000,0.0000,0.0000,1.0000,0.125,,,,,,,
3,Right,16,0.0150,-0.0060,0.0348,0.0000,0.0000,0.0000,1.0000,0.125,,,,,,,
3,Right,17,0.0025,-0.0005,0.0539,0.1059,0.1156,-0.0594,0.9859,0.125,,,,,,,
3,Right,18,0.0000,0.0000,0.0390,0.1378,-0.0017,-0.0367,0.9898,0.125,,,,,,,
3,Right,19,0.0000,0.0000,0.0266,0.0608,-0.0295,-0.0075,0.9977,0.125,,,,,,,
3,Right,20,0.0003,0.0016,0.0243,0.0000,0.0000,0.0000,1.0000,0.125,,,,,,,
3,Right,21,0.0230,-0.0094,0.0341,0.0183,0.1403,-0.2070,0.9680,0.125,,,,,,,
3,Right,22,0.0000,0.0000,0.0457,0.0288,0.0264,0.0905,0.9951,0.125,,,,,,,
3,Right,23,0.0000,0.0000,0.0307,0.1393,0.0366,-0.0506,0.9883,0.125,,,,,,,
3,Right,24,0.0000,0.0000,0.0203,0.0190,-0.0491,0.0008,0.9986,0.125,,,,,,,
3,Right,25,-0.0002,0.0012,0.0219,0.0000,0.0000,0.0000,1.0000,0.125,,,,,,,
4,Left,0,0.0026,-0.0052,0.0650,0.0000,0.0000,0.0000,1.0000,0.167,,,,,,,
4,Left,1,0.0000,0.0000,0.0000,0.0000,0.0000,0.0000,1.0000,0.167,-0.0791,0.2411,0.0112,0.4758,-0.4978,0.4548,0.5648
4,Left,2,0.0298,-0.0167,0.0348,-0.1610,0.2486,-0.5521,0.7794,0.167,,,,,,,
4,Left,3,0.0000,0.0000,0.0325,0.1438,-0.0575,0.0826,0.9845,0.167,,,,,,,
4,Left,4,0.0000,0.0000,0.0338,-0.1169,0.0695,-0.0844,0.9871,0.167,,,,,,,
4,Left,5,-0.0007,0.0010,0.0246,0.0000,0.0000,0.0000,1.0000,0.167,,,,,,,
4,Left,6,0.0196,-0.0098,0.0366,0.0000,0.0000,0.0000,1.0000,0.167,,,,,,,
4,Left,7,0.0039,0.0025,0.0594,0.1459,-0.0651,-0.0277,0.9868,0.167,,,,,,,
4,Left,8,0.0000,0.0000,0.0379,0.1706,-0.0027,0.0263,0.9850,0.167,,,,,,,
4,Left,9,0.0000,0.0000,0.0243,0.0415,-0.0253,0.0166,0.9987,0.167,,,,,,,
4,Left,10,-0.0003,0.0010,0.0224,0.0000,0.0000,0.0000,1.0000,0.167,,,,,,,
4,Left,11,0.0034,-0.0078,0.0344,0.0000,0.0000,0.0000,1.0000,0.167,,,,,,,
4,Left,12,-0.0017,0.0053,0.0612,0.2067,-0.0796,0.0212,0.9749,0.167,,,,,,,
4,Left,13,0.0000,0.0000,0.0429,0.1545,-0.0026,0.0121,0.9879,0.167,,,,,,,
4,Left,14,0.0000,0.0000,0.0275,0.0040,-0.0004,0.0440,0.9990,0.167,,,,,,,
4,Left,15,-0.0003,0.0011,0.0250,0.0000,0.0000,0.0000,1.0000,0.167,,,,,,,
4,Left,16,-0.0150,-0.0060,0.0348,0.0000,0.0000,0.0000,1.0000,0.167,,,,,,,
4,Left,17,-0.0025,-0.0005,0.0539,0.1926,-0.0808,0.0645,0.9758,0.167,,,,,,,
4,Left,18,0.0000,0.0000,0.0390,0.1160,0.0009,0.0362,0.9926,0.167,,,,,,,
4,Left,19,0.0000,0.0000,0.0266,0.0410,0.0295,0.0066,0.9987,0.167,,,,,,,
4,Left,20,-0.0003,0.0016,0.0243,0.0000,0.0000,0.0000,1.0000,0.167,,,,,,,
4,Left,21,-0.0230,-0.0094,0.0341,0.0183,-0.1403,0.2070,0.9680,0.167,,,,,,,
4,Left,22,0.0000,0.0000,0.0457,0.1277,0.0339,-0.0906,0.9871,0.167,,,,,,,
4,Left,23,0.0000,0.0000,0.0307,0.1240,-0.0373,0.0494,0.9903,0.167,,,,,,,
4,Left,24,0.0000,0.0000,0.0203,0.0209,0.0491,-0.0008,0.9986,0.167,,,,,,,
4,Left,25,0.0002,0.0012,0.0219,0.0000,0.0000,0.0000,1.0000,0.167,,,,,,,
4,Right,0,-0.0026,-0.0051,0.0650,0.0000,0.0000,0.0000,1.0000,0.167,,,,,,,
4,Right,1,0.0000,0.0000,0.0000,0.0000,0.0000,0.0000,1.0000,0.167,0.0884,0.2506,0.0175,-0.4658,-0.5537,0.4902,-0.4860
4,Right,2,-0.0301,-0.0162,0.0346,-0.1411,-0.2903,0.5537,0.7676,0.167,,,,,,,
4,Right,3,0.0000,0.0000,0.0325,0.1576,0.0562,-0.0825,0.9824,0.167,,,,,,,
4,Right,4,0.0000,0.0000,0.0338,-0.0190,-0.0619,0.0827,0.9945,0.167,,,,,,,
4,Right,5,0.0007,0.0010,0.0246,0.0000,0.0000,0.0000,1.0000,0.167,,,,,,,
4,Right,6,-0.0198,-0.0096,0.0365,0.0000,0.0000,0.0000,1.0000,0.167,,,,,,,
4,Right,7,-0.0038,0.0023,0.0595,0.0788,0.0424,0.0305,0.9955,0.167,,,,,,,
4,Right,8,0.0000,0.0000,0.0379,0.1985,0.0019,-0.0264,0.9798,0.167,,,,,,,
4,Right,9,0.0000,0.0000,0.0243,0.0890,0.0245,-0.0168,0.9956,0.167,,,,,,,
4,Right,10,0.0003,0.0010,0.0224,0.0000,0.0000,0.0000,1.0000,0.167,,,,,,,
4,Right,11,-0.0036,-0.0077,0.0343,0.0000,0.0000,0.0000,1.0000,0.167,,,,,,,
4,Right,12,0.0018,0.0051,0.0613,0.1185,0.0940,-0.0154,0.9884,0.167,,,,,,,
4,Right,13,0.0000,0.0000,0.0429,0.1722,0.0024,-0.0122,0.9850,0.167,,,,,,,
4,Right,14,0.0000,0.0000,0.0275,0.0382,-0.0011,-0.0473,0.9981,0.167,,,,,,,
4,Right,15,0.0003,0.0011,0.0250,0.0000,0.0000,0.0000,1.0000,0.167,,,,,,,
4,Right,16,0.0150,-0.0060,0.0348,0.0000,0.0000,0.0000,1.0000,0.167,,,,,,,
4,Right,17,0.0025,-0.0005,0.0539,0.1077,0.1145,-0.0595,0.9858,0.167,,,,,,,
4,Right,18,0.0000,0.0000,0.0390,0.1385,-0.0017,-0.0367,0.9897,0.167,,,,,,,
4,Right,19,0.0000,0.0000,0.0266,0.0610,-0.0295,-0.0075,0.9977,0.167,,,,,,,
4,Right,20,0.0003,0.0016,0.0243,0.0000,0.0000,0.0000,1.0000,0.167,,,,,,,
4,Right,21,0.0230,-0.0094,0.0341,0.0183,0.1403,-0.2070,0.9680,0.167,,,,,,,
4,Right,22,0.0000,0.0000,0.0457,0.0331,0.0252,0.0902,0.9951,0.167,,,,,,,
4,Right,23,0.0000,0.0000,0.0307,0.1395,0.0366,-0.0506,0.9882,0.167,,,,,,,
4,Right,24,0.0000,0.0000,0.0203,0.0192,-0.0491,0.0008,0.9986,0.167,,,,,,,
4,Right,25,-0.0002,0.0012,0.0219,0.0000,0.0000,0.0000,1.0000,0.167,,,,,,,
5,Left,0,0.0026,-0.0052,0.0651,0.0000,0.0000,0.0000,1.0000,0.221,,,,,,,
5,Left,1,0.0000,0.0000,0.0000,0.0000,0.0000,0.0000,1.0000,0.221,-0.0794,0.2410,0.0113,0.4763,-0.5089,0.4512,0.5572
5,Left,2,0.0298,-0.0168,0.0348,-0.1607,0.2476,-0.5529,0.7792,0.221,,,,,,,
5,Left,3,0.0000,0.0000,0.0325,0.1411,-0.0578,0.0827,0.9848,0.221,,,,,,,
5,Left,4,0.0000,0.0000,0.0338,-0.1177,0.0696,-0.0844,0.9870,0.221,,,,,,,
5,Left,5,-0.0007,0.0010,0.0246,0.0000,0.0000,0.0000,1.0000,0.221,,,,,,,
5,Left,6,0.0196,-0.0099,0.0366,0.0000,0.0000,0.0000,1.0000,0.221,,,,,,,
5,Left,7,0.0039,0.0025,0.0594,0.1460,-0.0653,-0.0277,0.9867,0.221,,,,,,,
5,Left,8,0.0000,0.0000,0.0379,0.1692,-0.0027,0.0263,0.9852,0.221,,,,,,,
5,Left,9,0.0000,0.0000,0.0243,0.0412,-0.0253,0.0166,0.9987,0.221,,,,,,,
5,Left,10,-0.0003,0.0010,0.0224,0.0000,0.0000,0.0000,1.0000,0.221,,,,,,,
5,Left,11,0.0034,-0.0078,0.0345,0.0000,0.0000,0.0000,1.0000,0.221,,,,,,,
5,Left,12,-0.0017,0.0053,0.0612,0.2066,-0.0802,0.0212,0.9749,0.221,,,,,,,
5,Left,13,0.0000,0.0000,0.0429,0.1529,-0.0026,0.0121,0.9882,0.221,,,,,,,
5,Left,14,0.0000,0.0000,0.0275,0.0033,-0.0004,0.0440,0.9990,0.221,,,,,,,
5,Left,15,-0.0003,0.0011,0.0250,0.0000,0.0000,0.0000,1.0000,0.221,,,,,,,
5,Left,16,-0.0150,-0.0060,0.0348,0.0000,0.0000,0.0000,1.0000,0.221,,,,,,,
5,Left,17,-0.0025,-0.0005,0.0539,0.1931,-0.0814,0.0647,0.9756,0.221,,,,,,,
5,Left,18,0.0000,0.0000,0.0390,0.1148,0.0009,0.0362,0.9927,0.221,,,,,,,
5,Left,19,0.0000,0.0000,0.0266,0.0407,0.0295,0.0066,0.9987,0.221,,,,,,,
5,Left,20,-0.0003,0.0016,0.0243,0.0000,0.0000,0.0000,1.0000,0.221,,,,,,,
5,Left,21,-0.0230,-0.0094,0.0341,0.0183,-0.1403,0.2070,0.9680,0.221,,,,,,,
5,Left,22,0.0000,0.0000,0.0457,0.1273,0.0332,-0.0905,0.9872,0.221,,,,,,,
5,Left,23,0.0000,0.0000,0.0307,0.1238,-0.0373,0.0493,0.9904,0.221,,,,,,,
5,Left,24,0.0000,0.0000,0.0203,0.0208,0.0491,-0.0008,0.9986,0.221,,,,,,,
5,Left,25,0.0002,0.0012,0.0219,0.0000,0.0000,0.0000,1.0000,0.221,,,,,,,
5,Right,0,-0.0026,-0.0051,0.0650,0.0000,0.0000,0.0000,1.0000,0.221,,,,,,,
5,Right,1,0.0000,0.0000,0.0000,0.0000,0.0000,0.0000,1.0000,0.221,0.0885,0.2500,0.0181,-0.4646,-0.5504,0.4892,-0.4919
5,Right,2,-0.0301,-0.0163,0.0346,-0.1402,-0.2910,0.5543,0.7671,0.221,,,,,,,
5,Right,3,0.0000,0.0000,0.0325,0.1592,0.0561,-0.0825,0.9822,0.221,,,,,,,
5,Right,4,0.0000,0.0000,0.0338,-0.0185,-0.0618,0.0827,0.9945,0.221,,,,,,,
5,Right,5,0.0007,0.0010,0.0246,0.0000,0.0000,0.0000,1.0000,0.221,,,,,,,
5,Right,6,-0.0198,-0.0096,0.0365,0.0000,0.0000,0.0000,1.0000,0.221,,,,,,,
5,Right,7,-0.0038,0.0023,0.0595,0.0806,0.0431,0.0305,0.9954,0.221,,,,,,,
5,Right,8,0.0000,0.0000,0.0379,0.1989,0.0019,-0.0264,0.9797,0.221,,,,,,,
5,Right,9,0.0000,0.0000,0.0243,0.0884,0.0245,-0.0168,0.9956,0.221,,,,,,,
5,Right,10,0.0003,0.0010,0.0224,0.0000,0.0000,0.0000,1.0000,0.221,,,,,,,
5,Right,11,-0.0036,-0.0077,0.0343,0.0000,0.0000,0.0000,1.0000,0.221,,,,,,,
5,Right,12,0.0018,0.0051,0.0613,0.1202,0.0931,-0.0154,0.9883,0.221,,,,,,,
5,Right,13,0.0000,0.0000,0.0429,0.1727,0.0023,-0.0122,0.9849,0.221,,,,,,,
5,Right,14,0.0000,0.0000,0.0275,0.0381,-0.0011,-0.0473,0.9982,0.221,,,,,,,
5,Right,15,0.0003,0.0011,0.0250,0.0000,0.0000,0.0000,1.0000,0.221,,,,,,,
5,Right,16,0.0150,-0.0060,0.0348,0.0000,0.0000,0.0000,1.0000,0.221,,,,,,,
5,Right,17,0.0025,-0.0005,0.0539,0.1101,0.1132,-0.0597,0.9857,0.221,,,,,,,
5,Right,18,0.0000,0.0000,0.0390,0.1393,-0.0017,-0.0367,0.9896,0.221,,,,,,,
5,Right,19,0.0000,0.0000,0.0266,0.0612,-0.0295,-0.0075,0.9977,0.221,,,,,,,
5,Right,20,0.0003,0.0016,0.0243,0.0000,0.0000,0.0000,1.0000,0.221,,,,,,,
5,Right,21,0.0230,-0.0094,0.0341,0.0183,0.1403,-0.2070,0.9680,0.221,,,,,,,
5,Right,22,0.0000,0.0000,0.0457,0.0380,0.0238,0.0899,0.9949,0.221,,,,,,,
5,Right,23,0.0000,0.0000,0.0307,0.1397,0.0366,-0.0507,0.9882,0.221,,,,,,,
5,Right,24,0.0000,0.0000,0.0203,0.0194,-0.0491,0.0008,0.9986,0.221,,,,,,,
5,Right,25,-0.0002,0.0012,0.0219,0.0000,0.0000,0.0000,1.0000,0.221,,,,,,,
6,Left,0,0.0026,-0.0052,0.0651,0.0000,0.0000,0.0000,1.0000,0.264,,,,,,,
6,Left,1,0.0000,0.0000,0.0000,0.0000,0.0000,0.0000,1.0000,0.264,-0.0797,0.2408,0.0114,0.4773,-0.5227,0.4465,0.5473
6,Left,2,0.0298,-0.0168,0.0349,-0.1607,0.2466,-0.5534,0.7792,0.264,,,,,,,
6,Left,3,0.0000,0.0000,0.0325,0.1387,-0.0580,0.0827,0.9852,0.264,,,,,,,
6,Left,4,0.0000,0.0000,0.0338,-0.1186,0.0697,-0.0844,0.9869,0.264,,,,,,,
6,Left,5,-0.0007,0.0010,0.0246,0.0000,0.0000,0.0000,1.0000,0.264,,,,,,,
6,Left,6,0.0196,-0.0099,0.0366,0.0000,0.0000,0.0000,1.0000,0.264,,,,,,,
6,Left,7,0.0040,0.0026,0.0594,0.1458,-0.0653,-0.0277,0.9868,0.264,,,,,,,
6,Left,8,0.0000,0.0000,0.0379,0.1679,-0.0028,0.0263,0.9855,0.264,,,,,,,
6,Left,9,0.0000,0.0000,0.0243,0.0413,-0.0253,0.0166,0.9987,0.264,,,,,,,
6,Left,10,-0.0003,0.0010,0.0224,0.0000,0.0000,0.0000,1.0000,0.264,,,,,,,
6,Left,11,0.0034,-0.0078,0.0345,0.0000,0.0000,0.0000,1.0000,0.264,,,,,,,
6,Left,12,-0.0017,0.0053,0.0612,0.2061,-0.0813,0.0214,0.9749,0.264,,,,,,,
6,Left,13,0.0000,0.0000,0.0429,0.1514,-0.0026,0.0121,0.9884,0.264,,,,,,,
6,Left,14,0.0000,0.0000,0.0275,0.0030,-0.0004,0.0439,0.9990,0.264,,,,,,,
6,Left,15,-0.0003,0.0011,0.0250,0.0000,0.0000,0.0000,1.0000,0.264,,,,,,,
6,Left,16,-0.0150,-0.0060,0.0348,0.0000,0.0000,0.0000,1.0000,0.264,,,,,,,
6,Left,17,-0.0025,-0.0005,0.0539,0.1932,-0.0827,0.0648,0.9755,0.264,,,,,,,
6,Left,18,0.0000,0.0000,0.0390,0.1134,0.0008,0.0361,0.9929,0.264,,,,,,,
6,Left,19,0.0000,0.0000,0.0266,0.0406,0.0295,0.0066,0.9987,0.264,,,,,,,
6,Left,20,-0.0003,0.0016,0.0243,0.0000,0.0000,0.0000,1.0000,0.264,,,,,,,
6,Left,21,-0.0230,-0.0094,0.0341,0.0183,-0.1403,0.2070,0.9680,0.264,,,,,,,
6,Left,22,0.0000,0.0000,0.0457,0.1263,0.0316,-0.0904,0.9874,0.264,,,,,,,
6,Left,23,0.0000,0.0000,0.0307,0.1233,-0.0373,0.0493,0.9904,0.264,,,,,,,
6,Left,24,0.0000,0.0000,0.0203,0.0207,0.0491,-0.0008,0.9986,0.264,,,,,,,
6,Left,25,0.0002,0.0012,0.0219,0.0000,0.0000,0.0000,1.0000,0.264,,,,,,,
6,Right,0,-0.0026,-0.0051,0.0650,0.0000,0.0000,0.0000,1.0000,0.264,,,,,,,
6,Right,1,0.0000,0.0000,0.0000,0.0000,0.0000,0.0000,1.0000,0.264,0.0883,0.2494,0.0194,-0.4642,-0.5424,0.4845,-0.5056
6,Right,2,-0.0301,-0.0163,0.0346,-0.1390,-0.2921,0.5552,0.7663,0.264,,,,,,,
6,Right,3,0.0000,0.0000,0.0325,0.1618,0.0558,-0.0825,0.9818,0.264,,,,,,,
6,Right,4,0.0000,0.0000,0.0338,-0.0177,-0.0618,0.0827,0.9945,0.264,,,,,,,
6,Right,5,0.0007,0.0010,0.0246,0.0000,0.0000,0.0000,1.0000,0.264,,,,,,,
6,Right,6,-0.0198,-0.0096,0.0365,0.0000,0.0000,0.0000,1.0000,0.264,,,,,,,
6,Right,7,-0.0038,0.0023,0.0595,0.0843,0.0437,0.0304,0.9950,0.264,,,,,,,
6,Right,8,0.0000,0.0000,0.0379,0.2001,0.0019,-0.0264,0.9794,0.264,,,,,,,
6,Right,9,0.0000,0.0000,0.0243,0.0878,0.0245,-0.0168,0.9957,0.264,,,,,,,
6,Right,10,0.0003,0.0010,0.0224,0.0000,0.0000,0.0000,1.0000,0.264,,,,,,,
6,Right,11,-0.0035,-0.0077,0.0343,0.0000,0.0000,0.0000,1.0000,0.264,,,,,,,
6,Right,12,0.0018,0.0052,0.0613,0.1231,0.0917,-0.0156,0.9880,0.264,,,,,,,
6,Right,13,0.0000,0.0000,0.0429,0.1735,0.0023,-0.0122,0.9848,0.264,,,,,,,
6,Right,14,0.0000,0.0000,0.0275,0.0380,-0.0011,-0.0473,0.9982,0.264,,,,,,,
6,Right,15,0.0003,0.0011,0.0250,0.0000,0.0000,0.0000,1.0000,0.264,,,,,,,
6,Right,16,0.0150,-0.0060,0.0348,0.0000,0.0000,0.0000,1.0000,0.264,,,,,,,
6,Right,17,0.0025,-0.0005,0.0539,0.1131,0.1113,-0.0599,0.9855,0.264,,,,,,,
6,Right,18,0.0000,0.0000,0.0390,0.1404,-0.0018,-0.0367,0.9894,0.264,,,,,,,
6,Right,19,0.0000,0.0000,0.0266,0.0615,-0.0295,-0.0075,0.9976,0.264,,,,,,,
6,Right,20,0.0003,0.0016,0.0243,0.0000,0.0000,0.0000,1.0000,0.264,,,,,,,
6,Right,21,0.0230,-0.0094,0.0341,0.0183,0.1403,-0.2070,0.9680,0.264,,,,,,,
6,Right,22,0.0000,0.0000,0.0457,0.0414,0.0216,0.0898,0.9949,0.264,,,,,,,
6,Right,23,0.0000,0.0000,0.0307,0.1398,0.0366,-0.0507,0.9882,0.264,,,,,,,
6,Right,24,0.0000,0.0000,0.0203,0.0198,-0.0491,0.0008,0.9986,0.264,,,,,,,
6,Right,25,-0.0002,0.0012,0.0219,0.0000,0.0000,0.0000,1.0000,0.264,,,,,,,
7,Left,0,0.0026,-0.0052,0.0651,0.0000,0.0000,0.0000,1.0000,0.319,,,,,,,
7,Left,1,0.0000,0.0000,0.0000,0.0000,0.0000,0.0000,1.0000,0.319,-0.0800,0.2408,0.0113,0.4785,-0.5349,0.4430,0.5373
7,Left,2,0.0298,-0.0168,0.0349,-0.1610,0.2461,-0.5533,0.7793,0.319,,,,,,,
7,Left,3,0.0000,0.0000,0.0325,0.1368,-0.0582,0.0827,0.9854,0.319,,,,,,,
7,Left,4,0.0000,0.0000,0.0338,-0.1191,0.0697,-0.0845,0.9868,0.319,,,,,,,
7,Left,5,-0.0007,0.0010,0.0246,0.0000,0.0000,0.0000,1.0000,0.319,,,,,,,
7,Left,6,0.0196,-0.0099,0.0366,0.0000,0.0000,0.0000,1.0000,0.319,,,,,,,
7,Left,7,0.0040,0.0026,0.0594,0.1446,-0.0651,-0.0278,0.9869,0.319,,,,,,,
7,Left,8,0.0000,0.0000,0.0379,0.1668,-0.0028,0.0263,0.9856,0.319,,,,,,,
7,Left,9,0.0000,0.0000,0.0243,0.0418,-0.0253,0.0166,0.9987,0.319,,,,,,,
7,Left,10,-0.0003,0.0010,0.0224,0.0000,0.0000,0.0000,1.0000,0.319,,,,,,,
7,Left,11,0.0034,-0.0078,0.0345,0.0000,0.0000,0.0000,1.0000,0.319,,,,,,,
7,Left,12,-0.0017,0.0053,0.0612,0.2049,-0.0824,0.0215,0.9751,0.319,,,,,,,
7,Left,13,0.0000,0.0000,0.0429,0.1506,-0.0026,0.0121,0.9885,0.319,,,,,,,
7,Left,14,0.0000,0.0000,0.0275,0.0031,-0.0004,0.0439,0.9990,0.319,,,,,,,
7,Left,15,-0.0003,0.0011,0.0250,0.0000,0.0000,0.0000,1.0000,0.319,,,,,,,
7,Left,16,-0.0150,-0.0060,0.0348,0.0000,0.0000,0.0000,1.0000,0.319,,,,,,,
7,Left,17,-0.0025,-0.0005,0.0539,0.1926,-0.0840,0.0650,0.9755,0.319,,,,,,,
7,Left,18,0.0000,0.0000,0.0390,0.1127,0.0008,0.0361,0.9930,0.319,,,,,,,
7,Left,19,0.0000,0.0000,0.0266,0.0407,0.0295,0.0066,0.9987,0.319,,,,,,,
7,Left,20,-0.0003,0.0016,0.0243,0.0000,0.0000,0.0000,1.0000,0.319,,,,,,,
7,Left,21,-0.0230,-0.0094,0.0341,0.0183,-0.1403,0.2070,0.9680,0.319,,,,,,,
7,Left,22,0.0000,0.0000,0.0457,0.1255,0.0302,-0.0902,0.9875,0.319,,,,,,,
7,Left,23,0.0000,0.0000,0.0307,0.1232,-0.0373,0.0493,0.9905,0.319,,,,,,,
7,Left,24,0.0000,0.0000,0.0203,0.0209,0.0491,-0.0008,0.9986,0.319,,,,,,,
7,Left,25,0.0002,0.0012,0.0219,0.0000,0.0000,0.0000,1.0000,0.319,,,,,,,
7,Right,0,-0.0026,-0.0051,0.0650,0.0000,0.0000,0.0000,1.0000,0.319,,,,,,,
7,Right,1,0.0000,0.0000,0.0000,0.0000,0.0000,0.0000,1.0000,0.319,0.0872,0.2487,0.0223,-0.4683,-0.5272,0.4743,-0.5270
7,Right,2,-0.0301,-0.0163,0.0346,-0.1385,-0.2929,0.5552,0.7660,0.319,,,,,,,
7,Right,3,0.0000,0.0000,0.0325,0.1652,0.0555,-0.0824,0.9812,0.319,,,,,,,
7,Right,4,0.0000,0.0000,0.0338,-0.0166,-0.0617,0.0827,0.9945,0.319,,,,,,,
7,Right,5,0.0007,0.0010,0.0246,0.0000,0.0000,0.0000,1.0000,0.319,,,,,,,
7,Right,6,-0.0198,-0.0096,0.0365,0.0000,0.0000,0.0000,1.0000,0.319,,,,,,,
7,Right,7,-0.0038,0.0023,0.0595,0.0900,0.0441,0.0304,0.9945,0.319,,,,,,,
7,Right,8,0.0000,0.0000,0.0379,0.2007,0.0019,-0.0264,0.9793,0.319,,,,,,,
7,Right,9,0.0000,0.0000,0.0243,0.0871,0.0245,-0.0168,0.9958,0.319,,,,,,,
7,Right,10,0.0003,0.0010,0.0224,0.0000,0.0000,0.0000,1.0000,0.319,,,,,,,
7,Right,11,-0.0036,-0.0077,0.0343,0.0000,0.0000,0.0000,1.0000,0.319,,,,,,,
7,Right,12,0.0018,0.0052,0.0613,0.1261,0.0905,-0.0158,0.9878,0.319,,,,,,,
7,Right,13,0.0000,0.0000,0.0429,0.1736,0.0023,-0.0122,0.9847,0.319,,,,,,,
7,Right,14,0.0000,0.0000,0.0275,0.0377,-0.0011,-0.0473,0.9982,0.319,,,,,,,
7,Right,15,0.0003,0.0011,0.0250,0.0000,0.0000,0.0000,1.0000,0.319,,,,,,,
7,Right,16,0.0150,-0.0060,0.0348,0.0000,0.0000,0.0000,1.0000,0.319,,,,,,,
7,Right,17,0.0025,-0.0005,0.0539,0.1178,0.1099,-0.0603,0.9851,0.319,,,,,,,
7,Right,18,0.0000,0.0000,0.0390,0.1406,-0.0018,-0.0367,0.9894,0.319,,,,,,,
7,Right,19,0.0000,0.0000,0.0266,0.0614,-0.0295,-0.0075,0.9976,0.319,,,,,,,
7,Right,20,0.0003,0.0016,0.0243,0.0000,0.0000,0.0000,1.0000,0.319,,,,,,,
7,Right,21,0.0230,-0.0094,0.0341,0.0183,0.1403,-0.2070,0.9680,0.319,,,,,,,
7,Right,22,0.0000,0.0000,0.0457,0.0451,0.0204,0.0896,0.9948,0.319,,,,,,,
7,Right,23,0.0000,0.0000,0.0307,0.1397,0.0366,-0.0507,0.9882,0.319,,,,,,,
7,Right,24,0.0000,0.0000,0.0203,0.0198,-0.0491,0.0008,0.9986,0.319,,,,,,,
7,Right,25,-0.0002,0.0012,0.0219,0.0000,0.0000,0.0000,1.0000,0.319,,,,,,,
8,Left,0,0.0026,-0.0052,0.0651,0.0000,0.0000,0.0000,1.0000,0.374,,,,,,,
8,Left,1,0.0000,0.0000,0.0000,0.0000,0.0000,0.0000,1.0000,0.374,-0.0806,0.2411,0.0113,0.4780,-0.5457,0.4429,0.5268
8,Left,2,0.0298,-0.0168,0.0348,-0.1617,0.2458,-0.5526,0.7798,0.374,,,,,,,
8,Left,3,0.0000,0.0000,0.0325,0.1341,-0.0584,0.0827,0.9858,0.374,,,,,,,
8,Left,4,0.0000,0.0000,0.0338,-0.1194,0.0697,-0.0845,0.9868,0.374,,,,,,,
8,Left,5,-0.0007,0.0010,0.0246,0.0000,0.0000,0.0000,1.0000,0.374,,,,,,,
8,Left,6,0.0196,-0.0099,0.0366,0.0000,0.0000,0.0000,1.0000,0.374,,,,,,,
8,Left,7,0.0039,0.0025,0.0594,0.1423,-0.0645,-0.0279,0.9873,0.374,,,,,,,
8,Left,8,0.0000,0.0000,0.0379,0.1657,-0.0028,0.0263,0.9858,0.374,,,,,,,
8,Left,9,0.0000,0.0000,0.0243,0.0428,-0.0253,0.0166,0.9986,0.374,,,,,,,
8,Left,10,-0.0003,0.0010,0.0224,0.0000,0.0000,0.0000,1.0000,0.374,,,,,,,
8,Left,11,0.0034,-0.0078,0.0345,0.0000,0.0000,0.0000,1.0000,0.374,,,,,,,
8,Left,12,-0.0017,0.0053,0.0612,0.2022,-0.0841,0.0215,0.9755,0.374,,,,,,,
8,Left,13,0.0000,0.0000,0.0429,0.1500,-0.0026,0.0121,0.9886,0.374,,,,,,,
8,Left,14,0.0000,0.0000,0.0275,0.0038,-0.0004,0.0440,0.9990,0.374,,,,,,,
8,Left,15,-0.0003,0.0011,0.0250,0.0000,0.0000,0.0000,1.0000,0.374,,,,,,,
8,Left,16,-0.0150,-0.0060,0.0348,0.0000,0.0000,0.0000,1.0000,0.374,,,,,,,
8,Left,17,-0.0025,-0.0005,0.0539,0.1898,-0.0860,0.0650,0.9759,0.374,,,,,,,
8,Left,18,0.0000,0.0000,0.0390,0.1124,0.0008,0.0361,0.9930,0.374,,,,,,,
8,Left,19,0.0000,0.0000,0.0266,0.0412,0.0295,0.0066,0.9987,0.374,,,,,,,
8,Left,20,-0.0003,0.0016,0.0243,0.0000,0.0000,0.0000,1.0000,0.374,,,,,,,
8,Left,21,-0.0230,-0.0094,0.0341,0.0183,-0.1403,0.2070,0.9680,0.374,,,,,,,
8,Left,22,0.0000,0.0000,0.0457,0.1228,0.0281,-0.0900,0.9879,0.374,,,,,,,
8,Left,23,0.0000,0.0000,0.0307,0.1238,-0.0373,0.0493,0.9904,0.374,,,,,,,
8,Left,24,0.0000,0.0000,0.0203,0.0216,0.0491,-0.0008,0.9986,0.374,,,,,,,
8,Left,25,0.0002,0.0012,0.0219,0.0000,0.0000,0.0000,1.0000,0.374,,,,,,,
8,Right,0,-0.0026,-0.0051,0.0650,0.0000,0.0000,0.0000,1.0000,0.374,,,,,,,
8,Right,1,0.0000,0.0000,0.0000,0.0000,0.0000,0.0000,1.0000,0.374,0.0860,0.2476,0.0266,-0.4827,-0.4873,0.4537,-0.5689
8,Right,2,-0.0301,-0.0162,0.0346,-0.1387,-0.2945,0.5543,0.7660,0.374,,,,,,,
8,Right,3,0.0000,0.0000,0.0325,0.1673,0.0553,-0.0824,0.9809,0.374,,,,,,,
8,Right,4,0.0000,0.0000,0.0338,-0.0161,-0.0616,0.0827,0.9945,0.374,,,,,,,
8,Right,5,0.0007,0.0010,0.0246,0.0000,0.0000,0.0000,1.0000,0.374,,,,,,,
8,Right,6,-0.0198,-0.0096,0.0365,0.0000,0.0000,0.0000,1.0000,0.374,,,,,,,
8,Right,7,-0.0038,0.0023,0.0595,0.0919,0.0445,0.0303,0.9943,0.374,,,,,,,
8,Right,8,0.0000,0.0000,0.0379,0.2004,0.0019,-0.0264,0.9794,0.374,,,,,,,
8,Right,9,0.0000,0.0000,0.0243,0.0854,0.0245,-0.0168,0.9959,0.374,,,,,,,
8,Right,10,0.0003,0.0010,0.0224,0.0000,0.0000,0.0000,1.0000,0.374,,,,,,,
8,Right,11,-0.0036,-0.0077,0.0343,0.0000,0.0000,0.0000,1.0000,0.374,,,,,,,
8,Right,12,0.0018,0.0051,0.0613,0.1284,0.0892,-0.0159,0.9876,0.374,,,,,,,
8,Right,13,0.0000,0.0000,0.0429,0.1727,0.0023,-0.0122,0.9849,0.374,,,,,,,
8,Right,14,0.0000,0.0000,0.0275,0.0364,-0.0010,-0.0472,0.9982,0.374,,,,,,,
8,Right,15,0.0003,0.0011,0.0250,0.0000,0.0000,0.0000,1.0000,0.374,,,,,,,
8,Right,16,0.0150,-0.0060,0.0348,0.0000,0.0000,0.0000,1.0000,0.374,,,,,,,
8,Right,17,0.0025,-0.0005,0.0539,0.1205,0.1084,-0.0605,0.9849,0.374,,,,,,,
8,Right,18,0.0000,0.0000,0.0390,0.1394,-0.0017,-0.0367,0.9896,0.374,,,,,,,
8,Right,19,0.0000,0.0000,0.0266,0.0607,-0.0295,-0.0075,0.9977,0.374,,,,,,,
8,Right,20,0.0003,0.0016,0.0243,0.0000,0.0000,0.0000,1.0000,0.374,,,,,,,
8,Right,21,0.0230,-0.0094,0.0341,0.0183,0.1403,-0.2070,0.9680,0.374,,,,,,,
8,Right,22,0.0000,0.0000,0.0457,0.0478,0.0191,0.0894,0.9947,0.374,,,,,,,
8,Right,23,0.0000,0.0000,0.0307,0.1389,0.0366,-0.0506,0.9883,0.374,,,,,,,
8,Right,24,0.0000,0.0000,0.0203,0.0195,-0.0491,0.0008,0.9986,0.374,,,,,,,
8,Right,25,-0.0002,0.0012,0.0219,0.0000,0.0000,0.0000,1.0000,0.374,,,,,,,
9,Left,0,0.0026,-0.0052,0.0650,0.0000,0.0000,0.0000,1.0000,0.415,,,,,,,
9,Left,1,0.0000,0.0000,0.0000,0.0000,0.0000,0.0000,1.0000,0.415,-0.0809,0.2414,0.0112,0.4753,-0.5621,0.4455,0.5095
9,Left,2,0.0298,-0.0167,0.0348,-0.1627,0.2455,-0.5516,0.7804,0.415,,,,,,,
9,Left,3,0.0000,0.0000,0.0325,0.1296,-0.0588,0.0828,0.9864,0.415,,,,,,,
9,Left,4,0.0000,0.0000,0.0338,-0.1192,0.0697,-0.0845,0.9868,0.415,,,,,,,
9,Left,5,-0.0007,0.0010,0.0246,0.0000,0.0000,0.0000,1.0000,0.415,,,,,,,
9,Left,6,0.0196,-0.0098,0.0366,0.0000,0.0000,0.0000,1.0000,0.415,,,,,,,
9,Left,7,0.0039,0.0025,0.0594,0.1360,-0.0638,-0.0282,0.9882,0.415,,,,,,,
9,Left,8,0.0000,0.0000,0.0379,0.1653,-0.0028,0.0263,0.9859,0.415,,,,,,,
9,Left,9,0.0000,0.0000,0.0243,0.0439,-0.0253,0.0167,0.9986,0.415,,,,,,,
9,Left,10,-0.0003,0.0010,0.0224,0.0000,0.0000,0.0000,1.0000,0.415,,,,,,,
9,Left,11,0.0034,-0.0078,0.0344,0.0000,0.0000,0.0000,1.0000,0.415,,,,,,,
9,Left,12,-0.0017,0.0053,0.0612,0.1924,-0.0856,0.0209,0.9773,0.415,,,,,,,
9,Left,13,0.0000,0.0000,0.0429,0.1498,-0.0026,0.0121,0.9886,0.415,,,,,,,
9,Left,14,0.0000,0.0000,0.0275,0.0047,-0.0003,0.0441,0.9990,0.415,,,,,,,
9,Left,15,-0.0003,0.0011,0.0250,0.0000,0.0000,0.0000,1.0000,0.415,,,,,,,
9,Left,16,-0.0150,-0.0060,0.0348,0.0000,0.0000,0.0000,1.0000,0.415,,,,,,,
9,Left,17,-0.0025,-0.0005,0.0539,0.1761,-0.0883,0.0641,0.9783,0.415,,,,,,,
9,Left,18,0.0000,0.0000,0.0390,0.1126,0.0008,0.0361,0.9930,0.415,,,,,,,
9,Left,19,0.0000,0.0000,0.0266,0.0418,0.0295,0.0066,0.9987,0.415,,,,,,,
9,Left,20,-0.0003,0.0016,0.0243,0.0000,0.0000,0.0000,1.0000,0.415,,,,,,,
9,Left,21,-0.0230,-0.0094,0.0341,0.0183,-0.1403,0.2070,0.9680,0.415,,,,,,,
9,Left,22,0.0000,0.0000,0.0457,0.1119,0.0268,-0.0900,0.9893,0.415,,,,,,,
9,Left,23,0.0000,0.0000,0.0307,0.1247,-0.0372,0.0494,0.9903,0.415,,,,,,,
9,Left,24,0.0000,0.0000,0.0203,0.0223,0.0491,-0.0008,0.9985,0.415,,,,,,,
9,Left,25,0.0002,0.0012,0.0219,0.0000,0.0000,0.0000,1.0000,0.415,,,,,,,
9,Right,0,-0.0027,-0.0051,0.0650,0.0000,0.0000,0.0000,1.0000,0.415,,,,,,,
9,Right,1,0.0000,0.0000,0.0000,0.0000,0.0000,0.0000,1.0000,0.415,0.0843,0.2467,0.0317,-0.4919,-0.4484,0.4360,-0.6056
9,Right,2,-0.0302,-0.0162,0.0345,-0.1391,-0.2957,0.5533,0.7662,0.415,,,,,,,
9,Right,3,0.0000,0.0000,0.0325,0.1685,0.0552,-0.0824,0.9807,0.415,,,,,,,
9,Right,4,0.0000,0.0000,0.0338,-0.0166,-0.0617,0.0827,0.9945,0.415,,,,,,,
9,Right,5,0.0007,0.0010,0.0246,0.0000,0.0000,0.0000,1.0000,0.415,,,,,,,
9,Right,6,-0.0198,-0.0095,0.0365,0.0000,0.0000,0.0000,1.0000,0.415,,,,,,,
9,Right,7,-0.0038,0.0022,0.0595,0.0932,0.0451,0.0303,0.9942,0.415,,,,,,,
9,Right,8,0.0000,0.0000,0.0379,0.1998,0.0019,-0.0264,0.9795,0.415,,,,,,,
9,Right,9,0.0000,0.0000,0.0243,0.0836,0.0246,-0.0168,0.9961,0.415,,,,,,,
9,Right,10,0.0003,0.0010,0.0224,0.0000,0.0000,0.0000,1.0000,0.415,,,,,,,
9,Right,11,-0.0036,-0.0077,0.0343,0.0000,0.0000,0.0000,1.0000,0.415,,,,,,,
9,Right,12,0.0019,0.0051,0.0613,0.1306,0.0883,-0.0160,0.9874,0.415,,,,,,,
9,Right,13,0.0000,0.0000,0.0429,0.1716,0.0024,-0.0122,0.9851,0.415,,,,,,,
9,Right,14,0.0000,0.0000,0.0275,0.0350,-0.0010,-0.0470,0.9983,0.415,,,,,,,
9,Right,15,0.0003,0.0011,0.0250,0.0000,0.0000,0.0000,1.0000,0.415,,,,,,,
9,Right,16,0.0150,-0.0060,0.0348,0.0000,0.0000,0.0000,1.0000,0.415,,,,,,,
9,Right,17,0.0025,-0.0005,0.0539,0.1270,0.1072,-0.0611,0.9842,0.415,,,,,,,
9,Right,18,0.0000,0.0000,0.0390,0.1379,-0.0017,-0.0367,0.9898,0.415,,,,,,,
9,Right,19,0.0000,0.0000,0.0266,0.0599,-0.0295,-0.0075,0.9977,0.415,,,,,,,
9,Right,20,0.0003,0.0016,0.0243,0.0000,0.0000,0.0000,1.0000,0.415,,,,,,,
9,Right,21,0.0230,-0.0094,0.0341,0.0183,0.1403,-0.2070,0.9680,0.415,,,,,,,
9,Right,22,0.0000,0.0000,0.0457,0.0586,0.0189,0.0888,0.9941,0.415,,,,,,,
9,Right,23,0.0000,0.0000,0.0307,0.1382,0.0366,-0.0505,0.9884,0.415,,,,,,,
9,Right,24,0.0000,0.0000,0.0203,0.0193,-0.0491,0.0008,0.9986,0.415,,,,,,,
9,Right,25,-0.0002,0.0012,0.0219,0.0000,0.0000,0.0000,1.0000,0.415,,,,,,,
10,Left,0,0.0026,-0.0052,0.0650,0.0000,0.0000,0.0000,1.0000,0.460,,,,,,,
10,Left,1,0.0000,0.0000,0.0000,0.0000,0.0000,0.0000,1.0000,0.460,-0.0813,0.2419,0.0109,0.4691,-0.5834,0.4520,0.4850
10,Left,2,0.0299,-0.0166,0.0348,-0.1649,0.2456,-0.5490,0.7818,0.460,,,,,,,
10,Left,3,0.0000,0.0000,0.0325,0.1264,-0.0591,0.0828,0.9868,0.460,,,,,,,
10,Left,4,0.0000,0.0000,0.0338,-0.1180,0.0696,-0.0844,0.9870,0.460,,,,,,,
10,Left,5,-0.0007,0.0010,0.0246,0.0000,0.0000,0.0000,1.0000,0.460,,,,,,,
10,Left,6,0.0197,-0.0098,0.0366,0.0000,0.0000,0.0000,1.0000,0.460,,,,,,,
10,Left,7,0.0039,0.0025,0.0594,0.1322,-0.0627,-0.0284,0.9888,0.460,,,,,,,
10,Left,8,0.0000,0.0000,0.0379,0.1658,-0.0028,0.0263,0.9858,0.460,,,,,,,
10,Left,9,0.0000,0.0000,0.0243,0.0461,-0.0252,0.0167,0.9985,0.460,,,,,,,
10,Left,10,-0.0003,0.0010,0.0224,0.0000,0.0000,0.0000,1.0000,0.460,,,,,,,
10,Left,11,0.0034,-0.0078,0.0344,0.0000,0.0000,0.0000,1.0000,0.460,,,,,,,
10,Left,12,-0.0017,0.0052,0.0612,0.1881,-0.0877,0.0209,0.9780,0.460,,,,,,,
10,Left,13,0.0000,0.0000,0.0429,0.1499,-0.0026,0.0121,0.9886,0.460,,,,,,,
10,Left,14,0.0000,0.0000,0.0275,0.0063,-0.0003,0.0442,0.9990,0.460,,,,,,,
10,Left,15,-0.0003,0.0011,0.0250,0.0000,0.0000,0.0000,1.0000,0.460,,,,,,,
10,Left,16,-0.0150,-0.0060,0.0348,0.0000,0.0000,0.0000,1.0000,0.460,,,,,,,
10,Left,17,-0.0025,-0.0005,0.0539,0.1670,-0.0907,0.0635,0.9797,0.460,,,,,,,
10,Left,18,0.0000,0.0000,0.0390,0.1136,0.0008,0.0361,0.9929,0.460,,,,,,,
10,Left,19,0.0000,0.0000,0.0266,0.0430,0.0295,0.0067,0.9986,0.460,,,,,,,
10,Left,20,-0.0003,0.0016,0.0243,0.0000,0.0000,0.0000,1.0000,0.460,,,,,,,
10,Left,21,-0.0230,-0.0094,0.0341,0.0183,-0.1403,0.2070,0.9680,0.460,,,,,,,
10,Left,22,0.0000,0.0000,0.0457,0.1009,0.0252,-0.0900,0.9905,0.460,,,,,,,
10,Left,23,0.0000,0.0000,0.0307,0.1269,-0.0371,0.0496,0.9900,0.460,,,,,,,
10,Left,24,0.0000,0.0000,0.0203,0.0234,0.0491,-0.0008,0.9985,0.460,,,,,,,
10,Left,25,0.0002,0.0012,0.0219,0.0000,0.0000,0.0000,1.0000,0.460,,,,,,,
10,Right,0,-0.0027,-0.0051,0.0650,0.0000,0.0000,0.0000,1.0000,0.460,,,,,,,
10,Right,1,0.0000,0.0000,0.0000,0.0000,0.0000,0.0000,1.0000,0.460,0.0840,0.2462,0.0337,-0.4977,-0.4238,0.4260,-0.6254
10,Right,2,-0.0302,-0.0161,0.0345,-0.1396,-0.2972,0.5521,0.7664,0.460,,,,,,,
10,Right,3,0.0000,0.0000,0.0325,0.1690,0.0551,-0.0824,0.9806,0.460,,,,,,,
10,Right,4,0.0000,0.0000,0.0338,-0.0194,-0.0619,0.0827,0.9945,0.460,,,,,,,
10,Right,5,0.0007,0.0010,0.0246,0.0000,0.0000,0.0000,1.0000,0.460,,,,,,,
10,Right,6,-0.0198,-0.0095,0.0364,0.0000,0.0000,0.0000,1.0000,0.460,,,,,,,
10,Right,7,-0.0037,0.0022,0.0596,0.0951,0.0466,0.0302,0.9939,0.460,,,,,,,
10,Right,8,0.0000,0.0000,0.0379,0.1985,0.0019,-0.0264,0.9797,0.460,,,,,,,
10,Right,9,0.0000,0.0000,0.0243,0.0804,0.0246,-0.0168,0.9963,0.460,,,,,,,
10,Right,10,0.0003,0.0010,0.0224,0.0000,0.0000,0.0000,1.0000,0.460,,,,,,,
10,Right,11,-0.0036,-0.0076,0.0343,0.0000,0.0000,0.0000,1.0000,0.460,,,,,,,
10,Right,12,0.0019,0.0051,0.0614,0.1333,0.0875,-0.0161,0.9871,0.460,,,,,,,
10,Right,13,0.0000,0.0000,0.0429,0.1696,0.0024,-0.0122,0.9854,0.460,,,,,,,
10,Right,14,0.0000,0.0000,0.0275,0.0321,-0.0008,-0.0467,0.9984,0.460,,,,,,,
10,Right,15,0.0003,0.0011,0.0250,0.0000,0.0000,0.0000,1.0000,0.460,,,,,,,
10,Right,16,0.0150,-0.0060,0.0348,0.0000,0.0000,0.0000,1.0000,0.460,,,,,,,
10,Right,17,0.0025,-0.0005,0.0539,0.1308,0.1058,-0.0614,0.9838,0.460,,,,,,,
10,Right,18,0.0000,0.0000,0.0390,0.1359,-0.0016,-0.0366,0.9900,0.460,,,,,,,
10,Right,19,0.0000,0.0000,0.0266,0.0585,-0.0295,-0.0074,0.9978,0.460,,,,,,,
10,Right,20,0.0003,0.0016,0.0243,0.0000,0.0000,0.0000,1.0000,0.460,,,,,,,
10,Right,21,0.0230,-0.0094,0.0341,0.0183,0.1403,-0.2070,0.9680,0.460,,,,,,,
10,Right,22,0.0000,0.0000,0.0457,0.0659,0.0174,0.0884,0.9937,0.460,,,,,,,
10,Right,23,0.0000,0.0000,0.0307,0.1380,0.0366,-0.0505,0.9885,0.460,,,,,,,
10,Right,24,0.0000,0.0000,0.0203,0.0191,-0.0491,0.0008,0.9986,0.460,,,,,,,
10,Right,25,-0.0002,0.0012,0.0219,0.0000,0.0000,0.0000,1.0000,0.460,,,,,,,
11,Left,0,0.0026,-0.0051,0.0650,0.0000,0.0000,0.0000,1.0000,0.513,,,,,,,
11,Left,1,0.0000,0.0000,0.0000,0.0000,0.0000,0.0000,1.0000,0.513,-0.0815,0.2419,0.0104,0.4644,-0.6010,0.4523,0.4674
11,Left,2,0.0300,-0.0165,0.0347,-0.1667,0.2463,-0.5464,0.7829,0.513,,,,,,,
11,Left,3,0.0000,0.0000,0.0325,0.1232,-0.0594,0.0828,0.9871,0.513,,,,,,,
11,Left,4,0.0000,0.0000,0.0338,-0.1168,0.0695,-0.0844,0.9871,0.513,,,,,,,
11,Left,5,-0.0007,0.0010,0.0246,0.0000,0.0000,0.0000,1.0000,0.513,,,,,,,
11,Left,6,0.0197,-0.0097,0.0365,0.0000,0.0000,0.0000,1.0000,0.513,,,,,,,
11,Left,7,0.0039,0.0024,0.0594,0.1236,-0.0617,-0.0287,0.9900,0.513,,,,,,,
11,Left,8,0.0000,0.0000,0.0379,0.1661,-0.0028,0.0263,0.9857,0.513,,,,,,,
11,Left,9,0.0000,0.0000,0.0243,0.0477,-0.0252,0.0167,0.9984,0.513,,,,,,,
11,Left,10,-0.0003,0.0010,0.0224,0.0000,0.0000,0.0000,1.0000,0.513,,,,,,,
11,Left,11,0.0035,-0.0078,0.0344,0.0000,0.0000,0.0000,1.0000,0.513,,,,,,,
11,Left,12,-0.0018,0.0052,0.0613,0.1788,-0.0890,0.0202,0.9796,0.513,,,,,,,
11,Left,13,0.0000,0.0000,0.0429,0.1505,-0.0026,0.0121,0.9885,0.513,,,,,,,
11,Left,14,0.0000,0.0000,0.0275,0.0079,-0.0002,0.0444,0.9990,0.513,,,,,,,
11,Left,15,-0.0003,0.0011,0.0250,0.0000,0.0000,0.0000,1.0000,0.513,,,,,,,
11,Left,16,-0.0150,-0.0060,0.0348,0.0000,0.0000,0.0000,1.0000,0.513,,,,,,,
11,Left,17,-0.0025,-0.0005,0.0539,0.1574,-0.0927,0.0629,0.9812,0.513,,,,,,,
11,Left,18,0.0000,0.0000,0.0390,0.1155,0.0009,0.0362,0.9926,0.513,,,,,,,
11,Left,19,0.0000,0.0000,0.0266,0.0442,0.0295,0.0067,0.9986,0.513,,,,,,,
11,Left,20,-0.0003,0.0016,0.0243,0.0000,0.0000,0.0000,1.0000,0.513,,,,,,,
11,Left,21,-0.0230,-0.0094,0.0341,0.0183,-0.1403,0.2070,0.9680,0.513,,,,,,,
11,Left,22,0.0000,0.0000,0.0457,0.0883,0.0222,-0.0900,0.9918,0.513,,,,,,,
11,Left,23,0.0000,0.0000,0.0307,0.1307,-0.0370,0.0499,0.9895,0.513,,,,,,,
11,Left,24,0.0000,0.0000,0.0203,0.0244,0.0491,-0.0008,0.9985,0.513,,,,,,,
11,Left,25,0.0002,0.0012,0.0219,0.0000,0.0000,0.0000,1.0000,0.513,,,,,,,
11,Right,0,-0.0027,-0.0051,0.0650,0.0000,0.0000,0.0000,1.0000,0.513,,,,,,,
11,Right,1,0.0000,0.0000,0.0000,0.0000,0.0000,0.0000,1.0000,0.513,0.0835,0.2459,0.0362,-0.5003,-0.4104,0.4197,-0.6365
11,Right,2,-0.0302,-0.0160,0.0345,-0.1393,-0.2985,0.5519,0.7661,0.513,,,,,,,
11,Right,3,0.0000,0.0000,0.0325,0.1690,0.0551,-0.0824,0.9806,0.513,,,,,,,
11,Right,4,0.0000,0.0000,0.0338,-0.0260,-0.0624,0.0829,0.9943,0.513,,,,,,,
11,Right,5,0.0007,0.0010,0.0246,0.0000,0.0000,0.0000,1.0000,0.513,,,,,,,
11,Right,6,-0.0198,-0.0095,0.0364,0.0000,0.0000,0.0000,1.0000,0.513,,,,,,,
11,Right,7,-0.0037,0.0022,0.0596,0.0972,0.0475,0.0301,0.9937,0.513,,,,,,,
11,Right,8,0.0000,0.0000,0.0379,0.1970,0.0020,-0.0264,0.9801,0.513,,,,,,,
11,Right,9,0.0000,0.0000,0.0243,0.0735,0.0248,-0.0168,0.9968,0.513,,,,,,,
11,Right,10,0.0003,0.0010,0.0224,0.0000,0.0000,0.0000,1.0000,0.513,,,,,,,
11,Right,11,-0.0036,-0.0076,0.0343,0.0000,0.0000,0.0000,1.0000,0.513,,,,,,,
11,Right,12,0.0019,0.0051,0.0614,0.1377,0.0869,-0.0164,0.9865,0.513,,,,,,,
11,Right,13,0.0000,0.0000,0.0429,0.1677,0.0024,-0.0122,0.9858,0.513,,,,,,,
11,Right,14,0.0000,0.0000,0.0275,0.0279,-0.0007,-0.0463,0.9985,0.513,,,,,,,
11,Right,15,0.0003,0.0011,0.0250,0.0000,0.0000,0.0000,1.0000,0.513,,,,,,,
11,Right,16,0.0150,-0.0060,0.0348,0.0000,0.0000,0.0000,1.0000,0.513,,,,,,,
11,Right,17,0.0025,-0.0005,0.0539,0.1390,0.1047,-0.0622,0.9828,0.513,,,,,,,
11,Right,18,0.0000,0.0000,0.0390,0.1344,-0.0016,-0.0366,0.9903,0.513,,,,,,,
11,Right,19,0.0000,0.0000,0.0266,0.0574,-0.0295,-0.0073,0.9979,0.513,,,,,,,
11,Right,20,0.0003,0.0016,0.0243,0.0000,0.0000,0.0000,1.0000,0.513,,,,,,,
11,Right,21,0.0230,-0.0094,0.0341,0.0183,0.1403,-0.2070,0.9680,0.513,,,,,,,
11,Right,22,0.0000,0.0000,0.0457,0.0745,0.0170,0.0879,0.9932,0.513,,,,,,,
11,Right,23,0.0000,0.0000,0.0307,0.1382,0.0366,-0.0505,0.9884,0.513,,,,,,,
11,Right,24,0.0000,0.0000,0.0203,0.0190,-0.0491,0.0008,0.9986,0.513,,,,,,,
11,Right,25,-0.0002,0.0012,0.0219,0.0000,0.0000,0.0000,1.0000,0.513,,,,,,,
12,Left,0,0.0026,-0.0051,0.0650,0.0000,0.0000,0.0000,1.0000,0.556,,,,,,,
12,Left,1,0.0000,0.0000,0.0000,0.0000,0.0000,0.0000,1.0000,0.556,-0.0820,0.2417,0.0090,0.4622,-0.6121,0.4500,0.4574
12,Left,2,0.0300,-0.0165,0.0347,-0.1671,0.2470,-0.5456,0.7832,0.556,,,,,,,
12,Left,3,0.0000,0.0000,0.0325,0.1214,-0.0596,0.0829,0.9873,0.556,,,,,,,
12,Left,4,0.0000,0.0000,0.0338,-0.1151,0.0694,-0.0844,0.9873,0.556,,,,,,,
12,Left,5,-0.0007,0.0010,0.0246,0.0000,0.0000,0.0000,1.0000,0.556,,,,,,,
12,Left,6,0.0197,-0.0097,0.0365,0.0000,0.0000,0.0000,1.0000,0.556,,,,,,,
12,Left,7,0.0038,0.0024,0.0595,0.1213,-0.0604,-0.0289,0.9904,0.556,,,,,,,
12,Left,8,0.0000,0.0000,0.0379,0.1667,-0.0028,0.0263,0.9857,0.556,,,,,,,
12,Left,9,0.0000,0.0000,0.0243,0.0497,-0.0252,0.0167,0.9983,0.556,,,,,,,
12,Left,10,-0.0003,0.0010,0.0224,0.0000,0.0000,0.0000,1.0000,0.556,,,,,,,
12,Left,11,0.0035,-0.0077,0.0344,0.0000,0.0000,0.0000,1.0000,0.556,,,,,,,
12,Left,12,-0.0018,0.0052,0.0613,0.1761,-0.0904,0.0202,0.9800,0.556,,,,,,,
12,Left,13,0.0000,0.0000,0.0429,0.1523,-0.0026,0.0121,0.9883,0.556,,,,,,,
12,Left,14,0.0000,0.0000,0.0275,0.0106,-0.0001,0.0447,0.9989,0.556,,,,,,,
12,Left,15,-0.0003,0.0011,0.0250,0.0000,0.0000,0.0000,1.0000,0.556,,,,,,,
12,Left,16,-0.0150,-0.0060,0.0348,0.0000,0.0000,0.0000,1.0000,0.556,,,,,,,
12,Left,17,-0.0025,-0.0005,0.0539,0.1542,-0.0948,0.0628,0.9815,0.556,,,,,,,
12,Left,18,0.0000,0.0000,0.0390,0.1193,0.0010,0.0363,0.9922,0.556,,,,,,,
12,Left,19,0.0000,0.0000,0.0266,0.0463,0.0295,0.0068,0.9985,0.556,,,,,,,
12,Left,20,-0.0003,0.0016,0.0243,0.0000,0.0000,0.0000,1.0000,0.556,,,,,,,
12,Left,21,-0.0230,-0.0094,0.0341,0.0183,-0.1403,0.2070,0.9680,0.556,,,,,,,
12,Left,22,0.0000,0.0000,0.0457,0.0839,0.0191,-0.0899,0.9922,0.556,,,,,,,
12,Left,23,0.0000,0.0000,0.0307,0.1344,-0.0368,0.0502,0.9890,0.556,,,,,,,
12,Left,24,0.0000,0.0000,0.0203,0.0260,0.0491,-0.0008,0.9985,0.556,,,,,,,
12,Left,25,0.0002,0.0012,0.0219,0.0000,0.0000,0.0000,1.0000,0.556,,,,,,,
12,Right,0,-0.0027,-0.0051,0.0650,0.0000,0.0000,0.0000,1.0000,0.556,,,,,,,
12,Right,1,0.0000,0.0000,0.0000,0.0000,0.0000,0.0000,1.0000,0.556,0.0823,0.2459,0.0391,-0.5012,-0.4043,0.4162,-0.6420
12,Right,2,-0.0302,-0.0161,0.0345,-0.1375,-0.3005,0.5528,0.7650,0.556,,,,,,,
12,Right,3,0.0000,0.0000,0.0325,0.1675,0.0553,-0.0824,0.9809,0.556,,,,,,,
12,Right,4,0.0000,0.0000,0.0338,-0.0316,-0.0629,0.0830,0.9941,0.556,,,,,,,
12,Right,5,0.0007,0.0010,0.0246,0.0000,0.0000,0.0000,1.0000,0.556,,,,,,,
12,Right,6,-0.0198,-0.0095,0.0364,0.0000,0.0000,0.0000,1.0000,0.556,,,,,,,
12,Right,7,-0.0037,0.0022,0.0596,0.1009,0.0487,0.0300,0.9933,0.556,,,,,,,
12,Right,8,0.0000,0.0000,0.0379,0.1939,0.0021,-0.0264,0.9807,0.556,,,,,,,
12,Right,9,0.0000,0.0000,0.0243,0.0687,0.0248,-0.0167,0.9972,0.556,,,,,,,
12,Right,10,0.0003,0.0010,0.0224,0.0000,0.0000,0.0000,1.0000,0.556,,,,,,,
12,Right,11,-0.0036,-0.0076,0.0343,0.0000,0.0000,0.0000,1.0000,0.556,,,,,,,
12,Right,12,0.0019,0.0051,0.0614,0.1421,0.0866,-0.0168,0.9859,0.556,,,,,,,
12,Right,13,0.0000,0.0000,0.0429,0.1648,0.0024,-0.0121,0.9863,0.556,,,,,,,
12,Right,14,0.0000,0.0000,0.0275,0.0245,-0.0005,-0.0460,0.9986,0.556,,,,,,,
12,Right,15,0.0003,0.0011,0.0250,0.0000,0.0000,0.0000,1.0000,0.556,,,,,,,
12,Right,16,0.0150,-0.0060,0.0348,0.0000,0.0000,0.0000,1.0000,0.556,,,,,,,
12,Right,17,0.0025,-0.0005,0.0539,0.1432,0.1044,-0.0626,0.9822,0.556,,,,,,,
12,Right,18,0.0000,0.0000,0.0390,0.1325,-0.0015,-0.0365,0.9905,0.556,,,,,,,
12,Right,19,0.0000,0.0000,0.0266,0.0558,-0.0295,-0.0073,0.9980,0.556,,,,,,,
12,Right,20,0.0003,0.0016,0.0243,0.0000,0.0000,0.0000,1.0000,0.556,,,,,,,
12,Right,21,0.0230,-0.0094,0.0341,0.0183,0.1403,-0.2070,0.9680,0.556,,,,,,,
12,Right,22,0.0000,0.0000,0.0457,0.0773,0.0169,0.0878,0.9930,0.556,,,,,,,
12,Right,23,0.0000,0.0000,0.0307,0.1390,0.0366,-0.0506,0.9883,0.556,,,,,,,
12,Right,24,0.0000,0.0000,0.0203,0.0190,-0.0491,0.0008,0.9986,0.556,,,,,,,
12,Right,25,-0.0002,0.0012,0.0219,0.0000,0.0000,0.0000,1.0000,0.556,,,,,,,
13,Left,0,0.0026,-0.0051,0.0650,0.0000,0.0000,0.0000,1.0000,0.610,,,,,,,
13,Left,1,0.0000,0.0000,0.0000,0.0000,0.0000,0.0000,1.0000,0.610,-0.0822,0.2414,0.0079,0.4590,-0.6194,0.4494,0.4514
13,Left,2,0.0300,-0.0164,0.0347,-0.1674,0.2472,-0.5452,0.7834,0.610,,,,,,,
13,Left,3,0.0000,0.0000,0.0325,0.1199,-0.0597,0.0829,0.9875,0.610,,,,,,,
13,Left,4,0.0000,0.0000,0.0338,-0.1140,0.0693,-0.0844,0.9875,0.610,,,,,,,
13,Left,5,-0.0007,0.0010,0.0246,0.0000,0.0000,0.0000,1.0000,0.610,,,,,,,
13,Left,6,0.0197,-0.0097,0.0365,0.0000,0.0000,0.0000,1.0000,0.610,,,,,,,
13,Left,7,0.0038,0.0024,0.0595,0.1199,-0.0588,-0.0290,0.9906,0.610,,,,,,,
13,Left,8,0.0000,0.0000,0.0379,0.1674,-0.0028,0.0263,0.9855,0.610,,,,,,,
13,Left,9,0.0000,0.0000,0.0243,0.0512,-0.0252,0.0167,0.9982,0.610,,,,,,,
13,Left,10,-0.0003,0.0010,0.0224,0.0000,0.0000,0.0000,1.0000,0.610,,,,,,,
13,Left,11,0.0035,-0.0077,0.0344,0.0000,0.0000,0.0000,1.0000,0.610,,,,,,,
13,Left,12,-0.0018,0.0052,0.0613,0.1743,-0.0910,0.0201,0.9803,0.610,,,,,,,
13,Left,13,0.0000,0.0000,0.0429,0.1540,-0.0026,0.0121,0.9880,0.610,,,,,,,
13,Left,14,0.0000,0.0000,0.0275,0.0145,0.0001,0.0450,0.9989,0.610,,,,,,,
13,Left,15,-0.0003,0.0011,0.0250,0.0000,0.0000,0.0000,1.0000,0.610,,,,,,,
13,Left,16,-0.0150,-0.0060,0.0348,0.0000,0.0000,0.0000,1.0000,0.610,,,,,,,
13,Left,17,-0.0025,-0.0005,0.0539,0.1496,-0.0964,0.0625,0.9821,0.610,,,,,,,
13,Left,18,0.0000,0.0000,0.0390,0.1281,0.0013,0.0365,0.9911,0.610,,,,,,,
13,Left,19,0.0000,0.0000,0.0266,0.0482,0.0295,0.0069,0.9984,0.610,,,,,,,
13,Left,20,-0.0003,0.0016,0.0243,0.0000,0.0000,0.0000,1.0000,0.610,,,,,,,
13,Left,21,-0.0230,-0.0094,0.0341,0.0183,-0.1403,0.2070,0.9680,0.610,,,,,,,
13,Left,22,0.0000,0.0000,0.0457,0.0740,0.0123,-0.0897,0.9931,0.610,,,,,,,
13,Left,23,0.0000,0.0000,0.0307,0.1434,-0.0364,0.0510,0.9877,0.610,,,,,,,
13,Left,24,0.0000,0.0000,0.0203,0.0272,0.0491,-0.0008,0.9984,0.610,,,,,,,
13,Left,25,0.0002,0.0012,0.0219,0.0000,0.0000,0.0000,1.0000,0.610,,,,,,,
13,Right,0,-0.0027,-0.0051,0.0650,0.0000,0.0000,0.0000,1.0000,0.610,,,,,,,
13,Right,1,0.0000,0.0000,0.0000,0.0000,0.0000,0.0000,1.0000,0.610,0.0815,0.2455,0.0412,-0.5036,-0.3976,0.4130,-0.6463
13,Right,2,-0.0302,-0.0161,0.0345,-0.1346,-0.3040,0.5541,0.7632,0.610,,,,,,,
13,Right,3,0.0000,0.0000,0.0325,0.1645,0.0555,-0.0824,0.9814,0.610,,,,,,,
13,Right,4,0.0000,0.0000,0.0338,-0.0404,-0.0636,0.0832,0.9937,0.610,,,,,,,
13,Right,5,0.0007,0.0010,0.0246,0.0000,0.0000,0.0000,1.0000,0.610,,,,,,,
13,Right,6,-0.0198,-0.0095,0.0364,0.0000,0.0000,0.0000,1.0000,0.610,,,,,,,
13,Right,7,-0.0037,0.0022,0.0595,0.1042,0.0493,0.0299,0.9929,0.610,,,,,,,
13,Right,8,0.0000,0.0000,0.0379,0.1896,0.0022,-0.0263,0.9815,0.610,,,,,,,
13,Right,9,0.0000,0.0000,0.0243,0.0589,0.0250,-0.0167,0.9978,0.610,,,,,,,
13,Right,10,0.0003,0.0010,0.0224,0.0000,0.0000,0.0000,1.0000,0.610,,,,,,,
13,Right,11,-0.0036,-0.0076,0.0343,0.0000,0.0000,0.0000,1.0000,0.610,,,,,,,
13,Right,12,0.0019,0.0051,0.0614,0.1497,0.0864,-0.0174,0.9848,0.610,,,,,,,
13,Right,13,0.0000,0.0000,0.0429,0.1625,0.0025,-0.0121,0.9866,0.610,,,,,,,
13,Right,14,0.0000,0.0000,0.0275,0.0207,-0.0004,-0.0456,0.9987,0.610,,,,,,,
13,Right,15,0.0003,0.0011,0.0250,0.0000,0.0000,0.0000,1.0000,0.610,,,,,,,
13,Right,16,0.0150,-0.0060,0.0348,0.0000,0.0000,0.0000,1.0000,0.610,,,,,,,
13,Right,17,0.0025,-0.0005,0.0539,0.1495,0.1044,-0.0633,0.9812,0.610,,,,,,,
13,Right,18,0.0000,0.0000,0.0390,0.1317,-0.0015,-0.0365,0.9906,0.610,,,,,,,
13,Right,19,0.0000,0.0000,0.0266,0.0549,-0.0295,-0.0072,0.9980,0.610,,,,,,,
13,Right,20,0.0003,0.0016,0.0243,0.0000,0.0000,0.0000,1.0000,0.610,,,,,,,
13,Right,21,0.0230,-0.0094,0.0341,0.0183,0.1403,-0.2070,0.9680,0.610,,,,,,,
13,Right,22,0.0000,0.0000,0.0457,0.0785,0.0179,0.0876,0.9929,0.610,,,,,,,
13,Right,23,0.0000,0.0000,0.0307,0.1401,0.0365,-0.0507,0.9882,0.610,,,,,,,
13,Right,24,0.0000,0.0000,0.0203,0.0191,-0.0491,0.0008,0.9986,0.610,,,,,,,
13,Right,25,-0.0002,0.0012,0.0219,0.0000,0.0000,0.0000,1.0000,0.610,,,,,,,
14,Left,0,0.0026,-0.0051,0.0650,0.0000,0.0000,0.0000,1.0000,0.654,,,,,,,
14,Left,1,0.0000,0.0000,0.0000,0.0000,0.0000,0.0000,1.0000,0.654,-0.0824,0.2414,0.0069,0.4539,-0.6282,0.4506,0.4430
14,Left,2,0.0300,-0.0164,0.0347,-0.1679,0.2471,-0.5446,0.7837,0.654,,,,,,,
14,Left,3,0.0000,0.0000,0.0325,0.1176,-0.0599,0.0829,0.9878,0.654,,,,,,,
14,Left,4,0.0000,0.0000,0.0338,-0.1129,0.0692,-0.0844,0.9876,0.654,,,,,,,
14,Left,5,-0.0007,0.0010,0.0246,0.0000,0.0000,0.0000,1.0000,0.654,,,,,,,
14,Left,6,0.0197,-0.0097,0.0365,0.0000,0.0000,0.0000,1.0000,0.654,,,,,,,
14,Left,7,0.0038,0.0023,0.0595,0.1180,-0.0561,-0.0292,0.9910,0.654,,,,,,,
14,Left,8,0.0000,0.0000,0.0379,0.1681,-0.0028,0.0263,0.9854,0.654,,,,,,,
14,Left,9,0.0000,0.0000,0.0243,0.0529,-0.0251,0.0167,0.9981,0.654,,,,,,,
14,Left,10,-0.0003,0.0010,0.0224,0.0000,0.0000,0.0000,1.0000,0.654,,,,,,,
14,Left,11,0.0035,-0.0077,0.0344,0.0000,0.0000,0.0000,1.0000,0.654,,,,,,,
14,Left,12,-0.0018,0.0052,0.0613,0.1722,-0.0911,0.0199,0.9806,0.654,,,,,,,
14,Left,13,0.0000,0.0000,0.0429,0.1565,-0.0025,0.0121,0.9876,0.654,,,,,,,
14,Left,14,0.0000,0.0000,0.0275,0.0174,0.0002,0.0453,0.9988,0.654,,,,,,,
14,Left,15,-0.0003,0.0011,0.0250,0.0000,0.0000,0.0000,1.0000,0.654,,,,,,,
14,Left,16,-0.0150,-0.0060,0.0348,0.0000,0.0000,0.0000,1.0000,0.654,,,,,,,
14,Left,17,-0.0025,-0.0005,0.0539,0.1462,-0.0979,0.0623,0.9824,0.654,,,,,,,
14,Left,18,0.0000,0.0000,0.0390,0.1320,0.0015,0.0365,0.9906,0.654,,,,,,,
14,Left,19,0.0000,0.0000,0.0266,0.0508,0.0295,0.0070,0.9982,0.654,,,,,,,
14,Left,20,-0.0003,0.0016,0.0243,0.0000,0.0000,0.0000,1.0000,0.654,,,,,,,
14,Left,21,-0.0230,-0.0094,0.0341,0.0183,-0.1403,0.2070,0.9680,0.654,,,,,,,
14,Left,22,0.0000,0.0000,0.0457,0.0680,0.0090,-0.0898,0.9936,0.654,,,,,,,
14,Left,23,0.0000,0.0000,0.0307,0.1479,-0.0362,0.0513,0.9870,0.654,,,,,,,
14,Left,24,0.0000,0.0000,0.0203,0.0291,0.0491,-0.0008,0.9984,0.654,,,,,,,
14,Left,25,0.0002,0.0012,0.0219,0.0000,0.0000,0.0000,1.0000,0.654,,,,,,,
14,Right,0,-0.0027,-0.0051,0.0650,0.0000,0.0000,0.0000,1.0000,0.654,,,,,,,
14,Right,1,0.0000,0.0000,0.0000,0.0000,0.0000,0.0000,1.0000,0.654,0.0813,0.2452,0.0424,-0.5107,-0.3705,0.4036,-0.6626
14,Right,2,-0.0302,-0.0161,0.0345,-0.1329,-0.3057,0.5551,0.7620,0.654,,,,,,,
14,Right,3,0.0000,0.0000,0.0325,0.1604,0.0559,-0.0825,0.9820,0.654,,,,,,,
14,Right,4,0.0000,0.0000,0.0338,-0.0433,-0.0638,0.0832,0.9935,0.654,,,,,,,
14,Right,5,0.0007,0.0010,0.0246,0.0000,0.0000,0.0000,1.0000,0.654,,,,,,,
14,Right,6,-0.0198,-0.0095,0.0365,0.0000,0.0000,0.0000,1.0000,0.654,,,,,,,
14,Right,7,-0.0037,0.0022,0.0595,0.1043,0.0500,0.0299,0.9928,0.654,,,,,,,
14,Right,8,0.0000,0.0000,0.0379,0.1873,0.0022,-0.0263,0.9820,0.654,,,,,,,
14,Right,9,0.0000,0.0000,0.0243,0.0560,0.0251,-0.0167,0.9980,0.654,,,,,,,
14,Right,10,0.0003,0.0010,0.0224,0.0000,0.0000,0.0000,1.0000,0.654,,,,,,,
14,Right,11,-0.0036,-0.0077,0.0343,0.0000,0.0000,0.0000,1.0000,0.654,,,,,,,
14,Right,12,0.0019,0.0051,0.0614,0.1504,0.0860,-0.0174,0.9847,0.654,,,,,,,
14,Right,13,0.0000,0.0000,0.0429,0.1611,0.0025,-0.0121,0.9869,0.654,,,,,,,
14,Right,14,0.0000,0.0000,0.0275,0.0189,-0.0003,-0.0455,0.9988,0.654,,,,,,,
14,Right,15,0.0003,0.0011,0.0250,0.0000,0.0000,0.0000,1.0000,0.654,,,,,,,
14,Right,16,0.0150,-0.0060,0.0348,0.0000,0.0000,0.0000,1.0000,0.654,,,,,,,
14,Right,17,0.0025,-0.0005,0.0539,0.1501,0.1048,-0.0633,0.9811,0.654,,,,,,,
14,Right,18,0.0000,0.0000,0.0390,0.1316,-0.0015,-0.0365,0.9906,0.654,,,,,,,
14,Right,19,0.0000,0.0000,0.0266,0.0542,-0.0295,-0.0072,0.9981,0.654,,,,,,,
14,Right,20,0.0003,0.0016,0.0243,0.0000,0.0000,0.0000,1.0000,0.654,,,,,,,
14,Right,21,0.0230,-0.0094,0.0341,0.0183,0.1403,-0.2070,0.9680,0.654,,,,,,,
14,Right,22,0.0000,0.0000,0.0457,0.0785,0.0194,0.0875,0.9929,0.654,,,,,,,
14,Right,23,0.0000,0.0000,0.0307,0.1428,0.0364,-0.0509,0.9878,0.654,,,,,,,
14,Right,24,0.0000,0.0000,0.0203,0.0193,-0.0491,0.0008,0.9986,0.654,,,,,,,
14,Right,25,-0.0002,0.0012,0.0219,0.0000,0.0000,0.0000,1.0000,0.654,,,,,,,
15,Left,0,0.0026,-0.0051,0.0650,0.0000,0.0000,0.0000,1.0000,0.707,,,,,,,
15,Left,1,0.0000,0.0000,0.0000,0.0000,0.0000,0.0000,1.0000,0.707,-0.0825,0.2416,0.0062,0.4465,-0.6420,0.4519,0.4293
15,Left,2,0.0300,-0.0164,0.0346,-0.1685,0.2469,-0.5439,0.7841,0.707,,,,,,,
15,Left,3,0.0000,0.0000,0.0325,0.1159,-0.0601,0.0829,0.9880,0.707,,,,,,,
15,Left,4,0.0000,0.0000,0.0338,-0.1122,0.0692,-0.0844,0.9877,0.707,,,,,,,
15,Left,5,-0.0007,0.0010,0.0246,0.0000,0.0000,0.0000,1.0000,0.707,,,,,,,
15,Left,6,0.0197,-0.0097,0.0365,0.0000,0.0000,0.0000,1.0000,0.707,,,,,,,
15,Left,7,0.0038,0.0023,0.0595,0.1168,-0.0524,-0.0295,0.9913,0.707,,,,,,,
15,Left,8,0.0000,0.0000,0.0379,0.1676,-0.0028,0.0263,0.9855,0.707,,,,,,,
15,Left,9,0.0000,0.0000,0.0243,0.0536,-0.0251,0.0167,0.9981,0.707,,,,,,,
15,Left,10,-0.0003,0.0010,0.0224,0.0000,0.0000,0.0000,1.0000,0.707,,,,,,,
15,Left,11,0.0035,-0.0077,0.0344,0.0000,0.0000,0.0000,1.0000,0.707,,,,,,,
15,Left,12,-0.0018,0.0052,0.0613,0.1714,-0.0908,0.0198,0.9808,0.707,,,,,,,
15,Left,13,0.0000,0.0000,0.0429,0.1572,-0.0025,0.0121,0.9875,0.707,,,,,,,
15,Left,14,0.0000,0.0000,0.0275,0.0188,0.0003,0.0455,0.9988,0.707,,,,,,,
15,Left,15,-0.0003,0.0011,0.0250,0.0000,0.0000,0.0000,1.0000,0.707,,,,,,,
15,Left,16,-0.0150,-0.0060,0.0348,0.0000,0.0000,0.0000,1.0000,0.707,,,,,,,
15,Left,17,-0.0025,-0.0005,0.0539,0.1413,-0.0988,0.0619,0.9831,0.707,,,,,,,
15,Left,18,0.0000,0.0000,0.0390,0.1360,0.0016,0.0366,0.9900,0.707,,,,,,,
15,Left,19,0.0000,0.0000,0.0266,0.0523,0.0295,0.0071,0.9982,0.707,,,,,,,
15,Left,20,-0.0003,0.0016,0.0243,0.0000,0.0000,0.0000,1.0000,0.707,,,,,,,
15,Left,21,-0.0230,-0.0094,0.0341,0.0183,-0.1403,0.2070,0.9680,0.707,,,,,,,
15,Left,22,0.0000,0.0000,0.0457,0.0546,0.0047,-0.0900,0.9944,0.707,,,,,,,
15,Left,23,0.0000,0.0000,0.0307,0.1576,-0.0358,0.0521,0.9855,0.707,,,,,,,
15,Left,24,0.0000,0.0000,0.0203,0.0305,0.0491,-0.0008,0.9983,0.707,,,,,,,
15,Left,25,0.0002,0.0012,0.0219,0.0000,0.0000,0.0000,1.0000,0.707,,,,,,,
15,Right,0,-0.0027,-0.0051,0.0650,0.0000,0.0000,0.0000,1.0000,0.707,,,,,,,
15,Right,1,0.0000,0.0000,0.0000,0.0000,0.0000,0.0000,1.0000,0.707,0.0813,0.2450,0.0432,-0.5126,-0.3488,0.4004,-0.6747
15,Right,2,-0.0302,-0.0162,0.0345,-0.1304,-0.3075,0.5568,0.7605,0.707,,,,,,,
15,Right,3,0.0000,0.0000,0.0325,0.1506,0.0569,-0.0826,0.9835,0.707,,,,,,,
15,Right,4,0.0000,0.0000,0.0338,-0.0450,-0.0640,0.0833,0.9935,0.707,,,,,,,
15,Right,5,0.0007,0.0010,0.0246,0.0000,0.0000,0.0000,1.0000,0.707,,,,,,,
15,Right,6,-0.0198,-0.0095,0.0365,0.0000,0.0000,0.0000,1.0000,0.707,,,,,,,
15,Right,7,-0.0038,0.0022,0.0595,0.1043,0.0502,0.0299,0.9928,0.707,,,,,,,
15,Right,8,0.0000,0.0000,0.0379,0.1853,0.0023,-0.0263,0.9823,0.707,,,,,,,
15,Right,9,0.0000,0.0000,0.0243,0.0525,0.0251,-0.0167,0.9982,0.707,,,,,,,
15,Right,10,0.0003,0.0010,0.0224,0.0000,0.0000,0.0000,1.0000,0.707,,,,,,,
15,Right,11,-0.0036,-0.0077,0.0343,0.0000,0.0000,0.0000,1.0000,0.707,,,,,,,
15,Right,12,0.0019,0.0051,0.0613,0.1503,0.0854,-0.0173,0.9848,0.707,,,,,,,
15,Right,13,0.0000,0.0000,0.0429,0.1605,0.0025,-0.0121,0.9870,0.707,,,,,,,
15,Right,14,0.0000,0.0000,0.0275,0.0176,-0.0002,-0.0453,0.9988,0.707,,,,,,,
15,Right,15,0.0003,0.0011,0.0250,0.0000,0.0000,0.0000,1.0000,0.707,,,,,,,
15,Right,16,0.0150,-0.0060,0.0348,0.0000,0.0000,0.0000,1.0000,0.707,,,,,,,
15,Right,17,0.0025,-0.0005,0.0539,0.1497,0.1047,-0.0633,0.9811,0.707,,,,,,,
15,Right,18,0.0000,0.0000,0.0390,0.1322,-0.0015,-0.0365,0.9905,0.707,,,,,,,
15,Right,19,0.0000,0.0000,0.0266,0.0539,-0.0295,-0.0072,0.9981,0.707,,,,,,,
15,Right,20,0.0003,0.0016,0.0243,0.0000,0.0000,0.0000,1.0000,0.707,,,,,,,
15,Right,21,0.0230,-0.0094,0.0341,0.0183,0.1403,-0.2070,0.9680,0.707,,,,,,,
15,Right,22,0.0000,0.0000,0.0457,0.0778,0.0201,0.0875,0.9929,0.707,,,,,,,
15,Right,23,0.0000,0.0000,0.0307,0.1488,0.0362,-0.0514,0.9869,0.707,,,,,,,
15,Right,24,0.0000,0.0000,0.0203,0.0195,-0.0491,0.0008,0.9986,0.707,,,,,,,
15,Right,25,-0.0002,0.0012,0.0219,0.0000,0.0000,0.0000,1.0000,0.707,,,,,,,
16,Left,0,0.0026,-0.0051,0.0650,0.0000,0.0000,0.0000,1.0000,0.751,,,,,,,
16,Left,1,0.0000,0.0000,0.0000,0.0000,0.0000,0.0000,1.0000,0.751,-0.0828,0.2418,0.0055,0.4375,-0.6579,0.4544,0.4114
16,Left,2,0.0301,-0.0164,0.0346,-0.1694,0.2462,-0.5432,0.7846,0.751,,,,,,,
16,Left,3,0.0000,0.0000,0.0325,0.1138,-0.0603,0.0829,0.9882,0.751,,,,,,,
16,Left,4,0.0000,0.0000,0.0338,-0.1109,0.0691,-0.0843,0.9878,0.751,,,,,,,
16,Left,5,-0.0007,0.0010,0.0246,0.0000,0.0000,0.0000,1.0000,0.751,,,,,,,
16,Left,6,0.0197,-0.0096,0.0365,0.0000,0.0000,0.0000,1.0000,0.751,,,,,,,
16,Left,7,0.0038,0.0023,0.0595,0.1156,-0.0494,-0.0297,0.9916,0.751,,,,,,,
16,Left,8,0.0000,0.0000,0.0379,0.1661,-0.0028,0.0263,0.9858,0.751,,,,,,,
16,Left,9,0.0000,0.0000,0.0243,0.0541,-0.0251,0.0167,0.9981,0.751,,,,,,,
16,Left,10,-0.0003,0.0010,0.0224,0.0000,0.0000,0.0000,1.0000,0.751,,,,,,,
16,Left,11,0.0035,-0.0077,0.0344,0.0000,0.0000,0.0000,1.0000,0.751,,,,,,,
16,Left,12,-0.0018,0.0052,0.0613,0.1712,-0.0900,0.0197,0.9809,0.751,,,,,,,
16,Left,13,0.0000,0.0000,0.0429,0.1567,-0.0025,0.0121,0.9876,0.751,,,,,,,
16,Left,14,0.0000,0.0000,0.0275,0.0200,0.0003,0.0456,0.9988,0.751,,,,,,,
16,Left,15,-0.0003,0.0011,0.0250,0.0000,0.0000,0.0000,1.0000,0.751,,,,,,,
16,Left,16,-0.0150,-0.0060,0.0348,0.0000,0.0000,0.0000,1.0000,0.751,,,,,,,
16,Left,17,-0.0025,-0.0005,0.0539,0.1391,-0.0993,0.0618,0.9834,0.751,,,,,,,
16,Left,18,0.0000,0.0000,0.0390,0.1372,0.0016,0.0366,0.9899,0.751,,,,,,,
16,Left,19,0.0000,0.0000,0.0266,0.0538,0.0295,0.0072,0.9981,0.751,,,,,,,
16,Left,20,-0.0003,0.0016,0.0243,0.0000,0.0000,0.0000,1.0000,0.751,,,,,,,
16,Left,21,-0.0230,-0.0094,0.0341,0.0183,-0.1403,0.2070,0.9680,0.751,,,,,,,
16,Left,22,0.0000,0.0000,0.0457,0.0508,0.0028,-0.0901,0.9946,0.751,,,,,,,
16,Left,23,0.0000,0.0000,0.0307,0.1608,-0.0356,0.0524,0.9850,0.751,,,,,,,
16,Left,24,0.0000,0.0000,0.0203,0.0323,0.0491,-0.0008,0.9983,0.751,,,,,,,
16,Left,25,0.0002,0.0012,0.0219,0.0000,0.0000,0.0000,1.0000,0.751,,,,,,,
16,Right,0,-0.0026,-0.0051,0.0650,0.0000,0.0000,0.0000,1.0000,0.751,,,,,,,
16,Right,1,0.0000,0.0000,0.0000,0.0000,0.0000,0.0000,1.0000,0.751,0.0813,0.2449,0.0444,-0.5130,-0.3300,0.3995,-0.6844
16,Right,2,-0.0301,-0.0163,0.0346,-0.1260,-0.3104,0.5600,0.7577,0.751,,,,,,,
16,Right,3,0.0000,0.0000,0.0325,0.1467,0.0572,-0.0826,0.9841,0.751,,,,,,,
16,Right,4,0.0000,0.0000,0.0338,-0.0474,-0.0642,0.0833,0.9933,0.751,,,,,,,
16,Right,5,0.0007,0.0010,0.0246,0.0000,0.0000,0.0000,1.0000,0.751,,,,,,,
16,Right,6,-0.0198,-0.0096,0.0365,0.0000,0.0000,0.0000,1.0000,0.751,,,,,,,
16,Right,7,-0.0038,0.0023,0.0595,0.1051,0.0500,0.0299,0.9928,0.751,,,,,,,
16,Right,8,0.0000,0.0000,0.0379,0.1820,0.0024,-0.0263,0.9829,0.751,,,,,,,
16,Right,9,0.0000,0.0000,0.0243,0.0487,0.0252,-0.0167,0.9984,0.751,,,,,,,
16,Right,10,0.0003,0.0010,0.0224,0.0000,0.0000,0.0000,1.0000,0.751,,,,,,,
16,Right,11,-0.0035,-0.0077,0.0343,0.0000,0.0000,0.0000,1.0000,0.751,,,,,,,
16,Right,12,0.0018,0.0052,0.0613,0.1502,0.0841,-0.0172,0.9849,0.751,,,,,,,
16,Right,13,0.0000,0.0000,0.0429,0.1597,0.0025,-0.0121,0.9871,0.751,,,,,,,
16,Right,14,0.0000,0.0000,0.0275,0.0157,-0.0001,-0.0452,0.9989,0.751,,,,,,,
16,Right,15,0.0003,0.0011,0.0250,0.0000,0.0000,0.0000,1.0000,0.751,,,,,,,
16,Right,16,0.0150,-0.0060,0.0348,0.0000,0.0000,0.0000,1.0000,0.751,,,,,,,
16,Right,17,0.0025,-0.0005,0.0539,0.1485,0.1040,-0.0631,0.9814,0.751,,,,,,,
16,Right,18,0.0000,0.0000,0.0390,0.1331,-0.0015,-0.0366,0.9904,0.751,,,,,,,
16,Right,19,0.0000,0.0000,0.0266,0.0535,-0.0295,-0.0072,0.9981,0.751,,,,,,,
16,Right,20,0.0003,0.0016,0.0243,0.0000,0.0000,0.0000,1.0000,0.751,,,,,,,
16,Right,21,0.0230,-0.0094,0.0341,0.0183,0.1403,-0.2070,0.9680,0.751,,,,,,,
16,Right,22,0.0000,0.0000,0.0457,0.0760,0.0203,0.0876,0.9930,0.751,,,,,,,
16,Right,23,0.0000,0.0000,0.0307,0.1530,0.0360,-0.0518,0.9862,0.751,,,,,,,
16,Right,24,0.0000,0.0000,0.0203,0.0201,-0.0491,0.0008,0.9986,0.751,,,,,,,
16,Right,25,-0.0002,0.0012,0.0219,0.0000,0.0000,0.0000,1.0000,0.751,,,,,,,
17,Left,0,0.0026,-0.0051,0.0650,0.0000,0.0000,0.0000,1.0000,0.793,,,,,,,
17,Left,1,0.0000,0.0000,0.0000,0.0000,0.0000,0.0000,1.0000,0.793,-0.0830,0.2419,0.0049,0.4307,-0.6729,0.4550,0.3934
17,Left,2,0.0300,-0.0164,0.0346,-0.1700,0.2449,-0.5432,0.7849,0.793,,,,,,,
17,Left,3,0.0000,0.0000,0.0325,0.1125,-0.0604,0.0829,0.9883,0.793,,,,,,,
17,Left,4,0.0000,0.0000,0.0338,-0.1095,0.0690,-0.0843,0.9880,0.793,,,,,,,
17,Left,5,-0.0007,0.0010,0.0246,0.0000,0.0000,0.0000,1.0000,0.793,,,,,,,
17,Left,6,0.0197,-0.0096,0.0365,0.0000,0.0000,0.0000,1.0000,0.793,,,,,,,
17,Left,7,0.0038,0.0023,0.0595,0.1158,-0.0467,-0.0299,0.9917,0.793,,,,,,,
17,Left,8,0.0000,0.0000,0.0379,0.1648,-0.0028,0.0263,0.9860,0.793,,,,,,,
17,Left,9,0.0000,0.0000,0.0243,0.0544,-0.0251,0.0167,0.9981,0.793,,,,,,,
17,Left,10,-0.0003,0.0010,0.0224,0.0000,0.0000,0.0000,1.0000,0.793,,,,,,,
17,Left,11,0.0035,-0.0077,0.0344,0.0000,0.0000,0.0000,1.0000,0.793,,,,,,,
17,Left,12,-0.0018,0.0052,0.0613,0.1717,-0.0894,0.0197,0.9809,0.793,,,,,,,
17,Left,13,0.0000,0.0000,0.0429,0.1550,-0.0026,0.0121,0.9878,0.793,,,,,,,
17,Left,14,0.0000,0.0000,0.0275,0.0200,0.0003,0.0456,0.9988,0.793,,,,,,,
17,Left,15,-0.0003,0.0011,0.0250,0.0000,0.0000,0.0000,1.0000,0.793,,,,,,,
17,Left,16,-0.0150,-0.0060,0.0348,0.0000,0.0000,0.0000,1.0000,0.793,,,,,,,
17,Left,17,-0.0025,-0.0005,0.0539,0.1383,-0.0994,0.0617,0.9835,0.793,,,,,,,
17,Left,18,0.0000,0.0000,0.0390,0.1369,0.0016,0.0366,0.9899,0.793,,,,,,,
17,Left,19,0.0000,0.0000,0.0266,0.0544,0.0295,0.0072,0.9981,0.793,,,,,,,
17,Left,20,-0.0003,0.0016,0.0243,0.0000,0.0000,0.0000,1.0000,0.793,,,,,,,
17,Left,21,-0.0230,-0.0094,0.0341,0.0183,-0.1403,0.2070,0.9680,0.793,,,,,,,
17,Left,22,0.0000,0.0000,0.0457,0.0474,0.0022,-0.0903,0.9948,0.793,,,,,,,
17,Left,23,0.0000,0.0000,0.0307,0.1627,-0.0355,0.0525,0.9846,0.793,,,,,,,
17,Left,24,0.0000,0.0000,0.0203,0.0333,0.0491,-0.0008,0.9982,0.793,,,,,,,
17,Left,25,0.0002,0.0012,0.0219,0.0000,0.0000,0.0000,1.0000,0.793,,,,,,,
17,Right,0,-0.0026,-0.0052,0.0650,0.0000,0.0000,0.0000,1.0000,0.793,,,,,,,
17,Right,1,0.0000,0.0000,0.0000,0.0000,0.0000,0.0000,1.0000,0.793,0.0815,0.2446,0.0461,-0.5151,-0.3201,0.4000,-0.6872
17,Right,2,-0.0299,-0.0166,0.0347,-0.1117,-0.3223,0.5685,0.7487,0.793,,,,,,,
17,Right,3,0.0000,0.0000,0.0325,0.1397,0.0579,-0.0827,0.9850,0.793,,,,,,,
17,Right,4,0.0000,0.0000,0.0338,-0.0503,-0.0644,0.0834,0.9932,0.793,,,,,,,
17,Right,5,0.0007,0.0010,0.0246,0.0000,0.0000,0.0000,1.0000,0.793,,,,,,,
17,Right,6,-0.0197,-0.0097,0.0366,0.0000,0.0000,0.0000,1.0000,0.793,,,,,,,
17,Right,7,-0.0039,0.0024,0.0594,0.1064,0.0490,0.0299,0.9927,0.793,,,,,,,
17,Right,8,0.0000,0.0000,0.0379,0.1737,0.0026,-0.0263,0.9844,0.793,,,,,,,
17,Right,9,0.0000,0.0000,0.0243,0.0407,0.0253,-0.0166,0.9987,0.793,,,,,,,
17,Right,10,0.0003,0.0010,0.0224,0.0000,0.0000,0.0000,1.0000,0.793,,,,,,,
17,Right,11,-0.0035,-0.0078,0.0344,0.0000,0.0000,0.0000,1.0000,0.793,,,,,,,
17,Right,12,0.0017,0.0052,0.0612,0.1507,0.0826,-0.0171,0.9850,0.793,,,,,,,
17,Right,13,0.0000,0.0000,0.0429,0.1583,0.0025,-0.0121,0.9873,0.793,,,,,,,
17,Right,14,0.0000,0.0000,0.0275,0.0140,-0.0001,-0.0450,0.9989,0.793,,,,,,,
17,Right,15,0.0003,0.0011,0.0250,0.0000,0.0000,0.0000,1.0000,0.793,,,,,,,
17,Right,16,0.0150,-0.0060,0.0348,0.0000,0.0000,0.0000,1.0000,0.793,,,,,,,
17,Right,17,0.0025,-0.0005,0.0539,0.1475,0.1031,-0.0629,0.9817,0.793,,,,,,,
17,Right,18,0.0000,0.0000,0.0390,0.1335,-0.0015,-0.0366,0.9904,0.793,,,,,,,
17,Right,19,0.0000,0.0000,0.0266,0.0531,-0.0295,-0.0071,0.9981,0.793,,,,,,,
17,Right,20,0.0003,0.0016,0.0243,0.0000,0.0000,0.0000,1.0000,0.793,,,,,,,
17,Right,21,0.0230,-0.0094,0.0341,0.0183,0.1403,-0.2070,0.9680,0.793,,,,,,,
17,Right,22,0.0000,0.0000,0.0457,0.0742,0.0197,0.0878,0.9932,0.793,,,,,,,
17,Right,23,0.0000,0.0000,0.0307,0.1607,0.0356,-0.0524,0.9850,0.793,,,,,,,
17,Right,24,0.0000,0.0000,0.0203,0.0208,-0.0491,0.0008,0.9986,0.793,,,,,,,
17,Right,25,-0.0002,0.0012,0.0219,0.0000,0.0000,0.0000,1.0000,0.793,,,,,,,
18,Left,0,0.0026,-0.0051,0.0650,0.0000,0.0000,0.0000,1.0000,0.846,,,,,,,
18,Left,1,0.0000,0.0000,0.0000,0.0000,0.0000,0.0000,1.0000,0.846,-0.0831,0.2420,0.0044,0.4229,-0.6881,0.4537,0.3766
18,Left,2,0.0300,-0.0164,0.0347,-0.1701,0.2427,-0.5441,0.7849,0.846,,,,,,,
18,Left,3,0.0000,0.0000,0.0325,0.1114,-0.0605,0.0829,0.9885,0.846,,,,,,,
18,Left,4,0.0000,0.0000,0.0338,-0.1077,0.0688,-0.0843,0.9882,0.846,,,,,,,
18,Left,5,-0.0007,0.0010,0.0246,0.0000,0.0000,0.0000,1.0000,0.846,,,,,,,
18,Left,6,0.0197,-0.0097,0.0365,0.0000,0.0000,0.0000,1.0000,0.846,,,,,,,
18,Left,7,0.0038,0.0024,0.0595,0.1163,-0.0446,-0.0300,0.9918,0.846,,,,,,,
18,Left,8,0.0000,0.0000,0.0379,0.1640,-0.0029,0.0263,0.9861,0.846,,,,,,,
18,Left,9,0.0000,0.0000,0.0243,0.0551,-0.0251,0.0167,0.9980,0.846,,,,,,,
18,Left,10,-0.0003,0.0010,0.0224,0.0000,0.0000,0.0000,1.0000,0.846,,,,,,,
18,Left,11,0.0035,-0.0077,0.0344,0.0000,0.0000,0.0000,1.0000,0.846,,,,,,,
18,Left,12,-0.0018,0.0052,0.0613,0.1722,-0.0888,0.0196,0.9809,0.846,,,,,,,
18,Left,13,0.0000,0.0000,0.0429,0.1535,-0.0026,0.0121,0.9881,0.846,,,,,,,
18,Left,14,0.0000,0.0000,0.0275,0.0198,0.0003,0.0456,0.9988,0.846,,,,,,,
18,Left,15,-0.0003,0.0011,0.0250,0.0000,0.0000,0.0000,1.0000,0.846,,,,,,,
18,Left,16,-0.0150,-0.0060,0.0348,0.0000,0.0000,0.0000,1.0000,0.846,,,,,,,
18,Left,17,-0.0025,-0.0005,0.0539,0.1385,-0.0995,0.0617,0.9834,0.846,,,,,,,
18,Left,18,0.0000,0.0000,0.0390,0.1363,0.0016,0.0366,0.9900,0.846,,,,,,,
18,Left,19,0.0000,0.0000,0.0266,0.0546,0.0295,0.0072,0.9980,0.846,,,,,,,
18,Left,20,-0.0003,0.0016,0.0243,0.0000,0.0000,0.0000,1.0000,0.846,,,,,,,
18,Left,21,-0.0230,-0.0094,0.0341,0.0183,-0.1403,0.2070,0.9680,0.846,,,,,,,
18,Left,22,0.0000,0.0000,0.0457,0.0472,0.0023,-0.0903,0.9948,0.846,,,,,,,
18,Left,23,0.0000,0.0000,0.0307,0.1639,-0.0355,0.0526,0.9844,0.846,,,,,,,
18,Left,24,0.0000,0.0000,0.0203,0.0341,0.0491,-0.0008,0.9982,0.846,,,,,,,
18,Left,25,0.0002,0.0012,0.0219,0.0000,0.0000,0.0000,1.0000,0.846,,,,,,,
18,Right,0,-0.0026,-0.0052,0.0650,0.0000,0.0000,0.0000,1.0000,0.846,,,,,,,
18,Right,1,0.0000,0.0000,0.0000,0.0000,0.0000,0.0000,1.0000,0.846,0.0817,0.2443,0.0486,-0.5204,-0.3076,0.3965,-0.6909
18,Right,2,-0.0299,-0.0167,0.0348,-0.1059,-0.3274,0.5716,0.7449,0.846,,,,,,,
18,Right,3,0.0000,0.0000,0.0325,0.1351,0.0583,-0.0827,0.9857,0.846,,,,,,,
18,Right,4,0.0000,0.0000,0.0338,-0.0533,-0.0646,0.0834,0.9930,0.846,,,,,,,
18,Right,5,0.0007,0.0010,0.0246,0.0000,0.0000,0.0000,1.0000,0.846,,,,,,,
18,Right,6,-0.0196,-0.0098,0.0366,0.0000,0.0000,0.0000,1.0000,0.846,,,,,,,
18,Right,7,-0.0039,0.0025,0.0594,0.1061,0.0475,0.0300,0.9928,0.846,,,,,,,
18,Right,8,0.0000,0.0000,0.0379,0.1672,0.0028,-0.0263,0.9856,0.846,,,,,,,
18,Right,9,0.0000,0.0000,0.0243,0.0355,0.0254,-0.0166,0.9989,0.846,,,,,,,
18,Right,10,0.0003,0.0010,0.0224,0.0000,0.0000,0.0000,1.0000,0.846,,,,,,,
18,Right,11,-0.0034,-0.0078,0.0344,0.0000,0.0000,0.0000,1.0000,0.846,,,,,,,
18,Right,12,0.0017,0.0052,0.0612,0.1500,0.0809,-0.0168,0.9852,0.846,,,,,,,
18,Right,13,0.0000,0.0000,0.0429,0.1566,0.0025,-0.0121,0.9876,0.846,,,,,,,
18,Right,14,0.0000,0.0000,0.0275,0.0125,0.0000,-0.0448,0.9989,0.846,,,,,,,
18,Right,15,0.0003,0.0011,0.0250,0.0000,0.0000,0.0000,1.0000,0.846,,,,,,,
18,Right,16,0.0150,-0.0060,0.0348,0.0000,0.0000,0.0000,1.0000,0.846,,,,,,,
18,Right,17,0.0025,-0.0005,0.0539,0.1453,0.1020,-0.0626,0.9821,0.846,,,,,,,
18,Right,18,0.0000,0.0000,0.0390,0.1336,-0.0015,-0.0366,0.9904,0.846,,,,,,,
18,Right,19,0.0000,0.0000,0.0266,0.0527,-0.0295,-0.0071,0.9981,0.846,,,,,,,
18,Right,20,0.0003,0.0016,0.0243,0.0000,0.0000,0.0000,1.0000,0.846,,,,,,,
18,Right,21,0.0230,-0.0094,0.0341,0.0183,0.1403,-0.2070,0.9680,0.846,,,,,,,
18,Right,22,0.0000,0.0000,0.0457,0.0681,0.0184,0.0882,0.9936,0.846,,,,,,,
18,Right,23,0.0000,0.0000,0.0307,0.1651,0.0354,-0.0527,0.9842,0.846,,,,,,,
18,Right,24,0.0000,0.0000,0.0203,0.0216,-0.0491,0.0008,0.9986,0.846,,,,,,,
18,Right,25,-0.0002,0.0012,0.0219,0.0000,0.0000,0.0000,1.0000,0.846,,,,,,,
19,Left,0,0.0026,-0.0052,0.0650,0.0000,0.0000,0.0000,1.0000,0.902,,,,,,,
19,Left,1,0.0000,0.0000,0.0000,0.0000,0.0000,0.0000,1.0000,0.902,-0.0831,0.2420,0.0038,0.4143,-0.7034,0.4527,0.3586
19,Left,2,0.0299,-0.0166,0.0348,-0.1688,0.2400,-0.5471,0.7839,0.902,,,,,,,
19,Left,3,0.0000,0.0000,0.0325,0.1098,-0.0606,0.0829,0.9886,0.902,,,,,,,
19,Left,4,0.0000,0.0000,0.0338,-0.1041,0.0686,-0.0843,0.9886,0.902,,,,,,,
19,Left,5,-0.0007,0.0010,0.0246,0.0000,0.0000,0.0000,1.0000,0.902,,,,,,,
19,Left,6,0.0197,-0.0098,0.0366,0.0000,0.0000,0.0000,1.0000,0.902,,,,,,,
19,Left,7,0.0039,0.0025,0.0594,0.1177,-0.0423,-0.0302,0.9917,0.902,,,,,,,
19,Left,8,0.0000,0.0000,0.0379,0.1649,-0.0028,0.0263,0.9860,0.902,,,,,,,
19,Left,9,0.0000,0.0000,0.0243,0.0567,-0.0251,0.0167,0.9979,0.902,,,,,,,
19,Left,10,-0.0003,0.0010,0.0224,0.0000,0.0000,0.0000,1.0000,0.902,,,,,,,
19,Left,11,0.0034,-0.0078,0.0344,0.0000,0.0000,0.0000,1.0000,0.902,,,,,,,
19,Left,12,-0.0017,0.0052,0.0612,0.1730,-0.0879,0.0196,0.9808,0.902,,,,,,,
19,Left,13,0.0000,0.0000,0.0429,0.1532,-0.0026,0.0121,0.9881,0.902,,,,,,,
19,Left,14,0.0000,0.0000,0.0275,0.0200,0.0003,0.0456,0.9988,0.902,,,,,,,
19,Left,15,-0.0003,0.0011,0.0250,0.0000,0.0000,0.0000,1.0000,0.902,,,,,,,
19,Left,16,-0.0150,-0.0060,0.0348,0.0000,0.0000,0.0000,1.0000,0.902,,,,,,,
19,Left,17,-0.0025,-0.0005,0.0539,0.1401,-0.0992,0.0618,0.9832,0.902,,,,,,,
19,Left,18,0.0000,0.0000,0.0390,0.1368,0.0016,0.0366,0.9899,0.902,,,,,,,
19,Left,19,0.0000,0.0000,0.0266,0.0550,0.0295,0.0072,0.9980,0.902,,,,,,,
19,Left,20,-0.0003,0.0016,0.0243,0.0000,0.0000,0.0000,1.0000,0.902,,,,,,,
19,Left,21,-0.0230,-0.0094,0.0341,0.0183,-0.1403,0.2070,0.9680,0.902,,,,,,,
19,Left,22,0.0000,0.0000,0.0457,0.0489,0.0035,-0.0902,0.9947,0.902,,,,,,,
19,Left,23,0.0000,0.0000,0.0307,0.1661,-0.0354,0.0528,0.9841,0.902,,,,,,,
19,Left,24,0.0000,0.0000,0.0203,0.0353,0.0491,-0.0008,0.9982,0.902,,,,,,,
19,Left,25,0.0002,0.0012,0.0219,0.0000,0.0000,0.0000,1.0000,0.902,,,,,,,
19,Right,0,-0.0026,-0.0052,0.0650,0.0000,0.0000,0.0000,1.0000,0.902,,,,,,,
19,Right,1,0.0000,0.0000,0.0000,0.0000,0.0000,0.0000,1.0000,0.902,0.0816,0.2446,0.0519,-0.5303,-0.2861,0.3855,-0.6988
19,Right,2,-0.0298,-0.0167,0.0348,-0.1043,-0.3282,0.5727,0.7439,0.902,,,,,,,
19,Right,3,0.0000,0.0000,0.0325,0.1332,0.0585,-0.0828,0.9859,0.902,,,,,,,
19,Right,4,0.0000,0.0000,0.0338,-0.0547,-0.0647,0.0834,0.9929,0.902,,,,,,,
19,Right,5,0.0007,0.0010,0.0246,0.0000,0.0000,0.0000,1.0000,0.902,,,,,,,
19,Right,6,-0.0196,-0.0098,0.0366,0.0000,0.0000,0.0000,1.0000,0.902,,,,,,,
19,Right,7,-0.0039,0.0025,0.0594,0.1030,0.0449,0.0302,0.9932,0.902,,,,,,,
19,Right,8,0.0000,0.0000,0.0379,0.1639,0.0029,-0.0263,0.9861,0.902,,,,,,,
19,Right,9,0.0000,0.0000,0.0243,0.0331,0.0255,-0.0166,0.9990,0.902,,,,,,,
19,Right,10,0.0003,0.0010,0.0224,0.0000,0.0000,0.0000,1.0000,0.902,,,,,,,
19,Right,11,-0.0034,-0.0078,0.0344,0.0000,0.0000,0.0000,1.0000,0.902,,,,,,,
19,Right,12,0.0017,0.0053,0.0612,0.1474,0.0786,-0.0164,0.9858,0.902,,,,,,,
19,Right,13,0.0000,0.0000,0.0429,0.1547,0.0026,-0.0121,0.9879,0.902,,,,,,,
19,Right,14,0.0000,0.0000,0.0275,0.0109,0.0001,-0.0447,0.9989,0.902,,,,,,,
19,Right,15,0.0003,0.0011,0.0250,0.0000,0.0000,0.0000,1.0000,0.902,,,,,,,
19,Right,16,0.0150,-0.0060,0.0348,0.0000,0.0000,0.0000,1.0000,0.902,,,,,,,
19,Right,17,0.0025,-0.0005,0.0539,0.1386,0.1007,-0.0618,0.9833,0.902,,,,,,,
19,Right,18,0.0000,0.0000,0.0390,0.1340,-0.0015,-0.0366,0.9903,0.902,,,,,,,
19,Right,19,0.0000,0.0000,0.0266,0.0525,-0.0295,-0.0071,0.9982,0.902,,,,,,,
19,Right,20,0.0003,0.0016,0.0243,0.0000,0.0000,0.0000,1.0000,0.902,,,,,,,
19,Right,21,0.0230,-0.0094,0.0341,0.0183,0.1403,-0.2070,0.9680,0.902,,,,,,,
19,Right,22,0.0000,0.0000,0.0457,0.0589,0.0165,0.0889,0.9942,0.902,,,,,,,
19,Right,23,0.0000,0.0000,0.0307,0.1684,0.0353,-0.0530,0.9837,0.902,,,,,,,
19,Right,24,0.0000,0.0000,0.0203,0.0230,-0.0491,0.0008,0.9985,0.902,,,,,,,
19,Right,25,-0.0002,0.0012,0.0219,0.0000,0.0000,0.0000,1.0000,0.902,,,,,,,
20,Left,0,0.0026,-0.0052,0.0651,0.0000,0.0000,0.0000,1.0000,0.945,,,,,,,
20,Left,1,0.0000,0.0000,0.0000,0.0000,0.0000,0.0000,1.0000,0.945,-0.0830,0.2423,0.0030,0.4089,-0.7136,0.4532,0.3438
20,Left,2,0.0298,-0.0168,0.0349,-0.1668,0.2373,-0.5510,0.7824,0.945,,,,,,,
20,Left,3,0.0000,0.0000,0.0325,0.1077,-0.0608,0.0830,0.9888,0.945,,,,,,,
20,Left,4,0.0000,0.0000,0.0338,-0.1005,0.0683,-0.0842,0.9890,0.945,,,,,,,
20,Left,5,-0.0007,0.0010,0.0246,0.0000,0.0000,0.0000,1.0000,0.945,,,,,,,
20,Left,6,0.0196,-0.0099,0.0366,0.0000,0.0000,0.0000,1.0000,0.945,,,,,,,
20,Left,7,0.0040,0.0026,0.0594,0.1183,-0.0400,-0.0303,0.9917,0.945,,,,,,,
20,Left,8,0.0000,0.0000,0.0379,0.1673,-0.0028,0.0263,0.9855,0.945,,,,,,,
20,Left,9,0.0000,0.0000,0.0243,0.0590,-0.0250,0.0167,0.9978,0.945,,,,,,,
20,Left,10,-0.0003,0.0010,0.0224,0.0000,0.0000,0.0000,1.0000,0.945,,,,,,,
20,Left,11,0.0034,-0.0078,0.0345,0.0000,0.0000,0.0000,1.0000,0.945,,,,,,,
20,Left,12,-0.0017,0.0053,0.0612,0.1731,-0.0867,0.0194,0.9809,0.945,,,,,,,
20,Left,13,0.0000,0.0000,0.0429,0.1550,-0.0026,0.0121,0.9878,0.945,,,,,,,
20,Left,14,0.0000,0.0000,0.0275,0.0211,0.0004,0.0457,0.9987,0.945,,,,,,,
20,Left,15,-0.0003,0.0011,0.0250,0.0000,0.0000,0.0000,1.0000,0.945,,,,,,,
20,Left,16,-0.0150,-0.0060,0.0348,0.0000,0.0000,0.0000,1.0000,0.945,,,,,,,
20,Left,17,-0.0025,-0.0005,0.0539,0.1409,-0.0984,0.0619,0.9832,0.945,,,,,,,
20,Left,18,0.0000,0.0000,0.0390,0.1391,0.0017,0.0367,0.9896,0.945,,,,,,,
20,Left,19,0.0000,0.0000,0.0266,0.0560,0.0295,0.0073,0.9980,0.945,,,,,,,
20,Left,20,-0.0003,0.0016,0.0243,0.0000,0.0000,0.0000,1.0000,0.945,,,,,,,
20,Left,21,-0.0230,-0.0094,0.0341,0.0183,-0.1403,0.2070,0.9680,0.945,,,,,,,
20,Left,22,0.0000,0.0000,0.0457,0.0505,0.0055,-0.0902,0.9946,0.945,,,,,,,
20,Left,23,0.0000,0.0000,0.0307,0.1691,-0.0352,0.0531,0.9835,0.945,,,,,,,
20,Left,24,0.0000,0.0000,0.0203,0.0368,0.0491,-0.0009,0.9981,0.945,,,,,,,
20,Left,25,0.0002,0.0012,0.0219,0.0000,0.0000,0.0000,1.0000,0.945,,,,,,,
20,Right,0,-0.0026,-0.0052,0.0650,0.0000,0.0000,0.0000,1.0000,0.945,,,,,,,
20,Right,1,0.0000,0.0000,0.0000,0.0000,0.0000,0.0000,1.0000,0.945,0.0805,0.2451,0.0556,-0.5394,-0.2631,0.3738,-0.7072
20,Right,2,-0.0298,-0.0167,0.0348,-0.1045,-0.3284,0.5725,0.7440,0.945,,,,,,,
20,Right,3,0.0000,0.0000,0.0325,0.1326,0.0585,-0.0828,0.9860,0.945,,,,,,,
20,Right,4,0.0000,0.0000,0.0338,-0.0535,-0.0646,0.0834,0.9930,0.945,,,,,,,
20,Right,5,0.0007,0.0010,0.0246,0.0000,0.0000,0.0000,1.0000,0.945,,,,,,,
20,Right,6,-0.0196,-0.0098,0.0366,0.0000,0.0000,0.0000,1.0000,0.945,,,,,,,
20,Right,7,-0.0039,0.0025,0.0594,0.0987,0.0423,0.0303,0.9938,0.945,,,,,,,
20,Right,8,0.0000,0.0000,0.0379,0.1609,0.0029,-0.0263,0.9866,0.945,,,,,,,
20,Right,9,0.0000,0.0000,0.0243,0.0314,0.0255,-0.0166,0.9990,0.945,,,,,,,
20,Right,10,0.0003,0.0010,0.0224,0.0000,0.0000,0.0000,1.0000,0.945,,,,,,,
20,Right,11,-0.0034,-0.0078,0.0344,0.0000,0.0000,0.0000,1.0000,0.945,,,,,,,
20,Right,12,0.0017,0.0053,0.0612,0.1442,0.0768,-0.0160,0.9864,0.945,,,,,,,
20,Right,13,0.0000,0.0000,0.0429,0.1532,0.0026,-0.0121,0.9881,0.945,,,,,,,
20,Right,14,0.0000,0.0000,0.0275,0.0099,0.0001,-0.0446,0.9990,0.945,,,,,,,
20,Right,15,0.0003,0.0011,0.0250,0.0000,0.0000,0.0000,1.0000,0.945,,,,,,,
20,Right,16,0.0150,-0.0060,0.0348,0.0000,0.0000,0.0000,1.0000,0.945,,,,,,,
20,Right,17,0.0025,-0.0005,0.0539,0.1303,0.1001,-0.0610,0.9845,0.945,,,,,,,
20,Right,18,0.0000,0.0000,0.0390,0.1347,-0.0016,-0.0366,0.9902,0.945,,,,,,,
20,Right,19,0.0000,0.0000,0.0266,0.0529,-0.0295,-0.0071,0.9981,0.945,,,,,,,
20,Right,20,0.0003,0.0016,0.0243,0.0000,0.0000,0.0000,1.0000,0.945,,,,,,,
20,Right,21,0.0230,-0.0094,0.0341,0.0183,0.1403,-0.2070,0.9680,0.945,,,,,,,
20,Right,22,0.0000,0.0000,0.0457,0.0522,0.0158,0.0893,0.9945,0.945,,,,,,,
20,Right,23,0.0000,0.0000,0.0307,0.1721,0.0351,-0.0533,0.9830,0.945,,,,,,,
20,Right,24,0.0000,0.0000,0.0203,0.0245,-0.0491,0.0008,0.9985,0.945,,,,,,,
20,Right,25,-0.0002,0.0012,0.0219,0.0000,0.0000,0.0000,1.0000,0.945,,,,,,,
21,Left,0,0.0025,-0.0052,0.0651,0.0000,0.0000,0.0000,1.0000,0.987,,,,,,,
21,Left,1,0.0000,0.0000,0.0000,0.0000,0.0000,0.0000,1.0000,0.987,-0.0830,0.2424,0.0020,0.4064,-0.7218,0.4531,0.3293
21,Left,2,0.0296,-0.0171,0.0350,-0.1640,0.2351,-0.5556,0.7805,0.987,,,,,,,
21,Left,3,0.0000,0.0000,0.0325,0.1064,-0.0609,0.0830,0.9890,0.987,,,,,,,
21,Left,4,0.0000,0.0000,0.0338,-0.0953,0.0679,-0.0841,0.9896,0.987,,,,,,,
21,Left,5,-0.0007,0.0010,0.0246,0.0000,0.0000,0.0000,1.0000,0.987,,,,,,,
21,Left,6,0.0195,-0.0100,0.0367,0.0000,0.0000,0.0000,1.0000,0.987,,,,,,,
21,Left,7,0.0040,0.0027,0.0593,0.1174,-0.0383,-0.0304,0.9919,0.987,,,,,,,
21,Left,8,0.0000,0.0000,0.0379,0.1692,-0.0027,0.0263,0.9852,0.987,,,,,,,
21,Left,9,0.0000,0.0000,0.0243,0.0609,-0.0250,0.0167,0.9977,0.987,,,,,,,
21,Left,10,-0.0003,0.0010,0.0224,0.0000,0.0000,0.0000,1.0000,0.987,,,,,,,
21,Left,11,0.0033,-0.0079,0.0345,0.0000,0.0000,0.0000,1.0000,0.987,,,,,,,
21,Left,12,-0.0016,0.0054,0.0611,0.1725,-0.0856,0.0192,0.9811,0.987,,,,,,,
21,Left,13,0.0000,0.0000,0.0429,0.1567,-0.0025,0.0121,0.9876,0.987,,,,,,,
21,Left,14,0.0000,0.0000,0.0275,0.0221,0.0004,0.0458,0.9987,0.987,,,,,,,
21,Left,15,-0.0003,0.0011,0.0250,0.0000,0.0000,0.0000,1.0000,0.987,,,,,,,
21,Left,16,-0.0150,-0.0060,0.0348,0.0000,0.0000,0.0000,1.0000,0.987,,,,,,,
21,Left,17,-0.0025,-0.0005,0.0539,0.1409,-0.0976,0.0618,0.9833,0.987,,,,,,,
21,Left,18,0.0000,0.0000,0.0390,0.1418,0.0018,0.0367,0.9892,0.987,,,,,,,
21,Left,19,0.0000,0.0000,0.0266,0.0570,0.0295,0.0073,0.9979,0.987,,,,,,,
21,Left,20,-0.0003,0.0016,0.0243,0.0000,0.0000,0.0000,1.0000,0.987,,,,,,,
21,Left,21,-0.0230,-0.0094,0.0341,0.0183,-0.1403,0.2070,0.9680,0.987,,,,,,,
21,Left,22,0.0000,0.0000,0.0457,0.0514,0.0072,-0.0903,0.9946,0.987,,,,,,,
21,Left,23,0.0000,0.0000,0.0307,0.1733,-0.0350,0.0534,0.9828,0.987,,,,,,,
21,Left,24,0.0000,0.0000,0.0203,0.0381,0.0491,-0.0009,0.9981,0.987,,,,,,,
21,Left,25,0.0002,0.0012,0.0219,0.0000,0.0000,0.0000,1.0000,0.987,,,,,,,
21,Right,0,-0.0026,-0.0052,0.0650,0.0000,0.0000,0.0000,1.0000,0.987,,,,,,,
21,Right,1,0.0000,0.0000,0.0000,0.0000,0.0000,0.0000,1.0000,0.987,0.0801,0.2449,0.0577,-0.5455,-0.2362,0.3627,-0.7177
21,Right,2,-0.0299,-0.0167,0.0348,-0.1048,-0.3285,0.5721,0.7442,0.987,,,,,,,
21,Right,3,0.0000,0.0000,0.0325,0.1337,0.0584,-0.0827,0.9858,0.987,,,,,,,
21,Right,4,0.0000,0.0000,0.0338,-0.0500,-0.0644,0.0834,0.9932,0.987,,,,,,,
21,Right,5,0.0007,0.0010,0.0246,0.0000,0.0000,0.0000,1.0000,0.987,,,,,,,
21,Right,6,-0.0196,-0.0098,0.0366,0.0000,0.0000,0.0000,1.0000,0.987,,,,,,,
21,Right,7,-0.0039,0.0025,0.0594,0.0893,0.0393,0.0305,0.9948,0.987,,,,,,,
21,Right,8,0.0000,0.0000,0.0379,0.1584,0.0030,-0.0263,0.9870,0.987,,,,,,,
21,Right,9,0.0000,0.0000,0.0243,0.0305,0.0255,-0.0166,0.9991,0.987,,,,,,,
21,Right,10,0.0003,0.0010,0.0224,0.0000,0.0000,0.0000,1.0000,0.987,,,,,,,
21,Right,11,-0.0034,-0.0078,0.0344,0.0000,0.0000,0.0000,1.0000,0.987,,,,,,,
21,Right,12,0.0017,0.0053,0.0612,0.1407,0.0756,-0.0156,0.9870,0.987,,,,,,,
21,Right,13,0.0000,0.0000,0.0429,0.1522,0.0026,-0.0121,0.9883,0.987,,,,,,,
21,Right,14,0.0000,0.0000,0.0275,0.0095,0.0001,-0.0446,0.9990,0.987,,,,,,,
21,Right,15,0.0003,0.0011,0.0250,0.0000,0.0000,0.0000,1.0000,0.987,,,,,,,
21,Right,16,0.0150,-0.0060,0.0348,0.0000,0.0000,0.0000,1.0000,0.987,,,,,,,
21,Right,17,0.0025,-0.0005,0.0539,0.1190,0.1001,-0.0599,0.9860,0.987,,,,,,,
21,Right,18,0.0000,0.0000,0.0390,0.1356,-0.0016,-0.0366,0.9901,0.987,,,,,,,
21,Right,19,0.0000,0.0000,0.0266,0.0536,-0.0295,-0.0072,0.9981,0.987,,,,,,,
21,Right,20,0.0003,0.0016,0.0243,0.0000,0.0000,0.0000,1.0000,0.987,,,,,,,
21,Right,21,0.0230,-0.0094,0.0341,0.0183,0.1403,-0.2070,0.9680,0.987,,,,,,,
21,Right,22,0.0000,0.0000,0.0457,0.0402,0.0152,0.0900,0.9950,0.987,,,,,,,
21,Right,23,0.0000,0.0000,0.0307,0.1804,0.0347,-0.0540,0.9815,0.987,,,,,,,
21,Right,24,0.0000,0.0000,0.0203,0.0257,-0.0491,0.0008,0.9985,0.987,,,,,,,
21,Right,25,-0.0002,0.0012,0.0219,0.0000,0.0000,0.0000,1.0000,0.987,,,,,,,
22,Left,0,0.0025,-0.0052,0.0651,0.0000,0.0000,0.0000,1.0000,1.027,,,,,,,
22,Left,1,0.0000,0.0000,0.0000,0.0000,0.0000,0.0000,1.0000,1.027,-0.0827,0.2425,0.0018,0.4043,-0.7304,0.4519,0.3144
22,Left,2,0.0295,-0.0172,0.0350,-0.1634,0.2337,-0.5570,0.7800,1.027,,,,,,,
22,Left,3,0.0000,0.0000,0.0325,0.1053,-0.0611,0.0830,0.9891,1.027,,,,,,,
22,Left,4,0.0000,0.0000,0.0338,-0.0929,0.0677,-0.0841,0.9898,1.027,,,,,,,
22,Left,5,-0.0007,0.0010,0.0246,0.0000,0.0000,0.0000,1.0000,1.027,,,,,,,
22,Left,6,0.0195,-0.0100,0.0367,0.0000,0.0000,0.0000,1.0000,1.027,,,,,,,
22,Left,7,0.0041,0.0027,0.0593,0.1167,-0.0368,-0.0305,0.9920,1.027,,,,,,,
22,Left,8,0.0000,0.0000,0.0379,0.1713,-0.0027,0.0263,0.9849,1.027,,,,,,,
22,Left,9,0.0000,0.0000,0.0243,0.0628,-0.0249,0.0167,0.9976,1.027,,,,,,,
22,Left,10,-0.0003,0.0010,0.0224,0.0000,0.0000,0.0000,1.0000,1.027,,,,,,,
22,Left,11,0.0033,-0.0079,0.0345,0.0000,0.0000,0.0000,1.0000,1.027,,,,,,,
22,Left,12,-0.0015,0.0054,0.0611,0.1717,-0.0844,0.0190,0.9813,1.027,,,,,,,
22,Left,13,0.0000,0.0000,0.0429,0.1584,-0.0025,0.0121,0.9873,1.027,,,,,,,
22,Left,14,0.0000,0.0000,0.0275,0.0233,0.0005,0.0459,0.9987,1.027,,,,,,,
22,Left,15,-0.0003,0.0011,0.0250,0.0000,0.0000,0.0000,1.0000,1.027,,,,,,,
22,Left,16,-0.0150,-0.0060,0.0348,0.0000,0.0000,0.0000,1.0000,1.027,,,,,,,
22,Left,17,-0.0025,-0.0005,0.0539,0.1405,-0.0967,0.0617,0.9834,1.027,,,,,,,
22,Left,18,0.0000,0.0000,0.0390,0.1448,0.0019,0.0368,0.9888,1.027,,,,,,,
22,Left,19,0.0000,0.0000,0.0266,0.0581,0.0295,0.0074,0.9978,1.027,,,,,,,
22,Left,20,-0.0003,0.0016,0.0243,0.0000,0.0000,0.0000,1.0000,1.027,,,,,,,
22,Left,21,-0.0230,-0.0094,0.0341,0.0183,-0.1403,0.2070,0.9680,1.027,,,,,,,
22,Left,22,0.0000,0.0000,0.0457,0.0517,0.0089,-0.0903,0.9945,1.027,,,,,,,
22,Left,23,0.0000,0.0000,0.0307,0.1763,-0.0349,0.0536,0.9823,1.027,,,,,,,
22,Left,24,0.0000,0.0000,0.0203,0.0396,0.0491,-0.0009,0.9980,1.027,,,,,,,
22,Left,25,0.0002,0.0012,0.0219,0.0000,0.0000,0.0000,1.0000,1.027,,,,,,,
22,Right,0,-0.0026,-0.0052,0.0650,0.0000,0.0000,0.0000,1.0000,1.027,,,,,,,
22,Right,1,0.0000,0.0000,0.0000,0.0000,0.0000,0.0000,1.0000,1.027,0.0795,0.2446,0.0590,-0.5481,-0.2035,0.3474,-0.7331
22,Right,2,-0.0299,-0.0166,0.0348,-0.1058,-0.3289,0.5711,0.7447,1.027,,,,,,,
22,Right,3,0.0000,0.0000,0.0325,0.1363,0.0582,-0.0827,0.9855,1.027,,,,,,,
22,Right,4,0.0000,0.0000,0.0338,-0.0426,-0.0638,0.0832,0.9936,1.027,,,,,,,
22,Right,5,0.0007,0.0010,0.0246,0.0000,0.0000,0.0000,1.0000,1.027,,,,,,,
22,Right,6,-0.0197,-0.0098,0.0366,0.0000,0.0000,0.0000,1.0000,1.027,,,,,,,
22,Right,7,-0.0039,0.0025,0.0594,0.0832,0.0354,0.0307,0.9954,1.027,,,,,,,
22,Right,8,0.0000,0.0000,0.0379,0.1568,0.0031,-0.0263,0.9873,1.027,,,,,,,
22,Right,9,0.0000,0.0000,0.0243,0.0298,0.0255,-0.0166,0.9991,1.027,,,,,,,
22,Right,10,0.0003,0.0010,0.0224,0.0000,0.0000,0.0000,1.0000,1.027,,,,,,,
22,Right,11,-0.0034,-0.0078,0.0344,0.0000,0.0000,0.0000,1.0000,1.027,,,,,,,
22,Right,12,0.0017,0.0052,0.0612,0.1375,0.0744,-0.0152,0.9876,1.027,,,,,,,
22,Right,13,0.0000,0.0000,0.0429,0.1509,0.0026,-0.0121,0.9885,1.027,,,,,,,
22,Right,14,0.0000,0.0000,0.0275,0.0093,0.0001,-0.0445,0.9990,1.027,,,,,,,
22,Right,15,0.0003,0.0011,0.0250,0.0000,0.0000,0.0000,1.0000,1.027,,,,,,,
22,Right,16,0.0150,-0.0060,0.0348,0.0000,0.0000,0.0000,1.0000,1.027,,,,,,,
22,Right,17,0.0025,-0.0005,0.0539,0.1079,0.0999,-0.0588,0.9874,1.027,,,,,,,
22,Right,18,0.0000,0.0000,0.0390,0.1362,-0.0016,-0.0366,0.9900,1.027,,,,,,,
22,Right,19,0.0000,0.0000,0.0266,0.0542,-0.0295,-0.0072,0.9981,1.027,,,,,,,
22,Right,20,0.0003,0.0016,0.0243,0.0000,0.0000,0.0000,1.0000,1.027,,,,,,,
22,Right,21,0.0230,-0.0094,0.0341,0.0183,0.1403,-0.2070,0.9680,1.027,,,,,,,
22,Right,22,0.0000,0.0000,0.0457,0.0266,0.0146,0.0909,0.9954,1.027,,,,,,,
22,Right,23,0.0000,0.0000,0.0307,0.1854,0.0345,-0.0544,0.9805,1.027,,,,,,,
22,Right,24,0.0000,0.0000,0.0203,0.0268,-0.0491,0.0008,0.9984,1.027,,,,,,,
22,Right,25,-0.0002,0.0012,0.0219,0.0000,0.0000,0.0000,1.0000,1.027,,,,,,,
23,Left,0,0.0025,-0.0052,0.0651,0.0000,0.0000,0.0000,1.0000,1.069,,,,,,,
23,Left,1,0.0000,0.0000,0.0000,0.0000,0.0000,0.0000,1.0000,1.069,-0.0826,0.2423,0.0013,0.4013,-0.7388,0.4508,0.2998
23,Left,2,0.0295,-0.0172,0.0350,-0.1633,0.2327,-0.5577,0.7799,1.069,,,,,,,
23,Left,3,0.0000,0.0000,0.0325,0.1051,-0.0611,0.0830,0.9891,1.069,,,,,,,
23,Left,4,0.0000,0.0000,0.0338,-0.0901,0.0675,-0.0840,0.9901,1.069,,,,,,,
23,Left,5,-0.0007,0.0010,0.0246,0.0000,0.0000,0.0000,1.0000,1.069,,,,,,,
23,Left,6,0.0195,-0.0101,0.0367,0.0000,0.0000,0.0000,1.0000,1.069,,,,,,,
23,Left,7,0.0041,0.0027,0.0593,0.1159,-0.0354,-0.0306,0.9922,1.069,,,,,,,
23,Left,8,0.0000,0.0000,0.0379,0.1730,-0.0026,0.0263,0.9846,1.069,,,,,,,
23,Left,9,0.0000,0.0000,0.0243,0.0651,-0.0249,0.0167,0.9974,1.069,,,,,,,
23,Left,10,-0.0003,0.0010,0.0224,0.0000,0.0000,0.0000,1.0000,1.069,,,,,,,
23,Left,11,0.0033,-0.0079,0.0346,0.0000,0.0000,0.0000,1.0000,1.069,,,,,,,
23,Left,12,-0.0015,0.0054,0.0611,0.1706,-0.0832,0.0188,0.9816,1.069,,,,,,,
23,Left,13,0.0000,0.0000,0.0429,0.1594,-0.0025,0.0121,0.9871,1.069,,,,,,,
23,Left,14,0.0000,0.0000,0.0275,0.0245,0.0005,0.0460,0.9986,1.069,,,,,,,
23,Left,15,-0.0003,0.0011,0.0250,0.0000,0.0000,0.0000,1.0000,1.069,,,,,,,
23,Left,16,-0.0150,-0.0060,0.0348,0.0000,0.0000,0.0000,1.0000,1.069,,,,,,,
23,Left,17,-0.0025,-0.0005,0.0539,0.1399,-0.0959,0.0615,0.9836,1.069,,,,,,,
23,Left,18,0.0000,0.0000,0.0390,0.1466,0.0020,0.0368,0.9885,1.069,,,,,,,
23,Left,19,0.0000,0.0000,0.0266,0.0591,0.0295,0.0074,0.9978,1.069,,,,,,,
23,Left,20,-0.0003,0.0016,0.0243,0.0000,0.0000,0.0000,1.0000,1.069,,,,,,,
23,Left,21,-0.0230,-0.0094,0.0341,0.0183,-0.1403,0.2070,0.9680,1.069,,,,,,,
23,Left,22,0.0000,0.0000,0.0457,0.0510,0.0102,-0.0904,0.9945,1.069,,,,,,,
23,Left,23,0.0000,0.0000,0.0307,0.1777,-0.0348,0.0538,0.9820,1.069,,,,,,,
23,Left,24,0.0000,0.0000,0.0203,0.0409,0.0491,-0.0009,0.9980,1.069,,,,,,,
23,Left,25,0.0002,0.0012,0.0219,0.0000,0.0000,0.0000,1.0000,1.069,,,,,,,
23,Right,0,-0.0026,-0.0052,0.0650,0.0000,0.0000,0.0000,1.0000,1.069,,,,,,,
23,Right,1,0.0000,0.0000,0.0000,0.0000,0.0000,0.0000,1.0000,1.069,0.0795,0.2444,0.0597,-0.5466,-0.1702,0.3335,-0.7490
23,Right,2,-0.0299,-0.0166,0.0347,-0.1066,-0.3293,0.5700,0.7451,1.069,,,,,,,
23,Right,3,0.0000,0.0000,0.0325,0.1462,0.0573,-0.0826,0.9841,1.069,,,,,,,
23,Right,4,0.0000,0.0000,0.0338,-0.0277,-0.0626,0.0829,0.9942,1.069,,,,,,,
23,Right,5,0.0007,0.0010,0.0246,0.0000,0.0000,0.0000,1.0000,1.069,,,,,,,
23,Right,6,-0.0197,-0.0097,0.0366,0.0000,0.0000,0.0000,1.0000,1.069,,,,,,,
23,Right,7,-0.0039,0.0024,0.0594,0.0814,0.0326,0.0308,0.9957,1.069,,,,,,,
23,Right,8,0.0000,0.0000,0.0379,0.1557,0.0031,-0.0263,0.9874,1.069,,,,,,,
23,Right,9,0.0000,0.0000,0.0243,0.0295,0.0255,-0.0166,0.9991,1.069,,,,,,,
23,Right,10,0.0003,0.0010,0.0224,0.0000,0.0000,0.0000,1.0000,1.069,,,,,,,
23,Right,11,-0.0035,-0.0078,0.0344,0.0000,0.0000,0.0000,1.0000,1.069,,,,,,,
23,Right,12,0.0017,0.0052,0.0612,0.1355,0.0731,-0.0150,0.9880,1.069,,,,,,,
23,Right,13,0.0000,0.0000,0.0429,0.1494,0.0026,-0.0121,0.9887,1.069,,,,,,,
23,Right,14,0.0000,0.0000,0.0275,0.0092,0.0002,-0.0445,0.9990,1.069,,,,,,,
23,Right,15,0.0003,0.0011,0.0250,0.0000,0.0000,0.0000,1.0000,1.069,,,,,,,
23,Right,16,0.0150,-0.0060,0.0348,0.0000,0.0000,0.0000,1.0000,1.069,,,,,,,
23,Right,17,0.0025,-0.0005,0.0539,0.0971,0.0995,-0.0577,0.9886,1.069,,,,,,,
23,Right,18,0.0000,0.0000,0.0390,0.1366,-0.0016,-0.0366,0.9900,1.069,,,,,,,
23,Right,19,0.0000,0.0000,0.0266,0.0548,-0.0295,-0.0072,0.9980,1.069,,,,,,,
23,Right,20,0.0003,0.0016,0.0243,0.0000,0.0000,0.0000,1.0000,1.069,,,,,,,
23,Right,21,0.0230,-0.0094,0.0341,0.0183,0.1403,-0.2070,0.9680,1.069,,,,,,,
23,Right,22,0.0000,0.0000,0.0457,0.0080,0.0132,0.0920,0.9956,1.069,,,,,,,
23,Right,23,0.0000,0.0000,0.0307,0.1871,0.0344,-0.0545,0.9802,1.069,,,,,,,
23,Right,24,0.0000,0.0000,0.0203,0.0278,-0.0491,0.0008,0.9984,1.069,,,,,,,
23,Right,25,-0.0002,0.0012,0.0219,0.0000,0.0000,0.0000,1.0000,1.069,,,,,,,
24,Left,0,0.0025,-0.0052,0.0651,0.0000,0.0000,0.0000,1.0000,1.111,,,,,,,
24,Left,1,0.0000,0.0000,0.0000,0.0000,0.0000,0.0000,1.0000,1.111,-0.0821,0.2423,0.0011,0.3967,-0.7478,0.4495,0.2851
24,Left,2,0.0295,-0.0172,0.0350,-0.1633,0.2321,-0.5580,0.7798,1.111,,,,,,,
24,Left,3,0.0000,0.0000,0.0325,0.1052,-0.0611,0.0830,0.9891,1.111,,,,,,,
24,Left,4,0.0000,0.0000,0.0338,-0.0870,0.0673,-0.0840,0.9904,1.111,,,,,,,
24,Left,5,-0.0007,0.0010,0.0246,0.0000,0.0000,0.0000,1.0000,1.111,,,,,,,
24,Left,6,0.0195,-0.0101,0.0367,0.0000,0.0000,0.0000,1.0000,1.111,,,,,,,
24,Left,7,0.0041,0.0028,0.0593,0.1159,-0.0341,-0.0307,0.9922,1.111,,,,,,,
24,Left,8,0.0000,0.0000,0.0379,0.1793,-0.0025,0.0263,0.9834,1.111,,,,,,,
24,Left,9,0.0000,0.0000,0.0243,0.0713,-0.0248,0.0168,0.9970,1.111,,,,,,,
24,Left,10,-0.0003,0.0010,0.0224,0.0000,0.0000,0.0000,1.0000,1.111,,,,,,,
24,Left,11,0.0033,-0.0079,0.0346,0.0000,0.0000,0.0000,1.0000,1.111,,,,,,,
24,Left,12,-0.0015,0.0054,0.0611,0.1701,-0.0821,0.0186,0.9818,1.111,,,,,,,
24,Left,13,0.0000,0.0000,0.0429,0.1610,-0.0025,0.0121,0.9869,1.111,,,,,,,
24,Left,14,0.0000,0.0000,0.0275,0.0263,0.0006,0.0462,0.9986,1.111,,,,,,,
24,Left,15,-0.0003,0.0011,0.0250,0.0000,0.0000,0.0000,1.0000,1.111,,,,,,,
24,Left,16,-0.0150,-0.0060,0.0348,0.0000,0.0000,0.0000,1.0000,1.111,,,,,,,
24,Left,17,-0.0025,-0.0005,0.0539,0.1390,-0.0952,0.0614,0.9838,1.111,,,,,,,
24,Left,18,0.0000,0.0000,0.0390,0.1488,0.0020,0.0369,0.9882,1.111,,,,,,,
24,Left,19,0.0000,0.0000,0.0266,0.0604,0.0295,0.0075,0.9977,1.111,,,,,,,
24,Left,20,-0.0003,0.0016,0.0243,0.0000,0.0000,0.0000,1.0000,1.111,,,,,,,
24,Left,21,-0.0230,-0.0094,0.0341,0.0183,-0.1403,0.2070,0.9680,1.111,,,,,,,
24,Left,22,0.0000,0.0000,0.0457,0.0499,0.0111,-0.0905,0.9946,1.111,,,,,,,
24,Left,23,0.0000,0.0000,0.0307,0.1791,-0.0348,0.0539,0.9817,1.111,,,,,,,
24,Left,24,0.0000,0.0000,0.0203,0.0421,0.0491,-0.0009,0.9979,1.111,,,,,,,
24,Left,25,0.0002,0.0012,0.0219,0.0000,0.0000,0.0000,1.0000,1.111,,,,,,,
24,Right,0,-0.0026,-0.0051,0.0650,0.0000,0.0000,0.0000,1.0000,1.111,,,,,,,
24,Right,1,0.0000,0.0000,0.0000,0.0000,0.0000,0.0000,1.0000,1.111,0.0794,0.2439,0.0609,-0.5491,-0.1464,0.3265,-0.7553
24,Right,2,-0.0300,-0.0165,0.0347,-0.1078,-0.3295,0.5689,0.7457,1.111,,,,,,,
24,Right,3,0.0000,0.0000,0.0325,0.1586,0.0561,-0.0825,0.9823,1.111,,,,,,,
24,Right,4,0.0000,0.0000,0.0338,-0.0121,-0.0613,0.0826,0.9946,1.111,,,,,,,
24,Right,5,0.0007,0.0010,0.0246,0.0000,0.0000,0.0000,1.0000,1.111,,,,,,,
24,Right,6,-0.0197,-0.0097,0.0365,0.0000,0.0000,0.0000,1.0000,1.111,,,,,,,
24,Right,7,-0.0039,0.0024,0.0594,0.0803,0.0318,0.0308,0.9958,1.111,,,,,,,
24,Right,8,0.0000,0.0000,0.0379,0.1544,0.0031,-0.0263,0.9877,1.111,,,,,,,
24,Right,9,0.0000,0.0000,0.0243,0.0294,0.0255,-0.0166,0.9991,1.111,,,,,,,
24,Right,10,0.0003,0.0010,0.0224,0.0000,0.0000,0.0000,1.0000,1.111,,,,,,,
24,Right,11,-0.0035,-0.0078,0.0344,0.0000,0.0000,0.0000,1.0000,1.111,,,,,,,
24,Right,12,0.0018,0.0052,0.0613,0.1348,0.0725,-0.0149,0.9881,1.111,,,,,,,
24,Right,13,0.0000,0.0000,0.0429,0.1439,0.0027,-0.0121,0.9895,1.111,,,,,,,
24,Right,14,0.0000,0.0000,0.0275,0.0082,0.0002,-0.0444,0.9990,1.111,,,,,,,
24,Right,15,0.0003,0.0011,0.0250,0.0000,0.0000,0.0000,1.0000,1.111,,,,,,,
24,Right,16,0.0150,-0.0060,0.0348,0.0000,0.0000,0.0000,1.0000,1.111,,,,,,,
24,Right,17,0.0025,-0.0005,0.0539,0.0932,0.0989,-0.0573,0.9891,1.111,,,,,,,
24,Right,18,0.0000,0.0000,0.0390,0.1351,-0.0016,-0.0366,0.9902,1.111,,,,,,,
24,Right,19,0.0000,0.0000,0.0266,0.0544,-0.0295,-0.0072,0.9981,1.111,,,,,,,
24,Right,20,0.0003,0.0016,0.0243,0.0000,0.0000,0.0000,1.0000,1.111,,,,,,,
24,Right,21,0.0230,-0.0094,0.0341,0.0183,0.1403,-0.2070,0.9680,1.111,,,,,,,
24,Right,22,0.0000,0.0000,0.0457,-0.0052,0.0117,0.0928,0.9956,1.111,,,,,,,
24,Right,23,0.0000,0.0000,0.0307,0.1867,0.0344,-0.0545,0.9803,1.111,,,,,,,
24,Right,24,0.0000,0.0000,0.0203,0.0280,-0.0491,0.0008,0.9984,1.111,,,,,,,
24,Right,25,-0.0002,0.0012,0.0219,0.0000,0.0000,0.0000,1.0000,1.111,,,,,,,
25,Left,0,0.0025,-0.0052,0.0651,0.0000,0.0000,0.0000,1.0000,1.153,,,,,,,
25,Left,1,0.0000,0.0000,0.0000,0.0000,0.0000,0.0000,1.0000,1.153,-0.0815,0.2424,0.0008,0.3920,-0.7553,0.4479,0.2744
25,Left,2,0.0295,-0.0172,0.0351,-0.1635,0.2314,-0.5581,0.7799,1.153,,,,,,,
25,Left,3,0.0000,0.0000,0.0325,0.1051,-0.0611,0.0830,0.9891,1.153,,,,,,,
25,Left,4,0.0000,0.0000,0.0338,-0.0849,0.0671,-0.0840,0.9906,1.153,,,,,,,
25,Left,5,-0.0007,0.0010,0.0246,0.0000,0.0000,0.0000,1.0000,1.153,,,,,,,
25,Left,6,0.0195,-0.0101,0.0367,0.0000,0.0000,0.0000,1.0000,1.153,,,,,,,
25,Left,7,0.0041,0.0028,0.0593,0.1166,-0.0328,-0.0308,0.9922,1.153,,,,,,,
25,Left,8,0.0000,0.0000,0.0379,0.1881,-0.0022,0.0263,0.9818,1.153,,,,,,,
25,Left,9,0.0000,0.0000,0.0243,0.0770,-0.0247,0.0168,0.9966,1.153,,,,,,,
25,Left,10,-0.0003,0.0010,0.0224,0.0000,0.0000,0.0000,1.0000,1.153,,,,,,,
25,Left,11,0.0032,-0.0079,0.0346,0.0000,0.0000,0.0000,1.0000,1.153,,,,,,,
25,Left,12,-0.0015,0.0054,0.0611,0.1703,-0.0809,0.0184,0.9819,1.153,,,,,,,
25,Left,13,0.0000,0.0000,0.0429,0.1624,-0.0025,0.0121,0.9866,1.153,,,,,,,
25,Left,14,0.0000,0.0000,0.0275,0.0284,0.0007,0.0464,0.9985,1.153,,,,,,,
25,Left,15,-0.0003,0.0011,0.0250,0.0000,0.0000,0.0000,1.0000,1.153,,,,,,,
25,Left,16,-0.0150,-0.0060,0.0348,0.0000,0.0000,0.0000,1.0000,1.153,,,,,,,
25,Left,17,-0.0025,-0.0005,0.0539,0.1384,-0.0944,0.0613,0.9840,1.153,,,,,,,
25,Left,18,0.0000,0.0000,0.0390,0.1524,0.0022,0.0369,0.9876,1.153,,,,,,,
25,Left,19,0.0000,0.0000,0.0266,0.0616,0.0295,0.0075,0.9976,1.153,,,,,,,
25,Left,20,-0.0003,0.0016,0.0243,0.0000,0.0000,0.0000,1.0000,1.153,,,,,,,
25,Left,21,-0.0230,-0.0094,0.0341,0.0183,-0.1403,0.2070,0.9680,1.153,,,,,,,
25,Left,22,0.0000,0.0000,0.0457,0.0487,0.0122,-0.0905,0.9946,1.153,,,,,,,
25,Left,23,0.0000,0.0000,0.0307,0.1808,-0.0347,0.0540,0.9814,1.153,,,,,,,
25,Left,24,0.0000,0.0000,0.0203,0.0435,0.0491,-0.0009,0.9978,1.153,,,,,,,
25,Left,25,0.0002,0.0012,0.0219,0.0000,0.0000,0.0000,1.0000,1.153,,,,,,,
25,Right,0,-0.0026,-0.0051,0.0650,0.0000,0.0000,0.0000,1.0000,1.153,,,,,,,
25,Right,1,0.0000,0.0000,0.0000,0.0000,0.0000,0.0000,1.0000,1.153,0.0792,0.2433,0.0630,-0.5533,-0.1303,0.3202,-0.7578
25,Right,2,-0.0300,-0.0165,0.0347,-0.1078,-0.3305,0.5685,0.7456,1.153,,,,,,,
25,Right,3,0.0000,0.0000,0.0325,0.1681,0.0552,-0.0824,0.9808,1.153,,,,,,,
25,Right,4,0.0000,0.0000,0.0338,-0.0043,-0.0607,0.0824,0.9947,1.153,,,,,,,
25,Right,5,0.0007,0.0010,0.0246,0.0000,0.0000,0.0000,1.0000,1.153,,,,,,,
25,Right,6,-0.0197,-0.0097,0.0365,0.0000,0.0000,0.0000,1.0000,1.153,,,,,,,
25,Right,7,-0.0038,0.0024,0.0595,0.0795,0.0314,0.0308,0.9959,1.153,,,,,,,
25,Right,8,0.0000,0.0000,0.0379,0.1527,0.0032,-0.0263,0.9879,1.153,,,,,,,
25,Right,9,0.0000,0.0000,0.0243,0.0290,0.0255,-0.0166,0.9991,1.153,,,,,,,
25,Right,10,0.0003,0.0010,0.0224,0.0000,0.0000,0.0000,1.0000,1.153,,,,,,,
25,Right,11,-0.0035,-0.0077,0.0344,0.0000,0.0000,0.0000,1.0000,1.153,,,,,,,
25,Right,12,0.0018,0.0052,0.0613,0.1346,0.0727,-0.0149,0.9881,1.153,,,,,,,
25,Right,13,0.0000,0.0000,0.0429,0.1358,0.0028,-0.0120,0.9907,1.153,,,,,,,
25,Right,14,0.0000,0.0000,0.0275,0.0070,0.0002,-0.0443,0.9990,1.153,,,,,,,
25,Right,15,0.0003,0.0011,0.0250,0.0000,0.0000,0.0000,1.0000,1.153,,,,,,,
25,Right,16,0.0150,-0.0060,0.0348,0.0000,0.0000,0.0000,1.0000,1.153,,,,,,,
25,Right,17,0.0025,-0.0005,0.0539,0.0931,0.0986,-0.0573,0.9891,1.153,,,,,,,
25,Right,18,0.0000,0.0000,0.0390,0.1328,-0.0015,-0.0365,0.9905,1.153,,,,,,,
25,Right,19,0.0000,0.0000,0.0266,0.0537,-0.0295,-0.0072,0.9981,1.153,,,,,,,
25,Right,20,0.0003,0.0016,0.0243,0.0000,0.0000,0.0000,1.0000,1.153,,,,,,,
25,Right,21,0.0230,-0.0094,0.0341,0.0183,0.1403,-0.2070,0.9680,1.153,,,,,,,
25,Right,22,0.0000,0.0000,0.0457,-0.0089,0.0113,0.0930,0.9956,1.153,,,,,,,
25,Right,23,0.0000,0.0000,0.0307,0.1853,0.0345,-0.0544,0.9806,1.153,,,,,,,
25,Right,24,0.0000,0.0000,0.0203,0.0276,-0.0491,0.0008,0.9984,1.153,,,,,,,
25,Right,25,-0.0002,0.0012,0.0219,0.0000,0.0000,0.0000,1.0000,1.153,,,,,,,
26,Left,0,0.0025,-0.0052,0.0651,0.0000,0.0000,0.0000,1.0000,1.207,,,,,,,
26,Left,1,0.0000,0.0000,0.0000,0.0000,0.0000,0.0000,1.0000,1.207,-0.0807,0.2424,-0.0003,0.3899,-0.7583,0.4470,0.2705
26,Left,2,0.0295,-0.0173,0.0351,-0.1635,0.2307,-0.5586,0.7798,1.207,,,,,,,
26,Left,3,0.0000,0.0000,0.0325,0.1042,-0.0612,0.0830,0.9892,1.207,,,,,,,
26,Left,4,0.0000,0.0000,0.0338,-0.0842,0.0670,-0.0839,0.9906,1.207,,,,,,,
26,Left,5,-0.0007,0.0010,0.0246,0.0000,0.0000,0.0000,1.0000,1.207,,,,,,,
26,Left,6,0.0194,-0.0101,0.0367,0.0000,0.0000,0.0000,1.0000,1.207,,,,,,,
26,Left,7,0.0041,0.0028,0.0593,0.1176,-0.0319,-0.0308,0.9921,1.207,,,,,,,
26,Left,8,0.0000,0.0000,0.0379,0.1893,-0.0022,0.0263,0.9816,1.207,,,,,,,
26,Left,9,0.0000,0.0000,0.0243,0.0781,-0.0247,0.0168,0.9965,1.207,,,,,,,
26,Left,10,-0.0003,0.0010,0.0224,0.0000,0.0000,0.0000,1.0000,1.207,,,,,,,
26,Left,11,0.0032,-0.0079,0.0346,0.0000,0.0000,0.0000,1.0000,1.207,,,,,,,
26,Left,12,-0.0015,0.0054,0.0611,0.1704,-0.0797,0.0183,0.9820,1.207,,,,,,,
26,Left,13,0.0000,0.0000,0.0429,0.1635,-0.0025,0.0121,0.9865,1.207,,,,,,,
26,Left,14,0.0000,0.0000,0.0275,0.0292,0.0007,0.0465,0.9985,1.207,,,,,,,
26,Left,15,-0.0003,0.0011,0.0250,0.0000,0.0000,0.0000,1.0000,1.207,,,,,,,
26,Left,16,-0.0150,-0.0060,0.0348,0.0000,0.0000,0.0000,1.0000,1.207,,,,,,,
26,Left,17,-0.0025,-0.0005,0.0539,0.1385,-0.0935,0.0612,0.9840,1.207,,,,,,,
26,Left,18,0.0000,0.0000,0.0390,0.1556,0.0023,0.0370,0.9871,1.207,,,,,,,
26,Left,19,0.0000,0.0000,0.0266,0.0628,0.0295,0.0076,0.9976,1.207,,,,,,,
26,Left,20,-0.0003,0.0016,0.0243,0.0000,0.0000,0.0000,1.0000,1.207,,,,,,,
26,Left,21,-0.0230,-0.0094,0.0341,0.0183,-0.1403,0.2070,0.9680,1.207,,,,,,,
26,Left,22,0.0000,0.0000,0.0457,0.0484,0.0138,-0.0906,0.9946,1.207,,,,,,,
26,Left,23,0.0000,0.0000,0.0307,0.1846,-0.0345,0.0543,0.9807,1.207,,,,,,,
26,Left,24,0.0000,0.0000,0.0203,0.0454,0.0491,-0.0009,0.9978,1.207,,,,,,,
26,Left,25,0.0002,0.0012,0.0219,0.0000,0.0000,0.0000,1.0000,1.207,,,,,,,
26,Right,0,-0.0026,-0.0051,0.0650,0.0000,0.0000,0.0000,1.0000,1.207,,,,,,,
26,Right,1,0.0000,0.0000,0.0000,0.0000,0.0000,0.0000,1.0000,1.207,0.0780,0.2422,0.0674,-0.5579,-0.1187,0.3135,-0.7592
26,Right,2,-0.0300,-0.0165,0.0347,-0.1052,-0.3344,0.5692,0.7438,1.207,,,,,,,
26,Right,3,0.0000,0.0000,0.0325,0.1794,0.0541,-0.0822,0.9788,1.207,,,,,,,
26,Right,4,0.0000,0.0000,0.0338,0.0043,-0.0600,0.0822,0.9948,1.207,,,,,,,
26,Right,5,0.0007,0.0010,0.0246,0.0000,0.0000,0.0000,1.0000,1.207,,,,,,,
26,Right,6,-0.0197,-0.0097,0.0365,0.0000,0.0000,0.0000,1.0000,1.207,,,,,,,
26,Right,7,-0.0038,0.0024,0.0595,0.0788,0.0315,0.0308,0.9959,1.207,,,,,,,
26,Right,8,0.0000,0.0000,0.0379,0.1512,0.0032,-0.0263,0.9881,1.207,,,,,,,
26,Right,9,0.0000,0.0000,0.0243,0.0285,0.0256,-0.0166,0.9991,1.207,,,,,,,
26,Right,10,0.0003,0.0010,0.0224,0.0000,0.0000,0.0000,1.0000,1.207,,,,,,,
26,Right,11,-0.0035,-0.0077,0.0344,0.0000,0.0000,0.0000,1.0000,1.207,,,,,,,
26,Right,12,0.0018,0.0052,0.0613,0.1342,0.0733,-0.0149,0.9881,1.207,,,,,,,
26,Right,13,0.0000,0.0000,0.0429,0.1342,0.0028,-0.0120,0.9909,1.207,,,,,,,
26,Right,14,0.0000,0.0000,0.0275,0.0060,0.0003,-0.0442,0.9990,1.207,,,,,,,
26,Right,15,0.0003,0.0011,0.0250,0.0000,0.0000,0.0000,1.0000,1.207,,,,,,,
26,Right,16,0.0150,-0.0060,0.0348,0.0000,0.0000,0.0000,1.0000,1.207,,,,,,,
26,Right,17,0.0025,-0.0005,0.0539,0.0936,0.0987,-0.0574,0.9890,1.207,,,,,,,
26,Right,18,0.0000,0.0000,0.0390,0.1312,-0.0014,-0.0365,0.9907,1.207,,,,,,,
26,Right,19,0.0000,0.0000,0.0266,0.0529,-0.0295,-0.0071,0.9981,1.207,,,,,,,
26,Right,20,0.0003,0.0016,0.0243,0.0000,0.0000,0.0000,1.0000,1.207,,,,,,,
26,Right,21,0.0230,-0.0094,0.0341,0.0183,0.1403,-0.2070,0.9680,1.207,,,,,,,
26,Right,22,0.0000,0.0000,0.0457,-0.0092,0.0114,0.0931,0.9956,1.207,,,,,,,
26,Right,23,0.0000,0.0000,0.0307,0.1837,0.0345,-0.0542,0.9809,1.207,,,,,,,
26,Right,24,0.0000,0.0000,0.0203,0.0269,-0.0491,0.0008,0.9984,1.207,,,,,,,
26,Right,25,-0.0002,0.0012,0.0219,0.0000,0.0000,0.0000,1.0000,1.207,,,,,,,
27,Left,0,0.0025,-0.0052,0.0651,0.0000,0.0000,0.0000,1.0000,1.251,,,,,,,
27,Left,1,0.0000,0.0000,0.0000,0.0000,0.0000,0.0000,1.0000,1.251,-0.0797,0.2425,-0.0019,0.3893,-0.7594,0.4468,0.2684
27,Left,2,0.0294,-0.0173,0.0351,-0.1632,0.2301,-0.5592,0.7796,1.251,,,,,,,
27,Left,3,0.0000,0.0000,0.0325,0.1024,-0.0613,0.0830,0.9894,1.251,,,,,,,
27,Left,4,0.0000,0.0000,0.0338,-0.0838,0.0670,-0.0839,0.9907,1.251,,,,,,,
27,Left,5,-0.0007,0.0010,0.0246,0.0000,0.0000,0.0000,1.0000,1.251,,,,,,,
27,Left,6,0.0194,-0.0101,0.0367,0.0000,0.0000,0.0000,1.0000,1.251,,,,,,,
27,Left,7,0.0041,0.0028,0.0593,0.1187,-0.0310,-0.0309,0.9920,1.251,,,,,,,
27,Left,8,0.0000,0.0000,0.0379,0.1904,-0.0021,0.0263,0.9814,1.251,,,,,,,
27,Left,9,0.0000,0.0000,0.0243,0.0788,-0.0247,0.0168,0.9964,1.251,,,,,,,
27,Left,10,-0.0003,0.0010,0.0224,0.0000,0.0000,0.0000,1.0000,1.251,,,,,,,
27,Left,11,0.0032,-0.0080,0.0346,0.0000,0.0000,0.0000,1.0000,1.251,,,,,,,
27,Left,12,-0.0015,0.0054,0.0611,0.1699,-0.0780,0.0180,0.9822,1.251,,,,,,,
27,Left,13,0.0000,0.0000,0.0429,0.1647,-0.0024,0.0121,0.9863,1.251,,,,,,,
27,Left,14,0.0000,0.0000,0.0275,0.0301,0.0008,0.0466,0.9985,1.251,,,,,,,
27,Left,15,-0.0003,0.0011,0.0250,0.0000,0.0000,0.0000,1.0000,1.251,,,,,,,
27,Left,16,-0.0150,-0.0060,0.0348,0.0000,0.0000,0.0000,1.0000,1.251,,,,,,,
27,Left,17,-0.0025,-0.0005,0.0539,0.1383,-0.0923,0.0611,0.9842,1.251,,,,,,,
27,Left,18,0.0000,0.0000,0.0390,0.1589,0.0024,0.0371,0.9866,1.251,,,,,,,
27,Left,19,0.0000,0.0000,0.0266,0.0645,0.0295,0.0077,0.9974,1.251,,,,,,,
27,Left,20,-0.0003,0.0016,0.0243,0.0000,0.0000,0.0000,1.0000,1.251,,,,,,,
27,Left,21,-0.0230,-0.0094,0.0341,0.0183,-0.1403,0.2070,0.9680,1.251,,,,,,,
27,Left,22,0.0000,0.0000,0.0457,0.0480,0.0158,-0.0907,0.9946,1.251,,,,,,,
27,Left,23,0.0000,0.0000,0.0307,0.1905,-0.0342,0.0548,0.9796,1.251,,,,,,,
27,Left,24,0.0000,0.0000,0.0203,0.0485,0.0491,-0.0009,0.9976,1.251,,,,,,,
27,Left,25,0.0002,0.0012,0.0219,0.0000,0.0000,0.0000,1.0000,1.251,,,,,,,
27,Right,0,-0.0026,-0.0051,0.0650,0.0000,0.0000,0.0000,1.0000,1.251,,,,,,,
27,Right,1,0.0000,0.0000,0.0000,0.0000,0.0000,0.0000,1.0000,1.251,0.0762,0.2418,0.0725,-0.5646,-0.1021,0.3029,-0.7610
27,Right,2,-0.0300,-0.0164,0.0347,-0.1038,-0.3379,0.5688,0.7426,1.251,,,,,,,
27,Right,3,0.0000,0.0000,0.0325,0.1834,0.0537,-0.0822,0.9781,1.251,,,,,,,
27,Right,4,0.0000,0.0000,0.0338,0.0088,-0.0596,0.0821,0.9948,1.251,,,,,,,
27,Right,5,0.0007,0.0010,0.0246,0.0000,0.0000,0.0000,1.0000,1.251,,,,,,,
27,Right,6,-0.0197,-0.0097,0.0365,0.0000,0.0000,0.0000,1.0000,1.251,,,,,,,
27,Right,7,-0.0038,0.0023,0.0595,0.0774,0.0320,0.0308,0.9960,1.251,,,,,,,
27,Right,8,0.0000,0.0000,0.0379,0.1498,0.0032,-0.0263,0.9884,1.251,,,,,,,
27,Right,9,0.0000,0.0000,0.0243,0.0281,0.0256,-0.0166,0.9991,1.251,,,,,,,
27,Right,10,0.0003,0.0010,0.0224,0.0000,0.0000,0.0000,1.0000,1.251,,,,,,,
27,Right,11,-0.0035,-0.0077,0.0344,0.0000,0.0000,0.0000,1.0000,1.251,,,,,,,
27,Right,12,0.0018,0.0052,0.0613,0.1337,0.0745,-0.0150,0.9881,1.251,,,,,,,
27,Right,13,0.0000,0.0000,0.0429,0.1324,0.0028,-0.0120,0.9911,1.251,,,,,,,
27,Right,14,0.0000,0.0000,0.0275,0.0046,0.0003,-0.0441,0.9990,1.251,,,,,,,
27,Right,15,0.0003,0.0011,0.0250,0.0000,0.0000,0.0000,1.0000,1.251,,,,,,,
27,Right,16,0.0150,-0.0060,0.0348,0.0000,0.0000,0.0000,1.0000,1.251,,,,,,,
27,Right,17,0.0025,-0.0005,0.0539,0.0946,0.0991,-0.0575,0.9889,1.251,,,,,,,
27,Right,18,0.0000,0.0000,0.0390,0.1293,-0.0014,-0.0365,0.9909,1.251,,,,,,,
27,Right,19,0.0000,0.0000,0.0266,0.0520,-0.0295,-0.0071,0.9982,1.251,,,,,,,
27,Right,20,0.0003,0.0016,0.0243,0.0000,0.0000,0.0000,1.0000,1.251,,,,,,,
27,Right,21,0.0230,-0.0094,0.0341,0.0183,0.1403,-0.2070,0.9680,1.251,,,,,,,
27,Right,22,0.0000,0.0000,0.0457,-0.0102,0.0116,0.0931,0.9955,1.251,,,,,,,
27,Right,23,0.0000,0.0000,0.0307,0.1813,0.0347,-0.0540,0.9813,1.251,,,,,,,
27,Right,24,0.0000,0.0000,0.0203,0.0257,-0.0491,0.0008,0.9985,1.251,,,,,,,
27,Right,25,-0.0002,0.0012,0.0219,0.0000,0.0000,0.0000,1.0000,1.251,,,,,,,
28,Left,0,0.0025,-0.0052,0.0651,0.0000,0.0000,0.0000,1.0000,1.304,,,,,,,
28,Left,1,0.0000,0.0000,0.0000,0.0000,0.0000,0.0000,1.0000,1.304,-0.0790,0.2427,-0.0037,0.3895,-0.7599,0.4473,0.2658
28,Left,2,0.0295,-0.0173,0.0351,-0.1633,0.2303,-0.5590,0.7796,1.304,,,,,,,
28,Left,3,0.0000,0.0000,0.0325,0.1002,-0.0615,0.0830,0.9896,1.304,,,,,,,
28,Left,4,0.0000,0.0000,0.0338,-0.0840,0.0670,-0.0839,0.9907,1.304,,,,,,,
28,Left,5,-0.0007,0.0010,0.0246,0.0000,0.0000,0.0000,1.0000,1.304,,,,,,,
28,Left,6,0.0194,-0.0101,0.0367,0.0000,0.0000,0.0000,1.0000,1.304,,,,,,,
28,Left,7,0.0041,0.0028,0.0593,0.1186,-0.0302,-0.0309,0.9920,1.304,,,,,,,
28,Left,8,0.0000,0.0000,0.0379,0.1908,-0.0021,0.0263,0.9813,1.304,,,,,,,
28,Left,9,0.0000,0.0000,0.0243,0.0791,-0.0246,0.0168,0.9964,1.304,,,,,,,
28,Left,10,-0.0003,0.0010,0.0224,0.0000,0.0000,0.0000,1.0000,1.304,,,,,,,
28,Left,11,0.0032,-0.0079,0.0346,0.0000,0.0000,0.0000,1.0000,1.304,,,,,,,
28,Left,12,-0.0015,0.0054,0.0611,0.1684,-0.0768,0.0178,0.9826,1.304,,,,,,,
28,Left,13,0.0000,0.0000,0.0429,0.1659,-0.0024,0.0122,0.9861,1.304,,,,,,,
28,Left,14,0.0000,0.0000,0.0275,0.0310,0.0008,0.0466,0.9984,1.304,,,,,,,
28,Left,15,-0.0003,0.0011,0.0250,0.0000,0.0000,0.0000,1.0000,1.304,,,,,,,
28,Left,16,-0.0150,-0.0060,0.0348,0.0000,0.0000,0.0000,1.0000,1.304,,,,,,,
28,Left,17,-0.0025,-0.0005,0.0539,0.1373,-0.0917,0.0609,0.9844,1.304,,,,,,,
28,Left,18,0.0000,0.0000,0.0390,0.1683,0.0027,0.0373,0.9850,1.304,,,,,,,
28,Left,19,0.0000,0.0000,0.0266,0.0668,0.0295,0.0078,0.9973,1.304,,,,,,,
28,Left,20,-0.0003,0.0016,0.0243,0.0000,0.0000,0.0000,1.0000,1.304,,,,,,,
28,Left,21,-0.0230,-0.0094,0.0341,0.0183,-0.1403,0.2070,0.9680,1.304,,,,,,,
28,Left,22,0.0000,0.0000,0.0457,0.0461,0.0162,-0.0907,0.9947,1.304,,,,,,,
28,Left,23,0.0000,0.0000,0.0307,0.2096,-0.0333,0.0563,0.9756,1.304,,,,,,,
28,Left,24,0.0000,0.0000,0.0203,0.0581,0.0490,-0.0009,0.9971,1.304,,,,,,,
28,Left,25,0.0002,0.0012,0.0219,0.0000,0.0000,0.0000,1.0000,1.304,,,,,,,
28,Right,0,-0.0027,-0.0051,0.0650,0.0000,0.0000,0.0000,1.0000,1.304,,,,,,,
28,Right,1,0.0000,0.0000,0.0000,0.0000,0.0000,0.0000,1.0000,1.304,0.0747,0.2417,0.0755,-0.5717,-0.0891,0.2930,-0.7611
28,Right,2,-0.0302,-0.0161,0.0345,-0.1054,-0.3441,0.5646,0.7427,1.304,,,,,,,
28,Right,3,0.0000,0.0000,0.0325,0.1853,0.0535,-0.0822,0.9778,1.304,,,,,,,
28,Right,4,0.0000,0.0000,0.0338,0.0117,-0.0594,0.0820,0.9948,1.304,,,,,,,
28,Right,5,0.0007,0.0010,0.0246,0.0000,0.0000,0.0000,1.0000,1.304,,,,,,,
28,Right,6,-0.0198,-0.0095,0.0365,0.0000,0.0000,0.0000,1.0000,1.304,,,,,,,
28,Right,7,-0.0037,0.0022,0.0595,0.0757,0.0321,0.0308,0.9961,1.304,,,,,,,
28,Right,8,0.0000,0.0000,0.0379,0.1494,0.0033,-0.0263,0.9884,1.304,,,,,,,
28,Right,9,0.0000,0.0000,0.0243,0.0287,0.0255,-0.0166,0.9991,1.304,,,,,,,
28,Right,10,0.0003,0.0010,0.0224,0.0000,0.0000,0.0000,1.0000,1.304,,,,,,,
28,Right,11,-0.0036,-0.0077,0.0343,0.0000,0.0000,0.0000,1.0000,1.304,,,,,,,
28,Right,12,0.0019,0.0051,0.0614,0.1328,0.0752,-0.0150,0.9882,1.304,,,,,,,
28,Right,13,0.0000,0.0000,0.0429,0.1316,0.0028,-0.0120,0.9912,1.304,,,,,,,
28,Right,14,0.0000,0.0000,0.0275,0.0040,0.0004,-0.0440,0.9990,1.304,,,,,,,
28,Right,15,0.0003,0.0011,0.0250,0.0000,0.0000,0.0000,1.0000,1.304,,,,,,,
28,Right,16,0.0150,-0.0060,0.0348,0.0000,0.0000,0.0000,1.0000,1.304,,,,,,,
28,Right,17,0.0025,-0.0005,0.0539,0.0957,0.0992,-0.0576,0.9888,1.304,,,,,,,
28,Right,18,0.0000,0.0000,0.0390,0.1283,-0.0013,-0.0365,0.9911,1.304,,,,,,,
28,Right,19,0.0000,0.0000,0.0266,0.0516,-0.0295,-0.0071,0.9982,1.304,,,,,,,
28,Right,20,0.0003,0.0016,0.0243,0.0000,0.0000,0.0000,1.0000,1.304,,,,,,,
28,Right,21,0.0230,-0.0094,0.0341,0.0183,0.1403,-0.2070,0.9680,1.304,,,,,,,
28,Right,22,0.0000,0.0000,0.0457,-0.0116,0.0117,0.0932,0.9955,1.304,,,,,,,
28,Right,23,0.0000,0.0000,0.0307,0.1788,0.0348,-0.0538,0.9818,1.304,,,,,,,
28,Right,24,0.0000,0.0000,0.0203,0.0249,-0.0491,0.0008,0.9985,1.304,,,,,,,
28,Right,25,-0.0002,0.0012,0.0219,0.0000,0.0000,0.0000,1.0000,1.304,,,,,,,
29,Left,0,0.0025,-0.0052,0.0651,0.0000,0.0000,0.0000,1.0000,1.360,,,,,,,
29,Left,1,0.0000,0.0000,0.0000,0.0000,0.0000,0.0000,1.0000,1.360,-0.0786,0.2429,-0.0051,0.3906,-0.7597,0.4482,0.2633
29,Left,2,0.0295,-0.0172,0.0351,-0.1637,0.2311,-0.5581,0.7799,1.360,,,,,,,
29,Left,3,0.0000,0.0000,0.0325,0.0963,-0.0619,0.0830,0.9900,1.360,,,,,,,
29,Left,4,0.0000,0.0000,0.0338,-0.0849,0.0671,-0.0840,0.9906,1.360,,,,,,,
29,Left,5,-0.0007,0.0010,0.0246,0.0000,0.0000,0.0000,1.0000,1.360,,,,,,,
29,Left,6,0.0195,-0.0101,0.0367,0.0000,0.0000,0.0000,1.0000,1.360,,,,,,,
29,Left,7,0.0041,0.0028,0.0593,0.1180,-0.0290,-0.0310,0.9921,1.360,,,,,,,
29,Left,8,0.0000,0.0000,0.0379,0.1913,-0.0021,0.0263,0.9812,1.360,,,,,,,
29,Left,9,0.0000,0.0000,0.0243,0.0796,-0.0246,0.0168,0.9964,1.360,,,,,,,
29,Left,10,-0.0003,0.0010,0.0224,0.0000,0.0000,0.0000,1.0000,1.360,,,,,,,
29,Left,11,0.0032,-0.0079,0.0346,0.0000,0.0000,0.0000,1.0000,1.360,,,,,,,
29,Left,12,-0.0015,0.0054,0.0611,0.1658,-0.0753,0.0174,0.9831,1.360,,,,,,,
29,Left,13,0.0000,0.0000,0.0429,0.1676,-0.0024,0.0122,0.9858,1.360,,,,,,,
29,Left,14,0.0000,0.0000,0.0275,0.0323,0.0009,0.0468,0.9984,1.360,,,,,,,
29,Left,15,-0.0003,0.0011,0.0250,0.0000,0.0000,0.0000,1.0000,1.360,,,,,,,
29,Left,16,-0.0150,-0.0060,0.0348,0.0000,0.0000,0.0000,1.0000,1.360,,,,,,,
29,Left,17,-0.0025,-0.0005,0.0539,0.1354,-0.0913,0.0607,0.9847,1.360,,,,,,,
29,Left,18,0.0000,0.0000,0.0390,0.1722,0.0028,0.0373,0.9844,1.360,,,,,,,
29,Left,19,0.0000,0.0000,0.0266,0.0697,0.0296,0.0079,0.9971,1.360,,,,,,,
29,Left,20,-0.0003,0.0016,0.0243,0.0000,0.0000,0.0000,1.0000,1.360,,,,,,,
29,Left,21,-0.0230,-0.0094,0.0341,0.0183,-0.1403,0.2070,0.9680,1.360,,,,,,,
29,Left,22,0.0000,0.0000,0.0457,0.0424,0.0159,-0.0908,0.9948,1.360,,,,,,,
29,Left,23,0.0000,0.0000,0.0307,0.2185,-0.0329,0.0570,0.9736,1.360,,,,,,,
29,Left,24,0.0000,0.0000,0.0203,0.0621,0.0490,-0.0009,0.9969,1.360,,,,,,,
29,Left,25,0.0002,0.0012,0.0219,0.0000,0.0000,0.0000,1.0000,1.360,,,,,,,
29,Right,0,-0.0027,-0.0051,0.0649,0.0000,0.0000,0.0000,1.0000,1.360,,,,,,,
29,Right,1,0.0000,0.0000,0.0000,0.0000,0.0000,0.0000,1.0000,1.360,0.0739,0.2418,0.0770,-0.5773,-0.0805,0.2860,-0.7606
29,Right,2,-0.0304,-0.0157,0.0343,-0.1106,-0.3482,0.5581,0.7450,1.360,,,,,,,
29,Right,3,0.0000,0.0000,0.0325,0.1867,0.0534,-0.0821,0.9775,1.360,,,,,,,
29,Right,4,0.0000,0.0000,0.0338,0.0127,-0.0593,0.0820,0.9948,1.360,,,,,,,
29,Right,5,0.0007,0.0010,0.0246,0.0000,0.0000,0.0000,1.0000,1.360,,,,,,,
29,Right,6,-0.0199,-0.0093,0.0364,0.0000,0.0000,0.0000,1.0000,1.360,,,,,,,
29,Right,7,-0.0036,0.0020,0.0596,0.0734,0.0322,0.0308,0.9963,1.360,,,,,,,
29,Right,8,0.0000,0.0000,0.0379,0.1487,0.0033,-0.0263,0.9885,1.360,,,,,,,
29,Right,9,0.0000,0.0000,0.0243,0.0296,0.0255,-0.0166,0.9991,1.360,,,,,,,
29,Right,10,0.0003,0.0010,0.0224,0.0000,0.0000,0.0000,1.0000,1.360,,,,,,,
29,Right,11,-0.0037,-0.0076,0.0342,0.0000,0.0000,0.0000,1.0000,1.360,,,,,,,
29,Right,12,0.0020,0.0050,0.0614,0.1313,0.0762,-0.0150,0.9883,1.360,,,,,,,
29,Right,13,0.0000,0.0000,0.0429,0.1303,0.0029,-0.0120,0.9914,1.360,,,,,,,
29,Right,14,0.0000,0.0000,0.0275,0.0030,0.0004,-0.0439,0.9990,1.360,,,,,,,
29,Right,15,0.0003,0.0011,0.0250,0.0000,0.0000,0.0000,1.0000,1.360,,,,,,,
29,Right,16,0.0150,-0.0060,0.0348,0.0000,0.0000,0.0000,1.0000,1.360,,,,,,,
29,Right,17,0.0025,-0.0005,0.0539,0.0974,0.0994,-0.0578,0.9886,1.360,,,,,,,
29,Right,18,0.0000,0.0000,0.0390,0.1265,-0.0013,-0.0364,0.9913,1.360,,,,,,,
29,Right,19,0.0000,0.0000,0.0266,0.0509,-0.0295,-0.0070,0.9982,1.360,,,,,,,
29,Right,20,0.0003,0.0016,0.0243,0.0000,0.0000,0.0000,1.0000,1.360,,,,,,,
29,Right,21,0.0230,-0.0094,0.0341,0.0183,0.1403,-0.2070,0.9680,1.360,,,,,,,
29,Right,22,0.0000,0.0000,0.0457,-0.0136,0.0118,0.0933,0.9955,1.360,,,,,,,
29,Right,23,0.0000,0.0000,0.0307,0.1751,0.0349,-0.0535,0.9825,1.360,,,,,,,
29,Right,24,0.0000,0.0000,0.0203,0.0237,-0.0491,0.0008,0.9985,1.360,,,,,,,
29,Right,25,-0.0002,0.0012,0.0219,0.0000,0.0000,0.0000,1.0000,1.360,,,,,,,
30,Left,0,0.0025,-0.0052,0.0651,0.0000,0.0000,0.0000,1.0000,1.416,,,,,,,
30,Left,1,0.0000,0.0000,0.0000,0.0000,0.0000,0.0000,1.0000,1.416,-0.0781,0.2424,-0.0072,0.3932,-0.7598,0.4504,0.2555
30,Left,2,0.0296,-0.0171,0.0350,-0.1651,0.2317,-0.5561,0.7809,1.416,,,,,,,
30,Left,3,0.0000,0.0000,0.0325,0.0916,-0.0623,0.0830,0.9904,1.416,,,,,,,
30,Left,4,0.0000,0.0000,0.0338,-0.0860,0.0672,-0.0840,0.9905,1.416,,,,,,,
30,Left,5,-0.0007,0.0010,0.0246,0.0000,0.0000,0.0000,1.0000,1.416,,,,,,,
30,Left,6,0.0195,-0.0100,0.0367,0.0000,0.0000,0.0000,1.0000,1.416,,,,,,,
30,Left,7,0.0041,0.0027,0.0593,0.1152,-0.0287,-0.0310,0.9924,1.416,,,,,,,
30,Left,8,0.0000,0.0000,0.0379,0.1899,-0.0022,0.0263,0.9815,1.416,,,,,,,
30,Left,9,0.0000,0.0000,0.0243,0.0794,-0.0246,0.0168,0.9964,1.416,,,,,,,
30,Left,10,-0.0003,0.0010,0.0224,0.0000,0.0000,0.0000,1.0000,1.416,,,,,,,
30,Left,11,0.0033,-0.0079,0.0345,0.0000,0.0000,0.0000,1.0000,1.416,,,,,,,
30,Left,12,-0.0016,0.0054,0.0611,0.1626,-0.0744,0.0171,0.9837,1.416,,,,,,,
30,Left,13,0.0000,0.0000,0.0429,0.1666,-0.0024,0.0122,0.9859,1.416,,,,,,,
30,Left,14,0.0000,0.0000,0.0275,0.0320,0.0008,0.0467,0.9984,1.416,,,,,,,
30,Left,15,-0.0003,0.0011,0.0250,0.0000,0.0000,0.0000,1.0000,1.416,,,,,,,
30,Left,16,-0.0150,-0.0060,0.0348,0.0000,0.0000,0.0000,1.0000,1.416,,,,,,,
30,Left,17,-0.0025,-0.0005,0.0539,0.1332,-0.0916,0.0606,0.9850,1.416,,,,,,,
30,Left,18,0.0000,0.0000,0.0390,0.1726,0.0028,0.0373,0.9843,1.416,,,,,,,
30,Left,19,0.0000,0.0000,0.0266,0.0709,0.0296,0.0080,0.9970,1.416,,,,,,,
30,Left,20,-0.0003,0.0016,0.0243,0.0000,0.0000,0.0000,1.0000,1.416,,,,,,,
30,Left,21,-0.0230,-0.0094,0.0341,0.0183,-0.1403,0.2070,0.9680,1.416,,,,,,,
30,Left,22,0.0000,0.0000,0.0457,0.0385,0.0144,-0.0909,0.9950,1.416,,,,,,,
30,Left,23,0.0000,0.0000,0.0307,0.2204,-0.0328,0.0572,0.9732,1.416,,,,,,,
30,Left,24,0.0000,0.0000,0.0203,0.0636,0.0490,-0.0009,0.9968,1.416,,,,,,,
30,Left,25,0.0002,0.0012,0.0219,0.0000,0.0000,0.0000,1.0000,1.416,,,,,,,
30,Right,0,-0.0028,-0.0050,0.0649,0.0000,0.0000,0.0000,1.0000,1.416,,,,,,,
30,Right,1,0.0000,0.0000,0.0000,0.0000,0.0000,0.0000,1.0000,1.416,0.0729,0.2418,0.0778,-0.5804,-0.0712,0.2786,-0.7619
30,Right,2,-0.0306,-0.0154,0.0342,-0.1148,-0.3505,0.5532,0.7469,1.416,,,,,,,
30,Right,3,0.0000,0.0000,0.0325,0.1871,0.0534,-0.0821,0.9775,1.416,,,,,,,
30,Right,4,0.0000,0.0000,0.0338,0.0138,-0.0592,0.0820,0.9948,1.416,,,,,,,
30,Right,5,0.0007,0.0010,0.0246,0.0000,0.0000,0.0000,1.0000,1.416,,,,,,,
30,Right,6,-0.0200,-0.0092,0.0363,0.0000,0.0000,0.0000,1.0000,1.416,,,,,,,
30,Right,7,-0.0036,0.0019,0.0597,0.0732,0.0324,0.0308,0.9963,1.416,,,,,,,
30,Right,8,0.0000,0.0000,0.0379,0.1472,0.0033,-0.0263,0.9887,1.416,,,,,,,
30,Right,9,0.0000,0.0000,0.0243,0.0302,0.0255,-0.0166,0.9991,1.416,,,,,,,
30,Right,10,0.0003,0.0010,0.0224,0.0000,0.0000,0.0000,1.0000,1.416,,,,,,,
30,Right,11,-0.0038,-0.0075,0.0341,0.0000,0.0000,0.0000,1.0000,1.416,,,,,,,
30,Right,12,0.0021,0.0049,0.0615,0.1304,0.0771,-0.0150,0.9884,1.416,,,,,,,
30,Right,13,0.0000,0.0000,0.0429,0.1281,0.0029,-0.0120,0.9917,1.416,,,,,,,
30,Right,14,0.0000,0.0000,0.0275,0.0013,0.0005,-0.0438,0.9990,1.416,,,,,,,
30,Right,15,0.0003,0.0011,0.0250,0.0000,0.0000,0.0000,1.0000,1.416,,,,,,,
30,Right,16,0.0150,-0.0060,0.0348,0.0000,0.0000,0.0000,1.0000,1.416,,,,,,,
30,Right,17,0.0025,-0.0005,0.0539,0.0993,0.0997,-0.0580,0.9883,1.416,,,,,,,
30,Right,18,0.0000,0.0000,0.0390,0.1242,-0.0012,-0.0364,0.9916,1.416,,,,,,,
30,Right,19,0.0000,0.0000,0.0266,0.0497,-0.0295,-0.0070,0.9983,1.416,,,,,,,
30,Right,20,0.0003,0.0016,0.0243,0.0000,0.0000,0.0000,1.0000,1.416,,,,,,,
30,Right,21,0.0230,-0.0094,0.0341,0.0183,0.1403,-0.2070,0.9680,1.416,,,,,,,
30,Right,22,0.0000,0.0000,0.0457,-0.0153,0.0126,0.0935,0.9954,1.416,,,,,,,
30,Right,23,0.0000,0.0000,0.0307,0.1713,0.0351,-0.0532,0.9831,1.416,,,,,,,
30,Right,24,0.0000,0.0000,0.0203,0.0223,-0.0491,0.0008,0.9985,1.416,,,,,,,
30,Right,25,-0.0002,0.0012,0.0219,0.0000,0.0000,0.0000,1.0000,1.416,,,,,,,
31,Left,0,0.0025,-0.0052,0.0651,0.0000,0.0000,0.0000,1.0000,1.460,,,,,,,
31,Left,1,0.0000,0.0000,0.0000,0.0000,0.0000,0.0000,1.0000,1.460,-0.0777,0.2422,-0.0090,0.3952,-0.7616,0.4545,0.2391
31,Left,2,0.0296,-0.0170,0.0350,-0.1672,0.2316,-0.5535,0.7823,1.460,,,,,,,
31,Left,3,0.0000,0.0000,0.0325,0.0873,-0.0627,0.0831,0.9907,1.460,,,,,,,
31,Left,4,0.0000,0.0000,0.0338,-0.0859,0.0672,-0.0840,0.9905,1.460,,,,,,,
31,Left,5,-0.0007,0.0010,0.0246,0.0000,0.0000,0.0000,1.0000,1.460,,,,,,,
31,Left,6,0.0195,-0.0100,0.0367,0.0000,0.0000,0.0000,1.0000,1.460,,,,,,,
31,Left,7,0.0040,0.0027,0.0593,0.1115,-0.0294,-0.0310,0.9928,1.460,,,,,,,
31,Left,8,0.0000,0.0000,0.0379,0.1860,-0.0023,0.0263,0.9822,1.460,,,,,,,
31,Left,9,0.0000,0.0000,0.0243,0.0788,-0.0247,0.0168,0.9964,1.460,,,,,,,
31,Left,10,-0.0003,0.0010,0.0224,0.0000,0.0000,0.0000,1.0000,1.460,,,,,,,
31,Left,11,0.0033,-0.0079,0.0345,0.0000,0.0000,0.0000,1.0000,1.460,,,,,,,
31,Left,12,-0.0016,0.0053,0.0611,0.1604,-0.0741,0.0169,0.9841,1.460,,,,,,,
31,Left,13,0.0000,0.0000,0.0429,0.1603,-0.0025,0.0121,0.9870,1.460,,,,,,,
31,Left,14,0.0000,0.0000,0.0275,0.0301,0.0008,0.0466,0.9985,1.460,,,,,,,
31,Left,15,-0.0003,0.0011,0.0250,0.0000,0.0000,0.0000,1.0000,1.460,,,,,,,
31,Left,16,-0.0150,-0.0060,0.0348,0.0000,0.0000,0.0000,1.0000,1.460,,,,,,,
31,Left,17,-0.0025,-0.0005,0.0539,0.1325,-0.0922,0.0606,0.9850,1.460,,,,,,,
31,Left,18,0.0000,0.0000,0.0390,0.1679,0.0027,0.0373,0.9851,1.460,,,,,,,
31,Left,19,0.0000,0.0000,0.0266,0.0698,0.0296,0.0079,0.9971,1.460,,,,,,,
31,Left,20,-0.0003,0.0016,0.0243,0.0000,0.0000,0.0000,1.0000,1.460,,,,,,,
31,Left,21,-0.0230,-0.0094,0.0341,0.0183,-0.1403,0.2070,0.9680,1.460,,,,,,,
31,Left,22,0.0000,0.0000,0.0457,0.0357,0.0129,-0.0910,0.9951,1.460,,,,,,,
31,Left,23,0.0000,0.0000,0.0307,0.2180,-0.0329,0.0570,0.9737,1.460,,,,,,,
31,Left,24,0.0000,0.0000,0.0203,0.0620,0.0490,-0.0009,0.9969,1.460,,,,,,,
31,Left,25,0.0002,0.0012,0.0219,0.0000,0.0000,0.0000,1.0000,1.460,,,,,,,
31,Right,0,-0.0028,-0.0050,0.0649,0.0000,0.0000,0.0000,1.0000,1.460,,,,,,,
31,Right,1,0.0000,0.0000,0.0000,0.0000,0.0000,0.0000,1.0000,1.460,0.0719,0.2422,0.0788,-0.5828,-0.0590,0.2682,-0.7648
31,Right,2,-0.0307,-0.0153,0.0341,-0.1172,-0.3518,0.5505,0.7480,1.460,,,,,,,
31,Right,3,0.0000,0.0000,0.0325,0.1868,0.0534,-0.0821,0.9775,1.460,,,,,,,
31,Right,4,0.0000,0.0000,0.0338,0.0151,-0.0591,0.0820,0.9948,1.460,,,,,,,
31,Right,5,0.0007,0.0010,0.0246,0.0000,0.0000,0.0000,1.0000,1.460,,,,,,,
31,Right,6,-0.0200,-0.0091,0.0363,0.0000,0.0000,0.0000,1.0000,1.460,,,,,,,
31,Right,7,-0.0035,0.0018,0.0597,0.0733,0.0324,0.0308,0.9963,1.460,,,,,,,
31,Right,8,0.0000,0.0000,0.0379,0.1459,0.0034,-0.0263,0.9889,1.460,,,,,,,
31,Right,9,0.0000,0.0000,0.0243,0.0302,0.0255,-0.0166,0.9991,1.460,,,,,,,
31,Right,10,0.0003,0.0010,0.0224,0.0000,0.0000,0.0000,1.0000,1.460,,,,,,,
31,Right,11,-0.0038,-0.0074,0.0341,0.0000,0.0000,0.0000,1.0000,1.460,,,,,,,
31,Right,12,0.0021,0.0049,0.0616,0.1298,0.0776,-0.0150,0.9884,1.460,,,,,,,
31,Right,13,0.0000,0.0000,0.0429,0.1263,0.0029,-0.0120,0.9919,1.460,,,,,,,
31,Right,14,0.0000,0.0000,0.0275,-0.0003,0.0006,-0.0436,0.9990,1.460,,,,,,,
31,Right,15,0.0003,0.0011,0.0250,0.0000,0.0000,0.0000,1.0000,1.460,,,,,,,
31,Right,16,0.0150,-0.0060,0.0348,0.0000,0.0000,0.0000,1.0000,1.460,,,,,,,
31,Right,17,0.0025,-0.0005,0.0539,0.1013,0.0999,-0.0582,0.9881,1.460,,,,,,,
31,Right,18,0.0000,0.0000,0.0390,0.1223,-0.0011,-0.0363,0.9918,1.460,,,,,,,
31,Right,19,0.0000,0.0000,0.0266,0.0487,-0.0295,-0.0069,0.9984,1.460,,,,,,,
31,Right,20,0.0003,0.0016,0.0243,0.0000,0.0000,0.0000,1.0000,1.460,,,,,,,
31,Right,21,0.0230,-0.0094,0.0341,0.0183,0.1403,-0.2070,0.9680,1.460,,,,,,,
31,Right,22,0.0000,0.0000,0.0457,-0.0167,0.0136,0.0936,0.9954,1.460,,,,,,,
31,Right,23,0.0000,0.0000,0.0307,0.1687,0.0352,-0.0530,0.9836,1.460,,,,,,,
31,Right,24,0.0000,0.0000,0.0203,0.0210,-0.0491,0.0008,0.9986,1.460,,,,,,,
31,Right,25,-0.0002,0.0012,0.0219,0.0000,0.0000,0.0000,1.0000,1.460,,,,,,,
32,Left,0,0.0025,-0.0052,0.0651,0.0000,0.0000,0.0000,1.0000,1.513,,,,,,,
32,Left,1,0.0000,0.0000,0.0000,0.0000,0.0000,0.0000,1.0000,1.513,-0.0773,0.2421,-0.0105,0.3945,-0.7654,0.4545,0.2280
32,Left,2,0.0297,-0.0169,0.0349,-0.1699,0.2319,-0.5502,0.7840,1.513,,,,,,,
32,Left,3,0.0000,0.0000,0.0325,0.0818,-0.0632,0.0831,0.9912,1.513,,,,,,,
32,Left,4,0.0000,0.0000,0.0338,-0.0852,0.0671,-0.0840,0.9905,1.513,,,,,,,
32,Left,5,-0.0007,0.0010,0.0246,0.0000,0.0000,0.0000,1.0000,1.513,,,,,,,
32,Left,6,0.0196,-0.0099,0.0366,0.0000,0.0000,0.0000,1.0000,1.513,,,,,,,
32,Left,7,0.0040,0.0026,0.0594,0.1050,-0.0309,-0.0309,0.9935,1.513,,,,,,,
32,Left,8,0.0000,0.0000,0.0379,0.1727,-0.0026,0.0263,0.9846,1.513,,,,,,,
32,Left,9,0.0000,0.0000,0.0243,0.0776,-0.0247,0.0168,0.9965,1.513,,,,,,,
32,Left,10,-0.0003,0.0010,0.0224,0.0000,0.0000,0.0000,1.0000,1.513,,,,,,,
32,Left,11,0.0034,-0.0078,0.0345,0.0000,0.0000,0.0000,1.0000,1.513,,,,,,,
32,Left,12,-0.0016,0.0053,0.0612,0.1598,-0.0739,0.0168,0.9842,1.513,,,,,,,
32,Left,13,0.0000,0.0000,0.0429,0.1366,-0.0028,0.0120,0.9906,1.513,,,,,,,
32,Left,14,0.0000,0.0000,0.0275,0.0253,0.0006,0.0461,0.9986,1.513,,,,,,,
32,Left,15,-0.0003,0.0011,0.0250,0.0000,0.0000,0.0000,1.0000,1.513,,,,,,,
32,Left,16,-0.0150,-0.0060,0.0348,0.0000,0.0000,0.0000,1.0000,1.513,,,,,,,
32,Left,17,-0.0025,-0.0005,0.0539,0.1327,-0.0924,0.0606,0.9850,1.513,,,,,,,
32,Left,18,0.0000,0.0000,0.0390,0.1397,0.0017,0.0367,0.9895,1.513,,,,,,,
32,Left,19,0.0000,0.0000,0.0266,0.0673,0.0296,0.0078,0.9973,1.513,,,,,,,
32,Left,20,-0.0003,0.0016,0.0243,0.0000,0.0000,0.0000,1.0000,1.513,,,,,,,
32,Left,21,-0.0230,-0.0094,0.0341,0.0183,-0.1403,0.2070,0.9680,1.513,,,,,,,
32,Left,22,0.0000,0.0000,0.0457,0.0343,0.0120,-0.0910,0.9952,1.513,,,,,,,
32,Left,23,0.0000,0.0000,0.0307,0.2044,-0.0336,0.0559,0.9767,1.513,,,,,,,
32,Left,24,0.0000,0.0000,0.0203,0.0562,0.0490,-0.0009,0.9972,1.513,,,,,,,
32,Left,25,0.0002,0.0012,0.0219,0.0000,0.0000,0.0000,1.0000,1.513,,,,,,,
32,Right,0,-0.0028,-0.0050,0.0648,0.0000,0.0000,0.0000,1.0000,1.513,,,,,,,
32,Right,1,0.0000,0.0000,0.0000,0.0000,0.0000,0.0000,1.0000,1.513,0.0706,0.2424,0.0795,-0.5848,-0.0512,0.2630,-0.7657
32,Right,2,-0.0308,-0.0151,0.0340,-0.1207,-0.3534,0.5465,0.7496,1.513,,,,,,,
32,Right,3,0.0000,0.0000,0.0325,0.1866,0.0534,-0.0821,0.9775,1.513,,,,,,,
32,Right,4,0.0000,0.0000,0.0338,0.0159,-0.0590,0.0819,0.9948,1.513,,,,,,,
32,Right,5,0.0007,0.0010,0.0246,0.0000,0.0000,0.0000,1.0000,1.513,,,,,,,
32,Right,6,-0.0201,-0.0090,0.0362,0.0000,0.0000,0.0000,1.0000,1.513,,,,,,,
32,Right,7,-0.0035,0.0017,0.0598,0.0727,0.0324,0.0308,0.9964,1.513,,,,,,,
32,Right,8,0.0000,0.0000,0.0379,0.1450,0.0034,-0.0263,0.9891,1.513,,,,,,,
32,Right,9,0.0000,0.0000,0.0243,0.0302,0.0255,-0.0166,0.9991,1.513,,,,,,,
32,Right,10,0.0003,0.0010,0.0224,0.0000,0.0000,0.0000,1.0000,1.513,,,,,,,
32,Right,11,-0.0039,-0.0074,0.0340,0.0000,0.0000,0.0000,1.0000,1.513,,,,,,,
32,Right,12,0.0022,0.0048,0.0616,0.1289,0.0778,-0.0149,0.9885,1.513,,,,,,,
32,Right,13,0.0000,0.0000,0.0429,0.1253,0.0029,-0.0120,0.9920,1.513,,,,,,,
32,Right,14,0.0000,0.0000,0.0275,-0.0015,0.0006,-0.0435,0.9991,1.513,,,,,,,
32,Right,15,0.0003,0.0011,0.0250,0.0000,0.0000,0.0000,1.0000,1.513,,,,,,,
32,Right,16,0.0150,-0.0060,0.0348,0.0000,0.0000,0.0000,1.0000,1.513,,,,,,,
32,Right,17,0.0025,-0.0005,0.0539,0.1023,0.1000,-0.0583,0.9880,1.513,,,,,,,
32,Right,18,0.0000,0.0000,0.0390,0.1214,-0.0011,-0.0363,0.9919,1.513,,,,,,,
32,Right,19,0.0000,0.0000,0.0266,0.0480,-0.0295,-0.0069,0.9984,1.513,,,,,,,
32,Right,20,0.0003,0.0016,0.0243,0.0000,0.0000,0.0000,1.0000,1.513,,,,,,,
32,Right,21,0.0230,-0.0094,0.0341,0.0183,0.1403,-0.2070,0.9680,1.513,,,,,,,
32,Right,22,0.0000,0.0000,0.0457,-0.0181,0.0145,0.0937,0.9953,1.513,,,,,,,
32,Right,23,0.0000,0.0000,0.0307,0.1675,0.0353,-0.0529,0.9838,1.513,,,,,,,
32,Right,24,0.0000,0.0000,0.0203,0.0200,-0.0491,0.0008,0.9986,1.513,,,,,,,
32,Right,25,-0.0002,0.0012,0.0219,0.0000,0.0000,0.0000,1.0000,1.513,,,,,,,
33,Left,0,0.0026,-0.0052,0.0650,0.0000,0.0000,0.0000,1.0000,1.557,,,,,,,
33,Left,1,0.0000,0.0000,0.0000,0.0000,0.0000,0.0000,1.0000,1.557,-0.0766,0.2424,-0.0123,0.3922,-0.7705,0.4540,0.2154
33,Left,2,0.0298,-0.0168,0.0348,-0.1719,0.2318,-0.5477,0.7853,1.557,,,,,,,
33,Left,3,0.0000,0.0000,0.0325,0.0797,-0.0634,0.0831,0.9913,1.557,,,,,,,
33,Left,4,0.0000,0.0000,0.0338,-0.0842,0.0670,-0.0839,0.9906,1.557,,,,,,,
33,Left,5,-0.0007,0.0010,0.0246,0.0000,0.0000,0.0000,1.0000,1.557,,,,,,,
33,Left,6,0.0196,-0.0098,0.0366,0.0000,0.0000,0.0000,1.0000,1.557,,,,,,,
33,Left,7,0.0039,0.0025,0.0594,0.1031,-0.0335,-0.0307,0.9936,1.557,,,,,,,
33,Left,8,0.0000,0.0000,0.0379,0.1683,-0.0027,0.0263,0.9854,1.557,,,,,,,
33,Left,9,0.0000,0.0000,0.0243,0.0756,-0.0247,0.0168,0.9967,1.557,,,,,,,
33,Left,10,-0.0003,0.0010,0.0224,0.0000,0.0000,0.0000,1.0000,1.557,,,,,,,
33,Left,11,0.0034,-0.0078,0.0344,0.0000,0.0000,0.0000,1.0000,1.557,,,,,,,
33,Left,12,-0.0017,0.0053,0.0612,0.1601,-0.0734,0.0167,0.9842,1.557,,,,,,,
33,Left,13,0.0000,0.0000,0.0429,0.1213,-0.0030,0.0119,0.9925,1.557,,,,,,,
33,Left,14,0.0000,0.0000,0.0275,0.0214,0.0004,0.0457,0.9987,1.557,,,,,,,
33,Left,15,-0.0003,0.0011,0.0250,0.0000,0.0000,0.0000,1.0000,1.557,,,,,,,
33,Left,16,-0.0150,-0.0060,0.0348,0.0000,0.0000,0.0000,1.0000,1.557,,,,,,,
33,Left,17,-0.0025,-0.0005,0.0539,0.1336,-0.0921,0.0607,0.9849,1.557,,,,,,,
33,Left,18,0.0000,0.0000,0.0390,0.1210,0.0011,0.0363,0.9920,1.557,,,,,,,
33,Left,19,0.0000,0.0000,0.0266,0.0638,0.0295,0.0076,0.9975,1.557,,,,,,,
33,Left,20,-0.0003,0.0016,0.0243,0.0000,0.0000,0.0000,1.0000,1.557,,,,,,,
33,Left,21,-0.0230,-0.0094,0.0341,0.0183,-0.1403,0.2070,0.9680,1.557,,,,,,,
33,Left,22,0.0000,0.0000,0.0457,0.0329,0.0112,-0.0910,0.9952,1.557,,,,,,,
33,Left,23,0.0000,0.0000,0.0307,0.1950,-0.0340,0.0551,0.9787,1.557,,,,,,,
33,Left,24,0.0000,0.0000,0.0203,0.0532,0.0491,-0.0009,0.9974,1.557,,,,,,,
33,Left,25,0.0002,0.0012,0.0219,0.0000,0.0000,0.0000,1.0000,1.557,,,,,,,
33,Right,0,-0.0028,-0.0050,0.0648,0.0000,0.0000,0.0000,1.0000,1.557,,,,,,,
33,Right,1,0.0000,0.0000,0.0000,0.0000,0.0000,0.0000,1.0000,1.557,0.0697,0.2424,0.0801,-0.5867,-0.0451,0.2597,-0.7657
33,Right,2,-0.0308,-0.0150,0.0340,-0.1215,-0.3539,0.5455,0.7499,1.557,,,,,,,
33,Right,3,0.0000,0.0000,0.0325,0.1865,0.0534,-0.0821,0.9776,1.557,,,,,,,
33,Right,4,0.0000,0.0000,0.0338,0.0183,-0.0588,0.0819,0.9947,1.557,,,,,,,
33,Right,5,0.0007,0.0010,0.0246,0.0000,0.0000,0.0000,1.0000,1.557,,,,,,,
33,Right,6,-0.0201,-0.0090,0.0362,0.0000,0.0000,0.0000,1.0000,1.557,,,,,,,
33,Right,7,-0.0034,0.0017,0.0598,0.0718,0.0325,0.0308,0.9964,1.557,,,,,,,
33,Right,8,0.0000,0.0000,0.0379,0.1437,0.0034,-0.0263,0.9893,1.557,,,,,,,
33,Right,9,0.0000,0.0000,0.0243,0.0299,0.0255,-0.0166,0.9991,1.557,,,,,,,
33,Right,10,0.0003,0.0010,0.0224,0.0000,0.0000,0.0000,1.0000,1.557,,,,,,,
33,Right,11,-0.0039,-0.0074,0.0340,0.0000,0.0000,0.0000,1.0000,1.557,,,,,,,
33,Right,12,0.0022,0.0048,0.0616,0.1274,0.0780,-0.0148,0.9887,1.557,,,,,,,
33,Right,13,0.0000,0.0000,0.0429,0.1240,0.0029,-0.0120,0.9922,1.557,,,,,,,
33,Right,14,0.0000,0.0000,0.0275,-0.0030,0.0007,-0.0433,0.9991,1.557,,,,,,,
33,Right,15,0.0003,0.0011,0.0250,0.0000,0.0000,0.0000,1.0000,1.557,,,,,,,
33,Right,16,0.0150,-0.0060,0.0348,0.0000,0.0000,0.0000,1.0000,1.557,,,,,,,
33,Right,17,0.0025,-0.0005,0.0539,0.1031,0.1001,-0.0583,0.9879,1.557,,,,,,,
33,Right,18,0.0000,0.0000,0.0390,0.1202,-0.0011,-0.0363,0.9921,1.557,,,,,,,
33,Right,19,0.0000,0.0000,0.0266,0.0472,-0.0295,-0.0069,0.9984,1.557,,,,,,,
33,Right,20,0.0003,0.0016,0.0243,0.0000,0.0000,0.0000,1.0000,1.557,,,,,,,
33,Right,21,0.0230,-0.0094,0.0341,0.0183,0.1403,-0.2070,0.9680,1.557,,,,,,,
33,Right,22,0.0000,0.0000,0.0457,-0.0205,0.0160,0.0939,0.9952,1.557,,,,,,,
33,Right,23,0.0000,0.0000,0.0307,0.1662,0.0354,-0.0528,0.9840,1.557,,,,,,,
33,Right,24,0.0000,0.0000,0.0203,0.0186,-0.0491,0.0008,0.9986,1.557,,,,,,,
33,Right,25,-0.0002,0.0012,0.0219,0.0000,0.0000,0.0000,1.0000,1.557,,,,,,,
34,Left,0,0.0026,-0.0052,0.0650,0.0000,0.0000,0.0000,1.0000,1.598,,,,,,,
34,Left,1,0.0000,0.0000,0.0000,0.0000,0.0000,0.0000,1.0000,1.598,-0.0757,0.2431,-0.0145,0.3910,-0.7730,0.4547,0.2067
34,Left,2,0.0299,-0.0166,0.0348,-0.1741,0.2319,-0.5449,0.7868,1.598,,,,,,,
34,Left,3,0.0000,0.0000,0.0325,0.0781,-0.0635,0.0831,0.9914,1.598,,,,,,,
34,Left,4,0.0000,0.0000,0.0338,-0.0834,0.0670,-0.0839,0.9907,1.598,,,,,,,
34,Left,5,-0.0007,0.0010,0.0246,0.0000,0.0000,0.0000,1.0000,1.598,,,,,,,
34,Left,6,0.0197,-0.0098,0.0366,0.0000,0.0000,0.0000,1.0000,1.598,,,,,,,
34,Left,7,0.0039,0.0025,0.0594,0.1023,-0.0353,-0.0306,0.9937,1.598,,,,,,,
34,Left,8,0.0000,0.0000,0.0379,0.1605,-0.0030,0.0263,0.9867,1.598,,,,,,,
34,Left,9,0.0000,0.0000,0.0243,0.0740,-0.0247,0.0168,0.9968,1.598,,,,,,,
34,Left,10,-0.0003,0.0010,0.0224,0.0000,0.0000,0.0000,1.0000,1.598,,,,,,,
34,Left,11,0.0034,-0.0078,0.0344,0.0000,0.0000,0.0000,1.0000,1.598,,,,,,,
34,Left,12,-0.0017,0.0052,0.0612,0.1614,-0.0729,0.0168,0.9841,1.598,,,,,,,
34,Left,13,0.0000,0.0000,0.0429,0.1142,-0.0030,0.0119,0.9934,1.598,,,,,,,
34,Left,14,0.0000,0.0000,0.0275,0.0160,0.0001,0.0452,0.9988,1.598,,,,,,,
34,Left,15,-0.0003,0.0011,0.0250,0.0000,0.0000,0.0000,1.0000,1.598,,,,,,,
34,Left,16,-0.0150,-0.0060,0.0348,0.0000,0.0000,0.0000,1.0000,1.598,,,,,,,
34,Left,17,-0.0025,-0.0005,0.0539,0.1349,-0.0917,0.0607,0.9847,1.598,,,,,,,
34,Left,18,0.0000,0.0000,0.0390,0.1147,0.0009,0.0362,0.9927,1.598,,,,,,,
34,Left,19,0.0000,0.0000,0.0266,0.0603,0.0295,0.0075,0.9977,1.598,,,,,,,
34,Left,20,-0.0003,0.0016,0.0243,0.0000,0.0000,0.0000,1.0000,1.598,,,,,,,
34,Left,21,-0.0230,-0.0094,0.0341,0.0183,-0.1403,0.2070,0.9680,1.598,,,,,,,
34,Left,22,0.0000,0.0000,0.0457,0.0321,0.0105,-0.0911,0.9953,1.598,,,,,,,
34,Left,23,0.0000,0.0000,0.0307,0.1876,-0.0344,0.0546,0.9801,1.598,,,,,,,
34,Left,24,0.0000,0.0000,0.0203,0.0507,0.0491,-0.0009,0.9975,1.598,,,,,,,
34,Left,25,0.0002,0.0012,0.0219,0.0000,0.0000,0.0000,1.0000,1.598,,,,,,,
34,Right,0,-0.0028,-0.0050,0.0648,0.0000,0.0000,0.0000,1.0000,1.598,,,,,,,
34,Right,1,0.0000,0.0000,0.0000,0.0000,0.0000,0.0000,1.0000,1.598,0.0687,0.2423,0.0811,-0.5896,-0.0374,0.2569,-0.7648
34,Right,2,-0.0308,-0.0150,0.0339,-0.1223,-0.3539,0.5447,0.7504,1.598,,,,,,,
34,Right,3,0.0000,0.0000,0.0325,0.1869,0.0534,-0.0821,0.9775,1.598,,,,,,,
34,Right,4,0.0000,0.0000,0.0338,0.0214,-0.0585,0.0818,0.9947,1.598,,,,,,,
34,Right,5,0.0007,0.0010,0.0246,0.0000,0.0000,0.0000,1.0000,1.598,,,,,,,
34,Right,6,-0.0201,-0.0089,0.0362,0.0000,0.0000,0.0000,1.0000,1.598,,,,,,,
34,Right,7,-0.0034,0.0016,0.0598,0.0709,0.0328,0.0308,0.9965,1.598,,,,,,,
34,Right,8,0.0000,0.0000,0.0379,0.1429,0.0034,-0.0263,0.9894,1.598,,,,,,,
34,Right,9,0.0000,0.0000,0.0243,0.0297,0.0255,-0.0166,0.9991,1.598,,,,,,,
34,Right,10,0.0003,0.0010,0.0224,0.0000,0.0000,0.0000,1.0000,1.598,,,,,,,
34,Right,11,-0.0039,-0.0074,0.0340,0.0000,0.0000,0.0000,1.0000,1.598,,,,,,,
34,Right,12,0.0022,0.0048,0.0616,0.1262,0.0784,-0.0148,0.9888,1.598,,,,,,,
34,Right,13,0.0000,0.0000,0.0429,0.1233,0.0029,-0.0119,0.9923,1.598,,,,,,,
34,Right,14,0.0000,0.0000,0.0275,-0.0040,0.0007,-0.0432,0.9991,1.598,,,,,,,
34,Right,15,0.0003,0.0011,0.0250,0.0000,0.0000,0.0000,1.0000,1.598,,,,,,,
34,Right,16,0.0150,-0.0060,0.0348,0.0000,0.0000,0.0000,1.0000,1.598,,,,,,,
34,Right,17,0.0025,-0.0005,0.0539,0.1036,0.1003,-0.0584,0.9878,1.598,,,,,,,
34,Right,18,0.0000,0.0000,0.0390,0.1196,-0.0011,-0.0363,0.9922,1.598,,,,,,,
34,Right,19,0.0000,0.0000,0.0266,0.0467,-0.0295,-0.0068,0.9985,1.598,,,,,,,
34,Right,20,0.0003,0.0016,0.0243,0.0000,0.0000,0.0000,1.0000,1.598,,,,,,,
34,Right,21,0.0230,-0.0094,0.0341,0.0183,0.1403,-0.2070,0.9680,1.598,,,,,,,
34,Right,22,0.0000,0.0000,0.0457,-0.0223,0.0174,0.0941,0.9952,1.598,,,,,,,
34,Right,23,0.0000,0.0000,0.0307,0.1654,0.0354,-0.0528,0.9842,1.598,,,,,,,
34,Right,24,0.0000,0.0000,0.0203,0.0174,-0.0491,0.0008,0.9986,1.598,,,,,,,
34,Right,25,-0.0002,0.0012,0.0219,0.0000,0.0000,0.0000,1.0000,1.598,,,,,,,
35,Left,0,0.0026,-0.0051,0.0650,0.0000,0.0000,0.0000,1.0000,1.639,,,,,,,
35,Left,1,0.0000,0.0000,0.0000,0.0000,0.0000,0.0000,1.0000,1.639,-0.0750,0.2439,-0.0160,0.3913,-0.7731,0.4559,0.2033
35,Left,2,0.0300,-0.0165,0.0347,-0.1759,0.2324,-0.5424,0.7880,1.639,,,,,,,
35,Left,3,0.0000,0.0000,0.0325,0.0755,-0.0637,0.0831,0.9916,1.639,,,,,,,
35,Left,4,0.0000,0.0000,0.0338,-0.0831,0.0670,-0.0839,0.9907,1.639,,,,,,,
35,Left,5,-0.0007,0.0010,0.0246,0.0000,0.0000,0.0000,1.0000,1.639,,,,,,,
35,Left,6,0.0197,-0.0097,0.0366,0.0000,0.0000,0.0000,1.0000,1.639,,,,,,,
35,Left,7,0.0039,0.0024,0.0594,0.1031,-0.0367,-0.0306,0.9935,1.639,,,,,,,
35,Left,8,0.0000,0.0000,0.0379,0.1600,-0.0030,0.0263,0.9868,1.639,,,,,,,
35,Left,9,0.0000,0.0000,0.0243,0.0731,-0.0248,0.0168,0.9969,1.639,,,,,,,
35,Left,10,-0.0003,0.0010,0.0224,0.0000,0.0000,0.0000,1.0000,1.639,,,,,,,
35,Left,11,0.0035,-0.0078,0.0344,0.0000,0.0000,0.0000,1.0000,1.639,,,,,,,
35,Left,12,-0.0018,0.0052,0.0613,0.1630,-0.0726,0.0169,0.9838,1.639,,,,,,,
35,Left,13,0.0000,0.0000,0.0429,0.1139,-0.0030,0.0119,0.9934,1.639,,,,,,,
35,Left,14,0.0000,0.0000,0.0275,0.0149,0.0001,0.0451,0.9989,1.639,,,,,,,
35,Left,15,-0.0003,0.0011,0.0250,0.0000,0.0000,0.0000,1.0000,1.639,,,,,,,
35,Left,16,-0.0150,-0.0060,0.0348,0.0000,0.0000,0.0000,1.0000,1.639,,,,,,,
35,Left,17,-0.0025,-0.0005,0.0539,0.1361,-0.0916,0.0608,0.9846,1.639,,,,,,,
35,Left,18,0.0000,0.0000,0.0390,0.1148,0.0009,0.0362,0.9927,1.639,,,,,,,
35,Left,19,0.0000,0.0000,0.0266,0.0594,0.0295,0.0074,0.9978,1.639,,,,,,,
35,Left,20,-0.0003,0.0016,0.0243,0.0000,0.0000,0.0000,1.0000,1.639,,,,,,,
35,Left,21,-0.0230,-0.0094,0.0341,0.0183,-0.1403,0.2070,0.9680,1.639,,,,,,,
35,Left,22,0.0000,0.0000,0.0457,0.0312,0.0089,-0.0911,0.9953,1.639,,,,,,,
35,Left,23,0.0000,0.0000,0.0307,0.1870,-0.0344,0.0545,0.9803,1.639,,,,,,,
35,Left,24,0.0000,0.0000,0.0203,0.0494,0.0491,-0.0009,0.9976,1.639,,,,,,,
35,Left,25,0.0002,0.0012,0.0219,0.0000,0.0000,0.0000,1.0000,1.639,,,,,,,
35,Right,0,-0.0028,-0.0049,0.0648,0.0000,0.0000,0.0000,1.0000,1.639,,,,,,,
35,Right,1,0.0000,0.0000,0.0000,0.0000,0.0000,0.0000,1.0000,1.639,0.0673,0.2423,0.0831,-0.5922,-0.0296,0.2533,-0.7643
35,Right,2,-0.0309,-0.0149,0.0339,-0.1233,-0.3542,0.5437,0.7508,1.639,,,,,,,
35,Right,3,0.0000,0.0000,0.0325,0.1873,0.0534,-0.0821,0.9774,1.639,,,,,,,
35,Right,4,0.0000,0.0000,0.0338,0.0277,-0.0580,0.0816,0.9946,1.639,,,,,,,
35,Right,5,0.0007,0.0010,0.0246,0.0000,0.0000,0.0000,1.0000,1.639,,,,,,,
35,Right,6,-0.0201,-0.0089,0.0362,0.0000,0.0000,0.0000,1.0000,1.639,,,,,,,
35,Right,7,-0.0034,0.0016,0.0598,0.0696,0.0336,0.0308,0.9965,1.639,,,,,,,
35,Right,8,0.0000,0.0000,0.0379,0.1423,0.0034,-0.0263,0.9895,1.639,,,,,,,
35,Right,9,0.0000,0.0000,0.0243,0.0298,0.0255,-0.0166,0.9991,1.639,,,,,,,
35,Right,10,0.0003,0.0010,0.0224,0.0000,0.0000,0.0000,1.0000,1.639,,,,,,,
35,Right,11,-0.0039,-0.0074,0.0340,0.0000,0.0000,0.0000,1.0000,1.639,,,,,,,
35,Right,12,0.0022,0.0048,0.0616,0.1255,0.0790,-0.0148,0.9888,1.639,,,,,,,
35,Right,13,0.0000,0.0000,0.0429,0.1230,0.0029,-0.0119,0.9923,1.639,,,,,,,
35,Right,14,0.0000,0.0000,0.0275,-0.0047,0.0008,-0.0432,0.9991,1.639,,,,,,,
35,Right,15,0.0003,0.0011,0.0250,0.0000,0.0000,0.0000,1.0000,1.639,,,,,,,
35,Right,16,0.0150,-0.0060,0.0348,0.0000,0.0000,0.0000,1.0000,1.639,,,,,,,
35,Right,17,0.0025,-0.0005,0.0539,0.1048,0.1008,-0.0585,0.9876,1.639,,,,,,,
35,Right,18,0.0000,0.0000,0.0390,0.1191,-0.0010,-0.0363,0.9922,1.639,,,,,,,
35,Right,19,0.0000,0.0000,0.0266,0.0463,-0.0295,-0.0068,0.9985,1.639,,,,,,,
35,Right,20,0.0003,0.0016,0.0243,0.0000,0.0000,0.0000,1.0000,1.639,,,,,,,
35,Right,21,0.0230,-0.0094,0.0341,0.0183,0.1403,-0.2070,0.9680,1.639,,,,,,,
35,Right,22,0.0000,0.0000,0.0457,-0.0235,0.0189,0.0942,0.9951,1.639,,,,,,,
35,Right,23,0.0000,0.0000,0.0307,0.1647,0.0354,-0.0527,0.9843,1.639,,,,,,,
35,Right,24,0.0000,0.0000,0.0203,0.0162,-0.0491,0.0008,0.9987,1.639,,,,,,,
35,Right,25,-0.0002,0.0012,0.0219,0.0000,0.0000,0.0000,1.0000,1.639,,,,,,,
36,Left,0,0.0026,-0.0051,0.0650,0.0000,0.0000,0.0000,1.0000,1.681,,,,,,,
36,Left,1,0.0000,0.0000,0.0000,0.0000,0.0000,0.0000,1.0000,1.681,-0.0742,0.2444,-0.0180,0.3921,-0.7726,0.4573,0.2006
36,Left,2,0.0300,-0.0164,0.0346,-0.1779,0.2328,-0.5397,0.7892,1.681,,,,,,,
36,Left,3,0.0000,0.0000,0.0325,0.0715,-0.0641,0.0831,0.9919,1.681,,,,,,,
36,Left,4,0.0000,0.0000,0.0338,-0.0827,0.0669,-0.0839,0.9908,1.681,,,,,,,
36,Left,5,-0.0007,0.0010,0.0246,0.0000,0.0000,0.0000,1.0000,1.681,,,,,,,
36,Left,6,0.0197,-0.0097,0.0365,0.0000,0.0000,0.0000,1.0000,1.681,,,,,,,
36,Left,7,0.0038,0.0023,0.0595,0.1046,-0.0377,-0.0305,0.9933,1.681,,,,,,,
36,Left,8,0.0000,0.0000,0.0379,0.1609,-0.0029,0.0263,0.9866,1.681,,,,,,,
36,Left,9,0.0000,0.0000,0.0243,0.0729,-0.0248,0.0168,0.9969,1.681,,,,,,,
36,Left,10,-0.0003,0.0010,0.0224,0.0000,0.0000,0.0000,1.0000,1.681,,,,,,,
36,Left,11,0.0035,-0.0077,0.0344,0.0000,0.0000,0.0000,1.0000,1.681,,,,,,,
36,Left,12,-0.0018,0.0052,0.0613,0.1650,-0.0724,0.0170,0.9835,1.681,,,,,,,
36,Left,13,0.0000,0.0000,0.0429,0.1151,-0.0030,0.0119,0.9933,1.681,,,,,,,
36,Left,14,0.0000,0.0000,0.0275,0.0145,0.0001,0.0450,0.9989,1.681,,,,,,,
36,Left,15,-0.0003,0.0011,0.0250,0.0000,0.0000,0.0000,1.0000,1.681,,,,,,,
36,Left,16,-0.0150,-0.0060,0.0348,0.0000,0.0000,0.0000,1.0000,1.681,,,,,,,
36,Left,17,-0.0025,-0.0005,0.0539,0.1374,-0.0918,0.0610,0.9844,1.681,,,,,,,
36,Left,18,0.0000,0.0000,0.0390,0.1165,0.0009,0.0362,0.9925,1.681,,,,,,,
36,Left,19,0.0000,0.0000,0.0266,0.0592,0.0295,0.0074,0.9978,1.681,,,,,,,
36,Left,20,-0.0003,0.0016,0.0243,0.0000,0.0000,0.0000,1.0000,1.681,,,,,,,
36,Left,21,-0.0230,-0.0094,0.0341,0.0183,-0.1403,0.2070,0.9680,1.681,,,,,,,
36,Left,22,0.0000,0.0000,0.0457,0.0304,0.0064,-0.0911,0.9954,1.681,,,,,,,
36,Left,23,0.0000,0.0000,0.0307,0.1877,-0.0344,0.0546,0.9801,1.681,,,,,,,
36,Left,24,0.0000,0.0000,0.0203,0.0485,0.0491,-0.0009,0.9976,1.681,,,,,,,
36,Left,25,0.0002,0.0012,0.0219,0.0000,0.0000,0.0000,1.0000,1.681,,,,,,,
36,Right,0,-0.0028,-0.0049,0.0648,0.0000,0.0000,0.0000,1.0000,1.681,,,,,,,
36,Right,1,0.0000,0.0000,0.0000,0.0000,0.0000,0.0000,1.0000,1.681,0.0660,0.2423,0.0854,-0.5949,-0.0228,0.2495,-0.7638
36,Right,2,-0.0309,-0.0149,0.0339,-0.1237,-0.3550,0.5430,0.7509,1.681,,,,,,,
36,Right,3,0.0000,0.0000,0.0325,0.1877,0.0533,-0.0821,0.9773,1.681,,,,,,,
36,Right,4,0.0000,0.0000,0.0338,0.0333,-0.0575,0.0815,0.9945,1.681,,,,,,,
36,Right,5,0.0007,0.0010,0.0246,0.0000,0.0000,0.0000,1.0000,1.681,,,,,,,
36,Right,6,-0.0202,-0.0089,0.0361,0.0000,0.0000,0.0000,1.0000,1.681,,,,,,,
36,Right,7,-0.0034,0.0016,0.0598,0.0683,0.0348,0.0308,0.9966,1.681,,,,,,,
36,Right,8,0.0000,0.0000,0.0379,0.1420,0.0035,-0.0263,0.9895,1.681,,,,,,,
36,Right,9,0.0000,0.0000,0.0243,0.0300,0.0255,-0.0166,0.9991,1.681,,,,,,,
36,Right,10,0.0003,0.0010,0.0224,0.0000,0.0000,0.0000,1.0000,1.681,,,,,,,
36,Right,11,-0.0039,-0.0073,0.0340,0.0000,0.0000,0.0000,1.0000,1.681,,,,,,,
36,Right,12,0.0022,0.0048,0.0617,0.1253,0.0799,-0.0148,0.9888,1.681,,,,,,,
36,Right,13,0.0000,0.0000,0.0429,0.1230,0.0029,-0.0119,0.9923,1.681,,,,,,,
36,Right,14,0.0000,0.0000,0.0275,-0.0051,0.0008,-0.0431,0.9991,1.681,,,,,,,
36,Right,15,0.0003,0.0011,0.0250,0.0000,0.0000,0.0000,1.0000,1.681,,,,,,,
36,Right,16,0.0150,-0.0060,0.0348,0.0000,0.0000,0.0000,1.0000,1.681,,,,,,,
36,Right,17,0.0025,-0.0005,0.0539,0.1062,0.1015,-0.0587,0.9874,1.681,,,,,,,
36,Right,18,0.0000,0.0000,0.0390,0.1188,-0.0010,-0.0363,0.9923,1.681,,,,,,,
36,Right,19,0.0000,0.0000,0.0266,0.0461,-0.0295,-0.0068,0.9985,1.681,,,,,,,
36,Right,20,0.0003,0.0016,0.0243,0.0000,0.0000,0.0000,1.0000,1.681,,,,,,,
36,Right,21,0.0230,-0.0094,0.0341,0.0183,0.1403,-0.2070,0.9680,1.681,,,,,,,
36,Right,22,0.0000,0.0000,0.0457,-0.0242,0.0206,0.0943,0.9950,1.681,,,,,,,
36,Right,23,0.0000,0.0000,0.0307,0.1643,0.0354,-0.0527,0.9844,1.681,,,,,,,
36,Right,24,0.0000,0.0000,0.0203,0.0150,-0.0492,0.0008,0.9987,1.681,,,,,,,
36,Right,25,-0.0002,0.0012,0.0219,0.0000,0.0000,0.0000,1.0000,1.681,,,,,,,
37,Left,0,0.0026,-0.0051,0.0650,0.0000,0.0000,0.0000,1.0000,1.723,,,,,,,
37,Left,1,0.0000,0.0000,0.0000,0.0000,0.0000,0.0000,1.0000,1.723,-0.0735,0.2441,-0.0196,0.3946,-0.7715,0.4598,0.1941
37,Left,2,0.0301,-0.0162,0.0346,-0.1809,0.2329,-0.5359,0.7911,1.723,,,,,,,
37,Left,3,0.0000,0.0000,0.0325,0.0655,-0.0646,0.0832,0.9923,1.723,,,,,,,
37,Left,4,0.0000,0.0000,0.0338,-0.0822,0.0669,-0.0839,0.9908,1.723,,,,,,,
37,Left,5,-0.0007,0.0010,0.0246,0.0000,0.0000,0.0000,1.0000,1.723,,,,,,,
37,Left,6,0.0198,-0.0096,0.0365,0.0000,0.0000,0.0000,1.0000,1.723,,,,,,,
37,Left,7,0.0038,0.0023,0.0595,0.1060,-0.0381,-0.0305,0.9932,1.723,,,,,,,
37,Left,8,0.0000,0.0000,0.0379,0.1626,-0.0029,0.0263,0.9863,1.723,,,,,,,
37,Left,9,0.0000,0.0000,0.0243,0.0729,-0.0248,0.0168,0.9969,1.723,,,,,,,
37,Left,10,-0.0003,0.0010,0.0224,0.0000,0.0000,0.0000,1.0000,1.723,,,,,,,
37,Left,11,0.0036,-0.0077,0.0343,0.0000,0.0000,0.0000,1.0000,1.723,,,,,,,
37,Left,12,-0.0018,0.0051,0.0613,0.1660,-0.0724,0.0171,0.9833,1.723,,,,,,,
37,Left,13,0.0000,0.0000,0.0429,0.1182,-0.0030,0.0119,0.9929,1.723,,,,,,,
37,Left,14,0.0000,0.0000,0.0275,0.0148,0.0001,0.0451,0.9989,1.723,,,,,,,
37,Left,15,-0.0003,0.0011,0.0250,0.0000,0.0000,0.0000,1.0000,1.723,,,,,,,
37,Left,16,-0.0150,-0.0060,0.0348,0.0000,0.0000,0.0000,1.0000,1.723,,,,,,,
37,Left,17,-0.0025,-0.0005,0.0539,0.1387,-0.0924,0.0611,0.9841,1.723,,,,,,,
37,Left,18,0.0000,0.0000,0.0390,0.1236,0.0012,0.0364,0.9917,1.723,,,,,,,
37,Left,19,0.0000,0.0000,0.0266,0.0597,0.0295,0.0074,0.9978,1.723,,,,,,,
37,Left,20,-0.0003,0.0016,0.0243,0.0000,0.0000,0.0000,1.0000,1.723,,,,,,,
37,Left,21,-0.0230,-0.0094,0.0341,0.0183,-0.1403,0.2070,0.9680,1.723,,,,,,,
37,Left,22,0.0000,0.0000,0.0457,0.0299,-0.0003,-0.0910,0.9954,1.723,,,,,,,
37,Left,23,0.0000,0.0000,0.0307,0.1899,-0.0343,0.0547,0.9797,1.723,,,,,,,
37,Left,24,0.0000,0.0000,0.0203,0.0481,0.0491,-0.0009,0.9976,1.723,,,,,,,
37,Left,25,0.0002,0.0012,0.0219,0.0000,0.0000,0.0000,1.0000,1.723,,,,,,,
37,Right,0,-0.0028,-0.0049,0.0648,0.0000,0.0000,0.0000,1.0000,1.723,,,,,,,
37,Right,1,0.0000,0.0000,0.0000,0.0000,0.0000,0.0000,1.0000,1.723,0.0652,0.2421,0.0867,-0.5965,-0.0169,0.2471,-0.7635
37,Right,2,-0.0309,-0.0148,0.0339,-0.1239,-0.3564,0.5422,0.7508,1.723,,,,,,,
37,Right,3,0.0000,0.0000,0.0325,0.1881,0.0533,-0.0821,0.9773,1.723,,,,,,,
37,Right,4,0.0000,0.0000,0.0338,0.0379,-0.0572,0.0814,0.9943,1.723,,,,,,,
37,Right,5,0.0007,0.0010,0.0246,0.0000,0.0000,0.0000,1.0000,1.723,,,,,,,
37,Right,6,-0.0202,-0.0089,0.0361,0.0000,0.0000,0.0000,1.0000,1.723,,,,,,,
37,Right,7,-0.0034,0.0015,0.0599,0.0679,0.0361,0.0308,0.9966,1.723,,,,,,,
37,Right,8,0.0000,0.0000,0.0379,0.1418,0.0035,-0.0263,0.9895,1.723,,,,,,,
37,Right,9,0.0000,0.0000,0.0243,0.0303,0.0255,-0.0166,0.9991,1.723,,,,,,,
37,Right,10,0.0003,0.0010,0.0224,0.0000,0.0000,0.0000,1.0000,1.723,,,,,,,
37,Right,11,-0.0040,-0.0073,0.0340,0.0000,0.0000,0.0000,1.0000,1.723,,,,,,,
37,Right,12,0.0022,0.0048,0.0617,0.1258,0.0808,-0.0149,0.9886,1.723,,,,,,,
37,Right,13,0.0000,0.0000,0.0429,0.1234,0.0029,-0.0119,0.9923,1.723,,,,,,,
37,Right,14,0.0000,0.0000,0.0275,-0.0053,0.0008,-0.0431,0.9991,1.723,,,,,,,
37,Right,15,0.0003,0.0011,0.0250,0.0000,0.0000,0.0000,1.0000,1.723,,,,,,,
37,Right,16,0.0150,-0.0060,0.0348,0.0000,0.0000,0.0000,1.0000,1.723,,,,,,,
37,Right,17,0.0025,-0.0005,0.0539,0.1077,0.1023,-0.0589,0.9872,1.723,,,,,,,
37,Right,18,0.0000,0.0000,0.0390,0.1189,-0.0010,-0.0363,0.9922,1.723,,,,,,,
37,Right,19,0.0000,0.0000,0.0266,0.0462,-0.0295,-0.0068,0.9985,1.723,,,,,,,
37,Right,20,0.0003,0.0016,0.0243,0.0000,0.0000,0.0000,1.0000,1.723,,,,,,,
37,Right,21,0.0230,-0.0094,0.0341,0.0183,0.1403,-0.2070,0.9680,1.723,,,,,,,
37,Right,22,0.0000,0.0000,0.0457,-0.0246,0.0224,0.0944,0.9950,1.723,,,,,,,
37,Right,23,0.0000,0.0000,0.0307,0.1645,0.0354,-0.0527,0.9843,1.723,,,,,,,
37,Right,24,0.0000,0.0000,0.0203,0.0140,-0.0492,0.0008,0.9987,1.723,,,,,,,
37,Right,25,-0.0002,0.0012,0.0219,0.0000,0.0000,0.0000,1.0000,1.723,,,,,,,
38,Left,0,0.0027,-0.0051,0.0650,0.0000,0.0000,0.0000,1.0000,1.765,,,,,,,
38,Left,1,0.0000,0.0000,0.0000,0.0000,0.0000,0.0000,1.0000,1.765,-0.0729,0.2433,-0.0212,0.3942,-0.7723,0.4650,0.1790
38,Left,2,0.0302,-0.0160,0.0345,-0.1842,0.2325,-0.5318,0.7932,1.765,,,,,,,
38,Left,3,0.0000,0.0000,0.0325,0.0566,-0.0654,0.0832,0.9928,1.765,,,,,,,
38,Left,4,0.0000,0.0000,0.0338,-0.0820,0.0669,-0.0839,0.9908,1.765,,,,,,,
38,Left,5,-0.0007,0.0010,0.0246,0.0000,0.0000,0.0000,1.0000,1.765,,,,,,,
38,Left,6,0.0198,-0.0095,0.0364,0.0000,0.0000,0.0000,1.0000,1.765,,,,,,,
38,Left,7,0.0037,0.0022,0.0596,0.1062,-0.0382,-0.0305,0.9931,1.765,,,,,,,
38,Left,8,0.0000,0.0000,0.0379,0.1633,-0.0029,0.0263,0.9862,1.765,,,,,,,
38,Left,9,0.0000,0.0000,0.0243,0.0726,-0.0248,0.0168,0.9969,1.765,,,,,,,
38,Left,10,-0.0003,0.0010,0.0224,0.0000,0.0000,0.0000,1.0000,1.765,,,,,,,
38,Left,11,0.0036,-0.0076,0.0343,0.0000,0.0000,0.0000,1.0000,1.765,,,,,,,
38,Left,12,-0.0019,0.0051,0.0614,0.1660,-0.0726,0.0171,0.9833,1.765,,,,,,,
38,Left,13,0.0000,0.0000,0.0429,0.1237,-0.0029,0.0120,0.9922,1.765,,,,,,,
38,Left,14,0.0000,0.0000,0.0275,0.0154,0.0001,0.0451,0.9989,1.765,,,,,,,
38,Left,15,-0.0003,0.0011,0.0250,0.0000,0.0000,0.0000,1.0000,1.765,,,,,,,
38,Left,16,-0.0150,-0.0060,0.0348,0.0000,0.0000,0.0000,1.0000,1.765,,,,,,,
38,Left,17,-0.0025,-0.0005,0.0539,0.1395,-0.0932,0.0613,0.9839,1.765,,,,,,,
38,Left,18,0.0000,0.0000,0.0390,0.1335,0.0015,0.0366,0.9904,1.765,,,,,,,
38,Left,19,0.0000,0.0000,0.0266,0.0608,0.0295,0.0075,0.9977,1.765,,,,,,,
38,Left,20,-0.0003,0.0016,0.0243,0.0000,0.0000,0.0000,1.0000,1.765,,,,,,,
38,Left,21,-0.0230,-0.0094,0.0341,0.0183,-0.1403,0.2070,0.9680,1.765,,,,,,,
38,Left,22,0.0000,0.0000,0.0457,0.0296,-0.0065,-0.0909,0.9954,1.765,,,,,,,
38,Left,23,0.0000,0.0000,0.0307,0.1954,-0.0340,0.0552,0.9786,1.765,,,,,,,
38,Left,24,0.0000,0.0000,0.0203,0.0485,0.0491,-0.0009,0.9976,1.765,,,,,,,
38,Left,25,0.0002,0.0012,0.0219,0.0000,0.0000,0.0000,1.0000,1.765,,,,,,,
38,Right,0,-0.0029,-0.0049,0.0648,0.0000,0.0000,0.0000,1.0000,1.765,,,,,,,
38,Right,1,0.0000,0.0000,0.0000,0.0000,0.0000,0.0000,1.0000,1.765,0.0646,0.2417,0.0879,-0.5985,-0.0068,0.2433,-0.7633
38,Right,2,-0.0310,-0.0147,0.0338,-0.1255,-0.3573,0.5403,0.7514,1.765,,,,,,,
38,Right,3,0.0000,0.0000,0.0325,0.1878,0.0533,-0.0821,0.9773,1.765,,,,,,,
38,Right,4,0.0000,0.0000,0.0338,0.0422,-0.0568,0.0813,0.9942,1.765,,,,,,,
38,Right,5,0.0007,0.0010,0.0246,0.0000,0.0000,0.0000,1.0000,1.765,,,,,,,
38,Right,6,-0.0202,-0.0088,0.0361,0.0000,0.0000,0.0000,1.0000,1.765,,,,,,,
38,Right,7,-0.0034,0.0015,0.0599,0.0681,0.0373,0.0307,0.9965,1.765,,,,,,,
38,Right,8,0.0000,0.0000,0.0379,0.1415,0.0035,-0.0263,0.9896,1.765,,,,,,,
38,Right,9,0.0000,0.0000,0.0243,0.0306,0.0255,-0.0166,0.9991,1.765,,,,,,,
38,Right,10,0.0003,0.0010,0.0224,0.0000,0.0000,0.0000,1.0000,1.765,,,,,,,
38,Right,11,-0.0040,-0.0073,0.0339,0.0000,0.0000,0.0000,1.0000,1.765,,,,,,,
38,Right,12,0.0023,0.0048,0.0617,0.1264,0.0816,-0.0150,0.9885,1.765,,,,,,,
38,Right,13,0.0000,0.0000,0.0429,0.1235,0.0029,-0.0120,0.9923,1.765,,,,,,,
38,Right,14,0.0000,0.0000,0.0275,-0.0057,0.0008,-0.0431,0.9991,1.765,,,,,,,
38,Right,15,0.0003,0.0011,0.0250,0.0000,0.0000,0.0000,1.0000,1.765,,,,,,,
38,Right,16,0.0150,-0.0060,0.0348,0.0000,0.0000,0.0000,1.0000,1.765,,,,,,,
38,Right,17,0.0025,-0.0005,0.0539,0.1086,0.1031,-0.0590,0.9870,1.765,,,,,,,
38,Right,18,0.0000,0.0000,0.0390,0.1192,-0.0010,-0.0363,0.9922,1.765,,,,,,,
38,Right,19,0.0000,0.0000,0.0266,0.0463,-0.0295,-0.0068,0.9985,1.765,,,,,,,
38,Right,20,0.0003,0.0016,0.0243,0.0000,0.0000,0.0000,1.0000,1.765,,,,,,,
38,Right,21,0.0230,-0.0094,0.0341,0.0183,0.1403,-0.2070,0.9680,1.765,,,,,,,
38,Right,22,0.0000,0.0000,0.0457,-0.0252,0.0240,0.0945,0.9949,1.765,,,,,,,
38,Right,23,0.0000,0.0000,0.0307,0.1650,0.0354,-0.0527,0.9842,1.765,,,,,,,
38,Right,24,0.0000,0.0000,0.0203,0.0131,-0.0492,0.0008,0.9987,1.765,,,,,,,
38,Right,25,-0.0002,0.0012,0.0219,0.0000,0.0000,0.0000,1.0000,1.765,,,,,,,
39,Left,0,0.0027,-0.0051,0.0649,0.0000,0.0000,0.0000,1.0000,1.806,,,,,,,
39,Left,1,0.0000,0.0000,0.0000,0.0000,0.0000,0.0000,1.0000,1.806,-0.0728,0.2428,-0.0223,0.3929,-0.7726,0.4708,0.1643
39,Left,2,0.0303,-0.0159,0.0344,-0.1871,0.2319,-0.5283,0.7950,1.806,,,,,,,
39,Left,3,0.0000,0.0000,0.0325,0.0485,-0.0661,0.0832,0.9932,1.806,,,,,,,
39,Left,4,0.0000,0.0000,0.0338,-0.0819,0.0669,-0.0839,0.9908,1.806,,,,,,,
39,Left,5,-0.0007,0.0010,0.0246,0.0000,0.0000,0.0000,1.0000,1.806,,,,,,,
39,Left,6,0.0199,-0.0094,0.0364,0.0000,0.0000,0.0000,1.0000,1.806,,,,,,,
39,Left,7,0.0037,0.0021,0.0596,0.1049,-0.0380,-0.0305,0.9933,1.806,,,,,,,
39,Left,8,0.0000,0.0000,0.0379,0.1624,-0.0029,0.0263,0.9864,1.806,,,,,,,
39,Left,9,0.0000,0.0000,0.0243,0.0719,-0.0248,0.0168,0.9970,1.806,,,,,,,
39,Left,10,-0.0003,0.0010,0.0224,0.0000,0.0000,0.0000,1.0000,1.806,,,,,,,
39,Left,11,0.0037,-0.0076,0.0342,0.0000,0.0000,0.0000,1.0000,1.806,,,,,,,
39,Left,12,-0.0019,0.0051,0.0614,0.1651,-0.0731,0.0171,0.9834,1.806,,,,,,,
39,Left,13,0.0000,0.0000,0.0429,0.1281,-0.0029,0.0120,0.9917,1.806,,,,,,,
39,Left,14,0.0000,0.0000,0.0275,0.0164,0.0002,0.0452,0.9988,1.806,,,,,,,
39,Left,15,-0.0003,0.0011,0.0250,0.0000,0.0000,0.0000,1.0000,1.806,,,,,,,
39,Left,16,-0.0150,-0.0060,0.0348,0.0000,0.0000,0.0000,1.0000,1.806,,,,,,,
39,Left,17,-0.0025,-0.0005,0.0539,0.1392,-0.0943,0.0613,0.9838,1.806,,,,,,,
39,Left,18,0.0000,0.0000,0.0390,0.1432,0.0018,0.0368,0.9890,1.806,,,,,,,
39,Left,19,0.0000,0.0000,0.0266,0.0623,0.0295,0.0076,0.9976,1.806,,,,,,,
39,Left,20,-0.0003,0.0016,0.0243,0.0000,0.0000,0.0000,1.0000,1.806,,,,,,,
39,Left,21,-0.0230,-0.0094,0.0341,0.0183,-0.1403,0.2070,0.9680,1.806,,,,,,,
39,Left,22,0.0000,0.0000,0.0457,0.0293,-0.0104,-0.0908,0.9954,1.806,,,,,,,
39,Left,23,0.0000,0.0000,0.0307,0.2053,-0.0335,0.0560,0.9765,1.806,,,,,,,
39,Left,24,0.0000,0.0000,0.0203,0.0499,0.0491,-0.0009,0.9976,1.806,,,,,,,
39,Left,25,0.0002,0.0012,0.0219,0.0000,0.0000,0.0000,1.0000,1.806,,,,,,,
39,Right,0,-0.0029,-0.0049,0.0648,0.0000,0.0000,0.0000,1.0000,1.806,,,,,,,
39,Right,1,0.0000,0.0000,0.0000,0.0000,0.0000,0.0000,1.0000,1.806,0.0639,0.2415,0.0890,-0.6004,0.0027,0.2401,-0.7628
39,Right,2,-0.0311,-0.0144,0.0337,-0.1311,-0.3577,0.5347,0.7543,1.806,,,,,,,
39,Right,3,0.0000,0.0000,0.0325,0.1866,0.0534,-0.0821,0.9775,1.806,,,,,,,
39,Right,4,0.0000,0.0000,0.0338,0.0441,-0.0566,0.0812,0.9941,1.806,,,,,,,
39,Right,5,0.0007,0.0010,0.0246,0.0000,0.0000,0.0000,1.0000,1.806,,,,,,,
39,Right,6,-0.0203,-0.0087,0.0360,0.0000,0.0000,0.0000,1.0000,1.806,,,,,,,
39,Right,7,-0.0033,0.0013,0.0600,0.0684,0.0385,0.0307,0.9964,1.806,,,,,,,
39,Right,8,0.0000,0.0000,0.0379,0.1410,0.0035,-0.0263,0.9897,1.806,,,,,,,
39,Right,9,0.0000,0.0000,0.0243,0.0308,0.0255,-0.0166,0.9991,1.806,,,,,,,
39,Right,10,0.0003,0.0010,0.0224,0.0000,0.0000,0.0000,1.0000,1.806,,,,,,,
39,Right,11,-0.0041,-0.0072,0.0339,0.0000,0.0000,0.0000,1.0000,1.806,,,,,,,
39,Right,12,0.0023,0.0047,0.0618,0.1267,0.0822,-0.0151,0.9884,1.806,,,,,,,
39,Right,13,0.0000,0.0000,0.0429,0.1231,0.0029,-0.0119,0.9923,1.806,,,,,,,
39,Right,14,0.0000,0.0000,0.0275,-0.0063,0.0008,-0.0430,0.9991,1.806,,,,,,,
39,Right,15,0.0003,0.0011,0.0250,0.0000,0.0000,0.0000,1.0000,1.806,,,,,,,
39,Right,16,0.0150,-0.0060,0.0348,0.0000,0.0000,0.0000,1.0000,1.806,,,,,,,
39,Right,17,0.0025,-0.0005,0.0539,0.1089,0.1037,-0.0591,0.9869,1.806,,,,,,,
39,Right,18,0.0000,0.0000,0.0390,0.1192,-0.0010,-0.0363,0.9922,1.806,,,,,,,
39,Right,19,0.0000,0.0000,0.0266,0.0462,-0.0295,-0.0068,0.9985,1.806,,,,,,,
39,Right,20,0.0003,0.0016,0.0243,0.0000,0.0000,0.0000,1.0000,1.806,,,,,,,
39,Right,21,0.0230,-0.0094,0.0341,0.0183,0.1403,-0.2070,0.9680,1.806,,,,,,,
39,Right,22,0.0000,0.0000,0.0457,-0.0264,0.0254,0.0946,0.9948,1.806,,,,,,,
39,Right,23,0.0000,0.0000,0.0307,0.1657,0.0354,-0.0528,0.9841,1.806,,,,,,,
39,Right,24,0.0000,0.0000,0.0203,0.0122,-0.0492,0.0008,0.9987,1.806,,,,,,,
39,Right,25,-0.0002,0.0012,0.0219,0.0000,0.0000,0.0000,1.0000,1.806,,,,,,,
40,Left,0,0.0027,-0.0051,0.0649,0.0000,0.0000,0.0000,1.0000,1.848,,,,,,,
40,Left,1,0.0000,0.0000,0.0000,0.0000,0.0000,0.0000,1.0000,1.848,-0.0726,0.2426,-0.0228,0.3918,-0.7722,0.4756,0.1552
40,Left,2,0.0304,-0.0158,0.0343,-0.1895,0.2312,-0.5256,0.7965,1.848,,,,,,,
40,Left,3,0.0000,0.0000,0.0325,0.0425,-0.0666,0.0832,0.9934,1.848,,,,,,,
40,Left,4,0.0000,0.0000,0.0338,-0.0816,0.0668,-0.0839,0.9909,1.848,,,,,,,
40,Left,5,-0.0007,0.0010,0.0246,0.0000,0.0000,0.0000,1.0000,1.848,,,,,,,
40,Left,6,0.0199,-0.0093,0.0364,0.0000,0.0000,0.0000,1.0000,1.848,,,,,,,
40,Left,7,0.0036,0.0020,0.0596,0.1027,-0.0382,-0.0305,0.9935,1.848,,,,,,,
40,Left,8,0.0000,0.0000,0.0379,0.1614,-0.0029,0.0263,0.9865,1.848,,,,,,,
40,Left,9,0.0000,0.0000,0.0243,0.0713,-0.0248,0.0168,0.9970,1.848,,,,,,,
40,Left,10,-0.0003,0.0010,0.0224,0.0000,0.0000,0.0000,1.0000,1.848,,,,,,,
40,Left,11,0.0037,-0.0076,0.0342,0.0000,0.0000,0.0000,1.0000,1.848,,,,,,,
40,Left,12,-0.0020,0.0050,0.0614,0.1634,-0.0740,0.0171,0.9836,1.848,,,,,,,
40,Left,13,0.0000,0.0000,0.0429,0.1322,-0.0028,0.0120,0.9911,1.848,,,,,,,
40,Left,14,0.0000,0.0000,0.0275,0.0175,0.0002,0.0453,0.9988,1.848,,,,,,,
40,Left,15,-0.0003,0.0011,0.0250,0.0000,0.0000,0.0000,1.0000,1.848,,,,,,,
40,Left,16,-0.0150,-0.0060,0.0348,0.0000,0.0000,0.0000,1.0000,1.848,,,,,,,
40,Left,17,-0.0025,-0.0005,0.0539,0.1383,-0.0958,0.0614,0.9838,1.848,,,,,,,
40,Left,18,0.0000,0.0000,0.0390,0.1523,0.0022,0.0369,0.9876,1.848,,,,,,,
40,Left,19,0.0000,0.0000,0.0266,0.0640,0.0295,0.0076,0.9975,1.848,,,,,,,
40,Left,20,-0.0003,0.0016,0.0243,0.0000,0.0000,0.0000,1.0000,1.848,,,,,,,
40,Left,21,-0.0230,-0.0094,0.0341,0.0183,-0.1403,0.2070,0.9680,1.848,,,,,,,
40,Left,22,0.0000,0.0000,0.0457,0.0291,-0.0130,-0.0908,0.9954,1.848,,,,,,,
40,Left,23,0.0000,0.0000,0.0307,0.2199,-0.0328,0.0571,0.9733,1.848,,,,,,,
40,Left,24,0.0000,0.0000,0.0203,0.0521,0.0491,-0.0009,0.9974,1.848,,,,,,,
40,Left,25,0.0002,0.0012,0.0219,0.0000,0.0000,0.0000,1.0000,1.848,,,,,,,
40,Right,0,-0.0029,-0.0049,0.0647,0.0000,0.0000,0.0000,1.0000,1.848,,,,,,,
40,Right,1,0.0000,0.0000,0.0000,0.0000,0.0000,0.0000,1.0000,1.848,0.0634,0.2414,0.0901,-0.6017,0.0102,0.2381,-0.7623
40,Right,2,-0.0312,-0.0142,0.0336,-0.1350,-0.3570,0.5312,0.7564,1.848,,,,,,,
40,Right,3,0.0000,0.0000,0.0325,0.1849,0.0536,-0.0822,0.9779,1.848,,,,,,,
40,Right,4,0.0000,0.0000,0.0338,0.0463,-0.0564,0.0812,0.9940,1.848,,,,,,,
40,Right,5,0.0007,0.0010,0.0246,0.0000,0.0000,0.0000,1.0000,1.848,,,,,,,
40,Right,6,-0.0203,-0.0086,0.0360,0.0000,0.0000,0.0000,1.0000,1.848,,,,,,,
40,Right,7,-0.0032,0.0013,0.0600,0.0687,0.0396,0.0307,0.9964,1.848,,,,,,,
40,Right,8,0.0000,0.0000,0.0379,0.1403,0.0035,-0.0263,0.9898,1.848,,,,,,,
40,Right,9,0.0000,0.0000,0.0243,0.0311,0.0255,-0.0166,0.9991,1.848,,,,,,,
40,Right,10,0.0003,0.0010,0.0224,0.0000,0.0000,0.0000,1.0000,1.848,,,,,,,
40,Right,11,-0.0041,-0.0072,0.0338,0.0000,0.0000,0.0000,1.0000,1.848,,,,,,,
40,Right,12,0.0024,0.0046,0.0618,0.1272,0.0830,-0.0152,0.9883,1.848,,,,,,,
40,Right,13,0.0000,0.0000,0.0429,0.1227,0.0029,-0.0119,0.9924,1.848,,,,,,,
40,Right,14,0.0000,0.0000,0.0275,-0.0069,0.0009,-0.0429,0.9991,1.848,,,,,,,
40,Right,15,0.0003,0.0011,0.0250,0.0000,0.0000,0.0000,1.0000,1.848,,,,,,,
40,Right,16,0.0150,-0.0060,0.0348,0.0000,0.0000,0.0000,1.0000,1.848,,,,,,,
40,Right,17,0.0025,-0.0005,0.0539,0.1093,0.1044,-0.0592,0.9867,1.848,,,,,,,
40,Right,18,0.0000,0.0000,0.0390,0.1192,-0.0010,-0.0363,0.9922,1.848,,,,,,,
40,Right,19,0.0000,0.0000,0.0266,0.0460,-0.0295,-0.0068,0.9985,1.848,,,,,,,
40,Right,20,0.0003,0.0016,0.0243,0.0000,0.0000,0.0000,1.0000,1.848,,,,,,,
40,Right,21,0.0230,-0.0094,0.0341,0.0183,0.1403,-0.2070,0.9680,1.848,,,,,,,
40,Right,22,0.0000,0.0000,0.0457,-0.0276,0.0269,0.0947,0.9948,1.848,,,,,,,
40,Right,23,0.0000,0.0000,0.0307,0.1667,0.0353,-0.0529,0.9840,1.848,,,,,,,
40,Right,24,0.0000,0.0000,0.0203,0.0113,-0.0492,0.0008,0.9987,1.848,,,,,,,
40,Right,25,-0.0002,0.0012,0.0219,0.0000,0.0000,0.0000,1.0000,1.848,,,,,,,
41,Left,0,0.0027,-0.0051,0.0649,0.0000,0.0000,0.0000,1.0000,1.902,,,,,,,
41,Left,1,0.0000,0.0000,0.0000,0.0000,0.0000,0.0000,1.0000,1.902,-0.0720,0.2429,-0.0234,0.3882,-0.7728,0.4799,0.1474
41,Left,2,0.0304,-0.0157,0.0343,-0.1906,0.2305,-0.5245,0.7971,1.902,,,,,,,
41,Left,3,0.0000,0.0000,0.0325,0.0409,-0.0667,0.0832,0.9935,1.902,,,,,,,
41,Left,4,0.0000,0.0000,0.0338,-0.0806,0.0668,-0.0839,0.9910,1.902,,,,,,,
41,Left,5,-0.0007,0.0010,0.0246,0.0000,0.0000,0.0000,1.0000,1.902,,,,,,,
41,Left,6,0.0199,-0.0093,0.0364,0.0000,0.0000,0.0000,1.0000,1.902,,,,,,,
41,Left,7,0.0036,0.0020,0.0596,0.0970,-0.0389,-0.0305,0.9941,1.902,,,,,,,
41,Left,8,0.0000,0.0000,0.0379,0.1608,-0.0030,0.0263,0.9866,1.902,,,,,,,
41,Left,9,0.0000,0.0000,0.0243,0.0711,-0.0248,0.0168,0.9970,1.902,,,,,,,
41,Left,10,-0.0003,0.0010,0.0224,0.0000,0.0000,0.0000,1.0000,1.902,,,,,,,
41,Left,11,0.0037,-0.0076,0.0342,0.0000,0.0000,0.0000,1.0000,1.902,,,,,,,
41,Left,12,-0.0020,0.0050,0.0614,0.1608,-0.0753,0.0170,0.9840,1.902,,,,,,,
41,Left,13,0.0000,0.0000,0.0429,0.1360,-0.0028,0.0120,0.9906,1.902,,,,,,,
41,Left,14,0.0000,0.0000,0.0275,0.0187,0.0003,0.0455,0.9988,1.902,,,,,,,
41,Left,15,-0.0003,0.0011,0.0250,0.0000,0.0000,0.0000,1.0000,1.902,,,,,,,
41,Left,16,-0.0150,-0.0060,0.0348,0.0000,0.0000,0.0000,1.0000,1.902,,,,,,,
41,Left,17,-0.0025,-0.0005,0.0539,0.1368,-0.0975,0.0614,0.9839,1.902,,,,,,,
41,Left,18,0.0000,0.0000,0.0390,0.1582,0.0024,0.0371,0.9867,1.902,,,,,,,
41,Left,19,0.0000,0.0000,0.0266,0.0656,0.0295,0.0077,0.9974,1.902,,,,,,,
41,Left,20,-0.0003,0.0016,0.0243,0.0000,0.0000,0.0000,1.0000,1.902,,,,,,,
41,Left,21,-0.0230,-0.0094,0.0341,0.0183,-0.1403,0.2070,0.9680,1.902,,,,,,,
41,Left,22,0.0000,0.0000,0.0457,0.0292,-0.0145,-0.0907,0.9953,1.902,,,,,,,
41,Left,23,0.0000,0.0000,0.0307,0.2298,-0.0323,0.0579,0.9710,1.902,,,,,,,
41,Left,24,0.0000,0.0000,0.0203,0.0554,0.0491,-0.0009,0.9973,1.902,,,,,,,
41,Left,25,0.0002,0.0012,0.0219,0.0000,0.0000,0.0000,1.0000,1.902,,,,,,,
41,Right,0,-0.0029,-0.0049,0.0647,0.0000,0.0000,0.0000,1.0000,1.902,,,,,,,
41,Right,1,0.0000,0.0000,0.0000,0.0000,0.0000,0.0000,1.0000,1.902,0.0629,0.2411,0.0909,-0.6024,0.0158,0.2371,-0.7620
41,Right,2,-0.0312,-0.0142,0.0336,-0.1363,-0.3561,0.5302,0.7573,1.902,,,,,,,
41,Right,3,0.0000,0.0000,0.0325,0.1830,0.0538,-0.0822,0.9782,1.902,,,,,,,
41,Right,4,0.0000,0.0000,0.0338,0.0544,-0.0558,0.0809,0.9937,1.902,,,,,,,
41,Right,5,0.0007,0.0010,0.0246,0.0000,0.0000,0.0000,1.0000,1.902,,,,,,,
41,Right,6,-0.0203,-0.0086,0.0360,0.0000,0.0000,0.0000,1.0000,1.902,,,,,,,
41,Right,7,-0.0032,0.0012,0.0600,0.0692,0.0409,0.0307,0.9963,1.902,,,,,,,
41,Right,8,0.0000,0.0000,0.0379,0.1398,0.0035,-0.0263,0.9898,1.902,,,,,,,
41,Right,9,0.0000,0.0000,0.0243,0.0315,0.0255,-0.0166,0.9990,1.902,,,,,,,
41,Right,10,0.0003,0.0010,0.0224,0.0000,0.0000,0.0000,1.0000,1.902,,,,,,,
41,Right,11,-0.0041,-0.0072,0.0338,0.0000,0.0000,0.0000,1.0000,1.902,,,,,,,
41,Right,12,0.0024,0.0046,0.0618,0.1277,0.0838,-0.0153,0.9881,1.902,,,,,,,
41,Right,13,0.0000,0.0000,0.0429,0.1227,0.0029,-0.0119,0.9924,1.902,,,,,,,
41,Right,14,0.0000,0.0000,0.0275,-0.0073,0.0009,-0.0429,0.9991,1.902,,,,,,,
41,Right,15,0.0003,0.0011,0.0250,0.0000,0.0000,0.0000,1.0000,1.902,,,,,,,
41,Right,16,0.0150,-0.0060,0.0348,0.0000,0.0000,0.0000,1.0000,1.902,,,,,,,
41,Right,17,0.0025,-0.0005,0.0539,0.1095,0.1053,-0.0592,0.9866,1.902,,,,,,,
41,Right,18,0.0000,0.0000,0.0390,0.1196,-0.0010,-0.0363,0.9922,1.902,,,,,,,
41,Right,19,0.0000,0.0000,0.0266,0.0461,-0.0295,-0.0068,0.9985,1.902,,,,,,,
41,Right,20,0.0003,0.0016,0.0243,0.0000,0.0000,0.0000,1.0000,1.902,,,,,,,
41,Right,21,0.0230,-0.0094,0.0341,0.0183,0.1403,-0.2070,0.9680,1.902,,,,,,,
41,Right,22,0.0000,0.0000,0.0457,-0.0289,0.0288,0.0949,0.9947,1.902,,,,,,,
41,Right,23,0.0000,0.0000,0.0307,0.1680,0.0353,-0.0530,0.9837,1.902,,,,,,,
41,Right,24,0.0000,0.0000,0.0203,0.0105,-0.0492,0.0008,0.9987,1.902,,,,,,,
41,Right,25,-0.0002,0.0012,0.0219,0.0000,0.0000,0.0000,1.0000,1.902,,,,,,,
42,Left,0,0.0027,-0.0050,0.0649,0.0000,0.0000,0.0000,1.0000,1.945,,,,,,,
42,Left,1,0.0000,0.0000,0.0000,0.0000,0.0000,0.0000,1.0000,1.945,-0.0711,0.2432,-0.0245,0.3806,-0.7764,0.4841,0.1345
42,Left,2,0.0304,-0.0157,0.0343,-0.1912,0.2301,-0.5240,0.7975,1.945,,,,,,,
42,Left,3,0.0000,0.0000,0.0325,0.0391,-0.0669,0.0832,0.9935,1.945,,,,,,,
42,Left,4,0.0000,0.0000,0.0338,-0.0783,0.0666,-0.0839,0.9912,1.945,,,,,,,
42,Left,5,-0.0007,0.0010,0.0246,0.0000,0.0000,0.0000,1.0000,1.945,,,,,,,
42,Left,6,0.0199,-0.0093,0.0364,0.0000,0.0000,0.0000,1.0000,1.945,,,,,,,
42,Left,7,0.0036,0.0020,0.0596,0.0930,-0.0405,-0.0305,0.9944,1.945,,,,,,,
42,Left,8,0.0000,0.0000,0.0379,0.1600,-0.0030,0.0263,0.9868,1.945,,,,,,,
42,Left,9,0.0000,0.0000,0.0243,0.0710,-0.0248,0.0168,0.9970,1.945,,,,,,,
42,Left,10,-0.0003,0.0010,0.0224,0.0000,0.0000,0.0000,1.0000,1.945,,,,,,,
42,Left,11,0.0037,-0.0076,0.0342,0.0000,0.0000,0.0000,1.0000,1.945,,,,,,,
42,Left,12,-0.0020,0.0050,0.0615,0.1578,-0.0773,0.0170,0.9843,1.945,,,,,,,
42,Left,13,0.0000,0.0000,0.0429,0.1366,-0.0028,0.0120,0.9905,1.945,,,,,,,
42,Left,14,0.0000,0.0000,0.0275,0.0195,0.0003,0.0455,0.9988,1.945,,,,,,,
42,Left,15,-0.0003,0.0011,0.0250,0.0000,0.0000,0.0000,1.0000,1.945,,,,,,,
42,Left,16,-0.0150,-0.0060,0.0348,0.0000,0.0000,0.0000,1.0000,1.945,,,,,,,
42,Left,17,-0.0025,-0.0005,0.0539,0.1346,-0.0999,0.0614,0.9839,1.945,,,,,,,
42,Left,18,0.0000,0.0000,0.0390,0.1582,0.0024,0.0371,0.9867,1.945,,,,,,,
42,Left,19,0.0000,0.0000,0.0266,0.0663,0.0295,0.0078,0.9973,1.945,,,,,,,
42,Left,20,-0.0003,0.0016,0.0243,0.0000,0.0000,0.0000,1.0000,1.945,,,,,,,
42,Left,21,-0.0230,-0.0094,0.0341,0.0183,-0.1403,0.2070,0.9680,1.945,,,,,,,
42,Left,22,0.0000,0.0000,0.0457,0.0290,-0.0166,-0.0907,0.9953,1.945,,,,,,,
42,Left,23,0.0000,0.0000,0.0307,0.2306,-0.0323,0.0580,0.9708,1.945,,,,,,,
42,Left,24,0.0000,0.0000,0.0203,0.0560,0.0490,-0.0009,0.9972,1.945,,,,,,,
42,Left,25,0.0002,0.0012,0.0219,0.0000,0.0000,0.0000,1.0000,1.945,,,,,,,
42,Right,0,-0.0029,-0.0049,0.0647,0.0000,0.0000,0.0000,1.0000,1.945,,,,,,,
42,Right,1,0.0000,0.0000,0.0000,0.0000,0.0000,0.0000,1.0000,1.945,0.0622,0.2410,0.0918,-0.6027,0.0204,0.2362,-0.7619
42,Right,2,-0.0312,-0.0142,0.0336,-0.1368,-0.3555,0.5300,0.7576,1.945,,,,,,,
42,Right,3,0.0000,0.0000,0.0325,0.1802,0.0540,-0.0822,0.9787,1.945,,,,,,,
42,Right,4,0.0000,0.0000,0.0338,0.0588,-0.0554,0.0808,0.9935,1.945,,,,,,,
42,Right,5,0.0007,0.0010,0.0246,0.0000,0.0000,0.0000,1.0000,1.945,,,,,,,
42,Right,6,-0.0203,-0.0086,0.0360,0.0000,0.0000,0.0000,1.0000,1.945,,,,,,,
42,Right,7,-0.0032,0.0012,0.0600,0.0702,0.0426,0.0306,0.9962,1.945,,,,,,,
42,Right,8,0.0000,0.0000,0.0379,0.1394,0.0035,-0.0263,0.9899,1.945,,,,,,,
42,Right,9,0.0000,0.0000,0.0243,0.0320,0.0255,-0.0166,0.9990,1.945,,,,,,,
42,Right,10,0.0003,0.0010,0.0224,0.0000,0.0000,0.0000,1.0000,1.945,,,,,,,
42,Right,11,-0.0041,-0.0072,0.0338,0.0000,0.0000,0.0000,1.0000,1.945,,,,,,,
42,Right,12,0.0024,0.0046,0.0618,0.1288,0.0854,-0.0156,0.9879,1.945,,,,,,,
42,Right,13,0.0000,0.0000,0.0429,0.1234,0.0029,-0.0119,0.9923,1.945,,,,,,,
42,Right,14,0.0000,0.0000,0.0275,-0.0072,0.0009,-0.0429,0.9991,1.945,,,,,,,
42,Right,15,0.0003,0.0011,0.0250,0.0000,0.0000,0.0000,1.0000,1.945,,,,,,,
42,Right,16,0.0150,-0.0060,0.0348,0.0000,0.0000,0.0000,1.0000,1.945,,,,,,,
42,Right,17,0.0025,-0.0005,0.0539,0.1101,0.1069,-0.0594,0.9864,1.945,,,,,,,
42,Right,18,0.0000,0.0000,0.0390,0.1207,-0.0011,-0.0363,0.9920,1.945,,,,,,,
42,Right,19,0.0000,0.0000,0.0266,0.0465,-0.0295,-0.0068,0.9985,1.945,,,,,,,
42,Right,20,0.0003,0.0016,0.0243,0.0000,0.0000,0.0000,1.0000,1.945,,,,,,,
42,Right,21,0.0230,-0.0094,0.0341,0.0183,0.1403,-0.2070,0.9680,1.945,,,,,,,
42,Right,22,0.0000,0.0000,0.0457,-0.0306,0.0320,0.0951,0.9945,1.945,,,,,,,
42,Right,23,0.0000,0.0000,0.0307,0.1698,0.0352,-0.0531,0.9834,1.945,,,,,,,
42,Right,24,0.0000,0.0000,0.0203,0.0094,-0.0492,0.0008,0.9987,1.945,,,,,,,
42,Right,25,-0.0002,0.0012,0.0219,0.0000,0.0000,0.0000,1.0000,1.945,,,,,,,
43,Left,0,0.0027,-0.0050,0.0649,0.0000,0.0000,0.0000,1.0000,1.999,,,,,,,
43,Left,1,0.0000,0.0000,0.0000,0.0000,0.0000,0.0000,1.0000,1.999,-0.0698,0.2436,-0.0256,0.3709,-0.7810,0.4884,0.1183
43,Left,2,0.0304,-0.0157,0.0343,-0.1913,0.2299,-0.5239,0.7975,1.999,,,,,,,
43,Left,3,0.0000,0.0000,0.0325,0.0376,-0.0670,0.0832,0.9936,1.999,,,,,,,
43,Left,4,0.0000,0.0000,0.0338,-0.0769,0.0665,-0.0838,0.9913,1.999,,,,,,,
43,Left,5,-0.0007,0.0010,0.0246,0.0000,0.0000,0.0000,1.0000,1.999,,,,,,,
43,Left,6,0.0199,-0.0093,0.0364,0.0000,0.0000,0.0000,1.0000,1.999,,,,,,,
43,Left,7,0.0036,0.0020,0.0596,0.0836,-0.0420,-0.0305,0.9951,1.999,,,,,,,
43,Left,8,0.0000,0.0000,0.0379,0.1589,-0.0030,0.0263,0.9869,1.999,,,,,,,
43,Left,9,0.0000,0.0000,0.0243,0.0707,-0.0248,0.0168,0.9970,1.999,,,,,,,
43,Left,10,-0.0003,0.0010,0.0224,0.0000,0.0000,0.0000,1.0000,1.999,,,,,,,
43,Left,11,0.0037,-0.0076,0.0342,0.0000,0.0000,0.0000,1.0000,1.999,,,,,,,
43,Left,12,-0.0020,0.0050,0.0615,0.1536,-0.0789,0.0169,0.9848,1.999,,,,,,,
43,Left,13,0.0000,0.0000,0.0429,0.1353,-0.0028,0.0120,0.9907,1.999,,,,,,,
43,Left,14,0.0000,0.0000,0.0275,0.0192,0.0003,0.0455,0.9988,1.999,,,,,,,
43,Left,15,-0.0003,0.0011,0.0250,0.0000,0.0000,0.0000,1.0000,1.999,,,,,,,
43,Left,16,-0.0150,-0.0060,0.0348,0.0000,0.0000,0.0000,1.0000,1.999,,,,,,,
43,Left,17,-0.0025,-0.0005,0.0539,0.1332,-0.1017,0.0614,0.9839,1.999,,,,,,,
43,Left,18,0.0000,0.0000,0.0390,0.1558,0.0023,0.0370,0.9871,1.999,,,,,,,
43,Left,19,0.0000,0.0000,0.0266,0.0657,0.0295,0.0077,0.9974,1.999,,,,,,,
43,Left,20,-0.0003,0.0016,0.0243,0.0000,0.0000,0.0000,1.0000,1.999,,,,,,,
43,Left,21,-0.0230,-0.0094,0.0341,0.0183,-0.1403,0.2070,0.9680,1.999,,,,,,,
43,Left,22,0.0000,0.0000,0.0457,0.0288,-0.0184,-0.0907,0.9953,1.999,,,,,,,
43,Left,23,0.0000,0.0000,0.0307,0.2288,-0.0324,0.0578,0.9712,1.999,,,,,,,
43,Left,24,0.0000,0.0000,0.0203,0.0548,0.0491,-0.0009,0.9973,1.999,,,,,,,
43,Left,25,0.0002,0.0012,0.0219,0.0000,0.0000,0.0000,1.0000,1.999,,,,,,,
43,Right,0,-0.0029,-0.0049,0.0647,0.0000,0.0000,0.0000,1.0000,1.999,,,,,,,
43,Right,1,0.0000,0.0000,0.0000,0.0000,0.0000,0.0000,1.0000,1.999,0.0614,0.2412,0.0934,-0.6032,0.0261,0.2355,-0.7615
43,Right,2,-0.0312,-0.0142,0.0336,-0.1365,-0.3553,0.5304,0.7575,1.999,,,,,,,
43,Right,3,0.0000,0.0000,0.0325,0.1760,0.0544,-0.0823,0.9794,1.999,,,,,,,
43,Right,4,0.0000,0.0000,0.0338,0.0657,-0.0548,0.0806,0.9931,1.999,,,,,,,
43,Right,5,0.0007,0.0010,0.0246,0.0000,0.0000,0.0000,1.0000,1.999,,,,,,,
43,Right,6,-0.0203,-0.0086,0.0360,0.0000,0.0000,0.0000,1.0000,1.999,,,,,,,
43,Right,7,-0.0032,0.0013,0.0600,0.0711,0.0439,0.0306,0.9960,1.999,,,,,,,
43,Right,8,0.0000,0.0000,0.0379,0.1390,0.0035,-0.0263,0.9899,1.999,,,,,,,
43,Right,9,0.0000,0.0000,0.0243,0.0323,0.0255,-0.0166,0.9990,1.999,,,,,,,
43,Right,10,0.0003,0.0010,0.0224,0.0000,0.0000,0.0000,1.0000,1.999,,,,,,,
43,Right,11,-0.0041,-0.0072,0.0338,0.0000,0.0000,0.0000,1.0000,1.999,,,,,,,
43,Right,12,0.0024,0.0046,0.0618,0.1297,0.0867,-0.0158,0.9876,1.999,,,,,,,
43,Right,13,0.0000,0.0000,0.0429,0.1238,0.0029,-0.0120,0.9922,1.999,,,,,,,
43,Right,14,0.0000,0.0000,0.0275,-0.0071,0.0009,-0.0429,0.9991,1.999,,,,,,,
43,Right,15,0.0003,0.0011,0.0250,0.0000,0.0000,0.0000,1.0000,1.999,,,,,,,
43,Right,16,0.0150,-0.0060,0.0348,0.0000,0.0000,0.0000,1.0000,1.999,,,,,,,
43,Right,17,0.0025,-0.0005,0.0539,0.1104,0.1084,-0.0595,0.9862,1.999,,,,,,,
43,Right,18,0.0000,0.0000,0.0390,0.1213,-0.0011,-0.0363,0.9920,1.999,,,,,,,
43,Right,19,0.0000,0.0000,0.0266,0.0468,-0.0295,-0.0068,0.9984,1.999,,,,,,,
43,Right,20,0.0003,0.0016,0.0243,0.0000,0.0000,0.0000,1.0000,1.999,,,,,,,
43,Right,21,0.0230,-0.0094,0.0341,0.0183,0.1403,-0.2070,0.9680,1.999,,,,,,,
43,Right,22,0.0000,0.0000,0.0457,-0.0324,0.0399,0.0956,0.9941,1.999,,,,,,,
43,Right,23,0.0000,0.0000,0.0307,0.1706,0.0352,-0.0532,0.9833,1.999,,,,,,,
43,Right,24,0.0000,0.0000,0.0203,0.0084,-0.0492,0.0008,0.9988,1.999,,,,,,,
43,Right,25,-0.0002,0.0012,0.0219,0.0000,0.0000,0.0000,1.0000,1.999,,,,,,,
44,Left,0,0.0027,-0.0050,0.0649,0.0000,0.0000,0.0000,1.0000,2.040,,,,,,,
44,Left,1,0.0000,0.0000,0.0000,0.0000,0.0000,0.0000,1.0000,2.040,-0.0686,0.2434,-0.0267,0.3637,-0.7841,0.4930,0.0993
44,Left,2,0.0304,-0.0157,0.0343,-0.1918,0.2296,-0.5234,0.7978,2.040,,,,,,,
44,Left,3,0.0000,0.0000,0.0325,0.0346,-0.0673,0.0832,0.9937,2.040,,,,,,,
44,Left,4,0.0000,0.0000,0.0338,-0.0762,0.0664,-0.0838,0.9913,2.040,,,,,,,
44,Left,5,-0.0007,0.0010,0.0246,0.0000,0.0000,0.0000,1.0000,2.040,,,,,,,
44,Left,6,0.0199,-0.0093,0.0364,0.0000,0.0000,0.0000,1.0000,2.040,,,,,,,
44,Left,7,0.0036,0.0020,0.0596,0.0796,-0.0463,-0.0304,0.9953,2.040,,,,,,,
44,Left,8,0.0000,0.0000,0.0379,0.1528,-0.0032,0.0263,0.9879,2.040,,,,,,,
44,Left,9,0.0000,0.0000,0.0243,0.0699,-0.0248,0.0168,0.9971,2.040,,,,,,,
44,Left,10,-0.0003,0.0010,0.0224,0.0000,0.0000,0.0000,1.0000,2.040,,,,,,,
44,Left,11,0.0037,-0.0076,0.0342,0.0000,0.0000,0.0000,1.0000,2.040,,,,,,,
44,Left,12,-0.0020,0.0050,0.0615,0.1523,-0.0806,0.0170,0.9849,2.040,,,,,,,
44,Left,13,0.0000,0.0000,0.0429,0.1203,-0.0030,0.0119,0.9927,2.040,,,,,,,
44,Left,14,0.0000,0.0000,0.0275,0.0176,0.0002,0.0453,0.9988,2.040,,,,,,,
44,Left,15,-0.0003,0.0011,0.0250,0.0000,0.0000,0.0000,1.0000,2.040,,,,,,,
44,Left,16,-0.0150,-0.0060,0.0348,0.0000,0.0000,0.0000,1.0000,2.040,,,,,,,
44,Left,17,-0.0025,-0.0005,0.0539,0.1328,-0.1033,0.0614,0.9838,2.040,,,,,,,
44,Left,18,0.0000,0.0000,0.0390,0.1251,0.0012,0.0364,0.9915,2.040,,,,,,,
44,Left,19,0.0000,0.0000,0.0266,0.0625,0.0295,0.0076,0.9976,2.040,,,,,,,
44,Left,20,-0.0003,0.0016,0.0243,0.0000,0.0000,0.0000,1.0000,2.040,,,,,,,
44,Left,21,-0.0230,-0.0094,0.0341,0.0183,-0.1403,0.2070,0.9680,2.040,,,,,,,
44,Left,22,0.0000,0.0000,0.0457,0.0288,-0.0202,-0.0906,0.9953,2.040,,,,,,,
44,Left,23,0.0000,0.0000,0.0307,0.2141,-0.0331,0.0567,0.9746,2.040,,,,,,,
44,Left,24,0.0000,0.0000,0.0203,0.0503,0.0491,-0.0009,0.9975,2.040,,,,,,,
44,Left,25,0.0002,0.0012,0.0219,0.0000,0.0000,0.0000,1.0000,2.040,,,,,,,
44,Right,0,-0.0029,-0.0049,0.0647,0.0000,0.0000,0.0000,1.0000,2.040,,,,,,,
44,Right,1,0.0000,0.0000,0.0000,0.0000,0.0000,0.0000,1.0000,2.040,0.0604,0.2412,0.0951,-0.6037,0.0345,0.2335,-0.7614
44,Right,2,-0.0312,-0.0143,0.0336,-0.1356,-0.3554,0.5312,0.7570,2.040,,,,,,,
44,Right,3,0.0000,0.0000,0.0325,0.1697,0.0551,-0.0824,0.9805,2.040,,,,,,,
44,Right,4,0.0000,0.0000,0.0338,0.0687,-0.0545,0.0805,0.9929,2.040,,,,,,,
44,Right,5,0.0007,0.0010,0.0246,0.0000,0.0000,0.0000,1.0000,2.040,,,,,,,
44,Right,6,-0.0203,-0.0086,0.0360,0.0000,0.0000,0.0000,1.0000,2.040,,,,,,,
44,Right,7,-0.0033,0.0013,0.0600,0.0720,0.0452,0.0306,0.9959,2.040,,,,,,,
44,Right,8,0.0000,0.0000,0.0379,0.1386,0.0036,-0.0263,0.9900,2.040,,,,,,,
44,Right,9,0.0000,0.0000,0.0243,0.0323,0.0255,-0.0166,0.9990,2.040,,,,,,,
44,Right,10,0.0003,0.0010,0.0224,0.0000,0.0000,0.0000,1.0000,2.040,,,,,,,
44,Right,11,-0.0041,-0.0072,0.0338,0.0000,0.0000,0.0000,1.0000,2.040,,,,,,,
44,Right,12,0.0024,0.0046,0.0618,0.1305,0.0883,-0.0160,0.9874,2.040,,,,,,,
44,Right,13,0.0000,0.0000,0.0429,0.1237,0.0029,-0.0120,0.9922,2.040,,,,,,,
44,Right,14,0.0000,0.0000,0.0275,-0.0072,0.0009,-0.0429,0.9991,2.040,,,,,,,
44,Right,15,0.0003,0.0011,0.0250,0.0000,0.0000,0.0000,1.0000,2.040,,,,,,,
44,Right,16,0.0150,-0.0060,0.0348,0.0000,0.0000,0.0000,1.0000,2.040,,,,,,,
44,Right,17,0.0025,-0.0005,0.0539,0.1106,0.1101,-0.0596,0.9859,2.040,,,,,,,
44,Right,18,0.0000,0.0000,0.0390,0.1213,-0.0011,-0.0363,0.9920,2.040,,,,,,,
44,Right,19,0.0000,0.0000,0.0266,0.0467,-0.0295,-0.0068,0.9984,2.040,,,,,,,
44,Right,20,0.0003,0.0016,0.0243,0.0000,0.0000,0.0000,1.0000,2.040,,,,,,,
44,Right,21,0.0230,-0.0094,0.0341,0.0183,0.1403,-0.2070,0.9680,2.040,,,,,,,
44,Right,22,0.0000,0.0000,0.0457,-0.0338,0.0457,0.0959,0.9938,2.040,,,,,,,
44,Right,23,0.0000,0.0000,0.0307,0.1710,0.0351,-0.0532,0.9832,2.040,,,,,,,
44,Right,24,0.0000,0.0000,0.0203,0.0074,-0.0492,0.0008,0.9988,2.040,,,,,,,
44,Right,25,-0.0002,0.0012,0.0219,0.0000,0.0000,0.0000,1.0000,2.040,,,,,,,
45,Left,0,0.0027,-0.0050,0.0649,0.0000,0.0000,0.0000,1.0000,2.082,,,,,,,
45,Left,1,0.0000,0.0000,0.0000,0.0000,0.0000,0.0000,1.0000,2.082,-0.0676,0.2431,-0.0273,0.3611,-0.7849,0.4960,0.0864
45,Left,2,0.0305,-0.0157,0.0343,-0.1925,0.2294,-0.5226,0.7982,2.082,,,,,,,
45,Left,3,0.0000,0.0000,0.0325,0.0313,-0.0676,0.0832,0.9937,2.082,,,,,,,
45,Left,4,0.0000,0.0000,0.0338,-0.0756,0.0664,-0.0838,0.9914,2.082,,,,,,,
45,Left,5,-0.0007,0.0010,0.0246,0.0000,0.0000,0.0000,1.0000,2.082,,,,,,,
45,Left,6,0.0199,-0.0093,0.0363,0.0000,0.0000,0.0000,1.0000,2.082,,,,,,,
45,Left,7,0.0036,0.0020,0.0597,0.0779,-0.0500,-0.0304,0.9952,2.082,,,,,,,
45,Left,8,0.0000,0.0000,0.0379,0.1450,-0.0034,0.0263,0.9891,2.082,,,,,,,
45,Left,9,0.0000,0.0000,0.0243,0.0686,-0.0248,0.0167,0.9972,2.082,,,,,,,
45,Left,10,-0.0003,0.0010,0.0224,0.0000,0.0000,0.0000,1.0000,2.082,,,,,,,
45,Left,11,0.0037,-0.0075,0.0342,0.0000,0.0000,0.0000,1.0000,2.082,,,,,,,
45,Left,12,-0.0020,0.0050,0.0615,0.1519,-0.0825,0.0172,0.9848,2.082,,,,,,,
45,Left,13,0.0000,0.0000,0.0429,0.1060,-0.0031,0.0119,0.9943,2.082,,,,,,,
45,Left,14,0.0000,0.0000,0.0275,0.0136,0.0000,0.0450,0.9989,2.082,,,,,,,
45,Left,15,-0.0003,0.0011,0.0250,0.0000,0.0000,0.0000,1.0000,2.082,,,,,,,
45,Left,16,-0.0150,-0.0060,0.0348,0.0000,0.0000,0.0000,1.0000,2.082,,,,,,,
45,Left,17,-0.0025,-0.0005,0.0539,0.1330,-0.1062,0.0617,0.9835,2.082,,,,,,,
45,Left,18,0.0000,0.0000,0.0390,0.1083,0.0007,0.0360,0.9935,2.082,,,,,,,
45,Left,19,0.0000,0.0000,0.0266,0.0571,0.0295,0.0073,0.9979,2.082,,,,,,,
45,Left,20,-0.0003,0.0016,0.0243,0.0000,0.0000,0.0000,1.0000,2.082,,,,,,,
45,Left,21,-0.0230,-0.0094,0.0341,0.0183,-0.1403,0.2070,0.9680,2.082,,,,,,,
45,Left,22,0.0000,0.0000,0.0457,0.0288,-0.0250,-0.0905,0.9952,2.082,,,,,,,
45,Left,23,0.0000,0.0000,0.0307,0.2044,-0.0336,0.0559,0.9767,2.082,,,,,,,
45,Left,24,0.0000,0.0000,0.0203,0.0451,0.0491,-0.0009,0.9978,2.082,,,,,,,
45,Left,25,0.0002,0.0012,0.0219,0.0000,0.0000,0.0000,1.0000,2.082,,,,,,,
45,Right,0,-0.0029,-0.0049,0.0647,0.0000,0.0000,0.0000,1.0000,2.082,,,,,,,
45,Right,1,0.0000,0.0000,0.0000,0.0000,0.0000,0.0000,1.0000,2.082,0.0595,0.2411,0.0967,-0.6038,0.0431,0.2307,-0.7618
45,Right,2,-0.0312,-0.0143,0.0336,-0.1348,-0.3554,0.5321,0.7566,2.082,,,,,,,
45,Right,3,0.0000,0.0000,0.0325,0.1648,0.0555,-0.0824,0.9813,2.082,,,,,,,
45,Right,4,0.0000,0.0000,0.0338,0.0719,-0.0542,0.0804,0.9927,2.082,,,,,,,
45,Right,5,0.0007,0.0010,0.0246,0.0000,0.0000,0.0000,1.0000,2.082,,,,,,,
45,Right,6,-0.0203,-0.0086,0.0360,0.0000,0.0000,0.0000,1.0000,2.082,,,,,,,
45,Right,7,-0.0033,0.0013,0.0600,0.0724,0.0466,0.0305,0.9958,2.082,,,,,,,
45,Right,8,0.0000,0.0000,0.0379,0.1382,0.0036,-0.0263,0.9901,2.082,,,,,,,
45,Right,9,0.0000,0.0000,0.0243,0.0325,0.0255,-0.0166,0.9990,2.082,,,,,,,
45,Right,10,0.0003,0.0010,0.0224,0.0000,0.0000,0.0000,1.0000,2.082,,,,,,,
45,Right,11,-0.0041,-0.0072,0.0338,0.0000,0.0000,0.0000,1.0000,2.082,,,,,,,
45,Right,12,0.0024,0.0047,0.0618,0.1312,0.0899,-0.0162,0.9871,2.082,,,,,,,
45,Right,13,0.0000,0.0000,0.0429,0.1238,0.0029,-0.0120,0.9922,2.082,,,,,,,
45,Right,14,0.0000,0.0000,0.0275,-0.0073,0.0009,-0.0429,0.9991,2.082,,,,,,,
45,Right,15,0.0003,0.0011,0.0250,0.0000,0.0000,0.0000,1.0000,2.082,,,,,,,
45,Right,16,0.0150,-0.0060,0.0348,0.0000,0.0000,0.0000,1.0000,2.082,,,,,,,
45,Right,17,0.0025,-0.0005,0.0539,0.1109,0.1119,-0.0597,0.9857,2.082,,,,,,,
45,Right,18,0.0000,0.0000,0.0390,0.1215,-0.0011,-0.0363,0.9919,2.082,,,,,,,
45,Right,19,0.0000,0.0000,0.0266,0.0468,-0.0295,-0.0068,0.9984,2.082,,,,,,,
45,Right,20,0.0003,0.0016,0.0243,0.0000,0.0000,0.0000,1.0000,2.082,,,,,,,
45,Right,21,0.0230,-0.0094,0.0341,0.0183,0.1403,-0.2070,0.9680,2.082,,,,,,,
45,Right,22,0.0000,0.0000,0.0457,-0.0348,0.0496,0.0961,0.9935,2.082,,,,,,,
45,Right,23,0.0000,0.0000,0.0307,0.1715,0.0351,-0.0533,0.9831,2.082,,,,,,,
45,Right,24,0.0000,0.0000,0.0203,0.0064,-0.0492,0.0007,0.9988,2.082,,,,,,,
45,Right,25,-0.0002,0.0012,0.0219,0.0000,0.0000,0.0000,1.0000,2.082,,,,,,,
46,Left,0,0.0027,-0.0050,0.0649,0.0000,0.0000,0.0000,1.0000,2.124,,,,,,,
46,Left,1,0.0000,0.0000,0.0000,0.0000,0.0000,0.0000,1.0000,2.124,-0.0669,0.2427,-0.0278,0.3619,-0.7849,0.4964,0.0810
46,Left,2,0.0305,-0.0156,0.0343,-0.1932,0.2290,-0.5219,0.7987,2.124,,,,,,,
46,Left,3,0.0000,0.0000,0.0325,0.0262,-0.0680,0.0832,0.9939,2.124,,,,,,,
46,Left,4,0.0000,0.0000,0.0338,-0.0749,0.0663,-0.0838,0.9914,2.124,,,,,,,
46,Left,5,-0.0007,0.0010,0.0246,0.0000,0.0000,0.0000,1.0000,2.124,,,,,,,
46,Left,6,0.0199,-0.0093,0.0363,0.0000,0.0000,0.0000,1.0000,2.124,,,,,,,
46,Left,7,0.0036,0.0020,0.0597,0.0777,-0.0528,-0.0303,0.9951,2.124,,,,,,,
46,Left,8,0.0000,0.0000,0.0379,0.1372,-0.0036,0.0263,0.9902,2.124,,,,,,,
46,Left,9,0.0000,0.0000,0.0243,0.0671,-0.0249,0.0167,0.9973,2.124,,,,,,,
46,Left,10,-0.0003,0.0010,0.0224,0.0000,0.0000,0.0000,1.0000,2.124,,,,,,,
46,Left,11,0.0037,-0.0075,0.0342,0.0000,0.0000,0.0000,1.0000,2.124,,,,,,,
46,Left,12,-0.0020,0.0050,0.0615,0.1523,-0.0849,0.0175,0.9845,2.124,,,,,,,
46,Left,13,0.0000,0.0000,0.0429,0.0969,-0.0032,0.0118,0.9952,2.124,,,,,,,
46,Left,14,0.0000,0.0000,0.0275,0.0091,-0.0002,0.0445,0.9990,2.124,,,,,,,
46,Left,15,-0.0003,0.0011,0.0250,0.0000,0.0000,0.0000,1.0000,2.124,,,,,,,
46,Left,16,-0.0150,-0.0060,0.0348,0.0000,0.0000,0.0000,1.0000,2.124,,,,,,,
46,Left,17,-0.0025,-0.0005,0.0539,0.1335,-0.1104,0.0621,0.9829,2.124,,,,,,,
46,Left,18,0.0000,0.0000,0.0390,0.0997,0.0004,0.0358,0.9944,2.124,,,,,,,
46,Left,19,0.0000,0.0000,0.0266,0.0527,0.0295,0.0071,0.9981,2.124,,,,,,,
46,Left,20,-0.0003,0.0016,0.0243,0.0000,0.0000,0.0000,1.0000,2.124,,,,,,,
46,Left,21,-0.0230,-0.0094,0.0341,0.0183,-0.1403,0.2070,0.9680,2.124,,,,,,,
46,Left,22,0.0000,0.0000,0.0457,0.0282,-0.0329,-0.0904,0.9950,2.124,,,,,,,
46,Left,23,0.0000,0.0000,0.0307,0.1991,-0.0338,0.0555,0.9778,2.124,,,,,,,
46,Left,24,0.0000,0.0000,0.0203,0.0414,0.0491,-0.0009,0.9979,2.124,,,,,,,
46,Left,25,0.0002,0.0012,0.0219,0.0000,0.0000,0.0000,1.0000,2.124,,,,,,,
46,Right,0,-0.0029,-0.0049,0.0648,0.0000,0.0000,0.0000,1.0000,2.124,,,,,,,
46,Right,1,0.0000,0.0000,0.0000,0.0000,0.0000,0.0000,1.0000,2.124,0.0588,0.2409,0.0979,-0.6037,0.0514,0.2271,-0.7625
46,Right,2,-0.0311,-0.0143,0.0336,-0.1341,-0.3552,0.5328,0.7563,2.124,,,,,,,
46,Right,3,0.0000,0.0000,0.0325,0.1626,0.0557,-0.0824,0.9817,2.124,,,,,,,
46,Right,4,0.0000,0.0000,0.0338,0.0811,-0.0534,0.0802,0.9920,2.124,,,,,,,
46,Right,5,0.0007,0.0010,0.0246,0.0000,0.0000,0.0000,1.0000,2.124,,,,,,,
46,Right,6,-0.0203,-0.0086,0.0360,0.0000,0.0000,0.0000,1.0000,2.124,,,,,,,
46,Right,7,-0.0033,0.0013,0.0600,0.0728,0.0482,0.0305,0.9957,2.124,,,,,,,
46,Right,8,0.0000,0.0000,0.0379,0.1382,0.0036,-0.0263,0.9901,2.124,,,,,,,
46,Right,9,0.0000,0.0000,0.0243,0.0329,0.0255,-0.0166,0.9990,2.124,,,,,,,
46,Right,10,0.0003,0.0010,0.0224,0.0000,0.0000,0.0000,1.0000,2.124,,,,,,,
46,Right,11,-0.0041,-0.0072,0.0339,0.0000,0.0000,0.0000,1.0000,2.124,,,,,,,
46,Right,12,0.0023,0.0047,0.0618,0.1321,0.0916,-0.0164,0.9869,2.124,,,,,,,
46,Right,13,0.0000,0.0000,0.0429,0.1244,0.0029,-0.0120,0.9922,2.124,,,,,,,
46,Right,14,0.0000,0.0000,0.0275,-0.0071,0.0009,-0.0429,0.9991,2.124,,,,,,,
46,Right,15,0.0003,0.0011,0.0250,0.0000,0.0000,0.0000,1.0000,2.124,,,,,,,
46,Right,16,0.0150,-0.0060,0.0348,0.0000,0.0000,0.0000,1.0000,2.124,,,,,,,
46,Right,17,0.0025,-0.0005,0.0539,0.1115,0.1137,-0.0599,0.9854,2.124,,,,,,,
46,Right,18,0.0000,0.0000,0.0390,0.1221,-0.0011,-0.0363,0.9919,2.124,,,,,,,
46,Right,19,0.0000,0.0000,0.0266,0.0469,-0.0295,-0.0068,0.9984,2.124,,,,,,,
46,Right,20,0.0003,0.0016,0.0243,0.0000,0.0000,0.0000,1.0000,2.124,,,,,,,
46,Right,21,0.0230,-0.0094,0.0341,0.0183,0.1403,-0.2070,0.9680,2.124,,,,,,,
46,Right,22,0.0000,0.0000,0.0457,-0.0355,0.0523,0.0963,0.9933,2.124,,,,,,,
46,Right,23,0.0000,0.0000,0.0307,0.1724,0.0351,-0.0533,0.9830,2.124,,,,,,,
46,Right,24,0.0000,0.0000,0.0203,0.0054,-0.0492,0.0007,0.9988,2.124,,,,,,,
46,Right,25,-0.0002,0.0012,0.0219,0.0000,0.0000,0.0000,1.0000,2.124,,,,,,,
47,Left,0,0.0027,-0.0050,0.0649,0.0000,0.0000,0.0000,1.0000,2.166,,,,,,,
47,Left,1,0.0000,0.0000,0.0000,0.0000,0.0000,0.0000,1.0000,2.166,-0.0663,0.2424,-0.0283,0.3631,-0.7848,0.4958,0.0796
47,Left,2,0.0305,-0.0156,0.0343,-0.1942,0.2277,-0.5212,0.7992,2.166,,,,,,,
47,Left,3,0.0000,0.0000,0.0325,0.0223,-0.0683,0.0832,0.9939,2.166,,,,,,,
47,Left,4,0.0000,0.0000,0.0338,-0.0744,0.0663,-0.0838,0.9915,2.166,,,,,,,
47,Left,5,-0.0007,0.0010,0.0246,0.0000,0.0000,0.0000,1.0000,2.166,,,,,,,
47,Left,6,0.0199,-0.0093,0.0363,0.0000,0.0000,0.0000,1.0000,2.166,,,,,,,
47,Left,7,0.0036,0.0020,0.0597,0.0793,-0.0549,-0.0302,0.9949,2.166,,,,,,,
47,Left,8,0.0000,0.0000,0.0379,0.1332,-0.0037,0.0263,0.9907,2.166,,,,,,,
47,Left,9,0.0000,0.0000,0.0243,0.0648,-0.0249,0.0167,0.9974,2.166,,,,,,,
47,Left,10,-0.0003,0.0010,0.0224,0.0000,0.0000,0.0000,1.0000,2.166,,,,,,,
47,Left,11,0.0037,-0.0075,0.0342,0.0000,0.0000,0.0000,1.0000,2.166,,,,,,,
47,Left,12,-0.0020,0.0050,0.0615,0.1533,-0.0875,0.0178,0.9841,2.166,,,,,,,
47,Left,13,0.0000,0.0000,0.0429,0.0936,-0.0033,0.0118,0.9955,2.166,,,,,,,
47,Left,14,0.0000,0.0000,0.0275,0.0065,-0.0003,0.0443,0.9990,2.166,,,,,,,
47,Left,15,-0.0003,0.0011,0.0250,0.0000,0.0000,0.0000,1.0000,2.166,,,,,,,
47,Left,16,-0.0150,-0.0060,0.0348,0.0000,0.0000,0.0000,1.0000,2.166,,,,,,,
47,Left,17,-0.0025,-0.0005,0.0539,0.1332,-0.1138,0.0623,0.9826,2.166,,,,,,,
47,Left,18,0.0000,0.0000,0.0390,0.0971,0.0003,0.0358,0.9946,2.166,,,,,,,
47,Left,19,0.0000,0.0000,0.0266,0.0503,0.0295,0.0070,0.9983,2.166,,,,,,,
47,Left,20,-0.0003,0.0016,0.0243,0.0000,0.0000,0.0000,1.0000,2.166,,,,,,,
47,Left,21,-0.0230,-0.0094,0.0341,0.0183,-0.1403,0.2070,0.9680,2.166,,,,,,,
47,Left,22,0.0000,0.0000,0.0457,0.0259,-0.0374,-0.0904,0.9949,2.166,,,,,,,
47,Left,23,0.0000,0.0000,0.0307,0.1968,-0.0339,0.0553,0.9783,2.166,,,,,,,
47,Left,24,0.0000,0.0000,0.0203,0.0389,0.0491,-0.0009,0.9980,2.166,,,,,,,
47,Left,25,0.0002,0.0012,0.0219,0.0000,0.0000,0.0000,1.0000,2.166,,,,,,,
47,Right,0,-0.0029,-0.0049,0.0648,0.0000,0.0000,0.0000,1.0000,2.166,,,,,,,
47,Right,1,0.0000,0.0000,0.0000,0.0000,0.0000,0.0000,1.0000,2.166,0.0583,0.2408,0.0988,-0.6033,0.0586,0.2237,-0.7632
47,Right,2,-0.0311,-0.0144,0.0336,-0.1344,-0.3544,0.5329,0.7566,2.166,,,,,,,
47,Right,3,0.0000,0.0000,0.0325,0.1607,0.0559,-0.0825,0.9820,2.166,,,,,,,
47,Right,4,0.0000,0.0000,0.0338,0.0913,-0.0526,0.0799,0.9912,2.166,,,,,,,
47,Right,5,0.0007,0.0010,0.0246,0.0000,0.0000,0.0000,1.0000,2.166,,,,,,,
47,Right,6,-0.0203,-0.0086,0.0360,0.0000,0.0000,0.0000,1.0000,2.166,,,,,,,
47,Right,7,-0.0033,0.0013,0.0600,0.0733,0.0504,0.0304,0.9956,2.166,,,,,,,
47,Right,8,0.0000,0.0000,0.0379,0.1389,0.0035,-0.0263,0.9900,2.166,,,,,,,
47,Right,9,0.0000,0.0000,0.0243,0.0339,0.0255,-0.0166,0.9990,2.166,,,,,,,
47,Right,10,0.0003,0.0010,0.0224,0.0000,0.0000,0.0000,1.0000,2.166,,,,,,,
47,Right,11,-0.0041,-0.0072,0.0339,0.0000,0.0000,0.0000,1.0000,2.166,,,,,,,
47,Right,12,0.0023,0.0047,0.0618,0.1333,0.0937,-0.0167,0.9865,2.166,,,,,,,
47,Right,13,0.0000,0.0000,0.0429,0.1266,0.0029,-0.0120,0.9919,2.166,,,,,,,
47,Right,14,0.0000,0.0000,0.0275,-0.0064,0.0008,-0.0430,0.9991,2.166,,,,,,,
47,Right,15,0.0003,0.0011,0.0250,0.0000,0.0000,0.0000,1.0000,2.166,,,,,,,
47,Right,16,0.0150,-0.0060,0.0348,0.0000,0.0000,0.0000,1.0000,2.166,,,,,,,
47,Right,17,0.0025,-0.0005,0.0539,0.1132,0.1159,-0.0602,0.9849,2.166,,,,,,,
47,Right,18,0.0000,0.0000,0.0390,0.1242,-0.0012,-0.0364,0.9916,2.166,,,,,,,
47,Right,19,0.0000,0.0000,0.0266,0.0475,-0.0295,-0.0069,0.9984,2.166,,,,,,,
47,Right,20,0.0003,0.0016,0.0243,0.0000,0.0000,0.0000,1.0000,2.166,,,,,,,
47,Right,21,0.0230,-0.0094,0.0341,0.0183,0.1403,-0.2070,0.9680,2.166,,,,,,,
47,Right,22,0.0000,0.0000,0.0457,-0.0358,0.0548,0.0964,0.9932,2.166,,,,,,,
47,Right,23,0.0000,0.0000,0.0307,0.1744,0.0350,-0.0535,0.9826,2.166,,,,,,,
47,Right,24,0.0000,0.0000,0.0203,0.0040,-0.0492,0.0007,0.9988,2.166,,,,,,,
47,Right,25,-0.0002,0.0012,0.0219,0.0000,0.0000,0.0000,1.0000,2.166,,,,,,,
48,Left,0,0.0027,-0.0050,0.0649,0.0000,0.0000,0.0000,1.0000,2.210,,,,,,,
48,Left,1,0.0000,0.0000,0.0000,0.0000,0.0000,0.0000,1.0000,2.210,-0.0659,0.2422,-0.0290,0.3638,-0.7853,0.4951,0.0771
48,Left,2,0.0305,-0.0156,0.0343,-0.1951,0.2270,-0.5204,0.7997,2.210,,,,,,,
48,Left,3,0.0000,0.0000,0.0325,0.0144,-0.0690,0.0832,0.9940,2.210,,,,,,,
48,Left,4,0.0000,0.0000,0.0338,-0.0742,0.0663,-0.0838,0.9915,2.210,,,,,,,
48,Left,5,-0.0007,0.0010,0.0246,0.0000,0.0000,0.0000,1.0000,2.210,,,,,,,
48,Left,6,0.0200,-0.0093,0.0363,0.0000,0.0000,0.0000,1.0000,2.210,,,,,,,
48,Left,7,0.0036,0.0019,0.0597,0.0804,-0.0555,-0.0302,0.9948,2.210,,,,,,,
48,Left,8,0.0000,0.0000,0.0379,0.1203,-0.0040,0.0263,0.9924,2.210,,,,,,,
48,Left,9,0.0000,0.0000,0.0243,0.0620,-0.0250,0.0167,0.9976,2.210,,,,,,,
48,Left,10,-0.0003,0.0010,0.0224,0.0000,0.0000,0.0000,1.0000,2.210,,,,,,,
48,Left,11,0.0037,-0.0075,0.0342,0.0000,0.0000,0.0000,1.0000,2.210,,,,,,,
48,Left,12,-0.0020,0.0050,0.0615,0.1537,-0.0899,0.0181,0.9839,2.210,,,,,,,
48,Left,13,0.0000,0.0000,0.0429,0.0868,-0.0034,0.0118,0.9961,2.210,,,,,,,
48,Left,14,0.0000,0.0000,0.0275,0.0047,-0.0003,0.0441,0.9990,2.210,,,,,,,
48,Left,15,-0.0003,0.0011,0.0250,0.0000,0.0000,0.0000,1.0000,2.210,,,,,,,
48,Left,16,-0.0150,-0.0060,0.0348,0.0000,0.0000,0.0000,1.0000,2.210,,,,,,,
48,Left,17,-0.0025,-0.0005,0.0539,0.1329,-0.1196,0.0627,0.9819,2.210,,,,,,,
48,Left,18,0.0000,0.0000,0.0390,0.0949,0.0002,0.0357,0.9948,2.210,,,,,,,
48,Left,19,0.0000,0.0000,0.0266,0.0487,0.0295,0.0069,0.9984,2.210,,,,,,,
48,Left,20,-0.0003,0.0016,0.0243,0.0000,0.0000,0.0000,1.0000,2.210,,,,,,,
48,Left,21,-0.0230,-0.0094,0.0341,0.0183,-0.1403,0.2070,0.9680,2.210,,,,,,,
48,Left,22,0.0000,0.0000,0.0457,0.0233,-0.0488,-0.0904,0.9944,2.210,,,,,,,
48,Left,23,0.0000,0.0000,0.0307,0.1952,-0.0340,0.0552,0.9786,2.210,,,,,,,
48,Left,24,0.0000,0.0000,0.0203,0.0371,0.0491,-0.0009,0.9981,2.210,,,,,,,
48,Left,25,0.0002,0.0012,0.0219,0.0000,0.0000,0.0000,1.0000,2.210,,,,,,,
48,Right,0,-0.0029,-0.0049,0.0648,0.0000,0.0000,0.0000,1.0000,2.210,,,,,,,
48,Right,1,0.0000,0.0000,0.0000,0.0000,0.0000,0.0000,1.0000,2.210,0.0576,0.2408,0.0995,-0.6024,0.0666,0.2198,-0.7644
48,Right,2,-0.0311,-0.0143,0.0336,-0.1350,-0.3538,0.5324,0.7570,2.210,,,,,,,
48,Right,3,0.0000,0.0000,0.0325,0.1592,0.0560,-0.0825,0.9822,2.210,,,,,,,
48,Right,4,0.0000,0.0000,0.0338,0.1055,-0.0513,0.0794,0.9899,2.210,,,,,,,
48,Right,5,0.0007,0.0010,0.0246,0.0000,0.0000,0.0000,1.0000,2.210,,,,,,,
48,Right,6,-0.0203,-0.0086,0.0360,0.0000,0.0000,0.0000,1.0000,2.210,,,,,,,
48,Right,7,-0.0033,0.0013,0.0600,0.0732,0.0519,0.0304,0.9955,2.210,,,,,,,
48,Right,8,0.0000,0.0000,0.0379,0.1396,0.0035,-0.0263,0.9899,2.210,,,,,,,
48,Right,9,0.0000,0.0000,0.0243,0.0352,0.0254,-0.0166,0.9989,2.210,,,,,,,
48,Right,10,0.0003,0.0010,0.0224,0.0000,0.0000,0.0000,1.0000,2.210,,,,,,,
48,Right,11,-0.0041,-0.0072,0.0339,0.0000,0.0000,0.0000,1.0000,2.210,,,,,,,
48,Right,12,0.0023,0.0047,0.0618,0.1335,0.0952,-0.0168,0.9863,2.210,,,,,,,
48,Right,13,0.0000,0.0000,0.0429,0.1288,0.0029,-0.0120,0.9916,2.210,,,,,,,
48,Right,14,0.0000,0.0000,0.0275,-0.0057,0.0008,-0.0431,0.9991,2.210,,,,,,,
48,Right,15,0.0003,0.0011,0.0250,0.0000,0.0000,0.0000,1.0000,2.210,,,,,,,
48,Right,16,0.0150,-0.0060,0.0348,0.0000,0.0000,0.0000,1.0000,2.210,,,,,,,
48,Right,17,0.0025,-0.0005,0.0539,0.1144,0.1176,-0.0604,0.9846,2.210,,,,,,,
48,Right,18,0.0000,0.0000,0.0390,0.1270,-0.0013,-0.0364,0.9912,2.210,,,,,,,
48,Right,19,0.0000,0.0000,0.0266,0.0482,-0.0295,-0.0069,0.9984,2.210,,,,,,,
48,Right,20,0.0003,0.0016,0.0243,0.0000,0.0000,0.0000,1.0000,2.210,,,,,,,
48,Right,21,0.0230,-0.0094,0.0341,0.0183,0.1403,-0.2070,0.9680,2.210,,,,,,,
48,Right,22,0.0000,0.0000,0.0457,-0.0360,0.0577,0.0965,0.9930,2.210,,,,,,,
48,Right,23,0.0000,0.0000,0.0307,0.1766,0.0349,-0.0537,0.9822,2.210,,,,,,,
48,Right,24,0.0000,0.0000,0.0203,0.0031,-0.0492,0.0007,0.9988,2.210,,,,,,,
48,Right,25,-0.0002,0.0012,0.0219,0.0000,0.0000,0.0000,1.0000,2.210,,,,,,,
49,Left,0,0.0027,-0.0050,0.0649,0.0000,0.0000,0.0000,1.0000,2.250,,,,,,,
49,Left,1,0.0000,0.0000,0.0000,0.0000,0.0000,0.0000,1.0000,2.250,-0.0653,0.2419,-0.0297,0.3648,-0.7855,0.4943,0.0749
49,Left,2,0.0305,-0.0156,0.0342,-0.1960,0.2268,-0.5193,0.8003,2.250,,,,,,,
49,Left,3,0.0000,0.0000,0.0325,0.0118,-0.0692,0.0832,0.9941,2.250,,,,,,,
49,Left,4,0.0000,0.0000,0.0338,-0.0737,0.0662,-0.0838,0.9915,2.250,,,,,,,
49,Left,5,-0.0007,0.0010,0.0246,0.0000,0.0000,0.0000,1.0000,2.250,,,,,,,
49,Left,6,0.0200,-0.0092,0.0363,0.0000,0.0000,0.0000,1.0000,2.250,,,,,,,
49,Left,7,0.0036,0.0019,0.0597,0.0815,-0.0556,-0.0301,0.9947,2.250,,,,,,,
49,Left,8,0.0000,0.0000,0.0379,0.1075,-0.0044,0.0262,0.9938,2.250,,,,,,,
49,Left,9,0.0000,0.0000,0.0243,0.0583,-0.0250,0.0167,0.9978,2.250,,,,,,,
49,Left,10,-0.0003,0.0010,0.0224,0.0000,0.0000,0.0000,1.0000,2.250,,,,,,,
49,Left,11,0.0038,-0.0075,0.0342,0.0000,0.0000,0.0000,1.0000,2.250,,,,,,,
49,Left,12,-0.0020,0.0050,0.0615,0.1541,-0.0916,0.0183,0.9836,2.250,,,,,,,
49,Left,13,0.0000,0.0000,0.0429,0.0813,-0.0034,0.0117,0.9966,2.250,,,,,,,
49,Left,14,0.0000,0.0000,0.0275,0.0031,-0.0004,0.0439,0.9990,2.250,,,,,,,
49,Left,15,-0.0003,0.0011,0.0250,0.0000,0.0000,0.0000,1.0000,2.250,,,,,,,
49,Left,16,-0.0150,-0.0060,0.0348,0.0000,0.0000,0.0000,1.0000,2.250,,,,,,,
49,Left,17,-0.0025,-0.0005,0.0539,0.1325,-0.1233,0.0629,0.9815,2.250,,,,,,,
49,Left,18,0.0000,0.0000,0.0390,0.0930,0.0002,0.0357,0.9950,2.250,,,,,,,
49,Left,19,0.0000,0.0000,0.0266,0.0475,0.0295,0.0069,0.9984,2.250,,,,,,,
49,Left,20,-0.0003,0.0016,0.0243,0.0000,0.0000,0.0000,1.0000,2.250,,,,,,,
49,Left,21,-0.0230,-0.0094,0.0341,0.0183,-0.1403,0.2070,0.9680,2.250,,,,,,,
49,Left,22,0.0000,0.0000,0.0457,0.0212,-0.0536,-0.0905,0.9942,2.250,,,,,,,
49,Left,23,0.0000,0.0000,0.0307,0.1934,-0.0341,0.0550,0.9790,2.250,,,,,,,
49,Left,24,0.0000,0.0000,0.0203,0.0355,0.0491,-0.0008,0.9982,2.250,,,,,,,
49,Left,25,0.0002,0.0012,0.0219,0.0000,0.0000,0.0000,1.0000,2.250,,,,,,,
49,Right,0,-0.0029,-0.0049,0.0647,0.0000,0.0000,0.0000,1.0000,2.250,,,,,,,
49,Right,1,0.0000,0.0000,0.0000,0.0000,0.0000,0.0000,1.0000,2.250,0.0570,0.2408,0.1000,-0.6018,0.0749,0.2156,-0.7654
49,Right,2,-0.0311,-0.0143,0.0336,-0.1361,-0.3528,0.5318,0.7578,2.250,,,,,,,
49,Right,3,0.0000,0.0000,0.0325,0.1578,0.0562,-0.0825,0.9824,2.250,,,,,,,
49,Right,4,0.0000,0.0000,0.0338,0.1160,-0.0504,0.0791,0.9888,2.250,,,,,,,
49,Right,5,0.0007,0.0010,0.0246,0.0000,0.0000,0.0000,1.0000,2.250,,,,,,,
49,Right,6,-0.0203,-0.0086,0.0360,0.0000,0.0000,0.0000,1.0000,2.250,,,,,,,
49,Right,7,-0.0033,0.0013,0.0600,0.0729,0.0532,0.0304,0.9955,2.250,,,,,,,
49,Right,8,0.0000,0.0000,0.0379,0.1405,0.0035,-0.0263,0.9897,2.250,,,,,,,
49,Right,9,0.0000,0.0000,0.0243,0.0367,0.0254,-0.0166,0.9989,2.250,,,,,,,
49,Right,10,0.0003,0.0010,0.0224,0.0000,0.0000,0.0000,1.0000,2.250,,,,,,,
49,Right,11,-0.0041,-0.0072,0.0338,0.0000,0.0000,0.0000,1.0000,2.250,,,,,,,
49,Right,12,0.0023,0.0047,0.0618,0.1335,0.0966,-0.0170,0.9862,2.250,,,,,,,
49,Right,13,0.0000,0.0000,0.0429,0.1310,0.0028,-0.0120,0.9913,2.250,,,,,,,
49,Right,14,0.0000,0.0000,0.0275,-0.0048,0.0008,-0.0432,0.9991,2.250,,,,,,,
49,Right,15,0.0003,0.0011,0.0250,0.0000,0.0000,0.0000,1.0000,2.250,,,,,,,
49,Right,16,0.0150,-0.0060,0.0348,0.0000,0.0000,0.0000,1.0000,2.250,,,,,,,
49,Right,17,0.0025,-0.0005,0.0539,0.1153,0.1193,-0.0606,0.9843,2.250,,,,,,,
49,Right,18,0.0000,0.0000,0.0390,0.1306,-0.0014,-0.0365,0.9908,2.250,,,,,,,
49,Right,19,0.0000,0.0000,0.0266,0.0491,-0.0295,-0.0070,0.9983,2.250,,,,,,,
49,Right,20,0.0003,0.0016,0.0243,0.0000,0.0000,0.0000,1.0000,2.250,,,,,,,
49,Right,21,0.0230,-0.0094,0.0341,0.0183,0.1403,-0.2070,0.9680,2.250,,,,,,,
49,Right,22,0.0000,0.0000,0.0457,-0.0361,0.0605,0.0966,0.9928,2.250,,,,,,,
49,Right,23,0.0000,0.0000,0.0307,0.1812,0.0347,-0.0540,0.9813,2.250,,,,,,,
49,Right,24,0.0000,0.0000,0.0203,0.0025,-0.0492,0.0007,0.9988,2.250,,,,,,,
49,Right,25,-0.0002,0.0012,0.0219,0.0000,0.0000,0.0000,1.0000,2.250,,,,,,,
50,Left,0,0.0028,-0.0050,0.0649,0.0000,0.0000,0.0000,1.0000,2.293,,,,,,,
50,Left,1,0.0000,0.0000,0.0000,0.0000,0.0000,0.0000,1.0000,2.293,-0.0649,0.2416,-0.0303,0.3665,-0.7856,0.4934,0.0715
50,Left,2,0.0306,-0.0154,0.0342,-0.1974,0.2274,-0.5172,0.8012,2.293,,,,,,,
50,Left,3,0.0000,0.0000,0.0325,0.0112,-0.0693,0.0832,0.9941,2.293,,,,,,,
50,Left,4,0.0000,0.0000,0.0338,-0.0723,0.0661,-0.0838,0.9917,2.293,,,,,,,
50,Left,5,-0.0007,0.0010,0.0246,0.0000,0.0000,0.0000,1.0000,2.293,,,,,,,
50,Left,6,0.0200,-0.0092,0.0363,0.0000,0.0000,0.0000,1.0000,2.293,,,,,,,
50,Left,7,0.0036,0.0019,0.0597,0.0832,-0.0551,-0.0301,0.9946,2.293,,,,,,,
50,Left,8,0.0000,0.0000,0.0379,0.0959,-0.0047,0.0262,0.9950,2.293,,,,,,,
50,Left,9,0.0000,0.0000,0.0243,0.0541,-0.0251,0.0167,0.9981,2.293,,,,,,,
50,Left,10,-0.0003,0.0010,0.0224,0.0000,0.0000,0.0000,1.0000,2.293,,,,,,,
50,Left,11,0.0038,-0.0075,0.0341,0.0000,0.0000,0.0000,1.0000,2.293,,,,,,,
50,Left,12,-0.0021,0.0049,0.0615,0.1551,-0.0928,0.0186,0.9833,2.293,,,,,,,
50,Left,13,0.0000,0.0000,0.0429,0.0758,-0.0035,0.0117,0.9970,2.293,,,,,,,
50,Left,14,0.0000,0.0000,0.0275,0.0017,-0.0005,0.0438,0.9990,2.293,,,,,,,
50,Left,15,-0.0003,0.0011,0.0250,0.0000,0.0000,0.0000,1.0000,2.293,,,,,,,
50,Left,16,-0.0150,-0.0060,0.0348,0.0000,0.0000,0.0000,1.0000,2.293,,,,,,,
50,Left,17,-0.0025,-0.0005,0.0539,0.1328,-0.1251,0.0631,0.9812,2.293,,,,,,,
50,Left,18,0.0000,0.0000,0.0390,0.0907,0.0001,0.0356,0.9952,2.293,,,,,,,
50,Left,19,0.0000,0.0000,0.0266,0.0465,0.0295,0.0068,0.9985,2.293,,,,,,,
50,Left,20,-0.0003,0.0016,0.0243,0.0000,0.0000,0.0000,1.0000,2.293,,,,,,,
50,Left,21,-0.0230,-0.0094,0.0341,0.0183,-0.1403,0.2070,0.9680,2.293,,,,,,,
50,Left,22,0.0000,0.0000,0.0457,0.0200,-0.0552,-0.0906,0.9942,2.293,,,,,,,
50,Left,23,0.0000,0.0000,0.0307,0.1906,-0.0342,0.0548,0.9795,2.293,,,,,,,
50,Left,24,0.0000,0.0000,0.0203,0.0341,0.0491,-0.0008,0.9982,2.293,,,,,,,
50,Left,25,0.0002,0.0012,0.0219,0.0000,0.0000,0.0000,1.0000,2.293,,,,,,,
50,Right,0,-0.0029,-0.0049,0.0647,0.0000,0.0000,0.0000,1.0000,2.293,,,,,,,
50,Right,1,0.0000,0.0000,0.0000,0.0000,0.0000,0.0000,1.0000,2.293,0.0564,0.2407,0.1003,-0.6021,0.0817,0.2122,-0.7654
50,Right,2,-0.0312,-0.0143,0.0336,-0.1374,-0.3516,0.5310,0.7587,2.293,,,,,,,
50,Right,3,0.0000,0.0000,0.0325,0.1562,0.0563,-0.0825,0.9827,2.293,,,,,,,
50,Right,4,0.0000,0.0000,0.0338,0.1247,-0.0496,0.0788,0.9878,2.293,,,,,,,
50,Right,5,0.0007,0.0010,0.0246,0.0000,0.0000,0.0000,1.0000,2.293,,,,,,,
50,Right,6,-0.0203,-0.0086,0.0360,0.0000,0.0000,0.0000,1.0000,2.293,,,,,,,
50,Right,7,-0.0033,0.0013,0.0600,0.0723,0.0542,0.0304,0.9954,2.293,,,,,,,
50,Right,8,0.0000,0.0000,0.0379,0.1414,0.0035,-0.0263,0.9896,2.293,,,,,,,
50,Right,9,0.0000,0.0000,0.0243,0.0384,0.0254,-0.0166,0.9988,2.293,,,,,,,
50,Right,10,0.0003,0.0010,0.0224,0.0000,0.0000,0.0000,1.0000,2.293,,,,,,,
50,Right,11,-0.0041,-0.0072,0.0338,0.0000,0.0000,0.0000,1.0000,2.293,,,,,,,
50,Right,12,0.0024,0.0047,0.0618,0.1333,0.0980,-0.0171,0.9861,2.293,,,,,,,
50,Right,13,0.0000,0.0000,0.0429,0.1326,0.0028,-0.0120,0.9911,2.293,,,,,,,
50,Right,14,0.0000,0.0000,0.0275,-0.0039,0.0007,-0.0432,0.9991,2.293,,,,,,,
50,Right,15,0.0003,0.0011,0.0250,0.0000,0.0000,0.0000,1.0000,2.293,,,,,,,
50,Right,16,0.0150,-0.0060,0.0348,0.0000,0.0000,0.0000,1.0000,2.293,,,,,,,
50,Right,17,0.0025,-0.0005,0.0539,0.1160,0.1211,-0.0608,0.9840,2.293,,,,,,,
50,Right,18,0.0000,0.0000,0.0390,0.1333,-0.0015,-0.0366,0.9904,2.293,,,,,,,
50,Right,19,0.0000,0.0000,0.0266,0.0501,-0.0295,-0.0070,0.9983,2.293,,,,,,,
50,Right,20,0.0003,0.0016,0.0243,0.0000,0.0000,0.0000,1.0000,2.293,,,,,,,
50,Right,21,0.0230,-0.0094,0.0341,0.0183,0.1403,-0.2070,0.9680,2.293,,,,,,,
50,Right,22,0.0000,0.0000,0.0457,-0.0362,0.0650,0.0967,0.9925,2.293,,,,,,,
50,Right,23,0.0000,0.0000,0.0307,0.1858,0.0344,-0.0544,0.9805,2.293,,,,,,,
50,Right,24,0.0000,0.0000,0.0203,0.0019,-0.0492,0.0007,0.9988,2.293,,,,,,,
50,Right,25,-0.0002,0.0012,0.0219,0.0000,0.0000,0.0000,1.0000,2.293,,,,,,,
51,Left,0,0.0028,-0.0050,0.0649,0.0000,0.0000,0.0000,1.0000,2.333,,,,,,,
51,Left,1,0.0000,0.0000,0.0000,0.0000,0.0000,0.0000,1.0000,2.333,-0.0642,0.2411,-0.0310,0.3693,-0.7852,0.4926,0.0655
51,Left,2,0.0307,-0.0153,0.0341,-0.1996,0.2287,-0.5135,0.8026,2.333,,,,,,,
51,Left,3,0.0000,0.0000,0.0325,0.0116,-0.0692,0.0832,0.9941,2.333,,,,,,,
51,Left,4,0.0000,0.0000,0.0338,-0.0696,0.0659,-0.0837,0.9919,2.333,,,,,,,
51,Left,5,-0.0007,0.0010,0.0246,0.0000,0.0000,0.0000,1.0000,2.333,,,,,,,
51,Left,6,0.0200,-0.0091,0.0362,0.0000,0.0000,0.0000,1.0000,2.333,,,,,,,
51,Left,7,0.0035,0.0018,0.0597,0.0866,-0.0542,-0.0301,0.9943,2.333,,,,,,,
51,Left,8,0.0000,0.0000,0.0379,0.0881,-0.0049,0.0262,0.9958,2.333,,,,,,,
51,Left,9,0.0000,0.0000,0.0243,0.0523,-0.0251,0.0167,0.9982,2.333,,,,,,,
51,Left,10,-0.0003,0.0010,0.0224,0.0000,0.0000,0.0000,1.0000,2.333,,,,,,,
51,Left,11,0.0038,-0.0074,0.0341,0.0000,0.0000,0.0000,1.0000,2.333,,,,,,,
51,Left,12,-0.0021,0.0049,0.0616,0.1567,-0.0937,0.0188,0.9830,2.333,,,,,,,
51,Left,13,0.0000,0.0000,0.0429,0.0712,-0.0035,0.0117,0.9974,2.333,,,,,,,
51,Left,14,0.0000,0.0000,0.0275,0.0006,-0.0005,0.0437,0.9990,2.333,,,,,,,
51,Left,15,-0.0003,0.0011,0.0250,0.0000,0.0000,0.0000,1.0000,2.333,,,,,,,
51,Left,16,-0.0150,-0.0060,0.0348,0.0000,0.0000,0.0000,1.0000,2.333,,,,,,,
51,Left,17,-0.0025,-0.0005,0.0539,0.1336,-0.1266,0.0633,0.9809,2.333,,,,,,,
51,Left,18,0.0000,0.0000,0.0390,0.0879,0.0000,0.0356,0.9955,2.333,,,,,,,
51,Left,19,0.0000,0.0000,0.0266,0.0459,0.0295,0.0068,0.9985,2.333,,,,,,,
51,Left,20,-0.0003,0.0016,0.0243,0.0000,0.0000,0.0000,1.0000,2.333,,,,,,,
51,Left,21,-0.0230,-0.0094,0.0341,0.0183,-0.1403,0.2070,0.9680,2.333,,,,,,,
51,Left,22,0.0000,0.0000,0.0457,0.0192,-0.0566,-0.0906,0.9941,2.333,,,,,,,
51,Left,23,0.0000,0.0000,0.0307,0.1876,-0.0344,0.0546,0.9801,2.333,,,,,,,
51,Left,24,0.0000,0.0000,0.0203,0.0332,0.0491,-0.0008,0.9982,2.333,,,,,,,
51,Left,25,0.0002,0.0012,0.0219,0.0000,0.0000,0.0000,1.0000,2.333,,,,,,,
51,Right,0,-0.0029,-0.0049,0.0647,0.0000,0.0000,0.0000,1.0000,2.333,,,,,,,
51,Right,1,0.0000,0.0000,0.0000,0.0000,0.0000,0.0000,1.0000,2.333,0.0559,0.2407,0.1005,-0.6019,0.0876,0.2098,-0.7655
51,Right,2,-0.0312,-0.0143,0.0336,-0.1387,-0.3507,0.5301,0.7595,2.333,,,,,,,
51,Right,3,0.0000,0.0000,0.0325,0.1545,0.0565,-0.0825,0.9829,2.333,,,,,,,
51,Right,4,0.0000,0.0000,0.0338,0.1326,-0.0489,0.0785,0.9868,2.333,,,,,,,
51,Right,5,0.0007,0.0010,0.0246,0.0000,0.0000,0.0000,1.0000,2.333,,,,,,,
51,Right,6,-0.0203,-0.0086,0.0360,0.0000,0.0000,0.0000,1.0000,2.333,,,,,,,
51,Right,7,-0.0033,0.0013,0.0600,0.0717,0.0548,0.0304,0.9955,2.333,,,,,,,
51,Right,8,0.0000,0.0000,0.0379,0.1427,0.0034,-0.0263,0.9894,2.333,,,,,,,
51,Right,9,0.0000,0.0000,0.0243,0.0401,0.0254,-0.0166,0.9987,2.333,,,,,,,
51,Right,10,0.0003,0.0010,0.0224,0.0000,0.0000,0.0000,1.0000,2.333,,,,,,,
51,Right,11,-0.0041,-0.0072,0.0338,0.0000,0.0000,0.0000,1.0000,2.333,,,,,,,
51,Right,12,0.0024,0.0046,0.0618,0.1330,0.0992,-0.0171,0.9860,2.333,,,,,,,
51,Right,13,0.0000,0.0000,0.0429,0.1343,0.0028,-0.0120,0.9909,2.333,,,,,,,
51,Right,14,0.0000,0.0000,0.0275,-0.0029,0.0007,-0.0433,0.9991,2.333,,,,,,,
51,Right,15,0.0003,0.0011,0.0250,0.0000,0.0000,0.0000,1.0000,2.333,,,,,,,
51,Right,16,0.0150,-0.0060,0.0348,0.0000,0.0000,0.0000,1.0000,2.333,,,,,,,
51,Right,17,0.0025,-0.0005,0.0539,0.1167,0.1229,-0.0610,0.9836,2.333,,,,,,,
51,Right,18,0.0000,0.0000,0.0390,0.1355,-0.0016,-0.0366,0.9901,2.333,,,,,,,
51,Right,19,0.0000,0.0000,0.0266,0.0510,-0.0295,-0.0070,0.9982,2.333,,,,,,,
51,Right,20,0.0003,0.0016,0.0243,0.0000,0.0000,0.0000,1.0000,2.333,,,,,,,
51,Right,21,0.0230,-0.0094,0.0341,0.0183,0.1403,-0.2070,0.9680,2.333,,,,,,,
51,Right,22,0.0000,0.0000,0.0457,-0.0360,0.0690,0.0968,0.9923,2.333,,,,,,,
51,Right,23,0.0000,0.0000,0.0307,0.1898,0.0343,-0.0547,0.9797,2.333,,,,,,,
51,Right,24,0.0000,0.0000,0.0203,0.0014,-0.0492,0.0007,0.9988,2.333,,,,,,,
51,Right,25,-0.0002,0.0012,0.0219,0.0000,0.0000,0.0000,1.0000,2.333,,,,,,,
52,Left,0,0.0028,-0.0050,0.0648,0.0000,0.0000,0.0000,1.0000,2.388,,,,,,,
52,Left,1,0.0000,0.0000,0.0000,0.0000,0.0000,0.0000,1.0000,2.388,-0.0638,0.2408,-0.0319,0.3721,-0.7847,0.4925,0.0566
52,Left,2,0.0308,-0.0151,0.0340,-0.2018,0.2300,-0.5097,0.8041,2.388,,,,,,,
52,Left,3,0.0000,0.0000,0.0325,0.0128,-0.0691,0.0832,0.9940,2.388,,,,,,,
52,Left,4,0.0000,0.0000,0.0338,-0.0649,0.0655,-0.0836,0.9922,2.388,,,,,,,
52,Left,5,-0.0007,0.0010,0.0246,0.0000,0.0000,0.0000,1.0000,2.388,,,,,,,
52,Left,6,0.0201,-0.0090,0.0362,0.0000,0.0000,0.0000,1.0000,2.388,,,,,,,
52,Left,7,0.0035,0.0017,0.0598,0.0923,-0.0534,-0.0300,0.9938,2.388,,,,,,,
52,Left,8,0.0000,0.0000,0.0379,0.0847,-0.0050,0.0262,0.9960,2.388,,,,,,,
52,Left,9,0.0000,0.0000,0.0243,0.0512,-0.0252,0.0167,0.9982,2.388,,,,,,,
52,Left,10,-0.0003,0.0010,0.0224,0.0000,0.0000,0.0000,1.0000,2.388,,,,,,,
52,Left,11,0.0039,-0.0074,0.0340,0.0000,0.0000,0.0000,1.0000,2.388,,,,,,,
52,Left,12,-0.0022,0.0049,0.0616,0.1584,-0.0943,0.0191,0.9827,2.388,,,,,,,
52,Left,13,0.0000,0.0000,0.0429,0.0682,-0.0036,0.0117,0.9976,2.388,,,,,,,
52,Left,14,0.0000,0.0000,0.0275,-0.0003,-0.0006,0.0436,0.9990,2.388,,,,,,,
52,Left,15,-0.0003,0.0011,0.0250,0.0000,0.0000,0.0000,1.0000,2.388,,,,,,,
52,Left,16,-0.0150,-0.0060,0.0348,0.0000,0.0000,0.0000,1.0000,2.388,,,,,,,
52,Left,17,-0.0025,-0.0005,0.0539,0.1342,-0.1276,0.0635,0.9806,2.388,,,,,,,
52,Left,18,0.0000,0.0000,0.0390,0.0857,-0.0001,0.0355,0.9957,2.388,,,,,,,
52,Left,19,0.0000,0.0000,0.0266,0.0454,0.0295,0.0068,0.9985,2.388,,,,,,,
52,Left,20,-0.0003,0.0016,0.0243,0.0000,0.0000,0.0000,1.0000,2.388,,,,,,,
52,Left,21,-0.0230,-0.0094,0.0341,0.0183,-0.1403,0.2070,0.9680,2.388,,,,,,,
52,Left,22,0.0000,0.0000,0.0457,0.0186,-0.0575,-0.0907,0.9940,2.388,,,,,,,
52,Left,23,0.0000,0.0000,0.0307,0.1862,-0.0344,0.0544,0.9804,2.388,,,,,,,
52,Left,24,0.0000,0.0000,0.0203,0.0327,0.0491,-0.0008,0.9983,2.388,,,,,,,
52,Left,25,0.0002,0.0012,0.0219,0.0000,0.0000,0.0000,1.0000,2.388,,,,,,,
52,Right,0,-0.0029,-0.0049,0.0647,0.0000,0.0000,0.0000,1.0000,2.388,,,,,,,
52,Right,1,0.0000,0.0000,0.0000,0.0000,0.0000,0.0000,1.0000,2.388,0.0554,0.2407,0.1011,-0.6022,0.0917,0.2079,-0.7653
52,Right,2,-0.0312,-0.0142,0.0336,-0.1392,-0.3505,0.5297,0.7598,2.388,,,,,,,
52,Right,3,0.0000,0.0000,0.0325,0.1531,0.0566,-0.0826,0.9831,2.388,,,,,,,
52,Right,4,0.0000,0.0000,0.0338,0.1407,-0.0481,0.0782,0.9858,2.388,,,,,,,
52,Right,5,0.0007,0.0010,0.0246,0.0000,0.0000,0.0000,1.0000,2.388,,,,,,,
52,Right,6,-0.0203,-0.0086,0.0360,0.0000,0.0000,0.0000,1.0000,2.388,,,,,,,
52,Right,7,-0.0033,0.0013,0.0600,0.0717,0.0552,0.0304,0.9954,2.388,,,,,,,
52,Right,8,0.0000,0.0000,0.0379,0.1436,0.0034,-0.0263,0.9893,2.388,,,,,,,
52,Right,9,0.0000,0.0000,0.0243,0.0415,0.0253,-0.0166,0.9987,2.388,,,,,,,
52,Right,10,0.0003,0.0010,0.0224,0.0000,0.0000,0.0000,1.0000,2.388,,,,,,,
52,Right,11,-0.0041,-0.0072,0.0338,0.0000,0.0000,0.0000,1.0000,2.388,,,,,,,
52,Right,12,0.0024,0.0046,0.0618,0.1334,0.1004,-0.0173,0.9858,2.388,,,,,,,
52,Right,13,0.0000,0.0000,0.0429,0.1363,0.0028,-0.0120,0.9906,2.388,,,,,,,
52,Right,14,0.0000,0.0000,0.0275,-0.0020,0.0006,-0.0434,0.9991,2.388,,,,,,,
52,Right,15,0.0003,0.0011,0.0250,0.0000,0.0000,0.0000,1.0000,2.388,,,,,,,
52,Right,16,0.0150,-0.0060,0.0348,0.0000,0.0000,0.0000,1.0000,2.388,,,,,,,
52,Right,17,0.0025,-0.0005,0.0539,0.1178,0.1246,-0.0612,0.9833,2.388,,,,,,,
52,Right,18,0.0000,0.0000,0.0390,0.1376,-0.0017,-0.0366,0.9898,2.388,,,,,,,
52,Right,19,0.0000,0.0000,0.0266,0.0518,-0.0295,-0.0071,0.9982,2.388,,,,,,,
52,Right,20,0.0003,0.0016,0.0243,0.0000,0.0000,0.0000,1.0000,2.388,,,,,,,
52,Right,21,0.0230,-0.0094,0.0341,0.0183,0.1403,-0.2070,0.9680,2.388,,,,,,,
52,Right,22,0.0000,0.0000,0.0457,-0.0354,0.0725,0.0968,0.9920,2.388,,,,,,,
52,Right,23,0.0000,0.0000,0.0307,0.1924,0.0341,-0.0549,0.9792,2.388,,,,,,,
52,Right,24,0.0000,0.0000,0.0203,0.0008,-0.0492,0.0007,0.9988,2.388,,,,,,,
52,Right,25,-0.0002,0.0012,0.0219,0.0000,0.0000,0.0000,1.0000,2.388,,,,,,,
53,Left,0,0.0028,-0.0049,0.0648,0.0000,0.0000,0.0000,1.0000,2.429,,,,,,,
53,Left,1,0.0000,0.0000,0.0000,0.0000,0.0000,0.0000,1.0000,2.429,-0.0636,0.2406,-0.0326,0.3724,-0.7847,0.4934,0.0457
53,Left,2,0.0309,-0.0148,0.0339,-0.2053,0.2320,-0.5040,0.8062,2.429,,,,,,,
53,Left,3,0.0000,0.0000,0.0325,0.0145,-0.0690,0.0832,0.9940,2.429,,,,,,,
53,Left,4,0.0000,0.0000,0.0338,-0.0588,0.0651,-0.0835,0.9926,2.429,,,,,,,
53,Left,5,-0.0007,0.0010,0.0246,0.0000,0.0000,0.0000,1.0000,2.429,,,,,,,
53,Left,6,0.0202,-0.0089,0.0361,0.0000,0.0000,0.0000,1.0000,2.429,,,,,,,
53,Left,7,0.0034,0.0015,0.0599,0.1028,-0.0525,-0.0298,0.9929,2.429,,,,,,,
53,Left,8,0.0000,0.0000,0.0379,0.0830,-0.0050,0.0262,0.9962,2.429,,,,,,,
53,Left,9,0.0000,0.0000,0.0243,0.0504,-0.0252,0.0167,0.9983,2.429,,,,,,,
53,Left,10,-0.0003,0.0010,0.0224,0.0000,0.0000,0.0000,1.0000,2.429,,,,,,,
53,Left,11,0.0040,-0.0073,0.0340,0.0000,0.0000,0.0000,1.0000,2.429,,,,,,,
53,Left,12,-0.0022,0.0048,0.0617,0.1602,-0.0946,0.0193,0.9823,2.429,,,,,,,
53,Left,13,0.0000,0.0000,0.0429,0.0665,-0.0036,0.0116,0.9977,2.429,,,,,,,
53,Left,14,0.0000,0.0000,0.0275,-0.0009,-0.0006,0.0435,0.9991,2.429,,,,,,,
53,Left,15,-0.0003,0.0011,0.0250,0.0000,0.0000,0.0000,1.0000,2.429,,,,,,,
53,Left,16,-0.0150,-0.0060,0.0348,0.0000,0.0000,0.0000,1.0000,2.429,,,,,,,
53,Left,17,-0.0025,-0.0005,0.0539,0.1348,-0.1282,0.0636,0.9805,2.429,,,,,,,
53,Left,18,0.0000,0.0000,0.0390,0.0842,-0.0001,0.0355,0.9958,2.429,,,,,,,
53,Left,19,0.0000,0.0000,0.0266,0.0452,0.0295,0.0068,0.9985,2.429,,,,,,,
53,Left,20,-0.0003,0.0016,0.0243,0.0000,0.0000,0.0000,1.0000,2.429,,,,,,,
53,Left,21,-0.0230,-0.0094,0.0341,0.0183,-0.1403,0.2070,0.9680,2.429,,,,,,,
53,Left,22,0.0000,0.0000,0.0457,0.0181,-0.0580,-0.0907,0.9940,2.429,,,,,,,
53,Left,23,0.0000,0.0000,0.0307,0.1851,-0.0345,0.0544,0.9806,2.429,,,,,,,
53,Left,24,0.0000,0.0000,0.0203,0.0324,0.0491,-0.0008,0.9983,2.429,,,,,,,
53,Left,25,0.0002,0.0012,0.0219,0.0000,0.0000,0.0000,1.0000,2.429,,,,,,,
53,Right,0,-0.0029,-0.0049,0.0647,0.0000,0.0000,0.0000,1.0000,2.429,,,,,,,
53,Right,1,0.0000,0.0000,0.0000,0.0000,0.0000,0.0000,1.0000,2.429,0.0549,0.2407,0.1015,-0.6027,0.0971,0.2045,-0.7652
53,Right,2,-0.0312,-0.0142,0.0336,-0.1391,-0.3507,0.5296,0.7597,2.429,,,,,,,
53,Right,3,0.0000,0.0000,0.0325,0.1521,0.0567,-0.0826,0.9833,2.429,,,,,,,
53,Right,4,0.0000,0.0000,0.0338,0.1486,-0.0474,0.0780,0.9847,2.429,,,,,,,
53,Right,5,0.0007,0.0010,0.0246,0.0000,0.0000,0.0000,1.0000,2.429,,,,,,,
53,Right,6,-0.0203,-0.0086,0.0360,0.0000,0.0000,0.0000,1.0000,2.429,,,,,,,
53,Right,7,-0.0033,0.0013,0.0600,0.0720,0.0554,0.0304,0.9954,2.429,,,,,,,
53,Right,8,0.0000,0.0000,0.0379,0.1441,0.0034,-0.0263,0.9892,2.429,,,,,,,
53,Right,9,0.0000,0.0000,0.0243,0.0424,0.0253,-0.0166,0.9986,2.429,,,,,,,
53,Right,10,0.0003,0.0010,0.0224,0.0000,0.0000,0.0000,1.0000,2.429,,,,,,,
53,Right,11,-0.0041,-0.0072,0.0338,0.0000,0.0000,0.0000,1.0000,2.429,,,,,,,
53,Right,12,0.0024,0.0046,0.0618,0.1340,0.1014,-0.0174,0.9856,2.429,,,,,,,
53,Right,13,0.0000,0.0000,0.0429,0.1374,0.0028,-0.0120,0.9904,2.429,,,,,,,
53,Right,14,0.0000,0.0000,0.0275,-0.0014,0.0006,-0.0435,0.9991,2.429,,,,,,,
53,Right,15,0.0003,0.0011,0.0250,0.0000,0.0000,0.0000,1.0000,2.429,,,,,,,
53,Right,16,0.0150,-0.0060,0.0348,0.0000,0.0000,0.0000,1.0000,2.429,,,,,,,
53,Right,17,0.0025,-0.0005,0.0539,0.1188,0.1262,-0.0614,0.9830,2.429,,,,,,,
53,Right,18,0.0000,0.0000,0.0390,0.1388,-0.0017,-0.0367,0.9896,2.429,,,,,,,
53,Right,19,0.0000,0.0000,0.0266,0.0524,-0.0295,-0.0071,0.9982,2.429,,,,,,,
53,Right,20,0.0003,0.0016,0.0243,0.0000,0.0000,0.0000,1.0000,2.429,,,,,,,
53,Right,21,0.0230,-0.0094,0.0341,0.0183,0.1403,-0.2070,0.9680,2.429,,,,,,,
53,Right,22,0.0000,0.0000,0.0457,-0.0347,0.0745,0.0968,0.9919,2.429,,,,,,,
53,Right,23,0.0000,0.0000,0.0307,0.1935,0.0341,-0.0550,0.9790,2.429,,,,,,,
53,Right,24,0.0000,0.0000,0.0203,0.0003,-0.0492,0.0007,0.9988,2.429,,,,,,,
53,Right,25,-0.0002,0.0012,0.0219,0.0000,0.0000,0.0000,1.0000,2.429,,,,,,,
54,Left,0,0.0029,-0.0049,0.0648,0.0000,0.0000,0.0000,1.0000,2.471,,,,,,,
54,Left,1,0.0000,0.0000,0.0000,0.0000,0.0000,0.0000,1.0000,2.471,-0.0631,0.2405,-0.0329,0.3699,-0.7857,0.4945,0.0365
54,Left,2,0.0311,-0.0143,0.0336,-0.2096,0.2365,-0.4959,0.8089,2.471,,,,,,,
54,Left,3,0.0000,0.0000,0.0325,0.0162,-0.0689,0.0832,0.9940,2.471,,,,,,,
54,Left,4,0.0000,0.0000,0.0338,-0.0543,0.0647,-0.0834,0.9929,2.471,,,,,,,
54,Left,5,-0.0007,0.0010,0.0246,0.0000,0.0000,0.0000,1.0000,2.471,,,,,,,
54,Left,6,0.0203,-0.0086,0.0360,0.0000,0.0000,0.0000,1.0000,2.471,,,,,,,
54,Left,7,0.0033,0.0013,0.0600,0.1126,-0.0513,-0.0297,0.9919,2.471,,,,,,,
54,Left,8,0.0000,0.0000,0.0379,0.0818,-0.0051,0.0262,0.9963,2.471,,,,,,,
54,Left,9,0.0000,0.0000,0.0243,0.0496,-0.0252,0.0167,0.9983,2.471,,,,,,,
54,Left,10,-0.0003,0.0010,0.0224,0.0000,0.0000,0.0000,1.0000,2.471,,,,,,,
54,Left,11,0.0041,-0.0072,0.0339,0.0000,0.0000,0.0000,1.0000,2.471,,,,,,,
54,Left,12,-0.0023,0.0047,0.0618,0.1629,-0.0942,0.0194,0.9820,2.471,,,,,,,
54,Left,13,0.0000,0.0000,0.0429,0.0651,-0.0036,0.0116,0.9978,2.471,,,,,,,
54,Left,14,0.0000,0.0000,0.0275,-0.0014,-0.0006,0.0435,0.9991,2.471,,,,,,,
54,Left,15,-0.0003,0.0011,0.0250,0.0000,0.0000,0.0000,1.0000,2.471,,,,,,,
54,Left,16,-0.0150,-0.0060,0.0348,0.0000,0.0000,0.0000,1.0000,2.471,,,,,,,
54,Left,17,-0.0025,-0.0005,0.0539,0.1354,-0.1282,0.0637,0.9804,2.471,,,,,,,
54,Left,18,0.0000,0.0000,0.0390,0.0829,-0.0002,0.0355,0.9959,2.471,,,,,,,
54,Left,19,0.0000,0.0000,0.0266,0.0452,0.0295,0.0068,0.9985,2.471,,,,,,,
54,Left,20,-0.0003,0.0016,0.0243,0.0000,0.0000,0.0000,1.0000,2.471,,,,,,,
54,Left,21,-0.0230,-0.0094,0.0341,0.0183,-0.1403,0.2070,0.9680,2.471,,,,,,,
54,Left,22,0.0000,0.0000,0.0457,0.0178,-0.0578,-0.0907,0.9940,2.471,,,,,,,
54,Left,23,0.0000,0.0000,0.0307,0.1840,-0.0345,0.0543,0.9808,2.471,,,,,,,
54,Left,24,0.0000,0.0000,0.0203,0.0325,0.0491,-0.0008,0.9983,2.471,,,,,,,
54,Left,25,0.0002,0.0012,0.0219,0.0000,0.0000,0.0000,1.0000,2.471,,,,,,,
54,Right,0,-0.0029,-0.0049,0.0647,0.0000,0.0000,0.0000,1.0000,2.471,,,,,,,
54,Right,1,0.0000,0.0000,0.0000,0.0000,0.0000,0.0000,1.0000,2.471,0.0546,0.2407,0.1018,-0.6017,0.1048,0.2016,-0.7657
54,Right,2,-0.0312,-0.0142,0.0336,-0.1394,-0.3506,0.5294,0.7599,2.471,,,,,,,
54,Right,3,0.0000,0.0000,0.0325,0.1510,0.0568,-0.0826,0.9834,2.471,,,,,,,
54,Right,4,0.0000,0.0000,0.0338,0.1554,-0.0468,0.0777,0.9837,2.471,,,,,,,
54,Right,5,0.0007,0.0010,0.0246,0.0000,0.0000,0.0000,1.0000,2.471,,,,,,,
54,Right,6,-0.0203,-0.0086,0.0360,0.0000,0.0000,0.0000,1.0000,2.471,,,,,,,
54,Right,7,-0.0032,0.0013,0.0600,0.0732,0.0557,0.0303,0.9953,2.471,,,,,,,
54,Right,8,0.0000,0.0000,0.0379,0.1444,0.0034,-0.0263,0.9892,2.471,,,,,,,
54,Right,9,0.0000,0.0000,0.0243,0.0431,0.0253,-0.0166,0.9986,2.471,,,,,,,
54,Right,10,0.0003,0.0010,0.0224,0.0000,0.0000,0.0000,1.0000,2.471,,,,,,,
54,Right,11,-0.0041,-0.0072,0.0338,0.0000,0.0000,0.0000,1.0000,2.471,,,,,,,
54,Right,12,0.0024,0.0046,0.0618,0.1349,0.1024,-0.0176,0.9854,2.471,,,,,,,
54,Right,13,0.0000,0.0000,0.0429,0.1381,0.0028,-0.0120,0.9903,2.471,,,,,,,
54,Right,14,0.0000,0.0000,0.0275,-0.0011,0.0006,-0.0435,0.9991,2.471,,,,,,,
54,Right,15,0.0003,0.0011,0.0250,0.0000,0.0000,0.0000,1.0000,2.471,,,,,,,
54,Right,16,0.0150,-0.0060,0.0348,0.0000,0.0000,0.0000,1.0000,2.471,,,,,,,
54,Right,17,0.0025,-0.0005,0.0539,0.1196,0.1277,-0.0616,0.9826,2.471,,,,,,,
54,Right,18,0.0000,0.0000,0.0390,0.1400,-0.0017,-0.0367,0.9895,2.471,,,,,,,
54,Right,19,0.0000,0.0000,0.0266,0.0530,-0.0295,-0.0071,0.9981,2.471,,,,,,,
54,Right,20,0.0003,0.0016,0.0243,0.0000,0.0000,0.0000,1.0000,2.471,,,,,,,
54,Right,21,0.0230,-0.0094,0.0341,0.0183,0.1403,-0.2070,0.9680,2.471,,,,,,,
54,Right,22,0.0000,0.0000,0.0457,-0.0345,0.0774,0.0969,0.9917,2.471,,,,,,,
54,Right,23,0.0000,0.0000,0.0307,0.1951,0.0340,-0.0552,0.9786,2.471,,,,,,,
54,Right,24,0.0000,0.0000,0.0203,-0.0001,-0.0492,0.0007,0.9988,2.471,,,,,,,
54,Right,25,-0.0002,0.0012,0.0219,0.0000,0.0000,0.0000,1.0000,2.471,,,,,,,
55,Left,0,0.0029,-0.0049,0.0647,0.0000,0.0000,0.0000,1.0000,2.514,,,,,,,
55,Left,1,0.0000,0.0000,0.0000,0.0000,0.0000,0.0000,1.0000,2.514,-0.0622,0.2401,-0.0331,0.3673,-0.7874,0.4941,0.0300
55,Left,2,0.0312,-0.0142,0.0336,-0.2100,0.2395,-0.4939,0.8091,2.514,,,,,,,
55,Left,3,0.0000,0.0000,0.0325,0.0189,-0.0686,0.0832,0.9940,2.514,,,,,,,
55,Left,4,0.0000,0.0000,0.0338,-0.0512,0.0645,-0.0834,0.9931,2.514,,,,,,,
55,Left,5,-0.0007,0.0010,0.0246,0.0000,0.0000,0.0000,1.0000,2.514,,,,,,,
55,Left,6,0.0203,-0.0086,0.0360,0.0000,0.0000,0.0000,1.0000,2.514,,,,,,,
55,Left,7,0.0032,0.0012,0.0600,0.1169,-0.0488,-0.0297,0.9915,2.514,,,,,,,
55,Left,8,0.0000,0.0000,0.0379,0.0797,-0.0051,0.0262,0.9965,2.514,,,,,,,
55,Left,9,0.0000,0.0000,0.0243,0.0488,-0.0252,0.0167,0.9984,2.514,,,,,,,
55,Left,10,-0.0003,0.0010,0.0224,0.0000,0.0000,0.0000,1.0000,2.514,,,,,,,
55,Left,11,0.0041,-0.0072,0.0338,0.0000,0.0000,0.0000,1.0000,2.514,,,,,,,
55,Left,12,-0.0024,0.0046,0.0618,0.1661,-0.0926,0.0195,0.9816,2.514,,,,,,,
55,Left,13,0.0000,0.0000,0.0429,0.0630,-0.0036,0.0116,0.9979,2.514,,,,,,,
55,Left,14,0.0000,0.0000,0.0275,-0.0017,-0.0006,0.0435,0.9991,2.514,,,,,,,
55,Left,15,-0.0003,0.0011,0.0250,0.0000,0.0000,0.0000,1.0000,2.514,,,,,,,
55,Left,16,-0.0150,-0.0060,0.0348,0.0000,0.0000,0.0000,1.0000,2.514,,,,,,,
55,Left,17,-0.0025,-0.0005,0.0539,0.1368,-0.1272,0.0638,0.9803,2.514,,,,,,,
55,Left,18,0.0000,0.0000,0.0390,0.0812,-0.0002,0.0354,0.9961,2.514,,,,,,,
55,Left,19,0.0000,0.0000,0.0266,0.0460,0.0295,0.0068,0.9985,2.514,,,,,,,
55,Left,20,-0.0003,0.0016,0.0243,0.0000,0.0000,0.0000,1.0000,2.514,,,,,,,
55,Left,21,-0.0230,-0.0094,0.0341,0.0183,-0.1403,0.2070,0.9680,2.514,,,,,,,
55,Left,22,0.0000,0.0000,0.0457,0.0175,-0.0567,-0.0908,0.9941,2.514,,,,,,,
55,Left,23,0.0000,0.0000,0.0307,0.1827,-0.0346,0.0542,0.9811,2.514,,,,,,,
55,Left,24,0.0000,0.0000,0.0203,0.0338,0.0491,-0.0008,0.9982,2.514,,,,,,,
55,Left,25,0.0002,0.0012,0.0219,0.0000,0.0000,0.0000,1.0000,2.514,,,,,,,
55,Right,0,-0.0029,-0.0049,0.0647,0.0000,0.0000,0.0000,1.0000,2.514,,,,,,,
55,Right,1,0.0000,0.0000,0.0000,0.0000,0.0000,0.0000,1.0000,2.514,0.0541,0.2406,0.1022,-0.6015,0.1110,0.1992,-0.7656
55,Right,2,-0.0312,-0.0142,0.0336,-0.1394,-0.3502,0.5295,0.7600,2.514,,,,,,,
55,Right,3,0.0000,0.0000,0.0325,0.1492,0.0570,-0.0826,0.9837,2.514,,,,,,,
55,Right,4,0.0000,0.0000,0.0338,0.1596,-0.0464,0.0776,0.9830,2.514,,,,,,,
55,Right,5,0.0007,0.0010,0.0246,0.0000,0.0000,0.0000,1.0000,2.514,,,,,,,
55,Right,6,-0.0203,-0.0086,0.0360,0.0000,0.0000,0.0000,1.0000,2.514,,,,,,,
55,Right,7,-0.0033,0.0013,0.0600,0.0753,0.0559,0.0303,0.9951,2.514,,,,,,,
55,Right,8,0.0000,0.0000,0.0379,0.1446,0.0034,-0.0263,0.9891,2.514,,,,,,,
55,Right,9,0.0000,0.0000,0.0243,0.0437,0.0253,-0.0167,0.9986,2.514,,,,,,,
55,Right,10,0.0003,0.0010,0.0224,0.0000,0.0000,0.0000,1.0000,2.514,,,,,,,
55,Right,11,-0.0041,-0.0072,0.0338,0.0000,0.0000,0.0000,1.0000,2.514,,,,,,,
55,Right,12,0.0024,0.0046,0.0618,0.1365,0.1036,-0.0179,0.9850,2.514,,,,,,,
55,Right,13,0.0000,0.0000,0.0429,0.1384,0.0028,-0.0120,0.9903,2.514,,,,,,,
55,Right,14,0.0000,0.0000,0.0275,-0.0008,0.0006,-0.0435,0.9991,2.514,,,,,,,
55,Right,15,0.0003,0.0011,0.0250,0.0000,0.0000,0.0000,1.0000,2.514,,,,,,,
55,Right,16,0.0150,-0.0060,0.0348,0.0000,0.0000,0.0000,1.0000,2.514,,,,,,,
55,Right,17,0.0025,-0.0005,0.0539,0.1202,0.1299,-0.0618,0.9823,2.514,,,,,,,
55,Right,18,0.0000,0.0000,0.0390,0.1413,-0.0018,-0.0367,0.9893,2.514,,,,,,,
55,Right,19,0.0000,0.0000,0.0266,0.0537,-0.0295,-0.0072,0.9981,2.514,,,,,,,
55,Right,20,0.0003,0.0016,0.0243,0.0000,0.0000,0.0000,1.0000,2.514,,,,,,,
55,Right,21,0.0230,-0.0094,0.0341,0.0183,0.1403,-0.2070,0.9680,2.514,,,,,,,
55,Right,22,0.0000,0.0000,0.0457,-0.0344,0.0806,0.0969,0.9914,2.514,,,,,,,
55,Right,23,0.0000,0.0000,0.0307,0.1976,0.0339,-0.0554,0.9781,2.514,,,,,,,
55,Right,24,0.0000,0.0000,0.0203,-0.0006,-0.0492,0.0007,0.9988,2.514,,,,,,,
55,Right,25,-0.0002,0.0012,0.0219,0.0000,0.0000,0.0000,1.0000,2.514,,,,,,,
56,Left,0,0.0029,-0.0048,0.0647,0.0000,0.0000,0.0000,1.0000,2.556,,,,,,,
56,Left,1,0.0000,0.0000,0.0000,0.0000,0.0000,0.0000,1.0000,2.556,-0.0612,0.2399,-0.0333,0.3650,-0.7887,0.4941,0.0235
56,Left,2,0.0313,-0.0140,0.0335,-0.2104,0.2440,-0.4912,0.8093,2.556,,,,,,,
56,Left,3,0.0000,0.0000,0.0325,0.0220,-0.0684,0.0832,0.9939,2.556,,,,,,,
56,Left,4,0.0000,0.0000,0.0338,-0.0485,0.0642,-0.0833,0.9933,2.556,,,,,,,
56,Left,5,-0.0007,0.0010,0.0246,0.0000,0.0000,0.0000,1.0000,2.556,,,,,,,
56,Left,6,0.0204,-0.0085,0.0359,0.0000,0.0000,0.0000,1.0000,2.556,,,,,,,
56,Left,7,0.0032,0.0012,0.0601,0.1275,-0.0456,-0.0298,0.9903,2.556,,,,,,,
56,Left,8,0.0000,0.0000,0.0379,0.0779,-0.0052,0.0262,0.9966,2.556,,,,,,,
56,Left,9,0.0000,0.0000,0.0243,0.0482,-0.0252,0.0167,0.9984,2.556,,,,,,,
56,Left,10,-0.0003,0.0010,0.0224,0.0000,0.0000,0.0000,1.0000,2.556,,,,,,,
56,Left,11,0.0041,-0.0071,0.0338,0.0000,0.0000,0.0000,1.0000,2.556,,,,,,,
56,Left,12,-0.0024,0.0046,0.0619,0.1719,-0.0909,0.0199,0.9807,2.556,,,,,,,
56,Left,13,0.0000,0.0000,0.0429,0.0611,-0.0037,0.0116,0.9981,2.556,,,,,,,
56,Left,14,0.0000,0.0000,0.0275,-0.0019,-0.0006,0.0434,0.9991,2.556,,,,,,,
56,Left,15,-0.0003,0.0011,0.0250,0.0000,0.0000,0.0000,1.0000,2.556,,,,,,,
56,Left,16,-0.0150,-0.0060,0.0348,0.0000,0.0000,0.0000,1.0000,2.556,,,,,,,
56,Left,17,-0.0025,-0.0005,0.0539,0.1380,-0.1260,0.0638,0.9803,2.556,,,,,,,
56,Left,18,0.0000,0.0000,0.0390,0.0798,-0.0003,0.0354,0.9962,2.556,,,,,,,
56,Left,19,0.0000,0.0000,0.0266,0.0467,0.0295,0.0068,0.9984,2.556,,,,,,,
56,Left,20,-0.0003,0.0016,0.0243,0.0000,0.0000,0.0000,1.0000,2.556,,,,,,,
56,Left,21,-0.0230,-0.0094,0.0341,0.0183,-0.1403,0.2070,0.9680,2.556,,,,,,,
56,Left,22,0.0000,0.0000,0.0457,0.0172,-0.0553,-0.0909,0.9942,2.556,,,,,,,
56,Left,23,0.0000,0.0000,0.0307,0.1814,-0.0347,0.0541,0.9813,2.556,,,,,,,
56,Left,24,0.0000,0.0000,0.0203,0.0350,0.0491,-0.0008,0.9982,2.556,,,,,,,
56,Left,25,0.0002,0.0012,0.0219,0.0000,0.0000,0.0000,1.0000,2.556,,,,,,,
56,Right,0,-0.0029,-0.0049,0.0647,0.0000,0.0000,0.0000,1.0000,2.556,,,,,,,
56,Right,1,0.0000,0.0000,0.0000,0.0000,0.0000,0.0000,1.0000,2.556,0.0538,0.2406,0.1022,-0.6007,0.1162,0.1979,-0.7658
56,Right,2,-0.0312,-0.0143,0.0336,-0.1392,-0.3500,0.5299,0.7599,2.556,,,,,,,
56,Right,3,0.0000,0.0000,0.0325,0.1478,0.0571,-0.0826,0.9839,2.556,,,,,,,
56,Right,4,0.0000,0.0000,0.0338,0.1686,-0.0456,0.0772,0.9816,2.556,,,,,,,
56,Right,5,0.0007,0.0010,0.0246,0.0000,0.0000,0.0000,1.0000,2.556,,,,,,,
56,Right,6,-0.0203,-0.0086,0.0360,0.0000,0.0000,0.0000,1.0000,2.556,,,,,,,
56,Right,7,-0.0033,0.0013,0.0600,0.0777,0.0561,0.0302,0.9949,2.556,,,,,,,
56,Right,8,0.0000,0.0000,0.0379,0.1444,0.0034,-0.0263,0.9892,2.556,,,,,,,
56,Right,9,0.0000,0.0000,0.0243,0.0440,0.0253,-0.0167,0.9986,2.556,,,,,,,
56,Right,10,0.0003,0.0010,0.0224,0.0000,0.0000,0.0000,1.0000,2.556,,,,,,,
56,Right,11,-0.0041,-0.0072,0.0338,0.0000,0.0000,0.0000,1.0000,2.556,,,,,,,
56,Right,12,0.0024,0.0046,0.0618,0.1379,0.1047,-0.0181,0.9847,2.556,,,,,,,
56,Right,13,0.0000,0.0000,0.0429,0.1384,0.0028,-0.0120,0.9903,2.556,,,,,,,
56,Right,14,0.0000,0.0000,0.0275,-0.0007,0.0006,-0.0436,0.9991,2.556,,,,,,,
56,Right,15,0.0003,0.0011,0.0250,0.0000,0.0000,0.0000,1.0000,2.556,,,,,,,
56,Right,16,0.0150,-0.0060,0.0348,0.0000,0.0000,0.0000,1.0000,2.556,,,,,,,
56,Right,17,0.0025,-0.0005,0.0539,0.1204,0.1316,-0.0620,0.9820,2.556,,,,,,,
56,Right,18,0.0000,0.0000,0.0390,0.1420,-0.0018,-0.0367,0.9892,2.556,,,,,,,
56,Right,19,0.0000,0.0000,0.0266,0.0541,-0.0295,-0.0072,0.9981,2.556,,,,,,,
56,Right,20,0.0003,0.0016,0.0243,0.0000,0.0000,0.0000,1.0000,2.556,,,,,,,
56,Right,21,0.0230,-0.0094,0.0341,0.0183,0.1403,-0.2070,0.9680,2.556,,,,,,,
56,Right,22,0.0000,0.0000,0.0457,-0.0344,0.0852,0.0970,0.9910,2.556,,,,,,,
56,Right,23,0.0000,0.0000,0.0307,0.1993,0.0338,-0.0555,0.9778,2.556,,,,,,,
56,Right,24,0.0000,0.0000,0.0203,-0.0009,-0.0492,0.0007,0.9988,2.556,,,,,,,
56,Right,25,-0.0002,0.0012,0.0219,0.0000,0.0000,0.0000,1.0000,2.556,,,,,,,
57,Left,0,0.0029,-0.0048,0.0647,0.0000,0.0000,0.0000,1.0000,2.598,,,,,,,
57,Left,1,0.0000,0.0000,0.0000,0.0000,0.0000,0.0000,1.0000,2.598,-0.0604,0.2400,-0.0337,0.3628,-0.7890,0.4955,0.0179
57,Left,2,0.0313,-0.0139,0.0334,-0.2086,0.2498,-0.4909,0.8081,2.598,,,,,,,
57,Left,3,0.0000,0.0000,0.0325,0.0255,-0.0681,0.0832,0.9939,2.598,,,,,,,
57,Left,4,0.0000,0.0000,0.0338,-0.0475,0.0642,-0.0833,0.9933,2.598,,,,,,,
57,Left,5,-0.0007,0.0010,0.0246,0.0000,0.0000,0.0000,1.0000,2.598,,,,,,,
57,Left,6,0.0204,-0.0084,0.0359,0.0000,0.0000,0.0000,1.0000,2.598,,,,,,,
57,Left,7,0.0032,0.0011,0.0601,0.1332,-0.0428,-0.0300,0.9897,2.598,,,,,,,
57,Left,8,0.0000,0.0000,0.0379,0.0750,-0.0052,0.0262,0.9968,2.598,,,,,,,
57,Left,9,0.0000,0.0000,0.0243,0.0473,-0.0252,0.0167,0.9984,2.598,,,,,,,
57,Left,10,-0.0003,0.0010,0.0224,0.0000,0.0000,0.0000,1.0000,2.598,,,,,,,
57,Left,11,0.0042,-0.0071,0.0337,0.0000,0.0000,0.0000,1.0000,2.598,,,,,,,
57,Left,12,-0.0024,0.0046,0.0619,0.1763,-0.0890,0.0200,0.9801,2.598,,,,,,,
57,Left,13,0.0000,0.0000,0.0429,0.0585,-0.0037,0.0116,0.9982,2.598,,,,,,,
57,Left,14,0.0000,0.0000,0.0275,-0.0022,-0.0006,0.0434,0.9991,2.598,,,,,,,
57,Left,15,-0.0003,0.0011,0.0250,0.0000,0.0000,0.0000,1.0000,2.598,,,,,,,
57,Left,16,-0.0150,-0.0060,0.0348,0.0000,0.0000,0.0000,1.0000,2.598,,,,,,,
57,Left,17,-0.0025,-0.0005,0.0539,0.1393,-0.1246,0.0639,0.9803,2.598,,,,,,,
57,Left,18,0.0000,0.0000,0.0390,0.0781,-0.0004,0.0354,0.9963,2.598,,,,,,,
57,Left,19,0.0000,0.0000,0.0266,0.0476,0.0295,0.0069,0.9984,2.598,,,,,,,
57,Left,20,-0.0003,0.0016,0.0243,0.0000,0.0000,0.0000,1.0000,2.598,,,,,,,
57,Left,21,-0.0230,-0.0094,0.0341,0.0183,-0.1403,0.2070,0.9680,2.598,,,,,,,
57,Left,22,0.0000,0.0000,0.0457,0.0169,-0.0538,-0.0909,0.9943,2.598,,,,,,,
57,Left,23,0.0000,0.0000,0.0307,0.1797,-0.0347,0.0539,0.9816,2.598,,,,,,,
57,Left,24,0.0000,0.0000,0.0203,0.0361,0.0491,-0.0009,0.9981,2.598,,,,,,,
57,Left,25,0.0002,0.0012,0.0219,0.0000,0.0000,0.0000,1.0000,2.598,,,,,,,
57,Right,0,-0.0029,-0.0049,0.0647,0.0000,0.0000,0.0000,1.0000,2.598,,,,,,,
57,Right,1,0.0000,0.0000,0.0000,0.0000,0.0000,0.0000,1.0000,2.598,0.0534,0.2407,0.1022,-0.5998,0.1196,0.1972,-0.7662
57,Right,2,-0.0312,-0.0143,0.0336,-0.1387,-0.3498,0.5304,0.7597,2.598,,,,,,,
57,Right,3,0.0000,0.0000,0.0325,0.1464,0.0573,-0.0826,0.9841,2.598,,,,,,,
57,Right,4,0.0000,0.0000,0.0338,0.1749,-0.0450,0.0770,0.9805,2.598,,,,,,,
57,Right,5,0.0007,0.0010,0.0246,0.0000,0.0000,0.0000,1.0000,2.598,,,,,,,
57,Right,6,-0.0203,-0.0086,0.0360,0.0000,0.0000,0.0000,1.0000,2.598,,,,,,,
57,Right,7,-0.0033,0.0013,0.0600,0.0795,0.0564,0.0301,0.9948,2.598,,,,,,,
57,Right,8,0.0000,0.0000,0.0379,0.1442,0.0034,-0.0263,0.9892,2.598,,,,,,,
57,Right,9,0.0000,0.0000,0.0243,0.0443,0.0253,-0.0167,0.9986,2.598,,,,,,,
57,Right,10,0.0003,0.0010,0.0224,0.0000,0.0000,0.0000,1.0000,2.598,,,,,,,
57,Right,11,-0.0041,-0.0072,0.0338,0.0000,0.0000,0.0000,1.0000,2.598,,,,,,,
57,Right,12,0.0024,0.0047,0.0618,0.1391,0.1058,-0.0184,0.9844,2.598,,,,,,,
57,Right,13,0.0000,0.0000,0.0429,0.1383,0.0028,-0.0120,0.9903,2.598,,,,,,,
57,Right,14,0.0000,0.0000,0.0275,-0.0004,0.0006,-0.0436,0.9990,2.598,,,,,,,
57,Right,15,0.0003,0.0011,0.0250,0.0000,0.0000,0.0000,1.0000,2.598,,,,,,,
57,Right,16,0.0150,-0.0060,0.0348,0.0000,0.0000,0.0000,1.0000,2.598,,,,,,,
57,Right,17,0.0025,-0.0005,0.0539,0.1205,0.1333,-0.0621,0.9818,2.598,,,,,,,
57,Right,18,0.0000,0.0000,0.0390,0.1426,-0.0018,-0.0367,0.9891,2.598,,,,,,,
57,Right,19,0.0000,0.0000,0.0266,0.0545,-0.0295,-0.0072,0.9980,2.598,,,,,,,
57,Right,20,0.0003,0.0016,0.0243,0.0000,0.0000,0.0000,1.0000,2.598,,,,,,,
57,Right,21,0.0230,-0.0094,0.0341,0.0183,0.1403,-0.2070,0.9680,2.598,,,,,,,
57,Right,22,0.0000,0.0000,0.0457,-0.0344,0.0882,0.0971,0.9908,2.598,,,,,,,
57,Right,23,0.0000,0.0000,0.0307,0.2008,0.0337,-0.0556,0.9775,2.598,,,,,,,
57,Right,24,0.0000,0.0000,0.0203,-0.0013,-0.0492,0.0007,0.9988,2.598,,,,,,,
57,Right,25,-0.0002,0.0012,0.0219,0.0000,0.0000,0.0000,1.0000,2.598,,,,,,,
58,Left,0,0.0030,-0.0048,0.0647,0.0000,0.0000,0.0000,1.0000,2.652,,,,,,,
58,Left,1,0.0000,0.0000,0.0000,0.0000,0.0000,0.0000,1.0000,2.652,-0.0599,0.2403,-0.0345,0.3618,-0.7887,0.4968,0.0142
58,Left,2,0.0314,-0.0138,0.0334,-0.2061,0.2556,-0.4916,0.8065,2.652,,,,,,,
58,Left,3,0.0000,0.0000,0.0325,0.0283,-0.0678,0.0832,0.9938,2.652,,,,,,,
58,Left,4,0.0000,0.0000,0.0338,-0.0466,0.0641,-0.0833,0.9934,2.652,,,,,,,
58,Left,5,-0.0007,0.0010,0.0246,0.0000,0.0000,0.0000,1.0000,2.652,,,,,,,
58,Left,6,0.0204,-0.0084,0.0359,0.0000,0.0000,0.0000,1.0000,2.652,,,,,,,
58,Left,7,0.0032,0.0011,0.0601,0.1393,-0.0389,-0.0302,0.9890,2.652,,,,,,,
58,Left,8,0.0000,0.0000,0.0379,0.0713,-0.0053,0.0261,0.9971,2.652,,,,,,,
58,Left,9,0.0000,0.0000,0.0243,0.0465,-0.0252,0.0167,0.9985,2.652,,,,,,,
58,Left,10,-0.0003,0.0010,0.0224,0.0000,0.0000,0.0000,1.0000,2.652,,,,,,,
58,Left,11,0.0042,-0.0071,0.0337,0.0000,0.0000,0.0000,1.0000,2.652,,,,,,,
58,Left,12,-0.0025,0.0045,0.0619,0.1804,-0.0865,0.0200,0.9796,2.652,,,,,,,
58,Left,13,0.0000,0.0000,0.0429,0.0561,-0.0037,0.0116,0.9984,2.652,,,,,,,
58,Left,14,0.0000,0.0000,0.0275,-0.0024,-0.0007,0.0434,0.9991,2.652,,,,,,,
58,Left,15,-0.0003,0.0011,0.0250,0.0000,0.0000,0.0000,1.0000,2.652,,,,,,,
58,Left,16,-0.0150,-0.0060,0.0348,0.0000,0.0000,0.0000,1.0000,2.652,,,,,,,
58,Left,17,-0.0025,-0.0005,0.0539,0.1405,-0.1230,0.0639,0.9803,2.652,,,,,,,
58,Left,18,0.0000,0.0000,0.0390,0.0764,-0.0004,0.0353,0.9965,2.652,,,,,,,
58,Left,19,0.0000,0.0000,0.0266,0.0485,0.0295,0.0069,0.9984,2.652,,,,,,,
58,Left,20,-0.0003,0.0016,0.0243,0.0000,0.0000,0.0000,1.0000,2.652,,,,,,,
58,Left,21,-0.0230,-0.0094,0.0341,0.0183,-0.1403,0.2070,0.9680,2.652,,,,,,,
58,Left,22,0.0000,0.0000,0.0457,0.0170,-0.0522,-0.0909,0.9943,2.652,,,,,,,
58,Left,23,0.0000,0.0000,0.0307,0.1776,-0.0348,0.0538,0.9820,2.652,,,,,,,
58,Left,24,0.0000,0.0000,0.0203,0.0372,0.0491,-0.0009,0.9981,2.652,,,,,,,
58,Left,25,0.0002,0.0012,0.0219,0.0000,0.0000,0.0000,1.0000,2.652,,,,,,,
58,Right,0,-0.0029,-0.0049,0.0647,0.0000,0.0000,0.0000,1.0000,2.652,,,,,,,
58,Right,1,0.0000,0.0000,0.0000,0.0000,0.0000,0.0000,1.0000,2.652,0.0531,0.2408,0.1025,-0.5999,0.1218,0.1966,-0.7659
58,Right,2,-0.0311,-0.0143,0.0336,-0.1384,-0.3495,0.5308,0.7596,2.652,,,,,,,
58,Right,3,0.0000,0.0000,0.0325,0.1450,0.0574,-0.0826,0.9843,2.652,,,,,,,
58,Right,4,0.0000,0.0000,0.0338,0.1781,-0.0447,0.0769,0.9800,2.652,,,,,,,
58,Right,5,0.0007,0.0010,0.0246,0.0000,0.0000,0.0000,1.0000,2.652,,,,,,,
58,Right,6,-0.0203,-0.0086,0.0360,0.0000,0.0000,0.0000,1.0000,2.652,,,,,,,
58,Right,7,-0.0033,0.0013,0.0600,0.0805,0.0569,0.0301,0.9947,2.652,,,,,,,
58,Right,8,0.0000,0.0000,0.0379,0.1439,0.0034,-0.0263,0.9892,2.652,,,,,,,
58,Right,9,0.0000,0.0000,0.0243,0.0447,0.0253,-0.0167,0.9985,2.652,,,,,,,
58,Right,10,0.0003,0.0010,0.0224,0.0000,0.0000,0.0000,1.0000,2.652,,,,,,,
58,Right,11,-0.0041,-0.0072,0.0338,0.0000,0.0000,0.0000,1.0000,2.652,,,,,,,
58,Right,12,0.0023,0.0047,0.0618,0.1399,0.1069,-0.0186,0.9842,2.652,,,,,,,
58,Right,13,0.0000,0.0000,0.0429,0.1382,0.0028,-0.0120,0.9903,2.652,,,,,,,
58,Right,14,0.0000,0.0000,0.0275,-0.0001,0.0006,-0.0436,0.9990,2.652,,,,,,,
58,Right,15,0.0003,0.0011,0.0250,0.0000,0.0000,0.0000,1.0000,2.652,,,,,,,
58,Right,16,0.0150,-0.0060,0.0348,0.0000,0.0000,0.0000,1.0000,2.652,,,,,,,
58,Right,17,0.0025,-0.0005,0.0539,0.1202,0.1349,-0.0621,0.9816,2.652,,,,,,,
58,Right,18,0.0000,0.0000,0.0390,0.1428,-0.0018,-0.0368,0.9891,2.652,,,,,,,
58,Right,19,0.0000,0.0000,0.0266,0.0549,-0.0295,-0.0072,0.9980,2.652,,,,,,,
58,Right,20,0.0003,0.0016,0.0243,0.0000,0.0000,0.0000,1.0000,2.652,,,,,,,
58,Right,21,0.0230,-0.0094,0.0341,0.0183,0.1403,-0.2070,0.9680,2.652,,,,,,,
58,Right,22,0.0000,0.0000,0.0457,-0.0346,0.0904,0.0972,0.9906,2.652,,,,,,,
58,Right,23,0.0000,0.0000,0.0307,0.2018,0.0337,-0.0557,0.9773,2.652,,,,,,,
58,Right,24,0.0000,0.0000,0.0203,-0.0015,-0.0492,0.0007,0.9988,2.652,,,,,,,
58,Right,25,-0.0002,0.0012,0.0219,0.0000,0.0000,0.0000,1.0000,2.652,,,,,,,
