FrameIndex,HandType,JointID,LocalPosX,LocalPosY,LocalPosZ,LocalRotX,LocalRotY,LocalRotZ,LocalRotW,Timestamp,WorldPosX,WorldPosY,WorldPosZ,WorldRotX,WorldRotY,WorldRotZ,WorldRotW
0,Left,0,0.0026,-0.0052,0.0650,0.0000,0.0000,0.0000,1.0000,0.042,,,,,,,
0,Left,1,0.0000,0.0000,0.0000,0.0000,0.0000,0.0000,1.0000,0.042,-0.0901,0.1229,-0.0426,-0.0859,0.1175,-0.7368,-0.6603
0,Left,2,0.0299,-0.0166,0.0348,-0.1503,0.2671,-0.5549,0.7734,0.042,,,,,,,
0,Left,3,0.0000,0.0000,0.0325,0.0552,-0.0655,0.0832,0.9928,0.042,,,,,,,
0,Left,4,0.0000,0.0000,0.0338,-0.0459,0.0640,-0.0833,0.9934,0.042,,,,,,,
0,Left,5,-0.0007,0.0010,0.0246,0.0000,0.0000,0.0000,1.0000,0.042,,,,,,,
0,Left,6,0.0197,-0.0098,0.0366,0.0000,0.0000,0.0000,1.0000,0.042,,,,,,,
0,Left,7,0.0039,0.0025,0.0594,0.1295,-0.0161,-0.0320,0.9909,0.042,,,,,,,
0,Left,8,0.0000,0.0000,0.0379,0.2483,-0.0006,0.0263,0.9683,0.042,,,,,,,
0,Left,9,0.0000,0.0000,0.0243,0.1068,-0.0241,0.0169,0.9938,0.042,,,,,,,
0,Left,10,-0.0003,0.0010,0.0224,0.0000,0.0000,0.0000,1.0000,0.042,,,,,,,
0,Left,11,0.0035,-0.0078,0.0344,0.0000,0.0000,0.0000,1.0000,0.042,,,,,,,
0,Left,12,-0.0017,0.0052,0.0612,0.1519,-0.0679,0.0156,0.9859,0.042,,,,,,,
0,Left,13,0.0000,0.0000,0.0429,0.2276,-0.0017,0.0124,0.9737,0.042,,,,,,,
0,Left,14,0.0000,0.0000,0.0275,0.0629,0.0022,0.0497,0.9968,0.042,,,,,,,
0,Left,15,-0.0003,0.0011,0.0250,0.0000,0.0000,0.0000,1.0000,0.042,,,,,,,
0,Left,16,-0.0150,-0.0060,0.0348,0.0000,0.0000,0.0000,1.0000,0.042,,,,,,,
0,Left,17,-0.0025,-0.0005,0.0539,0.1539,-0.0884,0.0621,0.9822,0.042,,,,,,,
0,Left,18,0.0000,0.0000,0.0390,0.1799,0.0031,0.0375,0.9830,0.042,,,,,,,
0,Left,19,0.0000,0.0000,0.0266,0.0848,0.0296,0.0086,0.9959,0.042,,,,,,,
0,Left,20,-0.0003,0.0016,0.0243,0.0000,0.0000,0.0000,1.0000,0.042,,,,,,,
0,Left,21,-0.0230,-0.0094,0.0341,0.0183,-0.1403,0.2070,0.9680,0.042,,,,,,,
0,Left,22,0.0000,0.0000,0.0457,0.1098,0.0112,-0.0886,0.9899,0.042,,,,,,,
0,Left,23,0.0000,0.0000,0.0307,0.1540,-0.0359,0.0518,0.9861,0.042,,,,,,,
0,Left,24,0.0000,0.0000,0.0203,0.0374,0.0491,-0.0009,0.9981,0.042,,,,,,,
0,Left,25,0.0002,0.0012,0.0219,0.0000,0.0000,0.0000,1.0000,0.042,,,,,,,
0,Right,0,-0.0022,-0.0054,0.0653,0.0000,0.0000,0.0000,1.0000,0.042,,,,,,,
0,Right,1,0.0000,0.0000,0.0000,0.0000,0.0000,0.0000,1.0000,0.042,0.0810,0.1448,-0.0636,0.0682,0.0859,-0.7775,0.6192
0,Right,2,-0.0285,-0.0185,0.0357,-0.1081,-0.2711,0.5972,0.7472,0.042,,,,,,,
0,Right,3,0.0000,0.0000,0.0325,0.0598,0.0651,-0.0832,0.9926,0.042,,,,,,,
0,Right,4,0.0000,0.0000,0.0338,0.0963,-0.0521,0.0797,0.9908,0.042,,,,,,,
0,Right,5,0.0007,0.0010,0.0246,0.0000,0.0000,0.0000,1.0000,0.042,,,,,,,
0,Right,6,-0.0190,-0.0107,0.0370,0.0000,0.0000,0.0000,1.0000,0.042,,,,,,,
0,Right,7,-0.0046,0.0034,0.0590,0.0321,0.0911,0.0320,0.9948,0.042,,,,,,,
0,Right,8,0.0000,0.0000,0.0379,0.1674,0.0028,-0.0263,0.9855,0.042,,,,,,,
0,Right,9,0.0000,0.0000,0.0243,0.0936,0.0244,-0.0168,0.9952,0.042,,,,,,,
0,Right,10,0.0003,0.0010,0.0224,0.0000,0.0000,0.0000,1.0000,0.042,,,,,,,
0,Right,11,-0.0028,-0.0083,0.0349,0.0000,0.0000,0.0000,1.0000,0.042,,,,,,,
0,Right,12,0.0010,0.0057,0.0608,0.0873,0.1112,-0.0133,0.9899,0.042,,,,,,,
0,Right,13,0.0000,0.0000,0.0429,0.1619,0.0025,-0.0121,0.9867,0.042,,,,,,,
0,Right,14,0.0000,0.0000,0.0275,0.0440,-0.0014,-0.0479,0.9979,0.042,,,,,,,
0,Right,15,0.0003,0.0011,0.0250,0.0000,0.0000,0.0000,1.0000,0.042,,,,,,,
0,Right,16,0.0150,-0.0060,0.0348,0.0000,0.0000,0.0000,1.0000,0.042,,,,,,,
0,Right,17,0.0025,-0.0005,0.0539,0.0743,0.1176,-0.0559,0.9887,0.042,,,,,,,
0,Right,18,0.0000,0.0000,0.0390,0.1564,-0.0023,-0.0370,0.9870,0.042,,,,,,,
0,Right,19,0.0000,0.0000,0.0266,0.0762,-0.0296,-0.0082,0.9966,0.042,,,,,,,
0,Right,20,0.0003,0.0016,0.0243,0.0000,0.0000,0.0000,1.0000,0.042,,,,,,,
0,Right,21,0.0230,-0.0094,0.0341,0.0183,0.1403,-0.2070,0.9680,0.042,,,,,,,
0,Right,22,0.0000,0.0000,0.0457,-0.0289,-0.0017,0.0938,0.9952,0.042,,,,,,,
0,Right,23,0.0000,0.0000,0.0307,0.1748,0.0350,-0.0535,0.9825,0.042,,,,,,,
0,Right,24,0.0000,0.0000,0.0203,0.0295,-0.0491,0.0008,0.9984,0.042,,,,,,,
0,Right,25,-0.0002,0.0012,0.0219,0.0000,0.0000,0.0000,1.0000,0.042,,,,,,,
1,Left,0,0.0026,-0.0052,0.0650,0.0000,0.0000,0.0000,1.0000,0.083,,,,,,,
1,Left,1,0.0000,0.0000,0.0000,0.0000,0.0000,0.0000,1.0000,0.083,-0.0901,0.1228,-0.0429,-0.0847,0.1159,-0.7400,-0.6571
1,Left,2,0.0299,-0.0167,0.0348,-0.1491,0.2675,-0.5561,0.7727,0.083,,,,,,,
1,Left,3,0.0000,0.0000,0.0325,0.0562,-0.0654,0.0832,0.9928,0.083,,,,,,,
1,Left,4,0.0000,0.0000,0.0338,-0.0380,0.0634,-0.0831,0.9938,0.083,,,,,,,
1,Left,5,-0.0007,0.0010,0.0246,0.0000,0.0000,0.0000,1.0000,0.083,,,,,,,
1,Left,6,0.0196,-0.0098,0.0366,0.0000,0.0000,0.0000,1.0000,0.083,,,,,,,
1,Left,7,0.0039,0.0025,0.0594,0.1303,-0.0161,-0.0320,0.9908,0.083,,,,,,,
1,Left,8,0.0000,0.0000,0.0379,0.2493,-0.0005,0.0263,0.9681,0.083,,,,,,,
1,Left,9,0.0000,0.0000,0.0243,0.1076,-0.0241,0.0169,0.9938,0.083,,,,,,,
1,Left,10,-0.0003,0.0010,0.0224,0.0000,0.0000,0.0000,1.0000,0.083,,,,,,,
1,Left,11,0.0034,-0.0078,0.0344,0.0000,0.0000,0.0000,1.0000,0.083,,,,,,,
1,Left,12,-0.0017,0.0052,0.0612,0.1511,-0.0679,0.0155,0.9861,0.083,,,,,,,
1,Left,13,0.0000,0.0000,0.0429,0.2285,-0.0017,0.0124,0.9735,0.083,,,,,,,
1,Left,14,0.0000,0.0000,0.0275,0.0636,0.0022,0.0498,0.9967,0.083,,,,,,,
1,Left,15,-0.0003,0.0011,0.0250,0.0000,0.0000,0.0000,1.0000,0.083,,,,,,,
1,Left,16,-0.0150,-0.0060,0.0348,0.0000,0.0000,0.0000,1.0000,0.083,,,,,,,
1,Left,17,-0.0025,-0.0005,0.0539,0.1541,-0.0885,0.0622,0.9821,0.083,,,,,,,
1,Left,18,0.0000,0.0000,0.0390,0.1809,0.0031,0.0375,0.9828,0.083,,,,,,,
1,Left,19,0.0000,0.0000,0.0266,0.0854,0.0296,0.0086,0.9959,0.083,,,,,,,
1,Left,20,-0.0003,0.0016,0.0243,0.0000,0.0000,0.0000,1.0000,0.083,,,,,,,
1,Left,21,-0.0230,-0.0094,0.0341,0.0183,-0.1403,0.2070,0.9680,0.083,,,,,,,
1,Left,22,0.0000,0.0000,0.0457,0.1101,0.0113,-0.0886,0.9899,0.083,,,,,,,
1,Left,23,0.0000,0.0000,0.0307,0.1540,-0.0359,0.0518,0.9861,0.083,,,,,,,
1,Left,24,0.0000,0.0000,0.0203,0.0373,0.0491,-0.0009,0.9981,0.083,,,,,,,
1,Left,25,0.0002,0.0012,0.0219,0.0000,0.0000,0.0000,1.0000,0.083,,,,,,,
1,Right,0,-0.0022,-0.0054,0.0653,0.0000,0.0000,0.0000,1.0000,0.083,,,,,,,
1,Right,1,0.0000,0.0000,0.0000,0.0000,0.0000,0.0000,1.0000,0.083,0.0810,0.1448,-0.0635,0.0683,0.0865,-0.7776,0.6190
1,Right,2,-0.0285,-0.0186,0.0357,-0.1078,-0.2699,0.5980,0.7470,0.083,,,,,,,
1,Right,3,0.0000,0.0000,0.0325,0.0596,0.0651,-0.0832,0.9926,0.083,,,,,,,
1,Right,4,0.0000,0.0000,0.0338,0.0939,-0.0523,0.0798,0.9910,0.083,,,,,,,
1,Right,5,0.0007,0.0010,0.0246,0.0000,0.0000,0.0000,1.0000,0.083,,,,,,,
1,Right,6,-0.0190,-0.0108,0.0370,0.0000,0.0000,0.0000,1.0000,0.083,,,,,,,
1,Right,7,-0.0046,0.0034,0.0590,0.0350,0.0898,0.0318,0.9948,0.083,,,,,,,
1,Right,8,0.0000,0.0000,0.0379,0.1639,0.0029,-0.0263,0.9861,0.083,,,,,,,
1,Right,9,0.0000,0.0000,0.0243,0.0913,0.0244,-0.0168,0.9954,0.083,,,,,,,
1,Right,10,0.0003,0.0010,0.0224,0.0000,0.0000,0.0000,1.0000,0.083,,,,,,,
1,Right,11,-0.0027,-0.0083,0.0349,0.0000,0.0000,0.0000,1.0000,0.083,,,,,,,
1,Right,12,0.0010,0.0057,0.0608,0.0887,0.1100,-0.0134,0.9899,0.083,,,,,,,
1,Right,13,0.0000,0.0000,0.0429,0.1585,0.0025,-0.0121,0.9873,0.083,,,,,,,
1,Right,14,0.0000,0.0000,0.0275,0.0424,-0.0013,-0.0477,0.9980,0.083,,,,,,,
1,Right,15,0.0003,0.0011,0.0250,0.0000,0.0000,0.0000,1.0000,0.083,,,,,,,
1,Right,16,0.0150,-0.0060,0.0348,0.0000,0.0000,0.0000,1.0000,0.083,,,,,,,
1,Right,17,0.0025,-0.0005,0.0539,0.0757,0.1165,-0.0560,0.9887,0.083,,,,,,,
1,Right,18,0.0000,0.0000,0.0390,0.1546,-0.0022,-0.0370,0.9873,0.083,,,,,,,
1,Right,19,0.0000,0.0000,0.0266,0.0751,-0.0296,-0.0082,0.9967,0.083,,,,,,,
1,Right,20,0.0003,0.0016,0.0243,0.0000,0.0000,0.0000,1.0000,0.083,,,,,,,
1,Right,21,0.0230,-0.0094,0.0341,0.0183,0.1403,-0.2070,0.9680,0.083,,,,,,,
1,Right,22,0.0000,0.0000,0.0457,-0.0280,-0.0032,0.0937,0.9952,0.083,,,,,,,
1,Right,23,0.0000,0.0000,0.0307,0.1735,0.0350,-0.0534,0.9828,0.083,,,,,,,
1,Right,24,0.0000,0.0000,0.0203,0.0294,-0.0491,0.0008,0.9984,0.083,,,,,,,
1,Right,25,-0.0002,0.0012,0.0219,0.0000,0.0000,0.0000,1.0000,0.083,,,,,,,
2,Left,0,0.0026,-0.0052,0.0650,0.0000,0.0000,0.0000,1.0000,0.125,,,,,,,
2,Left,1,0.0000,0.0000,0.0000,0.0000,0.0000,0.0000,1.0000,0.125,-0.0899,0.1226,-0.0427,-0.0849,0.1157,-0.7430,-0.6537
2,Left,2,0.0298,-0.0167,0.0348,-0.1481,0.2679,-0.5569,0.7721,0.125,,,,,,,
2,Left,3,0.0000,0.0000,0.0325,0.0578,-0.0653,0.0832,0.9927,0.125,,,,,,,
2,Left,4,0.0000,0.0000,0.0338,-0.0348,0.0631,-0.0831,0.9939,0.125,,,,,,,
2,Left,5,-0.0007,0.0010,0.0246,0.0000,0.0000,0.0000,1.0000,0.125,,,,,,,
2,Left,6,0.0196,-0.0098,0.0366,0.0000,0.0000,0.0000,1.0000,0.125,,,,,,,
2,Left,7,0.0039,0.0025,0.0594,0.1311,-0.0158,-0.0321,0.9907,0.125,,,,,,,
2,Left,8,0.0000,0.0000,0.0379,0.2502,-0.0005,0.0263,0.9678,0.125,,,,,,,
2,Left,9,0.0000,0.0000,0.0243,0.1084,-0.0241,0.0169,0.9937,0.125,,,,,,,
2,Left,10,-0.0003,0.0010,0.0224,0.0000,0.0000,0.0000,1.0000,0.125,,,,,,,
2,Left,11,0.0034,-0.0078,0.0344,0.0000,0.0000,0.0000,1.0000,0.125,,,,,,,
2,Left,12,-0.0017,0.0053,0.0612,0.1505,-0.0676,0.0154,0.9862,0.125,,,,,,,
2,Left,13,0.0000,0.0000,0.0429,0.2293,-0.0017,0.0124,0.9733,0.125,,,,,,,
2,Left,14,0.0000,0.0000,0.0275,0.0644,0.0023,0.0498,0.9967,0.125,,,,,,,
2,Left,15,-0.0003,0.0011,0.0250,0.0000,0.0000,0.0000,1.0000,0.125,,,,,,,
2,Left,16,-0.0150,-0.0060,0.0348,0.0000,0.0000,0.0000,1.0000,0.125,,,,,,,
2,Left,17,-0.0025,-0.0005,0.0539,0.1540,-0.0885,0.0621,0.9821,0.125,,,,,,,
2,Left,18,0.0000,0.0000,0.0390,0.1820,0.0032,0.0375,0.9826,0.125,,,,,,,
2,Left,19,0.0000,0.0000,0.0266,0.0862,0.0296,0.0087,0.9958,0.125,,,,,,,
2,Left,20,-0.0003,0.0016,0.0243,0.0000,0.0000,0.0000,1.0000,0.125,,,,,,,
2,Left,21,-0.0230,-0.0094,0.0341,0.0183,-0.1403,0.2070,0.9680,0.125,,,,,,,
2,Left,22,0.0000,0.0000,0.0457,0.1094,0.0112,-0.0886,0.9900,0.125,,,,,,,
2,Left,23,0.0000,0.0000,0.0307,0.1542,-0.0359,0.0518,0.9860,0.125,,,,,,,
2,Left,24,0.0000,0.0000,0.0203,0.0374,0.0491,-0.0009,0.9981,0.125,,,,,,,
2,Left,25,0.0002,0.0012,0.0219,0.0000,0.0000,0.0000,1.0000,0.125,,,,,,,
2,Right,0,-0.0022,-0.0054,0.0653,0.0000,0.0000,0.0000,1.0000,0.125,,,,,,,
2,Right,1,0.0000,0.0000,0.0000,0.0000,0.0000,0.0000,1.0000,0.125,0.0809,0.1444,-0.0633,0.0683,0.0871,-0.7774,0.6192
2,Right,2,-0.0285,-0.0186,0.0357,-0.1106,-0.2648,0.5980,0.7484,0.125,,,,,,,
2,Right,3,0.0000,0.0000,0.0325,0.0590,0.0652,-0.0832,0.9926,0.125,,,,,,,
2,Right,4,0.0000,0.0000,0.0338,0.0874,-0.0529,0.0800,0.9915,0.125,,,,,,,
2,Right,5,0.0007,0.0010,0.0246,0.0000,0.0000,0.0000,1.0000,0.125,,,,,,,
2,Right,6,-0.0189,-0.0108,0.0371,0.0000,0.0000,0.0000,1.0000,0.125,,,,,,,
2,Right,7,-0.0046,0.0035,0.0589,0.0422,0.0886,0.0313,0.9947,0.125,,,,,,,
2,Right,8,0.0000,0.0000,0.0379,0.1590,0.0030,-0.0263,0.9869,0.125,,,,,,,
2,Right,9,0.0000,0.0000,0.0243,0.0865,0.0245,-0.0168,0.9958,0.125,,,,,,,
2,Right,10,0.0003,0.0010,0.0224,0.0000,0.0000,0.0000,1.0000,0.125,,,,,,,
2,Right,11,-0.0027,-0.0083,0.0349,0.0000,0.0000,0.0000,1.0000,0.125,,,,,,,
2,Right,12,0.0010,0.0057,0.0608,0.0952,0.1087,-0.0140,0.9894,0.125,,,,,,,
2,Right,13,0.0000,0.0000,0.0429,0.1542,0.0026,-0.0121,0.9880,0.125,,,,,,,
2,Right,14,0.0000,0.0000,0.0275,0.0406,-0.0012,-0.0476,0.9980,0.125,,,,,,,
2,Right,15,0.0003,0.0011,0.0250,0.0000,0.0000,0.0000,1.0000,0.125,,,,,,,
2,Right,16,0.0150,-0.0060,0.0348,0.0000,0.0000,0.0000,1.0000,0.125,,,,,,,
2,Right,17,0.0025,-0.0005,0.0539,0.0771,0.1153,-0.0562,0.9887,0.125,,,,,,,
2,Right,18,0.0000,0.0000,0.0390,0.1510,-0.0021,-0.0369,0.9878,0.125,,,,,,,
2,Right,19,0.0000,0.0000,0.0266,0.0740,-0.0296,-0.0081,0.9968,0.125,,,,,,,
2,Right,20,0.0003,0.0016,0.0243,0.0000,0.0000,0.0000,1.0000,0.125,,,,,,,
2,Right,21,0.0230,-0.0094,0.0341,0.0183,0.1403,-0.2070,0.9680,0.125,,,,,,,
2,Right,22,0.0000,0.0000,0.0457,-0.0271,-0.0047,0.0936,0.9952,0.125,,,,,,,
2,Right,23,0.0000,0.0000,0.0307,0.1724,0.0351,-0.0533,0.9830,0.125,,,,,,,
2,Right,24,0.0000,0.0000,0.0203,0.0291,-0.0491,0.0008,0.9984,0.125,,,,,,,
2,Right,25,-0.0002,0.0012,0.0219,0.0000,0.0000,0.0000,1.0000,0.125,,,,,,,
3,Left,0,0.0026,-0.0052,0.0650,0.0000,0.0000,0.0000,1.0000,0.167,,,,,,,
3,Left,1,0.0000,0.0000,0.0000,0.0000,0.0000,0.0000,1.0000,0.167,-0.0896,0.1229,-0.0427,-0.0853,0.1163,-0.7441,-0.6523
3,Left,2,0.0298,-0.0167,0.0348,-0.1476,0.2682,-0.5573,0.7718,0.167,,,,,,,
3,Left,3,0.0000,0.0000,0.0325,0.0593,-0.0652,0.0832,0.9926,0.167,,,,,,,
3,Left,4,0.0000,0.0000,0.0338,-0.0335,0.0630,-0.0830,0.9940,0.167,,,,,,,
3,Left,5,-0.0007,0.0010,0.0246,0.0000,0.0000,0.0000,1.0000,0.167,,,,,,,
3,Left,6,0.0196,-0.0098,0.0366,0.0000,0.0000,0.0000,1.0000,0.167,,,,,,,
3,Left,7,0.0039,0.0025,0.0594,0.1321,-0.0153,-0.0321,0.9906,0.167,,,,,,,
3,Left,8,0.0000,0.0000,0.0379,0.2507,-0.0005,0.0263,0.9677,0.167,,,,,,,
3,Left,9,0.0000,0.0000,0.0243,0.1089,-0.0241,0.0169,0.9936,0.167,,,,,,,
3,Left,10,-0.0003,0.0010,0.0224,0.0000,0.0000,0.0000,1.0000,0.167,,,,,,,
3,Left,11,0.0034,-0.0078,0.0344,0.0000,0.0000,0.0000,1.0000,0.167,,,,,,,
3,Left,12,-0.0017,0.0053,0.0612,0.1501,-0.0671,0.0154,0.9863,0.167,,,,,,,
3,Left,13,0.0000,0.0000,0.0429,0.2298,-0.0017,0.0124,0.9732,0.167,,,,,,,
3,Left,14,0.0000,0.0000,0.0275,0.0649,0.0023,0.0499,0.9966,0.167,,,,,,,
3,Left,15,-0.0003,0.0011,0.0250,0.0000,0.0000,0.0000,1.0000,0.167,,,,,,,
3,Left,16,-0.0150,-0.0060,0.0348,0.0000,0.0000,0.0000,1.0000,0.167,,,,,,,
3,Left,17,-0.0025,-0.0005,0.0539,0.1537,-0.0883,0.0621,0.9822,0.167,,,,,,,
3,Left,18,0.0000,0.0000,0.0390,0.1830,0.0032,0.0375,0.9824,0.167,,,,,,,
3,Left,19,0.0000,0.0000,0.0266,0.0868,0.0296,0.0087,0.9957,0.167,,,,,,,
3,Left,20,-0.0003,0.0016,0.0243,0.0000,0.0000,0.0000,1.0000,0.167,,,,,,,
3,Left,21,-0.0230,-0.0094,0.0341,0.0183,-0.1403,0.2070,0.9680,0.167,,,,,,,
3,Left,22,0.0000,0.0000,0.0457,0.1083,0.0112,-0.0887,0.9901,0.167,,,,,,,
3,Left,23,0.0000,0.0000,0.0307,0.1547,-0.0359,0.0519,0.9859,0.167,,,,,,,
3,Left,24,0.0000,0.0000,0.0203,0.0376,0.0491,-0.0009,0.9981,0.167,,,,,,,
3,Left,25,0.0002,0.0012,0.0219,0.0000,0.0000,0.0000,1.0000,0.167,,,,,,,
3,Right,0,-0.0022,-0.0054,0.0653,0.0000,0.0000,0.0000,1.0000,0.167,,,,,,,
3,Right,1,0.0000,0.0000,0.0000,0.0000,0.0000,0.0000,1.0000,0.167,0.0810,0.1435,-0.0627,0.0684,0.0877,-0.7771,0.6194
3,Right,2,-0.0284,-0.0188,0.0358,-0.1157,-0.2550,0.5982,0.7508,0.167,,,,,,,
3,Right,3,0.0000,0.0000,0.0325,0.0582,0.0652,-0.0832,0.9927,0.167,,,,,,,
3,Right,4,0.0000,0.0000,0.0338,0.0802,-0.0535,0.0802,0.9921,0.167,,,,,,,
3,Right,5,0.0007,0.0010,0.0246,0.0000,0.0000,0.0000,1.0000,0.167,,,,,,,
3,Right,6,-0.0189,-0.0108,0.0371,0.0000,0.0000,0.0000,1.0000,0.167,,,,,,,
3,Right,7,-0.0047,0.0035,0.0589,0.0513,0.0872,0.0308,0.9944,0.167,,,,,,,
3,Right,8,0.0000,0.0000,0.0379,0.1517,0.0032,-0.0263,0.9881,0.167,,,,,,,
3,Right,9,0.0000,0.0000,0.0243,0.0799,0.0246,-0.0168,0.9964,0.167,,,,,,,
3,Right,10,0.0003,0.0010,0.0224,0.0000,0.0000,0.0000,1.0000,0.167,,,,,,,
3,Right,11,-0.0027,-0.0083,0.0349,0.0000,0.0000,0.0000,1.0000,0.167,,,,,,,
3,Right,12,0.0010,0.0058,0.0607,0.1052,0.1073,-0.0150,0.9885,0.167,,,,,,,
3,Right,13,0.0000,0.0000,0.0429,0.1492,0.0026,-0.0121,0.9887,0.167,,,,,,,
3,Right,14,0.0000,0.0000,0.0275,0.0366,-0.0010,-0.0472,0.9982,0.167,,,,,,,
3,Right,15,0.0003,0.0011,0.0250,0.0000,0.0000,0.0000,1.0000,0.167,,,,,,,
3,Right,16,0.0150,-0.0060,0.0348,0.0000,0.0000,0.0000,1.0000,0.167,,,,,,,
3,Right,17,0.0025,-0.0005,0.0539,0.0791,0.1141,-0.0564,0.9887,0.167,,,,,,,
3,Right,18,0.0000,0.0000,0.0390,0.1478,-0.0020,-0.0369,0.9883,0.167,,,,,,,
3,Right,19,0.0000,0.0000,0.0266,0.0727,-0.0296,-0.0080,0.9969,0.167,,,,,,,
3,Right,20,0.0003,0.0016,0.0243,0.0000,0.0000,0.0000,1.0000,0.167,,,,,,,
3,Right,21,0.0230,-0.0094,0.0341,0.0183,0.1403,-0.2070,0.9680,0.167,,,,,,,
3,Right,22,0.0000,0.0000,0.0457,-0.0261,-0.0060,0.0935,0.9953,0.167,,,,,,,
3,Right,23,0.0000,0.0000,0.0307,0.1712,0.0351,-0.0532,0.9832,0.167,,,,,,,
3,Right,24,0.0000,0.0000,0.0203,0.0286,-0.0491,0.0008,0.9984,0.167,,,,,,,
3,Right,25,-0.0002,0.0012,0.0219,0.0000,0.0000,0.0000,1.0000,0.167,,,,,,,
4,Left,0,0.0026,-0.0052,0.0650,0.0000,0.0000,0.0000,1.0000,0.208,,,,,,,
4,Left,1,0.0000,0.0000,0.0000,0.0000,0.0000,0.0000,1.0000,0.208,-0.0892,0.1238,-0.0425,-0.0849,0.1170,-0.7442,-0.6521
4,Left,2,0.0298,-0.0167,0.0348,-0.1475,0.2684,-0.5574,0.7717,0.208,,,,,,,
4,Left,3,0.0000,0.0000,0.0325,0.0598,-0.0651,0.0832,0.9926,0.208,,,,,,,
4,Left,4,0.0000,0.0000,0.0338,-0.0331,0.0630,-0.0830,0.9940,0.208,,,,,,,
4,Left,5,-0.0007,0.0010,0.0246,0.0000,0.0000,0.0000,1.0000,0.208,,,,,,,
4,Left,6,0.0196,-0.0098,0.0366,0.0000,0.0000,0.0000,1.0000,0.208,,,,,,,
4,Left,7,0.0039,0.0025,0.0594,0.1336,-0.0148,-0.0322,0.9904,0.208,,,,,,,
4,Left,8,0.0000,0.0000,0.0379,0.2509,-0.0005,0.0263,0.9676,0.208,,,,,,,
4,Left,9,0.0000,0.0000,0.0243,0.1087,-0.0241,0.0169,0.9936,0.208,,,,,,,
4,Left,10,-0.0003,0.0010,0.0224,0.0000,0.0000,0.0000,1.0000,0.208,,,,,,,
4,Left,11,0.0034,-0.0078,0.0344,0.0000,0.0000,0.0000,1.0000,0.208,,,,,,,
4,Left,12,-0.0017,0.0053,0.0612,0.1501,-0.0665,0.0153,0.9863,0.208,,,,,,,
4,Left,13,0.0000,0.0000,0.0429,0.2301,-0.0017,0.0124,0.9731,0.208,,,,,,,
4,Left,14,0.0000,0.0000,0.0275,0.0651,0.0023,0.0499,0.9966,0.208,,,,,,,
4,Left,15,-0.0003,0.0011,0.0250,0.0000,0.0000,0.0000,1.0000,0.208,,,,,,,
4,Left,16,-0.0150,-0.0060,0.0348,0.0000,0.0000,0.0000,1.0000,0.208,,,,,,,
4,Left,17,-0.0025,-0.0005,0.0539,0.1536,-0.0879,0.0621,0.9822,0.208,,,,,,,
4,Left,18,0.0000,0.0000,0.0390,0.1840,0.0032,0.0376,0.9822,0.208,,,,,,,
4,Left,19,0.0000,0.0000,0.0266,0.0873,0.0296,0.0087,0.9957,0.208,,,,,,,
4,Left,20,-0.0003,0.0016,0.0243,0.0000,0.0000,0.0000,1.0000,0.208,,,,,,,
4,Left,21,-0.0230,-0.0094,0.0341,0.0183,-0.1403,0.2070,0.9680,0.208,,,,,,,
4,Left,22,0.0000,0.0000,0.0457,0.1070,0.0116,-0.0887,0.9902,0.208,,,,,,,
4,Left,23,0.0000,0.0000,0.0307,0.1555,-0.0359,0.0520,0.9858,0.208,,,,,,,
4,Left,24,0.0000,0.0000,0.0203,0.0378,0.0491,-0.0009,0.9981,0.208,,,,,,,
4,Left,25,0.0002,0.0012,0.0219,0.0000,0.0000,0.0000,1.0000,0.208,,,,,,,
4,Right,0,-0.0022,-0.0054,0.0653,0.0000,0.0000,0.0000,1.0000,0.208,,,,,,,
4,Right,1,0.0000,0.0000,0.0000,0.0000,0.0000,0.0000,1.0000,0.208,0.0811,0.1429,-0.0623,0.0683,0.0880,-0.7769,0.6197
4,Right,2,-0.0282,-0.0189,0.0358,-0.1164,-0.2502,0.6000,0.7509,0.208,,,,,,,
4,Right,3,0.0000,0.0000,0.0325,0.0571,0.0653,-0.0832,0.9927,0.208,,,,,,,
4,Right,4,0.0000,0.0000,0.0338,0.0760,-0.0539,0.0803,0.9924,0.208,,,,,,,
4,Right,5,0.0007,0.0010,0.0246,0.0000,0.0000,0.0000,1.0000,0.208,,,,,,,
4,Right,6,-0.0188,-0.0109,0.0371,0.0000,0.0000,0.0000,1.0000,0.208,,,,,,,
4,Right,7,-0.0047,0.0036,0.0589,0.0554,0.0853,0.0306,0.9943,0.208,,,,,,,
4,Right,8,0.0000,0.0000,0.0379,0.1453,0.0034,-0.0263,0.9890,0.208,,,,,,,
4,Right,9,0.0000,0.0000,0.0243,0.0726,0.0248,-0.0168,0.9969,0.208,,,,,,,
4,Right,10,0.0003,0.0010,0.0224,0.0000,0.0000,0.0000,1.0000,0.208,,,,,,,
4,Right,11,-0.0026,-0.0084,0.0350,0.0000,0.0000,0.0000,1.0000,0.208,,,,,,,
4,Right,12,0.0009,0.0058,0.0607,0.1109,0.1061,-0.0155,0.9880,0.208,,,,,,,
4,Right,13,0.0000,0.0000,0.0429,0.1470,0.0027,-0.0121,0.9891,0.208,,,,,,,
4,Right,14,0.0000,0.0000,0.0275,0.0331,-0.0009,-0.0468,0.9984,0.208,,,,,,,
4,Right,15,0.0003,0.0011,0.0250,0.0000,0.0000,0.0000,1.0000,0.208,,,,,,,
4,Right,16,0.0150,-0.0060,0.0348,0.0000,0.0000,0.0000,1.0000,0.208,,,,,,,
4,Right,17,0.0025,-0.0005,0.0539,0.0826,0.1130,-0.0567,0.9885,0.208,,,,,,,
4,Right,18,0.0000,0.0000,0.0390,0.1460,-0.0019,-0.0368,0.9886,0.208,,,,,,,
4,Right,19,0.0000,0.0000,0.0266,0.0712,-0.0296,-0.0080,0.9970,0.208,,,,,,,
4,Right,20,0.0003,0.0016,0.0243,0.0000,0.0000,0.0000,1.0000,0.208,,,,,,,
4,Right,21,0.0230,-0.0094,0.0341,0.0183,0.1403,-0.2070,0.9680,0.208,,,,,,,
4,Right,22,0.0000,0.0000,0.0457,-0.0248,-0.0070,0.0934,0.9953,0.208,,,,,,,
4,Right,23,0.0000,0.0000,0.0307,0.1702,0.0352,-0.0531,0.9834,0.208,,,,,,,
4,Right,24,0.0000,0.0000,0.0203,0.0279,-0.0491,0.0008,0.9984,0.208,,,,,,,
4,Right,25,-0.0002,0.0012,0.0219,0.0000,0.0000,0.0000,1.0000,0.208,,,,,,,
5,Left,0,0.0026,-0.0052,0.0650,0.0000,0.0000,0.0000,1.0000,0.250,,,,,,,
5,Left,1,0.0000,0.0000,0.0000,0.0000,0.0000,0.0000,1.0000,0.250,-0.0886,0.1251,-0.0418,-0.0845,0.1180,-0.7439,-0.6524
5,Left,2,0.0298,-0.0167,0.0348,-0.1478,0.2681,-0.5572,0.7719,0.250,,,,,,,
5,Left,3,0.0000,0.0000,0.0325,0.0601,-0.0651,0.0832,0.9926,0.250,,,,,,,
5,Left,4,0.0000,0.0000,0.0338,-0.0328,0.0630,-0.0830,0.9940,0.250,,,,,,,
5,Left,5,-0.0007,0.0010,0.0246,0.0000,0.0000,0.0000,1.0000,0.250,,,,,,,
5,Left,6,0.0196,-0.0098,0.0366,0.0000,0.0000,0.0000,1.0000,0.250,,,,,,,
5,Left,7,0.0039,0.0025,0.0594,0.1350,-0.0145,-0.0322,0.9902,0.250,,,,,,,
5,Left,8,0.0000,0.0000,0.0379,0.2507,-0.0005,0.0263,0.9677,0.250,,,,,,,
5,Left,9,0.0000,0.0000,0.0243,0.1082,-0.0241,0.0169,0.9937,0.250,,,,,,,
5,Left,10,-0.0003,0.0010,0.0224,0.0000,0.0000,0.0000,1.0000,0.250,,,,,,,
5,Left,11,0.0034,-0.0078,0.0344,0.0000,0.0000,0.0000,1.0000,0.250,,,,,,,
5,Left,12,-0.0017,0.0053,0.0612,0.1504,-0.0660,0.0153,0.9863,0.250,,,,,,,
5,Left,13,0.0000,0.0000,0.0429,0.2299,-0.0017,0.0124,0.9731,0.250,,,,,,,
5,Left,14,0.0000,0.0000,0.0275,0.0648,0.0023,0.0499,0.9966,0.250,,,,,,,
5,Left,15,-0.0003,0.0011,0.0250,0.0000,0.0000,0.0000,1.0000,0.250,,,,,,,
5,Left,16,-0.0150,-0.0060,0.0348,0.0000,0.0000,0.0000,1.0000,0.250,,,,,,,
5,Left,17,-0.0025,-0.0005,0.0539,0.1539,-0.0875,0.0620,0.9822,0.250,,,,,,,
5,Left,18,0.0000,0.0000,0.0390,0.1845,0.0033,0.0376,0.9821,0.250,,,,,,,
5,Left,19,0.0000,0.0000,0.0266,0.0875,0.0296,0.0087,0.9957,0.250,,,,,,,
5,Left,20,-0.0003,0.0016,0.0243,0.0000,0.0000,0.0000,1.0000,0.250,,,,,,,
5,Left,21,-0.0230,-0.0094,0.0341,0.0183,-0.1403,0.2070,0.9680,0.250,,,,,,,
5,Left,22,0.0000,0.0000,0.0457,0.1059,0.0123,-0.0888,0.9903,0.250,,,,,,,
5,Left,23,0.0000,0.0000,0.0307,0.1562,-0.0358,0.0520,0.9857,0.250,,,,,,,
5,Left,24,0.0000,0.0000,0.0203,0.0380,0.0491,-0.0009,0.9981,0.250,,,,,,,
5,Left,25,0.0002,0.0012,0.0219,0.0000,0.0000,0.0000,1.0000,0.250,,,,,,,
5,Right,0,-0.0021,-0.0055,0.0653,0.0000,0.0000,0.0000,1.0000,0.250,,,,,,,
5,Right,1,0.0000,0.0000,0.0000,0.0000,0.0000,0.0000,1.0000,0.250,0.0811,0.1426,-0.0620,0.0683,0.0883,-0.7765,0.6201
5,Right,2,-0.0281,-0.0190,0.0359,-0.1158,-0.2476,0.6021,0.7502,0.250,,,,,,,
5,Right,3,0.0000,0.0000,0.0325,0.0562,0.0654,-0.0832,0.9928,0.250,,,,,,,
5,Right,4,0.0000,0.0000,0.0338,0.0734,-0.0541,0.0804,0.9926,0.250,,,,,,,
5,Right,5,0.0007,0.0010,0.0246,0.0000,0.0000,0.0000,1.0000,0.250,,,,,,,
5,Right,6,-0.0188,-0.0110,0.0371,0.0000,0.0000,0.0000,1.0000,0.250,,,,,,,
5,Right,7,-0.0048,0.0037,0.0588,0.0572,0.0838,0.0305,0.9944,0.250,,,,,,,
5,Right,8,0.0000,0.0000,0.0379,0.1423,0.0035,-0.0263,0.9895,0.250,,,,,,,
5,Right,9,0.0000,0.0000,0.0243,0.0683,0.0248,-0.0167,0.9972,0.250,,,,,,,
5,Right,10,0.0003,0.0010,0.0224,0.0000,0.0000,0.0000,1.0000,0.250,,,,,,,
5,Right,11,-0.0026,-0.0084,0.0350,0.0000,0.0000,0.0000,1.0000,0.250,,,,,,,
5,Right,12,0.0008,0.0058,0.0607,0.1126,0.1052,-0.0156,0.9879,0.250,,,,,,,
5,Right,13,0.0000,0.0000,0.0429,0.1457,0.0027,-0.0121,0.9892,0.250,,,,,,,
5,Right,14,0.0000,0.0000,0.0275,0.0314,-0.0008,-0.0467,0.9984,0.250,,,,,,,
5,Right,15,0.0003,0.0011,0.0250,0.0000,0.0000,0.0000,1.0000,0.250,,,,,,,
5,Right,16,0.0150,-0.0060,0.0348,0.0000,0.0000,0.0000,1.0000,0.250,,,,,,,
5,Right,17,0.0025,-0.0005,0.0539,0.0842,0.1122,-0.0569,0.9885,0.250,,,,,,,
5,Right,18,0.0000,0.0000,0.0390,0.1446,-0.0019,-0.0368,0.9888,0.250,,,,,,,
5,Right,19,0.0000,0.0000,0.0266,0.0698,-0.0296,-0.0079,0.9971,0.250,,,,,,,
5,Right,20,0.0003,0.0016,0.0243,0.0000,0.0000,0.0000,1.0000,0.250,,,,,,,
5,Right,21,0.0230,-0.0094,0.0341,0.0183,0.1403,-0.2070,0.9680,0.250,,,,,,,
5,Right,22,0.0000,0.0000,0.0457,-0.0232,-0.0079,0.0933,0.9953,0.250,,,,,,,
5,Right,23,0.0000,0.0000,0.0307,0.1694,0.0352,-0.0531,0.9835,0.250,,,,,,,
5,Right,24,0.0000,0.0000,0.0203,0.0271,-0.0491,0.0008,0.9984,0.250,,,,,,,
5,Right,25,-0.0002,0.0012,0.0219,0.0000,0.0000,0.0000,1.0000,0.250,,,,,,,
6,Left,0,0.0026,-0.0052,0.0650,0.0000,0.0000,0.0000,1.0000,0.292,,,,,,,
6,Left,1,0.0000,0.0000,0.0000,0.0000,0.0000,0.0000,1.0000,0.292,-0.0883,0.1255,-0.0415,-0.0840,0.1192,-0.7428,-0.6534
6,Left,2,0.0298,-0.0167,0.0348,-0.1485,0.2670,-0.5570,0.7723,0.292,,,,,,,
6,Left,3,0.0000,0.0000,0.0325,0.0602,-0.0651,0.0832,0.9926,0.292,,,,,,,
6,Left,4,0.0000,0.0000,0.0338,-0.0324,0.0630,-0.0830,0.9940,0.292,,,,,,,
6,Left,5,-0.0007,0.0010,0.0246,0.0000,0.0000,0.0000,1.0000,0.292,,,,,,,
6,Left,6,0.0196,-0.0098,0.0366,0.0000,0.0000,0.0000,1.0000,0.292,,,,,,,
6,Left,7,0.0039,0.0025,0.0594,0.1357,-0.0145,-0.0323,0.9901,0.292,,,,,,,
6,Left,8,0.0000,0.0000,0.0379,0.2498,-0.0005,0.0263,0.9679,0.292,,,,,,,
6,Left,9,0.0000,0.0000,0.0243,0.1073,-0.0241,0.0169,0.9938,0.292,,,,,,,
6,Left,10,-0.0003,0.0010,0.0224,0.0000,0.0000,0.0000,1.0000,0.292,,,,,,,
6,Left,11,0.0034,-0.0078,0.0344,0.0000,0.0000,0.0000,1.0000,0.292,,,,,,,
6,Left,12,-0.0017,0.0053,0.0612,0.1508,-0.0658,0.0153,0.9863,0.292,,,,,,,
6,Left,13,0.0000,0.0000,0.0429,0.2292,-0.0017,0.0124,0.9733,0.292,,,,,,,
6,Left,14,0.0000,0.0000,0.0275,0.0641,0.0022,0.0498,0.9967,0.292,,,,,,,
6,Left,15,-0.0003,0.0011,0.0250,0.0000,0.0000,0.0000,1.0000,0.292,,,,,,,
6,Left,16,-0.0150,-0.0060,0.0348,0.0000,0.0000,0.0000,1.0000,0.292,,,,,,,
6,Left,17,-0.0025,-0.0005,0.0539,0.1544,-0.0871,0.0620,0.9822,0.292,,,,,,,
6,Left,18,0.0000,0.0000,0.0390,0.1846,0.0033,0.0376,0.9821,0.292,,,,,,,
6,Left,19,0.0000,0.0000,0.0266,0.0873,0.0296,0.0087,0.9957,0.292,,,,,,,
6,Left,20,-0.0003,0.0016,0.0243,0.0000,0.0000,0.0000,1.0000,0.292,,,,,,,
6,Left,21,-0.0230,-0.0094,0.0341,0.0183,-0.1403,0.2070,0.9680,0.292,,,,,,,
6,Left,22,0.0000,0.0000,0.0457,0.1048,0.0131,-0.0889,0.9904,0.292,,,,,,,
6,Left,23,0.0000,0.0000,0.0307,0.1568,-0.0358,0.0521,0.9856,0.292,,,,,,,
6,Left,24,0.0000,0.0000,0.0203,0.0380,0.0491,-0.0009,0.9981,0.292,,,,,,,
6,Left,25,0.0002,0.0012,0.0219,0.0000,0.0000,0.0000,1.0000,0.292,,,,,,,
6,Right,0,-0.0021,-0.0055,0.0653,0.0000,0.0000,0.0000,1.0000,0.292,,,,,,,
6,Right,1,0.0000,0.0000,0.0000,0.0000,0.0000,0.0000,1.0000,0.292,0.0812,0.1424,-0.0618,0.0685,0.0887,-0.7764,0.6203
6,Right,2,-0.0281,-0.0191,0.0359,-0.1151,-0.2461,0.6036,0.7495,0.292,,,,,,,
6,Right,3,0.0000,0.0000,0.0325,0.0554,0.0655,-0.0832,0.9928,0.292,,,,,,,
6,Right,4,0.0000,0.0000,0.0338,0.0726,-0.0542,0.0804,0.9926,0.292,,,,,,,
6,Right,5,0.0007,0.0010,0.0246,0.0000,0.0000,0.0000,1.0000,0.292,,,,,,,
6,Right,6,-0.0187,-0.0110,0.0372,0.0000,0.0000,0.0000,1.0000,0.292,,,,,,,
6,Right,7,-0.0048,0.0037,0.0588,0.0584,0.0826,0.0305,0.9944,0.292,,,,,,,
6,Right,8,0.0000,0.0000,0.0379,0.1412,0.0035,-0.0263,0.9896,0.292,,,,,,,
6,Right,9,0.0000,0.0000,0.0243,0.0669,0.0249,-0.0167,0.9973,0.292,,,,,,,
6,Right,10,0.0003,0.0010,0.0224,0.0000,0.0000,0.0000,1.0000,0.292,,,,,,,
6,Right,11,-0.0025,-0.0084,0.0350,0.0000,0.0000,0.0000,1.0000,0.292,,,,,,,
6,Right,12,0.0008,0.0059,0.0606,0.1139,0.1045,-0.0157,0.9879,0.292,,,,,,,
6,Right,13,0.0000,0.0000,0.0429,0.1450,0.0027,-0.0121,0.9894,0.292,,,,,,,
6,Right,14,0.0000,0.0000,0.0275,0.0301,-0.0008,-0.0466,0.9985,0.292,,,,,,,
6,Right,15,0.0003,0.0011,0.0250,0.0000,0.0000,0.0000,1.0000,0.292,,,,,,,
6,Right,16,0.0150,-0.0060,0.0348,0.0000,0.0000,0.0000,1.0000,0.292,,,,,,,
6,Right,17,0.0025,-0.0005,0.0539,0.0857,0.1115,-0.0570,0.9884,0.292,,,,,,,
6,Right,18,0.0000,0.0000,0.0390,0.1436,-0.0019,-0.0368,0.9890,0.292,,,,,,,
6,Right,19,0.0000,0.0000,0.0266,0.0685,-0.0296,-0.0079,0.9972,0.292,,,,,,,
6,Right,20,0.0003,0.0016,0.0243,0.0000,0.0000,0.0000,1.0000,0.292,,,,,,,
6,Right,21,0.0230,-0.0094,0.0341,0.0183,0.1403,-0.2070,0.9680,0.292,,,,,,,
6,Right,22,0.0000,0.0000,0.0457,-0.0212,-0.0091,0.0931,0.9954,0.292,,,,,,,
6,Right,23,0.0000,0.0000,0.0307,0.1690,0.0352,-0.0531,0.9835,0.292,,,,,,,
6,Right,24,0.0000,0.0000,0.0203,0.0265,-0.0491,0.0008,0.9984,0.292,,,,,,,
6,Right,25,-0.0002,0.0012,0.0219,0.0000,0.0000,0.0000,1.0000,0.292,,,,,,,
7,Left,0,0.0026,-0.0052,0.0650,0.0000,0.0000,0.0000,1.0000,0.333,,,,,,,
7,Left,1,0.0000,0.0000,0.0000,0.0000,0.0000,0.0000,1.0000,0.333,-0.0882,0.1258,-0.0412,-0.0835,0.1205,-0.7406,-0.6558
7,Left,2,0.0298,-0.0167,0.0348,-0.1499,0.2647,-0.5565,0.7731,0.333,,,,,,,
7,Left,3,0.0000,0.0000,0.0325,0.0604,-0.0650,0.0832,0.9926,0.333,,,,,,,
7,Left,4,0.0000,0.0000,0.0338,-0.0317,0.0629,-0.0830,0.9941,0.333,,,,,,,
7,Left,5,-0.0007,0.0010,0.0246,0.0000,0.0000,0.0000,1.0000,0.333,,,,,,,
7,Left,6,0.0196,-0.0098,0.0366,0.0000,0.0000,0.0000,1.0000,0.333,,,,,,,
7,Left,7,0.0039,0.0025,0.0594,0.1360,-0.0147,-0.0323,0.9901,0.333,,,,,,,
7,Left,8,0.0000,0.0000,0.0379,0.2485,-0.0006,0.0263,0.9683,0.333,,,,,,,
7,Left,9,0.0000,0.0000,0.0243,0.1064,-0.0241,0.0169,0.9939,0.333,,,,,,,
7,Left,10,-0.0003,0.0010,0.0224,0.0000,0.0000,0.0000,1.0000,0.333,,,,,,,
7,Left,11,0.0034,-0.0078,0.0344,0.0000,0.0000,0.0000,1.0000,0.333,,,,,,,
7,Left,12,-0.0017,0.0053,0.0612,0.1512,-0.0656,0.0153,0.9862,0.333,,,,,,,
7,Left,13,0.0000,0.0000,0.0429,0.2285,-0.0017,0.0124,0.9735,0.333,,,,,,,
7,Left,14,0.0000,0.0000,0.0275,0.0633,0.0022,0.0497,0.9967,0.333,,,,,,,
7,Left,15,-0.0003,0.0011,0.0250,0.0000,0.0000,0.0000,1.0000,0.333,,,,,,,
7,Left,16,-0.0150,-0.0060,0.0348,0.0000,0.0000,0.0000,1.0000,0.333,,,,,,,
7,Left,17,-0.0025,-0.0005,0.0539,0.1549,-0.0868,0.0620,0.9822,0.333,,,,,,,
7,Left,18,0.0000,0.0000,0.0390,0.1844,0.0033,0.0376,0.9821,0.333,,,,,,,
7,Left,19,0.0000,0.0000,0.0266,0.0870,0.0296,0.0087,0.9957,0.333,,,,,,,
7,Left,20,-0.0003,0.0016,0.0243,0.0000,0.0000,0.0000,1.0000,0.333,,,,,,,
7,Left,21,-0.0230,-0.0094,0.0341,0.0183,-0.1403,0.2070,0.9680,0.333,,,,,,,
7,Left,22,0.0000,0.0000,0.0457,0.1039,0.0139,-0.0890,0.9905,0.333,,,,,,,
7,Left,23,0.0000,0.0000,0.0307,0.1574,-0.0358,0.0521,0.9855,0.333,,,,,,,
7,Left,24,0.0000,0.0000,0.0203,0.0380,0.0491,-0.0009,0.9981,0.333,,,,,,,
7,Left,25,0.0002,0.0012,0.0219,0.0000,0.0000,0.0000,1.0000,0.333,,,,,,,
7,Right,0,-0.0021,-0.0055,0.0653,0.0000,0.0000,0.0000,1.0000,0.333,,,,,,,
7,Right,1,0.0000,0.0000,0.0000,0.0000,0.0000,0.0000,1.0000,0.333,0.0812,0.1425,-0.0618,0.0687,0.0893,-0.7766,0.6199
7,Right,2,-0.0280,-0.0192,0.0360,-0.1147,-0.2448,0.6048,0.7491,0.333,,,,,,,
7,Right,3,0.0000,0.0000,0.0325,0.0549,0.0655,-0.0832,0.9929,0.333,,,,,,,
7,Right,4,0.0000,0.0000,0.0338,0.0727,-0.0542,0.0804,0.9926,0.333,,,,,,,
7,Right,5,0.0007,0.0010,0.0246,0.0000,0.0000,0.0000,1.0000,0.333,,,,,,,
7,Right,6,-0.0187,-0.0111,0.0372,0.0000,0.0000,0.0000,1.0000,0.333,,,,,,,
7,Right,7,-0.0048,0.0037,0.0588,0.0595,0.0815,0.0304,0.9944,0.333,,,,,,,
7,Right,8,0.0000,0.0000,0.0379,0.1408,0.0035,-0.0263,0.9897,0.333,,,,,,,
7,Right,9,0.0000,0.0000,0.0243,0.0659,0.0249,-0.0167,0.9974,0.333,,,,,,,
7,Right,10,0.0003,0.0010,0.0224,0.0000,0.0000,0.0000,1.0000,0.333,,,,,,,
7,Right,11,-0.0025,-0.0084,0.0350,0.0000,0.0000,0.0000,1.0000,0.333,,,,,,,
7,Right,12,0.0008,0.0059,0.0606,0.1149,0.1037,-0.0157,0.9878,0.333,,,,,,,
7,Right,13,0.0000,0.0000,0.0429,0.1447,0.0027,-0.0121,0.9894,0.333,,,,,,,
7,Right,14,0.0000,0.0000,0.0275,0.0289,-0.0007,-0.0464,0.9985,0.333,,,,,,,
7,Right,15,0.0003,0.0011,0.0250,0.0000,0.0000,0.0000,1.0000,0.333,,,,,,,
7,Right,16,0.0150,-0.0060,0.0348,0.0000,0.0000,0.0000,1.0000,0.333,,,,,,,
7,Right,17,0.0025,-0.0005,0.0539,0.0867,0.1107,-0.0571,0.9884,0.333,,,,,,,
7,Right,18,0.0000,0.0000,0.0390,0.1431,-0.0018,-0.0368,0.9890,0.333,,,,,,,
7,Right,19,0.0000,0.0000,0.0266,0.0675,-0.0296,-0.0078,0.9973,0.333,,,,,,,
7,Right,20,0.0003,0.0016,0.0243,0.0000,0.0000,0.0000,1.0000,0.333,,,,,,,
7,Right,21,0.0230,-0.0094,0.0341,0.0183,0.1403,-0.2070,0.9680,0.333,,,,,,,
7,Right,22,0.0000,0.0000,0.0457,-0.0191,-0.0105,0.0930,0.9954,0.333,,,,,,,
7,Right,23,0.0000,0.0000,0.0307,0.1692,0.0352,-0.0531,0.9835,0.333,,,,,,,
7,Right,24,0.0000,0.0000,0.0203,0.0261,-0.0491,0.0008,0.9985,0.333,,,,,,,
7,Right,25,-0.0002,0.0012,0.0219,0.0000,0.0000,0.0000,1.0000,0.333,,,,,,,
8,Left,0,0.0026,-0.0052,0.0650,0.0000,0.0000,0.0000,1.0000,0.375,,,,,,,
8,Left,1,0.0000,0.0000,0.0000,0.0000,0.0000,0.0000,1.0000,0.375,-0.0882,0.1258,-0.0410,-0.0828,0.1208,-0.7383,-0.6584
8,Left,2,0.0298,-0.0167,0.0348,-0.1511,0.2629,-0.5561,0.7738,0.375,,,,,,,
8,Left,3,0.0000,0.0000,0.0325,0.0608,-0.0650,0.0832,0.9926,0.375,,,,,,,
8,Left,4,0.0000,0.0000,0.0338,-0.0304,0.0628,-0.0830,0.9941,0.375,,,,,,,
8,Left,5,-0.0007,0.0010,0.0246,0.0000,0.0000,0.0000,1.0000,0.375,,,,,,,
8,Left,6,0.0196,-0.0098,0.0366,0.0000,0.0000,0.0000,1.0000,0.375,,,,,,,
8,Left,7,0.0039,0.0025,0.0594,0.1363,-0.0145,-0.0323,0.9900,0.375,,,,,,,
8,Left,8,0.0000,0.0000,0.0379,0.2481,-0.0006,0.0263,0.9684,0.375,,,,,,,
8,Left,9,0.0000,0.0000,0.0243,0.1058,-0.0241,0.0169,0.9940,0.375,,,,,,,
8,Left,10,-0.0003,0.0010,0.0224,0.0000,0.0000,0.0000,1.0000,0.375,,,,,,,
8,Left,11,0.0034,-0.0078,0.0344,0.0000,0.0000,0.0000,1.0000,0.375,,,,,,,
8,Left,12,-0.0017,0.0053,0.0612,0.1514,-0.0654,0.0153,0.9862,0.375,,,,,,,
8,Left,13,0.0000,0.0000,0.0429,0.2286,-0.0017,0.0124,0.9734,0.375,,,,,,,
8,Left,14,0.0000,0.0000,0.0275,0.0630,0.0022,0.0497,0.9968,0.375,,,,,,,
8,Left,15,-0.0003,0.0011,0.0250,0.0000,0.0000,0.0000,1.0000,0.375,,,,,,,
8,Left,16,-0.0150,-0.0060,0.0348,0.0000,0.0000,0.0000,1.0000,0.375,,,,,,,
8,Left,17,-0.0025,-0.0005,0.0539,0.1553,-0.0867,0.0621,0.9821,0.375,,,,,,,
8,Left,18,0.0000,0.0000,0.0390,0.1848,0.0033,0.0376,0.9820,0.375,,,,,,,
8,Left,19,0.0000,0.0000,0.0266,0.0870,0.0296,0.0087,0.9957,0.375,,,,,,,
8,Left,20,-0.0003,0.0016,0.0243,0.0000,0.0000,0.0000,1.0000,0.375,,,,,,,
8,Left,21,-0.0230,-0.0094,0.0341,0.0183,-0.1403,0.2070,0.9680,0.375,,,,,,,
8,Left,22,0.0000,0.0000,0.0457,0.1033,0.0141,-0.0891,0.9905,0.375,,,,,,,
8,Left,23,0.0000,0.0000,0.0307,0.1583,-0.0357,0.0522,0.9854,0.375,,,,,,,
8,Left,24,0.0000,0.0000,0.0203,0.0380,0.0491,-0.0009,0.9981,0.375,,,,,,,
8,Left,25,0.0002,0.0012,0.0219,0.0000,0.0000,0.0000,1.0000,0.375,,,,,,,
8,Right,0,-0.0021,-0.0055,0.0653,0.0000,0.0000,0.0000,1.0000,0.375,,,,,,,
8,Right,1,0.0000,0.0000,0.0000,0.0000,0.0000,0.0000,1.0000,0.375,0.0813,0.1424,-0.0617,0.0686,0.0895,-0.7771,0.6193
8,Right,2,-0.0280,-0.0192,0.0360,-0.1142,-0.2440,0.6058,0.7486,0.375,,,,,,,
8,Right,3,0.0000,0.0000,0.0325,0.0549,0.0655,-0.0832,0.9929,0.375,,,,,,,
8,Right,4,0.0000,0.0000,0.0338,0.0738,-0.0541,0.0804,0.9926,0.375,,,,,,,
8,Right,5,0.0007,0.0010,0.0246,0.0000,0.0000,0.0000,1.0000,0.375,,,,,,,
8,Right,6,-0.0187,-0.0111,0.0372,0.0000,0.0000,0.0000,1.0000,0.375,,,,,,,
8,Right,7,-0.0049,0.0038,0.0588,0.0597,0.0804,0.0304,0.9945,0.375,,,,,,,
8,Right,8,0.0000,0.0000,0.0379,0.1411,0.0035,-0.0263,0.9896,0.375,,,,,,,
8,Right,9,0.0000,0.0000,0.0243,0.0654,0.0249,-0.0167,0.9974,0.375,,,,,,,
8,Right,10,0.0003,0.0010,0.0224,0.0000,0.0000,0.0000,1.0000,0.375,,,,,,,
8,Right,11,-0.0025,-0.0084,0.0350,0.0000,0.0000,0.0000,1.0000,0.375,,,,,,,
8,Right,12,0.0008,0.0059,0.0606,0.1155,0.1029,-0.0157,0.9878,0.375,,,,,,,
8,Right,13,0.0000,0.0000,0.0429,0.1449,0.0027,-0.0121,0.9894,0.375,,,,,,,
8,Right,14,0.0000,0.0000,0.0275,0.0282,-0.0007,-0.0464,0.9985,0.375,,,,,,,
8,Right,15,0.0003,0.0011,0.0250,0.0000,0.0000,0.0000,1.0000,0.375,,,,,,,
8,Right,16,0.0150,-0.0060,0.0348,0.0000,0.0000,0.0000,1.0000,0.375,,,,,,,
8,Right,17,0.0025,-0.0005,0.0539,0.0872,0.1099,-0.0571,0.9885,0.375,,,,,,,
8,Right,18,0.0000,0.0000,0.0390,0.1433,-0.0019,-0.0368,0.9890,0.375,,,,,,,
8,Right,19,0.0000,0.0000,0.0266,0.0668,-0.0295,-0.0078,0.9973,0.375,,,,,,,
8,Right,20,0.0003,0.0016,0.0243,0.0000,0.0000,0.0000,1.0000,0.375,,,,,,,
8,Right,21,0.0230,-0.0094,0.0341,0.0183,0.1403,-0.2070,0.9680,0.375,,,,,,,
8,Right,22,0.0000,0.0000,0.0457,-0.0177,-0.0120,0.0929,0.9954,0.375,,,,,,,
8,Right,23,0.0000,0.0000,0.0307,0.1700,0.0352,-0.0531,0.9834,0.375,,,,,,,
8,Right,24,0.0000,0.0000,0.0203,0.0260,-0.0491,0.0008,0.9985,0.375,,,,,,,
8,Right,25,-0.0002,0.0012,0.0219,0.0000,0.0000,0.0000,1.0000,0.375,,,,,,,
9,Left,0,0.0026,-0.0052,0.0650,0.0000,0.0000,0.0000,1.0000,0.417,,,,,,,
9,Left,1,0.0000,0.0000,0.0000,0.0000,0.0000,0.0000,1.0000,0.417,-0.0882,0.1256,-0.0406,-0.0820,0.1202,-0.7367,-0.6604
9,Left,2,0.0298,-0.0167,0.0348,-0.1520,0.2618,-0.5557,0.7743,0.417,,,,,,,
9,Left,3,0.0000,0.0000,0.0325,0.0610,-0.0650,0.0832,0.9925,0.417,,,,,,,
9,Left,4,0.0000,0.0000,0.0338,-0.0289,0.0627,-0.0829,0.9942,0.417,,,,,,,
9,Left,5,-0.0007,0.0010,0.0246,0.0000,0.0000,0.0000,1.0000,0.417,,,,,,,
9,Left,6,0.0196,-0.0098,0.0366,0.0000,0.0000,0.0000,1.0000,0.417,,,,,,,
9,Left,7,0.0039,0.0025,0.0594,0.1362,-0.0141,-0.0323,0.9901,0.417,,,,,,,
9,Left,8,0.0000,0.0000,0.0379,0.2481,-0.0006,0.0263,0.9684,0.417,,,,,,,
9,Left,9,0.0000,0.0000,0.0243,0.1055,-0.0242,0.0169,0.9940,0.417,,,,,,,
9,Left,10,-0.0003,0.0010,0.0224,0.0000,0.0000,0.0000,1.0000,0.417,,,,,,,
9,Left,11,0.0034,-0.0078,0.0344,0.0000,0.0000,0.0000,1.0000,0.417,,,,,,,
9,Left,12,-0.0017,0.0053,0.0612,0.1513,-0.0652,0.0152,0.9862,0.417,,,,,,,
9,Left,13,0.0000,0.0000,0.0429,0.2287,-0.0017,0.0124,0.9734,0.417,,,,,,,
9,Left,14,0.0000,0.0000,0.0275,0.0628,0.0022,0.0497,0.9968,0.417,,,,,,,
9,Left,15,-0.0003,0.0011,0.0250,0.0000,0.0000,0.0000,1.0000,0.417,,,,,,,
9,Left,16,-0.0150,-0.0060,0.0348,0.0000,0.0000,0.0000,1.0000,0.417,,,,,,,
9,Left,17,-0.0025,-0.0005,0.0539,0.1556,-0.0868,0.0621,0.9820,0.417,,,,,,,
9,Left,18,0.0000,0.0000,0.0390,0.1852,0.0033,0.0376,0.9820,0.417,,,,,,,
9,Left,19,0.0000,0.0000,0.0266,0.0870,0.0296,0.0087,0.9957,0.417,,,,,,,
9,Left,20,-0.0003,0.0016,0.0243,0.0000,0.0000,0.0000,1.0000,0.417,,,,,,,
9,Left,21,-0.0230,-0.0094,0.0341,0.0183,-0.1403,0.2070,0.9680,0.417,,,,,,,
9,Left,22,0.0000,0.0000,0.0457,0.1029,0.0140,-0.0891,0.9906,0.417,,,,,,,
9,Left,23,0.0000,0.0000,0.0307,0.1590,-0.0357,0.0522,0.9852,0.417,,,,,,,
9,Left,24,0.0000,0.0000,0.0203,0.0379,0.0491,-0.0009,0.9981,0.417,,,,,,,
9,Left,25,0.0002,0.0012,0.0219,0.0000,0.0000,0.0000,1.0000,0.417,,,,,,,
9,Right,0,-0.0021,-0.0055,0.0653,0.0000,0.0000,0.0000,1.0000,0.417,,,,,,,
9,Right,1,0.0000,0.0000,0.0000,0.0000,0.0000,0.0000,1.0000,0.417,0.0812,0.1423,-0.0615,0.0682,0.0898,-0.7777,0.6184
9,Right,2,-0.0279,-0.0193,0.0360,-0.1134,-0.2437,0.6067,0.7481,0.417,,,,,,,
9,Right,3,0.0000,0.0000,0.0325,0.0550,0.0655,-0.0832,0.9929,0.417,,,,,,,
9,Right,4,0.0000,0.0000,0.0338,0.0751,-0.0540,0.0803,0.9925,0.417,,,,,,,
9,Right,5,0.0007,0.0010,0.0246,0.0000,0.0000,0.0000,1.0000,0.417,,,,,,,
9,Right,6,-0.0187,-0.0111,0.0372,0.0000,0.0000,0.0000,1.0000,0.417,,,,,,,
9,Right,7,-0.0049,0.0038,0.0588,0.0593,0.0795,0.0304,0.9946,0.417,,,,,,,
9,Right,8,0.0000,0.0000,0.0379,0.1418,0.0035,-0.0263,0.9895,0.417,,,,,,,
9,Right,9,0.0000,0.0000,0.0243,0.0654,0.0249,-0.0167,0.9974,0.417,,,,,,,
9,Right,10,0.0003,0.0010,0.0224,0.0000,0.0000,0.0000,1.0000,0.417,,,,,,,
9,Right,11,-0.0025,-0.0084,0.0350,0.0000,0.0000,0.0000,1.0000,0.417,,,,,,,
9,Right,12,0.0007,0.0059,0.0606,0.1160,0.1023,-0.0157,0.9878,0.417,,,,,,,
9,Right,13,0.0000,0.0000,0.0429,0.1454,0.0027,-0.0121,0.9893,0.417,,,,,,,
9,Right,14,0.0000,0.0000,0.0275,0.0278,-0.0007,-0.0463,0.9985,0.417,,,,,,,
9,Right,15,0.0003,0.0011,0.0250,0.0000,0.0000,0.0000,1.0000,0.417,,,,,,,
9,Right,16,0.0150,-0.0060,0.0348,0.0000,0.0000,0.0000,1.0000,0.417,,,,,,,
9,Right,17,0.0025,-0.0005,0.0539,0.0876,0.1092,-0.0571,0.9885,0.417,,,,,,,
9,Right,18,0.0000,0.0000,0.0390,0.1437,-0.0019,-0.0368,0.9889,0.417,,,,,,,
9,Right,19,0.0000,0.0000,0.0266,0.0665,-0.0295,-0.0078,0.9973,0.417,,,,,,,
9,Right,20,0.0003,0.0016,0.0243,0.0000,0.0000,0.0000,1.0000,0.417,,,,,,,
9,Right,21,0.0230,-0.0094,0.0341,0.0183,0.1403,-0.2070,0.9680,0.417,,,,,,,
9,Right,22,0.0000,0.0000,0.0457,-0.0166,-0.0133,0.0928,0.9955,0.417,,,,,,,
9,Right,23,0.0000,0.0000,0.0307,0.1710,0.0351,-0.0532,0.9832,0.417,,,,,,,
9,Right,24,0.0000,0.0000,0.0203,0.0260,-0.0491,0.0008,0.9985,0.417,,,,,,,
9,Right,25,-0.0002,0.0012,0.0219,0.0000,0.0000,0.0000,1.0000,0.417,,,,,,,
10,Left,0,0.0026,-0.0052,0.0650,0.0000,0.0000,0.0000,1.0000,0.458,,,,,,,
10,Left,1,0.0000,0.0000,0.0000,0.0000,0.0000,0.0000,1.0000,0.458,-0.0882,0.1255,-0.0404,-0.0813,0.1196,-0.7362,-0.6612
10,Left,2,0.0298,-0.0167,0.0348,-0.1529,0.2609,-0.5551,0.7749,0.458,,,,,,,
10,Left,3,0.0000,0.0000,0.0325,0.0610,-0.0650,0.0832,0.9925,0.458,,,,,,,
10,Left,4,0.0000,0.0000,0.0338,-0.0273,0.0625,-0.0829,0.9942,0.458,,,,,,,
10,Left,5,-0.0007,0.0010,0.0246,0.0000,0.0000,0.0000,1.0000,0.458,,,,,,,
10,Left,6,0.0196,-0.0098,0.0366,0.0000,0.0000,0.0000,1.0000,0.458,,,,,,,
10,Left,7,0.0039,0.0025,0.0594,0.1357,-0.0138,-0.0323,0.9901,0.458,,,,,,,
10,Left,8,0.0000,0.0000,0.0379,0.2483,-0.0006,0.0263,0.9683,0.458,,,,,,,
10,Left,9,0.0000,0.0000,0.0243,0.1055,-0.0242,0.0169,0.9940,0.458,,,,,,,
10,Left,10,-0.0003,0.0010,0.0224,0.0000,0.0000,0.0000,1.0000,0.458,,,,,,,
10,Left,11,0.0034,-0.0078,0.0344,0.0000,0.0000,0.0000,1.0000,0.458,,,,,,,
10,Left,12,-0.0017,0.0053,0.0612,0.1509,-0.0652,0.0152,0.9863,0.458,,,,,,,
10,Left,13,0.0000,0.0000,0.0429,0.2289,-0.0017,0.0124,0.9734,0.458,,,,,,,
10,Left,14,0.0000,0.0000,0.0275,0.0628,0.0022,0.0497,0.9968,0.458,,,,,,,
10,Left,15,-0.0003,0.0011,0.0250,0.0000,0.0000,0.0000,1.0000,0.458,,,,,,,
10,Left,16,-0.0150,-0.0060,0.0348,0.0000,0.0000,0.0000,1.0000,0.458,,,,,,,
10,Left,17,-0.0025,-0.0005,0.0539,0.1554,-0.0869,0.0621,0.9821,0.458,,,,,,,
10,Left,18,0.0000,0.0000,0.0390,0.1855,0.0033,0.0376,0.9819,0.458,,,,,,,
10,Left,19,0.0000,0.0000,0.0266,0.0871,0.0296,0.0087,0.9957,0.458,,,,,,,
10,Left,20,-0.0003,0.0016,0.0243,0.0000,0.0000,0.0000,1.0000,0.458,,,,,,,
10,Left,21,-0.0230,-0.0094,0.0341,0.0183,-0.1403,0.2070,0.9680,0.458,,,,,,,
10,Left,22,0.0000,0.0000,0.0457,0.1019,0.0139,-0.0891,0.9907,0.458,,,,,,,
10,Left,23,0.0000,0.0000,0.0307,0.1598,-0.0357,0.0523,0.9851,0.458,,,,,,,
10,Left,24,0.0000,0.0000,0.0203,0.0379,0.0491,-0.0009,0.9981,0.458,,,,,,,
10,Left,25,0.0002,0.0012,0.0219,0.0000,0.0000,0.0000,1.0000,0.458,,,,,,,
10,Right,0,-0.0021,-0.0055,0.0653,0.0000,0.0000,0.0000,1.0000,0.458,,,,,,,
10,Right,1,0.0000,0.0000,0.0000,0.0000,0.0000,0.0000,1.0000,0.458,0.0812,0.1423,-0.0612,0.0675,0.0903,-0.7782,0.6178
10,Right,2,-0.0279,-0.0193,0.0360,-0.1128,-0.2434,0.6074,0.7477,0.458,,,,,,,
10,Right,3,0.0000,0.0000,0.0325,0.0549,0.0655,-0.0832,0.9929,0.458,,,,,,,
10,Right,4,0.0000,0.0000,0.0338,0.0766,-0.0538,0.0803,0.9924,0.458,,,,,,,
10,Right,5,0.0007,0.0010,0.0246,0.0000,0.0000,0.0000,1.0000,0.458,,,,,,,
10,Right,6,-0.0187,-0.0111,0.0372,0.0000,0.0000,0.0000,1.0000,0.458,,,,,,,
10,Right,7,-0.0049,0.0038,0.0588,0.0589,0.0790,0.0305,0.9947,0.458,,,,,,,
10,Right,8,0.0000,0.0000,0.0379,0.1426,0.0034,-0.0263,0.9894,0.458,,,,,,,
10,Right,9,0.0000,0.0000,0.0243,0.0658,0.0249,-0.0167,0.9974,0.458,,,,,,,
10,Right,10,0.0003,0.0010,0.0224,0.0000,0.0000,0.0000,1.0000,0.458,,,,,,,
10,Right,11,-0.0025,-0.0085,0.0351,0.0000,0.0000,0.0000,1.0000,0.458,,,,,,,
10,Right,12,0.0007,0.0059,0.0606,0.1166,0.1018,-0.0158,0.9878,0.458,,,,,,,
10,Right,13,0.0000,0.0000,0.0429,0.1459,0.0027,-0.0121,0.9892,0.458,,,,,,,
10,Right,14,0.0000,0.0000,0.0275,0.0276,-0.0007,-0.0463,0.9985,0.458,,,,,,,
10,Right,15,0.0003,0.0011,0.0250,0.0000,0.0000,0.0000,1.0000,0.458,,,,,,,
10,Right,16,0.0150,-0.0060,0.0348,0.0000,0.0000,0.0000,1.0000,0.458,,,,,,,
10,Right,17,0.0025,-0.0005,0.0539,0.0882,0.1088,-0.0572,0.9885,0.458,,,,,,,
10,Right,18,0.0000,0.0000,0.0390,0.1442,-0.0019,-0.0368,0.9889,0.458,,,,,,,
10,Right,19,0.0000,0.0000,0.0266,0.0662,-0.0295,-0.0077,0.9973,0.458,,,,,,,
10,Right,20,0.0003,0.0016,0.0243,0.0000,0.0000,0.0000,1.0000,0.458,,,,,,,
10,Right,21,0.0230,-0.0094,0.0341,0.0183,0.1403,-0.2070,0.9680,0.458,,,,,,,
10,Right,22,0.0000,0.0000,0.0457,-0.0154,-0.0142,0.0928,0.9955,0.458,,,,,,,
10,Right,23,0.0000,0.0000,0.0307,0.1721,0.0351,-0.0533,0.9830,0.458,,,,,,,
10,Right,24,0.0000,0.0000,0.0203,0.0261,-0.0491,0.0008,0.9985,0.458,,,,,,,
10,Right,25,-0.0002,0.0012,0.0219,0.0000,0.0000,0.0000,1.0000,0.458,,,,,,,
11,Left,0,0.0026,-0.0052,0.0650,0.0000,0.0000,0.0000,1.0000,0.500,,,,,,,
11,Left,1,0.0000,0.0000,0.0000,0.0000,0.0000,0.0000,1.0000,0.500,-0.0880,0.1255,-0.0403,-0.0809,0.1193,-0.7358,-0.6617
11,Left,2,0.0299,-0.0167,0.0348,-0.1538,0.2602,-0.5544,0.7754,0.500,,,,,,,
11,Left,3,0.0000,0.0000,0.0325,0.0608,-0.0650,0.0832,0.9926,0.500,,,,,,,
11,Left,4,0.0000,0.0000,0.0338,-0.0258,0.0624,-0.0829,0.9943,0.500,,,,,,,
11,Left,5,-0.0007,0.0010,0.0246,0.0000,0.0000,0.0000,1.0000,0.500,,,,,,,
11,Left,6,0.0196,-0.0098,0.0366,0.0000,0.0000,0.0000,1.0000,0.500,,,,,,,
11,Left,7,0.0039,0.0025,0.0594,0.1351,-0.0137,-0.0323,0.9902,0.500,,,,,,,
11,Left,8,0.0000,0.0000,0.0379,0.2485,-0.0006,0.0263,0.9683,0.500,,,,,,,
11,Left,9,0.0000,0.0000,0.0243,0.1053,-0.0242,0.0169,0.9940,0.500,,,,,,,
11,Left,10,-0.0003,0.0010,0.0224,0.0000,0.0000,0.0000,1.0000,0.500,,,,,,,
11,Left,11,0.0034,-0.0078,0.0344,0.0000,0.0000,0.0000,1.0000,0.500,,,,,,,
11,Left,12,-0.0017,0.0053,0.0612,0.1504,-0.0652,0.0152,0.9864,0.500,,,,,,,
11,Left,13,0.0000,0.0000,0.0429,0.2295,-0.0017,0.0124,0.9732,0.500,,,,,,,
11,Left,14,0.0000,0.0000,0.0275,0.0629,0.0022,0.0497,0.9968,0.500,,,,,,,
11,Left,15,-0.0003,0.0011,0.0250,0.0000,0.0000,0.0000,1.0000,0.500,,,,,,,
11,Left,16,-0.0150,-0.0060,0.0348,0.0000,0.0000,0.0000,1.0000,0.500,,,,,,,
11,Left,17,-0.0025,-0.0005,0.0539,0.1547,-0.0870,0.0620,0.9822,0.500,,,,,,,
11,Left,18,0.0000,0.0000,0.0390,0.1861,0.0033,0.0376,0.9818,0.500,,,,,,,
11,Left,19,0.0000,0.0000,0.0266,0.0872,0.0296,0.0087,0.9957,0.500,,,,,,,
11,Left,20,-0.0003,0.0016,0.0243,0.0000,0.0000,0.0000,1.0000,0.500,,,,,,,
11,Left,21,-0.0230,-0.0094,0.0341,0.0183,-0.1403,0.2070,0.9680,0.500,,,,,,,
11,Left,22,0.0000,0.0000,0.0457,0.1005,0.0141,-0.0891,0.9908,0.500,,,,,,,
11,Left,23,0.0000,0.0000,0.0307,0.1607,-0.0356,0.0524,0.9850,0.500,,,,,,,
11,Left,24,0.0000,0.0000,0.0203,0.0380,0.0491,-0.0009,0.9981,0.500,,,,,,,
11,Left,25,0.0002,0.0012,0.0219,0.0000,0.0000,0.0000,1.0000,0.500,,,,,,,
11,Right,0,-0.0021,-0.0055,0.0654,0.0000,0.0000,0.0000,1.0000,0.500,,,,,,,
11,Right,1,0.0000,0.0000,0.0000,0.0000,0.0000,0.0000,1.0000,0.500,0.0812,0.1422,-0.0609,0.0669,0.0907,-0.7783,0.6177
11,Right,2,-0.0279,-0.0193,0.0360,-0.1126,-0.2430,0.6080,0.7474,0.500,,,,,,,
11,Right,3,0.0000,0.0000,0.0325,0.0550,0.0655,-0.0832,0.9929,0.500,,,,,,,
11,Right,4,0.0000,0.0000,0.0338,0.0784,-0.0537,0.0802,0.9922,0.500,,,,,,,
11,Right,5,0.0007,0.0010,0.0246,0.0000,0.0000,0.0000,1.0000,0.500,,,,,,,
11,Right,6,-0.0186,-0.0111,0.0372,0.0000,0.0000,0.0000,1.0000,0.500,,,,,,,
11,Right,7,-0.0049,0.0038,0.0588,0.0588,0.0786,0.0305,0.9947,0.500,,,,,,,
11,Right,8,0.0000,0.0000,0.0379,0.1434,0.0034,-0.0263,0.9893,0.500,,,,,,,
11,Right,9,0.0000,0.0000,0.0243,0.0662,0.0249,-0.0167,0.9974,0.500,,,,,,,
11,Right,10,0.0003,0.0010,0.0224,0.0000,0.0000,0.0000,1.0000,0.500,,,,,,,
11,Right,11,-0.0024,-0.0085,0.0351,0.0000,0.0000,0.0000,1.0000,0.500,,,,,,,
11,Right,12,0.0007,0.0059,0.0606,0.1176,0.1016,-0.0158,0.9877,0.500,,,,,,,
11,Right,13,0.0000,0.0000,0.0429,0.1463,0.0027,-0.0121,0.9892,0.500,,,,,,,
11,Right,14,0.0000,0.0000,0.0275,0.0275,-0.0006,-0.0463,0.9985,0.500,,,,,,,
11,Right,15,0.0003,0.0011,0.0250,0.0000,0.0000,0.0000,1.0000,0.500,,,,,,,
11,Right,16,0.0150,-0.0060,0.0348,0.0000,0.0000,0.0000,1.0000,0.500,,,,,,,
11,Right,17,0.0025,-0.0005,0.0539,0.0892,0.1085,-0.0573,0.9884,0.500,,,,,,,
11,Right,18,0.0000,0.0000,0.0390,0.1448,-0.0019,-0.0368,0.9888,0.500,,,,,,,
11,Right,19,0.0000,0.0000,0.0266,0.0661,-0.0295,-0.0077,0.9973,0.500,,,,,,,
11,Right,20,0.0003,0.0016,0.0243,0.0000,0.0000,0.0000,1.0000,0.500,,,,,,,
11,Right,21,0.0230,-0.0094,0.0341,0.0183,0.1403,-0.2070,0.9680,0.500,,,,,,,
11,Right,22,0.0000,0.0000,0.0457,-0.0141,-0.0151,0.0927,0.9955,0.500,,,,,,,
11,Right,23,0.0000,0.0000,0.0307,0.1733,0.0350,-0.0534,0.9828,0.500,,,,,,,
11,Right,24,0.0000,0.0000,0.0203,0.0262,-0.0491,0.0008,0.9984,0.500,,,,,,,
11,Right,25,-0.0002,0.0012,0.0219,0.0000,0.0000,0.0000,1.0000,0.500,,,,,,,
12,Left,0,0.0026,-0.0052,0.0650,0.0000,0.0000,0.0000,1.0000,0.542,,,,,,,
12,Left,1,0.0000,0.0000,0.0000,0.0000,0.0000,0.0000,1.0000,0.542,-0.0878,0.1254,-0.0400,-0.0807,0.1194,-0.7353,-0.6623
12,Left,2,0.0299,-0.0167,0.0348,-0.1544,0.2594,-0.5541,0.7758,0.542,,,,,,,
12,Left,3,0.0000,0.0000,0.0325,0.0601,-0.0651,0.0832,0.9926,0.542,,,,,,,
12,Left,4,0.0000,0.0000,0.0338,-0.0251,0.0624,-0.0829,0.9943,0.542,,,,,,,
12,Left,5,-0.0007,0.0010,0.0246,0.0000,0.0000,0.0000,1.0000,0.542,,,,,,,
12,Left,6,0.0196,-0.0098,0.0366,0.0000,0.0000,0.0000,1.0000,0.542,,,,,,,
12,Left,7,0.0039,0.0025,0.0594,0.1348,-0.0136,-0.0323,0.9903,0.542,,,,,,,
12,Left,8,0.0000,0.0000,0.0379,0.2488,-0.0005,0.0263,0.9682,0.542,,,,,,,
12,Left,9,0.0000,0.0000,0.0243,0.1048,-0.0242,0.0169,0.9941,0.542,,,,,,,
12,Left,10,-0.0003,0.0010,0.0224,0.0000,0.0000,0.0000,1.0000,0.542,,,,,,,
12,Left,11,0.0034,-0.0078,0.0344,0.0000,0.0000,0.0000,1.0000,0.542,,,,,,,
12,Left,12,-0.0017,0.0053,0.0612,0.1501,-0.0653,0.0152,0.9864,0.542,,,,,,,
12,Left,13,0.0000,0.0000,0.0429,0.2306,-0.0016,0.0124,0.9730,0.542,,,,,,,
12,Left,14,0.0000,0.0000,0.0275,0.0630,0.0022,0.0497,0.9968,0.542,,,,,,,
12,Left,15,-0.0003,0.0011,0.0250,0.0000,0.0000,0.0000,1.0000,0.542,,,,,,,
12,Left,16,-0.0150,-0.0060,0.0348,0.0000,0.0000,0.0000,1.0000,0.542,,,,,,,
12,Left,17,-0.0025,-0.0005,0.0539,0.1542,-0.0870,0.0620,0.9823,0.542,,,,,,,
12,Left,18,0.0000,0.0000,0.0390,0.1872,0.0033,0.0376,0.9816,0.542,,,,,,,
12,Left,19,0.0000,0.0000,0.0266,0.0873,0.0296,0.0087,0.9957,0.542,,,,,,,
12,Left,20,-0.0003,0.0016,0.0243,0.0000,0.0000,0.0000,1.0000,0.542,,,,,,,
12,Left,21,-0.0230,-0.0094,0.0341,0.0183,-0.1403,0.2070,0.9680,0.542,,,,,,,
12,Left,22,0.0000,0.0000,0.0457,0.0993,0.0143,-0.0892,0.9910,0.542,,,,,,,
12,Left,23,0.0000,0.0000,0.0307,0.1620,-0.0356,0.0525,0.9847,0.542,,,,,,,
12,Left,24,0.0000,0.0000,0.0203,0.0381,0.0491,-0.0009,0.9981,0.542,,,,,,,
12,Left,25,0.0002,0.0012,0.0219,0.0000,0.0000,0.0000,1.0000,0.542,,,,,,,
12,Right,0,-0.0021,-0.0055,0.0654,0.0000,0.0000,0.0000,1.0000,0.542,,,,,,,
12,Right,1,0.0000,0.0000,0.0000,0.0000,0.0000,0.0000,1.0000,0.542,0.0811,0.1420,-0.0605,0.0666,0.0913,-0.7780,0.6180
12,Right,2,-0.0279,-0.0194,0.0360,-0.1125,-0.2426,0.6083,0.7473,0.542,,,,,,,
12,Right,3,0.0000,0.0000,0.0325,0.0548,0.0655,-0.0832,0.9929,0.542,,,,,,,
12,Right,4,0.0000,0.0000,0.0338,0.0836,-0.0532,0.0801,0.9919,0.542,,,,,,,
12,Right,5,0.0007,0.0010,0.0246,0.0000,0.0000,0.0000,1.0000,0.542,,,,,,,
12,Right,6,-0.0186,-0.0111,0.0372,0.0000,0.0000,0.0000,1.0000,0.542,,,,,,,
12,Right,7,-0.0049,0.0038,0.0588,0.0591,0.0785,0.0305,0.9947,0.542,,,,,,,
12,Right,8,0.0000,0.0000,0.0379,0.1442,0.0034,-0.0263,0.9892,0.542,,,,,,,
12,Right,9,0.0000,0.0000,0.0243,0.0666,0.0249,-0.0167,0.9973,0.542,,,,,,,
12,Right,10,0.0003,0.0010,0.0224,0.0000,0.0000,0.0000,1.0000,0.542,,,,,,,
12,Right,11,-0.0024,-0.0085,0.0351,0.0000,0.0000,0.0000,1.0000,0.542,,,,,,,
12,Right,12,0.0007,0.0059,0.0606,0.1186,0.1015,-0.0159,0.9876,0.542,,,,,,,
12,Right,13,0.0000,0.0000,0.0429,0.1467,0.0027,-0.0121,0.9891,0.542,,,,,,,
12,Right,14,0.0000,0.0000,0.0275,0.0274,-0.0006,-0.0463,0.9986,0.542,,,,,,,
12,Right,15,0.0003,0.0011,0.0250,0.0000,0.0000,0.0000,1.0000,0.542,,,,,,,
12,Right,16,0.0150,-0.0060,0.0348,0.0000,0.0000,0.0000,1.0000,0.542,,,,,,,
12,Right,17,0.0025,-0.0005,0.0539,0.0905,0.1084,-0.0574,0.9883,0.542,,,,,,,
12,Right,18,0.0000,0.0000,0.0390,0.1452,-0.0019,-0.0368,0.9887,0.542,,,,,,,
12,Right,19,0.0000,0.0000,0.0266,0.0659,-0.0295,-0.0077,0.9974,0.542,,,,,,,
12,Right,20,0.0003,0.0016,0.0243,0.0000,0.0000,0.0000,1.0000,0.542,,,,,,,
12,Right,21,0.0230,-0.0094,0.0341,0.0183,0.1403,-0.2070,0.9680,0.542,,,,,,,
12,Right,22,0.0000,0.0000,0.0457,-0.0126,-0.0158,0.0926,0.9955,0.542,,,,,,,
12,Right,23,0.0000,0.0000,0.0307,0.1743,0.0350,-0.0535,0.9826,0.542,,,,,,,
12,Right,24,0.0000,0.0000,0.0203,0.0261,-0.0491,0.0008,0.9984,0.542,,,,,,,
12,Right,25,-0.0002,0.0012,0.0219,0.0000,0.0000,0.0000,1.0000,0.542,,,,,,,
13,Left,0,0.0026,-0.0052,0.0650,0.0000,0.0000,0.0000,1.0000,0.583,,,,,,,
13,Left,1,0.0000,0.0000,0.0000,0.0000,0.0000,0.0000,1.0000,0.583,-0.0877,0.1251,-0.0397,-0.0802,0.1193,-0.7349,-0.6628
13,Left,2,0.0299,-0.0167,0.0348,-0.1551,0.2584,-0.5539,0.7761,0.583,,,,,,,
13,Left,3,0.0000,0.0000,0.0325,0.0593,-0.0651,0.0832,0.9926,0.583,,,,,,,
13,Left,4,0.0000,0.0000,0.0338,-0.0249,0.0624,-0.0829,0.9943,0.583,,,,,,,
13,Left,5,-0.0007,0.0010,0.0246,0.0000,0.0000,0.0000,1.0000,0.583,,,,,,,
13,Left,6,0.0196,-0.0098,0.0366,0.0000,0.0000,0.0000,1.0000,0.583,,,,,,,
13,Left,7,0.0039,0.0025,0.0594,0.1351,-0.0134,-0.0323,0.9902,0.583,,,,,,,
13,Left,8,0.0000,0.0000,0.0379,0.2493,-0.0005,0.0263,0.9681,0.583,,,,,,,
13,Left,9,0.0000,0.0000,0.0243,0.1044,-0.0242,0.0169,0.9941,0.583,,,,,,,
13,Left,10,-0.0003,0.0010,0.0224,0.0000,0.0000,0.0000,1.0000,0.583,,,,,,,
13,Left,11,0.0034,-0.0078,0.0344,0.0000,0.0000,0.0000,1.0000,0.583,,,,,,,
13,Left,12,-0.0017,0.0053,0.0612,0.1501,-0.0652,0.0152,0.9864,0.583,,,,,,,
13,Left,13,0.0000,0.0000,0.0429,0.2320,-0.0016,0.0124,0.9726,0.583,,,,,,,
13,Left,14,0.0000,0.0000,0.0275,0.0632,0.0022,0.0497,0.9968,0.583,,,,,,,
13,Left,15,-0.0003,0.0011,0.0250,0.0000,0.0000,0.0000,1.0000,0.583,,,,,,,
13,Left,16,-0.0150,-0.0060,0.0348,0.0000,0.0000,0.0000,1.0000,0.583,,,,,,,
13,Left,17,-0.0025,-0.0005,0.0539,0.1539,-0.0870,0.0620,0.9823,0.583,,,,,,,
13,Left,18,0.0000,0.0000,0.0390,0.1886,0.0034,0.0377,0.9813,0.583,,,,,,,
13,Left,19,0.0000,0.0000,0.0266,0.0875,0.0296,0.0087,0.9957,0.583,,,,,,,
13,Left,20,-0.0003,0.0016,0.0243,0.0000,0.0000,0.0000,1.0000,0.583,,,,,,,
13,Left,21,-0.0230,-0.0094,0.0341,0.0183,-0.1403,0.2070,0.9680,0.583,,,,,,,
13,Left,22,0.0000,0.0000,0.0457,0.0986,0.0145,-0.0892,0.9910,0.583,,,,,,,
13,Left,23,0.0000,0.0000,0.0307,0.1635,-0.0355,0.0526,0.9845,0.583,,,,,,,
13,Left,24,0.0000,0.0000,0.0203,0.0383,0.0491,-0.0009,0.9981,0.583,,,,,,,
13,Left,25,0.0002,0.0012,0.0219,0.0000,0.0000,0.0000,1.0000,0.583,,,,,,,
13,Right,0,-0.0021,-0.0055,0.0654,0.0000,0.0000,0.0000,1.0000,0.583,,,,,,,
13,Right,1,0.0000,0.0000,0.0000,0.0000,0.0000,0.0000,1.0000,0.583,0.0811,0.1417,-0.0600,0.0661,0.0917,-0.7778,0.6183
13,Right,2,-0.0278,-0.0194,0.0361,-0.1125,-0.2420,0.6085,0.7473,0.583,,,,,,,
13,Right,3,0.0000,0.0000,0.0325,0.0546,0.0656,-0.0832,0.9929,0.583,,,,,,,
13,Right,4,0.0000,0.0000,0.0338,0.0891,-0.0527,0.0799,0.9914,0.583,,,,,,,
13,Right,5,0.0007,0.0010,0.0246,0.0000,0.0000,0.0000,1.0000,0.583,,,,,,,
13,Right,6,-0.0186,-0.0111,0.0372,0.0000,0.0000,0.0000,1.0000,0.583,,,,,,,
13,Right,7,-0.0049,0.0038,0.0588,0.0596,0.0785,0.0304,0.9947,0.583,,,,,,,
13,Right,8,0.0000,0.0000,0.0379,0.1452,0.0034,-0.0263,0.9890,0.583,,,,,,,
13,Right,9,0.0000,0.0000,0.0243,0.0669,0.0249,-0.0167,0.9973,0.583,,,,,,,
13,Right,10,0.0003,0.0010,0.0224,0.0000,0.0000,0.0000,1.0000,0.583,,,,,,,
13,Right,11,-0.0024,-0.0085,0.0351,0.0000,0.0000,0.0000,1.0000,0.583,,,,,,,
13,Right,12,0.0007,0.0059,0.0606,0.1195,0.1015,-0.0160,0.9875,0.583,,,,,,,
13,Right,13,0.0000,0.0000,0.0429,0.1472,0.0027,-0.0121,0.9890,0.583,,,,,,,
13,Right,14,0.0000,0.0000,0.0275,0.0272,-0.0006,-0.0463,0.9986,0.583,,,,,,,
13,Right,15,0.0003,0.0011,0.0250,0.0000,0.0000,0.0000,1.0000,0.583,,,,,,,
13,Right,16,0.0150,-0.0060,0.0348,0.0000,0.0000,0.0000,1.0000,0.583,,,,,,,
13,Right,17,0.0025,-0.0005,0.0539,0.0919,0.1083,-0.0576,0.9882,0.583,,,,,,,
13,Right,18,0.0000,0.0000,0.0390,0.1457,-0.0019,-0.0368,0.9886,0.583,,,,,,,
13,Right,19,0.0000,0.0000,0.0266,0.0658,-0.0295,-0.0077,0.9974,0.583,,,,,,,
13,Right,20,0.0003,0.0016,0.0243,0.0000,0.0000,0.0000,1.0000,0.583,,,,,,,
13,Right,21,0.0230,-0.0094,0.0341,0.0183,0.1403,-0.2070,0.9680,0.583,,,,,,,
13,Right,22,0.0000,0.0000,0.0457,-0.0103,-0.0164,0.0925,0.9955,0.583,,,,,,,
13,Right,23,0.0000,0.0000,0.0307,0.1754,0.0349,-0.0536,0.9824,0.583,,,,,,,
13,Right,24,0.0000,0.0000,0.0203,0.0261,-0.0491,0.0008,0.9985,0.583,,,,,,,
13,Right,25,-0.0002,0.0012,0.0219,0.0000,0.0000,0.0000,1.0000,0.583,,,,,,,
14,Left,0,0.0026,-0.0052,0.0650,0.0000,0.0000,0.0000,1.0000,0.625,,,,,,,
14,Left,1,0.0000,0.0000,0.0000,0.0000,0.0000,0.0000,1.0000,0.625,-0.0876,0.1248,-0.0393,-0.0798,0.1196,-0.7346,-0.6631
14,Left,2,0.0298,-0.0167,0.0348,-0.1557,0.2571,-0.5539,0.7765,0.625,,,,,,,
14,Left,3,0.0000,0.0000,0.0325,0.0587,-0.0652,0.0832,0.9927,0.625,,,,,,,
14,Left,4,0.0000,0.0000,0.0338,-0.0249,0.0624,-0.0829,0.9943,0.625,,,,,,,
14,Left,5,-0.0007,0.0010,0.0246,0.0000,0.0000,0.0000,1.0000,0.625,,,,,,,
14,Left,6,0.0196,-0.0098,0.0366,0.0000,0.0000,0.0000,1.0000,0.625,,,,,,,
14,Left,7,0.0039,0.0025,0.0594,0.1354,-0.0130,-0.0324,0.9902,0.625,,,,,,,
14,Left,8,0.0000,0.0000,0.0379,0.2500,-0.0005,0.0263,0.9679,0.625,,,,,,,
14,Left,9,0.0000,0.0000,0.0243,0.1042,-0.0242,0.0169,0.9941,0.625,,,,,,,
14,Left,10,-0.0003,0.0010,0.0224,0.0000,0.0000,0.0000,1.0000,0.625,,,,,,,
14,Left,11,0.0034,-0.0078,0.0344,0.0000,0.0000,0.0000,1.0000,0.625,,,,,,,
14,Left,12,-0.0017,0.0053,0.0612,0.1501,-0.0650,0.0151,0.9864,0.625,,,,,,,
14,Left,13,0.0000,0.0000,0.0429,0.2333,-0.0016,0.0124,0.9723,0.625,,,,,,,
14,Left,14,0.0000,0.0000,0.0275,0.0634,0.0022,0.0497,0.9967,0.625,,,,,,,
14,Left,15,-0.0003,0.0011,0.0250,0.0000,0.0000,0.0000,1.0000,0.625,,,,,,,
14,Left,16,-0.0150,-0.0060,0.0348,0.0000,0.0000,0.0000,1.0000,0.625,,,,,,,
14,Left,17,-0.0025,-0.0005,0.0539,0.1538,-0.0870,0.0620,0.9823,0.625,,,,,,,
14,Left,18,0.0000,0.0000,0.0390,0.1899,0.0034,0.0377,0.9811,0.625,,,,,,,
14,Left,19,0.0000,0.0000,0.0266,0.0877,0.0296,0.0088,0.9957,0.625,,,,,,,
14,Left,20,-0.0003,0.0016,0.0243,0.0000,0.0000,0.0000,1.0000,0.625,,,,,,,
14,Left,21,-0.0230,-0.0094,0.0341,0.0183,-0.1403,0.2070,0.9680,0.625,,,,,,,
14,Left,22,0.0000,0.0000,0.0457,0.0981,0.0145,-0.0892,0.9911,0.625,,,,,,,
14,Left,23,0.0000,0.0000,0.0307,0.1648,-0.0354,0.0527,0.9843,0.625,,,,,,,
14,Left,24,0.0000,0.0000,0.0203,0.0385,0.0491,-0.0009,0.9981,0.625,,,,,,,
14,Left,25,0.0002,0.0012,0.0219,0.0000,0.0000,0.0000,1.0000,0.625,,,,,,,
14,Right,0,-0.0021,-0.0055,0.0654,0.0000,0.0000,0.0000,1.0000,0.625,,,,,,,
14,Right,1,0.0000,0.0000,0.0000,0.0000,0.0000,0.0000,1.0000,0.625,0.0811,0.1413,-0.0598,0.0656,0.0923,-0.7776,0.6185
14,Right,2,-0.0278,-0.0194,0.0361,-0.1126,-0.2411,0.6090,0.7472,0.625,,,,,,,
14,Right,3,0.0000,0.0000,0.0325,0.0544,0.0656,-0.0832,0.9929,0.625,,,,,,,
14,Right,4,0.0000,0.0000,0.0338,0.0949,-0.0522,0.0798,0.9909,0.625,,,,,,,
14,Right,5,0.0007,0.0010,0.0246,0.0000,0.0000,0.0000,1.0000,0.625,,,,,,,
14,Right,6,-0.0186,-0.0112,0.0372,0.0000,0.0000,0.0000,1.0000,0.625,,,,,,,
14,Right,7,-0.0049,0.0038,0.0588,0.0600,0.0783,0.0304,0.9947,0.625,,,,,,,
14,Right,8,0.0000,0.0000,0.0379,0.1468,0.0033,-0.0263,0.9888,0.625,,,,,,,
14,Right,9,0.0000,0.0000,0.0243,0.0675,0.0249,-0.0167,0.9973,0.625,,,,,,,
14,Right,10,0.0003,0.0010,0.0224,0.0000,0.0000,0.0000,1.0000,0.625,,,,,,,
14,Right,11,-0.0024,-0.0085,0.0351,0.0000,0.0000,0.0000,1.0000,0.625,,,,,,,
14,Right,12,0.0007,0.0059,0.0606,0.1204,0.1014,-0.0161,0.9874,0.625,,,,,,,
14,Right,13,0.0000,0.0000,0.0429,0.1483,0.0026,-0.0121,0.9889,0.625,,,,,,,
14,Right,14,0.0000,0.0000,0.0275,0.0272,-0.0006,-0.0463,0.9986,0.625,,,,,,,
14,Right,15,0.0003,0.0011,0.0250,0.0000,0.0000,0.0000,1.0000,0.625,,,,,,,
14,Right,16,0.0150,-0.0060,0.0348,0.0000,0.0000,0.0000,1.0000,0.625,,,,,,,
14,Right,17,0.0025,-0.0005,0.0539,0.0934,0.1082,-0.0577,0.9881,0.625,,,,,,,
14,Right,18,0.0000,0.0000,0.0390,0.1465,-0.0020,-0.0368,0.9885,0.625,,,,,,,
14,Right,19,0.0000,0.0000,0.0266,0.0657,-0.0295,-0.0077,0.9974,0.625,,,,,,,
14,Right,20,0.0003,0.0016,0.0243,0.0000,0.0000,0.0000,1.0000,0.625,,,,,,,
14,Right,21,0.0230,-0.0094,0.0341,0.0183,0.1403,-0.2070,0.9680,0.625,,,,,,,
14,Right,22,0.0000,0.0000,0.0457,-0.0064,-0.0169,0.0924,0.9956,0.625,,,,,,,
14,Right,23,0.0000,0.0000,0.0307,0.1764,0.0349,-0.0537,0.9822,0.625,,,,,,,
14,Right,24,0.0000,0.0000,0.0203,0.0260,-0.0491,0.0008,0.9985,0.625,,,,,,,
14,Right,25,-0.0002,0.0012,0.0219,0.0000,0.0000,0.0000,1.0000,0.625,,,,,,,
15,Left,0,0.0026,-0.0052,0.0650,0.0000,0.0000,0.0000,1.0000,0.667,,,,,,,
15,Left,1,0.0000,0.0000,0.0000,0.0000,0.0000,0.0000,1.0000,0.667,-0.0875,0.1242,-0.0389,-0.0793,0.1196,-0.7346,-0.6631
15,Left,2,0.0298,-0.0167,0.0348,-0.1562,0.2557,-0.5539,0.7768,0.667,,,,,,,
15,Left,3,0.0000,0.0000,0.0325,0.0583,-0.0652,0.0832,0.9927,0.667,,,,,,,
15,Left,4,0.0000,0.0000,0.0338,-0.0254,0.0624,-0.0829,0.9943,0.667,,,,,,,
15,Left,5,-0.0007,0.0010,0.0246,0.0000,0.0000,0.0000,1.0000,0.667,,,,,,,
15,Left,6,0.0196,-0.0098,0.0366,0.0000,0.0000,0.0000,1.0000,0.667,,,,,,,
15,Left,7,0.0039,0.0025,0.0594,0.1354,-0.0124,-0.0324,0.9902,0.667,,,,,,,
15,Left,8,0.0000,0.0000,0.0379,0.2508,-0.0005,0.0263,0.9677,0.667,,,,,,,
15,Left,9,0.0000,0.0000,0.0243,0.1041,-0.0242,0.0169,0.9941,0.667,,,,,,,
15,Left,10,-0.0003,0.0010,0.0224,0.0000,0.0000,0.0000,1.0000,0.667,,,,,,,
15,Left,11,0.0034,-0.0078,0.0344,0.0000,0.0000,0.0000,1.0000,0.667,,,,,,,
15,Left,12,-0.0017,0.0053,0.0612,0.1502,-0.0646,0.0151,0.9864,0.667,,,,,,,
15,Left,13,0.0000,0.0000,0.0429,0.2343,-0.0016,0.0124,0.9721,0.667,,,,,,,
15,Left,14,0.0000,0.0000,0.0275,0.0635,0.0022,0.0498,0.9967,0.667,,,,,,,
15,Left,15,-0.0003,0.0011,0.0250,0.0000,0.0000,0.0000,1.0000,0.667,,,,,,,
15,Left,16,-0.0150,-0.0060,0.0348,0.0000,0.0000,0.0000,1.0000,0.667,,,,,,,
15,Left,17,-0.0025,-0.0005,0.0539,0.1537,-0.0868,0.0619,0.9823,0.667,,,,,,,
15,Left,18,0.0000,0.0000,0.0390,0.1909,0.0035,0.0377,0.9809,0.667,,,,,,,
15,Left,19,0.0000,0.0000,0.0266,0.0879,0.0296,0.0088,0.9957,0.667,,,,,,,
15,Left,20,-0.0003,0.0016,0.0243,0.0000,0.0000,0.0000,1.0000,0.667,,,,,,,
15,Left,21,-0.0230,-0.0094,0.0341,0.0183,-0.1403,0.2070,0.9680,0.667,,,,,,,
15,Left,22,0.0000,0.0000,0.0457,0.0976,0.0146,-0.0892,0.9911,0.667,,,,,,,
15,Left,23,0.0000,0.0000,0.0307,0.1659,-0.0354,0.0528,0.9841,0.667,,,,,,,
15,Left,24,0.0000,0.0000,0.0203,0.0387,0.0491,-0.0009,0.9980,0.667,,,,,,,
15,Left,25,0.0002,0.0012,0.0219,0.0000,0.0000,0.0000,1.0000,0.667,,,,,,,
15,Right,0,-0.0021,-0.0055,0.0654,0.0000,0.0000,0.0000,1.0000,0.667,,,,,,,
15,Right,1,0.0000,0.0000,0.0000,0.0000,0.0000,0.0000,1.0000,0.667,0.0812,0.1408,-0.0596,0.0649,0.0927,-0.7776,0.6185
15,Right,2,-0.0278,-0.0194,0.0361,-0.1127,-0.2400,0.6095,0.7471,0.667,,,,,,,
15,Right,3,0.0000,0.0000,0.0325,0.0546,0.0656,-0.0832,0.9929,0.667,,,,,,,
15,Right,4,0.0000,0.0000,0.0338,0.0991,-0.0519,0.0796,0.9905,0.667,,,,,,,
15,Right,5,0.0007,0.0010,0.0246,0.0000,0.0000,0.0000,1.0000,0.667,,,,,,,
15,Right,6,-0.0186,-0.0112,0.0372,0.0000,0.0000,0.0000,1.0000,0.667,,,,,,,
15,Right,7,-0.0049,0.0039,0.0588,0.0604,0.0780,0.0304,0.9947,0.667,,,,,,,
15,Right,8,0.0000,0.0000,0.0379,0.1500,0.0032,-0.0263,0.9883,0.667,,,,,,,
15,Right,9,0.0000,0.0000,0.0243,0.0682,0.0248,-0.0167,0.9972,0.667,,,,,,,
15,Right,10,0.0003,0.0010,0.0224,0.0000,0.0000,0.0000,1.0000,0.667,,,,,,,
15,Right,11,-0.0024,-0.0085,0.0351,0.0000,0.0000,0.0000,1.0000,0.667,,,,,,,
15,Right,12,0.0007,0.0059,0.0606,0.1211,0.1012,-0.0162,0.9873,0.667,,,,,,,
15,Right,13,0.0000,0.0000,0.0429,0.1498,0.0026,-0.0121,0.9886,0.667,,,,,,,
15,Right,14,0.0000,0.0000,0.0275,0.0274,-0.0006,-0.0463,0.9986,0.667,,,,,,,
15,Right,15,0.0003,0.0011,0.0250,0.0000,0.0000,0.0000,1.0000,0.667,,,,,,,
15,Right,16,0.0150,-0.0060,0.0348,0.0000,0.0000,0.0000,1.0000,0.667,,,,,,,
15,Right,17,0.0025,-0.0005,0.0539,0.0945,0.1080,-0.0578,0.9880,0.667,,,,,,,
15,Right,18,0.0000,0.0000,0.0390,0.1477,-0.0020,-0.0369,0.9883,0.667,,,,,,,
15,Right,19,0.0000,0.0000,0.0266,0.0657,-0.0295,-0.0077,0.9974,0.667,,,,,,,
15,Right,20,0.0003,0.0016,0.0243,0.0000,0.0000,0.0000,1.0000,0.667,,,,,,,
15,Right,21,0.0230,-0.0094,0.0341,0.0183,0.1403,-0.2070,0.9680,0.667,,,,,,,
15,Right,22,0.0000,0.0000,0.0457,-0.0040,-0.0176,0.0923,0.9956,0.667,,,,,,,
15,Right,23,0.0000,0.0000,0.0307,0.1774,0.0348,-0.0537,0.9820,0.667,,,,,,,
15,Right,24,0.0000,0.0000,0.0203,0.0259,-0.0491,0.0008,0.9985,0.667,,,,,,,
15,Right,25,-0.0002,0.0012,0.0219,0.0000,0.0000,0.0000,1.0000,0.667,,,,,,,
16,Left,0,0.0026,-0.0052,0.0650,0.0000,0.0000,0.0000,1.0000,0.708,,,,,,,
16,Left,1,0.0000,0.0000,0.0000,0.0000,0.0000,0.0000,1.0000,0.708,-0.0875,0.1237,-0.0386,-0.0789,0.1194,-0.7346,-0.6632
16,Left,2,0.0298,-0.0167,0.0348,-0.1568,0.2543,-0.5540,0.7771,0.708,,,,,,,
16,Left,3,0.0000,0.0000,0.0325,0.0581,-0.0653,0.0832,0.9927,0.708,,,,,,,
16,Left,4,0.0000,0.0000,0.0338,-0.0258,0.0624,-0.0829,0.9943,0.708,,,,,,,
16,Left,5,-0.0007,0.0010,0.0246,0.0000,0.0000,0.0000,1.0000,0.708,,,,,,,
16,Left,6,0.0196,-0.0098,0.0366,0.0000,0.0000,0.0000,1.0000,0.708,,,,,,,
16,Left,7,0.0039,0.0025,0.0594,0.1354,-0.0117,-0.0325,0.9902,0.708,,,,,,,
16,Left,8,0.0000,0.0000,0.0379,0.2517,-0.0005,0.0263,0.9674,0.708,,,,,,,
16,Left,9,0.0000,0.0000,0.0243,0.1042,-0.0242,0.0169,0.9941,0.708,,,,,,,
16,Left,10,-0.0003,0.0010,0.0224,0.0000,0.0000,0.0000,1.0000,0.708,,,,,,,
16,Left,11,0.0034,-0.0078,0.0344,0.0000,0.0000,0.0000,1.0000,0.708,,,,,,,
16,Left,12,-0.0017,0.0053,0.0612,0.1504,-0.0642,0.0151,0.9864,0.708,,,,,,,
16,Left,13,0.0000,0.0000,0.0429,0.2352,-0.0016,0.0124,0.9719,0.708,,,,,,,
16,Left,14,0.0000,0.0000,0.0275,0.0638,0.0022,0.0498,0.9967,0.708,,,,,,,
16,Left,15,-0.0003,0.0011,0.0250,0.0000,0.0000,0.0000,1.0000,0.708,,,,,,,
16,Left,16,-0.0150,-0.0060,0.0348,0.0000,0.0000,0.0000,1.0000,0.708,,,,,,,
16,Left,17,-0.0025,-0.0005,0.0539,0.1540,-0.0866,0.0620,0.9823,0.708,,,,,,,
16,Left,18,0.0000,0.0000,0.0390,0.1919,0.0035,0.0377,0.9807,0.708,,,,,,,
16,Left,19,0.0000,0.0000,0.0266,0.0881,0.0296,0.0088,0.9956,0.708,,,,,,,
16,Left,20,-0.0003,0.0016,0.0243,0.0000,0.0000,0.0000,1.0000,0.708,,,,,,,
16,Left,21,-0.0230,-0.0094,0.0341,0.0183,-0.1403,0.2070,0.9680,0.708,,,,,,,
16,Left,22,0.0000,0.0000,0.0457,0.0977,0.0146,-0.0892,0.9911,0.708,,,,,,,
16,Left,23,0.0000,0.0000,0.0307,0.1667,-0.0353,0.0529,0.9839,0.708,,,,,,,
16,Left,24,0.0000,0.0000,0.0203,0.0390,0.0491,-0.0009,0.9980,0.708,,,,,,,
16,Left,25,0.0002,0.0012,0.0219,0.0000,0.0000,0.0000,1.0000,0.708,,,,,,,
16,Right,0,-0.0021,-0.0055,0.0654,0.0000,0.0000,0.0000,1.0000,0.708,,,,,,,
16,Right,1,0.0000,0.0000,0.0000,0.0000,0.0000,0.0000,1.0000,0.708,0.0811,0.1406,-0.0596,0.0645,0.0932,-0.7776,0.6184
16,Right,2,-0.0278,-0.0195,0.0361,-0.1129,-0.2389,0.6100,0.7471,0.708,,,,,,,
16,Right,3,0.0000,0.0000,0.0325,0.0548,0.0655,-0.0832,0.9929,0.708,,,,,,,
16,Right,4,0.0000,0.0000,0.0338,0.1023,-0.0516,0.0795,0.9902,0.708,,,,,,,
16,Right,5,0.0007,0.0010,0.0246,0.0000,0.0000,0.0000,1.0000,0.708,,,,,,,
16,Right,6,-0.0186,-0.0112,0.0373,0.0000,0.0000,0.0000,1.0000,0.708,,,,,,,
16,Right,7,-0.0050,0.0039,0.0587,0.0605,0.0775,0.0304,0.9947,0.708,,,,,,,
16,Right,8,0.0000,0.0000,0.0379,0.1548,0.0031,-0.0263,0.9876,0.708,,,,,,,
16,Right,9,0.0000,0.0000,0.0243,0.0693,0.0248,-0.0168,0.9971,0.708,,,,,,,
16,Right,10,0.0003,0.0010,0.0224,0.0000,0.0000,0.0000,1.0000,0.708,,,,,,,
16,Right,11,-0.0024,-0.0085,0.0351,0.0000,0.0000,0.0000,1.0000,0.708,,,,,,,
16,Right,12,0.0007,0.0060,0.0606,0.1215,0.1010,-0.0162,0.9873,0.708,,,,,,,
16,Right,13,0.0000,0.0000,0.0429,0.1517,0.0026,-0.0121,0.9884,0.708,,,,,,,
16,Right,14,0.0000,0.0000,0.0275,0.0278,-0.0007,-0.0463,0.9985,0.708,,,,,,,
16,Right,15,0.0003,0.0011,0.0250,0.0000,0.0000,0.0000,1.0000,0.708,,,,,,,
16,Right,16,0.0150,-0.0060,0.0348,0.0000,0.0000,0.0000,1.0000,0.708,,,,,,,
16,Right,17,0.0025,-0.0005,0.0539,0.0952,0.1079,-0.0579,0.9879,0.708,,,,,,,
16,Right,18,0.0000,0.0000,0.0390,0.1491,-0.0021,-0.0369,0.9881,0.708,,,,,,,
16,Right,19,0.0000,0.0000,0.0266,0.0658,-0.0295,-0.0077,0.9974,0.708,,,,,,,
16,Right,20,0.0003,0.0016,0.0243,0.0000,0.0000,0.0000,1.0000,0.708,,,,,,,
16,Right,21,0.0230,-0.0094,0.0341,0.0183,0.1403,-0.2070,0.9680,0.708,,,,,,,
16,Right,22,0.0000,0.0000,0.0457,-0.0028,-0.0181,0.0922,0.9956,0.708,,,,,,,
16,Right,23,0.0000,0.0000,0.0307,0.1787,0.0348,-0.0538,0.9818,0.708,,,,,,,
16,Right,24,0.0000,0.0000,0.0203,0.0260,-0.0491,0.0008,0.9985,0.708,,,,,,,
16,Right,25,-0.0002,0.0012,0.0219,0.0000,0.0000,0.0000,1.0000,0.708,,,,,,,
17,Left,0,0.0026,-0.0052,0.0650,0.0000,0.0000,0.0000,1.0000,0.750,,,,,,,
17,Left,1,0.0000,0.0000,0.0000,0.0000,0.0000,0.0000,1.0000,0.750,-0.0876,0.1229,-0.0382,-0.0785,0.1191,-0.7347,-0.6633
17,Left,2,0.0298,-0.0168,0.0348,-0.1571,0.2529,-0.5543,0.7772,0.750,,,,,,,
17,Left,3,0.0000,0.0000,0.0325,0.0579,-0.0653,0.0832,0.9927,0.750,,,,,,,
17,Left,4,0.0000,0.0000,0.0338,-0.0262,0.0625,-0.0829,0.9943,0.750,,,,,,,
17,Left,5,-0.0007,0.0010,0.0246,0.0000,0.0000,0.0000,1.0000,0.750,,,,,,,
17,Left,6,0.0196,-0.0098,0.0366,0.0000,0.0000,0.0000,1.0000,0.750,,,,,,,
17,Left,7,0.0039,0.0025,0.0594,0.1355,-0.0110,-0.0325,0.9902,0.750,,,,,,,
17,Left,8,0.0000,0.0000,0.0379,0.2529,-0.0004,0.0263,0.9671,0.750,,,,,,,
17,Left,9,0.0000,0.0000,0.0243,0.1046,-0.0242,0.0169,0.9941,0.750,,,,,,,
17,Left,10,-0.0003,0.0010,0.0224,0.0000,0.0000,0.0000,1.0000,0.750,,,,,,,
17,Left,11,0.0034,-0.0078,0.0345,0.0000,0.0000,0.0000,1.0000,0.750,,,,,,,
17,Left,12,-0.0017,0.0053,0.0612,0.1505,-0.0639,0.0150,0.9864,0.750,,,,,,,
17,Left,13,0.0000,0.0000,0.0429,0.2364,-0.0016,0.0124,0.9716,0.750,,,,,,,
17,Left,14,0.0000,0.0000,0.0275,0.0642,0.0023,0.0498,0.9967,0.750,,,,,,,
17,Left,15,-0.0003,0.0011,0.0250,0.0000,0.0000,0.0000,1.0000,0.750,,,,,,,
17,Left,16,-0.0150,-0.0060,0.0348,0.0000,0.0000,0.0000,1.0000,0.750,,,,,,,
17,Left,17,-0.0025,-0.0005,0.0539,0.1544,-0.0864,0.0620,0.9823,0.750,,,,,,,
17,Left,18,0.0000,0.0000,0.0390,0.1931,0.0035,0.0377,0.9805,0.750,,,,,,,
17,Left,19,0.0000,0.0000,0.0266,0.0884,0.0296,0.0088,0.9956,0.750,,,,,,,
17,Left,20,-0.0003,0.0016,0.0243,0.0000,0.0000,0.0000,1.0000,0.750,,,,,,,
17,Left,21,-0.0230,-0.0094,0.0341,0.0183,-0.1403,0.2070,0.9680,0.750,,,,,,,
17,Left,22,0.0000,0.0000,0.0457,0.0980,0.0146,-0.0892,0.9911,0.750,,,,,,,
17,Left,23,0.0000,0.0000,0.0307,0.1677,-0.0353,0.0529,0.9838,0.750,,,,,,,
17,Left,24,0.0000,0.0000,0.0203,0.0394,0.0491,-0.0009,0.9980,0.750,,,,,,,
17,Left,25,0.0002,0.0012,0.0219,0.0000,0.0000,0.0000,1.0000,0.750,,,,,,,
17,Right,0,-0.0020,-0.0055,0.0654,0.0000,0.0000,0.0000,1.0000,0.750,,,,,,,
17,Right,1,0.0000,0.0000,0.0000,0.0000,0.0000,0.0000,1.0000,0.750,0.0811,0.1405,-0.0595,0.0639,0.0932,-0.7775,0.6186
17,Right,2,-0.0277,-0.0195,0.0361,-0.1132,-0.2378,0.6103,0.7471,0.750,,,,,,,
17,Right,3,0.0000,0.0000,0.0325,0.0551,0.0655,-0.0832,0.9929,0.750,,,,,,,
17,Right,4,0.0000,0.0000,0.0338,0.1057,-0.0513,0.0794,0.9899,0.750,,,,,,,
17,Right,5,0.0007,0.0010,0.0246,0.0000,0.0000,0.0000,1.0000,0.750,,,,,,,
17,Right,6,-0.0186,-0.0112,0.0373,0.0000,0.0000,0.0000,1.0000,0.750,,,,,,,
17,Right,7,-0.0050,0.0039,0.0587,0.0604,0.0770,0.0304,0.9947,0.750,,,,,,,
17,Right,8,0.0000,0.0000,0.0379,0.1565,0.0031,-0.0263,0.9873,0.750,,,,,,,
17,Right,9,0.0000,0.0000,0.0243,0.0701,0.0248,-0.0168,0.9971,0.750,,,,,,,
17,Right,10,0.0003,0.0010,0.0224,0.0000,0.0000,0.0000,1.0000,0.750,,,,,,,
17,Right,11,-0.0024,-0.0085,0.0351,0.0000,0.0000,0.0000,1.0000,0.750,,,,,,,
17,Right,12,0.0006,0.0060,0.0606,0.1218,0.1008,-0.0162,0.9873,0.750,,,,,,,
17,Right,13,0.0000,0.0000,0.0429,0.1531,0.0026,-0.0121,0.9881,0.750,,,,,,,
17,Right,14,0.0000,0.0000,0.0275,0.0281,-0.0007,-0.0464,0.9985,0.750,,,,,,,
17,Right,15,0.0003,0.0011,0.0250,0.0000,0.0000,0.0000,1.0000,0.750,,,,,,,
17,Right,16,0.0150,-0.0060,0.0348,0.0000,0.0000,0.0000,1.0000,0.750,,,,,,,
17,Right,17,0.0025,-0.0005,0.0539,0.0959,0.1078,-0.0580,0.9878,0.750,,,,,,,
17,Right,18,0.0000,0.0000,0.0390,0.1505,-0.0021,-0.0369,0.9879,0.750,,,,,,,
17,Right,19,0.0000,0.0000,0.0266,0.0660,-0.0295,-0.0077,0.9974,0.750,,,,,,,
17,Right,20,0.0003,0.0016,0.0243,0.0000,0.0000,0.0000,1.0000,0.750,,,,,,,
17,Right,21,0.0230,-0.0094,0.0341,0.0183,0.1403,-0.2070,0.9680,0.750,,,,,,,
17,Right,22,0.0000,0.0000,0.0457,-0.0017,-0.0187,0.0922,0.9956,0.750,,,,,,,
17,Right,23,0.0000,0.0000,0.0307,0.1801,0.0347,-0.0540,0.9816,0.750,,,,,,,
17,Right,24,0.0000,0.0000,0.0203,0.0261,-0.0491,0.0008,0.9985,0.750,,,,,,,
17,Right,25,-0.0002,0.0012,0.0219,0.0000,0.0000,0.0000,1.0000,0.750,,,,,,,
18,Left,0,0.0026,-0.0052,0.0651,0.0000,0.0000,0.0000,1.0000,0.792,,,,,,,
18,Left,1,0.0000,0.0000,0.0000,0.0000,0.0000,0.0000,1.0000,0.792,-0.0877,0.1227,-0.0380,-0.0783,0.1192,-0.7350,-0.6629
18,Left,2,0.0298,-0.0168,0.0348,-0.1574,0.2518,-0.5545,0.7774,0.792,,,,,,,
18,Left,3,0.0000,0.0000,0.0325,0.0578,-0.0653,0.0832,0.9927,0.792,,,,,,,
18,Left,4,0.0000,0.0000,0.0338,-0.0265,0.0625,-0.0829,0.9942,0.792,,,,,,,
18,Left,5,-0.0007,0.0010,0.0246,0.0000,0.0000,0.0000,1.0000,0.792,,,,,,,
18,Left,6,0.0196,-0.0099,0.0366,0.0000,0.0000,0.0000,1.0000,0.792,,,,,,,
18,Left,7,0.0039,0.0025,0.0594,0.1355,-0.0101,-0.0326,0.9902,0.792,,,,,,,
18,Left,8,0.0000,0.0000,0.0379,0.2542,-0.0004,0.0263,0.9668,0.792,,,,,,,
18,Left,9,0.0000,0.0000,0.0243,0.1052,-0.0242,0.0169,0.9940,0.792,,,,,,,
18,Left,10,-0.0003,0.0010,0.0224,0.0000,0.0000,0.0000,1.0000,0.792,,,,,,,
18,Left,11,0.0034,-0.0078,0.0345,0.0000,0.0000,0.0000,1.0000,0.792,,,,,,,
18,Left,12,-0.0017,0.0053,0.0612,0.1502,-0.0635,0.0150,0.9865,0.792,,,,,,,
18,Left,13,0.0000,0.0000,0.0429,0.2374,-0.0016,0.0124,0.9713,0.792,,,,,,,
18,Left,14,0.0000,0.0000,0.0275,0.0647,0.0023,0.0499,0.9967,0.792,,,,,,,
18,Left,15,-0.0003,0.0011,0.0250,0.0000,0.0000,0.0000,1.0000,0.792,,,,,,,
18,Left,16,-0.0150,-0.0060,0.0348,0.0000,0.0000,0.0000,1.0000,0.792,,,,,,,
18,Left,17,-0.0025,-0.0005,0.0539,0.1544,-0.0862,0.0619,0.9823,0.792,,,,,,,
18,Left,18,0.0000,0.0000,0.0390,0.1941,0.0036,0.0378,0.9802,0.792,,,,,,,
18,Left,19,0.0000,0.0000,0.0266,0.0887,0.0296,0.0088,0.9956,0.792,,,,,,,
18,Left,20,-0.0003,0.0016,0.0243,0.0000,0.0000,0.0000,1.0000,0.792,,,,,,,
18,Left,21,-0.0230,-0.0094,0.0341,0.0183,-0.1403,0.2070,0.9680,0.792,,,,,,,
18,Left,22,0.0000,0.0000,0.0457,0.0978,0.0147,-0.0893,0.9911,0.792,,,,,,,
18,Left,23,0.0000,0.0000,0.0307,0.1683,-0.0353,0.0530,0.9837,0.792,,,,,,,
18,Left,24,0.0000,0.0000,0.0203,0.0397,0.0491,-0.0009,0.9980,0.792,,,,,,,
18,Left,25,0.0002,0.0012,0.0219,0.0000,0.0000,0.0000,1.0000,0.792,,,,,,,
18,Right,0,-0.0020,-0.0055,0.0654,0.0000,0.0000,0.0000,1.0000,0.792,,,,,,,
18,Right,1,0.0000,0.0000,0.0000,0.0000,0.0000,0.0000,1.0000,0.792,0.0812,0.1403,-0.0592,0.0634,0.0932,-0.7774,0.6188
18,Right,2,-0.0277,-0.0195,0.0361,-0.1133,-0.2368,0.6108,0.7470,0.792,,,,,,,
18,Right,3,0.0000,0.0000,0.0325,0.0552,0.0655,-0.0832,0.9928,0.792,,,,,,,
18,Right,4,0.0000,0.0000,0.0338,0.1072,-0.0512,0.0794,0.9897,0.792,,,,,,,
18,Right,5,0.0007,0.0010,0.0246,0.0000,0.0000,0.0000,1.0000,0.792,,,,,,,
18,Right,6,-0.0186,-0.0112,0.0373,0.0000,0.0000,0.0000,1.0000,0.792,,,,,,,
18,Right,7,-0.0050,0.0039,0.0587,0.0602,0.0769,0.0304,0.9948,0.792,,,,,,,
18,Right,8,0.0000,0.0000,0.0379,0.1578,0.0030,-0.0263,0.9871,0.792,,,,,,,
18,Right,9,0.0000,0.0000,0.0243,0.0708,0.0248,-0.0168,0.9970,0.792,,,,,,,
18,Right,10,0.0003,0.0010,0.0224,0.0000,0.0000,0.0000,1.0000,0.792,,,,,,,
18,Right,11,-0.0024,-0.0085,0.0351,0.0000,0.0000,0.0000,1.0000,0.792,,,,,,,
18,Right,12,0.0006,0.0060,0.0605,0.1222,0.1008,-0.0162,0.9872,0.792,,,,,,,
18,Right,13,0.0000,0.0000,0.0429,0.1542,0.0026,-0.0121,0.9880,0.792,,,,,,,
18,Right,14,0.0000,0.0000,0.0275,0.0282,-0.0007,-0.0464,0.9985,0.792,,,,,,,
18,Right,15,0.0003,0.0011,0.0250,0.0000,0.0000,0.0000,1.0000,0.792,,,,,,,
18,Right,16,0.0150,-0.0060,0.0348,0.0000,0.0000,0.0000,1.0000,0.792,,,,,,,
18,Right,17,0.0025,-0.0005,0.0539,0.0968,0.1078,-0.0580,0.9878,0.792,,,,,,,
18,Right,18,0.0000,0.0000,0.0390,0.1517,-0.0021,-0.0369,0.9877,0.792,,,,,,,
18,Right,19,0.0000,0.0000,0.0266,0.0661,-0.0295,-0.0077,0.9973,0.792,,,,,,,
18,Right,20,0.0003,0.0016,0.0243,0.0000,0.0000,0.0000,1.0000,0.792,,,,,,,
18,Right,21,0.0230,-0.0094,0.0341,0.0183,0.1403,-0.2070,0.9680,0.792,,,,,,,
18,Right,22,0.0000,0.0000,0.0457,-0.0006,-0.0193,0.0921,0.9956,0.792,,,,,,,
18,Right,23,0.0000,0.0000,0.0307,0.1814,0.0347,-0.0541,0.9813,0.792,,,,,,,
18,Right,24,0.0000,0.0000,0.0203,0.0262,-0.0491,0.0008,0.9984,0.792,,,,,,,
18,Right,25,-0.0002,0.0012,0.0219,0.0000,0.0000,0.0000,1.0000,0.792,,,,,,,
19,Left,0,0.0026,-0.0052,0.0651,0.0000,0.0000,0.0000,1.0000,0.833,,,,,,,
19,Left,1,0.0000,0.0000,0.0000,0.0000,0.0000,0.0000,1.0000,0.833,-0.0877,0.1228,-0.0378,-0.0784,0.1195,-0.7353,-0.6625
19,Left,2,0.0298,-0.0168,0.0348,-0.1578,0.2511,-0.5545,0.7775,0.833,,,,,,,
19,Left,3,0.0000,0.0000,0.0325,0.0580,-0.0653,0.0832,0.9927,0.833,,,,,,,
19,Left,4,0.0000,0.0000,0.0338,-0.0267,0.0625,-0.0829,0.9942,0.833,,,,,,,
19,Left,5,-0.0007,0.0010,0.0246,0.0000,0.0000,0.0000,1.0000,0.833,,,,,,,
19,Left,6,0.0196,-0.0099,0.0366,0.0000,0.0000,0.0000,1.0000,0.833,,,,,,,
19,Left,7,0.0040,0.0025,0.0594,0.1354,-0.0094,-0.0327,0.9902,0.833,,,,,,,
19,Left,8,0.0000,0.0000,0.0379,0.2551,-0.0004,0.0263,0.9666,0.833,,,,,,,
19,Left,9,0.0000,0.0000,0.0243,0.1057,-0.0241,0.0169,0.9940,0.833,,,,,,,
19,Left,10,-0.0003,0.0010,0.0224,0.0000,0.0000,0.0000,1.0000,0.833,,,,,,,
19,Left,11,0.0034,-0.0078,0.0345,0.0000,0.0000,0.0000,1.0000,0.833,,,,,,,
19,Left,12,-0.0017,0.0053,0.0612,0.1496,-0.0630,0.0149,0.9866,0.833,,,,,,,
19,Left,13,0.0000,0.0000,0.0429,0.2382,-0.0016,0.0125,0.9711,0.833,,,,,,,
19,Left,14,0.0000,0.0000,0.0275,0.0651,0.0023,0.0499,0.9966,0.833,,,,,,,
19,Left,15,-0.0003,0.0011,0.0250,0.0000,0.0000,0.0000,1.0000,0.833,,,,,,,
19,Left,16,-0.0150,-0.0060,0.0348,0.0000,0.0000,0.0000,1.0000,0.833,,,,,,,
19,Left,17,-0.0025,-0.0005,0.0539,0.1538,-0.0860,0.0619,0.9824,0.833,,,,,,,
19,Left,18,0.0000,0.0000,0.0390,0.1949,0.0036,0.0378,0.9801,0.833,,,,,,,
19,Left,19,0.0000,0.0000,0.0266,0.0890,0.0296,0.0088,0.9955,0.833,,,,,,,
19,Left,20,-0.0003,0.0016,0.0243,0.0000,0.0000,0.0000,1.0000,0.833,,,,,,,
19,Left,21,-0.0230,-0.0094,0.0341,0.0183,-0.1403,0.2070,0.9680,0.833,,,,,,,
19,Left,22,0.0000,0.0000,0.0457,0.0971,0.0149,-0.0893,0.9912,0.833,,,,,,,
19,Left,23,0.0000,0.0000,0.0307,0.1686,-0.0352,0.0530,0.9836,0.833,,,,,,,
19,Left,24,0.0000,0.0000,0.0203,0.0400,0.0491,-0.0009,0.9980,0.833,,,,,,,
19,Left,25,0.0002,0.0012,0.0219,0.0000,0.0000,0.0000,1.0000,0.833,,,,,,,
19,Right,0,-0.0020,-0.0055,0.0654,0.0000,0.0000,0.0000,1.0000,0.833,,,,,,,
19,Right,1,0.0000,0.0000,0.0000,0.0000,0.0000,0.0000,1.0000,0.833,0.0811,0.1402,-0.0590,0.0631,0.0930,-0.7775,0.6188
19,Right,2,-0.0277,-0.0196,0.0361,-0.1133,-0.2358,0.6114,0.7469,0.833,,,,,,,
19,Right,3,0.0000,0.0000,0.0325,0.0552,0.0655,-0.0832,0.9928,0.833,,,,,,,
19,Right,4,0.0000,0.0000,0.0338,0.1085,-0.0510,0.0793,0.9896,0.833,,,,,,,
19,Right,5,0.0007,0.0010,0.0246,0.0000,0.0000,0.0000,1.0000,0.833,,,,,,,
19,Right,6,-0.0185,-0.0112,0.0373,0.0000,0.0000,0.0000,1.0000,0.833,,,,,,,
19,Right,7,-0.0050,0.0039,0.0587,0.0598,0.0768,0.0304,0.9948,0.833,,,,,,,
19,Right,8,0.0000,0.0000,0.0379,0.1588,0.0030,-0.0263,0.9869,0.833,,,,,,,
19,Right,9,0.0000,0.0000,0.0243,0.0714,0.0248,-0.0168,0.9970,0.833,,,,,,,
19,Right,10,0.0003,0.0010,0.0224,0.0000,0.0000,0.0000,1.0000,0.833,,,,,,,
19,Right,11,-0.0023,-0.0085,0.0351,0.0000,0.0000,0.0000,1.0000,0.833,,,,,,,
19,Right,12,0.0006,0.0060,0.0605,0.1225,0.1008,-0.0163,0.9872,0.833,,,,,,,
19,Right,13,0.0000,0.0000,0.0429,0.1552,0.0026,-0.0121,0.9878,0.833,,,,,,,
19,Right,14,0.0000,0.0000,0.0275,0.0283,-0.0007,-0.0464,0.9985,0.833,,,,,,,
19,Right,15,0.0003,0.0011,0.0250,0.0000,0.0000,0.0000,1.0000,0.833,,,,,,,
19,Right,16,0.0150,-0.0060,0.0348,0.0000,0.0000,0.0000,1.0000,0.833,,,,,,,
19,Right,17,0.0025,-0.0005,0.0539,0.0976,0.1077,-0.0581,0.9877,0.833,,,,,,,
19,Right,18,0.0000,0.0000,0.0390,0.1527,-0.0022,-0.0370,0.9876,0.833,,,,,,,
19,Right,19,0.0000,0.0000,0.0266,0.0661,-0.0295,-0.0077,0.9973,0.833,,,,,,,
19,Right,20,0.0003,0.0016,0.0243,0.0000,0.0000,0.0000,1.0000,0.833,,,,,,,
19,Right,21,0.0230,-0.0094,0.0341,0.0183,0.1403,-0.2070,0.9680,0.833,,,,,,,
19,Right,22,0.0000,0.0000,0.0457,0.0006,-0.0199,0.0921,0.9956,0.833,,,,,,,
19,Right,23,0.0000,0.0000,0.0307,0.1826,0.0346,-0.0542,0.9811,0.833,,,,,,,
19,Right,24,0.0000,0.0000,0.0203,0.0262,-0.0491,0.0008,0.9984,0.833,,,,,,,
19,Right,25,-0.0002,0.0012,0.0219,0.0000,0.0000,0.0000,1.0000,0.833,,,,,,,
20,Left,0,0.0026,-0.0052,0.0651,0.0000,0.0000,0.0000,1.0000,0.875,,,,,,,
20,Left,1,0.0000,0.0000,0.0000,0.0000,0.0000,0.0000,1.0000,0.875,-0.0877,0.1229,-0.0379,-0.0782,0.1196,-0.7351,-0.6627
20,Left,2,0.0298,-0.0168,0.0348,-0.1581,0.2505,-0.5544,0.7777,0.875,,,,,,,
20,Left,3,0.0000,0.0000,0.0325,0.0580,-0.0653,0.0832,0.9927,0.875,,,,,,,
20,Left,4,0.0000,0.0000,0.0338,-0.0269,0.0625,-0.0829,0.9942,0.875,,,,,,,
20,Left,5,-0.0007,0.0010,0.0246,0.0000,0.0000,0.0000,1.0000,0.875,,,,,,,
20,Left,6,0.0196,-0.0099,0.0366,0.0000,0.0000,0.0000,1.0000,0.875,,,,,,,
20,Left,7,0.0040,0.0026,0.0594,0.1351,-0.0088,-0.0327,0.9902,0.875,,,,,,,
20,Left,8,0.0000,0.0000,0.0379,0.2558,-0.0004,0.0263,0.9664,0.875,,,,,,,
20,Left,9,0.0000,0.0000,0.0243,0.1059,-0.0241,0.0169,0.9939,0.875,,,,,,,
20,Left,10,-0.0003,0.0010,0.0224,0.0000,0.0000,0.0000,1.0000,0.875,,,,,,,
20,Left,11,0.0034,-0.0078,0.0345,0.0000,0.0000,0.0000,1.0000,0.875,,,,,,,
20,Left,12,-0.0017,0.0053,0.0612,0.1489,-0.0625,0.0148,0.9868,0.875,,,,,,,
20,Left,13,0.0000,0.0000,0.0429,0.2390,-0.0015,0.0125,0.9709,0.875,,,,,,,
20,Left,14,0.0000,0.0000,0.0275,0.0654,0.0023,0.0499,0.9966,0.875,,,,,,,
20,Left,15,-0.0003,0.0011,0.0250,0.0000,0.0000,0.0000,1.0000,0.875,,,,,,,
20,Left,16,-0.0150,-0.0060,0.0348,0.0000,0.0000,0.0000,1.0000,0.875,,,,,,,
20,Left,17,-0.0025,-0.0005,0.0539,0.1533,-0.0856,0.0618,0.9825,0.875,,,,,,,
20,Left,18,0.0000,0.0000,0.0390,0.1956,0.0036,0.0378,0.9800,0.875,,,,,,,
20,Left,19,0.0000,0.0000,0.0266,0.0892,0.0296,0.0088,0.9955,0.875,,,,,,,
20,Left,20,-0.0003,0.0016,0.0243,0.0000,0.0000,0.0000,1.0000,0.875,,,,,,,
20,Left,21,-0.0230,-0.0094,0.0341,0.0183,-0.1403,0.2070,0.9680,0.875,,,,,,,
20,Left,22,0.0000,0.0000,0.0457,0.0966,0.0151,-0.0893,0.9912,0.875,,,,,,,
20,Left,23,0.0000,0.0000,0.0307,0.1686,-0.0353,0.0530,0.9836,0.875,,,,,,,
20,Left,24,0.0000,0.0000,0.0203,0.0401,0.0491,-0.0009,0.9980,0.875,,,,,,,
20,Left,25,0.0002,0.0012,0.0219,0.0000,0.0000,0.0000,1.0000,0.875,,,,,,,
20,Right,0,-0.0020,-0.0055,0.0654,0.0000,0.0000,0.0000,1.0000,0.875,,,,,,,
20,Right,1,0.0000,0.0000,0.0000,0.0000,0.0000,0.0000,1.0000,0.875,0.0810,0.1401,-0.0589,0.0629,0.0929,-0.7778,0.6184
20,Right,2,-0.0276,-0.0196,0.0362,-0.1134,-0.2346,0.6119,0.7468,0.875,,,,,,,
20,Right,3,0.0000,0.0000,0.0325,0.0552,0.0655,-0.0832,0.9928,0.875,,,,,,,
20,Right,4,0.0000,0.0000,0.0338,0.1100,-0.0509,0.0793,0.9895,0.875,,,,,,,
20,Right,5,0.0007,0.0010,0.0246,0.0000,0.0000,0.0000,1.0000,0.875,,,,,,,
20,Right,6,-0.0185,-0.0113,0.0373,0.0000,0.0000,0.0000,1.0000,0.875,,,,,,,
20,Right,7,-0.0050,0.0039,0.0587,0.0597,0.0769,0.0304,0.9948,0.875,,,,,,,
20,Right,8,0.0000,0.0000,0.0379,0.1599,0.0030,-0.0263,0.9868,0.875,,,,,,,
20,Right,9,0.0000,0.0000,0.0243,0.0719,0.0248,-0.0168,0.9970,0.875,,,,,,,
20,Right,10,0.0003,0.0010,0.0224,0.0000,0.0000,0.0000,1.0000,0.875,,,,,,,
20,Right,11,-0.0023,-0.0085,0.0351,0.0000,0.0000,0.0000,1.0000,0.875,,,,,,,
20,Right,12,0.0006,0.0060,0.0605,0.1230,0.1007,-0.0163,0.9872,0.875,,,,,,,
20,Right,13,0.0000,0.0000,0.0429,0.1561,0.0025,-0.0121,0.9877,0.875,,,,,,,
20,Right,14,0.0000,0.0000,0.0275,0.0283,-0.0007,-0.0464,0.9985,0.875,,,,,,,
20,Right,15,0.0003,0.0011,0.0250,0.0000,0.0000,0.0000,1.0000,0.875,,,,,,,
20,Right,16,0.0150,-0.0060,0.0348,0.0000,0.0000,0.0000,1.0000,0.875,,,,,,,
20,Right,17,0.0025,-0.0005,0.0539,0.0985,0.1075,-0.0582,0.9876,0.875,,,,,,,
20,Right,18,0.0000,0.0000,0.0390,0.1536,-0.0022,-0.0370,0.9874,0.875,,,,,,,
20,Right,19,0.0000,0.0000,0.0266,0.0661,-0.0295,-0.0077,0.9973,0.875,,,,,,,
20,Right,20,0.0003,0.0016,0.0243,0.0000,0.0000,0.0000,1.0000,0.875,,,,,,,
20,Right,21,0.0230,-0.0094,0.0341,0.0183,0.1403,-0.2070,0.9680,0.875,,,,,,,
20,Right,22,0.0000,0.0000,0.0457,0.0019,-0.0208,0.0920,0.9955,0.875,,,,,,,
20,Right,23,0.0000,0.0000,0.0307,0.1836,0.0346,-0.0542,0.9809,0.875,,,,,,,
20,Right,24,0.0000,0.0000,0.0203,0.0262,-0.0491,0.0008,0.9984,0.875,,,,,,,
20,Right,25,-0.0002,0.0012,0.0219,0.0000,0.0000,0.0000,1.0000,0.875,,,,,,,
21,Left,0,0.0026,-0.0052,0.0651,0.0000,0.0000,0.0000,1.0000,0.917,,,,,,,
21,Left,1,0.0000,0.0000,0.0000,0.0000,0.0000,0.0000,1.0000,0.917,-0.0876,0.1234,-0.0377,-0.0780,0.1204,-0.7347,-0.6630
21,Left,2,0.0298,-0.0168,0.0349,-0.1583,0.2500,-0.5545,0.7778,0.917,,,,,,,
21,Left,3,0.0000,0.0000,0.0325,0.0582,-0.0652,0.0832,0.9927,0.917,,,,,,,
21,Left,4,0.0000,0.0000,0.0338,-0.0274,0.0626,-0.0829,0.9942,0.917,,,,,,,
21,Left,5,-0.0007,0.0010,0.0246,0.0000,0.0000,0.0000,1.0000,0.917,,,,,,,
21,Left,6,0.0196,-0.0099,0.0366,0.0000,0.0000,0.0000,1.0000,0.917,,,,,,,
21,Left,7,0.0040,0.0026,0.0594,0.1347,-0.0085,-0.0327,0.9903,0.917,,,,,,,
21,Left,8,0.0000,0.0000,0.0379,0.2564,-0.0003,0.0263,0.9662,0.917,,,,,,,
21,Left,9,0.0000,0.0000,0.0243,0.1060,-0.0241,0.0169,0.9939,0.917,,,,,,,
21,Left,10,-0.0003,0.0010,0.0224,0.0000,0.0000,0.0000,1.0000,0.917,,,,,,,
21,Left,11,0.0034,-0.0078,0.0345,0.0000,0.0000,0.0000,1.0000,0.917,,,,,,,
21,Left,12,-0.0017,0.0053,0.0612,0.1487,-0.0622,0.0148,0.9868,0.917,,,,,,,
21,Left,13,0.0000,0.0000,0.0429,0.2396,-0.0015,0.0125,0.9708,0.917,,,,,,,
21,Left,14,0.0000,0.0000,0.0275,0.0657,0.0023,0.0500,0.9966,0.917,,,,,,,
21,Left,15,-0.0003,0.0011,0.0250,0.0000,0.0000,0.0000,1.0000,0.917,,,,,,,
21,Left,16,-0.0150,-0.0060,0.0348,0.0000,0.0000,0.0000,1.0000,0.917,,,,,,,
21,Left,17,-0.0025,-0.0005,0.0539,0.1529,-0.0853,0.0617,0.9826,0.917,,,,,,,
21,Left,18,0.0000,0.0000,0.0390,0.1961,0.0036,0.0378,0.9799,0.917,,,,,,,
21,Left,19,0.0000,0.0000,0.0266,0.0893,0.0296,0.0088,0.9955,0.917,,,,,,,
21,Left,20,-0.0003,0.0016,0.0243,0.0000,0.0000,0.0000,1.0000,0.917,,,,,,,
21,Left,21,-0.0230,-0.0094,0.0341,0.0183,-0.1403,0.2070,0.9680,0.917,,,,,,,
21,Left,22,0.0000,0.0000,0.0457,0.0961,0.0154,-0.0893,0.9912,0.917,,,,,,,
21,Left,23,0.0000,0.0000,0.0307,0.1687,-0.0352,0.0530,0.9836,0.917,,,,,,,
21,Left,24,0.0000,0.0000,0.0203,0.0402,0.0491,-0.0009,0.9980,0.917,,,,,,,
21,Left,25,0.0002,0.0012,0.0219,0.0000,0.0000,0.0000,1.0000,0.917,,,,,,,
21,Right,0,-0.0020,-0.0055,0.0654,0.0000,0.0000,0.0000,1.0000,0.917,,,,,,,
21,Right,1,0.0000,0.0000,0.0000,0.0000,0.0000,0.0000,1.0000,0.917,0.0811,0.1401,-0.0587,0.0631,0.0928,-0.7780,0.6182
21,Right,2,-0.0276,-0.0196,0.0362,-0.1137,-0.2334,0.6124,0.7468,0.917,,,,,,,
21,Right,3,0.0000,0.0000,0.0325,0.0551,0.0655,-0.0832,0.9929,0.917,,,,,,,
21,Right,4,0.0000,0.0000,0.0338,0.1114,-0.0508,0.0792,0.9893,0.917,,,,,,,
21,Right,5,0.0007,0.0010,0.0246,0.0000,0.0000,0.0000,1.0000,0.917,,,,,,,
21,Right,6,-0.0185,-0.0113,0.0373,0.0000,0.0000,0.0000,1.0000,0.917,,,,,,,
21,Right,7,-0.0050,0.0040,0.0587,0.0599,0.0768,0.0304,0.9948,0.917,,,,,,,
21,Right,8,0.0000,0.0000,0.0379,0.1609,0.0029,-0.0263,0.9866,0.917,,,,,,,
21,Right,9,0.0000,0.0000,0.0243,0.0721,0.0248,-0.0168,0.9969,0.917,,,,,,,
21,Right,10,0.0003,0.0010,0.0224,0.0000,0.0000,0.0000,1.0000,0.917,,,,,,,
21,Right,11,-0.0023,-0.0085,0.0351,0.0000,0.0000,0.0000,1.0000,0.917,,,,,,,
21,Right,12,0.0006,0.0060,0.0605,0.1233,0.1005,-0.0163,0.9871,0.917,,,,,,,
21,Right,13,0.0000,0.0000,0.0429,0.1571,0.0025,-0.0121,0.9875,0.917,,,,,,,
21,Right,14,0.0000,0.0000,0.0275,0.0284,-0.0007,-0.0464,0.9985,0.917,,,,,,,
21,Right,15,0.0003,0.0011,0.0250,0.0000,0.0000,0.0000,1.0000,0.917,,,,,,,
21,Right,16,0.0150,-0.0060,0.0348,0.0000,0.0000,0.0000,1.0000,0.917,,,,,,,
21,Right,17,0.0025,-0.0005,0.0539,0.0994,0.1071,-0.0583,0.9875,0.917,,,,,,,
21,Right,18,0.0000,0.0000,0.0390,0.1546,-0.0022,-0.0370,0.9873,0.917,,,,,,,
21,Right,19,0.0000,0.0000,0.0266,0.0662,-0.0295,-0.0077,0.9973,0.917,,,,,,,
21,Right,20,0.0003,0.0016,0.0243,0.0000,0.0000,0.0000,1.0000,0.917,,,,,,,
21,Right,21,0.0230,-0.0094,0.0341,0.0183,0.1403,-0.2070,0.9680,0.917,,,,,,,
21,Right,22,0.0000,0.0000,0.0457,0.0037,-0.0218,0.0920,0.9955,0.917,,,,,,,
21,Right,23,0.0000,0.0000,0.0307,0.1845,0.0345,-0.0543,0.9807,0.917,,,,,,,
21,Right,24,0.0000,0.0000,0.0203,0.0263,-0.0491,0.0008,0.9984,0.917,,,,,,,
21,Right,25,-0.0002,0.0012,0.0219,0.0000,0.0000,0.0000,1.0000,0.917,,,,,,,
22,Left,0,0.0026,-0.0052,0.0651,0.0000,0.0000,0.0000,1.0000,0.958,,,,,,,
22,Left,1,0.0000,0.0000,0.0000,0.0000,0.0000,0.0000,1.0000,0.958,-0.0875,0.1236,-0.0373,-0.0772,0.1230,-0.7339,-0.6636
22,Left,2,0.0298,-0.0168,0.0349,-0.1585,0.2493,-0.5546,0.7779,0.958,,,,,,,
22,Left,3,0.0000,0.0000,0.0325,0.0583,-0.0652,0.0832,0.9927,0.958,,,,,,,
22,Left,4,0.0000,0.0000,0.0338,-0.0288,0.0627,-0.0829,0.9942,0.958,,,,,,,
22,Left,5,-0.0007,0.0010,0.0246,0.0000,0.0000,0.0000,1.0000,0.958,,,,,,,
22,Left,6,0.0196,-0.0099,0.0366,0.0000,0.0000,0.0000,1.0000,0.958,,,,,,,
22,Left,7,0.0040,0.0026,0.0594,0.1342,-0.0085,-0.0327,0.9904,0.958,,,,,,,
22,Left,8,0.0000,0.0000,0.0379,0.2564,-0.0003,0.0263,0.9662,0.958,,,,,,,
22,Left,9,0.0000,0.0000,0.0243,0.1060,-0.0241,0.0169,0.9939,0.958,,,,,,,
22,Left,10,-0.0003,0.0010,0.0224,0.0000,0.0000,0.0000,1.0000,0.958,,,,,,,
22,Left,11,0.0034,-0.0078,0.0345,0.0000,0.0000,0.0000,1.0000,0.958,,,,,,,
22,Left,12,-0.0017,0.0053,0.0612,0.1491,-0.0621,0.0148,0.9868,0.958,,,,,,,
22,Left,13,0.0000,0.0000,0.0429,0.2395,-0.0015,0.0125,0.9708,0.958,,,,,,,
22,Left,14,0.0000,0.0000,0.0275,0.0658,0.0023,0.0500,0.9966,0.958,,,,,,,
22,Left,15,-0.0003,0.0011,0.0250,0.0000,0.0000,0.0000,1.0000,0.958,,,,,,,
22,Left,16,-0.0150,-0.0060,0.0348,0.0000,0.0000,0.0000,1.0000,0.958,,,,,,,
22,Left,17,-0.0025,-0.0005,0.0539,0.1528,-0.0851,0.0617,0.9827,0.958,,,,,,,
22,Left,18,0.0000,0.0000,0.0390,0.1960,0.0036,0.0378,0.9799,0.958,,,,,,,
22,Left,19,0.0000,0.0000,0.0266,0.0892,0.0296,0.0088,0.9955,0.958,,,,,,,
22,Left,20,-0.0003,0.0016,0.0243,0.0000,0.0000,0.0000,1.0000,0.958,,,,,,,
22,Left,21,-0.0230,-0.0094,0.0341,0.0183,-0.1403,0.2070,0.9680,0.958,,,,,,,
22,Left,22,0.0000,0.0000,0.0457,0.0953,0.0157,-0.0894,0.9913,0.958,,,,,,,
22,Left,23,0.0000,0.0000,0.0307,0.1689,-0.0352,0.0530,0.9836,0.958,,,,,,,
22,Left,24,0.0000,0.0000,0.0203,0.0403,0.0491,-0.0009,0.9980,0.958,,,,,,,
22,Left,25,0.0002,0.0012,0.0219,0.0000,0.0000,0.0000,1.0000,0.958,,,,,,,
22,Right,0,-0.0020,-0.0055,0.0654,0.0000,0.0000,0.0000,1.0000,0.958,,,,,,,
22,Right,1,0.0000,0.0000,0.0000,0.0000,0.0000,0.0000,1.0000,0.958,0.0811,0.1400,-0.0585,0.0632,0.0924,-0.7783,0.6178
22,Right,2,-0.0276,-0.0197,0.0362,-0.1137,-0.2325,0.6128,0.7466,0.958,,,,,,,
22,Right,3,0.0000,0.0000,0.0325,0.0548,0.0655,-0.0832,0.9929,0.958,,,,,,,
22,Right,4,0.0000,0.0000,0.0338,0.1122,-0.0507,0.0792,0.9892,0.958,,,,,,,
22,Right,5,0.0007,0.0010,0.0246,0.0000,0.0000,0.0000,1.0000,0.958,,,,,,,
22,Right,6,-0.0185,-0.0113,0.0373,0.0000,0.0000,0.0000,1.0000,0.958,,,,,,,
22,Right,7,-0.0050,0.0040,0.0587,0.0600,0.0769,0.0304,0.9948,0.958,,,,,,,
22,Right,8,0.0000,0.0000,0.0379,0.1617,0.0029,-0.0263,0.9865,0.958,,,,,,,
22,Right,9,0.0000,0.0000,0.0243,0.0721,0.0248,-0.0168,0.9969,0.958,,,,,,,
22,Right,10,0.0003,0.0010,0.0224,0.0000,0.0000,0.0000,1.0000,0.958,,,,,,,
22,Right,11,-0.0023,-0.0085,0.0351,0.0000,0.0000,0.0000,1.0000,0.958,,,,,,,
22,Right,12,0.0006,0.0060,0.0605,0.1236,0.1004,-0.0163,0.9871,0.958,,,,,,,
22,Right,13,0.0000,0.0000,0.0429,0.1581,0.0025,-0.0121,0.9874,0.958,,,,,,,
22,Right,14,0.0000,0.0000,0.0275,0.0285,-0.0007,-0.0464,0.9985,0.958,,,,,,,
22,Right,15,0.0003,0.0011,0.0250,0.0000,0.0000,0.0000,1.0000,0.958,,,,,,,
22,Right,16,0.0150,-0.0060,0.0348,0.0000,0.0000,0.0000,1.0000,0.958,,,,,,,
22,Right,17,0.0025,-0.0005,0.0539,0.1007,0.1068,-0.0584,0.9874,0.958,,,,,,,
22,Right,18,0.0000,0.0000,0.0390,0.1555,-0.0023,-0.0370,0.9871,0.958,,,,,,,
22,Right,19,0.0000,0.0000,0.0266,0.0663,-0.0295,-0.0078,0.9973,0.958,,,,,,,
22,Right,20,0.0003,0.0016,0.0243,0.0000,0.0000,0.0000,1.0000,0.958,,,,,,,
22,Right,21,0.0230,-0.0094,0.0341,0.0183,0.1403,-0.2070,0.9680,0.958,,,,,,,
22,Right,22,0.0000,0.0000,0.0457,0.0099,-0.0226,0.0918,0.9955,0.958,,,,,,,
22,Right,23,0.0000,0.0000,0.0307,0.1852,0.0345,-0.0544,0.9806,0.958,,,,,,,
22,Right,24,0.0000,0.0000,0.0203,0.0264,-0.0491,0.0008,0.9984,0.958,,,,,,,
22,Right,25,-0.0002,0.0012,0.0219,0.0000,0.0000,0.0000,1.0000,0.958,,,,,,,
23,Left,0,0.0025,-0.0052,0.0651,0.0000,0.0000,0.0000,1.0000,1.000,,,,,,,
23,Left,1,0.0000,0.0000,0.0000,0.0000,0.0000,0.0000,1.0000,1.000,-0.0874,0.1237,-0.0369,-0.0748,0.1266,-0.7327,-0.6644
23,Left,2,0.0297,-0.0169,0.0349,-0.1586,0.2484,-0.5549,0.7779,1.000,,,,,,,
23,Left,3,0.0000,0.0000,0.0325,0.0583,-0.0652,0.0832,0.9927,1.000,,,,,,,
23,Left,4,0.0000,0.0000,0.0338,-0.0337,0.0631,-0.0830,0.9940,1.000,,,,,,,
23,Left,5,-0.0007,0.0010,0.0246,0.0000,0.0000,0.0000,1.0000,1.000,,,,,,,
23,Left,6,0.0196,-0.0099,0.0366,0.0000,0.0000,0.0000,1.0000,1.000,,,,,,,
23,Left,7,0.0040,0.0026,0.0594,0.1333,-0.0085,-0.0327,0.9905,1.000,,,,,,,
23,Left,8,0.0000,0.0000,0.0379,0.2561,-0.0003,0.0263,0.9663,1.000,,,,,,,
23,Left,9,0.0000,0.0000,0.0243,0.1061,-0.0241,0.0169,0.9939,1.000,,,,,,,
23,Left,10,-0.0003,0.0010,0.0224,0.0000,0.0000,0.0000,1.0000,1.000,,,,,,,
23,Left,11,0.0034,-0.0078,0.0345,0.0000,0.0000,0.0000,1.0000,1.000,,,,,,,
23,Left,12,-0.0016,0.0053,0.0612,0.1496,-0.0621,0.0148,0.9867,1.000,,,,,,,
23,Left,13,0.0000,0.0000,0.0429,0.2390,-0.0015,0.0125,0.9709,1.000,,,,,,,
23,Left,14,0.0000,0.0000,0.0275,0.0655,0.0023,0.0500,0.9966,1.000,,,,,,,
23,Left,15,-0.0003,0.0011,0.0250,0.0000,0.0000,0.0000,1.0000,1.000,,,,,,,
23,Left,16,-0.0150,-0.0060,0.0348,0.0000,0.0000,0.0000,1.0000,1.000,,,,,,,
23,Left,17,-0.0025,-0.0005,0.0539,0.1529,-0.0849,0.0617,0.9827,1.000,,,,,,,
23,Left,18,0.0000,0.0000,0.0390,0.1955,0.0036,0.0378,0.9800,1.000,,,,,,,
23,Left,19,0.0000,0.0000,0.0266,0.0889,0.0296,0.0088,0.9956,1.000,,,,,,,
23,Left,20,-0.0003,0.0016,0.0243,0.0000,0.0000,0.0000,1.0000,1.000,,,,,,,
23,Left,21,-0.0230,-0.0094,0.0341,0.0183,-0.1403,0.2070,0.9680,1.000,,,,,,,
23,Left,22,0.0000,0.0000,0.0457,0.0944,0.0161,-0.0894,0.9914,1.000,,,,,,,
23,Left,23,0.0000,0.0000,0.0307,0.1692,-0.0352,0.0531,0.9835,1.000,,,,,,,
23,Left,24,0.0000,0.0000,0.0203,0.0404,0.0491,-0.0009,0.9980,1.000,,,,,,,
23,Left,25,0.0002,0.0012,0.0219,0.0000,0.0000,0.0000,1.0000,1.000,,,,,,,
23,Right,0,-0.0020,-0.0055,0.0654,0.0000,0.0000,0.0000,1.0000,1.000,,,,,,,
23,Right,1,0.0000,0.0000,0.0000,0.0000,0.0000,0.0000,1.0000,1.000,0.0812,0.1401,-0.0582,0.0637,0.0915,-0.7794,0.6166
23,Right,2,-0.0276,-0.0197,0.0362,-0.1133,-0.2323,0.6133,0.7463,1.000,,,,,,,
23,Right,3,0.0000,0.0000,0.0325,0.0546,0.0656,-0.0832,0.9929,1.000,,,,,,,
23,Right,4,0.0000,0.0000,0.0338,0.1126,-0.0507,0.0792,0.9892,1.000,,,,,,,
23,Right,5,0.0007,0.0010,0.0246,0.0000,0.0000,0.0000,1.0000,1.000,,,,,,,
23,Right,6,-0.0185,-0.0113,0.0373,0.0000,0.0000,0.0000,1.0000,1.000,,,,,,,
23,Right,7,-0.0051,0.0040,0.0587,0.0606,0.0772,0.0304,0.9947,1.000,,,,,,,
23,Right,8,0.0000,0.0000,0.0379,0.1623,0.0029,-0.0263,0.9864,1.000,,,,,,,
23,Right,9,0.0000,0.0000,0.0243,0.0721,0.0248,-0.0168,0.9969,1.000,,,,,,,
23,Right,10,0.0003,0.0010,0.0224,0.0000,0.0000,0.0000,1.0000,1.000,,,,,,,
23,Right,11,-0.0023,-0.0085,0.0351,0.0000,0.0000,0.0000,1.0000,1.000,,,,,,,
23,Right,12,0.0006,0.0060,0.0605,0.1238,0.1004,-0.0164,0.9871,1.000,,,,,,,
23,Right,13,0.0000,0.0000,0.0429,0.1589,0.0025,-0.0121,0.9872,1.000,,,,,,,
23,Right,14,0.0000,0.0000,0.0275,0.0288,-0.0007,-0.0464,0.9985,1.000,,,,,,,
23,Right,15,0.0003,0.0011,0.0250,0.0000,0.0000,0.0000,1.0000,1.000,,,,,,,
23,Right,16,0.0150,-0.0060,0.0348,0.0000,0.0000,0.0000,1.0000,1.000,,,,,,,
23,Right,17,0.0025,-0.0005,0.0539,0.1029,0.1065,-0.0586,0.9872,1.000,,,,,,,
23,Right,18,0.0000,0.0000,0.0390,0.1562,-0.0023,-0.0370,0.9870,1.000,,,,,,,
23,Right,19,0.0000,0.0000,0.0266,0.0666,-0.0295,-0.0078,0.9973,1.000,,,,,,,
23,Right,20,0.0003,0.0016,0.0243,0.0000,0.0000,0.0000,1.0000,1.000,,,,,,,
23,Right,21,0.0230,-0.0094,0.0341,0.0183,0.1403,-0.2070,0.9680,1.000,,,,,,,
23,Right,22,0.0000,0.0000,0.0457,0.0220,-0.0229,0.0915,0.9953,1.000,,,,,,,
23,Right,23,0.0000,0.0000,0.0307,0.1855,0.0345,-0.0544,0.9805,1.000,,,,,,,
23,Right,24,0.0000,0.0000,0.0203,0.0267,-0.0491,0.0008,0.9984,1.000,,,,,,,
23,Right,25,-0.0002,0.0012,0.0219,0.0000,0.0000,0.0000,1.0000,1.000,,,,,,,
24,Left,0,0.0025,-0.0052,0.0651,0.0000,0.0000,0.0000,1.0000,1.042,,,,,,,
24,Left,1,0.0000,0.0000,0.0000,0.0000,0.0000,0.0000,1.0000,1.042,-0.0872,0.1236,-0.0373,-0.0689,0.1279,-0.7318,-0.6659
24,Left,2,0.0297,-0.0169,0.0349,-0.1583,0.2475,-0.5558,0.7777,1.042,,,,,,,
24,Left,3,0.0000,0.0000,0.0325,0.0583,-0.0652,0.0832,0.9927,1.042,,,,,,,
24,Left,4,0.0000,0.0000,0.0338,-0.0431,0.0638,-0.0832,0.9936,1.042,,,,,,,
24,Left,5,-0.0007,0.0010,0.0246,0.0000,0.0000,0.0000,1.0000,1.042,,,,,,,
24,Left,6,0.0196,-0.0099,0.0366,0.0000,0.0000,0.0000,1.0000,1.042,,,,,,,
24,Left,7,0.0040,0.0026,0.0593,0.1321,-0.0082,-0.0327,0.9907,1.042,,,,,,,
24,Left,8,0.0000,0.0000,0.0379,0.2565,-0.0003,0.0263,0.9662,1.042,,,,,,,
24,Left,9,0.0000,0.0000,0.0243,0.1062,-0.0241,0.0169,0.9939,1.042,,,,,,,
24,Left,10,-0.0003,0.0010,0.0224,0.0000,0.0000,0.0000,1.0000,1.042,,,,,,,
24,Left,11,0.0034,-0.0079,0.0345,0.0000,0.0000,0.0000,1.0000,1.042,,,,,,,
24,Left,12,-0.0016,0.0053,0.0612,0.1498,-0.0620,0.0148,0.9867,1.042,,,,,,,
24,Left,13,0.0000,0.0000,0.0429,0.2390,-0.0015,0.0125,0.9709,1.042,,,,,,,
24,Left,14,0.0000,0.0000,0.0275,0.0656,0.0023,0.0500,0.9966,1.042,,,,,,,
24,Left,15,-0.0003,0.0011,0.0250,0.0000,0.0000,0.0000,1.0000,1.042,,,,,,,
24,Left,16,-0.0150,-0.0060,0.0348,0.0000,0.0000,0.0000,1.0000,1.042,,,,,,,
24,Left,17,-0.0025,-0.0005,0.0539,0.1525,-0.0849,0.0617,0.9827,1.042,,,,,,,
24,Left,18,0.0000,0.0000,0.0390,0.1955,0.0036,0.0378,0.9800,1.042,,,,,,,
24,Left,19,0.0000,0.0000,0.0266,0.0888,0.0296,0.0088,0.9956,1.042,,,,,,,
24,Left,20,-0.0003,0.0016,0.0243,0.0000,0.0000,0.0000,1.0000,1.042,,,,,,,
24,Left,21,-0.0230,-0.0094,0.0341,0.0183,-0.1403,0.2070,0.9680,1.042,,,,,,,
24,Left,22,0.0000,0.0000,0.0457,0.0935,0.0165,-0.0895,0.9915,1.042,,,,,,,
24,Left,23,0.0000,0.0000,0.0307,0.1703,-0.0352,0.0532,0.9833,1.042,,,,,,,
24,Left,24,0.0000,0.0000,0.0203,0.0408,0.0491,-0.0009,0.9980,1.042,,,,,,,
24,Left,25,0.0002,0.0012,0.0219,0.0000,0.0000,0.0000,1.0000,1.042,,,,,,,
24,Right,0,-0.0020,-0.0055,0.0654,0.0000,0.0000,0.0000,1.0000,1.042,,,,,,,
24,Right,1,0.0000,0.0000,0.0000,0.0000,0.0000,0.0000,1.0000,1.042,0.0820,0.1407,-0.0561,0.0759,0.0890,-0.7868,0.6060
24,Right,2,-0.0276,-0.0197,0.0362,-0.1125,-0.2333,0.6135,0.7460,1.042,,,,,,,
24,Right,3,0.0000,0.0000,0.0325,0.0545,0.0656,-0.0832,0.9929,1.042,,,,,,,
24,Right,4,0.0000,0.0000,0.0338,0.1121,-0.0507,0.0792,0.9892,1.042,,,,,,,
24,Right,5,0.0007,0.0010,0.0246,0.0000,0.0000,0.0000,1.0000,1.042,,,,,,,
24,Right,6,-0.0185,-0.0113,0.0373,0.0000,0.0000,0.0000,1.0000,1.042,,,,,,,
24,Right,7,-0.0051,0.0040,0.0587,0.0624,0.0778,0.0303,0.9946,1.042,,,,,,,
24,Right,8,0.0000,0.0000,0.0379,0.1625,0.0029,-0.0263,0.9864,1.042,,,,,,,
24,Right,9,0.0000,0.0000,0.0243,0.0722,0.0248,-0.0168,0.9969,1.042,,,,,,,
24,Right,10,0.0003,0.0010,0.0224,0.0000,0.0000,0.0000,1.0000,1.042,,,,,,,
24,Right,11,-0.0023,-0.0085,0.0351,0.0000,0.0000,0.0000,1.0000,1.042,,,,,,,
24,Right,12,0.0006,0.0060,0.0605,0.1239,0.1007,-0.0164,0.9870,1.042,,,,,,,
24,Right,13,0.0000,0.0000,0.0429,0.1591,0.0025,-0.0121,0.9872,1.042,,,,,,,
24,Right,14,0.0000,0.0000,0.0275,0.0289,-0.0007,-0.0464,0.9985,1.042,,,,,,,
24,Right,15,0.0003,0.0011,0.0250,0.0000,0.0000,0.0000,1.0000,1.042,,,,,,,
24,Right,16,0.0150,-0.0060,0.0348,0.0000,0.0000,0.0000,1.0000,1.042,,,,,,,
24,Right,17,0.0025,-0.0005,0.0539,0.1044,0.1063,-0.0588,0.9871,1.042,,,,,,,
24,Right,18,0.0000,0.0000,0.0390,0.1563,-0.0023,-0.0370,0.9870,1.042,,,,,,,
24,Right,19,0.0000,0.0000,0.0266,0.0668,-0.0295,-0.0078,0.9973,1.042,,,,,,,
24,Right,20,0.0003,0.0016,0.0243,0.0000,0.0000,0.0000,1.0000,1.042,,,,,,,
24,Right,21,0.0230,-0.0094,0.0341,0.0183,0.1403,-0.2070,0.9680,1.042,,,,,,,
24,Right,22,0.0000,0.0000,0.0457,0.0270,-0.0237,0.0914,0.9952,1.042,,,,,,,
24,Right,23,0.0000,0.0000,0.0307,0.1852,0.0345,-0.0544,0.9806,1.042,,,,,,,
24,Right,24,0.0000,0.0000,0.0203,0.0272,-0.0491,0.0008,0.9984,1.042,,,,,,,
24,Right,25,-0.0002,0.0012,0.0219,0.0000,0.0000,0.0000,1.0000,1.042,,,,,,,
25,Left,0,0.0025,-0.0052,0.0651,0.0000,0.0000,0.0000,1.0000,1.083,,,,,,,
25,Left,1,0.0000,0.0000,0.0000,0.0000,0.0000,0.0000,1.0000,1.083,-0.0870,0.1230,-0.0378,-0.0607,0.1276,-0.7317,-0.6669
25,Left,2,0.0297,-0.0170,0.0349,-0.1578,0.2468,-0.5567,0.7774,1.083,,,,,,,
25,Left,3,0.0000,0.0000,0.0325,0.0587,-0.0652,0.0832,0.9927,1.083,,,,,,,
25,Left,4,0.0000,0.0000,0.0338,-0.0504,0.0644,-0.0834,0.9932,1.083,,,,,,,
25,Left,5,-0.0007,0.0010,0.0246,0.0000,0.0000,0.0000,1.0000,1.083,,,,,,,
25,Left,6,0.0195,-0.0099,0.0367,0.0000,0.0000,0.0000,1.0000,1.083,,,,,,,
25,Left,7,0.0040,0.0026,0.0593,0.1306,-0.0076,-0.0327,0.9909,1.083,,,,,,,
25,Left,8,0.0000,0.0000,0.0379,0.2572,-0.0003,0.0263,0.9660,1.083,,,,,,,
25,Left,9,0.0000,0.0000,0.0243,0.1064,-0.0241,0.0169,0.9939,1.083,,,,,,,
25,Left,10,-0.0003,0.0010,0.0224,0.0000,0.0000,0.0000,1.0000,1.083,,,,,,,
25,Left,11,0.0033,-0.0079,0.0345,0.0000,0.0000,0.0000,1.0000,1.083,,,,,,,
25,Left,12,-0.0016,0.0053,0.0611,0.1495,-0.0618,0.0148,0.9867,1.083,,,,,,,
25,Left,13,0.0000,0.0000,0.0429,0.2393,-0.0015,0.0125,0.9709,1.083,,,,,,,
25,Left,14,0.0000,0.0000,0.0275,0.0657,0.0023,0.0500,0.9966,1.083,,,,,,,
25,Left,15,-0.0003,0.0011,0.0250,0.0000,0.0000,0.0000,1.0000,1.083,,,,,,,
25,Left,16,-0.0150,-0.0060,0.0348,0.0000,0.0000,0.0000,1.0000,1.083,,,,,,,
25,Left,17,-0.0025,-0.0005,0.0539,0.1516,-0.0849,0.0616,0.9829,1.083,,,,,,,
25,Left,18,0.0000,0.0000,0.0390,0.1958,0.0036,0.0378,0.9799,1.083,,,,,,,
25,Left,19,0.0000,0.0000,0.0266,0.0888,0.0296,0.0088,0.9956,1.083,,,,,,,
25,Left,20,-0.0003,0.0016,0.0243,0.0000,0.0000,0.0000,1.0000,1.083,,,,,,,
25,Left,21,-0.0230,-0.0094,0.0341,0.0183,-0.1403,0.2070,0.9680,1.083,,,,,,,
25,Left,22,0.0000,0.0000,0.0457,0.0921,0.0168,-0.0896,0.9916,1.083,,,,,,,
25,Left,23,0.0000,0.0000,0.0307,0.1713,-0.0351,0.0532,0.9831,1.083,,,,,,,
25,Left,24,0.0000,0.0000,0.0203,0.0413,0.0491,-0.0009,0.9979,1.083,,,,,,,
25,Left,25,0.0002,0.0012,0.0219,0.0000,0.0000,0.0000,1.0000,1.083,,,,,,,
25,Right,0,-0.0020,-0.0055,0.0654,0.0000,0.0000,0.0000,1.0000,1.083,,,,,,,
25,Right,1,0.0000,0.0000,0.0000,0.0000,0.0000,0.0000,1.0000,1.083,0.0837,0.1413,-0.0520,0.0908,0.0860,-0.7939,0.5951
25,Right,2,-0.0276,-0.0197,0.0362,-0.1107,-0.2362,0.6137,0.7452,1.083,,,,,,,
25,Right,3,0.0000,0.0000,0.0325,0.0543,0.0656,-0.0832,0.9929,1.083,,,,,,,
25,Right,4,0.0000,0.0000,0.0338,0.1109,-0.0508,0.0792,0.9894,1.083,,,,,,,
25,Right,5,0.0007,0.0010,0.0246,0.0000,0.0000,0.0000,1.0000,1.083,,,,,,,
25,Right,6,-0.0185,-0.0113,0.0373,0.0000,0.0000,0.0000,1.0000,1.083,,,,,,,
25,Right,7,-0.0050,0.0040,0.0587,0.0673,0.0787,0.0301,0.9942,1.083,,,,,,,
25,Right,8,0.0000,0.0000,0.0379,0.1622,0.0029,-0.0263,0.9864,1.083,,,,,,,
25,Right,9,0.0000,0.0000,0.0243,0.0723,0.0248,-0.0168,0.9969,1.083,,,,,,,
25,Right,10,0.0003,0.0010,0.0224,0.0000,0.0000,0.0000,1.0000,1.083,,,,,,,
25,Right,11,-0.0023,-0.0085,0.0351,0.0000,0.0000,0.0000,1.0000,1.083,,,,,,,
25,Right,12,0.0006,0.0060,0.0605,0.1242,0.1009,-0.0164,0.9870,1.083,,,,,,,
25,Right,13,0.0000,0.0000,0.0429,0.1588,0.0025,-0.0121,0.9872,1.083,,,,,,,
25,Right,14,0.0000,0.0000,0.0275,0.0288,-0.0007,-0.0464,0.9985,1.083,,,,,,,
25,Right,15,0.0003,0.0011,0.0250,0.0000,0.0000,0.0000,1.0000,1.083,,,,,,,
25,Right,16,0.0150,-0.0060,0.0348,0.0000,0.0000,0.0000,1.0000,1.083,,,,,,,
25,Right,17,0.0025,-0.0005,0.0539,0.1066,0.1062,-0.0590,0.9869,1.083,,,,,,,
25,Right,18,0.0000,0.0000,0.0390,0.1559,-0.0023,-0.0370,0.9871,1.083,,,,,,,
25,Right,19,0.0000,0.0000,0.0266,0.0671,-0.0296,-0.0078,0.9973,1.083,,,,,,,
25,Right,20,0.0003,0.0016,0.0243,0.0000,0.0000,0.0000,1.0000,1.083,,,,,,,
25,Right,21,0.0230,-0.0094,0.0341,0.0183,0.1403,-0.2070,0.9680,1.083,,,,,,,
25,Right,22,0.0000,0.0000,0.0457,0.0313,-0.0246,0.0913,0.9950,1.083,,,,,,,
25,Right,23,0.0000,0.0000,0.0307,0.1844,0.0345,-0.0543,0.9807,1.083,,,,,,,
25,Right,24,0.0000,0.0000,0.0203,0.0276,-0.0491,0.0008,0.9984,1.083,,,,,,,
25,Right,25,-0.0002,0.0012,0.0219,0.0000,0.0000,0.0000,1.0000,1.083,,,,,,,
26,Left,0,0.0025,-0.0052,0.0651,0.0000,0.0000,0.0000,1.0000,1.125,,,,,,,
26,Left,1,0.0000,0.0000,0.0000,0.0000,0.0000,0.0000,1.0000,1.125,-0.0864,0.1211,-0.0388,-0.0505,0.1259,-0.7310,-0.6688
26,Left,2,0.0296,-0.0170,0.0349,-0.1573,0.2465,-0.5575,0.7770,1.125,,,,,,,
26,Left,3,0.0000,0.0000,0.0325,0.0596,-0.0651,0.0832,0.9926,1.125,,,,,,,
26,Left,4,0.0000,0.0000,0.0338,-0.0528,0.0646,-0.0834,0.9930,1.125,,,,,,,
26,Left,5,-0.0007,0.0010,0.0246,0.0000,0.0000,0.0000,1.0000,1.125,,,,,,,
26,Left,6,0.0195,-0.0100,0.0367,0.0000,0.0000,0.0000,1.0000,1.125,,,,,,,
26,Left,7,0.0040,0.0026,0.0593,0.1252,-0.0071,-0.0326,0.9916,1.125,,,,,,,
26,Left,8,0.0000,0.0000,0.0379,0.2580,-0.0003,0.0263,0.9658,1.125,,,,,,,
26,Left,9,0.0000,0.0000,0.0243,0.1066,-0.0241,0.0169,0.9939,1.125,,,,,,,
26,Left,10,-0.0003,0.0010,0.0224,0.0000,0.0000,0.0000,1.0000,1.125,,,,,,,
26,Left,11,0.0033,-0.0079,0.0345,0.0000,0.0000,0.0000,1.0000,1.125,,,,,,,
26,Left,12,-0.0016,0.0053,0.0611,0.1486,-0.0616,0.0147,0.9869,1.125,,,,,,,
26,Left,13,0.0000,0.0000,0.0429,0.2399,-0.0015,0.0125,0.9707,1.125,,,,,,,
26,Left,14,0.0000,0.0000,0.0275,0.0662,0.0023,0.0500,0.9966,1.125,,,,,,,
26,Left,15,-0.0003,0.0011,0.0250,0.0000,0.0000,0.0000,1.0000,1.125,,,,,,,
26,Left,16,-0.0150,-0.0060,0.0348,0.0000,0.0000,0.0000,1.0000,1.125,,,,,,,
26,Left,17,-0.0025,-0.0005,0.0539,0.1501,-0.0849,0.0615,0.9831,1.125,,,,,,,
26,Left,18,0.0000,0.0000,0.0390,0.1962,0.0037,0.0378,0.9798,1.125,,,,,,,
26,Left,19,0.0000,0.0000,0.0266,0.0889,0.0296,0.0088,0.9956,1.125,,,,,,,
26,Left,20,-0.0003,0.0016,0.0243,0.0000,0.0000,0.0000,1.0000,1.125,,,,,,,
26,Left,21,-0.0230,-0.0094,0.0341,0.0183,-0.1403,0.2070,0.9680,1.125,,,,,,,
26,Left,22,0.0000,0.0000,0.0457,0.0903,0.0171,-0.0896,0.9917,1.125,,,,,,,
26,Left,23,0.0000,0.0000,0.0307,0.1723,-0.0351,0.0533,0.9830,1.125,,,,,,,
26,Left,24,0.0000,0.0000,0.0203,0.0417,0.0491,-0.0009,0.9979,1.125,,,,,,,
26,Left,25,0.0002,0.0012,0.0219,0.0000,0.0000,0.0000,1.0000,1.125,,,,,,,
26,Right,0,-0.0020,-0.0055,0.0654,0.0000,0.0000,0.0000,1.0000,1.125,,,,,,,
26,Right,1,0.0000,0.0000,0.0000,0.0000,0.0000,0.0000,1.0000,1.125,0.0852,0.1414,-0.0490,0.1006,0.0834,-0.7975,0.5889
26,Right,2,-0.0276,-0.0196,0.0362,-0.1097,-0.2384,0.6135,0.7449,1.125,,,,,,,
26,Right,3,0.0000,0.0000,0.0325,0.0545,0.0656,-0.0832,0.9929,1.125,,,,,,,
26,Right,4,0.0000,0.0000,0.0338,0.1091,-0.0510,0.0793,0.9895,1.125,,,,,,,
26,Right,5,0.0007,0.0010,0.0246,0.0000,0.0000,0.0000,1.0000,1.125,,,,,,,
26,Right,6,-0.0185,-0.0113,0.0373,0.0000,0.0000,0.0000,1.0000,1.125,,,,,,,
26,Right,7,-0.0050,0.0040,0.0587,0.0786,0.0797,0.0295,0.9933,1.125,,,,,,,
26,Right,8,0.0000,0.0000,0.0379,0.1578,0.0030,-0.0263,0.9871,1.125,,,,,,,
26,Right,9,0.0000,0.0000,0.0243,0.0717,0.0248,-0.0168,0.9970,1.125,,,,,,,
26,Right,10,0.0003,0.0010,0.0224,0.0000,0.0000,0.0000,1.0000,1.125,,,,,,,
26,Right,11,-0.0023,-0.0085,0.0351,0.0000,0.0000,0.0000,1.0000,1.125,,,,,,,
26,Right,12,0.0006,0.0060,0.0605,0.1255,0.1010,-0.0166,0.9868,1.125,,,,,,,
26,Right,13,0.0000,0.0000,0.0429,0.1565,0.0025,-0.0121,0.9876,1.125,,,,,,,
26,Right,14,0.0000,0.0000,0.0275,0.0282,-0.0007,-0.0464,0.9985,1.125,,,,,,,
26,Right,15,0.0003,0.0011,0.0250,0.0000,0.0000,0.0000,1.0000,1.125,,,,,,,
26,Right,16,0.0150,-0.0060,0.0348,0.0000,0.0000,0.0000,1.0000,1.125,,,,,,,
26,Right,17,0.0025,-0.0005,0.0539,0.1155,0.1058,-0.0599,0.9858,1.125,,,,,,,
26,Right,18,0.0000,0.0000,0.0390,0.1547,-0.0022,-0.0370,0.9873,1.125,,,,,,,
26,Right,19,0.0000,0.0000,0.0266,0.0670,-0.0296,-0.0078,0.9973,1.125,,,,,,,
26,Right,20,0.0003,0.0016,0.0243,0.0000,0.0000,0.0000,1.0000,1.125,,,,,,,
26,Right,21,0.0230,-0.0094,0.0341,0.0183,0.1403,-0.2070,0.9680,1.125,,,,,,,
26,Right,22,0.0000,0.0000,0.0457,0.0392,-0.0249,0.0911,0.9948,1.125,,,,,,,
26,Right,23,0.0000,0.0000,0.0307,0.1824,0.0346,-0.0541,0.9811,1.125,,,,,,,
26,Right,24,0.0000,0.0000,0.0203,0.0279,-0.0491,0.0008,0.9984,1.125,,,,,,,
26,Right,25,-0.0002,0.0012,0.0219,0.0000,0.0000,0.0000,1.0000,1.125,,,,,,,
27,Left,0,0.0025,-0.0052,0.0651,0.0000,0.0000,0.0000,1.0000,1.167,,,,,,,
27,Left,1,0.0000,0.0000,0.0000,0.0000,0.0000,0.0000,1.0000,1.167,-0.0857,0.1192,-0.0398,-0.0418,0.1249,-0.7286,-0.6722
27,Left,2,0.0296,-0.0170,0.0350,-0.1569,0.2463,-0.5580,0.7767,1.167,,,,,,,
27,Left,3,0.0000,0.0000,0.0325,0.0607,-0.0650,0.0832,0.9926,1.167,,,,,,,
27,Left,4,0.0000,0.0000,0.0338,-0.0547,0.0647,-0.0834,0.9929,1.167,,,,,,,
27,Left,5,-0.0007,0.0010,0.0246,0.0000,0.0000,0.0000,1.0000,1.167,,,,,,,
27,Left,6,0.0195,-0.0100,0.0367,0.0000,0.0000,0.0000,1.0000,1.167,,,,,,,
27,Left,7,0.0040,0.0027,0.0593,0.1187,-0.0069,-0.0324,0.9924,1.167,,,,,,,
27,Left,8,0.0000,0.0000,0.0379,0.2588,-0.0003,0.0263,0.9656,1.167,,,,,,,
27,Left,9,0.0000,0.0000,0.0243,0.1069,-0.0241,0.0169,0.9938,1.167,,,,,,,
27,Left,10,-0.0003,0.0010,0.0224,0.0000,0.0000,0.0000,1.0000,1.167,,,,,,,
27,Left,11,0.0033,-0.0079,0.0345,0.0000,0.0000,0.0000,1.0000,1.167,,,,,,,
27,Left,12,-0.0016,0.0053,0.0611,0.1474,-0.0614,0.0146,0.9871,1.167,,,,,,,
27,Left,13,0.0000,0.0000,0.0429,0.2408,-0.0015,0.0125,0.9705,1.167,,,,,,,
27,Left,14,0.0000,0.0000,0.0275,0.0668,0.0024,0.0501,0.9965,1.167,,,,,,,
27,Left,15,-0.0003,0.0011,0.0250,0.0000,0.0000,0.0000,1.0000,1.167,,,,,,,
27,Left,16,-0.0150,-0.0060,0.0348,0.0000,0.0000,0.0000,1.0000,1.167,,,,,,,
27,Left,17,-0.0025,-0.0005,0.0539,0.1472,-0.0850,0.0612,0.9836,1.167,,,,,,,
27,Left,18,0.0000,0.0000,0.0390,0.1969,0.0037,0.0378,0.9797,1.167,,,,,,,
27,Left,19,0.0000,0.0000,0.0266,0.0892,0.0296,0.0088,0.9955,1.167,,,,,,,
27,Left,20,-0.0003,0.0016,0.0243,0.0000,0.0000,0.0000,1.0000,1.167,,,,,,,
27,Left,21,-0.0230,-0.0094,0.0341,0.0183,-0.1403,0.2070,0.9680,1.167,,,,,,,
27,Left,22,0.0000,0.0000,0.0457,0.0881,0.0174,-0.0897,0.9919,1.167,,,,,,,
27,Left,23,0.0000,0.0000,0.0307,0.1733,-0.0350,0.0534,0.9828,1.167,,,,,,,
27,Left,24,0.0000,0.0000,0.0203,0.0420,0.0491,-0.0009,0.9979,1.167,,,,,,,
27,Left,25,0.0002,0.0012,0.0219,0.0000,0.0000,0.0000,1.0000,1.167,,,,,,,
27,Right,0,-0.0020,-0.0055,0.0654,0.0000,0.0000,0.0000,1.0000,1.167,,,,,,,
27,Right,1,0.0000,0.0000,0.0000,0.0000,0.0000,0.0000,1.0000,1.167,0.0867,0.1412,-0.0474,0.1097,0.0787,-0.7994,0.5855
27,Right,2,-0.0277,-0.0195,0.0361,-0.1088,-0.2420,0.6123,0.7448,1.167,,,,,,,
27,Right,3,0.0000,0.0000,0.0325,0.0553,0.0655,-0.0832,0.9928,1.167,,,,,,,
27,Right,4,0.0000,0.0000,0.0338,0.1057,-0.0513,0.0794,0.9899,1.167,,,,,,,
27,Right,5,0.0007,0.0010,0.0246,0.0000,0.0000,0.0000,1.0000,1.167,,,,,,,
27,Right,6,-0.0186,-0.0112,0.0373,0.0000,0.0000,0.0000,1.0000,1.167,,,,,,,
27,Right,7,-0.0050,0.0039,0.0587,0.0940,0.0804,0.0287,0.9919,1.167,,,,,,,
27,Right,8,0.0000,0.0000,0.0379,0.1468,0.0033,-0.0263,0.9888,1.167,,,,,,,
27,Right,9,0.0000,0.0000,0.0243,0.0704,0.0248,-0.0168,0.9971,1.167,,,,,,,
27,Right,10,0.0003,0.0010,0.0224,0.0000,0.0000,0.0000,1.0000,1.167,,,,,,,
27,Right,11,-0.0023,-0.0085,0.0351,0.0000,0.0000,0.0000,1.0000,1.167,,,,,,,
27,Right,12,0.0006,0.0060,0.0605,0.1344,0.1010,-0.0174,0.9856,1.167,,,,,,,
27,Right,13,0.0000,0.0000,0.0429,0.1483,0.0026,-0.0121,0.9889,1.167,,,,,,,
27,Right,14,0.0000,0.0000,0.0275,0.0270,-0.0006,-0.0463,0.9986,1.167,,,,,,,
27,Right,15,0.0003,0.0011,0.0250,0.0000,0.0000,0.0000,1.0000,1.167,,,,,,,
27,Right,16,0.0150,-0.0060,0.0348,0.0000,0.0000,0.0000,1.0000,1.167,,,,,,,
27,Right,17,0.0025,-0.0005,0.0539,0.1252,0.1056,-0.0608,0.9846,1.167,,,,,,,
27,Right,18,0.0000,0.0000,0.0390,0.1507,-0.0021,-0.0369,0.9879,1.167,,,,,,,
27,Right,19,0.0000,0.0000,0.0266,0.0666,-0.0295,-0.0078,0.9973,1.167,,,,,,,
27,Right,20,0.0003,0.0016,0.0243,0.0000,0.0000,0.0000,1.0000,1.167,,,,,,,
27,Right,21,0.0230,-0.0094,0.0341,0.0183,0.1403,-0.2070,0.9680,1.167,,,,,,,
27,Right,22,0.0000,0.0000,0.0457,0.0470,-0.0242,0.0909,0.9945,1.167,,,,,,,
27,Right,23,0.0000,0.0000,0.0307,0.1776,0.0348,-0.0537,0.9820,1.167,,,,,,,
27,Right,24,0.0000,0.0000,0.0203,0.0279,-0.0491,0.0008,0.9984,1.167,,,,,,,
27,Right,25,-0.0002,0.0012,0.0219,0.0000,0.0000,0.0000,1.0000,1.167,,,,,,,
28,Left,0,0.0025,-0.0052,0.0651,0.0000,0.0000,0.0000,1.0000,1.208,,,,,,,
28,Left,1,0.0000,0.0000,0.0000,0.0000,0.0000,0.0000,1.0000,1.208,-0.0849,0.1184,-0.0411,-0.0357,0.1264,-0.7250,-0.6761
28,Left,2,0.0296,-0.0170,0.0350,-0.1569,0.2459,-0.5583,0.7767,1.208,,,,,,,
28,Left,3,0.0000,0.0000,0.0325,0.0617,-0.0649,0.0832,0.9925,1.208,,,,,,,
28,Left,4,0.0000,0.0000,0.0338,-0.0561,0.0648,-0.0835,0.9928,1.208,,,,,,,
28,Left,5,-0.0007,0.0010,0.0246,0.0000,0.0000,0.0000,1.0000,1.208,,,,,,,
28,Left,6,0.0195,-0.0100,0.0367,0.0000,0.0000,0.0000,1.0000,1.208,,,,,,,
28,Left,7,0.0040,0.0027,0.0593,0.1132,-0.0076,-0.0322,0.9930,1.208,,,,,,,
28,Left,8,0.0000,0.0000,0.0379,0.2598,-0.0002,0.0263,0.9653,1.208,,,,,,,
28,Left,9,0.0000,0.0000,0.0243,0.1071,-0.0241,0.0169,0.9938,1.208,,,,,,,
28,Left,10,-0.0003,0.0010,0.0224,0.0000,0.0000,0.0000,1.0000,1.208,,,,,,,
28,Left,11,0.0033,-0.0079,0.0345,0.0000,0.0000,0.0000,1.0000,1.208,,,,,,,
28,Left,12,-0.0016,0.0053,0.0611,0.1462,-0.0617,0.0146,0.9872,1.208,,,,,,,
28,Left,13,0.0000,0.0000,0.0429,0.2423,-0.0015,0.0125,0.9701,1.208,,,,,,,
28,Left,14,0.0000,0.0000,0.0275,0.0675,0.0024,0.0501,0.9965,1.208,,,,,,,
28,Left,15,-0.0003,0.0011,0.0250,0.0000,0.0000,0.0000,1.0000,1.208,,,,,,,
28,Left,16,-0.0150,-0.0060,0.0348,0.0000,0.0000,0.0000,1.0000,1.208,,,,,,,
28,Left,17,-0.0025,-0.0005,0.0539,0.1454,-0.0852,0.0611,0.9838,1.208,,,,,,,
28,Left,18,0.0000,0.0000,0.0390,0.1980,0.0037,0.0378,0.9795,1.208,,,,,,,
28,Left,19,0.0000,0.0000,0.0266,0.0894,0.0296,0.0088,0.9955,1.208,,,,,,,
28,Left,20,-0.0003,0.0016,0.0243,0.0000,0.0000,0.0000,1.0000,1.208,,,,,,,
28,Left,21,-0.0230,-0.0094,0.0341,0.0183,-0.1403,0.2070,0.9680,1.208,,,,,,,
28,Left,22,0.0000,0.0000,0.0457,0.0871,0.0175,-0.0897,0.9920,1.208,,,,,,,
28,Left,23,0.0000,0.0000,0.0307,0.1743,-0.0350,0.0535,0.9826,1.208,,,,,,,
28,Left,24,0.0000,0.0000,0.0203,0.0424,0.0491,-0.0009,0.9979,1.208,,,,,,,
28,Left,25,0.0002,0.0012,0.0219,0.0000,0.0000,0.0000,1.0000,1.208,,,,,,,
28,Right,0,-0.0021,-0.0055,0.0654,0.0000,0.0000,0.0000,1.0000,1.208,,,,,,,
28,Right,1,0.0000,0.0000,0.0000,0.0000,0.0000,0.0000,1.0000,1.208,0.0891,0.1411,-0.0460,0.1156,0.0743,-0.7993,0.5850
28,Right,2,-0.0278,-0.0194,0.0361,-0.1036,-0.2522,0.6117,0.7426,1.208,,,,,,,
28,Right,3,0.0000,0.0000,0.0325,0.0567,0.0654,-0.0832,0.9928,1.208,,,,,,,
28,Right,4,0.0000,0.0000,0.0338,0.1035,-0.0515,0.0795,0.9901,1.208,,,,,,,
28,Right,5,0.0007,0.0010,0.0246,0.0000,0.0000,0.0000,1.0000,1.208,,,,,,,
28,Right,6,-0.0186,-0.0112,0.0372,0.0000,0.0000,0.0000,1.0000,1.208,,,,,,,
28,Right,7,-0.0049,0.0039,0.0588,0.1103,0.0806,0.0279,0.9902,1.208,,,,,,,
28,Right,8,0.0000,0.0000,0.0379,0.1419,0.0035,-0.0263,0.9895,1.208,,,,,,,
28,Right,9,0.0000,0.0000,0.0243,0.0691,0.0248,-0.0168,0.9972,1.208,,,,,,,
28,Right,10,0.0003,0.0010,0.0224,0.0000,0.0000,0.0000,1.0000,1.208,,,,,,,
28,Right,11,-0.0024,-0.0085,0.0351,0.0000,0.0000,0.0000,1.0000,1.208,,,,,,,
28,Right,12,0.0007,0.0059,0.0606,0.1454,0.1012,-0.0186,0.9840,1.208,,,,,,,
28,Right,13,0.0000,0.0000,0.0429,0.1417,0.0027,-0.0120,0.9898,1.208,,,,,,,
28,Right,14,0.0000,0.0000,0.0275,0.0260,-0.0006,-0.0462,0.9986,1.208,,,,,,,
28,Right,15,0.0003,0.0011,0.0250,0.0000,0.0000,0.0000,1.0000,1.208,,,,,,,
28,Right,16,0.0150,-0.0060,0.0348,0.0000,0.0000,0.0000,1.0000,1.208,,,,,,,
28,Right,17,0.0025,-0.0005,0.0539,0.1325,0.1062,-0.0616,0.9835,1.208,,,,,,,
28,Right,18,0.0000,0.0000,0.0390,0.1451,-0.0019,-0.0368,0.9887,1.208,,,,,,,
28,Right,19,0.0000,0.0000,0.0266,0.0661,-0.0295,-0.0077,0.9973,1.208,,,,,,,
28,Right,20,0.0003,0.0016,0.0243,0.0000,0.0000,0.0000,1.0000,1.208,,,,,,,
28,Right,21,0.0230,-0.0094,0.0341,0.0183,0.1403,-0.2070,0.9680,1.208,,,,,,,
28,Right,22,0.0000,0.0000,0.0457,0.0508,-0.0223,0.0908,0.9943,1.208,,,,,,,
28,Right,23,0.0000,0.0000,0.0307,0.1744,0.0350,-0.0535,0.9826,1.208,,,,,,,
28,Right,24,0.0000,0.0000,0.0203,0.0278,-0.0491,0.0008,0.9984,1.208,,,,,,,
28,Right,25,-0.0002,0.0012,0.0219,0.0000,0.0000,0.0000,1.0000,1.208,,,,,,,
29,Left,0,0.0025,-0.0052,0.0651,0.0000,0.0000,0.0000,1.0000,1.250,,,,,,,
29,Left,1,0.0000,0.0000,0.0000,0.0000,0.0000,0.0000,1.0000,1.250,-0.0842,0.1182,-0.0418,-0.0299,0.1310,-0.7205,-0.6803
29,Left,2,0.0296,-0.0171,0.0350,-0.1569,0.2452,-0.5585,0.7767,1.250,,,,,,,
29,Left,3,0.0000,0.0000,0.0325,0.0629,-0.0648,0.0832,0.9924,1.250,,,,,,,
29,Left,4,0.0000,0.0000,0.0338,-0.0573,0.0649,-0.0835,0.9927,1.250,,,,,,,
29,Left,5,-0.0007,0.0010,0.0246,0.0000,0.0000,0.0000,1.0000,1.250,,,,,,,
29,Left,6,0.0195,-0.0100,0.0367,0.0000,0.0000,0.0000,1.0000,1.250,,,,,,,
29,Left,7,0.0040,0.0027,0.0593,0.1074,-0.0088,-0.0320,0.9937,1.250,,,,,,,
29,Left,8,0.0000,0.0000,0.0379,0.2605,-0.0002,0.0263,0.9651,1.250,,,,,,,
29,Left,9,0.0000,0.0000,0.0243,0.1073,-0.0241,0.0169,0.9938,1.250,,,,,,,
29,Left,10,-0.0003,0.0010,0.0224,0.0000,0.0000,0.0000,1.0000,1.250,,,,,,,
29,Left,11,0.0033,-0.0079,0.0345,0.0000,0.0000,0.0000,1.0000,1.250,,,,,,,
29,Left,12,-0.0016,0.0054,0.0611,0.1449,-0.0623,0.0145,0.9874,1.250,,,,,,,
29,Left,13,0.0000,0.0000,0.0429,0.2441,-0.0015,0.0125,0.9697,1.250,,,,,,,
29,Left,14,0.0000,0.0000,0.0275,0.0682,0.0024,0.0502,0.9964,1.250,,,,,,,
29,Left,15,-0.0003,0.0011,0.0250,0.0000,0.0000,0.0000,1.0000,1.250,,,,,,,
29,Left,16,-0.0150,-0.0060,0.0348,0.0000,0.0000,0.0000,1.0000,1.250,,,,,,,
29,Left,17,-0.0025,-0.0005,0.0539,0.1438,-0.0855,0.0610,0.9840,1.250,,,,,,,
29,Left,18,0.0000,0.0000,0.0390,0.1993,0.0038,0.0379,0.9792,1.250,,,,,,,
29,Left,19,0.0000,0.0000,0.0266,0.0897,0.0296,0.0088,0.9955,1.250,,,,,,,
29,Left,20,-0.0003,0.0016,0.0243,0.0000,0.0000,0.0000,1.0000,1.250,,,,,,,
29,Left,21,-0.0230,-0.0094,0.0341,0.0183,-0.1403,0.2070,0.9680,1.250,,,,,,,
29,Left,22,0.0000,0.0000,0.0457,0.0867,0.0178,-0.0897,0.9920,1.250,,,,,,,
29,Left,23,0.0000,0.0000,0.0307,0.1753,-0.0349,0.0536,0.9824,1.250,,,,,,,
29,Left,24,0.0000,0.0000,0.0203,0.0428,0.0491,-0.0009,0.9979,1.250,,,,,,,
29,Left,25,0.0002,0.0012,0.0219,0.0000,0.0000,0.0000,1.0000,1.250,,,,,,,
29,Right,0,-0.0021,-0.0055,0.0653,0.0000,0.0000,0.0000,1.0000,1.250,,,,,,,
29,Right,1,0.0000,0.0000,0.0000,0.0000,0.0000,0.0000,1.0000,1.250,0.0912,0.1408,-0.0438,0.1203,0.0698,-0.7995,0.5844
29,Right,2,-0.0279,-0.0193,0.0360,-0.0968,-0.2646,0.6114,0.7394,1.250,,,,,,,
29,Right,3,0.0000,0.0000,0.0325,0.0618,0.0649,-0.0832,0.9925,1.250,,,,,,,
29,Right,4,0.0000,0.0000,0.0338,0.1026,-0.0516,0.0795,0.9902,1.250,,,,,,,
29,Right,5,0.0007,0.0010,0.0246,0.0000,0.0000,0.0000,1.0000,1.250,,,,,,,
29,Right,6,-0.0187,-0.0111,0.0372,0.0000,0.0000,0.0000,1.0000,1.250,,,,,,,
29,Right,7,-0.0049,0.0038,0.0588,0.1193,0.0808,0.0275,0.9892,1.250,,,,,,,
29,Right,8,0.0000,0.0000,0.0379,0.1418,0.0035,-0.0263,0.9895,1.250,,,,,,,
29,Right,9,0.0000,0.0000,0.0243,0.0688,0.0248,-0.0167,0.9972,1.250,,,,,,,
29,Right,10,0.0003,0.0010,0.0224,0.0000,0.0000,0.0000,1.0000,1.250,,,,,,,
29,Right,11,-0.0025,-0.0084,0.0350,0.0000,0.0000,0.0000,1.0000,1.250,,,,,,,
29,Right,12,0.0007,0.0059,0.0606,0.1512,0.1018,-0.0192,0.9831,1.250,,,,,,,
29,Right,13,0.0000,0.0000,0.0429,0.1412,0.0027,-0.0120,0.9899,1.250,,,,,,,
29,Right,14,0.0000,0.0000,0.0275,0.0257,-0.0006,-0.0461,0.9986,1.250,,,,,,,
29,Right,15,0.0003,0.0011,0.0250,0.0000,0.0000,0.0000,1.0000,1.250,,,,,,,
29,Right,16,0.0150,-0.0060,0.0348,0.0000,0.0000,0.0000,1.0000,1.250,,,,,,,
29,Right,17,0.0025,-0.0005,0.0539,0.1369,0.1075,-0.0622,0.9828,1.250,,,,,,,
29,Right,18,0.0000,0.0000,0.0390,0.1442,-0.0019,-0.0368,0.9889,1.250,,,,,,,
29,Right,19,0.0000,0.0000,0.0266,0.0662,-0.0295,-0.0078,0.9973,1.250,,,,,,,
29,Right,20,0.0003,0.0016,0.0243,0.0000,0.0000,0.0000,1.0000,1.250,,,,,,,
29,Right,21,0.0230,-0.0094,0.0341,0.0183,0.1403,-0.2070,0.9680,1.250,,,,,,,
29,Right,22,0.0000,0.0000,0.0457,0.0541,-0.0134,0.0904,0.9943,1.250,,,,,,,
29,Right,23,0.0000,0.0000,0.0307,0.1730,0.0350,-0.0534,0.9828,1.250,,,,,,,
29,Right,24,0.0000,0.0000,0.0203,0.0278,-0.0491,0.0008,0.9984,1.250,,,,,,,
29,Right,25,-0.0002,0.0012,0.0219,0.0000,0.0000,0.0000,1.0000,1.250,,,,,,,
30,Left,0,0.0025,-0.0052,0.0651,0.0000,0.0000,0.0000,1.0000,1.292,,,,,,,
30,Left,1,0.0000,0.0000,0.0000,0.0000,0.0000,0.0000,1.0000,1.292,-0.0831,0.1185,-0.0434,-0.0234,0.1379,-0.7168,-0.6831
30,Left,2,0.0296,-0.0171,0.0350,-0.1570,0.2443,-0.5589,0.7767,1.292,,,,,,,
30,Left,3,0.0000,0.0000,0.0325,0.0643,-0.0647,0.0832,0.9923,1.292,,,,,,,
30,Left,4,0.0000,0.0000,0.0338,-0.0580,0.0650,-0.0835,0.9927,1.292,,,,,,,
30,Left,5,-0.0007,0.0010,0.0246,0.0000,0.0000,0.0000,1.0000,1.292,,,,,,,
30,Left,6,0.0195,-0.0100,0.0367,0.0000,0.0000,0.0000,1.0000,1.292,,,,,,,
30,Left,7,0.0040,0.0027,0.0593,0.1039,-0.0101,-0.0319,0.9940,1.292,,,,,,,
30,Left,8,0.0000,0.0000,0.0379,0.2614,-0.0002,0.0263,0.9649,1.292,,,,,,,
30,Left,9,0.0000,0.0000,0.0243,0.1076,-0.0241,0.0169,0.9938,1.292,,,,,,,
30,Left,10,-0.0003,0.0010,0.0224,0.0000,0.0000,0.0000,1.0000,1.292,,,,,,,
30,Left,11,0.0033,-0.0079,0.0345,0.0000,0.0000,0.0000,1.0000,1.292,,,,,,,
30,Left,12,-0.0016,0.0054,0.0611,0.1435,-0.0629,0.0145,0.9875,1.292,,,,,,,
30,Left,13,0.0000,0.0000,0.0429,0.2480,-0.0014,0.0125,0.9687,1.292,,,,,,,
30,Left,14,0.0000,0.0000,0.0275,0.0690,0.0025,0.0503,0.9963,1.292,,,,,,,
30,Left,15,-0.0003,0.0011,0.0250,0.0000,0.0000,0.0000,1.0000,1.292,,,,,,,
30,Left,16,-0.0150,-0.0060,0.0348,0.0000,0.0000,0.0000,1.0000,1.292,,,,,,,
30,Left,17,-0.0025,-0.0005,0.0539,0.1423,-0.0858,0.0609,0.9842,1.292,,,,,,,
30,Left,18,0.0000,0.0000,0.0390,0.2010,0.0038,0.0379,0.9789,1.292,,,,,,,
30,Left,19,0.0000,0.0000,0.0266,0.0900,0.0296,0.0089,0.9955,1.292,,,,,,,
30,Left,20,-0.0003,0.0016,0.0243,0.0000,0.0000,0.0000,1.0000,1.292,,,,,,,
30,Left,21,-0.0230,-0.0094,0.0341,0.0183,-0.1403,0.2070,0.9680,1.292,,,,,,,
30,Left,22,0.0000,0.0000,0.0457,0.0870,0.0181,-0.0898,0.9920,1.292,,,,,,,
30,Left,23,0.0000,0.0000,0.0307,0.1763,-0.0349,0.0536,0.9823,1.292,,,,,,,
30,Left,24,0.0000,0.0000,0.0203,0.0434,0.0491,-0.0009,0.9979,1.292,,,,,,,
30,Left,25,0.0002,0.0012,0.0219,0.0000,0.0000,0.0000,1.0000,1.292,,,,,,,
30,Right,0,-0.0021,-0.0055,0.0653,0.0000,0.0000,0.0000,1.0000,1.292,,,,,,,
30,Right,1,0.0000,0.0000,0.0000,0.0000,0.0000,0.0000,1.0000,1.292,0.0935,0.1396,-0.0405,0.1235,0.0667,-0.7996,0.5839
30,Right,2,-0.0281,-0.0191,0.0359,-0.0927,-0.2751,0.6097,0.7376,1.292,,,,,,,
30,Right,3,0.0000,0.0000,0.0325,0.0711,0.0641,-0.0831,0.9919,1.292,,,,,,,
30,Right,4,0.0000,0.0000,0.0338,0.1031,-0.0515,0.0795,0.9902,1.292,,,,,,,
30,Right,5,0.0007,0.0010,0.0246,0.0000,0.0000,0.0000,1.0000,1.292,,,,,,,
30,Right,6,-0.0188,-0.0110,0.0372,0.0000,0.0000,0.0000,1.0000,1.292,,,,,,,
30,Right,7,-0.0048,0.0037,0.0588,0.1268,0.0810,0.0271,0.9882,1.292,,,,,,,
30,Right,8,0.0000,0.0000,0.0379,0.1429,0.0034,-0.0263,0.9894,1.292,,,,,,,
30,Right,9,0.0000,0.0000,0.0243,0.0695,0.0248,-0.0168,0.9971,1.292,,,,,,,
30,Right,10,0.0003,0.0010,0.0224,0.0000,0.0000,0.0000,1.0000,1.292,,,,,,,
30,Right,11,-0.0025,-0.0084,0.0350,0.0000,0.0000,0.0000,1.0000,1.292,,,,,,,
30,Right,12,0.0008,0.0059,0.0606,0.1570,0.1025,-0.0199,0.9821,1.292,,,,,,,
30,Right,13,0.0000,0.0000,0.0429,0.1416,0.0027,-0.0120,0.9898,1.292,,,,,,,
30,Right,14,0.0000,0.0000,0.0275,0.0262,-0.0006,-0.0462,0.9986,1.292,,,,,,,
30,Right,15,0.0003,0.0011,0.0250,0.0000,0.0000,0.0000,1.0000,1.292,,,,,,,
30,Right,16,0.0150,-0.0060,0.0348,0.0000,0.0000,0.0000,1.0000,1.292,,,,,,,
30,Right,17,0.0025,-0.0005,0.0539,0.1410,0.1100,-0.0629,0.9819,1.292,,,,,,,
30,Right,18,0.0000,0.0000,0.0390,0.1440,-0.0019,-0.0368,0.9889,1.292,,,,,,,
30,Right,19,0.0000,0.0000,0.0266,0.0668,-0.0295,-0.0078,0.9973,1.292,,,,,,,
30,Right,20,0.0003,0.0016,0.0243,0.0000,0.0000,0.0000,1.0000,1.292,,,,,,,
30,Right,21,0.0230,-0.0094,0.0341,0.0183,0.1403,-0.2070,0.9680,1.292,,,,,,,
30,Right,22,0.0000,0.0000,0.0457,0.0557,-0.0020,0.0899,0.9944,1.292,,,,,,,
30,Right,23,0.0000,0.0000,0.0307,0.1722,0.0351,-0.0533,0.9830,1.292,,,,,,,
30,Right,24,0.0000,0.0000,0.0203,0.0280,-0.0491,0.0008,0.9984,1.292,,,,,,,
30,Right,25,-0.0002,0.0012,0.0219,0.0000,0.0000,0.0000,1.0000,1.292,,,,,,,
31,Left,0,0.0025,-0.0052,0.0651,0.0000,0.0000,0.0000,1.0000,1.333,,,,,,,
31,Left,1,0.0000,0.0000,0.0000,0.0000,0.0000,0.0000,1.0000,1.333,-0.0807,0.1197,-0.0456,-0.0146,0.1473,-0.7153,-0.6829
31,Left,2,0.0296,-0.0171,0.0350,-0.1572,0.2438,-0.5590,0.7768,1.333,,,,,,,
31,Left,3,0.0000,0.0000,0.0325,0.0667,-0.0645,0.0832,0.9922,1.333,,,,,,,
31,Left,4,0.0000,0.0000,0.0338,-0.0591,0.0651,-0.0835,0.9926,1.333,,,,,,,
31,Left,5,-0.0007,0.0010,0.0246,0.0000,0.0000,0.0000,1.0000,1.333,,,,,,,
31,Left,6,0.0195,-0.0100,0.0367,0.0000,0.0000,0.0000,1.0000,1.333,,,,,,,
31,Left,7,0.0041,0.0027,0.0593,0.1024,-0.0110,-0.0318,0.9942,1.333,,,,,,,
31,Left,8,0.0000,0.0000,0.0379,0.2629,-0.0002,0.0263,0.9645,1.333,,,,,,,
31,Left,9,0.0000,0.0000,0.0243,0.1083,-0.0241,0.0169,0.9937,1.333,,,,,,,
31,Left,10,-0.0003,0.0010,0.0224,0.0000,0.0000,0.0000,1.0000,1.333,,,,,,,
31,Left,11,0.0033,-0.0079,0.0345,0.0000,0.0000,0.0000,1.0000,1.333,,,,,,,
31,Left,12,-0.0016,0.0054,0.0611,0.1420,-0.0633,0.0145,0.9877,1.333,,,,,,,
31,Left,13,0.0000,0.0000,0.0429,0.2536,-0.0014,0.0125,0.9672,1.333,,,,,,,
31,Left,14,0.0000,0.0000,0.0275,0.0702,0.0025,0.0504,0.9963,1.333,,,,,,,
31,Left,15,-0.0003,0.0011,0.0250,0.0000,0.0000,0.0000,1.0000,1.333,,,,,,,
31,Left,16,-0.0150,-0.0060,0.0348,0.0000,0.0000,0.0000,1.0000,1.333,,,,,,,
31,Left,17,-0.0025,-0.0005,0.0539,0.1408,-0.0860,0.0608,0.9844,1.333,,,,,,,
31,Left,18,0.0000,0.0000,0.0390,0.2056,0.0040,0.0380,0.9779,1.333,,,,,,,
31,Left,19,0.0000,0.0000,0.0266,0.0907,0.0296,0.0089,0.9954,1.333,,,,,,,
31,Left,20,-0.0003,0.0016,0.0243,0.0000,0.0000,0.0000,1.0000,1.333,,,,,,,
31,Left,21,-0.0230,-0.0094,0.0341,0.0183,-0.1403,0.2070,0.9680,1.333,,,,,,,
31,Left,22,0.0000,0.0000,0.0457,0.0876,0.0182,-0.0898,0.9919,1.333,,,,,,,
31,Left,23,0.0000,0.0000,0.0307,0.1774,-0.0348,0.0537,0.9820,1.333,,,,,,,
31,Left,24,0.0000,0.0000,0.0203,0.0444,0.0491,-0.0009,0.9978,1.333,,,,,,,
31,Left,25,0.0002,0.0012,0.0219,0.0000,0.0000,0.0000,1.0000,1.333,,,,,,,
31,Right,0,-0.0022,-0.0054,0.0653,0.0000,0.0000,0.0000,1.0000,1.333,,,,,,,
31,Right,1,0.0000,0.0000,0.0000,0.0000,0.0000,0.0000,1.0000,1.333,0.0953,0.1390,-0.0376,0.1263,0.0625,-0.8005,0.5825
31,Right,2,-0.0283,-0.0189,0.0358,-0.0915,-0.2823,0.6070,0.7373,1.333,,,,,,,
31,Right,3,0.0000,0.0000,0.0325,0.0819,0.0632,-0.0831,0.9912,1.333,,,,,,,
31,Right,4,0.0000,0.0000,0.0338,0.1102,-0.0509,0.0793,0.9894,1.333,,,,,,,
31,Right,5,0.0007,0.0010,0.0246,0.0000,0.0000,0.0000,1.0000,1.333,,,,,,,
31,Right,6,-0.0188,-0.0109,0.0371,0.0000,0.0000,0.0000,1.0000,1.333,,,,,,,
31,Right,7,-0.0047,0.0036,0.0589,0.1358,0.0812,0.0266,0.9870,1.333,,,,,,,
31,Right,8,0.0000,0.0000,0.0379,0.1508,0.0032,-0.0263,0.9882,1.333,,,,,,,
31,Right,9,0.0000,0.0000,0.0243,0.0709,0.0248,-0.0168,0.9970,1.333,,,,,,,
31,Right,10,0.0003,0.0010,0.0224,0.0000,0.0000,0.0000,1.0000,1.333,,,,,,,
31,Right,11,-0.0026,-0.0083,0.0350,0.0000,0.0000,0.0000,1.0000,1.333,,,,,,,
31,Right,12,0.0009,0.0058,0.0607,0.1698,0.1031,-0.0212,0.9798,1.333,,,,,,,
31,Right,13,0.0000,0.0000,0.0429,0.1453,0.0027,-0.0121,0.9893,1.333,,,,,,,
31,Right,14,0.0000,0.0000,0.0275,0.0274,-0.0006,-0.0463,0.9986,1.333,,,,,,,
31,Right,15,0.0003,0.0011,0.0250,0.0000,0.0000,0.0000,1.0000,1.333,,,,,,,
31,Right,16,0.0150,-0.0060,0.0348,0.0000,0.0000,0.0000,1.0000,1.333,,,,,,,
31,Right,17,0.0025,-0.0005,0.0539,0.1525,0.1119,-0.0643,0.9798,1.333,,,,,,,
31,Right,18,0.0000,0.0000,0.0390,0.1452,-0.0019,-0.0368,0.9887,1.333,,,,,,,
31,Right,19,0.0000,0.0000,0.0266,0.0681,-0.0296,-0.0078,0.9972,1.333,,,,,,,
31,Right,20,0.0003,0.0016,0.0243,0.0000,0.0000,0.0000,1.0000,1.333,,,,,,,
31,Right,21,0.0230,-0.0094,0.0341,0.0183,0.1403,-0.2070,0.9680,1.333,,,,,,,
31,Right,22,0.0000,0.0000,0.0457,0.0613,0.0036,0.0894,0.9941,1.333,,,,,,,
31,Right,23,0.0000,0.0000,0.0307,0.1724,0.0351,-0.0533,0.9830,1.333,,,,,,,
31,Right,24,0.0000,0.0000,0.0203,0.0285,-0.0491,0.0008,0.9984,1.333,,,,,,,
31,Right,25,-0.0002,0.0012,0.0219,0.0000,0.0000,0.0000,1.0000,1.333,,,,,,,
32,Left,0,0.0025,-0.0052,0.0651,0.0000,0.0000,0.0000,1.0000,1.375,,,,,,,
32,Left,1,0.0000,0.0000,0.0000,0.0000,0.0000,0.0000,1.0000,1.375,-0.0750,0.1223,-0.0484,-0.0003,0.1634,-0.7103,-0.6847
32,Left,2,0.0296,-0.0171,0.0350,-0.1575,0.2442,-0.5583,0.7770,1.375,,,,,,,
32,Left,3,0.0000,0.0000,0.0325,0.0699,-0.0642,0.0831,0.9920,1.375,,,,,,,
32,Left,4,0.0000,0.0000,0.0338,-0.0606,0.0652,-0.0835,0.9925,1.375,,,,,,,
32,Left,5,-0.0007,0.0010,0.0246,0.0000,0.0000,0.0000,1.0000,1.375,,,,,,,
32,Left,6,0.0195,-0.0100,0.0367,0.0000,0.0000,0.0000,1.0000,1.375,,,,,,,
32,Left,7,0.0040,0.0027,0.0593,0.1012,-0.0120,-0.0317,0.9943,1.375,,,,,,,
32,Left,8,0.0000,0.0000,0.0379,0.2691,0.0000,0.0263,0.9627,1.375,,,,,,,
32,Left,9,0.0000,0.0000,0.0243,0.1098,-0.0241,0.0169,0.9935,1.375,,,,,,,
32,Left,10,-0.0003,0.0010,0.0224,0.0000,0.0000,0.0000,1.0000,1.375,,,,,,,
32,Left,11,0.0033,-0.0079,0.0345,0.0000,0.0000,0.0000,1.0000,1.375,,,,,,,
32,Left,12,-0.0016,0.0054,0.0611,0.1404,-0.0636,0.0144,0.9879,1.375,,,,,,,
32,Left,13,0.0000,0.0000,0.0429,0.2578,-0.0013,0.0125,0.9661,1.375,,,,,,,
32,Left,14,0.0000,0.0000,0.0275,0.0740,0.0027,0.0508,0.9960,1.375,,,,,,,
32,Left,15,-0.0003,0.0011,0.0250,0.0000,0.0000,0.0000,1.0000,1.375,,,,,,,
32,Left,16,-0.0150,-0.0060,0.0348,0.0000,0.0000,0.0000,1.0000,1.375,,,,,,,
32,Left,17,-0.0025,-0.0005,0.0539,0.1393,-0.0863,0.0607,0.9846,1.375,,,,,,,
32,Left,18,0.0000,0.0000,0.0390,0.2092,0.0041,0.0380,0.9771,1.375,,,,,,,
32,Left,19,0.0000,0.0000,0.0266,0.0921,0.0296,0.0090,0.9953,1.375,,,,,,,
32,Left,20,-0.0003,0.0016,0.0243,0.0000,0.0000,0.0000,1.0000,1.375,,,,,,,
32,Left,21,-0.0230,-0.0094,0.0341,0.0183,-0.1403,0.2070,0.9680,1.375,,,,,,,
32,Left,22,0.0000,0.0000,0.0457,0.0887,0.0179,-0.0897,0.9919,1.375,,,,,,,
32,Left,23,0.0000,0.0000,0.0307,0.1783,-0.0348,0.0538,0.9819,1.375,,,,,,,
32,Left,24,0.0000,0.0000,0.0203,0.0455,0.0491,-0.0009,0.9978,1.375,,,,,,,
32,Left,25,0.0002,0.0012,0.0219,0.0000,0.0000,0.0000,1.0000,1.375,,,,,,,
32,Right,0,-0.0022,-0.0054,0.0653,0.0000,0.0000,0.0000,1.0000,1.375,,,,,,,
32,Right,1,0.0000,0.0000,0.0000,0.0000,0.0000,0.0000,1.0000,1.375,0.0963,0.1378,-0.0338,0.1316,0.0588,-0.8014,0.5805
32,Right,2,-0.0284,-0.0187,0.0357,-0.0941,-0.2841,0.6036,0.7390,1.375,,,,,,,
32,Right,3,0.0000,0.0000,0.0325,0.0853,0.0628,-0.0831,0.9909,1.375,,,,,,,
32,Right,4,0.0000,0.0000,0.0338,0.1244,-0.0496,0.0788,0.9879,1.375,,,,,,,
32,Right,5,0.0007,0.0010,0.0246,0.0000,0.0000,0.0000,1.0000,1.375,,,,,,,
32,Right,6,-0.0189,-0.0108,0.0371,0.0000,0.0000,0.0000,1.0000,1.375,,,,,,,
32,Right,7,-0.0046,0.0035,0.0589,0.1396,0.0814,0.0264,0.9865,1.375,,,,,,,
32,Right,8,0.0000,0.0000,0.0379,0.1534,0.0032,-0.0263,0.9878,1.375,,,,,,,
32,Right,9,0.0000,0.0000,0.0243,0.0722,0.0248,-0.0168,0.9969,1.375,,,,,,,
32,Right,10,0.0003,0.0010,0.0224,0.0000,0.0000,0.0000,1.0000,1.375,,,,,,,
32,Right,11,-0.0027,-0.0083,0.0349,0.0000,0.0000,0.0000,1.0000,1.375,,,,,,,
32,Right,12,0.0010,0.0058,0.0607,0.1795,0.1037,-0.0223,0.9780,1.375,,,,,,,
32,Right,13,0.0000,0.0000,0.0429,0.1489,0.0026,-0.0121,0.9888,1.375,,,,,,,
32,Right,14,0.0000,0.0000,0.0275,0.0285,-0.0007,-0.0464,0.9985,1.375,,,,,,,
32,Right,15,0.0003,0.0011,0.0250,0.0000,0.0000,0.0000,1.0000,1.375,,,,,,,
32,Right,16,0.0150,-0.0060,0.0348,0.0000,0.0000,0.0000,1.0000,1.375,,,,,,,
32,Right,17,0.0025,-0.0005,0.0539,0.1646,0.1127,-0.0657,0.9777,1.375,,,,,,,
32,Right,18,0.0000,0.0000,0.0390,0.1466,-0.0020,-0.0368,0.9885,1.375,,,,,,,
32,Right,19,0.0000,0.0000,0.0266,0.0692,-0.0296,-0.0079,0.9971,1.375,,,,,,,
32,Right,20,0.0003,0.0016,0.0243,0.0000,0.0000,0.0000,1.0000,1.375,,,,,,,
32,Right,21,0.0230,-0.0094,0.0341,0.0183,0.1403,-0.2070,0.9680,1.375,,,,,,,
32,Right,22,0.0000,0.0000,0.0457,0.0675,0.0055,0.0890,0.9937,1.375,,,,,,,
32,Right,23,0.0000,0.0000,0.0307,0.1728,0.0351,-0.0534,0.9829,1.375,,,,,,,
32,Right,24,0.0000,0.0000,0.0203,0.0290,-0.0491,0.0008,0.9984,1.375,,,,,,,
32,Right,25,-0.0002,0.0012,0.0219,0.0000,0.0000,0.0000,1.0000,1.375,,,,,,,
33,Left,0,0.0025,-0.0052,0.0651,0.0000,0.0000,0.0000,1.0000,1.417,,,,,,,
33,Left,1,0.0000,0.0000,0.0000,0.0000,0.0000,0.0000,1.0000,1.417,-0.0715,0.1245,-0.0507,0.0098,0.1756,-0.7048,-0.6872
33,Left,2,0.0296,-0.0170,0.0349,-0.1581,0.2450,-0.5573,0.7774,1.417,,,,,,,
33,Left,3,0.0000,0.0000,0.0325,0.0717,-0.0641,0.0831,0.9919,1.417,,,,,,,
33,Left,4,0.0000,0.0000,0.0338,-0.0620,0.0653,-0.0836,0.9924,1.417,,,,,,,
33,Left,5,-0.0007,0.0010,0.0246,0.0000,0.0000,0.0000,1.0000,1.417,,,,,,,
33,Left,6,0.0195,-0.0100,0.0367,0.0000,0.0000,0.0000,1.0000,1.417,,,,,,,
33,Left,7,0.0040,0.0027,0.0593,0.1005,-0.0131,-0.0317,0.9943,1.417,,,,,,,
33,Left,8,0.0000,0.0000,0.0379,0.2703,0.0001,0.0263,0.9624,1.417,,,,,,,
33,Left,9,0.0000,0.0000,0.0243,0.1113,-0.0240,0.0169,0.9934,1.417,,,,,,,
33,Left,10,-0.0003,0.0010,0.0224,0.0000,0.0000,0.0000,1.0000,1.417,,,,,,,
33,Left,11,0.0033,-0.0079,0.0345,0.0000,0.0000,0.0000,1.0000,1.417,,,,,,,
33,Left,12,-0.0016,0.0053,0.0611,0.1393,-0.0640,0.0144,0.9881,1.417,,,,,,,
33,Left,13,0.0000,0.0000,0.0429,0.2587,-0.0013,0.0125,0.9659,1.417,,,,,,,
33,Left,14,0.0000,0.0000,0.0275,0.0762,0.0028,0.0510,0.9958,1.417,,,,,,,
33,Left,15,-0.0003,0.0011,0.0250,0.0000,0.0000,0.0000,1.0000,1.417,,,,,,,
33,Left,16,-0.0150,-0.0060,0.0348,0.0000,0.0000,0.0000,1.0000,1.417,,,,,,,
33,Left,17,-0.0025,-0.0005,0.0539,0.1378,-0.0868,0.0606,0.9848,1.417,,,,,,,
33,Left,18,0.0000,0.0000,0.0390,0.2104,0.0041,0.0381,0.9769,1.417,,,,,,,
33,Left,19,0.0000,0.0000,0.0266,0.0934,0.0296,0.0090,0.9952,1.417,,,,,,,
33,Left,20,-0.0003,0.0016,0.0243,0.0000,0.0000,0.0000,1.0000,1.417,,,,,,,
33,Left,21,-0.0230,-0.0094,0.0341,0.0183,-0.1403,0.2070,0.9680,1.417,,,,,,,
33,Left,22,0.0000,0.0000,0.0457,0.0899,0.0172,-0.0896,0.9918,1.417,,,,,,,
33,Left,23,0.0000,0.0000,0.0307,0.1788,-0.0348,0.0538,0.9818,1.417,,,,,,,
33,Left,24,0.0000,0.0000,0.0203,0.0465,0.0491,-0.0009,0.9977,1.417,,,,,,,
33,Left,25,0.0002,0.0012,0.0219,0.0000,0.0000,0.0000,1.0000,1.417,,,,,,,
33,Right,0,-0.0023,-0.0054,0.0653,0.0000,0.0000,0.0000,1.0000,1.417,,,,,,,
33,Right,1,0.0000,0.0000,0.0000,0.0000,0.0000,0.0000,1.0000,1.417,0.0978,0.1362,-0.0294,0.1389,0.0539,-0.8018,0.5787
33,Right,2,-0.0286,-0.0185,0.0356,-0.0981,-0.2859,0.5990,0.7415,1.417,,,,,,,
33,Right,3,0.0000,0.0000,0.0325,0.0869,0.0627,-0.0831,0.9908,1.417,,,,,,,
33,Right,4,0.0000,0.0000,0.0338,0.1342,-0.0487,0.0785,0.9866,1.417,,,,,,,
33,Right,5,0.0007,0.0010,0.0246,0.0000,0.0000,0.0000,1.0000,1.417,,,,,,,
33,Right,6,-0.0190,-0.0107,0.0370,0.0000,0.0000,0.0000,1.0000,1.417,,,,,,,
33,Right,7,-0.0045,0.0034,0.0590,0.1410,0.0815,0.0264,0.9863,1.417,,,,,,,
33,Right,8,0.0000,0.0000,0.0379,0.1547,0.0031,-0.0263,0.9876,1.417,,,,,,,
33,Right,9,0.0000,0.0000,0.0243,0.0734,0.0248,-0.0168,0.9969,1.417,,,,,,,
33,Right,10,0.0003,0.0010,0.0224,0.0000,0.0000,0.0000,1.0000,1.417,,,,,,,
33,Right,11,-0.0028,-0.0082,0.0349,0.0000,0.0000,0.0000,1.0000,1.417,,,,,,,
33,Right,12,0.0011,0.0057,0.0608,0.1831,0.1045,-0.0228,0.9773,1.417,,,,,,,
33,Right,13,0.0000,0.0000,0.0429,0.1503,0.0026,-0.0121,0.9886,1.417,,,,,,,
33,Right,14,0.0000,0.0000,0.0275,0.0293,-0.0007,-0.0465,0.9985,1.417,,,,,,,
33,Right,15,0.0003,0.0011,0.0250,0.0000,0.0000,0.0000,1.0000,1.417,,,,,,,
33,Right,16,0.0150,-0.0060,0.0348,0.0000,0.0000,0.0000,1.0000,1.417,,,,,,,
33,Right,17,0.0025,-0.0005,0.0539,0.1699,0.1139,-0.0665,0.9766,1.417,,,,,,,
33,Right,18,0.0000,0.0000,0.0390,0.1479,-0.0020,-0.0369,0.9883,1.417,,,,,,,
33,Right,19,0.0000,0.0000,0.0266,0.0701,-0.0296,-0.0079,0.9971,1.417,,,,,,,
33,Right,20,0.0003,0.0016,0.0243,0.0000,0.0000,0.0000,1.0000,1.417,,,,,,,
33,Right,21,0.0230,-0.0094,0.0341,0.0183,0.1403,-0.2070,0.9680,1.417,,,,,,,
33,Right,22,0.0000,0.0000,0.0457,0.0696,0.0067,0.0888,0.9936,1.417,,,,,,,
33,Right,23,0.0000,0.0000,0.0307,0.1733,0.0350,-0.0534,0.9828,1.417,,,,,,,
33,Right,24,0.0000,0.0000,0.0203,0.0295,-0.0491,0.0008,0.9984,1.417,,,,,,,
33,Right,25,-0.0002,0.0012,0.0219,0.0000,0.0000,0.0000,1.0000,1.417,,,,,,,
34,Left,0,0.0025,-0.0052,0.0651,0.0000,0.0000,0.0000,1.0000,1.458,,,,,,,
34,Left,1,0.0000,0.0000,0.0000,0.0000,0.0000,0.0000,1.0000,1.458,-0.0700,0.1252,-0.0521,0.0206,0.1860,-0.6976,-0.6916
34,Left,2,0.0297,-0.0170,0.0349,-0.1587,0.2452,-0.5565,0.7778,1.458,,,,,,,
34,Left,3,0.0000,0.0000,0.0325,0.0733,-0.0639,0.0831,0.9918,1.458,,,,,,,
34,Left,4,0.0000,0.0000,0.0338,-0.0632,0.0654,-0.0836,0.9923,1.458,,,,,,,
34,Left,5,-0.0007,0.0010,0.0246,0.0000,0.0000,0.0000,1.0000,1.458,,,,,,,
34,Left,6,0.0195,-0.0100,0.0367,0.0000,0.0000,0.0000,1.0000,1.458,,,,,,,
34,Left,7,0.0040,0.0026,0.0593,0.1003,-0.0142,-0.0316,0.9944,1.458,,,,,,,
34,Left,8,0.0000,0.0000,0.0379,0.2700,0.0000,0.0263,0.9625,1.458,,,,,,,
34,Left,9,0.0000,0.0000,0.0243,0.1122,-0.0240,0.0169,0.9932,1.458,,,,,,,
34,Left,10,-0.0003,0.0010,0.0224,0.0000,0.0000,0.0000,1.0000,1.458,,,,,,,
34,Left,11,0.0033,-0.0079,0.0345,0.0000,0.0000,0.0000,1.0000,1.458,,,,,,,
34,Left,12,-0.0016,0.0053,0.0611,0.1391,-0.0643,0.0144,0.9881,1.458,,,,,,,
34,Left,13,0.0000,0.0000,0.0429,0.2585,-0.0013,0.0125,0.9659,1.458,,,,,,,
34,Left,14,0.0000,0.0000,0.0275,0.0773,0.0028,0.0511,0.9957,1.458,,,,,,,
34,Left,15,-0.0003,0.0011,0.0250,0.0000,0.0000,0.0000,1.0000,1.458,,,,,,,
34,Left,16,-0.0150,-0.0060,0.0348,0.0000,0.0000,0.0000,1.0000,1.458,,,,,,,
34,Left,17,-0.0025,-0.0005,0.0539,0.1371,-0.0874,0.0606,0.9848,1.458,,,,,,,
34,Left,18,0.0000,0.0000,0.0390,0.2108,0.0042,0.0381,0.9768,1.458,,,,,,,
34,Left,19,0.0000,0.0000,0.0266,0.0943,0.0296,0.0091,0.9951,1.458,,,,,,,
34,Left,20,-0.0003,0.0016,0.0243,0.0000,0.0000,0.0000,1.0000,1.458,,,,,,,
34,Left,21,-0.0230,-0.0094,0.0341,0.0183,-0.1403,0.2070,0.9680,1.458,,,,,,,
34,Left,22,0.0000,0.0000,0.0457,0.0937,0.0162,-0.0895,0.9914,1.458,,,,,,,
34,Left,23,0.0000,0.0000,0.0307,0.1791,-0.0348,0.0539,0.9817,1.458,,,,,,,
34,Left,24,0.0000,0.0000,0.0203,0.0473,0.0491,-0.0009,0.9977,1.458,,,,,,,
34,Left,25,0.0002,0.0012,0.0219,0.0000,0.0000,0.0000,1.0000,1.458,,,,,,,
34,Right,0,-0.0023,-0.0053,0.0652,0.0000,0.0000,0.0000,1.0000,1.458,,,,,,,
34,Right,1,0.0000,0.0000,0.0000,0.0000,0.0000,0.0000,1.0000,1.458,0.0997,0.1350,-0.0245,0.1475,0.0470,-0.8005,0.5790
34,Right,2,-0.0289,-0.0181,0.0354,-0.1049,-0.2888,0.5910,0.7458,1.458,,,,,,,
34,Right,3,0.0000,0.0000,0.0325,0.0883,0.0626,-0.0831,0.9906,1.458,,,,,,,
34,Right,4,0.0000,0.0000,0.0338,0.1408,-0.0481,0.0782,0.9858,1.458,,,,,,,
34,Right,5,0.0007,0.0010,0.0246,0.0000,0.0000,0.0000,1.0000,1.458,,,,,,,
34,Right,6,-0.0192,-0.0105,0.0369,0.0000,0.0000,0.0000,1.0000,1.458,,,,,,,
34,Right,7,-0.0044,0.0032,0.0591,0.1419,0.0814,0.0263,0.9862,1.458,,,,,,,
34,Right,8,0.0000,0.0000,0.0379,0.1556,0.0031,-0.0263,0.9875,1.458,,,,,,,
34,Right,9,0.0000,0.0000,0.0243,0.0742,0.0247,-0.0168,0.9968,1.458,,,,,,,
34,Right,10,0.0003,0.0010,0.0224,0.0000,0.0000,0.0000,1.0000,1.458,,,,,,,
34,Right,11,-0.0030,-0.0081,0.0348,0.0000,0.0000,0.0000,1.0000,1.458,,,,,,,
34,Right,12,0.0012,0.0056,0.0609,0.1842,0.1050,-0.0230,0.9770,1.458,,,,,,,
34,Right,13,0.0000,0.0000,0.0429,0.1512,0.0026,-0.0121,0.9884,1.458,,,,,,,
34,Right,14,0.0000,0.0000,0.0275,0.0298,-0.0007,-0.0465,0.9985,1.458,,,,,,,
34,Right,15,0.0003,0.0011,0.0250,0.0000,0.0000,0.0000,1.0000,1.458,,,,,,,
34,Right,16,0.0150,-0.0060,0.0348,0.0000,0.0000,0.0000,1.0000,1.458,,,,,,,
34,Right,17,0.0025,-0.0005,0.0539,0.1726,0.1151,-0.0669,0.9760,1.458,,,,,,,
34,Right,18,0.0000,0.0000,0.0390,0.1490,-0.0020,-0.0369,0.9881,1.458,,,,,,,
34,Right,19,0.0000,0.0000,0.0266,0.0711,-0.0296,-0.0080,0.9970,1.458,,,,,,,
34,Right,20,0.0003,0.0016,0.0243,0.0000,0.0000,0.0000,1.0000,1.458,,,,,,,
34,Right,21,0.0230,-0.0094,0.0341,0.0183,0.1403,-0.2070,0.9680,1.458,,,,,,,
34,Right,22,0.0000,0.0000,0.0457,0.0710,0.0079,0.0887,0.9935,1.458,,,,,,,
34,Right,23,0.0000,0.0000,0.0307,0.1739,0.0350,-0.0534,0.9827,1.458,,,,,,,
34,Right,24,0.0000,0.0000,0.0203,0.0302,-0.0491,0.0008,0.9983,1.458,,,,,,,
34,Right,25,-0.0002,0.0012,0.0219,0.0000,0.0000,0.0000,1.0000,1.458,,,,,,,
35,Left,0,0.0025,-0.0052,0.0651,0.0000,0.0000,0.0000,1.0000,1.500,,,,,,,
35,Left,1,0.0000,0.0000,0.0000,0.0000,0.0000,0.0000,1.0000,1.500,-0.0688,0.1250,-0.0533,0.0351,0.1967,-0.6865,-0.6991
35,Left,2,0.0297,-0.0170,0.0349,-0.1591,0.2450,-0.5561,0.7781,1.500,,,,,,,
35,Left,3,0.0000,0.0000,0.0325,0.0804,-0.0633,0.0831,0.9913,1.500,,,,,,,
35,Left,4,0.0000,0.0000,0.0338,-0.0641,0.0655,-0.0836,0.9923,1.500,,,,,,,
35,Left,5,-0.0007,0.0010,0.0246,0.0000,0.0000,0.0000,1.0000,1.500,,,,,,,
35,Left,6,0.0195,-0.0099,0.0367,0.0000,0.0000,0.0000,1.0000,1.500,,,,,,,
35,Left,7,0.0040,0.0026,0.0593,0.1004,-0.0154,-0.0316,0.9943,1.500,,,,,,,
35,Left,8,0.0000,0.0000,0.0379,0.2687,0.0000,0.0263,0.9629,1.500,,,,,,,
35,Left,9,0.0000,0.0000,0.0243,0.1125,-0.0240,0.0169,0.9932,1.500,,,,,,,
35,Left,10,-0.0003,0.0010,0.0224,0.0000,0.0000,0.0000,1.0000,1.500,,,,,,,
35,Left,11,0.0033,-0.0079,0.0345,0.0000,0.0000,0.0000,1.0000,1.500,,,,,,,
35,Left,12,-0.0016,0.0053,0.0611,0.1396,-0.0647,0.0145,0.9880,1.500,,,,,,,
35,Left,13,0.0000,0.0000,0.0429,0.2575,-0.0013,0.0125,0.9662,1.500,,,,,,,
35,Left,14,0.0000,0.0000,0.0275,0.0778,0.0028,0.0511,0.9957,1.500,,,,,,,
35,Left,15,-0.0003,0.0011,0.0250,0.0000,0.0000,0.0000,1.0000,1.500,,,,,,,
35,Left,16,-0.0150,-0.0060,0.0348,0.0000,0.0000,0.0000,1.0000,1.500,,,,,,,
35,Left,17,-0.0025,-0.0005,0.0539,0.1374,-0.0880,0.0607,0.9847,1.500,,,,,,,
35,Left,18,0.0000,0.0000,0.0390,0.2106,0.0041,0.0381,0.9768,1.500,,,,,,,
35,Left,19,0.0000,0.0000,0.0266,0.0948,0.0296,0.0091,0.9950,1.500,,,,,,,
35,Left,20,-0.0003,0.0016,0.0243,0.0000,0.0000,0.0000,1.0000,1.500,,,,,,,
35,Left,21,-0.0230,-0.0094,0.0341,0.0183,-0.1403,0.2070,0.9680,1.500,,,,,,,
35,Left,22,0.0000,0.0000,0.0457,0.1014,0.0148,-0.0892,0.9907,1.500,,,,,,,
35,Left,23,0.0000,0.0000,0.0307,0.1792,-0.0348,0.0539,0.9817,1.500,,,,,,,
35,Left,24,0.0000,0.0000,0.0203,0.0480,0.0491,-0.0009,0.9976,1.500,,,,,,,
35,Left,25,0.0002,0.0012,0.0219,0.0000,0.0000,0.0000,1.0000,1.500,,,,,,,
35,Right,0,-0.0024,-0.0053,0.0651,0.0000,0.0000,0.0000,1.0000,1.500,,,,,,,
35,Right,1,0.0000,0.0000,0.0000,0.0000,0.0000,0.0000,1.0000,1.500,0.1011,0.1345,-0.0217,0.1546,0.0390,-0.7979,0.5813
35,Right,2,-0.0293,-0.0176,0.0352,-0.1127,-0.2926,0.5816,0.7506,1.500,,,,,,,
35,Right,3,0.0000,0.0000,0.0325,0.0898,0.0624,-0.0831,0.9905,1.500,,,,,,,
35,Right,4,0.0000,0.0000,0.0338,0.1532,-0.0470,0.0778,0.9840,1.500,,,,,,,
35,Right,5,0.0007,0.0010,0.0246,0.0000,0.0000,0.0000,1.0000,1.500,,,,,,,
35,Right,6,-0.0193,-0.0102,0.0368,0.0000,0.0000,0.0000,1.0000,1.500,,,,,,,
35,Right,7,-0.0042,0.0029,0.0592,0.1427,0.0812,0.0263,0.9861,1.500,,,,,,,
35,Right,8,0.0000,0.0000,0.0379,0.1565,0.0031,-0.0263,0.9873,1.500,,,,,,,
35,Right,9,0.0000,0.0000,0.0243,0.0750,0.0247,-0.0168,0.9967,1.500,,,,,,,
35,Right,10,0.0003,0.0010,0.0224,0.0000,0.0000,0.0000,1.0000,1.500,,,,,,,
35,Right,11,-0.0031,-0.0080,0.0346,0.0000,0.0000,0.0000,1.0000,1.500,,,,,,,
35,Right,12,0.0014,0.0055,0.0610,0.1849,0.1055,-0.0231,0.9768,1.500,,,,,,,
35,Right,13,0.0000,0.0000,0.0429,0.1521,0.0026,-0.0121,0.9883,1.500,,,,,,,
35,Right,14,0.0000,0.0000,0.0275,0.0303,-0.0008,-0.0466,0.9985,1.500,,,,,,,
35,Right,15,0.0003,0.0011,0.0250,0.0000,0.0000,0.0000,1.0000,1.500,,,,,,,
35,Right,16,0.0150,-0.0060,0.0348,0.0000,0.0000,0.0000,1.0000,1.500,,,,,,,
35,Right,17,0.0025,-0.0005,0.0539,0.1742,0.1164,-0.0673,0.9755,1.500,,,,,,,
35,Right,18,0.0000,0.0000,0.0390,0.1502,-0.0021,-0.0369,0.9880,1.500,,,,,,,
35,Right,19,0.0000,0.0000,0.0266,0.0721,-0.0296,-0.0080,0.9969,1.500,,,,,,,
35,Right,20,0.0003,0.0016,0.0243,0.0000,0.0000,0.0000,1.0000,1.500,,,,,,,
35,Right,21,0.0230,-0.0094,0.0341,0.0183,0.1403,-0.2070,0.9680,1.500,,,,,,,
35,Right,22,0.0000,0.0000,0.0457,0.0720,0.0092,0.0885,0.9934,1.500,,,,,,,
35,Right,23,0.0000,0.0000,0.0307,0.1748,0.0350,-0.0535,0.9825,1.500,,,,,,,
35,Right,24,0.0000,0.0000,0.0203,0.0309,-0.0491,0.0008,0.9983,1.500,,,,,,,
35,Right,25,-0.0002,0.0012,0.0219,0.0000,0.0000,0.0000,1.0000,1.500,,,,,,,
36,Left,0,0.0025,-0.0052,0.0651,0.0000,0.0000,0.0000,1.0000,1.542,,,,,,,
36,Left,1,0.0000,0.0000,0.0000,0.0000,0.0000,0.0000,1.0000,1.542,-0.0673,0.1241,-0.0544,0.0490,0.2021,-0.6772,-0.7058
36,Left,2,0.0297,-0.0170,0.0349,-0.1593,0.2444,-0.5561,0.7782,1.542,,,,,,,
36,Left,3,0.0000,0.0000,0.0325,0.0873,-0.0627,0.0831,0.9907,1.542,,,,,,,
36,Left,4,0.0000,0.0000,0.0338,-0.0649,0.0655,-0.0836,0.9922,1.542,,,,,,,
36,Left,5,-0.0007,0.0010,0.0246,0.0000,0.0000,0.0000,1.0000,1.542,,,,,,,
36,Left,6,0.0195,-0.0099,0.0367,0.0000,0.0000,0.0000,1.0000,1.542,,,,,,,
36,Left,7,0.0040,0.0026,0.0593,0.1011,-0.0167,-0.0315,0.9942,1.542,,,,,,,
36,Left,8,0.0000,0.0000,0.0379,0.2651,-0.0001,0.0263,0.9639,1.542,,,,,,,
36,Left,9,0.0000,0.0000,0.0243,0.1121,-0.0240,0.0169,0.9933,1.542,,,,,,,
36,Left,10,-0.0003,0.0010,0.0224,0.0000,0.0000,0.0000,1.0000,1.542,,,,,,,
36,Left,11,0.0033,-0.0079,0.0345,0.0000,0.0000,0.0000,1.0000,1.542,,,,,,,
36,Left,12,-0.0016,0.0053,0.0611,0.1409,-0.0650,0.0146,0.9878,1.542,,,,,,,
36,Left,13,0.0000,0.0000,0.0429,0.2559,-0.0013,0.0125,0.9666,1.542,,,,,,,
36,Left,14,0.0000,0.0000,0.0275,0.0773,0.0028,0.0511,0.9957,1.542,,,,,,,
36,Left,15,-0.0003,0.0011,0.0250,0.0000,0.0000,0.0000,1.0000,1.542,,,,,,,
36,Left,16,-0.0150,-0.0060,0.0348,0.0000,0.0000,0.0000,1.0000,1.542,,,,,,,
36,Left,17,-0.0025,-0.0005,0.0539,0.1384,-0.0886,0.0608,0.9845,1.542,,,,,,,
36,Left,18,0.0000,0.0000,0.0390,0.2097,0.0041,0.0380,0.9770,1.542,,,,,,,
36,Left,19,0.0000,0.0000,0.0266,0.0946,0.0296,0.0091,0.9950,1.542,,,,,,,
36,Left,20,-0.0003,0.0016,0.0243,0.0000,0.0000,0.0000,1.0000,1.542,,,,,,,
36,Left,21,-0.0230,-0.0094,0.0341,0.0183,-0.1403,0.2070,0.9680,1.542,,,,,,,
36,Left,22,0.0000,0.0000,0.0457,0.1068,0.0135,-0.0889,0.9902,1.542,,,,,,,
36,Left,23,0.0000,0.0000,0.0307,0.1795,-0.0347,0.0539,0.9817,1.542,,,,,,,
36,Left,24,0.0000,0.0000,0.0203,0.0485,0.0491,-0.0009,0.9976,1.542,,,,,,,
36,Left,25,0.0002,0.0012,0.0219,0.0000,0.0000,0.0000,1.0000,1.542,,,,,,,
36,Right,0,-0.0025,-0.0052,0.0651,0.0000,0.0000,0.0000,1.0000,1.542,,,,,,,
36,Right,1,0.0000,0.0000,0.0000,0.0000,0.0000,0.0000,1.0000,1.542,0.1020,0.1337,-0.0168,0.1582,0.0324,-0.7957,0.5838
36,Right,2,-0.0296,-0.0171,0.0350,-0.1180,-0.2991,0.5732,0.7537,1.542,,,,,,,
36,Right,3,0.0000,0.0000,0.0325,0.0931,0.0621,-0.0830,0.9902,1.542,,,,,,,
36,Right,4,0.0000,0.0000,0.0338,0.1692,-0.0455,0.0772,0.9815,1.542,,,,,,,
36,Right,5,0.0007,0.0010,0.0246,0.0000,0.0000,0.0000,1.0000,1.542,,,,,,,
36,Right,6,-0.0195,-0.0100,0.0367,0.0000,0.0000,0.0000,1.0000,1.542,,,,,,,
36,Right,7,-0.0040,0.0027,0.0593,0.1432,0.0814,0.0263,0.9860,1.542,,,,,,,
36,Right,8,0.0000,0.0000,0.0379,0.1577,0.0030,-0.0263,0.9871,1.542,,,,,,,
36,Right,9,0.0000,0.0000,0.0243,0.0765,0.0247,-0.0168,0.9966,1.542,,,,,,,
36,Right,10,0.0003,0.0010,0.0224,0.0000,0.0000,0.0000,1.0000,1.542,,,,,,,
36,Right,11,-0.0033,-0.0079,0.0345,0.0000,0.0000,0.0000,1.0000,1.542,,,,,,,
36,Right,12,0.0016,0.0054,0.0611,0.1855,0.1064,-0.0233,0.9766,1.542,,,,,,,
36,Right,13,0.0000,0.0000,0.0429,0.1528,0.0026,-0.0121,0.9882,1.542,,,,,,,
36,Right,14,0.0000,0.0000,0.0275,0.0309,-0.0008,-0.0466,0.9984,1.542,,,,,,,
36,Right,15,0.0003,0.0011,0.0250,0.0000,0.0000,0.0000,1.0000,1.542,,,,,,,
36,Right,16,0.0150,-0.0060,0.0348,0.0000,0.0000,0.0000,1.0000,1.542,,,,,,,
36,Right,17,0.0025,-0.0005,0.0539,0.1758,0.1179,-0.0677,0.9750,1.542,,,,,,,
36,Right,18,0.0000,0.0000,0.0390,0.1510,-0.0021,-0.0369,0.9878,1.542,,,,,,,
36,Right,19,0.0000,0.0000,0.0266,0.0731,-0.0296,-0.0081,0.9969,1.542,,,,,,,
36,Right,20,0.0003,0.0016,0.0243,0.0000,0.0000,0.0000,1.0000,1.542,,,,,,,
36,Right,21,0.0230,-0.0094,0.0341,0.0183,0.1403,-0.2070,0.9680,1.542,,,,,,,
36,Right,22,0.0000,0.0000,0.0457,0.0730,0.0107,0.0884,0.9933,1.542,,,,,,,
36,Right,23,0.0000,0.0000,0.0307,0.1755,0.0349,-0.0536,0.9824,1.542,,,,,,,
36,Right,24,0.0000,0.0000,0.0203,0.0315,-0.0491,0.0008,0.9983,1.542,,,,,,,
36,Right,25,-0.0002,0.0012,0.0219,0.0000,0.0000,0.0000,1.0000,1.542,,,,,,,
37,Left,0,0.0025,-0.0052,0.0651,0.0000,0.0000,0.0000,1.0000,1.583,,,,,,,
37,Left,1,0.0000,0.0000,0.0000,0.0000,0.0000,0.0000,1.0000,1.583,-0.0653,0.1233,-0.0556,0.0618,0.2068,-0.6693,-0.7110
37,Left,2,0.0297,-0.0170,0.0349,-0.1596,0.2434,-0.5564,0.7783,1.583,,,,,,,
37,Left,3,0.0000,0.0000,0.0325,0.0909,-0.0623,0.0831,0.9904,1.583,,,,,,,
37,Left,4,0.0000,0.0000,0.0338,-0.0657,0.0656,-0.0836,0.9922,1.583,,,,,,,
37,Left,5,-0.0007,0.0010,0.0246,0.0000,0.0000,0.0000,1.0000,1.583,,,,,,,
37,Left,6,0.0195,-0.0100,0.0367,0.0000,0.0000,0.0000,1.0000,1.583,,,,,,,
37,Left,7,0.0040,0.0026,0.0593,0.1020,-0.0182,-0.0315,0.9941,1.583,,,,,,,
37,Left,8,0.0000,0.0000,0.0379,0.2621,-0.0002,0.0263,0.9647,1.583,,,,,,,
37,Left,9,0.0000,0.0000,0.0243,0.1112,-0.0240,0.0169,0.9934,1.583,,,,,,,
37,Left,10,-0.0003,0.0010,0.0224,0.0000,0.0000,0.0000,1.0000,1.583,,,,,,,
37,Left,11,0.0033,-0.0079,0.0345,0.0000,0.0000,0.0000,1.0000,1.583,,,,,,,
37,Left,12,-0.0016,0.0053,0.0611,0.1426,-0.0655,0.0147,0.9875,1.583,,,,,,,
37,Left,13,0.0000,0.0000,0.0429,0.2536,-0.0014,0.0125,0.9672,1.583,,,,,,,
37,Left,14,0.0000,0.0000,0.0275,0.0763,0.0028,0.0510,0.9958,1.583,,,,,,,
37,Left,15,-0.0003,0.0011,0.0250,0.0000,0.0000,0.0000,1.0000,1.583,,,,,,,
37,Left,16,-0.0150,-0.0060,0.0348,0.0000,0.0000,0.0000,1.0000,1.583,,,,,,,
37,Left,17,-0.0025,-0.0005,0.0539,0.1398,-0.0892,0.0610,0.9843,1.583,,,,,,,
37,Left,18,0.0000,0.0000,0.0390,0.2086,0.0041,0.0380,0.9772,1.583,,,,,,,
37,Left,19,0.0000,0.0000,0.0266,0.0940,0.0296,0.0090,0.9951,1.583,,,,,,,
37,Left,20,-0.0003,0.0016,0.0243,0.0000,0.0000,0.0000,1.0000,1.583,,,,,,,
37,Left,21,-0.0230,-0.0094,0.0341,0.0183,-0.1403,0.2070,0.9680,1.583,,,,,,,
37,Left,22,0.0000,0.0000,0.0457,0.1117,0.0122,-0.0887,0.9897,1.583,,,,,,,
37,Left,23,0.0000,0.0000,0.0307,0.1801,-0.0347,0.0539,0.9816,1.583,,,,,,,
37,Left,24,0.0000,0.0000,0.0203,0.0487,0.0491,-0.0009,0.9976,1.583,,,,,,,
37,Left,25,0.0002,0.0012,0.0219,0.0000,0.0000,0.0000,1.0000,1.583,,,,,,,
37,Right,0,-0.0026,-0.0052,0.0650,0.0000,0.0000,0.0000,1.0000,1.583,,,,,,,
37,Right,1,0.0000,0.0000,0.0000,0.0000,0.0000,0.0000,1.0000,1.583,0.1024,0.1332,-0.0119,0.1618,0.0287,-0.7944,0.5847
37,Right,2,-0.0299,-0.0167,0.0348,-0.1196,-0.3088,0.5671,0.7542,1.583,,,,,,,
37,Right,3,0.0000,0.0000,0.0325,0.0989,0.0616,-0.0830,0.9897,1.583,,,,,,,
37,Right,4,0.0000,0.0000,0.0338,0.1839,-0.0441,0.0767,0.9790,1.583,,,,,,,
37,Right,5,0.0007,0.0010,0.0246,0.0000,0.0000,0.0000,1.0000,1.583,,,,,,,
37,Right,6,-0.0196,-0.0098,0.0366,0.0000,0.0000,0.0000,1.0000,1.583,,,,,,,
37,Right,7,-0.0039,0.0025,0.0594,0.1441,0.0816,0.0262,0.9858,1.583,,,,,,,
37,Right,8,0.0000,0.0000,0.0379,0.1591,0.0030,-0.0263,0.9869,1.583,,,,,,,
37,Right,9,0.0000,0.0000,0.0243,0.0786,0.0247,-0.0168,0.9965,1.583,,,,,,,
37,Right,10,0.0003,0.0010,0.0224,0.0000,0.0000,0.0000,1.0000,1.583,,,,,,,
37,Right,11,-0.0034,-0.0078,0.0344,0.0000,0.0000,0.0000,1.0000,1.583,,,,,,,
37,Right,12,0.0017,0.0052,0.0612,0.1866,0.1074,-0.0236,0.9763,1.583,,,,,,,
37,Right,13,0.0000,0.0000,0.0429,0.1533,0.0026,-0.0121,0.9881,1.583,,,,,,,
37,Right,14,0.0000,0.0000,0.0275,0.0315,-0.0008,-0.0467,0.9984,1.583,,,,,,,
37,Right,15,0.0003,0.0011,0.0250,0.0000,0.0000,0.0000,1.0000,1.583,,,,,,,
37,Right,16,0.0150,-0.0060,0.0348,0.0000,0.0000,0.0000,1.0000,1.583,,,,,,,
37,Right,17,0.0025,-0.0005,0.0539,0.1775,0.1198,-0.0681,0.9744,1.583,,,,,,,
37,Right,18,0.0000,0.0000,0.0390,0.1512,-0.0021,-0.0369,0.9878,1.583,,,,,,,
37,Right,19,0.0000,0.0000,0.0266,0.0739,-0.0296,-0.0081,0.9968,1.583,,,,,,,
37,Right,20,0.0003,0.0016,0.0243,0.0000,0.0000,0.0000,1.0000,1.583,,,,,,,
37,Right,21,0.0230,-0.0094,0.0341,0.0183,0.1403,-0.2070,0.9680,1.583,,,,,,,
37,Right,22,0.0000,0.0000,0.0457,0.0741,0.0126,0.0882,0.9933,1.583,,,,,,,
37,Right,23,0.0000,0.0000,0.0307,0.1761,0.0349,-0.0536,0.9823,1.583,,,,,,,
37,Right,24,0.0000,0.0000,0.0203,0.0318,-0.0491,0.0008,0.9983,1.583,,,,,,,
37,Right,25,-0.0002,0.0012,0.0219,0.0000,0.0000,0.0000,1.0000,1.583,,,,,,,
38,Left,0,0.0025,-0.0052,0.0651,0.0000,0.0000,0.0000,1.0000,1.625,,,,,,,
38,Left,1,0.0000,0.0000,0.0000,0.0000,0.0000,0.0000,1.0000,1.625,-0.0633,0.1225,-0.0571,0.0717,0.2112,-0.6653,-0.7125
38,Left,2,0.0296,-0.0170,0.0350,-0.1597,0.2419,-0.5571,0.7782,1.625,,,,,,,
38,Left,3,0.0000,0.0000,0.0325,0.0922,-0.0622,0.0830,0.9903,1.625,,,,,,,
38,Left,4,0.0000,0.0000,0.0338,-0.0671,0.0657,-0.0837,0.9921,1.625,,,,,,,
38,Left,5,-0.0007,0.0010,0.0246,0.0000,0.0000,0.0000,1.0000,1.625,,,,,,,
38,Left,6,0.0195,-0.0100,0.0367,0.0000,0.0000,0.0000,1.0000,1.625,,,,,,,
38,Left,7,0.0040,0.0027,0.0593,0.1030,-0.0207,-0.0314,0.9940,1.625,,,,,,,
38,Left,8,0.0000,0.0000,0.0379,0.2584,-0.0003,0.0263,0.9657,1.625,,,,,,,
38,Left,9,0.0000,0.0000,0.0243,0.1101,-0.0241,0.0169,0.9935,1.625,,,,,,,
38,Left,10,-0.0003,0.0010,0.0224,0.0000,0.0000,0.0000,1.0000,1.625,,,,,,,
38,Left,11,0.0033,-0.0079,0.0345,0.0000,0.0000,0.0000,1.0000,1.625,,,,,,,
38,Left,12,-0.0016,0.0053,0.0611,0.1446,-0.0663,0.0149,0.9872,1.625,,,,,,,
38,Left,13,0.0000,0.0000,0.0429,0.2498,-0.0014,0.0125,0.9682,1.625,,,,,,,
38,Left,14,0.0000,0.0000,0.0275,0.0749,0.0027,0.0508,0.9959,1.625,,,,,,,
38,Left,15,-0.0003,0.0011,0.0250,0.0000,0.0000,0.0000,1.0000,1.625,,,,,,,
38,Left,16,-0.0150,-0.0060,0.0348,0.0000,0.0000,0.0000,1.0000,1.625,,,,,,,
38,Left,17,-0.0025,-0.0005,0.0539,0.1412,-0.0900,0.0612,0.9840,1.625,,,,,,,
38,Left,18,0.0000,0.0000,0.0390,0.2074,0.0040,0.0380,0.9775,1.625,,,,,,,
38,Left,19,0.0000,0.0000,0.0266,0.0931,0.0296,0.0090,0.9952,1.625,,,,,,,
38,Left,20,-0.0003,0.0016,0.0243,0.0000,0.0000,0.0000,1.0000,1.625,,,,,,,
38,Left,21,-0.0230,-0.0094,0.0341,0.0183,-0.1403,0.2070,0.9680,1.625,,,,,,,
38,Left,22,0.0000,0.0000,0.0457,0.1150,0.0111,-0.0885,0.9894,1.625,,,,,,,
38,Left,23,0.0000,0.0000,0.0307,0.1811,-0.0347,0.0540,0.9814,1.625,,,,,,,
38,Left,24,0.0000,0.0000,0.0203,0.0486,0.0491,-0.0009,0.9976,1.625,,,,,,,
38,Left,25,0.0002,0.0012,0.0219,0.0000,0.0000,0.0000,1.0000,1.625,,,,,,,
38,Right,0,-0.0026,-0.0051,0.0650,0.0000,0.0000,0.0000,1.0000,1.625,,,,,,,
38,Right,1,0.0000,0.0000,0.0000,0.0000,0.0000,0.0000,1.0000,1.625,0.1037,0.1328,-0.0076,0.1689,0.0249,-0.7947,0.5824
38,Right,2,-0.0301,-0.0163,0.0346,-0.1193,-0.3182,0.5631,0.7533,1.625,,,,,,,
38,Right,3,0.0000,0.0000,0.0325,0.1056,0.0610,-0.0830,0.9891,1.625,,,,,,,
38,Right,4,0.0000,0.0000,0.0338,0.1924,-0.0433,0.0763,0.9774,1.625,,,,,,,
38,Right,5,0.0007,0.0010,0.0246,0.0000,0.0000,0.0000,1.0000,1.625,,,,,,,
38,Right,6,-0.0197,-0.0096,0.0365,0.0000,0.0000,0.0000,1.0000,1.625,,,,,,,
38,Right,7,-0.0038,0.0023,0.0595,0.1455,0.0816,0.0261,0.9856,1.625,,,,,,,
38,Right,8,0.0000,0.0000,0.0379,0.1607,0.0030,-0.0263,0.9866,1.625,,,,,,,
38,Right,9,0.0000,0.0000,0.0243,0.0802,0.0246,-0.0168,0.9963,1.625,,,,,,,
38,Right,10,0.0003,0.0010,0.0224,0.0000,0.0000,0.0000,1.0000,1.625,,,,,,,
38,Right,11,-0.0035,-0.0077,0.0343,0.0000,0.0000,0.0000,1.0000,1.625,,,,,,,
38,Right,12,0.0018,0.0052,0.0613,0.1916,0.1079,-0.0242,0.9752,1.625,,,,,,,
38,Right,13,0.0000,0.0000,0.0429,0.1533,0.0026,-0.0121,0.9881,1.625,,,,,,,
38,Right,14,0.0000,0.0000,0.0275,0.0317,-0.0008,-0.0467,0.9984,1.625,,,,,,,
38,Right,15,0.0003,0.0011,0.0250,0.0000,0.0000,0.0000,1.0000,1.625,,,,,,,
38,Right,16,0.0150,-0.0060,0.0348,0.0000,0.0000,0.0000,1.0000,1.625,,,,,,,
38,Right,17,0.0025,-0.0005,0.0539,0.1840,0.1209,-0.0690,0.9730,1.625,,,,,,,
38,Right,18,0.0000,0.0000,0.0390,0.1508,-0.0021,-0.0369,0.9879,1.625,,,,,,,
38,Right,19,0.0000,0.0000,0.0266,0.0743,-0.0296,-0.0081,0.9968,1.625,,,,,,,
38,Right,20,0.0003,0.0016,0.0243,0.0000,0.0000,0.0000,1.0000,1.625,,,,,,,
38,Right,21,0.0230,-0.0094,0.0341,0.0183,0.1403,-0.2070,0.9680,1.625,,,,,,,
38,Right,22,0.0000,0.0000,0.0457,0.0758,0.0144,0.0880,0.9931,1.625,,,,,,,
38,Right,23,0.0000,0.0000,0.0307,0.1762,0.0349,-0.0536,0.9823,1.625,,,,,,,
38,Right,24,0.0000,0.0000,0.0203,0.0320,-0.0491,0.0008,0.9983,1.625,,,,,,,
38,Right,25,-0.0002,0.0012,0.0219,0.0000,0.0000,0.0000,1.0000,1.625,,,,,,,
39,Left,0,0.0025,-0.0052,0.0651,0.0000,0.0000,0.0000,1.0000,1.666,,,,,,,
39,Left,1,0.0000,0.0000,0.0000,0.0000,0.0000,0.0000,1.0000,1.666,-0.0613,0.1212,-0.0584,0.0816,0.2140,-0.6617,-0.7139
39,Left,2,0.0294,-0.0173,0.0351,-0.1587,0.2361,-0.5614,0.7771,1.666,,,,,,,
39,Left,3,0.0000,0.0000,0.0325,0.0934,-0.0621,0.0830,0.9902,1.666,,,,,,,
39,Left,4,0.0000,0.0000,0.0338,-0.0685,0.0658,-0.0837,0.9920,1.666,,,,,,,
39,Left,5,-0.0007,0.0010,0.0246,0.0000,0.0000,0.0000,1.0000,1.666,,,,,,,
39,Left,6,0.0194,-0.0101,0.0367,0.0000,0.0000,0.0000,1.0000,1.666,,,,,,,
39,Left,7,0.0041,0.0028,0.0592,0.1037,-0.0265,-0.0311,0.9938,1.666,,,,,,,
39,Left,8,0.0000,0.0000,0.0379,0.2552,-0.0004,0.0263,0.9665,1.666,,,,,,,
39,Left,9,0.0000,0.0000,0.0243,0.1087,-0.0241,0.0169,0.9936,1.666,,,,,,,
39,Left,10,-0.0003,0.0010,0.0224,0.0000,0.0000,0.0000,1.0000,1.666,,,,,,,
39,Left,11,0.0032,-0.0080,0.0346,0.0000,0.0000,0.0000,1.0000,1.666,,,,,,,
39,Left,12,-0.0015,0.0054,0.0611,0.1487,-0.0673,0.0153,0.9865,1.666,,,,,,,
39,Left,13,0.0000,0.0000,0.0429,0.2462,-0.0015,0.0125,0.9691,1.666,,,,,,,
39,Left,14,0.0000,0.0000,0.0275,0.0724,0.0026,0.0506,0.9961,1.666,,,,,,,
39,Left,15,-0.0003,0.0011,0.0250,0.0000,0.0000,0.0000,1.0000,1.666,,,,,,,
39,Left,16,-0.0150,-0.0060,0.0348,0.0000,0.0000,0.0000,1.0000,1.666,,,,,,,
39,Left,17,-0.0025,-0.0005,0.0539,0.1438,-0.0907,0.0614,0.9835,1.666,,,,,,,
39,Left,18,0.0000,0.0000,0.0390,0.2060,0.0040,0.0380,0.9778,1.666,,,,,,,
39,Left,19,0.0000,0.0000,0.0266,0.0920,0.0296,0.0089,0.9953,1.666,,,,,,,
39,Left,20,-0.0003,0.0016,0.0243,0.0000,0.0000,0.0000,1.0000,1.666,,,,,,,
39,Left,21,-0.0230,-0.0094,0.0341,0.0183,-0.1403,0.2070,0.9680,1.666,,,,,,,
39,Left,22,0.0000,0.0000,0.0457,0.1203,0.0100,-0.0882,0.9888,1.666,,,,,,,
39,Left,23,0.0000,0.0000,0.0307,0.1824,-0.0346,0.0541,0.9811,1.666,,,,,,,
39,Left,24,0.0000,0.0000,0.0203,0.0482,0.0491,-0.0009,0.9976,1.666,,,,,,,
39,Left,25,0.0002,0.0012,0.0219,0.0000,0.0000,0.0000,1.0000,1.666,,,,,,,
39,Right,0,-0.0027,-0.0051,0.0650,0.0000,0.0000,0.0000,1.0000,1.666,,,,,,,
39,Right,1,0.0000,0.0000,0.0000,0.0000,0.0000,0.0000,1.0000,1.666,0.1071,0.1324,-0.0026,0.1779,0.0175,-0.7953,0.5793
39,Right,2,-0.0302,-0.0162,0.0345,-0.1190,-0.3230,0.5611,0.7527,1.666,,,,,,,
39,Right,3,0.0000,0.0000,0.0325,0.1127,0.0604,-0.0829,0.9883,1.666,,,,,,,
39,Right,4,0.0000,0.0000,0.0338,0.1987,-0.0428,0.0761,0.9762,1.666,,,,,,,
39,Right,5,0.0007,0.0010,0.0246,0.0000,0.0000,0.0000,1.0000,1.666,,,,,,,
39,Right,6,-0.0198,-0.0096,0.0365,0.0000,0.0000,0.0000,1.0000,1.666,,,,,,,
39,Right,7,-0.0038,0.0022,0.0595,0.1479,0.0815,0.0260,0.9853,1.666,,,,,,,
39,Right,8,0.0000,0.0000,0.0379,0.1662,0.0028,-0.0263,0.9857,1.666,,,,,,,
39,Right,9,0.0000,0.0000,0.0243,0.0821,0.0246,-0.0168,0.9962,1.666,,,,,,,
39,Right,10,0.0003,0.0010,0.0224,0.0000,0.0000,0.0000,1.0000,1.666,,,,,,,
39,Right,11,-0.0036,-0.0077,0.0343,0.0000,0.0000,0.0000,1.0000,1.666,,,,,,,
39,Right,12,0.0019,0.0051,0.0613,0.2042,0.1080,-0.0256,0.9726,1.666,,,,,,,
39,Right,13,0.0000,0.0000,0.0429,0.1533,0.0026,-0.0121,0.9881,1.666,,,,,,,
39,Right,14,0.0000,0.0000,0.0275,0.0318,-0.0008,-0.0467,0.9984,1.666,,,,,,,
39,Right,15,0.0003,0.0011,0.0250,0.0000,0.0000,0.0000,1.0000,1.666,,,,,,,
39,Right,16,0.0150,-0.0060,0.0348,0.0000,0.0000,0.0000,1.0000,1.666,,,,,,,
39,Right,17,0.0025,-0.0005,0.0539,0.1965,0.1212,-0.0706,0.9704,1.666,,,,,,,
39,Right,18,0.0000,0.0000,0.0390,0.1502,-0.0021,-0.0369,0.9880,1.666,,,,,,,
39,Right,19,0.0000,0.0000,0.0266,0.0747,-0.0296,-0.0081,0.9967,1.666,,,,,,,
39,Right,20,0.0003,0.0016,0.0243,0.0000,0.0000,0.0000,1.0000,1.666,,,,,,,
39,Right,21,0.0230,-0.0094,0.0341,0.0183,0.1403,-0.2070,0.9680,1.666,,,,,,,
39,Right,22,0.0000,0.0000,0.0457,0.0871,0.0167,0.0872,0.9922,1.666,,,,,,,
39,Right,23,0.0000,0.0000,0.0307,0.1762,0.0349,-0.0536,0.9823,1.666,,,,,,,
39,Right,24,0.0000,0.0000,0.0203,0.0322,-0.0491,0.0008,0.9983,1.666,,,,,,,
39,Right,25,-0.0002,0.0012,0.0219,0.0000,0.0000,0.0000,1.0000,1.666,,,,,,,
40,Left,0,0.0024,-0.0053,0.0652,0.0000,0.0000,0.0000,1.0000,1.708,,,,,,,
40,Left,1,0.0000,0.0000,0.0000,0.0000,0.0000,0.0000,1.0000,1.708,-0.0587,0.1206,-0.0597,0.0940,0.2180,-0.6570,-0.7155
40,Left,2,0.0292,-0.0176,0.0352,-0.1577,0.2296,-0.5661,0.7759,1.708,,,,,,,
40,Left,3,0.0000,0.0000,0.0325,0.0948,-0.0620,0.0830,0.9901,1.708,,,,,,,
40,Left,4,0.0000,0.0000,0.0338,-0.0696,0.0659,-0.0837,0.9919,1.708,,,,,,,
40,Left,5,-0.0007,0.0010,0.0246,0.0000,0.0000,0.0000,1.0000,1.708,,,,,,,
40,Left,6,0.0193,-0.0103,0.0368,0.0000,0.0000,0.0000,1.0000,1.708,,,,,,,
40,Left,7,0.0042,0.0030,0.0592,0.1040,-0.0345,-0.0307,0.9935,1.708,,,,,,,
40,Left,8,0.0000,0.0000,0.0379,0.2535,-0.0004,0.0263,0.9670,1.708,,,,,,,
40,Left,9,0.0000,0.0000,0.0243,0.1071,-0.0241,0.0169,0.9938,1.708,,,,,,,
40,Left,10,-0.0003,0.0010,0.0224,0.0000,0.0000,0.0000,1.0000,1.708,,,,,,,
40,Left,11,0.0031,-0.0080,0.0347,0.0000,0.0000,0.0000,1.0000,1.708,,,,,,,
40,Left,12,-0.0014,0.0055,0.0610,0.1512,-0.0685,0.0156,0.9860,1.708,,,,,,,
40,Left,13,0.0000,0.0000,0.0429,0.2437,-0.0015,0.0125,0.9698,1.708,,,,,,,
40,Left,14,0.0000,0.0000,0.0275,0.0681,0.0024,0.0502,0.9964,1.708,,,,,,,
40,Left,15,-0.0003,0.0011,0.0250,0.0000,0.0000,0.0000,1.0000,1.708,,,,,,,
40,Left,16,-0.0150,-0.0060,0.0348,0.0000,0.0000,0.0000,1.0000,1.708,,,,,,,
40,Left,17,-0.0025,-0.0005,0.0539,0.1474,-0.0913,0.0618,0.9829,1.708,,,,,,,
40,Left,18,0.0000,0.0000,0.0390,0.2046,0.0039,0.0380,0.9781,1.708,,,,,,,
40,Left,19,0.0000,0.0000,0.0266,0.0904,0.0296,0.0089,0.9954,1.708,,,,,,,
40,Left,20,-0.0003,0.0016,0.0243,0.0000,0.0000,0.0000,1.0000,1.708,,,,,,,
40,Left,21,-0.0230,-0.0094,0.0341,0.0183,-0.1403,0.2070,0.9680,1.708,,,,,,,
40,Left,22,0.0000,0.0000,0.0457,0.1291,0.0090,-0.0879,0.9877,1.708,,,,,,,
40,Left,23,0.0000,0.0000,0.0307,0.1836,-0.0345,0.0542,0.9809,1.708,,,,,,,
40,Left,24,0.0000,0.0000,0.0203,0.0477,0.0491,-0.0009,0.9977,1.708,,,,,,,
40,Left,25,0.0002,0.0012,0.0219,0.0000,0.0000,0.0000,1.0000,1.708,,,,,,,
40,Right,0,-0.0027,-0.0051,0.0650,0.0000,0.0000,0.0000,1.0000,1.708,,,,,,,
40,Right,1,0.0000,0.0000,0.0000,0.0000,0.0000,0.0000,1.0000,1.708,0.1089,0.1325,0.0011,0.1862,0.0086,-0.7938,0.5789
40,Right,2,-0.0302,-0.0161,0.0345,-0.1197,-0.3252,0.5595,0.7529,1.708,,,,,,,
40,Right,3,0.0000,0.0000,0.0325,0.1221,0.0595,-0.0828,0.9873,1.708,,,,,,,
40,Right,4,0.0000,0.0000,0.0338,0.2015,-0.0425,0.0760,0.9756,1.708,,,,,,,
40,Right,5,0.0007,0.0010,0.0246,0.0000,0.0000,0.0000,1.0000,1.708,,,,,,,
40,Right,6,-0.0198,-0.0095,0.0364,0.0000,0.0000,0.0000,1.0000,1.708,,,,,,,
40,Right,7,-0.0037,0.0022,0.0595,0.1579,0.0815,0.0255,0.9838,1.708,,,,,,,
40,Right,8,0.0000,0.0000,0.0379,0.1678,0.0028,-0.0263,0.9855,1.708,,,,,,,
40,Right,9,0.0000,0.0000,0.0243,0.0835,0.0246,-0.0168,0.9961,1.708,,,,,,,
40,Right,10,0.0003,0.0010,0.0224,0.0000,0.0000,0.0000,1.0000,1.708,,,,,,,
40,Right,11,-0.0036,-0.0076,0.0343,0.0000,0.0000,0.0000,1.0000,1.708,,,,,,,
40,Right,12,0.0019,0.0051,0.0614,0.2224,0.1077,-0.0276,0.9686,1.708,,,,,,,
40,Right,13,0.0000,0.0000,0.0429,0.1525,0.0026,-0.0121,0.9882,1.708,,,,,,,
40,Right,14,0.0000,0.0000,0.0275,0.0316,-0.0008,-0.0467,0.9984,1.708,,,,,,,
40,Right,15,0.0003,0.0011,0.0250,0.0000,0.0000,0.0000,1.0000,1.708,,,,,,,
40,Right,16,0.0150,-0.0060,0.0348,0.0000,0.0000,0.0000,1.0000,1.708,,,,,,,
40,Right,17,0.0025,-0.0005,0.0539,0.2167,0.1207,-0.0731,0.9660,1.708,,,,,,,
40,Right,18,0.0000,0.0000,0.0390,0.1487,-0.0020,-0.0369,0.9882,1.708,,,,,,,
40,Right,19,0.0000,0.0000,0.0266,0.0747,-0.0296,-0.0081,0.9967,1.708,,,,,,,
40,Right,20,0.0003,0.0016,0.0243,0.0000,0.0000,0.0000,1.0000,1.708,,,,,,,
40,Right,21,0.0230,-0.0094,0.0341,0.0183,0.1403,-0.2070,0.9680,1.708,,,,,,,
40,Right,22,0.0000,0.0000,0.0457,0.1105,0.0195,0.0856,0.9900,1.708,,,,,,,
40,Right,23,0.0000,0.0000,0.0307,0.1755,0.0349,-0.0536,0.9824,1.708,,,,,,,
40,Right,24,0.0000,0.0000,0.0203,0.0324,-0.0491,0.0008,0.9983,1.708,,,,,,,
40,Right,25,-0.0002,0.0012,0.0219,0.0000,0.0000,0.0000,1.0000,1.708,,,,,,,
41,Left,0,0.0024,-0.0053,0.0652,0.0000,0.0000,0.0000,1.0000,1.750,,,,,,,
41,Left,1,0.0000,0.0000,0.0000,0.0000,0.0000,0.0000,1.0000,1.750,-0.0555,0.1201,-0.0612,0.1080,0.2240,-0.6490,-0.7190
41,Left,2,0.0291,-0.0178,0.0353,-0.1572,0.2250,-0.5692,0.7750,1.750,,,,,,,
41,Left,3,0.0000,0.0000,0.0325,0.0961,-0.0619,0.0830,0.9900,1.750,,,,,,,
41,Left,4,0.0000,0.0000,0.0338,-0.0704,0.0660,-0.0837,0.9918,1.750,,,,,,,
41,Left,5,-0.0007,0.0010,0.0246,0.0000,0.0000,0.0000,1.0000,1.750,,,,,,,
41,Left,6,0.0193,-0.0104,0.0369,0.0000,0.0000,0.0000,1.0000,1.750,,,,,,,
41,Left,7,0.0043,0.0031,0.0591,0.1040,-0.0400,-0.0304,0.9933,1.750,,,,,,,
41,Left,8,0.0000,0.0000,0.0379,0.2504,-0.0005,0.0263,0.9678,1.750,,,,,,,
41,Left,9,0.0000,0.0000,0.0243,0.1054,-0.0242,0.0169,0.9940,1.750,,,,,,,
41,Left,10,-0.0003,0.0010,0.0224,0.0000,0.0000,0.0000,1.0000,1.750,,,,,,,
41,Left,11,0.0030,-0.0081,0.0347,0.0000,0.0000,0.0000,1.0000,1.750,,,,,,,
41,Left,12,-0.0013,0.0055,0.0609,0.1527,-0.0698,0.0158,0.9857,1.750,,,,,,,
41,Left,13,0.0000,0.0000,0.0429,0.2414,-0.0015,0.0125,0.9703,1.750,,,,,,,
41,Left,14,0.0000,0.0000,0.0275,0.0641,0.0022,0.0498,0.9967,1.750,,,,,,,
41,Left,15,-0.0003,0.0011,0.0250,0.0000,0.0000,0.0000,1.0000,1.750,,,,,,,
41,Left,16,-0.0150,-0.0060,0.0348,0.0000,0.0000,0.0000,1.0000,1.750,,,,,,,
41,Left,17,-0.0025,-0.0005,0.0539,0.1497,-0.0920,0.0621,0.9825,1.750,,,,,,,
41,Left,18,0.0000,0.0000,0.0390,0.2031,0.0039,0.0379,0.9784,1.750,,,,,,,
41,Left,19,0.0000,0.0000,0.0266,0.0887,0.0296,0.0088,0.9956,1.750,,,,,,,
41,Left,20,-0.0003,0.0016,0.0243,0.0000,0.0000,0.0000,1.0000,1.750,,,,,,,
41,Left,21,-0.0230,-0.0094,0.0341,0.0183,-0.1403,0.2070,0.9680,1.750,,,,,,,
41,Left,22,0.0000,0.0000,0.0457,0.1365,0.0082,-0.0876,0.9867,1.750,,,,,,,
41,Left,23,0.0000,0.0000,0.0307,0.1847,-0.0345,0.0543,0.9807,1.750,,,,,,,
41,Left,24,0.0000,0.0000,0.0203,0.0470,0.0491,-0.0009,0.9977,1.750,,,,,,,
41,Left,25,0.0002,0.0012,0.0219,0.0000,0.0000,0.0000,1.0000,1.750,,,,,,,
41,Right,0,-0.0027,-0.0051,0.0649,0.0000,0.0000,0.0000,1.0000,1.750,,,,,,,
41,Right,1,0.0000,0.0000,0.0000,0.0000,0.0000,0.0000,1.0000,1.750,0.1103,0.1345,0.0040,0.1932,-0.0012,-0.7923,0.5787
41,Right,2,-0.0303,-0.0159,0.0344,-0.1214,-0.3269,0.5571,0.7537,1.750,,,,,,,
41,Right,3,0.0000,0.0000,0.0325,0.1306,0.0587,-0.0828,0.9862,1.750,,,,,,,
41,Right,4,0.0000,0.0000,0.0338,0.2031,-0.0423,0.0759,0.9753,1.750,,,,,,,
41,Right,5,0.0007,0.0010,0.0246,0.0000,0.0000,0.0000,1.0000,1.750,,,,,,,
41,Right,6,-0.0199,-0.0094,0.0364,0.0000,0.0000,0.0000,1.0000,1.750,,,,,,,
41,Right,7,-0.0037,0.0021,0.0596,0.1748,0.0817,0.0247,0.9809,1.750,,,,,,,
41,Right,8,0.0000,0.0000,0.0379,0.1692,0.0027,-0.0263,0.9852,1.750,,,,,,,
41,Right,9,0.0000,0.0000,0.0243,0.0845,0.0245,-0.0168,0.9960,1.750,,,,,,,
41,Right,10,0.0003,0.0010,0.0224,0.0000,0.0000,0.0000,1.0000,1.750,,,,,,,
41,Right,11,-0.0037,-0.0076,0.0343,0.0000,0.0000,0.0000,1.0000,1.750,,,,,,,
41,Right,12,0.0019,0.0051,0.0614,0.2415,0.1072,-0.0296,0.9640,1.750,,,,,,,
41,Right,13,0.0000,0.0000,0.0429,0.1516,0.0026,-0.0121,0.9884,1.750,,,,,,,
41,Right,14,0.0000,0.0000,0.0275,0.0312,-0.0008,-0.0467,0.9984,1.750,,,,,,,
41,Right,15,0.0003,0.0011,0.0250,0.0000,0.0000,0.0000,1.0000,1.750,,,,,,,
41,Right,16,0.0150,-0.0060,0.0348,0.0000,0.0000,0.0000,1.0000,1.750,,,,,,,
41,Right,17,0.0025,-0.0005,0.0539,0.2339,0.1201,-0.0753,0.9619,1.750,,,,,,,
41,Right,18,0.0000,0.0000,0.0390,0.1456,-0.0019,-0.0368,0.9887,1.750,,,,,,,
41,Right,19,0.0000,0.0000,0.0266,0.0746,-0.0296,-0.0081,0.9967,1.750,,,,,,,
41,Right,20,0.0003,0.0016,0.0243,0.0000,0.0000,0.0000,1.0000,1.750,,,,,,,
41,Right,21,0.0230,-0.0094,0.0341,0.0183,0.1403,-0.2070,0.9680,1.750,,,,,,,
41,Right,22,0.0000,0.0000,0.0457,0.1283,0.0216,0.0843,0.9879,1.750,,,,,,,
41,Right,23,0.0000,0.0000,0.0307,0.1744,0.0350,-0.0535,0.9826,1.750,,,,,,,
41,Right,24,0.0000,0.0000,0.0203,0.0326,-0.0491,0.0008,0.9983,1.750,,,,,,,
41,Right,25,-0.0002,0.0012,0.0219,0.0000,0.0000,0.0000,1.0000,1.750,,,,,,,
42,Left,0,0.0024,-0.0053,0.0652,0.0000,0.0000,0.0000,1.0000,1.791,,,,,,,
42,Left,1,0.0000,0.0000,0.0000,0.0000,0.0000,0.0000,1.0000,1.791,-0.0511,0.1203,-0.0630,0.1175,0.2310,-0.6429,-0.7207
42,Left,2,0.0290,-0.0179,0.0354,-0.1572,0.2227,-0.5706,0.7747,1.791,,,,,,,
42,Left,3,0.0000,0.0000,0.0325,0.0972,-0.0618,0.0830,0.9899,1.791,,,,,,,
42,Left,4,0.0000,0.0000,0.0338,-0.0710,0.0660,-0.0837,0.9918,1.791,,,,,,,
42,Left,5,-0.0007,0.0010,0.0246,0.0000,0.0000,0.0000,1.0000,1.791,,,,,,,
42,Left,6,0.0192,-0.0104,0.0369,0.0000,0.0000,0.0000,1.0000,1.791,,,,,,,
42,Left,7,0.0043,0.0031,0.0591,0.1043,-0.0429,-0.0303,0.9932,1.791,,,,,,,
42,Left,8,0.0000,0.0000,0.0379,0.2466,-0.0006,0.0263,0.9688,1.791,,,,,,,
42,Left,9,0.0000,0.0000,0.0243,0.1030,-0.0242,0.0169,0.9942,1.791,,,,,,,
42,Left,10,-0.0003,0.0010,0.0224,0.0000,0.0000,0.0000,1.0000,1.791,,,,,,,
42,Left,11,0.0030,-0.0081,0.0347,0.0000,0.0000,0.0000,1.0000,1.791,,,,,,,
42,Left,12,-0.0013,0.0056,0.0609,0.1538,-0.0712,0.0161,0.9854,1.791,,,,,,,
42,Left,13,0.0000,0.0000,0.0429,0.2399,-0.0015,0.0125,0.9707,1.791,,,,,,,
42,Left,14,0.0000,0.0000,0.0275,0.0619,0.0022,0.0496,0.9968,1.791,,,,,,,
42,Left,15,-0.0003,0.0011,0.0250,0.0000,0.0000,0.0000,1.0000,1.791,,,,,,,
42,Left,16,-0.0150,-0.0060,0.0348,0.0000,0.0000,0.0000,1.0000,1.791,,,,,,,
42,Left,17,-0.0025,-0.0005,0.0539,0.1512,-0.0927,0.0623,0.9822,1.791,,,,,,,
42,Left,18,0.0000,0.0000,0.0390,0.2020,0.0039,0.0379,0.9786,1.791,,,,,,,
42,Left,19,0.0000,0.0000,0.0266,0.0871,0.0296,0.0087,0.9957,1.791,,,,,,,
42,Left,20,-0.0003,0.0016,0.0243,0.0000,0.0000,0.0000,1.0000,1.791,,,,,,,
42,Left,21,-0.0230,-0.0094,0.0341,0.0183,-0.1403,0.2070,0.9680,1.791,,,,,,,
42,Left,22,0.0000,0.0000,0.0457,0.1410,0.0075,-0.0873,0.9861,1.791,,,,,,,
42,Left,23,0.0000,0.0000,0.0307,0.1859,-0.0344,0.0544,0.9805,1.791,,,,,,,
42,Left,24,0.0000,0.0000,0.0203,0.0463,0.0491,-0.0009,0.9977,1.791,,,,,,,
42,Left,25,0.0002,0.0012,0.0219,0.0000,0.0000,0.0000,1.0000,1.791,,,,,,,
42,Right,0,-0.0027,-0.0051,0.0649,0.0000,0.0000,0.0000,1.0000,1.791,,,,,,,
42,Right,1,0.0000,0.0000,0.0000,0.0000,0.0000,0.0000,1.0000,1.791,0.1112,0.1371,0.0071,0.2004,-0.0098,-0.7913,0.5776
42,Right,2,-0.0303,-0.0159,0.0344,-0.1221,-0.3276,0.5561,0.7540,1.791,,,,,,,
42,Right,3,0.0000,0.0000,0.0325,0.1373,0.0581,-0.0827,0.9854,1.791,,,,,,,
42,Right,4,0.0000,0.0000,0.0338,0.2043,-0.0422,0.0759,0.9751,1.791,,,,,,,
42,Right,5,0.0007,0.0010,0.0246,0.0000,0.0000,0.0000,1.0000,1.791,,,,,,,
42,Right,6,-0.0199,-0.0094,0.0364,0.0000,0.0000,0.0000,1.0000,1.791,,,,,,,
42,Right,7,-0.0037,0.0021,0.0596,0.1919,0.0820,0.0238,0.9777,1.791,,,,,,,
42,Right,8,0.0000,0.0000,0.0379,0.1718,0.0027,-0.0263,0.9848,1.791,,,,,,,
42,Right,9,0.0000,0.0000,0.0243,0.0853,0.0245,-0.0168,0.9959,1.791,,,,,,,
42,Right,10,0.0003,0.0010,0.0224,0.0000,0.0000,0.0000,1.0000,1.791,,,,,,,
42,Right,11,-0.0037,-0.0076,0.0342,0.0000,0.0000,0.0000,1.0000,1.791,,,,,,,
42,Right,12,0.0019,0.0051,0.0614,0.2557,0.1068,-0.0311,0.9603,1.791,,,,,,,
42,Right,13,0.0000,0.0000,0.0429,0.1507,0.0026,-0.0121,0.9885,1.791,,,,,,,
42,Right,14,0.0000,0.0000,0.0275,0.0308,-0.0008,-0.0466,0.9984,1.791,,,,,,,
42,Right,15,0.0003,0.0011,0.0250,0.0000,0.0000,0.0000,1.0000,1.791,,,,,,,
42,Right,16,0.0150,-0.0060,0.0348,0.0000,0.0000,0.0000,1.0000,1.791,,,,,,,
42,Right,17,0.0025,-0.0005,0.0539,0.2454,0.1199,-0.0768,0.9589,1.791,,,,,,,
42,Right,18,0.0000,0.0000,0.0390,0.1429,-0.0018,-0.0368,0.9891,1.791,,,,,,,
42,Right,19,0.0000,0.0000,0.0266,0.0742,-0.0296,-0.0081,0.9968,1.791,,,,,,,
42,Right,20,0.0003,0.0016,0.0243,0.0000,0.0000,0.0000,1.0000,1.791,,,,,,,
42,Right,21,0.0230,-0.0094,0.0341,0.0183,0.1403,-0.2070,0.9680,1.791,,,,,,,
42,Right,22,0.0000,0.0000,0.0457,0.1406,0.0229,0.0834,0.9863,1.791,,,,,,,
42,Right,23,0.0000,0.0000,0.0307,0.1732,0.0350,-0.0534,0.9828,1.791,,,,,,,
42,Right,24,0.0000,0.0000,0.0203,0.0327,-0.0491,0.0008,0.9983,1.791,,,,,,,
42,Right,25,-0.0002,0.0012,0.0219,0.0000,0.0000,0.0000,1.0000,1.791,,,,,,,
43,Left,0,0.0024,-0.0053,0.0652,0.0000,0.0000,0.0000,1.0000,1.833,,,,,,,
43,Left,1,0.0000,0.0000,0.0000,0.0000,0.0000,0.0000,1.0000,1.833,-0.0475,0.1210,-0.0641,0.1242,0.2366,-0.6391,-0.7212
43,Left,2,0.0290,-0.0180,0.0354,-0.1571,0.2215,-0.5713,0.7745,1.833,,,,,,,
43,Left,3,0.0000,0.0000,0.0325,0.0983,-0.0617,0.0830,0.9898,1.833,,,,,,,
43,Left,4,0.0000,0.0000,0.0338,-0.0715,0.0661,-0.0837,0.9917,1.833,,,,,,,
43,Left,5,-0.0007,0.0010,0.0246,0.0000,0.0000,0.0000,1.0000,1.833,,,,,,,
43,Left,6,0.0192,-0.0104,0.0369,0.0000,0.0000,0.0000,1.0000,1.833,,,,,,,
43,Left,7,0.0043,0.0031,0.0591,0.1046,-0.0445,-0.0302,0.9931,1.833,,,,,,,
43,Left,8,0.0000,0.0000,0.0379,0.2456,-0.0006,0.0263,0.9690,1.833,,,,,,,
43,Left,9,0.0000,0.0000,0.0243,0.1016,-0.0242,0.0169,0.9944,1.833,,,,,,,
43,Left,10,-0.0003,0.0010,0.0224,0.0000,0.0000,0.0000,1.0000,1.833,,,,,,,
43,Left,11,0.0030,-0.0081,0.0347,0.0000,0.0000,0.0000,1.0000,1.833,,,,,,,
43,Left,12,-0.0013,0.0056,0.0609,0.1539,-0.0725,0.0162,0.9853,1.833,,,,,,,
43,Left,13,0.0000,0.0000,0.0429,0.2393,-0.0015,0.0125,0.9709,1.833,,,,,,,
43,Left,14,0.0000,0.0000,0.0275,0.0608,0.0021,0.0495,0.9969,1.833,,,,,,,
43,Left,15,-0.0003,0.0011,0.0250,0.0000,0.0000,0.0000,1.0000,1.833,,,,,,,
43,Left,16,-0.0150,-0.0060,0.0348,0.0000,0.0000,0.0000,1.0000,1.833,,,,,,,
43,Left,17,-0.0025,-0.0005,0.0539,0.1514,-0.0937,0.0624,0.9820,1.833,,,,,,,
43,Left,18,0.0000,0.0000,0.0390,0.2020,0.0039,0.0379,0.9786,1.833,,,,,,,
43,Left,19,0.0000,0.0000,0.0266,0.0860,0.0296,0.0087,0.9958,1.833,,,,,,,
43,Left,20,-0.0003,0.0016,0.0243,0.0000,0.0000,0.0000,1.0000,1.833,,,,,,,
43,Left,21,-0.0230,-0.0094,0.0341,0.0183,-0.1403,0.2070,0.9680,1.833,,,,,,,
43,Left,22,0.0000,0.0000,0.0457,0.1416,0.0068,-0.0872,0.9860,1.833,,,,,,,
43,Left,23,0.0000,0.0000,0.0307,0.1882,-0.0343,0.0546,0.9800,1.833,,,,,,,
43,Left,24,0.0000,0.0000,0.0203,0.0458,0.0491,-0.0009,0.9977,1.833,,,,,,,
43,Left,25,0.0002,0.0012,0.0219,0.0000,0.0000,0.0000,1.0000,1.833,,,,,,,
43,Right,0,-0.0027,-0.0051,0.0649,0.0000,0.0000,0.0000,1.0000,1.833,,,,,,,
43,Right,1,0.0000,0.0000,0.0000,0.0000,0.0000,0.0000,1.0000,1.833,0.1122,0.1391,0.0108,0.2109,-0.0172,-0.7910,0.5741
43,Right,2,-0.0304,-0.0158,0.0344,-0.1228,-0.3277,0.5554,0.7544,1.833,,,,,,,
43,Right,3,0.0000,0.0000,0.0325,0.1411,0.0578,-0.0827,0.9849,1.833,,,,,,,
43,Right,4,0.0000,0.0000,0.0338,0.2047,-0.0422,0.0758,0.9750,1.833,,,,,,,
43,Right,5,0.0007,0.0010,0.0246,0.0000,0.0000,0.0000,1.0000,1.833,,,,,,,
43,Right,6,-0.0199,-0.0094,0.0364,0.0000,0.0000,0.0000,1.0000,1.833,,,,,,,
43,Right,7,-0.0037,0.0021,0.0596,0.2026,0.0818,0.0233,0.9756,1.833,,,,,,,
43,Right,8,0.0000,0.0000,0.0379,0.1810,0.0024,-0.0263,0.9831,1.833,,,,,,,
43,Right,9,0.0000,0.0000,0.0243,0.0866,0.0245,-0.0168,0.9958,1.833,,,,,,,
43,Right,10,0.0003,0.0010,0.0224,0.0000,0.0000,0.0000,1.0000,1.833,,,,,,,
43,Right,11,-0.0037,-0.0076,0.0342,0.0000,0.0000,0.0000,1.0000,1.833,,,,,,,
43,Right,12,0.0020,0.0050,0.0614,0.2609,0.1064,-0.0316,0.9590,1.833,,,,,,,
43,Right,13,0.0000,0.0000,0.0429,0.1501,0.0026,-0.0121,0.9886,1.833,,,,,,,
43,Right,14,0.0000,0.0000,0.0275,0.0305,-0.0008,-0.0466,0.9984,1.833,,,,,,,
43,Right,15,0.0003,0.0011,0.0250,0.0000,0.0000,0.0000,1.0000,1.833,,,,,,,
43,Right,16,0.0150,-0.0060,0.0348,0.0000,0.0000,0.0000,1.0000,1.833,,,,,,,
43,Right,17,0.0025,-0.0005,0.0539,0.2495,0.1201,-0.0773,0.9578,1.833,,,,,,,
43,Right,18,0.0000,0.0000,0.0390,0.1413,-0.0018,-0.0367,0.9893,1.833,,,,,,,
43,Right,19,0.0000,0.0000,0.0266,0.0739,-0.0296,-0.0081,0.9968,1.833,,,,,,,
43,Right,20,0.0003,0.0016,0.0243,0.0000,0.0000,0.0000,1.0000,1.833,,,,,,,
43,Right,21,0.0230,-0.0094,0.0341,0.0183,0.1403,-0.2070,0.9680,1.833,,,,,,,
43,Right,22,0.0000,0.0000,0.0457,0.1436,0.0235,0.0832,0.9859,1.833,,,,,,,
43,Right,23,0.0000,0.0000,0.0307,0.1720,0.0351,-0.0533,0.9830,1.833,,,,,,,
43,Right,24,0.0000,0.0000,0.0203,0.0327,-0.0491,0.0008,0.9983,1.833,,,,,,,
43,Right,25,-0.0002,0.0012,0.0219,0.0000,0.0000,0.0000,1.0000,1.833,,,,,,,
44,Left,0,0.0024,-0.0053,0.0652,0.0000,0.0000,0.0000,1.0000,1.875,,,,,,,
44,Left,1,0.0000,0.0000,0.0000,0.0000,0.0000,0.0000,1.0000,1.875,-0.0440,0.1219,-0.0654,0.1304,0.2424,-0.6366,-0.7204
44,Left,2,0.0290,-0.0180,0.0354,-0.1569,0.2214,-0.5716,0.7744,1.875,,,,,,,
44,Left,3,0.0000,0.0000,0.0325,0.0996,-0.0616,0.0830,0.9896,1.875,,,,,,,
44,Left,4,0.0000,0.0000,0.0338,-0.0720,0.0661,-0.0837,0.9917,1.875,,,,,,,
44,Left,5,-0.0007,0.0010,0.0246,0.0000,0.0000,0.0000,1.0000,1.875,,,,,,,
44,Left,6,0.0192,-0.0104,0.0369,0.0000,0.0000,0.0000,1.0000,1.875,,,,,,,
44,Left,7,0.0044,0.0031,0.0591,0.1041,-0.0461,-0.0301,0.9930,1.875,,,,,,,
44,Left,8,0.0000,0.0000,0.0379,0.2448,-0.0007,0.0263,0.9692,1.875,,,,,,,
44,Left,9,0.0000,0.0000,0.0243,0.1007,-0.0242,0.0169,0.9945,1.875,,,,,,,
44,Left,10,-0.0003,0.0010,0.0224,0.0000,0.0000,0.0000,1.0000,1.875,,,,,,,
44,Left,11,0.0030,-0.0081,0.0347,0.0000,0.0000,0.0000,1.0000,1.875,,,,,,,
44,Left,12,-0.0013,0.0056,0.0609,0.1508,-0.0740,0.0162,0.9857,1.875,,,,,,,
44,Left,13,0.0000,0.0000,0.0429,0.2392,-0.0015,0.0125,0.9709,1.875,,,,,,,
44,Left,14,0.0000,0.0000,0.0275,0.0605,0.0021,0.0495,0.9969,1.875,,,,,,,
44,Left,15,-0.0003,0.0011,0.0250,0.0000,0.0000,0.0000,1.0000,1.875,,,,,,,
44,Left,16,-0.0150,-0.0060,0.0348,0.0000,0.0000,0.0000,1.0000,1.875,,,,,,,
44,Left,17,-0.0025,-0.0005,0.0539,0.1461,-0.0952,0.0621,0.9827,1.875,,,,,,,
44,Left,18,0.0000,0.0000,0.0390,0.2025,0.0039,0.0379,0.9785,1.875,,,,,,,
44,Left,19,0.0000,0.0000,0.0266,0.0856,0.0296,0.0087,0.9959,1.875,,,,,,,
44,Left,20,-0.0003,0.0016,0.0243,0.0000,0.0000,0.0000,1.0000,1.875,,,,,,,
44,Left,21,-0.0230,-0.0094,0.0341,0.0183,-0.1403,0.2070,0.9680,1.875,,,,,,,
44,Left,22,0.0000,0.0000,0.0457,0.1404,0.0055,-0.0871,0.9862,1.875,,,,,,,
44,Left,23,0.0000,0.0000,0.0307,0.1929,-0.0341,0.0550,0.9791,1.875,,,,,,,
44,Left,24,0.0000,0.0000,0.0203,0.0457,0.0491,-0.0009,0.9977,1.875,,,,,,,
44,Left,25,0.0002,0.0012,0.0219,0.0000,0.0000,0.0000,1.0000,1.875,,,,,,,
44,Right,0,-0.0027,-0.0051,0.0649,0.0000,0.0000,0.0000,1.0000,1.875,,,,,,,
44,Right,1,0.0000,0.0000,0.0000,0.0000,0.0000,0.0000,1.0000,1.875,0.1161,0.1374,0.0179,0.2291,-0.0277,-0.7928,0.5640
44,Right,2,-0.0304,-0.0158,0.0344,-0.1228,-0.3278,0.5554,0.7543,1.875,,,,,,,
44,Right,3,0.0000,0.0000,0.0325,0.1429,0.0576,-0.0827,0.9846,1.875,,,,,,,
44,Right,4,0.0000,0.0000,0.0338,0.2056,-0.0421,0.0758,0.9748,1.875,,,,,,,
44,Right,5,0.0007,0.0010,0.0246,0.0000,0.0000,0.0000,1.0000,1.875,,,,,,,
44,Right,6,-0.0199,-0.0094,0.0364,0.0000,0.0000,0.0000,1.0000,1.875,,,,,,,
44,Right,7,-0.0037,0.0021,0.0596,0.2056,0.0815,0.0232,0.9750,1.875,,,,,,,
44,Right,8,0.0000,0.0000,0.0379,0.1843,0.0023,-0.0263,0.9825,1.875,,,,,,,
44,Right,9,0.0000,0.0000,0.0243,0.0880,0.0245,-0.0168,0.9957,1.875,,,,,,,
44,Right,10,0.0003,0.0010,0.0224,0.0000,0.0000,0.0000,1.0000,1.875,,,,,,,
44,Right,11,-0.0037,-0.0076,0.0342,0.0000,0.0000,0.0000,1.0000,1.875,,,,,,,
44,Right,12,0.0020,0.0050,0.0614,0.2623,0.1063,-0.0317,0.9586,1.875,,,,,,,
44,Right,13,0.0000,0.0000,0.0429,0.1494,0.0026,-0.0121,0.9887,1.875,,,,,,,
44,Right,14,0.0000,0.0000,0.0275,0.0300,-0.0008,-0.0465,0.9985,1.875,,,,,,,
44,Right,15,0.0003,0.0011,0.0250,0.0000,0.0000,0.0000,1.0000,1.875,,,,,,,
44,Right,16,0.0150,-0.0060,0.0348,0.0000,0.0000,0.0000,1.0000,1.875,,,,,,,
44,Right,17,0.0025,-0.0005,0.0539,0.2509,0.1206,-0.0776,0.9573,1.875,,,,,,,
44,Right,18,0.0000,0.0000,0.0390,0.1396,-0.0017,-0.0367,0.9895,1.875,,,,,,,
44,Right,19,0.0000,0.0000,0.0266,0.0734,-0.0296,-0.0081,0.9968,1.875,,,,,,,
44,Right,20,0.0003,0.0016,0.0243,0.0000,0.0000,0.0000,1.0000,1.875,,,,,,,
44,Right,21,0.0230,-0.0094,0.0341,0.0183,0.1403,-0.2070,0.9680,1.875,,,,,,,
44,Right,22,0.0000,0.0000,0.0457,0.1447,0.0243,0.0830,0.9857,1.875,,,,,,,
44,Right,23,0.0000,0.0000,0.0307,0.1699,0.0352,-0.0531,0.9834,1.875,,,,,,,
44,Right,24,0.0000,0.0000,0.0203,0.0323,-0.0491,0.0008,0.9983,1.875,,,,,,,
44,Right,25,-0.0002,0.0012,0.0219,0.0000,0.0000,0.0000,1.0000,1.875,,,,,,,
45,Left,0,0.0024,-0.0053,0.0652,0.0000,0.0000,0.0000,1.0000,1.917,,,,,,,
45,Left,1,0.0000,0.0000,0.0000,0.0000,0.0000,0.0000,1.0000,1.917,-0.0374,0.1235,-0.0680,0.1417,0.2485,-0.6336,-0.7188
45,Left,2,0.0290,-0.0180,0.0354,-0.1560,0.2221,-0.5722,0.7739,1.917,,,,,,,
45,Left,3,0.0000,0.0000,0.0325,0.1092,-0.0607,0.0829,0.9887,1.917,,,,,,,
45,Left,4,0.0000,0.0000,0.0338,-0.0718,0.0661,-0.0837,0.9917,1.917,,,,,,,
45,Left,5,-0.0007,0.0010,0.0246,0.0000,0.0000,0.0000,1.0000,1.917,,,,,,,
45,Left,6,0.0192,-0.0105,0.0369,0.0000,0.0000,0.0000,1.0000,1.917,,,,,,,
45,Left,7,0.0044,0.0031,0.0591,0.1026,-0.0476,-0.0300,0.9931,1.917,,,,,,,
45,Left,8,0.0000,0.0000,0.0379,0.2444,-0.0007,0.0263,0.9693,1.917,,,,,,,
45,Left,9,0.0000,0.0000,0.0243,0.1004,-0.0242,0.0169,0.9945,1.917,,,,,,,
45,Left,10,-0.0003,0.0010,0.0224,0.0000,0.0000,0.0000,1.0000,1.917,,,,,,,
45,Left,11,0.0030,-0.0081,0.0347,0.0000,0.0000,0.0000,1.0000,1.917,,,,,,,
45,Left,12,-0.0013,0.0056,0.0609,0.1449,-0.0756,0.0159,0.9864,1.917,,,,,,,
45,Left,13,0.0000,0.0000,0.0429,0.2393,-0.0015,0.0125,0.9709,1.917,,,,,,,
45,Left,14,0.0000,0.0000,0.0275,0.0606,0.0021,0.0495,0.9969,1.917,,,,,,,
45,Left,15,-0.0003,0.0011,0.0250,0.0000,0.0000,0.0000,1.0000,1.917,,,,,,,
45,Left,16,-0.0150,-0.0060,0.0348,0.0000,0.0000,0.0000,1.0000,1.917,,,,,,,
45,Left,17,-0.0025,-0.0005,0.0539,0.1378,-0.0971,0.0614,0.9838,1.917,,,,,,,
45,Left,18,0.0000,0.0000,0.0390,0.2034,0.0039,0.0379,0.9783,1.917,,,,,,,
45,Left,19,0.0000,0.0000,0.0266,0.0857,0.0296,0.0087,0.9958,1.917,,,,,,,
45,Left,20,-0.0003,0.0016,0.0243,0.0000,0.0000,0.0000,1.0000,1.917,,,,,,,
45,Left,21,-0.0230,-0.0094,0.0341,0.0183,-0.1403,0.2070,0.9680,1.917,,,,,,,
45,Left,22,0.0000,0.0000,0.0457,0.1376,0.0043,-0.0870,0.9866,1.917,,,,,,,
45,Left,23,0.0000,0.0000,0.0307,0.1968,-0.0339,0.0553,0.9783,1.917,,,,,,,
45,Left,24,0.0000,0.0000,0.0203,0.0460,0.0491,-0.0009,0.9977,1.917,,,,,,,
45,Left,25,0.0002,0.0012,0.0219,0.0000,0.0000,0.0000,1.0000,1.917,,,,,,,
45,Right,0,-0.0027,-0.0051,0.0649,0.0000,0.0000,0.0000,1.0000,1.917,,,,,,,
45,Right,1,0.0000,0.0000,0.0000,0.0000,0.0000,0.0000,1.0000,1.917,0.1199,0.1335,0.0252,0.2472,-0.0408,-0.7985,0.5473
45,Right,2,-0.0303,-0.0159,0.0344,-0.1221,-0.3281,0.5559,0.7539,1.917,,,,,,,
45,Right,3,0.0000,0.0000,0.0325,0.1446,0.0574,-0.0826,0.9844,1.917,,,,,,,
45,Right,4,0.0000,0.0000,0.0338,0.2067,-0.0420,0.0758,0.9746,1.917,,,,,,,
45,Right,5,0.0007,0.0010,0.0246,0.0000,0.0000,0.0000,1.0000,1.917,,,,,,,
45,Right,6,-0.0199,-0.0094,0.0364,0.0000,0.0000,0.0000,1.0000,1.917,,,,,,,
45,Right,7,-0.0037,0.0021,0.0596,0.2129,0.0815,0.0228,0.9734,1.917,,,,,,,
45,Right,8,0.0000,0.0000,0.0379,0.1862,0.0023,-0.0263,0.9822,1.917,,,,,,,
45,Right,9,0.0000,0.0000,0.0243,0.0889,0.0245,-0.0168,0.9956,1.917,,,,,,,
45,Right,10,0.0003,0.0010,0.0224,0.0000,0.0000,0.0000,1.0000,1.917,,,,,,,
45,Right,11,-0.0037,-0.0076,0.0342,0.0000,0.0000,0.0000,1.0000,1.917,,,,,,,
45,Right,12,0.0019,0.0050,0.0614,0.2665,0.1062,-0.0322,0.9574,1.917,,,,,,,
45,Right,13,0.0000,0.0000,0.0429,0.1487,0.0026,-0.0121,0.9888,1.917,,,,,,,
45,Right,14,0.0000,0.0000,0.0275,0.0293,-0.0007,-0.0465,0.9985,1.917,,,,,,,
45,Right,15,0.0003,0.0011,0.0250,0.0000,0.0000,0.0000,1.0000,1.917,,,,,,,
45,Right,16,0.0150,-0.0060,0.0348,0.0000,0.0000,0.0000,1.0000,1.917,,,,,,,
45,Right,17,0.0025,-0.0005,0.0539,0.2536,0.1211,-0.0781,0.9565,1.917,,,,,,,
45,Right,18,0.0000,0.0000,0.0390,0.1368,-0.0016,-0.0366,0.9899,1.917,,,,,,,
45,Right,19,0.0000,0.0000,0.0266,0.0727,-0.0296,-0.0080,0.9969,1.917,,,,,,,
45,Right,20,0.0003,0.0016,0.0243,0.0000,0.0000,0.0000,1.0000,1.917,,,,,,,
45,Right,21,0.0230,-0.0094,0.0341,0.0183,0.1403,-0.2070,0.9680,1.917,,,,,,,
45,Right,22,0.0000,0.0000,0.0457,0.1459,0.0253,0.0828,0.9855,1.917,,,,,,,
45,Right,23,0.0000,0.0000,0.0307,0.1653,0.0354,-0.0528,0.9842,1.917,,,,,,,
45,Right,24,0.0000,0.0000,0.0203,0.0316,-0.0491,0.0008,0.9983,1.917,,,,,,,
45,Right,25,-0.0002,0.0012,0.0219,0.0000,0.0000,0.0000,1.0000,1.917,,,,,,,
46,Left,0,0.0023,-0.0053,0.0652,0.0000,0.0000,0.0000,1.0000,1.958,,,,,,,
46,Left,1,0.0000,0.0000,0.0000,0.0000,0.0000,0.0000,1.0000,1.958,-0.0320,0.1237,-0.0699,0.1515,0.2549,-0.6316,-0.7163
46,Left,2,0.0289,-0.0180,0.0354,-0.1542,0.2238,-0.5734,0.7729,1.958,,,,,,,
46,Left,3,0.0000,0.0000,0.0325,0.1222,-0.0595,0.0828,0.9873,1.958,,,,,,,
46,Left,4,0.0000,0.0000,0.0338,-0.0709,0.0660,-0.0837,0.9918,1.958,,,,,,,
46,Left,5,-0.0007,0.0010,0.0246,0.0000,0.0000,0.0000,1.0000,1.958,,,,,,,
46,Left,6,0.0192,-0.0105,0.0369,0.0000,0.0000,0.0000,1.0000,1.958,,,,,,,
46,Left,7,0.0044,0.0032,0.0591,0.1000,-0.0488,-0.0300,0.9933,1.958,,,,,,,
46,Left,8,0.0000,0.0000,0.0379,0.2439,-0.0007,0.0263,0.9695,1.958,,,,,,,
46,Left,9,0.0000,0.0000,0.0243,0.1002,-0.0243,0.0169,0.9945,1.958,,,,,,,
46,Left,10,-0.0003,0.0010,0.0224,0.0000,0.0000,0.0000,1.0000,1.958,,,,,,,
46,Left,11,0.0030,-0.0081,0.0348,0.0000,0.0000,0.0000,1.0000,1.958,,,,,,,
46,Left,12,-0.0012,0.0056,0.0609,0.1431,-0.0768,0.0159,0.9866,1.958,,,,,,,
46,Left,13,0.0000,0.0000,0.0429,0.2394,-0.0015,0.0125,0.9708,1.958,,,,,,,
46,Left,14,0.0000,0.0000,0.0275,0.0610,0.0021,0.0495,0.9969,1.958,,,,,,,
46,Left,15,-0.0003,0.0011,0.0250,0.0000,0.0000,0.0000,1.0000,1.958,,,,,,,
46,Left,16,-0.0150,-0.0060,0.0348,0.0000,0.0000,0.0000,1.0000,1.958,,,,,,,
46,Left,17,-0.0025,-0.0005,0.0539,0.1351,-0.0984,0.0613,0.9840,1.958,,,,,,,
46,Left,18,0.0000,0.0000,0.0390,0.2044,0.0039,0.0379,0.9782,1.958,,,,,,,
46,Left,19,0.0000,0.0000,0.0266,0.0861,0.0296,0.0087,0.9958,1.958,,,,,,,
46,Left,20,-0.0003,0.0016,0.0243,0.0000,0.0000,0.0000,1.0000,1.958,,,,,,,
46,Left,21,-0.0230,-0.0094,0.0341,0.0183,-0.1403,0.2070,0.9680,1.958,,,,,,,
46,Left,22,0.0000,0.0000,0.0457,0.1348,0.0031,-0.0870,0.9870,1.958,,,,,,,
46,Left,23,0.0000,0.0000,0.0307,0.1983,-0.0339,0.0554,0.9780,1.958,,,,,,,
46,Left,24,0.0000,0.0000,0.0203,0.0466,0.0491,-0.0009,0.9977,1.958,,,,,,,
46,Left,25,0.0002,0.0012,0.0219,0.0000,0.0000,0.0000,1.0000,1.958,,,,,,,
46,Right,0,-0.0027,-0.0051,0.0649,0.0000,0.0000,0.0000,1.0000,1.958,,,,,,,
46,Right,1,0.0000,0.0000,0.0000,0.0000,0.0000,0.0000,1.0000,1.958,0.1206,0.1286,0.0321,0.2600,-0.0516,-0.8018,0.5355
46,Right,2,-0.0303,-0.0159,0.0344,-0.1205,-0.3291,0.5570,0.7529,1.958,,,,,,,
46,Right,3,0.0000,0.0000,0.0325,0.1456,0.0573,-0.0826,0.9842,1.958,,,,,,,
46,Right,4,0.0000,0.0000,0.0338,0.2075,-0.0419,0.0757,0.9744,1.958,,,,,,,
46,Right,5,0.0007,0.0010,0.0246,0.0000,0.0000,0.0000,1.0000,1.958,,,,,,,
46,Right,6,-0.0199,-0.0094,0.0364,0.0000,0.0000,0.0000,1.0000,1.958,,,,,,,
46,Right,7,-0.0037,0.0021,0.0596,0.2305,0.0816,0.0219,0.9694,1.958,,,,,,,
46,Right,8,0.0000,0.0000,0.0379,0.1906,0.0021,-0.0263,0.9813,1.958,,,,,,,
46,Right,9,0.0000,0.0000,0.0243,0.0895,0.0245,-0.0168,0.9955,1.958,,,,,,,
46,Right,10,0.0003,0.0010,0.0224,0.0000,0.0000,0.0000,1.0000,1.958,,,,,,,
46,Right,11,-0.0037,-0.0076,0.0342,0.0000,0.0000,0.0000,1.0000,1.958,,,,,,,
46,Right,12,0.0019,0.0051,0.0614,0.2817,0.1058,-0.0338,0.9531,1.958,,,,,,,
46,Right,13,0.0000,0.0000,0.0429,0.1484,0.0026,-0.0121,0.9888,1.958,,,,,,,
46,Right,14,0.0000,0.0000,0.0275,0.0285,-0.0007,-0.0464,0.9985,1.958,,,,,,,
46,Right,15,0.0003,0.0011,0.0250,0.0000,0.0000,0.0000,1.0000,1.958,,,,,,,
46,Right,16,0.0150,-0.0060,0.0348,0.0000,0.0000,0.0000,1.0000,1.958,,,,,,,
46,Right,17,0.0025,-0.0005,0.0539,0.2644,0.1210,-0.0795,0.9535,1.958,,,,,,,
46,Right,18,0.0000,0.0000,0.0390,0.1346,-0.0016,-0.0366,0.9902,1.958,,,,,,,
46,Right,19,0.0000,0.0000,0.0266,0.0719,-0.0296,-0.0080,0.9969,1.958,,,,,,,
46,Right,20,0.0003,0.0016,0.0243,0.0000,0.0000,0.0000,1.0000,1.958,,,,,,,
46,Right,21,0.0230,-0.0094,0.0341,0.0183,0.1403,-0.2070,0.9680,1.958,,,,,,,
46,Right,22,0.0000,0.0000,0.0457,0.1548,0.0272,0.0820,0.9842,1.958,,,,,,,
46,Right,23,0.0000,0.0000,0.0307,0.1629,0.0355,-0.0526,0.9846,1.958,,,,,,,
46,Right,24,0.0000,0.0000,0.0203,0.0308,-0.0491,0.0008,0.9983,1.958,,,,,,,
46,Right,25,-0.0002,0.0012,0.0219,0.0000,0.0000,0.0000,1.0000,1.958,,,,,,,
47,Left,0,0.0023,-0.0053,0.0652,0.0000,0.0000,0.0000,1.0000,2.000,,,,,,,
47,Left,1,0.0000,0.0000,0.0000,0.0000,0.0000,0.0000,1.0000,2.000,-0.0279,0.1235,-0.0713,0.1592,0.2630,-0.6324,-0.7110
47,Left,2,0.0289,-0.0181,0.0354,-0.1522,0.2256,-0.5748,0.7717,2.000,,,,,,,
47,Left,3,0.0000,0.0000,0.0325,0.1298,-0.0588,0.0828,0.9863,2.000,,,,,,,
47,Left,4,0.0000,0.0000,0.0338,-0.0697,0.0659,-0.0837,0.9919,2.000,,,,,,,
47,Left,5,-0.0007,0.0010,0.0246,0.0000,0.0000,0.0000,1.0000,2.000,,,,,,,
47,Left,6,0.0192,-0.0105,0.0369,0.0000,0.0000,0.0000,1.0000,2.000,,,,,,,
47,Left,7,0.0044,0.0032,0.0591,0.0974,-0.0499,-0.0300,0.9935,2.000,,,,,,,
47,Left,8,0.0000,0.0000,0.0379,0.2432,-0.0007,0.0263,0.9696,2.000,,,,,,,
47,Left,9,0.0000,0.0000,0.0243,0.1000,-0.0243,0.0169,0.9946,2.000,,,,,,,
47,Left,10,-0.0003,0.0010,0.0224,0.0000,0.0000,0.0000,1.0000,2.000,,,,,,,
47,Left,11,0.0030,-0.0081,0.0348,0.0000,0.0000,0.0000,1.0000,2.000,,,,,,,
47,Left,12,-0.0012,0.0056,0.0609,0.1421,-0.0779,0.0159,0.9867,2.000,,,,,,,
47,Left,13,0.0000,0.0000,0.0429,0.2397,-0.0015,0.0125,0.9708,2.000,,,,,,,
47,Left,14,0.0000,0.0000,0.0275,0.0615,0.0021,0.0496,0.9969,2.000,,,,,,,
47,Left,15,-0.0003,0.0011,0.0250,0.0000,0.0000,0.0000,1.0000,2.000,,,,,,,
47,Left,16,-0.0150,-0.0060,0.0348,0.0000,0.0000,0.0000,1.0000,2.000,,,,,,,
47,Left,17,-0.0025,-0.0005,0.0539,0.1339,-0.0996,0.0613,0.9841,2.000,,,,,,,
47,Left,18,0.0000,0.0000,0.0390,0.2056,0.0040,0.0380,0.9779,2.000,,,,,,,
47,Left,19,0.0000,0.0000,0.0266,0.0866,0.0296,0.0087,0.9958,2.000,,,,,,,
47,Left,20,-0.0003,0.0016,0.0243,0.0000,0.0000,0.0000,1.0000,2.000,,,,,,,
47,Left,21,-0.0230,-0.0094,0.0341,0.0183,-0.1403,0.2070,0.9680,2.000,,,,,,,
47,Left,22,0.0000,0.0000,0.0457,0.1323,0.0021,-0.0870,0.9874,2.000,,,,,,,
47,Left,23,0.0000,0.0000,0.0307,0.2001,-0.0338,0.0556,0.9776,2.000,,,,,,,
47,Left,24,0.0000,0.0000,0.0203,0.0475,0.0491,-0.0009,0.9977,2.000,,,,,,,
47,Left,25,0.0002,0.0012,0.0219,0.0000,0.0000,0.0000,1.0000,2.000,,,,,,,
47,Right,0,-0.0027,-0.0051,0.0650,0.0000,0.0000,0.0000,1.0000,2.000,,,,,,,
47,Right,1,0.0000,0.0000,0.0000,0.0000,0.0000,0.0000,1.0000,2.000,0.1204,0.1278,0.0353,0.2698,-0.0599,-0.8015,0.5303
47,Right,2,-0.0303,-0.0160,0.0344,-0.1166,-0.3332,0.5590,0.7503,2.000,,,,,,,
47,Right,3,0.0000,0.0000,0.0325,0.1460,0.0573,-0.0826,0.9842,2.000,,,,,,,
47,Right,4,0.0000,0.0000,0.0338,0.2080,-0.0419,0.0757,0.9743,2.000,,,,,,,
47,Right,5,0.0007,0.0010,0.0246,0.0000,0.0000,0.0000,1.0000,2.000,,,,,,,
47,Right,6,-0.0199,-0.0094,0.0364,0.0000,0.0000,0.0000,1.0000,2.000,,,,,,,
47,Right,7,-0.0037,0.0021,0.0596,0.2369,0.0817,0.0216,0.9678,2.000,,,,,,,
47,Right,8,0.0000,0.0000,0.0379,0.1935,0.0021,-0.0264,0.9807,2.000,,,,,,,
47,Right,9,0.0000,0.0000,0.0243,0.0898,0.0244,-0.0168,0.9955,2.000,,,,,,,
47,Right,10,0.0003,0.0010,0.0224,0.0000,0.0000,0.0000,1.0000,2.000,,,,,,,
47,Right,11,-0.0036,-0.0076,0.0343,0.0000,0.0000,0.0000,1.0000,2.000,,,,,,,
47,Right,12,0.0019,0.0051,0.0614,0.2871,0.1056,-0.0344,0.9514,2.000,,,,,,,
47,Right,13,0.0000,0.0000,0.0429,0.1488,0.0026,-0.0121,0.9888,2.000,,,,,,,
47,Right,14,0.0000,0.0000,0.0275,0.0280,-0.0007,-0.0464,0.9985,2.000,,,,,,,
47,Right,15,0.0003,0.0011,0.0250,0.0000,0.0000,0.0000,1.0000,2.000,,,,,,,
47,Right,16,0.0150,-0.0060,0.0348,0.0000,0.0000,0.0000,1.0000,2.000,,,,,,,
47,Right,17,0.0025,-0.0005,0.0539,0.2691,0.1212,-0.0802,0.9521,2.000,,,,,,,
47,Right,18,0.0000,0.0000,0.0390,0.1337,-0.0015,-0.0366,0.9903,2.000,,,,,,,
47,Right,19,0.0000,0.0000,0.0266,0.0714,-0.0296,-0.0080,0.9970,2.000,,,,,,,
47,Right,20,0.0003,0.0016,0.0243,0.0000,0.0000,0.0000,1.0000,2.000,,,,,,,
47,Right,21,0.0230,-0.0094,0.0341,0.0183,0.1403,-0.2070,0.9680,2.000,,,,,,,
47,Right,22,0.0000,0.0000,0.0457,0.1636,0.0289,0.0811,0.9828,2.000,,,,,,,
47,Right,23,0.0000,0.0000,0.0307,0.1616,0.0356,-0.0525,0.9848,2.000,,,,,,,
47,Right,24,0.0000,0.0000,0.0203,0.0298,-0.0491,0.0008,0.9983,2.000,,,,,,,
47,Right,25,-0.0002,0.0012,0.0219,0.0000,0.0000,0.0000,1.0000,2.000,,,,,,,
48,Left,0,0.0023,-0.0053,0.0652,0.0000,0.0000,0.0000,1.0000,2.041,,,,,,,
48,Left,1,0.0000,0.0000,0.0000,0.0000,0.0000,0.0000,1.0000,2.041,-0.0258,0.1225,-0.0722,0.1625,0.2671,-0.6332,-0.7081
48,Left,2,0.0289,-0.0181,0.0355,-0.1512,0.2263,-0.5755,0.7712,2.041,,,,,,,
48,Left,3,0.0000,0.0000,0.0325,0.1335,-0.0585,0.0827,0.9859,2.041,,,,,,,
48,Left,4,0.0000,0.0000,0.0338,-0.0690,0.0659,-0.0837,0.9919,2.041,,,,,,,
48,Left,5,-0.0007,0.0010,0.0246,0.0000,0.0000,0.0000,1.0000,2.041,,,,,,,
48,Left,6,0.0192,-0.0105,0.0369,0.0000,0.0000,0.0000,1.0000,2.041,,,,,,,
48,Left,7,0.0044,0.0032,0.0591,0.0931,-0.0503,-0.0301,0.9939,2.041,,,,,,,
48,Left,8,0.0000,0.0000,0.0379,0.2397,-0.0008,0.0263,0.9705,2.041,,,,,,,
48,Left,9,0.0000,0.0000,0.0243,0.0989,-0.0243,0.0169,0.9947,2.041,,,,,,,
48,Left,10,-0.0003,0.0010,0.0224,0.0000,0.0000,0.0000,1.0000,2.041,,,,,,,
48,Left,11,0.0029,-0.0081,0.0348,0.0000,0.0000,0.0000,1.0000,2.041,,,,,,,
48,Left,12,-0.0012,0.0056,0.0609,0.1409,-0.0787,0.0159,0.9868,2.041,,,,,,,
48,Left,13,0.0000,0.0000,0.0429,0.2398,-0.0015,0.0125,0.9707,2.041,,,,,,,
48,Left,14,0.0000,0.0000,0.0275,0.0618,0.0021,0.0496,0.9969,2.041,,,,,,,
48,Left,15,-0.0003,0.0011,0.0250,0.0000,0.0000,0.0000,1.0000,2.041,,,,,,,
48,Left,16,-0.0150,-0.0060,0.0348,0.0000,0.0000,0.0000,1.0000,2.041,,,,,,,
48,Left,17,-0.0025,-0.0005,0.0539,0.1325,-0.1006,0.0612,0.9842,2.041,,,,,,,
48,Left,18,0.0000,0.0000,0.0390,0.2069,0.0040,0.0380,0.9776,2.041,,,,,,,
48,Left,19,0.0000,0.0000,0.0266,0.0869,0.0296,0.0087,0.9957,2.041,,,,,,,
48,Left,20,-0.0003,0.0016,0.0243,0.0000,0.0000,0.0000,1.0000,2.041,,,,,,,
48,Left,21,-0.0230,-0.0094,0.0341,0.0183,-0.1403,0.2070,0.9680,2.041,,,,,,,
48,Left,22,0.0000,0.0000,0.0457,0.1246,0.0020,-0.0872,0.9884,2.041,,,,,,,
48,Left,23,0.0000,0.0000,0.0307,0.2018,-0.0337,0.0557,0.9773,2.041,,,,,,,
48,Left,24,0.0000,0.0000,0.0203,0.0483,0.0491,-0.0009,0.9976,2.041,,,,,,,
48,Left,25,0.0002,0.0012,0.0219,0.0000,0.0000,0.0000,1.0000,2.041,,,,,,,
48,Right,0,-0.0027,-0.0051,0.0650,0.0000,0.0000,0.0000,1.0000,2.041,,,,,,,
48,Right,1,0.0000,0.0000,0.0000,0.0000,0.0000,0.0000,1.0000,2.041,0.1207,0.1292,0.0366,0.2843,-0.0688,-0.7948,0.5318
48,Right,2,-0.0303,-0.0160,0.0344,-0.1154,-0.3343,0.5596,0.7495,2.041,,,,,,,
48,Right,3,0.0000,0.0000,0.0325,0.1456,0.0573,-0.0826,0.9842,2.041,,,,,,,
48,Right,4,0.0000,0.0000,0.0338,0.2069,-0.0420,0.0758,0.9745,2.041,,,,,,,
48,Right,5,0.0007,0.0010,0.0246,0.0000,0.0000,0.0000,1.0000,2.041,,,,,,,
48,Right,6,-0.0199,-0.0095,0.0364,0.0000,0.0000,0.0000,1.0000,2.041,,,,,,,
48,Right,7,-0.0037,0.0021,0.0596,0.2370,0.0823,0.0215,0.9678,2.041,,,,,,,
48,Right,8,0.0000,0.0000,0.0379,0.1957,0.0020,-0.0264,0.9803,2.041,,,,,,,
48,Right,9,0.0000,0.0000,0.0243,0.0899,0.0244,-0.0168,0.9955,2.041,,,,,,,
48,Right,10,0.0003,0.0010,0.0224,0.0000,0.0000,0.0000,1.0000,2.041,,,,,,,
48,Right,11,-0.0036,-0.0076,0.0343,0.0000,0.0000,0.0000,1.0000,2.041,,,,,,,
48,Right,12,0.0019,0.0051,0.0614,0.2868,0.1058,-0.0344,0.9515,2.041,,,,,,,
48,Right,13,0.0000,0.0000,0.0429,0.1496,0.0026,-0.0121,0.9887,2.041,,,,,,,
48,Right,14,0.0000,0.0000,0.0275,0.0275,-0.0006,-0.0463,0.9985,2.041,,,,,,,
48,Right,15,0.0003,0.0011,0.0250,0.0000,0.0000,0.0000,1.0000,2.041,,,,,,,
48,Right,16,0.0150,-0.0060,0.0348,0.0000,0.0000,0.0000,1.0000,2.041,,,,,,,
48,Right,17,0.0025,-0.0005,0.0539,0.2691,0.1215,-0.0803,0.9520,2.041,,,,,,,
48,Right,18,0.0000,0.0000,0.0390,0.1330,-0.0015,-0.0366,0.9904,2.041,,,,,,,
48,Right,19,0.0000,0.0000,0.0266,0.0709,-0.0296,-0.0080,0.9970,2.041,,,,,,,
48,Right,20,0.0003,0.0016,0.0243,0.0000,0.0000,0.0000,1.0000,2.041,,,,,,,
48,Right,21,0.0230,-0.0094,0.0341,0.0183,0.1403,-0.2070,0.9680,2.041,,,,,,,
48,Right,22,0.0000,0.0000,0.0457,0.1641,0.0295,0.0810,0.9827,2.041,,,,,,,
48,Right,23,0.0000,0.0000,0.0307,0.1608,0.0356,-0.0524,0.9850,2.041,,,,,,,
48,Right,24,0.0000,0.0000,0.0203,0.0288,-0.0491,0.0008,0.9984,2.041,,,,,,,
48,Right,25,-0.0002,0.0012,0.0219,0.0000,0.0000,0.0000,1.0000,2.041,,,,,,,
49,Left,0,0.0023,-0.0053,0.0652,0.0000,0.0000,0.0000,1.0000,2.083,,,,,,,
49,Left,1,0.0000,0.0000,0.0000,0.0000,0.0000,0.0000,1.0000,2.083,-0.0233,0.1214,-0.0734,0.1656,0.2692,-0.6337,-0.7060
49,Left,2,0.0289,-0.0181,0.0355,-0.1505,0.2271,-0.5759,0.7708,2.083,,,,,,,
49,Left,3,0.0000,0.0000,0.0325,0.1363,-0.0582,0.0827,0.9855,2.083,,,,,,,
49,Left,4,0.0000,0.0000,0.0338,-0.0687,0.0658,-0.0837,0.9919,2.083,,,,,,,
49,Left,5,-0.0007,0.0010,0.0246,0.0000,0.0000,0.0000,1.0000,2.083,,,,,,,
49,Left,6,0.0192,-0.0105,0.0369,0.0000,0.0000,0.0000,1.0000,2.083,,,,,,,
49,Left,7,0.0044,0.0032,0.0591,0.0857,-0.0499,-0.0302,0.9946,2.083,,,,,,,
49,Left,8,0.0000,0.0000,0.0379,0.2332,-0.0010,0.0263,0.9721,2.083,,,,,,,
49,Left,9,0.0000,0.0000,0.0243,0.0974,-0.0243,0.0169,0.9948,2.083,,,,,,,
49,Left,10,-0.0003,0.0010,0.0224,0.0000,0.0000,0.0000,1.0000,2.083,,,,,,,
49,Left,11,0.0029,-0.0081,0.0348,0.0000,0.0000,0.0000,1.0000,2.083,,,,,,,
49,Left,12,-0.0012,0.0056,0.0609,0.1373,-0.0793,0.0157,0.9872,2.083,,,,,,,
49,Left,13,0.0000,0.0000,0.0429,0.2395,-0.0015,0.0125,0.9708,2.083,,,,,,,
49,Left,14,0.0000,0.0000,0.0275,0.0620,0.0022,0.0496,0.9968,2.083,,,,,,,
49,Left,15,-0.0003,0.0011,0.0250,0.0000,0.0000,0.0000,1.0000,2.083,,,,,,,
49,Left,16,-0.0150,-0.0060,0.0348,0.0000,0.0000,0.0000,1.0000,2.083,,,,,,,
49,Left,17,-0.0025,-0.0005,0.0539,0.1278,-0.1017,0.0608,0.9847,2.083,,,,,,,
49,Left,18,0.0000,0.0000,0.0390,0.2077,0.0040,0.0380,0.9774,2.083,,,,,,,
49,Left,19,0.0000,0.0000,0.0266,0.0870,0.0296,0.0087,0.9957,2.083,,,,,,,
49,Left,20,-0.0003,0.0016,0.0243,0.0000,0.0000,0.0000,1.0000,2.083,,,,,,,
49,Left,21,-0.0230,-0.0094,0.0341,0.0183,-0.1403,0.2070,0.9680,2.083,,,,,,,
49,Left,22,0.0000,0.0000,0.0457,0.1158,0.0019,-0.0875,0.9894,2.083,,,,,,,
49,Left,23,0.0000,0.0000,0.0307,0.2031,-0.0336,0.0558,0.9770,2.083,,,,,,,
49,Left,24,0.0000,0.0000,0.0203,0.0489,0.0491,-0.0009,0.9976,2.083,,,,,,,
49,Left,25,0.0002,0.0012,0.0219,0.0000,0.0000,0.0000,1.0000,2.083,,,,,,,
49,Right,0,-0.0027,-0.0051,0.0650,0.0000,0.0000,0.0000,1.0000,2.083,,,,,,,
49,Right,1,0.0000,0.0000,0.0000,0.0000,0.0000,0.0000,1.0000,2.083,0.1207,0.1306,0.0390,0.2968,-0.0747,-0.7889,0.5330
49,Right,2,-0.0303,-0.0160,0.0345,-0.1130,-0.3372,0.5606,0.7478,2.083,,,,,,,
49,Right,3,0.0000,0.0000,0.0325,0.1445,0.0574,-0.0826,0.9844,2.083,,,,,,,
49,Right,4,0.0000,0.0000,0.0338,0.2043,-0.0422,0.0759,0.9750,2.083,,,,,,,
49,Right,5,0.0007,0.0010,0.0246,0.0000,0.0000,0.0000,1.0000,2.083,,,,,,,
49,Right,6,-0.0198,-0.0095,0.0364,0.0000,0.0000,0.0000,1.0000,2.083,,,,,,,
49,Right,7,-0.0037,0.0021,0.0596,0.2356,0.0832,0.0214,0.9681,2.083,,,,,,,
49,Right,8,0.0000,0.0000,0.0379,0.1973,0.0020,-0.0264,0.9800,2.083,,,,,,,
49,Right,9,0.0000,0.0000,0.0243,0.0900,0.0244,-0.0168,0.9955,2.083,,,,,,,
49,Right,10,0.0003,0.0010,0.0224,0.0000,0.0000,0.0000,1.0000,2.083,,,,,,,
49,Right,11,-0.0036,-0.0076,0.0343,0.0000,0.0000,0.0000,1.0000,2.083,,,,,,,
49,Right,12,0.0019,0.0051,0.0614,0.2837,0.1061,-0.0342,0.9524,2.083,,,,,,,
49,Right,13,0.0000,0.0000,0.0429,0.1506,0.0026,-0.0121,0.9885,2.083,,,,,,,
49,Right,14,0.0000,0.0000,0.0275,0.0271,-0.0006,-0.0463,0.9986,2.083,,,,,,,
49,Right,15,0.0003,0.0011,0.0250,0.0000,0.0000,0.0000,1.0000,2.083,,,,,,,
49,Right,16,0.0150,-0.0060,0.0348,0.0000,0.0000,0.0000,1.0000,2.083,,,,,,,
49,Right,17,0.0025,-0.0005,0.0539,0.2680,0.1219,-0.0802,0.9523,2.083,,,,,,,
49,Right,18,0.0000,0.0000,0.0390,0.1327,-0.0015,-0.0365,0.9905,2.083,,,,,,,
49,Right,19,0.0000,0.0000,0.0266,0.0705,-0.0296,-0.0079,0.9970,2.083,,,,,,,
49,Right,20,0.0003,0.0016,0.0243,0.0000,0.0000,0.0000,1.0000,2.083,,,,,,,
49,Right,21,0.0230,-0.0094,0.0341,0.0183,0.1403,-0.2070,0.9680,2.083,,,,,,,
49,Right,22,0.0000,0.0000,0.0457,0.1635,0.0298,0.0810,0.9828,2.083,,,,,,,
49,Right,23,0.0000,0.0000,0.0307,0.1602,0.0356,-0.0523,0.9850,2.083,,,,,,,
49,Right,24,0.0000,0.0000,0.0203,0.0277,-0.0491,0.0008,0.9984,2.083,,,,,,,
49,Right,25,-0.0002,0.0012,0.0219,0.0000,0.0000,0.0000,1.0000,2.083,,,,,,,
50,Left,0,0.0023,-0.0053,0.0652,0.0000,0.0000,0.0000,1.0000,2.125,,,,,,,
50,Left,1,0.0000,0.0000,0.0000,0.0000,0.0000,0.0000,1.0000,2.125,-0.0203,0.1214,-0.0747,0.1710,0.2694,-0.6319,-0.7063
50,Left,2,0.0289,-0.0181,0.0355,-0.1501,0.2278,-0.5759,0.7706,2.125,,,,,,,
50,Left,3,0.0000,0.0000,0.0325,0.1379,-0.0581,0.0827,0.9853,2.125,,,,,,,
50,Left,4,0.0000,0.0000,0.0338,-0.0688,0.0658,-0.0837,0.9919,2.125,,,,,,,
50,Left,5,-0.0007,0.0010,0.0246,0.0000,0.0000,0.0000,1.0000,2.125,,,,,,,
50,Left,6,0.0192,-0.0105,0.0369,0.0000,0.0000,0.0000,1.0000,2.125,,,,,,,
50,Left,7,0.0044,0.0032,0.0591,0.0792,-0.0489,-0.0304,0.9952,2.125,,,,,,,
50,Left,8,0.0000,0.0000,0.0379,0.2313,-0.0010,0.0263,0.9725,2.125,,,,,,,
50,Left,9,0.0000,0.0000,0.0243,0.0961,-0.0243,0.0168,0.9949,2.125,,,,,,,
50,Left,10,-0.0003,0.0010,0.0224,0.0000,0.0000,0.0000,1.0000,2.125,,,,,,,
50,Left,11,0.0029,-0.0081,0.0348,0.0000,0.0000,0.0000,1.0000,2.125,,,,,,,
50,Left,12,-0.0012,0.0056,0.0609,0.1308,-0.0796,0.0152,0.9881,2.125,,,,,,,
50,Left,13,0.0000,0.0000,0.0429,0.2391,-0.0015,0.0125,0.9709,2.125,,,,,,,
50,Left,14,0.0000,0.0000,0.0275,0.0621,0.0022,0.0496,0.9968,2.125,,,,,,,
50,Left,15,-0.0003,0.0011,0.0250,0.0000,0.0000,0.0000,1.0000,2.125,,,,,,,
50,Left,16,-0.0150,-0.0060,0.0348,0.0000,0.0000,0.0000,1.0000,2.125,,,,,,,
50,Left,17,-0.0025,-0.0005,0.0539,0.1205,-0.1027,0.0602,0.9856,2.125,,,,,,,
50,Left,18,0.0000,0.0000,0.0390,0.2078,0.0040,0.0380,0.9774,2.125,,,,,,,
50,Left,19,0.0000,0.0000,0.0266,0.0870,0.0296,0.0087,0.9957,2.125,,,,,,,
50,Left,20,-0.0003,0.0016,0.0243,0.0000,0.0000,0.0000,1.0000,2.125,,,,,,,
50,Left,21,-0.0230,-0.0094,0.0341,0.0183,-0.1403,0.2070,0.9680,2.125,,,,,,,
50,Left,22,0.0000,0.0000,0.0457,0.1113,0.0011,-0.0876,0.9899,2.125,,,,,,,
50,Left,23,0.0000,0.0000,0.0307,0.2038,-0.0336,0.0558,0.9768,2.125,,,,,,,
50,Left,24,0.0000,0.0000,0.0203,0.0493,0.0491,-0.0009,0.9976,2.125,,,,,,,
50,Left,25,0.0002,0.0012,0.0219,0.0000,0.0000,0.0000,1.0000,2.125,,,,,,,
50,Right,0,-0.0027,-0.0051,0.0650,0.0000,0.0000,0.0000,1.0000,2.125,,,,,,,
50,Right,1,0.0000,0.0000,0.0000,0.0000,0.0000,0.0000,1.0000,2.125,0.1203,0.1315,0.0413,0.3028,-0.0760,-0.7875,0.5314
50,Right,2,-0.0303,-0.0160,0.0345,-0.1077,-0.3440,0.5626,0.7440,2.125,,,,,,,
50,Right,3,0.0000,0.0000,0.0325,0.1431,0.0576,-0.0827,0.9846,2.125,,,,,,,
50,Right,4,0.0000,0.0000,0.0338,0.1976,-0.0429,0.0761,0.9764,2.125,,,,,,,
50,Right,5,0.0007,0.0010,0.0246,0.0000,0.0000,0.0000,1.0000,2.125,,,,,,,
50,Right,6,-0.0198,-0.0095,0.0364,0.0000,0.0000,0.0000,1.0000,2.125,,,,,,,
50,Right,7,-0.0037,0.0021,0.0596,0.2312,0.0837,0.0215,0.9691,2.125,,,,,,,
50,Right,8,0.0000,0.0000,0.0379,0.2026,0.0018,-0.0263,0.9789,2.125,,,,,,,
50,Right,9,0.0000,0.0000,0.0243,0.0907,0.0244,-0.0168,0.9954,2.125,,,,,,,
50,Right,10,0.0003,0.0010,0.0224,0.0000,0.0000,0.0000,1.0000,2.125,,,,,,,
50,Right,11,-0.0036,-0.0076,0.0343,0.0000,0.0000,0.0000,1.0000,2.125,,,,,,,
50,Right,12,0.0019,0.0051,0.0614,0.2784,0.1064,-0.0336,0.9539,2.125,,,,,,,
50,Right,13,0.0000,0.0000,0.0429,0.1530,0.0026,-0.0121,0.9881,2.125,,,,,,,
50,Right,14,0.0000,0.0000,0.0275,0.0272,-0.0006,-0.0463,0.9986,2.125,,,,,,,
50,Right,15,0.0003,0.0011,0.0250,0.0000,0.0000,0.0000,1.0000,2.125,,,,,,,
50,Right,16,0.0150,-0.0060,0.0348,0.0000,0.0000,0.0000,1.0000,2.125,,,,,,,
50,Right,17,0.0025,-0.0005,0.0539,0.2662,0.1222,-0.0800,0.9528,2.125,,,,,,,
50,Right,18,0.0000,0.0000,0.0390,0.1330,-0.0015,-0.0366,0.9904,2.125,,,,,,,
50,Right,19,0.0000,0.0000,0.0266,0.0704,-0.0296,-0.0079,0.9970,2.125,,,,,,,
50,Right,20,0.0003,0.0016,0.0243,0.0000,0.0000,0.0000,1.0000,2.125,,,,,,,
50,Right,21,0.0230,-0.0094,0.0341,0.0183,0.1403,-0.2070,0.9680,2.125,,,,,,,
50,Right,22,0.0000,0.0000,0.0457,0.1621,0.0303,0.0810,0.9830,2.125,,,,,,,
50,Right,23,0.0000,0.0000,0.0307,0.1601,0.0356,-0.0523,0.9851,2.125,,,,,,,
50,Right,24,0.0000,0.0000,0.0203,0.0269,-0.0491,0.0008,0.9984,2.125,,,,,,,
50,Right,25,-0.0002,0.0012,0.0219,0.0000,0.0000,0.0000,1.0000,2.125,,,,,,,
51,Left,0,0.0023,-0.0053,0.0652,0.0000,0.0000,0.0000,1.0000,2.166,,,,,,,
51,Left,1,0.0000,0.0000,0.0000,0.0000,0.0000,0.0000,1.0000,2.166,-0.0176,0.1218,-0.0756,0.1784,0.2707,-0.6271,-0.7083
51,Left,2,0.0289,-0.0181,0.0354,-0.1500,0.2286,-0.5757,0.7706,2.166,,,,,,,
51,Left,3,0.0000,0.0000,0.0325,0.1399,-0.0579,0.0827,0.9850,2.166,,,,,,,
51,Left,4,0.0000,0.0000,0.0338,-0.0690,0.0659,-0.0837,0.9919,2.166,,,,,,,
51,Left,5,-0.0007,0.0010,0.0246,0.0000,0.0000,0.0000,1.0000,2.166,,,,,,,
51,Left,6,0.0192,-0.0105,0.0369,0.0000,0.0000,0.0000,1.0000,2.166,,,,,,,
51,Left,7,0.0044,0.0032,0.0591,0.0731,-0.0475,-0.0305,0.9957,2.166,,,,,,,
51,Left,8,0.0000,0.0000,0.0379,0.2307,-0.0010,0.0263,0.9727,2.166,,,,,,,
51,Left,9,0.0000,0.0000,0.0243,0.0954,-0.0243,0.0168,0.9950,2.166,,,,,,,
51,Left,10,-0.0003,0.0010,0.0224,0.0000,0.0000,0.0000,1.0000,2.166,,,,,,,
51,Left,11,0.0030,-0.0081,0.0348,0.0000,0.0000,0.0000,1.0000,2.166,,,,,,,
51,Left,12,-0.0012,0.0056,0.0609,0.1252,-0.0797,0.0148,0.9888,2.166,,,,,,,
51,Left,13,0.0000,0.0000,0.0429,0.2391,-0.0015,0.0125,0.9709,2.166,,,,,,,
51,Left,14,0.0000,0.0000,0.0275,0.0625,0.0022,0.0497,0.9968,2.166,,,,,,,
51,Left,15,-0.0003,0.0011,0.0250,0.0000,0.0000,0.0000,1.0000,2.166,,,,,,,
51,Left,16,-0.0150,-0.0060,0.0348,0.0000,0.0000,0.0000,1.0000,2.166,,,,,,,
51,Left,17,-0.0025,-0.0005,0.0539,0.1168,-0.1033,0.0598,0.9860,2.166,,,,,,,
51,Left,18,0.0000,0.0000,0.0390,0.2077,0.0040,0.0380,0.9774,2.166,,,,,,,
51,Left,19,0.0000,0.0000,0.0266,0.0871,0.0296,0.0087,0.9957,2.166,,,,,,,
51,Left,20,-0.0003,0.0016,0.0243,0.0000,0.0000,0.0000,1.0000,2.166,,,,,,,
51,Left,21,-0.0230,-0.0094,0.0341,0.0183,-0.1403,0.2070,0.9680,2.166,,,,,,,
51,Left,22,0.0000,0.0000,0.0457,0.1089,0.0000,-0.0876,0.9902,2.166,,,,,,,
51,Left,23,0.0000,0.0000,0.0307,0.2041,-0.0336,0.0559,0.9768,2.166,,,,,,,
51,Left,24,0.0000,0.0000,0.0203,0.0496,0.0491,-0.0009,0.9976,2.166,,,,,,,
51,Left,25,0.0002,0.0012,0.0219,0.0000,0.0000,0.0000,1.0000,2.166,,,,,,,
51,Right,0,-0.0027,-0.0051,0.0650,0.0000,0.0000,0.0000,1.0000,2.166,,,,,,,
51,Right,1,0.0000,0.0000,0.0000,0.0000,0.0000,0.0000,1.0000,2.166,0.1202,0.1322,0.0433,0.3111,-0.0793,-0.7872,0.5266
51,Right,2,-0.0303,-0.0160,0.0345,-0.1045,-0.3481,0.5637,0.7417,2.166,,,,,,,
51,Right,3,0.0000,0.0000,0.0325,0.1408,0.0578,-0.0827,0.9849,2.166,,,,,,,
51,Right,4,0.0000,0.0000,0.0338,0.1889,-0.0437,0.0765,0.9780,2.166,,,,,,,
51,Right,5,0.0007,0.0010,0.0246,0.0000,0.0000,0.0000,1.0000,2.166,,,,,,,
51,Right,6,-0.0198,-0.0095,0.0364,0.0000,0.0000,0.0000,1.0000,2.166,,,,,,,
51,Right,7,-0.0037,0.0022,0.0596,0.2272,0.0840,0.0217,0.9700,2.166,,,,,,,
51,Right,8,0.0000,0.0000,0.0379,0.2079,0.0017,-0.0263,0.9778,2.166,,,,,,,
51,Right,9,0.0000,0.0000,0.0243,0.0917,0.0244,-0.0168,0.9953,2.166,,,,,,,
51,Right,10,0.0003,0.0010,0.0224,0.0000,0.0000,0.0000,1.0000,2.166,,,,,,,
51,Right,11,-0.0036,-0.0076,0.0343,0.0000,0.0000,0.0000,1.0000,2.166,,,,,,,
51,Right,12,0.0019,0.0051,0.0614,0.2747,0.1066,-0.0332,0.9550,2.166,,,,,,,
51,Right,13,0.0000,0.0000,0.0429,0.1600,0.0025,-0.0121,0.9870,2.166,,,,,,,
51,Right,14,0.0000,0.0000,0.0275,0.0279,-0.0007,-0.0463,0.9985,2.166,,,,,,,
51,Right,15,0.0003,0.0011,0.0250,0.0000,0.0000,0.0000,1.0000,2.166,,,,,,,
51,Right,16,0.0150,-0.0060,0.0348,0.0000,0.0000,0.0000,1.0000,2.166,,,,,,,
51,Right,17,0.0025,-0.0005,0.0539,0.2615,0.1228,-0.0795,0.9540,2.166,,,,,,,
51,Right,18,0.0000,0.0000,0.0390,0.1340,-0.0015,-0.0366,0.9903,2.166,,,,,,,
51,Right,19,0.0000,0.0000,0.0266,0.0709,-0.0296,-0.0080,0.9970,2.166,,,,,,,
51,Right,20,0.0003,0.0016,0.0243,0.0000,0.0000,0.0000,1.0000,2.166,,,,,,,
51,Right,21,0.0230,-0.0094,0.0341,0.0183,0.1403,-0.2070,0.9680,2.166,,,,,,,
51,Right,22,0.0000,0.0000,0.0457,0.1579,0.0306,0.0812,0.9836,2.166,,,,,,,
51,Right,23,0.0000,0.0000,0.0307,0.1604,0.0356,-0.0524,0.9850,2.166,,,,,,,
51,Right,24,0.0000,0.0000,0.0203,0.0262,-0.0491,0.0008,0.9984,2.166,,,,,,,
51,Right,25,-0.0002,0.0012,0.0219,0.0000,0.0000,0.0000,1.0000,2.166,,,,,,,
52,Left,0,0.0023,-0.0053,0.0652,0.0000,0.0000,0.0000,1.0000,2.208,,,,,,,
52,Left,1,0.0000,0.0000,0.0000,0.0000,0.0000,0.0000,1.0000,2.208,-0.0156,0.1216,-0.0766,0.1853,0.2744,-0.6220,-0.7096
52,Left,2,0.0289,-0.0180,0.0354,-0.1498,0.2294,-0.5754,0.7706,2.208,,,,,,,
52,Left,3,0.0000,0.0000,0.0325,0.1417,-0.0577,0.0827,0.9848,2.208,,,,,,,
52,Left,4,0.0000,0.0000,0.0338,-0.0691,0.0659,-0.0837,0.9919,2.208,,,,,,,
52,Left,5,-0.0007,0.0010,0.0246,0.0000,0.0000,0.0000,1.0000,2.208,,,,,,,
52,Left,6,0.0192,-0.0105,0.0369,0.0000,0.0000,0.0000,1.0000,2.208,,,,,,,
52,Left,7,0.0044,0.0032,0.0591,0.0716,-0.0464,-0.0305,0.9959,2.208,,,,,,,
52,Left,8,0.0000,0.0000,0.0379,0.2311,-0.0010,0.0263,0.9726,2.208,,,,,,,
52,Left,9,0.0000,0.0000,0.0243,0.0953,-0.0243,0.0168,0.9950,2.208,,,,,,,
52,Left,10,-0.0003,0.0010,0.0224,0.0000,0.0000,0.0000,1.0000,2.208,,,,,,,
52,Left,11,0.0030,-0.0081,0.0348,0.0000,0.0000,0.0000,1.0000,2.208,,,,,,,
52,Left,12,-0.0012,0.0056,0.0609,0.1227,-0.0797,0.0146,0.9891,2.208,,,,,,,
52,Left,13,0.0000,0.0000,0.0429,0.2395,-0.0015,0.0125,0.9708,2.208,,,,,,,
52,Left,14,0.0000,0.0000,0.0275,0.0630,0.0022,0.0497,0.9968,2.208,,,,,,,
52,Left,15,-0.0003,0.0011,0.0250,0.0000,0.0000,0.0000,1.0000,2.208,,,,,,,
52,Left,16,-0.0150,-0.0060,0.0348,0.0000,0.0000,0.0000,1.0000,2.208,,,,,,,
52,Left,17,-0.0025,-0.0005,0.0539,0.1154,-0.1037,0.0597,0.9861,2.208,,,,,,,
52,Left,18,0.0000,0.0000,0.0390,0.2080,0.0041,0.0380,0.9774,2.208,,,,,,,
52,Left,19,0.0000,0.0000,0.0266,0.0872,0.0296,0.0087,0.9957,2.208,,,,,,,
52,Left,20,-0.0003,0.0016,0.0243,0.0000,0.0000,0.0000,1.0000,2.208,,,,,,,
52,Left,21,-0.0230,-0.0094,0.0341,0.0183,-0.1403,0.2070,0.9680,2.208,,,,,,,
52,Left,22,0.0000,0.0000,0.0457,0.1076,-0.0010,-0.0876,0.9903,2.208,,,,,,,
52,Left,23,0.0000,0.0000,0.0307,0.2043,-0.0336,0.0559,0.9767,2.208,,,,,,,
52,Left,24,0.0000,0.0000,0.0203,0.0496,0.0491,-0.0009,0.9976,2.208,,,,,,,
52,Left,25,0.0002,0.0012,0.0219,0.0000,0.0000,0.0000,1.0000,2.208,,,,,,,
52,Right,0,-0.0027,-0.0051,0.0650,0.0000,0.0000,0.0000,1.0000,2.208,,,,,,,
52,Right,1,0.0000,0.0000,0.0000,0.0000,0.0000,0.0000,1.0000,2.208,0.1196,0.1336,0.0460,0.3233,-0.0884,-0.7861,0.5193
52,Right,2,-0.0303,-0.0160,0.0345,-0.1035,-0.3492,0.5641,0.7410,2.208,,,,,,,
52,Right,3,0.0000,0.0000,0.0325,0.1388,0.0580,-0.0827,0.9852,2.208,,,,,,,
52,Right,4,0.0000,0.0000,0.0338,0.1764,-0.0449,0.0770,0.9803,2.208,,,,,,,
52,Right,5,0.0007,0.0010,0.0246,0.0000,0.0000,0.0000,1.0000,2.208,,,,,,,
52,Right,6,-0.0198,-0.0095,0.0364,0.0000,0.0000,0.0000,1.0000,2.208,,,,,,,
52,Right,7,-0.0037,0.0022,0.0596,0.2239,0.0838,0.0219,0.9707,2.208,,,,,,,
52,Right,8,0.0000,0.0000,0.0379,0.2084,0.0017,-0.0263,0.9777,2.208,,,,,,,
52,Right,9,0.0000,0.0000,0.0243,0.0924,0.0244,-0.0168,0.9953,2.208,,,,,,,
52,Right,10,0.0003,0.0010,0.0224,0.0000,0.0000,0.0000,1.0000,2.208,,,,,,,
52,Right,11,-0.0036,-0.0076,0.0343,0.0000,0.0000,0.0000,1.0000,2.208,,,,,,,
52,Right,12,0.0019,0.0051,0.0614,0.2724,0.1066,-0.0330,0.9557,2.208,,,,,,,
52,Right,13,0.0000,0.0000,0.0429,0.1614,0.0025,-0.0121,0.9868,2.208,,,,,,,
52,Right,14,0.0000,0.0000,0.0275,0.0289,-0.0007,-0.0464,0.9985,2.208,,,,,,,
52,Right,15,0.0003,0.0011,0.0250,0.0000,0.0000,0.0000,1.0000,2.208,,,,,,,
52,Right,16,0.0150,-0.0060,0.0348,0.0000,0.0000,0.0000,1.0000,2.208,,,,,,,
52,Right,17,0.0025,-0.0005,0.0539,0.2557,0.1236,-0.0789,0.9556,2.208,,,,,,,
52,Right,18,0.0000,0.0000,0.0390,0.1349,-0.0016,-0.0366,0.9902,2.208,,,,,,,
52,Right,19,0.0000,0.0000,0.0266,0.0714,-0.0296,-0.0080,0.9970,2.208,,,,,,,
52,Right,20,0.0003,0.0016,0.0243,0.0000,0.0000,0.0000,1.0000,2.208,,,,,,,
52,Right,21,0.0230,-0.0094,0.0341,0.0183,0.1403,-0.2070,0.9680,2.208,,,,,,,
52,Right,22,0.0000,0.0000,0.0457,0.1506,0.0309,0.0817,0.9847,2.208,,,,,,,
52,Right,23,0.0000,0.0000,0.0307,0.1603,0.0356,-0.0523,0.9850,2.208,,,,,,,
52,Right,24,0.0000,0.0000,0.0203,0.0258,-0.0491,0.0008,0.9985,2.208,,,,,,,
52,Right,25,-0.0002,0.0012,0.0219,0.0000,0.0000,0.0000,1.0000,2.208,,,,,,,
53,Left,0,0.0024,-0.0053,0.0652,0.0000,0.0000,0.0000,1.0000,2.250,,,,,,,
53,Left,1,0.0000,0.0000,0.0000,0.0000,0.0000,0.0000,1.0000,2.250,-0.0134,0.1218,-0.0781,0.1880,0.2810,-0.6156,-0.7119
53,Left,2,0.0289,-0.0180,0.0354,-0.1497,0.2305,-0.5749,0.7707,2.250,,,,,,,
53,Left,3,0.0000,0.0000,0.0325,0.1449,-0.0574,0.0826,0.9843,2.250,,,,,,,
53,Left,4,0.0000,0.0000,0.0338,-0.0691,0.0659,-0.0837,0.9919,2.250,,,,,,,
53,Left,5,-0.0007,0.0010,0.0246,0.0000,0.0000,0.0000,1.0000,2.250,,,,,,,
53,Left,6,0.0192,-0.0105,0.0369,0.0000,0.0000,0.0000,1.0000,2.250,,,,,,,
53,Left,7,0.0044,0.0031,0.0591,0.0702,-0.0455,-0.0306,0.9960,2.250,,,,,,,
53,Left,8,0.0000,0.0000,0.0379,0.2310,-0.0010,0.0263,0.9726,2.250,,,,,,,
53,Left,9,0.0000,0.0000,0.0243,0.0948,-0.0244,0.0168,0.9951,2.250,,,,,,,
53,Left,10,-0.0003,0.0010,0.0224,0.0000,0.0000,0.0000,1.0000,2.250,,,,,,,
53,Left,11,0.0030,-0.0081,0.0347,0.0000,0.0000,0.0000,1.0000,2.250,,,,,,,
53,Left,12,-0.0012,0.0056,0.0609,0.1203,-0.0799,0.0144,0.9894,2.250,,,,,,,
53,Left,13,0.0000,0.0000,0.0429,0.2398,-0.0015,0.0125,0.9708,2.250,,,,,,,
53,Left,14,0.0000,0.0000,0.0275,0.0632,0.0022,0.0497,0.9968,2.250,,,,,,,
53,Left,15,-0.0003,0.0011,0.0250,0.0000,0.0000,0.0000,1.0000,2.250,,,,,,,
53,Left,16,-0.0150,-0.0060,0.0348,0.0000,0.0000,0.0000,1.0000,2.250,,,,,,,
53,Left,17,-0.0025,-0.0005,0.0539,0.1143,-0.1042,0.0596,0.9862,2.250,,,,,,,
53,Left,18,0.0000,0.0000,0.0390,0.2082,0.0041,0.0380,0.9773,2.250,,,,,,,
53,Left,19,0.0000,0.0000,0.0266,0.0871,0.0296,0.0087,0.9957,2.250,,,,,,,
53,Left,20,-0.0003,0.0016,0.0243,0.0000,0.0000,0.0000,1.0000,2.250,,,,,,,
53,Left,21,-0.0230,-0.0094,0.0341,0.0183,-0.1403,0.2070,0.9680,2.250,,,,,,,
53,Left,22,0.0000,0.0000,0.0457,0.1064,-0.0017,-0.0875,0.9905,2.250,,,,,,,
53,Left,23,0.0000,0.0000,0.0307,0.2045,-0.0336,0.0559,0.9767,2.250,,,,,,,
53,Left,24,0.0000,0.0000,0.0203,0.0496,0.0491,-0.0009,0.9976,2.250,,,,,,,
53,Left,25,0.0002,0.0012,0.0219,0.0000,0.0000,0.0000,1.0000,2.250,,,,,,,
53,Right,0,-0.0027,-0.0051,0.0650,0.0000,0.0000,0.0000,1.0000,2.250,,,,,,,
53,Right,1,0.0000,0.0000,0.0000,0.0000,0.0000,0.0000,1.0000,2.250,0.1190,0.1348,0.0490,0.3376,-0.0996,-0.7848,0.5102
53,Right,2,-0.0302,-0.0160,0.0345,-0.1026,-0.3501,0.5646,0.7403,2.250,,,,,,,
53,Right,3,0.0000,0.0000,0.0325,0.1367,0.0582,-0.0827,0.9854,2.250,,,,,,,
53,Right,4,0.0000,0.0000,0.0338,0.1679,-0.0456,0.0773,0.9817,2.250,,,,,,,
53,Right,5,0.0007,0.0010,0.0246,0.0000,0.0000,0.0000,1.0000,2.250,,,,,,,
53,Right,6,-0.0198,-0.0095,0.0364,0.0000,0.0000,0.0000,1.0000,2.250,,,,,,,
53,Right,7,-0.0037,0.0022,0.0596,0.2235,0.0832,0.0220,0.9709,2.250,,,,,,,
53,Right,8,0.0000,0.0000,0.0379,0.2079,0.0017,-0.0263,0.9778,2.250,,,,,,,
53,Right,9,0.0000,0.0000,0.0243,0.0924,0.0244,-0.0168,0.9953,2.250,,,,,,,
53,Right,10,0.0003,0.0010,0.0224,0.0000,0.0000,0.0000,1.0000,2.250,,,,,,,
53,Right,11,-0.0036,-0.0076,0.0343,0.0000,0.0000,0.0000,1.0000,2.250,,,,,,,
53,Right,12,0.0019,0.0051,0.0614,0.2715,0.1064,-0.0328,0.9560,2.250,,,,,,,
53,Right,13,0.0000,0.0000,0.0429,0.1621,0.0025,-0.0121,0.9867,2.250,,,,,,,
53,Right,14,0.0000,0.0000,0.0275,0.0298,-0.0007,-0.0465,0.9985,2.250,,,,,,,
53,Right,15,0.0003,0.0011,0.0250,0.0000,0.0000,0.0000,1.0000,2.250,,,,,,,
53,Right,16,0.0150,-0.0060,0.0348,0.0000,0.0000,0.0000,1.0000,2.250,,,,,,,
53,Right,17,0.0025,-0.0005,0.0539,0.2530,0.1241,-0.0786,0.9562,2.250,,,,,,,
53,Right,18,0.0000,0.0000,0.0390,0.1354,-0.0016,-0.0366,0.9901,2.250,,,,,,,
53,Right,19,0.0000,0.0000,0.0266,0.0720,-0.0296,-0.0080,0.9969,2.250,,,,,,,
53,Right,20,0.0003,0.0016,0.0243,0.0000,0.0000,0.0000,1.0000,2.250,,,,,,,
53,Right,21,0.0230,-0.0094,0.0341,0.0183,0.1403,-0.2070,0.9680,2.250,,,,,,,
53,Right,22,0.0000,0.0000,0.0457,0.1467,0.0318,0.0818,0.9853,2.250,,,,,,,
53,Right,23,0.0000,0.0000,0.0307,0.1599,0.0357,-0.0523,0.9851,2.250,,,,,,,
53,Right,24,0.0000,0.0000,0.0203,0.0257,-0.0491,0.0008,0.9985,2.250,,,,,,,
53,Right,25,-0.0002,0.0012,0.0219,0.0000,0.0000,0.0000,1.0000,2.250,,,,,,,
54,Left,0,0.0024,-0.0053,0.0652,0.0000,0.0000,0.0000,1.0000,2.291,,,,,,,
54,Left,1,0.0000,0.0000,0.0000,0.0000,0.0000,0.0000,1.0000,2.291,-0.0107,0.1228,-0.0804,0.1883,0.2889,-0.6080,-0.7151
54,Left,2,0.0290,-0.0180,0.0354,-0.1499,0.2315,-0.5741,0.7709,2.291,,,,,,,
54,Left,3,0.0000,0.0000,0.0325,0.1473,-0.0572,0.0826,0.9840,2.291,,,,,,,
54,Left,4,0.0000,0.0000,0.0338,-0.0693,0.0659,-0.0837,0.9919,2.291,,,,,,,
54,Left,5,-0.0007,0.0010,0.0246,0.0000,0.0000,0.0000,1.0000,2.291,,,,,,,
54,Left,6,0.0192,-0.0104,0.0369,0.0000,0.0000,0.0000,1.0000,2.291,,,,,,,
54,Left,7,0.0043,0.0031,0.0591,0.0687,-0.0449,-0.0306,0.9962,2.291,,,,,,,
54,Left,8,0.0000,0.0000,0.0379,0.2305,-0.0010,0.0263,0.9727,2.291,,,,,,,
54,Left,9,0.0000,0.0000,0.0243,0.0938,-0.0244,0.0168,0.9952,2.291,,,,,,,
54,Left,10,-0.0003,0.0010,0.0224,0.0000,0.0000,0.0000,1.0000,2.291,,,,,,,
54,Left,11,0.0030,-0.0081,0.0347,0.0000,0.0000,0.0000,1.0000,2.291,,,,,,,
54,Left,12,-0.0013,0.0056,0.0609,0.1169,-0.0803,0.0142,0.9898,2.291,,,,,,,
54,Left,13,0.0000,0.0000,0.0429,0.2396,-0.0015,0.0125,0.9708,2.291,,,,,,,
54,Left,14,0.0000,0.0000,0.0275,0.0630,0.0022,0.0497,0.9968,2.291,,,,,,,
54,Left,15,-0.0003,0.0011,0.0250,0.0000,0.0000,0.0000,1.0000,2.291,,,,,,,
54,Left,16,-0.0150,-0.0060,0.0348,0.0000,0.0000,0.0000,1.0000,2.291,,,,,,,
54,Left,17,-0.0025,-0.0005,0.0539,0.1133,-0.1047,0.0596,0.9862,2.291,,,,,,,
54,Left,18,0.0000,0.0000,0.0390,0.2078,0.0040,0.0380,0.9774,2.291,,,,,,,
54,Left,19,0.0000,0.0000,0.0266,0.0867,0.0296,0.0087,0.9958,2.291,,,,,,,
54,Left,20,-0.0003,0.0016,0.0243,0.0000,0.0000,0.0000,1.0000,2.291,,,,,,,
54,Left,21,-0.0230,-0.0094,0.0341,0.0183,-0.1403,0.2070,0.9680,2.291,,,,,,,
54,Left,22,0.0000,0.0000,0.0457,0.1048,-0.0024,-0.0875,0.9906,2.291,,,,,,,
54,Left,23,0.0000,0.0000,0.0307,0.2043,-0.0336,0.0559,0.9767,2.291,,,,,,,
54,Left,24,0.0000,0.0000,0.0203,0.0493,0.0491,-0.0009,0.9976,2.291,,,,,,,
54,Left,25,0.0002,0.0012,0.0219,0.0000,0.0000,0.0000,1.0000,2.291,,,,,,,
54,Right,0,-0.0027,-0.0051,0.0650,0.0000,0.0000,0.0000,1.0000,2.291,,,,,,,
54,Right,1,0.0000,0.0000,0.0000,0.0000,0.0000,0.0000,1.0000,2.291,0.1175,0.1344,0.0546,0.3531,-0.1080,-0.7825,0.5013
54,Right,2,-0.0302,-0.0161,0.0345,-0.1015,-0.3511,0.5652,0.7396,2.291,,,,,,,
54,Right,3,0.0000,0.0000,0.0325,0.1359,0.0582,-0.0827,0.9855,2.291,,,,,,,
54,Right,4,0.0000,0.0000,0.0338,0.1649,-0.0459,0.0774,0.9822,2.291,,,,,,,
54,Right,5,0.0007,0.0010,0.0246,0.0000,0.0000,0.0000,1.0000,2.291,,,,,,,
54,Right,6,-0.0198,-0.0095,0.0364,0.0000,0.0000,0.0000,1.0000,2.291,,,,,,,
54,Right,7,-0.0037,0.0022,0.0596,0.2253,0.0822,0.0221,0.9706,2.291,,,,,,,
54,Right,8,0.0000,0.0000,0.0379,0.2066,0.0017,-0.0263,0.9781,2.291,,,,,,,
54,Right,9,0.0000,0.0000,0.0243,0.0916,0.0244,-0.0168,0.9954,2.291,,,,,,,
54,Right,10,0.0003,0.0010,0.0224,0.0000,0.0000,0.0000,1.0000,2.291,,,,,,,
54,Right,11,-0.0036,-0.0076,0.0343,0.0000,0.0000,0.0000,1.0000,2.291,,,,,,,
54,Right,12,0.0019,0.0051,0.0614,0.2720,0.1061,-0.0328,0.9559,2.291,,,,,,,
54,Right,13,0.0000,0.0000,0.0429,0.1624,0.0025,-0.0121,0.9866,2.291,,,,,,,
54,Right,14,0.0000,0.0000,0.0275,0.0305,-0.0008,-0.0466,0.9984,2.291,,,,,,,
54,Right,15,0.0003,0.0011,0.0250,0.0000,0.0000,0.0000,1.0000,2.291,,,,,,,
54,Right,16,0.0150,-0.0060,0.0348,0.0000,0.0000,0.0000,1.0000,2.291,,,,,,,
54,Right,17,0.0025,-0.0005,0.0539,0.2524,0.1246,-0.0786,0.9564,2.291,,,,,,,
54,Right,18,0.0000,0.0000,0.0390,0.1356,-0.0016,-0.0366,0.9901,2.291,,,,,,,
54,Right,19,0.0000,0.0000,0.0266,0.0726,-0.0296,-0.0080,0.9969,2.291,,,,,,,
54,Right,20,0.0003,0.0016,0.0243,0.0000,0.0000,0.0000,1.0000,2.291,,,,,,,
54,Right,21,0.0230,-0.0094,0.0341,0.0183,0.1403,-0.2070,0.9680,2.291,,,,,,,
54,Right,22,0.0000,0.0000,0.0457,0.1457,0.0331,0.0817,0.9854,2.291,,,,,,,
54,Right,23,0.0000,0.0000,0.0307,0.1594,0.0357,-0.0523,0.9852,2.291,,,,,,,
54,Right,24,0.0000,0.0000,0.0203,0.0258,-0.0491,0.0008,0.9985,2.291,,,,,,,
54,Right,25,-0.0002,0.0012,0.0219,0.0000,0.0000,0.0000,1.0000,2.291,,,,,,,
55,Left,0,0.0024,-0.0053,0.0652,0.0000,0.0000,0.0000,1.0000,2.333,,,,,,,
55,Left,1,0.0000,0.0000,0.0000,0.0000,0.0000,0.0000,1.0000,2.333,-0.0077,0.1235,-0.0825,0.1874,0.2973,-0.6026,-0.7165
55,Left,2,0.0290,-0.0179,0.0354,-0.1502,0.2324,-0.5732,0.7713,2.333,,,,,,,
55,Left,3,0.0000,0.0000,0.0325,0.1497,-0.0569,0.0826,0.9836,2.333,,,,,,,
55,Left,4,0.0000,0.0000,0.0338,-0.0698,0.0659,-0.0837,0.9919,2.333,,,,,,,
55,Left,5,-0.0007,0.0010,0.0246,0.0000,0.0000,0.0000,1.0000,2.333,,,,,,,
55,Left,6,0.0192,-0.0104,0.0369,0.0000,0.0000,0.0000,1.0000,2.333,,,,,,,
55,Left,7,0.0043,0.0031,0.0591,0.0671,-0.0442,-0.0306,0.9963,2.333,,,,,,,
55,Left,8,0.0000,0.0000,0.0379,0.2300,-0.0011,0.0263,0.9728,2.333,,,,,,,
55,Left,9,0.0000,0.0000,0.0243,0.0927,-0.0244,0.0168,0.9953,2.333,,,,,,,
55,Left,10,-0.0003,0.0010,0.0224,0.0000,0.0000,0.0000,1.0000,2.333,,,,,,,
55,Left,11,0.0030,-0.0081,0.0347,0.0000,0.0000,0.0000,1.0000,2.333,,,,,,,
55,Left,12,-0.0013,0.0056,0.0609,0.1147,-0.0806,0.0141,0.9900,2.333,,,,,,,
55,Left,13,0.0000,0.0000,0.0429,0.2392,-0.0015,0.0125,0.9709,2.333,,,,,,,
55,Left,14,0.0000,0.0000,0.0275,0.0623,0.0022,0.0496,0.9968,2.333,,,,,,,
55,Left,15,-0.0003,0.0011,0.0250,0.0000,0.0000,0.0000,1.0000,2.333,,,,,,,
55,Left,16,-0.0150,-0.0060,0.0348,0.0000,0.0000,0.0000,1.0000,2.333,,,,,,,
55,Left,17,-0.0025,-0.0005,0.0539,0.1122,-0.1052,0.0595,0.9863,2.333,,,,,,,
55,Left,18,0.0000,0.0000,0.0390,0.2069,0.0040,0.0380,0.9776,2.333,,,,,,,
55,Left,19,0.0000,0.0000,0.0266,0.0859,0.0296,0.0087,0.9958,2.333,,,,,,,
55,Left,20,-0.0003,0.0016,0.0243,0.0000,0.0000,0.0000,1.0000,2.333,,,,,,,
55,Left,21,-0.0230,-0.0094,0.0341,0.0183,-0.1403,0.2070,0.9680,2.333,,,,,,,
55,Left,22,0.0000,0.0000,0.0457,0.1031,-0.0029,-0.0876,0.9908,2.333,,,,,,,
55,Left,23,0.0000,0.0000,0.0307,0.2041,-0.0336,0.0559,0.9768,2.333,,,,,,,
55,Left,24,0.0000,0.0000,0.0203,0.0487,0.0491,-0.0009,0.9976,2.333,,,,,,,
55,Left,25,0.0002,0.0012,0.0219,0.0000,0.0000,0.0000,1.0000,2.333,,,,,,,
55,Right,0,-0.0027,-0.0051,0.0650,0.0000,0.0000,0.0000,1.0000,2.333,,,,,,,
55,Right,1,0.0000,0.0000,0.0000,0.0000,0.0000,0.0000,1.0000,2.333,0.1156,0.1323,0.0609,0.3691,-0.1201,-0.7784,0.4934
55,Right,2,-0.0302,-0.0161,0.0345,-0.1006,-0.3522,0.5655,0.7389,2.333,,,,,,,
55,Right,3,0.0000,0.0000,0.0325,0.1360,0.0582,-0.0827,0.9855,2.333,,,,,,,
55,Right,4,0.0000,0.0000,0.0338,0.1637,-0.0460,0.0774,0.9824,2.333,,,,,,,
55,Right,5,0.0007,0.0010,0.0246,0.0000,0.0000,0.0000,1.0000,2.333,,,,,,,
55,Right,6,-0.0198,-0.0095,0.0364,0.0000,0.0000,0.0000,1.0000,2.333,,,,,,,
55,Right,7,-0.0037,0.0022,0.0596,0.2398,0.0812,0.0215,0.9672,2.333,,,,,,,
55,Right,8,0.0000,0.0000,0.0379,0.2045,0.0018,-0.0263,0.9785,2.333,,,,,,,
55,Right,9,0.0000,0.0000,0.0243,0.0904,0.0244,-0.0168,0.9955,2.333,,,,,,,
55,Right,10,0.0003,0.0010,0.0224,0.0000,0.0000,0.0000,1.0000,2.333,,,,,,,
55,Right,11,-0.0036,-0.0076,0.0343,0.0000,0.0000,0.0000,1.0000,2.333,,,,,,,
55,Right,12,0.0019,0.0051,0.0614,0.2747,0.1057,-0.0330,0.9551,2.333,,,,,,,
55,Right,13,0.0000,0.0000,0.0429,0.1620,0.0025,-0.0121,0.9867,2.333,,,,,,,
55,Right,14,0.0000,0.0000,0.0275,0.0309,-0.0008,-0.0466,0.9984,2.333,,,,,,,
55,Right,15,0.0003,0.0011,0.0250,0.0000,0.0000,0.0000,1.0000,2.333,,,,,,,
55,Right,16,0.0150,-0.0060,0.0348,0.0000,0.0000,0.0000,1.0000,2.333,,,,,,,
55,Right,17,0.0025,-0.0005,0.0539,0.2528,0.1250,-0.0788,0.9562,2.333,,,,,,,
55,Right,18,0.0000,0.0000,0.0390,0.1355,-0.0016,-0.0366,0.9901,2.333,,,,,,,
55,Right,19,0.0000,0.0000,0.0266,0.0729,-0.0296,-0.0081,0.9969,2.333,,,,,,,
55,Right,20,0.0003,0.0016,0.0243,0.0000,0.0000,0.0000,1.0000,2.333,,,,,,,
55,Right,21,0.0230,-0.0094,0.0341,0.0183,0.1403,-0.2070,0.9680,2.333,,,,,,,
55,Right,22,0.0000,0.0000,0.0457,0.1457,0.0343,0.0815,0.9854,2.333,,,,,,,
55,Right,23,0.0000,0.0000,0.0307,0.1587,0.0357,-0.0522,0.9853,2.333,,,,,,,
55,Right,24,0.0000,0.0000,0.0203,0.0260,-0.0491,0.0008,0.9985,2.333,,,,,,,
55,Right,25,-0.0002,0.0012,0.0219,0.0000,0.0000,0.0000,1.0000,2.333,,,,,,,
56,Left,0,0.0024,-0.0053,0.0652,0.0000,0.0000,0.0000,1.0000,2.375,,,,,,,
56,Left,1,0.0000,0.0000,0.0000,0.0000,0.0000,0.0000,1.0000,2.375,-0.0045,0.1235,-0.0848,0.1875,0.3050,-0.5973,-0.7177
56,Left,2,0.0291,-0.0178,0.0353,-0.1507,0.2332,-0.5722,0.7716,2.375,,,,,,,
56,Left,3,0.0000,0.0000,0.0325,0.1515,-0.0568,0.0826,0.9834,2.375,,,,,,,
56,Left,4,0.0000,0.0000,0.0338,-0.0704,0.0660,-0.0837,0.9918,2.375,,,,,,,
56,Left,5,-0.0007,0.0010,0.0246,0.0000,0.0000,0.0000,1.0000,2.375,,,,,,,
56,Left,6,0.0192,-0.0104,0.0369,0.0000,0.0000,0.0000,1.0000,2.375,,,,,,,
56,Left,7,0.0043,0.0031,0.0591,0.0653,-0.0439,-0.0307,0.9964,2.375,,,,,,,
56,Left,8,0.0000,0.0000,0.0379,0.2299,-0.0011,0.0263,0.9729,2.375,,,,,,,
56,Left,9,0.0000,0.0000,0.0243,0.0918,-0.0244,0.0168,0.9953,2.375,,,,,,,
56,Left,10,-0.0003,0.0010,0.0224,0.0000,0.0000,0.0000,1.0000,2.375,,,,,,,
56,Left,11,0.0030,-0.0081,0.0347,0.0000,0.0000,0.0000,1.0000,2.375,,,,,,,
56,Left,12,-0.0013,0.0055,0.0609,0.1142,-0.0810,0.0141,0.9900,2.375,,,,,,,
56,Left,13,0.0000,0.0000,0.0429,0.2388,-0.0015,0.0125,0.9710,2.375,,,,,,,
56,Left,14,0.0000,0.0000,0.0275,0.0615,0.0021,0.0496,0.9969,2.375,,,,,,,
56,Left,15,-0.0003,0.0011,0.0250,0.0000,0.0000,0.0000,1.0000,2.375,,,,,,,
56,Left,16,-0.0150,-0.0060,0.0348,0.0000,0.0000,0.0000,1.0000,2.375,,,,,,,
56,Left,17,-0.0025,-0.0005,0.0539,0.1118,-0.1058,0.0595,0.9863,2.375,,,,,,,
56,Left,18,0.0000,0.0000,0.0390,0.2058,0.0040,0.0380,0.9778,2.375,,,,,,,
56,Left,19,0.0000,0.0000,0.0266,0.0848,0.0296,0.0086,0.9959,2.375,,,,,,,
56,Left,20,-0.0003,0.0016,0.0243,0.0000,0.0000,0.0000,1.0000,2.375,,,,,,,
56,Left,21,-0.0230,-0.0094,0.0341,0.0183,-0.1403,0.2070,0.9680,2.375,,,,,,,
56,Left,22,0.0000,0.0000,0.0457,0.1020,-0.0036,-0.0876,0.9909,2.375,,,,,,,
56,Left,23,0.0000,0.0000,0.0307,0.2042,-0.0336,0.0559,0.9768,2.375,,,,,,,
56,Left,24,0.0000,0.0000,0.0203,0.0480,0.0491,-0.0009,0.9976,2.375,,,,,,,
56,Left,25,0.0002,0.0012,0.0219,0.0000,0.0000,0.0000,1.0000,2.375,,,,,,,
56,Right,0,-0.0027,-0.0051,0.0650,0.0000,0.0000,0.0000,1.0000,2.375,,,,,,,
56,Right,1,0.0000,0.0000,0.0000,0.0000,0.0000,0.0000,1.0000,2.375,0.1133,0.1315,0.0653,0.3792,-0.1266,-0.7769,0.4864
56,Right,2,-0.0302,-0.0160,0.0345,-0.1003,-0.3529,0.5654,0.7387,2.375,,,,,,,
56,Right,3,0.0000,0.0000,0.0325,0.1367,0.0582,-0.0827,0.9854,2.375,,,,,,,
56,Right,4,0.0000,0.0000,0.0338,0.1627,-0.0461,0.0775,0.9826,2.375,,,,,,,
56,Right,5,0.0007,0.0010,0.0246,0.0000,0.0000,0.0000,1.0000,2.375,,,,,,,
56,Right,6,-0.0198,-0.0095,0.0364,0.0000,0.0000,0.0000,1.0000,2.375,,,,,,,
56,Right,7,-0.0037,0.0022,0.0596,0.2538,0.0804,0.0210,0.9637,2.375,,,,,,,
56,Right,8,0.0000,0.0000,0.0379,0.1929,0.0021,-0.0264,0.9809,2.375,,,,,,,
56,Right,9,0.0000,0.0000,0.0243,0.0888,0.0245,-0.0168,0.9956,2.375,,,,,,,
56,Right,10,0.0003,0.0010,0.0224,0.0000,0.0000,0.0000,1.0000,2.375,,,,,,,
56,Right,11,-0.0036,-0.0076,0.0343,0.0000,0.0000,0.0000,1.0000,2.375,,,,,,,
56,Right,12,0.0019,0.0051,0.0614,0.2895,0.1046,-0.0344,0.9508,2.375,,,,,,,
56,Right,13,0.0000,0.0000,0.0429,0.1586,0.0025,-0.0121,0.9873,2.375,,,,,,,
56,Right,14,0.0000,0.0000,0.0275,0.0304,-0.0008,-0.0466,0.9985,2.375,,,,,,,
56,Right,15,0.0003,0.0011,0.0250,0.0000,0.0000,0.0000,1.0000,2.375,,,,,,,
56,Right,16,0.0150,-0.0060,0.0348,0.0000,0.0000,0.0000,1.0000,2.375,,,,,,,
56,Right,17,0.0025,-0.0005,0.0539,0.2572,0.1249,-0.0794,0.9550,2.375,,,,,,,
56,Right,18,0.0000,0.0000,0.0390,0.1337,-0.0015,-0.0366,0.9903,2.375,,,,,,,
56,Right,19,0.0000,0.0000,0.0266,0.0724,-0.0296,-0.0080,0.9969,2.375,,,,,,,
56,Right,20,0.0003,0.0016,0.0243,0.0000,0.0000,0.0000,1.0000,2.375,,,,,,,
56,Right,21,0.0230,-0.0094,0.0341,0.0183,0.1403,-0.2070,0.9680,2.375,,,,,,,
56,Right,22,0.0000,0.0000,0.0457,0.1473,0.0352,0.0813,0.9851,2.375,,,,,,,
56,Right,23,0.0000,0.0000,0.0307,0.1571,0.0358,-0.0521,0.9856,2.375,,,,,,,
56,Right,24,0.0000,0.0000,0.0203,0.0260,-0.0491,0.0008,0.9985,2.375,,,,,,,
56,Right,25,-0.0002,0.0012,0.0219,0.0000,0.0000,0.0000,1.0000,2.375,,,,,,,
57,Left,0,0.0024,-0.0053,0.0652,0.0000,0.0000,0.0000,1.0000,2.416,,,,,,,
57,Left,1,0.0000,0.0000,0.0000,0.0000,0.0000,0.0000,1.0000,2.416,-0.0006,0.1231,-0.0875,0.1886,0.3087,-0.5936,-0.7189
57,Left,2,0.0291,-0.0178,0.0353,-0.1512,0.2339,-0.5713,0.7721,2.416,,,,,,,
57,Left,3,0.0000,0.0000,0.0325,0.1533,-0.0566,0.0826,0.9831,2.416,,,,,,,
57,Left,4,0.0000,0.0000,0.0338,-0.0711,0.0660,-0.0837,0.9917,2.416,,,,,,,
57,Left,5,-0.0007,0.0010,0.0246,0.0000,0.0000,0.0000,1.0000,2.416,,,,,,,
57,Left,6,0.0193,-0.0104,0.0369,0.0000,0.0000,0.0000,1.0000,2.416,,,,,,,
57,Left,7,0.0043,0.0030,0.0591,0.0637,-0.0436,-0.0307,0.9965,2.416,,,,,,,
57,Left,8,0.0000,0.0000,0.0379,0.2300,-0.0011,0.0263,0.9728,2.416,,,,,,,
57,Left,9,0.0000,0.0000,0.0243,0.0909,-0.0244,0.0168,0.9954,2.416,,,,,,,
57,Left,10,-0.0003,0.0010,0.0224,0.0000,0.0000,0.0000,1.0000,2.416,,,,,,,
57,Left,11,0.0031,-0.0081,0.0347,0.0000,0.0000,0.0000,1.0000,2.416,,,,,,,
57,Left,12,-0.0013,0.0055,0.0610,0.1143,-0.0816,0.0141,0.9900,2.416,,,,,,,
57,Left,13,0.0000,0.0000,0.0429,0.2384,-0.0016,0.0125,0.9711,2.416,,,,,,,
57,Left,14,0.0000,0.0000,0.0275,0.0606,0.0021,0.0495,0.9969,2.416,,,,,,,
57,Left,15,-0.0003,0.0011,0.0250,0.0000,0.0000,0.0000,1.0000,2.416,,,,,,,
57,Left,16,-0.0150,-0.0060,0.0348,0.0000,0.0000,0.0000,1.0000,2.416,,,,,,,
57,Left,17,-0.0025,-0.0005,0.0539,0.1119,-0.1066,0.0595,0.9862,2.416,,,,,,,
57,Left,18,0.0000,0.0000,0.0390,0.2046,0.0039,0.0380,0.9781,2.416,,,,,,,
57,Left,19,0.0000,0.0000,0.0266,0.0836,0.0296,0.0086,0.9960,2.416,,,,,,,
57,Left,20,-0.0003,0.0016,0.0243,0.0000,0.0000,0.0000,1.0000,2.416,,,,,,,
57,Left,21,-0.0230,-0.0094,0.0341,0.0183,-0.1403,0.2070,0.9680,2.416,,,,,,,
57,Left,22,0.0000,0.0000,0.0457,0.1012,-0.0042,-0.0875,0.9910,2.416,,,,,,,
57,Left,23,0.0000,0.0000,0.0307,0.2046,-0.0336,0.0559,0.9767,2.416,,,,,,,
57,Left,24,0.0000,0.0000,0.0203,0.0472,0.0491,-0.0009,0.9977,2.416,,,,,,,
57,Left,25,0.0002,0.0012,0.0219,0.0000,0.0000,0.0000,1.0000,2.416,,,,,,,
57,Right,0,-0.0027,-0.0051,0.0650,0.0000,0.0000,0.0000,1.0000,2.416,,,,,,,
57,Right,1,0.0000,0.0000,0.0000,0.0000,0.0000,0.0000,1.0000,2.416,0.1115,0.1301,0.0696,0.3869,-0.1316,-0.7749,0.4822
57,Right,2,-0.0302,-0.0160,0.0345,-0.1003,-0.3533,0.5653,0.7386,2.416,,,,,,,
57,Right,3,0.0000,0.0000,0.0325,0.1372,0.0581,-0.0827,0.9854,2.416,,,,,,,
57,Right,4,0.0000,0.0000,0.0338,0.1594,-0.0464,0.0776,0.9831,2.416,,,,,,,
57,Right,5,0.0007,0.0010,0.0246,0.0000,0.0000,0.0000,1.0000,2.416,,,,,,,
57,Right,6,-0.0198,-0.0095,0.0364,0.0000,0.0000,0.0000,1.0000,2.416,,,,,,,
57,Right,7,-0.0037,0.0022,0.0596,0.2576,0.0798,0.0210,0.9627,2.416,,,,,,,
57,Right,8,0.0000,0.0000,0.0379,0.1795,0.0024,-0.0263,0.9834,2.416,,,,,,,
57,Right,9,0.0000,0.0000,0.0243,0.0859,0.0245,-0.0168,0.9959,2.416,,,,,,,
57,Right,10,0.0003,0.0010,0.0224,0.0000,0.0000,0.0000,1.0000,2.416,,,,,,,
57,Right,11,-0.0036,-0.0076,0.0343,0.0000,0.0000,0.0000,1.0000,2.416,,,,,,,
57,Right,12,0.0019,0.0051,0.0614,0.2949,0.1042,-0.0350,0.9492,2.416,,,,,,,
57,Right,13,0.0000,0.0000,0.0429,0.1505,0.0026,-0.0121,0.9885,2.416,,,,,,,
57,Right,14,0.0000,0.0000,0.0275,0.0294,-0.0007,-0.0465,0.9985,2.416,,,,,,,
57,Right,15,0.0003,0.0011,0.0250,0.0000,0.0000,0.0000,1.0000,2.416,,,,,,,
57,Right,16,0.0150,-0.0060,0.0348,0.0000,0.0000,0.0000,1.0000,2.416,,,,,,,
57,Right,17,0.0025,-0.0005,0.0539,0.2640,0.1247,-0.0803,0.9531,2.416,,,,,,,
57,Right,18,0.0000,0.0000,0.0390,0.1239,-0.0012,-0.0364,0.9916,2.416,,,,,,,
57,Right,19,0.0000,0.0000,0.0266,0.0714,-0.0296,-0.0080,0.9970,2.416,,,,,,,
57,Right,20,0.0003,0.0016,0.0243,0.0000,0.0000,0.0000,1.0000,2.416,,,,,,,
57,Right,21,0.0230,-0.0094,0.0341,0.0183,0.1403,-0.2070,0.9680,2.416,,,,,,,
57,Right,22,0.0000,0.0000,0.0457,0.1551,0.0366,0.0805,0.9839,2.416,,,,,,,
57,Right,23,0.0000,0.0000,0.0307,0.1467,0.0363,-0.0512,0.9872,2.416,,,,,,,
57,Right,24,0.0000,0.0000,0.0203,0.0257,-0.0491,0.0008,0.9985,2.416,,,,,,,
57,Right,25,-0.0002,0.0012,0.0219,0.0000,0.0000,0.0000,1.0000,2.416,,,,,,,
58,Left,0,0.0024,-0.0053,0.0652,0.0000,0.0000,0.0000,1.0000,2.458,,,,,,,
58,Left,1,0.0000,0.0000,0.0000,0.0000,0.0000,0.0000,1.0000,2.458,0.0030,0.1221,-0.0902,0.1901,0.3086,-0.5904,-0.7212
58,Left,2,0.0291,-0.0177,0.0353,-0.1518,0.2345,-0.5703,0.7725,2.458,,,,,,,
58,Left,3,0.0000,0.0000,0.0325,0.1550,-0.0564,0.0825,0.9828,2.458,,,,,,,
58,Left,4,0.0000,0.0000,0.0338,-0.0718,0.0661,-0.0837,0.9917,2.458,,,,,,,
58,Left,5,-0.0007,0.0010,0.0246,0.0000,0.0000,0.0000,1.0000,2.458,,,,,,,
58,Left,6,0.0193,-0.0103,0.0368,0.0000,0.0000,0.0000,1.0000,2.458,,,,,,,
58,Left,7,0.0043,0.0030,0.0591,0.0619,-0.0431,-0.0307,0.9967,2.458,,,,,,,
58,Left,8,0.0000,0.0000,0.0379,0.2298,-0.0011,0.0263,0.9729,2.458,,,,,,,
58,Left,9,0.0000,0.0000,0.0243,0.0899,-0.0244,0.0168,0.9955,2.458,,,,,,,
58,Left,10,-0.0003,0.0010,0.0224,0.0000,0.0000,0.0000,1.0000,2.458,,,,,,,
58,Left,11,0.0031,-0.0081,0.0347,0.0000,0.0000,0.0000,1.0000,2.458,,,,,,,
58,Left,12,-0.0013,0.0055,0.0610,0.1138,-0.0822,0.0141,0.9900,2.458,,,,,,,
58,Left,13,0.0000,0.0000,0.0429,0.2373,-0.0016,0.0124,0.9713,2.458,,,,,,,
58,Left,14,0.0000,0.0000,0.0275,0.0594,0.0020,0.0494,0.9970,2.458,,,,,,,
58,Left,15,-0.0003,0.0011,0.0250,0.0000,0.0000,0.0000,1.0000,2.458,,,,,,,
58,Left,16,-0.0150,-0.0060,0.0348,0.0000,0.0000,0.0000,1.0000,2.458,,,,,,,
58,Left,17,-0.0025,-0.0005,0.0539,0.1111,-0.1075,0.0595,0.9862,2.458,,,,,,,
58,Left,18,0.0000,0.0000,0.0390,0.2016,0.0038,0.0379,0.9787,2.458,,,,,,,
58,Left,19,0.0000,0.0000,0.0266,0.0821,0.0296,0.0085,0.9962,2.458,,,,,,,
58,Left,20,-0.0003,0.0016,0.0243,0.0000,0.0000,0.0000,1.0000,2.458,,,,,,,
58,Left,21,-0.0230,-0.0094,0.0341,0.0183,-0.1403,0.2070,0.9680,2.458,,,,,,,
58,Left,22,0.0000,0.0000,0.0457,0.1000,-0.0050,-0.0875,0.9911,2.458,,,,,,,
58,Left,23,0.0000,0.0000,0.0307,0.2046,-0.0336,0.0559,0.9767,2.458,,,,,,,
58,Left,24,0.0000,0.0000,0.0203,0.0460,0.0491,-0.0009,0.9977,2.458,,,,,,,
58,Left,25,0.0002,0.0012,0.0219,0.0000,0.0000,0.0000,1.0000,2.458,,,,,,,
58,Right,0,-0.0027,-0.0051,0.0650,0.0000,0.0000,0.0000,1.0000,2.458,,,,,,,
58,Right,1,0.0000,0.0000,0.0000,0.0000,0.0000,0.0000,1.0000,2.458,0.1098,0.1302,0.0729,0.3928,-0.1350,-0.7724,0.4806
58,Right,2,-0.0302,-0.0160,0.0345,-0.1005,-0.3526,0.5653,0.7389,2.458,,,,,,,
58,Right,3,0.0000,0.0000,0.0325,0.1374,0.0581,-0.0827,0.9853,2.458,,,,,,,
58,Right,4,0.0000,0.0000,0.0338,0.1552,-0.0468,0.0777,0.9837,2.458,,,,,,,
58,Right,5,0.0007,0.0010,0.0246,0.0000,0.0000,0.0000,1.0000,2.458,,,,,,,
58,Right,6,-0.0198,-0.0095,0.0364,0.0000,0.0000,0.0000,1.0000,2.458,,,,,,,
58,Right,7,-0.0037,0.0022,0.0596,0.2586,0.0798,0.0209,0.9624,2.458,,,,,,,
58,Right,8,0.0000,0.0000,0.0379,0.1730,0.0026,-0.0263,0.9846,2.458,,,,,,,
58,Right,9,0.0000,0.0000,0.0243,0.0819,0.0246,-0.0168,0.9962,2.458,,,,,,,
58,Right,10,0.0003,0.0010,0.0224,0.0000,0.0000,0.0000,1.0000,2.458,,,,,,,
58,Right,11,-0.0036,-0.0076,0.0343,0.0000,0.0000,0.0000,1.0000,2.458,,,,,,,
58,Right,12,0.0019,0.0051,0.0614,0.2982,0.1044,-0.0354,0.9481,2.458,,,,,,,
58,Right,13,0.0000,0.0000,0.0429,0.1464,0.0027,-0.0121,0.9891,2.458,,,,,,,
58,Right,14,0.0000,0.0000,0.0275,0.0282,-0.0007,-0.0464,0.9985,2.458,,,,,,,
58,Right,15,0.0003,0.0011,0.0250,0.0000,0.0000,0.0000,1.0000,2.458,,,,,,,
58,Right,16,0.0150,-0.0060,0.0348,0.0000,0.0000,0.0000,1.0000,2.458,,,,,,,
58,Right,17,0.0025,-0.0005,0.0539,0.2736,0.1245,-0.0816,0.9503,2.458,,,,,,,
58,Right,18,0.0000,0.0000,0.0390,0.1184,-0.0010,-0.0362,0.9923,2.458,,,,,,,
58,Right,19,0.0000,0.0000,0.0266,0.0703,-0.0296,-0.0079,0.9971,2.458,,,,,,,
58,Right,20,0.0003,0.0016,0.0243,0.0000,0.0000,0.0000,1.0000,2.458,,,,,,,
58,Right,21,0.0230,-0.0094,0.0341,0.0183,0.1403,-0.2070,0.9680,2.458,,,,,,,
58,Right,22,0.0000,0.0000,0.0457,0.1715,0.0386,0.0790,0.9813,2.458,,,,,,,
58,Right,23,0.0000,0.0000,0.0307,0.1402,0.0365,-0.0507,0.9882,2.458,,,,,,,
58,Right,24,0.0000,0.0000,0.0203,0.0254,-0.0491,0.0008,0.9985,2.458,,,,,,,
58,Right,25,-0.0002,0.0012,0.0219,0.0000,0.0000,0.0000,1.0000,2.458,,,,,,,
59,Left,0,0.0024,-0.0053,0.0652,0.0000,0.0000,0.0000,1.0000,2.500,,,,,,,
59,Left,1,0.0000,0.0000,0.0000,0.0000,0.0000,0.0000,1.0000,2.500,0.0052,0.1222,-0.0926,0.1911,0.3075,-0.5883,-0.7231
59,Left,2,0.0292,-0.0177,0.0353,-0.1524,0.2350,-0.5692,0.7730,2.500,,,,,,,
59,Left,3,0.0000,0.0000,0.0325,0.1565,-0.0563,0.0825,0.9826,2.500,,,,,,,
59,Left,4,0.0000,0.0000,0.0338,-0.0726,0.0661,-0.0838,0.9916,2.500,,,,,,,
59,Left,5,-0.0007,0.0010,0.0246,0.0000,0.0000,0.0000,1.0000,2.500,,,,,,,
59,Left,6,0.0193,-0.0103,0.0368,0.0000,0.0000,0.0000,1.0000,2.500,,,,,,,
59,Left,7,0.0043,0.0030,0.0592,0.0603,-0.0421,-0.0307,0.9968,2.500,,,,,,,
59,Left,8,0.0000,0.0000,0.0379,0.2288,-0.0011,0.0263,0.9731,2.500,,,,,,,
59,Left,9,0.0000,0.0000,0.0243,0.0885,-0.0245,0.0168,0.9956,2.500,,,,,,,
59,Left,10,-0.0003,0.0010,0.0224,0.0000,0.0000,0.0000,1.0000,2.500,,,,,,,
59,Left,11,0.0031,-0.0080,0.0347,0.0000,0.0000,0.0000,1.0000,2.500,,,,,,,
59,Left,12,-0.0014,0.0055,0.0610,0.1084,-0.0829,0.0137,0.9906,2.500,,,,,,,
59,Left,13,0.0000,0.0000,0.0429,0.2331,-0.0016,0.0124,0.9724,2.500,,,,,,,
59,Left,14,0.0000,0.0000,0.0275,0.0578,0.0020,0.0492,0.9971,2.500,,,,,,,
59,Left,15,-0.0003,0.0011,0.0250,0.0000,0.0000,0.0000,1.0000,2.500,,,,,,,
59,Left,16,-0.0150,-0.0060,0.0348,0.0000,0.0000,0.0000,1.0000,2.500,,,,,,,
59,Left,17,-0.0025,-0.0005,0.0539,0.1004,-0.1089,0.0585,0.9872,2.500,,,,,,,
59,Left,18,0.0000,0.0000,0.0390,0.1931,0.0035,0.0377,0.9805,2.500,,,,,,,
59,Left,19,0.0000,0.0000,0.0266,0.0804,0.0296,0.0084,0.9963,2.500,,,,,,,
59,Left,20,-0.0003,0.0016,0.0243,0.0000,0.0000,0.0000,1.0000,2.500,,,,,,,
59,Left,21,-0.0230,-0.0094,0.0341,0.0183,-0.1403,0.2070,0.9680,2.500,,,,,,,
59,Left,22,0.0000,0.0000,0.0457,0.0923,-0.0055,-0.0878,0.9918,2.500,,,,,,,
59,Left,23,0.0000,0.0000,0.0307,0.2039,-0.0336,0.0559,0.9768,2.500,,,,,,,
59,Left,24,0.0000,0.0000,0.0203,0.0445,0.0491,-0.0009,0.9978,2.500,,,,,,,
59,Left,25,0.0002,0.0012,0.0219,0.0000,0.0000,0.0000,1.0000,2.500,,,,,,,
59,Right,0,-0.0027,-0.0051,0.0650,0.0000,0.0000,0.0000,1.0000,2.500,,,,,,,
59,Right,1,0.0000,0.0000,0.0000,0.0000,0.0000,0.0000,1.0000,2.500,0.1081,0.1321,0.0759,0.3981,-0.1394,-0.7692,0.4801
59,Right,2,-0.0302,-0.0161,0.0345,-0.1010,-0.3514,0.5655,0.7393,2.500,,,,,,,
59,Right,3,0.0000,0.0000,0.0325,0.1381,0.0580,-0.0827,0.9853,2.500,,,,,,,
59,Right,4,0.0000,0.0000,0.0338,0.1530,-0.0470,0.0778,0.9840,2.500,,,,,,,
59,Right,5,0.0007,0.0010,0.0246,0.0000,0.0000,0.0000,1.0000,2.500,,,,,,,
59,Right,6,-0.0198,-0.0095,0.0364,0.0000,0.0000,0.0000,1.0000,2.500,,,,,,,
59,Right,7,-0.0037,0.0022,0.0596,0.2597,0.0799,0.0208,0.9621,2.500,,,,,,,
59,Right,8,0.0000,0.0000,0.0379,0.1705,0.0027,-0.0263,0.9850,2.500,,,,,,,
59,Right,9,0.0000,0.0000,0.0243,0.0788,0.0247,-0.0168,0.9964,2.500,,,,,,,
59,Right,10,0.0003,0.0010,0.0224,0.0000,0.0000,0.0000,1.0000,2.500,,,,,,,
59,Right,11,-0.0036,-0.0076,0.0343,0.0000,0.0000,0.0000,1.0000,2.500,,,,,,,
59,Right,12,0.0019,0.0051,0.0614,0.3074,0.1046,-0.0365,0.9451,2.500,,,,,,,
59,Right,13,0.0000,0.0000,0.0429,0.1457,0.0027,-0.0121,0.9892,2.500,,,,,,,
59,Right,14,0.0000,0.0000,0.0275,0.0274,-0.0006,-0.0463,0.9986,2.500,,,,,,,
59,Right,15,0.0003,0.0011,0.0250,0.0000,0.0000,0.0000,1.0000,2.500,,,,,,,
59,Right,16,0.0150,-0.0060,0.0348,0.0000,0.0000,0.0000,1.0000,2.500,,,,,,,
59,Right,17,0.0025,-0.0005,0.0539,0.2917,0.1235,-0.0840,0.9448,2.500,,,,,,,
59,Right,18,0.0000,0.0000,0.0390,0.1163,-0.0009,-0.0362,0.9925,2.500,,,,,,,
59,Right,19,0.0000,0.0000,0.0266,0.0695,-0.0296,-0.0079,0.9971,2.500,,,,,,,
59,Right,20,0.0003,0.0016,0.0243,0.0000,0.0000,0.0000,1.0000,2.500,,,,,,,
59,Right,21,0.0230,-0.0094,0.0341,0.0183,0.1403,-0.2070,0.9680,2.500,,,,,,,
59,Right,22,0.0000,0.0000,0.0457,0.1985,0.0416,0.0765,0.9762,2.500,,,,,,,
59,Right,23,0.0000,0.0000,0.0307,0.1374,0.0367,-0.0505,0.9886,2.500,,,,,,,
59,Right,24,0.0000,0.0000,0.0203,0.0251,-0.0491,0.0008,0.9985,2.500,,,,,,,
59,Right,25,-0.0002,0.0012,0.0219,0.0000,0.0000,0.0000,1.0000,2.500,,,,,,,
60,Left,0,0.0024,-0.0053,0.0652,0.0000,0.0000,0.0000,1.0000,2.541,,,,,,,
60,Left,1,0.0000,0.0000,0.0000,0.0000,0.0000,0.0000,1.0000,2.541,0.0073,0.1233,-0.0943,0.1915,0.3074,-0.5886,-0.7228
60,Left,2,0.0292,-0.0176,0.0352,-0.1531,0.2357,-0.5682,0.7734,2.541,,,,,,,
60,Left,3,0.0000,0.0000,0.0325,0.1579,-0.0562,0.0825,0.9824,2.541,,,,,,,
60,Left,4,0.0000,0.0000,0.0338,-0.0735,0.0662,-0.0838,0.9916,2.541,,,,,,,
60,Left,5,-0.0007,0.0010,0.0246,0.0000,0.0000,0.0000,1.0000,2.541,,,,,,,
60,Left,6,0.0193,-0.0103,0.0368,0.0000,0.0000,0.0000,1.0000,2.541,,,,,,,
60,Left,7,0.0042,0.0030,0.0592,0.0587,-0.0409,-0.0308,0.9970,2.541,,,,,,,
60,Left,8,0.0000,0.0000,0.0379,0.2274,-0.0011,0.0263,0.9735,2.541,,,,,,,
60,Left,9,0.0000,0.0000,0.0243,0.0872,-0.0245,0.0168,0.9957,2.541,,,,,,,
60,Left,10,-0.0003,0.0010,0.0224,0.0000,0.0000,0.0000,1.0000,2.541,,,,,,,
60,Left,11,0.0031,-0.0080,0.0347,0.0000,0.0000,0.0000,1.0000,2.541,,,,,,,
60,Left,12,-0.0014,0.0055,0.0610,0.1035,-0.0835,0.0134,0.9910,2.541,,,,,,,
60,Left,13,0.0000,0.0000,0.0429,0.2302,-0.0017,0.0124,0.9731,2.541,,,,,,,
60,Left,14,0.0000,0.0000,0.0275,0.0563,0.0019,0.0491,0.9972,2.541,,,,,,,
60,Left,15,-0.0003,0.0011,0.0250,0.0000,0.0000,0.0000,1.0000,2.541,,,,,,,
60,Left,16,-0.0150,-0.0060,0.0348,0.0000,0.0000,0.0000,1.0000,2.541,,,,,,,
60,Left,17,-0.0025,-0.0005,0.0539,0.0909,-0.1103,0.0575,0.9881,2.541,,,,,,,
60,Left,18,0.0000,0.0000,0.0390,0.1893,0.0034,0.0377,0.9812,2.541,,,,,,,
60,Left,19,0.0000,0.0000,0.0266,0.0787,0.0296,0.0083,0.9964,2.541,,,,,,,
60,Left,20,-0.0003,0.0016,0.0243,0.0000,0.0000,0.0000,1.0000,2.541,,,,,,,
60,Left,21,-0.0230,-0.0094,0.0341,0.0183,-0.1403,0.2070,0.9680,2.541,,,,,,,
60,Left,22,0.0000,0.0000,0.0457,0.0835,-0.0062,-0.0882,0.9926,2.541,,,,,,,
60,Left,23,0.0000,0.0000,0.0307,0.2034,-0.0336,0.0558,0.9769,2.541,,,,,,,
60,Left,24,0.0000,0.0000,0.0203,0.0430,0.0491,-0.0009,0.9979,2.541,,,,,,,
60,Left,25,0.0002,0.0012,0.0219,0.0000,0.0000,0.0000,1.0000,2.541,,,,,,,
60,Right,0,-0.0027,-0.0051,0.0650,0.0000,0.0000,0.0000,1.0000,2.541,,,,,,,
60,Right,1,0.0000,0.0000,0.0000,0.0000,0.0000,0.0000,1.0000,2.541,0.1059,0.1351,0.0802,0.4089,-0.1537,-0.7615,0.4789
60,Right,2,-0.0302,-0.0161,0.0345,-0.1019,-0.3501,0.5653,0.7399,2.541,,,,,,,
60,Right,3,0.0000,0.0000,0.0325,0.1398,0.0579,-0.0827,0.9850,2.541,,,,,,,
60,Right,4,0.0000,0.0000,0.0338,0.1527,-0.0470,0.0778,0.9841,2.541,,,,,,,
60,Right,5,0.0007,0.0010,0.0246,0.0000,0.0000,0.0000,1.0000,2.541,,,,,,,
60,Right,6,-0.0198,-0.0095,0.0364,0.0000,0.0000,0.0000,1.0000,2.541,,,,,,,
60,Right,7,-0.0037,0.0022,0.0596,0.2611,0.0806,0.0206,0.9617,2.541,,,,,,,
60,Right,8,0.0000,0.0000,0.0379,0.1707,0.0027,-0.0263,0.9850,2.541,,,,,,,
60,Right,9,0.0000,0.0000,0.0243,0.0774,0.0247,-0.0168,0.9966,2.541,,,,,,,
60,Right,10,0.0003,0.0010,0.0224,0.0000,0.0000,0.0000,1.0000,2.541,,,,,,,
60,Right,11,-0.0036,-0.0076,0.0343,0.0000,0.0000,0.0000,1.0000,2.541,,,,,,,
60,Right,12,0.0019,0.0051,0.0614,0.3114,0.1051,-0.0371,0.9437,2.541,,,,,,,
60,Right,13,0.0000,0.0000,0.0429,0.1463,0.0027,-0.0121,0.9892,2.541,,,,,,,
60,Right,14,0.0000,0.0000,0.0275,0.0270,-0.0006,-0.0463,0.9986,2.541,,,,,,,
60,Right,15,0.0003,0.0011,0.0250,0.0000,0.0000,0.0000,1.0000,2.541,,,,,,,
60,Right,16,0.0150,-0.0060,0.0348,0.0000,0.0000,0.0000,1.0000,2.541,,,,,,,
60,Right,17,0.0025,-0.0005,0.0539,0.3037,0.1232,-0.0856,0.9409,2.541,,,,,,,
60,Right,18,0.0000,0.0000,0.0390,0.1159,-0.0009,-0.0362,0.9926,2.541,,,,,,,
60,Right,19,0.0000,0.0000,0.0266,0.0691,-0.0296,-0.0079,0.9971,2.541,,,,,,,
60,Right,20,0.0003,0.0016,0.0243,0.0000,0.0000,0.0000,1.0000,2.541,,,,,,,
60,Right,21,0.0230,-0.0094,0.0341,0.0183,0.1403,-0.2070,0.9680,2.541,,,,,,,
60,Right,22,0.0000,0.0000,0.0457,0.2270,0.0444,0.0738,0.9701,2.541,,,,,,,
60,Right,23,0.0000,0.0000,0.0307,0.1351,0.0368,-0.0503,0.9889,2.541,,,,,,,
60,Right,24,0.0000,0.0000,0.0203,0.0249,-0.0491,0.0008,0.9985,2.541,,,,,,,
60,Right,25,-0.0002,0.0012,0.0219,0.0000,0.0000,0.0000,1.0000,2.541,,,,,,,
