FrameIndex,HandType,JointID,LocalPosX,LocalPosY,LocalPosZ,LocalRotX,LocalRotY,LocalRotZ,LocalRotW,Timestamp,WorldPosX,WorldPosY,WorldPosZ,WorldRotX,WorldRotY,WorldRotZ,WorldRotW
0,Left,0,0.0015,-0.0058,0.0656,0.0000,0.0000,0.0000,1.0000,0.000,,,,,,,
0,Left,1,0.0000,0.0000,0.0000,0.0000,0.0000,0.0000,1.0000,0.000,-0.5969,0.0997,0.0550,-0.6823,0.3601,-0.1629,-0.6150
0,Left,2,0.0256,-0.0216,0.0370,-0.0080,0.2976,-0.6655,0.6844,0.000,,,,,,,
0,Left,3,0.0000,0.0000,0.0325,0.2863,-0.0434,0.0803,0.9538,0.000,,,,,,,
0,Left,4,0.0000,0.0000,0.0338,0.1515,0.0471,-0.0779,0.9843,0.000,,,,,,,
0,Left,5,-0.0007,0.0010,0.0246,0.0000,0.0000,0.0000,1.0000,0.000,,,,,,,
0,Left,6,0.0175,-0.0122,0.0377,0.0000,0.0000,0.0000,1.0000,0.000,,,,,,,
0,Left,7,0.0060,0.0049,0.0583,0.4665,-0.0821,-0.0087,0.8807,0.000,,,,,,,
0,Left,8,0.0000,0.0000,0.0379,0.7195,0.0136,0.0217,0.6940,0.000,,,,,,,
0,Left,9,0.0000,0.0000,0.0243,0.4721,-0.0152,0.0168,0.8813,0.000,,,,,,,
0,Left,10,-0.0003,0.0010,0.0224,0.0000,0.0000,0.0000,1.0000,0.000,,,,,,,
0,Left,11,0.0013,-0.0090,0.0356,0.0000,0.0000,0.0000,1.0000,0.000,,,,,,,
0,Left,12,0.0004,0.0065,0.0601,0.5585,-0.0781,0.0554,0.8240,0.000,,,,,,,
0,Left,13,0.0000,0.0000,0.0429,0.6691,0.0043,0.0127,0.7430,0.000,,,,,,,
0,Left,14,0.0000,0.0000,0.0276,0.5011,0.0214,0.0868,0.8608,0.000,,,,,,,
0,Left,15,-0.0003,0.0011,0.0250,0.0000,0.0000,0.0000,1.0000,0.000,,,,,,,
0,Left,16,-0.0150,-0.0060,0.0348,0.0000,0.0000,0.0000,1.0000,0.000,,,,,,,
0,Left,17,-0.0025,-0.0005,0.0539,0.5854,-0.0773,0.1098,0.7995,0.000,,,,,,,
0,Left,18,0.0000,0.0000,0.0390,0.6707,0.0203,0.0418,0.7403,0.000,,,,,,,
0,Left,19,0.0000,0.0000,0.0266,0.5191,0.0274,0.0283,0.8538,0.000,,,,,,,
0,Left,20,-0.0003,0.0016,0.0243,0.0000,0.0000,0.0000,1.0000,0.000,,,,,,,
0,Left,21,-0.0230,-0.0094,0.0341,0.0183,-0.1403,0.2070,0.9681,0.000,,,,,,,
0,Left,22,0.0000,0.0000,0.0457,0.5463,-0.0648,-0.0419,0.8340,0.000,,,,,,,
0,Left,23,0.0000,0.0000,0.0307,0.6448,-0.0072,0.0861,0.7595,0.000,,,,,,,
0,Left,24,0.0000,0.0000,0.0203,0.5683,0.0400,-0.0026,0.8218,0.000,,,,,,,
0,Left,25,0.0002,0.0012,0.0219,0.0000,0.0000,0.0000,1.0000,0.000,,,,,,,
0,Right,0,-0.0030,-0.0048,0.0647,0.0000,0.0000,0.0000,1.0000,0.000,,,,,,,
0,Right,1,0.0000,0.0000,0.0000,0.0000,0.0000,0.0000,1.0000,0.000,-0.0360,0.0290,0.0321,0.6150,-0.0877,-0.0619,0.7812
0,Right,2,-0.0314,-0.0138,0.0334,-0.1768,-0.3036,0.5077,0.7866,0.000,,,,,,,
0,Right,3,0.0000,0.0000,0.0325,0.2860,0.0434,-0.0803,0.9539,0.000,,,,,,,
0,Right,4,0.0000,0.0000,0.0338,0.1082,-0.0511,0.0793,0.9896,0.000,,,,,,,
0,Right,5,0.0007,0.0010,0.0246,0.0000,0.0000,0.0000,1.0000,0.000,,,,,,,
0,Right,6,-0.0204,-0.0084,0.0359,0.0000,0.0000,0.0000,1.0000,0.000,,,,,,,
0,Right,7,-0.0032,0.0011,0.0601,-0.0039,0.0559,0.0323,0.9979,0.000,,,,,,,
0,Right,8,0.0000,0.0000,0.0379,0.1010,0.0046,-0.0262,0.9945,0.000,,,,,,,
0,Right,9,0.0000,0.0000,0.0243,0.0453,0.0253,-0.0167,0.9985,0.000,,,,,,,
0,Right,10,0.0003,0.0010,0.0224,0.0000,0.0000,0.0000,1.0000,0.000,,,,,,,
0,Right,11,-0.0042,-0.0071,0.0337,0.0000,0.0000,0.0000,1.0000,0.000,,,,,,,
0,Right,12,0.0025,0.0045,0.0619,0.0918,0.1066,-0.0135,0.9900,0.000,,,,,,,
0,Right,13,0.0000,0.0000,0.0429,0.0731,0.0035,-0.0117,0.9972,0.000,,,,,,,
0,Right,14,0.0000,0.0000,0.0275,-0.0142,0.0012,-0.0422,0.9990,0.000,,,,,,,
0,Right,15,0.0003,0.0011,0.0250,0.0000,0.0000,0.0000,1.0000,0.000,,,,,,,
0,Right,16,0.0150,-0.0060,0.0348,0.0000,0.0000,0.0000,1.0000,0.000,,,,,,,
0,Right,17,0.0025,-0.0005,0.0539,0.0680,0.1313,-0.0553,0.9875,0.000,,,,,,,
0,Right,18,0.0000,0.0000,0.0390,0.0745,0.0005,-0.0353,0.9966,0.000,,,,,,,
0,Right,19,0.0000,0.0000,0.0266,0.0235,-0.0294,-0.0058,0.9993,0.000,,,,,,,
0,Right,20,0.0003,0.0016,0.0243,0.0000,0.0000,0.0000,1.0000,0.000,,,,,,,
0,Right,21,0.0230,-0.0094,0.0341,0.0183,0.1403,-0.2070,0.9681,0.000,,,,,,,
0,Right,22,0.0000,0.0000,0.0457,-0.0480,0.0526,0.0976,0.9927,0.000,,,,,,,
0,Right,23,0.0000,0.0000,0.0307,0.1341,0.0368,-0.0502,0.9890,0.000,,,,,,,
0,Right,24,0.0000,0.0000,0.0203,-0.0120,-0.0492,0.0007,0.9987,0.000,,,,,,,
0,Right,25,-0.0002,0.0012,0.0219,0.0000,0.0000,0.0000,1.0000,0.000,,,,,,,
1,Left,0,0.0017,-0.0057,0.0655,0.0000,0.0000,0.0000,1.0000,0.180,,,,,,,
1,Left,1,0.0000,0.0000,0.0000,0.0000,0.0000,0.0000,1.0000,0.180,-0.5968,0.1017,0.0570,-0.6854,0.4091,-0.1778,-0.5755
1,Left,2,0.0264,-0.0209,0.0367,-0.0222,0.3041,-0.6521,0.6941,0.180,,,,,,,
1,Left,3,0.0000,0.0000,0.0325,0.2876,-0.0433,0.0803,0.9534,0.180,,,,,,,
1,Left,4,0.0000,0.0000,0.0338,0.2247,0.0403,-0.0750,0.9707,0.180,,,,,,,
1,Left,5,-0.0007,0.0010,0.0246,0.0000,0.0000,0.0000,1.0000,0.180,,,,,,,
1,Left,6,0.0179,-0.0119,0.0376,0.0000,0.0000,0.0000,1.0000,0.180,,,,,,,
1,Left,7,0.0056,0.0046,0.0584,0.4481,-0.0831,-0.0094,0.8900,0.180,,,,,,,
1,Left,8,0.0000,0.0000,0.0379,0.7430,0.0144,0.0211,0.6688,0.180,,,,,,,
1,Left,9,0.0000,0.0000,0.0243,0.5163,-0.0138,0.0166,0.8562,0.180,,,,,,,
1,Left,10,-0.0003,0.0010,0.0224,0.0000,0.0000,0.0000,1.0000,0.180,,,,,,,
1,Left,11,0.0017,-0.0088,0.0354,0.0000,0.0000,0.0000,1.0000,0.180,,,,,,,
1,Left,12,0.0000,0.0063,0.0602,0.5565,-0.0804,0.0566,0.8250,0.180,,,,,,,
1,Left,13,0.0000,0.0000,0.0429,0.6999,0.0048,0.0125,0.7141,0.180,,,,,,,
1,Left,14,0.0000,0.0000,0.0276,0.5160,0.0221,0.0879,0.8518,0.180,,,,,,,
1,Left,15,-0.0003,0.0011,0.0250,0.0000,0.0000,0.0000,1.0000,0.180,,,,,,,
1,Left,16,-0.0150,-0.0060,0.0348,0.0000,0.0000,0.0000,1.0000,0.180,,,,,,,
1,Left,17,-0.0025,-0.0005,0.0539,0.5965,-0.0652,0.1036,0.7932,0.180,,,,,,,
1,Left,18,0.0000,0.0000,0.0390,0.6801,0.0206,0.0417,0.7317,0.180,,,,,,,
1,Left,19,0.0000,0.0000,0.0266,0.5304,0.0273,0.0288,0.8468,0.180,,,,,,,
1,Left,20,-0.0003,0.0016,0.0243,0.0000,0.0000,0.0000,1.0000,0.180,,,,,,,
1,Left,21,-0.0230,-0.0094,0.0341,0.0183,-0.1403,0.2070,0.9681,0.180,,,,,,,
1,Left,22,0.0000,0.0000,0.0457,0.5580,-0.0540,-0.0483,0.8267,0.180,,,,,,,
1,Left,23,0.0000,0.0000,0.0307,0.6431,-0.0073,0.0861,0.7609,0.180,,,,,,,
1,Left,24,0.0000,0.0000,0.0203,0.5777,0.0397,-0.0026,0.8153,0.180,,,,,,,
1,Left,25,0.0002,0.0012,0.0219,0.0000,0.0000,0.0000,1.0000,0.180,,,,,,,
1,Right,0,-0.0030,-0.0048,0.0647,0.0000,0.0000,0.0000,1.0000,0.180,,,,,,,
1,Right,1,0.0000,0.0000,0.0000,0.0000,0.0000,0.0000,1.0000,0.180,-0.0362,0.0291,0.0327,0.6155,-0.0876,-0.0629,0.7807
1,Right,2,-0.0314,-0.0137,0.0333,-0.1778,-0.3064,0.5055,0.7868,0.180,,,,,,,
1,Right,3,0.0000,0.0000,0.0325,0.2901,0.0430,-0.0803,0.9526,0.180,,,,,,,
1,Right,4,0.0000,0.0000,0.0338,0.1120,-0.0507,0.0792,0.9893,0.180,,,,,,,
1,Right,5,0.0007,0.0010,0.0246,0.0000,0.0000,0.0000,1.0000,0.180,,,,,,,
1,Right,6,-0.0204,-0.0083,0.0359,0.0000,0.0000,0.0000,1.0000,0.180,,,,,,,
1,Right,7,-0.0031,0.0010,0.0601,-0.0029,0.0563,0.0323,0.9979,0.180,,,,,,,
1,Right,8,0.0000,0.0000,0.0379,0.1030,0.0045,-0.0262,0.9943,0.180,,,,,,,
1,Right,9,0.0000,0.0000,0.0243,0.0472,0.0252,-0.0167,0.9984,0.180,,,,,,,
1,Right,10,0.0003,0.0010,0.0224,0.0000,0.0000,0.0000,1.0000,0.180,,,,,,,
1,Right,11,-0.0042,-0.0071,0.0337,0.0000,0.0000,0.0000,1.0000,0.180,,,,,,,
1,Right,12,0.0025,0.0045,0.0619,0.0911,0.1057,-0.0134,0.9901,0.180,,,,,,,
1,Right,13,0.0000,0.0000,0.0429,0.0782,0.0035,-0.0117,0.9969,0.180,,,,,,,
1,Right,14,0.0000,0.0000,0.0275,-0.0122,0.0011,-0.0424,0.9990,0.180,,,,,,,
1,Right,15,0.0003,0.0011,0.0250,0.0000,0.0000,0.0000,1.0000,0.180,,,,,,,
1,Right,16,0.0150,-0.0060,0.0348,0.0000,0.0000,0.0000,1.0000,0.180,,,,,,,
1,Right,17,0.0025,-0.0005,0.0539,0.0682,0.1314,-0.0553,0.9874,0.180,,,,,,,
1,Right,18,0.0000,0.0000,0.0390,0.0788,0.0003,-0.0354,0.9963,0.180,,,,,,,
1,Right,19,0.0000,0.0000,0.0266,0.0245,-0.0294,-0.0058,0.9993,0.180,,,,,,,
1,Right,20,0.0003,0.0016,0.0243,0.0000,0.0000,0.0000,1.0000,0.180,,,,,,,
1,Right,21,0.0230,-0.0094,0.0341,0.0183,0.1403,-0.2070,0.9681,0.180,,,,,,,
1,Right,22,0.0000,0.0000,0.0457,-0.0476,0.0508,0.0975,0.9928,0.180,,,,,,,
1,Right,23,0.0000,0.0000,0.0307,0.1367,0.0367,-0.0504,0.9886,0.180,,,,,,,
1,Right,24,0.0000,0.0000,0.0203,-0.0124,-0.0492,0.0007,0.9987,0.180,,,,,,,
1,Right,25,-0.0002,0.0012,0.0219,0.0000,0.0000,0.0000,1.0000,0.180,,,,,,,
2,Left,0,0.0017,-0.0057,0.0655,0.0000,0.0000,0.0000,1.0000,0.251,,,,,,,
2,Left,1,0.0000,0.0000,0.0000,0.0000,0.0000,0.0000,1.0000,0.251,-0.5987,0.1055,0.0529,-0.6842,0.4230,-0.1776,-0.5669
2,Left,2,0.0264,-0.0209,0.0367,-0.0227,0.3032,-0.6522,0.6944,0.251,,,,,,,
2,Left,3,0.0000,0.0000,0.0325,0.2883,-0.0432,0.0803,0.9532,0.251,,,,,,,
2,Left,4,0.0000,0.0000,0.0338,0.2291,0.0398,-0.0748,0.9697,0.251,,,,,,,
2,Left,5,-0.0007,0.0010,0.0246,0.0000,0.0000,0.0000,1.0000,0.251,,,,,,,
2,Left,6,0.0179,-0.0119,0.0376,0.0000,0.0000,0.0000,1.0000,0.251,,,,,,,
2,Left,7,0.0056,0.0046,0.0584,0.4296,-0.0836,-0.0104,0.8991,0.251,,,,,,,
2,Left,8,0.0000,0.0000,0.0379,0.7445,0.0144,0.0211,0.6671,0.251,,,,,,,
2,Left,9,0.0000,0.0000,0.0243,0.5247,-0.0135,0.0166,0.8510,0.251,,,,,,,
2,Left,10,-0.0003,0.0010,0.0224,0.0000,0.0000,0.0000,1.0000,0.251,,,,,,,
2,Left,11,0.0017,-0.0088,0.0354,0.0000,0.0000,0.0000,1.0000,0.251,,,,,,,
2,Left,12,0.0000,0.0063,0.0602,0.5536,-0.0822,0.0573,0.8267,0.251,,,,,,,
2,Left,13,0.0000,0.0000,0.0429,0.7019,0.0048,0.0125,0.7122,0.251,,,,,,,
2,Left,14,0.0000,0.0000,0.0275,0.5215,0.0223,0.0882,0.8484,0.251,,,,,,,
2,Left,15,-0.0003,0.0011,0.0250,0.0000,0.0000,0.0000,1.0000,0.251,,,,,,,
2,Left,16,-0.0150,-0.0060,0.0348,0.0000,0.0000,0.0000,1.0000,0.251,,,,,,,
2,Left,17,-0.0025,-0.0005,0.0539,0.5973,-0.0651,0.1038,0.7926,0.251,,,,,,,
2,Left,18,0.0000,0.0000,0.0390,0.6823,0.0207,0.0417,0.7296,0.251,,,,,,,
2,Left,19,0.0000,0.0000,0.0266,0.5328,0.0273,0.0289,0.8453,0.251,,,,,,,
2,Left,20,-0.0003,0.0016,0.0243,0.0000,0.0000,0.0000,1.0000,0.251,,,,,,,
2,Left,21,-0.0230,-0.0094,0.0341,0.0183,-0.1403,0.2070,0.9681,0.251,,,,,,,
2,Left,22,0.0000,0.0000,0.0457,0.5641,-0.0485,-0.0517,0.8227,0.251,,,,,,,
2,Left,23,0.0000,0.0000,0.0307,0.6372,-0.0078,0.0857,0.7659,0.251,,,,,,,
2,Left,24,0.0000,0.0000,0.0203,0.5790,0.0397,-0.0026,0.8144,0.251,,,,,,,
2,Left,25,0.0002,0.0012,0.0219,0.0000,0.0000,0.0000,1.0000,0.251,,,,,,,
2,Right,0,-0.0030,-0.0048,0.0647,0.0000,0.0000,0.0000,1.0000,0.251,,,,,,,
2,Right,1,0.0000,0.0000,0.0000,0.0000,0.0000,0.0000,1.0000,0.251,-0.0362,0.0294,0.0325,0.6153,-0.0870,-0.0642,0.7808
2,Right,2,-0.0314,-0.0136,0.0333,-0.1801,-0.3047,0.5034,0.7882,0.251,,,,,,,
2,Right,3,0.0000,0.0000,0.0325,0.2903,0.0430,-0.0802,0.9526,0.251,,,,,,,
2,Right,4,0.0000,0.0000,0.0338,0.1119,-0.0507,0.0792,0.9893,0.251,,,,,,,
2,Right,5,0.0007,0.0010,0.0246,0.0000,0.0000,0.0000,1.0000,0.251,,,,,,,
2,Right,6,-0.0204,-0.0083,0.0358,0.0000,0.0000,0.0000,1.0000,0.251,,,,,,,
2,Right,7,-0.0031,0.0010,0.0602,-0.0023,0.0567,0.0323,0.9979,0.251,,,,,,,
2,Right,8,0.0000,0.0000,0.0379,0.1040,0.0045,-0.0262,0.9942,0.251,,,,,,,
2,Right,9,0.0000,0.0000,0.0243,0.0483,0.0252,-0.0167,0.9984,0.251,,,,,,,
2,Right,10,0.0003,0.0010,0.0224,0.0000,0.0000,0.0000,1.0000,0.251,,,,,,,
2,Right,11,-0.0042,-0.0070,0.0337,0.0000,0.0000,0.0000,1.0000,0.251,,,,,,,
2,Right,12,0.0025,0.0045,0.0620,0.0908,0.1053,-0.0134,0.9902,0.251,,,,,,,
2,Right,13,0.0000,0.0000,0.0429,0.0804,0.0034,-0.0117,0.9967,0.251,,,,,,,
2,Right,14,0.0000,0.0000,0.0275,-0.0116,0.0011,-0.0425,0.9990,0.251,,,,,,,
2,Right,15,0.0003,0.0011,0.0250,0.0000,0.0000,0.0000,1.0000,0.251,,,,,,,
2,Right,16,0.0150,-0.0060,0.0348,0.0000,0.0000,0.0000,1.0000,0.251,,,,,,,
2,Right,17,0.0025,-0.0005,0.0539,0.0684,0.1319,-0.0554,0.9873,0.251,,,,,,,
2,Right,18,0.0000,0.0000,0.0390,0.0809,0.0003,-0.0354,0.9961,0.251,,,,,,,
2,Right,19,0.0000,0.0000,0.0266,0.0248,-0.0294,-0.0058,0.9992,0.251,,,,,,,
2,Right,20,0.0003,0.0016,0.0243,0.0000,0.0000,0.0000,1.0000,0.251,,,,,,,
2,Right,21,0.0230,-0.0094,0.0341,0.0183,0.1403,-0.2070,0.9681,0.251,,,,,,,
2,Right,22,0.0000,0.0000,0.0457,-0.0476,0.0509,0.0975,0.9928,0.251,,,,,,,
2,Right,23,0.0000,0.0000,0.0307,0.1383,0.0366,-0.0505,0.9884,0.251,,,,,,,
2,Right,24,0.0000,0.0000,0.0203,-0.0125,-0.0492,0.0007,0.9987,0.251,,,,,,,
2,Right,25,-0.0002,0.0012,0.0219,0.0000,0.0000,0.0000,1.0000,0.251,,,,,,,
3,Left,0,0.0017,-0.0057,0.0655,0.0000,0.0000,0.0000,1.0000,0.313,,,,,,,
3,Left,1,0.0000,0.0000,0.0000,0.0000,0.0000,0.0000,1.0000,0.313,-0.5991,0.1115,0.0513,-0.6845,0.4299,-0.1803,-0.5605
3,Left,2,0.0263,-0.0210,0.0368,-0.0226,0.3018,-0.6530,0.6943,0.313,,,,,,,
3,Left,3,0.0000,0.0000,0.0325,0.2868,-0.0434,0.0803,0.9536,0.313,,,,,,,
3,Left,4,0.0000,0.0000,0.0338,0.2275,0.0401,-0.0749,0.9701,0.313,,,,,,,
3,Left,5,-0.0007,0.0010,0.0246,0.0000,0.0000,0.0000,1.0000,0.313,,,,,,,
3,Left,6,0.0179,-0.0119,0.0376,0.0000,0.0000,0.0000,1.0000,0.313,,,,,,,
3,Left,7,0.0057,0.0046,0.0584,0.4277,-0.0850,-0.0099,0.8999,0.313,,,,,,,
3,Left,8,0.0000,0.0000,0.0379,0.7450,0.0145,0.0211,0.6665,0.313,,,,,,,
3,Left,9,0.0000,0.0000,0.0243,0.5263,-0.0135,0.0166,0.8500,0.313,,,,,,,
3,Left,10,-0.0003,0.0010,0.0224,0.0000,0.0000,0.0000,1.0000,0.313,,,,,,,
3,Left,11,0.0017,-0.0089,0.0354,0.0000,0.0000,0.0000,1.0000,0.313,,,,,,,
3,Left,12,0.0001,0.0063,0.0602,0.5486,-0.0842,0.0579,0.8298,0.313,,,,,,,
3,Left,13,0.0000,0.0000,0.0429,0.7033,0.0048,0.0125,0.7107,0.313,,,,,,,
3,Left,14,0.0000,0.0000,0.0275,0.5260,0.0225,0.0885,0.8456,0.313,,,,,,,
3,Left,15,-0.0003,0.0011,0.0250,0.0000,0.0000,0.0000,1.0000,0.313,,,,,,,
3,Left,16,-0.0150,-0.0060,0.0348,0.0000,0.0000,0.0000,1.0000,0.313,,,,,,,
3,Left,17,-0.0025,-0.0005,0.0539,0.5974,-0.0650,0.1037,0.7925,0.313,,,,,,,
3,Left,18,0.0000,0.0000,0.0390,0.6830,0.0207,0.0417,0.7289,0.313,,,,,,,
3,Left,19,0.0000,0.0000,0.0266,0.5339,0.0272,0.0290,0.8446,0.313,,,,,,,
3,Left,20,-0.0003,0.0016,0.0243,0.0000,0.0000,0.0000,1.0000,0.313,,,,,,,
3,Left,21,-0.0230,-0.0094,0.0341,0.0183,-0.1403,0.2070,0.9681,0.313,,,,,,,
3,Left,22,0.0000,0.0000,0.0457,0.5677,-0.0474,-0.0522,0.8202,0.313,,,,,,,
3,Left,23,0.0000,0.0000,0.0307,0.6350,-0.0080,0.0856,0.7677,0.313,,,,,,,
3,Left,24,0.0000,0.0000,0.0203,0.5803,0.0396,-0.0026,0.8135,0.313,,,,,,,
3,Left,25,0.0002,0.0012,0.0219,0.0000,0.0000,0.0000,1.0000,0.313,,,,,,,
3,Right,0,-0.0030,-0.0048,0.0647,0.0000,0.0000,0.0000,1.0000,0.313,,,,,,,
3,Right,1,0.0000,0.0000,0.0000,0.0000,0.0000,0.0000,1.0000,0.313,-0.0364,0.0297,0.0323,0.6155,-0.0870,-0.0645,0.7806
3,Right,2,-0.0315,-0.0136,0.0333,-0.1803,-0.3054,0.5029,0.7883,0.313,,,,,,,
3,Right,3,0.0000,0.0000,0.0325,0.2906,0.0429,-0.0802,0.9525,0.313,,,,,,,
3,Right,4,0.0000,0.0000,0.0338,0.1125,-0.0507,0.0792,0.9892,0.313,,,,,,,
3,Right,5,0.0007,0.0010,0.0246,0.0000,0.0000,0.0000,1.0000,0.313,,,,,,,
3,Right,6,-0.0204,-0.0083,0.0358,0.0000,0.0000,0.0000,1.0000,0.313,,,,,,,
3,Right,7,-0.0031,0.0009,0.0602,-0.0016,0.0571,0.0323,0.9978,0.313,,,,,,,
3,Right,8,0.0000,0.0000,0.0379,0.1052,0.0044,-0.0262,0.9941,0.313,,,,,,,
3,Right,9,0.0000,0.0000,0.0243,0.0491,0.0252,-0.0167,0.9983,0.313,,,,,,,
3,Right,10,0.0003,0.0010,0.0224,0.0000,0.0000,0.0000,1.0000,0.313,,,,,,,
3,Right,11,-0.0042,-0.0070,0.0337,0.0000,0.0000,0.0000,1.0000,0.313,,,,,,,
3,Right,12,0.0025,0.0045,0.0620,0.0911,0.1051,-0.0134,0.9902,0.313,,,,,,,
3,Right,13,0.0000,0.0000,0.0429,0.0825,0.0034,-0.0117,0.9965,0.313,,,,,,,
3,Right,14,0.0000,0.0000,0.0275,-0.0113,0.0010,-0.0425,0.9990,0.313,,,,,,,
3,Right,15,0.0003,0.0011,0.0250,0.0000,0.0000,0.0000,1.0000,0.313,,,,,,,
3,Right,16,0.0150,-0.0060,0.0348,0.0000,0.0000,0.0000,1.0000,0.313,,,,,,,
3,Right,17,0.0025,-0.0005,0.0539,0.0687,0.1322,-0.0554,0.9873,0.313,,,,,,,
3,Right,18,0.0000,0.0000,0.0390,0.0828,0.0002,-0.0355,0.9959,0.313,,,,,,,
3,Right,19,0.0000,0.0000,0.0266,0.0249,-0.0294,-0.0058,0.9992,0.313,,,,,,,
3,Right,20,0.0003,0.0016,0.0243,0.0000,0.0000,0.0000,1.0000,0.313,,,,,,,
3,Right,21,0.0230,-0.0094,0.0341,0.0183,0.1403,-0.2070,0.9681,0.313,,,,,,,
3,Right,22,0.0000,0.0000,0.0457,-0.0476,0.0508,0.0975,0.9928,0.313,,,,,,,
3,Right,23,0.0000,0.0000,0.0307,0.1399,0.0365,-0.0507,0.9882,0.313,,,,,,,
3,Right,24,0.0000,0.0000,0.0203,-0.0127,-0.0492,0.0007,0.9987,0.313,,,,,,,
3,Right,25,-0.0002,0.0012,0.0219,0.0000,0.0000,0.0000,1.0000,0.313,,,,,,,
4,Left,0,0.0017,-0.0057,0.0655,0.0000,0.0000,0.0000,1.0000,0.389,,,,,,,
4,Left,1,0.0000,0.0000,0.0000,0.0000,0.0000,0.0000,1.0000,0.389,-0.5987,0.1174,0.0496,-0.6841,0.4340,-0.1833,-0.5568
4,Left,2,0.0263,-0.0210,0.0368,-0.0225,0.3001,-0.6540,0.6941,0.389,,,,,,,
4,Left,3,0.0000,0.0000,0.0325,0.2803,-0.0440,0.0805,0.9555,0.389,,,,,,,
4,Left,4,0.0000,0.0000,0.0338,0.2195,0.0408,-0.0753,0.9718,0.389,,,,,,,
4,Left,5,-0.0007,0.0010,0.0246,0.0000,0.0000,0.0000,1.0000,0.389,,,,,,,
4,Left,6,0.0179,-0.0120,0.0376,0.0000,0.0000,0.0000,1.0000,0.389,,,,,,,
4,Left,7,0.0057,0.0046,0.0584,0.4262,-0.0863,-0.0095,0.9005,0.389,,,,,,,
4,Left,8,0.0000,0.0000,0.0379,0.7446,0.0144,0.0211,0.6671,0.389,,,,,,,
4,Left,9,0.0000,0.0000,0.0243,0.5265,-0.0135,0.0166,0.8499,0.389,,,,,,,
4,Left,10,-0.0003,0.0010,0.0224,0.0000,0.0000,0.0000,1.0000,0.389,,,,,,,
4,Left,11,0.0016,-0.0089,0.0354,0.0000,0.0000,0.0000,1.0000,0.389,,,,,,,
4,Left,12,0.0001,0.0063,0.0602,0.5458,-0.0866,0.0588,0.8313,0.389,,,,,,,
4,Left,13,0.0000,0.0000,0.0429,0.7041,0.0048,0.0125,0.7100,0.389,,,,,,,
4,Left,14,0.0000,0.0000,0.0275,0.5273,0.0226,0.0887,0.8447,0.389,,,,,,,
4,Left,15,-0.0003,0.0011,0.0250,0.0000,0.0000,0.0000,1.0000,0.389,,,,,,,
4,Left,16,-0.0150,-0.0060,0.0348,0.0000,0.0000,0.0000,1.0000,0.389,,,,,,,
4,Left,17,-0.0025,-0.0005,0.0539,0.5976,-0.0648,0.1036,0.7924,0.389,,,,,,,
4,Left,18,0.0000,0.0000,0.0390,0.6828,0.0207,0.0417,0.7291,0.389,,,,,,,
4,Left,19,0.0000,0.0000,0.0266,0.5349,0.0272,0.0290,0.8440,0.389,,,,,,,
4,Left,20,-0.0003,0.0016,0.0243,0.0000,0.0000,0.0000,1.0000,0.389,,,,,,,
4,Left,21,-0.0230,-0.0094,0.0341,0.0183,-0.1403,0.2070,0.9681,0.389,,,,,,,
4,Left,22,0.0000,0.0000,0.0457,0.5691,-0.0462,-0.0529,0.8192,0.389,,,,,,,
4,Left,23,0.0000,0.0000,0.0307,0.6308,-0.0083,0.0853,0.7712,0.389,,,,,,,
4,Left,24,0.0000,0.0000,0.0203,0.5821,0.0396,-0.0026,0.8121,0.389,,,,,,,
4,Left,25,0.0002,0.0012,0.0219,0.0000,0.0000,0.0000,1.0000,0.389,,,,,,,
4,Right,0,-0.0030,-0.0048,0.0647,0.0000,0.0000,0.0000,1.0000,0.389,,,,,,,
4,Right,1,0.0000,0.0000,0.0000,0.0000,0.0000,0.0000,1.0000,0.389,-0.0371,0.0307,0.0319,0.6157,-0.0865,-0.0648,0.7806
4,Right,2,-0.0315,-0.0136,0.0332,-0.1802,-0.3064,0.5026,0.7880,0.389,,,,,,,
4,Right,3,0.0000,0.0000,0.0325,0.2907,0.0430,-0.0802,0.9525,0.389,,,,,,,
4,Right,4,0.0000,0.0000,0.0338,0.1131,-0.0506,0.0792,0.9891,0.389,,,,,,,
4,Right,5,0.0007,0.0010,0.0246,0.0000,0.0000,0.0000,1.0000,0.389,,,,,,,
4,Right,6,-0.0204,-0.0082,0.0358,0.0000,0.0000,0.0000,1.0000,0.389,,,,,,,
4,Right,7,-0.0031,0.0009,0.0602,-0.0003,0.0573,0.0322,0.9978,0.389,,,,,,,
4,Right,8,0.0000,0.0000,0.0379,0.1064,0.0044,-0.0262,0.9940,0.389,,,,,,,
4,Right,9,0.0000,0.0000,0.0243,0.0500,0.0252,-0.0167,0.9983,0.389,,,,,,,
4,Right,10,0.0003,0.0010,0.0224,0.0000,0.0000,0.0000,1.0000,0.389,,,,,,,
4,Right,11,-0.0042,-0.0070,0.0337,0.0000,0.0000,0.0000,1.0000,0.389,,,,,,,
4,Right,12,0.0025,0.0045,0.0620,0.0915,0.1042,-0.0134,0.9902,0.389,,,,,,,
4,Right,13,0.0000,0.0000,0.0429,0.0847,0.0034,-0.0117,0.9963,0.389,,,,,,,
4,Right,14,0.0000,0.0000,0.0275,-0.0108,0.0010,-0.0426,0.9990,0.389,,,,,,,
4,Right,15,0.0003,0.0011,0.0250,0.0000,0.0000,0.0000,1.0000,0.389,,,,,,,
4,Right,16,0.0150,-0.0060,0.0348,0.0000,0.0000,0.0000,1.0000,0.389,,,,,,,
4,Right,17,0.0025,-0.0005,0.0539,0.0692,0.1320,-0.0555,0.9873,0.389,,,,,,,
4,Right,18,0.0000,0.0000,0.0390,0.0849,0.0001,-0.0355,0.9958,0.389,,,,,,,
4,Right,19,0.0000,0.0000,0.0266,0.0252,-0.0294,-0.0058,0.9992,0.389,,,,,,,
4,Right,20,0.0003,0.0016,0.0243,0.0000,0.0000,0.0000,1.0000,0.389,,,,,,,
4,Right,21,0.0230,-0.0094,0.0341,0.0183,0.1403,-0.2070,0.9681,0.389,,,,,,,
4,Right,22,0.0000,0.0000,0.0457,-0.0475,0.0509,0.0975,0.9928,0.389,,,,,,,
4,Right,23,0.0000,0.0000,0.0307,0.1411,0.0365,-0.0508,0.9880,0.389,,,,,,,
4,Right,24,0.0000,0.0000,0.0203,-0.0129,-0.0492,0.0007,0.9987,0.389,,,,,,,
4,Right,25,-0.0002,0.0012,0.0219,0.0000,0.0000,0.0000,1.0000,0.389,,,,,,,
5,Left,0,0.0017,-0.0057,0.0655,0.0000,0.0000,0.0000,1.0000,0.481,,,,,,,
5,Left,1,0.0000,0.0000,0.0000,0.0000,0.0000,0.0000,1.0000,0.481,-0.5985,0.1229,0.0470,-0.6823,0.4372,-0.1867,-0.5554
5,Left,2,0.0262,-0.0210,0.0368,-0.0220,0.2994,-0.6547,0.6937,0.481,,,,,,,
5,Left,3,0.0000,0.0000,0.0325,0.2783,-0.0443,0.0805,0.9561,0.481,,,,,,,
5,Left,4,0.0000,0.0000,0.0338,0.2106,0.0416,-0.0756,0.9737,0.481,,,,,,,
5,Left,5,-0.0007,0.0010,0.0246,0.0000,0.0000,0.0000,1.0000,0.481,,,,,,,
5,Left,6,0.0178,-0.0120,0.0376,0.0000,0.0000,0.0000,1.0000,0.481,,,,,,,
5,Left,7,0.0057,0.0047,0.0584,0.4265,-0.0878,-0.0088,0.9002,0.481,,,,,,,
5,Left,8,0.0000,0.0000,0.0379,0.7427,0.0144,0.0212,0.6691,0.481,,,,,,,
5,Left,9,0.0000,0.0000,0.0243,0.5250,-0.0135,0.0166,0.8508,0.481,,,,,,,
5,Left,10,-0.0003,0.0010,0.0224,0.0000,0.0000,0.0000,1.0000,0.481,,,,,,,
5,Left,11,0.0016,-0.0089,0.0354,0.0000,0.0000,0.0000,1.0000,0.481,,,,,,,
5,Left,12,0.0001,0.0063,0.0602,0.5466,-0.0883,0.0600,0.8306,0.481,,,,,,,
5,Left,13,0.0000,0.0000,0.0429,0.7030,0.0048,0.0125,0.7111,0.481,,,,,,,
5,Left,14,0.0000,0.0000,0.0275,0.5266,0.0225,0.0886,0.8452,0.481,,,,,,,
5,Left,15,-0.0003,0.0011,0.0250,0.0000,0.0000,0.0000,1.0000,0.481,,,,,,,
5,Left,16,-0.0150,-0.0060,0.0348,0.0000,0.0000,0.0000,1.0000,0.481,,,,,,,
5,Left,17,-0.0025,-0.0005,0.0539,0.5986,-0.0648,0.1038,0.7917,0.481,,,,,,,
5,Left,18,0.0000,0.0000,0.0390,0.6817,0.0207,0.0417,0.7301,0.481,,,,,,,
5,Left,19,0.0000,0.0000,0.0266,0.5354,0.0272,0.0290,0.8437,0.481,,,,,,,
5,Left,20,-0.0003,0.0016,0.0243,0.0000,0.0000,0.0000,1.0000,0.481,,,,,,,
5,Left,21,-0.0230,-0.0094,0.0341,0.0183,-0.1403,0.2070,0.9681,0.481,,,,,,,
5,Left,22,0.0000,0.0000,0.0457,0.5706,-0.0451,-0.0537,0.8182,0.481,,,,,,,
5,Left,23,0.0000,0.0000,0.0307,0.6208,-0.0090,0.0848,0.7793,0.481,,,,,,,
5,Left,24,0.0000,0.0000,0.0203,0.5844,0.0395,-0.0026,0.8105,0.481,,,,,,,
5,Left,25,0.0002,0.0012,0.0219,0.0000,0.0000,0.0000,1.0000,0.481,,,,,,,
5,Right,0,-0.0030,-0.0048,0.0646,0.0000,0.0000,0.0000,1.0000,0.481,,,,,,,
5,Right,1,0.0000,0.0000,0.0000,0.0000,0.0000,0.0000,1.0000,0.481,-0.0375,0.0316,0.0316,0.6173,-0.0865,-0.0643,0.7793
5,Right,2,-0.0315,-0.0135,0.0332,-0.1803,-0.3072,0.5022,0.7879,0.481,,,,,,,
5,Right,3,0.0000,0.0000,0.0325,0.2914,0.0428,-0.0802,0.9523,0.481,,,,,,,
5,Right,4,0.0000,0.0000,0.0338,0.1137,-0.0506,0.0792,0.9891,0.481,,,,,,,
5,Right,5,0.0007,0.0010,0.0246,0.0000,0.0000,0.0000,1.0000,0.481,,,,,,,
5,Right,6,-0.0205,-0.0082,0.0358,0.0000,0.0000,0.0000,1.0000,0.481,,,,,,,
5,Right,7,-0.0031,0.0009,0.0602,0.0015,0.0578,0.0322,0.9978,0.481,,,,,,,
5,Right,8,0.0000,0.0000,0.0379,0.1070,0.0044,-0.0262,0.9939,0.481,,,,,,,
5,Right,9,0.0000,0.0000,0.0243,0.0505,0.0252,-0.0167,0.9983,0.481,,,,,,,
5,Right,10,0.0003,0.0010,0.0224,0.0000,0.0000,0.0000,1.0000,0.481,,,,,,,
5,Right,11,-0.0042,-0.0070,0.0336,0.0000,0.0000,0.0000,1.0000,0.481,,,,,,,
5,Right,12,0.0025,0.0045,0.0620,0.0919,0.1033,-0.0134,0.9903,0.481,,,,,,,
5,Right,13,0.0000,0.0000,0.0429,0.0866,0.0034,-0.0118,0.9962,0.481,,,,,,,
5,Right,14,0.0000,0.0000,0.0275,-0.0102,0.0010,-0.0426,0.9990,0.481,,,,,,,
5,Right,15,0.0003,0.0011,0.0250,0.0000,0.0000,0.0000,1.0000,0.481,,,,,,,
5,Right,16,0.0150,-0.0060,0.0348,0.0000,0.0000,0.0000,1.0000,0.481,,,,,,,
5,Right,17,0.0025,-0.0005,0.0539,0.0697,0.1314,-0.0555,0.9873,0.481,,,,,,,
5,Right,18,0.0000,0.0000,0.0390,0.0869,0.0000,-0.0356,0.9956,0.481,,,,,,,
5,Right,19,0.0000,0.0000,0.0266,0.0257,-0.0294,-0.0059,0.9992,0.481,,,,,,,
5,Right,20,0.0003,0.0016,0.0243,0.0000,0.0000,0.0000,1.0000,0.481,,,,,,,
5,Right,21,0.0230,-0.0094,0.0341,0.0183,0.1403,-0.2070,0.9681,0.481,,,,,,,
5,Right,22,0.0000,0.0000,0.0457,-0.0471,0.0504,0.0974,0.9929,0.481,,,,,,,
5,Right,23,0.0000,0.0000,0.0307,0.1422,0.0364,-0.0509,0.9879,0.481,,,,,,,
5,Right,24,0.0000,0.0000,0.0203,-0.0130,-0.0492,0.0007,0.9987,0.481,,,,,,,
5,Right,25,-0.0002,0.0012,0.0219,0.0000,0.0000,0.0000,1.0000,0.481,,,,,,,
6,Left,0,0.0017,-0.0057,0.0655,0.0000,0.0000,0.0000,1.0000,0.558,,,,,,,
6,Left,1,0.0000,0.0000,0.0000,0.0000,0.0000,0.0000,1.0000,0.558,-0.5976,0.1284,0.0444,-0.6815,0.4374,-0.1874,-0.5560
6,Left,2,0.0262,-0.0210,0.0368,-0.0214,0.2998,-0.6550,0.6933,0.558,,,,,,,
6,Left,3,0.0000,0.0000,0.0325,0.2798,-0.0441,0.0805,0.9557,0.558,,,,,,,
6,Left,4,0.0000,0.0000,0.0338,0.2059,0.0421,-0.0758,0.9747,0.558,,,,,,,
6,Left,5,-0.0007,0.0010,0.0246,0.0000,0.0000,0.0000,1.0000,0.558,,,,,,,
6,Left,6,0.0178,-0.0120,0.0376,0.0000,0.0000,0.0000,1.0000,0.558,,,,,,,
6,Left,7,0.0057,0.0047,0.0584,0.4282,-0.0893,-0.0081,0.8992,0.558,,,,,,,
6,Left,8,0.0000,0.0000,0.0379,0.7407,0.0143,0.0212,0.6713,0.558,,,,,,,
6,Left,9,0.0000,0.0000,0.0243,0.5231,-0.0136,0.0166,0.8520,0.558,,,,,,,
6,Left,10,-0.0003,0.0010,0.0224,0.0000,0.0000,0.0000,1.0000,0.558,,,,,,,
6,Left,11,0.0016,-0.0089,0.0354,0.0000,0.0000,0.0000,1.0000,0.558,,,,,,,
6,Left,12,0.0001,0.0063,0.0602,0.5475,-0.0894,0.0609,0.8298,0.558,,,,,,,
6,Left,13,0.0000,0.0000,0.0429,0.7023,0.0048,0.0125,0.7117,0.558,,,,,,,
6,Left,14,0.0000,0.0000,0.0275,0.5258,0.0225,0.0886,0.8457,0.558,,,,,,,
6,Left,15,-0.0003,0.0011,0.0250,0.0000,0.0000,0.0000,1.0000,0.558,,,,,,,
6,Left,16,-0.0150,-0.0060,0.0348,0.0000,0.0000,0.0000,1.0000,0.558,,,,,,,
6,Left,17,-0.0025,-0.0005,0.0539,0.6000,-0.0648,0.1040,0.7906,0.558,,,,,,,
6,Left,18,0.0000,0.0000,0.0390,0.6807,0.0206,0.0417,0.7311,0.558,,,,,,,
6,Left,19,0.0000,0.0000,0.0266,0.5356,0.0272,0.0290,0.8435,0.558,,,,,,,
6,Left,20,-0.0003,0.0016,0.0243,0.0000,0.0000,0.0000,1.0000,0.558,,,,,,,
6,Left,21,-0.0230,-0.0094,0.0341,0.0183,-0.1403,0.2070,0.9681,0.558,,,,,,,
6,Left,22,0.0000,0.0000,0.0457,0.5720,-0.0449,-0.0537,0.8173,0.558,,,,,,,
6,Left,23,0.0000,0.0000,0.0307,0.6176,-0.0092,0.0846,0.7819,0.558,,,,,,,
6,Left,24,0.0000,0.0000,0.0203,0.5859,0.0394,-0.0026,0.8094,0.558,,,,,,,
6,Left,25,0.0002,0.0012,0.0219,0.0000,0.0000,0.0000,1.0000,0.558,,,,,,,
6,Right,0,-0.0030,-0.0048,0.0646,0.0000,0.0000,0.0000,1.0000,0.558,,,,,,,
6,Right,1,0.0000,0.0000,0.0000,0.0000,0.0000,0.0000,1.0000,0.558,-0.0378,0.0325,0.0319,0.6192,-0.0858,-0.0642,0.7779
6,Right,2,-0.0315,-0.0135,0.0332,-0.1803,-0.3081,0.5018,0.7879,0.558,,,,,,,
6,Right,3,0.0000,0.0000,0.0325,0.2925,0.0428,-0.0802,0.9519,0.558,,,,,,,
6,Right,4,0.0000,0.0000,0.0338,0.1139,-0.0506,0.0792,0.9890,0.558,,,,,,,
6,Right,5,0.0007,0.0010,0.0246,0.0000,0.0000,0.0000,1.0000,0.558,,,,,,,
6,Right,6,-0.0205,-0.0082,0.0358,0.0000,0.0000,0.0000,1.0000,0.558,,,,,,,
6,Right,7,-0.0031,0.0009,0.0602,0.0026,0.0578,0.0322,0.9978,0.558,,,,,,,
6,Right,8,0.0000,0.0000,0.0379,0.1076,0.0044,-0.0262,0.9938,0.558,,,,,,,
6,Right,9,0.0000,0.0000,0.0243,0.0507,0.0252,-0.0167,0.9983,0.558,,,,,,,
6,Right,10,0.0003,0.0010,0.0224,0.0000,0.0000,0.0000,1.0000,0.558,,,,,,,
6,Right,11,-0.0042,-0.0070,0.0336,0.0000,0.0000,0.0000,1.0000,0.558,,,,,,,
6,Right,12,0.0025,0.0045,0.0620,0.0920,0.1022,-0.0134,0.9904,0.558,,,,,,,
6,Right,13,0.0000,0.0000,0.0429,0.0883,0.0034,-0.0118,0.9960,0.558,,,,,,,
6,Right,14,0.0000,0.0000,0.0275,-0.0097,0.0010,-0.0427,0.9990,0.558,,,,,,,
6,Right,15,0.0003,0.0011,0.0250,0.0000,0.0000,0.0000,1.0000,0.558,,,,,,,
6,Right,16,0.0150,-0.0060,0.0348,0.0000,0.0000,0.0000,1.0000,0.558,,,,,,,
6,Right,17,0.0025,-0.0005,0.0539,0.0693,0.1301,-0.0555,0.9875,0.558,,,,,,,
6,Right,18,0.0000,0.0000,0.0390,0.0884,0.0000,-0.0356,0.9954,0.558,,,,,,,
6,Right,19,0.0000,0.0000,0.0266,0.0259,-0.0294,-0.0059,0.9992,0.558,,,,,,,
6,Right,20,0.0003,0.0016,0.0243,0.0000,0.0000,0.0000,1.0000,0.558,,,,,,,
6,Right,21,0.0230,-0.0094,0.0341,0.0183,0.1403,-0.2070,0.9681,0.558,,,,,,,
6,Right,22,0.0000,0.0000,0.0457,-0.0470,0.0494,0.0973,0.9929,0.558,,,,,,,
6,Right,23,0.0000,0.0000,0.0307,0.1430,0.0364,-0.0509,0.9877,0.558,,,,,,,
6,Right,24,0.0000,0.0000,0.0203,-0.0128,-0.0492,0.0007,0.9987,0.558,,,,,,,
6,Right,25,-0.0002,0.0012,0.0219,0.0000,0.0000,0.0000,1.0000,0.558,,,,,,,
7,Left,0,0.0017,-0.0057,0.0655,0.0000,0.0000,0.0000,1.0000,0.624,,,,,,,
7,Left,1,0.0000,0.0000,0.0000,0.0000,0.0000,0.0000,1.0000,0.624,-0.5969,0.1344,0.0429,-0.6821,0.4375,-0.1866,-0.5555
7,Left,2,0.0262,-0.0211,0.0368,-0.0213,0.2993,-0.6553,0.6932,0.624,,,,,,,
7,Left,3,0.0000,0.0000,0.0325,0.2811,-0.0439,0.0805,0.9553,0.624,,,,,,,
7,Left,4,0.0000,0.0000,0.0338,0.2011,0.0425,-0.0760,0.9757,0.624,,,,,,,
7,Left,5,-0.0007,0.0010,0.0246,0.0000,0.0000,0.0000,1.0000,0.624,,,,,,,
7,Left,6,0.0178,-0.0120,0.0376,0.0000,0.0000,0.0000,1.0000,0.624,,,,,,,
7,Left,7,0.0057,0.0047,0.0584,0.4279,-0.0900,-0.0078,0.8993,0.624,,,,,,,
7,Left,8,0.0000,0.0000,0.0379,0.7391,0.0143,0.0212,0.6731,0.624,,,,,,,
7,Left,9,0.0000,0.0000,0.0243,0.5215,-0.0136,0.0166,0.8530,0.624,,,,,,,
7,Left,10,-0.0003,0.0010,0.0224,0.0000,0.0000,0.0000,1.0000,0.624,,,,,,,
7,Left,11,0.0016,-0.0089,0.0354,0.0000,0.0000,0.0000,1.0000,0.624,,,,,,,
7,Left,12,0.0001,0.0063,0.0602,0.5478,-0.0906,0.0616,0.8294,0.624,,,,,,,
7,Left,13,0.0000,0.0000,0.0429,0.7016,0.0048,0.0125,0.7125,0.624,,,,,,,
7,Left,14,0.0000,0.0000,0.0275,0.5248,0.0224,0.0885,0.8463,0.624,,,,,,,
7,Left,15,-0.0003,0.0011,0.0250,0.0000,0.0000,0.0000,1.0000,0.624,,,,,,,
7,Left,16,-0.0150,-0.0060,0.0348,0.0000,0.0000,0.0000,1.0000,0.624,,,,,,,
7,Left,17,-0.0025,-0.0005,0.0539,0.6012,-0.0654,0.1046,0.7895,0.624,,,,,,,
7,Left,18,0.0000,0.0000,0.0390,0.6796,0.0206,0.0417,0.7321,0.624,,,,,,,
7,Left,19,0.0000,0.0000,0.0266,0.5354,0.0272,0.0290,0.8437,0.624,,,,,,,
7,Left,20,-0.0003,0.0016,0.0243,0.0000,0.0000,0.0000,1.0000,0.624,,,,,,,
7,Left,21,-0.0230,-0.0094,0.0341,0.0183,-0.1403,0.2070,0.9681,0.624,,,,,,,
7,Left,22,0.0000,0.0000,0.0457,0.5737,-0.0450,-0.0537,0.8161,0.624,,,,,,,
7,Left,23,0.0000,0.0000,0.0307,0.6140,-0.0095,0.0844,0.7847,0.624,,,,,,,
7,Left,24,0.0000,0.0000,0.0203,0.5866,0.0394,-0.0026,0.8089,0.624,,,,,,,
7,Left,25,0.0002,0.0012,0.0219,0.0000,0.0000,0.0000,1.0000,0.624,,,,,,,
7,Right,0,-0.0030,-0.0048,0.0646,0.0000,0.0000,0.0000,1.0000,0.624,,,,,,,
7,Right,1,0.0000,0.0000,0.0000,0.0000,0.0000,0.0000,1.0000,0.624,-0.0387,0.0337,0.0330,0.6231,-0.0845,-0.0632,0.7750
7,Right,2,-0.0315,-0.0135,0.0332,-0.1800,-0.3094,0.5017,0.7875,0.624,,,,,,,
7,Right,3,0.0000,0.0000,0.0325,0.2942,0.0426,-0.0802,0.9514,0.624,,,,,,,
7,Right,4,0.0000,0.0000,0.0338,0.1150,-0.0505,0.0791,0.9889,0.624,,,,,,,
7,Right,5,0.0007,0.0010,0.0246,0.0000,0.0000,0.0000,1.0000,0.624,,,,,,,
7,Right,6,-0.0205,-0.0082,0.0358,0.0000,0.0000,0.0000,1.0000,0.624,,,,,,,
7,Right,7,-0.0031,0.0009,0.0602,0.0042,0.0577,0.0321,0.9978,0.624,,,,,,,
7,Right,8,0.0000,0.0000,0.0379,0.1081,0.0044,-0.0262,0.9938,0.624,,,,,,,
7,Right,9,0.0000,0.0000,0.0243,0.0510,0.0252,-0.0167,0.9982,0.624,,,,,,,
7,Right,10,0.0003,0.0010,0.0224,0.0000,0.0000,0.0000,1.0000,0.624,,,,,,,
7,Right,11,-0.0043,-0.0070,0.0336,0.0000,0.0000,0.0000,1.0000,0.624,,,,,,,
7,Right,12,0.0025,0.0044,0.0620,0.0922,0.1009,-0.0133,0.9905,0.624,,,,,,,
7,Right,13,0.0000,0.0000,0.0429,0.0898,0.0033,-0.0118,0.9959,0.624,,,,,,,
7,Right,14,0.0000,0.0000,0.0275,-0.0091,0.0009,-0.0427,0.9990,0.624,,,,,,,
7,Right,15,0.0003,0.0011,0.0250,0.0000,0.0000,0.0000,1.0000,0.624,,,,,,,
7,Right,16,0.0150,-0.0060,0.0348,0.0000,0.0000,0.0000,1.0000,0.624,,,,,,,
7,Right,17,0.0025,-0.0005,0.0539,0.0691,0.1287,-0.0554,0.9877,0.624,,,,,,,
7,Right,18,0.0000,0.0000,0.0390,0.0897,0.0000,-0.0356,0.9953,0.624,,,,,,,
7,Right,19,0.0000,0.0000,0.0266,0.0263,-0.0294,-0.0059,0.9992,0.624,,,,,,,
7,Right,20,0.0003,0.0016,0.0243,0.0000,0.0000,0.0000,1.0000,0.624,,,,,,,
7,Right,21,0.0230,-0.0094,0.0341,0.0183,0.1403,-0.2070,0.9681,0.624,,,,,,,
7,Right,22,0.0000,0.0000,0.0457,-0.0462,0.0479,0.0972,0.9930,0.624,,,,,,,
7,Right,23,0.0000,0.0000,0.0307,0.1433,0.0364,-0.0510,0.9877,0.624,,,,,,,
7,Right,24,0.0000,0.0000,0.0203,-0.0125,-0.0492,0.0007,0.9987,0.624,,,,,,,
7,Right,25,-0.0002,0.0012,0.0219,0.0000,0.0000,0.0000,1.0000,0.624,,,,,,,
8,Left,0,0.0017,-0.0057,0.0655,0.0000,0.0000,0.0000,1.0000,0.679,,,,,,,
8,Left,1,0.0000,0.0000,0.0000,0.0000,0.0000,0.0000,1.0000,0.679,-0.5973,0.1394,0.0393,-0.6818,0.4382,-0.1866,-0.5552
8,Left,2,0.0262,-0.0211,0.0368,-0.0211,0.2987,-0.6558,0.6930,0.679,,,,,,,
8,Left,3,0.0000,0.0000,0.0325,0.2810,-0.0440,0.0805,0.9553,0.679,,,,,,,
8,Left,4,0.0000,0.0000,0.0338,0.2003,0.0426,-0.0760,0.9759,0.679,,,,,,,
8,Left,5,-0.0007,0.0010,0.0246,0.0000,0.0000,0.0000,1.0000,0.679,,,,,,,
8,Left,6,0.0178,-0.0120,0.0376,0.0000,0.0000,0.0000,1.0000,0.679,,,,,,,
8,Left,7,0.0058,0.0047,0.0584,0.4262,-0.0908,-0.0076,0.9000,0.679,,,,,,,
8,Left,8,0.0000,0.0000,0.0379,0.7389,0.0142,0.0212,0.6734,0.679,,,,,,,
8,Left,9,0.0000,0.0000,0.0243,0.5214,-0.0136,0.0166,0.8531,0.679,,,,,,,
8,Left,10,-0.0003,0.0010,0.0224,0.0000,0.0000,0.0000,1.0000,0.679,,,,,,,
8,Left,11,0.0016,-0.0089,0.0355,0.0000,0.0000,0.0000,1.0000,0.679,,,,,,,
8,Left,12,0.0001,0.0064,0.0602,0.5475,-0.0915,0.0622,0.8294,0.679,,,,,,,
8,Left,13,0.0000,0.0000,0.0429,0.7012,0.0048,0.0125,0.7128,0.679,,,,,,,
8,Left,14,0.0000,0.0000,0.0275,0.5241,0.0224,0.0884,0.8468,0.679,,,,,,,
8,Left,15,-0.0003,0.0011,0.0250,0.0000,0.0000,0.0000,1.0000,0.679,,,,,,,
8,Left,16,-0.0150,-0.0060,0.0348,0.0000,0.0000,0.0000,1.0000,0.679,,,,,,,
8,Left,17,-0.0025,-0.0005,0.0539,0.6022,-0.0657,0.1050,0.7887,0.679,,,,,,,
8,Left,18,0.0000,0.0000,0.0390,0.6789,0.0206,0.0417,0.7327,0.679,,,,,,,
8,Left,19,0.0000,0.0000,0.0266,0.5349,0.0272,0.0290,0.8440,0.679,,,,,,,
8,Left,20,-0.0003,0.0016,0.0243,0.0000,0.0000,0.0000,1.0000,0.679,,,,,,,
8,Left,21,-0.0230,-0.0094,0.0341,0.0183,-0.1403,0.2070,0.9681,0.679,,,,,,,
8,Left,22,0.0000,0.0000,0.0457,0.5762,-0.0447,-0.0538,0.8143,0.679,,,,,,,
8,Left,23,0.0000,0.0000,0.0307,0.6127,-0.0096,0.0843,0.7858,0.679,,,,,,,
8,Left,24,0.0000,0.0000,0.0203,0.5868,0.0394,-0.0026,0.8088,0.679,,,,,,,
8,Left,25,0.0002,0.0012,0.0219,0.0000,0.0000,0.0000,1.0000,0.679,,,,,,,
8,Right,0,-0.0030,-0.0048,0.0646,0.0000,0.0000,0.0000,1.0000,0.679,,,,,,,
8,Right,1,0.0000,0.0000,0.0000,0.0000,0.0000,0.0000,1.0000,0.679,-0.0387,0.0343,0.0328,0.6237,-0.0841,-0.0637,0.7745
8,Right,2,-0.0315,-0.0134,0.0332,-0.1803,-0.3100,0.5011,0.7876,0.679,,,,,,,
8,Right,3,0.0000,0.0000,0.0325,0.2953,0.0425,-0.0801,0.9511,0.679,,,,,,,
8,Right,4,0.0000,0.0000,0.0338,0.1154,-0.0504,0.0791,0.9889,0.679,,,,,,,
8,Right,5,0.0007,0.0010,0.0246,0.0000,0.0000,0.0000,1.0000,0.679,,,,,,,
8,Right,6,-0.0205,-0.0082,0.0358,0.0000,0.0000,0.0000,1.0000,0.679,,,,,,,
8,Right,7,-0.0031,0.0009,0.0602,0.0056,0.0576,0.0321,0.9978,0.679,,,,,,,
8,Right,8,0.0000,0.0000,0.0379,0.1082,0.0044,-0.0262,0.9938,0.679,,,,,,,
8,Right,9,0.0000,0.0000,0.0243,0.0511,0.0252,-0.0167,0.9982,0.679,,,,,,,
8,Right,10,0.0003,0.0010,0.0224,0.0000,0.0000,0.0000,1.0000,0.679,,,,,,,
8,Right,11,-0.0043,-0.0070,0.0336,0.0000,0.0000,0.0000,1.0000,0.679,,,,,,,
8,Right,12,0.0025,0.0044,0.0620,0.0922,0.1000,-0.0133,0.9906,0.679,,,,,,,
8,Right,13,0.0000,0.0000,0.0429,0.0907,0.0033,-0.0118,0.9958,0.679,,,,,,,
8,Right,14,0.0000,0.0000,0.0275,-0.0087,0.0009,-0.0428,0.9990,0.679,,,,,,,
8,Right,15,0.0003,0.0011,0.0250,0.0000,0.0000,0.0000,1.0000,0.679,,,,,,,
8,Right,16,0.0150,-0.0060,0.0348,0.0000,0.0000,0.0000,1.0000,0.679,,,,,,,
8,Right,17,0.0025,-0.0005,0.0539,0.0689,0.1273,-0.0554,0.9879,0.679,,,,,,,
8,Right,18,0.0000,0.0000,0.0390,0.0906,-0.0001,-0.0356,0.9952,0.679,,,,,,,
8,Right,19,0.0000,0.0000,0.0266,0.0267,-0.0294,-0.0059,0.9992,0.679,,,,,,,
8,Right,20,0.0003,0.0016,0.0243,0.0000,0.0000,0.0000,1.0000,0.679,,,,,,,
8,Right,21,0.0230,-0.0094,0.0341,0.0183,0.1403,-0.2070,0.9681,0.679,,,,,,,
8,Right,22,0.0000,0.0000,0.0457,-0.0459,0.0468,0.0971,0.9931,0.679,,,,,,,
8,Right,23,0.0000,0.0000,0.0307,0.1436,0.0364,-0.0510,0.9877,0.679,,,,,,,
8,Right,24,0.0000,0.0000,0.0203,-0.0123,-0.0492,0.0007,0.9987,0.679,,,,,,,
8,Right,25,-0.0002,0.0012,0.0219,0.0000,0.0000,0.0000,1.0000,0.679,,,,,,,
9,Left,0,0.0017,-0.0057,0.0655,0.0000,0.0000,0.0000,1.0000,0.786,,,,,,,
9,Left,1,0.0000,0.0000,0.0000,0.0000,0.0000,0.0000,1.0000,0.786,-0.5985,0.1445,0.0360,-0.6818,0.4397,-0.1847,-0.5547
9,Left,2,0.0262,-0.0211,0.0368,-0.0201,0.3003,-0.6556,0.6926,0.786,,,,,,,
9,Left,3,0.0000,0.0000,0.0325,0.2823,-0.0438,0.0804,0.9549,0.786,,,,,,,
9,Left,4,0.0000,0.0000,0.0338,0.2105,0.0417,-0.0756,0.9738,0.786,,,,,,,
9,Left,5,-0.0007,0.0010,0.0246,0.0000,0.0000,0.0000,1.0000,0.786,,,,,,,
9,Left,6,0.0178,-0.0120,0.0376,0.0000,0.0000,0.0000,1.0000,0.786,,,,,,,
9,Left,7,0.0057,0.0047,0.0584,0.4257,-0.0921,-0.0070,0.9001,0.786,,,,,,,
9,Left,8,0.0000,0.0000,0.0379,0.7388,0.0142,0.0212,0.6734,0.786,,,,,,,
9,Left,9,0.0000,0.0000,0.0243,0.5220,-0.0136,0.0166,0.8527,0.786,,,,,,,
9,Left,10,-0.0003,0.0010,0.0224,0.0000,0.0000,0.0000,1.0000,0.786,,,,,,,
9,Left,11,0.0016,-0.0089,0.0354,0.0000,0.0000,0.0000,1.0000,0.786,,,,,,,
9,Left,12,0.0001,0.0064,0.0602,0.5481,-0.0934,0.0634,0.8288,0.786,,,,,,,
9,Left,13,0.0000,0.0000,0.0429,0.7004,0.0048,0.0125,0.7136,0.786,,,,,,,
9,Left,14,0.0000,0.0000,0.0275,0.5237,0.0224,0.0884,0.8470,0.786,,,,,,,
9,Left,15,-0.0003,0.0011,0.0250,0.0000,0.0000,0.0000,1.0000,0.786,,,,,,,
9,Left,16,-0.0150,-0.0060,0.0348,0.0000,0.0000,0.0000,1.0000,0.786,,,,,,,
9,Left,17,-0.0025,-0.0005,0.0539,0.6039,-0.0665,0.1058,0.7872,0.786,,,,,,,
9,Left,18,0.0000,0.0000,0.0390,0.6779,0.0205,0.0417,0.7337,0.786,,,,,,,
9,Left,19,0.0000,0.0000,0.0266,0.5345,0.0272,0.0290,0.8442,0.786,,,,,,,
9,Left,20,-0.0003,0.0016,0.0243,0.0000,0.0000,0.0000,1.0000,0.786,,,,,,,
9,Left,21,-0.0230,-0.0094,0.0341,0.0183,-0.1403,0.2070,0.9681,0.786,,,,,,,
9,Left,22,0.0000,0.0000,0.0457,0.5799,-0.0443,-0.0539,0.8117,0.786,,,,,,,
9,Left,23,0.0000,0.0000,0.0307,0.6110,-0.0097,0.0842,0.7871,0.786,,,,,,,
9,Left,24,0.0000,0.0000,0.0203,0.5867,0.0394,-0.0026,0.8089,0.786,,,,,,,
9,Left,25,0.0002,0.0012,0.0219,0.0000,0.0000,0.0000,1.0000,0.786,,,,,,,
9,Right,0,-0.0030,-0.0048,0.0646,0.0000,0.0000,0.0000,1.0000,0.786,,,,,,,
9,Right,1,0.0000,0.0000,0.0000,0.0000,0.0000,0.0000,1.0000,0.786,-0.0387,0.0351,0.0327,0.6274,-0.0861,-0.0624,0.7714
9,Right,2,-0.0316,-0.0133,0.0331,-0.1806,-0.3117,0.5000,0.7875,0.786,,,,,,,
9,Right,3,0.0000,0.0000,0.0325,0.2971,0.0423,-0.0801,0.9505,0.786,,,,,,,
9,Right,4,0.0000,0.0000,0.0338,0.1173,-0.0502,0.0790,0.9887,0.786,,,,,,,
9,Right,5,0.0007,0.0010,0.0246,0.0000,0.0000,0.0000,1.0000,0.786,,,,,,,
9,Right,6,-0.0205,-0.0081,0.0358,0.0000,0.0000,0.0000,1.0000,0.786,,,,,,,
9,Right,7,-0.0031,0.0008,0.0602,0.0080,0.0581,0.0320,0.9978,0.786,,,,,,,
9,Right,8,0.0000,0.0000,0.0379,0.1074,0.0044,-0.0262,0.9939,0.786,,,,,,,
9,Right,9,0.0000,0.0000,0.0243,0.0511,0.0252,-0.0167,0.9982,0.786,,,,,,,
9,Right,10,0.0003,0.0010,0.0224,0.0000,0.0000,0.0000,1.0000,0.786,,,,,,,
9,Right,11,-0.0043,-0.0070,0.0336,0.0000,0.0000,0.0000,1.0000,0.786,,,,,,,
9,Right,12,0.0026,0.0044,0.0620,0.0927,0.0992,-0.0133,0.9907,0.786,,,,,,,
9,Right,13,0.0000,0.0000,0.0429,0.0921,0.0033,-0.0118,0.9957,0.786,,,,,,,
9,Right,14,0.0000,0.0000,0.0275,-0.0079,0.0009,-0.0428,0.9991,0.786,,,,,,,
9,Right,15,0.0003,0.0011,0.0250,0.0000,0.0000,0.0000,1.0000,0.786,,,,,,,
9,Right,16,0.0150,-0.0060,0.0348,0.0000,0.0000,0.0000,1.0000,0.786,,,,,,,
9,Right,17,0.0025,-0.0005,0.0539,0.0685,0.1258,-0.0553,0.9881,0.786,,,,,,,
9,Right,18,0.0000,0.0000,0.0390,0.0923,-0.0001,-0.0357,0.9951,0.786,,,,,,,
9,Right,19,0.0000,0.0000,0.0266,0.0273,-0.0294,-0.0059,0.9992,0.786,,,,,,,
9,Right,20,0.0003,0.0016,0.0243,0.0000,0.0000,0.0000,1.0000,0.786,,,,,,,
9,Right,21,0.0230,-0.0094,0.0341,0.0183,0.1403,-0.2070,0.9681,0.786,,,,,,,
9,Right,22,0.0000,0.0000,0.0457,-0.0460,0.0439,0.0970,0.9932,0.786,,,,,,,
9,Right,23,0.0000,0.0000,0.0307,0.1443,0.0364,-0.0510,0.9875,0.786,,,,,,,
9,Right,24,0.0000,0.0000,0.0203,-0.0120,-0.0492,0.0007,0.9987,0.786,,,,,,,
9,Right,25,-0.0002,0.0012,0.0219,0.0000,0.0000,0.0000,1.0000,0.786,,,,,,,
10,Left,0,0.0017,-0.0057,0.0655,0.0000,0.0000,0.0000,1.0000,0.873,,,,,,,
10,Left,1,0.0000,0.0000,0.0000,0.0000,0.0000,0.0000,1.0000,0.873,-0.5975,0.1502,0.0340,-0.6811,0.4433,-0.1846,-0.5527
10,Left,2,0.0263,-0.0210,0.0368,-0.0194,0.3031,-0.6545,0.6923,0.873,,,,,,,
10,Left,3,0.0000,0.0000,0.0325,0.2820,-0.0439,0.0804,0.9550,0.873,,,,,,,
10,Left,4,0.0000,0.0000,0.0338,0.2144,0.0413,-0.0754,0.9729,0.873,,,,,,,
10,Left,5,-0.0007,0.0010,0.0246,0.0000,0.0000,0.0000,1.0000,0.873,,,,,,,
10,Left,6,0.0178,-0.0120,0.0376,0.0000,0.0000,0.0000,1.0000,0.873,,,,,,,
10,Left,7,0.0057,0.0046,0.0584,0.4267,-0.0923,-0.0069,0.8997,0.873,,,,,,,
10,Left,8,0.0000,0.0000,0.0379,0.7390,0.0142,0.0212,0.6732,0.873,,,,,,,
10,Left,9,0.0000,0.0000,0.0243,0.5226,-0.0136,0.0166,0.8523,0.873,,,,,,,
10,Left,10,-0.0003,0.0010,0.0224,0.0000,0.0000,0.0000,1.0000,0.873,,,,,,,
10,Left,11,0.0016,-0.0089,0.0354,0.0000,0.0000,0.0000,1.0000,0.873,,,,,,,
10,Left,12,0.0001,0.0063,0.0602,0.5486,-0.0932,0.0633,0.8285,0.873,,,,,,,
10,Left,13,0.0000,0.0000,0.0429,0.6997,0.0048,0.0125,0.7143,0.873,,,,,,,
10,Left,14,0.0000,0.0000,0.0275,0.5238,0.0224,0.0884,0.8470,0.873,,,,,,,
10,Left,15,-0.0003,0.0011,0.0250,0.0000,0.0000,0.0000,1.0000,0.873,,,,,,,
10,Left,16,-0.0150,-0.0060,0.0348,0.0000,0.0000,0.0000,1.0000,0.873,,,,,,,
10,Left,17,-0.0025,-0.0005,0.0539,0.6042,-0.0656,0.1052,0.7871,0.873,,,,,,,
10,Left,18,0.0000,0.0000,0.0390,0.6776,0.0205,0.0417,0.7339,0.873,,,,,,,
10,Left,19,0.0000,0.0000,0.0266,0.5350,0.0272,0.0290,0.8439,0.873,,,,,,,
10,Left,20,-0.0003,0.0016,0.0243,0.0000,0.0000,0.0000,1.0000,0.873,,,,,,,
10,Left,21,-0.0230,-0.0094,0.0341,0.0183,-0.1403,0.2070,0.9681,0.873,,,,,,,
10,Left,22,0.0000,0.0000,0.0457,0.5808,-0.0438,-0.0542,0.8111,0.873,,,,,,,
10,Left,23,0.0000,0.0000,0.0307,0.6114,-0.0097,0.0843,0.7868,0.873,,,,,,,
10,Left,24,0.0000,0.0000,0.0203,0.5872,0.0394,-0.0026,0.8085,0.873,,,,,,,
10,Left,25,0.0002,0.0012,0.0219,0.0000,0.0000,0.0000,1.0000,0.873,,,,,,,
10,Right,0,-0.0030,-0.0047,0.0646,0.0000,0.0000,0.0000,1.0000,0.873,,,,,,,
10,Right,1,0.0000,0.0000,0.0000,0.0000,0.0000,0.0000,1.0000,0.873,-0.0388,0.0360,0.0327,0.6290,-0.0861,-0.0635,0.7700
10,Right,2,-0.0316,-0.0133,0.0331,-0.1808,-0.3130,0.4993,0.7874,0.873,,,,,,,
10,Right,3,0.0000,0.0000,0.0325,0.2984,0.0421,-0.0801,0.9501,0.873,,,,,,,
10,Right,4,0.0000,0.0000,0.0338,0.1193,-0.0501,0.0790,0.9884,0.873,,,,,,,
10,Right,5,0.0007,0.0010,0.0246,0.0000,0.0000,0.0000,1.0000,0.873,,,,,,,
10,Right,6,-0.0205,-0.0081,0.0358,0.0000,0.0000,0.0000,1.0000,0.873,,,,,,,
10,Right,7,-0.0030,0.0008,0.0602,0.0093,0.0591,0.0321,0.9977,0.873,,,,,,,
10,Right,8,0.0000,0.0000,0.0379,0.1059,0.0044,-0.0262,0.9940,0.873,,,,,,,
10,Right,9,0.0000,0.0000,0.0243,0.0508,0.0252,-0.0167,0.9983,0.873,,,,,,,
10,Right,10,0.0003,0.0010,0.0224,0.0000,0.0000,0.0000,1.0000,0.873,,,,,,,
10,Right,11,-0.0043,-0.0069,0.0336,0.0000,0.0000,0.0000,1.0000,0.873,,,,,,,
10,Right,12,0.0026,0.0044,0.0621,0.0927,0.0989,-0.0133,0.9907,0.873,,,,,,,
10,Right,13,0.0000,0.0000,0.0429,0.0925,0.0033,-0.0118,0.9956,0.873,,,,,,,
10,Right,14,0.0000,0.0000,0.0275,-0.0075,0.0009,-0.0429,0.9991,0.873,,,,,,,
10,Right,15,0.0003,0.0011,0.0250,0.0000,0.0000,0.0000,1.0000,0.873,,,,,,,
10,Right,16,0.0150,-0.0060,0.0348,0.0000,0.0000,0.0000,1.0000,0.873,,,,,,,
10,Right,17,0.0025,-0.0005,0.0539,0.0680,0.1248,-0.0553,0.9883,0.873,,,,,,,
10,Right,18,0.0000,0.0000,0.0390,0.0931,-0.0002,-0.0357,0.9950,0.873,,,,,,,
10,Right,19,0.0000,0.0000,0.0266,0.0276,-0.0294,-0.0059,0.9992,0.873,,,,,,,
10,Right,20,0.0003,0.0016,0.0243,0.0000,0.0000,0.0000,1.0000,0.873,,,,,,,
10,Right,21,0.0230,-0.0094,0.0341,0.0183,0.1403,-0.2070,0.9681,0.873,,,,,,,
10,Right,22,0.0000,0.0000,0.0457,-0.0458,0.0421,0.0969,0.9933,0.873,,,,,,,
10,Right,23,0.0000,0.0000,0.0307,0.1450,0.0363,-0.0511,0.9874,0.873,,,,,,,
10,Right,24,0.0000,0.0000,0.0203,-0.0118,-0.0492,0.0007,0.9987,0.873,,,,,,,
10,Right,25,-0.0002,0.0012,0.0219,0.0000,0.0000,0.0000,1.0000,0.873,,,,,,,
11,Left,0,0.0017,-0.0057,0.0655,0.0000,0.0000,0.0000,1.0000,0.942,,,,,,,
11,Left,1,0.0000,0.0000,0.0000,0.0000,0.0000,0.0000,1.0000,0.942,-0.5972,0.1556,0.0311,-0.6812,0.4444,-0.1840,-0.5520
11,Left,2,0.0263,-0.0210,0.0368,-0.0170,0.3071,-0.6542,0.6909,0.942,,,,,,,
11,Left,3,0.0000,0.0000,0.0325,0.2776,-0.0443,0.0805,0.9563,0.942,,,,,,,
11,Left,4,0.0000,0.0000,0.0338,0.2106,0.0416,-0.0756,0.9738,0.942,,,,,,,
11,Left,5,-0.0007,0.0010,0.0246,0.0000,0.0000,0.0000,1.0000,0.942,,,,,,,
11,Left,6,0.0179,-0.0119,0.0376,0.0000,0.0000,0.0000,1.0000,0.942,,,,,,,
11,Left,7,0.0057,0.0046,0.0584,0.4278,-0.0926,-0.0067,0.8991,0.942,,,,,,,
11,Left,8,0.0000,0.0000,0.0379,0.7387,0.0142,0.0212,0.6736,0.942,,,,,,,
11,Left,9,0.0000,0.0000,0.0243,0.5231,-0.0136,0.0166,0.8520,0.942,,,,,,,
11,Left,10,-0.0003,0.0010,0.0224,0.0000,0.0000,0.0000,1.0000,0.942,,,,,,,
11,Left,11,0.0017,-0.0089,0.0354,0.0000,0.0000,0.0000,1.0000,0.942,,,,,,,
11,Left,12,0.0001,0.0063,0.0602,0.5486,-0.0931,0.0632,0.8284,0.942,,,,,,,
11,Left,13,0.0000,0.0000,0.0429,0.6996,0.0048,0.0125,0.7144,0.942,,,,,,,
11,Left,14,0.0000,0.0000,0.0275,0.5242,0.0224,0.0884,0.8467,0.942,,,,,,,
11,Left,15,-0.0003,0.0011,0.0250,0.0000,0.0000,0.0000,1.0000,0.942,,,,,,,
11,Left,16,-0.0150,-0.0060,0.0348,0.0000,0.0000,0.0000,1.0000,0.942,,,,,,,
11,Left,17,-0.0025,-0.0005,0.0539,0.6041,-0.0652,0.1049,0.7873,0.942,,,,,,,
11,Left,18,0.0000,0.0000,0.0390,0.6781,0.0205,0.0417,0.7335,0.942,,,,,,,
11,Left,19,0.0000,0.0000,0.0266,0.5358,0.0272,0.0291,0.8434,0.942,,,,,,,
11,Left,20,-0.0003,0.0016,0.0243,0.0000,0.0000,0.0000,1.0000,0.942,,,,,,,
11,Left,21,-0.0230,-0.0094,0.0341,0.0183,-0.1403,0.2070,0.9681,0.942,,,,,,,
11,Left,22,0.0000,0.0000,0.0457,0.5805,-0.0438,-0.0543,0.8112,0.942,,,,,,,
11,Left,23,0.0000,0.0000,0.0307,0.6120,-0.0096,0.0843,0.7863,0.942,,,,,,,
11,Left,24,0.0000,0.0000,0.0203,0.5878,0.0393,-0.0026,0.8080,0.942,,,,,,,
11,Left,25,0.0002,0.0012,0.0219,0.0000,0.0000,0.0000,1.0000,0.942,,,,,,,
11,Right,0,-0.0030,-0.0047,0.0646,0.0000,0.0000,0.0000,1.0000,0.942,,,,,,,
11,Right,1,0.0000,0.0000,0.0000,0.0000,0.0000,0.0000,1.0000,0.942,-0.0390,0.0365,0.0323,0.6300,-0.0831,-0.0657,0.7693
11,Right,2,-0.0316,-0.0133,0.0331,-0.1796,-0.3143,0.5002,0.7866,0.942,,,,,,,
11,Right,3,0.0000,0.0000,0.0325,0.2985,0.0421,-0.0801,0.9501,0.942,,,,,,,
11,Right,4,0.0000,0.0000,0.0338,0.1202,-0.0500,0.0789,0.9883,0.942,,,,,,,
11,Right,5,0.0007,0.0010,0.0246,0.0000,0.0000,0.0000,1.0000,0.942,,,,,,,
11,Right,6,-0.0205,-0.0081,0.0358,0.0000,0.0000,0.0000,1.0000,0.942,,,,,,,
11,Right,7,-0.0031,0.0008,0.0602,0.0110,0.0598,0.0320,0.9976,0.942,,,,,,,
11,Right,8,0.0000,0.0000,0.0379,0.1045,0.0045,-0.0262,0.9942,0.942,,,,,,,
11,Right,9,0.0000,0.0000,0.0243,0.0503,0.0252,-0.0167,0.9983,0.942,,,,,,,
11,Right,10,0.0003,0.0010,0.0224,0.0000,0.0000,0.0000,1.0000,0.942,,,,,,,
11,Right,11,-0.0043,-0.0070,0.0336,0.0000,0.0000,0.0000,1.0000,0.942,,,,,,,
11,Right,12,0.0026,0.0044,0.0620,0.0933,0.0991,-0.0134,0.9906,0.942,,,,,,,
11,Right,13,0.0000,0.0000,0.0429,0.0923,0.0033,-0.0118,0.9957,0.942,,,,,,,
11,Right,14,0.0000,0.0000,0.0275,-0.0071,0.0009,-0.0429,0.9991,0.942,,,,,,,
11,Right,15,0.0003,0.0011,0.0250,0.0000,0.0000,0.0000,1.0000,0.942,,,,,,,
11,Right,16,0.0150,-0.0060,0.0348,0.0000,0.0000,0.0000,1.0000,0.942,,,,,,,
11,Right,17,0.0025,-0.0005,0.0539,0.0678,0.1245,-0.0552,0.9884,0.942,,,,,,,
11,Right,18,0.0000,0.0000,0.0390,0.0932,-0.0002,-0.0357,0.9950,0.942,,,,,,,
11,Right,19,0.0000,0.0000,0.0266,0.0279,-0.0294,-0.0060,0.9992,0.942,,,,,,,
11,Right,20,0.0003,0.0016,0.0243,0.0000,0.0000,0.0000,1.0000,0.942,,,,,,,
11,Right,21,0.0230,-0.0094,0.0341,0.0183,0.1403,-0.2070,0.9681,0.942,,,,,,,
11,Right,22,0.0000,0.0000,0.0457,-0.0454,0.0407,0.0968,0.9934,0.942,,,,,,,
11,Right,23,0.0000,0.0000,0.0307,0.1451,0.0363,-0.0511,0.9874,0.942,,,,,,,
11,Right,24,0.0000,0.0000,0.0203,-0.0118,-0.0492,0.0007,0.9987,0.942,,,,,,,
11,Right,25,-0.0002,0.0012,0.0219,0.0000,0.0000,0.0000,1.0000,0.942,,,,,,,
12,Left,0,0.0017,-0.0057,0.0655,0.0000,0.0000,0.0000,1.0000,1.004,,,,,,,
12,Left,1,0.0000,0.0000,0.0000,0.0000,0.0000,0.0000,1.0000,1.004,-0.5965,0.1614,0.0300,-0.6822,0.4440,-0.1843,-0.5509
12,Left,2,0.0263,-0.0209,0.0368,-0.0170,0.3077,-0.6539,0.6910,1.004,,,,,,,
12,Left,3,0.0000,0.0000,0.0325,0.2741,-0.0447,0.0806,0.9573,1.004,,,,,,,
12,Left,4,0.0000,0.0000,0.0338,0.2066,0.0420,-0.0758,0.9746,1.004,,,,,,,
12,Left,5,-0.0007,0.0010,0.0246,0.0000,0.0000,0.0000,1.0000,1.004,,,,,,,
12,Left,6,0.0179,-0.0119,0.0376,0.0000,0.0000,0.0000,1.0000,1.004,,,,,,,
12,Left,7,0.0057,0.0046,0.0584,0.4273,-0.0932,-0.0065,0.8993,1.004,,,,,,,
12,Left,8,0.0000,0.0000,0.0379,0.7380,0.0142,0.0213,0.6743,1.004,,,,,,,
12,Left,9,0.0000,0.0000,0.0243,0.5229,-0.0136,0.0166,0.8521,1.004,,,,,,,
12,Left,10,-0.0003,0.0010,0.0224,0.0000,0.0000,0.0000,1.0000,1.004,,,,,,,
12,Left,11,0.0017,-0.0089,0.0354,0.0000,0.0000,0.0000,1.0000,1.004,,,,,,,
12,Left,12,0.0001,0.0063,0.0602,0.5483,-0.0926,0.0629,0.8288,1.004,,,,,,,
12,Left,13,0.0000,0.0000,0.0429,0.6990,0.0047,0.0125,0.7150,1.004,,,,,,,
12,Left,14,0.0000,0.0000,0.0275,0.5240,0.0224,0.0884,0.8468,1.004,,,,,,,
12,Left,15,-0.0003,0.0011,0.0250,0.0000,0.0000,0.0000,1.0000,1.004,,,,,,,
12,Left,16,-0.0150,-0.0060,0.0348,0.0000,0.0000,0.0000,1.0000,1.004,,,,,,,
12,Left,17,-0.0025,-0.0005,0.0539,0.6033,-0.0651,0.1047,0.7879,1.004,,,,,,,
12,Left,18,0.0000,0.0000,0.0390,0.6782,0.0205,0.0417,0.7334,1.004,,,,,,,
12,Left,19,0.0000,0.0000,0.0266,0.5360,0.0272,0.0291,0.8433,1.004,,,,,,,
12,Left,20,-0.0003,0.0016,0.0243,0.0000,0.0000,0.0000,1.0000,1.004,,,,,,,
12,Left,21,-0.0230,-0.0094,0.0341,0.0183,-0.1403,0.2070,0.9681,1.004,,,,,,,
12,Left,22,0.0000,0.0000,0.0457,0.5794,-0.0438,-0.0543,0.8121,1.004,,,,,,,
12,Left,23,0.0000,0.0000,0.0307,0.6124,-0.0096,0.0843,0.7860,1.004,,,,,,,
12,Left,24,0.0000,0.0000,0.0203,0.5887,0.0393,-0.0026,0.8074,1.004,,,,,,,
12,Left,25,0.0002,0.0012,0.0219,0.0000,0.0000,0.0000,1.0000,1.004,,,,,,,
12,Right,0,-0.0030,-0.0048,0.0646,0.0000,0.0000,0.0000,1.0000,1.004,,,,,,,
12,Right,1,0.0000,0.0000,0.0000,0.0000,0.0000,0.0000,1.0000,1.004,-0.0389,0.0372,0.0319,0.6306,-0.0815,-0.0669,0.7689
12,Right,2,-0.0316,-0.0133,0.0331,-0.1784,-0.3152,0.5012,0.7859,1.004,,,,,,,
12,Right,3,0.0000,0.0000,0.0325,0.2986,0.0421,-0.0801,0.9501,1.004,,,,,,,
12,Right,4,0.0000,0.0000,0.0338,0.1208,-0.0499,0.0789,0.9883,1.004,,,,,,,
12,Right,5,0.0007,0.0010,0.0246,0.0000,0.0000,0.0000,1.0000,1.004,,,,,,,
12,Right,6,-0.0205,-0.0081,0.0358,0.0000,0.0000,0.0000,1.0000,1.004,,,,,,,
12,Right,7,-0.0031,0.0008,0.0602,0.0127,0.0604,0.0320,0.9976,1.004,,,,,,,
12,Right,8,0.0000,0.0000,0.0379,0.1029,0.0045,-0.0262,0.9943,1.004,,,,,,,
12,Right,9,0.0000,0.0000,0.0243,0.0497,0.0252,-0.0167,0.9983,1.004,,,,,,,
12,Right,10,0.0003,0.0010,0.0224,0.0000,0.0000,0.0000,1.0000,1.004,,,,,,,
12,Right,11,-0.0043,-0.0070,0.0336,0.0000,0.0000,0.0000,1.0000,1.004,,,,,,,
12,Right,12,0.0026,0.0044,0.0620,0.0944,0.0998,-0.0135,0.9904,1.004,,,,,,,
12,Right,13,0.0000,0.0000,0.0429,0.0920,0.0033,-0.0118,0.9957,1.004,,,,,,,
12,Right,14,0.0000,0.0000,0.0275,-0.0067,0.0008,-0.0430,0.9991,1.004,,,,,,,
12,Right,15,0.0003,0.0011,0.0250,0.0000,0.0000,0.0000,1.0000,1.004,,,,,,,
12,Right,16,0.0150,-0.0060,0.0348,0.0000,0.0000,0.0000,1.0000,1.004,,,,,,,
12,Right,17,0.0025,-0.0005,0.0539,0.0679,0.1245,-0.0553,0.9883,1.004,,,,,,,
12,Right,18,0.0000,0.0000,0.0390,0.0934,-0.0002,-0.0357,0.9950,1.004,,,,,,,
12,Right,19,0.0000,0.0000,0.0266,0.0283,-0.0294,-0.0060,0.9991,1.004,,,,,,,
12,Right,20,0.0003,0.0016,0.0243,0.0000,0.0000,0.0000,1.0000,1.004,,,,,,,
12,Right,21,0.0230,-0.0094,0.0341,0.0183,0.1403,-0.2070,0.9681,1.004,,,,,,,
12,Right,22,0.0000,0.0000,0.0457,-0.0454,0.0393,0.0967,0.9935,1.004,,,,,,,
12,Right,23,0.0000,0.0000,0.0307,0.1449,0.0363,-0.0511,0.9875,1.004,,,,,,,
12,Right,24,0.0000,0.0000,0.0203,-0.0116,-0.0492,0.0007,0.9987,1.004,,,,,,,
12,Right,25,-0.0002,0.0012,0.0219,0.0000,0.0000,0.0000,1.0000,1.004,,,,,,,
13,Left,0,0.0017,-0.0057,0.0655,0.0000,0.0000,0.0000,1.0000,1.064,,,,,,,
13,Left,1,0.0000,0.0000,0.0000,0.0000,0.0000,0.0000,1.0000,1.064,-0.5954,0.1641,0.0249,-0.6839,0.4439,-0.1824,-0.5494
13,Left,2,0.0264,-0.0209,0.0368,-0.0176,0.3077,-0.6535,0.6914,1.064,,,,,,,
13,Left,3,0.0000,0.0000,0.0325,0.2712,-0.0450,0.0807,0.9581,1.064,,,,,,,
13,Left,4,0.0000,0.0000,0.0338,0.2037,0.0423,-0.0759,0.9752,1.064,,,,,,,
13,Left,5,-0.0007,0.0010,0.0246,0.0000,0.0000,0.0000,1.0000,1.064,,,,,,,
13,Left,6,0.0179,-0.0119,0.0376,0.0000,0.0000,0.0000,1.0000,1.064,,,,,,,
13,Left,7,0.0057,0.0046,0.0584,0.4259,-0.0926,-0.0068,0.9000,1.064,,,,,,,
13,Left,8,0.0000,0.0000,0.0379,0.7380,0.0142,0.0213,0.6743,1.064,,,,,,,
13,Left,9,0.0000,0.0000,0.0243,0.5234,-0.0136,0.0166,0.8518,1.064,,,,,,,
13,Left,10,-0.0003,0.0010,0.0224,0.0000,0.0000,0.0000,1.0000,1.064,,,,,,,
13,Left,11,0.0017,-0.0089,0.0354,0.0000,0.0000,0.0000,1.0000,1.064,,,,,,,
13,Left,12,0.0000,0.0063,0.0602,0.5480,-0.0922,0.0626,0.8290,1.064,,,,,,,
13,Left,13,0.0000,0.0000,0.0429,0.6986,0.0047,0.0125,0.7154,1.064,,,,,,,
13,Left,14,0.0000,0.0000,0.0275,0.5241,0.0224,0.0884,0.8467,1.064,,,,,,,
13,Left,15,-0.0003,0.0011,0.0250,0.0000,0.0000,0.0000,1.0000,1.064,,,,,,,
13,Left,16,-0.0150,-0.0060,0.0348,0.0000,0.0000,0.0000,1.0000,1.064,,,,,,,
13,Left,17,-0.0025,-0.0005,0.0539,0.6039,-0.0646,0.1045,0.7875,1.064,,,,,,,
13,Left,18,0.0000,0.0000,0.0390,0.6785,0.0206,0.0417,0.7331,1.064,,,,,,,
13,Left,19,0.0000,0.0000,0.0266,0.5362,0.0272,0.0291,0.8431,1.064,,,,,,,
13,Left,20,-0.0003,0.0016,0.0243,0.0000,0.0000,0.0000,1.0000,1.064,,,,,,,
13,Left,21,-0.0230,-0.0094,0.0341,0.0183,-0.1403,0.2070,0.9681,1.064,,,,,,,
13,Left,22,0.0000,0.0000,0.0457,0.5795,-0.0436,-0.0544,0.8120,1.064,,,,,,,
13,Left,23,0.0000,0.0000,0.0307,0.6135,-0.0095,0.0844,0.7851,1.064,,,,,,,
13,Left,24,0.0000,0.0000,0.0203,0.5887,0.0393,-0.0026,0.8074,1.064,,,,,,,
13,Left,25,0.0002,0.0012,0.0219,0.0000,0.0000,0.0000,1.0000,1.064,,,,,,,
13,Right,0,-0.0030,-0.0048,0.0646,0.0000,0.0000,0.0000,1.0000,1.064,,,,,,,
13,Right,1,0.0000,0.0000,0.0000,0.0000,0.0000,0.0000,1.0000,1.064,-0.0386,0.0380,0.0307,0.6302,-0.0805,-0.0676,0.7693
13,Right,2,-0.0315,-0.0134,0.0332,-0.1778,-0.3150,0.5020,0.7856,1.064,,,,,,,
13,Right,3,0.0000,0.0000,0.0325,0.2983,0.0422,-0.0801,0.9502,1.064,,,,,,,
13,Right,4,0.0000,0.0000,0.0338,0.1204,-0.0500,0.0789,0.9883,1.064,,,,,,,
13,Right,5,0.0007,0.0010,0.0246,0.0000,0.0000,0.0000,1.0000,1.064,,,,,,,
13,Right,6,-0.0205,-0.0082,0.0358,0.0000,0.0000,0.0000,1.0000,1.064,,,,,,,
13,Right,7,-0.0031,0.0008,0.0602,0.0137,0.0602,0.0320,0.9976,1.064,,,,,,,
13,Right,8,0.0000,0.0000,0.0379,0.1014,0.0046,-0.0262,0.9945,1.064,,,,,,,
13,Right,9,0.0000,0.0000,0.0243,0.0491,0.0252,-0.0167,0.9983,1.064,,,,,,,
13,Right,10,0.0003,0.0010,0.0224,0.0000,0.0000,0.0000,1.0000,1.064,,,,,,,
13,Right,11,-0.0043,-0.0070,0.0336,0.0000,0.0000,0.0000,1.0000,1.064,,,,,,,
13,Right,12,0.0025,0.0044,0.0620,0.0951,0.1004,-0.0136,0.9903,1.064,,,,,,,
13,Right,13,0.0000,0.0000,0.0429,0.0918,0.0033,-0.0118,0.9957,1.064,,,,,,,
13,Right,14,0.0000,0.0000,0.0275,-0.0063,0.0008,-0.0430,0.9991,1.064,,,,,,,
13,Right,15,0.0003,0.0011,0.0250,0.0000,0.0000,0.0000,1.0000,1.064,,,,,,,
13,Right,16,0.0150,-0.0060,0.0348,0.0000,0.0000,0.0000,1.0000,1.064,,,,,,,
13,Right,17,0.0025,-0.0005,0.0539,0.0675,0.1246,-0.0552,0.9884,1.064,,,,,,,
13,Right,18,0.0000,0.0000,0.0390,0.0936,-0.0002,-0.0357,0.9950,1.064,,,,,,,
13,Right,19,0.0000,0.0000,0.0266,0.0287,-0.0294,-0.0060,0.9991,1.064,,,,,,,
13,Right,20,0.0003,0.0016,0.0243,0.0000,0.0000,0.0000,1.0000,1.064,,,,,,,
13,Right,21,0.0230,-0.0094,0.0341,0.0183,0.1403,-0.2070,0.9681,1.064,,,,,,,
13,Right,22,0.0000,0.0000,0.0457,-0.0462,0.0384,0.0968,0.9935,1.064,,,,,,,
13,Right,23,0.0000,0.0000,0.0307,0.1447,0.0363,-0.0511,0.9875,1.064,,,,,,,
13,Right,24,0.0000,0.0000,0.0203,-0.0116,-0.0492,0.0007,0.9987,1.064,,,,,,,
13,Right,25,-0.0002,0.0012,0.0219,0.0000,0.0000,0.0000,1.0000,1.064,,,,,,,
14,Left,0,0.0017,-0.0057,0.0655,0.0000,0.0000,0.0000,1.0000,1.214,,,,,,,
14,Left,1,0.0000,0.0000,0.0000,0.0000,0.0000,0.0000,1.0000,1.214,-0.5936,0.1667,0.0211,-0.6953,0.4538,-0.1665,-0.5318
14,Left,2,0.0264,-0.0209,0.0367,-0.0173,0.3089,-0.6530,0.6912,1.214,,,,,,,
14,Left,3,0.0000,0.0000,0.0325,0.2666,-0.0454,0.0808,0.9593,1.214,,,,,,,
14,Left,4,0.0000,0.0000,0.0338,0.1885,0.0437,-0.0765,0.9781,1.214,,,,,,,
14,Left,5,-0.0007,0.0010,0.0246,0.0000,0.0000,0.0000,1.0000,1.214,,,,,,,
14,Left,6,0.0179,-0.0119,0.0376,0.0000,0.0000,0.0000,1.0000,1.214,,,,,,,
14,Left,7,0.0057,0.0046,0.0584,0.4245,-0.0899,-0.0081,0.9009,1.214,,,,,,,
14,Left,8,0.0000,0.0000,0.0379,0.7403,0.0143,0.0212,0.6718,1.214,,,,,,,
14,Left,9,0.0000,0.0000,0.0243,0.5263,-0.0135,0.0166,0.8500,1.214,,,,,,,
14,Left,10,-0.0003,0.0010,0.0224,0.0000,0.0000,0.0000,1.0000,1.214,,,,,,,
14,Left,11,0.0017,-0.0089,0.0354,0.0000,0.0000,0.0000,1.0000,1.214,,,,,,,
14,Left,12,0.0000,0.0063,0.0602,0.5496,-0.0905,0.0618,0.8282,1.214,,,,,,,
14,Left,13,0.0000,0.0000,0.0429,0.6989,0.0047,0.0125,0.7151,1.214,,,,,,,
14,Left,14,0.0000,0.0000,0.0275,0.5251,0.0225,0.0885,0.8461,1.214,,,,,,,
14,Left,15,-0.0003,0.0011,0.0250,0.0000,0.0000,0.0000,1.0000,1.214,,,,,,,
14,Left,16,-0.0150,-0.0060,0.0348,0.0000,0.0000,0.0000,1.0000,1.214,,,,,,,
14,Left,17,-0.0025,-0.0005,0.0539,0.6070,-0.0629,0.1037,0.7854,1.214,,,,,,,
14,Left,18,0.0000,0.0000,0.0390,0.6805,0.0206,0.0417,0.7313,1.214,,,,,,,
14,Left,19,0.0000,0.0000,0.0266,0.5363,0.0272,0.0291,0.8431,1.214,,,,,,,
14,Left,20,-0.0003,0.0016,0.0243,0.0000,0.0000,0.0000,1.0000,1.214,,,,,,,
14,Left,21,-0.0230,-0.0094,0.0341,0.0183,-0.1403,0.2070,0.9681,1.214,,,,,,,
14,Left,22,0.0000,0.0000,0.0457,0.5827,-0.0423,-0.0552,0.8097,1.214,,,,,,,
14,Left,23,0.0000,0.0000,0.0307,0.6170,-0.0093,0.0846,0.7823,1.214,,,,,,,
14,Left,24,0.0000,0.0000,0.0203,0.5874,0.0394,-0.0026,0.8083,1.214,,,,,,,
14,Left,25,0.0002,0.0012,0.0219,0.0000,0.0000,0.0000,1.0000,1.214,,,,,,,
14,Right,0,-0.0030,-0.0048,0.0647,0.0000,0.0000,0.0000,1.0000,1.214,,,,,,,
14,Right,1,0.0000,0.0000,0.0000,0.0000,0.0000,0.0000,1.0000,1.214,-0.0368,0.0394,0.0300,0.6321,-0.0791,-0.0687,0.7678
14,Right,2,-0.0315,-0.0136,0.0332,-0.1738,-0.3163,0.5060,0.7834,1.214,,,,,,,
14,Right,3,0.0000,0.0000,0.0325,0.2988,0.0421,-0.0800,0.9500,1.214,,,,,,,
14,Right,4,0.0000,0.0000,0.0338,0.1185,-0.0501,0.0790,0.9885,1.214,,,,,,,
14,Right,5,0.0007,0.0010,0.0246,0.0000,0.0000,0.0000,1.0000,1.214,,,,,,,
14,Right,6,-0.0204,-0.0082,0.0358,0.0000,0.0000,0.0000,1.0000,1.214,,,,,,,
14,Right,7,-0.0031,0.0009,0.0602,0.0173,0.0612,0.0319,0.9975,1.214,,,,,,,
14,Right,8,0.0000,0.0000,0.0379,0.0974,0.0046,-0.0262,0.9949,1.214,,,,,,,
14,Right,9,0.0000,0.0000,0.0243,0.0479,0.0252,-0.0167,0.9984,1.214,,,,,,,
14,Right,10,0.0003,0.0010,0.0224,0.0000,0.0000,0.0000,1.0000,1.214,,,,,,,
14,Right,11,-0.0042,-0.0070,0.0337,0.0000,0.0000,0.0000,1.0000,1.214,,,,,,,
14,Right,12,0.0025,0.0045,0.0620,0.0962,0.1017,-0.0137,0.9901,1.214,,,,,,,
14,Right,13,0.0000,0.0000,0.0429,0.0902,0.0033,-0.0118,0.9958,1.214,,,,,,,
14,Right,14,0.0000,0.0000,0.0275,-0.0059,0.0008,-0.0430,0.9991,1.214,,,,,,,
14,Right,15,0.0003,0.0011,0.0250,0.0000,0.0000,0.0000,1.0000,1.214,,,,,,,
14,Right,16,0.0150,-0.0060,0.0348,0.0000,0.0000,0.0000,1.0000,1.214,,,,,,,
14,Right,17,0.0025,-0.0005,0.0539,0.0669,0.1252,-0.0552,0.9883,1.214,,,,,,,
14,Right,18,0.0000,0.0000,0.0390,0.0929,-0.0001,-0.0357,0.9950,1.214,,,,,,,
14,Right,19,0.0000,0.0000,0.0266,0.0291,-0.0294,-0.0060,0.9991,1.214,,,,,,,
14,Right,20,0.0003,0.0016,0.0243,0.0000,0.0000,0.0000,1.0000,1.214,,,,,,,
14,Right,21,0.0230,-0.0094,0.0341,0.0183,0.1403,-0.2070,0.9681,1.214,,,,,,,
14,Right,22,0.0000,0.0000,0.0457,-0.0465,0.0370,0.0967,0.9935,1.214,,,,,,,
14,Right,23,0.0000,0.0000,0.0307,0.1434,0.0364,-0.0510,0.9877,1.214,,,,,,,
14,Right,24,0.0000,0.0000,0.0203,-0.0111,-0.0492,0.0007,0.9987,1.214,,,,,,,
14,Right,25,-0.0002,0.0012,0.0219,0.0000,0.0000,0.0000,1.0000,1.214,,,,,,,
15,Left,0,0.0017,-0.0057,0.0655,0.0000,0.0000,0.0000,1.0000,1.322,,,,,,,
15,Left,1,0.0000,0.0000,0.0000,0.0000,0.0000,0.0000,1.0000,1.322,-0.5910,0.1705,0.0178,-0.6957,0.4518,-0.1649,-0.5335
15,Left,2,0.0264,-0.0209,0.0367,-0.0158,0.3104,-0.6533,0.6904,1.322,,,,,,,
15,Left,3,0.0000,0.0000,0.0325,0.2691,-0.0452,0.0807,0.9587,1.322,,,,,,,
15,Left,4,0.0000,0.0000,0.0338,0.1970,0.0429,-0.0762,0.9765,1.322,,,,,,,
15,Left,5,-0.0007,0.0010,0.0246,0.0000,0.0000,0.0000,1.0000,1.322,,,,,,,
15,Left,6,0.0179,-0.0119,0.0376,0.0000,0.0000,0.0000,1.0000,1.322,,,,,,,
15,Left,7,0.0057,0.0046,0.0584,0.4260,-0.0892,-0.0082,0.9003,1.322,,,,,,,
15,Left,8,0.0000,0.0000,0.0379,0.7422,0.0144,0.0212,0.6697,1.322,,,,,,,
15,Left,9,0.0000,0.0000,0.0243,0.5280,-0.0134,0.0166,0.8490,1.322,,,,,,,
15,Left,10,-0.0003,0.0010,0.0224,0.0000,0.0000,0.0000,1.0000,1.322,,,,,,,
15,Left,11,0.0017,-0.0089,0.0354,0.0000,0.0000,0.0000,1.0000,1.322,,,,,,,
15,Left,12,0.0000,0.0063,0.0602,0.5516,-0.0901,0.0619,0.8269,1.322,,,,,,,
15,Left,13,0.0000,0.0000,0.0429,0.6987,0.0047,0.0125,0.7153,1.322,,,,,,,
15,Left,14,0.0000,0.0000,0.0276,0.5257,0.0225,0.0885,0.8458,1.322,,,,,,,
15,Left,15,-0.0003,0.0011,0.0250,0.0000,0.0000,0.0000,1.0000,1.322,,,,,,,
15,Left,16,-0.0150,-0.0060,0.0348,0.0000,0.0000,0.0000,1.0000,1.322,,,,,,,
15,Left,17,-0.0025,-0.0005,0.0539,0.6098,-0.0612,0.1031,0.7834,1.322,,,,,,,
15,Left,18,0.0000,0.0000,0.0390,0.6803,0.0206,0.0417,0.7315,1.322,,,,,,,
15,Left,19,0.0000,0.0000,0.0266,0.5361,0.0272,0.0291,0.8432,1.322,,,,,,,
15,Left,20,-0.0003,0.0016,0.0243,0.0000,0.0000,0.0000,1.0000,1.322,,,,,,,
15,Left,21,-0.0230,-0.0094,0.0341,0.0183,-0.1403,0.2070,0.9681,1.322,,,,,,,
15,Left,22,0.0000,0.0000,0.0457,0.5862,-0.0411,-0.0560,0.8072,1.322,,,,,,,
15,Left,23,0.0000,0.0000,0.0307,0.6193,-0.0091,0.0847,0.7805,1.322,,,,,,,
15,Left,24,0.0000,0.0000,0.0203,0.5879,0.0393,-0.0026,0.8080,1.322,,,,,,,
15,Left,25,0.0002,0.0012,0.0219,0.0000,0.0000,0.0000,1.0000,1.322,,,,,,,
15,Right,0,-0.0030,-0.0048,0.0647,0.0000,0.0000,0.0000,1.0000,1.322,,,,,,,
15,Right,1,0.0000,0.0000,0.0000,0.0000,0.0000,0.0000,1.0000,1.322,-0.0355,0.0412,0.0298,0.6358,-0.0773,-0.0671,0.7651
15,Right,2,-0.0314,-0.0137,0.0333,-0.1713,-0.3172,0.5086,0.7819,1.322,,,,,,,
15,Right,3,0.0000,0.0000,0.0325,0.2999,0.0420,-0.0800,0.9497,1.322,,,,,,,
15,Right,4,0.0000,0.0000,0.0338,0.1174,-0.0502,0.0790,0.9887,1.322,,,,,,,
15,Right,5,0.0007,0.0010,0.0246,0.0000,0.0000,0.0000,1.0000,1.322,,,,,,,
15,Right,6,-0.0204,-0.0083,0.0359,0.0000,0.0000,0.0000,1.0000,1.322,,,,,,,
15,Right,7,-0.0031,0.0010,0.0601,0.0171,0.0608,0.0319,0.9975,1.322,,,,,,,
15,Right,8,0.0000,0.0000,0.0379,0.0944,0.0047,-0.0262,0.9952,1.322,,,,,,,
15,Right,9,0.0000,0.0000,0.0243,0.0470,0.0252,-0.0167,0.9984,1.322,,,,,,,
15,Right,10,0.0003,0.0010,0.0224,0.0000,0.0000,0.0000,1.0000,1.322,,,,,,,
15,Right,11,-0.0042,-0.0070,0.0337,0.0000,0.0000,0.0000,1.0000,1.322,,,,,,,
15,Right,12,0.0025,0.0045,0.0620,0.0952,0.1019,-0.0136,0.9901,1.322,,,,,,,
15,Right,13,0.0000,0.0000,0.0429,0.0885,0.0033,-0.0118,0.9960,1.322,,,,,,,
15,Right,14,0.0000,0.0000,0.0275,-0.0055,0.0008,-0.0431,0.9991,1.322,,,,,,,
15,Right,15,0.0003,0.0011,0.0250,0.0000,0.0000,0.0000,1.0000,1.322,,,,,,,
15,Right,16,0.0150,-0.0060,0.0348,0.0000,0.0000,0.0000,1.0000,1.322,,,,,,,
15,Right,17,0.0025,-0.0005,0.0539,0.0659,0.1251,-0.0550,0.9884,1.322,,,,,,,
15,Right,18,0.0000,0.0000,0.0390,0.0917,-0.0001,-0.0357,0.9951,1.322,,,,,,,
15,Right,19,0.0000,0.0000,0.0266,0.0295,-0.0294,-0.0060,0.9991,1.322,,,,,,,
15,Right,20,0.0003,0.0016,0.0243,0.0000,0.0000,0.0000,1.0000,1.322,,,,,,,
15,Right,21,0.0230,-0.0094,0.0341,0.0183,0.1403,-0.2070,0.9681,1.322,,,,,,,
15,Right,22,0.0000,0.0000,0.0457,-0.0460,0.0353,0.0966,0.9936,1.322,,,,,,,
15,Right,23,0.0000,0.0000,0.0307,0.1411,0.0365,-0.0508,0.9880,1.322,,,,,,,
15,Right,24,0.0000,0.0000,0.0203,-0.0108,-0.0492,0.0007,0.9987,1.322,,,,,,,
15,Right,25,-0.0002,0.0012,0.0219,0.0000,0.0000,0.0000,1.0000,1.322,,,,,,,
16,Left,0,0.0017,-0.0057,0.0655,0.0000,0.0000,0.0000,1.0000,1.390,,,,,,,
16,Left,1,0.0000,0.0000,0.0000,0.0000,0.0000,0.0000,1.0000,1.390,-0.5885,0.1741,0.0133,-0.6963,0.4515,-0.1635,-0.5335
16,Left,2,0.0264,-0.0209,0.0367,-0.0151,0.3117,-0.6531,0.6900,1.390,,,,,,,
16,Left,3,0.0000,0.0000,0.0325,0.2702,-0.0451,0.0807,0.9584,1.390,,,,,,,
16,Left,4,0.0000,0.0000,0.0338,0.2069,0.0420,-0.0758,0.9745,1.390,,,,,,,
16,Left,5,-0.0007,0.0010,0.0246,0.0000,0.0000,0.0000,1.0000,1.390,,,,,,,
16,Left,6,0.0179,-0.0119,0.0376,0.0000,0.0000,0.0000,1.0000,1.390,,,,,,,
16,Left,7,0.0056,0.0046,0.0584,0.4263,-0.0888,-0.0084,0.9002,1.390,,,,,,,
16,Left,8,0.0000,0.0000,0.0379,0.7430,0.0144,0.0211,0.6688,1.390,,,,,,,
16,Left,9,0.0000,0.0000,0.0243,0.5293,-0.0134,0.0166,0.8482,1.390,,,,,,,
16,Left,10,-0.0003,0.0010,0.0224,0.0000,0.0000,0.0000,1.0000,1.390,,,,,,,
16,Left,11,0.0017,-0.0088,0.0354,0.0000,0.0000,0.0000,1.0000,1.390,,,,,,,
16,Left,12,0.0000,0.0063,0.0602,0.5523,-0.0898,0.0618,0.8265,1.390,,,,,,,
16,Left,13,0.0000,0.0000,0.0429,0.6984,0.0047,0.0125,0.7156,1.390,,,,,,,
16,Left,14,0.0000,0.0000,0.0275,0.5258,0.0225,0.0886,0.8457,1.390,,,,,,,
16,Left,15,-0.0003,0.0011,0.0250,0.0000,0.0000,0.0000,1.0000,1.390,,,,,,,
16,Left,16,-0.0150,-0.0060,0.0348,0.0000,0.0000,0.0000,1.0000,1.390,,,,,,,
16,Left,17,-0.0025,-0.0005,0.0539,0.6098,-0.0609,0.1029,0.7835,1.390,,,,,,,
16,Left,18,0.0000,0.0000,0.0390,0.6802,0.0206,0.0417,0.7316,1.390,,,,,,,
16,Left,19,0.0000,0.0000,0.0266,0.5362,0.0272,0.0291,0.8432,1.390,,,,,,,
16,Left,20,-0.0003,0.0016,0.0243,0.0000,0.0000,0.0000,1.0000,1.390,,,,,,,
16,Left,21,-0.0230,-0.0094,0.0341,0.0183,-0.1403,0.2070,0.9681,1.390,,,,,,,
16,Left,22,0.0000,0.0000,0.0457,0.5852,-0.0402,-0.0566,0.8079,1.390,,,,,,,
16,Left,23,0.0000,0.0000,0.0307,0.6199,-0.0091,0.0847,0.7800,1.390,,,,,,,
16,Left,24,0.0000,0.0000,0.0203,0.5885,0.0393,-0.0026,0.8075,1.390,,,,,,,
16,Left,25,0.0002,0.0012,0.0219,0.0000,0.0000,0.0000,1.0000,1.390,,,,,,,
16,Right,0,-0.0030,-0.0048,0.0647,0.0000,0.0000,0.0000,1.0000,1.390,,,,,,,
16,Right,1,0.0000,0.0000,0.0000,0.0000,0.0000,0.0000,1.0000,1.390,-0.0340,0.0421,0.0285,0.6365,-0.0750,-0.0693,0.7645
16,Right,2,-0.0314,-0.0137,0.0333,-0.1702,-0.3174,0.5097,0.7813,1.390,,,,,,,
16,Right,3,0.0000,0.0000,0.0325,0.3001,0.0420,-0.0800,0.9496,1.390,,,,,,,
16,Right,4,0.0000,0.0000,0.0338,0.1167,-0.0503,0.0791,0.9887,1.390,,,,,,,
16,Right,5,0.0007,0.0010,0.0246,0.0000,0.0000,0.0000,1.0000,1.390,,,,,,,
16,Right,6,-0.0204,-0.0083,0.0359,0.0000,0.0000,0.0000,1.0000,1.390,,,,,,,
16,Right,7,-0.0031,0.0010,0.0601,0.0165,0.0606,0.0319,0.9975,1.390,,,,,,,
16,Right,8,0.0000,0.0000,0.0379,0.0930,0.0048,-0.0262,0.9953,1.390,,,,,,,
16,Right,9,0.0000,0.0000,0.0243,0.0464,0.0252,-0.0167,0.9985,1.390,,,,,,,
16,Right,10,0.0003,0.0010,0.0224,0.0000,0.0000,0.0000,1.0000,1.390,,,,,,,
16,Right,11,-0.0042,-0.0071,0.0337,0.0000,0.0000,0.0000,1.0000,1.390,,,,,,,
16,Right,12,0.0025,0.0045,0.0619,0.0947,0.1022,-0.0136,0.9902,1.390,,,,,,,
16,Right,13,0.0000,0.0000,0.0429,0.0875,0.0034,-0.0118,0.9961,1.390,,,,,,,
16,Right,14,0.0000,0.0000,0.0275,-0.0054,0.0008,-0.0431,0.9991,1.390,,,,,,,
16,Right,15,0.0003,0.0011,0.0250,0.0000,0.0000,0.0000,1.0000,1.390,,,,,,,
16,Right,16,0.0150,-0.0060,0.0348,0.0000,0.0000,0.0000,1.0000,1.390,,,,,,,
16,Right,17,0.0025,-0.0005,0.0539,0.0656,0.1249,-0.0550,0.9885,1.390,,,,,,,
16,Right,18,0.0000,0.0000,0.0390,0.0911,-0.0001,-0.0357,0.9952,1.390,,,,,,,
16,Right,19,0.0000,0.0000,0.0266,0.0299,-0.0294,-0.0060,0.9991,1.390,,,,,,,
16,Right,20,0.0003,0.0016,0.0243,0.0000,0.0000,0.0000,1.0000,1.390,,,,,,,
16,Right,21,0.0230,-0.0094,0.0341,0.0183,0.1403,-0.2070,0.9681,1.390,,,,,,,
16,Right,22,0.0000,0.0000,0.0457,-0.0461,0.0350,0.0966,0.9936,1.390,,,,,,,
16,Right,23,0.0000,0.0000,0.0307,0.1399,0.0365,-0.0507,0.9882,1.390,,,,,,,
16,Right,24,0.0000,0.0000,0.0203,-0.0106,-0.0492,0.0007,0.9987,1.390,,,,,,,
16,Right,25,-0.0002,0.0012,0.0219,0.0000,0.0000,0.0000,1.0000,1.390,,,,,,,
17,Left,0,0.0017,-0.0057,0.0655,0.0000,0.0000,0.0000,1.0000,1.472,,,,,,,
17,Left,1,0.0000,0.0000,0.0000,0.0000,0.0000,0.0000,1.0000,1.472,-0.5860,0.1779,0.0091,-0.6965,0.4517,-0.1630,-0.5331
17,Left,2,0.0264,-0.0209,0.0367,-0.0151,0.3125,-0.6526,0.6901,1.472,,,,,,,
17,Left,3,0.0000,0.0000,0.0325,0.2706,-0.0451,0.0807,0.9582,1.472,,,,,,,
17,Left,4,0.0000,0.0000,0.0338,0.2091,0.0418,-0.0757,0.9741,1.472,,,,,,,
17,Left,5,-0.0007,0.0010,0.0246,0.0000,0.0000,0.0000,1.0000,1.472,,,,,,,
17,Left,6,0.0179,-0.0119,0.0376,0.0000,0.0000,0.0000,1.0000,1.472,,,,,,,
17,Left,7,0.0056,0.0046,0.0584,0.4258,-0.0888,-0.0085,0.9004,1.472,,,,,,,
17,Left,8,0.0000,0.0000,0.0379,0.7439,0.0144,0.0211,0.6678,1.472,,,,,,,
17,Left,9,0.0000,0.0000,0.0243,0.5307,-0.0133,0.0165,0.8473,1.472,,,,,,,
17,Left,10,-0.0003,0.0010,0.0224,0.0000,0.0000,0.0000,1.0000,1.472,,,,,,,
17,Left,11,0.0017,-0.0088,0.0354,0.0000,0.0000,0.0000,1.0000,1.472,,,,,,,
17,Left,12,0.0000,0.0063,0.0602,0.5530,-0.0896,0.0617,0.8260,1.472,,,,,,,
17,Left,13,0.0000,0.0000,0.0429,0.6978,0.0047,0.0125,0.7162,1.472,,,,,,,
17,Left,14,0.0000,0.0000,0.0275,0.5256,0.0225,0.0885,0.8458,1.472,,,,,,,
17,Left,15,-0.0003,0.0011,0.0250,0.0000,0.0000,0.0000,1.0000,1.472,,,,,,,
17,Left,16,-0.0150,-0.0060,0.0348,0.0000,0.0000,0.0000,1.0000,1.472,,,,,,,
17,Left,17,-0.0025,-0.0005,0.0539,0.6103,-0.0606,0.1028,0.7831,1.472,,,,,,,
17,Left,18,0.0000,0.0000,0.0390,0.6795,0.0206,0.0417,0.7322,1.472,,,,,,,
17,Left,19,0.0000,0.0000,0.0266,0.5355,0.0272,0.0291,0.8436,1.472,,,,,,,
17,Left,20,-0.0003,0.0016,0.0243,0.0000,0.0000,0.0000,1.0000,1.472,,,,,,,
17,Left,21,-0.0230,-0.0094,0.0341,0.0183,-0.1403,0.2070,0.9681,1.472,,,,,,,
17,Left,22,0.0000,0.0000,0.0457,0.5853,-0.0392,-0.0574,0.8079,1.472,,,,,,,
17,Left,23,0.0000,0.0000,0.0307,0.6202,-0.0090,0.0848,0.7798,1.472,,,,,,,
17,Left,24,0.0000,0.0000,0.0203,0.5885,0.0393,-0.0026,0.8075,1.472,,,,,,,
17,Left,25,0.0002,0.0012,0.0219,0.0000,0.0000,0.0000,1.0000,1.472,,,,,,,
17,Right,0,-0.0030,-0.0048,0.0647,0.0000,0.0000,0.0000,1.0000,1.472,,,,,,,
17,Right,1,0.0000,0.0000,0.0000,0.0000,0.0000,0.0000,1.0000,1.472,-0.0328,0.0426,0.0273,0.6368,-0.0735,-0.0707,0.7643
17,Right,2,-0.0314,-0.0138,0.0334,-0.1687,-0.3180,0.5113,0.7804,1.472,,,,,,,
17,Right,3,0.0000,0.0000,0.0325,0.3000,0.0420,-0.0800,0.9497,1.472,,,,,,,
17,Right,4,0.0000,0.0000,0.0338,0.1158,-0.0504,0.0791,0.9888,1.472,,,,,,,
17,Right,5,0.0007,0.0010,0.0246,0.0000,0.0000,0.0000,1.0000,1.472,,,,,,,
17,Right,6,-0.0204,-0.0084,0.0359,0.0000,0.0000,0.0000,1.0000,1.472,,,,,,,
17,Right,7,-0.0032,0.0010,0.0601,0.0169,0.0605,0.0319,0.9975,1.472,,,,,,,
17,Right,8,0.0000,0.0000,0.0379,0.0917,0.0048,-0.0262,0.9954,1.472,,,,,,,
17,Right,9,0.0000,0.0000,0.0243,0.0457,0.0253,-0.0167,0.9985,1.472,,,,,,,
17,Right,10,0.0003,0.0010,0.0224,0.0000,0.0000,0.0000,1.0000,1.472,,,,,,,
17,Right,11,-0.0042,-0.0071,0.0337,0.0000,0.0000,0.0000,1.0000,1.472,,,,,,,
17,Right,12,0.0025,0.0045,0.0619,0.0946,0.1024,-0.0136,0.9901,1.472,,,,,,,
17,Right,13,0.0000,0.0000,0.0429,0.0866,0.0034,-0.0118,0.9962,1.472,,,,,,,
17,Right,14,0.0000,0.0000,0.0275,-0.0052,0.0008,-0.0431,0.9991,1.472,,,,,,,
17,Right,15,0.0003,0.0011,0.0250,0.0000,0.0000,0.0000,1.0000,1.472,,,,,,,
17,Right,16,0.0150,-0.0060,0.0348,0.0000,0.0000,0.0000,1.0000,1.472,,,,,,,
17,Right,17,0.0025,-0.0005,0.0539,0.0655,0.1253,-0.0550,0.9884,1.472,,,,,,,
17,Right,18,0.0000,0.0000,0.0390,0.0903,-0.0001,-0.0356,0.9953,1.472,,,,,,,
17,Right,19,0.0000,0.0000,0.0266,0.0302,-0.0294,-0.0061,0.9991,1.472,,,,,,,
17,Right,20,0.0003,0.0016,0.0243,0.0000,0.0000,0.0000,1.0000,1.472,,,,,,,
17,Right,21,0.0230,-0.0094,0.0341,0.0183,0.1403,-0.2070,0.9681,1.472,,,,,,,
17,Right,22,0.0000,0.0000,0.0457,-0.0455,0.0357,0.0966,0.9936,1.472,,,,,,,
17,Right,23,0.0000,0.0000,0.0307,0.1388,0.0366,-0.0506,0.9884,1.472,,,,,,,
17,Right,24,0.0000,0.0000,0.0203,-0.0106,-0.0492,0.0007,0.9987,1.472,,,,,,,
17,Right,25,-0.0002,0.0012,0.0219,0.0000,0.0000,0.0000,1.0000,1.472,,,,,,,
18,Left,0,0.0017,-0.0057,0.0655,0.0000,0.0000,0.0000,1.0000,1.566,,,,,,,
18,Left,1,0.0000,0.0000,0.0000,0.0000,0.0000,0.0000,1.0000,1.566,-0.5846,0.1820,0.0055,-0.6968,0.4549,-0.1628,-0.5301
18,Left,2,0.0264,-0.0209,0.0367,-0.0145,0.3124,-0.6531,0.6896,1.566,,,,,,,
18,Left,3,0.0000,0.0000,0.0325,0.2739,-0.0447,0.0806,0.9573,1.566,,,,,,,
18,Left,4,0.0000,0.0000,0.0338,0.2107,0.0416,-0.0756,0.9737,1.566,,,,,,,
18,Left,5,-0.0007,0.0010,0.0246,0.0000,0.0000,0.0000,1.0000,1.566,,,,,,,
18,Left,6,0.0179,-0.0119,0.0376,0.0000,0.0000,0.0000,1.0000,1.566,,,,,,,
18,Left,7,0.0056,0.0046,0.0584,0.4254,-0.0892,-0.0083,0.9006,1.566,,,,,,,
18,Left,8,0.0000,0.0000,0.0379,0.7441,0.0144,0.0211,0.6676,1.566,,,,,,,
18,Left,9,0.0000,0.0000,0.0243,0.5313,-0.0133,0.0165,0.8469,1.566,,,,,,,
18,Left,10,-0.0003,0.0010,0.0224,0.0000,0.0000,0.0000,1.0000,1.566,,,,,,,
18,Left,11,0.0017,-0.0088,0.0354,0.0000,0.0000,0.0000,1.0000,1.566,,,,,,,
18,Left,12,0.0000,0.0063,0.0602,0.5529,-0.0897,0.0618,0.8261,1.566,,,,,,,
18,Left,13,0.0000,0.0000,0.0429,0.6969,0.0047,0.0125,0.7171,1.566,,,,,,,
18,Left,14,0.0000,0.0000,0.0275,0.5245,0.0224,0.0885,0.8465,1.566,,,,,,,
18,Left,15,-0.0003,0.0011,0.0250,0.0000,0.0000,0.0000,1.0000,1.566,,,,,,,
18,Left,16,-0.0150,-0.0060,0.0348,0.0000,0.0000,0.0000,1.0000,1.566,,,,,,,
18,Left,17,-0.0025,-0.0005,0.0539,0.6103,-0.0605,0.1027,0.7831,1.566,,,,,,,
18,Left,18,0.0000,0.0000,0.0390,0.6791,0.0206,0.0417,0.7326,1.566,,,,,,,
18,Left,19,0.0000,0.0000,0.0266,0.5346,0.0272,0.0290,0.8442,1.566,,,,,,,
18,Left,20,-0.0003,0.0016,0.0243,0.0000,0.0000,0.0000,1.0000,1.566,,,,,,,
18,Left,21,-0.0230,-0.0094,0.0341,0.0183,-0.1403,0.2070,0.9681,1.566,,,,,,,
18,Left,22,0.0000,0.0000,0.0457,0.5851,-0.0384,-0.0579,0.8080,1.566,,,,,,,
18,Left,23,0.0000,0.0000,0.0307,0.6203,-0.0090,0.0848,0.7797,1.566,,,,,,,
18,Left,24,0.0000,0.0000,0.0203,0.5878,0.0394,-0.0026,0.8081,1.566,,,,,,,
18,Left,25,0.0002,0.0012,0.0219,0.0000,0.0000,0.0000,1.0000,1.566,,,,,,,
18,Right,0,-0.0029,-0.0048,0.0647,0.0000,0.0000,0.0000,1.0000,1.566,,,,,,,
18,Right,1,0.0000,0.0000,0.0000,0.0000,0.0000,0.0000,1.0000,1.566,-0.0316,0.0430,0.0267,0.6373,-0.0736,-0.0713,0.7638
18,Right,2,-0.0313,-0.0139,0.0334,-0.1668,-0.3190,0.5129,0.7793,1.566,,,,,,,
18,Right,3,0.0000,0.0000,0.0325,0.3005,0.0419,-0.0800,0.9495,1.566,,,,,,,
18,Right,4,0.0000,0.0000,0.0338,0.1154,-0.0504,0.0791,0.9889,1.566,,,,,,,
18,Right,5,0.0007,0.0010,0.0246,0.0000,0.0000,0.0000,1.0000,1.566,,,,,,,
18,Right,6,-0.0204,-0.0084,0.0359,0.0000,0.0000,0.0000,1.0000,1.566,,,,,,,
18,Right,7,-0.0032,0.0011,0.0601,0.0167,0.0609,0.0319,0.9975,1.566,,,,,,,
18,Right,8,0.0000,0.0000,0.0379,0.0907,0.0048,-0.0262,0.9955,1.566,,,,,,,
18,Right,9,0.0000,0.0000,0.0243,0.0452,0.0253,-0.0167,0.9985,1.566,,,,,,,
18,Right,10,0.0003,0.0010,0.0224,0.0000,0.0000,0.0000,1.0000,1.566,,,,,,,
18,Right,11,-0.0042,-0.0071,0.0337,0.0000,0.0000,0.0000,1.0000,1.566,,,,,,,
18,Right,12,0.0024,0.0046,0.0619,0.0939,0.1035,-0.0136,0.9901,1.566,,,,,,,
18,Right,13,0.0000,0.0000,0.0429,0.0861,0.0034,-0.0118,0.9962,1.566,,,,,,,
18,Right,14,0.0000,0.0000,0.0275,-0.0049,0.0008,-0.0431,0.9991,1.566,,,,,,,
18,Right,15,0.0003,0.0011,0.0250,0.0000,0.0000,0.0000,1.0000,1.566,,,,,,,
18,Right,16,0.0150,-0.0060,0.0348,0.0000,0.0000,0.0000,1.0000,1.566,,,,,,,
18,Right,17,0.0025,-0.0005,0.0539,0.0652,0.1263,-0.0549,0.9883,1.566,,,,,,,
18,Right,18,0.0000,0.0000,0.0390,0.0897,0.0000,-0.0356,0.9953,1.566,,,,,,,
18,Right,19,0.0000,0.0000,0.0266,0.0306,-0.0294,-0.0061,0.9991,1.566,,,,,,,
18,Right,20,0.0003,0.0016,0.0243,0.0000,0.0000,0.0000,1.0000,1.566,,,,,,,
18,Right,21,0.0230,-0.0094,0.0341,0.0183,0.1403,-0.2070,0.9681,1.566,,,,,,,
18,Right,22,0.0000,0.0000,0.0457,-0.0446,0.0366,0.0965,0.9937,1.566,,,,,,,
18,Right,23,0.0000,0.0000,0.0307,0.1378,0.0367,-0.0505,0.9885,1.566,,,,,,,
18,Right,24,0.0000,0.0000,0.0203,-0.0104,-0.0492,0.0007,0.9987,1.566,,,,,,,
18,Right,25,-0.0002,0.0012,0.0219,0.0000,0.0000,0.0000,1.0000,1.566,,,,,,,
19,Left,0,0.0017,-0.0057,0.0655,0.0000,0.0000,0.0000,1.0000,1.640,,,,,,,
19,Left,1,0.0000,0.0000,0.0000,0.0000,0.0000,0.0000,1.0000,1.640,-0.5853,0.1853,0.0005,-0.6968,0.4604,-0.1635,-0.5251
19,Left,2,0.0264,-0.0209,0.0367,-0.0148,0.3122,-0.6530,0.6899,1.640,,,,,,,
19,Left,3,0.0000,0.0000,0.0325,0.2755,-0.0445,0.0806,0.9569,1.640,,,,,,,
19,Left,4,0.0000,0.0000,0.0338,0.2137,0.0414,-0.0755,0.9731,1.640,,,,,,,
19,Left,5,-0.0007,0.0010,0.0246,0.0000,0.0000,0.0000,1.0000,1.640,,,,,,,
19,Left,6,0.0179,-0.0119,0.0376,0.0000,0.0000,0.0000,1.0000,1.640,,,,,,,
19,Left,7,0.0056,0.0046,0.0584,0.4246,-0.0893,-0.0083,0.9009,1.640,,,,,,,
19,Left,8,0.0000,0.0000,0.0379,0.7437,0.0144,0.0211,0.6681,1.640,,,,,,,
19,Left,9,0.0000,0.0000,0.0243,0.5319,-0.0133,0.0165,0.8465,1.640,,,,,,,
19,Left,10,-0.0003,0.0010,0.0224,0.0000,0.0000,0.0000,1.0000,1.640,,,,,,,
19,Left,11,0.0017,-0.0088,0.0354,0.0000,0.0000,0.0000,1.0000,1.640,,,,,,,
19,Left,12,0.0000,0.0063,0.0602,0.5520,-0.0904,0.0621,0.8266,1.640,,,,,,,
19,Left,13,0.0000,0.0000,0.0429,0.6974,0.0047,0.0125,0.7166,1.640,,,,,,,
19,Left,14,0.0000,0.0000,0.0275,0.5250,0.0225,0.0885,0.8462,1.640,,,,,,,
19,Left,15,-0.0003,0.0011,0.0250,0.0000,0.0000,0.0000,1.0000,1.640,,,,,,,
19,Left,16,-0.0150,-0.0060,0.0348,0.0000,0.0000,0.0000,1.0000,1.640,,,,,,,
19,Left,17,-0.0025,-0.0005,0.0539,0.6104,-0.0608,0.1029,0.7830,1.640,,,,,,,
19,Left,18,0.0000,0.0000,0.0390,0.6793,0.0206,0.0417,0.7324,1.640,,,,,,,
19,Left,19,0.0000,0.0000,0.0266,0.5344,0.0272,0.0290,0.8443,1.640,,,,,,,
19,Left,20,-0.0003,0.0016,0.0243,0.0000,0.0000,0.0000,1.0000,1.640,,,,,,,
19,Left,21,-0.0230,-0.0094,0.0341,0.0183,-0.1403,0.2070,0.9681,1.640,,,,,,,
19,Left,22,0.0000,0.0000,0.0457,0.5852,-0.0381,-0.0581,0.8079,1.640,,,,,,,
19,Left,23,0.0000,0.0000,0.0307,0.6209,-0.0090,0.0848,0.7792,1.640,,,,,,,
19,Left,24,0.0000,0.0000,0.0203,0.5875,0.0394,-0.0026,0.8083,1.640,,,,,,,
19,Left,25,0.0002,0.0012,0.0219,0.0000,0.0000,0.0000,1.0000,1.640,,,,,,,
19,Right,0,-0.0029,-0.0048,0.0647,0.0000,0.0000,0.0000,1.0000,1.640,,,,,,,
19,Right,1,0.0000,0.0000,0.0000,0.0000,0.0000,0.0000,1.0000,1.640,-0.0307,0.0435,0.0265,0.6377,-0.0738,-0.0714,0.7634
19,Right,2,-0.0313,-0.0139,0.0334,-0.1654,-0.3192,0.5144,0.7786,1.640,,,,,,,
19,Right,3,0.0000,0.0000,0.0325,0.3006,0.0419,-0.0800,0.9495,1.640,,,,,,,
19,Right,4,0.0000,0.0000,0.0338,0.1143,-0.0505,0.0791,0.9890,1.640,,,,,,,
19,Right,5,0.0007,0.0010,0.0246,0.0000,0.0000,0.0000,1.0000,1.640,,,,,,,
19,Right,6,-0.0204,-0.0084,0.0359,0.0000,0.0000,0.0000,1.0000,1.640,,,,,,,
19,Right,7,-0.0032,0.0011,0.0601,0.0157,0.0611,0.0319,0.9975,1.640,,,,,,,
19,Right,8,0.0000,0.0000,0.0379,0.0898,0.0048,-0.0262,0.9956,1.640,,,,,,,
19,Right,9,0.0000,0.0000,0.0243,0.0446,0.0253,-0.0167,0.9985,1.640,,,,,,,
19,Right,10,0.0003,0.0010,0.0224,0.0000,0.0000,0.0000,1.0000,1.640,,,,,,,
19,Right,11,-0.0042,-0.0071,0.0337,0.0000,0.0000,0.0000,1.0000,1.640,,,,,,,
19,Right,12,0.0024,0.0046,0.0619,0.0933,0.1043,-0.0136,0.9901,1.640,,,,,,,
19,Right,13,0.0000,0.0000,0.0429,0.0860,0.0034,-0.0118,0.9962,1.640,,,,,,,
19,Right,14,0.0000,0.0000,0.0275,-0.0047,0.0008,-0.0432,0.9991,1.640,,,,,,,
19,Right,15,0.0003,0.0011,0.0250,0.0000,0.0000,0.0000,1.0000,1.640,,,,,,,
19,Right,16,0.0150,-0.0060,0.0348,0.0000,0.0000,0.0000,1.0000,1.640,,,,,,,
19,Right,17,0.0025,-0.0005,0.0539,0.0650,0.1265,-0.0549,0.9883,1.640,,,,,,,
19,Right,18,0.0000,0.0000,0.0390,0.0892,0.0000,-0.0356,0.9954,1.640,,,,,,,
19,Right,19,0.0000,0.0000,0.0266,0.0307,-0.0294,-0.0061,0.9991,1.640,,,,,,,
19,Right,20,0.0003,0.0016,0.0243,0.0000,0.0000,0.0000,1.0000,1.640,,,,,,,
19,Right,21,0.0230,-0.0094,0.0341,0.0183,0.1403,-0.2070,0.9681,1.640,,,,,,,
19,Right,22,0.0000,0.0000,0.0457,-0.0441,0.0374,0.0965,0.9937,1.640,,,,,,,
19,Right,23,0.0000,0.0000,0.0307,0.1369,0.0367,-0.0504,0.9886,1.640,,,,,,,
19,Right,24,0.0000,0.0000,0.0203,-0.0104,-0.0492,0.0007,0.9987,1.640,,,,,,,
19,Right,25,-0.0002,0.0012,0.0219,0.0000,0.0000,0.0000,1.0000,1.640,,,,,,,
20,Left,0,0.0017,-0.0057,0.0655,0.0000,0.0000,0.0000,1.0000,1.741,,,,,,,
20,Left,1,0.0000,0.0000,0.0000,0.0000,0.0000,0.0000,1.0000,1.741,-0.5856,0.1892,-0.0032,-0.6960,0.4627,-0.1662,-0.5233
20,Left,2,0.0264,-0.0208,0.0367,-0.0142,0.3139,-0.6525,0.6895,1.741,,,,,,,
20,Left,3,0.0000,0.0000,0.0325,0.2711,-0.0450,0.0807,0.9581,1.741,,,,,,,
20,Left,4,0.0000,0.0000,0.0338,0.2124,0.0415,-0.0755,0.9734,1.741,,,,,,,
20,Left,5,-0.0007,0.0010,0.0246,0.0000,0.0000,0.0000,1.0000,1.741,,,,,,,
20,Left,6,0.0179,-0.0119,0.0376,0.0000,0.0000,0.0000,1.0000,1.741,,,,,,,
20,Left,7,0.0056,0.0046,0.0584,0.4218,-0.0895,-0.0084,0.9022,1.741,,,,,,,
20,Left,8,0.0000,0.0000,0.0379,0.7423,0.0144,0.0212,0.6696,1.741,,,,,,,
20,Left,9,0.0000,0.0000,0.0243,0.5326,-0.0133,0.0165,0.8461,1.741,,,,,,,
20,Left,10,-0.0003,0.0010,0.0224,0.0000,0.0000,0.0000,1.0000,1.741,,,,,,,
20,Left,11,0.0017,-0.0088,0.0354,0.0000,0.0000,0.0000,1.0000,1.741,,,,,,,
20,Left,12,0.0000,0.0063,0.0602,0.5515,-0.0902,0.0619,0.8269,1.741,,,,,,,
20,Left,13,0.0000,0.0000,0.0429,0.6968,0.0047,0.0125,0.7172,1.741,,,,,,,
20,Left,14,0.0000,0.0000,0.0275,0.5254,0.0225,0.0885,0.8459,1.741,,,,,,,
20,Left,15,-0.0003,0.0011,0.0250,0.0000,0.0000,0.0000,1.0000,1.741,,,,,,,
20,Left,16,-0.0150,-0.0060,0.0348,0.0000,0.0000,0.0000,1.0000,1.741,,,,,,,
20,Left,17,-0.0025,-0.0005,0.0539,0.6115,-0.0604,0.1028,0.7822,1.741,,,,,,,
20,Left,18,0.0000,0.0000,0.0390,0.6799,0.0206,0.0417,0.7318,1.741,,,,,,,
20,Left,19,0.0000,0.0000,0.0266,0.5348,0.0272,0.0290,0.8440,1.741,,,,,,,
20,Left,20,-0.0003,0.0016,0.0243,0.0000,0.0000,0.0000,1.0000,1.741,,,,,,,
20,Left,21,-0.0230,-0.0094,0.0341,0.0183,-0.1403,0.2070,0.9681,1.741,,,,,,,
20,Left,22,0.0000,0.0000,0.0457,0.5889,-0.0391,-0.0573,0.8052,1.741,,,,,,,
20,Left,23,0.0000,0.0000,0.0307,0.6234,-0.0088,0.0850,0.7772,1.741,,,,,,,
20,Left,24,0.0000,0.0000,0.0203,0.5873,0.0394,-0.0026,0.8084,1.741,,,,,,,
20,Left,25,0.0002,0.0012,0.0219,0.0000,0.0000,0.0000,1.0000,1.741,,,,,,,
20,Right,0,-0.0029,-0.0048,0.0647,0.0000,0.0000,0.0000,1.0000,1.741,,,,,,,
20,Right,1,0.0000,0.0000,0.0000,0.0000,0.0000,0.0000,1.0000,1.741,-0.0287,0.0434,0.0260,0.6379,-0.0739,-0.0713,0.7632
20,Right,2,-0.0313,-0.0140,0.0335,-0.1641,-0.3197,0.5157,0.7777,1.741,,,,,,,
20,Right,3,0.0000,0.0000,0.0325,0.3006,0.0419,-0.0800,0.9495,1.741,,,,,,,
20,Right,4,0.0000,0.0000,0.0338,0.1129,-0.0506,0.0792,0.9892,1.741,,,,,,,
20,Right,5,0.0007,0.0010,0.0246,0.0000,0.0000,0.0000,1.0000,1.741,,,,,,,
20,Right,6,-0.0204,-0.0085,0.0359,0.0000,0.0000,0.0000,1.0000,1.741,,,,,,,
20,Right,7,-0.0032,0.0011,0.0601,0.0152,0.0606,0.0319,0.9975,1.741,,,,,,,
20,Right,8,0.0000,0.0000,0.0379,0.0890,0.0049,-0.0262,0.9957,1.741,,,,,,,
20,Right,9,0.0000,0.0000,0.0243,0.0441,0.0253,-0.0167,0.9986,1.741,,,,,,,
20,Right,10,0.0003,0.0010,0.0224,0.0000,0.0000,0.0000,1.0000,1.741,,,,,,,
20,Right,11,-0.0041,-0.0071,0.0338,0.0000,0.0000,0.0000,1.0000,1.741,,,,,,,
20,Right,12,0.0024,0.0046,0.0619,0.0925,0.1042,-0.0135,0.9902,1.741,,,,,,,
20,Right,13,0.0000,0.0000,0.0429,0.0857,0.0034,-0.0118,0.9962,1.741,,,,,,,
20,Right,14,0.0000,0.0000,0.0275,-0.0043,0.0007,-0.0432,0.9991,1.741,,,,,,,
20,Right,15,0.0003,0.0011,0.0250,0.0000,0.0000,0.0000,1.0000,1.741,,,,,,,
20,Right,16,0.0150,-0.0060,0.0348,0.0000,0.0000,0.0000,1.0000,1.741,,,,,,,
20,Right,17,0.0025,-0.0005,0.0539,0.0646,0.1264,-0.0549,0.9884,1.741,,,,,,,
20,Right,18,0.0000,0.0000,0.0390,0.0890,0.0000,-0.0356,0.9954,1.741,,,,,,,
20,Right,19,0.0000,0.0000,0.0266,0.0312,-0.0294,-0.0061,0.9991,1.741,,,,,,,
20,Right,20,0.0003,0.0016,0.0243,0.0000,0.0000,0.0000,1.0000,1.741,,,,,,,
20,Right,21,0.0230,-0.0094,0.0341,0.0183,0.1403,-0.2070,0.9681,1.741,,,,,,,
20,Right,22,0.0000,0.0000,0.0457,-0.0435,0.0377,0.0965,0.9937,1.741,,,,,,,
20,Right,23,0.0000,0.0000,0.0307,0.1354,0.0368,-0.0503,0.9888,1.741,,,,,,,
20,Right,24,0.0000,0.0000,0.0203,-0.0103,-0.0492,0.0007,0.9987,1.741,,,,,,,
20,Right,25,-0.0002,0.0012,0.0219,0.0000,0.0000,0.0000,1.0000,1.741,,,,,,,
21,Left,0,0.0017,-0.0057,0.0655,0.0000,0.0000,0.0000,1.0000,1.839,,,,,,,
21,Left,1,0.0000,0.0000,0.0000,0.0000,0.0000,0.0000,1.0000,1.839,-0.5858,0.1948,-0.0043,-0.7036,0.4623,-0.1678,-0.5129
21,Left,2,0.0264,-0.0208,0.0367,-0.0143,0.3138,-0.6525,0.6896,1.839,,,,,,,
21,Left,3,0.0000,0.0000,0.0325,0.2692,-0.0452,0.0807,0.9586,1.839,,,,,,,
21,Left,4,0.0000,0.0000,0.0338,0.2003,0.0426,-0.0760,0.9759,1.839,,,,,,,
21,Left,5,-0.0007,0.0010,0.0246,0.0000,0.0000,0.0000,1.0000,1.839,,,,,,,
21,Left,6,0.0179,-0.0119,0.0376,0.0000,0.0000,0.0000,1.0000,1.839,,,,,,,
21,Left,7,0.0056,0.0046,0.0584,0.4243,-0.0898,-0.0082,0.9010,1.839,,,,,,,
21,Left,8,0.0000,0.0000,0.0379,0.7397,0.0143,0.0212,0.6724,1.839,,,,,,,
21,Left,9,0.0000,0.0000,0.0243,0.5316,-0.0133,0.0165,0.8467,1.839,,,,,,,
21,Left,10,-0.0003,0.0010,0.0224,0.0000,0.0000,0.0000,1.0000,1.839,,,,,,,
21,Left,11,0.0017,-0.0088,0.0354,0.0000,0.0000,0.0000,1.0000,1.839,,,,,,,
21,Left,12,0.0000,0.0063,0.0602,0.5523,-0.0899,0.0618,0.8265,1.839,,,,,,,
21,Left,13,0.0000,0.0000,0.0429,0.6955,0.0047,0.0126,0.7184,1.839,,,,,,,
21,Left,14,0.0000,0.0000,0.0275,0.5249,0.0225,0.0885,0.8462,1.839,,,,,,,
21,Left,15,-0.0003,0.0011,0.0250,0.0000,0.0000,0.0000,1.0000,1.839,,,,,,,
21,Left,16,-0.0150,-0.0060,0.0348,0.0000,0.0000,0.0000,1.0000,1.839,,,,,,,
21,Left,17,-0.0025,-0.0005,0.0539,0.6123,-0.0611,0.1034,0.7814,1.839,,,,,,,
21,Left,18,0.0000,0.0000,0.0390,0.6805,0.0206,0.0417,0.7313,1.839,,,,,,,
21,Left,19,0.0000,0.0000,0.0266,0.5357,0.0272,0.0291,0.8435,1.839,,,,,,,
21,Left,20,-0.0003,0.0016,0.0243,0.0000,0.0000,0.0000,1.0000,1.839,,,,,,,
21,Left,21,-0.0230,-0.0094,0.0341,0.0183,-0.1403,0.2070,0.9681,1.839,,,,,,,
21,Left,22,0.0000,0.0000,0.0457,0.5905,-0.0399,-0.0567,0.8040,1.839,,,,,,,
21,Left,23,0.0000,0.0000,0.0307,0.6248,-0.0087,0.0850,0.7761,1.839,,,,,,,
21,Left,24,0.0000,0.0000,0.0203,0.5876,0.0394,-0.0026,0.8082,1.839,,,,,,,
21,Left,25,0.0002,0.0012,0.0219,0.0000,0.0000,0.0000,1.0000,1.839,,,,,,,
21,Right,0,-0.0029,-0.0048,0.0647,0.0000,0.0000,0.0000,1.0000,1.839,,,,,,,
21,Right,1,0.0000,0.0000,0.0000,0.0000,0.0000,0.0000,1.0000,1.839,-0.0282,0.0443,0.0264,0.6379,-0.0734,-0.0714,0.7633
21,Right,2,-0.0313,-0.0140,0.0335,-0.1636,-0.3203,0.5160,0.7774,1.839,,,,,,,
21,Right,3,0.0000,0.0000,0.0325,0.3009,0.0419,-0.0800,0.9494,1.839,,,,,,,
21,Right,4,0.0000,0.0000,0.0338,0.1118,-0.0507,0.0792,0.9893,1.839,,,,,,,
21,Right,5,0.0007,0.0010,0.0246,0.0000,0.0000,0.0000,1.0000,1.839,,,,,,,
21,Right,6,-0.0204,-0.0085,0.0359,0.0000,0.0000,0.0000,1.0000,1.839,,,,,,,
21,Right,7,-0.0032,0.0011,0.0601,0.0157,0.0602,0.0319,0.9976,1.839,,,,,,,
21,Right,8,0.0000,0.0000,0.0379,0.0888,0.0049,-0.0262,0.9957,1.839,,,,,,,
21,Right,9,0.0000,0.0000,0.0243,0.0437,0.0253,-0.0167,0.9986,1.839,,,,,,,
21,Right,10,0.0003,0.0010,0.0224,0.0000,0.0000,0.0000,1.0000,1.839,,,,,,,
21,Right,11,-0.0041,-0.0071,0.0338,0.0000,0.0000,0.0000,1.0000,1.839,,,,,,,
21,Right,12,0.0024,0.0046,0.0619,0.0927,0.1039,-0.0135,0.9902,1.839,,,,,,,
21,Right,13,0.0000,0.0000,0.0429,0.0859,0.0034,-0.0118,0.9962,1.839,,,,,,,
21,Right,14,0.0000,0.0000,0.0275,-0.0041,0.0007,-0.0432,0.9991,1.839,,,,,,,
21,Right,15,0.0003,0.0011,0.0250,0.0000,0.0000,0.0000,1.0000,1.839,,,,,,,
21,Right,16,0.0150,-0.0060,0.0348,0.0000,0.0000,0.0000,1.0000,1.839,,,,,,,
21,Right,17,0.0025,-0.0005,0.0539,0.0648,0.1262,-0.0549,0.9884,1.839,,,,,,,
21,Right,18,0.0000,0.0000,0.0390,0.0892,0.0000,-0.0356,0.9954,1.839,,,,,,,
21,Right,19,0.0000,0.0000,0.0266,0.0316,-0.0294,-0.0061,0.9990,1.839,,,,,,,
21,Right,20,0.0003,0.0016,0.0243,0.0000,0.0000,0.0000,1.0000,1.839,,,,,,,
21,Right,21,0.0230,-0.0094,0.0341,0.0183,0.1403,-0.2070,0.9681,1.839,,,,,,,
21,Right,22,0.0000,0.0000,0.0457,-0.0439,0.0378,0.0965,0.9936,1.839,,,,,,,
21,Right,23,0.0000,0.0000,0.0307,0.1344,0.0368,-0.0502,0.9890,1.839,,,,,,,
21,Right,24,0.0000,0.0000,0.0203,-0.0102,-0.0492,0.0007,0.9987,1.839,,,,,,,
21,Right,25,-0.0002,0.0012,0.0219,0.0000,0.0000,0.0000,1.0000,1.839,,,,,,,
22,Left,0,0.0017,-0.0057,0.0655,0.0000,0.0000,0.0000,1.0000,1.929,,,,,,,
22,Left,1,0.0000,0.0000,0.0000,0.0000,0.0000,0.0000,1.0000,1.929,-0.5833,0.1999,-0.0025,-0.7060,0.4586,-0.1687,-0.5126
22,Left,2,0.0265,-0.0208,0.0367,-0.0142,0.3150,-0.6519,0.6896,1.929,,,,,,,
22,Left,3,0.0000,0.0000,0.0325,0.2757,-0.0445,0.0806,0.9568,1.929,,,,,,,
22,Left,4,0.0000,0.0000,0.0338,0.2020,0.0424,-0.0760,0.9755,1.929,,,,,,,
22,Left,5,-0.0007,0.0010,0.0246,0.0000,0.0000,0.0000,1.0000,1.929,,,,,,,
22,Left,6,0.0179,-0.0119,0.0376,0.0000,0.0000,0.0000,1.0000,1.929,,,,,,,
22,Left,7,0.0056,0.0046,0.0584,0.4306,-0.0924,-0.0066,0.8978,1.929,,,,,,,
22,Left,8,0.0000,0.0000,0.0379,0.7332,0.0141,0.0214,0.6795,1.929,,,,,,,
22,Left,9,0.0000,0.0000,0.0243,0.5312,-0.0133,0.0165,0.8470,1.929,,,,,,,
22,Left,10,-0.0003,0.0010,0.0224,0.0000,0.0000,0.0000,1.0000,1.929,,,,,,,
22,Left,11,0.0017,-0.0088,0.0354,0.0000,0.0000,0.0000,1.0000,1.929,,,,,,,
22,Left,12,0.0000,0.0063,0.0603,0.5517,-0.0912,0.0626,0.8267,1.929,,,,,,,
22,Left,13,0.0000,0.0000,0.0429,0.6950,0.0047,0.0126,0.7189,1.929,,,,,,,
22,Left,14,0.0000,0.0000,0.0275,0.5264,0.0225,0.0886,0.8453,1.929,,,,,,,
22,Left,15,-0.0003,0.0011,0.0250,0.0000,0.0000,0.0000,1.0000,1.929,,,,,,,
22,Left,16,-0.0150,-0.0060,0.0348,0.0000,0.0000,0.0000,1.0000,1.929,,,,,,,
22,Left,17,-0.0025,-0.0005,0.0539,0.6087,-0.0630,0.1042,0.7840,1.929,,,,,,,
22,Left,18,0.0000,0.0000,0.0390,0.6815,0.0207,0.0417,0.7303,1.929,,,,,,,
22,Left,19,0.0000,0.0000,0.0266,0.5374,0.0272,0.0291,0.8424,1.929,,,,,,,
22,Left,20,-0.0003,0.0016,0.0243,0.0000,0.0000,0.0000,1.0000,1.929,,,,,,,
22,Left,21,-0.0230,-0.0094,0.0341,0.0183,-0.1403,0.2070,0.9681,1.929,,,,,,,
22,Left,22,0.0000,0.0000,0.0457,0.5837,-0.0422,-0.0553,0.8090,1.929,,,,,,,
22,Left,23,0.0000,0.0000,0.0307,0.6244,-0.0087,0.0850,0.7764,1.929,,,,,,,
22,Left,24,0.0000,0.0000,0.0203,0.5906,0.0393,-0.0026,0.8060,1.929,,,,,,,
22,Left,25,0.0002,0.0012,0.0219,0.0000,0.0000,0.0000,1.0000,1.929,,,,,,,
22,Right,0,-0.0029,-0.0048,0.0647,0.0000,0.0000,0.0000,1.0000,1.929,,,,,,,
22,Right,1,0.0000,0.0000,0.0000,0.0000,0.0000,0.0000,1.0000,1.929,-0.0271,0.0452,0.0256,0.6383,-0.0734,-0.0710,0.7630
22,Right,2,-0.0313,-0.0140,0.0335,-0.1628,-0.3202,0.5170,0.7770,1.929,,,,,,,
22,Right,3,0.0000,0.0000,0.0325,0.3008,0.0419,-0.0800,0.9494,1.929,,,,,,,
22,Right,4,0.0000,0.0000,0.0338,0.1096,-0.0509,0.0793,0.9895,1.929,,,,,,,
22,Right,5,0.0007,0.0010,0.0246,0.0000,0.0000,0.0000,1.0000,1.929,,,,,,,
22,Right,6,-0.0203,-0.0085,0.0359,0.0000,0.0000,0.0000,1.0000,1.929,,,,,,,
22,Right,7,-0.0032,0.0012,0.0601,0.0150,0.0602,0.0319,0.9976,1.929,,,,,,,
22,Right,8,0.0000,0.0000,0.0379,0.0883,0.0049,-0.0262,0.9957,1.929,,,,,,,
22,Right,9,0.0000,0.0000,0.0243,0.0436,0.0253,-0.0167,0.9986,1.929,,,,,,,
22,Right,10,0.0003,0.0010,0.0224,0.0000,0.0000,0.0000,1.0000,1.929,,,,,,,
22,Right,11,-0.0041,-0.0071,0.0338,0.0000,0.0000,0.0000,1.0000,1.929,,,,,,,
22,Right,12,0.0024,0.0046,0.0619,0.0921,0.1044,-0.0135,0.9902,1.929,,,,,,,
22,Right,13,0.0000,0.0000,0.0429,0.0858,0.0034,-0.0118,0.9962,1.929,,,,,,,
22,Right,14,0.0000,0.0000,0.0275,-0.0034,0.0007,-0.0433,0.9991,1.929,,,,,,,
22,Right,15,0.0003,0.0011,0.0250,0.0000,0.0000,0.0000,1.0000,1.929,,,,,,,
22,Right,16,0.0150,-0.0060,0.0348,0.0000,0.0000,0.0000,1.0000,1.929,,,,,,,
22,Right,17,0.0025,-0.0005,0.0539,0.0643,0.1265,-0.0549,0.9884,1.929,,,,,,,
22,Right,18,0.0000,0.0000,0.0390,0.0891,0.0000,-0.0356,0.9954,1.929,,,,,,,
22,Right,19,0.0000,0.0000,0.0266,0.0320,-0.0294,-0.0062,0.9990,1.929,,,,,,,
22,Right,20,0.0003,0.0016,0.0243,0.0000,0.0000,0.0000,1.0000,1.929,,,,,,,
22,Right,21,0.0230,-0.0094,0.0341,0.0183,0.1403,-0.2070,0.9681,1.929,,,,,,,
22,Right,22,0.0000,0.0000,0.0457,-0.0440,0.0380,0.0965,0.9936,1.929,,,,,,,
22,Right,23,0.0000,0.0000,0.0307,0.1327,0.0369,-0.0501,0.9892,1.929,,,,,,,
22,Right,24,0.0000,0.0000,0.0203,-0.0102,-0.0492,0.0007,0.9987,1.929,,,,,,,
22,Right,25,-0.0002,0.0012,0.0219,0.0000,0.0000,0.0000,1.0000,1.929,,,,,,,
23,Left,0,0.0017,-0.0057,0.0655,0.0000,0.0000,0.0000,1.0000,2.014,,,,,,,
23,Left,1,0.0000,0.0000,0.0000,0.0000,0.0000,0.0000,1.0000,2.014,-0.5811,0.2051,-0.0036,-0.7128,0.4439,-0.1657,-0.5171
23,Left,2,0.0265,-0.0208,0.0367,-0.0137,0.3158,-0.6519,0.6893,2.014,,,,,,,
23,Left,3,0.0000,0.0000,0.0325,0.2767,-0.0444,0.0806,0.9566,2.014,,,,,,,
23,Left,4,0.0000,0.0000,0.0338,0.2008,0.0425,-0.0760,0.9758,2.014,,,,,,,
23,Left,5,-0.0007,0.0010,0.0246,0.0000,0.0000,0.0000,1.0000,2.014,,,,,,,
23,Left,6,0.0180,-0.0119,0.0375,0.0000,0.0000,0.0000,1.0000,2.014,,,,,,,
23,Left,7,0.0056,0.0045,0.0584,0.4379,-0.0956,-0.0047,0.8939,2.014,,,,,,,
23,Left,8,0.0000,0.0000,0.0379,0.7327,0.0140,0.0214,0.6800,2.014,,,,,,,
23,Left,9,0.0000,0.0000,0.0243,0.5324,-0.0133,0.0165,0.8462,2.014,,,,,,,
23,Left,10,-0.0003,0.0010,0.0224,0.0000,0.0000,0.0000,1.0000,2.014,,,,,,,
23,Left,11,0.0017,-0.0088,0.0354,0.0000,0.0000,0.0000,1.0000,2.014,,,,,,,
23,Left,12,0.0000,0.0063,0.0603,0.5501,-0.0921,0.0629,0.8276,2.014,,,,,,,
23,Left,13,0.0000,0.0000,0.0429,0.6952,0.0047,0.0126,0.7187,2.014,,,,,,,
23,Left,14,0.0000,0.0000,0.0275,0.5285,0.0226,0.0887,0.8440,2.014,,,,,,,
23,Left,15,-0.0003,0.0011,0.0250,0.0000,0.0000,0.0000,1.0000,2.014,,,,,,,
23,Left,16,-0.0150,-0.0060,0.0348,0.0000,0.0000,0.0000,1.0000,2.014,,,,,,,
23,Left,17,-0.0025,-0.0005,0.0539,0.5894,-0.0670,0.1037,0.7983,2.014,,,,,,,
23,Left,18,0.0000,0.0000,0.0390,0.6861,0.0209,0.0417,0.7260,2.014,,,,,,,
23,Left,19,0.0000,0.0000,0.0266,0.5449,0.0271,0.0295,0.8375,2.014,,,,,,,
23,Left,20,-0.0003,0.0016,0.0243,0.0000,0.0000,0.0000,1.0000,2.014,,,,,,,
23,Left,21,-0.0230,-0.0094,0.0341,0.0183,-0.1403,0.2070,0.9681,2.014,,,,,,,
23,Left,22,0.0000,0.0000,0.0457,0.5510,-0.0455,-0.0542,0.8315,2.014,,,,,,,
23,Left,23,0.0000,0.0000,0.0307,0.6265,-0.0086,0.0851,0.7747,2.014,,,,,,,
23,Left,24,0.0000,0.0000,0.0203,0.6022,0.0388,-0.0027,0.7974,2.014,,,,,,,
23,Left,25,0.0002,0.0012,0.0219,0.0000,0.0000,0.0000,1.0000,2.014,,,,,,,
23,Right,0,-0.0029,-0.0048,0.0647,0.0000,0.0000,0.0000,1.0000,2.014,,,,,,,
23,Right,1,0.0000,0.0000,0.0000,0.0000,0.0000,0.0000,1.0000,2.014,-0.0251,0.0462,0.0245,0.6388,-0.0726,-0.0719,0.7625
23,Right,2,-0.0312,-0.0141,0.0335,-0.1616,-0.3203,0.5182,0.7764,2.014,,,,,,,
23,Right,3,0.0000,0.0000,0.0325,0.3011,0.0419,-0.0800,0.9493,2.014,,,,,,,
23,Right,4,0.0000,0.0000,0.0338,0.1075,-0.0511,0.0793,0.9897,2.014,,,,,,,
23,Right,5,0.0007,0.0010,0.0246,0.0000,0.0000,0.0000,1.0000,2.014,,,,,,,
23,Right,6,-0.0203,-0.0085,0.0360,0.0000,0.0000,0.0000,1.0000,2.014,,,,,,,
23,Right,7,-0.0032,0.0012,0.0600,0.0148,0.0605,0.0319,0.9975,2.014,,,,,,,
23,Right,8,0.0000,0.0000,0.0379,0.0877,0.0049,-0.0262,0.9958,2.014,,,,,,,
23,Right,9,0.0000,0.0000,0.0243,0.0435,0.0253,-0.0166,0.9986,2.014,,,,,,,
23,Right,10,0.0003,0.0010,0.0224,0.0000,0.0000,0.0000,1.0000,2.014,,,,,,,
23,Right,11,-0.0041,-0.0072,0.0338,0.0000,0.0000,0.0000,1.0000,2.014,,,,,,,
23,Right,12,0.0024,0.0046,0.0619,0.0921,0.1047,-0.0135,0.9901,2.014,,,,,,,
23,Right,13,0.0000,0.0000,0.0429,0.0858,0.0034,-0.0118,0.9962,2.014,,,,,,,
23,Right,14,0.0000,0.0000,0.0275,-0.0031,0.0007,-0.0433,0.9991,2.014,,,,,,,
23,Right,15,0.0003,0.0011,0.0250,0.0000,0.0000,0.0000,1.0000,2.014,,,,,,,
23,Right,16,0.0150,-0.0060,0.0348,0.0000,0.0000,0.0000,1.0000,2.014,,,,,,,
23,Right,17,0.0025,-0.0005,0.0539,0.0642,0.1265,-0.0548,0.9884,2.014,,,,,,,
23,Right,18,0.0000,0.0000,0.0390,0.0889,0.0000,-0.0356,0.9954,2.014,,,,,,,
23,Right,19,0.0000,0.0000,0.0266,0.0321,-0.0294,-0.0062,0.9990,2.014,,,,,,,
23,Right,20,0.0003,0.0016,0.0243,0.0000,0.0000,0.0000,1.0000,2.014,,,,,,,
23,Right,21,0.0230,-0.0094,0.0341,0.0183,0.1403,-0.2070,0.9681,2.014,,,,,,,
23,Right,22,0.0000,0.0000,0.0457,-0.0437,0.0382,0.0965,0.9936,2.014,,,,,,,
23,Right,23,0.0000,0.0000,0.0307,0.1306,0.0370,-0.0499,0.9895,2.014,,,,,,,
23,Right,24,0.0000,0.0000,0.0203,-0.0104,-0.0492,0.0007,0.9987,2.014,,,,,,,
23,Right,25,-0.0002,0.0012,0.0219,0.0000,0.0000,0.0000,1.0000,2.014,,,,,,,
24,Left,0,0.0017,-0.0057,0.0655,0.0000,0.0000,0.0000,1.0000,2.049,,,,,,,
24,Left,1,0.0000,0.0000,0.0000,0.0000,0.0000,0.0000,1.0000,2.049,-0.5792,0.2105,-0.0047,-0.7131,0.4452,-0.1659,-0.5155
24,Left,2,0.0265,-0.0208,0.0367,-0.0134,0.3159,-0.6520,0.6891,2.049,,,,,,,
24,Left,3,0.0000,0.0000,0.0325,0.2759,-0.0445,0.0806,0.9568,2.049,,,,,,,
24,Left,4,0.0000,0.0000,0.0338,0.1995,0.0427,-0.0760,0.9760,2.049,,,,,,,
24,Left,5,-0.0007,0.0010,0.0246,0.0000,0.0000,0.0000,1.0000,2.049,,,,,,,
24,Left,6,0.0179,-0.0119,0.0376,0.0000,0.0000,0.0000,1.0000,2.049,,,,,,,
24,Left,7,0.0056,0.0046,0.0584,0.4399,-0.0960,-0.0043,0.8929,2.049,,,,,,,
24,Left,8,0.0000,0.0000,0.0379,0.7328,0.0140,0.0214,0.6800,2.049,,,,,,,
24,Left,9,0.0000,0.0000,0.0243,0.5342,-0.0132,0.0165,0.8451,2.049,,,,,,,
24,Left,10,-0.0003,0.0010,0.0224,0.0000,0.0000,0.0000,1.0000,2.049,,,,,,,
24,Left,11,0.0017,-0.0088,0.0354,0.0000,0.0000,0.0000,1.0000,2.049,,,,,,,
24,Left,12,0.0000,0.0063,0.0603,0.5492,-0.0925,0.0629,0.8281,2.049,,,,,,,
24,Left,13,0.0000,0.0000,0.0429,0.6966,0.0047,0.0126,0.7174,2.049,,,,,,,
24,Left,14,0.0000,0.0000,0.0275,0.5303,0.0227,0.0889,0.8428,2.049,,,,,,,
24,Left,15,-0.0003,0.0011,0.0250,0.0000,0.0000,0.0000,1.0000,2.049,,,,,,,
24,Left,16,-0.0150,-0.0060,0.0348,0.0000,0.0000,0.0000,1.0000,2.049,,,,,,,
24,Left,17,-0.0025,-0.0005,0.0539,0.5863,-0.0677,0.1037,0.8005,2.049,,,,,,,
24,Left,18,0.0000,0.0000,0.0390,0.6901,0.0210,0.0417,0.7222,2.049,,,,,,,
24,Left,19,0.0000,0.0000,0.0266,0.5491,0.0270,0.0296,0.8348,2.049,,,,,,,
24,Left,20,-0.0003,0.0016,0.0243,0.0000,0.0000,0.0000,1.0000,2.049,,,,,,,
24,Left,21,-0.0230,-0.0094,0.0341,0.0183,-0.1403,0.2070,0.9681,2.049,,,,,,,
24,Left,22,0.0000,0.0000,0.0457,0.5440,-0.0459,-0.0542,0.8361,2.049,,,,,,,
24,Left,23,0.0000,0.0000,0.0307,0.6287,-0.0085,0.0852,0.7729,2.049,,,,,,,
24,Left,24,0.0000,0.0000,0.0203,0.6065,0.0387,-0.0027,0.7941,2.049,,,,,,,
24,Left,25,0.0002,0.0012,0.0219,0.0000,0.0000,0.0000,1.0000,2.049,,,,,,,
24,Right,0,-0.0029,-0.0048,0.0647,0.0000,0.0000,0.0000,1.0000,2.049,,,,,,,
24,Right,1,0.0000,0.0000,0.0000,0.0000,0.0000,0.0000,1.0000,2.049,-0.0241,0.0467,0.0237,0.6390,-0.0722,-0.0722,0.7624
24,Right,2,-0.0312,-0.0141,0.0335,-0.1613,-0.3208,0.5183,0.7762,2.049,,,,,,,
24,Right,3,0.0000,0.0000,0.0325,0.3015,0.0418,-0.0800,0.9492,2.049,,,,,,,
24,Right,4,0.0000,0.0000,0.0338,0.1071,-0.0511,0.0794,0.9898,2.049,,,,,,,
24,Right,5,0.0007,0.0010,0.0246,0.0000,0.0000,0.0000,1.0000,2.049,,,,,,,
24,Right,6,-0.0203,-0.0085,0.0360,0.0000,0.0000,0.0000,1.0000,2.049,,,,,,,
24,Right,7,-0.0032,0.0012,0.0600,0.0151,0.0608,0.0319,0.9975,2.049,,,,,,,
24,Right,8,0.0000,0.0000,0.0379,0.0874,0.0049,-0.0262,0.9958,2.049,,,,,,,
24,Right,9,0.0000,0.0000,0.0243,0.0434,0.0253,-0.0166,0.9986,2.049,,,,,,,
24,Right,10,0.0003,0.0010,0.0224,0.0000,0.0000,0.0000,1.0000,2.049,,,,,,,
24,Right,11,-0.0041,-0.0072,0.0338,0.0000,0.0000,0.0000,1.0000,2.049,,,,,,,
24,Right,12,0.0024,0.0046,0.0619,0.0924,0.1051,-0.0135,0.9901,2.049,,,,,,,
24,Right,13,0.0000,0.0000,0.0429,0.0857,0.0034,-0.0118,0.9962,2.049,,,,,,,
24,Right,14,0.0000,0.0000,0.0275,-0.0030,0.0007,-0.0433,0.9991,2.049,,,,,,,
24,Right,15,0.0003,0.0011,0.0250,0.0000,0.0000,0.0000,1.0000,2.049,,,,,,,
24,Right,16,0.0150,-0.0060,0.0348,0.0000,0.0000,0.0000,1.0000,2.049,,,,,,,
24,Right,17,0.0025,-0.0005,0.0539,0.0643,0.1268,-0.0548,0.9883,2.049,,,,,,,
24,Right,18,0.0000,0.0000,0.0390,0.0886,0.0000,-0.0356,0.9954,2.049,,,,,,,
24,Right,19,0.0000,0.0000,0.0266,0.0320,-0.0294,-0.0062,0.9990,2.049,,,,,,,
24,Right,20,0.0003,0.0016,0.0243,0.0000,0.0000,0.0000,1.0000,2.049,,,,,,,
24,Right,21,0.0230,-0.0094,0.0341,0.0183,0.1403,-0.2070,0.9681,2.049,,,,,,,
24,Right,22,0.0000,0.0000,0.0457,-0.0433,0.0384,0.0965,0.9936,2.049,,,,,,,
24,Right,23,0.0000,0.0000,0.0307,0.1297,0.0370,-0.0498,0.9896,2.049,,,,,,,
24,Right,24,0.0000,0.0000,0.0203,-0.0104,-0.0492,0.0007,0.9987,2.049,,,,,,,
24,Right,25,-0.0002,0.0012,0.0219,0.0000,0.0000,0.0000,1.0000,2.049,,,,,,,
25,Left,0,0.0017,-0.0057,0.0655,0.0000,0.0000,0.0000,1.0000,2.063,,,,,,,
25,Left,1,0.0000,0.0000,0.0000,0.0000,0.0000,0.0000,1.0000,2.063,-0.5765,0.2162,-0.0041,-0.7131,0.4494,-0.1664,-0.5118
25,Left,2,0.0265,-0.0208,0.0367,-0.0135,0.3158,-0.6521,0.6891,2.063,,,,,,,
25,Left,3,0.0000,0.0000,0.0325,0.2747,-0.0446,0.0806,0.9571,2.063,,,,,,,
25,Left,4,0.0000,0.0000,0.0338,0.1985,0.0428,-0.0761,0.9762,2.063,,,,,,,
25,Left,5,-0.0007,0.0010,0.0246,0.0000,0.0000,0.0000,1.0000,2.063,,,,,,,
25,Left,6,0.0179,-0.0119,0.0376,0.0000,0.0000,0.0000,1.0000,2.063,,,,,,,
25,Left,7,0.0056,0.0046,0.0584,0.4406,-0.0960,-0.0042,0.8925,2.063,,,,,,,
25,Left,8,0.0000,0.0000,0.0379,0.7330,0.0141,0.0214,0.6797,2.063,,,,,,,
25,Left,9,0.0000,0.0000,0.0243,0.5357,-0.0132,0.0165,0.8442,2.063,,,,,,,
25,Left,10,-0.0003,0.0010,0.0224,0.0000,0.0000,0.0000,1.0000,2.063,,,,,,,
25,Left,11,0.0017,-0.0088,0.0354,0.0000,0.0000,0.0000,1.0000,2.063,,,,,,,
25,Left,12,0.0000,0.0063,0.0603,0.5491,-0.0926,0.0630,0.8282,2.063,,,,,,,
25,Left,13,0.0000,0.0000,0.0429,0.6980,0.0048,0.0126,0.7160,2.063,,,,,,,
25,Left,14,0.0000,0.0000,0.0275,0.5314,0.0228,0.0890,0.8421,2.063,,,,,,,
25,Left,15,-0.0003,0.0011,0.0250,0.0000,0.0000,0.0000,1.0000,2.063,,,,,,,
25,Left,16,-0.0150,-0.0060,0.0348,0.0000,0.0000,0.0000,1.0000,2.063,,,,,,,
25,Left,17,-0.0025,-0.0005,0.0539,0.5860,-0.0680,0.1038,0.8008,2.063,,,,,,,
25,Left,18,0.0000,0.0000,0.0390,0.6912,0.0211,0.0417,0.7212,2.063,,,,,,,
25,Left,19,0.0000,0.0000,0.0266,0.5501,0.0270,0.0297,0.8341,2.063,,,,,,,
25,Left,20,-0.0003,0.0016,0.0243,0.0000,0.0000,0.0000,1.0000,2.063,,,,,,,
25,Left,21,-0.0230,-0.0094,0.0341,0.0183,-0.1403,0.2070,0.9681,2.063,,,,,,,
25,Left,22,0.0000,0.0000,0.0457,0.5436,-0.0462,-0.0540,0.8363,2.063,,,,,,,
25,Left,23,0.0000,0.0000,0.0307,0.6295,-0.0084,0.0853,0.7722,2.063,,,,,,,
25,Left,24,0.0000,0.0000,0.0203,0.6083,0.0386,-0.0027,0.7927,2.063,,,,,,,
25,Left,25,0.0002,0.0012,0.0219,0.0000,0.0000,0.0000,1.0000,2.063,,,,,,,
25,Right,0,-0.0029,-0.0048,0.0647,0.0000,0.0000,0.0000,1.0000,2.063,,,,,,,
25,Right,1,0.0000,0.0000,0.0000,0.0000,0.0000,0.0000,1.0000,2.063,-0.0238,0.0471,0.0232,0.6387,-0.0721,-0.0726,0.7627
25,Right,2,-0.0312,-0.0141,0.0335,-0.1613,-0.3208,0.5183,0.7762,2.063,,,,,,,
25,Right,3,0.0000,0.0000,0.0325,0.3015,0.0418,-0.0800,0.9492,2.063,,,,,,,
25,Right,4,0.0000,0.0000,0.0338,0.1068,-0.0512,0.0794,0.9898,2.063,,,,,,,
25,Right,5,0.0007,0.0010,0.0246,0.0000,0.0000,0.0000,1.0000,2.063,,,,,,,
25,Right,6,-0.0203,-0.0085,0.0360,0.0000,0.0000,0.0000,1.0000,2.063,,,,,,,
25,Right,7,-0.0032,0.0012,0.0600,0.0154,0.0609,0.0319,0.9975,2.063,,,,,,,
25,Right,8,0.0000,0.0000,0.0379,0.0874,0.0049,-0.0262,0.9958,2.063,,,,,,,
25,Right,9,0.0000,0.0000,0.0243,0.0434,0.0253,-0.0166,0.9986,2.063,,,,,,,
25,Right,10,0.0003,0.0010,0.0224,0.0000,0.0000,0.0000,1.0000,2.063,,,,,,,
25,Right,11,-0.0041,-0.0072,0.0338,0.0000,0.0000,0.0000,1.0000,2.063,,,,,,,
25,Right,12,0.0024,0.0046,0.0619,0.0925,0.1052,-0.0135,0.9900,2.063,,,,,,,
25,Right,13,0.0000,0.0000,0.0429,0.0856,0.0034,-0.0118,0.9962,2.063,,,,,,,
25,Right,14,0.0000,0.0000,0.0275,-0.0029,0.0007,-0.0433,0.9991,2.063,,,,,,,
25,Right,15,0.0003,0.0011,0.0250,0.0000,0.0000,0.0000,1.0000,2.063,,,,,,,
25,Right,16,0.0150,-0.0060,0.0348,0.0000,0.0000,0.0000,1.0000,2.063,,,,,,,
25,Right,17,0.0025,-0.0005,0.0539,0.0645,0.1269,-0.0549,0.9883,2.063,,,,,,,
25,Right,18,0.0000,0.0000,0.0390,0.0886,0.0000,-0.0356,0.9954,2.063,,,,,,,
25,Right,19,0.0000,0.0000,0.0266,0.0321,-0.0294,-0.0062,0.9990,2.063,,,,,,,
25,Right,20,0.0003,0.0016,0.0243,0.0000,0.0000,0.0000,1.0000,2.063,,,,,,,
25,Right,21,0.0230,-0.0094,0.0341,0.0183,0.1403,-0.2070,0.9681,2.063,,,,,,,
25,Right,22,0.0000,0.0000,0.0457,-0.0431,0.0386,0.0965,0.9937,2.063,,,,,,,
25,Right,23,0.0000,0.0000,0.0307,0.1294,0.0370,-0.0498,0.9896,2.063,,,,,,,
25,Right,24,0.0000,0.0000,0.0203,-0.0104,-0.0492,0.0007,0.9987,2.063,,,,,,,
25,Right,25,-0.0002,0.0012,0.0219,0.0000,0.0000,0.0000,1.0000,2.063,,,,,,,
26,Left,0,0.0017,-0.0057,0.0655,0.0000,0.0000,0.0000,1.0000,2.077,,,,,,,
26,Left,1,0.0000,0.0000,0.0000,0.0000,0.0000,0.0000,1.0000,2.077,-0.5739,0.2218,-0.0035,-0.7130,0.4535,-0.1669,-0.5080
26,Left,2,0.0265,-0.0208,0.0367,-0.0135,0.3156,-0.6522,0.6891,2.077,,,,,,,
26,Left,3,0.0000,0.0000,0.0325,0.2735,-0.0447,0.0806,0.9574,2.077,,,,,,,
26,Left,4,0.0000,0.0000,0.0338,0.1975,0.0428,-0.0762,0.9764,2.077,,,,,,,
26,Left,5,-0.0007,0.0010,0.0246,0.0000,0.0000,0.0000,1.0000,2.077,,,,,,,
26,Left,6,0.0179,-0.0119,0.0376,0.0000,0.0000,0.0000,1.0000,2.077,,,,,,,
26,Left,7,0.0056,0.0046,0.0584,0.4413,-0.0961,-0.0042,0.8922,2.077,,,,,,,
26,Left,8,0.0000,0.0000,0.0379,0.7332,0.0141,0.0214,0.6795,2.077,,,,,,,
26,Left,9,0.0000,0.0000,0.0243,0.5371,-0.0131,0.0165,0.8432,2.077,,,,,,,
26,Left,10,-0.0003,0.0010,0.0224,0.0000,0.0000,0.0000,1.0000,2.077,,,,,,,
26,Left,11,0.0017,-0.0088,0.0354,0.0000,0.0000,0.0000,1.0000,2.077,,,,,,,
26,Left,12,0.0000,0.0063,0.0603,0.5490,-0.0927,0.0631,0.8282,2.077,,,,,,,
26,Left,13,0.0000,0.0000,0.0429,0.6994,0.0048,0.0125,0.7146,2.077,,,,,,,
26,Left,14,0.0000,0.0000,0.0275,0.5325,0.0228,0.0891,0.8414,2.077,,,,,,,
26,Left,15,-0.0003,0.0011,0.0250,0.0000,0.0000,0.0000,1.0000,2.077,,,,,,,
26,Left,16,-0.0150,-0.0060,0.0348,0.0000,0.0000,0.0000,1.0000,2.077,,,,,,,
26,Left,17,-0.0025,-0.0005,0.0539,0.5857,-0.0682,0.1038,0.8010,2.077,,,,,,,
26,Left,18,0.0000,0.0000,0.0390,0.6922,0.0211,0.0416,0.7202,2.077,,,,,,,
26,Left,19,0.0000,0.0000,0.0266,0.5511,0.0270,0.0298,0.8335,2.077,,,,,,,
26,Left,20,-0.0003,0.0016,0.0243,0.0000,0.0000,0.0000,1.0000,2.077,,,,,,,
26,Left,21,-0.0230,-0.0094,0.0341,0.0183,-0.1403,0.2070,0.9681,2.077,,,,,,,
26,Left,22,0.0000,0.0000,0.0457,0.5433,-0.0464,-0.0539,0.8365,2.077,,,,,,,
26,Left,23,0.0000,0.0000,0.0307,0.6304,-0.0083,0.0854,0.7716,2.077,,,,,,,
26,Left,24,0.0000,0.0000,0.0203,0.6102,0.0385,-0.0027,0.7913,2.077,,,,,,,
26,Left,25,0.0002,0.0012,0.0219,0.0000,0.0000,0.0000,1.0000,2.077,,,,,,,
26,Right,0,-0.0029,-0.0048,0.0647,0.0000,0.0000,0.0000,1.0000,2.077,,,,,,,
26,Right,1,0.0000,0.0000,0.0000,0.0000,0.0000,0.0000,1.0000,2.077,-0.0235,0.0474,0.0228,0.6384,-0.0720,-0.0730,0.7629
26,Right,2,-0.0312,-0.0141,0.0335,-0.1613,-0.3208,0.5183,0.7762,2.077,,,,,,,
26,Right,3,0.0000,0.0000,0.0325,0.3015,0.0418,-0.0800,0.9492,2.077,,,,,,,
26,Right,4,0.0000,0.0000,0.0338,0.1065,-0.0512,0.0794,0.9898,2.077,,,,,,,
26,Right,5,0.0007,0.0010,0.0246,0.0000,0.0000,0.0000,1.0000,2.077,,,,,,,
26,Right,6,-0.0203,-0.0085,0.0360,0.0000,0.0000,0.0000,1.0000,2.077,,,,,,,
26,Right,7,-0.0032,0.0012,0.0600,0.0157,0.0610,0.0319,0.9975,2.077,,,,,,,
26,Right,8,0.0000,0.0000,0.0379,0.0874,0.0049,-0.0262,0.9958,2.077,,,,,,,
26,Right,9,0.0000,0.0000,0.0243,0.0434,0.0253,-0.0166,0.9986,2.077,,,,,,,
26,Right,10,0.0003,0.0010,0.0224,0.0000,0.0000,0.0000,1.0000,2.077,,,,,,,
26,Right,11,-0.0041,-0.0072,0.0338,0.0000,0.0000,0.0000,1.0000,2.077,,,,,,,
26,Right,12,0.0024,0.0046,0.0619,0.0927,0.1053,-0.0136,0.9900,2.077,,,,,,,
26,Right,13,0.0000,0.0000,0.0429,0.0856,0.0034,-0.0118,0.9963,2.077,,,,,,,
26,Right,14,0.0000,0.0000,0.0275,-0.0029,0.0007,-0.0433,0.9991,2.077,,,,,,,
26,Right,15,0.0003,0.0011,0.0250,0.0000,0.0000,0.0000,1.0000,2.077,,,,,,,
26,Right,16,0.0150,-0.0060,0.0348,0.0000,0.0000,0.0000,1.0000,2.077,,,,,,,
26,Right,17,0.0025,-0.0005,0.0539,0.0646,0.1270,-0.0549,0.9883,2.077,,,,,,,
26,Right,18,0.0000,0.0000,0.0390,0.0886,0.0000,-0.0356,0.9954,2.077,,,,,,,
26,Right,19,0.0000,0.0000,0.0266,0.0322,-0.0294,-0.0062,0.9990,2.077,,,,,,,
26,Right,20,0.0003,0.0016,0.0243,0.0000,0.0000,0.0000,1.0000,2.077,,,,,,,
26,Right,21,0.0230,-0.0094,0.0341,0.0183,0.1403,-0.2070,0.9681,2.077,,,,,,,
26,Right,22,0.0000,0.0000,0.0457,-0.0429,0.0387,0.0965,0.9937,2.077,,,,,,,
26,Right,23,0.0000,0.0000,0.0307,0.1291,0.0370,-0.0498,0.9897,2.077,,,,,,,
26,Right,24,0.0000,0.0000,0.0203,-0.0104,-0.0492,0.0007,0.9987,2.077,,,,,,,
26,Right,25,-0.0002,0.0012,0.0219,0.0000,0.0000,0.0000,1.0000,2.077,,,,,,,
27,Left,0,0.0017,-0.0057,0.0655,0.0000,0.0000,0.0000,1.0000,2.106,,,,,,,
27,Left,1,0.0000,0.0000,0.0000,0.0000,0.0000,0.0000,1.0000,2.106,-0.5724,0.2259,-0.0059,-0.7123,0.4561,-0.1668,-0.5067
27,Left,2,0.0264,-0.0209,0.0367,-0.0127,0.3157,-0.6526,0.6886,2.106,,,,,,,
27,Left,3,0.0000,0.0000,0.0325,0.2730,-0.0448,0.0806,0.9576,2.106,,,,,,,
27,Left,4,0.0000,0.0000,0.0338,0.1960,0.0430,-0.0762,0.9767,2.106,,,,,,,
27,Left,5,-0.0007,0.0010,0.0246,0.0000,0.0000,0.0000,1.0000,2.106,,,,,,,
27,Left,6,0.0179,-0.0119,0.0376,0.0000,0.0000,0.0000,1.0000,2.106,,,,,,,
27,Left,7,0.0056,0.0046,0.0584,0.4410,-0.0957,-0.0044,0.8924,2.106,,,,,,,
27,Left,8,0.0000,0.0000,0.0379,0.7331,0.0140,0.0214,0.6796,2.106,,,,,,,
27,Left,9,0.0000,0.0000,0.0243,0.5386,-0.0130,0.0165,0.8423,2.106,,,,,,,
27,Left,10,-0.0003,0.0010,0.0224,0.0000,0.0000,0.0000,1.0000,2.106,,,,,,,
27,Left,11,0.0017,-0.0088,0.0354,0.0000,0.0000,0.0000,1.0000,2.106,,,,,,,
27,Left,12,0.0000,0.0063,0.0602,0.5489,-0.0954,0.0647,0.8279,2.106,,,,,,,
27,Left,13,0.0000,0.0000,0.0429,0.7005,0.0048,0.0125,0.7135,2.106,,,,,,,
27,Left,14,0.0000,0.0000,0.0275,0.5424,0.0232,0.0898,0.8350,2.106,,,,,,,
27,Left,15,-0.0003,0.0011,0.0250,0.0000,0.0000,0.0000,1.0000,2.106,,,,,,,
27,Left,16,-0.0150,-0.0060,0.0348,0.0000,0.0000,0.0000,1.0000,2.106,,,,,,,
27,Left,17,-0.0025,-0.0005,0.0539,0.5857,-0.0679,0.1036,0.8010,2.106,,,,,,,
27,Left,18,0.0000,0.0000,0.0390,0.6933,0.0211,0.0416,0.7191,2.106,,,,,,,
27,Left,19,0.0000,0.0000,0.0266,0.5522,0.0270,0.0298,0.8327,2.106,,,,,,,
27,Left,20,-0.0003,0.0016,0.0243,0.0000,0.0000,0.0000,1.0000,2.106,,,,,,,
27,Left,21,-0.0230,-0.0094,0.0341,0.0183,-0.1403,0.2070,0.9681,2.106,,,,,,,
27,Left,22,0.0000,0.0000,0.0457,0.5436,-0.0462,-0.0540,0.8363,2.106,,,,,,,
27,Left,23,0.0000,0.0000,0.0307,0.6314,-0.0082,0.0854,0.7707,2.106,,,,,,,
27,Left,24,0.0000,0.0000,0.0203,0.6117,0.0384,-0.0027,0.7902,2.106,,,,,,,
27,Left,25,0.0002,0.0012,0.0219,0.0000,0.0000,0.0000,1.0000,2.106,,,,,,,
27,Right,0,-0.0029,-0.0048,0.0647,0.0000,0.0000,0.0000,1.0000,2.106,,,,,,,
27,Right,1,0.0000,0.0000,0.0000,0.0000,0.0000,0.0000,1.0000,2.106,-0.0231,0.0479,0.0222,0.6381,-0.0719,-0.0731,0.7631
27,Right,2,-0.0312,-0.0141,0.0335,-0.1613,-0.3208,0.5183,0.7762,2.106,,,,,,,
27,Right,3,0.0000,0.0000,0.0325,0.3016,0.0418,-0.0800,0.9492,2.106,,,,,,,
27,Right,4,0.0000,0.0000,0.0338,0.1060,-0.0513,0.0794,0.9899,2.106,,,,,,,
27,Right,5,0.0007,0.0010,0.0246,0.0000,0.0000,0.0000,1.0000,2.106,,,,,,,
27,Right,6,-0.0203,-0.0085,0.0360,0.0000,0.0000,0.0000,1.0000,2.106,,,,,,,
27,Right,7,-0.0032,0.0012,0.0600,0.0163,0.0615,0.0319,0.9975,2.106,,,,,,,
27,Right,8,0.0000,0.0000,0.0379,0.0875,0.0049,-0.0262,0.9958,2.106,,,,,,,
27,Right,9,0.0000,0.0000,0.0243,0.0433,0.0253,-0.0166,0.9986,2.106,,,,,,,
27,Right,10,0.0003,0.0010,0.0224,0.0000,0.0000,0.0000,1.0000,2.106,,,,,,,
27,Right,11,-0.0041,-0.0072,0.0338,0.0000,0.0000,0.0000,1.0000,2.106,,,,,,,
27,Right,12,0.0024,0.0046,0.0619,0.0933,0.1055,-0.0137,0.9899,2.106,,,,,,,
27,Right,13,0.0000,0.0000,0.0429,0.0856,0.0034,-0.0118,0.9963,2.106,,,,,,,
27,Right,14,0.0000,0.0000,0.0275,-0.0028,0.0007,-0.0434,0.9991,2.106,,,,,,,
27,Right,15,0.0003,0.0011,0.0250,0.0000,0.0000,0.0000,1.0000,2.106,,,,,,,
27,Right,16,0.0150,-0.0060,0.0348,0.0000,0.0000,0.0000,1.0000,2.106,,,,,,,
27,Right,17,0.0025,-0.0005,0.0539,0.0648,0.1271,-0.0549,0.9882,2.106,,,,,,,
27,Right,18,0.0000,0.0000,0.0390,0.0884,0.0000,-0.0356,0.9955,2.106,,,,,,,
27,Right,19,0.0000,0.0000,0.0266,0.0323,-0.0294,-0.0062,0.9990,2.106,,,,,,,
27,Right,20,0.0003,0.0016,0.0243,0.0000,0.0000,0.0000,1.0000,2.106,,,,,,,
27,Right,21,0.0230,-0.0094,0.0341,0.0183,0.1403,-0.2070,0.9681,2.106,,,,,,,
27,Right,22,0.0000,0.0000,0.0457,-0.0429,0.0390,0.0965,0.9936,2.106,,,,,,,
27,Right,23,0.0000,0.0000,0.0307,0.1285,0.0371,-0.0497,0.9898,2.106,,,,,,,
27,Right,24,0.0000,0.0000,0.0203,-0.0104,-0.0492,0.0007,0.9987,2.106,,,,,,,
27,Right,25,-0.0002,0.0012,0.0219,0.0000,0.0000,0.0000,1.0000,2.106,,,,,,,
28,Left,0,0.0017,-0.0057,0.0655,0.0000,0.0000,0.0000,1.0000,2.177,,,,,,,
28,Left,1,0.0000,0.0000,0.0000,0.0000,0.0000,0.0000,1.0000,2.177,-0.5727,0.2281,-0.0116,-0.7096,0.4650,-0.1661,-0.5027
28,Left,2,0.0264,-0.0209,0.0367,-0.0113,0.3160,-0.6534,0.6878,2.177,,,,,,,
28,Left,3,0.0000,0.0000,0.0325,0.2735,-0.0447,0.0806,0.9574,2.177,,,,,,,
28,Left,4,0.0000,0.0000,0.0338,0.1953,0.0431,-0.0762,0.9768,2.177,,,,,,,
28,Left,5,-0.0007,0.0010,0.0246,0.0000,0.0000,0.0000,1.0000,2.177,,,,,,,
28,Left,6,0.0179,-0.0119,0.0376,0.0000,0.0000,0.0000,1.0000,2.177,,,,,,,
28,Left,7,0.0056,0.0046,0.0584,0.4398,-0.0956,-0.0045,0.8930,2.177,,,,,,,
28,Left,8,0.0000,0.0000,0.0379,0.7328,0.0140,0.0214,0.6800,2.177,,,,,,,
28,Left,9,0.0000,0.0000,0.0243,0.5397,-0.0130,0.0165,0.8416,2.177,,,,,,,
28,Left,10,-0.0003,0.0010,0.0224,0.0000,0.0000,0.0000,1.0000,2.177,,,,,,,
28,Left,11,0.0017,-0.0088,0.0354,0.0000,0.0000,0.0000,1.0000,2.177,,,,,,,
28,Left,12,0.0000,0.0063,0.0602,0.5485,-0.0970,0.0656,0.8279,2.177,,,,,,,
28,Left,13,0.0000,0.0000,0.0429,0.7003,0.0048,0.0125,0.7137,2.177,,,,,,,
28,Left,14,0.0000,0.0000,0.0275,0.5503,0.0236,0.0903,0.8298,2.177,,,,,,,
28,Left,15,-0.0003,0.0011,0.0250,0.0000,0.0000,0.0000,1.0000,2.177,,,,,,,
28,Left,16,-0.0150,-0.0060,0.0348,0.0000,0.0000,0.0000,1.0000,2.177,,,,,,,
28,Left,17,-0.0025,-0.0005,0.0539,0.5865,-0.0673,0.1034,0.8005,2.177,,,,,,,
28,Left,18,0.0000,0.0000,0.0390,0.6938,0.0211,0.0416,0.7187,2.177,,,,,,,
28,Left,19,0.0000,0.0000,0.0266,0.5539,0.0270,0.0299,0.8316,2.177,,,,,,,
28,Left,20,-0.0003,0.0016,0.0243,0.0000,0.0000,0.0000,1.0000,2.177,,,,,,,
28,Left,21,-0.0230,-0.0094,0.0341,0.0183,-0.1403,0.2070,0.9681,2.177,,,,,,,
28,Left,22,0.0000,0.0000,0.0457,0.5456,-0.0460,-0.0541,0.8351,2.177,,,,,,,
28,Left,23,0.0000,0.0000,0.0307,0.6327,-0.0081,0.0855,0.7696,2.177,,,,,,,
28,Left,24,0.0000,0.0000,0.0203,0.6130,0.0384,-0.0027,0.7891,2.177,,,,,,,
28,Left,25,0.0002,0.0012,0.0219,0.0000,0.0000,0.0000,1.0000,2.177,,,,,,,
28,Right,0,-0.0029,-0.0048,0.0647,0.0000,0.0000,0.0000,1.0000,2.177,,,,,,,
28,Right,1,0.0000,0.0000,0.0000,0.0000,0.0000,0.0000,1.0000,2.177,-0.0223,0.0486,0.0209,0.6376,-0.0717,-0.0728,0.7636
28,Right,2,-0.0312,-0.0141,0.0335,-0.1611,-0.3207,0.5185,0.7761,2.177,,,,,,,
28,Right,3,0.0000,0.0000,0.0325,0.3018,0.0418,-0.0800,0.9491,2.177,,,,,,,
28,Right,4,0.0000,0.0000,0.0338,0.1040,-0.0514,0.0795,0.9901,2.177,,,,,,,
28,Right,5,0.0007,0.0010,0.0246,0.0000,0.0000,0.0000,1.0000,2.177,,,,,,,
28,Right,6,-0.0203,-0.0085,0.0360,0.0000,0.0000,0.0000,1.0000,2.177,,,,,,,
28,Right,7,-0.0032,0.0012,0.0600,0.0178,0.0621,0.0319,0.9974,2.177,,,,,,,
28,Right,8,0.0000,0.0000,0.0379,0.0876,0.0049,-0.0262,0.9958,2.177,,,,,,,
28,Right,9,0.0000,0.0000,0.0243,0.0432,0.0253,-0.0166,0.9986,2.177,,,,,,,
28,Right,10,0.0003,0.0010,0.0224,0.0000,0.0000,0.0000,1.0000,2.177,,,,,,,
28,Right,11,-0.0041,-0.0072,0.0338,0.0000,0.0000,0.0000,1.0000,2.177,,,,,,,
28,Right,12,0.0024,0.0046,0.0618,0.0948,0.1058,-0.0138,0.9898,2.177,,,,,,,
28,Right,13,0.0000,0.0000,0.0429,0.0856,0.0034,-0.0118,0.9963,2.177,,,,,,,
28,Right,14,0.0000,0.0000,0.0275,-0.0027,0.0007,-0.0434,0.9991,2.177,,,,,,,
28,Right,15,0.0003,0.0011,0.0250,0.0000,0.0000,0.0000,1.0000,2.177,,,,,,,
28,Right,16,0.0150,-0.0060,0.0348,0.0000,0.0000,0.0000,1.0000,2.177,,,,,,,
28,Right,17,0.0025,-0.0005,0.0539,0.0661,0.1268,-0.0550,0.9882,2.177,,,,,,,
28,Right,18,0.0000,0.0000,0.0390,0.0881,0.0000,-0.0356,0.9955,2.177,,,,,,,
28,Right,19,0.0000,0.0000,0.0266,0.0322,-0.0294,-0.0062,0.9990,2.177,,,,,,,
28,Right,20,0.0003,0.0016,0.0243,0.0000,0.0000,0.0000,1.0000,2.177,,,,,,,
28,Right,21,0.0230,-0.0094,0.0341,0.0183,0.1403,-0.2070,0.9681,2.177,,,,,,,
28,Right,22,0.0000,0.0000,0.0457,-0.0426,0.0389,0.0965,0.9937,2.177,,,,,,,
28,Right,23,0.0000,0.0000,0.0307,0.1273,0.0371,-0.0497,0.9899,2.177,,,,,,,
28,Right,24,0.0000,0.0000,0.0203,-0.0103,-0.0492,0.0007,0.9987,2.177,,,,,,,
28,Right,25,-0.0002,0.0012,0.0219,0.0000,0.0000,0.0000,1.0000,2.177,,,,,,,
29,Left,0,0.0017,-0.0057,0.0655,0.0000,0.0000,0.0000,1.0000,2.277,,,,,,,
29,Left,1,0.0000,0.0000,0.0000,0.0000,0.0000,0.0000,1.0000,2.277,-0.5716,0.2318,-0.0163,-0.7085,0.4708,-0.1642,-0.4995
29,Left,2,0.0264,-0.0209,0.0368,-0.0110,0.3151,-0.6541,0.6875,2.277,,,,,,,
29,Left,3,0.0000,0.0000,0.0325,0.2746,-0.0446,0.0806,0.9571,2.277,,,,,,,
29,Left,4,0.0000,0.0000,0.0338,0.1957,0.0430,-0.0762,0.9767,2.277,,,,,,,
29,Left,5,-0.0007,0.0010,0.0246,0.0000,0.0000,0.0000,1.0000,2.277,,,,,,,
29,Left,6,0.0179,-0.0119,0.0376,0.0000,0.0000,0.0000,1.0000,2.277,,,,,,,
29,Left,7,0.0057,0.0046,0.0584,0.4371,-0.0955,-0.0047,0.8943,2.277,,,,,,,
29,Left,8,0.0000,0.0000,0.0379,0.7317,0.0140,0.0214,0.6811,2.277,,,,,,,
29,Left,9,0.0000,0.0000,0.0243,0.5385,-0.0131,0.0165,0.8424,2.277,,,,,,,
29,Left,10,-0.0003,0.0010,0.0224,0.0000,0.0000,0.0000,1.0000,2.277,,,,,,,
29,Left,11,0.0017,-0.0089,0.0354,0.0000,0.0000,0.0000,1.0000,2.277,,,,,,,
29,Left,12,0.0000,0.0063,0.0602,0.5478,-0.0962,0.0650,0.8285,2.277,,,,,,,
29,Left,13,0.0000,0.0000,0.0429,0.6982,0.0047,0.0125,0.7157,2.277,,,,,,,
29,Left,14,0.0000,0.0000,0.0275,0.5491,0.0235,0.0902,0.8305,2.277,,,,,,,
29,Left,15,-0.0003,0.0011,0.0250,0.0000,0.0000,0.0000,1.0000,2.277,,,,,,,
29,Left,16,-0.0150,-0.0060,0.0348,0.0000,0.0000,0.0000,1.0000,2.277,,,,,,,
29,Left,17,-0.0025,-0.0005,0.0539,0.5878,-0.0670,0.1034,0.7996,2.277,,,,,,,
29,Left,18,0.0000,0.0000,0.0390,0.6924,0.0210,0.0416,0.7201,2.277,,,,,,,
29,Left,19,0.0000,0.0000,0.0266,0.5542,0.0270,0.0299,0.8314,2.277,,,,,,,
29,Left,20,-0.0003,0.0016,0.0243,0.0000,0.0000,0.0000,1.0000,2.277,,,,,,,
29,Left,21,-0.0230,-0.0094,0.0341,0.0183,-0.1403,0.2070,0.9681,2.277,,,,,,,
29,Left,22,0.0000,0.0000,0.0457,0.5491,-0.0457,-0.0541,0.8327,2.277,,,,,,,
29,Left,23,0.0000,0.0000,0.0307,0.6316,-0.0082,0.0854,0.7705,2.277,,,,,,,
29,Left,24,0.0000,0.0000,0.0203,0.6131,0.0384,-0.0027,0.7891,2.277,,,,,,,
29,Left,25,0.0002,0.0012,0.0219,0.0000,0.0000,0.0000,1.0000,2.277,,,,,,,
29,Right,0,-0.0029,-0.0049,0.0647,0.0000,0.0000,0.0000,1.0000,2.277,,,,,,,
29,Right,1,0.0000,0.0000,0.0000,0.0000,0.0000,0.0000,1.0000,2.277,-0.0210,0.0498,0.0203,0.6382,-0.0712,-0.0722,0.7631
29,Right,2,-0.0312,-0.0141,0.0335,-0.1607,-0.3209,0.5190,0.7758,2.277,,,,,,,
29,Right,3,0.0000,0.0000,0.0325,0.3026,0.0417,-0.0800,0.9488,2.277,,,,,,,
29,Right,4,0.0000,0.0000,0.0338,0.1008,-0.0518,0.0796,0.9904,2.277,,,,,,,
29,Right,5,0.0007,0.0010,0.0246,0.0000,0.0000,0.0000,1.0000,2.277,,,,,,,
29,Right,6,-0.0203,-0.0085,0.0360,0.0000,0.0000,0.0000,1.0000,2.277,,,,,,,
29,Right,7,-0.0032,0.0012,0.0600,0.0189,0.0621,0.0319,0.9974,2.277,,,,,,,
29,Right,8,0.0000,0.0000,0.0379,0.0872,0.0049,-0.0262,0.9958,2.277,,,,,,,
29,Right,9,0.0000,0.0000,0.0243,0.0433,0.0253,-0.0166,0.9986,2.277,,,,,,,
29,Right,10,0.0003,0.0010,0.0224,0.0000,0.0000,0.0000,1.0000,2.277,,,,,,,
29,Right,11,-0.0041,-0.0072,0.0338,0.0000,0.0000,0.0000,1.0000,2.277,,,,,,,
29,Right,12,0.0024,0.0046,0.0618,0.0961,0.1057,-0.0140,0.9896,2.277,,,,,,,
29,Right,13,0.0000,0.0000,0.0429,0.0852,0.0034,-0.0117,0.9963,2.277,,,,,,,
29,Right,14,0.0000,0.0000,0.0275,-0.0023,0.0007,-0.0434,0.9991,2.277,,,,,,,
29,Right,15,0.0003,0.0011,0.0250,0.0000,0.0000,0.0000,1.0000,2.277,,,,,,,
29,Right,16,0.0150,-0.0060,0.0348,0.0000,0.0000,0.0000,1.0000,2.277,,,,,,,
29,Right,17,0.0025,-0.0005,0.0539,0.0672,0.1262,-0.0552,0.9882,2.277,,,,,,,
29,Right,18,0.0000,0.0000,0.0390,0.0877,0.0000,-0.0356,0.9955,2.277,,,,,,,
29,Right,19,0.0000,0.0000,0.0266,0.0321,-0.0294,-0.0062,0.9990,2.277,,,,,,,
29,Right,20,0.0003,0.0016,0.0243,0.0000,0.0000,0.0000,1.0000,2.277,,,,,,,
29,Right,21,0.0230,-0.0094,0.0341,0.0183,0.1403,-0.2070,0.9681,2.277,,,,,,,
29,Right,22,0.0000,0.0000,0.0457,-0.0413,0.0379,0.0963,0.9938,2.277,,,,,,,
29,Right,23,0.0000,0.0000,0.0307,0.1253,0.0372,-0.0495,0.9902,2.277,,,,,,,
29,Right,24,0.0000,0.0000,0.0203,-0.0101,-0.0492,0.0007,0.9987,2.277,,,,,,,
29,Right,25,-0.0002,0.0012,0.0219,0.0000,0.0000,0.0000,1.0000,2.277,,,,,,,
30,Left,0,0.0017,-0.0057,0.0655,0.0000,0.0000,0.0000,1.0000,2.336,,,,,,,
30,Left,1,0.0000,0.0000,0.0000,0.0000,0.0000,0.0000,1.0000,2.336,-0.5702,0.2368,-0.0196,-0.7097,0.4731,-0.1612,-0.4965
30,Left,2,0.0263,-0.0209,0.0368,-0.0118,0.3138,-0.6542,0.6880,2.336,,,,,,,
30,Left,3,0.0000,0.0000,0.0325,0.2749,-0.0446,0.0806,0.9570,2.336,,,,,,,
30,Left,4,0.0000,0.0000,0.0338,0.1968,0.0429,-0.0762,0.9765,2.336,,,,,,,
30,Left,5,-0.0007,0.0010,0.0246,0.0000,0.0000,0.0000,1.0000,2.336,,,,,,,
30,Left,6,0.0179,-0.0119,0.0376,0.0000,0.0000,0.0000,1.0000,2.336,,,,,,,
30,Left,7,0.0057,0.0046,0.0584,0.4364,-0.0959,-0.0046,0.8946,2.336,,,,,,,
30,Left,8,0.0000,0.0000,0.0379,0.7320,0.0140,0.0214,0.6808,2.336,,,,,,,
30,Left,9,0.0000,0.0000,0.0243,0.5378,-0.0131,0.0165,0.8428,2.336,,,,,,,
30,Left,10,-0.0003,0.0010,0.0224,0.0000,0.0000,0.0000,1.0000,2.336,,,,,,,
30,Left,11,0.0017,-0.0089,0.0354,0.0000,0.0000,0.0000,1.0000,2.336,,,,,,,
30,Left,12,0.0001,0.0063,0.0602,0.5477,-0.0954,0.0645,0.8287,2.336,,,,,,,
30,Left,13,0.0000,0.0000,0.0429,0.6969,0.0047,0.0125,0.7171,2.336,,,,,,,
30,Left,14,0.0000,0.0000,0.0276,0.5475,0.0234,0.0901,0.8316,2.336,,,,,,,
30,Left,15,-0.0003,0.0011,0.0250,0.0000,0.0000,0.0000,1.0000,2.336,,,,,,,
30,Left,16,-0.0150,-0.0060,0.0348,0.0000,0.0000,0.0000,1.0000,2.336,,,,,,,
30,Left,17,-0.0025,-0.0005,0.0539,0.5895,-0.0661,0.1031,0.7984,2.336,,,,,,,
30,Left,18,0.0000,0.0000,0.0390,0.6908,0.0210,0.0417,0.7216,2.336,,,,,,,
30,Left,19,0.0000,0.0000,0.0266,0.5542,0.0270,0.0299,0.8314,2.336,,,,,,,
30,Left,20,-0.0003,0.0016,0.0243,0.0000,0.0000,0.0000,1.0000,2.336,,,,,,,
30,Left,21,-0.0230,-0.0094,0.0341,0.0183,-0.1403,0.2070,0.9681,2.336,,,,,,,
30,Left,22,0.0000,0.0000,0.0457,0.5578,-0.0453,-0.0541,0.8270,2.336,,,,,,,
30,Left,23,0.0000,0.0000,0.0307,0.6302,-0.0083,0.0853,0.7717,2.336,,,,,,,
30,Left,24,0.0000,0.0000,0.0203,0.6124,0.0384,-0.0027,0.7896,2.336,,,,,,,
30,Left,25,0.0002,0.0012,0.0219,0.0000,0.0000,0.0000,1.0000,2.336,,,,,,,
30,Right,0,-0.0029,-0.0048,0.0647,0.0000,0.0000,0.0000,1.0000,2.336,,,,,,,
30,Right,1,0.0000,0.0000,0.0000,0.0000,0.0000,0.0000,1.0000,2.336,-0.0209,0.0506,0.0201,0.6384,-0.0710,-0.0717,0.7631
30,Right,2,-0.0312,-0.0141,0.0335,-0.1608,-0.3212,0.5187,0.7759,2.336,,,,,,,
30,Right,3,0.0000,0.0000,0.0325,0.3030,0.0416,-0.0799,0.9487,2.336,,,,,,,
30,Right,4,0.0000,0.0000,0.0338,0.0998,-0.0518,0.0796,0.9905,2.336,,,,,,,
30,Right,5,0.0007,0.0010,0.0246,0.0000,0.0000,0.0000,1.0000,2.336,,,,,,,
30,Right,6,-0.0203,-0.0085,0.0360,0.0000,0.0000,0.0000,1.0000,2.336,,,,,,,
30,Right,7,-0.0032,0.0012,0.0600,0.0196,0.0621,0.0318,0.9974,2.336,,,,,,,
30,Right,8,0.0000,0.0000,0.0379,0.0865,0.0049,-0.0262,0.9959,2.336,,,,,,,
30,Right,9,0.0000,0.0000,0.0243,0.0432,0.0253,-0.0166,0.9986,2.336,,,,,,,
30,Right,10,0.0003,0.0010,0.0224,0.0000,0.0000,0.0000,1.0000,2.336,,,,,,,
30,Right,11,-0.0041,-0.0072,0.0338,0.0000,0.0000,0.0000,1.0000,2.336,,,,,,,
30,Right,12,0.0024,0.0046,0.0618,0.0967,0.1054,-0.0140,0.9896,2.336,,,,,,,
30,Right,13,0.0000,0.0000,0.0429,0.0848,0.0034,-0.0117,0.9963,2.336,,,,,,,
30,Right,14,0.0000,0.0000,0.0275,-0.0023,0.0007,-0.0434,0.9991,2.336,,,,,,,
30,Right,15,0.0003,0.0011,0.0250,0.0000,0.0000,0.0000,1.0000,2.336,,,,,,,
30,Right,16,0.0150,-0.0060,0.0348,0.0000,0.0000,0.0000,1.0000,2.336,,,,,,,
30,Right,17,0.0025,-0.0005,0.0539,0.0679,0.1262,-0.0553,0.9881,2.336,,,,,,,
30,Right,18,0.0000,0.0000,0.0390,0.0874,0.0000,-0.0356,0.9955,2.336,,,,,,,
30,Right,19,0.0000,0.0000,0.0266,0.0323,-0.0294,-0.0062,0.9990,2.336,,,,,,,
30,Right,20,0.0003,0.0016,0.0243,0.0000,0.0000,0.0000,1.0000,2.336,,,,,,,
30,Right,21,0.0230,-0.0094,0.0341,0.0183,0.1403,-0.2070,0.9681,2.336,,,,,,,
30,Right,22,0.0000,0.0000,0.0457,-0.0406,0.0375,0.0962,0.9938,2.336,,,,,,,
30,Right,23,0.0000,0.0000,0.0307,0.1244,0.0372,-0.0494,0.9903,2.336,,,,,,,
30,Right,24,0.0000,0.0000,0.0203,-0.0098,-0.0492,0.0007,0.9987,2.336,,,,,,,
30,Right,25,-0.0002,0.0012,0.0219,0.0000,0.0000,0.0000,1.0000,2.336,,,,,,,
31,Left,0,0.0017,-0.0057,0.0655,0.0000,0.0000,0.0000,1.0000,2.404,,,,,,,
31,Left,1,0.0000,0.0000,0.0000,0.0000,0.0000,0.0000,1.0000,2.404,-0.5701,0.2410,-0.0241,-0.7115,0.4771,-0.1582,-0.4911
31,Left,2,0.0263,-0.0209,0.0368,-0.0141,0.3114,-0.6539,0.6893,2.404,,,,,,,
31,Left,3,0.0000,0.0000,0.0325,0.2773,-0.0443,0.0805,0.9564,2.404,,,,,,,
31,Left,4,0.0000,0.0000,0.0338,0.1982,0.0428,-0.0761,0.9763,2.404,,,,,,,
31,Left,5,-0.0007,0.0010,0.0246,0.0000,0.0000,0.0000,1.0000,2.404,,,,,,,
31,Left,6,0.0179,-0.0119,0.0376,0.0000,0.0000,0.0000,1.0000,2.404,,,,,,,
31,Left,7,0.0057,0.0046,0.0584,0.4350,-0.0954,-0.0049,0.8954,2.404,,,,,,,
31,Left,8,0.0000,0.0000,0.0379,0.7323,0.0140,0.0214,0.6805,2.404,,,,,,,
31,Left,9,0.0000,0.0000,0.0243,0.5374,-0.0131,0.0165,0.8431,2.404,,,,,,,
31,Left,10,-0.0003,0.0010,0.0224,0.0000,0.0000,0.0000,1.0000,2.404,,,,,,,
31,Left,11,0.0017,-0.0089,0.0354,0.0000,0.0000,0.0000,1.0000,2.404,,,,,,,
31,Left,12,0.0001,0.0063,0.0602,0.5484,-0.0957,0.0648,0.8282,2.404,,,,,,,
31,Left,13,0.0000,0.0000,0.0429,0.6960,0.0047,0.0126,0.7179,2.404,,,,,,,
31,Left,14,0.0000,0.0000,0.0275,0.5470,0.0234,0.0900,0.8320,2.404,,,,,,,
31,Left,15,-0.0003,0.0011,0.0250,0.0000,0.0000,0.0000,1.0000,2.404,,,,,,,
31,Left,16,-0.0150,-0.0060,0.0348,0.0000,0.0000,0.0000,1.0000,2.404,,,,,,,
31,Left,17,-0.0025,-0.0005,0.0539,0.6001,-0.0645,0.1038,0.7905,2.404,,,,,,,
31,Left,18,0.0000,0.0000,0.0390,0.6895,0.0209,0.0417,0.7228,2.404,,,,,,,
31,Left,19,0.0000,0.0000,0.0266,0.5544,0.0270,0.0299,0.8313,2.404,,,,,,,
31,Left,20,-0.0003,0.0016,0.0243,0.0000,0.0000,0.0000,1.0000,2.404,,,,,,,
31,Left,21,-0.0230,-0.0094,0.0341,0.0183,-0.1403,0.2070,0.9681,2.404,,,,,,,
31,Left,22,0.0000,0.0000,0.0457,0.5801,-0.0460,-0.0527,0.8115,2.404,,,,,,,
31,Left,23,0.0000,0.0000,0.0307,0.6299,-0.0083,0.0853,0.7719,2.404,,,,,,,
31,Left,24,0.0000,0.0000,0.0203,0.6121,0.0384,-0.0027,0.7898,2.404,,,,,,,
31,Left,25,0.0002,0.0012,0.0219,0.0000,0.0000,0.0000,1.0000,2.404,,,,,,,
31,Right,0,-0.0029,-0.0048,0.0647,0.0000,0.0000,0.0000,1.0000,2.404,,,,,,,
31,Right,1,0.0000,0.0000,0.0000,0.0000,0.0000,0.0000,1.0000,2.404,-0.0207,0.0518,0.0195,0.6384,-0.0704,-0.0716,0.7631
31,Right,2,-0.0312,-0.0141,0.0335,-0.1608,-0.3211,0.5187,0.7759,2.404,,,,,,,
31,Right,3,0.0000,0.0000,0.0325,0.3032,0.0416,-0.0799,0.9486,2.404,,,,,,,
31,Right,4,0.0000,0.0000,0.0338,0.0987,-0.0519,0.0796,0.9906,2.404,,,,,,,
31,Right,5,0.0007,0.0010,0.0246,0.0000,0.0000,0.0000,1.0000,2.404,,,,,,,
31,Right,6,-0.0203,-0.0085,0.0360,0.0000,0.0000,0.0000,1.0000,2.404,,,,,,,
31,Right,7,-0.0032,0.0012,0.0600,0.0199,0.0625,0.0319,0.9973,2.404,,,,,,,
31,Right,8,0.0000,0.0000,0.0379,0.0860,0.0050,-0.0262,0.9959,2.404,,,,,,,
31,Right,9,0.0000,0.0000,0.0243,0.0433,0.0253,-0.0166,0.9986,2.404,,,,,,,
31,Right,10,0.0003,0.0010,0.0224,0.0000,0.0000,0.0000,1.0000,2.404,,,,,,,
31,Right,11,-0.0041,-0.0072,0.0338,0.0000,0.0000,0.0000,1.0000,2.404,,,,,,,
31,Right,12,0.0024,0.0046,0.0618,0.0970,0.1056,-0.0140,0.9896,2.404,,,,,,,
31,Right,13,0.0000,0.0000,0.0429,0.0844,0.0034,-0.0117,0.9964,2.404,,,,,,,
31,Right,14,0.0000,0.0000,0.0275,-0.0020,0.0006,-0.0434,0.9991,2.404,,,,,,,
31,Right,15,0.0003,0.0011,0.0250,0.0000,0.0000,0.0000,1.0000,2.404,,,,,,,
31,Right,16,0.0150,-0.0060,0.0348,0.0000,0.0000,0.0000,1.0000,2.404,,,,,,,
31,Right,17,0.0025,-0.0005,0.0539,0.0684,0.1262,-0.0554,0.9881,2.404,,,,,,,
31,Right,18,0.0000,0.0000,0.0390,0.0871,0.0000,-0.0356,0.9956,2.404,,,,,,,
31,Right,19,0.0000,0.0000,0.0266,0.0325,-0.0294,-0.0062,0.9990,2.404,,,,,,,
31,Right,20,0.0003,0.0016,0.0243,0.0000,0.0000,0.0000,1.0000,2.404,,,,,,,
31,Right,21,0.0230,-0.0094,0.0341,0.0183,0.1403,-0.2070,0.9681,2.404,,,,,,,
31,Right,22,0.0000,0.0000,0.0457,-0.0402,0.0367,0.0961,0.9939,2.404,,,,,,,
31,Right,23,0.0000,0.0000,0.0307,0.1235,0.0373,-0.0493,0.9904,2.404,,,,,,,
31,Right,24,0.0000,0.0000,0.0203,-0.0097,-0.0492,0.0007,0.9987,2.404,,,,,,,
31,Right,25,-0.0002,0.0012,0.0219,0.0000,0.0000,0.0000,1.0000,2.404,,,,,,,
32,Left,0,0.0017,-0.0057,0.0655,0.0000,0.0000,0.0000,1.0000,2.491,,,,,,,
32,Left,1,0.0000,0.0000,0.0000,0.0000,0.0000,0.0000,1.0000,2.491,-0.5677,0.2459,-0.0234,-0.7171,0.4804,-0.1547,-0.4807
32,Left,2,0.0264,-0.0209,0.0367,-0.0157,0.3106,-0.6533,0.6903,2.491,,,,,,,
32,Left,3,0.0000,0.0000,0.0325,0.2809,-0.0439,0.0805,0.9553,2.491,,,,,,,
32,Left,4,0.0000,0.0000,0.0338,0.2229,0.0404,-0.0751,0.9711,2.491,,,,,,,
32,Left,5,-0.0007,0.0010,0.0246,0.0000,0.0000,0.0000,1.0000,2.491,,,,,,,
32,Left,6,0.0179,-0.0119,0.0376,0.0000,0.0000,0.0000,1.0000,2.491,,,,,,,
32,Left,7,0.0056,0.0046,0.0584,0.4331,-0.0960,-0.0048,0.8962,2.491,,,,,,,
32,Left,8,0.0000,0.0000,0.0379,0.7340,0.0141,0.0213,0.6787,2.491,,,,,,,
32,Left,9,0.0000,0.0000,0.0243,0.5393,-0.0130,0.0165,0.8419,2.491,,,,,,,
32,Left,10,-0.0003,0.0010,0.0224,0.0000,0.0000,0.0000,1.0000,2.491,,,,,,,
32,Left,11,0.0017,-0.0089,0.0354,0.0000,0.0000,0.0000,1.0000,2.491,,,,,,,
32,Left,12,0.0000,0.0063,0.0602,0.5483,-0.0960,0.0649,0.8282,2.491,,,,,,,
32,Left,13,0.0000,0.0000,0.0429,0.6967,0.0047,0.0125,0.7173,2.491,,,,,,,
32,Left,14,0.0000,0.0000,0.0275,0.5485,0.0235,0.0902,0.8309,2.491,,,,,,,
32,Left,15,-0.0003,0.0011,0.0250,0.0000,0.0000,0.0000,1.0000,2.491,,,,,,,
32,Left,16,-0.0150,-0.0060,0.0348,0.0000,0.0000,0.0000,1.0000,2.491,,,,,,,
32,Left,17,-0.0025,-0.0005,0.0539,0.6023,-0.0640,0.1038,0.7889,2.491,,,,,,,
32,Left,18,0.0000,0.0000,0.0390,0.6891,0.0209,0.0417,0.7232,2.491,,,,,,,
32,Left,19,0.0000,0.0000,0.0266,0.5562,0.0269,0.0300,0.8301,2.491,,,,,,,
32,Left,20,-0.0003,0.0016,0.0243,0.0000,0.0000,0.0000,1.0000,2.491,,,,,,,
32,Left,21,-0.0230,-0.0094,0.0341,0.0183,-0.1403,0.2070,0.9681,2.491,,,,,,,
32,Left,22,0.0000,0.0000,0.0457,0.5814,-0.0456,-0.0529,0.8106,2.491,,,,,,,
32,Left,23,0.0000,0.0000,0.0307,0.6301,-0.0083,0.0853,0.7717,2.491,,,,,,,
32,Left,24,0.0000,0.0000,0.0203,0.6134,0.0384,-0.0027,0.7888,2.491,,,,,,,
32,Left,25,0.0002,0.0012,0.0219,0.0000,0.0000,0.0000,1.0000,2.491,,,,,,,
32,Right,0,-0.0029,-0.0048,0.0647,0.0000,0.0000,0.0000,1.0000,2.491,,,,,,,
32,Right,1,0.0000,0.0000,0.0000,0.0000,0.0000,0.0000,1.0000,2.491,-0.0201,0.0530,0.0193,0.6399,-0.0703,-0.0712,0.7619
32,Right,2,-0.0312,-0.0141,0.0335,-0.1606,-0.3218,0.5187,0.7756,2.491,,,,,,,
32,Right,3,0.0000,0.0000,0.0325,0.3037,0.0416,-0.0799,0.9485,2.491,,,,,,,
32,Right,4,0.0000,0.0000,0.0338,0.0971,-0.0520,0.0797,0.9907,2.491,,,,,,,
32,Right,5,0.0007,0.0010,0.0246,0.0000,0.0000,0.0000,1.0000,2.491,,,,,,,
32,Right,6,-0.0203,-0.0085,0.0360,0.0000,0.0000,0.0000,1.0000,2.491,,,,,,,
32,Right,7,-0.0032,0.0012,0.0600,0.0195,0.0625,0.0319,0.9973,2.491,,,,,,,
32,Right,8,0.0000,0.0000,0.0379,0.0854,0.0050,-0.0262,0.9960,2.491,,,,,,,
32,Right,9,0.0000,0.0000,0.0243,0.0436,0.0253,-0.0166,0.9986,2.491,,,,,,,
32,Right,10,0.0003,0.0010,0.0224,0.0000,0.0000,0.0000,1.0000,2.491,,,,,,,
32,Right,11,-0.0041,-0.0072,0.0338,0.0000,0.0000,0.0000,1.0000,2.491,,,,,,,
32,Right,12,0.0024,0.0046,0.0619,0.0969,0.1053,-0.0140,0.9896,2.491,,,,,,,
32,Right,13,0.0000,0.0000,0.0429,0.0842,0.0034,-0.0117,0.9964,2.491,,,,,,,
32,Right,14,0.0000,0.0000,0.0275,-0.0018,0.0006,-0.0434,0.9991,2.491,,,,,,,
32,Right,15,0.0003,0.0011,0.0250,0.0000,0.0000,0.0000,1.0000,2.491,,,,,,,
32,Right,16,0.0150,-0.0060,0.0348,0.0000,0.0000,0.0000,1.0000,2.491,,,,,,,
32,Right,17,0.0025,-0.0005,0.0539,0.0687,0.1258,-0.0554,0.9881,2.491,,,,,,,
32,Right,18,0.0000,0.0000,0.0390,0.0870,0.0001,-0.0356,0.9956,2.491,,,,,,,
32,Right,19,0.0000,0.0000,0.0266,0.0326,-0.0294,-0.0062,0.9990,2.491,,,,,,,
32,Right,20,0.0003,0.0016,0.0243,0.0000,0.0000,0.0000,1.0000,2.491,,,,,,,
32,Right,21,0.0230,-0.0094,0.0341,0.0183,0.1403,-0.2070,0.9681,2.491,,,,,,,
32,Right,22,0.0000,0.0000,0.0457,-0.0400,0.0357,0.0961,0.9939,2.491,,,,,,,
32,Right,23,0.0000,0.0000,0.0307,0.1223,0.0373,-0.0492,0.9906,2.491,,,,,,,
32,Right,24,0.0000,0.0000,0.0203,-0.0096,-0.0492,0.0007,0.9987,2.491,,,,,,,
32,Right,25,-0.0002,0.0012,0.0219,0.0000,0.0000,0.0000,1.0000,2.491,,,,,,,
33,Left,0,0.0017,-0.0057,0.0655,0.0000,0.0000,0.0000,1.0000,2.525,,,,,,,
33,Left,1,0.0000,0.0000,0.0000,0.0000,0.0000,0.0000,1.0000,2.525,-0.5646,0.2500,-0.0203,-0.7224,0.4768,-0.1526,-0.4771
33,Left,2,0.0265,-0.0208,0.0367,-0.0168,0.3107,-0.6524,0.6910,2.525,,,,,,,
33,Left,3,0.0000,0.0000,0.0325,0.2820,-0.0438,0.0804,0.9550,2.525,,,,,,,
33,Left,4,0.0000,0.0000,0.0338,0.2282,0.0399,-0.0748,0.9699,2.525,,,,,,,
33,Left,5,-0.0007,0.0010,0.0246,0.0000,0.0000,0.0000,1.0000,2.525,,,,,,,
33,Left,6,0.0179,-0.0119,0.0376,0.0000,0.0000,0.0000,1.0000,2.525,,,,,,,
33,Left,7,0.0056,0.0046,0.0584,0.4313,-0.0966,-0.0047,0.8970,2.525,,,,,,,
33,Left,8,0.0000,0.0000,0.0379,0.7339,0.0141,0.0213,0.6787,2.525,,,,,,,
33,Left,9,0.0000,0.0000,0.0243,0.5399,-0.0130,0.0165,0.8415,2.525,,,,,,,
33,Left,10,-0.0003,0.0010,0.0224,0.0000,0.0000,0.0000,1.0000,2.525,,,,,,,
33,Left,11,0.0017,-0.0088,0.0354,0.0000,0.0000,0.0000,1.0000,2.525,,,,,,,
33,Left,12,0.0000,0.0063,0.0603,0.5476,-0.0963,0.0650,0.8286,2.525,,,,,,,
33,Left,13,0.0000,0.0000,0.0429,0.6971,0.0047,0.0125,0.7168,2.525,,,,,,,
33,Left,14,0.0000,0.0000,0.0275,0.5493,0.0235,0.0902,0.8304,2.525,,,,,,,
33,Left,15,-0.0003,0.0011,0.0250,0.0000,0.0000,0.0000,1.0000,2.525,,,,,,,
33,Left,16,-0.0150,-0.0060,0.0348,0.0000,0.0000,0.0000,1.0000,2.525,,,,,,,
33,Left,17,-0.0025,-0.0005,0.0539,0.6010,-0.0639,0.1035,0.7899,2.525,,,,,,,
33,Left,18,0.0000,0.0000,0.0390,0.6888,0.0209,0.0417,0.7234,2.525,,,,,,,
33,Left,19,0.0000,0.0000,0.0266,0.5571,0.0269,0.0300,0.8295,2.525,,,,,,,
33,Left,20,-0.0003,0.0016,0.0243,0.0000,0.0000,0.0000,1.0000,2.525,,,,,,,
33,Left,21,-0.0230,-0.0094,0.0341,0.0183,-0.1403,0.2070,0.9681,2.525,,,,,,,
33,Left,22,0.0000,0.0000,0.0457,0.5775,-0.0455,-0.0531,0.8134,2.525,,,,,,,
33,Left,23,0.0000,0.0000,0.0307,0.6291,-0.0084,0.0852,0.7726,2.525,,,,,,,
33,Left,24,0.0000,0.0000,0.0203,0.6140,0.0384,-0.0027,0.7884,2.525,,,,,,,
33,Left,25,0.0002,0.0012,0.0219,0.0000,0.0000,0.0000,1.0000,2.525,,,,,,,
33,Right,0,-0.0029,-0.0049,0.0647,0.0000,0.0000,0.0000,1.0000,2.525,,,,,,,
33,Right,1,0.0000,0.0000,0.0000,0.0000,0.0000,0.0000,1.0000,2.525,-0.0198,0.0535,0.0189,0.6403,-0.0703,-0.0710,0.7616
33,Right,2,-0.0312,-0.0141,0.0335,-0.1603,-0.3219,0.5190,0.7755,2.525,,,,,,,
33,Right,3,0.0000,0.0000,0.0325,0.3038,0.0416,-0.0799,0.9485,2.525,,,,,,,
33,Right,4,0.0000,0.0000,0.0338,0.0966,-0.0521,0.0797,0.9908,2.525,,,,,,,
33,Right,5,0.0007,0.0010,0.0246,0.0000,0.0000,0.0000,1.0000,2.525,,,,,,,
33,Right,6,-0.0203,-0.0085,0.0360,0.0000,0.0000,0.0000,1.0000,2.525,,,,,,,
33,Right,7,-0.0032,0.0012,0.0600,0.0194,0.0626,0.0319,0.9973,2.525,,,,,,,
33,Right,8,0.0000,0.0000,0.0379,0.0853,0.0050,-0.0262,0.9960,2.525,,,,,,,
33,Right,9,0.0000,0.0000,0.0243,0.0437,0.0253,-0.0167,0.9986,2.525,,,,,,,
33,Right,10,0.0003,0.0010,0.0224,0.0000,0.0000,0.0000,1.0000,2.525,,,,,,,
33,Right,11,-0.0041,-0.0072,0.0338,0.0000,0.0000,0.0000,1.0000,2.525,,,,,,,
33,Right,12,0.0024,0.0046,0.0618,0.0968,0.1052,-0.0140,0.9896,2.525,,,,,,,
33,Right,13,0.0000,0.0000,0.0429,0.0842,0.0034,-0.0117,0.9964,2.525,,,,,,,
33,Right,14,0.0000,0.0000,0.0275,-0.0017,0.0006,-0.0435,0.9991,2.525,,,,,,,
33,Right,15,0.0003,0.0011,0.0250,0.0000,0.0000,0.0000,1.0000,2.525,,,,,,,
33,Right,16,0.0150,-0.0060,0.0348,0.0000,0.0000,0.0000,1.0000,2.525,,,,,,,
33,Right,17,0.0025,-0.0005,0.0539,0.0688,0.1255,-0.0554,0.9882,2.525,,,,,,,
33,Right,18,0.0000,0.0000,0.0390,0.0869,0.0001,-0.0356,0.9956,2.525,,,,,,,
33,Right,19,0.0000,0.0000,0.0266,0.0326,-0.0294,-0.0062,0.9990,2.525,,,,,,,
33,Right,20,0.0003,0.0016,0.0243,0.0000,0.0000,0.0000,1.0000,2.525,,,,,,,
33,Right,21,0.0230,-0.0094,0.0341,0.0183,0.1403,-0.2070,0.9681,2.525,,,,,,,
33,Right,22,0.0000,0.0000,0.0457,-0.0398,0.0354,0.0960,0.9940,2.525,,,,,,,
33,Right,23,0.0000,0.0000,0.0307,0.1218,0.0374,-0.0492,0.9906,2.525,,,,,,,
33,Right,24,0.0000,0.0000,0.0203,-0.0095,-0.0492,0.0007,0.9987,2.525,,,,,,,
33,Right,25,-0.0002,0.0012,0.0219,0.0000,0.0000,0.0000,1.0000,2.525,,,,,,,
34,Left,0,0.0017,-0.0057,0.0655,0.0000,0.0000,0.0000,1.0000,2.554,,,,,,,
34,Left,1,0.0000,0.0000,0.0000,0.0000,0.0000,0.0000,1.0000,2.554,-0.5609,0.2540,-0.0174,-0.7275,0.4715,-0.1499,-0.4754
34,Left,2,0.0265,-0.0208,0.0367,-0.0181,0.3107,-0.6515,0.6919,2.554,,,,,,,
34,Left,3,0.0000,0.0000,0.0325,0.2828,-0.0438,0.0804,0.9548,2.554,,,,,,,
34,Left,4,0.0000,0.0000,0.0338,0.2300,0.0397,-0.0748,0.9695,2.554,,,,,,,
34,Left,5,-0.0007,0.0010,0.0246,0.0000,0.0000,0.0000,1.0000,2.554,,,,,,,
34,Left,6,0.0179,-0.0119,0.0376,0.0000,0.0000,0.0000,1.0000,2.554,,,,,,,
34,Left,7,0.0056,0.0046,0.0584,0.4270,-0.0973,-0.0048,0.8990,2.554,,,,,,,
34,Left,8,0.0000,0.0000,0.0379,0.7335,0.0141,0.0213,0.6792,2.554,,,,,,,
34,Left,9,0.0000,0.0000,0.0243,0.5401,-0.0130,0.0165,0.8413,2.554,,,,,,,
34,Left,10,-0.0003,0.0010,0.0224,0.0000,0.0000,0.0000,1.0000,2.554,,,,,,,
34,Left,11,0.0017,-0.0088,0.0354,0.0000,0.0000,0.0000,1.0000,2.554,,,,,,,
34,Left,12,0.0000,0.0063,0.0603,0.5469,-0.0966,0.0651,0.8290,2.554,,,,,,,
34,Left,13,0.0000,0.0000,0.0429,0.6975,0.0047,0.0125,0.7164,2.554,,,,,,,
34,Left,14,0.0000,0.0000,0.0275,0.5501,0.0235,0.0902,0.8299,2.554,,,,,,,
34,Left,15,-0.0003,0.0011,0.0250,0.0000,0.0000,0.0000,1.0000,2.554,,,,,,,
34,Left,16,-0.0150,-0.0060,0.0348,0.0000,0.0000,0.0000,1.0000,2.554,,,,,,,
34,Left,17,-0.0025,-0.0005,0.0539,0.5991,-0.0640,0.1033,0.7914,2.554,,,,,,,
34,Left,18,0.0000,0.0000,0.0390,0.6885,0.0209,0.0417,0.7237,2.554,,,,,,,
34,Left,19,0.0000,0.0000,0.0266,0.5578,0.0269,0.0300,0.8290,2.554,,,,,,,
34,Left,20,-0.0003,0.0016,0.0243,0.0000,0.0000,0.0000,1.0000,2.554,,,,,,,
34,Left,21,-0.0230,-0.0094,0.0341,0.0183,-0.1403,0.2070,0.9681,2.554,,,,,,,
34,Left,22,0.0000,0.0000,0.0457,0.5755,-0.0458,-0.0530,0.8148,2.554,,,,,,,
34,Left,23,0.0000,0.0000,0.0307,0.6273,-0.0085,0.0851,0.7741,2.554,,,,,,,
34,Left,24,0.0000,0.0000,0.0203,0.6144,0.0384,-0.0027,0.7881,2.554,,,,,,,
34,Left,25,0.0002,0.0012,0.0219,0.0000,0.0000,0.0000,1.0000,2.554,,,,,,,
34,Right,0,-0.0029,-0.0049,0.0647,0.0000,0.0000,0.0000,1.0000,2.554,,,,,,,
34,Right,1,0.0000,0.0000,0.0000,0.0000,0.0000,0.0000,1.0000,2.554,-0.0197,0.0543,0.0187,0.6403,-0.0700,-0.0710,0.7616
34,Right,2,-0.0312,-0.0141,0.0335,-0.1601,-0.3218,0.5193,0.7754,2.554,,,,,,,
34,Right,3,0.0000,0.0000,0.0325,0.3039,0.0416,-0.0799,0.9484,2.554,,,,,,,
34,Right,4,0.0000,0.0000,0.0338,0.0961,-0.0521,0.0797,0.9908,2.554,,,,,,,
34,Right,5,0.0007,0.0010,0.0246,0.0000,0.0000,0.0000,1.0000,2.554,,,,,,,
34,Right,6,-0.0203,-0.0085,0.0360,0.0000,0.0000,0.0000,1.0000,2.554,,,,,,,
34,Right,7,-0.0032,0.0012,0.0600,0.0195,0.0627,0.0319,0.9973,2.554,,,,,,,
34,Right,8,0.0000,0.0000,0.0379,0.0852,0.0050,-0.0262,0.9960,2.554,,,,,,,
34,Right,9,0.0000,0.0000,0.0243,0.0437,0.0253,-0.0167,0.9986,2.554,,,,,,,
34,Right,10,0.0003,0.0010,0.0224,0.0000,0.0000,0.0000,1.0000,2.554,,,,,,,
34,Right,11,-0.0041,-0.0072,0.0338,0.0000,0.0000,0.0000,1.0000,2.554,,,,,,,
34,Right,12,0.0024,0.0046,0.0618,0.0968,0.1051,-0.0140,0.9896,2.554,,,,,,,
34,Right,13,0.0000,0.0000,0.0429,0.0842,0.0034,-0.0117,0.9964,2.554,,,,,,,
34,Right,14,0.0000,0.0000,0.0275,-0.0016,0.0006,-0.0435,0.9991,2.554,,,,,,,
34,Right,15,0.0003,0.0011,0.0250,0.0000,0.0000,0.0000,1.0000,2.554,,,,,,,
34,Right,16,0.0150,-0.0060,0.0348,0.0000,0.0000,0.0000,1.0000,2.554,,,,,,,
34,Right,17,0.0025,-0.0005,0.0539,0.0687,0.1253,-0.0554,0.9882,2.554,,,,,,,
34,Right,18,0.0000,0.0000,0.0390,0.0868,0.0001,-0.0356,0.9956,2.554,,,,,,,
34,Right,19,0.0000,0.0000,0.0266,0.0327,-0.0294,-0.0062,0.9990,2.554,,,,,,,
34,Right,20,0.0003,0.0016,0.0243,0.0000,0.0000,0.0000,1.0000,2.554,,,,,,,
34,Right,21,0.0230,-0.0094,0.0341,0.0183,0.1403,-0.2070,0.9681,2.554,,,,,,,
34,Right,22,0.0000,0.0000,0.0457,-0.0398,0.0352,0.0960,0.9940,2.554,,,,,,,
34,Right,23,0.0000,0.0000,0.0307,0.1214,0.0374,-0.0492,0.9907,2.554,,,,,,,
34,Right,24,0.0000,0.0000,0.0203,-0.0094,-0.0492,0.0007,0.9987,2.554,,,,,,,
34,Right,25,-0.0002,0.0012,0.0219,0.0000,0.0000,0.0000,1.0000,2.554,,,,,,,
35,Left,0,0.0017,-0.0057,0.0655,0.0000,0.0000,0.0000,1.0000,2.585,,,,,,,
35,Left,1,0.0000,0.0000,0.0000,0.0000,0.0000,0.0000,1.0000,2.585,-0.5565,0.2580,-0.0160,-0.7328,0.4659,-0.1456,-0.4740
35,Left,2,0.0265,-0.0208,0.0367,-0.0197,0.3104,-0.6505,0.6929,2.585,,,,,,,
35,Left,3,0.0000,0.0000,0.0325,0.2836,-0.0437,0.0804,0.9546,2.585,,,,,,,
35,Left,4,0.0000,0.0000,0.0338,0.2312,0.0396,-0.0747,0.9692,2.585,,,,,,,
35,Left,5,-0.0007,0.0010,0.0246,0.0000,0.0000,0.0000,1.0000,2.585,,,,,,,
35,Left,6,0.0180,-0.0118,0.0375,0.0000,0.0000,0.0000,1.0000,2.585,,,,,,,
35,Left,7,0.0056,0.0045,0.0585,0.4189,-0.0984,-0.0050,0.9027,2.585,,,,,,,
35,Left,8,0.0000,0.0000,0.0379,0.7327,0.0140,0.0214,0.6801,2.585,,,,,,,
35,Left,9,0.0000,0.0000,0.0243,0.5400,-0.0130,0.0165,0.8414,2.585,,,,,,,
35,Left,10,-0.0003,0.0010,0.0224,0.0000,0.0000,0.0000,1.0000,2.585,,,,,,,
35,Left,11,0.0018,-0.0088,0.0354,0.0000,0.0000,0.0000,1.0000,2.585,,,,,,,
35,Left,12,0.0000,0.0063,0.0603,0.5459,-0.0970,0.0652,0.8297,2.585,,,,,,,
35,Left,13,0.0000,0.0000,0.0429,0.6979,0.0047,0.0125,0.7161,2.585,,,,,,,
35,Left,14,0.0000,0.0000,0.0275,0.5508,0.0236,0.0903,0.8294,2.585,,,,,,,
35,Left,15,-0.0003,0.0011,0.0250,0.0000,0.0000,0.0000,1.0000,2.585,,,,,,,
35,Left,16,-0.0150,-0.0060,0.0348,0.0000,0.0000,0.0000,1.0000,2.585,,,,,,,
35,Left,17,-0.0025,-0.0005,0.0539,0.5964,-0.0643,0.1031,0.7934,2.585,,,,,,,
35,Left,18,0.0000,0.0000,0.0390,0.6880,0.0209,0.0417,0.7242,2.585,,,,,,,
35,Left,19,0.0000,0.0000,0.0266,0.5586,0.0269,0.0301,0.8285,2.585,,,,,,,
35,Left,20,-0.0003,0.0016,0.0243,0.0000,0.0000,0.0000,1.0000,2.585,,,,,,,
35,Left,21,-0.0230,-0.0094,0.0341,0.0183,-0.1403,0.2070,0.9681,2.585,,,,,,,
35,Left,22,0.0000,0.0000,0.0457,0.5745,-0.0462,-0.0528,0.8155,2.585,,,,,,,
35,Left,23,0.0000,0.0000,0.0307,0.6241,-0.0087,0.0850,0.7767,2.585,,,,,,,
35,Left,24,0.0000,0.0000,0.0203,0.6148,0.0383,-0.0027,0.7878,2.585,,,,,,,
35,Left,25,0.0002,0.0012,0.0219,0.0000,0.0000,0.0000,1.0000,2.585,,,,,,,
35,Right,0,-0.0029,-0.0049,0.0647,0.0000,0.0000,0.0000,1.0000,2.585,,,,,,,
35,Right,1,0.0000,0.0000,0.0000,0.0000,0.0000,0.0000,1.0000,2.585,-0.0198,0.0555,0.0186,0.6404,-0.0695,-0.0711,0.7615
35,Right,2,-0.0312,-0.0141,0.0335,-0.1600,-0.3216,0.5195,0.7753,2.585,,,,,,,
35,Right,3,0.0000,0.0000,0.0325,0.3041,0.0415,-0.0799,0.9484,2.585,,,,,,,
35,Right,4,0.0000,0.0000,0.0338,0.0955,-0.0522,0.0797,0.9909,2.585,,,,,,,
35,Right,5,0.0007,0.0010,0.0246,0.0000,0.0000,0.0000,1.0000,2.585,,,,,,,
35,Right,6,-0.0203,-0.0085,0.0360,0.0000,0.0000,0.0000,1.0000,2.585,,,,,,,
35,Right,7,-0.0032,0.0012,0.0600,0.0198,0.0630,0.0319,0.9973,2.585,,,,,,,
35,Right,8,0.0000,0.0000,0.0379,0.0852,0.0050,-0.0262,0.9960,2.585,,,,,,,
35,Right,9,0.0000,0.0000,0.0243,0.0438,0.0253,-0.0167,0.9986,2.585,,,,,,,
35,Right,10,0.0003,0.0010,0.0224,0.0000,0.0000,0.0000,1.0000,2.585,,,,,,,
35,Right,11,-0.0041,-0.0072,0.0338,0.0000,0.0000,0.0000,1.0000,2.585,,,,,,,
35,Right,12,0.0024,0.0046,0.0618,0.0968,0.1048,-0.0140,0.9897,2.585,,,,,,,
35,Right,13,0.0000,0.0000,0.0429,0.0841,0.0034,-0.0117,0.9964,2.585,,,,,,,
35,Right,14,0.0000,0.0000,0.0275,-0.0016,0.0006,-0.0435,0.9991,2.585,,,,,,,
35,Right,15,0.0003,0.0011,0.0250,0.0000,0.0000,0.0000,1.0000,2.585,,,,,,,
35,Right,16,0.0150,-0.0060,0.0348,0.0000,0.0000,0.0000,1.0000,2.585,,,,,,,
35,Right,17,0.0025,-0.0005,0.0539,0.0686,0.1249,-0.0553,0.9882,2.585,,,,,,,
35,Right,18,0.0000,0.0000,0.0390,0.0868,0.0001,-0.0356,0.9956,2.585,,,,,,,
35,Right,19,0.0000,0.0000,0.0266,0.0328,-0.0294,-0.0062,0.9990,2.585,,,,,,,
35,Right,20,0.0003,0.0016,0.0243,0.0000,0.0000,0.0000,1.0000,2.585,,,,,,,
35,Right,21,0.0230,-0.0094,0.0341,0.0183,0.1403,-0.2070,0.9681,2.585,,,,,,,
35,Right,22,0.0000,0.0000,0.0457,-0.0399,0.0350,0.0960,0.9940,2.585,,,,,,,
35,Right,23,0.0000,0.0000,0.0307,0.1209,0.0374,-0.0491,0.9907,2.585,,,,,,,
35,Right,24,0.0000,0.0000,0.0203,-0.0094,-0.0492,0.0007,0.9987,2.585,,,,,,,
35,Right,25,-0.0002,0.0012,0.0219,0.0000,0.0000,0.0000,1.0000,2.585,,,,,,,
36,Left,0,0.0017,-0.0057,0.0655,0.0000,0.0000,0.0000,1.0000,2.605,,,,,,,
36,Left,1,0.0000,0.0000,0.0000,0.0000,0.0000,0.0000,1.0000,2.605,-0.5550,0.2616,-0.0208,-0.7338,0.4661,-0.1430,-0.4731
36,Left,2,0.0265,-0.0208,0.0367,-0.0203,0.3100,-0.6503,0.6932,2.605,,,,,,,
36,Left,3,0.0000,0.0000,0.0325,0.2838,-0.0436,0.0804,0.9545,2.605,,,,,,,
36,Left,4,0.0000,0.0000,0.0338,0.2275,0.0400,-0.0749,0.9701,2.605,,,,,,,
36,Left,5,-0.0007,0.0010,0.0246,0.0000,0.0000,0.0000,1.0000,2.605,,,,,,,
36,Left,6,0.0180,-0.0118,0.0375,0.0000,0.0000,0.0000,1.0000,2.605,,,,,,,
36,Left,7,0.0056,0.0045,0.0585,0.4154,-0.0990,-0.0051,0.9042,2.605,,,,,,,
36,Left,8,0.0000,0.0000,0.0379,0.7315,0.0140,0.0214,0.6813,2.605,,,,,,,
36,Left,9,0.0000,0.0000,0.0243,0.5390,-0.0131,0.0165,0.8421,2.605,,,,,,,
36,Left,10,-0.0003,0.0010,0.0224,0.0000,0.0000,0.0000,1.0000,2.605,,,,,,,
36,Left,11,0.0018,-0.0088,0.0354,0.0000,0.0000,0.0000,1.0000,2.605,,,,,,,
36,Left,12,0.0000,0.0063,0.0603,0.5438,-0.0972,0.0649,0.8310,2.605,,,,,,,
36,Left,13,0.0000,0.0000,0.0429,0.6978,0.0047,0.0125,0.7162,2.605,,,,,,,
36,Left,14,0.0000,0.0000,0.0275,0.5506,0.0236,0.0903,0.8295,2.605,,,,,,,
36,Left,15,-0.0003,0.0011,0.0250,0.0000,0.0000,0.0000,1.0000,2.605,,,,,,,
36,Left,16,-0.0150,-0.0060,0.0348,0.0000,0.0000,0.0000,1.0000,2.605,,,,,,,
36,Left,17,-0.0025,-0.0005,0.0539,0.5951,-0.0646,0.1030,0.7944,2.605,,,,,,,
36,Left,18,0.0000,0.0000,0.0390,0.6876,0.0209,0.0417,0.7246,2.605,,,,,,,
36,Left,19,0.0000,0.0000,0.0266,0.5588,0.0269,0.0301,0.8283,2.605,,,,,,,
36,Left,20,-0.0003,0.0016,0.0243,0.0000,0.0000,0.0000,1.0000,2.605,,,,,,,
36,Left,21,-0.0230,-0.0094,0.0341,0.0183,-0.1403,0.2070,0.9681,2.605,,,,,,,
36,Left,22,0.0000,0.0000,0.0457,0.5735,-0.0463,-0.0527,0.8162,2.605,,,,,,,
36,Left,23,0.0000,0.0000,0.0307,0.6210,-0.0090,0.0848,0.7791,2.605,,,,,,,
36,Left,24,0.0000,0.0000,0.0203,0.6149,0.0383,-0.0027,0.7876,2.605,,,,,,,
36,Left,25,0.0002,0.0012,0.0219,0.0000,0.0000,0.0000,1.0000,2.605,,,,,,,
36,Right,0,-0.0029,-0.0049,0.0647,0.0000,0.0000,0.0000,1.0000,2.605,,,,,,,
36,Right,1,0.0000,0.0000,0.0000,0.0000,0.0000,0.0000,1.0000,2.605,-0.0197,0.0563,0.0186,0.6405,-0.0692,-0.0714,0.7615
36,Right,2,-0.0312,-0.0142,0.0335,-0.1599,-0.3216,0.5195,0.7753,2.605,,,,,,,
36,Right,3,0.0000,0.0000,0.0325,0.3042,0.0415,-0.0799,0.9483,2.605,,,,,,,
36,Right,4,0.0000,0.0000,0.0338,0.0951,-0.0522,0.0798,0.9909,2.605,,,,,,,
36,Right,5,0.0007,0.0010,0.0246,0.0000,0.0000,0.0000,1.0000,2.605,,,,,,,
36,Right,6,-0.0203,-0.0085,0.0360,0.0000,0.0000,0.0000,1.0000,2.605,,,,,,,
36,Right,7,-0.0032,0.0012,0.0600,0.0199,0.0633,0.0319,0.9973,2.605,,,,,,,
36,Right,8,0.0000,0.0000,0.0379,0.0853,0.0050,-0.0262,0.9960,2.605,,,,,,,
36,Right,9,0.0000,0.0000,0.0243,0.0439,0.0253,-0.0167,0.9986,2.605,,,,,,,
36,Right,10,0.0003,0.0010,0.0224,0.0000,0.0000,0.0000,1.0000,2.605,,,,,,,
36,Right,11,-0.0041,-0.0072,0.0338,0.0000,0.0000,0.0000,1.0000,2.605,,,,,,,
36,Right,12,0.0024,0.0046,0.0618,0.0968,0.1048,-0.0140,0.9897,2.605,,,,,,,
36,Right,13,0.0000,0.0000,0.0429,0.0842,0.0034,-0.0117,0.9964,2.605,,,,,,,
36,Right,14,0.0000,0.0000,0.0275,-0.0016,0.0006,-0.0435,0.9991,2.605,,,,,,,
36,Right,15,0.0003,0.0011,0.0250,0.0000,0.0000,0.0000,1.0000,2.605,,,,,,,
36,Right,16,0.0150,-0.0060,0.0348,0.0000,0.0000,0.0000,1.0000,2.605,,,,,,,
36,Right,17,0.0025,-0.0005,0.0539,0.0685,0.1248,-0.0553,0.9883,2.605,,,,,,,
36,Right,18,0.0000,0.0000,0.0390,0.0869,0.0001,-0.0356,0.9956,2.605,,,,,,,
36,Right,19,0.0000,0.0000,0.0266,0.0329,-0.0294,-0.0062,0.9990,2.605,,,,,,,
36,Right,20,0.0003,0.0016,0.0243,0.0000,0.0000,0.0000,1.0000,2.605,,,,,,,
36,Right,21,0.0230,-0.0094,0.0341,0.0183,0.1403,-0.2070,0.9681,2.605,,,,,,,
36,Right,22,0.0000,0.0000,0.0457,-0.0400,0.0350,0.0960,0.9940,2.605,,,,,,,
36,Right,23,0.0000,0.0000,0.0307,0.1206,0.0374,-0.0491,0.9908,2.605,,,,,,,
36,Right,24,0.0000,0.0000,0.0203,-0.0095,-0.0492,0.0007,0.9987,2.605,,,,,,,
36,Right,25,-0.0002,0.0012,0.0219,0.0000,0.0000,0.0000,1.0000,2.605,,,,,,,
37,Left,0,0.0017,-0.0057,0.0655,0.0000,0.0000,0.0000,1.0000,2.626,,,,,,,
37,Left,1,0.0000,0.0000,0.0000,0.0000,0.0000,0.0000,1.0000,2.626,-0.5534,0.2653,-0.0256,-0.7348,0.4663,-0.1405,-0.4721
37,Left,2,0.0265,-0.0208,0.0367,-0.0208,0.3096,-0.6502,0.6935,2.626,,,,,,,
37,Left,3,0.0000,0.0000,0.0325,0.2840,-0.0436,0.0804,0.9544,2.626,,,,,,,
37,Left,4,0.0000,0.0000,0.0338,0.2237,0.0404,-0.0751,0.9709,2.626,,,,,,,
37,Left,5,-0.0007,0.0010,0.0246,0.0000,0.0000,0.0000,1.0000,2.626,,,,,,,
37,Left,6,0.0180,-0.0118,0.0375,0.0000,0.0000,0.0000,1.0000,2.626,,,,,,,
37,Left,7,0.0056,0.0045,0.0585,0.4120,-0.0996,-0.0051,0.9057,2.626,,,,,,,
37,Left,8,0.0000,0.0000,0.0379,0.7304,0.0140,0.0214,0.6826,2.626,,,,,,,
37,Left,9,0.0000,0.0000,0.0243,0.5380,-0.0131,0.0165,0.8427,2.626,,,,,,,
37,Left,10,-0.0003,0.0010,0.0224,0.0000,0.0000,0.0000,1.0000,2.626,,,,,,,
37,Left,11,0.0018,-0.0088,0.0354,0.0000,0.0000,0.0000,1.0000,2.626,,,,,,,
37,Left,12,0.0000,0.0063,0.0603,0.5417,-0.0974,0.0647,0.8324,2.626,,,,,,,
37,Left,13,0.0000,0.0000,0.0429,0.6976,0.0047,0.0125,0.7163,2.626,,,,,,,
37,Left,14,0.0000,0.0000,0.0275,0.5505,0.0236,0.0903,0.8296,2.626,,,,,,,
37,Left,15,-0.0003,0.0011,0.0250,0.0000,0.0000,0.0000,1.0000,2.626,,,,,,,
37,Left,16,-0.0150,-0.0060,0.0348,0.0000,0.0000,0.0000,1.0000,2.626,,,,,,,
37,Left,17,-0.0025,-0.0005,0.0539,0.5937,-0.0649,0.1030,0.7954,2.626,,,,,,,
37,Left,18,0.0000,0.0000,0.0390,0.6871,0.0209,0.0417,0.7250,2.626,,,,,,,
37,Left,19,0.0000,0.0000,0.0266,0.5590,0.0269,0.0301,0.8282,2.626,,,,,,,
37,Left,20,-0.0003,0.0016,0.0243,0.0000,0.0000,0.0000,1.0000,2.626,,,,,,,
37,Left,21,-0.0230,-0.0094,0.0341,0.0183,-0.1403,0.2070,0.9681,2.626,,,,,,,
37,Left,22,0.0000,0.0000,0.0457,0.5726,-0.0464,-0.0527,0.8168,2.626,,,,,,,
37,Left,23,0.0000,0.0000,0.0307,0.6180,-0.0092,0.0846,0.7816,2.626,,,,,,,
37,Left,24,0.0000,0.0000,0.0203,0.6151,0.0383,-0.0027,0.7875,2.626,,,,,,,
37,Left,25,0.0002,0.0012,0.0219,0.0000,0.0000,0.0000,1.0000,2.626,,,,,,,
37,Right,0,-0.0029,-0.0049,0.0647,0.0000,0.0000,0.0000,1.0000,2.626,,,,,,,
37,Right,1,0.0000,0.0000,0.0000,0.0000,0.0000,0.0000,1.0000,2.626,-0.0196,0.0570,0.0186,0.6406,-0.0690,-0.0717,0.7614
37,Right,2,-0.0312,-0.0142,0.0335,-0.1598,-0.3216,0.5196,0.7753,2.626,,,,,,,
37,Right,3,0.0000,0.0000,0.0325,0.3043,0.0415,-0.0799,0.9483,2.626,,,,,,,
37,Right,4,0.0000,0.0000,0.0338,0.0948,-0.0522,0.0798,0.9909,2.626,,,,,,,
37,Right,5,0.0007,0.0010,0.0246,0.0000,0.0000,0.0000,1.0000,2.626,,,,,,,
37,Right,6,-0.0203,-0.0085,0.0360,0.0000,0.0000,0.0000,1.0000,2.626,,,,,,,
37,Right,7,-0.0032,0.0012,0.0600,0.0199,0.0635,0.0319,0.9973,2.626,,,,,,,
37,Right,8,0.0000,0.0000,0.0379,0.0853,0.0050,-0.0262,0.9960,2.626,,,,,,,
37,Right,9,0.0000,0.0000,0.0243,0.0439,0.0253,-0.0167,0.9986,2.626,,,,,,,
37,Right,10,0.0003,0.0010,0.0224,0.0000,0.0000,0.0000,1.0000,2.626,,,,,,,
37,Right,11,-0.0041,-0.0072,0.0338,0.0000,0.0000,0.0000,1.0000,2.626,,,,,,,
37,Right,12,0.0024,0.0046,0.0618,0.0968,0.1048,-0.0140,0.9897,2.626,,,,,,,
37,Right,13,0.0000,0.0000,0.0429,0.0843,0.0034,-0.0117,0.9964,2.626,,,,,,,
37,Right,14,0.0000,0.0000,0.0275,-0.0016,0.0006,-0.0435,0.9991,2.626,,,,,,,
37,Right,15,0.0003,0.0011,0.0250,0.0000,0.0000,0.0000,1.0000,2.626,,,,,,,
37,Right,16,0.0150,-0.0060,0.0348,0.0000,0.0000,0.0000,1.0000,2.626,,,,,,,
37,Right,17,0.0025,-0.0005,0.0539,0.0685,0.1248,-0.0553,0.9883,2.626,,,,,,,
37,Right,18,0.0000,0.0000,0.0390,0.0870,0.0001,-0.0356,0.9956,2.626,,,,,,,
37,Right,19,0.0000,0.0000,0.0266,0.0330,-0.0294,-0.0062,0.9990,2.626,,,,,,,
37,Right,20,0.0003,0.0016,0.0243,0.0000,0.0000,0.0000,1.0000,2.626,,,,,,,
37,Right,21,0.0230,-0.0094,0.0341,0.0183,0.1403,-0.2070,0.9681,2.626,,,,,,,
37,Right,22,0.0000,0.0000,0.0457,-0.0401,0.0350,0.0961,0.9939,2.626,,,,,,,
37,Right,23,0.0000,0.0000,0.0307,0.1203,0.0374,-0.0491,0.9908,2.626,,,,,,,
37,Right,24,0.0000,0.0000,0.0203,-0.0095,-0.0492,0.0007,0.9987,2.626,,,,,,,
37,Right,25,-0.0002,0.0012,0.0219,0.0000,0.0000,0.0000,1.0000,2.626,,,,,,,
38,Left,0,0.0017,-0.0057,0.0655,0.0000,0.0000,0.0000,1.0000,2.648,,,,,,,
38,Left,1,0.0000,0.0000,0.0000,0.0000,0.0000,0.0000,1.0000,2.648,-0.5530,0.2685,-0.0309,-0.7348,0.4664,-0.1398,-0.4723
38,Left,2,0.0265,-0.0208,0.0367,-0.0210,0.3092,-0.6503,0.6936,2.648,,,,,,,
38,Left,3,0.0000,0.0000,0.0325,0.2839,-0.0437,0.0804,0.9545,2.648,,,,,,,
38,Left,4,0.0000,0.0000,0.0338,0.2170,0.0410,-0.0754,0.9724,2.648,,,,,,,
38,Left,5,-0.0007,0.0010,0.0246,0.0000,0.0000,0.0000,1.0000,2.648,,,,,,,
38,Left,6,0.0180,-0.0118,0.0375,0.0000,0.0000,0.0000,1.0000,2.648,,,,,,,
38,Left,7,0.0056,0.0045,0.0585,0.4111,-0.0999,-0.0050,0.9061,2.648,,,,,,,
38,Left,8,0.0000,0.0000,0.0379,0.7299,0.0139,0.0214,0.6831,2.648,,,,,,,
38,Left,9,0.0000,0.0000,0.0243,0.5361,-0.0132,0.0165,0.8439,2.648,,,,,,,
38,Left,10,-0.0003,0.0010,0.0224,0.0000,0.0000,0.0000,1.0000,2.648,,,,,,,
38,Left,11,0.0018,-0.0088,0.0354,0.0000,0.0000,0.0000,1.0000,2.648,,,,,,,
38,Left,12,0.0000,0.0063,0.0603,0.5389,-0.0975,0.0643,0.8342,2.648,,,,,,,
38,Left,13,0.0000,0.0000,0.0429,0.6974,0.0047,0.0125,0.7166,2.648,,,,,,,
38,Left,14,0.0000,0.0000,0.0275,0.5500,0.0235,0.0902,0.8300,2.648,,,,,,,
38,Left,15,-0.0003,0.0011,0.0250,0.0000,0.0000,0.0000,1.0000,2.648,,,,,,,
38,Left,16,-0.0150,-0.0060,0.0348,0.0000,0.0000,0.0000,1.0000,2.648,,,,,,,
38,Left,17,-0.0025,-0.0005,0.0539,0.5925,-0.0651,0.1029,0.7963,2.648,,,,,,,
38,Left,18,0.0000,0.0000,0.0390,0.6868,0.0208,0.0417,0.7253,2.648,,,,,,,
38,Left,19,0.0000,0.0000,0.0266,0.5588,0.0269,0.0301,0.8283,2.648,,,,,,,
38,Left,20,-0.0003,0.0016,0.0243,0.0000,0.0000,0.0000,1.0000,2.648,,,,,,,
38,Left,21,-0.0230,-0.0094,0.0341,0.0183,-0.1403,0.2070,0.9681,2.648,,,,,,,
38,Left,22,0.0000,0.0000,0.0457,0.5702,-0.0461,-0.0530,0.8185,2.648,,,,,,,
38,Left,23,0.0000,0.0000,0.0307,0.6174,-0.0093,0.0846,0.7820,2.648,,,,,,,
38,Left,24,0.0000,0.0000,0.0203,0.6150,0.0383,-0.0027,0.7876,2.648,,,,,,,
38,Left,25,0.0002,0.0012,0.0219,0.0000,0.0000,0.0000,1.0000,2.648,,,,,,,
38,Right,0,-0.0029,-0.0049,0.0647,0.0000,0.0000,0.0000,1.0000,2.648,,,,,,,
38,Right,1,0.0000,0.0000,0.0000,0.0000,0.0000,0.0000,1.0000,2.648,-0.0194,0.0573,0.0183,0.6405,-0.0685,-0.0721,0.7615
38,Right,2,-0.0312,-0.0141,0.0335,-0.1599,-0.3216,0.5195,0.7753,2.648,,,,,,,
38,Right,3,0.0000,0.0000,0.0325,0.3042,0.0415,-0.0799,0.9483,2.648,,,,,,,
38,Right,4,0.0000,0.0000,0.0338,0.0943,-0.0523,0.0798,0.9910,2.648,,,,,,,
38,Right,5,0.0007,0.0010,0.0246,0.0000,0.0000,0.0000,1.0000,2.648,,,,,,,
38,Right,6,-0.0203,-0.0085,0.0360,0.0000,0.0000,0.0000,1.0000,2.648,,,,,,,
38,Right,7,-0.0032,0.0012,0.0600,0.0200,0.0638,0.0319,0.9973,2.648,,,,,,,
38,Right,8,0.0000,0.0000,0.0379,0.0855,0.0050,-0.0262,0.9960,2.648,,,,,,,
38,Right,9,0.0000,0.0000,0.0243,0.0440,0.0253,-0.0167,0.9986,2.648,,,,,,,
38,Right,10,0.0003,0.0010,0.0224,0.0000,0.0000,0.0000,1.0000,2.648,,,,,,,
38,Right,11,-0.0041,-0.0072,0.0338,0.0000,0.0000,0.0000,1.0000,2.648,,,,,,,
38,Right,12,0.0024,0.0046,0.0618,0.0967,0.1051,-0.0140,0.9896,2.648,,,,,,,
38,Right,13,0.0000,0.0000,0.0429,0.0845,0.0034,-0.0117,0.9963,2.648,,,,,,,
38,Right,14,0.0000,0.0000,0.0275,-0.0015,0.0006,-0.0435,0.9991,2.648,,,,,,,
38,Right,15,0.0003,0.0011,0.0250,0.0000,0.0000,0.0000,1.0000,2.648,,,,,,,
38,Right,16,0.0150,-0.0060,0.0348,0.0000,0.0000,0.0000,1.0000,2.648,,,,,,,
38,Right,17,0.0025,-0.0005,0.0539,0.0687,0.1249,-0.0554,0.9882,2.648,,,,,,,
38,Right,18,0.0000,0.0000,0.0390,0.0870,0.0001,-0.0356,0.9956,2.648,,,,,,,
38,Right,19,0.0000,0.0000,0.0266,0.0330,-0.0294,-0.0062,0.9990,2.648,,,,,,,
38,Right,20,0.0003,0.0016,0.0243,0.0000,0.0000,0.0000,1.0000,2.648,,,,,,,
38,Right,21,0.0230,-0.0094,0.0341,0.0183,0.1403,-0.2070,0.9681,2.648,,,,,,,
38,Right,22,0.0000,0.0000,0.0457,-0.0402,0.0351,0.0961,0.9939,2.648,,,,,,,
38,Right,23,0.0000,0.0000,0.0307,0.1200,0.0375,-0.0490,0.9909,2.648,,,,,,,
38,Right,24,0.0000,0.0000,0.0203,-0.0096,-0.0492,0.0007,0.9987,2.648,,,,,,,
38,Right,25,-0.0002,0.0012,0.0219,0.0000,0.0000,0.0000,1.0000,2.648,,,,,,,
39,Left,0,0.0017,-0.0057,0.0655,0.0000,0.0000,0.0000,1.0000,2.679,,,,,,,
39,Left,1,0.0000,0.0000,0.0000,0.0000,0.0000,0.0000,1.0000,2.679,-0.5526,0.2718,-0.0362,-0.7348,0.4664,-0.1390,-0.4724
39,Left,2,0.0265,-0.0208,0.0367,-0.0210,0.3090,-0.6503,0.6936,2.679,,,,,,,
39,Left,3,0.0000,0.0000,0.0325,0.2832,-0.0437,0.0804,0.9547,2.679,,,,,,,
39,Left,4,0.0000,0.0000,0.0338,0.2089,0.0418,-0.0757,0.9741,2.679,,,,,,,
39,Left,5,-0.0007,0.0010,0.0246,0.0000,0.0000,0.0000,1.0000,2.679,,,,,,,
39,Left,6,0.0180,-0.0118,0.0375,0.0000,0.0000,0.0000,1.0000,2.679,,,,,,,
39,Left,7,0.0056,0.0045,0.0585,0.4102,-0.1002,-0.0050,0.9065,2.679,,,,,,,
39,Left,8,0.0000,0.0000,0.0379,0.7296,0.0139,0.0214,0.6834,2.679,,,,,,,
39,Left,9,0.0000,0.0000,0.0243,0.5340,-0.0132,0.0165,0.8452,2.679,,,,,,,
39,Left,10,-0.0003,0.0010,0.0224,0.0000,0.0000,0.0000,1.0000,2.679,,,,,,,
39,Left,11,0.0018,-0.0088,0.0354,0.0000,0.0000,0.0000,1.0000,2.679,,,,,,,
39,Left,12,0.0000,0.0063,0.0603,0.5359,-0.0974,0.0638,0.8362,2.679,,,,,,,
39,Left,13,0.0000,0.0000,0.0429,0.6971,0.0047,0.0125,0.7169,2.679,,,,,,,
39,Left,14,0.0000,0.0000,0.0275,0.5486,0.0235,0.0901,0.8309,2.679,,,,,,,
39,Left,15,-0.0003,0.0011,0.0250,0.0000,0.0000,0.0000,1.0000,2.679,,,,,,,
39,Left,16,-0.0150,-0.0060,0.0348,0.0000,0.0000,0.0000,1.0000,2.679,,,,,,,
39,Left,17,-0.0025,-0.0005,0.0539,0.5906,-0.0653,0.1028,0.7977,2.679,,,,,,,
39,Left,18,0.0000,0.0000,0.0390,0.6864,0.0208,0.0417,0.7257,2.679,,,,,,,
39,Left,19,0.0000,0.0000,0.0266,0.5583,0.0269,0.0301,0.8286,2.679,,,,,,,
39,Left,20,-0.0003,0.0016,0.0243,0.0000,0.0000,0.0000,1.0000,2.679,,,,,,,
39,Left,21,-0.0230,-0.0094,0.0341,0.0183,-0.1403,0.2070,0.9681,2.679,,,,,,,
39,Left,22,0.0000,0.0000,0.0457,0.5666,-0.0458,-0.0533,0.8210,2.679,,,,,,,
39,Left,23,0.0000,0.0000,0.0307,0.6167,-0.0093,0.0846,0.7826,2.679,,,,,,,
39,Left,24,0.0000,0.0000,0.0203,0.6145,0.0383,-0.0027,0.7880,2.679,,,,,,,
39,Left,25,0.0002,0.0012,0.0219,0.0000,0.0000,0.0000,1.0000,2.679,,,,,,,
39,Right,0,-0.0029,-0.0049,0.0647,0.0000,0.0000,0.0000,1.0000,2.679,,,,,,,
39,Right,1,0.0000,0.0000,0.0000,0.0000,0.0000,0.0000,1.0000,2.679,-0.0188,0.0577,0.0178,0.6404,-0.0681,-0.0725,0.7615
39,Right,2,-0.0312,-0.0141,0.0335,-0.1599,-0.3216,0.5195,0.7753,2.679,,,,,,,
39,Right,3,0.0000,0.0000,0.0325,0.3042,0.0415,-0.0799,0.9483,2.679,,,,,,,
39,Right,4,0.0000,0.0000,0.0338,0.0938,-0.0523,0.0798,0.9910,2.679,,,,,,,
39,Right,5,0.0007,0.0010,0.0246,0.0000,0.0000,0.0000,1.0000,2.679,,,,,,,
39,Right,6,-0.0203,-0.0085,0.0360,0.0000,0.0000,0.0000,1.0000,2.679,,,,,,,
39,Right,7,-0.0032,0.0012,0.0600,0.0201,0.0641,0.0319,0.9972,2.679,,,,,,,
39,Right,8,0.0000,0.0000,0.0379,0.0857,0.0050,-0.0262,0.9960,2.679,,,,,,,
39,Right,9,0.0000,0.0000,0.0243,0.0440,0.0253,-0.0167,0.9986,2.679,,,,,,,
39,Right,10,0.0003,0.0010,0.0224,0.0000,0.0000,0.0000,1.0000,2.679,,,,,,,
39,Right,11,-0.0041,-0.0072,0.0338,0.0000,0.0000,0.0000,1.0000,2.679,,,,,,,
39,Right,12,0.0024,0.0046,0.0618,0.0968,0.1054,-0.0140,0.9896,2.679,,,,,,,
39,Right,13,0.0000,0.0000,0.0429,0.0848,0.0034,-0.0117,0.9963,2.679,,,,,,,
39,Right,14,0.0000,0.0000,0.0275,-0.0014,0.0006,-0.0435,0.9991,2.679,,,,,,,
39,Right,15,0.0003,0.0011,0.0250,0.0000,0.0000,0.0000,1.0000,2.679,,,,,,,
39,Right,16,0.0150,-0.0060,0.0348,0.0000,0.0000,0.0000,1.0000,2.679,,,,,,,
39,Right,17,0.0025,-0.0005,0.0539,0.0689,0.1249,-0.0554,0.9882,2.679,,,,,,,
39,Right,18,0.0000,0.0000,0.0390,0.0871,0.0001,-0.0356,0.9956,2.679,,,,,,,
39,Right,19,0.0000,0.0000,0.0266,0.0330,-0.0294,-0.0062,0.9990,2.679,,,,,,,
39,Right,20,0.0003,0.0016,0.0243,0.0000,0.0000,0.0000,1.0000,2.679,,,,,,,
39,Right,21,0.0230,-0.0094,0.0341,0.0183,0.1403,-0.2070,0.9681,2.679,,,,,,,
39,Right,22,0.0000,0.0000,0.0457,-0.0402,0.0352,0.0961,0.9939,2.679,,,,,,,
39,Right,23,0.0000,0.0000,0.0307,0.1196,0.0375,-0.0490,0.9909,2.679,,,,,,,
39,Right,24,0.0000,0.0000,0.0203,-0.0096,-0.0492,0.0007,0.9987,2.679,,,,,,,
39,Right,25,-0.0002,0.0012,0.0219,0.0000,0.0000,0.0000,1.0000,2.679,,,,,,,
40,Left,0,0.0018,-0.0057,0.0655,0.0000,0.0000,0.0000,1.0000,2.743,,,,,,,
40,Left,1,0.0000,0.0000,0.0000,0.0000,0.0000,0.0000,1.0000,2.743,-0.5496,0.2766,-0.0376,-0.7353,0.4657,-0.1389,-0.4724
40,Left,2,0.0265,-0.0207,0.0367,-0.0200,0.3108,-0.6501,0.6931,2.743,,,,,,,
40,Left,3,0.0000,0.0000,0.0325,0.2814,-0.0439,0.0805,0.9552,2.743,,,,,,,
40,Left,4,0.0000,0.0000,0.0338,0.2016,0.0425,-0.0760,0.9756,2.743,,,,,,,
40,Left,5,-0.0007,0.0010,0.0246,0.0000,0.0000,0.0000,1.0000,2.743,,,,,,,
40,Left,6,0.0180,-0.0118,0.0375,0.0000,0.0000,0.0000,1.0000,2.743,,,,,,,
40,Left,7,0.0056,0.0045,0.0585,0.4131,-0.1001,-0.0048,0.9052,2.743,,,,,,,
40,Left,8,0.0000,0.0000,0.0379,0.7304,0.0140,0.0214,0.6826,2.743,,,,,,,
40,Left,9,0.0000,0.0000,0.0243,0.5321,-0.0133,0.0165,0.8464,2.743,,,,,,,
40,Left,10,-0.0003,0.0010,0.0224,0.0000,0.0000,0.0000,1.0000,2.743,,,,,,,
40,Left,11,0.0018,-0.0088,0.0354,0.0000,0.0000,0.0000,1.0000,2.743,,,,,,,
40,Left,12,0.0000,0.0063,0.0603,0.5344,-0.0966,0.0631,0.8373,2.743,,,,,,,
40,Left,13,0.0000,0.0000,0.0429,0.6970,0.0047,0.0125,0.7170,2.743,,,,,,,
40,Left,14,0.0000,0.0000,0.0275,0.5443,0.0233,0.0898,0.8337,2.743,,,,,,,
40,Left,15,-0.0003,0.0011,0.0250,0.0000,0.0000,0.0000,1.0000,2.743,,,,,,,
40,Left,16,-0.0150,-0.0060,0.0348,0.0000,0.0000,0.0000,1.0000,2.743,,,,,,,
40,Left,17,-0.0025,-0.0005,0.0539,0.5873,-0.0658,0.1025,0.8001,2.743,,,,,,,
40,Left,18,0.0000,0.0000,0.0390,0.6857,0.0208,0.0417,0.7264,2.743,,,,,,,
40,Left,19,0.0000,0.0000,0.0266,0.5571,0.0269,0.0300,0.8295,2.743,,,,,,,
40,Left,20,-0.0003,0.0016,0.0243,0.0000,0.0000,0.0000,1.0000,2.743,,,,,,,
40,Left,21,-0.0230,-0.0094,0.0341,0.0183,-0.1403,0.2070,0.9681,2.743,,,,,,,
40,Left,22,0.0000,0.0000,0.0457,0.5610,-0.0459,-0.0535,0.8248,2.743,,,,,,,
40,Left,23,0.0000,0.0000,0.0307,0.6162,-0.0093,0.0845,0.7830,2.743,,,,,,,
40,Left,24,0.0000,0.0000,0.0203,0.6130,0.0384,-0.0027,0.7891,2.743,,,,,,,
40,Left,25,0.0002,0.0012,0.0219,0.0000,0.0000,0.0000,1.0000,2.743,,,,,,,
40,Right,0,-0.0029,-0.0049,0.0647,0.0000,0.0000,0.0000,1.0000,2.743,,,,,,,
40,Right,1,0.0000,0.0000,0.0000,0.0000,0.0000,0.0000,1.0000,2.743,-0.0173,0.0588,0.0173,0.6403,-0.0686,-0.0728,0.7616
40,Right,2,-0.0312,-0.0141,0.0335,-0.1600,-0.3218,0.5193,0.7753,2.743,,,,,,,
40,Right,3,0.0000,0.0000,0.0325,0.3049,0.0414,-0.0799,0.9481,2.743,,,,,,,
40,Right,4,0.0000,0.0000,0.0338,0.0937,-0.0523,0.0798,0.9910,2.743,,,,,,,
40,Right,5,0.0007,0.0010,0.0246,0.0000,0.0000,0.0000,1.0000,2.743,,,,,,,
40,Right,6,-0.0203,-0.0085,0.0360,0.0000,0.0000,0.0000,1.0000,2.743,,,,,,,
40,Right,7,-0.0032,0.0012,0.0600,0.0209,0.0647,0.0319,0.9972,2.743,,,,,,,
40,Right,8,0.0000,0.0000,0.0379,0.0857,0.0050,-0.0262,0.9960,2.743,,,,,,,
40,Right,9,0.0000,0.0000,0.0243,0.0441,0.0253,-0.0167,0.9986,2.743,,,,,,,
40,Right,10,0.0003,0.0010,0.0224,0.0000,0.0000,0.0000,1.0000,2.743,,,,,,,
40,Right,11,-0.0041,-0.0072,0.0338,0.0000,0.0000,0.0000,1.0000,2.743,,,,,,,
40,Right,12,0.0024,0.0046,0.0618,0.0976,0.1055,-0.0141,0.9895,2.743,,,,,,,
40,Right,13,0.0000,0.0000,0.0429,0.0848,0.0034,-0.0117,0.9963,2.743,,,,,,,
40,Right,14,0.0000,0.0000,0.0275,-0.0012,0.0006,-0.0435,0.9991,2.743,,,,,,,
40,Right,15,0.0003,0.0011,0.0250,0.0000,0.0000,0.0000,1.0000,2.743,,,,,,,
40,Right,16,0.0150,-0.0060,0.0348,0.0000,0.0000,0.0000,1.0000,2.743,,,,,,,
40,Right,17,0.0025,-0.0005,0.0539,0.0694,0.1246,-0.0554,0.9882,2.743,,,,,,,
40,Right,18,0.0000,0.0000,0.0390,0.0868,0.0001,-0.0356,0.9956,2.743,,,,,,,
40,Right,19,0.0000,0.0000,0.0266,0.0330,-0.0294,-0.0062,0.9990,2.743,,,,,,,
40,Right,20,0.0003,0.0016,0.0243,0.0000,0.0000,0.0000,1.0000,2.743,,,,,,,
40,Right,21,0.0230,-0.0094,0.0341,0.0183,0.1403,-0.2070,0.9681,2.743,,,,,,,
40,Right,22,0.0000,0.0000,0.0457,-0.0396,0.0350,0.0960,0.9940,2.743,,,,,,,
40,Right,23,0.0000,0.0000,0.0307,0.1189,0.0375,-0.0489,0.9910,2.743,,,,,,,
40,Right,24,0.0000,0.0000,0.0203,-0.0094,-0.0492,0.0007,0.9987,2.743,,,,,,,
40,Right,25,-0.0002,0.0012,0.0219,0.0000,0.0000,0.0000,1.0000,2.743,,,,,,,
41,Left,0,0.0018,-0.0057,0.0655,0.0000,0.0000,0.0000,1.0000,2.782,,,,,,,
41,Left,1,0.0000,0.0000,0.0000,0.0000,0.0000,0.0000,1.0000,2.782,-0.5453,0.2807,-0.0360,-0.7351,0.4651,-0.1393,-0.4731
41,Left,2,0.0266,-0.0207,0.0367,-0.0198,0.3120,-0.6496,0.6930,2.782,,,,,,,
41,Left,3,0.0000,0.0000,0.0325,0.2818,-0.0439,0.0804,0.9551,2.782,,,,,,,
41,Left,4,0.0000,0.0000,0.0338,0.2018,0.0424,-0.0760,0.9756,2.782,,,,,,,
41,Left,5,-0.0007,0.0010,0.0246,0.0000,0.0000,0.0000,1.0000,2.782,,,,,,,
41,Left,6,0.0180,-0.0118,0.0375,0.0000,0.0000,0.0000,1.0000,2.782,,,,,,,
41,Left,7,0.0055,0.0045,0.0585,0.4187,-0.1000,-0.0043,0.9026,2.782,,,,,,,
41,Left,8,0.0000,0.0000,0.0379,0.7310,0.0140,0.0214,0.6820,2.782,,,,,,,
41,Left,9,0.0000,0.0000,0.0243,0.5311,-0.0133,0.0165,0.8471,2.782,,,,,,,
41,Left,10,-0.0003,0.0010,0.0224,0.0000,0.0000,0.0000,1.0000,2.782,,,,,,,
41,Left,11,0.0018,-0.0088,0.0354,0.0000,0.0000,0.0000,1.0000,2.782,,,,,,,
41,Left,12,-0.0001,0.0063,0.0603,0.5345,-0.0964,0.0629,0.8373,2.782,,,,,,,
41,Left,13,0.0000,0.0000,0.0429,0.6972,0.0047,0.0125,0.7168,2.782,,,,,,,
41,Left,14,0.0000,0.0000,0.0275,0.5432,0.0232,0.0898,0.8345,2.782,,,,,,,
41,Left,15,-0.0003,0.0011,0.0250,0.0000,0.0000,0.0000,1.0000,2.782,,,,,,,
41,Left,16,-0.0150,-0.0060,0.0348,0.0000,0.0000,0.0000,1.0000,2.782,,,,,,,
41,Left,17,-0.0025,-0.0005,0.0539,0.5867,-0.0660,0.1026,0.8006,2.782,,,,,,,
41,Left,18,0.0000,0.0000,0.0390,0.6852,0.0208,0.0417,0.7269,2.782,,,,,,,
41,Left,19,0.0000,0.0000,0.0266,0.5562,0.0269,0.0299,0.8301,2.782,,,,,,,
41,Left,20,-0.0003,0.0016,0.0243,0.0000,0.0000,0.0000,1.0000,2.782,,,,,,,
41,Left,21,-0.0230,-0.0094,0.0341,0.0183,-0.1403,0.2070,0.9681,2.782,,,,,,,
41,Left,22,0.0000,0.0000,0.0457,0.5597,-0.0461,-0.0534,0.8257,2.782,,,,,,,
41,Left,23,0.0000,0.0000,0.0307,0.6159,-0.0094,0.0845,0.7832,2.782,,,,,,,
41,Left,24,0.0000,0.0000,0.0203,0.6117,0.0385,-0.0027,0.7901,2.782,,,,,,,
41,Left,25,0.0002,0.0012,0.0219,0.0000,0.0000,0.0000,1.0000,2.782,,,,,,,
41,Right,0,-0.0029,-0.0048,0.0647,0.0000,0.0000,0.0000,1.0000,2.782,,,,,,,
41,Right,1,0.0000,0.0000,0.0000,0.0000,0.0000,0.0000,1.0000,2.782,-0.0144,0.0595,0.0139,0.6367,-0.0721,-0.0737,0.7642
41,Right,2,-0.0312,-0.0141,0.0335,-0.1601,-0.3220,0.5191,0.7754,2.782,,,,,,,
41,Right,3,0.0000,0.0000,0.0325,0.3048,0.0415,-0.0799,0.9482,2.782,,,,,,,
41,Right,4,0.0000,0.0000,0.0338,0.0936,-0.0524,0.0798,0.9910,2.782,,,,,,,
41,Right,5,0.0007,0.0010,0.0246,0.0000,0.0000,0.0000,1.0000,2.782,,,,,,,
41,Right,6,-0.0203,-0.0085,0.0360,0.0000,0.0000,0.0000,1.0000,2.782,,,,,,,
41,Right,7,-0.0032,0.0012,0.0600,0.0215,0.0645,0.0318,0.9972,2.782,,,,,,,
41,Right,8,0.0000,0.0000,0.0379,0.0855,0.0050,-0.0262,0.9960,2.782,,,,,,,
41,Right,9,0.0000,0.0000,0.0243,0.0440,0.0253,-0.0167,0.9986,2.782,,,,,,,
41,Right,10,0.0003,0.0010,0.0224,0.0000,0.0000,0.0000,1.0000,2.782,,,,,,,
41,Right,11,-0.0041,-0.0072,0.0338,0.0000,0.0000,0.0000,1.0000,2.782,,,,,,,
41,Right,12,0.0024,0.0046,0.0618,0.0982,0.1053,-0.0141,0.9895,2.782,,,,,,,
41,Right,13,0.0000,0.0000,0.0429,0.0846,0.0034,-0.0117,0.9963,2.782,,,,,,,
41,Right,14,0.0000,0.0000,0.0275,-0.0011,0.0006,-0.0435,0.9991,2.782,,,,,,,
41,Right,15,0.0003,0.0011,0.0250,0.0000,0.0000,0.0000,1.0000,2.782,,,,,,,
41,Right,16,0.0150,-0.0060,0.0348,0.0000,0.0000,0.0000,1.0000,2.782,,,,,,,
41,Right,17,0.0025,-0.0005,0.0539,0.0700,0.1239,-0.0555,0.9883,2.782,,,,,,,
41,Right,18,0.0000,0.0000,0.0390,0.0865,0.0001,-0.0355,0.9956,2.782,,,,,,,
41,Right,19,0.0000,0.0000,0.0266,0.0330,-0.0294,-0.0062,0.9990,2.782,,,,,,,
41,Right,20,0.0003,0.0016,0.0243,0.0000,0.0000,0.0000,1.0000,2.782,,,,,,,
41,Right,21,0.0230,-0.0094,0.0341,0.0183,0.1403,-0.2070,0.9681,2.782,,,,,,,
41,Right,22,0.0000,0.0000,0.0457,-0.0391,0.0350,0.0960,0.9940,2.782,,,,,,,
41,Right,23,0.0000,0.0000,0.0307,0.1186,0.0375,-0.0489,0.9910,2.782,,,,,,,
41,Right,24,0.0000,0.0000,0.0203,-0.0092,-0.0492,0.0007,0.9987,2.782,,,,,,,
41,Right,25,-0.0002,0.0012,0.0219,0.0000,0.0000,0.0000,1.0000,2.782,,,,,,,
42,Left,0,0.0018,-0.0057,0.0655,0.0000,0.0000,0.0000,1.0000,2.836,,,,,,,
42,Left,1,0.0000,0.0000,0.0000,0.0000,0.0000,0.0000,1.0000,2.836,-0.5425,0.2859,-0.0362,-0.7337,0.4603,-0.1439,-0.4786
42,Left,2,0.0266,-0.0207,0.0366,-0.0188,0.3145,-0.6490,0.6925,2.836,,,,,,,
42,Left,3,0.0000,0.0000,0.0325,0.2873,-0.0433,0.0803,0.9535,2.836,,,,,,,
42,Left,4,0.0000,0.0000,0.0338,0.2032,0.0423,-0.0759,0.9753,2.836,,,,,,,
42,Left,5,-0.0007,0.0010,0.0246,0.0000,0.0000,0.0000,1.0000,2.836,,,,,,,
42,Left,6,0.0180,-0.0118,0.0375,0.0000,0.0000,0.0000,1.0000,2.836,,,,,,,
42,Left,7,0.0055,0.0045,0.0585,0.4314,-0.1003,-0.0032,0.8966,2.836,,,,,,,
42,Left,8,0.0000,0.0000,0.0379,0.7317,0.0140,0.0214,0.6812,2.836,,,,,,,
42,Left,9,0.0000,0.0000,0.0243,0.5296,-0.0134,0.0165,0.8480,2.836,,,,,,,
42,Left,10,-0.0003,0.0010,0.0224,0.0000,0.0000,0.0000,1.0000,2.836,,,,,,,
42,Left,11,0.0018,-0.0088,0.0354,0.0000,0.0000,0.0000,1.0000,2.836,,,,,,,
42,Left,12,-0.0001,0.0063,0.0603,0.5351,-0.0963,0.0630,0.8369,2.836,,,,,,,
42,Left,13,0.0000,0.0000,0.0429,0.6978,0.0047,0.0125,0.7162,2.836,,,,,,,
42,Left,14,0.0000,0.0000,0.0275,0.5421,0.0232,0.0897,0.8352,2.836,,,,,,,
42,Left,15,-0.0003,0.0011,0.0250,0.0000,0.0000,0.0000,1.0000,2.836,,,,,,,
42,Left,16,-0.0150,-0.0060,0.0348,0.0000,0.0000,0.0000,1.0000,2.836,,,,,,,
42,Left,17,-0.0025,-0.0005,0.0539,0.5868,-0.0662,0.1027,0.8005,2.836,,,,,,,
42,Left,18,0.0000,0.0000,0.0390,0.6848,0.0208,0.0417,0.7272,2.836,,,,,,,
42,Left,19,0.0000,0.0000,0.0266,0.5554,0.0269,0.0299,0.8306,2.836,,,,,,,
42,Left,20,-0.0003,0.0016,0.0243,0.0000,0.0000,0.0000,1.0000,2.836,,,,,,,
42,Left,21,-0.0230,-0.0094,0.0341,0.0183,-0.1403,0.2070,0.9681,2.836,,,,,,,
42,Left,22,0.0000,0.0000,0.0457,0.5589,-0.0467,-0.0531,0.8262,2.836,,,,,,,
42,Left,23,0.0000,0.0000,0.0307,0.6158,-0.0094,0.0845,0.7833,2.836,,,,,,,
42,Left,24,0.0000,0.0000,0.0203,0.6101,0.0385,-0.0027,0.7914,2.836,,,,,,,
42,Left,25,0.0002,0.0012,0.0219,0.0000,0.0000,0.0000,1.0000,2.836,,,,,,,
42,Right,0,-0.0029,-0.0048,0.0647,0.0000,0.0000,0.0000,1.0000,2.836,,,,,,,
42,Right,1,0.0000,0.0000,0.0000,0.0000,0.0000,0.0000,1.0000,2.836,-0.0084,0.0604,0.0057,0.6263,-0.0836,-0.0739,0.7716
42,Right,2,-0.0312,-0.0141,0.0335,-0.1614,-0.3209,0.5181,0.7762,2.836,,,,,,,
42,Right,3,0.0000,0.0000,0.0325,0.2995,0.0420,-0.0800,0.9498,2.836,,,,,,,
42,Right,4,0.0000,0.0000,0.0338,0.0930,-0.0524,0.0798,0.9911,2.836,,,,,,,
42,Right,5,0.0007,0.0010,0.0246,0.0000,0.0000,0.0000,1.0000,2.836,,,,,,,
42,Right,6,-0.0203,-0.0085,0.0360,0.0000,0.0000,0.0000,1.0000,2.836,,,,,,,
42,Right,7,-0.0032,0.0012,0.0600,0.0227,0.0579,0.0316,0.9976,2.836,,,,,,,
42,Right,8,0.0000,0.0000,0.0379,0.0853,0.0050,-0.0262,0.9960,2.836,,,,,,,
42,Right,9,0.0000,0.0000,0.0243,0.0432,0.0253,-0.0166,0.9986,2.836,,,,,,,
42,Right,10,0.0003,0.0010,0.0224,0.0000,0.0000,0.0000,1.0000,2.836,,,,,,,
42,Right,11,-0.0041,-0.0071,0.0338,0.0000,0.0000,0.0000,1.0000,2.836,,,,,,,
42,Right,12,0.0024,0.0046,0.0619,0.0999,0.1037,-0.0142,0.9895,2.836,,,,,,,
42,Right,13,0.0000,0.0000,0.0429,0.0836,0.0034,-0.0117,0.9964,2.836,,,,,,,
42,Right,14,0.0000,0.0000,0.0275,-0.0016,0.0006,-0.0435,0.9991,2.836,,,,,,,
42,Right,15,0.0003,0.0011,0.0250,0.0000,0.0000,0.0000,1.0000,2.836,,,,,,,
42,Right,16,0.0150,-0.0060,0.0348,0.0000,0.0000,0.0000,1.0000,2.836,,,,,,,
42,Right,17,0.0025,-0.0005,0.0539,0.0712,0.1164,-0.0556,0.9891,2.836,,,,,,,
42,Right,18,0.0000,0.0000,0.0390,0.0853,0.0001,-0.0355,0.9957,2.836,,,,,,,
42,Right,19,0.0000,0.0000,0.0266,0.0322,-0.0294,-0.0062,0.9990,2.836,,,,,,,
42,Right,20,0.0003,0.0016,0.0243,0.0000,0.0000,0.0000,1.0000,2.836,,,,,,,
42,Right,21,0.0230,-0.0094,0.0341,0.0183,0.1403,-0.2070,0.9681,2.836,,,,,,,
42,Right,22,0.0000,0.0000,0.0457,-0.0384,0.0351,0.0959,0.9940,2.836,,,,,,,
42,Right,23,0.0000,0.0000,0.0307,0.1183,0.0375,-0.0489,0.9911,2.836,,,,,,,
42,Right,24,0.0000,0.0000,0.0203,-0.0086,-0.0492,0.0007,0.9988,2.836,,,,,,,
42,Right,25,-0.0002,0.0012,0.0219,0.0000,0.0000,0.0000,1.0000,2.836,,,,,,,
43,Left,0,0.0018,-0.0057,0.0655,0.0000,0.0000,0.0000,1.0000,2.891,,,,,,,
43,Left,1,0.0000,0.0000,0.0000,0.0000,0.0000,0.0000,1.0000,2.891,-0.5419,0.2901,-0.0406,-0.7347,0.4435,-0.1547,-0.4895
43,Left,2,0.0267,-0.0206,0.0366,-0.0187,0.3161,-0.6482,0.6925,2.891,,,,,,,
43,Left,3,0.0000,0.0000,0.0325,0.2884,-0.0432,0.0803,0.9532,2.891,,,,,,,
43,Left,4,0.0000,0.0000,0.0338,0.2044,0.0422,-0.0759,0.9750,2.891,,,,,,,
43,Left,5,-0.0007,0.0010,0.0246,0.0000,0.0000,0.0000,1.0000,2.891,,,,,,,
43,Left,6,0.0180,-0.0118,0.0375,0.0000,0.0000,0.0000,1.0000,2.891,,,,,,,
43,Left,7,0.0055,0.0045,0.0585,0.4395,-0.1006,-0.0023,0.8926,2.891,,,,,,,
43,Left,8,0.0000,0.0000,0.0379,0.7316,0.0140,0.0214,0.6813,2.891,,,,,,,
43,Left,9,0.0000,0.0000,0.0243,0.5281,-0.0134,0.0166,0.8489,2.891,,,,,,,
43,Left,10,-0.0003,0.0010,0.0224,0.0000,0.0000,0.0000,1.0000,2.891,,,,,,,
43,Left,11,0.0018,-0.0088,0.0353,0.0000,0.0000,0.0000,1.0000,2.891,,,,,,,
43,Left,12,-0.0001,0.0062,0.0603,0.5364,-0.0967,0.0635,0.8360,2.891,,,,,,,
43,Left,13,0.0000,0.0000,0.0429,0.6983,0.0047,0.0125,0.7157,2.891,,,,,,,
43,Left,14,0.0000,0.0000,0.0275,0.5416,0.0232,0.0897,0.8355,2.891,,,,,,,
43,Left,15,-0.0003,0.0011,0.0250,0.0000,0.0000,0.0000,1.0000,2.891,,,,,,,
43,Left,16,-0.0150,-0.0060,0.0348,0.0000,0.0000,0.0000,1.0000,2.891,,,,,,,
43,Left,17,-0.0025,-0.0005,0.0539,0.5869,-0.0666,0.1030,0.8003,2.891,,,,,,,
43,Left,18,0.0000,0.0000,0.0390,0.6850,0.0208,0.0417,0.7271,2.891,,,,,,,
43,Left,19,0.0000,0.0000,0.0266,0.5552,0.0269,0.0299,0.8308,2.891,,,,,,,
43,Left,20,-0.0003,0.0016,0.0243,0.0000,0.0000,0.0000,1.0000,2.891,,,,,,,
43,Left,21,-0.0230,-0.0094,0.0341,0.0183,-0.1403,0.2070,0.9681,2.891,,,,,,,
43,Left,22,0.0000,0.0000,0.0457,0.5593,-0.0479,-0.0523,0.8259,2.891,,,,,,,
43,Left,23,0.0000,0.0000,0.0307,0.6171,-0.0093,0.0846,0.7823,2.891,,,,,,,
43,Left,24,0.0000,0.0000,0.0203,0.6099,0.0385,-0.0027,0.7915,2.891,,,,,,,
43,Left,25,0.0002,0.0012,0.0219,0.0000,0.0000,0.0000,1.0000,2.891,,,,,,,
43,Right,0,-0.0029,-0.0048,0.0647,0.0000,0.0000,0.0000,1.0000,2.891,,,,,,,
43,Right,1,0.0000,0.0000,0.0000,0.0000,0.0000,0.0000,1.0000,2.891,-0.0094,0.0631,0.0088,0.6278,-0.0843,-0.0730,0.7703
43,Right,2,-0.0313,-0.0141,0.0335,-0.1625,-0.3196,0.5175,0.7770,2.891,,,,,,,
43,Right,3,0.0000,0.0000,0.0325,0.2933,0.0426,-0.0802,0.9517,2.891,,,,,,,
43,Right,4,0.0000,0.0000,0.0338,0.0929,-0.0524,0.0798,0.9911,2.891,,,,,,,
43,Right,5,0.0007,0.0010,0.0246,0.0000,0.0000,0.0000,1.0000,2.891,,,,,,,
43,Right,6,-0.0203,-0.0085,0.0360,0.0000,0.0000,0.0000,1.0000,2.891,,,,,,,
43,Right,7,-0.0032,0.0012,0.0600,0.0229,0.0569,0.0316,0.9976,2.891,,,,,,,
43,Right,8,0.0000,0.0000,0.0379,0.0849,0.0050,-0.0262,0.9960,2.891,,,,,,,
43,Right,9,0.0000,0.0000,0.0243,0.0428,0.0253,-0.0166,0.9986,2.891,,,,,,,
43,Right,10,0.0003,0.0010,0.0224,0.0000,0.0000,0.0000,1.0000,2.891,,,,,,,
43,Right,11,-0.0041,-0.0071,0.0338,0.0000,0.0000,0.0000,1.0000,2.891,,,,,,,
43,Right,12,0.0024,0.0046,0.0619,0.1012,0.1020,-0.0142,0.9895,2.891,,,,,,,
43,Right,13,0.0000,0.0000,0.0429,0.0825,0.0034,-0.0117,0.9965,2.891,,,,,,,
43,Right,14,0.0000,0.0000,0.0275,-0.0020,0.0006,-0.0434,0.9991,2.891,,,,,,,
43,Right,15,0.0003,0.0011,0.0250,0.0000,0.0000,0.0000,1.0000,2.891,,,,,,,
43,Right,16,0.0150,-0.0060,0.0348,0.0000,0.0000,0.0000,1.0000,2.891,,,,,,,
43,Right,17,0.0025,-0.0005,0.0539,0.0726,0.1122,-0.0556,0.9895,2.891,,,,,,,
43,Right,18,0.0000,0.0000,0.0390,0.0839,0.0001,-0.0355,0.9958,2.891,,,,,,,
43,Right,19,0.0000,0.0000,0.0266,0.0317,-0.0294,-0.0061,0.9990,2.891,,,,,,,
43,Right,20,0.0003,0.0016,0.0243,0.0000,0.0000,0.0000,1.0000,2.891,,,,,,,
43,Right,21,0.0230,-0.0094,0.0341,0.0183,0.1403,-0.2070,0.9681,2.891,,,,,,,
43,Right,22,0.0000,0.0000,0.0457,-0.0376,0.0344,0.0958,0.9941,2.891,,,,,,,
43,Right,23,0.0000,0.0000,0.0307,0.1177,0.0375,-0.0489,0.9911,2.891,,,,,,,
43,Right,24,0.0000,0.0000,0.0203,-0.0082,-0.0492,0.0007,0.9988,2.891,,,,,,,
43,Right,25,-0.0002,0.0012,0.0219,0.0000,0.0000,0.0000,1.0000,2.891,,,,,,,
44,Left,0,0.0018,-0.0057,0.0655,0.0000,0.0000,0.0000,1.0000,2.931,,,,,,,
44,Left,1,0.0000,0.0000,0.0000,0.0000,0.0000,0.0000,1.0000,2.931,-0.5404,0.2952,-0.0437,-0.7332,0.4406,-0.1620,-0.4921
44,Left,2,0.0267,-0.0206,0.0366,-0.0188,0.3169,-0.6478,0.6925,2.931,,,,,,,
44,Left,3,0.0000,0.0000,0.0325,0.2896,-0.0431,0.0803,0.9528,2.931,,,,,,,
44,Left,4,0.0000,0.0000,0.0338,0.2049,0.0421,-0.0758,0.9749,2.931,,,,,,,
44,Left,5,-0.0007,0.0010,0.0246,0.0000,0.0000,0.0000,1.0000,2.931,,,,,,,
44,Left,6,0.0181,-0.0118,0.0375,0.0000,0.0000,0.0000,1.0000,2.931,,,,,,,
44,Left,7,0.0055,0.0044,0.0585,0.4459,-0.1009,-0.0017,0.8894,2.931,,,,,,,
44,Left,8,0.0000,0.0000,0.0379,0.7312,0.0140,0.0214,0.6817,2.931,,,,,,,
44,Left,9,0.0000,0.0000,0.0243,0.5272,-0.0134,0.0166,0.8495,2.931,,,,,,,
44,Left,10,-0.0003,0.0010,0.0224,0.0000,0.0000,0.0000,1.0000,2.931,,,,,,,
44,Left,11,0.0018,-0.0088,0.0353,0.0000,0.0000,0.0000,1.0000,2.931,,,,,,,
44,Left,12,-0.0001,0.0062,0.0603,0.5390,-0.0975,0.0644,0.8341,2.931,,,,,,,
44,Left,13,0.0000,0.0000,0.0429,0.6988,0.0047,0.0125,0.7152,2.931,,,,,,,
44,Left,14,0.0000,0.0000,0.0275,0.5414,0.0232,0.0897,0.8356,2.931,,,,,,,
44,Left,15,-0.0003,0.0011,0.0250,0.0000,0.0000,0.0000,1.0000,2.931,,,,,,,
44,Left,16,-0.0150,-0.0060,0.0348,0.0000,0.0000,0.0000,1.0000,2.931,,,,,,,
44,Left,17,-0.0025,-0.0005,0.0539,0.5888,-0.0675,0.1039,0.7987,2.931,,,,,,,
44,Left,18,0.0000,0.0000,0.0390,0.6849,0.0208,0.0417,0.7272,2.931,,,,,,,
44,Left,19,0.0000,0.0000,0.0266,0.5551,0.0269,0.0299,0.8308,2.931,,,,,,,
44,Left,20,-0.0003,0.0016,0.0243,0.0000,0.0000,0.0000,1.0000,2.931,,,,,,,
44,Left,21,-0.0230,-0.0094,0.0341,0.0183,-0.1403,0.2070,0.9681,2.931,,,,,,,
44,Left,22,0.0000,0.0000,0.0457,0.5646,-0.0494,-0.0510,0.8223,2.931,,,,,,,
44,Left,23,0.0000,0.0000,0.0307,0.6184,-0.0092,0.0847,0.7813,2.931,,,,,,,
44,Left,24,0.0000,0.0000,0.0203,0.6104,0.0385,-0.0027,0.7911,2.931,,,,,,,
44,Left,25,0.0002,0.0012,0.0219,0.0000,0.0000,0.0000,1.0000,2.931,,,,,,,
44,Right,0,-0.0029,-0.0048,0.0647,0.0000,0.0000,0.0000,1.0000,2.931,,,,,,,
44,Right,1,0.0000,0.0000,0.0000,0.0000,0.0000,0.0000,1.0000,2.931,-0.0099,0.0652,0.0111,0.6286,-0.0850,-0.0728,0.7697
44,Right,2,-0.0313,-0.0141,0.0335,-0.1632,-0.3189,0.5170,0.7774,2.931,,,,,,,
44,Right,3,0.0000,0.0000,0.0325,0.2901,0.0430,-0.0802,0.9527,2.931,,,,,,,
44,Right,4,0.0000,0.0000,0.0338,0.0937,-0.0524,0.0798,0.9910,2.931,,,,,,,
44,Right,5,0.0007,0.0010,0.0246,0.0000,0.0000,0.0000,1.0000,2.931,,,,,,,
44,Right,6,-0.0203,-0.0085,0.0359,0.0000,0.0000,0.0000,1.0000,2.931,,,,,,,
44,Right,7,-0.0032,0.0012,0.0600,0.0232,0.0564,0.0316,0.9976,2.931,,,,,,,
44,Right,8,0.0000,0.0000,0.0379,0.0845,0.0050,-0.0262,0.9961,2.931,,,,,,,
44,Right,9,0.0000,0.0000,0.0243,0.0427,0.0253,-0.0166,0.9986,2.931,,,,,,,
44,Right,10,0.0003,0.0010,0.0224,0.0000,0.0000,0.0000,1.0000,2.931,,,,,,,
44,Right,11,-0.0041,-0.0071,0.0338,0.0000,0.0000,0.0000,1.0000,2.931,,,,,,,
44,Right,12,0.0024,0.0046,0.0619,0.1020,0.1009,-0.0142,0.9896,2.931,,,,,,,
44,Right,13,0.0000,0.0000,0.0429,0.0816,0.0034,-0.0117,0.9966,2.931,,,,,,,
44,Right,14,0.0000,0.0000,0.0275,-0.0023,0.0006,-0.0434,0.9991,2.931,,,,,,,
44,Right,15,0.0003,0.0011,0.0250,0.0000,0.0000,0.0000,1.0000,2.931,,,,,,,
44,Right,16,0.0150,-0.0060,0.0348,0.0000,0.0000,0.0000,1.0000,2.931,,,,,,,
44,Right,17,0.0025,-0.0005,0.0539,0.0737,0.1110,-0.0557,0.9895,2.931,,,,,,,
44,Right,18,0.0000,0.0000,0.0390,0.0829,0.0002,-0.0355,0.9959,2.931,,,,,,,
44,Right,19,0.0000,0.0000,0.0266,0.0314,-0.0294,-0.0061,0.9991,2.931,,,,,,,
44,Right,20,0.0003,0.0016,0.0243,0.0000,0.0000,0.0000,1.0000,2.931,,,,,,,
44,Right,21,0.0230,-0.0094,0.0341,0.0183,0.1403,-0.2070,0.9681,2.931,,,,,,,
44,Right,22,0.0000,0.0000,0.0457,-0.0367,0.0337,0.0957,0.9942,2.931,,,,,,,
44,Right,23,0.0000,0.0000,0.0307,0.1173,0.0376,-0.0488,0.9912,2.931,,,,,,,
44,Right,24,0.0000,0.0000,0.0203,-0.0080,-0.0492,0.0007,0.9988,2.931,,,,,,,
44,Right,25,-0.0002,0.0012,0.0219,0.0000,0.0000,0.0000,1.0000,2.931,,,,,,,
45,Left,0,0.0018,-0.0057,0.0655,0.0000,0.0000,0.0000,1.0000,2.950,,,,,,,
45,Left,1,0.0000,0.0000,0.0000,0.0000,0.0000,0.0000,1.0000,2.950,-0.5382,0.3002,-0.0467,-0.7307,0.4435,-0.1640,-0.4924
45,Left,2,0.0267,-0.0206,0.0366,-0.0189,0.3169,-0.6477,0.6926,2.950,,,,,,,
45,Left,3,0.0000,0.0000,0.0325,0.2902,-0.0430,0.0802,0.9526,2.950,,,,,,,
45,Left,4,0.0000,0.0000,0.0338,0.2046,0.0422,-0.0759,0.9750,2.950,,,,,,,
45,Left,5,-0.0007,0.0010,0.0246,0.0000,0.0000,0.0000,1.0000,2.950,,,,,,,
45,Left,6,0.0181,-0.0118,0.0375,0.0000,0.0000,0.0000,1.0000,2.950,,,,,,,
45,Left,7,0.0055,0.0044,0.0585,0.4466,-0.1012,-0.0015,0.8890,2.950,,,,,,,
45,Left,8,0.0000,0.0000,0.0379,0.7310,0.0140,0.0214,0.6819,2.950,,,,,,,
45,Left,9,0.0000,0.0000,0.0243,0.5267,-0.0135,0.0166,0.8498,2.950,,,,,,,
45,Left,10,-0.0003,0.0010,0.0224,0.0000,0.0000,0.0000,1.0000,2.950,,,,,,,
45,Left,11,0.0019,-0.0088,0.0353,0.0000,0.0000,0.0000,1.0000,2.950,,,,,,,
45,Left,12,-0.0001,0.0062,0.0603,0.5415,-0.0983,0.0653,0.8324,2.950,,,,,,,
45,Left,13,0.0000,0.0000,0.0429,0.6990,0.0047,0.0125,0.7150,2.950,,,,,,,
45,Left,14,0.0000,0.0000,0.0276,0.5413,0.0232,0.0896,0.8357,2.950,,,,,,,
45,Left,15,-0.0003,0.0011,0.0250,0.0000,0.0000,0.0000,1.0000,2.950,,,,,,,
45,Left,16,-0.0150,-0.0060,0.0348,0.0000,0.0000,0.0000,1.0000,2.950,,,,,,,
45,Left,17,-0.0025,-0.0005,0.0539,0.5908,-0.0680,0.1046,0.7971,2.950,,,,,,,
45,Left,18,0.0000,0.0000,0.0390,0.6846,0.0208,0.0417,0.7274,2.950,,,,,,,
45,Left,19,0.0000,0.0000,0.0266,0.5552,0.0269,0.0299,0.8307,2.950,,,,,,,
45,Left,20,-0.0003,0.0016,0.0243,0.0000,0.0000,0.0000,1.0000,2.950,,,,,,,
45,Left,21,-0.0230,-0.0094,0.0341,0.0183,-0.1403,0.2070,0.9681,2.950,,,,,,,
45,Left,22,0.0000,0.0000,0.0457,0.5711,-0.0503,-0.0501,0.8178,2.950,,,,,,,
45,Left,23,0.0000,0.0000,0.0307,0.6186,-0.0092,0.0847,0.7811,2.950,,,,,,,
45,Left,24,0.0000,0.0000,0.0203,0.6105,0.0385,-0.0027,0.7910,2.950,,,,,,,
45,Left,25,0.0002,0.0012,0.0219,0.0000,0.0000,0.0000,1.0000,2.950,,,,,,,
45,Right,0,-0.0029,-0.0048,0.0647,0.0000,0.0000,0.0000,1.0000,2.950,,,,,,,
45,Right,1,0.0000,0.0000,0.0000,0.0000,0.0000,0.0000,1.0000,2.950,-0.0103,0.0656,0.0115,0.6289,-0.0850,-0.0727,0.7694
45,Right,2,-0.0313,-0.0141,0.0335,-0.1635,-0.3185,0.5168,0.7777,2.950,,,,,,,
45,Right,3,0.0000,0.0000,0.0325,0.2883,0.0432,-0.0803,0.9532,2.950,,,,,,,
45,Right,4,0.0000,0.0000,0.0338,0.0942,-0.0523,0.0798,0.9910,2.950,,,,,,,
45,Right,5,0.0007,0.0010,0.0246,0.0000,0.0000,0.0000,1.0000,2.950,,,,,,,
45,Right,6,-0.0203,-0.0085,0.0359,0.0000,0.0000,0.0000,1.0000,2.950,,,,,,,
45,Right,7,-0.0032,0.0012,0.0600,0.0233,0.0561,0.0316,0.9977,2.950,,,,,,,
45,Right,8,0.0000,0.0000,0.0379,0.0843,0.0050,-0.0262,0.9961,2.950,,,,,,,
45,Right,9,0.0000,0.0000,0.0243,0.0427,0.0253,-0.0166,0.9986,2.950,,,,,,,
45,Right,10,0.0003,0.0010,0.0224,0.0000,0.0000,0.0000,1.0000,2.950,,,,,,,
45,Right,11,-0.0041,-0.0071,0.0338,0.0000,0.0000,0.0000,1.0000,2.950,,,,,,,
45,Right,12,0.0024,0.0046,0.0619,0.1023,0.1006,-0.0143,0.9896,2.950,,,,,,,
45,Right,13,0.0000,0.0000,0.0429,0.0812,0.0034,-0.0117,0.9966,2.950,,,,,,,
45,Right,14,0.0000,0.0000,0.0275,-0.0024,0.0007,-0.0434,0.9991,2.950,,,,,,,
45,Right,15,0.0003,0.0011,0.0250,0.0000,0.0000,0.0000,1.0000,2.950,,,,,,,
45,Right,16,0.0150,-0.0060,0.0348,0.0000,0.0000,0.0000,1.0000,2.950,,,,,,,
45,Right,17,0.0025,-0.0005,0.0539,0.0740,0.1107,-0.0558,0.9895,2.950,,,,,,,
45,Right,18,0.0000,0.0000,0.0390,0.0823,0.0002,-0.0354,0.9960,2.950,,,,,,,
45,Right,19,0.0000,0.0000,0.0266,0.0313,-0.0294,-0.0061,0.9991,2.950,,,,,,,
45,Right,20,0.0003,0.0016,0.0243,0.0000,0.0000,0.0000,1.0000,2.950,,,,,,,
45,Right,21,0.0230,-0.0094,0.0341,0.0183,0.1403,-0.2070,0.9681,2.950,,,,,,,
45,Right,22,0.0000,0.0000,0.0457,-0.0364,0.0334,0.0957,0.9942,2.950,,,,,,,
45,Right,23,0.0000,0.0000,0.0307,0.1172,0.0376,-0.0488,0.9912,2.950,,,,,,,
45,Right,24,0.0000,0.0000,0.0203,-0.0079,-0.0492,0.0007,0.9988,2.950,,,,,,,
45,Right,25,-0.0002,0.0012,0.0219,0.0000,0.0000,0.0000,1.0000,2.950,,,,,,,
46,Left,0,0.0018,-0.0057,0.0655,0.0000,0.0000,0.0000,1.0000,2.981,,,,,,,
46,Left,1,0.0000,0.0000,0.0000,0.0000,0.0000,0.0000,1.0000,2.981,-0.5364,0.3043,-0.0508,-0.7292,0.4452,-0.1652,-0.4928
46,Left,2,0.0267,-0.0206,0.0366,-0.0186,0.3172,-0.6478,0.6924,2.981,,,,,,,
46,Left,3,0.0000,0.0000,0.0325,0.2910,-0.0430,0.0802,0.9524,2.981,,,,,,,
46,Left,4,0.0000,0.0000,0.0338,0.2038,0.0423,-0.0759,0.9752,2.981,,,,,,,
46,Left,5,-0.0007,0.0010,0.0246,0.0000,0.0000,0.0000,1.0000,2.981,,,,,,,
46,Left,6,0.0181,-0.0118,0.0375,0.0000,0.0000,0.0000,1.0000,2.981,,,,,,,
46,Left,7,0.0055,0.0044,0.0585,0.4493,-0.1016,-0.0010,0.8876,2.981,,,,,,,
46,Left,8,0.0000,0.0000,0.0379,0.7304,0.0139,0.0214,0.6826,2.981,,,,,,,
46,Left,9,0.0000,0.0000,0.0243,0.5258,-0.0135,0.0166,0.8503,2.981,,,,,,,
46,Left,10,-0.0003,0.0010,0.0224,0.0000,0.0000,0.0000,1.0000,2.981,,,,,,,
46,Left,11,0.0019,-0.0088,0.0353,0.0000,0.0000,0.0000,1.0000,2.981,,,,,,,
46,Left,12,-0.0001,0.0062,0.0603,0.5466,-0.1012,0.0678,0.8285,2.981,,,,,,,
46,Left,13,0.0000,0.0000,0.0429,0.6991,0.0047,0.0125,0.7149,2.981,,,,,,,
46,Left,14,0.0000,0.0000,0.0275,0.5415,0.0232,0.0897,0.8356,2.981,,,,,,,
46,Left,15,-0.0003,0.0011,0.0250,0.0000,0.0000,0.0000,1.0000,2.981,,,,,,,
46,Left,16,-0.0150,-0.0060,0.0348,0.0000,0.0000,0.0000,1.0000,2.981,,,,,,,
46,Left,17,-0.0025,-0.0005,0.0539,0.5923,-0.0684,0.1051,0.7959,2.981,,,,,,,
46,Left,18,0.0000,0.0000,0.0390,0.6845,0.0208,0.0417,0.7275,2.981,,,,,,,
46,Left,19,0.0000,0.0000,0.0266,0.5554,0.0269,0.0299,0.8306,2.981,,,,,,,
46,Left,20,-0.0003,0.0016,0.0243,0.0000,0.0000,0.0000,1.0000,2.981,,,,,,,
46,Left,21,-0.0230,-0.0094,0.0341,0.0183,-0.1403,0.2070,0.9681,2.981,,,,,,,
46,Left,22,0.0000,0.0000,0.0457,0.5746,-0.0509,-0.0495,0.8153,2.981,,,,,,,
46,Left,23,0.0000,0.0000,0.0307,0.6189,-0.0091,0.0847,0.7808,2.981,,,,,,,
46,Left,24,0.0000,0.0000,0.0203,0.6109,0.0385,-0.0027,0.7908,2.981,,,,,,,
46,Left,25,0.0002,0.0012,0.0219,0.0000,0.0000,0.0000,1.0000,2.981,,,,,,,
46,Right,0,-0.0029,-0.0048,0.0647,0.0000,0.0000,0.0000,1.0000,2.981,,,,,,,
46,Right,1,0.0000,0.0000,0.0000,0.0000,0.0000,0.0000,1.0000,2.981,-0.0105,0.0663,0.0119,0.6293,-0.0848,-0.0725,0.7691
46,Right,2,-0.0313,-0.0140,0.0335,-0.1639,-0.3182,0.5165,0.7779,2.981,,,,,,,
46,Right,3,0.0000,0.0000,0.0325,0.2866,0.0434,-0.0804,0.9537,2.981,,,,,,,
46,Right,4,0.0000,0.0000,0.0338,0.0951,-0.0522,0.0797,0.9909,2.981,,,,,,,
46,Right,5,0.0007,0.0010,0.0246,0.0000,0.0000,0.0000,1.0000,2.981,,,,,,,
46,Right,6,-0.0203,-0.0085,0.0359,0.0000,0.0000,0.0000,1.0000,2.981,,,,,,,
46,Right,7,-0.0032,0.0012,0.0601,0.0233,0.0557,0.0315,0.9977,2.981,,,,,,,
46,Right,8,0.0000,0.0000,0.0379,0.0839,0.0050,-0.0262,0.9961,2.981,,,,,,,
46,Right,9,0.0000,0.0000,0.0243,0.0425,0.0253,-0.0166,0.9986,2.981,,,,,,,
46,Right,10,0.0003,0.0010,0.0224,0.0000,0.0000,0.0000,1.0000,2.981,,,,,,,
46,Right,11,-0.0041,-0.0071,0.0338,0.0000,0.0000,0.0000,1.0000,2.981,,,,,,,
46,Right,12,0.0024,0.0046,0.0619,0.1029,0.0999,-0.0143,0.9896,2.981,,,,,,,
46,Right,13,0.0000,0.0000,0.0429,0.0804,0.0034,-0.0117,0.9967,2.981,,,,,,,
46,Right,14,0.0000,0.0000,0.0275,-0.0026,0.0007,-0.0434,0.9991,2.981,,,,,,,
46,Right,15,0.0003,0.0011,0.0250,0.0000,0.0000,0.0000,1.0000,2.981,,,,,,,
46,Right,16,0.0150,-0.0060,0.0348,0.0000,0.0000,0.0000,1.0000,2.981,,,,,,,
46,Right,17,0.0025,-0.0005,0.0539,0.0745,0.1100,-0.0558,0.9896,2.981,,,,,,,
46,Right,18,0.0000,0.0000,0.0390,0.0811,0.0003,-0.0354,0.9961,2.981,,,,,,,
46,Right,19,0.0000,0.0000,0.0266,0.0311,-0.0294,-0.0061,0.9991,2.981,,,,,,,
46,Right,20,0.0003,0.0016,0.0243,0.0000,0.0000,0.0000,1.0000,2.981,,,,,,,
46,Right,21,0.0230,-0.0094,0.0341,0.0183,0.1403,-0.2070,0.9681,2.981,,,,,,,
46,Right,22,0.0000,0.0000,0.0457,-0.0359,0.0330,0.0957,0.9942,2.981,,,,,,,
46,Right,23,0.0000,0.0000,0.0307,0.1171,0.0376,-0.0488,0.9912,2.981,,,,,,,
46,Right,24,0.0000,0.0000,0.0203,-0.0078,-0.0492,0.0007,0.9988,2.981,,,,,,,
46,Right,25,-0.0002,0.0012,0.0219,0.0000,0.0000,0.0000,1.0000,2.981,,,,,,,
47,Left,0,0.0018,-0.0057,0.0655,0.0000,0.0000,0.0000,1.0000,3.014,,,,,,,
47,Left,1,0.0000,0.0000,0.0000,0.0000,0.0000,0.0000,1.0000,3.014,-0.5344,0.3086,-0.0547,-0.7281,0.4465,-0.1658,-0.4930
47,Left,2,0.0267,-0.0206,0.0366,-0.0183,0.3176,-0.6477,0.6923,3.014,,,,,,,
47,Left,3,0.0000,0.0000,0.0325,0.2915,-0.0429,0.0802,0.9522,3.014,,,,,,,
47,Left,4,0.0000,0.0000,0.0338,0.2020,0.0424,-0.0759,0.9755,3.014,,,,,,,
47,Left,5,-0.0007,0.0010,0.0246,0.0000,0.0000,0.0000,1.0000,3.014,,,,,,,
47,Left,6,0.0181,-0.0118,0.0375,0.0000,0.0000,0.0000,1.0000,3.014,,,,,,,
47,Left,7,0.0055,0.0044,0.0585,0.4523,-0.1019,-0.0006,0.8860,3.014,,,,,,,
47,Left,8,0.0000,0.0000,0.0379,0.7297,0.0139,0.0214,0.6833,3.014,,,,,,,
47,Left,9,0.0000,0.0000,0.0243,0.5250,-0.0135,0.0166,0.8508,3.014,,,,,,,
47,Left,10,-0.0003,0.0010,0.0224,0.0000,0.0000,0.0000,1.0000,3.014,,,,,,,
47,Left,11,0.0019,-0.0088,0.0353,0.0000,0.0000,0.0000,1.0000,3.014,,,,,,,
47,Left,12,-0.0001,0.0062,0.0603,0.5514,-0.1034,0.0700,0.8248,3.014,,,,,,,
47,Left,13,0.0000,0.0000,0.0429,0.6992,0.0047,0.0125,0.7148,3.014,,,,,,,
47,Left,14,0.0000,0.0000,0.0275,0.5418,0.0232,0.0897,0.8354,3.014,,,,,,,
47,Left,15,-0.0003,0.0011,0.0250,0.0000,0.0000,0.0000,1.0000,3.014,,,,,,,
47,Left,16,-0.0150,-0.0060,0.0348,0.0000,0.0000,0.0000,1.0000,3.014,,,,,,,
47,Left,17,-0.0025,-0.0005,0.0539,0.5931,-0.0686,0.1054,0.7952,3.014,,,,,,,
47,Left,18,0.0000,0.0000,0.0390,0.6846,0.0208,0.0417,0.7275,3.014,,,,,,,
47,Left,19,0.0000,0.0000,0.0266,0.5559,0.0269,0.0299,0.8303,3.014,,,,,,,
47,Left,20,-0.0003,0.0016,0.0243,0.0000,0.0000,0.0000,1.0000,3.014,,,,,,,
47,Left,21,-0.0230,-0.0094,0.0341,0.0183,-0.1403,0.2070,0.9681,3.014,,,,,,,
47,Left,22,0.0000,0.0000,0.0457,0.5755,-0.0511,-0.0494,0.8147,3.014,,,,,,,
47,Left,23,0.0000,0.0000,0.0307,0.6195,-0.0091,0.0847,0.7804,3.014,,,,,,,
47,Left,24,0.0000,0.0000,0.0203,0.6116,0.0385,-0.0027,0.7902,3.014,,,,,,,
47,Left,25,0.0002,0.0012,0.0219,0.0000,0.0000,0.0000,1.0000,3.014,,,,,,,
47,Right,0,-0.0029,-0.0048,0.0647,0.0000,0.0000,0.0000,1.0000,3.014,,,,,,,
47,Right,1,0.0000,0.0000,0.0000,0.0000,0.0000,0.0000,1.0000,3.014,-0.0105,0.0672,0.0125,0.6298,-0.0847,-0.0723,0.7687
47,Right,2,-0.0313,-0.0140,0.0335,-0.1644,-0.3180,0.5160,0.7782,3.014,,,,,,,
47,Right,3,0.0000,0.0000,0.0325,0.2853,0.0435,-0.0804,0.9541,3.014,,,,,,,
47,Right,4,0.0000,0.0000,0.0338,0.0963,-0.0521,0.0797,0.9908,3.014,,,,,,,
47,Right,5,0.0007,0.0010,0.0246,0.0000,0.0000,0.0000,1.0000,3.014,,,,,,,
47,Right,6,-0.0203,-0.0085,0.0359,0.0000,0.0000,0.0000,1.0000,3.014,,,,,,,
47,Right,7,-0.0032,0.0012,0.0601,0.0233,0.0553,0.0315,0.9977,3.014,,,,,,,
47,Right,8,0.0000,0.0000,0.0379,0.0835,0.0050,-0.0262,0.9962,3.014,,,,,,,
47,Right,9,0.0000,0.0000,0.0243,0.0423,0.0253,-0.0166,0.9986,3.014,,,,,,,
47,Right,10,0.0003,0.0010,0.0224,0.0000,0.0000,0.0000,1.0000,3.014,,,,,,,
47,Right,11,-0.0041,-0.0071,0.0338,0.0000,0.0000,0.0000,1.0000,3.014,,,,,,,
47,Right,12,0.0024,0.0046,0.0619,0.1035,0.0990,-0.0143,0.9896,3.014,,,,,,,
47,Right,13,0.0000,0.0000,0.0429,0.0795,0.0034,-0.0117,0.9968,3.014,,,,,,,
47,Right,14,0.0000,0.0000,0.0275,-0.0028,0.0007,-0.0434,0.9991,3.014,,,,,,,
47,Right,15,0.0003,0.0011,0.0250,0.0000,0.0000,0.0000,1.0000,3.014,,,,,,,
47,Right,16,0.0150,-0.0060,0.0348,0.0000,0.0000,0.0000,1.0000,3.014,,,,,,,
47,Right,17,0.0025,-0.0005,0.0539,0.0750,0.1092,-0.0558,0.9896,3.014,,,,,,,
47,Right,18,0.0000,0.0000,0.0390,0.0798,0.0003,-0.0354,0.9962,3.014,,,,,,,
47,Right,19,0.0000,0.0000,0.0266,0.0308,-0.0294,-0.0061,0.9991,3.014,,,,,,,
47,Right,20,0.0003,0.0016,0.0243,0.0000,0.0000,0.0000,1.0000,3.014,,,,,,,
47,Right,21,0.0230,-0.0094,0.0341,0.0183,0.1403,-0.2070,0.9681,3.014,,,,,,,
47,Right,22,0.0000,0.0000,0.0457,-0.0356,0.0325,0.0956,0.9943,3.014,,,,,,,
47,Right,23,0.0000,0.0000,0.0307,0.1169,0.0376,-0.0488,0.9912,3.014,,,,,,,
47,Right,24,0.0000,0.0000,0.0203,-0.0077,-0.0492,0.0007,0.9988,3.014,,,,,,,
47,Right,25,-0.0002,0.0012,0.0219,0.0000,0.0000,0.0000,1.0000,3.014,,,,,,,
48,Left,0,0.0018,-0.0057,0.0655,0.0000,0.0000,0.0000,1.0000,3.042,,,,,,,
48,Left,1,0.0000,0.0000,0.0000,0.0000,0.0000,0.0000,1.0000,3.042,-0.5319,0.3135,-0.0576,-0.7266,0.4485,-0.1667,-0.4931
48,Left,2,0.0267,-0.0206,0.0366,-0.0181,0.3181,-0.6476,0.6922,3.042,,,,,,,
48,Left,3,0.0000,0.0000,0.0325,0.2915,-0.0429,0.0802,0.9522,3.042,,,,,,,
48,Left,4,0.0000,0.0000,0.0338,0.1996,0.0427,-0.0760,0.9760,3.042,,,,,,,
48,Left,5,-0.0007,0.0010,0.0246,0.0000,0.0000,0.0000,1.0000,3.042,,,,,,,
48,Left,6,0.0181,-0.0117,0.0375,0.0000,0.0000,0.0000,1.0000,3.042,,,,,,,
48,Left,7,0.0055,0.0044,0.0585,0.4539,-0.1020,-0.0004,0.8852,3.042,,,,,,,
48,Left,8,0.0000,0.0000,0.0379,0.7293,0.0139,0.0215,0.6838,3.042,,,,,,,
48,Left,9,0.0000,0.0000,0.0243,0.5246,-0.0135,0.0166,0.8511,3.042,,,,,,,
48,Left,10,-0.0003,0.0010,0.0224,0.0000,0.0000,0.0000,1.0000,3.042,,,,,,,
48,Left,11,0.0019,-0.0088,0.0353,0.0000,0.0000,0.0000,1.0000,3.042,,,,,,,
48,Left,12,-0.0001,0.0062,0.0603,0.5540,-0.1032,0.0703,0.8231,3.042,,,,,,,
48,Left,13,0.0000,0.0000,0.0429,0.6993,0.0047,0.0125,0.7147,3.042,,,,,,,
48,Left,14,0.0000,0.0000,0.0275,0.5421,0.0232,0.0897,0.8352,3.042,,,,,,,
48,Left,15,-0.0003,0.0011,0.0250,0.0000,0.0000,0.0000,1.0000,3.042,,,,,,,
48,Left,16,-0.0150,-0.0060,0.0348,0.0000,0.0000,0.0000,1.0000,3.042,,,,,,,
48,Left,17,-0.0025,-0.0005,0.0539,0.5937,-0.0687,0.1056,0.7947,3.042,,,,,,,
48,Left,18,0.0000,0.0000,0.0390,0.6847,0.0208,0.0417,0.7274,3.042,,,,,,,
48,Left,19,0.0000,0.0000,0.0266,0.5566,0.0269,0.0300,0.8298,3.042,,,,,,,
48,Left,20,-0.0003,0.0016,0.0243,0.0000,0.0000,0.0000,1.0000,3.042,,,,,,,
48,Left,21,-0.0230,-0.0094,0.0341,0.0183,-0.1403,0.2070,0.9681,3.042,,,,,,,
48,Left,22,0.0000,0.0000,0.0457,0.5764,-0.0511,-0.0493,0.8141,3.042,,,,,,,
48,Left,23,0.0000,0.0000,0.0307,0.6202,-0.0090,0.0848,0.7798,3.042,,,,,,,
48,Left,24,0.0000,0.0000,0.0203,0.6125,0.0384,-0.0027,0.7895,3.042,,,,,,,
48,Left,25,0.0002,0.0012,0.0219,0.0000,0.0000,0.0000,1.0000,3.042,,,,,,,
48,Right,0,-0.0029,-0.0048,0.0647,0.0000,0.0000,0.0000,1.0000,3.042,,,,,,,
48,Right,1,0.0000,0.0000,0.0000,0.0000,0.0000,0.0000,1.0000,3.042,-0.0106,0.0682,0.0134,0.6302,-0.0850,-0.0722,0.7684
48,Right,2,-0.0313,-0.0140,0.0335,-0.1650,-0.3176,0.5155,0.7786,3.042,,,,,,,
48,Right,3,0.0000,0.0000,0.0325,0.2844,0.0436,-0.0804,0.9543,3.042,,,,,,,
48,Right,4,0.0000,0.0000,0.0338,0.0973,-0.0520,0.0797,0.9907,3.042,,,,,,,
48,Right,5,0.0007,0.0010,0.0246,0.0000,0.0000,0.0000,1.0000,3.042,,,,,,,
48,Right,6,-0.0204,-0.0085,0.0359,0.0000,0.0000,0.0000,1.0000,3.042,,,,,,,
48,Right,7,-0.0032,0.0012,0.0601,0.0234,0.0552,0.0315,0.9977,3.042,,,,,,,
48,Right,8,0.0000,0.0000,0.0379,0.0830,0.0050,-0.0262,0.9962,3.042,,,,,,,
48,Right,9,0.0000,0.0000,0.0243,0.0421,0.0253,-0.0166,0.9987,3.042,,,,,,,
48,Right,10,0.0003,0.0010,0.0224,0.0000,0.0000,0.0000,1.0000,3.042,,,,,,,
48,Right,11,-0.0041,-0.0071,0.0338,0.0000,0.0000,0.0000,1.0000,3.042,,,,,,,
48,Right,12,0.0024,0.0046,0.0619,0.1041,0.0983,-0.0143,0.9896,3.042,,,,,,,
48,Right,13,0.0000,0.0000,0.0429,0.0788,0.0035,-0.0117,0.9968,3.042,,,,,,,
48,Right,14,0.0000,0.0000,0.0275,-0.0030,0.0007,-0.0433,0.9991,3.042,,,,,,,
48,Right,15,0.0003,0.0011,0.0250,0.0000,0.0000,0.0000,1.0000,3.042,,,,,,,
48,Right,16,0.0150,-0.0060,0.0348,0.0000,0.0000,0.0000,1.0000,3.042,,,,,,,
48,Right,17,0.0025,-0.0005,0.0539,0.0755,0.1085,-0.0559,0.9896,3.042,,,,,,,
48,Right,18,0.0000,0.0000,0.0390,0.0789,0.0003,-0.0354,0.9963,3.042,,,,,,,
48,Right,19,0.0000,0.0000,0.0266,0.0306,-0.0294,-0.0061,0.9991,3.042,,,,,,,
48,Right,20,0.0003,0.0016,0.0243,0.0000,0.0000,0.0000,1.0000,3.042,,,,,,,
48,Right,21,0.0230,-0.0094,0.0341,0.0183,0.1403,-0.2070,0.9681,3.042,,,,,,,
48,Right,22,0.0000,0.0000,0.0457,-0.0353,0.0322,0.0955,0.9943,3.042,,,,,,,
48,Right,23,0.0000,0.0000,0.0307,0.1168,0.0376,-0.0488,0.9912,3.042,,,,,,,
48,Right,24,0.0000,0.0000,0.0203,-0.0076,-0.0492,0.0007,0.9988,3.042,,,,,,,
48,Right,25,-0.0002,0.0012,0.0219,0.0000,0.0000,0.0000,1.0000,3.042,,,,,,,
49,Left,0,0.0018,-0.0057,0.0655,0.0000,0.0000,0.0000,1.0000,3.072,,,,,,,
49,Left,1,0.0000,0.0000,0.0000,0.0000,0.0000,0.0000,1.0000,3.072,-0.5318,0.3193,-0.0600,-0.7271,0.4515,-0.1703,-0.4883
49,Left,2,0.0267,-0.0206,0.0366,-0.0176,0.3182,-0.6479,0.6918,3.072,,,,,,,
49,Left,3,0.0000,0.0000,0.0325,0.2916,-0.0428,0.0802,0.9522,3.072,,,,,,,
49,Left,4,0.0000,0.0000,0.0338,0.1940,0.0432,-0.0763,0.9771,3.072,,,,,,,
49,Left,5,-0.0007,0.0010,0.0246,0.0000,0.0000,0.0000,1.0000,3.072,,,,,,,
49,Left,6,0.0181,-0.0118,0.0375,0.0000,0.0000,0.0000,1.0000,3.072,,,,,,,
49,Left,7,0.0055,0.0044,0.0585,0.4540,-0.1026,-0.0001,0.8850,3.072,,,,,,,
49,Left,8,0.0000,0.0000,0.0379,0.7287,0.0139,0.0215,0.6844,3.072,,,,,,,
49,Left,9,0.0000,0.0000,0.0243,0.5246,-0.0135,0.0166,0.8511,3.072,,,,,,,
49,Left,10,-0.0003,0.0010,0.0224,0.0000,0.0000,0.0000,1.0000,3.072,,,,,,,
49,Left,11,0.0018,-0.0088,0.0353,0.0000,0.0000,0.0000,1.0000,3.072,,,,,,,
49,Left,12,-0.0001,0.0062,0.0603,0.5541,-0.1037,0.0707,0.8229,3.072,,,,,,,
49,Left,13,0.0000,0.0000,0.0429,0.6997,0.0048,0.0125,0.7143,3.072,,,,,,,
49,Left,14,0.0000,0.0000,0.0275,0.5428,0.0233,0.0898,0.8347,3.072,,,,,,,
49,Left,15,-0.0003,0.0011,0.0250,0.0000,0.0000,0.0000,1.0000,3.072,,,,,,,
49,Left,16,-0.0150,-0.0060,0.0348,0.0000,0.0000,0.0000,1.0000,3.072,,,,,,,
49,Left,17,-0.0025,-0.0005,0.0539,0.5933,-0.0688,0.1055,0.7951,3.072,,,,,,,
49,Left,18,0.0000,0.0000,0.0390,0.6850,0.0208,0.0417,0.7271,3.072,,,,,,,
49,Left,19,0.0000,0.0000,0.0266,0.5580,0.0269,0.0301,0.8289,3.072,,,,,,,
49,Left,20,-0.0003,0.0016,0.0243,0.0000,0.0000,0.0000,1.0000,3.072,,,,,,,
49,Left,21,-0.0230,-0.0094,0.0341,0.0183,-0.1403,0.2070,0.9681,3.072,,,,,,,
49,Left,22,0.0000,0.0000,0.0457,0.5748,-0.0503,-0.0499,0.8152,3.072,,,,,,,
49,Left,23,0.0000,0.0000,0.0307,0.6207,-0.0090,0.0848,0.7794,3.072,,,,,,,
49,Left,24,0.0000,0.0000,0.0203,0.6142,0.0383,-0.0027,0.7882,3.072,,,,,,,
49,Left,25,0.0002,0.0012,0.0219,0.0000,0.0000,0.0000,1.0000,3.072,,,,,,,
49,Right,0,-0.0029,-0.0048,0.0647,0.0000,0.0000,0.0000,1.0000,3.072,,,,,,,
49,Right,1,0.0000,0.0000,0.0000,0.0000,0.0000,0.0000,1.0000,3.072,-0.0107,0.0694,0.0148,0.6321,-0.0846,-0.0729,0.7668
49,Right,2,-0.0313,-0.0140,0.0335,-0.1656,-0.3173,0.5150,0.7789,3.072,,,,,,,
49,Right,3,0.0000,0.0000,0.0325,0.2835,0.0437,-0.0804,0.9546,3.072,,,,,,,
49,Right,4,0.0000,0.0000,0.0338,0.0985,-0.0519,0.0796,0.9906,3.072,,,,,,,
49,Right,5,0.0007,0.0010,0.0246,0.0000,0.0000,0.0000,1.0000,3.072,,,,,,,
49,Right,6,-0.0204,-0.0085,0.0359,0.0000,0.0000,0.0000,1.0000,3.072,,,,,,,
49,Right,7,-0.0032,0.0011,0.0601,0.0236,0.0552,0.0315,0.9977,3.072,,,,,,,
49,Right,8,0.0000,0.0000,0.0379,0.0824,0.0051,-0.0262,0.9962,3.072,,,,,,,
49,Right,9,0.0000,0.0000,0.0243,0.0419,0.0253,-0.0166,0.9987,3.072,,,,,,,
49,Right,10,0.0003,0.0010,0.0224,0.0000,0.0000,0.0000,1.0000,3.072,,,,,,,
49,Right,11,-0.0041,-0.0071,0.0338,0.0000,0.0000,0.0000,1.0000,3.072,,,,,,,
49,Right,12,0.0024,0.0046,0.0619,0.1047,0.0979,-0.0144,0.9896,3.072,,,,,,,
49,Right,13,0.0000,0.0000,0.0429,0.0779,0.0035,-0.0117,0.9969,3.072,,,,,,,
49,Right,14,0.0000,0.0000,0.0275,-0.0033,0.0007,-0.0433,0.9991,3.072,,,,,,,
49,Right,15,0.0003,0.0011,0.0250,0.0000,0.0000,0.0000,1.0000,3.072,,,,,,,
49,Right,16,0.0150,-0.0060,0.0348,0.0000,0.0000,0.0000,1.0000,3.072,,,,,,,
49,Right,17,0.0025,-0.0005,0.0539,0.0760,0.1079,-0.0559,0.9897,3.072,,,,,,,
49,Right,18,0.0000,0.0000,0.0390,0.0778,0.0004,-0.0353,0.9963,3.072,,,,,,,
49,Right,19,0.0000,0.0000,0.0266,0.0303,-0.0294,-0.0061,0.9991,3.072,,,,,,,
49,Right,20,0.0003,0.0016,0.0243,0.0000,0.0000,0.0000,1.0000,3.072,,,,,,,
49,Right,21,0.0230,-0.0094,0.0341,0.0183,0.1403,-0.2070,0.9681,3.072,,,,,,,
49,Right,22,0.0000,0.0000,0.0457,-0.0348,0.0315,0.0954,0.9943,3.072,,,,,,,
49,Right,23,0.0000,0.0000,0.0307,0.1165,0.0376,-0.0487,0.9913,3.072,,,,,,,
49,Right,24,0.0000,0.0000,0.0203,-0.0077,-0.0492,0.0007,0.9988,3.072,,,,,,,
49,Right,25,-0.0002,0.0012,0.0219,0.0000,0.0000,0.0000,1.0000,3.072,,,,,,,
50,Left,0,0.0018,-0.0057,0.0655,0.0000,0.0000,0.0000,1.0000,3.129,,,,,,,
50,Left,1,0.0000,0.0000,0.0000,0.0000,0.0000,0.0000,1.0000,3.129,-0.5301,0.3236,-0.0635,-0.7357,0.4544,-0.1696,-0.4727
50,Left,2,0.0266,-0.0207,0.0367,-0.0153,0.3170,-0.6502,0.6903,3.129,,,,,,,
50,Left,3,0.0000,0.0000,0.0325,0.2902,-0.0430,0.0802,0.9526,3.129,,,,,,,
50,Left,4,0.0000,0.0000,0.0338,0.1850,0.0440,-0.0766,0.9787,3.129,,,,,,,
50,Left,5,-0.0007,0.0010,0.0246,0.0000,0.0000,0.0000,1.0000,3.129,,,,,,,
50,Left,6,0.0180,-0.0118,0.0375,0.0000,0.0000,0.0000,1.0000,3.129,,,,,,,
50,Left,7,0.0055,0.0045,0.0585,0.4502,-0.1042,0.0002,0.8868,3.129,,,,,,,
50,Left,8,0.0000,0.0000,0.0379,0.7187,0.0136,0.0217,0.6949,3.129,,,,,,,
50,Left,9,0.0000,0.0000,0.0243,0.5230,-0.0136,0.0166,0.8521,3.129,,,,,,,
50,Left,10,-0.0003,0.0010,0.0224,0.0000,0.0000,0.0000,1.0000,3.129,,,,,,,
50,Left,11,0.0018,-0.0088,0.0354,0.0000,0.0000,0.0000,1.0000,3.129,,,,,,,
50,Left,12,-0.0001,0.0063,0.0603,0.5522,-0.1043,0.0707,0.8241,3.129,,,,,,,
50,Left,13,0.0000,0.0000,0.0429,0.6993,0.0047,0.0125,0.7147,3.129,,,,,,,
50,Left,14,0.0000,0.0000,0.0275,0.5438,0.0233,0.0898,0.8340,3.129,,,,,,,
50,Left,15,-0.0003,0.0011,0.0250,0.0000,0.0000,0.0000,1.0000,3.129,,,,,,,
50,Left,16,-0.0150,-0.0060,0.0348,0.0000,0.0000,0.0000,1.0000,3.129,,,,,,,
50,Left,17,-0.0025,-0.0005,0.0539,0.5832,-0.0702,0.1048,0.8025,3.129,,,,,,,
50,Left,18,0.0000,0.0000,0.0390,0.6853,0.0208,0.0417,0.7267,3.129,,,,,,,
50,Left,19,0.0000,0.0000,0.0266,0.5593,0.0269,0.0301,0.8280,3.129,,,,,,,
50,Left,20,-0.0003,0.0016,0.0243,0.0000,0.0000,0.0000,1.0000,3.129,,,,,,,
50,Left,21,-0.0230,-0.0094,0.0341,0.0183,-0.1403,0.2070,0.9681,3.129,,,,,,,
50,Left,22,0.0000,0.0000,0.0457,0.5510,-0.0480,-0.0526,0.8314,3.129,,,,,,,
50,Left,23,0.0000,0.0000,0.0307,0.6210,-0.0090,0.0848,0.7791,3.129,,,,,,,
50,Left,24,0.0000,0.0000,0.0203,0.6173,0.0382,-0.0027,0.7858,3.129,,,,,,,
50,Left,25,0.0002,0.0012,0.0219,0.0000,0.0000,0.0000,1.0000,3.129,,,,,,,
50,Right,0,-0.0029,-0.0048,0.0647,0.0000,0.0000,0.0000,1.0000,3.129,,,,,,,
50,Right,1,0.0000,0.0000,0.0000,0.0000,0.0000,0.0000,1.0000,3.129,-0.0126,0.0733,0.0178,0.6360,-0.0822,-0.0721,0.7639
50,Right,2,-0.0313,-0.0140,0.0334,-0.1661,-0.3172,0.5144,0.7792,3.129,,,,,,,
50,Right,3,0.0000,0.0000,0.0325,0.2825,0.0438,-0.0804,0.9549,3.129,,,,,,,
50,Right,4,0.0000,0.0000,0.0338,0.1016,-0.0517,0.0796,0.9903,3.129,,,,,,,
50,Right,5,0.0007,0.0010,0.0246,0.0000,0.0000,0.0000,1.0000,3.129,,,,,,,
50,Right,6,-0.0204,-0.0084,0.0359,0.0000,0.0000,0.0000,1.0000,3.129,,,,,,,
50,Right,7,-0.0032,0.0011,0.0601,0.0233,0.0553,0.0315,0.9977,3.129,,,,,,,
50,Right,8,0.0000,0.0000,0.0379,0.0808,0.0051,-0.0262,0.9964,3.129,,,,,,,
50,Right,9,0.0000,0.0000,0.0243,0.0416,0.0253,-0.0166,0.9987,3.129,,,,,,,
50,Right,10,0.0003,0.0010,0.0224,0.0000,0.0000,0.0000,1.0000,3.129,,,,,,,
50,Right,11,-0.0042,-0.0071,0.0338,0.0000,0.0000,0.0000,1.0000,3.129,,,,,,,
50,Right,12,0.0024,0.0046,0.0619,0.1050,0.0976,-0.0144,0.9896,3.129,,,,,,,
50,Right,13,0.0000,0.0000,0.0429,0.0765,0.0035,-0.0117,0.9970,3.129,,,,,,,
50,Right,14,0.0000,0.0000,0.0275,-0.0036,0.0007,-0.0433,0.9991,3.129,,,,,,,
50,Right,15,0.0003,0.0011,0.0250,0.0000,0.0000,0.0000,1.0000,3.129,,,,,,,
50,Right,16,0.0150,-0.0060,0.0348,0.0000,0.0000,0.0000,1.0000,3.129,,,,,,,
50,Right,17,0.0025,-0.0005,0.0539,0.0766,0.1071,-0.0560,0.9897,3.129,,,,,,,
50,Right,18,0.0000,0.0000,0.0390,0.0757,0.0004,-0.0353,0.9965,3.129,,,,,,,
50,Right,19,0.0000,0.0000,0.0266,0.0298,-0.0294,-0.0060,0.9991,3.129,,,,,,,
50,Right,20,0.0003,0.0016,0.0243,0.0000,0.0000,0.0000,1.0000,3.129,,,,,,,
50,Right,21,0.0230,-0.0094,0.0341,0.0183,0.1403,-0.2070,0.9681,3.129,,,,,,,
50,Right,22,0.0000,0.0000,0.0457,-0.0349,0.0276,0.0953,0.9945,3.129,,,,,,,
50,Right,23,0.0000,0.0000,0.0307,0.1161,0.0376,-0.0487,0.9913,3.129,,,,,,,
50,Right,24,0.0000,0.0000,0.0203,-0.0074,-0.0492,0.0007,0.9988,3.129,,,,,,,
50,Right,25,-0.0002,0.0012,0.0219,0.0000,0.0000,0.0000,1.0000,3.129,,,,,,,
51,Left,0,0.0017,-0.0057,0.0655,0.0000,0.0000,0.0000,1.0000,3.150,,,,,,,
51,Left,1,0.0000,0.0000,0.0000,0.0000,0.0000,0.0000,1.0000,3.150,-0.5277,0.3284,-0.0666,-0.7403,0.4563,-0.1682,-0.4642
51,Left,2,0.0265,-0.0208,0.0367,-0.0145,0.3157,-0.6514,0.6898,3.150,,,,,,,
51,Left,3,0.0000,0.0000,0.0325,0.2894,-0.0431,0.0803,0.9529,3.150,,,,,,,
51,Left,4,0.0000,0.0000,0.0338,0.1822,0.0443,-0.0767,0.9793,3.150,,,,,,,
51,Left,5,-0.0007,0.0010,0.0246,0.0000,0.0000,0.0000,1.0000,3.150,,,,,,,
51,Left,6,0.0179,-0.0119,0.0376,0.0000,0.0000,0.0000,1.0000,3.150,,,,,,,
51,Left,7,0.0056,0.0046,0.0584,0.4476,-0.1064,0.0009,0.8879,3.150,,,,,,,
51,Left,8,0.0000,0.0000,0.0379,0.7136,0.0134,0.0218,0.7001,3.150,,,,,,,
51,Left,9,0.0000,0.0000,0.0243,0.5213,-0.0137,0.0166,0.8531,3.150,,,,,,,
51,Left,10,-0.0003,0.0010,0.0224,0.0000,0.0000,0.0000,1.0000,3.150,,,,,,,
51,Left,11,0.0017,-0.0088,0.0354,0.0000,0.0000,0.0000,1.0000,3.150,,,,,,,
51,Left,12,0.0000,0.0063,0.0603,0.5510,-0.1044,0.0705,0.8250,3.150,,,,,,,
51,Left,13,0.0000,0.0000,0.0429,0.6989,0.0047,0.0125,0.7151,3.150,,,,,,,
51,Left,14,0.0000,0.0000,0.0276,0.5439,0.0233,0.0898,0.8340,3.150,,,,,,,
51,Left,15,-0.0003,0.0011,0.0250,0.0000,0.0000,0.0000,1.0000,3.150,,,,,,,
51,Left,16,-0.0150,-0.0060,0.0348,0.0000,0.0000,0.0000,1.0000,3.150,,,,,,,
51,Left,17,-0.0025,-0.0005,0.0539,0.5812,-0.0706,0.1047,0.8039,3.150,,,,,,,
51,Left,18,0.0000,0.0000,0.0390,0.6850,0.0208,0.0417,0.7271,3.150,,,,,,,
51,Left,19,0.0000,0.0000,0.0266,0.5596,0.0269,0.0301,0.8277,3.150,,,,,,,
51,Left,20,-0.0003,0.0016,0.0243,0.0000,0.0000,0.0000,1.0000,3.150,,,,,,,
51,Left,21,-0.0230,-0.0094,0.0341,0.0183,-0.1403,0.2070,0.9681,3.150,,,,,,,
51,Left,22,0.0000,0.0000,0.0457,0.5469,-0.0476,-0.0529,0.8342,3.150,,,,,,,
51,Left,23,0.0000,0.0000,0.0307,0.6207,-0.0090,0.0848,0.7794,3.150,,,,,,,
51,Left,24,0.0000,0.0000,0.0203,0.6189,0.0381,-0.0027,0.7845,3.150,,,,,,,
51,Left,25,0.0002,0.0012,0.0219,0.0000,0.0000,0.0000,1.0000,3.150,,,,,,,
51,Right,0,-0.0029,-0.0048,0.0647,0.0000,0.0000,0.0000,1.0000,3.150,,,,,,,
51,Right,1,0.0000,0.0000,0.0000,0.0000,0.0000,0.0000,1.0000,3.150,-0.0127,0.0743,0.0189,0.6378,-0.0813,-0.0726,0.7625
51,Right,2,-0.0313,-0.0139,0.0334,-0.1662,-0.3173,0.5143,0.7792,3.150,,,,,,,
51,Right,3,0.0000,0.0000,0.0325,0.2822,0.0439,-0.0804,0.9550,3.150,,,,,,,
51,Right,4,0.0000,0.0000,0.0338,0.1037,-0.0515,0.0795,0.9901,3.150,,,,,,,
51,Right,5,0.0007,0.0010,0.0246,0.0000,0.0000,0.0000,1.0000,3.150,,,,,,,
51,Right,6,-0.0204,-0.0084,0.0359,0.0000,0.0000,0.0000,1.0000,3.150,,,,,,,
51,Right,7,-0.0032,0.0011,0.0601,0.0231,0.0554,0.0316,0.9977,3.150,,,,,,,
51,Right,8,0.0000,0.0000,0.0379,0.0803,0.0051,-0.0262,0.9964,3.150,,,,,,,
51,Right,9,0.0000,0.0000,0.0243,0.0415,0.0253,-0.0166,0.9987,3.150,,,,,,,
51,Right,10,0.0003,0.0010,0.0224,0.0000,0.0000,0.0000,1.0000,3.150,,,,,,,
51,Right,11,-0.0042,-0.0071,0.0338,0.0000,0.0000,0.0000,1.0000,3.150,,,,,,,
51,Right,12,0.0024,0.0046,0.0619,0.1050,0.0973,-0.0143,0.9896,3.150,,,,,,,
51,Right,13,0.0000,0.0000,0.0429,0.0759,0.0035,-0.0117,0.9970,3.150,,,,,,,
51,Right,14,0.0000,0.0000,0.0275,-0.0037,0.0007,-0.0432,0.9991,3.150,,,,,,,
51,Right,15,0.0003,0.0011,0.0250,0.0000,0.0000,0.0000,1.0000,3.150,,,,,,,
51,Right,16,0.0150,-0.0060,0.0348,0.0000,0.0000,0.0000,1.0000,3.150,,,,,,,
51,Right,17,0.0025,-0.0005,0.0539,0.0769,0.1068,-0.0560,0.9897,3.150,,,,,,,
51,Right,18,0.0000,0.0000,0.0390,0.0749,0.0005,-0.0353,0.9966,3.150,,,,,,,
51,Right,19,0.0000,0.0000,0.0266,0.0296,-0.0294,-0.0060,0.9991,3.150,,,,,,,
51,Right,20,0.0003,0.0016,0.0243,0.0000,0.0000,0.0000,1.0000,3.150,,,,,,,
51,Right,21,0.0230,-0.0094,0.0341,0.0183,0.1403,-0.2070,0.9681,3.150,,,,,,,
51,Right,22,0.0000,0.0000,0.0457,-0.0350,0.0250,0.0952,0.9945,3.150,,,,,,,
51,Right,23,0.0000,0.0000,0.0307,0.1159,0.0376,-0.0487,0.9914,3.150,,,,,,,
51,Right,24,0.0000,0.0000,0.0203,-0.0073,-0.0492,0.0007,0.9988,3.150,,,,,,,
51,Right,25,-0.0002,0.0012,0.0219,0.0000,0.0000,0.0000,1.0000,3.150,,,,,,,
52,Left,0,0.0017,-0.0057,0.0655,0.0000,0.0000,0.0000,1.0000,3.170,,,,,,,
52,Left,1,0.0000,0.0000,0.0000,0.0000,0.0000,0.0000,1.0000,3.170,-0.5252,0.3332,-0.0698,-0.7442,0.4597,-0.1662,-0.4552
52,Left,2,0.0264,-0.0208,0.0367,-0.0141,0.3142,-0.6524,0.6895,3.170,,,,,,,
52,Left,3,0.0000,0.0000,0.0325,0.2887,-0.0431,0.0803,0.9531,3.170,,,,,,,
52,Left,4,0.0000,0.0000,0.0338,0.1799,0.0445,-0.0768,0.9797,3.170,,,,,,,
52,Left,5,-0.0007,0.0010,0.0246,0.0000,0.0000,0.0000,1.0000,3.170,,,,,,,
52,Left,6,0.0179,-0.0119,0.0376,0.0000,0.0000,0.0000,1.0000,3.170,,,,,,,
52,Left,7,0.0056,0.0046,0.0584,0.4451,-0.1084,0.0016,0.8889,3.170,,,,,,,
52,Left,8,0.0000,0.0000,0.0379,0.7090,0.0133,0.0219,0.7047,3.170,,,,,,,
52,Left,9,0.0000,0.0000,0.0243,0.5193,-0.0137,0.0166,0.8543,3.170,,,,,,,
52,Left,10,-0.0003,0.0010,0.0224,0.0000,0.0000,0.0000,1.0000,3.170,,,,,,,
52,Left,11,0.0017,-0.0088,0.0354,0.0000,0.0000,0.0000,1.0000,3.170,,,,,,,
52,Left,12,0.0000,0.0063,0.0603,0.5498,-0.1044,0.0704,0.8257,3.170,,,,,,,
52,Left,13,0.0000,0.0000,0.0429,0.6981,0.0047,0.0125,0.7159,3.170,,,,,,,
52,Left,14,0.0000,0.0000,0.0276,0.5439,0.0233,0.0898,0.8340,3.170,,,,,,,
52,Left,15,-0.0003,0.0011,0.0250,0.0000,0.0000,0.0000,1.0000,3.170,,,,,,,
52,Left,16,-0.0150,-0.0060,0.0348,0.0000,0.0000,0.0000,1.0000,3.170,,,,,,,
52,Left,17,-0.0025,-0.0005,0.0539,0.5796,-0.0708,0.1046,0.8050,3.170,,,,,,,
52,Left,18,0.0000,0.0000,0.0390,0.6845,0.0208,0.0417,0.7276,3.170,,,,,,,
52,Left,19,0.0000,0.0000,0.0266,0.5599,0.0269,0.0301,0.8276,3.170,,,,,,,
52,Left,20,-0.0003,0.0016,0.0243,0.0000,0.0000,0.0000,1.0000,3.170,,,,,,,
52,Left,21,-0.0230,-0.0094,0.0341,0.0183,-0.1403,0.2070,0.9681,3.170,,,,,,,
52,Left,22,0.0000,0.0000,0.0457,0.5434,-0.0474,-0.0532,0.8364,3.170,,,,,,,
52,Left,23,0.0000,0.0000,0.0307,0.6199,-0.0090,0.0848,0.7801,3.170,,,,,,,
52,Left,24,0.0000,0.0000,0.0203,0.6203,0.0381,-0.0027,0.7834,3.170,,,,,,,
52,Left,25,0.0002,0.0012,0.0219,0.0000,0.0000,0.0000,1.0000,3.170,,,,,,,
52,Right,0,-0.0029,-0.0048,0.0647,0.0000,0.0000,0.0000,1.0000,3.170,,,,,,,
52,Right,1,0.0000,0.0000,0.0000,0.0000,0.0000,0.0000,1.0000,3.170,-0.0127,0.0751,0.0198,0.6392,-0.0805,-0.0729,0.7613
52,Right,2,-0.0313,-0.0139,0.0334,-0.1662,-0.3174,0.5142,0.7792,3.170,,,,,,,
52,Right,3,0.0000,0.0000,0.0325,0.2820,0.0439,-0.0804,0.9550,3.170,,,,,,,
52,Right,4,0.0000,0.0000,0.0338,0.1056,-0.0513,0.0794,0.9899,3.170,,,,,,,
52,Right,5,0.0007,0.0010,0.0246,0.0000,0.0000,0.0000,1.0000,3.170,,,,,,,
52,Right,6,-0.0204,-0.0084,0.0359,0.0000,0.0000,0.0000,1.0000,3.170,,,,,,,
52,Right,7,-0.0032,0.0011,0.0601,0.0230,0.0554,0.0316,0.9977,3.170,,,,,,,
52,Right,8,0.0000,0.0000,0.0379,0.0798,0.0051,-0.0262,0.9965,3.170,,,,,,,
52,Right,9,0.0000,0.0000,0.0243,0.0415,0.0253,-0.0166,0.9987,3.170,,,,,,,
52,Right,10,0.0003,0.0010,0.0224,0.0000,0.0000,0.0000,1.0000,3.170,,,,,,,
52,Right,11,-0.0042,-0.0071,0.0338,0.0000,0.0000,0.0000,1.0000,3.170,,,,,,,
52,Right,12,0.0024,0.0046,0.0619,0.1050,0.0971,-0.0143,0.9896,3.170,,,,,,,
52,Right,13,0.0000,0.0000,0.0429,0.0753,0.0035,-0.0117,0.9971,3.170,,,,,,,
52,Right,14,0.0000,0.0000,0.0275,-0.0038,0.0007,-0.0432,0.9991,3.170,,,,,,,
52,Right,15,0.0003,0.0011,0.0250,0.0000,0.0000,0.0000,1.0000,3.170,,,,,,,
52,Right,16,0.0150,-0.0060,0.0348,0.0000,0.0000,0.0000,1.0000,3.170,,,,,,,
52,Right,17,0.0025,-0.0005,0.0539,0.0771,0.1064,-0.0560,0.9897,3.170,,,,,,,
52,Right,18,0.0000,0.0000,0.0390,0.0742,0.0005,-0.0353,0.9966,3.170,,,,,,,
52,Right,19,0.0000,0.0000,0.0266,0.0295,-0.0294,-0.0060,0.9991,3.170,,,,,,,
52,Right,20,0.0003,0.0016,0.0243,0.0000,0.0000,0.0000,1.0000,3.170,,,,,,,
52,Right,21,0.0230,-0.0094,0.0341,0.0183,0.1403,-0.2070,0.9681,3.170,,,,,,,
52,Right,22,0.0000,0.0000,0.0457,-0.0350,0.0228,0.0952,0.9946,3.170,,,,,,,
52,Right,23,0.0000,0.0000,0.0307,0.1158,0.0376,-0.0487,0.9914,3.170,,,,,,,
52,Right,24,0.0000,0.0000,0.0203,-0.0072,-0.0492,0.0007,0.9988,3.170,,,,,,,
52,Right,25,-0.0002,0.0012,0.0219,0.0000,0.0000,0.0000,1.0000,3.170,,,,,,,
53,Left,0,0.0017,-0.0057,0.0655,0.0000,0.0000,0.0000,1.0000,3.186,,,,,,,
53,Left,1,0.0000,0.0000,0.0000,0.0000,0.0000,0.0000,1.0000,3.186,-0.5226,0.3377,-0.0732,-0.7453,0.4694,-0.1621,-0.4448
53,Left,2,0.0264,-0.0208,0.0367,-0.0155,0.3123,-0.6525,0.6902,3.186,,,,,,,
53,Left,3,0.0000,0.0000,0.0325,0.2883,-0.0432,0.0803,0.9532,3.186,,,,,,,
53,Left,4,0.0000,0.0000,0.0338,0.1797,0.0445,-0.0768,0.9797,3.186,,,,,,,
53,Left,5,-0.0007,0.0010,0.0246,0.0000,0.0000,0.0000,1.0000,3.186,,,,,,,
53,Left,6,0.0179,-0.0119,0.0376,0.0000,0.0000,0.0000,1.0000,3.186,,,,,,,
53,Left,7,0.0056,0.0046,0.0584,0.4427,-0.1099,0.0020,0.8899,3.186,,,,,,,
53,Left,8,0.0000,0.0000,0.0379,0.7066,0.0132,0.0219,0.7071,3.186,,,,,,,
53,Left,9,0.0000,0.0000,0.0243,0.5164,-0.0138,0.0166,0.8560,3.186,,,,,,,
53,Left,10,-0.0003,0.0010,0.0224,0.0000,0.0000,0.0000,1.0000,3.186,,,,,,,
53,Left,11,0.0017,-0.0088,0.0354,0.0000,0.0000,0.0000,1.0000,3.186,,,,,,,
53,Left,12,0.0000,0.0063,0.0603,0.5489,-0.1045,0.0703,0.8264,3.186,,,,,,,
53,Left,13,0.0000,0.0000,0.0429,0.6956,0.0047,0.0125,0.7183,3.186,,,,,,,
53,Left,14,0.0000,0.0000,0.0276,0.5437,0.0233,0.0898,0.8342,3.186,,,,,,,
53,Left,15,-0.0003,0.0011,0.0250,0.0000,0.0000,0.0000,1.0000,3.186,,,,,,,
53,Left,16,-0.0150,-0.0060,0.0348,0.0000,0.0000,0.0000,1.0000,3.186,,,,,,,
53,Left,17,-0.0025,-0.0005,0.0539,0.5793,-0.0710,0.1047,0.8052,3.186,,,,,,,
53,Left,18,0.0000,0.0000,0.0390,0.6834,0.0208,0.0417,0.7286,3.186,,,,,,,
53,Left,19,0.0000,0.0000,0.0266,0.5600,0.0269,0.0301,0.8275,3.186,,,,,,,
53,Left,20,-0.0003,0.0016,0.0243,0.0000,0.0000,0.0000,1.0000,3.186,,,,,,,
53,Left,21,-0.0230,-0.0094,0.0341,0.0183,-0.1403,0.2070,0.9681,3.186,,,,,,,
53,Left,22,0.0000,0.0000,0.0457,0.5429,-0.0474,-0.0532,0.8368,3.186,,,,,,,
53,Left,23,0.0000,0.0000,0.0307,0.6170,-0.0093,0.0846,0.7824,3.186,,,,,,,
53,Left,24,0.0000,0.0000,0.0203,0.6211,0.0381,-0.0027,0.7828,3.186,,,,,,,
53,Left,25,0.0002,0.0012,0.0219,0.0000,0.0000,0.0000,1.0000,3.186,,,,,,,
53,Right,0,-0.0029,-0.0048,0.0647,0.0000,0.0000,0.0000,1.0000,3.186,,,,,,,
53,Right,1,0.0000,0.0000,0.0000,0.0000,0.0000,0.0000,1.0000,3.186,-0.0126,0.0752,0.0195,0.6392,-0.0805,-0.0726,0.7613
53,Right,2,-0.0313,-0.0139,0.0334,-0.1664,-0.3175,0.5140,0.7793,3.186,,,,,,,
53,Right,3,0.0000,0.0000,0.0325,0.2818,0.0439,-0.0804,0.9551,3.186,,,,,,,
53,Right,4,0.0000,0.0000,0.0338,0.1070,-0.0512,0.0794,0.9898,3.186,,,,,,,
53,Right,5,0.0007,0.0010,0.0246,0.0000,0.0000,0.0000,1.0000,3.186,,,,,,,
53,Right,6,-0.0204,-0.0084,0.0359,0.0000,0.0000,0.0000,1.0000,3.186,,,,,,,
53,Right,7,-0.0032,0.0011,0.0601,0.0228,0.0552,0.0316,0.9977,3.186,,,,,,,
53,Right,8,0.0000,0.0000,0.0379,0.0793,0.0051,-0.0262,0.9965,3.186,,,,,,,
53,Right,9,0.0000,0.0000,0.0243,0.0415,0.0253,-0.0166,0.9987,3.186,,,,,,,
53,Right,10,0.0003,0.0010,0.0224,0.0000,0.0000,0.0000,1.0000,3.186,,,,,,,
53,Right,11,-0.0042,-0.0071,0.0338,0.0000,0.0000,0.0000,1.0000,3.186,,,,,,,
53,Right,12,0.0024,0.0046,0.0619,0.1050,0.0968,-0.0143,0.9896,3.186,,,,,,,
53,Right,13,0.0000,0.0000,0.0429,0.0750,0.0035,-0.0117,0.9971,3.186,,,,,,,
53,Right,14,0.0000,0.0000,0.0275,-0.0038,0.0007,-0.0432,0.9991,3.186,,,,,,,
53,Right,15,0.0003,0.0011,0.0250,0.0000,0.0000,0.0000,1.0000,3.186,,,,,,,
53,Right,16,0.0150,-0.0060,0.0348,0.0000,0.0000,0.0000,1.0000,3.186,,,,,,,
53,Right,17,0.0025,-0.0005,0.0539,0.0773,0.1061,-0.0560,0.9898,3.186,,,,,,,
53,Right,18,0.0000,0.0000,0.0390,0.0738,0.0005,-0.0353,0.9966,3.186,,,,,,,
53,Right,19,0.0000,0.0000,0.0266,0.0295,-0.0294,-0.0060,0.9991,3.186,,,,,,,
53,Right,20,0.0003,0.0016,0.0243,0.0000,0.0000,0.0000,1.0000,3.186,,,,,,,
53,Right,21,0.0230,-0.0094,0.0341,0.0183,0.1403,-0.2070,0.9681,3.186,,,,,,,
53,Right,22,0.0000,0.0000,0.0457,-0.0350,0.0222,0.0952,0.9946,3.186,,,,,,,
53,Right,23,0.0000,0.0000,0.0307,0.1159,0.0376,-0.0487,0.9913,3.186,,,,,,,
53,Right,24,0.0000,0.0000,0.0203,-0.0071,-0.0492,0.0007,0.9988,3.186,,,,,,,
53,Right,25,-0.0002,0.0012,0.0219,0.0000,0.0000,0.0000,1.0000,3.186,,,,,,,
54,Left,0,0.0017,-0.0057,0.0655,0.0000,0.0000,0.0000,1.0000,3.202,,,,,,,
54,Left,1,0.0000,0.0000,0.0000,0.0000,0.0000,0.0000,1.0000,3.202,-0.5200,0.3422,-0.0767,-0.7463,0.4790,-0.1579,-0.4343
54,Left,2,0.0264,-0.0209,0.0367,-0.0168,0.3103,-0.6526,0.6910,3.202,,,,,,,
54,Left,3,0.0000,0.0000,0.0325,0.2878,-0.0433,0.0803,0.9533,3.202,,,,,,,
54,Left,4,0.0000,0.0000,0.0338,0.1794,0.0446,-0.0768,0.9798,3.202,,,,,,,
54,Left,5,-0.0007,0.0010,0.0246,0.0000,0.0000,0.0000,1.0000,3.202,,,,,,,
54,Left,6,0.0179,-0.0119,0.0376,0.0000,0.0000,0.0000,1.0000,3.202,,,,,,,
54,Left,7,0.0056,0.0046,0.0584,0.4403,-0.1114,0.0025,0.8909,3.202,,,,,,,
54,Left,8,0.0000,0.0000,0.0379,0.7042,0.0131,0.0220,0.7095,3.202,,,,,,,
54,Left,9,0.0000,0.0000,0.0243,0.5136,-0.0139,0.0166,0.8578,3.202,,,,,,,
54,Left,10,-0.0003,0.0010,0.0224,0.0000,0.0000,0.0000,1.0000,3.202,,,,,,,
54,Left,11,0.0017,-0.0088,0.0354,0.0000,0.0000,0.0000,1.0000,3.202,,,,,,,
54,Left,12,0.0000,0.0063,0.0602,0.5479,-0.1046,0.0702,0.8270,3.202,,,,,,,
54,Left,13,0.0000,0.0000,0.0429,0.6932,0.0046,0.0126,0.7207,3.202,,,,,,,
54,Left,14,0.0000,0.0000,0.0275,0.5435,0.0233,0.0898,0.8343,3.202,,,,,,,
54,Left,15,-0.0003,0.0011,0.0250,0.0000,0.0000,0.0000,1.0000,3.202,,,,,,,
54,Left,16,-0.0150,-0.0060,0.0348,0.0000,0.0000,0.0000,1.0000,3.202,,,,,,,
54,Left,17,-0.0025,-0.0005,0.0539,0.5790,-0.0712,0.1048,0.8054,3.202,,,,,,,
54,Left,18,0.0000,0.0000,0.0390,0.6823,0.0207,0.0417,0.7296,3.202,,,,,,,
54,Left,19,0.0000,0.0000,0.0266,0.5601,0.0269,0.0301,0.8275,3.202,,,,,,,
54,Left,20,-0.0003,0.0016,0.0243,0.0000,0.0000,0.0000,1.0000,3.202,,,,,,,
54,Left,21,-0.0230,-0.0094,0.0341,0.0183,-0.1403,0.2070,0.9681,3.202,,,,,,,
54,Left,22,0.0000,0.0000,0.0457,0.5424,-0.0475,-0.0532,0.8371,3.202,,,,,,,
54,Left,23,0.0000,0.0000,0.0307,0.6141,-0.0095,0.0844,0.7846,3.202,,,,,,,
54,Left,24,0.0000,0.0000,0.0203,0.6218,0.0380,-0.0027,0.7823,3.202,,,,,,,
54,Left,25,0.0002,0.0012,0.0219,0.0000,0.0000,0.0000,1.0000,3.202,,,,,,,
54,Right,0,-0.0029,-0.0048,0.0647,0.0000,0.0000,0.0000,1.0000,3.202,,,,,,,
54,Right,1,0.0000,0.0000,0.0000,0.0000,0.0000,0.0000,1.0000,3.202,-0.0125,0.0753,0.0193,0.6392,-0.0806,-0.0723,0.7614
54,Right,2,-0.0313,-0.0139,0.0334,-0.1665,-0.3175,0.5138,0.7794,3.202,,,,,,,
54,Right,3,0.0000,0.0000,0.0325,0.2817,0.0439,-0.0804,0.9551,3.202,,,,,,,
54,Right,4,0.0000,0.0000,0.0338,0.1085,-0.0511,0.0793,0.9896,3.202,,,,,,,
54,Right,5,0.0007,0.0010,0.0246,0.0000,0.0000,0.0000,1.0000,3.202,,,,,,,
54,Right,6,-0.0204,-0.0084,0.0359,0.0000,0.0000,0.0000,1.0000,3.202,,,,,,,
54,Right,7,-0.0032,0.0011,0.0601,0.0227,0.0549,0.0315,0.9977,3.202,,,,,,,
54,Right,8,0.0000,0.0000,0.0379,0.0788,0.0051,-0.0262,0.9965,3.202,,,,,,,
54,Right,9,0.0000,0.0000,0.0243,0.0414,0.0253,-0.0166,0.9987,3.202,,,,,,,
54,Right,10,0.0003,0.0010,0.0224,0.0000,0.0000,0.0000,1.0000,3.202,,,,,,,
54,Right,11,-0.0042,-0.0071,0.0338,0.0000,0.0000,0.0000,1.0000,3.202,,,,,,,
54,Right,12,0.0024,0.0046,0.0619,0.1050,0.0965,-0.0143,0.9897,3.202,,,,,,,
54,Right,13,0.0000,0.0000,0.0429,0.0746,0.0035,-0.0117,0.9971,3.202,,,,,,,
54,Right,14,0.0000,0.0000,0.0275,-0.0038,0.0007,-0.0432,0.9991,3.202,,,,,,,
54,Right,15,0.0003,0.0011,0.0250,0.0000,0.0000,0.0000,1.0000,3.202,,,,,,,
54,Right,16,0.0150,-0.0060,0.0348,0.0000,0.0000,0.0000,1.0000,3.202,,,,,,,
54,Right,17,0.0025,-0.0005,0.0539,0.0775,0.1058,-0.0560,0.9898,3.202,,,,,,,
54,Right,18,0.0000,0.0000,0.0390,0.0734,0.0005,-0.0352,0.9967,3.202,,,,,,,
54,Right,19,0.0000,0.0000,0.0266,0.0294,-0.0294,-0.0060,0.9991,3.202,,,,,,,
54,Right,20,0.0003,0.0016,0.0243,0.0000,0.0000,0.0000,1.0000,3.202,,,,,,,
54,Right,21,0.0230,-0.0094,0.0341,0.0183,0.1403,-0.2070,0.9681,3.202,,,,,,,
54,Right,22,0.0000,0.0000,0.0457,-0.0350,0.0216,0.0951,0.9946,3.202,,,,,,,
54,Right,23,0.0000,0.0000,0.0307,0.1160,0.0376,-0.0487,0.9913,3.202,,,,,,,
54,Right,24,0.0000,0.0000,0.0203,-0.0070,-0.0492,0.0007,0.9988,3.202,,,,,,,
54,Right,25,-0.0002,0.0012,0.0219,0.0000,0.0000,0.0000,1.0000,3.202,,,,,,,
55,Left,0,0.0017,-0.0057,0.0655,0.0000,0.0000,0.0000,1.0000,3.241,,,,,,,
55,Left,1,0.0000,0.0000,0.0000,0.0000,0.0000,0.0000,1.0000,3.241,-0.5166,0.3465,-0.0795,-0.7457,0.4897,-0.1514,-0.4256
55,Left,2,0.0264,-0.0209,0.0368,-0.0180,0.3079,-0.6531,0.6916,3.241,,,,,,,
55,Left,3,0.0000,0.0000,0.0325,0.2871,-0.0433,0.0803,0.9535,3.241,,,,,,,
55,Left,4,0.0000,0.0000,0.0338,0.1791,0.0446,-0.0768,0.9798,3.241,,,,,,,
55,Left,5,-0.0007,0.0010,0.0246,0.0000,0.0000,0.0000,1.0000,3.241,,,,,,,
55,Left,6,0.0179,-0.0119,0.0376,0.0000,0.0000,0.0000,1.0000,3.241,,,,,,,
55,Left,7,0.0057,0.0046,0.0584,0.4369,-0.1124,0.0025,0.8925,3.241,,,,,,,
55,Left,8,0.0000,0.0000,0.0379,0.7011,0.0130,0.0221,0.7126,3.241,,,,,,,
55,Left,9,0.0000,0.0000,0.0243,0.5083,-0.0141,0.0167,0.8609,3.241,,,,,,,
55,Left,10,-0.0003,0.0010,0.0224,0.0000,0.0000,0.0000,1.0000,3.241,,,,,,,
55,Left,11,0.0017,-0.0089,0.0354,0.0000,0.0000,0.0000,1.0000,3.241,,,,,,,
55,Left,12,0.0000,0.0063,0.0602,0.5465,-0.1048,0.0699,0.8279,3.241,,,,,,,
55,Left,13,0.0000,0.0000,0.0429,0.6875,0.0045,0.0126,0.7261,3.241,,,,,,,
55,Left,14,0.0000,0.0000,0.0275,0.5428,0.0232,0.0897,0.8348,3.241,,,,,,,
55,Left,15,-0.0003,0.0011,0.0250,0.0000,0.0000,0.0000,1.0000,3.241,,,,,,,
55,Left,16,-0.0150,-0.0060,0.0348,0.0000,0.0000,0.0000,1.0000,3.241,,,,,,,
55,Left,17,-0.0025,-0.0005,0.0539,0.5784,-0.0713,0.1047,0.8059,3.241,,,,,,,
55,Left,18,0.0000,0.0000,0.0390,0.6799,0.0206,0.0417,0.7318,3.241,,,,,,,
55,Left,19,0.0000,0.0000,0.0266,0.5602,0.0269,0.0301,0.8274,3.241,,,,,,,
55,Left,20,-0.0003,0.0016,0.0243,0.0000,0.0000,0.0000,1.0000,3.241,,,,,,,
55,Left,21,-0.0230,-0.0094,0.0341,0.0183,-0.1403,0.2070,0.9681,3.241,,,,,,,
55,Left,22,0.0000,0.0000,0.0457,0.5420,-0.0474,-0.0533,0.8373,3.241,,,,,,,
55,Left,23,0.0000,0.0000,0.0307,0.6092,-0.0098,0.0841,0.7885,3.241,,,,,,,
55,Left,24,0.0000,0.0000,0.0203,0.6222,0.0380,-0.0027,0.7819,3.241,,,,,,,
55,Left,25,0.0002,0.0012,0.0219,0.0000,0.0000,0.0000,1.0000,3.241,,,,,,,
55,Right,0,-0.0029,-0.0048,0.0647,0.0000,0.0000,0.0000,1.0000,3.241,,,,,,,
55,Right,1,0.0000,0.0000,0.0000,0.0000,0.0000,0.0000,1.0000,3.241,-0.0122,0.0759,0.0187,0.6390,-0.0805,-0.0722,0.7615
55,Right,2,-0.0313,-0.0139,0.0334,-0.1669,-0.3175,0.5134,0.7796,3.241,,,,,,,
55,Right,3,0.0000,0.0000,0.0325,0.2814,0.0439,-0.0805,0.9552,3.241,,,,,,,
55,Right,4,0.0000,0.0000,0.0338,0.1121,-0.0507,0.0792,0.9892,3.241,,,,,,,
55,Right,5,0.0007,0.0010,0.0246,0.0000,0.0000,0.0000,1.0000,3.241,,,,,,,
55,Right,6,-0.0204,-0.0084,0.0359,0.0000,0.0000,0.0000,1.0000,3.241,,,,,,,
55,Right,7,-0.0032,0.0011,0.0601,0.0224,0.0544,0.0315,0.9978,3.241,,,,,,,
55,Right,8,0.0000,0.0000,0.0379,0.0779,0.0052,-0.0262,0.9966,3.241,,,,,,,
55,Right,9,0.0000,0.0000,0.0243,0.0416,0.0253,-0.0166,0.9987,3.241,,,,,,,
55,Right,10,0.0003,0.0010,0.0224,0.0000,0.0000,0.0000,1.0000,3.241,,,,,,,
55,Right,11,-0.0042,-0.0071,0.0337,0.0000,0.0000,0.0000,1.0000,3.241,,,,,,,
55,Right,12,0.0024,0.0046,0.0619,0.1052,0.0959,-0.0143,0.9897,3.241,,,,,,,
55,Right,13,0.0000,0.0000,0.0429,0.0739,0.0035,-0.0117,0.9972,3.241,,,,,,,
55,Right,14,0.0000,0.0000,0.0275,-0.0038,0.0007,-0.0433,0.9991,3.241,,,,,,,
55,Right,15,0.0003,0.0011,0.0250,0.0000,0.0000,0.0000,1.0000,3.241,,,,,,,
55,Right,16,0.0150,-0.0060,0.0348,0.0000,0.0000,0.0000,1.0000,3.241,,,,,,,
55,Right,17,0.0025,-0.0005,0.0539,0.0783,0.1049,-0.0561,0.9898,3.241,,,,,,,
55,Right,18,0.0000,0.0000,0.0390,0.0727,0.0005,-0.0352,0.9967,3.241,,,,,,,
55,Right,19,0.0000,0.0000,0.0266,0.0294,-0.0294,-0.0060,0.9991,3.241,,,,,,,
55,Right,20,0.0003,0.0016,0.0243,0.0000,0.0000,0.0000,1.0000,3.241,,,,,,,
55,Right,21,0.0230,-0.0094,0.0341,0.0183,0.1403,-0.2070,0.9681,3.241,,,,,,,
55,Right,22,0.0000,0.0000,0.0457,-0.0348,0.0200,0.0950,0.9947,3.241,,,,,,,
55,Right,23,0.0000,0.0000,0.0307,0.1167,0.0376,-0.0488,0.9913,3.241,,,,,,,
55,Right,24,0.0000,0.0000,0.0203,-0.0067,-0.0492,0.0007,0.9988,3.241,,,,,,,
55,Right,25,-0.0002,0.0012,0.0219,0.0000,0.0000,0.0000,1.0000,3.241,,,,,,,
56,Left,0,0.0017,-0.0057,0.0655,0.0000,0.0000,0.0000,1.0000,3.289,,,,,,,
56,Left,1,0.0000,0.0000,0.0000,0.0000,0.0000,0.0000,1.0000,3.289,-0.5130,0.3504,-0.0770,-0.7385,0.4816,-0.1514,-0.4469
56,Left,2,0.0264,-0.0209,0.0367,-0.0185,0.3077,-0.6528,0.6920,3.289,,,,,,,
56,Left,3,0.0000,0.0000,0.0325,0.2859,-0.0435,0.0804,0.9539,3.289,,,,,,,
56,Left,4,0.0000,0.0000,0.0338,0.1792,0.0446,-0.0768,0.9798,3.289,,,,,,,
56,Left,5,-0.0007,0.0010,0.0246,0.0000,0.0000,0.0000,1.0000,3.289,,,,,,,
56,Left,6,0.0179,-0.0119,0.0376,0.0000,0.0000,0.0000,1.0000,3.289,,,,,,,
56,Left,7,0.0056,0.0046,0.0584,0.4369,-0.1128,0.0028,0.8924,3.289,,,,,,,
56,Left,8,0.0000,0.0000,0.0379,0.7025,0.0130,0.0220,0.7112,3.289,,,,,,,
56,Left,9,0.0000,0.0000,0.0243,0.5070,-0.0141,0.0167,0.8617,3.289,,,,,,,
56,Left,10,-0.0003,0.0010,0.0224,0.0000,0.0000,0.0000,1.0000,3.289,,,,,,,
56,Left,11,0.0017,-0.0088,0.0354,0.0000,0.0000,0.0000,1.0000,3.289,,,,,,,
56,Left,12,0.0000,0.0063,0.0602,0.5461,-0.1043,0.0695,0.8283,3.289,,,,,,,
56,Left,13,0.0000,0.0000,0.0429,0.6862,0.0045,0.0126,0.7273,3.289,,,,,,,
56,Left,14,0.0000,0.0000,0.0275,0.5423,0.0232,0.0897,0.8351,3.289,,,,,,,
56,Left,15,-0.0003,0.0011,0.0250,0.0000,0.0000,0.0000,1.0000,3.289,,,,,,,
56,Left,16,-0.0150,-0.0060,0.0348,0.0000,0.0000,0.0000,1.0000,3.289,,,,,,,
56,Left,17,-0.0025,-0.0005,0.0539,0.5781,-0.0712,0.1045,0.8061,3.289,,,,,,,
56,Left,18,0.0000,0.0000,0.0390,0.6792,0.0206,0.0417,0.7325,3.289,,,,,,,
56,Left,19,0.0000,0.0000,0.0266,0.5603,0.0269,0.0301,0.8273,3.289,,,,,,,
56,Left,20,-0.0003,0.0016,0.0243,0.0000,0.0000,0.0000,1.0000,3.289,,,,,,,
56,Left,21,-0.0230,-0.0094,0.0341,0.0183,-0.1403,0.2070,0.9681,3.289,,,,,,,
56,Left,22,0.0000,0.0000,0.0457,0.5427,-0.0478,-0.0530,0.8369,3.289,,,,,,,
56,Left,23,0.0000,0.0000,0.0307,0.6087,-0.0099,0.0841,0.7888,3.289,,,,,,,
56,Left,24,0.0000,0.0000,0.0203,0.6217,0.0381,-0.0027,0.7823,3.289,,,,,,,
56,Left,25,0.0002,0.0012,0.0219,0.0000,0.0000,0.0000,1.0000,3.289,,,,,,,
56,Right,0,-0.0029,-0.0048,0.0647,0.0000,0.0000,0.0000,1.0000,3.289,,,,,,,
56,Right,1,0.0000,0.0000,0.0000,0.0000,0.0000,0.0000,1.0000,3.289,-0.0119,0.0767,0.0180,0.6388,-0.0799,-0.0718,0.7618
56,Right,2,-0.0313,-0.0139,0.0334,-0.1675,-0.3173,0.5129,0.7799,3.289,,,,,,,
56,Right,3,0.0000,0.0000,0.0325,0.2804,0.0440,-0.0805,0.9555,3.289,,,,,,,
56,Right,4,0.0000,0.0000,0.0338,0.1142,-0.0505,0.0791,0.9890,3.289,,,,,,,
56,Right,5,0.0007,0.0010,0.0246,0.0000,0.0000,0.0000,1.0000,3.289,,,,,,,
56,Right,6,-0.0204,-0.0084,0.0359,0.0000,0.0000,0.0000,1.0000,3.289,,,,,,,
56,Right,7,-0.0032,0.0011,0.0601,0.0227,0.0536,0.0315,0.9978,3.289,,,,,,,
56,Right,8,0.0000,0.0000,0.0379,0.0771,0.0052,-0.0262,0.9967,3.289,,,,,,,
56,Right,9,0.0000,0.0000,0.0243,0.0418,0.0253,-0.0166,0.9987,3.289,,,,,,,
56,Right,10,0.0003,0.0010,0.0224,0.0000,0.0000,0.0000,1.0000,3.289,,,,,,,
56,Right,11,-0.0042,-0.0071,0.0337,0.0000,0.0000,0.0000,1.0000,3.289,,,,,,,
56,Right,12,0.0024,0.0046,0.0619,0.1057,0.0949,-0.0143,0.9898,3.289,,,,,,,
56,Right,13,0.0000,0.0000,0.0429,0.0734,0.0035,-0.0117,0.9972,3.289,,,,,,,
56,Right,14,0.0000,0.0000,0.0275,-0.0037,0.0007,-0.0433,0.9991,3.289,,,,,,,
56,Right,15,0.0003,0.0011,0.0250,0.0000,0.0000,0.0000,1.0000,3.289,,,,,,,
56,Right,16,0.0150,-0.0060,0.0348,0.0000,0.0000,0.0000,1.0000,3.289,,,,,,,
56,Right,17,0.0025,-0.0005,0.0539,0.0793,0.1040,-0.0562,0.9898,3.289,,,,,,,
56,Right,18,0.0000,0.0000,0.0390,0.0722,0.0006,-0.0352,0.9968,3.289,,,,,,,
56,Right,19,0.0000,0.0000,0.0266,0.0294,-0.0294,-0.0060,0.9991,3.289,,,,,,,
56,Right,20,0.0003,0.0016,0.0243,0.0000,0.0000,0.0000,1.0000,3.289,,,,,,,
56,Right,21,0.0230,-0.0094,0.0341,0.0183,0.1403,-0.2070,0.9681,3.289,,,,,,,
56,Right,22,0.0000,0.0000,0.0457,-0.0349,0.0183,0.0950,0.9947,3.289,,,,,,,
56,Right,23,0.0000,0.0000,0.0307,0.1176,0.0375,-0.0488,0.9911,3.289,,,,,,,
56,Right,24,0.0000,0.0000,0.0203,-0.0066,-0.0492,0.0007,0.9988,3.289,,,,,,,
56,Right,25,-0.0002,0.0012,0.0219,0.0000,0.0000,0.0000,1.0000,3.289,,,,,,,
57,Left,0,0.0017,-0.0057,0.0655,0.0000,0.0000,0.0000,1.0000,3.330,,,,,,,
57,Left,1,0.0000,0.0000,0.0000,0.0000,0.0000,0.0000,1.0000,3.330,-0.5097,0.3556,-0.0762,-0.7383,0.4777,-0.1503,-0.4518
57,Left,2,0.0264,-0.0209,0.0367,-0.0187,0.3081,-0.6525,0.6921,3.330,,,,,,,
57,Left,3,0.0000,0.0000,0.0325,0.2846,-0.0436,0.0804,0.9543,3.330,,,,,,,
57,Left,4,0.0000,0.0000,0.0338,0.1791,0.0446,-0.0768,0.9798,3.330,,,,,,,
57,Left,5,-0.0007,0.0010,0.0246,0.0000,0.0000,0.0000,1.0000,3.330,,,,,,,
57,Left,6,0.0179,-0.0119,0.0376,0.0000,0.0000,0.0000,1.0000,3.330,,,,,,,
57,Left,7,0.0056,0.0046,0.0584,0.4383,-0.1129,0.0029,0.8917,3.330,,,,,,,
57,Left,8,0.0000,0.0000,0.0379,0.7094,0.0133,0.0219,0.7043,3.330,,,,,,,
57,Left,9,0.0000,0.0000,0.0243,0.5077,-0.0141,0.0167,0.8613,3.330,,,,,,,
57,Left,10,-0.0003,0.0010,0.0224,0.0000,0.0000,0.0000,1.0000,3.330,,,,,,,
57,Left,11,0.0017,-0.0088,0.0354,0.0000,0.0000,0.0000,1.0000,3.330,,,,,,,
57,Left,12,0.0000,0.0063,0.0602,0.5466,-0.1034,0.0691,0.8281,3.330,,,,,,,
57,Left,13,0.0000,0.0000,0.0429,0.6868,0.0046,0.0126,0.7268,3.330,,,,,,,
57,Left,14,0.0000,0.0000,0.0275,0.5419,0.0232,0.0897,0.8353,3.330,,,,,,,
57,Left,15,-0.0003,0.0011,0.0250,0.0000,0.0000,0.0000,1.0000,3.330,,,,,,,
57,Left,16,-0.0150,-0.0060,0.0348,0.0000,0.0000,0.0000,1.0000,3.330,,,,,,,
57,Left,17,-0.0025,-0.0005,0.0539,0.5782,-0.0708,0.1043,0.8061,3.330,,,,,,,
57,Left,18,0.0000,0.0000,0.0390,0.6791,0.0206,0.0417,0.7326,3.330,,,,,,,
57,Left,19,0.0000,0.0000,0.0266,0.5605,0.0269,0.0301,0.8272,3.330,,,,,,,
57,Left,20,-0.0003,0.0016,0.0243,0.0000,0.0000,0.0000,1.0000,3.330,,,,,,,
57,Left,21,-0.0230,-0.0094,0.0341,0.0183,-0.1403,0.2070,0.9681,3.330,,,,,,,
57,Left,22,0.0000,0.0000,0.0457,0.5444,-0.0481,-0.0527,0.8358,3.330,,,,,,,
57,Left,23,0.0000,0.0000,0.0307,0.6119,-0.0096,0.0843,0.7864,3.330,,,,,,,
57,Left,24,0.0000,0.0000,0.0203,0.6210,0.0381,-0.0027,0.7828,3.330,,,,,,,
57,Left,25,0.0002,0.0012,0.0219,0.0000,0.0000,0.0000,1.0000,3.330,,,,,,,
57,Right,0,-0.0029,-0.0048,0.0647,0.0000,0.0000,0.0000,1.0000,3.330,,,,,,,
57,Right,1,0.0000,0.0000,0.0000,0.0000,0.0000,0.0000,1.0000,3.330,-0.0113,0.0774,0.0180,0.6393,-0.0782,-0.0720,0.7616
57,Right,2,-0.0313,-0.0139,0.0334,-0.1676,-0.3173,0.5127,0.7800,3.330,,,,,,,
57,Right,3,0.0000,0.0000,0.0325,0.2799,0.0441,-0.0805,0.9556,3.330,,,,,,,
57,Right,4,0.0000,0.0000,0.0338,0.1157,-0.0504,0.0791,0.9888,3.330,,,,,,,
57,Right,5,0.0007,0.0010,0.0246,0.0000,0.0000,0.0000,1.0000,3.330,,,,,,,
57,Right,6,-0.0204,-0.0084,0.0359,0.0000,0.0000,0.0000,1.0000,3.330,,,,,,,
57,Right,7,-0.0032,0.0011,0.0601,0.0229,0.0530,0.0315,0.9978,3.330,,,,,,,
57,Right,8,0.0000,0.0000,0.0379,0.0764,0.0052,-0.0262,0.9967,3.330,,,,,,,
57,Right,9,0.0000,0.0000,0.0243,0.0420,0.0253,-0.0166,0.9987,3.330,,,,,,,
57,Right,10,0.0003,0.0010,0.0224,0.0000,0.0000,0.0000,1.0000,3.330,,,,,,,
57,Right,11,-0.0042,-0.0071,0.0337,0.0000,0.0000,0.0000,1.0000,3.330,,,,,,,
57,Right,12,0.0024,0.0046,0.0619,0.1063,0.0942,-0.0143,0.9898,3.330,,,,,,,
57,Right,13,0.0000,0.0000,0.0429,0.0727,0.0035,-0.0117,0.9973,3.330,,,,,,,
57,Right,14,0.0000,0.0000,0.0275,-0.0038,0.0007,-0.0432,0.9991,3.330,,,,,,,
57,Right,15,0.0003,0.0011,0.0250,0.0000,0.0000,0.0000,1.0000,3.330,,,,,,,
57,Right,16,0.0150,-0.0060,0.0348,0.0000,0.0000,0.0000,1.0000,3.330,,,,,,,
57,Right,17,0.0025,-0.0005,0.0539,0.0801,0.1034,-0.0562,0.9898,3.330,,,,,,,
57,Right,18,0.0000,0.0000,0.0390,0.0718,0.0006,-0.0352,0.9968,3.330,,,,,,,
57,Right,19,0.0000,0.0000,0.0266,0.0293,-0.0294,-0.0060,0.9991,3.330,,,,,,,
57,Right,20,0.0003,0.0016,0.0243,0.0000,0.0000,0.0000,1.0000,3.330,,,,,,,
57,Right,21,0.0230,-0.0094,0.0341,0.0183,0.1403,-0.2070,0.9681,3.330,,,,,,,
57,Right,22,0.0000,0.0000,0.0457,-0.0351,0.0170,0.0949,0.9947,3.330,,,,,,,
57,Right,23,0.0000,0.0000,0.0307,0.1183,0.0375,-0.0489,0.9911,3.330,,,,,,,
57,Right,24,0.0000,0.0000,0.0203,-0.0066,-0.0492,0.0007,0.9988,3.330,,,,,,,
57,Right,25,-0.0002,0.0012,0.0219,0.0000,0.0000,0.0000,1.0000,3.330,,,,,,,
58,Left,0,0.0017,-0.0057,0.0655,0.0000,0.0000,0.0000,1.0000,3.381,,,,,,,
58,Left,1,0.0000,0.0000,0.0000,0.0000,0.0000,0.0000,1.0000,3.381,-0.5052,0.3597,-0.0760,-0.7399,0.4766,-0.1470,-0.4513
58,Left,2,0.0264,-0.0209,0.0367,-0.0178,0.3086,-0.6528,0.6916,3.381,,,,,,,
58,Left,3,0.0000,0.0000,0.0325,0.2828,-0.0437,0.0804,0.9548,3.381,,,,,,,
58,Left,4,0.0000,0.0000,0.0338,0.1784,0.0447,-0.0769,0.9799,3.381,,,,,,,
58,Left,5,-0.0007,0.0010,0.0246,0.0000,0.0000,0.0000,1.0000,3.381,,,,,,,
58,Left,6,0.0179,-0.0119,0.0376,0.0000,0.0000,0.0000,1.0000,3.381,,,,,,,
58,Left,7,0.0056,0.0046,0.0584,0.4400,-0.1129,0.0032,0.8909,3.381,,,,,,,
58,Left,8,0.0000,0.0000,0.0379,0.7135,0.0134,0.0218,0.7002,3.381,,,,,,,
58,Left,9,0.0000,0.0000,0.0243,0.5093,-0.0140,0.0167,0.8603,3.381,,,,,,,
58,Left,10,-0.0003,0.0010,0.0224,0.0000,0.0000,0.0000,1.0000,3.381,,,,,,,
58,Left,11,0.0017,-0.0088,0.0354,0.0000,0.0000,0.0000,1.0000,3.381,,,,,,,
58,Left,12,0.0000,0.0063,0.0602,0.5471,-0.1022,0.0685,0.8280,3.381,,,,,,,
58,Left,13,0.0000,0.0000,0.0429,0.6873,0.0046,0.0126,0.7262,3.381,,,,,,,
58,Left,14,0.0000,0.0000,0.0276,0.5428,0.0232,0.0897,0.8347,3.381,,,,,,,
58,Left,15,-0.0003,0.0011,0.0250,0.0000,0.0000,0.0000,1.0000,3.381,,,,,,,
58,Left,16,-0.0150,-0.0060,0.0348,0.0000,0.0000,0.0000,1.0000,3.381,,,,,,,
58,Left,17,-0.0025,-0.0005,0.0539,0.5784,-0.0701,0.1039,0.8061,3.381,,,,,,,
58,Left,18,0.0000,0.0000,0.0390,0.6794,0.0206,0.0417,0.7323,3.381,,,,,,,
58,Left,19,0.0000,0.0000,0.0266,0.5611,0.0269,0.0302,0.8267,3.381,,,,,,,
58,Left,20,-0.0003,0.0016,0.0243,0.0000,0.0000,0.0000,1.0000,3.381,,,,,,,
58,Left,21,-0.0230,-0.0094,0.0341,0.0183,-0.1403,0.2070,0.9681,3.381,,,,,,,
58,Left,22,0.0000,0.0000,0.0457,0.5470,-0.0482,-0.0526,0.8341,3.381,,,,,,,
58,Left,23,0.0000,0.0000,0.0307,0.6205,-0.0091,0.0848,0.7796,3.381,,,,,,,
58,Left,24,0.0000,0.0000,0.0203,0.6210,0.0381,-0.0027,0.7829,3.381,,,,,,,
58,Left,25,0.0002,0.0012,0.0219,0.0000,0.0000,0.0000,1.0000,3.381,,,,,,,
58,Right,0,-0.0029,-0.0048,0.0647,0.0000,0.0000,0.0000,1.0000,3.381,,,,,,,
58,Right,1,0.0000,0.0000,0.0000,0.0000,0.0000,0.0000,1.0000,3.381,-0.0100,0.0793,0.0184,0.6389,-0.0784,-0.0735,0.7618
58,Right,2,-0.0313,-0.0139,0.0334,-0.1680,-0.3173,0.5123,0.7802,3.381,,,,,,,
58,Right,3,0.0000,0.0000,0.0325,0.2797,0.0441,-0.0805,0.9557,3.381,,,,,,,
58,Right,4,0.0000,0.0000,0.0338,0.1173,-0.0503,0.0790,0.9887,3.381,,,,,,,
58,Right,5,0.0007,0.0010,0.0246,0.0000,0.0000,0.0000,1.0000,3.381,,,,,,,
58,Right,6,-0.0204,-0.0084,0.0359,0.0000,0.0000,0.0000,1.0000,3.381,,,,,,,
58,Right,7,-0.0032,0.0011,0.0601,0.0232,0.0530,0.0315,0.9978,3.381,,,,,,,
58,Right,8,0.0000,0.0000,0.0379,0.0753,0.0052,-0.0262,0.9968,3.381,,,,,,,
58,Right,9,0.0000,0.0000,0.0243,0.0420,0.0253,-0.0166,0.9987,3.381,,,,,,,
58,Right,10,0.0003,0.0010,0.0224,0.0000,0.0000,0.0000,1.0000,3.381,,,,,,,
58,Right,11,-0.0042,-0.0071,0.0337,0.0000,0.0000,0.0000,1.0000,3.381,,,,,,,
58,Right,12,0.0024,0.0045,0.0619,0.1072,0.0931,-0.0143,0.9898,3.381,,,,,,,
58,Right,13,0.0000,0.0000,0.0429,0.0720,0.0035,-0.0117,0.9973,3.381,,,,,,,
58,Right,14,0.0000,0.0000,0.0275,-0.0041,0.0007,-0.0432,0.9991,3.381,,,,,,,
58,Right,15,0.0003,0.0011,0.0250,0.0000,0.0000,0.0000,1.0000,3.381,,,,,,,
58,Right,16,0.0150,-0.0060,0.0348,0.0000,0.0000,0.0000,1.0000,3.381,,,,,,,
58,Right,17,0.0025,-0.0005,0.0539,0.0808,0.1026,-0.0563,0.9898,3.381,,,,,,,
58,Right,18,0.0000,0.0000,0.0390,0.0716,0.0006,-0.0352,0.9968,3.381,,,,,,,
58,Right,19,0.0000,0.0000,0.0266,0.0294,-0.0294,-0.0060,0.9991,3.381,,,,,,,
58,Right,20,0.0003,0.0016,0.0243,0.0000,0.0000,0.0000,1.0000,3.381,,,,,,,
58,Right,21,0.0230,-0.0094,0.0341,0.0183,0.1403,-0.2070,0.9681,3.381,,,,,,,
58,Right,22,0.0000,0.0000,0.0457,-0.0354,0.0158,0.0949,0.9947,3.381,,,,,,,
58,Right,23,0.0000,0.0000,0.0307,0.1193,0.0375,-0.0490,0.9909,3.381,,,,,,,
58,Right,24,0.0000,0.0000,0.0203,-0.0064,-0.0492,0.0007,0.9988,3.381,,,,,,,
58,Right,25,-0.0002,0.0012,0.0219,0.0000,0.0000,0.0000,1.0000,3.381,,,,,,,
59,Left,0,0.0017,-0.0057,0.0655,0.0000,0.0000,0.0000,1.0000,3.445,,,,,,,
59,Left,1,0.0000,0.0000,0.0000,0.0000,0.0000,0.0000,1.0000,3.445,-0.5018,0.3640,-0.0763,-0.7444,0.4681,-0.1450,-0.4535
59,Left,2,0.0264,-0.0209,0.0367,-0.0174,0.3099,-0.6524,0.6914,3.445,,,,,,,
59,Left,3,0.0000,0.0000,0.0325,0.2808,-0.0440,0.0805,0.9554,3.445,,,,,,,
59,Left,4,0.0000,0.0000,0.0338,0.1790,0.0446,-0.0768,0.9798,3.445,,,,,,,
59,Left,5,-0.0007,0.0010,0.0246,0.0000,0.0000,0.0000,1.0000,3.445,,,,,,,
59,Left,6,0.0179,-0.0119,0.0376,0.0000,0.0000,0.0000,1.0000,3.445,,,,,,,
59,Left,7,0.0056,0.0046,0.0584,0.4410,-0.1118,0.0027,0.8905,3.445,,,,,,,
59,Left,8,0.0000,0.0000,0.0379,0.7168,0.0135,0.0217,0.6968,3.445,,,,,,,
59,Left,9,0.0000,0.0000,0.0243,0.5155,-0.0139,0.0166,0.8566,3.445,,,,,,,
59,Left,10,-0.0003,0.0010,0.0224,0.0000,0.0000,0.0000,1.0000,3.445,,,,,,,
59,Left,11,0.0017,-0.0088,0.0354,0.0000,0.0000,0.0000,1.0000,3.445,,,,,,,
59,Left,12,0.0000,0.0063,0.0602,0.5474,-0.1001,0.0673,0.8281,3.445,,,,,,,
59,Left,13,0.0000,0.0000,0.0429,0.6881,0.0046,0.0126,0.7255,3.445,,,,,,,
59,Left,14,0.0000,0.0000,0.0275,0.5448,0.0234,0.0899,0.8334,3.445,,,,,,,
59,Left,15,-0.0003,0.0011,0.0250,0.0000,0.0000,0.0000,1.0000,3.445,,,,,,,
59,Left,16,-0.0150,-0.0060,0.0348,0.0000,0.0000,0.0000,1.0000,3.445,,,,,,,
59,Left,17,-0.0025,-0.0005,0.0539,0.5783,-0.0683,0.1027,0.8065,3.445,,,,,,,
59,Left,18,0.0000,0.0000,0.0390,0.6806,0.0206,0.0417,0.7312,3.445,,,,,,,
59,Left,19,0.0000,0.0000,0.0266,0.5623,0.0268,0.0302,0.8260,3.445,,,,,,,
59,Left,20,-0.0003,0.0016,0.0243,0.0000,0.0000,0.0000,1.0000,3.445,,,,,,,
59,Left,21,-0.0230,-0.0094,0.0341,0.0183,-0.1403,0.2070,0.9681,3.445,,,,,,,
59,Left,22,0.0000,0.0000,0.0457,0.5512,-0.0482,-0.0524,0.8313,3.445,,,,,,,
59,Left,23,0.0000,0.0000,0.0307,0.6261,-0.0086,0.0851,0.7750,3.445,,,,,,,
59,Left,24,0.0000,0.0000,0.0203,0.6210,0.0381,-0.0027,0.7829,3.445,,,,,,,
59,Left,25,0.0002,0.0012,0.0219,0.0000,0.0000,0.0000,1.0000,3.445,,,,,,,
59,Right,0,-0.0030,-0.0048,0.0647,0.0000,0.0000,0.0000,1.0000,3.445,,,,,,,
59,Right,1,0.0000,0.0000,0.0000,0.0000,0.0000,0.0000,1.0000,3.445,-0.0096,0.0817,0.0179,0.6368,-0.0772,-0.0741,0.7635
59,Right,2,-0.0314,-0.0138,0.0334,-0.1692,-0.3171,0.5110,0.7808,3.445,,,,,,,
59,Right,3,0.0000,0.0000,0.0325,0.2802,0.0440,-0.0805,0.9556,3.445,,,,,,,
59,Right,4,0.0000,0.0000,0.0338,0.1184,-0.0501,0.0790,0.9885,3.445,,,,,,,
59,Right,5,0.0007,0.0010,0.0246,0.0000,0.0000,0.0000,1.0000,3.445,,,,,,,
59,Right,6,-0.0204,-0.0084,0.0359,0.0000,0.0000,0.0000,1.0000,3.445,,,,,,,
59,Right,7,-0.0032,0.0010,0.0601,0.0233,0.0524,0.0315,0.9979,3.445,,,,,,,
59,Right,8,0.0000,0.0000,0.0379,0.0748,0.0052,-0.0262,0.9968,3.445,,,,,,,
59,Right,9,0.0000,0.0000,0.0243,0.0420,0.0253,-0.0166,0.9987,3.445,,,,,,,
59,Right,10,0.0003,0.0010,0.0224,0.0000,0.0000,0.0000,1.0000,3.445,,,,,,,
59,Right,11,-0.0042,-0.0071,0.0337,0.0000,0.0000,0.0000,1.0000,3.445,,,,,,,
59,Right,12,0.0025,0.0045,0.0619,0.1082,0.0911,-0.0142,0.9899,3.445,,,,,,,
59,Right,13,0.0000,0.0000,0.0429,0.0718,0.0035,-0.0117,0.9973,3.445,,,,,,,
59,Right,14,0.0000,0.0000,0.0275,-0.0043,0.0007,-0.0432,0.9991,3.445,,,,,,,
59,Right,15,0.0003,0.0011,0.0250,0.0000,0.0000,0.0000,1.0000,3.445,,,,,,,
59,Right,16,0.0150,-0.0060,0.0348,0.0000,0.0000,0.0000,1.0000,3.445,,,,,,,
59,Right,17,0.0025,-0.0005,0.0539,0.0812,0.1012,-0.0563,0.9899,3.445,,,,,,,
59,Right,18,0.0000,0.0000,0.0390,0.0723,0.0005,-0.0352,0.9968,3.445,,,,,,,
59,Right,19,0.0000,0.0000,0.0266,0.0295,-0.0294,-0.0060,0.9991,3.445,,,,,,,
59,Right,20,0.0003,0.0016,0.0243,0.0000,0.0000,0.0000,1.0000,3.445,,,,,,,
59,Right,21,0.0230,-0.0094,0.0341,0.0183,0.1403,-0.2070,0.9681,3.445,,,,,,,
59,Right,22,0.0000,0.0000,0.0457,-0.0369,0.0144,0.0949,0.9947,3.445,,,,,,,
59,Right,23,0.0000,0.0000,0.0307,0.1206,0.0374,-0.0491,0.9908,3.445,,,,,,,
59,Right,24,0.0000,0.0000,0.0203,-0.0061,-0.0492,0.0007,0.9988,3.445,,,,,,,
59,Right,25,-0.0002,0.0012,0.0219,0.0000,0.0000,0.0000,1.0000,3.445,,,,,,,
60,Left,0,0.0017,-0.0057,0.0655,0.0000,0.0000,0.0000,1.0000,3.490,,,,,,,
60,Left,1,0.0000,0.0000,0.0000,0.0000,0.0000,0.0000,1.0000,3.490,-0.4974,0.3676,-0.0738,-0.7468,0.4630,-0.1432,-0.4554
60,Left,2,0.0265,-0.0208,0.0367,-0.0182,0.3111,-0.6512,0.6920,3.490,,,,,,,
60,Left,3,0.0000,0.0000,0.0325,0.2795,-0.0441,0.0805,0.9557,3.490,,,,,,,
60,Left,4,0.0000,0.0000,0.0338,0.1821,0.0443,-0.0767,0.9793,3.490,,,,,,,
60,Left,5,-0.0007,0.0010,0.0246,0.0000,0.0000,0.0000,1.0000,3.490,,,,,,,
60,Left,6,0.0180,-0.0118,0.0375,0.0000,0.0000,0.0000,1.0000,3.490,,,,,,,
60,Left,7,0.0056,0.0045,0.0585,0.4420,-0.1107,0.0024,0.8902,3.490,,,,,,,
60,Left,8,0.0000,0.0000,0.0379,0.7188,0.0136,0.0217,0.6947,3.490,,,,,,,
60,Left,9,0.0000,0.0000,0.0243,0.5211,-0.0137,0.0166,0.8532,3.490,,,,,,,
60,Left,10,-0.0003,0.0010,0.0224,0.0000,0.0000,0.0000,1.0000,3.490,,,,,,,
60,Left,11,0.0018,-0.0088,0.0354,0.0000,0.0000,0.0000,1.0000,3.490,,,,,,,
60,Left,12,0.0000,0.0063,0.0603,0.5477,-0.0988,0.0666,0.8282,3.490,,,,,,,
60,Left,13,0.0000,0.0000,0.0429,0.6891,0.0046,0.0126,0.7246,3.490,,,,,,,
60,Left,14,0.0000,0.0000,0.0276,0.5487,0.0235,0.0901,0.8308,3.490,,,,,,,
60,Left,15,-0.0003,0.0011,0.0250,0.0000,0.0000,0.0000,1.0000,3.490,,,,,,,
60,Left,16,-0.0150,-0.0060,0.0348,0.0000,0.0000,0.0000,1.0000,3.490,,,,,,,
60,Left,17,-0.0025,-0.0005,0.0539,0.5789,-0.0677,0.1024,0.8061,3.490,,,,,,,
60,Left,18,0.0000,0.0000,0.0390,0.6815,0.0207,0.0417,0.7303,3.490,,,,,,,
60,Left,19,0.0000,0.0000,0.0266,0.5634,0.0268,0.0303,0.8252,3.490,,,,,,,
60,Left,20,-0.0003,0.0016,0.0243,0.0000,0.0000,0.0000,1.0000,3.490,,,,,,,
60,Left,21,-0.0230,-0.0094,0.0341,0.0183,-0.1403,0.2070,0.9681,3.490,,,,,,,
60,Left,22,0.0000,0.0000,0.0457,0.5562,-0.0479,-0.0524,0.8280,3.490,,,,,,,
60,Left,23,0.0000,0.0000,0.0307,0.6319,-0.0082,0.0854,0.7703,3.490,,,,,,,
60,Left,24,0.0000,0.0000,0.0203,0.6211,0.0381,-0.0027,0.7828,3.490,,,,,,,
60,Left,25,0.0002,0.0012,0.0219,0.0000,0.0000,0.0000,1.0000,3.490,,,,,,,
60,Right,0,-0.0030,-0.0048,0.0647,0.0000,0.0000,0.0000,1.0000,3.490,,,,,,,
60,Right,1,0.0000,0.0000,0.0000,0.0000,0.0000,0.0000,1.0000,3.490,-0.0094,0.0822,0.0180,0.6345,-0.0755,-0.0755,0.7656
60,Right,2,-0.0314,-0.0137,0.0333,-0.1700,-0.3171,0.5100,0.7813,3.490,,,,,,,
60,Right,3,0.0000,0.0000,0.0325,0.2805,0.0440,-0.0805,0.9555,3.490,,,,,,,
60,Right,4,0.0000,0.0000,0.0338,0.1187,-0.0501,0.0790,0.9885,3.490,,,,,,,
60,Right,5,0.0007,0.0010,0.0246,0.0000,0.0000,0.0000,1.0000,3.490,,,,,,,
60,Right,6,-0.0204,-0.0083,0.0359,0.0000,0.0000,0.0000,1.0000,3.490,,,,,,,
60,Right,7,-0.0031,0.0010,0.0601,0.0232,0.0521,0.0314,0.9979,3.490,,,,,,,
60,Right,8,0.0000,0.0000,0.0379,0.0751,0.0052,-0.0262,0.9968,3.490,,,,,,,
60,Right,9,0.0000,0.0000,0.0243,0.0422,0.0253,-0.0166,0.9987,3.490,,,,,,,
60,Right,10,0.0003,0.0010,0.0224,0.0000,0.0000,0.0000,1.0000,3.490,,,,,,,
60,Right,11,-0.0042,-0.0071,0.0337,0.0000,0.0000,0.0000,1.0000,3.490,,,,,,,
60,Right,12,0.0025,0.0045,0.0619,0.1091,0.0900,-0.0142,0.9898,3.490,,,,,,,
60,Right,13,0.0000,0.0000,0.0429,0.0724,0.0035,-0.0117,0.9973,3.490,,,,,,,
60,Right,14,0.0000,0.0000,0.0275,-0.0045,0.0007,-0.0432,0.9991,3.490,,,,,,,
60,Right,15,0.0003,0.0011,0.0250,0.0000,0.0000,0.0000,1.0000,3.490,,,,,,,
60,Right,16,0.0150,-0.0060,0.0348,0.0000,0.0000,0.0000,1.0000,3.490,,,,,,,
60,Right,17,0.0025,-0.0005,0.0539,0.0819,0.1006,-0.0564,0.9899,3.490,,,,,,,
60,Right,18,0.0000,0.0000,0.0390,0.0736,0.0005,-0.0353,0.9967,3.490,,,,,,,
60,Right,19,0.0000,0.0000,0.0266,0.0297,-0.0294,-0.0061,0.9991,3.490,,,,,,,
60,Right,20,0.0003,0.0016,0.0243,0.0000,0.0000,0.0000,1.0000,3.490,,,,,,,
60,Right,21,0.0230,-0.0094,0.0341,0.0183,0.1403,-0.2070,0.9681,3.490,,,,,,,
60,Right,22,0.0000,0.0000,0.0457,-0.0373,0.0126,0.0949,0.9947,3.490,,,,,,,
60,Right,23,0.0000,0.0000,0.0307,0.1238,0.0372,-0.0493,0.9904,3.490,,,,,,,
60,Right,24,0.0000,0.0000,0.0203,-0.0057,-0.0492,0.0007,0.9988,3.490,,,,,,,
60,Right,25,-0.0002,0.0012,0.0219,0.0000,0.0000,0.0000,1.0000,3.490,,,,,,,
61,Left,0,0.0018,-0.0057,0.0655,0.0000,0.0000,0.0000,1.0000,3.556,,,,,,,
61,Left,1,0.0000,0.0000,0.0000,0.0000,0.0000,0.0000,1.0000,3.556,-0.4930,0.3718,-0.0736,-0.7474,0.4627,-0.1432,-0.4548
61,Left,2,0.0266,-0.0207,0.0367,-0.0182,0.3134,-0.6501,0.6920,3.556,,,,,,,
61,Left,3,0.0000,0.0000,0.0325,0.2769,-0.0444,0.0805,0.9565,3.556,,,,,,,
61,Left,4,0.0000,0.0000,0.0338,0.1868,0.0439,-0.0766,0.9784,3.556,,,,,,,
61,Left,5,-0.0007,0.0010,0.0246,0.0000,0.0000,0.0000,1.0000,3.556,,,,,,,
61,Left,6,0.0180,-0.0118,0.0375,0.0000,0.0000,0.0000,1.0000,3.556,,,,,,,
61,Left,7,0.0056,0.0045,0.0585,0.4494,-0.1088,0.0022,0.8867,3.556,,,,,,,
61,Left,8,0.0000,0.0000,0.0379,0.7212,0.0136,0.0216,0.6922,3.556,,,,,,,
61,Left,9,0.0000,0.0000,0.0243,0.5242,-0.0136,0.0166,0.8514,3.556,,,,,,,
61,Left,10,-0.0003,0.0010,0.0224,0.0000,0.0000,0.0000,1.0000,3.556,,,,,,,
61,Left,11,0.0018,-0.0088,0.0354,0.0000,0.0000,0.0000,1.0000,3.556,,,,,,,
61,Left,12,0.0000,0.0063,0.0603,0.5478,-0.0971,0.0655,0.8283,3.556,,,,,,,
61,Left,13,0.0000,0.0000,0.0429,0.6899,0.0046,0.0126,0.7238,3.556,,,,,,,
61,Left,14,0.0000,0.0000,0.0275,0.5510,0.0236,0.0903,0.8293,3.556,,,,,,,
61,Left,15,-0.0003,0.0011,0.0250,0.0000,0.0000,0.0000,1.0000,3.556,,,,,,,
61,Left,16,-0.0150,-0.0060,0.0348,0.0000,0.0000,0.0000,1.0000,3.556,,,,,,,
61,Left,17,-0.0025,-0.0005,0.0539,0.5801,-0.0665,0.1018,0.8054,3.556,,,,,,,
61,Left,18,0.0000,0.0000,0.0390,0.6826,0.0207,0.0417,0.7293,3.556,,,,,,,
61,Left,19,0.0000,0.0000,0.0266,0.5646,0.0268,0.0303,0.8244,3.556,,,,,,,
61,Left,20,-0.0003,0.0016,0.0243,0.0000,0.0000,0.0000,1.0000,3.556,,,,,,,
61,Left,21,-0.0230,-0.0094,0.0341,0.0183,-0.1403,0.2070,0.9681,3.556,,,,,,,
61,Left,22,0.0000,0.0000,0.0457,0.5602,-0.0469,-0.0529,0.8253,3.556,,,,,,,
61,Left,23,0.0000,0.0000,0.0307,0.6350,-0.0080,0.0856,0.7677,3.556,,,,,,,
61,Left,24,0.0000,0.0000,0.0203,0.6210,0.0381,-0.0027,0.7828,3.556,,,,,,,
61,Left,25,0.0002,0.0012,0.0219,0.0000,0.0000,0.0000,1.0000,3.556,,,,,,,
61,Right,0,-0.0030,-0.0048,0.0647,0.0000,0.0000,0.0000,1.0000,3.556,,,,,,,
61,Right,1,0.0000,0.0000,0.0000,0.0000,0.0000,0.0000,1.0000,3.556,-0.0087,0.0831,0.0184,0.6327,-0.0735,-0.0793,0.7668
61,Right,2,-0.0314,-0.0137,0.0333,-0.1712,-0.3173,0.5086,0.7819,3.556,,,,,,,
61,Right,3,0.0000,0.0000,0.0325,0.2815,0.0439,-0.0805,0.9552,3.556,,,,,,,
61,Right,4,0.0000,0.0000,0.0338,0.1196,-0.0501,0.0790,0.9884,3.556,,,,,,,
61,Right,5,0.0007,0.0010,0.0246,0.0000,0.0000,0.0000,1.0000,3.556,,,,,,,
61,Right,6,-0.0204,-0.0083,0.0359,0.0000,0.0000,0.0000,1.0000,3.556,,,,,,,
61,Right,7,-0.0031,0.0010,0.0601,0.0243,0.0527,0.0314,0.9978,3.556,,,,,,,
61,Right,8,0.0000,0.0000,0.0379,0.0761,0.0052,-0.0262,0.9967,3.556,,,,,,,
61,Right,9,0.0000,0.0000,0.0243,0.0426,0.0253,-0.0166,0.9986,3.556,,,,,,,
61,Right,10,0.0003,0.0010,0.0224,0.0000,0.0000,0.0000,1.0000,3.556,,,,,,,
61,Right,11,-0.0042,-0.0070,0.0337,0.0000,0.0000,0.0000,1.0000,3.556,,,,,,,
61,Right,12,0.0025,0.0045,0.0620,0.1104,0.0900,-0.0143,0.9897,3.556,,,,,,,
61,Right,13,0.0000,0.0000,0.0429,0.0733,0.0035,-0.0117,0.9972,3.556,,,,,,,
61,Right,14,0.0000,0.0000,0.0275,-0.0045,0.0007,-0.0432,0.9991,3.556,,,,,,,
61,Right,15,0.0003,0.0011,0.0250,0.0000,0.0000,0.0000,1.0000,3.556,,,,,,,
61,Right,16,0.0150,-0.0060,0.0348,0.0000,0.0000,0.0000,1.0000,3.556,,,,,,,
61,Right,17,0.0025,-0.0005,0.0539,0.0832,0.1012,-0.0565,0.9898,3.556,,,,,,,
61,Right,18,0.0000,0.0000,0.0390,0.0752,0.0005,-0.0353,0.9965,3.556,,,,,,,
61,Right,19,0.0000,0.0000,0.0266,0.0302,-0.0294,-0.0061,0.9991,3.556,,,,,,,
61,Right,20,0.0003,0.0016,0.0243,0.0000,0.0000,0.0000,1.0000,3.556,,,,,,,
61,Right,21,0.0230,-0.0094,0.0341,0.0183,0.1403,-0.2070,0.9681,3.556,,,,,,,
61,Right,22,0.0000,0.0000,0.0457,-0.0353,0.0073,0.0945,0.9949,3.556,,,,,,,
61,Right,23,0.0000,0.0000,0.0307,0.1318,0.0369,-0.0500,0.9893,3.556,,,,,,,
61,Right,24,0.0000,0.0000,0.0203,-0.0050,-0.0492,0.0007,0.9988,3.556,,,,,,,
61,Right,25,-0.0002,0.0012,0.0219,0.0000,0.0000,0.0000,1.0000,3.556,,,,,,,
62,Left,0,0.0018,-0.0057,0.0655,0.0000,0.0000,0.0000,1.0000,3.595,,,,,,,
62,Left,1,0.0000,0.0000,0.0000,0.0000,0.0000,0.0000,1.0000,3.595,-0.4885,0.3749,-0.0716,-0.7465,0.4663,-0.1459,-0.4516
62,Left,2,0.0266,-0.0207,0.0367,-0.0164,0.3163,-0.6498,0.6910,3.595,,,,,,,
62,Left,3,0.0000,0.0000,0.0325,0.2759,-0.0445,0.0806,0.9568,3.595,,,,,,,
62,Left,4,0.0000,0.0000,0.0338,0.1884,0.0438,-0.0765,0.9781,3.595,,,,,,,
62,Left,5,-0.0007,0.0010,0.0246,0.0000,0.0000,0.0000,1.0000,3.595,,,,,,,
62,Left,6,0.0180,-0.0118,0.0375,0.0000,0.0000,0.0000,1.0000,3.595,,,,,,,
62,Left,7,0.0056,0.0045,0.0585,0.4595,-0.1073,0.0026,0.8817,3.595,,,,,,,
62,Left,8,0.0000,0.0000,0.0379,0.7225,0.0137,0.0216,0.6909,3.595,,,,,,,
62,Left,9,0.0000,0.0000,0.0243,0.5251,-0.0135,0.0166,0.8508,3.595,,,,,,,
62,Left,10,-0.0003,0.0010,0.0224,0.0000,0.0000,0.0000,1.0000,3.595,,,,,,,
62,Left,11,0.0018,-0.0088,0.0354,0.0000,0.0000,0.0000,1.0000,3.595,,,,,,,
62,Left,12,-0.0001,0.0063,0.0603,0.5494,-0.0960,0.0651,0.8275,3.595,,,,,,,
62,Left,13,0.0000,0.0000,0.0429,0.6901,0.0046,0.0126,0.7235,3.595,,,,,,,
62,Left,14,0.0000,0.0000,0.0275,0.5511,0.0236,0.0903,0.8292,3.595,,,,,,,
62,Left,15,-0.0003,0.0011,0.0250,0.0000,0.0000,0.0000,1.0000,3.595,,,,,,,
62,Left,16,-0.0150,-0.0060,0.0348,0.0000,0.0000,0.0000,1.0000,3.595,,,,,,,
62,Left,17,-0.0025,-0.0005,0.0539,0.5816,-0.0657,0.1016,0.8044,3.595,,,,,,,
62,Left,18,0.0000,0.0000,0.0390,0.6831,0.0207,0.0417,0.7288,3.595,,,,,,,
62,Left,19,0.0000,0.0000,0.0266,0.5650,0.0268,0.0303,0.8241,3.595,,,,,,,
62,Left,20,-0.0003,0.0016,0.0243,0.0000,0.0000,0.0000,1.0000,3.595,,,,,,,
62,Left,21,-0.0230,-0.0094,0.0341,0.0183,-0.1403,0.2070,0.9681,3.595,,,,,,,
62,Left,22,0.0000,0.0000,0.0457,0.5636,-0.0465,-0.0531,0.8230,3.595,,,,,,,
62,Left,23,0.0000,0.0000,0.0307,0.6363,-0.0079,0.0857,0.7666,3.595,,,,,,,
62,Left,24,0.0000,0.0000,0.0203,0.6209,0.0381,-0.0027,0.7830,3.595,,,,,,,
62,Left,25,0.0002,0.0012,0.0219,0.0000,0.0000,0.0000,1.0000,3.595,,,,,,,
62,Right,0,-0.0030,-0.0048,0.0647,0.0000,0.0000,0.0000,1.0000,3.595,,,,,,,
62,Right,1,0.0000,0.0000,0.0000,0.0000,0.0000,0.0000,1.0000,3.595,-0.0082,0.0841,0.0191,0.6333,-0.0716,-0.0822,0.7662
62,Right,2,-0.0314,-0.0136,0.0333,-0.1719,-0.3176,0.5077,0.7822,3.595,,,,,,,
62,Right,3,0.0000,0.0000,0.0325,0.2824,0.0438,-0.0804,0.9549,3.595,,,,,,,
62,Right,4,0.0000,0.0000,0.0338,0.1203,-0.0500,0.0789,0.9883,3.595,,,,,,,
62,Right,5,0.0007,0.0010,0.0246,0.0000,0.0000,0.0000,1.0000,3.595,,,,,,,
62,Right,6,-0.0204,-0.0083,0.0358,0.0000,0.0000,0.0000,1.0000,3.595,,,,,,,
62,Right,7,-0.0031,0.0010,0.0602,0.0247,0.0531,0.0314,0.9978,3.595,,,,,,,
62,Right,8,0.0000,0.0000,0.0379,0.0765,0.0052,-0.0262,0.9967,3.595,,,,,,,
62,Right,9,0.0000,0.0000,0.0243,0.0429,0.0253,-0.0166,0.9986,3.595,,,,,,,
62,Right,10,0.0003,0.0010,0.0224,0.0000,0.0000,0.0000,1.0000,3.595,,,,,,,
62,Right,11,-0.0042,-0.0070,0.0337,0.0000,0.0000,0.0000,1.0000,3.595,,,,,,,
62,Right,12,0.0025,0.0045,0.0620,0.1110,0.0902,-0.0144,0.9896,3.595,,,,,,,
62,Right,13,0.0000,0.0000,0.0429,0.0737,0.0035,-0.0117,0.9972,3.595,,,,,,,
62,Right,14,0.0000,0.0000,0.0275,-0.0044,0.0007,-0.0432,0.9991,3.595,,,,,,,
62,Right,15,0.0003,0.0011,0.0250,0.0000,0.0000,0.0000,1.0000,3.595,,,,,,,
62,Right,16,0.0150,-0.0060,0.0348,0.0000,0.0000,0.0000,1.0000,3.595,,,,,,,
62,Right,17,0.0025,-0.0005,0.0539,0.0839,0.1021,-0.0566,0.9896,3.595,,,,,,,
62,Right,18,0.0000,0.0000,0.0390,0.0758,0.0004,-0.0353,0.9965,3.595,,,,,,,
62,Right,19,0.0000,0.0000,0.0266,0.0303,-0.0294,-0.0061,0.9991,3.595,,,,,,,
62,Right,20,0.0003,0.0016,0.0243,0.0000,0.0000,0.0000,1.0000,3.595,,,,,,,
62,Right,21,0.0230,-0.0094,0.0341,0.0183,0.1403,-0.2070,0.9681,3.595,,,,,,,
62,Right,22,0.0000,0.0000,0.0457,-0.0340,0.0056,0.0944,0.9949,3.595,,,,,,,
62,Right,23,0.0000,0.0000,0.0307,0.1344,0.0368,-0.0502,0.9890,3.595,,,,,,,
62,Right,24,0.0000,0.0000,0.0203,-0.0046,-0.0492,0.0007,0.9988,3.595,,,,,,,
62,Right,25,-0.0002,0.0012,0.0219,0.0000,0.0000,0.0000,1.0000,3.595,,,,,,,
63,Left,0,0.0018,-0.0057,0.0655,0.0000,0.0000,0.0000,1.0000,3.612,,,,,,,
63,Left,1,0.0000,0.0000,0.0000,0.0000,0.0000,0.0000,1.0000,3.612,-0.4842,0.3773,-0.0678,-0.7451,0.4716,-0.1489,-0.4474
63,Left,2,0.0266,-0.0207,0.0366,-0.0152,0.3184,-0.6496,0.6903,3.612,,,,,,,
63,Left,3,0.0000,0.0000,0.0325,0.2756,-0.0445,0.0806,0.9568,3.612,,,,,,,
63,Left,4,0.0000,0.0000,0.0338,0.1890,0.0437,-0.0765,0.9780,3.612,,,,,,,
63,Left,5,-0.0007,0.0010,0.0246,0.0000,0.0000,0.0000,1.0000,3.612,,,,,,,
63,Left,6,0.0180,-0.0118,0.0375,0.0000,0.0000,0.0000,1.0000,3.612,,,,,,,
63,Left,7,0.0055,0.0045,0.0585,0.4634,-0.1067,0.0026,0.8797,3.612,,,,,,,
63,Left,8,0.0000,0.0000,0.0379,0.7228,0.0137,0.0216,0.6906,3.612,,,,,,,
63,Left,9,0.0000,0.0000,0.0243,0.5253,-0.0135,0.0166,0.8507,3.612,,,,,,,
63,Left,10,-0.0003,0.0010,0.0224,0.0000,0.0000,0.0000,1.0000,3.612,,,,,,,
63,Left,11,0.0018,-0.0088,0.0354,0.0000,0.0000,0.0000,1.0000,3.612,,,,,,,
63,Left,12,-0.0001,0.0062,0.0603,0.5513,-0.0955,0.0651,0.8263,3.612,,,,,,,
63,Left,13,0.0000,0.0000,0.0429,0.6901,0.0046,0.0126,0.7236,3.612,,,,,,,
63,Left,14,0.0000,0.0000,0.0275,0.5509,0.0236,0.0903,0.8293,3.612,,,,,,,
63,Left,15,-0.0003,0.0011,0.0250,0.0000,0.0000,0.0000,1.0000,3.612,,,,,,,
63,Left,16,-0.0150,-0.0060,0.0348,0.0000,0.0000,0.0000,1.0000,3.612,,,,,,,
63,Left,17,-0.0025,-0.0005,0.0539,0.5832,-0.0653,0.1015,0.8033,3.612,,,,,,,
63,Left,18,0.0000,0.0000,0.0390,0.6832,0.0207,0.0417,0.7288,3.612,,,,,,,
63,Left,19,0.0000,0.0000,0.0266,0.5649,0.0268,0.0303,0.8242,3.612,,,,,,,
63,Left,20,-0.0003,0.0016,0.0243,0.0000,0.0000,0.0000,1.0000,3.612,,,,,,,
63,Left,21,-0.0230,-0.0094,0.0341,0.0183,-0.1403,0.2070,0.9681,3.612,,,,,,,
63,Left,22,0.0000,0.0000,0.0457,0.5670,-0.0465,-0.0529,0.8207,3.612,,,,,,,
63,Left,23,0.0000,0.0000,0.0307,0.6366,-0.0078,0.0857,0.7663,3.612,,,,,,,
63,Left,24,0.0000,0.0000,0.0203,0.6208,0.0381,-0.0027,0.7831,3.612,,,,,,,
63,Left,25,0.0002,0.0012,0.0219,0.0000,0.0000,0.0000,1.0000,3.612,,,,,,,
63,Right,0,-0.0030,-0.0048,0.0647,0.0000,0.0000,0.0000,1.0000,3.612,,,,,,,
63,Right,1,0.0000,0.0000,0.0000,0.0000,0.0000,0.0000,1.0000,3.612,-0.0082,0.0850,0.0193,0.6332,-0.0708,-0.0831,0.7662
63,Right,2,-0.0315,-0.0136,0.0333,-0.1722,-0.3178,0.5072,0.7823,3.612,,,,,,,
63,Right,3,0.0000,0.0000,0.0325,0.2829,0.0437,-0.0804,0.9548,3.612,,,,,,,
63,Right,4,0.0000,0.0000,0.0338,0.1205,-0.0500,0.0789,0.9883,3.612,,,,,,,
63,Right,5,0.0007,0.0010,0.0246,0.0000,0.0000,0.0000,1.0000,3.612,,,,,,,
63,Right,6,-0.0204,-0.0083,0.0358,0.0000,0.0000,0.0000,1.0000,3.612,,,,,,,
63,Right,7,-0.0031,0.0009,0.0602,0.0247,0.0534,0.0315,0.9978,3.612,,,,,,,
63,Right,8,0.0000,0.0000,0.0379,0.0764,0.0052,-0.0262,0.9967,3.612,,,,,,,
63,Right,9,0.0000,0.0000,0.0243,0.0431,0.0253,-0.0166,0.9986,3.612,,,,,,,
63,Right,10,0.0003,0.0010,0.0224,0.0000,0.0000,0.0000,1.0000,3.612,,,,,,,
63,Right,11,-0.0042,-0.0070,0.0337,0.0000,0.0000,0.0000,1.0000,3.612,,,,,,,
63,Right,12,0.0025,0.0045,0.0620,0.1113,0.0900,-0.0145,0.9896,3.612,,,,,,,
63,Right,13,0.0000,0.0000,0.0429,0.0737,0.0035,-0.0117,0.9972,3.612,,,,,,,
63,Right,14,0.0000,0.0000,0.0275,-0.0044,0.0007,-0.0432,0.9991,3.612,,,,,,,
63,Right,15,0.0003,0.0011,0.0250,0.0000,0.0000,0.0000,1.0000,3.612,,,,,,,
63,Right,16,0.0150,-0.0060,0.0348,0.0000,0.0000,0.0000,1.0000,3.612,,,,,,,
63,Right,17,0.0025,-0.0005,0.0539,0.0842,0.1023,-0.0566,0.9896,3.612,,,,,,,
63,Right,18,0.0000,0.0000,0.0390,0.0760,0.0004,-0.0353,0.9965,3.612,,,,,,,
63,Right,19,0.0000,0.0000,0.0266,0.0304,-0.0294,-0.0061,0.9991,3.612,,,,,,,
63,Right,20,0.0003,0.0016,0.0243,0.0000,0.0000,0.0000,1.0000,3.612,,,,,,,
63,Right,21,0.0230,-0.0094,0.0341,0.0183,0.1403,-0.2070,0.9681,3.612,,,,,,,
63,Right,22,0.0000,0.0000,0.0457,-0.0336,0.0052,0.0943,0.9950,3.612,,,,,,,
63,Right,23,0.0000,0.0000,0.0307,0.1357,0.0367,-0.0503,0.9888,3.612,,,,,,,
63,Right,24,0.0000,0.0000,0.0203,-0.0044,-0.0492,0.0007,0.9988,3.612,,,,,,,
63,Right,25,-0.0002,0.0012,0.0219,0.0000,0.0000,0.0000,1.0000,3.612,,,,,,,
64,Left,0,0.0018,-0.0057,0.0655,0.0000,0.0000,0.0000,1.0000,3.631,,,,,,,
64,Left,1,0.0000,0.0000,0.0000,0.0000,0.0000,0.0000,1.0000,3.631,-0.4801,0.3799,-0.0639,-0.7439,0.4756,-0.1521,-0.4441
64,Left,2,0.0266,-0.0207,0.0366,-0.0139,0.3204,-0.6494,0.6895,3.631,,,,,,,
64,Left,3,0.0000,0.0000,0.0325,0.2753,-0.0445,0.0806,0.9569,3.631,,,,,,,
64,Left,4,0.0000,0.0000,0.0338,0.1895,0.0436,-0.0765,0.9779,3.631,,,,,,,
64,Left,5,-0.0007,0.0010,0.0246,0.0000,0.0000,0.0000,1.0000,3.631,,,,,,,
64,Left,6,0.0180,-0.0118,0.0375,0.0000,0.0000,0.0000,1.0000,3.631,,,,,,,
64,Left,7,0.0055,0.0045,0.0585,0.4666,-0.1061,0.0027,0.8781,3.631,,,,,,,
64,Left,8,0.0000,0.0000,0.0379,0.7232,0.0137,0.0216,0.6902,3.631,,,,,,,
64,Left,9,0.0000,0.0000,0.0243,0.5254,-0.0135,0.0166,0.8506,3.631,,,,,,,
64,Left,10,-0.0003,0.0010,0.0224,0.0000,0.0000,0.0000,1.0000,3.631,,,,,,,
64,Left,11,0.0018,-0.0088,0.0354,0.0000,0.0000,0.0000,1.0000,3.631,,,,,,,
64,Left,12,-0.0001,0.0062,0.0603,0.5538,-0.0949,0.0652,0.8247,3.631,,,,,,,
64,Left,13,0.0000,0.0000,0.0429,0.6900,0.0046,0.0126,0.7236,3.631,,,,,,,
64,Left,14,0.0000,0.0000,0.0275,0.5507,0.0236,0.0903,0.8295,3.631,,,,,,,
64,Left,15,-0.0003,0.0011,0.0250,0.0000,0.0000,0.0000,1.0000,3.631,,,,,,,
64,Left,16,-0.0150,-0.0060,0.0348,0.0000,0.0000,0.0000,1.0000,3.631,,,,,,,
64,Left,17,-0.0025,-0.0005,0.0539,0.5857,-0.0647,0.1016,0.8015,3.631,,,,,,,
64,Left,18,0.0000,0.0000,0.0390,0.6832,0.0207,0.0417,0.7287,3.631,,,,,,,
64,Left,19,0.0000,0.0000,0.0266,0.5648,0.0268,0.0303,0.8242,3.631,,,,,,,
64,Left,20,-0.0003,0.0016,0.0243,0.0000,0.0000,0.0000,1.0000,3.631,,,,,,,
64,Left,21,-0.0230,-0.0094,0.0341,0.0183,-0.1403,0.2070,0.9681,3.631,,,,,,,
64,Left,22,0.0000,0.0000,0.0457,0.5723,-0.0468,-0.0525,0.8170,3.631,,,,,,,
64,Left,23,0.0000,0.0000,0.0307,0.6370,-0.0078,0.0857,0.7660,3.631,,,,,,,
64,Left,24,0.0000,0.0000,0.0203,0.6206,0.0381,-0.0027,0.7832,3.631,,,,,,,
64,Left,25,0.0002,0.0012,0.0219,0.0000,0.0000,0.0000,1.0000,3.631,,,,,,,
64,Right,0,-0.0030,-0.0048,0.0647,0.0000,0.0000,0.0000,1.0000,3.631,,,,,,,
64,Right,1,0.0000,0.0000,0.0000,0.0000,0.0000,0.0000,1.0000,3.631,-0.0080,0.0860,0.0196,0.6328,-0.0703,-0.0843,0.7665
64,Right,2,-0.0315,-0.0136,0.0333,-0.1726,-0.3180,0.5067,0.7825,3.631,,,,,,,
64,Right,3,0.0000,0.0000,0.0325,0.2833,0.0437,-0.0804,0.9547,3.631,,,,,,,
64,Right,4,0.0000,0.0000,0.0338,0.1207,-0.0500,0.0789,0.9883,3.631,,,,,,,
64,Right,5,0.0007,0.0010,0.0246,0.0000,0.0000,0.0000,1.0000,3.631,,,,,,,
64,Right,6,-0.0204,-0.0083,0.0358,0.0000,0.0000,0.0000,1.0000,3.631,,,,,,,
64,Right,7,-0.0031,0.0009,0.0602,0.0249,0.0537,0.0315,0.9978,3.631,,,,,,,
64,Right,8,0.0000,0.0000,0.0379,0.0764,0.0052,-0.0262,0.9967,3.631,,,,,,,
64,Right,9,0.0000,0.0000,0.0243,0.0432,0.0253,-0.0166,0.9986,3.631,,,,,,,
64,Right,10,0.0003,0.0010,0.0224,0.0000,0.0000,0.0000,1.0000,3.631,,,,,,,
64,Right,11,-0.0042,-0.0070,0.0337,0.0000,0.0000,0.0000,1.0000,3.631,,,,,,,
64,Right,12,0.0025,0.0045,0.0620,0.1119,0.0899,-0.0145,0.9895,3.631,,,,,,,
64,Right,13,0.0000,0.0000,0.0429,0.0738,0.0035,-0.0117,0.9972,3.631,,,,,,,
64,Right,14,0.0000,0.0000,0.0275,-0.0044,0.0007,-0.0432,0.9991,3.631,,,,,,,
64,Right,15,0.0003,0.0011,0.0250,0.0000,0.0000,0.0000,1.0000,3.631,,,,,,,
64,Right,16,0.0150,-0.0060,0.0348,0.0000,0.0000,0.0000,1.0000,3.631,,,,,,,
64,Right,17,0.0025,-0.0005,0.0539,0.0847,0.1026,-0.0566,0.9895,3.631,,,,,,,
64,Right,18,0.0000,0.0000,0.0390,0.0763,0.0004,-0.0353,0.9965,3.631,,,,,,,
64,Right,19,0.0000,0.0000,0.0266,0.0305,-0.0294,-0.0061,0.9991,3.631,,,,,,,
64,Right,20,0.0003,0.0016,0.0243,0.0000,0.0000,0.0000,1.0000,3.631,,,,,,,
64,Right,21,0.0230,-0.0094,0.0341,0.0183,0.1403,-0.2070,0.9681,3.631,,,,,,,
64,Right,22,0.0000,0.0000,0.0457,-0.0332,0.0048,0.0943,0.9950,3.631,,,,,,,
64,Right,23,0.0000,0.0000,0.0307,0.1369,0.0367,-0.0504,0.9886,3.631,,,,,,,
64,Right,24,0.0000,0.0000,0.0203,-0.0041,-0.0492,0.0007,0.9988,3.631,,,,,,,
64,Right,25,-0.0002,0.0012,0.0219,0.0000,0.0000,0.0000,1.0000,3.631,,,,,,,
65,Left,0,0.0018,-0.0057,0.0655,0.0000,0.0000,0.0000,1.0000,3.654,,,,,,,
65,Left,1,0.0000,0.0000,0.0000,0.0000,0.0000,0.0000,1.0000,3.654,-0.4764,0.3827,-0.0598,-0.7432,0.4757,-0.1560,-0.4438
65,Left,2,0.0266,-0.0206,0.0366,-0.0124,0.3222,-0.6495,0.6886,3.654,,,,,,,
65,Left,3,0.0000,0.0000,0.0325,0.2751,-0.0446,0.0806,0.9570,3.654,,,,,,,
65,Left,4,0.0000,0.0000,0.0338,0.1900,0.0435,-0.0764,0.9778,3.654,,,,,,,
65,Left,5,-0.0007,0.0010,0.0246,0.0000,0.0000,0.0000,1.0000,3.654,,,,,,,
65,Left,6,0.0180,-0.0118,0.0375,0.0000,0.0000,0.0000,1.0000,3.654,,,,,,,
65,Left,7,0.0055,0.0045,0.0585,0.4675,-0.1055,0.0025,0.8777,3.654,,,,,,,
65,Left,8,0.0000,0.0000,0.0379,0.7236,0.0137,0.0216,0.6897,3.654,,,,,,,
65,Left,9,0.0000,0.0000,0.0243,0.5253,-0.0135,0.0166,0.8506,3.654,,,,,,,
65,Left,10,-0.0003,0.0010,0.0224,0.0000,0.0000,0.0000,1.0000,3.654,,,,,,,
65,Left,11,0.0018,-0.0088,0.0354,0.0000,0.0000,0.0000,1.0000,3.654,,,,,,,
65,Left,12,-0.0001,0.0062,0.0603,0.5583,-0.0943,0.0655,0.8217,3.654,,,,,,,
65,Left,13,0.0000,0.0000,0.0429,0.6903,0.0046,0.0126,0.7234,3.654,,,,,,,
65,Left,14,0.0000,0.0000,0.0275,0.5505,0.0236,0.0903,0.8296,3.654,,,,,,,
65,Left,15,-0.0003,0.0011,0.0250,0.0000,0.0000,0.0000,1.0000,3.654,,,,,,,
65,Left,16,-0.0150,-0.0060,0.0348,0.0000,0.0000,0.0000,1.0000,3.654,,,,,,,
65,Left,17,-0.0025,-0.0005,0.0539,0.5911,-0.0640,0.1020,0.7976,3.654,,,,,,,
65,Left,18,0.0000,0.0000,0.0390,0.6833,0.0207,0.0417,0.7287,3.654,,,,,,,
65,Left,19,0.0000,0.0000,0.0266,0.5646,0.0268,0.0303,0.8244,3.654,,,,,,,
65,Left,20,-0.0003,0.0016,0.0243,0.0000,0.0000,0.0000,1.0000,3.654,,,,,,,
65,Left,21,-0.0230,-0.0094,0.0341,0.0183,-0.1403,0.2070,0.9681,3.654,,,,,,,
65,Left,22,0.0000,0.0000,0.0457,0.5836,-0.0475,-0.0515,0.8090,3.654,,,,,,,
65,Left,23,0.0000,0.0000,0.0307,0.6375,-0.0077,0.0857,0.7656,3.654,,,,,,,
65,Left,24,0.0000,0.0000,0.0203,0.6202,0.0381,-0.0027,0.7835,3.654,,,,,,,
65,Left,25,0.0002,0.0012,0.0219,0.0000,0.0000,0.0000,1.0000,3.654,,,,,,,
65,Right,0,-0.0030,-0.0048,0.0647,0.0000,0.0000,0.0000,1.0000,3.654,,,,,,,
65,Right,1,0.0000,0.0000,0.0000,0.0000,0.0000,0.0000,1.0000,3.654,-0.0074,0.0872,0.0201,0.6316,-0.0707,-0.0865,0.7672
65,Right,2,-0.0315,-0.0135,0.0332,-0.1730,-0.3181,0.5063,0.7826,3.654,,,,,,,
65,Right,3,0.0000,0.0000,0.0325,0.2838,0.0436,-0.0804,0.9545,3.654,,,,,,,
65,Right,4,0.0000,0.0000,0.0338,0.1209,-0.0499,0.0789,0.9883,3.654,,,,,,,
65,Right,5,0.0007,0.0010,0.0246,0.0000,0.0000,0.0000,1.0000,3.654,,,,,,,
65,Right,6,-0.0205,-0.0082,0.0358,0.0000,0.0000,0.0000,1.0000,3.654,,,,,,,
65,Right,7,-0.0031,0.0009,0.0602,0.0255,0.0540,0.0314,0.9977,3.654,,,,,,,
65,Right,8,0.0000,0.0000,0.0379,0.0765,0.0052,-0.0262,0.9967,3.654,,,,,,,
65,Right,9,0.0000,0.0000,0.0243,0.0432,0.0253,-0.0166,0.9986,3.654,,,,,,,
65,Right,10,0.0003,0.0010,0.0224,0.0000,0.0000,0.0000,1.0000,3.654,,,,,,,
65,Right,11,-0.0042,-0.0070,0.0337,0.0000,0.0000,0.0000,1.0000,3.654,,,,,,,
65,Right,12,0.0025,0.0045,0.0620,0.1131,0.0901,-0.0146,0.9894,3.654,,,,,,,
65,Right,13,0.0000,0.0000,0.0429,0.0737,0.0035,-0.0117,0.9972,3.654,,,,,,,
65,Right,14,0.0000,0.0000,0.0275,-0.0046,0.0008,-0.0432,0.9991,3.654,,,,,,,
65,Right,15,0.0003,0.0011,0.0250,0.0000,0.0000,0.0000,1.0000,3.654,,,,,,,
65,Right,16,0.0150,-0.0060,0.0348,0.0000,0.0000,0.0000,1.0000,3.654,,,,,,,
65,Right,17,0.0025,-0.0005,0.0539,0.0856,0.1031,-0.0567,0.9894,3.654,,,,,,,
65,Right,18,0.0000,0.0000,0.0390,0.0767,0.0004,-0.0353,0.9964,3.654,,,,,,,
65,Right,19,0.0000,0.0000,0.0266,0.0307,-0.0294,-0.0061,0.9991,3.654,,,,,,,
65,Right,20,0.0003,0.0016,0.0243,0.0000,0.0000,0.0000,1.0000,3.654,,,,,,,
65,Right,21,0.0230,-0.0094,0.0341,0.0183,0.1403,-0.2070,0.9681,3.654,,,,,,,
65,Right,22,0.0000,0.0000,0.0457,-0.0327,0.0047,0.0942,0.9950,3.654,,,,,,,
65,Right,23,0.0000,0.0000,0.0307,0.1380,0.0366,-0.0505,0.9885,3.654,,,,,,,
65,Right,24,0.0000,0.0000,0.0203,-0.0037,-0.0492,0.0007,0.9988,3.654,,,,,,,
65,Right,25,-0.0002,0.0012,0.0219,0.0000,0.0000,0.0000,1.0000,3.654,,,,,,,
66,Left,0,0.0018,-0.0057,0.0655,0.0000,0.0000,0.0000,1.0000,3.673,,,,,,,
66,Left,1,0.0000,0.0000,0.0000,0.0000,0.0000,0.0000,1.0000,3.673,-0.4730,0.3848,-0.0552,-0.7435,0.4757,-0.1608,-0.4417
66,Left,2,0.0266,-0.0206,0.0366,-0.0114,0.3236,-0.6495,0.6880,3.673,,,,,,,
66,Left,3,0.0000,0.0000,0.0325,0.2749,-0.0446,0.0806,0.9570,3.673,,,,,,,
66,Left,4,0.0000,0.0000,0.0338,0.1903,0.0435,-0.0764,0.9778,3.673,,,,,,,
66,Left,5,-0.0007,0.0010,0.0246,0.0000,0.0000,0.0000,1.0000,3.673,,,,,,,
66,Left,6,0.0180,-0.0118,0.0375,0.0000,0.0000,0.0000,1.0000,3.673,,,,,,,
66,Left,7,0.0055,0.0045,0.0585,0.4683,-0.1051,0.0023,0.8773,3.673,,,,,,,
66,Left,8,0.0000,0.0000,0.0379,0.7240,0.0137,0.0216,0.6893,3.673,,,,,,,
66,Left,9,0.0000,0.0000,0.0243,0.5253,-0.0135,0.0166,0.8507,3.673,,,,,,,
66,Left,10,-0.0003,0.0010,0.0224,0.0000,0.0000,0.0000,1.0000,3.673,,,,,,,
66,Left,11,0.0018,-0.0088,0.0354,0.0000,0.0000,0.0000,1.0000,3.673,,,,,,,
66,Left,12,-0.0001,0.0062,0.0603,0.5622,-0.0938,0.0658,0.8190,3.673,,,,,,,
66,Left,13,0.0000,0.0000,0.0429,0.6905,0.0046,0.0126,0.7232,3.673,,,,,,,
66,Left,14,0.0000,0.0000,0.0275,0.5503,0.0236,0.0903,0.8297,3.673,,,,,,,
66,Left,15,-0.0003,0.0011,0.0250,0.0000,0.0000,0.0000,1.0000,3.673,,,,,,,
66,Left,16,-0.0150,-0.0060,0.0348,0.0000,0.0000,0.0000,1.0000,3.673,,,,,,,
66,Left,17,-0.0025,-0.0005,0.0539,0.5956,-0.0633,0.1023,0.7942,3.673,,,,,,,
66,Left,18,0.0000,0.0000,0.0390,0.6833,0.0207,0.0417,0.7286,3.673,,,,,,,
66,Left,19,0.0000,0.0000,0.0266,0.5644,0.0268,0.0303,0.8245,3.673,,,,,,,
66,Left,20,-0.0003,0.0016,0.0243,0.0000,0.0000,0.0000,1.0000,3.673,,,,,,,
66,Left,21,-0.0230,-0.0094,0.0341,0.0183,-0.1403,0.2070,0.9681,3.673,,,,,,,
66,Left,22,0.0000,0.0000,0.0457,0.5919,-0.0480,-0.0509,0.8029,3.673,,,,,,,
66,Left,23,0.0000,0.0000,0.0307,0.6379,-0.0077,0.0857,0.7653,3.673,,,,,,,
66,Left,24,0.0000,0.0000,0.0203,0.6198,0.0381,-0.0027,0.7838,3.673,,,,,,,
66,Left,25,0.0002,0.0012,0.0219,0.0000,0.0000,0.0000,1.0000,3.673,,,,,,,
66,Right,0,-0.0030,-0.0048,0.0647,0.0000,0.0000,0.0000,1.0000,3.673,,,,,,,
66,Right,1,0.0000,0.0000,0.0000,0.0000,0.0000,0.0000,1.0000,3.673,-0.0070,0.0881,0.0205,0.6304,-0.0709,-0.0888,0.7679
66,Right,2,-0.0315,-0.0135,0.0332,-0.1732,-0.3182,0.5061,0.7827,3.673,,,,,,,
66,Right,3,0.0000,0.0000,0.0325,0.2841,0.0436,-0.0804,0.9544,3.673,,,,,,,
66,Right,4,0.0000,0.0000,0.0338,0.1212,-0.0499,0.0789,0.9882,3.673,,,,,,,
66,Right,5,0.0007,0.0010,0.0246,0.0000,0.0000,0.0000,1.0000,3.673,,,,,,,
66,Right,6,-0.0205,-0.0082,0.0358,0.0000,0.0000,0.0000,1.0000,3.673,,,,,,,
66,Right,7,-0.0031,0.0009,0.0602,0.0260,0.0543,0.0314,0.9977,3.673,,,,,,,
66,Right,8,0.0000,0.0000,0.0379,0.0766,0.0052,-0.0262,0.9967,3.673,,,,,,,
66,Right,9,0.0000,0.0000,0.0243,0.0432,0.0253,-0.0166,0.9986,3.673,,,,,,,
66,Right,10,0.0003,0.0010,0.0224,0.0000,0.0000,0.0000,1.0000,3.673,,,,,,,
66,Right,11,-0.0042,-0.0070,0.0337,0.0000,0.0000,0.0000,1.0000,3.673,,,,,,,
66,Right,12,0.0025,0.0045,0.0620,0.1142,0.0902,-0.0147,0.9892,3.673,,,,,,,
66,Right,13,0.0000,0.0000,0.0429,0.0736,0.0035,-0.0117,0.9972,3.673,,,,,,,
66,Right,14,0.0000,0.0000,0.0275,-0.0048,0.0008,-0.0432,0.9991,3.673,,,,,,,
66,Right,15,0.0003,0.0011,0.0250,0.0000,0.0000,0.0000,1.0000,3.673,,,,,,,
66,Right,16,0.0150,-0.0060,0.0348,0.0000,0.0000,0.0000,1.0000,3.673,,,,,,,
66,Right,17,0.0025,-0.0005,0.0539,0.0864,0.1035,-0.0568,0.9892,3.673,,,,,,,
66,Right,18,0.0000,0.0000,0.0390,0.0769,0.0004,-0.0353,0.9964,3.673,,,,,,,
66,Right,19,0.0000,0.0000,0.0266,0.0308,-0.0294,-0.0061,0.9991,3.673,,,,,,,
66,Right,20,0.0003,0.0016,0.0243,0.0000,0.0000,0.0000,1.0000,3.673,,,,,,,
66,Right,21,0.0230,-0.0094,0.0341,0.0183,0.1403,-0.2070,0.9681,3.673,,,,,,,
66,Right,22,0.0000,0.0000,0.0457,-0.0323,0.0047,0.0942,0.9950,3.673,,,,,,,
66,Right,23,0.0000,0.0000,0.0307,0.1387,0.0366,-0.0506,0.9884,3.673,,,,,,,
66,Right,24,0.0000,0.0000,0.0203,-0.0033,-0.0492,0.0007,0.9988,3.673,,,,,,,
66,Right,25,-0.0002,0.0012,0.0219,0.0000,0.0000,0.0000,1.0000,3.673,,,,,,,
67,Left,0,0.0018,-0.0057,0.0655,0.0000,0.0000,0.0000,1.0000,3.688,,,,,,,
67,Left,1,0.0000,0.0000,0.0000,0.0000,0.0000,0.0000,1.0000,3.688,-0.4701,0.3858,-0.0498,-0.7453,0.4755,-0.1669,-0.4365
67,Left,2,0.0266,-0.0206,0.0366,-0.0112,0.3240,-0.6494,0.6879,3.688,,,,,,,
67,Left,3,0.0000,0.0000,0.0325,0.2750,-0.0446,0.0806,0.9570,3.688,,,,,,,
67,Left,4,0.0000,0.0000,0.0338,0.1904,0.0435,-0.0764,0.9778,3.688,,,,,,,
67,Left,5,-0.0007,0.0010,0.0246,0.0000,0.0000,0.0000,1.0000,3.688,,,,,,,
67,Left,6,0.0180,-0.0118,0.0375,0.0000,0.0000,0.0000,1.0000,3.688,,,,,,,
67,Left,7,0.0055,0.0045,0.0585,0.4690,-0.1047,0.0022,0.8770,3.688,,,,,,,
67,Left,8,0.0000,0.0000,0.0379,0.7243,0.0137,0.0216,0.6890,3.688,,,,,,,
67,Left,9,0.0000,0.0000,0.0243,0.5252,-0.0135,0.0166,0.8507,3.688,,,,,,,
67,Left,10,-0.0003,0.0010,0.0224,0.0000,0.0000,0.0000,1.0000,3.688,,,,,,,
67,Left,11,0.0018,-0.0088,0.0354,0.0000,0.0000,0.0000,1.0000,3.688,,,,,,,
67,Left,12,-0.0001,0.0062,0.0603,0.5651,-0.0936,0.0661,0.8170,3.688,,,,,,,
67,Left,13,0.0000,0.0000,0.0429,0.6908,0.0046,0.0126,0.7229,3.688,,,,,,,
67,Left,14,0.0000,0.0000,0.0275,0.5500,0.0236,0.0903,0.8299,3.688,,,,,,,
67,Left,15,-0.0003,0.0011,0.0250,0.0000,0.0000,0.0000,1.0000,3.688,,,,,,,
67,Left,16,-0.0150,-0.0060,0.0348,0.0000,0.0000,0.0000,1.0000,3.688,,,,,,,
67,Left,17,-0.0025,-0.0005,0.0539,0.5986,-0.0629,0.1024,0.7920,3.688,,,,,,,
67,Left,18,0.0000,0.0000,0.0390,0.6833,0.0207,0.0417,0.7287,3.688,,,,,,,
67,Left,19,0.0000,0.0000,0.0266,0.5641,0.0268,0.0303,0.8247,3.688,,,,,,,
67,Left,20,-0.0003,0.0016,0.0243,0.0000,0.0000,0.0000,1.0000,3.688,,,,,,,
67,Left,21,-0.0230,-0.0094,0.0341,0.0183,-0.1403,0.2070,0.9681,3.688,,,,,,,
67,Left,22,0.0000,0.0000,0.0457,0.5953,-0.0481,-0.0507,0.8005,3.688,,,,,,,
67,Left,23,0.0000,0.0000,0.0307,0.6381,-0.0077,0.0857,0.7651,3.688,,,,,,,
67,Left,24,0.0000,0.0000,0.0203,0.6194,0.0381,-0.0027,0.7842,3.688,,,,,,,
67,Left,25,0.0002,0.0012,0.0219,0.0000,0.0000,0.0000,1.0000,3.688,,,,,,,
67,Right,0,-0.0030,-0.0048,0.0647,0.0000,0.0000,0.0000,1.0000,3.688,,,,,,,
67,Right,1,0.0000,0.0000,0.0000,0.0000,0.0000,0.0000,1.0000,3.688,-0.0068,0.0887,0.0208,0.6290,-0.0706,-0.0911,0.7688
67,Right,2,-0.0315,-0.0135,0.0332,-0.1731,-0.3183,0.5061,0.7827,3.688,,,,,,,
67,Right,3,0.0000,0.0000,0.0325,0.2843,0.0436,-0.0804,0.9544,3.688,,,,,,,
67,Right,4,0.0000,0.0000,0.0338,0.1214,-0.0499,0.0789,0.9882,3.688,,,,,,,
67,Right,5,0.0007,0.0010,0.0246,0.0000,0.0000,0.0000,1.0000,3.688,,,,,,,
67,Right,6,-0.0205,-0.0082,0.0358,0.0000,0.0000,0.0000,1.0000,3.688,,,,,,,
67,Right,7,-0.0031,0.0009,0.0602,0.0264,0.0546,0.0314,0.9977,3.688,,,,,,,
67,Right,8,0.0000,0.0000,0.0379,0.0766,0.0052,-0.0262,0.9967,3.688,,,,,,,
67,Right,9,0.0000,0.0000,0.0243,0.0432,0.0253,-0.0166,0.9986,3.688,,,,,,,
67,Right,10,0.0003,0.0010,0.0224,0.0000,0.0000,0.0000,1.0000,3.688,,,,,,,
67,Right,11,-0.0042,-0.0070,0.0337,0.0000,0.0000,0.0000,1.0000,3.688,,,,,,,
67,Right,12,0.0025,0.0045,0.0620,0.1155,0.0903,-0.0148,0.9891,3.688,,,,,,,
67,Right,13,0.0000,0.0000,0.0429,0.0734,0.0035,-0.0117,0.9972,3.688,,,,,,,
67,Right,14,0.0000,0.0000,0.0275,-0.0049,0.0008,-0.0431,0.9991,3.688,,,,,,,
67,Right,15,0.0003,0.0011,0.0250,0.0000,0.0000,0.0000,1.0000,3.688,,,,,,,
67,Right,16,0.0150,-0.0060,0.0348,0.0000,0.0000,0.0000,1.0000,3.688,,,,,,,
67,Right,17,0.0025,-0.0005,0.0539,0.0873,0.1036,-0.0569,0.9891,3.688,,,,,,,
67,Right,18,0.0000,0.0000,0.0390,0.0769,0.0004,-0.0353,0.9964,3.688,,,,,,,
67,Right,19,0.0000,0.0000,0.0266,0.0308,-0.0294,-0.0061,0.9991,3.688,,,,,,,
67,Right,20,0.0003,0.0016,0.0243,0.0000,0.0000,0.0000,1.0000,3.688,,,,,,,
67,Right,21,0.0230,-0.0094,0.0341,0.0183,0.1403,-0.2070,0.9681,3.688,,,,,,,
67,Right,22,0.0000,0.0000,0.0457,-0.0321,0.0047,0.0942,0.9950,3.688,,,,,,,
67,Right,23,0.0000,0.0000,0.0307,0.1390,0.0366,-0.0506,0.9883,3.688,,,,,,,
67,Right,24,0.0000,0.0000,0.0203,-0.0032,-0.0492,0.0007,0.9988,3.688,,,,,,,
67,Right,25,-0.0002,0.0012,0.0219,0.0000,0.0000,0.0000,1.0000,3.688,,,,,,,
68,Left,0,0.0018,-0.0057,0.0655,0.0000,0.0000,0.0000,1.0000,3.703,,,,,,,
68,Left,1,0.0000,0.0000,0.0000,0.0000,0.0000,0.0000,1.0000,3.703,-0.4672,0.3867,-0.0443,-0.7471,0.4753,-0.1731,-0.4312
68,Left,2,0.0267,-0.0206,0.0366,-0.0109,0.3245,-0.6493,0.6877,3.703,,,,,,,
68,Left,3,0.0000,0.0000,0.0325,0.2750,-0.0446,0.0806,0.9570,3.703,,,,,,,
68,Left,4,0.0000,0.0000,0.0338,0.1905,0.0435,-0.0764,0.9777,3.703,,,,,,,
68,Left,5,-0.0007,0.0010,0.0246,0.0000,0.0000,0.0000,1.0000,3.703,,,,,,,
68,Left,6,0.0180,-0.0118,0.0375,0.0000,0.0000,0.0000,1.0000,3.703,,,,,,,
68,Left,7,0.0055,0.0045,0.0585,0.4696,-0.1043,0.0021,0.8767,3.703,,,,,,,
68,Left,8,0.0000,0.0000,0.0379,0.7247,0.0138,0.0216,0.6886,3.703,,,,,,,
68,Left,9,0.0000,0.0000,0.0243,0.5252,-0.0135,0.0166,0.8507,3.703,,,,,,,
68,Left,10,-0.0003,0.0010,0.0224,0.0000,0.0000,0.0000,1.0000,3.703,,,,,,,
68,Left,11,0.0018,-0.0088,0.0353,0.0000,0.0000,0.0000,1.0000,3.703,,,,,,,
68,Left,12,-0.0001,0.0062,0.0603,0.5680,-0.0933,0.0665,0.8150,3.703,,,,,,,
68,Left,13,0.0000,0.0000,0.0429,0.6911,0.0046,0.0126,0.7226,3.703,,,,,,,
68,Left,14,0.0000,0.0000,0.0275,0.5497,0.0235,0.0902,0.8301,3.703,,,,,,,
68,Left,15,-0.0003,0.0011,0.0250,0.0000,0.0000,0.0000,1.0000,3.703,,,,,,,
68,Left,16,-0.0150,-0.0060,0.0348,0.0000,0.0000,0.0000,1.0000,3.703,,,,,,,
68,Left,17,-0.0025,-0.0005,0.0539,0.6016,-0.0624,0.1026,0.7897,3.703,,,,,,,
68,Left,18,0.0000,0.0000,0.0390,0.6832,0.0207,0.0417,0.7287,3.703,,,,,,,
68,Left,19,0.0000,0.0000,0.0266,0.5638,0.0268,0.0303,0.8249,3.703,,,,,,,
68,Left,20,-0.0003,0.0016,0.0243,0.0000,0.0000,0.0000,1.0000,3.703,,,,,,,
68,Left,21,-0.0230,-0.0094,0.0341,0.0183,-0.1403,0.2070,0.9681,3.703,,,,,,,
68,Left,22,0.0000,0.0000,0.0457,0.5986,-0.0481,-0.0506,0.7980,3.703,,,,,,,
68,Left,23,0.0000,0.0000,0.0307,0.6384,-0.0077,0.0858,0.7649,3.703,,,,,,,
68,Left,24,0.0000,0.0000,0.0203,0.6190,0.0382,-0.0027,0.7845,3.703,,,,,,,
68,Left,25,0.0002,0.0012,0.0219,0.0000,0.0000,0.0000,1.0000,3.703,,,,,,,
68,Right,0,-0.0030,-0.0048,0.0646,0.0000,0.0000,0.0000,1.0000,3.703,,,,,,,
68,Right,1,0.0000,0.0000,0.0000,0.0000,0.0000,0.0000,1.0000,3.703,-0.0065,0.0893,0.0211,0.6277,-0.0703,-0.0935,0.7696
68,Right,2,-0.0315,-0.0135,0.0332,-0.1730,-0.3185,0.5061,0.7826,3.703,,,,,,,
68,Right,3,0.0000,0.0000,0.0325,0.2844,0.0436,-0.0804,0.9543,3.703,,,,,,,
68,Right,4,0.0000,0.0000,0.0338,0.1217,-0.0498,0.0789,0.9882,3.703,,,,,,,
68,Right,5,0.0007,0.0010,0.0246,0.0000,0.0000,0.0000,1.0000,3.703,,,,,,,
68,Right,6,-0.0205,-0.0082,0.0358,0.0000,0.0000,0.0000,1.0000,3.703,,,,,,,
68,Right,7,-0.0031,0.0009,0.0602,0.0267,0.0549,0.0314,0.9976,3.703,,,,,,,
68,Right,8,0.0000,0.0000,0.0379,0.0765,0.0052,-0.0262,0.9967,3.703,,,,,,,
68,Right,9,0.0000,0.0000,0.0243,0.0433,0.0253,-0.0166,0.9986,3.703,,,,,,,
68,Right,10,0.0003,0.0010,0.0224,0.0000,0.0000,0.0000,1.0000,3.703,,,,,,,
68,Right,11,-0.0042,-0.0070,0.0337,0.0000,0.0000,0.0000,1.0000,3.703,,,,,,,
68,Right,12,0.0025,0.0045,0.0620,0.1167,0.0905,-0.0150,0.9889,3.703,,,,,,,
68,Right,13,0.0000,0.0000,0.0429,0.0732,0.0035,-0.0117,0.9972,3.703,,,,,,,
68,Right,14,0.0000,0.0000,0.0275,-0.0051,0.0008,-0.0431,0.9991,3.703,,,,,,,
68,Right,15,0.0003,0.0011,0.0250,0.0000,0.0000,0.0000,1.0000,3.703,,,,,,,
68,Right,16,0.0150,-0.0060,0.0348,0.0000,0.0000,0.0000,1.0000,3.703,,,,,,,
68,Right,17,0.0025,-0.0005,0.0539,0.0881,0.1038,-0.0571,0.9890,3.703,,,,,,,
68,Right,18,0.0000,0.0000,0.0390,0.0769,0.0004,-0.0353,0.9964,3.703,,,,,,,
68,Right,19,0.0000,0.0000,0.0266,0.0309,-0.0294,-0.0061,0.9991,3.703,,,,,,,
68,Right,20,0.0003,0.0016,0.0243,0.0000,0.0000,0.0000,1.0000,3.703,,,,,,,
68,Right,21,0.0230,-0.0094,0.0341,0.0183,0.1403,-0.2070,0.9681,3.703,,,,,,,
68,Right,22,0.0000,0.0000,0.0457,-0.0318,0.0047,0.0942,0.9950,3.703,,,,,,,
68,Right,23,0.0000,0.0000,0.0307,0.1393,0.0366,-0.0506,0.9883,3.703,,,,,,,
68,Right,24,0.0000,0.0000,0.0203,-0.0031,-0.0492,0.0007,0.9988,3.703,,,,,,,
68,Right,25,-0.0002,0.0012,0.0219,0.0000,0.0000,0.0000,1.0000,3.703,,,,,,,
69,Left,0,0.0018,-0.0057,0.0655,0.0000,0.0000,0.0000,1.0000,3.718,,,,,,,
69,Left,1,0.0000,0.0000,0.0000,0.0000,0.0000,0.0000,1.0000,3.718,-0.4643,0.3882,-0.0391,-0.7485,0.4749,-0.1800,-0.4264
69,Left,2,0.0267,-0.0206,0.0366,-0.0108,0.3247,-0.6493,0.6876,3.718,,,,,,,
69,Left,3,0.0000,0.0000,0.0325,0.2749,-0.0446,0.0806,0.9571,3.718,,,,,,,
69,Left,4,0.0000,0.0000,0.0338,0.1903,0.0435,-0.0764,0.9778,3.718,,,,,,,
69,Left,5,-0.0007,0.0010,0.0246,0.0000,0.0000,0.0000,1.0000,3.718,,,,,,,
69,Left,6,0.0180,-0.0118,0.0375,0.0000,0.0000,0.0000,1.0000,3.718,,,,,,,
69,Left,7,0.0055,0.0045,0.0585,0.4701,-0.1039,0.0019,0.8765,3.718,,,,,,,
69,Left,8,0.0000,0.0000,0.0379,0.7253,0.0138,0.0216,0.6880,3.718,,,,,,,
69,Left,9,0.0000,0.0000,0.0243,0.5252,-0.0135,0.0166,0.8507,3.718,,,,,,,
69,Left,10,-0.0003,0.0010,0.0224,0.0000,0.0000,0.0000,1.0000,3.718,,,,,,,
69,Left,11,0.0018,-0.0088,0.0353,0.0000,0.0000,0.0000,1.0000,3.718,,,,,,,
69,Left,12,-0.0001,0.0062,0.0603,0.5702,-0.0930,0.0666,0.8135,3.718,,,,,,,
69,Left,13,0.0000,0.0000,0.0429,0.6914,0.0046,0.0126,0.7223,3.718,,,,,,,
69,Left,14,0.0000,0.0000,0.0275,0.5494,0.0235,0.0902,0.8304,3.718,,,,,,,
69,Left,15,-0.0003,0.0011,0.0250,0.0000,0.0000,0.0000,1.0000,3.718,,,,,,,
69,Left,16,-0.0150,-0.0060,0.0348,0.0000,0.0000,0.0000,1.0000,3.718,,,,,,,
69,Left,17,-0.0025,-0.0005,0.0539,0.6047,-0.0620,0.1029,0.7873,3.718,,,,,,,
69,Left,18,0.0000,0.0000,0.0390,0.6832,0.0207,0.0417,0.7287,3.718,,,,,,,
69,Left,19,0.0000,0.0000,0.0266,0.5636,0.0268,0.0303,0.8251,3.718,,,,,,,
69,Left,20,-0.0003,0.0016,0.0243,0.0000,0.0000,0.0000,1.0000,3.718,,,,,,,
69,Left,21,-0.0230,-0.0094,0.0341,0.0183,-0.1403,0.2070,0.9681,3.718,,,,,,,
69,Left,22,0.0000,0.0000,0.0457,0.6011,-0.0480,-0.0506,0.7961,3.718,,,,,,,
69,Left,23,0.0000,0.0000,0.0307,0.6385,-0.0077,0.0858,0.7648,3.718,,,,,,,
69,Left,24,0.0000,0.0000,0.0203,0.6185,0.0382,-0.0027,0.7848,3.718,,,,,,,
69,Left,25,0.0002,0.0012,0.0219,0.0000,0.0000,0.0000,1.0000,3.718,,,,,,,
69,Right,0,-0.0030,-0.0048,0.0646,0.0000,0.0000,0.0000,1.0000,3.718,,,,,,,
69,Right,1,0.0000,0.0000,0.0000,0.0000,0.0000,0.0000,1.0000,3.718,-0.0063,0.0898,0.0213,0.6267,-0.0702,-0.0949,0.7702
69,Right,2,-0.0315,-0.0135,0.0332,-0.1729,-0.3185,0.5062,0.7826,3.718,,,,,,,
69,Right,3,0.0000,0.0000,0.0325,0.2844,0.0436,-0.0804,0.9543,3.718,,,,,,,
69,Right,4,0.0000,0.0000,0.0338,0.1219,-0.0498,0.0789,0.9881,3.718,,,,,,,
69,Right,5,0.0007,0.0010,0.0246,0.0000,0.0000,0.0000,1.0000,3.718,,,,,,,
69,Right,6,-0.0205,-0.0082,0.0358,0.0000,0.0000,0.0000,1.0000,3.718,,,,,,,
69,Right,7,-0.0031,0.0009,0.0602,0.0271,0.0551,0.0314,0.9976,3.718,,,,,,,
69,Right,8,0.0000,0.0000,0.0379,0.0765,0.0052,-0.0262,0.9967,3.718,,,,,,,
69,Right,9,0.0000,0.0000,0.0243,0.0433,0.0253,-0.0166,0.9986,3.718,,,,,,,
69,Right,10,0.0003,0.0010,0.0224,0.0000,0.0000,0.0000,1.0000,3.718,,,,,,,
69,Right,11,-0.0042,-0.0070,0.0337,0.0000,0.0000,0.0000,1.0000,3.718,,,,,,,
69,Right,12,0.0025,0.0045,0.0620,0.1178,0.0905,-0.0150,0.9888,3.718,,,,,,,
69,Right,13,0.0000,0.0000,0.0429,0.0729,0.0035,-0.0117,0.9973,3.718,,,,,,,
69,Right,14,0.0000,0.0000,0.0275,-0.0053,0.0008,-0.0431,0.9991,3.718,,,,,,,
69,Right,15,0.0003,0.0011,0.0250,0.0000,0.0000,0.0000,1.0000,3.718,,,,,,,
69,Right,16,0.0150,-0.0060,0.0348,0.0000,0.0000,0.0000,1.0000,3.718,,,,,,,
69,Right,17,0.0025,-0.0005,0.0539,0.0890,0.1040,-0.0571,0.9889,3.718,,,,,,,
69,Right,18,0.0000,0.0000,0.0390,0.0768,0.0004,-0.0353,0.9964,3.718,,,,,,,
69,Right,19,0.0000,0.0000,0.0266,0.0309,-0.0294,-0.0061,0.9991,3.718,,,,,,,
69,Right,20,0.0003,0.0016,0.0243,0.0000,0.0000,0.0000,1.0000,3.718,,,,,,,
69,Right,21,0.0230,-0.0094,0.0341,0.0183,0.1403,-0.2070,0.9681,3.718,,,,,,,
69,Right,22,0.0000,0.0000,0.0457,-0.0317,0.0047,0.0942,0.9950,3.718,,,,,,,
69,Right,23,0.0000,0.0000,0.0307,0.1395,0.0366,-0.0506,0.9883,3.718,,,,,,,
69,Right,24,0.0000,0.0000,0.0203,-0.0029,-0.0492,0.0007,0.9988,3.718,,,,,,,
69,Right,25,-0.0002,0.0012,0.0219,0.0000,0.0000,0.0000,1.0000,3.718,,,,,,,
70,Left,0,0.0018,-0.0057,0.0655,0.0000,0.0000,0.0000,1.0000,3.734,,,,,,,
70,Left,1,0.0000,0.0000,0.0000,0.0000,0.0000,0.0000,1.0000,3.734,-0.4613,0.3902,-0.0339,-0.7496,0.4744,-0.1874,-0.4218
70,Left,2,0.0267,-0.0206,0.0366,-0.0108,0.3247,-0.6493,0.6876,3.734,,,,,,,
70,Left,3,0.0000,0.0000,0.0325,0.2746,-0.0447,0.0806,0.9571,3.734,,,,,,,
70,Left,4,0.0000,0.0000,0.0338,0.1899,0.0436,-0.0765,0.9779,3.734,,,,,,,
70,Left,5,-0.0007,0.0010,0.0246,0.0000,0.0000,0.0000,1.0000,3.734,,,,,,,
70,Left,6,0.0180,-0.0118,0.0375,0.0000,0.0000,0.0000,1.0000,3.734,,,,,,,
70,Left,7,0.0055,0.0045,0.0585,0.4704,-0.1036,0.0018,0.8764,3.734,,,,,,,
70,Left,8,0.0000,0.0000,0.0379,0.7261,0.0138,0.0215,0.6871,3.734,,,,,,,
70,Left,9,0.0000,0.0000,0.0243,0.5253,-0.0135,0.0166,0.8507,3.734,,,,,,,
70,Left,10,-0.0003,0.0010,0.0224,0.0000,0.0000,0.0000,1.0000,3.734,,,,,,,
70,Left,11,0.0018,-0.0088,0.0353,0.0000,0.0000,0.0000,1.0000,3.734,,,,,,,
70,Left,12,-0.0001,0.0062,0.0603,0.5719,-0.0927,0.0667,0.8123,3.734,,,,,,,
70,Left,13,0.0000,0.0000,0.0429,0.6917,0.0046,0.0126,0.7221,3.734,,,,,,,
70,Left,14,0.0000,0.0000,0.0276,0.5490,0.0235,0.0901,0.8306,3.734,,,,,,,
70,Left,15,-0.0003,0.0011,0.0250,0.0000,0.0000,0.0000,1.0000,3.734,,,,,,,
70,Left,16,-0.0150,-0.0060,0.0348,0.0000,0.0000,0.0000,1.0000,3.734,,,,,,,
70,Left,17,-0.0025,-0.0005,0.0539,0.6079,-0.0617,0.1031,0.7849,3.734,,,,,,,
70,Left,18,0.0000,0.0000,0.0390,0.6833,0.0207,0.0417,0.7287,3.734,,,,,,,
70,Left,19,0.0000,0.0000,0.0266,0.5633,0.0268,0.0303,0.8252,3.734,,,,,,,
70,Left,20,-0.0003,0.0016,0.0243,0.0000,0.0000,0.0000,1.0000,3.734,,,,,,,
70,Left,21,-0.0230,-0.0094,0.0341,0.0183,-0.1403,0.2070,0.9681,3.734,,,,,,,
70,Left,22,0.0000,0.0000,0.0457,0.6031,-0.0477,-0.0507,0.7946,3.734,,,,,,,
70,Left,23,0.0000,0.0000,0.0307,0.6386,-0.0077,0.0858,0.7647,3.734,,,,,,,
70,Left,24,0.0000,0.0000,0.0203,0.6180,0.0382,-0.0027,0.7853,3.734,,,,,,,
70,Left,25,0.0002,0.0012,0.0219,0.0000,0.0000,0.0000,1.0000,3.734,,,,,,,
70,Right,0,-0.0030,-0.0048,0.0647,0.0000,0.0000,0.0000,1.0000,3.734,,,,,,,
70,Right,1,0.0000,0.0000,0.0000,0.0000,0.0000,0.0000,1.0000,3.734,-0.0062,0.0901,0.0214,0.6261,-0.0703,-0.0955,0.7707
70,Right,2,-0.0315,-0.0136,0.0332,-0.1728,-0.3186,0.5063,0.7825,3.734,,,,,,,
70,Right,3,0.0000,0.0000,0.0325,0.2844,0.0436,-0.0804,0.9543,3.734,,,,,,,
70,Right,4,0.0000,0.0000,0.0338,0.1222,-0.0498,0.0789,0.9881,3.734,,,,,,,
70,Right,5,0.0007,0.0010,0.0246,0.0000,0.0000,0.0000,1.0000,3.734,,,,,,,
70,Right,6,-0.0204,-0.0082,0.0358,0.0000,0.0000,0.0000,1.0000,3.734,,,,,,,
70,Right,7,-0.0031,0.0009,0.0602,0.0273,0.0552,0.0314,0.9976,3.734,,,,,,,
70,Right,8,0.0000,0.0000,0.0379,0.0765,0.0052,-0.0262,0.9967,3.734,,,,,,,
70,Right,9,0.0000,0.0000,0.0243,0.0433,0.0253,-0.0166,0.9986,3.734,,,,,,,
70,Right,10,0.0003,0.0010,0.0224,0.0000,0.0000,0.0000,1.0000,3.734,,,,,,,
70,Right,11,-0.0042,-0.0070,0.0337,0.0000,0.0000,0.0000,1.0000,3.734,,,,,,,
70,Right,12,0.0025,0.0045,0.0620,0.1188,0.0906,-0.0151,0.9887,3.734,,,,,,,
70,Right,13,0.0000,0.0000,0.0429,0.0725,0.0035,-0.0117,0.9973,3.734,,,,,,,
70,Right,14,0.0000,0.0000,0.0275,-0.0054,0.0008,-0.0431,0.9991,3.734,,,,,,,
70,Right,15,0.0003,0.0011,0.0250,0.0000,0.0000,0.0000,1.0000,3.734,,,,,,,
70,Right,16,0.0150,-0.0060,0.0348,0.0000,0.0000,0.0000,1.0000,3.734,,,,,,,
70,Right,17,0.0025,-0.0005,0.0539,0.0899,0.1041,-0.0572,0.9888,3.734,,,,,,,
70,Right,18,0.0000,0.0000,0.0390,0.0767,0.0004,-0.0353,0.9964,3.734,,,,,,,
70,Right,19,0.0000,0.0000,0.0266,0.0310,-0.0294,-0.0061,0.9991,3.734,,,,,,,
70,Right,20,0.0003,0.0016,0.0243,0.0000,0.0000,0.0000,1.0000,3.734,,,,,,,
70,Right,21,0.0230,-0.0094,0.0341,0.0183,0.1403,-0.2070,0.9681,3.734,,,,,,,
70,Right,22,0.0000,0.0000,0.0457,-0.0316,0.0047,0.0942,0.9950,3.734,,,,,,,
70,Right,23,0.0000,0.0000,0.0307,0.1396,0.0366,-0.0507,0.9882,3.734,,,,,,,
70,Right,24,0.0000,0.0000,0.0203,-0.0027,-0.0492,0.0007,0.9988,3.734,,,,,,,
70,Right,25,-0.0002,0.0012,0.0219,0.0000,0.0000,0.0000,1.0000,3.734,,,,,,,
71,Left,0,0.0018,-0.0057,0.0655,0.0000,0.0000,0.0000,1.0000,3.749,,,,,,,
71,Left,1,0.0000,0.0000,0.0000,0.0000,0.0000,0.0000,1.0000,3.749,-0.4584,0.3922,-0.0288,-0.7506,0.4739,-0.1949,-0.4173
71,Left,2,0.0267,-0.0206,0.0366,-0.0108,0.3247,-0.6493,0.6876,3.749,,,,,,,
71,Left,3,0.0000,0.0000,0.0325,0.2743,-0.0447,0.0806,0.9572,3.749,,,,,,,
71,Left,4,0.0000,0.0000,0.0338,0.1894,0.0436,-0.0765,0.9779,3.749,,,,,,,
71,Left,5,-0.0007,0.0010,0.0246,0.0000,0.0000,0.0000,1.0000,3.749,,,,,,,
71,Left,6,0.0180,-0.0118,0.0375,0.0000,0.0000,0.0000,1.0000,3.749,,,,,,,
71,Left,7,0.0055,0.0045,0.0585,0.4707,-0.1032,0.0017,0.8762,3.749,,,,,,,
71,Left,8,0.0000,0.0000,0.0379,0.7269,0.0138,0.0215,0.6863,3.749,,,,,,,
71,Left,9,0.0000,0.0000,0.0243,0.5253,-0.0135,0.0166,0.8506,3.749,,,,,,,
71,Left,10,-0.0003,0.0010,0.0224,0.0000,0.0000,0.0000,1.0000,3.749,,,,,,,
71,Left,11,0.0018,-0.0088,0.0353,0.0000,0.0000,0.0000,1.0000,3.749,,,,,,,
71,Left,12,-0.0001,0.0062,0.0603,0.5736,-0.0923,0.0668,0.8111,3.749,,,,,,,
71,Left,13,0.0000,0.0000,0.0429,0.6920,0.0046,0.0126,0.7218,3.749,,,,,,,
71,Left,14,0.0000,0.0000,0.0276,0.5486,0.0235,0.0901,0.8309,3.749,,,,,,,
71,Left,15,-0.0003,0.0011,0.0250,0.0000,0.0000,0.0000,1.0000,3.749,,,,,,,
71,Left,16,-0.0150,-0.0060,0.0348,0.0000,0.0000,0.0000,1.0000,3.749,,,,,,,
71,Left,17,-0.0025,-0.0005,0.0539,0.6111,-0.0613,0.1034,0.7824,3.749,,,,,,,
71,Left,18,0.0000,0.0000,0.0390,0.6834,0.0207,0.0417,0.7286,3.749,,,,,,,
71,Left,19,0.0000,0.0000,0.0266,0.5631,0.0268,0.0303,0.8254,3.749,,,,,,,
71,Left,20,-0.0003,0.0016,0.0243,0.0000,0.0000,0.0000,1.0000,3.749,,,,,,,
71,Left,21,-0.0230,-0.0094,0.0341,0.0183,-0.1403,0.2070,0.9681,3.749,,,,,,,
71,Left,22,0.0000,0.0000,0.0457,0.6050,-0.0475,-0.0508,0.7932,3.749,,,,,,,
71,Left,23,0.0000,0.0000,0.0307,0.6386,-0.0077,0.0858,0.7647,3.749,,,,,,,
71,Left,24,0.0000,0.0000,0.0203,0.6175,0.0382,-0.0027,0.7857,3.749,,,,,,,
71,Left,25,0.0002,0.0012,0.0219,0.0000,0.0000,0.0000,1.0000,3.749,,,,,,,
71,Right,0,-0.0030,-0.0048,0.0647,0.0000,0.0000,0.0000,1.0000,3.749,,,,,,,
71,Right,1,0.0000,0.0000,0.0000,0.0000,0.0000,0.0000,1.0000,3.749,-0.0060,0.0904,0.0216,0.6254,-0.0704,-0.0961,0.7711
71,Right,2,-0.0315,-0.0136,0.0332,-0.1726,-0.3186,0.5065,0.7824,3.749,,,,,,,
71,Right,3,0.0000,0.0000,0.0325,0.2844,0.0436,-0.0804,0.9543,3.749,,,,,,,
71,Right,4,0.0000,0.0000,0.0338,0.1224,-0.0498,0.0789,0.9881,3.749,,,,,,,
71,Right,5,0.0007,0.0010,0.0246,0.0000,0.0000,0.0000,1.0000,3.749,,,,,,,
71,Right,6,-0.0204,-0.0082,0.0358,0.0000,0.0000,0.0000,1.0000,3.749,,,,,,,
71,Right,7,-0.0031,0.0009,0.0602,0.0276,0.0554,0.0314,0.9976,3.749,,,,,,,
71,Right,8,0.0000,0.0000,0.0379,0.0765,0.0052,-0.0262,0.9967,3.749,,,,,,,
71,Right,9,0.0000,0.0000,0.0243,0.0433,0.0253,-0.0166,0.9986,3.749,,,,,,,
71,Right,10,0.0003,0.0010,0.0224,0.0000,0.0000,0.0000,1.0000,3.749,,,,,,,
71,Right,11,-0.0042,-0.0070,0.0337,0.0000,0.0000,0.0000,1.0000,3.749,,,,,,,
71,Right,12,0.0025,0.0045,0.0620,0.1199,0.0906,-0.0152,0.9885,3.749,,,,,,,
71,Right,13,0.0000,0.0000,0.0429,0.0721,0.0035,-0.0117,0.9973,3.749,,,,,,,
71,Right,14,0.0000,0.0000,0.0275,-0.0055,0.0008,-0.0431,0.9991,3.749,,,,,,,
71,Right,15,0.0003,0.0011,0.0250,0.0000,0.0000,0.0000,1.0000,3.749,,,,,,,
71,Right,16,0.0150,-0.0060,0.0348,0.0000,0.0000,0.0000,1.0000,3.749,,,,,,,
71,Right,17,0.0025,-0.0005,0.0539,0.0907,0.1043,-0.0573,0.9887,3.749,,,,,,,
71,Right,18,0.0000,0.0000,0.0390,0.0766,0.0004,-0.0353,0.9964,3.749,,,,,,,
71,Right,19,0.0000,0.0000,0.0266,0.0311,-0.0294,-0.0061,0.9991,3.749,,,,,,,
71,Right,20,0.0003,0.0016,0.0243,0.0000,0.0000,0.0000,1.0000,3.749,,,,,,,
71,Right,21,0.0230,-0.0094,0.0341,0.0183,0.1403,-0.2070,0.9681,3.749,,,,,,,
71,Right,22,0.0000,0.0000,0.0457,-0.0315,0.0047,0.0942,0.9950,3.749,,,,,,,
71,Right,23,0.0000,0.0000,0.0307,0.1398,0.0366,-0.0507,0.9882,3.749,,,,,,,
71,Right,24,0.0000,0.0000,0.0203,-0.0025,-0.0492,0.0007,0.9988,3.749,,,,,,,
71,Right,25,-0.0002,0.0012,0.0219,0.0000,0.0000,0.0000,1.0000,3.749,,,,,,,
72,Left,0,0.0018,-0.0057,0.0655,0.0000,0.0000,0.0000,1.0000,3.778,,,,,,,
72,Left,1,0.0000,0.0000,0.0000,0.0000,0.0000,0.0000,1.0000,3.778,-0.4582,0.3931,-0.0227,-0.7585,0.4689,-0.2101,-0.4009
72,Left,2,0.0267,-0.0206,0.0366,-0.0114,0.3242,-0.6491,0.6880,3.778,,,,,,,
72,Left,3,0.0000,0.0000,0.0325,0.2716,-0.0450,0.0807,0.9580,3.778,,,,,,,
72,Left,4,0.0000,0.0000,0.0338,0.1886,0.0437,-0.0765,0.9781,3.778,,,,,,,
72,Left,5,-0.0007,0.0010,0.0246,0.0000,0.0000,0.0000,1.0000,3.778,,,,,,,
72,Left,6,0.0180,-0.0118,0.0375,0.0000,0.0000,0.0000,1.0000,3.778,,,,,,,
72,Left,7,0.0055,0.0045,0.0585,0.4703,-0.1029,0.0015,0.8765,3.778,,,,,,,
72,Left,8,0.0000,0.0000,0.0379,0.7276,0.0139,0.0215,0.6856,3.778,,,,,,,
72,Left,9,0.0000,0.0000,0.0243,0.5253,-0.0135,0.0166,0.8506,3.778,,,,,,,
72,Left,10,-0.0003,0.0010,0.0224,0.0000,0.0000,0.0000,1.0000,3.778,,,,,,,
72,Left,11,0.0018,-0.0088,0.0353,0.0000,0.0000,0.0000,1.0000,3.778,,,,,,,
72,Left,12,-0.0001,0.0062,0.0603,0.5740,-0.0923,0.0668,0.8109,3.778,,,,,,,
72,Left,13,0.0000,0.0000,0.0429,0.6925,0.0046,0.0126,0.7213,3.778,,,,,,,
72,Left,14,0.0000,0.0000,0.0275,0.5483,0.0235,0.0901,0.8311,3.778,,,,,,,
72,Left,15,-0.0003,0.0011,0.0250,0.0000,0.0000,0.0000,1.0000,3.778,,,,,,,
72,Left,16,-0.0150,-0.0060,0.0348,0.0000,0.0000,0.0000,1.0000,3.778,,,,,,,
72,Left,17,-0.0025,-0.0005,0.0539,0.6115,-0.0614,0.1035,0.7821,3.778,,,,,,,
72,Left,18,0.0000,0.0000,0.0390,0.6855,0.0208,0.0417,0.7266,3.778,,,,,,,
72,Left,19,0.0000,0.0000,0.0266,0.5632,0.0268,0.0303,0.8253,3.778,,,,,,,
72,Left,20,-0.0003,0.0016,0.0243,0.0000,0.0000,0.0000,1.0000,3.778,,,,,,,
72,Left,21,-0.0230,-0.0094,0.0341,0.0183,-0.1403,0.2070,0.9681,3.778,,,,,,,
72,Left,22,0.0000,0.0000,0.0457,0.6039,-0.0470,-0.0512,0.7940,3.778,,,,,,,
72,Left,23,0.0000,0.0000,0.0307,0.6390,-0.0076,0.0858,0.7643,3.778,,,,,,,
72,Left,24,0.0000,0.0000,0.0203,0.6171,0.0382,-0.0027,0.7860,3.778,,,,,,,
72,Left,25,0.0002,0.0012,0.0219,0.0000,0.0000,0.0000,1.0000,3.778,,,,,,,
72,Right,0,-0.0030,-0.0048,0.0647,0.0000,0.0000,0.0000,1.0000,3.778,,,,,,,
72,Right,1,0.0000,0.0000,0.0000,0.0000,0.0000,0.0000,1.0000,3.778,-0.0057,0.0910,0.0224,0.6248,-0.0695,-0.0982,0.7715
72,Right,2,-0.0315,-0.0136,0.0332,-0.1723,-0.3190,0.5067,0.7822,3.778,,,,,,,
72,Right,3,0.0000,0.0000,0.0325,0.2847,0.0436,-0.0804,0.9543,3.778,,,,,,,
72,Right,4,0.0000,0.0000,0.0338,0.1228,-0.0497,0.0788,0.9880,3.778,,,,,,,
72,Right,5,0.0007,0.0010,0.0246,0.0000,0.0000,0.0000,1.0000,3.778,,,,,,,
72,Right,6,-0.0204,-0.0082,0.0358,0.0000,0.0000,0.0000,1.0000,3.778,,,,,,,
72,Right,7,-0.0031,0.0009,0.0602,0.0278,0.0557,0.0314,0.9976,3.778,,,,,,,
72,Right,8,0.0000,0.0000,0.0379,0.0766,0.0052,-0.0262,0.9967,3.778,,,,,,,
72,Right,9,0.0000,0.0000,0.0243,0.0434,0.0253,-0.0166,0.9986,3.778,,,,,,,
72,Right,10,0.0003,0.0010,0.0224,0.0000,0.0000,0.0000,1.0000,3.778,,,,,,,
72,Right,11,-0.0042,-0.0070,0.0337,0.0000,0.0000,0.0000,1.0000,3.778,,,,,,,
72,Right,12,0.0025,0.0045,0.0620,0.1204,0.0909,-0.0153,0.9884,3.778,,,,,,,
72,Right,13,0.0000,0.0000,0.0429,0.0720,0.0035,-0.0117,0.9973,3.778,,,,,,,
72,Right,14,0.0000,0.0000,0.0275,-0.0056,0.0008,-0.0431,0.9991,3.778,,,,,,,
72,Right,15,0.0003,0.0011,0.0250,0.0000,0.0000,0.0000,1.0000,3.778,,,,,,,
72,Right,16,0.0150,-0.0060,0.0348,0.0000,0.0000,0.0000,1.0000,3.778,,,,,,,
72,Right,17,0.0025,-0.0005,0.0539,0.0912,0.1049,-0.0574,0.9886,3.778,,,,,,,
72,Right,18,0.0000,0.0000,0.0390,0.0765,0.0004,-0.0353,0.9964,3.778,,,,,,,
72,Right,19,0.0000,0.0000,0.0266,0.0312,-0.0294,-0.0061,0.9991,3.778,,,,,,,
72,Right,20,0.0003,0.0016,0.0243,0.0000,0.0000,0.0000,1.0000,3.778,,,,,,,
72,Right,21,0.0230,-0.0094,0.0341,0.0183,0.1403,-0.2070,0.9681,3.778,,,,,,,
72,Right,22,0.0000,0.0000,0.0457,-0.0314,0.0048,0.0942,0.9950,3.778,,,,,,,
72,Right,23,0.0000,0.0000,0.0307,0.1402,0.0365,-0.0507,0.9882,3.778,,,,,,,
72,Right,24,0.0000,0.0000,0.0203,-0.0022,-0.0492,0.0007,0.9988,3.778,,,,,,,
72,Right,25,-0.0002,0.0012,0.0219,0.0000,0.0000,0.0000,1.0000,3.778,,,,,,,
73,Left,0,0.0018,-0.0057,0.0655,0.0000,0.0000,0.0000,1.0000,3.813,,,,,,,
73,Left,1,0.0000,0.0000,0.0000,0.0000,0.0000,0.0000,1.0000,3.813,-0.4579,0.3949,-0.0169,-0.7663,0.4609,-0.2298,-0.3842
73,Left,2,0.0267,-0.0206,0.0366,-0.0129,0.3227,-0.6488,0.6890,3.813,,,,,,,
73,Left,3,0.0000,0.0000,0.0325,0.2662,-0.0455,0.0808,0.9594,3.813,,,,,,,
73,Left,4,0.0000,0.0000,0.0338,0.1876,0.0438,-0.0765,0.9783,3.813,,,,,,,
73,Left,5,-0.0007,0.0010,0.0246,0.0000,0.0000,0.0000,1.0000,3.813,,,,,,,
73,Left,6,0.0180,-0.0118,0.0375,0.0000,0.0000,0.0000,1.0000,3.813,,,,,,,
73,Left,7,0.0055,0.0045,0.0585,0.4664,-0.1027,0.0011,0.8786,3.813,,,,,,,
73,Left,8,0.0000,0.0000,0.0379,0.7281,0.0139,0.0215,0.6850,3.813,,,,,,,
73,Left,9,0.0000,0.0000,0.0243,0.5254,-0.0135,0.0166,0.8506,3.813,,,,,,,
73,Left,10,-0.0003,0.0010,0.0224,0.0000,0.0000,0.0000,1.0000,3.813,,,,,,,
73,Left,11,0.0018,-0.0088,0.0353,0.0000,0.0000,0.0000,1.0000,3.813,,,,,,,
73,Left,12,-0.0001,0.0062,0.0603,0.5740,-0.0922,0.0667,0.8109,3.813,,,,,,,
73,Left,13,0.0000,0.0000,0.0429,0.6934,0.0046,0.0126,0.7204,3.813,,,,,,,
73,Left,14,0.0000,0.0000,0.0275,0.5481,0.0235,0.0901,0.8312,3.813,,,,,,,
73,Left,15,-0.0003,0.0011,0.0250,0.0000,0.0000,0.0000,1.0000,3.813,,,,,,,
73,Left,16,-0.0150,-0.0060,0.0348,0.0000,0.0000,0.0000,1.0000,3.813,,,,,,,
73,Left,17,-0.0025,-0.0005,0.0539,0.6112,-0.0616,0.1037,0.7822,3.813,,,,,,,
73,Left,18,0.0000,0.0000,0.0390,0.6907,0.0209,0.0417,0.7216,3.813,,,,,,,
73,Left,19,0.0000,0.0000,0.0266,0.5641,0.0268,0.0303,0.8247,3.813,,,,,,,
73,Left,20,-0.0003,0.0016,0.0243,0.0000,0.0000,0.0000,1.0000,3.813,,,,,,,
73,Left,21,-0.0230,-0.0094,0.0341,0.0183,-0.1403,0.2070,0.9681,3.813,,,,,,,
73,Left,22,0.0000,0.0000,0.0457,0.5993,-0.0461,-0.0520,0.7975,3.813,,,,,,,
73,Left,23,0.0000,0.0000,0.0307,0.6403,-0.0076,0.0859,0.7632,3.813,,,,,,,
73,Left,24,0.0000,0.0000,0.0203,0.6170,0.0382,-0.0027,0.7860,3.813,,,,,,,
73,Left,25,0.0002,0.0012,0.0219,0.0000,0.0000,0.0000,1.0000,3.813,,,,,,,
73,Right,0,-0.0030,-0.0048,0.0647,0.0000,0.0000,0.0000,1.0000,3.813,,,,,,,
73,Right,1,0.0000,0.0000,0.0000,0.0000,0.0000,0.0000,1.0000,3.813,-0.0054,0.0917,0.0236,0.6239,-0.0685,-0.0998,0.7721
73,Right,2,-0.0315,-0.0136,0.0332,-0.1720,-0.3195,0.5069,0.7819,3.813,,,,,,,
73,Right,3,0.0000,0.0000,0.0325,0.2850,0.0436,-0.0804,0.9542,3.813,,,,,,,
73,Right,4,0.0000,0.0000,0.0338,0.1234,-0.0497,0.0788,0.9880,3.813,,,,,,,
73,Right,5,0.0007,0.0010,0.0246,0.0000,0.0000,0.0000,1.0000,3.813,,,,,,,
73,Right,6,-0.0204,-0.0082,0.0358,0.0000,0.0000,0.0000,1.0000,3.813,,,,,,,
73,Right,7,-0.0031,0.0009,0.0602,0.0281,0.0560,0.0314,0.9975,3.813,,,,,,,
73,Right,8,0.0000,0.0000,0.0379,0.0770,0.0052,-0.0262,0.9967,3.813,,,,,,,
73,Right,9,0.0000,0.0000,0.0243,0.0436,0.0253,-0.0166,0.9986,3.813,,,,,,,
73,Right,10,0.0003,0.0010,0.0224,0.0000,0.0000,0.0000,1.0000,3.813,,,,,,,
73,Right,11,-0.0042,-0.0070,0.0337,0.0000,0.0000,0.0000,1.0000,3.813,,,,,,,
73,Right,12,0.0025,0.0045,0.0620,0.1210,0.0916,-0.0154,0.9883,3.813,,,,,,,
73,Right,13,0.0000,0.0000,0.0429,0.0722,0.0035,-0.0117,0.9973,3.813,,,,,,,
73,Right,14,0.0000,0.0000,0.0275,-0.0054,0.0008,-0.0431,0.9991,3.813,,,,,,,
73,Right,15,0.0003,0.0011,0.0250,0.0000,0.0000,0.0000,1.0000,3.813,,,,,,,
73,Right,16,0.0150,-0.0060,0.0348,0.0000,0.0000,0.0000,1.0000,3.813,,,,,,,
73,Right,17,0.0025,-0.0005,0.0539,0.0919,0.1058,-0.0574,0.9885,3.813,,,,,,,
73,Right,18,0.0000,0.0000,0.0390,0.0768,0.0004,-0.0353,0.9964,3.813,,,,,,,
73,Right,19,0.0000,0.0000,0.0266,0.0314,-0.0294,-0.0061,0.9991,3.813,,,,,,,
73,Right,20,0.0003,0.0016,0.0243,0.0000,0.0000,0.0000,1.0000,3.813,,,,,,,
73,Right,21,0.0230,-0.0094,0.0341,0.0183,0.1403,-0.2070,0.9681,3.813,,,,,,,
73,Right,22,0.0000,0.0000,0.0457,-0.0315,0.0052,0.0942,0.9950,3.813,,,,,,,
73,Right,23,0.0000,0.0000,0.0307,0.1410,0.0365,-0.0508,0.9880,3.813,,,,,,,
73,Right,24,0.0000,0.0000,0.0203,-0.0018,-0.0492,0.0007,0.9988,3.813,,,,,,,
73,Right,25,-0.0002,0.0012,0.0219,0.0000,0.0000,0.0000,1.0000,3.813,,,,,,,
74,Left,0,0.0018,-0.0057,0.0655,0.0000,0.0000,0.0000,1.0000,3.859,,,,,,,
74,Left,1,0.0000,0.0000,0.0000,0.0000,0.0000,0.0000,1.0000,3.859,-0.4559,0.3976,-0.0119,-0.7710,0.4532,-0.2448,-0.3745
74,Left,2,0.0267,-0.0206,0.0366,-0.0167,0.3185,-0.6484,0.6913,3.859,,,,,,,
74,Left,3,0.0000,0.0000,0.0325,0.2593,-0.0462,0.0810,0.9613,3.859,,,,,,,
74,Left,4,0.0000,0.0000,0.0338,0.1873,0.0438,-0.0765,0.9783,3.859,,,,,,,
74,Left,5,-0.0007,0.0010,0.0246,0.0000,0.0000,0.0000,1.0000,3.859,,,,,,,
74,Left,6,0.0180,-0.0118,0.0375,0.0000,0.0000,0.0000,1.0000,3.859,,,,,,,
74,Left,7,0.0055,0.0045,0.0585,0.4585,-0.1026,0.0003,0.8827,3.859,,,,,,,
74,Left,8,0.0000,0.0000,0.0379,0.7284,0.0139,0.0215,0.6847,3.859,,,,,,,
74,Left,9,0.0000,0.0000,0.0243,0.5257,-0.0135,0.0166,0.8504,3.859,,,,,,,
74,Left,10,-0.0003,0.0010,0.0224,0.0000,0.0000,0.0000,1.0000,3.859,,,,,,,
74,Left,11,0.0018,-0.0088,0.0353,0.0000,0.0000,0.0000,1.0000,3.859,,,,,,,
74,Left,12,-0.0001,0.0062,0.0603,0.5736,-0.0919,0.0664,0.8113,3.859,,,,,,,
74,Left,13,0.0000,0.0000,0.0429,0.6946,0.0047,0.0126,0.7193,3.859,,,,,,,
74,Left,14,0.0000,0.0000,0.0275,0.5484,0.0235,0.0901,0.8310,3.859,,,,,,,
74,Left,15,-0.0003,0.0011,0.0250,0.0000,0.0000,0.0000,1.0000,3.859,,,,,,,
74,Left,16,-0.0150,-0.0060,0.0348,0.0000,0.0000,0.0000,1.0000,3.859,,,,,,,
74,Left,17,-0.0025,-0.0005,0.0539,0.6106,-0.0621,0.1039,0.7827,3.859,,,,,,,
74,Left,18,0.0000,0.0000,0.0390,0.6972,0.0212,0.0416,0.7154,3.859,,,,,,,
74,Left,19,0.0000,0.0000,0.0266,0.5665,0.0268,0.0304,0.8230,3.859,,,,,,,
74,Left,20,-0.0003,0.0016,0.0243,0.0000,0.0000,0.0000,1.0000,3.859,,,,,,,
74,Left,21,-0.0230,-0.0094,0.0341,0.0183,-0.1403,0.2070,0.9681,3.859,,,,,,,
74,Left,22,0.0000,0.0000,0.0457,0.5911,-0.0448,-0.0532,0.8036,3.859,,,,,,,
74,Left,23,0.0000,0.0000,0.0307,0.6448,-0.0073,0.0862,0.7595,3.859,,,,,,,
74,Left,24,0.0000,0.0000,0.0203,0.6175,0.0382,-0.0027,0.7857,3.859,,,,,,,
74,Left,25,0.0002,0.0012,0.0219,0.0000,0.0000,0.0000,1.0000,3.859,,,,,,,
74,Right,0,-0.0030,-0.0048,0.0647,0.0000,0.0000,0.0000,1.0000,3.859,,,,,,,
74,Right,1,0.0000,0.0000,0.0000,0.0000,0.0000,0.0000,1.0000,3.859,-0.0046,0.0922,0.0252,0.6230,-0.0679,-0.1007,0.7727
74,Right,2,-0.0315,-0.0136,0.0332,-0.1717,-0.3199,0.5070,0.7817,3.859,,,,,,,
74,Right,3,0.0000,0.0000,0.0325,0.2854,0.0435,-0.0804,0.9540,3.859,,,,,,,
74,Right,4,0.0000,0.0000,0.0338,0.1242,-0.0496,0.0788,0.9879,3.859,,,,,,,
74,Right,5,0.0007,0.0010,0.0246,0.0000,0.0000,0.0000,1.0000,3.859,,,,,,,
74,Right,6,-0.0204,-0.0082,0.0358,0.0000,0.0000,0.0000,1.0000,3.859,,,,,,,
74,Right,7,-0.0031,0.0009,0.0602,0.0285,0.0563,0.0314,0.9975,3.859,,,,,,,
74,Right,8,0.0000,0.0000,0.0379,0.0777,0.0052,-0.0262,0.9966,3.859,,,,,,,
74,Right,9,0.0000,0.0000,0.0243,0.0441,0.0253,-0.0167,0.9986,3.859,,,,,,,
74,Right,10,0.0003,0.0010,0.0224,0.0000,0.0000,0.0000,1.0000,3.859,,,,,,,
74,Right,11,-0.0042,-0.0070,0.0337,0.0000,0.0000,0.0000,1.0000,3.859,,,,,,,
74,Right,12,0.0025,0.0045,0.0620,0.1219,0.0925,-0.0156,0.9881,3.859,,,,,,,
74,Right,13,0.0000,0.0000,0.0429,0.0726,0.0035,-0.0117,0.9973,3.859,,,,,,,
74,Right,14,0.0000,0.0000,0.0275,-0.0053,0.0008,-0.0431,0.9991,3.859,,,,,,,
74,Right,15,0.0003,0.0011,0.0250,0.0000,0.0000,0.0000,1.0000,3.859,,,,,,,
74,Right,16,0.0150,-0.0060,0.0348,0.0000,0.0000,0.0000,1.0000,3.859,,,,,,,
74,Right,17,0.0025,-0.0005,0.0539,0.0928,0.1071,-0.0576,0.9882,3.859,,,,,,,
74,Right,18,0.0000,0.0000,0.0390,0.0775,0.0004,-0.0354,0.9964,3.859,,,,,,,
74,Right,19,0.0000,0.0000,0.0266,0.0317,-0.0294,-0.0061,0.9990,3.859,,,,,,,
74,Right,20,0.0003,0.0016,0.0243,0.0000,0.0000,0.0000,1.0000,3.859,,,,,,,
74,Right,21,0.0230,-0.0094,0.0341,0.0183,0.1403,-0.2070,0.9681,3.859,,,,,,,
74,Right,22,0.0000,0.0000,0.0457,-0.0319,0.0064,0.0943,0.9950,3.859,,,,,,,
74,Right,23,0.0000,0.0000,0.0307,0.1423,0.0364,-0.0509,0.9878,3.859,,,,,,,
74,Right,24,0.0000,0.0000,0.0203,-0.0012,-0.0492,0.0007,0.9988,3.859,,,,,,,
74,Right,25,-0.0002,0.0012,0.0219,0.0000,0.0000,0.0000,1.0000,3.859,,,,,,,
75,Left,0,0.0018,-0.0057,0.0655,0.0000,0.0000,0.0000,1.0000,3.914,,,,,,,
75,Left,1,0.0000,0.0000,0.0000,0.0000,0.0000,0.0000,1.0000,3.914,-0.4526,0.4012,-0.0081,-0.7723,0.4530,-0.2521,-0.3672
75,Left,2,0.0267,-0.0206,0.0366,-0.0201,0.3145,-0.6481,0.6933,3.914,,,,,,,
75,Left,3,0.0000,0.0000,0.0325,0.2545,-0.0467,0.0810,0.9626,3.914,,,,,,,
75,Left,4,0.0000,0.0000,0.0338,0.1888,0.0437,-0.0765,0.9780,3.914,,,,,,,
75,Left,5,-0.0007,0.0010,0.0246,0.0000,0.0000,0.0000,1.0000,3.914,,,,,,,
75,Left,6,0.0180,-0.0118,0.0375,0.0000,0.0000,0.0000,1.0000,3.914,,,,,,,
75,Left,7,0.0055,0.0045,0.0585,0.4549,-0.1021,-0.0003,0.8847,3.914,,,,,,,
75,Left,8,0.0000,0.0000,0.0379,0.7284,0.0139,0.0215,0.6846,3.914,,,,,,,
75,Left,9,0.0000,0.0000,0.0243,0.5260,-0.0135,0.0166,0.8502,3.914,,,,,,,
75,Left,10,-0.0003,0.0010,0.0224,0.0000,0.0000,0.0000,1.0000,3.914,,,,,,,
75,Left,11,0.0018,-0.0088,0.0353,0.0000,0.0000,0.0000,1.0000,3.914,,,,,,,
75,Left,12,-0.0001,0.0062,0.0603,0.5732,-0.0914,0.0661,0.8116,3.914,,,,,,,
75,Left,13,0.0000,0.0000,0.0429,0.6957,0.0047,0.0126,0.7182,3.914,,,,,,,
75,Left,14,0.0000,0.0000,0.0275,0.5491,0.0235,0.0902,0.8306,3.914,,,,,,,
75,Left,15,-0.0003,0.0011,0.0250,0.0000,0.0000,0.0000,1.0000,3.914,,,,,,,
75,Left,16,-0.0150,-0.0060,0.0348,0.0000,0.0000,0.0000,1.0000,3.914,,,,,,,
75,Left,17,-0.0025,-0.0005,0.0539,0.6100,-0.0625,0.1041,0.7831,3.914,,,,,,,
75,Left,18,0.0000,0.0000,0.0390,0.6995,0.0213,0.0416,0.7131,3.914,,,,,,,
75,Left,19,0.0000,0.0000,0.0266,0.5688,0.0267,0.0305,0.8215,3.914,,,,,,,
75,Left,20,-0.0003,0.0016,0.0243,0.0000,0.0000,0.0000,1.0000,3.914,,,,,,,
75,Left,21,-0.0230,-0.0094,0.0341,0.0183,-0.1403,0.2070,0.9681,3.914,,,,,,,
75,Left,22,0.0000,0.0000,0.0457,0.5860,-0.0434,-0.0543,0.8073,3.914,,,,,,,
75,Left,23,0.0000,0.0000,0.0307,0.6504,-0.0068,0.0865,0.7546,3.914,,,,,,,
75,Left,24,0.0000,0.0000,0.0203,0.6183,0.0382,-0.0027,0.7850,3.914,,,,,,,
75,Left,25,0.0002,0.0012,0.0219,0.0000,0.0000,0.0000,1.0000,3.914,,,,,,,
75,Right,0,-0.0030,-0.0048,0.0647,0.0000,0.0000,0.0000,1.0000,3.914,,,,,,,
75,Right,1,0.0000,0.0000,0.0000,0.0000,0.0000,0.0000,1.0000,3.914,-0.0031,0.0922,0.0267,0.6223,-0.0682,-0.1014,0.7731
75,Right,2,-0.0315,-0.0136,0.0333,-0.1714,-0.3200,0.5074,0.7815,3.914,,,,,,,
75,Right,3,0.0000,0.0000,0.0325,0.2856,0.0435,-0.0804,0.9540,3.914,,,,,,,
75,Right,4,0.0000,0.0000,0.0338,0.1252,-0.0495,0.0788,0.9878,3.914,,,,,,,
75,Right,5,0.0007,0.0010,0.0246,0.0000,0.0000,0.0000,1.0000,3.914,,,,,,,
75,Right,6,-0.0204,-0.0083,0.0358,0.0000,0.0000,0.0000,1.0000,3.914,,,,,,,
75,Right,7,-0.0031,0.0009,0.0602,0.0291,0.0560,0.0314,0.9975,3.914,,,,,,,
75,Right,8,0.0000,0.0000,0.0379,0.0782,0.0052,-0.0262,0.9966,3.914,,,,,,,
75,Right,9,0.0000,0.0000,0.0243,0.0442,0.0253,-0.0167,0.9986,3.914,,,,,,,
75,Right,10,0.0003,0.0010,0.0224,0.0000,0.0000,0.0000,1.0000,3.914,,,,,,,
75,Right,11,-0.0042,-0.0070,0.0337,0.0000,0.0000,0.0000,1.0000,3.914,,,,,,,
75,Right,12,0.0025,0.0045,0.0620,0.1225,0.0930,-0.0156,0.9880,3.914,,,,,,,
75,Right,13,0.0000,0.0000,0.0429,0.0723,0.0035,-0.0117,0.9973,3.914,,,,,,,
75,Right,14,0.0000,0.0000,0.0275,-0.0056,0.0008,-0.0431,0.9991,3.914,,,,,,,
75,Right,15,0.0003,0.0011,0.0250,0.0000,0.0000,0.0000,1.0000,3.914,,,,,,,
75,Right,16,0.0150,-0.0060,0.0348,0.0000,0.0000,0.0000,1.0000,3.914,,,,,,,
75,Right,17,0.0025,-0.0005,0.0539,0.0935,0.1084,-0.0577,0.9880,3.914,,,,,,,
75,Right,18,0.0000,0.0000,0.0390,0.0782,0.0003,-0.0354,0.9963,3.914,,,,,,,
75,Right,19,0.0000,0.0000,0.0266,0.0320,-0.0294,-0.0062,0.9990,3.914,,,,,,,
75,Right,20,0.0003,0.0016,0.0243,0.0000,0.0000,0.0000,1.0000,3.914,,,,,,,
75,Right,21,0.0230,-0.0094,0.0341,0.0183,0.1403,-0.2070,0.9681,3.914,,,,,,,
75,Right,22,0.0000,0.0000,0.0457,-0.0321,0.0078,0.0943,0.9950,3.914,,,,,,,
75,Right,23,0.0000,0.0000,0.0307,0.1440,0.0364,-0.0510,0.9876,3.914,,,,,,,
75,Right,24,0.0000,0.0000,0.0203,-0.0010,-0.0492,0.0007,0.9988,3.914,,,,,,,
75,Right,25,-0.0002,0.0012,0.0219,0.0000,0.0000,0.0000,1.0000,3.914,,,,,,,
76,Left,0,0.0018,-0.0057,0.0655,0.0000,0.0000,0.0000,1.0000,3.941,,,,,,,
76,Left,1,0.0000,0.0000,0.0000,0.0000,0.0000,0.0000,1.0000,3.941,-0.4498,0.4032,-0.0030,-0.7692,0.4670,-0.2590,-0.3511
76,Left,2,0.0267,-0.0206,0.0366,-0.0203,0.3140,-0.6482,0.6934,3.941,,,,,,,
76,Left,3,0.0000,0.0000,0.0325,0.2540,-0.0467,0.0810,0.9627,3.941,,,,,,,
76,Left,4,0.0000,0.0000,0.0338,0.1897,0.0436,-0.0764,0.9779,3.941,,,,,,,
76,Left,5,-0.0007,0.0010,0.0246,0.0000,0.0000,0.0000,1.0000,3.941,,,,,,,
76,Left,6,0.0180,-0.0118,0.0375,0.0000,0.0000,0.0000,1.0000,3.941,,,,,,,
76,Left,7,0.0055,0.0045,0.0585,0.4541,-0.1016,-0.0006,0.8851,3.941,,,,,,,
76,Left,8,0.0000,0.0000,0.0379,0.7285,0.0139,0.0215,0.6846,3.941,,,,,,,
76,Left,9,0.0000,0.0000,0.0243,0.5258,-0.0135,0.0166,0.8503,3.941,,,,,,,
76,Left,10,-0.0003,0.0010,0.0224,0.0000,0.0000,0.0000,1.0000,3.941,,,,,,,
76,Left,11,0.0018,-0.0088,0.0354,0.0000,0.0000,0.0000,1.0000,3.941,,,,,,,
76,Left,12,-0.0001,0.0062,0.0603,0.5732,-0.0912,0.0660,0.8117,3.941,,,,,,,
76,Left,13,0.0000,0.0000,0.0429,0.6963,0.0047,0.0125,0.7176,3.941,,,,,,,
76,Left,14,0.0000,0.0000,0.0276,0.5496,0.0236,0.0902,0.8302,3.941,,,,,,,
76,Left,15,-0.0003,0.0011,0.0250,0.0000,0.0000,0.0000,1.0000,3.941,,,,,,,
76,Left,16,-0.0150,-0.0060,0.0348,0.0000,0.0000,0.0000,1.0000,3.941,,,,,,,
76,Left,17,-0.0025,-0.0005,0.0539,0.6095,-0.0628,0.1043,0.7834,3.941,,,,,,,
76,Left,18,0.0000,0.0000,0.0390,0.7000,0.0213,0.0416,0.7126,3.941,,,,,,,
76,Left,19,0.0000,0.0000,0.0266,0.5696,0.0267,0.0306,0.8209,3.941,,,,,,,
76,Left,20,-0.0003,0.0016,0.0243,0.0000,0.0000,0.0000,1.0000,3.941,,,,,,,
76,Left,21,-0.0230,-0.0094,0.0341,0.0183,-0.1403,0.2070,0.9681,3.941,,,,,,,
76,Left,22,0.0000,0.0000,0.0457,0.5855,-0.0431,-0.0546,0.8077,3.941,,,,,,,
76,Left,23,0.0000,0.0000,0.0307,0.6530,-0.0066,0.0866,0.7523,3.941,,,,,,,
76,Left,24,0.0000,0.0000,0.0203,0.6190,0.0381,-0.0027,0.7845,3.941,,,,,,,
76,Left,25,0.0002,0.0012,0.0219,0.0000,0.0000,0.0000,1.0000,3.941,,,,,,,
76,Right,0,-0.0030,-0.0048,0.0647,0.0000,0.0000,0.0000,1.0000,3.941,,,,,,,
76,Right,1,0.0000,0.0000,0.0000,0.0000,0.0000,0.0000,1.0000,3.941,-0.0031,0.0925,0.0272,0.6220,-0.0682,-0.1016,0.7734
76,Right,2,-0.0315,-0.0136,0.0333,-0.1712,-0.3200,0.5076,0.7814,3.941,,,,,,,
76,Right,3,0.0000,0.0000,0.0325,0.2855,0.0435,-0.0804,0.9540,3.941,,,,,,,
76,Right,4,0.0000,0.0000,0.0338,0.1255,-0.0495,0.0788,0.9877,3.941,,,,,,,
76,Right,5,0.0007,0.0010,0.0246,0.0000,0.0000,0.0000,1.0000,3.941,,,,,,,
76,Right,6,-0.0204,-0.0083,0.0358,0.0000,0.0000,0.0000,1.0000,3.941,,,,,,,
76,Right,7,-0.0031,0.0009,0.0602,0.0294,0.0560,0.0314,0.9975,3.941,,,,,,,
76,Right,8,0.0000,0.0000,0.0379,0.0787,0.0051,-0.0262,0.9965,3.941,,,,,,,
76,Right,9,0.0000,0.0000,0.0243,0.0444,0.0253,-0.0167,0.9986,3.941,,,,,,,
76,Right,10,0.0003,0.0010,0.0224,0.0000,0.0000,0.0000,1.0000,3.941,,,,,,,
76,Right,11,-0.0042,-0.0070,0.0337,0.0000,0.0000,0.0000,1.0000,3.941,,,,,,,
76,Right,12,0.0025,0.0045,0.0620,0.1229,0.0931,-0.0157,0.9879,3.941,,,,,,,
76,Right,13,0.0000,0.0000,0.0429,0.0725,0.0035,-0.0117,0.9973,3.941,,,,,,,
76,Right,14,0.0000,0.0000,0.0275,-0.0056,0.0008,-0.0431,0.9991,3.941,,,,,,,
76,Right,15,0.0003,0.0011,0.0250,0.0000,0.0000,0.0000,1.0000,3.941,,,,,,,
76,Right,16,0.0150,-0.0060,0.0348,0.0000,0.0000,0.0000,1.0000,3.941,,,,,,,
76,Right,17,0.0025,-0.0005,0.0539,0.0942,0.1089,-0.0578,0.9879,3.941,,,,,,,
76,Right,18,0.0000,0.0000,0.0390,0.0786,0.0003,-0.0354,0.9963,3.941,,,,,,,
76,Right,19,0.0000,0.0000,0.0266,0.0322,-0.0294,-0.0062,0.9990,3.941,,,,,,,
76,Right,20,0.0003,0.0016,0.0243,0.0000,0.0000,0.0000,1.0000,3.941,,,,,,,
76,Right,21,0.0230,-0.0094,0.0341,0.0183,0.1403,-0.2070,0.9681,3.941,,,,,,,
76,Right,22,0.0000,0.0000,0.0457,-0.0319,0.0083,0.0944,0.9950,3.941,,,,,,,
76,Right,23,0.0000,0.0000,0.0307,0.1446,0.0363,-0.0511,0.9875,3.941,,,,,,,
76,Right,24,0.0000,0.0000,0.0203,-0.0008,-0.0492,0.0007,0.9988,3.941,,,,,,,
76,Right,25,-0.0002,0.0012,0.0219,0.0000,0.0000,0.0000,1.0000,3.941,,,,,,,
77,Left,0,0.0018,-0.0057,0.0655,0.0000,0.0000,0.0000,1.0000,3.968,,,,,,,
77,Left,1,0.0000,0.0000,0.0000,0.0000,0.0000,0.0000,1.0000,3.968,-0.4472,0.4052,0.0023,-0.7669,0.4782,-0.2641,-0.3368
77,Left,2,0.0267,-0.0206,0.0366,-0.0201,0.3137,-0.6485,0.6933,3.968,,,,,,,
77,Left,3,0.0000,0.0000,0.0325,0.2539,-0.0467,0.0810,0.9627,3.968,,,,,,,
77,Left,4,0.0000,0.0000,0.0338,0.1905,0.0435,-0.0764,0.9778,3.968,,,,,,,
77,Left,5,-0.0007,0.0010,0.0246,0.0000,0.0000,0.0000,1.0000,3.968,,,,,,,
77,Left,6,0.0180,-0.0118,0.0375,0.0000,0.0000,0.0000,1.0000,3.968,,,,,,,
77,Left,7,0.0055,0.0045,0.0585,0.4524,-0.1012,-0.0009,0.8860,3.968,,,,,,,
77,Left,8,0.0000,0.0000,0.0379,0.7284,0.0139,0.0215,0.6847,3.968,,,,,,,
77,Left,9,0.0000,0.0000,0.0243,0.5255,-0.0135,0.0166,0.8505,3.968,,,,,,,
77,Left,10,-0.0003,0.0010,0.0224,0.0000,0.0000,0.0000,1.0000,3.968,,,,,,,
77,Left,11,0.0018,-0.0088,0.0354,0.0000,0.0000,0.0000,1.0000,3.968,,,,,,,
77,Left,12,-0.0001,0.0062,0.0603,0.5730,-0.0911,0.0659,0.8118,3.968,,,,,,,
77,Left,13,0.0000,0.0000,0.0429,0.6970,0.0047,0.0125,0.7170,3.968,,,,,,,
77,Left,14,0.0000,0.0000,0.0276,0.5502,0.0236,0.0902,0.8298,3.968,,,,,,,
77,Left,15,-0.0003,0.0011,0.0250,0.0000,0.0000,0.0000,1.0000,3.968,,,,,,,
77,Left,16,-0.0150,-0.0060,0.0348,0.0000,0.0000,0.0000,1.0000,3.968,,,,,,,
77,Left,17,-0.0025,-0.0005,0.0539,0.6091,-0.0632,0.1045,0.7837,3.968,,,,,,,
77,Left,18,0.0000,0.0000,0.0390,0.7004,0.0213,0.0416,0.7122,3.968,,,,,,,
77,Left,19,0.0000,0.0000,0.0266,0.5703,0.0267,0.0306,0.8204,3.968,,,,,,,
77,Left,20,-0.0003,0.0016,0.0243,0.0000,0.0000,0.0000,1.0000,3.968,,,,,,,
77,Left,21,-0.0230,-0.0094,0.0341,0.0183,-0.1403,0.2070,0.9681,3.968,,,,,,,
77,Left,22,0.0000,0.0000,0.0457,0.5854,-0.0429,-0.0548,0.8078,3.968,,,,,,,
77,Left,23,0.0000,0.0000,0.0307,0.6549,-0.0065,0.0867,0.7507,3.968,,,,,,,
77,Left,24,0.0000,0.0000,0.0203,0.6197,0.0381,-0.0027,0.7839,3.968,,,,,,,
77,Left,25,0.0002,0.0012,0.0219,0.0000,0.0000,0.0000,1.0000,3.968,,,,,,,
77,Right,0,-0.0030,-0.0048,0.0647,0.0000,0.0000,0.0000,1.0000,3.968,,,,,,,
77,Right,1,0.0000,0.0000,0.0000,0.0000,0.0000,0.0000,1.0000,3.968,-0.0031,0.0928,0.0276,0.6215,-0.0681,-0.1020,0.7738
77,Right,2,-0.0315,-0.0136,0.0333,-0.1710,-0.3200,0.5078,0.7814,3.968,,,,,,,
77,Right,3,0.0000,0.0000,0.0325,0.2854,0.0435,-0.0804,0.9541,3.968,,,,,,,
77,Right,4,0.0000,0.0000,0.0338,0.1257,-0.0495,0.0788,0.9877,3.968,,,,,,,
77,Right,5,0.0007,0.0010,0.0246,0.0000,0.0000,0.0000,1.0000,3.968,,,,,,,
77,Right,6,-0.0204,-0.0083,0.0358,0.0000,0.0000,0.0000,1.0000,3.968,,,,,,,
77,Right,7,-0.0031,0.0009,0.0602,0.0297,0.0561,0.0314,0.9975,3.968,,,,,,,
77,Right,8,0.0000,0.0000,0.0379,0.0794,0.0051,-0.0262,0.9965,3.968,,,,,,,
77,Right,9,0.0000,0.0000,0.0243,0.0447,0.0253,-0.0167,0.9985,3.968,,,,,,,
77,Right,10,0.0003,0.0010,0.0224,0.0000,0.0000,0.0000,1.0000,3.968,,,,,,,
77,Right,11,-0.0042,-0.0070,0.0337,0.0000,0.0000,0.0000,1.0000,3.968,,,,,,,
77,Right,12,0.0025,0.0045,0.0620,0.1234,0.0931,-0.0157,0.9879,3.968,,,,,,,
77,Right,13,0.0000,0.0000,0.0429,0.0728,0.0035,-0.0117,0.9973,3.968,,,,,,,
77,Right,14,0.0000,0.0000,0.0275,-0.0056,0.0008,-0.0431,0.9991,3.968,,,,,,,
77,Right,15,0.0003,0.0011,0.0250,0.0000,0.0000,0.0000,1.0000,3.968,,,,,,,
77,Right,16,0.0150,-0.0060,0.0348,0.0000,0.0000,0.0000,1.0000,3.968,,,,,,,
77,Right,17,0.0025,-0.0005,0.0539,0.0949,0.1093,-0.0579,0.9878,3.968,,,,,,,
77,Right,18,0.0000,0.0000,0.0390,0.0790,0.0003,-0.0354,0.9962,3.968,,,,,,,
77,Right,19,0.0000,0.0000,0.0266,0.0324,-0.0294,-0.0062,0.9990,3.968,,,,,,,
77,Right,20,0.0003,0.0016,0.0243,0.0000,0.0000,0.0000,1.0000,3.968,,,,,,,
77,Right,21,0.0230,-0.0094,0.0341,0.0183,0.1403,-0.2070,0.9681,3.968,,,,,,,
77,Right,22,0.0000,0.0000,0.0457,-0.0316,0.0088,0.0944,0.9950,3.968,,,,,,,
77,Right,23,0.0000,0.0000,0.0307,0.1452,0.0363,-0.0511,0.9874,3.968,,,,,,,
77,Right,24,0.0000,0.0000,0.0203,-0.0005,-0.0492,0.0007,0.9988,3.968,,,,,,,
77,Right,25,-0.0002,0.0012,0.0219,0.0000,0.0000,0.0000,1.0000,3.968,,,,,,,
78,Left,0,0.0018,-0.0057,0.0655,0.0000,0.0000,0.0000,1.0000,4.000,,,,,,,
78,Left,1,0.0000,0.0000,0.0000,0.0000,0.0000,0.0000,1.0000,4.000,-0.4452,0.4078,0.0076,-0.7687,0.4797,-0.2650,-0.3298
78,Left,2,0.0266,-0.0207,0.0367,-0.0195,0.3131,-0.6492,0.6929,4.000,,,,,,,
78,Left,3,0.0000,0.0000,0.0325,0.2535,-0.0468,0.0810,0.9628,4.000,,,,,,,
78,Left,4,0.0000,0.0000,0.0338,0.1911,0.0435,-0.0764,0.9776,4.000,,,,,,,
78,Left,5,-0.0007,0.0010,0.0246,0.0000,0.0000,0.0000,1.0000,4.000,,,,,,,
78,Left,6,0.0180,-0.0118,0.0375,0.0000,0.0000,0.0000,1.0000,4.000,,,,,,,
78,Left,7,0.0055,0.0045,0.0585,0.4484,-0.1010,-0.0014,0.8881,4.000,,,,,,,
78,Left,8,0.0000,0.0000,0.0379,0.7280,0.0139,0.0215,0.6851,4.000,,,,,,,
78,Left,9,0.0000,0.0000,0.0243,0.5250,-0.0135,0.0166,0.8508,4.000,,,,,,,
78,Left,10,-0.0003,0.0010,0.0224,0.0000,0.0000,0.0000,1.0000,4.000,,,,,,,
78,Left,11,0.0018,-0.0088,0.0354,0.0000,0.0000,0.0000,1.0000,4.000,,,,,,,
78,Left,12,-0.0001,0.0063,0.0603,0.5724,-0.0912,0.0658,0.8122,4.000,,,,,,,
78,Left,13,0.0000,0.0000,0.0429,0.6978,0.0047,0.0125,0.7162,4.000,,,,,,,
78,Left,14,0.0000,0.0000,0.0275,0.5509,0.0236,0.0903,0.8293,4.000,,,,,,,
78,Left,15,-0.0003,0.0011,0.0250,0.0000,0.0000,0.0000,1.0000,4.000,,,,,,,
78,Left,16,-0.0150,-0.0060,0.0348,0.0000,0.0000,0.0000,1.0000,4.000,,,,,,,
78,Left,17,-0.0025,-0.0005,0.0539,0.6086,-0.0637,0.1047,0.7840,4.000,,,,,,,
78,Left,18,0.0000,0.0000,0.0390,0.7008,0.0214,0.0416,0.7118,4.000,,,,,,,
78,Left,19,0.0000,0.0000,0.0266,0.5711,0.0267,0.0306,0.8199,4.000,,,,,,,
78,Left,20,-0.0003,0.0016,0.0243,0.0000,0.0000,0.0000,1.0000,4.000,,,,,,,
78,Left,21,-0.0230,-0.0094,0.0341,0.0183,-0.1403,0.2070,0.9681,4.000,,,,,,,
78,Left,22,0.0000,0.0000,0.0457,0.5853,-0.0425,-0.0550,0.8078,4.000,,,,,,,
78,Left,23,0.0000,0.0000,0.0307,0.6554,-0.0064,0.0867,0.7503,4.000,,,,,,,
78,Left,24,0.0000,0.0000,0.0203,0.6203,0.0381,-0.0027,0.7834,4.000,,,,,,,
78,Left,25,0.0002,0.0012,0.0219,0.0000,0.0000,0.0000,1.0000,4.000,,,,,,,
78,Right,0,-0.0030,-0.0048,0.0647,0.0000,0.0000,0.0000,1.0000,4.000,,,,,,,
78,Right,1,0.0000,0.0000,0.0000,0.0000,0.0000,0.0000,1.0000,4.000,-0.0032,0.0931,0.0281,0.6205,-0.0678,-0.1030,0.7744
78,Right,2,-0.0315,-0.0136,0.0333,-0.1707,-0.3202,0.5080,0.7812,4.000,,,,,,,
78,Right,3,0.0000,0.0000,0.0325,0.2853,0.0435,-0.0804,0.9541,4.000,,,,,,,
78,Right,4,0.0000,0.0000,0.0338,0.1259,-0.0495,0.0788,0.9877,4.000,,,,,,,
78,Right,5,0.0007,0.0010,0.0246,0.0000,0.0000,0.0000,1.0000,4.000,,,,,,,
78,Right,6,-0.0204,-0.0083,0.0358,0.0000,0.0000,0.0000,1.0000,4.000,,,,,,,
78,Right,7,-0.0031,0.0009,0.0602,0.0303,0.0564,0.0314,0.9975,4.000,,,,,,,
78,Right,8,0.0000,0.0000,0.0379,0.0806,0.0051,-0.0262,0.9964,4.000,,,,,,,
78,Right,9,0.0000,0.0000,0.0243,0.0449,0.0253,-0.0167,0.9985,4.000,,,,,,,
78,Right,10,0.0003,0.0010,0.0224,0.0000,0.0000,0.0000,1.0000,4.000,,,,,,,
78,Right,11,-0.0042,-0.0070,0.0337,0.0000,0.0000,0.0000,1.0000,4.000,,,,,,,
78,Right,12,0.0025,0.0045,0.0620,0.1242,0.0933,-0.0158,0.9877,4.000,,,,,,,
78,Right,13,0.0000,0.0000,0.0429,0.0731,0.0035,-0.0117,0.9973,4.000,,,,,,,
78,Right,14,0.0000,0.0000,0.0275,-0.0057,0.0008,-0.0431,0.9991,4.000,,,,,,,
78,Right,15,0.0003,0.0011,0.0250,0.0000,0.0000,0.0000,1.0000,4.000,,,,,,,
78,Right,16,0.0150,-0.0060,0.0348,0.0000,0.0000,0.0000,1.0000,4.000,,,,,,,
78,Right,17,0.0025,-0.0005,0.0539,0.0959,0.1099,-0.0580,0.9876,4.000,,,,,,,
78,Right,18,0.0000,0.0000,0.0390,0.0796,0.0003,-0.0354,0.9962,4.000,,,,,,,
78,Right,19,0.0000,0.0000,0.0266,0.0327,-0.0294,-0.0062,0.9990,4.000,,,,,,,
78,Right,20,0.0003,0.0016,0.0243,0.0000,0.0000,0.0000,1.0000,4.000,,,,,,,
78,Right,21,0.0230,-0.0094,0.0341,0.0183,0.1403,-0.2070,0.9681,4.000,,,,,,,
78,Right,22,0.0000,0.0000,0.0457,-0.0312,0.0094,0.0944,0.9950,4.000,,,,,,,
78,Right,23,0.0000,0.0000,0.0307,0.1460,0.0363,-0.0512,0.9873,4.000,,,,,,,
78,Right,24,0.0000,0.0000,0.0203,-0.0002,-0.0492,0.0007,0.9988,4.000,,,,,,,
78,Right,25,-0.0002,0.0012,0.0219,0.0000,0.0000,0.0000,1.0000,4.000,,,,,,,
79,Left,0,0.0017,-0.0057,0.0655,0.0000,0.0000,0.0000,1.0000,4.032,,,,,,,
79,Left,1,0.0000,0.0000,0.0000,0.0000,0.0000,0.0000,1.0000,4.032,-0.4435,0.4106,0.0129,-0.7719,0.4796,-0.2685,-0.3194
79,Left,2,0.0265,-0.0208,0.0367,-0.0187,0.3121,-0.6504,0.6923,4.032,,,,,,,
79,Left,3,0.0000,0.0000,0.0325,0.2526,-0.0469,0.0811,0.9630,4.032,,,,,,,
79,Left,4,0.0000,0.0000,0.0338,0.1910,0.0435,-0.0764,0.9777,4.032,,,,,,,
79,Left,5,-0.0007,0.0010,0.0246,0.0000,0.0000,0.0000,1.0000,4.032,,,,,,,
79,Left,6,0.0180,-0.0118,0.0375,0.0000,0.0000,0.0000,1.0000,4.032,,,,,,,
79,Left,7,0.0056,0.0045,0.0585,0.4417,-0.1014,-0.0018,0.8914,4.032,,,,,,,
79,Left,8,0.0000,0.0000,0.0379,0.7274,0.0139,0.0215,0.6857,4.032,,,,,,,
79,Left,9,0.0000,0.0000,0.0243,0.5243,-0.0135,0.0166,0.8512,4.032,,,,,,,
79,Left,10,-0.0003,0.0010,0.0224,0.0000,0.0000,0.0000,1.0000,4.032,,,,,,,
79,Left,11,0.0018,-0.0088,0.0354,0.0000,0.0000,0.0000,1.0000,4.032,,,,,,,
79,Left,12,0.0000,0.0063,0.0603,0.5718,-0.0918,0.0661,0.8126,4.032,,,,,,,
79,Left,13,0.0000,0.0000,0.0429,0.6986,0.0047,0.0125,0.7154,4.032,,,,,,,
79,Left,14,0.0000,0.0000,0.0276,0.5514,0.0236,0.0903,0.8290,4.032,,,,,,,
79,Left,15,-0.0003,0.0011,0.0250,0.0000,0.0000,0.0000,1.0000,4.032,,,,,,,
79,Left,16,-0.0150,-0.0060,0.0348,0.0000,0.0000,0.0000,1.0000,4.032,,,,,,,
79,Left,17,-0.0025,-0.0005,0.0539,0.6082,-0.0642,0.1049,0.7842,4.032,,,,,,,
79,Left,18,0.0000,0.0000,0.0390,0.7015,0.0214,0.0416,0.7112,4.032,,,,,,,
79,Left,19,0.0000,0.0000,0.0266,0.5716,0.0267,0.0306,0.8195,4.032,,,,,,,
79,Left,20,-0.0003,0.0016,0.0243,0.0000,0.0000,0.0000,1.0000,4.032,,,,,,,
79,Left,21,-0.0230,-0.0094,0.0341,0.0183,-0.1403,0.2070,0.9681,4.032,,,,,,,
79,Left,22,0.0000,0.0000,0.0457,0.5852,-0.0422,-0.0552,0.8079,4.032,,,,,,,
79,Left,23,0.0000,0.0000,0.0307,0.6557,-0.0064,0.0867,0.7500,4.032,,,,,,,
79,Left,24,0.0000,0.0000,0.0203,0.6209,0.0381,-0.0027,0.7830,4.032,,,,,,,
79,Left,25,0.0002,0.0012,0.0219,0.0000,0.0000,0.0000,1.0000,4.032,,,,,,,
79,Right,0,-0.0030,-0.0048,0.0647,0.0000,0.0000,0.0000,1.0000,4.032,,,,,,,
79,Right,1,0.0000,0.0000,0.0000,0.0000,0.0000,0.0000,1.0000,4.032,-0.0030,0.0933,0.0282,0.6197,-0.0671,-0.1048,0.7749
79,Right,2,-0.0315,-0.0136,0.0333,-0.1706,-0.3203,0.5081,0.7811,4.032,,,,,,,
79,Right,3,0.0000,0.0000,0.0325,0.2854,0.0435,-0.0804,0.9541,4.032,,,,,,,
79,Right,4,0.0000,0.0000,0.0338,0.1257,-0.0495,0.0788,0.9877,4.032,,,,,,,
79,Right,5,0.0007,0.0010,0.0246,0.0000,0.0000,0.0000,1.0000,4.032,,,,,,,
79,Right,6,-0.0204,-0.0083,0.0358,0.0000,0.0000,0.0000,1.0000,4.032,,,,,,,
79,Right,7,-0.0031,0.0009,0.0602,0.0302,0.0567,0.0314,0.9974,4.032,,,,,,,
79,Right,8,0.0000,0.0000,0.0379,0.0813,0.0051,-0.0262,0.9963,4.032,,,,,,,
79,Right,9,0.0000,0.0000,0.0243,0.0450,0.0253,-0.0167,0.9985,4.032,,,,,,,
79,Right,10,0.0003,0.0010,0.0224,0.0000,0.0000,0.0000,1.0000,4.032,,,,,,,
79,Right,11,-0.0042,-0.0070,0.0337,0.0000,0.0000,0.0000,1.0000,4.032,,,,,,,
79,Right,12,0.0025,0.0045,0.0620,0.1244,0.0935,-0.0159,0.9877,4.032,,,,,,,
79,Right,13,0.0000,0.0000,0.0429,0.0734,0.0035,-0.0117,0.9972,4.032,,,,,,,
79,Right,14,0.0000,0.0000,0.0275,-0.0058,0.0008,-0.0430,0.9991,4.032,,,,,,,
79,Right,15,0.0003,0.0011,0.0250,0.0000,0.0000,0.0000,1.0000,4.032,,,,,,,
79,Right,16,0.0150,-0.0060,0.0348,0.0000,0.0000,0.0000,1.0000,4.032,,,,,,,
79,Right,17,0.0025,-0.0005,0.0539,0.0965,0.1106,-0.0581,0.9875,4.032,,,,,,,
79,Right,18,0.0000,0.0000,0.0390,0.0801,0.0003,-0.0354,0.9962,4.032,,,,,,,
79,Right,19,0.0000,0.0000,0.0266,0.0328,-0.0294,-0.0062,0.9990,4.032,,,,,,,
79,Right,20,0.0003,0.0016,0.0243,0.0000,0.0000,0.0000,1.0000,4.032,,,,,,,
79,Right,21,0.0230,-0.0094,0.0341,0.0183,0.1403,-0.2070,0.9681,4.032,,,,,,,
79,Right,22,0.0000,0.0000,0.0457,-0.0316,0.0101,0.0944,0.9950,4.032,,,,,,,
79,Right,23,0.0000,0.0000,0.0307,0.1465,0.0362,-0.0512,0.9872,4.032,,,,,,,
79,Right,24,0.0000,0.0000,0.0203,-0.0001,-0.0492,0.0007,0.9988,4.032,,,,,,,
79,Right,25,-0.0002,0.0012,0.0219,0.0000,0.0000,0.0000,1.0000,4.032,,,,,,,
80,Left,0,0.0017,-0.0057,0.0655,0.0000,0.0000,0.0000,1.0000,4.072,,,,,,,
80,Left,1,0.0000,0.0000,0.0000,0.0000,0.0000,0.0000,1.0000,4.072,-0.4413,0.4132,0.0181,-0.7776,0.4755,-0.2710,-0.3095
80,Left,2,0.0264,-0.0209,0.0368,-0.0183,0.3082,-0.6527,0.6919,4.072,,,,,,,
80,Left,3,0.0000,0.0000,0.0325,0.2505,-0.0471,0.0811,0.9636,4.072,,,,,,,
80,Left,4,0.0000,0.0000,0.0338,0.1899,0.0436,-0.0764,0.9779,4.072,,,,,,,
80,Left,5,-0.0007,0.0010,0.0246,0.0000,0.0000,0.0000,1.0000,4.072,,,,,,,
80,Left,6,0.0179,-0.0119,0.0376,0.0000,0.0000,0.0000,1.0000,4.072,,,,,,,
80,Left,7,0.0057,0.0046,0.0584,0.4365,-0.1022,-0.0019,0.8939,4.072,,,,,,,
80,Left,8,0.0000,0.0000,0.0379,0.7260,0.0138,0.0215,0.6872,4.072,,,,,,,
80,Left,9,0.0000,0.0000,0.0243,0.5236,-0.0136,0.0166,0.8517,4.072,,,,,,,
80,Left,10,-0.0003,0.0010,0.0224,0.0000,0.0000,0.0000,1.0000,4.072,,,,,,,
80,Left,11,0.0017,-0.0089,0.0354,0.0000,0.0000,0.0000,1.0000,4.072,,,,,,,
80,Left,12,0.0001,0.0063,0.0602,0.5706,-0.0929,0.0666,0.8132,4.072,,,,,,,
80,Left,13,0.0000,0.0000,0.0429,0.6995,0.0048,0.0125,0.7145,4.072,,,,,,,
80,Left,14,0.0000,0.0000,0.0276,0.5519,0.0236,0.0904,0.8287,4.072,,,,,,,
80,Left,15,-0.0003,0.0011,0.0250,0.0000,0.0000,0.0000,1.0000,4.072,,,,,,,
80,Left,16,-0.0150,-0.0060,0.0348,0.0000,0.0000,0.0000,1.0000,4.072,,,,,,,
80,Left,17,-0.0025,-0.0005,0.0539,0.6074,-0.0650,0.1054,0.7847,4.072,,,,,,,
80,Left,18,0.0000,0.0000,0.0390,0.7021,0.0214,0.0416,0.7105,4.072,,,,,,,
80,Left,19,0.0000,0.0000,0.0266,0.5722,0.0267,0.0307,0.8191,4.072,,,,,,,
80,Left,20,-0.0003,0.0016,0.0243,0.0000,0.0000,0.0000,1.0000,4.072,,,,,,,
80,Left,21,-0.0230,-0.0094,0.0341,0.0183,-0.1403,0.2070,0.9681,4.072,,,,,,,
80,Left,22,0.0000,0.0000,0.0457,0.5853,-0.0420,-0.0554,0.8078,4.072,,,,,,,
80,Left,23,0.0000,0.0000,0.0307,0.6562,-0.0063,0.0868,0.7495,4.072,,,,,,,
80,Left,24,0.0000,0.0000,0.0203,0.6217,0.0380,-0.0027,0.7823,4.072,,,,,,,
80,Left,25,0.0002,0.0012,0.0219,0.0000,0.0000,0.0000,1.0000,4.072,,,,,,,
80,Right,0,-0.0030,-0.0048,0.0647,0.0000,0.0000,0.0000,1.0000,4.072,,,,,,,
80,Right,1,0.0000,0.0000,0.0000,0.0000,0.0000,0.0000,1.0000,4.072,-0.0029,0.0939,0.0287,0.6184,-0.0653,-0.1076,0.7757
80,Right,2,-0.0315,-0.0136,0.0333,-0.1705,-0.3206,0.5081,0.7810,4.072,,,,,,,
80,Right,3,0.0000,0.0000,0.0325,0.2853,0.0435,-0.0804,0.9541,4.072,,,,,,,
80,Right,4,0.0000,0.0000,0.0338,0.1251,-0.0496,0.0788,0.9878,4.072,,,,,,,
80,Right,5,0.0007,0.0010,0.0246,0.0000,0.0000,0.0000,1.0000,4.072,,,,,,,
80,Right,6,-0.0204,-0.0083,0.0358,0.0000,0.0000,0.0000,1.0000,4.072,,,,,,,
80,Right,7,-0.0031,0.0009,0.0602,0.0297,0.0569,0.0314,0.9974,4.072,,,,,,,
80,Right,8,0.0000,0.0000,0.0379,0.0824,0.0050,-0.0262,0.9962,4.072,,,,,,,
80,Right,9,0.0000,0.0000,0.0243,0.0452,0.0253,-0.0167,0.9985,4.072,,,,,,,
80,Right,10,0.0003,0.0010,0.0224,0.0000,0.0000,0.0000,1.0000,4.072,,,,,,,
80,Right,11,-0.0042,-0.0070,0.0337,0.0000,0.0000,0.0000,1.0000,4.072,,,,,,,
80,Right,12,0.0025,0.0045,0.0620,0.1246,0.0942,-0.0159,0.9876,4.072,,,,,,,
80,Right,13,0.0000,0.0000,0.0429,0.0742,0.0035,-0.0117,0.9972,4.072,,,,,,,
80,Right,14,0.0000,0.0000,0.0275,-0.0058,0.0008,-0.0431,0.9991,4.072,,,,,,,
80,Right,15,0.0003,0.0011,0.0250,0.0000,0.0000,0.0000,1.0000,4.072,,,,,,,
80,Right,16,0.0150,-0.0060,0.0348,0.0000,0.0000,0.0000,1.0000,4.072,,,,,,,
80,Right,17,0.0025,-0.0005,0.0539,0.0971,0.1117,-0.0582,0.9873,4.072,,,,,,,
80,Right,18,0.0000,0.0000,0.0390,0.0809,0.0002,-0.0354,0.9961,4.072,,,,,,,
80,Right,19,0.0000,0.0000,0.0266,0.0331,-0.0294,-0.0062,0.9990,4.072,,,,,,,
80,Right,20,0.0003,0.0016,0.0243,0.0000,0.0000,0.0000,1.0000,4.072,,,,,,,
80,Right,21,0.0230,-0.0094,0.0341,0.0183,0.1403,-0.2070,0.9681,4.072,,,,,,,
80,Right,22,0.0000,0.0000,0.0457,-0.0319,0.0112,0.0945,0.9950,4.072,,,,,,,
80,Right,23,0.0000,0.0000,0.0307,0.1474,0.0362,-0.0513,0.9871,4.072,,,,,,,
80,Right,24,0.0000,0.0000,0.0203,0.0002,-0.0492,0.0007,0.9988,4.072,,,,,,,
80,Right,25,-0.0002,0.0012,0.0219,0.0000,0.0000,0.0000,1.0000,4.072,,,,,,,
81,Left,0,0.0017,-0.0057,0.0655,0.0000,0.0000,0.0000,1.0000,4.120,,,,,,,
81,Left,1,0.0000,0.0000,0.0000,0.0000,0.0000,0.0000,1.0000,4.120,-0.4409,0.4156,0.0151,-0.7877,0.4670,-0.2754,-0.2924
81,Left,2,0.0262,-0.0210,0.0368,-0.0172,0.3054,-0.6549,0.6910,4.120,,,,,,,
81,Left,3,0.0000,0.0000,0.0325,0.2470,-0.0475,0.0812,0.9644,4.120,,,,,,,
81,Left,4,0.0000,0.0000,0.0338,0.1884,0.0437,-0.0765,0.9781,4.120,,,,,,,
81,Left,5,-0.0007,0.0010,0.0246,0.0000,0.0000,0.0000,1.0000,4.120,,,,,,,
81,Left,6,0.0178,-0.0120,0.0376,0.0000,0.0000,0.0000,1.0000,4.120,,,,,,,
81,Left,7,0.0057,0.0047,0.0584,0.4330,-0.1035,-0.0016,0.8954,4.120,,,,,,,
81,Left,8,0.0000,0.0000,0.0379,0.7187,0.0135,0.0217,0.6948,4.120,,,,,,,
81,Left,9,0.0000,0.0000,0.0243,0.5230,-0.0136,0.0166,0.8520,4.120,,,,,,,
81,Left,10,-0.0003,0.0010,0.0224,0.0000,0.0000,0.0000,1.0000,4.120,,,,,,,
81,Left,11,0.0016,-0.0089,0.0354,0.0000,0.0000,0.0000,1.0000,4.120,,,,,,,
81,Left,12,0.0001,0.0063,0.0602,0.5692,-0.0940,0.0670,0.8141,4.120,,,,,,,
81,Left,13,0.0000,0.0000,0.0429,0.7004,0.0048,0.0125,0.7136,4.120,,,,,,,
81,Left,14,0.0000,0.0000,0.0276,0.5525,0.0237,0.0904,0.8283,4.120,,,,,,,
81,Left,15,-0.0003,0.0011,0.0250,0.0000,0.0000,0.0000,1.0000,4.120,,,,,,,
81,Left,16,-0.0150,-0.0060,0.0348,0.0000,0.0000,0.0000,1.0000,4.120,,,,,,,
81,Left,17,-0.0025,-0.0005,0.0539,0.6066,-0.0657,0.1058,0.7852,4.120,,,,,,,
81,Left,18,0.0000,0.0000,0.0390,0.7025,0.0214,0.0416,0.7101,4.120,,,,,,,
81,Left,19,0.0000,0.0000,0.0266,0.5727,0.0267,0.0307,0.8187,4.120,,,,,,,
81,Left,20,-0.0003,0.0016,0.0243,0.0000,0.0000,0.0000,1.0000,4.120,,,,,,,
81,Left,21,-0.0230,-0.0094,0.0341,0.0183,-0.1403,0.2070,0.9681,4.120,,,,,,,
81,Left,22,0.0000,0.0000,0.0457,0.5853,-0.0414,-0.0558,0.8078,4.120,,,,,,,
81,Left,23,0.0000,0.0000,0.0307,0.6562,-0.0064,0.0868,0.7495,4.120,,,,,,,
81,Left,24,0.0000,0.0000,0.0203,0.6227,0.0380,-0.0027,0.7816,4.120,,,,,,,
81,Left,25,0.0002,0.0012,0.0219,0.0000,0.0000,0.0000,1.0000,4.120,,,,,,,
81,Right,0,-0.0030,-0.0048,0.0647,0.0000,0.0000,0.0000,1.0000,4.120,,,,,,,
81,Right,1,0.0000,0.0000,0.0000,0.0000,0.0000,0.0000,1.0000,4.120,-0.0021,0.0955,0.0295,0.6154,-0.0644,-0.1120,0.7776
81,Right,2,-0.0315,-0.0136,0.0333,-0.1701,-0.3210,0.5084,0.7807,4.120,,,,,,,
81,Right,3,0.0000,0.0000,0.0325,0.2856,0.0435,-0.0804,0.9540,4.120,,,,,,,
81,Right,4,0.0000,0.0000,0.0338,0.1250,-0.0496,0.0788,0.9878,4.120,,,,,,,
81,Right,5,0.0007,0.0010,0.0246,0.0000,0.0000,0.0000,1.0000,4.120,,,,,,,
81,Right,6,-0.0204,-0.0083,0.0358,0.0000,0.0000,0.0000,1.0000,4.120,,,,,,,
81,Right,7,-0.0031,0.0010,0.0602,0.0296,0.0572,0.0314,0.9974,4.120,,,,,,,
81,Right,8,0.0000,0.0000,0.0379,0.0841,0.0050,-0.0262,0.9961,4.120,,,,,,,
81,Right,9,0.0000,0.0000,0.0243,0.0456,0.0253,-0.0167,0.9985,4.120,,,,,,,
81,Right,10,0.0003,0.0010,0.0224,0.0000,0.0000,0.0000,1.0000,4.120,,,,,,,
81,Right,11,-0.0042,-0.0070,0.0337,0.0000,0.0000,0.0000,1.0000,4.120,,,,,,,
81,Right,12,0.0025,0.0045,0.0620,0.1249,0.0948,-0.0160,0.9875,4.120,,,,,,,
81,Right,13,0.0000,0.0000,0.0429,0.0755,0.0035,-0.0117,0.9971,4.120,,,,,,,
81,Right,14,0.0000,0.0000,0.0275,-0.0057,0.0008,-0.0431,0.9991,4.120,,,,,,,
81,Right,15,0.0003,0.0011,0.0250,0.0000,0.0000,0.0000,1.0000,4.120,,,,,,,
81,Right,16,0.0150,-0.0060,0.0348,0.0000,0.0000,0.0000,1.0000,4.120,,,,,,,
81,Right,17,0.0025,-0.0005,0.0539,0.0980,0.1131,-0.0584,0.9870,4.120,,,,,,,
81,Right,18,0.0000,0.0000,0.0390,0.0821,0.0002,-0.0355,0.9960,4.120,,,,,,,
81,Right,19,0.0000,0.0000,0.0266,0.0336,-0.0294,-0.0062,0.9990,4.120,,,,,,,
81,Right,20,0.0003,0.0016,0.0243,0.0000,0.0000,0.0000,1.0000,4.120,,,,,,,
81,Right,21,0.0230,-0.0094,0.0341,0.0183,0.1403,-0.2070,0.9681,4.120,,,,,,,
81,Right,22,0.0000,0.0000,0.0457,-0.0320,0.0129,0.0945,0.9949,4.120,,,,,,,
81,Right,23,0.0000,0.0000,0.0307,0.1485,0.0362,-0.0514,0.9869,4.120,,,,,,,
81,Right,24,0.0000,0.0000,0.0203,0.0006,-0.0492,0.0007,0.9988,4.120,,,,,,,
81,Right,25,-0.0002,0.0012,0.0219,0.0000,0.0000,0.0000,1.0000,4.120,,,,,,,
82,Left,0,0.0016,-0.0057,0.0656,0.0000,0.0000,0.0000,1.0000,4.151,,,,,,,
82,Left,1,0.0000,0.0000,0.0000,0.0000,0.0000,0.0000,1.0000,4.151,-0.4401,0.4188,0.0098,-0.7922,0.4646,-0.2781,-0.2814
82,Left,2,0.0261,-0.0211,0.0369,-0.0155,0.3040,-0.6569,0.6898,4.151,,,,,,,
82,Left,3,0.0000,0.0000,0.0325,0.2450,-0.0477,0.0812,0.9650,4.151,,,,,,,
82,Left,4,0.0000,0.0000,0.0338,0.1873,0.0438,-0.0766,0.9783,4.151,,,,,,,
82,Left,5,-0.0007,0.0010,0.0246,0.0000,0.0000,0.0000,1.0000,4.151,,,,,,,
82,Left,6,0.0178,-0.0121,0.0376,0.0000,0.0000,0.0000,1.0000,4.151,,,,,,,
82,Left,7,0.0058,0.0047,0.0584,0.4298,-0.1044,-0.0015,0.8969,4.151,,,,,,,
82,Left,8,0.0000,0.0000,0.0379,0.7129,0.0134,0.0218,0.7008,4.151,,,,,,,
82,Left,9,0.0000,0.0000,0.0243,0.5224,-0.0136,0.0166,0.8524,4.151,,,,,,,
82,Left,10,-0.0003,0.0010,0.0224,0.0000,0.0000,0.0000,1.0000,4.151,,,,,,,
82,Left,11,0.0015,-0.0089,0.0355,0.0000,0.0000,0.0000,1.0000,4.151,,,,,,,
82,Left,12,0.0002,0.0064,0.0602,0.5682,-0.0945,0.0672,0.8147,4.151,,,,,,,
82,Left,13,0.0000,0.0000,0.0429,0.7010,0.0048,0.0125,0.7130,4.151,,,,,,,
82,Left,14,0.0000,0.0000,0.0275,0.5531,0.0237,0.0905,0.8279,4.151,,,,,,,
82,Left,15,-0.0003,0.0011,0.0250,0.0000,0.0000,0.0000,1.0000,4.151,,,,,,,
82,Left,16,-0.0150,-0.0060,0.0348,0.0000,0.0000,0.0000,1.0000,4.151,,,,,,,
82,Left,17,-0.0025,-0.0005,0.0539,0.6061,-0.0661,0.1059,0.7855,4.151,,,,,,,
82,Left,18,0.0000,0.0000,0.0390,0.7027,0.0214,0.0416,0.7099,4.151,,,,,,,
82,Left,19,0.0000,0.0000,0.0266,0.5731,0.0267,0.0307,0.8184,4.151,,,,,,,
82,Left,20,-0.0003,0.0016,0.0243,0.0000,0.0000,0.0000,1.0000,4.151,,,,,,,
82,Left,21,-0.0230,-0.0094,0.0341,0.0183,-0.1403,0.2070,0.9681,4.151,,,,,,,
82,Left,22,0.0000,0.0000,0.0457,0.5851,-0.0408,-0.0562,0.8079,4.151,,,,,,,
82,Left,23,0.0000,0.0000,0.0307,0.6560,-0.0064,0.0867,0.7498,4.151,,,,,,,
82,Left,24,0.0000,0.0000,0.0203,0.6232,0.0380,-0.0027,0.7811,4.151,,,,,,,
82,Left,25,0.0002,0.0012,0.0219,0.0000,0.0000,0.0000,1.0000,4.151,,,,,,,
82,Right,0,-0.0030,-0.0048,0.0647,0.0000,0.0000,0.0000,1.0000,4.151,,,,,,,
82,Right,1,0.0000,0.0000,0.0000,0.0000,0.0000,0.0000,1.0000,4.151,-0.0015,0.0966,0.0301,0.6135,-0.0621,-0.1161,0.7787
82,Right,2,-0.0314,-0.0136,0.0333,-0.1696,-0.3212,0.5088,0.7805,4.151,,,,,,,
82,Right,3,0.0000,0.0000,0.0325,0.2857,0.0435,-0.0804,0.9540,4.151,,,,,,,
82,Right,4,0.0000,0.0000,0.0338,0.1252,-0.0495,0.0788,0.9878,4.151,,,,,,,
82,Right,5,0.0007,0.0010,0.0246,0.0000,0.0000,0.0000,1.0000,4.151,,,,,,,
82,Right,6,-0.0204,-0.0083,0.0358,0.0000,0.0000,0.0000,1.0000,4.151,,,,,,,
82,Right,7,-0.0031,0.0010,0.0602,0.0294,0.0574,0.0314,0.9974,4.151,,,,,,,
82,Right,8,0.0000,0.0000,0.0379,0.0852,0.0050,-0.0262,0.9960,4.151,,,,,,,
82,Right,9,0.0000,0.0000,0.0243,0.0458,0.0252,-0.0167,0.9985,4.151,,,,,,,
82,Right,10,0.0003,0.0010,0.0224,0.0000,0.0000,0.0000,1.0000,4.151,,,,,,,
82,Right,11,-0.0042,-0.0070,0.0337,0.0000,0.0000,0.0000,1.0000,4.151,,,,,,,
82,Right,12,0.0025,0.0045,0.0620,0.1251,0.0955,-0.0161,0.9874,4.151,,,,,,,
82,Right,13,0.0000,0.0000,0.0429,0.0763,0.0035,-0.0117,0.9970,4.151,,,,,,,
82,Right,14,0.0000,0.0000,0.0275,-0.0056,0.0008,-0.0431,0.9991,4.151,,,,,,,
82,Right,15,0.0003,0.0011,0.0250,0.0000,0.0000,0.0000,1.0000,4.151,,,,,,,
82,Right,16,0.0150,-0.0060,0.0348,0.0000,0.0000,0.0000,1.0000,4.151,,,,,,,
82,Right,17,0.0025,-0.0005,0.0539,0.0986,0.1140,-0.0585,0.9868,4.151,,,,,,,
82,Right,18,0.0000,0.0000,0.0390,0.0829,0.0002,-0.0355,0.9959,4.151,,,,,,,
82,Right,19,0.0000,0.0000,0.0266,0.0338,-0.0294,-0.0062,0.9990,4.151,,,,,,,
82,Right,20,0.0003,0.0016,0.0243,0.0000,0.0000,0.0000,1.0000,4.151,,,,,,,
82,Right,21,0.0230,-0.0094,0.0341,0.0183,0.1403,-0.2070,0.9681,4.151,,,,,,,
82,Right,22,0.0000,0.0000,0.0457,-0.0321,0.0138,0.0946,0.9949,4.151,,,,,,,
82,Right,23,0.0000,0.0000,0.0307,0.1494,0.0361,-0.0515,0.9868,4.151,,,,,,,
82,Right,24,0.0000,0.0000,0.0203,0.0009,-0.0492,0.0007,0.9988,4.151,,,,,,,
82,Right,25,-0.0002,0.0012,0.0219,0.0000,0.0000,0.0000,1.0000,4.151,,,,,,,
83,Left,0,0.0016,-0.0057,0.0656,0.0000,0.0000,0.0000,1.0000,4.185,,,,,,,
83,Left,1,0.0000,0.0000,0.0000,0.0000,0.0000,0.0000,1.0000,4.185,-0.4397,0.4227,0.0051,-0.7911,0.4721,-0.2828,-0.2672
83,Left,2,0.0261,-0.0212,0.0369,-0.0141,0.3028,-0.6585,0.6889,4.185,,,,,,,
83,Left,3,0.0000,0.0000,0.0325,0.2434,-0.0478,0.0812,0.9653,4.185,,,,,,,
83,Left,4,0.0000,0.0000,0.0338,0.1853,0.0440,-0.0766,0.9787,4.185,,,,,,,
83,Left,5,-0.0007,0.0010,0.0246,0.0000,0.0000,0.0000,1.0000,4.185,,,,,,,
83,Left,6,0.0178,-0.0121,0.0376,0.0000,0.0000,0.0000,1.0000,4.185,,,,,,,
83,Left,7,0.0058,0.0047,0.0584,0.4262,-0.1051,-0.0016,0.8985,4.185,,,,,,,
83,Left,8,0.0000,0.0000,0.0379,0.7078,0.0132,0.0219,0.7060,4.185,,,,,,,
83,Left,9,0.0000,0.0000,0.0243,0.5205,-0.0136,0.0166,0.8536,4.185,,,,,,,
83,Left,10,-0.0003,0.0010,0.0224,0.0000,0.0000,0.0000,1.0000,4.185,,,,,,,
83,Left,11,0.0015,-0.0089,0.0355,0.0000,0.0000,0.0000,1.0000,4.185,,,,,,,
83,Left,12,0.0002,0.0064,0.0602,0.5672,-0.0949,0.0673,0.8153,4.185,,,,,,,
83,Left,13,0.0000,0.0000,0.0429,0.7016,0.0048,0.0125,0.7125,4.185,,,,,,,
83,Left,14,0.0000,0.0000,0.0275,0.5540,0.0237,0.0905,0.8272,4.185,,,,,,,
83,Left,15,-0.0003,0.0011,0.0250,0.0000,0.0000,0.0000,1.0000,4.185,,,,,,,
83,Left,16,-0.0150,-0.0060,0.0348,0.0000,0.0000,0.0000,1.0000,4.185,,,,,,,
83,Left,17,-0.0025,-0.0005,0.0539,0.6057,-0.0665,0.1061,0.7858,4.185,,,,,,,
83,Left,18,0.0000,0.0000,0.0390,0.7029,0.0214,0.0416,0.7098,4.185,,,,,,,
83,Left,19,0.0000,0.0000,0.0266,0.5739,0.0267,0.0307,0.8179,4.185,,,,,,,
83,Left,20,-0.0003,0.0016,0.0243,0.0000,0.0000,0.0000,1.0000,4.185,,,,,,,
83,Left,21,-0.0230,-0.0094,0.0341,0.0183,-0.1403,0.2070,0.9681,4.185,,,,,,,
83,Left,22,0.0000,0.0000,0.0457,0.5851,-0.0402,-0.0566,0.8080,4.185,,,,,,,
83,Left,23,0.0000,0.0000,0.0307,0.6558,-0.0064,0.0867,0.7499,4.185,,,,,,,
83,Left,24,0.0000,0.0000,0.0203,0.6238,0.0380,-0.0027,0.7807,4.185,,,,,,,
83,Left,25,0.0002,0.0012,0.0219,0.0000,0.0000,0.0000,1.0000,4.185,,,,,,,
83,Right,0,-0.0030,-0.0048,0.0647,0.0000,0.0000,0.0000,1.0000,4.185,,,,,,,
83,Right,1,0.0000,0.0000,0.0000,0.0000,0.0000,0.0000,1.0000,4.185,-0.0009,0.0975,0.0305,0.6125,-0.0583,-0.1201,0.7791
83,Right,2,-0.0314,-0.0136,0.0333,-0.1691,-0.3215,0.5093,0.7802,4.185,,,,,,,
83,Right,3,0.0000,0.0000,0.0325,0.2858,0.0435,-0.0804,0.9539,4.185,,,,,,,
83,Right,4,0.0000,0.0000,0.0338,0.1255,-0.0495,0.0788,0.9877,4.185,,,,,,,
83,Right,5,0.0007,0.0010,0.0246,0.0000,0.0000,0.0000,1.0000,4.185,,,,,,,
83,Right,6,-0.0204,-0.0083,0.0358,0.0000,0.0000,0.0000,1.0000,4.185,,,,,,,
83,Right,7,-0.0031,0.0010,0.0602,0.0288,0.0575,0.0314,0.9974,4.185,,,,,,,
83,Right,8,0.0000,0.0000,0.0379,0.0863,0.0050,-0.0262,0.9959,4.185,,,,,,,
83,Right,9,0.0000,0.0000,0.0243,0.0460,0.0252,-0.0167,0.9985,4.185,,,,,,,
83,Right,10,0.0003,0.0010,0.0224,0.0000,0.0000,0.0000,1.0000,4.185,,,,,,,
83,Right,11,-0.0042,-0.0070,0.0337,0.0000,0.0000,0.0000,1.0000,4.185,,,,,,,
83,Right,12,0.0025,0.0045,0.0620,0.1251,0.0962,-0.0161,0.9873,4.185,,,,,,,
83,Right,13,0.0000,0.0000,0.0429,0.0770,0.0035,-0.0117,0.9970,4.185,,,,,,,
83,Right,14,0.0000,0.0000,0.0275,-0.0056,0.0008,-0.0431,0.9991,4.185,,,,,,,
83,Right,15,0.0003,0.0011,0.0250,0.0000,0.0000,0.0000,1.0000,4.185,,,,,,,
83,Right,16,0.0150,-0.0060,0.0348,0.0000,0.0000,0.0000,1.0000,4.185,,,,,,,
83,Right,17,0.0025,-0.0005,0.0539,0.0990,0.1149,-0.0585,0.9867,4.185,,,,,,,
83,Right,18,0.0000,0.0000,0.0390,0.0835,0.0002,-0.0355,0.9959,4.185,,,,,,,
83,Right,19,0.0000,0.0000,0.0266,0.0340,-0.0294,-0.0062,0.9990,4.185,,,,,,,
83,Right,20,0.0003,0.0016,0.0243,0.0000,0.0000,0.0000,1.0000,4.185,,,,,,,
83,Right,21,0.0230,-0.0094,0.0341,0.0183,0.1403,-0.2070,0.9681,4.185,,,,,,,
83,Right,22,0.0000,0.0000,0.0457,-0.0326,0.0159,0.0947,0.9948,4.185,,,,,,,
83,Right,23,0.0000,0.0000,0.0307,0.1499,0.0361,-0.0515,0.9867,4.185,,,,,,,
83,Right,24,0.0000,0.0000,0.0203,0.0012,-0.0492,0.0007,0.9988,4.185,,,,,,,
83,Right,25,-0.0002,0.0012,0.0219,0.0000,0.0000,0.0000,1.0000,4.185,,,,,,,
84,Left,0,0.0016,-0.0058,0.0656,0.0000,0.0000,0.0000,1.0000,4.316,,,,,,,
84,Left,1,0.0000,0.0000,0.0000,0.0000,0.0000,0.0000,1.0000,4.316,-0.4400,0.4281,0.0028,-0.7823,0.4906,-0.2916,-0.2497
84,Left,2,0.0259,-0.0214,0.0369,-0.0174,0.2948,-0.6605,0.6903,4.316,,,,,,,
84,Left,3,0.0000,0.0000,0.0325,0.2370,-0.0485,0.0814,0.9669,4.316,,,,,,,
84,Left,4,0.0000,0.0000,0.0338,0.1747,0.0450,-0.0770,0.9806,4.316,,,,,,,
84,Left,5,-0.0007,0.0010,0.0246,0.0000,0.0000,0.0000,1.0000,4.316,,,,,,,
84,Left,6,0.0176,-0.0121,0.0377,0.0000,0.0000,0.0000,1.0000,4.316,,,,,,,
84,Left,7,0.0059,0.0048,0.0583,0.4200,-0.1063,-0.0017,0.9013,4.316,,,,,,,
84,Left,8,0.0000,0.0000,0.0379,0.6891,0.0126,0.0223,0.7242,4.316,,,,,,,
84,Left,9,0.0000,0.0000,0.0243,0.5076,-0.0141,0.0167,0.8613,4.316,,,,,,,
84,Left,10,-0.0003,0.0010,0.0224,0.0000,0.0000,0.0000,1.0000,4.316,,,,,,,
84,Left,11,0.0014,-0.0090,0.0355,0.0000,0.0000,0.0000,1.0000,4.316,,,,,,,
84,Left,12,0.0003,0.0064,0.0601,0.5599,-0.0974,0.0677,0.8200,4.316,,,,,,,
84,Left,13,0.0000,0.0000,0.0429,0.7018,0.0048,0.0125,0.7122,4.316,,,,,,,
84,Left,14,0.0000,0.0000,0.0275,0.5644,0.0242,0.0912,0.8201,4.316,,,,,,,
84,Left,15,-0.0003,0.0011,0.0250,0.0000,0.0000,0.0000,1.0000,4.316,,,,,,,
84,Left,16,-0.0150,-0.0060,0.0348,0.0000,0.0000,0.0000,1.0000,4.316,,,,,,,
84,Left,17,-0.0025,-0.0005,0.0539,0.6047,-0.0673,0.1065,0.7864,4.316,,,,,,,
84,Left,18,0.0000,0.0000,0.0390,0.7026,0.0214,0.0416,0.7100,4.316,,,,,,,
84,Left,19,0.0000,0.0000,0.0266,0.5763,0.0266,0.0308,0.8162,4.316,,,,,,,
84,Left,20,-0.0003,0.0016,0.0243,0.0000,0.0000,0.0000,1.0000,4.316,,,,,,,
84,Left,21,-0.0230,-0.0094,0.0341,0.0183,-0.1403,0.2070,0.9681,4.316,,,,,,,
84,Left,22,0.0000,0.0000,0.0457,0.5872,-0.0391,-0.0574,0.8065,4.316,,,,,,,
84,Left,23,0.0000,0.0000,0.0307,0.6545,-0.0065,0.0866,0.7510,4.316,,,,,,,
84,Left,24,0.0000,0.0000,0.0203,0.6245,0.0379,-0.0027,0.7801,4.316,,,,,,,
84,Left,25,0.0002,0.0012,0.0219,0.0000,0.0000,0.0000,1.0000,4.316,,,,,,,
84,Right,0,-0.0030,-0.0048,0.0647,0.0000,0.0000,0.0000,1.0000,4.316,,,,,,,
84,Right,1,0.0000,0.0000,0.0000,0.0000,0.0000,0.0000,1.0000,4.316,0.0040,0.1036,0.0336,0.6110,-0.0543,-0.1241,0.7800
84,Right,2,-0.0314,-0.0137,0.0333,-0.1686,-0.3215,0.5099,0.7799,4.316,,,,,,,
84,Right,3,0.0000,0.0000,0.0325,0.2858,0.0435,-0.0804,0.9539,4.316,,,,,,,
84,Right,4,0.0000,0.0000,0.0338,0.1266,-0.0494,0.0787,0.9876,4.316,,,,,,,
84,Right,5,0.0007,0.0010,0.0246,0.0000,0.0000,0.0000,1.0000,4.316,,,,,,,
84,Right,6,-0.0204,-0.0083,0.0359,0.0000,0.0000,0.0000,1.0000,4.316,,,,,,,
84,Right,7,-0.0031,0.0010,0.0601,0.0262,0.0584,0.0316,0.9975,4.316,,,,,,,
84,Right,8,0.0000,0.0000,0.0379,0.0899,0.0048,-0.0262,0.9956,4.316,,,,,,,
84,Right,9,0.0000,0.0000,0.0243,0.0465,0.0252,-0.0167,0.9985,4.316,,,,,,,
84,Right,10,0.0003,0.0010,0.0224,0.0000,0.0000,0.0000,1.0000,4.316,,,,,,,
84,Right,11,-0.0042,-0.0070,0.0337,0.0000,0.0000,0.0000,1.0000,4.316,,,,,,,
84,Right,12,0.0025,0.0045,0.0620,0.1243,0.0987,-0.0163,0.9872,4.316,,,,,,,
84,Right,13,0.0000,0.0000,0.0429,0.0804,0.0034,-0.0117,0.9967,4.316,,,,,,,
84,Right,14,0.0000,0.0000,0.0275,-0.0048,0.0008,-0.0432,0.9991,4.316,,,,,,,
84,Right,15,0.0003,0.0011,0.0250,0.0000,0.0000,0.0000,1.0000,4.316,,,,,,,
84,Right,16,0.0150,-0.0060,0.0348,0.0000,0.0000,0.0000,1.0000,4.316,,,,,,,
84,Right,17,0.0025,-0.0005,0.0539,0.0990,0.1185,-0.0587,0.9863,4.316,,,,,,,
84,Right,18,0.0000,0.0000,0.0390,0.0851,0.0001,-0.0355,0.9957,4.316,,,,,,,
84,Right,19,0.0000,0.0000,0.0266,0.0350,-0.0294,-0.0063,0.9989,4.316,,,,,,,
84,Right,20,0.0003,0.0016,0.0243,0.0000,0.0000,0.0000,1.0000,4.316,,,,,,,
84,Right,21,0.0230,-0.0094,0.0341,0.0183,0.1403,-0.2070,0.9681,4.316,,,,,,,
84,Right,22,0.0000,0.0000,0.0457,-0.0345,0.0215,0.0951,0.9946,4.316,,,,,,,
84,Right,23,0.0000,0.0000,0.0307,0.1510,0.0360,-0.0516,0.9865,4.316,,,,,,,
84,Right,24,0.0000,0.0000,0.0203,0.0011,-0.0492,0.0007,0.9988,4.316,,,,,,,
84,Right,25,-0.0002,0.0012,0.0219,0.0000,0.0000,0.0000,1.0000,4.316,,,,,,,
85,Left,0,0.0016,-0.0058,0.0656,0.0000,0.0000,0.0000,1.0000,4.355,,,,,,,
85,Left,1,0.0000,0.0000,0.0000,0.0000,0.0000,0.0000,1.0000,4.355,-0.4367,0.4331,0.0020,-0.7740,0.5026,-0.2928,-0.2503
85,Left,2,0.0259,-0.0214,0.0369,-0.0169,0.2943,-0.6612,0.6899,4.355,,,,,,,
85,Left,3,0.0000,0.0000,0.0325,0.2363,-0.0485,0.0814,0.9670,4.355,,,,,,,
85,Left,4,0.0000,0.0000,0.0338,0.1742,0.0451,-0.0770,0.9807,4.355,,,,,,,
85,Left,5,-0.0007,0.0010,0.0246,0.0000,0.0000,0.0000,1.0000,4.355,,,,,,,
85,Left,6,0.0176,-0.0121,0.0377,0.0000,0.0000,0.0000,1.0000,4.355,,,,,,,
85,Left,7,0.0059,0.0048,0.0583,0.4220,-0.1072,-0.0011,0.9003,4.355,,,,,,,
85,Left,8,0.0000,0.0000,0.0379,0.6879,0.0125,0.0223,0.7253,4.355,,,,,,,
85,Left,9,0.0000,0.0000,0.0243,0.5069,-0.0141,0.0167,0.8617,4.355,,,,,,,
85,Left,10,-0.0003,0.0010,0.0224,0.0000,0.0000,0.0000,1.0000,4.355,,,,,,,
85,Left,11,0.0014,-0.0090,0.0355,0.0000,0.0000,0.0000,1.0000,4.355,,,,,,,
85,Left,12,0.0003,0.0064,0.0601,0.5609,-0.0983,0.0685,0.8192,4.355,,,,,,,
85,Left,13,0.0000,0.0000,0.0429,0.7013,0.0048,0.0125,0.7127,4.355,,,,,,,
85,Left,14,0.0000,0.0000,0.0275,0.5650,0.0242,0.0912,0.8196,4.355,,,,,,,
85,Left,15,-0.0003,0.0011,0.0250,0.0000,0.0000,0.0000,1.0000,4.355,,,,,,,
85,Left,16,-0.0150,-0.0060,0.0348,0.0000,0.0000,0.0000,1.0000,4.355,,,,,,,
85,Left,17,-0.0025,-0.0005,0.0539,0.6054,-0.0679,0.1070,0.7857,4.355,,,,,,,
85,Left,18,0.0000,0.0000,0.0390,0.7022,0.0214,0.0416,0.7104,4.355,,,,,,,
85,Left,19,0.0000,0.0000,0.0266,0.5769,0.0266,0.0308,0.8158,4.355,,,,,,,
85,Left,20,-0.0003,0.0016,0.0243,0.0000,0.0000,0.0000,1.0000,4.355,,,,,,,
85,Left,21,-0.0230,-0.0094,0.0341,0.0183,-0.1403,0.2070,0.9681,4.355,,,,,,,
85,Left,22,0.0000,0.0000,0.0457,0.5873,-0.0396,-0.0570,0.8064,4.355,,,,,,,
85,Left,23,0.0000,0.0000,0.0307,0.6539,-0.0065,0.0866,0.7516,4.355,,,,,,,
85,Left,24,0.0000,0.0000,0.0203,0.6251,0.0379,-0.0027,0.7796,4.355,,,,,,,
85,Left,25,0.0002,0.0012,0.0219,0.0000,0.0000,0.0000,1.0000,4.355,,,,,,,
85,Right,0,-0.0030,-0.0048,0.0647,0.0000,0.0000,0.0000,1.0000,4.355,,,,,,,
85,Right,1,0.0000,0.0000,0.0000,0.0000,0.0000,0.0000,1.0000,4.355,0.0048,0.1053,0.0341,0.6095,-0.0524,-0.1251,0.7811
85,Right,2,-0.0314,-0.0137,0.0333,-0.1685,-0.3212,0.5101,0.7799,4.355,,,,,,,
85,Right,3,0.0000,0.0000,0.0325,0.2843,0.0436,-0.0804,0.9544,4.355,,,,,,,
85,Right,4,0.0000,0.0000,0.0338,0.1268,-0.0494,0.0787,0.9876,4.355,,,,,,,
85,Right,5,0.0007,0.0010,0.0246,0.0000,0.0000,0.0000,1.0000,4.355,,,,,,,
85,Right,6,-0.0204,-0.0083,0.0359,0.0000,0.0000,0.0000,1.0000,4.355,,,,,,,
85,Right,7,-0.0031,0.0010,0.0601,0.0254,0.0584,0.0316,0.9975,4.355,,,,,,,
85,Right,8,0.0000,0.0000,0.0379,0.0912,0.0048,-0.0262,0.9955,4.355,,,,,,,
85,Right,9,0.0000,0.0000,0.0243,0.0467,0.0252,-0.0167,0.9985,4.355,,,,,,,
85,Right,10,0.0003,0.0010,0.0224,0.0000,0.0000,0.0000,1.0000,4.355,,,,,,,
85,Right,11,-0.0042,-0.0070,0.0337,0.0000,0.0000,0.0000,1.0000,4.355,,,,,,,
85,Right,12,0.0025,0.0045,0.0620,0.1241,0.0996,-0.0163,0.9871,4.355,,,,,,,
85,Right,13,0.0000,0.0000,0.0429,0.0820,0.0034,-0.0117,0.9966,4.355,,,,,,,
85,Right,14,0.0000,0.0000,0.0275,-0.0044,0.0008,-0.0432,0.9991,4.355,,,,,,,
85,Right,15,0.0003,0.0011,0.0250,0.0000,0.0000,0.0000,1.0000,4.355,,,,,,,
85,Right,16,0.0150,-0.0060,0.0348,0.0000,0.0000,0.0000,1.0000,4.355,,,,,,,
85,Right,17,0.0025,-0.0005,0.0539,0.0990,0.1196,-0.0588,0.9861,4.355,,,,,,,
85,Right,18,0.0000,0.0000,0.0390,0.0860,0.0001,-0.0355,0.9957,4.355,,,,,,,
85,Right,19,0.0000,0.0000,0.0266,0.0352,-0.0294,-0.0063,0.9989,4.355,,,,,,,
85,Right,20,0.0003,0.0016,0.0243,0.0000,0.0000,0.0000,1.0000,4.355,,,,,,,
85,Right,21,0.0230,-0.0094,0.0341,0.0183,0.1403,-0.2070,0.9681,4.355,,,,,,,
85,Right,22,0.0000,0.0000,0.0457,-0.0354,0.0228,0.0952,0.9946,4.355,,,,,,,
85,Right,23,0.0000,0.0000,0.0307,0.1515,0.0360,-0.0516,0.9865,4.355,,,,,,,
85,Right,24,0.0000,0.0000,0.0203,0.0011,-0.0492,0.0007,0.9988,4.355,,,,,,,
85,Right,25,-0.0002,0.0012,0.0219,0.0000,0.0000,0.0000,1.0000,4.355,,,,,,,
86,Left,0,0.0016,-0.0058,0.0656,0.0000,0.0000,0.0000,1.0000,4.377,,,,,,,
86,Left,1,0.0000,0.0000,0.0000,0.0000,0.0000,0.0000,1.0000,4.377,-0.4331,0.4380,0.0007,-0.7657,0.5125,-0.2925,-0.2559
86,Left,2,0.0258,-0.0214,0.0370,-0.0165,0.2944,-0.6614,0.6896,4.377,,,,,,,
86,Left,3,0.0000,0.0000,0.0325,0.2363,-0.0485,0.0814,0.9670,4.377,,,,,,,
86,Left,4,0.0000,0.0000,0.0338,0.1747,0.0450,-0.0770,0.9806,4.377,,,,,,,
86,Left,5,-0.0007,0.0010,0.0246,0.0000,0.0000,0.0000,1.0000,4.377,,,,,,,
86,Left,6,0.0176,-0.0122,0.0377,0.0000,0.0000,0.0000,1.0000,4.377,,,,,,,
86,Left,7,0.0059,0.0048,0.0583,0.4245,-0.1080,-0.0005,0.8990,4.377,,,,,,,
86,Left,8,0.0000,0.0000,0.0379,0.6887,0.0126,0.0223,0.7246,4.377,,,,,,,
86,Left,9,0.0000,0.0000,0.0243,0.5073,-0.0141,0.0167,0.8615,4.377,,,,,,,
86,Left,10,-0.0003,0.0010,0.0224,0.0000,0.0000,0.0000,1.0000,4.377,,,,,,,
86,Left,11,0.0014,-0.0090,0.0355,0.0000,0.0000,0.0000,1.0000,4.377,,,,,,,
86,Left,12,0.0003,0.0064,0.0601,0.5619,-0.0989,0.0690,0.8184,4.377,,,,,,,
86,Left,13,0.0000,0.0000,0.0429,0.7010,0.0048,0.0125,0.7130,4.377,,,,,,,
86,Left,14,0.0000,0.0000,0.0275,0.5654,0.0242,0.0913,0.8194,4.377,,,,,,,
86,Left,15,-0.0003,0.0011,0.0250,0.0000,0.0000,0.0000,1.0000,4.377,,,,,,,
86,Left,16,-0.0150,-0.0060,0.0348,0.0000,0.0000,0.0000,1.0000,4.377,,,,,,,
86,Left,17,-0.0025,-0.0005,0.0539,0.6060,-0.0681,0.1072,0.7853,4.377,,,,,,,
86,Left,18,0.0000,0.0000,0.0390,0.7019,0.0214,0.0416,0.7107,4.377,,,,,,,
86,Left,19,0.0000,0.0000,0.0266,0.5773,0.0266,0.0309,0.8155,4.377,,,,,,,
86,Left,20,-0.0003,0.0016,0.0243,0.0000,0.0000,0.0000,1.0000,4.377,,,,,,,
86,Left,21,-0.0230,-0.0094,0.0341,0.0183,-0.1403,0.2070,0.9681,4.377,,,,,,,
86,Left,22,0.0000,0.0000,0.0457,0.5870,-0.0400,-0.0567,0.8066,4.377,,,,,,,
86,Left,23,0.0000,0.0000,0.0307,0.6535,-0.0066,0.0866,0.7519,4.377,,,,,,,
86,Left,24,0.0000,0.0000,0.0203,0.6257,0.0379,-0.0027,0.7791,4.377,,,,,,,
86,Left,25,0.0002,0.0012,0.0219,0.0000,0.0000,0.0000,1.0000,4.377,,,,,,,
86,Right,0,-0.0030,-0.0048,0.0647,0.0000,0.0000,0.0000,1.0000,4.377,,,,,,,
86,Right,1,0.0000,0.0000,0.0000,0.0000,0.0000,0.0000,1.0000,4.377,0.0052,0.1061,0.0345,0.6087,-0.0510,-0.1258,0.7817
86,Right,2,-0.0314,-0.0137,0.0333,-0.1684,-0.3210,0.5103,0.7799,4.377,,,,,,,
86,Right,3,0.0000,0.0000,0.0325,0.2831,0.0437,-0.0804,0.9547,4.377,,,,,,,
86,Right,4,0.0000,0.0000,0.0338,0.1267,-0.0494,0.0787,0.9876,4.377,,,,,,,
86,Right,5,0.0007,0.0010,0.0246,0.0000,0.0000,0.0000,1.0000,4.377,,,,,,,
86,Right,6,-0.0204,-0.0083,0.0359,0.0000,0.0000,0.0000,1.0000,4.377,,,,,,,
86,Right,7,-0.0031,0.0010,0.0601,0.0250,0.0585,0.0316,0.9975,4.377,,,,,,,
86,Right,8,0.0000,0.0000,0.0379,0.0919,0.0048,-0.0262,0.9954,4.377,,,,,,,
86,Right,9,0.0000,0.0000,0.0243,0.0468,0.0252,-0.0167,0.9984,4.377,,,,,,,
86,Right,10,0.0003,0.0010,0.0224,0.0000,0.0000,0.0000,1.0000,4.377,,,,,,,
86,Right,11,-0.0042,-0.0071,0.0337,0.0000,0.0000,0.0000,1.0000,4.377,,,,,,,
86,Right,12,0.0025,0.0045,0.0620,0.1240,0.1000,-0.0163,0.9871,4.377,,,,,,,
86,Right,13,0.0000,0.0000,0.0429,0.0830,0.0034,-0.0117,0.9965,4.377,,,,,,,
86,Right,14,0.0000,0.0000,0.0275,-0.0042,0.0007,-0.0432,0.9991,4.377,,,,,,,
86,Right,15,0.0003,0.0011,0.0250,0.0000,0.0000,0.0000,1.0000,4.377,,,,,,,
86,Right,16,0.0150,-0.0060,0.0348,0.0000,0.0000,0.0000,1.0000,4.377,,,,,,,
86,Right,17,0.0025,-0.0005,0.0539,0.0992,0.1201,-0.0588,0.9860,4.377,,,,,,,
86,Right,18,0.0000,0.0000,0.0390,0.0866,0.0001,-0.0356,0.9956,4.377,,,,,,,
86,Right,19,0.0000,0.0000,0.0266,0.0354,-0.0295,-0.0063,0.9989,4.377,,,,,,,
86,Right,20,0.0003,0.0016,0.0243,0.0000,0.0000,0.0000,1.0000,4.377,,,,,,,
86,Right,21,0.0230,-0.0094,0.0341,0.0183,0.1403,-0.2070,0.9681,4.377,,,,,,,
86,Right,22,0.0000,0.0000,0.0457,-0.0358,0.0234,0.0952,0.9945,4.377,,,,,,,
86,Right,23,0.0000,0.0000,0.0307,0.1518,0.0360,-0.0517,0.9864,4.377,,,,,,,
86,Right,24,0.0000,0.0000,0.0203,0.0010,-0.0492,0.0007,0.9988,4.377,,,,,,,
86,Right,25,-0.0002,0.0012,0.0219,0.0000,0.0000,0.0000,1.0000,4.377,,,,,,,
87,Left,0,0.0016,-0.0058,0.0656,0.0000,0.0000,0.0000,1.0000,4.391,,,,,,,
87,Left,1,0.0000,0.0000,0.0000,0.0000,0.0000,0.0000,1.0000,4.391,-0.4302,0.4424,-0.0026,-0.7562,0.5206,-0.2916,-0.2686
87,Left,2,0.0258,-0.0214,0.0370,-0.0149,0.2961,-0.6615,0.6888,4.391,,,,,,,
87,Left,3,0.0000,0.0000,0.0325,0.2377,-0.0484,0.0814,0.9667,4.391,,,,,,,
87,Left,4,0.0000,0.0000,0.0338,0.1787,0.0446,-0.0769,0.9799,4.391,,,,,,,
87,Left,5,-0.0007,0.0010,0.0246,0.0000,0.0000,0.0000,1.0000,4.391,,,,,,,
87,Left,6,0.0176,-0.0122,0.0377,0.0000,0.0000,0.0000,1.0000,4.391,,,,,,,
87,Left,7,0.0059,0.0048,0.0583,0.4297,-0.1087,0.0003,0.8964,4.391,,,,,,,
87,Left,8,0.0000,0.0000,0.0379,0.6935,0.0127,0.0222,0.7200,4.391,,,,,,,
87,Left,9,0.0000,0.0000,0.0243,0.5098,-0.0140,0.0167,0.8600,4.391,,,,,,,
87,Left,10,-0.0003,0.0010,0.0224,0.0000,0.0000,0.0000,1.0000,4.391,,,,,,,
87,Left,11,0.0014,-0.0090,0.0355,0.0000,0.0000,0.0000,1.0000,4.391,,,,,,,
87,Left,12,0.0003,0.0064,0.0601,0.5641,-0.0992,0.0696,0.8168,4.391,,,,,,,
87,Left,13,0.0000,0.0000,0.0429,0.7009,0.0048,0.0125,0.7131,4.391,,,,,,,
87,Left,14,0.0000,0.0000,0.0275,0.5658,0.0242,0.0913,0.8191,4.391,,,,,,,
87,Left,15,-0.0003,0.0011,0.0250,0.0000,0.0000,0.0000,1.0000,4.391,,,,,,,
87,Left,16,-0.0150,-0.0060,0.0348,0.0000,0.0000,0.0000,1.0000,4.391,,,,,,,
87,Left,17,-0.0025,-0.0005,0.0539,0.6065,-0.0682,0.1074,0.7848,4.391,,,,,,,
87,Left,18,0.0000,0.0000,0.0390,0.7019,0.0214,0.0416,0.7107,4.391,,,,,,,
87,Left,19,0.0000,0.0000,0.0266,0.5786,0.0266,0.0309,0.8146,4.391,,,,,,,
87,Left,20,-0.0003,0.0016,0.0243,0.0000,0.0000,0.0000,1.0000,4.391,,,,,,,
87,Left,21,-0.0230,-0.0094,0.0341,0.0183,-0.1403,0.2070,0.9681,4.391,,,,,,,
87,Left,22,0.0000,0.0000,0.0457,0.5870,-0.0402,-0.0566,0.8066,4.391,,,,,,,
87,Left,23,0.0000,0.0000,0.0307,0.6536,-0.0066,0.0866,0.7518,4.391,,,,,,,
87,Left,24,0.0000,0.0000,0.0203,0.6262,0.0379,-0.0027,0.7788,4.391,,,,,,,
87,Left,25,0.0002,0.0012,0.0219,0.0000,0.0000,0.0000,1.0000,4.391,,,,,,,
87,Right,0,-0.0030,-0.0048,0.0647,0.0000,0.0000,0.0000,1.0000,4.391,,,,,,,
87,Right,1,0.0000,0.0000,0.0000,0.0000,0.0000,0.0000,1.0000,4.391,0.0061,0.1063,0.0346,0.6093,-0.0477,-0.1296,0.7808
87,Right,2,-0.0314,-0.0137,0.0333,-0.1681,-0.3210,0.5106,0.7797,4.391,,,,,,,
87,Right,3,0.0000,0.0000,0.0325,0.2827,0.0437,-0.0804,0.9548,4.391,,,,,,,
87,Right,4,0.0000,0.0000,0.0338,0.1266,-0.0494,0.0787,0.9876,4.391,,,,,,,
87,Right,5,0.0007,0.0010,0.0246,0.0000,0.0000,0.0000,1.0000,4.391,,,,,,,
87,Right,6,-0.0204,-0.0083,0.0359,0.0000,0.0000,0.0000,1.0000,4.391,,,,,,,
87,Right,7,-0.0031,0.0010,0.0601,0.0245,0.0584,0.0316,0.9975,4.391,,,,,,,
87,Right,8,0.0000,0.0000,0.0379,0.0924,0.0048,-0.0262,0.9954,4.391,,,,,,,
87,Right,9,0.0000,0.0000,0.0243,0.0467,0.0252,-0.0167,0.9985,4.391,,,,,,,
87,Right,10,0.0003,0.0010,0.0224,0.0000,0.0000,0.0000,1.0000,4.391,,,,,,,
87,Right,11,-0.0042,-0.0071,0.0337,0.0000,0.0000,0.0000,1.0000,4.391,,,,,,,
87,Right,12,0.0025,0.0045,0.0620,0.1237,0.1002,-0.0163,0.9871,4.391,,,,,,,
87,Right,13,0.0000,0.0000,0.0429,0.0834,0.0034,-0.0117,0.9964,4.391,,,,,,,
87,Right,14,0.0000,0.0000,0.0275,-0.0043,0.0007,-0.0432,0.9991,4.391,,,,,,,
87,Right,15,0.0003,0.0011,0.0250,0.0000,0.0000,0.0000,1.0000,4.391,,,,,,,
87,Right,16,0.0150,-0.0060,0.0348,0.0000,0.0000,0.0000,1.0000,4.391,,,,,,,
87,Right,17,0.0025,-0.0005,0.0539,0.0991,0.1205,-0.0588,0.9860,4.391,,,,,,,
87,Right,18,0.0000,0.0000,0.0390,0.0867,0.0001,-0.0356,0.9956,4.391,,,,,,,
87,Right,19,0.0000,0.0000,0.0266,0.0352,-0.0295,-0.0063,0.9989,4.391,,,,,,,
87,Right,20,0.0003,0.0016,0.0243,0.0000,0.0000,0.0000,1.0000,4.391,,,,,,,
87,Right,21,0.0230,-0.0094,0.0341,0.0183,0.1403,-0.2070,0.9681,4.391,,,,,,,
87,Right,22,0.0000,0.0000,0.0457,-0.0360,0.0238,0.0952,0.9945,4.391,,,,,,,
87,Right,23,0.0000,0.0000,0.0307,0.1520,0.0360,-0.0517,0.9864,4.391,,,,,,,
87,Right,24,0.0000,0.0000,0.0203,0.0010,-0.0492,0.0007,0.9988,4.391,,,,,,,
87,Right,25,-0.0002,0.0012,0.0219,0.0000,0.0000,0.0000,1.0000,4.391,,,,,,,
88,Left,0,0.0016,-0.0058,0.0656,0.0000,0.0000,0.0000,1.0000,4.406,,,,,,,
88,Left,1,0.0000,0.0000,0.0000,0.0000,0.0000,0.0000,1.0000,4.406,-0.4273,0.4468,-0.0060,-0.7465,0.5285,-0.2905,-0.2811
88,Left,2,0.0259,-0.0214,0.0370,-0.0134,0.2979,-0.6616,0.6880,4.406,,,,,,,
88,Left,3,0.0000,0.0000,0.0325,0.2390,-0.0482,0.0813,0.9664,4.406,,,,,,,
88,Left,4,0.0000,0.0000,0.0338,0.1827,0.0442,-0.0767,0.9792,4.406,,,,,,,
88,Left,5,-0.0007,0.0010,0.0246,0.0000,0.0000,0.0000,1.0000,4.406,,,,,,,
88,Left,6,0.0176,-0.0122,0.0377,0.0000,0.0000,0.0000,1.0000,4.406,,,,,,,
88,Left,7,0.0059,0.0048,0.0583,0.4349,-0.1095,0.0011,0.8938,4.406,,,,,,,
88,Left,8,0.0000,0.0000,0.0379,0.6982,0.0129,0.0221,0.7154,4.406,,,,,,,
88,Left,9,0.0000,0.0000,0.0243,0.5123,-0.0140,0.0166,0.8585,4.406,,,,,,,
88,Left,10,-0.0003,0.0010,0.0224,0.0000,0.0000,0.0000,1.0000,4.406,,,,,,,
88,Left,11,0.0014,-0.0090,0.0355,0.0000,0.0000,0.0000,1.0000,4.406,,,,,,,
88,Left,12,0.0003,0.0064,0.0601,0.5663,-0.0994,0.0701,0.8152,4.406,,,,,,,
88,Left,13,0.0000,0.0000,0.0429,0.7009,0.0048,0.0125,0.7132,4.406,,,,,,,
88,Left,14,0.0000,0.0000,0.0275,0.5662,0.0243,0.0914,0.8188,4.406,,,,,,,
88,Left,15,-0.0003,0.0011,0.0250,0.0000,0.0000,0.0000,1.0000,4.406,,,,,,,
88,Left,16,-0.0150,-0.0060,0.0348,0.0000,0.0000,0.0000,1.0000,4.406,,,,,,,
88,Left,17,-0.0025,-0.0005,0.0539,0.6070,-0.0683,0.1076,0.7844,4.406,,,,,,,
88,Left,18,0.0000,0.0000,0.0390,0.7020,0.0214,0.0416,0.7107,4.406,,,,,,,
88,Left,19,0.0000,0.0000,0.0266,0.5800,0.0265,0.0310,0.8136,4.406,,,,,,,
88,Left,20,-0.0003,0.0016,0.0243,0.0000,0.0000,0.0000,1.0000,4.406,,,,,,,
88,Left,21,-0.0230,-0.0094,0.0341,0.0183,-0.1403,0.2070,0.9681,4.406,,,,,,,
88,Left,22,0.0000,0.0000,0.0457,0.5871,-0.0404,-0.0565,0.8065,4.406,,,,,,,
88,Left,23,0.0000,0.0000,0.0307,0.6537,-0.0065,0.0866,0.7518,4.406,,,,,,,
88,Left,24,0.0000,0.0000,0.0203,0.6266,0.0378,-0.0027,0.7784,4.406,,,,,,,
88,Left,25,0.0002,0.0012,0.0219,0.0000,0.0000,0.0000,1.0000,4.406,,,,,,,
88,Right,0,-0.0030,-0.0048,0.0647,0.0000,0.0000,0.0000,1.0000,4.406,,,,,,,
88,Right,1,0.0000,0.0000,0.0000,0.0000,0.0000,0.0000,1.0000,4.406,0.0070,0.1065,0.0346,0.6100,-0.0443,-0.1334,0.7798
88,Right,2,-0.0314,-0.0137,0.0333,-0.1679,-0.3211,0.5108,0.7796,4.406,,,,,,,
88,Right,3,0.0000,0.0000,0.0325,0.2824,0.0438,-0.0804,0.9549,4.406,,,,,,,
88,Right,4,0.0000,0.0000,0.0338,0.1266,-0.0494,0.0787,0.9876,4.406,,,,,,,
88,Right,5,0.0007,0.0010,0.0246,0.0000,0.0000,0.0000,1.0000,4.406,,,,,,,
88,Right,6,-0.0204,-0.0083,0.0359,0.0000,0.0000,0.0000,1.0000,4.406,,,,,,,
88,Right,7,-0.0031,0.0010,0.0601,0.0241,0.0583,0.0316,0.9975,4.406,,,,,,,
88,Right,8,0.0000,0.0000,0.0379,0.0928,0.0048,-0.0262,0.9953,4.406,,,,,,,
88,Right,9,0.0000,0.0000,0.0243,0.0467,0.0252,-0.0167,0.9985,4.406,,,,,,,
88,Right,10,0.0003,0.0010,0.0224,0.0000,0.0000,0.0000,1.0000,4.406,,,,,,,
88,Right,11,-0.0042,-0.0071,0.0337,0.0000,0.0000,0.0000,1.0000,4.406,,,,,,,
88,Right,12,0.0025,0.0045,0.0619,0.1234,0.1004,-0.0163,0.9871,4.406,,,,,,,
88,Right,13,0.0000,0.0000,0.0429,0.0838,0.0034,-0.0117,0.9964,4.406,,,,,,,
88,Right,14,0.0000,0.0000,0.0275,-0.0043,0.0007,-0.0432,0.9991,4.406,,,,,,,
88,Right,15,0.0003,0.0011,0.0250,0.0000,0.0000,0.0000,1.0000,4.406,,,,,,,
88,Right,16,0.0150,-0.0060,0.0348,0.0000,0.0000,0.0000,1.0000,4.406,,,,,,,
88,Right,17,0.0025,-0.0005,0.0539,0.0991,0.1208,-0.0588,0.9860,4.406,,,,,,,
88,Right,18,0.0000,0.0000,0.0390,0.0868,0.0001,-0.0356,0.9956,4.406,,,,,,,
88,Right,19,0.0000,0.0000,0.0266,0.0350,-0.0294,-0.0063,0.9989,4.406,,,,,,,
88,Right,20,0.0003,0.0016,0.0243,0.0000,0.0000,0.0000,1.0000,4.406,,,,,,,
88,Right,21,0.0230,-0.0094,0.0341,0.0183,0.1403,-0.2070,0.9681,4.406,,,,,,,
88,Right,22,0.0000,0.0000,0.0457,-0.0362,0.0242,0.0953,0.9945,4.406,,,,,,,
88,Right,23,0.0000,0.0000,0.0307,0.1522,0.0360,-0.0517,0.9863,4.406,,,,,,,
88,Right,24,0.0000,0.0000,0.0203,0.0011,-0.0492,0.0007,0.9988,4.406,,,,,,,
88,Right,25,-0.0002,0.0012,0.0219,0.0000,0.0000,0.0000,1.0000,4.406,,,,,,,
89,Left,0,0.0016,-0.0058,0.0656,0.0000,0.0000,0.0000,1.0000,4.421,,,,,,,
89,Left,1,0.0000,0.0000,0.0000,0.0000,0.0000,0.0000,1.0000,4.421,-0.4240,0.4508,-0.0088,-0.7366,0.5366,-0.2878,-0.2944
89,Left,2,0.0259,-0.0214,0.0370,-0.0121,0.2997,-0.6616,0.6873,4.421,,,,,,,
89,Left,3,0.0000,0.0000,0.0325,0.2413,-0.0480,0.0813,0.9659,4.421,,,,,,,
89,Left,4,0.0000,0.0000,0.0338,0.1881,0.0437,-0.0765,0.9782,4.421,,,,,,,
89,Left,5,-0.0007,0.0010,0.0246,0.0000,0.0000,0.0000,1.0000,4.421,,,,,,,
89,Left,6,0.0176,-0.0122,0.0377,0.0000,0.0000,0.0000,1.0000,4.421,,,,,,,
89,Left,7,0.0059,0.0048,0.0583,0.4410,-0.1101,0.0020,0.8907,4.421,,,,,,,
89,Left,8,0.0000,0.0000,0.0379,0.7035,0.0130,0.0220,0.7102,4.421,,,,,,,
89,Left,9,0.0000,0.0000,0.0243,0.5160,-0.0138,0.0166,0.8563,4.421,,,,,,,
89,Left,10,-0.0003,0.0010,0.0224,0.0000,0.0000,0.0000,1.0000,4.421,,,,,,,
89,Left,11,0.0014,-0.0090,0.0355,0.0000,0.0000,0.0000,1.0000,4.421,,,,,,,
89,Left,12,0.0003,0.0064,0.0601,0.5691,-0.0997,0.0707,0.8131,4.421,,,,,,,
89,Left,13,0.0000,0.0000,0.0429,0.7009,0.0048,0.0125,0.7131,4.421,,,,,,,
89,Left,14,0.0000,0.0000,0.0275,0.5667,0.0243,0.0914,0.8185,4.421,,,,,,,
89,Left,15,-0.0003,0.0011,0.0250,0.0000,0.0000,0.0000,1.0000,4.421,,,,,,,
89,Left,16,-0.0150,-0.0060,0.0348,0.0000,0.0000,0.0000,1.0000,4.421,,,,,,,
89,Left,17,-0.0025,-0.0005,0.0539,0.6079,-0.0685,0.1078,0.7837,4.421,,,,,,,
89,Left,18,0.0000,0.0000,0.0390,0.7022,0.0214,0.0416,0.7104,4.421,,,,,,,
89,Left,19,0.0000,0.0000,0.0266,0.5819,0.0265,0.0310,0.8122,4.421,,,,,,,
89,Left,20,-0.0003,0.0016,0.0243,0.0000,0.0000,0.0000,1.0000,4.421,,,,,,,
89,Left,21,-0.0230,-0.0094,0.0341,0.0183,-0.1403,0.2070,0.9681,4.421,,,,,,,
89,Left,22,0.0000,0.0000,0.0457,0.5872,-0.0406,-0.0564,0.8065,4.421,,,,,,,
89,Left,23,0.0000,0.0000,0.0307,0.6539,-0.0065,0.0866,0.7516,4.421,,,,,,,
89,Left,24,0.0000,0.0000,0.0203,0.6271,0.0378,-0.0027,0.7780,4.421,,,,,,,
89,Left,25,0.0002,0.0012,0.0219,0.0000,0.0000,0.0000,1.0000,4.421,,,,,,,
89,Right,0,-0.0030,-0.0048,0.0647,0.0000,0.0000,0.0000,1.0000,4.421,,,,,,,
89,Right,1,0.0000,0.0000,0.0000,0.0000,0.0000,0.0000,1.0000,4.421,0.0079,0.1067,0.0347,0.6100,-0.0410,-0.1371,0.7794
89,Right,2,-0.0314,-0.0137,0.0333,-0.1677,-0.3211,0.5111,0.7795,4.421,,,,,,,
89,Right,3,0.0000,0.0000,0.0325,0.2812,0.0439,-0.0804,0.9553,4.421,,,,,,,
89,Right,4,0.0000,0.0000,0.0338,0.1262,-0.0494,0.0787,0.9876,4.421,,,,,,,
89,Right,5,0.0007,0.0010,0.0246,0.0000,0.0000,0.0000,1.0000,4.421,,,,,,,
89,Right,6,-0.0204,-0.0083,0.0359,0.0000,0.0000,0.0000,1.0000,4.421,,,,,,,
89,Right,7,-0.0031,0.0010,0.0601,0.0236,0.0581,0.0316,0.9975,4.421,,,,,,,
89,Right,8,0.0000,0.0000,0.0379,0.0933,0.0048,-0.0262,0.9953,4.421,,,,,,,
89,Right,9,0.0000,0.0000,0.0243,0.0466,0.0252,-0.0167,0.9985,4.421,,,,,,,
89,Right,10,0.0003,0.0010,0.0224,0.0000,0.0000,0.0000,1.0000,4.421,,,,,,,
89,Right,11,-0.0042,-0.0071,0.0337,0.0000,0.0000,0.0000,1.0000,4.421,,,,,,,
89,Right,12,0.0025,0.0045,0.0619,0.1230,0.1006,-0.0163,0.9872,4.421,,,,,,,
89,Right,13,0.0000,0.0000,0.0429,0.0841,0.0034,-0.0117,0.9964,4.421,,,,,,,
89,Right,14,0.0000,0.0000,0.0275,-0.0044,0.0007,-0.0432,0.9991,4.421,,,,,,,
89,Right,15,0.0003,0.0011,0.0250,0.0000,0.0000,0.0000,1.0000,4.421,,,,,,,
89,Right,16,0.0150,-0.0060,0.0348,0.0000,0.0000,0.0000,1.0000,4.421,,,,,,,
89,Right,17,0.0025,-0.0005,0.0539,0.0989,0.1212,-0.0588,0.9859,4.421,,,,,,,
89,Right,18,0.0000,0.0000,0.0390,0.0869,0.0001,-0.0356,0.9956,4.421,,,,,,,
89,Right,19,0.0000,0.0000,0.0266,0.0349,-0.0294,-0.0063,0.9989,4.421,,,,,,,
89,Right,20,0.0003,0.0016,0.0243,0.0000,0.0000,0.0000,1.0000,4.421,,,,,,,
89,Right,21,0.0230,-0.0094,0.0341,0.0183,0.1403,-0.2070,0.9681,4.421,,,,,,,
89,Right,22,0.0000,0.0000,0.0457,-0.0364,0.0246,0.0953,0.9945,4.421,,,,,,,
89,Right,23,0.0000,0.0000,0.0307,0.1523,0.0360,-0.0517,0.9863,4.421,,,,,,,
89,Right,24,0.0000,0.0000,0.0203,0.0011,-0.0492,0.0007,0.9988,4.421,,,,,,,
89,Right,25,-0.0002,0.0012,0.0219,0.0000,0.0000,0.0000,1.0000,4.421,,,,,,,
90,Left,0,0.0016,-0.0057,0.0656,0.0000,0.0000,0.0000,1.0000,4.445,,,,,,,
90,Left,1,0.0000,0.0000,0.0000,0.0000,0.0000,0.0000,1.0000,4.445,-0.4182,0.4527,-0.0079,-0.7264,0.5470,-0.2743,-0.3129
90,Left,2,0.0260,-0.0213,0.0369,-0.0123,0.3021,-0.6602,0.6876,4.445,,,,,,,
90,Left,3,0.0000,0.0000,0.0325,0.2497,-0.0472,0.0811,0.9638,4.445,,,,,,,
90,Left,4,0.0000,0.0000,0.0338,0.2027,0.0423,-0.0760,0.9754,4.445,,,,,,,
90,Left,5,-0.0007,0.0010,0.0246,0.0000,0.0000,0.0000,1.0000,4.445,,,,,,,
90,Left,6,0.0177,-0.0121,0.0376,0.0000,0.0000,0.0000,1.0000,4.445,,,,,,,
90,Left,7,0.0058,0.0048,0.0583,0.4523,-0.1104,0.0033,0.8850,4.445,,,,,,,
90,Left,8,0.0000,0.0000,0.0379,0.7125,0.0133,0.0218,0.7013,4.445,,,,,,,
90,Left,9,0.0000,0.0000,0.0243,0.5275,-0.0134,0.0165,0.8493,4.445,,,,,,,
90,Left,10,-0.0003,0.0010,0.0224,0.0000,0.0000,0.0000,1.0000,4.445,,,,,,,
90,Left,11,0.0015,-0.0089,0.0355,0.0000,0.0000,0.0000,1.0000,4.445,,,,,,,
90,Left,12,0.0002,0.0064,0.0602,0.5758,-0.1005,0.0725,0.8081,4.445,,,,,,,
90,Left,13,0.0000,0.0000,0.0429,0.7014,0.0048,0.0125,0.7126,4.445,,,,,,,
90,Left,14,0.0000,0.0000,0.0276,0.5674,0.0243,0.0915,0.8180,4.445,,,,,,,
90,Left,15,-0.0003,0.0011,0.0250,0.0000,0.0000,0.0000,1.0000,4.445,,,,,,,
90,Left,16,-0.0150,-0.0060,0.0348,0.0000,0.0000,0.0000,1.0000,4.445,,,,,,,
90,Left,17,-0.0025,-0.0005,0.0539,0.6111,-0.0690,0.1088,0.7810,4.445,,,,,,,
90,Left,18,0.0000,0.0000,0.0390,0.7040,0.0215,0.0415,0.7087,4.445,,,,,,,
90,Left,19,0.0000,0.0000,0.0266,0.5882,0.0264,0.0313,0.8077,4.445,,,,,,,
90,Left,20,-0.0003,0.0016,0.0243,0.0000,0.0000,0.0000,1.0000,4.445,,,,,,,
90,Left,21,-0.0230,-0.0094,0.0341,0.0183,-0.1403,0.2070,0.9681,4.445,,,,,,,
90,Left,22,0.0000,0.0000,0.0457,0.5879,-0.0410,-0.0561,0.8059,4.445,,,,,,,
90,Left,23,0.0000,0.0000,0.0307,0.6549,-0.0064,0.0867,0.7507,4.445,,,,,,,
90,Left,24,0.0000,0.0000,0.0203,0.6277,0.0378,-0.0027,0.7775,4.445,,,,,,,
90,Left,25,0.0002,0.0012,0.0219,0.0000,0.0000,0.0000,1.0000,4.445,,,,,,,
90,Right,0,-0.0030,-0.0048,0.0647,0.0000,0.0000,0.0000,1.0000,4.445,,,,,,,
90,Right,1,0.0000,0.0000,0.0000,0.0000,0.0000,0.0000,1.0000,4.445,0.0085,0.1074,0.0344,0.6055,-0.0379,-0.1400,0.7825
90,Right,2,-0.0314,-0.0138,0.0334,-0.1674,-0.3209,0.5116,0.7793,4.445,,,,,,,
90,Right,3,0.0000,0.0000,0.0325,0.2742,0.0446,-0.0806,0.9572,4.445,,,,,,,
90,Right,4,0.0000,0.0000,0.0338,0.1242,-0.0496,0.0788,0.9879,4.445,,,,,,,
90,Right,5,0.0007,0.0010,0.0246,0.0000,0.0000,0.0000,1.0000,4.445,,,,,,,
90,Right,6,-0.0204,-0.0084,0.0359,0.0000,0.0000,0.0000,1.0000,4.445,,,,,,,
90,Right,7,-0.0032,0.0010,0.0601,0.0229,0.0574,0.0316,0.9976,4.445,,,,,,,
90,Right,8,0.0000,0.0000,0.0379,0.0937,0.0047,-0.0262,0.9952,4.445,,,,,,,
90,Right,9,0.0000,0.0000,0.0243,0.0464,0.0252,-0.0167,0.9985,4.445,,,,,,,
90,Right,10,0.0003,0.0010,0.0224,0.0000,0.0000,0.0000,1.0000,4.445,,,,,,,
90,Right,11,-0.0042,-0.0071,0.0337,0.0000,0.0000,0.0000,1.0000,4.445,,,,,,,
90,Right,12,0.0025,0.0045,0.0619,0.1225,0.1005,-0.0162,0.9872,4.445,,,,,,,
90,Right,13,0.0000,0.0000,0.0429,0.0842,0.0034,-0.0117,0.9964,4.445,,,,,,,
90,Right,14,0.0000,0.0000,0.0275,-0.0046,0.0008,-0.0432,0.9991,4.445,,,,,,,
90,Right,15,0.0003,0.0011,0.0250,0.0000,0.0000,0.0000,1.0000,4.445,,,,,,,
90,Right,16,0.0150,-0.0060,0.0348,0.0000,0.0000,0.0000,1.0000,4.445,,,,,,,
90,Right,17,0.0025,-0.0005,0.0539,0.0984,0.1216,-0.0587,0.9859,4.445,,,,,,,
90,Right,18,0.0000,0.0000,0.0390,0.0870,0.0001,-0.0356,0.9956,4.445,,,,,,,
90,Right,19,0.0000,0.0000,0.0266,0.0350,-0.0294,-0.0063,0.9989,4.445,,,,,,,
90,Right,20,0.0003,0.0016,0.0243,0.0000,0.0000,0.0000,1.0000,4.445,,,,,,,
90,Right,21,0.0230,-0.0094,0.0341,0.0183,0.1403,-0.2070,0.9681,4.445,,,,,,,
90,Right,22,0.0000,0.0000,0.0457,-0.0369,0.0251,0.0954,0.9944,4.445,,,,,,,
90,Right,23,0.0000,0.0000,0.0307,0.1522,0.0360,-0.0517,0.9863,4.445,,,,,,,
90,Right,24,0.0000,0.0000,0.0203,0.0010,-0.0492,0.0007,0.9988,4.445,,,,,,,
90,Right,25,-0.0002,0.0012,0.0219,0.0000,0.0000,0.0000,1.0000,4.445,,,,,,,
91,Left,0,0.0016,-0.0057,0.0656,0.0000,0.0000,0.0000,1.0000,4.493,,,,,,,
91,Left,1,0.0000,0.0000,0.0000,0.0000,0.0000,0.0000,1.0000,4.493,-0.4124,0.4543,-0.0063,-0.7099,0.5646,-0.2617,-0.3299
91,Left,2,0.0261,-0.0211,0.0369,-0.0102,0.3083,-0.6583,0.6867,4.493,,,,,,,
91,Left,3,0.0000,0.0000,0.0325,0.2696,-0.0452,0.0807,0.9585,4.493,,,,,,,
91,Left,4,0.0000,0.0000,0.0338,0.2264,0.0401,-0.0750,0.9703,4.493,,,,,,,
91,Left,5,-0.0007,0.0010,0.0246,0.0000,0.0000,0.0000,1.0000,4.493,,,,,,,
91,Left,6,0.0178,-0.0120,0.0376,0.0000,0.0000,0.0000,1.0000,4.493,,,,,,,
91,Left,7,0.0058,0.0047,0.0584,0.4695,-0.1115,0.0056,0.8758,4.493,,,,,,,
91,Left,8,0.0000,0.0000,0.0379,0.7261,0.0138,0.0215,0.6871,4.493,,,,,,,
91,Left,9,0.0000,0.0000,0.0243,0.5451,-0.0129,0.0164,0.8381,4.493,,,,,,,
91,Left,10,-0.0003,0.0010,0.0224,0.0000,0.0000,0.0000,1.0000,4.493,,,,,,,
91,Left,11,0.0016,-0.0089,0.0355,0.0000,0.0000,0.0000,1.0000,4.493,,,,,,,
91,Left,12,0.0002,0.0064,0.0602,0.5847,-0.1027,0.0756,0.8012,4.493,,,,,,,
91,Left,13,0.0000,0.0000,0.0429,0.7035,0.0048,0.0125,0.7106,4.493,,,,,,,
91,Left,14,0.0000,0.0000,0.0275,0.5689,0.0244,0.0915,0.8170,4.493,,,,,,,
91,Left,15,-0.0003,0.0011,0.0250,0.0000,0.0000,0.0000,1.0000,4.493,,,,,,,
91,Left,16,-0.0150,-0.0060,0.0348,0.0000,0.0000,0.0000,1.0000,4.493,,,,,,,
91,Left,17,-0.0025,-0.0005,0.0539,0.6147,-0.0723,0.1118,0.7774,4.493,,,,,,,
91,Left,18,0.0000,0.0000,0.0390,0.7105,0.0217,0.0415,0.7022,4.493,,,,,,,
91,Left,19,0.0000,0.0000,0.0266,0.5997,0.0262,0.0318,0.7991,4.493,,,,,,,
91,Left,20,-0.0003,0.0016,0.0243,0.0000,0.0000,0.0000,1.0000,4.493,,,,,,,
91,Left,21,-0.0230,-0.0094,0.0341,0.0183,-0.1403,0.2070,0.9681,4.493,,,,,,,
91,Left,22,0.0000,0.0000,0.0457,0.5892,-0.0415,-0.0556,0.8050,4.493,,,,,,,
91,Left,23,0.0000,0.0000,0.0307,0.6598,-0.0061,0.0869,0.7463,4.493,,,,,,,
91,Left,24,0.0000,0.0000,0.0203,0.6289,0.0378,-0.0027,0.7766,4.493,,,,,,,
91,Left,25,0.0002,0.0012,0.0219,0.0000,0.0000,0.0000,1.0000,4.493,,,,,,,
91,Right,0,-0.0030,-0.0048,0.0647,0.0000,0.0000,0.0000,1.0000,4.493,,,,,,,
91,Right,1,0.0000,0.0000,0.0000,0.0000,0.0000,0.0000,1.0000,4.493,0.0106,0.1082,0.0353,0.6015,-0.0382,-0.1446,0.7847
91,Right,2,-0.0314,-0.0138,0.0334,-0.1667,-0.3206,0.5124,0.7790,4.493,,,,,,,
91,Right,3,0.0000,0.0000,0.0325,0.2691,0.0452,-0.0807,0.9587,4.493,,,,,,,
91,Right,4,0.0000,0.0000,0.0338,0.1220,-0.0498,0.0789,0.9881,4.493,,,,,,,
91,Right,5,0.0007,0.0010,0.0246,0.0000,0.0000,0.0000,1.0000,4.493,,,,,,,
91,Right,6,-0.0204,-0.0084,0.0359,0.0000,0.0000,0.0000,1.0000,4.493,,,,,,,
91,Right,7,-0.0032,0.0011,0.0601,0.0218,0.0569,0.0316,0.9976,4.493,,,,,,,
91,Right,8,0.0000,0.0000,0.0379,0.0947,0.0047,-0.0262,0.9952,4.493,,,,,,,
91,Right,9,0.0000,0.0000,0.0243,0.0461,0.0252,-0.0167,0.9985,4.493,,,,,,,
91,Right,10,0.0003,0.0010,0.0224,0.0000,0.0000,0.0000,1.0000,4.493,,,,,,,
91,Right,11,-0.0042,-0.0071,0.0337,0.0000,0.0000,0.0000,1.0000,4.493,,,,,,,
91,Right,12,0.0025,0.0045,0.0619,0.1215,0.1011,-0.0162,0.9873,4.493,,,,,,,
91,Right,13,0.0000,0.0000,0.0429,0.0844,0.0034,-0.0117,0.9964,4.493,,,,,,,
91,Right,14,0.0000,0.0000,0.0275,-0.0048,0.0008,-0.0432,0.9991,4.493,,,,,,,
91,Right,15,0.0003,0.0011,0.0250,0.0000,0.0000,0.0000,1.0000,4.493,,,,,,,
91,Right,16,0.0150,-0.0060,0.0348,0.0000,0.0000,0.0000,1.0000,4.493,,,,,,,
91,Right,17,0.0025,-0.0005,0.0539,0.0979,0.1227,-0.0587,0.9859,4.493,,,,,,,
91,Right,18,0.0000,0.0000,0.0390,0.0870,0.0001,-0.0356,0.9956,4.493,,,,,,,
91,Right,19,0.0000,0.0000,0.0266,0.0349,-0.0294,-0.0063,0.9989,4.493,,,,,,,
91,Right,20,0.0003,0.0016,0.0243,0.0000,0.0000,0.0000,1.0000,4.493,,,,,,,
91,Right,21,0.0230,-0.0094,0.0341,0.0183,0.1403,-0.2070,0.9681,4.493,,,,,,,
91,Right,22,0.0000,0.0000,0.0457,-0.0377,0.0265,0.0955,0.9944,4.493,,,,,,,
91,Right,23,0.0000,0.0000,0.0307,0.1521,0.0360,-0.0517,0.9864,4.493,,,,,,,
91,Right,24,0.0000,0.0000,0.0203,0.0011,-0.0492,0.0007,0.9988,4.493,,,,,,,
91,Right,25,-0.0002,0.0012,0.0219,0.0000,0.0000,0.0000,1.0000,4.493,,,,,,,
92,Left,0,0.0017,-0.0057,0.0655,0.0000,0.0000,0.0000,1.0000,4.630,,,,,,,
92,Left,1,0.0000,0.0000,0.0000,0.0000,0.0000,0.0000,1.0000,4.630,-0.4079,0.4553,-0.0025,-0.7030,0.5696,-0.2572,-0.3393
92,Left,2,0.0264,-0.0208,0.0367,-0.0140,0.3146,-0.6523,0.6894,4.630,,,,,,,
92,Left,3,0.0000,0.0000,0.0325,0.3002,-0.0419,0.0800,0.9496,4.630,,,,,,,
92,Left,4,0.0000,0.0000,0.0338,0.2415,0.0386,-0.0743,0.9668,4.630,,,,,,,
92,Left,5,-0.0007,0.0010,0.0246,0.0000,0.0000,0.0000,1.0000,4.630,,,,,,,
92,Left,6,0.0179,-0.0119,0.0376,0.0000,0.0000,0.0000,1.0000,4.630,,,,,,,
92,Left,7,0.0056,0.0046,0.0584,0.4837,-0.1154,0.0091,0.8676,4.630,,,,,,,
92,Left,8,0.0000,0.0000,0.0379,0.7353,0.0141,0.0213,0.6772,4.630,,,,,,,
92,Left,9,0.0000,0.0000,0.0243,0.5599,-0.0124,0.0164,0.8283,4.630,,,,,,,
92,Left,10,-0.0003,0.0010,0.0224,0.0000,0.0000,0.0000,1.0000,4.630,,,,,,,
92,Left,11,0.0017,-0.0088,0.0354,0.0000,0.0000,0.0000,1.0000,4.630,,,,,,,
92,Left,12,0.0000,0.0063,0.0602,0.5871,-0.1062,0.0784,0.7987,4.630,,,,,,,
92,Left,13,0.0000,0.0000,0.0429,0.7107,0.0049,0.0125,0.7034,4.630,,,,,,,
92,Left,14,0.0000,0.0000,0.0275,0.5722,0.0245,0.0917,0.8146,4.630,,,,,,,
92,Left,15,-0.0003,0.0011,0.0250,0.0000,0.0000,0.0000,1.0000,4.630,,,,,,,
92,Left,16,-0.0150,-0.0060,0.0348,0.0000,0.0000,0.0000,1.0000,4.630,,,,,,,
92,Left,17,-0.0025,-0.0005,0.0539,0.6162,-0.0740,0.1133,0.7759,4.630,,,,,,,
92,Left,18,0.0000,0.0000,0.0390,0.7149,0.0219,0.0415,0.6976,4.630,,,,,,,
92,Left,19,0.0000,0.0000,0.0266,0.6129,0.0260,0.0324,0.7891,4.630,,,,,,,
92,Left,20,-0.0003,0.0016,0.0243,0.0000,0.0000,0.0000,1.0000,4.630,,,,,,,
92,Left,21,-0.0230,-0.0094,0.0341,0.0183,-0.1403,0.2070,0.9681,4.630,,,,,,,
92,Left,22,0.0000,0.0000,0.0457,0.5881,-0.0410,-0.0560,0.8058,4.630,,,,,,,
92,Left,23,0.0000,0.0000,0.0307,0.6642,-0.0057,0.0872,0.7425,4.630,,,,,,,
92,Left,24,0.0000,0.0000,0.0203,0.6318,0.0377,-0.0027,0.7742,4.630,,,,,,,
92,Left,25,0.0002,0.0012,0.0219,0.0000,0.0000,0.0000,1.0000,4.630,,,,,,,
92,Right,0,-0.0030,-0.0048,0.0647,0.0000,0.0000,0.0000,1.0000,4.630,,,,,,,
92,Right,1,0.0000,0.0000,0.0000,0.0000,0.0000,0.0000,1.0000,4.630,0.0116,0.1092,0.0385,0.5974,-0.0453,-0.1478,0.7869
92,Right,2,-0.0314,-0.0138,0.0334,-0.1664,-0.3221,0.5122,0.7786,4.630,,,,,,,
92,Right,3,0.0000,0.0000,0.0325,0.2680,0.0453,-0.0807,0.9589,4.630,,,,,,,
92,Right,4,0.0000,0.0000,0.0338,0.1237,-0.0497,0.0788,0.9879,4.630,,,,,,,
92,Right,5,0.0007,0.0010,0.0246,0.0000,0.0000,0.0000,1.0000,4.630,,,,,,,
92,Right,6,-0.0204,-0.0084,0.0359,0.0000,0.0000,0.0000,1.0000,4.630,,,,,,,
92,Right,7,-0.0032,0.0010,0.0601,0.0102,0.0569,0.0319,0.9978,4.630,,,,,,,
92,Right,8,0.0000,0.0000,0.0379,0.0994,0.0046,-0.0262,0.9947,4.630,,,,,,,
92,Right,9,0.0000,0.0000,0.0243,0.0463,0.0252,-0.0167,0.9985,4.630,,,,,,,
92,Right,10,0.0003,0.0010,0.0224,0.0000,0.0000,0.0000,1.0000,4.630,,,,,,,
92,Right,11,-0.0042,-0.0071,0.0337,0.0000,0.0000,0.0000,1.0000,4.630,,,,,,,
92,Right,12,0.0025,0.0045,0.0619,0.1191,0.1013,-0.0160,0.9876,4.630,,,,,,,
92,Right,13,0.0000,0.0000,0.0429,0.0846,0.0034,-0.0117,0.9963,4.630,,,,,,,
92,Right,14,0.0000,0.0000,0.0275,-0.0054,0.0008,-0.0431,0.9991,4.630,,,,,,,
92,Right,15,0.0003,0.0011,0.0250,0.0000,0.0000,0.0000,1.0000,4.630,,,,,,,
92,Right,16,0.0150,-0.0060,0.0348,0.0000,0.0000,0.0000,1.0000,4.630,,,,,,,
92,Right,17,0.0025,-0.0005,0.0539,0.0984,0.1250,-0.0589,0.9855,4.630,,,,,,,
92,Right,18,0.0000,0.0000,0.0390,0.0860,0.0001,-0.0355,0.9957,4.630,,,,,,,
92,Right,19,0.0000,0.0000,0.0266,0.0344,-0.0294,-0.0063,0.9990,4.630,,,,,,,
92,Right,20,0.0003,0.0016,0.0243,0.0000,0.0000,0.0000,1.0000,4.630,,,,,,,
92,Right,21,0.0230,-0.0094,0.0341,0.0183,0.1403,-0.2070,0.9681,4.630,,,,,,,
92,Right,22,0.0000,0.0000,0.0457,-0.0376,0.0309,0.0957,0.9942,4.630,,,,,,,
92,Right,23,0.0000,0.0000,0.0307,0.1523,0.0360,-0.0517,0.9863,4.630,,,,,,,
92,Right,24,0.0000,0.0000,0.0203,0.0004,-0.0492,0.0007,0.9988,4.630,,,,,,,
92,Right,25,-0.0002,0.0012,0.0219,0.0000,0.0000,0.0000,1.0000,4.630,,,,,,,
93,Left,0,0.0018,-0.0057,0.0655,0.0000,0.0000,0.0000,1.0000,4.769,,,,,,,
93,Left,1,0.0000,0.0000,0.0000,0.0000,0.0000,0.0000,1.0000,4.769,-0.4064,0.4576,0.0003,-0.7097,0.5624,-0.2519,-0.3416
93,Left,2,0.0266,-0.0207,0.0366,-0.0147,0.3197,-0.6492,0.6900,4.769,,,,,,,
93,Left,3,0.0000,0.0000,0.0325,0.3093,-0.0410,0.0798,0.9467,4.769,,,,,,,
93,Left,4,0.0000,0.0000,0.0338,0.2464,0.0382,-0.0741,0.9656,4.769,,,,,,,
93,Left,5,-0.0007,0.0010,0.0246,0.0000,0.0000,0.0000,1.0000,4.769,,,,,,,
93,Left,6,0.0180,-0.0118,0.0375,0.0000,0.0000,0.0000,1.0000,4.769,,,,,,,
93,Left,7,0.0055,0.0045,0.0585,0.5039,-0.1153,0.0114,0.8559,4.769,,,,,,,
93,Left,8,0.0000,0.0000,0.0379,0.7389,0.0142,0.0212,0.6733,4.769,,,,,,,
93,Left,9,0.0000,0.0000,0.0243,0.5658,-0.0122,0.0163,0.8243,4.769,,,,,,,
93,Left,10,-0.0003,0.0010,0.0224,0.0000,0.0000,0.0000,1.0000,4.769,,,,,,,
93,Left,11,0.0018,-0.0088,0.0354,0.0000,0.0000,0.0000,1.0000,4.769,,,,,,,
93,Left,12,-0.0001,0.0062,0.0603,0.5901,-0.1069,0.0795,0.7963,4.769,,,,,,,
93,Left,13,0.0000,0.0000,0.0429,0.7132,0.0050,0.0125,0.7008,4.769,,,,,,,
93,Left,14,0.0000,0.0000,0.0276,0.5745,0.0246,0.0919,0.8129,4.769,,,,,,,
93,Left,15,-0.0003,0.0011,0.0250,0.0000,0.0000,0.0000,1.0000,4.769,,,,,,,
93,Left,16,-0.0150,-0.0060,0.0348,0.0000,0.0000,0.0000,1.0000,4.769,,,,,,,
93,Left,17,-0.0025,-0.0005,0.0539,0.6170,-0.0723,0.1123,0.7756,4.769,,,,,,,
93,Left,18,0.0000,0.0000,0.0390,0.7144,0.0219,0.0415,0.6982,4.769,,,,,,,
93,Left,19,0.0000,0.0000,0.0266,0.6158,0.0259,0.0325,0.7868,4.769,,,,,,,
93,Left,20,-0.0003,0.0016,0.0243,0.0000,0.0000,0.0000,1.0000,4.769,,,,,,,
93,Left,21,-0.0230,-0.0094,0.0341,0.0183,-0.1403,0.2070,0.9681,4.769,,,,,,,
93,Left,22,0.0000,0.0000,0.0457,0.5870,-0.0377,-0.0583,0.8066,4.769,,,,,,,
93,Left,23,0.0000,0.0000,0.0307,0.6657,-0.0057,0.0872,0.7411,4.769,,,,,,,
93,Left,24,0.0000,0.0000,0.0203,0.6338,0.0376,-0.0027,0.7726,4.769,,,,,,,
93,Left,25,0.0002,0.0012,0.0219,0.0000,0.0000,0.0000,1.0000,4.769,,,,,,,
93,Right,0,-0.0030,-0.0048,0.0647,0.0000,0.0000,0.0000,1.0000,4.769,,,,,,,
93,Right,1,0.0000,0.0000,0.0000,0.0000,0.0000,0.0000,1.0000,4.769,0.0087,0.1135,0.0451,0.5901,-0.0576,-0.1439,0.7923
93,Right,2,-0.0314,-0.0137,0.0333,-0.1677,-0.3208,0.5112,0.7795,4.769,,,,,,,
93,Right,3,0.0000,0.0000,0.0325,0.2659,0.0455,-0.0808,0.9595,4.769,,,,,,,
93,Right,4,0.0000,0.0000,0.0338,0.1335,-0.0488,0.0785,0.9867,4.769,,,,,,,
93,Right,5,0.0007,0.0010,0.0246,0.0000,0.0000,0.0000,1.0000,4.769,,,,,,,
93,Right,6,-0.0204,-0.0083,0.0359,0.0000,0.0000,0.0000,1.0000,4.769,,,,,,,
93,Right,7,-0.0031,0.0010,0.0601,0.0103,0.0589,0.0320,0.9977,4.769,,,,,,,
93,Right,8,0.0000,0.0000,0.0379,0.1031,0.0045,-0.0262,0.9943,4.769,,,,,,,
93,Right,9,0.0000,0.0000,0.0243,0.0470,0.0252,-0.0167,0.9984,4.769,,,,,,,
93,Right,10,0.0003,0.0010,0.0224,0.0000,0.0000,0.0000,1.0000,4.769,,,,,,,
93,Right,11,-0.0042,-0.0071,0.0337,0.0000,0.0000,0.0000,1.0000,4.769,,,,,,,
93,Right,12,0.0025,0.0045,0.0619,0.1182,0.1006,-0.0158,0.9878,4.769,,,,,,,
93,Right,13,0.0000,0.0000,0.0429,0.0846,0.0034,-0.0117,0.9963,4.769,,,,,,,
93,Right,14,0.0000,0.0000,0.0275,-0.0063,0.0008,-0.0430,0.9991,4.769,,,,,,,
93,Right,15,0.0003,0.0011,0.0250,0.0000,0.0000,0.0000,1.0000,4.769,,,,,,,
93,Right,16,0.0150,-0.0060,0.0348,0.0000,0.0000,0.0000,1.0000,4.769,,,,,,,
93,Right,17,0.0025,-0.0005,0.0539,0.0978,0.1245,-0.0588,0.9856,4.769,,,,,,,
93,Right,18,0.0000,0.0000,0.0390,0.0837,0.0001,-0.0355,0.9959,4.769,,,,,,,
93,Right,19,0.0000,0.0000,0.0266,0.0333,-0.0294,-0.0062,0.9990,4.769,,,,,,,
93,Right,20,0.0003,0.0016,0.0243,0.0000,0.0000,0.0000,1.0000,4.769,,,,,,,
93,Right,21,0.0230,-0.0094,0.0341,0.0183,0.1403,-0.2070,0.9681,4.769,,,,,,,
93,Right,22,0.0000,0.0000,0.0457,-0.0358,0.0320,0.0955,0.9943,4.769,,,,,,,
93,Right,23,0.0000,0.0000,0.0307,0.1515,0.0360,-0.0517,0.9864,4.769,,,,,,,
93,Right,24,0.0000,0.0000,0.0203,-0.0006,-0.0492,0.0007,0.9988,4.769,,,,,,,
93,Right,25,-0.0002,0.0012,0.0219,0.0000,0.0000,0.0000,1.0000,4.769,,,,,,,
94,Left,0,0.0018,-0.0057,0.0655,0.0000,0.0000,0.0000,1.0000,4.812,,,,,,,
94,Left,1,0.0000,0.0000,0.0000,0.0000,0.0000,0.0000,1.0000,4.812,-0.4076,0.4634,-0.0001,-0.7118,0.5547,-0.2542,-0.3478
94,Left,2,0.0267,-0.0206,0.0366,-0.0147,0.3206,-0.6488,0.6900,4.812,,,,,,,
94,Left,3,0.0000,0.0000,0.0325,0.3091,-0.0410,0.0798,0.9468,4.812,,,,,,,
94,Left,4,0.0000,0.0000,0.0338,0.2472,0.0381,-0.0741,0.9654,4.812,,,,,,,
94,Left,5,-0.0007,0.0010,0.0246,0.0000,0.0000,0.0000,1.0000,4.812,,,,,,,
94,Left,6,0.0180,-0.0118,0.0375,0.0000,0.0000,0.0000,1.0000,4.812,,,,,,,
94,Left,7,0.0055,0.0045,0.0585,0.5074,-0.1145,0.0114,0.8540,4.812,,,,,,,
94,Left,8,0.0000,0.0000,0.0379,0.7391,0.0143,0.0212,0.6731,4.812,,,,,,,
94,Left,9,0.0000,0.0000,0.0243,0.5672,-0.0121,0.0163,0.8233,4.812,,,,,,,
94,Left,10,-0.0003,0.0010,0.0224,0.0000,0.0000,0.0000,1.0000,4.812,,,,,,,
94,Left,11,0.0018,-0.0088,0.0354,0.0000,0.0000,0.0000,1.0000,4.812,,,,,,,
94,Left,12,-0.0001,0.0062,0.0603,0.5933,-0.1065,0.0798,0.7939,4.812,,,,,,,
94,Left,13,0.0000,0.0000,0.0429,0.7132,0.0050,0.0125,0.7008,4.812,,,,,,,
94,Left,14,0.0000,0.0000,0.0275,0.5751,0.0247,0.0919,0.8125,4.812,,,,,,,
94,Left,15,-0.0003,0.0011,0.0250,0.0000,0.0000,0.0000,1.0000,4.812,,,,,,,
94,Left,16,-0.0150,-0.0060,0.0348,0.0000,0.0000,0.0000,1.0000,4.812,,,,,,,
94,Left,17,-0.0025,-0.0005,0.0539,0.6176,-0.0717,0.1120,0.7751,4.812,,,,,,,
94,Left,18,0.0000,0.0000,0.0390,0.7145,0.0219,0.0415,0.6981,4.812,,,,,,,
94,Left,19,0.0000,0.0000,0.0266,0.6174,0.0259,0.0326,0.7856,4.812,,,,,,,
94,Left,20,-0.0003,0.0016,0.0243,0.0000,0.0000,0.0000,1.0000,4.812,,,,,,,
94,Left,21,-0.0230,-0.0094,0.0341,0.0183,-0.1403,0.2070,0.9681,4.812,,,,,,,
94,Left,22,0.0000,0.0000,0.0457,0.5867,-0.0366,-0.0592,0.8068,4.812,,,,,,,
94,Left,23,0.0000,0.0000,0.0307,0.6663,-0.0056,0.0873,0.7406,4.812,,,,,,,
94,Left,24,0.0000,0.0000,0.0203,0.6343,0.0376,-0.0027,0.7722,4.812,,,,,,,
94,Left,25,0.0002,0.0012,0.0219,0.0000,0.0000,0.0000,1.0000,4.812,,,,,,,
94,Right,0,-0.0030,-0.0048,0.0647,0.0000,0.0000,0.0000,1.0000,4.812,,,,,,,
94,Right,1,0.0000,0.0000,0.0000,0.0000,0.0000,0.0000,1.0000,4.812,0.0086,0.1126,0.0456,0.5875,-0.0676,-0.1374,0.7946
94,Right,2,-0.0314,-0.0138,0.0333,-0.1680,-0.3201,0.5112,0.7798,4.812,,,,,,,
94,Right,3,0.0000,0.0000,0.0325,0.2650,0.0456,-0.0808,0.9598,4.812,,,,,,,
94,Right,4,0.0000,0.0000,0.0338,0.1350,-0.0487,0.0785,0.9865,4.812,,,,,,,
94,Right,5,0.0007,0.0010,0.0246,0.0000,0.0000,0.0000,1.0000,4.812,,,,,,,
94,Right,6,-0.0204,-0.0083,0.0359,0.0000,0.0000,0.0000,1.0000,4.812,,,,,,,
94,Right,7,-0.0031,0.0010,0.0601,0.0114,0.0608,0.0320,0.9976,4.812,,,,,,,
94,Right,8,0.0000,0.0000,0.0379,0.1028,0.0045,-0.0262,0.9943,4.812,,,,,,,
94,Right,9,0.0000,0.0000,0.0243,0.0464,0.0252,-0.0167,0.9985,4.812,,,,,,,
94,Right,10,0.0003,0.0010,0.0224,0.0000,0.0000,0.0000,1.0000,4.812,,,,,,,
94,Right,11,-0.0042,-0.0071,0.0337,0.0000,0.0000,0.0000,1.0000,4.812,,,,,,,
94,Right,12,0.0025,0.0045,0.0619,0.1189,0.1000,-0.0158,0.9877,4.812,,,,,,,
94,Right,13,0.0000,0.0000,0.0429,0.0821,0.0034,-0.0117,0.9965,4.812,,,,,,,
94,Right,14,0.0000,0.0000,0.0275,-0.0077,0.0009,-0.0429,0.9991,4.812,,,,,,,
94,Right,15,0.0003,0.0011,0.0250,0.0000,0.0000,0.0000,1.0000,4.812,,,,,,,
94,Right,16,0.0150,-0.0060,0.0348,0.0000,0.0000,0.0000,1.0000,4.812,,,,,,,
94,Right,17,0.0025,-0.0005,0.0539,0.0976,0.1241,-0.0588,0.9857,4.812,,,,,,,
94,Right,18,0.0000,0.0000,0.0390,0.0823,0.0002,-0.0355,0.9960,4.812,,,,,,,
94,Right,19,0.0000,0.0000,0.0266,0.0323,-0.0294,-0.0062,0.9990,4.812,,,,,,,
94,Right,20,0.0003,0.0016,0.0243,0.0000,0.0000,0.0000,1.0000,4.812,,,,,,,
94,Right,21,0.0230,-0.0094,0.0341,0.0183,0.1403,-0.2070,0.9681,4.812,,,,,,,
94,Right,22,0.0000,0.0000,0.0457,-0.0371,0.0322,0.0956,0.9942,4.812,,,,,,,
94,Right,23,0.0000,0.0000,0.0307,0.1505,0.0361,-0.0516,0.9866,4.812,,,,,,,
94,Right,24,0.0000,0.0000,0.0203,-0.0011,-0.0492,0.0007,0.9988,4.812,,,,,,,
94,Right,25,-0.0002,0.0012,0.0219,0.0000,0.0000,0.0000,1.0000,4.812,,,,,,,
95,Left,0,0.0018,-0.0057,0.0655,0.0000,0.0000,0.0000,1.0000,4.881,,,,,,,
95,Left,1,0.0000,0.0000,0.0000,0.0000,0.0000,0.0000,1.0000,4.881,-0.4066,0.4685,0.0018,-0.7176,0.5427,-0.2459,-0.3607
95,Left,2,0.0267,-0.0206,0.0366,-0.0146,0.3212,-0.6485,0.6900,4.881,,,,,,,
95,Left,3,0.0000,0.0000,0.0325,0.3073,-0.0412,0.0798,0.9474,4.881,,,,,,,
95,Left,4,0.0000,0.0000,0.0338,0.2463,0.0382,-0.0741,0.9656,4.881,,,,,,,
95,Left,5,-0.0007,0.0010,0.0246,0.0000,0.0000,0.0000,1.0000,4.881,,,,,,,
95,Left,6,0.0181,-0.0118,0.0375,0.0000,0.0000,0.0000,1.0000,4.881,,,,,,,
95,Left,7,0.0055,0.0044,0.0585,0.5080,-0.1136,0.0109,0.8537,4.881,,,,,,,
95,Left,8,0.0000,0.0000,0.0379,0.7361,0.0142,0.0213,0.6764,4.881,,,,,,,
95,Left,9,0.0000,0.0000,0.0243,0.5685,-0.0121,0.0163,0.8225,4.881,,,,,,,
95,Left,10,-0.0003,0.0010,0.0224,0.0000,0.0000,0.0000,1.0000,4.881,,,,,,,
95,Left,11,0.0018,-0.0088,0.0353,0.0000,0.0000,0.0000,1.0000,4.881,,,,,,,
95,Left,12,-0.0001,0.0062,0.0603,0.5969,-0.1057,0.0800,0.7913,4.881,,,,,,,
95,Left,13,0.0000,0.0000,0.0429,0.7124,0.0050,0.0125,0.7017,4.881,,,,,,,
95,Left,14,0.0000,0.0000,0.0275,0.5759,0.0247,0.0920,0.8119,4.881,,,,,,,
95,Left,15,-0.0003,0.0011,0.0250,0.0000,0.0000,0.0000,1.0000,4.881,,,,,,,
95,Left,16,-0.0150,-0.0060,0.0348,0.0000,0.0000,0.0000,1.0000,4.881,,,,,,,
95,Left,17,-0.0025,-0.0005,0.0539,0.6185,-0.0706,0.1114,0.7747,4.881,,,,,,,
95,Left,18,0.0000,0.0000,0.0390,0.7144,0.0219,0.0415,0.6981,4.881,,,,,,,
95,Left,19,0.0000,0.0000,0.0266,0.6190,0.0259,0.0327,0.7843,4.881,,,,,,,
95,Left,20,-0.0003,0.0016,0.0243,0.0000,0.0000,0.0000,1.0000,4.881,,,,,,,
95,Left,21,-0.0230,-0.0094,0.0341,0.0183,-0.1403,0.2070,0.9681,4.881,,,,,,,
95,Left,22,0.0000,0.0000,0.0457,0.5853,-0.0343,-0.0608,0.8078,4.881,,,,,,,
95,Left,23,0.0000,0.0000,0.0307,0.6669,-0.0055,0.0873,0.7400,4.881,,,,,,,
95,Left,24,0.0000,0.0000,0.0203,0.6349,0.0375,-0.0028,0.7717,4.881,,,,,,,
95,Left,25,0.0002,0.0012,0.0219,0.0000,0.0000,0.0000,1.0000,4.881,,,,,,,
95,Right,0,-0.0029,-0.0048,0.0647,0.0000,0.0000,0.0000,1.0000,4.881,,,,,,,
95,Right,1,0.0000,0.0000,0.0000,0.0000,0.0000,0.0000,1.0000,4.881,0.0071,0.1116,0.0465,0.5859,-0.0677,-0.1387,0.7956
95,Right,2,-0.0313,-0.0140,0.0335,-0.1649,-0.3182,0.5154,0.7784,4.881,,,,,,,
95,Right,3,0.0000,0.0000,0.0325,0.2638,0.0457,-0.0808,0.9601,4.881,,,,,,,
95,Right,4,0.0000,0.0000,0.0338,0.1364,-0.0485,0.0784,0.9864,4.881,,,,,,,
95,Right,5,0.0007,0.0010,0.0246,0.0000,0.0000,0.0000,1.0000,4.881,,,,,,,
95,Right,6,-0.0204,-0.0085,0.0359,0.0000,0.0000,0.0000,1.0000,4.881,,,,,,,
95,Right,7,-0.0032,0.0011,0.0601,0.0138,0.0637,0.0321,0.9974,4.881,,,,,,,
95,Right,8,0.0000,0.0000,0.0379,0.1014,0.0045,-0.0262,0.9945,4.881,,,,,,,
95,Right,9,0.0000,0.0000,0.0243,0.0452,0.0253,-0.0167,0.9985,4.881,,,,,,,
95,Right,10,0.0003,0.0010,0.0224,0.0000,0.0000,0.0000,1.0000,4.881,,,,,,,
95,Right,11,-0.0041,-0.0071,0.0338,0.0000,0.0000,0.0000,1.0000,4.881,,,,,,,
95,Right,12,0.0024,0.0046,0.0619,0.1182,0.0996,-0.0158,0.9878,4.881,,,,,,,
95,Right,13,0.0000,0.0000,0.0429,0.0795,0.0034,-0.0117,0.9968,4.881,,,,,,,
95,Right,14,0.0000,0.0000,0.0275,-0.0091,0.0009,-0.0427,0.9990,4.881,,,,,,,
95,Right,15,0.0003,0.0011,0.0250,0.0000,0.0000,0.0000,1.0000,4.881,,,,,,,
95,Right,16,0.0150,-0.0060,0.0348,0.0000,0.0000,0.0000,1.0000,4.881,,,,,,,
95,Right,17,0.0025,-0.0005,0.0539,0.0956,0.1231,-0.0585,0.9860,4.881,,,,,,,
95,Right,18,0.0000,0.0000,0.0390,0.0804,0.0003,-0.0354,0.9961,4.881,,,,,,,
95,Right,19,0.0000,0.0000,0.0266,0.0312,-0.0294,-0.0061,0.9991,4.881,,,,,,,
95,Right,20,0.0003,0.0016,0.0243,0.0000,0.0000,0.0000,1.0000,4.881,,,,,,,
95,Right,21,0.0230,-0.0094,0.0341,0.0183,0.1403,-0.2070,0.9681,4.881,,,,,,,
95,Right,22,0.0000,0.0000,0.0457,-0.0390,0.0309,0.0958,0.9942,4.881,,,,,,,
95,Right,23,0.0000,0.0000,0.0307,0.1496,0.0361,-0.0515,0.9868,4.881,,,,,,,
95,Right,24,0.0000,0.0000,0.0203,-0.0021,-0.0492,0.0007,0.9988,4.881,,,,,,,
95,Right,25,-0.0002,0.0012,0.0219,0.0000,0.0000,0.0000,1.0000,4.881,,,,,,,
96,Left,0,0.0018,-0.0057,0.0655,0.0000,0.0000,0.0000,1.0000,4.914,,,,,,,
96,Left,1,0.0000,0.0000,0.0000,0.0000,0.0000,0.0000,1.0000,4.914,-0.4029,0.4722,0.0051,-0.7190,0.5378,-0.2357,-0.3718
96,Left,2,0.0267,-0.0206,0.0366,-0.0142,0.3209,-0.6489,0.6897,4.914,,,,,,,
96,Left,3,0.0000,0.0000,0.0325,0.3057,-0.0414,0.0799,0.9479,4.914,,,,,,,
96,Left,4,0.0000,0.0000,0.0338,0.2455,0.0383,-0.0741,0.9658,4.914,,,,,,,
96,Left,5,-0.0007,0.0010,0.0246,0.0000,0.0000,0.0000,1.0000,4.914,,,,,,,
96,Left,6,0.0180,-0.0118,0.0375,0.0000,0.0000,0.0000,1.0000,4.914,,,,,,,
96,Left,7,0.0055,0.0045,0.0585,0.5088,-0.1139,0.0112,0.8532,4.914,,,,,,,
96,Left,8,0.0000,0.0000,0.0379,0.7356,0.0141,0.0213,0.6769,4.914,,,,,,,
96,Left,9,0.0000,0.0000,0.0243,0.5690,-0.0120,0.0163,0.8221,4.914,,,,,,,
96,Left,10,-0.0003,0.0010,0.0224,0.0000,0.0000,0.0000,1.0000,4.914,,,,,,,
96,Left,11,0.0018,-0.0088,0.0353,0.0000,0.0000,0.0000,1.0000,4.914,,,,,,,
96,Left,12,-0.0001,0.0062,0.0603,0.5973,-0.1057,0.0801,0.7910,4.914,,,,,,,
96,Left,13,0.0000,0.0000,0.0429,0.7114,0.0049,0.0125,0.7027,4.914,,,,,,,
96,Left,14,0.0000,0.0000,0.0276,0.5762,0.0247,0.0920,0.8117,4.914,,,,,,,
96,Left,15,-0.0003,0.0011,0.0250,0.0000,0.0000,0.0000,1.0000,4.914,,,,,,,
96,Left,16,-0.0150,-0.0060,0.0348,0.0000,0.0000,0.0000,1.0000,4.914,,,,,,,
96,Left,17,-0.0025,-0.0005,0.0539,0.6190,-0.0702,0.1112,0.7743,4.914,,,,,,,
96,Left,18,0.0000,0.0000,0.0390,0.7142,0.0218,0.0415,0.6984,4.914,,,,,,,
96,Left,19,0.0000,0.0000,0.0266,0.6196,0.0259,0.0327,0.7838,4.914,,,,,,,
96,Left,20,-0.0003,0.0016,0.0243,0.0000,0.0000,0.0000,1.0000,4.914,,,,,,,
96,Left,21,-0.0230,-0.0094,0.0341,0.0183,-0.1403,0.2070,0.9681,4.914,,,,,,,
96,Left,22,0.0000,0.0000,0.0457,0.5848,-0.0332,-0.0615,0.8082,4.914,,,,,,,
96,Left,23,0.0000,0.0000,0.0307,0.6676,-0.0055,0.0874,0.7394,4.914,,,,,,,
96,Left,24,0.0000,0.0000,0.0203,0.6352,0.0375,-0.0028,0.7714,4.914,,,,,,,
96,Left,25,0.0002,0.0012,0.0219,0.0000,0.0000,0.0000,1.0000,4.914,,,,,,,
96,Right,0,-0.0029,-0.0049,0.0647,0.0000,0.0000,0.0000,1.0000,4.914,,,,,,,
96,Right,1,0.0000,0.0000,0.0000,0.0000,0.0000,0.0000,1.0000,4.914,0.0067,0.1114,0.0463,0.5805,-0.0699,-0.1403,0.7990
96,Right,2,-0.0312,-0.0141,0.0335,-0.1634,-0.3168,0.5177,0.7778,4.914,,,,,,,
96,Right,3,0.0000,0.0000,0.0325,0.2632,0.0458,-0.0808,0.9603,4.914,,,,,,,
96,Right,4,0.0000,0.0000,0.0338,0.1367,-0.0485,0.0784,0.9863,4.914,,,,,,,
96,Right,5,0.0007,0.0010,0.0246,0.0000,0.0000,0.0000,1.0000,4.914,,,,,,,
96,Right,6,-0.0203,-0.0085,0.0360,0.0000,0.0000,0.0000,1.0000,4.914,,,,,,,
96,Right,7,-0.0032,0.0012,0.0600,0.0161,0.0641,0.0320,0.9973,4.914,,,,,,,
96,Right,8,0.0000,0.0000,0.0379,0.1010,0.0046,-0.0262,0.9945,4.914,,,,,,,
96,Right,9,0.0000,0.0000,0.0243,0.0448,0.0253,-0.0167,0.9985,4.914,,,,,,,
96,Right,10,0.0003,0.0010,0.0224,0.0000,0.0000,0.0000,1.0000,4.914,,,,,,,
96,Right,11,-0.0041,-0.0072,0.0338,0.0000,0.0000,0.0000,1.0000,4.914,,,,,,,
96,Right,12,0.0024,0.0046,0.0618,0.1177,0.0992,-0.0157,0.9880,4.914,,,,,,,
96,Right,13,0.0000,0.0000,0.0429,0.0791,0.0035,-0.0117,0.9968,4.914,,,,,,,
96,Right,14,0.0000,0.0000,0.0275,-0.0095,0.0010,-0.0427,0.9990,4.914,,,,,,,
96,Right,15,0.0003,0.0011,0.0250,0.0000,0.0000,0.0000,1.0000,4.914,,,,,,,
96,Right,16,0.0150,-0.0060,0.0348,0.0000,0.0000,0.0000,1.0000,4.914,,,,,,,
96,Right,17,0.0025,-0.0005,0.0539,0.0944,0.1229,-0.0583,0.9862,4.914,,,,,,,
96,Right,18,0.0000,0.0000,0.0390,0.0803,0.0003,-0.0354,0.9961,4.914,,,,,,,
96,Right,19,0.0000,0.0000,0.0266,0.0309,-0.0294,-0.0061,0.9991,4.914,,,,,,,
96,Right,20,0.0003,0.0016,0.0243,0.0000,0.0000,0.0000,1.0000,4.914,,,,,,,
96,Right,21,0.0230,-0.0094,0.0341,0.0183,0.1403,-0.2070,0.9681,4.914,,,,,,,
96,Right,22,0.0000,0.0000,0.0457,-0.0401,0.0308,0.0959,0.9941,4.914,,,,,,,
96,Right,23,0.0000,0.0000,0.0307,0.1492,0.0361,-0.0514,0.9868,4.914,,,,,,,
96,Right,24,0.0000,0.0000,0.0203,-0.0025,-0.0492,0.0007,0.9988,4.914,,,,,,,
96,Right,25,-0.0002,0.0012,0.0219,0.0000,0.0000,0.0000,1.0000,4.914,,,,,,,
97,Left,0,0.0016,-0.0057,0.0656,0.0000,0.0000,0.0000,1.0000,5.103,,,,,,,
97,Left,1,0.0000,0.0000,0.0000,0.0000,0.0000,0.0000,1.0000,5.103,-0.4041,0.4738,0.0081,-0.7396,0.5549,-0.1476,-0.3511
97,Left,2,0.0261,-0.0212,0.0369,0.0047,0.3244,-0.6597,0.6779,5.103,,,,,,,
97,Left,3,0.0000,0.0000,0.0325,0.3076,-0.0411,0.0799,0.9473,5.103,,,,,,,
97,Left,4,0.0000,0.0000,0.0338,0.2497,0.0378,-0.0740,0.9648,5.103,,,,,,,
97,Left,5,-0.0007,0.0010,0.0246,0.0000,0.0000,0.0000,1.0000,5.103,,,,,,,
97,Left,6,0.0178,-0.0120,0.0376,0.0000,0.0000,0.0000,1.0000,5.103,,,,,,,
97,Left,7,0.0058,0.0047,0.0584,0.5138,-0.1149,0.0124,0.8501,5.103,,,,,,,
97,Left,8,0.0000,0.0000,0.0379,0.7340,0.0141,0.0213,0.6787,5.103,,,,,,,
97,Left,9,0.0000,0.0000,0.0243,0.5714,-0.0120,0.0163,0.8204,5.103,,,,,,,
97,Left,10,-0.0003,0.0010,0.0224,0.0000,0.0000,0.0000,1.0000,5.103,,,,,,,
97,Left,11,0.0015,-0.0089,0.0355,0.0000,0.0000,0.0000,1.0000,5.103,,,,,,,
97,Left,12,0.0002,0.0064,0.0602,0.6063,-0.1053,0.0817,0.7840,5.103,,,,,,,
97,Left,13,0.0000,0.0000,0.0429,0.7083,0.0049,0.0125,0.7058,5.103,,,,,,,
97,Left,14,0.0000,0.0000,0.0276,0.5777,0.0248,0.0921,0.8106,5.103,,,,,,,
97,Left,15,-0.0003,0.0011,0.0250,0.0000,0.0000,0.0000,1.0000,5.103,,,,,,,
97,Left,16,-0.0150,-0.0060,0.0348,0.0000,0.0000,0.0000,1.0000,5.103,,,,,,,
97,Left,17,-0.0025,-0.0005,0.0539,0.6194,-0.0708,0.1116,0.7738,5.103,,,,,,,
97,Left,18,0.0000,0.0000,0.0390,0.7118,0.0218,0.0415,0.7008,5.103,,,,,,,
97,Left,19,0.0000,0.0000,0.0266,0.6213,0.0258,0.0328,0.7825,5.103,,,,,,,
97,Left,20,-0.0003,0.0016,0.0243,0.0000,0.0000,0.0000,1.0000,5.103,,,,,,,
97,Left,21,-0.0230,-0.0094,0.0341,0.0183,-0.1403,0.2070,0.9681,5.103,,,,,,,
97,Left,22,0.0000,0.0000,0.0457,0.5753,-0.0316,-0.0627,0.8149,5.103,,,,,,,
97,Left,23,0.0000,0.0000,0.0307,0.6688,-0.0054,0.0874,0.7382,5.103,,,,,,,
97,Left,24,0.0000,0.0000,0.0203,0.6365,0.0375,-0.0028,0.7703,5.103,,,,,,,
97,Left,25,0.0002,0.0012,0.0219,0.0000,0.0000,0.0000,1.0000,5.103,,,,,,,
97,Right,0,-0.0028,-0.0050,0.0648,0.0000,0.0000,0.0000,1.0000,5.103,,,,,,,
97,Right,1,0.0000,0.0000,0.0000,0.0000,0.0000,0.0000,1.0000,5.103,0.0012,0.1064,0.0480,0.5703,-0.0702,-0.1387,0.8066
97,Right,2,-0.0308,-0.0151,0.0340,-0.1482,-0.3112,0.5367,0.7702,5.103,,,,,,,
97,Right,3,0.0000,0.0000,0.0325,0.2612,0.0460,-0.0809,0.9608,5.103,,,,,,,
97,Right,4,0.0000,0.0000,0.0338,0.1173,-0.0502,0.0790,0.9887,5.103,,,,,,,
97,Right,5,0.0007,0.0010,0.0246,0.0000,0.0000,0.0000,1.0000,5.103,,,,,,,
97,Right,6,-0.0201,-0.0090,0.0362,0.0000,0.0000,0.0000,1.0000,5.103,,,,,,,
97,Right,7,-0.0035,0.0017,0.0598,0.0278,0.0655,0.0317,0.9970,5.103,,,,,,,
97,Right,8,0.0000,0.0000,0.0379,0.0979,0.0046,-0.0262,0.9948,5.103,,,,,,,
97,Right,9,0.0000,0.0000,0.0243,0.0392,0.0254,-0.0166,0.9988,5.103,,,,,,,
97,Right,10,0.0003,0.0010,0.0224,0.0000,0.0000,0.0000,1.0000,5.103,,,,,,,
97,Right,11,-0.0039,-0.0074,0.0340,0.0000,0.0000,0.0000,1.0000,5.103,,,,,,,
97,Right,12,0.0022,0.0049,0.0616,0.1148,0.1015,-0.0156,0.9881,5.103,,,,,,,
97,Right,13,0.0000,0.0000,0.0429,0.0782,0.0035,-0.0117,0.9969,5.103,,,,,,,
97,Right,14,0.0000,0.0000,0.0275,-0.0136,0.0011,-0.0423,0.9990,5.103,,,,,,,
97,Right,15,0.0003,0.0011,0.0250,0.0000,0.0000,0.0000,1.0000,5.103,,,,,,,
97,Right,16,0.0150,-0.0060,0.0348,0.0000,0.0000,0.0000,1.0000,5.103,,,,,,,
97,Right,17,0.0025,-0.0005,0.0539,0.0889,0.1268,-0.0578,0.9862,5.103,,,,,,,
97,Right,18,0.0000,0.0000,0.0390,0.0824,0.0002,-0.0355,0.9960,5.103,,,,,,,
97,Right,19,0.0000,0.0000,0.0266,0.0285,-0.0294,-0.0060,0.9991,5.103,,,,,,,
97,Right,20,0.0003,0.0016,0.0243,0.0000,0.0000,0.0000,1.0000,5.103,,,,,,,
97,Right,21,0.0230,-0.0094,0.0341,0.0183,0.1403,-0.2070,0.9681,5.103,,,,,,,
97,Right,22,0.0000,0.0000,0.0457,-0.0441,0.0352,0.0964,0.9937,5.103,,,,,,,
97,Right,23,0.0000,0.0000,0.0307,0.1496,0.0361,-0.0515,0.9867,5.103,,,,,,,
97,Right,24,0.0000,0.0000,0.0203,-0.0046,-0.0492,0.0007,0.9988,5.103,,,,,,,
97,Right,25,-0.0002,0.0012,0.0219,0.0000,0.0000,0.0000,1.0000,5.103,,,,,,,
98,Left,0,0.0016,-0.0057,0.0656,0.0000,0.0000,0.0000,1.0000,5.197,,,,,,,
98,Left,1,0.0000,0.0000,0.0000,0.0000,0.0000,0.0000,1.0000,5.197,-0.4052,0.4735,0.0098,-0.7441,0.5634,-0.1236,-0.3372
98,Left,2,0.0261,-0.0211,0.0368,0.0011,0.3218,-0.6588,0.6801,5.197,,,,,,,
98,Left,3,0.0000,0.0000,0.0325,0.3120,-0.0407,0.0797,0.9458,5.197,,,,,,,
98,Left,4,0.0000,0.0000,0.0338,0.2535,0.0375,-0.0738,0.9638,5.197,,,,,,,
98,Left,5,-0.0007,0.0010,0.0246,0.0000,0.0000,0.0000,1.0000,5.197,,,,,,,
98,Left,6,0.0178,-0.0120,0.0376,0.0000,0.0000,0.0000,1.0000,5.197,,,,,,,
98,Left,7,0.0058,0.0047,0.0584,0.5183,-0.1153,0.0131,0.8473,5.197,,,,,,,
98,Left,8,0.0000,0.0000,0.0379,0.7338,0.0141,0.0213,0.6789,5.197,,,,,,,
98,Left,9,0.0000,0.0000,0.0243,0.5714,-0.0120,0.0163,0.8204,5.197,,,,,,,
98,Left,10,-0.0003,0.0010,0.0224,0.0000,0.0000,0.0000,1.0000,5.197,,,,,,,
98,Left,11,0.0016,-0.0089,0.0355,0.0000,0.0000,0.0000,1.0000,5.197,,,,,,,
98,Left,12,0.0002,0.0064,0.0602,0.6141,-0.1035,0.0820,0.7781,5.197,,,,,,,
98,Left,13,0.0000,0.0000,0.0429,0.7038,0.0048,0.0125,0.7103,5.197,,,,,,,
98,Left,14,0.0000,0.0000,0.0275,0.5783,0.0248,0.0922,0.8103,5.197,,,,,,,
98,Left,15,-0.0003,0.0011,0.0250,0.0000,0.0000,0.0000,1.0000,5.197,,,,,,,
98,Left,16,-0.0150,-0.0060,0.0348,0.0000,0.0000,0.0000,1.0000,5.197,,,,,,,
98,Left,17,-0.0025,-0.0005,0.0539,0.6246,-0.0700,0.1121,0.7697,5.197,,,,,,,
98,Left,18,0.0000,0.0000,0.0390,0.7108,0.0217,0.0415,0.7019,5.197,,,,,,,
98,Left,19,0.0000,0.0000,0.0266,0.6201,0.0259,0.0327,0.7834,5.197,,,,,,,
98,Left,20,-0.0003,0.0016,0.0243,0.0000,0.0000,0.0000,1.0000,5.197,,,,,,,
98,Left,21,-0.0230,-0.0094,0.0341,0.0183,-0.1403,0.2070,0.9681,5.197,,,,,,,
98,Left,22,0.0000,0.0000,0.0457,0.5855,-0.0319,-0.0625,0.8076,5.197,,,,,,,
98,Left,23,0.0000,0.0000,0.0307,0.6693,-0.0053,0.0875,0.7378,5.197,,,,,,,
98,Left,24,0.0000,0.0000,0.0203,0.6370,0.0374,-0.0028,0.7700,5.197,,,,,,,
98,Left,25,0.0002,0.0012,0.0219,0.0000,0.0000,0.0000,1.0000,5.197,,,,,,,
98,Right,0,-0.0028,-0.0050,0.0649,0.0000,0.0000,0.0000,1.0000,5.197,,,,,,,
98,Right,1,0.0000,0.0000,0.0000,0.0000,0.0000,0.0000,1.0000,5.197,-0.0004,0.1035,0.0505,0.5767,-0.0733,-0.1281,0.8035
98,Right,2,-0.0307,-0.0153,0.0341,-0.1469,-0.3094,0.5388,0.7697,5.197,,,,,,,
98,Right,3,0.0000,0.0000,0.0325,0.2618,0.0459,-0.0809,0.9606,5.197,,,,,,,
98,Right,4,0.0000,0.0000,0.0338,0.1158,-0.0504,0.0791,0.9888,5.197,,,,,,,
98,Right,5,0.0007,0.0010,0.0246,0.0000,0.0000,0.0000,1.0000,5.197,,,,,,,
98,Right,6,-0.0200,-0.0091,0.0363,0.0000,0.0000,0.0000,1.0000,5.197,,,,,,,
98,Right,7,-0.0035,0.0018,0.0597,0.0290,0.0666,0.0316,0.9969,5.197,,,,,,,
98,Right,8,0.0000,0.0000,0.0379,0.0964,0.0047,-0.0262,0.9950,5.197,,,,,,,
98,Right,9,0.0000,0.0000,0.0243,0.0370,0.0254,-0.0166,0.9989,5.197,,,,,,,
98,Right,10,0.0003,0.0010,0.0224,0.0000,0.0000,0.0000,1.0000,5.197,,,,,,,
98,Right,11,-0.0038,-0.0074,0.0341,0.0000,0.0000,0.0000,1.0000,5.197,,,,,,,
98,Right,12,0.0021,0.0049,0.0616,0.1121,0.1027,-0.0153,0.9883,5.197,,,,,,,
98,Right,13,0.0000,0.0000,0.0429,0.0773,0.0035,-0.0117,0.9969,5.197,,,,,,,
98,Right,14,0.0000,0.0000,0.0275,-0.0149,0.0012,-0.0421,0.9990,5.197,,,,,,,
98,Right,15,0.0003,0.0011,0.0250,0.0000,0.0000,0.0000,1.0000,5.197,,,,,,,
98,Right,16,0.0150,-0.0060,0.0348,0.0000,0.0000,0.0000,1.0000,5.197,,,,,,,
98,Right,17,0.0025,-0.0005,0.0539,0.0850,0.1278,-0.0574,0.9865,5.197,,,,,,,
98,Right,18,0.0000,0.0000,0.0390,0.0830,0.0002,-0.0355,0.9959,5.197,,,,,,,
98,Right,19,0.0000,0.0000,0.0266,0.0277,-0.0294,-0.0059,0.9992,5.197,,,,,,,
98,Right,20,0.0003,0.0016,0.0243,0.0000,0.0000,0.0000,1.0000,5.197,,,,,,,
98,Right,21,0.0230,-0.0094,0.0341,0.0183,0.1403,-0.2070,0.9681,5.197,,,,,,,
98,Right,22,0.0000,0.0000,0.0457,-0.0461,0.0347,0.0966,0.9937,5.197,,,,,,,
98,Right,23,0.0000,0.0000,0.0307,0.1507,0.0361,-0.0516,0.9866,5.197,,,,,,,
98,Right,24,0.0000,0.0000,0.0203,-0.0044,-0.0492,0.0007,0.9988,5.197,,,,,,,
98,Right,25,-0.0002,0.0012,0.0219,0.0000,0.0000,0.0000,1.0000,5.197,,,,,,,
99,Left,0,0.0017,-0.0057,0.0655,0.0000,0.0000,0.0000,1.0000,5.335,,,,,,,
99,Left,1,0.0000,0.0000,0.0000,0.0000,0.0000,0.0000,1.0000,5.335,-0.4068,0.4752,0.0076,-0.7219,0.6262,-0.0727,-0.2854
99,Left,2,0.0262,-0.0210,0.0368,-0.0260,0.2950,-0.6542,0.6959,5.335,,,,,,,
99,Left,3,0.0000,0.0000,0.0325,0.3179,-0.0401,0.0796,0.9439,5.335,,,,,,,
99,Left,4,0.0000,0.0000,0.0338,0.2549,0.0373,-0.0737,0.9634,5.335,,,,,,,
99,Left,5,-0.0007,0.0010,0.0246,0.0000,0.0000,0.0000,1.0000,5.335,,,,,,,
99,Left,6,0.0178,-0.0120,0.0376,0.0000,0.0000,0.0000,1.0000,5.335,,,,,,,
99,Left,7,0.0057,0.0047,0.0584,0.5297,-0.1121,0.0127,0.8407,5.335,,,,,,,
99,Left,8,0.0000,0.0000,0.0379,0.7345,0.0141,0.0213,0.6781,5.335,,,,,,,
99,Left,9,0.0000,0.0000,0.0243,0.5705,-0.0120,0.0163,0.8210,5.335,,,,,,,
99,Left,10,-0.0003,0.0010,0.0224,0.0000,0.0000,0.0000,1.0000,5.335,,,,,,,
99,Left,11,0.0016,-0.0089,0.0354,0.0000,0.0000,0.0000,1.0000,5.335,,,,,,,
99,Left,12,0.0001,0.0063,0.0602,0.6151,-0.1013,0.0806,0.7778,5.335,,,,,,,
99,Left,13,0.0000,0.0000,0.0429,0.7023,0.0048,0.0125,0.7117,5.335,,,,,,,
99,Left,14,0.0000,0.0000,0.0275,0.5785,0.0248,0.0922,0.8101,5.335,,,,,,,
99,Left,15,-0.0003,0.0011,0.0250,0.0000,0.0000,0.0000,1.0000,5.335,,,,,,,
99,Left,16,-0.0150,-0.0060,0.0348,0.0000,0.0000,0.0000,1.0000,5.335,,,,,,,
99,Left,17,-0.0025,-0.0005,0.0539,0.6243,-0.0688,0.1112,0.7702,5.335,,,,,,,
99,Left,18,0.0000,0.0000,0.0390,0.7084,0.0216,0.0415,0.7043,5.335,,,,,,,
99,Left,19,0.0000,0.0000,0.0266,0.6184,0.0259,0.0327,0.7847,5.335,,,,,,,
99,Left,20,-0.0003,0.0016,0.0243,0.0000,0.0000,0.0000,1.0000,5.335,,,,,,,
99,Left,21,-0.0230,-0.0094,0.0341,0.0183,-0.1403,0.2070,0.9681,5.335,,,,,,,
99,Left,22,0.0000,0.0000,0.0457,0.5841,-0.0308,-0.0632,0.8086,5.335,,,,,,,
99,Left,23,0.0000,0.0000,0.0307,0.6697,-0.0053,0.0875,0.7375,5.335,,,,,,,
99,Left,24,0.0000,0.0000,0.0203,0.6265,0.0379,-0.0027,0.7785,5.335,,,,,,,
99,Left,25,0.0002,0.0012,0.0219,0.0000,0.0000,0.0000,1.0000,5.335,,,,,,,
99,Right,0,-0.0028,-0.0050,0.0649,0.0000,0.0000,0.0000,1.0000,5.335,,,,,,,
99,Right,1,0.0000,0.0000,0.0000,0.0000,0.0000,0.0000,1.0000,5.335,-0.0029,0.0993,0.0515,0.5853,-0.0734,-0.1112,0.7998
99,Right,2,-0.0306,-0.0155,0.0342,-0.1447,-0.3073,0.5420,0.7687,5.335,,,,,,,
99,Right,3,0.0000,0.0000,0.0325,0.2639,0.0457,-0.0808,0.9601,5.335,,,,,,,
99,Right,4,0.0000,0.0000,0.0338,0.1167,-0.0503,0.0791,0.9887,5.335,,,,,,,
99,Right,5,0.0007,0.0010,0.0246,0.0000,0.0000,0.0000,1.0000,5.335,,,,,,,
99,Right,6,-0.0200,-0.0092,0.0363,0.0000,0.0000,0.0000,1.0000,5.335,,,,,,,
99,Right,7,-0.0036,0.0019,0.0597,0.0306,0.0669,0.0316,0.9968,5.335,,,,,,,
99,Right,8,0.0000,0.0000,0.0379,0.0919,0.0048,-0.0262,0.9954,5.335,,,,,,,
99,Right,9,0.0000,0.0000,0.0243,0.0357,0.0254,-0.0166,0.9989,5.335,,,,,,,
99,Right,10,0.0003,0.0010,0.0224,0.0000,0.0000,0.0000,1.0000,5.335,,,,,,,
99,Right,11,-0.0038,-0.0075,0.0341,0.0000,0.0000,0.0000,1.0000,5.335,,,,,,,
99,Right,12,0.0021,0.0049,0.0615,0.1084,0.1026,-0.0150,0.9887,5.335,,,,,,,
99,Right,13,0.0000,0.0000,0.0429,0.0734,0.0035,-0.0117,0.9972,5.335,,,,,,,
99,Right,14,0.0000,0.0000,0.0275,-0.0161,0.0013,-0.0420,0.9990,5.335,,,,,,,
99,Right,15,0.0003,0.0011,0.0250,0.0000,0.0000,0.0000,1.0000,5.335,,,,,,,
99,Right,16,0.0150,-0.0060,0.0348,0.0000,0.0000,0.0000,1.0000,5.335,,,,,,,
99,Right,17,0.0025,-0.0005,0.0539,0.0786,0.1263,-0.0566,0.9873,5.335,,,,,,,
99,Right,18,0.0000,0.0000,0.0390,0.0808,0.0003,-0.0354,0.9961,5.335,,,,,,,
99,Right,19,0.0000,0.0000,0.0266,0.0263,-0.0294,-0.0059,0.9992,5.335,,,,,,,
99,Right,20,0.0003,0.0016,0.0243,0.0000,0.0000,0.0000,1.0000,5.335,,,,,,,
99,Right,21,0.0230,-0.0094,0.0341,0.0183,0.1403,-0.2070,0.9681,5.335,,,,,,,
99,Right,22,0.0000,0.0000,0.0457,-0.0513,0.0305,0.0968,0.9935,5.335,,,,,,,
99,Right,23,0.0000,0.0000,0.0307,0.1488,0.0362,-0.0514,0.9869,5.335,,,,,,,
99,Right,24,0.0000,0.0000,0.0203,-0.0038,-0.0492,0.0007,0.9988,5.335,,,,,,,
99,Right,25,-0.0002,0.0012,0.0219,0.0000,0.0000,0.0000,1.0000,5.335,,,,,,,
