FrameIndex,HandType,JointID,LocalPosX,LocalPosY,LocalPosZ,LocalRotX,LocalRotY,LocalRotZ,LocalRotW,Timestamp,WorldPosX,WorldPosY,WorldPosZ,WorldRotX,WorldRotY,WorldRotZ,WorldRotW
0,Left,0,0.0015,-0.0058,0.0656,0.0000,0.0000,0.0000,1.0000,0.000,,,,,,,
0,Left,1,0.0000,0.0000,0.0000,0.0000,0.0000,0.0000,1.0000,0.000,-0.5969,0.0997,0.0550,-0.6823,0.3601,-0.1629,-0.6150
0,Left,2,0.0256,-0.0216,0.0370,-0.0080,0.2976,-0.6655,0.6844,0.000,,,,,,,
0,Left,3,0.0000,0.0000,0.0325,0.2863,-0.0434,0.0803,0.9538,0.000,,,,,,,
0,Left,4,0.0000,0.0000,0.0338,0.1515,0.0471,-0.0779,0.9843,0.000,,,,,,,
0,Left,5,-0.0007,0.0010,0.0246,0.0000,0.0000,0.0000,1.0000,0.000,,,,,,,
0,Left,6,0.0175,-0.0122,0.0377,0.0000,0.0000,0.0000,1.0000,0.000,,,,,,,
0,Left,7,0.0060,0.0049,0.0583,0.4665,-0.0821,-0.0087,0.8807,0.000,,,,,,,
0,Left,8,0.0000,0.0000,0.0379,0.7195,0.0136,0.0217,0.6940,0.000,,,,,,,
0,Left,9,0.0000,0.0000,0.0243,0.4721,-0.0152,0.0168,0.8813,0.000,,,,,,,
0,Left,10,-0.0003,0.0010,0.0224,0.0000,0.0000,0.0000,1.0000,0.000,,,,,,,
0,Left,11,0.0013,-0.0090,0.0356,0.0000,0.0000,0.0000,1.0000,0.000,,,,,,,
0,Left,12,0.0004,0.0065,0.0601,0.5585,-0.0781,0.0554,0.8240,0.000,,,,,,,
0,Left,13,0.0000,0.0000,0.0429,0.6691,0.0043,0.0127,0.7430,0.000,,,,,,,
0,Left,14,0.0000,0.0000,0.0276,0.5011,0.0214,0.0868,0.8608,0.000,,,,,,,
0,Left,15,-0.0003,0.0011,0.0250,0.0000,0.0000,0.0000,1.0000,0.000,,,,,,,
0,Left,16,-0.0150,-0.0060,0.0348,0.0000,0.0000,0.0000,1.0000,0.000,,,,,,,
0,Left,17,-0.0025,-0.0005,0.0539,0.5854,-0.0773,0.1098,0.7995,0.000,,,,,,,
0,Left,18,0.0000,0.0000,0.0390,0.6707,0.0203,0.0418,0.7403,0.000,,,,,,,
0,Left,19,0.0000,0.0000,0.0266,0.5191,0.0274,0.0283,0.8538,0.000,,,,,,,
0,Left,20,-0.0003,0.0016,0.0243,0.0000,0.0000,0.0000,1.0000,0.000,,,,,,,
0,Left,21,-0.0230,-0.0094,0.0341,0.0183,-0.1403,0.2070,0.9680,0.000,,,,,,,
0,Left,22,0.0000,0.0000,0.0457,0.5463,-0.0648,-0.0419,0.8340,0.000,,,,,,,
0,Left,23,0.0000,0.0000,0.0307,0.6448,-0.0072,0.0861,0.7595,0.000,,,,,,,
0,Left,24,0.0000,0.0000,0.0203,0.5683,0.0400,-0.0026,0.8218,0.000,,,,,,,
0,Left,25,0.0002,0.0012,0.0219,0.0000,0.0000,0.0000,1.0000,0.000,,,,,,,
0,Right,0,-0.0030,-0.0048,0.0647,0.0000,0.0000,0.0000,1.0000,0.000,,,,,,,
0,Right,1,0.0000,0.0000,0.0000,0.0000,0.0000,0.0000,1.0000,0.000,-0.0360,0.0290,0.0321,0.6150,-0.0877,-0.0619,0.7812
0,Right,2,-0.0314,-0.0138,0.0334,-0.1768,-0.3036,0.5077,0.7866,0.000,,,,,,,
0,Right,3,0.0000,0.0000,0.0325,0.2860,0.0434,-0.0803,0.9539,0.000,,,,,,,
0,Right,4,0.0000,0.0000,0.0338,0.1082,-0.0511,0.0793,0.9896,0.000,,,,,,,
0,Right,5,0.0007,0.0010,0.0246,0.0000,0.0000,0.0000,1.0000,0.000,,,,,,,
0,Right,6,-0.0204,-0.0084,0.0359,0.0000,0.0000,0.0000,1.0000,0.000,,,,,,,
0,Right,7,-0.0032,0.0011,0.0601,-0.0039,0.0559,0.0323,0.9979,0.000,,,,,,,
0,Right,8,0.0000,0.0000,0.0379,0.1010,0.0046,-0.0262,0.9945,0.000,,,,,,,
0,Right,9,0.0000,0.0000,0.0243,0.0453,0.0253,-0.0167,0.9985,0.000,,,,,,,
0,Right,10,0.0003,0.0010,0.0224,0.0000,0.0000,0.0000,1.0000,0.000,,,,,,,
0,Right,11,-0.0042,-0.0071,0.0337,0.0000,0.0000,0.0000,1.0000,0.000,,,,,,,
0,Right,12,0.0025,0.0045,0.0619,0.0918,0.1066,-0.0135,0.9900,0.000,,,,,,,
0,Right,13,0.0000,0.0000,0.0429,0.0731,0.0035,-0.0117,0.9972,0.000,,,,,,,
0,Right,14,0.0000,0.0000,0.0275,-0.0142,0.0012,-0.0422,0.9990,0.000,,,,,,,
0,Right,15,0.0003,0.0011,0.0250,0.0000,0.0000,0.0000,1.0000,0.000,,,,,,,
0,Right,16,0.0150,-0.0060,0.0348,0.0000,0.0000,0.0000,1.0000,0.000,,,,,,,
0,Right,17,0.0025,-0.0005,0.0539,0.0680,0.1313,-0.0553,0.9875,0.000,,,,,,,
0,Right,18,0.0000,0.0000,0.0390,0.0745,0.0005,-0.0353,0.9966,0.000,,,,,,,
0,Right,19,0.0000,0.0000,0.0266,0.0235,-0.0294,-0.0058,0.9993,0.000,,,,,,,
0,Right,20,0.0003,0.0016,0.0243,0.0000,0.0000,0.0000,1.0000,0.000,,,,,,,
0,Right,21,0.0230,-0.0094,0.0341,0.0183,0.1403,-0.2070,0.9680,0.000,,,,,,,
0,Right,22,0.0000,0.0000,0.0457,-0.0480,0.0526,0.0976,0.9927,0.000,,,,,,,
0,Right,23,0.0000,0.0000,0.0307,0.1341,0.0368,-0.0502,0.9890,0.000,,,,,,,
0,Right,24,0.0000,0.0000,0.0203,-0.0120,-0.0492,0.0007,0.9987,0.000,,,,,,,
0,Right,25,-0.0002,0.0012,0.0219,0.0000,0.0000,0.0000,1.0000,0.000,,,,,,,
1,Left,0,0.0016,-0.0057,0.0656,0.0000,0.0000,0.0000,1.0000,0.042,,,,,,,
1,Left,1,0.0000,0.0000,0.0000,0.0000,0.0000,0.0000,1.0000,0.042,-0.5971,0.0988,0.0552,-0.6839,0.3800,-0.1668,-0.6000
1,Left,2,0.0260,-0.0212,0.0369,-0.0148,0.3006,-0.6592,0.6891,0.042,,,,,,,
1,Left,3,0.0000,0.0000,0.0325,0.2864,-0.0434,0.0803,0.9537,0.042,,,,,,,
1,Left,4,0.0000,0.0000,0.0338,0.1855,0.0440,-0.0766,0.9787,0.042,,,,,,,
1,Left,5,-0.0007,0.0010,0.0246,0.0000,0.0000,0.0000,1.0000,0.042,,,,,,,
1,Left,6,0.0177,-0.0121,0.0376,0.0000,0.0000,0.0000,1.0000,0.042,,,,,,,
1,Left,7,0.0058,0.0048,0.0583,0.4657,-0.0820,-0.0088,0.8811,0.042,,,,,,,
1,Left,8,0.0000,0.0000,0.0379,0.7260,0.0138,0.0215,0.6872,0.042,,,,,,,
1,Left,9,0.0000,0.0000,0.0243,0.4851,-0.0148,0.0168,0.8742,0.042,,,,,,,
1,Left,10,-0.0003,0.0010,0.0224,0.0000,0.0000,0.0000,1.0000,0.042,,,,,,,
1,Left,11,0.0015,-0.0089,0.0355,0.0000,0.0000,0.0000,1.0000,0.042,,,,,,,
1,Left,12,0.0002,0.0064,0.0602,0.5590,-0.0779,0.0554,0.8236,0.042,,,,,,,
1,Left,13,0.0000,0.0000,0.0429,0.6767,0.0044,0.0126,0.7361,0.042,,,,,,,
1,Left,14,0.0000,0.0000,0.0275,0.5076,0.0217,0.0873,0.8569,0.042,,,,,,,
1,Left,15,-0.0003,0.0011,0.0250,0.0000,0.0000,0.0000,1.0000,0.042,,,,,,,
1,Left,16,-0.0150,-0.0060,0.0348,0.0000,0.0000,0.0000,1.0000,0.042,,,,,,,
1,Left,17,-0.0025,-0.0005,0.0539,0.5915,-0.0691,0.1054,0.7964,0.042,,,,,,,
1,Left,18,0.0000,0.0000,0.0390,0.6719,0.0203,0.0418,0.7392,0.042,,,,,,,
1,Left,19,0.0000,0.0000,0.0266,0.5248,0.0274,0.0286,0.8503,0.042,,,,,,,
1,Left,20,-0.0003,0.0016,0.0243,0.0000,0.0000,0.0000,1.0000,0.042,,,,,,,
1,Left,21,-0.0230,-0.0094,0.0341,0.0183,-0.1403,0.2070,0.9680,0.042,,,,,,,
1,Left,22,0.0000,0.0000,0.0457,0.5520,-0.0599,-0.0447,0.8305,0.042,,,,,,,
1,Left,23,0.0000,0.0000,0.0307,0.6446,-0.0072,0.0861,0.7596,0.042,,,,,,,
1,Left,24,0.0000,0.0000,0.0203,0.5750,0.0398,-0.0026,0.8172,0.042,,,,,,,
1,Left,25,0.0002,0.0012,0.0219,0.0000,0.0000,0.0000,1.0000,0.042,,,,,,,
1,Right,0,-0.0030,-0.0048,0.0647,0.0000,0.0000,0.0000,1.0000,0.042,,,,,,,
1,Right,1,0.0000,0.0000,0.0000,0.0000,0.0000,0.0000,1.0000,0.042,-0.0361,0.0288,0.0323,0.6153,-0.0876,-0.0619,0.7809
1,Right,2,-0.0314,-0.0138,0.0334,-0.1766,-0.3048,0.5075,0.7863,0.042,,,,,,,
1,Right,3,0.0000,0.0000,0.0325,0.2873,0.0433,-0.0803,0.9535,0.042,,,,,,,
1,Right,4,0.0000,0.0000,0.0338,0.1096,-0.0509,0.0793,0.9895,0.042,,,,,,,
1,Right,5,0.0007,0.0010,0.0246,0.0000,0.0000,0.0000,1.0000,0.042,,,,,,,
1,Right,6,-0.0204,-0.0084,0.0359,0.0000,0.0000,0.0000,1.0000,0.042,,,,,,,
1,Right,7,-0.0032,0.0011,0.0601,-0.0034,0.0560,0.0323,0.9979,0.042,,,,,,,
1,Right,8,0.0000,0.0000,0.0379,0.1010,0.0046,-0.0262,0.9945,0.042,,,,,,,
1,Right,9,0.0000,0.0000,0.0243,0.0454,0.0253,-0.0167,0.9985,0.042,,,,,,,
1,Right,10,0.0003,0.0010,0.0224,0.0000,0.0000,0.0000,1.0000,0.042,,,,,,,
1,Right,11,-0.0042,-0.0071,0.0337,0.0000,0.0000,0.0000,1.0000,0.042,,,,,,,
1,Right,12,0.0025,0.0045,0.0619,0.0918,0.1063,-0.0135,0.9900,0.042,,,,,,,
1,Right,13,0.0000,0.0000,0.0429,0.0739,0.0035,-0.0117,0.9972,0.042,,,,,,,
1,Right,14,0.0000,0.0000,0.0275,-0.0138,0.0012,-0.0423,0.9990,0.042,,,,,,,
1,Right,15,0.0003,0.0011,0.0250,0.0000,0.0000,0.0000,1.0000,0.042,,,,,,,
1,Right,16,0.0150,-0.0060,0.0348,0.0000,0.0000,0.0000,1.0000,0.042,,,,,,,
1,Right,17,0.0025,-0.0005,0.0539,0.0683,0.1314,-0.0554,0.9874,0.042,,,,,,,
1,Right,18,0.0000,0.0000,0.0390,0.0752,0.0005,-0.0353,0.9965,0.042,,,,,,,
1,Right,19,0.0000,0.0000,0.0266,0.0236,-0.0294,-0.0058,0.9993,0.042,,,,,,,
1,Right,20,0.0003,0.0016,0.0243,0.0000,0.0000,0.0000,1.0000,0.042,,,,,,,
1,Right,21,0.0230,-0.0094,0.0341,0.0183,0.1403,-0.2070,0.9680,0.042,,,,,,,
1,Right,22,0.0000,0.0000,0.0457,-0.0476,0.0521,0.0975,0.9927,0.042,,,,,,,
1,Right,23,0.0000,0.0000,0.0307,0.1346,0.0368,-0.0502,0.9889,0.042,,,,,,,
1,Right,24,0.0000,0.0000,0.0203,-0.0122,-0.0492,0.0007,0.9987,0.042,,,,,,,
1,Right,25,-0.0002,0.0012,0.0219,0.0000,0.0000,0.0000,1.0000,0.042,,,,,,,
2,Left,0,0.0017,-0.0057,0.0655,0.0000,0.0000,0.0000,1.0000,0.084,,,,,,,
2,Left,1,0.0000,0.0000,0.0000,0.0000,0.0000,0.0000,1.0000,0.084,-0.5970,0.0982,0.0566,-0.6883,0.3896,-0.1670,-0.5887
2,Left,2,0.0262,-0.0211,0.0368,-0.0178,0.3021,-0.6563,0.6912,0.084,,,,,,,
2,Left,3,0.0000,0.0000,0.0325,0.2868,-0.0434,0.0803,0.9536,0.084,,,,,,,
2,Left,4,0.0000,0.0000,0.0338,0.2049,0.0422,-0.0758,0.9749,0.084,,,,,,,
2,Left,5,-0.0007,0.0010,0.0246,0.0000,0.0000,0.0000,1.0000,0.084,,,,,,,
2,Left,6,0.0178,-0.0120,0.0376,0.0000,0.0000,0.0000,1.0000,0.084,,,,,,,
2,Left,7,0.0058,0.0047,0.0584,0.4609,-0.0818,-0.0092,0.8836,0.084,,,,,,,
2,Left,8,0.0000,0.0000,0.0379,0.7340,0.0141,0.0213,0.6787,0.084,,,,,,,
2,Left,9,0.0000,0.0000,0.0243,0.5035,-0.0142,0.0167,0.8637,0.084,,,,,,,
2,Left,10,-0.0003,0.0010,0.0224,0.0000,0.0000,0.0000,1.0000,0.084,,,,,,,
2,Left,11,0.0016,-0.0089,0.0355,0.0000,0.0000,0.0000,1.0000,0.084,,,,,,,
2,Left,12,0.0001,0.0064,0.0602,0.5591,-0.0782,0.0556,0.8235,0.084,,,,,,,
2,Left,13,0.0000,0.0000,0.0429,0.6895,0.0046,0.0126,0.7242,0.084,,,,,,,
2,Left,14,0.0000,0.0000,0.0275,0.5107,0.0218,0.0875,0.8550,0.084,,,,,,,
2,Left,15,-0.0003,0.0011,0.0250,0.0000,0.0000,0.0000,1.0000,0.084,,,,,,,
2,Left,16,-0.0150,-0.0060,0.0348,0.0000,0.0000,0.0000,1.0000,0.084,,,,,,,
2,Left,17,-0.0025,-0.0005,0.0539,0.5959,-0.0660,0.1041,0.7935,0.084,,,,,,,
2,Left,18,0.0000,0.0000,0.0390,0.6752,0.0204,0.0417,0.7362,0.084,,,,,,,
2,Left,19,0.0000,0.0000,0.0266,0.5280,0.0273,0.0287,0.8483,0.084,,,,,,,
2,Left,20,-0.0003,0.0016,0.0243,0.0000,0.0000,0.0000,1.0000,0.084,,,,,,,
2,Left,21,-0.0230,-0.0094,0.0341,0.0183,-0.1403,0.2070,0.9680,0.084,,,,,,,
2,Left,22,0.0000,0.0000,0.0457,0.5551,-0.0579,-0.0459,0.8285,0.084,,,,,,,
2,Left,23,0.0000,0.0000,0.0307,0.6444,-0.0073,0.0861,0.7598,0.084,,,,,,,
2,Left,24,0.0000,0.0000,0.0203,0.5763,0.0398,-0.0026,0.8163,0.084,,,,,,,
2,Left,25,0.0002,0.0012,0.0219,0.0000,0.0000,0.0000,1.0000,0.084,,,,,,,
2,Right,0,-0.0030,-0.0048,0.0647,0.0000,0.0000,0.0000,1.0000,0.084,,,,,,,
2,Right,1,0.0000,0.0000,0.0000,0.0000,0.0000,0.0000,1.0000,0.084,-0.0364,0.0289,0.0322,0.6151,-0.0873,-0.0618,0.7812
2,Right,2,-0.0314,-0.0138,0.0334,-0.1768,-0.3056,0.5070,0.7863,0.084,,,,,,,
2,Right,3,0.0000,0.0000,0.0325,0.2883,0.0432,-0.0803,0.9532,0.084,,,,,,,
2,Right,4,0.0000,0.0000,0.0338,0.1106,-0.0508,0.0793,0.9894,0.084,,,,,,,
2,Right,5,0.0007,0.0010,0.0246,0.0000,0.0000,0.0000,1.0000,0.084,,,,,,,
2,Right,6,-0.0204,-0.0084,0.0359,0.0000,0.0000,0.0000,1.0000,0.084,,,,,,,
2,Right,7,-0.0031,0.0010,0.0601,-0.0031,0.0559,0.0322,0.9979,0.084,,,,,,,
2,Right,8,0.0000,0.0000,0.0379,0.1018,0.0045,-0.0262,0.9944,0.084,,,,,,,
2,Right,9,0.0000,0.0000,0.0243,0.0460,0.0252,-0.0167,0.9985,0.084,,,,,,,
2,Right,10,0.0003,0.0010,0.0224,0.0000,0.0000,0.0000,1.0000,0.084,,,,,,,
2,Right,11,-0.0042,-0.0071,0.0337,0.0000,0.0000,0.0000,1.0000,0.084,,,,,,,
2,Right,12,0.0025,0.0045,0.0619,0.0917,0.1057,-0.0135,0.9901,0.084,,,,,,,
2,Right,13,0.0000,0.0000,0.0429,0.0752,0.0035,-0.0117,0.9971,0.084,,,,,,,
2,Right,14,0.0000,0.0000,0.0275,-0.0134,0.0011,-0.0423,0.9990,0.084,,,,,,,
2,Right,15,0.0003,0.0011,0.0250,0.0000,0.0000,0.0000,1.0000,0.084,,,,,,,
2,Right,16,0.0150,-0.0060,0.0348,0.0000,0.0000,0.0000,1.0000,0.084,,,,,,,
2,Right,17,0.0025,-0.0005,0.0539,0.0683,0.1312,-0.0554,0.9875,0.084,,,,,,,
2,Right,18,0.0000,0.0000,0.0390,0.0762,0.0004,-0.0353,0.9965,0.084,,,,,,,
2,Right,19,0.0000,0.0000,0.0266,0.0240,-0.0294,-0.0058,0.9993,0.084,,,,,,,
2,Right,20,0.0003,0.0016,0.0243,0.0000,0.0000,0.0000,1.0000,0.084,,,,,,,
2,Right,21,0.0230,-0.0094,0.0341,0.0183,0.1403,-0.2070,0.9680,0.084,,,,,,,
2,Right,22,0.0000,0.0000,0.0457,-0.0473,0.0516,0.0975,0.9928,0.084,,,,,,,
2,Right,23,0.0000,0.0000,0.0307,0.1353,0.0368,-0.0503,0.9888,0.084,,,,,,,
2,Right,24,0.0000,0.0000,0.0203,-0.0122,-0.0492,0.0007,0.9987,0.084,,,,,,,
2,Right,25,-0.0002,0.0012,0.0219,0.0000,0.0000,0.0000,1.0000,0.084,,,,,,,
3,Left,0,0.0017,-0.0057,0.0655,0.0000,0.0000,0.0000,1.0000,0.125,,,,,,,
3,Left,1,0.0000,0.0000,0.0000,0.0000,0.0000,0.0000,1.0000,0.125,-0.5970,0.0988,0.0569,-0.6876,0.3973,-0.1727,-0.5828
3,Left,2,0.0262,-0.0210,0.0368,-0.0192,0.3028,-0.6549,0.6921,0.125,,,,,,,
3,Left,3,0.0000,0.0000,0.0325,0.2871,-0.0433,0.0803,0.9535,0.125,,,,,,,
3,Left,4,0.0000,0.0000,0.0338,0.2156,0.0411,-0.0754,0.9727,0.125,,,,,,,
3,Left,5,-0.0007,0.0010,0.0246,0.0000,0.0000,0.0000,1.0000,0.125,,,,,,,
3,Left,6,0.0178,-0.0120,0.0376,0.0000,0.0000,0.0000,1.0000,0.125,,,,,,,
3,Left,7,0.0057,0.0047,0.0584,0.4578,-0.0824,-0.0091,0.8852,0.125,,,,,,,
3,Left,8,0.0000,0.0000,0.0379,0.7385,0.0142,0.0212,0.6737,0.125,,,,,,,
3,Left,9,0.0000,0.0000,0.0243,0.5084,-0.0141,0.0167,0.8608,0.125,,,,,,,
3,Left,10,-0.0003,0.0010,0.0224,0.0000,0.0000,0.0000,1.0000,0.125,,,,,,,
3,Left,11,0.0016,-0.0089,0.0354,0.0000,0.0000,0.0000,1.0000,0.125,,,,,,,
3,Left,12,0.0001,0.0063,0.0602,0.5582,-0.0791,0.0560,0.8240,0.125,,,,,,,
3,Left,13,0.0000,0.0000,0.0429,0.6946,0.0047,0.0126,0.7193,0.125,,,,,,,
3,Left,14,0.0000,0.0000,0.0276,0.5121,0.0219,0.0876,0.8542,0.125,,,,,,,
3,Left,15,-0.0003,0.0011,0.0250,0.0000,0.0000,0.0000,1.0000,0.125,,,,,,,
3,Left,16,-0.0150,-0.0060,0.0348,0.0000,0.0000,0.0000,1.0000,0.125,,,,,,,
3,Left,17,-0.0025,-0.0005,0.0539,0.5962,-0.0654,0.1037,0.7934,0.125,,,,,,,
3,Left,18,0.0000,0.0000,0.0390,0.6765,0.0205,0.0417,0.7350,0.125,,,,,,,
3,Left,19,0.0000,0.0000,0.0266,0.5289,0.0273,0.0288,0.8477,0.125,,,,,,,
3,Left,20,-0.0003,0.0016,0.0243,0.0000,0.0000,0.0000,1.0000,0.125,,,,,,,
3,Left,21,-0.0230,-0.0094,0.0341,0.0183,-0.1403,0.2070,0.9680,0.125,,,,,,,
3,Left,22,0.0000,0.0000,0.0457,0.5559,-0.0566,-0.0467,0.8280,0.125,,,,,,,
3,Left,23,0.0000,0.0000,0.0307,0.6439,-0.0073,0.0861,0.7602,0.125,,,,,,,
3,Left,24,0.0000,0.0000,0.0203,0.5769,0.0397,-0.0026,0.8159,0.125,,,,,,,
3,Left,25,0.0002,0.0012,0.0219,0.0000,0.0000,0.0000,1.0000,0.125,,,,,,,
3,Right,0,-0.0030,-0.0048,0.0647,0.0000,0.0000,0.0000,1.0000,0.125,,,,,,,
3,Right,1,0.0000,0.0000,0.0000,0.0000,0.0000,0.0000,1.0000,0.125,-0.0363,0.0288,0.0325,0.6157,-0.0876,-0.0620,0.7806
3,Right,2,-0.0314,-0.0137,0.0333,-0.1769,-0.3063,0.5066,0.7863,0.125,,,,,,,
3,Right,3,0.0000,0.0000,0.0325,0.2895,0.0431,-0.0803,0.9528,0.125,,,,,,,
3,Right,4,0.0000,0.0000,0.0338,0.1116,-0.0508,0.0792,0.9893,0.125,,,,,,,
3,Right,5,0.0007,0.0010,0.0246,0.0000,0.0000,0.0000,1.0000,0.125,,,,,,,
3,Right,6,-0.0204,-0.0083,0.0359,0.0000,0.0000,0.0000,1.0000,0.125,,,,,,,
3,Right,7,-0.0031,0.0010,0.0601,-0.0032,0.0562,0.0323,0.9979,0.125,,,,,,,
3,Right,8,0.0000,0.0000,0.0379,0.1022,0.0045,-0.0262,0.9944,0.125,,,,,,,
3,Right,9,0.0000,0.0000,0.0243,0.0465,0.0252,-0.0167,0.9985,0.125,,,,,,,
3,Right,10,0.0003,0.0010,0.0224,0.0000,0.0000,0.0000,1.0000,0.125,,,,,,,
3,Right,11,-0.0042,-0.0071,0.0337,0.0000,0.0000,0.0000,1.0000,0.125,,,,,,,
3,Right,12,0.0025,0.0045,0.0619,0.0913,0.1058,-0.0134,0.9901,0.125,,,,,,,
3,Right,13,0.0000,0.0000,0.0429,0.0764,0.0035,-0.0117,0.9970,0.125,,,,,,,
3,Right,14,0.0000,0.0000,0.0275,-0.0129,0.0011,-0.0424,0.9990,0.125,,,,,,,
3,Right,15,0.0003,0.0011,0.0250,0.0000,0.0000,0.0000,1.0000,0.125,,,,,,,
3,Right,16,0.0150,-0.0060,0.0348,0.0000,0.0000,0.0000,1.0000,0.125,,,,,,,
3,Right,17,0.0025,-0.0005,0.0539,0.0681,0.1313,-0.0553,0.9875,0.125,,,,,,,
3,Right,18,0.0000,0.0000,0.0390,0.0772,0.0004,-0.0353,0.9964,0.125,,,,,,,
3,Right,19,0.0000,0.0000,0.0266,0.0242,-0.0294,-0.0058,0.9993,0.125,,,,,,,
3,Right,20,0.0003,0.0016,0.0243,0.0000,0.0000,0.0000,1.0000,0.125,,,,,,,
3,Right,21,0.0230,-0.0094,0.0341,0.0183,0.1403,-0.2070,0.9680,0.125,,,,,,,
3,Right,22,0.0000,0.0000,0.0457,-0.0472,0.0512,0.0974,0.9928,0.125,,,,,,,
3,Right,23,0.0000,0.0000,0.0307,0.1360,0.0367,-0.0504,0.9887,0.125,,,,,,,
3,Right,24,0.0000,0.0000,0.0203,-0.0123,-0.0492,0.0007,0.9987,0.125,,,,,,,
3,Right,25,-0.0002,0.0012,0.0219,0.0000,0.0000,0.0000,1.0000,0.125,,,,,,,
4,Left,0,0.0017,-0.0057,0.0655,0.0000,0.0000,0.0000,1.0000,0.167,,,,,,,
4,Left,1,0.0000,0.0000,0.0000,0.0000,0.0000,0.0000,1.0000,0.167,-0.5968,0.1009,0.0574,-0.6863,0.4055,-0.1772,-0.5771
4,Left,2,0.0264,-0.0209,0.0367,-0.0221,0.3042,-0.6521,0.6941,0.167,,,,,,,
4,Left,3,0.0000,0.0000,0.0325,0.2874,-0.0433,0.0803,0.9535,0.167,,,,,,,
4,Left,4,0.0000,0.0000,0.0338,0.2236,0.0404,-0.0751,0.9709,0.167,,,,,,,
4,Left,5,-0.0007,0.0010,0.0246,0.0000,0.0000,0.0000,1.0000,0.167,,,,,,,
4,Left,6,0.0179,-0.0119,0.0376,0.0000,0.0000,0.0000,1.0000,0.167,,,,,,,
4,Left,7,0.0056,0.0046,0.0584,0.4521,-0.0830,-0.0092,0.8880,0.167,,,,,,,
4,Left,8,0.0000,0.0000,0.0379,0.7427,0.0144,0.0211,0.6692,0.167,,,,,,,
4,Left,9,0.0000,0.0000,0.0243,0.5140,-0.0139,0.0166,0.8575,0.167,,,,,,,
4,Left,10,-0.0003,0.0010,0.0224,0.0000,0.0000,0.0000,1.0000,0.167,,,,,,,
4,Left,11,0.0017,-0.0088,0.0354,0.0000,0.0000,0.0000,1.0000,0.167,,,,,,,
4,Left,12,0.0000,0.0063,0.0602,0.5569,-0.0801,0.0565,0.8247,0.167,,,,,,,
4,Left,13,0.0000,0.0000,0.0429,0.6996,0.0048,0.0125,0.7145,0.167,,,,,,,
4,Left,14,0.0000,0.0000,0.0276,0.5149,0.0220,0.0878,0.8525,0.167,,,,,,,
4,Left,15,-0.0003,0.0011,0.0250,0.0000,0.0000,0.0000,1.0000,0.167,,,,,,,
4,Left,16,-0.0150,-0.0060,0.0348,0.0000,0.0000,0.0000,1.0000,0.167,,,,,,,
4,Left,17,-0.0025,-0.0005,0.0539,0.5963,-0.0652,0.1036,0.7933,0.167,,,,,,,
4,Left,18,0.0000,0.0000,0.0390,0.6795,0.0206,0.0417,0.7322,0.167,,,,,,,
4,Left,19,0.0000,0.0000,0.0266,0.5300,0.0273,0.0288,0.8471,0.167,,,,,,,
4,Left,20,-0.0003,0.0016,0.0243,0.0000,0.0000,0.0000,1.0000,0.167,,,,,,,
4,Left,21,-0.0230,-0.0094,0.0341,0.0183,-0.1403,0.2070,0.9680,0.167,,,,,,,
4,Left,22,0.0000,0.0000,0.0457,0.5568,-0.0547,-0.0479,0.8274,0.167,,,,,,,
4,Left,23,0.0000,0.0000,0.0307,0.6433,-0.0073,0.0861,0.7607,0.167,,,,,,,
4,Left,24,0.0000,0.0000,0.0203,0.5774,0.0397,-0.0026,0.8155,0.167,,,,,,,
4,Left,25,0.0002,0.0012,0.0219,0.0000,0.0000,0.0000,1.0000,0.167,,,,,,,
4,Right,0,-0.0030,-0.0048,0.0647,0.0000,0.0000,0.0000,1.0000,0.167,,,,,,,
4,Right,1,0.0000,0.0000,0.0000,0.0000,0.0000,0.0000,1.0000,0.167,-0.0363,0.0291,0.0327,0.6155,-0.0877,-0.0626,0.7807
4,Right,2,-0.0314,-0.0137,0.0333,-0.1776,-0.3062,0.5058,0.7867,0.167,,,,,,,
4,Right,3,0.0000,0.0000,0.0325,0.2900,0.0430,-0.0803,0.9527,0.167,,,,,,,
4,Right,4,0.0000,0.0000,0.0338,0.1119,-0.0507,0.0792,0.9893,0.167,,,,,,,
4,Right,5,0.0007,0.0010,0.0246,0.0000,0.0000,0.0000,1.0000,0.167,,,,,,,
4,Right,6,-0.0204,-0.0083,0.0359,0.0000,0.0000,0.0000,1.0000,0.167,,,,,,,
4,Right,7,-0.0031,0.0010,0.0601,-0.0030,0.0563,0.0323,0.9979,0.167,,,,,,,
4,Right,8,0.0000,0.0000,0.0379,0.1028,0.0045,-0.0262,0.9943,0.167,,,,,,,
4,Right,9,0.0000,0.0000,0.0243,0.0470,0.0252,-0.0167,0.9984,0.167,,,,,,,
4,Right,10,0.0003,0.0010,0.0224,0.0000,0.0000,0.0000,1.0000,0.167,,,,,,,
4,Right,11,-0.0042,-0.0071,0.0337,0.0000,0.0000,0.0000,1.0000,0.167,,,,,,,
4,Right,12,0.0025,0.0045,0.0619,0.0912,0.1058,-0.0134,0.9901,0.167,,,,,,,
4,Right,13,0.0000,0.0000,0.0429,0.0778,0.0035,-0.0117,0.9969,0.167,,,,,,,
4,Right,14,0.0000,0.0000,0.0275,-0.0123,0.0011,-0.0424,0.9990,0.167,,,,,,,
4,Right,15,0.0003,0.0011,0.0250,0.0000,0.0000,0.0000,1.0000,0.167,,,,,,,
4,Right,16,0.0150,-0.0060,0.0348,0.0000,0.0000,0.0000,1.0000,0.167,,,,,,,
4,Right,17,0.0025,-0.0005,0.0539,0.0682,0.1314,-0.0553,0.9874,0.167,,,,,,,
4,Right,18,0.0000,0.0000,0.0390,0.0784,0.0003,-0.0354,0.9963,0.167,,,,,,,
4,Right,19,0.0000,0.0000,0.0266,0.0244,-0.0294,-0.0058,0.9993,0.167,,,,,,,
4,Right,20,0.0003,0.0016,0.0243,0.0000,0.0000,0.0000,1.0000,0.167,,,,,,,
4,Right,21,0.0230,-0.0094,0.0341,0.0183,0.1403,-0.2070,0.9680,0.167,,,,,,,
4,Right,22,0.0000,0.0000,0.0457,-0.0476,0.0509,0.0975,0.9928,0.167,,,,,,,
4,Right,23,0.0000,0.0000,0.0307,0.1364,0.0367,-0.0504,0.9887,0.167,,,,,,,
4,Right,24,0.0000,0.0000,0.0203,-0.0124,-0.0492,0.0007,0.9987,0.167,,,,,,,
4,Right,25,-0.0002,0.0012,0.0219,0.0000,0.0000,0.0000,1.0000,0.167,,,,,,,
5,Left,0,0.0017,-0.0057,0.0655,0.0000,0.0000,0.0000,1.0000,0.208,,,,,,,
5,Left,1,0.0000,0.0000,0.0000,0.0000,0.0000,0.0000,1.0000,0.208,-0.5969,0.1035,0.0561,-0.6833,0.4169,-0.1791,-0.5720
5,Left,2,0.0264,-0.0209,0.0367,-0.0224,0.3040,-0.6520,0.6942,0.208,,,,,,,
5,Left,3,0.0000,0.0000,0.0325,0.2881,-0.0432,0.0803,0.9532,0.208,,,,,,,
5,Left,4,0.0000,0.0000,0.0338,0.2271,0.0400,-0.0749,0.9702,0.208,,,,,,,
5,Left,5,-0.0007,0.0010,0.0246,0.0000,0.0000,0.0000,1.0000,0.208,,,,,,,
5,Left,6,0.0179,-0.0119,0.0376,0.0000,0.0000,0.0000,1.0000,0.208,,,,,,,
5,Left,7,0.0056,0.0046,0.0584,0.4395,-0.0834,-0.0098,0.8943,0.208,,,,,,,
5,Left,8,0.0000,0.0000,0.0379,0.7436,0.0144,0.0211,0.6681,0.208,,,,,,,
5,Left,9,0.0000,0.0000,0.0243,0.5211,-0.0136,0.0166,0.8533,0.208,,,,,,,
5,Left,10,-0.0003,0.0010,0.0224,0.0000,0.0000,0.0000,1.0000,0.208,,,,,,,
5,Left,11,0.0017,-0.0088,0.0354,0.0000,0.0000,0.0000,1.0000,0.208,,,,,,,
5,Left,12,0.0000,0.0063,0.0602,0.5557,-0.0811,0.0569,0.8255,0.208,,,,,,,
5,Left,13,0.0000,0.0000,0.0429,0.7006,0.0048,0.0125,0.7134,0.208,,,,,,,
5,Left,14,0.0000,0.0000,0.0275,0.5184,0.0222,0.0880,0.8503,0.208,,,,,,,
5,Left,15,-0.0003,0.0011,0.0250,0.0000,0.0000,0.0000,1.0000,0.208,,,,,,,
5,Left,16,-0.0150,-0.0060,0.0348,0.0000,0.0000,0.0000,1.0000,0.208,,,,,,,
5,Left,17,-0.0025,-0.0005,0.0539,0.5969,-0.0652,0.1037,0.7929,0.208,,,,,,,
5,Left,18,0.0000,0.0000,0.0390,0.6813,0.0207,0.0417,0.7305,0.208,,,,,,,
5,Left,19,0.0000,0.0000,0.0266,0.5313,0.0273,0.0289,0.8462,0.208,,,,,,,
5,Left,20,-0.0003,0.0016,0.0243,0.0000,0.0000,0.0000,1.0000,0.208,,,,,,,
5,Left,21,-0.0230,-0.0094,0.0341,0.0183,-0.1403,0.2070,0.9680,0.208,,,,,,,
5,Left,22,0.0000,0.0000,0.0457,0.5604,-0.0524,-0.0492,0.8251,0.208,,,,,,,
5,Left,23,0.0000,0.0000,0.0307,0.6425,-0.0074,0.0860,0.7614,0.208,,,,,,,
5,Left,24,0.0000,0.0000,0.0203,0.5784,0.0397,-0.0026,0.8148,0.208,,,,,,,
5,Left,25,0.0002,0.0012,0.0219,0.0000,0.0000,0.0000,1.0000,0.208,,,,,,,
5,Right,0,-0.0030,-0.0048,0.0647,0.0000,0.0000,0.0000,1.0000,0.208,,,,,,,
5,Right,1,0.0000,0.0000,0.0000,0.0000,0.0000,0.0000,1.0000,0.208,-0.0361,0.0292,0.0328,0.6156,-0.0873,-0.0634,0.7806
5,Right,2,-0.0314,-0.0137,0.0333,-0.1782,-0.3067,0.5048,0.7870,0.208,,,,,,,
5,Right,3,0.0000,0.0000,0.0325,0.2904,0.0430,-0.0802,0.9526,0.208,,,,,,,
5,Right,4,0.0000,0.0000,0.0338,0.1121,-0.0507,0.0792,0.9892,0.208,,,,,,,
5,Right,5,0.0007,0.0010,0.0246,0.0000,0.0000,0.0000,1.0000,0.208,,,,,,,
5,Right,6,-0.0204,-0.0083,0.0358,0.0000,0.0000,0.0000,1.0000,0.208,,,,,,,
5,Right,7,-0.0031,0.0010,0.0602,-0.0027,0.0563,0.0323,0.9979,0.208,,,,,,,
5,Right,8,0.0000,0.0000,0.0379,0.1034,0.0045,-0.0262,0.9943,0.208,,,,,,,
5,Right,9,0.0000,0.0000,0.0243,0.0476,0.0252,-0.0167,0.9984,0.208,,,,,,,
5,Right,10,0.0003,0.0010,0.0224,0.0000,0.0000,0.0000,1.0000,0.208,,,,,,,
5,Right,11,-0.0042,-0.0070,0.0337,0.0000,0.0000,0.0000,1.0000,0.208,,,,,,,
5,Right,12,0.0025,0.0045,0.0620,0.0909,0.1054,-0.0134,0.9902,0.208,,,,,,,
5,Right,13,0.0000,0.0000,0.0429,0.0791,0.0035,-0.0117,0.9968,0.208,,,,,,,
5,Right,14,0.0000,0.0000,0.0275,-0.0119,0.0011,-0.0425,0.9990,0.208,,,,,,,
5,Right,15,0.0003,0.0011,0.0250,0.0000,0.0000,0.0000,1.0000,0.208,,,,,,,
5,Right,16,0.0150,-0.0060,0.0348,0.0000,0.0000,0.0000,1.0000,0.208,,,,,,,
5,Right,17,0.0025,-0.0005,0.0539,0.0683,0.1315,-0.0554,0.9874,0.208,,,,,,,
5,Right,18,0.0000,0.0000,0.0390,0.0796,0.0003,-0.0354,0.9962,0.208,,,,,,,
5,Right,19,0.0000,0.0000,0.0266,0.0247,-0.0294,-0.0058,0.9992,0.208,,,,,,,
5,Right,20,0.0003,0.0016,0.0243,0.0000,0.0000,0.0000,1.0000,0.208,,,,,,,
5,Right,21,0.0230,-0.0094,0.0341,0.0183,0.1403,-0.2070,0.9680,0.208,,,,,,,
5,Right,22,0.0000,0.0000,0.0457,-0.0476,0.0506,0.0975,0.9928,0.208,,,,,,,
5,Right,23,0.0000,0.0000,0.0307,0.1373,0.0367,-0.0505,0.9886,0.208,,,,,,,
5,Right,24,0.0000,0.0000,0.0203,-0.0124,-0.0492,0.0007,0.9987,0.208,,,,,,,
5,Right,25,-0.0002,0.0012,0.0219,0.0000,0.0000,0.0000,1.0000,0.208,,,,,,,
6,Left,0,0.0017,-0.0057,0.0655,0.0000,0.0000,0.0000,1.0000,0.250,,,,,,,
6,Left,1,0.0000,0.0000,0.0000,0.0000,0.0000,0.0000,1.0000,0.250,-0.5987,0.1054,0.0529,-0.6842,0.4229,-0.1776,-0.5670
6,Left,2,0.0264,-0.0209,0.0367,-0.0227,0.3032,-0.6522,0.6944,0.250,,,,,,,
6,Left,3,0.0000,0.0000,0.0325,0.2883,-0.0432,0.0803,0.9532,0.250,,,,,,,
6,Left,4,0.0000,0.0000,0.0338,0.2291,0.0398,-0.0748,0.9697,0.250,,,,,,,
6,Left,5,-0.0007,0.0010,0.0246,0.0000,0.0000,0.0000,1.0000,0.250,,,,,,,
6,Left,6,0.0179,-0.0119,0.0376,0.0000,0.0000,0.0000,1.0000,0.250,,,,,,,
6,Left,7,0.0056,0.0046,0.0584,0.4296,-0.0836,-0.0104,0.8991,0.250,,,,,,,
6,Left,8,0.0000,0.0000,0.0379,0.7445,0.0144,0.0211,0.6671,0.250,,,,,,,
6,Left,9,0.0000,0.0000,0.0243,0.5247,-0.0135,0.0166,0.8510,0.250,,,,,,,
6,Left,10,-0.0003,0.0010,0.0224,0.0000,0.0000,0.0000,1.0000,0.250,,,,,,,
6,Left,11,0.0017,-0.0088,0.0354,0.0000,0.0000,0.0000,1.0000,0.250,,,,,,,
6,Left,12,0.0000,0.0063,0.0602,0.5537,-0.0822,0.0573,0.8267,0.250,,,,,,,
6,Left,13,0.0000,0.0000,0.0429,0.7018,0.0048,0.0125,0.7122,0.250,,,,,,,
6,Left,14,0.0000,0.0000,0.0275,0.5214,0.0223,0.0882,0.8485,0.250,,,,,,,
6,Left,15,-0.0003,0.0011,0.0250,0.0000,0.0000,0.0000,1.0000,0.250,,,,,,,
6,Left,16,-0.0150,-0.0060,0.0348,0.0000,0.0000,0.0000,1.0000,0.250,,,,,,,
6,Left,17,-0.0025,-0.0005,0.0539,0.5973,-0.0651,0.1038,0.7926,0.250,,,,,,,
6,Left,18,0.0000,0.0000,0.0390,0.6823,0.0207,0.0417,0.7296,0.250,,,,,,,
6,Left,19,0.0000,0.0000,0.0266,0.5327,0.0273,0.0289,0.8453,0.250,,,,,,,
6,Left,20,-0.0003,0.0016,0.0243,0.0000,0.0000,0.0000,1.0000,0.250,,,,,,,
6,Left,21,-0.0230,-0.0094,0.0341,0.0183,-0.1403,0.2070,0.9680,0.250,,,,,,,
6,Left,22,0.0000,0.0000,0.0457,0.5640,-0.0485,-0.0517,0.8228,0.250,,,,,,,
6,Left,23,0.0000,0.0000,0.0307,0.6372,-0.0078,0.0857,0.7659,0.250,,,,,,,
6,Left,24,0.0000,0.0000,0.0203,0.5790,0.0397,-0.0026,0.8144,0.250,,,,,,,
6,Left,25,0.0002,0.0012,0.0219,0.0000,0.0000,0.0000,1.0000,0.250,,,,,,,
6,Right,0,-0.0030,-0.0048,0.0647,0.0000,0.0000,0.0000,1.0000,0.250,,,,,,,
6,Right,1,0.0000,0.0000,0.0000,0.0000,0.0000,0.0000,1.0000,0.250,-0.0362,0.0294,0.0325,0.6153,-0.0870,-0.0642,0.7808
6,Right,2,-0.0314,-0.0136,0.0333,-0.1801,-0.3047,0.5034,0.7882,0.250,,,,,,,
6,Right,3,0.0000,0.0000,0.0325,0.2903,0.0430,-0.0802,0.9526,0.250,,,,,,,
6,Right,4,0.0000,0.0000,0.0338,0.1119,-0.0507,0.0792,0.9893,0.250,,,,,,,
6,Right,5,0.0007,0.0010,0.0246,0.0000,0.0000,0.0000,1.0000,0.250,,,,,,,
6,Right,6,-0.0204,-0.0083,0.0358,0.0000,0.0000,0.0000,1.0000,0.250,,,,,,,
6,Right,7,-0.0031,0.0010,0.0602,-0.0023,0.0567,0.0323,0.9979,0.250,,,,,,,
6,Right,8,0.0000,0.0000,0.0379,0.1040,0.0045,-0.0262,0.9942,0.250,,,,,,,
6,Right,9,0.0000,0.0000,0.0243,0.0483,0.0252,-0.0167,0.9984,0.250,,,,,,,
6,Right,10,0.0003,0.0010,0.0224,0.0000,0.0000,0.0000,1.0000,0.250,,,,,,,
6,Right,11,-0.0042,-0.0070,0.0337,0.0000,0.0000,0.0000,1.0000,0.250,,,,,,,
6,Right,12,0.0025,0.0045,0.0620,0.0908,0.1053,-0.0134,0.9902,0.250,,,,,,,
6,Right,13,0.0000,0.0000,0.0429,0.0804,0.0034,-0.0117,0.9967,0.250,,,,,,,
6,Right,14,0.0000,0.0000,0.0275,-0.0116,0.0011,-0.0425,0.9990,0.250,,,,,,,
6,Right,15,0.0003,0.0011,0.0250,0.0000,0.0000,0.0000,1.0000,0.250,,,,,,,
6,Right,16,0.0150,-0.0060,0.0348,0.0000,0.0000,0.0000,1.0000,0.250,,,,,,,
6,Right,17,0.0025,-0.0005,0.0539,0.0684,0.1319,-0.0554,0.9873,0.250,,,,,,,
6,Right,18,0.0000,0.0000,0.0390,0.0809,0.0003,-0.0354,0.9961,0.250,,,,,,,
6,Right,19,0.0000,0.0000,0.0266,0.0248,-0.0294,-0.0058,0.9992,0.250,,,,,,,
6,Right,20,0.0003,0.0016,0.0243,0.0000,0.0000,0.0000,1.0000,0.250,,,,,,,
6,Right,21,0.0230,-0.0094,0.0341,0.0183,0.1403,-0.2070,0.9680,0.250,,,,,,,
6,Right,22,0.0000,0.0000,0.0457,-0.0476,0.0509,0.0975,0.9928,0.250,,,,,,,
6,Right,23,0.0000,0.0000,0.0307,0.1383,0.0366,-0.0505,0.9884,0.250,,,,,,,
6,Right,24,0.0000,0.0000,0.0203,-0.0125,-0.0492,0.0007,0.9987,0.250,,,,,,,
6,Right,25,-0.0002,0.0012,0.0219,0.0000,0.0000,0.0000,1.0000,0.250,,,,,,,
7,Left,0,0.0017,-0.0057,0.0655,0.0000,0.0000,0.0000,1.0000,0.292,,,,,,,
7,Left,1,0.0000,0.0000,0.0000,0.0000,0.0000,0.0000,1.0000,0.292,-0.5990,0.1093,0.0517,-0.6842,0.4252,-0.1785,-0.5650
7,Left,2,0.0264,-0.0209,0.0368,-0.0227,0.3023,-0.6527,0.6943,0.292,,,,,,,
7,Left,3,0.0000,0.0000,0.0325,0.2872,-0.0433,0.0803,0.9535,0.292,,,,,,,
7,Left,4,0.0000,0.0000,0.0338,0.2280,0.0400,-0.0749,0.9700,0.292,,,,,,,
7,Left,5,-0.0007,0.0010,0.0246,0.0000,0.0000,0.0000,1.0000,0.292,,,,,,,
7,Left,6,0.0179,-0.0119,0.0376,0.0000,0.0000,0.0000,1.0000,0.292,,,,,,,
7,Left,7,0.0057,0.0046,0.0584,0.4285,-0.0847,-0.0100,0.8995,0.292,,,,,,,
7,Left,8,0.0000,0.0000,0.0379,0.7449,0.0144,0.0211,0.6667,0.292,,,,,,,
7,Left,9,0.0000,0.0000,0.0243,0.5257,-0.0135,0.0166,0.8504,0.292,,,,,,,
7,Left,10,-0.0003,0.0010,0.0224,0.0000,0.0000,0.0000,1.0000,0.292,,,,,,,
7,Left,11,0.0017,-0.0089,0.0354,0.0000,0.0000,0.0000,1.0000,0.292,,,,,,,
7,Left,12,0.0000,0.0063,0.0602,0.5508,-0.0836,0.0578,0.8284,0.292,,,,,,,
7,Left,13,0.0000,0.0000,0.0429,0.7030,0.0048,0.0125,0.7111,0.292,,,,,,,
7,Left,14,0.0000,0.0000,0.0275,0.5255,0.0225,0.0885,0.8459,0.292,,,,,,,
7,Left,15,-0.0003,0.0011,0.0250,0.0000,0.0000,0.0000,1.0000,0.292,,,,,,,
7,Left,16,-0.0150,-0.0060,0.0348,0.0000,0.0000,0.0000,1.0000,0.292,,,,,,,
7,Left,17,-0.0025,-0.0005,0.0539,0.5975,-0.0651,0.1037,0.7925,0.292,,,,,,,
7,Left,18,0.0000,0.0000,0.0390,0.6831,0.0207,0.0417,0.7289,0.292,,,,,,,
7,Left,19,0.0000,0.0000,0.0266,0.5335,0.0273,0.0290,0.8449,0.292,,,,,,,
7,Left,20,-0.0003,0.0016,0.0243,0.0000,0.0000,0.0000,1.0000,0.292,,,,,,,
7,Left,21,-0.0230,-0.0094,0.0341,0.0183,-0.1403,0.2070,0.9680,0.292,,,,,,,
7,Left,22,0.0000,0.0000,0.0457,0.5673,-0.0481,-0.0518,0.8205,0.292,,,,,,,
7,Left,23,0.0000,0.0000,0.0307,0.6363,-0.0079,0.0857,0.7667,0.292,,,,,,,
7,Left,24,0.0000,0.0000,0.0203,0.5798,0.0396,-0.0026,0.8138,0.292,,,,,,,
7,Left,25,0.0002,0.0012,0.0219,0.0000,0.0000,0.0000,1.0000,0.292,,,,,,,
7,Right,0,-0.0030,-0.0048,0.0647,0.0000,0.0000,0.0000,1.0000,0.292,,,,,,,
7,Right,1,0.0000,0.0000,0.0000,0.0000,0.0000,0.0000,1.0000,0.292,-0.0363,0.0295,0.0324,0.6154,-0.0870,-0.0645,0.7808
7,Right,2,-0.0315,-0.0136,0.0333,-0.1803,-0.3051,0.5030,0.7883,0.292,,,,,,,
7,Right,3,0.0000,0.0000,0.0325,0.2906,0.0430,-0.0802,0.9525,0.292,,,,,,,
7,Right,4,0.0000,0.0000,0.0338,0.1122,-0.0507,0.0792,0.9892,0.292,,,,,,,
7,Right,5,0.0007,0.0010,0.0246,0.0000,0.0000,0.0000,1.0000,0.292,,,,,,,
7,Right,6,-0.0204,-0.0083,0.0358,0.0000,0.0000,0.0000,1.0000,0.292,,,,,,,
7,Right,7,-0.0031,0.0009,0.0602,-0.0018,0.0569,0.0323,0.9979,0.292,,,,,,,
7,Right,8,0.0000,0.0000,0.0379,0.1048,0.0045,-0.0262,0.9941,0.292,,,,,,,
7,Right,9,0.0000,0.0000,0.0243,0.0488,0.0252,-0.0167,0.9984,0.292,,,,,,,
7,Right,10,0.0003,0.0010,0.0224,0.0000,0.0000,0.0000,1.0000,0.292,,,,,,,
7,Right,11,-0.0042,-0.0070,0.0337,0.0000,0.0000,0.0000,1.0000,0.292,,,,,,,
7,Right,12,0.0025,0.0045,0.0620,0.0910,0.1052,-0.0134,0.9902,0.292,,,,,,,
7,Right,13,0.0000,0.0000,0.0429,0.0819,0.0034,-0.0117,0.9966,0.292,,,,,,,
7,Right,14,0.0000,0.0000,0.0275,-0.0114,0.0010,-0.0425,0.9990,0.292,,,,,,,
7,Right,15,0.0003,0.0011,0.0250,0.0000,0.0000,0.0000,1.0000,0.292,,,,,,,
7,Right,16,0.0150,-0.0060,0.0348,0.0000,0.0000,0.0000,1.0000,0.292,,,,,,,
7,Right,17,0.0025,-0.0005,0.0539,0.0686,0.1322,-0.0554,0.9873,0.292,,,,,,,
7,Right,18,0.0000,0.0000,0.0390,0.0822,0.0002,-0.0355,0.9960,0.292,,,,,,,
7,Right,19,0.0000,0.0000,0.0266,0.0249,-0.0294,-0.0058,0.9992,0.292,,,,,,,
7,Right,20,0.0003,0.0016,0.0243,0.0000,0.0000,0.0000,1.0000,0.292,,,,,,,
7,Right,21,0.0230,-0.0094,0.0341,0.0183,0.1403,-0.2070,0.9680,0.292,,,,,,,
7,Right,22,0.0000,0.0000,0.0457,-0.0475,0.0509,0.0975,0.9928,0.292,,,,,,,
7,Right,23,0.0000,0.0000,0.0307,0.1394,0.0366,-0.0506,0.9883,0.292,,,,,,,
7,Right,24,0.0000,0.0000,0.0203,-0.0126,-0.0492,0.0007,0.9987,0.292,,,,,,,
7,Right,25,-0.0002,0.0012,0.0219,0.0000,0.0000,0.0000,1.0000,0.292,,,,,,,
8,Left,0,0.0017,-0.0057,0.0655,0.0000,0.0000,0.0000,1.0000,0.333,,,,,,,
8,Left,1,0.0000,0.0000,0.0000,0.0000,0.0000,0.0000,1.0000,0.333,-0.5992,0.1136,0.0509,-0.6847,0.4343,-0.1819,-0.5563
8,Left,2,0.0263,-0.0210,0.0368,-0.0225,0.3013,-0.6533,0.6942,0.333,,,,,,,
8,Left,3,0.0000,0.0000,0.0325,0.2864,-0.0434,0.0803,0.9537,0.333,,,,,,,
8,Left,4,0.0000,0.0000,0.0338,0.2270,0.0401,-0.0749,0.9702,0.333,,,,,,,
8,Left,5,-0.0007,0.0010,0.0246,0.0000,0.0000,0.0000,1.0000,0.333,,,,,,,
8,Left,6,0.0179,-0.0119,0.0376,0.0000,0.0000,0.0000,1.0000,0.333,,,,,,,
8,Left,7,0.0057,0.0046,0.0584,0.4270,-0.0852,-0.0099,0.9002,0.333,,,,,,,
8,Left,8,0.0000,0.0000,0.0379,0.7452,0.0145,0.0211,0.6664,0.333,,,,,,,
8,Left,9,0.0000,0.0000,0.0243,0.5268,-0.0135,0.0166,0.8497,0.333,,,,,,,
8,Left,10,-0.0003,0.0010,0.0224,0.0000,0.0000,0.0000,1.0000,0.333,,,,,,,
8,Left,11,0.0017,-0.0089,0.0354,0.0000,0.0000,0.0000,1.0000,0.333,,,,,,,
8,Left,12,0.0001,0.0063,0.0602,0.5465,-0.0848,0.0579,0.8311,0.333,,,,,,,
8,Left,13,0.0000,0.0000,0.0429,0.7037,0.0048,0.0125,0.7104,0.333,,,,,,,
8,Left,14,0.0000,0.0000,0.0275,0.5265,0.0225,0.0886,0.8453,0.333,,,,,,,
8,Left,15,-0.0003,0.0011,0.0250,0.0000,0.0000,0.0000,1.0000,0.333,,,,,,,
8,Left,16,-0.0150,-0.0060,0.0348,0.0000,0.0000,0.0000,1.0000,0.333,,,,,,,
8,Left,17,-0.0025,-0.0005,0.0539,0.5974,-0.0650,0.1037,0.7926,0.333,,,,,,,
8,Left,18,0.0000,0.0000,0.0390,0.6830,0.0207,0.0417,0.7290,0.333,,,,,,,
8,Left,19,0.0000,0.0000,0.0266,0.5342,0.0272,0.0290,0.8444,0.333,,,,,,,
8,Left,20,-0.0003,0.0016,0.0243,0.0000,0.0000,0.0000,1.0000,0.333,,,,,,,
8,Left,21,-0.0230,-0.0094,0.0341,0.0183,-0.1403,0.2070,0.9680,0.333,,,,,,,
8,Left,22,0.0000,0.0000,0.0457,0.5681,-0.0468,-0.0526,0.8199,0.333,,,,,,,
8,Left,23,0.0000,0.0000,0.0307,0.6338,-0.0080,0.0855,0.7687,0.333,,,,,,,
8,Left,24,0.0000,0.0000,0.0203,0.5807,0.0396,-0.0026,0.8131,0.333,,,,,,,
8,Left,25,0.0002,0.0012,0.0219,0.0000,0.0000,0.0000,1.0000,0.333,,,,,,,
8,Right,0,-0.0030,-0.0048,0.0647,0.0000,0.0000,0.0000,1.0000,0.333,,,,,,,
8,Right,1,0.0000,0.0000,0.0000,0.0000,0.0000,0.0000,1.0000,0.333,-0.0364,0.0298,0.0323,0.6157,-0.0870,-0.0645,0.7805
8,Right,2,-0.0315,-0.0136,0.0333,-0.1803,-0.3056,0.5028,0.7882,0.333,,,,,,,
8,Right,3,0.0000,0.0000,0.0325,0.2907,0.0429,-0.0802,0.9525,0.333,,,,,,,
8,Right,4,0.0000,0.0000,0.0338,0.1127,-0.0507,0.0792,0.9892,0.333,,,,,,,
8,Right,5,0.0007,0.0010,0.0246,0.0000,0.0000,0.0000,1.0000,0.333,,,,,,,
8,Right,6,-0.0204,-0.0083,0.0358,0.0000,0.0000,0.0000,1.0000,0.333,,,,,,,
8,Right,7,-0.0031,0.0009,0.0602,-0.0014,0.0573,0.0323,0.9978,0.333,,,,,,,
8,Right,8,0.0000,0.0000,0.0379,0.1055,0.0044,-0.0262,0.9941,0.333,,,,,,,
8,Right,9,0.0000,0.0000,0.0243,0.0493,0.0252,-0.0167,0.9983,0.333,,,,,,,
8,Right,10,0.0003,0.0010,0.0224,0.0000,0.0000,0.0000,1.0000,0.333,,,,,,,
8,Right,11,-0.0042,-0.0070,0.0337,0.0000,0.0000,0.0000,1.0000,0.333,,,,,,,
8,Right,12,0.0025,0.0045,0.0620,0.0911,0.1050,-0.0134,0.9902,0.333,,,,,,,
8,Right,13,0.0000,0.0000,0.0429,0.0830,0.0034,-0.0117,0.9965,0.333,,,,,,,
8,Right,14,0.0000,0.0000,0.0275,-0.0112,0.0010,-0.0425,0.9990,0.333,,,,,,,
8,Right,15,0.0003,0.0011,0.0250,0.0000,0.0000,0.0000,1.0000,0.333,,,,,,,
8,Right,16,0.0150,-0.0060,0.0348,0.0000,0.0000,0.0000,1.0000,0.333,,,,,,,
8,Right,17,0.0025,-0.0005,0.0539,0.0688,0.1322,-0.0554,0.9873,0.333,,,,,,,
8,Right,18,0.0000,0.0000,0.0390,0.0834,0.0002,-0.0355,0.9959,0.333,,,,,,,
8,Right,19,0.0000,0.0000,0.0266,0.0249,-0.0294,-0.0058,0.9992,0.333,,,,,,,
8,Right,20,0.0003,0.0016,0.0243,0.0000,0.0000,0.0000,1.0000,0.333,,,,,,,
8,Right,21,0.0230,-0.0094,0.0341,0.0183,0.1403,-0.2070,0.9680,0.333,,,,,,,
8,Right,22,0.0000,0.0000,0.0457,-0.0477,0.0508,0.0975,0.9928,0.333,,,,,,,
8,Right,23,0.0000,0.0000,0.0307,0.1403,0.0365,-0.0507,0.9881,0.333,,,,,,,
8,Right,24,0.0000,0.0000,0.0203,-0.0128,-0.0492,0.0007,0.9987,0.333,,,,,,,
8,Right,25,-0.0002,0.0012,0.0219,0.0000,0.0000,0.0000,1.0000,0.333,,,,,,,
9,Left,0,0.0017,-0.0057,0.0655,0.0000,0.0000,0.0000,1.0000,0.375,,,,,,,
9,Left,1,0.0000,0.0000,0.0000,0.0000,0.0000,0.0000,1.0000,0.375,-0.5987,0.1168,0.0498,-0.6842,0.4341,-0.1830,-0.5567
9,Left,2,0.0263,-0.0210,0.0368,-0.0225,0.3003,-0.6539,0.6941,0.375,,,,,,,
9,Left,3,0.0000,0.0000,0.0325,0.2814,-0.0439,0.0805,0.9552,0.375,,,,,,,
9,Left,4,0.0000,0.0000,0.0338,0.2209,0.0406,-0.0752,0.9715,0.375,,,,,,,
9,Left,5,-0.0007,0.0010,0.0246,0.0000,0.0000,0.0000,1.0000,0.375,,,,,,,
9,Left,6,0.0179,-0.0120,0.0376,0.0000,0.0000,0.0000,1.0000,0.375,,,,,,,
9,Left,7,0.0057,0.0046,0.0584,0.4264,-0.0860,-0.0096,0.9004,0.375,,,,,,,
9,Left,8,0.0000,0.0000,0.0379,0.7448,0.0144,0.0211,0.6668,0.375,,,,,,,
9,Left,9,0.0000,0.0000,0.0243,0.5266,-0.0135,0.0166,0.8498,0.375,,,,,,,
9,Left,10,-0.0003,0.0010,0.0224,0.0000,0.0000,0.0000,1.0000,0.375,,,,,,,
9,Left,11,0.0016,-0.0089,0.0354,0.0000,0.0000,0.0000,1.0000,0.375,,,,,,,
9,Left,12,0.0001,0.0063,0.0602,0.5459,-0.0862,0.0586,0.8313,0.375,,,,,,,
9,Left,13,0.0000,0.0000,0.0429,0.7041,0.0048,0.0125,0.7100,0.375,,,,,,,
9,Left,14,0.0000,0.0000,0.0275,0.5272,0.0226,0.0887,0.8448,0.375,,,,,,,
9,Left,15,-0.0003,0.0011,0.0250,0.0000,0.0000,0.0000,1.0000,0.375,,,,,,,
9,Left,16,-0.0150,-0.0060,0.0348,0.0000,0.0000,0.0000,1.0000,0.375,,,,,,,
9,Left,17,-0.0025,-0.0005,0.0539,0.5976,-0.0648,0.1035,0.7925,0.375,,,,,,,
9,Left,18,0.0000,0.0000,0.0390,0.6828,0.0207,0.0417,0.7291,0.375,,,,,,,
9,Left,19,0.0000,0.0000,0.0266,0.5347,0.0272,0.0290,0.8441,0.375,,,,,,,
9,Left,20,-0.0003,0.0016,0.0243,0.0000,0.0000,0.0000,1.0000,0.375,,,,,,,
9,Left,21,-0.0230,-0.0094,0.0341,0.0183,-0.1403,0.2070,0.9680,0.375,,,,,,,
9,Left,22,0.0000,0.0000,0.0457,0.5689,-0.0463,-0.0529,0.8194,0.375,,,,,,,
9,Left,23,0.0000,0.0000,0.0307,0.6323,-0.0082,0.0854,0.7700,0.375,,,,,,,
9,Left,24,0.0000,0.0000,0.0203,0.5818,0.0396,-0.0026,0.8124,0.375,,,,,,,
9,Left,25,0.0002,0.0012,0.0219,0.0000,0.0000,0.0000,1.0000,0.375,,,,,,,
9,Right,0,-0.0030,-0.0048,0.0647,0.0000,0.0000,0.0000,1.0000,0.375,,,,,,,
9,Right,1,0.0000,0.0000,0.0000,0.0000,0.0000,0.0000,1.0000,0.375,-0.0370,0.0305,0.0318,0.6154,-0.0865,-0.0647,0.7808
9,Right,2,-0.0315,-0.0136,0.0332,-0.1803,-0.3061,0.5026,0.7881,0.375,,,,,,,
9,Right,3,0.0000,0.0000,0.0325,0.2906,0.0430,-0.0802,0.9525,0.375,,,,,,,
9,Right,4,0.0000,0.0000,0.0338,0.1129,-0.0506,0.0792,0.9891,0.375,,,,,,,
9,Right,5,0.0007,0.0010,0.0246,0.0000,0.0000,0.0000,1.0000,0.375,,,,,,,
9,Right,6,-0.0204,-0.0082,0.0358,0.0000,0.0000,0.0000,1.0000,0.375,,,,,,,
9,Right,7,-0.0031,0.0009,0.0602,-0.0006,0.0572,0.0322,0.9978,0.375,,,,,,,
9,Right,8,0.0000,0.0000,0.0379,0.1063,0.0044,-0.0262,0.9940,0.375,,,,,,,
9,Right,9,0.0000,0.0000,0.0243,0.0499,0.0252,-0.0167,0.9983,0.375,,,,,,,
9,Right,10,0.0003,0.0010,0.0224,0.0000,0.0000,0.0000,1.0000,0.375,,,,,,,
9,Right,11,-0.0042,-0.0070,0.0337,0.0000,0.0000,0.0000,1.0000,0.375,,,,,,,
9,Right,12,0.0025,0.0045,0.0620,0.0914,0.1044,-0.0134,0.9902,0.375,,,,,,,
9,Right,13,0.0000,0.0000,0.0429,0.0844,0.0034,-0.0117,0.9964,0.375,,,,,,,
9,Right,14,0.0000,0.0000,0.0275,-0.0108,0.0010,-0.0426,0.9990,0.375,,,,,,,
9,Right,15,0.0003,0.0011,0.0250,0.0000,0.0000,0.0000,1.0000,0.375,,,,,,,
9,Right,16,0.0150,-0.0060,0.0348,0.0000,0.0000,0.0000,1.0000,0.375,,,,,,,
9,Right,17,0.0025,-0.0005,0.0539,0.0691,0.1320,-0.0555,0.9873,0.375,,,,,,,
9,Right,18,0.0000,0.0000,0.0390,0.0846,0.0001,-0.0355,0.9958,0.375,,,,,,,
9,Right,19,0.0000,0.0000,0.0266,0.0252,-0.0294,-0.0058,0.9992,0.375,,,,,,,
9,Right,20,0.0003,0.0016,0.0243,0.0000,0.0000,0.0000,1.0000,0.375,,,,,,,
9,Right,21,0.0230,-0.0094,0.0341,0.0183,0.1403,-0.2070,0.9680,0.375,,,,,,,
9,Right,22,0.0000,0.0000,0.0457,-0.0477,0.0510,0.0975,0.9928,0.375,,,,,,,
9,Right,23,0.0000,0.0000,0.0307,0.1409,0.0365,-0.0508,0.9880,0.375,,,,,,,
9,Right,24,0.0000,0.0000,0.0203,-0.0129,-0.0492,0.0007,0.9987,0.375,,,,,,,
9,Right,25,-0.0002,0.0012,0.0219,0.0000,0.0000,0.0000,1.0000,0.375,,,,,,,
10,Left,0,0.0017,-0.0057,0.0655,0.0000,0.0000,0.0000,1.0000,0.417,,,,,,,
10,Left,1,0.0000,0.0000,0.0000,0.0000,0.0000,0.0000,1.0000,0.417,-0.5986,0.1188,0.0491,-0.6838,0.4338,-0.1839,-0.5571
10,Left,2,0.0263,-0.0210,0.0368,-0.0225,0.2997,-0.6542,0.6940,0.417,,,,,,,
10,Left,3,0.0000,0.0000,0.0325,0.2780,-0.0443,0.0805,0.9562,0.417,,,,,,,
10,Left,4,0.0000,0.0000,0.0338,0.2166,0.0411,-0.0754,0.9725,0.417,,,,,,,
10,Left,5,-0.0007,0.0010,0.0246,0.0000,0.0000,0.0000,1.0000,0.417,,,,,,,
10,Left,6,0.0178,-0.0120,0.0376,0.0000,0.0000,0.0000,1.0000,0.417,,,,,,,
10,Left,7,0.0057,0.0047,0.0584,0.4257,-0.0870,-0.0092,0.9006,0.417,,,,,,,
10,Left,8,0.0000,0.0000,0.0379,0.7441,0.0144,0.0211,0.6676,0.417,,,,,,,
10,Left,9,0.0000,0.0000,0.0243,0.5263,-0.0135,0.0166,0.8501,0.417,,,,,,,
10,Left,10,-0.0003,0.0010,0.0224,0.0000,0.0000,0.0000,1.0000,0.417,,,,,,,
10,Left,11,0.0016,-0.0089,0.0354,0.0000,0.0000,0.0000,1.0000,0.417,,,,,,,
10,Left,12,0.0001,0.0063,0.0602,0.5457,-0.0873,0.0593,0.8313,0.417,,,,,,,
10,Left,13,0.0000,0.0000,0.0429,0.7042,0.0048,0.0125,0.7099,0.417,,,,,,,
10,Left,14,0.0000,0.0000,0.0275,0.5275,0.0226,0.0887,0.8446,0.417,,,,,,,
10,Left,15,-0.0003,0.0011,0.0250,0.0000,0.0000,0.0000,1.0000,0.417,,,,,,,
10,Left,16,-0.0150,-0.0060,0.0348,0.0000,0.0000,0.0000,1.0000,0.417,,,,,,,
10,Left,17,-0.0025,-0.0005,0.0539,0.5977,-0.0649,0.1037,0.7923,0.417,,,,,,,
10,Left,18,0.0000,0.0000,0.0390,0.6829,0.0207,0.0417,0.7290,0.417,,,,,,,
10,Left,19,0.0000,0.0000,0.0266,0.5353,0.0272,0.0290,0.8437,0.417,,,,,,,
10,Left,20,-0.0003,0.0016,0.0243,0.0000,0.0000,0.0000,1.0000,0.417,,,,,,,
10,Left,21,-0.0230,-0.0094,0.0341,0.0183,-0.1403,0.2070,0.9680,0.417,,,,,,,
10,Left,22,0.0000,0.0000,0.0457,0.5696,-0.0461,-0.0530,0.8189,0.417,,,,,,,
10,Left,23,0.0000,0.0000,0.0307,0.6276,-0.0085,0.0852,0.7738,0.417,,,,,,,
10,Left,24,0.0000,0.0000,0.0203,0.5829,0.0395,-0.0026,0.8116,0.417,,,,,,,
10,Left,25,0.0002,0.0012,0.0219,0.0000,0.0000,0.0000,1.0000,0.417,,,,,,,
10,Right,0,-0.0030,-0.0048,0.0647,0.0000,0.0000,0.0000,1.0000,0.417,,,,,,,
10,Right,1,0.0000,0.0000,0.0000,0.0000,0.0000,0.0000,1.0000,0.417,-0.0372,0.0311,0.0320,0.6162,-0.0864,-0.0650,0.7801
10,Right,2,-0.0315,-0.0135,0.0332,-0.1800,-0.3071,0.5026,0.7879,0.417,,,,,,,
10,Right,3,0.0000,0.0000,0.0325,0.2910,0.0429,-0.0802,0.9524,0.417,,,,,,,
10,Right,4,0.0000,0.0000,0.0338,0.1136,-0.0506,0.0792,0.9891,0.417,,,,,,,
10,Right,5,0.0007,0.0010,0.0246,0.0000,0.0000,0.0000,1.0000,0.417,,,,,,,
10,Right,6,-0.0205,-0.0082,0.0358,0.0000,0.0000,0.0000,1.0000,0.417,,,,,,,
10,Right,7,-0.0031,0.0009,0.0602,0.0003,0.0574,0.0322,0.9978,0.417,,,,,,,
10,Right,8,0.0000,0.0000,0.0379,0.1067,0.0044,-0.0262,0.9939,0.417,,,,,,,
10,Right,9,0.0000,0.0000,0.0243,0.0503,0.0252,-0.0167,0.9983,0.417,,,,,,,
10,Right,10,0.0003,0.0010,0.0224,0.0000,0.0000,0.0000,1.0000,0.417,,,,,,,
10,Right,11,-0.0042,-0.0070,0.0337,0.0000,0.0000,0.0000,1.0000,0.417,,,,,,,
10,Right,12,0.0025,0.0045,0.0620,0.0917,0.1039,-0.0134,0.9903,0.417,,,,,,,
10,Right,13,0.0000,0.0000,0.0429,0.0853,0.0034,-0.0117,0.9963,0.417,,,,,,,
10,Right,14,0.0000,0.0000,0.0275,-0.0107,0.0010,-0.0426,0.9990,0.417,,,,,,,
10,Right,15,0.0003,0.0011,0.0250,0.0000,0.0000,0.0000,1.0000,0.417,,,,,,,
10,Right,16,0.0150,-0.0060,0.0348,0.0000,0.0000,0.0000,1.0000,0.417,,,,,,,
10,Right,17,0.0025,-0.0005,0.0539,0.0694,0.1319,-0.0555,0.9873,0.417,,,,,,,
10,Right,18,0.0000,0.0000,0.0390,0.0856,0.0001,-0.0355,0.9957,0.417,,,,,,,
10,Right,19,0.0000,0.0000,0.0266,0.0253,-0.0294,-0.0058,0.9992,0.417,,,,,,,
10,Right,20,0.0003,0.0016,0.0243,0.0000,0.0000,0.0000,1.0000,0.417,,,,,,,
10,Right,21,0.0230,-0.0094,0.0341,0.0183,0.1403,-0.2070,0.9680,0.417,,,,,,,
10,Right,22,0.0000,0.0000,0.0457,-0.0472,0.0508,0.0974,0.9928,0.417,,,,,,,
10,Right,23,0.0000,0.0000,0.0307,0.1416,0.0365,-0.0508,0.9879,0.417,,,,,,,
10,Right,24,0.0000,0.0000,0.0203,-0.0130,-0.0492,0.0007,0.9987,0.417,,,,,,,
10,Right,25,-0.0002,0.0012,0.0219,0.0000,0.0000,0.0000,1.0000,0.417,,,,,,,
11,Left,0,0.0017,-0.0057,0.0655,0.0000,0.0000,0.0000,1.0000,0.459,,,,,,,
11,Left,1,0.0000,0.0000,0.0000,0.0000,0.0000,0.0000,1.0000,0.459,-0.5986,0.1220,0.0480,-0.6825,0.4373,-0.1865,-0.5551
11,Left,2,0.0262,-0.0210,0.0368,-0.0223,0.2995,-0.6545,0.6939,0.459,,,,,,,
11,Left,3,0.0000,0.0000,0.0325,0.2785,-0.0442,0.0805,0.9560,0.459,,,,,,,
11,Left,4,0.0000,0.0000,0.0338,0.2142,0.0413,-0.0755,0.9730,0.459,,,,,,,
11,Left,5,-0.0007,0.0010,0.0246,0.0000,0.0000,0.0000,1.0000,0.459,,,,,,,
11,Left,6,0.0178,-0.0120,0.0376,0.0000,0.0000,0.0000,1.0000,0.459,,,,,,,
11,Left,7,0.0057,0.0047,0.0584,0.4261,-0.0874,-0.0090,0.9004,0.459,,,,,,,
11,Left,8,0.0000,0.0000,0.0379,0.7433,0.0144,0.0211,0.6685,0.459,,,,,,,
11,Left,9,0.0000,0.0000,0.0243,0.5255,-0.0135,0.0166,0.8505,0.459,,,,,,,
11,Left,10,-0.0003,0.0010,0.0224,0.0000,0.0000,0.0000,1.0000,0.459,,,,,,,
11,Left,11,0.0016,-0.0089,0.0354,0.0000,0.0000,0.0000,1.0000,0.459,,,,,,,
11,Left,12,0.0001,0.0063,0.0602,0.5462,-0.0879,0.0597,0.8309,0.459,,,,,,,
11,Left,13,0.0000,0.0000,0.0429,0.7033,0.0048,0.0125,0.7108,0.459,,,,,,,
11,Left,14,0.0000,0.0000,0.0275,0.5269,0.0225,0.0886,0.8450,0.459,,,,,,,
11,Left,15,-0.0003,0.0011,0.0250,0.0000,0.0000,0.0000,1.0000,0.459,,,,,,,
11,Left,16,-0.0150,-0.0060,0.0348,0.0000,0.0000,0.0000,1.0000,0.459,,,,,,,
11,Left,17,-0.0025,-0.0005,0.0539,0.5982,-0.0649,0.1037,0.7920,0.459,,,,,,,
11,Left,18,0.0000,0.0000,0.0390,0.6820,0.0207,0.0417,0.7298,0.459,,,,,,,
11,Left,19,0.0000,0.0000,0.0266,0.5355,0.0272,0.0290,0.8436,0.459,,,,,,,
11,Left,20,-0.0003,0.0016,0.0243,0.0000,0.0000,0.0000,1.0000,0.459,,,,,,,
11,Left,21,-0.0230,-0.0094,0.0341,0.0183,-0.1403,0.2070,0.9680,0.459,,,,,,,
11,Left,22,0.0000,0.0000,0.0457,0.5702,-0.0451,-0.0537,0.8185,0.459,,,,,,,
11,Left,23,0.0000,0.0000,0.0307,0.6212,-0.0090,0.0848,0.7790,0.459,,,,,,,
11,Left,24,0.0000,0.0000,0.0203,0.5838,0.0395,-0.0026,0.8109,0.459,,,,,,,
11,Left,25,0.0002,0.0012,0.0219,0.0000,0.0000,0.0000,1.0000,0.459,,,,,,,
11,Right,0,-0.0030,-0.0048,0.0646,0.0000,0.0000,0.0000,1.0000,0.459,,,,,,,
11,Right,1,0.0000,0.0000,0.0000,0.0000,0.0000,0.0000,1.0000,0.459,-0.0374,0.0313,0.0317,0.6168,-0.0866,-0.0645,0.7797
11,Right,2,-0.0315,-0.0135,0.0332,-0.1802,-0.3072,0.5023,0.7879,0.459,,,,,,,
11,Right,3,0.0000,0.0000,0.0325,0.2911,0.0429,-0.0802,0.9523,0.459,,,,,,,
11,Right,4,0.0000,0.0000,0.0338,0.1137,-0.0506,0.0792,0.9891,0.459,,,,,,,
11,Right,5,0.0007,0.0010,0.0246,0.0000,0.0000,0.0000,1.0000,0.459,,,,,,,
11,Right,6,-0.0205,-0.0082,0.0358,0.0000,0.0000,0.0000,1.0000,0.459,,,,,,,
11,Right,7,-0.0031,0.0009,0.0602,0.0012,0.0576,0.0322,0.9978,0.459,,,,,,,
11,Right,8,0.0000,0.0000,0.0379,0.1068,0.0044,-0.0262,0.9939,0.459,,,,,,,
11,Right,9,0.0000,0.0000,0.0243,0.0505,0.0252,-0.0167,0.9983,0.459,,,,,,,
11,Right,10,0.0003,0.0010,0.0224,0.0000,0.0000,0.0000,1.0000,0.459,,,,,,,
11,Right,11,-0.0042,-0.0070,0.0337,0.0000,0.0000,0.0000,1.0000,0.459,,,,,,,
11,Right,12,0.0025,0.0045,0.0620,0.0920,0.1035,-0.0134,0.9903,0.459,,,,,,,
11,Right,13,0.0000,0.0000,0.0429,0.0861,0.0034,-0.0118,0.9962,0.459,,,,,,,
11,Right,14,0.0000,0.0000,0.0275,-0.0104,0.0010,-0.0426,0.9990,0.459,,,,,,,
11,Right,15,0.0003,0.0011,0.0250,0.0000,0.0000,0.0000,1.0000,0.459,,,,,,,
11,Right,16,0.0150,-0.0060,0.0348,0.0000,0.0000,0.0000,1.0000,0.459,,,,,,,
11,Right,17,0.0025,-0.0005,0.0539,0.0696,0.1316,-0.0555,0.9873,0.459,,,,,,,
11,Right,18,0.0000,0.0000,0.0390,0.0864,0.0001,-0.0355,0.9956,0.459,,,,,,,
11,Right,19,0.0000,0.0000,0.0266,0.0255,-0.0294,-0.0058,0.9992,0.459,,,,,,,
11,Right,20,0.0003,0.0016,0.0243,0.0000,0.0000,0.0000,1.0000,0.459,,,,,,,
11,Right,21,0.0230,-0.0094,0.0341,0.0183,0.1403,-0.2070,0.9680,0.459,,,,,,,
11,Right,22,0.0000,0.0000,0.0457,-0.0470,0.0506,0.0974,0.9928,0.459,,,,,,,
11,Right,23,0.0000,0.0000,0.0307,0.1421,0.0365,-0.0509,0.9879,0.459,,,,,,,
11,Right,24,0.0000,0.0000,0.0203,-0.0130,-0.0492,0.0007,0.9987,0.459,,,,,,,
11,Right,25,-0.0002,0.0012,0.0219,0.0000,0.0000,0.0000,1.0000,0.459,,,,,,,
12,Left,0,0.0017,-0.0057,0.0655,0.0000,0.0000,0.0000,1.0000,0.500,,,,,,,
12,Left,1,0.0000,0.0000,0.0000,0.0000,0.0000,0.0000,1.0000,0.500,-0.5985,0.1238,0.0460,-0.6821,0.4370,-0.1868,-0.5557
12,Left,2,0.0262,-0.0210,0.0368,-0.0218,0.2994,-0.6549,0.6936,0.500,,,,,,,
12,Left,3,0.0000,0.0000,0.0325,0.2782,-0.0443,0.0805,0.9561,0.500,,,,,,,
12,Left,4,0.0000,0.0000,0.0338,0.2074,0.0419,-0.0757,0.9744,0.500,,,,,,,
12,Left,5,-0.0007,0.0010,0.0246,0.0000,0.0000,0.0000,1.0000,0.500,,,,,,,
12,Left,6,0.0178,-0.0120,0.0376,0.0000,0.0000,0.0000,1.0000,0.500,,,,,,,
12,Left,7,0.0057,0.0047,0.0584,0.4268,-0.0881,-0.0086,0.9000,0.500,,,,,,,
12,Left,8,0.0000,0.0000,0.0379,0.7422,0.0144,0.0212,0.6696,0.500,,,,,,,
12,Left,9,0.0000,0.0000,0.0243,0.5246,-0.0135,0.0166,0.8511,0.500,,,,,,,
12,Left,10,-0.0003,0.0010,0.0224,0.0000,0.0000,0.0000,1.0000,0.500,,,,,,,
12,Left,11,0.0016,-0.0089,0.0354,0.0000,0.0000,0.0000,1.0000,0.500,,,,,,,
12,Left,12,0.0001,0.0063,0.0602,0.5469,-0.0887,0.0603,0.8303,0.500,,,,,,,
12,Left,13,0.0000,0.0000,0.0429,0.7027,0.0048,0.0125,0.7114,0.500,,,,,,,
12,Left,14,0.0000,0.0000,0.0275,0.5264,0.0225,0.0886,0.8453,0.500,,,,,,,
12,Left,15,-0.0003,0.0011,0.0250,0.0000,0.0000,0.0000,1.0000,0.500,,,,,,,
12,Left,16,-0.0150,-0.0060,0.0348,0.0000,0.0000,0.0000,1.0000,0.500,,,,,,,
12,Left,17,-0.0025,-0.0005,0.0539,0.5989,-0.0648,0.1038,0.7914,0.500,,,,,,,
12,Left,18,0.0000,0.0000,0.0390,0.6814,0.0207,0.0417,0.7304,0.500,,,,,,,
12,Left,19,0.0000,0.0000,0.0266,0.5353,0.0272,0.0290,0.8437,0.500,,,,,,,
12,Left,20,-0.0003,0.0016,0.0243,0.0000,0.0000,0.0000,1.0000,0.500,,,,,,,
12,Left,21,-0.0230,-0.0094,0.0341,0.0183,-0.1403,0.2070,0.9680,0.500,,,,,,,
12,Left,22,0.0000,0.0000,0.0457,0.5710,-0.0451,-0.0537,0.8179,0.500,,,,,,,
12,Left,23,0.0000,0.0000,0.0307,0.6204,-0.0090,0.0848,0.7797,0.500,,,,,,,
12,Left,24,0.0000,0.0000,0.0203,0.5849,0.0395,-0.0026,0.8102,0.500,,,,,,,
12,Left,25,0.0002,0.0012,0.0219,0.0000,0.0000,0.0000,1.0000,0.500,,,,,,,
12,Right,0,-0.0030,-0.0048,0.0646,0.0000,0.0000,0.0000,1.0000,0.500,,,,,,,
12,Right,1,0.0000,0.0000,0.0000,0.0000,0.0000,0.0000,1.0000,0.500,-0.0376,0.0318,0.0316,0.6178,-0.0864,-0.0642,0.7789
12,Right,2,-0.0315,-0.0135,0.0332,-0.1803,-0.3073,0.5022,0.7880,0.500,,,,,,,
12,Right,3,0.0000,0.0000,0.0325,0.2917,0.0428,-0.0802,0.9522,0.500,,,,,,,
12,Right,4,0.0000,0.0000,0.0338,0.1137,-0.0506,0.0792,0.9891,0.500,,,,,,,
12,Right,5,0.0007,0.0010,0.0246,0.0000,0.0000,0.0000,1.0000,0.500,,,,,,,
12,Right,6,-0.0205,-0.0082,0.0358,0.0000,0.0000,0.0000,1.0000,0.500,,,,,,,
12,Right,7,-0.0031,0.0009,0.0602,0.0018,0.0579,0.0322,0.9978,0.500,,,,,,,
12,Right,8,0.0000,0.0000,0.0379,0.1071,0.0044,-0.0262,0.9939,0.500,,,,,,,
12,Right,9,0.0000,0.0000,0.0243,0.0505,0.0252,-0.0167,0.9983,0.500,,,,,,,
12,Right,10,0.0003,0.0010,0.0224,0.0000,0.0000,0.0000,1.0000,0.500,,,,,,,
12,Right,11,-0.0042,-0.0070,0.0336,0.0000,0.0000,0.0000,1.0000,0.500,,,,,,,
12,Right,12,0.0025,0.0045,0.0620,0.0918,0.1032,-0.0134,0.9903,0.500,,,,,,,
12,Right,13,0.0000,0.0000,0.0429,0.0870,0.0034,-0.0118,0.9961,0.500,,,,,,,
12,Right,14,0.0000,0.0000,0.0275,-0.0101,0.0010,-0.0426,0.9990,0.500,,,,,,,
12,Right,15,0.0003,0.0011,0.0250,0.0000,0.0000,0.0000,1.0000,0.500,,,,,,,
12,Right,16,0.0150,-0.0060,0.0348,0.0000,0.0000,0.0000,1.0000,0.500,,,,,,,
12,Right,17,0.0025,-0.0005,0.0539,0.0697,0.1312,-0.0555,0.9873,0.500,,,,,,,
12,Right,18,0.0000,0.0000,0.0390,0.0873,0.0000,-0.0356,0.9955,0.500,,,,,,,
12,Right,19,0.0000,0.0000,0.0266,0.0258,-0.0294,-0.0059,0.9992,0.500,,,,,,,
12,Right,20,0.0003,0.0016,0.0243,0.0000,0.0000,0.0000,1.0000,0.500,,,,,,,
12,Right,21,0.0230,-0.0094,0.0341,0.0183,0.1403,-0.2070,0.9680,0.500,,,,,,,
12,Right,22,0.0000,0.0000,0.0457,-0.0471,0.0503,0.0974,0.9929,0.500,,,,,,,
12,Right,23,0.0000,0.0000,0.0307,0.1423,0.0364,-0.0509,0.9878,0.500,,,,,,,
12,Right,24,0.0000,0.0000,0.0203,-0.0130,-0.0492,0.0007,0.9987,0.500,,,,,,,
12,Right,25,-0.0002,0.0012,0.0219,0.0000,0.0000,0.0000,1.0000,0.500,,,,,,,
13,Left,0,0.0017,-0.0057,0.0655,0.0000,0.0000,0.0000,1.0000,0.542,,,,,,,
13,Left,1,0.0000,0.0000,0.0000,0.0000,0.0000,0.0000,1.0000,0.542,-0.5979,0.1266,0.0449,-0.6816,0.4373,-0.1873,-0.5560
13,Left,2,0.0262,-0.0210,0.0368,-0.0213,0.2999,-0.6550,0.6933,0.542,,,,,,,
13,Left,3,0.0000,0.0000,0.0325,0.2792,-0.0441,0.0805,0.9558,0.542,,,,,,,
13,Left,4,0.0000,0.0000,0.0338,0.2065,0.0420,-0.0758,0.9746,0.542,,,,,,,
13,Left,5,-0.0007,0.0010,0.0246,0.0000,0.0000,0.0000,1.0000,0.542,,,,,,,
13,Left,6,0.0178,-0.0120,0.0376,0.0000,0.0000,0.0000,1.0000,0.542,,,,,,,
13,Left,7,0.0057,0.0047,0.0584,0.4280,-0.0891,-0.0082,0.8993,0.542,,,,,,,
13,Left,8,0.0000,0.0000,0.0379,0.7412,0.0143,0.0212,0.6708,0.542,,,,,,,
13,Left,9,0.0000,0.0000,0.0243,0.5236,-0.0136,0.0166,0.8517,0.542,,,,,,,
13,Left,10,-0.0003,0.0010,0.0224,0.0000,0.0000,0.0000,1.0000,0.542,,,,,,,
13,Left,11,0.0016,-0.0089,0.0354,0.0000,0.0000,0.0000,1.0000,0.542,,,,,,,
13,Left,12,0.0001,0.0063,0.0602,0.5473,-0.0892,0.0607,0.8300,0.542,,,,,,,
13,Left,13,0.0000,0.0000,0.0429,0.7024,0.0048,0.0125,0.7116,0.542,,,,,,,
13,Left,14,0.0000,0.0000,0.0275,0.5260,0.0225,0.0886,0.8456,0.542,,,,,,,
13,Left,15,-0.0003,0.0011,0.0250,0.0000,0.0000,0.0000,1.0000,0.542,,,,,,,
13,Left,16,-0.0150,-0.0060,0.0348,0.0000,0.0000,0.0000,1.0000,0.542,,,,,,,
13,Left,17,-0.0025,-0.0005,0.0539,0.5997,-0.0647,0.1039,0.7908,0.542,,,,,,,
13,Left,18,0.0000,0.0000,0.0390,0.6810,0.0206,0.0417,0.7308,0.542,,,,,,,
13,Left,19,0.0000,0.0000,0.0266,0.5355,0.0272,0.0290,0.8436,0.542,,,,,,,
13,Left,20,-0.0003,0.0016,0.0243,0.0000,0.0000,0.0000,1.0000,0.542,,,,,,,
13,Left,21,-0.0230,-0.0094,0.0341,0.0183,-0.1403,0.2070,0.9680,0.542,,,,,,,
13,Left,22,0.0000,0.0000,0.0457,0.5715,-0.0451,-0.0536,0.8176,0.542,,,,,,,
13,Left,23,0.0000,0.0000,0.0307,0.6192,-0.0091,0.0847,0.7806,0.542,,,,,,,
13,Left,24,0.0000,0.0000,0.0203,0.5857,0.0394,-0.0026,0.8095,0.542,,,,,,,
13,Left,25,0.0002,0.0012,0.0219,0.0000,0.0000,0.0000,1.0000,0.542,,,,,,,
13,Right,0,-0.0030,-0.0048,0.0646,0.0000,0.0000,0.0000,1.0000,0.542,,,,,,,
13,Right,1,0.0000,0.0000,0.0000,0.0000,0.0000,0.0000,1.0000,0.542,-0.0378,0.0322,0.0317,0.6184,-0.0859,-0.0642,0.7785
13,Right,2,-0.0315,-0.0135,0.0332,-0.1803,-0.3078,0.5019,0.7879,0.542,,,,,,,
13,Right,3,0.0000,0.0000,0.0325,0.2921,0.0428,-0.0802,0.9521,0.542,,,,,,,
13,Right,4,0.0000,0.0000,0.0338,0.1138,-0.0506,0.0792,0.9891,0.542,,,,,,,
13,Right,5,0.0007,0.0010,0.0246,0.0000,0.0000,0.0000,1.0000,0.542,,,,,,,
13,Right,6,-0.0205,-0.0082,0.0358,0.0000,0.0000,0.0000,1.0000,0.542,,,,,,,
13,Right,7,-0.0031,0.0009,0.0602,0.0023,0.0577,0.0322,0.9978,0.542,,,,,,,
13,Right,8,0.0000,0.0000,0.0379,0.1074,0.0044,-0.0262,0.9939,0.542,,,,,,,
13,Right,9,0.0000,0.0000,0.0243,0.0507,0.0252,-0.0167,0.9983,0.542,,,,,,,
13,Right,10,0.0003,0.0010,0.0224,0.0000,0.0000,0.0000,1.0000,0.542,,,,,,,
13,Right,11,-0.0042,-0.0070,0.0336,0.0000,0.0000,0.0000,1.0000,0.542,,,,,,,
13,Right,12,0.0025,0.0045,0.0620,0.0920,0.1025,-0.0134,0.9904,0.542,,,,,,,
13,Right,13,0.0000,0.0000,0.0429,0.0880,0.0034,-0.0118,0.9960,0.542,,,,,,,
13,Right,14,0.0000,0.0000,0.0275,-0.0098,0.0010,-0.0427,0.9990,0.542,,,,,,,
13,Right,15,0.0003,0.0011,0.0250,0.0000,0.0000,0.0000,1.0000,0.542,,,,,,,
13,Right,16,0.0150,-0.0060,0.0348,0.0000,0.0000,0.0000,1.0000,0.542,,,,,,,
13,Right,17,0.0025,-0.0005,0.0539,0.0695,0.1304,-0.0555,0.9875,0.542,,,,,,,
13,Right,18,0.0000,0.0000,0.0390,0.0882,0.0000,-0.0356,0.9955,0.542,,,,,,,
13,Right,19,0.0000,0.0000,0.0266,0.0259,-0.0294,-0.0059,0.9992,0.542,,,,,,,
13,Right,20,0.0003,0.0016,0.0243,0.0000,0.0000,0.0000,1.0000,0.542,,,,,,,
13,Right,21,0.0230,-0.0094,0.0341,0.0183,0.1403,-0.2070,0.9680,0.542,,,,,,,
13,Right,22,0.0000,0.0000,0.0457,-0.0471,0.0497,0.0973,0.9929,0.542,,,,,,,
13,Right,23,0.0000,0.0000,0.0307,0.1428,0.0364,-0.0509,0.9878,0.542,,,,,,,
13,Right,24,0.0000,0.0000,0.0203,-0.0129,-0.0492,0.0007,0.9987,0.542,,,,,,,
13,Right,25,-0.0002,0.0012,0.0219,0.0000,0.0000,0.0000,1.0000,0.542,,,,,,,
14,Left,0,0.0017,-0.0057,0.0655,0.0000,0.0000,0.0000,1.0000,0.584,,,,,,,
14,Left,1,0.0000,0.0000,0.0000,0.0000,0.0000,0.0000,1.0000,0.584,-0.5971,0.1312,0.0435,-0.6814,0.4375,-0.1875,-0.5560
14,Left,2,0.0262,-0.0210,0.0368,-0.0215,0.2996,-0.6550,0.6934,0.584,,,,,,,
14,Left,3,0.0000,0.0000,0.0325,0.2807,-0.0440,0.0805,0.9554,0.584,,,,,,,
14,Left,4,0.0000,0.0000,0.0338,0.2050,0.0422,-0.0758,0.9749,0.584,,,,,,,
14,Left,5,-0.0007,0.0010,0.0246,0.0000,0.0000,0.0000,1.0000,0.584,,,,,,,
14,Left,6,0.0178,-0.0120,0.0376,0.0000,0.0000,0.0000,1.0000,0.584,,,,,,,
14,Left,7,0.0057,0.0047,0.0584,0.4286,-0.0896,-0.0079,0.8990,0.584,,,,,,,
14,Left,8,0.0000,0.0000,0.0379,0.7400,0.0143,0.0212,0.6721,0.584,,,,,,,
14,Left,9,0.0000,0.0000,0.0243,0.5224,-0.0136,0.0166,0.8524,0.584,,,,,,,
14,Left,10,-0.0003,0.0010,0.0224,0.0000,0.0000,0.0000,1.0000,0.584,,,,,,,
14,Left,11,0.0016,-0.0089,0.0354,0.0000,0.0000,0.0000,1.0000,0.584,,,,,,,
14,Left,12,0.0001,0.0063,0.0602,0.5478,-0.0898,0.0611,0.8295,0.584,,,,,,,
14,Left,13,0.0000,0.0000,0.0429,0.7022,0.0048,0.0125,0.7119,0.584,,,,,,,
14,Left,14,0.0000,0.0000,0.0275,0.5255,0.0225,0.0885,0.8459,0.584,,,,,,,
14,Left,15,-0.0003,0.0011,0.0250,0.0000,0.0000,0.0000,1.0000,0.584,,,,,,,
14,Left,16,-0.0150,-0.0060,0.0348,0.0000,0.0000,0.0000,1.0000,0.584,,,,,,,
14,Left,17,-0.0025,-0.0005,0.0539,0.6004,-0.0650,0.1042,0.7902,0.584,,,,,,,
14,Left,18,0.0000,0.0000,0.0390,0.6802,0.0206,0.0417,0.7315,0.584,,,,,,,
14,Left,19,0.0000,0.0000,0.0266,0.5357,0.0272,0.0291,0.8434,0.584,,,,,,,
14,Left,20,-0.0003,0.0016,0.0243,0.0000,0.0000,0.0000,1.0000,0.584,,,,,,,
14,Left,21,-0.0230,-0.0094,0.0341,0.0183,-0.1403,0.2070,0.9680,0.584,,,,,,,
14,Left,22,0.0000,0.0000,0.0457,0.5727,-0.0446,-0.0539,0.8168,0.584,,,,,,,
14,Left,23,0.0000,0.0000,0.0307,0.6151,-0.0094,0.0845,0.7839,0.584,,,,,,,
14,Left,24,0.0000,0.0000,0.0203,0.5862,0.0394,-0.0026,0.8092,0.584,,,,,,,
14,Left,25,0.0002,0.0012,0.0219,0.0000,0.0000,0.0000,1.0000,0.584,,,,,,,
14,Right,0,-0.0030,-0.0048,0.0646,0.0000,0.0000,0.0000,1.0000,0.584,,,,,,,
14,Right,1,0.0000,0.0000,0.0000,0.0000,0.0000,0.0000,1.0000,0.584,-0.0379,0.0329,0.0323,0.6205,-0.0857,-0.0641,0.7769
14,Right,2,-0.0315,-0.0135,0.0332,-0.1803,-0.3086,0.5016,0.7878,0.584,,,,,,,
14,Right,3,0.0000,0.0000,0.0325,0.2932,0.0427,-0.0802,0.9517,0.584,,,,,,,
14,Right,4,0.0000,0.0000,0.0338,0.1141,-0.0505,0.0791,0.9890,0.584,,,,,,,
14,Right,5,0.0007,0.0010,0.0246,0.0000,0.0000,0.0000,1.0000,0.584,,,,,,,
14,Right,6,-0.0205,-0.0082,0.0358,0.0000,0.0000,0.0000,1.0000,0.584,,,,,,,
14,Right,7,-0.0031,0.0009,0.0602,0.0030,0.0579,0.0322,0.9978,0.584,,,,,,,
14,Right,8,0.0000,0.0000,0.0379,0.1078,0.0044,-0.0262,0.9938,0.584,,,,,,,
14,Right,9,0.0000,0.0000,0.0243,0.0508,0.0252,-0.0167,0.9983,0.584,,,,,,,
14,Right,10,0.0003,0.0010,0.0224,0.0000,0.0000,0.0000,1.0000,0.584,,,,,,,
14,Right,11,-0.0043,-0.0070,0.0336,0.0000,0.0000,0.0000,1.0000,0.584,,,,,,,
14,Right,12,0.0025,0.0045,0.0620,0.0920,0.1018,-0.0133,0.9905,0.584,,,,,,,
14,Right,13,0.0000,0.0000,0.0429,0.0889,0.0033,-0.0118,0.9960,0.584,,,,,,,
14,Right,14,0.0000,0.0000,0.0275,-0.0095,0.0010,-0.0427,0.9990,0.584,,,,,,,
14,Right,15,0.0003,0.0011,0.0250,0.0000,0.0000,0.0000,1.0000,0.584,,,,,,,
14,Right,16,0.0150,-0.0060,0.0348,0.0000,0.0000,0.0000,1.0000,0.584,,,,,,,
14,Right,17,0.0025,-0.0005,0.0539,0.0691,0.1295,-0.0554,0.9876,0.584,,,,,,,
14,Right,18,0.0000,0.0000,0.0390,0.0888,0.0000,-0.0356,0.9954,0.584,,,,,,,
14,Right,19,0.0000,0.0000,0.0266,0.0259,-0.0294,-0.0059,0.9992,0.584,,,,,,,
14,Right,20,0.0003,0.0016,0.0243,0.0000,0.0000,0.0000,1.0000,0.584,,,,,,,
14,Right,21,0.0230,-0.0094,0.0341,0.0183,0.1403,-0.2070,0.9680,0.584,,,,,,,
14,Right,22,0.0000,0.0000,0.0457,-0.0468,0.0488,0.0973,0.9930,0.584,,,,,,,
14,Right,23,0.0000,0.0000,0.0307,0.1432,0.0364,-0.0510,0.9877,0.584,,,,,,,
14,Right,24,0.0000,0.0000,0.0203,-0.0127,-0.0492,0.0007,0.9987,0.584,,,,,,,
14,Right,25,-0.0002,0.0012,0.0219,0.0000,0.0000,0.0000,1.0000,0.584,,,,,,,
15,Left,0,0.0017,-0.0057,0.0655,0.0000,0.0000,0.0000,1.0000,0.625,,,,,,,
15,Left,1,0.0000,0.0000,0.0000,0.0000,0.0000,0.0000,1.0000,0.625,-0.5969,0.1345,0.0429,-0.6821,0.4375,-0.1866,-0.5555
15,Left,2,0.0262,-0.0211,0.0368,-0.0213,0.2993,-0.6553,0.6932,0.625,,,,,,,
15,Left,3,0.0000,0.0000,0.0325,0.2811,-0.0439,0.0805,0.9553,0.625,,,,,,,
15,Left,4,0.0000,0.0000,0.0338,0.2009,0.0425,-0.0760,0.9757,0.625,,,,,,,
15,Left,5,-0.0007,0.0010,0.0246,0.0000,0.0000,0.0000,1.0000,0.625,,,,,,,
15,Left,6,0.0178,-0.0120,0.0376,0.0000,0.0000,0.0000,1.0000,0.625,,,,,,,
15,Left,7,0.0057,0.0047,0.0584,0.4279,-0.0900,-0.0078,0.8993,0.625,,,,,,,
15,Left,8,0.0000,0.0000,0.0379,0.7391,0.0143,0.0212,0.6731,0.625,,,,,,,
15,Left,9,0.0000,0.0000,0.0243,0.5215,-0.0136,0.0166,0.8530,0.625,,,,,,,
15,Left,10,-0.0003,0.0010,0.0224,0.0000,0.0000,0.0000,1.0000,0.625,,,,,,,
15,Left,11,0.0016,-0.0089,0.0354,0.0000,0.0000,0.0000,1.0000,0.625,,,,,,,
15,Left,12,0.0001,0.0063,0.0602,0.5478,-0.0906,0.0616,0.8294,0.625,,,,,,,
15,Left,13,0.0000,0.0000,0.0429,0.7016,0.0048,0.0125,0.7125,0.625,,,,,,,
15,Left,14,0.0000,0.0000,0.0275,0.5247,0.0224,0.0885,0.8463,0.625,,,,,,,
15,Left,15,-0.0003,0.0011,0.0250,0.0000,0.0000,0.0000,1.0000,0.625,,,,,,,
15,Left,16,-0.0150,-0.0060,0.0348,0.0000,0.0000,0.0000,1.0000,0.625,,,,,,,
15,Left,17,-0.0025,-0.0005,0.0539,0.6012,-0.0654,0.1046,0.7895,0.625,,,,,,,
15,Left,18,0.0000,0.0000,0.0390,0.6796,0.0206,0.0417,0.7321,0.625,,,,,,,
15,Left,19,0.0000,0.0000,0.0266,0.5354,0.0272,0.0290,0.8437,0.625,,,,,,,
15,Left,20,-0.0003,0.0016,0.0243,0.0000,0.0000,0.0000,1.0000,0.625,,,,,,,
15,Left,21,-0.0230,-0.0094,0.0341,0.0183,-0.1403,0.2070,0.9680,0.625,,,,,,,
15,Left,22,0.0000,0.0000,0.0457,0.5737,-0.0450,-0.0537,0.8160,0.625,,,,,,,
15,Left,23,0.0000,0.0000,0.0307,0.6140,-0.0095,0.0844,0.7848,0.625,,,,,,,
15,Left,24,0.0000,0.0000,0.0203,0.5866,0.0394,-0.0026,0.8089,0.625,,,,,,,
15,Left,25,0.0002,0.0012,0.0219,0.0000,0.0000,0.0000,1.0000,0.625,,,,,,,
15,Right,0,-0.0030,-0.0048,0.0646,0.0000,0.0000,0.0000,1.0000,0.625,,,,,,,
15,Right,1,0.0000,0.0000,0.0000,0.0000,0.0000,0.0000,1.0000,0.625,-0.0387,0.0337,0.0330,0.6232,-0.0845,-0.0632,0.7749
15,Right,2,-0.0315,-0.0135,0.0332,-0.1800,-0.3094,0.5017,0.7875,0.625,,,,,,,
15,Right,3,0.0000,0.0000,0.0325,0.2942,0.0426,-0.0802,0.9514,0.625,,,,,,,
15,Right,4,0.0000,0.0000,0.0338,0.1150,-0.0505,0.0791,0.9889,0.625,,,,,,,
15,Right,5,0.0007,0.0010,0.0246,0.0000,0.0000,0.0000,1.0000,0.625,,,,,,,
15,Right,6,-0.0205,-0.0082,0.0358,0.0000,0.0000,0.0000,1.0000,0.625,,,,,,,
15,Right,7,-0.0031,0.0009,0.0602,0.0042,0.0577,0.0321,0.9978,0.625,,,,,,,
15,Right,8,0.0000,0.0000,0.0379,0.1081,0.0044,-0.0262,0.9938,0.625,,,,,,,
15,Right,9,0.0000,0.0000,0.0243,0.0510,0.0252,-0.0167,0.9982,0.625,,,,,,,
15,Right,10,0.0003,0.0010,0.0224,0.0000,0.0000,0.0000,1.0000,0.625,,,,,,,
15,Right,11,-0.0043,-0.0070,0.0336,0.0000,0.0000,0.0000,1.0000,0.625,,,,,,,
15,Right,12,0.0025,0.0044,0.0620,0.0922,0.1009,-0.0133,0.9905,0.625,,,,,,,
15,Right,13,0.0000,0.0000,0.0429,0.0898,0.0033,-0.0118,0.9959,0.625,,,,,,,
15,Right,14,0.0000,0.0000,0.0275,-0.0091,0.0009,-0.0427,0.9990,0.625,,,,,,,
15,Right,15,0.0003,0.0011,0.0250,0.0000,0.0000,0.0000,1.0000,0.625,,,,,,,
15,Right,16,0.0150,-0.0060,0.0348,0.0000,0.0000,0.0000,1.0000,0.625,,,,,,,
15,Right,17,0.0025,-0.0005,0.0539,0.0691,0.1287,-0.0554,0.9877,0.625,,,,,,,
15,Right,18,0.0000,0.0000,0.0390,0.0897,0.0000,-0.0356,0.9953,0.625,,,,,,,
15,Right,19,0.0000,0.0000,0.0266,0.0263,-0.0294,-0.0059,0.9992,0.625,,,,,,,
15,Right,20,0.0003,0.0016,0.0243,0.0000,0.0000,0.0000,1.0000,0.625,,,,,,,
15,Right,21,0.0230,-0.0094,0.0341,0.0183,0.1403,-0.2070,0.9680,0.625,,,,,,,
15,Right,22,0.0000,0.0000,0.0457,-0.0462,0.0479,0.0972,0.9930,0.625,,,,,,,
15,Right,23,0.0000,0.0000,0.0307,0.1433,0.0364,-0.0510,0.9877,0.625,,,,,,,
15,Right,24,0.0000,0.0000,0.0203,-0.0125,-0.0492,0.0007,0.9987,0.625,,,,,,,
15,Right,25,-0.0002,0.0012,0.0219,0.0000,0.0000,0.0000,1.0000,0.625,,,,,,,
16,Left,0,0.0017,-0.0057,0.0655,0.0000,0.0000,0.0000,1.0000,0.667,,,,,,,
16,Left,1,0.0000,0.0000,0.0000,0.0000,0.0000,0.0000,1.0000,0.667,-0.5971,0.1387,0.0398,-0.6819,0.4382,-0.1866,-0.5552
16,Left,2,0.0262,-0.0211,0.0368,-0.0212,0.2987,-0.6557,0.6931,0.667,,,,,,,
16,Left,3,0.0000,0.0000,0.0325,0.2810,-0.0440,0.0805,0.9553,0.667,,,,,,,
16,Left,4,0.0000,0.0000,0.0338,0.2002,0.0426,-0.0760,0.9759,0.667,,,,,,,
16,Left,5,-0.0007,0.0010,0.0246,0.0000,0.0000,0.0000,1.0000,0.667,,,,,,,
16,Left,6,0.0178,-0.0120,0.0376,0.0000,0.0000,0.0000,1.0000,0.667,,,,,,,
16,Left,7,0.0058,0.0047,0.0584,0.4263,-0.0906,-0.0077,0.9000,0.667,,,,,,,
16,Left,8,0.0000,0.0000,0.0379,0.7388,0.0142,0.0212,0.6734,0.667,,,,,,,
16,Left,9,0.0000,0.0000,0.0243,0.5213,-0.0136,0.0166,0.8531,0.667,,,,,,,
16,Left,10,-0.0003,0.0010,0.0224,0.0000,0.0000,0.0000,1.0000,0.667,,,,,,,
16,Left,11,0.0016,-0.0089,0.0355,0.0000,0.0000,0.0000,1.0000,0.667,,,,,,,
16,Left,12,0.0001,0.0064,0.0602,0.5475,-0.0913,0.0620,0.8295,0.667,,,,,,,
16,Left,13,0.0000,0.0000,0.0429,0.7012,0.0048,0.0125,0.7129,0.667,,,,,,,
16,Left,14,0.0000,0.0000,0.0275,0.5241,0.0224,0.0884,0.8467,0.667,,,,,,,
16,Left,15,-0.0003,0.0011,0.0250,0.0000,0.0000,0.0000,1.0000,0.667,,,,,,,
16,Left,16,-0.0150,-0.0060,0.0348,0.0000,0.0000,0.0000,1.0000,0.667,,,,,,,
16,Left,17,-0.0025,-0.0005,0.0539,0.6019,-0.0656,0.1049,0.7889,0.667,,,,,,,
16,Left,18,0.0000,0.0000,0.0390,0.6790,0.0206,0.0417,0.7327,0.667,,,,,,,
16,Left,19,0.0000,0.0000,0.0266,0.5350,0.0272,0.0290,0.8439,0.667,,,,,,,
16,Left,20,-0.0003,0.0016,0.0243,0.0000,0.0000,0.0000,1.0000,0.667,,,,,,,
16,Left,21,-0.0230,-0.0094,0.0341,0.0183,-0.1403,0.2070,0.9680,0.667,,,,,,,
16,Left,22,0.0000,0.0000,0.0457,0.5757,-0.0447,-0.0538,0.8147,0.667,,,,,,,
16,Left,23,0.0000,0.0000,0.0307,0.6129,-0.0096,0.0843,0.7856,0.667,,,,,,,
16,Left,24,0.0000,0.0000,0.0203,0.5868,0.0394,-0.0026,0.8088,0.667,,,,,,,
16,Left,25,0.0002,0.0012,0.0219,0.0000,0.0000,0.0000,1.0000,0.667,,,,,,,
16,Right,0,-0.0030,-0.0048,0.0646,0.0000,0.0000,0.0000,1.0000,0.667,,,,,,,
16,Right,1,0.0000,0.0000,0.0000,0.0000,0.0000,0.0000,1.0000,0.667,-0.0387,0.0342,0.0329,0.6235,-0.0842,-0.0635,0.7747
16,Right,2,-0.0315,-0.0134,0.0332,-0.1803,-0.3098,0.5012,0.7876,0.667,,,,,,,
16,Right,3,0.0000,0.0000,0.0325,0.2951,0.0425,-0.0801,0.9511,0.667,,,,,,,
16,Right,4,0.0000,0.0000,0.0338,0.1153,-0.0504,0.0791,0.9889,0.667,,,,,,,
16,Right,5,0.0007,0.0010,0.0246,0.0000,0.0000,0.0000,1.0000,0.667,,,,,,,
16,Right,6,-0.0205,-0.0082,0.0358,0.0000,0.0000,0.0000,1.0000,0.667,,,,,,,
16,Right,7,-0.0031,0.0009,0.0602,0.0053,0.0576,0.0321,0.9978,0.667,,,,,,,
16,Right,8,0.0000,0.0000,0.0379,0.1082,0.0044,-0.0262,0.9938,0.667,,,,,,,
16,Right,9,0.0000,0.0000,0.0243,0.0511,0.0252,-0.0167,0.9982,0.667,,,,,,,
16,Right,10,0.0003,0.0010,0.0224,0.0000,0.0000,0.0000,1.0000,0.667,,,,,,,
16,Right,11,-0.0043,-0.0070,0.0336,0.0000,0.0000,0.0000,1.0000,0.667,,,,,,,
16,Right,12,0.0025,0.0044,0.0620,0.0922,0.1001,-0.0133,0.9906,0.667,,,,,,,
16,Right,13,0.0000,0.0000,0.0429,0.0905,0.0033,-0.0118,0.9958,0.667,,,,,,,
16,Right,14,0.0000,0.0000,0.0275,-0.0088,0.0009,-0.0428,0.9990,0.667,,,,,,,
16,Right,15,0.0003,0.0011,0.0250,0.0000,0.0000,0.0000,1.0000,0.667,,,,,,,
16,Right,16,0.0150,-0.0060,0.0348,0.0000,0.0000,0.0000,1.0000,0.667,,,,,,,
16,Right,17,0.0025,-0.0005,0.0539,0.0690,0.1275,-0.0554,0.9879,0.667,,,,,,,
16,Right,18,0.0000,0.0000,0.0390,0.0904,-0.0001,-0.0356,0.9953,0.667,,,,,,,
16,Right,19,0.0000,0.0000,0.0266,0.0266,-0.0294,-0.0059,0.9992,0.667,,,,,,,
16,Right,20,0.0003,0.0016,0.0243,0.0000,0.0000,0.0000,1.0000,0.667,,,,,,,
16,Right,21,0.0230,-0.0094,0.0341,0.0183,0.1403,-0.2070,0.9680,0.667,,,,,,,
16,Right,22,0.0000,0.0000,0.0457,-0.0458,0.0471,0.0971,0.9931,0.667,,,,,,,
16,Right,23,0.0000,0.0000,0.0307,0.1435,0.0364,-0.0510,0.9877,0.667,,,,,,,
16,Right,24,0.0000,0.0000,0.0203,-0.0123,-0.0492,0.0007,0.9987,0.667,,,,,,,
16,Right,25,-0.0002,0.0012,0.0219,0.0000,0.0000,0.0000,1.0000,0.667,,,,,,,
17,Left,0,0.0017,-0.0057,0.0655,0.0000,0.0000,0.0000,1.0000,0.709,,,,,,,
17,Left,1,0.0000,0.0000,0.0000,0.0000,0.0000,0.0000,1.0000,0.709,-0.5979,0.1412,0.0379,-0.6817,0.4382,-0.1867,-0.5554
17,Left,2,0.0262,-0.0211,0.0368,-0.0209,0.2988,-0.6559,0.6929,0.709,,,,,,,
17,Left,3,0.0000,0.0000,0.0325,0.2810,-0.0440,0.0805,0.9553,0.709,,,,,,,
17,Left,4,0.0000,0.0000,0.0338,0.2005,0.0426,-0.0760,0.9758,0.709,,,,,,,
17,Left,5,-0.0007,0.0010,0.0246,0.0000,0.0000,0.0000,1.0000,0.709,,,,,,,
17,Left,6,0.0178,-0.0120,0.0376,0.0000,0.0000,0.0000,1.0000,0.709,,,,,,,
17,Left,7,0.0058,0.0047,0.0584,0.4259,-0.0913,-0.0074,0.9001,0.709,,,,,,,
17,Left,8,0.0000,0.0000,0.0379,0.7390,0.0142,0.0212,0.6733,0.709,,,,,,,
17,Left,9,0.0000,0.0000,0.0243,0.5215,-0.0136,0.0166,0.8530,0.709,,,,,,,
17,Left,10,-0.0003,0.0010,0.0224,0.0000,0.0000,0.0000,1.0000,0.709,,,,,,,
17,Left,11,0.0016,-0.0089,0.0355,0.0000,0.0000,0.0000,1.0000,0.709,,,,,,,
17,Left,12,0.0001,0.0064,0.0602,0.5476,-0.0922,0.0626,0.8293,0.709,,,,,,,
17,Left,13,0.0000,0.0000,0.0429,0.7013,0.0048,0.0125,0.7127,0.709,,,,,,,
17,Left,14,0.0000,0.0000,0.0275,0.5240,0.0224,0.0884,0.8468,0.709,,,,,,,
17,Left,15,-0.0003,0.0011,0.0250,0.0000,0.0000,0.0000,1.0000,0.709,,,,,,,
17,Left,16,-0.0150,-0.0060,0.0348,0.0000,0.0000,0.0000,1.0000,0.709,,,,,,,
17,Left,17,-0.0025,-0.0005,0.0539,0.6028,-0.0660,0.1053,0.7882,0.709,,,,,,,
17,Left,18,0.0000,0.0000,0.0390,0.6787,0.0206,0.0417,0.7329,0.709,,,,,,,
17,Left,19,0.0000,0.0000,0.0266,0.5346,0.0272,0.0290,0.8441,0.709,,,,,,,
17,Left,20,-0.0003,0.0016,0.0243,0.0000,0.0000,0.0000,1.0000,0.709,,,,,,,
17,Left,21,-0.0230,-0.0094,0.0341,0.0183,-0.1403,0.2070,0.9680,0.709,,,,,,,
17,Left,22,0.0000,0.0000,0.0457,0.5776,-0.0447,-0.0537,0.8133,0.709,,,,,,,
17,Left,23,0.0000,0.0000,0.0307,0.6122,-0.0096,0.0843,0.7862,0.709,,,,,,,
17,Left,24,0.0000,0.0000,0.0203,0.5867,0.0394,-0.0026,0.8088,0.709,,,,,,,
17,Left,25,0.0002,0.0012,0.0219,0.0000,0.0000,0.0000,1.0000,0.709,,,,,,,
17,Right,0,-0.0030,-0.0048,0.0646,0.0000,0.0000,0.0000,1.0000,0.709,,,,,,,
17,Right,1,0.0000,0.0000,0.0000,0.0000,0.0000,0.0000,1.0000,0.709,-0.0386,0.0345,0.0327,0.6243,-0.0838,-0.0641,0.7740
17,Right,2,-0.0315,-0.0134,0.0332,-0.1804,-0.3104,0.5007,0.7876,0.709,,,,,,,
17,Right,3,0.0000,0.0000,0.0325,0.2958,0.0424,-0.0801,0.9509,0.709,,,,,,,
17,Right,4,0.0000,0.0000,0.0338,0.1157,-0.0504,0.0791,0.9888,0.709,,,,,,,
17,Right,5,0.0007,0.0010,0.0246,0.0000,0.0000,0.0000,1.0000,0.709,,,,,,,
17,Right,6,-0.0205,-0.0082,0.0358,0.0000,0.0000,0.0000,1.0000,0.709,,,,,,,
17,Right,7,-0.0031,0.0008,0.0602,0.0063,0.0577,0.0321,0.9978,0.709,,,,,,,
17,Right,8,0.0000,0.0000,0.0379,0.1081,0.0044,-0.0262,0.9938,0.709,,,,,,,
17,Right,9,0.0000,0.0000,0.0243,0.0511,0.0252,-0.0167,0.9982,0.709,,,,,,,
17,Right,10,0.0003,0.0010,0.0224,0.0000,0.0000,0.0000,1.0000,0.709,,,,,,,
17,Right,11,-0.0043,-0.0070,0.0336,0.0000,0.0000,0.0000,1.0000,0.709,,,,,,,
17,Right,12,0.0025,0.0044,0.0620,0.0923,0.0997,-0.0133,0.9906,0.709,,,,,,,
17,Right,13,0.0000,0.0000,0.0429,0.0913,0.0033,-0.0118,0.9958,0.709,,,,,,,
17,Right,14,0.0000,0.0000,0.0275,-0.0084,0.0009,-0.0428,0.9990,0.709,,,,,,,
17,Right,15,0.0003,0.0011,0.0250,0.0000,0.0000,0.0000,1.0000,0.709,,,,,,,
17,Right,16,0.0150,-0.0060,0.0348,0.0000,0.0000,0.0000,1.0000,0.709,,,,,,,
17,Right,17,0.0025,-0.0005,0.0539,0.0688,0.1268,-0.0554,0.9880,0.709,,,,,,,
17,Right,18,0.0000,0.0000,0.0390,0.0912,-0.0001,-0.0357,0.9952,0.709,,,,,,,
17,Right,19,0.0000,0.0000,0.0266,0.0269,-0.0294,-0.0059,0.9992,0.709,,,,,,,
17,Right,20,0.0003,0.0016,0.0243,0.0000,0.0000,0.0000,1.0000,0.709,,,,,,,
17,Right,21,0.0230,-0.0094,0.0341,0.0183,0.1403,-0.2070,0.9680,0.709,,,,,,,
17,Right,22,0.0000,0.0000,0.0457,-0.0460,0.0460,0.0971,0.9932,0.709,,,,,,,
17,Right,23,0.0000,0.0000,0.0307,0.1437,0.0364,-0.0510,0.9876,0.709,,,,,,,
17,Right,24,0.0000,0.0000,0.0203,-0.0123,-0.0492,0.0007,0.9987,0.709,,,,,,,
17,Right,25,-0.0002,0.0012,0.0219,0.0000,0.0000,0.0000,1.0000,0.709,,,,,,,
18,Left,0,0.0017,-0.0057,0.0655,0.0000,0.0000,0.0000,1.0000,0.750,,,,,,,
18,Left,1,0.0000,0.0000,0.0000,0.0000,0.0000,0.0000,1.0000,0.750,-0.5983,0.1426,0.0367,-0.6817,0.4386,-0.1860,-0.5553
18,Left,2,0.0262,-0.0211,0.0368,-0.0203,0.2997,-0.6558,0.6926,0.750,,,,,,,
18,Left,3,0.0000,0.0000,0.0325,0.2812,-0.0439,0.0805,0.9553,0.750,,,,,,,
18,Left,4,0.0000,0.0000,0.0338,0.2014,0.0425,-0.0760,0.9756,0.750,,,,,,,
18,Left,5,-0.0007,0.0010,0.0246,0.0000,0.0000,0.0000,1.0000,0.750,,,,,,,
18,Left,6,0.0178,-0.0120,0.0376,0.0000,0.0000,0.0000,1.0000,0.750,,,,,,,
18,Left,7,0.0057,0.0047,0.0584,0.4258,-0.0918,-0.0072,0.9001,0.750,,,,,,,
18,Left,8,0.0000,0.0000,0.0379,0.7389,0.0142,0.0212,0.6733,0.750,,,,,,,
18,Left,9,0.0000,0.0000,0.0243,0.5218,-0.0136,0.0166,0.8528,0.750,,,,,,,
18,Left,10,-0.0003,0.0010,0.0224,0.0000,0.0000,0.0000,1.0000,0.750,,,,,,,
18,Left,11,0.0016,-0.0089,0.0355,0.0000,0.0000,0.0000,1.0000,0.750,,,,,,,
18,Left,12,0.0001,0.0064,0.0602,0.5478,-0.0931,0.0631,0.8290,0.750,,,,,,,
18,Left,13,0.0000,0.0000,0.0429,0.7010,0.0048,0.0125,0.7130,0.750,,,,,,,
18,Left,14,0.0000,0.0000,0.0275,0.5240,0.0224,0.0884,0.8468,0.750,,,,,,,
18,Left,15,-0.0003,0.0011,0.0250,0.0000,0.0000,0.0000,1.0000,0.750,,,,,,,
18,Left,16,-0.0150,-0.0060,0.0348,0.0000,0.0000,0.0000,1.0000,0.750,,,,,,,
18,Left,17,-0.0025,-0.0005,0.0539,0.6036,-0.0662,0.1055,0.7875,0.750,,,,,,,
18,Left,18,0.0000,0.0000,0.0390,0.6783,0.0205,0.0417,0.7333,0.750,,,,,,,
18,Left,19,0.0000,0.0000,0.0266,0.5344,0.0272,0.0290,0.8443,0.750,,,,,,,
18,Left,20,-0.0003,0.0016,0.0243,0.0000,0.0000,0.0000,1.0000,0.750,,,,,,,
18,Left,21,-0.0230,-0.0094,0.0341,0.0183,-0.1403,0.2070,0.9680,0.750,,,,,,,
18,Left,22,0.0000,0.0000,0.0457,0.5793,-0.0444,-0.0539,0.8121,0.750,,,,,,,
18,Left,23,0.0000,0.0000,0.0307,0.6116,-0.0097,0.0843,0.7866,0.750,,,,,,,
18,Left,24,0.0000,0.0000,0.0203,0.5866,0.0394,-0.0026,0.8089,0.750,,,,,,,
18,Left,25,0.0002,0.0012,0.0219,0.0000,0.0000,0.0000,1.0000,0.750,,,,,,,
18,Right,0,-0.0030,-0.0048,0.0646,0.0000,0.0000,0.0000,1.0000,0.750,,,,,,,
18,Right,1,0.0000,0.0000,0.0000,0.0000,0.0000,0.0000,1.0000,0.750,-0.0385,0.0348,0.0326,0.6255,-0.0838,-0.0648,0.7730
18,Right,2,-0.0315,-0.0134,0.0332,-0.1805,-0.3111,0.5004,0.7876,0.750,,,,,,,
18,Right,3,0.0000,0.0000,0.0325,0.2966,0.0423,-0.0801,0.9507,0.750,,,,,,,
18,Right,4,0.0000,0.0000,0.0338,0.1164,-0.0503,0.0791,0.9888,0.750,,,,,,,
18,Right,5,0.0007,0.0010,0.0246,0.0000,0.0000,0.0000,1.0000,0.750,,,,,,,
18,Right,6,-0.0205,-0.0081,0.0358,0.0000,0.0000,0.0000,1.0000,0.750,,,,,,,
18,Right,7,-0.0031,0.0008,0.0602,0.0073,0.0579,0.0321,0.9978,0.750,,,,,,,
18,Right,8,0.0000,0.0000,0.0379,0.1078,0.0044,-0.0262,0.9938,0.750,,,,,,,
18,Right,9,0.0000,0.0000,0.0243,0.0511,0.0252,-0.0167,0.9982,0.750,,,,,,,
18,Right,10,0.0003,0.0010,0.0224,0.0000,0.0000,0.0000,1.0000,0.750,,,,,,,
18,Right,11,-0.0043,-0.0070,0.0336,0.0000,0.0000,0.0000,1.0000,0.750,,,,,,,
18,Right,12,0.0025,0.0044,0.0620,0.0924,0.0995,-0.0133,0.9906,0.750,,,,,,,
18,Right,13,0.0000,0.0000,0.0429,0.0919,0.0033,-0.0118,0.9957,0.750,,,,,,,
18,Right,14,0.0000,0.0000,0.0275,-0.0081,0.0009,-0.0428,0.9990,0.750,,,,,,,
18,Right,15,0.0003,0.0011,0.0250,0.0000,0.0000,0.0000,1.0000,0.750,,,,,,,
18,Right,16,0.0150,-0.0060,0.0348,0.0000,0.0000,0.0000,1.0000,0.750,,,,,,,
18,Right,17,0.0025,-0.0005,0.0539,0.0684,0.1263,-0.0553,0.9881,0.750,,,,,,,
18,Right,18,0.0000,0.0000,0.0390,0.0919,-0.0001,-0.0357,0.9951,0.750,,,,,,,
18,Right,19,0.0000,0.0000,0.0266,0.0272,-0.0294,-0.0059,0.9992,0.750,,,,,,,
18,Right,20,0.0003,0.0016,0.0243,0.0000,0.0000,0.0000,1.0000,0.750,,,,,,,
18,Right,21,0.0230,-0.0094,0.0341,0.0183,0.1403,-0.2070,0.9680,0.750,,,,,,,
18,Right,22,0.0000,0.0000,0.0457,-0.0463,0.0449,0.0971,0.9932,0.750,,,,,,,
18,Right,23,0.0000,0.0000,0.0307,0.1438,0.0364,-0.0510,0.9876,0.750,,,,,,,
18,Right,24,0.0000,0.0000,0.0203,-0.0122,-0.0492,0.0007,0.9987,0.750,,,,,,,
18,Right,25,-0.0002,0.0012,0.0219,0.0000,0.0000,0.0000,1.0000,0.750,,,,,,,
19,Left,0,0.0017,-0.0057,0.0655,0.0000,0.0000,0.0000,1.0000,0.792,,,,,,,
19,Left,1,0.0000,0.0000,0.0000,0.0000,0.0000,0.0000,1.0000,0.792,-0.5985,0.1448,0.0359,-0.6818,0.4399,-0.1845,-0.5546
19,Left,2,0.0262,-0.0211,0.0368,-0.0201,0.3004,-0.6555,0.6925,0.792,,,,,,,
19,Left,3,0.0000,0.0000,0.0325,0.2825,-0.0438,0.0804,0.9549,0.792,,,,,,,
19,Left,4,0.0000,0.0000,0.0338,0.2121,0.0415,-0.0755,0.9734,0.792,,,,,,,
19,Left,5,-0.0007,0.0010,0.0246,0.0000,0.0000,0.0000,1.0000,0.792,,,,,,,
19,Left,6,0.0178,-0.0120,0.0376,0.0000,0.0000,0.0000,1.0000,0.792,,,,,,,
19,Left,7,0.0057,0.0047,0.0584,0.4257,-0.0922,-0.0070,0.9001,0.792,,,,,,,
19,Left,8,0.0000,0.0000,0.0379,0.7388,0.0142,0.0212,0.6735,0.792,,,,,,,
19,Left,9,0.0000,0.0000,0.0243,0.5220,-0.0136,0.0166,0.8526,0.792,,,,,,,
19,Left,10,-0.0003,0.0010,0.0224,0.0000,0.0000,0.0000,1.0000,0.792,,,,,,,
19,Left,11,0.0016,-0.0089,0.0354,0.0000,0.0000,0.0000,1.0000,0.792,,,,,,,
19,Left,12,0.0001,0.0064,0.0602,0.5481,-0.0935,0.0634,0.8287,0.792,,,,,,,
19,Left,13,0.0000,0.0000,0.0429,0.7003,0.0048,0.0125,0.7138,0.792,,,,,,,
19,Left,14,0.0000,0.0000,0.0275,0.5236,0.0224,0.0884,0.8470,0.792,,,,,,,
19,Left,15,-0.0003,0.0011,0.0250,0.0000,0.0000,0.0000,1.0000,0.792,,,,,,,
19,Left,16,-0.0150,-0.0060,0.0348,0.0000,0.0000,0.0000,1.0000,0.792,,,,,,,
19,Left,17,-0.0025,-0.0005,0.0539,0.6039,-0.0665,0.1058,0.7872,0.792,,,,,,,
19,Left,18,0.0000,0.0000,0.0390,0.6778,0.0205,0.0417,0.7338,0.792,,,,,,,
19,Left,19,0.0000,0.0000,0.0266,0.5345,0.0272,0.0290,0.8442,0.792,,,,,,,
19,Left,20,-0.0003,0.0016,0.0243,0.0000,0.0000,0.0000,1.0000,0.792,,,,,,,
19,Left,21,-0.0230,-0.0094,0.0341,0.0183,-0.1403,0.2070,0.9680,0.792,,,,,,,
19,Left,22,0.0000,0.0000,0.0457,0.5800,-0.0443,-0.0539,0.8116,0.792,,,,,,,
19,Left,23,0.0000,0.0000,0.0307,0.6109,-0.0097,0.0842,0.7872,0.792,,,,,,,
19,Left,24,0.0000,0.0000,0.0203,0.5867,0.0394,-0.0026,0.8089,0.792,,,,,,,
19,Left,25,0.0002,0.0012,0.0219,0.0000,0.0000,0.0000,1.0000,0.792,,,,,,,
19,Right,0,-0.0030,-0.0048,0.0646,0.0000,0.0000,0.0000,1.0000,0.792,,,,,,,
19,Right,1,0.0000,0.0000,0.0000,0.0000,0.0000,0.0000,1.0000,0.792,-0.0387,0.0351,0.0327,0.6278,-0.0865,-0.0620,0.7711
19,Right,2,-0.0316,-0.0133,0.0331,-0.1806,-0.3118,0.4999,0.7875,0.792,,,,,,,
19,Right,3,0.0000,0.0000,0.0325,0.2972,0.0423,-0.0801,0.9505,0.792,,,,,,,
19,Right,4,0.0000,0.0000,0.0338,0.1175,-0.0502,0.0790,0.9887,0.792,,,,,,,
19,Right,5,0.0007,0.0010,0.0246,0.0000,0.0000,0.0000,1.0000,0.792,,,,,,,
19,Right,6,-0.0205,-0.0081,0.0358,0.0000,0.0000,0.0000,1.0000,0.792,,,,,,,
19,Right,7,-0.0031,0.0008,0.0602,0.0081,0.0581,0.0320,0.9978,0.792,,,,,,,
19,Right,8,0.0000,0.0000,0.0379,0.1073,0.0044,-0.0262,0.9939,0.792,,,,,,,
19,Right,9,0.0000,0.0000,0.0243,0.0511,0.0252,-0.0167,0.9982,0.792,,,,,,,
19,Right,10,0.0003,0.0010,0.0224,0.0000,0.0000,0.0000,1.0000,0.792,,,,,,,
19,Right,11,-0.0043,-0.0070,0.0336,0.0000,0.0000,0.0000,1.0000,0.792,,,,,,,
19,Right,12,0.0026,0.0044,0.0620,0.0927,0.0991,-0.0133,0.9907,0.792,,,,,,,
19,Right,13,0.0000,0.0000,0.0429,0.0921,0.0033,-0.0118,0.9957,0.792,,,,,,,
19,Right,14,0.0000,0.0000,0.0275,-0.0079,0.0009,-0.0428,0.9990,0.792,,,,,,,
19,Right,15,0.0003,0.0011,0.0250,0.0000,0.0000,0.0000,1.0000,0.792,,,,,,,
19,Right,16,0.0150,-0.0060,0.0348,0.0000,0.0000,0.0000,1.0000,0.792,,,,,,,
19,Right,17,0.0025,-0.0005,0.0539,0.0685,0.1257,-0.0553,0.9881,0.792,,,,,,,
19,Right,18,0.0000,0.0000,0.0390,0.0924,-0.0001,-0.0357,0.9951,0.792,,,,,,,
19,Right,19,0.0000,0.0000,0.0266,0.0273,-0.0294,-0.0059,0.9992,0.792,,,,,,,
19,Right,20,0.0003,0.0016,0.0243,0.0000,0.0000,0.0000,1.0000,0.792,,,,,,,
19,Right,21,0.0230,-0.0094,0.0341,0.0183,0.1403,-0.2070,0.9680,0.792,,,,,,,
19,Right,22,0.0000,0.0000,0.0457,-0.0460,0.0437,0.0970,0.9933,0.792,,,,,,,
19,Right,23,0.0000,0.0000,0.0307,0.1444,0.0364,-0.0510,0.9875,0.792,,,,,,,
19,Right,24,0.0000,0.0000,0.0203,-0.0120,-0.0492,0.0007,0.9987,0.792,,,,,,,
19,Right,25,-0.0002,0.0012,0.0219,0.0000,0.0000,0.0000,1.0000,0.792,,,,,,,
20,Left,0,0.0017,-0.0057,0.0655,0.0000,0.0000,0.0000,1.0000,0.834,,,,,,,
20,Left,1,0.0000,0.0000,0.0000,0.0000,0.0000,0.0000,1.0000,0.834,-0.5984,0.1478,0.0346,-0.6811,0.4416,-0.1852,-0.5538
20,Left,2,0.0262,-0.0210,0.0368,-0.0198,0.3019,-0.6550,0.6924,0.834,,,,,,,
20,Left,3,0.0000,0.0000,0.0325,0.2821,-0.0438,0.0804,0.9550,0.834,,,,,,,
20,Left,4,0.0000,0.0000,0.0338,0.2134,0.0414,-0.0755,0.9732,0.834,,,,,,,
20,Left,5,-0.0007,0.0010,0.0246,0.0000,0.0000,0.0000,1.0000,0.834,,,,,,,
20,Left,6,0.0178,-0.0120,0.0376,0.0000,0.0000,0.0000,1.0000,0.834,,,,,,,
20,Left,7,0.0057,0.0047,0.0584,0.4261,-0.0922,-0.0070,0.9000,0.834,,,,,,,
20,Left,8,0.0000,0.0000,0.0379,0.7390,0.0142,0.0212,0.6732,0.834,,,,,,,
20,Left,9,0.0000,0.0000,0.0243,0.5224,-0.0136,0.0166,0.8524,0.834,,,,,,,
20,Left,10,-0.0003,0.0010,0.0224,0.0000,0.0000,0.0000,1.0000,0.834,,,,,,,
20,Left,11,0.0016,-0.0089,0.0354,0.0000,0.0000,0.0000,1.0000,0.834,,,,,,,
20,Left,12,0.0001,0.0063,0.0602,0.5484,-0.0931,0.0632,0.8286,0.834,,,,,,,
20,Left,13,0.0000,0.0000,0.0429,0.7000,0.0048,0.0125,0.7140,0.834,,,,,,,
20,Left,14,0.0000,0.0000,0.0275,0.5236,0.0224,0.0884,0.8471,0.834,,,,,,,
20,Left,15,-0.0003,0.0011,0.0250,0.0000,0.0000,0.0000,1.0000,0.834,,,,,,,
20,Left,16,-0.0150,-0.0060,0.0348,0.0000,0.0000,0.0000,1.0000,0.834,,,,,,,
20,Left,17,-0.0025,-0.0005,0.0539,0.6041,-0.0660,0.1055,0.7871,0.834,,,,,,,
20,Left,18,0.0000,0.0000,0.0390,0.6775,0.0205,0.0417,0.7341,0.834,,,,,,,
20,Left,19,0.0000,0.0000,0.0266,0.5347,0.0272,0.0290,0.8441,0.834,,,,,,,
20,Left,20,-0.0003,0.0016,0.0243,0.0000,0.0000,0.0000,1.0000,0.834,,,,,,,
20,Left,21,-0.0230,-0.0094,0.0341,0.0183,-0.1403,0.2070,0.9680,0.834,,,,,,,
20,Left,22,0.0000,0.0000,0.0457,0.5805,-0.0441,-0.0540,0.8113,0.834,,,,,,,
20,Left,23,0.0000,0.0000,0.0307,0.6111,-0.0097,0.0842,0.7870,0.834,,,,,,,
20,Left,24,0.0000,0.0000,0.0203,0.5869,0.0394,-0.0026,0.8087,0.834,,,,,,,
20,Left,25,0.0002,0.0012,0.0219,0.0000,0.0000,0.0000,1.0000,0.834,,,,,,,
20,Right,0,-0.0030,-0.0047,0.0646,0.0000,0.0000,0.0000,1.0000,0.834,,,,,,,
20,Right,1,0.0000,0.0000,0.0000,0.0000,0.0000,0.0000,1.0000,0.834,-0.0388,0.0356,0.0325,0.6279,-0.0862,-0.0626,0.7709
20,Right,2,-0.0316,-0.0133,0.0331,-0.1811,-0.3120,0.4994,0.7877,0.834,,,,,,,
20,Right,3,0.0000,0.0000,0.0325,0.2978,0.0422,-0.0801,0.9503,0.834,,,,,,,
20,Right,4,0.0000,0.0000,0.0338,0.1183,-0.0502,0.0790,0.9886,0.834,,,,,,,
20,Right,5,0.0007,0.0010,0.0246,0.0000,0.0000,0.0000,1.0000,0.834,,,,,,,
20,Right,6,-0.0205,-0.0081,0.0358,0.0000,0.0000,0.0000,1.0000,0.834,,,,,,,
20,Right,7,-0.0031,0.0008,0.0602,0.0086,0.0583,0.0320,0.9977,0.834,,,,,,,
20,Right,8,0.0000,0.0000,0.0379,0.1067,0.0044,-0.0262,0.9939,0.834,,,,,,,
20,Right,9,0.0000,0.0000,0.0243,0.0511,0.0252,-0.0167,0.9982,0.834,,,,,,,
20,Right,10,0.0003,0.0010,0.0224,0.0000,0.0000,0.0000,1.0000,0.834,,,,,,,
20,Right,11,-0.0043,-0.0070,0.0336,0.0000,0.0000,0.0000,1.0000,0.834,,,,,,,
20,Right,12,0.0026,0.0044,0.0621,0.0925,0.0988,-0.0132,0.9907,0.834,,,,,,,
20,Right,13,0.0000,0.0000,0.0429,0.0925,0.0033,-0.0118,0.9956,0.834,,,,,,,
20,Right,14,0.0000,0.0000,0.0275,-0.0076,0.0009,-0.0429,0.9991,0.834,,,,,,,
20,Right,15,0.0003,0.0011,0.0250,0.0000,0.0000,0.0000,1.0000,0.834,,,,,,,
20,Right,16,0.0150,-0.0060,0.0348,0.0000,0.0000,0.0000,1.0000,0.834,,,,,,,
20,Right,17,0.0025,-0.0005,0.0539,0.0680,0.1254,-0.0553,0.9882,0.834,,,,,,,
20,Right,18,0.0000,0.0000,0.0390,0.0929,-0.0001,-0.0357,0.9950,0.834,,,,,,,
20,Right,19,0.0000,0.0000,0.0266,0.0275,-0.0294,-0.0059,0.9992,0.834,,,,,,,
20,Right,20,0.0003,0.0016,0.0243,0.0000,0.0000,0.0000,1.0000,0.834,,,,,,,
20,Right,21,0.0230,-0.0094,0.0341,0.0183,0.1403,-0.2070,0.9680,0.834,,,,,,,
20,Right,22,0.0000,0.0000,0.0457,-0.0461,0.0430,0.0969,0.9933,0.834,,,,,,,
20,Right,23,0.0000,0.0000,0.0307,0.1447,0.0363,-0.0511,0.9875,0.834,,,,,,,
20,Right,24,0.0000,0.0000,0.0203,-0.0119,-0.0492,0.0007,0.9987,0.834,,,,,,,
20,Right,25,-0.0002,0.0012,0.0219,0.0000,0.0000,0.0000,1.0000,0.834,,,,,,,
21,Left,0,0.0017,-0.0057,0.0655,0.0000,0.0000,0.0000,1.0000,0.875,,,,,,,
21,Left,1,0.0000,0.0000,0.0000,0.0000,0.0000,0.0000,1.0000,0.875,-0.5974,0.1503,0.0340,-0.6811,0.4434,-0.1846,-0.5526
21,Left,2,0.0263,-0.0210,0.0368,-0.0194,0.3032,-0.6545,0.6923,0.875,,,,,,,
21,Left,3,0.0000,0.0000,0.0325,0.2820,-0.0439,0.0804,0.9550,0.875,,,,,,,
21,Left,4,0.0000,0.0000,0.0338,0.2145,0.0413,-0.0754,0.9729,0.875,,,,,,,
21,Left,5,-0.0007,0.0010,0.0246,0.0000,0.0000,0.0000,1.0000,0.875,,,,,,,
21,Left,6,0.0178,-0.0120,0.0376,0.0000,0.0000,0.0000,1.0000,0.875,,,,,,,
21,Left,7,0.0057,0.0046,0.0584,0.4267,-0.0923,-0.0069,0.8996,0.875,,,,,,,
21,Left,8,0.0000,0.0000,0.0379,0.7390,0.0142,0.0212,0.6732,0.875,,,,,,,
21,Left,9,0.0000,0.0000,0.0243,0.5226,-0.0136,0.0166,0.8523,0.875,,,,,,,
21,Left,10,-0.0003,0.0010,0.0224,0.0000,0.0000,0.0000,1.0000,0.875,,,,,,,
21,Left,11,0.0016,-0.0089,0.0354,0.0000,0.0000,0.0000,1.0000,0.875,,,,,,,
21,Left,12,0.0001,0.0063,0.0602,0.5486,-0.0932,0.0633,0.8285,0.875,,,,,,,
21,Left,13,0.0000,0.0000,0.0429,0.6997,0.0048,0.0125,0.7143,0.875,,,,,,,
21,Left,14,0.0000,0.0000,0.0275,0.5238,0.0224,0.0884,0.8470,0.875,,,,,,,
21,Left,15,-0.0003,0.0011,0.0250,0.0000,0.0000,0.0000,1.0000,0.875,,,,,,,
21,Left,16,-0.0150,-0.0060,0.0348,0.0000,0.0000,0.0000,1.0000,0.875,,,,,,,
21,Left,17,-0.0025,-0.0005,0.0539,0.6042,-0.0656,0.1052,0.7871,0.875,,,,,,,
21,Left,18,0.0000,0.0000,0.0390,0.6776,0.0205,0.0417,0.7339,0.875,,,,,,,
21,Left,19,0.0000,0.0000,0.0266,0.5350,0.0272,0.0290,0.8439,0.875,,,,,,,
21,Left,20,-0.0003,0.0016,0.0243,0.0000,0.0000,0.0000,1.0000,0.875,,,,,,,
21,Left,21,-0.0230,-0.0094,0.0341,0.0183,-0.1403,0.2070,0.9680,0.875,,,,,,,
21,Left,22,0.0000,0.0000,0.0457,0.5808,-0.0438,-0.0542,0.8110,0.875,,,,,,,
21,Left,23,0.0000,0.0000,0.0307,0.6114,-0.0097,0.0843,0.7868,0.875,,,,,,,
21,Left,24,0.0000,0.0000,0.0203,0.5872,0.0394,-0.0026,0.8085,0.875,,,,,,,
21,Left,25,0.0002,0.0012,0.0219,0.0000,0.0000,0.0000,1.0000,0.875,,,,,,,
21,Right,0,-0.0030,-0.0047,0.0646,0.0000,0.0000,0.0000,1.0000,0.875,,,,,,,
21,Right,1,0.0000,0.0000,0.0000,0.0000,0.0000,0.0000,1.0000,0.875,-0.0388,0.0360,0.0327,0.6291,-0.0861,-0.0636,0.7699
21,Right,2,-0.0316,-0.0133,0.0331,-0.1808,-0.3130,0.4993,0.7874,0.875,,,,,,,
21,Right,3,0.0000,0.0000,0.0325,0.2984,0.0421,-0.0801,0.9501,0.875,,,,,,,
21,Right,4,0.0000,0.0000,0.0338,0.1194,-0.0501,0.0790,0.9884,0.875,,,,,,,
21,Right,5,0.0007,0.0010,0.0246,0.0000,0.0000,0.0000,1.0000,0.875,,,,,,,
21,Right,6,-0.0205,-0.0081,0.0358,0.0000,0.0000,0.0000,1.0000,0.875,,,,,,,
21,Right,7,-0.0030,0.0008,0.0602,0.0093,0.0591,0.0321,0.9977,0.875,,,,,,,
21,Right,8,0.0000,0.0000,0.0379,0.1059,0.0044,-0.0262,0.9940,0.875,,,,,,,
21,Right,9,0.0000,0.0000,0.0243,0.0508,0.0252,-0.0167,0.9983,0.875,,,,,,,
21,Right,10,0.0003,0.0010,0.0224,0.0000,0.0000,0.0000,1.0000,0.875,,,,,,,
21,Right,11,-0.0043,-0.0069,0.0336,0.0000,0.0000,0.0000,1.0000,0.875,,,,,,,
21,Right,12,0.0026,0.0044,0.0621,0.0927,0.0989,-0.0133,0.9907,0.875,,,,,,,
21,Right,13,0.0000,0.0000,0.0429,0.0925,0.0033,-0.0118,0.9956,0.875,,,,,,,
21,Right,14,0.0000,0.0000,0.0275,-0.0075,0.0009,-0.0429,0.9991,0.875,,,,,,,
21,Right,15,0.0003,0.0011,0.0250,0.0000,0.0000,0.0000,1.0000,0.875,,,,,,,
21,Right,16,0.0150,-0.0060,0.0348,0.0000,0.0000,0.0000,1.0000,0.875,,,,,,,
21,Right,17,0.0025,-0.0005,0.0539,0.0680,0.1248,-0.0553,0.9883,0.875,,,,,,,
21,Right,18,0.0000,0.0000,0.0390,0.0931,-0.0002,-0.0357,0.9950,0.875,,,,,,,
21,Right,19,0.0000,0.0000,0.0266,0.0276,-0.0294,-0.0059,0.9992,0.875,,,,,,,
21,Right,20,0.0003,0.0016,0.0243,0.0000,0.0000,0.0000,1.0000,0.875,,,,,,,
21,Right,21,0.0230,-0.0094,0.0341,0.0183,0.1403,-0.2070,0.9680,0.875,,,,,,,
21,Right,22,0.0000,0.0000,0.0457,-0.0458,0.0420,0.0969,0.9934,0.875,,,,,,,
21,Right,23,0.0000,0.0000,0.0307,0.1450,0.0363,-0.0511,0.9874,0.875,,,,,,,
21,Right,24,0.0000,0.0000,0.0203,-0.0118,-0.0492,0.0007,0.9987,0.875,,,,,,,
21,Right,25,-0.0002,0.0012,0.0219,0.0000,0.0000,0.0000,1.0000,0.875,,,,,,,
22,Left,0,0.0017,-0.0057,0.0655,0.0000,0.0000,0.0000,1.0000,0.917,,,,,,,
22,Left,1,0.0000,0.0000,0.0000,0.0000,0.0000,0.0000,1.0000,0.917,-0.5976,0.1522,0.0329,-0.6813,0.4442,-0.1843,-0.5519
22,Left,2,0.0263,-0.0210,0.0368,-0.0171,0.3067,-0.6543,0.6910,0.917,,,,,,,
22,Left,3,0.0000,0.0000,0.0325,0.2815,-0.0439,0.0804,0.9552,0.917,,,,,,,
22,Left,4,0.0000,0.0000,0.0338,0.2143,0.0413,-0.0755,0.9730,0.917,,,,,,,
22,Left,5,-0.0007,0.0010,0.0246,0.0000,0.0000,0.0000,1.0000,0.917,,,,,,,
22,Left,6,0.0179,-0.0119,0.0376,0.0000,0.0000,0.0000,1.0000,0.917,,,,,,,
22,Left,7,0.0057,0.0046,0.0584,0.4275,-0.0924,-0.0068,0.8993,0.917,,,,,,,
22,Left,8,0.0000,0.0000,0.0379,0.7389,0.0142,0.0212,0.6733,0.917,,,,,,,
22,Left,9,0.0000,0.0000,0.0243,0.5230,-0.0136,0.0166,0.8520,0.917,,,,,,,
22,Left,10,-0.0003,0.0010,0.0224,0.0000,0.0000,0.0000,1.0000,0.917,,,,,,,
22,Left,11,0.0017,-0.0089,0.0354,0.0000,0.0000,0.0000,1.0000,0.917,,,,,,,
22,Left,12,0.0001,0.0063,0.0602,0.5488,-0.0932,0.0633,0.8283,0.917,,,,,,,
22,Left,13,0.0000,0.0000,0.0429,0.6997,0.0048,0.0125,0.7143,0.917,,,,,,,
22,Left,14,0.0000,0.0000,0.0275,0.5243,0.0224,0.0884,0.8466,0.917,,,,,,,
22,Left,15,-0.0003,0.0011,0.0250,0.0000,0.0000,0.0000,1.0000,0.917,,,,,,,
22,Left,16,-0.0150,-0.0060,0.0348,0.0000,0.0000,0.0000,1.0000,0.917,,,,,,,
22,Left,17,-0.0025,-0.0005,0.0539,0.6045,-0.0652,0.1050,0.7869,0.917,,,,,,,
22,Left,18,0.0000,0.0000,0.0390,0.6780,0.0205,0.0417,0.7336,0.917,,,,,,,
22,Left,19,0.0000,0.0000,0.0266,0.5354,0.0272,0.0290,0.8437,0.917,,,,,,,
22,Left,20,-0.0003,0.0016,0.0243,0.0000,0.0000,0.0000,1.0000,0.917,,,,,,,
22,Left,21,-0.0230,-0.0094,0.0341,0.0183,-0.1403,0.2070,0.9680,0.917,,,,,,,
22,Left,22,0.0000,0.0000,0.0457,0.5809,-0.0439,-0.0542,0.8110,0.917,,,,,,,
22,Left,23,0.0000,0.0000,0.0307,0.6118,-0.0097,0.0843,0.7865,0.917,,,,,,,
22,Left,24,0.0000,0.0000,0.0203,0.5875,0.0394,-0.0026,0.8083,0.917,,,,,,,
22,Left,25,0.0002,0.0012,0.0219,0.0000,0.0000,0.0000,1.0000,0.917,,,,,,,
22,Right,0,-0.0030,-0.0047,0.0646,0.0000,0.0000,0.0000,1.0000,0.917,,,,,,,
22,Right,1,0.0000,0.0000,0.0000,0.0000,0.0000,0.0000,1.0000,0.917,-0.0390,0.0363,0.0326,0.6295,-0.0855,-0.0642,0.7696
22,Right,2,-0.0316,-0.0133,0.0331,-0.1802,-0.3138,0.4997,0.7870,0.917,,,,,,,
22,Right,3,0.0000,0.0000,0.0325,0.2986,0.0421,-0.0801,0.9501,0.917,,,,,,,
22,Right,4,0.0000,0.0000,0.0338,0.1200,-0.0500,0.0790,0.9884,0.917,,,,,,,
22,Right,5,0.0007,0.0010,0.0246,0.0000,0.0000,0.0000,1.0000,0.917,,,,,,,
22,Right,6,-0.0205,-0.0081,0.0358,0.0000,0.0000,0.0000,1.0000,0.917,,,,,,,
22,Right,7,-0.0031,0.0008,0.0602,0.0100,0.0596,0.0321,0.9977,0.917,,,,,,,
22,Right,8,0.0000,0.0000,0.0379,0.1049,0.0044,-0.0262,0.9941,0.917,,,,,,,
22,Right,9,0.0000,0.0000,0.0243,0.0505,0.0252,-0.0167,0.9983,0.917,,,,,,,
22,Right,10,0.0003,0.0010,0.0224,0.0000,0.0000,0.0000,1.0000,0.917,,,,,,,
22,Right,11,-0.0043,-0.0070,0.0336,0.0000,0.0000,0.0000,1.0000,0.917,,,,,,,
22,Right,12,0.0026,0.0044,0.0621,0.0929,0.0988,-0.0133,0.9907,0.917,,,,,,,
22,Right,13,0.0000,0.0000,0.0429,0.0924,0.0033,-0.0118,0.9956,0.917,,,,,,,
22,Right,14,0.0000,0.0000,0.0275,-0.0074,0.0009,-0.0429,0.9991,0.917,,,,,,,
22,Right,15,0.0003,0.0011,0.0250,0.0000,0.0000,0.0000,1.0000,0.917,,,,,,,
22,Right,16,0.0150,-0.0060,0.0348,0.0000,0.0000,0.0000,1.0000,0.917,,,,,,,
22,Right,17,0.0025,-0.0005,0.0539,0.0679,0.1244,-0.0553,0.9884,0.917,,,,,,,
22,Right,18,0.0000,0.0000,0.0390,0.0931,-0.0002,-0.0357,0.9950,0.917,,,,,,,
22,Right,19,0.0000,0.0000,0.0266,0.0277,-0.0294,-0.0060,0.9992,0.917,,,,,,,
22,Right,20,0.0003,0.0016,0.0243,0.0000,0.0000,0.0000,1.0000,0.917,,,,,,,
22,Right,21,0.0230,-0.0094,0.0341,0.0183,0.1403,-0.2070,0.9680,0.917,,,,,,,
22,Right,22,0.0000,0.0000,0.0457,-0.0453,0.0412,0.0968,0.9934,0.917,,,,,,,
22,Right,23,0.0000,0.0000,0.0307,0.1452,0.0363,-0.0511,0.9874,0.917,,,,,,,
22,Right,24,0.0000,0.0000,0.0203,-0.0117,-0.0492,0.0007,0.9987,0.917,,,,,,,
22,Right,25,-0.0002,0.0012,0.0219,0.0000,0.0000,0.0000,1.0000,0.917,,,,,,,
23,Left,0,0.0017,-0.0057,0.0655,0.0000,0.0000,0.0000,1.0000,0.959,,,,,,,
23,Left,1,0.0000,0.0000,0.0000,0.0000,0.0000,0.0000,1.0000,0.959,-0.5969,0.1578,0.0299,-0.6811,0.4445,-0.1838,-0.5520
23,Left,2,0.0263,-0.0210,0.0368,-0.0169,0.3073,-0.6542,0.6909,0.959,,,,,,,
23,Left,3,0.0000,0.0000,0.0325,0.2750,-0.0446,0.0806,0.9570,0.959,,,,,,,
23,Left,4,0.0000,0.0000,0.0338,0.2082,0.0418,-0.0757,0.9742,0.959,,,,,,,
23,Left,5,-0.0007,0.0010,0.0246,0.0000,0.0000,0.0000,1.0000,0.959,,,,,,,
23,Left,6,0.0179,-0.0119,0.0376,0.0000,0.0000,0.0000,1.0000,0.959,,,,,,,
23,Left,7,0.0057,0.0046,0.0584,0.4280,-0.0928,-0.0066,0.8990,0.959,,,,,,,
23,Left,8,0.0000,0.0000,0.0379,0.7385,0.0142,0.0212,0.6738,0.959,,,,,,,
23,Left,9,0.0000,0.0000,0.0243,0.5231,-0.0136,0.0166,0.8520,0.959,,,,,,,
23,Left,10,-0.0003,0.0010,0.0224,0.0000,0.0000,0.0000,1.0000,0.959,,,,,,,
23,Left,11,0.0017,-0.0089,0.0354,0.0000,0.0000,0.0000,1.0000,0.959,,,,,,,
23,Left,12,0.0001,0.0063,0.0602,0.5485,-0.0931,0.0632,0.8285,0.959,,,,,,,
23,Left,13,0.0000,0.0000,0.0429,0.6996,0.0048,0.0125,0.7144,0.959,,,,,,,
23,Left,14,0.0000,0.0000,0.0275,0.5242,0.0224,0.0884,0.8467,0.959,,,,,,,
23,Left,15,-0.0003,0.0011,0.0250,0.0000,0.0000,0.0000,1.0000,0.959,,,,,,,
23,Left,16,-0.0150,-0.0060,0.0348,0.0000,0.0000,0.0000,1.0000,0.959,,,,,,,
23,Left,17,-0.0025,-0.0005,0.0539,0.6038,-0.0652,0.1049,0.7875,0.959,,,,,,,
23,Left,18,0.0000,0.0000,0.0390,0.6781,0.0205,0.0417,0.7335,0.959,,,,,,,
23,Left,19,0.0000,0.0000,0.0266,0.5360,0.0272,0.0291,0.8433,0.959,,,,,,,
23,Left,20,-0.0003,0.0016,0.0243,0.0000,0.0000,0.0000,1.0000,0.959,,,,,,,
23,Left,21,-0.0230,-0.0094,0.0341,0.0183,-0.1403,0.2070,0.9680,0.959,,,,,,,
23,Left,22,0.0000,0.0000,0.0457,0.5803,-0.0437,-0.0543,0.8114,0.959,,,,,,,
23,Left,23,0.0000,0.0000,0.0307,0.6121,-0.0096,0.0843,0.7862,0.959,,,,,,,
23,Left,24,0.0000,0.0000,0.0203,0.5880,0.0393,-0.0026,0.8079,0.959,,,,,,,
23,Left,25,0.0002,0.0012,0.0219,0.0000,0.0000,0.0000,1.0000,0.959,,,,,,,
23,Right,0,-0.0030,-0.0047,0.0646,0.0000,0.0000,0.0000,1.0000,0.959,,,,,,,
23,Right,1,0.0000,0.0000,0.0000,0.0000,0.0000,0.0000,1.0000,0.959,-0.0390,0.0367,0.0321,0.6304,-0.0815,-0.0666,0.7691
23,Right,2,-0.0316,-0.0133,0.0331,-0.1792,-0.3147,0.5005,0.7864,0.959,,,,,,,
23,Right,3,0.0000,0.0000,0.0325,0.2984,0.0421,-0.0801,0.9501,0.959,,,,,,,
23,Right,4,0.0000,0.0000,0.0338,0.1204,-0.0500,0.0789,0.9883,0.959,,,,,,,
23,Right,5,0.0007,0.0010,0.0246,0.0000,0.0000,0.0000,1.0000,0.959,,,,,,,
23,Right,6,-0.0205,-0.0081,0.0358,0.0000,0.0000,0.0000,1.0000,0.959,,,,,,,
23,Right,7,-0.0031,0.0008,0.0602,0.0117,0.0599,0.0320,0.9976,0.959,,,,,,,
23,Right,8,0.0000,0.0000,0.0379,0.1042,0.0045,-0.0262,0.9942,0.959,,,,,,,
23,Right,9,0.0000,0.0000,0.0243,0.0502,0.0252,-0.0167,0.9983,0.959,,,,,,,
23,Right,10,0.0003,0.0010,0.0224,0.0000,0.0000,0.0000,1.0000,0.959,,,,,,,
23,Right,11,-0.0043,-0.0070,0.0336,0.0000,0.0000,0.0000,1.0000,0.959,,,,,,,
23,Right,12,0.0026,0.0044,0.0620,0.0936,0.0993,-0.0134,0.9906,0.959,,,,,,,
23,Right,13,0.0000,0.0000,0.0429,0.0922,0.0033,-0.0118,0.9957,0.959,,,,,,,
23,Right,14,0.0000,0.0000,0.0275,-0.0069,0.0009,-0.0429,0.9991,0.959,,,,,,,
23,Right,15,0.0003,0.0011,0.0250,0.0000,0.0000,0.0000,1.0000,0.959,,,,,,,
23,Right,16,0.0150,-0.0060,0.0348,0.0000,0.0000,0.0000,1.0000,0.959,,,,,,,
23,Right,17,0.0025,-0.0005,0.0539,0.0677,0.1245,-0.0552,0.9884,0.959,,,,,,,
23,Right,18,0.0000,0.0000,0.0390,0.0932,-0.0002,-0.0357,0.9950,0.959,,,,,,,
23,Right,19,0.0000,0.0000,0.0266,0.0281,-0.0294,-0.0060,0.9992,0.959,,,,,,,
23,Right,20,0.0003,0.0016,0.0243,0.0000,0.0000,0.0000,1.0000,0.959,,,,,,,
23,Right,21,0.0230,-0.0094,0.0341,0.0183,0.1403,-0.2070,0.9680,0.959,,,,,,,
23,Right,22,0.0000,0.0000,0.0457,-0.0454,0.0403,0.0968,0.9935,0.959,,,,,,,
23,Right,23,0.0000,0.0000,0.0307,0.1450,0.0363,-0.0511,0.9874,0.959,,,,,,,
23,Right,24,0.0000,0.0000,0.0203,-0.0118,-0.0492,0.0007,0.9987,0.959,,,,,,,
23,Right,25,-0.0002,0.0012,0.0219,0.0000,0.0000,0.0000,1.0000,0.959,,,,,,,
24,Left,0,0.0017,-0.0057,0.0655,0.0000,0.0000,0.0000,1.0000,1.000,,,,,,,
24,Left,1,0.0000,0.0000,0.0000,0.0000,0.0000,0.0000,1.0000,1.000,-0.5966,0.1611,0.0302,-0.6821,0.4440,-0.1843,-0.5510
24,Left,2,0.0263,-0.0209,0.0368,-0.0170,0.3077,-0.6539,0.6910,1.000,,,,,,,
24,Left,3,0.0000,0.0000,0.0325,0.2743,-0.0447,0.0806,0.9572,1.000,,,,,,,
24,Left,4,0.0000,0.0000,0.0338,0.2068,0.0420,-0.0758,0.9745,1.000,,,,,,,
24,Left,5,-0.0007,0.0010,0.0246,0.0000,0.0000,0.0000,1.0000,1.000,,,,,,,
24,Left,6,0.0179,-0.0119,0.0376,0.0000,0.0000,0.0000,1.0000,1.000,,,,,,,
24,Left,7,0.0057,0.0046,0.0584,0.4274,-0.0932,-0.0065,0.8992,1.000,,,,,,,
24,Left,8,0.0000,0.0000,0.0379,0.7380,0.0142,0.0213,0.6743,1.000,,,,,,,
24,Left,9,0.0000,0.0000,0.0243,0.5229,-0.0136,0.0166,0.8521,1.000,,,,,,,
24,Left,10,-0.0003,0.0010,0.0224,0.0000,0.0000,0.0000,1.0000,1.000,,,,,,,
24,Left,11,0.0017,-0.0089,0.0354,0.0000,0.0000,0.0000,1.0000,1.000,,,,,,,
24,Left,12,0.0001,0.0063,0.0602,0.5483,-0.0926,0.0629,0.8288,1.000,,,,,,,
24,Left,13,0.0000,0.0000,0.0429,0.6990,0.0047,0.0125,0.7150,1.000,,,,,,,
24,Left,14,0.0000,0.0000,0.0275,0.5240,0.0224,0.0884,0.8468,1.000,,,,,,,
24,Left,15,-0.0003,0.0011,0.0250,0.0000,0.0000,0.0000,1.0000,1.000,,,,,,,
24,Left,16,-0.0150,-0.0060,0.0348,0.0000,0.0000,0.0000,1.0000,1.000,,,,,,,
24,Left,17,-0.0025,-0.0005,0.0539,0.6033,-0.0651,0.1047,0.7880,1.000,,,,,,,
24,Left,18,0.0000,0.0000,0.0390,0.6782,0.0205,0.0417,0.7334,1.000,,,,,,,
24,Left,19,0.0000,0.0000,0.0266,0.5360,0.0272,0.0291,0.8433,1.000,,,,,,,
24,Left,20,-0.0003,0.0016,0.0243,0.0000,0.0000,0.0000,1.0000,1.000,,,,,,,
24,Left,21,-0.0230,-0.0094,0.0341,0.0183,-0.1403,0.2070,0.9680,1.000,,,,,,,
24,Left,22,0.0000,0.0000,0.0457,0.5794,-0.0438,-0.0543,0.8120,1.000,,,,,,,
24,Left,23,0.0000,0.0000,0.0307,0.6123,-0.0096,0.0843,0.7861,1.000,,,,,,,
24,Left,24,0.0000,0.0000,0.0203,0.5887,0.0393,-0.0026,0.8074,1.000,,,,,,,
24,Left,25,0.0002,0.0012,0.0219,0.0000,0.0000,0.0000,1.0000,1.000,,,,,,,
24,Right,0,-0.0030,-0.0048,0.0646,0.0000,0.0000,0.0000,1.0000,1.000,,,,,,,
24,Right,1,0.0000,0.0000,0.0000,0.0000,0.0000,0.0000,1.0000,1.000,-0.0389,0.0371,0.0320,0.6307,-0.0816,-0.0668,0.7689
24,Right,2,-0.0316,-0.0133,0.0331,-0.1784,-0.3152,0.5012,0.7859,1.000,,,,,,,
24,Right,3,0.0000,0.0000,0.0325,0.2986,0.0421,-0.0801,0.9501,1.000,,,,,,,
24,Right,4,0.0000,0.0000,0.0338,0.1208,-0.0499,0.0789,0.9883,1.000,,,,,,,
24,Right,5,0.0007,0.0010,0.0246,0.0000,0.0000,0.0000,1.0000,1.000,,,,,,,
24,Right,6,-0.0205,-0.0081,0.0358,0.0000,0.0000,0.0000,1.0000,1.000,,,,,,,
24,Right,7,-0.0031,0.0008,0.0602,0.0126,0.0604,0.0320,0.9976,1.000,,,,,,,
24,Right,8,0.0000,0.0000,0.0379,0.1030,0.0045,-0.0262,0.9943,1.000,,,,,,,
24,Right,9,0.0000,0.0000,0.0243,0.0498,0.0252,-0.0167,0.9983,1.000,,,,,,,
24,Right,10,0.0003,0.0010,0.0224,0.0000,0.0000,0.0000,1.0000,1.000,,,,,,,
24,Right,11,-0.0043,-0.0070,0.0336,0.0000,0.0000,0.0000,1.0000,1.000,,,,,,,
24,Right,12,0.0026,0.0044,0.0620,0.0943,0.0997,-0.0135,0.9904,1.000,,,,,,,
24,Right,13,0.0000,0.0000,0.0429,0.0920,0.0033,-0.0118,0.9957,1.000,,,,,,,
24,Right,14,0.0000,0.0000,0.0275,-0.0067,0.0008,-0.0430,0.9991,1.000,,,,,,,
24,Right,15,0.0003,0.0011,0.0250,0.0000,0.0000,0.0000,1.0000,1.000,,,,,,,
24,Right,16,0.0150,-0.0060,0.0348,0.0000,0.0000,0.0000,1.0000,1.000,,,,,,,
24,Right,17,0.0025,-0.0005,0.0539,0.0679,0.1245,-0.0553,0.9884,1.000,,,,,,,
24,Right,18,0.0000,0.0000,0.0390,0.0934,-0.0002,-0.0357,0.9950,1.000,,,,,,,
24,Right,19,0.0000,0.0000,0.0266,0.0283,-0.0294,-0.0060,0.9991,1.000,,,,,,,
24,Right,20,0.0003,0.0016,0.0243,0.0000,0.0000,0.0000,1.0000,1.000,,,,,,,
24,Right,21,0.0230,-0.0094,0.0341,0.0183,0.1403,-0.2070,0.9680,1.000,,,,,,,
24,Right,22,0.0000,0.0000,0.0457,-0.0454,0.0394,0.0967,0.9935,1.000,,,,,,,
24,Right,23,0.0000,0.0000,0.0307,0.1449,0.0363,-0.0511,0.9875,1.000,,,,,,,
24,Right,24,0.0000,0.0000,0.0203,-0.0116,-0.0492,0.0007,0.9987,1.000,,,,,,,
24,Right,25,-0.0002,0.0012,0.0219,0.0000,0.0000,0.0000,1.0000,1.000,,,,,,,
25,Left,0,0.0017,-0.0057,0.0655,0.0000,0.0000,0.0000,1.0000,1.042,,,,,,,
25,Left,1,0.0000,0.0000,0.0000,0.0000,0.0000,0.0000,1.0000,1.042,-0.5956,0.1637,0.0279,-0.6834,0.4440,-0.1840,-0.5496
25,Left,2,0.0263,-0.0209,0.0368,-0.0174,0.3076,-0.6536,0.6913,1.042,,,,,,,
25,Left,3,0.0000,0.0000,0.0325,0.2723,-0.0449,0.0806,0.9578,1.042,,,,,,,
25,Left,4,0.0000,0.0000,0.0338,0.2050,0.0422,-0.0758,0.9749,1.042,,,,,,,
25,Left,5,-0.0007,0.0010,0.0246,0.0000,0.0000,0.0000,1.0000,1.042,,,,,,,
25,Left,6,0.0179,-0.0119,0.0376,0.0000,0.0000,0.0000,1.0000,1.042,,,,,,,
25,Left,7,0.0057,0.0046,0.0584,0.4265,-0.0928,-0.0067,0.8997,1.042,,,,,,,
25,Left,8,0.0000,0.0000,0.0379,0.7381,0.0142,0.0213,0.6742,1.042,,,,,,,
25,Left,9,0.0000,0.0000,0.0243,0.5232,-0.0136,0.0166,0.8519,1.042,,,,,,,
25,Left,10,-0.0003,0.0010,0.0224,0.0000,0.0000,0.0000,1.0000,1.042,,,,,,,
25,Left,11,0.0017,-0.0089,0.0354,0.0000,0.0000,0.0000,1.0000,1.042,,,,,,,
25,Left,12,0.0001,0.0063,0.0602,0.5480,-0.0923,0.0626,0.8290,1.042,,,,,,,
25,Left,13,0.0000,0.0000,0.0429,0.6988,0.0047,0.0125,0.7152,1.042,,,,,,,
25,Left,14,0.0000,0.0000,0.0275,0.5240,0.0224,0.0884,0.8468,1.042,,,,,,,
25,Left,15,-0.0003,0.0011,0.0250,0.0000,0.0000,0.0000,1.0000,1.042,,,,,,,
25,Left,16,-0.0150,-0.0060,0.0348,0.0000,0.0000,0.0000,1.0000,1.042,,,,,,,
25,Left,17,-0.0025,-0.0005,0.0539,0.6035,-0.0647,0.1045,0.7878,1.042,,,,,,,
25,Left,18,0.0000,0.0000,0.0390,0.6784,0.0205,0.0417,0.7332,1.042,,,,,,,
25,Left,19,0.0000,0.0000,0.0266,0.5361,0.0272,0.0291,0.8432,1.042,,,,,,,
25,Left,20,-0.0003,0.0016,0.0243,0.0000,0.0000,0.0000,1.0000,1.042,,,,,,,
25,Left,21,-0.0230,-0.0094,0.0341,0.0183,-0.1403,0.2070,0.9680,1.042,,,,,,,
25,Left,22,0.0000,0.0000,0.0457,0.5792,-0.0436,-0.0544,0.8122,1.042,,,,,,,
25,Left,23,0.0000,0.0000,0.0307,0.6130,-0.0096,0.0844,0.7855,1.042,,,,,,,
25,Left,24,0.0000,0.0000,0.0203,0.5887,0.0393,-0.0026,0.8074,1.042,,,,,,,
25,Left,25,0.0002,0.0012,0.0219,0.0000,0.0000,0.0000,1.0000,1.042,,,,,,,
25,Right,0,-0.0030,-0.0048,0.0646,0.0000,0.0000,0.0000,1.0000,1.042,,,,,,,
25,Right,1,0.0000,0.0000,0.0000,0.0000,0.0000,0.0000,1.0000,1.042,-0.0389,0.0378,0.0311,0.6303,-0.0808,-0.0673,0.7692
25,Right,2,-0.0315,-0.0134,0.0332,-0.1780,-0.3151,0.5017,0.7857,1.042,,,,,,,
25,Right,3,0.0000,0.0000,0.0325,0.2984,0.0421,-0.0801,0.9501,1.042,,,,,,,
25,Right,4,0.0000,0.0000,0.0338,0.1206,-0.0500,0.0789,0.9883,1.042,,,,,,,
25,Right,5,0.0007,0.0010,0.0246,0.0000,0.0000,0.0000,1.0000,1.042,,,,,,,
25,Right,6,-0.0205,-0.0081,0.0358,0.0000,0.0000,0.0000,1.0000,1.042,,,,,,,
25,Right,7,-0.0031,0.0008,0.0602,0.0132,0.0602,0.0320,0.9976,1.042,,,,,,,
25,Right,8,0.0000,0.0000,0.0379,0.1019,0.0045,-0.0262,0.9944,1.042,,,,,,,
25,Right,9,0.0000,0.0000,0.0243,0.0493,0.0252,-0.0167,0.9983,1.042,,,,,,,
25,Right,10,0.0003,0.0010,0.0224,0.0000,0.0000,0.0000,1.0000,1.042,,,,,,,
25,Right,11,-0.0043,-0.0070,0.0336,0.0000,0.0000,0.0000,1.0000,1.042,,,,,,,
25,Right,12,0.0025,0.0044,0.0620,0.0949,0.1002,-0.0135,0.9903,1.042,,,,,,,
25,Right,13,0.0000,0.0000,0.0429,0.0920,0.0033,-0.0118,0.9957,1.042,,,,,,,
25,Right,14,0.0000,0.0000,0.0275,-0.0065,0.0008,-0.0430,0.9991,1.042,,,,,,,
25,Right,15,0.0003,0.0011,0.0250,0.0000,0.0000,0.0000,1.0000,1.042,,,,,,,
25,Right,16,0.0150,-0.0060,0.0348,0.0000,0.0000,0.0000,1.0000,1.042,,,,,,,
25,Right,17,0.0025,-0.0005,0.0539,0.0677,0.1246,-0.0552,0.9884,1.042,,,,,,,
25,Right,18,0.0000,0.0000,0.0390,0.0937,-0.0002,-0.0357,0.9950,1.042,,,,,,,
25,Right,19,0.0000,0.0000,0.0266,0.0286,-0.0294,-0.0060,0.9991,1.042,,,,,,,
25,Right,20,0.0003,0.0016,0.0243,0.0000,0.0000,0.0000,1.0000,1.042,,,,,,,
25,Right,21,0.0230,-0.0094,0.0341,0.0183,0.1403,-0.2070,0.9680,1.042,,,,,,,
25,Right,22,0.0000,0.0000,0.0457,-0.0458,0.0387,0.0967,0.9935,1.042,,,,,,,
25,Right,23,0.0000,0.0000,0.0307,0.1448,0.0363,-0.0511,0.9875,1.042,,,,,,,
25,Right,24,0.0000,0.0000,0.0203,-0.0116,-0.0492,0.0007,0.9987,1.042,,,,,,,
25,Right,25,-0.0002,0.0012,0.0219,0.0000,0.0000,0.0000,1.0000,1.042,,,,,,,
26,Left,0,0.0017,-0.0057,0.0655,0.0000,0.0000,0.0000,1.0000,1.084,,,,,,,
26,Left,1,0.0000,0.0000,0.0000,0.0000,0.0000,0.0000,1.0000,1.084,-0.5953,0.1645,0.0223,-0.6844,0.4439,-0.1810,-0.5493
26,Left,2,0.0264,-0.0209,0.0368,-0.0177,0.3077,-0.6534,0.6914,1.084,,,,,,,
26,Left,3,0.0000,0.0000,0.0325,0.2702,-0.0451,0.0807,0.9584,1.084,,,,,,,
26,Left,4,0.0000,0.0000,0.0338,0.2026,0.0424,-0.0759,0.9754,1.084,,,,,,,
26,Left,5,-0.0007,0.0010,0.0246,0.0000,0.0000,0.0000,1.0000,1.084,,,,,,,
26,Left,6,0.0179,-0.0119,0.0376,0.0000,0.0000,0.0000,1.0000,1.084,,,,,,,
26,Left,7,0.0057,0.0046,0.0584,0.4254,-0.0925,-0.0069,0.9002,1.084,,,,,,,
26,Left,8,0.0000,0.0000,0.0379,0.7380,0.0142,0.0213,0.6744,1.084,,,,,,,
26,Left,9,0.0000,0.0000,0.0243,0.5236,-0.0136,0.0166,0.8517,1.084,,,,,,,
26,Left,10,-0.0003,0.0010,0.0224,0.0000,0.0000,0.0000,1.0000,1.084,,,,,,,
26,Left,11,0.0017,-0.0089,0.0354,0.0000,0.0000,0.0000,1.0000,1.084,,,,,,,
26,Left,12,0.0000,0.0063,0.0602,0.5480,-0.0922,0.0626,0.8290,1.084,,,,,,,
26,Left,13,0.0000,0.0000,0.0429,0.6984,0.0047,0.0125,0.7156,1.084,,,,,,,
26,Left,14,0.0000,0.0000,0.0275,0.5243,0.0224,0.0884,0.8467,1.084,,,,,,,
26,Left,15,-0.0003,0.0011,0.0250,0.0000,0.0000,0.0000,1.0000,1.084,,,,,,,
26,Left,16,-0.0150,-0.0060,0.0348,0.0000,0.0000,0.0000,1.0000,1.084,,,,,,,
26,Left,17,-0.0025,-0.0005,0.0539,0.6043,-0.0645,0.1045,0.7873,1.084,,,,,,,
26,Left,18,0.0000,0.0000,0.0390,0.6786,0.0206,0.0417,0.7330,1.084,,,,,,,
26,Left,19,0.0000,0.0000,0.0266,0.5363,0.0272,0.0291,0.8431,1.084,,,,,,,
26,Left,20,-0.0003,0.0016,0.0243,0.0000,0.0000,0.0000,1.0000,1.084,,,,,,,
26,Left,21,-0.0230,-0.0094,0.0341,0.0183,-0.1403,0.2070,0.9680,1.084,,,,,,,
26,Left,22,0.0000,0.0000,0.0457,0.5797,-0.0436,-0.0544,0.8118,1.084,,,,,,,
26,Left,23,0.0000,0.0000,0.0307,0.6140,-0.0095,0.0844,0.7847,1.084,,,,,,,
26,Left,24,0.0000,0.0000,0.0203,0.5887,0.0393,-0.0026,0.8074,1.084,,,,,,,
26,Left,25,0.0002,0.0012,0.0219,0.0000,0.0000,0.0000,1.0000,1.084,,,,,,,
26,Right,0,-0.0030,-0.0048,0.0646,0.0000,0.0000,0.0000,1.0000,1.084,,,,,,,
26,Right,1,0.0000,0.0000,0.0000,0.0000,0.0000,0.0000,1.0000,1.084,-0.0383,0.0381,0.0303,0.6301,-0.0802,-0.0678,0.7694
26,Right,2,-0.0315,-0.0134,0.0332,-0.1776,-0.3150,0.5022,0.7855,1.084,,,,,,,
26,Right,3,0.0000,0.0000,0.0325,0.2981,0.0422,-0.0801,0.9502,1.084,,,,,,,
26,Right,4,0.0000,0.0000,0.0338,0.1202,-0.0500,0.0789,0.9883,1.084,,,,,,,
26,Right,5,0.0007,0.0010,0.0246,0.0000,0.0000,0.0000,1.0000,1.084,,,,,,,
26,Right,6,-0.0205,-0.0082,0.0358,0.0000,0.0000,0.0000,1.0000,1.084,,,,,,,
26,Right,7,-0.0031,0.0008,0.0602,0.0142,0.0602,0.0320,0.9976,1.084,,,,,,,
26,Right,8,0.0000,0.0000,0.0379,0.1009,0.0046,-0.0262,0.9945,1.084,,,,,,,
26,Right,9,0.0000,0.0000,0.0243,0.0490,0.0252,-0.0167,0.9983,1.084,,,,,,,
26,Right,10,0.0003,0.0010,0.0224,0.0000,0.0000,0.0000,1.0000,1.084,,,,,,,
26,Right,11,-0.0043,-0.0070,0.0336,0.0000,0.0000,0.0000,1.0000,1.084,,,,,,,
26,Right,12,0.0025,0.0044,0.0620,0.0953,0.1005,-0.0136,0.9903,1.084,,,,,,,
26,Right,13,0.0000,0.0000,0.0429,0.0917,0.0033,-0.0118,0.9957,1.084,,,,,,,
26,Right,14,0.0000,0.0000,0.0275,-0.0062,0.0008,-0.0430,0.9991,1.084,,,,,,,
26,Right,15,0.0003,0.0011,0.0250,0.0000,0.0000,0.0000,1.0000,1.084,,,,,,,
26,Right,16,0.0150,-0.0060,0.0348,0.0000,0.0000,0.0000,1.0000,1.084,,,,,,,
26,Right,17,0.0025,-0.0005,0.0539,0.0674,0.1247,-0.0552,0.9884,1.084,,,,,,,
26,Right,18,0.0000,0.0000,0.0390,0.0936,-0.0002,-0.0357,0.9950,1.084,,,,,,,
26,Right,19,0.0000,0.0000,0.0266,0.0287,-0.0294,-0.0060,0.9991,1.084,,,,,,,
26,Right,20,0.0003,0.0016,0.0243,0.0000,0.0000,0.0000,1.0000,1.084,,,,,,,
26,Right,21,0.0230,-0.0094,0.0341,0.0183,0.1403,-0.2070,0.9680,1.084,,,,,,,
26,Right,22,0.0000,0.0000,0.0457,-0.0465,0.0382,0.0968,0.9935,1.084,,,,,,,
26,Right,23,0.0000,0.0000,0.0307,0.1447,0.0363,-0.0511,0.9875,1.084,,,,,,,
26,Right,24,0.0000,0.0000,0.0203,-0.0116,-0.0492,0.0007,0.9987,1.084,,,,,,,
26,Right,25,-0.0002,0.0012,0.0219,0.0000,0.0000,0.0000,1.0000,1.084,,,,,,,
27,Left,0,0.0017,-0.0057,0.0655,0.0000,0.0000,0.0000,1.0000,1.125,,,,,,,
27,Left,1,0.0000,0.0000,0.0000,0.0000,0.0000,0.0000,1.0000,1.125,-0.5940,0.1654,0.0225,-0.6864,0.4408,-0.1771,-0.5506
27,Left,2,0.0264,-0.0209,0.0367,-0.0185,0.3073,-0.6530,0.6919,1.125,,,,,,,
27,Left,3,0.0000,0.0000,0.0325,0.2661,-0.0455,0.0808,0.9595,1.125,,,,,,,
27,Left,4,0.0000,0.0000,0.0338,0.1882,0.0437,-0.0765,0.9782,1.125,,,,,,,
27,Left,5,-0.0007,0.0010,0.0246,0.0000,0.0000,0.0000,1.0000,1.125,,,,,,,
27,Left,6,0.0179,-0.0119,0.0376,0.0000,0.0000,0.0000,1.0000,1.125,,,,,,,
27,Left,7,0.0057,0.0046,0.0584,0.4249,-0.0916,-0.0073,0.9006,1.125,,,,,,,
27,Left,8,0.0000,0.0000,0.0379,0.7384,0.0142,0.0212,0.6739,1.125,,,,,,,
27,Left,9,0.0000,0.0000,0.0243,0.5245,-0.0135,0.0166,0.8512,1.125,,,,,,,
27,Left,10,-0.0003,0.0010,0.0224,0.0000,0.0000,0.0000,1.0000,1.125,,,,,,,
27,Left,11,0.0017,-0.0089,0.0354,0.0000,0.0000,0.0000,1.0000,1.125,,,,,,,
27,Left,12,0.0000,0.0063,0.0602,0.5487,-0.0918,0.0624,0.8286,1.125,,,,,,,
27,Left,13,0.0000,0.0000,0.0429,0.6984,0.0047,0.0125,0.7156,1.125,,,,,,,
27,Left,14,0.0000,0.0000,0.0276,0.5247,0.0224,0.0885,0.8464,1.125,,,,,,,
27,Left,15,-0.0003,0.0011,0.0250,0.0000,0.0000,0.0000,1.0000,1.125,,,,,,,
27,Left,16,-0.0150,-0.0060,0.0348,0.0000,0.0000,0.0000,1.0000,1.125,,,,,,,
27,Left,17,-0.0025,-0.0005,0.0539,0.6052,-0.0639,0.1042,0.7866,1.125,,,,,,,
27,Left,18,0.0000,0.0000,0.0390,0.6795,0.0206,0.0417,0.7322,1.125,,,,,,,
27,Left,19,0.0000,0.0000,0.0266,0.5362,0.0272,0.0291,0.8432,1.125,,,,,,,
27,Left,20,-0.0003,0.0016,0.0243,0.0000,0.0000,0.0000,1.0000,1.125,,,,,,,
27,Left,21,-0.0230,-0.0094,0.0341,0.0183,-0.1403,0.2070,0.9680,1.125,,,,,,,
27,Left,22,0.0000,0.0000,0.0457,0.5808,-0.0436,-0.0544,0.8110,1.125,,,,,,,
27,Left,23,0.0000,0.0000,0.0307,0.6153,-0.0094,0.0845,0.7837,1.125,,,,,,,
27,Left,24,0.0000,0.0000,0.0203,0.5883,0.0393,-0.0026,0.8077,1.125,,,,,,,
27,Left,25,0.0002,0.0012,0.0219,0.0000,0.0000,0.0000,1.0000,1.125,,,,,,,
27,Right,0,-0.0030,-0.0048,0.0646,0.0000,0.0000,0.0000,1.0000,1.125,,,,,,,
27,Right,1,0.0000,0.0000,0.0000,0.0000,0.0000,0.0000,1.0000,1.125,-0.0378,0.0383,0.0303,0.6306,-0.0798,-0.0684,0.7689
27,Right,2,-0.0315,-0.0135,0.0332,-0.1762,-0.3157,0.5035,0.7847,1.125,,,,,,,
27,Right,3,0.0000,0.0000,0.0325,0.2982,0.0422,-0.0801,0.9502,1.125,,,,,,,
27,Right,4,0.0000,0.0000,0.0338,0.1198,-0.0500,0.0790,0.9884,1.125,,,,,,,
27,Right,5,0.0007,0.0010,0.0246,0.0000,0.0000,0.0000,1.0000,1.125,,,,,,,
27,Right,6,-0.0205,-0.0082,0.0358,0.0000,0.0000,0.0000,1.0000,1.125,,,,,,,
27,Right,7,-0.0031,0.0009,0.0602,0.0157,0.0606,0.0319,0.9975,1.125,,,,,,,
27,Right,8,0.0000,0.0000,0.0379,0.0999,0.0046,-0.0262,0.9946,1.125,,,,,,,
27,Right,9,0.0000,0.0000,0.0243,0.0487,0.0252,-0.0167,0.9984,1.125,,,,,,,
27,Right,10,0.0003,0.0010,0.0224,0.0000,0.0000,0.0000,1.0000,1.125,,,,,,,
27,Right,11,-0.0043,-0.0070,0.0336,0.0000,0.0000,0.0000,1.0000,1.125,,,,,,,
27,Right,12,0.0025,0.0044,0.0620,0.0955,0.1010,-0.0136,0.9902,1.125,,,,,,,
27,Right,13,0.0000,0.0000,0.0429,0.0914,0.0033,-0.0118,0.9957,1.125,,,,,,,
27,Right,14,0.0000,0.0000,0.0275,-0.0061,0.0008,-0.0430,0.9991,1.125,,,,,,,
27,Right,15,0.0003,0.0011,0.0250,0.0000,0.0000,0.0000,1.0000,1.125,,,,,,,
27,Right,16,0.0150,-0.0060,0.0348,0.0000,0.0000,0.0000,1.0000,1.125,,,,,,,
27,Right,17,0.0025,-0.0005,0.0539,0.0671,0.1247,-0.0552,0.9884,1.125,,,,,,,
27,Right,18,0.0000,0.0000,0.0390,0.0935,-0.0002,-0.0357,0.9950,1.125,,,,,,,
27,Right,19,0.0000,0.0000,0.0266,0.0288,-0.0294,-0.0060,0.9991,1.125,,,,,,,
27,Right,20,0.0003,0.0016,0.0243,0.0000,0.0000,0.0000,1.0000,1.125,,,,,,,
27,Right,21,0.0230,-0.0094,0.0341,0.0183,0.1403,-0.2070,0.9680,1.125,,,,,,,
27,Right,22,0.0000,0.0000,0.0457,-0.0467,0.0378,0.0968,0.9935,1.125,,,,,,,
27,Right,23,0.0000,0.0000,0.0307,0.1445,0.0364,-0.0511,0.9875,1.125,,,,,,,
27,Right,24,0.0000,0.0000,0.0203,-0.0115,-0.0492,0.0007,0.9987,1.125,,,,,,,
27,Right,25,-0.0002,0.0012,0.0219,0.0000,0.0000,0.0000,1.0000,1.125,,,,,,,
28,Left,0,0.0017,-0.0057,0.0655,0.0000,0.0000,0.0000,1.0000,1.167,,,,,,,
28,Left,1,0.0000,0.0000,0.0000,0.0000,0.0000,0.0000,1.0000,1.167,-0.5939,0.1656,0.0222,-0.6900,0.4465,-0.1732,-0.5427
28,Left,2,0.0264,-0.0209,0.0367,-0.0176,0.3087,-0.6529,0.6914,1.167,,,,,,,
28,Left,3,0.0000,0.0000,0.0325,0.2663,-0.0455,0.0808,0.9594,1.167,,,,,,,
28,Left,4,0.0000,0.0000,0.0338,0.1878,0.0438,-0.0765,0.9782,1.167,,,,,,,
28,Left,5,-0.0007,0.0010,0.0246,0.0000,0.0000,0.0000,1.0000,1.167,,,,,,,
28,Left,6,0.0179,-0.0119,0.0376,0.0000,0.0000,0.0000,1.0000,1.167,,,,,,,
28,Left,7,0.0056,0.0046,0.0584,0.4247,-0.0909,-0.0076,0.9007,1.167,,,,,,,
28,Left,8,0.0000,0.0000,0.0379,0.7395,0.0143,0.0212,0.6727,1.167,,,,,,,
28,Left,9,0.0000,0.0000,0.0243,0.5253,-0.0135,0.0166,0.8506,1.167,,,,,,,
28,Left,10,-0.0003,0.0010,0.0224,0.0000,0.0000,0.0000,1.0000,1.167,,,,,,,
28,Left,11,0.0017,-0.0088,0.0354,0.0000,0.0000,0.0000,1.0000,1.167,,,,,,,
28,Left,12,0.0000,0.0063,0.0602,0.5492,-0.0911,0.0621,0.8284,1.167,,,,,,,
28,Left,13,0.0000,0.0000,0.0429,0.6984,0.0047,0.0125,0.7156,1.167,,,,,,,
28,Left,14,0.0000,0.0000,0.0275,0.5247,0.0224,0.0885,0.8464,1.167,,,,,,,
28,Left,15,-0.0003,0.0011,0.0250,0.0000,0.0000,0.0000,1.0000,1.167,,,,,,,
28,Left,16,-0.0150,-0.0060,0.0348,0.0000,0.0000,0.0000,1.0000,1.167,,,,,,,
28,Left,17,-0.0025,-0.0005,0.0539,0.6060,-0.0633,0.1040,0.7861,1.167,,,,,,,
28,Left,18,0.0000,0.0000,0.0390,0.6802,0.0206,0.0417,0.7316,1.167,,,,,,,
28,Left,19,0.0000,0.0000,0.0266,0.5363,0.0272,0.0291,0.8431,1.167,,,,,,,
28,Left,20,-0.0003,0.0016,0.0243,0.0000,0.0000,0.0000,1.0000,1.167,,,,,,,
28,Left,21,-0.0230,-0.0094,0.0341,0.0183,-0.1403,0.2070,0.9680,1.167,,,,,,,
28,Left,22,0.0000,0.0000,0.0457,0.5815,-0.0432,-0.0547,0.8105,1.167,,,,,,,
28,Left,23,0.0000,0.0000,0.0307,0.6164,-0.0093,0.0845,0.7828,1.167,,,,,,,
28,Left,24,0.0000,0.0000,0.0203,0.5879,0.0393,-0.0026,0.8080,1.167,,,,,,,
28,Left,25,0.0002,0.0012,0.0219,0.0000,0.0000,0.0000,1.0000,1.167,,,,,,,
28,Right,0,-0.0030,-0.0048,0.0646,0.0000,0.0000,0.0000,1.0000,1.167,,,,,,,
28,Right,1,0.0000,0.0000,0.0000,0.0000,0.0000,0.0000,1.0000,1.167,-0.0374,0.0388,0.0302,0.6312,-0.0794,-0.0686,0.7685
28,Right,2,-0.0315,-0.0135,0.0332,-0.1751,-0.3161,0.5047,0.7840,1.167,,,,,,,
28,Right,3,0.0000,0.0000,0.0325,0.2983,0.0421,-0.0801,0.9502,1.167,,,,,,,
28,Right,4,0.0000,0.0000,0.0338,0.1193,-0.0501,0.0790,0.9884,1.167,,,,,,,
28,Right,5,0.0007,0.0010,0.0246,0.0000,0.0000,0.0000,1.0000,1.167,,,,,,,
28,Right,6,-0.0205,-0.0082,0.0358,0.0000,0.0000,0.0000,1.0000,1.167,,,,,,,
28,Right,7,-0.0031,0.0009,0.0602,0.0166,0.0608,0.0319,0.9975,1.167,,,,,,,
28,Right,8,0.0000,0.0000,0.0379,0.0987,0.0046,-0.0262,0.9948,1.167,,,,,,,
28,Right,9,0.0000,0.0000,0.0243,0.0482,0.0252,-0.0167,0.9984,1.167,,,,,,,
28,Right,10,0.0003,0.0010,0.0224,0.0000,0.0000,0.0000,1.0000,1.167,,,,,,,
28,Right,11,-0.0042,-0.0070,0.0336,0.0000,0.0000,0.0000,1.0000,1.167,,,,,,,
28,Right,12,0.0025,0.0045,0.0620,0.0959,0.1012,-0.0137,0.9901,1.167,,,,,,,
28,Right,13,0.0000,0.0000,0.0429,0.0909,0.0033,-0.0118,0.9958,1.167,,,,,,,
28,Right,14,0.0000,0.0000,0.0275,-0.0060,0.0008,-0.0430,0.9991,1.167,,,,,,,
28,Right,15,0.0003,0.0011,0.0250,0.0000,0.0000,0.0000,1.0000,1.167,,,,,,,
28,Right,16,0.0150,-0.0060,0.0348,0.0000,0.0000,0.0000,1.0000,1.167,,,,,,,
28,Right,17,0.0025,-0.0005,0.0539,0.0672,0.1248,-0.0552,0.9884,1.167,,,,,,,
28,Right,18,0.0000,0.0000,0.0390,0.0933,-0.0002,-0.0357,0.9950,1.167,,,,,,,
28,Right,19,0.0000,0.0000,0.0266,0.0289,-0.0294,-0.0060,0.9991,1.167,,,,,,,
28,Right,20,0.0003,0.0016,0.0243,0.0000,0.0000,0.0000,1.0000,1.167,,,,,,,
28,Right,21,0.0230,-0.0094,0.0341,0.0183,0.1403,-0.2070,0.9680,1.167,,,,,,,
28,Right,22,0.0000,0.0000,0.0457,-0.0465,0.0375,0.0967,0.9935,1.167,,,,,,,
28,Right,23,0.0000,0.0000,0.0307,0.1441,0.0364,-0.0510,0.9876,1.167,,,,,,,
28,Right,24,0.0000,0.0000,0.0203,-0.0113,-0.0492,0.0007,0.9987,1.167,,,,,,,
28,Right,25,-0.0002,0.0012,0.0219,0.0000,0.0000,0.0000,1.0000,1.167,,,,,,,
29,Left,0,0.0017,-0.0057,0.0655,0.0000,0.0000,0.0000,1.0000,1.209,,,,,,,
29,Left,1,0.0000,0.0000,0.0000,0.0000,0.0000,0.0000,1.0000,1.209,-0.5937,0.1665,0.0214,-0.6954,0.4540,-0.1667,-0.5316
29,Left,2,0.0264,-0.0209,0.0367,-0.0173,0.3089,-0.6530,0.6912,1.209,,,,,,,
29,Left,3,0.0000,0.0000,0.0325,0.2667,-0.0454,0.0808,0.9593,1.209,,,,,,,
29,Left,4,0.0000,0.0000,0.0338,0.1886,0.0437,-0.0765,0.9781,1.209,,,,,,,
29,Left,5,-0.0007,0.0010,0.0246,0.0000,0.0000,0.0000,1.0000,1.209,,,,,,,
29,Left,6,0.0179,-0.0119,0.0376,0.0000,0.0000,0.0000,1.0000,1.209,,,,,,,
29,Left,7,0.0057,0.0046,0.0584,0.4244,-0.0899,-0.0081,0.9009,1.209,,,,,,,
29,Left,8,0.0000,0.0000,0.0379,0.7402,0.0143,0.0212,0.6719,1.209,,,,,,,
29,Left,9,0.0000,0.0000,0.0243,0.5262,-0.0135,0.0166,0.8501,1.209,,,,,,,
29,Left,10,-0.0003,0.0010,0.0224,0.0000,0.0000,0.0000,1.0000,1.209,,,,,,,
29,Left,11,0.0017,-0.0089,0.0354,0.0000,0.0000,0.0000,1.0000,1.209,,,,,,,
29,Left,12,0.0000,0.0063,0.0602,0.5495,-0.0905,0.0618,0.8283,1.209,,,,,,,
29,Left,13,0.0000,0.0000,0.0429,0.6988,0.0047,0.0125,0.7152,1.209,,,,,,,
29,Left,14,0.0000,0.0000,0.0275,0.5250,0.0225,0.0885,0.8462,1.209,,,,,,,
29,Left,15,-0.0003,0.0011,0.0250,0.0000,0.0000,0.0000,1.0000,1.209,,,,,,,
29,Left,16,-0.0150,-0.0060,0.0348,0.0000,0.0000,0.0000,1.0000,1.209,,,,,,,
29,Left,17,-0.0025,-0.0005,0.0539,0.6067,-0.0630,0.1038,0.7856,1.209,,,,,,,
29,Left,18,0.0000,0.0000,0.0390,0.6805,0.0206,0.0417,0.7313,1.209,,,,,,,
29,Left,19,0.0000,0.0000,0.0266,0.5363,0.0272,0.0291,0.8431,1.209,,,,,,,
29,Left,20,-0.0003,0.0016,0.0243,0.0000,0.0000,0.0000,1.0000,1.209,,,,,,,
29,Left,21,-0.0230,-0.0094,0.0341,0.0183,-0.1403,0.2070,0.9680,1.209,,,,,,,
29,Left,22,0.0000,0.0000,0.0457,0.5822,-0.0424,-0.0552,0.8100,1.209,,,,,,,
29,Left,23,0.0000,0.0000,0.0307,0.6169,-0.0093,0.0846,0.7824,1.209,,,,,,,
29,Left,24,0.0000,0.0000,0.0203,0.5875,0.0394,-0.0026,0.8083,1.209,,,,,,,
29,Left,25,0.0002,0.0012,0.0219,0.0000,0.0000,0.0000,1.0000,1.209,,,,,,,
29,Right,0,-0.0030,-0.0048,0.0647,0.0000,0.0000,0.0000,1.0000,1.209,,,,,,,
29,Right,1,0.0000,0.0000,0.0000,0.0000,0.0000,0.0000,1.0000,1.209,-0.0369,0.0393,0.0300,0.6318,-0.0792,-0.0689,0.7680
29,Right,2,-0.0315,-0.0136,0.0332,-0.1740,-0.3162,0.5059,0.7835,1.209,,,,,,,
29,Right,3,0.0000,0.0000,0.0325,0.2987,0.0421,-0.0800,0.9500,1.209,,,,,,,
29,Right,4,0.0000,0.0000,0.0338,0.1185,-0.0501,0.0790,0.9885,1.209,,,,,,,
29,Right,5,0.0007,0.0010,0.0246,0.0000,0.0000,0.0000,1.0000,1.209,,,,,,,
29,Right,6,-0.0204,-0.0082,0.0358,0.0000,0.0000,0.0000,1.0000,1.209,,,,,,,
29,Right,7,-0.0031,0.0009,0.0602,0.0172,0.0612,0.0319,0.9975,1.209,,,,,,,
29,Right,8,0.0000,0.0000,0.0379,0.0975,0.0046,-0.0262,0.9949,1.209,,,,,,,
29,Right,9,0.0000,0.0000,0.0243,0.0479,0.0252,-0.0167,0.9984,1.209,,,,,,,
29,Right,10,0.0003,0.0010,0.0224,0.0000,0.0000,0.0000,1.0000,1.209,,,,,,,
29,Right,11,-0.0042,-0.0070,0.0337,0.0000,0.0000,0.0000,1.0000,1.209,,,,,,,
29,Right,12,0.0025,0.0045,0.0620,0.0962,0.1017,-0.0137,0.9901,1.209,,,,,,,
29,Right,13,0.0000,0.0000,0.0429,0.0903,0.0033,-0.0118,0.9958,1.209,,,,,,,
29,Right,14,0.0000,0.0000,0.0275,-0.0059,0.0008,-0.0430,0.9991,1.209,,,,,,,
29,Right,15,0.0003,0.0011,0.0250,0.0000,0.0000,0.0000,1.0000,1.209,,,,,,,
29,Right,16,0.0150,-0.0060,0.0348,0.0000,0.0000,0.0000,1.0000,1.209,,,,,,,
29,Right,17,0.0025,-0.0005,0.0539,0.0669,0.1252,-0.0552,0.9883,1.209,,,,,,,
29,Right,18,0.0000,0.0000,0.0390,0.0930,-0.0001,-0.0357,0.9950,1.209,,,,,,,
29,Right,19,0.0000,0.0000,0.0266,0.0291,-0.0294,-0.0060,0.9991,1.209,,,,,,,
29,Right,20,0.0003,0.0016,0.0243,0.0000,0.0000,0.0000,1.0000,1.209,,,,,,,
29,Right,21,0.0230,-0.0094,0.0341,0.0183,0.1403,-0.2070,0.9680,1.209,,,,,,,
29,Right,22,0.0000,0.0000,0.0457,-0.0465,0.0371,0.0967,0.9935,1.209,,,,,,,
29,Right,23,0.0000,0.0000,0.0307,0.1435,0.0364,-0.0510,0.9877,1.209,,,,,,,
29,Right,24,0.0000,0.0000,0.0203,-0.0111,-0.0492,0.0007,0.9987,1.209,,,,,,,
29,Right,25,-0.0002,0.0012,0.0219,0.0000,0.0000,0.0000,1.0000,1.209,,,,,,,
30,Left,0,0.0017,-0.0057,0.0655,0.0000,0.0000,0.0000,1.0000,1.250,,,,,,,
30,Left,1,0.0000,0.0000,0.0000,0.0000,0.0000,0.0000,1.0000,1.250,-0.5928,0.1678,0.0190,-0.6951,0.4524,-0.1655,-0.5336
30,Left,2,0.0264,-0.0209,0.0367,-0.0174,0.3088,-0.6530,0.6913,1.250,,,,,,,
30,Left,3,0.0000,0.0000,0.0325,0.2661,-0.0455,0.0808,0.9595,1.250,,,,,,,
30,Left,4,0.0000,0.0000,0.0338,0.1881,0.0437,-0.0765,0.9782,1.250,,,,,,,
30,Left,5,-0.0007,0.0010,0.0246,0.0000,0.0000,0.0000,1.0000,1.250,,,,,,,
30,Left,6,0.0179,-0.0119,0.0376,0.0000,0.0000,0.0000,1.0000,1.250,,,,,,,
30,Left,7,0.0056,0.0046,0.0584,0.4247,-0.0896,-0.0082,0.9008,1.250,,,,,,,
30,Left,8,0.0000,0.0000,0.0379,0.7408,0.0143,0.0212,0.6713,1.250,,,,,,,
30,Left,9,0.0000,0.0000,0.0243,0.5268,-0.0135,0.0166,0.8497,1.250,,,,,,,
30,Left,10,-0.0003,0.0010,0.0224,0.0000,0.0000,0.0000,1.0000,1.250,,,,,,,
30,Left,11,0.0017,-0.0089,0.0354,0.0000,0.0000,0.0000,1.0000,1.250,,,,,,,
30,Left,12,0.0000,0.0063,0.0602,0.5502,-0.0906,0.0619,0.8278,1.250,,,,,,,
30,Left,13,0.0000,0.0000,0.0429,0.6994,0.0047,0.0125,0.7146,1.250,,,,,,,
30,Left,14,0.0000,0.0000,0.0275,0.5257,0.0225,0.0885,0.8458,1.250,,,,,,,
30,Left,15,-0.0003,0.0011,0.0250,0.0000,0.0000,0.0000,1.0000,1.250,,,,,,,
30,Left,16,-0.0150,-0.0060,0.0348,0.0000,0.0000,0.0000,1.0000,1.250,,,,,,,
30,Left,17,-0.0025,-0.0005,0.0539,0.6088,-0.0619,0.1034,0.7841,1.250,,,,,,,
30,Left,18,0.0000,0.0000,0.0390,0.6806,0.0206,0.0417,0.7311,1.250,,,,,,,
30,Left,19,0.0000,0.0000,0.0266,0.5360,0.0272,0.0291,0.8433,1.250,,,,,,,
30,Left,20,-0.0003,0.0016,0.0243,0.0000,0.0000,0.0000,1.0000,1.250,,,,,,,
30,Left,21,-0.0230,-0.0094,0.0341,0.0183,-0.1403,0.2070,0.9680,1.250,,,,,,,
30,Left,22,0.0000,0.0000,0.0457,0.5859,-0.0420,-0.0554,0.8074,1.250,,,,,,,
30,Left,23,0.0000,0.0000,0.0307,0.6179,-0.0092,0.0846,0.7816,1.250,,,,,,,
30,Left,24,0.0000,0.0000,0.0203,0.5872,0.0394,-0.0026,0.8084,1.250,,,,,,,
30,Left,25,0.0002,0.0012,0.0219,0.0000,0.0000,0.0000,1.0000,1.250,,,,,,,
30,Right,0,-0.0030,-0.0048,0.0647,0.0000,0.0000,0.0000,1.0000,1.250,,,,,,,
30,Right,1,0.0000,0.0000,0.0000,0.0000,0.0000,0.0000,1.0000,1.250,-0.0364,0.0399,0.0298,0.6339,-0.0782,-0.0677,0.7665
30,Right,2,-0.0315,-0.0136,0.0333,-0.1728,-0.3167,0.5071,0.7828,1.250,,,,,,,
30,Right,3,0.0000,0.0000,0.0325,0.2991,0.0421,-0.0800,0.9499,1.250,,,,,,,
30,Right,4,0.0000,0.0000,0.0338,0.1183,-0.0502,0.0790,0.9886,1.250,,,,,,,
30,Right,5,0.0007,0.0010,0.0246,0.0000,0.0000,0.0000,1.0000,1.250,,,,,,,
30,Right,6,-0.0204,-0.0083,0.0358,0.0000,0.0000,0.0000,1.0000,1.250,,,,,,,
30,Right,7,-0.0031,0.0010,0.0602,0.0176,0.0610,0.0319,0.9975,1.250,,,,,,,
30,Right,8,0.0000,0.0000,0.0379,0.0964,0.0047,-0.0262,0.9950,1.250,,,,,,,
30,Right,9,0.0000,0.0000,0.0243,0.0476,0.0252,-0.0167,0.9984,1.250,,,,,,,
30,Right,10,0.0003,0.0010,0.0224,0.0000,0.0000,0.0000,1.0000,1.250,,,,,,,
30,Right,11,-0.0042,-0.0070,0.0337,0.0000,0.0000,0.0000,1.0000,1.250,,,,,,,
30,Right,12,0.0025,0.0045,0.0620,0.0962,0.1018,-0.0137,0.9901,1.250,,,,,,,
30,Right,13,0.0000,0.0000,0.0429,0.0896,0.0033,-0.0118,0.9959,1.250,,,,,,,
30,Right,14,0.0000,0.0000,0.0275,-0.0056,0.0008,-0.0431,0.9991,1.250,,,,,,,
30,Right,15,0.0003,0.0011,0.0250,0.0000,0.0000,0.0000,1.0000,1.250,,,,,,,
30,Right,16,0.0150,-0.0060,0.0348,0.0000,0.0000,0.0000,1.0000,1.250,,,,,,,
30,Right,17,0.0025,-0.0005,0.0539,0.0666,0.1254,-0.0551,0.9883,1.250,,,,,,,
30,Right,18,0.0000,0.0000,0.0390,0.0924,-0.0001,-0.0357,0.9951,1.250,,,,,,,
30,Right,19,0.0000,0.0000,0.0266,0.0292,-0.0294,-0.0060,0.9991,1.250,,,,,,,
30,Right,20,0.0003,0.0016,0.0243,0.0000,0.0000,0.0000,1.0000,1.250,,,,,,,
30,Right,21,0.0230,-0.0094,0.0341,0.0183,0.1403,-0.2070,0.9680,1.250,,,,,,,
30,Right,22,0.0000,0.0000,0.0457,-0.0464,0.0365,0.0967,0.9936,1.250,,,,,,,
30,Right,23,0.0000,0.0000,0.0307,0.1427,0.0364,-0.0509,0.9878,1.250,,,,,,,
30,Right,24,0.0000,0.0000,0.0203,-0.0110,-0.0492,0.0007,0.9987,1.250,,,,,,,
30,Right,25,-0.0002,0.0012,0.0219,0.0000,0.0000,0.0000,1.0000,1.250,,,,,,,
31,Left,0,0.0017,-0.0057,0.0655,0.0000,0.0000,0.0000,1.0000,1.292,,,,,,,
31,Left,1,0.0000,0.0000,0.0000,0.0000,0.0000,0.0000,1.0000,1.292,-0.5915,0.1695,0.0189,-0.6951,0.4524,-0.1654,-0.5337
31,Left,2,0.0264,-0.0209,0.0367,-0.0164,0.3098,-0.6532,0.6907,1.292,,,,,,,
31,Left,3,0.0000,0.0000,0.0325,0.2687,-0.0452,0.0807,0.9588,1.292,,,,,,,
31,Left,4,0.0000,0.0000,0.0338,0.1919,0.0434,-0.0764,0.9775,1.292,,,,,,,
31,Left,5,-0.0007,0.0010,0.0246,0.0000,0.0000,0.0000,1.0000,1.292,,,,,,,
31,Left,6,0.0179,-0.0119,0.0376,0.0000,0.0000,0.0000,1.0000,1.292,,,,,,,
31,Left,7,0.0057,0.0046,0.0584,0.4259,-0.0896,-0.0081,0.9003,1.292,,,,,,,
31,Left,8,0.0000,0.0000,0.0379,0.7416,0.0143,0.0212,0.6704,1.292,,,,,,,
31,Left,9,0.0000,0.0000,0.0243,0.5274,-0.0134,0.0166,0.8494,1.292,,,,,,,
31,Left,10,-0.0003,0.0010,0.0224,0.0000,0.0000,0.0000,1.0000,1.292,,,,,,,
31,Left,11,0.0017,-0.0089,0.0354,0.0000,0.0000,0.0000,1.0000,1.292,,,,,,,
31,Left,12,0.0000,0.0063,0.0602,0.5511,-0.0904,0.0620,0.8272,1.292,,,,,,,
31,Left,13,0.0000,0.0000,0.0429,0.6989,0.0047,0.0125,0.7151,1.292,,,,,,,
31,Left,14,0.0000,0.0000,0.0275,0.5256,0.0225,0.0885,0.8458,1.292,,,,,,,
31,Left,15,-0.0003,0.0011,0.0250,0.0000,0.0000,0.0000,1.0000,1.292,,,,,,,
31,Left,16,-0.0150,-0.0060,0.0348,0.0000,0.0000,0.0000,1.0000,1.292,,,,,,,
31,Left,17,-0.0025,-0.0005,0.0539,0.6095,-0.0614,0.1032,0.7836,1.292,,,,,,,
31,Left,18,0.0000,0.0000,0.0390,0.6805,0.0206,0.0417,0.7313,1.292,,,,,,,
31,Left,19,0.0000,0.0000,0.0266,0.5359,0.0272,0.0291,0.8433,1.292,,,,,,,
31,Left,20,-0.0003,0.0016,0.0243,0.0000,0.0000,0.0000,1.0000,1.292,,,,,,,
31,Left,21,-0.0230,-0.0094,0.0341,0.0183,-0.1403,0.2070,0.9680,1.292,,,,,,,
31,Left,22,0.0000,0.0000,0.0457,0.5863,-0.0416,-0.0556,0.8071,1.292,,,,,,,
31,Left,23,0.0000,0.0000,0.0307,0.6189,-0.0091,0.0847,0.7808,1.292,,,,,,,
31,Left,24,0.0000,0.0000,0.0203,0.5875,0.0394,-0.0026,0.8082,1.292,,,,,,,
31,Left,25,0.0002,0.0012,0.0219,0.0000,0.0000,0.0000,1.0000,1.292,,,,,,,
31,Right,0,-0.0030,-0.0048,0.0647,0.0000,0.0000,0.0000,1.0000,1.292,,,,,,,
31,Right,1,0.0000,0.0000,0.0000,0.0000,0.0000,0.0000,1.0000,1.292,-0.0359,0.0406,0.0297,0.6347,-0.0773,-0.0677,0.7659
31,Right,2,-0.0314,-0.0137,0.0333,-0.1719,-0.3170,0.5080,0.7822,1.292,,,,,,,
31,Right,3,0.0000,0.0000,0.0325,0.2995,0.0420,-0.0800,0.9498,1.292,,,,,,,
31,Right,4,0.0000,0.0000,0.0338,0.1177,-0.0502,0.0790,0.9886,1.292,,,,,,,
31,Right,5,0.0007,0.0010,0.0246,0.0000,0.0000,0.0000,1.0000,1.292,,,,,,,
31,Right,6,-0.0204,-0.0083,0.0358,0.0000,0.0000,0.0000,1.0000,1.292,,,,,,,
31,Right,7,-0.0031,0.0010,0.0602,0.0175,0.0610,0.0319,0.9975,1.292,,,,,,,
31,Right,8,0.0000,0.0000,0.0379,0.0952,0.0047,-0.0262,0.9951,1.292,,,,,,,
31,Right,9,0.0000,0.0000,0.0243,0.0472,0.0252,-0.0167,0.9984,1.292,,,,,,,
31,Right,10,0.0003,0.0010,0.0224,0.0000,0.0000,0.0000,1.0000,1.292,,,,,,,
31,Right,11,-0.0042,-0.0070,0.0337,0.0000,0.0000,0.0000,1.0000,1.292,,,,,,,
31,Right,12,0.0025,0.0045,0.0620,0.0957,0.1019,-0.0137,0.9901,1.292,,,,,,,
31,Right,13,0.0000,0.0000,0.0429,0.0890,0.0033,-0.0118,0.9960,1.292,,,,,,,
31,Right,14,0.0000,0.0000,0.0275,-0.0055,0.0008,-0.0431,0.9991,1.292,,,,,,,
31,Right,15,0.0003,0.0011,0.0250,0.0000,0.0000,0.0000,1.0000,1.292,,,,,,,
31,Right,16,0.0150,-0.0060,0.0348,0.0000,0.0000,0.0000,1.0000,1.292,,,,,,,
31,Right,17,0.0025,-0.0005,0.0539,0.0662,0.1253,-0.0551,0.9884,1.292,,,,,,,
31,Right,18,0.0000,0.0000,0.0390,0.0920,-0.0001,-0.0357,0.9951,1.292,,,,,,,
31,Right,19,0.0000,0.0000,0.0266,0.0294,-0.0294,-0.0060,0.9991,1.292,,,,,,,
31,Right,20,0.0003,0.0016,0.0243,0.0000,0.0000,0.0000,1.0000,1.292,,,,,,,
31,Right,21,0.0230,-0.0094,0.0341,0.0183,0.1403,-0.2070,0.9680,1.292,,,,,,,
31,Right,22,0.0000,0.0000,0.0457,-0.0463,0.0357,0.0966,0.9936,1.292,,,,,,,
31,Right,23,0.0000,0.0000,0.0307,0.1417,0.0365,-0.0508,0.9879,1.292,,,,,,,
31,Right,24,0.0000,0.0000,0.0203,-0.0109,-0.0492,0.0007,0.9987,1.292,,,,,,,
31,Right,25,-0.0002,0.0012,0.0219,0.0000,0.0000,0.0000,1.0000,1.292,,,,,,,
32,Left,0,0.0017,-0.0057,0.0655,0.0000,0.0000,0.0000,1.0000,1.334,,,,,,,
32,Left,1,0.0000,0.0000,0.0000,0.0000,0.0000,0.0000,1.0000,1.334,-0.5908,0.1709,0.0173,-0.6960,0.4516,-0.1647,-0.5334
32,Left,2,0.0264,-0.0209,0.0367,-0.0155,0.3107,-0.6533,0.6902,1.334,,,,,,,
32,Left,3,0.0000,0.0000,0.0325,0.2692,-0.0452,0.0807,0.9586,1.334,,,,,,,
32,Left,4,0.0000,0.0000,0.0338,0.1991,0.0427,-0.0761,0.9761,1.334,,,,,,,
32,Left,5,-0.0007,0.0010,0.0246,0.0000,0.0000,0.0000,1.0000,1.334,,,,,,,
32,Left,6,0.0179,-0.0119,0.0376,0.0000,0.0000,0.0000,1.0000,1.334,,,,,,,
32,Left,7,0.0057,0.0046,0.0584,0.4260,-0.0891,-0.0083,0.9003,1.334,,,,,,,
32,Left,8,0.0000,0.0000,0.0379,0.7424,0.0144,0.0212,0.6695,1.334,,,,,,,
32,Left,9,0.0000,0.0000,0.0243,0.5282,-0.0134,0.0166,0.8488,1.334,,,,,,,
32,Left,10,-0.0003,0.0010,0.0224,0.0000,0.0000,0.0000,1.0000,1.334,,,,,,,
32,Left,11,0.0017,-0.0089,0.0354,0.0000,0.0000,0.0000,1.0000,1.334,,,,,,,
32,Left,12,0.0000,0.0063,0.0602,0.5518,-0.0900,0.0618,0.8268,1.334,,,,,,,
32,Left,13,0.0000,0.0000,0.0429,0.6986,0.0047,0.0125,0.7154,1.334,,,,,,,
32,Left,14,0.0000,0.0000,0.0276,0.5257,0.0225,0.0885,0.8458,1.334,,,,,,,
32,Left,15,-0.0003,0.0011,0.0250,0.0000,0.0000,0.0000,1.0000,1.334,,,,,,,
32,Left,16,-0.0150,-0.0060,0.0348,0.0000,0.0000,0.0000,1.0000,1.334,,,,,,,
32,Left,17,-0.0025,-0.0005,0.0539,0.6099,-0.0611,0.1031,0.7834,1.334,,,,,,,
32,Left,18,0.0000,0.0000,0.0390,0.6802,0.0206,0.0417,0.7315,1.334,,,,,,,
32,Left,19,0.0000,0.0000,0.0266,0.5361,0.0272,0.0291,0.8432,1.334,,,,,,,
32,Left,20,-0.0003,0.0016,0.0243,0.0000,0.0000,0.0000,1.0000,1.334,,,,,,,
32,Left,21,-0.0230,-0.0094,0.0341,0.0183,-0.1403,0.2070,0.9680,1.334,,,,,,,
32,Left,22,0.0000,0.0000,0.0457,0.5862,-0.0409,-0.0561,0.8072,1.334,,,,,,,
32,Left,23,0.0000,0.0000,0.0307,0.6194,-0.0091,0.0847,0.7804,1.334,,,,,,,
32,Left,24,0.0000,0.0000,0.0203,0.5881,0.0393,-0.0026,0.8079,1.334,,,,,,,
32,Left,25,0.0002,0.0012,0.0219,0.0000,0.0000,0.0000,1.0000,1.334,,,,,,,
32,Right,0,-0.0030,-0.0048,0.0647,0.0000,0.0000,0.0000,1.0000,1.334,,,,,,,
32,Right,1,0.0000,0.0000,0.0000,0.0000,0.0000,0.0000,1.0000,1.334,-0.0354,0.0414,0.0298,0.6362,-0.0773,-0.0668,0.7647
32,Right,2,-0.0314,-0.0137,0.0333,-0.1711,-0.3173,0.5088,0.7818,1.334,,,,,,,
32,Right,3,0.0000,0.0000,0.0325,0.3000,0.0420,-0.0800,0.9496,1.334,,,,,,,
32,Right,4,0.0000,0.0000,0.0338,0.1173,-0.0502,0.0790,0.9887,1.334,,,,,,,
32,Right,5,0.0007,0.0010,0.0246,0.0000,0.0000,0.0000,1.0000,1.334,,,,,,,
32,Right,6,-0.0204,-0.0083,0.0359,0.0000,0.0000,0.0000,1.0000,1.334,,,,,,,
32,Right,7,-0.0031,0.0010,0.0601,0.0170,0.0607,0.0319,0.9975,1.334,,,,,,,
32,Right,8,0.0000,0.0000,0.0379,0.0941,0.0047,-0.0262,0.9952,1.334,,,,,,,
32,Right,9,0.0000,0.0000,0.0243,0.0469,0.0252,-0.0167,0.9984,1.334,,,,,,,
32,Right,10,0.0003,0.0010,0.0224,0.0000,0.0000,0.0000,1.0000,1.334,,,,,,,
32,Right,11,-0.0042,-0.0070,0.0337,0.0000,0.0000,0.0000,1.0000,1.334,,,,,,,
32,Right,12,0.0025,0.0045,0.0620,0.0950,0.1019,-0.0136,0.9902,1.334,,,,,,,
32,Right,13,0.0000,0.0000,0.0429,0.0883,0.0033,-0.0118,0.9960,1.334,,,,,,,
32,Right,14,0.0000,0.0000,0.0275,-0.0055,0.0008,-0.0431,0.9991,1.334,,,,,,,
32,Right,15,0.0003,0.0011,0.0250,0.0000,0.0000,0.0000,1.0000,1.334,,,,,,,
32,Right,16,0.0150,-0.0060,0.0348,0.0000,0.0000,0.0000,1.0000,1.334,,,,,,,
32,Right,17,0.0025,-0.0005,0.0539,0.0658,0.1250,-0.0550,0.9884,1.334,,,,,,,
32,Right,18,0.0000,0.0000,0.0390,0.0916,-0.0001,-0.0357,0.9952,1.334,,,,,,,
32,Right,19,0.0000,0.0000,0.0266,0.0296,-0.0294,-0.0060,0.9991,1.334,,,,,,,
32,Right,20,0.0003,0.0016,0.0243,0.0000,0.0000,0.0000,1.0000,1.334,,,,,,,
32,Right,21,0.0230,-0.0094,0.0341,0.0183,0.1403,-0.2070,0.9680,1.334,,,,,,,
32,Right,22,0.0000,0.0000,0.0457,-0.0459,0.0351,0.0966,0.9936,1.334,,,,,,,
32,Right,23,0.0000,0.0000,0.0307,0.1408,0.0365,-0.0508,0.9881,1.334,,,,,,,
32,Right,24,0.0000,0.0000,0.0203,-0.0108,-0.0492,0.0007,0.9987,1.334,,,,,,,
32,Right,25,-0.0002,0.0012,0.0219,0.0000,0.0000,0.0000,1.0000,1.334,,,,,,,
33,Left,0,0.0017,-0.0057,0.0655,0.0000,0.0000,0.0000,1.0000,1.375,,,,,,,
33,Left,1,0.0000,0.0000,0.0000,0.0000,0.0000,0.0000,1.0000,1.375,-0.5891,0.1733,0.0145,-0.6963,0.4515,-0.1637,-0.5335
33,Left,2,0.0264,-0.0209,0.0367,-0.0151,0.3116,-0.6532,0.6900,1.375,,,,,,,
33,Left,3,0.0000,0.0000,0.0325,0.2700,-0.0451,0.0807,0.9584,1.375,,,,,,,
33,Left,4,0.0000,0.0000,0.0338,0.2056,0.0421,-0.0758,0.9748,1.375,,,,,,,
33,Left,5,-0.0007,0.0010,0.0246,0.0000,0.0000,0.0000,1.0000,1.375,,,,,,,
33,Left,6,0.0179,-0.0119,0.0376,0.0000,0.0000,0.0000,1.0000,1.375,,,,,,,
33,Left,7,0.0056,0.0046,0.0584,0.4264,-0.0888,-0.0084,0.9001,1.375,,,,,,,
33,Left,8,0.0000,0.0000,0.0379,0.7428,0.0144,0.0211,0.6690,1.375,,,,,,,
33,Left,9,0.0000,0.0000,0.0243,0.5289,-0.0134,0.0166,0.8484,1.375,,,,,,,
33,Left,10,-0.0003,0.0010,0.0224,0.0000,0.0000,0.0000,1.0000,1.375,,,,,,,
33,Left,11,0.0017,-0.0088,0.0354,0.0000,0.0000,0.0000,1.0000,1.375,,,,,,,
33,Left,12,0.0000,0.0063,0.0602,0.5522,-0.0899,0.0618,0.8265,1.375,,,,,,,
33,Left,13,0.0000,0.0000,0.0429,0.6985,0.0047,0.0125,0.7155,1.375,,,,,,,
33,Left,14,0.0000,0.0000,0.0275,0.5258,0.0225,0.0886,0.8457,1.375,,,,,,,
33,Left,15,-0.0003,0.0011,0.0250,0.0000,0.0000,0.0000,1.0000,1.375,,,,,,,
33,Left,16,-0.0150,-0.0060,0.0348,0.0000,0.0000,0.0000,1.0000,1.375,,,,,,,
33,Left,17,-0.0025,-0.0005,0.0539,0.6098,-0.0609,0.1029,0.7834,1.375,,,,,,,
33,Left,18,0.0000,0.0000,0.0390,0.6802,0.0206,0.0417,0.7315,1.375,,,,,,,
33,Left,19,0.0000,0.0000,0.0266,0.5362,0.0272,0.0291,0.8432,1.375,,,,,,,
33,Left,20,-0.0003,0.0016,0.0243,0.0000,0.0000,0.0000,1.0000,1.375,,,,,,,
33,Left,21,-0.0230,-0.0094,0.0341,0.0183,-0.1403,0.2070,0.9680,1.375,,,,,,,
33,Left,22,0.0000,0.0000,0.0457,0.5855,-0.0404,-0.0565,0.8077,1.375,,,,,,,
33,Left,23,0.0000,0.0000,0.0307,0.6198,-0.0091,0.0847,0.7801,1.375,,,,,,,
33,Left,24,0.0000,0.0000,0.0203,0.5884,0.0393,-0.0026,0.8076,1.375,,,,,,,
33,Left,25,0.0002,0.0012,0.0219,0.0000,0.0000,0.0000,1.0000,1.375,,,,,,,
33,Right,0,-0.0030,-0.0048,0.0647,0.0000,0.0000,0.0000,1.0000,1.375,,,,,,,
33,Right,1,0.0000,0.0000,0.0000,0.0000,0.0000,0.0000,1.0000,1.375,-0.0343,0.0420,0.0289,0.6366,-0.0757,-0.0686,0.7644
33,Right,2,-0.0314,-0.0137,0.0333,-0.1704,-0.3174,0.5095,0.7814,1.375,,,,,,,
33,Right,3,0.0000,0.0000,0.0325,0.3001,0.0420,-0.0800,0.9496,1.375,,,,,,,
33,Right,4,0.0000,0.0000,0.0338,0.1169,-0.0503,0.0791,0.9887,1.375,,,,,,,
33,Right,5,0.0007,0.0010,0.0246,0.0000,0.0000,0.0000,1.0000,1.375,,,,,,,
33,Right,6,-0.0204,-0.0083,0.0359,0.0000,0.0000,0.0000,1.0000,1.375,,,,,,,
33,Right,7,-0.0031,0.0010,0.0601,0.0166,0.0607,0.0319,0.9975,1.375,,,,,,,
33,Right,8,0.0000,0.0000,0.0379,0.0933,0.0048,-0.0262,0.9953,1.375,,,,,,,
33,Right,9,0.0000,0.0000,0.0243,0.0465,0.0252,-0.0167,0.9985,1.375,,,,,,,
33,Right,10,0.0003,0.0010,0.0224,0.0000,0.0000,0.0000,1.0000,1.375,,,,,,,
33,Right,11,-0.0042,-0.0071,0.0337,0.0000,0.0000,0.0000,1.0000,1.375,,,,,,,
33,Right,12,0.0025,0.0045,0.0619,0.0947,0.1021,-0.0136,0.9902,1.375,,,,,,,
33,Right,13,0.0000,0.0000,0.0429,0.0877,0.0034,-0.0118,0.9961,1.375,,,,,,,
33,Right,14,0.0000,0.0000,0.0275,-0.0054,0.0008,-0.0431,0.9991,1.375,,,,,,,
33,Right,15,0.0003,0.0011,0.0250,0.0000,0.0000,0.0000,1.0000,1.375,,,,,,,
33,Right,16,0.0150,-0.0060,0.0348,0.0000,0.0000,0.0000,1.0000,1.375,,,,,,,
33,Right,17,0.0025,-0.0005,0.0539,0.0656,0.1249,-0.0550,0.9885,1.375,,,,,,,
33,Right,18,0.0000,0.0000,0.0390,0.0912,-0.0001,-0.0357,0.9952,1.375,,,,,,,
33,Right,19,0.0000,0.0000,0.0266,0.0298,-0.0294,-0.0060,0.9991,1.375,,,,,,,
33,Right,20,0.0003,0.0016,0.0243,0.0000,0.0000,0.0000,1.0000,1.375,,,,,,,
33,Right,21,0.0230,-0.0094,0.0341,0.0183,0.1403,-0.2070,0.9680,1.375,,,,,,,
33,Right,22,0.0000,0.0000,0.0457,-0.0461,0.0349,0.0966,0.9936,1.375,,,,,,,
33,Right,23,0.0000,0.0000,0.0307,0.1401,0.0365,-0.0507,0.9882,1.375,,,,,,,
33,Right,24,0.0000,0.0000,0.0203,-0.0106,-0.0492,0.0007,0.9987,1.375,,,,,,,
33,Right,25,-0.0002,0.0012,0.0219,0.0000,0.0000,0.0000,1.0000,1.375,,,,,,,
34,Left,0,0.0017,-0.0057,0.0655,0.0000,0.0000,0.0000,1.0000,1.417,,,,,,,
34,Left,1,0.0000,0.0000,0.0000,0.0000,0.0000,0.0000,1.0000,1.417,-0.5875,0.1757,0.0112,-0.6963,0.4516,-0.1631,-0.5335
34,Left,2,0.0264,-0.0209,0.0367,-0.0152,0.3118,-0.6530,0.6901,1.417,,,,,,,
34,Left,3,0.0000,0.0000,0.0325,0.2706,-0.0450,0.0807,0.9582,1.417,,,,,,,
34,Left,4,0.0000,0.0000,0.0338,0.2094,0.0417,-0.0757,0.9740,1.417,,,,,,,
34,Left,5,-0.0007,0.0010,0.0246,0.0000,0.0000,0.0000,1.0000,1.417,,,,,,,
34,Left,6,0.0179,-0.0119,0.0376,0.0000,0.0000,0.0000,1.0000,1.417,,,,,,,
34,Left,7,0.0056,0.0046,0.0584,0.4261,-0.0887,-0.0085,0.9003,1.417,,,,,,,
34,Left,8,0.0000,0.0000,0.0379,0.7434,0.0144,0.0211,0.6683,1.417,,,,,,,
34,Left,9,0.0000,0.0000,0.0243,0.5299,-0.0134,0.0165,0.8478,1.417,,,,,,,
34,Left,10,-0.0003,0.0010,0.0224,0.0000,0.0000,0.0000,1.0000,1.417,,,,,,,
34,Left,11,0.0017,-0.0088,0.0354,0.0000,0.0000,0.0000,1.0000,1.417,,,,,,,
34,Left,12,0.0000,0.0063,0.0602,0.5524,-0.0896,0.0617,0.8264,1.417,,,,,,,
34,Left,13,0.0000,0.0000,0.0429,0.6983,0.0047,0.0125,0.7157,1.417,,,,,,,
34,Left,14,0.0000,0.0000,0.0275,0.5259,0.0225,0.0886,0.8456,1.417,,,,,,,
34,Left,15,-0.0003,0.0011,0.0250,0.0000,0.0000,0.0000,1.0000,1.417,,,,,,,
34,Left,16,-0.0150,-0.0060,0.0348,0.0000,0.0000,0.0000,1.0000,1.417,,,,,,,
34,Left,17,-0.0025,-0.0005,0.0539,0.6097,-0.0609,0.1029,0.7836,1.417,,,,,,,
34,Left,18,0.0000,0.0000,0.0390,0.6801,0.0206,0.0417,0.7316,1.417,,,,,,,
34,Left,19,0.0000,0.0000,0.0266,0.5361,0.0272,0.0291,0.8432,1.417,,,,,,,
34,Left,20,-0.0003,0.0016,0.0243,0.0000,0.0000,0.0000,1.0000,1.417,,,,,,,
34,Left,21,-0.0230,-0.0094,0.0341,0.0183,-0.1403,0.2070,0.9680,1.417,,,,,,,
34,Left,22,0.0000,0.0000,0.0457,0.5847,-0.0398,-0.0569,0.8083,1.417,,,,,,,
34,Left,23,0.0000,0.0000,0.0307,0.6201,-0.0090,0.0848,0.7799,1.417,,,,,,,
34,Left,24,0.0000,0.0000,0.0203,0.5887,0.0393,-0.0026,0.8074,1.417,,,,,,,
34,Left,25,0.0002,0.0012,0.0219,0.0000,0.0000,0.0000,1.0000,1.417,,,,,,,
34,Right,0,-0.0030,-0.0048,0.0647,0.0000,0.0000,0.0000,1.0000,1.417,,,,,,,
34,Right,1,0.0000,0.0000,0.0000,0.0000,0.0000,0.0000,1.0000,1.417,-0.0333,0.0424,0.0277,0.6363,-0.0738,-0.0705,0.7646
34,Right,2,-0.0314,-0.0138,0.0333,-0.1697,-0.3175,0.5102,0.7811,1.417,,,,,,,
34,Right,3,0.0000,0.0000,0.0325,0.3000,0.0420,-0.0800,0.9496,1.417,,,,,,,
34,Right,4,0.0000,0.0000,0.0338,0.1164,-0.0503,0.0791,0.9888,1.417,,,,,,,
34,Right,5,0.0007,0.0010,0.0246,0.0000,0.0000,0.0000,1.0000,1.417,,,,,,,
34,Right,6,-0.0204,-0.0083,0.0359,0.0000,0.0000,0.0000,1.0000,1.417,,,,,,,
34,Right,7,-0.0031,0.0010,0.0601,0.0164,0.0605,0.0319,0.9975,1.417,,,,,,,
34,Right,8,0.0000,0.0000,0.0379,0.0924,0.0048,-0.0262,0.9954,1.417,,,,,,,
34,Right,9,0.0000,0.0000,0.0243,0.0462,0.0252,-0.0167,0.9985,1.417,,,,,,,
34,Right,10,0.0003,0.0010,0.0224,0.0000,0.0000,0.0000,1.0000,1.417,,,,,,,
34,Right,11,-0.0042,-0.0071,0.0337,0.0000,0.0000,0.0000,1.0000,1.417,,,,,,,
34,Right,12,0.0025,0.0045,0.0619,0.0948,0.1023,-0.0136,0.9901,1.417,,,,,,,
34,Right,13,0.0000,0.0000,0.0429,0.0872,0.0034,-0.0118,0.9961,1.417,,,,,,,
34,Right,14,0.0000,0.0000,0.0275,-0.0053,0.0008,-0.0431,0.9991,1.417,,,,,,,
34,Right,15,0.0003,0.0011,0.0250,0.0000,0.0000,0.0000,1.0000,1.417,,,,,,,
34,Right,16,0.0150,-0.0060,0.0348,0.0000,0.0000,0.0000,1.0000,1.417,,,,,,,
34,Right,17,0.0025,-0.0005,0.0539,0.0655,0.1250,-0.0550,0.9885,1.417,,,,,,,
34,Right,18,0.0000,0.0000,0.0390,0.0909,-0.0001,-0.0356,0.9952,1.417,,,,,,,
34,Right,19,0.0000,0.0000,0.0266,0.0300,-0.0294,-0.0061,0.9991,1.417,,,,,,,
34,Right,20,0.0003,0.0016,0.0243,0.0000,0.0000,0.0000,1.0000,1.417,,,,,,,
34,Right,21,0.0230,-0.0094,0.0341,0.0183,0.1403,-0.2070,0.9680,1.417,,,,,,,
34,Right,22,0.0000,0.0000,0.0457,-0.0461,0.0352,0.0966,0.9936,1.417,,,,,,,
34,Right,23,0.0000,0.0000,0.0307,0.1396,0.0366,-0.0506,0.9882,1.417,,,,,,,
34,Right,24,0.0000,0.0000,0.0203,-0.0106,-0.0492,0.0007,0.9987,1.417,,,,,,,
34,Right,25,-0.0002,0.0012,0.0219,0.0000,0.0000,0.0000,1.0000,1.417,,,,,,,
35,Left,0,0.0017,-0.0057,0.0655,0.0000,0.0000,0.0000,1.0000,1.459,,,,,,,
35,Left,1,0.0000,0.0000,0.0000,0.0000,0.0000,0.0000,1.0000,1.459,-0.5865,0.1774,0.0096,-0.6966,0.4514,-0.1631,-0.5333
35,Left,2,0.0264,-0.0209,0.0367,-0.0151,0.3124,-0.6527,0.6901,1.459,,,,,,,
35,Left,3,0.0000,0.0000,0.0325,0.2703,-0.0451,0.0807,0.9583,1.459,,,,,,,
35,Left,4,0.0000,0.0000,0.0338,0.2092,0.0418,-0.0757,0.9740,1.459,,,,,,,
35,Left,5,-0.0007,0.0010,0.0246,0.0000,0.0000,0.0000,1.0000,1.459,,,,,,,
35,Left,6,0.0179,-0.0119,0.0376,0.0000,0.0000,0.0000,1.0000,1.459,,,,,,,
35,Left,7,0.0056,0.0046,0.0584,0.4259,-0.0887,-0.0085,0.9004,1.459,,,,,,,
35,Left,8,0.0000,0.0000,0.0379,0.7438,0.0144,0.0211,0.6679,1.459,,,,,,,
35,Left,9,0.0000,0.0000,0.0243,0.5306,-0.0133,0.0165,0.8473,1.459,,,,,,,
35,Left,10,-0.0003,0.0010,0.0224,0.0000,0.0000,0.0000,1.0000,1.459,,,,,,,
35,Left,11,0.0017,-0.0088,0.0354,0.0000,0.0000,0.0000,1.0000,1.459,,,,,,,
35,Left,12,0.0000,0.0063,0.0602,0.5529,-0.0896,0.0617,0.8261,1.459,,,,,,,
35,Left,13,0.0000,0.0000,0.0429,0.6980,0.0047,0.0125,0.7160,1.459,,,,,,,
35,Left,14,0.0000,0.0000,0.0275,0.5257,0.0225,0.0885,0.8457,1.459,,,,,,,
35,Left,15,-0.0003,0.0011,0.0250,0.0000,0.0000,0.0000,1.0000,1.459,,,,,,,
35,Left,16,-0.0150,-0.0060,0.0348,0.0000,0.0000,0.0000,1.0000,1.459,,,,,,,
35,Left,17,-0.0025,-0.0005,0.0539,0.6102,-0.0606,0.1028,0.7832,1.459,,,,,,,
35,Left,18,0.0000,0.0000,0.0390,0.6796,0.0206,0.0417,0.7321,1.459,,,,,,,
35,Left,19,0.0000,0.0000,0.0266,0.5357,0.0272,0.0291,0.8435,1.459,,,,,,,
35,Left,20,-0.0003,0.0016,0.0243,0.0000,0.0000,0.0000,1.0000,1.459,,,,,,,
35,Left,21,-0.0230,-0.0094,0.0341,0.0183,-0.1403,0.2070,0.9680,1.459,,,,,,,
35,Left,22,0.0000,0.0000,0.0457,0.5852,-0.0393,-0.0573,0.8079,1.459,,,,,,,
35,Left,23,0.0000,0.0000,0.0307,0.6202,-0.0090,0.0848,0.7798,1.459,,,,,,,
35,Left,24,0.0000,0.0000,0.0203,0.5886,0.0393,-0.0026,0.8075,1.459,,,,,,,
35,Left,25,0.0002,0.0012,0.0219,0.0000,0.0000,0.0000,1.0000,1.459,,,,,,,
35,Right,0,-0.0030,-0.0048,0.0647,0.0000,0.0000,0.0000,1.0000,1.459,,,,,,,
35,Right,1,0.0000,0.0000,0.0000,0.0000,0.0000,0.0000,1.0000,1.459,-0.0329,0.0426,0.0274,0.6366,-0.0736,-0.0707,0.7644
35,Right,2,-0.0314,-0.0138,0.0334,-0.1690,-0.3178,0.5110,0.7806,1.459,,,,,,,
35,Right,3,0.0000,0.0000,0.0325,0.2999,0.0420,-0.0800,0.9497,1.459,,,,,,,
35,Right,4,0.0000,0.0000,0.0338,0.1159,-0.0504,0.0791,0.9888,1.459,,,,,,,
35,Right,5,0.0007,0.0010,0.0246,0.0000,0.0000,0.0000,1.0000,1.459,,,,,,,
35,Right,6,-0.0204,-0.0084,0.0359,0.0000,0.0000,0.0000,1.0000,1.459,,,,,,,
35,Right,7,-0.0032,0.0010,0.0601,0.0168,0.0606,0.0319,0.9975,1.459,,,,,,,
35,Right,8,0.0000,0.0000,0.0379,0.0919,0.0048,-0.0262,0.9954,1.459,,,,,,,
35,Right,9,0.0000,0.0000,0.0243,0.0458,0.0253,-0.0167,0.9985,1.459,,,,,,,
35,Right,10,0.0003,0.0010,0.0224,0.0000,0.0000,0.0000,1.0000,1.459,,,,,,,
35,Right,11,-0.0042,-0.0071,0.0337,0.0000,0.0000,0.0000,1.0000,1.459,,,,,,,
35,Right,12,0.0025,0.0045,0.0619,0.0946,0.1024,-0.0136,0.9901,1.459,,,,,,,
35,Right,13,0.0000,0.0000,0.0429,0.0867,0.0034,-0.0118,0.9962,1.459,,,,,,,
35,Right,14,0.0000,0.0000,0.0275,-0.0053,0.0008,-0.0431,0.9991,1.459,,,,,,,
35,Right,15,0.0003,0.0011,0.0250,0.0000,0.0000,0.0000,1.0000,1.459,,,,,,,
35,Right,16,0.0150,-0.0060,0.0348,0.0000,0.0000,0.0000,1.0000,1.459,,,,,,,
35,Right,17,0.0025,-0.0005,0.0539,0.0655,0.1253,-0.0550,0.9884,1.459,,,,,,,
35,Right,18,0.0000,0.0000,0.0390,0.0904,-0.0001,-0.0356,0.9953,1.459,,,,,,,
35,Right,19,0.0000,0.0000,0.0266,0.0301,-0.0294,-0.0061,0.9991,1.459,,,,,,,
35,Right,20,0.0003,0.0016,0.0243,0.0000,0.0000,0.0000,1.0000,1.459,,,,,,,
35,Right,21,0.0230,-0.0094,0.0341,0.0183,0.1403,-0.2070,0.9680,1.459,,,,,,,
35,Right,22,0.0000,0.0000,0.0457,-0.0457,0.0357,0.0966,0.9936,1.459,,,,,,,
35,Right,23,0.0000,0.0000,0.0307,0.1390,0.0366,-0.0506,0.9883,1.459,,,,,,,
35,Right,24,0.0000,0.0000,0.0203,-0.0106,-0.0492,0.0007,0.9987,1.459,,,,,,,
35,Right,25,-0.0002,0.0012,0.0219,0.0000,0.0000,0.0000,1.0000,1.459,,,,,,,
36,Left,0,0.0017,-0.0057,0.0655,0.0000,0.0000,0.0000,1.0000,1.501,,,,,,,
36,Left,1,0.0000,0.0000,0.0000,0.0000,0.0000,0.0000,1.0000,1.501,-0.5850,0.1792,0.0081,-0.6964,0.4523,-0.1629,-0.5328
36,Left,2,0.0264,-0.0208,0.0367,-0.0150,0.3129,-0.6525,0.6900,1.501,,,,,,,
36,Left,3,0.0000,0.0000,0.0325,0.2713,-0.0450,0.0807,0.9581,1.501,,,,,,,
36,Left,4,0.0000,0.0000,0.0338,0.2087,0.0418,-0.0757,0.9741,1.501,,,,,,,
36,Left,5,-0.0007,0.0010,0.0246,0.0000,0.0000,0.0000,1.0000,1.501,,,,,,,
36,Left,6,0.0179,-0.0119,0.0376,0.0000,0.0000,0.0000,1.0000,1.501,,,,,,,
36,Left,7,0.0056,0.0046,0.0584,0.4257,-0.0889,-0.0084,0.9004,1.501,,,,,,,
36,Left,8,0.0000,0.0000,0.0379,0.7440,0.0144,0.0211,0.6677,1.501,,,,,,,
36,Left,9,0.0000,0.0000,0.0243,0.5309,-0.0133,0.0165,0.8472,1.501,,,,,,,
36,Left,10,-0.0003,0.0010,0.0224,0.0000,0.0000,0.0000,1.0000,1.501,,,,,,,
36,Left,11,0.0017,-0.0088,0.0354,0.0000,0.0000,0.0000,1.0000,1.501,,,,,,,
36,Left,12,0.0000,0.0063,0.0602,0.5533,-0.0896,0.0618,0.8259,1.501,,,,,,,
36,Left,13,0.0000,0.0000,0.0429,0.6974,0.0047,0.0125,0.7165,1.501,,,,,,,
36,Left,14,0.0000,0.0000,0.0275,0.5252,0.0225,0.0885,0.8460,1.501,,,,,,,
36,Left,15,-0.0003,0.0011,0.0250,0.0000,0.0000,0.0000,1.0000,1.501,,,,,,,
36,Left,16,-0.0150,-0.0060,0.0348,0.0000,0.0000,0.0000,1.0000,1.501,,,,,,,
36,Left,17,-0.0025,-0.0005,0.0539,0.6105,-0.0605,0.1027,0.7830,1.501,,,,,,,
36,Left,18,0.0000,0.0000,0.0390,0.6791,0.0206,0.0417,0.7325,1.501,,,,,,,
36,Left,19,0.0000,0.0000,0.0266,0.5352,0.0272,0.0290,0.8438,1.501,,,,,,,
36,Left,20,-0.0003,0.0016,0.0243,0.0000,0.0000,0.0000,1.0000,1.501,,,,,,,
36,Left,21,-0.0230,-0.0094,0.0341,0.0183,-0.1403,0.2070,0.9680,1.501,,,,,,,
36,Left,22,0.0000,0.0000,0.0457,0.5854,-0.0389,-0.0575,0.8078,1.501,,,,,,,
36,Left,23,0.0000,0.0000,0.0307,0.6201,-0.0090,0.0848,0.7798,1.501,,,,,,,
36,Left,24,0.0000,0.0000,0.0203,0.5883,0.0393,-0.0026,0.8077,1.501,,,,,,,
36,Left,25,0.0002,0.0012,0.0219,0.0000,0.0000,0.0000,1.0000,1.501,,,,,,,
36,Right,0,-0.0030,-0.0048,0.0647,0.0000,0.0000,0.0000,1.0000,1.501,,,,,,,
36,Right,1,0.0000,0.0000,0.0000,0.0000,0.0000,0.0000,1.0000,1.501,-0.0326,0.0427,0.0272,0.6371,-0.0732,-0.0707,0.7640
36,Right,2,-0.0314,-0.0138,0.0334,-0.1679,-0.3185,0.5119,0.7800,1.501,,,,,,,
36,Right,3,0.0000,0.0000,0.0325,0.3001,0.0420,-0.0800,0.9496,1.501,,,,,,,
36,Right,4,0.0000,0.0000,0.0338,0.1157,-0.0504,0.0791,0.9889,1.501,,,,,,,
36,Right,5,0.0007,0.0010,0.0246,0.0000,0.0000,0.0000,1.0000,1.501,,,,,,,
36,Right,6,-0.0204,-0.0084,0.0359,0.0000,0.0000,0.0000,1.0000,1.501,,,,,,,
36,Right,7,-0.0032,0.0011,0.0601,0.0171,0.0604,0.0319,0.9975,1.501,,,,,,,
36,Right,8,0.0000,0.0000,0.0379,0.0914,0.0048,-0.0262,0.9955,1.501,,,,,,,
36,Right,9,0.0000,0.0000,0.0243,0.0455,0.0253,-0.0167,0.9985,1.501,,,,,,,
36,Right,10,0.0003,0.0010,0.0224,0.0000,0.0000,0.0000,1.0000,1.501,,,,,,,
36,Right,11,-0.0042,-0.0071,0.0337,0.0000,0.0000,0.0000,1.0000,1.501,,,,,,,
36,Right,12,0.0025,0.0045,0.0619,0.0945,0.1023,-0.0136,0.9902,1.501,,,,,,,
36,Right,13,0.0000,0.0000,0.0429,0.0864,0.0034,-0.0118,0.9962,1.501,,,,,,,
36,Right,14,0.0000,0.0000,0.0275,-0.0051,0.0008,-0.0431,0.9991,1.501,,,,,,,
36,Right,15,0.0003,0.0011,0.0250,0.0000,0.0000,0.0000,1.0000,1.501,,,,,,,
36,Right,16,0.0150,-0.0060,0.0348,0.0000,0.0000,0.0000,1.0000,1.501,,,,,,,
36,Right,17,0.0025,-0.0005,0.0539,0.0655,0.1253,-0.0550,0.9884,1.501,,,,,,,
36,Right,18,0.0000,0.0000,0.0390,0.0901,-0.0001,-0.0356,0.9953,1.501,,,,,,,
36,Right,19,0.0000,0.0000,0.0266,0.0303,-0.0294,-0.0061,0.9991,1.501,,,,,,,
36,Right,20,0.0003,0.0016,0.0243,0.0000,0.0000,0.0000,1.0000,1.501,,,,,,,
36,Right,21,0.0230,-0.0094,0.0341,0.0183,0.1403,-0.2070,0.9680,1.501,,,,,,,
36,Right,22,0.0000,0.0000,0.0457,-0.0452,0.0358,0.0965,0.9937,1.501,,,,,,,
36,Right,23,0.0000,0.0000,0.0307,0.1383,0.0366,-0.0506,0.9884,1.501,,,,,,,
36,Right,24,0.0000,0.0000,0.0203,-0.0106,-0.0492,0.0007,0.9987,1.501,,,,,,,
36,Right,25,-0.0002,0.0012,0.0219,0.0000,0.0000,0.0000,1.0000,1.501,,,,,,,
37,Left,0,0.0017,-0.0057,0.0655,0.0000,0.0000,0.0000,1.0000,1.542,,,,,,,
37,Left,1,0.0000,0.0000,0.0000,0.0000,0.0000,0.0000,1.0000,1.542,-0.5844,0.1804,0.0080,-0.6967,0.4529,-0.1630,-0.5319
37,Left,2,0.0264,-0.0209,0.0367,-0.0147,0.3126,-0.6529,0.6898,1.542,,,,,,,
37,Left,3,0.0000,0.0000,0.0325,0.2729,-0.0448,0.0806,0.9576,1.542,,,,,,,
37,Left,4,0.0000,0.0000,0.0338,0.2093,0.0417,-0.0757,0.9740,1.542,,,,,,,
37,Left,5,-0.0007,0.0010,0.0246,0.0000,0.0000,0.0000,1.0000,1.542,,,,,,,
37,Left,6,0.0179,-0.0119,0.0376,0.0000,0.0000,0.0000,1.0000,1.542,,,,,,,
37,Left,7,0.0056,0.0046,0.0584,0.4257,-0.0891,-0.0083,0.9004,1.542,,,,,,,
37,Left,8,0.0000,0.0000,0.0379,0.7439,0.0144,0.0211,0.6678,1.542,,,,,,,
37,Left,9,0.0000,0.0000,0.0243,0.5310,-0.0133,0.0165,0.8471,1.542,,,,,,,
37,Left,10,-0.0003,0.0010,0.0224,0.0000,0.0000,0.0000,1.0000,1.542,,,,,,,
37,Left,11,0.0017,-0.0088,0.0354,0.0000,0.0000,0.0000,1.0000,1.542,,,,,,,
37,Left,12,0.0000,0.0063,0.0602,0.5533,-0.0897,0.0619,0.8258,1.542,,,,,,,
37,Left,13,0.0000,0.0000,0.0429,0.6969,0.0047,0.0125,0.7170,1.542,,,,,,,
37,Left,14,0.0000,0.0000,0.0275,0.5247,0.0224,0.0885,0.8464,1.542,,,,,,,
37,Left,15,-0.0003,0.0011,0.0250,0.0000,0.0000,0.0000,1.0000,1.542,,,,,,,
37,Left,16,-0.0150,-0.0060,0.0348,0.0000,0.0000,0.0000,1.0000,1.542,,,,,,,
37,Left,17,-0.0025,-0.0005,0.0539,0.6103,-0.0604,0.1026,0.7832,1.542,,,,,,,
37,Left,18,0.0000,0.0000,0.0390,0.6791,0.0206,0.0417,0.7326,1.542,,,,,,,
37,Left,19,0.0000,0.0000,0.0266,0.5347,0.0272,0.0290,0.8441,1.542,,,,,,,
37,Left,20,-0.0003,0.0016,0.0243,0.0000,0.0000,0.0000,1.0000,1.542,,,,,,,
37,Left,21,-0.0230,-0.0094,0.0341,0.0183,-0.1403,0.2070,0.9680,1.542,,,,,,,
37,Left,22,0.0000,0.0000,0.0457,0.5851,-0.0388,-0.0576,0.8080,1.542,,,,,,,
37,Left,23,0.0000,0.0000,0.0307,0.6202,-0.0090,0.0848,0.7798,1.542,,,,,,,
37,Left,24,0.0000,0.0000,0.0203,0.5880,0.0393,-0.0026,0.8079,1.542,,,,,,,
37,Left,25,0.0002,0.0012,0.0219,0.0000,0.0000,0.0000,1.0000,1.542,,,,,,,
37,Right,0,-0.0030,-0.0048,0.0647,0.0000,0.0000,0.0000,1.0000,1.542,,,,,,,
37,Right,1,0.0000,0.0000,0.0000,0.0000,0.0000,0.0000,1.0000,1.542,-0.0319,0.0428,0.0269,0.6374,-0.0735,-0.0710,0.7638
37,Right,2,-0.0314,-0.0138,0.0334,-0.1673,-0.3189,0.5124,0.7796,1.542,,,,,,,
37,Right,3,0.0000,0.0000,0.0325,0.3003,0.0419,-0.0800,0.9496,1.542,,,,,,,
37,Right,4,0.0000,0.0000,0.0338,0.1156,-0.0504,0.0791,0.9889,1.542,,,,,,,
37,Right,5,0.0007,0.0010,0.0246,0.0000,0.0000,0.0000,1.0000,1.542,,,,,,,
37,Right,6,-0.0204,-0.0084,0.0359,0.0000,0.0000,0.0000,1.0000,1.542,,,,,,,
37,Right,7,-0.0032,0.0011,0.0601,0.0169,0.0607,0.0319,0.9975,1.542,,,,,,,
37,Right,8,0.0000,0.0000,0.0379,0.0909,0.0048,-0.0262,0.9955,1.542,,,,,,,
37,Right,9,0.0000,0.0000,0.0243,0.0453,0.0253,-0.0167,0.9985,1.542,,,,,,,
37,Right,10,0.0003,0.0010,0.0224,0.0000,0.0000,0.0000,1.0000,1.542,,,,,,,
37,Right,11,-0.0042,-0.0071,0.0337,0.0000,0.0000,0.0000,1.0000,1.542,,,,,,,
37,Right,12,0.0025,0.0045,0.0619,0.0941,0.1030,-0.0136,0.9901,1.542,,,,,,,
37,Right,13,0.0000,0.0000,0.0429,0.0861,0.0034,-0.0118,0.9962,1.542,,,,,,,
37,Right,14,0.0000,0.0000,0.0275,-0.0050,0.0008,-0.0431,0.9991,1.542,,,,,,,
37,Right,15,0.0003,0.0011,0.0250,0.0000,0.0000,0.0000,1.0000,1.542,,,,,,,
37,Right,16,0.0150,-0.0060,0.0348,0.0000,0.0000,0.0000,1.0000,1.542,,,,,,,
37,Right,17,0.0025,-0.0005,0.0539,0.0653,0.1258,-0.0550,0.9884,1.542,,,,,,,
37,Right,18,0.0000,0.0000,0.0390,0.0897,0.0000,-0.0356,0.9953,1.542,,,,,,,
37,Right,19,0.0000,0.0000,0.0266,0.0305,-0.0294,-0.0061,0.9991,1.542,,,,,,,
37,Right,20,0.0003,0.0016,0.0243,0.0000,0.0000,0.0000,1.0000,1.542,,,,,,,
37,Right,21,0.0230,-0.0094,0.0341,0.0183,0.1403,-0.2070,0.9680,1.542,,,,,,,
37,Right,22,0.0000,0.0000,0.0457,-0.0448,0.0362,0.0965,0.9937,1.542,,,,,,,
37,Right,23,0.0000,0.0000,0.0307,0.1380,0.0366,-0.0505,0.9885,1.542,,,,,,,
37,Right,24,0.0000,0.0000,0.0203,-0.0105,-0.0492,0.0007,0.9987,1.542,,,,,,,
37,Right,25,-0.0002,0.0012,0.0219,0.0000,0.0000,0.0000,1.0000,1.542,,,,,,,
38,Left,0,0.0017,-0.0057,0.0655,0.0000,0.0000,0.0000,1.0000,1.584,,,,,,,
38,Left,1,0.0000,0.0000,0.0000,0.0000,0.0000,0.0000,1.0000,1.584,-0.5848,0.1831,0.0037,-0.6969,0.4564,-0.1627,-0.5287
38,Left,2,0.0264,-0.0209,0.0367,-0.0143,0.3122,-0.6533,0.6895,1.584,,,,,,,
38,Left,3,0.0000,0.0000,0.0325,0.2747,-0.0446,0.0806,0.9571,1.584,,,,,,,
38,Left,4,0.0000,0.0000,0.0338,0.2118,0.0415,-0.0756,0.9735,1.584,,,,,,,
38,Left,5,-0.0007,0.0010,0.0246,0.0000,0.0000,0.0000,1.0000,1.584,,,,,,,
38,Left,6,0.0179,-0.0119,0.0376,0.0000,0.0000,0.0000,1.0000,1.584,,,,,,,
38,Left,7,0.0056,0.0046,0.0584,0.4251,-0.0892,-0.0083,0.9007,1.584,,,,,,,
38,Left,8,0.0000,0.0000,0.0379,0.7443,0.0144,0.0211,0.6674,1.584,,,,,,,
38,Left,9,0.0000,0.0000,0.0243,0.5315,-0.0133,0.0165,0.8468,1.584,,,,,,,
38,Left,10,-0.0003,0.0010,0.0224,0.0000,0.0000,0.0000,1.0000,1.584,,,,,,,
38,Left,11,0.0017,-0.0088,0.0354,0.0000,0.0000,0.0000,1.0000,1.584,,,,,,,
38,Left,12,0.0000,0.0063,0.0602,0.5526,-0.0897,0.0618,0.8263,1.584,,,,,,,
38,Left,13,0.0000,0.0000,0.0429,0.6969,0.0047,0.0125,0.7171,1.584,,,,,,,
38,Left,14,0.0000,0.0000,0.0275,0.5243,0.0224,0.0885,0.8466,1.584,,,,,,,
38,Left,15,-0.0003,0.0011,0.0250,0.0000,0.0000,0.0000,1.0000,1.584,,,,,,,
38,Left,16,-0.0150,-0.0060,0.0348,0.0000,0.0000,0.0000,1.0000,1.584,,,,,,,
38,Left,17,-0.0025,-0.0005,0.0539,0.6103,-0.0606,0.1028,0.7831,1.584,,,,,,,
38,Left,18,0.0000,0.0000,0.0390,0.6791,0.0206,0.0417,0.7326,1.584,,,,,,,
38,Left,19,0.0000,0.0000,0.0266,0.5345,0.0272,0.0290,0.8442,1.584,,,,,,,
38,Left,20,-0.0003,0.0016,0.0243,0.0000,0.0000,0.0000,1.0000,1.584,,,,,,,
38,Left,21,-0.0230,-0.0094,0.0341,0.0183,-0.1403,0.2070,0.9680,1.584,,,,,,,
38,Left,22,0.0000,0.0000,0.0457,0.5851,-0.0381,-0.0581,0.8080,1.584,,,,,,,
38,Left,23,0.0000,0.0000,0.0307,0.6203,-0.0090,0.0848,0.7797,1.584,,,,,,,
38,Left,24,0.0000,0.0000,0.0203,0.5876,0.0394,-0.0026,0.8082,1.584,,,,,,,
38,Left,25,0.0002,0.0012,0.0219,0.0000,0.0000,0.0000,1.0000,1.584,,,,,,,
38,Right,0,-0.0029,-0.0048,0.0647,0.0000,0.0000,0.0000,1.0000,1.584,,,,,,,
38,Right,1,0.0000,0.0000,0.0000,0.0000,0.0000,0.0000,1.0000,1.584,-0.0313,0.0431,0.0265,0.6372,-0.0737,-0.0716,0.7638
38,Right,2,-0.0313,-0.0139,0.0334,-0.1664,-0.3191,0.5133,0.7791,1.584,,,,,,,
38,Right,3,0.0000,0.0000,0.0325,0.3007,0.0419,-0.0800,0.9494,1.584,,,,,,,
38,Right,4,0.0000,0.0000,0.0338,0.1152,-0.0504,0.0791,0.9889,1.584,,,,,,,
38,Right,5,0.0007,0.0010,0.0246,0.0000,0.0000,0.0000,1.0000,1.584,,,,,,,
38,Right,6,-0.0204,-0.0084,0.0359,0.0000,0.0000,0.0000,1.0000,1.584,,,,,,,
38,Right,7,-0.0032,0.0011,0.0601,0.0165,0.0611,0.0319,0.9975,1.584,,,,,,,
38,Right,8,0.0000,0.0000,0.0379,0.0906,0.0048,-0.0262,0.9955,1.584,,,,,,,
38,Right,9,0.0000,0.0000,0.0243,0.0451,0.0253,-0.0167,0.9985,1.584,,,,,,,
38,Right,10,0.0003,0.0010,0.0224,0.0000,0.0000,0.0000,1.0000,1.584,,,,,,,
38,Right,11,-0.0042,-0.0071,0.0337,0.0000,0.0000,0.0000,1.0000,1.584,,,,,,,
38,Right,12,0.0024,0.0046,0.0619,0.0937,0.1039,-0.0136,0.9901,1.584,,,,,,,
38,Right,13,0.0000,0.0000,0.0429,0.0861,0.0034,-0.0118,0.9962,1.584,,,,,,,
38,Right,14,0.0000,0.0000,0.0275,-0.0049,0.0008,-0.0431,0.9991,1.584,,,,,,,
38,Right,15,0.0003,0.0011,0.0250,0.0000,0.0000,0.0000,1.0000,1.584,,,,,,,
38,Right,16,0.0150,-0.0060,0.0348,0.0000,0.0000,0.0000,1.0000,1.584,,,,,,,
38,Right,17,0.0025,-0.0005,0.0539,0.0651,0.1266,-0.0549,0.9883,1.584,,,,,,,
38,Right,18,0.0000,0.0000,0.0390,0.0897,0.0000,-0.0356,0.9953,1.584,,,,,,,
38,Right,19,0.0000,0.0000,0.0266,0.0307,-0.0294,-0.0061,0.9991,1.584,,,,,,,
38,Right,20,0.0003,0.0016,0.0243,0.0000,0.0000,0.0000,1.0000,1.584,,,,,,,
38,Right,21,0.0230,-0.0094,0.0341,0.0183,0.1403,-0.2070,0.9680,1.584,,,,,,,
38,Right,22,0.0000,0.0000,0.0457,-0.0444,0.0369,0.0965,0.9937,1.584,,,,,,,
38,Right,23,0.0000,0.0000,0.0307,0.1377,0.0367,-0.0505,0.9885,1.584,,,,,,,
38,Right,24,0.0000,0.0000,0.0203,-0.0104,-0.0492,0.0007,0.9987,1.584,,,,,,,
38,Right,25,-0.0002,0.0012,0.0219,0.0000,0.0000,0.0000,1.0000,1.584,,,,,,,
39,Left,0,0.0017,-0.0057,0.0655,0.0000,0.0000,0.0000,1.0000,1.626,,,,,,,
39,Left,1,0.0000,0.0000,0.0000,0.0000,0.0000,0.0000,1.0000,1.626,-0.5848,0.1848,0.0018,-0.6970,0.4599,-0.1627,-0.5256
39,Left,2,0.0264,-0.0209,0.0367,-0.0147,0.3120,-0.6532,0.6898,1.626,,,,,,,
39,Left,3,0.0000,0.0000,0.0325,0.2758,-0.0445,0.0806,0.9568,1.626,,,,,,,
39,Left,4,0.0000,0.0000,0.0338,0.2133,0.0414,-0.0755,0.9732,1.626,,,,,,,
39,Left,5,-0.0007,0.0010,0.0246,0.0000,0.0000,0.0000,1.0000,1.626,,,,,,,
39,Left,6,0.0179,-0.0119,0.0376,0.0000,0.0000,0.0000,1.0000,1.626,,,,,,,
39,Left,7,0.0056,0.0046,0.0584,0.4250,-0.0894,-0.0083,0.9007,1.626,,,,,,,
39,Left,8,0.0000,0.0000,0.0379,0.7438,0.0144,0.0211,0.6679,1.626,,,,,,,
39,Left,9,0.0000,0.0000,0.0243,0.5317,-0.0133,0.0165,0.8467,1.626,,,,,,,
39,Left,10,-0.0003,0.0010,0.0224,0.0000,0.0000,0.0000,1.0000,1.626,,,,,,,
39,Left,11,0.0017,-0.0088,0.0354,0.0000,0.0000,0.0000,1.0000,1.626,,,,,,,
39,Left,12,0.0000,0.0063,0.0602,0.5521,-0.0903,0.0620,0.8266,1.626,,,,,,,
39,Left,13,0.0000,0.0000,0.0429,0.6973,0.0047,0.0125,0.7167,1.626,,,,,,,
39,Left,14,0.0000,0.0000,0.0275,0.5249,0.0225,0.0885,0.8463,1.626,,,,,,,
39,Left,15,-0.0003,0.0011,0.0250,0.0000,0.0000,0.0000,1.0000,1.626,,,,,,,
39,Left,16,-0.0150,-0.0060,0.0348,0.0000,0.0000,0.0000,1.0000,1.626,,,,,,,
39,Left,17,-0.0025,-0.0005,0.0539,0.6102,-0.0608,0.1029,0.7831,1.626,,,,,,,
39,Left,18,0.0000,0.0000,0.0390,0.6791,0.0206,0.0417,0.7326,1.626,,,,,,,
39,Left,19,0.0000,0.0000,0.0266,0.5343,0.0272,0.0290,0.8443,1.626,,,,,,,
39,Left,20,-0.0003,0.0016,0.0243,0.0000,0.0000,0.0000,1.0000,1.626,,,,,,,
39,Left,21,-0.0230,-0.0094,0.0341,0.0183,-0.1403,0.2070,0.9680,1.626,,,,,,,
39,Left,22,0.0000,0.0000,0.0457,0.5851,-0.0381,-0.0581,0.8080,1.626,,,,,,,
39,Left,23,0.0000,0.0000,0.0307,0.6206,-0.0090,0.0848,0.7795,1.626,,,,,,,
39,Left,24,0.0000,0.0000,0.0203,0.5874,0.0394,-0.0026,0.8083,1.626,,,,,,,
39,Left,25,0.0002,0.0012,0.0219,0.0000,0.0000,0.0000,1.0000,1.626,,,,,,,
39,Right,0,-0.0029,-0.0048,0.0647,0.0000,0.0000,0.0000,1.0000,1.626,,,,,,,
39,Right,1,0.0000,0.0000,0.0000,0.0000,0.0000,0.0000,1.0000,1.626,-0.0309,0.0434,0.0265,0.6376,-0.0738,-0.0713,0.7635
39,Right,2,-0.0313,-0.0139,0.0334,-0.1657,-0.3191,0.5141,0.7787,1.626,,,,,,,
39,Right,3,0.0000,0.0000,0.0325,0.3007,0.0419,-0.0800,0.9494,1.626,,,,,,,
39,Right,4,0.0000,0.0000,0.0338,0.1145,-0.0505,0.0791,0.9890,1.626,,,,,,,
39,Right,5,0.0007,0.0010,0.0246,0.0000,0.0000,0.0000,1.0000,1.626,,,,,,,
39,Right,6,-0.0204,-0.0084,0.0359,0.0000,0.0000,0.0000,1.0000,1.626,,,,,,,
39,Right,7,-0.0032,0.0011,0.0601,0.0159,0.0611,0.0319,0.9975,1.626,,,,,,,
39,Right,8,0.0000,0.0000,0.0379,0.0899,0.0048,-0.0262,0.9956,1.626,,,,,,,
39,Right,9,0.0000,0.0000,0.0243,0.0446,0.0253,-0.0167,0.9985,1.626,,,,,,,
39,Right,10,0.0003,0.0010,0.0224,0.0000,0.0000,0.0000,1.0000,1.626,,,,,,,
39,Right,11,-0.0042,-0.0071,0.0337,0.0000,0.0000,0.0000,1.0000,1.626,,,,,,,
39,Right,12,0.0024,0.0046,0.0619,0.0935,0.1043,-0.0136,0.9901,1.626,,,,,,,
39,Right,13,0.0000,0.0000,0.0429,0.0860,0.0034,-0.0118,0.9962,1.626,,,,,,,
39,Right,14,0.0000,0.0000,0.0275,-0.0048,0.0008,-0.0432,0.9991,1.626,,,,,,,
39,Right,15,0.0003,0.0011,0.0250,0.0000,0.0000,0.0000,1.0000,1.626,,,,,,,
39,Right,16,0.0150,-0.0060,0.0348,0.0000,0.0000,0.0000,1.0000,1.626,,,,,,,
39,Right,17,0.0025,-0.0005,0.0539,0.0651,0.1266,-0.0549,0.9883,1.626,,,,,,,
39,Right,18,0.0000,0.0000,0.0390,0.0892,0.0000,-0.0356,0.9954,1.626,,,,,,,
39,Right,19,0.0000,0.0000,0.0266,0.0306,-0.0294,-0.0061,0.9991,1.626,,,,,,,
39,Right,20,0.0003,0.0016,0.0243,0.0000,0.0000,0.0000,1.0000,1.626,,,,,,,
39,Right,21,0.0230,-0.0094,0.0341,0.0183,0.1403,-0.2070,0.9680,1.626,,,,,,,
39,Right,22,0.0000,0.0000,0.0457,-0.0441,0.0374,0.0965,0.9936,1.626,,,,,,,
39,Right,23,0.0000,0.0000,0.0307,0.1371,0.0367,-0.0504,0.9886,1.626,,,,,,,
39,Right,24,0.0000,0.0000,0.0203,-0.0105,-0.0492,0.0007,0.9987,1.626,,,,,,,
39,Right,25,-0.0002,0.0012,0.0219,0.0000,0.0000,0.0000,1.0000,1.626,,,,,,,
40,Left,0,0.0017,-0.0057,0.0655,0.0000,0.0000,0.0000,1.0000,1.667,,,,,,,
40,Left,1,0.0000,0.0000,0.0000,0.0000,0.0000,0.0000,1.0000,1.667,-0.5863,0.1864,-0.0021,-0.6964,0.4614,-0.1651,-0.5243
40,Left,2,0.0264,-0.0209,0.0367,-0.0150,0.3127,-0.6526,0.6900,1.667,,,,,,,
40,Left,3,0.0000,0.0000,0.0325,0.2748,-0.0446,0.0806,0.9571,1.667,,,,,,,
40,Left,4,0.0000,0.0000,0.0338,0.2144,0.0413,-0.0755,0.9730,1.667,,,,,,,
40,Left,5,-0.0007,0.0010,0.0246,0.0000,0.0000,0.0000,1.0000,1.667,,,,,,,
40,Left,6,0.0179,-0.0119,0.0376,0.0000,0.0000,0.0000,1.0000,1.667,,,,,,,
40,Left,7,0.0056,0.0046,0.0584,0.4239,-0.0892,-0.0084,0.9013,1.667,,,,,,,
40,Left,8,0.0000,0.0000,0.0379,0.7434,0.0144,0.0211,0.6684,1.667,,,,,,,
40,Left,9,0.0000,0.0000,0.0243,0.5323,-0.0133,0.0165,0.8463,1.667,,,,,,,
40,Left,10,-0.0003,0.0010,0.0224,0.0000,0.0000,0.0000,1.0000,1.667,,,,,,,
40,Left,11,0.0017,-0.0088,0.0354,0.0000,0.0000,0.0000,1.0000,1.667,,,,,,,
40,Left,12,0.0000,0.0063,0.0602,0.5518,-0.0906,0.0622,0.8267,1.667,,,,,,,
40,Left,13,0.0000,0.0000,0.0429,0.6976,0.0047,0.0125,0.7163,1.667,,,,,,,
40,Left,14,0.0000,0.0000,0.0275,0.5253,0.0225,0.0885,0.8460,1.667,,,,,,,
40,Left,15,-0.0003,0.0011,0.0250,0.0000,0.0000,0.0000,1.0000,1.667,,,,,,,
40,Left,16,-0.0150,-0.0060,0.0348,0.0000,0.0000,0.0000,1.0000,1.667,,,,,,,
40,Left,17,-0.0025,-0.0005,0.0539,0.6106,-0.0609,0.1030,0.7828,1.667,,,,,,,
40,Left,18,0.0000,0.0000,0.0390,0.6796,0.0206,0.0417,0.7321,1.667,,,,,,,
40,Left,19,0.0000,0.0000,0.0266,0.5345,0.0272,0.0290,0.8442,1.667,,,,,,,
40,Left,20,-0.0003,0.0016,0.0243,0.0000,0.0000,0.0000,1.0000,1.667,,,,,,,
40,Left,21,-0.0230,-0.0094,0.0341,0.0183,-0.1403,0.2070,0.9680,1.667,,,,,,,
40,Left,22,0.0000,0.0000,0.0457,0.5855,-0.0381,-0.0581,0.8077,1.667,,,,,,,
40,Left,23,0.0000,0.0000,0.0307,0.6215,-0.0089,0.0848,0.7788,1.667,,,,,,,
40,Left,24,0.0000,0.0000,0.0203,0.5876,0.0394,-0.0026,0.8082,1.667,,,,,,,
40,Left,25,0.0002,0.0012,0.0219,0.0000,0.0000,0.0000,1.0000,1.667,,,,,,,
40,Right,0,-0.0029,-0.0048,0.0647,0.0000,0.0000,0.0000,1.0000,1.667,,,,,,,
40,Right,1,0.0000,0.0000,0.0000,0.0000,0.0000,0.0000,1.0000,1.667,-0.0302,0.0437,0.0266,0.6379,-0.0737,-0.0715,0.7633
40,Right,2,-0.0313,-0.0140,0.0334,-0.1649,-0.3193,0.5149,0.7783,1.667,,,,,,,
40,Right,3,0.0000,0.0000,0.0325,0.3004,0.0419,-0.0800,0.9495,1.667,,,,,,,
40,Right,4,0.0000,0.0000,0.0338,0.1140,-0.0505,0.0791,0.9890,1.667,,,,,,,
40,Right,5,0.0007,0.0010,0.0246,0.0000,0.0000,0.0000,1.0000,1.667,,,,,,,
40,Right,6,-0.0204,-0.0084,0.0359,0.0000,0.0000,0.0000,1.0000,1.667,,,,,,,
40,Right,7,-0.0032,0.0011,0.0601,0.0152,0.0611,0.0320,0.9975,1.667,,,,,,,
40,Right,8,0.0000,0.0000,0.0379,0.0896,0.0049,-0.0262,0.9956,1.667,,,,,,,
40,Right,9,0.0000,0.0000,0.0243,0.0445,0.0253,-0.0167,0.9986,1.667,,,,,,,
40,Right,10,0.0003,0.0010,0.0224,0.0000,0.0000,0.0000,1.0000,1.667,,,,,,,
40,Right,11,-0.0042,-0.0071,0.0338,0.0000,0.0000,0.0000,1.0000,1.667,,,,,,,
40,Right,12,0.0024,0.0046,0.0619,0.0929,0.1043,-0.0135,0.9901,1.667,,,,,,,
40,Right,13,0.0000,0.0000,0.0429,0.0859,0.0034,-0.0118,0.9962,1.667,,,,,,,
40,Right,14,0.0000,0.0000,0.0275,-0.0045,0.0008,-0.0432,0.9991,1.667,,,,,,,
40,Right,15,0.0003,0.0011,0.0250,0.0000,0.0000,0.0000,1.0000,1.667,,,,,,,
40,Right,16,0.0150,-0.0060,0.0348,0.0000,0.0000,0.0000,1.0000,1.667,,,,,,,
40,Right,17,0.0025,-0.0005,0.0539,0.0647,0.1264,-0.0549,0.9884,1.667,,,,,,,
40,Right,18,0.0000,0.0000,0.0390,0.0892,0.0000,-0.0356,0.9954,1.667,,,,,,,
40,Right,19,0.0000,0.0000,0.0266,0.0309,-0.0294,-0.0061,0.9991,1.667,,,,,,,
40,Right,20,0.0003,0.0016,0.0243,0.0000,0.0000,0.0000,1.0000,1.667,,,,,,,
40,Right,21,0.0230,-0.0094,0.0341,0.0183,0.1403,-0.2070,0.9680,1.667,,,,,,,
40,Right,22,0.0000,0.0000,0.0457,-0.0440,0.0374,0.0965,0.9937,1.667,,,,,,,
40,Right,23,0.0000,0.0000,0.0307,0.1365,0.0367,-0.0504,0.9887,1.667,,,,,,,
40,Right,24,0.0000,0.0000,0.0203,-0.0103,-0.0492,0.0007,0.9987,1.667,,,,,,,
40,Right,25,-0.0002,0.0012,0.0219,0.0000,0.0000,0.0000,1.0000,1.667,,,,,,,
41,Left,0,0.0017,-0.0057,0.0655,0.0000,0.0000,0.0000,1.0000,1.709,,,,,,,
41,Left,1,0.0000,0.0000,0.0000,0.0000,0.0000,0.0000,1.0000,1.709,-0.5854,0.1879,-0.0028,-0.6959,0.4622,-0.1657,-0.5241
41,Left,2,0.0264,-0.0208,0.0367,-0.0144,0.3140,-0.6524,0.6897,1.709,,,,,,,
41,Left,3,0.0000,0.0000,0.0325,0.2723,-0.0449,0.0806,0.9578,1.709,,,,,,,
41,Left,4,0.0000,0.0000,0.0338,0.2136,0.0413,-0.0755,0.9731,1.709,,,,,,,
41,Left,5,-0.0007,0.0010,0.0246,0.0000,0.0000,0.0000,1.0000,1.709,,,,,,,
41,Left,6,0.0179,-0.0119,0.0376,0.0000,0.0000,0.0000,1.0000,1.709,,,,,,,
41,Left,7,0.0056,0.0046,0.0584,0.4217,-0.0890,-0.0086,0.9023,1.709,,,,,,,
41,Left,8,0.0000,0.0000,0.0379,0.7433,0.0144,0.0211,0.6684,1.709,,,,,,,
41,Left,9,0.0000,0.0000,0.0243,0.5326,-0.0133,0.0165,0.8461,1.709,,,,,,,
41,Left,10,-0.0003,0.0010,0.0224,0.0000,0.0000,0.0000,1.0000,1.709,,,,,,,
41,Left,11,0.0017,-0.0088,0.0354,0.0000,0.0000,0.0000,1.0000,1.709,,,,,,,
41,Left,12,0.0000,0.0063,0.0603,0.5518,-0.0904,0.0621,0.8268,1.709,,,,,,,
41,Left,13,0.0000,0.0000,0.0429,0.6974,0.0047,0.0125,0.7165,1.709,,,,,,,
41,Left,14,0.0000,0.0000,0.0275,0.5255,0.0225,0.0885,0.8459,1.709,,,,,,,
41,Left,15,-0.0003,0.0011,0.0250,0.0000,0.0000,0.0000,1.0000,1.709,,,,,,,
41,Left,16,-0.0150,-0.0060,0.0348,0.0000,0.0000,0.0000,1.0000,1.709,,,,,,,
41,Left,17,-0.0025,-0.0005,0.0539,0.6113,-0.0604,0.1028,0.7824,1.709,,,,,,,
41,Left,18,0.0000,0.0000,0.0390,0.6800,0.0206,0.0417,0.7317,1.709,,,,,,,
41,Left,19,0.0000,0.0000,0.0266,0.5347,0.0272,0.0290,0.8441,1.709,,,,,,,
41,Left,20,-0.0003,0.0016,0.0243,0.0000,0.0000,0.0000,1.0000,1.709,,,,,,,
41,Left,21,-0.0230,-0.0094,0.0341,0.0183,-0.1403,0.2070,0.9680,1.709,,,,,,,
41,Left,22,0.0000,0.0000,0.0457,0.5879,-0.0385,-0.0578,0.8060,1.709,,,,,,,
41,Left,23,0.0000,0.0000,0.0307,0.6228,-0.0089,0.0849,0.7777,1.709,,,,,,,
41,Left,24,0.0000,0.0000,0.0203,0.5875,0.0394,-0.0026,0.8083,1.709,,,,,,,
41,Left,25,0.0002,0.0012,0.0219,0.0000,0.0000,0.0000,1.0000,1.709,,,,,,,
41,Right,0,-0.0029,-0.0048,0.0647,0.0000,0.0000,0.0000,1.0000,1.709,,,,,,,
41,Right,1,0.0000,0.0000,0.0000,0.0000,0.0000,0.0000,1.0000,1.709,-0.0296,0.0436,0.0262,0.6378,-0.0737,-0.0713,0.7634
41,Right,2,-0.0313,-0.0140,0.0335,-0.1643,-0.3195,0.5155,0.7779,1.709,,,,,,,
41,Right,3,0.0000,0.0000,0.0325,0.3004,0.0419,-0.0800,0.9495,1.709,,,,,,,
41,Right,4,0.0000,0.0000,0.0338,0.1132,-0.0506,0.0792,0.9891,1.709,,,,,,,
41,Right,5,0.0007,0.0010,0.0246,0.0000,0.0000,0.0000,1.0000,1.709,,,,,,,
41,Right,6,-0.0204,-0.0085,0.0359,0.0000,0.0000,0.0000,1.0000,1.709,,,,,,,
41,Right,7,-0.0032,0.0011,0.0601,0.0152,0.0606,0.0319,0.9975,1.709,,,,,,,
41,Right,8,0.0000,0.0000,0.0379,0.0893,0.0049,-0.0262,0.9956,1.709,,,,,,,
41,Right,9,0.0000,0.0000,0.0243,0.0443,0.0253,-0.0167,0.9986,1.709,,,,,,,
41,Right,10,0.0003,0.0010,0.0224,0.0000,0.0000,0.0000,1.0000,1.709,,,,,,,
41,Right,11,-0.0041,-0.0071,0.0338,0.0000,0.0000,0.0000,1.0000,1.709,,,,,,,
41,Right,12,0.0024,0.0046,0.0619,0.0926,0.1042,-0.0135,0.9901,1.709,,,,,,,
41,Right,13,0.0000,0.0000,0.0429,0.0859,0.0034,-0.0118,0.9962,1.709,,,,,,,
41,Right,14,0.0000,0.0000,0.0275,-0.0044,0.0007,-0.0432,0.9991,1.709,,,,,,,
41,Right,15,0.0003,0.0011,0.0250,0.0000,0.0000,0.0000,1.0000,1.709,,,,,,,
41,Right,16,0.0150,-0.0060,0.0348,0.0000,0.0000,0.0000,1.0000,1.709,,,,,,,
41,Right,17,0.0025,-0.0005,0.0539,0.0647,0.1263,-0.0549,0.9884,1.709,,,,,,,
41,Right,18,0.0000,0.0000,0.0390,0.0893,0.0000,-0.0356,0.9954,1.709,,,,,,,
41,Right,19,0.0000,0.0000,0.0266,0.0312,-0.0294,-0.0061,0.9991,1.709,,,,,,,
41,Right,20,0.0003,0.0016,0.0243,0.0000,0.0000,0.0000,1.0000,1.709,,,,,,,
41,Right,21,0.0230,-0.0094,0.0341,0.0183,0.1403,-0.2070,0.9680,1.709,,,,,,,
41,Right,22,0.0000,0.0000,0.0457,-0.0437,0.0375,0.0965,0.9937,1.709,,,,,,,
41,Right,23,0.0000,0.0000,0.0307,0.1359,0.0367,-0.0503,0.9888,1.709,,,,,,,
41,Right,24,0.0000,0.0000,0.0203,-0.0103,-0.0492,0.0007,0.9987,1.709,,,,,,,
41,Right,25,-0.0002,0.0012,0.0219,0.0000,0.0000,0.0000,1.0000,1.709,,,,,,,
42,Left,0,0.0017,-0.0057,0.0655,0.0000,0.0000,0.0000,1.0000,1.750,,,,,,,
42,Left,1,0.0000,0.0000,0.0000,0.0000,0.0000,0.0000,1.0000,1.750,-0.5856,0.1896,-0.0033,-0.6961,0.4628,-0.1664,-0.5231
42,Left,2,0.0264,-0.0208,0.0367,-0.0141,0.3139,-0.6526,0.6895,1.750,,,,,,,
42,Left,3,0.0000,0.0000,0.0325,0.2708,-0.0450,0.0807,0.9582,1.750,,,,,,,
42,Left,4,0.0000,0.0000,0.0338,0.2121,0.0415,-0.0755,0.9734,1.750,,,,,,,
42,Left,5,-0.0007,0.0010,0.0246,0.0000,0.0000,0.0000,1.0000,1.750,,,,,,,
42,Left,6,0.0179,-0.0119,0.0376,0.0000,0.0000,0.0000,1.0000,1.750,,,,,,,
42,Left,7,0.0056,0.0046,0.0584,0.4219,-0.0896,-0.0084,0.9022,1.750,,,,,,,
42,Left,8,0.0000,0.0000,0.0379,0.7420,0.0144,0.0212,0.6699,1.750,,,,,,,
42,Left,9,0.0000,0.0000,0.0243,0.5326,-0.0133,0.0165,0.8461,1.750,,,,,,,
42,Left,10,-0.0003,0.0010,0.0224,0.0000,0.0000,0.0000,1.0000,1.750,,,,,,,
42,Left,11,0.0017,-0.0088,0.0354,0.0000,0.0000,0.0000,1.0000,1.750,,,,,,,
42,Left,12,0.0000,0.0063,0.0602,0.5515,-0.0902,0.0619,0.8270,1.750,,,,,,,
42,Left,13,0.0000,0.0000,0.0429,0.6966,0.0047,0.0125,0.7173,1.750,,,,,,,
42,Left,14,0.0000,0.0000,0.0275,0.5254,0.0225,0.0885,0.8460,1.750,,,,,,,
42,Left,15,-0.0003,0.0011,0.0250,0.0000,0.0000,0.0000,1.0000,1.750,,,,,,,
42,Left,16,-0.0150,-0.0060,0.0348,0.0000,0.0000,0.0000,1.0000,1.750,,,,,,,
42,Left,17,-0.0025,-0.0005,0.0539,0.6116,-0.0604,0.1028,0.7821,1.750,,,,,,,
42,Left,18,0.0000,0.0000,0.0390,0.6799,0.0206,0.0417,0.7319,1.750,,,,,,,
42,Left,19,0.0000,0.0000,0.0266,0.5348,0.0272,0.0290,0.8440,1.750,,,,,,,
42,Left,20,-0.0003,0.0016,0.0243,0.0000,0.0000,0.0000,1.0000,1.750,,,,,,,
42,Left,21,-0.0230,-0.0094,0.0341,0.0183,-0.1403,0.2070,0.9680,1.750,,,,,,,
42,Left,22,0.0000,0.0000,0.0457,0.5892,-0.0392,-0.0572,0.8050,1.750,,,,,,,
42,Left,23,0.0000,0.0000,0.0307,0.6236,-0.0088,0.0850,0.7771,1.750,,,,,,,
42,Left,24,0.0000,0.0000,0.0203,0.5872,0.0394,-0.0026,0.8085,1.750,,,,,,,
42,Left,25,0.0002,0.0012,0.0219,0.0000,0.0000,0.0000,1.0000,1.750,,,,,,,
42,Right,0,-0.0029,-0.0048,0.0647,0.0000,0.0000,0.0000,1.0000,1.750,,,,,,,
42,Right,1,0.0000,0.0000,0.0000,0.0000,0.0000,0.0000,1.0000,1.750,-0.0285,0.0434,0.0259,0.6380,-0.0740,-0.0713,0.7632
42,Right,2,-0.0313,-0.0140,0.0335,-0.1640,-0.3198,0.5158,0.7777,1.750,,,,,,,
42,Right,3,0.0000,0.0000,0.0325,0.3006,0.0419,-0.0800,0.9495,1.750,,,,,,,
42,Right,4,0.0000,0.0000,0.0338,0.1128,-0.0506,0.0792,0.9892,1.750,,,,,,,
42,Right,5,0.0007,0.0010,0.0246,0.0000,0.0000,0.0000,1.0000,1.750,,,,,,,
42,Right,6,-0.0204,-0.0085,0.0359,0.0000,0.0000,0.0000,1.0000,1.750,,,,,,,
42,Right,7,-0.0032,0.0011,0.0601,0.0152,0.0606,0.0319,0.9975,1.750,,,,,,,
42,Right,8,0.0000,0.0000,0.0379,0.0889,0.0049,-0.0262,0.9957,1.750,,,,,,,
42,Right,9,0.0000,0.0000,0.0243,0.0440,0.0253,-0.0167,0.9986,1.750,,,,,,,
42,Right,10,0.0003,0.0010,0.0224,0.0000,0.0000,0.0000,1.0000,1.750,,,,,,,
42,Right,11,-0.0041,-0.0071,0.0338,0.0000,0.0000,0.0000,1.0000,1.750,,,,,,,
42,Right,12,0.0024,0.0046,0.0619,0.0925,0.1042,-0.0135,0.9902,1.750,,,,,,,
42,Right,13,0.0000,0.0000,0.0429,0.0856,0.0034,-0.0118,0.9963,1.750,,,,,,,
42,Right,14,0.0000,0.0000,0.0275,-0.0043,0.0007,-0.0432,0.9991,1.750,,,,,,,
42,Right,15,0.0003,0.0011,0.0250,0.0000,0.0000,0.0000,1.0000,1.750,,,,,,,
42,Right,16,0.0150,-0.0060,0.0348,0.0000,0.0000,0.0000,1.0000,1.750,,,,,,,
42,Right,17,0.0025,-0.0005,0.0539,0.0646,0.1264,-0.0549,0.9884,1.750,,,,,,,
42,Right,18,0.0000,0.0000,0.0390,0.0889,0.0000,-0.0356,0.9954,1.750,,,,,,,
42,Right,19,0.0000,0.0000,0.0266,0.0312,-0.0294,-0.0061,0.9991,1.750,,,,,,,
42,Right,20,0.0003,0.0016,0.0243,0.0000,0.0000,0.0000,1.0000,1.750,,,,,,,
42,Right,21,0.0230,-0.0094,0.0341,0.0183,0.1403,-0.2070,0.9680,1.750,,,,,,,
42,Right,22,0.0000,0.0000,0.0457,-0.0435,0.0378,0.0965,0.9937,1.750,,,,,,,
42,Right,23,0.0000,0.0000,0.0307,0.1353,0.0368,-0.0503,0.9888,1.750,,,,,,,
42,Right,24,0.0000,0.0000,0.0203,-0.0103,-0.0492,0.0007,0.9987,1.750,,,,,,,
42,Right,25,-0.0002,0.0012,0.0219,0.0000,0.0000,0.0000,1.0000,1.750,,,,,,,
43,Left,0,0.0017,-0.0057,0.0655,0.0000,0.0000,0.0000,1.0000,1.792,,,,,,,
43,Left,1,0.0000,0.0000,0.0000,0.0000,0.0000,0.0000,1.0000,1.792,-0.5861,0.1905,-0.0044,-0.6976,0.4626,-0.1670,-0.5211
43,Left,2,0.0264,-0.0208,0.0367,-0.0141,0.3141,-0.6525,0.6895,1.792,,,,,,,
43,Left,3,0.0000,0.0000,0.0325,0.2682,-0.0453,0.0807,0.9589,1.792,,,,,,,
43,Left,4,0.0000,0.0000,0.0338,0.2003,0.0426,-0.0760,0.9758,1.792,,,,,,,
43,Left,5,-0.0007,0.0010,0.0246,0.0000,0.0000,0.0000,1.0000,1.792,,,,,,,
43,Left,6,0.0179,-0.0119,0.0376,0.0000,0.0000,0.0000,1.0000,1.792,,,,,,,
43,Left,7,0.0056,0.0046,0.0584,0.4231,-0.0894,-0.0084,0.9016,1.792,,,,,,,
43,Left,8,0.0000,0.0000,0.0379,0.7411,0.0143,0.0212,0.6709,1.792,,,,,,,
43,Left,9,0.0000,0.0000,0.0243,0.5320,-0.0133,0.0165,0.8465,1.792,,,,,,,
43,Left,10,-0.0003,0.0010,0.0224,0.0000,0.0000,0.0000,1.0000,1.792,,,,,,,
43,Left,11,0.0017,-0.0088,0.0354,0.0000,0.0000,0.0000,1.0000,1.792,,,,,,,
43,Left,12,0.0000,0.0063,0.0602,0.5521,-0.0899,0.0618,0.8266,1.792,,,,,,,
43,Left,13,0.0000,0.0000,0.0429,0.6961,0.0047,0.0126,0.7178,1.792,,,,,,,
43,Left,14,0.0000,0.0000,0.0276,0.5250,0.0225,0.0885,0.8462,1.792,,,,,,,
43,Left,15,-0.0003,0.0011,0.0250,0.0000,0.0000,0.0000,1.0000,1.792,,,,,,,
43,Left,16,-0.0150,-0.0060,0.0348,0.0000,0.0000,0.0000,1.0000,1.792,,,,,,,
43,Left,17,-0.0025,-0.0005,0.0539,0.6120,-0.0607,0.1031,0.7818,1.792,,,,,,,
43,Left,18,0.0000,0.0000,0.0390,0.6804,0.0206,0.0417,0.7314,1.792,,,,,,,
43,Left,19,0.0000,0.0000,0.0266,0.5351,0.0272,0.0290,0.8438,1.792,,,,,,,
43,Left,20,-0.0003,0.0016,0.0243,0.0000,0.0000,0.0000,1.0000,1.792,,,,,,,
43,Left,21,-0.0230,-0.0094,0.0341,0.0183,-0.1403,0.2070,0.9680,1.792,,,,,,,
43,Left,22,0.0000,0.0000,0.0457,0.5898,-0.0395,-0.0570,0.8046,1.792,,,,,,,
43,Left,23,0.0000,0.0000,0.0307,0.6245,-0.0087,0.0850,0.7763,1.792,,,,,,,
43,Left,24,0.0000,0.0000,0.0203,0.5872,0.0394,-0.0026,0.8085,1.792,,,,,,,
43,Left,25,0.0002,0.0012,0.0219,0.0000,0.0000,0.0000,1.0000,1.792,,,,,,,
43,Right,0,-0.0029,-0.0048,0.0647,0.0000,0.0000,0.0000,1.0000,1.792,,,,,,,
43,Right,1,0.0000,0.0000,0.0000,0.0000,0.0000,0.0000,1.0000,1.792,-0.0284,0.0439,0.0260,0.6377,-0.0736,-0.0714,0.7634
43,Right,2,-0.0313,-0.0140,0.0335,-0.1638,-0.3201,0.5159,0.7775,1.792,,,,,,,
43,Right,3,0.0000,0.0000,0.0325,0.3008,0.0419,-0.0800,0.9494,1.792,,,,,,,
43,Right,4,0.0000,0.0000,0.0338,0.1126,-0.0507,0.0792,0.9892,1.792,,,,,,,
43,Right,5,0.0007,0.0010,0.0246,0.0000,0.0000,0.0000,1.0000,1.792,,,,,,,
43,Right,6,-0.0204,-0.0085,0.0359,0.0000,0.0000,0.0000,1.0000,1.792,,,,,,,
43,Right,7,-0.0032,0.0011,0.0601,0.0153,0.0602,0.0319,0.9976,1.792,,,,,,,
43,Right,8,0.0000,0.0000,0.0379,0.0888,0.0049,-0.0262,0.9957,1.792,,,,,,,
43,Right,9,0.0000,0.0000,0.0243,0.0438,0.0253,-0.0167,0.9986,1.792,,,,,,,
43,Right,10,0.0003,0.0010,0.0224,0.0000,0.0000,0.0000,1.0000,1.792,,,,,,,
43,Right,11,-0.0041,-0.0071,0.0338,0.0000,0.0000,0.0000,1.0000,1.792,,,,,,,
43,Right,12,0.0024,0.0046,0.0619,0.0926,0.1042,-0.0135,0.9901,1.792,,,,,,,
43,Right,13,0.0000,0.0000,0.0429,0.0857,0.0034,-0.0118,0.9962,1.792,,,,,,,
43,Right,14,0.0000,0.0000,0.0275,-0.0042,0.0007,-0.0432,0.9991,1.792,,,,,,,
43,Right,15,0.0003,0.0011,0.0250,0.0000,0.0000,0.0000,1.0000,1.792,,,,,,,
43,Right,16,0.0150,-0.0060,0.0348,0.0000,0.0000,0.0000,1.0000,1.792,,,,,,,
43,Right,17,0.0025,-0.0005,0.0539,0.0646,0.1264,-0.0549,0.9883,1.792,,,,,,,
43,Right,18,0.0000,0.0000,0.0390,0.0891,0.0000,-0.0356,0.9954,1.792,,,,,,,
43,Right,19,0.0000,0.0000,0.0266,0.0314,-0.0294,-0.0061,0.9991,1.792,,,,,,,
43,Right,20,0.0003,0.0016,0.0243,0.0000,0.0000,0.0000,1.0000,1.792,,,,,,,
43,Right,21,0.0230,-0.0094,0.0341,0.0183,0.1403,-0.2070,0.9680,1.792,,,,,,,
43,Right,22,0.0000,0.0000,0.0457,-0.0438,0.0379,0.0965,0.9936,1.792,,,,,,,
43,Right,23,0.0000,0.0000,0.0307,0.1347,0.0368,-0.0503,0.9889,1.792,,,,,,,
43,Right,24,0.0000,0.0000,0.0203,-0.0104,-0.0492,0.0007,0.9987,1.792,,,,,,,
43,Right,25,-0.0002,0.0012,0.0219,0.0000,0.0000,0.0000,1.0000,1.792,,,,,,,
44,Left,0,0.0017,-0.0057,0.0655,0.0000,0.0000,0.0000,1.0000,1.834,,,,,,,
44,Left,1,0.0000,0.0000,0.0000,0.0000,0.0000,0.0000,1.0000,1.834,-0.5859,0.1944,-0.0043,-0.7036,0.4623,-0.1676,-0.5129
44,Left,2,0.0264,-0.0208,0.0367,-0.0143,0.3138,-0.6525,0.6896,1.834,,,,,,,
44,Left,3,0.0000,0.0000,0.0325,0.2690,-0.0452,0.0807,0.9587,1.834,,,,,,,
44,Left,4,0.0000,0.0000,0.0338,0.2002,0.0426,-0.0760,0.9759,1.834,,,,,,,
44,Left,5,-0.0007,0.0010,0.0246,0.0000,0.0000,0.0000,1.0000,1.834,,,,,,,
44,Left,6,0.0179,-0.0119,0.0376,0.0000,0.0000,0.0000,1.0000,1.834,,,,,,,
44,Left,7,0.0056,0.0046,0.0584,0.4242,-0.0897,-0.0082,0.9011,1.834,,,,,,,
44,Left,8,0.0000,0.0000,0.0379,0.7402,0.0143,0.0212,0.6719,1.834,,,,,,,
44,Left,9,0.0000,0.0000,0.0243,0.5316,-0.0133,0.0165,0.8467,1.834,,,,,,,
44,Left,10,-0.0003,0.0010,0.0224,0.0000,0.0000,0.0000,1.0000,1.834,,,,,,,
44,Left,11,0.0017,-0.0088,0.0354,0.0000,0.0000,0.0000,1.0000,1.834,,,,,,,
44,Left,12,0.0000,0.0063,0.0602,0.5523,-0.0898,0.0618,0.8265,1.834,,,,,,,
44,Left,13,0.0000,0.0000,0.0429,0.6955,0.0047,0.0126,0.7184,1.834,,,,,,,
44,Left,14,0.0000,0.0000,0.0275,0.5249,0.0225,0.0885,0.8463,1.834,,,,,,,
44,Left,15,-0.0003,0.0011,0.0250,0.0000,0.0000,0.0000,1.0000,1.834,,,,,,,
44,Left,16,-0.0150,-0.0060,0.0348,0.0000,0.0000,0.0000,1.0000,1.834,,,,,,,
44,Left,17,-0.0025,-0.0005,0.0539,0.6123,-0.0611,0.1034,0.7815,1.834,,,,,,,
44,Left,18,0.0000,0.0000,0.0390,0.6805,0.0206,0.0417,0.7313,1.834,,,,,,,
44,Left,19,0.0000,0.0000,0.0266,0.5356,0.0272,0.0291,0.8435,1.834,,,,,,,
44,Left,20,-0.0003,0.0016,0.0243,0.0000,0.0000,0.0000,1.0000,1.834,,,,,,,
44,Left,21,-0.0230,-0.0094,0.0341,0.0183,-0.1403,0.2070,0.9680,1.834,,,,,,,
44,Left,22,0.0000,0.0000,0.0457,0.5905,-0.0398,-0.0568,0.8041,1.834,,,,,,,
44,Left,23,0.0000,0.0000,0.0307,0.6248,-0.0087,0.0850,0.7761,1.834,,,,,,,
44,Left,24,0.0000,0.0000,0.0203,0.5876,0.0394,-0.0026,0.8082,1.834,,,,,,,
44,Left,25,0.0002,0.0012,0.0219,0.0000,0.0000,0.0000,1.0000,1.834,,,,,,,
44,Right,0,-0.0029,-0.0048,0.0647,0.0000,0.0000,0.0000,1.0000,1.834,,,,,,,
44,Right,1,0.0000,0.0000,0.0000,0.0000,0.0000,0.0000,1.0000,1.834,-0.0283,0.0443,0.0264,0.6379,-0.0734,-0.0714,0.7633
44,Right,2,-0.0313,-0.0140,0.0335,-0.1636,-0.3203,0.5160,0.7774,1.834,,,,,,,
44,Right,3,0.0000,0.0000,0.0325,0.3009,0.0419,-0.0800,0.9494,1.834,,,,,,,
44,Right,4,0.0000,0.0000,0.0338,0.1119,-0.0507,0.0792,0.9893,1.834,,,,,,,
44,Right,5,0.0007,0.0010,0.0246,0.0000,0.0000,0.0000,1.0000,1.834,,,,,,,
44,Right,6,-0.0204,-0.0085,0.0359,0.0000,0.0000,0.0000,1.0000,1.834,,,,,,,
44,Right,7,-0.0032,0.0011,0.0601,0.0157,0.0602,0.0319,0.9976,1.834,,,,,,,
44,Right,8,0.0000,0.0000,0.0379,0.0888,0.0049,-0.0262,0.9957,1.834,,,,,,,
44,Right,9,0.0000,0.0000,0.0243,0.0437,0.0253,-0.0167,0.9986,1.834,,,,,,,
44,Right,10,0.0003,0.0010,0.0224,0.0000,0.0000,0.0000,1.0000,1.834,,,,,,,
44,Right,11,-0.0041,-0.0071,0.0338,0.0000,0.0000,0.0000,1.0000,1.834,,,,,,,
44,Right,12,0.0024,0.0046,0.0619,0.0927,0.1039,-0.0135,0.9902,1.834,,,,,,,
44,Right,13,0.0000,0.0000,0.0429,0.0859,0.0034,-0.0118,0.9962,1.834,,,,,,,
44,Right,14,0.0000,0.0000,0.0275,-0.0041,0.0007,-0.0432,0.9991,1.834,,,,,,,
44,Right,15,0.0003,0.0011,0.0250,0.0000,0.0000,0.0000,1.0000,1.834,,,,,,,
44,Right,16,0.0150,-0.0060,0.0348,0.0000,0.0000,0.0000,1.0000,1.834,,,,,,,
44,Right,17,0.0025,-0.0005,0.0539,0.0648,0.1262,-0.0549,0.9884,1.834,,,,,,,
44,Right,18,0.0000,0.0000,0.0390,0.0892,0.0000,-0.0356,0.9954,1.834,,,,,,,
44,Right,19,0.0000,0.0000,0.0266,0.0316,-0.0294,-0.0061,0.9990,1.834,,,,,,,
44,Right,20,0.0003,0.0016,0.0243,0.0000,0.0000,0.0000,1.0000,1.834,,,,,,,
44,Right,21,0.0230,-0.0094,0.0341,0.0183,0.1403,-0.2070,0.9680,1.834,,,,,,,
44,Right,22,0.0000,0.0000,0.0457,-0.0439,0.0378,0.0965,0.9936,1.834,,,,,,,
44,Right,23,0.0000,0.0000,0.0307,0.1345,0.0368,-0.0502,0.9890,1.834,,,,,,,
44,Right,24,0.0000,0.0000,0.0203,-0.0102,-0.0492,0.0007,0.9987,1.834,,,,,,,
44,Right,25,-0.0002,0.0012,0.0219,0.0000,0.0000,0.0000,1.0000,1.834,,,,,,,
45,Left,0,0.0017,-0.0057,0.0655,0.0000,0.0000,0.0000,1.0000,1.876,,,,,,,
45,Left,1,0.0000,0.0000,0.0000,0.0000,0.0000,0.0000,1.0000,1.876,-0.5849,0.1980,-0.0041,-0.7034,0.4624,-0.1690,-0.5127
45,Left,2,0.0264,-0.0208,0.0367,-0.0142,0.3141,-0.6525,0.6895,1.876,,,,,,,
45,Left,3,0.0000,0.0000,0.0325,0.2703,-0.0451,0.0807,0.9583,1.876,,,,,,,
45,Left,4,0.0000,0.0000,0.0338,0.2009,0.0425,-0.0760,0.9757,1.876,,,,,,,
45,Left,5,-0.0007,0.0010,0.0246,0.0000,0.0000,0.0000,1.0000,1.876,,,,,,,
45,Left,6,0.0179,-0.0119,0.0376,0.0000,0.0000,0.0000,1.0000,1.876,,,,,,,
45,Left,7,0.0056,0.0046,0.0584,0.4253,-0.0904,-0.0078,0.9005,1.876,,,,,,,
45,Left,8,0.0000,0.0000,0.0379,0.7361,0.0142,0.0213,0.6764,1.876,,,,,,,
45,Left,9,0.0000,0.0000,0.0243,0.5315,-0.0133,0.0165,0.8468,1.876,,,,,,,
45,Left,10,-0.0003,0.0010,0.0224,0.0000,0.0000,0.0000,1.0000,1.876,,,,,,,
45,Left,11,0.0017,-0.0088,0.0354,0.0000,0.0000,0.0000,1.0000,1.876,,,,,,,
45,Left,12,0.0000,0.0063,0.0602,0.5523,-0.0903,0.0621,0.8264,1.876,,,,,,,
45,Left,13,0.0000,0.0000,0.0429,0.6952,0.0047,0.0126,0.7187,1.876,,,,,,,
45,Left,14,0.0000,0.0000,0.0276,0.5254,0.0225,0.0885,0.8459,1.876,,,,,,,
45,Left,15,-0.0003,0.0011,0.0250,0.0000,0.0000,0.0000,1.0000,1.876,,,,,,,
45,Left,16,-0.0150,-0.0060,0.0348,0.0000,0.0000,0.0000,1.0000,1.876,,,,,,,
45,Left,17,-0.0025,-0.0005,0.0539,0.6124,-0.0615,0.1038,0.7813,1.876,,,,,,,
45,Left,18,0.0000,0.0000,0.0390,0.6807,0.0206,0.0417,0.7311,1.876,,,,,,,
45,Left,19,0.0000,0.0000,0.0266,0.5361,0.0272,0.0291,0.8432,1.876,,,,,,,
45,Left,20,-0.0003,0.0016,0.0243,0.0000,0.0000,0.0000,1.0000,1.876,,,,,,,
45,Left,21,-0.0230,-0.0094,0.0341,0.0183,-0.1403,0.2070,0.9680,1.876,,,,,,,
45,Left,22,0.0000,0.0000,0.0457,0.5910,-0.0406,-0.0562,0.8037,1.876,,,,,,,
45,Left,23,0.0000,0.0000,0.0307,0.6247,-0.0087,0.0850,0.7762,1.876,,,,,,,
45,Left,24,0.0000,0.0000,0.0203,0.5880,0.0393,-0.0026,0.8079,1.876,,,,,,,
45,Left,25,0.0002,0.0012,0.0219,0.0000,0.0000,0.0000,1.0000,1.876,,,,,,,
45,Right,0,-0.0029,-0.0048,0.0647,0.0000,0.0000,0.0000,1.0000,1.876,,,,,,,
45,Right,1,0.0000,0.0000,0.0000,0.0000,0.0000,0.0000,1.0000,1.876,-0.0276,0.0445,0.0260,0.6382,-0.0736,-0.0714,0.7630
45,Right,2,-0.0313,-0.0140,0.0335,-0.1632,-0.3204,0.5163,0.7772,1.876,,,,,,,
45,Right,3,0.0000,0.0000,0.0325,0.3010,0.0419,-0.0800,0.9493,1.876,,,,,,,
45,Right,4,0.0000,0.0000,0.0338,0.1111,-0.0508,0.0792,0.9893,1.876,,,,,,,
45,Right,5,0.0007,0.0010,0.0246,0.0000,0.0000,0.0000,1.0000,1.876,,,,,,,
45,Right,6,-0.0204,-0.0085,0.0359,0.0000,0.0000,0.0000,1.0000,1.876,,,,,,,
45,Right,7,-0.0032,0.0012,0.0601,0.0155,0.0603,0.0319,0.9976,1.876,,,,,,,
45,Right,8,0.0000,0.0000,0.0379,0.0885,0.0049,-0.0262,0.9957,1.876,,,,,,,
45,Right,9,0.0000,0.0000,0.0243,0.0436,0.0253,-0.0166,0.9986,1.876,,,,,,,
45,Right,10,0.0003,0.0010,0.0224,0.0000,0.0000,0.0000,1.0000,1.876,,,,,,,
45,Right,11,-0.0041,-0.0071,0.0338,0.0000,0.0000,0.0000,1.0000,1.876,,,,,,,
45,Right,12,0.0024,0.0046,0.0619,0.0926,0.1041,-0.0135,0.9902,1.876,,,,,,,
45,Right,13,0.0000,0.0000,0.0429,0.0857,0.0034,-0.0118,0.9962,1.876,,,,,,,
45,Right,14,0.0000,0.0000,0.0275,-0.0039,0.0007,-0.0432,0.9991,1.876,,,,,,,
45,Right,15,0.0003,0.0011,0.0250,0.0000,0.0000,0.0000,1.0000,1.876,,,,,,,
45,Right,16,0.0150,-0.0060,0.0348,0.0000,0.0000,0.0000,1.0000,1.876,,,,,,,
45,Right,17,0.0025,-0.0005,0.0539,0.0645,0.1263,-0.0549,0.9884,1.876,,,,,,,
45,Right,18,0.0000,0.0000,0.0390,0.0890,0.0000,-0.0356,0.9954,1.876,,,,,,,
45,Right,19,0.0000,0.0000,0.0266,0.0317,-0.0294,-0.0061,0.9990,1.876,,,,,,,
45,Right,20,0.0003,0.0016,0.0243,0.0000,0.0000,0.0000,1.0000,1.876,,,,,,,
45,Right,21,0.0230,-0.0094,0.0341,0.0183,0.1403,-0.2070,0.9680,1.876,,,,,,,
45,Right,22,0.0000,0.0000,0.0457,-0.0442,0.0382,0.0966,0.9936,1.876,,,,,,,
45,Right,23,0.0000,0.0000,0.0307,0.1336,0.0368,-0.0502,0.9891,1.876,,,,,,,
45,Right,24,0.0000,0.0000,0.0203,-0.0103,-0.0492,0.0007,0.9987,1.876,,,,,,,
45,Right,25,-0.0002,0.0012,0.0219,0.0000,0.0000,0.0000,1.0000,1.876,,,,,,,
46,Left,0,0.0017,-0.0057,0.0655,0.0000,0.0000,0.0000,1.0000,1.917,,,,,,,
46,Left,1,0.0000,0.0000,0.0000,0.0000,0.0000,0.0000,1.0000,1.917,-0.5836,0.1994,-0.0028,-0.7040,0.4621,-0.1695,-0.5119
46,Left,2,0.0265,-0.0208,0.0367,-0.0141,0.3148,-0.6521,0.6895,1.917,,,,,,,
46,Left,3,0.0000,0.0000,0.0325,0.2755,-0.0445,0.0806,0.9569,1.917,,,,,,,
46,Left,4,0.0000,0.0000,0.0338,0.2020,0.0424,-0.0760,0.9755,1.917,,,,,,,
46,Left,5,-0.0007,0.0010,0.0246,0.0000,0.0000,0.0000,1.0000,1.917,,,,,,,
46,Left,6,0.0179,-0.0119,0.0376,0.0000,0.0000,0.0000,1.0000,1.917,,,,,,,
46,Left,7,0.0056,0.0046,0.0584,0.4284,-0.0916,-0.0071,0.8989,1.917,,,,,,,
46,Left,8,0.0000,0.0000,0.0379,0.7334,0.0141,0.0214,0.6793,1.917,,,,,,,
46,Left,9,0.0000,0.0000,0.0243,0.5313,-0.0133,0.0165,0.8469,1.917,,,,,,,
46,Left,10,-0.0003,0.0010,0.0224,0.0000,0.0000,0.0000,1.0000,1.917,,,,,,,
46,Left,11,0.0017,-0.0088,0.0354,0.0000,0.0000,0.0000,1.0000,1.917,,,,,,,
46,Left,12,0.0000,0.0063,0.0603,0.5518,-0.0911,0.0625,0.8266,1.917,,,,,,,
46,Left,13,0.0000,0.0000,0.0429,0.6952,0.0047,0.0126,0.7187,1.917,,,,,,,
46,Left,14,0.0000,0.0000,0.0275,0.5262,0.0225,0.0886,0.8454,1.917,,,,,,,
46,Left,15,-0.0003,0.0011,0.0250,0.0000,0.0000,0.0000,1.0000,1.917,,,,,,,
46,Left,16,-0.0150,-0.0060,0.0348,0.0000,0.0000,0.0000,1.0000,1.917,,,,,,,
46,Left,17,-0.0025,-0.0005,0.0539,0.6113,-0.0624,0.1042,0.7821,1.917,,,,,,,
46,Left,18,0.0000,0.0000,0.0390,0.6813,0.0207,0.0417,0.7305,1.917,,,,,,,
46,Left,19,0.0000,0.0000,0.0266,0.5370,0.0272,0.0291,0.8426,1.917,,,,,,,
46,Left,20,-0.0003,0.0016,0.0243,0.0000,0.0000,0.0000,1.0000,1.917,,,,,,,
46,Left,21,-0.0230,-0.0094,0.0341,0.0183,-0.1403,0.2070,0.9680,1.917,,,,,,,
46,Left,22,0.0000,0.0000,0.0457,0.5877,-0.0414,-0.0557,0.8061,1.917,,,,,,,
46,Left,23,0.0000,0.0000,0.0307,0.6244,-0.0087,0.0850,0.7764,1.917,,,,,,,
46,Left,24,0.0000,0.0000,0.0203,0.5897,0.0393,-0.0026,0.8067,1.917,,,,,,,
46,Left,25,0.0002,0.0012,0.0219,0.0000,0.0000,0.0000,1.0000,1.917,,,,,,,
46,Right,0,-0.0029,-0.0048,0.0647,0.0000,0.0000,0.0000,1.0000,1.917,,,,,,,
46,Right,1,0.0000,0.0000,0.0000,0.0000,0.0000,0.0000,1.0000,1.917,-0.0272,0.0451,0.0257,0.6382,-0.0734,-0.0712,0.7631
46,Right,2,-0.0313,-0.0140,0.0335,-0.1629,-0.3203,0.5168,0.7771,1.917,,,,,,,
46,Right,3,0.0000,0.0000,0.0325,0.3009,0.0419,-0.0800,0.9494,1.917,,,,,,,
46,Right,4,0.0000,0.0000,0.0338,0.1100,-0.0509,0.0793,0.9895,1.917,,,,,,,
46,Right,5,0.0007,0.0010,0.0246,0.0000,0.0000,0.0000,1.0000,1.917,,,,,,,
46,Right,6,-0.0203,-0.0085,0.0359,0.0000,0.0000,0.0000,1.0000,1.917,,,,,,,
46,Right,7,-0.0032,0.0012,0.0601,0.0151,0.0602,0.0319,0.9976,1.917,,,,,,,
46,Right,8,0.0000,0.0000,0.0379,0.0884,0.0049,-0.0262,0.9957,1.917,,,,,,,
46,Right,9,0.0000,0.0000,0.0243,0.0437,0.0253,-0.0167,0.9986,1.917,,,,,,,
46,Right,10,0.0003,0.0010,0.0224,0.0000,0.0000,0.0000,1.0000,1.917,,,,,,,
46,Right,11,-0.0041,-0.0071,0.0338,0.0000,0.0000,0.0000,1.0000,1.917,,,,,,,
46,Right,12,0.0024,0.0046,0.0619,0.0922,0.1044,-0.0135,0.9902,1.917,,,,,,,
46,Right,13,0.0000,0.0000,0.0429,0.0859,0.0034,-0.0118,0.9962,1.917,,,,,,,
46,Right,14,0.0000,0.0000,0.0275,-0.0035,0.0007,-0.0433,0.9991,1.917,,,,,,,
46,Right,15,0.0003,0.0011,0.0250,0.0000,0.0000,0.0000,1.0000,1.917,,,,,,,
46,Right,16,0.0150,-0.0060,0.0348,0.0000,0.0000,0.0000,1.0000,1.917,,,,,,,
46,Right,17,0.0025,-0.0005,0.0539,0.0644,0.1265,-0.0549,0.9884,1.917,,,,,,,
46,Right,18,0.0000,0.0000,0.0390,0.0892,0.0000,-0.0356,0.9954,1.917,,,,,,,
46,Right,19,0.0000,0.0000,0.0266,0.0320,-0.0294,-0.0062,0.9990,1.917,,,,,,,
46,Right,20,0.0003,0.0016,0.0243,0.0000,0.0000,0.0000,1.0000,1.917,,,,,,,
46,Right,21,0.0230,-0.0094,0.0341,0.0183,0.1403,-0.2070,0.9680,1.917,,,,,,,
46,Right,22,0.0000,0.0000,0.0457,-0.0441,0.0380,0.0965,0.9936,1.917,,,,,,,
46,Right,23,0.0000,0.0000,0.0307,0.1329,0.0369,-0.0501,0.9892,1.917,,,,,,,
46,Right,24,0.0000,0.0000,0.0203,-0.0102,-0.0492,0.0007,0.9987,1.917,,,,,,,
46,Right,25,-0.0002,0.0012,0.0219,0.0000,0.0000,0.0000,1.0000,1.917,,,,,,,
47,Left,0,0.0017,-0.0057,0.0655,0.0000,0.0000,0.0000,1.0000,1.959,,,,,,,
47,Left,1,0.0000,0.0000,0.0000,0.0000,0.0000,0.0000,1.0000,1.959,-0.5825,0.2011,-0.0018,-0.7112,0.4492,-0.1666,-0.5144
47,Left,2,0.0265,-0.0208,0.0367,-0.0146,0.3155,-0.6514,0.6898,1.959,,,,,,,
47,Left,3,0.0000,0.0000,0.0325,0.2764,-0.0444,0.0806,0.9566,1.959,,,,,,,
47,Left,4,0.0000,0.0000,0.0338,0.2020,0.0424,-0.0760,0.9755,1.959,,,,,,,
47,Left,5,-0.0007,0.0010,0.0246,0.0000,0.0000,0.0000,1.0000,1.959,,,,,,,
47,Left,6,0.0180,-0.0119,0.0375,0.0000,0.0000,0.0000,1.0000,1.959,,,,,,,
47,Left,7,0.0056,0.0045,0.0584,0.4363,-0.0945,-0.0053,0.8948,1.959,,,,,,,
47,Left,8,0.0000,0.0000,0.0379,0.7328,0.0140,0.0214,0.6800,1.959,,,,,,,
47,Left,9,0.0000,0.0000,0.0243,0.5310,-0.0133,0.0165,0.8471,1.959,,,,,,,
47,Left,10,-0.0003,0.0010,0.0224,0.0000,0.0000,0.0000,1.0000,1.959,,,,,,,
47,Left,11,0.0018,-0.0088,0.0354,0.0000,0.0000,0.0000,1.0000,1.959,,,,,,,
47,Left,12,0.0000,0.0063,0.0603,0.5514,-0.0916,0.0627,0.8268,1.959,,,,,,,
47,Left,13,0.0000,0.0000,0.0429,0.6945,0.0047,0.0126,0.7194,1.959,,,,,,,
47,Left,14,0.0000,0.0000,0.0275,0.5268,0.0225,0.0886,0.8450,1.959,,,,,,,
47,Left,15,-0.0003,0.0011,0.0250,0.0000,0.0000,0.0000,1.0000,1.959,,,,,,,
47,Left,16,-0.0150,-0.0060,0.0348,0.0000,0.0000,0.0000,1.0000,1.959,,,,,,,
47,Left,17,-0.0025,-0.0005,0.0539,0.6019,-0.0646,0.1041,0.7892,1.959,,,,,,,
47,Left,18,0.0000,0.0000,0.0390,0.6821,0.0207,0.0417,0.7297,1.959,,,,,,,
47,Left,19,0.0000,0.0000,0.0266,0.5384,0.0272,0.0292,0.8418,1.959,,,,,,,
47,Left,20,-0.0003,0.0016,0.0243,0.0000,0.0000,0.0000,1.0000,1.959,,,,,,,
47,Left,21,-0.0230,-0.0094,0.0341,0.0183,-0.1403,0.2070,0.9680,1.959,,,,,,,
47,Left,22,0.0000,0.0000,0.0457,0.5732,-0.0442,-0.0542,0.8164,1.959,,,,,,,
47,Left,23,0.0000,0.0000,0.0307,0.6244,-0.0087,0.0850,0.7764,1.959,,,,,,,
47,Left,24,0.0000,0.0000,0.0203,0.5929,0.0392,-0.0026,0.8043,1.959,,,,,,,
47,Left,25,0.0002,0.0012,0.0219,0.0000,0.0000,0.0000,1.0000,1.959,,,,,,,
47,Right,0,-0.0029,-0.0048,0.0647,0.0000,0.0000,0.0000,1.0000,1.959,,,,,,,
47,Right,1,0.0000,0.0000,0.0000,0.0000,0.0000,0.0000,1.0000,1.959,-0.0267,0.0454,0.0253,0.6387,-0.0734,-0.0705,0.7627
47,Right,2,-0.0313,-0.0141,0.0335,-0.1625,-0.3198,0.5174,0.7769,1.959,,,,,,,
47,Right,3,0.0000,0.0000,0.0325,0.3005,0.0419,-0.0800,0.9495,1.959,,,,,,,
47,Right,4,0.0000,0.0000,0.0338,0.1087,-0.0510,0.0793,0.9896,1.959,,,,,,,
47,Right,5,0.0007,0.0010,0.0246,0.0000,0.0000,0.0000,1.0000,1.959,,,,,,,
47,Right,6,-0.0203,-0.0085,0.0360,0.0000,0.0000,0.0000,1.0000,1.959,,,,,,,
47,Right,7,-0.0032,0.0012,0.0600,0.0148,0.0602,0.0319,0.9976,1.959,,,,,,,
47,Right,8,0.0000,0.0000,0.0379,0.0880,0.0049,-0.0262,0.9958,1.959,,,,,,,
47,Right,9,0.0000,0.0000,0.0243,0.0435,0.0253,-0.0166,0.9986,1.959,,,,,,,
47,Right,10,0.0003,0.0010,0.0224,0.0000,0.0000,0.0000,1.0000,1.959,,,,,,,
47,Right,11,-0.0041,-0.0071,0.0338,0.0000,0.0000,0.0000,1.0000,1.959,,,,,,,
47,Right,12,0.0024,0.0046,0.0619,0.0920,0.1045,-0.0135,0.9902,1.959,,,,,,,
47,Right,13,0.0000,0.0000,0.0429,0.0857,0.0034,-0.0118,0.9962,1.959,,,,,,,
47,Right,14,0.0000,0.0000,0.0275,-0.0033,0.0007,-0.0433,0.9991,1.959,,,,,,,
47,Right,15,0.0003,0.0011,0.0250,0.0000,0.0000,0.0000,1.0000,1.959,,,,,,,
47,Right,16,0.0150,-0.0060,0.0348,0.0000,0.0000,0.0000,1.0000,1.959,,,,,,,
47,Right,17,0.0025,-0.0005,0.0539,0.0639,0.1264,-0.0548,0.9884,1.959,,,,,,,
47,Right,18,0.0000,0.0000,0.0390,0.0889,0.0000,-0.0356,0.9954,1.959,,,,,,,
47,Right,19,0.0000,0.0000,0.0266,0.0320,-0.0294,-0.0062,0.9990,1.959,,,,,,,
47,Right,20,0.0003,0.0016,0.0243,0.0000,0.0000,0.0000,1.0000,1.959,,,,,,,
47,Right,21,0.0230,-0.0094,0.0341,0.0183,0.1403,-0.2070,0.9680,1.959,,,,,,,
47,Right,22,0.0000,0.0000,0.0457,-0.0439,0.0379,0.0965,0.9936,1.959,,,,,,,
47,Right,23,0.0000,0.0000,0.0307,0.1321,0.0369,-0.0500,0.9893,1.959,,,,,,,
47,Right,24,0.0000,0.0000,0.0203,-0.0103,-0.0492,0.0007,0.9987,1.959,,,,,,,
47,Right,25,-0.0002,0.0012,0.0219,0.0000,0.0000,0.0000,1.0000,1.959,,,,,,,
48,Left,0,0.0017,-0.0057,0.0655,0.0000,0.0000,0.0000,1.0000,2.001,,,,,,,
48,Left,1,0.0000,0.0000,0.0000,0.0000,0.0000,0.0000,1.0000,2.001,-0.5814,0.2040,-0.0029,-0.7126,0.4444,-0.1658,-0.5170
48,Left,2,0.0265,-0.0208,0.0367,-0.0139,0.3157,-0.6518,0.6894,2.001,,,,,,,
48,Left,3,0.0000,0.0000,0.0325,0.2767,-0.0444,0.0806,0.9566,2.001,,,,,,,
48,Left,4,0.0000,0.0000,0.0338,0.2011,0.0425,-0.0760,0.9757,2.001,,,,,,,
48,Left,5,-0.0007,0.0010,0.0246,0.0000,0.0000,0.0000,1.0000,2.001,,,,,,,
48,Left,6,0.0180,-0.0119,0.0375,0.0000,0.0000,0.0000,1.0000,2.001,,,,,,,
48,Left,7,0.0056,0.0045,0.0584,0.4371,-0.0954,-0.0048,0.8943,2.001,,,,,,,
48,Left,8,0.0000,0.0000,0.0379,0.7327,0.0140,0.0214,0.6800,2.001,,,,,,,
48,Left,9,0.0000,0.0000,0.0243,0.5320,-0.0133,0.0165,0.8465,2.001,,,,,,,
48,Left,10,-0.0003,0.0010,0.0224,0.0000,0.0000,0.0000,1.0000,2.001,,,,,,,
48,Left,11,0.0017,-0.0088,0.0354,0.0000,0.0000,0.0000,1.0000,2.001,,,,,,,
48,Left,12,0.0000,0.0063,0.0603,0.5504,-0.0920,0.0629,0.8274,2.001,,,,,,,
48,Left,13,0.0000,0.0000,0.0429,0.6949,0.0047,0.0126,0.7190,2.001,,,,,,,
48,Left,14,0.0000,0.0000,0.0275,0.5279,0.0226,0.0887,0.8443,2.001,,,,,,,
48,Left,15,-0.0003,0.0011,0.0250,0.0000,0.0000,0.0000,1.0000,2.001,,,,,,,
48,Left,16,-0.0150,-0.0060,0.0348,0.0000,0.0000,0.0000,1.0000,2.001,,,,,,,
48,Left,17,-0.0025,-0.0005,0.0539,0.5908,-0.0667,0.1037,0.7974,2.001,,,,,,,
48,Left,18,0.0000,0.0000,0.0390,0.6845,0.0208,0.0417,0.7275,2.001,,,,,,,
48,Left,19,0.0000,0.0000,0.0266,0.5432,0.0271,0.0294,0.8386,2.001,,,,,,,
48,Left,20,-0.0003,0.0016,0.0243,0.0000,0.0000,0.0000,1.0000,2.001,,,,,,,
48,Left,21,-0.0230,-0.0094,0.0341,0.0183,-0.1403,0.2070,0.9680,2.001,,,,,,,
48,Left,22,0.0000,0.0000,0.0457,0.5541,-0.0454,-0.0541,0.8294,2.001,,,,,,,
48,Left,23,0.0000,0.0000,0.0307,0.6256,-0.0086,0.0851,0.7754,2.001,,,,,,,
48,Left,24,0.0000,0.0000,0.0203,0.6007,0.0389,-0.0027,0.7985,2.001,,,,,,,
48,Left,25,0.0002,0.0012,0.0219,0.0000,0.0000,0.0000,1.0000,2.001,,,,,,,
48,Right,0,-0.0029,-0.0048,0.0647,0.0000,0.0000,0.0000,1.0000,2.001,,,,,,,
48,Right,1,0.0000,0.0000,0.0000,0.0000,0.0000,0.0000,1.0000,2.001,-0.0255,0.0461,0.0247,0.6387,-0.0727,-0.0718,0.7626
48,Right,2,-0.0312,-0.0141,0.0335,-0.1617,-0.3201,0.5181,0.7765,2.001,,,,,,,
48,Right,3,0.0000,0.0000,0.0325,0.3009,0.0419,-0.0800,0.9494,2.001,,,,,,,
48,Right,4,0.0000,0.0000,0.0338,0.1077,-0.0511,0.0793,0.9897,2.001,,,,,,,
48,Right,5,0.0007,0.0010,0.0246,0.0000,0.0000,0.0000,1.0000,2.001,,,,,,,
48,Right,6,-0.0203,-0.0085,0.0360,0.0000,0.0000,0.0000,1.0000,2.001,,,,,,,
48,Right,7,-0.0032,0.0012,0.0600,0.0147,0.0604,0.0319,0.9976,2.001,,,,,,,
48,Right,8,0.0000,0.0000,0.0379,0.0879,0.0049,-0.0262,0.9958,2.001,,,,,,,
48,Right,9,0.0000,0.0000,0.0243,0.0435,0.0253,-0.0166,0.9986,2.001,,,,,,,
48,Right,10,0.0003,0.0010,0.0224,0.0000,0.0000,0.0000,1.0000,2.001,,,,,,,
48,Right,11,-0.0041,-0.0072,0.0338,0.0000,0.0000,0.0000,1.0000,2.001,,,,,,,
48,Right,12,0.0024,0.0046,0.0619,0.0920,0.1046,-0.0135,0.9902,2.001,,,,,,,
48,Right,13,0.0000,0.0000,0.0429,0.0859,0.0034,-0.0118,0.9962,2.001,,,,,,,
48,Right,14,0.0000,0.0000,0.0275,-0.0031,0.0007,-0.0433,0.9991,2.001,,,,,,,
48,Right,15,0.0003,0.0011,0.0250,0.0000,0.0000,0.0000,1.0000,2.001,,,,,,,
48,Right,16,0.0150,-0.0060,0.0348,0.0000,0.0000,0.0000,1.0000,2.001,,,,,,,
48,Right,17,0.0025,-0.0005,0.0539,0.0642,0.1264,-0.0548,0.9884,2.001,,,,,,,
48,Right,18,0.0000,0.0000,0.0390,0.0890,0.0000,-0.0356,0.9954,2.001,,,,,,,
48,Right,19,0.0000,0.0000,0.0266,0.0321,-0.0294,-0.0062,0.9990,2.001,,,,,,,
48,Right,20,0.0003,0.0016,0.0243,0.0000,0.0000,0.0000,1.0000,2.001,,,,,,,
48,Right,21,0.0230,-0.0094,0.0341,0.0183,0.1403,-0.2070,0.9680,2.001,,,,,,,
48,Right,22,0.0000,0.0000,0.0457,-0.0438,0.0381,0.0965,0.9936,2.001,,,,,,,
48,Right,23,0.0000,0.0000,0.0307,0.1309,0.0370,-0.0499,0.9894,2.001,,,,,,,
48,Right,24,0.0000,0.0000,0.0203,-0.0104,-0.0492,0.0007,0.9987,2.001,,,,,,,
48,Right,25,-0.0002,0.0012,0.0219,0.0000,0.0000,0.0000,1.0000,2.001,,,,,,,
49,Left,0,0.0017,-0.0057,0.0655,0.0000,0.0000,0.0000,1.0000,2.042,,,,,,,
49,Left,1,0.0000,0.0000,0.0000,0.0000,0.0000,0.0000,1.0000,2.042,-0.5806,0.2075,-0.0050,-0.7132,0.4430,-0.1656,-0.5175
49,Left,2,0.0265,-0.0208,0.0367,-0.0134,0.3160,-0.6520,0.6891,2.042,,,,,,,
49,Left,3,0.0000,0.0000,0.0325,0.2766,-0.0444,0.0806,0.9566,2.042,,,,,,,
49,Left,4,0.0000,0.0000,0.0338,0.2001,0.0426,-0.0760,0.9759,2.042,,,,,,,
49,Left,5,-0.0007,0.0010,0.0246,0.0000,0.0000,0.0000,1.0000,2.042,,,,,,,
49,Left,6,0.0179,-0.0119,0.0376,0.0000,0.0000,0.0000,1.0000,2.042,,,,,,,
49,Left,7,0.0056,0.0046,0.0584,0.4395,-0.0960,-0.0044,0.8931,2.042,,,,,,,
49,Left,8,0.0000,0.0000,0.0379,0.7327,0.0140,0.0214,0.6801,2.042,,,,,,,
49,Left,9,0.0000,0.0000,0.0243,0.5334,-0.0132,0.0165,0.8456,2.042,,,,,,,
49,Left,10,-0.0003,0.0010,0.0224,0.0000,0.0000,0.0000,1.0000,2.042,,,,,,,
49,Left,11,0.0017,-0.0088,0.0354,0.0000,0.0000,0.0000,1.0000,2.042,,,,,,,
49,Left,12,0.0000,0.0063,0.0603,0.5493,-0.0924,0.0629,0.8281,2.042,,,,,,,
49,Left,13,0.0000,0.0000,0.0429,0.6958,0.0047,0.0126,0.7181,2.042,,,,,,,
49,Left,14,0.0000,0.0000,0.0275,0.5297,0.0227,0.0888,0.8432,2.042,,,,,,,
49,Left,15,-0.0003,0.0011,0.0250,0.0000,0.0000,0.0000,1.0000,2.042,,,,,,,
49,Left,16,-0.0150,-0.0060,0.0348,0.0000,0.0000,0.0000,1.0000,2.042,,,,,,,
49,Left,17,-0.0025,-0.0005,0.0539,0.5865,-0.0676,0.1036,0.8004,2.042,,,,,,,
49,Left,18,0.0000,0.0000,0.0390,0.6896,0.0210,0.0417,0.7227,2.042,,,,,,,
49,Left,19,0.0000,0.0000,0.0266,0.5486,0.0270,0.0296,0.8351,2.042,,,,,,,
49,Left,20,-0.0003,0.0016,0.0243,0.0000,0.0000,0.0000,1.0000,2.042,,,,,,,
49,Left,21,-0.0230,-0.0094,0.0341,0.0183,-0.1403,0.2070,0.9680,2.042,,,,,,,
49,Left,22,0.0000,0.0000,0.0457,0.5442,-0.0457,-0.0543,0.8359,2.042,,,,,,,
49,Left,23,0.0000,0.0000,0.0307,0.6283,-0.0085,0.0852,0.7733,2.042,,,,,,,
49,Left,24,0.0000,0.0000,0.0203,0.6055,0.0387,-0.0027,0.7949,2.042,,,,,,,
49,Left,25,0.0002,0.0012,0.0219,0.0000,0.0000,0.0000,1.0000,2.042,,,,,,,
49,Right,0,-0.0029,-0.0048,0.0647,0.0000,0.0000,0.0000,1.0000,2.042,,,,,,,
49,Right,1,0.0000,0.0000,0.0000,0.0000,0.0000,0.0000,1.0000,2.042,-0.0243,0.0465,0.0240,0.6391,-0.0723,-0.0720,0.7623
49,Right,2,-0.0312,-0.0141,0.0335,-0.1613,-0.3208,0.5183,0.7762,2.042,,,,,,,
49,Right,3,0.0000,0.0000,0.0325,0.3015,0.0418,-0.0800,0.9492,2.042,,,,,,,
49,Right,4,0.0000,0.0000,0.0338,0.1072,-0.0511,0.0794,0.9897,2.042,,,,,,,
49,Right,5,0.0007,0.0010,0.0246,0.0000,0.0000,0.0000,1.0000,2.042,,,,,,,
49,Right,6,-0.0203,-0.0085,0.0360,0.0000,0.0000,0.0000,1.0000,2.042,,,,,,,
49,Right,7,-0.0032,0.0012,0.0600,0.0150,0.0607,0.0319,0.9975,2.042,,,,,,,
49,Right,8,0.0000,0.0000,0.0379,0.0874,0.0049,-0.0262,0.9958,2.042,,,,,,,
49,Right,9,0.0000,0.0000,0.0243,0.0434,0.0253,-0.0166,0.9986,2.042,,,,,,,
49,Right,10,0.0003,0.0010,0.0224,0.0000,0.0000,0.0000,1.0000,2.042,,,,,,,
49,Right,11,-0.0041,-0.0072,0.0338,0.0000,0.0000,0.0000,1.0000,2.042,,,,,,,
49,Right,12,0.0024,0.0046,0.0619,0.0923,0.1050,-0.0135,0.9901,2.042,,,,,,,
49,Right,13,0.0000,0.0000,0.0429,0.0857,0.0034,-0.0118,0.9962,2.042,,,,,,,
49,Right,14,0.0000,0.0000,0.0275,-0.0030,0.0007,-0.0433,0.9991,2.042,,,,,,,
49,Right,15,0.0003,0.0011,0.0250,0.0000,0.0000,0.0000,1.0000,2.042,,,,,,,
49,Right,16,0.0150,-0.0060,0.0348,0.0000,0.0000,0.0000,1.0000,2.042,,,,,,,
49,Right,17,0.0025,-0.0005,0.0539,0.0642,0.1267,-0.0548,0.9883,2.042,,,,,,,
49,Right,18,0.0000,0.0000,0.0390,0.0886,0.0000,-0.0356,0.9954,2.042,,,,,,,
49,Right,19,0.0000,0.0000,0.0266,0.0320,-0.0294,-0.0062,0.9990,2.042,,,,,,,
49,Right,20,0.0003,0.0016,0.0243,0.0000,0.0000,0.0000,1.0000,2.042,,,,,,,
49,Right,21,0.0230,-0.0094,0.0341,0.0183,0.1403,-0.2070,0.9680,2.042,,,,,,,
49,Right,22,0.0000,0.0000,0.0457,-0.0434,0.0383,0.0965,0.9936,2.042,,,,,,,
49,Right,23,0.0000,0.0000,0.0307,0.1298,0.0370,-0.0498,0.9896,2.042,,,,,,,
49,Right,24,0.0000,0.0000,0.0203,-0.0104,-0.0492,0.0007,0.9987,2.042,,,,,,,
49,Right,25,-0.0002,0.0012,0.0219,0.0000,0.0000,0.0000,1.0000,2.042,,,,,,,
50,Left,0,0.0017,-0.0057,0.0655,0.0000,0.0000,0.0000,1.0000,2.084,,,,,,,
50,Left,1,0.0000,0.0000,0.0000,0.0000,0.0000,0.0000,1.0000,2.084,-0.5725,0.2248,-0.0032,-0.7129,0.4557,-0.1671,-0.5060
50,Left,2,0.0265,-0.0208,0.0367,-0.0135,0.3155,-0.6522,0.6891,2.084,,,,,,,
50,Left,3,0.0000,0.0000,0.0325,0.2729,-0.0448,0.0806,0.9576,2.084,,,,,,,
50,Left,4,0.0000,0.0000,0.0338,0.1969,0.0429,-0.0762,0.9765,2.084,,,,,,,
50,Left,5,-0.0007,0.0010,0.0246,0.0000,0.0000,0.0000,1.0000,2.084,,,,,,,
50,Left,6,0.0179,-0.0119,0.0376,0.0000,0.0000,0.0000,1.0000,2.084,,,,,,,
50,Left,7,0.0056,0.0046,0.0584,0.4417,-0.0961,-0.0041,0.8920,2.084,,,,,,,
50,Left,8,0.0000,0.0000,0.0379,0.7333,0.0141,0.0214,0.6794,2.084,,,,,,,
50,Left,9,0.0000,0.0000,0.0243,0.5379,-0.0131,0.0165,0.8427,2.084,,,,,,,
50,Left,10,-0.0003,0.0010,0.0224,0.0000,0.0000,0.0000,1.0000,2.084,,,,,,,
50,Left,11,0.0017,-0.0088,0.0354,0.0000,0.0000,0.0000,1.0000,2.084,,,,,,,
50,Left,12,0.0000,0.0063,0.0603,0.5490,-0.0928,0.0631,0.8283,2.084,,,,,,,
50,Left,13,0.0000,0.0000,0.0429,0.7001,0.0048,0.0125,0.7139,2.084,,,,,,,
50,Left,14,0.0000,0.0000,0.0275,0.5331,0.0228,0.0891,0.8410,2.084,,,,,,,
50,Left,15,-0.0003,0.0011,0.0250,0.0000,0.0000,0.0000,1.0000,2.084,,,,,,,
50,Left,16,-0.0150,-0.0060,0.0348,0.0000,0.0000,0.0000,1.0000,2.084,,,,,,,
50,Left,17,-0.0025,-0.0005,0.0539,0.5855,-0.0683,0.1039,0.8011,2.084,,,,,,,
50,Left,18,0.0000,0.0000,0.0390,0.6927,0.0211,0.0416,0.7197,2.084,,,,,,,
50,Left,19,0.0000,0.0000,0.0266,0.5516,0.0270,0.0298,0.8331,2.084,,,,,,,
50,Left,20,-0.0003,0.0016,0.0243,0.0000,0.0000,0.0000,1.0000,2.084,,,,,,,
50,Left,21,-0.0230,-0.0094,0.0341,0.0183,-0.1403,0.2070,0.9680,2.084,,,,,,,
50,Left,22,0.0000,0.0000,0.0457,0.5431,-0.0466,-0.0538,0.8367,2.084,,,,,,,
50,Left,23,0.0000,0.0000,0.0307,0.6308,-0.0083,0.0854,0.7712,2.084,,,,,,,
50,Left,24,0.0000,0.0000,0.0203,0.6112,0.0385,-0.0027,0.7906,2.084,,,,,,,
50,Left,25,0.0002,0.0012,0.0219,0.0000,0.0000,0.0000,1.0000,2.084,,,,,,,
50,Right,0,-0.0029,-0.0048,0.0647,0.0000,0.0000,0.0000,1.0000,2.084,,,,,,,
50,Right,1,0.0000,0.0000,0.0000,0.0000,0.0000,0.0000,1.0000,2.084,-0.0233,0.0476,0.0225,0.6382,-0.0719,-0.0732,0.7630
50,Right,2,-0.0312,-0.0141,0.0335,-0.1613,-0.3208,0.5183,0.7762,2.084,,,,,,,
50,Right,3,0.0000,0.0000,0.0325,0.3015,0.0418,-0.0800,0.9492,2.084,,,,,,,
50,Right,4,0.0000,0.0000,0.0338,0.1064,-0.0512,0.0794,0.9898,2.084,,,,,,,
50,Right,5,0.0007,0.0010,0.0246,0.0000,0.0000,0.0000,1.0000,2.084,,,,,,,
50,Right,6,-0.0203,-0.0085,0.0360,0.0000,0.0000,0.0000,1.0000,2.084,,,,,,,
50,Right,7,-0.0032,0.0012,0.0600,0.0158,0.0611,0.0319,0.9975,2.084,,,,,,,
50,Right,8,0.0000,0.0000,0.0379,0.0874,0.0049,-0.0262,0.9958,2.084,,,,,,,
50,Right,9,0.0000,0.0000,0.0243,0.0434,0.0253,-0.0166,0.9986,2.084,,,,,,,
50,Right,10,0.0003,0.0010,0.0224,0.0000,0.0000,0.0000,1.0000,2.084,,,,,,,
50,Right,11,-0.0041,-0.0072,0.0338,0.0000,0.0000,0.0000,1.0000,2.084,,,,,,,
50,Right,12,0.0024,0.0046,0.0619,0.0928,0.1054,-0.0136,0.9900,2.084,,,,,,,
50,Right,13,0.0000,0.0000,0.0429,0.0856,0.0034,-0.0118,0.9963,2.084,,,,,,,
50,Right,14,0.0000,0.0000,0.0275,-0.0029,0.0007,-0.0433,0.9991,2.084,,,,,,,
50,Right,15,0.0003,0.0011,0.0250,0.0000,0.0000,0.0000,1.0000,2.084,,,,,,,
50,Right,16,0.0150,-0.0060,0.0348,0.0000,0.0000,0.0000,1.0000,2.084,,,,,,,
50,Right,17,0.0025,-0.0005,0.0539,0.0647,0.1271,-0.0549,0.9883,2.084,,,,,,,
50,Right,18,0.0000,0.0000,0.0390,0.0886,0.0000,-0.0356,0.9954,2.084,,,,,,,
50,Right,19,0.0000,0.0000,0.0266,0.0322,-0.0294,-0.0062,0.9990,2.084,,,,,,,
50,Right,20,0.0003,0.0016,0.0243,0.0000,0.0000,0.0000,1.0000,2.084,,,,,,,
50,Right,21,0.0230,-0.0094,0.0341,0.0183,0.1403,-0.2070,0.9680,2.084,,,,,,,
50,Right,22,0.0000,0.0000,0.0457,-0.0428,0.0388,0.0965,0.9937,2.084,,,,,,,
50,Right,23,0.0000,0.0000,0.0307,0.1290,0.0370,-0.0498,0.9897,2.084,,,,,,,
50,Right,24,0.0000,0.0000,0.0203,-0.0104,-0.0492,0.0007,0.9987,2.084,,,,,,,
50,Right,25,-0.0002,0.0012,0.0219,0.0000,0.0000,0.0000,1.0000,2.084,,,,,,,
51,Left,0,0.0017,-0.0057,0.0655,0.0000,0.0000,0.0000,1.0000,2.126,,,,,,,
51,Left,1,0.0000,0.0000,0.0000,0.0000,0.0000,0.0000,1.0000,2.126,-0.5724,0.2268,-0.0082,-0.7117,0.4565,-0.1666,-0.5073
51,Left,2,0.0264,-0.0209,0.0367,-0.0120,0.3159,-0.6530,0.6882,2.126,,,,,,,
51,Left,3,0.0000,0.0000,0.0325,0.2730,-0.0448,0.0806,0.9576,2.126,,,,,,,
51,Left,4,0.0000,0.0000,0.0338,0.1953,0.0431,-0.0762,0.9768,2.126,,,,,,,
51,Left,5,-0.0007,0.0010,0.0246,0.0000,0.0000,0.0000,1.0000,2.126,,,,,,,
51,Left,6,0.0179,-0.0119,0.0376,0.0000,0.0000,0.0000,1.0000,2.126,,,,,,,
51,Left,7,0.0056,0.0046,0.0584,0.4404,-0.0953,-0.0046,0.8927,2.126,,,,,,,
51,Left,8,0.0000,0.0000,0.0379,0.7330,0.0140,0.0214,0.6798,2.126,,,,,,,
51,Left,9,0.0000,0.0000,0.0243,0.5393,-0.0130,0.0165,0.8419,2.126,,,,,,,
51,Left,10,-0.0003,0.0010,0.0224,0.0000,0.0000,0.0000,1.0000,2.126,,,,,,,
51,Left,11,0.0017,-0.0088,0.0354,0.0000,0.0000,0.0000,1.0000,2.126,,,,,,,
51,Left,12,0.0000,0.0063,0.0602,0.5489,-0.0977,0.0661,0.8276,2.126,,,,,,,
51,Left,13,0.0000,0.0000,0.0429,0.7008,0.0048,0.0125,0.7132,2.126,,,,,,,
51,Left,14,0.0000,0.0000,0.0275,0.5504,0.0236,0.0903,0.8296,2.126,,,,,,,
51,Left,15,-0.0003,0.0011,0.0250,0.0000,0.0000,0.0000,1.0000,2.126,,,,,,,
51,Left,16,-0.0150,-0.0060,0.0348,0.0000,0.0000,0.0000,1.0000,2.126,,,,,,,
51,Left,17,-0.0025,-0.0005,0.0539,0.5859,-0.0675,0.1034,0.8009,2.126,,,,,,,
51,Left,18,0.0000,0.0000,0.0390,0.6939,0.0211,0.0416,0.7186,2.126,,,,,,,
51,Left,19,0.0000,0.0000,0.0266,0.5528,0.0270,0.0298,0.8324,2.126,,,,,,,
51,Left,20,-0.0003,0.0016,0.0243,0.0000,0.0000,0.0000,1.0000,2.126,,,,,,,
51,Left,21,-0.0230,-0.0094,0.0341,0.0183,-0.1403,0.2070,0.9680,2.126,,,,,,,
51,Left,22,0.0000,0.0000,0.0457,0.5441,-0.0459,-0.0542,0.8360,2.126,,,,,,,
51,Left,23,0.0000,0.0000,0.0307,0.6319,-0.0082,0.0854,0.7703,2.126,,,,,,,
51,Left,24,0.0000,0.0000,0.0203,0.6121,0.0384,-0.0027,0.7899,2.126,,,,,,,
51,Left,25,0.0002,0.0012,0.0219,0.0000,0.0000,0.0000,1.0000,2.126,,,,,,,
51,Right,0,-0.0029,-0.0048,0.0647,0.0000,0.0000,0.0000,1.0000,2.126,,,,,,,
51,Right,1,0.0000,0.0000,0.0000,0.0000,0.0000,0.0000,1.0000,2.126,-0.0229,0.0481,0.0220,0.6381,-0.0719,-0.0731,0.7631
51,Right,2,-0.0312,-0.0141,0.0335,-0.1613,-0.3208,0.5183,0.7762,2.126,,,,,,,
51,Right,3,0.0000,0.0000,0.0325,0.3016,0.0418,-0.0800,0.9491,2.126,,,,,,,
51,Right,4,0.0000,0.0000,0.0338,0.1057,-0.0513,0.0794,0.9899,2.126,,,,,,,
51,Right,5,0.0007,0.0010,0.0246,0.0000,0.0000,0.0000,1.0000,2.126,,,,,,,
51,Right,6,-0.0203,-0.0085,0.0360,0.0000,0.0000,0.0000,1.0000,2.126,,,,,,,
51,Right,7,-0.0032,0.0012,0.0600,0.0168,0.0619,0.0319,0.9974,2.126,,,,,,,
51,Right,8,0.0000,0.0000,0.0379,0.0875,0.0049,-0.0262,0.9958,2.126,,,,,,,
51,Right,9,0.0000,0.0000,0.0243,0.0433,0.0253,-0.0166,0.9986,2.126,,,,,,,
51,Right,10,0.0003,0.0010,0.0224,0.0000,0.0000,0.0000,1.0000,2.126,,,,,,,
51,Right,11,-0.0041,-0.0072,0.0338,0.0000,0.0000,0.0000,1.0000,2.126,,,,,,,
51,Right,12,0.0024,0.0046,0.0619,0.0937,0.1056,-0.0137,0.9899,2.126,,,,,,,
51,Right,13,0.0000,0.0000,0.0429,0.0856,0.0034,-0.0118,0.9963,2.126,,,,,,,
51,Right,14,0.0000,0.0000,0.0275,-0.0027,0.0007,-0.0434,0.9991,2.126,,,,,,,
51,Right,15,0.0003,0.0011,0.0250,0.0000,0.0000,0.0000,1.0000,2.126,,,,,,,
51,Right,16,0.0150,-0.0060,0.0348,0.0000,0.0000,0.0000,1.0000,2.126,,,,,,,
51,Right,17,0.0025,-0.0005,0.0539,0.0649,0.1271,-0.0549,0.9882,2.126,,,,,,,
51,Right,18,0.0000,0.0000,0.0390,0.0882,0.0000,-0.0356,0.9955,2.126,,,,,,,
51,Right,19,0.0000,0.0000,0.0266,0.0324,-0.0294,-0.0062,0.9990,2.126,,,,,,,
51,Right,20,0.0003,0.0016,0.0243,0.0000,0.0000,0.0000,1.0000,2.126,,,,,,,
51,Right,21,0.0230,-0.0094,0.0341,0.0183,0.1403,-0.2070,0.9680,2.126,,,,,,,
51,Right,22,0.0000,0.0000,0.0457,-0.0430,0.0391,0.0965,0.9936,2.126,,,,,,,
51,Right,23,0.0000,0.0000,0.0307,0.1281,0.0371,-0.0497,0.9898,2.126,,,,,,,
51,Right,24,0.0000,0.0000,0.0203,-0.0104,-0.0492,0.0007,0.9987,2.126,,,,,,,
51,Right,25,-0.0002,0.0012,0.0219,0.0000,0.0000,0.0000,1.0000,2.126,,,,,,,
52,Left,0,0.0017,-0.0057,0.0655,0.0000,0.0000,0.0000,1.0000,2.167,,,,,,,
52,Left,1,0.0000,0.0000,0.0000,0.0000,0.0000,0.0000,1.0000,2.167,-0.5729,0.2278,-0.0112,-0.7099,0.4634,-0.1665,-0.5036
52,Left,2,0.0264,-0.0209,0.0367,-0.0113,0.3161,-0.6534,0.6878,2.167,,,,,,,
52,Left,3,0.0000,0.0000,0.0325,0.2734,-0.0447,0.0806,0.9575,2.167,,,,,,,
52,Left,4,0.0000,0.0000,0.0338,0.1952,0.0431,-0.0762,0.9768,2.167,,,,,,,
52,Left,5,-0.0007,0.0010,0.0246,0.0000,0.0000,0.0000,1.0000,2.167,,,,,,,
52,Left,6,0.0179,-0.0119,0.0376,0.0000,0.0000,0.0000,1.0000,2.167,,,,,,,
52,Left,7,0.0056,0.0046,0.0584,0.4400,-0.0956,-0.0045,0.8929,2.167,,,,,,,
52,Left,8,0.0000,0.0000,0.0379,0.7329,0.0140,0.0214,0.6799,2.167,,,,,,,
52,Left,9,0.0000,0.0000,0.0243,0.5397,-0.0130,0.0165,0.8416,2.167,,,,,,,
52,Left,10,-0.0003,0.0010,0.0224,0.0000,0.0000,0.0000,1.0000,2.167,,,,,,,
52,Left,11,0.0017,-0.0088,0.0354,0.0000,0.0000,0.0000,1.0000,2.167,,,,,,,
52,Left,12,0.0000,0.0063,0.0602,0.5485,-0.0971,0.0656,0.8279,2.167,,,,,,,
52,Left,13,0.0000,0.0000,0.0429,0.7005,0.0048,0.0125,0.7135,2.167,,,,,,,
52,Left,14,0.0000,0.0000,0.0275,0.5503,0.0236,0.0903,0.8297,2.167,,,,,,,
52,Left,15,-0.0003,0.0011,0.0250,0.0000,0.0000,0.0000,1.0000,2.167,,,,,,,
52,Left,16,-0.0150,-0.0060,0.0348,0.0000,0.0000,0.0000,1.0000,2.167,,,,,,,
52,Left,17,-0.0025,-0.0005,0.0539,0.5863,-0.0673,0.1034,0.8006,2.167,,,,,,,
52,Left,18,0.0000,0.0000,0.0390,0.6939,0.0211,0.0416,0.7185,2.167,,,,,,,
52,Left,19,0.0000,0.0000,0.0266,0.5538,0.0270,0.0299,0.8317,2.167,,,,,,,
52,Left,20,-0.0003,0.0016,0.0243,0.0000,0.0000,0.0000,1.0000,2.167,,,,,,,
52,Left,21,-0.0230,-0.0094,0.0341,0.0183,-0.1403,0.2070,0.9680,2.167,,,,,,,
52,Left,22,0.0000,0.0000,0.0457,0.5453,-0.0460,-0.0541,0.8352,2.167,,,,,,,
52,Left,23,0.0000,0.0000,0.0307,0.6327,-0.0081,0.0855,0.7696,2.167,,,,,,,
52,Left,24,0.0000,0.0000,0.0203,0.6130,0.0384,-0.0027,0.7892,2.167,,,,,,,
52,Left,25,0.0002,0.0012,0.0219,0.0000,0.0000,0.0000,1.0000,2.167,,,,,,,
52,Right,0,-0.0029,-0.0048,0.0647,0.0000,0.0000,0.0000,1.0000,2.167,,,,,,,
52,Right,1,0.0000,0.0000,0.0000,0.0000,0.0000,0.0000,1.0000,2.167,-0.0224,0.0485,0.0210,0.6375,-0.0717,-0.0730,0.7636
52,Right,2,-0.0312,-0.0141,0.0335,-0.1611,-0.3208,0.5185,0.7761,2.167,,,,,,,
52,Right,3,0.0000,0.0000,0.0325,0.3018,0.0418,-0.0800,0.9491,2.167,,,,,,,
52,Right,4,0.0000,0.0000,0.0338,0.1044,-0.0514,0.0795,0.9900,2.167,,,,,,,
52,Right,5,0.0007,0.0010,0.0246,0.0000,0.0000,0.0000,1.0000,2.167,,,,,,,
52,Right,6,-0.0203,-0.0085,0.0360,0.0000,0.0000,0.0000,1.0000,2.167,,,,,,,
52,Right,7,-0.0032,0.0012,0.0600,0.0176,0.0621,0.0319,0.9974,2.167,,,,,,,
52,Right,8,0.0000,0.0000,0.0379,0.0876,0.0049,-0.0262,0.9958,2.167,,,,,,,
52,Right,9,0.0000,0.0000,0.0243,0.0432,0.0253,-0.0166,0.9986,2.167,,,,,,,
52,Right,10,0.0003,0.0010,0.0224,0.0000,0.0000,0.0000,1.0000,2.167,,,,,,,
52,Right,11,-0.0041,-0.0072,0.0338,0.0000,0.0000,0.0000,1.0000,2.167,,,,,,,
52,Right,12,0.0024,0.0046,0.0618,0.0947,0.1058,-0.0138,0.9898,2.167,,,,,,,
52,Right,13,0.0000,0.0000,0.0429,0.0856,0.0034,-0.0118,0.9963,2.167,,,,,,,
52,Right,14,0.0000,0.0000,0.0275,-0.0027,0.0007,-0.0434,0.9991,2.167,,,,,,,
52,Right,15,0.0003,0.0011,0.0250,0.0000,0.0000,0.0000,1.0000,2.167,,,,,,,
52,Right,16,0.0150,-0.0060,0.0348,0.0000,0.0000,0.0000,1.0000,2.167,,,,,,,
52,Right,17,0.0025,-0.0005,0.0539,0.0660,0.1269,-0.0550,0.9882,2.167,,,,,,,
52,Right,18,0.0000,0.0000,0.0390,0.0881,0.0000,-0.0356,0.9955,2.167,,,,,,,
52,Right,19,0.0000,0.0000,0.0266,0.0322,-0.0294,-0.0062,0.9990,2.167,,,,,,,
52,Right,20,0.0003,0.0016,0.0243,0.0000,0.0000,0.0000,1.0000,2.167,,,,,,,
52,Right,21,0.0230,-0.0094,0.0341,0.0183,0.1403,-0.2070,0.9680,2.167,,,,,,,
52,Right,22,0.0000,0.0000,0.0457,-0.0426,0.0390,0.0965,0.9937,2.167,,,,,,,
52,Right,23,0.0000,0.0000,0.0307,0.1275,0.0371,-0.0497,0.9899,2.167,,,,,,,
52,Right,24,0.0000,0.0000,0.0203,-0.0103,-0.0492,0.0007,0.9987,2.167,,,,,,,
52,Right,25,-0.0002,0.0012,0.0219,0.0000,0.0000,0.0000,1.0000,2.167,,,,,,,
53,Left,0,0.0017,-0.0057,0.0655,0.0000,0.0000,0.0000,1.0000,2.209,,,,,,,
53,Left,1,0.0000,0.0000,0.0000,0.0000,0.0000,0.0000,1.0000,2.209,-0.5719,0.2291,-0.0128,-0.7085,0.4705,-0.1646,-0.4996
53,Left,2,0.0264,-0.0209,0.0367,-0.0114,0.3158,-0.6535,0.6878,2.209,,,,,,,
53,Left,3,0.0000,0.0000,0.0325,0.2740,-0.0447,0.0806,0.9573,2.209,,,,,,,
53,Left,4,0.0000,0.0000,0.0338,0.1954,0.0431,-0.0762,0.9768,2.209,,,,,,,
53,Left,5,-0.0007,0.0010,0.0246,0.0000,0.0000,0.0000,1.0000,2.209,,,,,,,
53,Left,6,0.0179,-0.0119,0.0376,0.0000,0.0000,0.0000,1.0000,2.209,,,,,,,
53,Left,7,0.0056,0.0046,0.0584,0.4390,-0.0954,-0.0047,0.8934,2.209,,,,,,,
53,Left,8,0.0000,0.0000,0.0379,0.7325,0.0140,0.0214,0.6803,2.209,,,,,,,
53,Left,9,0.0000,0.0000,0.0243,0.5396,-0.0130,0.0165,0.8417,2.209,,,,,,,
53,Left,10,-0.0003,0.0010,0.0224,0.0000,0.0000,0.0000,1.0000,2.209,,,,,,,
53,Left,11,0.0017,-0.0088,0.0354,0.0000,0.0000,0.0000,1.0000,2.209,,,,,,,
53,Left,12,0.0000,0.0063,0.0602,0.5485,-0.0968,0.0655,0.8279,2.209,,,,,,,
53,Left,13,0.0000,0.0000,0.0429,0.6997,0.0048,0.0125,0.7143,2.209,,,,,,,
53,Left,14,0.0000,0.0000,0.0275,0.5501,0.0236,0.0903,0.8298,2.209,,,,,,,
53,Left,15,-0.0003,0.0011,0.0250,0.0000,0.0000,0.0000,1.0000,2.209,,,,,,,
53,Left,16,-0.0150,-0.0060,0.0348,0.0000,0.0000,0.0000,1.0000,2.209,,,,,,,
53,Left,17,-0.0025,-0.0005,0.0539,0.5869,-0.0674,0.1035,0.8002,2.209,,,,,,,
53,Left,18,0.0000,0.0000,0.0390,0.6933,0.0211,0.0416,0.7191,2.209,,,,,,,
53,Left,19,0.0000,0.0000,0.0266,0.5543,0.0270,0.0299,0.8313,2.209,,,,,,,
53,Left,20,-0.0003,0.0016,0.0243,0.0000,0.0000,0.0000,1.0000,2.209,,,,,,,
53,Left,21,-0.0230,-0.0094,0.0341,0.0183,-0.1403,0.2070,0.9680,2.209,,,,,,,
53,Left,22,0.0000,0.0000,0.0457,0.5464,-0.0460,-0.0540,0.8345,2.209,,,,,,,
53,Left,23,0.0000,0.0000,0.0307,0.6326,-0.0081,0.0855,0.7697,2.209,,,,,,,
53,Left,24,0.0000,0.0000,0.0203,0.6133,0.0384,-0.0027,0.7889,2.209,,,,,,,
53,Left,25,0.0002,0.0012,0.0219,0.0000,0.0000,0.0000,1.0000,2.209,,,,,,,
53,Right,0,-0.0029,-0.0049,0.0647,0.0000,0.0000,0.0000,1.0000,2.209,,,,,,,
53,Right,1,0.0000,0.0000,0.0000,0.0000,0.0000,0.0000,1.0000,2.209,-0.0221,0.0489,0.0206,0.6378,-0.0716,-0.0721,0.7635
53,Right,2,-0.0312,-0.0141,0.0335,-0.1611,-0.3204,0.5187,0.7761,2.209,,,,,,,
53,Right,3,0.0000,0.0000,0.0325,0.3020,0.0418,-0.0800,0.9490,2.209,,,,,,,
53,Right,4,0.0000,0.0000,0.0338,0.1028,-0.0515,0.0795,0.9902,2.209,,,,,,,
53,Right,5,0.0007,0.0010,0.0246,0.0000,0.0000,0.0000,1.0000,2.209,,,,,,,
53,Right,6,-0.0203,-0.0085,0.0360,0.0000,0.0000,0.0000,1.0000,2.209,,,,,,,
53,Right,7,-0.0032,0.0012,0.0600,0.0184,0.0622,0.0319,0.9974,2.209,,,,,,,
53,Right,8,0.0000,0.0000,0.0379,0.0877,0.0049,-0.0262,0.9958,2.209,,,,,,,
53,Right,9,0.0000,0.0000,0.0243,0.0432,0.0253,-0.0166,0.9986,2.209,,,,,,,
53,Right,10,0.0003,0.0010,0.0224,0.0000,0.0000,0.0000,1.0000,2.209,,,,,,,
53,Right,11,-0.0041,-0.0072,0.0338,0.0000,0.0000,0.0000,1.0000,2.209,,,,,,,
53,Right,12,0.0024,0.0046,0.0618,0.0953,0.1059,-0.0139,0.9897,2.209,,,,,,,
53,Right,13,0.0000,0.0000,0.0429,0.0856,0.0034,-0.0118,0.9963,2.209,,,,,,,
53,Right,14,0.0000,0.0000,0.0275,-0.0025,0.0007,-0.0434,0.9991,2.209,,,,,,,
53,Right,15,0.0003,0.0011,0.0250,0.0000,0.0000,0.0000,1.0000,2.209,,,,,,,
53,Right,16,0.0150,-0.0060,0.0348,0.0000,0.0000,0.0000,1.0000,2.209,,,,,,,
53,Right,17,0.0025,-0.0005,0.0539,0.0664,0.1266,-0.0551,0.9882,2.209,,,,,,,
53,Right,18,0.0000,0.0000,0.0390,0.0881,0.0000,-0.0356,0.9955,2.209,,,,,,,
53,Right,19,0.0000,0.0000,0.0266,0.0322,-0.0294,-0.0062,0.9990,2.209,,,,,,,
53,Right,20,0.0003,0.0016,0.0243,0.0000,0.0000,0.0000,1.0000,2.209,,,,,,,
53,Right,21,0.0230,-0.0094,0.0341,0.0183,0.1403,-0.2070,0.9680,2.209,,,,,,,
53,Right,22,0.0000,0.0000,0.0457,-0.0425,0.0386,0.0964,0.9937,2.209,,,,,,,
53,Right,23,0.0000,0.0000,0.0307,0.1267,0.0371,-0.0496,0.9900,2.209,,,,,,,
53,Right,24,0.0000,0.0000,0.0203,-0.0102,-0.0492,0.0007,0.9987,2.209,,,,,,,
53,Right,25,-0.0002,0.0012,0.0219,0.0000,0.0000,0.0000,1.0000,2.209,,,,,,,
54,Left,0,0.0017,-0.0057,0.0655,0.0000,0.0000,0.0000,1.0000,2.251,,,,,,,
54,Left,1,0.0000,0.0000,0.0000,0.0000,0.0000,0.0000,1.0000,2.251,-0.5720,0.2301,-0.0141,-0.7087,0.4705,-0.1644,-0.4993
54,Left,2,0.0264,-0.0209,0.0367,-0.0111,0.3154,-0.6539,0.6876,2.251,,,,,,,
54,Left,3,0.0000,0.0000,0.0325,0.2743,-0.0447,0.0806,0.9572,2.251,,,,,,,
54,Left,4,0.0000,0.0000,0.0338,0.1954,0.0431,-0.0762,0.9768,2.251,,,,,,,
54,Left,5,-0.0007,0.0010,0.0246,0.0000,0.0000,0.0000,1.0000,2.251,,,,,,,
54,Left,6,0.0179,-0.0119,0.0376,0.0000,0.0000,0.0000,1.0000,2.251,,,,,,,
54,Left,7,0.0057,0.0046,0.0584,0.4376,-0.0953,-0.0048,0.8941,2.251,,,,,,,
54,Left,8,0.0000,0.0000,0.0379,0.7318,0.0140,0.0214,0.6810,2.251,,,,,,,
54,Left,9,0.0000,0.0000,0.0243,0.5389,-0.0131,0.0165,0.8421,2.251,,,,,,,
54,Left,10,-0.0003,0.0010,0.0224,0.0000,0.0000,0.0000,1.0000,2.251,,,,,,,
54,Left,11,0.0017,-0.0089,0.0354,0.0000,0.0000,0.0000,1.0000,2.251,,,,,,,
54,Left,12,0.0000,0.0063,0.0602,0.5481,-0.0967,0.0653,0.8283,2.251,,,,,,,
54,Left,13,0.0000,0.0000,0.0429,0.6988,0.0047,0.0125,0.7152,2.251,,,,,,,
54,Left,14,0.0000,0.0000,0.0275,0.5497,0.0235,0.0902,0.8301,2.251,,,,,,,
54,Left,15,-0.0003,0.0011,0.0250,0.0000,0.0000,0.0000,1.0000,2.251,,,,,,,
54,Left,16,-0.0150,-0.0060,0.0348,0.0000,0.0000,0.0000,1.0000,2.251,,,,,,,
54,Left,17,-0.0025,-0.0005,0.0539,0.5873,-0.0673,0.1035,0.7999,2.251,,,,,,,
54,Left,18,0.0000,0.0000,0.0390,0.6928,0.0211,0.0416,0.7196,2.251,,,,,,,
54,Left,19,0.0000,0.0000,0.0266,0.5543,0.0270,0.0299,0.8313,2.251,,,,,,,
54,Left,20,-0.0003,0.0016,0.0243,0.0000,0.0000,0.0000,1.0000,2.251,,,,,,,
54,Left,21,-0.0230,-0.0094,0.0341,0.0183,-0.1403,0.2070,0.9680,2.251,,,,,,,
54,Left,22,0.0000,0.0000,0.0457,0.5474,-0.0461,-0.0539,0.8339,2.251,,,,,,,
54,Left,23,0.0000,0.0000,0.0307,0.6322,-0.0082,0.0854,0.7700,2.251,,,,,,,
54,Left,24,0.0000,0.0000,0.0203,0.6133,0.0384,-0.0027,0.7889,2.251,,,,,,,
54,Left,25,0.0002,0.0012,0.0219,0.0000,0.0000,0.0000,1.0000,2.251,,,,,,,
54,Right,0,-0.0029,-0.0049,0.0647,0.0000,0.0000,0.0000,1.0000,2.251,,,,,,,
54,Right,1,0.0000,0.0000,0.0000,0.0000,0.0000,0.0000,1.0000,2.251,-0.0211,0.0494,0.0204,0.6381,-0.0713,-0.0726,0.7632
54,Right,2,-0.0312,-0.0141,0.0335,-0.1608,-0.3206,0.5189,0.7759,2.251,,,,,,,
54,Right,3,0.0000,0.0000,0.0325,0.3024,0.0417,-0.0800,0.9489,2.251,,,,,,,
54,Right,4,0.0000,0.0000,0.0338,0.1014,-0.0517,0.0795,0.9903,2.251,,,,,,,
54,Right,5,0.0007,0.0010,0.0246,0.0000,0.0000,0.0000,1.0000,2.251,,,,,,,
54,Right,6,-0.0203,-0.0085,0.0360,0.0000,0.0000,0.0000,1.0000,2.251,,,,,,,
54,Right,7,-0.0032,0.0012,0.0600,0.0186,0.0620,0.0319,0.9974,2.251,,,,,,,
54,Right,8,0.0000,0.0000,0.0379,0.0875,0.0049,-0.0262,0.9958,2.251,,,,,,,
54,Right,9,0.0000,0.0000,0.0243,0.0433,0.0253,-0.0166,0.9986,2.251,,,,,,,
54,Right,10,0.0003,0.0010,0.0224,0.0000,0.0000,0.0000,1.0000,2.251,,,,,,,
54,Right,11,-0.0041,-0.0072,0.0338,0.0000,0.0000,0.0000,1.0000,2.251,,,,,,,
54,Right,12,0.0024,0.0046,0.0618,0.0957,0.1057,-0.0139,0.9897,2.251,,,,,,,
54,Right,13,0.0000,0.0000,0.0429,0.0854,0.0034,-0.0117,0.9963,2.251,,,,,,,
54,Right,14,0.0000,0.0000,0.0275,-0.0024,0.0007,-0.0434,0.9991,2.251,,,,,,,
54,Right,15,0.0003,0.0011,0.0250,0.0000,0.0000,0.0000,1.0000,2.251,,,,,,,
54,Right,16,0.0150,-0.0060,0.0348,0.0000,0.0000,0.0000,1.0000,2.251,,,,,,,
54,Right,17,0.0025,-0.0005,0.0539,0.0666,0.1262,-0.0551,0.9882,2.251,,,,,,,
54,Right,18,0.0000,0.0000,0.0390,0.0879,0.0000,-0.0356,0.9955,2.251,,,,,,,
54,Right,19,0.0000,0.0000,0.0266,0.0322,-0.0294,-0.0062,0.9990,2.251,,,,,,,
54,Right,20,0.0003,0.0016,0.0243,0.0000,0.0000,0.0000,1.0000,2.251,,,,,,,
54,Right,21,0.0230,-0.0094,0.0341,0.0183,0.1403,-0.2070,0.9680,2.251,,,,,,,
54,Right,22,0.0000,0.0000,0.0457,-0.0418,0.0382,0.0963,0.9937,2.251,,,,,,,
54,Right,23,0.0000,0.0000,0.0307,0.1258,0.0372,-0.0495,0.9901,2.251,,,,,,,
54,Right,24,0.0000,0.0000,0.0203,-0.0102,-0.0492,0.0007,0.9987,2.251,,,,,,,
54,Right,25,-0.0002,0.0012,0.0219,0.0000,0.0000,0.0000,1.0000,2.251,,,,,,,
55,Left,0,0.0017,-0.0057,0.0655,0.0000,0.0000,0.0000,1.0000,2.292,,,,,,,
55,Left,1,0.0000,0.0000,0.0000,0.0000,0.0000,0.0000,1.0000,2.292,-0.5714,0.2328,-0.0175,-0.7083,0.4709,-0.1641,-0.4996
55,Left,2,0.0264,-0.0209,0.0368,-0.0110,0.3150,-0.6542,0.6875,2.292,,,,,,,
55,Left,3,0.0000,0.0000,0.0325,0.2747,-0.0446,0.0806,0.9571,2.292,,,,,,,
55,Left,4,0.0000,0.0000,0.0338,0.1959,0.0430,-0.0762,0.9767,2.292,,,,,,,
55,Left,5,-0.0007,0.0010,0.0246,0.0000,0.0000,0.0000,1.0000,2.292,,,,,,,
55,Left,6,0.0179,-0.0119,0.0376,0.0000,0.0000,0.0000,1.0000,2.292,,,,,,,
55,Left,7,0.0057,0.0046,0.0584,0.4368,-0.0956,-0.0047,0.8944,2.292,,,,,,,
55,Left,8,0.0000,0.0000,0.0379,0.7317,0.0140,0.0214,0.6812,2.292,,,,,,,
55,Left,9,0.0000,0.0000,0.0243,0.5382,-0.0131,0.0165,0.8425,2.292,,,,,,,
55,Left,10,-0.0003,0.0010,0.0224,0.0000,0.0000,0.0000,1.0000,2.292,,,,,,,
55,Left,11,0.0017,-0.0089,0.0354,0.0000,0.0000,0.0000,1.0000,2.292,,,,,,,
55,Left,12,0.0000,0.0063,0.0602,0.5476,-0.0960,0.0648,0.8287,2.292,,,,,,,
55,Left,13,0.0000,0.0000,0.0429,0.6979,0.0047,0.0125,0.7160,2.292,,,,,,,
55,Left,14,0.0000,0.0000,0.0275,0.5488,0.0235,0.0902,0.8307,2.292,,,,,,,
55,Left,15,-0.0003,0.0011,0.0250,0.0000,0.0000,0.0000,1.0000,2.292,,,,,,,
55,Left,16,-0.0150,-0.0060,0.0348,0.0000,0.0000,0.0000,1.0000,2.292,,,,,,,
55,Left,17,-0.0025,-0.0005,0.0539,0.5881,-0.0668,0.1033,0.7994,2.292,,,,,,,
55,Left,18,0.0000,0.0000,0.0390,0.6921,0.0210,0.0416,0.7203,2.292,,,,,,,
55,Left,19,0.0000,0.0000,0.0266,0.5542,0.0270,0.0299,0.8314,2.292,,,,,,,
55,Left,20,-0.0003,0.0016,0.0243,0.0000,0.0000,0.0000,1.0000,2.292,,,,,,,
55,Left,21,-0.0230,-0.0094,0.0341,0.0183,-0.1403,0.2070,0.9680,2.292,,,,,,,
55,Left,22,0.0000,0.0000,0.0457,0.5501,-0.0455,-0.0542,0.8321,2.292,,,,,,,
55,Left,23,0.0000,0.0000,0.0307,0.6313,-0.0082,0.0854,0.7708,2.292,,,,,,,
55,Left,24,0.0000,0.0000,0.0203,0.6129,0.0384,-0.0027,0.7892,2.292,,,,,,,
55,Left,25,0.0002,0.0012,0.0219,0.0000,0.0000,0.0000,1.0000,2.292,,,,,,,
55,Right,0,-0.0029,-0.0049,0.0647,0.0000,0.0000,0.0000,1.0000,2.292,,,,,,,
55,Right,1,0.0000,0.0000,0.0000,0.0000,0.0000,0.0000,1.0000,2.292,-0.0210,0.0500,0.0203,0.6383,-0.0712,-0.0720,0.7631
55,Right,2,-0.0312,-0.0141,0.0335,-0.1606,-0.3210,0.5190,0.7758,2.292,,,,,,,
55,Right,3,0.0000,0.0000,0.0325,0.3027,0.0417,-0.0800,0.9488,2.292,,,,,,,
55,Right,4,0.0000,0.0000,0.0338,0.1004,-0.0518,0.0796,0.9904,2.292,,,,,,,
55,Right,5,0.0007,0.0010,0.0246,0.0000,0.0000,0.0000,1.0000,2.292,,,,,,,
55,Right,6,-0.0203,-0.0085,0.0360,0.0000,0.0000,0.0000,1.0000,2.292,,,,,,,
55,Right,7,-0.0032,0.0012,0.0600,0.0191,0.0622,0.0319,0.9974,2.292,,,,,,,
55,Right,8,0.0000,0.0000,0.0379,0.0871,0.0049,-0.0262,0.9958,2.292,,,,,,,
55,Right,9,0.0000,0.0000,0.0243,0.0433,0.0253,-0.0166,0.9986,2.292,,,,,,,
55,Right,10,0.0003,0.0010,0.0224,0.0000,0.0000,0.0000,1.0000,2.292,,,,,,,
55,Right,11,-0.0041,-0.0072,0.0338,0.0000,0.0000,0.0000,1.0000,2.292,,,,,,,
55,Right,12,0.0024,0.0046,0.0618,0.0963,0.1057,-0.0140,0.9896,2.292,,,,,,,
55,Right,13,0.0000,0.0000,0.0429,0.0851,0.0034,-0.0117,0.9963,2.292,,,,,,,
55,Right,14,0.0000,0.0000,0.0275,-0.0023,0.0007,-0.0434,0.9991,2.292,,,,,,,
55,Right,15,0.0003,0.0011,0.0250,0.0000,0.0000,0.0000,1.0000,2.292,,,,,,,
55,Right,16,0.0150,-0.0060,0.0348,0.0000,0.0000,0.0000,1.0000,2.292,,,,,,,
55,Right,17,0.0025,-0.0005,0.0539,0.0675,0.1262,-0.0552,0.9882,2.292,,,,,,,
55,Right,18,0.0000,0.0000,0.0390,0.0876,0.0000,-0.0356,0.9955,2.292,,,,,,,
55,Right,19,0.0000,0.0000,0.0266,0.0321,-0.0294,-0.0062,0.9990,2.292,,,,,,,
55,Right,20,0.0003,0.0016,0.0243,0.0000,0.0000,0.0000,1.0000,2.292,,,,,,,
55,Right,21,0.0230,-0.0094,0.0341,0.0183,0.1403,-0.2070,0.9680,2.292,,,,,,,
55,Right,22,0.0000,0.0000,0.0457,-0.0411,0.0378,0.0963,0.9938,2.292,,,,,,,
55,Right,23,0.0000,0.0000,0.0307,0.1250,0.0372,-0.0495,0.9902,2.292,,,,,,,
55,Right,24,0.0000,0.0000,0.0203,-0.0100,-0.0492,0.0007,0.9987,2.292,,,,,,,
55,Right,25,-0.0002,0.0012,0.0219,0.0000,0.0000,0.0000,1.0000,2.292,,,,,,,
56,Left,0,0.0017,-0.0057,0.0655,0.0000,0.0000,0.0000,1.0000,2.334,,,,,,,
56,Left,1,0.0000,0.0000,0.0000,0.0000,0.0000,0.0000,1.0000,2.334,-0.5702,0.2366,-0.0195,-0.7096,0.4729,-0.1614,-0.4968
56,Left,2,0.0263,-0.0209,0.0368,-0.0117,0.3139,-0.6542,0.6880,2.334,,,,,,,
56,Left,3,0.0000,0.0000,0.0325,0.2749,-0.0446,0.0806,0.9570,2.334,,,,,,,
56,Left,4,0.0000,0.0000,0.0338,0.1968,0.0429,-0.0762,0.9765,2.334,,,,,,,
56,Left,5,-0.0007,0.0010,0.0246,0.0000,0.0000,0.0000,1.0000,2.334,,,,,,,
56,Left,6,0.0179,-0.0119,0.0376,0.0000,0.0000,0.0000,1.0000,2.334,,,,,,,
56,Left,7,0.0057,0.0046,0.0584,0.4364,-0.0959,-0.0046,0.8946,2.334,,,,,,,
56,Left,8,0.0000,0.0000,0.0379,0.7320,0.0140,0.0214,0.6808,2.334,,,,,,,
56,Left,9,0.0000,0.0000,0.0243,0.5378,-0.0131,0.0165,0.8428,2.334,,,,,,,
56,Left,10,-0.0003,0.0010,0.0224,0.0000,0.0000,0.0000,1.0000,2.334,,,,,,,
56,Left,11,0.0017,-0.0089,0.0354,0.0000,0.0000,0.0000,1.0000,2.334,,,,,,,
56,Left,12,0.0001,0.0063,0.0602,0.5477,-0.0954,0.0645,0.8287,2.334,,,,,,,
56,Left,13,0.0000,0.0000,0.0429,0.6969,0.0047,0.0125,0.7170,2.334,,,,,,,
56,Left,14,0.0000,0.0000,0.0276,0.5475,0.0234,0.0901,0.8316,2.334,,,,,,,
56,Left,15,-0.0003,0.0011,0.0250,0.0000,0.0000,0.0000,1.0000,2.334,,,,,,,
56,Left,16,-0.0150,-0.0060,0.0348,0.0000,0.0000,0.0000,1.0000,2.334,,,,,,,
56,Left,17,-0.0025,-0.0005,0.0539,0.5893,-0.0661,0.1031,0.7986,2.334,,,,,,,
56,Left,18,0.0000,0.0000,0.0390,0.6908,0.0210,0.0417,0.7215,2.334,,,,,,,
56,Left,19,0.0000,0.0000,0.0266,0.5542,0.0270,0.0299,0.8314,2.334,,,,,,,
56,Left,20,-0.0003,0.0016,0.0243,0.0000,0.0000,0.0000,1.0000,2.334,,,,,,,
56,Left,21,-0.0230,-0.0094,0.0341,0.0183,-0.1403,0.2070,0.9680,2.334,,,,,,,
56,Left,22,0.0000,0.0000,0.0457,0.5574,-0.0453,-0.0541,0.8272,2.334,,,,,,,
56,Left,23,0.0000,0.0000,0.0307,0.6302,-0.0083,0.0853,0.7717,2.334,,,,,,,
56,Left,24,0.0000,0.0000,0.0203,0.6124,0.0384,-0.0027,0.7896,2.334,,,,,,,
56,Left,25,0.0002,0.0012,0.0219,0.0000,0.0000,0.0000,1.0000,2.334,,,,,,,
56,Right,0,-0.0029,-0.0048,0.0647,0.0000,0.0000,0.0000,1.0000,2.334,,,,,,,
56,Right,1,0.0000,0.0000,0.0000,0.0000,0.0000,0.0000,1.0000,2.334,-0.0209,0.0506,0.0201,0.6384,-0.0710,-0.0717,0.7631
56,Right,2,-0.0312,-0.0141,0.0335,-0.1608,-0.3212,0.5187,0.7759,2.334,,,,,,,
56,Right,3,0.0000,0.0000,0.0325,0.3030,0.0416,-0.0799,0.9487,2.334,,,,,,,
56,Right,4,0.0000,0.0000,0.0338,0.0998,-0.0518,0.0796,0.9905,2.334,,,,,,,
56,Right,5,0.0007,0.0010,0.0246,0.0000,0.0000,0.0000,1.0000,2.334,,,,,,,
56,Right,6,-0.0203,-0.0085,0.0360,0.0000,0.0000,0.0000,1.0000,2.334,,,,,,,
56,Right,7,-0.0032,0.0012,0.0600,0.0196,0.0621,0.0318,0.9974,2.334,,,,,,,
56,Right,8,0.0000,0.0000,0.0379,0.0865,0.0049,-0.0262,0.9959,2.334,,,,,,,
56,Right,9,0.0000,0.0000,0.0243,0.0432,0.0253,-0.0166,0.9986,2.334,,,,,,,
56,Right,10,0.0003,0.0010,0.0224,0.0000,0.0000,0.0000,1.0000,2.334,,,,,,,
56,Right,11,-0.0041,-0.0072,0.0338,0.0000,0.0000,0.0000,1.0000,2.334,,,,,,,
56,Right,12,0.0024,0.0046,0.0618,0.0967,0.1054,-0.0140,0.9896,2.334,,,,,,,
56,Right,13,0.0000,0.0000,0.0429,0.0848,0.0034,-0.0117,0.9963,2.334,,,,,,,
56,Right,14,0.0000,0.0000,0.0275,-0.0023,0.0007,-0.0434,0.9991,2.334,,,,,,,
56,Right,15,0.0003,0.0011,0.0250,0.0000,0.0000,0.0000,1.0000,2.334,,,,,,,
56,Right,16,0.0150,-0.0060,0.0348,0.0000,0.0000,0.0000,1.0000,2.334,,,,,,,
56,Right,17,0.0025,-0.0005,0.0539,0.0679,0.1262,-0.0553,0.9881,2.334,,,,,,,
56,Right,18,0.0000,0.0000,0.0390,0.0874,0.0000,-0.0356,0.9955,2.334,,,,,,,
56,Right,19,0.0000,0.0000,0.0266,0.0323,-0.0294,-0.0062,0.9990,2.334,,,,,,,
56,Right,20,0.0003,0.0016,0.0243,0.0000,0.0000,0.0000,1.0000,2.334,,,,,,,
56,Right,21,0.0230,-0.0094,0.0341,0.0183,0.1403,-0.2070,0.9680,2.334,,,,,,,
56,Right,22,0.0000,0.0000,0.0457,-0.0406,0.0375,0.0962,0.9938,2.334,,,,,,,
56,Right,23,0.0000,0.0000,0.0307,0.1244,0.0372,-0.0494,0.9903,2.334,,,,,,,
56,Right,24,0.0000,0.0000,0.0203,-0.0098,-0.0492,0.0007,0.9987,2.334,,,,,,,
56,Right,25,-0.0002,0.0012,0.0219,0.0000,0.0000,0.0000,1.0000,2.334,,,,,,,
57,Left,0,0.0017,-0.0057,0.0655,0.0000,0.0000,0.0000,1.0000,2.376,,,,,,,
57,Left,1,0.0000,0.0000,0.0000,0.0000,0.0000,0.0000,1.0000,2.376,-0.5698,0.2399,-0.0226,-0.7114,0.4768,-0.1581,-0.4914
57,Left,2,0.0263,-0.0209,0.0368,-0.0132,0.3123,-0.6541,0.6888,2.376,,,,,,,
57,Left,3,0.0000,0.0000,0.0325,0.2746,-0.0446,0.0806,0.9571,2.376,,,,,,,
57,Left,4,0.0000,0.0000,0.0338,0.1975,0.0429,-0.0761,0.9764,2.376,,,,,,,
57,Left,5,-0.0007,0.0010,0.0246,0.0000,0.0000,0.0000,1.0000,2.376,,,,,,,
57,Left,6,0.0179,-0.0119,0.0376,0.0000,0.0000,0.0000,1.0000,2.376,,,,,,,
57,Left,7,0.0057,0.0046,0.0584,0.4356,-0.0957,-0.0048,0.8950,2.376,,,,,,,
57,Left,8,0.0000,0.0000,0.0379,0.7319,0.0140,0.0214,0.6809,2.376,,,,,,,
57,Left,9,0.0000,0.0000,0.0243,0.5372,-0.0131,0.0165,0.8432,2.376,,,,,,,
57,Left,10,-0.0003,0.0010,0.0224,0.0000,0.0000,0.0000,1.0000,2.376,,,,,,,
57,Left,11,0.0017,-0.0089,0.0354,0.0000,0.0000,0.0000,1.0000,2.376,,,,,,,
57,Left,12,0.0001,0.0063,0.0602,0.5480,-0.0957,0.0647,0.8285,2.376,,,,,,,
57,Left,13,0.0000,0.0000,0.0429,0.6959,0.0047,0.0126,0.7180,2.376,,,,,,,
57,Left,14,0.0000,0.0000,0.0275,0.5469,0.0234,0.0900,0.8320,2.376,,,,,,,
57,Left,15,-0.0003,0.0011,0.0250,0.0000,0.0000,0.0000,1.0000,2.376,,,,,,,
57,Left,16,-0.0150,-0.0060,0.0348,0.0000,0.0000,0.0000,1.0000,2.376,,,,,,,
57,Left,17,-0.0025,-0.0005,0.0539,0.5945,-0.0653,0.1034,0.7947,2.376,,,,,,,
57,Left,18,0.0000,0.0000,0.0390,0.6895,0.0210,0.0417,0.7227,2.376,,,,,,,
57,Left,19,0.0000,0.0000,0.0266,0.5543,0.0270,0.0299,0.8314,2.376,,,,,,,
57,Left,20,-0.0003,0.0016,0.0243,0.0000,0.0000,0.0000,1.0000,2.376,,,,,,,
57,Left,21,-0.0230,-0.0094,0.0341,0.0183,-0.1403,0.2070,0.9680,2.376,,,,,,,
57,Left,22,0.0000,0.0000,0.0457,0.5651,-0.0450,-0.0539,0.8220,2.376,,,,,,,
57,Left,23,0.0000,0.0000,0.0307,0.6298,-0.0083,0.0853,0.7720,2.376,,,,,,,
57,Left,24,0.0000,0.0000,0.0203,0.6122,0.0384,-0.0027,0.7898,2.376,,,,,,,
57,Left,25,0.0002,0.0012,0.0219,0.0000,0.0000,0.0000,1.0000,2.376,,,,,,,
57,Right,0,-0.0029,-0.0048,0.0647,0.0000,0.0000,0.0000,1.0000,2.376,,,,,,,
57,Right,1,0.0000,0.0000,0.0000,0.0000,0.0000,0.0000,1.0000,2.376,-0.0208,0.0514,0.0198,0.6384,-0.0705,-0.0718,0.7631
57,Right,2,-0.0312,-0.0141,0.0335,-0.1607,-0.3212,0.5188,0.7758,2.376,,,,,,,
57,Right,3,0.0000,0.0000,0.0325,0.3033,0.0416,-0.0799,0.9486,2.376,,,,,,,
57,Right,4,0.0000,0.0000,0.0338,0.0992,-0.0519,0.0796,0.9905,2.376,,,,,,,
57,Right,5,0.0007,0.0010,0.0246,0.0000,0.0000,0.0000,1.0000,2.376,,,,,,,
57,Right,6,-0.0203,-0.0085,0.0360,0.0000,0.0000,0.0000,1.0000,2.376,,,,,,,
57,Right,7,-0.0032,0.0012,0.0600,0.0200,0.0625,0.0318,0.9973,2.376,,,,,,,
57,Right,8,0.0000,0.0000,0.0379,0.0862,0.0049,-0.0262,0.9959,2.376,,,,,,,
57,Right,9,0.0000,0.0000,0.0243,0.0432,0.0253,-0.0166,0.9986,2.376,,,,,,,
57,Right,10,0.0003,0.0010,0.0224,0.0000,0.0000,0.0000,1.0000,2.376,,,,,,,
57,Right,11,-0.0041,-0.0072,0.0338,0.0000,0.0000,0.0000,1.0000,2.376,,,,,,,
57,Right,12,0.0024,0.0046,0.0618,0.0971,0.1057,-0.0140,0.9896,2.376,,,,,,,
57,Right,13,0.0000,0.0000,0.0429,0.0845,0.0034,-0.0117,0.9964,2.376,,,,,,,
57,Right,14,0.0000,0.0000,0.0275,-0.0021,0.0006,-0.0434,0.9991,2.376,,,,,,,
57,Right,15,0.0003,0.0011,0.0250,0.0000,0.0000,0.0000,1.0000,2.376,,,,,,,
57,Right,16,0.0150,-0.0060,0.0348,0.0000,0.0000,0.0000,1.0000,2.376,,,,,,,
57,Right,17,0.0025,-0.0005,0.0539,0.0683,0.1262,-0.0553,0.9881,2.376,,,,,,,
57,Right,18,0.0000,0.0000,0.0390,0.0872,0.0000,-0.0356,0.9956,2.376,,,,,,,
57,Right,19,0.0000,0.0000,0.0266,0.0324,-0.0294,-0.0062,0.9990,2.376,,,,,,,
57,Right,20,0.0003,0.0016,0.0243,0.0000,0.0000,0.0000,1.0000,2.376,,,,,,,
57,Right,21,0.0230,-0.0094,0.0341,0.0183,0.1403,-0.2070,0.9680,2.376,,,,,,,
57,Right,22,0.0000,0.0000,0.0457,-0.0402,0.0370,0.0961,0.9939,2.376,,,,,,,
57,Right,23,0.0000,0.0000,0.0307,0.1240,0.0373,-0.0494,0.9904,2.376,,,,,,,
57,Right,24,0.0000,0.0000,0.0203,-0.0097,-0.0492,0.0007,0.9987,2.376,,,,,,,
57,Right,25,-0.0002,0.0012,0.0219,0.0000,0.0000,0.0000,1.0000,2.376,,,,,,,
58,Left,0,0.0017,-0.0057,0.0655,0.0000,0.0000,0.0000,1.0000,2.417,,,,,,,
58,Left,1,0.0000,0.0000,0.0000,0.0000,0.0000,0.0000,1.0000,2.417,-0.5703,0.2415,-0.0248,-0.7115,0.4772,-0.1583,-0.4909
58,Left,2,0.0263,-0.0209,0.0368,-0.0145,0.3110,-0.6539,0.6896,2.417,,,,,,,
58,Left,3,0.0000,0.0000,0.0325,0.2785,-0.0442,0.0805,0.9560,2.417,,,,,,,
58,Left,4,0.0000,0.0000,0.0338,0.1985,0.0428,-0.0761,0.9762,2.417,,,,,,,
58,Left,5,-0.0007,0.0010,0.0246,0.0000,0.0000,0.0000,1.0000,2.417,,,,,,,
58,Left,6,0.0179,-0.0119,0.0376,0.0000,0.0000,0.0000,1.0000,2.417,,,,,,,
58,Left,7,0.0057,0.0046,0.0584,0.4347,-0.0953,-0.0050,0.8955,2.417,,,,,,,
58,Left,8,0.0000,0.0000,0.0379,0.7325,0.0140,0.0214,0.6803,2.417,,,,,,,
58,Left,9,0.0000,0.0000,0.0243,0.5375,-0.0131,0.0165,0.8430,2.417,,,,,,,
58,Left,10,-0.0003,0.0010,0.0224,0.0000,0.0000,0.0000,1.0000,2.417,,,,,,,
58,Left,11,0.0017,-0.0089,0.0354,0.0000,0.0000,0.0000,1.0000,2.417,,,,,,,
58,Left,12,0.0001,0.0063,0.0602,0.5486,-0.0957,0.0648,0.8281,2.417,,,,,,,
58,Left,13,0.0000,0.0000,0.0429,0.6961,0.0047,0.0126,0.7179,2.417,,,,,,,
58,Left,14,0.0000,0.0000,0.0275,0.5470,0.0234,0.0900,0.8320,2.417,,,,,,,
58,Left,15,-0.0003,0.0011,0.0250,0.0000,0.0000,0.0000,1.0000,2.417,,,,,,,
58,Left,16,-0.0150,-0.0060,0.0348,0.0000,0.0000,0.0000,1.0000,2.417,,,,,,,
58,Left,17,-0.0025,-0.0005,0.0539,0.6027,-0.0641,0.1040,0.7886,2.417,,,,,,,
58,Left,18,0.0000,0.0000,0.0390,0.6895,0.0209,0.0417,0.7228,2.417,,,,,,,
58,Left,19,0.0000,0.0000,0.0266,0.5544,0.0270,0.0299,0.8313,2.417,,,,,,,
58,Left,20,-0.0003,0.0016,0.0243,0.0000,0.0000,0.0000,1.0000,2.417,,,,,,,
58,Left,21,-0.0230,-0.0094,0.0341,0.0183,-0.1403,0.2070,0.9680,2.417,,,,,,,
58,Left,22,0.0000,0.0000,0.0457,0.5868,-0.0464,-0.0522,0.8067,2.417,,,,,,,
58,Left,23,0.0000,0.0000,0.0307,0.6300,-0.0083,0.0853,0.7719,2.417,,,,,,,
58,Left,24,0.0000,0.0000,0.0203,0.6121,0.0384,-0.0027,0.7898,2.417,,,,,,,
58,Left,25,0.0002,0.0012,0.0219,0.0000,0.0000,0.0000,1.0000,2.417,,,,,,,
58,Right,0,-0.0029,-0.0048,0.0647,0.0000,0.0000,0.0000,1.0000,2.417,,,,,,,
58,Right,1,0.0000,0.0000,0.0000,0.0000,0.0000,0.0000,1.0000,2.417,-0.0206,0.0520,0.0194,0.6384,-0.0703,-0.0715,0.7632
58,Right,2,-0.0312,-0.0141,0.0335,-0.1609,-0.3211,0.5187,0.7759,2.417,,,,,,,
58,Right,3,0.0000,0.0000,0.0325,0.3032,0.0416,-0.0799,0.9486,2.417,,,,,,,
58,Right,4,0.0000,0.0000,0.0338,0.0984,-0.0519,0.0796,0.9906,2.417,,,,,,,
58,Right,5,0.0007,0.0010,0.0246,0.0000,0.0000,0.0000,1.0000,2.417,,,,,,,
58,Right,6,-0.0203,-0.0085,0.0360,0.0000,0.0000,0.0000,1.0000,2.417,,,,,,,
58,Right,7,-0.0032,0.0012,0.0600,0.0199,0.0625,0.0319,0.9973,2.417,,,,,,,
58,Right,8,0.0000,0.0000,0.0379,0.0859,0.0050,-0.0262,0.9960,2.417,,,,,,,
58,Right,9,0.0000,0.0000,0.0243,0.0434,0.0253,-0.0166,0.9986,2.417,,,,,,,
58,Right,10,0.0003,0.0010,0.0224,0.0000,0.0000,0.0000,1.0000,2.417,,,,,,,
58,Right,11,-0.0041,-0.0072,0.0338,0.0000,0.0000,0.0000,1.0000,2.417,,,,,,,
58,Right,12,0.0024,0.0046,0.0618,0.0970,0.1056,-0.0140,0.9896,2.417,,,,,,,
58,Right,13,0.0000,0.0000,0.0429,0.0844,0.0034,-0.0117,0.9964,2.417,,,,,,,
58,Right,14,0.0000,0.0000,0.0275,-0.0020,0.0006,-0.0434,0.9991,2.417,,,,,,,
58,Right,15,0.0003,0.0011,0.0250,0.0000,0.0000,0.0000,1.0000,2.417,,,,,,,
58,Right,16,0.0150,-0.0060,0.0348,0.0000,0.0000,0.0000,1.0000,2.417,,,,,,,
58,Right,17,0.0025,-0.0005,0.0539,0.0685,0.1262,-0.0554,0.9881,2.417,,,,,,,
58,Right,18,0.0000,0.0000,0.0390,0.0871,0.0000,-0.0356,0.9956,2.417,,,,,,,
58,Right,19,0.0000,0.0000,0.0266,0.0325,-0.0294,-0.0062,0.9990,2.417,,,,,,,
58,Right,20,0.0003,0.0016,0.0243,0.0000,0.0000,0.0000,1.0000,2.417,,,,,,,
58,Right,21,0.0230,-0.0094,0.0341,0.0183,0.1403,-0.2070,0.9680,2.417,,,,,,,
58,Right,22,0.0000,0.0000,0.0457,-0.0402,0.0366,0.0961,0.9939,2.417,,,,,,,
58,Right,23,0.0000,0.0000,0.0307,0.1233,0.0373,-0.0493,0.9904,2.417,,,,,,,
58,Right,24,0.0000,0.0000,0.0203,-0.0097,-0.0492,0.0007,0.9987,2.417,,,,,,,
58,Right,25,-0.0002,0.0012,0.0219,0.0000,0.0000,0.0000,1.0000,2.417,,,,,,,
59,Left,0,0.0017,-0.0057,0.0655,0.0000,0.0000,0.0000,1.0000,2.459,,,,,,,
59,Left,1,0.0000,0.0000,0.0000,0.0000,0.0000,0.0000,1.0000,2.459,-0.5689,0.2434,-0.0236,-0.7133,0.4784,-0.1572,-0.4875
59,Left,2,0.0264,-0.0209,0.0368,-0.0152,0.3106,-0.6536,0.6900,2.459,,,,,,,
59,Left,3,0.0000,0.0000,0.0325,0.2797,-0.0441,0.0805,0.9557,2.459,,,,,,,
59,Left,4,0.0000,0.0000,0.0338,0.2114,0.0415,-0.0756,0.9736,2.459,,,,,,,
59,Left,5,-0.0007,0.0010,0.0246,0.0000,0.0000,0.0000,1.0000,2.459,,,,,,,
59,Left,6,0.0179,-0.0119,0.0376,0.0000,0.0000,0.0000,1.0000,2.459,,,,,,,
59,Left,7,0.0057,0.0046,0.0584,0.4340,-0.0956,-0.0050,0.8958,2.459,,,,,,,
59,Left,8,0.0000,0.0000,0.0379,0.7335,0.0141,0.0214,0.6792,2.459,,,,,,,
59,Left,9,0.0000,0.0000,0.0243,0.5384,-0.0131,0.0165,0.8424,2.459,,,,,,,
59,Left,10,-0.0003,0.0010,0.0224,0.0000,0.0000,0.0000,1.0000,2.459,,,,,,,
59,Left,11,0.0017,-0.0089,0.0354,0.0000,0.0000,0.0000,1.0000,2.459,,,,,,,
59,Left,12,0.0000,0.0063,0.0602,0.5488,-0.0959,0.0649,0.8279,2.459,,,,,,,
59,Left,13,0.0000,0.0000,0.0429,0.6965,0.0047,0.0125,0.7174,2.459,,,,,,,
59,Left,14,0.0000,0.0000,0.0275,0.5478,0.0235,0.0901,0.8314,2.459,,,,,,,
59,Left,15,-0.0003,0.0011,0.0250,0.0000,0.0000,0.0000,1.0000,2.459,,,,,,,
59,Left,16,-0.0150,-0.0060,0.0348,0.0000,0.0000,0.0000,1.0000,2.459,,,,,,,
59,Left,17,-0.0025,-0.0005,0.0539,0.6028,-0.0642,0.1040,0.7885,2.459,,,,,,,
59,Left,18,0.0000,0.0000,0.0390,0.6894,0.0209,0.0417,0.7229,2.459,,,,,,,
59,Left,19,0.0000,0.0000,0.0266,0.5553,0.0269,0.0299,0.8307,2.459,,,,,,,
59,Left,20,-0.0003,0.0016,0.0243,0.0000,0.0000,0.0000,1.0000,2.459,,,,,,,
59,Left,21,-0.0230,-0.0094,0.0341,0.0183,-0.1403,0.2070,0.9680,2.459,,,,,,,
59,Left,22,0.0000,0.0000,0.0457,0.5867,-0.0461,-0.0524,0.8068,2.459,,,,,,,
59,Left,23,0.0000,0.0000,0.0307,0.6303,-0.0083,0.0853,0.7716,2.459,,,,,,,
59,Left,24,0.0000,0.0000,0.0203,0.6127,0.0384,-0.0027,0.7894,2.459,,,,,,,
59,Left,25,0.0002,0.0012,0.0219,0.0000,0.0000,0.0000,1.0000,2.459,,,,,,,
59,Right,0,-0.0029,-0.0048,0.0647,0.0000,0.0000,0.0000,1.0000,2.459,,,,,,,
59,Right,1,0.0000,0.0000,0.0000,0.0000,0.0000,0.0000,1.0000,2.459,-0.0203,0.0525,0.0193,0.6389,-0.0700,-0.0714,0.7627
59,Right,2,-0.0312,-0.0141,0.0335,-0.1608,-0.3215,0.5186,0.7758,2.459,,,,,,,
59,Right,3,0.0000,0.0000,0.0325,0.3036,0.0416,-0.0799,0.9485,2.459,,,,,,,
59,Right,4,0.0000,0.0000,0.0338,0.0976,-0.0520,0.0797,0.9907,2.459,,,,,,,
59,Right,5,0.0007,0.0010,0.0246,0.0000,0.0000,0.0000,1.0000,2.459,,,,,,,
59,Right,6,-0.0203,-0.0085,0.0360,0.0000,0.0000,0.0000,1.0000,2.459,,,,,,,
59,Right,7,-0.0032,0.0012,0.0600,0.0197,0.0623,0.0319,0.9974,2.459,,,,,,,
59,Right,8,0.0000,0.0000,0.0379,0.0856,0.0050,-0.0262,0.9960,2.459,,,,,,,
59,Right,9,0.0000,0.0000,0.0243,0.0434,0.0253,-0.0166,0.9986,2.459,,,,,,,
59,Right,10,0.0003,0.0010,0.0224,0.0000,0.0000,0.0000,1.0000,2.459,,,,,,,
59,Right,11,-0.0041,-0.0072,0.0338,0.0000,0.0000,0.0000,1.0000,2.459,,,,,,,
59,Right,12,0.0024,0.0046,0.0619,0.0969,0.1053,-0.0140,0.9896,2.459,,,,,,,
59,Right,13,0.0000,0.0000,0.0429,0.0843,0.0034,-0.0117,0.9964,2.459,,,,,,,
59,Right,14,0.0000,0.0000,0.0275,-0.0018,0.0006,-0.0434,0.9991,2.459,,,,,,,
59,Right,15,0.0003,0.0011,0.0250,0.0000,0.0000,0.0000,1.0000,2.459,,,,,,,
59,Right,16,0.0150,-0.0060,0.0348,0.0000,0.0000,0.0000,1.0000,2.459,,,,,,,
59,Right,17,0.0025,-0.0005,0.0539,0.0685,0.1259,-0.0553,0.9881,2.459,,,,,,,
59,Right,18,0.0000,0.0000,0.0390,0.0869,0.0001,-0.0356,0.9956,2.459,,,,,,,
59,Right,19,0.0000,0.0000,0.0266,0.0325,-0.0294,-0.0062,0.9990,2.459,,,,,,,
59,Right,20,0.0003,0.0016,0.0243,0.0000,0.0000,0.0000,1.0000,2.459,,,,,,,
59,Right,21,0.0230,-0.0094,0.0341,0.0183,0.1403,-0.2070,0.9680,2.459,,,,,,,
59,Right,22,0.0000,0.0000,0.0457,-0.0403,0.0361,0.0961,0.9939,2.459,,,,,,,
59,Right,23,0.0000,0.0000,0.0307,0.1227,0.0373,-0.0493,0.9905,2.459,,,,,,,
59,Right,24,0.0000,0.0000,0.0203,-0.0097,-0.0492,0.0007,0.9987,2.459,,,,,,,
59,Right,25,-0.0002,0.0012,0.0219,0.0000,0.0000,0.0000,1.0000,2.459,,,,,,,
60,Left,0,0.0017,-0.0057,0.0655,0.0000,0.0000,0.0000,1.0000,2.501,,,,,,,
60,Left,1,0.0000,0.0000,0.0000,0.0000,0.0000,0.0000,1.0000,2.501,-0.5674,0.2466,-0.0234,-0.7182,0.4810,-0.1540,-0.4787
60,Left,2,0.0264,-0.0209,0.0367,-0.0158,0.3106,-0.6532,0.6904,2.501,,,,,,,
60,Left,3,0.0000,0.0000,0.0325,0.2813,-0.0439,0.0805,0.9552,2.501,,,,,,,
60,Left,4,0.0000,0.0000,0.0338,0.2264,0.0401,-0.0749,0.9703,2.501,,,,,,,
60,Left,5,-0.0007,0.0010,0.0246,0.0000,0.0000,0.0000,1.0000,2.501,,,,,,,
60,Left,6,0.0179,-0.0119,0.0376,0.0000,0.0000,0.0000,1.0000,2.501,,,,,,,
60,Left,7,0.0056,0.0046,0.0584,0.4328,-0.0961,-0.0048,0.8963,2.501,,,,,,,
60,Left,8,0.0000,0.0000,0.0379,0.7341,0.0141,0.0213,0.6785,2.501,,,,,,,
60,Left,9,0.0000,0.0000,0.0243,0.5395,-0.0130,0.0165,0.8417,2.501,,,,,,,
60,Left,10,-0.0003,0.0010,0.0224,0.0000,0.0000,0.0000,1.0000,2.501,,,,,,,
60,Left,11,0.0017,-0.0089,0.0354,0.0000,0.0000,0.0000,1.0000,2.501,,,,,,,
60,Left,12,0.0000,0.0063,0.0602,0.5481,-0.0960,0.0649,0.8283,2.501,,,,,,,
60,Left,13,0.0000,0.0000,0.0429,0.6967,0.0047,0.0125,0.7172,2.501,,,,,,,
60,Left,14,0.0000,0.0000,0.0275,0.5487,0.0235,0.0902,0.8308,2.501,,,,,,,
60,Left,15,-0.0003,0.0011,0.0250,0.0000,0.0000,0.0000,1.0000,2.501,,,,,,,
60,Left,16,-0.0150,-0.0060,0.0348,0.0000,0.0000,0.0000,1.0000,2.501,,,,,,,
60,Left,17,-0.0025,-0.0005,0.0539,0.6022,-0.0639,0.1037,0.7890,2.501,,,,,,,
60,Left,18,0.0000,0.0000,0.0390,0.6890,0.0209,0.0417,0.7232,2.501,,,,,,,
60,Left,19,0.0000,0.0000,0.0266,0.5565,0.0269,0.0300,0.8299,2.501,,,,,,,
60,Left,20,-0.0003,0.0016,0.0243,0.0000,0.0000,0.0000,1.0000,2.501,,,,,,,
60,Left,21,-0.0230,-0.0094,0.0341,0.0183,-0.1403,0.2070,0.9680,2.501,,,,,,,
60,Left,22,0.0000,0.0000,0.0457,0.5798,-0.0454,-0.0531,0.8117,2.501,,,,,,,
60,Left,23,0.0000,0.0000,0.0307,0.6301,-0.0083,0.0853,0.7718,2.501,,,,,,,
60,Left,24,0.0000,0.0000,0.0203,0.6136,0.0384,-0.0027,0.7887,2.501,,,,,,,
60,Left,25,0.0002,0.0012,0.0219,0.0000,0.0000,0.0000,1.0000,2.501,,,,,,,
60,Right,0,-0.0029,-0.0048,0.0647,0.0000,0.0000,0.0000,1.0000,2.501,,,,,,,
60,Right,1,0.0000,0.0000,0.0000,0.0000,0.0000,0.0000,1.0000,2.501,-0.0200,0.0531,0.0193,0.6402,-0.0704,-0.0711,0.7616
60,Right,2,-0.0312,-0.0141,0.0335,-0.1605,-0.3219,0.5187,0.7756,2.501,,,,,,,
60,Right,3,0.0000,0.0000,0.0325,0.3038,0.0416,-0.0799,0.9485,2.501,,,,,,,
60,Right,4,0.0000,0.0000,0.0338,0.0970,-0.0520,0.0797,0.9907,2.501,,,,,,,
60,Right,5,0.0007,0.0010,0.0246,0.0000,0.0000,0.0000,1.0000,2.501,,,,,,,
60,Right,6,-0.0203,-0.0085,0.0360,0.0000,0.0000,0.0000,1.0000,2.501,,,,,,,
60,Right,7,-0.0032,0.0012,0.0600,0.0194,0.0626,0.0319,0.9973,2.501,,,,,,,
60,Right,8,0.0000,0.0000,0.0379,0.0854,0.0050,-0.0262,0.9960,2.501,,,,,,,
60,Right,9,0.0000,0.0000,0.0243,0.0436,0.0253,-0.0166,0.9986,2.501,,,,,,,
60,Right,10,0.0003,0.0010,0.0224,0.0000,0.0000,0.0000,1.0000,2.501,,,,,,,
60,Right,11,-0.0041,-0.0072,0.0338,0.0000,0.0000,0.0000,1.0000,2.501,,,,,,,
60,Right,12,0.0024,0.0046,0.0619,0.0969,0.1053,-0.0140,0.9896,2.501,,,,,,,
60,Right,13,0.0000,0.0000,0.0429,0.0842,0.0034,-0.0117,0.9964,2.501,,,,,,,
60,Right,14,0.0000,0.0000,0.0275,-0.0018,0.0006,-0.0434,0.9991,2.501,,,,,,,
60,Right,15,0.0003,0.0011,0.0250,0.0000,0.0000,0.0000,1.0000,2.501,,,,,,,
60,Right,16,0.0150,-0.0060,0.0348,0.0000,0.0000,0.0000,1.0000,2.501,,,,,,,
60,Right,17,0.0025,-0.0005,0.0539,0.0687,0.1257,-0.0554,0.9881,2.501,,,,,,,
60,Right,18,0.0000,0.0000,0.0390,0.0870,0.0001,-0.0356,0.9956,2.501,,,,,,,
60,Right,19,0.0000,0.0000,0.0266,0.0326,-0.0294,-0.0062,0.9990,2.501,,,,,,,
60,Right,20,0.0003,0.0016,0.0243,0.0000,0.0000,0.0000,1.0000,2.501,,,,,,,
60,Right,21,0.0230,-0.0094,0.0341,0.0183,0.1403,-0.2070,0.9680,2.501,,,,,,,
60,Right,22,0.0000,0.0000,0.0457,-0.0399,0.0356,0.0961,0.9939,2.501,,,,,,,
60,Right,23,0.0000,0.0000,0.0307,0.1222,0.0373,-0.0492,0.9906,2.501,,,,,,,
60,Right,24,0.0000,0.0000,0.0203,-0.0096,-0.0492,0.0007,0.9987,2.501,,,,,,,
60,Right,25,-0.0002,0.0012,0.0219,0.0000,0.0000,0.0000,1.0000,2.501,,,,,,,
61,Left,0,0.0017,-0.0057,0.0655,0.0000,0.0000,0.0000,1.0000,2.542,,,,,,,
61,Left,1,0.0000,0.0000,0.0000,0.0000,0.0000,0.0000,1.0000,2.542,-0.5626,0.2524,-0.0181,-0.7253,0.4738,-0.1516,-0.4759
61,Left,2,0.0265,-0.0208,0.0367,-0.0175,0.3108,-0.6519,0.6915,2.542,,,,,,,
61,Left,3,0.0000,0.0000,0.0325,0.2825,-0.0438,0.0804,0.9549,2.542,,,,,,,
61,Left,4,0.0000,0.0000,0.0338,0.2294,0.0398,-0.0748,0.9696,2.542,,,,,,,
61,Left,5,-0.0007,0.0010,0.0246,0.0000,0.0000,0.0000,1.0000,2.542,,,,,,,
61,Left,6,0.0179,-0.0119,0.0376,0.0000,0.0000,0.0000,1.0000,2.542,,,,,,,
61,Left,7,0.0056,0.0046,0.0584,0.4302,-0.0969,-0.0047,0.8975,2.542,,,,,,,
61,Left,8,0.0000,0.0000,0.0379,0.7338,0.0141,0.0213,0.6789,2.542,,,,,,,
61,Left,9,0.0000,0.0000,0.0243,0.5401,-0.0130,0.0165,0.8413,2.542,,,,,,,
61,Left,10,-0.0003,0.0010,0.0224,0.0000,0.0000,0.0000,1.0000,2.542,,,,,,,
61,Left,11,0.0017,-0.0088,0.0354,0.0000,0.0000,0.0000,1.0000,2.542,,,,,,,
61,Left,12,0.0000,0.0063,0.0603,0.5473,-0.0965,0.0651,0.8288,2.542,,,,,,,
61,Left,13,0.0000,0.0000,0.0429,0.6974,0.0047,0.0125,0.7166,2.542,,,,,,,
61,Left,14,0.0000,0.0000,0.0275,0.5498,0.0235,0.0902,0.8301,2.542,,,,,,,
61,Left,15,-0.0003,0.0011,0.0250,0.0000,0.0000,0.0000,1.0000,2.542,,,,,,,
61,Left,16,-0.0150,-0.0060,0.0348,0.0000,0.0000,0.0000,1.0000,2.542,,,,,,,
61,Left,17,-0.0025,-0.0005,0.0539,0.6002,-0.0639,0.1034,0.7905,2.542,,,,,,,
61,Left,18,0.0000,0.0000,0.0390,0.6887,0.0209,0.0417,0.7235,2.542,,,,,,,
61,Left,19,0.0000,0.0000,0.0266,0.5575,0.0269,0.0300,0.8292,2.542,,,,,,,
61,Left,20,-0.0003,0.0016,0.0243,0.0000,0.0000,0.0000,1.0000,2.542,,,,,,,
61,Left,21,-0.0230,-0.0094,0.0341,0.0183,-0.1403,0.2070,0.9680,2.542,,,,,,,
61,Left,22,0.0000,0.0000,0.0457,0.5759,-0.0456,-0.0531,0.8145,2.542,,,,,,,
61,Left,23,0.0000,0.0000,0.0307,0.6285,-0.0084,0.0852,0.7731,2.542,,,,,,,
61,Left,24,0.0000,0.0000,0.0203,0.6142,0.0384,-0.0027,0.7882,2.542,,,,,,,
61,Left,25,0.0002,0.0012,0.0219,0.0000,0.0000,0.0000,1.0000,2.542,,,,,,,
61,Right,0,-0.0029,-0.0049,0.0647,0.0000,0.0000,0.0000,1.0000,2.542,,,,,,,
61,Right,1,0.0000,0.0000,0.0000,0.0000,0.0000,0.0000,1.0000,2.542,-0.0197,0.0538,0.0187,0.6403,-0.0702,-0.0709,0.7616
61,Right,2,-0.0312,-0.0141,0.0335,-0.1601,-0.3219,0.5192,0.7754,2.542,,,,,,,
61,Right,3,0.0000,0.0000,0.0325,0.3038,0.0416,-0.0799,0.9485,2.542,,,,,,,
61,Right,4,0.0000,0.0000,0.0338,0.0964,-0.0521,0.0797,0.9908,2.542,,,,,,,
61,Right,5,0.0007,0.0010,0.0246,0.0000,0.0000,0.0000,1.0000,2.542,,,,,,,
61,Right,6,-0.0203,-0.0085,0.0360,0.0000,0.0000,0.0000,1.0000,2.542,,,,,,,
61,Right,7,-0.0032,0.0012,0.0600,0.0194,0.0626,0.0319,0.9973,2.542,,,,,,,
61,Right,8,0.0000,0.0000,0.0379,0.0852,0.0050,-0.0262,0.9960,2.542,,,,,,,
61,Right,9,0.0000,0.0000,0.0243,0.0437,0.0253,-0.0167,0.9986,2.542,,,,,,,
61,Right,10,0.0003,0.0010,0.0224,0.0000,0.0000,0.0000,1.0000,2.542,,,,,,,
61,Right,11,-0.0041,-0.0072,0.0338,0.0000,0.0000,0.0000,1.0000,2.542,,,,,,,
61,Right,12,0.0024,0.0046,0.0618,0.0968,0.1052,-0.0140,0.9896,2.542,,,,,,,
61,Right,13,0.0000,0.0000,0.0429,0.0842,0.0034,-0.0117,0.9964,2.542,,,,,,,
61,Right,14,0.0000,0.0000,0.0275,-0.0016,0.0006,-0.0435,0.9991,2.542,,,,,,,
61,Right,15,0.0003,0.0011,0.0250,0.0000,0.0000,0.0000,1.0000,2.542,,,,,,,
61,Right,16,0.0150,-0.0060,0.0348,0.0000,0.0000,0.0000,1.0000,2.542,,,,,,,
61,Right,17,0.0025,-0.0005,0.0539,0.0688,0.1254,-0.0554,0.9882,2.542,,,,,,,
61,Right,18,0.0000,0.0000,0.0390,0.0868,0.0001,-0.0356,0.9956,2.542,,,,,,,
61,Right,19,0.0000,0.0000,0.0266,0.0326,-0.0294,-0.0062,0.9990,2.542,,,,,,,
61,Right,20,0.0003,0.0016,0.0243,0.0000,0.0000,0.0000,1.0000,2.542,,,,,,,
61,Right,21,0.0230,-0.0094,0.0341,0.0183,0.1403,-0.2070,0.9680,2.542,,,,,,,
61,Right,22,0.0000,0.0000,0.0457,-0.0397,0.0353,0.0960,0.9940,2.542,,,,,,,
61,Right,23,0.0000,0.0000,0.0307,0.1216,0.0374,-0.0492,0.9907,2.542,,,,,,,
61,Right,24,0.0000,0.0000,0.0203,-0.0094,-0.0492,0.0007,0.9987,2.542,,,,,,,
61,Right,25,-0.0002,0.0012,0.0219,0.0000,0.0000,0.0000,1.0000,2.542,,,,,,,
62,Left,0,0.0017,-0.0057,0.0655,0.0000,0.0000,0.0000,1.0000,2.584,,,,,,,
62,Left,1,0.0000,0.0000,0.0000,0.0000,0.0000,0.0000,1.0000,2.584,-0.5566,0.2578,-0.0158,-0.7328,0.4659,-0.1457,-0.4741
62,Left,2,0.0265,-0.0208,0.0367,-0.0197,0.3104,-0.6505,0.6929,2.584,,,,,,,
62,Left,3,0.0000,0.0000,0.0325,0.2836,-0.0437,0.0804,0.9546,2.584,,,,,,,
62,Left,4,0.0000,0.0000,0.0338,0.2314,0.0396,-0.0747,0.9692,2.584,,,,,,,
62,Left,5,-0.0007,0.0010,0.0246,0.0000,0.0000,0.0000,1.0000,2.584,,,,,,,
62,Left,6,0.0180,-0.0118,0.0375,0.0000,0.0000,0.0000,1.0000,2.584,,,,,,,
62,Left,7,0.0056,0.0045,0.0585,0.4190,-0.0984,-0.0050,0.9026,2.584,,,,,,,
62,Left,8,0.0000,0.0000,0.0379,0.7327,0.0140,0.0214,0.6800,2.584,,,,,,,
62,Left,9,0.0000,0.0000,0.0243,0.5400,-0.0130,0.0165,0.8414,2.584,,,,,,,
62,Left,10,-0.0003,0.0010,0.0224,0.0000,0.0000,0.0000,1.0000,2.584,,,,,,,
62,Left,11,0.0018,-0.0088,0.0354,0.0000,0.0000,0.0000,1.0000,2.584,,,,,,,
62,Left,12,0.0000,0.0063,0.0603,0.5460,-0.0970,0.0652,0.8296,2.584,,,,,,,
62,Left,13,0.0000,0.0000,0.0429,0.6979,0.0047,0.0125,0.7161,2.584,,,,,,,
62,Left,14,0.0000,0.0000,0.0275,0.5508,0.0236,0.0903,0.8294,2.584,,,,,,,
62,Left,15,-0.0003,0.0011,0.0250,0.0000,0.0000,0.0000,1.0000,2.584,,,,,,,
62,Left,16,-0.0150,-0.0060,0.0348,0.0000,0.0000,0.0000,1.0000,2.584,,,,,,,
62,Left,17,-0.0025,-0.0005,0.0539,0.5965,-0.0643,0.1031,0.7934,2.584,,,,,,,
62,Left,18,0.0000,0.0000,0.0390,0.6880,0.0209,0.0417,0.7242,2.584,,,,,,,
62,Left,19,0.0000,0.0000,0.0266,0.5586,0.0269,0.0301,0.8285,2.584,,,,,,,
62,Left,20,-0.0003,0.0016,0.0243,0.0000,0.0000,0.0000,1.0000,2.584,,,,,,,
62,Left,21,-0.0230,-0.0094,0.0341,0.0183,-0.1403,0.2070,0.9680,2.584,,,,,,,
62,Left,22,0.0000,0.0000,0.0457,0.5745,-0.0462,-0.0528,0.8155,2.584,,,,,,,
62,Left,23,0.0000,0.0000,0.0307,0.6242,-0.0087,0.0850,0.7765,2.584,,,,,,,
62,Left,24,0.0000,0.0000,0.0203,0.6148,0.0383,-0.0027,0.7878,2.584,,,,,,,
62,Left,25,0.0002,0.0012,0.0219,0.0000,0.0000,0.0000,1.0000,2.584,,,,,,,
62,Right,0,-0.0029,-0.0049,0.0647,0.0000,0.0000,0.0000,1.0000,2.584,,,,,,,
62,Right,1,0.0000,0.0000,0.0000,0.0000,0.0000,0.0000,1.0000,2.584,-0.0198,0.0555,0.0186,0.6404,-0.0695,-0.0711,0.7615
62,Right,2,-0.0312,-0.0141,0.0335,-0.1600,-0.3216,0.5195,0.7753,2.584,,,,,,,
62,Right,3,0.0000,0.0000,0.0325,0.3041,0.0415,-0.0799,0.9484,2.584,,,,,,,
62,Right,4,0.0000,0.0000,0.0338,0.0955,-0.0522,0.0797,0.9909,2.584,,,,,,,
62,Right,5,0.0007,0.0010,0.0246,0.0000,0.0000,0.0000,1.0000,2.584,,,,,,,
62,Right,6,-0.0203,-0.0085,0.0360,0.0000,0.0000,0.0000,1.0000,2.584,,,,,,,
62,Right,7,-0.0032,0.0012,0.0600,0.0198,0.0630,0.0319,0.9973,2.584,,,,,,,
62,Right,8,0.0000,0.0000,0.0379,0.0852,0.0050,-0.0262,0.9960,2.584,,,,,,,
62,Right,9,0.0000,0.0000,0.0243,0.0438,0.0253,-0.0167,0.9986,2.584,,,,,,,
62,Right,10,0.0003,0.0010,0.0224,0.0000,0.0000,0.0000,1.0000,2.584,,,,,,,
62,Right,11,-0.0041,-0.0072,0.0338,0.0000,0.0000,0.0000,1.0000,2.584,,,,,,,
62,Right,12,0.0024,0.0046,0.0618,0.0968,0.1048,-0.0140,0.9897,2.584,,,,,,,
62,Right,13,0.0000,0.0000,0.0429,0.0841,0.0034,-0.0117,0.9964,2.584,,,,,,,
62,Right,14,0.0000,0.0000,0.0275,-0.0016,0.0006,-0.0435,0.9991,2.584,,,,,,,
62,Right,15,0.0003,0.0011,0.0250,0.0000,0.0000,0.0000,1.0000,2.584,,,,,,,
62,Right,16,0.0150,-0.0060,0.0348,0.0000,0.0000,0.0000,1.0000,2.584,,,,,,,
62,Right,17,0.0025,-0.0005,0.0539,0.0686,0.1249,-0.0553,0.9882,2.584,,,,,,,
62,Right,18,0.0000,0.0000,0.0390,0.0868,0.0001,-0.0356,0.9956,2.584,,,,,,,
62,Right,19,0.0000,0.0000,0.0266,0.0328,-0.0294,-0.0062,0.9990,2.584,,,,,,,
62,Right,20,0.0003,0.0016,0.0243,0.0000,0.0000,0.0000,1.0000,2.584,,,,,,,
62,Right,21,0.0230,-0.0094,0.0341,0.0183,0.1403,-0.2070,0.9680,2.584,,,,,,,
62,Right,22,0.0000,0.0000,0.0457,-0.0399,0.0350,0.0960,0.9940,2.584,,,,,,,
62,Right,23,0.0000,0.0000,0.0307,0.1209,0.0374,-0.0491,0.9907,2.584,,,,,,,
62,Right,24,0.0000,0.0000,0.0203,-0.0094,-0.0492,0.0007,0.9987,2.584,,,,,,,
62,Right,25,-0.0002,0.0012,0.0219,0.0000,0.0000,0.0000,1.0000,2.584,,,,,,,
63,Left,0,0.0017,-0.0057,0.0655,0.0000,0.0000,0.0000,1.0000,2.626,,,,,,,
63,Left,1,0.0000,0.0000,0.0000,0.0000,0.0000,0.0000,1.0000,2.626,-0.5534,0.2653,-0.0256,-0.7348,0.4663,-0.1405,-0.4721
63,Left,2,0.0265,-0.0208,0.0367,-0.0208,0.3096,-0.6502,0.6935,2.626,,,,,,,
63,Left,3,0.0000,0.0000,0.0325,0.2840,-0.0436,0.0804,0.9544,2.626,,,,,,,
63,Left,4,0.0000,0.0000,0.0338,0.2237,0.0404,-0.0751,0.9709,2.626,,,,,,,
63,Left,5,-0.0007,0.0010,0.0246,0.0000,0.0000,0.0000,1.0000,2.626,,,,,,,
63,Left,6,0.0180,-0.0118,0.0375,0.0000,0.0000,0.0000,1.0000,2.626,,,,,,,
63,Left,7,0.0056,0.0045,0.0585,0.4120,-0.0996,-0.0051,0.9057,2.626,,,,,,,
63,Left,8,0.0000,0.0000,0.0379,0.7304,0.0140,0.0214,0.6826,2.626,,,,,,,
63,Left,9,0.0000,0.0000,0.0243,0.5380,-0.0131,0.0165,0.8427,2.626,,,,,,,
63,Left,10,-0.0003,0.0010,0.0224,0.0000,0.0000,0.0000,1.0000,2.626,,,,,,,
63,Left,11,0.0018,-0.0088,0.0354,0.0000,0.0000,0.0000,1.0000,2.626,,,,,,,
63,Left,12,0.0000,0.0063,0.0603,0.5417,-0.0974,0.0647,0.8324,2.626,,,,,,,
63,Left,13,0.0000,0.0000,0.0429,0.6976,0.0047,0.0125,0.7163,2.626,,,,,,,
63,Left,14,0.0000,0.0000,0.0275,0.5505,0.0236,0.0903,0.8296,2.626,,,,,,,
63,Left,15,-0.0003,0.0011,0.0250,0.0000,0.0000,0.0000,1.0000,2.626,,,,,,,
63,Left,16,-0.0150,-0.0060,0.0348,0.0000,0.0000,0.0000,1.0000,2.626,,,,,,,
63,Left,17,-0.0025,-0.0005,0.0539,0.5937,-0.0649,0.1030,0.7954,2.626,,,,,,,
63,Left,18,0.0000,0.0000,0.0390,0.6871,0.0209,0.0417,0.7250,2.626,,,,,,,
63,Left,19,0.0000,0.0000,0.0266,0.5590,0.0269,0.0301,0.8282,2.626,,,,,,,
63,Left,20,-0.0003,0.0016,0.0243,0.0000,0.0000,0.0000,1.0000,2.626,,,,,,,
63,Left,21,-0.0230,-0.0094,0.0341,0.0183,-0.1403,0.2070,0.9680,2.626,,,,,,,
63,Left,22,0.0000,0.0000,0.0457,0.5726,-0.0464,-0.0527,0.8168,2.626,,,,,,,
63,Left,23,0.0000,0.0000,0.0307,0.6180,-0.0092,0.0846,0.7816,2.626,,,,,,,
63,Left,24,0.0000,0.0000,0.0203,0.6151,0.0383,-0.0027,0.7875,2.626,,,,,,,
63,Left,25,0.0002,0.0012,0.0219,0.0000,0.0000,0.0000,1.0000,2.626,,,,,,,
63,Right,0,-0.0029,-0.0049,0.0647,0.0000,0.0000,0.0000,1.0000,2.626,,,,,,,
63,Right,1,0.0000,0.0000,0.0000,0.0000,0.0000,0.0000,1.0000,2.626,-0.0196,0.0570,0.0186,0.6406,-0.0690,-0.0717,0.7614
63,Right,2,-0.0312,-0.0142,0.0335,-0.1598,-0.3216,0.5196,0.7753,2.626,,,,,,,
63,Right,3,0.0000,0.0000,0.0325,0.3043,0.0415,-0.0799,0.9483,2.626,,,,,,,
63,Right,4,0.0000,0.0000,0.0338,0.0948,-0.0522,0.0798,0.9909,2.626,,,,,,,
63,Right,5,0.0007,0.0010,0.0246,0.0000,0.0000,0.0000,1.0000,2.626,,,,,,,
63,Right,6,-0.0203,-0.0085,0.0360,0.0000,0.0000,0.0000,1.0000,2.626,,,,,,,
63,Right,7,-0.0032,0.0012,0.0600,0.0199,0.0635,0.0319,0.9973,2.626,,,,,,,
63,Right,8,0.0000,0.0000,0.0379,0.0853,0.0050,-0.0262,0.9960,2.626,,,,,,,
63,Right,9,0.0000,0.0000,0.0243,0.0439,0.0253,-0.0167,0.9986,2.626,,,,,,,
63,Right,10,0.0003,0.0010,0.0224,0.0000,0.0000,0.0000,1.0000,2.626,,,,,,,
63,Right,11,-0.0041,-0.0072,0.0338,0.0000,0.0000,0.0000,1.0000,2.626,,,,,,,
63,Right,12,0.0024,0.0046,0.0618,0.0968,0.1048,-0.0140,0.9897,2.626,,,,,,,
63,Right,13,0.0000,0.0000,0.0429,0.0843,0.0034,-0.0117,0.9964,2.626,,,,,,,
63,Right,14,0.0000,0.0000,0.0275,-0.0016,0.0006,-0.0435,0.9991,2.626,,,,,,,
63,Right,15,0.0003,0.0011,0.0250,0.0000,0.0000,0.0000,1.0000,2.626,,,,,,,
63,Right,16,0.0150,-0.0060,0.0348,0.0000,0.0000,0.0000,1.0000,2.626,,,,,,,
63,Right,17,0.0025,-0.0005,0.0539,0.0685,0.1248,-0.0553,0.9883,2.626,,,,,,,
63,Right,18,0.0000,0.0000,0.0390,0.0870,0.0001,-0.0356,0.9956,2.626,,,,,,,
63,Right,19,0.0000,0.0000,0.0266,0.0330,-0.0294,-0.0062,0.9990,2.626,,,,,,,
63,Right,20,0.0003,0.0016,0.0243,0.0000,0.0000,0.0000,1.0000,2.626,,,,,,,
63,Right,21,0.0230,-0.0094,0.0341,0.0183,0.1403,-0.2070,0.9680,2.626,,,,,,,
63,Right,22,0.0000,0.0000,0.0457,-0.0401,0.0350,0.0961,0.9940,2.626,,,,,,,
63,Right,23,0.0000,0.0000,0.0307,0.1203,0.0374,-0.0491,0.9908,2.626,,,,,,,
63,Right,24,0.0000,0.0000,0.0203,-0.0095,-0.0492,0.0007,0.9987,2.626,,,,,,,
63,Right,25,-0.0002,0.0012,0.0219,0.0000,0.0000,0.0000,1.0000,2.626,,,,,,,
64,Left,0,0.0017,-0.0057,0.0655,0.0000,0.0000,0.0000,1.0000,2.667,,,,,,,
64,Left,1,0.0000,0.0000,0.0000,0.0000,0.0000,0.0000,1.0000,2.667,-0.5527,0.2714,-0.0357,-0.7347,0.4665,-0.1391,-0.4724
64,Left,2,0.0265,-0.0208,0.0367,-0.0211,0.3089,-0.6503,0.6937,2.667,,,,,,,
64,Left,3,0.0000,0.0000,0.0325,0.2837,-0.0437,0.0804,0.9545,2.667,,,,,,,
64,Left,4,0.0000,0.0000,0.0338,0.2110,0.0416,-0.0756,0.9737,2.667,,,,,,,
64,Left,5,-0.0007,0.0010,0.0246,0.0000,0.0000,0.0000,1.0000,2.667,,,,,,,
64,Left,6,0.0180,-0.0118,0.0375,0.0000,0.0000,0.0000,1.0000,2.667,,,,,,,
64,Left,7,0.0056,0.0045,0.0585,0.4103,-0.1002,-0.0050,0.9064,2.667,,,,,,,
64,Left,8,0.0000,0.0000,0.0379,0.7295,0.0139,0.0214,0.6835,2.667,,,,,,,
64,Left,9,0.0000,0.0000,0.0243,0.5344,-0.0132,0.0165,0.8450,2.667,,,,,,,
64,Left,10,-0.0003,0.0010,0.0224,0.0000,0.0000,0.0000,1.0000,2.667,,,,,,,
64,Left,11,0.0018,-0.0088,0.0354,0.0000,0.0000,0.0000,1.0000,2.667,,,,,,,
64,Left,12,0.0000,0.0063,0.0603,0.5364,-0.0975,0.0639,0.8359,2.667,,,,,,,
64,Left,13,0.0000,0.0000,0.0429,0.6972,0.0047,0.0125,0.7168,2.667,,,,,,,
64,Left,14,0.0000,0.0000,0.0275,0.5495,0.0235,0.0902,0.8303,2.667,,,,,,,
64,Left,15,-0.0003,0.0011,0.0250,0.0000,0.0000,0.0000,1.0000,2.667,,,,,,,
64,Left,16,-0.0150,-0.0060,0.0348,0.0000,0.0000,0.0000,1.0000,2.667,,,,,,,
64,Left,17,-0.0025,-0.0005,0.0539,0.5915,-0.0652,0.1029,0.7971,2.667,,,,,,,
64,Left,18,0.0000,0.0000,0.0390,0.6865,0.0208,0.0417,0.7256,2.667,,,,,,,
64,Left,19,0.0000,0.0000,0.0266,0.5586,0.0269,0.0301,0.8285,2.667,,,,,,,
64,Left,20,-0.0003,0.0016,0.0243,0.0000,0.0000,0.0000,1.0000,2.667,,,,,,,
64,Left,21,-0.0230,-0.0094,0.0341,0.0183,-0.1403,0.2070,0.9680,2.667,,,,,,,
64,Left,22,0.0000,0.0000,0.0457,0.5681,-0.0459,-0.0532,0.8200,2.667,,,,,,,
64,Left,23,0.0000,0.0000,0.0307,0.6169,-0.0093,0.0846,0.7824,2.667,,,,,,,
64,Left,24,0.0000,0.0000,0.0203,0.6148,0.0383,-0.0027,0.7877,2.667,,,,,,,
64,Left,25,0.0002,0.0012,0.0219,0.0000,0.0000,0.0000,1.0000,2.667,,,,,,,
64,Right,0,-0.0029,-0.0049,0.0647,0.0000,0.0000,0.0000,1.0000,2.667,,,,,,,
64,Right,1,0.0000,0.0000,0.0000,0.0000,0.0000,0.0000,1.0000,2.667,-0.0192,0.0575,0.0180,0.6405,-0.0680,-0.0724,0.7615
64,Right,2,-0.0312,-0.0141,0.0335,-0.1599,-0.3216,0.5195,0.7753,2.667,,,,,,,
64,Right,3,0.0000,0.0000,0.0325,0.3041,0.0415,-0.0799,0.9484,2.667,,,,,,,
64,Right,4,0.0000,0.0000,0.0338,0.0939,-0.0523,0.0798,0.9910,2.667,,,,,,,
64,Right,5,0.0007,0.0010,0.0246,0.0000,0.0000,0.0000,1.0000,2.667,,,,,,,
64,Right,6,-0.0203,-0.0085,0.0360,0.0000,0.0000,0.0000,1.0000,2.667,,,,,,,
64,Right,7,-0.0032,0.0012,0.0600,0.0200,0.0640,0.0319,0.9972,2.667,,,,,,,
64,Right,8,0.0000,0.0000,0.0379,0.0856,0.0050,-0.0262,0.9960,2.667,,,,,,,
64,Right,9,0.0000,0.0000,0.0243,0.0440,0.0253,-0.0167,0.9986,2.667,,,,,,,
64,Right,10,0.0003,0.0010,0.0224,0.0000,0.0000,0.0000,1.0000,2.667,,,,,,,
64,Right,11,-0.0041,-0.0072,0.0338,0.0000,0.0000,0.0000,1.0000,2.667,,,,,,,
64,Right,12,0.0024,0.0046,0.0618,0.0967,0.1053,-0.0140,0.9896,2.667,,,,,,,
64,Right,13,0.0000,0.0000,0.0429,0.0847,0.0034,-0.0117,0.9963,2.667,,,,,,,
64,Right,14,0.0000,0.0000,0.0275,-0.0015,0.0006,-0.0435,0.9991,2.667,,,,,,,
64,Right,15,0.0003,0.0011,0.0250,0.0000,0.0000,0.0000,1.0000,2.667,,,,,,,
64,Right,16,0.0150,-0.0060,0.0348,0.0000,0.0000,0.0000,1.0000,2.667,,,,,,,
64,Right,17,0.0025,-0.0005,0.0539,0.0688,0.1250,-0.0554,0.9882,2.667,,,,,,,
64,Right,18,0.0000,0.0000,0.0390,0.0871,0.0001,-0.0356,0.9956,2.667,,,,,,,
64,Right,19,0.0000,0.0000,0.0266,0.0330,-0.0294,-0.0062,0.9990,2.667,,,,,,,
64,Right,20,0.0003,0.0016,0.0243,0.0000,0.0000,0.0000,1.0000,2.667,,,,,,,
64,Right,21,0.0230,-0.0094,0.0341,0.0183,0.1403,-0.2070,0.9680,2.667,,,,,,,
64,Right,22,0.0000,0.0000,0.0457,-0.0402,0.0351,0.0961,0.9939,2.667,,,,,,,
64,Right,23,0.0000,0.0000,0.0307,0.1197,0.0375,-0.0490,0.9909,2.667,,,,,,,
64,Right,24,0.0000,0.0000,0.0203,-0.0096,-0.0492,0.0007,0.9987,2.667,,,,,,,
64,Right,25,-0.0002,0.0012,0.0219,0.0000,0.0000,0.0000,1.0000,2.667,,,,,,,
65,Left,0,0.0017,-0.0057,0.0655,0.0000,0.0000,0.0000,1.0000,2.709,,,,,,,
65,Left,1,0.0000,0.0000,0.0000,0.0000,0.0000,0.0000,1.0000,2.709,-0.5522,0.2728,-0.0373,-0.7351,0.4660,-0.1389,-0.4723
65,Left,2,0.0265,-0.0208,0.0367,-0.0206,0.3094,-0.6504,0.6934,2.709,,,,,,,
65,Left,3,0.0000,0.0000,0.0325,0.2821,-0.0438,0.0804,0.9550,2.709,,,,,,,
65,Left,4,0.0000,0.0000,0.0338,0.2038,0.0423,-0.0759,0.9751,2.709,,,,,,,
65,Left,5,-0.0007,0.0010,0.0246,0.0000,0.0000,0.0000,1.0000,2.709,,,,,,,
65,Left,6,0.0180,-0.0118,0.0375,0.0000,0.0000,0.0000,1.0000,2.709,,,,,,,
65,Left,7,0.0056,0.0045,0.0585,0.4100,-0.1001,-0.0051,0.9065,2.709,,,,,,,
65,Left,8,0.0000,0.0000,0.0379,0.7297,0.0139,0.0214,0.6833,2.709,,,,,,,
65,Left,9,0.0000,0.0000,0.0243,0.5329,-0.0133,0.0165,0.8459,2.709,,,,,,,
65,Left,10,-0.0003,0.0010,0.0224,0.0000,0.0000,0.0000,1.0000,2.709,,,,,,,
65,Left,11,0.0018,-0.0088,0.0354,0.0000,0.0000,0.0000,1.0000,2.709,,,,,,,
65,Left,12,0.0000,0.0063,0.0603,0.5346,-0.0970,0.0634,0.8371,2.709,,,,,,,
65,Left,13,0.0000,0.0000,0.0429,0.6969,0.0047,0.0125,0.7171,2.709,,,,,,,
65,Left,14,0.0000,0.0000,0.0275,0.5464,0.0234,0.0900,0.8323,2.709,,,,,,,
65,Left,15,-0.0003,0.0011,0.0250,0.0000,0.0000,0.0000,1.0000,2.709,,,,,,,
65,Left,16,-0.0150,-0.0060,0.0348,0.0000,0.0000,0.0000,1.0000,2.709,,,,,,,
65,Left,17,-0.0025,-0.0005,0.0539,0.5885,-0.0656,0.1026,0.7993,2.709,,,,,,,
65,Left,18,0.0000,0.0000,0.0390,0.6861,0.0208,0.0417,0.7260,2.709,,,,,,,
65,Left,19,0.0000,0.0000,0.0266,0.5577,0.0269,0.0300,0.8290,2.709,,,,,,,
65,Left,20,-0.0003,0.0016,0.0243,0.0000,0.0000,0.0000,1.0000,2.709,,,,,,,
65,Left,21,-0.0230,-0.0094,0.0341,0.0183,-0.1403,0.2070,0.9680,2.709,,,,,,,
65,Left,22,0.0000,0.0000,0.0457,0.5630,-0.0456,-0.0536,0.8235,2.709,,,,,,,
65,Left,23,0.0000,0.0000,0.0307,0.6162,-0.0093,0.0845,0.7830,2.709,,,,,,,
65,Left,24,0.0000,0.0000,0.0203,0.6138,0.0384,-0.0027,0.7885,2.709,,,,,,,
65,Left,25,0.0002,0.0012,0.0219,0.0000,0.0000,0.0000,1.0000,2.709,,,,,,,
65,Right,0,-0.0029,-0.0049,0.0647,0.0000,0.0000,0.0000,1.0000,2.709,,,,,,,
65,Right,1,0.0000,0.0000,0.0000,0.0000,0.0000,0.0000,1.0000,2.709,-0.0178,0.0582,0.0173,0.6403,-0.0684,-0.0729,0.7616
65,Right,2,-0.0312,-0.0141,0.0335,-0.1599,-0.3216,0.5195,0.7753,2.709,,,,,,,
65,Right,3,0.0000,0.0000,0.0325,0.3045,0.0415,-0.0799,0.9483,2.709,,,,,,,
65,Right,4,0.0000,0.0000,0.0338,0.0937,-0.0523,0.0798,0.9910,2.709,,,,,,,
65,Right,5,0.0007,0.0010,0.0246,0.0000,0.0000,0.0000,1.0000,2.709,,,,,,,
65,Right,6,-0.0203,-0.0085,0.0360,0.0000,0.0000,0.0000,1.0000,2.709,,,,,,,
65,Right,7,-0.0032,0.0012,0.0600,0.0203,0.0644,0.0319,0.9972,2.709,,,,,,,
65,Right,8,0.0000,0.0000,0.0379,0.0858,0.0050,-0.0262,0.9960,2.709,,,,,,,
65,Right,9,0.0000,0.0000,0.0243,0.0441,0.0253,-0.0167,0.9986,2.709,,,,,,,
65,Right,10,0.0003,0.0010,0.0224,0.0000,0.0000,0.0000,1.0000,2.709,,,,,,,
65,Right,11,-0.0041,-0.0072,0.0338,0.0000,0.0000,0.0000,1.0000,2.709,,,,,,,
65,Right,12,0.0024,0.0046,0.0618,0.0970,0.1055,-0.0140,0.9896,2.709,,,,,,,
65,Right,13,0.0000,0.0000,0.0429,0.0850,0.0034,-0.0117,0.9963,2.709,,,,,,,
65,Right,14,0.0000,0.0000,0.0275,-0.0013,0.0006,-0.0435,0.9991,2.709,,,,,,,
65,Right,15,0.0003,0.0011,0.0250,0.0000,0.0000,0.0000,1.0000,2.709,,,,,,,
65,Right,16,0.0150,-0.0060,0.0348,0.0000,0.0000,0.0000,1.0000,2.709,,,,,,,
65,Right,17,0.0025,-0.0005,0.0539,0.0691,0.1248,-0.0554,0.9882,2.709,,,,,,,
65,Right,18,0.0000,0.0000,0.0390,0.0870,0.0001,-0.0356,0.9956,2.709,,,,,,,
65,Right,19,0.0000,0.0000,0.0266,0.0331,-0.0294,-0.0062,0.9990,2.709,,,,,,,
65,Right,20,0.0003,0.0016,0.0243,0.0000,0.0000,0.0000,1.0000,2.709,,,,,,,
65,Right,21,0.0230,-0.0094,0.0341,0.0183,0.1403,-0.2070,0.9680,2.709,,,,,,,
65,Right,22,0.0000,0.0000,0.0457,-0.0401,0.0353,0.0961,0.9939,2.709,,,,,,,
65,Right,23,0.0000,0.0000,0.0307,0.1193,0.0375,-0.0490,0.9909,2.709,,,,,,,
65,Right,24,0.0000,0.0000,0.0203,-0.0095,-0.0492,0.0007,0.9987,2.709,,,,,,,
65,Right,25,-0.0002,0.0012,0.0219,0.0000,0.0000,0.0000,1.0000,2.709,,,,,,,
66,Left,0,0.0018,-0.0057,0.0655,0.0000,0.0000,0.0000,1.0000,2.751,,,,,,,
66,Left,1,0.0000,0.0000,0.0000,0.0000,0.0000,0.0000,1.0000,2.751,-0.5489,0.2776,-0.0377,-0.7353,0.4656,-0.1389,-0.4724
66,Left,2,0.0265,-0.0207,0.0367,-0.0199,0.3111,-0.6500,0.6930,2.751,,,,,,,
66,Left,3,0.0000,0.0000,0.0325,0.2812,-0.0439,0.0805,0.9553,2.751,,,,,,,
66,Left,4,0.0000,0.0000,0.0338,0.2011,0.0425,-0.0760,0.9757,2.751,,,,,,,
66,Left,5,-0.0007,0.0010,0.0246,0.0000,0.0000,0.0000,1.0000,2.751,,,,,,,
66,Left,6,0.0180,-0.0118,0.0375,0.0000,0.0000,0.0000,1.0000,2.751,,,,,,,
66,Left,7,0.0056,0.0045,0.0585,0.4138,-0.1001,-0.0047,0.9048,2.751,,,,,,,
66,Left,8,0.0000,0.0000,0.0379,0.7305,0.0140,0.0214,0.6824,2.751,,,,,,,
66,Left,9,0.0000,0.0000,0.0243,0.5319,-0.0133,0.0165,0.8466,2.751,,,,,,,
66,Left,10,-0.0003,0.0010,0.0224,0.0000,0.0000,0.0000,1.0000,2.751,,,,,,,
66,Left,11,0.0018,-0.0088,0.0354,0.0000,0.0000,0.0000,1.0000,2.751,,,,,,,
66,Left,12,0.0000,0.0063,0.0603,0.5343,-0.0965,0.0630,0.8374,2.751,,,,,,,
66,Left,13,0.0000,0.0000,0.0429,0.6970,0.0047,0.0125,0.7170,2.751,,,,,,,
66,Left,14,0.0000,0.0000,0.0275,0.5438,0.0233,0.0898,0.8340,2.751,,,,,,,
66,Left,15,-0.0003,0.0011,0.0250,0.0000,0.0000,0.0000,1.0000,2.751,,,,,,,
66,Left,16,-0.0150,-0.0060,0.0348,0.0000,0.0000,0.0000,1.0000,2.751,,,,,,,
66,Left,17,-0.0025,-0.0005,0.0539,0.5870,-0.0658,0.1025,0.8003,2.751,,,,,,,
66,Left,18,0.0000,0.0000,0.0390,0.6855,0.0208,0.0417,0.7265,2.751,,,,,,,
66,Left,19,0.0000,0.0000,0.0266,0.5569,0.0269,0.0300,0.8296,2.751,,,,,,,
66,Left,20,-0.0003,0.0016,0.0243,0.0000,0.0000,0.0000,1.0000,2.751,,,,,,,
66,Left,21,-0.0230,-0.0094,0.0341,0.0183,-0.1403,0.2070,0.9680,2.751,,,,,,,
66,Left,22,0.0000,0.0000,0.0457,0.5605,-0.0460,-0.0535,0.8251,2.751,,,,,,,
66,Left,23,0.0000,0.0000,0.0307,0.6162,-0.0093,0.0845,0.7830,2.751,,,,,,,
66,Left,24,0.0000,0.0000,0.0203,0.6128,0.0384,-0.0027,0.7893,2.751,,,,,,,
66,Left,25,0.0002,0.0012,0.0219,0.0000,0.0000,0.0000,1.0000,2.751,,,,,,,
66,Right,0,-0.0029,-0.0049,0.0647,0.0000,0.0000,0.0000,1.0000,2.751,,,,,,,
66,Right,1,0.0000,0.0000,0.0000,0.0000,0.0000,0.0000,1.0000,2.751,-0.0172,0.0589,0.0173,0.6403,-0.0686,-0.0728,0.7616
66,Right,2,-0.0312,-0.0141,0.0335,-0.1600,-0.3219,0.5193,0.7753,2.751,,,,,,,
66,Right,3,0.0000,0.0000,0.0325,0.3050,0.0414,-0.0799,0.9481,2.751,,,,,,,
66,Right,4,0.0000,0.0000,0.0338,0.0937,-0.0523,0.0798,0.9910,2.751,,,,,,,
66,Right,5,0.0007,0.0010,0.0246,0.0000,0.0000,0.0000,1.0000,2.751,,,,,,,
66,Right,6,-0.0203,-0.0085,0.0360,0.0000,0.0000,0.0000,1.0000,2.751,,,,,,,
66,Right,7,-0.0032,0.0012,0.0600,0.0210,0.0648,0.0319,0.9972,2.751,,,,,,,
66,Right,8,0.0000,0.0000,0.0379,0.0857,0.0050,-0.0262,0.9960,2.751,,,,,,,
66,Right,9,0.0000,0.0000,0.0243,0.0441,0.0253,-0.0167,0.9986,2.751,,,,,,,
66,Right,10,0.0003,0.0010,0.0224,0.0000,0.0000,0.0000,1.0000,2.751,,,,,,,
66,Right,11,-0.0041,-0.0072,0.0338,0.0000,0.0000,0.0000,1.0000,2.751,,,,,,,
66,Right,12,0.0024,0.0046,0.0618,0.0977,0.1055,-0.0141,0.9895,2.751,,,,,,,
66,Right,13,0.0000,0.0000,0.0429,0.0847,0.0034,-0.0117,0.9963,2.751,,,,,,,
66,Right,14,0.0000,0.0000,0.0275,-0.0012,0.0006,-0.0435,0.9991,2.751,,,,,,,
66,Right,15,0.0003,0.0011,0.0250,0.0000,0.0000,0.0000,1.0000,2.751,,,,,,,
66,Right,16,0.0150,-0.0060,0.0348,0.0000,0.0000,0.0000,1.0000,2.751,,,,,,,
66,Right,17,0.0025,-0.0005,0.0539,0.0695,0.1246,-0.0554,0.9882,2.751,,,,,,,
66,Right,18,0.0000,0.0000,0.0390,0.0867,0.0001,-0.0356,0.9956,2.751,,,,,,,
66,Right,19,0.0000,0.0000,0.0266,0.0330,-0.0294,-0.0062,0.9990,2.751,,,,,,,
66,Right,20,0.0003,0.0016,0.0243,0.0000,0.0000,0.0000,1.0000,2.751,,,,,,,
66,Right,21,0.0230,-0.0094,0.0341,0.0183,0.1403,-0.2070,0.9680,2.751,,,,,,,
66,Right,22,0.0000,0.0000,0.0457,-0.0395,0.0349,0.0960,0.9940,2.751,,,,,,,
66,Right,23,0.0000,0.0000,0.0307,0.1188,0.0375,-0.0489,0.9910,2.751,,,,,,,
66,Right,24,0.0000,0.0000,0.0203,-0.0094,-0.0492,0.0007,0.9987,2.751,,,,,,,
66,Right,25,-0.0002,0.0012,0.0219,0.0000,0.0000,0.0000,1.0000,2.751,,,,,,,
67,Left,0,0.0018,-0.0057,0.0655,0.0000,0.0000,0.0000,1.0000,2.792,,,,,,,
67,Left,1,0.0000,0.0000,0.0000,0.0000,0.0000,0.0000,1.0000,2.792,-0.5441,0.2818,-0.0354,-0.7351,0.4649,-0.1394,-0.4734
67,Left,2,0.0266,-0.0207,0.0367,-0.0198,0.3123,-0.6495,0.6930,2.792,,,,,,,
67,Left,3,0.0000,0.0000,0.0325,0.2820,-0.0439,0.0804,0.9550,2.792,,,,,,,
67,Left,4,0.0000,0.0000,0.0338,0.2020,0.0424,-0.0760,0.9755,2.792,,,,,,,
67,Left,5,-0.0007,0.0010,0.0246,0.0000,0.0000,0.0000,1.0000,2.792,,,,,,,
67,Left,6,0.0180,-0.0118,0.0375,0.0000,0.0000,0.0000,1.0000,2.792,,,,,,,
67,Left,7,0.0055,0.0045,0.0585,0.4204,-0.1000,-0.0042,0.9018,2.792,,,,,,,
67,Left,8,0.0000,0.0000,0.0379,0.7311,0.0140,0.0214,0.6818,2.792,,,,,,,
67,Left,9,0.0000,0.0000,0.0243,0.5308,-0.0133,0.0165,0.8472,2.792,,,,,,,
67,Left,10,-0.0003,0.0010,0.0224,0.0000,0.0000,0.0000,1.0000,2.792,,,,,,,
67,Left,11,0.0018,-0.0088,0.0354,0.0000,0.0000,0.0000,1.0000,2.792,,,,,,,
67,Left,12,-0.0001,0.0063,0.0603,0.5345,-0.0963,0.0629,0.8373,2.792,,,,,,,
67,Left,13,0.0000,0.0000,0.0429,0.6972,0.0047,0.0125,0.7167,2.792,,,,,,,
67,Left,14,0.0000,0.0000,0.0275,0.5429,0.0232,0.0898,0.8346,2.792,,,,,,,
67,Left,15,-0.0003,0.0011,0.0250,0.0000,0.0000,0.0000,1.0000,2.792,,,,,,,
67,Left,16,-0.0150,-0.0060,0.0348,0.0000,0.0000,0.0000,1.0000,2.792,,,,,,,
67,Left,17,-0.0025,-0.0005,0.0539,0.5866,-0.0660,0.1026,0.8006,2.792,,,,,,,
67,Left,18,0.0000,0.0000,0.0390,0.6851,0.0208,0.0417,0.7270,2.792,,,,,,,
67,Left,19,0.0000,0.0000,0.0266,0.5560,0.0269,0.0299,0.8302,2.792,,,,,,,
67,Left,20,-0.0003,0.0016,0.0243,0.0000,0.0000,0.0000,1.0000,2.792,,,,,,,
67,Left,21,-0.0230,-0.0094,0.0341,0.0183,-0.1403,0.2070,0.9680,2.792,,,,,,,
67,Left,22,0.0000,0.0000,0.0457,0.5594,-0.0462,-0.0534,0.8259,2.792,,,,,,,
67,Left,23,0.0000,0.0000,0.0307,0.6158,-0.0094,0.0845,0.7833,2.792,,,,,,,
67,Left,24,0.0000,0.0000,0.0203,0.6114,0.0385,-0.0027,0.7904,2.792,,,,,,,
67,Left,25,0.0002,0.0012,0.0219,0.0000,0.0000,0.0000,1.0000,2.792,,,,,,,
67,Right,0,-0.0029,-0.0048,0.0647,0.0000,0.0000,0.0000,1.0000,2.792,,,,,,,
67,Right,1,0.0000,0.0000,0.0000,0.0000,0.0000,0.0000,1.0000,2.792,-0.0134,0.0597,0.0127,0.6355,-0.0733,-0.0740,0.7650
67,Right,2,-0.0312,-0.0141,0.0335,-0.1602,-0.3220,0.5191,0.7754,2.792,,,,,,,
67,Right,3,0.0000,0.0000,0.0325,0.3047,0.0415,-0.0799,0.9482,2.792,,,,,,,
67,Right,4,0.0000,0.0000,0.0338,0.0935,-0.0524,0.0798,0.9910,2.792,,,,,,,
67,Right,5,0.0007,0.0010,0.0246,0.0000,0.0000,0.0000,1.0000,2.792,,,,,,,
67,Right,6,-0.0203,-0.0085,0.0360,0.0000,0.0000,0.0000,1.0000,2.792,,,,,,,
67,Right,7,-0.0032,0.0012,0.0600,0.0217,0.0644,0.0318,0.9972,2.792,,,,,,,
67,Right,8,0.0000,0.0000,0.0379,0.0855,0.0050,-0.0262,0.9960,2.792,,,,,,,
67,Right,9,0.0000,0.0000,0.0243,0.0440,0.0253,-0.0167,0.9986,2.792,,,,,,,
67,Right,10,0.0003,0.0010,0.0224,0.0000,0.0000,0.0000,1.0000,2.792,,,,,,,
67,Right,11,-0.0041,-0.0072,0.0338,0.0000,0.0000,0.0000,1.0000,2.792,,,,,,,
67,Right,12,0.0024,0.0046,0.0618,0.0984,0.1052,-0.0141,0.9895,2.792,,,,,,,
67,Right,13,0.0000,0.0000,0.0429,0.0846,0.0034,-0.0117,0.9963,2.792,,,,,,,
67,Right,14,0.0000,0.0000,0.0275,-0.0011,0.0006,-0.0435,0.9991,2.792,,,,,,,
67,Right,15,0.0003,0.0011,0.0250,0.0000,0.0000,0.0000,1.0000,2.792,,,,,,,
67,Right,16,0.0150,-0.0060,0.0348,0.0000,0.0000,0.0000,1.0000,2.792,,,,,,,
67,Right,17,0.0025,-0.0005,0.0539,0.0702,0.1237,-0.0555,0.9883,2.792,,,,,,,
67,Right,18,0.0000,0.0000,0.0390,0.0864,0.0001,-0.0355,0.9956,2.792,,,,,,,
67,Right,19,0.0000,0.0000,0.0266,0.0330,-0.0294,-0.0062,0.9990,2.792,,,,,,,
67,Right,20,0.0003,0.0016,0.0243,0.0000,0.0000,0.0000,1.0000,2.792,,,,,,,
67,Right,21,0.0230,-0.0094,0.0341,0.0183,0.1403,-0.2070,0.9680,2.792,,,,,,,
67,Right,22,0.0000,0.0000,0.0457,-0.0390,0.0350,0.0960,0.9940,2.792,,,,,,,
67,Right,23,0.0000,0.0000,0.0307,0.1185,0.0375,-0.0489,0.9910,2.792,,,,,,,
67,Right,24,0.0000,0.0000,0.0203,-0.0091,-0.0492,0.0007,0.9987,2.792,,,,,,,
67,Right,25,-0.0002,0.0012,0.0219,0.0000,0.0000,0.0000,1.0000,2.792,,,,,,,
68,Left,0,0.0018,-0.0057,0.0655,0.0000,0.0000,0.0000,1.0000,2.834,,,,,,,
68,Left,1,0.0000,0.0000,0.0000,0.0000,0.0000,0.0000,1.0000,2.834,-0.5425,0.2857,-0.0360,-0.7337,0.4610,-0.1435,-0.4781
68,Left,2,0.0266,-0.0207,0.0366,-0.0188,0.3144,-0.6491,0.6925,2.834,,,,,,,
68,Left,3,0.0000,0.0000,0.0325,0.2873,-0.0433,0.0803,0.9535,2.834,,,,,,,
68,Left,4,0.0000,0.0000,0.0338,0.2032,0.0423,-0.0759,0.9753,2.834,,,,,,,
68,Left,5,-0.0007,0.0010,0.0246,0.0000,0.0000,0.0000,1.0000,2.834,,,,,,,
68,Left,6,0.0180,-0.0118,0.0375,0.0000,0.0000,0.0000,1.0000,2.834,,,,,,,
68,Left,7,0.0055,0.0045,0.0585,0.4312,-0.1003,-0.0032,0.8967,2.834,,,,,,,
68,Left,8,0.0000,0.0000,0.0379,0.7317,0.0140,0.0214,0.6812,2.834,,,,,,,
68,Left,9,0.0000,0.0000,0.0243,0.5297,-0.0134,0.0165,0.8479,2.834,,,,,,,
68,Left,10,-0.0003,0.0010,0.0224,0.0000,0.0000,0.0000,1.0000,2.834,,,,,,,
68,Left,11,0.0018,-0.0088,0.0354,0.0000,0.0000,0.0000,1.0000,2.834,,,,,,,
68,Left,12,-0.0001,0.0063,0.0603,0.5351,-0.0963,0.0630,0.8369,2.834,,,,,,,
68,Left,13,0.0000,0.0000,0.0429,0.6977,0.0047,0.0125,0.7162,2.834,,,,,,,
68,Left,14,0.0000,0.0000,0.0275,0.5421,0.0232,0.0897,0.8352,2.834,,,,,,,
68,Left,15,-0.0003,0.0011,0.0250,0.0000,0.0000,0.0000,1.0000,2.834,,,,,,,
68,Left,16,-0.0150,-0.0060,0.0348,0.0000,0.0000,0.0000,1.0000,2.834,,,,,,,
68,Left,17,-0.0025,-0.0005,0.0539,0.5868,-0.0662,0.1027,0.8005,2.834,,,,,,,
68,Left,18,0.0000,0.0000,0.0390,0.6848,0.0208,0.0417,0.7272,2.834,,,,,,,
68,Left,19,0.0000,0.0000,0.0266,0.5554,0.0269,0.0299,0.8306,2.834,,,,,,,
68,Left,20,-0.0003,0.0016,0.0243,0.0000,0.0000,0.0000,1.0000,2.834,,,,,,,
68,Left,21,-0.0230,-0.0094,0.0341,0.0183,-0.1403,0.2070,0.9680,2.834,,,,,,,
68,Left,22,0.0000,0.0000,0.0457,0.5589,-0.0467,-0.0531,0.8262,2.834,,,,,,,
68,Left,23,0.0000,0.0000,0.0307,0.6158,-0.0094,0.0845,0.7833,2.834,,,,,,,
68,Left,24,0.0000,0.0000,0.0203,0.6101,0.0385,-0.0027,0.7914,2.834,,,,,,,
68,Left,25,0.0002,0.0012,0.0219,0.0000,0.0000,0.0000,1.0000,2.834,,,,,,,
68,Right,0,-0.0029,-0.0048,0.0647,0.0000,0.0000,0.0000,1.0000,2.834,,,,,,,
68,Right,1,0.0000,0.0000,0.0000,0.0000,0.0000,0.0000,1.0000,2.834,-0.0084,0.0603,0.0056,0.6262,-0.0836,-0.0739,0.7716
68,Right,2,-0.0312,-0.0141,0.0335,-0.1614,-0.3210,0.5181,0.7762,2.834,,,,,,,
68,Right,3,0.0000,0.0000,0.0325,0.2997,0.0420,-0.0800,0.9497,2.834,,,,,,,
68,Right,4,0.0000,0.0000,0.0338,0.0930,-0.0524,0.0798,0.9911,2.834,,,,,,,
68,Right,5,0.0007,0.0010,0.0246,0.0000,0.0000,0.0000,1.0000,2.834,,,,,,,
68,Right,6,-0.0203,-0.0085,0.0360,0.0000,0.0000,0.0000,1.0000,2.834,,,,,,,
68,Right,7,-0.0032,0.0012,0.0600,0.0227,0.0580,0.0316,0.9976,2.834,,,,,,,
68,Right,8,0.0000,0.0000,0.0379,0.0853,0.0050,-0.0262,0.9960,2.834,,,,,,,
68,Right,9,0.0000,0.0000,0.0243,0.0432,0.0253,-0.0166,0.9986,2.834,,,,,,,
68,Right,10,0.0003,0.0010,0.0224,0.0000,0.0000,0.0000,1.0000,2.834,,,,,,,
68,Right,11,-0.0041,-0.0071,0.0338,0.0000,0.0000,0.0000,1.0000,2.834,,,,,,,
68,Right,12,0.0024,0.0046,0.0619,0.0999,0.1038,-0.0142,0.9895,2.834,,,,,,,
68,Right,13,0.0000,0.0000,0.0429,0.0836,0.0034,-0.0117,0.9964,2.834,,,,,,,
68,Right,14,0.0000,0.0000,0.0275,-0.0016,0.0006,-0.0435,0.9991,2.834,,,,,,,
68,Right,15,0.0003,0.0011,0.0250,0.0000,0.0000,0.0000,1.0000,2.834,,,,,,,
68,Right,16,0.0150,-0.0060,0.0348,0.0000,0.0000,0.0000,1.0000,2.834,,,,,,,
68,Right,17,0.0025,-0.0005,0.0539,0.0712,0.1166,-0.0556,0.9891,2.834,,,,,,,
68,Right,18,0.0000,0.0000,0.0390,0.0853,0.0001,-0.0355,0.9957,2.834,,,,,,,
68,Right,19,0.0000,0.0000,0.0266,0.0322,-0.0294,-0.0062,0.9990,2.834,,,,,,,
68,Right,20,0.0003,0.0016,0.0243,0.0000,0.0000,0.0000,1.0000,2.834,,,,,,,
68,Right,21,0.0230,-0.0094,0.0341,0.0183,0.1403,-0.2070,0.9680,2.834,,,,,,,
68,Right,22,0.0000,0.0000,0.0457,-0.0384,0.0351,0.0959,0.9940,2.834,,,,,,,
68,Right,23,0.0000,0.0000,0.0307,0.1183,0.0375,-0.0489,0.9911,2.834,,,,,,,
68,Right,24,0.0000,0.0000,0.0203,-0.0086,-0.0492,0.0007,0.9988,2.834,,,,,,,
68,Right,25,-0.0002,0.0012,0.0219,0.0000,0.0000,0.0000,1.0000,2.834,,,,,,,
69,Left,0,0.0018,-0.0057,0.0655,0.0000,0.0000,0.0000,1.0000,2.876,,,,,,,
69,Left,1,0.0000,0.0000,0.0000,0.0000,0.0000,0.0000,1.0000,2.876,-0.5419,0.2892,-0.0402,-0.7345,0.4465,-0.1512,-0.4882
69,Left,2,0.0267,-0.0206,0.0366,-0.0187,0.3157,-0.6484,0.6925,2.876,,,,,,,
69,Left,3,0.0000,0.0000,0.0325,0.2879,-0.0432,0.0803,0.9533,2.876,,,,,,,
69,Left,4,0.0000,0.0000,0.0338,0.2039,0.0423,-0.0759,0.9751,2.876,,,,,,,
69,Left,5,-0.0007,0.0010,0.0246,0.0000,0.0000,0.0000,1.0000,2.876,,,,,,,
69,Left,6,0.0180,-0.0118,0.0375,0.0000,0.0000,0.0000,1.0000,2.876,,,,,,,
69,Left,7,0.0055,0.0045,0.0585,0.4360,-0.1006,-0.0026,0.8943,2.876,,,,,,,
69,Left,8,0.0000,0.0000,0.0379,0.7317,0.0140,0.0214,0.6812,2.876,,,,,,,
69,Left,9,0.0000,0.0000,0.0243,0.5285,-0.0134,0.0166,0.8487,2.876,,,,,,,
69,Left,10,-0.0003,0.0010,0.0224,0.0000,0.0000,0.0000,1.0000,2.876,,,,,,,
69,Left,11,0.0018,-0.0088,0.0353,0.0000,0.0000,0.0000,1.0000,2.876,,,,,,,
69,Left,12,-0.0001,0.0062,0.0603,0.5359,-0.0965,0.0633,0.8363,2.876,,,,,,,
69,Left,13,0.0000,0.0000,0.0429,0.6981,0.0047,0.0125,0.7159,2.876,,,,,,,
69,Left,14,0.0000,0.0000,0.0275,0.5417,0.0232,0.0897,0.8354,2.876,,,,,,,
69,Left,15,-0.0003,0.0011,0.0250,0.0000,0.0000,0.0000,1.0000,2.876,,,,,,,
69,Left,16,-0.0150,-0.0060,0.0348,0.0000,0.0000,0.0000,1.0000,2.876,,,,,,,
69,Left,17,-0.0025,-0.0005,0.0539,0.5866,-0.0663,0.1027,0.8006,2.876,,,,,,,
69,Left,18,0.0000,0.0000,0.0390,0.6849,0.0208,0.0417,0.7271,2.876,,,,,,,
69,Left,19,0.0000,0.0000,0.0266,0.5552,0.0269,0.0299,0.8307,2.876,,,,,,,
69,Left,20,-0.0003,0.0016,0.0243,0.0000,0.0000,0.0000,1.0000,2.876,,,,,,,
69,Left,21,-0.0230,-0.0094,0.0341,0.0183,-0.1403,0.2070,0.9680,2.876,,,,,,,
69,Left,22,0.0000,0.0000,0.0457,0.5591,-0.0475,-0.0526,0.8261,2.876,,,,,,,
69,Left,23,0.0000,0.0000,0.0307,0.6164,-0.0093,0.0845,0.7828,2.876,,,,,,,
69,Left,24,0.0000,0.0000,0.0203,0.6097,0.0385,-0.0027,0.7917,2.876,,,,,,,
69,Left,25,0.0002,0.0012,0.0219,0.0000,0.0000,0.0000,1.0000,2.876,,,,,,,
69,Right,0,-0.0029,-0.0048,0.0647,0.0000,0.0000,0.0000,1.0000,2.876,,,,,,,
69,Right,1,0.0000,0.0000,0.0000,0.0000,0.0000,0.0000,1.0000,2.876,-0.0093,0.0621,0.0076,0.6275,-0.0838,-0.0730,0.7706
69,Right,2,-0.0313,-0.0141,0.0335,-0.1622,-0.3199,0.5176,0.7768,2.876,,,,,,,
69,Right,3,0.0000,0.0000,0.0325,0.2945,0.0425,-0.0802,0.9513,2.876,,,,,,,
69,Right,4,0.0000,0.0000,0.0338,0.0926,-0.0524,0.0798,0.9911,2.876,,,,,,,
69,Right,5,0.0007,0.0010,0.0246,0.0000,0.0000,0.0000,1.0000,2.876,,,,,,,
69,Right,6,-0.0203,-0.0085,0.0360,0.0000,0.0000,0.0000,1.0000,2.876,,,,,,,
69,Right,7,-0.0032,0.0012,0.0600,0.0227,0.0570,0.0316,0.9976,2.876,,,,,,,
69,Right,8,0.0000,0.0000,0.0379,0.0850,0.0050,-0.0262,0.9960,2.876,,,,,,,
69,Right,9,0.0000,0.0000,0.0243,0.0428,0.0253,-0.0166,0.9986,2.876,,,,,,,
69,Right,10,0.0003,0.0010,0.0224,0.0000,0.0000,0.0000,1.0000,2.876,,,,,,,
69,Right,11,-0.0041,-0.0071,0.0338,0.0000,0.0000,0.0000,1.0000,2.876,,,,,,,
69,Right,12,0.0024,0.0046,0.0619,0.1009,0.1024,-0.0142,0.9895,2.876,,,,,,,
69,Right,13,0.0000,0.0000,0.0429,0.0828,0.0034,-0.0117,0.9965,2.876,,,,,,,
69,Right,14,0.0000,0.0000,0.0275,-0.0019,0.0006,-0.0434,0.9991,2.876,,,,,,,
69,Right,15,0.0003,0.0011,0.0250,0.0000,0.0000,0.0000,1.0000,2.876,,,,,,,
69,Right,16,0.0150,-0.0060,0.0348,0.0000,0.0000,0.0000,1.0000,2.876,,,,,,,
69,Right,17,0.0025,-0.0005,0.0539,0.0722,0.1128,-0.0556,0.9894,2.876,,,,,,,
69,Right,18,0.0000,0.0000,0.0390,0.0843,0.0001,-0.0355,0.9958,2.876,,,,,,,
69,Right,19,0.0000,0.0000,0.0266,0.0318,-0.0294,-0.0061,0.9990,2.876,,,,,,,
69,Right,20,0.0003,0.0016,0.0243,0.0000,0.0000,0.0000,1.0000,2.876,,,,,,,
69,Right,21,0.0230,-0.0094,0.0341,0.0183,0.1403,-0.2070,0.9680,2.876,,,,,,,
69,Right,22,0.0000,0.0000,0.0457,-0.0380,0.0347,0.0959,0.9941,2.876,,,,,,,
69,Right,23,0.0000,0.0000,0.0307,0.1178,0.0375,-0.0489,0.9911,2.876,,,,,,,
69,Right,24,0.0000,0.0000,0.0203,-0.0083,-0.0492,0.0007,0.9988,2.876,,,,,,,
69,Right,25,-0.0002,0.0012,0.0219,0.0000,0.0000,0.0000,1.0000,2.876,,,,,,,
70,Left,0,0.0018,-0.0057,0.0655,0.0000,0.0000,0.0000,1.0000,2.917,,,,,,,
70,Left,1,0.0000,0.0000,0.0000,0.0000,0.0000,0.0000,1.0000,2.917,-0.5420,0.2916,-0.0414,-0.7349,0.4385,-0.1605,-0.4918
70,Left,2,0.0267,-0.0206,0.0366,-0.0187,0.3169,-0.6478,0.6925,2.917,,,,,,,
70,Left,3,0.0000,0.0000,0.0325,0.2892,-0.0431,0.0803,0.9529,2.917,,,,,,,
70,Left,4,0.0000,0.0000,0.0338,0.2052,0.0421,-0.0758,0.9749,2.917,,,,,,,
70,Left,5,-0.0007,0.0010,0.0246,0.0000,0.0000,0.0000,1.0000,2.917,,,,,,,
70,Left,6,0.0181,-0.0118,0.0375,0.0000,0.0000,0.0000,1.0000,2.917,,,,,,,
70,Left,7,0.0055,0.0044,0.0585,0.4453,-0.1007,-0.0018,0.8897,2.917,,,,,,,
70,Left,8,0.0000,0.0000,0.0379,0.7314,0.0140,0.0214,0.6815,2.917,,,,,,,
70,Left,9,0.0000,0.0000,0.0243,0.5275,-0.0134,0.0166,0.8493,2.917,,,,,,,
70,Left,10,-0.0003,0.0010,0.0224,0.0000,0.0000,0.0000,1.0000,2.917,,,,,,,
70,Left,11,0.0018,-0.0088,0.0353,0.0000,0.0000,0.0000,1.0000,2.917,,,,,,,
70,Left,12,-0.0001,0.0062,0.0603,0.5372,-0.0969,0.0637,0.8354,2.917,,,,,,,
70,Left,13,0.0000,0.0000,0.0429,0.6986,0.0047,0.0125,0.7154,2.917,,,,,,,
70,Left,14,0.0000,0.0000,0.0275,0.5415,0.0232,0.0897,0.8356,2.917,,,,,,,
70,Left,15,-0.0003,0.0011,0.0250,0.0000,0.0000,0.0000,1.0000,2.917,,,,,,,
70,Left,16,-0.0150,-0.0060,0.0348,0.0000,0.0000,0.0000,1.0000,2.917,,,,,,,
70,Left,17,-0.0025,-0.0005,0.0539,0.5873,-0.0671,0.1034,0.7999,2.917,,,,,,,
70,Left,18,0.0000,0.0000,0.0390,0.6850,0.0208,0.0417,0.7270,2.917,,,,,,,
70,Left,19,0.0000,0.0000,0.0266,0.5551,0.0269,0.0299,0.8308,2.917,,,,,,,
70,Left,20,-0.0003,0.0016,0.0243,0.0000,0.0000,0.0000,1.0000,2.917,,,,,,,
70,Left,21,-0.0230,-0.0094,0.0341,0.0183,-0.1403,0.2070,0.9680,2.917,,,,,,,
70,Left,22,0.0000,0.0000,0.0457,0.5598,-0.0487,-0.0517,0.8256,2.917,,,,,,,
70,Left,23,0.0000,0.0000,0.0307,0.6182,-0.0092,0.0847,0.7814,2.917,,,,,,,
70,Left,24,0.0000,0.0000,0.0203,0.6103,0.0385,-0.0027,0.7912,2.917,,,,,,,
70,Left,25,0.0002,0.0012,0.0219,0.0000,0.0000,0.0000,1.0000,2.917,,,,,,,
70,Right,0,-0.0029,-0.0048,0.0647,0.0000,0.0000,0.0000,1.0000,2.917,,,,,,,
70,Right,1,0.0000,0.0000,0.0000,0.0000,0.0000,0.0000,1.0000,2.917,-0.0097,0.0649,0.0108,0.6283,-0.0850,-0.0729,0.7698
70,Right,2,-0.0313,-0.0141,0.0335,-0.1629,-0.3192,0.5172,0.7772,2.917,,,,,,,
70,Right,3,0.0000,0.0000,0.0325,0.2914,0.0429,-0.0802,0.9523,2.917,,,,,,,
70,Right,4,0.0000,0.0000,0.0338,0.0933,-0.0524,0.0798,0.9911,2.917,,,,,,,
70,Right,5,0.0007,0.0010,0.0246,0.0000,0.0000,0.0000,1.0000,2.917,,,,,,,
70,Right,6,-0.0203,-0.0085,0.0359,0.0000,0.0000,0.0000,1.0000,2.917,,,,,,,
70,Right,7,-0.0032,0.0012,0.0600,0.0232,0.0566,0.0316,0.9976,2.917,,,,,,,
70,Right,8,0.0000,0.0000,0.0379,0.0846,0.0050,-0.0262,0.9961,2.917,,,,,,,
70,Right,9,0.0000,0.0000,0.0243,0.0427,0.0253,-0.0166,0.9986,2.917,,,,,,,
70,Right,10,0.0003,0.0010,0.0224,0.0000,0.0000,0.0000,1.0000,2.917,,,,,,,
70,Right,11,-0.0041,-0.0071,0.0338,0.0000,0.0000,0.0000,1.0000,2.917,,,,,,,
70,Right,12,0.0024,0.0046,0.0619,0.1017,0.1012,-0.0142,0.9896,2.917,,,,,,,
70,Right,13,0.0000,0.0000,0.0429,0.0819,0.0034,-0.0117,0.9966,2.917,,,,,,,
70,Right,14,0.0000,0.0000,0.0275,-0.0022,0.0006,-0.0434,0.9991,2.917,,,,,,,
70,Right,15,0.0003,0.0011,0.0250,0.0000,0.0000,0.0000,1.0000,2.917,,,,,,,
70,Right,16,0.0150,-0.0060,0.0348,0.0000,0.0000,0.0000,1.0000,2.917,,,,,,,
70,Right,17,0.0025,-0.0005,0.0539,0.0734,0.1113,-0.0557,0.9895,2.917,,,,,,,
70,Right,18,0.0000,0.0000,0.0390,0.0833,0.0002,-0.0355,0.9959,2.917,,,,,,,
70,Right,19,0.0000,0.0000,0.0266,0.0315,-0.0294,-0.0061,0.9991,2.917,,,,,,,
70,Right,20,0.0003,0.0016,0.0243,0.0000,0.0000,0.0000,1.0000,2.917,,,,,,,
70,Right,21,0.0230,-0.0094,0.0341,0.0183,0.1403,-0.2070,0.9680,2.917,,,,,,,
70,Right,22,0.0000,0.0000,0.0457,-0.0370,0.0339,0.0957,0.9941,2.917,,,,,,,
70,Right,23,0.0000,0.0000,0.0307,0.1174,0.0376,-0.0488,0.9912,2.917,,,,,,,
70,Right,24,0.0000,0.0000,0.0203,-0.0081,-0.0492,0.0007,0.9988,2.917,,,,,,,
70,Right,25,-0.0002,0.0012,0.0219,0.0000,0.0000,0.0000,1.0000,2.917,,,,,,,
71,Left,0,0.0018,-0.0057,0.0655,0.0000,0.0000,0.0000,1.0000,2.959,,,,,,,
71,Left,1,0.0000,0.0000,0.0000,0.0000,0.0000,0.0000,1.0000,2.959,-0.5372,0.3025,-0.0482,-0.7296,0.4448,-0.1649,-0.4926
71,Left,2,0.0267,-0.0206,0.0366,-0.0189,0.3169,-0.6477,0.6926,2.959,,,,,,,
71,Left,3,0.0000,0.0000,0.0325,0.2905,-0.0430,0.0802,0.9525,2.959,,,,,,,
71,Left,4,0.0000,0.0000,0.0338,0.2044,0.0422,-0.0759,0.9750,2.959,,,,,,,
71,Left,5,-0.0007,0.0010,0.0246,0.0000,0.0000,0.0000,1.0000,2.959,,,,,,,
71,Left,6,0.0181,-0.0118,0.0375,0.0000,0.0000,0.0000,1.0000,2.959,,,,,,,
71,Left,7,0.0055,0.0044,0.0585,0.4470,-0.1013,-0.0014,0.8888,2.959,,,,,,,
71,Left,8,0.0000,0.0000,0.0379,0.7309,0.0140,0.0214,0.6820,2.959,,,,,,,
71,Left,9,0.0000,0.0000,0.0243,0.5265,-0.0135,0.0166,0.8499,2.959,,,,,,,
71,Left,10,-0.0003,0.0010,0.0224,0.0000,0.0000,0.0000,1.0000,2.959,,,,,,,
71,Left,11,0.0019,-0.0088,0.0353,0.0000,0.0000,0.0000,1.0000,2.959,,,,,,,
71,Left,12,-0.0001,0.0062,0.0603,0.5427,-0.0987,0.0657,0.8315,2.959,,,,,,,
71,Left,13,0.0000,0.0000,0.0429,0.6991,0.0047,0.0125,0.7149,2.959,,,,,,,
71,Left,14,0.0000,0.0000,0.0276,0.5413,0.0232,0.0896,0.8357,2.959,,,,,,,
71,Left,15,-0.0003,0.0011,0.0250,0.0000,0.0000,0.0000,1.0000,2.959,,,,,,,
71,Left,16,-0.0150,-0.0060,0.0348,0.0000,0.0000,0.0000,1.0000,2.959,,,,,,,
71,Left,17,-0.0025,-0.0005,0.0539,0.5918,-0.0682,0.1049,0.7963,2.959,,,,,,,
71,Left,18,0.0000,0.0000,0.0390,0.6845,0.0208,0.0417,0.7275,2.959,,,,,,,
71,Left,19,0.0000,0.0000,0.0266,0.5552,0.0269,0.0299,0.8307,2.959,,,,,,,
71,Left,20,-0.0003,0.0016,0.0243,0.0000,0.0000,0.0000,1.0000,2.959,,,,,,,
71,Left,21,-0.0230,-0.0094,0.0341,0.0183,-0.1403,0.2070,0.9680,2.959,,,,,,,
71,Left,22,0.0000,0.0000,0.0457,0.5742,-0.0507,-0.0497,0.8157,2.959,,,,,,,
71,Left,23,0.0000,0.0000,0.0307,0.6187,-0.0092,0.0847,0.7810,2.959,,,,,,,
71,Left,24,0.0000,0.0000,0.0203,0.6106,0.0385,-0.0027,0.7910,2.959,,,,,,,
71,Left,25,0.0002,0.0012,0.0219,0.0000,0.0000,0.0000,1.0000,2.959,,,,,,,
71,Right,0,-0.0029,-0.0048,0.0647,0.0000,0.0000,0.0000,1.0000,2.959,,,,,,,
71,Right,1,0.0000,0.0000,0.0000,0.0000,0.0000,0.0000,1.0000,2.959,-0.0104,0.0658,0.0117,0.6290,-0.0850,-0.0727,0.7693
71,Right,2,-0.0313,-0.0141,0.0335,-0.1637,-0.3183,0.5167,0.7778,2.959,,,,,,,
71,Right,3,0.0000,0.0000,0.0325,0.2875,0.0433,-0.0803,0.9534,2.959,,,,,,,
71,Right,4,0.0000,0.0000,0.0338,0.0944,-0.0523,0.0798,0.9910,2.959,,,,,,,
71,Right,5,0.0007,0.0010,0.0246,0.0000,0.0000,0.0000,1.0000,2.959,,,,,,,
71,Right,6,-0.0203,-0.0085,0.0359,0.0000,0.0000,0.0000,1.0000,2.959,,,,,,,
71,Right,7,-0.0032,0.0012,0.0600,0.0233,0.0560,0.0316,0.9977,2.959,,,,,,,
71,Right,8,0.0000,0.0000,0.0379,0.0842,0.0050,-0.0262,0.9961,2.959,,,,,,,
71,Right,9,0.0000,0.0000,0.0243,0.0427,0.0253,-0.0166,0.9986,2.959,,,,,,,
71,Right,10,0.0003,0.0010,0.0224,0.0000,0.0000,0.0000,1.0000,2.959,,,,,,,
71,Right,11,-0.0041,-0.0071,0.0338,0.0000,0.0000,0.0000,1.0000,2.959,,,,,,,
71,Right,12,0.0024,0.0046,0.0619,0.1025,0.1004,-0.0143,0.9896,2.959,,,,,,,
71,Right,13,0.0000,0.0000,0.0429,0.0810,0.0034,-0.0117,0.9966,2.959,,,,,,,
71,Right,14,0.0000,0.0000,0.0275,-0.0024,0.0007,-0.0434,0.9991,2.959,,,,,,,
71,Right,15,0.0003,0.0011,0.0250,0.0000,0.0000,0.0000,1.0000,2.959,,,,,,,
71,Right,16,0.0150,-0.0060,0.0348,0.0000,0.0000,0.0000,1.0000,2.959,,,,,,,
71,Right,17,0.0025,-0.0005,0.0539,0.0742,0.1105,-0.0558,0.9895,2.959,,,,,,,
71,Right,18,0.0000,0.0000,0.0390,0.0820,0.0002,-0.0354,0.9960,2.959,,,,,,,
71,Right,19,0.0000,0.0000,0.0266,0.0313,-0.0294,-0.0061,0.9991,2.959,,,,,,,
71,Right,20,0.0003,0.0016,0.0243,0.0000,0.0000,0.0000,1.0000,2.959,,,,,,,
71,Right,21,0.0230,-0.0094,0.0341,0.0183,0.1403,-0.2070,0.9680,2.959,,,,,,,
71,Right,22,0.0000,0.0000,0.0457,-0.0362,0.0333,0.0957,0.9942,2.959,,,,,,,
71,Right,23,0.0000,0.0000,0.0307,0.1172,0.0376,-0.0488,0.9912,2.959,,,,,,,
71,Right,24,0.0000,0.0000,0.0203,-0.0079,-0.0492,0.0007,0.9988,2.959,,,,,,,
71,Right,25,-0.0002,0.0012,0.0219,0.0000,0.0000,0.0000,1.0000,2.959,,,,,,,
72,Left,0,0.0018,-0.0057,0.0655,0.0000,0.0000,0.0000,1.0000,3.001,,,,,,,
72,Left,1,0.0000,0.0000,0.0000,0.0000,0.0000,0.0000,1.0000,3.001,-0.5357,0.3061,-0.0533,-0.7288,0.4455,-0.1654,-0.4930
72,Left,2,0.0267,-0.0206,0.0366,-0.0184,0.3174,-0.6478,0.6923,3.001,,,,,,,
72,Left,3,0.0000,0.0000,0.0325,0.2915,-0.0429,0.0802,0.9522,3.001,,,,,,,
72,Left,4,0.0000,0.0000,0.0338,0.2032,0.0423,-0.0759,0.9753,3.001,,,,,,,
72,Left,5,-0.0007,0.0010,0.0246,0.0000,0.0000,0.0000,1.0000,3.001,,,,,,,
72,Left,6,0.0181,-0.0118,0.0375,0.0000,0.0000,0.0000,1.0000,3.001,,,,,,,
72,Left,7,0.0055,0.0044,0.0585,0.4515,-0.1018,-0.0007,0.8864,3.001,,,,,,,
72,Left,8,0.0000,0.0000,0.0379,0.7299,0.0139,0.0214,0.6831,3.001,,,,,,,
72,Left,9,0.0000,0.0000,0.0243,0.5252,-0.0135,0.0166,0.8507,3.001,,,,,,,
72,Left,10,-0.0003,0.0010,0.0224,0.0000,0.0000,0.0000,1.0000,3.001,,,,,,,
72,Left,11,0.0019,-0.0088,0.0353,0.0000,0.0000,0.0000,1.0000,3.001,,,,,,,
72,Left,12,-0.0001,0.0062,0.0603,0.5502,-0.1035,0.0698,0.8257,3.001,,,,,,,
72,Left,13,0.0000,0.0000,0.0429,0.6991,0.0047,0.0125,0.7149,3.001,,,,,,,
72,Left,14,0.0000,0.0000,0.0275,0.5417,0.0232,0.0897,0.8354,3.001,,,,,,,
72,Left,15,-0.0003,0.0011,0.0250,0.0000,0.0000,0.0000,1.0000,3.001,,,,,,,
72,Left,16,-0.0150,-0.0060,0.0348,0.0000,0.0000,0.0000,1.0000,3.001,,,,,,,
72,Left,17,-0.0025,-0.0005,0.0539,0.5928,-0.0686,0.1053,0.7955,3.001,,,,,,,
72,Left,18,0.0000,0.0000,0.0390,0.6845,0.0208,0.0417,0.7275,3.001,,,,,,,
72,Left,19,0.0000,0.0000,0.0266,0.5556,0.0269,0.0299,0.8305,3.001,,,,,,,
72,Left,20,-0.0003,0.0016,0.0243,0.0000,0.0000,0.0000,1.0000,3.001,,,,,,,
72,Left,21,-0.0230,-0.0094,0.0341,0.0183,-0.1403,0.2070,0.9680,3.001,,,,,,,
72,Left,22,0.0000,0.0000,0.0457,0.5751,-0.0511,-0.0494,0.8150,3.001,,,,,,,
72,Left,23,0.0000,0.0000,0.0307,0.6191,-0.0091,0.0847,0.7806,3.001,,,,,,,
72,Left,24,0.0000,0.0000,0.0203,0.6112,0.0385,-0.0027,0.7905,3.001,,,,,,,
72,Left,25,0.0002,0.0012,0.0219,0.0000,0.0000,0.0000,1.0000,3.001,,,,,,,
72,Right,0,-0.0029,-0.0048,0.0647,0.0000,0.0000,0.0000,1.0000,3.001,,,,,,,
72,Right,1,0.0000,0.0000,0.0000,0.0000,0.0000,0.0000,1.0000,3.001,-0.0105,0.0667,0.0121,0.6297,-0.0846,-0.0724,0.7689
72,Right,2,-0.0313,-0.0140,0.0335,-0.1641,-0.3182,0.5163,0.7780,3.001,,,,,,,
72,Right,3,0.0000,0.0000,0.0325,0.2857,0.0435,-0.0804,0.9540,3.001,,,,,,,
72,Right,4,0.0000,0.0000,0.0338,0.0958,-0.0522,0.0797,0.9908,3.001,,,,,,,
72,Right,5,0.0007,0.0010,0.0246,0.0000,0.0000,0.0000,1.0000,3.001,,,,,,,
72,Right,6,-0.0203,-0.0085,0.0359,0.0000,0.0000,0.0000,1.0000,3.001,,,,,,,
72,Right,7,-0.0032,0.0012,0.0601,0.0233,0.0554,0.0315,0.9977,3.001,,,,,,,
72,Right,8,0.0000,0.0000,0.0379,0.0837,0.0050,-0.0262,0.9961,3.001,,,,,,,
72,Right,9,0.0000,0.0000,0.0243,0.0424,0.0253,-0.0166,0.9986,3.001,,,,,,,
72,Right,10,0.0003,0.0010,0.0224,0.0000,0.0000,0.0000,1.0000,3.001,,,,,,,
72,Right,11,-0.0041,-0.0071,0.0338,0.0000,0.0000,0.0000,1.0000,3.001,,,,,,,
72,Right,12,0.0024,0.0046,0.0619,0.1032,0.0994,-0.0143,0.9896,3.001,,,,,,,
72,Right,13,0.0000,0.0000,0.0429,0.0799,0.0034,-0.0117,0.9967,3.001,,,,,,,
72,Right,14,0.0000,0.0000,0.0275,-0.0027,0.0007,-0.0434,0.9991,3.001,,,,,,,
72,Right,15,0.0003,0.0011,0.0250,0.0000,0.0000,0.0000,1.0000,3.001,,,,,,,
72,Right,16,0.0150,-0.0060,0.0348,0.0000,0.0000,0.0000,1.0000,3.001,,,,,,,
72,Right,17,0.0025,-0.0005,0.0539,0.0748,0.1095,-0.0558,0.9896,3.001,,,,,,,
72,Right,18,0.0000,0.0000,0.0390,0.0803,0.0003,-0.0354,0.9961,3.001,,,,,,,
72,Right,19,0.0000,0.0000,0.0266,0.0309,-0.0294,-0.0061,0.9991,3.001,,,,,,,
72,Right,20,0.0003,0.0016,0.0243,0.0000,0.0000,0.0000,1.0000,3.001,,,,,,,
72,Right,21,0.0230,-0.0094,0.0341,0.0183,0.1403,-0.2070,0.9680,3.001,,,,,,,
72,Right,22,0.0000,0.0000,0.0457,-0.0357,0.0327,0.0956,0.9942,3.001,,,,,,,
72,Right,23,0.0000,0.0000,0.0307,0.1170,0.0376,-0.0488,0.9912,3.001,,,,,,,
72,Right,24,0.0000,0.0000,0.0203,-0.0078,-0.0492,0.0007,0.9988,3.001,,,,,,,
72,Right,25,-0.0002,0.0012,0.0219,0.0000,0.0000,0.0000,1.0000,3.001,,,,,,,
73,Left,0,0.0018,-0.0057,0.0655,0.0000,0.0000,0.0000,1.0000,3.042,,,,,,,
73,Left,1,0.0000,0.0000,0.0000,0.0000,0.0000,0.0000,1.0000,3.042,-0.5319,0.3136,-0.0576,-0.7266,0.4485,-0.1667,-0.4931
73,Left,2,0.0267,-0.0206,0.0366,-0.0181,0.3181,-0.6476,0.6922,3.042,,,,,,,
73,Left,3,0.0000,0.0000,0.0325,0.2915,-0.0429,0.0802,0.9522,3.042,,,,,,,
73,Left,4,0.0000,0.0000,0.0338,0.1996,0.0427,-0.0760,0.9760,3.042,,,,,,,
73,Left,5,-0.0007,0.0010,0.0246,0.0000,0.0000,0.0000,1.0000,3.042,,,,,,,
73,Left,6,0.0181,-0.0117,0.0375,0.0000,0.0000,0.0000,1.0000,3.042,,,,,,,
73,Left,7,0.0055,0.0044,0.0585,0.4539,-0.1020,-0.0004,0.8852,3.042,,,,,,,
73,Left,8,0.0000,0.0000,0.0379,0.7293,0.0139,0.0215,0.6838,3.042,,,,,,,
73,Left,9,0.0000,0.0000,0.0243,0.5246,-0.0135,0.0166,0.8511,3.042,,,,,,,
73,Left,10,-0.0003,0.0010,0.0224,0.0000,0.0000,0.0000,1.0000,3.042,,,,,,,
73,Left,11,0.0019,-0.0088,0.0353,0.0000,0.0000,0.0000,1.0000,3.042,,,,,,,
73,Left,12,-0.0001,0.0062,0.0603,0.5540,-0.1032,0.0703,0.8231,3.042,,,,,,,
73,Left,13,0.0000,0.0000,0.0429,0.6993,0.0047,0.0125,0.7147,3.042,,,,,,,
73,Left,14,0.0000,0.0000,0.0275,0.5421,0.0232,0.0897,0.8352,3.042,,,,,,,
73,Left,15,-0.0003,0.0011,0.0250,0.0000,0.0000,0.0000,1.0000,3.042,,,,,,,
73,Left,16,-0.0150,-0.0060,0.0348,0.0000,0.0000,0.0000,1.0000,3.042,,,,,,,
73,Left,17,-0.0025,-0.0005,0.0539,0.5937,-0.0687,0.1056,0.7947,3.042,,,,,,,
73,Left,18,0.0000,0.0000,0.0390,0.6847,0.0208,0.0417,0.7274,3.042,,,,,,,
73,Left,19,0.0000,0.0000,0.0266,0.5566,0.0269,0.0300,0.8298,3.042,,,,,,,
73,Left,20,-0.0003,0.0016,0.0243,0.0000,0.0000,0.0000,1.0000,3.042,,,,,,,
73,Left,21,-0.0230,-0.0094,0.0341,0.0183,-0.1403,0.2070,0.9680,3.042,,,,,,,
73,Left,22,0.0000,0.0000,0.0457,0.5764,-0.0511,-0.0493,0.8141,3.042,,,,,,,
73,Left,23,0.0000,0.0000,0.0307,0.6202,-0.0090,0.0848,0.7798,3.042,,,,,,,
73,Left,24,0.0000,0.0000,0.0203,0.6125,0.0384,-0.0027,0.7895,3.042,,,,,,,
73,Left,25,0.0002,0.0012,0.0219,0.0000,0.0000,0.0000,1.0000,3.042,,,,,,,
73,Right,0,-0.0029,-0.0048,0.0647,0.0000,0.0000,0.0000,1.0000,3.042,,,,,,,
73,Right,1,0.0000,0.0000,0.0000,0.0000,0.0000,0.0000,1.0000,3.042,-0.0106,0.0682,0.0134,0.6302,-0.0850,-0.0722,0.7684
73,Right,2,-0.0313,-0.0140,0.0335,-0.1650,-0.3176,0.5155,0.7786,3.042,,,,,,,
73,Right,3,0.0000,0.0000,0.0325,0.2844,0.0436,-0.0804,0.9543,3.042,,,,,,,
73,Right,4,0.0000,0.0000,0.0338,0.0973,-0.0520,0.0797,0.9907,3.042,,,,,,,
73,Right,5,0.0007,0.0010,0.0246,0.0000,0.0000,0.0000,1.0000,3.042,,,,,,,
73,Right,6,-0.0204,-0.0085,0.0359,0.0000,0.0000,0.0000,1.0000,3.042,,,,,,,
73,Right,7,-0.0032,0.0012,0.0601,0.0234,0.0552,0.0315,0.9977,3.042,,,,,,,
73,Right,8,0.0000,0.0000,0.0379,0.0830,0.0050,-0.0262,0.9962,3.042,,,,,,,
73,Right,9,0.0000,0.0000,0.0243,0.0421,0.0253,-0.0166,0.9987,3.042,,,,,,,
73,Right,10,0.0003,0.0010,0.0224,0.0000,0.0000,0.0000,1.0000,3.042,,,,,,,
73,Right,11,-0.0041,-0.0071,0.0338,0.0000,0.0000,0.0000,1.0000,3.042,,,,,,,
73,Right,12,0.0024,0.0046,0.0619,0.1041,0.0983,-0.0143,0.9896,3.042,,,,,,,
73,Right,13,0.0000,0.0000,0.0429,0.0788,0.0035,-0.0117,0.9968,3.042,,,,,,,
73,Right,14,0.0000,0.0000,0.0275,-0.0030,0.0007,-0.0433,0.9991,3.042,,,,,,,
73,Right,15,0.0003,0.0011,0.0250,0.0000,0.0000,0.0000,1.0000,3.042,,,,,,,
73,Right,16,0.0150,-0.0060,0.0348,0.0000,0.0000,0.0000,1.0000,3.042,,,,,,,
73,Right,17,0.0025,-0.0005,0.0539,0.0755,0.1085,-0.0559,0.9896,3.042,,,,,,,
73,Right,18,0.0000,0.0000,0.0390,0.0789,0.0003,-0.0354,0.9963,3.042,,,,,,,
73,Right,19,0.0000,0.0000,0.0266,0.0306,-0.0294,-0.0061,0.9991,3.042,,,,,,,
73,Right,20,0.0003,0.0016,0.0243,0.0000,0.0000,0.0000,1.0000,3.042,,,,,,,
73,Right,21,0.0230,-0.0094,0.0341,0.0183,0.1403,-0.2070,0.9680,3.042,,,,,,,
73,Right,22,0.0000,0.0000,0.0457,-0.0353,0.0322,0.0955,0.9943,3.042,,,,,,,
73,Right,23,0.0000,0.0000,0.0307,0.1168,0.0376,-0.0488,0.9912,3.042,,,,,,,
73,Right,24,0.0000,0.0000,0.0203,-0.0076,-0.0492,0.0007,0.9988,3.042,,,,,,,
73,Right,25,-0.0002,0.0012,0.0219,0.0000,0.0000,0.0000,1.0000,3.042,,,,,,,
74,Left,0,0.0018,-0.0057,0.0655,0.0000,0.0000,0.0000,1.0000,3.084,,,,,,,
74,Left,1,0.0000,0.0000,0.0000,0.0000,0.0000,0.0000,1.0000,3.084,-0.5318,0.3215,-0.0609,-0.7273,0.4527,-0.1717,-0.4864
74,Left,2,0.0267,-0.0206,0.0366,-0.0174,0.3182,-0.6481,0.6917,3.084,,,,,,,
74,Left,3,0.0000,0.0000,0.0325,0.2917,-0.0428,0.0802,0.9522,3.084,,,,,,,
74,Left,4,0.0000,0.0000,0.0338,0.1918,0.0434,-0.0764,0.9775,3.084,,,,,,,
74,Left,5,-0.0007,0.0010,0.0246,0.0000,0.0000,0.0000,1.0000,3.084,,,,,,,
74,Left,6,0.0181,-0.0118,0.0375,0.0000,0.0000,0.0000,1.0000,3.084,,,,,,,
74,Left,7,0.0055,0.0044,0.0585,0.4541,-0.1029,0.0000,0.8850,3.084,,,,,,,
74,Left,8,0.0000,0.0000,0.0379,0.7284,0.0139,0.0215,0.6846,3.084,,,,,,,
74,Left,9,0.0000,0.0000,0.0243,0.5246,-0.0135,0.0166,0.8511,3.084,,,,,,,
74,Left,10,-0.0003,0.0010,0.0224,0.0000,0.0000,0.0000,1.0000,3.084,,,,,,,
74,Left,11,0.0018,-0.0088,0.0353,0.0000,0.0000,0.0000,1.0000,3.084,,,,,,,
74,Left,12,-0.0001,0.0062,0.0603,0.5542,-0.1039,0.0708,0.8229,3.084,,,,,,,
74,Left,13,0.0000,0.0000,0.0429,0.6998,0.0048,0.0125,0.7142,3.084,,,,,,,
74,Left,14,0.0000,0.0000,0.0275,0.5431,0.0233,0.0898,0.8345,3.084,,,,,,,
74,Left,15,-0.0003,0.0011,0.0250,0.0000,0.0000,0.0000,1.0000,3.084,,,,,,,
74,Left,16,-0.0150,-0.0060,0.0348,0.0000,0.0000,0.0000,1.0000,3.084,,,,,,,
74,Left,17,-0.0025,-0.0005,0.0539,0.5931,-0.0688,0.1055,0.7952,3.084,,,,,,,
74,Left,18,0.0000,0.0000,0.0390,0.6851,0.0208,0.0417,0.7269,3.084,,,,,,,
74,Left,19,0.0000,0.0000,0.0266,0.5585,0.0269,0.0301,0.8285,3.084,,,,,,,
74,Left,20,-0.0003,0.0016,0.0243,0.0000,0.0000,0.0000,1.0000,3.084,,,,,,,
74,Left,21,-0.0230,-0.0094,0.0341,0.0183,-0.1403,0.2070,0.9680,3.084,,,,,,,
74,Left,22,0.0000,0.0000,0.0457,0.5741,-0.0500,-0.0502,0.8157,3.084,,,,,,,
74,Left,23,0.0000,0.0000,0.0307,0.6209,-0.0090,0.0848,0.7793,3.084,,,,,,,
74,Left,24,0.0000,0.0000,0.0203,0.6149,0.0383,-0.0027,0.7877,3.084,,,,,,,
74,Left,25,0.0002,0.0012,0.0219,0.0000,0.0000,0.0000,1.0000,3.084,,,,,,,
74,Right,0,-0.0029,-0.0048,0.0647,0.0000,0.0000,0.0000,1.0000,3.084,,,,,,,
74,Right,1,0.0000,0.0000,0.0000,0.0000,0.0000,0.0000,1.0000,3.084,-0.0107,0.0699,0.0154,0.6329,-0.0845,-0.0732,0.7661
74,Right,2,-0.0313,-0.0140,0.0335,-0.1658,-0.3172,0.5148,0.7790,3.084,,,,,,,
74,Right,3,0.0000,0.0000,0.0325,0.2832,0.0437,-0.0804,0.9547,3.084,,,,,,,
74,Right,4,0.0000,0.0000,0.0338,0.0990,-0.0519,0.0796,0.9905,3.084,,,,,,,
74,Right,5,0.0007,0.0010,0.0246,0.0000,0.0000,0.0000,1.0000,3.084,,,,,,,
74,Right,6,-0.0204,-0.0085,0.0359,0.0000,0.0000,0.0000,1.0000,3.084,,,,,,,
74,Right,7,-0.0032,0.0011,0.0601,0.0237,0.0552,0.0315,0.9977,3.084,,,,,,,
74,Right,8,0.0000,0.0000,0.0379,0.0821,0.0051,-0.0262,0.9963,3.084,,,,,,,
74,Right,9,0.0000,0.0000,0.0243,0.0418,0.0253,-0.0166,0.9987,3.084,,,,,,,
74,Right,10,0.0003,0.0010,0.0224,0.0000,0.0000,0.0000,1.0000,3.084,,,,,,,
74,Right,11,-0.0041,-0.0071,0.0338,0.0000,0.0000,0.0000,1.0000,3.084,,,,,,,
74,Right,12,0.0024,0.0046,0.0619,0.1049,0.0977,-0.0144,0.9896,3.084,,,,,,,
74,Right,13,0.0000,0.0000,0.0429,0.0776,0.0035,-0.0117,0.9969,3.084,,,,,,,
74,Right,14,0.0000,0.0000,0.0275,-0.0034,0.0007,-0.0433,0.9991,3.084,,,,,,,
74,Right,15,0.0003,0.0011,0.0250,0.0000,0.0000,0.0000,1.0000,3.084,,,,,,,
74,Right,16,0.0150,-0.0060,0.0348,0.0000,0.0000,0.0000,1.0000,3.084,,,,,,,
74,Right,17,0.0025,-0.0005,0.0539,0.0762,0.1077,-0.0559,0.9897,3.084,,,,,,,
74,Right,18,0.0000,0.0000,0.0390,0.0774,0.0004,-0.0353,0.9964,3.084,,,,,,,
74,Right,19,0.0000,0.0000,0.0266,0.0302,-0.0294,-0.0061,0.9991,3.084,,,,,,,
74,Right,20,0.0003,0.0016,0.0243,0.0000,0.0000,0.0000,1.0000,3.084,,,,,,,
74,Right,21,0.0230,-0.0094,0.0341,0.0183,0.1403,-0.2070,0.9680,3.084,,,,,,,
74,Right,22,0.0000,0.0000,0.0457,-0.0346,0.0312,0.0954,0.9943,3.084,,,,,,,
74,Right,23,0.0000,0.0000,0.0307,0.1164,0.0376,-0.0487,0.9913,3.084,,,,,,,
74,Right,24,0.0000,0.0000,0.0203,-0.0077,-0.0492,0.0007,0.9988,3.084,,,,,,,
74,Right,25,-0.0002,0.0012,0.0219,0.0000,0.0000,0.0000,1.0000,3.084,,,,,,,
75,Left,0,0.0018,-0.0057,0.0655,0.0000,0.0000,0.0000,1.0000,3.126,,,,,,,
75,Left,1,0.0000,0.0000,0.0000,0.0000,0.0000,0.0000,1.0000,3.126,-0.5305,0.3228,-0.0630,-0.7350,0.4541,-0.1698,-0.4741
75,Left,2,0.0266,-0.0207,0.0367,-0.0154,0.3172,-0.6500,0.6904,3.126,,,,,,,
75,Left,3,0.0000,0.0000,0.0325,0.2903,-0.0430,0.0802,0.9526,3.126,,,,,,,
75,Left,4,0.0000,0.0000,0.0338,0.1855,0.0440,-0.0766,0.9787,3.126,,,,,,,
75,Left,5,-0.0007,0.0010,0.0246,0.0000,0.0000,0.0000,1.0000,3.126,,,,,,,
75,Left,6,0.0180,-0.0118,0.0375,0.0000,0.0000,0.0000,1.0000,3.126,,,,,,,
75,Left,7,0.0055,0.0045,0.0585,0.4506,-0.1039,0.0001,0.8866,3.126,,,,,,,
75,Left,8,0.0000,0.0000,0.0379,0.7195,0.0136,0.0217,0.6940,3.126,,,,,,,
75,Left,9,0.0000,0.0000,0.0243,0.5233,-0.0136,0.0166,0.8519,3.126,,,,,,,
75,Left,10,-0.0003,0.0010,0.0224,0.0000,0.0000,0.0000,1.0000,3.126,,,,,,,
75,Left,11,0.0018,-0.0088,0.0354,0.0000,0.0000,0.0000,1.0000,3.126,,,,,,,
75,Left,12,-0.0001,0.0063,0.0603,0.5524,-0.1043,0.0707,0.8240,3.126,,,,,,,
75,Left,13,0.0000,0.0000,0.0429,0.6994,0.0047,0.0125,0.7146,3.126,,,,,,,
75,Left,14,0.0000,0.0000,0.0275,0.5438,0.0233,0.0898,0.8340,3.126,,,,,,,
75,Left,15,-0.0003,0.0011,0.0250,0.0000,0.0000,0.0000,1.0000,3.126,,,,,,,
75,Left,16,-0.0150,-0.0060,0.0348,0.0000,0.0000,0.0000,1.0000,3.126,,,,,,,
75,Left,17,-0.0025,-0.0005,0.0539,0.5835,-0.0702,0.1048,0.8023,3.126,,,,,,,
75,Left,18,0.0000,0.0000,0.0390,0.6854,0.0208,0.0417,0.7267,3.126,,,,,,,
75,Left,19,0.0000,0.0000,0.0266,0.5593,0.0269,0.0301,0.8280,3.126,,,,,,,
75,Left,20,-0.0003,0.0016,0.0243,0.0000,0.0000,0.0000,1.0000,3.126,,,,,,,
75,Left,21,-0.0230,-0.0094,0.0341,0.0183,-0.1403,0.2070,0.9680,3.126,,,,,,,
75,Left,22,0.0000,0.0000,0.0457,0.5517,-0.0480,-0.0525,0.8310,3.126,,,,,,,
75,Left,23,0.0000,0.0000,0.0307,0.6211,-0.0090,0.0848,0.7791,3.126,,,,,,,
75,Left,24,0.0000,0.0000,0.0203,0.6170,0.0382,-0.0027,0.7860,3.126,,,,,,,
75,Left,25,0.0002,0.0012,0.0219,0.0000,0.0000,0.0000,1.0000,3.126,,,,,,,
75,Right,0,-0.0029,-0.0048,0.0647,0.0000,0.0000,0.0000,1.0000,3.126,,,,,,,
75,Right,1,0.0000,0.0000,0.0000,0.0000,0.0000,0.0000,1.0000,3.126,-0.0126,0.0731,0.0176,0.6357,-0.0824,-0.0720,0.7642
75,Right,2,-0.0313,-0.0140,0.0334,-0.1661,-0.3172,0.5144,0.7792,3.126,,,,,,,
75,Right,3,0.0000,0.0000,0.0325,0.2825,0.0438,-0.0804,0.9549,3.126,,,,,,,
75,Right,4,0.0000,0.0000,0.0338,0.1013,-0.0517,0.0796,0.9903,3.126,,,,,,,
75,Right,5,0.0007,0.0010,0.0246,0.0000,0.0000,0.0000,1.0000,3.126,,,,,,,
75,Right,6,-0.0204,-0.0084,0.0359,0.0000,0.0000,0.0000,1.0000,3.126,,,,,,,
75,Right,7,-0.0032,0.0011,0.0601,0.0233,0.0553,0.0315,0.9977,3.126,,,,,,,
75,Right,8,0.0000,0.0000,0.0379,0.0809,0.0051,-0.0262,0.9964,3.126,,,,,,,
75,Right,9,0.0000,0.0000,0.0243,0.0416,0.0253,-0.0166,0.9987,3.126,,,,,,,
75,Right,10,0.0003,0.0010,0.0224,0.0000,0.0000,0.0000,1.0000,3.126,,,,,,,
75,Right,11,-0.0042,-0.0071,0.0338,0.0000,0.0000,0.0000,1.0000,3.126,,,,,,,
75,Right,12,0.0024,0.0046,0.0619,0.1050,0.0976,-0.0144,0.9896,3.126,,,,,,,
75,Right,13,0.0000,0.0000,0.0429,0.0766,0.0035,-0.0117,0.9970,3.126,,,,,,,
75,Right,14,0.0000,0.0000,0.0275,-0.0036,0.0007,-0.0433,0.9991,3.126,,,,,,,
75,Right,15,0.0003,0.0011,0.0250,0.0000,0.0000,0.0000,1.0000,3.126,,,,,,,
75,Right,16,0.0150,-0.0060,0.0348,0.0000,0.0000,0.0000,1.0000,3.126,,,,,,,
75,Right,17,0.0025,-0.0005,0.0539,0.0766,0.1072,-0.0560,0.9897,3.126,,,,,,,
75,Right,18,0.0000,0.0000,0.0390,0.0758,0.0004,-0.0353,0.9965,3.126,,,,,,,
75,Right,19,0.0000,0.0000,0.0266,0.0298,-0.0294,-0.0060,0.9991,3.126,,,,,,,
75,Right,20,0.0003,0.0016,0.0243,0.0000,0.0000,0.0000,1.0000,3.126,,,,,,,
75,Right,21,0.0230,-0.0094,0.0341,0.0183,0.1403,-0.2070,0.9680,3.126,,,,,,,
75,Right,22,0.0000,0.0000,0.0457,-0.0349,0.0280,0.0953,0.9944,3.126,,,,,,,
75,Right,23,0.0000,0.0000,0.0307,0.1161,0.0376,-0.0487,0.9913,3.126,,,,,,,
75,Right,24,0.0000,0.0000,0.0203,-0.0074,-0.0492,0.0007,0.9988,3.126,,,,,,,
75,Right,25,-0.0002,0.0012,0.0219,0.0000,0.0000,0.0000,1.0000,3.126,,,,,,,
76,Left,0,0.0017,-0.0057,0.0655,0.0000,0.0000,0.0000,1.0000,3.167,,,,,,,
76,Left,1,0.0000,0.0000,0.0000,0.0000,0.0000,0.0000,1.0000,3.167,-0.5257,0.3323,-0.0691,-0.7439,0.4578,-0.1670,-0.4572
76,Left,2,0.0264,-0.0208,0.0367,-0.0138,0.3146,-0.6524,0.6893,3.167,,,,,,,
76,Left,3,0.0000,0.0000,0.0325,0.2888,-0.0431,0.0803,0.9530,3.167,,,,,,,
76,Left,4,0.0000,0.0000,0.0338,0.1800,0.0445,-0.0768,0.9797,3.167,,,,,,,
76,Left,5,-0.0007,0.0010,0.0246,0.0000,0.0000,0.0000,1.0000,3.167,,,,,,,
76,Left,6,0.0179,-0.0119,0.0376,0.0000,0.0000,0.0000,1.0000,3.167,,,,,,,
76,Left,7,0.0056,0.0046,0.0584,0.4455,-0.1081,0.0015,0.8887,3.167,,,,,,,
76,Left,8,0.0000,0.0000,0.0379,0.7095,0.0133,0.0219,0.7043,3.167,,,,,,,
76,Left,9,0.0000,0.0000,0.0243,0.5199,-0.0137,0.0166,0.8540,3.167,,,,,,,
76,Left,10,-0.0003,0.0010,0.0224,0.0000,0.0000,0.0000,1.0000,3.167,,,,,,,
76,Left,11,0.0017,-0.0088,0.0354,0.0000,0.0000,0.0000,1.0000,3.167,,,,,,,
76,Left,12,0.0000,0.0063,0.0603,0.5500,-0.1044,0.0704,0.8256,3.167,,,,,,,
76,Left,13,0.0000,0.0000,0.0429,0.6986,0.0047,0.0125,0.7154,3.167,,,,,,,
76,Left,14,0.0000,0.0000,0.0276,0.5439,0.0233,0.0898,0.8340,3.167,,,,,,,
76,Left,15,-0.0003,0.0011,0.0250,0.0000,0.0000,0.0000,1.0000,3.167,,,,,,,
76,Left,16,-0.0150,-0.0060,0.0348,0.0000,0.0000,0.0000,1.0000,3.167,,,,,,,
76,Left,17,-0.0025,-0.0005,0.0539,0.5797,-0.0708,0.1046,0.8050,3.167,,,,,,,
76,Left,18,0.0000,0.0000,0.0390,0.6847,0.0208,0.0417,0.7274,3.167,,,,,,,
76,Left,19,0.0000,0.0000,0.0266,0.5599,0.0269,0.0301,0.8276,3.167,,,,,,,
76,Left,20,-0.0003,0.0016,0.0243,0.0000,0.0000,0.0000,1.0000,3.167,,,,,,,
76,Left,21,-0.0230,-0.0094,0.0341,0.0183,-0.1403,0.2070,0.9680,3.167,,,,,,,
76,Left,22,0.0000,0.0000,0.0457,0.5435,-0.0474,-0.0532,0.8364,3.167,,,,,,,
76,Left,23,0.0000,0.0000,0.0307,0.6204,-0.0090,0.0848,0.7796,3.167,,,,,,,
76,Left,24,0.0000,0.0000,0.0203,0.6202,0.0381,-0.0027,0.7835,3.167,,,,,,,
76,Left,25,0.0002,0.0012,0.0219,0.0000,0.0000,0.0000,1.0000,3.167,,,,,,,
76,Right,0,-0.0029,-0.0048,0.0647,0.0000,0.0000,0.0000,1.0000,3.167,,,,,,,
76,Right,1,0.0000,0.0000,0.0000,0.0000,0.0000,0.0000,1.0000,3.167,-0.0127,0.0751,0.0198,0.6392,-0.0805,-0.0730,0.7613
76,Right,2,-0.0313,-0.0139,0.0334,-0.1662,-0.3174,0.5142,0.7792,3.167,,,,,,,
76,Right,3,0.0000,0.0000,0.0325,0.2820,0.0439,-0.0804,0.9550,3.167,,,,,,,
76,Right,4,0.0000,0.0000,0.0338,0.1053,-0.0513,0.0794,0.9899,3.167,,,,,,,
76,Right,5,0.0007,0.0010,0.0246,0.0000,0.0000,0.0000,1.0000,3.167,,,,,,,
76,Right,6,-0.0204,-0.0084,0.0359,0.0000,0.0000,0.0000,1.0000,3.167,,,,,,,
76,Right,7,-0.0032,0.0011,0.0601,0.0230,0.0555,0.0316,0.9977,3.167,,,,,,,
76,Right,8,0.0000,0.0000,0.0379,0.0799,0.0051,-0.0262,0.9964,3.167,,,,,,,
76,Right,9,0.0000,0.0000,0.0243,0.0415,0.0253,-0.0166,0.9987,3.167,,,,,,,
76,Right,10,0.0003,0.0010,0.0224,0.0000,0.0000,0.0000,1.0000,3.167,,,,,,,
76,Right,11,-0.0042,-0.0071,0.0338,0.0000,0.0000,0.0000,1.0000,3.167,,,,,,,
76,Right,12,0.0024,0.0046,0.0619,0.1050,0.0971,-0.0143,0.9896,3.167,,,,,,,
76,Right,13,0.0000,0.0000,0.0429,0.0754,0.0035,-0.0117,0.9971,3.167,,,,,,,
76,Right,14,0.0000,0.0000,0.0275,-0.0038,0.0007,-0.0432,0.9991,3.167,,,,,,,
76,Right,15,0.0003,0.0011,0.0250,0.0000,0.0000,0.0000,1.0000,3.167,,,,,,,
76,Right,16,0.0150,-0.0060,0.0348,0.0000,0.0000,0.0000,1.0000,3.167,,,,,,,
76,Right,17,0.0025,-0.0005,0.0539,0.0771,0.1065,-0.0560,0.9897,3.167,,,,,,,
76,Right,18,0.0000,0.0000,0.0390,0.0743,0.0005,-0.0353,0.9966,3.167,,,,,,,
76,Right,19,0.0000,0.0000,0.0266,0.0295,-0.0294,-0.0060,0.9991,3.167,,,,,,,
76,Right,20,0.0003,0.0016,0.0243,0.0000,0.0000,0.0000,1.0000,3.167,,,,,,,
76,Right,21,0.0230,-0.0094,0.0341,0.0183,0.1403,-0.2070,0.9680,3.167,,,,,,,
76,Right,22,0.0000,0.0000,0.0457,-0.0350,0.0229,0.0952,0.9946,3.167,,,,,,,
76,Right,23,0.0000,0.0000,0.0307,0.1158,0.0376,-0.0487,0.9914,3.167,,,,,,,
76,Right,24,0.0000,0.0000,0.0203,-0.0072,-0.0492,0.0007,0.9988,3.167,,,,,,,
76,Right,25,-0.0002,0.0012,0.0219,0.0000,0.0000,0.0000,1.0000,3.167,,,,,,,
77,Left,0,0.0017,-0.0057,0.0655,0.0000,0.0000,0.0000,1.0000,3.209,,,,,,,
77,Left,1,0.0000,0.0000,0.0000,0.0000,0.0000,0.0000,1.0000,3.209,-0.5188,0.3443,-0.0783,-0.7467,0.4835,-0.1559,-0.4293
77,Left,2,0.0264,-0.0209,0.0367,-0.0175,0.3094,-0.6527,0.6914,3.209,,,,,,,
77,Left,3,0.0000,0.0000,0.0325,0.2876,-0.0433,0.0803,0.9534,3.209,,,,,,,
77,Left,4,0.0000,0.0000,0.0338,0.1793,0.0446,-0.0768,0.9798,3.209,,,,,,,
77,Left,5,-0.0007,0.0010,0.0246,0.0000,0.0000,0.0000,1.0000,3.209,,,,,,,
77,Left,6,0.0179,-0.0119,0.0376,0.0000,0.0000,0.0000,1.0000,3.209,,,,,,,
77,Left,7,0.0056,0.0046,0.0584,0.4392,-0.1121,0.0027,0.8914,3.209,,,,,,,
77,Left,8,0.0000,0.0000,0.0379,0.7031,0.0131,0.0220,0.7106,3.209,,,,,,,
77,Left,9,0.0000,0.0000,0.0243,0.5122,-0.0139,0.0166,0.8586,3.209,,,,,,,
77,Left,10,-0.0003,0.0010,0.0224,0.0000,0.0000,0.0000,1.0000,3.209,,,,,,,
77,Left,11,0.0017,-0.0088,0.0354,0.0000,0.0000,0.0000,1.0000,3.209,,,,,,,
77,Left,12,0.0000,0.0063,0.0602,0.5474,-0.1046,0.0701,0.8273,3.209,,,,,,,
77,Left,13,0.0000,0.0000,0.0429,0.6920,0.0046,0.0126,0.7218,3.209,,,,,,,
77,Left,14,0.0000,0.0000,0.0275,0.5434,0.0233,0.0898,0.8344,3.209,,,,,,,
77,Left,15,-0.0003,0.0011,0.0250,0.0000,0.0000,0.0000,1.0000,3.209,,,,,,,
77,Left,16,-0.0150,-0.0060,0.0348,0.0000,0.0000,0.0000,1.0000,3.209,,,,,,,
77,Left,17,-0.0025,-0.0005,0.0539,0.5789,-0.0713,0.1048,0.8055,3.209,,,,,,,
77,Left,18,0.0000,0.0000,0.0390,0.6818,0.0207,0.0417,0.7300,3.209,,,,,,,
77,Left,19,0.0000,0.0000,0.0266,0.5601,0.0269,0.0301,0.8274,3.209,,,,,,,
77,Left,20,-0.0003,0.0016,0.0243,0.0000,0.0000,0.0000,1.0000,3.209,,,,,,,
77,Left,21,-0.0230,-0.0094,0.0341,0.0183,-0.1403,0.2070,0.9680,3.209,,,,,,,
77,Left,22,0.0000,0.0000,0.0457,0.5422,-0.0475,-0.0532,0.8372,3.209,,,,,,,
77,Left,23,0.0000,0.0000,0.0307,0.6127,-0.0096,0.0843,0.7857,3.209,,,,,,,
77,Left,24,0.0000,0.0000,0.0203,0.6221,0.0380,-0.0027,0.7820,3.209,,,,,,,
77,Left,25,0.0002,0.0012,0.0219,0.0000,0.0000,0.0000,1.0000,3.209,,,,,,,
77,Right,0,-0.0029,-0.0048,0.0647,0.0000,0.0000,0.0000,1.0000,3.209,,,,,,,
77,Right,1,0.0000,0.0000,0.0000,0.0000,0.0000,0.0000,1.0000,3.209,-0.0125,0.0754,0.0192,0.6392,-0.0806,-0.0722,0.7614
77,Right,2,-0.0313,-0.0139,0.0334,-0.1666,-0.3175,0.5137,0.7794,3.209,,,,,,,
77,Right,3,0.0000,0.0000,0.0325,0.2816,0.0439,-0.0804,0.9551,3.209,,,,,,,
77,Right,4,0.0000,0.0000,0.0338,0.1092,-0.0510,0.0793,0.9895,3.209,,,,,,,
77,Right,5,0.0007,0.0010,0.0246,0.0000,0.0000,0.0000,1.0000,3.209,,,,,,,
77,Right,6,-0.0204,-0.0084,0.0359,0.0000,0.0000,0.0000,1.0000,3.209,,,,,,,
77,Right,7,-0.0032,0.0011,0.0601,0.0226,0.0548,0.0315,0.9977,3.209,,,,,,,
77,Right,8,0.0000,0.0000,0.0379,0.0786,0.0051,-0.0262,0.9966,3.209,,,,,,,
77,Right,9,0.0000,0.0000,0.0243,0.0414,0.0253,-0.0166,0.9987,3.209,,,,,,,
77,Right,10,0.0003,0.0010,0.0224,0.0000,0.0000,0.0000,1.0000,3.209,,,,,,,
77,Right,11,-0.0042,-0.0071,0.0338,0.0000,0.0000,0.0000,1.0000,3.209,,,,,,,
77,Right,12,0.0024,0.0046,0.0619,0.1050,0.0964,-0.0143,0.9897,3.209,,,,,,,
77,Right,13,0.0000,0.0000,0.0429,0.0744,0.0035,-0.0117,0.9972,3.209,,,,,,,
77,Right,14,0.0000,0.0000,0.0275,-0.0038,0.0007,-0.0432,0.9991,3.209,,,,,,,
77,Right,15,0.0003,0.0011,0.0250,0.0000,0.0000,0.0000,1.0000,3.209,,,,,,,
77,Right,16,0.0150,-0.0060,0.0348,0.0000,0.0000,0.0000,1.0000,3.209,,,,,,,
77,Right,17,0.0025,-0.0005,0.0539,0.0776,0.1057,-0.0560,0.9898,3.209,,,,,,,
77,Right,18,0.0000,0.0000,0.0390,0.0732,0.0005,-0.0352,0.9967,3.209,,,,,,,
77,Right,19,0.0000,0.0000,0.0266,0.0294,-0.0294,-0.0060,0.9991,3.209,,,,,,,
77,Right,20,0.0003,0.0016,0.0243,0.0000,0.0000,0.0000,1.0000,3.209,,,,,,,
77,Right,21,0.0230,-0.0094,0.0341,0.0183,0.1403,-0.2070,0.9680,3.209,,,,,,,
77,Right,22,0.0000,0.0000,0.0457,-0.0350,0.0213,0.0951,0.9946,3.209,,,,,,,
77,Right,23,0.0000,0.0000,0.0307,0.1161,0.0376,-0.0487,0.9913,3.209,,,,,,,
77,Right,24,0.0000,0.0000,0.0203,-0.0069,-0.0492,0.0007,0.9988,3.209,,,,,,,
77,Right,25,-0.0002,0.0012,0.0219,0.0000,0.0000,0.0000,1.0000,3.209,,,,,,,
78,Left,0,0.0017,-0.0057,0.0655,0.0000,0.0000,0.0000,1.0000,3.251,,,,,,,
78,Left,1,0.0000,0.0000,0.0000,0.0000,0.0000,0.0000,1.0000,3.251,-0.5160,0.3471,-0.0798,-0.7454,0.4915,-0.1501,-0.4245
78,Left,2,0.0264,-0.0209,0.0368,-0.0182,0.3074,-0.6532,0.6917,3.251,,,,,,,
78,Left,3,0.0000,0.0000,0.0325,0.2870,-0.0433,0.0803,0.9536,3.251,,,,,,,
78,Left,4,0.0000,0.0000,0.0338,0.1791,0.0446,-0.0768,0.9798,3.251,,,,,,,
78,Left,5,-0.0007,0.0010,0.0246,0.0000,0.0000,0.0000,1.0000,3.251,,,,,,,
78,Left,6,0.0179,-0.0119,0.0376,0.0000,0.0000,0.0000,1.0000,3.251,,,,,,,
78,Left,7,0.0057,0.0046,0.0584,0.4362,-0.1125,0.0025,0.8928,3.251,,,,,,,
78,Left,8,0.0000,0.0000,0.0379,0.7005,0.0130,0.0221,0.7132,3.251,,,,,,,
78,Left,9,0.0000,0.0000,0.0243,0.5071,-0.0141,0.0167,0.8616,3.251,,,,,,,
78,Left,10,-0.0003,0.0010,0.0224,0.0000,0.0000,0.0000,1.0000,3.251,,,,,,,
78,Left,11,0.0017,-0.0089,0.0354,0.0000,0.0000,0.0000,1.0000,3.251,,,,,,,
78,Left,12,0.0000,0.0063,0.0602,0.5462,-0.1048,0.0699,0.8281,3.251,,,,,,,
78,Left,13,0.0000,0.0000,0.0429,0.6862,0.0045,0.0126,0.7273,3.251,,,,,,,
78,Left,14,0.0000,0.0000,0.0275,0.5426,0.0232,0.0897,0.8349,3.251,,,,,,,
78,Left,15,-0.0003,0.0011,0.0250,0.0000,0.0000,0.0000,1.0000,3.251,,,,,,,
78,Left,16,-0.0150,-0.0060,0.0348,0.0000,0.0000,0.0000,1.0000,3.251,,,,,,,
78,Left,17,-0.0025,-0.0005,0.0539,0.5782,-0.0713,0.1047,0.8060,3.251,,,,,,,
78,Left,18,0.0000,0.0000,0.0390,0.6793,0.0206,0.0417,0.7323,3.251,,,,,,,
78,Left,19,0.0000,0.0000,0.0266,0.5602,0.0269,0.0301,0.8274,3.251,,,,,,,
78,Left,20,-0.0003,0.0016,0.0243,0.0000,0.0000,0.0000,1.0000,3.251,,,,,,,
78,Left,21,-0.0230,-0.0094,0.0341,0.0183,-0.1403,0.2070,0.9680,3.251,,,,,,,
78,Left,22,0.0000,0.0000,0.0457,0.5420,-0.0474,-0.0533,0.8374,3.251,,,,,,,
78,Left,23,0.0000,0.0000,0.0307,0.6082,-0.0099,0.0841,0.7893,3.251,,,,,,,
78,Left,24,0.0000,0.0000,0.0203,0.6223,0.0380,-0.0027,0.7819,3.251,,,,,,,
78,Left,25,0.0002,0.0012,0.0219,0.0000,0.0000,0.0000,1.0000,3.251,,,,,,,
78,Right,0,-0.0029,-0.0048,0.0647,0.0000,0.0000,0.0000,1.0000,3.251,,,,,,,
78,Right,1,0.0000,0.0000,0.0000,0.0000,0.0000,0.0000,1.0000,3.251,-0.0121,0.0761,0.0186,0.6390,-0.0805,-0.0722,0.7616
78,Right,2,-0.0313,-0.0139,0.0334,-0.1670,-0.3175,0.5133,0.7796,3.251,,,,,,,
78,Right,3,0.0000,0.0000,0.0325,0.2813,0.0439,-0.0805,0.9552,3.251,,,,,,,
78,Right,4,0.0000,0.0000,0.0338,0.1129,-0.0506,0.0792,0.9892,3.251,,,,,,,
78,Right,5,0.0007,0.0010,0.0246,0.0000,0.0000,0.0000,1.0000,3.251,,,,,,,
78,Right,6,-0.0204,-0.0084,0.0359,0.0000,0.0000,0.0000,1.0000,3.251,,,,,,,
78,Right,7,-0.0032,0.0011,0.0601,0.0224,0.0543,0.0315,0.9978,3.251,,,,,,,
78,Right,8,0.0000,0.0000,0.0379,0.0777,0.0052,-0.0262,0.9966,3.251,,,,,,,
78,Right,9,0.0000,0.0000,0.0243,0.0416,0.0253,-0.0166,0.9987,3.251,,,,,,,
78,Right,10,0.0003,0.0010,0.0224,0.0000,0.0000,0.0000,1.0000,3.251,,,,,,,
78,Right,11,-0.0042,-0.0071,0.0337,0.0000,0.0000,0.0000,1.0000,3.251,,,,,,,
78,Right,12,0.0024,0.0046,0.0619,0.1052,0.0957,-0.0143,0.9897,3.251,,,,,,,
78,Right,13,0.0000,0.0000,0.0429,0.0738,0.0035,-0.0117,0.9972,3.251,,,,,,,
78,Right,14,0.0000,0.0000,0.0275,-0.0038,0.0007,-0.0433,0.9991,3.251,,,,,,,
78,Right,15,0.0003,0.0011,0.0250,0.0000,0.0000,0.0000,1.0000,3.251,,,,,,,
78,Right,16,0.0150,-0.0060,0.0348,0.0000,0.0000,0.0000,1.0000,3.251,,,,,,,
78,Right,17,0.0025,-0.0005,0.0539,0.0785,0.1047,-0.0561,0.9898,3.251,,,,,,,
78,Right,18,0.0000,0.0000,0.0390,0.0726,0.0005,-0.0352,0.9967,3.251,,,,,,,
78,Right,19,0.0000,0.0000,0.0266,0.0294,-0.0294,-0.0060,0.9991,3.251,,,,,,,
78,Right,20,0.0003,0.0016,0.0243,0.0000,0.0000,0.0000,1.0000,3.251,,,,,,,
78,Right,21,0.0230,-0.0094,0.0341,0.0183,0.1403,-0.2070,0.9680,3.251,,,,,,,
78,Right,22,0.0000,0.0000,0.0457,-0.0348,0.0196,0.0950,0.9947,3.251,,,,,,,
78,Right,23,0.0000,0.0000,0.0307,0.1169,0.0376,-0.0488,0.9912,3.251,,,,,,,
78,Right,24,0.0000,0.0000,0.0203,-0.0067,-0.0492,0.0007,0.9988,3.251,,,,,,,
78,Right,25,-0.0002,0.0012,0.0219,0.0000,0.0000,0.0000,1.0000,3.251,,,,,,,
79,Left,0,0.0017,-0.0057,0.0655,0.0000,0.0000,0.0000,1.0000,3.293,,,,,,,
79,Left,1,0.0000,0.0000,0.0000,0.0000,0.0000,0.0000,1.0000,3.293,-0.5126,0.3508,-0.0767,-0.7376,0.4804,-0.1515,-0.4496
79,Left,2,0.0264,-0.0209,0.0367,-0.0185,0.3077,-0.6528,0.6920,3.293,,,,,,,
79,Left,3,0.0000,0.0000,0.0325,0.2857,-0.0435,0.0804,0.9539,3.293,,,,,,,
79,Left,4,0.0000,0.0000,0.0338,0.1792,0.0446,-0.0768,0.9798,3.293,,,,,,,
79,Left,5,-0.0007,0.0010,0.0246,0.0000,0.0000,0.0000,1.0000,3.293,,,,,,,
79,Left,6,0.0179,-0.0119,0.0376,0.0000,0.0000,0.0000,1.0000,3.293,,,,,,,
79,Left,7,0.0056,0.0046,0.0584,0.4370,-0.1128,0.0028,0.8923,3.293,,,,,,,
79,Left,8,0.0000,0.0000,0.0379,0.7027,0.0130,0.0220,0.7110,3.293,,,,,,,
79,Left,9,0.0000,0.0000,0.0243,0.5070,-0.0141,0.0167,0.8617,3.293,,,,,,,
79,Left,10,-0.0003,0.0010,0.0224,0.0000,0.0000,0.0000,1.0000,3.293,,,,,,,
79,Left,11,0.0017,-0.0088,0.0354,0.0000,0.0000,0.0000,1.0000,3.293,,,,,,,
79,Left,12,0.0000,0.0063,0.0602,0.5461,-0.1042,0.0695,0.8283,3.293,,,,,,,
79,Left,13,0.0000,0.0000,0.0429,0.6862,0.0045,0.0126,0.7272,3.293,,,,,,,
79,Left,14,0.0000,0.0000,0.0275,0.5423,0.0232,0.0897,0.8351,3.293,,,,,,,
79,Left,15,-0.0003,0.0011,0.0250,0.0000,0.0000,0.0000,1.0000,3.293,,,,,,,
79,Left,16,-0.0150,-0.0060,0.0348,0.0000,0.0000,0.0000,1.0000,3.293,,,,,,,
79,Left,17,-0.0025,-0.0005,0.0539,0.5781,-0.0712,0.1045,0.8061,3.293,,,,,,,
79,Left,18,0.0000,0.0000,0.0390,0.6791,0.0206,0.0417,0.7325,3.293,,,,,,,
79,Left,19,0.0000,0.0000,0.0266,0.5603,0.0269,0.0301,0.8273,3.293,,,,,,,
79,Left,20,-0.0003,0.0016,0.0243,0.0000,0.0000,0.0000,1.0000,3.293,,,,,,,
79,Left,21,-0.0230,-0.0094,0.0341,0.0183,-0.1403,0.2070,0.9680,3.293,,,,,,,
79,Left,22,0.0000,0.0000,0.0457,0.5428,-0.0479,-0.0530,0.8368,3.293,,,,,,,
79,Left,23,0.0000,0.0000,0.0307,0.6088,-0.0099,0.0841,0.7888,3.293,,,,,,,
79,Left,24,0.0000,0.0000,0.0203,0.6216,0.0381,-0.0027,0.7824,3.293,,,,,,,
79,Left,25,0.0002,0.0012,0.0219,0.0000,0.0000,0.0000,1.0000,3.293,,,,,,,
79,Right,0,-0.0029,-0.0048,0.0647,0.0000,0.0000,0.0000,1.0000,3.293,,,,,,,
79,Right,1,0.0000,0.0000,0.0000,0.0000,0.0000,0.0000,1.0000,3.293,-0.0119,0.0768,0.0179,0.6388,-0.0798,-0.0717,0.7618
79,Right,2,-0.0313,-0.0139,0.0334,-0.1676,-0.3173,0.5128,0.7799,3.293,,,,,,,
79,Right,3,0.0000,0.0000,0.0325,0.2803,0.0440,-0.0805,0.9555,3.293,,,,,,,
79,Right,4,0.0000,0.0000,0.0338,0.1143,-0.0505,0.0791,0.9890,3.293,,,,,,,
79,Right,5,0.0007,0.0010,0.0246,0.0000,0.0000,0.0000,1.0000,3.293,,,,,,,
79,Right,6,-0.0204,-0.0084,0.0359,0.0000,0.0000,0.0000,1.0000,3.293,,,,,,,
79,Right,7,-0.0032,0.0011,0.0601,0.0227,0.0535,0.0315,0.9978,3.293,,,,,,,
79,Right,8,0.0000,0.0000,0.0379,0.0770,0.0052,-0.0262,0.9967,3.293,,,,,,,
79,Right,9,0.0000,0.0000,0.0243,0.0418,0.0253,-0.0166,0.9987,3.293,,,,,,,
79,Right,10,0.0003,0.0010,0.0224,0.0000,0.0000,0.0000,1.0000,3.293,,,,,,,
79,Right,11,-0.0042,-0.0071,0.0337,0.0000,0.0000,0.0000,1.0000,3.293,,,,,,,
79,Right,12,0.0024,0.0046,0.0619,0.1058,0.0948,-0.0143,0.9898,3.293,,,,,,,
79,Right,13,0.0000,0.0000,0.0429,0.0733,0.0035,-0.0117,0.9972,3.293,,,,,,,
79,Right,14,0.0000,0.0000,0.0275,-0.0037,0.0007,-0.0433,0.9991,3.293,,,,,,,
79,Right,15,0.0003,0.0011,0.0250,0.0000,0.0000,0.0000,1.0000,3.293,,,,,,,
79,Right,16,0.0150,-0.0060,0.0348,0.0000,0.0000,0.0000,1.0000,3.293,,,,,,,
79,Right,17,0.0025,-0.0005,0.0539,0.0794,0.1039,-0.0562,0.9898,3.293,,,,,,,
79,Right,18,0.0000,0.0000,0.0390,0.0722,0.0006,-0.0352,0.9968,3.293,,,,,,,
79,Right,19,0.0000,0.0000,0.0266,0.0294,-0.0294,-0.0060,0.9991,3.293,,,,,,,
79,Right,20,0.0003,0.0016,0.0243,0.0000,0.0000,0.0000,1.0000,3.293,,,,,,,
79,Right,21,0.0230,-0.0094,0.0341,0.0183,0.1403,-0.2070,0.9680,3.293,,,,,,,
79,Right,22,0.0000,0.0000,0.0457,-0.0349,0.0182,0.0950,0.9947,3.293,,,,,,,
79,Right,23,0.0000,0.0000,0.0307,0.1177,0.0375,-0.0488,0.9911,3.293,,,,,,,
79,Right,24,0.0000,0.0000,0.0203,-0.0066,-0.0492,0.0007,0.9988,3.293,,,,,,,
79,Right,25,-0.0002,0.0012,0.0219,0.0000,0.0000,0.0000,1.0000,3.293,,,,,,,
80,Left,0,0.0017,-0.0057,0.0655,0.0000,0.0000,0.0000,1.0000,3.334,,,,,,,
80,Left,1,0.0000,0.0000,0.0000,0.0000,0.0000,0.0000,1.0000,3.334,-0.5094,0.3560,-0.0762,-0.7384,0.4774,-0.1502,-0.4520
80,Left,2,0.0264,-0.0209,0.0367,-0.0187,0.3081,-0.6525,0.6921,3.334,,,,,,,
80,Left,3,0.0000,0.0000,0.0325,0.2845,-0.0436,0.0804,0.9543,3.334,,,,,,,
80,Left,4,0.0000,0.0000,0.0338,0.1791,0.0446,-0.0768,0.9798,3.334,,,,,,,
80,Left,5,-0.0007,0.0010,0.0246,0.0000,0.0000,0.0000,1.0000,3.334,,,,,,,
80,Left,6,0.0179,-0.0119,0.0376,0.0000,0.0000,0.0000,1.0000,3.334,,,,,,,
80,Left,7,0.0056,0.0046,0.0584,0.4384,-0.1129,0.0029,0.8917,3.334,,,,,,,
80,Left,8,0.0000,0.0000,0.0379,0.7101,0.0133,0.0219,0.7037,3.334,,,,,,,
80,Left,9,0.0000,0.0000,0.0243,0.5077,-0.0141,0.0167,0.8612,3.334,,,,,,,
80,Left,10,-0.0003,0.0010,0.0224,0.0000,0.0000,0.0000,1.0000,3.334,,,,,,,
80,Left,11,0.0017,-0.0088,0.0354,0.0000,0.0000,0.0000,1.0000,3.334,,,,,,,
80,Left,12,0.0000,0.0063,0.0602,0.5466,-0.1033,0.0691,0.8281,3.334,,,,,,,
80,Left,13,0.0000,0.0000,0.0429,0.6868,0.0046,0.0126,0.7267,3.334,,,,,,,
80,Left,14,0.0000,0.0000,0.0275,0.5419,0.0232,0.0897,0.8353,3.334,,,,,,,
80,Left,15,-0.0003,0.0011,0.0250,0.0000,0.0000,0.0000,1.0000,3.334,,,,,,,
80,Left,16,-0.0150,-0.0060,0.0348,0.0000,0.0000,0.0000,1.0000,3.334,,,,,,,
80,Left,17,-0.0025,-0.0005,0.0539,0.5782,-0.0708,0.1043,0.8061,3.334,,,,,,,
80,Left,18,0.0000,0.0000,0.0390,0.6791,0.0206,0.0417,0.7326,3.334,,,,,,,
80,Left,19,0.0000,0.0000,0.0266,0.5605,0.0269,0.0301,0.8272,3.334,,,,,,,
80,Left,20,-0.0003,0.0016,0.0243,0.0000,0.0000,0.0000,1.0000,3.334,,,,,,,
80,Left,21,-0.0230,-0.0094,0.0341,0.0183,-0.1403,0.2070,0.9680,3.334,,,,,,,
80,Left,22,0.0000,0.0000,0.0457,0.5446,-0.0481,-0.0527,0.8357,3.334,,,,,,,
80,Left,23,0.0000,0.0000,0.0307,0.6122,-0.0096,0.0843,0.7861,3.334,,,,,,,
80,Left,24,0.0000,0.0000,0.0203,0.6210,0.0381,-0.0027,0.7829,3.334,,,,,,,
80,Left,25,0.0002,0.0012,0.0219,0.0000,0.0000,0.0000,1.0000,3.334,,,,,,,
80,Right,0,-0.0029,-0.0048,0.0647,0.0000,0.0000,0.0000,1.0000,3.334,,,,,,,
80,Right,1,0.0000,0.0000,0.0000,0.0000,0.0000,0.0000,1.0000,3.334,-0.0112,0.0775,0.0180,0.6393,-0.0780,-0.0720,0.7616
80,Right,2,-0.0313,-0.0139,0.0334,-0.1676,-0.3173,0.5127,0.7800,3.334,,,,,,,
80,Right,3,0.0000,0.0000,0.0325,0.2799,0.0441,-0.0805,0.9556,3.334,,,,,,,
80,Right,4,0.0000,0.0000,0.0338,0.1158,-0.0504,0.0791,0.9888,3.334,,,,,,,
80,Right,5,0.0007,0.0010,0.0246,0.0000,0.0000,0.0000,1.0000,3.334,,,,,,,
80,Right,6,-0.0204,-0.0084,0.0359,0.0000,0.0000,0.0000,1.0000,3.334,,,,,,,
80,Right,7,-0.0032,0.0011,0.0601,0.0229,0.0530,0.0315,0.9978,3.334,,,,,,,
80,Right,8,0.0000,0.0000,0.0379,0.0763,0.0052,-0.0262,0.9967,3.334,,,,,,,
80,Right,9,0.0000,0.0000,0.0243,0.0420,0.0253,-0.0166,0.9987,3.334,,,,,,,
80,Right,10,0.0003,0.0010,0.0224,0.0000,0.0000,0.0000,1.0000,3.334,,,,,,,
80,Right,11,-0.0042,-0.0071,0.0337,0.0000,0.0000,0.0000,1.0000,3.334,,,,,,,
80,Right,12,0.0024,0.0046,0.0619,0.1064,0.0941,-0.0143,0.9898,3.334,,,,,,,
80,Right,13,0.0000,0.0000,0.0429,0.0726,0.0035,-0.0117,0.9973,3.334,,,,,,,
80,Right,14,0.0000,0.0000,0.0275,-0.0038,0.0007,-0.0432,0.9991,3.334,,,,,,,
80,Right,15,0.0003,0.0011,0.0250,0.0000,0.0000,0.0000,1.0000,3.334,,,,,,,
80,Right,16,0.0150,-0.0060,0.0348,0.0000,0.0000,0.0000,1.0000,3.334,,,,,,,
80,Right,17,0.0025,-0.0005,0.0539,0.0802,0.1034,-0.0562,0.9898,3.334,,,,,,,
80,Right,18,0.0000,0.0000,0.0390,0.0718,0.0006,-0.0352,0.9968,3.334,,,,,,,
80,Right,19,0.0000,0.0000,0.0266,0.0293,-0.0294,-0.0060,0.9991,3.334,,,,,,,
80,Right,20,0.0003,0.0016,0.0243,0.0000,0.0000,0.0000,1.0000,3.334,,,,,,,
80,Right,21,0.0230,-0.0094,0.0341,0.0183,0.1403,-0.2070,0.9680,3.334,,,,,,,
80,Right,22,0.0000,0.0000,0.0457,-0.0351,0.0169,0.0949,0.9947,3.334,,,,,,,
80,Right,23,0.0000,0.0000,0.0307,0.1184,0.0375,-0.0489,0.9911,3.334,,,,,,,
80,Right,24,0.0000,0.0000,0.0203,-0.0066,-0.0492,0.0007,0.9988,3.334,,,,,,,
80,Right,25,-0.0002,0.0012,0.0219,0.0000,0.0000,0.0000,1.0000,3.334,,,,,,,
81,Left,0,0.0017,-0.0057,0.0655,0.0000,0.0000,0.0000,1.0000,3.376,,,,,,,
81,Left,1,0.0000,0.0000,0.0000,0.0000,0.0000,0.0000,1.0000,3.376,-0.5053,0.3594,-0.0758,-0.7396,0.4773,-0.1474,-0.4511
81,Left,2,0.0264,-0.0209,0.0367,-0.0179,0.3085,-0.6528,0.6916,3.376,,,,,,,
81,Left,3,0.0000,0.0000,0.0325,0.2830,-0.0437,0.0804,0.9547,3.376,,,,,,,
81,Left,4,0.0000,0.0000,0.0338,0.1784,0.0447,-0.0769,0.9799,3.376,,,,,,,
81,Left,5,-0.0007,0.0010,0.0246,0.0000,0.0000,0.0000,1.0000,3.376,,,,,,,
81,Left,6,0.0179,-0.0119,0.0376,0.0000,0.0000,0.0000,1.0000,3.376,,,,,,,
81,Left,7,0.0056,0.0046,0.0584,0.4399,-0.1130,0.0032,0.8909,3.376,,,,,,,
81,Left,8,0.0000,0.0000,0.0379,0.7131,0.0134,0.0218,0.7006,3.376,,,,,,,
81,Left,9,0.0000,0.0000,0.0243,0.5091,-0.0140,0.0167,0.8605,3.376,,,,,,,
81,Left,10,-0.0003,0.0010,0.0224,0.0000,0.0000,0.0000,1.0000,3.376,,,,,,,
81,Left,11,0.0017,-0.0088,0.0354,0.0000,0.0000,0.0000,1.0000,3.376,,,,,,,
81,Left,12,0.0000,0.0063,0.0602,0.5471,-0.1024,0.0686,0.8280,3.376,,,,,,,
81,Left,13,0.0000,0.0000,0.0429,0.6873,0.0046,0.0126,0.7263,3.376,,,,,,,
81,Left,14,0.0000,0.0000,0.0276,0.5427,0.0232,0.0897,0.8348,3.376,,,,,,,
81,Left,15,-0.0003,0.0011,0.0250,0.0000,0.0000,0.0000,1.0000,3.376,,,,,,,
81,Left,16,-0.0150,-0.0060,0.0348,0.0000,0.0000,0.0000,1.0000,3.376,,,,,,,
81,Left,17,-0.0025,-0.0005,0.0539,0.5784,-0.0703,0.1040,0.8060,3.376,,,,,,,
81,Left,18,0.0000,0.0000,0.0390,0.6793,0.0206,0.0417,0.7324,3.376,,,,,,,
81,Left,19,0.0000,0.0000,0.0266,0.5611,0.0269,0.0302,0.8268,3.376,,,,,,,
81,Left,20,-0.0003,0.0016,0.0243,0.0000,0.0000,0.0000,1.0000,3.376,,,,,,,
81,Left,21,-0.0230,-0.0094,0.0341,0.0183,-0.1403,0.2070,0.9680,3.376,,,,,,,
81,Left,22,0.0000,0.0000,0.0457,0.5468,-0.0482,-0.0526,0.8342,3.376,,,,,,,
81,Left,23,0.0000,0.0000,0.0307,0.6200,-0.0091,0.0848,0.7799,3.376,,,,,,,
81,Left,24,0.0000,0.0000,0.0203,0.6210,0.0381,-0.0027,0.7829,3.376,,,,,,,
81,Left,25,0.0002,0.0012,0.0219,0.0000,0.0000,0.0000,1.0000,3.376,,,,,,,
81,Right,0,-0.0029,-0.0048,0.0647,0.0000,0.0000,0.0000,1.0000,3.376,,,,,,,
81,Right,1,0.0000,0.0000,0.0000,0.0000,0.0000,0.0000,1.0000,3.376,-0.0100,0.0790,0.0185,0.6391,-0.0785,-0.0734,0.7616
81,Right,2,-0.0313,-0.0139,0.0334,-0.1679,-0.3173,0.5124,0.7801,3.376,,,,,,,
81,Right,3,0.0000,0.0000,0.0325,0.2797,0.0441,-0.0805,0.9557,3.376,,,,,,,
81,Right,4,0.0000,0.0000,0.0338,0.1172,-0.0503,0.0790,0.9887,3.376,,,,,,,
81,Right,5,0.0007,0.0010,0.0246,0.0000,0.0000,0.0000,1.0000,3.376,,,,,,,
81,Right,6,-0.0204,-0.0084,0.0359,0.0000,0.0000,0.0000,1.0000,3.376,,,,,,,
81,Right,7,-0.0032,0.0011,0.0601,0.0232,0.0530,0.0315,0.9978,3.376,,,,,,,
81,Right,8,0.0000,0.0000,0.0379,0.0754,0.0052,-0.0262,0.9968,3.376,,,,,,,
81,Right,9,0.0000,0.0000,0.0243,0.0420,0.0253,-0.0166,0.9987,3.376,,,,,,,
81,Right,10,0.0003,0.0010,0.0224,0.0000,0.0000,0.0000,1.0000,3.376,,,,,,,
81,Right,11,-0.0042,-0.0071,0.0337,0.0000,0.0000,0.0000,1.0000,3.376,,,,,,,
81,Right,12,0.0024,0.0045,0.0619,0.1071,0.0933,-0.0143,0.9898,3.376,,,,,,,
81,Right,13,0.0000,0.0000,0.0429,0.0720,0.0035,-0.0117,0.9973,3.376,,,,,,,
81,Right,14,0.0000,0.0000,0.0275,-0.0041,0.0007,-0.0432,0.9991,3.376,,,,,,,
81,Right,15,0.0003,0.0011,0.0250,0.0000,0.0000,0.0000,1.0000,3.376,,,,,,,
81,Right,16,0.0150,-0.0060,0.0348,0.0000,0.0000,0.0000,1.0000,3.376,,,,,,,
81,Right,17,0.0025,-0.0005,0.0539,0.0808,0.1027,-0.0563,0.9898,3.376,,,,,,,
81,Right,18,0.0000,0.0000,0.0390,0.0716,0.0006,-0.0352,0.9968,3.376,,,,,,,
81,Right,19,0.0000,0.0000,0.0266,0.0294,-0.0294,-0.0060,0.9991,3.376,,,,,,,
81,Right,20,0.0003,0.0016,0.0243,0.0000,0.0000,0.0000,1.0000,3.376,,,,,,,
81,Right,21,0.0230,-0.0094,0.0341,0.0183,0.1403,-0.2070,0.9680,3.376,,,,,,,
81,Right,22,0.0000,0.0000,0.0457,-0.0353,0.0159,0.0949,0.9947,3.376,,,,,,,
81,Right,23,0.0000,0.0000,0.0307,0.1192,0.0375,-0.0490,0.9910,3.376,,,,,,,
81,Right,24,0.0000,0.0000,0.0203,-0.0064,-0.0492,0.0007,0.9988,3.376,,,,,,,
81,Right,25,-0.0002,0.0012,0.0219,0.0000,0.0000,0.0000,1.0000,3.376,,,,,,,
82,Left,0,0.0017,-0.0057,0.0655,0.0000,0.0000,0.0000,1.0000,3.418,,,,,,,
82,Left,1,0.0000,0.0000,0.0000,0.0000,0.0000,0.0000,1.0000,3.418,-0.5041,0.3616,-0.0775,-0.7426,0.4717,-0.1444,-0.4530
82,Left,2,0.0264,-0.0209,0.0367,-0.0171,0.3096,-0.6528,0.6912,3.418,,,,,,,
82,Left,3,0.0000,0.0000,0.0325,0.2815,-0.0439,0.0804,0.9552,3.418,,,,,,,
82,Left,4,0.0000,0.0000,0.0338,0.1784,0.0447,-0.0769,0.9799,3.418,,,,,,,
82,Left,5,-0.0007,0.0010,0.0246,0.0000,0.0000,0.0000,1.0000,3.418,,,,,,,
82,Left,6,0.0179,-0.0119,0.0376,0.0000,0.0000,0.0000,1.0000,3.418,,,,,,,
82,Left,7,0.0056,0.0046,0.0584,0.4409,-0.1125,0.0030,0.8905,3.418,,,,,,,
82,Left,8,0.0000,0.0000,0.0379,0.7162,0.0135,0.0217,0.6974,3.418,,,,,,,
82,Left,9,0.0000,0.0000,0.0243,0.5114,-0.0140,0.0166,0.8591,3.418,,,,,,,
82,Left,10,-0.0003,0.0010,0.0224,0.0000,0.0000,0.0000,1.0000,3.418,,,,,,,
82,Left,11,0.0017,-0.0088,0.0354,0.0000,0.0000,0.0000,1.0000,3.418,,,,,,,
82,Left,12,0.0000,0.0063,0.0602,0.5471,-0.1010,0.0678,0.8281,3.418,,,,,,,
82,Left,13,0.0000,0.0000,0.0429,0.6878,0.0046,0.0126,0.7258,3.418,,,,,,,
82,Left,14,0.0000,0.0000,0.0275,0.5436,0.0233,0.0898,0.8342,3.418,,,,,,,
82,Left,15,-0.0003,0.0011,0.0250,0.0000,0.0000,0.0000,1.0000,3.418,,,,,,,
82,Left,16,-0.0150,-0.0060,0.0348,0.0000,0.0000,0.0000,1.0000,3.418,,,,,,,
82,Left,17,-0.0025,-0.0005,0.0539,0.5782,-0.0687,0.1030,0.8064,3.418,,,,,,,
82,Left,18,0.0000,0.0000,0.0390,0.6800,0.0206,0.0417,0.7317,3.418,,,,,,,
82,Left,19,0.0000,0.0000,0.0266,0.5616,0.0268,0.0302,0.8264,3.418,,,,,,,
82,Left,20,-0.0003,0.0016,0.0243,0.0000,0.0000,0.0000,1.0000,3.418,,,,,,,
82,Left,21,-0.0230,-0.0094,0.0341,0.0183,-0.1403,0.2070,0.9680,3.418,,,,,,,
82,Left,22,0.0000,0.0000,0.0457,0.5484,-0.0483,-0.0525,0.8332,3.418,,,,,,,
82,Left,23,0.0000,0.0000,0.0307,0.6238,-0.0088,0.0850,0.7769,3.418,,,,,,,
82,Left,24,0.0000,0.0000,0.0203,0.6210,0.0381,-0.0027,0.7829,3.418,,,,,,,
82,Left,25,0.0002,0.0012,0.0219,0.0000,0.0000,0.0000,1.0000,3.418,,,,,,,
82,Right,0,-0.0030,-0.0048,0.0647,0.0000,0.0000,0.0000,1.0000,3.418,,,,,,,
82,Right,1,0.0000,0.0000,0.0000,0.0000,0.0000,0.0000,1.0000,3.418,-0.0096,0.0812,0.0178,0.6373,-0.0778,-0.0739,0.7631
82,Right,2,-0.0314,-0.0138,0.0334,-0.1687,-0.3172,0.5116,0.7805,3.418,,,,,,,
82,Right,3,0.0000,0.0000,0.0325,0.2801,0.0440,-0.0805,0.9556,3.418,,,,,,,
82,Right,4,0.0000,0.0000,0.0338,0.1182,-0.0502,0.0790,0.9886,3.418,,,,,,,
82,Right,5,0.0007,0.0010,0.0246,0.0000,0.0000,0.0000,1.0000,3.418,,,,,,,
82,Right,6,-0.0204,-0.0084,0.0359,0.0000,0.0000,0.0000,1.0000,3.418,,,,,,,
82,Right,7,-0.0032,0.0011,0.0601,0.0232,0.0526,0.0315,0.9979,3.418,,,,,,,
82,Right,8,0.0000,0.0000,0.0379,0.0748,0.0052,-0.0262,0.9968,3.418,,,,,,,
82,Right,9,0.0000,0.0000,0.0243,0.0420,0.0253,-0.0166,0.9987,3.418,,,,,,,
82,Right,10,0.0003,0.0010,0.0224,0.0000,0.0000,0.0000,1.0000,3.418,,,,,,,
82,Right,11,-0.0042,-0.0071,0.0337,0.0000,0.0000,0.0000,1.0000,3.418,,,,,,,
82,Right,12,0.0025,0.0045,0.0619,0.1079,0.0917,-0.0143,0.9898,3.418,,,,,,,
82,Right,13,0.0000,0.0000,0.0429,0.0716,0.0035,-0.0117,0.9974,3.418,,,,,,,
82,Right,14,0.0000,0.0000,0.0275,-0.0042,0.0007,-0.0432,0.9991,3.418,,,,,,,
82,Right,15,0.0003,0.0011,0.0250,0.0000,0.0000,0.0000,1.0000,3.418,,,,,,,
82,Right,16,0.0150,-0.0060,0.0348,0.0000,0.0000,0.0000,1.0000,3.418,,,,,,,
82,Right,17,0.0025,-0.0005,0.0539,0.0811,0.1018,-0.0563,0.9899,3.418,,,,,,,
82,Right,18,0.0000,0.0000,0.0390,0.0718,0.0006,-0.0352,0.9968,3.418,,,,,,,
82,Right,19,0.0000,0.0000,0.0266,0.0293,-0.0294,-0.0060,0.9991,3.418,,,,,,,
82,Right,20,0.0003,0.0016,0.0243,0.0000,0.0000,0.0000,1.0000,3.418,,,,,,,
82,Right,21,0.0230,-0.0094,0.0341,0.0183,0.1403,-0.2070,0.9680,3.418,,,,,,,
82,Right,22,0.0000,0.0000,0.0457,-0.0364,0.0149,0.0949,0.9947,3.418,,,,,,,
82,Right,23,0.0000,0.0000,0.0307,0.1198,0.0375,-0.0490,0.9909,3.418,,,,,,,
82,Right,24,0.0000,0.0000,0.0203,-0.0063,-0.0492,0.0007,0.9988,3.418,,,,,,,
82,Right,25,-0.0002,0.0012,0.0219,0.0000,0.0000,0.0000,1.0000,3.418,,,,,,,
83,Left,0,0.0017,-0.0057,0.0655,0.0000,0.0000,0.0000,1.0000,3.459,,,,,,,
83,Left,1,0.0000,0.0000,0.0000,0.0000,0.0000,0.0000,1.0000,3.459,-0.5005,0.3653,-0.0756,-0.7454,0.4662,-0.1453,-0.4538
83,Left,2,0.0264,-0.0209,0.0367,-0.0175,0.3101,-0.6522,0.6914,3.459,,,,,,,
83,Left,3,0.0000,0.0000,0.0325,0.2805,-0.0440,0.0805,0.9555,3.459,,,,,,,
83,Left,4,0.0000,0.0000,0.0338,0.1793,0.0446,-0.0768,0.9798,3.459,,,,,,,
83,Left,5,-0.0007,0.0010,0.0246,0.0000,0.0000,0.0000,1.0000,3.459,,,,,,,
83,Left,6,0.0179,-0.0119,0.0376,0.0000,0.0000,0.0000,1.0000,3.459,,,,,,,
83,Left,7,0.0056,0.0046,0.0584,0.4411,-0.1114,0.0026,0.8905,3.459,,,,,,,
83,Left,8,0.0000,0.0000,0.0379,0.7171,0.0135,0.0217,0.6965,3.459,,,,,,,
83,Left,9,0.0000,0.0000,0.0243,0.5177,-0.0138,0.0166,0.8553,3.459,,,,,,,
83,Left,10,-0.0003,0.0010,0.0224,0.0000,0.0000,0.0000,1.0000,3.459,,,,,,,
83,Left,11,0.0017,-0.0088,0.0354,0.0000,0.0000,0.0000,1.0000,3.459,,,,,,,
83,Left,12,0.0000,0.0063,0.0602,0.5475,-0.0996,0.0670,0.8281,3.459,,,,,,,
83,Left,13,0.0000,0.0000,0.0429,0.6883,0.0046,0.0126,0.7253,3.459,,,,,,,
83,Left,14,0.0000,0.0000,0.0275,0.5454,0.0234,0.0899,0.8330,3.459,,,,,,,
83,Left,15,-0.0003,0.0011,0.0250,0.0000,0.0000,0.0000,1.0000,3.459,,,,,,,
83,Left,16,-0.0150,-0.0060,0.0348,0.0000,0.0000,0.0000,1.0000,3.459,,,,,,,
83,Left,17,-0.0025,-0.0005,0.0539,0.5783,-0.0681,0.1026,0.8065,3.459,,,,,,,
83,Left,18,0.0000,0.0000,0.0390,0.6809,0.0206,0.0417,0.7309,3.459,,,,,,,
83,Left,19,0.0000,0.0000,0.0266,0.5626,0.0268,0.0302,0.8257,3.459,,,,,,,
83,Left,20,-0.0003,0.0016,0.0243,0.0000,0.0000,0.0000,1.0000,3.459,,,,,,,
83,Left,21,-0.0230,-0.0094,0.0341,0.0183,-0.1403,0.2070,0.9680,3.459,,,,,,,
83,Left,22,0.0000,0.0000,0.0457,0.5527,-0.0482,-0.0524,0.8303,3.459,,,,,,,
83,Left,23,0.0000,0.0000,0.0307,0.6274,-0.0085,0.0852,0.7740,3.459,,,,,,,
83,Left,24,0.0000,0.0000,0.0203,0.6209,0.0381,-0.0027,0.7829,3.459,,,,,,,
83,Left,25,0.0002,0.0012,0.0219,0.0000,0.0000,0.0000,1.0000,3.459,,,,,,,
83,Right,0,-0.0030,-0.0048,0.0647,0.0000,0.0000,0.0000,1.0000,3.459,,,,,,,
83,Right,1,0.0000,0.0000,0.0000,0.0000,0.0000,0.0000,1.0000,3.459,-0.0096,0.0819,0.0180,0.6366,-0.0769,-0.0742,0.7638
83,Right,2,-0.0314,-0.0138,0.0334,-0.1695,-0.3171,0.5107,0.7810,3.459,,,,,,,
83,Right,3,0.0000,0.0000,0.0325,0.2802,0.0440,-0.0805,0.9555,3.459,,,,,,,
83,Right,4,0.0000,0.0000,0.0338,0.1185,-0.0501,0.0790,0.9885,3.459,,,,,,,
83,Right,5,0.0007,0.0010,0.0246,0.0000,0.0000,0.0000,1.0000,3.459,,,,,,,
83,Right,6,-0.0204,-0.0084,0.0359,0.0000,0.0000,0.0000,1.0000,3.459,,,,,,,
83,Right,7,-0.0032,0.0010,0.0601,0.0233,0.0523,0.0315,0.9979,3.459,,,,,,,
83,Right,8,0.0000,0.0000,0.0379,0.0748,0.0052,-0.0262,0.9968,3.459,,,,,,,
83,Right,9,0.0000,0.0000,0.0243,0.0420,0.0253,-0.0166,0.9987,3.459,,,,,,,
83,Right,10,0.0003,0.0010,0.0224,0.0000,0.0000,0.0000,1.0000,3.459,,,,,,,
83,Right,11,-0.0042,-0.0071,0.0337,0.0000,0.0000,0.0000,1.0000,3.459,,,,,,,
83,Right,12,0.0025,0.0045,0.0619,0.1083,0.0907,-0.0142,0.9899,3.459,,,,,,,
83,Right,13,0.0000,0.0000,0.0429,0.0719,0.0035,-0.0117,0.9973,3.459,,,,,,,
83,Right,14,0.0000,0.0000,0.0275,-0.0044,0.0007,-0.0432,0.9991,3.459,,,,,,,
83,Right,15,0.0003,0.0011,0.0250,0.0000,0.0000,0.0000,1.0000,3.459,,,,,,,
83,Right,16,0.0150,-0.0060,0.0348,0.0000,0.0000,0.0000,1.0000,3.459,,,,,,,
83,Right,17,0.0025,-0.0005,0.0539,0.0813,0.1009,-0.0563,0.9900,3.459,,,,,,,
83,Right,18,0.0000,0.0000,0.0390,0.0726,0.0005,-0.0352,0.9967,3.459,,,,,,,
83,Right,19,0.0000,0.0000,0.0266,0.0296,-0.0294,-0.0060,0.9991,3.459,,,,,,,
83,Right,20,0.0003,0.0016,0.0243,0.0000,0.0000,0.0000,1.0000,3.459,,,,,,,
83,Right,21,0.0230,-0.0094,0.0341,0.0183,0.1403,-0.2070,0.9680,3.459,,,,,,,
83,Right,22,0.0000,0.0000,0.0457,-0.0371,0.0141,0.0949,0.9947,3.459,,,,,,,
83,Right,23,0.0000,0.0000,0.0307,0.1211,0.0374,-0.0491,0.9907,3.459,,,,,,,
83,Right,24,0.0000,0.0000,0.0203,-0.0060,-0.0492,0.0007,0.9988,3.459,,,,,,,
83,Right,25,-0.0002,0.0012,0.0219,0.0000,0.0000,0.0000,1.0000,3.459,,,,,,,
84,Left,0,0.0017,-0.0057,0.0655,0.0000,0.0000,0.0000,1.0000,3.501,,,,,,,
84,Left,1,0.0000,0.0000,0.0000,0.0000,0.0000,0.0000,1.0000,3.501,-0.4963,0.3684,-0.0732,-0.7473,0.4619,-0.1425,-0.4559
84,Left,2,0.0265,-0.0208,0.0367,-0.0185,0.3115,-0.6508,0.6922,3.501,,,,,,,
84,Left,3,0.0000,0.0000,0.0325,0.2792,-0.0441,0.0805,0.9558,3.501,,,,,,,
84,Left,4,0.0000,0.0000,0.0338,0.1830,0.0442,-0.0767,0.9791,3.501,,,,,,,
84,Left,5,-0.0007,0.0010,0.0246,0.0000,0.0000,0.0000,1.0000,3.501,,,,,,,
84,Left,6,0.0180,-0.0118,0.0375,0.0000,0.0000,0.0000,1.0000,3.501,,,,,,,
84,Left,7,0.0056,0.0045,0.0585,0.4423,-0.1105,0.0023,0.8901,3.501,,,,,,,
84,Left,8,0.0000,0.0000,0.0379,0.7194,0.0136,0.0217,0.6941,3.501,,,,,,,
84,Left,9,0.0000,0.0000,0.0243,0.5223,-0.0136,0.0166,0.8525,3.501,,,,,,,
84,Left,10,-0.0003,0.0010,0.0224,0.0000,0.0000,0.0000,1.0000,3.501,,,,,,,
84,Left,11,0.0018,-0.0088,0.0354,0.0000,0.0000,0.0000,1.0000,3.501,,,,,,,
84,Left,12,0.0000,0.0063,0.0603,0.5477,-0.0985,0.0664,0.8282,3.501,,,,,,,
84,Left,13,0.0000,0.0000,0.0429,0.6893,0.0046,0.0126,0.7243,3.501,,,,,,,
84,Left,14,0.0000,0.0000,0.0276,0.5498,0.0235,0.0902,0.8301,3.501,,,,,,,
84,Left,15,-0.0003,0.0011,0.0250,0.0000,0.0000,0.0000,1.0000,3.501,,,,,,,
84,Left,16,-0.0150,-0.0060,0.0348,0.0000,0.0000,0.0000,1.0000,3.501,,,,,,,
84,Left,17,-0.0025,-0.0005,0.0539,0.5791,-0.0676,0.1024,0.8060,3.501,,,,,,,
84,Left,18,0.0000,0.0000,0.0390,0.6817,0.0207,0.0417,0.7301,3.501,,,,,,,
84,Left,19,0.0000,0.0000,0.0266,0.5637,0.0268,0.0303,0.8250,3.501,,,,,,,
84,Left,20,-0.0003,0.0016,0.0243,0.0000,0.0000,0.0000,1.0000,3.501,,,,,,,
84,Left,21,-0.0230,-0.0094,0.0341,0.0183,-0.1403,0.2070,0.9680,3.501,,,,,,,
84,Left,22,0.0000,0.0000,0.0457,0.5574,-0.0478,-0.0524,0.8272,3.501,,,,,,,
84,Left,23,0.0000,0.0000,0.0307,0.6334,-0.0081,0.0855,0.7691,3.501,,,,,,,
84,Left,24,0.0000,0.0000,0.0203,0.6211,0.0381,-0.0027,0.7828,3.501,,,,,,,
84,Left,25,0.0002,0.0012,0.0219,0.0000,0.0000,0.0000,1.0000,3.501,,,,,,,
84,Right,0,-0.0030,-0.0048,0.0647,0.0000,0.0000,0.0000,1.0000,3.501,,,,,,,
84,Right,1,0.0000,0.0000,0.0000,0.0000,0.0000,0.0000,1.0000,3.501,-0.0093,0.0823,0.0180,0.6337,-0.0750,-0.0759,0.7661
84,Right,2,-0.0314,-0.0137,0.0333,-0.1702,-0.3171,0.5098,0.7814,3.501,,,,,,,
84,Right,3,0.0000,0.0000,0.0325,0.2806,0.0440,-0.0805,0.9554,3.501,,,,,,,
84,Right,4,0.0000,0.0000,0.0338,0.1187,-0.0501,0.0790,0.9885,3.501,,,,,,,
84,Right,5,0.0007,0.0010,0.0246,0.0000,0.0000,0.0000,1.0000,3.501,,,,,,,
84,Right,6,-0.0204,-0.0083,0.0359,0.0000,0.0000,0.0000,1.0000,3.501,,,,,,,
84,Right,7,-0.0031,0.0010,0.0601,0.0232,0.0520,0.0314,0.9979,3.501,,,,,,,
84,Right,8,0.0000,0.0000,0.0379,0.0752,0.0052,-0.0262,0.9968,3.501,,,,,,,
84,Right,9,0.0000,0.0000,0.0243,0.0422,0.0253,-0.0166,0.9986,3.501,,,,,,,
84,Right,10,0.0003,0.0010,0.0224,0.0000,0.0000,0.0000,1.0000,3.501,,,,,,,
84,Right,11,-0.0042,-0.0071,0.0337,0.0000,0.0000,0.0000,1.0000,3.501,,,,,,,
84,Right,12,0.0025,0.0045,0.0619,0.1093,0.0898,-0.0142,0.9898,3.501,,,,,,,
84,Right,13,0.0000,0.0000,0.0429,0.0726,0.0035,-0.0117,0.9973,3.501,,,,,,,
84,Right,14,0.0000,0.0000,0.0275,-0.0045,0.0007,-0.0432,0.9991,3.501,,,,,,,
84,Right,15,0.0003,0.0011,0.0250,0.0000,0.0000,0.0000,1.0000,3.501,,,,,,,
84,Right,16,0.0150,-0.0060,0.0348,0.0000,0.0000,0.0000,1.0000,3.501,,,,,,,
84,Right,17,0.0025,-0.0005,0.0539,0.0821,0.1005,-0.0564,0.9899,3.501,,,,,,,
84,Right,18,0.0000,0.0000,0.0390,0.0739,0.0005,-0.0353,0.9966,3.501,,,,,,,
84,Right,19,0.0000,0.0000,0.0266,0.0298,-0.0294,-0.0061,0.9991,3.501,,,,,,,
84,Right,20,0.0003,0.0016,0.0243,0.0000,0.0000,0.0000,1.0000,3.501,,,,,,,
84,Right,21,0.0230,-0.0094,0.0341,0.0183,0.1403,-0.2070,0.9680,3.501,,,,,,,
84,Right,22,0.0000,0.0000,0.0457,-0.0374,0.0121,0.0949,0.9947,3.501,,,,,,,
84,Right,23,0.0000,0.0000,0.0307,0.1247,0.0372,-0.0494,0.9903,3.501,,,,,,,
84,Right,24,0.0000,0.0000,0.0203,-0.0056,-0.0492,0.0007,0.9988,3.501,,,,,,,
84,Right,25,-0.0002,0.0012,0.0219,0.0000,0.0000,0.0000,1.0000,3.501,,,,,,,
85,Left,0,0.0018,-0.0057,0.0655,0.0000,0.0000,0.0000,1.0000,3.542,,,,,,,
85,Left,1,0.0000,0.0000,0.0000,0.0000,0.0000,0.0000,1.0000,3.542,-0.4940,0.3710,-0.0735,-0.7474,0.4624,-0.1428,-0.4551
85,Left,2,0.0266,-0.0207,0.0367,-0.0187,0.3125,-0.6502,0.6923,3.542,,,,,,,
85,Left,3,0.0000,0.0000,0.0325,0.2773,-0.0443,0.0805,0.9564,3.542,,,,,,,
85,Left,4,0.0000,0.0000,0.0338,0.1862,0.0439,-0.0766,0.9785,3.542,,,,,,,
85,Left,5,-0.0007,0.0010,0.0246,0.0000,0.0000,0.0000,1.0000,3.542,,,,,,,
85,Left,6,0.0180,-0.0118,0.0375,0.0000,0.0000,0.0000,1.0000,3.542,,,,,,,
85,Left,7,0.0056,0.0045,0.0585,0.4454,-0.1093,0.0021,0.8886,3.542,,,,,,,
85,Left,8,0.0000,0.0000,0.0379,0.7207,0.0136,0.0216,0.6928,3.542,,,,,,,
85,Left,9,0.0000,0.0000,0.0243,0.5237,-0.0136,0.0166,0.8516,3.542,,,,,,,
85,Left,10,-0.0003,0.0010,0.0224,0.0000,0.0000,0.0000,1.0000,3.542,,,,,,,
85,Left,11,0.0018,-0.0088,0.0354,0.0000,0.0000,0.0000,1.0000,3.542,,,,,,,
85,Left,12,0.0000,0.0063,0.0603,0.5476,-0.0975,0.0657,0.8284,3.542,,,,,,,
85,Left,13,0.0000,0.0000,0.0429,0.6898,0.0046,0.0126,0.7239,3.542,,,,,,,
85,Left,14,0.0000,0.0000,0.0275,0.5508,0.0236,0.0903,0.8294,3.542,,,,,,,
85,Left,15,-0.0003,0.0011,0.0250,0.0000,0.0000,0.0000,1.0000,3.542,,,,,,,
85,Left,16,-0.0150,-0.0060,0.0348,0.0000,0.0000,0.0000,1.0000,3.542,,,,,,,
85,Left,17,-0.0025,-0.0005,0.0539,0.5798,-0.0667,0.1019,0.8056,3.542,,,,,,,
85,Left,18,0.0000,0.0000,0.0390,0.6823,0.0207,0.0417,0.7296,3.542,,,,,,,
85,Left,19,0.0000,0.0000,0.0266,0.5644,0.0268,0.0303,0.8245,3.542,,,,,,,
85,Left,20,-0.0003,0.0016,0.0243,0.0000,0.0000,0.0000,1.0000,3.542,,,,,,,
85,Left,21,-0.0230,-0.0094,0.0341,0.0183,-0.1403,0.2070,0.9680,3.542,,,,,,,
85,Left,22,0.0000,0.0000,0.0457,0.5595,-0.0471,-0.0528,0.8258,3.542,,,,,,,
85,Left,23,0.0000,0.0000,0.0307,0.6345,-0.0080,0.0856,0.7681,3.542,,,,,,,
85,Left,24,0.0000,0.0000,0.0203,0.6211,0.0381,-0.0027,0.7828,3.542,,,,,,,
85,Left,25,0.0002,0.0012,0.0219,0.0000,0.0000,0.0000,1.0000,3.542,,,,,,,
85,Right,0,-0.0030,-0.0048,0.0647,0.0000,0.0000,0.0000,1.0000,3.542,,,,,,,
85,Right,1,0.0000,0.0000,0.0000,0.0000,0.0000,0.0000,1.0000,3.542,-0.0089,0.0829,0.0182,0.6324,-0.0742,-0.0781,0.7671
85,Right,2,-0.0314,-0.0137,0.0333,-0.1710,-0.3172,0.5089,0.7818,3.542,,,,,,,
85,Right,3,0.0000,0.0000,0.0325,0.2812,0.0439,-0.0805,0.9553,3.542,,,,,,,
85,Right,4,0.0000,0.0000,0.0338,0.1193,-0.0501,0.0790,0.9884,3.542,,,,,,,
85,Right,5,0.0007,0.0010,0.0246,0.0000,0.0000,0.0000,1.0000,3.542,,,,,,,
85,Right,6,-0.0204,-0.0083,0.0359,0.0000,0.0000,0.0000,1.0000,3.542,,,,,,,
85,Right,7,-0.0031,0.0010,0.0601,0.0241,0.0526,0.0314,0.9978,3.542,,,,,,,
85,Right,8,0.0000,0.0000,0.0379,0.0759,0.0052,-0.0262,0.9968,3.542,,,,,,,
85,Right,9,0.0000,0.0000,0.0243,0.0425,0.0253,-0.0166,0.9986,3.542,,,,,,,
85,Right,10,0.0003,0.0010,0.0224,0.0000,0.0000,0.0000,1.0000,3.542,,,,,,,
85,Right,11,-0.0042,-0.0070,0.0337,0.0000,0.0000,0.0000,1.0000,3.542,,,,,,,
85,Right,12,0.0025,0.0045,0.0620,0.1102,0.0898,-0.0143,0.9897,3.542,,,,,,,
85,Right,13,0.0000,0.0000,0.0429,0.0732,0.0035,-0.0117,0.9972,3.542,,,,,,,
85,Right,14,0.0000,0.0000,0.0275,-0.0045,0.0007,-0.0432,0.9991,3.542,,,,,,,
85,Right,15,0.0003,0.0011,0.0250,0.0000,0.0000,0.0000,1.0000,3.542,,,,,,,
85,Right,16,0.0150,-0.0060,0.0348,0.0000,0.0000,0.0000,1.0000,3.542,,,,,,,
85,Right,17,0.0025,-0.0005,0.0539,0.0829,0.1009,-0.0564,0.9898,3.542,,,,,,,
85,Right,18,0.0000,0.0000,0.0390,0.0750,0.0005,-0.0353,0.9966,3.542,,,,,,,
85,Right,19,0.0000,0.0000,0.0266,0.0301,-0.0294,-0.0061,0.9991,3.542,,,,,,,
85,Right,20,0.0003,0.0016,0.0243,0.0000,0.0000,0.0000,1.0000,3.542,,,,,,,
85,Right,21,0.0230,-0.0094,0.0341,0.0183,0.1403,-0.2070,0.9680,3.542,,,,,,,
85,Right,22,0.0000,0.0000,0.0457,-0.0358,0.0080,0.0946,0.9948,3.542,,,,,,,
85,Right,23,0.0000,0.0000,0.0307,0.1308,0.0370,-0.0499,0.9895,3.542,,,,,,,
85,Right,24,0.0000,0.0000,0.0203,-0.0051,-0.0492,0.0007,0.9988,3.542,,,,,,,
85,Right,25,-0.0002,0.0012,0.0219,0.0000,0.0000,0.0000,1.0000,3.542,,,,,,,
86,Left,0,0.0018,-0.0057,0.0655,0.0000,0.0000,0.0000,1.0000,3.584,,,,,,,
86,Left,1,0.0000,0.0000,0.0000,0.0000,0.0000,0.0000,1.0000,3.584,-0.4910,0.3734,-0.0739,-0.7473,0.4632,-0.1441,-0.4541
86,Left,2,0.0266,-0.0207,0.0367,-0.0172,0.3151,-0.6499,0.6914,3.584,,,,,,,
86,Left,3,0.0000,0.0000,0.0325,0.2761,-0.0445,0.0806,0.9567,3.584,,,,,,,
86,Left,4,0.0000,0.0000,0.0338,0.1880,0.0438,-0.0765,0.9782,3.584,,,,,,,
86,Left,5,-0.0007,0.0010,0.0246,0.0000,0.0000,0.0000,1.0000,3.584,,,,,,,
86,Left,6,0.0180,-0.0118,0.0375,0.0000,0.0000,0.0000,1.0000,3.584,,,,,,,
86,Left,7,0.0056,0.0045,0.0585,0.4572,-0.1077,0.0025,0.8828,3.584,,,,,,,
86,Left,8,0.0000,0.0000,0.0379,0.7223,0.0137,0.0216,0.6912,3.584,,,,,,,
86,Left,9,0.0000,0.0000,0.0243,0.5250,-0.0135,0.0166,0.8508,3.584,,,,,,,
86,Left,10,-0.0003,0.0010,0.0224,0.0000,0.0000,0.0000,1.0000,3.584,,,,,,,
86,Left,11,0.0018,-0.0088,0.0354,0.0000,0.0000,0.0000,1.0000,3.584,,,,,,,
86,Left,12,-0.0001,0.0063,0.0603,0.5483,-0.0963,0.0651,0.8282,3.584,,,,,,,
86,Left,13,0.0000,0.0000,0.0429,0.6902,0.0046,0.0126,0.7235,3.584,,,,,,,
86,Left,14,0.0000,0.0000,0.0275,0.5513,0.0236,0.0903,0.8291,3.584,,,,,,,
86,Left,15,-0.0003,0.0011,0.0250,0.0000,0.0000,0.0000,1.0000,3.584,,,,,,,
86,Left,16,-0.0150,-0.0060,0.0348,0.0000,0.0000,0.0000,1.0000,3.584,,,,,,,
86,Left,17,-0.0025,-0.0005,0.0539,0.5806,-0.0660,0.1016,0.8051,3.584,,,,,,,
86,Left,18,0.0000,0.0000,0.0390,0.6831,0.0207,0.0417,0.7288,3.584,,,,,,,
86,Left,19,0.0000,0.0000,0.0266,0.5650,0.0268,0.0303,0.8241,3.584,,,,,,,
86,Left,20,-0.0003,0.0016,0.0243,0.0000,0.0000,0.0000,1.0000,3.584,,,,,,,
86,Left,21,-0.0230,-0.0094,0.0341,0.0183,-0.1403,0.2070,0.9680,3.584,,,,,,,
86,Left,22,0.0000,0.0000,0.0457,0.5616,-0.0464,-0.0532,0.8244,3.584,,,,,,,
86,Left,23,0.0000,0.0000,0.0307,0.6361,-0.0079,0.0857,0.7668,3.584,,,,,,,
86,Left,24,0.0000,0.0000,0.0203,0.6209,0.0381,-0.0027,0.7829,3.584,,,,,,,
86,Left,25,0.0002,0.0012,0.0219,0.0000,0.0000,0.0000,1.0000,3.584,,,,,,,
86,Right,0,-0.0030,-0.0048,0.0647,0.0000,0.0000,0.0000,1.0000,3.584,,,,,,,
86,Right,1,0.0000,0.0000,0.0000,0.0000,0.0000,0.0000,1.0000,3.584,-0.0083,0.0836,0.0189,0.6334,-0.0720,-0.0817,0.7661
86,Right,2,-0.0314,-0.0136,0.0333,-0.1717,-0.3175,0.5080,0.7821,3.584,,,,,,,
86,Right,3,0.0000,0.0000,0.0325,0.2822,0.0438,-0.0804,0.9550,3.584,,,,,,,
86,Right,4,0.0000,0.0000,0.0338,0.1202,-0.0500,0.0789,0.9883,3.584,,,,,,,
86,Right,5,0.0007,0.0010,0.0246,0.0000,0.0000,0.0000,1.0000,3.584,,,,,,,
86,Right,6,-0.0204,-0.0083,0.0358,0.0000,0.0000,0.0000,1.0000,3.584,,,,,,,
86,Right,7,-0.0031,0.0010,0.0602,0.0247,0.0530,0.0314,0.9978,3.584,,,,,,,
86,Right,8,0.0000,0.0000,0.0379,0.0765,0.0052,-0.0262,0.9967,3.584,,,,,,,
86,Right,9,0.0000,0.0000,0.0243,0.0428,0.0253,-0.0166,0.9986,3.584,,,,,,,
86,Right,10,0.0003,0.0010,0.0224,0.0000,0.0000,0.0000,1.0000,3.584,,,,,,,
86,Right,11,-0.0042,-0.0070,0.0337,0.0000,0.0000,0.0000,1.0000,3.584,,,,,,,
86,Right,12,0.0025,0.0045,0.0620,0.1108,0.0903,-0.0144,0.9896,3.584,,,,,,,
86,Right,13,0.0000,0.0000,0.0429,0.0736,0.0035,-0.0117,0.9972,3.584,,,,,,,
86,Right,14,0.0000,0.0000,0.0275,-0.0044,0.0007,-0.0432,0.9991,3.584,,,,,,,
86,Right,15,0.0003,0.0011,0.0250,0.0000,0.0000,0.0000,1.0000,3.584,,,,,,,
86,Right,16,0.0150,-0.0060,0.0348,0.0000,0.0000,0.0000,1.0000,3.584,,,,,,,
86,Right,17,0.0025,-0.0005,0.0539,0.0837,0.1019,-0.0566,0.9896,3.584,,,,,,,
86,Right,18,0.0000,0.0000,0.0390,0.0757,0.0004,-0.0353,0.9965,3.584,,,,,,,
86,Right,19,0.0000,0.0000,0.0266,0.0303,-0.0294,-0.0061,0.9991,3.584,,,,,,,
86,Right,20,0.0003,0.0016,0.0243,0.0000,0.0000,0.0000,1.0000,3.584,,,,,,,
86,Right,21,0.0230,-0.0094,0.0341,0.0183,0.1403,-0.2070,0.9680,3.584,,,,,,,
86,Right,22,0.0000,0.0000,0.0457,-0.0343,0.0059,0.0944,0.9949,3.584,,,,,,,
86,Right,23,0.0000,0.0000,0.0307,0.1337,0.0368,-0.0502,0.9891,3.584,,,,,,,
86,Right,24,0.0000,0.0000,0.0203,-0.0048,-0.0492,0.0007,0.9988,3.584,,,,,,,
86,Right,25,-0.0002,0.0012,0.0219,0.0000,0.0000,0.0000,1.0000,3.584,,,,,,,
87,Left,0,0.0018,-0.0057,0.0655,0.0000,0.0000,0.0000,1.0000,3.626,,,,,,,
87,Left,1,0.0000,0.0000,0.0000,0.0000,0.0000,0.0000,1.0000,3.626,-0.4810,0.3792,-0.0649,-0.7440,0.4756,-0.1512,-0.4442
87,Left,2,0.0266,-0.0207,0.0366,-0.0142,0.3199,-0.6494,0.6897,3.626,,,,,,,
87,Left,3,0.0000,0.0000,0.0325,0.2754,-0.0445,0.0806,0.9569,3.626,,,,,,,
87,Left,4,0.0000,0.0000,0.0338,0.1894,0.0436,-0.0765,0.9779,3.626,,,,,,,
87,Left,5,-0.0007,0.0010,0.0246,0.0000,0.0000,0.0000,1.0000,3.626,,,,,,,
87,Left,6,0.0180,-0.0118,0.0375,0.0000,0.0000,0.0000,1.0000,3.626,,,,,,,
87,Left,7,0.0055,0.0045,0.0585,0.4664,-0.1062,0.0027,0.8782,3.626,,,,,,,
87,Left,8,0.0000,0.0000,0.0379,0.7231,0.0137,0.0216,0.6903,3.626,,,,,,,
87,Left,9,0.0000,0.0000,0.0243,0.5254,-0.0135,0.0166,0.8506,3.626,,,,,,,
87,Left,10,-0.0003,0.0010,0.0224,0.0000,0.0000,0.0000,1.0000,3.626,,,,,,,
87,Left,11,0.0018,-0.0088,0.0354,0.0000,0.0000,0.0000,1.0000,3.626,,,,,,,
87,Left,12,-0.0001,0.0062,0.0603,0.5527,-0.0951,0.0651,0.8254,3.626,,,,,,,
87,Left,13,0.0000,0.0000,0.0429,0.6900,0.0046,0.0126,0.7237,3.626,,,,,,,
87,Left,14,0.0000,0.0000,0.0275,0.5507,0.0236,0.0903,0.8294,3.626,,,,,,,
87,Left,15,-0.0003,0.0011,0.0250,0.0000,0.0000,0.0000,1.0000,3.626,,,,,,,
87,Left,16,-0.0150,-0.0060,0.0348,0.0000,0.0000,0.0000,1.0000,3.626,,,,,,,
87,Left,17,-0.0025,-0.0005,0.0539,0.5844,-0.0649,0.1015,0.8024,3.626,,,,,,,
87,Left,18,0.0000,0.0000,0.0390,0.6832,0.0207,0.0417,0.7287,3.626,,,,,,,
87,Left,19,0.0000,0.0000,0.0266,0.5649,0.0268,0.0303,0.8242,3.626,,,,,,,
87,Left,20,-0.0003,0.0016,0.0243,0.0000,0.0000,0.0000,1.0000,3.626,,,,,,,
87,Left,21,-0.0230,-0.0094,0.0341,0.0183,-0.1403,0.2070,0.9680,3.626,,,,,,,
87,Left,22,0.0000,0.0000,0.0457,0.5696,-0.0466,-0.0527,0.8189,3.626,,,,,,,
87,Left,23,0.0000,0.0000,0.0307,0.6369,-0.0078,0.0857,0.7661,3.626,,,,,,,
87,Left,24,0.0000,0.0000,0.0203,0.6207,0.0381,-0.0027,0.7831,3.626,,,,,,,
87,Left,25,0.0002,0.0012,0.0219,0.0000,0.0000,0.0000,1.0000,3.626,,,,,,,
87,Right,0,-0.0030,-0.0048,0.0647,0.0000,0.0000,0.0000,1.0000,3.626,,,,,,,
87,Right,1,0.0000,0.0000,0.0000,0.0000,0.0000,0.0000,1.0000,3.626,-0.0081,0.0857,0.0195,0.6331,-0.0702,-0.0838,0.7663
87,Right,2,-0.0315,-0.0136,0.0333,-0.1725,-0.3180,0.5068,0.7824,3.626,,,,,,,
87,Right,3,0.0000,0.0000,0.0325,0.2832,0.0437,-0.0804,0.9547,3.626,,,,,,,
87,Right,4,0.0000,0.0000,0.0338,0.1206,-0.0500,0.0789,0.9883,3.626,,,,,,,
87,Right,5,0.0007,0.0010,0.0246,0.0000,0.0000,0.0000,1.0000,3.626,,,,,,,
87,Right,6,-0.0204,-0.0083,0.0358,0.0000,0.0000,0.0000,1.0000,3.626,,,,,,,
87,Right,7,-0.0031,0.0009,0.0602,0.0247,0.0536,0.0315,0.9978,3.626,,,,,,,
87,Right,8,0.0000,0.0000,0.0379,0.0764,0.0052,-0.0262,0.9967,3.626,,,,,,,
87,Right,9,0.0000,0.0000,0.0243,0.0432,0.0253,-0.0166,0.9986,3.626,,,,,,,
87,Right,10,0.0003,0.0010,0.0224,0.0000,0.0000,0.0000,1.0000,3.626,,,,,,,
87,Right,11,-0.0042,-0.0070,0.0337,0.0000,0.0000,0.0000,1.0000,3.626,,,,,,,
87,Right,12,0.0025,0.0045,0.0620,0.1116,0.0899,-0.0145,0.9896,3.626,,,,,,,
87,Right,13,0.0000,0.0000,0.0429,0.0738,0.0035,-0.0117,0.9972,3.626,,,,,,,
87,Right,14,0.0000,0.0000,0.0275,-0.0044,0.0007,-0.0432,0.9991,3.626,,,,,,,
87,Right,15,0.0003,0.0011,0.0250,0.0000,0.0000,0.0000,1.0000,3.626,,,,,,,
87,Right,16,0.0150,-0.0060,0.0348,0.0000,0.0000,0.0000,1.0000,3.626,,,,,,,
87,Right,17,0.0025,-0.0005,0.0539,0.0845,0.1025,-0.0566,0.9895,3.626,,,,,,,
87,Right,18,0.0000,0.0000,0.0390,0.0762,0.0004,-0.0353,0.9965,3.626,,,,,,,
87,Right,19,0.0000,0.0000,0.0266,0.0305,-0.0294,-0.0061,0.9991,3.626,,,,,,,
87,Right,20,0.0003,0.0016,0.0243,0.0000,0.0000,0.0000,1.0000,3.626,,,,,,,
87,Right,21,0.0230,-0.0094,0.0341,0.0183,0.1403,-0.2070,0.9680,3.626,,,,,,,
87,Right,22,0.0000,0.0000,0.0457,-0.0333,0.0048,0.0943,0.9950,3.626,,,,,,,
87,Right,23,0.0000,0.0000,0.0307,0.1367,0.0367,-0.0504,0.9887,3.626,,,,,,,
87,Right,24,0.0000,0.0000,0.0203,-0.0042,-0.0492,0.0007,0.9988,3.626,,,,,,,
87,Right,25,-0.0002,0.0012,0.0219,0.0000,0.0000,0.0000,1.0000,3.626,,,,,,,
88,Left,0,0.0018,-0.0057,0.0655,0.0000,0.0000,0.0000,1.0000,3.668,,,,,,,
88,Left,1,0.0000,0.0000,0.0000,0.0000,0.0000,0.0000,1.0000,3.668,-0.4740,0.3845,-0.0572,-0.7428,0.4757,-0.1585,-0.4436
88,Left,2,0.0266,-0.0206,0.0366,-0.0115,0.3234,-0.6495,0.6881,3.668,,,,,,,
88,Left,3,0.0000,0.0000,0.0325,0.2749,-0.0446,0.0806,0.9570,3.668,,,,,,,
88,Left,4,0.0000,0.0000,0.0338,0.1903,0.0435,-0.0764,0.9778,3.668,,,,,,,
88,Left,5,-0.0007,0.0010,0.0246,0.0000,0.0000,0.0000,1.0000,3.668,,,,,,,
88,Left,6,0.0180,-0.0118,0.0375,0.0000,0.0000,0.0000,1.0000,3.668,,,,,,,
88,Left,7,0.0055,0.0045,0.0585,0.4681,-0.1052,0.0024,0.8774,3.668,,,,,,,
88,Left,8,0.0000,0.0000,0.0379,0.7239,0.0137,0.0216,0.6894,3.668,,,,,,,
88,Left,9,0.0000,0.0000,0.0243,0.5253,-0.0135,0.0166,0.8507,3.668,,,,,,,
88,Left,10,-0.0003,0.0010,0.0224,0.0000,0.0000,0.0000,1.0000,3.668,,,,,,,
88,Left,11,0.0018,-0.0088,0.0354,0.0000,0.0000,0.0000,1.0000,3.668,,,,,,,
88,Left,12,-0.0001,0.0062,0.0603,0.5611,-0.0939,0.0657,0.8197,3.668,,,,,,,
88,Left,13,0.0000,0.0000,0.0429,0.6904,0.0046,0.0126,0.7233,3.668,,,,,,,
88,Left,14,0.0000,0.0000,0.0275,0.5504,0.0236,0.0903,0.8297,3.668,,,,,,,
88,Left,15,-0.0003,0.0011,0.0250,0.0000,0.0000,0.0000,1.0000,3.668,,,,,,,
88,Left,16,-0.0150,-0.0060,0.0348,0.0000,0.0000,0.0000,1.0000,3.668,,,,,,,
88,Left,17,-0.0025,-0.0005,0.0539,0.5945,-0.0635,0.1022,0.7950,3.668,,,,,,,
88,Left,18,0.0000,0.0000,0.0390,0.6833,0.0207,0.0417,0.7286,3.668,,,,,,,
88,Left,19,0.0000,0.0000,0.0266,0.5645,0.0268,0.0303,0.8245,3.668,,,,,,,
88,Left,20,-0.0003,0.0016,0.0243,0.0000,0.0000,0.0000,1.0000,3.668,,,,,,,
88,Left,21,-0.0230,-0.0094,0.0341,0.0183,-0.1403,0.2070,0.9680,3.668,,,,,,,
88,Left,22,0.0000,0.0000,0.0457,0.5907,-0.0480,-0.0509,0.8038,3.668,,,,,,,
88,Left,23,0.0000,0.0000,0.0307,0.6378,-0.0077,0.0857,0.7654,3.668,,,,,,,
88,Left,24,0.0000,0.0000,0.0203,0.6199,0.0381,-0.0027,0.7837,3.668,,,,,,,
88,Left,25,0.0002,0.0012,0.0219,0.0000,0.0000,0.0000,1.0000,3.668,,,,,,,
88,Right,0,-0.0030,-0.0048,0.0647,0.0000,0.0000,0.0000,1.0000,3.668,,,,,,,
88,Right,1,0.0000,0.0000,0.0000,0.0000,0.0000,0.0000,1.0000,3.668,-0.0071,0.0879,0.0204,0.6309,-0.0710,-0.0879,0.7676
88,Right,2,-0.0315,-0.0135,0.0332,-0.1732,-0.3182,0.5061,0.7827,3.668,,,,,,,
88,Right,3,0.0000,0.0000,0.0325,0.2841,0.0436,-0.0804,0.9544,3.668,,,,,,,
88,Right,4,0.0000,0.0000,0.0338,0.1211,-0.0499,0.0789,0.9882,3.668,,,,,,,
88,Right,5,0.0007,0.0010,0.0246,0.0000,0.0000,0.0000,1.0000,3.668,,,,,,,
88,Right,6,-0.0205,-0.0082,0.0358,0.0000,0.0000,0.0000,1.0000,3.668,,,,,,,
88,Right,7,-0.0031,0.0009,0.0602,0.0259,0.0542,0.0314,0.9977,3.668,,,,,,,
88,Right,8,0.0000,0.0000,0.0379,0.0766,0.0052,-0.0262,0.9967,3.668,,,,,,,
88,Right,9,0.0000,0.0000,0.0243,0.0432,0.0253,-0.0166,0.9986,3.668,,,,,,,
88,Right,10,0.0003,0.0010,0.0224,0.0000,0.0000,0.0000,1.0000,3.668,,,,,,,
88,Right,11,-0.0042,-0.0070,0.0337,0.0000,0.0000,0.0000,1.0000,3.668,,,,,,,
88,Right,12,0.0025,0.0045,0.0620,0.1138,0.0902,-0.0147,0.9893,3.668,,,,,,,
88,Right,13,0.0000,0.0000,0.0429,0.0737,0.0035,-0.0117,0.9972,3.668,,,,,,,
88,Right,14,0.0000,0.0000,0.0275,-0.0047,0.0008,-0.0432,0.9991,3.668,,,,,,,
88,Right,15,0.0003,0.0011,0.0250,0.0000,0.0000,0.0000,1.0000,3.668,,,,,,,
88,Right,16,0.0150,-0.0060,0.0348,0.0000,0.0000,0.0000,1.0000,3.668,,,,,,,
88,Right,17,0.0025,-0.0005,0.0539,0.0861,0.1034,-0.0568,0.9893,3.668,,,,,,,
88,Right,18,0.0000,0.0000,0.0390,0.0769,0.0004,-0.0353,0.9964,3.668,,,,,,,
88,Right,19,0.0000,0.0000,0.0266,0.0308,-0.0294,-0.0061,0.9991,3.668,,,,,,,
88,Right,20,0.0003,0.0016,0.0243,0.0000,0.0000,0.0000,1.0000,3.668,,,,,,,
88,Right,21,0.0230,-0.0094,0.0341,0.0183,0.1403,-0.2070,0.9680,3.668,,,,,,,
88,Right,22,0.0000,0.0000,0.0457,-0.0324,0.0047,0.0942,0.9950,3.668,,,,,,,
88,Right,23,0.0000,0.0000,0.0307,0.1386,0.0366,-0.0506,0.9884,3.668,,,,,,,
88,Right,24,0.0000,0.0000,0.0203,-0.0034,-0.0492,0.0007,0.9988,3.668,,,,,,,
88,Right,25,-0.0002,0.0012,0.0219,0.0000,0.0000,0.0000,1.0000,3.668,,,,,,,
89,Left,0,0.0018,-0.0057,0.0655,0.0000,0.0000,0.0000,1.0000,3.709,,,,,,,
89,Left,1,0.0000,0.0000,0.0000,0.0000,0.0000,0.0000,1.0000,3.709,-0.4660,0.3871,-0.0420,-0.7478,0.4752,-0.1757,-0.4290
89,Left,2,0.0267,-0.0206,0.0366,-0.0108,0.3247,-0.6493,0.6876,3.709,,,,,,,
89,Left,3,0.0000,0.0000,0.0325,0.2750,-0.0446,0.0806,0.9570,3.709,,,,,,,
89,Left,4,0.0000,0.0000,0.0338,0.1905,0.0435,-0.0764,0.9777,3.709,,,,,,,
89,Left,5,-0.0007,0.0010,0.0246,0.0000,0.0000,0.0000,1.0000,3.709,,,,,,,
89,Left,6,0.0180,-0.0118,0.0375,0.0000,0.0000,0.0000,1.0000,3.709,,,,,,,
89,Left,7,0.0055,0.0045,0.0585,0.4699,-0.1041,0.0020,0.8766,3.709,,,,,,,
89,Left,8,0.0000,0.0000,0.0379,0.7248,0.0138,0.0216,0.6885,3.709,,,,,,,
89,Left,9,0.0000,0.0000,0.0243,0.5252,-0.0135,0.0166,0.8507,3.709,,,,,,,
89,Left,10,-0.0003,0.0010,0.0224,0.0000,0.0000,0.0000,1.0000,3.709,,,,,,,
89,Left,11,0.0018,-0.0088,0.0353,0.0000,0.0000,0.0000,1.0000,3.709,,,,,,,
89,Left,12,-0.0001,0.0062,0.0603,0.5692,-0.0932,0.0666,0.8142,3.709,,,,,,,
89,Left,13,0.0000,0.0000,0.0429,0.6913,0.0046,0.0126,0.7225,3.709,,,,,,,
89,Left,14,0.0000,0.0000,0.0275,0.5496,0.0235,0.0902,0.8302,3.709,,,,,,,
89,Left,15,-0.0003,0.0011,0.0250,0.0000,0.0000,0.0000,1.0000,3.709,,,,,,,
89,Left,16,-0.0150,-0.0060,0.0348,0.0000,0.0000,0.0000,1.0000,3.709,,,,,,,
89,Left,17,-0.0025,-0.0005,0.0539,0.6029,-0.0622,0.1027,0.7887,3.709,,,,,,,
89,Left,18,0.0000,0.0000,0.0390,0.6832,0.0207,0.0417,0.7288,3.709,,,,,,,
89,Left,19,0.0000,0.0000,0.0266,0.5637,0.0268,0.0303,0.8250,3.709,,,,,,,
89,Left,20,-0.0003,0.0016,0.0243,0.0000,0.0000,0.0000,1.0000,3.709,,,,,,,
89,Left,21,-0.0230,-0.0094,0.0341,0.0183,-0.1403,0.2070,0.9680,3.709,,,,,,,
89,Left,22,0.0000,0.0000,0.0457,0.6000,-0.0481,-0.0505,0.7969,3.709,,,,,,,
89,Left,23,0.0000,0.0000,0.0307,0.6385,-0.0077,0.0858,0.7648,3.709,,,,,,,
89,Left,24,0.0000,0.0000,0.0203,0.6188,0.0382,-0.0027,0.7846,3.709,,,,,,,
89,Left,25,0.0002,0.0012,0.0219,0.0000,0.0000,0.0000,1.0000,3.709,,,,,,,
89,Right,0,-0.0030,-0.0048,0.0646,0.0000,0.0000,0.0000,1.0000,3.709,,,,,,,
89,Right,1,0.0000,0.0000,0.0000,0.0000,0.0000,0.0000,1.0000,3.709,-0.0064,0.0896,0.0212,0.6271,-0.0702,-0.0945,0.7700
89,Right,2,-0.0315,-0.0135,0.0332,-0.1730,-0.3185,0.5061,0.7826,3.709,,,,,,,
89,Right,3,0.0000,0.0000,0.0325,0.2844,0.0436,-0.0804,0.9543,3.709,,,,,,,
89,Right,4,0.0000,0.0000,0.0338,0.1218,-0.0498,0.0789,0.9882,3.709,,,,,,,
89,Right,5,0.0007,0.0010,0.0246,0.0000,0.0000,0.0000,1.0000,3.709,,,,,,,
89,Right,6,-0.0205,-0.0082,0.0358,0.0000,0.0000,0.0000,1.0000,3.709,,,,,,,
89,Right,7,-0.0031,0.0009,0.0602,0.0269,0.0550,0.0314,0.9976,3.709,,,,,,,
89,Right,8,0.0000,0.0000,0.0379,0.0765,0.0052,-0.0262,0.9967,3.709,,,,,,,
89,Right,9,0.0000,0.0000,0.0243,0.0433,0.0253,-0.0166,0.9986,3.709,,,,,,,
89,Right,10,0.0003,0.0010,0.0224,0.0000,0.0000,0.0000,1.0000,3.709,,,,,,,
89,Right,11,-0.0042,-0.0070,0.0337,0.0000,0.0000,0.0000,1.0000,3.709,,,,,,,
89,Right,12,0.0025,0.0045,0.0620,0.1172,0.0905,-0.0150,0.9889,3.709,,,,,,,
89,Right,13,0.0000,0.0000,0.0429,0.0731,0.0035,-0.0117,0.9973,3.709,,,,,,,
89,Right,14,0.0000,0.0000,0.0275,-0.0052,0.0008,-0.0431,0.9991,3.709,,,,,,,
89,Right,15,0.0003,0.0011,0.0250,0.0000,0.0000,0.0000,1.0000,3.709,,,,,,,
89,Right,16,0.0150,-0.0060,0.0348,0.0000,0.0000,0.0000,1.0000,3.709,,,,,,,
89,Right,17,0.0025,-0.0005,0.0539,0.0885,0.1039,-0.0571,0.9890,3.709,,,,,,,
89,Right,18,0.0000,0.0000,0.0390,0.0769,0.0004,-0.0353,0.9964,3.709,,,,,,,
89,Right,19,0.0000,0.0000,0.0266,0.0309,-0.0294,-0.0061,0.9991,3.709,,,,,,,
89,Right,20,0.0003,0.0016,0.0243,0.0000,0.0000,0.0000,1.0000,3.709,,,,,,,
89,Right,21,0.0230,-0.0094,0.0341,0.0183,0.1403,-0.2070,0.9680,3.709,,,,,,,
89,Right,22,0.0000,0.0000,0.0457,-0.0317,0.0047,0.0942,0.9950,3.709,,,,,,,
89,Right,23,0.0000,0.0000,0.0307,0.1394,0.0366,-0.0506,0.9883,3.709,,,,,,,
89,Right,24,0.0000,0.0000,0.0203,-0.0030,-0.0492,0.0007,0.9988,3.709,,,,,,,
89,Right,25,-0.0002,0.0012,0.0219,0.0000,0.0000,0.0000,1.0000,3.709,,,,,,,
90,Left,0,0.0018,-0.0057,0.0655,0.0000,0.0000,0.0000,1.0000,3.751,,,,,,,
90,Left,1,0.0000,0.0000,0.0000,0.0000,0.0000,0.0000,1.0000,3.751,-0.4581,0.3924,-0.0283,-0.7507,0.4738,-0.1956,-0.4168
90,Left,2,0.0267,-0.0206,0.0366,-0.0108,0.3247,-0.6493,0.6876,3.751,,,,,,,
90,Left,3,0.0000,0.0000,0.0325,0.2743,-0.0447,0.0806,0.9572,3.751,,,,,,,
90,Left,4,0.0000,0.0000,0.0338,0.1894,0.0436,-0.0765,0.9779,3.751,,,,,,,
90,Left,5,-0.0007,0.0010,0.0246,0.0000,0.0000,0.0000,1.0000,3.751,,,,,,,
90,Left,6,0.0180,-0.0118,0.0375,0.0000,0.0000,0.0000,1.0000,3.751,,,,,,,
90,Left,7,0.0055,0.0045,0.0585,0.4707,-0.1032,0.0017,0.8762,3.751,,,,,,,
90,Left,8,0.0000,0.0000,0.0379,0.7270,0.0138,0.0215,0.6862,3.751,,,,,,,
90,Left,9,0.0000,0.0000,0.0243,0.5253,-0.0135,0.0166,0.8506,3.751,,,,,,,
90,Left,10,-0.0003,0.0010,0.0224,0.0000,0.0000,0.0000,1.0000,3.751,,,,,,,
90,Left,11,0.0018,-0.0088,0.0353,0.0000,0.0000,0.0000,1.0000,3.751,,,,,,,
90,Left,12,-0.0001,0.0062,0.0603,0.5738,-0.0923,0.0668,0.8110,3.751,,,,,,,
90,Left,13,0.0000,0.0000,0.0429,0.6920,0.0046,0.0126,0.7218,3.751,,,,,,,
90,Left,14,0.0000,0.0000,0.0276,0.5485,0.0235,0.0901,0.8309,3.751,,,,,,,
90,Left,15,-0.0003,0.0011,0.0250,0.0000,0.0000,0.0000,1.0000,3.751,,,,,,,
90,Left,16,-0.0150,-0.0060,0.0348,0.0000,0.0000,0.0000,1.0000,3.751,,,,,,,
90,Left,17,-0.0025,-0.0005,0.0539,0.6114,-0.0613,0.1034,0.7822,3.751,,,,,,,
90,Left,18,0.0000,0.0000,0.0390,0.6834,0.0207,0.0417,0.7286,3.751,,,,,,,
90,Left,19,0.0000,0.0000,0.0266,0.5631,0.0268,0.0303,0.8254,3.751,,,,,,,
90,Left,20,-0.0003,0.0016,0.0243,0.0000,0.0000,0.0000,1.0000,3.751,,,,,,,
90,Left,21,-0.0230,-0.0094,0.0341,0.0183,-0.1403,0.2070,0.9680,3.751,,,,,,,
90,Left,22,0.0000,0.0000,0.0457,0.6052,-0.0475,-0.0508,0.7930,3.751,,,,,,,
90,Left,23,0.0000,0.0000,0.0307,0.6386,-0.0077,0.0858,0.7647,3.751,,,,,,,
90,Left,24,0.0000,0.0000,0.0203,0.6174,0.0382,-0.0027,0.7857,3.751,,,,,,,
90,Left,25,0.0002,0.0012,0.0219,0.0000,0.0000,0.0000,1.0000,3.751,,,,,,,
90,Right,0,-0.0030,-0.0048,0.0647,0.0000,0.0000,0.0000,1.0000,3.751,,,,,,,
90,Right,1,0.0000,0.0000,0.0000,0.0000,0.0000,0.0000,1.0000,3.751,-0.0060,0.0904,0.0216,0.6254,-0.0704,-0.0962,0.7712
90,Right,2,-0.0315,-0.0136,0.0332,-0.1726,-0.3186,0.5065,0.7824,3.751,,,,,,,
90,Right,3,0.0000,0.0000,0.0325,0.2844,0.0436,-0.0804,0.9543,3.751,,,,,,,
90,Right,4,0.0000,0.0000,0.0338,0.1224,-0.0498,0.0789,0.9881,3.751,,,,,,,
90,Right,5,0.0007,0.0010,0.0246,0.0000,0.0000,0.0000,1.0000,3.751,,,,,,,
90,Right,6,-0.0204,-0.0082,0.0358,0.0000,0.0000,0.0000,1.0000,3.751,,,,,,,
90,Right,7,-0.0031,0.0009,0.0602,0.0276,0.0554,0.0314,0.9976,3.751,,,,,,,
90,Right,8,0.0000,0.0000,0.0379,0.0765,0.0052,-0.0262,0.9967,3.751,,,,,,,
90,Right,9,0.0000,0.0000,0.0243,0.0433,0.0253,-0.0166,0.9986,3.751,,,,,,,
90,Right,10,0.0003,0.0010,0.0224,0.0000,0.0000,0.0000,1.0000,3.751,,,,,,,
90,Right,11,-0.0042,-0.0070,0.0337,0.0000,0.0000,0.0000,1.0000,3.751,,,,,,,
90,Right,12,0.0025,0.0045,0.0620,0.1200,0.0906,-0.0152,0.9885,3.751,,,,,,,
90,Right,13,0.0000,0.0000,0.0429,0.0721,0.0035,-0.0117,0.9973,3.751,,,,,,,
90,Right,14,0.0000,0.0000,0.0275,-0.0055,0.0008,-0.0431,0.9991,3.751,,,,,,,
90,Right,15,0.0003,0.0011,0.0250,0.0000,0.0000,0.0000,1.0000,3.751,,,,,,,
90,Right,16,0.0150,-0.0060,0.0348,0.0000,0.0000,0.0000,1.0000,3.751,,,,,,,
90,Right,17,0.0025,-0.0005,0.0539,0.0908,0.1043,-0.0573,0.9887,3.751,,,,,,,
90,Right,18,0.0000,0.0000,0.0390,0.0766,0.0004,-0.0353,0.9964,3.751,,,,,,,
90,Right,19,0.0000,0.0000,0.0266,0.0311,-0.0294,-0.0061,0.9991,3.751,,,,,,,
90,Right,20,0.0003,0.0016,0.0243,0.0000,0.0000,0.0000,1.0000,3.751,,,,,,,
90,Right,21,0.0230,-0.0094,0.0341,0.0183,0.1403,-0.2070,0.9680,3.751,,,,,,,
90,Right,22,0.0000,0.0000,0.0457,-0.0315,0.0047,0.0942,0.9950,3.751,,,,,,,
90,Right,23,0.0000,0.0000,0.0307,0.1398,0.0366,-0.0507,0.9882,3.751,,,,,,,
90,Right,24,0.0000,0.0000,0.0203,-0.0025,-0.0492,0.0007,0.9988,3.751,,,,,,,
90,Right,25,-0.0002,0.0012,0.0219,0.0000,0.0000,0.0000,1.0000,3.751,,,,,,,
91,Left,0,0.0018,-0.0057,0.0655,0.0000,0.0000,0.0000,1.0000,3.793,,,,,,,
91,Left,1,0.0000,0.0000,0.0000,0.0000,0.0000,0.0000,1.0000,3.793,-0.4582,0.3935,-0.0195,-0.7628,0.4660,-0.2185,-0.3915
91,Left,2,0.0267,-0.0206,0.0366,-0.0118,0.3239,-0.6490,0.6883,3.793,,,,,,,
91,Left,3,0.0000,0.0000,0.0325,0.2700,-0.0451,0.0807,0.9584,3.793,,,,,,,
91,Left,4,0.0000,0.0000,0.0338,0.1881,0.0437,-0.0765,0.9782,3.793,,,,,,,
91,Left,5,-0.0007,0.0010,0.0246,0.0000,0.0000,0.0000,1.0000,3.793,,,,,,,
91,Left,6,0.0180,-0.0118,0.0375,0.0000,0.0000,0.0000,1.0000,3.793,,,,,,,
91,Left,7,0.0055,0.0045,0.0585,0.4701,-0.1027,0.0014,0.8766,3.793,,,,,,,
91,Left,8,0.0000,0.0000,0.0379,0.7279,0.0139,0.0215,0.6852,3.793,,,,,,,
91,Left,9,0.0000,0.0000,0.0243,0.5253,-0.0135,0.0166,0.8506,3.793,,,,,,,
91,Left,10,-0.0003,0.0010,0.0224,0.0000,0.0000,0.0000,1.0000,3.793,,,,,,,
91,Left,11,0.0018,-0.0088,0.0353,0.0000,0.0000,0.0000,1.0000,3.793,,,,,,,
91,Left,12,-0.0001,0.0062,0.0603,0.5741,-0.0923,0.0668,0.8108,3.793,,,,,,,
91,Left,13,0.0000,0.0000,0.0429,0.6928,0.0046,0.0126,0.7210,3.793,,,,,,,
91,Left,14,0.0000,0.0000,0.0275,0.5481,0.0235,0.0901,0.8312,3.793,,,,,,,
91,Left,15,-0.0003,0.0011,0.0250,0.0000,0.0000,0.0000,1.0000,3.793,,,,,,,
91,Left,16,-0.0150,-0.0060,0.0348,0.0000,0.0000,0.0000,1.0000,3.793,,,,,,,
91,Left,17,-0.0025,-0.0005,0.0539,0.6115,-0.0614,0.1036,0.7820,3.793,,,,,,,
91,Left,18,0.0000,0.0000,0.0390,0.6867,0.0208,0.0417,0.7255,3.793,,,,,,,
91,Left,19,0.0000,0.0000,0.0266,0.5633,0.0268,0.0303,0.8253,3.793,,,,,,,
91,Left,20,-0.0003,0.0016,0.0243,0.0000,0.0000,0.0000,1.0000,3.793,,,,,,,
91,Left,21,-0.0230,-0.0094,0.0341,0.0183,-0.1403,0.2070,0.9680,3.793,,,,,,,
91,Left,22,0.0000,0.0000,0.0457,0.6032,-0.0467,-0.0514,0.7946,3.793,,,,,,,
91,Left,23,0.0000,0.0000,0.0307,0.6393,-0.0076,0.0858,0.7641,3.793,,,,,,,
91,Left,24,0.0000,0.0000,0.0203,0.6169,0.0382,-0.0027,0.7861,3.793,,,,,,,
91,Left,25,0.0002,0.0012,0.0219,0.0000,0.0000,0.0000,1.0000,3.793,,,,,,,
91,Right,0,-0.0030,-0.0048,0.0647,0.0000,0.0000,0.0000,1.0000,3.793,,,,,,,
91,Right,1,0.0000,0.0000,0.0000,0.0000,0.0000,0.0000,1.0000,3.793,-0.0055,0.0913,0.0228,0.6244,-0.0689,-0.0993,0.7717
91,Right,2,-0.0315,-0.0136,0.0332,-0.1721,-0.3193,0.5068,0.7820,3.793,,,,,,,
91,Right,3,0.0000,0.0000,0.0325,0.2848,0.0436,-0.0804,0.9542,3.793,,,,,,,
91,Right,4,0.0000,0.0000,0.0338,0.1231,-0.0497,0.0788,0.9880,3.793,,,,,,,
91,Right,5,0.0007,0.0010,0.0246,0.0000,0.0000,0.0000,1.0000,3.793,,,,,,,
91,Right,6,-0.0204,-0.0082,0.0358,0.0000,0.0000,0.0000,1.0000,3.793,,,,,,,
91,Right,7,-0.0031,0.0009,0.0602,0.0279,0.0558,0.0314,0.9976,3.793,,,,,,,
91,Right,8,0.0000,0.0000,0.0379,0.0767,0.0052,-0.0262,0.9967,3.793,,,,,,,
91,Right,9,0.0000,0.0000,0.0243,0.0434,0.0253,-0.0166,0.9986,3.793,,,,,,,
91,Right,10,0.0003,0.0010,0.0224,0.0000,0.0000,0.0000,1.0000,3.793,,,,,,,
91,Right,11,-0.0042,-0.0070,0.0337,0.0000,0.0000,0.0000,1.0000,3.793,,,,,,,
91,Right,12,0.0025,0.0045,0.0620,0.1206,0.0911,-0.0153,0.9884,3.793,,,,,,,
91,Right,13,0.0000,0.0000,0.0429,0.0719,0.0035,-0.0117,0.9973,3.793,,,,,,,
91,Right,14,0.0000,0.0000,0.0275,-0.0056,0.0008,-0.0431,0.9991,3.793,,,,,,,
91,Right,15,0.0003,0.0011,0.0250,0.0000,0.0000,0.0000,1.0000,3.793,,,,,,,
91,Right,16,0.0150,-0.0060,0.0348,0.0000,0.0000,0.0000,1.0000,3.793,,,,,,,
91,Right,17,0.0025,-0.0005,0.0539,0.0915,0.1053,-0.0574,0.9886,3.793,,,,,,,
91,Right,18,0.0000,0.0000,0.0390,0.0765,0.0004,-0.0353,0.9964,3.793,,,,,,,
91,Right,19,0.0000,0.0000,0.0266,0.0312,-0.0294,-0.0061,0.9991,3.793,,,,,,,
91,Right,20,0.0003,0.0016,0.0243,0.0000,0.0000,0.0000,1.0000,3.793,,,,,,,
91,Right,21,0.0230,-0.0094,0.0341,0.0183,0.1403,-0.2070,0.9680,3.793,,,,,,,
91,Right,22,0.0000,0.0000,0.0457,-0.0314,0.0049,0.0942,0.9950,3.793,,,,,,,
91,Right,23,0.0000,0.0000,0.0307,0.1404,0.0365,-0.0507,0.9881,3.793,,,,,,,
91,Right,24,0.0000,0.0000,0.0203,-0.0021,-0.0492,0.0007,0.9988,3.793,,,,,,,
91,Right,25,-0.0002,0.0012,0.0219,0.0000,0.0000,0.0000,1.0000,3.793,,,,,,,
92,Left,0,0.0018,-0.0057,0.0655,0.0000,0.0000,0.0000,1.0000,3.834,,,,,,,
92,Left,1,0.0000,0.0000,0.0000,0.0000,0.0000,0.0000,1.0000,3.834,-0.4576,0.3963,-0.0141,-0.7698,0.4553,-0.2417,-0.3764
92,Left,2,0.0267,-0.0206,0.0366,-0.0141,0.3215,-0.6487,0.6897,3.834,,,,,,,
92,Left,3,0.0000,0.0000,0.0325,0.2622,-0.0459,0.0809,0.9605,3.834,,,,,,,
92,Left,4,0.0000,0.0000,0.0338,0.1871,0.0439,-0.0765,0.9784,3.834,,,,,,,
92,Left,5,-0.0007,0.0010,0.0246,0.0000,0.0000,0.0000,1.0000,3.834,,,,,,,
92,Left,6,0.0180,-0.0118,0.0375,0.0000,0.0000,0.0000,1.0000,3.834,,,,,,,
92,Left,7,0.0055,0.0045,0.0585,0.4624,-0.1027,0.0007,0.8807,3.834,,,,,,,
92,Left,8,0.0000,0.0000,0.0379,0.7284,0.0139,0.0215,0.6847,3.834,,,,,,,
92,Left,9,0.0000,0.0000,0.0243,0.5255,-0.0135,0.0166,0.8505,3.834,,,,,,,
92,Left,10,-0.0003,0.0010,0.0224,0.0000,0.0000,0.0000,1.0000,3.834,,,,,,,
92,Left,11,0.0018,-0.0088,0.0353,0.0000,0.0000,0.0000,1.0000,3.834,,,,,,,
92,Left,12,-0.0001,0.0062,0.0603,0.5738,-0.0920,0.0665,0.8111,3.834,,,,,,,
92,Left,13,0.0000,0.0000,0.0429,0.6940,0.0047,0.0126,0.7198,3.834,,,,,,,
92,Left,14,0.0000,0.0000,0.0275,0.5481,0.0235,0.0901,0.8312,3.834,,,,,,,
92,Left,15,-0.0003,0.0011,0.0250,0.0000,0.0000,0.0000,1.0000,3.834,,,,,,,
92,Left,16,-0.0150,-0.0060,0.0348,0.0000,0.0000,0.0000,1.0000,3.834,,,,,,,
92,Left,17,-0.0025,-0.0005,0.0539,0.6109,-0.0619,0.1038,0.7824,3.834,,,,,,,
92,Left,18,0.0000,0.0000,0.0390,0.6950,0.0211,0.0416,0.7175,3.834,,,,,,,
92,Left,19,0.0000,0.0000,0.0266,0.5649,0.0268,0.0303,0.8242,3.834,,,,,,,
92,Left,20,-0.0003,0.0016,0.0243,0.0000,0.0000,0.0000,1.0000,3.834,,,,,,,
92,Left,21,-0.0230,-0.0094,0.0341,0.0183,-0.1403,0.2070,0.9680,3.834,,,,,,,
92,Left,22,0.0000,0.0000,0.0457,0.5951,-0.0455,-0.0526,0.8006,3.834,,,,,,,
92,Left,23,0.0000,0.0000,0.0307,0.6414,-0.0075,0.0860,0.7623,3.834,,,,,,,
92,Left,24,0.0000,0.0000,0.0203,0.6171,0.0382,-0.0027,0.7859,3.834,,,,,,,
92,Left,25,0.0002,0.0012,0.0219,0.0000,0.0000,0.0000,1.0000,3.834,,,,,,,
92,Right,0,-0.0030,-0.0048,0.0647,0.0000,0.0000,0.0000,1.0000,3.834,,,,,,,
92,Right,1,0.0000,0.0000,0.0000,0.0000,0.0000,0.0000,1.0000,3.834,-0.0053,0.0921,0.0244,0.6234,-0.0680,-0.1003,0.7725
92,Right,2,-0.0315,-0.0136,0.0332,-0.1718,-0.3198,0.5070,0.7818,3.834,,,,,,,
92,Right,3,0.0000,0.0000,0.0325,0.2851,0.0435,-0.0804,0.9541,3.834,,,,,,,
92,Right,4,0.0000,0.0000,0.0338,0.1238,-0.0497,0.0788,0.9879,3.834,,,,,,,
92,Right,5,0.0007,0.0010,0.0246,0.0000,0.0000,0.0000,1.0000,3.834,,,,,,,
92,Right,6,-0.0204,-0.0082,0.0358,0.0000,0.0000,0.0000,1.0000,3.834,,,,,,,
92,Right,7,-0.0031,0.0009,0.0602,0.0283,0.0563,0.0314,0.9975,3.834,,,,,,,
92,Right,8,0.0000,0.0000,0.0379,0.0774,0.0052,-0.0262,0.9966,3.834,,,,,,,
92,Right,9,0.0000,0.0000,0.0243,0.0439,0.0253,-0.0167,0.9986,3.834,,,,,,,
92,Right,10,0.0003,0.0010,0.0224,0.0000,0.0000,0.0000,1.0000,3.834,,,,,,,
92,Right,11,-0.0042,-0.0070,0.0337,0.0000,0.0000,0.0000,1.0000,3.834,,,,,,,
92,Right,12,0.0025,0.0045,0.0620,0.1215,0.0921,-0.0155,0.9882,3.834,,,,,,,
92,Right,13,0.0000,0.0000,0.0429,0.0726,0.0035,-0.0117,0.9973,3.834,,,,,,,
92,Right,14,0.0000,0.0000,0.0275,-0.0052,0.0008,-0.0431,0.9991,3.834,,,,,,,
92,Right,15,0.0003,0.0011,0.0250,0.0000,0.0000,0.0000,1.0000,3.834,,,,,,,
92,Right,16,0.0150,-0.0060,0.0348,0.0000,0.0000,0.0000,1.0000,3.834,,,,,,,
92,Right,17,0.0025,-0.0005,0.0539,0.0923,0.1064,-0.0575,0.9884,3.834,,,,,,,
92,Right,18,0.0000,0.0000,0.0390,0.0771,0.0004,-0.0353,0.9964,3.834,,,,,,,
92,Right,19,0.0000,0.0000,0.0266,0.0316,-0.0294,-0.0061,0.9990,3.834,,,,,,,
92,Right,20,0.0003,0.0016,0.0243,0.0000,0.0000,0.0000,1.0000,3.834,,,,,,,
92,Right,21,0.0230,-0.0094,0.0341,0.0183,0.1403,-0.2070,0.9680,3.834,,,,,,,
92,Right,22,0.0000,0.0000,0.0457,-0.0317,0.0056,0.0942,0.9950,3.834,,,,,,,
92,Right,23,0.0000,0.0000,0.0307,0.1416,0.0365,-0.0508,0.9879,3.834,,,,,,,
92,Right,24,0.0000,0.0000,0.0203,-0.0014,-0.0492,0.0007,0.9988,3.834,,,,,,,
92,Right,25,-0.0002,0.0012,0.0219,0.0000,0.0000,0.0000,1.0000,3.834,,,,,,,
93,Left,0,0.0018,-0.0057,0.0655,0.0000,0.0000,0.0000,1.0000,3.876,,,,,,,
93,Left,1,0.0000,0.0000,0.0000,0.0000,0.0000,0.0000,1.0000,3.876,-0.4548,0.3984,-0.0104,-0.7718,0.4518,-0.2468,-0.3732
93,Left,2,0.0267,-0.0206,0.0366,-0.0184,0.3165,-0.6483,0.6923,3.876,,,,,,,
93,Left,3,0.0000,0.0000,0.0325,0.2575,-0.0464,0.0810,0.9618,3.876,,,,,,,
93,Left,4,0.0000,0.0000,0.0338,0.1874,0.0438,-0.0765,0.9783,3.876,,,,,,,
93,Left,5,-0.0007,0.0010,0.0246,0.0000,0.0000,0.0000,1.0000,3.876,,,,,,,
93,Left,6,0.0180,-0.0118,0.0375,0.0000,0.0000,0.0000,1.0000,3.876,,,,,,,
93,Left,7,0.0055,0.0045,0.0585,0.4560,-0.1026,0.0000,0.8840,3.876,,,,,,,
93,Left,8,0.0000,0.0000,0.0379,0.7284,0.0139,0.0215,0.6846,3.876,,,,,,,
93,Left,9,0.0000,0.0000,0.0243,0.5259,-0.0135,0.0166,0.8503,3.876,,,,,,,
93,Left,10,-0.0003,0.0010,0.0224,0.0000,0.0000,0.0000,1.0000,3.876,,,,,,,
93,Left,11,0.0018,-0.0088,0.0353,0.0000,0.0000,0.0000,1.0000,3.876,,,,,,,
93,Left,12,-0.0001,0.0062,0.0603,0.5734,-0.0918,0.0664,0.8114,3.876,,,,,,,
93,Left,13,0.0000,0.0000,0.0429,0.6950,0.0047,0.0126,0.7189,3.876,,,,,,,
93,Left,14,0.0000,0.0000,0.0275,0.5485,0.0235,0.0901,0.8309,3.876,,,,,,,
93,Left,15,-0.0003,0.0011,0.0250,0.0000,0.0000,0.0000,1.0000,3.876,,,,,,,
93,Left,16,-0.0150,-0.0060,0.0348,0.0000,0.0000,0.0000,1.0000,3.876,,,,,,,
93,Left,17,-0.0025,-0.0005,0.0539,0.6103,-0.0623,0.1040,0.7828,3.876,,,,,,,
93,Left,18,0.0000,0.0000,0.0390,0.6986,0.0213,0.0416,0.7140,3.876,,,,,,,
93,Left,19,0.0000,0.0000,0.0266,0.5676,0.0268,0.0305,0.8223,3.876,,,,,,,
93,Left,20,-0.0003,0.0016,0.0243,0.0000,0.0000,0.0000,1.0000,3.876,,,,,,,
93,Left,21,-0.0230,-0.0094,0.0341,0.0183,-0.1403,0.2070,0.9680,3.876,,,,,,,
93,Left,22,0.0000,0.0000,0.0457,0.5885,-0.0444,-0.0536,0.8055,3.876,,,,,,,
93,Left,23,0.0000,0.0000,0.0307,0.6469,-0.0071,0.0863,0.7576,3.876,,,,,,,
93,Left,24,0.0000,0.0000,0.0203,0.6177,0.0382,-0.0027,0.7855,3.876,,,,,,,
93,Left,25,0.0002,0.0012,0.0219,0.0000,0.0000,0.0000,1.0000,3.876,,,,,,,
93,Right,0,-0.0030,-0.0048,0.0647,0.0000,0.0000,0.0000,1.0000,3.876,,,,,,,
93,Right,1,0.0000,0.0000,0.0000,0.0000,0.0000,0.0000,1.0000,3.876,-0.0042,0.0922,0.0257,0.6228,-0.0678,-0.1009,0.7729
93,Right,2,-0.0315,-0.0136,0.0332,-0.1716,-0.3200,0.5071,0.7817,3.876,,,,,,,
93,Right,3,0.0000,0.0000,0.0325,0.2856,0.0435,-0.0804,0.9540,3.876,,,,,,,
93,Right,4,0.0000,0.0000,0.0338,0.1245,-0.0496,0.0788,0.9878,3.876,,,,,,,
93,Right,5,0.0007,0.0010,0.0246,0.0000,0.0000,0.0000,1.0000,3.876,,,,,,,
93,Right,6,-0.0204,-0.0082,0.0358,0.0000,0.0000,0.0000,1.0000,3.876,,,,,,,
93,Right,7,-0.0031,0.0009,0.0602,0.0286,0.0563,0.0314,0.9975,3.876,,,,,,,
93,Right,8,0.0000,0.0000,0.0379,0.0779,0.0052,-0.0262,0.9966,3.876,,,,,,,
93,Right,9,0.0000,0.0000,0.0243,0.0442,0.0253,-0.0167,0.9986,3.876,,,,,,,
93,Right,10,0.0003,0.0010,0.0224,0.0000,0.0000,0.0000,1.0000,3.876,,,,,,,
93,Right,11,-0.0042,-0.0070,0.0337,0.0000,0.0000,0.0000,1.0000,3.876,,,,,,,
93,Right,12,0.0025,0.0045,0.0620,0.1222,0.0927,-0.0156,0.9880,3.876,,,,,,,
93,Right,13,0.0000,0.0000,0.0429,0.0726,0.0035,-0.0117,0.9973,3.876,,,,,,,
93,Right,14,0.0000,0.0000,0.0275,-0.0054,0.0008,-0.0431,0.9991,3.876,,,,,,,
93,Right,15,0.0003,0.0011,0.0250,0.0000,0.0000,0.0000,1.0000,3.876,,,,,,,
93,Right,16,0.0150,-0.0060,0.0348,0.0000,0.0000,0.0000,1.0000,3.876,,,,,,,
93,Right,17,0.0025,-0.0005,0.0539,0.0931,0.1075,-0.0577,0.9882,3.876,,,,,,,
93,Right,18,0.0000,0.0000,0.0390,0.0778,0.0004,-0.0354,0.9963,3.876,,,,,,,
93,Right,19,0.0000,0.0000,0.0266,0.0318,-0.0294,-0.0061,0.9990,3.876,,,,,,,
93,Right,20,0.0003,0.0016,0.0243,0.0000,0.0000,0.0000,1.0000,3.876,,,,,,,
93,Right,21,0.0230,-0.0094,0.0341,0.0183,0.1403,-0.2070,0.9680,3.876,,,,,,,
93,Right,22,0.0000,0.0000,0.0457,-0.0321,0.0069,0.0943,0.9950,3.876,,,,,,,
93,Right,23,0.0000,0.0000,0.0307,0.1428,0.0364,-0.0509,0.9878,3.876,,,,,,,
93,Right,24,0.0000,0.0000,0.0203,-0.0011,-0.0492,0.0007,0.9988,3.876,,,,,,,
93,Right,25,-0.0002,0.0012,0.0219,0.0000,0.0000,0.0000,1.0000,3.876,,,,,,,
94,Left,0,0.0018,-0.0057,0.0655,0.0000,0.0000,0.0000,1.0000,3.918,,,,,,,
94,Left,1,0.0000,0.0000,0.0000,0.0000,0.0000,0.0000,1.0000,3.918,-0.4524,0.4015,-0.0078,-0.7723,0.4531,-0.2527,-0.3665
94,Left,2,0.0267,-0.0206,0.0366,-0.0203,0.3143,-0.6480,0.6934,3.918,,,,,,,
94,Left,3,0.0000,0.0000,0.0325,0.2541,-0.0467,0.0810,0.9626,3.918,,,,,,,
94,Left,4,0.0000,0.0000,0.0338,0.1890,0.0437,-0.0765,0.9780,3.918,,,,,,,
94,Left,5,-0.0007,0.0010,0.0246,0.0000,0.0000,0.0000,1.0000,3.918,,,,,,,
94,Left,6,0.0180,-0.0118,0.0375,0.0000,0.0000,0.0000,1.0000,3.918,,,,,,,
94,Left,7,0.0055,0.0045,0.0585,0.4548,-0.1020,-0.0003,0.8847,3.918,,,,,,,
94,Left,8,0.0000,0.0000,0.0379,0.7284,0.0139,0.0215,0.6846,3.918,,,,,,,
94,Left,9,0.0000,0.0000,0.0243,0.5260,-0.0135,0.0166,0.8502,3.918,,,,,,,
94,Left,10,-0.0003,0.0010,0.0224,0.0000,0.0000,0.0000,1.0000,3.918,,,,,,,
94,Left,11,0.0018,-0.0088,0.0353,0.0000,0.0000,0.0000,1.0000,3.918,,,,,,,
94,Left,12,-0.0001,0.0062,0.0603,0.5732,-0.0914,0.0661,0.8116,3.918,,,,,,,
94,Left,13,0.0000,0.0000,0.0429,0.6958,0.0047,0.0126,0.7181,3.918,,,,,,,
94,Left,14,0.0000,0.0000,0.0275,0.5491,0.0235,0.0902,0.8305,3.918,,,,,,,
94,Left,15,-0.0003,0.0011,0.0250,0.0000,0.0000,0.0000,1.0000,3.918,,,,,,,
94,Left,16,-0.0150,-0.0060,0.0348,0.0000,0.0000,0.0000,1.0000,3.918,,,,,,,
94,Left,17,-0.0025,-0.0005,0.0539,0.6099,-0.0625,0.1041,0.7831,3.918,,,,,,,
94,Left,18,0.0000,0.0000,0.0390,0.6996,0.0213,0.0416,0.7130,3.918,,,,,,,
94,Left,19,0.0000,0.0000,0.0266,0.5690,0.0267,0.0305,0.8214,3.918,,,,,,,
94,Left,20,-0.0003,0.0016,0.0243,0.0000,0.0000,0.0000,1.0000,3.918,,,,,,,
94,Left,21,-0.0230,-0.0094,0.0341,0.0183,-0.1403,0.2070,0.9680,3.918,,,,,,,
94,Left,22,0.0000,0.0000,0.0457,0.5857,-0.0433,-0.0544,0.8075,3.918,,,,,,,
94,Left,23,0.0000,0.0000,0.0307,0.6508,-0.0068,0.0865,0.7543,3.918,,,,,,,
94,Left,24,0.0000,0.0000,0.0203,0.6184,0.0382,-0.0027,0.7849,3.918,,,,,,,
94,Left,25,0.0002,0.0012,0.0219,0.0000,0.0000,0.0000,1.0000,3.918,,,,,,,
94,Right,0,-0.0030,-0.0048,0.0647,0.0000,0.0000,0.0000,1.0000,3.918,,,,,,,
94,Right,1,0.0000,0.0000,0.0000,0.0000,0.0000,0.0000,1.0000,3.918,-0.0030,0.0922,0.0268,0.6223,-0.0683,-0.1015,0.7732
94,Right,2,-0.0315,-0.0136,0.0333,-0.1714,-0.3200,0.5074,0.7815,3.918,,,,,,,
94,Right,3,0.0000,0.0000,0.0325,0.2856,0.0435,-0.0804,0.9540,3.918,,,,,,,
94,Right,4,0.0000,0.0000,0.0338,0.1253,-0.0495,0.0788,0.9877,3.918,,,,,,,
94,Right,5,0.0007,0.0010,0.0246,0.0000,0.0000,0.0000,1.0000,3.918,,,,,,,
94,Right,6,-0.0204,-0.0083,0.0358,0.0000,0.0000,0.0000,1.0000,3.918,,,,,,,
94,Right,7,-0.0031,0.0009,0.0602,0.0292,0.0560,0.0314,0.9975,3.918,,,,,,,
94,Right,8,0.0000,0.0000,0.0379,0.0782,0.0052,-0.0262,0.9966,3.918,,,,,,,
94,Right,9,0.0000,0.0000,0.0243,0.0442,0.0253,-0.0167,0.9986,3.918,,,,,,,
94,Right,10,0.0003,0.0010,0.0224,0.0000,0.0000,0.0000,1.0000,3.918,,,,,,,
94,Right,11,-0.0042,-0.0070,0.0337,0.0000,0.0000,0.0000,1.0000,3.918,,,,,,,
94,Right,12,0.0025,0.0045,0.0620,0.1225,0.0930,-0.0156,0.9880,3.918,,,,,,,
94,Right,13,0.0000,0.0000,0.0429,0.0723,0.0035,-0.0117,0.9973,3.918,,,,,,,
94,Right,14,0.0000,0.0000,0.0275,-0.0056,0.0008,-0.0431,0.9991,3.918,,,,,,,
94,Right,15,0.0003,0.0011,0.0250,0.0000,0.0000,0.0000,1.0000,3.918,,,,,,,
94,Right,16,0.0150,-0.0060,0.0348,0.0000,0.0000,0.0000,1.0000,3.918,,,,,,,
94,Right,17,0.0025,-0.0005,0.0539,0.0935,0.1085,-0.0577,0.9880,3.918,,,,,,,
94,Right,18,0.0000,0.0000,0.0390,0.0782,0.0003,-0.0354,0.9963,3.918,,,,,,,
94,Right,19,0.0000,0.0000,0.0266,0.0320,-0.0294,-0.0062,0.9990,3.918,,,,,,,
94,Right,20,0.0003,0.0016,0.0243,0.0000,0.0000,0.0000,1.0000,3.918,,,,,,,
94,Right,21,0.0230,-0.0094,0.0341,0.0183,0.1403,-0.2070,0.9680,3.918,,,,,,,
94,Right,22,0.0000,0.0000,0.0457,-0.0321,0.0079,0.0943,0.9950,3.918,,,,,,,
94,Right,23,0.0000,0.0000,0.0307,0.1441,0.0364,-0.0510,0.9876,3.918,,,,,,,
94,Right,24,0.0000,0.0000,0.0203,-0.0010,-0.0492,0.0007,0.9988,3.918,,,,,,,
94,Right,25,-0.0002,0.0012,0.0219,0.0000,0.0000,0.0000,1.0000,3.918,,,,,,,
95,Left,0,0.0018,-0.0057,0.0655,0.0000,0.0000,0.0000,1.0000,3.959,,,,,,,
95,Left,1,0.0000,0.0000,0.0000,0.0000,0.0000,0.0000,1.0000,3.959,-0.4477,0.4045,0.0009,-0.7664,0.4778,-0.2639,-0.3387
95,Left,2,0.0267,-0.0206,0.0366,-0.0203,0.3138,-0.6483,0.6934,3.959,,,,,,,
95,Left,3,0.0000,0.0000,0.0325,0.2540,-0.0467,0.0810,0.9627,3.959,,,,,,,
95,Left,4,0.0000,0.0000,0.0338,0.1903,0.0435,-0.0764,0.9778,3.959,,,,,,,
95,Left,5,-0.0007,0.0010,0.0246,0.0000,0.0000,0.0000,1.0000,3.959,,,,,,,
95,Left,6,0.0180,-0.0118,0.0375,0.0000,0.0000,0.0000,1.0000,3.959,,,,,,,
95,Left,7,0.0055,0.0045,0.0585,0.4535,-0.1013,-0.0008,0.8855,3.959,,,,,,,
95,Left,8,0.0000,0.0000,0.0379,0.7285,0.0139,0.0215,0.6846,3.959,,,,,,,
95,Left,9,0.0000,0.0000,0.0243,0.5256,-0.0135,0.0166,0.8504,3.959,,,,,,,
95,Left,10,-0.0003,0.0010,0.0224,0.0000,0.0000,0.0000,1.0000,3.959,,,,,,,
95,Left,11,0.0018,-0.0088,0.0354,0.0000,0.0000,0.0000,1.0000,3.959,,,,,,,
95,Left,12,-0.0001,0.0062,0.0603,0.5731,-0.0911,0.0659,0.8117,3.959,,,,,,,
95,Left,13,0.0000,0.0000,0.0429,0.6968,0.0047,0.0125,0.7172,3.959,,,,,,,
95,Left,14,0.0000,0.0000,0.0276,0.5500,0.0236,0.0902,0.8300,3.959,,,,,,,
95,Left,15,-0.0003,0.0011,0.0250,0.0000,0.0000,0.0000,1.0000,3.959,,,,,,,
95,Left,16,-0.0150,-0.0060,0.0348,0.0000,0.0000,0.0000,1.0000,3.959,,,,,,,
95,Left,17,-0.0025,-0.0005,0.0539,0.6092,-0.0631,0.1044,0.7836,3.959,,,,,,,
95,Left,18,0.0000,0.0000,0.0390,0.7003,0.0213,0.0416,0.7123,3.959,,,,,,,
95,Left,19,0.0000,0.0000,0.0266,0.5701,0.0267,0.0306,0.8206,3.959,,,,,,,
95,Left,20,-0.0003,0.0016,0.0243,0.0000,0.0000,0.0000,1.0000,3.959,,,,,,,
95,Left,21,-0.0230,-0.0094,0.0341,0.0183,-0.1403,0.2070,0.9680,3.959,,,,,,,
95,Left,22,0.0000,0.0000,0.0457,0.5854,-0.0430,-0.0547,0.8078,3.959,,,,,,,
95,Left,23,0.0000,0.0000,0.0307,0.6548,-0.0065,0.0867,0.7508,3.959,,,,,,,
95,Left,24,0.0000,0.0000,0.0203,0.6195,0.0381,-0.0027,0.7841,3.959,,,,,,,
95,Left,25,0.0002,0.0012,0.0219,0.0000,0.0000,0.0000,1.0000,3.959,,,,,,,
95,Right,0,-0.0030,-0.0048,0.0647,0.0000,0.0000,0.0000,1.0000,3.959,,,,,,,
95,Right,1,0.0000,0.0000,0.0000,0.0000,0.0000,0.0000,1.0000,3.959,-0.0031,0.0927,0.0275,0.6217,-0.0682,-0.1017,0.7736
95,Right,2,-0.0315,-0.0136,0.0333,-0.1711,-0.3200,0.5077,0.7814,3.959,,,,,,,
95,Right,3,0.0000,0.0000,0.0325,0.2854,0.0435,-0.0804,0.9541,3.959,,,,,,,
95,Right,4,0.0000,0.0000,0.0338,0.1256,-0.0495,0.0788,0.9877,3.959,,,,,,,
95,Right,5,0.0007,0.0010,0.0246,0.0000,0.0000,0.0000,1.0000,3.959,,,,,,,
95,Right,6,-0.0204,-0.0083,0.0358,0.0000,0.0000,0.0000,1.0000,3.959,,,,,,,
95,Right,7,-0.0031,0.0009,0.0602,0.0296,0.0560,0.0314,0.9975,3.959,,,,,,,
95,Right,8,0.0000,0.0000,0.0379,0.0791,0.0051,-0.0262,0.9965,3.959,,,,,,,
95,Right,9,0.0000,0.0000,0.0243,0.0446,0.0253,-0.0167,0.9985,3.959,,,,,,,
95,Right,10,0.0003,0.0010,0.0224,0.0000,0.0000,0.0000,1.0000,3.959,,,,,,,
95,Right,11,-0.0042,-0.0070,0.0337,0.0000,0.0000,0.0000,1.0000,3.959,,,,,,,
95,Right,12,0.0025,0.0045,0.0620,0.1232,0.0931,-0.0157,0.9879,3.959,,,,,,,
95,Right,13,0.0000,0.0000,0.0429,0.0727,0.0035,-0.0117,0.9973,3.959,,,,,,,
95,Right,14,0.0000,0.0000,0.0275,-0.0056,0.0008,-0.0431,0.9991,3.959,,,,,,,
95,Right,15,0.0003,0.0011,0.0250,0.0000,0.0000,0.0000,1.0000,3.959,,,,,,,
95,Right,16,0.0150,-0.0060,0.0348,0.0000,0.0000,0.0000,1.0000,3.959,,,,,,,
95,Right,17,0.0025,-0.0005,0.0539,0.0947,0.1092,-0.0579,0.9878,3.959,,,,,,,
95,Right,18,0.0000,0.0000,0.0390,0.0789,0.0003,-0.0354,0.9963,3.959,,,,,,,
95,Right,19,0.0000,0.0000,0.0266,0.0323,-0.0294,-0.0062,0.9990,3.959,,,,,,,
95,Right,20,0.0003,0.0016,0.0243,0.0000,0.0000,0.0000,1.0000,3.959,,,,,,,
95,Right,21,0.0230,-0.0094,0.0341,0.0183,0.1403,-0.2070,0.9680,3.959,,,,,,,
95,Right,22,0.0000,0.0000,0.0457,-0.0317,0.0087,0.0944,0.9950,3.959,,,,,,,
95,Right,23,0.0000,0.0000,0.0307,0.1450,0.0363,-0.0511,0.9874,3.959,,,,,,,
95,Right,24,0.0000,0.0000,0.0203,-0.0006,-0.0492,0.0007,0.9988,3.959,,,,,,,
95,Right,25,-0.0002,0.0012,0.0219,0.0000,0.0000,0.0000,1.0000,3.959,,,,,,,
96,Left,0,0.0018,-0.0057,0.0655,0.0000,0.0000,0.0000,1.0000,4.001,,,,,,,
96,Left,1,0.0000,0.0000,0.0000,0.0000,0.0000,0.0000,1.0000,4.001,-0.4451,0.4079,0.0078,-0.7688,0.4797,-0.2650,-0.3295
96,Left,2,0.0266,-0.0207,0.0367,-0.0195,0.3131,-0.6492,0.6928,4.001,,,,,,,
96,Left,3,0.0000,0.0000,0.0325,0.2535,-0.0468,0.0810,0.9628,4.001,,,,,,,
96,Left,4,0.0000,0.0000,0.0338,0.1911,0.0435,-0.0764,0.9776,4.001,,,,,,,
96,Left,5,-0.0007,0.0010,0.0246,0.0000,0.0000,0.0000,1.0000,4.001,,,,,,,
96,Left,6,0.0180,-0.0118,0.0375,0.0000,0.0000,0.0000,1.0000,4.001,,,,,,,
96,Left,7,0.0055,0.0045,0.0585,0.4483,-0.1010,-0.0014,0.8882,4.001,,,,,,,
96,Left,8,0.0000,0.0000,0.0379,0.7280,0.0139,0.0215,0.6851,4.001,,,,,,,
96,Left,9,0.0000,0.0000,0.0243,0.5250,-0.0135,0.0166,0.8509,4.001,,,,,,,
96,Left,10,-0.0003,0.0010,0.0224,0.0000,0.0000,0.0000,1.0000,4.001,,,,,,,
96,Left,11,0.0018,-0.0088,0.0354,0.0000,0.0000,0.0000,1.0000,4.001,,,,,,,
96,Left,12,-0.0001,0.0063,0.0603,0.5724,-0.0912,0.0658,0.8122,4.001,,,,,,,
96,Left,13,0.0000,0.0000,0.0429,0.6978,0.0047,0.0125,0.7161,4.001,,,,,,,
96,Left,14,0.0000,0.0000,0.0275,0.5509,0.0236,0.0903,0.8293,4.001,,,,,,,
96,Left,15,-0.0003,0.0011,0.0250,0.0000,0.0000,0.0000,1.0000,4.001,,,,,,,
96,Left,16,-0.0150,-0.0060,0.0348,0.0000,0.0000,0.0000,1.0000,4.001,,,,,,,
96,Left,17,-0.0025,-0.0005,0.0539,0.6086,-0.0637,0.1047,0.7840,4.001,,,,,,,
96,Left,18,0.0000,0.0000,0.0390,0.7009,0.0214,0.0416,0.7118,4.001,,,,,,,
96,Left,19,0.0000,0.0000,0.0266,0.5711,0.0267,0.0306,0.8199,4.001,,,,,,,
96,Left,20,-0.0003,0.0016,0.0243,0.0000,0.0000,0.0000,1.0000,4.001,,,,,,,
96,Left,21,-0.0230,-0.0094,0.0341,0.0183,-0.1403,0.2070,0.9680,4.001,,,,,,,
96,Left,22,0.0000,0.0000,0.0457,0.5853,-0.0425,-0.0550,0.8078,4.001,,,,,,,
96,Left,23,0.0000,0.0000,0.0307,0.6554,-0.0064,0.0867,0.7503,4.001,,,,,,,
96,Left,24,0.0000,0.0000,0.0203,0.6203,0.0381,-0.0027,0.7834,4.001,,,,,,,
96,Left,25,0.0002,0.0012,0.0219,0.0000,0.0000,0.0000,1.0000,4.001,,,,,,,
96,Right,0,-0.0030,-0.0048,0.0647,0.0000,0.0000,0.0000,1.0000,4.001,,,,,,,
96,Right,1,0.0000,0.0000,0.0000,0.0000,0.0000,0.0000,1.0000,4.001,-0.0032,0.0931,0.0281,0.6205,-0.0678,-0.1030,0.7745
96,Right,2,-0.0315,-0.0136,0.0333,-0.1707,-0.3202,0.5080,0.7812,4.001,,,,,,,
96,Right,3,0.0000,0.0000,0.0325,0.2853,0.0435,-0.0804,0.9541,4.001,,,,,,,
96,Right,4,0.0000,0.0000,0.0338,0.1259,-0.0495,0.0788,0.9877,4.001,,,,,,,
96,Right,5,0.0007,0.0010,0.0246,0.0000,0.0000,0.0000,1.0000,4.001,,,,,,,
96,Right,6,-0.0204,-0.0083,0.0358,0.0000,0.0000,0.0000,1.0000,4.001,,,,,,,
96,Right,7,-0.0031,0.0009,0.0602,0.0303,0.0564,0.0314,0.9975,4.001,,,,,,,
96,Right,8,0.0000,0.0000,0.0379,0.0806,0.0051,-0.0262,0.9964,4.001,,,,,,,
96,Right,9,0.0000,0.0000,0.0243,0.0449,0.0253,-0.0167,0.9985,4.001,,,,,,,
96,Right,10,0.0003,0.0010,0.0224,0.0000,0.0000,0.0000,1.0000,4.001,,,,,,,
96,Right,11,-0.0042,-0.0070,0.0337,0.0000,0.0000,0.0000,1.0000,4.001,,,,,,,
96,Right,12,0.0025,0.0045,0.0620,0.1242,0.0933,-0.0158,0.9877,4.001,,,,,,,
96,Right,13,0.0000,0.0000,0.0429,0.0731,0.0035,-0.0117,0.9973,4.001,,,,,,,
96,Right,14,0.0000,0.0000,0.0275,-0.0057,0.0008,-0.0431,0.9991,4.001,,,,,,,
96,Right,15,0.0003,0.0011,0.0250,0.0000,0.0000,0.0000,1.0000,4.001,,,,,,,
96,Right,16,0.0150,-0.0060,0.0348,0.0000,0.0000,0.0000,1.0000,4.001,,,,,,,
96,Right,17,0.0025,-0.0005,0.0539,0.0959,0.1099,-0.0580,0.9876,4.001,,,,,,,
96,Right,18,0.0000,0.0000,0.0390,0.0796,0.0003,-0.0354,0.9962,4.001,,,,,,,
96,Right,19,0.0000,0.0000,0.0266,0.0327,-0.0294,-0.0062,0.9990,4.001,,,,,,,
96,Right,20,0.0003,0.0016,0.0243,0.0000,0.0000,0.0000,1.0000,4.001,,,,,,,
96,Right,21,0.0230,-0.0094,0.0341,0.0183,0.1403,-0.2070,0.9680,4.001,,,,,,,
96,Right,22,0.0000,0.0000,0.0457,-0.0312,0.0094,0.0944,0.9950,4.001,,,,,,,
96,Right,23,0.0000,0.0000,0.0307,0.1460,0.0363,-0.0512,0.9873,4.001,,,,,,,
96,Right,24,0.0000,0.0000,0.0203,-0.0002,-0.0492,0.0007,0.9988,4.001,,,,,,,
96,Right,25,-0.0002,0.0012,0.0219,0.0000,0.0000,0.0000,1.0000,4.001,,,,,,,
97,Left,0,0.0017,-0.0057,0.0655,0.0000,0.0000,0.0000,1.0000,4.043,,,,,,,
97,Left,1,0.0000,0.0000,0.0000,0.0000,0.0000,0.0000,1.0000,4.043,-0.4429,0.4116,0.0148,-0.7730,0.4796,-0.2698,-0.3157
97,Left,2,0.0265,-0.0208,0.0367,-0.0184,0.3117,-0.6508,0.6921,4.043,,,,,,,
97,Left,3,0.0000,0.0000,0.0325,0.2522,-0.0469,0.0811,0.9631,4.043,,,,,,,
97,Left,4,0.0000,0.0000,0.0338,0.1909,0.0435,-0.0764,0.9777,4.043,,,,,,,
97,Left,5,-0.0007,0.0010,0.0246,0.0000,0.0000,0.0000,1.0000,4.043,,,,,,,
97,Left,6,0.0180,-0.0118,0.0375,0.0000,0.0000,0.0000,1.0000,4.043,,,,,,,
97,Left,7,0.0056,0.0045,0.0585,0.4392,-0.1016,-0.0019,0.8926,4.043,,,,,,,
97,Left,8,0.0000,0.0000,0.0379,0.7272,0.0139,0.0215,0.6860,4.043,,,,,,,
97,Left,9,0.0000,0.0000,0.0243,0.5241,-0.0135,0.0166,0.8514,4.043,,,,,,,
97,Left,10,-0.0003,0.0010,0.0224,0.0000,0.0000,0.0000,1.0000,4.043,,,,,,,
97,Left,11,0.0018,-0.0088,0.0354,0.0000,0.0000,0.0000,1.0000,4.043,,,,,,,
97,Left,12,0.0000,0.0063,0.0603,0.5715,-0.0920,0.0662,0.8127,4.043,,,,,,,
97,Left,13,0.0000,0.0000,0.0429,0.6989,0.0047,0.0125,0.7151,4.043,,,,,,,
97,Left,14,0.0000,0.0000,0.0276,0.5515,0.0236,0.0903,0.8289,4.043,,,,,,,
97,Left,15,-0.0003,0.0011,0.0250,0.0000,0.0000,0.0000,1.0000,4.043,,,,,,,
97,Left,16,-0.0150,-0.0060,0.0348,0.0000,0.0000,0.0000,1.0000,4.043,,,,,,,
97,Left,17,-0.0025,-0.0005,0.0539,0.6080,-0.0644,0.1050,0.7843,4.043,,,,,,,
97,Left,18,0.0000,0.0000,0.0390,0.7017,0.0214,0.0416,0.7110,4.043,,,,,,,
97,Left,19,0.0000,0.0000,0.0266,0.5718,0.0267,0.0306,0.8194,4.043,,,,,,,
97,Left,20,-0.0003,0.0016,0.0243,0.0000,0.0000,0.0000,1.0000,4.043,,,,,,,
97,Left,21,-0.0230,-0.0094,0.0341,0.0183,-0.1403,0.2070,0.9680,4.043,,,,,,,
97,Left,22,0.0000,0.0000,0.0457,0.5852,-0.0421,-0.0553,0.8079,4.043,,,,,,,
97,Left,23,0.0000,0.0000,0.0307,0.6559,-0.0064,0.0867,0.7499,4.043,,,,,,,
97,Left,24,0.0000,0.0000,0.0203,0.6211,0.0381,-0.0027,0.7828,4.043,,,,,,,
97,Left,25,0.0002,0.0012,0.0219,0.0000,0.0000,0.0000,1.0000,4.043,,,,,,,
97,Right,0,-0.0030,-0.0048,0.0647,0.0000,0.0000,0.0000,1.0000,4.043,,,,,,,
97,Right,1,0.0000,0.0000,0.0000,0.0000,0.0000,0.0000,1.0000,4.043,-0.0029,0.0934,0.0283,0.6194,-0.0669,-0.1055,0.7751
97,Right,2,-0.0315,-0.0136,0.0333,-0.1706,-0.3204,0.5081,0.7811,4.043,,,,,,,
97,Right,3,0.0000,0.0000,0.0325,0.2854,0.0435,-0.0804,0.9541,4.043,,,,,,,
97,Right,4,0.0000,0.0000,0.0338,0.1256,-0.0495,0.0788,0.9877,4.043,,,,,,,
97,Right,5,0.0007,0.0010,0.0246,0.0000,0.0000,0.0000,1.0000,4.043,,,,,,,
97,Right,6,-0.0204,-0.0083,0.0358,0.0000,0.0000,0.0000,1.0000,4.043,,,,,,,
97,Right,7,-0.0031,0.0009,0.0602,0.0302,0.0568,0.0314,0.9974,4.043,,,,,,,
97,Right,8,0.0000,0.0000,0.0379,0.0816,0.0051,-0.0262,0.9963,4.043,,,,,,,
97,Right,9,0.0000,0.0000,0.0243,0.0451,0.0253,-0.0167,0.9985,4.043,,,,,,,
97,Right,10,0.0003,0.0010,0.0224,0.0000,0.0000,0.0000,1.0000,4.043,,,,,,,
97,Right,11,-0.0042,-0.0070,0.0337,0.0000,0.0000,0.0000,1.0000,4.043,,,,,,,
97,Right,12,0.0025,0.0045,0.0620,0.1245,0.0936,-0.0159,0.9877,4.043,,,,,,,
97,Right,13,0.0000,0.0000,0.0429,0.0735,0.0035,-0.0117,0.9972,4.043,,,,,,,
97,Right,14,0.0000,0.0000,0.0275,-0.0059,0.0008,-0.0430,0.9991,4.043,,,,,,,
97,Right,15,0.0003,0.0011,0.0250,0.0000,0.0000,0.0000,1.0000,4.043,,,,,,,
97,Right,16,0.0150,-0.0060,0.0348,0.0000,0.0000,0.0000,1.0000,4.043,,,,,,,
97,Right,17,0.0025,-0.0005,0.0539,0.0967,0.1108,-0.0581,0.9874,4.043,,,,,,,
97,Right,18,0.0000,0.0000,0.0390,0.0803,0.0003,-0.0354,0.9961,4.043,,,,,,,
97,Right,19,0.0000,0.0000,0.0266,0.0329,-0.0294,-0.0062,0.9990,4.043,,,,,,,
97,Right,20,0.0003,0.0016,0.0243,0.0000,0.0000,0.0000,1.0000,4.043,,,,,,,
97,Right,21,0.0230,-0.0094,0.0341,0.0183,0.1403,-0.2070,0.9680,4.043,,,,,,,
97,Right,22,0.0000,0.0000,0.0457,-0.0317,0.0104,0.0944,0.9950,4.043,,,,,,,
97,Right,23,0.0000,0.0000,0.0307,0.1467,0.0362,-0.0512,0.9872,4.043,,,,,,,
97,Right,24,0.0000,0.0000,0.0203,0.0000,-0.0492,0.0007,0.9988,4.043,,,,,,,
97,Right,25,-0.0002,0.0012,0.0219,0.0000,0.0000,0.0000,1.0000,4.043,,,,,,,
98,Left,0,0.0017,-0.0057,0.0655,0.0000,0.0000,0.0000,1.0000,4.084,,,,,,,
98,Left,1,0.0000,0.0000,0.0000,0.0000,0.0000,0.0000,1.0000,4.084,-0.4407,0.4139,0.0194,-0.7794,0.4739,-0.2715,-0.3070
98,Left,2,0.0263,-0.0209,0.0368,-0.0183,0.3068,-0.6534,0.6918,4.084,,,,,,,
98,Left,3,0.0000,0.0000,0.0325,0.2498,-0.0472,0.0811,0.9637,4.084,,,,,,,
98,Left,4,0.0000,0.0000,0.0338,0.1895,0.0436,-0.0764,0.9779,4.084,,,,,,,
98,Left,5,-0.0007,0.0010,0.0246,0.0000,0.0000,0.0000,1.0000,4.084,,,,,,,
98,Left,6,0.0179,-0.0119,0.0376,0.0000,0.0000,0.0000,1.0000,4.084,,,,,,,
98,Left,7,0.0057,0.0046,0.0584,0.4354,-0.1025,-0.0019,0.8944,4.084,,,,,,,
98,Left,8,0.0000,0.0000,0.0379,0.7256,0.0138,0.0215,0.6877,4.084,,,,,,,
98,Left,9,0.0000,0.0000,0.0243,0.5234,-0.0136,0.0166,0.8518,4.084,,,,,,,
98,Left,10,-0.0003,0.0010,0.0224,0.0000,0.0000,0.0000,1.0000,4.084,,,,,,,
98,Left,11,0.0017,-0.0089,0.0354,0.0000,0.0000,0.0000,1.0000,4.084,,,,,,,
98,Left,12,0.0001,0.0063,0.0602,0.5703,-0.0932,0.0667,0.8134,4.084,,,,,,,
98,Left,13,0.0000,0.0000,0.0429,0.6997,0.0048,0.0125,0.7143,4.084,,,,,,,
98,Left,14,0.0000,0.0000,0.0276,0.5520,0.0236,0.0904,0.8286,4.084,,,,,,,
98,Left,15,-0.0003,0.0011,0.0250,0.0000,0.0000,0.0000,1.0000,4.084,,,,,,,
98,Left,16,-0.0150,-0.0060,0.0348,0.0000,0.0000,0.0000,1.0000,4.084,,,,,,,
98,Left,17,-0.0025,-0.0005,0.0539,0.6072,-0.0652,0.1055,0.7848,4.084,,,,,,,
98,Left,18,0.0000,0.0000,0.0390,0.7023,0.0214,0.0416,0.7103,4.084,,,,,,,
98,Left,19,0.0000,0.0000,0.0266,0.5723,0.0267,0.0307,0.8190,4.084,,,,,,,
98,Left,20,-0.0003,0.0016,0.0243,0.0000,0.0000,0.0000,1.0000,4.084,,,,,,,
98,Left,21,-0.0230,-0.0094,0.0341,0.0183,-0.1403,0.2070,0.9680,4.084,,,,,,,
98,Left,22,0.0000,0.0000,0.0457,0.5854,-0.0419,-0.0555,0.8078,4.084,,,,,,,
98,Left,23,0.0000,0.0000,0.0307,0.6564,-0.0063,0.0868,0.7494,4.084,,,,,,,
98,Left,24,0.0000,0.0000,0.0203,0.6220,0.0380,-0.0027,0.7821,4.084,,,,,,,
98,Left,25,0.0002,0.0012,0.0219,0.0000,0.0000,0.0000,1.0000,4.084,,,,,,,
98,Right,0,-0.0030,-0.0048,0.0647,0.0000,0.0000,0.0000,1.0000,4.084,,,,,,,
98,Right,1,0.0000,0.0000,0.0000,0.0000,0.0000,0.0000,1.0000,4.084,-0.0029,0.0941,0.0288,0.6180,-0.0647,-0.1084,0.7760
98,Right,2,-0.0315,-0.0136,0.0333,-0.1705,-0.3207,0.5081,0.7810,4.084,,,,,,,
98,Right,3,0.0000,0.0000,0.0325,0.2853,0.0435,-0.0804,0.9541,4.084,,,,,,,
98,Right,4,0.0000,0.0000,0.0338,0.1249,-0.0496,0.0788,0.9878,4.084,,,,,,,
98,Right,5,0.0007,0.0010,0.0246,0.0000,0.0000,0.0000,1.0000,4.084,,,,,,,
98,Right,6,-0.0204,-0.0083,0.0358,0.0000,0.0000,0.0000,1.0000,4.084,,,,,,,
98,Right,7,-0.0031,0.0009,0.0602,0.0295,0.0570,0.0314,0.9974,4.084,,,,,,,
98,Right,8,0.0000,0.0000,0.0379,0.0827,0.0050,-0.0262,0.9962,4.084,,,,,,,
98,Right,9,0.0000,0.0000,0.0243,0.0453,0.0253,-0.0167,0.9985,4.084,,,,,,,
98,Right,10,0.0003,0.0010,0.0224,0.0000,0.0000,0.0000,1.0000,4.084,,,,,,,
98,Right,11,-0.0042,-0.0070,0.0337,0.0000,0.0000,0.0000,1.0000,4.084,,,,,,,
98,Right,12,0.0025,0.0045,0.0620,0.1246,0.0944,-0.0159,0.9876,4.084,,,,,,,
98,Right,13,0.0000,0.0000,0.0429,0.0745,0.0035,-0.0117,0.9971,4.084,,,,,,,
98,Right,14,0.0000,0.0000,0.0275,-0.0058,0.0008,-0.0431,0.9991,4.084,,,,,,,
98,Right,15,0.0003,0.0011,0.0250,0.0000,0.0000,0.0000,1.0000,4.084,,,,,,,
98,Right,16,0.0150,-0.0060,0.0348,0.0000,0.0000,0.0000,1.0000,4.084,,,,,,,
98,Right,17,0.0025,-0.0005,0.0539,0.0972,0.1121,-0.0583,0.9872,4.084,,,,,,,
98,Right,18,0.0000,0.0000,0.0390,0.0812,0.0002,-0.0354,0.9961,4.084,,,,,,,
98,Right,19,0.0000,0.0000,0.0266,0.0332,-0.0294,-0.0062,0.9990,4.084,,,,,,,
98,Right,20,0.0003,0.0016,0.0243,0.0000,0.0000,0.0000,1.0000,4.084,,,,,,,
98,Right,21,0.0230,-0.0094,0.0341,0.0183,0.1403,-0.2070,0.9680,4.084,,,,,,,
98,Right,22,0.0000,0.0000,0.0457,-0.0320,0.0115,0.0945,0.9949,4.084,,,,,,,
98,Right,23,0.0000,0.0000,0.0307,0.1476,0.0362,-0.0513,0.9870,4.084,,,,,,,
98,Right,24,0.0000,0.0000,0.0203,0.0003,-0.0492,0.0007,0.9988,4.084,,,,,,,
98,Right,25,-0.0002,0.0012,0.0219,0.0000,0.0000,0.0000,1.0000,4.084,,,,,,,
99,Left,0,0.0017,-0.0057,0.0655,0.0000,0.0000,0.0000,1.0000,4.126,,,,,,,
99,Left,1,0.0000,0.0000,0.0000,0.0000,0.0000,0.0000,1.0000,4.126,-0.4409,0.4159,0.0143,-0.7892,0.4658,-0.2761,-0.2898
99,Left,2,0.0262,-0.0210,0.0368,-0.0170,0.3052,-0.6552,0.6909,4.126,,,,,,,
99,Left,3,0.0000,0.0000,0.0325,0.2465,-0.0475,0.0812,0.9646,4.126,,,,,,,
99,Left,4,0.0000,0.0000,0.0338,0.1882,0.0437,-0.0765,0.9782,4.126,,,,,,,
99,Left,5,-0.0007,0.0010,0.0246,0.0000,0.0000,0.0000,1.0000,4.126,,,,,,,
99,Left,6,0.0178,-0.0120,0.0376,0.0000,0.0000,0.0000,1.0000,4.126,,,,,,,
99,Left,7,0.0057,0.0047,0.0584,0.4326,-0.1037,-0.0016,0.8956,4.126,,,,,,,
99,Left,8,0.0000,0.0000,0.0379,0.7175,0.0135,0.0217,0.6961,4.126,,,,,,,
99,Left,9,0.0000,0.0000,0.0243,0.5230,-0.0136,0.0166,0.8521,4.126,,,,,,,
99,Left,10,-0.0003,0.0010,0.0224,0.0000,0.0000,0.0000,1.0000,4.126,,,,,,,
99,Left,11,0.0016,-0.0089,0.0354,0.0000,0.0000,0.0000,1.0000,4.126,,,,,,,
99,Left,12,0.0001,0.0063,0.0602,0.5690,-0.0941,0.0671,0.8142,4.126,,,,,,,
99,Left,13,0.0000,0.0000,0.0429,0.7005,0.0048,0.0125,0.7135,4.126,,,,,,,
99,Left,14,0.0000,0.0000,0.0276,0.5526,0.0237,0.0904,0.8282,4.126,,,,,,,
99,Left,15,-0.0003,0.0011,0.0250,0.0000,0.0000,0.0000,1.0000,4.126,,,,,,,
99,Left,16,-0.0150,-0.0060,0.0348,0.0000,0.0000,0.0000,1.0000,4.126,,,,,,,
99,Left,17,-0.0025,-0.0005,0.0539,0.6065,-0.0658,0.1058,0.7852,4.126,,,,,,,
99,Left,18,0.0000,0.0000,0.0390,0.7026,0.0214,0.0416,0.7101,4.126,,,,,,,
99,Left,19,0.0000,0.0000,0.0266,0.5728,0.0267,0.0307,0.8187,4.126,,,,,,,
99,Left,20,-0.0003,0.0016,0.0243,0.0000,0.0000,0.0000,1.0000,4.126,,,,,,,
99,Left,21,-0.0230,-0.0094,0.0341,0.0183,-0.1403,0.2070,0.9680,4.126,,,,,,,
99,Left,22,0.0000,0.0000,0.0457,0.5853,-0.0413,-0.0559,0.8078,4.126,,,,,,,
99,Left,23,0.0000,0.0000,0.0307,0.6562,-0.0064,0.0868,0.7495,4.126,,,,,,,
99,Left,24,0.0000,0.0000,0.0203,0.6228,0.0380,-0.0027,0.7815,4.126,,,,,,,
99,Left,25,0.0002,0.0012,0.0219,0.0000,0.0000,0.0000,1.0000,4.126,,,,,,,
99,Right,0,-0.0030,-0.0048,0.0647,0.0000,0.0000,0.0000,1.0000,4.126,,,,,,,
99,Right,1,0.0000,0.0000,0.0000,0.0000,0.0000,0.0000,1.0000,4.126,-0.0020,0.0957,0.0296,0.6149,-0.0643,-0.1127,0.7779
99,Right,2,-0.0315,-0.0136,0.0333,-0.1700,-0.3210,0.5085,0.7807,4.126,,,,,,,
99,Right,3,0.0000,0.0000,0.0325,0.2857,0.0435,-0.0804,0.9540,4.126,,,,,,,
99,Right,4,0.0000,0.0000,0.0338,0.1250,-0.0496,0.0788,0.9878,4.126,,,,,,,
99,Right,5,0.0007,0.0010,0.0246,0.0000,0.0000,0.0000,1.0000,4.126,,,,,,,
99,Right,6,-0.0204,-0.0083,0.0358,0.0000,0.0000,0.0000,1.0000,4.126,,,,,,,
99,Right,7,-0.0031,0.0010,0.0602,0.0296,0.0572,0.0314,0.9974,4.126,,,,,,,
99,Right,8,0.0000,0.0000,0.0379,0.0843,0.0050,-0.0262,0.9961,4.126,,,,,,,
99,Right,9,0.0000,0.0000,0.0243,0.0456,0.0253,-0.0167,0.9985,4.126,,,,,,,
99,Right,10,0.0003,0.0010,0.0224,0.0000,0.0000,0.0000,1.0000,4.126,,,,,,,
99,Right,11,-0.0042,-0.0070,0.0337,0.0000,0.0000,0.0000,1.0000,4.126,,,,,,,
99,Right,12,0.0025,0.0045,0.0620,0.1249,0.0949,-0.0160,0.9875,4.126,,,,,,,
99,Right,13,0.0000,0.0000,0.0429,0.0757,0.0035,-0.0117,0.9971,4.126,,,,,,,
99,Right,14,0.0000,0.0000,0.0275,-0.0057,0.0008,-0.0431,0.9991,4.126,,,,,,,
99,Right,15,0.0003,0.0011,0.0250,0.0000,0.0000,0.0000,1.0000,4.126,,,,,,,
99,Right,16,0.0150,-0.0060,0.0348,0.0000,0.0000,0.0000,1.0000,4.126,,,,,,,
99,Right,17,0.0025,-0.0005,0.0539,0.0981,0.1133,-0.0584,0.9870,4.126,,,,,,,
99,Right,18,0.0000,0.0000,0.0390,0.0823,0.0002,-0.0355,0.9960,4.126,,,,,,,
99,Right,19,0.0000,0.0000,0.0266,0.0337,-0.0294,-0.0062,0.9990,4.126,,,,,,,
99,Right,20,0.0003,0.0016,0.0243,0.0000,0.0000,0.0000,1.0000,4.126,,,,,,,
99,Right,21,0.0230,-0.0094,0.0341,0.0183,0.1403,-0.2070,0.9680,4.126,,,,,,,
99,Right,22,0.0000,0.0000,0.0457,-0.0320,0.0131,0.0945,0.9949,4.126,,,,,,,
99,Right,23,0.0000,0.0000,0.0307,0.1487,0.0362,-0.0514,0.9869,4.126,,,,,,,
99,Right,24,0.0000,0.0000,0.0203,0.0007,-0.0492,0.0007,0.9988,4.126,,,,,,,
99,Right,25,-0.0002,0.0012,0.0219,0.0000,0.0000,0.0000,1.0000,4.126,,,,,,,
100,Left,0,0.0016,-0.0057,0.0656,0.0000,0.0000,0.0000,1.0000,4.168,,,,,,,
100,Left,1,0.0000,0.0000,0.0000,0.0000,0.0000,0.0000,1.0000,4.168,-0.4396,0.4207,0.0067,-0.7942,0.4638,-0.2795,-0.2757
100,Left,2,0.0261,-0.0212,0.0369,-0.0144,0.3032,-0.6581,0.6891,4.168,,,,,,,
100,Left,3,0.0000,0.0000,0.0325,0.2439,-0.0478,0.0812,0.9652,4.168,,,,,,,
100,Left,4,0.0000,0.0000,0.0338,0.1867,0.0439,-0.0766,0.9785,4.168,,,,,,,
100,Left,5,-0.0007,0.0010,0.0246,0.0000,0.0000,0.0000,1.0000,4.168,,,,,,,
100,Left,6,0.0178,-0.0121,0.0376,0.0000,0.0000,0.0000,1.0000,4.168,,,,,,,
100,Left,7,0.0058,0.0047,0.0584,0.4279,-0.1049,-0.0015,0.8977,4.168,,,,,,,
100,Left,8,0.0000,0.0000,0.0379,0.7098,0.0133,0.0219,0.7039,4.168,,,,,,,
100,Left,9,0.0000,0.0000,0.0243,0.5220,-0.0136,0.0166,0.8526,4.168,,,,,,,
100,Left,10,-0.0003,0.0010,0.0224,0.0000,0.0000,0.0000,1.0000,4.168,,,,,,,
100,Left,11,0.0015,-0.0089,0.0355,0.0000,0.0000,0.0000,1.0000,4.168,,,,,,,
100,Left,12,0.0002,0.0064,0.0602,0.5677,-0.0948,0.0673,0.8150,4.168,,,,,,,
100,Left,13,0.0000,0.0000,0.0429,0.7013,0.0048,0.0125,0.7127,4.168,,,,,,,
100,Left,14,0.0000,0.0000,0.0275,0.5534,0.0237,0.0905,0.8276,4.168,,,,,,,
100,Left,15,-0.0003,0.0011,0.0250,0.0000,0.0000,0.0000,1.0000,4.168,,,,,,,
100,Left,16,-0.0150,-0.0060,0.0348,0.0000,0.0000,0.0000,1.0000,4.168,,,,,,,
100,Left,17,-0.0025,-0.0005,0.0539,0.6059,-0.0663,0.1060,0.7857,4.168,,,,,,,
100,Left,18,0.0000,0.0000,0.0390,0.7028,0.0214,0.0416,0.7098,4.168,,,,,,,
100,Left,19,0.0000,0.0000,0.0266,0.5734,0.0267,0.0307,0.8183,4.168,,,,,,,
100,Left,20,-0.0003,0.0016,0.0243,0.0000,0.0000,0.0000,1.0000,4.168,,,,,,,
100,Left,21,-0.0230,-0.0094,0.0341,0.0183,-0.1403,0.2070,0.9680,4.168,,,,,,,
100,Left,22,0.0000,0.0000,0.0457,0.5850,-0.0405,-0.0564,0.8080,4.168,,,,,,,
100,Left,23,0.0000,0.0000,0.0307,0.6558,-0.0064,0.0867,0.7499,4.168,,,,,,,
100,Left,24,0.0000,0.0000,0.0203,0.6235,0.0380,-0.0027,0.7809,4.168,,,,,,,
100,Left,25,0.0002,0.0012,0.0219,0.0000,0.0000,0.0000,1.0000,4.168,,,,,,,
100,Right,0,-0.0030,-0.0048,0.0647,0.0000,0.0000,0.0000,1.0000,4.168,,,,,,,
100,Right,1,0.0000,0.0000,0.0000,0.0000,0.0000,0.0000,1.0000,4.168,-0.0011,0.0972,0.0305,0.6125,-0.0606,-0.1185,0.7792
100,Right,2,-0.0314,-0.0136,0.0333,-0.1694,-0.3214,0.5091,0.7803,4.168,,,,,,,
100,Right,3,0.0000,0.0000,0.0325,0.2857,0.0435,-0.0804,0.9540,4.168,,,,,,,
100,Right,4,0.0000,0.0000,0.0338,0.1253,-0.0495,0.0788,0.9877,4.168,,,,,,,
100,Right,5,0.0007,0.0010,0.0246,0.0000,0.0000,0.0000,1.0000,4.168,,,,,,,
100,Right,6,-0.0204,-0.0083,0.0358,0.0000,0.0000,0.0000,1.0000,4.168,,,,,,,
100,Right,7,-0.0031,0.0010,0.0602,0.0292,0.0575,0.0314,0.9974,4.168,,,,,,,
100,Right,8,0.0000,0.0000,0.0379,0.0858,0.0050,-0.0262,0.9960,4.168,,,,,,,
100,Right,9,0.0000,0.0000,0.0243,0.0459,0.0252,-0.0167,0.9985,4.168,,,,,,,
100,Right,10,0.0003,0.0010,0.0224,0.0000,0.0000,0.0000,1.0000,4.168,,,,,,,
100,Right,11,-0.0042,-0.0070,0.0337,0.0000,0.0000,0.0000,1.0000,4.168,,,,,,,
100,Right,12,0.0025,0.0045,0.0620,0.1252,0.0959,-0.0161,0.9874,4.168,,,,,,,
100,Right,13,0.0000,0.0000,0.0429,0.0767,0.0035,-0.0117,0.9970,4.168,,,,,,,
100,Right,14,0.0000,0.0000,0.0275,-0.0056,0.0008,-0.0431,0.9991,4.168,,,,,,,
100,Right,15,0.0003,0.0011,0.0250,0.0000,0.0000,0.0000,1.0000,4.168,,,,,,,
100,Right,16,0.0150,-0.0060,0.0348,0.0000,0.0000,0.0000,1.0000,4.168,,,,,,,
100,Right,17,0.0025,-0.0005,0.0539,0.0989,0.1145,-0.0585,0.9868,4.168,,,,,,,
100,Right,18,0.0000,0.0000,0.0390,0.0833,0.0002,-0.0355,0.9959,4.168,,,,,,,
100,Right,19,0.0000,0.0000,0.0266,0.0339,-0.0294,-0.0062,0.9990,4.168,,,,,,,
100,Right,20,0.0003,0.0016,0.0243,0.0000,0.0000,0.0000,1.0000,4.168,,,,,,,
100,Right,21,0.0230,-0.0094,0.0341,0.0183,0.1403,-0.2070,0.9680,4.168,,,,,,,
100,Right,22,0.0000,0.0000,0.0457,-0.0321,0.0143,0.0946,0.9949,4.168,,,,,,,
100,Right,23,0.0000,0.0000,0.0307,0.1498,0.0361,-0.0515,0.9867,4.168,,,,,,,
100,Right,24,0.0000,0.0000,0.0203,0.0011,-0.0492,0.0007,0.9988,4.168,,,,,,,
100,Right,25,-0.0002,0.0012,0.0219,0.0000,0.0000,0.0000,1.0000,4.168,,,,,,,
101,Left,0,0.0016,-0.0057,0.0656,0.0000,0.0000,0.0000,1.0000,4.209,,,,,,,
101,Left,1,0.0000,0.0000,0.0000,0.0000,0.0000,0.0000,1.0000,4.209,-0.4399,0.4255,0.0030,-0.7865,0.4834,-0.2872,-0.2555
101,Left,2,0.0260,-0.0212,0.0369,-0.0138,0.3023,-0.6590,0.6886,4.209,,,,,,,
101,Left,3,0.0000,0.0000,0.0325,0.2427,-0.0479,0.0812,0.9655,4.209,,,,,,,
101,Left,4,0.0000,0.0000,0.0338,0.1834,0.0442,-0.0767,0.9790,4.209,,,,,,,
101,Left,5,-0.0007,0.0010,0.0246,0.0000,0.0000,0.0000,1.0000,4.209,,,,,,,
101,Left,6,0.0177,-0.0121,0.0376,0.0000,0.0000,0.0000,1.0000,4.209,,,,,,,
101,Left,7,0.0058,0.0048,0.0584,0.4239,-0.1054,-0.0017,0.8996,4.209,,,,,,,
101,Left,8,0.0000,0.0000,0.0379,0.7050,0.0131,0.0220,0.7088,4.209,,,,,,,
101,Left,9,0.0000,0.0000,0.0243,0.5183,-0.0137,0.0166,0.8549,4.209,,,,,,,
101,Left,10,-0.0003,0.0010,0.0224,0.0000,0.0000,0.0000,1.0000,4.209,,,,,,,
101,Left,11,0.0015,-0.0089,0.0355,0.0000,0.0000,0.0000,1.0000,4.209,,,,,,,
101,Left,12,0.0002,0.0064,0.0602,0.5666,-0.0951,0.0673,0.8157,4.209,,,,,,,
101,Left,13,0.0000,0.0000,0.0429,0.7019,0.0048,0.0125,0.7121,4.209,,,,,,,
101,Left,14,0.0000,0.0000,0.0275,0.5548,0.0238,0.0906,0.8267,4.209,,,,,,,
101,Left,15,-0.0003,0.0011,0.0250,0.0000,0.0000,0.0000,1.0000,4.209,,,,,,,
101,Left,16,-0.0150,-0.0060,0.0348,0.0000,0.0000,0.0000,1.0000,4.209,,,,,,,
101,Left,17,-0.0025,-0.0005,0.0539,0.6054,-0.0668,0.1063,0.7860,4.209,,,,,,,
101,Left,18,0.0000,0.0000,0.0390,0.7029,0.0214,0.0416,0.7097,4.209,,,,,,,
101,Left,19,0.0000,0.0000,0.0266,0.5745,0.0266,0.0308,0.8175,4.209,,,,,,,
101,Left,20,-0.0003,0.0016,0.0243,0.0000,0.0000,0.0000,1.0000,4.209,,,,,,,
101,Left,21,-0.0230,-0.0094,0.0341,0.0183,-0.1403,0.2070,0.9680,4.209,,,,,,,
101,Left,22,0.0000,0.0000,0.0457,0.5852,-0.0399,-0.0569,0.8079,4.209,,,,,,,
101,Left,23,0.0000,0.0000,0.0307,0.6557,-0.0064,0.0867,0.7500,4.209,,,,,,,
101,Left,24,0.0000,0.0000,0.0203,0.6242,0.0380,-0.0027,0.7804,4.209,,,,,,,
101,Left,25,0.0002,0.0012,0.0219,0.0000,0.0000,0.0000,1.0000,4.209,,,,,,,
101,Right,0,-0.0030,-0.0048,0.0647,0.0000,0.0000,0.0000,1.0000,4.209,,,,,,,
101,Right,1,0.0000,0.0000,0.0000,0.0000,0.0000,0.0000,1.0000,4.209,-0.0006,0.0978,0.0305,0.6126,-0.0551,-0.1224,0.7789
101,Right,2,-0.0314,-0.0137,0.0333,-0.1688,-0.3217,0.5096,0.7800,4.209,,,,,,,
101,Right,3,0.0000,0.0000,0.0325,0.2859,0.0434,-0.0803,0.9539,4.209,,,,,,,
101,Right,4,0.0000,0.0000,0.0338,0.1257,-0.0495,0.0788,0.9877,4.209,,,,,,,
101,Right,5,0.0007,0.0010,0.0246,0.0000,0.0000,0.0000,1.0000,4.209,,,,,,,
101,Right,6,-0.0204,-0.0083,0.0358,0.0000,0.0000,0.0000,1.0000,4.209,,,,,,,
101,Right,7,-0.0031,0.0010,0.0601,0.0282,0.0575,0.0315,0.9974,4.209,,,,,,,
101,Right,8,0.0000,0.0000,0.0379,0.0869,0.0049,-0.0262,0.9959,4.209,,,,,,,
101,Right,9,0.0000,0.0000,0.0243,0.0462,0.0252,-0.0167,0.9985,4.209,,,,,,,
101,Right,10,0.0003,0.0010,0.0224,0.0000,0.0000,0.0000,1.0000,4.209,,,,,,,
101,Right,11,-0.0042,-0.0070,0.0337,0.0000,0.0000,0.0000,1.0000,4.209,,,,,,,
101,Right,12,0.0025,0.0045,0.0620,0.1250,0.0966,-0.0162,0.9873,4.209,,,,,,,
101,Right,13,0.0000,0.0000,0.0429,0.0773,0.0035,-0.0117,0.9969,4.209,,,,,,,
101,Right,14,0.0000,0.0000,0.0275,-0.0055,0.0008,-0.0431,0.9991,4.209,,,,,,,
101,Right,15,0.0003,0.0011,0.0250,0.0000,0.0000,0.0000,1.0000,4.209,,,,,,,
101,Right,16,0.0150,-0.0060,0.0348,0.0000,0.0000,0.0000,1.0000,4.209,,,,,,,
101,Right,17,0.0025,-0.0005,0.0539,0.0992,0.1155,-0.0586,0.9866,4.209,,,,,,,
101,Right,18,0.0000,0.0000,0.0390,0.0837,0.0002,-0.0355,0.9959,4.209,,,,,,,
101,Right,19,0.0000,0.0000,0.0266,0.0342,-0.0294,-0.0063,0.9990,4.209,,,,,,,
101,Right,20,0.0003,0.0016,0.0243,0.0000,0.0000,0.0000,1.0000,4.209,,,,,,,
101,Right,21,0.0230,-0.0094,0.0341,0.0183,0.1403,-0.2070,0.9680,4.209,,,,,,,
101,Right,22,0.0000,0.0000,0.0457,-0.0332,0.0182,0.0948,0.9948,4.209,,,,,,,
101,Right,23,0.0000,0.0000,0.0307,0.1500,0.0361,-0.0515,0.9867,4.209,,,,,,,
101,Right,24,0.0000,0.0000,0.0203,0.0013,-0.0492,0.0007,0.9988,4.209,,,,,,,
101,Right,25,-0.0002,0.0012,0.0219,0.0000,0.0000,0.0000,1.0000,4.209,,,,,,,
102,Left,0,0.0016,-0.0057,0.0656,0.0000,0.0000,0.0000,1.0000,4.251,,,,,,,
102,Left,1,0.0000,0.0000,0.0000,0.0000,0.0000,0.0000,1.0000,4.251,-0.4400,0.4260,0.0027,-0.7853,0.4846,-0.2888,-0.2549
102,Left,2,0.0260,-0.0213,0.0369,-0.0180,0.2965,-0.6591,0.6909,4.251,,,,,,,
102,Left,3,0.0000,0.0000,0.0325,0.2410,-0.0481,0.0813,0.9659,4.251,,,,,,,
102,Left,4,0.0000,0.0000,0.0338,0.1788,0.0446,-0.0769,0.9799,4.251,,,,,,,
102,Left,5,-0.0007,0.0010,0.0246,0.0000,0.0000,0.0000,1.0000,4.251,,,,,,,
102,Left,6,0.0177,-0.0121,0.0377,0.0000,0.0000,0.0000,1.0000,4.251,,,,,,,
102,Left,7,0.0058,0.0048,0.0583,0.4207,-0.1058,-0.0018,0.9010,4.251,,,,,,,
102,Left,8,0.0000,0.0000,0.0379,0.6934,0.0127,0.0222,0.7201,4.251,,,,,,,
102,Left,9,0.0000,0.0000,0.0243,0.5117,-0.0139,0.0166,0.8589,4.251,,,,,,,
102,Left,10,-0.0003,0.0010,0.0224,0.0000,0.0000,0.0000,1.0000,4.251,,,,,,,
102,Left,11,0.0015,-0.0089,0.0355,0.0000,0.0000,0.0000,1.0000,4.251,,,,,,,
102,Left,12,0.0002,0.0064,0.0602,0.5600,-0.0961,0.0669,0.8202,4.251,,,,,,,
102,Left,13,0.0000,0.0000,0.0429,0.7021,0.0048,0.0125,0.7120,4.251,,,,,,,
102,Left,14,0.0000,0.0000,0.0275,0.5630,0.0241,0.0911,0.8211,4.251,,,,,,,
102,Left,15,-0.0003,0.0011,0.0250,0.0000,0.0000,0.0000,1.0000,4.251,,,,,,,
102,Left,16,-0.0150,-0.0060,0.0348,0.0000,0.0000,0.0000,1.0000,4.251,,,,,,,
102,Left,17,-0.0025,-0.0005,0.0539,0.6045,-0.0664,0.1058,0.7868,4.251,,,,,,,
102,Left,18,0.0000,0.0000,0.0390,0.7028,0.0214,0.0416,0.7098,4.251,,,,,,,
102,Left,19,0.0000,0.0000,0.0266,0.5753,0.0266,0.0308,0.8169,4.251,,,,,,,
102,Left,20,-0.0003,0.0016,0.0243,0.0000,0.0000,0.0000,1.0000,4.251,,,,,,,
102,Left,21,-0.0230,-0.0094,0.0341,0.0183,-0.1403,0.2070,0.9680,4.251,,,,,,,
102,Left,22,0.0000,0.0000,0.0457,0.5858,-0.0393,-0.0572,0.8075,4.251,,,,,,,
102,Left,23,0.0000,0.0000,0.0307,0.6553,-0.0064,0.0867,0.7504,4.251,,,,,,,
102,Left,24,0.0000,0.0000,0.0203,0.6245,0.0379,-0.0027,0.7801,4.251,,,,,,,
102,Left,25,0.0002,0.0012,0.0219,0.0000,0.0000,0.0000,1.0000,4.251,,,,,,,
102,Right,0,-0.0030,-0.0048,0.0647,0.0000,0.0000,0.0000,1.0000,4.251,,,,,,,
102,Right,1,0.0000,0.0000,0.0000,0.0000,0.0000,0.0000,1.0000,4.251,0.0008,0.0995,0.0319,0.6125,-0.0565,-0.1200,0.7792
102,Right,2,-0.0314,-0.0137,0.0333,-0.1688,-0.3216,0.5096,0.7800,4.251,,,,,,,
102,Right,3,0.0000,0.0000,0.0325,0.2861,0.0434,-0.0803,0.9538,4.251,,,,,,,
102,Right,4,0.0000,0.0000,0.0338,0.1256,-0.0495,0.0788,0.9877,4.251,,,,,,,
102,Right,5,0.0007,0.0010,0.0246,0.0000,0.0000,0.0000,1.0000,4.251,,,,,,,
102,Right,6,-0.0204,-0.0083,0.0358,0.0000,0.0000,0.0000,1.0000,4.251,,,,,,,
102,Right,7,-0.0031,0.0010,0.0601,0.0276,0.0579,0.0315,0.9974,4.251,,,,,,,
102,Right,8,0.0000,0.0000,0.0379,0.0880,0.0049,-0.0262,0.9958,4.251,,,,,,,
102,Right,9,0.0000,0.0000,0.0243,0.0463,0.0252,-0.0167,0.9985,4.251,,,,,,,
102,Right,10,0.0003,0.0010,0.0224,0.0000,0.0000,0.0000,1.0000,4.251,,,,,,,
102,Right,11,-0.0042,-0.0070,0.0337,0.0000,0.0000,0.0000,1.0000,4.251,,,,,,,
102,Right,12,0.0025,0.0045,0.0620,0.1249,0.0971,-0.0162,0.9873,4.251,,,,,,,
102,Right,13,0.0000,0.0000,0.0429,0.0786,0.0035,-0.0117,0.9968,4.251,,,,,,,
102,Right,14,0.0000,0.0000,0.0275,-0.0051,0.0008,-0.0431,0.9991,4.251,,,,,,,
102,Right,15,0.0003,0.0011,0.0250,0.0000,0.0000,0.0000,1.0000,4.251,,,,,,,
102,Right,16,0.0150,-0.0060,0.0348,0.0000,0.0000,0.0000,1.0000,4.251,,,,,,,
102,Right,17,0.0025,-0.0005,0.0539,0.0995,0.1165,-0.0587,0.9865,4.251,,,,,,,
102,Right,18,0.0000,0.0000,0.0390,0.0843,0.0001,-0.0355,0.9958,4.251,,,,,,,
102,Right,19,0.0000,0.0000,0.0266,0.0346,-0.0294,-0.0063,0.9989,4.251,,,,,,,
102,Right,20,0.0003,0.0016,0.0243,0.0000,0.0000,0.0000,1.0000,4.251,,,,,,,
102,Right,21,0.0230,-0.0094,0.0341,0.0183,0.1403,-0.2070,0.9680,4.251,,,,,,,
102,Right,22,0.0000,0.0000,0.0457,-0.0334,0.0194,0.0949,0.9947,4.251,,,,,,,
102,Right,23,0.0000,0.0000,0.0307,0.1505,0.0361,-0.0515,0.9866,4.251,,,,,,,
102,Right,24,0.0000,0.0000,0.0203,0.0013,-0.0492,0.0007,0.9988,4.251,,,,,,,
102,Right,25,-0.0002,0.0012,0.0219,0.0000,0.0000,0.0000,1.0000,4.251,,,,,,,
103,Left,0,0.0016,-0.0057,0.0656,0.0000,0.0000,0.0000,1.0000,4.293,,,,,,,
103,Left,1,0.0000,0.0000,0.0000,0.0000,0.0000,0.0000,1.0000,4.293,-0.4401,0.4272,0.0026,-0.7838,0.4868,-0.2901,-0.2541
103,Left,2,0.0259,-0.0213,0.0369,-0.0177,0.2953,-0.6600,0.6906,4.293,,,,,,,
103,Left,3,0.0000,0.0000,0.0325,0.2377,-0.0484,0.0813,0.9667,4.293,,,,,,,
103,Left,4,0.0000,0.0000,0.0338,0.1755,0.0449,-0.0770,0.9804,4.293,,,,,,,
103,Left,5,-0.0007,0.0010,0.0246,0.0000,0.0000,0.0000,1.0000,4.293,,,,,,,
103,Left,6,0.0177,-0.0121,0.0377,0.0000,0.0000,0.0000,1.0000,4.293,,,,,,,
103,Left,7,0.0059,0.0048,0.0583,0.4201,-0.1060,-0.0018,0.9013,4.293,,,,,,,
103,Left,8,0.0000,0.0000,0.0379,0.6909,0.0127,0.0223,0.7225,4.293,,,,,,,
103,Left,9,0.0000,0.0000,0.0243,0.5085,-0.0140,0.0167,0.8608,4.293,,,,,,,
103,Left,10,-0.0003,0.0010,0.0224,0.0000,0.0000,0.0000,1.0000,4.293,,,,,,,
103,Left,11,0.0015,-0.0090,0.0355,0.0000,0.0000,0.0000,1.0000,4.293,,,,,,,
103,Left,12,0.0003,0.0064,0.0601,0.5596,-0.0968,0.0673,0.8203,4.293,,,,,,,
103,Left,13,0.0000,0.0000,0.0429,0.7020,0.0048,0.0125,0.7120,4.293,,,,,,,
103,Left,14,0.0000,0.0000,0.0276,0.5640,0.0242,0.0912,0.8203,4.293,,,,,,,
103,Left,15,-0.0003,0.0011,0.0250,0.0000,0.0000,0.0000,1.0000,4.293,,,,,,,
103,Left,16,-0.0150,-0.0060,0.0348,0.0000,0.0000,0.0000,1.0000,4.293,,,,,,,
103,Left,17,-0.0025,-0.0005,0.0539,0.6044,-0.0669,0.1062,0.7867,4.293,,,,,,,
103,Left,18,0.0000,0.0000,0.0390,0.7027,0.0214,0.0416,0.7099,4.293,,,,,,,
103,Left,19,0.0000,0.0000,0.0266,0.5760,0.0266,0.0308,0.8164,4.293,,,,,,,
103,Left,20,-0.0003,0.0016,0.0243,0.0000,0.0000,0.0000,1.0000,4.293,,,,,,,
103,Left,21,-0.0230,-0.0094,0.0341,0.0183,-0.1403,0.2070,0.9680,4.293,,,,,,,
103,Left,22,0.0000,0.0000,0.0457,0.5868,-0.0389,-0.0575,0.8068,4.293,,,,,,,
103,Left,23,0.0000,0.0000,0.0307,0.6549,-0.0065,0.0867,0.7507,4.293,,,,,,,
103,Left,24,0.0000,0.0000,0.0203,0.6244,0.0379,-0.0027,0.7801,4.293,,,,,,,
103,Left,25,0.0002,0.0012,0.0219,0.0000,0.0000,0.0000,1.0000,4.293,,,,,,,
103,Right,0,-0.0030,-0.0048,0.0647,0.0000,0.0000,0.0000,1.0000,4.293,,,,,,,
103,Right,1,0.0000,0.0000,0.0000,0.0000,0.0000,0.0000,1.0000,4.293,0.0034,0.1025,0.0333,0.6117,-0.0553,-0.1232,0.7795
103,Right,2,-0.0314,-0.0137,0.0333,-0.1686,-0.3216,0.5098,0.7799,4.293,,,,,,,
103,Right,3,0.0000,0.0000,0.0325,0.2863,0.0434,-0.0803,0.9538,4.293,,,,,,,
103,Right,4,0.0000,0.0000,0.0338,0.1263,-0.0494,0.0787,0.9876,4.293,,,,,,,
103,Right,5,0.0007,0.0010,0.0246,0.0000,0.0000,0.0000,1.0000,4.293,,,,,,,
103,Right,6,-0.0204,-0.0083,0.0358,0.0000,0.0000,0.0000,1.0000,4.293,,,,,,,
103,Right,7,-0.0031,0.0010,0.0601,0.0266,0.0585,0.0315,0.9974,4.293,,,,,,,
103,Right,8,0.0000,0.0000,0.0379,0.0892,0.0049,-0.0262,0.9957,4.293,,,,,,,
103,Right,9,0.0000,0.0000,0.0243,0.0464,0.0252,-0.0167,0.9985,4.293,,,,,,,
103,Right,10,0.0003,0.0010,0.0224,0.0000,0.0000,0.0000,1.0000,4.293,,,,,,,
103,Right,11,-0.0042,-0.0070,0.0337,0.0000,0.0000,0.0000,1.0000,4.293,,,,,,,
103,Right,12,0.0025,0.0045,0.0620,0.1244,0.0980,-0.0162,0.9872,4.293,,,,,,,
103,Right,13,0.0000,0.0000,0.0429,0.0796,0.0034,-0.0117,0.9968,4.293,,,,,,,
103,Right,14,0.0000,0.0000,0.0275,-0.0050,0.0008,-0.0431,0.9991,4.293,,,,,,,
103,Right,15,0.0003,0.0011,0.0250,0.0000,0.0000,0.0000,1.0000,4.293,,,,,,,
103,Right,16,0.0150,-0.0060,0.0348,0.0000,0.0000,0.0000,1.0000,4.293,,,,,,,
103,Right,17,0.0025,-0.0005,0.0539,0.0991,0.1177,-0.0587,0.9863,4.293,,,,,,,
103,Right,18,0.0000,0.0000,0.0390,0.0847,0.0001,-0.0355,0.9958,4.293,,,,,,,
103,Right,19,0.0000,0.0000,0.0266,0.0348,-0.0294,-0.0063,0.9989,4.293,,,,,,,
103,Right,20,0.0003,0.0016,0.0243,0.0000,0.0000,0.0000,1.0000,4.293,,,,,,,
103,Right,21,0.0230,-0.0094,0.0341,0.0183,0.1403,-0.2070,0.9680,4.293,,,,,,,
103,Right,22,0.0000,0.0000,0.0457,-0.0339,0.0206,0.0950,0.9947,4.293,,,,,,,
103,Right,23,0.0000,0.0000,0.0307,0.1508,0.0361,-0.0516,0.9866,4.293,,,,,,,
103,Right,24,0.0000,0.0000,0.0203,0.0011,-0.0492,0.0007,0.9988,4.293,,,,,,,
103,Right,25,-0.0002,0.0012,0.0219,0.0000,0.0000,0.0000,1.0000,4.293,,,,,,,
104,Left,0,0.0016,-0.0058,0.0656,0.0000,0.0000,0.0000,1.0000,4.335,,,,,,,
104,Left,1,0.0000,0.0000,0.0000,0.0000,0.0000,0.0000,1.0000,4.335,-0.4399,0.4288,0.0030,-0.7810,0.4936,-0.2929,-0.2460
104,Left,2,0.0259,-0.0214,0.0369,-0.0171,0.2944,-0.6609,0.6901,4.335,,,,,,,
104,Left,3,0.0000,0.0000,0.0325,0.2364,-0.0485,0.0814,0.9670,4.335,,,,,,,
104,Left,4,0.0000,0.0000,0.0338,0.1740,0.0451,-0.0770,0.9807,4.335,,,,,,,
104,Left,5,-0.0007,0.0010,0.0246,0.0000,0.0000,0.0000,1.0000,4.335,,,,,,,
104,Left,6,0.0176,-0.0121,0.0377,0.0000,0.0000,0.0000,1.0000,4.335,,,,,,,
104,Left,7,0.0059,0.0048,0.0583,0.4200,-0.1065,-0.0016,0.9013,4.335,,,,,,,
104,Left,8,0.0000,0.0000,0.0379,0.6876,0.0125,0.0223,0.7256,4.335,,,,,,,
104,Left,9,0.0000,0.0000,0.0243,0.5068,-0.0141,0.0167,0.8618,4.335,,,,,,,
104,Left,10,-0.0003,0.0010,0.0224,0.0000,0.0000,0.0000,1.0000,4.335,,,,,,,
104,Left,11,0.0014,-0.0090,0.0355,0.0000,0.0000,0.0000,1.0000,4.335,,,,,,,
104,Left,12,0.0003,0.0064,0.0601,0.5601,-0.0978,0.0680,0.8198,4.335,,,,,,,
104,Left,13,0.0000,0.0000,0.0429,0.7016,0.0048,0.0125,0.7124,4.335,,,,,,,
104,Left,14,0.0000,0.0000,0.0275,0.5647,0.0242,0.0912,0.8199,4.335,,,,,,,
104,Left,15,-0.0003,0.0011,0.0250,0.0000,0.0000,0.0000,1.0000,4.335,,,,,,,
104,Left,16,-0.0150,-0.0060,0.0348,0.0000,0.0000,0.0000,1.0000,4.335,,,,,,,
104,Left,17,-0.0025,-0.0005,0.0539,0.6050,-0.0677,0.1068,0.7862,4.335,,,,,,,
104,Left,18,0.0000,0.0000,0.0390,0.7025,0.0214,0.0416,0.7101,4.335,,,,,,,
104,Left,19,0.0000,0.0000,0.0266,0.5766,0.0266,0.0308,0.8160,4.335,,,,,,,
104,Left,20,-0.0003,0.0016,0.0243,0.0000,0.0000,0.0000,1.0000,4.335,,,,,,,
104,Left,21,-0.0230,-0.0094,0.0341,0.0183,-0.1403,0.2070,0.9680,4.335,,,,,,,
104,Left,22,0.0000,0.0000,0.0457,0.5875,-0.0392,-0.0573,0.8062,4.335,,,,,,,
104,Left,23,0.0000,0.0000,0.0307,0.6542,-0.0065,0.0866,0.7513,4.335,,,,,,,
104,Left,24,0.0000,0.0000,0.0203,0.6246,0.0379,-0.0027,0.7800,4.335,,,,,,,
104,Left,25,0.0002,0.0012,0.0219,0.0000,0.0000,0.0000,1.0000,4.335,,,,,,,
104,Right,0,-0.0030,-0.0048,0.0647,0.0000,0.0000,0.0000,1.0000,4.335,,,,,,,
104,Right,1,0.0000,0.0000,0.0000,0.0000,0.0000,0.0000,1.0000,4.335,0.0045,0.1045,0.0338,0.6104,-0.0535,-0.1248,0.7803
104,Right,2,-0.0314,-0.0137,0.0333,-0.1686,-0.3215,0.5099,0.7799,4.335,,,,,,,
104,Right,3,0.0000,0.0000,0.0325,0.2854,0.0435,-0.0804,0.9540,4.335,,,,,,,
104,Right,4,0.0000,0.0000,0.0338,0.1269,-0.0494,0.0787,0.9876,4.335,,,,,,,
104,Right,5,0.0007,0.0010,0.0246,0.0000,0.0000,0.0000,1.0000,4.335,,,,,,,
104,Right,6,-0.0204,-0.0083,0.0359,0.0000,0.0000,0.0000,1.0000,4.335,,,,,,,
104,Right,7,-0.0031,0.0010,0.0601,0.0258,0.0583,0.0316,0.9975,4.335,,,,,,,
104,Right,8,0.0000,0.0000,0.0379,0.0905,0.0048,-0.0262,0.9955,4.335,,,,,,,
104,Right,9,0.0000,0.0000,0.0243,0.0466,0.0252,-0.0167,0.9985,4.335,,,,,,,
104,Right,10,0.0003,0.0010,0.0224,0.0000,0.0000,0.0000,1.0000,4.335,,,,,,,
104,Right,11,-0.0042,-0.0070,0.0337,0.0000,0.0000,0.0000,1.0000,4.335,,,,,,,
104,Right,12,0.0025,0.0045,0.0620,0.1242,0.0992,-0.0163,0.9872,4.335,,,,,,,
104,Right,13,0.0000,0.0000,0.0429,0.0811,0.0034,-0.0117,0.9966,4.335,,,,,,,
104,Right,14,0.0000,0.0000,0.0275,-0.0046,0.0008,-0.0432,0.9991,4.335,,,,,,,
104,Right,15,0.0003,0.0011,0.0250,0.0000,0.0000,0.0000,1.0000,4.335,,,,,,,
104,Right,16,0.0150,-0.0060,0.0348,0.0000,0.0000,0.0000,1.0000,4.335,,,,,,,
104,Right,17,0.0025,-0.0005,0.0539,0.0989,0.1191,-0.0587,0.9862,4.335,,,,,,,
104,Right,18,0.0000,0.0000,0.0390,0.0854,0.0001,-0.0355,0.9957,4.335,,,,,,,
104,Right,19,0.0000,0.0000,0.0266,0.0351,-0.0294,-0.0063,0.9989,4.335,,,,,,,
104,Right,20,0.0003,0.0016,0.0243,0.0000,0.0000,0.0000,1.0000,4.335,,,,,,,
104,Right,21,0.0230,-0.0094,0.0341,0.0183,0.1403,-0.2070,0.9680,4.335,,,,,,,
104,Right,22,0.0000,0.0000,0.0457,-0.0350,0.0222,0.0951,0.9946,4.335,,,,,,,
104,Right,23,0.0000,0.0000,0.0307,0.1512,0.0360,-0.0516,0.9865,4.335,,,,,,,
104,Right,24,0.0000,0.0000,0.0203,0.0011,-0.0492,0.0007,0.9988,4.335,,,,,,,
104,Right,25,-0.0002,0.0012,0.0219,0.0000,0.0000,0.0000,1.0000,4.335,,,,,,,
105,Left,0,0.0016,-0.0058,0.0656,0.0000,0.0000,0.0000,1.0000,4.376,,,,,,,
105,Left,1,0.0000,0.0000,0.0000,0.0000,0.0000,0.0000,1.0000,4.376,-0.4333,0.4376,0.0010,-0.7665,0.5118,-0.2926,-0.2548
105,Left,2,0.0258,-0.0214,0.0370,-0.0166,0.2942,-0.6614,0.6897,4.376,,,,,,,
105,Left,3,0.0000,0.0000,0.0325,0.2362,-0.0485,0.0814,0.9671,4.376,,,,,,,
105,Left,4,0.0000,0.0000,0.0338,0.1743,0.0450,-0.0770,0.9806,4.376,,,,,,,
105,Left,5,-0.0007,0.0010,0.0246,0.0000,0.0000,0.0000,1.0000,4.376,,,,,,,
105,Left,6,0.0176,-0.0122,0.0377,0.0000,0.0000,0.0000,1.0000,4.376,,,,,,,
105,Left,7,0.0059,0.0048,0.0583,0.4240,-0.1079,-0.0006,0.8992,4.376,,,,,,,
105,Left,8,0.0000,0.0000,0.0379,0.6883,0.0126,0.0223,0.7250,4.376,,,,,,,
105,Left,9,0.0000,0.0000,0.0243,0.5071,-0.0141,0.0167,0.8616,4.376,,,,,,,
105,Left,10,-0.0003,0.0010,0.0224,0.0000,0.0000,0.0000,1.0000,4.376,,,,,,,
105,Left,11,0.0014,-0.0090,0.0355,0.0000,0.0000,0.0000,1.0000,4.376,,,,,,,
105,Left,12,0.0003,0.0064,0.0601,0.5617,-0.0989,0.0690,0.8185,4.376,,,,,,,
105,Left,13,0.0000,0.0000,0.0429,0.7010,0.0048,0.0125,0.7130,4.376,,,,,,,
105,Left,14,0.0000,0.0000,0.0275,0.5654,0.0242,0.0913,0.8194,4.376,,,,,,,
105,Left,15,-0.0003,0.0011,0.0250,0.0000,0.0000,0.0000,1.0000,4.376,,,,,,,
105,Left,16,-0.0150,-0.0060,0.0348,0.0000,0.0000,0.0000,1.0000,4.376,,,,,,,
105,Left,17,-0.0025,-0.0005,0.0539,0.6059,-0.0681,0.1072,0.7853,4.376,,,,,,,
105,Left,18,0.0000,0.0000,0.0390,0.7019,0.0214,0.0416,0.7107,4.376,,,,,,,
105,Left,19,0.0000,0.0000,0.0266,0.5772,0.0266,0.0309,0.8156,4.376,,,,,,,
105,Left,20,-0.0003,0.0016,0.0243,0.0000,0.0000,0.0000,1.0000,4.376,,,,,,,
105,Left,21,-0.0230,-0.0094,0.0341,0.0183,-0.1403,0.2070,0.9680,4.376,,,,,,,
105,Left,22,0.0000,0.0000,0.0457,0.5870,-0.0400,-0.0567,0.8066,4.376,,,,,,,
105,Left,23,0.0000,0.0000,0.0307,0.6535,-0.0066,0.0866,0.7519,4.376,,,,,,,
105,Left,24,0.0000,0.0000,0.0203,0.6257,0.0379,-0.0027,0.7792,4.376,,,,,,,
105,Left,25,0.0002,0.0012,0.0219,0.0000,0.0000,0.0000,1.0000,4.376,,,,,,,
105,Right,0,-0.0030,-0.0048,0.0647,0.0000,0.0000,0.0000,1.0000,4.376,,,,,,,
105,Right,1,0.0000,0.0000,0.0000,0.0000,0.0000,0.0000,1.0000,4.376,0.0051,0.1061,0.0345,0.6086,-0.0513,-0.1255,0.7818
105,Right,2,-0.0314,-0.0137,0.0333,-0.1684,-0.3210,0.5103,0.7799,4.376,,,,,,,
105,Right,3,0.0000,0.0000,0.0325,0.2831,0.0437,-0.0804,0.9547,4.376,,,,,,,
105,Right,4,0.0000,0.0000,0.0338,0.1267,-0.0494,0.0787,0.9876,4.376,,,,,,,
105,Right,5,0.0007,0.0010,0.0246,0.0000,0.0000,0.0000,1.0000,4.376,,,,,,,
105,Right,6,-0.0204,-0.0083,0.0359,0.0000,0.0000,0.0000,1.0000,4.376,,,,,,,
105,Right,7,-0.0031,0.0010,0.0601,0.0250,0.0585,0.0316,0.9975,4.376,,,,,,,
105,Right,8,0.0000,0.0000,0.0379,0.0919,0.0048,-0.0262,0.9954,4.376,,,,,,,
105,Right,9,0.0000,0.0000,0.0243,0.0468,0.0252,-0.0167,0.9984,4.376,,,,,,,
105,Right,10,0.0003,0.0010,0.0224,0.0000,0.0000,0.0000,1.0000,4.376,,,,,,,
105,Right,11,-0.0042,-0.0071,0.0337,0.0000,0.0000,0.0000,1.0000,4.376,,,,,,,
105,Right,12,0.0025,0.0045,0.0620,0.1240,0.1000,-0.0163,0.9871,4.376,,,,,,,
105,Right,13,0.0000,0.0000,0.0429,0.0830,0.0034,-0.0117,0.9965,4.376,,,,,,,
105,Right,14,0.0000,0.0000,0.0275,-0.0042,0.0007,-0.0432,0.9991,4.376,,,,,,,
105,Right,15,0.0003,0.0011,0.0250,0.0000,0.0000,0.0000,1.0000,4.376,,,,,,,
105,Right,16,0.0150,-0.0060,0.0348,0.0000,0.0000,0.0000,1.0000,4.376,,,,,,,
105,Right,17,0.0025,-0.0005,0.0539,0.0992,0.1201,-0.0588,0.9860,4.376,,,,,,,
105,Right,18,0.0000,0.0000,0.0390,0.0866,0.0001,-0.0356,0.9956,4.376,,,,,,,
105,Right,19,0.0000,0.0000,0.0266,0.0354,-0.0295,-0.0063,0.9989,4.376,,,,,,,
105,Right,20,0.0003,0.0016,0.0243,0.0000,0.0000,0.0000,1.0000,4.376,,,,,,,
105,Right,21,0.0230,-0.0094,0.0341,0.0183,0.1403,-0.2070,0.9680,4.376,,,,,,,
105,Right,22,0.0000,0.0000,0.0457,-0.0358,0.0234,0.0952,0.9945,4.376,,,,,,,
105,Right,23,0.0000,0.0000,0.0307,0.1518,0.0360,-0.0517,0.9864,4.376,,,,,,,
105,Right,24,0.0000,0.0000,0.0203,0.0010,-0.0492,0.0007,0.9988,4.376,,,,,,,
105,Right,25,-0.0002,0.0012,0.0219,0.0000,0.0000,0.0000,1.0000,4.376,,,,,,,
106,Left,0,0.0016,-0.0058,0.0656,0.0000,0.0000,0.0000,1.0000,4.418,,,,,,,
106,Left,1,0.0000,0.0000,0.0000,0.0000,0.0000,0.0000,1.0000,4.418,-0.4248,0.4506,-0.0089,-0.7379,0.5352,-0.2895,-0.2920
106,Left,2,0.0259,-0.0214,0.0370,-0.0121,0.2994,-0.6617,0.6872,4.418,,,,,,,
106,Left,3,0.0000,0.0000,0.0325,0.2402,-0.0481,0.0813,0.9661,4.418,,,,,,,
106,Left,4,0.0000,0.0000,0.0338,0.1862,0.0439,-0.0766,0.9785,4.418,,,,,,,
106,Left,5,-0.0007,0.0010,0.0246,0.0000,0.0000,0.0000,1.0000,4.418,,,,,,,
106,Left,6,0.0176,-0.0122,0.0377,0.0000,0.0000,0.0000,1.0000,4.418,,,,,,,
106,Left,7,0.0059,0.0048,0.0583,0.4395,-0.1101,0.0018,0.8915,4.418,,,,,,,
106,Left,8,0.0000,0.0000,0.0379,0.7024,0.0130,0.0220,0.7114,4.418,,,,,,,
106,Left,9,0.0000,0.0000,0.0243,0.5145,-0.0139,0.0166,0.8572,4.418,,,,,,,
106,Left,10,-0.0003,0.0010,0.0224,0.0000,0.0000,0.0000,1.0000,4.418,,,,,,,
106,Left,11,0.0014,-0.0090,0.0355,0.0000,0.0000,0.0000,1.0000,4.418,,,,,,,
106,Left,12,0.0003,0.0064,0.0601,0.5682,-0.0996,0.0705,0.8138,4.418,,,,,,,
106,Left,13,0.0000,0.0000,0.0429,0.7008,0.0048,0.0125,0.7132,4.418,,,,,,,
106,Left,14,0.0000,0.0000,0.0275,0.5666,0.0243,0.0914,0.8186,4.418,,,,,,,
106,Left,15,-0.0003,0.0011,0.0250,0.0000,0.0000,0.0000,1.0000,4.418,,,,,,,
106,Left,16,-0.0150,-0.0060,0.0348,0.0000,0.0000,0.0000,1.0000,4.418,,,,,,,
106,Left,17,-0.0025,-0.0005,0.0539,0.6075,-0.0684,0.1077,0.7840,4.418,,,,,,,
106,Left,18,0.0000,0.0000,0.0390,0.7020,0.0214,0.0416,0.7107,4.418,,,,,,,
106,Left,19,0.0000,0.0000,0.0266,0.5811,0.0265,0.0310,0.8128,4.418,,,,,,,
106,Left,20,-0.0003,0.0016,0.0243,0.0000,0.0000,0.0000,1.0000,4.418,,,,,,,
106,Left,21,-0.0230,-0.0094,0.0341,0.0183,-0.1403,0.2070,0.9680,4.418,,,,,,,
106,Left,22,0.0000,0.0000,0.0457,0.5871,-0.0405,-0.0564,0.8065,4.418,,,,,,,
106,Left,23,0.0000,0.0000,0.0307,0.6537,-0.0065,0.0866,0.7517,4.418,,,,,,,
106,Left,24,0.0000,0.0000,0.0203,0.6270,0.0378,-0.0027,0.7781,4.418,,,,,,,
106,Left,25,0.0002,0.0012,0.0219,0.0000,0.0000,0.0000,1.0000,4.418,,,,,,,
106,Right,0,-0.0030,-0.0048,0.0647,0.0000,0.0000,0.0000,1.0000,4.418,,,,,,,
106,Right,1,0.0000,0.0000,0.0000,0.0000,0.0000,0.0000,1.0000,4.418,0.0078,0.1066,0.0347,0.6106,-0.0414,-0.1367,0.7790
106,Right,2,-0.0314,-0.0137,0.0333,-0.1677,-0.3211,0.5111,0.7795,4.418,,,,,,,
106,Right,3,0.0000,0.0000,0.0325,0.2821,0.0438,-0.0804,0.9550,4.418,,,,,,,
106,Right,4,0.0000,0.0000,0.0338,0.1265,-0.0494,0.0787,0.9876,4.418,,,,,,,
106,Right,5,0.0007,0.0010,0.0246,0.0000,0.0000,0.0000,1.0000,4.418,,,,,,,
106,Right,6,-0.0204,-0.0083,0.0359,0.0000,0.0000,0.0000,1.0000,4.418,,,,,,,
106,Right,7,-0.0031,0.0010,0.0601,0.0237,0.0582,0.0316,0.9975,4.418,,,,,,,
106,Right,8,0.0000,0.0000,0.0379,0.0932,0.0048,-0.0262,0.9953,4.418,,,,,,,
106,Right,9,0.0000,0.0000,0.0243,0.0466,0.0252,-0.0167,0.9985,4.418,,,,,,,
106,Right,10,0.0003,0.0010,0.0224,0.0000,0.0000,0.0000,1.0000,4.418,,,,,,,
106,Right,11,-0.0042,-0.0071,0.0337,0.0000,0.0000,0.0000,1.0000,4.418,,,,,,,
106,Right,12,0.0025,0.0045,0.0619,0.1231,0.1006,-0.0163,0.9872,4.418,,,,,,,
106,Right,13,0.0000,0.0000,0.0429,0.0841,0.0034,-0.0117,0.9964,4.418,,,,,,,
106,Right,14,0.0000,0.0000,0.0275,-0.0044,0.0007,-0.0432,0.9991,4.418,,,,,,,
106,Right,15,0.0003,0.0011,0.0250,0.0000,0.0000,0.0000,1.0000,4.418,,,,,,,
106,Right,16,0.0150,-0.0060,0.0348,0.0000,0.0000,0.0000,1.0000,4.418,,,,,,,
106,Right,17,0.0025,-0.0005,0.0539,0.0990,0.1211,-0.0588,0.9859,4.418,,,,,,,
106,Right,18,0.0000,0.0000,0.0390,0.0869,0.0001,-0.0356,0.9956,4.418,,,,,,,
106,Right,19,0.0000,0.0000,0.0266,0.0349,-0.0294,-0.0063,0.9989,4.418,,,,,,,
106,Right,20,0.0003,0.0016,0.0243,0.0000,0.0000,0.0000,1.0000,4.418,,,,,,,
106,Right,21,0.0230,-0.0094,0.0341,0.0183,0.1403,-0.2070,0.9680,4.418,,,,,,,
106,Right,22,0.0000,0.0000,0.0457,-0.0363,0.0245,0.0953,0.9945,4.418,,,,,,,
106,Right,23,0.0000,0.0000,0.0307,0.1523,0.0360,-0.0517,0.9863,4.418,,,,,,,
106,Right,24,0.0000,0.0000,0.0203,0.0011,-0.0492,0.0007,0.9988,4.418,,,,,,,
106,Right,25,-0.0002,0.0012,0.0219,0.0000,0.0000,0.0000,1.0000,4.418,,,,,,,
107,Left,0,0.0016,-0.0057,0.0656,0.0000,0.0000,0.0000,1.0000,4.459,,,,,,,
107,Left,1,0.0000,0.0000,0.0000,0.0000,0.0000,0.0000,1.0000,4.459,-0.4146,0.4539,-0.0073,-0.7199,0.5532,-0.2660,-0.3241
107,Left,2,0.0260,-0.0212,0.0369,-0.0124,0.3035,-0.6593,0.6878,4.459,,,,,,,
107,Left,3,0.0000,0.0000,0.0325,0.2548,-0.0467,0.0810,0.9625,4.459,,,,,,,
107,Left,4,0.0000,0.0000,0.0338,0.2116,0.0415,-0.0756,0.9736,4.459,,,,,,,
107,Left,5,-0.0007,0.0010,0.0246,0.0000,0.0000,0.0000,1.0000,4.459,,,,,,,
107,Left,6,0.0177,-0.0121,0.0376,0.0000,0.0000,0.0000,1.0000,4.459,,,,,,,
107,Left,7,0.0058,0.0048,0.0583,0.4592,-0.1106,0.0041,0.8814,4.459,,,,,,,
107,Left,8,0.0000,0.0000,0.0379,0.7178,0.0135,0.0217,0.6957,4.459,,,,,,,
107,Left,9,0.0000,0.0000,0.0243,0.5345,-0.0132,0.0165,0.8449,4.459,,,,,,,
107,Left,10,-0.0003,0.0010,0.0224,0.0000,0.0000,0.0000,1.0000,4.459,,,,,,,
107,Left,11,0.0015,-0.0089,0.0355,0.0000,0.0000,0.0000,1.0000,4.459,,,,,,,
107,Left,12,0.0002,0.0064,0.0602,0.5799,-0.1010,0.0736,0.8051,4.459,,,,,,,
107,Left,13,0.0000,0.0000,0.0429,0.7017,0.0048,0.0125,0.7123,4.459,,,,,,,
107,Left,14,0.0000,0.0000,0.0276,0.5679,0.0243,0.0915,0.8176,4.459,,,,,,,
107,Left,15,-0.0003,0.0011,0.0250,0.0000,0.0000,0.0000,1.0000,4.459,,,,,,,
107,Left,16,-0.0150,-0.0060,0.0348,0.0000,0.0000,0.0000,1.0000,4.459,,,,,,,
107,Left,17,-0.0025,-0.0005,0.0539,0.6130,-0.0693,0.1094,0.7794,4.459,,,,,,,
107,Left,18,0.0000,0.0000,0.0390,0.7050,0.0215,0.0415,0.7076,4.459,,,,,,,
107,Left,19,0.0000,0.0000,0.0266,0.5920,0.0264,0.0315,0.8049,4.459,,,,,,,
107,Left,20,-0.0003,0.0016,0.0243,0.0000,0.0000,0.0000,1.0000,4.459,,,,,,,
107,Left,21,-0.0230,-0.0094,0.0341,0.0183,-0.1403,0.2070,0.9680,4.459,,,,,,,
107,Left,22,0.0000,0.0000,0.0457,0.5883,-0.0412,-0.0559,0.8056,4.459,,,,,,,
107,Left,23,0.0000,0.0000,0.0307,0.6555,-0.0064,0.0867,0.7502,4.459,,,,,,,
107,Left,24,0.0000,0.0000,0.0203,0.6281,0.0378,-0.0027,0.7772,4.459,,,,,,,
107,Left,25,0.0002,0.0012,0.0219,0.0000,0.0000,0.0000,1.0000,4.459,,,,,,,
107,Right,0,-0.0030,-0.0048,0.0647,0.0000,0.0000,0.0000,1.0000,4.459,,,,,,,
107,Right,1,0.0000,0.0000,0.0000,0.0000,0.0000,0.0000,1.0000,4.459,0.0089,0.1079,0.0343,0.6027,-0.0360,-0.1418,0.7844
107,Right,2,-0.0314,-0.0138,0.0334,-0.1672,-0.3208,0.5118,0.7792,4.459,,,,,,,
107,Right,3,0.0000,0.0000,0.0325,0.2700,0.0451,-0.0807,0.9584,4.459,,,,,,,
107,Right,4,0.0000,0.0000,0.0338,0.1230,-0.0497,0.0789,0.9880,4.459,,,,,,,
107,Right,5,0.0007,0.0010,0.0246,0.0000,0.0000,0.0000,1.0000,4.459,,,,,,,
107,Right,6,-0.0204,-0.0084,0.0359,0.0000,0.0000,0.0000,1.0000,4.459,,,,,,,
107,Right,7,-0.0032,0.0010,0.0601,0.0225,0.0569,0.0316,0.9976,4.459,,,,,,,
107,Right,8,0.0000,0.0000,0.0379,0.0940,0.0047,-0.0262,0.9952,4.459,,,,,,,
107,Right,9,0.0000,0.0000,0.0243,0.0463,0.0252,-0.0167,0.9985,4.459,,,,,,,
107,Right,10,0.0003,0.0010,0.0224,0.0000,0.0000,0.0000,1.0000,4.459,,,,,,,
107,Right,11,-0.0042,-0.0071,0.0337,0.0000,0.0000,0.0000,1.0000,4.459,,,,,,,
107,Right,12,0.0025,0.0045,0.0619,0.1222,0.1005,-0.0162,0.9873,4.459,,,,,,,
107,Right,13,0.0000,0.0000,0.0429,0.0843,0.0034,-0.0117,0.9964,4.459,,,,,,,
107,Right,14,0.0000,0.0000,0.0275,-0.0047,0.0008,-0.0432,0.9991,4.459,,,,,,,
107,Right,15,0.0003,0.0011,0.0250,0.0000,0.0000,0.0000,1.0000,4.459,,,,,,,
107,Right,16,0.0150,-0.0060,0.0348,0.0000,0.0000,0.0000,1.0000,4.459,,,,,,,
107,Right,17,0.0025,-0.0005,0.0539,0.0981,0.1218,-0.0587,0.9859,4.459,,,,,,,
107,Right,18,0.0000,0.0000,0.0390,0.0871,0.0001,-0.0356,0.9956,4.459,,,,,,,
107,Right,19,0.0000,0.0000,0.0266,0.0351,-0.0294,-0.0063,0.9989,4.459,,,,,,,
107,Right,20,0.0003,0.0016,0.0243,0.0000,0.0000,0.0000,1.0000,4.459,,,,,,,
107,Right,21,0.0230,-0.0094,0.0341,0.0183,0.1403,-0.2070,0.9680,4.459,,,,,,,
107,Right,22,0.0000,0.0000,0.0457,-0.0373,0.0255,0.0954,0.9944,4.459,,,,,,,
107,Right,23,0.0000,0.0000,0.0307,0.1521,0.0360,-0.0517,0.9864,4.459,,,,,,,
107,Right,24,0.0000,0.0000,0.0203,0.0010,-0.0492,0.0007,0.9988,4.459,,,,,,,
107,Right,25,-0.0002,0.0012,0.0219,0.0000,0.0000,0.0000,1.0000,4.459,,,,,,,
108,Left,0,0.0016,-0.0057,0.0656,0.0000,0.0000,0.0000,1.0000,4.501,,,,,,,
108,Left,1,0.0000,0.0000,0.0000,0.0000,0.0000,0.0000,1.0000,4.501,-0.4119,0.4544,-0.0061,-0.7075,0.5672,-0.2607,-0.3312
108,Left,2,0.0261,-0.0211,0.0369,-0.0097,0.3094,-0.6580,0.6864,4.501,,,,,,,
108,Left,3,0.0000,0.0000,0.0325,0.2730,-0.0448,0.0806,0.9576,4.501,,,,,,,
108,Left,4,0.0000,0.0000,0.0338,0.2298,0.0398,-0.0748,0.9695,4.501,,,,,,,
108,Left,5,-0.0007,0.0010,0.0246,0.0000,0.0000,0.0000,1.0000,4.501,,,,,,,
108,Left,6,0.0178,-0.0120,0.0376,0.0000,0.0000,0.0000,1.0000,4.501,,,,,,,
108,Left,7,0.0058,0.0047,0.0584,0.4719,-0.1117,0.0059,0.8745,4.501,,,,,,,
108,Left,8,0.0000,0.0000,0.0379,0.7280,0.0139,0.0215,0.6851,4.501,,,,,,,
108,Left,9,0.0000,0.0000,0.0243,0.5475,-0.0128,0.0164,0.8365,4.501,,,,,,,
108,Left,10,-0.0003,0.0010,0.0224,0.0000,0.0000,0.0000,1.0000,4.501,,,,,,,
108,Left,11,0.0016,-0.0089,0.0355,0.0000,0.0000,0.0000,1.0000,4.501,,,,,,,
108,Left,12,0.0002,0.0064,0.0602,0.5858,-0.1031,0.0761,0.8003,4.501,,,,,,,
108,Left,13,0.0000,0.0000,0.0429,0.7039,0.0048,0.0125,0.7102,4.501,,,,,,,
108,Left,14,0.0000,0.0000,0.0275,0.5691,0.0244,0.0915,0.8168,4.501,,,,,,,
108,Left,15,-0.0003,0.0011,0.0250,0.0000,0.0000,0.0000,1.0000,4.501,,,,,,,
108,Left,16,-0.0150,-0.0060,0.0348,0.0000,0.0000,0.0000,1.0000,4.501,,,,,,,
108,Left,17,-0.0025,-0.0005,0.0539,0.6151,-0.0730,0.1124,0.7769,4.501,,,,,,,
108,Left,18,0.0000,0.0000,0.0390,0.7117,0.0218,0.0415,0.7009,4.501,,,,,,,
108,Left,19,0.0000,0.0000,0.0266,0.6015,0.0262,0.0319,0.7978,4.501,,,,,,,
108,Left,20,-0.0003,0.0016,0.0243,0.0000,0.0000,0.0000,1.0000,4.501,,,,,,,
108,Left,21,-0.0230,-0.0094,0.0341,0.0183,-0.1403,0.2070,0.9680,4.501,,,,,,,
108,Left,22,0.0000,0.0000,0.0457,0.5894,-0.0416,-0.0555,0.8048,4.501,,,,,,,
108,Left,23,0.0000,0.0000,0.0307,0.6608,-0.0060,0.0870,0.7454,4.501,,,,,,,
108,Left,24,0.0000,0.0000,0.0203,0.6291,0.0378,-0.0027,0.7764,4.501,,,,,,,
108,Left,25,0.0002,0.0012,0.0219,0.0000,0.0000,0.0000,1.0000,4.501,,,,,,,
108,Right,0,-0.0030,-0.0048,0.0647,0.0000,0.0000,0.0000,1.0000,4.501,,,,,,,
108,Right,1,0.0000,0.0000,0.0000,0.0000,0.0000,0.0000,1.0000,4.501,0.0110,0.1083,0.0355,0.6012,-0.0387,-0.1453,0.7848
108,Right,2,-0.0314,-0.0138,0.0334,-0.1666,-0.3206,0.5125,0.7790,4.501,,,,,,,
108,Right,3,0.0000,0.0000,0.0325,0.2689,0.0452,-0.0807,0.9587,4.501,,,,,,,
108,Right,4,0.0000,0.0000,0.0338,0.1218,-0.0498,0.0789,0.9882,4.501,,,,,,,
108,Right,5,0.0007,0.0010,0.0246,0.0000,0.0000,0.0000,1.0000,4.501,,,,,,,
108,Right,6,-0.0204,-0.0084,0.0359,0.0000,0.0000,0.0000,1.0000,4.501,,,,,,,
108,Right,7,-0.0032,0.0011,0.0601,0.0216,0.0569,0.0316,0.9976,4.501,,,,,,,
108,Right,8,0.0000,0.0000,0.0379,0.0948,0.0047,-0.0262,0.9951,4.501,,,,,,,
108,Right,9,0.0000,0.0000,0.0243,0.0460,0.0252,-0.0167,0.9985,4.501,,,,,,,
108,Right,10,0.0003,0.0010,0.0224,0.0000,0.0000,0.0000,1.0000,4.501,,,,,,,
108,Right,11,-0.0042,-0.0071,0.0337,0.0000,0.0000,0.0000,1.0000,4.501,,,,,,,
108,Right,12,0.0025,0.0045,0.0619,0.1213,0.1012,-0.0162,0.9873,4.501,,,,,,,
108,Right,13,0.0000,0.0000,0.0429,0.0844,0.0034,-0.0117,0.9964,4.501,,,,,,,
108,Right,14,0.0000,0.0000,0.0275,-0.0048,0.0008,-0.0432,0.9991,4.501,,,,,,,
108,Right,15,0.0003,0.0011,0.0250,0.0000,0.0000,0.0000,1.0000,4.501,,,,,,,
108,Right,16,0.0150,-0.0060,0.0348,0.0000,0.0000,0.0000,1.0000,4.501,,,,,,,
108,Right,17,0.0025,-0.0005,0.0539,0.0978,0.1229,-0.0587,0.9858,4.501,,,,,,,
108,Right,18,0.0000,0.0000,0.0390,0.0870,0.0001,-0.0356,0.9956,4.501,,,,,,,
108,Right,19,0.0000,0.0000,0.0266,0.0348,-0.0294,-0.0063,0.9989,4.501,,,,,,,
108,Right,20,0.0003,0.0016,0.0243,0.0000,0.0000,0.0000,1.0000,4.501,,,,,,,
108,Right,21,0.0230,-0.0094,0.0341,0.0183,0.1403,-0.2070,0.9680,4.501,,,,,,,
108,Right,22,0.0000,0.0000,0.0457,-0.0378,0.0267,0.0955,0.9944,4.501,,,,,,,
108,Right,23,0.0000,0.0000,0.0307,0.1521,0.0360,-0.0517,0.9864,4.501,,,,,,,
108,Right,24,0.0000,0.0000,0.0203,0.0011,-0.0492,0.0007,0.9988,4.501,,,,,,,
108,Right,25,-0.0002,0.0012,0.0219,0.0000,0.0000,0.0000,1.0000,4.501,,,,,,,
109,Left,0,0.0017,-0.0057,0.0655,0.0000,0.0000,0.0000,1.0000,4.543,,,,,,,
109,Left,1,0.0000,0.0000,0.0000,0.0000,0.0000,0.0000,1.0000,4.543,-0.4103,0.4550,-0.0054,-0.7037,0.5707,-0.2574,-0.3358
109,Left,2,0.0262,-0.0211,0.0368,-0.0105,0.3110,-0.6567,0.6870,4.543,,,,,,,
109,Left,3,0.0000,0.0000,0.0325,0.2815,-0.0439,0.0804,0.9552,4.543,,,,,,,
109,Left,4,0.0000,0.0000,0.0338,0.2352,0.0393,-0.0746,0.9683,4.543,,,,,,,
109,Left,5,-0.0007,0.0010,0.0246,0.0000,0.0000,0.0000,1.0000,4.543,,,,,,,
109,Left,6,0.0178,-0.0120,0.0376,0.0000,0.0000,0.0000,1.0000,4.543,,,,,,,
109,Left,7,0.0057,0.0047,0.0584,0.4765,-0.1128,0.0070,0.8719,4.543,,,,,,,
109,Left,8,0.0000,0.0000,0.0379,0.7323,0.0140,0.0214,0.6805,4.543,,,,,,,
109,Left,9,0.0000,0.0000,0.0243,0.5527,-0.0126,0.0164,0.8331,4.543,,,,,,,
109,Left,10,-0.0003,0.0010,0.0224,0.0000,0.0000,0.0000,1.0000,4.543,,,,,,,
109,Left,11,0.0016,-0.0089,0.0354,0.0000,0.0000,0.0000,1.0000,4.543,,,,,,,
109,Left,12,0.0001,0.0064,0.0602,0.5865,-0.1042,0.0769,0.7995,4.543,,,,,,,
109,Left,13,0.0000,0.0000,0.0429,0.7070,0.0049,0.0125,0.7071,4.543,,,,,,,
109,Left,14,0.0000,0.0000,0.0276,0.5702,0.0244,0.0916,0.8160,4.543,,,,,,,
109,Left,15,-0.0003,0.0011,0.0250,0.0000,0.0000,0.0000,1.0000,4.543,,,,,,,
109,Left,16,-0.0150,-0.0060,0.0348,0.0000,0.0000,0.0000,1.0000,4.543,,,,,,,
109,Left,17,-0.0025,-0.0005,0.0539,0.6159,-0.0736,0.1130,0.7762,4.543,,,,,,,
109,Left,18,0.0000,0.0000,0.0390,0.7132,0.0218,0.0415,0.6994,4.543,,,,,,,
109,Left,19,0.0000,0.0000,0.0266,0.6076,0.0261,0.0322,0.7932,4.543,,,,,,,
109,Left,20,-0.0003,0.0016,0.0243,0.0000,0.0000,0.0000,1.0000,4.543,,,,,,,
109,Left,21,-0.0230,-0.0094,0.0341,0.0183,-0.1403,0.2070,0.9680,4.543,,,,,,,
109,Left,22,0.0000,0.0000,0.0457,0.5898,-0.0417,-0.0554,0.8046,4.543,,,,,,,
109,Left,23,0.0000,0.0000,0.0307,0.6623,-0.0059,0.0871,0.7441,4.543,,,,,,,
109,Left,24,0.0000,0.0000,0.0203,0.6301,0.0377,-0.0027,0.7756,4.543,,,,,,,
109,Left,25,0.0002,0.0012,0.0219,0.0000,0.0000,0.0000,1.0000,4.543,,,,,,,
109,Right,0,-0.0030,-0.0048,0.0647,0.0000,0.0000,0.0000,1.0000,4.543,,,,,,,
109,Right,1,0.0000,0.0000,0.0000,0.0000,0.0000,0.0000,1.0000,4.543,0.0116,0.1084,0.0360,0.5996,-0.0405,-0.1466,0.7857
109,Right,2,-0.0314,-0.0138,0.0334,-0.1661,-0.3215,0.5127,0.7786,4.543,,,,,,,
109,Right,3,0.0000,0.0000,0.0325,0.2682,0.0453,-0.0807,0.9589,4.543,,,,,,,
109,Right,4,0.0000,0.0000,0.0338,0.1215,-0.0499,0.0789,0.9882,4.543,,,,,,,
109,Right,5,0.0007,0.0010,0.0246,0.0000,0.0000,0.0000,1.0000,4.543,,,,,,,
109,Right,6,-0.0204,-0.0084,0.0359,0.0000,0.0000,0.0000,1.0000,4.543,,,,,,,
109,Right,7,-0.0032,0.0011,0.0601,0.0206,0.0567,0.0317,0.9977,4.543,,,,,,,
109,Right,8,0.0000,0.0000,0.0379,0.0962,0.0047,-0.0262,0.9950,4.543,,,,,,,
109,Right,9,0.0000,0.0000,0.0243,0.0458,0.0253,-0.0167,0.9985,4.543,,,,,,,
109,Right,10,0.0003,0.0010,0.0224,0.0000,0.0000,0.0000,1.0000,4.543,,,,,,,
109,Right,11,-0.0042,-0.0071,0.0337,0.0000,0.0000,0.0000,1.0000,4.543,,,,,,,
109,Right,12,0.0025,0.0045,0.0619,0.1208,0.1014,-0.0161,0.9874,4.543,,,,,,,
109,Right,13,0.0000,0.0000,0.0429,0.0846,0.0034,-0.0117,0.9963,4.543,,,,,,,
109,Right,14,0.0000,0.0000,0.0275,-0.0050,0.0008,-0.0431,0.9991,4.543,,,,,,,
109,Right,15,0.0003,0.0011,0.0250,0.0000,0.0000,0.0000,1.0000,4.543,,,,,,,
109,Right,16,0.0150,-0.0060,0.0348,0.0000,0.0000,0.0000,1.0000,4.543,,,,,,,
109,Right,17,0.0025,-0.0005,0.0539,0.0977,0.1239,-0.0588,0.9857,4.543,,,,,,,
109,Right,18,0.0000,0.0000,0.0390,0.0869,0.0001,-0.0356,0.9956,4.543,,,,,,,
109,Right,19,0.0000,0.0000,0.0266,0.0347,-0.0294,-0.0063,0.9989,4.543,,,,,,,
109,Right,20,0.0003,0.0016,0.0243,0.0000,0.0000,0.0000,1.0000,4.543,,,,,,,
109,Right,21,0.0230,-0.0094,0.0341,0.0183,0.1403,-0.2070,0.9680,4.543,,,,,,,
109,Right,22,0.0000,0.0000,0.0457,-0.0379,0.0281,0.0956,0.9943,4.543,,,,,,,
109,Right,23,0.0000,0.0000,0.0307,0.1523,0.0360,-0.0517,0.9863,4.543,,,,,,,
109,Right,24,0.0000,0.0000,0.0203,0.0010,-0.0492,0.0007,0.9988,4.543,,,,,,,
109,Right,25,-0.0002,0.0012,0.0219,0.0000,0.0000,0.0000,1.0000,4.543,,,,,,,
110,Left,0,0.0017,-0.0057,0.0655,0.0000,0.0000,0.0000,1.0000,4.584,,,,,,,
110,Left,1,0.0000,0.0000,0.0000,0.0000,0.0000,0.0000,1.0000,4.584,-0.4094,0.4548,-0.0041,-0.7033,0.5712,-0.2566,-0.3365
110,Left,2,0.0263,-0.0209,0.0368,-0.0120,0.3136,-0.6542,0.6881,4.584,,,,,,,
110,Left,3,0.0000,0.0000,0.0325,0.2948,-0.0425,0.0801,0.9512,4.584,,,,,,,
110,Left,4,0.0000,0.0000,0.0338,0.2402,0.0388,-0.0744,0.9671,4.584,,,,,,,
110,Left,5,-0.0007,0.0010,0.0246,0.0000,0.0000,0.0000,1.0000,4.584,,,,,,,
110,Left,6,0.0179,-0.0119,0.0376,0.0000,0.0000,0.0000,1.0000,4.584,,,,,,,
110,Left,7,0.0057,0.0046,0.0584,0.4817,-0.1142,0.0082,0.8689,4.584,,,,,,,
110,Left,8,0.0000,0.0000,0.0379,0.7346,0.0141,0.0213,0.6780,4.584,,,,,,,
110,Left,9,0.0000,0.0000,0.0243,0.5584,-0.0124,0.0164,0.8293,4.584,,,,,,,
110,Left,10,-0.0003,0.0010,0.0224,0.0000,0.0000,0.0000,1.0000,4.584,,,,,,,
110,Left,11,0.0017,-0.0089,0.0354,0.0000,0.0000,0.0000,1.0000,4.584,,,,,,,
110,Left,12,0.0001,0.0063,0.0602,0.5869,-0.1052,0.0777,0.7990,4.584,,,,,,,
110,Left,13,0.0000,0.0000,0.0429,0.7091,0.0049,0.0125,0.7050,4.584,,,,,,,
110,Left,14,0.0000,0.0000,0.0275,0.5712,0.0245,0.0917,0.8153,4.584,,,,,,,
110,Left,15,-0.0003,0.0011,0.0250,0.0000,0.0000,0.0000,1.0000,4.584,,,,,,,
110,Left,16,-0.0150,-0.0060,0.0348,0.0000,0.0000,0.0000,1.0000,4.584,,,,,,,
110,Left,17,-0.0025,-0.0005,0.0539,0.6162,-0.0739,0.1133,0.7759,4.584,,,,,,,
110,Left,18,0.0000,0.0000,0.0390,0.7143,0.0219,0.0415,0.6983,4.584,,,,,,,
110,Left,19,0.0000,0.0000,0.0266,0.6115,0.0260,0.0324,0.7902,4.584,,,,,,,
110,Left,20,-0.0003,0.0016,0.0243,0.0000,0.0000,0.0000,1.0000,4.584,,,,,,,
110,Left,21,-0.0230,-0.0094,0.0341,0.0183,-0.1403,0.2070,0.9680,4.584,,,,,,,
110,Left,22,0.0000,0.0000,0.0457,0.5893,-0.0416,-0.0555,0.8050,4.584,,,,,,,
110,Left,23,0.0000,0.0000,0.0307,0.6632,-0.0058,0.0871,0.7433,4.584,,,,,,,
110,Left,24,0.0000,0.0000,0.0203,0.6309,0.0377,-0.0027,0.7749,4.584,,,,,,,
110,Left,25,0.0002,0.0012,0.0219,0.0000,0.0000,0.0000,1.0000,4.584,,,,,,,
110,Right,0,-0.0030,-0.0048,0.0647,0.0000,0.0000,0.0000,1.0000,4.584,,,,,,,
110,Right,1,0.0000,0.0000,0.0000,0.0000,0.0000,0.0000,1.0000,4.584,0.0122,0.1088,0.0370,0.5969,-0.0451,-0.1474,0.7874
110,Right,2,-0.0314,-0.0138,0.0334,-0.1658,-0.3218,0.5130,0.7784,4.584,,,,,,,
110,Right,3,0.0000,0.0000,0.0325,0.2675,0.0454,-0.0807,0.9591,4.584,,,,,,,
110,Right,4,0.0000,0.0000,0.0338,0.1221,-0.0498,0.0789,0.9881,4.584,,,,,,,
110,Right,5,0.0007,0.0010,0.0246,0.0000,0.0000,0.0000,1.0000,4.584,,,,,,,
110,Right,6,-0.0204,-0.0084,0.0359,0.0000,0.0000,0.0000,1.0000,4.584,,,,,,,
110,Right,7,-0.0032,0.0011,0.0601,0.0196,0.0571,0.0317,0.9977,4.584,,,,,,,
110,Right,8,0.0000,0.0000,0.0379,0.0977,0.0046,-0.0262,0.9949,4.584,,,,,,,
110,Right,9,0.0000,0.0000,0.0243,0.0460,0.0252,-0.0167,0.9985,4.584,,,,,,,
110,Right,10,0.0003,0.0010,0.0224,0.0000,0.0000,0.0000,1.0000,4.584,,,,,,,
110,Right,11,-0.0042,-0.0071,0.0337,0.0000,0.0000,0.0000,1.0000,4.584,,,,,,,
110,Right,12,0.0025,0.0045,0.0619,0.1204,0.1016,-0.0161,0.9874,4.584,,,,,,,
110,Right,13,0.0000,0.0000,0.0429,0.0848,0.0034,-0.0117,0.9963,4.584,,,,,,,
110,Right,14,0.0000,0.0000,0.0275,-0.0052,0.0008,-0.0431,0.9991,4.584,,,,,,,
110,Right,15,0.0003,0.0011,0.0250,0.0000,0.0000,0.0000,1.0000,4.584,,,,,,,
110,Right,16,0.0150,-0.0060,0.0348,0.0000,0.0000,0.0000,1.0000,4.584,,,,,,,
110,Right,17,0.0025,-0.0005,0.0539,0.0979,0.1248,-0.0588,0.9856,4.584,,,,,,,
110,Right,18,0.0000,0.0000,0.0390,0.0867,0.0001,-0.0356,0.9956,4.584,,,,,,,
110,Right,19,0.0000,0.0000,0.0266,0.0347,-0.0294,-0.0063,0.9989,4.584,,,,,,,
110,Right,20,0.0003,0.0016,0.0243,0.0000,0.0000,0.0000,1.0000,4.584,,,,,,,
110,Right,21,0.0230,-0.0094,0.0341,0.0183,0.1403,-0.2070,0.9680,4.584,,,,,,,
110,Right,22,0.0000,0.0000,0.0457,-0.0378,0.0294,0.0956,0.9943,4.584,,,,,,,
110,Right,23,0.0000,0.0000,0.0307,0.1526,0.0360,-0.0517,0.9863,4.584,,,,,,,
110,Right,24,0.0000,0.0000,0.0203,0.0009,-0.0492,0.0007,0.9988,4.584,,,,,,,
110,Right,25,-0.0002,0.0012,0.0219,0.0000,0.0000,0.0000,1.0000,4.584,,,,,,,
111,Left,0,0.0017,-0.0057,0.0655,0.0000,0.0000,0.0000,1.0000,4.626,,,,,,,
111,Left,1,0.0000,0.0000,0.0000,0.0000,0.0000,0.0000,1.0000,4.626,-0.4080,0.4553,-0.0027,-0.7030,0.5697,-0.2573,-0.3394
111,Left,2,0.0264,-0.0208,0.0367,-0.0138,0.3145,-0.6525,0.6893,4.626,,,,,,,
111,Left,3,0.0000,0.0000,0.0325,0.2996,-0.0420,0.0800,0.9498,4.626,,,,,,,
111,Left,4,0.0000,0.0000,0.0338,0.2414,0.0386,-0.0743,0.9668,4.626,,,,,,,
111,Left,5,-0.0007,0.0010,0.0246,0.0000,0.0000,0.0000,1.0000,4.626,,,,,,,
111,Left,6,0.0179,-0.0119,0.0376,0.0000,0.0000,0.0000,1.0000,4.626,,,,,,,
111,Left,7,0.0056,0.0046,0.0584,0.4828,-0.1154,0.0090,0.8680,4.626,,,,,,,
111,Left,8,0.0000,0.0000,0.0379,0.7353,0.0141,0.0213,0.6773,4.626,,,,,,,
111,Left,9,0.0000,0.0000,0.0243,0.5598,-0.0124,0.0164,0.8284,4.626,,,,,,,
111,Left,10,-0.0003,0.0010,0.0224,0.0000,0.0000,0.0000,1.0000,4.626,,,,,,,
111,Left,11,0.0017,-0.0088,0.0354,0.0000,0.0000,0.0000,1.0000,4.626,,,,,,,
111,Left,12,0.0000,0.0063,0.0602,0.5870,-0.1062,0.0784,0.7987,4.626,,,,,,,
111,Left,13,0.0000,0.0000,0.0429,0.7106,0.0049,0.0125,0.7035,4.626,,,,,,,
111,Left,14,0.0000,0.0000,0.0275,0.5721,0.0245,0.0917,0.8147,4.626,,,,,,,
111,Left,15,-0.0003,0.0011,0.0250,0.0000,0.0000,0.0000,1.0000,4.626,,,,,,,
111,Left,16,-0.0150,-0.0060,0.0348,0.0000,0.0000,0.0000,1.0000,4.626,,,,,,,
111,Left,17,-0.0025,-0.0005,0.0539,0.6162,-0.0740,0.1133,0.7759,4.626,,,,,,,
111,Left,18,0.0000,0.0000,0.0390,0.7149,0.0219,0.0415,0.6976,4.626,,,,,,,
111,Left,19,0.0000,0.0000,0.0266,0.6128,0.0260,0.0324,0.7891,4.626,,,,,,,
111,Left,20,-0.0003,0.0016,0.0243,0.0000,0.0000,0.0000,1.0000,4.626,,,,,,,
111,Left,21,-0.0230,-0.0094,0.0341,0.0183,-0.1403,0.2070,0.9680,4.626,,,,,,,
111,Left,22,0.0000,0.0000,0.0457,0.5882,-0.0411,-0.0559,0.8057,4.626,,,,,,,
111,Left,23,0.0000,0.0000,0.0307,0.6641,-0.0057,0.0872,0.7425,4.626,,,,,,,
111,Left,24,0.0000,0.0000,0.0203,0.6317,0.0377,-0.0027,0.7743,4.626,,,,,,,
111,Left,25,0.0002,0.0012,0.0219,0.0000,0.0000,0.0000,1.0000,4.626,,,,,,,
111,Right,0,-0.0030,-0.0048,0.0647,0.0000,0.0000,0.0000,1.0000,4.626,,,,,,,
111,Right,1,0.0000,0.0000,0.0000,0.0000,0.0000,0.0000,1.0000,4.626,0.0116,0.1092,0.0384,0.5976,-0.0449,-0.1479,0.7868
111,Right,2,-0.0314,-0.0138,0.0334,-0.1663,-0.3221,0.5123,0.7786,4.626,,,,,,,
111,Right,3,0.0000,0.0000,0.0325,0.2681,0.0453,-0.0807,0.9589,4.626,,,,,,,
111,Right,4,0.0000,0.0000,0.0338,0.1236,-0.0497,0.0788,0.9880,4.626,,,,,,,
111,Right,5,0.0007,0.0010,0.0246,0.0000,0.0000,0.0000,1.0000,4.626,,,,,,,
111,Right,6,-0.0204,-0.0084,0.0359,0.0000,0.0000,0.0000,1.0000,4.626,,,,,,,
111,Right,7,-0.0032,0.0010,0.0601,0.0103,0.0569,0.0319,0.9978,4.626,,,,,,,
111,Right,8,0.0000,0.0000,0.0379,0.0993,0.0046,-0.0262,0.9947,4.626,,,,,,,
111,Right,9,0.0000,0.0000,0.0243,0.0462,0.0252,-0.0167,0.9985,4.626,,,,,,,
111,Right,10,0.0003,0.0010,0.0224,0.0000,0.0000,0.0000,1.0000,4.626,,,,,,,
111,Right,11,-0.0042,-0.0071,0.0337,0.0000,0.0000,0.0000,1.0000,4.626,,,,,,,
111,Right,12,0.0025,0.0045,0.0619,0.1192,0.1013,-0.0160,0.9876,4.626,,,,,,,
111,Right,13,0.0000,0.0000,0.0429,0.0846,0.0034,-0.0117,0.9963,4.626,,,,,,,
111,Right,14,0.0000,0.0000,0.0275,-0.0054,0.0008,-0.0431,0.9991,4.626,,,,,,,
111,Right,15,0.0003,0.0011,0.0250,0.0000,0.0000,0.0000,1.0000,4.626,,,,,,,
111,Right,16,0.0150,-0.0060,0.0348,0.0000,0.0000,0.0000,1.0000,4.626,,,,,,,
111,Right,17,0.0025,-0.0005,0.0539,0.0984,0.1250,-0.0589,0.9855,4.626,,,,,,,
111,Right,18,0.0000,0.0000,0.0390,0.0860,0.0001,-0.0355,0.9957,4.626,,,,,,,
111,Right,19,0.0000,0.0000,0.0266,0.0344,-0.0294,-0.0063,0.9990,4.626,,,,,,,
111,Right,20,0.0003,0.0016,0.0243,0.0000,0.0000,0.0000,1.0000,4.626,,,,,,,
111,Right,21,0.0230,-0.0094,0.0341,0.0183,0.1403,-0.2070,0.9680,4.626,,,,,,,
111,Right,22,0.0000,0.0000,0.0457,-0.0376,0.0308,0.0957,0.9942,4.626,,,,,,,
111,Right,23,0.0000,0.0000,0.0307,0.1523,0.0360,-0.0517,0.9863,4.626,,,,,,,
111,Right,24,0.0000,0.0000,0.0203,0.0004,-0.0492,0.0007,0.9988,4.626,,,,,,,
111,Right,25,-0.0002,0.0012,0.0219,0.0000,0.0000,0.0000,1.0000,4.626,,,,,,,
112,Left,0,0.0018,-0.0057,0.0655,0.0000,0.0000,0.0000,1.0000,4.668,,,,,,,
112,Left,1,0.0000,0.0000,0.0000,0.0000,0.0000,0.0000,1.0000,4.668,-0.4070,0.4554,-0.0009,-0.7041,0.5690,-0.2563,-0.3388
112,Left,2,0.0266,-0.0207,0.0367,-0.0160,0.3161,-0.6502,0.6907,4.668,,,,,,,
112,Left,3,0.0000,0.0000,0.0325,0.3066,-0.0413,0.0799,0.9476,4.668,,,,,,,
112,Left,4,0.0000,0.0000,0.0338,0.2428,0.0385,-0.0742,0.9665,4.668,,,,,,,
112,Left,5,-0.0007,0.0010,0.0246,0.0000,0.0000,0.0000,1.0000,4.668,,,,,,,
112,Left,6,0.0180,-0.0118,0.0375,0.0000,0.0000,0.0000,1.0000,4.668,,,,,,,
112,Left,7,0.0056,0.0045,0.0585,0.4922,-0.1157,0.0102,0.8627,4.668,,,,,,,
112,Left,8,0.0000,0.0000,0.0379,0.7359,0.0141,0.0213,0.6767,4.668,,,,,,,
112,Left,9,0.0000,0.0000,0.0243,0.5608,-0.0123,0.0164,0.8277,4.668,,,,,,,
112,Left,10,-0.0003,0.0010,0.0224,0.0000,0.0000,0.0000,1.0000,4.668,,,,,,,
112,Left,11,0.0018,-0.0088,0.0354,0.0000,0.0000,0.0000,1.0000,4.668,,,,,,,
112,Left,12,-0.0001,0.0063,0.0603,0.5877,-0.1067,0.0789,0.7982,4.668,,,,,,,
112,Left,13,0.0000,0.0000,0.0429,0.7116,0.0049,0.0125,0.7024,4.668,,,,,,,
112,Left,14,0.0000,0.0000,0.0275,0.5729,0.0246,0.0918,0.8141,4.668,,,,,,,
112,Left,15,-0.0003,0.0011,0.0250,0.0000,0.0000,0.0000,1.0000,4.668,,,,,,,
112,Left,16,-0.0150,-0.0060,0.0348,0.0000,0.0000,0.0000,1.0000,4.668,,,,,,,
112,Left,17,-0.0025,-0.0005,0.0539,0.6161,-0.0736,0.1130,0.7760,4.668,,,,,,,
112,Left,18,0.0000,0.0000,0.0390,0.7151,0.0219,0.0415,0.6975,4.668,,,,,,,
112,Left,19,0.0000,0.0000,0.0266,0.6136,0.0260,0.0325,0.7885,4.668,,,,,,,
112,Left,20,-0.0003,0.0016,0.0243,0.0000,0.0000,0.0000,1.0000,4.668,,,,,,,
112,Left,21,-0.0230,-0.0094,0.0341,0.0183,-0.1403,0.2070,0.9680,4.668,,,,,,,
112,Left,22,0.0000,0.0000,0.0457,0.5873,-0.0401,-0.0566,0.8064,4.668,,,,,,,
112,Left,23,0.0000,0.0000,0.0307,0.6648,-0.0057,0.0872,0.7419,4.668,,,,,,,
112,Left,24,0.0000,0.0000,0.0203,0.6324,0.0376,-0.0027,0.7737,4.668,,,,,,,
112,Left,25,0.0002,0.0012,0.0219,0.0000,0.0000,0.0000,1.0000,4.668,,,,,,,
112,Right,0,-0.0030,-0.0048,0.0647,0.0000,0.0000,0.0000,1.0000,4.668,,,,,,,
112,Right,1,0.0000,0.0000,0.0000,0.0000,0.0000,0.0000,1.0000,4.668,0.0116,0.1092,0.0390,0.5959,-0.0491,-0.1472,0.7879
112,Right,2,-0.0314,-0.0137,0.0333,-0.1674,-0.3217,0.5112,0.7792,4.668,,,,,,,
112,Right,3,0.0000,0.0000,0.0325,0.2674,0.0454,-0.0808,0.9591,4.668,,,,,,,
112,Right,4,0.0000,0.0000,0.0338,0.1248,-0.0496,0.0788,0.9878,4.668,,,,,,,
112,Right,5,0.0007,0.0010,0.0246,0.0000,0.0000,0.0000,1.0000,4.668,,,,,,,
112,Right,6,-0.0204,-0.0083,0.0359,0.0000,0.0000,0.0000,1.0000,4.668,,,,,,,
112,Right,7,-0.0031,0.0010,0.0601,0.0092,0.0573,0.0320,0.9978,4.668,,,,,,,
112,Right,8,0.0000,0.0000,0.0379,0.1007,0.0046,-0.0262,0.9946,4.668,,,,,,,
112,Right,9,0.0000,0.0000,0.0243,0.0470,0.0252,-0.0167,0.9984,4.668,,,,,,,
112,Right,10,0.0003,0.0010,0.0224,0.0000,0.0000,0.0000,1.0000,4.668,,,,,,,
112,Right,11,-0.0042,-0.0071,0.0337,0.0000,0.0000,0.0000,1.0000,4.668,,,,,,,
112,Right,12,0.0025,0.0045,0.0619,0.1184,0.1010,-0.0159,0.9877,4.668,,,,,,,
112,Right,13,0.0000,0.0000,0.0429,0.0848,0.0034,-0.0117,0.9963,4.668,,,,,,,
112,Right,14,0.0000,0.0000,0.0275,-0.0054,0.0008,-0.0431,0.9991,4.668,,,,,,,
112,Right,15,0.0003,0.0011,0.0250,0.0000,0.0000,0.0000,1.0000,4.668,,,,,,,
112,Right,16,0.0150,-0.0060,0.0348,0.0000,0.0000,0.0000,1.0000,4.668,,,,,,,
112,Right,17,0.0025,-0.0005,0.0539,0.0980,0.1251,-0.0589,0.9855,4.668,,,,,,,
112,Right,18,0.0000,0.0000,0.0390,0.0856,0.0001,-0.0355,0.9957,4.668,,,,,,,
112,Right,19,0.0000,0.0000,0.0266,0.0344,-0.0294,-0.0063,0.9990,4.668,,,,,,,
112,Right,20,0.0003,0.0016,0.0243,0.0000,0.0000,0.0000,1.0000,4.668,,,,,,,
112,Right,21,0.0230,-0.0094,0.0341,0.0183,0.1403,-0.2070,0.9680,4.668,,,,,,,
112,Right,22,0.0000,0.0000,0.0457,-0.0373,0.0314,0.0957,0.9942,4.668,,,,,,,
112,Right,23,0.0000,0.0000,0.0307,0.1524,0.0360,-0.0517,0.9863,4.668,,,,,,,
112,Right,24,0.0000,0.0000,0.0203,0.0002,-0.0492,0.0007,0.9988,4.668,,,,,,,
112,Right,25,-0.0002,0.0012,0.0219,0.0000,0.0000,0.0000,1.0000,4.668,,,,,,,
113,Left,0,0.0018,-0.0057,0.0655,0.0000,0.0000,0.0000,1.0000,4.710,,,,,,,
113,Left,1,0.0000,0.0000,0.0000,0.0000,0.0000,0.0000,1.0000,4.710,-0.4061,0.4554,0.0002,-0.7063,0.5687,-0.2522,-0.3377
113,Left,2,0.0266,-0.0207,0.0366,-0.0157,0.3175,-0.6496,0.6906,4.710,,,,,,,
113,Left,3,0.0000,0.0000,0.0325,0.3081,-0.0411,0.0798,0.9471,4.710,,,,,,,
113,Left,4,0.0000,0.0000,0.0338,0.2443,0.0384,-0.0742,0.9661,4.710,,,,,,,
113,Left,5,-0.0007,0.0010,0.0246,0.0000,0.0000,0.0000,1.0000,4.710,,,,,,,
113,Left,6,0.0180,-0.0118,0.0375,0.0000,0.0000,0.0000,1.0000,4.710,,,,,,,
113,Left,7,0.0055,0.0045,0.0585,0.4989,-0.1159,0.0111,0.8588,4.710,,,,,,,
113,Left,8,0.0000,0.0000,0.0379,0.7369,0.0142,0.0213,0.6755,4.710,,,,,,,
113,Left,9,0.0000,0.0000,0.0243,0.5630,-0.0123,0.0164,0.8262,4.710,,,,,,,
113,Left,10,-0.0003,0.0010,0.0224,0.0000,0.0000,0.0000,1.0000,4.710,,,,,,,
113,Left,11,0.0018,-0.0088,0.0354,0.0000,0.0000,0.0000,1.0000,4.710,,,,,,,
113,Left,12,-0.0001,0.0063,0.0603,0.5886,-0.1071,0.0793,0.7974,4.710,,,,,,,
113,Left,13,0.0000,0.0000,0.0429,0.7123,0.0049,0.0125,0.7018,4.710,,,,,,,
113,Left,14,0.0000,0.0000,0.0275,0.5736,0.0246,0.0918,0.8136,4.710,,,,,,,
113,Left,15,-0.0003,0.0011,0.0250,0.0000,0.0000,0.0000,1.0000,4.710,,,,,,,
113,Left,16,-0.0150,-0.0060,0.0348,0.0000,0.0000,0.0000,1.0000,4.710,,,,,,,
113,Left,17,-0.0025,-0.0005,0.0539,0.6163,-0.0731,0.1127,0.7760,4.710,,,,,,,
113,Left,18,0.0000,0.0000,0.0390,0.7148,0.0219,0.0415,0.6978,4.710,,,,,,,
113,Left,19,0.0000,0.0000,0.0266,0.6144,0.0260,0.0325,0.7879,4.710,,,,,,,
113,Left,20,-0.0003,0.0016,0.0243,0.0000,0.0000,0.0000,1.0000,4.710,,,,,,,
113,Left,21,-0.0230,-0.0094,0.0341,0.0183,-0.1403,0.2070,0.9680,4.710,,,,,,,
113,Left,22,0.0000,0.0000,0.0457,0.5869,-0.0392,-0.0573,0.8067,4.710,,,,,,,
113,Left,23,0.0000,0.0000,0.0307,0.6650,-0.0057,0.0872,0.7417,4.710,,,,,,,
113,Left,24,0.0000,0.0000,0.0203,0.6330,0.0376,-0.0027,0.7732,4.710,,,,,,,
113,Left,25,0.0002,0.0012,0.0219,0.0000,0.0000,0.0000,1.0000,4.710,,,,,,,
113,Right,0,-0.0030,-0.0048,0.0647,0.0000,0.0000,0.0000,1.0000,4.710,,,,,,,
113,Right,1,0.0000,0.0000,0.0000,0.0000,0.0000,0.0000,1.0000,4.710,0.0106,0.1100,0.0406,0.5948,-0.0505,-0.1475,0.7886
113,Right,2,-0.0314,-0.0137,0.0333,-0.1679,-0.3212,0.5108,0.7796,4.710,,,,,,,
113,Right,3,0.0000,0.0000,0.0325,0.2671,0.0454,-0.0808,0.9592,4.710,,,,,,,
113,Right,4,0.0000,0.0000,0.0338,0.1290,-0.0492,0.0786,0.9873,4.710,,,,,,,
113,Right,5,0.0007,0.0010,0.0246,0.0000,0.0000,0.0000,1.0000,4.710,,,,,,,
113,Right,6,-0.0204,-0.0083,0.0359,0.0000,0.0000,0.0000,1.0000,4.710,,,,,,,
113,Right,7,-0.0031,0.0010,0.0601,0.0093,0.0580,0.0320,0.9978,4.710,,,,,,,
113,Right,8,0.0000,0.0000,0.0379,0.1024,0.0045,-0.0262,0.9944,4.710,,,,,,,
113,Right,9,0.0000,0.0000,0.0243,0.0473,0.0252,-0.0167,0.9984,4.710,,,,,,,
113,Right,10,0.0003,0.0010,0.0224,0.0000,0.0000,0.0000,1.0000,4.710,,,,,,,
113,Right,11,-0.0042,-0.0071,0.0337,0.0000,0.0000,0.0000,1.0000,4.710,,,,,,,
113,Right,12,0.0025,0.0045,0.0619,0.1177,0.1008,-0.0158,0.9878,4.710,,,,,,,
113,Right,13,0.0000,0.0000,0.0429,0.0850,0.0034,-0.0117,0.9963,4.710,,,,,,,
113,Right,14,0.0000,0.0000,0.0275,-0.0056,0.0008,-0.0431,0.9991,4.710,,,,,,,
113,Right,15,0.0003,0.0011,0.0250,0.0000,0.0000,0.0000,1.0000,4.710,,,,,,,
113,Right,16,0.0150,-0.0060,0.0348,0.0000,0.0000,0.0000,1.0000,4.710,,,,,,,
113,Right,17,0.0025,-0.0005,0.0539,0.0976,0.1249,-0.0588,0.9856,4.710,,,,,,,
113,Right,18,0.0000,0.0000,0.0390,0.0849,0.0001,-0.0355,0.9958,4.710,,,,,,,
113,Right,19,0.0000,0.0000,0.0266,0.0340,-0.0294,-0.0062,0.9990,4.710,,,,,,,
113,Right,20,0.0003,0.0016,0.0243,0.0000,0.0000,0.0000,1.0000,4.710,,,,,,,
113,Right,21,0.0230,-0.0094,0.0341,0.0183,0.1403,-0.2070,0.9680,4.710,,,,,,,
113,Right,22,0.0000,0.0000,0.0457,-0.0368,0.0317,0.0956,0.9942,4.710,,,,,,,
113,Right,23,0.0000,0.0000,0.0307,0.1522,0.0360,-0.0517,0.9863,4.710,,,,,,,
113,Right,24,0.0000,0.0000,0.0203,-0.0001,-0.0492,0.0007,0.9988,4.710,,,,,,,
113,Right,25,-0.0002,0.0012,0.0219,0.0000,0.0000,0.0000,1.0000,4.710,,,,,,,
114,Left,0,0.0018,-0.0057,0.0655,0.0000,0.0000,0.0000,1.0000,4.751,,,,,,,
114,Left,1,0.0000,0.0000,0.0000,0.0000,0.0000,0.0000,1.0000,4.751,-0.4055,0.4560,0.0008,-0.7078,0.5673,-0.2501,-0.3386
114,Left,2,0.0266,-0.0207,0.0366,-0.0149,0.3192,-0.6493,0.6902,4.751,,,,,,,
114,Left,3,0.0000,0.0000,0.0325,0.3094,-0.0410,0.0798,0.9467,4.751,,,,,,,
114,Left,4,0.0000,0.0000,0.0338,0.2459,0.0382,-0.0741,0.9657,4.751,,,,,,,
114,Left,5,-0.0007,0.0010,0.0246,0.0000,0.0000,0.0000,1.0000,4.751,,,,,,,
114,Left,6,0.0180,-0.0118,0.0375,0.0000,0.0000,0.0000,1.0000,4.751,,,,,,,
114,Left,7,0.0055,0.0045,0.0585,0.5018,-0.1156,0.0113,0.8572,4.751,,,,,,,
114,Left,8,0.0000,0.0000,0.0379,0.7386,0.0142,0.0212,0.6736,4.751,,,,,,,
114,Left,9,0.0000,0.0000,0.0243,0.5653,-0.0122,0.0163,0.8247,4.751,,,,,,,
114,Left,10,-0.0003,0.0010,0.0224,0.0000,0.0000,0.0000,1.0000,4.751,,,,,,,
114,Left,11,0.0018,-0.0088,0.0354,0.0000,0.0000,0.0000,1.0000,4.751,,,,,,,
114,Left,12,-0.0001,0.0062,0.0603,0.5894,-0.1070,0.0795,0.7968,4.751,,,,,,,
114,Left,13,0.0000,0.0000,0.0429,0.7130,0.0050,0.0125,0.7010,4.751,,,,,,,
114,Left,14,0.0000,0.0000,0.0276,0.5743,0.0246,0.0919,0.8131,4.751,,,,,,,
114,Left,15,-0.0003,0.0011,0.0250,0.0000,0.0000,0.0000,1.0000,4.751,,,,,,,
114,Left,16,-0.0150,-0.0060,0.0348,0.0000,0.0000,0.0000,1.0000,4.751,,,,,,,
114,Left,17,-0.0025,-0.0005,0.0539,0.6167,-0.0726,0.1125,0.7758,4.751,,,,,,,
114,Left,18,0.0000,0.0000,0.0390,0.7144,0.0219,0.0415,0.6982,4.751,,,,,,,
114,Left,19,0.0000,0.0000,0.0266,0.6153,0.0259,0.0325,0.7872,4.751,,,,,,,
114,Left,20,-0.0003,0.0016,0.0243,0.0000,0.0000,0.0000,1.0000,4.751,,,,,,,
114,Left,21,-0.0230,-0.0094,0.0341,0.0183,-0.1403,0.2070,0.9680,4.751,,,,,,,
114,Left,22,0.0000,0.0000,0.0457,0.5869,-0.0381,-0.0580,0.8067,4.751,,,,,,,
114,Left,23,0.0000,0.0000,0.0307,0.6654,-0.0057,0.0872,0.7413,4.751,,,,,,,
114,Left,24,0.0000,0.0000,0.0203,0.6336,0.0376,-0.0027,0.7728,4.751,,,,,,,
114,Left,25,0.0002,0.0012,0.0219,0.0000,0.0000,0.0000,1.0000,4.751,,,,,,,
114,Right,0,-0.0030,-0.0048,0.0647,0.0000,0.0000,0.0000,1.0000,4.751,,,,,,,
114,Right,1,0.0000,0.0000,0.0000,0.0000,0.0000,0.0000,1.0000,4.751,0.0088,0.1139,0.0451,0.5928,-0.0517,-0.1481,0.7899
114,Right,2,-0.0314,-0.0137,0.0333,-0.1676,-0.3211,0.5112,0.7794,4.751,,,,,,,
114,Right,3,0.0000,0.0000,0.0325,0.2664,0.0455,-0.0808,0.9594,4.751,,,,,,,
114,Right,4,0.0000,0.0000,0.0338,0.1328,-0.0488,0.0785,0.9868,4.751,,,,,,,
114,Right,5,0.0007,0.0010,0.0246,0.0000,0.0000,0.0000,1.0000,4.751,,,,,,,
114,Right,6,-0.0204,-0.0083,0.0359,0.0000,0.0000,0.0000,1.0000,4.751,,,,,,,
114,Right,7,-0.0031,0.0010,0.0601,0.0100,0.0582,0.0320,0.9977,4.751,,,,,,,
114,Right,8,0.0000,0.0000,0.0379,0.1031,0.0045,-0.0262,0.9943,4.751,,,,,,,
114,Right,9,0.0000,0.0000,0.0243,0.0471,0.0252,-0.0167,0.9984,4.751,,,,,,,
114,Right,10,0.0003,0.0010,0.0224,0.0000,0.0000,0.0000,1.0000,4.751,,,,,,,
114,Right,11,-0.0042,-0.0071,0.0337,0.0000,0.0000,0.0000,1.0000,4.751,,,,,,,
114,Right,12,0.0025,0.0045,0.0619,0.1178,0.1009,-0.0158,0.9878,4.751,,,,,,,
114,Right,13,0.0000,0.0000,0.0429,0.0851,0.0034,-0.0117,0.9963,4.751,,,,,,,
114,Right,14,0.0000,0.0000,0.0275,-0.0058,0.0008,-0.0431,0.9991,4.751,,,,,,,
114,Right,15,0.0003,0.0011,0.0250,0.0000,0.0000,0.0000,1.0000,4.751,,,,,,,
114,Right,16,0.0150,-0.0060,0.0348,0.0000,0.0000,0.0000,1.0000,4.751,,,,,,,
114,Right,17,0.0025,-0.0005,0.0539,0.0977,0.1246,-0.0588,0.9856,4.751,,,,,,,
114,Right,18,0.0000,0.0000,0.0390,0.0843,0.0001,-0.0355,0.9958,4.751,,,,,,,
114,Right,19,0.0000,0.0000,0.0266,0.0336,-0.0294,-0.0062,0.9990,4.751,,,,,,,
114,Right,20,0.0003,0.0016,0.0243,0.0000,0.0000,0.0000,1.0000,4.751,,,,,,,
114,Right,21,0.0230,-0.0094,0.0341,0.0183,0.1403,-0.2070,0.9680,4.751,,,,,,,
114,Right,22,0.0000,0.0000,0.0457,-0.0353,0.0318,0.0955,0.9943,4.751,,,,,,,
114,Right,23,0.0000,0.0000,0.0307,0.1520,0.0360,-0.0517,0.9864,4.751,,,,,,,
114,Right,24,0.0000,0.0000,0.0203,-0.0005,-0.0492,0.0007,0.9988,4.751,,,,,,,
114,Right,25,-0.0002,0.0012,0.0219,0.0000,0.0000,0.0000,1.0000,4.751,,,,,,,
115,Left,0,0.0018,-0.0057,0.0655,0.0000,0.0000,0.0000,1.0000,4.793,,,,,,,
115,Left,1,0.0000,0.0000,0.0000,0.0000,0.0000,0.0000,1.0000,4.793,-0.4077,0.4598,-0.0004,-0.7122,0.5554,-0.2545,-0.3457
115,Left,2,0.0267,-0.0206,0.0366,-0.0144,0.3204,-0.6491,0.6898,4.793,,,,,,,
115,Left,3,0.0000,0.0000,0.0325,0.3092,-0.0410,0.0798,0.9468,4.793,,,,,,,
115,Left,4,0.0000,0.0000,0.0338,0.2470,0.0381,-0.0741,0.9654,4.793,,,,,,,
115,Left,5,-0.0007,0.0010,0.0246,0.0000,0.0000,0.0000,1.0000,4.793,,,,,,,
115,Left,6,0.0180,-0.0118,0.0375,0.0000,0.0000,0.0000,1.0000,4.793,,,,,,,
115,Left,7,0.0055,0.0045,0.0585,0.5069,-0.1149,0.0115,0.8542,4.793,,,,,,,
115,Left,8,0.0000,0.0000,0.0379,0.7392,0.0143,0.0212,0.6729,4.793,,,,,,,
115,Left,9,0.0000,0.0000,0.0243,0.5665,-0.0121,0.0163,0.8238,4.793,,,,,,,
115,Left,10,-0.0003,0.0010,0.0224,0.0000,0.0000,0.0000,1.0000,4.793,,,,,,,
115,Left,11,0.0018,-0.0088,0.0354,0.0000,0.0000,0.0000,1.0000,4.793,,,,,,,
115,Left,12,-0.0001,0.0062,0.0603,0.5911,-0.1067,0.0795,0.7956,4.793,,,,,,,
115,Left,13,0.0000,0.0000,0.0429,0.7134,0.0050,0.0125,0.7006,4.793,,,,,,,
115,Left,14,0.0000,0.0000,0.0275,0.5749,0.0247,0.0919,0.8127,4.793,,,,,,,
115,Left,15,-0.0003,0.0011,0.0250,0.0000,0.0000,0.0000,1.0000,4.793,,,,,,,
115,Left,16,-0.0150,-0.0060,0.0348,0.0000,0.0000,0.0000,1.0000,4.793,,,,,,,
115,Left,17,-0.0025,-0.0005,0.0539,0.6174,-0.0719,0.1121,0.7753,4.793,,,,,,,
115,Left,18,0.0000,0.0000,0.0390,0.7144,0.0219,0.0415,0.6981,4.793,,,,,,,
115,Left,19,0.0000,0.0000,0.0266,0.6166,0.0259,0.0326,0.7862,4.793,,,,,,,
115,Left,20,-0.0003,0.0016,0.0243,0.0000,0.0000,0.0000,1.0000,4.793,,,,,,,
115,Left,21,-0.0230,-0.0094,0.0341,0.0183,-0.1403,0.2070,0.9680,4.793,,,,,,,
115,Left,22,0.0000,0.0000,0.0457,0.5871,-0.0372,-0.0587,0.8066,4.793,,,,,,,
115,Left,23,0.0000,0.0000,0.0307,0.6660,-0.0056,0.0873,0.7408,4.793,,,,,,,
115,Left,24,0.0000,0.0000,0.0203,0.6341,0.0376,-0.0027,0.7724,4.793,,,,,,,
115,Left,25,0.0002,0.0012,0.0219,0.0000,0.0000,0.0000,1.0000,4.793,,,,,,,
115,Right,0,-0.0030,-0.0048,0.0647,0.0000,0.0000,0.0000,1.0000,4.793,,,,,,,
115,Right,1,0.0000,0.0000,0.0000,0.0000,0.0000,0.0000,1.0000,4.793,0.0086,0.1130,0.0450,0.5863,-0.0658,-0.1380,0.7956
115,Right,2,-0.0314,-0.0138,0.0333,-0.1679,-0.3204,0.5112,0.7797,4.793,,,,,,,
115,Right,3,0.0000,0.0000,0.0325,0.2653,0.0456,-0.0808,0.9597,4.793,,,,,,,
115,Right,4,0.0000,0.0000,0.0338,0.1344,-0.0487,0.0785,0.9866,4.793,,,,,,,
115,Right,5,0.0007,0.0010,0.0246,0.0000,0.0000,0.0000,1.0000,4.793,,,,,,,
115,Right,6,-0.0204,-0.0083,0.0359,0.0000,0.0000,0.0000,1.0000,4.793,,,,,,,
115,Right,7,-0.0031,0.0010,0.0601,0.0108,0.0598,0.0320,0.9976,4.793,,,,,,,
115,Right,8,0.0000,0.0000,0.0379,0.1032,0.0045,-0.0262,0.9943,4.793,,,,,,,
115,Right,9,0.0000,0.0000,0.0243,0.0469,0.0252,-0.0167,0.9984,4.793,,,,,,,
115,Right,10,0.0003,0.0010,0.0224,0.0000,0.0000,0.0000,1.0000,4.793,,,,,,,
115,Right,11,-0.0042,-0.0071,0.0337,0.0000,0.0000,0.0000,1.0000,4.793,,,,,,,
115,Right,12,0.0025,0.0045,0.0619,0.1188,0.1001,-0.0158,0.9877,4.793,,,,,,,
115,Right,13,0.0000,0.0000,0.0429,0.0838,0.0034,-0.0117,0.9964,4.793,,,,,,,
115,Right,14,0.0000,0.0000,0.0275,-0.0071,0.0009,-0.0429,0.9991,4.793,,,,,,,
115,Right,15,0.0003,0.0011,0.0250,0.0000,0.0000,0.0000,1.0000,4.793,,,,,,,
115,Right,16,0.0150,-0.0060,0.0348,0.0000,0.0000,0.0000,1.0000,4.793,,,,,,,
115,Right,17,0.0025,-0.0005,0.0539,0.0979,0.1243,-0.0588,0.9856,4.793,,,,,,,
115,Right,18,0.0000,0.0000,0.0390,0.0829,0.0002,-0.0355,0.9959,4.793,,,,,,,
115,Right,19,0.0000,0.0000,0.0266,0.0328,-0.0294,-0.0062,0.9990,4.793,,,,,,,
115,Right,20,0.0003,0.0016,0.0243,0.0000,0.0000,0.0000,1.0000,4.793,,,,,,,
115,Right,21,0.0230,-0.0094,0.0341,0.0183,0.1403,-0.2070,0.9680,4.793,,,,,,,
115,Right,22,0.0000,0.0000,0.0457,-0.0365,0.0323,0.0956,0.9942,4.793,,,,,,,
115,Right,23,0.0000,0.0000,0.0307,0.1508,0.0361,-0.0516,0.9866,4.793,,,,,,,
115,Right,24,0.0000,0.0000,0.0203,-0.0008,-0.0492,0.0007,0.9988,4.793,,,,,,,
115,Right,25,-0.0002,0.0012,0.0219,0.0000,0.0000,0.0000,1.0000,4.793,,,,,,,
116,Left,0,0.0018,-0.0057,0.0655,0.0000,0.0000,0.0000,1.0000,4.835,,,,,,,
116,Left,1,0.0000,0.0000,0.0000,0.0000,0.0000,0.0000,1.0000,4.835,-0.4074,0.4675,0.0002,-0.7114,0.5539,-0.2539,-0.3502
116,Left,2,0.0267,-0.0206,0.0366,-0.0150,0.3208,-0.6484,0.6903,4.835,,,,,,,
116,Left,3,0.0000,0.0000,0.0325,0.3091,-0.0410,0.0798,0.9468,4.835,,,,,,,
116,Left,4,0.0000,0.0000,0.0338,0.2475,0.0381,-0.0740,0.9653,4.835,,,,,,,
116,Left,5,-0.0007,0.0010,0.0246,0.0000,0.0000,0.0000,1.0000,4.835,,,,,,,
116,Left,6,0.0181,-0.0118,0.0375,0.0000,0.0000,0.0000,1.0000,4.835,,,,,,,
116,Left,7,0.0055,0.0044,0.0585,0.5079,-0.1140,0.0112,0.8538,4.835,,,,,,,
116,Left,8,0.0000,0.0000,0.0379,0.7389,0.0142,0.0212,0.6734,4.835,,,,,,,
116,Left,9,0.0000,0.0000,0.0243,0.5681,-0.0121,0.0163,0.8227,4.835,,,,,,,
116,Left,10,-0.0003,0.0010,0.0224,0.0000,0.0000,0.0000,1.0000,4.835,,,,,,,
116,Left,11,0.0018,-0.0088,0.0353,0.0000,0.0000,0.0000,1.0000,4.835,,,,,,,
116,Left,12,-0.0001,0.0062,0.0603,0.5958,-0.1062,0.0801,0.7921,4.835,,,,,,,
116,Left,13,0.0000,0.0000,0.0429,0.7129,0.0050,0.0125,0.7011,4.835,,,,,,,
116,Left,14,0.0000,0.0000,0.0275,0.5754,0.0247,0.0920,0.8123,4.835,,,,,,,
116,Left,15,-0.0003,0.0011,0.0250,0.0000,0.0000,0.0000,1.0000,4.835,,,,,,,
116,Left,16,-0.0150,-0.0060,0.0348,0.0000,0.0000,0.0000,1.0000,4.835,,,,,,,
116,Left,17,-0.0025,-0.0005,0.0539,0.6179,-0.0715,0.1119,0.7750,4.835,,,,,,,
116,Left,18,0.0000,0.0000,0.0390,0.7145,0.0219,0.0415,0.6980,4.835,,,,,,,
116,Left,19,0.0000,0.0000,0.0266,0.6183,0.0259,0.0327,0.7848,4.835,,,,,,,
116,Left,20,-0.0003,0.0016,0.0243,0.0000,0.0000,0.0000,1.0000,4.835,,,,,,,
116,Left,21,-0.0230,-0.0094,0.0341,0.0183,-0.1403,0.2070,0.9680,4.835,,,,,,,
116,Left,22,0.0000,0.0000,0.0457,0.5862,-0.0358,-0.0597,0.8072,4.835,,,,,,,
116,Left,23,0.0000,0.0000,0.0307,0.6666,-0.0056,0.0873,0.7403,4.835,,,,,,,
116,Left,24,0.0000,0.0000,0.0203,0.6345,0.0375,-0.0028,0.7720,4.835,,,,,,,
116,Left,25,0.0002,0.0012,0.0219,0.0000,0.0000,0.0000,1.0000,4.835,,,,,,,
116,Right,0,-0.0030,-0.0048,0.0647,0.0000,0.0000,0.0000,1.0000,4.835,,,,,,,
116,Right,1,0.0000,0.0000,0.0000,0.0000,0.0000,0.0000,1.0000,4.835,0.0085,0.1121,0.0464,0.5890,-0.0697,-0.1367,0.7935
116,Right,2,-0.0314,-0.0138,0.0334,-0.1681,-0.3197,0.5112,0.7799,4.835,,,,,,,
116,Right,3,0.0000,0.0000,0.0325,0.2646,0.0456,-0.0808,0.9599,4.835,,,,,,,
116,Right,4,0.0000,0.0000,0.0338,0.1357,-0.0486,0.0784,0.9864,4.835,,,,,,,
116,Right,5,0.0007,0.0010,0.0246,0.0000,0.0000,0.0000,1.0000,4.835,,,,,,,
116,Right,6,-0.0204,-0.0083,0.0359,0.0000,0.0000,0.0000,1.0000,4.835,,,,,,,
116,Right,7,-0.0031,0.0010,0.0601,0.0122,0.0620,0.0321,0.9975,4.835,,,,,,,
116,Right,8,0.0000,0.0000,0.0379,0.1023,0.0045,-0.0262,0.9944,4.835,,,,,,,
116,Right,9,0.0000,0.0000,0.0243,0.0459,0.0252,-0.0167,0.9985,4.835,,,,,,,
116,Right,10,0.0003,0.0010,0.0224,0.0000,0.0000,0.0000,1.0000,4.835,,,,,,,
116,Right,11,-0.0042,-0.0071,0.0337,0.0000,0.0000,0.0000,1.0000,4.835,,,,,,,
116,Right,12,0.0025,0.0045,0.0619,0.1190,0.0999,-0.0158,0.9877,4.835,,,,,,,
116,Right,13,0.0000,0.0000,0.0429,0.0802,0.0034,-0.0117,0.9967,4.835,,,,,,,
116,Right,14,0.0000,0.0000,0.0275,-0.0085,0.0009,-0.0428,0.9990,4.835,,,,,,,
116,Right,15,0.0003,0.0011,0.0250,0.0000,0.0000,0.0000,1.0000,4.835,,,,,,,
116,Right,16,0.0150,-0.0060,0.0348,0.0000,0.0000,0.0000,1.0000,4.835,,,,,,,
116,Right,17,0.0025,-0.0005,0.0539,0.0972,0.1239,-0.0587,0.9858,4.835,,,,,,,
116,Right,18,0.0000,0.0000,0.0390,0.0816,0.0002,-0.0354,0.9960,4.835,,,,,,,
116,Right,19,0.0000,0.0000,0.0266,0.0318,-0.0294,-0.0061,0.9990,4.835,,,,,,,
116,Right,20,0.0003,0.0016,0.0243,0.0000,0.0000,0.0000,1.0000,4.835,,,,,,,
116,Right,21,0.0230,-0.0094,0.0341,0.0183,0.1403,-0.2070,0.9680,4.835,,,,,,,
116,Right,22,0.0000,0.0000,0.0457,-0.0377,0.0321,0.0957,0.9942,4.835,,,,,,,
116,Right,23,0.0000,0.0000,0.0307,0.1501,0.0361,-0.0515,0.9867,4.835,,,,,,,
116,Right,24,0.0000,0.0000,0.0203,-0.0015,-0.0492,0.0007,0.9988,4.835,,,,,,,
116,Right,25,-0.0002,0.0012,0.0219,0.0000,0.0000,0.0000,1.0000,4.835,,,,,,,
117,Left,0,0.0018,-0.0057,0.0655,0.0000,0.0000,0.0000,1.0000,4.876,,,,,,,
117,Left,1,0.0000,0.0000,0.0000,0.0000,0.0000,0.0000,1.0000,4.876,-0.4071,0.4680,0.0013,-0.7174,0.5433,-0.2472,-0.3592
117,Left,2,0.0267,-0.0206,0.0366,-0.0147,0.3212,-0.6484,0.6900,4.876,,,,,,,
117,Left,3,0.0000,0.0000,0.0325,0.3075,-0.0412,0.0798,0.9473,4.876,,,,,,,
117,Left,4,0.0000,0.0000,0.0338,0.2464,0.0382,-0.0741,0.9656,4.876,,,,,,,
117,Left,5,-0.0007,0.0010,0.0246,0.0000,0.0000,0.0000,1.0000,4.876,,,,,,,
117,Left,6,0.0181,-0.0118,0.0375,0.0000,0.0000,0.0000,1.0000,4.876,,,,,,,
117,Left,7,0.0055,0.0044,0.0585,0.5079,-0.1136,0.0109,0.8538,4.876,,,,,,,
117,Left,8,0.0000,0.0000,0.0379,0.7362,0.0142,0.0213,0.6763,4.876,,,,,,,
117,Left,9,0.0000,0.0000,0.0243,0.5684,-0.0121,0.0163,0.8225,4.876,,,,,,,
117,Left,10,-0.0003,0.0010,0.0224,0.0000,0.0000,0.0000,1.0000,4.876,,,,,,,
117,Left,11,0.0018,-0.0088,0.0353,0.0000,0.0000,0.0000,1.0000,4.876,,,,,,,
117,Left,12,-0.0001,0.0062,0.0603,0.5969,-0.1057,0.0800,0.7913,4.876,,,,,,,
117,Left,13,0.0000,0.0000,0.0429,0.7125,0.0050,0.0125,0.7015,4.876,,,,,,,
117,Left,14,0.0000,0.0000,0.0275,0.5759,0.0247,0.0920,0.8120,4.876,,,,,,,
117,Left,15,-0.0003,0.0011,0.0250,0.0000,0.0000,0.0000,1.0000,4.876,,,,,,,
117,Left,16,-0.0150,-0.0060,0.0348,0.0000,0.0000,0.0000,1.0000,4.876,,,,,,,
117,Left,17,-0.0025,-0.0005,0.0539,0.6184,-0.0707,0.1114,0.7747,4.876,,,,,,,
117,Left,18,0.0000,0.0000,0.0390,0.7145,0.0219,0.0415,0.6981,4.876,,,,,,,
117,Left,19,0.0000,0.0000,0.0266,0.6189,0.0259,0.0327,0.7843,4.876,,,,,,,
117,Left,20,-0.0003,0.0016,0.0243,0.0000,0.0000,0.0000,1.0000,4.876,,,,,,,
117,Left,21,-0.0230,-0.0094,0.0341,0.0183,-0.1403,0.2070,0.9680,4.876,,,,,,,
117,Left,22,0.0000,0.0000,0.0457,0.5854,-0.0344,-0.0607,0.8077,4.876,,,,,,,
117,Left,23,0.0000,0.0000,0.0307,0.6668,-0.0055,0.0873,0.7400,4.876,,,,,,,
117,Left,24,0.0000,0.0000,0.0203,0.6349,0.0375,-0.0028,0.7717,4.876,,,,,,,
117,Left,25,0.0002,0.0012,0.0219,0.0000,0.0000,0.0000,1.0000,4.876,,,,,,,
117,Right,0,-0.0029,-0.0048,0.0647,0.0000,0.0000,0.0000,1.0000,4.876,,,,,,,
117,Right,1,0.0000,0.0000,0.0000,0.0000,0.0000,0.0000,1.0000,4.876,0.0071,0.1116,0.0465,0.5866,-0.0674,-0.1385,0.7951
117,Right,2,-0.0313,-0.0140,0.0335,-0.1651,-0.3184,0.5151,0.7785,4.876,,,,,,,
117,Right,3,0.0000,0.0000,0.0325,0.2639,0.0457,-0.0808,0.9601,4.876,,,,,,,
117,Right,4,0.0000,0.0000,0.0338,0.1364,-0.0485,0.0784,0.9864,4.876,,,,,,,
117,Right,5,0.0007,0.0010,0.0246,0.0000,0.0000,0.0000,1.0000,4.876,,,,,,,
117,Right,6,-0.0204,-0.0085,0.0359,0.0000,0.0000,0.0000,1.0000,4.876,,,,,,,
117,Right,7,-0.0032,0.0011,0.0601,0.0135,0.0637,0.0321,0.9974,4.876,,,,,,,
117,Right,8,0.0000,0.0000,0.0379,0.1015,0.0045,-0.0262,0.9945,4.876,,,,,,,
117,Right,9,0.0000,0.0000,0.0243,0.0453,0.0253,-0.0167,0.9985,4.876,,,,,,,
117,Right,10,0.0003,0.0010,0.0224,0.0000,0.0000,0.0000,1.0000,4.876,,,,,,,
117,Right,11,-0.0041,-0.0071,0.0338,0.0000,0.0000,0.0000,1.0000,4.876,,,,,,,
117,Right,12,0.0024,0.0046,0.0619,0.1183,0.0997,-0.0158,0.9878,4.876,,,,,,,
117,Right,13,0.0000,0.0000,0.0429,0.0796,0.0034,-0.0117,0.9968,4.876,,,,,,,
117,Right,14,0.0000,0.0000,0.0275,-0.0090,0.0009,-0.0427,0.9990,4.876,,,,,,,
117,Right,15,0.0003,0.0011,0.0250,0.0000,0.0000,0.0000,1.0000,4.876,,,,,,,
117,Right,16,0.0150,-0.0060,0.0348,0.0000,0.0000,0.0000,1.0000,4.876,,,,,,,
117,Right,17,0.0025,-0.0005,0.0539,0.0958,0.1231,-0.0585,0.9860,4.876,,,,,,,
117,Right,18,0.0000,0.0000,0.0390,0.0804,0.0003,-0.0354,0.9961,4.876,,,,,,,
117,Right,19,0.0000,0.0000,0.0266,0.0312,-0.0294,-0.0061,0.9991,4.876,,,,,,,
117,Right,20,0.0003,0.0016,0.0243,0.0000,0.0000,0.0000,1.0000,4.876,,,,,,,
117,Right,21,0.0230,-0.0094,0.0341,0.0183,0.1403,-0.2070,0.9680,4.876,,,,,,,
117,Right,22,0.0000,0.0000,0.0457,-0.0389,0.0309,0.0958,0.9942,4.876,,,,,,,
117,Right,23,0.0000,0.0000,0.0307,0.1496,0.0361,-0.0515,0.9867,4.876,,,,,,,
117,Right,24,0.0000,0.0000,0.0203,-0.0020,-0.0492,0.0007,0.9988,4.876,,,,,,,
117,Right,25,-0.0002,0.0012,0.0219,0.0000,0.0000,0.0000,1.0000,4.876,,,,,,,
118,Left,0,0.0018,-0.0057,0.0655,0.0000,0.0000,0.0000,1.0000,4.918,,,,,,,
118,Left,1,0.0000,0.0000,0.0000,0.0000,0.0000,0.0000,1.0000,4.918,-0.4025,0.4726,0.0055,-0.7191,0.5373,-0.2346,-0.3730
118,Left,2,0.0267,-0.0206,0.0366,-0.0142,0.3209,-0.6489,0.6897,4.918,,,,,,,
118,Left,3,0.0000,0.0000,0.0325,0.3055,-0.0414,0.0799,0.9479,4.918,,,,,,,
118,Left,4,0.0000,0.0000,0.0338,0.2454,0.0383,-0.0741,0.9658,4.918,,,,,,,
118,Left,5,-0.0007,0.0010,0.0246,0.0000,0.0000,0.0000,1.0000,4.918,,,,,,,
118,Left,6,0.0180,-0.0118,0.0375,0.0000,0.0000,0.0000,1.0000,4.918,,,,,,,
118,Left,7,0.0055,0.0045,0.0585,0.5089,-0.1139,0.0112,0.8532,4.918,,,,,,,
118,Left,8,0.0000,0.0000,0.0379,0.7356,0.0141,0.0213,0.6770,4.918,,,,,,,
118,Left,9,0.0000,0.0000,0.0243,0.5691,-0.0120,0.0163,0.8221,4.918,,,,,,,
118,Left,10,-0.0003,0.0010,0.0224,0.0000,0.0000,0.0000,1.0000,4.918,,,,,,,
118,Left,11,0.0018,-0.0088,0.0353,0.0000,0.0000,0.0000,1.0000,4.918,,,,,,,
118,Left,12,-0.0001,0.0062,0.0603,0.5973,-0.1057,0.0801,0.7909,4.918,,,,,,,
118,Left,13,0.0000,0.0000,0.0429,0.7113,0.0049,0.0125,0.7028,4.918,,,,,,,
118,Left,14,0.0000,0.0000,0.0276,0.5763,0.0247,0.0920,0.8117,4.918,,,,,,,
118,Left,15,-0.0003,0.0011,0.0250,0.0000,0.0000,0.0000,1.0000,4.918,,,,,,,
118,Left,16,-0.0150,-0.0060,0.0348,0.0000,0.0000,0.0000,1.0000,4.918,,,,,,,
118,Left,17,-0.0025,-0.0005,0.0539,0.6191,-0.0702,0.1112,0.7742,4.918,,,,,,,
118,Left,18,0.0000,0.0000,0.0390,0.7141,0.0218,0.0415,0.6984,4.918,,,,,,,
118,Left,19,0.0000,0.0000,0.0266,0.6197,0.0259,0.0327,0.7837,4.918,,,,,,,
118,Left,20,-0.0003,0.0016,0.0243,0.0000,0.0000,0.0000,1.0000,4.918,,,,,,,
118,Left,21,-0.0230,-0.0094,0.0341,0.0183,-0.1403,0.2070,0.9680,4.918,,,,,,,
118,Left,22,0.0000,0.0000,0.0457,0.5847,-0.0331,-0.0616,0.8082,4.918,,,,,,,
118,Left,23,0.0000,0.0000,0.0307,0.6676,-0.0055,0.0874,0.7393,4.918,,,,,,,
118,Left,24,0.0000,0.0000,0.0203,0.6353,0.0375,-0.0028,0.7714,4.918,,,,,,,
118,Left,25,0.0002,0.0012,0.0219,0.0000,0.0000,0.0000,1.0000,4.918,,,,,,,
118,Right,0,-0.0029,-0.0049,0.0647,0.0000,0.0000,0.0000,1.0000,4.918,,,,,,,
118,Right,1,0.0000,0.0000,0.0000,0.0000,0.0000,0.0000,1.0000,4.918,0.0067,0.1114,0.0463,0.5799,-0.0701,-0.1405,0.7994
118,Right,2,-0.0312,-0.0141,0.0335,-0.1632,-0.3166,0.5180,0.7777,4.918,,,,,,,
118,Right,3,0.0000,0.0000,0.0325,0.2631,0.0458,-0.0808,0.9603,4.918,,,,,,,
118,Right,4,0.0000,0.0000,0.0338,0.1367,-0.0485,0.0784,0.9863,4.918,,,,,,,
118,Right,5,0.0007,0.0010,0.0246,0.0000,0.0000,0.0000,1.0000,4.918,,,,,,,
118,Right,6,-0.0203,-0.0085,0.0360,0.0000,0.0000,0.0000,1.0000,4.918,,,,,,,
118,Right,7,-0.0032,0.0012,0.0600,0.0164,0.0641,0.0320,0.9973,4.918,,,,,,,
118,Right,8,0.0000,0.0000,0.0379,0.1009,0.0046,-0.0262,0.9945,4.918,,,,,,,
118,Right,9,0.0000,0.0000,0.0243,0.0447,0.0253,-0.0167,0.9985,4.918,,,,,,,
118,Right,10,0.0003,0.0010,0.0224,0.0000,0.0000,0.0000,1.0000,4.918,,,,,,,
118,Right,11,-0.0041,-0.0072,0.0338,0.0000,0.0000,0.0000,1.0000,4.918,,,,,,,
118,Right,12,0.0024,0.0046,0.0618,0.1176,0.0991,-0.0157,0.9880,4.918,,,,,,,
118,Right,13,0.0000,0.0000,0.0429,0.0790,0.0035,-0.0117,0.9968,4.918,,,,,,,
118,Right,14,0.0000,0.0000,0.0275,-0.0096,0.0010,-0.0427,0.9990,4.918,,,,,,,
118,Right,15,0.0003,0.0011,0.0250,0.0000,0.0000,0.0000,1.0000,4.918,,,,,,,
118,Right,16,0.0150,-0.0060,0.0348,0.0000,0.0000,0.0000,1.0000,4.918,,,,,,,
118,Right,17,0.0025,-0.0005,0.0539,0.0943,0.1229,-0.0583,0.9862,4.918,,,,,,,
118,Right,18,0.0000,0.0000,0.0390,0.0803,0.0003,-0.0354,0.9961,4.918,,,,,,,
118,Right,19,0.0000,0.0000,0.0266,0.0309,-0.0294,-0.0061,0.9991,4.918,,,,,,,
118,Right,20,0.0003,0.0016,0.0243,0.0000,0.0000,0.0000,1.0000,4.918,,,,,,,
118,Right,21,0.0230,-0.0094,0.0341,0.0183,0.1403,-0.2070,0.9680,4.918,,,,,,,
118,Right,22,0.0000,0.0000,0.0457,-0.0402,0.0308,0.0959,0.9941,4.918,,,,,,,
118,Right,23,0.0000,0.0000,0.0307,0.1492,0.0361,-0.0514,0.9868,4.918,,,,,,,
118,Right,24,0.0000,0.0000,0.0203,-0.0025,-0.0492,0.0007,0.9988,4.918,,,,,,,
118,Right,25,-0.0002,0.0012,0.0219,0.0000,0.0000,0.0000,1.0000,4.918,,,,,,,
119,Left,0,0.0018,-0.0057,0.0655,0.0000,0.0000,0.0000,1.0000,4.960,,,,,,,
119,Left,1,0.0000,0.0000,0.0000,0.0000,0.0000,0.0000,1.0000,4.960,-0.4030,0.4738,0.0049,-0.7237,0.5367,-0.2205,-0.3737
119,Left,2,0.0266,-0.0207,0.0366,-0.0130,0.3208,-0.6498,0.6890,4.960,,,,,,,
119,Left,3,0.0000,0.0000,0.0325,0.3051,-0.0414,0.0799,0.9481,4.960,,,,,,,
119,Left,4,0.0000,0.0000,0.0338,0.2456,0.0382,-0.0741,0.9658,4.960,,,,,,,
119,Left,5,-0.0007,0.0010,0.0246,0.0000,0.0000,0.0000,1.0000,4.960,,,,,,,
119,Left,6,0.0180,-0.0118,0.0375,0.0000,0.0000,0.0000,1.0000,4.960,,,,,,,
119,Left,7,0.0055,0.0045,0.0585,0.5101,-0.1138,0.0113,0.8525,4.960,,,,,,,
119,Left,8,0.0000,0.0000,0.0379,0.7351,0.0141,0.0213,0.6775,4.960,,,,,,,
119,Left,9,0.0000,0.0000,0.0243,0.5696,-0.0120,0.0163,0.8217,4.960,,,,,,,
119,Left,10,-0.0003,0.0010,0.0224,0.0000,0.0000,0.0000,1.0000,4.960,,,,,,,
119,Left,11,0.0018,-0.0088,0.0354,0.0000,0.0000,0.0000,1.0000,4.960,,,,,,,
119,Left,12,-0.0001,0.0063,0.0603,0.5984,-0.1055,0.0802,0.7902,4.960,,,,,,,
119,Left,13,0.0000,0.0000,0.0429,0.7105,0.0049,0.0125,0.7036,4.960,,,,,,,
119,Left,14,0.0000,0.0000,0.0275,0.5767,0.0247,0.0921,0.8114,4.960,,,,,,,
119,Left,15,-0.0003,0.0011,0.0250,0.0000,0.0000,0.0000,1.0000,4.960,,,,,,,
119,Left,16,-0.0150,-0.0060,0.0348,0.0000,0.0000,0.0000,1.0000,4.960,,,,,,,
119,Left,17,-0.0025,-0.0005,0.0539,0.6193,-0.0698,0.1109,0.7742,4.960,,,,,,,
119,Left,18,0.0000,0.0000,0.0390,0.7136,0.0218,0.0415,0.6990,4.960,,,,,,,
119,Left,19,0.0000,0.0000,0.0266,0.6203,0.0259,0.0327,0.7832,4.960,,,,,,,
119,Left,20,-0.0003,0.0016,0.0243,0.0000,0.0000,0.0000,1.0000,4.960,,,,,,,
119,Left,21,-0.0230,-0.0094,0.0341,0.0183,-0.1403,0.2070,0.9680,4.960,,,,,,,
119,Left,22,0.0000,0.0000,0.0457,0.5817,-0.0319,-0.0625,0.8104,4.960,,,,,,,
119,Left,23,0.0000,0.0000,0.0307,0.6680,-0.0055,0.0874,0.7390,4.960,,,,,,,
119,Left,24,0.0000,0.0000,0.0203,0.6356,0.0375,-0.0028,0.7711,4.960,,,,,,,
119,Left,25,0.0002,0.0012,0.0219,0.0000,0.0000,0.0000,1.0000,4.960,,,,,,,
119,Right,0,-0.0029,-0.0049,0.0648,0.0000,0.0000,0.0000,1.0000,4.960,,,,,,,
119,Right,1,0.0000,0.0000,0.0000,0.0000,0.0000,0.0000,1.0000,4.960,0.0063,0.1099,0.0460,0.5767,-0.0703,-0.1422,0.8014
119,Right,2,-0.0311,-0.0144,0.0337,-0.1594,-0.3152,0.5228,0.7759,4.960,,,,,,,
119,Right,3,0.0000,0.0000,0.0325,0.2624,0.0459,-0.0809,0.9605,4.960,,,,,,,
119,Right,4,0.0000,0.0000,0.0338,0.1361,-0.0486,0.0784,0.9864,4.960,,,,,,,
119,Right,5,0.0007,0.0010,0.0246,0.0000,0.0000,0.0000,1.0000,4.960,,,,,,,
119,Right,6,-0.0203,-0.0087,0.0360,0.0000,0.0000,0.0000,1.0000,4.960,,,,,,,
119,Right,7,-0.0033,0.0013,0.0600,0.0189,0.0648,0.0320,0.9972,4.960,,,,,,,
119,Right,8,0.0000,0.0000,0.0379,0.1003,0.0046,-0.0262,0.9946,4.960,,,,,,,
119,Right,9,0.0000,0.0000,0.0243,0.0438,0.0253,-0.0167,0.9986,4.960,,,,,,,
119,Right,10,0.0003,0.0010,0.0224,0.0000,0.0000,0.0000,1.0000,4.960,,,,,,,
119,Right,11,-0.0041,-0.0072,0.0339,0.0000,0.0000,0.0000,1.0000,4.960,,,,,,,
119,Right,12,0.0023,0.0047,0.0618,0.1171,0.0996,-0.0156,0.9880,4.960,,,,,,,
119,Right,13,0.0000,0.0000,0.0429,0.0785,0.0035,-0.0117,0.9968,4.960,,,,,,,
119,Right,14,0.0000,0.0000,0.0275,-0.0106,0.0010,-0.0426,0.9990,4.960,,,,,,,
119,Right,15,0.0003,0.0011,0.0250,0.0000,0.0000,0.0000,1.0000,4.960,,,,,,,
119,Right,16,0.0150,-0.0060,0.0348,0.0000,0.0000,0.0000,1.0000,4.960,,,,,,,
119,Right,17,0.0025,-0.0005,0.0539,0.0932,0.1235,-0.0582,0.9862,4.960,,,,,,,
119,Right,18,0.0000,0.0000,0.0390,0.0805,0.0003,-0.0354,0.9961,4.960,,,,,,,
119,Right,19,0.0000,0.0000,0.0266,0.0303,-0.0294,-0.0061,0.9991,4.960,,,,,,,
119,Right,20,0.0003,0.0016,0.0243,0.0000,0.0000,0.0000,1.0000,4.960,,,,,,,
119,Right,21,0.0230,-0.0094,0.0341,0.0183,0.1403,-0.2070,0.9680,4.960,,,,,,,
119,Right,22,0.0000,0.0000,0.0457,-0.0414,0.0314,0.0960,0.9940,4.960,,,,,,,
119,Right,23,0.0000,0.0000,0.0307,0.1492,0.0361,-0.0514,0.9868,4.960,,,,,,,
119,Right,24,0.0000,0.0000,0.0203,-0.0030,-0.0492,0.0007,0.9988,4.960,,,,,,,
119,Right,25,-0.0002,0.0012,0.0219,0.0000,0.0000,0.0000,1.0000,4.960,,,,,,,
120,Left,0,0.0018,-0.0057,0.0655,0.0000,0.0000,0.0000,1.0000,5.001,,,,,,,
120,Left,1,0.0000,0.0000,0.0000,0.0000,0.0000,0.0000,1.0000,5.001,-0.4033,0.4740,0.0052,-0.7282,0.5348,-0.2094,-0.3739
120,Left,2,0.0266,-0.0207,0.0367,-0.0097,0.3231,-0.6509,0.6869,5.001,,,,,,,
120,Left,3,0.0000,0.0000,0.0325,0.3052,-0.0414,0.0799,0.9480,5.001,,,,,,,
120,Left,4,0.0000,0.0000,0.0338,0.2457,0.0382,-0.0741,0.9657,5.001,,,,,,,
120,Left,5,-0.0007,0.0010,0.0246,0.0000,0.0000,0.0000,1.0000,5.001,,,,,,,
120,Left,6,0.0180,-0.0118,0.0375,0.0000,0.0000,0.0000,1.0000,5.001,,,,,,,
120,Left,7,0.0056,0.0045,0.0585,0.5115,-0.1142,0.0117,0.8516,5.001,,,,,,,
120,Left,8,0.0000,0.0000,0.0379,0.7345,0.0141,0.0213,0.6781,5.001,,,,,,,
120,Left,9,0.0000,0.0000,0.0243,0.5700,-0.0120,0.0163,0.8214,5.001,,,,,,,
120,Left,10,-0.0003,0.0010,0.0224,0.0000,0.0000,0.0000,1.0000,5.001,,,,,,,
120,Left,11,0.0018,-0.0088,0.0354,0.0000,0.0000,0.0000,1.0000,5.001,,,,,,,
120,Left,12,-0.0001,0.0063,0.0603,0.5991,-0.1056,0.0804,0.7896,5.001,,,,,,,
120,Left,13,0.0000,0.0000,0.0429,0.7097,0.0049,0.0125,0.7044,5.001,,,,,,,
120,Left,14,0.0000,0.0000,0.0276,0.5770,0.0247,0.0921,0.8111,5.001,,,,,,,
120,Left,15,-0.0003,0.0011,0.0250,0.0000,0.0000,0.0000,1.0000,5.001,,,,,,,
120,Left,16,-0.0150,-0.0060,0.0348,0.0000,0.0000,0.0000,1.0000,5.001,,,,,,,
120,Left,17,-0.0025,-0.0005,0.0539,0.6189,-0.0699,0.1109,0.7745,5.001,,,,,,,
120,Left,18,0.0000,0.0000,0.0390,0.7132,0.0218,0.0415,0.6994,5.001,,,,,,,
120,Left,19,0.0000,0.0000,0.0266,0.6211,0.0258,0.0328,0.7826,5.001,,,,,,,
120,Left,20,-0.0003,0.0016,0.0243,0.0000,0.0000,0.0000,1.0000,5.001,,,,,,,
120,Left,21,-0.0230,-0.0094,0.0341,0.0183,-0.1403,0.2070,0.9680,5.001,,,,,,,
120,Left,22,0.0000,0.0000,0.0457,0.5767,-0.0311,-0.0631,0.8139,5.001,,,,,,,
120,Left,23,0.0000,0.0000,0.0307,0.6681,-0.0054,0.0874,0.7389,5.001,,,,,,,
120,Left,24,0.0000,0.0000,0.0203,0.6359,0.0375,-0.0028,0.7708,5.001,,,,,,,
120,Left,25,0.0002,0.0012,0.0219,0.0000,0.0000,0.0000,1.0000,5.001,,,,,,,
120,Right,0,-0.0029,-0.0049,0.0648,0.0000,0.0000,0.0000,1.0000,5.001,,,,,,,
120,Right,1,0.0000,0.0000,0.0000,0.0000,0.0000,0.0000,1.0000,5.001,0.0059,0.1091,0.0459,0.5721,-0.0715,-0.1445,0.8042
120,Right,2,-0.0310,-0.0146,0.0338,-0.1558,-0.3139,0.5272,0.7741,5.001,,,,,,,
120,Right,3,0.0000,0.0000,0.0325,0.2620,0.0459,-0.0809,0.9606,5.001,,,,,,,
120,Right,4,0.0000,0.0000,0.0338,0.1343,-0.0487,0.0785,0.9866,5.001,,,,,,,
120,Right,5,0.0007,0.0010,0.0246,0.0000,0.0000,0.0000,1.0000,5.001,,,,,,,
120,Right,6,-0.0202,-0.0088,0.0361,0.0000,0.0000,0.0000,1.0000,5.001,,,,,,,
120,Right,7,-0.0033,0.0015,0.0599,0.0224,0.0652,0.0318,0.9971,5.001,,,,,,,
120,Right,8,0.0000,0.0000,0.0379,0.0997,0.0046,-0.0262,0.9947,5.001,,,,,,,
120,Right,9,0.0000,0.0000,0.0243,0.0425,0.0253,-0.0166,0.9986,5.001,,,,,,,
120,Right,10,0.0003,0.0010,0.0224,0.0000,0.0000,0.0000,1.0000,5.001,,,,,,,
120,Right,11,-0.0040,-0.0073,0.0339,0.0000,0.0000,0.0000,1.0000,5.001,,,,,,,
120,Right,12,0.0023,0.0047,0.0617,0.1164,0.1001,-0.0156,0.9880,5.001,,,,,,,
120,Right,13,0.0000,0.0000,0.0429,0.0785,0.0035,-0.0117,0.9968,5.001,,,,,,,
120,Right,14,0.0000,0.0000,0.0275,-0.0115,0.0011,-0.0425,0.9990,5.001,,,,,,,
120,Right,15,0.0003,0.0011,0.0250,0.0000,0.0000,0.0000,1.0000,5.001,,,,,,,
120,Right,16,0.0150,-0.0060,0.0348,0.0000,0.0000,0.0000,1.0000,5.001,,,,,,,
120,Right,17,0.0025,-0.0005,0.0539,0.0920,0.1243,-0.0581,0.9863,5.001,,,,,,,
120,Right,18,0.0000,0.0000,0.0390,0.0812,0.0003,-0.0354,0.9961,5.001,,,,,,,
120,Right,19,0.0000,0.0000,0.0266,0.0297,-0.0294,-0.0060,0.9991,5.001,,,,,,,
120,Right,20,0.0003,0.0016,0.0243,0.0000,0.0000,0.0000,1.0000,5.001,,,,,,,
120,Right,21,0.0230,-0.0094,0.0341,0.0183,0.1403,-0.2070,0.9680,5.001,,,,,,,
120,Right,22,0.0000,0.0000,0.0457,-0.0423,0.0326,0.0961,0.9939,5.001,,,,,,,
120,Right,23,0.0000,0.0000,0.0307,0.1494,0.0361,-0.0515,0.9868,5.001,,,,,,,
120,Right,24,0.0000,0.0000,0.0203,-0.0036,-0.0492,0.0007,0.9988,5.001,,,,,,,
120,Right,25,-0.0002,0.0012,0.0219,0.0000,0.0000,0.0000,1.0000,5.001,,,,,,,
121,Left,0,0.0017,-0.0057,0.0655,0.0000,0.0000,0.0000,1.0000,5.043,,,,,,,
121,Left,1,0.0000,0.0000,0.0000,0.0000,0.0000,0.0000,1.0000,5.043,-0.4037,0.4742,0.0053,-0.7302,0.5481,-0.1788,-0.3666
121,Left,2,0.0262,-0.0210,0.0368,-0.0001,0.3236,-0.6570,0.6809,5.043,,,,,,,
121,Left,3,0.0000,0.0000,0.0325,0.3051,-0.0414,0.0799,0.9481,5.043,,,,,,,
121,Left,4,0.0000,0.0000,0.0338,0.2462,0.0382,-0.0741,0.9656,5.043,,,,,,,
121,Left,5,-0.0007,0.0010,0.0246,0.0000,0.0000,0.0000,1.0000,5.043,,,,,,,
121,Left,6,0.0178,-0.0120,0.0376,0.0000,0.0000,0.0000,1.0000,5.043,,,,,,,
121,Left,7,0.0057,0.0047,0.0584,0.5121,-0.1148,0.0121,0.8512,5.043,,,,,,,
121,Left,8,0.0000,0.0000,0.0379,0.7346,0.0141,0.0213,0.6780,5.043,,,,,,,
121,Left,9,0.0000,0.0000,0.0243,0.5708,-0.0120,0.0163,0.8208,5.043,,,,,,,
121,Left,10,-0.0003,0.0010,0.0224,0.0000,0.0000,0.0000,1.0000,5.043,,,,,,,
121,Left,11,0.0016,-0.0089,0.0354,0.0000,0.0000,0.0000,1.0000,5.043,,,,,,,
121,Left,12,0.0001,0.0063,0.0602,0.6001,-0.1055,0.0805,0.7888,5.043,,,,,,,
121,Left,13,0.0000,0.0000,0.0429,0.7093,0.0049,0.0125,0.7048,5.043,,,,,,,
121,Left,14,0.0000,0.0000,0.0276,0.5774,0.0248,0.0921,0.8109,5.043,,,,,,,
121,Left,15,-0.0003,0.0011,0.0250,0.0000,0.0000,0.0000,1.0000,5.043,,,,,,,
121,Left,16,-0.0150,-0.0060,0.0348,0.0000,0.0000,0.0000,1.0000,5.043,,,,,,,
121,Left,17,-0.0025,-0.0005,0.0539,0.6189,-0.0703,0.1112,0.7744,5.043,,,,,,,
121,Left,18,0.0000,0.0000,0.0390,0.7128,0.0218,0.0415,0.6998,5.043,,,,,,,
121,Left,19,0.0000,0.0000,0.0266,0.6216,0.0258,0.0328,0.7822,5.043,,,,,,,
121,Left,20,-0.0003,0.0016,0.0243,0.0000,0.0000,0.0000,1.0000,5.043,,,,,,,
121,Left,21,-0.0230,-0.0094,0.0341,0.0183,-0.1403,0.2070,0.9680,5.043,,,,,,,
121,Left,22,0.0000,0.0000,0.0457,0.5762,-0.0313,-0.0629,0.8142,5.043,,,,,,,
121,Left,23,0.0000,0.0000,0.0307,0.6684,-0.0054,0.0874,0.7386,5.043,,,,,,,
121,Left,24,0.0000,0.0000,0.0203,0.6362,0.0375,-0.0028,0.7706,5.043,,,,,,,
121,Left,25,0.0002,0.0012,0.0219,0.0000,0.0000,0.0000,1.0000,5.043,,,,,,,
121,Right,0,-0.0028,-0.0050,0.0648,0.0000,0.0000,0.0000,1.0000,5.043,,,,,,,
121,Right,1,0.0000,0.0000,0.0000,0.0000,0.0000,0.0000,1.0000,5.043,0.0033,0.1079,0.0461,0.5699,-0.0692,-0.1436,0.8061
121,Right,2,-0.0308,-0.0149,0.0339,-0.1510,-0.3123,0.5331,0.7717,5.043,,,,,,,
121,Right,3,0.0000,0.0000,0.0325,0.2613,0.0460,-0.0809,0.9608,5.043,,,,,,,
121,Right,4,0.0000,0.0000,0.0338,0.1286,-0.0492,0.0787,0.9873,5.043,,,,,,,
121,Right,5,0.0007,0.0010,0.0246,0.0000,0.0000,0.0000,1.0000,5.043,,,,,,,
121,Right,6,-0.0201,-0.0089,0.0362,0.0000,0.0000,0.0000,1.0000,5.043,,,,,,,
121,Right,7,-0.0034,0.0016,0.0598,0.0261,0.0650,0.0317,0.9970,5.043,,,,,,,
121,Right,8,0.0000,0.0000,0.0379,0.0991,0.0046,-0.0262,0.9947,5.043,,,,,,,
121,Right,9,0.0000,0.0000,0.0243,0.0411,0.0253,-0.0166,0.9987,5.043,,,,,,,
121,Right,10,0.0003,0.0010,0.0224,0.0000,0.0000,0.0000,1.0000,5.043,,,,,,,
121,Right,11,-0.0039,-0.0074,0.0340,0.0000,0.0000,0.0000,1.0000,5.043,,,,,,,
121,Right,12,0.0022,0.0048,0.0616,0.1158,0.1006,-0.0156,0.9880,5.043,,,,,,,
121,Right,13,0.0000,0.0000,0.0429,0.0786,0.0035,-0.0117,0.9968,5.043,,,,,,,
121,Right,14,0.0000,0.0000,0.0275,-0.0124,0.0011,-0.0424,0.9990,5.043,,,,,,,
121,Right,15,0.0003,0.0011,0.0250,0.0000,0.0000,0.0000,1.0000,5.043,,,,,,,
121,Right,16,0.0150,-0.0060,0.0348,0.0000,0.0000,0.0000,1.0000,5.043,,,,,,,
121,Right,17,0.0025,-0.0005,0.0539,0.0910,0.1254,-0.0580,0.9862,5.043,,,,,,,
121,Right,18,0.0000,0.0000,0.0390,0.0819,0.0002,-0.0354,0.9960,5.043,,,,,,,
121,Right,19,0.0000,0.0000,0.0266,0.0291,-0.0294,-0.0060,0.9991,5.043,,,,,,,
121,Right,20,0.0003,0.0016,0.0243,0.0000,0.0000,0.0000,1.0000,5.043,,,,,,,
121,Right,21,0.0230,-0.0094,0.0341,0.0183,0.1403,-0.2070,0.9680,5.043,,,,,,,
121,Right,22,0.0000,0.0000,0.0457,-0.0429,0.0338,0.0962,0.9939,5.043,,,,,,,
121,Right,23,0.0000,0.0000,0.0307,0.1497,0.0361,-0.0515,0.9867,5.043,,,,,,,
121,Right,24,0.0000,0.0000,0.0203,-0.0041,-0.0492,0.0007,0.9988,5.043,,,,,,,
121,Right,25,-0.0002,0.0012,0.0219,0.0000,0.0000,0.0000,1.0000,5.043,,,,,,,
122,Left,0,0.0016,-0.0057,0.0656,0.0000,0.0000,0.0000,1.0000,5.085,,,,,,,
122,Left,1,0.0000,0.0000,0.0000,0.0000,0.0000,0.0000,1.0000,5.085,-0.4042,0.4740,0.0055,-0.7400,0.5529,-0.1531,-0.3511
122,Left,2,0.0261,-0.0212,0.0369,0.0055,0.3249,-0.6599,0.6774,5.085,,,,,,,
122,Left,3,0.0000,0.0000,0.0325,0.3052,-0.0414,0.0799,0.9480,5.085,,,,,,,
122,Left,4,0.0000,0.0000,0.0338,0.2470,0.0381,-0.0741,0.9654,5.085,,,,,,,
122,Left,5,-0.0007,0.0010,0.0246,0.0000,0.0000,0.0000,1.0000,5.085,,,,,,,
122,Left,6,0.0178,-0.0120,0.0376,0.0000,0.0000,0.0000,1.0000,5.085,,,,,,,
122,Left,7,0.0058,0.0047,0.0584,0.5129,-0.1149,0.0123,0.8506,5.085,,,,,,,
122,Left,8,0.0000,0.0000,0.0379,0.7348,0.0141,0.0213,0.6778,5.085,,,,,,,
122,Left,9,0.0000,0.0000,0.0243,0.5717,-0.0120,0.0163,0.8202,5.085,,,,,,,
122,Left,10,-0.0003,0.0010,0.0224,0.0000,0.0000,0.0000,1.0000,5.085,,,,,,,
122,Left,11,0.0015,-0.0089,0.0355,0.0000,0.0000,0.0000,1.0000,5.085,,,,,,,
122,Left,12,0.0002,0.0064,0.0602,0.6011,-0.1055,0.0808,0.7881,5.085,,,,,,,
122,Left,13,0.0000,0.0000,0.0429,0.7087,0.0049,0.0125,0.7053,5.085,,,,,,,
122,Left,14,0.0000,0.0000,0.0276,0.5776,0.0248,0.0921,0.8107,5.085,,,,,,,
122,Left,15,-0.0003,0.0011,0.0250,0.0000,0.0000,0.0000,1.0000,5.085,,,,,,,
122,Left,16,-0.0150,-0.0060,0.0348,0.0000,0.0000,0.0000,1.0000,5.085,,,,,,,
122,Left,17,-0.0025,-0.0005,0.0539,0.6193,-0.0703,0.1112,0.7741,5.085,,,,,,,
122,Left,18,0.0000,0.0000,0.0390,0.7121,0.0218,0.0415,0.7005,5.085,,,,,,,
122,Left,19,0.0000,0.0000,0.0266,0.6215,0.0258,0.0328,0.7823,5.085,,,,,,,
122,Left,20,-0.0003,0.0016,0.0243,0.0000,0.0000,0.0000,1.0000,5.085,,,,,,,
122,Left,21,-0.0230,-0.0094,0.0341,0.0183,-0.1403,0.2070,0.9680,5.085,,,,,,,
122,Left,22,0.0000,0.0000,0.0457,0.5757,-0.0313,-0.0629,0.8146,5.085,,,,,,,
122,Left,23,0.0000,0.0000,0.0307,0.6685,-0.0054,0.0874,0.7385,5.085,,,,,,,
122,Left,24,0.0000,0.0000,0.0203,0.6364,0.0375,-0.0028,0.7704,5.085,,,,,,,
122,Left,25,0.0002,0.0012,0.0219,0.0000,0.0000,0.0000,1.0000,5.085,,,,,,,
122,Right,0,-0.0028,-0.0050,0.0648,0.0000,0.0000,0.0000,1.0000,5.085,,,,,,,
122,Right,1,0.0000,0.0000,0.0000,0.0000,0.0000,0.0000,1.0000,5.085,0.0015,0.1068,0.0474,0.5699,-0.0683,-0.1411,0.8067
122,Right,2,-0.0308,-0.0151,0.0340,-0.1486,-0.3113,0.5361,0.7704,5.085,,,,,,,
122,Right,3,0.0000,0.0000,0.0325,0.2610,0.0460,-0.0809,0.9609,5.085,,,,,,,
122,Right,4,0.0000,0.0000,0.0338,0.1180,-0.0502,0.0790,0.9886,5.085,,,,,,,
122,Right,5,0.0007,0.0010,0.0246,0.0000,0.0000,0.0000,1.0000,5.085,,,,,,,
122,Right,6,-0.0201,-0.0090,0.0362,0.0000,0.0000,0.0000,1.0000,5.085,,,,,,,
122,Right,7,-0.0035,0.0017,0.0598,0.0274,0.0650,0.0317,0.9970,5.085,,,,,,,
122,Right,8,0.0000,0.0000,0.0379,0.0983,0.0046,-0.0262,0.9948,5.085,,,,,,,
122,Right,9,0.0000,0.0000,0.0243,0.0397,0.0254,-0.0166,0.9988,5.085,,,,,,,
122,Right,10,0.0003,0.0010,0.0224,0.0000,0.0000,0.0000,1.0000,5.085,,,,,,,
122,Right,11,-0.0039,-0.0074,0.0340,0.0000,0.0000,0.0000,1.0000,5.085,,,,,,,
122,Right,12,0.0022,0.0049,0.0616,0.1152,0.1011,-0.0156,0.9881,5.085,,,,,,,
122,Right,13,0.0000,0.0000,0.0429,0.0784,0.0035,-0.0117,0.9968,5.085,,,,,,,
122,Right,14,0.0000,0.0000,0.0275,-0.0132,0.0011,-0.0423,0.9990,5.085,,,,,,,
122,Right,15,0.0003,0.0011,0.0250,0.0000,0.0000,0.0000,1.0000,5.085,,,,,,,
122,Right,16,0.0150,-0.0060,0.0348,0.0000,0.0000,0.0000,1.0000,5.085,,,,,,,
122,Right,17,0.0025,-0.0005,0.0539,0.0898,0.1265,-0.0579,0.9862,5.085,,,,,,,
122,Right,18,0.0000,0.0000,0.0390,0.0823,0.0002,-0.0355,0.9960,5.085,,,,,,,
122,Right,19,0.0000,0.0000,0.0266,0.0286,-0.0294,-0.0060,0.9991,5.085,,,,,,,
122,Right,20,0.0003,0.0016,0.0243,0.0000,0.0000,0.0000,1.0000,5.085,,,,,,,
122,Right,21,0.0230,-0.0094,0.0341,0.0183,0.1403,-0.2070,0.9680,5.085,,,,,,,
122,Right,22,0.0000,0.0000,0.0457,-0.0439,0.0351,0.0964,0.9938,5.085,,,,,,,
122,Right,23,0.0000,0.0000,0.0307,0.1495,0.0361,-0.0515,0.9868,5.085,,,,,,,
122,Right,24,0.0000,0.0000,0.0203,-0.0046,-0.0492,0.0007,0.9988,5.085,,,,,,,
122,Right,25,-0.0002,0.0012,0.0219,0.0000,0.0000,0.0000,1.0000,5.085,,,,,,,
123,Left,0,0.0016,-0.0057,0.0656,0.0000,0.0000,0.0000,1.0000,5.126,,,,,,,
123,Left,1,0.0000,0.0000,0.0000,0.0000,0.0000,0.0000,1.0000,5.126,-0.4039,0.4736,0.0114,-0.7390,0.5575,-0.1406,-0.3512
123,Left,2,0.0261,-0.0212,0.0369,0.0038,0.3237,-0.6595,0.6784,5.126,,,,,,,
123,Left,3,0.0000,0.0000,0.0325,0.3106,-0.0408,0.0798,0.9463,5.126,,,,,,,
123,Left,4,0.0000,0.0000,0.0338,0.2531,0.0375,-0.0738,0.9639,5.126,,,,,,,
123,Left,5,-0.0007,0.0010,0.0246,0.0000,0.0000,0.0000,1.0000,5.126,,,,,,,
123,Left,6,0.0178,-0.0120,0.0376,0.0000,0.0000,0.0000,1.0000,5.126,,,,,,,
123,Left,7,0.0058,0.0047,0.0584,0.5150,-0.1148,0.0125,0.8494,5.126,,,,,,,
123,Left,8,0.0000,0.0000,0.0379,0.7330,0.0140,0.0214,0.6798,5.126,,,,,,,
123,Left,9,0.0000,0.0000,0.0243,0.5710,-0.0120,0.0163,0.8207,5.126,,,,,,,
123,Left,10,-0.0003,0.0010,0.0224,0.0000,0.0000,0.0000,1.0000,5.126,,,,,,,
123,Left,11,0.0016,-0.0089,0.0355,0.0000,0.0000,0.0000,1.0000,5.126,,,,,,,
123,Left,12,0.0002,0.0064,0.0602,0.6128,-0.1051,0.0829,0.7789,5.126,,,,,,,
123,Left,13,0.0000,0.0000,0.0429,0.7078,0.0049,0.0125,0.7063,5.126,,,,,,,
123,Left,14,0.0000,0.0000,0.0275,0.5779,0.0248,0.0921,0.8105,5.126,,,,,,,
123,Left,15,-0.0003,0.0011,0.0250,0.0000,0.0000,0.0000,1.0000,5.126,,,,,,,
123,Left,16,-0.0150,-0.0060,0.0348,0.0000,0.0000,0.0000,1.0000,5.126,,,,,,,
123,Left,17,-0.0025,-0.0005,0.0539,0.6196,-0.0714,0.1121,0.7735,5.126,,,,,,,
123,Left,18,0.0000,0.0000,0.0390,0.7115,0.0217,0.0415,0.7012,5.126,,,,,,,
123,Left,19,0.0000,0.0000,0.0266,0.6211,0.0258,0.0328,0.7827,5.126,,,,,,,
123,Left,20,-0.0003,0.0016,0.0243,0.0000,0.0000,0.0000,1.0000,5.126,,,,,,,
123,Left,21,-0.0230,-0.0094,0.0341,0.0183,-0.1403,0.2070,0.9680,5.126,,,,,,,
123,Left,22,0.0000,0.0000,0.0457,0.5747,-0.0320,-0.0625,0.8153,5.126,,,,,,,
123,Left,23,0.0000,0.0000,0.0307,0.6692,-0.0054,0.0874,0.7379,5.126,,,,,,,
123,Left,24,0.0000,0.0000,0.0203,0.6367,0.0375,-0.0028,0.7702,5.126,,,,,,,
123,Left,25,0.0002,0.0012,0.0219,0.0000,0.0000,0.0000,1.0000,5.126,,,,,,,
123,Right,0,-0.0028,-0.0050,0.0649,0.0000,0.0000,0.0000,1.0000,5.126,,,,,,,
123,Right,1,0.0000,0.0000,0.0000,0.0000,0.0000,0.0000,1.0000,5.126,0.0008,0.1059,0.0488,0.5709,-0.0725,-0.1357,0.8065
123,Right,2,-0.0307,-0.0152,0.0341,-0.1476,-0.3110,0.5373,0.7699,5.126,,,,,,,
123,Right,3,0.0000,0.0000,0.0325,0.2614,0.0460,-0.0809,0.9607,5.126,,,,,,,
123,Right,4,0.0000,0.0000,0.0338,0.1165,-0.0503,0.0791,0.9888,5.126,,,,,,,
123,Right,5,0.0007,0.0010,0.0246,0.0000,0.0000,0.0000,1.0000,5.126,,,,,,,
123,Right,6,-0.0201,-0.0090,0.0362,0.0000,0.0000,0.0000,1.0000,5.126,,,,,,,
123,Right,7,-0.0035,0.0017,0.0598,0.0284,0.0661,0.0317,0.9969,5.126,,,,,,,
123,Right,8,0.0000,0.0000,0.0379,0.0975,0.0046,-0.0262,0.9949,5.126,,,,,,,
123,Right,9,0.0000,0.0000,0.0243,0.0385,0.0254,-0.0166,0.9988,5.126,,,,,,,
123,Right,10,0.0003,0.0010,0.0224,0.0000,0.0000,0.0000,1.0000,5.126,,,,,,,
123,Right,11,-0.0039,-0.0074,0.0341,0.0000,0.0000,0.0000,1.0000,5.126,,,,,,,
123,Right,12,0.0021,0.0049,0.0616,0.1144,0.1020,-0.0155,0.9881,5.126,,,,,,,
123,Right,13,0.0000,0.0000,0.0429,0.0779,0.0035,-0.0117,0.9969,5.126,,,,,,,
123,Right,14,0.0000,0.0000,0.0275,-0.0141,0.0012,-0.0422,0.9990,5.126,,,,,,,
123,Right,15,0.0003,0.0011,0.0250,0.0000,0.0000,0.0000,1.0000,5.126,,,,,,,
123,Right,16,0.0150,-0.0060,0.0348,0.0000,0.0000,0.0000,1.0000,5.126,,,,,,,
123,Right,17,0.0025,-0.0005,0.0539,0.0877,0.1272,-0.0577,0.9863,5.126,,,,,,,
123,Right,18,0.0000,0.0000,0.0390,0.0825,0.0002,-0.0355,0.9960,5.126,,,,,,,
123,Right,19,0.0000,0.0000,0.0266,0.0283,-0.0294,-0.0060,0.9991,5.126,,,,,,,
123,Right,20,0.0003,0.0016,0.0243,0.0000,0.0000,0.0000,1.0000,5.126,,,,,,,
123,Right,21,0.0230,-0.0094,0.0341,0.0183,0.1403,-0.2070,0.9680,5.126,,,,,,,
123,Right,22,0.0000,0.0000,0.0457,-0.0443,0.0353,0.0964,0.9937,5.126,,,,,,,
123,Right,23,0.0000,0.0000,0.0307,0.1498,0.0361,-0.0515,0.9867,5.126,,,,,,,
123,Right,24,0.0000,0.0000,0.0203,-0.0045,-0.0492,0.0007,0.9988,5.126,,,,,,,
123,Right,25,-0.0002,0.0012,0.0219,0.0000,0.0000,0.0000,1.0000,5.126,,,,,,,
124,Left,0,0.0016,-0.0057,0.0656,0.0000,0.0000,0.0000,1.0000,5.168,,,,,,,
124,Left,1,0.0000,0.0000,0.0000,0.0000,0.0000,0.0000,1.0000,5.168,-0.4047,0.4735,0.0093,-0.7453,0.5546,-0.1334,-0.3451
124,Left,2,0.0261,-0.0211,0.0368,0.0027,0.3235,-0.6589,0.6791,5.168,,,,,,,
124,Left,3,0.0000,0.0000,0.0325,0.3112,-0.0408,0.0797,0.9461,5.168,,,,,,,
124,Left,4,0.0000,0.0000,0.0338,0.2533,0.0375,-0.0738,0.9638,5.168,,,,,,,
124,Left,5,-0.0007,0.0010,0.0246,0.0000,0.0000,0.0000,1.0000,5.168,,,,,,,
124,Left,6,0.0178,-0.0120,0.0376,0.0000,0.0000,0.0000,1.0000,5.168,,,,,,,
124,Left,7,0.0058,0.0047,0.0584,0.5150,-0.1156,0.0129,0.8492,5.168,,,,,,,
124,Left,8,0.0000,0.0000,0.0379,0.7332,0.0141,0.0214,0.6795,5.168,,,,,,,
124,Left,9,0.0000,0.0000,0.0243,0.5711,-0.0120,0.0163,0.8207,5.168,,,,,,,
124,Left,10,-0.0003,0.0010,0.0224,0.0000,0.0000,0.0000,1.0000,5.168,,,,,,,
124,Left,11,0.0016,-0.0089,0.0355,0.0000,0.0000,0.0000,1.0000,5.168,,,,,,,
124,Left,12,0.0002,0.0064,0.0602,0.6136,-0.1038,0.0821,0.7784,5.168,,,,,,,
124,Left,13,0.0000,0.0000,0.0429,0.7038,0.0048,0.0125,0.7102,5.168,,,,,,,
124,Left,14,0.0000,0.0000,0.0276,0.5781,0.0248,0.0921,0.8103,5.168,,,,,,,
124,Left,15,-0.0003,0.0011,0.0250,0.0000,0.0000,0.0000,1.0000,5.168,,,,,,,
124,Left,16,-0.0150,-0.0060,0.0348,0.0000,0.0000,0.0000,1.0000,5.168,,,,,,,
124,Left,17,-0.0025,-0.0005,0.0539,0.6240,-0.0701,0.1120,0.7702,5.168,,,,,,,
124,Left,18,0.0000,0.0000,0.0390,0.7108,0.0217,0.0415,0.7018,5.168,,,,,,,
124,Left,19,0.0000,0.0000,0.0266,0.6203,0.0259,0.0327,0.7833,5.168,,,,,,,
124,Left,20,-0.0003,0.0016,0.0243,0.0000,0.0000,0.0000,1.0000,5.168,,,,,,,
124,Left,21,-0.0230,-0.0094,0.0341,0.0183,-0.1403,0.2070,0.9680,5.168,,,,,,,
124,Left,22,0.0000,0.0000,0.0457,0.5853,-0.0316,-0.0627,0.8078,5.168,,,,,,,
124,Left,23,0.0000,0.0000,0.0307,0.6690,-0.0054,0.0874,0.7381,5.168,,,,,,,
124,Left,24,0.0000,0.0000,0.0203,0.6369,0.0374,-0.0028,0.7701,5.168,,,,,,,
124,Left,25,0.0002,0.0012,0.0219,0.0000,0.0000,0.0000,1.0000,5.168,,,,,,,
124,Right,0,-0.0028,-0.0050,0.0649,0.0000,0.0000,0.0000,1.0000,5.168,,,,,,,
124,Right,1,0.0000,0.0000,0.0000,0.0000,0.0000,0.0000,1.0000,5.168,0.0004,0.1047,0.0495,0.5735,-0.0741,-0.1320,0.8051
124,Right,2,-0.0307,-0.0152,0.0341,-0.1473,-0.3100,0.5381,0.7698,5.168,,,,,,,
124,Right,3,0.0000,0.0000,0.0325,0.2615,0.0460,-0.0809,0.9607,5.168,,,,,,,
124,Right,4,0.0000,0.0000,0.0338,0.1158,-0.0504,0.0791,0.9888,5.168,,,,,,,
124,Right,5,0.0007,0.0010,0.0246,0.0000,0.0000,0.0000,1.0000,5.168,,,,,,,
124,Right,6,-0.0201,-0.0091,0.0362,0.0000,0.0000,0.0000,1.0000,5.168,,,,,,,
124,Right,7,-0.0035,0.0018,0.0598,0.0285,0.0663,0.0317,0.9969,5.168,,,,,,,
124,Right,8,0.0000,0.0000,0.0379,0.0968,0.0047,-0.0262,0.9949,5.168,,,,,,,
124,Right,9,0.0000,0.0000,0.0243,0.0375,0.0254,-0.0166,0.9988,5.168,,,,,,,
124,Right,10,0.0003,0.0010,0.0224,0.0000,0.0000,0.0000,1.0000,5.168,,,,,,,
124,Right,11,-0.0038,-0.0074,0.0341,0.0000,0.0000,0.0000,1.0000,5.168,,,,,,,
124,Right,12,0.0021,0.0049,0.0616,0.1128,0.1026,-0.0154,0.9882,5.168,,,,,,,
124,Right,13,0.0000,0.0000,0.0429,0.0777,0.0035,-0.0117,0.9969,5.168,,,,,,,
124,Right,14,0.0000,0.0000,0.0275,-0.0145,0.0012,-0.0422,0.9990,5.168,,,,,,,
124,Right,15,0.0003,0.0011,0.0250,0.0000,0.0000,0.0000,1.0000,5.168,,,,,,,
124,Right,16,0.0150,-0.0060,0.0348,0.0000,0.0000,0.0000,1.0000,5.168,,,,,,,
124,Right,17,0.0025,-0.0005,0.0539,0.0864,0.1280,-0.0575,0.9863,5.168,,,,,,,
124,Right,18,0.0000,0.0000,0.0390,0.0831,0.0002,-0.0355,0.9959,5.168,,,,,,,
124,Right,19,0.0000,0.0000,0.0266,0.0280,-0.0294,-0.0060,0.9992,5.168,,,,,,,
124,Right,20,0.0003,0.0016,0.0243,0.0000,0.0000,0.0000,1.0000,5.168,,,,,,,
124,Right,21,0.0230,-0.0094,0.0341,0.0183,0.1403,-0.2070,0.9680,5.168,,,,,,,
124,Right,22,0.0000,0.0000,0.0457,-0.0453,0.0353,0.0965,0.9937,5.168,,,,,,,
124,Right,23,0.0000,0.0000,0.0307,0.1505,0.0361,-0.0515,0.9866,5.168,,,,,,,
124,Right,24,0.0000,0.0000,0.0203,-0.0045,-0.0492,0.0007,0.9988,5.168,,,,,,,
124,Right,25,-0.0002,0.0012,0.0219,0.0000,0.0000,0.0000,1.0000,5.168,,,,,,,
125,Left,0,0.0016,-0.0057,0.0656,0.0000,0.0000,0.0000,1.0000,5.210,,,,,,,
125,Left,1,0.0000,0.0000,0.0000,0.0000,0.0000,0.0000,1.0000,5.210,-0.4054,0.4735,0.0100,-0.7434,0.5673,-0.1191,-0.3336
125,Left,2,0.0261,-0.0211,0.0368,0.0004,0.3210,-0.6587,0.6805,5.210,,,,,,,
125,Left,3,0.0000,0.0000,0.0325,0.3124,-0.0407,0.0797,0.9457,5.210,,,,,,,
125,Left,4,0.0000,0.0000,0.0338,0.2536,0.0375,-0.0738,0.9638,5.210,,,,,,,
125,Left,5,-0.0007,0.0010,0.0246,0.0000,0.0000,0.0000,1.0000,5.210,,,,,,,
125,Left,6,0.0178,-0.0120,0.0376,0.0000,0.0000,0.0000,1.0000,5.210,,,,,,,
125,Left,7,0.0058,0.0047,0.0584,0.5198,-0.1151,0.0132,0.8464,5.210,,,,,,,
125,Left,8,0.0000,0.0000,0.0379,0.7341,0.0141,0.0213,0.6786,5.210,,,,,,,
125,Left,9,0.0000,0.0000,0.0243,0.5716,-0.0120,0.0163,0.8203,5.210,,,,,,,
125,Left,10,-0.0003,0.0010,0.0224,0.0000,0.0000,0.0000,1.0000,5.210,,,,,,,
125,Left,11,0.0016,-0.0089,0.0355,0.0000,0.0000,0.0000,1.0000,5.210,,,,,,,
125,Left,12,0.0002,0.0064,0.0602,0.6143,-0.1034,0.0819,0.7780,5.210,,,,,,,
125,Left,13,0.0000,0.0000,0.0429,0.7037,0.0048,0.0125,0.7103,5.210,,,,,,,
125,Left,14,0.0000,0.0000,0.0275,0.5783,0.0248,0.0922,0.8102,5.210,,,,,,,
125,Left,15,-0.0003,0.0011,0.0250,0.0000,0.0000,0.0000,1.0000,5.210,,,,,,,
125,Left,16,-0.0150,-0.0060,0.0348,0.0000,0.0000,0.0000,1.0000,5.210,,,,,,,
125,Left,17,-0.0025,-0.0005,0.0539,0.6248,-0.0700,0.1121,0.7695,5.210,,,,,,,
125,Left,18,0.0000,0.0000,0.0390,0.7108,0.0217,0.0415,0.7019,5.210,,,,,,,
125,Left,19,0.0000,0.0000,0.0266,0.6200,0.0259,0.0327,0.7835,5.210,,,,,,,
125,Left,20,-0.0003,0.0016,0.0243,0.0000,0.0000,0.0000,1.0000,5.210,,,,,,,
125,Left,21,-0.0230,-0.0094,0.0341,0.0183,-0.1403,0.2070,0.9680,5.210,,,,,,,
125,Left,22,0.0000,0.0000,0.0457,0.5856,-0.0320,-0.0624,0.8075,5.210,,,,,,,
125,Left,23,0.0000,0.0000,0.0307,0.6695,-0.0053,0.0875,0.7376,5.210,,,,,,,
125,Left,24,0.0000,0.0000,0.0203,0.6370,0.0374,-0.0028,0.7699,5.210,,,,,,,
125,Left,25,0.0002,0.0012,0.0219,0.0000,0.0000,0.0000,1.0000,5.210,,,,,,,
125,Right,0,-0.0028,-0.0050,0.0649,0.0000,0.0000,0.0000,1.0000,5.210,,,,,,,
125,Right,1,0.0000,0.0000,0.0000,0.0000,0.0000,0.0000,1.0000,5.210,-0.0007,0.1030,0.0509,0.5781,-0.0729,-0.1264,0.8028
125,Right,2,-0.0307,-0.0153,0.0341,-0.1467,-0.3091,0.5391,0.7696,5.210,,,,,,,
125,Right,3,0.0000,0.0000,0.0325,0.2620,0.0459,-0.0809,0.9606,5.210,,,,,,,
125,Right,4,0.0000,0.0000,0.0338,0.1158,-0.0504,0.0791,0.9888,5.210,,,,,,,
125,Right,5,0.0007,0.0010,0.0246,0.0000,0.0000,0.0000,1.0000,5.210,,,,,,,
125,Right,6,-0.0200,-0.0091,0.0363,0.0000,0.0000,0.0000,1.0000,5.210,,,,,,,
125,Right,7,-0.0035,0.0018,0.0597,0.0292,0.0668,0.0316,0.9968,5.210,,,,,,,
125,Right,8,0.0000,0.0000,0.0379,0.0962,0.0047,-0.0262,0.9950,5.210,,,,,,,
125,Right,9,0.0000,0.0000,0.0243,0.0368,0.0254,-0.0166,0.9989,5.210,,,,,,,
125,Right,10,0.0003,0.0010,0.0224,0.0000,0.0000,0.0000,1.0000,5.210,,,,,,,
125,Right,11,-0.0038,-0.0074,0.0341,0.0000,0.0000,0.0000,1.0000,5.210,,,,,,,
125,Right,12,0.0021,0.0049,0.0616,0.1118,0.1027,-0.0153,0.9883,5.210,,,,,,,
125,Right,13,0.0000,0.0000,0.0429,0.0771,0.0035,-0.0117,0.9969,5.210,,,,,,,
125,Right,14,0.0000,0.0000,0.0275,-0.0151,0.0012,-0.0421,0.9990,5.210,,,,,,,
125,Right,15,0.0003,0.0011,0.0250,0.0000,0.0000,0.0000,1.0000,5.210,,,,,,,
125,Right,16,0.0150,-0.0060,0.0348,0.0000,0.0000,0.0000,1.0000,5.210,,,,,,,
125,Right,17,0.0025,-0.0005,0.0539,0.0844,0.1277,-0.0573,0.9866,5.210,,,,,,,
125,Right,18,0.0000,0.0000,0.0390,0.0830,0.0002,-0.0355,0.9959,5.210,,,,,,,
125,Right,19,0.0000,0.0000,0.0266,0.0275,-0.0294,-0.0059,0.9992,5.210,,,,,,,
125,Right,20,0.0003,0.0016,0.0243,0.0000,0.0000,0.0000,1.0000,5.210,,,,,,,
125,Right,21,0.0230,-0.0094,0.0341,0.0183,0.1403,-0.2070,0.9680,5.210,,,,,,,
125,Right,22,0.0000,0.0000,0.0457,-0.0464,0.0345,0.0966,0.9936,5.210,,,,,,,
125,Right,23,0.0000,0.0000,0.0307,0.1508,0.0361,-0.0516,0.9866,5.210,,,,,,,
125,Right,24,0.0000,0.0000,0.0203,-0.0044,-0.0492,0.0007,0.9988,5.210,,,,,,,
125,Right,25,-0.0002,0.0012,0.0219,0.0000,0.0000,0.0000,1.0000,5.210,,,,,,,
126,Left,0,0.0017,-0.0057,0.0655,0.0000,0.0000,0.0000,1.0000,5.251,,,,,,,
126,Left,1,0.0000,0.0000,0.0000,0.0000,0.0000,0.0000,1.0000,5.251,-0.4057,0.4738,0.0107,-0.7387,0.5772,-0.1123,-0.3293
126,Left,2,0.0262,-0.0211,0.0368,-0.0047,0.3164,-0.6577,0.6836,5.251,,,,,,,
126,Left,3,0.0000,0.0000,0.0325,0.3153,-0.0403,0.0796,0.9448,5.251,,,,,,,
126,Left,4,0.0000,0.0000,0.0338,0.2543,0.0374,-0.0737,0.9636,5.251,,,,,,,
126,Left,5,-0.0007,0.0010,0.0246,0.0000,0.0000,0.0000,1.0000,5.251,,,,,,,
126,Left,6,0.0178,-0.0120,0.0376,0.0000,0.0000,0.0000,1.0000,5.251,,,,,,,
126,Left,7,0.0058,0.0047,0.0584,0.5278,-0.1146,0.0139,0.8415,5.251,,,,,,,
126,Left,8,0.0000,0.0000,0.0379,0.7342,0.0141,0.0213,0.6784,5.251,,,,,,,
126,Left,9,0.0000,0.0000,0.0243,0.5715,-0.0120,0.0163,0.8203,5.251,,,,,,,
126,Left,10,-0.0003,0.0010,0.0224,0.0000,0.0000,0.0000,1.0000,5.251,,,,,,,
126,Left,11,0.0016,-0.0089,0.0355,0.0000,0.0000,0.0000,1.0000,5.251,,,,,,,
126,Left,12,0.0001,0.0064,0.0602,0.6147,-0.1032,0.0819,0.7777,5.251,,,,,,,
126,Left,13,0.0000,0.0000,0.0429,0.7032,0.0048,0.0125,0.7108,5.251,,,,,,,
126,Left,14,0.0000,0.0000,0.0275,0.5785,0.0248,0.0922,0.8101,5.251,,,,,,,
126,Left,15,-0.0003,0.0011,0.0250,0.0000,0.0000,0.0000,1.0000,5.251,,,,,,,
126,Left,16,-0.0150,-0.0060,0.0348,0.0000,0.0000,0.0000,1.0000,5.251,,,,,,,
126,Left,17,-0.0025,-0.0005,0.0539,0.6251,-0.0699,0.1121,0.7693,5.251,,,,,,,
126,Left,18,0.0000,0.0000,0.0390,0.7103,0.0217,0.0415,0.7023,5.251,,,,,,,
126,Left,19,0.0000,0.0000,0.0266,0.6196,0.0259,0.0327,0.7838,5.251,,,,,,,
126,Left,20,-0.0003,0.0016,0.0243,0.0000,0.0000,0.0000,1.0000,5.251,,,,,,,
126,Left,21,-0.0230,-0.0094,0.0341,0.0183,-0.1403,0.2070,0.9680,5.251,,,,,,,
126,Left,22,0.0000,0.0000,0.0457,0.5854,-0.0321,-0.0623,0.8077,5.251,,,,,,,
126,Left,23,0.0000,0.0000,0.0307,0.6694,-0.0053,0.0874,0.7378,5.251,,,,,,,
126,Left,24,0.0000,0.0000,0.0203,0.6372,0.0374,-0.0028,0.7698,5.251,,,,,,,
126,Left,25,0.0002,0.0012,0.0219,0.0000,0.0000,0.0000,1.0000,5.251,,,,,,,
126,Right,0,-0.0028,-0.0050,0.0649,0.0000,0.0000,0.0000,1.0000,5.251,,,,,,,
126,Right,1,0.0000,0.0000,0.0000,0.0000,0.0000,0.0000,1.0000,5.251,-0.0009,0.1014,0.0506,0.5803,-0.0712,-0.1243,0.8017
126,Right,2,-0.0306,-0.0154,0.0341,-0.1459,-0.3084,0.5403,0.7692,5.251,,,,,,,
126,Right,3,0.0000,0.0000,0.0325,0.2623,0.0459,-0.0809,0.9605,5.251,,,,,,,
126,Right,4,0.0000,0.0000,0.0338,0.1160,-0.0504,0.0791,0.9888,5.251,,,,,,,
126,Right,5,0.0007,0.0010,0.0246,0.0000,0.0000,0.0000,1.0000,5.251,,,,,,,
126,Right,6,-0.0200,-0.0091,0.0363,0.0000,0.0000,0.0000,1.0000,5.251,,,,,,,
126,Right,7,-0.0035,0.0018,0.0597,0.0298,0.0669,0.0316,0.9968,5.251,,,,,,,
126,Right,8,0.0000,0.0000,0.0379,0.0949,0.0047,-0.0262,0.9951,5.251,,,,,,,
126,Right,9,0.0000,0.0000,0.0243,0.0362,0.0254,-0.0166,0.9989,5.251,,,,,,,
126,Right,10,0.0003,0.0010,0.0224,0.0000,0.0000,0.0000,1.0000,5.251,,,,,,,
126,Right,11,-0.0038,-0.0075,0.0341,0.0000,0.0000,0.0000,1.0000,5.251,,,,,,,
126,Right,12,0.0021,0.0049,0.0615,0.1102,0.1030,-0.0152,0.9884,5.251,,,,,,,
126,Right,13,0.0000,0.0000,0.0429,0.0759,0.0035,-0.0117,0.9970,5.251,,,,,,,
126,Right,14,0.0000,0.0000,0.0275,-0.0158,0.0012,-0.0421,0.9990,5.251,,,,,,,
126,Right,15,0.0003,0.0011,0.0250,0.0000,0.0000,0.0000,1.0000,5.251,,,,,,,
126,Right,16,0.0150,-0.0060,0.0348,0.0000,0.0000,0.0000,1.0000,5.251,,,,,,,
126,Right,17,0.0025,-0.0005,0.0539,0.0816,0.1279,-0.0570,0.9868,5.251,,,,,,,
126,Right,18,0.0000,0.0000,0.0390,0.0826,0.0002,-0.0355,0.9960,5.251,,,,,,,
126,Right,19,0.0000,0.0000,0.0266,0.0270,-0.0294,-0.0059,0.9992,5.251,,,,,,,
126,Right,20,0.0003,0.0016,0.0243,0.0000,0.0000,0.0000,1.0000,5.251,,,,,,,
126,Right,21,0.0230,-0.0094,0.0341,0.0183,0.1403,-0.2070,0.9680,5.251,,,,,,,
126,Right,22,0.0000,0.0000,0.0457,-0.0493,0.0334,0.0968,0.9935,5.251,,,,,,,
126,Right,23,0.0000,0.0000,0.0307,0.1501,0.0361,-0.0515,0.9867,5.251,,,,,,,
126,Right,24,0.0000,0.0000,0.0203,-0.0045,-0.0492,0.0007,0.9988,5.251,,,,,,,
126,Right,25,-0.0002,0.0012,0.0219,0.0000,0.0000,0.0000,1.0000,5.251,,,,,,,
127,Left,0,0.0017,-0.0057,0.0655,0.0000,0.0000,0.0000,1.0000,5.293,,,,,,,
127,Left,1,0.0000,0.0000,0.0000,0.0000,0.0000,0.0000,1.0000,5.293,-0.4066,0.4753,0.0068,-0.7327,0.5978,-0.0941,-0.3114
127,Left,2,0.0262,-0.0211,0.0368,-0.0109,0.3108,-0.6565,0.6872,5.293,,,,,,,
127,Left,3,0.0000,0.0000,0.0325,0.3165,-0.0402,0.0796,0.9444,5.293,,,,,,,
127,Left,4,0.0000,0.0000,0.0338,0.2546,0.0374,-0.0737,0.9635,5.293,,,,,,,
127,Left,5,-0.0007,0.0010,0.0246,0.0000,0.0000,0.0000,1.0000,5.293,,,,,,,
127,Left,6,0.0178,-0.0120,0.0376,0.0000,0.0000,0.0000,1.0000,5.293,,,,,,,
127,Left,7,0.0057,0.0047,0.0584,0.5290,-0.1128,0.0130,0.8410,5.293,,,,,,,
127,Left,8,0.0000,0.0000,0.0379,0.7343,0.0141,0.0213,0.6784,5.293,,,,,,,
127,Left,9,0.0000,0.0000,0.0243,0.5709,-0.0120,0.0163,0.8208,5.293,,,,,,,
127,Left,10,-0.0003,0.0010,0.0224,0.0000,0.0000,0.0000,1.0000,5.293,,,,,,,
127,Left,11,0.0016,-0.0089,0.0354,0.0000,0.0000,0.0000,1.0000,5.293,,,,,,,
127,Left,12,0.0001,0.0063,0.0602,0.6153,-0.1020,0.0811,0.7775,5.293,,,,,,,
127,Left,13,0.0000,0.0000,0.0429,0.7020,0.0048,0.0125,0.7121,5.293,,,,,,,
127,Left,14,0.0000,0.0000,0.0276,0.5787,0.0248,0.0922,0.8099,5.293,,,,,,,
127,Left,15,-0.0003,0.0011,0.0250,0.0000,0.0000,0.0000,1.0000,5.293,,,,,,,
127,Left,16,-0.0150,-0.0060,0.0348,0.0000,0.0000,0.0000,1.0000,5.293,,,,,,,
127,Left,17,-0.0025,-0.0005,0.0539,0.6249,-0.0694,0.1117,0.7696,5.293,,,,,,,
127,Left,18,0.0000,0.0000,0.0390,0.7094,0.0217,0.0415,0.7032,5.293,,,,,,,
127,Left,19,0.0000,0.0000,0.0266,0.6186,0.0259,0.0327,0.7846,5.293,,,,,,,
127,Left,20,-0.0003,0.0016,0.0243,0.0000,0.0000,0.0000,1.0000,5.293,,,,,,,
127,Left,21,-0.0230,-0.0094,0.0341,0.0183,-0.1403,0.2070,0.9680,5.293,,,,,,,
127,Left,22,0.0000,0.0000,0.0457,0.5850,-0.0319,-0.0625,0.8080,5.293,,,,,,,
127,Left,23,0.0000,0.0000,0.0307,0.6698,-0.0053,0.0875,0.7374,5.293,,,,,,,
127,Left,24,0.0000,0.0000,0.0203,0.6374,0.0374,-0.0028,0.7697,5.293,,,,,,,
127,Left,25,0.0002,0.0012,0.0219,0.0000,0.0000,0.0000,1.0000,5.293,,,,,,,
127,Right,0,-0.0028,-0.0050,0.0649,0.0000,0.0000,0.0000,1.0000,5.293,,,,,,,
127,Right,1,0.0000,0.0000,0.0000,0.0000,0.0000,0.0000,1.0000,5.293,-0.0019,0.1006,0.0512,0.5823,-0.0714,-0.1201,0.8009
127,Right,2,-0.0306,-0.0154,0.0342,-0.1452,-0.3079,0.5413,0.7689,5.293,,,,,,,
127,Right,3,0.0000,0.0000,0.0325,0.2631,0.0458,-0.0808,0.9603,5.293,,,,,,,
127,Right,4,0.0000,0.0000,0.0338,0.1162,-0.0503,0.0791,0.9888,5.293,,,,,,,
127,Right,5,0.0007,0.0010,0.0246,0.0000,0.0000,0.0000,1.0000,5.293,,,,,,,
127,Right,6,-0.0200,-0.0092,0.0363,0.0000,0.0000,0.0000,1.0000,5.293,,,,,,,
127,Right,7,-0.0035,0.0019,0.0597,0.0302,0.0670,0.0316,0.9968,5.293,,,,,,,
127,Right,8,0.0000,0.0000,0.0379,0.0935,0.0048,-0.0262,0.9953,5.293,,,,,,,
127,Right,9,0.0000,0.0000,0.0243,0.0358,0.0254,-0.0166,0.9989,5.293,,,,,,,
127,Right,10,0.0003,0.0010,0.0224,0.0000,0.0000,0.0000,1.0000,5.293,,,,,,,
127,Right,11,-0.0038,-0.0075,0.0341,0.0000,0.0000,0.0000,1.0000,5.293,,,,,,,
127,Right,12,0.0021,0.0049,0.0615,0.1095,0.1029,-0.0151,0.9885,5.293,,,,,,,
127,Right,13,0.0000,0.0000,0.0429,0.0747,0.0035,-0.0117,0.9971,5.293,,,,,,,
127,Right,14,0.0000,0.0000,0.0275,-0.0160,0.0013,-0.0420,0.9990,5.293,,,,,,,
127,Right,15,0.0003,0.0011,0.0250,0.0000,0.0000,0.0000,1.0000,5.293,,,,,,,
127,Right,16,0.0150,-0.0060,0.0348,0.0000,0.0000,0.0000,1.0000,5.293,,,,,,,
127,Right,17,0.0025,-0.0005,0.0539,0.0799,0.1271,-0.0567,0.9870,5.293,,,,,,,
127,Right,18,0.0000,0.0000,0.0390,0.0817,0.0002,-0.0354,0.9960,5.293,,,,,,,
127,Right,19,0.0000,0.0000,0.0266,0.0266,-0.0294,-0.0059,0.9992,5.293,,,,,,,
127,Right,20,0.0003,0.0016,0.0243,0.0000,0.0000,0.0000,1.0000,5.293,,,,,,,
127,Right,21,0.0230,-0.0094,0.0341,0.0183,0.1403,-0.2070,0.9680,5.293,,,,,,,
127,Right,22,0.0000,0.0000,0.0457,-0.0504,0.0325,0.0968,0.9935,5.293,,,,,,,
127,Right,23,0.0000,0.0000,0.0307,0.1497,0.0361,-0.0515,0.9867,5.293,,,,,,,
127,Right,24,0.0000,0.0000,0.0203,-0.0042,-0.0492,0.0007,0.9988,5.293,,,,,,,
127,Right,25,-0.0002,0.0012,0.0219,0.0000,0.0000,0.0000,1.0000,5.293,,,,,,,
128,Left,0,0.0017,-0.0057,0.0655,0.0000,0.0000,0.0000,1.0000,5.335,,,,,,,
128,Left,1,0.0000,0.0000,0.0000,0.0000,0.0000,0.0000,1.0000,5.335,-0.4068,0.4752,0.0076,-0.7219,0.6262,-0.0727,-0.2854
128,Left,2,0.0262,-0.0210,0.0368,-0.0260,0.2950,-0.6542,0.6959,5.335,,,,,,,
128,Left,3,0.0000,0.0000,0.0325,0.3179,-0.0401,0.0796,0.9439,5.335,,,,,,,
128,Left,4,0.0000,0.0000,0.0338,0.2549,0.0373,-0.0737,0.9634,5.335,,,,,,,
128,Left,5,-0.0007,0.0010,0.0246,0.0000,0.0000,0.0000,1.0000,5.335,,,,,,,
128,Left,6,0.0178,-0.0120,0.0376,0.0000,0.0000,0.0000,1.0000,5.335,,,,,,,
128,Left,7,0.0057,0.0047,0.0584,0.5297,-0.1121,0.0127,0.8407,5.335,,,,,,,
128,Left,8,0.0000,0.0000,0.0379,0.7345,0.0141,0.0213,0.6781,5.335,,,,,,,
128,Left,9,0.0000,0.0000,0.0243,0.5705,-0.0120,0.0163,0.8210,5.335,,,,,,,
128,Left,10,-0.0003,0.0010,0.0224,0.0000,0.0000,0.0000,1.0000,5.335,,,,,,,
128,Left,11,0.0016,-0.0089,0.0354,0.0000,0.0000,0.0000,1.0000,5.335,,,,,,,
128,Left,12,0.0001,0.0063,0.0602,0.6151,-0.1013,0.0806,0.7778,5.335,,,,,,,
128,Left,13,0.0000,0.0000,0.0429,0.7023,0.0048,0.0125,0.7117,5.335,,,,,,,
128,Left,14,0.0000,0.0000,0.0275,0.5785,0.0248,0.0922,0.8101,5.335,,,,,,,
128,Left,15,-0.0003,0.0011,0.0250,0.0000,0.0000,0.0000,1.0000,5.335,,,,,,,
128,Left,16,-0.0150,-0.0060,0.0348,0.0000,0.0000,0.0000,1.0000,5.335,,,,,,,
128,Left,17,-0.0025,-0.0005,0.0539,0.6243,-0.0688,0.1112,0.7702,5.335,,,,,,,
128,Left,18,0.0000,0.0000,0.0390,0.7084,0.0216,0.0415,0.7043,5.335,,,,,,,
128,Left,19,0.0000,0.0000,0.0266,0.6184,0.0259,0.0327,0.7847,5.335,,,,,,,
128,Left,20,-0.0003,0.0016,0.0243,0.0000,0.0000,0.0000,1.0000,5.335,,,,,,,
128,Left,21,-0.0230,-0.0094,0.0341,0.0183,-0.1403,0.2070,0.9680,5.335,,,,,,,
128,Left,22,0.0000,0.0000,0.0457,0.5841,-0.0308,-0.0632,0.8086,5.335,,,,,,,
128,Left,23,0.0000,0.0000,0.0307,0.6697,-0.0053,0.0875,0.7375,5.335,,,,,,,
128,Left,24,0.0000,0.0000,0.0203,0.6265,0.0379,-0.0027,0.7785,5.335,,,,,,,
128,Left,25,0.0002,0.0012,0.0219,0.0000,0.0000,0.0000,1.0000,5.335,,,,,,,
128,Right,0,-0.0028,-0.0050,0.0649,0.0000,0.0000,0.0000,1.0000,5.335,,,,,,,
128,Right,1,0.0000,0.0000,0.0000,0.0000,0.0000,0.0000,1.0000,5.335,-0.0029,0.0993,0.0515,0.5853,-0.0734,-0.1112,0.7998
128,Right,2,-0.0306,-0.0155,0.0342,-0.1447,-0.3073,0.5420,0.7687,5.335,,,,,,,
128,Right,3,0.0000,0.0000,0.0325,0.2639,0.0457,-0.0808,0.9601,5.335,,,,,,,
128,Right,4,0.0000,0.0000,0.0338,0.1167,-0.0503,0.0791,0.9887,5.335,,,,,,,
128,Right,5,0.0007,0.0010,0.0246,0.0000,0.0000,0.0000,1.0000,5.335,,,,,,,
128,Right,6,-0.0200,-0.0092,0.0363,0.0000,0.0000,0.0000,1.0000,5.335,,,,,,,
128,Right,7,-0.0036,0.0019,0.0597,0.0306,0.0669,0.0316,0.9968,5.335,,,,,,,
128,Right,8,0.0000,0.0000,0.0379,0.0919,0.0048,-0.0262,0.9954,5.335,,,,,,,
128,Right,9,0.0000,0.0000,0.0243,0.0357,0.0254,-0.0166,0.9989,5.335,,,,,,,
128,Right,10,0.0003,0.0010,0.0224,0.0000,0.0000,0.0000,1.0000,5.335,,,,,,,
128,Right,11,-0.0038,-0.0075,0.0341,0.0000,0.0000,0.0000,1.0000,5.335,,,,,,,
128,Right,12,0.0021,0.0049,0.0615,0.1084,0.1026,-0.0150,0.9887,5.335,,,,,,,
128,Right,13,0.0000,0.0000,0.0429,0.0734,0.0035,-0.0117,0.9972,5.335,,,,,,,
128,Right,14,0.0000,0.0000,0.0275,-0.0161,0.0013,-0.0420,0.9990,5.335,,,,,,,
128,Right,15,0.0003,0.0011,0.0250,0.0000,0.0000,0.0000,1.0000,5.335,,,,,,,
128,Right,16,0.0150,-0.0060,0.0348,0.0000,0.0000,0.0000,1.0000,5.335,,,,,,,
128,Right,17,0.0025,-0.0005,0.0539,0.0786,0.1263,-0.0566,0.9873,5.335,,,,,,,
128,Right,18,0.0000,0.0000,0.0390,0.0808,0.0003,-0.0354,0.9961,5.335,,,,,,,
128,Right,19,0.0000,0.0000,0.0266,0.0263,-0.0294,-0.0059,0.9992,5.335,,,,,,,
128,Right,20,0.0003,0.0016,0.0243,0.0000,0.0000,0.0000,1.0000,5.335,,,,,,,
128,Right,21,0.0230,-0.0094,0.0341,0.0183,0.1403,-0.2070,0.9680,5.335,,,,,,,
128,Right,22,0.0000,0.0000,0.0457,-0.0513,0.0305,0.0968,0.9935,5.335,,,,,,,
128,Right,23,0.0000,0.0000,0.0307,0.1488,0.0362,-0.0514,0.9869,5.335,,,,,,,
128,Right,24,0.0000,0.0000,0.0203,-0.0038,-0.0492,0.0007,0.9988,5.335,,,,,,,
128,Right,25,-0.0002,0.0012,0.0219,0.0000,0.0000,0.0000,1.0000,5.335,,,,,,,
