FrameIndex,HandType,JointID,LocalPosX,LocalPosY,LocalPosZ,LocalRotX,LocalRotY,LocalRotZ,LocalRotW,Timestamp,WorldPosX,WorldPosY,WorldPosZ,WorldRotX,WorldRotY,WorldRotZ,WorldRotW
0,Left,0,0.0031,-0.0045,0.0644,0.0000,0.0000,0.0000,1.0000,0.000,,,,,,,
0,Left,1,0.0000,0.0000,0.0000,0.0000,0.0000,0.0000,1.0000,0.000,-0.2054,-0.0195,-0.0791,-0.0895,-0.2811,-0.2016,-0.9340
0,Left,2,0.0321,-0.0117,0.0323,-0.1426,0.4214,-0.5014,0.7421,0.000,,,,,,,
0,Left,3,0.0000,0.0000,0.0325,0.1208,-0.0596,0.0829,0.9874,0.000,,,,,,,
0,Left,4,0.0000,0.0000,0.0338,0.1205,0.0500,-0.0789,0.9883,0.000,,,,,,,
0,Left,5,-0.0007,0.0010,0.0246,0.0000,0.0000,0.0000,1.0000,0.000,,,,,,,
0,Left,6,0.0208,-0.0073,0.0354,0.0000,0.0000,0.0000,1.0000,0.000,,,,,,,
0,Left,7,0.0028,0.0000,0.0606,0.0995,-0.0460,-0.0302,0.9935,0.000,,,,,,,
0,Left,8,0.0000,0.0000,0.0379,0.2126,-0.0015,0.0263,0.9768,0.000,,,,,,,
0,Left,9,0.0000,0.0000,0.0243,0.1244,-0.0238,0.0169,0.9918,0.000,,,,,,,
0,Left,10,-0.0003,0.0010,0.0224,0.0000,0.0000,0.0000,1.0000,0.000,,,,,,,
0,Left,11,0.0046,-0.0066,0.0332,0.0000,0.0000,0.0000,1.0000,0.000,,,,,,,
0,Left,12,-0.0028,0.0040,0.0625,0.1362,-0.0888,0.0165,0.9866,0.000,,,,,,,
0,Left,13,0.0000,0.0000,0.0429,0.2299,-0.0017,0.0124,0.9731,0.000,,,,,,,
0,Left,14,0.0000,0.0000,0.0275,0.0838,0.0031,0.0517,0.9951,0.000,,,,,,,
0,Left,15,-0.0003,0.0011,0.0250,0.0000,0.0000,0.0000,1.0000,0.000,,,,,,,
0,Left,16,-0.0150,-0.0060,0.0348,0.0000,0.0000,0.0000,1.0000,0.000,,,,,,,
0,Left,17,-0.0025,-0.0005,0.0539,0.1381,-0.0956,0.0613,0.9839,0.000,,,,,,,
0,Left,18,0.0000,0.0000,0.0390,0.1961,0.0036,0.0378,0.9799,0.000,,,,,,,
0,Left,19,0.0000,0.0000,0.0266,0.1095,0.0296,0.0098,0.9935,0.000,,,,,,,
0,Left,20,-0.0003,0.0016,0.0243,0.0000,0.0000,0.0000,1.0000,0.000,,,,,,,
0,Left,21,-0.0230,-0.0094,0.0341,0.0183,-0.1403,0.2070,0.9680,0.000,,,,,,,
0,Left,22,0.0000,0.0000,0.0457,0.0918,0.0164,-0.0895,0.9916,0.000,,,,,,,
0,Left,23,0.0000,0.0000,0.0307,0.1725,-0.0351,0.0533,0.9829,0.000,,,,,,,
0,Left,24,0.0000,0.0000,0.0203,0.0312,0.0491,-0.0008,0.9983,0.000,,,,,,,
0,Left,25,0.0002,0.0012,0.0219,0.0000,0.0000,0.0000,1.0000,0.000,,,,,,,
0,Right,0,-0.0023,-0.0054,0.0652,0.0000,0.0000,0.0000,1.0000,0.000,,,,,,,
0,Right,1,0.0000,0.0000,0.0000,0.0000,0.0000,0.0000,1.0000,0.000,-0.0425,0.2546,0.0057,0.2337,-0.5422,0.4184,0.6902
0,Right,2,-0.0288,-0.0182,0.0355,0.0192,-0.4347,0.6160,0.6567,0.000,,,,,,,
0,Right,3,0.0000,0.0000,0.0325,0.0386,0.0669,-0.0832,0.9935,0.000,,,,,,,
0,Right,4,0.0000,0.0000,0.0338,-0.0397,-0.0635,0.0832,0.9937,0.000,,,,,,,
0,Right,5,0.0007,0.0010,0.0246,0.0000,0.0000,0.0000,1.0000,0.000,,,,,,,
0,Right,6,-0.0191,-0.0106,0.0370,0.0000,0.0000,0.0000,1.0000,0.000,,,,,,,
0,Right,7,-0.0045,0.0033,0.0590,0.4223,0.0446,0.0267,0.9050,0.000,,,,,,,
0,Right,8,0.0000,0.0000,0.0379,0.5423,-0.0080,-0.0245,0.8398,0.000,,,,,,,
0,Right,9,0.0000,0.0000,0.0243,0.2100,0.0220,-0.0171,0.9773,0.000,,,,,,,
0,Right,10,0.0003,0.0010,0.0224,0.0000,0.0000,0.0000,1.0000,0.000,,,,,,,
0,Right,11,-0.0029,-0.0082,0.0348,0.0000,0.0000,0.0000,1.0000,0.000,,,,,,,
0,Right,12,0.0012,0.0056,0.0608,0.4814,0.0586,-0.0363,0.8738,0.000,,,,,,,
0,Right,13,0.0000,0.0000,0.0429,0.3676,-0.0001,-0.0128,0.9299,0.000,,,,,,,
0,Right,14,0.0000,0.0000,0.0275,0.1806,-0.0073,-0.0606,0.9817,0.000,,,,,,,
0,Right,15,0.0003,0.0011,0.0250,0.0000,0.0000,0.0000,1.0000,0.000,,,,,,,
0,Right,16,0.0150,-0.0060,0.0348,0.0000,0.0000,0.0000,1.0000,0.000,,,,,,,
0,Right,17,0.0025,-0.0005,0.0539,0.5076,0.0755,-0.0962,0.8528,0.000,,,,,,,
0,Right,18,0.0000,0.0000,0.0390,0.3827,-0.0101,-0.0406,0.9229,0.000,,,,,,,
0,Right,19,0.0000,0.0000,0.0266,0.3011,-0.0293,-0.0186,0.9530,0.000,,,,,,,
0,Right,20,0.0003,0.0016,0.0243,0.0000,0.0000,0.0000,1.0000,0.000,,,,,,,
0,Right,21,0.0230,-0.0094,0.0341,0.0183,0.1403,-0.2070,0.9680,0.000,,,,,,,
0,Right,22,0.0000,0.0000,0.0457,0.5335,0.0391,0.0588,0.8428,0.000,,,,,,,
0,Right,23,0.0000,0.0000,0.0307,0.3393,0.0267,-0.0662,0.9380,0.000,,,,,,,
0,Right,24,0.0000,0.0000,0.0203,0.2679,-0.0472,0.0016,0.9623,0.000,,,,,,,
0,Right,25,-0.0002,0.0012,0.0219,0.0000,0.0000,0.0000,1.0000,0.000,,,,,,,
1,Left,0,0.0031,-0.0046,0.0644,0.0000,0.0000,0.0000,1.0000,0.042,,,,,,,
1,Left,1,0.0000,0.0000,0.0000,0.0000,0.0000,0.0000,1.0000,0.042,-0.2059,-0.0198,-0.0784,-0.0890,-0.2831,-0.2045,-0.9328
1,Left,2,0.0321,-0.0117,0.0323,-0.1425,0.4209,-0.5016,0.7422,0.042,,,,,,,
1,Left,3,0.0000,0.0000,0.0325,0.1200,-0.0597,0.0829,0.9875,0.042,,,,,,,
1,Left,4,0.0000,0.0000,0.0338,0.1209,0.0499,-0.0789,0.9883,0.042,,,,,,,
1,Left,5,-0.0007,0.0010,0.0246,0.0000,0.0000,0.0000,1.0000,0.042,,,,,,,
1,Left,6,0.0208,-0.0073,0.0354,0.0000,0.0000,0.0000,1.0000,0.042,,,,,,,
1,Left,7,0.0028,0.0000,0.0606,0.0999,-0.0460,-0.0301,0.9935,0.042,,,,,,,
1,Left,8,0.0000,0.0000,0.0379,0.2131,-0.0015,0.0263,0.9767,0.042,,,,,,,
1,Left,9,0.0000,0.0000,0.0243,0.1249,-0.0238,0.0169,0.9917,0.042,,,,,,,
1,Left,10,-0.0003,0.0010,0.0224,0.0000,0.0000,0.0000,1.0000,0.042,,,,,,,
1,Left,11,0.0046,-0.0066,0.0332,0.0000,0.0000,0.0000,1.0000,0.042,,,,,,,
1,Left,12,-0.0028,0.0040,0.0625,0.1366,-0.0897,0.0166,0.9864,0.042,,,,,,,
1,Left,13,0.0000,0.0000,0.0429,0.2306,-0.0016,0.0124,0.9730,0.042,,,,,,,
1,Left,14,0.0000,0.0000,0.0275,0.0843,0.0031,0.0517,0.9951,0.042,,,,,,,
1,Left,15,-0.0003,0.0011,0.0250,0.0000,0.0000,0.0000,1.0000,0.042,,,,,,,
1,Left,16,-0.0150,-0.0060,0.0348,0.0000,0.0000,0.0000,1.0000,0.042,,,,,,,
1,Left,17,-0.0025,-0.0005,0.0539,0.1389,-0.0968,0.0615,0.9836,0.042,,,,,,,
1,Left,18,0.0000,0.0000,0.0390,0.1962,0.0037,0.0378,0.9798,0.042,,,,,,,
1,Left,19,0.0000,0.0000,0.0266,0.1095,0.0296,0.0098,0.9935,0.042,,,,,,,
1,Left,20,-0.0003,0.0016,0.0243,0.0000,0.0000,0.0000,1.0000,0.042,,,,,,,
1,Left,21,-0.0230,-0.0094,0.0341,0.0183,-0.1403,0.2070,0.9680,0.042,,,,,,,
1,Left,22,0.0000,0.0000,0.0457,0.0925,0.0147,-0.0894,0.9916,0.042,,,,,,,
1,Left,23,0.0000,0.0000,0.0307,0.1724,-0.0351,0.0533,0.9830,0.042,,,,,,,
1,Left,24,0.0000,0.0000,0.0203,0.0307,0.0491,-0.0008,0.9983,0.042,,,,,,,
1,Left,25,0.0002,0.0012,0.0219,0.0000,0.0000,0.0000,1.0000,0.042,,,,,,,
1,Right,0,-0.0023,-0.0054,0.0652,0.0000,0.0000,0.0000,1.0000,0.042,,,,,,,
1,Right,1,0.0000,0.0000,0.0000,0.0000,0.0000,0.0000,1.0000,0.042,-0.0394,0.2557,0.0064,0.2316,-0.5393,0.4147,0.6954
1,Right,2,-0.0288,-0.0182,0.0355,0.0192,-0.4351,0.6158,0.6566,0.042,,,,,,,
1,Right,3,0.0000,0.0000,0.0325,0.0398,0.0668,-0.0832,0.9935,0.042,,,,,,,
1,Right,4,0.0000,0.0000,0.0338,-0.0399,-0.0636,0.0832,0.9937,0.042,,,,,,,
1,Right,5,0.0007,0.0010,0.0246,0.0000,0.0000,0.0000,1.0000,0.042,,,,,,,
1,Right,6,-0.0191,-0.0106,0.0370,0.0000,0.0000,0.0000,1.0000,0.042,,,,,,,
1,Right,7,-0.0044,0.0033,0.0590,0.4235,0.0429,0.0273,0.9045,0.042,,,,,,,
1,Right,8,0.0000,0.0000,0.0379,0.5430,-0.0080,-0.0245,0.8393,0.042,,,,,,,
1,Right,9,0.0000,0.0000,0.0243,0.2107,0.0220,-0.0171,0.9772,0.042,,,,,,,
1,Right,10,0.0003,0.0010,0.0224,0.0000,0.0000,0.0000,1.0000,0.042,,,,,,,
1,Right,11,-0.0029,-0.0082,0.0348,0.0000,0.0000,0.0000,1.0000,0.042,,,,,,,
1,Right,12,0.0012,0.0056,0.0609,0.4843,0.0568,-0.0357,0.8724,0.042,,,,,,,
1,Right,13,0.0000,0.0000,0.0429,0.3681,-0.0001,-0.0128,0.9297,0.042,,,,,,,
1,Right,14,0.0000,0.0000,0.0275,0.1818,-0.0074,-0.0607,0.9814,0.042,,,,,,,
1,Right,15,0.0003,0.0011,0.0250,0.0000,0.0000,0.0000,1.0000,0.042,,,,,,,
1,Right,16,0.0150,-0.0060,0.0348,0.0000,0.0000,0.0000,1.0000,0.042,,,,,,,
1,Right,17,0.0025,-0.0005,0.0539,0.5091,0.0737,-0.0955,0.8522,0.042,,,,,,,
1,Right,18,0.0000,0.0000,0.0390,0.3834,-0.0101,-0.0406,0.9226,0.042,,,,,,,
1,Right,19,0.0000,0.0000,0.0266,0.3027,-0.0293,-0.0186,0.9525,0.042,,,,,,,
1,Right,20,0.0003,0.0016,0.0243,0.0000,0.0000,0.0000,1.0000,0.042,,,,,,,
1,Right,21,0.0230,-0.0094,0.0341,0.0183,0.1403,-0.2070,0.9680,0.042,,,,,,,
1,Right,22,0.0000,0.0000,0.0457,0.5343,0.0370,0.0601,0.8423,0.042,,,,,,,
1,Right,23,0.0000,0.0000,0.0307,0.3394,0.0267,-0.0663,0.9379,0.042,,,,,,,
1,Right,24,0.0000,0.0000,0.0203,0.2695,-0.0472,0.0016,0.9618,0.042,,,,,,,
1,Right,25,-0.0002,0.0012,0.0219,0.0000,0.0000,0.0000,1.0000,0.042,,,,,,,
2,Left,0,0.0031,-0.0046,0.0644,0.0000,0.0000,0.0000,1.0000,0.083,,,,,,,
2,Left,1,0.0000,0.0000,0.0000,0.0000,0.0000,0.0000,1.0000,0.083,-0.2066,-0.0193,-0.0773,-0.0914,-0.2839,-0.2053,-0.9321
2,Left,2,0.0321,-0.0118,0.0324,-0.1411,0.4208,-0.5030,0.7416,0.083,,,,,,,
2,Left,3,0.0000,0.0000,0.0325,0.1193,-0.0598,0.0829,0.9876,0.083,,,,,,,
2,Left,4,0.0000,0.0000,0.0338,0.1215,0.0499,-0.0789,0.9882,0.083,,,,,,,
2,Left,5,-0.0007,0.0010,0.0246,0.0000,0.0000,0.0000,1.0000,0.083,,,,,,,
2,Left,6,0.0208,-0.0074,0.0354,0.0000,0.0000,0.0000,1.0000,0.083,,,,,,,
2,Left,7,0.0028,0.0001,0.0606,0.1005,-0.0464,-0.0301,0.9934,0.083,,,,,,,
2,Left,8,0.0000,0.0000,0.0379,0.2132,-0.0015,0.0263,0.9767,0.083,,,,,,,
2,Left,9,0.0000,0.0000,0.0243,0.1251,-0.0238,0.0169,0.9917,0.083,,,,,,,
2,Left,10,-0.0003,0.0010,0.0224,0.0000,0.0000,0.0000,1.0000,0.083,,,,,,,
2,Left,11,0.0046,-0.0066,0.0332,0.0000,0.0000,0.0000,1.0000,0.083,,,,,,,
2,Left,12,-0.0028,0.0040,0.0624,0.1376,-0.0906,0.0168,0.9862,0.083,,,,,,,
2,Left,13,0.0000,0.0000,0.0429,0.2304,-0.0016,0.0124,0.9730,0.083,,,,,,,
2,Left,14,0.0000,0.0000,0.0275,0.0842,0.0031,0.0517,0.9951,0.083,,,,,,,
2,Left,15,-0.0003,0.0011,0.0250,0.0000,0.0000,0.0000,1.0000,0.083,,,,,,,
2,Left,16,-0.0150,-0.0060,0.0348,0.0000,0.0000,0.0000,1.0000,0.083,,,,,,,
2,Left,17,-0.0025,-0.0005,0.0539,0.1402,-0.0979,0.0617,0.9833,0.083,,,,,,,
2,Left,18,0.0000,0.0000,0.0390,0.1954,0.0036,0.0378,0.9800,0.083,,,,,,,
2,Left,19,0.0000,0.0000,0.0266,0.1091,0.0296,0.0097,0.9935,0.083,,,,,,,
2,Left,20,-0.0003,0.0016,0.0243,0.0000,0.0000,0.0000,1.0000,0.083,,,,,,,
2,Left,21,-0.0230,-0.0094,0.0341,0.0183,-0.1403,0.2070,0.9680,0.083,,,,,,,
2,Left,22,0.0000,0.0000,0.0457,0.0927,0.0133,-0.0893,0.9916,0.083,,,,,,,
2,Left,23,0.0000,0.0000,0.0307,0.1720,-0.0351,0.0533,0.9830,0.083,,,,,,,
2,Left,24,0.0000,0.0000,0.0203,0.0299,0.0491,-0.0008,0.9983,0.083,,,,,,,
2,Left,25,0.0002,0.0012,0.0219,0.0000,0.0000,0.0000,1.0000,0.083,,,,,,,
2,Right,0,-0.0023,-0.0054,0.0652,0.0000,0.0000,0.0000,1.0000,0.083,,,,,,,
2,Right,1,0.0000,0.0000,0.0000,0.0000,0.0000,0.0000,1.0000,0.083,-0.0362,0.2574,0.0070,0.2294,-0.5358,0.4097,0.7017
2,Right,2,-0.0288,-0.0182,0.0355,0.0192,-0.4354,0.6157,0.6565,0.083,,,,,,,
2,Right,3,0.0000,0.0000,0.0325,0.0408,0.0668,-0.0832,0.9935,0.083,,,,,,,
2,Right,4,0.0000,0.0000,0.0338,-0.0405,-0.0636,0.0832,0.9937,0.083,,,,,,,
2,Right,5,0.0007,0.0010,0.0246,0.0000,0.0000,0.0000,1.0000,0.083,,,,,,,
2,Right,6,-0.0191,-0.0106,0.0370,0.0000,0.0000,0.0000,1.0000,0.083,,,,,,,
2,Right,7,-0.0044,0.0032,0.0590,0.4243,0.0403,0.0284,0.9042,0.083,,,,,,,
2,Right,8,0.0000,0.0000,0.0379,0.5435,-0.0080,-0.0245,0.8390,0.083,,,,,,,
2,Right,9,0.0000,0.0000,0.0243,0.2109,0.0220,-0.0171,0.9771,0.083,,,,,,,
2,Right,10,0.0003,0.0010,0.0224,0.0000,0.0000,0.0000,1.0000,0.083,,,,,,,
2,Right,11,-0.0029,-0.0082,0.0348,0.0000,0.0000,0.0000,1.0000,0.083,,,,,,,
2,Right,12,0.0012,0.0056,0.0609,0.4858,0.0551,-0.0349,0.8716,0.083,,,,,,,
2,Right,13,0.0000,0.0000,0.0429,0.3687,-0.0001,-0.0128,0.9295,0.083,,,,,,,
2,Right,14,0.0000,0.0000,0.0276,0.1832,-0.0075,-0.0608,0.9812,0.083,,,,,,,
2,Right,15,0.0003,0.0011,0.0250,0.0000,0.0000,0.0000,1.0000,0.083,,,,,,,
2,Right,16,0.0150,-0.0060,0.0348,0.0000,0.0000,0.0000,1.0000,0.083,,,,,,,
2,Right,17,0.0025,-0.0005,0.0539,0.5111,0.0720,-0.0949,0.8512,0.083,,,,,,,
2,Right,18,0.0000,0.0000,0.0390,0.3841,-0.0101,-0.0406,0.9223,0.083,,,,,,,
2,Right,19,0.0000,0.0000,0.0266,0.3042,-0.0293,-0.0187,0.9520,0.083,,,,,,,
2,Right,20,0.0003,0.0016,0.0243,0.0000,0.0000,0.0000,1.0000,0.083,,,,,,,
2,Right,21,0.0230,-0.0094,0.0341,0.0183,0.1403,-0.2070,0.9680,0.083,,,,,,,
2,Right,22,0.0000,0.0000,0.0457,0.5352,0.0357,0.0609,0.8418,0.083,,,,,,,
2,Right,23,0.0000,0.0000,0.0307,0.3398,0.0267,-0.0663,0.9378,0.083,,,,,,,
2,Right,24,0.0000,0.0000,0.0203,0.2710,-0.0471,0.0016,0.9614,0.083,,,,,,,
2,Right,25,-0.0002,0.0012,0.0219,0.0000,0.0000,0.0000,1.0000,0.083,,,,,,,
3,Left,0,0.0031,-0.0046,0.0645,0.0000,0.0000,0.0000,1.0000,0.125,,,,,,,
3,Left,1,0.0000,0.0000,0.0000,0.0000,0.0000,0.0000,1.0000,0.125,-0.2072,-0.0181,-0.0758,-0.0989,-0.2854,-0.2050,-0.9310
3,Left,2,0.0320,-0.0121,0.0325,-0.1362,0.4206,-0.5075,0.7396,0.125,,,,,,,
3,Left,3,0.0000,0.0000,0.0325,0.1189,-0.0598,0.0829,0.9876,0.125,,,,,,,
3,Left,4,0.0000,0.0000,0.0338,0.1218,0.0498,-0.0789,0.9882,0.125,,,,,,,
3,Left,5,-0.0007,0.0010,0.0246,0.0000,0.0000,0.0000,1.0000,0.125,,,,,,,
3,Left,6,0.0207,-0.0075,0.0354,0.0000,0.0000,0.0000,1.0000,0.125,,,,,,,
3,Left,7,0.0028,0.0002,0.0606,0.1008,-0.0471,-0.0301,0.9933,0.125,,,,,,,
3,Left,8,0.0000,0.0000,0.0379,0.2129,-0.0015,0.0263,0.9767,0.125,,,,,,,
3,Left,9,0.0000,0.0000,0.0243,0.1249,-0.0238,0.0169,0.9917,0.125,,,,,,,
3,Left,10,-0.0003,0.0010,0.0224,0.0000,0.0000,0.0000,1.0000,0.125,,,,,,,
3,Left,11,0.0045,-0.0066,0.0333,0.0000,0.0000,0.0000,1.0000,0.125,,,,,,,
3,Left,12,-0.0028,0.0041,0.0624,0.1387,-0.0916,0.0170,0.9859,0.125,,,,,,,
3,Left,13,0.0000,0.0000,0.0429,0.2297,-0.0017,0.0124,0.9732,0.125,,,,,,,
3,Left,14,0.0000,0.0000,0.0275,0.0837,0.0031,0.0517,0.9951,0.125,,,,,,,
3,Left,15,-0.0003,0.0011,0.0250,0.0000,0.0000,0.0000,1.0000,0.125,,,,,,,
3,Left,16,-0.0150,-0.0060,0.0348,0.0000,0.0000,0.0000,1.0000,0.125,,,,,,,
3,Left,17,-0.0025,-0.0005,0.0539,0.1416,-0.0989,0.0620,0.9830,0.125,,,,,,,
3,Left,18,0.0000,0.0000,0.0390,0.1940,0.0036,0.0378,0.9803,0.125,,,,,,,
3,Left,19,0.0000,0.0000,0.0266,0.1082,0.0296,0.0097,0.9936,0.125,,,,,,,
3,Left,20,-0.0003,0.0016,0.0243,0.0000,0.0000,0.0000,1.0000,0.125,,,,,,,
3,Left,21,-0.0230,-0.0094,0.0341,0.0183,-0.1403,0.2070,0.9680,0.125,,,,,,,
3,Left,22,0.0000,0.0000,0.0457,0.0925,0.0121,-0.0892,0.9916,0.125,,,,,,,
3,Left,23,0.0000,0.0000,0.0307,0.1714,-0.0351,0.0532,0.9831,0.125,,,,,,,
3,Left,24,0.0000,0.0000,0.0203,0.0290,0.0491,-0.0008,0.9984,0.125,,,,,,,
3,Left,25,0.0002,0.0012,0.0219,0.0000,0.0000,0.0000,1.0000,0.125,,,,,,,
3,Right,0,-0.0023,-0.0054,0.0652,0.0000,0.0000,0.0000,1.0000,0.125,,,,,,,
3,Right,1,0.0000,0.0000,0.0000,0.0000,0.0000,0.0000,1.0000,0.125,-0.0333,0.2586,0.0081,0.2278,-0.5314,0.4037,0.7091
3,Right,2,-0.0288,-0.0182,0.0355,0.0192,-0.4356,0.6156,0.6564,0.125,,,,,,,
3,Right,3,0.0000,0.0000,0.0325,0.0414,0.0667,-0.0832,0.9934,0.125,,,,,,,
3,Right,4,0.0000,0.0000,0.0338,-0.0414,-0.0637,0.0832,0.9936,0.125,,,,,,,
3,Right,5,0.0007,0.0010,0.0246,0.0000,0.0000,0.0000,1.0000,0.125,,,,,,,
3,Right,6,-0.0191,-0.0106,0.0370,0.0000,0.0000,0.0000,1.0000,0.125,,,,,,,
3,Right,7,-0.0044,0.0032,0.0590,0.4251,0.0384,0.0292,0.9039,0.125,,,,,,,
3,Right,8,0.0000,0.0000,0.0379,0.5439,-0.0080,-0.0245,0.8387,0.125,,,,,,,
3,Right,9,0.0000,0.0000,0.0243,0.2111,0.0220,-0.0171,0.9771,0.125,,,,,,,
3,Right,10,0.0003,0.0010,0.0224,0.0000,0.0000,0.0000,1.0000,0.125,,,,,,,
3,Right,11,-0.0029,-0.0082,0.0348,0.0000,0.0000,0.0000,1.0000,0.125,,,,,,,
3,Right,12,0.0012,0.0056,0.0609,0.4888,0.0536,-0.0344,0.8701,0.125,,,,,,,
3,Right,13,0.0000,0.0000,0.0429,0.3694,-0.0001,-0.0128,0.9292,0.125,,,,,,,
3,Right,14,0.0000,0.0000,0.0275,0.1863,-0.0076,-0.0611,0.9806,0.125,,,,,,,
3,Right,15,0.0003,0.0011,0.0250,0.0000,0.0000,0.0000,1.0000,0.125,,,,,,,
3,Right,16,0.0150,-0.0060,0.0348,0.0000,0.0000,0.0000,1.0000,0.125,,,,,,,
3,Right,17,0.0025,-0.0005,0.0539,0.5150,0.0701,-0.0944,0.8491,0.125,,,,,,,
3,Right,18,0.0000,0.0000,0.0390,0.3851,-0.0102,-0.0406,0.9219,0.125,,,,,,,
3,Right,19,0.0000,0.0000,0.0266,0.3083,-0.0293,-0.0189,0.9506,0.125,,,,,,,
3,Right,20,0.0003,0.0016,0.0243,0.0000,0.0000,0.0000,1.0000,0.125,,,,,,,
3,Right,21,0.0230,-0.0094,0.0341,0.0183,0.1403,-0.2070,0.9680,0.125,,,,,,,
3,Right,22,0.0000,0.0000,0.0457,0.5364,0.0345,0.0616,0.8410,0.125,,,,,,,
3,Right,23,0.0000,0.0000,0.0307,0.3405,0.0266,-0.0663,0.9375,0.125,,,,,,,
3,Right,24,0.0000,0.0000,0.0203,0.2768,-0.0470,0.0017,0.9598,0.125,,,,,,,
3,Right,25,-0.0002,0.0012,0.0219,0.0000,0.0000,0.0000,1.0000,0.125,,,,,,,
4,Left,0,0.0031,-0.0046,0.0645,0.0000,0.0000,0.0000,1.0000,0.167,,,,,,,
4,Left,1,0.0000,0.0000,0.0000,0.0000,0.0000,0.0000,1.0000,0.167,-0.2077,-0.0173,-0.0751,-0.1040,-0.2870,-0.2042,-0.9301
4,Left,2,0.0320,-0.0121,0.0325,-0.1345,0.4214,-0.5088,0.7385,0.167,,,,,,,
4,Left,3,0.0000,0.0000,0.0325,0.1189,-0.0598,0.0829,0.9876,0.167,,,,,,,
4,Left,4,0.0000,0.0000,0.0338,0.1215,0.0499,-0.0789,0.9882,0.167,,,,,,,
4,Left,5,-0.0007,0.0010,0.0246,0.0000,0.0000,0.0000,1.0000,0.167,,,,,,,
4,Left,6,0.0207,-0.0075,0.0355,0.0000,0.0000,0.0000,1.0000,0.167,,,,,,,
4,Left,7,0.0028,0.0002,0.0605,0.1003,-0.0479,-0.0301,0.9933,0.167,,,,,,,
4,Left,8,0.0000,0.0000,0.0379,0.2122,-0.0016,0.0263,0.9769,0.167,,,,,,,
4,Left,9,0.0000,0.0000,0.0243,0.1243,-0.0238,0.0169,0.9918,0.167,,,,,,,
4,Left,10,-0.0003,0.0010,0.0224,0.0000,0.0000,0.0000,1.0000,0.167,,,,,,,
4,Left,11,0.0045,-0.0067,0.0333,0.0000,0.0000,0.0000,1.0000,0.167,,,,,,,
4,Left,12,-0.0028,0.0041,0.0624,0.1394,-0.0926,0.0171,0.9858,0.167,,,,,,,
4,Left,13,0.0000,0.0000,0.0429,0.2292,-0.0017,0.0124,0.9733,0.167,,,,,,,
4,Left,14,0.0000,0.0000,0.0275,0.0831,0.0031,0.0516,0.9952,0.167,,,,,,,
4,Left,15,-0.0003,0.0011,0.0250,0.0000,0.0000,0.0000,1.0000,0.167,,,,,,,
4,Left,16,-0.0150,-0.0060,0.0348,0.0000,0.0000,0.0000,1.0000,0.167,,,,,,,
4,Left,17,-0.0025,-0.0005,0.0539,0.1425,-0.0998,0.0621,0.9828,0.167,,,,,,,
4,Left,18,0.0000,0.0000,0.0390,0.1930,0.0035,0.0377,0.9805,0.167,,,,,,,
4,Left,19,0.0000,0.0000,0.0266,0.1073,0.0296,0.0097,0.9937,0.167,,,,,,,
4,Left,20,-0.0003,0.0016,0.0243,0.0000,0.0000,0.0000,1.0000,0.167,,,,,,,
4,Left,21,-0.0230,-0.0094,0.0341,0.0183,-0.1403,0.2070,0.9680,0.167,,,,,,,
4,Left,22,0.0000,0.0000,0.0457,0.0919,0.0112,-0.0891,0.9917,0.167,,,,,,,
4,Left,23,0.0000,0.0000,0.0307,0.1711,-0.0351,0.0532,0.9832,0.167,,,,,,,
4,Left,24,0.0000,0.0000,0.0203,0.0282,0.0491,-0.0008,0.9984,0.167,,,,,,,
4,Left,25,0.0002,0.0012,0.0219,0.0000,0.0000,0.0000,1.0000,0.167,,,,,,,
4,Right,0,-0.0023,-0.0054,0.0652,0.0000,0.0000,0.0000,1.0000,0.167,,,,,,,
4,Right,1,0.0000,0.0000,0.0000,0.0000,0.0000,0.0000,1.0000,0.167,-0.0313,0.2600,0.0086,0.2256,-0.5281,0.3991,0.7148
4,Right,2,-0.0288,-0.0182,0.0355,0.0194,-0.4362,0.6154,0.6562,0.167,,,,,,,
4,Right,3,0.0000,0.0000,0.0325,0.0415,0.0667,-0.0832,0.9934,0.167,,,,,,,
4,Right,4,0.0000,0.0000,0.0338,-0.0426,-0.0638,0.0832,0.9936,0.167,,,,,,,
4,Right,5,0.0007,0.0010,0.0246,0.0000,0.0000,0.0000,1.0000,0.167,,,,,,,
4,Right,6,-0.0191,-0.0106,0.0370,0.0000,0.0000,0.0000,1.0000,0.167,,,,,,,
4,Right,7,-0.0044,0.0032,0.0590,0.4256,0.0369,0.0298,0.9037,0.167,,,,,,,
4,Right,8,0.0000,0.0000,0.0379,0.5441,-0.0080,-0.0245,0.8386,0.167,,,,,,,
4,Right,9,0.0000,0.0000,0.0243,0.2113,0.0220,-0.0171,0.9770,0.167,,,,,,,
4,Right,10,0.0003,0.0010,0.0224,0.0000,0.0000,0.0000,1.0000,0.167,,,,,,,
4,Right,11,-0.0029,-0.0082,0.0348,0.0000,0.0000,0.0000,1.0000,0.167,,,,,,,
4,Right,12,0.0012,0.0056,0.0609,0.4907,0.0523,-0.0339,0.8691,0.167,,,,,,,
4,Right,13,0.0000,0.0000,0.0429,0.3706,-0.0001,-0.0128,0.9287,0.167,,,,,,,
4,Right,14,0.0000,0.0000,0.0276,0.1932,-0.0079,-0.0617,0.9792,0.167,,,,,,,
4,Right,15,0.0003,0.0011,0.0250,0.0000,0.0000,0.0000,1.0000,0.167,,,,,,,
4,Right,16,0.0150,-0.0060,0.0348,0.0000,0.0000,0.0000,1.0000,0.167,,,,,,,
4,Right,17,0.0025,-0.0005,0.0539,0.5163,0.0686,-0.0938,0.8485,0.167,,,,,,,
4,Right,18,0.0000,0.0000,0.0390,0.3867,-0.0102,-0.0407,0.9212,0.167,,,,,,,
4,Right,19,0.0000,0.0000,0.0266,0.3154,-0.0293,-0.0192,0.9483,0.167,,,,,,,
4,Right,20,0.0003,0.0016,0.0243,0.0000,0.0000,0.0000,1.0000,0.167,,,,,,,
4,Right,21,0.0230,-0.0094,0.0341,0.0183,0.1403,-0.2070,0.9680,0.167,,,,,,,
4,Right,22,0.0000,0.0000,0.0457,0.5375,0.0335,0.0622,0.8403,0.167,,,,,,,
4,Right,23,0.0000,0.0000,0.0307,0.3418,0.0265,-0.0664,0.9371,0.167,,,,,,,
4,Right,24,0.0000,0.0000,0.0203,0.2872,-0.0469,0.0017,0.9567,0.167,,,,,,,
4,Right,25,-0.0002,0.0012,0.0219,0.0000,0.0000,0.0000,1.0000,0.167,,,,,,,
5,Left,0,0.0031,-0.0046,0.0645,0.0000,0.0000,0.0000,1.0000,0.208,,,,,,,
5,Left,1,0.0000,0.0000,0.0000,0.0000,0.0000,0.0000,1.0000,0.208,-0.2080,-0.0170,-0.0749,-0.1063,-0.2881,-0.2042,-0.9295
5,Left,2,0.0320,-0.0122,0.0325,-0.1325,0.4235,-0.5100,0.7369,0.208,,,,,,,
5,Left,3,0.0000,0.0000,0.0325,0.1192,-0.0598,0.0829,0.9876,0.208,,,,,,,
5,Left,4,0.0000,0.0000,0.0338,0.1207,0.0499,-0.0789,0.9883,0.208,,,,,,,
5,Left,5,-0.0007,0.0010,0.0246,0.0000,0.0000,0.0000,1.0000,0.208,,,,,,,
5,Left,6,0.0207,-0.0075,0.0355,0.0000,0.0000,0.0000,1.0000,0.208,,,,,,,
5,Left,7,0.0028,0.0002,0.0605,0.0997,-0.0488,-0.0300,0.9934,0.208,,,,,,,
5,Left,8,0.0000,0.0000,0.0379,0.2114,-0.0016,0.0263,0.9770,0.208,,,,,,,
5,Left,9,0.0000,0.0000,0.0243,0.1234,-0.0238,0.0169,0.9919,0.208,,,,,,,
5,Left,10,-0.0003,0.0010,0.0224,0.0000,0.0000,0.0000,1.0000,0.208,,,,,,,
5,Left,11,0.0045,-0.0067,0.0333,0.0000,0.0000,0.0000,1.0000,0.208,,,,,,,
5,Left,12,-0.0028,0.0041,0.0623,0.1398,-0.0935,0.0173,0.9856,0.208,,,,,,,
5,Left,13,0.0000,0.0000,0.0429,0.2290,-0.0017,0.0124,0.9733,0.208,,,,,,,
5,Left,14,0.0000,0.0000,0.0275,0.0826,0.0031,0.0516,0.9952,0.208,,,,,,,
5,Left,15,-0.0003,0.0011,0.0250,0.0000,0.0000,0.0000,1.0000,0.208,,,,,,,
5,Left,16,-0.0150,-0.0060,0.0348,0.0000,0.0000,0.0000,1.0000,0.208,,,,,,,
5,Left,17,-0.0025,-0.0005,0.0539,0.1428,-0.1006,0.0622,0.9827,0.208,,,,,,,
5,Left,18,0.0000,0.0000,0.0390,0.1926,0.0035,0.0377,0.9806,0.208,,,,,,,
5,Left,19,0.0000,0.0000,0.0266,0.1065,0.0296,0.0096,0.9938,0.208,,,,,,,
5,Left,20,-0.0003,0.0016,0.0243,0.0000,0.0000,0.0000,1.0000,0.208,,,,,,,
5,Left,21,-0.0230,-0.0094,0.0341,0.0183,-0.1403,0.2070,0.9680,0.208,,,,,,,
5,Left,22,0.0000,0.0000,0.0457,0.0911,0.0106,-0.0891,0.9918,0.208,,,,,,,
5,Left,23,0.0000,0.0000,0.0307,0.1715,-0.0351,0.0533,0.9831,0.208,,,,,,,
5,Left,24,0.0000,0.0000,0.0203,0.0275,0.0491,-0.0008,0.9984,0.208,,,,,,,
5,Left,25,0.0002,0.0012,0.0219,0.0000,0.0000,0.0000,1.0000,0.208,,,,,,,
5,Right,0,-0.0023,-0.0054,0.0652,0.0000,0.0000,0.0000,1.0000,0.208,,,,,,,
5,Right,1,0.0000,0.0000,0.0000,0.0000,0.0000,0.0000,1.0000,0.208,-0.0293,0.2622,0.0083,0.2248,-0.5277,0.3977,0.7161
5,Right,2,-0.0288,-0.0182,0.0355,0.0191,-0.4369,0.6150,0.6562,0.208,,,,,,,
5,Right,3,0.0000,0.0000,0.0325,0.0408,0.0668,-0.0832,0.9935,0.208,,,,,,,
5,Right,4,0.0000,0.0000,0.0338,-0.0448,-0.0639,0.0833,0.9935,0.208,,,,,,,
5,Right,5,0.0007,0.0010,0.0246,0.0000,0.0000,0.0000,1.0000,0.208,,,,,,,
5,Right,6,-0.0191,-0.0105,0.0369,0.0000,0.0000,0.0000,1.0000,0.208,,,,,,,
5,Right,7,-0.0044,0.0032,0.0591,0.4254,0.0356,0.0303,0.9038,0.208,,,,,,,
5,Right,8,0.0000,0.0000,0.0379,0.5439,-0.0080,-0.0245,0.8387,0.208,,,,,,,
5,Right,9,0.0000,0.0000,0.0243,0.2114,0.0220,-0.0171,0.9770,0.208,,,,,,,
5,Right,10,0.0003,0.0010,0.0224,0.0000,0.0000,0.0000,1.0000,0.208,,,,,,,
5,Right,11,-0.0029,-0.0082,0.0348,0.0000,0.0000,0.0000,1.0000,0.208,,,,,,,
5,Right,12,0.0012,0.0056,0.0609,0.4914,0.0513,-0.0335,0.8688,0.208,,,,,,,
5,Right,13,0.0000,0.0000,0.0429,0.3719,-0.0001,-0.0128,0.9282,0.208,,,,,,,
5,Right,14,0.0000,0.0000,0.0275,0.1974,-0.0081,-0.0621,0.9783,0.208,,,,,,,
5,Right,15,0.0003,0.0011,0.0250,0.0000,0.0000,0.0000,1.0000,0.208,,,,,,,
5,Right,16,0.0150,-0.0060,0.0348,0.0000,0.0000,0.0000,1.0000,0.208,,,,,,,
5,Right,17,0.0025,-0.0005,0.0539,0.5171,0.0674,-0.0932,0.8482,0.208,,,,,,,
5,Right,18,0.0000,0.0000,0.0390,0.3907,-0.0103,-0.0407,0.9196,0.208,,,,,,,
5,Right,19,0.0000,0.0000,0.0266,0.3200,-0.0292,-0.0194,0.9468,0.208,,,,,,,
5,Right,20,0.0003,0.0016,0.0243,0.0000,0.0000,0.0000,1.0000,0.208,,,,,,,
5,Right,21,0.0230,-0.0094,0.0341,0.0183,0.1403,-0.2070,0.9680,0.208,,,,,,,
5,Right,22,0.0000,0.0000,0.0457,0.5385,0.0326,0.0627,0.8397,0.208,,,,,,,
5,Right,23,0.0000,0.0000,0.0307,0.3432,0.0265,-0.0665,0.9365,0.208,,,,,,,
5,Right,24,0.0000,0.0000,0.0203,0.2932,-0.0468,0.0017,0.9549,0.208,,,,,,,
5,Right,25,-0.0002,0.0012,0.0219,0.0000,0.0000,0.0000,1.0000,0.208,,,,,,,
6,Left,0,0.0031,-0.0046,0.0645,0.0000,0.0000,0.0000,1.0000,0.250,,,,,,,
6,Left,1,0.0000,0.0000,0.0000,0.0000,0.0000,0.0000,1.0000,0.250,-0.2084,-0.0172,-0.0748,-0.1068,-0.2886,-0.2040,-0.9293
6,Left,2,0.0320,-0.0122,0.0325,-0.1289,0.4280,-0.5118,0.7337,0.250,,,,,,,
6,Left,3,0.0000,0.0000,0.0325,0.1197,-0.0597,0.0829,0.9875,0.250,,,,,,,
6,Left,4,0.0000,0.0000,0.0338,0.1199,0.0500,-0.0790,0.9884,0.250,,,,,,,
6,Left,5,-0.0007,0.0010,0.0246,0.0000,0.0000,0.0000,1.0000,0.250,,,,,,,
6,Left,6,0.0207,-0.0076,0.0355,0.0000,0.0000,0.0000,1.0000,0.250,,,,,,,
6,Left,7,0.0029,0.0002,0.0605,0.0989,-0.0496,-0.0300,0.9934,0.250,,,,,,,
6,Left,8,0.0000,0.0000,0.0379,0.2107,-0.0016,0.0263,0.9772,0.250,,,,,,,
6,Left,9,0.0000,0.0000,0.0243,0.1223,-0.0238,0.0169,0.9921,0.250,,,,,,,
6,Left,10,-0.0003,0.0010,0.0224,0.0000,0.0000,0.0000,1.0000,0.250,,,,,,,
6,Left,11,0.0045,-0.0067,0.0333,0.0000,0.0000,0.0000,1.0000,0.250,,,,,,,
6,Left,12,-0.0028,0.0041,0.0623,0.1400,-0.0943,0.0173,0.9855,0.250,,,,,,,
6,Left,13,0.0000,0.0000,0.0429,0.2292,-0.0017,0.0124,0.9733,0.250,,,,,,,
6,Left,14,0.0000,0.0000,0.0275,0.0822,0.0030,0.0515,0.9953,0.250,,,,,,,
6,Left,15,-0.0003,0.0011,0.0250,0.0000,0.0000,0.0000,1.0000,0.250,,,,,,,
6,Left,16,-0.0150,-0.0060,0.0348,0.0000,0.0000,0.0000,1.0000,0.250,,,,,,,
6,Left,17,-0.0025,-0.0005,0.0539,0.1425,-0.1015,0.0623,0.9826,0.250,,,,,,,
6,Left,18,0.0000,0.0000,0.0390,0.1930,0.0035,0.0377,0.9805,0.250,,,,,,,
6,Left,19,0.0000,0.0000,0.0266,0.1061,0.0296,0.0096,0.9939,0.250,,,,,,,
6,Left,20,-0.0003,0.0016,0.0243,0.0000,0.0000,0.0000,1.0000,0.250,,,,,,,
6,Left,21,-0.0230,-0.0094,0.0341,0.0183,-0.1403,0.2070,0.9680,0.250,,,,,,,
6,Left,22,0.0000,0.0000,0.0457,0.0900,0.0100,-0.0891,0.9919,0.250,,,,,,,
6,Left,23,0.0000,0.0000,0.0307,0.1730,-0.0350,0.0534,0.9829,0.250,,,,,,,
6,Left,24,0.0000,0.0000,0.0203,0.0272,0.0491,-0.0008,0.9984,0.250,,,,,,,
6,Left,25,0.0002,0.0012,0.0219,0.0000,0.0000,0.0000,1.0000,0.250,,,,,,,
6,Right,0,-0.0023,-0.0053,0.0652,0.0000,0.0000,0.0000,1.0000,0.250,,,,,,,
6,Right,1,0.0000,0.0000,0.0000,0.0000,0.0000,0.0000,1.0000,0.250,-0.0278,0.2637,0.0081,0.2243,-0.5276,0.3969,0.7168
6,Right,2,-0.0289,-0.0181,0.0355,0.0184,-0.4375,0.6143,0.6564,0.250,,,,,,,
6,Right,3,0.0000,0.0000,0.0325,0.0383,0.0670,-0.0832,0.9935,0.250,,,,,,,
6,Right,4,0.0000,0.0000,0.0338,-0.0493,-0.0643,0.0833,0.9932,0.250,,,,,,,
6,Right,5,0.0007,0.0010,0.0246,0.0000,0.0000,0.0000,1.0000,0.250,,,,,,,
6,Right,6,-0.0191,-0.0105,0.0369,0.0000,0.0000,0.0000,1.0000,0.250,,,,,,,
6,Right,7,-0.0044,0.0032,0.0591,0.4242,0.0343,0.0308,0.9044,0.250,,,,,,,
6,Right,8,0.0000,0.0000,0.0379,0.5436,-0.0080,-0.0245,0.8389,0.250,,,,,,,
6,Right,9,0.0000,0.0000,0.0243,0.2118,0.0220,-0.0171,0.9769,0.250,,,,,,,
6,Right,10,0.0003,0.0010,0.0224,0.0000,0.0000,0.0000,1.0000,0.250,,,,,,,
6,Right,11,-0.0029,-0.0082,0.0348,0.0000,0.0000,0.0000,1.0000,0.250,,,,,,,
6,Right,12,0.0012,0.0056,0.0609,0.4913,0.0505,-0.0330,0.8689,0.250,,,,,,,
6,Right,13,0.0000,0.0000,0.0429,0.3730,-0.0002,-0.0128,0.9277,0.250,,,,,,,
6,Right,14,0.0000,0.0000,0.0275,0.2005,-0.0082,-0.0624,0.9777,0.250,,,,,,,
6,Right,15,0.0003,0.0011,0.0250,0.0000,0.0000,0.0000,1.0000,0.250,,,,,,,
6,Right,16,0.0150,-0.0060,0.0348,0.0000,0.0000,0.0000,1.0000,0.250,,,,,,,
6,Right,17,0.0025,-0.0005,0.0539,0.5171,0.0664,-0.0927,0.8483,0.250,,,,,,,
6,Right,18,0.0000,0.0000,0.0390,0.3943,-0.0105,-0.0407,0.9180,0.250,,,,,,,
6,Right,19,0.0000,0.0000,0.0266,0.3226,-0.0292,-0.0195,0.9459,0.250,,,,,,,
6,Right,20,0.0003,0.0016,0.0243,0.0000,0.0000,0.0000,1.0000,0.250,,,,,,,
6,Right,21,0.0230,-0.0094,0.0341,0.0183,0.1403,-0.2070,0.9680,0.250,,,,,,,
6,Right,22,0.0000,0.0000,0.0457,0.5390,0.0319,0.0631,0.8393,0.250,,,,,,,
6,Right,23,0.0000,0.0000,0.0307,0.3449,0.0264,-0.0666,0.9359,0.250,,,,,,,
6,Right,24,0.0000,0.0000,0.0203,0.2952,-0.0468,0.0017,0.9543,0.250,,,,,,,
6,Right,25,-0.0002,0.0012,0.0219,0.0000,0.0000,0.0000,1.0000,0.250,,,,,,,
7,Left,0,0.0031,-0.0046,0.0645,0.0000,0.0000,0.0000,1.0000,0.292,,,,,,,
7,Left,1,0.0000,0.0000,0.0000,0.0000,0.0000,0.0000,1.0000,0.292,-0.2089,-0.0179,-0.0747,-0.1067,-0.2891,-0.2039,-0.9292
7,Left,2,0.0320,-0.0122,0.0326,-0.1261,0.4304,-0.5134,0.7316,0.292,,,,,,,
7,Left,3,0.0000,0.0000,0.0325,0.1201,-0.0597,0.0829,0.9875,0.292,,,,,,,
7,Left,4,0.0000,0.0000,0.0338,0.1193,0.0501,-0.0790,0.9884,0.292,,,,,,,
7,Left,5,-0.0007,0.0010,0.0246,0.0000,0.0000,0.0000,1.0000,0.292,,,,,,,
7,Left,6,0.0207,-0.0076,0.0355,0.0000,0.0000,0.0000,1.0000,0.292,,,,,,,
7,Left,7,0.0029,0.0003,0.0605,0.0983,-0.0504,-0.0300,0.9934,0.292,,,,,,,
7,Left,8,0.0000,0.0000,0.0379,0.2102,-0.0016,0.0263,0.9773,0.292,,,,,,,
7,Left,9,0.0000,0.0000,0.0243,0.1213,-0.0238,0.0169,0.9922,0.292,,,,,,,
7,Left,10,-0.0003,0.0010,0.0224,0.0000,0.0000,0.0000,1.0000,0.292,,,,,,,
7,Left,11,0.0045,-0.0067,0.0333,0.0000,0.0000,0.0000,1.0000,0.292,,,,,,,
7,Left,12,-0.0028,0.0041,0.0623,0.1399,-0.0950,0.0174,0.9854,0.292,,,,,,,
7,Left,13,0.0000,0.0000,0.0429,0.2299,-0.0017,0.0124,0.9731,0.292,,,,,,,
7,Left,14,0.0000,0.0000,0.0275,0.0819,0.0030,0.0515,0.9953,0.292,,,,,,,
7,Left,15,-0.0003,0.0011,0.0250,0.0000,0.0000,0.0000,1.0000,0.292,,,,,,,
7,Left,16,-0.0150,-0.0060,0.0348,0.0000,0.0000,0.0000,1.0000,0.292,,,,,,,
7,Left,17,-0.0025,-0.0005,0.0539,0.1418,-0.1023,0.0623,0.9826,0.292,,,,,,,
7,Left,18,0.0000,0.0000,0.0390,0.1940,0.0036,0.0378,0.9803,0.292,,,,,,,
7,Left,19,0.0000,0.0000,0.0266,0.1060,0.0296,0.0096,0.9939,0.292,,,,,,,
7,Left,20,-0.0003,0.0016,0.0243,0.0000,0.0000,0.0000,1.0000,0.292,,,,,,,
7,Left,21,-0.0230,-0.0094,0.0341,0.0183,-0.1403,0.2070,0.9680,0.292,,,,,,,
7,Left,22,0.0000,0.0000,0.0457,0.0888,0.0096,-0.0891,0.9920,0.292,,,,,,,
7,Left,23,0.0000,0.0000,0.0307,0.1758,-0.0349,0.0536,0.9823,0.292,,,,,,,
7,Left,24,0.0000,0.0000,0.0203,0.0269,0.0491,-0.0008,0.9984,0.292,,,,,,,
7,Left,25,0.0002,0.0012,0.0219,0.0000,0.0000,0.0000,1.0000,0.292,,,,,,,
7,Right,0,-0.0023,-0.0053,0.0652,0.0000,0.0000,0.0000,1.0000,0.292,,,,,,,
7,Right,1,0.0000,0.0000,0.0000,0.0000,0.0000,0.0000,1.0000,0.292,-0.0268,0.2645,0.0083,0.2250,-0.5276,0.3950,0.7176
7,Right,2,-0.0289,-0.0181,0.0354,0.0172,-0.4378,0.6135,0.6570,0.292,,,,,,,
7,Right,3,0.0000,0.0000,0.0325,0.0303,0.0677,-0.0832,0.9938,0.292,,,,,,,
7,Right,4,0.0000,0.0000,0.0338,-0.0524,-0.0646,0.0834,0.9930,0.292,,,,,,,
7,Right,5,0.0007,0.0010,0.0246,0.0000,0.0000,0.0000,1.0000,0.292,,,,,,,
7,Right,6,-0.0192,-0.0105,0.0369,0.0000,0.0000,0.0000,1.0000,0.292,,,,,,,
7,Right,7,-0.0044,0.0032,0.0591,0.4200,0.0331,0.0313,0.9064,0.292,,,,,,,
7,Right,8,0.0000,0.0000,0.0379,0.5434,-0.0080,-0.0245,0.8391,0.292,,,,,,,
7,Right,9,0.0000,0.0000,0.0243,0.2122,0.0219,-0.0171,0.9768,0.292,,,,,,,
7,Right,10,0.0003,0.0010,0.0224,0.0000,0.0000,0.0000,1.0000,0.292,,,,,,,
7,Right,11,-0.0030,-0.0081,0.0348,0.0000,0.0000,0.0000,1.0000,0.292,,,,,,,
7,Right,12,0.0012,0.0056,0.0609,0.4906,0.0499,-0.0327,0.8694,0.292,,,,,,,
7,Right,13,0.0000,0.0000,0.0429,0.3743,-0.0002,-0.0128,0.9272,0.292,,,,,,,
7,Right,14,0.0000,0.0000,0.0275,0.2044,-0.0084,-0.0627,0.9768,0.292,,,,,,,
7,Right,15,0.0003,0.0011,0.0250,0.0000,0.0000,0.0000,1.0000,0.292,,,,,,,
7,Right,16,0.0150,-0.0060,0.0348,0.0000,0.0000,0.0000,1.0000,0.292,,,,,,,
7,Right,17,0.0025,-0.0005,0.0539,0.5167,0.0658,-0.0923,0.8487,0.292,,,,,,,
7,Right,18,0.0000,0.0000,0.0390,0.3964,-0.0105,-0.0408,0.9171,0.292,,,,,,,
7,Right,19,0.0000,0.0000,0.0266,0.3243,-0.0292,-0.0196,0.9453,0.292,,,,,,,
7,Right,20,0.0003,0.0016,0.0243,0.0000,0.0000,0.0000,1.0000,0.292,,,,,,,
7,Right,21,0.0230,-0.0094,0.0341,0.0183,0.1403,-0.2070,0.9680,0.292,,,,,,,
7,Right,22,0.0000,0.0000,0.0457,0.5393,0.0317,0.0632,0.8392,0.292,,,,,,,
7,Right,23,0.0000,0.0000,0.0307,0.3465,0.0263,-0.0668,0.9353,0.292,,,,,,,
7,Right,24,0.0000,0.0000,0.0203,0.2964,-0.0467,0.0017,0.9539,0.292,,,,,,,
7,Right,25,-0.0002,0.0012,0.0219,0.0000,0.0000,0.0000,1.0000,0.292,,,,,,,
8,Left,0,0.0031,-0.0046,0.0645,0.0000,0.0000,0.0000,1.0000,0.333,,,,,,,
8,Left,1,0.0000,0.0000,0.0000,0.0000,0.0000,0.0000,1.0000,0.333,-0.2095,-0.0188,-0.0747,-0.1059,-0.2898,-0.2038,-0.9291
8,Left,2,0.0319,-0.0124,0.0327,-0.1214,0.4318,-0.5172,0.7289,0.333,,,,,,,
8,Left,3,0.0000,0.0000,0.0325,0.1198,-0.0597,0.0829,0.9875,0.333,,,,,,,
8,Left,4,0.0000,0.0000,0.0338,0.1188,0.0501,-0.0790,0.9885,0.333,,,,,,,
8,Left,5,-0.0007,0.0010,0.0246,0.0000,0.0000,0.0000,1.0000,0.333,,,,,,,
8,Left,6,0.0207,-0.0077,0.0355,0.0000,0.0000,0.0000,1.0000,0.333,,,,,,,
8,Left,7,0.0029,0.0004,0.0605,0.0977,-0.0509,-0.0300,0.9935,0.333,,,,,,,
8,Left,8,0.0000,0.0000,0.0379,0.2096,-0.0016,0.0263,0.9774,0.333,,,,,,,
8,Left,9,0.0000,0.0000,0.0243,0.1204,-0.0239,0.0169,0.9923,0.333,,,,,,,
8,Left,10,-0.0003,0.0010,0.0224,0.0000,0.0000,0.0000,1.0000,0.333,,,,,,,
8,Left,11,0.0044,-0.0067,0.0334,0.0000,0.0000,0.0000,1.0000,0.333,,,,,,,
8,Left,12,-0.0027,0.0042,0.0623,0.1395,-0.0956,0.0174,0.9854,0.333,,,,,,,
8,Left,13,0.0000,0.0000,0.0429,0.2308,-0.0016,0.0124,0.9729,0.333,,,,,,,
8,Left,14,0.0000,0.0000,0.0275,0.0820,0.0030,0.0515,0.9953,0.333,,,,,,,
8,Left,15,-0.0003,0.0011,0.0250,0.0000,0.0000,0.0000,1.0000,0.333,,,,,,,
8,Left,16,-0.0150,-0.0060,0.0348,0.0000,0.0000,0.0000,1.0000,0.333,,,,,,,
8,Left,17,-0.0025,-0.0005,0.0539,0.1409,-0.1028,0.0622,0.9827,0.333,,,,,,,
8,Left,18,0.0000,0.0000,0.0390,0.1951,0.0036,0.0378,0.9801,0.333,,,,,,,
8,Left,19,0.0000,0.0000,0.0266,0.1061,0.0296,0.0096,0.9939,0.333,,,,,,,
8,Left,20,-0.0003,0.0016,0.0243,0.0000,0.0000,0.0000,1.0000,0.333,,,,,,,
8,Left,21,-0.0230,-0.0094,0.0341,0.0183,-0.1403,0.2070,0.9680,0.333,,,,,,,
8,Left,22,0.0000,0.0000,0.0457,0.0880,0.0097,-0.0892,0.9921,0.333,,,,,,,
8,Left,23,0.0000,0.0000,0.0307,0.1772,-0.0348,0.0537,0.9821,0.333,,,,,,,
8,Left,24,0.0000,0.0000,0.0203,0.0267,0.0491,-0.0008,0.9984,0.333,,,,,,,
8,Left,25,0.0002,0.0012,0.0219,0.0000,0.0000,0.0000,1.0000,0.333,,,,,,,
8,Right,0,-0.0023,-0.0053,0.0652,0.0000,0.0000,0.0000,1.0000,0.333,,,,,,,
8,Right,1,0.0000,0.0000,0.0000,0.0000,0.0000,0.0000,1.0000,0.333,-0.0224,0.2677,0.0110,0.2287,-0.5279,0.3828,0.7228
8,Right,2,-0.0289,-0.0180,0.0354,0.0165,-0.4376,0.6132,0.6574,0.333,,,,,,,
8,Right,3,0.0000,0.0000,0.0325,0.0260,0.0680,-0.0832,0.9939,0.333,,,,,,,
8,Right,4,0.0000,0.0000,0.0338,-0.0532,-0.0646,0.0834,0.9930,0.333,,,,,,,
8,Right,5,0.0007,0.0010,0.0246,0.0000,0.0000,0.0000,1.0000,0.333,,,,,,,
8,Right,6,-0.0192,-0.0105,0.0369,0.0000,0.0000,0.0000,1.0000,0.333,,,,,,,
8,Right,7,-0.0044,0.0032,0.0591,0.4188,0.0320,0.0317,0.9070,0.333,,,,,,,
8,Right,8,0.0000,0.0000,0.0379,0.5463,-0.0081,-0.0245,0.8372,0.333,,,,,,,
8,Right,9,0.0000,0.0000,0.0243,0.2133,0.0219,-0.0171,0.9766,0.333,,,,,,,
8,Right,10,0.0003,0.0010,0.0224,0.0000,0.0000,0.0000,1.0000,0.333,,,,,,,
8,Right,11,-0.0030,-0.0081,0.0348,0.0000,0.0000,0.0000,1.0000,0.333,,,,,,,
8,Right,12,0.0012,0.0056,0.0609,0.4906,0.0494,-0.0324,0.8694,0.333,,,,,,,
8,Right,13,0.0000,0.0000,0.0429,0.3838,-0.0003,-0.0129,0.9233,0.333,,,,,,,
8,Right,14,0.0000,0.0000,0.0275,0.2158,-0.0089,-0.0637,0.9743,0.333,,,,,,,
8,Right,15,0.0003,0.0011,0.0250,0.0000,0.0000,0.0000,1.0000,0.333,,,,,,,
8,Right,16,0.0150,-0.0060,0.0348,0.0000,0.0000,0.0000,1.0000,0.333,,,,,,,
8,Right,17,0.0025,-0.0005,0.0539,0.5176,0.0653,-0.0921,0.8481,0.333,,,,,,,
8,Right,18,0.0000,0.0000,0.0390,0.4083,-0.0110,-0.0409,0.9119,0.333,,,,,,,
8,Right,19,0.0000,0.0000,0.0266,0.3322,-0.0292,-0.0200,0.9425,0.333,,,,,,,
8,Right,20,0.0003,0.0016,0.0243,0.0000,0.0000,0.0000,1.0000,0.333,,,,,,,
8,Right,21,0.0230,-0.0094,0.0341,0.0183,0.1403,-0.2070,0.9680,0.333,,,,,,,
8,Right,22,0.0000,0.0000,0.0457,0.5481,0.0329,0.0623,0.8334,0.333,,,,,,,
8,Right,23,0.0000,0.0000,0.0307,0.3676,0.0251,-0.0683,0.9272,0.333,,,,,,,
8,Right,24,0.0000,0.0000,0.0203,0.3018,-0.0467,0.0017,0.9522,0.333,,,,,,,
8,Right,25,-0.0002,0.0012,0.0219,0.0000,0.0000,0.0000,1.0000,0.333,,,,,,,
9,Left,0,0.0031,-0.0047,0.0646,0.0000,0.0000,0.0000,1.0000,0.375,,,,,,,
9,Left,1,0.0000,0.0000,0.0000,0.0000,0.0000,0.0000,1.0000,0.375,-0.2100,-0.0192,-0.0747,-0.1048,-0.2910,-0.2033,-0.9290
9,Left,2,0.0318,-0.0128,0.0329,-0.1128,0.4335,-0.5240,0.7245,0.375,,,,,,,
9,Left,3,0.0000,0.0000,0.0325,0.1191,-0.0598,0.0829,0.9876,0.375,,,,,,,
9,Left,4,0.0000,0.0000,0.0338,0.1186,0.0501,-0.0790,0.9885,0.375,,,,,,,
9,Left,5,-0.0007,0.0010,0.0246,0.0000,0.0000,0.0000,1.0000,0.375,,,,,,,
9,Left,6,0.0206,-0.0079,0.0356,0.0000,0.0000,0.0000,1.0000,0.375,,,,,,,
9,Left,7,0.0030,0.0005,0.0604,0.0970,-0.0510,-0.0300,0.9935,0.375,,,,,,,
9,Left,8,0.0000,0.0000,0.0379,0.2094,-0.0016,0.0263,0.9775,0.375,,,,,,,
9,Left,9,0.0000,0.0000,0.0243,0.1198,-0.0239,0.0169,0.9924,0.375,,,,,,,
9,Left,10,-0.0003,0.0010,0.0224,0.0000,0.0000,0.0000,1.0000,0.375,,,,,,,
9,Left,11,0.0044,-0.0068,0.0335,0.0000,0.0000,0.0000,1.0000,0.375,,,,,,,
9,Left,12,-0.0027,0.0043,0.0622,0.1393,-0.0960,0.0174,0.9854,0.375,,,,,,,
9,Left,13,0.0000,0.0000,0.0429,0.2320,-0.0016,0.0124,0.9726,0.375,,,,,,,
9,Left,14,0.0000,0.0000,0.0275,0.0824,0.0030,0.0516,0.9953,0.375,,,,,,,
9,Left,15,-0.0003,0.0011,0.0250,0.0000,0.0000,0.0000,1.0000,0.375,,,,,,,
9,Left,16,-0.0150,-0.0060,0.0348,0.0000,0.0000,0.0000,1.0000,0.375,,,,,,,
9,Left,17,-0.0025,-0.0005,0.0539,0.1403,-0.1031,0.0622,0.9828,0.375,,,,,,,
9,Left,18,0.0000,0.0000,0.0390,0.1963,0.0037,0.0378,0.9798,0.375,,,,,,,
9,Left,19,0.0000,0.0000,0.0266,0.1065,0.0296,0.0096,0.9938,0.375,,,,,,,
9,Left,20,-0.0003,0.0016,0.0243,0.0000,0.0000,0.0000,1.0000,0.375,,,,,,,
9,Left,21,-0.0230,-0.0094,0.0341,0.0183,-0.1403,0.2070,0.9680,0.375,,,,,,,
9,Left,22,0.0000,0.0000,0.0457,0.0876,0.0100,-0.0892,0.9921,0.375,,,,,,,
9,Left,23,0.0000,0.0000,0.0307,0.1784,-0.0348,0.0538,0.9819,0.375,,,,,,,
9,Left,24,0.0000,0.0000,0.0203,0.0267,0.0491,-0.0008,0.9984,0.375,,,,,,,
9,Left,25,0.0002,0.0012,0.0219,0.0000,0.0000,0.0000,1.0000,0.375,,,,,,,
9,Right,0,-0.0023,-0.0053,0.0652,0.0000,0.0000,0.0000,1.0000,0.375,,,,,,,
9,Right,1,0.0000,0.0000,0.0000,0.0000,0.0000,0.0000,1.0000,0.375,-0.0175,0.2709,0.0138,0.2316,-0.5268,0.3714,0.7287
9,Right,2,-0.0289,-0.0181,0.0354,0.0164,-0.4371,0.6134,0.6576,0.375,,,,,,,
9,Right,3,0.0000,0.0000,0.0325,0.0239,0.0682,-0.0832,0.9939,0.375,,,,,,,
9,Right,4,0.0000,0.0000,0.0338,-0.0531,-0.0646,0.0834,0.9930,0.375,,,,,,,
9,Right,5,0.0007,0.0010,0.0246,0.0000,0.0000,0.0000,1.0000,0.375,,,,,,,
9,Right,6,-0.0192,-0.0105,0.0369,0.0000,0.0000,0.0000,1.0000,0.375,,,,,,,
9,Right,7,-0.0044,0.0032,0.0591,0.4181,0.0311,0.0321,0.9073,0.375,,,,,,,
9,Right,8,0.0000,0.0000,0.0379,0.5541,-0.0083,-0.0244,0.8320,0.375,,,,,,,
9,Right,9,0.0000,0.0000,0.0243,0.2148,0.0219,-0.0171,0.9763,0.375,,,,,,,
9,Right,10,0.0003,0.0010,0.0224,0.0000,0.0000,0.0000,1.0000,0.375,,,,,,,
9,Right,11,-0.0030,-0.0081,0.0348,0.0000,0.0000,0.0000,1.0000,0.375,,,,,,,
9,Right,12,0.0012,0.0056,0.0609,0.4913,0.0489,-0.0322,0.8690,0.375,,,,,,,
9,Right,13,0.0000,0.0000,0.0429,0.3943,-0.0004,-0.0129,0.9189,0.375,,,,,,,
9,Right,14,0.0000,0.0000,0.0275,0.2265,-0.0094,-0.0647,0.9718,0.375,,,,,,,
9,Right,15,0.0003,0.0011,0.0250,0.0000,0.0000,0.0000,1.0000,0.375,,,,,,,
9,Right,16,0.0150,-0.0060,0.0348,0.0000,0.0000,0.0000,1.0000,0.375,,,,,,,
9,Right,17,0.0025,-0.0005,0.0539,0.5268,0.0639,-0.0926,0.8425,0.375,,,,,,,
9,Right,18,0.0000,0.0000,0.0390,0.4188,-0.0113,-0.0410,0.9071,0.375,,,,,,,
9,Right,19,0.0000,0.0000,0.0266,0.3413,-0.0291,-0.0204,0.9393,0.375,,,,,,,
9,Right,20,0.0003,0.0016,0.0243,0.0000,0.0000,0.0000,1.0000,0.375,,,,,,,
9,Right,21,0.0230,-0.0094,0.0341,0.0183,0.1403,-0.2070,0.9680,0.375,,,,,,,
9,Right,22,0.0000,0.0000,0.0457,0.5647,0.0352,0.0605,0.8223,0.375,,,,,,,
9,Right,23,0.0000,0.0000,0.0307,0.3891,0.0239,-0.0698,0.9182,0.375,,,,,,,
9,Right,24,0.0000,0.0000,0.0203,0.3148,-0.0464,0.0018,0.9480,0.375,,,,,,,
9,Right,25,-0.0002,0.0012,0.0219,0.0000,0.0000,0.0000,1.0000,0.375,,,,,,,
10,Left,0,0.0030,-0.0047,0.0646,0.0000,0.0000,0.0000,1.0000,0.417,,,,,,,
10,Left,1,0.0000,0.0000,0.0000,0.0000,0.0000,0.0000,1.0000,0.417,-0.2104,-0.0195,-0.0746,-0.1035,-0.2933,-0.2018,-0.9287
10,Left,2,0.0316,-0.0132,0.0331,-0.1015,0.4365,-0.5324,0.7181,0.417,,,,,,,
10,Left,3,0.0000,0.0000,0.0325,0.1180,-0.0599,0.0829,0.9877,0.417,,,,,,,
10,Left,4,0.0000,0.0000,0.0338,0.1185,0.0501,-0.0790,0.9885,0.417,,,,,,,
10,Left,5,-0.0007,0.0010,0.0246,0.0000,0.0000,0.0000,1.0000,0.417,,,,,,,
10,Left,6,0.0205,-0.0081,0.0357,0.0000,0.0000,0.0000,1.0000,0.417,,,,,,,
10,Left,7,0.0030,0.0008,0.0603,0.0963,-0.0506,-0.0300,0.9936,0.417,,,,,,,
10,Left,8,0.0000,0.0000,0.0379,0.2097,-0.0016,0.0263,0.9774,0.417,,,,,,,
10,Left,9,0.0000,0.0000,0.0243,0.1194,-0.0239,0.0169,0.9924,0.417,,,,,,,
10,Left,10,-0.0003,0.0010,0.0224,0.0000,0.0000,0.0000,1.0000,0.417,,,,,,,
10,Left,11,0.0043,-0.0069,0.0336,0.0000,0.0000,0.0000,1.0000,0.417,,,,,,,
10,Left,12,-0.0026,0.0044,0.0621,0.1395,-0.0961,0.0175,0.9854,0.417,,,,,,,
10,Left,13,0.0000,0.0000,0.0429,0.2341,-0.0016,0.0124,0.9721,0.417,,,,,,,
10,Left,14,0.0000,0.0000,0.0275,0.0832,0.0031,0.0516,0.9952,0.417,,,,,,,
10,Left,15,-0.0003,0.0011,0.0250,0.0000,0.0000,0.0000,1.0000,0.417,,,,,,,
10,Left,16,-0.0150,-0.0060,0.0348,0.0000,0.0000,0.0000,1.0000,0.417,,,,,,,
10,Left,17,-0.0025,-0.0005,0.0539,0.1403,-0.1034,0.0622,0.9827,0.417,,,,,,,
10,Left,18,0.0000,0.0000,0.0390,0.1985,0.0037,0.0378,0.9794,0.417,,,,,,,
10,Left,19,0.0000,0.0000,0.0266,0.1073,0.0296,0.0097,0.9937,0.417,,,,,,,
10,Left,20,-0.0003,0.0016,0.0243,0.0000,0.0000,0.0000,1.0000,0.417,,,,,,,
10,Left,21,-0.0230,-0.0094,0.0341,0.0183,-0.1403,0.2070,0.9680,0.417,,,,,,,
10,Left,22,0.0000,0.0000,0.0457,0.0879,0.0099,-0.0892,0.9921,0.417,,,,,,,
10,Left,23,0.0000,0.0000,0.0307,0.1800,-0.0347,0.0539,0.9816,0.417,,,,,,,
10,Left,24,0.0000,0.0000,0.0203,0.0270,0.0491,-0.0008,0.9984,0.417,,,,,,,
10,Left,25,0.0002,0.0012,0.0219,0.0000,0.0000,0.0000,1.0000,0.417,,,,,,,
10,Right,0,-0.0023,-0.0053,0.0652,0.0000,0.0000,0.0000,1.0000,0.417,,,,,,,
10,Right,1,0.0000,0.0000,0.0000,0.0000,0.0000,0.0000,1.0000,0.417,-0.0123,0.2725,0.0162,0.2270,-0.5261,0.3661,0.7333
10,Right,2,-0.0289,-0.0181,0.0355,0.0172,-0.4364,0.6141,0.6574,0.417,,,,,,,
10,Right,3,0.0000,0.0000,0.0325,0.0223,0.0683,-0.0832,0.9939,0.417,,,,,,,
10,Right,4,0.0000,0.0000,0.0338,-0.0524,-0.0645,0.0834,0.9930,0.417,,,,,,,
10,Right,5,0.0007,0.0010,0.0246,0.0000,0.0000,0.0000,1.0000,0.417,,,,,,,
10,Right,6,-0.0191,-0.0105,0.0369,0.0000,0.0000,0.0000,1.0000,0.417,,,,,,,
10,Right,7,-0.0044,0.0032,0.0591,0.4184,0.0305,0.0323,0.9072,0.417,,,,,,,
10,Right,8,0.0000,0.0000,0.0379,0.5618,-0.0086,-0.0243,0.8269,0.417,,,,,,,
10,Right,9,0.0000,0.0000,0.0243,0.2163,0.0219,-0.0171,0.9759,0.417,,,,,,,
10,Right,10,0.0003,0.0010,0.0224,0.0000,0.0000,0.0000,1.0000,0.417,,,,,,,
10,Right,11,-0.0029,-0.0082,0.0348,0.0000,0.0000,0.0000,1.0000,0.417,,,,,,,
10,Right,12,0.0012,0.0056,0.0609,0.4981,0.0487,-0.0326,0.8651,0.417,,,,,,,
10,Right,13,0.0000,0.0000,0.0429,0.4001,-0.0005,-0.0129,0.9164,0.417,,,,,,,
10,Right,14,0.0000,0.0000,0.0275,0.2329,-0.0096,-0.0652,0.9703,0.417,,,,,,,
10,Right,15,0.0003,0.0011,0.0250,0.0000,0.0000,0.0000,1.0000,0.417,,,,,,,
10,Right,16,0.0150,-0.0060,0.0348,0.0000,0.0000,0.0000,1.0000,0.417,,,,,,,
10,Right,17,0.0025,-0.0005,0.0539,0.5434,0.0619,-0.0936,0.8319,0.417,,,,,,,
10,Right,18,0.0000,0.0000,0.0390,0.4230,-0.0115,-0.0410,0.9051,0.417,,,,,,,
10,Right,19,0.0000,0.0000,0.0266,0.3462,-0.0291,-0.0206,0.9375,0.417,,,,,,,
10,Right,20,0.0003,0.0016,0.0243,0.0000,0.0000,0.0000,1.0000,0.417,,,,,,,
10,Right,21,0.0230,-0.0094,0.0341,0.0183,0.1403,-0.2070,0.9680,0.417,,,,,,,
10,Right,22,0.0000,0.0000,0.0457,0.5789,0.0373,0.0588,0.8124,0.417,,,,,,,
10,Right,23,0.0000,0.0000,0.0307,0.4063,0.0229,-0.0711,0.9107,0.417,,,,,,,
10,Right,24,0.0000,0.0000,0.0203,0.3266,-0.0462,0.0018,0.9440,0.417,,,,,,,
10,Right,25,-0.0002,0.0012,0.0219,0.0000,0.0000,0.0000,1.0000,0.417,,,,,,,
11,Left,0,0.0030,-0.0048,0.0646,0.0000,0.0000,0.0000,1.0000,0.458,,,,,,,
11,Left,1,0.0000,0.0000,0.0000,0.0000,0.0000,0.0000,1.0000,0.458,-0.2108,-0.0197,-0.0744,-0.1030,-0.2953,-0.2005,-0.9284
11,Left,2,0.0315,-0.0134,0.0332,-0.0941,0.4404,-0.5370,0.7133,0.458,,,,,,,
11,Left,3,0.0000,0.0000,0.0325,0.1167,-0.0600,0.0829,0.9879,0.458,,,,,,,
11,Left,4,0.0000,0.0000,0.0338,0.1183,0.0502,-0.0790,0.9886,0.458,,,,,,,
11,Left,5,-0.0007,0.0010,0.0246,0.0000,0.0000,0.0000,1.0000,0.458,,,,,,,
11,Left,6,0.0205,-0.0082,0.0358,0.0000,0.0000,0.0000,1.0000,0.458,,,,,,,
11,Left,7,0.0031,0.0009,0.0602,0.0955,-0.0498,-0.0300,0.9937,0.458,,,,,,,
11,Left,8,0.0000,0.0000,0.0379,0.2105,-0.0016,0.0263,0.9772,0.458,,,,,,,
11,Left,9,0.0000,0.0000,0.0243,0.1191,-0.0239,0.0169,0.9925,0.458,,,,,,,
11,Left,10,-0.0003,0.0010,0.0224,0.0000,0.0000,0.0000,1.0000,0.458,,,,,,,
11,Left,11,0.0043,-0.0070,0.0336,0.0000,0.0000,0.0000,1.0000,0.458,,,,,,,
11,Left,12,-0.0025,0.0044,0.0620,0.1396,-0.0959,0.0175,0.9854,0.458,,,,,,,
11,Left,13,0.0000,0.0000,0.0429,0.2365,-0.0016,0.0124,0.9716,0.458,,,,,,,
11,Left,14,0.0000,0.0000,0.0275,0.0842,0.0031,0.0517,0.9951,0.458,,,,,,,
11,Left,15,-0.0003,0.0011,0.0250,0.0000,0.0000,0.0000,1.0000,0.458,,,,,,,
11,Left,16,-0.0150,-0.0060,0.0348,0.0000,0.0000,0.0000,1.0000,0.458,,,,,,,
11,Left,17,-0.0025,-0.0005,0.0539,0.1402,-0.1037,0.0622,0.9827,0.458,,,,,,,
11,Left,18,0.0000,0.0000,0.0390,0.2007,0.0038,0.0379,0.9789,0.458,,,,,,,
11,Left,19,0.0000,0.0000,0.0266,0.1082,0.0296,0.0097,0.9936,0.458,,,,,,,
11,Left,20,-0.0003,0.0016,0.0243,0.0000,0.0000,0.0000,1.0000,0.458,,,,,,,
11,Left,21,-0.0230,-0.0094,0.0341,0.0183,-0.1403,0.2070,0.9680,0.458,,,,,,,
11,Left,22,0.0000,0.0000,0.0457,0.0882,0.0095,-0.0891,0.9921,0.458,,,,,,,
11,Left,23,0.0000,0.0000,0.0307,0.1816,-0.0346,0.0541,0.9813,0.458,,,,,,,
11,Left,24,0.0000,0.0000,0.0203,0.0275,0.0491,-0.0008,0.9984,0.458,,,,,,,
11,Left,25,0.0002,0.0012,0.0219,0.0000,0.0000,0.0000,1.0000,0.458,,,,,,,
11,Right,0,-0.0023,-0.0054,0.0652,0.0000,0.0000,0.0000,1.0000,0.458,,,,,,,
11,Right,1,0.0000,0.0000,0.0000,0.0000,0.0000,0.0000,1.0000,0.458,-0.0080,0.2730,0.0187,0.2217,-0.5205,0.3552,0.7442
11,Right,2,-0.0287,-0.0183,0.0356,0.0223,-0.4344,0.6178,0.6550,0.458,,,,,,,
11,Right,3,0.0000,0.0000,0.0325,0.0208,0.0685,-0.0832,0.9940,0.458,,,,,,,
11,Right,4,0.0000,0.0000,0.0338,-0.0512,-0.0645,0.0834,0.9931,0.458,,,,,,,
11,Right,5,0.0007,0.0010,0.0246,0.0000,0.0000,0.0000,1.0000,0.458,,,,,,,
11,Right,6,-0.0191,-0.0106,0.0370,0.0000,0.0000,0.0000,1.0000,0.458,,,,,,,
11,Right,7,-0.0045,0.0033,0.0590,0.4194,0.0303,0.0324,0.9067,0.458,,,,,,,
11,Right,8,0.0000,0.0000,0.0379,0.5665,-0.0087,-0.0242,0.8237,0.458,,,,,,,
11,Right,9,0.0000,0.0000,0.0243,0.2179,0.0218,-0.0171,0.9756,0.458,,,,,,,
11,Right,10,0.0003,0.0010,0.0224,0.0000,0.0000,0.0000,1.0000,0.458,,,,,,,
11,Right,11,-0.0028,-0.0082,0.0348,0.0000,0.0000,0.0000,1.0000,0.458,,,,,,,
11,Right,12,0.0011,0.0057,0.0608,0.5022,0.0488,-0.0329,0.8628,0.458,,,,,,,
11,Right,13,0.0000,0.0000,0.0429,0.4042,-0.0006,-0.0129,0.9146,0.458,,,,,,,
11,Right,14,0.0000,0.0000,0.0275,0.2361,-0.0098,-0.0655,0.9695,0.458,,,,,,,
11,Right,15,0.0003,0.0011,0.0250,0.0000,0.0000,0.0000,1.0000,0.458,,,,,,,
11,Right,16,0.0150,-0.0060,0.0348,0.0000,0.0000,0.0000,1.0000,0.458,,,,,,,
11,Right,17,0.0025,-0.0005,0.0539,0.5492,0.0612,-0.0940,0.8281,0.458,,,,,,,
11,Right,18,0.0000,0.0000,0.0390,0.4256,-0.0116,-0.0411,0.9039,0.458,,,,,,,
11,Right,19,0.0000,0.0000,0.0266,0.3489,-0.0291,-0.0207,0.9365,0.458,,,,,,,
11,Right,20,0.0003,0.0016,0.0243,0.0000,0.0000,0.0000,1.0000,0.458,,,,,,,
11,Right,21,0.0230,-0.0094,0.0341,0.0183,0.1403,-0.2070,0.9680,0.458,,,,,,,
11,Right,22,0.0000,0.0000,0.0457,0.5847,0.0383,0.0580,0.8083,0.458,,,,,,,
11,Right,23,0.0000,0.0000,0.0307,0.4142,0.0225,-0.0716,0.9071,0.458,,,,,,,
11,Right,24,0.0000,0.0000,0.0203,0.3321,-0.0461,0.0018,0.9421,0.458,,,,,,,
11,Right,25,-0.0002,0.0012,0.0219,0.0000,0.0000,0.0000,1.0000,0.458,,,,,,,
12,Left,0,0.0030,-0.0048,0.0646,0.0000,0.0000,0.0000,1.0000,0.500,,,,,,,
12,Left,1,0.0000,0.0000,0.0000,0.0000,0.0000,0.0000,1.0000,0.500,-0.2111,-0.0196,-0.0743,-0.1034,-0.2957,-0.2002,-0.9283
12,Left,2,0.0315,-0.0135,0.0332,-0.0917,0.4418,-0.5384,0.7117,0.500,,,,,,,
12,Left,3,0.0000,0.0000,0.0325,0.1155,-0.0601,0.0829,0.9880,0.500,,,,,,,
12,Left,4,0.0000,0.0000,0.0338,0.1180,0.0502,-0.0790,0.9886,0.500,,,,,,,
12,Left,5,-0.0007,0.0010,0.0246,0.0000,0.0000,0.0000,1.0000,0.500,,,,,,,
12,Left,6,0.0205,-0.0082,0.0358,0.0000,0.0000,0.0000,1.0000,0.500,,,,,,,
12,Left,7,0.0031,0.0009,0.0602,0.0945,-0.0485,-0.0301,0.9939,0.500,,,,,,,
12,Left,8,0.0000,0.0000,0.0379,0.2118,-0.0016,0.0263,0.9770,0.500,,,,,,,
12,Left,9,0.0000,0.0000,0.0243,0.1191,-0.0239,0.0169,0.9925,0.500,,,,,,,
12,Left,10,-0.0003,0.0010,0.0224,0.0000,0.0000,0.0000,1.0000,0.500,,,,,,,
12,Left,11,0.0042,-0.0070,0.0336,0.0000,0.0000,0.0000,1.0000,0.500,,,,,,,
12,Left,12,-0.0025,0.0045,0.0620,0.1388,-0.0954,0.0173,0.9856,0.500,,,,,,,
12,Left,13,0.0000,0.0000,0.0429,0.2385,-0.0015,0.0125,0.9711,0.500,,,,,,,
12,Left,14,0.0000,0.0000,0.0275,0.0852,0.0032,0.0518,0.9950,0.500,,,,,,,
12,Left,15,-0.0003,0.0011,0.0250,0.0000,0.0000,0.0000,1.0000,0.500,,,,,,,
12,Left,16,-0.0150,-0.0060,0.0348,0.0000,0.0000,0.0000,1.0000,0.500,,,,,,,
12,Left,17,-0.0025,-0.0005,0.0539,0.1390,-0.1038,0.0621,0.9829,0.500,,,,,,,
12,Left,18,0.0000,0.0000,0.0390,0.2024,0.0039,0.0379,0.9786,0.500,,,,,,,
12,Left,19,0.0000,0.0000,0.0266,0.1091,0.0296,0.0097,0.9935,0.500,,,,,,,
12,Left,20,-0.0003,0.0016,0.0243,0.0000,0.0000,0.0000,1.0000,0.500,,,,,,,
12,Left,21,-0.0230,-0.0094,0.0341,0.0183,-0.1403,0.2070,0.9680,0.500,,,,,,,
12,Left,22,0.0000,0.0000,0.0457,0.0880,0.0089,-0.0891,0.9921,0.500,,,,,,,
12,Left,23,0.0000,0.0000,0.0307,0.1833,-0.0346,0.0542,0.9810,0.500,,,,,,,
12,Left,24,0.0000,0.0000,0.0203,0.0282,0.0491,-0.0008,0.9984,0.500,,,,,,,
12,Left,25,0.0002,0.0012,0.0219,0.0000,0.0000,0.0000,1.0000,0.500,,,,,,,
12,Right,0,-0.0023,-0.0054,0.0652,0.0000,0.0000,0.0000,1.0000,0.500,,,,,,,
12,Right,1,0.0000,0.0000,0.0000,0.0000,0.0000,0.0000,1.0000,0.500,-0.0049,0.2736,0.0196,0.2234,-0.5143,0.3437,0.7533
12,Right,2,-0.0286,-0.0184,0.0356,0.0236,-0.4342,0.6187,0.6544,0.500,,,,,,,
12,Right,3,0.0000,0.0000,0.0325,0.0184,0.0687,-0.0832,0.9940,0.500,,,,,,,
12,Right,4,0.0000,0.0000,0.0338,-0.0501,-0.0644,0.0834,0.9932,0.500,,,,,,,
12,Right,5,0.0007,0.0010,0.0246,0.0000,0.0000,0.0000,1.0000,0.500,,,,,,,
12,Right,6,-0.0190,-0.0107,0.0370,0.0000,0.0000,0.0000,1.0000,0.500,,,,,,,
12,Right,7,-0.0045,0.0033,0.0590,0.4209,0.0303,0.0324,0.9060,0.500,,,,,,,
12,Right,8,0.0000,0.0000,0.0379,0.5695,-0.0088,-0.0242,0.8216,0.500,,,,,,,
12,Right,9,0.0000,0.0000,0.0243,0.2228,0.0217,-0.0171,0.9745,0.500,,,,,,,
12,Right,10,0.0003,0.0010,0.0224,0.0000,0.0000,0.0000,1.0000,0.500,,,,,,,
12,Right,11,-0.0028,-0.0082,0.0348,0.0000,0.0000,0.0000,1.0000,0.500,,,,,,,
12,Right,12,0.0011,0.0057,0.0608,0.5032,0.0490,-0.0331,0.8621,0.500,,,,,,,
12,Right,13,0.0000,0.0000,0.0429,0.4058,-0.0006,-0.0129,0.9139,0.500,,,,,,,
12,Right,14,0.0000,0.0000,0.0276,0.2381,-0.0099,-0.0657,0.9690,0.500,,,,,,,
12,Right,15,0.0003,0.0011,0.0250,0.0000,0.0000,0.0000,1.0000,0.500,,,,,,,
12,Right,16,0.0150,-0.0060,0.0348,0.0000,0.0000,0.0000,1.0000,0.500,,,,,,,
12,Right,17,0.0025,-0.0005,0.0539,0.5501,0.0613,-0.0942,0.8275,0.500,,,,,,,
12,Right,18,0.0000,0.0000,0.0390,0.4271,-0.0116,-0.0411,0.9032,0.500,,,,,,,
12,Right,19,0.0000,0.0000,0.0266,0.3512,-0.0291,-0.0208,0.9356,0.500,,,,,,,
12,Right,20,0.0003,0.0016,0.0243,0.0000,0.0000,0.0000,1.0000,0.500,,,,,,,
12,Right,21,0.0230,-0.0094,0.0341,0.0183,0.1403,-0.2070,0.9680,0.500,,,,,,,
12,Right,22,0.0000,0.0000,0.0457,0.5858,0.0388,0.0576,0.8075,0.500,,,,,,,
12,Right,23,0.0000,0.0000,0.0307,0.4156,0.0224,-0.0717,0.9065,0.500,,,,,,,
12,Right,24,0.0000,0.0000,0.0203,0.3347,-0.0461,0.0018,0.9412,0.500,,,,,,,
12,Right,25,-0.0002,0.0012,0.0219,0.0000,0.0000,0.0000,1.0000,0.500,,,,,,,
13,Left,0,0.0030,-0.0048,0.0646,0.0000,0.0000,0.0000,1.0000,0.542,,,,,,,
13,Left,1,0.0000,0.0000,0.0000,0.0000,0.0000,0.0000,1.0000,0.542,-0.2113,-0.0195,-0.0744,-0.1046,-0.2959,-0.1994,-0.9283
13,Left,2,0.0315,-0.0135,0.0332,-0.0906,0.4422,-0.5391,0.7110,0.542,,,,,,,
13,Left,3,0.0000,0.0000,0.0325,0.1144,-0.0602,0.0829,0.9881,0.542,,,,,,,
13,Left,4,0.0000,0.0000,0.0338,0.1175,0.0502,-0.0790,0.9886,0.542,,,,,,,
13,Left,5,-0.0007,0.0010,0.0246,0.0000,0.0000,0.0000,1.0000,0.542,,,,,,,
13,Left,6,0.0205,-0.0082,0.0358,0.0000,0.0000,0.0000,1.0000,0.542,,,,,,,
13,Left,7,0.0031,0.0009,0.0602,0.0933,-0.0465,-0.0302,0.9941,0.542,,,,,,,
13,Left,8,0.0000,0.0000,0.0379,0.2130,-0.0015,0.0263,0.9767,0.542,,,,,,,
13,Left,9,0.0000,0.0000,0.0243,0.1191,-0.0239,0.0169,0.9924,0.542,,,,,,,
13,Left,10,-0.0003,0.0010,0.0224,0.0000,0.0000,0.0000,1.0000,0.542,,,,,,,
13,Left,11,0.0042,-0.0070,0.0337,0.0000,0.0000,0.0000,1.0000,0.542,,,,,,,
13,Left,12,-0.0025,0.0045,0.0620,0.1372,-0.0945,0.0171,0.9859,0.542,,,,,,,
13,Left,13,0.0000,0.0000,0.0429,0.2394,-0.0015,0.0125,0.9708,0.542,,,,,,,
13,Left,14,0.0000,0.0000,0.0275,0.0858,0.0032,0.0519,0.9950,0.542,,,,,,,
13,Left,15,-0.0003,0.0011,0.0250,0.0000,0.0000,0.0000,1.0000,0.542,,,,,,,
13,Left,16,-0.0150,-0.0060,0.0348,0.0000,0.0000,0.0000,1.0000,0.542,,,,,,,
13,Left,17,-0.0025,-0.0005,0.0539,0.1356,-0.1038,0.0618,0.9834,0.542,,,,,,,
13,Left,18,0.0000,0.0000,0.0390,0.2034,0.0039,0.0379,0.9784,0.542,,,,,,,
13,Left,19,0.0000,0.0000,0.0266,0.1098,0.0296,0.0098,0.9935,0.542,,,,,,,
13,Left,20,-0.0003,0.0016,0.0243,0.0000,0.0000,0.0000,1.0000,0.542,,,,,,,
13,Left,21,-0.0230,-0.0094,0.0341,0.0183,-0.1403,0.2070,0.9680,0.542,,,,,,,
13,Left,22,0.0000,0.0000,0.0457,0.0876,0.0084,-0.0891,0.9921,0.542,,,,,,,
13,Left,23,0.0000,0.0000,0.0307,0.1847,-0.0345,0.0543,0.9807,0.542,,,,,,,
13,Left,24,0.0000,0.0000,0.0203,0.0290,0.0491,-0.0008,0.9984,0.542,,,,,,,
13,Left,25,0.0002,0.0012,0.0219,0.0000,0.0000,0.0000,1.0000,0.542,,,,,,,
13,Right,0,-0.0023,-0.0054,0.0652,0.0000,0.0000,0.0000,1.0000,0.542,,,,,,,
13,Right,1,0.0000,0.0000,0.0000,0.0000,0.0000,0.0000,1.0000,0.542,-0.0033,0.2744,0.0196,0.2283,-0.5080,0.3292,0.7626
13,Right,2,-0.0286,-0.0185,0.0356,0.0252,-0.4341,0.6196,0.6535,0.542,,,,,,,
13,Right,3,0.0000,0.0000,0.0325,0.0157,0.0689,-0.0832,0.9940,0.542,,,,,,,
13,Right,4,0.0000,0.0000,0.0338,-0.0493,-0.0643,0.0833,0.9932,0.542,,,,,,,
13,Right,5,0.0007,0.0010,0.0246,0.0000,0.0000,0.0000,1.0000,0.542,,,,,,,
13,Right,6,-0.0190,-0.0107,0.0370,0.0000,0.0000,0.0000,1.0000,0.542,,,,,,,
13,Right,7,-0.0045,0.0034,0.0590,0.4256,0.0305,0.0324,0.9038,0.542,,,,,,,
13,Right,8,0.0000,0.0000,0.0379,0.5734,-0.0089,-0.0241,0.8189,0.542,,,,,,,
13,Right,9,0.0000,0.0000,0.0243,0.2284,0.0216,-0.0171,0.9732,0.542,,,,,,,
13,Right,10,0.0003,0.0010,0.0224,0.0000,0.0000,0.0000,1.0000,0.542,,,,,,,
13,Right,11,-0.0028,-0.0082,0.0349,0.0000,0.0000,0.0000,1.0000,0.542,,,,,,,
13,Right,12,0.0011,0.0057,0.0608,0.5043,0.0494,-0.0334,0.8615,0.542,,,,,,,
13,Right,13,0.0000,0.0000,0.0429,0.4073,-0.0006,-0.0129,0.9132,0.542,,,,,,,
13,Right,14,0.0000,0.0000,0.0276,0.2408,-0.0100,-0.0659,0.9683,0.542,,,,,,,
13,Right,15,0.0003,0.0011,0.0250,0.0000,0.0000,0.0000,1.0000,0.542,,,,,,,
13,Right,16,0.0150,-0.0060,0.0348,0.0000,0.0000,0.0000,1.0000,0.542,,,,,,,
13,Right,17,0.0025,-0.0005,0.0539,0.5514,0.0614,-0.0945,0.8266,0.542,,,,,,,
13,Right,18,0.0000,0.0000,0.0390,0.4287,-0.0117,-0.0411,0.9024,0.542,,,,,,,
13,Right,19,0.0000,0.0000,0.0266,0.3537,-0.0290,-0.0209,0.9347,0.542,,,,,,,
13,Right,20,0.0003,0.0016,0.0243,0.0000,0.0000,0.0000,1.0000,0.542,,,,,,,
13,Right,21,0.0230,-0.0094,0.0341,0.0183,0.1403,-0.2070,0.9680,0.542,,,,,,,
13,Right,22,0.0000,0.0000,0.0457,0.5895,0.0396,0.0570,0.8048,0.542,,,,,,,
13,Right,23,0.0000,0.0000,0.0307,0.4170,0.0223,-0.0718,0.9058,0.542,,,,,,,
13,Right,24,0.0000,0.0000,0.0203,0.3366,-0.0461,0.0018,0.9405,0.542,,,,,,,
13,Right,25,-0.0002,0.0012,0.0219,0.0000,0.0000,0.0000,1.0000,0.542,,,,,,,
14,Left,0,0.0030,-0.0048,0.0647,0.0000,0.0000,0.0000,1.0000,0.583,,,,,,,
14,Left,1,0.0000,0.0000,0.0000,0.0000,0.0000,0.0000,1.0000,0.583,-0.2117,-0.0194,-0.0745,-0.1099,-0.2954,-0.1964,-0.9285
14,Left,2,0.0315,-0.0136,0.0332,-0.0901,0.4425,-0.5395,0.7107,0.583,,,,,,,
14,Left,3,0.0000,0.0000,0.0325,0.1136,-0.0603,0.0829,0.9882,0.583,,,,,,,
14,Left,4,0.0000,0.0000,0.0338,0.1177,0.0502,-0.0790,0.9886,0.583,,,,,,,
14,Left,5,-0.0007,0.0010,0.0246,0.0000,0.0000,0.0000,1.0000,0.583,,,,,,,
14,Left,6,0.0204,-0.0082,0.0358,0.0000,0.0000,0.0000,1.0000,0.583,,,,,,,
14,Left,7,0.0031,0.0009,0.0602,0.0917,-0.0434,-0.0304,0.9944,0.583,,,,,,,
14,Left,8,0.0000,0.0000,0.0379,0.2137,-0.0015,0.0263,0.9765,0.583,,,,,,,
14,Left,9,0.0000,0.0000,0.0243,0.1191,-0.0239,0.0169,0.9924,0.583,,,,,,,
14,Left,10,-0.0003,0.0010,0.0224,0.0000,0.0000,0.0000,1.0000,0.583,,,,,,,
14,Left,11,0.0042,-0.0070,0.0337,0.0000,0.0000,0.0000,1.0000,0.583,,,,,,,
14,Left,12,-0.0025,0.0045,0.0620,0.1357,-0.0933,0.0169,0.9862,0.583,,,,,,,
14,Left,13,0.0000,0.0000,0.0429,0.2393,-0.0015,0.0125,0.9709,0.583,,,,,,,
14,Left,14,0.0000,0.0000,0.0275,0.0860,0.0032,0.0519,0.9949,0.583,,,,,,,
14,Left,15,-0.0003,0.0011,0.0250,0.0000,0.0000,0.0000,1.0000,0.583,,,,,,,
14,Left,16,-0.0150,-0.0060,0.0348,0.0000,0.0000,0.0000,1.0000,0.583,,,,,,,
14,Left,17,-0.0025,-0.0005,0.0539,0.1323,-0.1037,0.0614,0.9839,0.583,,,,,,,
14,Left,18,0.0000,0.0000,0.0390,0.2035,0.0039,0.0379,0.9783,0.583,,,,,,,
14,Left,19,0.0000,0.0000,0.0266,0.1103,0.0296,0.0098,0.9934,0.583,,,,,,,
14,Left,20,-0.0003,0.0016,0.0243,0.0000,0.0000,0.0000,1.0000,0.583,,,,,,,
14,Left,21,-0.0230,-0.0094,0.0341,0.0183,-0.1403,0.2070,0.9680,0.583,,,,,,,
14,Left,22,0.0000,0.0000,0.0457,0.0870,0.0081,-0.0891,0.9922,0.583,,,,,,,
14,Left,23,0.0000,0.0000,0.0307,0.1857,-0.0344,0.0544,0.9805,0.583,,,,,,,
14,Left,24,0.0000,0.0000,0.0203,0.0300,0.0491,-0.0008,0.9983,0.583,,,,,,,
14,Left,25,0.0002,0.0012,0.0219,0.0000,0.0000,0.0000,1.0000,0.583,,,,,,,
14,Right,0,-0.0023,-0.0054,0.0653,0.0000,0.0000,0.0000,1.0000,0.583,,,,,,,
14,Right,1,0.0000,0.0000,0.0000,0.0000,0.0000,0.0000,1.0000,0.583,0.0001,0.2769,0.0188,0.2295,-0.5041,0.3149,0.7707
14,Right,2,-0.0286,-0.0185,0.0357,0.0270,-0.4343,0.6205,0.6524,0.583,,,,,,,
14,Right,3,0.0000,0.0000,0.0325,0.0132,0.0691,-0.0832,0.9940,0.583,,,,,,,
14,Right,4,0.0000,0.0000,0.0338,-0.0492,-0.0643,0.0833,0.9932,0.583,,,,,,,
14,Right,5,0.0007,0.0010,0.0246,0.0000,0.0000,0.0000,1.0000,0.583,,,,,,,
14,Right,6,-0.0190,-0.0107,0.0370,0.0000,0.0000,0.0000,1.0000,0.583,,,,,,,
14,Right,7,-0.0046,0.0034,0.0590,0.4315,0.0309,0.0322,0.9010,0.583,,,,,,,
14,Right,8,0.0000,0.0000,0.0379,0.5758,-0.0090,-0.0241,0.8172,0.583,,,,,,,
14,Right,9,0.0000,0.0000,0.0243,0.2313,0.0215,-0.0171,0.9725,0.583,,,,,,,
14,Right,10,0.0003,0.0010,0.0224,0.0000,0.0000,0.0000,1.0000,0.583,,,,,,,
14,Right,11,-0.0028,-0.0083,0.0349,0.0000,0.0000,0.0000,1.0000,0.583,,,,,,,
14,Right,12,0.0011,0.0057,0.0608,0.5051,0.0502,-0.0339,0.8609,0.583,,,,,,,
14,Right,13,0.0000,0.0000,0.0429,0.4089,-0.0006,-0.0129,0.9125,0.583,,,,,,,
14,Right,14,0.0000,0.0000,0.0275,0.2425,-0.0101,-0.0661,0.9678,0.583,,,,,,,
14,Right,15,0.0003,0.0011,0.0250,0.0000,0.0000,0.0000,1.0000,0.583,,,,,,,
14,Right,16,0.0150,-0.0060,0.0348,0.0000,0.0000,0.0000,1.0000,0.583,,,,,,,
14,Right,17,0.0025,-0.0005,0.0539,0.5526,0.0619,-0.0949,0.8257,0.583,,,,,,,
14,Right,18,0.0000,0.0000,0.0390,0.4314,-0.0118,-0.0411,0.9012,0.583,,,,,,,
14,Right,19,0.0000,0.0000,0.0266,0.3552,-0.0290,-0.0210,0.9341,0.583,,,,,,,
14,Right,20,0.0003,0.0016,0.0243,0.0000,0.0000,0.0000,1.0000,0.583,,,,,,,
14,Right,21,0.0230,-0.0094,0.0341,0.0183,0.1403,-0.2070,0.9680,0.583,,,,,,,
14,Right,22,0.0000,0.0000,0.0457,0.5939,0.0404,0.0563,0.8016,0.583,,,,,,,
14,Right,23,0.0000,0.0000,0.0307,0.4182,0.0222,-0.0719,0.9052,0.583,,,,,,,
14,Right,24,0.0000,0.0000,0.0203,0.3377,-0.0460,0.0018,0.9401,0.583,,,,,,,
14,Right,25,-0.0002,0.0012,0.0219,0.0000,0.0000,0.0000,1.0000,0.583,,,,,,,
15,Left,0,0.0030,-0.0048,0.0647,0.0000,0.0000,0.0000,1.0000,0.625,,,,,,,
15,Left,1,0.0000,0.0000,0.0000,0.0000,0.0000,0.0000,1.0000,0.625,-0.2120,-0.0193,-0.0746,-0.1224,-0.2928,-0.1890,-0.9293
15,Left,2,0.0315,-0.0135,0.0332,-0.0903,0.4426,-0.5393,0.7107,0.625,,,,,,,
15,Left,3,0.0000,0.0000,0.0325,0.1130,-0.0603,0.0829,0.9883,0.625,,,,,,,
15,Left,4,0.0000,0.0000,0.0338,0.1183,0.0502,-0.0790,0.9886,0.625,,,,,,,
15,Left,5,-0.0007,0.0010,0.0246,0.0000,0.0000,0.0000,1.0000,0.625,,,,,,,
15,Left,6,0.0205,-0.0082,0.0358,0.0000,0.0000,0.0000,1.0000,0.625,,,,,,,
15,Left,7,0.0031,0.0009,0.0602,0.0904,-0.0411,-0.0305,0.9946,0.625,,,,,,,
15,Left,8,0.0000,0.0000,0.0379,0.2134,-0.0015,0.0263,0.9766,0.625,,,,,,,
15,Left,9,0.0000,0.0000,0.0243,0.1186,-0.0239,0.0169,0.9925,0.625,,,,,,,
15,Left,10,-0.0003,0.0010,0.0224,0.0000,0.0000,0.0000,1.0000,0.625,,,,,,,
15,Left,11,0.0042,-0.0070,0.0337,0.0000,0.0000,0.0000,1.0000,0.625,,,,,,,
15,Left,12,-0.0025,0.0045,0.0620,0.1347,-0.0922,0.0167,0.9865,0.625,,,,,,,
15,Left,13,0.0000,0.0000,0.0429,0.2380,-0.0016,0.0125,0.9712,0.625,,,,,,,
15,Left,14,0.0000,0.0000,0.0275,0.0856,0.0032,0.0519,0.9950,0.625,,,,,,,
15,Left,15,-0.0003,0.0011,0.0250,0.0000,0.0000,0.0000,1.0000,0.625,,,,,,,
15,Left,16,-0.0150,-0.0060,0.0348,0.0000,0.0000,0.0000,1.0000,0.625,,,,,,,
15,Left,17,-0.0025,-0.0005,0.0539,0.1308,-0.1033,0.0613,0.9841,0.625,,,,,,,
15,Left,18,0.0000,0.0000,0.0390,0.2027,0.0039,0.0379,0.9785,0.625,,,,,,,
15,Left,19,0.0000,0.0000,0.0266,0.1105,0.0296,0.0098,0.9934,0.625,,,,,,,
15,Left,20,-0.0003,0.0016,0.0243,0.0000,0.0000,0.0000,1.0000,0.625,,,,,,,
15,Left,21,-0.0230,-0.0094,0.0341,0.0183,-0.1403,0.2070,0.9680,0.625,,,,,,,
15,Left,22,0.0000,0.0000,0.0457,0.0864,0.0077,-0.0891,0.9922,0.625,,,,,,,
15,Left,23,0.0000,0.0000,0.0307,0.1865,-0.0344,0.0545,0.9803,0.625,,,,,,,
15,Left,24,0.0000,0.0000,0.0203,0.0309,0.0491,-0.0008,0.9983,0.625,,,,,,,
15,Left,25,0.0002,0.0012,0.0219,0.0000,0.0000,0.0000,1.0000,0.625,,,,,,,
15,Right,0,-0.0022,-0.0054,0.0653,0.0000,0.0000,0.0000,1.0000,0.625,,,,,,,
15,Right,1,0.0000,0.0000,0.0000,0.0000,0.0000,0.0000,1.0000,0.625,0.0077,0.2788,0.0166,0.2277,-0.5007,0.2977,0.7802
15,Right,2,-0.0285,-0.0186,0.0357,0.0301,-0.4339,0.6223,0.6508,0.625,,,,,,,
15,Right,3,0.0000,0.0000,0.0325,0.0116,0.0692,-0.0832,0.9941,0.625,,,,,,,
15,Right,4,0.0000,0.0000,0.0338,-0.0496,-0.0643,0.0833,0.9932,0.625,,,,,,,
15,Right,5,0.0007,0.0010,0.0246,0.0000,0.0000,0.0000,1.0000,0.625,,,,,,,
15,Right,6,-0.0189,-0.0108,0.0371,0.0000,0.0000,0.0000,1.0000,0.625,,,,,,,
15,Right,7,-0.0046,0.0035,0.0589,0.4383,0.0316,0.0320,0.8977,0.625,,,,,,,
15,Right,8,0.0000,0.0000,0.0379,0.5774,-0.0090,-0.0241,0.8161,0.625,,,,,,,
15,Right,9,0.0000,0.0000,0.0243,0.2350,0.0214,-0.0171,0.9716,0.625,,,,,,,
15,Right,10,0.0003,0.0010,0.0224,0.0000,0.0000,0.0000,1.0000,0.625,,,,,,,
15,Right,11,-0.0027,-0.0083,0.0349,0.0000,0.0000,0.0000,1.0000,0.625,,,,,,,
15,Right,12,0.0010,0.0057,0.0608,0.5058,0.0511,-0.0345,0.8604,0.625,,,,,,,
15,Right,13,0.0000,0.0000,0.0429,0.4120,-0.0007,-0.0129,0.9111,0.625,,,,,,,
15,Right,14,0.0000,0.0000,0.0275,0.2482,-0.0103,-0.0666,0.9664,0.625,,,,,,,
15,Right,15,0.0003,0.0011,0.0250,0.0000,0.0000,0.0000,1.0000,0.625,,,,,,,
15,Right,16,0.0150,-0.0060,0.0348,0.0000,0.0000,0.0000,1.0000,0.625,,,,,,,
15,Right,17,0.0025,-0.0005,0.0539,0.5540,0.0624,-0.0954,0.8247,0.625,,,,,,,
15,Right,18,0.0000,0.0000,0.0390,0.4378,-0.0120,-0.0412,0.8980,0.625,,,,,,,
15,Right,19,0.0000,0.0000,0.0266,0.3576,-0.0290,-0.0211,0.9332,0.625,,,,,,,
15,Right,20,0.0003,0.0016,0.0243,0.0000,0.0000,0.0000,1.0000,0.625,,,,,,,
15,Right,21,0.0230,-0.0094,0.0341,0.0183,0.1403,-0.2070,0.9680,0.625,,,,,,,
15,Right,22,0.0000,0.0000,0.0457,0.6002,0.0414,0.0554,0.7969,0.625,,,,,,,
15,Right,23,0.0000,0.0000,0.0307,0.4212,0.0220,-0.0721,0.9038,0.625,,,,,,,
15,Right,24,0.0000,0.0000,0.0203,0.3396,-0.0460,0.0019,0.9394,0.625,,,,,,,
15,Right,25,-0.0002,0.0012,0.0219,0.0000,0.0000,0.0000,1.0000,0.625,,,,,,,
16,Left,0,0.0030,-0.0048,0.0646,0.0000,0.0000,0.0000,1.0000,0.667,,,,,,,
16,Left,1,0.0000,0.0000,0.0000,0.0000,0.0000,0.0000,1.0000,0.667,-0.2122,-0.0193,-0.0746,-0.1350,-0.2897,-0.1790,-0.9305
16,Left,2,0.0315,-0.0135,0.0332,-0.0917,0.4423,-0.5383,0.7115,0.667,,,,,,,
16,Left,3,0.0000,0.0000,0.0325,0.1125,-0.0604,0.0829,0.9883,0.667,,,,,,,
16,Left,4,0.0000,0.0000,0.0338,0.1194,0.0501,-0.0790,0.9884,0.667,,,,,,,
16,Left,5,-0.0007,0.0010,0.0246,0.0000,0.0000,0.0000,1.0000,0.667,,,,,,,
16,Left,6,0.0205,-0.0082,0.0358,0.0000,0.0000,0.0000,1.0000,0.667,,,,,,,
16,Left,7,0.0031,0.0009,0.0602,0.0894,-0.0395,-0.0305,0.9947,0.667,,,,,,,
16,Left,8,0.0000,0.0000,0.0379,0.2119,-0.0016,0.0263,0.9769,0.667,,,,,,,
16,Left,9,0.0000,0.0000,0.0243,0.1178,-0.0239,0.0169,0.9926,0.667,,,,,,,
16,Left,10,-0.0003,0.0010,0.0224,0.0000,0.0000,0.0000,1.0000,0.667,,,,,,,
16,Left,11,0.0043,-0.0070,0.0336,0.0000,0.0000,0.0000,1.0000,0.667,,,,,,,
16,Left,12,-0.0025,0.0045,0.0620,0.1343,-0.0912,0.0165,0.9866,0.667,,,,,,,
16,Left,13,0.0000,0.0000,0.0429,0.2330,-0.0016,0.0124,0.9724,0.667,,,,,,,
16,Left,14,0.0000,0.0000,0.0275,0.0849,0.0032,0.0518,0.9950,0.667,,,,,,,
16,Left,15,-0.0003,0.0011,0.0250,0.0000,0.0000,0.0000,1.0000,0.667,,,,,,,
16,Left,16,-0.0150,-0.0060,0.0348,0.0000,0.0000,0.0000,1.0000,0.667,,,,,,,
16,Left,17,-0.0025,-0.0005,0.0539,0.1301,-0.1030,0.0612,0.9842,0.667,,,,,,,
16,Left,18,0.0000,0.0000,0.0390,0.2005,0.0038,0.0379,0.9789,0.667,,,,,,,
16,Left,19,0.0000,0.0000,0.0266,0.1101,0.0296,0.0098,0.9934,0.667,,,,,,,
16,Left,20,-0.0003,0.0016,0.0243,0.0000,0.0000,0.0000,1.0000,0.667,,,,,,,
16,Left,21,-0.0230,-0.0094,0.0341,0.0183,-0.1403,0.2070,0.9680,0.667,,,,,,,
16,Left,22,0.0000,0.0000,0.0457,0.0861,0.0073,-0.0890,0.9923,0.667,,,,,,,
16,Left,23,0.0000,0.0000,0.0307,0.1864,-0.0344,0.0545,0.9804,0.667,,,,,,,
16,Left,24,0.0000,0.0000,0.0203,0.0313,0.0491,-0.0008,0.9983,0.667,,,,,,,
16,Left,25,0.0002,0.0012,0.0219,0.0000,0.0000,0.0000,1.0000,0.667,,,,,,,
16,Right,0,-0.0022,-0.0054,0.0653,0.0000,0.0000,0.0000,1.0000,0.667,,,,,,,
16,Right,1,0.0000,0.0000,0.0000,0.0000,0.0000,0.0000,1.0000,0.667,0.0191,0.2766,0.0149,0.2200,-0.4912,0.2689,0.7988
16,Right,2,-0.0283,-0.0188,0.0358,0.0338,-0.4330,0.6247,0.6489,0.667,,,,,,,
16,Right,3,0.0000,0.0000,0.0325,0.0103,0.0693,-0.0832,0.9941,0.667,,,,,,,
16,Right,4,0.0000,0.0000,0.0338,-0.0502,-0.0644,0.0834,0.9932,0.667,,,,,,,
16,Right,5,0.0007,0.0010,0.0246,0.0000,0.0000,0.0000,1.0000,0.667,,,,,,,
16,Right,6,-0.0189,-0.0109,0.0371,0.0000,0.0000,0.0000,1.0000,0.667,,,,,,,
16,Right,7,-0.0047,0.0035,0.0589,0.4394,0.0322,0.0317,0.8972,0.667,,,,,,,
16,Right,8,0.0000,0.0000,0.0379,0.5787,-0.0091,-0.0241,0.8151,0.667,,,,,,,
16,Right,9,0.0000,0.0000,0.0243,0.2367,0.0214,-0.0171,0.9712,0.667,,,,,,,
16,Right,10,0.0003,0.0010,0.0224,0.0000,0.0000,0.0000,1.0000,0.667,,,,,,,
16,Right,11,-0.0027,-0.0083,0.0349,0.0000,0.0000,0.0000,1.0000,0.667,,,,,,,
16,Right,12,0.0009,0.0058,0.0607,0.5061,0.0523,-0.0351,0.8602,0.667,,,,,,,
16,Right,13,0.0000,0.0000,0.0429,0.4140,-0.0007,-0.0129,0.9102,0.667,,,,,,,
16,Right,14,0.0000,0.0000,0.0275,0.2538,-0.0105,-0.0671,0.9649,0.667,,,,,,,
16,Right,15,0.0003,0.0011,0.0250,0.0000,0.0000,0.0000,1.0000,0.667,,,,,,,
16,Right,16,0.0150,-0.0060,0.0348,0.0000,0.0000,0.0000,1.0000,0.667,,,,,,,
16,Right,17,0.0025,-0.0005,0.0539,0.5554,0.0632,-0.0961,0.8236,0.667,,,,,,,
16,Right,18,0.0000,0.0000,0.0390,0.4393,-0.0120,-0.0412,0.8973,0.667,,,,,,,
16,Right,19,0.0000,0.0000,0.0266,0.3593,-0.0290,-0.0212,0.9325,0.667,,,,,,,
16,Right,20,0.0003,0.0016,0.0243,0.0000,0.0000,0.0000,1.0000,0.667,,,,,,,
16,Right,21,0.0230,-0.0094,0.0341,0.0183,0.1403,-0.2070,0.9680,0.667,,,,,,,
16,Right,22,0.0000,0.0000,0.0457,0.6095,0.0430,0.0540,0.7898,0.667,,,,,,,
16,Right,23,0.0000,0.0000,0.0307,0.4225,0.0220,-0.0722,0.9032,0.667,,,,,,,
16,Right,24,0.0000,0.0000,0.0203,0.3407,-0.0460,0.0019,0.9391,0.667,,,,,,,
16,Right,25,-0.0002,0.0012,0.0219,0.0000,0.0000,0.0000,1.0000,0.667,,,,,,,
17,Left,0,0.0030,-0.0047,0.0646,0.0000,0.0000,0.0000,1.0000,0.708,,,,,,,
17,Left,1,0.0000,0.0000,0.0000,0.0000,0.0000,0.0000,1.0000,0.708,-0.2121,-0.0196,-0.0748,-0.1418,-0.2887,-0.1750,-0.9305
17,Left,2,0.0316,-0.0133,0.0331,-0.0974,0.4411,-0.5342,0.7146,0.708,,,,,,,
17,Left,3,0.0000,0.0000,0.0325,0.1116,-0.0605,0.0829,0.9884,0.708,,,,,,,
17,Left,4,0.0000,0.0000,0.0338,0.1204,0.0500,-0.0789,0.9883,0.708,,,,,,,
17,Left,5,-0.0007,0.0010,0.0246,0.0000,0.0000,0.0000,1.0000,0.708,,,,,,,
17,Left,6,0.0205,-0.0081,0.0357,0.0000,0.0000,0.0000,1.0000,0.708,,,,,,,
17,Left,7,0.0030,0.0008,0.0602,0.0883,-0.0379,-0.0306,0.9949,0.708,,,,,,,
17,Left,8,0.0000,0.0000,0.0379,0.2099,-0.0016,0.0263,0.9774,0.708,,,,,,,
17,Left,9,0.0000,0.0000,0.0243,0.1172,-0.0239,0.0169,0.9927,0.708,,,,,,,
17,Left,10,-0.0003,0.0010,0.0224,0.0000,0.0000,0.0000,1.0000,0.708,,,,,,,
17,Left,11,0.0043,-0.0069,0.0336,0.0000,0.0000,0.0000,1.0000,0.708,,,,,,,
17,Left,12,-0.0026,0.0044,0.0621,0.1341,-0.0901,0.0164,0.9867,0.708,,,,,,,
17,Left,13,0.0000,0.0000,0.0429,0.2282,-0.0017,0.0124,0.9735,0.708,,,,,,,
17,Left,14,0.0000,0.0000,0.0275,0.0841,0.0031,0.0517,0.9951,0.708,,,,,,,
17,Left,15,-0.0003,0.0011,0.0250,0.0000,0.0000,0.0000,1.0000,0.708,,,,,,,
17,Left,16,-0.0150,-0.0060,0.0348,0.0000,0.0000,0.0000,1.0000,0.708,,,,,,,
17,Left,17,-0.0025,-0.0005,0.0539,0.1298,-0.1024,0.0611,0.9844,0.708,,,,,,,
17,Left,18,0.0000,0.0000,0.0390,0.1959,0.0036,0.0378,0.9799,0.708,,,,,,,
17,Left,19,0.0000,0.0000,0.0266,0.1095,0.0296,0.0098,0.9935,0.708,,,,,,,
17,Left,20,-0.0003,0.0016,0.0243,0.0000,0.0000,0.0000,1.0000,0.708,,,,,,,
17,Left,21,-0.0230,-0.0094,0.0341,0.0183,-0.1403,0.2070,0.9680,0.708,,,,,,,
17,Left,22,0.0000,0.0000,0.0457,0.0860,0.0075,-0.0891,0.9923,0.708,,,,,,,
17,Left,23,0.0000,0.0000,0.0307,0.1859,-0.0344,0.0544,0.9805,0.708,,,,,,,
17,Left,24,0.0000,0.0000,0.0203,0.0313,0.0491,-0.0008,0.9983,0.708,,,,,,,
17,Left,25,0.0002,0.0012,0.0219,0.0000,0.0000,0.0000,1.0000,0.708,,,,,,,
17,Right,0,-0.0022,-0.0054,0.0653,0.0000,0.0000,0.0000,1.0000,0.708,,,,,,,
17,Right,1,0.0000,0.0000,0.0000,0.0000,0.0000,0.0000,1.0000,0.708,0.0310,0.2716,0.0160,0.2133,-0.4853,0.2458,0.8115
17,Right,2,-0.0283,-0.0188,0.0358,0.0346,-0.4333,0.6250,0.6484,0.708,,,,,,,
17,Right,3,0.0000,0.0000,0.0325,0.0087,0.0695,-0.0832,0.9941,0.708,,,,,,,
17,Right,4,0.0000,0.0000,0.0338,-0.0513,-0.0645,0.0834,0.9931,0.708,,,,,,,
17,Right,5,0.0007,0.0010,0.0246,0.0000,0.0000,0.0000,1.0000,0.708,,,,,,,
17,Right,6,-0.0189,-0.0109,0.0371,0.0000,0.0000,0.0000,1.0000,0.708,,,,,,,
17,Right,7,-0.0047,0.0036,0.0589,0.4405,0.0330,0.0314,0.8966,0.708,,,,,,,
17,Right,8,0.0000,0.0000,0.0379,0.5814,-0.0092,-0.0240,0.8132,0.708,,,,,,,
17,Right,9,0.0000,0.0000,0.0243,0.2382,0.0214,-0.0171,0.9708,0.708,,,,,,,
17,Right,10,0.0003,0.0010,0.0224,0.0000,0.0000,0.0000,1.0000,0.708,,,,,,,
17,Right,11,-0.0027,-0.0083,0.0349,0.0000,0.0000,0.0000,1.0000,0.708,,,,,,,
17,Right,12,0.0009,0.0058,0.0607,0.5065,0.0534,-0.0357,0.8598,0.708,,,,,,,
17,Right,13,0.0000,0.0000,0.0429,0.4153,-0.0007,-0.0129,0.9096,0.708,,,,,,,
17,Right,14,0.0000,0.0000,0.0275,0.2553,-0.0106,-0.0672,0.9645,0.708,,,,,,,
17,Right,15,0.0003,0.0011,0.0250,0.0000,0.0000,0.0000,1.0000,0.708,,,,,,,
17,Right,16,0.0150,-0.0060,0.0348,0.0000,0.0000,0.0000,1.0000,0.708,,,,,,,
17,Right,17,0.0025,-0.0005,0.0539,0.5587,0.0638,-0.0969,0.8212,0.708,,,,,,,
17,Right,18,0.0000,0.0000,0.0390,0.4401,-0.0121,-0.0412,0.8969,0.708,,,,,,,
17,Right,19,0.0000,0.0000,0.0266,0.3606,-0.0290,-0.0213,0.9320,0.708,,,,,,,
17,Right,20,0.0003,0.0016,0.0243,0.0000,0.0000,0.0000,1.0000,0.708,,,,,,,
17,Right,21,0.0230,-0.0094,0.0341,0.0183,0.1403,-0.2070,0.9680,0.708,,,,,,,
17,Right,22,0.0000,0.0000,0.0457,0.6158,0.0444,0.0528,0.7849,0.708,,,,,,,
17,Right,23,0.0000,0.0000,0.0307,0.4230,0.0219,-0.0722,0.9030,0.708,,,,,,,
17,Right,24,0.0000,0.0000,0.0203,0.3403,-0.0460,0.0019,0.9392,0.708,,,,,,,
17,Right,25,-0.0002,0.0012,0.0219,0.0000,0.0000,0.0000,1.0000,0.708,,,,,,,
18,Left,0,0.0030,-0.0047,0.0646,0.0000,0.0000,0.0000,1.0000,0.750,,,,,,,
18,Left,1,0.0000,0.0000,0.0000,0.0000,0.0000,0.0000,1.0000,0.750,-0.2122,-0.0198,-0.0752,-0.1423,-0.2887,-0.1746,-0.9305
18,Left,2,0.0316,-0.0131,0.0330,-0.1026,0.4381,-0.5310,0.7181,0.750,,,,,,,
18,Left,3,0.0000,0.0000,0.0325,0.1103,-0.0606,0.0829,0.9886,0.750,,,,,,,
18,Left,4,0.0000,0.0000,0.0338,0.1221,0.0498,-0.0789,0.9881,0.750,,,,,,,
18,Left,5,-0.0007,0.0010,0.0246,0.0000,0.0000,0.0000,1.0000,0.750,,,,,,,
18,Left,6,0.0205,-0.0080,0.0357,0.0000,0.0000,0.0000,1.0000,0.750,,,,,,,
18,Left,7,0.0030,0.0007,0.0603,0.0870,-0.0363,-0.0307,0.9951,0.750,,,,,,,
18,Left,8,0.0000,0.0000,0.0379,0.2089,-0.0016,0.0263,0.9776,0.750,,,,,,,
18,Left,9,0.0000,0.0000,0.0243,0.1169,-0.0239,0.0169,0.9927,0.750,,,,,,,
18,Left,10,-0.0003,0.0010,0.0224,0.0000,0.0000,0.0000,1.0000,0.750,,,,,,,
18,Left,11,0.0043,-0.0069,0.0335,0.0000,0.0000,0.0000,1.0000,0.750,,,,,,,
18,Left,12,-0.0026,0.0044,0.0621,0.1345,-0.0888,0.0163,0.9868,0.750,,,,,,,
18,Left,13,0.0000,0.0000,0.0429,0.2273,-0.0017,0.0124,0.9737,0.750,,,,,,,
18,Left,14,0.0000,0.0000,0.0275,0.0837,0.0031,0.0517,0.9951,0.750,,,,,,,
18,Left,15,-0.0003,0.0011,0.0250,0.0000,0.0000,0.0000,1.0000,0.750,,,,,,,
18,Left,16,-0.0150,-0.0060,0.0348,0.0000,0.0000,0.0000,1.0000,0.750,,,,,,,
18,Left,17,-0.0025,-0.0005,0.0539,0.1301,-0.1016,0.0610,0.9844,0.750,,,,,,,
18,Left,18,0.0000,0.0000,0.0390,0.1948,0.0036,0.0378,0.9801,0.750,,,,,,,
18,Left,19,0.0000,0.0000,0.0266,0.1092,0.0296,0.0097,0.9935,0.750,,,,,,,
18,Left,20,-0.0003,0.0016,0.0243,0.0000,0.0000,0.0000,1.0000,0.750,,,,,,,
18,Left,21,-0.0230,-0.0094,0.0341,0.0183,-0.1403,0.2070,0.9680,0.750,,,,,,,
18,Left,22,0.0000,0.0000,0.0457,0.0866,0.0081,-0.0891,0.9922,0.750,,,,,,,
18,Left,23,0.0000,0.0000,0.0307,0.1857,-0.0345,0.0544,0.9805,0.750,,,,,,,
18,Left,24,0.0000,0.0000,0.0203,0.0311,0.0491,-0.0008,0.9983,0.750,,,,,,,
18,Left,25,0.0002,0.0012,0.0219,0.0000,0.0000,0.0000,1.0000,0.750,,,,,,,
18,Right,0,-0.0022,-0.0054,0.0653,0.0000,0.0000,0.0000,1.0000,0.750,,,,,,,
18,Right,1,0.0000,0.0000,0.0000,0.0000,0.0000,0.0000,1.0000,0.750,0.0364,0.2711,0.0173,0.2121,-0.4822,0.2382,0.8159
18,Right,2,-0.0283,-0.0188,0.0358,0.0353,-0.4342,0.6250,0.6478,0.750,,,,,,,
18,Right,3,0.0000,0.0000,0.0325,0.0027,0.0700,-0.0832,0.9941,0.750,,,,,,,
18,Right,4,0.0000,0.0000,0.0338,-0.0534,-0.0646,0.0834,0.9930,0.750,,,,,,,
18,Right,5,0.0007,0.0010,0.0246,0.0000,0.0000,0.0000,1.0000,0.750,,,,,,,
18,Right,6,-0.0189,-0.0109,0.0371,0.0000,0.0000,0.0000,1.0000,0.750,,,,,,,
18,Right,7,-0.0047,0.0035,0.0589,0.4419,0.0339,0.0310,0.8959,0.750,,,,,,,
18,Right,8,0.0000,0.0000,0.0379,0.5823,-0.0092,-0.0240,0.8125,0.750,,,,,,,
18,Right,9,0.0000,0.0000,0.0243,0.2394,0.0213,-0.0171,0.9705,0.750,,,,,,,
18,Right,10,0.0003,0.0010,0.0224,0.0000,0.0000,0.0000,1.0000,0.750,,,,,,,
18,Right,11,-0.0027,-0.0083,0.0349,0.0000,0.0000,0.0000,1.0000,0.750,,,,,,,
18,Right,12,0.0009,0.0058,0.0607,0.5062,0.0546,-0.0363,0.8599,0.750,,,,,,,
18,Right,13,0.0000,0.0000,0.0429,0.4159,-0.0007,-0.0129,0.9093,0.750,,,,,,,
18,Right,14,0.0000,0.0000,0.0276,0.2556,-0.0106,-0.0672,0.9644,0.750,,,,,,,
18,Right,15,0.0003,0.0011,0.0250,0.0000,0.0000,0.0000,1.0000,0.750,,,,,,,
18,Right,16,0.0150,-0.0060,0.0348,0.0000,0.0000,0.0000,1.0000,0.750,,,,,,,
18,Right,17,0.0025,-0.0005,0.0539,0.5595,0.0650,-0.0977,0.8205,0.750,,,,,,,
18,Right,18,0.0000,0.0000,0.0390,0.4401,-0.0121,-0.0412,0.8969,0.750,,,,,,,
18,Right,19,0.0000,0.0000,0.0266,0.3613,-0.0290,-0.0213,0.9318,0.750,,,,,,,
18,Right,20,0.0003,0.0016,0.0243,0.0000,0.0000,0.0000,1.0000,0.750,,,,,,,
18,Right,21,0.0230,-0.0094,0.0341,0.0183,0.1403,-0.2070,0.9680,0.750,,,,,,,
18,Right,22,0.0000,0.0000,0.0457,0.6171,0.0454,0.0520,0.7838,0.750,,,,,,,
18,Right,23,0.0000,0.0000,0.0307,0.4192,0.0222,-0.0720,0.9048,0.750,,,,,,,
18,Right,24,0.0000,0.0000,0.0203,0.3327,-0.0461,0.0018,0.9419,0.750,,,,,,,
18,Right,25,-0.0002,0.0012,0.0219,0.0000,0.0000,0.0000,1.0000,0.750,,,,,,,
19,Left,0,0.0030,-0.0047,0.0646,0.0000,0.0000,0.0000,1.0000,0.792,,,,,,,
19,Left,1,0.0000,0.0000,0.0000,0.0000,0.0000,0.0000,1.0000,0.792,-0.2123,-0.0201,-0.0758,-0.1424,-0.2885,-0.1745,-0.9306
19,Left,2,0.0317,-0.0130,0.0330,-0.1063,0.4366,-0.5284,0.7203,0.792,,,,,,,
19,Left,3,0.0000,0.0000,0.0325,0.1092,-0.0607,0.0829,0.9887,0.792,,,,,,,
19,Left,4,0.0000,0.0000,0.0338,0.1286,0.0492,-0.0787,0.9873,0.792,,,,,,,
19,Left,5,-0.0007,0.0010,0.0246,0.0000,0.0000,0.0000,1.0000,0.792,,,,,,,
19,Left,6,0.0206,-0.0080,0.0357,0.0000,0.0000,0.0000,1.0000,0.792,,,,,,,
19,Left,7,0.0030,0.0006,0.0603,0.0858,-0.0348,-0.0307,0.9952,0.792,,,,,,,
19,Left,8,0.0000,0.0000,0.0379,0.2085,-0.0017,0.0263,0.9777,0.792,,,,,,,
19,Left,9,0.0000,0.0000,0.0243,0.1169,-0.0239,0.0169,0.9927,0.792,,,,,,,
19,Left,10,-0.0003,0.0010,0.0224,0.0000,0.0000,0.0000,1.0000,0.792,,,,,,,
19,Left,11,0.0043,-0.0069,0.0335,0.0000,0.0000,0.0000,1.0000,0.792,,,,,,,
19,Left,12,-0.0026,0.0043,0.0621,0.1354,-0.0876,0.0163,0.9868,0.792,,,,,,,
19,Left,13,0.0000,0.0000,0.0429,0.2271,-0.0017,0.0124,0.9738,0.792,,,,,,,
19,Left,14,0.0000,0.0000,0.0275,0.0836,0.0031,0.0517,0.9952,0.792,,,,,,,
19,Left,15,-0.0003,0.0011,0.0250,0.0000,0.0000,0.0000,1.0000,0.792,,,,,,,
19,Left,16,-0.0150,-0.0060,0.0348,0.0000,0.0000,0.0000,1.0000,0.792,,,,,,,
19,Left,17,-0.0025,-0.0005,0.0539,0.1309,-0.1009,0.0611,0.9844,0.792,,,,,,,
19,Left,18,0.0000,0.0000,0.0390,0.1941,0.0036,0.0378,0.9803,0.792,,,,,,,
19,Left,19,0.0000,0.0000,0.0266,0.1091,0.0296,0.0097,0.9935,0.792,,,,,,,
19,Left,20,-0.0003,0.0016,0.0243,0.0000,0.0000,0.0000,1.0000,0.792,,,,,,,
19,Left,21,-0.0230,-0.0094,0.0341,0.0183,-0.1403,0.2070,0.9680,0.792,,,,,,,
19,Left,22,0.0000,0.0000,0.0457,0.0879,0.0086,-0.0891,0.9921,0.792,,,,,,,
19,Left,23,0.0000,0.0000,0.0307,0.1858,-0.0344,0.0544,0.9805,0.792,,,,,,,
19,Left,24,0.0000,0.0000,0.0203,0.0310,0.0491,-0.0008,0.9983,0.792,,,,,,,
19,Left,25,0.0002,0.0012,0.0219,0.0000,0.0000,0.0000,1.0000,0.792,,,,,,,
19,Right,0,-0.0022,-0.0054,0.0653,0.0000,0.0000,0.0000,1.0000,0.792,,,,,,,
19,Right,1,0.0000,0.0000,0.0000,0.0000,0.0000,0.0000,1.0000,0.792,0.0409,0.2711,0.0180,0.2099,-0.4811,0.2297,0.8196
19,Right,2,-0.0283,-0.0188,0.0358,0.0358,-0.4354,0.6247,0.6472,0.792,,,,,,,
19,Right,3,0.0000,0.0000,0.0325,-0.0052,0.0706,-0.0832,0.9940,0.792,,,,,,,
19,Right,4,0.0000,0.0000,0.0338,-0.0663,-0.0656,0.0836,0.9921,0.792,,,,,,,
19,Right,5,0.0007,0.0010,0.0246,0.0000,0.0000,0.0000,1.0000,0.792,,,,,,,
19,Right,6,-0.0189,-0.0109,0.0371,0.0000,0.0000,0.0000,1.0000,0.792,,,,,,,
19,Right,7,-0.0047,0.0035,0.0589,0.4421,0.0355,0.0303,0.8957,0.792,,,,,,,
19,Right,8,0.0000,0.0000,0.0379,0.5824,-0.0092,-0.0240,0.8125,0.792,,,,,,,
19,Right,9,0.0000,0.0000,0.0243,0.2400,0.0213,-0.0171,0.9704,0.792,,,,,,,
19,Right,10,0.0003,0.0010,0.0224,0.0000,0.0000,0.0000,1.0000,0.792,,,,,,,
19,Right,11,-0.0027,-0.0083,0.0349,0.0000,0.0000,0.0000,1.0000,0.792,,,,,,,
19,Right,12,0.0009,0.0058,0.0607,0.5026,0.0562,-0.0369,0.8619,0.792,,,,,,,
19,Right,13,0.0000,0.0000,0.0429,0.4160,-0.0007,-0.0129,0.9093,0.792,,,,,,,
19,Right,14,0.0000,0.0000,0.0275,0.2549,-0.0106,-0.0671,0.9646,0.792,,,,,,,
19,Right,15,0.0003,0.0011,0.0250,0.0000,0.0000,0.0000,1.0000,0.792,,,,,,,
19,Right,16,0.0150,-0.0060,0.0348,0.0000,0.0000,0.0000,1.0000,0.792,,,,,,,
19,Right,17,0.0025,-0.0005,0.0539,0.5590,0.0666,-0.0986,0.8206,0.792,,,,,,,
19,Right,18,0.0000,0.0000,0.0390,0.4394,-0.0120,-0.0412,0.8973,0.792,,,,,,,
19,Right,19,0.0000,0.0000,0.0266,0.3610,-0.0290,-0.0213,0.9319,0.792,,,,,,,
19,Right,20,0.0003,0.0016,0.0243,0.0000,0.0000,0.0000,1.0000,0.792,,,,,,,
19,Right,21,0.0230,-0.0094,0.0341,0.0183,0.1403,-0.2070,0.9680,0.792,,,,,,,
19,Right,22,0.0000,0.0000,0.0457,0.6177,0.0467,0.0510,0.7834,0.792,,,,,,,
19,Right,23,0.0000,0.0000,0.0307,0.4033,0.0231,-0.0709,0.9120,0.792,,,,,,,
19,Right,24,0.0000,0.0000,0.0203,0.3146,-0.0464,0.0018,0.9481,0.792,,,,,,,
19,Right,25,-0.0002,0.0012,0.0219,0.0000,0.0000,0.0000,1.0000,0.792,,,,,,,
20,Left,0,0.0030,-0.0047,0.0646,0.0000,0.0000,0.0000,1.0000,0.833,,,,,,,
20,Left,1,0.0000,0.0000,0.0000,0.0000,0.0000,0.0000,1.0000,0.833,-0.2123,-0.0201,-0.0763,-0.1427,-0.2881,-0.1745,-0.9307
20,Left,2,0.0317,-0.0129,0.0329,-0.1081,0.4359,-0.5271,0.7214,0.833,,,,,,,
20,Left,3,0.0000,0.0000,0.0325,0.1081,-0.0608,0.0829,0.9888,0.833,,,,,,,
20,Left,4,0.0000,0.0000,0.0338,0.1378,0.0484,-0.0783,0.9862,0.833,,,,,,,
20,Left,5,-0.0007,0.0010,0.0246,0.0000,0.0000,0.0000,1.0000,0.833,,,,,,,
20,Left,6,0.0206,-0.0079,0.0357,0.0000,0.0000,0.0000,1.0000,0.833,,,,,,,
20,Left,7,0.0030,0.0006,0.0603,0.0845,-0.0338,-0.0307,0.9954,0.833,,,,,,,
20,Left,8,0.0000,0.0000,0.0379,0.2087,-0.0016,0.0263,0.9776,0.833,,,,,,,
20,Left,9,0.0000,0.0000,0.0243,0.1173,-0.0239,0.0169,0.9927,0.833,,,,,,,
20,Left,10,-0.0003,0.0010,0.0224,0.0000,0.0000,0.0000,1.0000,0.833,,,,,,,
20,Left,11,0.0044,-0.0069,0.0335,0.0000,0.0000,0.0000,1.0000,0.833,,,,,,,
20,Left,12,-0.0026,0.0043,0.0621,0.1364,-0.0867,0.0163,0.9867,0.833,,,,,,,
20,Left,13,0.0000,0.0000,0.0429,0.2272,-0.0017,0.0124,0.9738,0.833,,,,,,,
20,Left,14,0.0000,0.0000,0.0275,0.0836,0.0031,0.0517,0.9952,0.833,,,,,,,
20,Left,15,-0.0003,0.0011,0.0250,0.0000,0.0000,0.0000,1.0000,0.833,,,,,,,
20,Left,16,-0.0150,-0.0060,0.0348,0.0000,0.0000,0.0000,1.0000,0.833,,,,,,,
20,Left,17,-0.0025,-0.0005,0.0539,0.1322,-0.1002,0.0612,0.9842,0.833,,,,,,,
20,Left,18,0.0000,0.0000,0.0390,0.1934,0.0036,0.0377,0.9804,0.833,,,,,,,
20,Left,19,0.0000,0.0000,0.0266,0.1090,0.0296,0.0097,0.9936,0.833,,,,,,,
20,Left,20,-0.0003,0.0016,0.0243,0.0000,0.0000,0.0000,1.0000,0.833,,,,,,,
20,Left,21,-0.0230,-0.0094,0.0341,0.0183,-0.1403,0.2070,0.9680,0.833,,,,,,,
20,Left,22,0.0000,0.0000,0.0457,0.0950,0.0086,-0.0888,0.9915,0.833,,,,,,,
20,Left,23,0.0000,0.0000,0.0307,0.1854,-0.0345,0.0544,0.9805,0.833,,,,,,,
20,Left,24,0.0000,0.0000,0.0203,0.0309,0.0491,-0.0008,0.9983,0.833,,,,,,,
20,Left,25,0.0002,0.0012,0.0219,0.0000,0.0000,0.0000,1.0000,0.833,,,,,,,
20,Right,0,-0.0022,-0.0054,0.0653,0.0000,0.0000,0.0000,1.0000,0.833,,,,,,,
20,Right,1,0.0000,0.0000,0.0000,0.0000,0.0000,0.0000,1.0000,0.833,0.0481,0.2682,0.0179,0.2089,-0.4779,0.2065,0.8278
20,Right,2,-0.0284,-0.0188,0.0358,0.0363,-0.4365,0.6244,0.6467,0.833,,,,,,,
20,Right,3,0.0000,0.0000,0.0325,-0.0164,0.0716,-0.0831,0.9938,0.833,,,,,,,
20,Right,4,0.0000,0.0000,0.0338,-0.0770,-0.0665,0.0838,0.9913,0.833,,,,,,,
20,Right,5,0.0007,0.0010,0.0246,0.0000,0.0000,0.0000,1.0000,0.833,,,,,,,
20,Right,6,-0.0189,-0.0108,0.0371,0.0000,0.0000,0.0000,1.0000,0.833,,,,,,,
20,Right,7,-0.0047,0.0035,0.0589,0.4410,0.0411,0.0279,0.8961,0.833,,,,,,,
20,Right,8,0.0000,0.0000,0.0379,0.5823,-0.0092,-0.0240,0.8126,0.833,,,,,,,
20,Right,9,0.0000,0.0000,0.0243,0.2406,0.0213,-0.0171,0.9702,0.833,,,,,,,
20,Right,10,0.0003,0.0010,0.0224,0.0000,0.0000,0.0000,1.0000,0.833,,,,,,,
20,Right,11,-0.0027,-0.0083,0.0349,0.0000,0.0000,0.0000,1.0000,0.833,,,,,,,
20,Right,12,0.0010,0.0058,0.0607,0.4960,0.0589,-0.0377,0.8655,0.833,,,,,,,
20,Right,13,0.0000,0.0000,0.0429,0.4162,-0.0007,-0.0129,0.9092,0.833,,,,,,,
20,Right,14,0.0000,0.0000,0.0275,0.2539,-0.0106,-0.0671,0.9648,0.833,,,,,,,
20,Right,15,0.0003,0.0011,0.0250,0.0000,0.0000,0.0000,1.0000,0.833,,,,,,,
20,Right,16,0.0150,-0.0060,0.0348,0.0000,0.0000,0.0000,1.0000,0.833,,,,,,,
20,Right,17,0.0025,-0.0005,0.0539,0.5578,0.0682,-0.0995,0.8211,0.833,,,,,,,
20,Right,18,0.0000,0.0000,0.0390,0.4385,-0.0120,-0.0412,0.8977,0.833,,,,,,,
20,Right,19,0.0000,0.0000,0.0266,0.3600,-0.0290,-0.0212,0.9323,0.833,,,,,,,
20,Right,20,0.0003,0.0016,0.0243,0.0000,0.0000,0.0000,1.0000,0.833,,,,,,,
20,Right,21,0.0230,-0.0094,0.0341,0.0183,0.1403,-0.2070,0.9680,0.833,,,,,,,
20,Right,22,0.0000,0.0000,0.0457,0.6182,0.0479,0.0500,0.7830,0.833,,,,,,,
20,Right,23,0.0000,0.0000,0.0307,0.4000,0.0233,-0.0706,0.9135,0.833,,,,,,,
20,Right,24,0.0000,0.0000,0.0203,0.3088,-0.0465,0.0018,0.9500,0.833,,,,,,,
20,Right,25,-0.0002,0.0012,0.0219,0.0000,0.0000,0.0000,1.0000,0.833,,,,,,,
21,Left,0,0.0030,-0.0047,0.0646,0.0000,0.0000,0.0000,1.0000,0.875,,,,,,,
21,Left,1,0.0000,0.0000,0.0000,0.0000,0.0000,0.0000,1.0000,0.875,-0.2125,-0.0201,-0.0767,-0.1429,-0.2875,-0.1748,-0.9308
21,Left,2,0.0317,-0.0129,0.0329,-0.1098,0.4350,-0.5260,0.7225,0.875,,,,,,,
21,Left,3,0.0000,0.0000,0.0325,0.1068,-0.0609,0.0830,0.9889,0.875,,,,,,,
21,Left,4,0.0000,0.0000,0.0338,0.1467,0.0476,-0.0780,0.9850,0.875,,,,,,,
21,Left,5,-0.0007,0.0010,0.0246,0.0000,0.0000,0.0000,1.0000,0.875,,,,,,,
21,Left,6,0.0206,-0.0079,0.0356,0.0000,0.0000,0.0000,1.0000,0.875,,,,,,,
21,Left,7,0.0030,0.0006,0.0603,0.0831,-0.0329,-0.0308,0.9955,0.875,,,,,,,
21,Left,8,0.0000,0.0000,0.0379,0.2088,-0.0016,0.0263,0.9776,0.875,,,,,,,
21,Left,9,0.0000,0.0000,0.0243,0.1176,-0.0239,0.0169,0.9926,0.875,,,,,,,
21,Left,10,-0.0003,0.0010,0.0224,0.0000,0.0000,0.0000,1.0000,0.875,,,,,,,
21,Left,11,0.0044,-0.0068,0.0335,0.0000,0.0000,0.0000,1.0000,0.875,,,,,,,
21,Left,12,-0.0026,0.0043,0.0622,0.1371,-0.0858,0.0163,0.9867,0.875,,,,,,,
21,Left,13,0.0000,0.0000,0.0429,0.2269,-0.0017,0.0124,0.9738,0.875,,,,,,,
21,Left,14,0.0000,0.0000,0.0275,0.0833,0.0031,0.0516,0.9952,0.875,,,,,,,
21,Left,15,-0.0003,0.0011,0.0250,0.0000,0.0000,0.0000,1.0000,0.875,,,,,,,
21,Left,16,-0.0150,-0.0060,0.0348,0.0000,0.0000,0.0000,1.0000,0.875,,,,,,,
21,Left,17,-0.0025,-0.0005,0.0539,0.1330,-0.0995,0.0612,0.9842,0.875,,,,,,,
21,Left,18,0.0000,0.0000,0.0390,0.1922,0.0035,0.0377,0.9806,0.875,,,,,,,
21,Left,19,0.0000,0.0000,0.0266,0.1086,0.0296,0.0097,0.9936,0.875,,,,,,,
21,Left,20,-0.0003,0.0016,0.0243,0.0000,0.0000,0.0000,1.0000,0.875,,,,,,,
21,Left,21,-0.0230,-0.0094,0.0341,0.0183,-0.1403,0.2070,0.9680,0.875,,,,,,,
21,Left,22,0.0000,0.0000,0.0457,0.0976,0.0094,-0.0888,0.9912,0.875,,,,,,,
21,Left,23,0.0000,0.0000,0.0307,0.1847,-0.0345,0.0543,0.9807,0.875,,,,,,,
21,Left,24,0.0000,0.0000,0.0203,0.0306,0.0491,-0.0008,0.9983,0.875,,,,,,,
21,Left,25,0.0002,0.0012,0.0219,0.0000,0.0000,0.0000,1.0000,0.875,,,,,,,
21,Right,0,-0.0022,-0.0054,0.0653,0.0000,0.0000,0.0000,1.0000,0.875,,,,,,,
21,Right,1,0.0000,0.0000,0.0000,0.0000,0.0000,0.0000,1.0000,0.875,0.0550,0.2665,0.0167,0.2063,-0.4729,0.1796,0.8376
21,Right,2,-0.0284,-0.0187,0.0358,0.0363,-0.4373,0.6241,0.6465,0.875,,,,,,,
21,Right,3,0.0000,0.0000,0.0325,-0.0237,0.0722,-0.0831,0.9936,0.875,,,,,,,
21,Right,4,0.0000,0.0000,0.0338,-0.0813,-0.0668,0.0839,0.9909,0.875,,,,,,,
21,Right,5,0.0007,0.0010,0.0246,0.0000,0.0000,0.0000,1.0000,0.875,,,,,,,
21,Right,6,-0.0189,-0.0108,0.0371,0.0000,0.0000,0.0000,1.0000,0.875,,,,,,,
21,Right,7,-0.0047,0.0035,0.0589,0.4401,0.0443,0.0266,0.8965,0.875,,,,,,,
21,Right,8,0.0000,0.0000,0.0379,0.5824,-0.0092,-0.0240,0.8125,0.875,,,,,,,
21,Right,9,0.0000,0.0000,0.0243,0.2418,0.0213,-0.0171,0.9699,0.875,,,,,,,
21,Right,10,0.0003,0.0010,0.0224,0.0000,0.0000,0.0000,1.0000,0.875,,,,,,,
21,Right,11,-0.0027,-0.0083,0.0349,0.0000,0.0000,0.0000,1.0000,0.875,,,,,,,
21,Right,12,0.0010,0.0058,0.0607,0.4926,0.0612,-0.0386,0.8673,0.875,,,,,,,
21,Right,13,0.0000,0.0000,0.0429,0.4172,-0.0007,-0.0129,0.9087,0.875,,,,,,,
21,Right,14,0.0000,0.0000,0.0275,0.2533,-0.0105,-0.0670,0.9650,0.875,,,,,,,
21,Right,15,0.0003,0.0011,0.0250,0.0000,0.0000,0.0000,1.0000,0.875,,,,,,,
21,Right,16,0.0150,-0.0060,0.0348,0.0000,0.0000,0.0000,1.0000,0.875,,,,,,,
21,Right,17,0.0025,-0.0005,0.0539,0.5567,0.0698,-0.1003,0.8217,0.875,,,,,,,
21,Right,18,0.0000,0.0000,0.0390,0.4382,-0.0120,-0.0412,0.8978,0.875,,,,,,,
21,Right,19,0.0000,0.0000,0.0266,0.3591,-0.0290,-0.0212,0.9326,0.875,,,,,,,
21,Right,20,0.0003,0.0016,0.0243,0.0000,0.0000,0.0000,1.0000,0.875,,,,,,,
21,Right,21,0.0230,-0.0094,0.0341,0.0183,0.1403,-0.2070,0.9680,0.875,,,,,,,
21,Right,22,0.0000,0.0000,0.0457,0.6187,0.0491,0.0492,0.7826,0.875,,,,,,,
21,Right,23,0.0000,0.0000,0.0307,0.3990,0.0233,-0.0705,0.9140,0.875,,,,,,,
21,Right,24,0.0000,0.0000,0.0203,0.3061,-0.0466,0.0017,0.9509,0.875,,,,,,,
21,Right,25,-0.0002,0.0012,0.0219,0.0000,0.0000,0.0000,1.0000,0.875,,,,,,,
22,Left,0,0.0031,-0.0047,0.0646,0.0000,0.0000,0.0000,1.0000,0.917,,,,,,,
22,Left,1,0.0000,0.0000,0.0000,0.0000,0.0000,0.0000,1.0000,0.917,-0.2124,-0.0204,-0.0770,-0.1434,-0.2869,-0.1753,-0.9308
22,Left,2,0.0318,-0.0128,0.0329,-0.1123,0.4328,-0.5246,0.7245,0.917,,,,,,,
22,Left,3,0.0000,0.0000,0.0325,0.1051,-0.0611,0.0830,0.9891,0.917,,,,,,,
22,Left,4,0.0000,0.0000,0.0338,0.1510,0.0472,-0.0779,0.9843,0.917,,,,,,,
22,Left,5,-0.0007,0.0010,0.0246,0.0000,0.0000,0.0000,1.0000,0.917,,,,,,,
22,Left,6,0.0206,-0.0079,0.0356,0.0000,0.0000,0.0000,1.0000,0.917,,,,,,,
22,Left,7,0.0030,0.0006,0.0604,0.0817,-0.0322,-0.0308,0.9957,0.917,,,,,,,
22,Left,8,0.0000,0.0000,0.0379,0.2092,-0.0016,0.0263,0.9775,0.917,,,,,,,
22,Left,9,0.0000,0.0000,0.0243,0.1183,-0.0239,0.0169,0.9925,0.917,,,,,,,
22,Left,10,-0.0003,0.0010,0.0224,0.0000,0.0000,0.0000,1.0000,0.917,,,,,,,
22,Left,11,0.0044,-0.0068,0.0335,0.0000,0.0000,0.0000,1.0000,0.917,,,,,,,
22,Left,12,-0.0027,0.0043,0.0622,0.1376,-0.0850,0.0162,0.9867,0.917,,,,,,,
22,Left,13,0.0000,0.0000,0.0429,0.2264,-0.0017,0.0124,0.9740,0.917,,,,,,,
22,Left,14,0.0000,0.0000,0.0275,0.0832,0.0031,0.0516,0.9952,0.917,,,,,,,
22,Left,15,-0.0003,0.0011,0.0250,0.0000,0.0000,0.0000,1.0000,0.917,,,,,,,
22,Left,16,-0.0150,-0.0060,0.0348,0.0000,0.0000,0.0000,1.0000,0.917,,,,,,,
22,Left,17,-0.0025,-0.0005,0.0539,0.1332,-0.0988,0.0611,0.9842,0.917,,,,,,,
22,Left,18,0.0000,0.0000,0.0390,0.1909,0.0035,0.0377,0.9809,0.917,,,,,,,
22,Left,19,0.0000,0.0000,0.0266,0.1082,0.0296,0.0097,0.9936,0.917,,,,,,,
22,Left,20,-0.0003,0.0016,0.0243,0.0000,0.0000,0.0000,1.0000,0.917,,,,,,,
22,Left,21,-0.0230,-0.0094,0.0341,0.0183,-0.1403,0.2070,0.9680,0.917,,,,,,,
22,Left,22,0.0000,0.0000,0.0457,0.0992,0.0104,-0.0889,0.9910,0.917,,,,,,,
22,Left,23,0.0000,0.0000,0.0307,0.1835,-0.0346,0.0542,0.9809,0.917,,,,,,,
22,Left,24,0.0000,0.0000,0.0203,0.0304,0.0491,-0.0008,0.9983,0.917,,,,,,,
22,Left,25,0.0002,0.0012,0.0219,0.0000,0.0000,0.0000,1.0000,0.917,,,,,,,
22,Right,0,-0.0022,-0.0054,0.0653,0.0000,0.0000,0.0000,1.0000,0.917,,,,,,,
22,Right,1,0.0000,0.0000,0.0000,0.0000,0.0000,0.0000,1.0000,0.917,0.0622,0.2649,0.0144,0.2019,-0.4670,0.1519,0.8474
22,Right,2,-0.0284,-0.0187,0.0357,0.0357,-0.4381,0.6235,0.6466,0.917,,,,,,,
22,Right,3,0.0000,0.0000,0.0325,-0.0278,0.0725,-0.0831,0.9935,0.917,,,,,,,
22,Right,4,0.0000,0.0000,0.0338,-0.0827,-0.0669,0.0839,0.9908,0.917,,,,,,,
22,Right,5,0.0007,0.0010,0.0246,0.0000,0.0000,0.0000,1.0000,0.917,,,,,,,
22,Right,6,-0.0189,-0.0108,0.0371,0.0000,0.0000,0.0000,1.0000,0.917,,,,,,,
22,Right,7,-0.0046,0.0035,0.0589,0.4398,0.0459,0.0259,0.8966,0.917,,,,,,,
22,Right,8,0.0000,0.0000,0.0379,0.5838,-0.0092,-0.0240,0.8115,0.917,,,,,,,
22,Right,9,0.0000,0.0000,0.0243,0.2488,0.0211,-0.0172,0.9682,0.917,,,,,,,
22,Right,10,0.0003,0.0010,0.0224,0.0000,0.0000,0.0000,1.0000,0.917,,,,,,,
22,Right,11,-0.0027,-0.0083,0.0349,0.0000,0.0000,0.0000,1.0000,0.917,,,,,,,
22,Right,12,0.0010,0.0058,0.0607,0.4919,0.0628,-0.0394,0.8675,0.917,,,,,,,
22,Right,13,0.0000,0.0000,0.0429,0.4268,-0.0009,-0.0129,0.9043,0.917,,,,,,,
22,Right,14,0.0000,0.0000,0.0276,0.2541,-0.0106,-0.0671,0.9648,0.917,,,,,,,
22,Right,15,0.0003,0.0011,0.0250,0.0000,0.0000,0.0000,1.0000,0.917,,,,,,,
22,Right,16,0.0150,-0.0060,0.0348,0.0000,0.0000,0.0000,1.0000,0.917,,,,,,,
22,Right,17,0.0025,-0.0005,0.0539,0.5563,0.0714,-0.1011,0.8217,0.917,,,,,,,
22,Right,18,0.0000,0.0000,0.0390,0.4389,-0.0120,-0.0412,0.8975,0.917,,,,,,,
22,Right,19,0.0000,0.0000,0.0266,0.3589,-0.0290,-0.0212,0.9327,0.917,,,,,,,
22,Right,20,0.0003,0.0016,0.0243,0.0000,0.0000,0.0000,1.0000,0.917,,,,,,,
22,Right,21,0.0230,-0.0094,0.0341,0.0183,0.1403,-0.2070,0.9680,0.917,,,,,,,
22,Right,22,0.0000,0.0000,0.0457,0.6195,0.0500,0.0484,0.7819,0.917,,,,,,,
22,Right,23,0.0000,0.0000,0.0307,0.3992,0.0233,-0.0706,0.9139,0.917,,,,,,,
22,Right,24,0.0000,0.0000,0.0203,0.3059,-0.0466,0.0017,0.9509,0.917,,,,,,,
22,Right,25,-0.0002,0.0012,0.0219,0.0000,0.0000,0.0000,1.0000,0.917,,,,,,,
23,Left,0,0.0031,-0.0047,0.0646,0.0000,0.0000,0.0000,1.0000,0.958,,,,,,,
23,Left,1,0.0000,0.0000,0.0000,0.0000,0.0000,0.0000,1.0000,0.958,-0.2123,-0.0208,-0.0772,-0.1438,-0.2864,-0.1761,-0.9308
23,Left,2,0.0318,-0.0128,0.0329,-0.1142,0.4312,-0.5235,0.7259,0.958,,,,,,,
23,Left,3,0.0000,0.0000,0.0325,0.1001,-0.0615,0.0830,0.9896,0.958,,,,,,,
23,Left,4,0.0000,0.0000,0.0338,0.1533,0.0470,-0.0778,0.9840,0.958,,,,,,,
23,Left,5,-0.0007,0.0010,0.0246,0.0000,0.0000,0.0000,1.0000,0.958,,,,,,,
23,Left,6,0.0206,-0.0079,0.0356,0.0000,0.0000,0.0000,1.0000,0.958,,,,,,,
23,Left,7,0.0030,0.0005,0.0604,0.0806,-0.0318,-0.0308,0.9958,0.958,,,,,,,
23,Left,8,0.0000,0.0000,0.0379,0.2095,-0.0016,0.0263,0.9775,0.958,,,,,,,
23,Left,9,0.0000,0.0000,0.0243,0.1189,-0.0239,0.0169,0.9925,0.958,,,,,,,
23,Left,10,-0.0003,0.0010,0.0224,0.0000,0.0000,0.0000,1.0000,0.958,,,,,,,
23,Left,11,0.0044,-0.0068,0.0335,0.0000,0.0000,0.0000,1.0000,0.958,,,,,,,
23,Left,12,-0.0027,0.0043,0.0622,0.1384,-0.0843,0.0162,0.9867,0.958,,,,,,,
23,Left,13,0.0000,0.0000,0.0429,0.2258,-0.0017,0.0124,0.9741,0.958,,,,,,,
23,Left,14,0.0000,0.0000,0.0275,0.0829,0.0031,0.0516,0.9952,0.958,,,,,,,
23,Left,15,-0.0003,0.0011,0.0250,0.0000,0.0000,0.0000,1.0000,0.958,,,,,,,
23,Left,16,-0.0150,-0.0060,0.0348,0.0000,0.0000,0.0000,1.0000,0.958,,,,,,,
23,Left,17,-0.0025,-0.0005,0.0539,0.1336,-0.0982,0.0611,0.9843,0.958,,,,,,,
23,Left,18,0.0000,0.0000,0.0390,0.1893,0.0034,0.0377,0.9812,0.958,,,,,,,
23,Left,19,0.0000,0.0000,0.0266,0.1077,0.0296,0.0097,0.9937,0.958,,,,,,,
23,Left,20,-0.0003,0.0016,0.0243,0.0000,0.0000,0.0000,1.0000,0.958,,,,,,,
23,Left,21,-0.0230,-0.0094,0.0341,0.0183,-0.1403,0.2070,0.9680,0.958,,,,,,,
23,Left,22,0.0000,0.0000,0.0457,0.1025,0.0114,-0.0888,0.9907,0.958,,,,,,,
23,Left,23,0.0000,0.0000,0.0307,0.1821,-0.0346,0.0541,0.9812,0.958,,,,,,,
23,Left,24,0.0000,0.0000,0.0203,0.0302,0.0491,-0.0008,0.9983,0.958,,,,,,,
23,Left,25,0.0002,0.0012,0.0219,0.0000,0.0000,0.0000,1.0000,0.958,,,,,,,
23,Right,0,-0.0022,-0.0054,0.0653,0.0000,0.0000,0.0000,1.0000,0.958,,,,,,,
23,Right,1,0.0000,0.0000,0.0000,0.0000,0.0000,0.0000,1.0000,0.958,0.0697,0.2633,0.0124,0.2013,-0.4611,0.1210,0.8557
23,Right,2,-0.0285,-0.0186,0.0357,0.0345,-0.4388,0.6225,0.6471,0.958,,,,,,,
23,Right,3,0.0000,0.0000,0.0325,-0.0308,0.0727,-0.0831,0.9934,0.958,,,,,,,
23,Right,4,0.0000,0.0000,0.0338,-0.0852,-0.0671,0.0840,0.9905,0.958,,,,,,,
23,Right,5,0.0007,0.0010,0.0246,0.0000,0.0000,0.0000,1.0000,0.958,,,,,,,
23,Right,6,-0.0189,-0.0108,0.0371,0.0000,0.0000,0.0000,1.0000,0.958,,,,,,,
23,Right,7,-0.0046,0.0035,0.0589,0.4397,0.0476,0.0251,0.8965,0.958,,,,,,,
23,Right,8,0.0000,0.0000,0.0379,0.5925,-0.0095,-0.0239,0.8052,0.958,,,,,,,
23,Right,9,0.0000,0.0000,0.0243,0.2623,0.0208,-0.0172,0.9646,0.958,,,,,,,
23,Right,10,0.0003,0.0010,0.0224,0.0000,0.0000,0.0000,1.0000,0.958,,,,,,,
23,Right,11,-0.0027,-0.0083,0.0349,0.0000,0.0000,0.0000,1.0000,0.958,,,,,,,
23,Right,12,0.0010,0.0057,0.0608,0.4918,0.0643,-0.0402,0.8674,0.958,,,,,,,
23,Right,13,0.0000,0.0000,0.0429,0.4438,-0.0011,-0.0129,0.8961,0.958,,,,,,,
23,Right,14,0.0000,0.0000,0.0275,0.2612,-0.0109,-0.0677,0.9628,0.958,,,,,,,
23,Right,15,0.0003,0.0011,0.0250,0.0000,0.0000,0.0000,1.0000,0.958,,,,,,,
23,Right,16,0.0150,-0.0060,0.0348,0.0000,0.0000,0.0000,1.0000,0.958,,,,,,,
23,Right,17,0.0025,-0.0005,0.0539,0.5566,0.0735,-0.1025,0.8212,0.958,,,,,,,
23,Right,18,0.0000,0.0000,0.0390,0.4432,-0.0122,-0.0412,0.8954,0.958,,,,,,,
23,Right,19,0.0000,0.0000,0.0266,0.3595,-0.0290,-0.0212,0.9324,0.958,,,,,,,
23,Right,20,0.0003,0.0016,0.0243,0.0000,0.0000,0.0000,1.0000,0.958,,,,,,,
23,Right,21,0.0230,-0.0094,0.0341,0.0183,0.1403,-0.2070,0.9680,0.958,,,,,,,
23,Right,22,0.0000,0.0000,0.0457,0.6206,0.0510,0.0476,0.7810,0.958,,,,,,,
23,Right,23,0.0000,0.0000,0.0307,0.4043,0.0230,-0.0709,0.9116,0.958,,,,,,,
23,Right,24,0.0000,0.0000,0.0203,0.3070,-0.0466,0.0018,0.9506,0.958,,,,,,,
23,Right,25,-0.0002,0.0012,0.0219,0.0000,0.0000,0.0000,1.0000,0.958,,,,,,,
24,Left,0,0.0031,-0.0047,0.0646,0.0000,0.0000,0.0000,1.0000,1.000,,,,,,,
24,Left,1,0.0000,0.0000,0.0000,0.0000,0.0000,0.0000,1.0000,1.000,-0.2125,-0.0210,-0.0773,-0.1446,-0.2850,-0.1778,-0.9307
24,Left,2,0.0318,-0.0128,0.0329,-0.1151,0.4303,-0.5231,0.7266,1.000,,,,,,,
24,Left,3,0.0000,0.0000,0.0325,0.0928,-0.0622,0.0830,0.9903,1.000,,,,,,,
24,Left,4,0.0000,0.0000,0.0338,0.1547,0.0469,-0.0778,0.9838,1.000,,,,,,,
24,Left,5,-0.0007,0.0010,0.0246,0.0000,0.0000,0.0000,1.0000,1.000,,,,,,,
24,Left,6,0.0206,-0.0079,0.0356,0.0000,0.0000,0.0000,1.0000,1.000,,,,,,,
24,Left,7,0.0030,0.0005,0.0604,0.0800,-0.0313,-0.0308,0.9958,1.000,,,,,,,
24,Left,8,0.0000,0.0000,0.0379,0.2090,-0.0016,0.0263,0.9776,1.000,,,,,,,
24,Left,9,0.0000,0.0000,0.0243,0.1188,-0.0239,0.0169,0.9925,1.000,,,,,,,
24,Left,10,-0.0003,0.0010,0.0224,0.0000,0.0000,0.0000,1.0000,1.000,,,,,,,
24,Left,11,0.0044,-0.0068,0.0335,0.0000,0.0000,0.0000,1.0000,1.000,,,,,,,
24,Left,12,-0.0027,0.0043,0.0622,0.1395,-0.0836,0.0163,0.9865,1.000,,,,,,,
24,Left,13,0.0000,0.0000,0.0429,0.2246,-0.0017,0.0124,0.9744,1.000,,,,,,,
24,Left,14,0.0000,0.0000,0.0275,0.0823,0.0030,0.0515,0.9953,1.000,,,,,,,
24,Left,15,-0.0003,0.0011,0.0250,0.0000,0.0000,0.0000,1.0000,1.000,,,,,,,
24,Left,16,-0.0150,-0.0060,0.0348,0.0000,0.0000,0.0000,1.0000,1.000,,,,,,,
24,Left,17,-0.0025,-0.0005,0.0539,0.1344,-0.0975,0.0612,0.9842,1.000,,,,,,,
24,Left,18,0.0000,0.0000,0.0390,0.1850,0.0033,0.0376,0.9820,1.000,,,,,,,
24,Left,19,0.0000,0.0000,0.0266,0.1070,0.0296,0.0096,0.9938,1.000,,,,,,,
24,Left,20,-0.0003,0.0016,0.0243,0.0000,0.0000,0.0000,1.0000,1.000,,,,,,,
24,Left,21,-0.0230,-0.0094,0.0341,0.0183,-0.1403,0.2070,0.9680,1.000,,,,,,,
24,Left,22,0.0000,0.0000,0.0457,0.1075,0.0121,-0.0888,0.9902,1.000,,,,,,,
24,Left,23,0.0000,0.0000,0.0307,0.1808,-0.0347,0.0540,0.9814,1.000,,,,,,,
24,Left,24,0.0000,0.0000,0.0203,0.0300,0.0491,-0.0008,0.9983,1.000,,,,,,,
24,Left,25,0.0002,0.0012,0.0219,0.0000,0.0000,0.0000,1.0000,1.000,,,,,,,
24,Right,0,-0.0022,-0.0054,0.0653,0.0000,0.0000,0.0000,1.0000,1.000,,,,,,,
24,Right,1,0.0000,0.0000,0.0000,0.0000,0.0000,0.0000,1.0000,1.000,0.0737,0.2631,0.0118,0.2027,-0.4585,0.1160,0.8575
24,Right,2,-0.0285,-0.0186,0.0357,0.0330,-0.4388,0.6217,0.6480,1.000,,,,,,,
24,Right,3,0.0000,0.0000,0.0325,-0.0337,0.0730,-0.0831,0.9933,1.000,,,,,,,
24,Right,4,0.0000,0.0000,0.0338,-0.0869,-0.0672,0.0840,0.9904,1.000,,,,,,,
24,Right,5,0.0007,0.0010,0.0246,0.0000,0.0000,0.0000,1.0000,1.000,,,,,,,
24,Right,6,-0.0190,-0.0108,0.0370,0.0000,0.0000,0.0000,1.0000,1.000,,,,,,,
24,Right,7,-0.0046,0.0034,0.0590,0.4402,0.0490,0.0246,0.8962,1.000,,,,,,,
24,Right,8,0.0000,0.0000,0.0379,0.6169,-0.0103,-0.0235,0.7866,1.000,,,,,,,
24,Right,9,0.0000,0.0000,0.0243,0.2894,0.0202,-0.0172,0.9568,1.000,,,,,,,
24,Right,10,0.0003,0.0010,0.0224,0.0000,0.0000,0.0000,1.0000,1.000,,,,,,,
24,Right,11,-0.0028,-0.0083,0.0349,0.0000,0.0000,0.0000,1.0000,1.000,,,,,,,
24,Right,12,0.0010,0.0057,0.0608,0.4972,0.0661,-0.0416,0.8641,1.000,,,,,,,
24,Right,13,0.0000,0.0000,0.0429,0.4683,-0.0014,-0.0129,0.8835,1.000,,,,,,,
24,Right,14,0.0000,0.0000,0.0275,0.2847,-0.0119,-0.0697,0.9560,1.000,,,,,,,
24,Right,15,0.0003,0.0011,0.0250,0.0000,0.0000,0.0000,1.0000,1.000,,,,,,,
24,Right,16,0.0150,-0.0060,0.0348,0.0000,0.0000,0.0000,1.0000,1.000,,,,,,,
24,Right,17,0.0025,-0.0005,0.0539,0.5662,0.0754,-0.1052,0.8140,1.000,,,,,,,
24,Right,18,0.0000,0.0000,0.0390,0.4703,-0.0131,-0.0414,0.8814,1.000,,,,,,,
24,Right,19,0.0000,0.0000,0.0266,0.3659,-0.0290,-0.0215,0.9300,1.000,,,,,,,
24,Right,20,0.0003,0.0016,0.0243,0.0000,0.0000,0.0000,1.0000,1.000,,,,,,,
24,Right,21,0.0230,-0.0094,0.0341,0.0183,0.1403,-0.2070,0.9680,1.000,,,,,,,
24,Right,22,0.0000,0.0000,0.0457,0.6281,0.0529,0.0458,0.7750,1.000,,,,,,,
24,Right,23,0.0000,0.0000,0.0307,0.4401,0.0209,-0.0734,0.8947,1.000,,,,,,,
24,Right,24,0.0000,0.0000,0.0203,0.3236,-0.0463,0.0018,0.9451,1.000,,,,,,,
24,Right,25,-0.0002,0.0012,0.0219,0.0000,0.0000,0.0000,1.0000,1.000,,,,,,,
25,Left,0,0.0031,-0.0047,0.0646,0.0000,0.0000,0.0000,1.0000,1.042,,,,,,,
25,Left,1,0.0000,0.0000,0.0000,0.0000,0.0000,0.0000,1.0000,1.042,-0.2122,-0.0203,-0.0772,-0.1473,-0.2827,-0.1804,-0.9305
25,Left,2,0.0318,-0.0128,0.0328,-0.1158,0.4295,-0.5227,0.7272,1.042,,,,,,,
25,Left,3,0.0000,0.0000,0.0325,0.0874,-0.0627,0.0831,0.9907,1.042,,,,,,,
25,Left,4,0.0000,0.0000,0.0338,0.1555,0.0468,-0.0777,0.9837,1.042,,,,,,,
25,Left,5,-0.0007,0.0010,0.0246,0.0000,0.0000,0.0000,1.0000,1.042,,,,,,,
25,Left,6,0.0206,-0.0078,0.0356,0.0000,0.0000,0.0000,1.0000,1.042,,,,,,,
25,Left,7,0.0030,0.0005,0.0604,0.0801,-0.0308,-0.0308,0.9958,1.042,,,,,,,
25,Left,8,0.0000,0.0000,0.0379,0.2081,-0.0017,0.0263,0.9778,1.042,,,,,,,
25,Left,9,0.0000,0.0000,0.0243,0.1185,-0.0239,0.0169,0.9925,1.042,,,,,,,
25,Left,10,-0.0003,0.0010,0.0224,0.0000,0.0000,0.0000,1.0000,1.042,,,,,,,
25,Left,11,0.0044,-0.0068,0.0335,0.0000,0.0000,0.0000,1.0000,1.042,,,,,,,
25,Left,12,-0.0027,0.0043,0.0622,0.1423,-0.0830,0.0164,0.9862,1.042,,,,,,,
25,Left,13,0.0000,0.0000,0.0429,0.2203,-0.0018,0.0124,0.9753,1.042,,,,,,,
25,Left,14,0.0000,0.0000,0.0275,0.0812,0.0030,0.0514,0.9954,1.042,,,,,,,
25,Left,15,-0.0003,0.0011,0.0250,0.0000,0.0000,0.0000,1.0000,1.042,,,,,,,
25,Left,16,-0.0150,-0.0060,0.0348,0.0000,0.0000,0.0000,1.0000,1.042,,,,,,,
25,Left,17,-0.0025,-0.0005,0.0539,0.1358,-0.0971,0.0612,0.9841,1.042,,,,,,,
25,Left,18,0.0000,0.0000,0.0390,0.1770,0.0030,0.0374,0.9835,1.042,,,,,,,
25,Left,19,0.0000,0.0000,0.0266,0.1061,0.0296,0.0096,0.9939,1.042,,,,,,,
25,Left,20,-0.0003,0.0016,0.0243,0.0000,0.0000,0.0000,1.0000,1.042,,,,,,,
25,Left,21,-0.0230,-0.0094,0.0341,0.0183,-0.1403,0.2070,0.9680,1.042,,,,,,,
25,Left,22,0.0000,0.0000,0.0457,0.1106,0.0123,-0.0887,0.9898,1.042,,,,,,,
25,Left,23,0.0000,0.0000,0.0307,0.1797,-0.0347,0.0539,0.9816,1.042,,,,,,,
25,Left,24,0.0000,0.0000,0.0203,0.0300,0.0491,-0.0008,0.9983,1.042,,,,,,,
25,Left,25,0.0002,0.0012,0.0219,0.0000,0.0000,0.0000,1.0000,1.042,,,,,,,
25,Right,0,-0.0022,-0.0054,0.0653,0.0000,0.0000,0.0000,1.0000,1.042,,,,,,,
25,Right,1,0.0000,0.0000,0.0000,0.0000,0.0000,0.0000,1.0000,1.042,0.0782,0.2616,0.0124,0.2028,-0.4561,0.1123,0.8592
25,Right,2,-0.0285,-0.0185,0.0357,0.0314,-0.4385,0.6210,0.6489,1.042,,,,,,,
25,Right,3,0.0000,0.0000,0.0325,-0.0372,0.0733,-0.0830,0.9932,1.042,,,,,,,
25,Right,4,0.0000,0.0000,0.0338,-0.0883,-0.0674,0.0840,0.9903,1.042,,,,,,,
25,Right,5,0.0007,0.0010,0.0246,0.0000,0.0000,0.0000,1.0000,1.042,,,,,,,
25,Right,6,-0.0190,-0.0107,0.0370,0.0000,0.0000,0.0000,1.0000,1.042,,,,,,,
25,Right,7,-0.0046,0.0034,0.0590,0.4410,0.0499,0.0242,0.8958,1.042,,,,,,,
25,Right,8,0.0000,0.0000,0.0379,0.6438,-0.0111,-0.0231,0.7648,1.042,,,,,,,
25,Right,9,0.0000,0.0000,0.0243,0.3188,0.0194,-0.0172,0.9475,1.042,,,,,,,
25,Right,10,0.0003,0.0010,0.0224,0.0000,0.0000,0.0000,1.0000,1.042,,,,,,,
25,Right,11,-0.0028,-0.0083,0.0349,0.0000,0.0000,0.0000,1.0000,1.042,,,,,,,
25,Right,12,0.0010,0.0057,0.0608,0.5087,0.0671,-0.0432,0.8573,1.042,,,,,,,
25,Right,13,0.0000,0.0000,0.0429,0.4967,-0.0018,-0.0130,0.8678,1.042,,,,,,,
25,Right,14,0.0000,0.0000,0.0276,0.3107,-0.0130,-0.0719,0.9477,1.042,,,,,,,
25,Right,15,0.0003,0.0011,0.0250,0.0000,0.0000,0.0000,1.0000,1.042,,,,,,,
25,Right,16,0.0150,-0.0060,0.0348,0.0000,0.0000,0.0000,1.0000,1.042,,,,,,,
25,Right,17,0.0025,-0.0005,0.0539,0.5801,0.0761,-0.1081,0.8038,1.042,,,,,,,
25,Right,18,0.0000,0.0000,0.0390,0.5066,-0.0144,-0.0417,0.8611,1.042,,,,,,,
25,Right,19,0.0000,0.0000,0.0266,0.3868,-0.0288,-0.0224,0.9214,1.042,,,,,,,
25,Right,20,0.0003,0.0016,0.0243,0.0000,0.0000,0.0000,1.0000,1.042,,,,,,,
25,Right,21,0.0230,-0.0094,0.0341,0.0183,0.1403,-0.2070,0.9680,1.042,,,,,,,
25,Right,22,0.0000,0.0000,0.0457,0.6356,0.0550,0.0438,0.7688,1.042,,,,,,,
25,Right,23,0.0000,0.0000,0.0307,0.4788,0.0186,-0.0760,0.8744,1.042,,,,,,,
25,Right,24,0.0000,0.0000,0.0203,0.3476,-0.0458,0.0019,0.9365,1.042,,,,,,,
25,Right,25,-0.0002,0.0012,0.0219,0.0000,0.0000,0.0000,1.0000,1.042,,,,,,,
26,Left,0,0.0031,-0.0047,0.0646,0.0000,0.0000,0.0000,1.0000,1.083,,,,,,,
26,Left,1,0.0000,0.0000,0.0000,0.0000,0.0000,0.0000,1.0000,1.083,-0.2117,-0.0188,-0.0769,-0.1498,-0.2813,-0.1825,-0.9301
26,Left,2,0.0318,-0.0128,0.0329,-0.1161,0.4287,-0.5227,0.7277,1.083,,,,,,,
26,Left,3,0.0000,0.0000,0.0325,0.0858,-0.0628,0.0831,0.9909,1.083,,,,,,,
26,Left,4,0.0000,0.0000,0.0338,0.1558,0.0468,-0.0777,0.9836,1.083,,,,,,,
26,Left,5,-0.0007,0.0010,0.0246,0.0000,0.0000,0.0000,1.0000,1.083,,,,,,,
26,Left,6,0.0206,-0.0079,0.0356,0.0000,0.0000,0.0000,1.0000,1.083,,,,,,,
26,Left,7,0.0030,0.0005,0.0604,0.0807,-0.0304,-0.0308,0.9958,1.083,,,,,,,
26,Left,8,0.0000,0.0000,0.0379,0.2071,-0.0017,0.0263,0.9780,1.083,,,,,,,
26,Left,9,0.0000,0.0000,0.0243,0.1180,-0.0239,0.0169,0.9926,1.083,,,,,,,
26,Left,10,-0.0003,0.0010,0.0224,0.0000,0.0000,0.0000,1.0000,1.083,,,,,,,
26,Left,11,0.0044,-0.0068,0.0335,0.0000,0.0000,0.0000,1.0000,1.083,,,,,,,
26,Left,12,-0.0027,0.0043,0.0622,0.1477,-0.0824,0.0168,0.9855,1.083,,,,,,,
26,Left,13,0.0000,0.0000,0.0429,0.2163,-0.0018,0.0124,0.9762,1.083,,,,,,,
26,Left,14,0.0000,0.0000,0.0275,0.0801,0.0029,0.0513,0.9955,1.083,,,,,,,
26,Left,15,-0.0003,0.0011,0.0250,0.0000,0.0000,0.0000,1.0000,1.083,,,,,,,
26,Left,16,-0.0150,-0.0060,0.0348,0.0000,0.0000,0.0000,1.0000,1.083,,,,,,,
26,Left,17,-0.0025,-0.0005,0.0539,0.1373,-0.0968,0.0614,0.9839,1.083,,,,,,,
26,Left,18,0.0000,0.0000,0.0390,0.1737,0.0029,0.0374,0.9841,1.083,,,,,,,
26,Left,19,0.0000,0.0000,0.0266,0.1053,0.0296,0.0096,0.9940,1.083,,,,,,,
26,Left,20,-0.0003,0.0016,0.0243,0.0000,0.0000,0.0000,1.0000,1.083,,,,,,,
26,Left,21,-0.0230,-0.0094,0.0341,0.0183,-0.1403,0.2070,0.9680,1.083,,,,,,,
26,Left,22,0.0000,0.0000,0.0457,0.1129,0.0119,-0.0886,0.9896,1.083,,,,,,,
26,Left,23,0.0000,0.0000,0.0307,0.1790,-0.0348,0.0539,0.9818,1.083,,,,,,,
26,Left,24,0.0000,0.0000,0.0203,0.0301,0.0491,-0.0008,0.9983,1.083,,,,,,,
26,Left,25,0.0002,0.0012,0.0219,0.0000,0.0000,0.0000,1.0000,1.083,,,,,,,
26,Right,0,-0.0023,-0.0054,0.0653,0.0000,0.0000,0.0000,1.0000,1.083,,,,,,,
26,Right,1,0.0000,0.0000,0.0000,0.0000,0.0000,0.0000,1.0000,1.083,0.0855,0.2575,0.0148,0.1970,-0.4551,0.0992,0.8627
26,Right,2,-0.0286,-0.0185,0.0357,0.0297,-0.4380,0.6203,0.6500,1.083,,,,,,,
26,Right,3,0.0000,0.0000,0.0325,-0.0394,0.0734,-0.0830,0.9931,1.083,,,,,,,
26,Right,4,0.0000,0.0000,0.0338,-0.0897,-0.0675,0.0840,0.9901,1.083,,,,,,,
26,Right,5,0.0007,0.0010,0.0246,0.0000,0.0000,0.0000,1.0000,1.083,,,,,,,
26,Right,6,-0.0190,-0.0107,0.0370,0.0000,0.0000,0.0000,1.0000,1.083,,,,,,,
26,Right,7,-0.0046,0.0034,0.0590,0.4420,0.0505,0.0239,0.8953,1.083,,,,,,,
26,Right,8,0.0000,0.0000,0.0379,0.6829,-0.0124,-0.0224,0.7300,1.083,,,,,,,
26,Right,9,0.0000,0.0000,0.0243,0.3627,0.0183,-0.0171,0.9316,1.083,,,,,,,
26,Right,10,0.0003,0.0010,0.0224,0.0000,0.0000,0.0000,1.0000,1.083,,,,,,,
26,Right,11,-0.0028,-0.0083,0.0349,0.0000,0.0000,0.0000,1.0000,1.083,,,,,,,
26,Right,12,0.0011,0.0057,0.0608,0.5314,0.0672,-0.0457,0.8432,1.083,,,,,,,
26,Right,13,0.0000,0.0000,0.0429,0.5550,-0.0026,-0.0129,0.8317,1.083,,,,,,,
26,Right,14,0.0000,0.0000,0.0275,0.3595,-0.0152,-0.0759,0.9299,1.083,,,,,,,
26,Right,15,0.0003,0.0011,0.0250,0.0000,0.0000,0.0000,1.0000,1.083,,,,,,,
26,Right,16,0.0150,-0.0060,0.0348,0.0000,0.0000,0.0000,1.0000,1.083,,,,,,,
26,Right,17,0.0025,-0.0005,0.0539,0.6038,0.0742,-0.1111,0.7858,1.083,,,,,,,
26,Right,18,0.0000,0.0000,0.0390,0.5544,-0.0161,-0.0419,0.8310,1.083,,,,,,,
26,Right,19,0.0000,0.0000,0.0266,0.4172,-0.0286,-0.0238,0.9080,1.083,,,,,,,
26,Right,20,0.0003,0.0016,0.0243,0.0000,0.0000,0.0000,1.0000,1.083,,,,,,,
26,Right,21,0.0230,-0.0094,0.0341,0.0183,0.1403,-0.2070,0.9680,1.083,,,,,,,
26,Right,22,0.0000,0.0000,0.0457,0.6488,0.0572,0.0414,0.7577,1.083,,,,,,,
26,Right,23,0.0000,0.0000,0.0307,0.5317,0.0152,-0.0795,0.8430,1.083,,,,,,,
26,Right,24,0.0000,0.0000,0.0203,0.3718,-0.0454,0.0020,0.9272,1.083,,,,,,,
26,Right,25,-0.0002,0.0012,0.0219,0.0000,0.0000,0.0000,1.0000,1.083,,,,,,,
27,Left,0,0.0031,-0.0047,0.0646,0.0000,0.0000,0.0000,1.0000,1.125,,,,,,,
27,Left,1,0.0000,0.0000,0.0000,0.0000,0.0000,0.0000,1.0000,1.125,-0.2114,-0.0176,-0.0765,-0.1520,-0.2810,-0.1844,-0.9295
27,Left,2,0.0318,-0.0128,0.0329,-0.1159,0.4280,-0.5232,0.7278,1.125,,,,,,,
27,Left,3,0.0000,0.0000,0.0325,0.0848,-0.0629,0.0831,0.9909,1.125,,,,,,,
27,Left,4,0.0000,0.0000,0.0338,0.1559,0.0467,-0.0777,0.9836,1.125,,,,,,,
27,Left,5,-0.0007,0.0010,0.0246,0.0000,0.0000,0.0000,1.0000,1.125,,,,,,,
27,Left,6,0.0206,-0.0079,0.0356,0.0000,0.0000,0.0000,1.0000,1.125,,,,,,,
27,Left,7,0.0030,0.0006,0.0604,0.0810,-0.0299,-0.0309,0.9958,1.125,,,,,,,
27,Left,8,0.0000,0.0000,0.0379,0.2064,-0.0017,0.0263,0.9781,1.125,,,,,,,
27,Left,9,0.0000,0.0000,0.0243,0.1175,-0.0239,0.0169,0.9926,1.125,,,,,,,
27,Left,10,-0.0003,0.0010,0.0224,0.0000,0.0000,0.0000,1.0000,1.125,,,,,,,
27,Left,11,0.0044,-0.0068,0.0335,0.0000,0.0000,0.0000,1.0000,1.125,,,,,,,
27,Left,12,-0.0027,0.0043,0.0622,0.1506,-0.0820,0.0170,0.9850,1.125,,,,,,,
27,Left,13,0.0000,0.0000,0.0429,0.2143,-0.0018,0.0124,0.9767,1.125,,,,,,,
27,Left,14,0.0000,0.0000,0.0275,0.0792,0.0029,0.0512,0.9955,1.125,,,,,,,
27,Left,15,-0.0003,0.0011,0.0250,0.0000,0.0000,0.0000,1.0000,1.125,,,,,,,
27,Left,16,-0.0150,-0.0060,0.0348,0.0000,0.0000,0.0000,1.0000,1.125,,,,,,,
27,Left,17,-0.0025,-0.0005,0.0539,0.1390,-0.0968,0.0615,0.9836,1.125,,,,,,,
27,Left,18,0.0000,0.0000,0.0390,0.1724,0.0028,0.0373,0.9843,1.125,,,,,,,
27,Left,19,0.0000,0.0000,0.0266,0.1048,0.0296,0.0095,0.9940,1.125,,,,,,,
27,Left,20,-0.0003,0.0016,0.0243,0.0000,0.0000,0.0000,1.0000,1.125,,,,,,,
27,Left,21,-0.0230,-0.0094,0.0341,0.0183,-0.1403,0.2070,0.9680,1.125,,,,,,,
27,Left,22,0.0000,0.0000,0.0457,0.1149,0.0110,-0.0885,0.9894,1.125,,,,,,,
27,Left,23,0.0000,0.0000,0.0307,0.1788,-0.0348,0.0538,0.9818,1.125,,,,,,,
27,Left,24,0.0000,0.0000,0.0203,0.0304,0.0491,-0.0008,0.9983,1.125,,,,,,,
27,Left,25,0.0002,0.0012,0.0219,0.0000,0.0000,0.0000,1.0000,1.125,,,,,,,
27,Right,0,-0.0023,-0.0054,0.0652,0.0000,0.0000,0.0000,1.0000,1.125,,,,,,,
27,Right,1,0.0000,0.0000,0.0000,0.0000,0.0000,0.0000,1.0000,1.125,0.0932,0.2520,0.0158,0.1819,-0.4535,0.0755,0.8692
27,Right,2,-0.0286,-0.0184,0.0356,0.0280,-0.4377,0.6195,0.6510,1.125,,,,,,,
27,Right,3,0.0000,0.0000,0.0325,-0.0405,0.0735,-0.0830,0.9930,1.125,,,,,,,
27,Right,4,0.0000,0.0000,0.0338,-0.0974,-0.0681,0.0842,0.9893,1.125,,,,,,,
27,Right,5,0.0007,0.0010,0.0246,0.0000,0.0000,0.0000,1.0000,1.125,,,,,,,
27,Right,6,-0.0190,-0.0107,0.0370,0.0000,0.0000,0.0000,1.0000,1.125,,,,,,,
27,Right,7,-0.0045,0.0034,0.0590,0.4436,0.0511,0.0236,0.8945,1.125,,,,,,,
27,Right,8,0.0000,0.0000,0.0379,0.7031,-0.0131,-0.0220,0.7106,1.125,,,,,,,
27,Right,9,0.0000,0.0000,0.0243,0.3956,0.0174,-0.0170,0.9181,1.125,,,,,,,
27,Right,10,0.0003,0.0010,0.0224,0.0000,0.0000,0.0000,1.0000,1.125,,,,,,,
27,Right,11,-0.0028,-0.0082,0.0349,0.0000,0.0000,0.0000,1.0000,1.125,,,,,,,
27,Right,12,0.0011,0.0057,0.0608,0.5569,0.0684,-0.0492,0.8263,1.125,,,,,,,
27,Right,13,0.0000,0.0000,0.0429,0.6023,-0.0033,-0.0129,0.7982,1.125,,,,,,,
27,Right,14,0.0000,0.0000,0.0275,0.4054,-0.0172,-0.0796,0.9105,1.125,,,,,,,
27,Right,15,0.0003,0.0011,0.0250,0.0000,0.0000,0.0000,1.0000,1.125,,,,,,,
27,Right,16,0.0150,-0.0060,0.0348,0.0000,0.0000,0.0000,1.0000,1.125,,,,,,,
27,Right,17,0.0025,-0.0005,0.0539,0.6278,0.0720,-0.1142,0.7666,1.125,,,,,,,
27,Right,18,0.0000,0.0000,0.0390,0.5902,-0.0174,-0.0419,0.8060,1.125,,,,,,,
27,Right,19,0.0000,0.0000,0.0266,0.4452,-0.0283,-0.0251,0.8946,1.125,,,,,,,
27,Right,20,0.0003,0.0016,0.0243,0.0000,0.0000,0.0000,1.0000,1.125,,,,,,,
27,Right,21,0.0230,-0.0094,0.0341,0.0183,0.1403,-0.2070,0.9680,1.125,,,,,,,
27,Right,22,0.0000,0.0000,0.0457,0.6655,0.0590,0.0392,0.7430,1.125,,,,,,,
27,Right,23,0.0000,0.0000,0.0307,0.5713,0.0125,-0.0819,0.8165,1.125,,,,,,,
27,Right,24,0.0000,0.0000,0.0203,0.3955,-0.0449,0.0020,0.9173,1.125,,,,,,,
27,Right,25,-0.0002,0.0012,0.0219,0.0000,0.0000,0.0000,1.0000,1.125,,,,,,,
28,Left,0,0.0030,-0.0047,0.0646,0.0000,0.0000,0.0000,1.0000,1.167,,,,,,,
28,Left,1,0.0000,0.0000,0.0000,0.0000,0.0000,0.0000,1.0000,1.167,-0.2110,-0.0173,-0.0763,-0.1540,-0.2812,-0.1863,-0.9287
28,Left,2,0.0317,-0.0129,0.0329,-0.1155,0.4272,-0.5238,0.7279,1.167,,,,,,,
28,Left,3,0.0000,0.0000,0.0325,0.0842,-0.0630,0.0831,0.9910,1.167,,,,,,,
28,Left,4,0.0000,0.0000,0.0338,0.1559,0.0467,-0.0777,0.9836,1.167,,,,,,,
28,Left,5,-0.0007,0.0010,0.0246,0.0000,0.0000,0.0000,1.0000,1.167,,,,,,,
28,Left,6,0.0206,-0.0079,0.0356,0.0000,0.0000,0.0000,1.0000,1.167,,,,,,,
28,Left,7,0.0030,0.0006,0.0604,0.0810,-0.0294,-0.0309,0.9958,1.167,,,,,,,
28,Left,8,0.0000,0.0000,0.0379,0.2064,-0.0017,0.0263,0.9781,1.167,,,,,,,
28,Left,9,0.0000,0.0000,0.0243,0.1172,-0.0239,0.0169,0.9927,1.167,,,,,,,
28,Left,10,-0.0003,0.0010,0.0224,0.0000,0.0000,0.0000,1.0000,1.167,,,,,,,
28,Left,11,0.0044,-0.0068,0.0335,0.0000,0.0000,0.0000,1.0000,1.167,,,,,,,
28,Left,12,-0.0026,0.0043,0.0622,0.1519,-0.0818,0.0171,0.9849,1.167,,,,,,,
28,Left,13,0.0000,0.0000,0.0429,0.2136,-0.0019,0.0124,0.9768,1.167,,,,,,,
28,Left,14,0.0000,0.0000,0.0275,0.0788,0.0029,0.0512,0.9956,1.167,,,,,,,
28,Left,15,-0.0003,0.0011,0.0250,0.0000,0.0000,0.0000,1.0000,1.167,,,,,,,
28,Left,16,-0.0150,-0.0060,0.0348,0.0000,0.0000,0.0000,1.0000,1.167,,,,,,,
28,Left,17,-0.0025,-0.0005,0.0539,0.1399,-0.0973,0.0617,0.9834,1.167,,,,,,,
28,Left,18,0.0000,0.0000,0.0390,0.1718,0.0028,0.0373,0.9844,1.167,,,,,,,
28,Left,19,0.0000,0.0000,0.0266,0.1047,0.0296,0.0095,0.9940,1.167,,,,,,,
28,Left,20,-0.0003,0.0016,0.0243,0.0000,0.0000,0.0000,1.0000,1.167,,,,,,,
28,Left,21,-0.0230,-0.0094,0.0341,0.0183,-0.1403,0.2070,0.9680,1.167,,,,,,,
28,Left,22,0.0000,0.0000,0.0457,0.1162,0.0097,-0.0883,0.9892,1.167,,,,,,,
28,Left,23,0.0000,0.0000,0.0307,0.1793,-0.0348,0.0539,0.9817,1.167,,,,,,,
28,Left,24,0.0000,0.0000,0.0203,0.0308,0.0491,-0.0008,0.9983,1.167,,,,,,,
28,Left,25,0.0002,0.0012,0.0219,0.0000,0.0000,0.0000,1.0000,1.167,,,,,,,
28,Right,0,-0.0023,-0.0054,0.0652,0.0000,0.0000,0.0000,1.0000,1.167,,,,,,,
28,Right,1,0.0000,0.0000,0.0000,0.0000,0.0000,0.0000,1.0000,1.167,0.0982,0.2519,0.0121,0.1731,-0.4445,0.0582,0.8770
28,Right,2,-0.0287,-0.0184,0.0356,0.0263,-0.4376,0.6186,0.6520,1.167,,,,,,,
28,Right,3,0.0000,0.0000,0.0325,-0.0416,0.0736,-0.0830,0.9930,1.167,,,,,,,
28,Right,4,0.0000,0.0000,0.0338,-0.1066,-0.0687,0.0843,0.9883,1.167,,,,,,,
28,Right,5,0.0007,0.0010,0.0246,0.0000,0.0000,0.0000,1.0000,1.167,,,,,,,
28,Right,6,-0.0190,-0.0107,0.0370,0.0000,0.0000,0.0000,1.0000,1.167,,,,,,,
28,Right,7,-0.0045,0.0033,0.0590,0.4450,0.0524,0.0230,0.8937,1.167,,,,,,,
28,Right,8,0.0000,0.0000,0.0379,0.7131,-0.0134,-0.0218,0.7006,1.167,,,,,,,
28,Right,9,0.0000,0.0000,0.0243,0.4100,0.0170,-0.0170,0.9118,1.167,,,,,,,
28,Right,10,0.0003,0.0010,0.0224,0.0000,0.0000,0.0000,1.0000,1.167,,,,,,,
28,Right,11,-0.0028,-0.0082,0.0348,0.0000,0.0000,0.0000,1.0000,1.167,,,,,,,
28,Right,12,0.0011,0.0057,0.0608,0.5659,0.0704,-0.0515,0.8199,1.167,,,,,,,
28,Right,13,0.0000,0.0000,0.0429,0.6293,-0.0037,-0.0128,0.7771,1.167,,,,,,,
28,Right,14,0.0000,0.0000,0.0276,0.4256,-0.0181,-0.0811,0.9011,1.167,,,,,,,
28,Right,15,0.0003,0.0011,0.0250,0.0000,0.0000,0.0000,1.0000,1.167,,,,,,,
28,Right,16,0.0150,-0.0060,0.0348,0.0000,0.0000,0.0000,1.0000,1.167,,,,,,,
28,Right,17,0.0025,-0.0005,0.0539,0.6352,0.0720,-0.1157,0.7602,1.167,,,,,,,
28,Right,18,0.0000,0.0000,0.0390,0.6078,-0.0180,-0.0419,0.7927,1.167,,,,,,,
28,Right,19,0.0000,0.0000,0.0266,0.4569,-0.0282,-0.0256,0.8887,1.167,,,,,,,
28,Right,20,0.0003,0.0016,0.0243,0.0000,0.0000,0.0000,1.0000,1.167,,,,,,,
28,Right,21,0.0230,-0.0094,0.0341,0.0183,0.1403,-0.2070,0.9680,1.167,,,,,,,
28,Right,22,0.0000,0.0000,0.0457,0.6756,0.0596,0.0382,0.7338,1.167,,,,,,,
28,Right,23,0.0000,0.0000,0.0307,0.5835,0.0117,-0.0826,0.8078,1.167,,,,,,,
28,Right,24,0.0000,0.0000,0.0203,0.4010,-0.0448,0.0020,0.9150,1.167,,,,,,,
28,Right,25,-0.0002,0.0012,0.0219,0.0000,0.0000,0.0000,1.0000,1.167,,,,,,,
29,Left,0,0.0030,-0.0047,0.0646,0.0000,0.0000,0.0000,1.0000,1.209,,,,,,,
29,Left,1,0.0000,0.0000,0.0000,0.0000,0.0000,0.0000,1.0000,1.209,-0.2105,-0.0172,-0.0761,-0.1543,-0.2822,-0.1875,-0.9281
29,Left,2,0.0317,-0.0129,0.0329,-0.1151,0.4267,-0.5243,0.7279,1.209,,,,,,,
29,Left,3,0.0000,0.0000,0.0325,0.0841,-0.0630,0.0831,0.9910,1.209,,,,,,,
29,Left,4,0.0000,0.0000,0.0338,0.1565,0.0467,-0.0777,0.9835,1.209,,,,,,,
29,Left,5,-0.0007,0.0010,0.0246,0.0000,0.0000,0.0000,1.0000,1.209,,,,,,,
29,Left,6,0.0206,-0.0079,0.0357,0.0000,0.0000,0.0000,1.0000,1.209,,,,,,,
29,Left,7,0.0030,0.0006,0.0603,0.0813,-0.0293,-0.0309,0.9958,1.209,,,,,,,
29,Left,8,0.0000,0.0000,0.0379,0.2068,-0.0017,0.0263,0.9780,1.209,,,,,,,
29,Left,9,0.0000,0.0000,0.0243,0.1171,-0.0239,0.0169,0.9927,1.209,,,,,,,
29,Left,10,-0.0003,0.0010,0.0224,0.0000,0.0000,0.0000,1.0000,1.209,,,,,,,
29,Left,11,0.0044,-0.0069,0.0335,0.0000,0.0000,0.0000,1.0000,1.209,,,,,,,
29,Left,12,-0.0026,0.0043,0.0622,0.1528,-0.0819,0.0172,0.9847,1.209,,,,,,,
29,Left,13,0.0000,0.0000,0.0429,0.2134,-0.0019,0.0124,0.9769,1.209,,,,,,,
29,Left,14,0.0000,0.0000,0.0275,0.0788,0.0029,0.0512,0.9956,1.209,,,,,,,
29,Left,15,-0.0003,0.0011,0.0250,0.0000,0.0000,0.0000,1.0000,1.209,,,,,,,
29,Left,16,-0.0150,-0.0060,0.0348,0.0000,0.0000,0.0000,1.0000,1.209,,,,,,,
29,Left,17,-0.0025,-0.0005,0.0539,0.1405,-0.0978,0.0618,0.9833,1.209,,,,,,,
29,Left,18,0.0000,0.0000,0.0390,0.1720,0.0028,0.0373,0.9844,1.209,,,,,,,
29,Left,19,0.0000,0.0000,0.0266,0.1050,0.0296,0.0096,0.9940,1.209,,,,,,,
29,Left,20,-0.0003,0.0016,0.0243,0.0000,0.0000,0.0000,1.0000,1.209,,,,,,,
29,Left,21,-0.0230,-0.0094,0.0341,0.0183,-0.1403,0.2070,0.9680,1.209,,,,,,,
29,Left,22,0.0000,0.0000,0.0457,0.1175,0.0082,-0.0881,0.9891,1.209,,,,,,,
29,Left,23,0.0000,0.0000,0.0307,0.1802,-0.0347,0.0540,0.9815,1.209,,,,,,,
29,Left,24,0.0000,0.0000,0.0203,0.0314,0.0491,-0.0008,0.9983,1.209,,,,,,,
29,Left,25,0.0002,0.0012,0.0219,0.0000,0.0000,0.0000,1.0000,1.209,,,,,,,
29,Right,0,-0.0023,-0.0054,0.0652,0.0000,0.0000,0.0000,1.0000,1.209,,,,,,,
29,Right,1,0.0000,0.0000,0.0000,0.0000,0.0000,0.0000,1.0000,1.209,0.1024,0.2542,0.0078,0.1808,-0.4267,0.0462,0.8849
29,Right,2,-0.0288,-0.0182,0.0355,0.0210,-0.4387,0.6152,0.6547,1.209,,,,,,,
29,Right,3,0.0000,0.0000,0.0325,-0.0429,0.0737,-0.0830,0.9929,1.209,,,,,,,
29,Right,4,0.0000,0.0000,0.0338,-0.1077,-0.0688,0.0843,0.9882,1.209,,,,,,,
29,Right,5,0.0007,0.0010,0.0246,0.0000,0.0000,0.0000,1.0000,1.209,,,,,,,
29,Right,6,-0.0191,-0.0105,0.0369,0.0000,0.0000,0.0000,1.0000,1.209,,,,,,,
29,Right,7,-0.0044,0.0032,0.0590,0.4434,0.0550,0.0219,0.8944,1.209,,,,,,,
29,Right,8,0.0000,0.0000,0.0379,0.7134,-0.0134,-0.0218,0.7003,1.209,,,,,,,
29,Right,9,0.0000,0.0000,0.0243,0.4126,0.0169,-0.0170,0.9106,1.209,,,,,,,
29,Right,10,0.0003,0.0010,0.0224,0.0000,0.0000,0.0000,1.0000,1.209,,,,,,,
29,Right,11,-0.0029,-0.0082,0.0348,0.0000,0.0000,0.0000,1.0000,1.209,,,,,,,
29,Right,12,0.0012,0.0056,0.0609,0.5659,0.0720,-0.0526,0.8196,1.209,,,,,,,
29,Right,13,0.0000,0.0000,0.0429,0.6308,-0.0037,-0.0128,0.7758,1.209,,,,,,,
29,Right,14,0.0000,0.0000,0.0275,0.4292,-0.0182,-0.0814,0.8994,1.209,,,,,,,
29,Right,15,0.0003,0.0011,0.0250,0.0000,0.0000,0.0000,1.0000,1.209,,,,,,,
29,Right,16,0.0150,-0.0060,0.0348,0.0000,0.0000,0.0000,1.0000,1.209,,,,,,,
29,Right,17,0.0025,-0.0005,0.0539,0.6354,0.0732,-0.1166,0.7598,1.209,,,,,,,
29,Right,18,0.0000,0.0000,0.0390,0.6098,-0.0181,-0.0419,0.7913,1.209,,,,,,,
29,Right,19,0.0000,0.0000,0.0266,0.4598,-0.0282,-0.0257,0.8872,1.209,,,,,,,
29,Right,20,0.0003,0.0016,0.0243,0.0000,0.0000,0.0000,1.0000,1.209,,,,,,,
29,Right,21,0.0230,-0.0094,0.0341,0.0183,0.1403,-0.2070,0.9680,1.209,,,,,,,
29,Right,22,0.0000,0.0000,0.0457,0.6766,0.0595,0.0382,0.7329,1.209,,,,,,,
29,Right,23,0.0000,0.0000,0.0307,0.5843,0.0116,-0.0827,0.8073,1.209,,,,,,,
29,Right,24,0.0000,0.0000,0.0203,0.4042,-0.0447,0.0021,0.9136,1.209,,,,,,,
29,Right,25,-0.0002,0.0012,0.0219,0.0000,0.0000,0.0000,1.0000,1.209,,,,,,,
30,Left,0,0.0030,-0.0047,0.0646,0.0000,0.0000,0.0000,1.0000,1.250,,,,,,,
30,Left,1,0.0000,0.0000,0.0000,0.0000,0.0000,0.0000,1.0000,1.250,-0.2096,-0.0167,-0.0760,-0.1545,-0.2834,-0.1884,-0.9275
30,Left,2,0.0317,-0.0129,0.0329,-0.1143,0.4265,-0.5250,0.7276,1.250,,,,,,,
30,Left,3,0.0000,0.0000,0.0325,0.0845,-0.0629,0.0831,0.9910,1.250,,,,,,,
30,Left,4,0.0000,0.0000,0.0338,0.1587,0.0465,-0.0776,0.9832,1.250,,,,,,,
30,Left,5,-0.0007,0.0010,0.0246,0.0000,0.0000,0.0000,1.0000,1.250,,,,,,,
30,Left,6,0.0206,-0.0079,0.0357,0.0000,0.0000,0.0000,1.0000,1.250,,,,,,,
30,Left,7,0.0030,0.0006,0.0603,0.0819,-0.0294,-0.0309,0.9957,1.250,,,,,,,
30,Left,8,0.0000,0.0000,0.0379,0.2077,-0.0017,0.0263,0.9778,1.250,,,,,,,
30,Left,9,0.0000,0.0000,0.0243,0.1175,-0.0239,0.0169,0.9926,1.250,,,,,,,
30,Left,10,-0.0003,0.0010,0.0224,0.0000,0.0000,0.0000,1.0000,1.250,,,,,,,
30,Left,11,0.0044,-0.0069,0.0335,0.0000,0.0000,0.0000,1.0000,1.250,,,,,,,
30,Left,12,-0.0026,0.0043,0.0621,0.1534,-0.0820,0.0172,0.9846,1.250,,,,,,,
30,Left,13,0.0000,0.0000,0.0429,0.2136,-0.0019,0.0124,0.9768,1.250,,,,,,,
30,Left,14,0.0000,0.0000,0.0275,0.0790,0.0029,0.0512,0.9956,1.250,,,,,,,
30,Left,15,-0.0003,0.0011,0.0250,0.0000,0.0000,0.0000,1.0000,1.250,,,,,,,
30,Left,16,-0.0150,-0.0060,0.0348,0.0000,0.0000,0.0000,1.0000,1.250,,,,,,,
30,Left,17,-0.0025,-0.0005,0.0539,0.1405,-0.0983,0.0618,0.9832,1.250,,,,,,,
30,Left,18,0.0000,0.0000,0.0390,0.1727,0.0029,0.0373,0.9843,1.250,,,,,,,
30,Left,19,0.0000,0.0000,0.0266,0.1055,0.0296,0.0096,0.9939,1.250,,,,,,,
30,Left,20,-0.0003,0.0016,0.0243,0.0000,0.0000,0.0000,1.0000,1.250,,,,,,,
30,Left,21,-0.0230,-0.0094,0.0341,0.0183,-0.1403,0.2070,0.9680,1.250,,,,,,,
30,Left,22,0.0000,0.0000,0.0457,0.1184,0.0072,-0.0880,0.9890,1.250,,,,,,,
30,Left,23,0.0000,0.0000,0.0307,0.1816,-0.0346,0.0541,0.9813,1.250,,,,,,,
30,Left,24,0.0000,0.0000,0.0203,0.0322,0.0491,-0.0008,0.9983,1.250,,,,,,,
30,Left,25,0.0002,0.0012,0.0219,0.0000,0.0000,0.0000,1.0000,1.250,,,,,,,
30,Right,0,-0.0024,-0.0053,0.0651,0.0000,0.0000,0.0000,1.0000,1.250,,,,,,,
30,Right,1,0.0000,0.0000,0.0000,0.0000,0.0000,0.0000,1.0000,1.250,0.1067,0.2569,0.0029,0.1940,-0.4108,0.0367,0.8901
30,Right,2,-0.0293,-0.0176,0.0352,0.0083,-0.4429,0.6063,0.6604,1.250,,,,,,,
30,Right,3,0.0000,0.0000,0.0325,-0.0444,0.0738,-0.0830,0.9928,1.250,,,,,,,
30,Right,4,0.0000,0.0000,0.0338,-0.1073,-0.0688,0.0843,0.9883,1.250,,,,,,,
30,Right,5,0.0007,0.0010,0.0246,0.0000,0.0000,0.0000,1.0000,1.250,,,,,,,
30,Right,6,-0.0193,-0.0103,0.0368,0.0000,0.0000,0.0000,1.0000,1.250,,,,,,,
30,Right,7,-0.0042,0.0029,0.0592,0.3884,0.0573,0.0225,0.9194,1.250,,,,,,,
30,Right,8,0.0000,0.0000,0.0379,0.6931,-0.0127,-0.0222,0.7204,1.250,,,,,,,
30,Right,9,0.0000,0.0000,0.0243,0.4129,0.0169,-0.0170,0.9105,1.250,,,,,,,
30,Right,10,0.0003,0.0010,0.0224,0.0000,0.0000,0.0000,1.0000,1.250,,,,,,,
30,Right,11,-0.0031,-0.0080,0.0346,0.0000,0.0000,0.0000,1.0000,1.250,,,,,,,
30,Right,12,0.0014,0.0055,0.0610,0.5158,0.0765,-0.0491,0.8518,1.250,,,,,,,
30,Right,13,0.0000,0.0000,0.0429,0.5946,-0.0032,-0.0129,0.8039,1.250,,,,,,,
30,Right,14,0.0000,0.0000,0.0275,0.4267,-0.0181,-0.0812,0.9006,1.250,,,,,,,
30,Right,15,0.0003,0.0011,0.0250,0.0000,0.0000,0.0000,1.0000,1.250,,,,,,,
30,Right,16,0.0150,-0.0060,0.0348,0.0000,0.0000,0.0000,1.0000,1.250,,,,,,,
30,Right,17,0.0025,-0.0005,0.0539,0.5975,0.0804,-0.1142,0.7896,1.250,,,,,,,
30,Right,18,0.0000,0.0000,0.0390,0.6032,-0.0178,-0.0419,0.7963,1.250,,,,,,,
30,Right,19,0.0000,0.0000,0.0266,0.4599,-0.0282,-0.0257,0.8872,1.250,,,,,,,
30,Right,20,0.0003,0.0016,0.0243,0.0000,0.0000,0.0000,1.0000,1.250,,,,,,,
30,Right,21,0.0230,-0.0094,0.0341,0.0183,0.1403,-0.2070,0.9680,1.250,,,,,,,
30,Right,22,0.0000,0.0000,0.0457,0.6633,0.0590,0.0393,0.7450,1.250,,,,,,,
30,Right,23,0.0000,0.0000,0.0307,0.5835,0.0117,-0.0826,0.8078,1.250,,,,,,,
30,Right,24,0.0000,0.0000,0.0203,0.4046,-0.0447,0.0021,0.9134,1.250,,,,,,,
30,Right,25,-0.0002,0.0012,0.0219,0.0000,0.0000,0.0000,1.0000,1.250,,,,,,,
31,Left,0,0.0030,-0.0047,0.0646,0.0000,0.0000,0.0000,1.0000,1.292,,,,,,,
31,Left,1,0.0000,0.0000,0.0000,0.0000,0.0000,0.0000,1.0000,1.292,-0.2078,-0.0147,-0.0756,-0.1550,-0.2854,-0.1889,-0.9267
31,Left,2,0.0317,-0.0130,0.0330,-0.1133,0.4264,-0.5259,0.7272,1.292,,,,,,,
31,Left,3,0.0000,0.0000,0.0325,0.0853,-0.0629,0.0831,0.9909,1.292,,,,,,,
31,Left,4,0.0000,0.0000,0.0338,0.1645,0.0459,-0.0774,0.9823,1.292,,,,,,,
31,Left,5,-0.0007,0.0010,0.0246,0.0000,0.0000,0.0000,1.0000,1.292,,,,,,,
31,Left,6,0.0206,-0.0080,0.0357,0.0000,0.0000,0.0000,1.0000,1.292,,,,,,,
31,Left,7,0.0030,0.0006,0.0603,0.0825,-0.0298,-0.0309,0.9957,1.292,,,,,,,
31,Left,8,0.0000,0.0000,0.0379,0.2089,-0.0016,0.0263,0.9776,1.292,,,,,,,
31,Left,9,0.0000,0.0000,0.0243,0.1182,-0.0239,0.0169,0.9926,1.292,,,,,,,
31,Left,10,-0.0003,0.0010,0.0224,0.0000,0.0000,0.0000,1.0000,1.292,,,,,,,
31,Left,11,0.0043,-0.0069,0.0335,0.0000,0.0000,0.0000,1.0000,1.292,,,,,,,
31,Left,12,-0.0026,0.0043,0.0621,0.1538,-0.0821,0.0173,0.9845,1.292,,,,,,,
31,Left,13,0.0000,0.0000,0.0429,0.2140,-0.0018,0.0124,0.9767,1.292,,,,,,,
31,Left,14,0.0000,0.0000,0.0275,0.0795,0.0029,0.0513,0.9955,1.292,,,,,,,
31,Left,15,-0.0003,0.0011,0.0250,0.0000,0.0000,0.0000,1.0000,1.292,,,,,,,
31,Left,16,-0.0150,-0.0060,0.0348,0.0000,0.0000,0.0000,1.0000,1.292,,,,,,,
31,Left,17,-0.0025,-0.0005,0.0539,0.1405,-0.0988,0.0618,0.9832,1.292,,,,,,,
31,Left,18,0.0000,0.0000,0.0390,0.1738,0.0029,0.0374,0.9841,1.292,,,,,,,
31,Left,19,0.0000,0.0000,0.0266,0.1062,0.0296,0.0096,0.9939,1.292,,,,,,,
31,Left,20,-0.0003,0.0016,0.0243,0.0000,0.0000,0.0000,1.0000,1.292,,,,,,,
31,Left,21,-0.0230,-0.0094,0.0341,0.0183,-0.1403,0.2070,0.9680,1.292,,,,,,,
31,Left,22,0.0000,0.0000,0.0457,0.1194,0.0066,-0.0879,0.9889,1.292,,,,,,,
31,Left,23,0.0000,0.0000,0.0307,0.1834,-0.0346,0.0542,0.9809,1.292,,,,,,,
31,Left,24,0.0000,0.0000,0.0203,0.0331,0.0491,-0.0008,0.9982,1.292,,,,,,,
31,Left,25,0.0002,0.0012,0.0219,0.0000,0.0000,0.0000,1.0000,1.292,,,,,,,
31,Right,0,-0.0025,-0.0052,0.0651,0.0000,0.0000,0.0000,1.0000,1.292,,,,,,,
31,Right,1,0.0000,0.0000,0.0000,0.0000,0.0000,0.0000,1.0000,1.292,0.1123,0.2562,0.0010,0.2039,-0.3999,0.0292,0.8931
31,Right,2,-0.0296,-0.0170,0.0350,-0.0030,-0.4469,0.5979,0.6654,1.292,,,,,,,
31,Right,3,0.0000,0.0000,0.0325,-0.0457,0.0739,-0.0830,0.9927,1.292,,,,,,,
31,Right,4,0.0000,0.0000,0.0338,-0.1065,-0.0687,0.0843,0.9884,1.292,,,,,,,
31,Right,5,0.0007,0.0010,0.0246,0.0000,0.0000,0.0000,1.0000,1.292,,,,,,,
31,Right,6,-0.0195,-0.0100,0.0367,0.0000,0.0000,0.0000,1.0000,1.292,,,,,,,
31,Right,7,-0.0040,0.0027,0.0593,0.3168,0.0581,0.0241,0.9464,1.292,,,,,,,
31,Right,8,0.0000,0.0000,0.0379,0.6188,-0.0103,-0.0235,0.7851,1.292,,,,,,,
31,Right,9,0.0000,0.0000,0.0243,0.3877,0.0176,-0.0171,0.9214,1.292,,,,,,,
31,Right,10,0.0003,0.0010,0.0224,0.0000,0.0000,0.0000,1.0000,1.292,,,,,,,
31,Right,11,-0.0033,-0.0079,0.0345,0.0000,0.0000,0.0000,1.0000,1.292,,,,,,,
31,Right,12,0.0016,0.0053,0.0611,0.4392,0.0818,-0.0431,0.8936,1.292,,,,,,,
31,Right,13,0.0000,0.0000,0.0429,0.5316,-0.0023,-0.0129,0.8469,1.292,,,,,,,
31,Right,14,0.0000,0.0000,0.0275,0.3898,-0.0165,-0.0783,0.9174,1.292,,,,,,,
31,Right,15,0.0003,0.0011,0.0250,0.0000,0.0000,0.0000,1.0000,1.292,,,,,,,
31,Right,16,0.0150,-0.0060,0.0348,0.0000,0.0000,0.0000,1.0000,1.292,,,,,,,
31,Right,17,0.0025,-0.0005,0.0539,0.5278,0.0920,-0.1084,0.8374,1.292,,,,,,,
31,Right,18,0.0000,0.0000,0.0390,0.5694,-0.0166,-0.0419,0.8209,1.292,,,,,,,
31,Right,19,0.0000,0.0000,0.0266,0.4465,-0.0283,-0.0251,0.8940,1.292,,,,,,,
31,Right,20,0.0003,0.0016,0.0243,0.0000,0.0000,0.0000,1.0000,1.292,,,,,,,
31,Right,21,0.0230,-0.0094,0.0341,0.0183,0.1403,-0.2070,0.9680,1.292,,,,,,,
31,Right,22,0.0000,0.0000,0.0457,0.6206,0.0609,0.0399,0.7808,1.292,,,,,,,
31,Right,23,0.0000,0.0000,0.0307,0.5607,0.0132,-0.0813,0.8239,1.292,,,,,,,
31,Right,24,0.0000,0.0000,0.0203,0.4008,-0.0448,0.0020,0.9151,1.292,,,,,,,
31,Right,25,-0.0002,0.0012,0.0219,0.0000,0.0000,0.0000,1.0000,1.292,,,,,,,
32,Left,0,0.0030,-0.0047,0.0646,0.0000,0.0000,0.0000,1.0000,1.333,,,,,,,
32,Left,1,0.0000,0.0000,0.0000,0.0000,0.0000,0.0000,1.0000,1.333,-0.2055,-0.0134,-0.0747,-0.1572,-0.2880,-0.1875,-0.9259
32,Left,2,0.0317,-0.0130,0.0330,-0.1124,0.4265,-0.5267,0.7267,1.333,,,,,,,
32,Left,3,0.0000,0.0000,0.0325,0.0859,-0.0628,0.0831,0.9908,1.333,,,,,,,
32,Left,4,0.0000,0.0000,0.0338,0.1664,0.0458,-0.0773,0.9820,1.333,,,,,,,
32,Left,5,-0.0007,0.0010,0.0246,0.0000,0.0000,0.0000,1.0000,1.333,,,,,,,
32,Left,6,0.0206,-0.0080,0.0357,0.0000,0.0000,0.0000,1.0000,1.333,,,,,,,
32,Left,7,0.0030,0.0007,0.0603,0.0826,-0.0302,-0.0309,0.9956,1.333,,,,,,,
32,Left,8,0.0000,0.0000,0.0379,0.2101,-0.0016,0.0263,0.9773,1.333,,,,,,,
32,Left,9,0.0000,0.0000,0.0243,0.1189,-0.0239,0.0169,0.9925,1.333,,,,,,,
32,Left,10,-0.0003,0.0010,0.0224,0.0000,0.0000,0.0000,1.0000,1.333,,,,,,,
32,Left,11,0.0043,-0.0069,0.0335,0.0000,0.0000,0.0000,1.0000,1.333,,,,,,,
32,Left,12,-0.0026,0.0043,0.0621,0.1541,-0.0824,0.0173,0.9845,1.333,,,,,,,
32,Left,13,0.0000,0.0000,0.0429,0.2146,-0.0018,0.0124,0.9766,1.333,,,,,,,
32,Left,14,0.0000,0.0000,0.0275,0.0800,0.0029,0.0513,0.9955,1.333,,,,,,,
32,Left,15,-0.0003,0.0011,0.0250,0.0000,0.0000,0.0000,1.0000,1.333,,,,,,,
32,Left,16,-0.0150,-0.0060,0.0348,0.0000,0.0000,0.0000,1.0000,1.333,,,,,,,
32,Left,17,-0.0025,-0.0005,0.0539,0.1406,-0.0993,0.0619,0.9831,1.333,,,,,,,
32,Left,18,0.0000,0.0000,0.0390,0.1748,0.0029,0.0374,0.9839,1.333,,,,,,,
32,Left,19,0.0000,0.0000,0.0266,0.1070,0.0296,0.0096,0.9938,1.333,,,,,,,
32,Left,20,-0.0003,0.0016,0.0243,0.0000,0.0000,0.0000,1.0000,1.333,,,,,,,
32,Left,21,-0.0230,-0.0094,0.0341,0.0183,-0.1403,0.2070,0.9680,1.333,,,,,,,
32,Left,22,0.0000,0.0000,0.0457,0.1207,0.0058,-0.0878,0.9888,1.333,,,,,,,
32,Left,23,0.0000,0.0000,0.0307,0.1851,-0.0345,0.0544,0.9806,1.333,,,,,,,
32,Left,24,0.0000,0.0000,0.0203,0.0339,0.0491,-0.0008,0.9982,1.333,,,,,,,
32,Left,25,0.0002,0.0012,0.0219,0.0000,0.0000,0.0000,1.0000,1.333,,,,,,,
32,Right,0,-0.0025,-0.0052,0.0651,0.0000,0.0000,0.0000,1.0000,1.333,,,,,,,
32,Right,1,0.0000,0.0000,0.0000,0.0000,0.0000,0.0000,1.0000,1.333,0.1210,0.2502,-0.0007,0.2104,-0.3896,0.0137,0.8965
32,Right,2,-0.0297,-0.0169,0.0349,-0.0062,-0.4472,0.5959,0.6670,1.333,,,,,,,
32,Right,3,0.0000,0.0000,0.0325,-0.0464,0.0740,-0.0830,0.9927,1.333,,,,,,,
32,Right,4,0.0000,0.0000,0.0338,-0.1072,-0.0688,0.0843,0.9883,1.333,,,,,,,
32,Right,5,0.0007,0.0010,0.0246,0.0000,0.0000,0.0000,1.0000,1.333,,,,,,,
32,Right,6,-0.0196,-0.0099,0.0366,0.0000,0.0000,0.0000,1.0000,1.333,,,,,,,
32,Right,7,-0.0040,0.0026,0.0594,0.2713,0.0613,0.0245,0.9602,1.333,,,,,,,
32,Right,8,0.0000,0.0000,0.0379,0.5162,-0.0072,-0.0248,0.8561,1.333,,,,,,,
32,Right,9,0.0000,0.0000,0.0243,0.2890,0.0202,-0.0172,0.9570,1.333,,,,,,,
32,Right,10,0.0003,0.0010,0.0224,0.0000,0.0000,0.0000,1.0000,1.333,,,,,,,
32,Right,11,-0.0034,-0.0079,0.0345,0.0000,0.0000,0.0000,1.0000,1.333,,,,,,,
32,Right,12,0.0016,0.0053,0.0612,0.3916,0.0850,-0.0394,0.9154,1.333,,,,,,,
32,Right,13,0.0000,0.0000,0.0429,0.4731,-0.0015,-0.0129,0.8809,1.333,,,,,,,
32,Right,14,0.0000,0.0000,0.0275,0.3310,-0.0139,-0.0736,0.9406,1.333,,,,,,,
32,Right,15,0.0003,0.0011,0.0250,0.0000,0.0000,0.0000,1.0000,1.333,,,,,,,
32,Right,16,0.0150,-0.0060,0.0348,0.0000,0.0000,0.0000,1.0000,1.333,,,,,,,
32,Right,17,0.0025,-0.0005,0.0539,0.4858,0.0987,-0.1047,0.8621,1.333,,,,,,,
32,Right,18,0.0000,0.0000,0.0390,0.5357,-0.0154,-0.0418,0.8432,1.333,,,,,,,
32,Right,19,0.0000,0.0000,0.0266,0.4128,-0.0286,-0.0236,0.9101,1.333,,,,,,,
32,Right,20,0.0003,0.0016,0.0243,0.0000,0.0000,0.0000,1.0000,1.333,,,,,,,
32,Right,21,0.0230,-0.0094,0.0341,0.0183,0.1403,-0.2070,0.9680,1.333,,,,,,,
32,Right,22,0.0000,0.0000,0.0457,0.5913,0.0667,0.0373,0.8028,1.333,,,,,,,
32,Right,23,0.0000,0.0000,0.0307,0.5380,0.0148,-0.0798,0.8391,1.333,,,,,,,
32,Right,24,0.0000,0.0000,0.0203,0.3792,-0.0452,0.0020,0.9242,1.333,,,,,,,
32,Right,25,-0.0002,0.0012,0.0219,0.0000,0.0000,0.0000,1.0000,1.333,,,,,,,
33,Left,0,0.0030,-0.0047,0.0646,0.0000,0.0000,0.0000,1.0000,1.375,,,,,,,
33,Left,1,0.0000,0.0000,0.0000,0.0000,0.0000,0.0000,1.0000,1.375,-0.2033,-0.0125,-0.0743,-0.1591,-0.2898,-0.1857,-0.9253
33,Left,2,0.0317,-0.0131,0.0330,-0.1113,0.4267,-0.5275,0.7261,1.375,,,,,,,
33,Left,3,0.0000,0.0000,0.0325,0.0866,-0.0627,0.0831,0.9908,1.375,,,,,,,
33,Left,4,0.0000,0.0000,0.0338,0.1677,0.0457,-0.0773,0.9817,1.375,,,,,,,
33,Left,5,-0.0007,0.0010,0.0246,0.0000,0.0000,0.0000,1.0000,1.375,,,,,,,
33,Left,6,0.0205,-0.0080,0.0357,0.0000,0.0000,0.0000,1.0000,1.375,,,,,,,
33,Left,7,0.0030,0.0007,0.0603,0.0822,-0.0309,-0.0308,0.9957,1.375,,,,,,,
33,Left,8,0.0000,0.0000,0.0379,0.2115,-0.0016,0.0263,0.9770,1.375,,,,,,,
33,Left,9,0.0000,0.0000,0.0243,0.1198,-0.0239,0.0169,0.9924,1.375,,,,,,,
33,Left,10,-0.0003,0.0010,0.0224,0.0000,0.0000,0.0000,1.0000,1.375,,,,,,,
33,Left,11,0.0043,-0.0069,0.0335,0.0000,0.0000,0.0000,1.0000,1.375,,,,,,,
33,Left,12,-0.0026,0.0044,0.0621,0.1540,-0.0829,0.0174,0.9844,1.375,,,,,,,
33,Left,13,0.0000,0.0000,0.0429,0.2152,-0.0018,0.0124,0.9765,1.375,,,,,,,
33,Left,14,0.0000,0.0000,0.0275,0.0805,0.0030,0.0514,0.9954,1.375,,,,,,,
33,Left,15,-0.0003,0.0011,0.0250,0.0000,0.0000,0.0000,1.0000,1.375,,,,,,,
33,Left,16,-0.0150,-0.0060,0.0348,0.0000,0.0000,0.0000,1.0000,1.375,,,,,,,
33,Left,17,-0.0025,-0.0005,0.0539,0.1405,-0.1000,0.0619,0.9831,1.375,,,,,,,
33,Left,18,0.0000,0.0000,0.0390,0.1756,0.0030,0.0374,0.9837,1.375,,,,,,,
33,Left,19,0.0000,0.0000,0.0266,0.1077,0.0296,0.0097,0.9937,1.375,,,,,,,
33,Left,20,-0.0003,0.0016,0.0243,0.0000,0.0000,0.0000,1.0000,1.375,,,,,,,
33,Left,21,-0.0230,-0.0094,0.0341,0.0183,-0.1403,0.2070,0.9680,1.375,,,,,,,
33,Left,22,0.0000,0.0000,0.0457,0.1219,0.0049,-0.0876,0.9887,1.375,,,,,,,
33,Left,23,0.0000,0.0000,0.0307,0.1867,-0.0344,0.0545,0.9803,1.375,,,,,,,
33,Left,24,0.0000,0.0000,0.0203,0.0346,0.0491,-0.0008,0.9982,1.375,,,,,,,
33,Left,25,0.0002,0.0012,0.0219,0.0000,0.0000,0.0000,1.0000,1.375,,,,,,,
33,Right,0,-0.0026,-0.0052,0.0650,0.0000,0.0000,0.0000,1.0000,1.375,,,,,,,
33,Right,1,0.0000,0.0000,0.0000,0.0000,0.0000,0.0000,1.0000,1.375,0.1303,0.2437,-0.0016,0.2093,-0.3826,0.0001,0.8999
33,Right,2,-0.0299,-0.0166,0.0347,-0.0137,-0.4482,0.5909,0.6707,1.375,,,,,,,
33,Right,3,0.0000,0.0000,0.0325,-0.0462,0.0740,-0.0830,0.9927,1.375,,,,,,,
33,Right,4,0.0000,0.0000,0.0338,-0.1080,-0.0689,0.0843,0.9882,1.375,,,,,,,
33,Right,5,0.0007,0.0010,0.0246,0.0000,0.0000,0.0000,1.0000,1.375,,,,,,,
33,Right,6,-0.0197,-0.0098,0.0366,0.0000,0.0000,0.0000,1.0000,1.375,,,,,,,
33,Right,7,-0.0039,0.0024,0.0594,0.2551,0.0639,0.0244,0.9645,1.375,,,,,,,
33,Right,8,0.0000,0.0000,0.0379,0.4130,-0.0041,-0.0257,0.9104,1.375,,,,,,,
33,Right,9,0.0000,0.0000,0.0243,0.2138,0.0219,-0.0171,0.9765,1.375,,,,,,,
33,Right,10,0.0003,0.0010,0.0224,0.0000,0.0000,0.0000,1.0000,1.375,,,,,,,
33,Right,11,-0.0035,-0.0078,0.0344,0.0000,0.0000,0.0000,1.0000,1.375,,,,,,,
33,Right,12,0.0017,0.0052,0.0612,0.3663,0.0866,-0.0373,0.9257,1.375,,,,,,,
33,Right,13,0.0000,0.0000,0.0429,0.3996,-0.0005,-0.0129,0.9166,1.375,,,,,,,
33,Right,14,0.0000,0.0000,0.0276,0.2678,-0.0112,-0.0683,0.9610,1.375,,,,,,,
33,Right,15,0.0003,0.0011,0.0250,0.0000,0.0000,0.0000,1.0000,1.375,,,,,,,
33,Right,16,0.0150,-0.0060,0.0348,0.0000,0.0000,0.0000,1.0000,1.375,,,,,,,
33,Right,17,0.0025,-0.0005,0.0539,0.4386,0.1051,-0.0999,0.8869,1.375,,,,,,,
33,Right,18,0.0000,0.0000,0.0390,0.4619,-0.0128,-0.0414,0.8859,1.375,,,,,,,
33,Right,19,0.0000,0.0000,0.0266,0.3512,-0.0291,-0.0208,0.9356,1.375,,,,,,,
33,Right,20,0.0003,0.0016,0.0243,0.0000,0.0000,0.0000,1.0000,1.375,,,,,,,
33,Right,21,0.0230,-0.0094,0.0341,0.0183,0.1403,-0.2070,0.9680,1.375,,,,,,,
33,Right,22,0.0000,0.0000,0.0457,0.5446,0.0657,0.0414,0.8351,1.375,,,,,,,
33,Right,23,0.0000,0.0000,0.0307,0.4786,0.0186,-0.0760,0.8745,1.375,,,,,,,
33,Right,24,0.0000,0.0000,0.0203,0.3359,-0.0461,0.0018,0.9408,1.375,,,,,,,
33,Right,25,-0.0002,0.0012,0.0219,0.0000,0.0000,0.0000,1.0000,1.375,,,,,,,
34,Left,0,0.0030,-0.0047,0.0646,0.0000,0.0000,0.0000,1.0000,1.417,,,,,,,
34,Left,1,0.0000,0.0000,0.0000,0.0000,0.0000,0.0000,1.0000,1.417,-0.2016,-0.0116,-0.0746,-0.1595,-0.2909,-0.1851,-0.9250
34,Left,2,0.0316,-0.0131,0.0330,-0.1102,0.4269,-0.5284,0.7256,1.417,,,,,,,
34,Left,3,0.0000,0.0000,0.0325,0.0870,-0.0627,0.0831,0.9908,1.417,,,,,,,
34,Left,4,0.0000,0.0000,0.0338,0.1688,0.0456,-0.0772,0.9816,1.417,,,,,,,
34,Left,5,-0.0007,0.0010,0.0246,0.0000,0.0000,0.0000,1.0000,1.417,,,,,,,
34,Left,6,0.0205,-0.0080,0.0357,0.0000,0.0000,0.0000,1.0000,1.417,,,,,,,
34,Left,7,0.0030,0.0007,0.0603,0.0818,-0.0321,-0.0308,0.9957,1.417,,,,,,,
34,Left,8,0.0000,0.0000,0.0379,0.2131,-0.0015,0.0263,0.9767,1.417,,,,,,,
34,Left,9,0.0000,0.0000,0.0243,0.1206,-0.0239,0.0169,0.9923,1.417,,,,,,,
34,Left,10,-0.0003,0.0010,0.0224,0.0000,0.0000,0.0000,1.0000,1.417,,,,,,,
34,Left,11,0.0043,-0.0069,0.0335,0.0000,0.0000,0.0000,1.0000,1.417,,,,,,,
34,Left,12,-0.0026,0.0044,0.0621,0.1538,-0.0837,0.0174,0.9844,1.417,,,,,,,
34,Left,13,0.0000,0.0000,0.0429,0.2158,-0.0018,0.0124,0.9764,1.417,,,,,,,
34,Left,14,0.0000,0.0000,0.0275,0.0810,0.0030,0.0514,0.9954,1.417,,,,,,,
34,Left,15,-0.0003,0.0011,0.0250,0.0000,0.0000,0.0000,1.0000,1.417,,,,,,,
34,Left,16,-0.0150,-0.0060,0.0348,0.0000,0.0000,0.0000,1.0000,1.417,,,,,,,
34,Left,17,-0.0025,-0.0005,0.0539,0.1405,-0.1007,0.0620,0.9830,1.417,,,,,,,
34,Left,18,0.0000,0.0000,0.0390,0.1765,0.0030,0.0374,0.9836,1.417,,,,,,,
34,Left,19,0.0000,0.0000,0.0266,0.1083,0.0296,0.0097,0.9936,1.417,,,,,,,
34,Left,20,-0.0003,0.0016,0.0243,0.0000,0.0000,0.0000,1.0000,1.417,,,,,,,
34,Left,21,-0.0230,-0.0094,0.0341,0.0183,-0.1403,0.2070,0.9680,1.417,,,,,,,
34,Left,22,0.0000,0.0000,0.0457,0.1236,0.0040,-0.0875,0.9885,1.417,,,,,,,
34,Left,23,0.0000,0.0000,0.0307,0.1882,-0.0343,0.0546,0.9800,1.417,,,,,,,
34,Left,24,0.0000,0.0000,0.0203,0.0351,0.0491,-0.0008,0.9982,1.417,,,,,,,
34,Left,25,0.0002,0.0012,0.0219,0.0000,0.0000,0.0000,1.0000,1.417,,,,,,,
34,Right,0,-0.0027,-0.0051,0.0650,0.0000,0.0000,0.0000,1.0000,1.417,,,,,,,
34,Right,1,0.0000,0.0000,0.0000,0.0000,0.0000,0.0000,1.0000,1.417,0.1372,0.2381,-0.0037,0.2022,-0.3776,-0.0147,0.9035
34,Right,2,-0.0303,-0.0160,0.0344,-0.0313,-0.4451,0.5809,0.6807,1.417,,,,,,,
34,Right,3,0.0000,0.0000,0.0325,-0.0450,0.0739,-0.0830,0.9928,1.417,,,,,,,
34,Right,4,0.0000,0.0000,0.0338,-0.1088,-0.0689,0.0843,0.9881,1.417,,,,,,,
34,Right,5,0.0007,0.0010,0.0246,0.0000,0.0000,0.0000,1.0000,1.417,,,,,,,
34,Right,6,-0.0198,-0.0095,0.0364,0.0000,0.0000,0.0000,1.0000,1.417,,,,,,,
34,Right,7,-0.0037,0.0021,0.0596,0.2447,0.0668,0.0242,0.9670,1.417,,,,,,,
34,Right,8,0.0000,0.0000,0.0379,0.3553,-0.0025,-0.0260,0.9344,1.417,,,,,,,
34,Right,9,0.0000,0.0000,0.0243,0.1783,0.0227,-0.0171,0.9836,1.417,,,,,,,
34,Right,10,0.0003,0.0010,0.0224,0.0000,0.0000,0.0000,1.0000,1.417,,,,,,,
34,Right,11,-0.0036,-0.0076,0.0343,0.0000,0.0000,0.0000,1.0000,1.417,,,,,,,
34,Right,12,0.0019,0.0051,0.0614,0.3508,0.0868,-0.0358,0.9317,1.417,,,,,,,
34,Right,13,0.0000,0.0000,0.0429,0.3360,0.0003,-0.0128,0.9418,1.417,,,,,,,
34,Right,14,0.0000,0.0000,0.0275,0.2122,-0.0087,-0.0634,0.9751,1.417,,,,,,,
34,Right,15,0.0003,0.0011,0.0250,0.0000,0.0000,0.0000,1.0000,1.417,,,,,,,
34,Right,16,0.0150,-0.0060,0.0348,0.0000,0.0000,0.0000,1.0000,1.417,,,,,,,
34,Right,17,0.0025,-0.0005,0.0539,0.4152,0.1069,-0.0970,0.8982,1.417,,,,,,,
34,Right,18,0.0000,0.0000,0.0390,0.3862,-0.0102,-0.0406,0.9215,1.417,,,,,,,
34,Right,19,0.0000,0.0000,0.0266,0.2960,-0.0294,-0.0183,0.9546,1.417,,,,,,,
34,Right,20,0.0003,0.0016,0.0243,0.0000,0.0000,0.0000,1.0000,1.417,,,,,,,
34,Right,21,0.0230,-0.0094,0.0341,0.0183,0.1403,-0.2070,0.9680,1.417,,,,,,,
34,Right,22,0.0000,0.0000,0.0457,0.5172,0.0634,0.0450,0.8523,1.417,,,,,,,
34,Right,23,0.0000,0.0000,0.0307,0.4174,0.0223,-0.0718,0.9056,1.417,,,,,,,
34,Right,24,0.0000,0.0000,0.0203,0.2800,-0.0470,0.0017,0.9588,1.417,,,,,,,
34,Right,25,-0.0002,0.0012,0.0219,0.0000,0.0000,0.0000,1.0000,1.417,,,,,,,
35,Left,0,0.0030,-0.0047,0.0646,0.0000,0.0000,0.0000,1.0000,1.458,,,,,,,
35,Left,1,0.0000,0.0000,0.0000,0.0000,0.0000,0.0000,1.0000,1.458,-0.2006,-0.0111,-0.0747,-0.1609,-0.2929,-0.1844,-0.9243
35,Left,2,0.0316,-0.0132,0.0330,-0.1092,0.4270,-0.5292,0.7250,1.458,,,,,,,
35,Left,3,0.0000,0.0000,0.0325,0.0873,-0.0627,0.0831,0.9907,1.458,,,,,,,
35,Left,4,0.0000,0.0000,0.0338,0.1696,0.0455,-0.0772,0.9814,1.458,,,,,,,
35,Left,5,-0.0007,0.0010,0.0246,0.0000,0.0000,0.0000,1.0000,1.458,,,,,,,
35,Left,6,0.0205,-0.0080,0.0357,0.0000,0.0000,0.0000,1.0000,1.458,,,,,,,
35,Left,7,0.0030,0.0007,0.0603,0.0818,-0.0335,-0.0308,0.9956,1.458,,,,,,,
35,Left,8,0.0000,0.0000,0.0379,0.2154,-0.0015,0.0263,0.9762,1.458,,,,,,,
35,Left,9,0.0000,0.0000,0.0243,0.1215,-0.0238,0.0169,0.9922,1.458,,,,,,,
35,Left,10,-0.0003,0.0010,0.0224,0.0000,0.0000,0.0000,1.0000,1.458,,,,,,,
35,Left,11,0.0043,-0.0069,0.0336,0.0000,0.0000,0.0000,1.0000,1.458,,,,,,,
35,Left,12,-0.0026,0.0044,0.0621,0.1538,-0.0845,0.0175,0.9843,1.458,,,,,,,
35,Left,13,0.0000,0.0000,0.0429,0.2163,-0.0018,0.0124,0.9763,1.458,,,,,,,
35,Left,14,0.0000,0.0000,0.0275,0.0813,0.0030,0.0514,0.9954,1.458,,,,,,,
35,Left,15,-0.0003,0.0011,0.0250,0.0000,0.0000,0.0000,1.0000,1.458,,,,,,,
35,Left,16,-0.0150,-0.0060,0.0348,0.0000,0.0000,0.0000,1.0000,1.458,,,,,,,
35,Left,17,-0.0025,-0.0005,0.0539,0.1407,-0.1015,0.0621,0.9829,1.458,,,,,,,
35,Left,18,0.0000,0.0000,0.0390,0.1770,0.0030,0.0374,0.9835,1.458,,,,,,,
35,Left,19,0.0000,0.0000,0.0266,0.1088,0.0296,0.0097,0.9936,1.458,,,,,,,
35,Left,20,-0.0003,0.0016,0.0243,0.0000,0.0000,0.0000,1.0000,1.458,,,,,,,
35,Left,21,-0.0230,-0.0094,0.0341,0.0183,-0.1403,0.2070,0.9680,1.458,,,,,,,
35,Left,22,0.0000,0.0000,0.0457,0.1254,0.0031,-0.0873,0.9882,1.458,,,,,,,
35,Left,23,0.0000,0.0000,0.0307,0.1894,-0.0343,0.0547,0.9798,1.458,,,,,,,
35,Left,24,0.0000,0.0000,0.0203,0.0355,0.0491,-0.0008,0.9982,1.458,,,,,,,
35,Left,25,0.0002,0.0012,0.0219,0.0000,0.0000,0.0000,1.0000,1.458,,,,,,,
35,Right,0,-0.0027,-0.0050,0.0649,0.0000,0.0000,0.0000,1.0000,1.458,,,,,,,
35,Right,1,0.0000,0.0000,0.0000,0.0000,0.0000,0.0000,1.0000,1.458,0.1441,0.2304,-0.0078,0.1807,-0.3679,-0.0407,0.9112
35,Right,2,-0.0305,-0.0156,0.0342,-0.0431,-0.4429,0.5739,0.6875,1.458,,,,,,,
35,Right,3,0.0000,0.0000,0.0325,-0.0391,0.0734,-0.0830,0.9931,1.458,,,,,,,
35,Right,4,0.0000,0.0000,0.0338,-0.1089,-0.0689,0.0843,0.9881,1.458,,,,,,,
35,Right,5,0.0007,0.0010,0.0246,0.0000,0.0000,0.0000,1.0000,1.458,,,,,,,
35,Right,6,-0.0200,-0.0093,0.0363,0.0000,0.0000,0.0000,1.0000,1.458,,,,,,,
35,Right,7,-0.0036,0.0019,0.0597,0.2478,0.0686,0.0237,0.9661,1.458,,,,,,,
35,Right,8,0.0000,0.0000,0.0379,0.3212,-0.0015,-0.0261,0.9467,1.458,,,,,,,
35,Right,9,0.0000,0.0000,0.0243,0.1626,0.0230,-0.0170,0.9863,1.458,,,,,,,
35,Right,10,0.0003,0.0010,0.0224,0.0000,0.0000,0.0000,1.0000,1.458,,,,,,,
35,Right,11,-0.0038,-0.0075,0.0342,0.0000,0.0000,0.0000,1.0000,1.458,,,,,,,
35,Right,12,0.0020,0.0050,0.0615,0.3520,0.0858,-0.0356,0.9314,1.458,,,,,,,
35,Right,13,0.0000,0.0000,0.0429,0.2790,0.0010,-0.0126,0.9602,1.458,,,,,,,
35,Right,14,0.0000,0.0000,0.0275,0.1606,-0.0065,-0.0588,0.9852,1.458,,,,,,,
35,Right,15,0.0003,0.0011,0.0250,0.0000,0.0000,0.0000,1.0000,1.458,,,,,,,
35,Right,16,0.0150,-0.0060,0.0348,0.0000,0.0000,0.0000,1.0000,1.458,,,,,,,
35,Right,17,0.0025,-0.0005,0.0539,0.4094,0.1060,-0.0957,0.9011,1.458,,,,,,,
35,Right,18,0.0000,0.0000,0.0390,0.3189,-0.0079,-0.0398,0.9469,1.458,,,,,,,
35,Right,19,0.0000,0.0000,0.0266,0.2423,-0.0296,-0.0159,0.9696,1.458,,,,,,,
35,Right,20,0.0003,0.0016,0.0243,0.0000,0.0000,0.0000,1.0000,1.458,,,,,,,
35,Right,21,0.0230,-0.0094,0.0341,0.0183,0.1403,-0.2070,0.9680,1.458,,,,,,,
35,Right,22,0.0000,0.0000,0.0457,0.4980,0.0611,0.0477,0.8637,1.458,,,,,,,
35,Right,23,0.0000,0.0000,0.0307,0.3662,0.0252,-0.0682,0.9277,1.458,,,,,,,
35,Right,24,0.0000,0.0000,0.0203,0.2237,-0.0478,0.0015,0.9735,1.458,,,,,,,
35,Right,25,-0.0002,0.0012,0.0219,0.0000,0.0000,0.0000,1.0000,1.458,,,,,,,
36,Left,0,0.0030,-0.0047,0.0646,0.0000,0.0000,0.0000,1.0000,1.500,,,,,,,
36,Left,1,0.0000,0.0000,0.0000,0.0000,0.0000,0.0000,1.0000,1.500,-0.1998,-0.0107,-0.0745,-0.1640,-0.2960,-0.1836,-0.9229
36,Left,2,0.0316,-0.0132,0.0331,-0.1082,0.4270,-0.5301,0.7246,1.500,,,,,,,
36,Left,3,0.0000,0.0000,0.0325,0.0877,-0.0626,0.0831,0.9907,1.500,,,,,,,
36,Left,4,0.0000,0.0000,0.0338,0.1699,0.0455,-0.0772,0.9814,1.500,,,,,,,
36,Left,5,-0.0007,0.0010,0.0246,0.0000,0.0000,0.0000,1.0000,1.500,,,,,,,
36,Left,6,0.0205,-0.0081,0.0357,0.0000,0.0000,0.0000,1.0000,1.500,,,,,,,
36,Left,7,0.0030,0.0008,0.0603,0.0820,-0.0351,-0.0307,0.9955,1.500,,,,,,,
36,Left,8,0.0000,0.0000,0.0379,0.2181,-0.0014,0.0263,0.9756,1.500,,,,,,,
36,Left,9,0.0000,0.0000,0.0243,0.1224,-0.0238,0.0169,0.9921,1.500,,,,,,,
36,Left,10,-0.0003,0.0010,0.0224,0.0000,0.0000,0.0000,1.0000,1.500,,,,,,,
36,Left,11,0.0043,-0.0069,0.0336,0.0000,0.0000,0.0000,1.0000,1.500,,,,,,,
36,Left,12,-0.0026,0.0044,0.0621,0.1539,-0.0855,0.0177,0.9842,1.500,,,,,,,
36,Left,13,0.0000,0.0000,0.0429,0.2165,-0.0018,0.0124,0.9762,1.500,,,,,,,
36,Left,14,0.0000,0.0000,0.0275,0.0815,0.0030,0.0515,0.9953,1.500,,,,,,,
36,Left,15,-0.0003,0.0011,0.0250,0.0000,0.0000,0.0000,1.0000,1.500,,,,,,,
36,Left,16,-0.0150,-0.0060,0.0348,0.0000,0.0000,0.0000,1.0000,1.500,,,,,,,
36,Left,17,-0.0025,-0.0005,0.0539,0.1408,-0.1023,0.0622,0.9828,1.500,,,,,,,
36,Left,18,0.0000,0.0000,0.0390,0.1772,0.0030,0.0374,0.9835,1.500,,,,,,,
36,Left,19,0.0000,0.0000,0.0266,0.1092,0.0296,0.0097,0.9935,1.500,,,,,,,
36,Left,20,-0.0003,0.0016,0.0243,0.0000,0.0000,0.0000,1.0000,1.500,,,,,,,
36,Left,21,-0.0230,-0.0094,0.0341,0.0183,-0.1403,0.2070,0.9680,1.500,,,,,,,
36,Left,22,0.0000,0.0000,0.0457,0.1266,0.0021,-0.0872,0.9881,1.500,,,,,,,
36,Left,23,0.0000,0.0000,0.0307,0.1901,-0.0342,0.0548,0.9796,1.500,,,,,,,
36,Left,24,0.0000,0.0000,0.0203,0.0356,0.0491,-0.0009,0.9982,1.500,,,,,,,
36,Left,25,0.0002,0.0012,0.0219,0.0000,0.0000,0.0000,1.0000,1.500,,,,,,,
36,Right,0,-0.0028,-0.0050,0.0649,0.0000,0.0000,0.0000,1.0000,1.500,,,,,,,
36,Right,1,0.0000,0.0000,0.0000,0.0000,0.0000,0.0000,1.0000,1.500,0.1487,0.2171,-0.0100,0.1554,-0.3477,-0.0785,0.9213
36,Right,2,-0.0306,-0.0154,0.0342,-0.0471,-0.4434,0.5709,0.6894,1.500,,,,,,,
36,Right,3,0.0000,0.0000,0.0325,-0.0207,0.0719,-0.0831,0.9937,1.500,,,,,,,
36,Right,4,0.0000,0.0000,0.0338,-0.1077,-0.0688,0.0843,0.9882,1.500,,,,,,,
36,Right,5,0.0007,0.0010,0.0246,0.0000,0.0000,0.0000,1.0000,1.500,,,,,,,
36,Right,6,-0.0200,-0.0092,0.0363,0.0000,0.0000,0.0000,1.0000,1.500,,,,,,,
36,Right,7,-0.0035,0.0018,0.0597,0.2489,0.0701,0.0234,0.9657,1.500,,,,,,,
36,Right,8,0.0000,0.0000,0.0379,0.2977,-0.0008,-0.0262,0.9543,1.500,,,,,,,
36,Right,9,0.0000,0.0000,0.0243,0.1487,0.0233,-0.0170,0.9885,1.500,,,,,,,
36,Right,10,0.0003,0.0010,0.0224,0.0000,0.0000,0.0000,1.0000,1.500,,,,,,,
36,Right,11,-0.0038,-0.0075,0.0341,0.0000,0.0000,0.0000,1.0000,1.500,,,,,,,
36,Right,12,0.0021,0.0049,0.0615,0.3530,0.0848,-0.0354,0.9311,1.500,,,,,,,
36,Right,13,0.0000,0.0000,0.0429,0.2420,0.0015,-0.0125,0.9702,1.500,,,,,,,
36,Right,14,0.0000,0.0000,0.0275,0.1312,-0.0052,-0.0561,0.9898,1.500,,,,,,,
36,Right,15,0.0003,0.0011,0.0250,0.0000,0.0000,0.0000,1.0000,1.500,,,,,,,
36,Right,16,0.0150,-0.0060,0.0348,0.0000,0.0000,0.0000,1.0000,1.500,,,,,,,
36,Right,17,0.0025,-0.0005,0.0539,0.4087,0.1047,-0.0951,0.9016,1.500,,,,,,,
36,Right,18,0.0000,0.0000,0.0390,0.2718,-0.0062,-0.0391,0.9615,1.500,,,,,,,
36,Right,19,0.0000,0.0000,0.0266,0.2156,-0.0296,-0.0147,0.9759,1.500,,,,,,,
36,Right,20,0.0003,0.0016,0.0243,0.0000,0.0000,0.0000,1.0000,1.500,,,,,,,
36,Right,21,0.0230,-0.0094,0.0341,0.0183,0.1403,-0.2070,0.9680,1.500,,,,,,,
36,Right,22,0.0000,0.0000,0.0457,0.4823,0.0593,0.0498,0.8726,1.500,,,,,,,
36,Right,23,0.0000,0.0000,0.0307,0.3251,0.0274,-0.0652,0.9430,1.500,,,,,,,
36,Right,24,0.0000,0.0000,0.0203,0.1804,-0.0482,0.0013,0.9824,1.500,,,,,,,
36,Right,25,-0.0002,0.0012,0.0219,0.0000,0.0000,0.0000,1.0000,1.500,,,,,,,
37,Left,0,0.0030,-0.0047,0.0646,0.0000,0.0000,0.0000,1.0000,1.542,,,,,,,
37,Left,1,0.0000,0.0000,0.0000,0.0000,0.0000,0.0000,1.0000,1.542,-0.1993,-0.0107,-0.0742,-0.1678,-0.2998,-0.1817,-0.9214
37,Left,2,0.0316,-0.0133,0.0331,-0.1073,0.4271,-0.5308,0.7241,1.542,,,,,,,
37,Left,3,0.0000,0.0000,0.0325,0.0885,-0.0626,0.0831,0.9906,1.542,,,,,,,
37,Left,4,0.0000,0.0000,0.0338,0.1694,0.0455,-0.0772,0.9815,1.542,,,,,,,
37,Left,5,-0.0007,0.0010,0.0246,0.0000,0.0000,0.0000,1.0000,1.542,,,,,,,
37,Left,6,0.0205,-0.0081,0.0357,0.0000,0.0000,0.0000,1.0000,1.542,,,,,,,
37,Left,7,0.0030,0.0008,0.0603,0.0821,-0.0365,-0.0307,0.9955,1.542,,,,,,,
37,Left,8,0.0000,0.0000,0.0379,0.2203,-0.0013,0.0263,0.9751,1.542,,,,,,,
37,Left,9,0.0000,0.0000,0.0243,0.1234,-0.0238,0.0169,0.9919,1.542,,,,,,,
37,Left,10,-0.0003,0.0010,0.0224,0.0000,0.0000,0.0000,1.0000,1.542,,,,,,,
37,Left,11,0.0043,-0.0069,0.0336,0.0000,0.0000,0.0000,1.0000,1.542,,,,,,,
37,Left,12,-0.0026,0.0044,0.0621,0.1539,-0.0864,0.0178,0.9841,1.542,,,,,,,
37,Left,13,0.0000,0.0000,0.0429,0.2171,-0.0018,0.0124,0.9761,1.542,,,,,,,
37,Left,14,0.0000,0.0000,0.0275,0.0819,0.0030,0.0515,0.9953,1.542,,,,,,,
37,Left,15,-0.0003,0.0011,0.0250,0.0000,0.0000,0.0000,1.0000,1.542,,,,,,,
37,Left,16,-0.0150,-0.0060,0.0348,0.0000,0.0000,0.0000,1.0000,1.542,,,,,,,
37,Left,17,-0.0025,-0.0005,0.0539,0.1407,-0.1030,0.0622,0.9827,1.542,,,,,,,
37,Left,18,0.0000,0.0000,0.0390,0.1774,0.0030,0.0374,0.9834,1.542,,,,,,,
37,Left,19,0.0000,0.0000,0.0266,0.1095,0.0296,0.0098,0.9935,1.542,,,,,,,
37,Left,20,-0.0003,0.0016,0.0243,0.0000,0.0000,0.0000,1.0000,1.542,,,,,,,
37,Left,21,-0.0230,-0.0094,0.0341,0.0183,-0.1403,0.2070,0.9680,1.542,,,,,,,
37,Left,22,0.0000,0.0000,0.0457,0.1271,0.0009,-0.0870,0.9881,1.542,,,,,,,
37,Left,23,0.0000,0.0000,0.0307,0.1905,-0.0342,0.0548,0.9796,1.542,,,,,,,
37,Left,24,0.0000,0.0000,0.0203,0.0355,0.0491,-0.0008,0.9982,1.542,,,,,,,
37,Left,25,0.0002,0.0012,0.0219,0.0000,0.0000,0.0000,1.0000,1.542,,,,,,,
37,Right,0,-0.0028,-0.0050,0.0648,0.0000,0.0000,0.0000,1.0000,1.542,,,,,,,
37,Right,1,0.0000,0.0000,0.0000,0.0000,0.0000,0.0000,1.0000,1.542,0.1523,0.2104,-0.0115,0.1435,-0.3276,-0.1110,0.9272
37,Right,2,-0.0308,-0.0150,0.0340,-0.0549,-0.4448,0.5649,0.6928,1.542,,,,,,,
37,Right,3,0.0000,0.0000,0.0325,-0.0050,0.0706,-0.0832,0.9940,1.542,,,,,,,
37,Right,4,0.0000,0.0000,0.0338,-0.1060,-0.0687,0.0843,0.9884,1.542,,,,,,,
37,Right,5,0.0007,0.0010,0.0246,0.0000,0.0000,0.0000,1.0000,1.542,,,,,,,
37,Right,6,-0.0201,-0.0090,0.0362,0.0000,0.0000,0.0000,1.0000,1.542,,,,,,,
37,Right,7,-0.0034,0.0017,0.0598,0.2495,0.0714,0.0231,0.9655,1.542,,,,,,,
37,Right,8,0.0000,0.0000,0.0379,0.2662,0.0001,-0.0263,0.9636,1.542,,,,,,,
37,Right,9,0.0000,0.0000,0.0243,0.1263,0.0237,-0.0169,0.9916,1.542,,,,,,,
37,Right,10,0.0003,0.0010,0.0224,0.0000,0.0000,0.0000,1.0000,1.542,,,,,,,
37,Right,11,-0.0039,-0.0074,0.0340,0.0000,0.0000,0.0000,1.0000,1.542,,,,,,,
37,Right,12,0.0022,0.0048,0.0616,0.3535,0.0838,-0.0351,0.9310,1.542,,,,,,,
37,Right,13,0.0000,0.0000,0.0429,0.2231,0.0017,-0.0124,0.9747,1.542,,,,,,,
37,Right,14,0.0000,0.0000,0.0275,0.1070,-0.0041,-0.0539,0.9928,1.542,,,,,,,
37,Right,15,0.0003,0.0011,0.0250,0.0000,0.0000,0.0000,1.0000,1.542,,,,,,,
37,Right,16,0.0150,-0.0060,0.0348,0.0000,0.0000,0.0000,1.0000,1.542,,,,,,,
37,Right,17,0.0025,-0.0005,0.0539,0.4069,0.1035,-0.0944,0.9027,1.542,,,,,,,
37,Right,18,0.0000,0.0000,0.0390,0.2384,-0.0051,-0.0385,0.9704,1.542,,,,,,,
37,Right,19,0.0000,0.0000,0.0266,0.1882,-0.0297,-0.0134,0.9816,1.542,,,,,,,
37,Right,20,0.0003,0.0016,0.0243,0.0000,0.0000,0.0000,1.0000,1.542,,,,,,,
37,Right,21,0.0230,-0.0094,0.0341,0.0183,0.1403,-0.2070,0.9680,1.542,,,,,,,
37,Right,22,0.0000,0.0000,0.0457,0.4553,0.0567,0.0531,0.8869,1.542,,,,,,,
37,Right,23,0.0000,0.0000,0.0307,0.2961,0.0290,-0.0630,0.9526,1.542,,,,,,,
37,Right,24,0.0000,0.0000,0.0203,0.1517,-0.0485,0.0012,0.9872,1.542,,,,,,,
37,Right,25,-0.0002,0.0012,0.0219,0.0000,0.0000,0.0000,1.0000,1.542,,,,,,,
38,Left,0,0.0030,-0.0047,0.0646,0.0000,0.0000,0.0000,1.0000,1.583,,,,,,,
38,Left,1,0.0000,0.0000,0.0000,0.0000,0.0000,0.0000,1.0000,1.583,-0.1983,-0.0104,-0.0736,-0.1694,-0.3011,-0.1806,-0.9209
38,Left,2,0.0316,-0.0133,0.0331,-0.1067,0.4273,-0.5312,0.7238,1.583,,,,,,,
38,Left,3,0.0000,0.0000,0.0325,0.0891,-0.0625,0.0831,0.9906,1.583,,,,,,,
38,Left,4,0.0000,0.0000,0.0338,0.1687,0.0456,-0.0772,0.9816,1.583,,,,,,,
38,Left,5,-0.0007,0.0010,0.0246,0.0000,0.0000,0.0000,1.0000,1.583,,,,,,,
38,Left,6,0.0205,-0.0081,0.0358,0.0000,0.0000,0.0000,1.0000,1.583,,,,,,,
38,Left,7,0.0030,0.0008,0.0602,0.0819,-0.0379,-0.0306,0.9954,1.583,,,,,,,
38,Left,8,0.0000,0.0000,0.0379,0.2252,-0.0012,0.0263,0.9740,1.583,,,,,,,
38,Left,9,0.0000,0.0000,0.0243,0.1246,-0.0238,0.0169,0.9918,1.583,,,,,,,
38,Left,10,-0.0003,0.0010,0.0224,0.0000,0.0000,0.0000,1.0000,1.583,,,,,,,
38,Left,11,0.0043,-0.0069,0.0336,0.0000,0.0000,0.0000,1.0000,1.583,,,,,,,
38,Left,12,-0.0026,0.0044,0.0621,0.1539,-0.0873,0.0179,0.9841,1.583,,,,,,,
38,Left,13,0.0000,0.0000,0.0429,0.2182,-0.0018,0.0124,0.9758,1.583,,,,,,,
38,Left,14,0.0000,0.0000,0.0275,0.0825,0.0031,0.0516,0.9953,1.583,,,,,,,
38,Left,15,-0.0003,0.0011,0.0250,0.0000,0.0000,0.0000,1.0000,1.583,,,,,,,
38,Left,16,-0.0150,-0.0060,0.0348,0.0000,0.0000,0.0000,1.0000,1.583,,,,,,,
38,Left,17,-0.0025,-0.0005,0.0539,0.1407,-0.1039,0.0623,0.9826,1.583,,,,,,,
38,Left,18,0.0000,0.0000,0.0390,0.1782,0.0030,0.0375,0.9833,1.583,,,,,,,
38,Left,19,0.0000,0.0000,0.0266,0.1100,0.0296,0.0098,0.9934,1.583,,,,,,,
38,Left,20,-0.0003,0.0016,0.0243,0.0000,0.0000,0.0000,1.0000,1.583,,,,,,,
38,Left,21,-0.0230,-0.0094,0.0341,0.0183,-0.1403,0.2070,0.9680,1.583,,,,,,,
38,Left,22,0.0000,0.0000,0.0457,0.1274,-0.0003,-0.0869,0.9880,1.583,,,,,,,
38,Left,23,0.0000,0.0000,0.0307,0.1911,-0.0342,0.0548,0.9794,1.583,,,,,,,
38,Left,24,0.0000,0.0000,0.0203,0.0356,0.0491,-0.0009,0.9982,1.583,,,,,,,
38,Left,25,0.0002,0.0012,0.0219,0.0000,0.0000,0.0000,1.0000,1.583,,,,,,,
38,Right,0,-0.0029,-0.0049,0.0647,0.0000,0.0000,0.0000,1.0000,1.583,,,,,,,
38,Right,1,0.0000,0.0000,0.0000,0.0000,0.0000,0.0000,1.0000,1.583,0.1555,0.2104,-0.0133,0.1560,-0.3092,-0.1239,0.9299
38,Right,2,-0.0312,-0.0143,0.0336,-0.0705,-0.4463,0.5531,0.7000,1.583,,,,,,,
38,Right,3,0.0000,0.0000,0.0325,0.0072,0.0696,-0.0832,0.9941,1.583,,,,,,,
38,Right,4,0.0000,0.0000,0.0338,-0.1050,-0.0686,0.0843,0.9885,1.583,,,,,,,
38,Right,5,0.0007,0.0010,0.0246,0.0000,0.0000,0.0000,1.0000,1.583,,,,,,,
38,Right,6,-0.0203,-0.0086,0.0360,0.0000,0.0000,0.0000,1.0000,1.583,,,,,,,
38,Right,7,-0.0033,0.0013,0.0600,0.2469,0.0717,0.0231,0.9661,1.583,,,,,,,
38,Right,8,0.0000,0.0000,0.0379,0.2202,0.0013,-0.0263,0.9751,1.583,,,,,,,
38,Right,9,0.0000,0.0000,0.0243,0.0940,0.0244,-0.0168,0.9951,1.583,,,,,,,
38,Right,10,0.0003,0.0010,0.0224,0.0000,0.0000,0.0000,1.0000,1.583,,,,,,,
38,Right,11,-0.0041,-0.0072,0.0338,0.0000,0.0000,0.0000,1.0000,1.583,,,,,,,
38,Right,12,0.0024,0.0047,0.0618,0.3447,0.0832,-0.0341,0.9344,1.583,,,,,,,
38,Right,13,0.0000,0.0000,0.0429,0.2032,0.0020,-0.0123,0.9791,1.583,,,,,,,
38,Right,14,0.0000,0.0000,0.0275,0.0862,-0.0032,-0.0519,0.9949,1.583,,,,,,,
38,Right,15,0.0003,0.0011,0.0250,0.0000,0.0000,0.0000,1.0000,1.583,,,,,,,
38,Right,16,0.0150,-0.0060,0.0348,0.0000,0.0000,0.0000,1.0000,1.583,,,,,,,
38,Right,17,0.0025,-0.0005,0.0539,0.3564,0.1076,-0.0886,0.9239,1.583,,,,,,,
38,Right,18,0.0000,0.0000,0.0390,0.1996,-0.0038,-0.0379,0.9791,1.583,,,,,,,
38,Right,19,0.0000,0.0000,0.0266,0.1494,-0.0297,-0.0116,0.9883,1.583,,,,,,,
38,Right,20,0.0003,0.0016,0.0243,0.0000,0.0000,0.0000,1.0000,1.583,,,,,,,
38,Right,21,0.0230,-0.0094,0.0341,0.0183,0.1403,-0.2070,0.9680,1.583,,,,,,,
38,Right,22,0.0000,0.0000,0.0457,0.3751,0.0500,0.0616,0.9236,1.583,,,,,,,
38,Right,23,0.0000,0.0000,0.0307,0.2691,0.0304,-0.0610,0.9607,1.583,,,,,,,
38,Right,24,0.0000,0.0000,0.0203,0.1185,-0.0487,0.0011,0.9918,1.583,,,,,,,
38,Right,25,-0.0002,0.0012,0.0219,0.0000,0.0000,0.0000,1.0000,1.583,,,,,,,
