FrameIndex,HandType,JointID,LocalPosX,LocalPosY,LocalPosZ,LocalRotX,LocalRotY,LocalRotZ,LocalRotW,Timestamp,WorldPosX,WorldPosY,WorldPosZ,WorldRotX,WorldRotY,WorldRotZ,WorldRotW
0,Left,0,0.0027,-0.0051,0.0649,0.0000,0.0000,0.0000,1.0000,0.042,,,,,,,
0,Left,1,0.0000,0.0000,0.0000,0.0000,0.0000,0.0000,1.0000,0.042,-0.0934,0.1145,-0.0448,-0.0343,0.0861,-0.7102,-0.6979
0,Left,2,0.0304,-0.0158,0.0344,-0.1749,0.2519,-0.5336,0.7882,0.042,,,,,,,
0,Left,3,0.0000,0.0000,0.0325,0.0729,-0.0640,0.0831,0.9918,0.042,,,,,,,
0,Left,4,0.0000,0.0000,0.0338,-0.0089,0.0611,-0.0825,0.9947,0.042,,,,,,,
0,Left,5,-0.0007,0.0010,0.0246,0.0000,0.0000,0.0000,1.0000,0.042,,,,,,,
0,Left,6,0.0199,-0.0094,0.0364,0.0000,0.0000,0.0000,1.0000,0.042,,,,,,,
0,Left,7,0.0037,0.0021,0.0596,0.1011,-0.0148,-0.0316,0.9943,0.042,,,,,,,
0,Left,8,0.0000,0.0000,0.0379,0.2553,-0.0004,0.0263,0.9665,0.042,,,,,,,
0,Left,9,0.0000,0.0000,0.0243,0.1012,-0.0242,0.0169,0.9944,0.042,,,,,,,
0,Left,10,-0.0003,0.0010,0.0224,0.0000,0.0000,0.0000,1.0000,0.042,,,,,,,
0,Left,11,0.0037,-0.0076,0.0342,0.0000,0.0000,0.0000,1.0000,0.042,,,,,,,
0,Left,12,-0.0020,0.0050,0.0614,0.1285,-0.0698,0.0142,0.9891,0.042,,,,,,,
0,Left,13,0.0000,0.0000,0.0429,0.2650,-0.0012,0.0125,0.9642,0.042,,,,,,,
0,Left,14,0.0000,0.0000,0.0275,0.0773,0.0028,0.0511,0.9957,0.042,,,,,,,
0,Left,15,-0.0003,0.0011,0.0250,0.0000,0.0000,0.0000,1.0000,0.042,,,,,,,
0,Left,16,-0.0150,-0.0060,0.0348,0.0000,0.0000,0.0000,1.0000,0.042,,,,,,,
0,Left,17,-0.0025,-0.0005,0.0539,0.1370,-0.0997,0.0616,0.9836,0.042,,,,,,,
0,Left,18,0.0000,0.0000,0.0390,0.2216,0.0045,0.0383,0.9744,0.042,,,,,,,
0,Left,19,0.0000,0.0000,0.0266,0.0992,0.0296,0.0093,0.9946,0.042,,,,,,,
0,Left,20,-0.0003,0.0016,0.0243,0.0000,0.0000,0.0000,1.0000,0.042,,,,,,,
0,Left,21,-0.0230,-0.0094,0.0341,0.0183,-0.1403,0.2070,0.9680,0.042,,,,,,,
0,Left,22,0.0000,0.0000,0.0457,0.0958,-0.0116,-0.0871,0.9915,0.042,,,,,,,
0,Left,23,0.0000,0.0000,0.0307,0.1986,-0.0338,0.0554,0.9779,0.042,,,,,,,
0,Left,24,0.0000,0.0000,0.0203,0.0472,0.0491,-0.0009,0.9977,0.042,,,,,,,
0,Left,25,0.0002,0.0012,0.0219,0.0000,0.0000,0.0000,1.0000,0.042,,,,,,,
0,Right,0,-0.0026,-0.0052,0.0651,0.0000,0.0000,0.0000,1.0000,0.042,,,,,,,
0,Right,1,0.0000,0.0000,0.0000,0.0000,0.0000,0.0000,1.0000,0.042,0.0696,0.1332,-0.0779,0.0083,0.1217,-0.7816,0.6117
0,Right,2,-0.0298,-0.0168,0.0348,-0.1071,-0.3218,0.5730,0.7460,0.042,,,,,,,
0,Right,3,0.0000,0.0000,0.0325,0.1327,0.0585,-0.0828,0.9860,0.042,,,,,,,
0,Right,4,0.0000,0.0000,0.0338,0.0873,-0.0529,0.0800,0.9916,0.042,,,,,,,
0,Right,5,0.0007,0.0010,0.0246,0.0000,0.0000,0.0000,1.0000,0.042,,,,,,,
0,Right,6,-0.0196,-0.0099,0.0366,0.0000,0.0000,0.0000,1.0000,0.042,,,,,,,
0,Right,7,-0.0040,0.0025,0.0594,0.1049,0.0388,0.0305,0.9933,0.042,,,,,,,
0,Right,8,0.0000,0.0000,0.0379,0.2113,0.0016,-0.0263,0.9771,0.042,,,,,,,
0,Right,9,0.0000,0.0000,0.0243,0.0861,0.0245,-0.0168,0.9958,0.042,,,,,,,
0,Right,10,0.0003,0.0010,0.0224,0.0000,0.0000,0.0000,1.0000,0.042,,,,,,,
0,Right,11,-0.0034,-0.0078,0.0345,0.0000,0.0000,0.0000,1.0000,0.042,,,,,,,
0,Right,12,0.0017,0.0053,0.0612,0.1512,0.0870,-0.0176,0.9845,0.042,,,,,,,
0,Right,13,0.0000,0.0000,0.0429,0.2461,0.0015,-0.0125,0.9692,0.042,,,,,,,
0,Right,14,0.0000,0.0000,0.0275,0.0766,-0.0028,-0.0510,0.9958,0.042,,,,,,,
0,Right,15,0.0003,0.0011,0.0250,0.0000,0.0000,0.0000,1.0000,0.042,,,,,,,
0,Right,16,0.0150,-0.0060,0.0348,0.0000,0.0000,0.0000,1.0000,0.042,,,,,,,
0,Right,17,0.0025,-0.0005,0.0539,0.1654,0.1079,-0.0653,0.9781,0.042,,,,,,,
0,Right,18,0.0000,0.0000,0.0390,0.2086,-0.0041,-0.0380,0.9773,0.042,,,,,,,
0,Right,19,0.0000,0.0000,0.0266,0.1050,-0.0296,-0.0096,0.9940,0.042,,,,,,,
0,Right,20,0.0003,0.0016,0.0243,0.0000,0.0000,0.0000,1.0000,0.042,,,,,,,
0,Right,21,0.0230,-0.0094,0.0341,0.0183,0.1403,-0.2070,0.9680,0.042,,,,,,,
0,Right,22,0.0000,0.0000,0.0457,0.1091,0.0075,0.0869,0.9902,0.042,,,,,,,
0,Right,23,0.0000,0.0000,0.0307,0.1687,0.0352,-0.0530,0.9836,0.042,,,,,,,
0,Right,24,0.0000,0.0000,0.0203,0.0421,-0.0491,0.0009,0.9979,0.042,,,,,,,
0,Right,25,-0.0002,0.0012,0.0219,0.0000,0.0000,0.0000,1.0000,0.042,,,,,,,
1,Left,0,0.0027,-0.0051,0.0649,0.0000,0.0000,0.0000,1.0000,0.084,,,,,,,
1,Left,1,0.0000,0.0000,0.0000,0.0000,0.0000,0.0000,1.0000,0.084,-0.0935,0.1145,-0.0448,-0.0343,0.0860,-0.7102,-0.6979
1,Left,2,0.0304,-0.0158,0.0344,-0.1749,0.2521,-0.5335,0.7882,0.084,,,,,,,
1,Left,3,0.0000,0.0000,0.0325,0.0731,-0.0639,0.0831,0.9918,0.084,,,,,,,
1,Left,4,0.0000,0.0000,0.0338,-0.0085,0.0610,-0.0825,0.9947,0.084,,,,,,,
1,Left,5,-0.0007,0.0010,0.0246,0.0000,0.0000,0.0000,1.0000,0.084,,,,,,,
1,Left,6,0.0199,-0.0094,0.0364,0.0000,0.0000,0.0000,1.0000,0.084,,,,,,,
1,Left,7,0.0037,0.0021,0.0596,0.1014,-0.0145,-0.0316,0.9942,0.084,,,,,,,
1,Left,8,0.0000,0.0000,0.0379,0.2552,-0.0004,0.0263,0.9665,0.084,,,,,,,
1,Left,9,0.0000,0.0000,0.0243,0.1012,-0.0242,0.0169,0.9944,0.084,,,,,,,
1,Left,10,-0.0003,0.0010,0.0224,0.0000,0.0000,0.0000,1.0000,0.084,,,,,,,
1,Left,11,0.0037,-0.0076,0.0342,0.0000,0.0000,0.0000,1.0000,0.084,,,,,,,
1,Left,12,-0.0020,0.0050,0.0614,0.1289,-0.0697,0.0142,0.9891,0.084,,,,,,,
1,Left,13,0.0000,0.0000,0.0429,0.2650,-0.0012,0.0125,0.9642,0.084,,,,,,,
1,Left,14,0.0000,0.0000,0.0275,0.0774,0.0028,0.0511,0.9957,0.084,,,,,,,
1,Left,15,-0.0003,0.0011,0.0250,0.0000,0.0000,0.0000,1.0000,0.084,,,,,,,
1,Left,16,-0.0150,-0.0060,0.0348,0.0000,0.0000,0.0000,1.0000,0.084,,,,,,,
1,Left,17,-0.0025,-0.0005,0.0539,0.1375,-0.0997,0.0616,0.9835,0.084,,,,,,,
1,Left,18,0.0000,0.0000,0.0390,0.2215,0.0045,0.0383,0.9744,0.084,,,,,,,
1,Left,19,0.0000,0.0000,0.0266,0.0992,0.0296,0.0093,0.9946,0.084,,,,,,,
1,Left,20,-0.0003,0.0016,0.0243,0.0000,0.0000,0.0000,1.0000,0.084,,,,,,,
1,Left,21,-0.0230,-0.0094,0.0341,0.0183,-0.1403,0.2070,0.9680,0.084,,,,,,,
1,Left,22,0.0000,0.0000,0.0457,0.0965,-0.0119,-0.0871,0.9914,0.084,,,,,,,
1,Left,23,0.0000,0.0000,0.0307,0.1984,-0.0339,0.0554,0.9780,0.084,,,,,,,
1,Left,24,0.0000,0.0000,0.0203,0.0472,0.0491,-0.0009,0.9977,0.084,,,,,,,
1,Left,25,0.0002,0.0012,0.0219,0.0000,0.0000,0.0000,1.0000,0.084,,,,,,,
1,Right,0,-0.0026,-0.0052,0.0651,0.0000,0.0000,0.0000,1.0000,0.084,,,,,,,
1,Right,1,0.0000,0.0000,0.0000,0.0000,0.0000,0.0000,1.0000,0.084,0.0695,0.1329,-0.0776,0.0076,0.1202,-0.7827,0.6107
1,Right,2,-0.0298,-0.0168,0.0349,-0.1050,-0.3233,0.5743,0.7447,0.084,,,,,,,
1,Right,3,0.0000,0.0000,0.0325,0.1320,0.0586,-0.0828,0.9861,0.084,,,,,,,
1,Right,4,0.0000,0.0000,0.0338,0.0860,-0.0530,0.0800,0.9917,0.084,,,,,,,
1,Right,5,0.0007,0.0010,0.0246,0.0000,0.0000,0.0000,1.0000,0.084,,,,,,,
1,Right,6,-0.0196,-0.0099,0.0366,0.0000,0.0000,0.0000,1.0000,0.084,,,,,,,
1,Right,7,-0.0040,0.0026,0.0594,0.1059,0.0386,0.0305,0.9932,0.084,,,,,,,
1,Right,8,0.0000,0.0000,0.0379,0.2126,0.0015,-0.0263,0.9768,0.084,,,,,,,
1,Right,9,0.0000,0.0000,0.0243,0.0865,0.0245,-0.0168,0.9958,0.084,,,,,,,
1,Right,10,0.0003,0.0010,0.0224,0.0000,0.0000,0.0000,1.0000,0.084,,,,,,,
1,Right,11,-0.0034,-0.0078,0.0345,0.0000,0.0000,0.0000,1.0000,0.084,,,,,,,
1,Right,12,0.0016,0.0053,0.0612,0.1511,0.0874,-0.0176,0.9845,0.084,,,,,,,
1,Right,13,0.0000,0.0000,0.0429,0.2483,0.0014,-0.0125,0.9686,0.084,,,,,,,
1,Right,14,0.0000,0.0000,0.0275,0.0776,-0.0028,-0.0511,0.9957,0.084,,,,,,,
1,Right,15,0.0003,0.0011,0.0250,0.0000,0.0000,0.0000,1.0000,0.084,,,,,,,
1,Right,16,0.0150,-0.0060,0.0348,0.0000,0.0000,0.0000,1.0000,0.084,,,,,,,
1,Right,17,0.0025,-0.0005,0.0539,0.1651,0.1086,-0.0654,0.9781,0.084,,,,,,,
1,Right,18,0.0000,0.0000,0.0390,0.2101,-0.0041,-0.0381,0.9769,0.084,,,,,,,
1,Right,19,0.0000,0.0000,0.0266,0.1058,-0.0296,-0.0096,0.9939,0.084,,,,,,,
1,Right,20,0.0003,0.0016,0.0243,0.0000,0.0000,0.0000,1.0000,0.084,,,,,,,
1,Right,21,0.0230,-0.0094,0.0341,0.0183,0.1403,-0.2070,0.9680,0.084,,,,,,,
1,Right,22,0.0000,0.0000,0.0457,0.1080,0.0084,0.0868,0.9903,0.084,,,,,,,
1,Right,23,0.0000,0.0000,0.0307,0.1692,0.0352,-0.0531,0.9835,0.084,,,,,,,
1,Right,24,0.0000,0.0000,0.0203,0.0424,-0.0491,0.0009,0.9979,0.084,,,,,,,
1,Right,25,-0.0002,0.0012,0.0219,0.0000,0.0000,0.0000,1.0000,0.084,,,,,,,
2,Left,0,0.0027,-0.0051,0.0649,0.0000,0.0000,0.0000,1.0000,0.125,,,,,,,
2,Left,1,0.0000,0.0000,0.0000,0.0000,0.0000,0.0000,1.0000,0.125,-0.0935,0.1145,-0.0449,-0.0343,0.0858,-0.7104,-0.6977
2,Left,2,0.0304,-0.0158,0.0344,-0.1750,0.2520,-0.5335,0.7882,0.125,,,,,,,
2,Left,3,0.0000,0.0000,0.0325,0.0731,-0.0639,0.0831,0.9918,0.125,,,,,,,
2,Left,4,0.0000,0.0000,0.0338,-0.0084,0.0610,-0.0825,0.9947,0.125,,,,,,,
2,Left,5,-0.0007,0.0010,0.0246,0.0000,0.0000,0.0000,1.0000,0.125,,,,,,,
2,Left,6,0.0199,-0.0094,0.0364,0.0000,0.0000,0.0000,1.0000,0.125,,,,,,,
2,Left,7,0.0037,0.0021,0.0596,0.1018,-0.0139,-0.0317,0.9942,0.125,,,,,,,
2,Left,8,0.0000,0.0000,0.0379,0.2551,-0.0004,0.0263,0.9665,0.125,,,,,,,
2,Left,9,0.0000,0.0000,0.0243,0.1013,-0.0242,0.0169,0.9944,0.125,,,,,,,
2,Left,10,-0.0003,0.0010,0.0224,0.0000,0.0000,0.0000,1.0000,0.125,,,,,,,
2,Left,11,0.0037,-0.0076,0.0342,0.0000,0.0000,0.0000,1.0000,0.125,,,,,,,
2,Left,12,-0.0020,0.0050,0.0614,0.1292,-0.0696,0.0142,0.9891,0.125,,,,,,,
2,Left,13,0.0000,0.0000,0.0429,0.2651,-0.0012,0.0125,0.9641,0.125,,,,,,,
2,Left,14,0.0000,0.0000,0.0275,0.0777,0.0028,0.0511,0.9957,0.125,,,,,,,
2,Left,15,-0.0003,0.0011,0.0250,0.0000,0.0000,0.0000,1.0000,0.125,,,,,,,
2,Left,16,-0.0150,-0.0060,0.0348,0.0000,0.0000,0.0000,1.0000,0.125,,,,,,,
2,Left,17,-0.0025,-0.0005,0.0539,0.1378,-0.0997,0.0617,0.9835,0.125,,,,,,,
2,Left,18,0.0000,0.0000,0.0390,0.2216,0.0045,0.0383,0.9744,0.125,,,,,,,
2,Left,19,0.0000,0.0000,0.0266,0.0993,0.0296,0.0093,0.9946,0.125,,,,,,,
2,Left,20,-0.0003,0.0016,0.0243,0.0000,0.0000,0.0000,1.0000,0.125,,,,,,,
2,Left,21,-0.0230,-0.0094,0.0341,0.0183,-0.1403,0.2070,0.9680,0.125,,,,,,,
2,Left,22,0.0000,0.0000,0.0457,0.0967,-0.0123,-0.0870,0.9914,0.125,,,,,,,
2,Left,23,0.0000,0.0000,0.0307,0.1981,-0.0339,0.0554,0.9780,0.125,,,,,,,
2,Left,24,0.0000,0.0000,0.0203,0.0474,0.0491,-0.0009,0.9977,0.125,,,,,,,
2,Left,25,0.0002,0.0012,0.0219,0.0000,0.0000,0.0000,1.0000,0.125,,,,,,,
2,Right,0,-0.0025,-0.0052,0.0651,0.0000,0.0000,0.0000,1.0000,0.125,,,,,,,
2,Right,1,0.0000,0.0000,0.0000,0.0000,0.0000,0.0000,1.0000,0.125,0.0694,0.1329,-0.0776,0.0063,0.1175,-0.7837,0.6099
2,Right,2,-0.0297,-0.0169,0.0349,-0.1029,-0.3245,0.5757,0.7434,0.125,,,,,,,
2,Right,3,0.0000,0.0000,0.0325,0.1315,0.0586,-0.0828,0.9861,0.125,,,,,,,
2,Right,4,0.0000,0.0000,0.0338,0.0850,-0.0531,0.0801,0.9917,0.125,,,,,,,
2,Right,5,0.0007,0.0010,0.0246,0.0000,0.0000,0.0000,1.0000,0.125,,,,,,,
2,Right,6,-0.0196,-0.0099,0.0366,0.0000,0.0000,0.0000,1.0000,0.125,,,,,,,
2,Right,7,-0.0040,0.0026,0.0594,0.1067,0.0384,0.0305,0.9931,0.125,,,,,,,
2,Right,8,0.0000,0.0000,0.0379,0.2142,0.0015,-0.0263,0.9764,0.125,,,,,,,
2,Right,9,0.0000,0.0000,0.0243,0.0871,0.0245,-0.0168,0.9958,0.125,,,,,,,
2,Right,10,0.0003,0.0010,0.0224,0.0000,0.0000,0.0000,1.0000,0.125,,,,,,,
2,Right,11,-0.0034,-0.0079,0.0345,0.0000,0.0000,0.0000,1.0000,0.125,,,,,,,
2,Right,12,0.0016,0.0053,0.0612,0.1511,0.0877,-0.0177,0.9845,0.125,,,,,,,
2,Right,13,0.0000,0.0000,0.0429,0.2499,0.0014,-0.0125,0.9682,0.125,,,,,,,
2,Right,14,0.0000,0.0000,0.0275,0.0785,-0.0029,-0.0512,0.9956,0.125,,,,,,,
2,Right,15,0.0003,0.0011,0.0250,0.0000,0.0000,0.0000,1.0000,0.125,,,,,,,
2,Right,16,0.0150,-0.0060,0.0348,0.0000,0.0000,0.0000,1.0000,0.125,,,,,,,
2,Right,17,0.0025,-0.0005,0.0539,0.1649,0.1091,-0.0654,0.9781,0.125,,,,,,,
2,Right,18,0.0000,0.0000,0.0390,0.2115,-0.0042,-0.0381,0.9766,0.125,,,,,,,
2,Right,19,0.0000,0.0000,0.0266,0.1065,-0.0296,-0.0096,0.9938,0.125,,,,,,,
2,Right,20,0.0003,0.0016,0.0243,0.0000,0.0000,0.0000,1.0000,0.125,,,,,,,
2,Right,21,0.0230,-0.0094,0.0341,0.0183,0.1403,-0.2070,0.9680,0.125,,,,,,,
2,Right,22,0.0000,0.0000,0.0457,0.1072,0.0091,0.0868,0.9904,0.125,,,,,,,
2,Right,23,0.0000,0.0000,0.0307,0.1695,0.0352,-0.0531,0.9835,0.125,,,,,,,
2,Right,24,0.0000,0.0000,0.0203,0.0426,-0.0491,0.0009,0.9979,0.125,,,,,,,
2,Right,25,-0.0002,0.0012,0.0219,0.0000,0.0000,0.0000,1.0000,0.125,,,,,,,
3,Left,0,0.0027,-0.0051,0.0649,0.0000,0.0000,0.0000,1.0000,0.167,,,,,,,
3,Left,1,0.0000,0.0000,0.0000,0.0000,0.0000,0.0000,1.0000,0.167,-0.0936,0.1147,-0.0450,-0.0345,0.0860,-0.7106,-0.6974
3,Left,2,0.0304,-0.0158,0.0344,-0.1747,0.2523,-0.5337,0.7880,0.167,,,,,,,
3,Left,3,0.0000,0.0000,0.0325,0.0733,-0.0639,0.0831,0.9918,0.167,,,,,,,
3,Left,4,0.0000,0.0000,0.0338,-0.0087,0.0610,-0.0825,0.9947,0.167,,,,,,,
3,Left,5,-0.0007,0.0010,0.0246,0.0000,0.0000,0.0000,1.0000,0.167,,,,,,,
3,Left,6,0.0199,-0.0094,0.0364,0.0000,0.0000,0.0000,1.0000,0.167,,,,,,,
3,Left,7,0.0037,0.0021,0.0596,0.1019,-0.0134,-0.0317,0.9942,0.167,,,,,,,
3,Left,8,0.0000,0.0000,0.0379,0.2552,-0.0004,0.0263,0.9665,0.167,,,,,,,
3,Left,9,0.0000,0.0000,0.0243,0.1014,-0.0242,0.0169,0.9944,0.167,,,,,,,
3,Left,10,-0.0003,0.0010,0.0224,0.0000,0.0000,0.0000,1.0000,0.167,,,,,,,
3,Left,11,0.0037,-0.0076,0.0342,0.0000,0.0000,0.0000,1.0000,0.167,,,,,,,
3,Left,12,-0.0020,0.0050,0.0614,0.1293,-0.0695,0.0142,0.9891,0.167,,,,,,,
3,Left,13,0.0000,0.0000,0.0429,0.2654,-0.0012,0.0125,0.9641,0.167,,,,,,,
3,Left,14,0.0000,0.0000,0.0275,0.0781,0.0029,0.0511,0.9956,0.167,,,,,,,
3,Left,15,-0.0003,0.0011,0.0250,0.0000,0.0000,0.0000,1.0000,0.167,,,,,,,
3,Left,16,-0.0150,-0.0060,0.0348,0.0000,0.0000,0.0000,1.0000,0.167,,,,,,,
3,Left,17,-0.0025,-0.0005,0.0539,0.1378,-0.0998,0.0617,0.9835,0.167,,,,,,,
3,Left,18,0.0000,0.0000,0.0390,0.2219,0.0045,0.0383,0.9743,0.167,,,,,,,
3,Left,19,0.0000,0.0000,0.0266,0.0996,0.0296,0.0093,0.9945,0.167,,,,,,,
3,Left,20,-0.0003,0.0016,0.0243,0.0000,0.0000,0.0000,1.0000,0.167,,,,,,,
3,Left,21,-0.0230,-0.0094,0.0341,0.0183,-0.1403,0.2070,0.9680,0.167,,,,,,,
3,Left,22,0.0000,0.0000,0.0457,0.0967,-0.0125,-0.0870,0.9914,0.167,,,,,,,
3,Left,23,0.0000,0.0000,0.0307,0.1980,-0.0339,0.0554,0.9780,0.167,,,,,,,
3,Left,24,0.0000,0.0000,0.0203,0.0476,0.0491,-0.0009,0.9977,0.167,,,,,,,
3,Left,25,0.0002,0.0012,0.0219,0.0000,0.0000,0.0000,1.0000,0.167,,,,,,,
3,Right,0,-0.0025,-0.0052,0.0651,0.0000,0.0000,0.0000,1.0000,0.167,,,,,,,
3,Right,1,0.0000,0.0000,0.0000,0.0000,0.0000,0.0000,1.0000,0.167,0.0692,0.1329,-0.0774,0.0061,0.1167,-0.7843,0.6093
3,Right,2,-0.0297,-0.0170,0.0349,-0.1012,-0.3250,0.5770,0.7424,0.167,,,,,,,
3,Right,3,0.0000,0.0000,0.0325,0.1308,0.0587,-0.0828,0.9862,0.167,,,,,,,
3,Right,4,0.0000,0.0000,0.0338,0.0834,-0.0532,0.0801,0.9919,0.167,,,,,,,
3,Right,5,0.0007,0.0010,0.0246,0.0000,0.0000,0.0000,1.0000,0.167,,,,,,,
3,Right,6,-0.0195,-0.0099,0.0367,0.0000,0.0000,0.0000,1.0000,0.167,,,,,,,
3,Right,7,-0.0040,0.0026,0.0593,0.1072,0.0383,0.0305,0.9930,0.167,,,,,,,
3,Right,8,0.0000,0.0000,0.0379,0.2153,0.0015,-0.0263,0.9762,0.167,,,,,,,
3,Right,9,0.0000,0.0000,0.0243,0.0875,0.0245,-0.0168,0.9957,0.167,,,,,,,
3,Right,10,0.0003,0.0010,0.0224,0.0000,0.0000,0.0000,1.0000,0.167,,,,,,,
3,Right,11,-0.0033,-0.0079,0.0345,0.0000,0.0000,0.0000,1.0000,0.167,,,,,,,
3,Right,12,0.0016,0.0053,0.0611,0.1510,0.0881,-0.0177,0.9844,0.167,,,,,,,
3,Right,13,0.0000,0.0000,0.0429,0.2512,0.0014,-0.0125,0.9679,0.167,,,,,,,
3,Right,14,0.0000,0.0000,0.0275,0.0792,-0.0029,-0.0512,0.9955,0.167,,,,,,,
3,Right,15,0.0003,0.0011,0.0250,0.0000,0.0000,0.0000,1.0000,0.167,,,,,,,
3,Right,16,0.0150,-0.0060,0.0348,0.0000,0.0000,0.0000,1.0000,0.167,,,,,,,
3,Right,17,0.0025,-0.0005,0.0539,0.1647,0.1095,-0.0654,0.9781,0.167,,,,,,,
3,Right,18,0.0000,0.0000,0.0390,0.2124,-0.0042,-0.0381,0.9764,0.167,,,,,,,
3,Right,19,0.0000,0.0000,0.0266,0.1070,-0.0296,-0.0096,0.9938,0.167,,,,,,,
3,Right,20,0.0003,0.0016,0.0243,0.0000,0.0000,0.0000,1.0000,0.167,,,,,,,
3,Right,21,0.0230,-0.0094,0.0341,0.0183,0.1403,-0.2070,0.9680,0.167,,,,,,,
3,Right,22,0.0000,0.0000,0.0457,0.1067,0.0098,0.0868,0.9904,0.167,,,,,,,
3,Right,23,0.0000,0.0000,0.0307,0.1696,0.0352,-0.0531,0.9835,0.167,,,,,,,
3,Right,24,0.0000,0.0000,0.0203,0.0427,-0.0491,0.0009,0.9979,0.167,,,,,,,
3,Right,25,-0.0002,0.0012,0.0219,0.0000,0.0000,0.0000,1.0000,0.167,,,,,,,
4,Left,0,0.0027,-0.0051,0.0649,0.0000,0.0000,0.0000,1.0000,0.208,,,,,,,
4,Left,1,0.0000,0.0000,0.0000,0.0000,0.0000,0.0000,1.0000,0.208,-0.0938,0.1148,-0.0450,-0.0348,0.0863,-0.7110,-0.6970
4,Left,2,0.0304,-0.0158,0.0344,-0.1745,0.2526,-0.5338,0.7879,0.208,,,,,,,
4,Left,3,0.0000,0.0000,0.0325,0.0734,-0.0639,0.0831,0.9918,0.208,,,,,,,
4,Left,4,0.0000,0.0000,0.0338,-0.0094,0.0611,-0.0825,0.9947,0.208,,,,,,,
4,Left,5,-0.0007,0.0010,0.0246,0.0000,0.0000,0.0000,1.0000,0.208,,,,,,,
4,Left,6,0.0199,-0.0094,0.0364,0.0000,0.0000,0.0000,1.0000,0.208,,,,,,,
4,Left,7,0.0037,0.0021,0.0596,0.1019,-0.0132,-0.0317,0.9942,0.208,,,,,,,
4,Left,8,0.0000,0.0000,0.0379,0.2553,-0.0004,0.0263,0.9665,0.208,,,,,,,
4,Left,9,0.0000,0.0000,0.0243,0.1014,-0.0242,0.0169,0.9944,0.208,,,,,,,
4,Left,10,-0.0003,0.0010,0.0224,0.0000,0.0000,0.0000,1.0000,0.208,,,,,,,
4,Left,11,0.0037,-0.0076,0.0342,0.0000,0.0000,0.0000,1.0000,0.208,,,,,,,
4,Left,12,-0.0020,0.0050,0.0614,0.1293,-0.0693,0.0142,0.9891,0.208,,,,,,,
4,Left,13,0.0000,0.0000,0.0429,0.2656,-0.0012,0.0125,0.9640,0.208,,,,,,,
4,Left,14,0.0000,0.0000,0.0275,0.0784,0.0029,0.0512,0.9956,0.208,,,,,,,
4,Left,15,-0.0003,0.0011,0.0250,0.0000,0.0000,0.0000,1.0000,0.208,,,,,,,
4,Left,16,-0.0150,-0.0060,0.0348,0.0000,0.0000,0.0000,1.0000,0.208,,,,,,,
4,Left,17,-0.0025,-0.0005,0.0539,0.1380,-0.0997,0.0617,0.9835,0.208,,,,,,,
4,Left,18,0.0000,0.0000,0.0390,0.2223,0.0045,0.0383,0.9742,0.208,,,,,,,
4,Left,19,0.0000,0.0000,0.0266,0.0999,0.0296,0.0093,0.9945,0.208,,,,,,,
4,Left,20,-0.0003,0.0016,0.0243,0.0000,0.0000,0.0000,1.0000,0.208,,,,,,,
4,Left,21,-0.0230,-0.0094,0.0341,0.0183,-0.1403,0.2070,0.9680,0.208,,,,,,,
4,Left,22,0.0000,0.0000,0.0457,0.0967,-0.0125,-0.0870,0.9914,0.208,,,,,,,
4,Left,23,0.0000,0.0000,0.0307,0.1982,-0.0339,0.0554,0.9780,0.208,,,,,,,
4,Left,24,0.0000,0.0000,0.0203,0.0479,0.0491,-0.0009,0.9976,0.208,,,,,,,
4,Left,25,0.0002,0.0012,0.0219,0.0000,0.0000,0.0000,1.0000,0.208,,,,,,,
4,Right,0,-0.0025,-0.0052,0.0651,0.0000,0.0000,0.0000,1.0000,0.208,,,,,,,
4,Right,1,0.0000,0.0000,0.0000,0.0000,0.0000,0.0000,1.0000,0.208,0.0689,0.1329,-0.0773,0.0060,0.1161,-0.7846,0.6090
4,Right,2,-0.0296,-0.0170,0.0349,-0.1000,-0.3250,0.5782,0.7417,0.208,,,,,,,
4,Right,3,0.0000,0.0000,0.0325,0.1298,0.0588,-0.0828,0.9863,0.208,,,,,,,
4,Right,4,0.0000,0.0000,0.0338,0.0811,-0.0534,0.0802,0.9920,0.208,,,,,,,
4,Right,5,0.0007,0.0010,0.0246,0.0000,0.0000,0.0000,1.0000,0.208,,,,,,,
4,Right,6,-0.0195,-0.0100,0.0367,0.0000,0.0000,0.0000,1.0000,0.208,,,,,,,
4,Right,7,-0.0040,0.0027,0.0593,0.1075,0.0381,0.0305,0.9930,0.208,,,,,,,
4,Right,8,0.0000,0.0000,0.0379,0.2161,0.0014,-0.0263,0.9760,0.208,,,,,,,
4,Right,9,0.0000,0.0000,0.0243,0.0877,0.0245,-0.0168,0.9957,0.208,,,,,,,
4,Right,10,0.0003,0.0010,0.0224,0.0000,0.0000,0.0000,1.0000,0.208,,,,,,,
4,Right,11,-0.0033,-0.0079,0.0345,0.0000,0.0000,0.0000,1.0000,0.208,,,,,,,
4,Right,12,0.0016,0.0053,0.0611,0.1513,0.0885,-0.0178,0.9844,0.208,,,,,,,
4,Right,13,0.0000,0.0000,0.0429,0.2520,0.0014,-0.0125,0.9676,0.208,,,,,,,
4,Right,14,0.0000,0.0000,0.0275,0.0796,-0.0029,-0.0513,0.9955,0.208,,,,,,,
4,Right,15,0.0003,0.0011,0.0250,0.0000,0.0000,0.0000,1.0000,0.208,,,,,,,
4,Right,16,0.0150,-0.0060,0.0348,0.0000,0.0000,0.0000,1.0000,0.208,,,,,,,
4,Right,17,0.0025,-0.0005,0.0539,0.1648,0.1100,-0.0655,0.9780,0.208,,,,,,,
4,Right,18,0.0000,0.0000,0.0390,0.2129,-0.0042,-0.0381,0.9763,0.208,,,,,,,
4,Right,19,0.0000,0.0000,0.0266,0.1072,-0.0296,-0.0097,0.9938,0.208,,,,,,,
4,Right,20,0.0003,0.0016,0.0243,0.0000,0.0000,0.0000,1.0000,0.208,,,,,,,
4,Right,21,0.0230,-0.0094,0.0341,0.0183,0.1403,-0.2070,0.9680,0.208,,,,,,,
4,Right,22,0.0000,0.0000,0.0457,0.1066,0.0104,0.0867,0.9905,0.208,,,,,,,
4,Right,23,0.0000,0.0000,0.0307,0.1696,0.0352,-0.0531,0.9834,0.208,,,,,,,
4,Right,24,0.0000,0.0000,0.0203,0.0429,-0.0491,0.0009,0.9979,0.208,,,,,,,
4,Right,25,-0.0002,0.0012,0.0219,0.0000,0.0000,0.0000,1.0000,0.208,,,,,,,
5,Left,0,0.0027,-0.0051,0.0649,0.0000,0.0000,0.0000,1.0000,0.250,,,,,,,
5,Left,1,0.0000,0.0000,0.0000,0.0000,0.0000,0.0000,1.0000,0.250,-0.0939,0.1150,-0.0448,-0.0354,0.0867,-0.7114,-0.6966
5,Left,2,0.0304,-0.0158,0.0344,-0.1746,0.2525,-0.5337,0.7880,0.250,,,,,,,
5,Left,3,0.0000,0.0000,0.0325,0.0733,-0.0639,0.0831,0.9918,0.250,,,,,,,
5,Left,4,0.0000,0.0000,0.0338,-0.0107,0.0612,-0.0825,0.9946,0.250,,,,,,,
5,Left,5,-0.0007,0.0010,0.0246,0.0000,0.0000,0.0000,1.0000,0.250,,,,,,,
5,Left,6,0.0199,-0.0094,0.0364,0.0000,0.0000,0.0000,1.0000,0.250,,,,,,,
5,Left,7,0.0037,0.0021,0.0596,0.1019,-0.0132,-0.0317,0.9942,0.250,,,,,,,
5,Left,8,0.0000,0.0000,0.0379,0.2550,-0.0004,0.0263,0.9666,0.250,,,,,,,
5,Left,9,0.0000,0.0000,0.0243,0.1013,-0.0242,0.0169,0.9944,0.250,,,,,,,
5,Left,10,-0.0003,0.0010,0.0224,0.0000,0.0000,0.0000,1.0000,0.250,,,,,,,
5,Left,11,0.0037,-0.0076,0.0342,0.0000,0.0000,0.0000,1.0000,0.250,,,,,,,
5,Left,12,-0.0020,0.0050,0.0614,0.1295,-0.0693,0.0142,0.9891,0.250,,,,,,,
5,Left,13,0.0000,0.0000,0.0429,0.2655,-0.0012,0.0125,0.9640,0.250,,,,,,,
5,Left,14,0.0000,0.0000,0.0275,0.0784,0.0029,0.0512,0.9956,0.250,,,,,,,
5,Left,15,-0.0003,0.0011,0.0250,0.0000,0.0000,0.0000,1.0000,0.250,,,,,,,
5,Left,16,-0.0150,-0.0060,0.0348,0.0000,0.0000,0.0000,1.0000,0.250,,,,,,,
5,Left,17,-0.0025,-0.0005,0.0539,0.1383,-0.0995,0.0617,0.9834,0.250,,,,,,,
5,Left,18,0.0000,0.0000,0.0390,0.2223,0.0045,0.0383,0.9742,0.250,,,,,,,
5,Left,19,0.0000,0.0000,0.0266,0.1000,0.0296,0.0093,0.9945,0.250,,,,,,,
5,Left,20,-0.0003,0.0016,0.0243,0.0000,0.0000,0.0000,1.0000,0.250,,,,,,,
5,Left,21,-0.0230,-0.0094,0.0341,0.0183,-0.1403,0.2070,0.9680,0.250,,,,,,,
5,Left,22,0.0000,0.0000,0.0457,0.0969,-0.0122,-0.0870,0.9914,0.250,,,,,,,
5,Left,23,0.0000,0.0000,0.0307,0.1983,-0.0339,0.0554,0.9780,0.250,,,,,,,
5,Left,24,0.0000,0.0000,0.0203,0.0481,0.0491,-0.0009,0.9976,0.250,,,,,,,
5,Left,25,0.0002,0.0012,0.0219,0.0000,0.0000,0.0000,1.0000,0.250,,,,,,,
5,Right,0,-0.0025,-0.0052,0.0651,0.0000,0.0000,0.0000,1.0000,0.250,,,,,,,
5,Right,1,0.0000,0.0000,0.0000,0.0000,0.0000,0.0000,1.0000,0.250,0.0686,0.1329,-0.0771,0.0059,0.1155,-0.7846,0.6091
5,Right,2,-0.0296,-0.0171,0.0350,-0.0991,-0.3248,0.5791,0.7412,0.250,,,,,,,
5,Right,3,0.0000,0.0000,0.0325,0.1289,0.0589,-0.0828,0.9864,0.250,,,,,,,
5,Right,4,0.0000,0.0000,0.0338,0.0791,-0.0536,0.0802,0.9922,0.250,,,,,,,
5,Right,5,0.0007,0.0010,0.0246,0.0000,0.0000,0.0000,1.0000,0.250,,,,,,,
5,Right,6,-0.0195,-0.0100,0.0367,0.0000,0.0000,0.0000,1.0000,0.250,,,,,,,
5,Right,7,-0.0040,0.0027,0.0593,0.1078,0.0381,0.0305,0.9930,0.250,,,,,,,
5,Right,8,0.0000,0.0000,0.0379,0.2166,0.0014,-0.0263,0.9759,0.250,,,,,,,
5,Right,9,0.0000,0.0000,0.0243,0.0878,0.0245,-0.0168,0.9957,0.250,,,,,,,
5,Right,10,0.0003,0.0010,0.0224,0.0000,0.0000,0.0000,1.0000,0.250,,,,,,,
5,Right,11,-0.0033,-0.0079,0.0345,0.0000,0.0000,0.0000,1.0000,0.250,,,,,,,
5,Right,12,0.0016,0.0053,0.0611,0.1517,0.0887,-0.0178,0.9843,0.250,,,,,,,
5,Right,13,0.0000,0.0000,0.0429,0.2524,0.0014,-0.0125,0.9675,0.250,,,,,,,
5,Right,14,0.0000,0.0000,0.0275,0.0797,-0.0029,-0.0513,0.9955,0.250,,,,,,,
5,Right,15,0.0003,0.0011,0.0250,0.0000,0.0000,0.0000,1.0000,0.250,,,,,,,
5,Right,16,0.0150,-0.0060,0.0348,0.0000,0.0000,0.0000,1.0000,0.250,,,,,,,
5,Right,17,0.0025,-0.0005,0.0539,0.1649,0.1102,-0.0655,0.9779,0.250,,,,,,,
5,Right,18,0.0000,0.0000,0.0390,0.2129,-0.0042,-0.0381,0.9763,0.250,,,,,,,
5,Right,19,0.0000,0.0000,0.0266,0.1071,-0.0296,-0.0097,0.9938,0.250,,,,,,,
5,Right,20,0.0003,0.0016,0.0243,0.0000,0.0000,0.0000,1.0000,0.250,,,,,,,
5,Right,21,0.0230,-0.0094,0.0341,0.0183,0.1403,-0.2070,0.9680,0.250,,,,,,,
5,Right,22,0.0000,0.0000,0.0457,0.1065,0.0110,0.0867,0.9905,0.250,,,,,,,
5,Right,23,0.0000,0.0000,0.0307,0.1696,0.0352,-0.0531,0.9835,0.250,,,,,,,
5,Right,24,0.0000,0.0000,0.0203,0.0428,-0.0491,0.0009,0.9979,0.250,,,,,,,
5,Right,25,-0.0002,0.0012,0.0219,0.0000,0.0000,0.0000,1.0000,0.250,,,,,,,
6,Left,0,0.0027,-0.0051,0.0649,0.0000,0.0000,0.0000,1.0000,0.292,,,,,,,
6,Left,1,0.0000,0.0000,0.0000,0.0000,0.0000,0.0000,1.0000,0.292,-0.0942,0.1152,-0.0447,-0.0361,0.0872,-0.7117,-0.6961
6,Left,2,0.0304,-0.0158,0.0344,-0.1747,0.2526,-0.5336,0.7880,0.292,,,,,,,
6,Left,3,0.0000,0.0000,0.0325,0.0730,-0.0639,0.0831,0.9918,0.292,,,,,,,
6,Left,4,0.0000,0.0000,0.0338,-0.0123,0.0613,-0.0826,0.9946,0.292,,,,,,,
6,Left,5,-0.0007,0.0010,0.0246,0.0000,0.0000,0.0000,1.0000,0.292,,,,,,,
6,Left,6,0.0199,-0.0094,0.0364,0.0000,0.0000,0.0000,1.0000,0.292,,,,,,,
6,Left,7,0.0037,0.0021,0.0596,0.1017,-0.0132,-0.0317,0.9942,0.292,,,,,,,
6,Left,8,0.0000,0.0000,0.0379,0.2543,-0.0004,0.0263,0.9668,0.292,,,,,,,
6,Left,9,0.0000,0.0000,0.0243,0.1009,-0.0242,0.0169,0.9945,0.292,,,,,,,
6,Left,10,-0.0003,0.0010,0.0224,0.0000,0.0000,0.0000,1.0000,0.292,,,,,,,
6,Left,11,0.0037,-0.0076,0.0342,0.0000,0.0000,0.0000,1.0000,0.292,,,,,,,
6,Left,12,-0.0020,0.0050,0.0614,0.1296,-0.0694,0.0142,0.9890,0.292,,,,,,,
6,Left,13,0.0000,0.0000,0.0429,0.2649,-0.0012,0.0125,0.9642,0.292,,,,,,,
6,Left,14,0.0000,0.0000,0.0275,0.0781,0.0029,0.0511,0.9956,0.292,,,,,,,
6,Left,15,-0.0003,0.0011,0.0250,0.0000,0.0000,0.0000,1.0000,0.292,,,,,,,
6,Left,16,-0.0150,-0.0060,0.0348,0.0000,0.0000,0.0000,1.0000,0.292,,,,,,,
6,Left,17,-0.0025,-0.0005,0.0539,0.1385,-0.0996,0.0617,0.9834,0.292,,,,,,,
6,Left,18,0.0000,0.0000,0.0390,0.2220,0.0045,0.0383,0.9743,0.292,,,,,,,
6,Left,19,0.0000,0.0000,0.0266,0.0998,0.0296,0.0093,0.9945,0.292,,,,,,,
6,Left,20,-0.0003,0.0016,0.0243,0.0000,0.0000,0.0000,1.0000,0.292,,,,,,,
6,Left,21,-0.0230,-0.0094,0.0341,0.0183,-0.1403,0.2070,0.9680,0.292,,,,,,,
6,Left,22,0.0000,0.0000,0.0457,0.0964,-0.0120,-0.0871,0.9915,0.292,,,,,,,
6,Left,23,0.0000,0.0000,0.0307,0.1985,-0.0338,0.0554,0.9779,0.292,,,,,,,
6,Left,24,0.0000,0.0000,0.0203,0.0483,0.0491,-0.0009,0.9976,0.292,,,,,,,
6,Left,25,0.0002,0.0012,0.0219,0.0000,0.0000,0.0000,1.0000,0.292,,,,,,,
6,Right,0,-0.0025,-0.0052,0.0651,0.0000,0.0000,0.0000,1.0000,0.292,,,,,,,
6,Right,1,0.0000,0.0000,0.0000,0.0000,0.0000,0.0000,1.0000,0.292,0.0685,0.1330,-0.0770,0.0056,0.1149,-0.7844,0.6095
6,Right,2,-0.0296,-0.0171,0.0350,-0.0984,-0.3244,0.5799,0.7408,0.292,,,,,,,
6,Right,3,0.0000,0.0000,0.0325,0.1281,0.0590,-0.0828,0.9865,0.292,,,,,,,
6,Right,4,0.0000,0.0000,0.0338,0.0779,-0.0537,0.0803,0.9923,0.292,,,,,,,
6,Right,5,0.0007,0.0010,0.0246,0.0000,0.0000,0.0000,1.0000,0.292,,,,,,,
6,Right,6,-0.0195,-0.0100,0.0367,0.0000,0.0000,0.0000,1.0000,0.292,,,,,,,
6,Right,7,-0.0041,0.0027,0.0593,0.1081,0.0381,0.0305,0.9929,0.292,,,,,,,
6,Right,8,0.0000,0.0000,0.0379,0.2168,0.0014,-0.0263,0.9759,0.292,,,,,,,
6,Right,9,0.0000,0.0000,0.0243,0.0878,0.0245,-0.0168,0.9957,0.292,,,,,,,
6,Right,10,0.0003,0.0010,0.0224,0.0000,0.0000,0.0000,1.0000,0.292,,,,,,,
6,Right,11,-0.0033,-0.0079,0.0345,0.0000,0.0000,0.0000,1.0000,0.292,,,,,,,
6,Right,12,0.0016,0.0054,0.0611,0.1523,0.0888,-0.0179,0.9842,0.292,,,,,,,
6,Right,13,0.0000,0.0000,0.0429,0.2523,0.0014,-0.0125,0.9676,0.292,,,,,,,
6,Right,14,0.0000,0.0000,0.0275,0.0795,-0.0029,-0.0513,0.9955,0.292,,,,,,,
6,Right,15,0.0003,0.0011,0.0250,0.0000,0.0000,0.0000,1.0000,0.292,,,,,,,
6,Right,16,0.0150,-0.0060,0.0348,0.0000,0.0000,0.0000,1.0000,0.292,,,,,,,
6,Right,17,0.0025,-0.0005,0.0539,0.1650,0.1103,-0.0655,0.9779,0.292,,,,,,,
6,Right,18,0.0000,0.0000,0.0390,0.2126,-0.0042,-0.0381,0.9764,0.292,,,,,,,
6,Right,19,0.0000,0.0000,0.0266,0.1069,-0.0296,-0.0096,0.9938,0.292,,,,,,,
6,Right,20,0.0003,0.0016,0.0243,0.0000,0.0000,0.0000,1.0000,0.292,,,,,,,
6,Right,21,0.0230,-0.0094,0.0341,0.0183,0.1403,-0.2070,0.9680,0.292,,,,,,,
6,Right,22,0.0000,0.0000,0.0457,0.1067,0.0113,0.0866,0.9904,0.292,,,,,,,
6,Right,23,0.0000,0.0000,0.0307,0.1695,0.0352,-0.0531,0.9835,0.292,,,,,,,
6,Right,24,0.0000,0.0000,0.0203,0.0428,-0.0491,0.0009,0.9979,0.292,,,,,,,
6,Right,25,-0.0002,0.0012,0.0219,0.0000,0.0000,0.0000,1.0000,0.292,,,,,,,
7,Left,0,0.0027,-0.0051,0.0649,0.0000,0.0000,0.0000,1.0000,0.333,,,,,,,
7,Left,1,0.0000,0.0000,0.0000,0.0000,0.0000,0.0000,1.0000,0.333,-0.0942,0.1151,-0.0446,-0.0366,0.0875,-0.7119,-0.6959
7,Left,2,0.0304,-0.0158,0.0344,-0.1746,0.2528,-0.5336,0.7880,0.333,,,,,,,
7,Left,3,0.0000,0.0000,0.0325,0.0731,-0.0639,0.0831,0.9918,0.333,,,,,,,
7,Left,4,0.0000,0.0000,0.0338,-0.0136,0.0614,-0.0826,0.9946,0.333,,,,,,,
7,Left,5,-0.0007,0.0010,0.0246,0.0000,0.0000,0.0000,1.0000,0.333,,,,,,,
7,Left,6,0.0199,-0.0094,0.0364,0.0000,0.0000,0.0000,1.0000,0.333,,,,,,,
7,Left,7,0.0037,0.0021,0.0596,0.1020,-0.0133,-0.0317,0.9942,0.333,,,,,,,
7,Left,8,0.0000,0.0000,0.0379,0.2542,-0.0004,0.0263,0.9668,0.333,,,,,,,
7,Left,9,0.0000,0.0000,0.0243,0.1007,-0.0242,0.0169,0.9945,0.333,,,,,,,
7,Left,10,-0.0003,0.0010,0.0224,0.0000,0.0000,0.0000,1.0000,0.333,,,,,,,
7,Left,11,0.0037,-0.0076,0.0342,0.0000,0.0000,0.0000,1.0000,0.333,,,,,,,
7,Left,12,-0.0020,0.0050,0.0614,0.1298,-0.0694,0.0143,0.9890,0.333,,,,,,,
7,Left,13,0.0000,0.0000,0.0429,0.2646,-0.0012,0.0125,0.9643,0.333,,,,,,,
7,Left,14,0.0000,0.0000,0.0275,0.0778,0.0028,0.0511,0.9957,0.333,,,,,,,
7,Left,15,-0.0003,0.0011,0.0250,0.0000,0.0000,0.0000,1.0000,0.333,,,,,,,
7,Left,16,-0.0150,-0.0060,0.0348,0.0000,0.0000,0.0000,1.0000,0.333,,,,,,,
7,Left,17,-0.0025,-0.0005,0.0539,0.1388,-0.0996,0.0617,0.9834,0.333,,,,,,,
7,Left,18,0.0000,0.0000,0.0390,0.2220,0.0045,0.0383,0.9743,0.333,,,,,,,
7,Left,19,0.0000,0.0000,0.0266,0.0998,0.0296,0.0093,0.9945,0.333,,,,,,,
7,Left,20,-0.0003,0.0016,0.0243,0.0000,0.0000,0.0000,1.0000,0.333,,,,,,,
7,Left,21,-0.0230,-0.0094,0.0341,0.0183,-0.1403,0.2070,0.9680,0.333,,,,,,,
7,Left,22,0.0000,0.0000,0.0457,0.0960,-0.0120,-0.0871,0.9915,0.333,,,,,,,
7,Left,23,0.0000,0.0000,0.0307,0.1989,-0.0338,0.0555,0.9779,0.333,,,,,,,
7,Left,24,0.0000,0.0000,0.0203,0.0485,0.0491,-0.0009,0.9976,0.333,,,,,,,
7,Left,25,0.0002,0.0012,0.0219,0.0000,0.0000,0.0000,1.0000,0.333,,,,,,,
7,Right,0,-0.0025,-0.0052,0.0651,0.0000,0.0000,0.0000,1.0000,0.333,,,,,,,
7,Right,1,0.0000,0.0000,0.0000,0.0000,0.0000,0.0000,1.0000,0.333,0.0684,0.1330,-0.0769,0.0056,0.1146,-0.7843,0.6097
7,Right,2,-0.0296,-0.0171,0.0350,-0.0977,-0.3244,0.5806,0.7404,0.333,,,,,,,
7,Right,3,0.0000,0.0000,0.0325,0.1276,0.0590,-0.0828,0.9866,0.333,,,,,,,
7,Right,4,0.0000,0.0000,0.0338,0.0770,-0.0538,0.0803,0.9923,0.333,,,,,,,
7,Right,5,0.0007,0.0010,0.0246,0.0000,0.0000,0.0000,1.0000,0.333,,,,,,,
7,Right,6,-0.0195,-0.0100,0.0367,0.0000,0.0000,0.0000,1.0000,0.333,,,,,,,
7,Right,7,-0.0041,0.0027,0.0593,0.1086,0.0384,0.0305,0.9929,0.333,,,,,,,
7,Right,8,0.0000,0.0000,0.0379,0.2174,0.0014,-0.0263,0.9757,0.333,,,,,,,
7,Right,9,0.0000,0.0000,0.0243,0.0881,0.0245,-0.0168,0.9957,0.333,,,,,,,
7,Right,10,0.0003,0.0010,0.0224,0.0000,0.0000,0.0000,1.0000,0.333,,,,,,,
7,Right,11,-0.0033,-0.0079,0.0345,0.0000,0.0000,0.0000,1.0000,0.333,,,,,,,
7,Right,12,0.0016,0.0054,0.0611,0.1528,0.0889,-0.0179,0.9841,0.333,,,,,,,
7,Right,13,0.0000,0.0000,0.0429,0.2522,0.0014,-0.0125,0.9676,0.333,,,,,,,
7,Right,14,0.0000,0.0000,0.0275,0.0794,-0.0029,-0.0513,0.9955,0.333,,,,,,,
7,Right,15,0.0003,0.0011,0.0250,0.0000,0.0000,0.0000,1.0000,0.333,,,,,,,
7,Right,16,0.0150,-0.0060,0.0348,0.0000,0.0000,0.0000,1.0000,0.333,,,,,,,
7,Right,17,0.0025,-0.0005,0.0539,0.1654,0.1104,-0.0656,0.9778,0.333,,,,,,,
7,Right,18,0.0000,0.0000,0.0390,0.2123,-0.0042,-0.0381,0.9765,0.333,,,,,,,
7,Right,19,0.0000,0.0000,0.0266,0.1067,-0.0296,-0.0096,0.9938,0.333,,,,,,,
7,Right,20,0.0003,0.0016,0.0243,0.0000,0.0000,0.0000,1.0000,0.333,,,,,,,
7,Right,21,0.0230,-0.0094,0.0341,0.0183,0.1403,-0.2070,0.9680,0.333,,,,,,,
7,Right,22,0.0000,0.0000,0.0457,0.1071,0.0115,0.0866,0.9904,0.333,,,,,,,
7,Right,23,0.0000,0.0000,0.0307,0.1694,0.0352,-0.0531,0.9835,0.333,,,,,,,
7,Right,24,0.0000,0.0000,0.0203,0.0427,-0.0491,0.0009,0.9979,0.333,,,,,,,
7,Right,25,-0.0002,0.0012,0.0219,0.0000,0.0000,0.0000,1.0000,0.333,,,,,,,
8,Left,0,0.0027,-0.0051,0.0649,0.0000,0.0000,0.0000,1.0000,0.375,,,,,,,
8,Left,1,0.0000,0.0000,0.0000,0.0000,0.0000,0.0000,1.0000,0.375,-0.0941,0.1150,-0.0443,-0.0369,0.0879,-0.7121,-0.6956
8,Left,2,0.0304,-0.0158,0.0344,-0.1744,0.2529,-0.5337,0.7879,0.375,,,,,,,
8,Left,3,0.0000,0.0000,0.0325,0.0733,-0.0639,0.0831,0.9918,0.375,,,,,,,
8,Left,4,0.0000,0.0000,0.0338,-0.0147,0.0615,-0.0826,0.9946,0.375,,,,,,,
8,Left,5,-0.0007,0.0010,0.0246,0.0000,0.0000,0.0000,1.0000,0.375,,,,,,,
8,Left,6,0.0199,-0.0094,0.0364,0.0000,0.0000,0.0000,1.0000,0.375,,,,,,,
8,Left,7,0.0037,0.0021,0.0596,0.1023,-0.0134,-0.0317,0.9942,0.375,,,,,,,
8,Left,8,0.0000,0.0000,0.0379,0.2545,-0.0004,0.0263,0.9667,0.375,,,,,,,
8,Left,9,0.0000,0.0000,0.0243,0.1006,-0.0242,0.0169,0.9945,0.375,,,,,,,
8,Left,10,-0.0003,0.0010,0.0224,0.0000,0.0000,0.0000,1.0000,0.375,,,,,,,
8,Left,11,0.0037,-0.0076,0.0342,0.0000,0.0000,0.0000,1.0000,0.375,,,,,,,
8,Left,12,-0.0020,0.0050,0.0614,0.1299,-0.0695,0.0143,0.9890,0.375,,,,,,,
8,Left,13,0.0000,0.0000,0.0429,0.2647,-0.0012,0.0125,0.9643,0.375,,,,,,,
8,Left,14,0.0000,0.0000,0.0275,0.0777,0.0028,0.0511,0.9957,0.375,,,,,,,
8,Left,15,-0.0003,0.0011,0.0250,0.0000,0.0000,0.0000,1.0000,0.375,,,,,,,
8,Left,16,-0.0150,-0.0060,0.0348,0.0000,0.0000,0.0000,1.0000,0.375,,,,,,,
8,Left,17,-0.0025,-0.0005,0.0539,0.1390,-0.0996,0.0618,0.9833,0.375,,,,,,,
8,Left,18,0.0000,0.0000,0.0390,0.2223,0.0045,0.0383,0.9742,0.375,,,,,,,
8,Left,19,0.0000,0.0000,0.0266,0.0998,0.0296,0.0093,0.9945,0.375,,,,,,,
8,Left,20,-0.0003,0.0016,0.0243,0.0000,0.0000,0.0000,1.0000,0.375,,,,,,,
8,Left,21,-0.0230,-0.0094,0.0341,0.0183,-0.1403,0.2070,0.9680,0.375,,,,,,,
8,Left,22,0.0000,0.0000,0.0457,0.0956,-0.0120,-0.0871,0.9915,0.375,,,,,,,
8,Left,23,0.0000,0.0000,0.0307,0.1993,-0.0338,0.0555,0.9778,0.375,,,,,,,
8,Left,24,0.0000,0.0000,0.0203,0.0488,0.0491,-0.0009,0.9976,0.375,,,,,,,
8,Left,25,0.0002,0.0012,0.0219,0.0000,0.0000,0.0000,1.0000,0.375,,,,,,,
8,Right,0,-0.0025,-0.0052,0.0651,0.0000,0.0000,0.0000,1.0000,0.375,,,,,,,
8,Right,1,0.0000,0.0000,0.0000,0.0000,0.0000,0.0000,1.0000,0.375,0.0683,0.1332,-0.0768,0.0054,0.1144,-0.7843,0.6098
8,Right,2,-0.0295,-0.0172,0.0350,-0.0970,-0.3243,0.5812,0.7400,0.375,,,,,,,
8,Right,3,0.0000,0.0000,0.0325,0.1273,0.0590,-0.0828,0.9866,0.375,,,,,,,
8,Right,4,0.0000,0.0000,0.0338,0.0761,-0.0539,0.0803,0.9924,0.375,,,,,,,
8,Right,5,0.0007,0.0010,0.0246,0.0000,0.0000,0.0000,1.0000,0.375,,,,,,,
8,Right,6,-0.0195,-0.0101,0.0367,0.0000,0.0000,0.0000,1.0000,0.375,,,,,,,
8,Right,7,-0.0041,0.0027,0.0593,0.1089,0.0388,0.0304,0.9928,0.375,,,,,,,
8,Right,8,0.0000,0.0000,0.0379,0.2179,0.0014,-0.0263,0.9756,0.375,,,,,,,
8,Right,9,0.0000,0.0000,0.0243,0.0885,0.0245,-0.0168,0.9956,0.375,,,,,,,
8,Right,10,0.0003,0.0010,0.0224,0.0000,0.0000,0.0000,1.0000,0.375,,,,,,,
8,Right,11,-0.0033,-0.0079,0.0346,0.0000,0.0000,0.0000,1.0000,0.375,,,,,,,
8,Right,12,0.0015,0.0054,0.0611,0.1534,0.0891,-0.0180,0.9840,0.375,,,,,,,
8,Right,13,0.0000,0.0000,0.0429,0.2518,0.0014,-0.0125,0.9677,0.375,,,,,,,
8,Right,14,0.0000,0.0000,0.0275,0.0793,-0.0029,-0.0513,0.9955,0.375,,,,,,,
8,Right,15,0.0003,0.0011,0.0250,0.0000,0.0000,0.0000,1.0000,0.375,,,,,,,
8,Right,16,0.0150,-0.0060,0.0348,0.0000,0.0000,0.0000,1.0000,0.375,,,,,,,
8,Right,17,0.0025,-0.0005,0.0539,0.1660,0.1104,-0.0656,0.9777,0.375,,,,,,,
8,Right,18,0.0000,0.0000,0.0390,0.2118,-0.0042,-0.0381,0.9766,0.375,,,,,,,
8,Right,19,0.0000,0.0000,0.0266,0.1065,-0.0296,-0.0096,0.9938,0.375,,,,,,,
8,Right,20,0.0003,0.0016,0.0243,0.0000,0.0000,0.0000,1.0000,0.375,,,,,,,
8,Right,21,0.0230,-0.0094,0.0341,0.0183,0.1403,-0.2070,0.9680,0.375,,,,,,,
8,Right,22,0.0000,0.0000,0.0457,0.1076,0.0117,0.0865,0.9904,0.375,,,,,,,
8,Right,23,0.0000,0.0000,0.0307,0.1692,0.0352,-0.0531,0.9835,0.375,,,,,,,
8,Right,24,0.0000,0.0000,0.0203,0.0426,-0.0491,0.0009,0.9979,0.375,,,,,,,
8,Right,25,-0.0002,0.0012,0.0219,0.0000,0.0000,0.0000,1.0000,0.375,,,,,,,
9,Left,0,0.0027,-0.0051,0.0649,0.0000,0.0000,0.0000,1.0000,0.417,,,,,,,
9,Left,1,0.0000,0.0000,0.0000,0.0000,0.0000,0.0000,1.0000,0.417,-0.0941,0.1149,-0.0441,-0.0373,0.0881,-0.7122,-0.6954
9,Left,2,0.0304,-0.0158,0.0344,-0.1742,0.2529,-0.5340,0.7877,0.417,,,,,,,
9,Left,3,0.0000,0.0000,0.0325,0.0736,-0.0639,0.0831,0.9918,0.417,,,,,,,
9,Left,4,0.0000,0.0000,0.0338,-0.0158,0.0616,-0.0827,0.9945,0.417,,,,,,,
9,Left,5,-0.0007,0.0010,0.0246,0.0000,0.0000,0.0000,1.0000,0.417,,,,,,,
9,Left,6,0.0199,-0.0094,0.0364,0.0000,0.0000,0.0000,1.0000,0.417,,,,,,,
9,Left,7,0.0037,0.0021,0.0596,0.1025,-0.0137,-0.0317,0.9941,0.417,,,,,,,
9,Left,8,0.0000,0.0000,0.0379,0.2550,-0.0004,0.0263,0.9666,0.417,,,,,,,
9,Left,9,0.0000,0.0000,0.0243,0.1007,-0.0242,0.0169,0.9945,0.417,,,,,,,
9,Left,10,-0.0003,0.0010,0.0224,0.0000,0.0000,0.0000,1.0000,0.417,,,,,,,
9,Left,11,0.0037,-0.0076,0.0342,0.0000,0.0000,0.0000,1.0000,0.417,,,,,,,
9,Left,12,-0.0020,0.0050,0.0614,0.1298,-0.0696,0.0143,0.9890,0.417,,,,,,,
9,Left,13,0.0000,0.0000,0.0429,0.2650,-0.0012,0.0125,0.9642,0.417,,,,,,,
9,Left,14,0.0000,0.0000,0.0275,0.0776,0.0028,0.0511,0.9957,0.417,,,,,,,
9,Left,15,-0.0003,0.0011,0.0250,0.0000,0.0000,0.0000,1.0000,0.417,,,,,,,
9,Left,16,-0.0150,-0.0060,0.0348,0.0000,0.0000,0.0000,1.0000,0.417,,,,,,,
9,Left,17,-0.0025,-0.0005,0.0539,0.1391,-0.0998,0.0618,0.9833,0.417,,,,,,,
9,Left,18,0.0000,0.0000,0.0390,0.2228,0.0046,0.0383,0.9741,0.417,,,,,,,
9,Left,19,0.0000,0.0000,0.0266,0.0999,0.0296,0.0093,0.9945,0.417,,,,,,,
9,Left,20,-0.0003,0.0016,0.0243,0.0000,0.0000,0.0000,1.0000,0.417,,,,,,,
9,Left,21,-0.0230,-0.0094,0.0341,0.0183,-0.1403,0.2070,0.9680,0.417,,,,,,,
9,Left,22,0.0000,0.0000,0.0457,0.0954,-0.0121,-0.0871,0.9915,0.417,,,,,,,
9,Left,23,0.0000,0.0000,0.0307,0.1998,-0.0338,0.0555,0.9777,0.417,,,,,,,
9,Left,24,0.0000,0.0000,0.0203,0.0490,0.0491,-0.0009,0.9976,0.417,,,,,,,
9,Left,25,0.0002,0.0012,0.0219,0.0000,0.0000,0.0000,1.0000,0.417,,,,,,,
9,Right,0,-0.0025,-0.0052,0.0651,0.0000,0.0000,0.0000,1.0000,0.417,,,,,,,
9,Right,1,0.0000,0.0000,0.0000,0.0000,0.0000,0.0000,1.0000,0.417,0.0683,0.1333,-0.0767,0.0053,0.1143,-0.7842,0.6098
9,Right,2,-0.0295,-0.0172,0.0350,-0.0965,-0.3239,0.5818,0.7398,0.417,,,,,,,
9,Right,3,0.0000,0.0000,0.0325,0.1271,0.0591,-0.0828,0.9867,0.417,,,,,,,
9,Right,4,0.0000,0.0000,0.0338,0.0753,-0.0539,0.0803,0.9925,0.417,,,,,,,
9,Right,5,0.0007,0.0010,0.0246,0.0000,0.0000,0.0000,1.0000,0.417,,,,,,,
9,Right,6,-0.0195,-0.0101,0.0367,0.0000,0.0000,0.0000,1.0000,0.417,,,,,,,
9,Right,7,-0.0041,0.0028,0.0593,0.1090,0.0391,0.0304,0.9928,0.417,,,,,,,
9,Right,8,0.0000,0.0000,0.0379,0.2186,0.0014,-0.0263,0.9755,0.417,,,,,,,
9,Right,9,0.0000,0.0000,0.0243,0.0891,0.0245,-0.0168,0.9956,0.417,,,,,,,
9,Right,10,0.0003,0.0010,0.0224,0.0000,0.0000,0.0000,1.0000,0.417,,,,,,,
9,Right,11,-0.0033,-0.0079,0.0346,0.0000,0.0000,0.0000,1.0000,0.417,,,,,,,
9,Right,12,0.0015,0.0054,0.0611,0.1541,0.0891,-0.0181,0.9839,0.417,,,,,,,
9,Right,13,0.0000,0.0000,0.0429,0.2516,0.0014,-0.0125,0.9678,0.417,,,,,,,
9,Right,14,0.0000,0.0000,0.0275,0.0793,-0.0029,-0.0513,0.9955,0.417,,,,,,,
9,Right,15,0.0003,0.0011,0.0250,0.0000,0.0000,0.0000,1.0000,0.417,,,,,,,
9,Right,16,0.0150,-0.0060,0.0348,0.0000,0.0000,0.0000,1.0000,0.417,,,,,,,
9,Right,17,0.0025,-0.0005,0.0539,0.1664,0.1104,-0.0657,0.9777,0.417,,,,,,,
9,Right,18,0.0000,0.0000,0.0390,0.2114,-0.0042,-0.0381,0.9767,0.417,,,,,,,
9,Right,19,0.0000,0.0000,0.0266,0.1063,-0.0296,-0.0096,0.9938,0.417,,,,,,,
9,Right,20,0.0003,0.0016,0.0243,0.0000,0.0000,0.0000,1.0000,0.417,,,,,,,
9,Right,21,0.0230,-0.0094,0.0341,0.0183,0.1403,-0.2070,0.9680,0.417,,,,,,,
9,Right,22,0.0000,0.0000,0.0457,0.1076,0.0117,0.0865,0.9903,0.417,,,,,,,
9,Right,23,0.0000,0.0000,0.0307,0.1692,0.0352,-0.0531,0.9835,0.417,,,,,,,
9,Right,24,0.0000,0.0000,0.0203,0.0427,-0.0491,0.0009,0.9979,0.417,,,,,,,
9,Right,25,-0.0002,0.0012,0.0219,0.0000,0.0000,0.0000,1.0000,0.417,,,,,,,
10,Left,0,0.0027,-0.0051,0.0649,0.0000,0.0000,0.0000,1.0000,0.458,,,,,,,
10,Left,1,0.0000,0.0000,0.0000,0.0000,0.0000,0.0000,1.0000,0.458,-0.0941,0.1151,-0.0436,-0.0378,0.0878,-0.7124,-0.6952
10,Left,2,0.0304,-0.0158,0.0344,-0.1739,0.2531,-0.5342,0.7876,0.458,,,,,,,
10,Left,3,0.0000,0.0000,0.0325,0.0740,-0.0639,0.0831,0.9917,0.458,,,,,,,
10,Left,4,0.0000,0.0000,0.0338,-0.0167,0.0617,-0.0827,0.9945,0.458,,,,,,,
10,Left,5,-0.0007,0.0010,0.0246,0.0000,0.0000,0.0000,1.0000,0.458,,,,,,,
10,Left,6,0.0199,-0.0094,0.0364,0.0000,0.0000,0.0000,1.0000,0.458,,,,,,,
10,Left,7,0.0037,0.0021,0.0596,0.1026,-0.0140,-0.0317,0.9941,0.458,,,,,,,
10,Left,8,0.0000,0.0000,0.0379,0.2561,-0.0003,0.0263,0.9663,0.458,,,,,,,
10,Left,9,0.0000,0.0000,0.0243,0.1010,-0.0242,0.0169,0.9945,0.458,,,,,,,
10,Left,10,-0.0003,0.0010,0.0224,0.0000,0.0000,0.0000,1.0000,0.458,,,,,,,
10,Left,11,0.0037,-0.0076,0.0342,0.0000,0.0000,0.0000,1.0000,0.458,,,,,,,
10,Left,12,-0.0020,0.0050,0.0614,0.1296,-0.0698,0.0143,0.9890,0.458,,,,,,,
10,Left,13,0.0000,0.0000,0.0429,0.2656,-0.0012,0.0125,0.9640,0.458,,,,,,,
10,Left,14,0.0000,0.0000,0.0275,0.0776,0.0028,0.0511,0.9957,0.458,,,,,,,
10,Left,15,-0.0003,0.0011,0.0250,0.0000,0.0000,0.0000,1.0000,0.458,,,,,,,
10,Left,16,-0.0150,-0.0060,0.0348,0.0000,0.0000,0.0000,1.0000,0.458,,,,,,,
10,Left,17,-0.0025,-0.0005,0.0539,0.1390,-0.0999,0.0618,0.9833,0.458,,,,,,,
10,Left,18,0.0000,0.0000,0.0390,0.2234,0.0046,0.0383,0.9740,0.458,,,,,,,
10,Left,19,0.0000,0.0000,0.0266,0.1001,0.0296,0.0093,0.9945,0.458,,,,,,,
10,Left,20,-0.0003,0.0016,0.0243,0.0000,0.0000,0.0000,1.0000,0.458,,,,,,,
10,Left,21,-0.0230,-0.0094,0.0341,0.0183,-0.1403,0.2070,0.9680,0.458,,,,,,,
10,Left,22,0.0000,0.0000,0.0457,0.0951,-0.0120,-0.0871,0.9916,0.458,,,,,,,
10,Left,23,0.0000,0.0000,0.0307,0.2006,-0.0337,0.0556,0.9775,0.458,,,,,,,
10,Left,24,0.0000,0.0000,0.0203,0.0494,0.0491,-0.0009,0.9976,0.458,,,,,,,
10,Left,25,0.0002,0.0012,0.0219,0.0000,0.0000,0.0000,1.0000,0.458,,,,,,,
10,Right,0,-0.0025,-0.0052,0.0651,0.0000,0.0000,0.0000,1.0000,0.458,,,,,,,
10,Right,1,0.0000,0.0000,0.0000,0.0000,0.0000,0.0000,1.0000,0.458,0.0682,0.1333,-0.0766,0.0050,0.1141,-0.7842,0.6099
10,Right,2,-0.0295,-0.0172,0.0351,-0.0961,-0.3235,0.5824,0.7395,0.458,,,,,,,
10,Right,3,0.0000,0.0000,0.0325,0.1268,0.0591,-0.0828,0.9867,0.458,,,,,,,
10,Right,4,0.0000,0.0000,0.0338,0.0748,-0.0540,0.0804,0.9925,0.458,,,,,,,
10,Right,5,0.0007,0.0010,0.0246,0.0000,0.0000,0.0000,1.0000,0.458,,,,,,,
10,Right,6,-0.0195,-0.0101,0.0367,0.0000,0.0000,0.0000,1.0000,0.458,,,,,,,
10,Right,7,-0.0041,0.0028,0.0593,0.1089,0.0395,0.0304,0.9928,0.458,,,,,,,
10,Right,8,0.0000,0.0000,0.0379,0.2194,0.0014,-0.0263,0.9753,0.458,,,,,,,
10,Right,9,0.0000,0.0000,0.0243,0.0897,0.0245,-0.0168,0.9955,0.458,,,,,,,
10,Right,10,0.0003,0.0010,0.0224,0.0000,0.0000,0.0000,1.0000,0.458,,,,,,,
10,Right,11,-0.0032,-0.0079,0.0346,0.0000,0.0000,0.0000,1.0000,0.458,,,,,,,
10,Right,12,0.0015,0.0054,0.0611,0.1546,0.0890,-0.0181,0.9838,0.458,,,,,,,
10,Right,13,0.0000,0.0000,0.0429,0.2515,0.0014,-0.0125,0.9678,0.458,,,,,,,
10,Right,14,0.0000,0.0000,0.0275,0.0792,-0.0029,-0.0513,0.9955,0.458,,,,,,,
10,Right,15,0.0003,0.0011,0.0250,0.0000,0.0000,0.0000,1.0000,0.458,,,,,,,
10,Right,16,0.0150,-0.0060,0.0348,0.0000,0.0000,0.0000,1.0000,0.458,,,,,,,
10,Right,17,0.0025,-0.0005,0.0539,0.1663,0.1101,-0.0657,0.9777,0.458,,,,,,,
10,Right,18,0.0000,0.0000,0.0390,0.2114,-0.0042,-0.0381,0.9767,0.458,,,,,,,
10,Right,19,0.0000,0.0000,0.0266,0.1062,-0.0296,-0.0096,0.9939,0.458,,,,,,,
10,Right,20,0.0003,0.0016,0.0243,0.0000,0.0000,0.0000,1.0000,0.458,,,,,,,
10,Right,21,0.0230,-0.0094,0.0341,0.0183,0.1403,-0.2070,0.9680,0.458,,,,,,,
10,Right,22,0.0000,0.0000,0.0457,0.1069,0.0114,0.0866,0.9904,0.458,,,,,,,
10,Right,23,0.0000,0.0000,0.0307,0.1696,0.0352,-0.0531,0.9835,0.458,,,,,,,
10,Right,24,0.0000,0.0000,0.0203,0.0428,-0.0491,0.0009,0.9979,0.458,,,,,,,
10,Right,25,-0.0002,0.0012,0.0219,0.0000,0.0000,0.0000,1.0000,0.458,,,,,,,
11,Left,0,0.0027,-0.0051,0.0649,0.0000,0.0000,0.0000,1.0000,0.500,,,,,,,
11,Left,1,0.0000,0.0000,0.0000,0.0000,0.0000,0.0000,1.0000,0.500,-0.0948,0.1151,-0.0425,-0.0423,0.0864,-0.7137,-0.6938
11,Left,2,0.0303,-0.0159,0.0344,-0.1734,0.2534,-0.5347,0.7873,0.500,,,,,,,
11,Left,3,0.0000,0.0000,0.0325,0.0745,-0.0638,0.0831,0.9917,0.500,,,,,,,
11,Left,4,0.0000,0.0000,0.0338,-0.0175,0.0618,-0.0827,0.9945,0.500,,,,,,,
11,Left,5,-0.0007,0.0010,0.0246,0.0000,0.0000,0.0000,1.0000,0.500,,,,,,,
11,Left,6,0.0199,-0.0094,0.0364,0.0000,0.0000,0.0000,1.0000,0.500,,,,,,,
11,Left,7,0.0037,0.0021,0.0596,0.1027,-0.0144,-0.0317,0.9941,0.500,,,,,,,
11,Left,8,0.0000,0.0000,0.0379,0.2567,-0.0003,0.0263,0.9661,0.500,,,,,,,
11,Left,9,0.0000,0.0000,0.0243,0.1012,-0.0242,0.0169,0.9944,0.500,,,,,,,
11,Left,10,-0.0003,0.0010,0.0224,0.0000,0.0000,0.0000,1.0000,0.500,,,,,,,
11,Left,11,0.0037,-0.0076,0.0342,0.0000,0.0000,0.0000,1.0000,0.500,,,,,,,
11,Left,12,-0.0019,0.0050,0.0614,0.1292,-0.0701,0.0143,0.9890,0.500,,,,,,,
11,Left,13,0.0000,0.0000,0.0429,0.2660,-0.0012,0.0125,0.9639,0.500,,,,,,,
11,Left,14,0.0000,0.0000,0.0275,0.0776,0.0028,0.0511,0.9957,0.500,,,,,,,
11,Left,15,-0.0003,0.0011,0.0250,0.0000,0.0000,0.0000,1.0000,0.500,,,,,,,
11,Left,16,-0.0150,-0.0060,0.0348,0.0000,0.0000,0.0000,1.0000,0.500,,,,,,,
11,Left,17,-0.0025,-0.0005,0.0539,0.1387,-0.1002,0.0618,0.9833,0.500,,,,,,,
11,Left,18,0.0000,0.0000,0.0390,0.2239,0.0046,0.0383,0.9739,0.500,,,,,,,
11,Left,19,0.0000,0.0000,0.0266,0.1001,0.0296,0.0093,0.9945,0.500,,,,,,,
11,Left,20,-0.0003,0.0016,0.0243,0.0000,0.0000,0.0000,1.0000,0.500,,,,,,,
11,Left,21,-0.0230,-0.0094,0.0341,0.0183,-0.1403,0.2070,0.9680,0.500,,,,,,,
11,Left,22,0.0000,0.0000,0.0457,0.0946,-0.0119,-0.0872,0.9916,0.500,,,,,,,
11,Left,23,0.0000,0.0000,0.0307,0.2012,-0.0337,0.0556,0.9774,0.500,,,,,,,
11,Left,24,0.0000,0.0000,0.0203,0.0497,0.0491,-0.0009,0.9976,0.500,,,,,,,
11,Left,25,0.0002,0.0012,0.0219,0.0000,0.0000,0.0000,1.0000,0.500,,,,,,,
11,Right,0,-0.0025,-0.0052,0.0651,0.0000,0.0000,0.0000,1.0000,0.500,,,,,,,
11,Right,1,0.0000,0.0000,0.0000,0.0000,0.0000,0.0000,1.0000,0.500,0.0681,0.1331,-0.0767,0.0042,0.1144,-0.7841,0.6100
11,Right,2,-0.0295,-0.0173,0.0351,-0.0950,-0.3239,0.5832,0.7389,0.500,,,,,,,
11,Right,3,0.0000,0.0000,0.0325,0.1267,0.0591,-0.0828,0.9867,0.500,,,,,,,
11,Right,4,0.0000,0.0000,0.0338,0.0751,-0.0540,0.0803,0.9925,0.500,,,,,,,
11,Right,5,0.0007,0.0010,0.0246,0.0000,0.0000,0.0000,1.0000,0.500,,,,,,,
11,Right,6,-0.0194,-0.0101,0.0367,0.0000,0.0000,0.0000,1.0000,0.500,,,,,,,
11,Right,7,-0.0041,0.0028,0.0593,0.1077,0.0401,0.0304,0.9929,0.500,,,,,,,
11,Right,8,0.0000,0.0000,0.0379,0.2200,0.0013,-0.0263,0.9751,0.500,,,,,,,
11,Right,9,0.0000,0.0000,0.0243,0.0901,0.0244,-0.0168,0.9955,0.500,,,,,,,
11,Right,10,0.0003,0.0010,0.0224,0.0000,0.0000,0.0000,1.0000,0.500,,,,,,,
11,Right,11,-0.0032,-0.0079,0.0346,0.0000,0.0000,0.0000,1.0000,0.500,,,,,,,
11,Right,12,0.0015,0.0054,0.0611,0.1550,0.0890,-0.0181,0.9837,0.500,,,,,,,
11,Right,13,0.0000,0.0000,0.0429,0.2520,0.0014,-0.0125,0.9677,0.500,,,,,,,
11,Right,14,0.0000,0.0000,0.0275,0.0794,-0.0029,-0.0513,0.9955,0.500,,,,,,,
11,Right,15,0.0003,0.0011,0.0250,0.0000,0.0000,0.0000,1.0000,0.500,,,,,,,
11,Right,16,0.0150,-0.0060,0.0348,0.0000,0.0000,0.0000,1.0000,0.500,,,,,,,
11,Right,17,0.0025,-0.0005,0.0539,0.1665,0.1099,-0.0656,0.9777,0.500,,,,,,,
11,Right,18,0.0000,0.0000,0.0390,0.2117,-0.0042,-0.0381,0.9766,0.500,,,,,,,
11,Right,19,0.0000,0.0000,0.0266,0.1063,-0.0296,-0.0096,0.9938,0.500,,,,,,,
11,Right,20,0.0003,0.0016,0.0243,0.0000,0.0000,0.0000,1.0000,0.500,,,,,,,
11,Right,21,0.0230,-0.0094,0.0341,0.0183,0.1403,-0.2070,0.9680,0.500,,,,,,,
11,Right,22,0.0000,0.0000,0.0457,0.1061,0.0110,0.0867,0.9905,0.500,,,,,,,
11,Right,23,0.0000,0.0000,0.0307,0.1702,0.0352,-0.0531,0.9834,0.500,,,,,,,
11,Right,24,0.0000,0.0000,0.0203,0.0431,-0.0491,0.0009,0.9979,0.500,,,,,,,
11,Right,25,-0.0002,0.0012,0.0219,0.0000,0.0000,0.0000,1.0000,0.500,,,,,,,
12,Left,0,0.0027,-0.0051,0.0649,0.0000,0.0000,0.0000,1.0000,0.542,,,,,,,
12,Left,1,0.0000,0.0000,0.0000,0.0000,0.0000,0.0000,1.0000,0.542,-0.0963,0.1148,-0.0393,-0.0517,0.0857,-0.7166,-0.6903
12,Left,2,0.0303,-0.0159,0.0344,-0.1728,0.2537,-0.5353,0.7869,0.542,,,,,,,
12,Left,3,0.0000,0.0000,0.0325,0.0748,-0.0638,0.0831,0.9917,0.542,,,,,,,
12,Left,4,0.0000,0.0000,0.0338,-0.0188,0.0619,-0.0827,0.9945,0.542,,,,,,,
12,Left,5,-0.0007,0.0010,0.0246,0.0000,0.0000,0.0000,1.0000,0.542,,,,,,,
12,Left,6,0.0199,-0.0094,0.0364,0.0000,0.0000,0.0000,1.0000,0.542,,,,,,,
12,Left,7,0.0037,0.0021,0.0596,0.1027,-0.0150,-0.0316,0.9941,0.542,,,,,,,
12,Left,8,0.0000,0.0000,0.0379,0.2566,-0.0003,0.0263,0.9662,0.542,,,,,,,
12,Left,9,0.0000,0.0000,0.0243,0.1012,-0.0242,0.0169,0.9944,0.542,,,,,,,
12,Left,10,-0.0003,0.0010,0.0224,0.0000,0.0000,0.0000,1.0000,0.542,,,,,,,
12,Left,11,0.0037,-0.0076,0.0342,0.0000,0.0000,0.0000,1.0000,0.542,,,,,,,
12,Left,12,-0.0019,0.0051,0.0614,0.1288,-0.0706,0.0143,0.9890,0.542,,,,,,,
12,Left,13,0.0000,0.0000,0.0429,0.2660,-0.0012,0.0125,0.9639,0.542,,,,,,,
12,Left,14,0.0000,0.0000,0.0275,0.0774,0.0028,0.0511,0.9957,0.542,,,,,,,
12,Left,15,-0.0003,0.0011,0.0250,0.0000,0.0000,0.0000,1.0000,0.542,,,,,,,
12,Left,16,-0.0150,-0.0060,0.0348,0.0000,0.0000,0.0000,1.0000,0.542,,,,,,,
12,Left,17,-0.0025,-0.0005,0.0539,0.1383,-0.1006,0.0618,0.9833,0.542,,,,,,,
12,Left,18,0.0000,0.0000,0.0390,0.2238,0.0046,0.0383,0.9739,0.542,,,,,,,
12,Left,19,0.0000,0.0000,0.0266,0.0999,0.0296,0.0093,0.9945,0.542,,,,,,,
12,Left,20,-0.0003,0.0016,0.0243,0.0000,0.0000,0.0000,1.0000,0.542,,,,,,,
12,Left,21,-0.0230,-0.0094,0.0341,0.0183,-0.1403,0.2070,0.9680,0.542,,,,,,,
12,Left,22,0.0000,0.0000,0.0457,0.0941,-0.0119,-0.0872,0.9917,0.542,,,,,,,
12,Left,23,0.0000,0.0000,0.0307,0.2013,-0.0337,0.0557,0.9774,0.542,,,,,,,
12,Left,24,0.0000,0.0000,0.0203,0.0495,0.0491,-0.0009,0.9976,0.542,,,,,,,
12,Left,25,0.0002,0.0012,0.0219,0.0000,0.0000,0.0000,1.0000,0.542,,,,,,,
12,Right,0,-0.0025,-0.0052,0.0651,0.0000,0.0000,0.0000,1.0000,0.542,,,,,,,
12,Right,1,0.0000,0.0000,0.0000,0.0000,0.0000,0.0000,1.0000,0.542,0.0680,0.1330,-0.0769,0.0021,0.1154,-0.7834,0.6107
12,Right,2,-0.0294,-0.0173,0.0351,-0.0929,-0.3262,0.5841,0.7375,0.542,,,,,,,
12,Right,3,0.0000,0.0000,0.0325,0.1269,0.0591,-0.0828,0.9867,0.542,,,,,,,
12,Right,4,0.0000,0.0000,0.0338,0.0760,-0.0539,0.0803,0.9924,0.542,,,,,,,
12,Right,5,0.0007,0.0010,0.0246,0.0000,0.0000,0.0000,1.0000,0.542,,,,,,,
12,Right,6,-0.0194,-0.0101,0.0367,0.0000,0.0000,0.0000,1.0000,0.542,,,,,,,
12,Right,7,-0.0041,0.0028,0.0593,0.1062,0.0408,0.0303,0.9930,0.542,,,,,,,
12,Right,8,0.0000,0.0000,0.0379,0.2199,0.0013,-0.0263,0.9752,0.542,,,,,,,
12,Right,9,0.0000,0.0000,0.0243,0.0901,0.0244,-0.0168,0.9955,0.542,,,,,,,
12,Right,10,0.0003,0.0010,0.0224,0.0000,0.0000,0.0000,1.0000,0.542,,,,,,,
12,Right,11,-0.0032,-0.0080,0.0346,0.0000,0.0000,0.0000,1.0000,0.542,,,,,,,
12,Right,12,0.0015,0.0054,0.0611,0.1555,0.0893,-0.0182,0.9836,0.542,,,,,,,
12,Right,13,0.0000,0.0000,0.0429,0.2523,0.0014,-0.0125,0.9676,0.542,,,,,,,
12,Right,14,0.0000,0.0000,0.0275,0.0797,-0.0029,-0.0513,0.9955,0.542,,,,,,,
12,Right,15,0.0003,0.0011,0.0250,0.0000,0.0000,0.0000,1.0000,0.542,,,,,,,
12,Right,16,0.0150,-0.0060,0.0348,0.0000,0.0000,0.0000,1.0000,0.542,,,,,,,
12,Right,17,0.0025,-0.0005,0.0539,0.1667,0.1100,-0.0657,0.9777,0.542,,,,,,,
12,Right,18,0.0000,0.0000,0.0390,0.2120,-0.0042,-0.0381,0.9765,0.542,,,,,,,
12,Right,19,0.0000,0.0000,0.0266,0.1065,-0.0296,-0.0096,0.9938,0.542,,,,,,,
12,Right,20,0.0003,0.0016,0.0243,0.0000,0.0000,0.0000,1.0000,0.542,,,,,,,
12,Right,21,0.0230,-0.0094,0.0341,0.0183,0.1403,-0.2070,0.9680,0.542,,,,,,,
12,Right,22,0.0000,0.0000,0.0457,0.1055,0.0109,0.0867,0.9906,0.542,,,,,,,
12,Right,23,0.0000,0.0000,0.0307,0.1705,0.0352,-0.0532,0.9833,0.542,,,,,,,
12,Right,24,0.0000,0.0000,0.0203,0.0434,-0.0491,0.0009,0.9979,0.542,,,,,,,
12,Right,25,-0.0002,0.0012,0.0219,0.0000,0.0000,0.0000,1.0000,0.542,,,,,,,
13,Left,0,0.0027,-0.0051,0.0649,0.0000,0.0000,0.0000,1.0000,0.583,,,,,,,
13,Left,1,0.0000,0.0000,0.0000,0.0000,0.0000,0.0000,1.0000,0.583,-0.0981,0.1147,-0.0360,-0.0591,0.0835,-0.7208,-0.6855
13,Left,2,0.0303,-0.0159,0.0344,-0.1718,0.2542,-0.5362,0.7863,0.583,,,,,,,
13,Left,3,0.0000,0.0000,0.0325,0.0750,-0.0638,0.0831,0.9917,0.583,,,,,,,
13,Left,4,0.0000,0.0000,0.0338,-0.0205,0.0620,-0.0828,0.9944,0.583,,,,,,,
13,Left,5,-0.0007,0.0010,0.0246,0.0000,0.0000,0.0000,1.0000,0.583,,,,,,,
13,Left,6,0.0199,-0.0094,0.0364,0.0000,0.0000,0.0000,1.0000,0.583,,,,,,,
13,Left,7,0.0037,0.0021,0.0596,0.1032,-0.0155,-0.0316,0.9940,0.583,,,,,,,
13,Left,8,0.0000,0.0000,0.0379,0.2560,-0.0003,0.0263,0.9663,0.583,,,,,,,
13,Left,9,0.0000,0.0000,0.0243,0.1008,-0.0242,0.0169,0.9945,0.583,,,,,,,
13,Left,10,-0.0003,0.0010,0.0224,0.0000,0.0000,0.0000,1.0000,0.583,,,,,,,
13,Left,11,0.0037,-0.0076,0.0342,0.0000,0.0000,0.0000,1.0000,0.583,,,,,,,
13,Left,12,-0.0019,0.0051,0.0614,0.1290,-0.0713,0.0144,0.9890,0.583,,,,,,,
13,Left,13,0.0000,0.0000,0.0429,0.2655,-0.0012,0.0125,0.9640,0.583,,,,,,,
13,Left,14,0.0000,0.0000,0.0275,0.0769,0.0028,0.0510,0.9957,0.583,,,,,,,
13,Left,15,-0.0003,0.0011,0.0250,0.0000,0.0000,0.0000,1.0000,0.583,,,,,,,
13,Left,16,-0.0150,-0.0060,0.0348,0.0000,0.0000,0.0000,1.0000,0.583,,,,,,,
13,Left,17,-0.0025,-0.0005,0.0539,0.1386,-0.1011,0.0619,0.9832,0.583,,,,,,,
13,Left,18,0.0000,0.0000,0.0390,0.2234,0.0046,0.0383,0.9740,0.583,,,,,,,
13,Left,19,0.0000,0.0000,0.0266,0.0994,0.0296,0.0093,0.9946,0.583,,,,,,,
13,Left,20,-0.0003,0.0016,0.0243,0.0000,0.0000,0.0000,1.0000,0.583,,,,,,,
13,Left,21,-0.0230,-0.0094,0.0341,0.0183,-0.1403,0.2070,0.9680,0.583,,,,,,,
13,Left,22,0.0000,0.0000,0.0457,0.0944,-0.0119,-0.0872,0.9916,0.583,,,,,,,
13,Left,23,0.0000,0.0000,0.0307,0.2011,-0.0337,0.0556,0.9774,0.583,,,,,,,
13,Left,24,0.0000,0.0000,0.0203,0.0492,0.0491,-0.0009,0.9976,0.583,,,,,,,
13,Left,25,0.0002,0.0012,0.0219,0.0000,0.0000,0.0000,1.0000,0.583,,,,,,,
13,Right,0,-0.0025,-0.0052,0.0651,0.0000,0.0000,0.0000,1.0000,0.583,,,,,,,
13,Right,1,0.0000,0.0000,0.0000,0.0000,0.0000,0.0000,1.0000,0.583,0.0674,0.1328,-0.0773,-0.0070,0.1163,-0.7785,0.6167
13,Right,2,-0.0295,-0.0173,0.0351,-0.0912,-0.3289,0.5843,0.7363,0.583,,,,,,,
13,Right,3,0.0000,0.0000,0.0325,0.1271,0.0590,-0.0828,0.9867,0.583,,,,,,,
13,Right,4,0.0000,0.0000,0.0338,0.0771,-0.0538,0.0803,0.9923,0.583,,,,,,,
13,Right,5,0.0007,0.0010,0.0246,0.0000,0.0000,0.0000,1.0000,0.583,,,,,,,
13,Right,6,-0.0194,-0.0101,0.0367,0.0000,0.0000,0.0000,1.0000,0.583,,,,,,,
13,Right,7,-0.0041,0.0028,0.0593,0.1056,0.0418,0.0303,0.9931,0.583,,,,,,,
13,Right,8,0.0000,0.0000,0.0379,0.2190,0.0014,-0.0263,0.9754,0.583,,,,,,,
13,Right,9,0.0000,0.0000,0.0243,0.0896,0.0245,-0.0168,0.9955,0.583,,,,,,,
13,Right,10,0.0003,0.0010,0.0224,0.0000,0.0000,0.0000,1.0000,0.583,,,,,,,
13,Right,11,-0.0032,-0.0079,0.0346,0.0000,0.0000,0.0000,1.0000,0.583,,,,,,,
13,Right,12,0.0015,0.0054,0.0611,0.1561,0.0898,-0.0183,0.9835,0.583,,,,,,,
13,Right,13,0.0000,0.0000,0.0429,0.2525,0.0014,-0.0125,0.9675,0.583,,,,,,,
13,Right,14,0.0000,0.0000,0.0275,0.0800,-0.0029,-0.0513,0.9955,0.583,,,,,,,
13,Right,15,0.0003,0.0011,0.0250,0.0000,0.0000,0.0000,1.0000,0.583,,,,,,,
13,Right,16,0.0150,-0.0060,0.0348,0.0000,0.0000,0.0000,1.0000,0.583,,,,,,,
13,Right,17,0.0025,-0.0005,0.0539,0.1670,0.1103,-0.0657,0.9776,0.583,,,,,,,
13,Right,18,0.0000,0.0000,0.0390,0.2121,-0.0042,-0.0381,0.9765,0.583,,,,,,,
13,Right,19,0.0000,0.0000,0.0266,0.1066,-0.0296,-0.0096,0.9938,0.583,,,,,,,
13,Right,20,0.0003,0.0016,0.0243,0.0000,0.0000,0.0000,1.0000,0.583,,,,,,,
13,Right,21,0.0230,-0.0094,0.0341,0.0183,0.1403,-0.2070,0.9680,0.583,,,,,,,
13,Right,22,0.0000,0.0000,0.0457,0.1053,0.0113,0.0867,0.9906,0.583,,,,,,,
13,Right,23,0.0000,0.0000,0.0307,0.1706,0.0352,-0.0532,0.9833,0.583,,,,,,,
13,Right,24,0.0000,0.0000,0.0203,0.0434,-0.0491,0.0009,0.9979,0.583,,,,,,,
13,Right,25,-0.0002,0.0012,0.0219,0.0000,0.0000,0.0000,1.0000,0.583,,,,,,,
14,Left,0,0.0027,-0.0051,0.0650,0.0000,0.0000,0.0000,1.0000,0.625,,,,,,,
14,Left,1,0.0000,0.0000,0.0000,0.0000,0.0000,0.0000,1.0000,0.625,-0.1008,0.1148,-0.0316,-0.0702,0.0748,-0.7263,-0.6797
14,Left,2,0.0303,-0.0160,0.0344,-0.1707,0.2547,-0.5373,0.7857,0.625,,,,,,,
14,Left,3,0.0000,0.0000,0.0325,0.0749,-0.0638,0.0831,0.9917,0.625,,,,,,,
14,Left,4,0.0000,0.0000,0.0338,-0.0278,0.0626,-0.0829,0.9942,0.625,,,,,,,
14,Left,5,-0.0007,0.0010,0.0246,0.0000,0.0000,0.0000,1.0000,0.625,,,,,,,
14,Left,6,0.0199,-0.0094,0.0364,0.0000,0.0000,0.0000,1.0000,0.625,,,,,,,
14,Left,7,0.0037,0.0021,0.0596,0.1047,-0.0161,-0.0316,0.9939,0.625,,,,,,,
14,Left,8,0.0000,0.0000,0.0379,0.2556,-0.0004,0.0263,0.9664,0.625,,,,,,,
14,Left,9,0.0000,0.0000,0.0243,0.1002,-0.0243,0.0169,0.9945,0.625,,,,,,,
14,Left,10,-0.0003,0.0010,0.0224,0.0000,0.0000,0.0000,1.0000,0.625,,,,,,,
14,Left,11,0.0036,-0.0076,0.0343,0.0000,0.0000,0.0000,1.0000,0.625,,,,,,,
14,Left,12,-0.0019,0.0051,0.0614,0.1303,-0.0719,0.0145,0.9888,0.625,,,,,,,
14,Left,13,0.0000,0.0000,0.0429,0.2653,-0.0012,0.0125,0.9641,0.625,,,,,,,
14,Left,14,0.0000,0.0000,0.0275,0.0764,0.0028,0.0510,0.9958,0.625,,,,,,,
14,Left,15,-0.0003,0.0011,0.0250,0.0000,0.0000,0.0000,1.0000,0.625,,,,,,,
14,Left,16,-0.0150,-0.0060,0.0348,0.0000,0.0000,0.0000,1.0000,0.625,,,,,,,
14,Left,17,-0.0025,-0.0005,0.0539,0.1401,-0.1014,0.0620,0.9830,0.625,,,,,,,
14,Left,18,0.0000,0.0000,0.0390,0.2231,0.0046,0.0383,0.9740,0.625,,,,,,,
14,Left,19,0.0000,0.0000,0.0266,0.0990,0.0296,0.0093,0.9946,0.625,,,,,,,
14,Left,20,-0.0003,0.0016,0.0243,0.0000,0.0000,0.0000,1.0000,0.625,,,,,,,
14,Left,21,-0.0230,-0.0094,0.0341,0.0183,-0.1403,0.2070,0.9680,0.625,,,,,,,
14,Left,22,0.0000,0.0000,0.0457,0.0987,-0.0120,-0.0870,0.9912,0.625,,,,,,,
14,Left,23,0.0000,0.0000,0.0307,0.2006,-0.0337,0.0556,0.9775,0.625,,,,,,,
14,Left,24,0.0000,0.0000,0.0203,0.0491,0.0491,-0.0009,0.9976,0.625,,,,,,,
14,Left,25,0.0002,0.0012,0.0219,0.0000,0.0000,0.0000,1.0000,0.625,,,,,,,
14,Right,0,-0.0025,-0.0052,0.0651,0.0000,0.0000,0.0000,1.0000,0.625,,,,,,,
14,Right,1,0.0000,0.0000,0.0000,0.0000,0.0000,0.0000,1.0000,0.625,0.0658,0.1331,-0.0790,-0.0236,0.1157,-0.7680,0.6295
14,Right,2,-0.0295,-0.0173,0.0351,-0.0905,-0.3298,0.5845,0.7358,0.625,,,,,,,
14,Right,3,0.0000,0.0000,0.0325,0.1270,0.0591,-0.0828,0.9867,0.625,,,,,,,
14,Right,4,0.0000,0.0000,0.0338,0.0768,-0.0538,0.0803,0.9923,0.625,,,,,,,
14,Right,5,0.0007,0.0010,0.0246,0.0000,0.0000,0.0000,1.0000,0.625,,,,,,,
14,Right,6,-0.0194,-0.0101,0.0367,0.0000,0.0000,0.0000,1.0000,0.625,,,,,,,
14,Right,7,-0.0041,0.0028,0.0593,0.1060,0.0426,0.0303,0.9930,0.625,,,,,,,
14,Right,8,0.0000,0.0000,0.0379,0.2175,0.0014,-0.0263,0.9757,0.625,,,,,,,
14,Right,9,0.0000,0.0000,0.0243,0.0886,0.0245,-0.0168,0.9956,0.625,,,,,,,
14,Right,10,0.0003,0.0010,0.0224,0.0000,0.0000,0.0000,1.0000,0.625,,,,,,,
14,Right,11,-0.0032,-0.0079,0.0346,0.0000,0.0000,0.0000,1.0000,0.625,,,,,,,
14,Right,12,0.0015,0.0054,0.0611,0.1571,0.0902,-0.0185,0.9833,0.625,,,,,,,
14,Right,13,0.0000,0.0000,0.0429,0.2527,0.0014,-0.0125,0.9675,0.625,,,,,,,
14,Right,14,0.0000,0.0000,0.0275,0.0801,-0.0029,-0.0513,0.9955,0.625,,,,,,,
14,Right,15,0.0003,0.0011,0.0250,0.0000,0.0000,0.0000,1.0000,0.625,,,,,,,
14,Right,16,0.0150,-0.0060,0.0348,0.0000,0.0000,0.0000,1.0000,0.625,,,,,,,
14,Right,17,0.0025,-0.0005,0.0539,0.1675,0.1105,-0.0658,0.9774,0.625,,,,,,,
14,Right,18,0.0000,0.0000,0.0390,0.2124,-0.0042,-0.0381,0.9764,0.625,,,,,,,
14,Right,19,0.0000,0.0000,0.0266,0.1067,-0.0296,-0.0096,0.9938,0.625,,,,,,,
14,Right,20,0.0003,0.0016,0.0243,0.0000,0.0000,0.0000,1.0000,0.625,,,,,,,
14,Right,21,0.0230,-0.0094,0.0341,0.0183,0.1403,-0.2070,0.9680,0.625,,,,,,,
14,Right,22,0.0000,0.0000,0.0457,0.1055,0.0116,0.0866,0.9906,0.625,,,,,,,
14,Right,23,0.0000,0.0000,0.0307,0.1706,0.0352,-0.0532,0.9833,0.625,,,,,,,
14,Right,24,0.0000,0.0000,0.0203,0.0435,-0.0491,0.0009,0.9978,0.625,,,,,,,
14,Right,25,-0.0002,0.0012,0.0219,0.0000,0.0000,0.0000,1.0000,0.625,,,,,,,
15,Left,0,0.0027,-0.0051,0.0650,0.0000,0.0000,0.0000,1.0000,0.667,,,,,,,
15,Left,1,0.0000,0.0000,0.0000,0.0000,0.0000,0.0000,1.0000,0.667,-0.1033,0.1143,-0.0275,-0.0823,0.0637,-0.7333,-0.6719
15,Left,2,0.0303,-0.0160,0.0345,-0.1694,0.2553,-0.5386,0.7849,0.667,,,,,,,
15,Left,3,0.0000,0.0000,0.0325,0.0747,-0.0638,0.0831,0.9917,0.667,,,,,,,
15,Left,4,0.0000,0.0000,0.0338,-0.0364,0.0633,-0.0831,0.9939,0.667,,,,,,,
15,Left,5,-0.0007,0.0010,0.0246,0.0000,0.0000,0.0000,1.0000,0.667,,,,,,,
15,Left,6,0.0198,-0.0095,0.0364,0.0000,0.0000,0.0000,1.0000,0.667,,,,,,,
15,Left,7,0.0037,0.0022,0.0596,0.1135,-0.0169,-0.0317,0.9929,0.667,,,,,,,
15,Left,8,0.0000,0.0000,0.0379,0.2553,-0.0004,0.0263,0.9665,0.667,,,,,,,
15,Left,9,0.0000,0.0000,0.0243,0.0995,-0.0243,0.0169,0.9946,0.667,,,,,,,
15,Left,10,-0.0003,0.0010,0.0224,0.0000,0.0000,0.0000,1.0000,0.667,,,,,,,
15,Left,11,0.0036,-0.0076,0.0343,0.0000,0.0000,0.0000,1.0000,0.667,,,,,,,
15,Left,12,-0.0019,0.0051,0.0614,0.1414,-0.0722,0.0153,0.9872,0.667,,,,,,,
15,Left,13,0.0000,0.0000,0.0429,0.2657,-0.0012,0.0125,0.9640,0.667,,,,,,,
15,Left,14,0.0000,0.0000,0.0275,0.0762,0.0028,0.0510,0.9958,0.667,,,,,,,
15,Left,15,-0.0003,0.0011,0.0250,0.0000,0.0000,0.0000,1.0000,0.667,,,,,,,
15,Left,16,-0.0150,-0.0060,0.0348,0.0000,0.0000,0.0000,1.0000,0.667,,,,,,,
15,Left,17,-0.0025,-0.0005,0.0539,0.1512,-0.1011,0.0631,0.9813,0.667,,,,,,,
15,Left,18,0.0000,0.0000,0.0390,0.2235,0.0046,0.0383,0.9739,0.667,,,,,,,
15,Left,19,0.0000,0.0000,0.0266,0.0991,0.0296,0.0093,0.9946,0.667,,,,,,,
15,Left,20,-0.0003,0.0016,0.0243,0.0000,0.0000,0.0000,1.0000,0.667,,,,,,,
15,Left,21,-0.0230,-0.0094,0.0341,0.0183,-0.1403,0.2070,0.9680,0.667,,,,,,,
15,Left,22,0.0000,0.0000,0.0457,0.1106,-0.0127,-0.0863,0.9900,0.667,,,,,,,
15,Left,23,0.0000,0.0000,0.0307,0.2005,-0.0337,0.0556,0.9775,0.667,,,,,,,
15,Left,24,0.0000,0.0000,0.0203,0.0495,0.0491,-0.0009,0.9976,0.667,,,,,,,
15,Left,25,0.0002,0.0012,0.0219,0.0000,0.0000,0.0000,1.0000,0.667,,,,,,,
15,Right,0,-0.0025,-0.0052,0.0651,0.0000,0.0000,0.0000,1.0000,0.667,,,,,,,
15,Right,1,0.0000,0.0000,0.0000,0.0000,0.0000,0.0000,1.0000,0.667,0.0634,0.1327,-0.0817,-0.0392,0.1167,-0.7556,0.6434
15,Right,2,-0.0295,-0.0173,0.0351,-0.0898,-0.3304,0.5848,0.7354,0.667,,,,,,,
15,Right,3,0.0000,0.0000,0.0325,0.1266,0.0591,-0.0828,0.9867,0.667,,,,,,,
15,Right,4,0.0000,0.0000,0.0338,0.0683,-0.0546,0.0805,0.9929,0.667,,,,,,,
15,Right,5,0.0007,0.0010,0.0246,0.0000,0.0000,0.0000,1.0000,0.667,,,,,,,
15,Right,6,-0.0194,-0.0101,0.0367,0.0000,0.0000,0.0000,1.0000,0.667,,,,,,,
15,Right,7,-0.0041,0.0028,0.0593,0.1073,0.0429,0.0302,0.9928,0.667,,,,,,,
15,Right,8,0.0000,0.0000,0.0379,0.2160,0.0014,-0.0263,0.9760,0.667,,,,,,,
15,Right,9,0.0000,0.0000,0.0243,0.0873,0.0245,-0.0168,0.9957,0.667,,,,,,,
15,Right,10,0.0003,0.0010,0.0224,0.0000,0.0000,0.0000,1.0000,0.667,,,,,,,
15,Right,11,-0.0032,-0.0080,0.0346,0.0000,0.0000,0.0000,1.0000,0.667,,,,,,,
15,Right,12,0.0015,0.0054,0.0611,0.1580,0.0904,-0.0186,0.9831,0.667,,,,,,,
15,Right,13,0.0000,0.0000,0.0429,0.2528,0.0014,-0.0125,0.9674,0.667,,,,,,,
15,Right,14,0.0000,0.0000,0.0275,0.0801,-0.0029,-0.0513,0.9955,0.667,,,,,,,
15,Right,15,0.0003,0.0011,0.0250,0.0000,0.0000,0.0000,1.0000,0.667,,,,,,,
15,Right,16,0.0150,-0.0060,0.0348,0.0000,0.0000,0.0000,1.0000,0.667,,,,,,,
15,Right,17,0.0025,-0.0005,0.0539,0.1678,0.1107,-0.0659,0.9774,0.667,,,,,,,
15,Right,18,0.0000,0.0000,0.0390,0.2126,-0.0042,-0.0381,0.9764,0.667,,,,,,,
15,Right,19,0.0000,0.0000,0.0266,0.1067,-0.0296,-0.0096,0.9938,0.667,,,,,,,
15,Right,20,0.0003,0.0016,0.0243,0.0000,0.0000,0.0000,1.0000,0.667,,,,,,,
15,Right,21,0.0230,-0.0094,0.0341,0.0183,0.1403,-0.2070,0.9680,0.667,,,,,,,
15,Right,22,0.0000,0.0000,0.0457,0.1061,0.0121,0.0866,0.9905,0.667,,,,,,,
15,Right,23,0.0000,0.0000,0.0307,0.1707,0.0351,-0.0532,0.9832,0.667,,,,,,,
15,Right,24,0.0000,0.0000,0.0203,0.0435,-0.0491,0.0009,0.9978,0.667,,,,,,,
15,Right,25,-0.0002,0.0012,0.0219,0.0000,0.0000,0.0000,1.0000,0.667,,,,,,,
16,Left,0,0.0027,-0.0051,0.0650,0.0000,0.0000,0.0000,1.0000,0.708,,,,,,,
16,Left,1,0.0000,0.0000,0.0000,0.0000,0.0000,0.0000,1.0000,0.708,-0.1049,0.1147,-0.0249,-0.0909,0.0575,-0.7377,-0.6666
16,Left,2,0.0302,-0.0161,0.0345,-0.1681,0.2558,-0.5399,0.7841,0.708,,,,,,,
16,Left,3,0.0000,0.0000,0.0325,0.0746,-0.0638,0.0831,0.9917,0.708,,,,,,,
16,Left,4,0.0000,0.0000,0.0338,-0.0424,0.0638,-0.0832,0.9936,0.708,,,,,,,
16,Left,5,-0.0007,0.0010,0.0246,0.0000,0.0000,0.0000,1.0000,0.708,,,,,,,
16,Left,6,0.0198,-0.0095,0.0364,0.0000,0.0000,0.0000,1.0000,0.708,,,,,,,
16,Left,7,0.0037,0.0022,0.0596,0.1219,-0.0179,-0.0318,0.9919,0.708,,,,,,,
16,Left,8,0.0000,0.0000,0.0379,0.2550,-0.0004,0.0263,0.9666,0.708,,,,,,,
16,Left,9,0.0000,0.0000,0.0243,0.0988,-0.0243,0.0169,0.9947,0.708,,,,,,,
16,Left,10,-0.0003,0.0010,0.0224,0.0000,0.0000,0.0000,1.0000,0.708,,,,,,,
16,Left,11,0.0036,-0.0076,0.0343,0.0000,0.0000,0.0000,1.0000,0.708,,,,,,,
16,Left,12,-0.0019,0.0051,0.0614,0.1501,-0.0726,0.0160,0.9859,0.708,,,,,,,
16,Left,13,0.0000,0.0000,0.0429,0.2661,-0.0012,0.0125,0.9639,0.708,,,,,,,
16,Left,14,0.0000,0.0000,0.0275,0.0761,0.0028,0.0510,0.9958,0.708,,,,,,,
16,Left,15,-0.0003,0.0011,0.0250,0.0000,0.0000,0.0000,1.0000,0.708,,,,,,,
16,Left,16,-0.0150,-0.0060,0.0348,0.0000,0.0000,0.0000,1.0000,0.708,,,,,,,
16,Left,17,-0.0025,-0.0005,0.0539,0.1590,-0.1011,0.0639,0.9800,0.708,,,,,,,
16,Left,18,0.0000,0.0000,0.0390,0.2243,0.0046,0.0383,0.9738,0.708,,,,,,,
16,Left,19,0.0000,0.0000,0.0266,0.0995,0.0296,0.0093,0.9946,0.708,,,,,,,
16,Left,20,-0.0003,0.0016,0.0243,0.0000,0.0000,0.0000,1.0000,0.708,,,,,,,
16,Left,21,-0.0230,-0.0094,0.0341,0.0183,-0.1403,0.2070,0.9680,0.708,,,,,,,
16,Left,22,0.0000,0.0000,0.0457,0.1184,-0.0131,-0.0858,0.9892,0.708,,,,,,,
16,Left,23,0.0000,0.0000,0.0307,0.2008,-0.0337,0.0556,0.9775,0.708,,,,,,,
16,Left,24,0.0000,0.0000,0.0203,0.0504,0.0491,-0.0009,0.9975,0.708,,,,,,,
16,Left,25,0.0002,0.0012,0.0219,0.0000,0.0000,0.0000,1.0000,0.708,,,,,,,
16,Right,0,-0.0025,-0.0052,0.0651,0.0000,0.0000,0.0000,1.0000,0.708,,,,,,,
16,Right,1,0.0000,0.0000,0.0000,0.0000,0.0000,0.0000,1.0000,0.708,0.0609,0.1325,-0.0843,-0.0488,0.1184,-0.7483,0.6509
16,Right,2,-0.0295,-0.0173,0.0351,-0.0895,-0.3308,0.5849,0.7352,0.708,,,,,,,
16,Right,3,0.0000,0.0000,0.0325,0.1258,0.0592,-0.0828,0.9868,0.708,,,,,,,
16,Right,4,0.0000,0.0000,0.0338,0.0521,-0.0560,0.0810,0.9938,0.708,,,,,,,
16,Right,5,0.0007,0.0010,0.0246,0.0000,0.0000,0.0000,1.0000,0.708,,,,,,,
16,Right,6,-0.0194,-0.0101,0.0367,0.0000,0.0000,0.0000,1.0000,0.708,,,,,,,
16,Right,7,-0.0041,0.0028,0.0593,0.1086,0.0429,0.0302,0.9927,0.708,,,,,,,
16,Right,8,0.0000,0.0000,0.0379,0.2149,0.0015,-0.0263,0.9763,0.708,,,,,,,
16,Right,9,0.0000,0.0000,0.0243,0.0864,0.0245,-0.0168,0.9958,0.708,,,,,,,
16,Right,10,0.0003,0.0010,0.0224,0.0000,0.0000,0.0000,1.0000,0.708,,,,,,,
16,Right,11,-0.0032,-0.0080,0.0346,0.0000,0.0000,0.0000,1.0000,0.708,,,,,,,
16,Right,12,0.0015,0.0054,0.0611,0.1584,0.0903,-0.0186,0.9831,0.708,,,,,,,
16,Right,13,0.0000,0.0000,0.0429,0.2530,0.0014,-0.0125,0.9674,0.708,,,,,,,
16,Right,14,0.0000,0.0000,0.0275,0.0802,-0.0030,-0.0513,0.9955,0.708,,,,,,,
16,Right,15,0.0003,0.0011,0.0250,0.0000,0.0000,0.0000,1.0000,0.708,,,,,,,
16,Right,16,0.0150,-0.0060,0.0348,0.0000,0.0000,0.0000,1.0000,0.708,,,,,,,
16,Right,17,0.0025,-0.0005,0.0539,0.1674,0.1109,-0.0659,0.9774,0.708,,,,,,,
16,Right,18,0.0000,0.0000,0.0390,0.2130,-0.0042,-0.0381,0.9763,0.708,,,,,,,
16,Right,19,0.0000,0.0000,0.0266,0.1067,-0.0296,-0.0096,0.9938,0.708,,,,,,,
16,Right,20,0.0003,0.0016,0.0243,0.0000,0.0000,0.0000,1.0000,0.708,,,,,,,
16,Right,21,0.0230,-0.0094,0.0341,0.0183,0.1403,-0.2070,0.9680,0.708,,,,,,,
16,Right,22,0.0000,0.0000,0.0457,0.1066,0.0126,0.0865,0.9905,0.708,,,,,,,
16,Right,23,0.0000,0.0000,0.0307,0.1711,0.0351,-0.0532,0.9832,0.708,,,,,,,
16,Right,24,0.0000,0.0000,0.0203,0.0438,-0.0491,0.0009,0.9978,0.708,,,,,,,
16,Right,25,-0.0002,0.0012,0.0219,0.0000,0.0000,0.0000,1.0000,0.708,,,,,,,
17,Left,0,0.0027,-0.0051,0.0650,0.0000,0.0000,0.0000,1.0000,0.750,,,,,,,
17,Left,1,0.0000,0.0000,0.0000,0.0000,0.0000,0.0000,1.0000,0.750,-0.1073,0.1151,-0.0222,-0.1011,0.0494,-0.7367,-0.6668
17,Left,2,0.0302,-0.0161,0.0345,-0.1673,0.2561,-0.5407,0.7836,0.750,,,,,,,
17,Left,3,0.0000,0.0000,0.0325,0.0748,-0.0638,0.0831,0.9917,0.750,,,,,,,
17,Left,4,0.0000,0.0000,0.0338,-0.0451,0.0640,-0.0833,0.9934,0.750,,,,,,,
17,Left,5,-0.0007,0.0010,0.0246,0.0000,0.0000,0.0000,1.0000,0.750,,,,,,,
17,Left,6,0.0198,-0.0095,0.0365,0.0000,0.0000,0.0000,1.0000,0.750,,,,,,,
17,Left,7,0.0037,0.0022,0.0595,0.1259,-0.0191,-0.0317,0.9913,0.750,,,,,,,
17,Left,8,0.0000,0.0000,0.0379,0.2527,-0.0004,0.0263,0.9672,0.750,,,,,,,
17,Left,9,0.0000,0.0000,0.0243,0.0976,-0.0243,0.0169,0.9948,0.750,,,,,,,
17,Left,10,-0.0003,0.0010,0.0224,0.0000,0.0000,0.0000,1.0000,0.750,,,,,,,
17,Left,11,0.0036,-0.0077,0.0343,0.0000,0.0000,0.0000,1.0000,0.750,,,,,,,
17,Left,12,-0.0019,0.0051,0.0614,0.1516,-0.0733,0.0161,0.9856,0.750,,,,,,,
17,Left,13,0.0000,0.0000,0.0429,0.2655,-0.0012,0.0125,0.9640,0.750,,,,,,,
17,Left,14,0.0000,0.0000,0.0275,0.0758,0.0028,0.0509,0.9958,0.750,,,,,,,
17,Left,15,-0.0003,0.0011,0.0250,0.0000,0.0000,0.0000,1.0000,0.750,,,,,,,
17,Left,16,-0.0150,-0.0060,0.0348,0.0000,0.0000,0.0000,1.0000,0.750,,,,,,,
17,Left,17,-0.0025,-0.0005,0.0539,0.1604,-0.1015,0.0641,0.9797,0.750,,,,,,,
17,Left,18,0.0000,0.0000,0.0390,0.2247,0.0046,0.0383,0.9737,0.750,,,,,,,
17,Left,19,0.0000,0.0000,0.0266,0.0999,0.0296,0.0093,0.9945,0.750,,,,,,,
17,Left,20,-0.0003,0.0016,0.0243,0.0000,0.0000,0.0000,1.0000,0.750,,,,,,,
17,Left,21,-0.0230,-0.0094,0.0341,0.0183,-0.1403,0.2070,0.9680,0.750,,,,,,,
17,Left,22,0.0000,0.0000,0.0457,0.1246,-0.0134,-0.0855,0.9884,0.750,,,,,,,
17,Left,23,0.0000,0.0000,0.0307,0.2015,-0.0337,0.0557,0.9773,0.750,,,,,,,
17,Left,24,0.0000,0.0000,0.0203,0.0515,0.0491,-0.0009,0.9975,0.750,,,,,,,
17,Left,25,0.0002,0.0012,0.0219,0.0000,0.0000,0.0000,1.0000,0.750,,,,,,,
17,Right,0,-0.0025,-0.0052,0.0651,0.0000,0.0000,0.0000,1.0000,0.750,,,,,,,
17,Right,1,0.0000,0.0000,0.0000,0.0000,0.0000,0.0000,1.0000,0.750,0.0577,0.1324,-0.0876,-0.0564,0.1226,-0.7438,0.6546
17,Right,2,-0.0294,-0.0173,0.0351,-0.0892,-0.3309,0.5851,0.7350,0.750,,,,,,,
17,Right,3,0.0000,0.0000,0.0325,0.1251,0.0592,-0.0828,0.9869,0.750,,,,,,,
17,Right,4,0.0000,0.0000,0.0338,0.0396,-0.0570,0.0813,0.9943,0.750,,,,,,,
17,Right,5,0.0007,0.0010,0.0246,0.0000,0.0000,0.0000,1.0000,0.750,,,,,,,
17,Right,6,-0.0194,-0.0101,0.0367,0.0000,0.0000,0.0000,1.0000,0.750,,,,,,,
17,Right,7,-0.0041,0.0028,0.0593,0.1096,0.0423,0.0302,0.9926,0.750,,,,,,,
17,Right,8,0.0000,0.0000,0.0379,0.2153,0.0015,-0.0263,0.9762,0.750,,,,,,,
17,Right,9,0.0000,0.0000,0.0243,0.0863,0.0245,-0.0168,0.9958,0.750,,,,,,,
17,Right,10,0.0003,0.0010,0.0224,0.0000,0.0000,0.0000,1.0000,0.750,,,,,,,
17,Right,11,-0.0032,-0.0080,0.0346,0.0000,0.0000,0.0000,1.0000,0.750,,,,,,,
17,Right,12,0.0015,0.0054,0.0611,0.1585,0.0899,-0.0185,0.9831,0.750,,,,,,,
17,Right,13,0.0000,0.0000,0.0429,0.2536,0.0014,-0.0125,0.9672,0.750,,,,,,,
17,Right,14,0.0000,0.0000,0.0275,0.0804,-0.0030,-0.0514,0.9954,0.750,,,,,,,
17,Right,15,0.0003,0.0011,0.0250,0.0000,0.0000,0.0000,1.0000,0.750,,,,,,,
17,Right,16,0.0150,-0.0060,0.0348,0.0000,0.0000,0.0000,1.0000,0.750,,,,,,,
17,Right,17,0.0025,-0.0005,0.0539,0.1663,0.1110,-0.0657,0.9776,0.750,,,,,,,
17,Right,18,0.0000,0.0000,0.0390,0.2135,-0.0042,-0.0381,0.9762,0.750,,,,,,,
17,Right,19,0.0000,0.0000,0.0266,0.1066,-0.0296,-0.0096,0.9938,0.750,,,,,,,
17,Right,20,0.0003,0.0016,0.0243,0.0000,0.0000,0.0000,1.0000,0.750,,,,,,,
17,Right,21,0.0230,-0.0094,0.0341,0.0183,0.1403,-0.2070,0.9680,0.750,,,,,,,
17,Right,22,0.0000,0.0000,0.0457,0.1063,0.0135,0.0864,0.9905,0.750,,,,,,,
17,Right,23,0.0000,0.0000,0.0307,0.1718,0.0351,-0.0533,0.9831,0.750,,,,,,,
17,Right,24,0.0000,0.0000,0.0203,0.0439,-0.0491,0.0009,0.9978,0.750,,,,,,,
17,Right,25,-0.0002,0.0012,0.0219,0.0000,0.0000,0.0000,1.0000,0.750,,,,,,,
18,Left,0,0.0027,-0.0051,0.0650,0.0000,0.0000,0.0000,1.0000,0.792,,,,,,,
18,Left,1,0.0000,0.0000,0.0000,0.0000,0.0000,0.0000,1.0000,0.792,-0.1107,0.1143,-0.0174,-0.1123,0.0360,-0.7326,-0.6703
18,Left,2,0.0302,-0.0162,0.0345,-0.1667,0.2556,-0.5417,0.7832,0.792,,,,,,,
18,Left,3,0.0000,0.0000,0.0325,0.0750,-0.0638,0.0831,0.9917,0.792,,,,,,,
18,Left,4,0.0000,0.0000,0.0338,-0.0486,0.0642,-0.0833,0.9933,0.792,,,,,,,
18,Left,5,-0.0007,0.0010,0.0246,0.0000,0.0000,0.0000,1.0000,0.792,,,,,,,
18,Left,6,0.0198,-0.0095,0.0365,0.0000,0.0000,0.0000,1.0000,0.792,,,,,,,
18,Left,7,0.0038,0.0022,0.0595,0.1275,-0.0204,-0.0317,0.9911,0.792,,,,,,,
18,Left,8,0.0000,0.0000,0.0379,0.2447,-0.0007,0.0263,0.9692,0.792,,,,,,,
18,Left,9,0.0000,0.0000,0.0243,0.0965,-0.0243,0.0168,0.9949,0.792,,,,,,,
18,Left,10,-0.0003,0.0010,0.0224,0.0000,0.0000,0.0000,1.0000,0.792,,,,,,,
18,Left,11,0.0036,-0.0077,0.0343,0.0000,0.0000,0.0000,1.0000,0.792,,,,,,,
18,Left,12,-0.0019,0.0051,0.0613,0.1524,-0.0741,0.0163,0.9854,0.792,,,,,,,
18,Left,13,0.0000,0.0000,0.0429,0.2644,-0.0012,0.0125,0.9643,0.792,,,,,,,
18,Left,14,0.0000,0.0000,0.0275,0.0755,0.0027,0.0509,0.9958,0.792,,,,,,,
18,Left,15,-0.0003,0.0011,0.0250,0.0000,0.0000,0.0000,1.0000,0.792,,,,,,,
18,Left,16,-0.0150,-0.0060,0.0348,0.0000,0.0000,0.0000,1.0000,0.792,,,,,,,
18,Left,17,-0.0025,-0.0005,0.0539,0.1614,-0.1022,0.0643,0.9795,0.792,,,,,,,
18,Left,18,0.0000,0.0000,0.0390,0.2249,0.0046,0.0383,0.9736,0.792,,,,,,,
18,Left,19,0.0000,0.0000,0.0266,0.1002,0.0296,0.0093,0.9945,0.792,,,,,,,
18,Left,20,-0.0003,0.0016,0.0243,0.0000,0.0000,0.0000,1.0000,0.792,,,,,,,
18,Left,21,-0.0230,-0.0094,0.0341,0.0183,-0.1403,0.2070,0.9680,0.792,,,,,,,
18,Left,22,0.0000,0.0000,0.0457,0.1341,-0.0139,-0.0849,0.9872,0.792,,,,,,,
18,Left,23,0.0000,0.0000,0.0307,0.2020,-0.0337,0.0557,0.9772,0.792,,,,,,,
18,Left,24,0.0000,0.0000,0.0203,0.0525,0.0491,-0.0009,0.9974,0.792,,,,,,,
18,Left,25,0.0002,0.0012,0.0219,0.0000,0.0000,0.0000,1.0000,0.792,,,,,,,
18,Right,0,-0.0025,-0.0053,0.0651,0.0000,0.0000,0.0000,1.0000,0.792,,,,,,,
18,Right,1,0.0000,0.0000,0.0000,0.0000,0.0000,0.0000,1.0000,0.792,0.0536,0.1319,-0.0917,-0.0650,0.1264,-0.7411,0.6562
18,Right,2,-0.0294,-0.0173,0.0351,-0.0887,-0.3309,0.5855,0.7347,0.792,,,,,,,
18,Right,3,0.0000,0.0000,0.0325,0.1251,0.0592,-0.0828,0.9869,0.792,,,,,,,
18,Right,4,0.0000,0.0000,0.0338,0.0319,-0.0577,0.0815,0.9945,0.792,,,,,,,
18,Right,5,0.0007,0.0010,0.0246,0.0000,0.0000,0.0000,1.0000,0.792,,,,,,,
18,Right,6,-0.0194,-0.0101,0.0367,0.0000,0.0000,0.0000,1.0000,0.792,,,,,,,
18,Right,7,-0.0041,0.0028,0.0592,0.1097,0.0414,0.0303,0.9926,0.792,,,,,,,
18,Right,8,0.0000,0.0000,0.0379,0.2221,0.0013,-0.0263,0.9747,0.792,,,,,,,
18,Right,9,0.0000,0.0000,0.0243,0.0870,0.0245,-0.0168,0.9958,0.792,,,,,,,
18,Right,10,0.0003,0.0010,0.0224,0.0000,0.0000,0.0000,1.0000,0.792,,,,,,,
18,Right,11,-0.0032,-0.0080,0.0346,0.0000,0.0000,0.0000,1.0000,0.792,,,,,,,
18,Right,12,0.0015,0.0054,0.0611,0.1585,0.0891,-0.0185,0.9832,0.792,,,,,,,
18,Right,13,0.0000,0.0000,0.0429,0.2550,0.0013,-0.0125,0.9668,0.792,,,,,,,
18,Right,14,0.0000,0.0000,0.0275,0.0810,-0.0030,-0.0514,0.9954,0.792,,,,,,,
18,Right,15,0.0003,0.0011,0.0250,0.0000,0.0000,0.0000,1.0000,0.792,,,,,,,
18,Right,16,0.0150,-0.0060,0.0348,0.0000,0.0000,0.0000,1.0000,0.792,,,,,,,
18,Right,17,0.0025,-0.0005,0.0539,0.1641,0.1107,-0.0655,0.9780,0.792,,,,,,,
18,Right,18,0.0000,0.0000,0.0390,0.2146,-0.0043,-0.0381,0.9760,0.792,,,,,,,
18,Right,19,0.0000,0.0000,0.0266,0.1066,-0.0296,-0.0096,0.9938,0.792,,,,,,,
18,Right,20,0.0003,0.0016,0.0243,0.0000,0.0000,0.0000,1.0000,0.792,,,,,,,
18,Right,21,0.0230,-0.0094,0.0341,0.0183,0.1403,-0.2070,0.9680,0.792,,,,,,,
18,Right,22,0.0000,0.0000,0.0457,0.1039,0.0146,0.0864,0.9907,0.792,,,,,,,
18,Right,23,0.0000,0.0000,0.0307,0.1727,0.0351,-0.0534,0.9829,0.792,,,,,,,
18,Right,24,0.0000,0.0000,0.0203,0.0438,-0.0491,0.0009,0.9978,0.792,,,,,,,
18,Right,25,-0.0002,0.0012,0.0219,0.0000,0.0000,0.0000,1.0000,0.792,,,,,,,
19,Left,0,0.0026,-0.0051,0.0650,0.0000,0.0000,0.0000,1.0000,0.833,,,,,,,
19,Left,1,0.0000,0.0000,0.0000,0.0000,0.0000,0.0000,1.0000,0.833,-0.1110,0.1149,-0.0154,-0.1190,0.0240,-0.7294,-0.6732
19,Left,2,0.0301,-0.0162,0.0346,-0.1662,0.2545,-0.5428,0.7829,0.833,,,,,,,
19,Left,3,0.0000,0.0000,0.0325,0.0748,-0.0638,0.0831,0.9917,0.833,,,,,,,
19,Left,4,0.0000,0.0000,0.0338,-0.0499,0.0644,-0.0834,0.9932,0.833,,,,,,,
19,Left,5,-0.0007,0.0010,0.0246,0.0000,0.0000,0.0000,1.0000,0.833,,,,,,,
19,Left,6,0.0198,-0.0096,0.0365,0.0000,0.0000,0.0000,1.0000,0.833,,,,,,,
19,Left,7,0.0038,0.0023,0.0595,0.1290,-0.0222,-0.0316,0.9909,0.833,,,,,,,
19,Left,8,0.0000,0.0000,0.0379,0.2435,-0.0007,0.0263,0.9696,0.833,,,,,,,
19,Left,9,0.0000,0.0000,0.0243,0.0958,-0.0243,0.0168,0.9950,0.833,,,,,,,
19,Left,10,-0.0003,0.0010,0.0224,0.0000,0.0000,0.0000,1.0000,0.833,,,,,,,
19,Left,11,0.0036,-0.0077,0.0343,0.0000,0.0000,0.0000,1.0000,0.833,,,,,,,
19,Left,12,-0.0018,0.0051,0.0613,0.1536,-0.0751,0.0165,0.9851,0.833,,,,,,,
19,Left,13,0.0000,0.0000,0.0429,0.2638,-0.0012,0.0125,0.9645,0.833,,,,,,,
19,Left,14,0.0000,0.0000,0.0275,0.0753,0.0027,0.0509,0.9959,0.833,,,,,,,
19,Left,15,-0.0003,0.0011,0.0250,0.0000,0.0000,0.0000,1.0000,0.833,,,,,,,
19,Left,16,-0.0150,-0.0060,0.0348,0.0000,0.0000,0.0000,1.0000,0.833,,,,,,,
19,Left,17,-0.0025,-0.0005,0.0539,0.1625,-0.1029,0.0645,0.9792,0.833,,,,,,,
19,Left,18,0.0000,0.0000,0.0390,0.2250,0.0046,0.0383,0.9736,0.833,,,,,,,
19,Left,19,0.0000,0.0000,0.0266,0.1006,0.0296,0.0093,0.9944,0.833,,,,,,,
19,Left,20,-0.0003,0.0016,0.0243,0.0000,0.0000,0.0000,1.0000,0.833,,,,,,,
19,Left,21,-0.0230,-0.0094,0.0341,0.0183,-0.1403,0.2070,0.9680,0.833,,,,,,,
19,Left,22,0.0000,0.0000,0.0457,0.1358,-0.0134,-0.0849,0.9870,0.833,,,,,,,
19,Left,23,0.0000,0.0000,0.0307,0.2025,-0.0337,0.0557,0.9771,0.833,,,,,,,
19,Left,24,0.0000,0.0000,0.0203,0.0535,0.0491,-0.0009,0.9974,0.833,,,,,,,
19,Left,25,0.0002,0.0012,0.0219,0.0000,0.0000,0.0000,1.0000,0.833,,,,,,,
19,Right,0,-0.0025,-0.0053,0.0651,0.0000,0.0000,0.0000,1.0000,0.833,,,,,,,
19,Right,1,0.0000,0.0000,0.0000,0.0000,0.0000,0.0000,1.0000,0.833,0.0497,0.1313,-0.0952,-0.0748,0.1291,-0.7398,0.6560
19,Right,2,-0.0294,-0.0173,0.0351,-0.0886,-0.3304,0.5859,0.7347,0.833,,,,,,,
19,Right,3,0.0000,0.0000,0.0325,0.1256,0.0592,-0.0828,0.9868,0.833,,,,,,,
19,Right,4,0.0000,0.0000,0.0338,0.0312,-0.0577,0.0815,0.9945,0.833,,,,,,,
19,Right,5,0.0007,0.0010,0.0246,0.0000,0.0000,0.0000,1.0000,0.833,,,,,,,
19,Right,6,-0.0194,-0.0101,0.0368,0.0000,0.0000,0.0000,1.0000,0.833,,,,,,,
19,Right,7,-0.0041,0.0028,0.0592,0.1092,0.0408,0.0303,0.9927,0.833,,,,,,,
19,Right,8,0.0000,0.0000,0.0379,0.2338,0.0010,-0.0263,0.9719,0.833,,,,,,,
19,Right,9,0.0000,0.0000,0.0243,0.0884,0.0245,-0.0168,0.9956,0.833,,,,,,,
19,Right,10,0.0003,0.0010,0.0224,0.0000,0.0000,0.0000,1.0000,0.833,,,,,,,
19,Right,11,-0.0032,-0.0080,0.0346,0.0000,0.0000,0.0000,1.0000,0.833,,,,,,,
19,Right,12,0.0015,0.0054,0.0611,0.1579,0.0882,-0.0183,0.9833,0.833,,,,,,,
19,Right,13,0.0000,0.0000,0.0429,0.2565,0.0013,-0.0125,0.9665,0.833,,,,,,,
19,Right,14,0.0000,0.0000,0.0275,0.0816,-0.0030,-0.0515,0.9953,0.833,,,,,,,
19,Right,15,0.0003,0.0011,0.0250,0.0000,0.0000,0.0000,1.0000,0.833,,,,,,,
19,Right,16,0.0150,-0.0060,0.0348,0.0000,0.0000,0.0000,1.0000,0.833,,,,,,,
19,Right,17,0.0025,-0.0005,0.0539,0.1595,0.1106,-0.0649,0.9788,0.833,,,,,,,
19,Right,18,0.0000,0.0000,0.0390,0.2156,-0.0043,-0.0381,0.9757,0.833,,,,,,,
19,Right,19,0.0000,0.0000,0.0266,0.1067,-0.0296,-0.0096,0.9938,0.833,,,,,,,
19,Right,20,0.0003,0.0016,0.0243,0.0000,0.0000,0.0000,1.0000,0.833,,,,,,,
19,Right,21,0.0230,-0.0094,0.0341,0.0183,0.1403,-0.2070,0.9680,0.833,,,,,,,
19,Right,22,0.0000,0.0000,0.0457,0.1021,0.0156,0.0864,0.9909,0.833,,,,,,,
19,Right,23,0.0000,0.0000,0.0307,0.1735,0.0350,-0.0534,0.9828,0.833,,,,,,,
19,Right,24,0.0000,0.0000,0.0203,0.0437,-0.0491,0.0009,0.9978,0.833,,,,,,,
19,Right,25,-0.0002,0.0012,0.0219,0.0000,0.0000,0.0000,1.0000,0.833,,,,,,,
20,Left,0,0.0026,-0.0051,0.0650,0.0000,0.0000,0.0000,1.0000,0.875,,,,,,,
20,Left,1,0.0000,0.0000,0.0000,0.0000,0.0000,0.0000,1.0000,0.875,-0.1109,0.1158,-0.0136,-0.1232,0.0175,-0.7283,-0.6739
20,Left,2,0.0301,-0.0163,0.0346,-0.1672,0.2510,-0.5434,0.7834,0.875,,,,,,,
20,Left,3,0.0000,0.0000,0.0325,0.0741,-0.0638,0.0831,0.9917,0.875,,,,,,,
20,Left,4,0.0000,0.0000,0.0338,-0.0506,0.0644,-0.0834,0.9931,0.875,,,,,,,
20,Left,5,-0.0007,0.0010,0.0246,0.0000,0.0000,0.0000,1.0000,0.875,,,,,,,
20,Left,6,0.0198,-0.0096,0.0365,0.0000,0.0000,0.0000,1.0000,0.875,,,,,,,
20,Left,7,0.0038,0.0023,0.0595,0.1298,-0.0282,-0.0311,0.9906,0.875,,,,,,,
20,Left,8,0.0000,0.0000,0.0379,0.2426,-0.0007,0.0263,0.9698,0.875,,,,,,,
20,Left,9,0.0000,0.0000,0.0243,0.0957,-0.0243,0.0168,0.9950,0.875,,,,,,,
20,Left,10,-0.0003,0.0010,0.0224,0.0000,0.0000,0.0000,1.0000,0.875,,,,,,,
20,Left,11,0.0035,-0.0077,0.0343,0.0000,0.0000,0.0000,1.0000,0.875,,,,,,,
20,Left,12,-0.0018,0.0052,0.0613,0.1545,-0.0766,0.0167,0.9849,0.875,,,,,,,
20,Left,13,0.0000,0.0000,0.0429,0.2632,-0.0012,0.0125,0.9647,0.875,,,,,,,
20,Left,14,0.0000,0.0000,0.0275,0.0752,0.0027,0.0509,0.9959,0.875,,,,,,,
20,Left,15,-0.0003,0.0011,0.0250,0.0000,0.0000,0.0000,1.0000,0.875,,,,,,,
20,Left,16,-0.0150,-0.0060,0.0348,0.0000,0.0000,0.0000,1.0000,0.875,,,,,,,
20,Left,17,-0.0025,-0.0005,0.0539,0.1633,-0.1038,0.0646,0.9790,0.875,,,,,,,
20,Left,18,0.0000,0.0000,0.0390,0.2252,0.0046,0.0383,0.9736,0.875,,,,,,,
20,Left,19,0.0000,0.0000,0.0266,0.1008,0.0296,0.0094,0.9944,0.875,,,,,,,
20,Left,20,-0.0003,0.0016,0.0243,0.0000,0.0000,0.0000,1.0000,0.875,,,,,,,
20,Left,21,-0.0230,-0.0094,0.0341,0.0183,-0.1403,0.2070,0.9680,0.875,,,,,,,
20,Left,22,0.0000,0.0000,0.0457,0.1374,-0.0127,-0.0849,0.9868,0.875,,,,,,,
20,Left,23,0.0000,0.0000,0.0307,0.2030,-0.0336,0.0558,0.9770,0.875,,,,,,,
20,Left,24,0.0000,0.0000,0.0203,0.0544,0.0491,-0.0009,0.9973,0.875,,,,,,,
20,Left,25,0.0002,0.0012,0.0219,0.0000,0.0000,0.0000,1.0000,0.875,,,,,,,
20,Right,0,-0.0025,-0.0053,0.0651,0.0000,0.0000,0.0000,1.0000,0.875,,,,,,,
20,Right,1,0.0000,0.0000,0.0000,0.0000,0.0000,0.0000,1.0000,0.875,0.0460,0.1309,-0.0982,-0.0833,0.1332,-0.7386,0.6556
20,Right,2,-0.0294,-0.0174,0.0351,-0.0890,-0.3296,0.5859,0.7350,0.875,,,,,,,
20,Right,3,0.0000,0.0000,0.0325,0.1266,0.0591,-0.0828,0.9867,0.875,,,,,,,
20,Right,4,0.0000,0.0000,0.0338,0.0313,-0.0577,0.0815,0.9945,0.875,,,,,,,
20,Right,5,0.0007,0.0010,0.0246,0.0000,0.0000,0.0000,1.0000,0.875,,,,,,,
20,Right,6,-0.0194,-0.0101,0.0368,0.0000,0.0000,0.0000,1.0000,0.875,,,,,,,
20,Right,7,-0.0041,0.0028,0.0592,0.1077,0.0403,0.0304,0.9929,0.875,,,,,,,
20,Right,8,0.0000,0.0000,0.0379,0.2427,0.0007,-0.0263,0.9697,0.875,,,,,,,
20,Right,9,0.0000,0.0000,0.0243,0.0904,0.0244,-0.0168,0.9955,0.875,,,,,,,
20,Right,10,0.0003,0.0010,0.0224,0.0000,0.0000,0.0000,1.0000,0.875,,,,,,,
20,Right,11,-0.0032,-0.0080,0.0346,0.0000,0.0000,0.0000,1.0000,0.875,,,,,,,
20,Right,12,0.0015,0.0054,0.0611,0.1566,0.0875,-0.0181,0.9836,0.875,,,,,,,
20,Right,13,0.0000,0.0000,0.0429,0.2620,0.0013,-0.0125,0.9650,0.875,,,,,,,
20,Right,14,0.0000,0.0000,0.0275,0.0827,-0.0031,-0.0516,0.9952,0.875,,,,,,,
20,Right,15,0.0003,0.0011,0.0250,0.0000,0.0000,0.0000,1.0000,0.875,,,,,,,
20,Right,16,0.0150,-0.0060,0.0348,0.0000,0.0000,0.0000,1.0000,0.875,,,,,,,
20,Right,17,0.0025,-0.0005,0.0539,0.1533,0.1106,-0.0643,0.9799,0.875,,,,,,,
20,Right,18,0.0000,0.0000,0.0390,0.2178,-0.0044,-0.0382,0.9752,0.875,,,,,,,
20,Right,19,0.0000,0.0000,0.0266,0.1070,-0.0296,-0.0096,0.9938,0.875,,,,,,,
20,Right,20,0.0003,0.0016,0.0243,0.0000,0.0000,0.0000,1.0000,0.875,,,,,,,
20,Right,21,0.0230,-0.0094,0.0341,0.0183,0.1403,-0.2070,0.9680,0.875,,,,,,,
20,Right,22,0.0000,0.0000,0.0457,0.1006,0.0167,0.0864,0.9910,0.875,,,,,,,
20,Right,23,0.0000,0.0000,0.0307,0.1743,0.0350,-0.0535,0.9826,0.875,,,,,,,
20,Right,24,0.0000,0.0000,0.0203,0.0436,-0.0491,0.0009,0.9978,0.875,,,,,,,
20,Right,25,-0.0002,0.0012,0.0219,0.0000,0.0000,0.0000,1.0000,0.875,,,,,,,
21,Left,0,0.0026,-0.0051,0.0650,0.0000,0.0000,0.0000,1.0000,0.917,,,,,,,
21,Left,1,0.0000,0.0000,0.0000,0.0000,0.0000,0.0000,1.0000,0.917,-0.1117,0.1167,-0.0109,-0.1369,0.0058,-0.7264,-0.6735
21,Left,2,0.0301,-0.0163,0.0346,-0.1701,0.2453,-0.5428,0.7850,0.917,,,,,,,
21,Left,3,0.0000,0.0000,0.0325,0.0734,-0.0639,0.0831,0.9918,0.917,,,,,,,
21,Left,4,0.0000,0.0000,0.0338,-0.0500,0.0644,-0.0834,0.9932,0.917,,,,,,,
21,Left,5,-0.0007,0.0010,0.0246,0.0000,0.0000,0.0000,1.0000,0.917,,,,,,,
21,Left,6,0.0197,-0.0096,0.0365,0.0000,0.0000,0.0000,1.0000,0.917,,,,,,,
21,Left,7,0.0038,0.0023,0.0595,0.1296,-0.0363,-0.0305,0.9904,0.917,,,,,,,
21,Left,8,0.0000,0.0000,0.0379,0.2421,-0.0007,0.0263,0.9699,0.917,,,,,,,
21,Left,9,0.0000,0.0000,0.0243,0.0964,-0.0243,0.0168,0.9949,0.917,,,,,,,
21,Left,10,-0.0003,0.0010,0.0224,0.0000,0.0000,0.0000,1.0000,0.917,,,,,,,
21,Left,11,0.0035,-0.0077,0.0344,0.0000,0.0000,0.0000,1.0000,0.917,,,,,,,
21,Left,12,-0.0018,0.0052,0.0613,0.1547,-0.0786,0.0169,0.9847,0.917,,,,,,,
21,Left,13,0.0000,0.0000,0.0429,0.2622,-0.0013,0.0125,0.9649,0.917,,,,,,,
21,Left,14,0.0000,0.0000,0.0275,0.0749,0.0027,0.0508,0.9959,0.917,,,,,,,
21,Left,15,-0.0003,0.0011,0.0250,0.0000,0.0000,0.0000,1.0000,0.917,,,,,,,
21,Left,16,-0.0150,-0.0060,0.0348,0.0000,0.0000,0.0000,1.0000,0.917,,,,,,,
21,Left,17,-0.0025,-0.0005,0.0539,0.1631,-0.1049,0.0647,0.9789,0.917,,,,,,,
21,Left,18,0.0000,0.0000,0.0390,0.2247,0.0046,0.0383,0.9737,0.917,,,,,,,
21,Left,19,0.0000,0.0000,0.0266,0.1006,0.0296,0.0094,0.9944,0.917,,,,,,,
21,Left,20,-0.0003,0.0016,0.0243,0.0000,0.0000,0.0000,1.0000,0.917,,,,,,,
21,Left,21,-0.0230,-0.0094,0.0341,0.0183,-0.1403,0.2070,0.9680,0.917,,,,,,,
21,Left,22,0.0000,0.0000,0.0457,0.1376,-0.0121,-0.0850,0.9868,0.917,,,,,,,
21,Left,23,0.0000,0.0000,0.0307,0.2031,-0.0336,0.0558,0.9770,0.917,,,,,,,
21,Left,24,0.0000,0.0000,0.0203,0.0547,0.0491,-0.0009,0.9973,0.917,,,,,,,
21,Left,25,0.0002,0.0012,0.0219,0.0000,0.0000,0.0000,1.0000,0.917,,,,,,,
21,Right,0,-0.0025,-0.0053,0.0651,0.0000,0.0000,0.0000,1.0000,0.917,,,,,,,
21,Right,1,0.0000,0.0000,0.0000,0.0000,0.0000,0.0000,1.0000,0.917,0.0432,0.1316,-0.1005,-0.0915,0.1376,-0.7367,0.6557
21,Right,2,-0.0294,-0.0174,0.0351,-0.0892,-0.3285,0.5862,0.7352,0.917,,,,,,,
21,Right,3,0.0000,0.0000,0.0325,0.1283,0.0589,-0.0828,0.9865,0.917,,,,,,,
21,Right,4,0.0000,0.0000,0.0338,0.0318,-0.0577,0.0815,0.9945,0.917,,,,,,,
21,Right,5,0.0007,0.0010,0.0246,0.0000,0.0000,0.0000,1.0000,0.917,,,,,,,
21,Right,6,-0.0194,-0.0102,0.0368,0.0000,0.0000,0.0000,1.0000,0.917,,,,,,,
21,Right,7,-0.0041,0.0028,0.0592,0.1019,0.0400,0.0304,0.9935,0.917,,,,,,,
21,Right,8,0.0000,0.0000,0.0379,0.2508,0.0005,-0.0263,0.9677,0.917,,,,,,,
21,Right,9,0.0000,0.0000,0.0243,0.0938,0.0244,-0.0168,0.9952,0.917,,,,,,,
21,Right,10,0.0003,0.0010,0.0224,0.0000,0.0000,0.0000,1.0000,0.917,,,,,,,
21,Right,11,-0.0032,-0.0080,0.0346,0.0000,0.0000,0.0000,1.0000,0.917,,,,,,,
21,Right,12,0.0015,0.0054,0.0610,0.1553,0.0868,-0.0179,0.9839,0.917,,,,,,,
21,Right,13,0.0000,0.0000,0.0429,0.2762,0.0011,-0.0126,0.9610,0.917,,,,,,,
21,Right,14,0.0000,0.0000,0.0275,0.0881,-0.0033,-0.0521,0.9947,0.917,,,,,,,
21,Right,15,0.0003,0.0011,0.0250,0.0000,0.0000,0.0000,1.0000,0.917,,,,,,,
21,Right,16,0.0150,-0.0060,0.0348,0.0000,0.0000,0.0000,1.0000,0.917,,,,,,,
21,Right,17,0.0025,-0.0005,0.0539,0.1505,0.1105,-0.0639,0.9803,0.917,,,,,,,
21,Right,18,0.0000,0.0000,0.0390,0.2288,-0.0048,-0.0384,0.9727,0.917,,,,,,,
21,Right,19,0.0000,0.0000,0.0266,0.1082,-0.0296,-0.0097,0.9936,0.917,,,,,,,
21,Right,20,0.0003,0.0016,0.0243,0.0000,0.0000,0.0000,1.0000,0.917,,,,,,,
21,Right,21,0.0230,-0.0094,0.0341,0.0183,0.1403,-0.2070,0.9680,0.917,,,,,,,
21,Right,22,0.0000,0.0000,0.0457,0.0992,0.0178,0.0864,0.9911,0.917,,,,,,,
21,Right,23,0.0000,0.0000,0.0307,0.1754,0.0349,-0.0536,0.9824,0.917,,,,,,,
21,Right,24,0.0000,0.0000,0.0203,0.0441,-0.0491,0.0009,0.9978,0.917,,,,,,,
21,Right,25,-0.0002,0.0012,0.0219,0.0000,0.0000,0.0000,1.0000,0.917,,,,,,,
22,Left,0,0.0026,-0.0051,0.0650,0.0000,0.0000,0.0000,1.0000,0.958,,,,,,,
22,Left,1,0.0000,0.0000,0.0000,0.0000,0.0000,0.0000,1.0000,0.958,-0.1138,0.1176,-0.0066,-0.1611,-0.0157,-0.7224,-0.6723
22,Left,2,0.0300,-0.0164,0.0346,-0.1715,0.2424,-0.5427,0.7857,0.958,,,,,,,
22,Left,3,0.0000,0.0000,0.0325,0.0729,-0.0640,0.0831,0.9918,0.958,,,,,,,
22,Left,4,0.0000,0.0000,0.0338,-0.0468,0.0641,-0.0833,0.9934,0.958,,,,,,,
22,Left,5,-0.0007,0.0010,0.0246,0.0000,0.0000,0.0000,1.0000,0.958,,,,,,,
22,Left,6,0.0197,-0.0097,0.0365,0.0000,0.0000,0.0000,1.0000,0.958,,,,,,,
22,Left,7,0.0038,0.0023,0.0595,0.1288,-0.0412,-0.0301,0.9904,0.958,,,,,,,
22,Left,8,0.0000,0.0000,0.0379,0.2412,-0.0008,0.0263,0.9701,0.958,,,,,,,
22,Left,9,0.0000,0.0000,0.0243,0.0975,-0.0243,0.0169,0.9948,0.958,,,,,,,
22,Left,10,-0.0003,0.0010,0.0224,0.0000,0.0000,0.0000,1.0000,0.958,,,,,,,
22,Left,11,0.0035,-0.0077,0.0344,0.0000,0.0000,0.0000,1.0000,0.958,,,,,,,
22,Left,12,-0.0018,0.0052,0.0613,0.1541,-0.0818,0.0173,0.9845,0.958,,,,,,,
22,Left,13,0.0000,0.0000,0.0429,0.2572,-0.0013,0.0125,0.9663,0.958,,,,,,,
22,Left,14,0.0000,0.0000,0.0275,0.0742,0.0027,0.0508,0.9959,0.958,,,,,,,
22,Left,15,-0.0003,0.0011,0.0250,0.0000,0.0000,0.0000,1.0000,0.958,,,,,,,
22,Left,16,-0.0150,-0.0060,0.0348,0.0000,0.0000,0.0000,1.0000,0.958,,,,,,,
22,Left,17,-0.0025,-0.0005,0.0539,0.1626,-0.1062,0.0648,0.9788,0.958,,,,,,,
22,Left,18,0.0000,0.0000,0.0390,0.2232,0.0046,0.0383,0.9740,0.958,,,,,,,
22,Left,19,0.0000,0.0000,0.0266,0.0998,0.0296,0.0093,0.9945,0.958,,,,,,,
22,Left,20,-0.0003,0.0016,0.0243,0.0000,0.0000,0.0000,1.0000,0.958,,,,,,,
22,Left,21,-0.0230,-0.0094,0.0341,0.0183,-0.1403,0.2070,0.9680,0.958,,,,,,,
22,Left,22,0.0000,0.0000,0.0457,0.1369,-0.0115,-0.0851,0.9869,0.958,,,,,,,
22,Left,23,0.0000,0.0000,0.0307,0.2027,-0.0336,0.0558,0.9771,0.958,,,,,,,
22,Left,24,0.0000,0.0000,0.0203,0.0545,0.0491,-0.0009,0.9973,0.958,,,,,,,
22,Left,25,0.0002,0.0012,0.0219,0.0000,0.0000,0.0000,1.0000,0.958,,,,,,,
22,Right,0,-0.0025,-0.0053,0.0651,0.0000,0.0000,0.0000,1.0000,0.958,,,,,,,
22,Right,1,0.0000,0.0000,0.0000,0.0000,0.0000,0.0000,1.0000,0.958,0.0410,0.1323,-0.1032,-0.0997,0.1416,-0.7351,0.6555
22,Right,2,-0.0294,-0.0174,0.0352,-0.0891,-0.3271,0.5870,0.7352,0.958,,,,,,,
22,Right,3,0.0000,0.0000,0.0325,0.1366,0.0582,-0.0827,0.9855,0.958,,,,,,,
22,Right,4,0.0000,0.0000,0.0338,0.0326,-0.0576,0.0815,0.9945,0.958,,,,,,,
22,Right,5,0.0007,0.0010,0.0246,0.0000,0.0000,0.0000,1.0000,0.958,,,,,,,
22,Right,6,-0.0194,-0.0102,0.0368,0.0000,0.0000,0.0000,1.0000,0.958,,,,,,,
22,Right,7,-0.0042,0.0029,0.0592,0.0930,0.0395,0.0305,0.9944,0.958,,,,,,,
22,Right,8,0.0000,0.0000,0.0379,0.2555,0.0004,-0.0263,0.9665,0.958,,,,,,,
22,Right,9,0.0000,0.0000,0.0243,0.0954,0.0243,-0.0168,0.9950,0.958,,,,,,,
22,Right,10,0.0003,0.0010,0.0224,0.0000,0.0000,0.0000,1.0000,0.958,,,,,,,
22,Right,11,-0.0032,-0.0080,0.0346,0.0000,0.0000,0.0000,1.0000,0.958,,,,,,,
22,Right,12,0.0015,0.0054,0.0610,0.1538,0.0860,-0.0177,0.9842,0.958,,,,,,,
22,Right,13,0.0000,0.0000,0.0429,0.2895,0.0009,-0.0126,0.9571,0.958,,,,,,,
22,Right,14,0.0000,0.0000,0.0275,0.0984,-0.0037,-0.0531,0.9937,0.958,,,,,,,
22,Right,15,0.0003,0.0011,0.0250,0.0000,0.0000,0.0000,1.0000,0.958,,,,,,,
22,Right,16,0.0150,-0.0060,0.0348,0.0000,0.0000,0.0000,1.0000,0.958,,,,,,,
22,Right,17,0.0025,-0.0005,0.0539,0.1443,0.1105,-0.0633,0.9813,0.958,,,,,,,
22,Right,18,0.0000,0.0000,0.0390,0.2420,-0.0052,-0.0386,0.9695,0.958,,,,,,,
22,Right,19,0.0000,0.0000,0.0266,0.1114,-0.0296,-0.0099,0.9933,0.958,,,,,,,
22,Right,20,0.0003,0.0016,0.0243,0.0000,0.0000,0.0000,1.0000,0.958,,,,,,,
22,Right,21,0.0230,-0.0094,0.0341,0.0183,0.1403,-0.2070,0.9680,0.958,,,,,,,
22,Right,22,0.0000,0.0000,0.0457,0.0957,0.0184,0.0866,0.9915,0.958,,,,,,,
22,Right,23,0.0000,0.0000,0.0307,0.1765,0.0349,-0.0537,0.9822,0.958,,,,,,,
22,Right,24,0.0000,0.0000,0.0203,0.0449,-0.0491,0.0009,0.9978,0.958,,,,,,,
22,Right,25,-0.0002,0.0012,0.0219,0.0000,0.0000,0.0000,1.0000,0.958,,,,,,,
23,Left,0,0.0026,-0.0051,0.0650,0.0000,0.0000,0.0000,1.0000,1.000,,,,,,,
23,Left,1,0.0000,0.0000,0.0000,0.0000,0.0000,0.0000,1.0000,1.000,-0.1161,0.1161,0.0005,-0.1819,-0.0432,-0.7265,-0.6613
23,Left,2,0.0300,-0.0164,0.0346,-0.1753,0.2366,-0.5410,0.7878,1.000,,,,,,,
23,Left,3,0.0000,0.0000,0.0325,0.0713,-0.0641,0.0831,0.9919,1.000,,,,,,,
23,Left,4,0.0000,0.0000,0.0338,-0.0440,0.0639,-0.0832,0.9935,1.000,,,,,,,
23,Left,5,-0.0007,0.0010,0.0246,0.0000,0.0000,0.0000,1.0000,1.000,,,,,,,
23,Left,6,0.0197,-0.0097,0.0365,0.0000,0.0000,0.0000,1.0000,1.000,,,,,,,
23,Left,7,0.0038,0.0023,0.0595,0.1280,-0.0428,-0.0300,0.9904,1.000,,,,,,,
23,Left,8,0.0000,0.0000,0.0379,0.2376,-0.0009,0.0263,0.9710,1.000,,,,,,,
23,Left,9,0.0000,0.0000,0.0243,0.0984,-0.0243,0.0169,0.9947,1.000,,,,,,,
23,Left,10,-0.0003,0.0010,0.0224,0.0000,0.0000,0.0000,1.0000,1.000,,,,,,,
23,Left,11,0.0035,-0.0077,0.0344,0.0000,0.0000,0.0000,1.0000,1.000,,,,,,,
23,Left,12,-0.0018,0.0052,0.0613,0.1538,-0.0841,0.0175,0.9844,1.000,,,,,,,
23,Left,13,0.0000,0.0000,0.0429,0.2451,-0.0015,0.0125,0.9694,1.000,,,,,,,
23,Left,14,0.0000,0.0000,0.0275,0.0730,0.0026,0.0507,0.9960,1.000,,,,,,,
23,Left,15,-0.0003,0.0011,0.0250,0.0000,0.0000,0.0000,1.0000,1.000,,,,,,,
23,Left,16,-0.0150,-0.0060,0.0348,0.0000,0.0000,0.0000,1.0000,1.000,,,,,,,
23,Left,17,-0.0025,-0.0005,0.0539,0.1624,-0.1073,0.0649,0.9787,1.000,,,,,,,
23,Left,18,0.0000,0.0000,0.0390,0.2172,0.0044,0.0382,0.9754,1.000,,,,,,,
23,Left,19,0.0000,0.0000,0.0266,0.0988,0.0296,0.0093,0.9946,1.000,,,,,,,
23,Left,20,-0.0003,0.0016,0.0243,0.0000,0.0000,0.0000,1.0000,1.000,,,,,,,
23,Left,21,-0.0230,-0.0094,0.0341,0.0183,-0.1403,0.2070,0.9680,1.000,,,,,,,
23,Left,22,0.0000,0.0000,0.0457,0.1367,-0.0106,-0.0852,0.9869,1.000,,,,,,,
23,Left,23,0.0000,0.0000,0.0307,0.2017,-0.0337,0.0557,0.9773,1.000,,,,,,,
23,Left,24,0.0000,0.0000,0.0203,0.0541,0.0491,-0.0009,0.9973,1.000,,,,,,,
23,Left,25,0.0002,0.0012,0.0219,0.0000,0.0000,0.0000,1.0000,1.000,,,,,,,
23,Right,0,-0.0024,-0.0053,0.0651,0.0000,0.0000,0.0000,1.0000,1.000,,,,,,,
23,Right,1,0.0000,0.0000,0.0000,0.0000,0.0000,0.0000,1.0000,1.000,0.0396,0.1316,-0.1053,-0.1040,0.1448,-0.7344,0.6550
23,Right,2,-0.0293,-0.0176,0.0352,-0.0877,-0.3250,0.5892,0.7345,1.000,,,,,,,
23,Right,3,0.0000,0.0000,0.0325,0.1449,0.0574,-0.0826,0.9843,1.000,,,,,,,
23,Right,4,0.0000,0.0000,0.0338,0.0332,-0.0576,0.0815,0.9945,1.000,,,,,,,
23,Right,5,0.0007,0.0010,0.0246,0.0000,0.0000,0.0000,1.0000,1.000,,,,,,,
23,Right,6,-0.0193,-0.0102,0.0368,0.0000,0.0000,0.0000,1.0000,1.000,,,,,,,
23,Right,7,-0.0042,0.0029,0.0592,0.0862,0.0388,0.0306,0.9951,1.000,,,,,,,
23,Right,8,0.0000,0.0000,0.0379,0.2572,0.0003,-0.0263,0.9660,1.000,,,,,,,
23,Right,9,0.0000,0.0000,0.0243,0.0970,0.0243,-0.0168,0.9948,1.000,,,,,,,
23,Right,10,0.0003,0.0010,0.0224,0.0000,0.0000,0.0000,1.0000,1.000,,,,,,,
23,Right,11,-0.0031,-0.0080,0.0346,0.0000,0.0000,0.0000,1.0000,1.000,,,,,,,
23,Right,12,0.0014,0.0055,0.0610,0.1522,0.0854,-0.0175,0.9845,1.000,,,,,,,
23,Right,13,0.0000,0.0000,0.0429,0.2955,0.0008,-0.0126,0.9553,1.000,,,,,,,
23,Right,14,0.0000,0.0000,0.0275,0.1038,-0.0040,-0.0536,0.9931,1.000,,,,,,,
23,Right,15,0.0003,0.0011,0.0250,0.0000,0.0000,0.0000,1.0000,1.000,,,,,,,
23,Right,16,0.0150,-0.0060,0.0348,0.0000,0.0000,0.0000,1.0000,1.000,,,,,,,
23,Right,17,0.0025,-0.0005,0.0539,0.1365,0.1108,-0.0624,0.9824,1.000,,,,,,,
23,Right,18,0.0000,0.0000,0.0390,0.2482,-0.0054,-0.0387,0.9679,1.000,,,,,,,
23,Right,19,0.0000,0.0000,0.0266,0.1141,-0.0296,-0.0100,0.9930,1.000,,,,,,,
23,Right,20,0.0003,0.0016,0.0243,0.0000,0.0000,0.0000,1.0000,1.000,,,,,,,
23,Right,21,0.0230,-0.0094,0.0341,0.0183,0.1403,-0.2070,0.9680,1.000,,,,,,,
23,Right,22,0.0000,0.0000,0.0457,0.0830,0.0183,0.0873,0.9925,1.000,,,,,,,
23,Right,23,0.0000,0.0000,0.0307,0.1775,0.0348,-0.0537,0.9820,1.000,,,,,,,
23,Right,24,0.0000,0.0000,0.0203,0.0459,-0.0491,0.0009,0.9977,1.000,,,,,,,
23,Right,25,-0.0002,0.0012,0.0219,0.0000,0.0000,0.0000,1.0000,1.000,,,,,,,
24,Left,0,0.0026,-0.0051,0.0650,0.0000,0.0000,0.0000,1.0000,1.042,,,,,,,
24,Left,1,0.0000,0.0000,0.0000,0.0000,0.0000,0.0000,1.0000,1.042,-0.1164,0.1147,0.0075,-0.1974,-0.0617,-0.7300,-0.6514
24,Left,2,0.0300,-0.0164,0.0346,-0.1780,0.2324,-0.5397,0.7893,1.042,,,,,,,
24,Left,3,0.0000,0.0000,0.0325,0.0660,-0.0646,0.0832,0.9922,1.042,,,,,,,
24,Left,4,0.0000,0.0000,0.0338,-0.0399,0.0636,-0.0832,0.9937,1.042,,,,,,,
24,Left,5,-0.0007,0.0010,0.0246,0.0000,0.0000,0.0000,1.0000,1.042,,,,,,,
24,Left,6,0.0197,-0.0097,0.0365,0.0000,0.0000,0.0000,1.0000,1.042,,,,,,,
24,Left,7,0.0038,0.0023,0.0595,0.1271,-0.0444,-0.0299,0.9904,1.042,,,,,,,
24,Left,8,0.0000,0.0000,0.0379,0.2303,-0.0011,0.0263,0.9728,1.042,,,,,,,
24,Left,9,0.0000,0.0000,0.0243,0.0988,-0.0243,0.0169,0.9947,1.042,,,,,,,
24,Left,10,-0.0003,0.0010,0.0224,0.0000,0.0000,0.0000,1.0000,1.042,,,,,,,
24,Left,11,0.0035,-0.0077,0.0344,0.0000,0.0000,0.0000,1.0000,1.042,,,,,,,
24,Left,12,-0.0018,0.0052,0.0613,0.1534,-0.0868,0.0178,0.9842,1.042,,,,,,,
24,Left,13,0.0000,0.0000,0.0429,0.2367,-0.0016,0.0124,0.9715,1.042,,,,,,,
24,Left,14,0.0000,0.0000,0.0275,0.0715,0.0026,0.0505,0.9962,1.042,,,,,,,
24,Left,15,-0.0003,0.0011,0.0250,0.0000,0.0000,0.0000,1.0000,1.042,,,,,,,
24,Left,16,-0.0150,-0.0060,0.0348,0.0000,0.0000,0.0000,1.0000,1.042,,,,,,,
24,Left,17,-0.0025,-0.0005,0.0539,0.1626,-0.1085,0.0651,0.9785,1.042,,,,,,,
24,Left,18,0.0000,0.0000,0.0390,0.2118,0.0042,0.0381,0.9766,1.042,,,,,,,
24,Left,19,0.0000,0.0000,0.0266,0.0975,0.0296,0.0092,0.9947,1.042,,,,,,,
24,Left,20,-0.0003,0.0016,0.0243,0.0000,0.0000,0.0000,1.0000,1.042,,,,,,,
24,Left,21,-0.0230,-0.0094,0.0341,0.0183,-0.1403,0.2070,0.9680,1.042,,,,,,,
24,Left,22,0.0000,0.0000,0.0457,0.1369,-0.0097,-0.0853,0.9868,1.042,,,,,,,
24,Left,23,0.0000,0.0000,0.0307,0.2006,-0.0337,0.0556,0.9775,1.042,,,,,,,
24,Left,24,0.0000,0.0000,0.0203,0.0537,0.0491,-0.0009,0.9973,1.042,,,,,,,
24,Left,25,0.0002,0.0012,0.0219,0.0000,0.0000,0.0000,1.0000,1.042,,,,,,,
24,Right,0,-0.0024,-0.0053,0.0652,0.0000,0.0000,0.0000,1.0000,1.042,,,,,,,
24,Right,1,0.0000,0.0000,0.0000,0.0000,0.0000,0.0000,1.0000,1.042,0.0372,0.1313,-0.1077,-0.1091,0.1482,-0.7339,0.6539
24,Right,2,-0.0292,-0.0176,0.0352,-0.0886,-0.3222,0.5897,0.7352,1.042,,,,,,,
24,Right,3,0.0000,0.0000,0.0325,0.1481,0.0571,-0.0826,0.9839,1.042,,,,,,,
24,Right,4,0.0000,0.0000,0.0338,0.0330,-0.0576,0.0815,0.9945,1.042,,,,,,,
24,Right,5,0.0007,0.0010,0.0246,0.0000,0.0000,0.0000,1.0000,1.042,,,,,,,
24,Right,6,-0.0193,-0.0103,0.0368,0.0000,0.0000,0.0000,1.0000,1.042,,,,,,,
24,Right,7,-0.0042,0.0030,0.0592,0.0826,0.0378,0.0306,0.9954,1.042,,,,,,,
24,Right,8,0.0000,0.0000,0.0379,0.2587,0.0003,-0.0263,0.9656,1.042,,,,,,,
24,Right,9,0.0000,0.0000,0.0243,0.0985,0.0243,-0.0169,0.9947,1.042,,,,,,,
24,Right,10,0.0003,0.0010,0.0224,0.0000,0.0000,0.0000,1.0000,1.042,,,,,,,
24,Right,11,-0.0031,-0.0080,0.0347,0.0000,0.0000,0.0000,1.0000,1.042,,,,,,,
24,Right,12,0.0014,0.0055,0.0610,0.1477,0.0850,-0.0171,0.9852,1.042,,,,,,,
24,Right,13,0.0000,0.0000,0.0429,0.2972,0.0008,-0.0126,0.9547,1.042,,,,,,,
24,Right,14,0.0000,0.0000,0.0275,0.1057,-0.0041,-0.0537,0.9929,1.042,,,,,,,
24,Right,15,0.0003,0.0011,0.0250,0.0000,0.0000,0.0000,1.0000,1.042,,,,,,,
24,Right,16,0.0150,-0.0060,0.0348,0.0000,0.0000,0.0000,1.0000,1.042,,,,,,,
24,Right,17,0.0025,-0.0005,0.0539,0.1271,0.1112,-0.0614,0.9837,1.042,,,,,,,
24,Right,18,0.0000,0.0000,0.0390,0.2498,-0.0055,-0.0387,0.9675,1.042,,,,,,,
24,Right,19,0.0000,0.0000,0.0266,0.1155,-0.0296,-0.0100,0.9928,1.042,,,,,,,
24,Right,20,0.0003,0.0016,0.0243,0.0000,0.0000,0.0000,1.0000,1.042,,,,,,,
24,Right,21,0.0230,-0.0094,0.0341,0.0183,0.1403,-0.2070,0.9680,1.042,,,,,,,
24,Right,22,0.0000,0.0000,0.0457,0.0711,0.0184,0.0880,0.9934,1.042,,,,,,,
24,Right,23,0.0000,0.0000,0.0307,0.1779,0.0348,-0.0538,0.9820,1.042,,,,,,,
24,Right,24,0.0000,0.0000,0.0203,0.0466,-0.0491,0.0009,0.9977,1.042,,,,,,,
24,Right,25,-0.0002,0.0012,0.0219,0.0000,0.0000,0.0000,1.0000,1.042,,,,,,,
25,Left,0,0.0026,-0.0051,0.0650,0.0000,0.0000,0.0000,1.0000,1.083,,,,,,,
25,Left,1,0.0000,0.0000,0.0000,0.0000,0.0000,0.0000,1.0000,1.083,-0.1163,0.1139,0.0147,-0.2145,-0.0753,-0.7348,-0.6390
25,Left,2,0.0300,-0.0164,0.0346,-0.1786,0.2321,-0.5392,0.7896,1.083,,,,,,,
25,Left,3,0.0000,0.0000,0.0325,0.0629,-0.0648,0.0832,0.9924,1.083,,,,,,,
25,Left,4,0.0000,0.0000,0.0338,-0.0326,0.0630,-0.0830,0.9940,1.083,,,,,,,
25,Left,5,-0.0007,0.0010,0.0246,0.0000,0.0000,0.0000,1.0000,1.083,,,,,,,
25,Left,6,0.0197,-0.0096,0.0365,0.0000,0.0000,0.0000,1.0000,1.083,,,,,,,
25,Left,7,0.0038,0.0023,0.0595,0.1264,-0.0465,-0.0298,0.9904,1.083,,,,,,,
25,Left,8,0.0000,0.0000,0.0379,0.2260,-0.0012,0.0263,0.9738,1.083,,,,,,,
25,Left,9,0.0000,0.0000,0.0243,0.0990,-0.0243,0.0169,0.9946,1.083,,,,,,,
25,Left,10,-0.0003,0.0010,0.0224,0.0000,0.0000,0.0000,1.0000,1.083,,,,,,,
25,Left,11,0.0035,-0.0077,0.0344,0.0000,0.0000,0.0000,1.0000,1.083,,,,,,,
25,Left,12,-0.0018,0.0052,0.0613,0.1532,-0.0918,0.0183,0.9838,1.083,,,,,,,
25,Left,13,0.0000,0.0000,0.0429,0.2333,-0.0016,0.0124,0.9723,1.083,,,,,,,
25,Left,14,0.0000,0.0000,0.0275,0.0699,0.0025,0.0504,0.9963,1.083,,,,,,,
25,Left,15,-0.0003,0.0011,0.0250,0.0000,0.0000,0.0000,1.0000,1.083,,,,,,,
25,Left,16,-0.0150,-0.0060,0.0348,0.0000,0.0000,0.0000,1.0000,1.083,,,,,,,
25,Left,17,-0.0025,-0.0005,0.0539,0.1631,-0.1100,0.0653,0.9783,1.083,,,,,,,
25,Left,18,0.0000,0.0000,0.0390,0.2076,0.0040,0.0380,0.9775,1.083,,,,,,,
25,Left,19,0.0000,0.0000,0.0266,0.0963,0.0296,0.0092,0.9949,1.083,,,,,,,
25,Left,20,-0.0003,0.0016,0.0243,0.0000,0.0000,0.0000,1.0000,1.083,,,,,,,
25,Left,21,-0.0230,-0.0094,0.0341,0.0183,-0.1403,0.2070,0.9680,1.083,,,,,,,
25,Left,22,0.0000,0.0000,0.0457,0.1372,-0.0093,-0.0854,0.9868,1.083,,,,,,,
25,Left,23,0.0000,0.0000,0.0307,0.1995,-0.0338,0.0555,0.9777,1.083,,,,,,,
25,Left,24,0.0000,0.0000,0.0203,0.0533,0.0491,-0.0009,0.9974,1.083,,,,,,,
25,Left,25,0.0002,0.0012,0.0219,0.0000,0.0000,0.0000,1.0000,1.083,,,,,,,
25,Right,0,-0.0024,-0.0053,0.0652,0.0000,0.0000,0.0000,1.0000,1.083,,,,,,,
25,Right,1,0.0000,0.0000,0.0000,0.0000,0.0000,0.0000,1.0000,1.083,0.0326,0.1301,-0.1107,-0.1186,0.1538,-0.7334,0.6514
25,Right,2,-0.0292,-0.0177,0.0353,-0.0893,-0.3202,0.5901,0.7357,1.083,,,,,,,
25,Right,3,0.0000,0.0000,0.0325,0.1496,0.0570,-0.0826,0.9837,1.083,,,,,,,
25,Right,4,0.0000,0.0000,0.0338,0.0324,-0.0576,0.0815,0.9945,1.083,,,,,,,
25,Right,5,0.0007,0.0010,0.0246,0.0000,0.0000,0.0000,1.0000,1.083,,,,,,,
25,Right,6,-0.0193,-0.0103,0.0368,0.0000,0.0000,0.0000,1.0000,1.083,,,,,,,
25,Right,7,-0.0042,0.0030,0.0592,0.0738,0.0363,0.0307,0.9961,1.083,,,,,,,
25,Right,8,0.0000,0.0000,0.0379,0.2625,0.0002,-0.0263,0.9646,1.083,,,,,,,
25,Right,9,0.0000,0.0000,0.0243,0.1000,0.0243,-0.0169,0.9945,1.083,,,,,,,
25,Right,10,0.0003,0.0010,0.0224,0.0000,0.0000,0.0000,1.0000,1.083,,,,,,,
25,Right,11,-0.0031,-0.0080,0.0347,0.0000,0.0000,0.0000,1.0000,1.083,,,,,,,
25,Right,12,0.0014,0.0055,0.0610,0.1387,0.0847,-0.0163,0.9866,1.083,,,,,,,
25,Right,13,0.0000,0.0000,0.0429,0.3027,0.0007,-0.0127,0.9530,1.083,,,,,,,
25,Right,14,0.0000,0.0000,0.0275,0.1074,-0.0041,-0.0539,0.9927,1.083,,,,,,,
25,Right,15,0.0003,0.0011,0.0250,0.0000,0.0000,0.0000,1.0000,1.083,,,,,,,
25,Right,16,0.0150,-0.0060,0.0348,0.0000,0.0000,0.0000,1.0000,1.083,,,,,,,
25,Right,17,0.0025,-0.0005,0.0539,0.1186,0.1116,-0.0605,0.9848,1.083,,,,,,,
25,Right,18,0.0000,0.0000,0.0390,0.2524,-0.0056,-0.0388,0.9668,1.083,,,,,,,
25,Right,19,0.0000,0.0000,0.0266,0.1167,-0.0296,-0.0101,0.9927,1.083,,,,,,,
25,Right,20,0.0003,0.0016,0.0243,0.0000,0.0000,0.0000,1.0000,1.083,,,,,,,
25,Right,21,0.0230,-0.0094,0.0341,0.0183,0.1403,-0.2070,0.9680,1.083,,,,,,,
25,Right,22,0.0000,0.0000,0.0457,0.0615,0.0188,0.0886,0.9940,1.083,,,,,,,
25,Right,23,0.0000,0.0000,0.0307,0.1781,0.0348,-0.0538,0.9819,1.083,,,,,,,
25,Right,24,0.0000,0.0000,0.0203,0.0471,-0.0491,0.0009,0.9977,1.083,,,,,,,
25,Right,25,-0.0002,0.0012,0.0219,0.0000,0.0000,0.0000,1.0000,1.083,,,,,,,
26,Left,0,0.0026,-0.0051,0.0650,0.0000,0.0000,0.0000,1.0000,1.125,,,,,,,
26,Left,1,0.0000,0.0000,0.0000,0.0000,0.0000,0.0000,1.0000,1.125,-0.1169,0.1131,0.0208,-0.2348,-0.0866,-0.7380,-0.6267
26,Left,2,0.0301,-0.0163,0.0346,-0.1753,0.2382,-0.5401,0.7879,1.125,,,,,,,
26,Left,3,0.0000,0.0000,0.0325,0.0625,-0.0649,0.0832,0.9925,1.125,,,,,,,
26,Left,4,0.0000,0.0000,0.0338,-0.0161,0.0616,-0.0827,0.9945,1.125,,,,,,,
26,Left,5,-0.0007,0.0010,0.0246,0.0000,0.0000,0.0000,1.0000,1.125,,,,,,,
26,Left,6,0.0197,-0.0096,0.0365,0.0000,0.0000,0.0000,1.0000,1.125,,,,,,,
26,Left,7,0.0038,0.0023,0.0595,0.1250,-0.0479,-0.0297,0.9906,1.125,,,,,,,
26,Left,8,0.0000,0.0000,0.0379,0.2230,-0.0013,0.0263,0.9745,1.125,,,,,,,
26,Left,9,0.0000,0.0000,0.0243,0.0991,-0.0243,0.0169,0.9946,1.125,,,,,,,
26,Left,10,-0.0003,0.0010,0.0224,0.0000,0.0000,0.0000,1.0000,1.125,,,,,,,
26,Left,11,0.0035,-0.0077,0.0343,0.0000,0.0000,0.0000,1.0000,1.125,,,,,,,
26,Left,12,-0.0018,0.0052,0.0613,0.1526,-0.0979,0.0189,0.9833,1.125,,,,,,,
26,Left,13,0.0000,0.0000,0.0429,0.2320,-0.0016,0.0124,0.9726,1.125,,,,,,,
26,Left,14,0.0000,0.0000,0.0275,0.0689,0.0025,0.0503,0.9964,1.125,,,,,,,
26,Left,15,-0.0003,0.0011,0.0250,0.0000,0.0000,0.0000,1.0000,1.125,,,,,,,
26,Left,16,-0.0150,-0.0060,0.0348,0.0000,0.0000,0.0000,1.0000,1.125,,,,,,,
26,Left,17,-0.0025,-0.0005,0.0539,0.1632,-0.1166,0.0660,0.9774,1.125,,,,,,,
26,Left,18,0.0000,0.0000,0.0390,0.2051,0.0040,0.0380,0.9780,1.125,,,,,,,
26,Left,19,0.0000,0.0000,0.0266,0.0954,0.0296,0.0091,0.9950,1.125,,,,,,,
26,Left,20,-0.0003,0.0016,0.0243,0.0000,0.0000,0.0000,1.0000,1.125,,,,,,,
26,Left,21,-0.0230,-0.0094,0.0341,0.0183,-0.1403,0.2070,0.9680,1.125,,,,,,,
26,Left,22,0.0000,0.0000,0.0457,0.1361,-0.0105,-0.0853,0.9870,1.125,,,,,,,
26,Left,23,0.0000,0.0000,0.0307,0.1980,-0.0339,0.0554,0.9780,1.125,,,,,,,
26,Left,24,0.0000,0.0000,0.0203,0.0528,0.0491,-0.0009,0.9974,1.125,,,,,,,
26,Left,25,0.0002,0.0012,0.0219,0.0000,0.0000,0.0000,1.0000,1.125,,,,,,,
26,Right,0,-0.0024,-0.0053,0.0652,0.0000,0.0000,0.0000,1.0000,1.125,,,,,,,
26,Right,1,0.0000,0.0000,0.0000,0.0000,0.0000,0.0000,1.0000,1.125,0.0268,0.1291,-0.1151,-0.1279,0.1579,-0.7310,0.6515
26,Right,2,-0.0292,-0.0177,0.0353,-0.0900,-0.3183,0.5903,0.7363,1.125,,,,,,,
26,Right,3,0.0000,0.0000,0.0325,0.1504,0.0569,-0.0826,0.9835,1.125,,,,,,,
26,Right,4,0.0000,0.0000,0.0338,0.0314,-0.0577,0.0815,0.9945,1.125,,,,,,,
26,Right,5,0.0007,0.0010,0.0246,0.0000,0.0000,0.0000,1.0000,1.125,,,,,,,
26,Right,6,-0.0193,-0.0103,0.0368,0.0000,0.0000,0.0000,1.0000,1.125,,,,,,,
26,Right,7,-0.0043,0.0030,0.0592,0.0631,0.0344,0.0308,0.9969,1.125,,,,,,,
26,Right,8,0.0000,0.0000,0.0379,0.2762,-0.0002,-0.0263,0.9607,1.125,,,,,,,
26,Right,9,0.0000,0.0000,0.0243,0.1061,0.0241,-0.0169,0.9939,1.125,,,,,,,
26,Right,10,0.0003,0.0010,0.0224,0.0000,0.0000,0.0000,1.0000,1.125,,,,,,,
26,Right,11,-0.0031,-0.0081,0.0347,0.0000,0.0000,0.0000,1.0000,1.125,,,,,,,
26,Right,12,0.0014,0.0055,0.0610,0.1364,0.0840,-0.0161,0.9870,1.125,,,,,,,
26,Right,13,0.0000,0.0000,0.0429,0.3158,0.0006,-0.0127,0.9487,1.125,,,,,,,
26,Right,14,0.0000,0.0000,0.0275,0.1127,-0.0044,-0.0544,0.9921,1.125,,,,,,,
26,Right,15,0.0003,0.0011,0.0250,0.0000,0.0000,0.0000,1.0000,1.125,,,,,,,
26,Right,16,0.0150,-0.0060,0.0348,0.0000,0.0000,0.0000,1.0000,1.125,,,,,,,
26,Right,17,0.0025,-0.0005,0.0539,0.1144,0.1116,-0.0601,0.9853,1.125,,,,,,,
26,Right,18,0.0000,0.0000,0.0390,0.2578,-0.0058,-0.0389,0.9654,1.125,,,,,,,
26,Right,19,0.0000,0.0000,0.0266,0.1181,-0.0296,-0.0102,0.9925,1.125,,,,,,,
26,Right,20,0.0003,0.0016,0.0243,0.0000,0.0000,0.0000,1.0000,1.125,,,,,,,
26,Right,21,0.0230,-0.0094,0.0341,0.0183,0.1403,-0.2070,0.9680,1.125,,,,,,,
26,Right,22,0.0000,0.0000,0.0457,0.0521,0.0192,0.0892,0.9945,1.125,,,,,,,
26,Right,23,0.0000,0.0000,0.0307,0.1783,0.0348,-0.0538,0.9819,1.125,,,,,,,
26,Right,24,0.0000,0.0000,0.0203,0.0475,-0.0491,0.0009,0.9977,1.125,,,,,,,
26,Right,25,-0.0002,0.0012,0.0219,0.0000,0.0000,0.0000,1.0000,1.125,,,,,,,
27,Left,0,0.0027,-0.0051,0.0650,0.0000,0.0000,0.0000,1.0000,1.167,,,,,,,
27,Left,1,0.0000,0.0000,0.0000,0.0000,0.0000,0.0000,1.0000,1.167,-0.1176,0.1131,0.0270,-0.2530,-0.0961,-0.7403,-0.6154
27,Left,2,0.0302,-0.0161,0.0345,-0.1690,0.2541,-0.5397,0.7846,1.167,,,,,,,
27,Left,3,0.0000,0.0000,0.0325,0.0630,-0.0648,0.0832,0.9924,1.167,,,,,,,
27,Left,4,0.0000,0.0000,0.0338,-0.0002,0.0603,-0.0823,0.9948,1.167,,,,,,,
27,Left,5,-0.0007,0.0010,0.0246,0.0000,0.0000,0.0000,1.0000,1.167,,,,,,,
27,Left,6,0.0198,-0.0095,0.0364,0.0000,0.0000,0.0000,1.0000,1.167,,,,,,,
27,Left,7,0.0037,0.0022,0.0595,0.1242,-0.0483,-0.0297,0.9906,1.167,,,,,,,
27,Left,8,0.0000,0.0000,0.0379,0.2213,-0.0013,0.0263,0.9748,1.167,,,,,,,
27,Left,9,0.0000,0.0000,0.0243,0.0996,-0.0243,0.0169,0.9946,1.167,,,,,,,
27,Left,10,-0.0003,0.0010,0.0224,0.0000,0.0000,0.0000,1.0000,1.167,,,,,,,
27,Left,11,0.0036,-0.0076,0.0343,0.0000,0.0000,0.0000,1.0000,1.167,,,,,,,
27,Left,12,-0.0019,0.0051,0.0614,0.1548,-0.1005,0.0194,0.9826,1.167,,,,,,,
27,Left,13,0.0000,0.0000,0.0429,0.2323,-0.0016,0.0124,0.9726,1.167,,,,,,,
27,Left,14,0.0000,0.0000,0.0275,0.0698,0.0025,0.0504,0.9963,1.167,,,,,,,
27,Left,15,-0.0003,0.0011,0.0250,0.0000,0.0000,0.0000,1.0000,1.167,,,,,,,
27,Left,16,-0.0150,-0.0060,0.0348,0.0000,0.0000,0.0000,1.0000,1.167,,,,,,,
27,Left,17,-0.0025,-0.0005,0.0539,0.1638,-0.1223,0.0667,0.9766,1.167,,,,,,,
27,Left,18,0.0000,0.0000,0.0390,0.2044,0.0039,0.0379,0.9781,1.167,,,,,,,
27,Left,19,0.0000,0.0000,0.0266,0.0957,0.0296,0.0091,0.9949,1.167,,,,,,,
27,Left,20,-0.0003,0.0016,0.0243,0.0000,0.0000,0.0000,1.0000,1.167,,,,,,,
27,Left,21,-0.0230,-0.0094,0.0341,0.0183,-0.1403,0.2070,0.9680,1.167,,,,,,,
27,Left,22,0.0000,0.0000,0.0457,0.1333,-0.0211,-0.0841,0.9873,1.167,,,,,,,
27,Left,23,0.0000,0.0000,0.0307,0.1975,-0.0339,0.0554,0.9781,1.167,,,,,,,
27,Left,24,0.0000,0.0000,0.0203,0.0530,0.0491,-0.0009,0.9974,1.167,,,,,,,
27,Left,25,0.0002,0.0012,0.0219,0.0000,0.0000,0.0000,1.0000,1.167,,,,,,,
27,Right,0,-0.0024,-0.0053,0.0652,0.0000,0.0000,0.0000,1.0000,1.167,,,,,,,
27,Right,1,0.0000,0.0000,0.0000,0.0000,0.0000,0.0000,1.0000,1.167,0.0219,0.1314,-0.1205,-0.1396,0.1601,-0.7260,0.6540
27,Right,2,-0.0291,-0.0178,0.0353,-0.0914,-0.3149,0.5907,0.7373,1.167,,,,,,,
27,Right,3,0.0000,0.0000,0.0325,0.1511,0.0568,-0.0826,0.9834,1.167,,,,,,,
27,Right,4,0.0000,0.0000,0.0338,0.0305,-0.0578,0.0816,0.9945,1.167,,,,,,,
27,Right,5,0.0007,0.0010,0.0246,0.0000,0.0000,0.0000,1.0000,1.167,,,,,,,
27,Right,6,-0.0193,-0.0103,0.0368,0.0000,0.0000,0.0000,1.0000,1.167,,,,,,,
27,Right,7,-0.0043,0.0030,0.0591,0.0445,0.0319,0.0308,0.9980,1.167,,,,,,,
27,Right,8,0.0000,0.0000,0.0379,0.2963,-0.0008,-0.0262,0.9547,1.167,,,,,,,
27,Right,9,0.0000,0.0000,0.0243,0.1163,0.0239,-0.0169,0.9928,1.167,,,,,,,
27,Right,10,0.0003,0.0010,0.0224,0.0000,0.0000,0.0000,1.0000,1.167,,,,,,,
27,Right,11,-0.0031,-0.0081,0.0347,0.0000,0.0000,0.0000,1.0000,1.167,,,,,,,
27,Right,12,0.0013,0.0055,0.0610,0.1353,0.0829,-0.0159,0.9872,1.167,,,,,,,
27,Right,13,0.0000,0.0000,0.0429,0.3369,0.0003,-0.0128,0.9415,1.167,,,,,,,
27,Right,14,0.0000,0.0000,0.0275,0.1234,-0.0048,-0.0554,0.9908,1.167,,,,,,,
27,Right,15,0.0003,0.0011,0.0250,0.0000,0.0000,0.0000,1.0000,1.167,,,,,,,
27,Right,16,0.0150,-0.0060,0.0348,0.0000,0.0000,0.0000,1.0000,1.167,,,,,,,
27,Right,17,0.0025,-0.0005,0.0539,0.1131,0.1109,-0.0599,0.9855,1.167,,,,,,,
27,Right,18,0.0000,0.0000,0.0390,0.2665,-0.0061,-0.0390,0.9630,1.167,,,,,,,
27,Right,19,0.0000,0.0000,0.0266,0.1198,-0.0296,-0.0102,0.9923,1.167,,,,,,,
27,Right,20,0.0003,0.0016,0.0243,0.0000,0.0000,0.0000,1.0000,1.167,,,,,,,
27,Right,21,0.0230,-0.0094,0.0341,0.0183,0.1403,-0.2070,0.9680,1.167,,,,,,,
27,Right,22,0.0000,0.0000,0.0457,0.0457,0.0193,0.0896,0.9947,1.167,,,,,,,
27,Right,23,0.0000,0.0000,0.0307,0.1791,0.0348,-0.0539,0.9817,1.167,,,,,,,
27,Right,24,0.0000,0.0000,0.0203,0.0485,-0.0491,0.0009,0.9976,1.167,,,,,,,
27,Right,25,-0.0002,0.0012,0.0219,0.0000,0.0000,0.0000,1.0000,1.167,,,,,,,
28,Left,0,0.0027,-0.0051,0.0649,0.0000,0.0000,0.0000,1.0000,1.208,,,,,,,
28,Left,1,0.0000,0.0000,0.0000,0.0000,0.0000,0.0000,1.0000,1.208,-0.1177,0.1131,0.0317,-0.2685,-0.1029,-0.7445,-0.6026
28,Left,2,0.0303,-0.0159,0.0344,-0.1646,0.2651,-0.5394,0.7821,1.208,,,,,,,
28,Left,3,0.0000,0.0000,0.0325,0.0638,-0.0648,0.0832,0.9924,1.208,,,,,,,
28,Left,4,0.0000,0.0000,0.0338,0.0073,0.0597,-0.0821,0.9948,1.208,,,,,,,
28,Left,5,-0.0007,0.0010,0.0246,0.0000,0.0000,0.0000,1.0000,1.208,,,,,,,
28,Left,6,0.0199,-0.0094,0.0364,0.0000,0.0000,0.0000,1.0000,1.208,,,,,,,
28,Left,7,0.0037,0.0021,0.0596,0.1251,-0.0481,-0.0297,0.9905,1.208,,,,,,,
28,Left,8,0.0000,0.0000,0.0379,0.2199,-0.0013,0.0263,0.9752,1.208,,,,,,,
28,Left,9,0.0000,0.0000,0.0243,0.0997,-0.0243,0.0169,0.9946,1.208,,,,,,,
28,Left,10,-0.0003,0.0010,0.0224,0.0000,0.0000,0.0000,1.0000,1.208,,,,,,,
28,Left,11,0.0037,-0.0076,0.0342,0.0000,0.0000,0.0000,1.0000,1.208,,,,,,,
28,Left,12,-0.0019,0.0051,0.0614,0.1705,-0.1013,0.0211,0.9799,1.208,,,,,,,
28,Left,13,0.0000,0.0000,0.0429,0.2334,-0.0016,0.0124,0.9723,1.208,,,,,,,
28,Left,14,0.0000,0.0000,0.0275,0.0738,0.0027,0.0507,0.9960,1.208,,,,,,,
28,Left,15,-0.0003,0.0011,0.0250,0.0000,0.0000,0.0000,1.0000,1.208,,,,,,,
28,Left,16,-0.0150,-0.0060,0.0348,0.0000,0.0000,0.0000,1.0000,1.208,,,,,,,
28,Left,17,-0.0025,-0.0005,0.0539,0.1654,-0.1240,0.0671,0.9761,1.208,,,,,,,
28,Left,18,0.0000,0.0000,0.0390,0.2048,0.0039,0.0380,0.9781,1.208,,,,,,,
28,Left,19,0.0000,0.0000,0.0266,0.0971,0.0296,0.0092,0.9948,1.208,,,,,,,
28,Left,20,-0.0003,0.0016,0.0243,0.0000,0.0000,0.0000,1.0000,1.208,,,,,,,
28,Left,21,-0.0230,-0.0094,0.0341,0.0183,-0.1403,0.2070,0.9680,1.208,,,,,,,
28,Left,22,0.0000,0.0000,0.0457,0.1287,-0.0300,-0.0833,0.9877,1.208,,,,,,,
28,Left,23,0.0000,0.0000,0.0307,0.1982,-0.0339,0.0554,0.9780,1.208,,,,,,,
28,Left,24,0.0000,0.0000,0.0203,0.0540,0.0491,-0.0009,0.9973,1.208,,,,,,,
28,Left,25,0.0002,0.0012,0.0219,0.0000,0.0000,0.0000,1.0000,1.208,,,,,,,
28,Right,0,-0.0024,-0.0053,0.0652,0.0000,0.0000,0.0000,1.0000,1.208,,,,,,,
28,Right,1,0.0000,0.0000,0.0000,0.0000,0.0000,0.0000,1.0000,1.208,0.0176,0.1339,-0.1246,-0.1482,0.1641,-0.7167,0.6614
28,Right,2,-0.0290,-0.0179,0.0354,-0.0940,-0.3077,0.5919,0.7390,1.208,,,,,,,
28,Right,3,0.0000,0.0000,0.0325,0.1516,0.0568,-0.0826,0.9833,1.208,,,,,,,
28,Right,4,0.0000,0.0000,0.0338,0.0294,-0.0579,0.0816,0.9945,1.208,,,,,,,
28,Right,5,0.0007,0.0010,0.0246,0.0000,0.0000,0.0000,1.0000,1.208,,,,,,,
28,Right,6,-0.0192,-0.0104,0.0369,0.0000,0.0000,0.0000,1.0000,1.208,,,,,,,
28,Right,7,-0.0043,0.0031,0.0591,0.0197,0.0282,0.0307,0.9989,1.208,,,,,,,
28,Right,8,0.0000,0.0000,0.0379,0.3126,-0.0012,-0.0262,0.9495,1.208,,,,,,,
28,Right,9,0.0000,0.0000,0.0243,0.1257,0.0238,-0.0169,0.9916,1.208,,,,,,,
28,Right,10,0.0003,0.0010,0.0224,0.0000,0.0000,0.0000,1.0000,1.208,,,,,,,
28,Right,11,-0.0030,-0.0081,0.0347,0.0000,0.0000,0.0000,1.0000,1.208,,,,,,,
28,Right,12,0.0013,0.0056,0.0609,0.1321,0.0813,-0.0155,0.9878,1.208,,,,,,,
28,Right,13,0.0000,0.0000,0.0429,0.3504,0.0001,-0.0128,0.9365,1.208,,,,,,,
28,Right,14,0.0000,0.0000,0.0275,0.1314,-0.0052,-0.0561,0.9897,1.208,,,,,,,
28,Right,15,0.0003,0.0011,0.0250,0.0000,0.0000,0.0000,1.0000,1.208,,,,,,,
28,Right,16,0.0150,-0.0060,0.0348,0.0000,0.0000,0.0000,1.0000,1.208,,,,,,,
28,Right,17,0.0025,-0.0005,0.0539,0.1117,0.1098,-0.0597,0.9859,1.208,,,,,,,
28,Right,18,0.0000,0.0000,0.0390,0.2737,-0.0063,-0.0391,0.9610,1.208,,,,,,,
28,Right,19,0.0000,0.0000,0.0266,0.1222,-0.0297,-0.0103,0.9920,1.208,,,,,,,
28,Right,20,0.0003,0.0016,0.0243,0.0000,0.0000,0.0000,1.0000,1.208,,,,,,,
28,Right,21,0.0230,-0.0094,0.0341,0.0183,0.1403,-0.2070,0.9680,1.208,,,,,,,
28,Right,22,0.0000,0.0000,0.0457,0.0369,0.0185,0.0901,0.9951,1.208,,,,,,,
28,Right,23,0.0000,0.0000,0.0307,0.1796,0.0347,-0.0539,0.9816,1.208,,,,,,,
28,Right,24,0.0000,0.0000,0.0203,0.0493,-0.0491,0.0009,0.9976,1.208,,,,,,,
28,Right,25,-0.0002,0.0012,0.0219,0.0000,0.0000,0.0000,1.0000,1.208,,,,,,,
29,Left,0,0.0027,-0.0051,0.0649,0.0000,0.0000,0.0000,1.0000,1.250,,,,,,,
29,Left,1,0.0000,0.0000,0.0000,0.0000,0.0000,0.0000,1.0000,1.250,-0.1177,0.1125,0.0363,-0.2774,-0.1051,-0.7468,-0.5952
29,Left,2,0.0303,-0.0159,0.0344,-0.1587,0.2755,-0.5413,0.7784,1.250,,,,,,,
29,Left,3,0.0000,0.0000,0.0325,0.0648,-0.0647,0.0832,0.9923,1.250,,,,,,,
29,Left,4,0.0000,0.0000,0.0338,0.0073,0.0597,-0.0821,0.9948,1.250,,,,,,,
29,Left,5,-0.0007,0.0010,0.0246,0.0000,0.0000,0.0000,1.0000,1.250,,,,,,,
29,Left,6,0.0199,-0.0094,0.0364,0.0000,0.0000,0.0000,1.0000,1.250,,,,,,,
29,Left,7,0.0037,0.0021,0.0596,0.1353,-0.0475,-0.0296,0.9892,1.250,,,,,,,
29,Left,8,0.0000,0.0000,0.0379,0.2183,-0.0014,0.0263,0.9755,1.250,,,,,,,
29,Left,9,0.0000,0.0000,0.0243,0.0997,-0.0243,0.0169,0.9946,1.250,,,,,,,
29,Left,10,-0.0003,0.0010,0.0224,0.0000,0.0000,0.0000,1.0000,1.250,,,,,,,
29,Left,11,0.0037,-0.0076,0.0342,0.0000,0.0000,0.0000,1.0000,1.250,,,,,,,
29,Left,12,-0.0019,0.0050,0.0614,0.1934,-0.1009,0.0233,0.9756,1.250,,,,,,,
29,Left,13,0.0000,0.0000,0.0429,0.2330,-0.0016,0.0124,0.9724,1.250,,,,,,,
29,Left,14,0.0000,0.0000,0.0275,0.0757,0.0028,0.0509,0.9958,1.250,,,,,,,
29,Left,15,-0.0003,0.0011,0.0250,0.0000,0.0000,0.0000,1.0000,1.250,,,,,,,
29,Left,16,-0.0150,-0.0060,0.0348,0.0000,0.0000,0.0000,1.0000,1.250,,,,,,,
29,Left,17,-0.0025,-0.0005,0.0539,0.1740,-0.1244,0.0682,0.9745,1.250,,,,,,,
29,Left,18,0.0000,0.0000,0.0390,0.2044,0.0039,0.0379,0.9781,1.250,,,,,,,
29,Left,19,0.0000,0.0000,0.0266,0.0986,0.0296,0.0093,0.9946,1.250,,,,,,,
29,Left,20,-0.0003,0.0016,0.0243,0.0000,0.0000,0.0000,1.0000,1.250,,,,,,,
29,Left,21,-0.0230,-0.0094,0.0341,0.0183,-0.1403,0.2070,0.9680,1.250,,,,,,,
29,Left,22,0.0000,0.0000,0.0457,0.1260,-0.0341,-0.0829,0.9880,1.250,,,,,,,
29,Left,23,0.0000,0.0000,0.0307,0.1989,-0.0338,0.0555,0.9779,1.250,,,,,,,
29,Left,24,0.0000,0.0000,0.0203,0.0550,0.0491,-0.0009,0.9973,1.250,,,,,,,
29,Left,25,0.0002,0.0012,0.0219,0.0000,0.0000,0.0000,1.0000,1.250,,,,,,,
29,Right,0,-0.0023,-0.0053,0.0652,0.0000,0.0000,0.0000,1.0000,1.250,,,,,,,
29,Right,1,0.0000,0.0000,0.0000,0.0000,0.0000,0.0000,1.0000,1.250,0.0149,0.1355,-0.1277,-0.1515,0.1694,-0.7043,0.6726
29,Right,2,-0.0289,-0.0180,0.0354,-0.0970,-0.3003,0.5928,0.7410,1.250,,,,,,,
29,Right,3,0.0000,0.0000,0.0325,0.1520,0.0567,-0.0826,0.9833,1.250,,,,,,,
29,Right,4,0.0000,0.0000,0.0338,0.0286,-0.0579,0.0816,0.9946,1.250,,,,,,,
29,Right,5,0.0007,0.0010,0.0246,0.0000,0.0000,0.0000,1.0000,1.250,,,,,,,
29,Right,6,-0.0192,-0.0105,0.0369,0.0000,0.0000,0.0000,1.0000,1.250,,,,,,,
29,Right,7,-0.0044,0.0032,0.0591,-0.0061,0.0244,0.0305,0.9992,1.250,,,,,,,
29,Right,8,0.0000,0.0000,0.0379,0.3227,-0.0015,-0.0261,0.9461,1.250,,,,,,,
29,Right,9,0.0000,0.0000,0.0243,0.1326,0.0236,-0.0170,0.9907,1.250,,,,,,,
29,Right,10,0.0003,0.0010,0.0224,0.0000,0.0000,0.0000,1.0000,1.250,,,,,,,
29,Right,11,-0.0030,-0.0081,0.0347,0.0000,0.0000,0.0000,1.0000,1.250,,,,,,,
29,Right,12,0.0012,0.0056,0.0609,0.1116,0.0798,-0.0138,0.9905,1.250,,,,,,,
29,Right,13,0.0000,0.0000,0.0429,0.3556,0.0001,-0.0128,0.9346,1.250,,,,,,,
29,Right,14,0.0000,0.0000,0.0275,0.1358,-0.0054,-0.0565,0.9891,1.250,,,,,,,
29,Right,15,0.0003,0.0011,0.0250,0.0000,0.0000,0.0000,1.0000,1.250,,,,,,,
29,Right,16,0.0150,-0.0060,0.0348,0.0000,0.0000,0.0000,1.0000,1.250,,,,,,,
29,Right,17,0.0025,-0.0005,0.0539,0.1023,0.1088,-0.0587,0.9870,1.250,,,,,,,
29,Right,18,0.0000,0.0000,0.0390,0.2770,-0.0064,-0.0392,0.9600,1.250,,,,,,,
29,Right,19,0.0000,0.0000,0.0266,0.1244,-0.0297,-0.0105,0.9917,1.250,,,,,,,
29,Right,20,0.0003,0.0016,0.0243,0.0000,0.0000,0.0000,1.0000,1.250,,,,,,,
29,Right,21,0.0230,-0.0094,0.0341,0.0183,0.1403,-0.2070,0.9680,1.250,,,,,,,
29,Right,22,0.0000,0.0000,0.0457,0.0307,0.0179,0.0906,0.9953,1.250,,,,,,,
29,Right,23,0.0000,0.0000,0.0307,0.1795,0.0347,-0.0539,0.9817,1.250,,,,,,,
29,Right,24,0.0000,0.0000,0.0203,0.0499,-0.0491,0.0009,0.9975,1.250,,,,,,,
29,Right,25,-0.0002,0.0012,0.0219,0.0000,0.0000,0.0000,1.0000,1.250,,,,,,,
30,Left,0,0.0027,-0.0051,0.0649,0.0000,0.0000,0.0000,1.0000,1.292,,,,,,,
30,Left,1,0.0000,0.0000,0.0000,0.0000,0.0000,0.0000,1.0000,1.292,-0.1177,0.1124,0.0402,-0.2849,-0.1029,-0.7480,-0.5905
30,Left,2,0.0304,-0.0158,0.0344,-0.1548,0.2821,-0.5426,0.7759,1.292,,,,,,,
30,Left,3,0.0000,0.0000,0.0325,0.0656,-0.0646,0.0832,0.9923,1.292,,,,,,,
30,Left,4,0.0000,0.0000,0.0338,0.0043,0.0600,-0.0822,0.9948,1.292,,,,,,,
30,Left,5,-0.0007,0.0010,0.0246,0.0000,0.0000,0.0000,1.0000,1.292,,,,,,,
30,Left,6,0.0199,-0.0094,0.0364,0.0000,0.0000,0.0000,1.0000,1.292,,,,,,,
30,Left,7,0.0037,0.0021,0.0596,0.1445,-0.0466,-0.0295,0.9880,1.292,,,,,,,
30,Left,8,0.0000,0.0000,0.0379,0.2166,-0.0014,0.0263,0.9759,1.292,,,,,,,
30,Left,9,0.0000,0.0000,0.0243,0.0995,-0.0243,0.0169,0.9946,1.292,,,,,,,
30,Left,10,-0.0003,0.0010,0.0224,0.0000,0.0000,0.0000,1.0000,1.292,,,,,,,
30,Left,11,0.0037,-0.0076,0.0342,0.0000,0.0000,0.0000,1.0000,1.292,,,,,,,
30,Left,12,-0.0020,0.0050,0.0614,0.2092,-0.1002,0.0248,0.9724,1.292,,,,,,,
30,Left,13,0.0000,0.0000,0.0429,0.2272,-0.0017,0.0124,0.9738,1.292,,,,,,,
30,Left,14,0.0000,0.0000,0.0275,0.0755,0.0027,0.0509,0.9958,1.292,,,,,,,
30,Left,15,-0.0003,0.0011,0.0250,0.0000,0.0000,0.0000,1.0000,1.292,,,,,,,
30,Left,16,-0.0150,-0.0060,0.0348,0.0000,0.0000,0.0000,1.0000,1.292,,,,,,,
30,Left,17,-0.0025,-0.0005,0.0539,0.1899,-0.1240,0.0702,0.9714,1.292,,,,,,,
30,Left,18,0.0000,0.0000,0.0390,0.1953,0.0036,0.0378,0.9800,1.292,,,,,,,
30,Left,19,0.0000,0.0000,0.0266,0.0987,0.0296,0.0093,0.9946,1.292,,,,,,,
30,Left,20,-0.0003,0.0016,0.0243,0.0000,0.0000,0.0000,1.0000,1.292,,,,,,,
30,Left,21,-0.0230,-0.0094,0.0341,0.0183,-0.1403,0.2070,0.9680,1.292,,,,,,,
30,Left,22,0.0000,0.0000,0.0457,0.1258,-0.0375,-0.0825,0.9879,1.292,,,,,,,
30,Left,23,0.0000,0.0000,0.0307,0.1977,-0.0339,0.0554,0.9781,1.292,,,,,,,
30,Left,24,0.0000,0.0000,0.0203,0.0548,0.0491,-0.0009,0.9973,1.292,,,,,,,
30,Left,25,0.0002,0.0012,0.0219,0.0000,0.0000,0.0000,1.0000,1.292,,,,,,,
30,Right,0,-0.0023,-0.0053,0.0652,0.0000,0.0000,0.0000,1.0000,1.292,,,,,,,
30,Right,1,0.0000,0.0000,0.0000,0.0000,0.0000,0.0000,1.0000,1.292,0.0134,0.1365,-0.1289,-0.1538,0.1729,-0.6983,0.6774
30,Right,2,-0.0289,-0.0181,0.0355,-0.0991,-0.2958,0.5930,0.7423,1.292,,,,,,,
30,Right,3,0.0000,0.0000,0.0325,0.1530,0.0566,-0.0826,0.9831,1.292,,,,,,,
30,Right,4,0.0000,0.0000,0.0338,0.0278,-0.0580,0.0816,0.9946,1.292,,,,,,,
30,Right,5,0.0007,0.0010,0.0246,0.0000,0.0000,0.0000,1.0000,1.292,,,,,,,
30,Right,6,-0.0192,-0.0105,0.0369,0.0000,0.0000,0.0000,1.0000,1.292,,,,,,,
30,Right,7,-0.0044,0.0032,0.0591,-0.0210,0.0222,0.0302,0.9991,1.292,,,,,,,
30,Right,8,0.0000,0.0000,0.0379,0.3247,-0.0016,-0.0261,0.9455,1.292,,,,,,,
30,Right,9,0.0000,0.0000,0.0243,0.1344,0.0236,-0.0170,0.9905,1.292,,,,,,,
30,Right,10,0.0003,0.0010,0.0224,0.0000,0.0000,0.0000,1.0000,1.292,,,,,,,
30,Right,11,-0.0029,-0.0081,0.0348,0.0000,0.0000,0.0000,1.0000,1.292,,,,,,,
30,Right,12,0.0012,0.0056,0.0609,0.0853,0.0786,-0.0117,0.9932,1.292,,,,,,,
30,Right,13,0.0000,0.0000,0.0429,0.3562,0.0001,-0.0128,0.9343,1.292,,,,,,,
30,Right,14,0.0000,0.0000,0.0275,0.1370,-0.0054,-0.0566,0.9889,1.292,,,,,,,
30,Right,15,0.0003,0.0011,0.0250,0.0000,0.0000,0.0000,1.0000,1.292,,,,,,,
30,Right,16,0.0150,-0.0060,0.0348,0.0000,0.0000,0.0000,1.0000,1.292,,,,,,,
30,Right,17,0.0025,-0.0005,0.0539,0.0877,0.1083,-0.0571,0.9886,1.292,,,,,,,
30,Right,18,0.0000,0.0000,0.0390,0.2786,-0.0065,-0.0392,0.9596,1.292,,,,,,,
30,Right,19,0.0000,0.0000,0.0266,0.1260,-0.0297,-0.0105,0.9915,1.292,,,,,,,
30,Right,20,0.0003,0.0016,0.0243,0.0000,0.0000,0.0000,1.0000,1.292,,,,,,,
30,Right,21,0.0230,-0.0094,0.0341,0.0183,0.1403,-0.2070,0.9680,1.292,,,,,,,
30,Right,22,0.0000,0.0000,0.0457,0.0277,0.0179,0.0907,0.9953,1.292,,,,,,,
30,Right,23,0.0000,0.0000,0.0307,0.1792,0.0348,-0.0539,0.9817,1.292,,,,,,,
30,Right,24,0.0000,0.0000,0.0203,0.0500,-0.0491,0.0009,0.9975,1.292,,,,,,,
30,Right,25,-0.0002,0.0012,0.0219,0.0000,0.0000,0.0000,1.0000,1.292,,,,,,,
31,Left,0,0.0027,-0.0051,0.0649,0.0000,0.0000,0.0000,1.0000,1.333,,,,,,,
31,Left,1,0.0000,0.0000,0.0000,0.0000,0.0000,0.0000,1.0000,1.333,-0.1159,0.1127,0.0435,-0.2923,-0.1055,-0.7456,-0.5895
31,Left,2,0.0304,-0.0158,0.0344,-0.1540,0.2834,-0.5428,0.7754,1.333,,,,,,,
31,Left,3,0.0000,0.0000,0.0325,0.0654,-0.0646,0.0832,0.9923,1.333,,,,,,,
31,Left,4,0.0000,0.0000,0.0338,-0.0072,0.0609,-0.0825,0.9947,1.333,,,,,,,
31,Left,5,-0.0007,0.0010,0.0246,0.0000,0.0000,0.0000,1.0000,1.333,,,,,,,
31,Left,6,0.0199,-0.0094,0.0364,0.0000,0.0000,0.0000,1.0000,1.333,,,,,,,
31,Left,7,0.0037,0.0021,0.0596,0.1497,-0.0457,-0.0295,0.9872,1.333,,,,,,,
31,Left,8,0.0000,0.0000,0.0379,0.2154,-0.0015,0.0263,0.9762,1.333,,,,,,,
31,Left,9,0.0000,0.0000,0.0243,0.0997,-0.0243,0.0169,0.9946,1.333,,,,,,,
31,Left,10,-0.0003,0.0010,0.0224,0.0000,0.0000,0.0000,1.0000,1.333,,,,,,,
31,Left,11,0.0037,-0.0076,0.0342,0.0000,0.0000,0.0000,1.0000,1.333,,,,,,,
31,Left,12,-0.0020,0.0050,0.0614,0.2109,-0.0997,0.0249,0.9721,1.333,,,,,,,
31,Left,13,0.0000,0.0000,0.0429,0.2227,-0.0017,0.0124,0.9748,1.333,,,,,,,
31,Left,14,0.0000,0.0000,0.0275,0.0753,0.0027,0.0509,0.9959,1.333,,,,,,,
31,Left,15,-0.0003,0.0011,0.0250,0.0000,0.0000,0.0000,1.0000,1.333,,,,,,,
31,Left,16,-0.0150,-0.0060,0.0348,0.0000,0.0000,0.0000,1.0000,1.333,,,,,,,
31,Left,17,-0.0025,-0.0005,0.0539,0.1959,-0.1242,0.0710,0.9701,1.333,,,,,,,
31,Left,18,0.0000,0.0000,0.0390,0.1896,0.0034,0.0377,0.9811,1.333,,,,,,,
31,Left,19,0.0000,0.0000,0.0266,0.0987,0.0296,0.0093,0.9946,1.333,,,,,,,
31,Left,20,-0.0003,0.0016,0.0243,0.0000,0.0000,0.0000,1.0000,1.333,,,,,,,
31,Left,21,-0.0230,-0.0094,0.0341,0.0183,-0.1403,0.2070,0.9680,1.333,,,,,,,
31,Left,22,0.0000,0.0000,0.0457,0.1266,-0.0429,-0.0818,0.9876,1.333,,,,,,,
31,Left,23,0.0000,0.0000,0.0307,0.1956,-0.0340,0.0552,0.9785,1.333,,,,,,,
31,Left,24,0.0000,0.0000,0.0203,0.0546,0.0491,-0.0009,0.9973,1.333,,,,,,,
31,Left,25,0.0002,0.0012,0.0219,0.0000,0.0000,0.0000,1.0000,1.333,,,,,,,
31,Right,0,-0.0023,-0.0053,0.0652,0.0000,0.0000,0.0000,1.0000,1.333,,,,,,,
31,Right,1,0.0000,0.0000,0.0000,0.0000,0.0000,0.0000,1.0000,1.333,0.0117,0.1377,-0.1305,-0.1569,0.1750,-0.6960,0.6785
31,Right,2,-0.0289,-0.0181,0.0355,-0.0990,-0.2947,0.5937,0.7422,1.333,,,,,,,
31,Right,3,0.0000,0.0000,0.0325,0.1541,0.0565,-0.0825,0.9830,1.333,,,,,,,
31,Right,4,0.0000,0.0000,0.0338,0.0266,-0.0581,0.0817,0.9946,1.333,,,,,,,
31,Right,5,0.0007,0.0010,0.0246,0.0000,0.0000,0.0000,1.0000,1.333,,,,,,,
31,Right,6,-0.0191,-0.0105,0.0369,0.0000,0.0000,0.0000,1.0000,1.333,,,,,,,
31,Right,7,-0.0044,0.0032,0.0591,-0.0230,0.0172,0.0298,0.9991,1.333,,,,,,,
31,Right,8,0.0000,0.0000,0.0379,0.3255,-0.0016,-0.0261,0.9452,1.333,,,,,,,
31,Right,9,0.0000,0.0000,0.0243,0.1352,0.0236,-0.0170,0.9904,1.333,,,,,,,
31,Right,10,0.0003,0.0010,0.0224,0.0000,0.0000,0.0000,1.0000,1.333,,,,,,,
31,Right,11,-0.0029,-0.0082,0.0348,0.0000,0.0000,0.0000,1.0000,1.333,,,,,,,
31,Right,12,0.0012,0.0056,0.0609,0.0674,0.0773,-0.0104,0.9947,1.333,,,,,,,
31,Right,13,0.0000,0.0000,0.0429,0.3554,0.0001,-0.0128,0.9346,1.333,,,,,,,
31,Right,14,0.0000,0.0000,0.0275,0.1371,-0.0054,-0.0566,0.9889,1.333,,,,,,,
31,Right,15,0.0003,0.0011,0.0250,0.0000,0.0000,0.0000,1.0000,1.333,,,,,,,
31,Right,16,0.0150,-0.0060,0.0348,0.0000,0.0000,0.0000,1.0000,1.333,,,,,,,
31,Right,17,0.0025,-0.0005,0.0539,0.0748,0.1078,-0.0558,0.9898,1.333,,,,,,,
31,Right,18,0.0000,0.0000,0.0390,0.2792,-0.0065,-0.0392,0.9594,1.333,,,,,,,
31,Right,19,0.0000,0.0000,0.0266,0.1269,-0.0297,-0.0106,0.9914,1.333,,,,,,,
31,Right,20,0.0003,0.0016,0.0243,0.0000,0.0000,0.0000,1.0000,1.333,,,,,,,
31,Right,21,0.0230,-0.0094,0.0341,0.0183,0.1403,-0.2070,0.9680,1.333,,,,,,,
31,Right,22,0.0000,0.0000,0.0457,0.0264,0.0184,0.0908,0.9953,1.333,,,,,,,
31,Right,23,0.0000,0.0000,0.0307,0.1786,0.0348,-0.0538,0.9818,1.333,,,,,,,
31,Right,24,0.0000,0.0000,0.0203,0.0496,-0.0491,0.0009,0.9976,1.333,,,,,,,
31,Right,25,-0.0002,0.0012,0.0219,0.0000,0.0000,0.0000,1.0000,1.333,,,,,,,
32,Left,0,0.0027,-0.0051,0.0649,0.0000,0.0000,0.0000,1.0000,1.375,,,,,,,
32,Left,1,0.0000,0.0000,0.0000,0.0000,0.0000,0.0000,1.0000,1.375,-0.1148,0.1138,0.0462,-0.3027,-0.1130,-0.7418,-0.5876
32,Left,2,0.0304,-0.0158,0.0344,-0.1532,0.2846,-0.5432,0.7749,1.375,,,,,,,
32,Left,3,0.0000,0.0000,0.0325,0.0649,-0.0647,0.0832,0.9923,1.375,,,,,,,
32,Left,4,0.0000,0.0000,0.0338,-0.0145,0.0615,-0.0826,0.9946,1.375,,,,,,,
32,Left,5,-0.0007,0.0010,0.0246,0.0000,0.0000,0.0000,1.0000,1.375,,,,,,,
32,Left,6,0.0199,-0.0094,0.0364,0.0000,0.0000,0.0000,1.0000,1.375,,,,,,,
32,Left,7,0.0037,0.0021,0.0596,0.1584,-0.0449,-0.0295,0.9859,1.375,,,,,,,
32,Left,8,0.0000,0.0000,0.0379,0.2154,-0.0015,0.0263,0.9762,1.375,,,,,,,
32,Left,9,0.0000,0.0000,0.0243,0.1006,-0.0242,0.0169,0.9945,1.375,,,,,,,
32,Left,10,-0.0003,0.0010,0.0224,0.0000,0.0000,0.0000,1.0000,1.375,,,,,,,
32,Left,11,0.0037,-0.0076,0.0342,0.0000,0.0000,0.0000,1.0000,1.375,,,,,,,
32,Left,12,-0.0020,0.0050,0.0614,0.2128,-0.0992,0.0250,0.9717,1.375,,,,,,,
32,Left,13,0.0000,0.0000,0.0429,0.2213,-0.0018,0.0124,0.9751,1.375,,,,,,,
32,Left,14,0.0000,0.0000,0.0275,0.0753,0.0027,0.0509,0.9959,1.375,,,,,,,
32,Left,15,-0.0003,0.0011,0.0250,0.0000,0.0000,0.0000,1.0000,1.375,,,,,,,
32,Left,16,-0.0150,-0.0060,0.0348,0.0000,0.0000,0.0000,1.0000,1.375,,,,,,,
32,Left,17,-0.0025,-0.0005,0.0539,0.2002,-0.1245,0.0716,0.9692,1.375,,,,,,,
32,Left,18,0.0000,0.0000,0.0390,0.1877,0.0034,0.0376,0.9815,1.375,,,,,,,
32,Left,19,0.0000,0.0000,0.0266,0.0989,0.0296,0.0093,0.9946,1.375,,,,,,,
32,Left,20,-0.0003,0.0016,0.0243,0.0000,0.0000,0.0000,1.0000,1.375,,,,,,,
32,Left,21,-0.0230,-0.0094,0.0341,0.0183,-0.1403,0.2070,0.9680,1.375,,,,,,,
32,Left,22,0.0000,0.0000,0.0457,0.1300,-0.0469,-0.0810,0.9871,1.375,,,,,,,
32,Left,23,0.0000,0.0000,0.0307,0.1923,-0.0341,0.0549,0.9792,1.375,,,,,,,
32,Left,24,0.0000,0.0000,0.0203,0.0544,0.0491,-0.0009,0.9973,1.375,,,,,,,
32,Left,25,0.0002,0.0012,0.0219,0.0000,0.0000,0.0000,1.0000,1.375,,,,,,,
32,Right,0,-0.0023,-0.0054,0.0652,0.0000,0.0000,0.0000,1.0000,1.375,,,,,,,
32,Right,1,0.0000,0.0000,0.0000,0.0000,0.0000,0.0000,1.0000,1.375,0.0097,0.1391,-0.1331,-0.1604,0.1774,-0.6944,0.6787
32,Right,2,-0.0288,-0.0182,0.0355,-0.0988,-0.2938,0.5943,0.7421,1.375,,,,,,,
32,Right,3,0.0000,0.0000,0.0325,0.1552,0.0564,-0.0825,0.9828,1.375,,,,,,,
32,Right,4,0.0000,0.0000,0.0338,0.0251,-0.0582,0.0817,0.9946,1.375,,,,,,,
32,Right,5,0.0007,0.0010,0.0246,0.0000,0.0000,0.0000,1.0000,1.375,,,,,,,
32,Right,6,-0.0191,-0.0105,0.0369,0.0000,0.0000,0.0000,1.0000,1.375,,,,,,,
32,Right,7,-0.0044,0.0032,0.0591,-0.0247,0.0150,0.0296,0.9991,1.375,,,,,,,
32,Right,8,0.0000,0.0000,0.0379,0.3260,-0.0016,-0.0261,0.9450,1.375,,,,,,,
32,Right,9,0.0000,0.0000,0.0243,0.1354,0.0236,-0.0170,0.9904,1.375,,,,,,,
32,Right,10,0.0003,0.0010,0.0224,0.0000,0.0000,0.0000,1.0000,1.375,,,,,,,
32,Right,11,-0.0029,-0.0082,0.0348,0.0000,0.0000,0.0000,1.0000,1.375,,,,,,,
32,Right,12,0.0012,0.0056,0.0609,0.0634,0.0759,-0.0101,0.9950,1.375,,,,,,,
32,Right,13,0.0000,0.0000,0.0429,0.3551,0.0001,-0.0128,0.9347,1.375,,,,,,,
32,Right,14,0.0000,0.0000,0.0275,0.1372,-0.0054,-0.0567,0.9889,1.375,,,,,,,
32,Right,15,0.0003,0.0011,0.0250,0.0000,0.0000,0.0000,1.0000,1.375,,,,,,,
32,Right,16,0.0150,-0.0060,0.0348,0.0000,0.0000,0.0000,1.0000,1.375,,,,,,,
32,Right,17,0.0025,-0.0005,0.0539,0.0714,0.1067,-0.0554,0.9902,1.375,,,,,,,
32,Right,18,0.0000,0.0000,0.0390,0.2798,-0.0065,-0.0392,0.9592,1.375,,,,,,,
32,Right,19,0.0000,0.0000,0.0266,0.1276,-0.0297,-0.0106,0.9913,1.375,,,,,,,
32,Right,20,0.0003,0.0016,0.0243,0.0000,0.0000,0.0000,1.0000,1.375,,,,,,,
32,Right,21,0.0230,-0.0094,0.0341,0.0183,0.1403,-0.2070,0.9680,1.375,,,,,,,
32,Right,22,0.0000,0.0000,0.0457,0.0255,0.0189,0.0909,0.9954,1.375,,,,,,,
32,Right,23,0.0000,0.0000,0.0307,0.1780,0.0348,-0.0538,0.9819,1.375,,,,,,,
32,Right,24,0.0000,0.0000,0.0203,0.0489,-0.0491,0.0009,0.9976,1.375,,,,,,,
32,Right,25,-0.0002,0.0012,0.0219,0.0000,0.0000,0.0000,1.0000,1.375,,,,,,,
33,Left,0,0.0027,-0.0051,0.0649,0.0000,0.0000,0.0000,1.0000,1.416,,,,,,,
33,Left,1,0.0000,0.0000,0.0000,0.0000,0.0000,0.0000,1.0000,1.416,-0.1135,0.1152,0.0482,-0.3126,-0.1204,-0.7395,-0.5838
33,Left,2,0.0304,-0.0158,0.0344,-0.1523,0.2857,-0.5437,0.7743,1.416,,,,,,,
33,Left,3,0.0000,0.0000,0.0325,0.0645,-0.0647,0.0832,0.9923,1.416,,,,,,,
33,Left,4,0.0000,0.0000,0.0338,-0.0163,0.0617,-0.0827,0.9945,1.416,,,,,,,
33,Left,5,-0.0007,0.0010,0.0246,0.0000,0.0000,0.0000,1.0000,1.416,,,,,,,
33,Left,6,0.0199,-0.0094,0.0364,0.0000,0.0000,0.0000,1.0000,1.416,,,,,,,
33,Left,7,0.0037,0.0021,0.0596,0.1629,-0.0439,-0.0296,0.9852,1.416,,,,,,,
33,Left,8,0.0000,0.0000,0.0379,0.2189,-0.0014,0.0263,0.9754,1.416,,,,,,,
33,Left,9,0.0000,0.0000,0.0243,0.1021,-0.0242,0.0169,0.9943,1.416,,,,,,,
33,Left,10,-0.0003,0.0010,0.0224,0.0000,0.0000,0.0000,1.0000,1.416,,,,,,,
33,Left,11,0.0037,-0.0076,0.0342,0.0000,0.0000,0.0000,1.0000,1.416,,,,,,,
33,Left,12,-0.0020,0.0050,0.0614,0.2135,-0.0984,0.0250,0.9716,1.416,,,,,,,
33,Left,13,0.0000,0.0000,0.0429,0.2217,-0.0018,0.0124,0.9750,1.416,,,,,,,
33,Left,14,0.0000,0.0000,0.0275,0.0762,0.0028,0.0510,0.9958,1.416,,,,,,,
33,Left,15,-0.0003,0.0011,0.0250,0.0000,0.0000,0.0000,1.0000,1.416,,,,,,,
33,Left,16,-0.0150,-0.0060,0.0348,0.0000,0.0000,0.0000,1.0000,1.416,,,,,,,
33,Left,17,-0.0025,-0.0005,0.0539,0.2011,-0.1248,0.0718,0.9689,1.416,,,,,,,
33,Left,18,0.0000,0.0000,0.0390,0.1884,0.0034,0.0377,0.9814,1.416,,,,,,,
33,Left,19,0.0000,0.0000,0.0266,0.1000,0.0296,0.0093,0.9945,1.416,,,,,,,
33,Left,20,-0.0003,0.0016,0.0243,0.0000,0.0000,0.0000,1.0000,1.416,,,,,,,
33,Left,21,-0.0230,-0.0094,0.0341,0.0183,-0.1403,0.2070,0.9680,1.416,,,,,,,
33,Left,22,0.0000,0.0000,0.0457,0.1304,-0.0489,-0.0807,0.9870,1.416,,,,,,,
33,Left,23,0.0000,0.0000,0.0307,0.1920,-0.0342,0.0549,0.9793,1.416,,,,,,,
33,Left,24,0.0000,0.0000,0.0203,0.0545,0.0491,-0.0009,0.9973,1.416,,,,,,,
33,Left,25,0.0002,0.0012,0.0219,0.0000,0.0000,0.0000,1.0000,1.416,,,,,,,
33,Right,0,-0.0023,-0.0054,0.0652,0.0000,0.0000,0.0000,1.0000,1.416,,,,,,,
33,Right,1,0.0000,0.0000,0.0000,0.0000,0.0000,0.0000,1.0000,1.416,0.0065,0.1409,-0.1377,-0.1657,0.1808,-0.6917,0.6793
33,Right,2,-0.0288,-0.0182,0.0355,-0.0986,-0.2935,0.5947,0.7419,1.416,,,,,,,
33,Right,3,0.0000,0.0000,0.0325,0.1561,0.0563,-0.0825,0.9827,1.416,,,,,,,
33,Right,4,0.0000,0.0000,0.0338,0.0236,-0.0584,0.0817,0.9947,1.416,,,,,,,
33,Right,5,0.0007,0.0010,0.0246,0.0000,0.0000,0.0000,1.0000,1.416,,,,,,,
33,Right,6,-0.0191,-0.0106,0.0369,0.0000,0.0000,0.0000,1.0000,1.416,,,,,,,
33,Right,7,-0.0044,0.0032,0.0590,-0.0254,0.0137,0.0295,0.9991,1.416,,,,,,,
33,Right,8,0.0000,0.0000,0.0379,0.3272,-0.0017,-0.0261,0.9446,1.416,,,,,,,
33,Right,9,0.0000,0.0000,0.0243,0.1357,0.0236,-0.0170,0.9903,1.416,,,,,,,
33,Right,10,0.0003,0.0010,0.0224,0.0000,0.0000,0.0000,1.0000,1.416,,,,,,,
33,Right,11,-0.0029,-0.0082,0.0348,0.0000,0.0000,0.0000,1.0000,1.416,,,,,,,
33,Right,12,0.0012,0.0056,0.0609,0.0625,0.0745,-0.0100,0.9952,1.416,,,,,,,
33,Right,13,0.0000,0.0000,0.0429,0.3561,0.0001,-0.0128,0.9344,1.416,,,,,,,
33,Right,14,0.0000,0.0000,0.0275,0.1379,-0.0055,-0.0567,0.9888,1.416,,,,,,,
33,Right,15,0.0003,0.0011,0.0250,0.0000,0.0000,0.0000,1.0000,1.416,,,,,,,
33,Right,16,0.0150,-0.0060,0.0348,0.0000,0.0000,0.0000,1.0000,1.416,,,,,,,
33,Right,17,0.0025,-0.0005,0.0539,0.0705,0.1057,-0.0553,0.9904,1.416,,,,,,,
33,Right,18,0.0000,0.0000,0.0390,0.2815,-0.0066,-0.0392,0.9587,1.416,,,,,,,
33,Right,19,0.0000,0.0000,0.0266,0.1285,-0.0297,-0.0106,0.9912,1.416,,,,,,,
33,Right,20,0.0003,0.0016,0.0243,0.0000,0.0000,0.0000,1.0000,1.416,,,,,,,
33,Right,21,0.0230,-0.0094,0.0341,0.0183,0.1403,-0.2070,0.9680,1.416,,,,,,,
33,Right,22,0.0000,0.0000,0.0457,0.0257,0.0195,0.0908,0.9953,1.416,,,,,,,
33,Right,23,0.0000,0.0000,0.0307,0.1778,0.0348,-0.0538,0.9820,1.416,,,,,,,
33,Right,24,0.0000,0.0000,0.0203,0.0484,-0.0491,0.0009,0.9976,1.416,,,,,,,
33,Right,25,-0.0002,0.0012,0.0219,0.0000,0.0000,0.0000,1.0000,1.416,,,,,,,
34,Left,0,0.0027,-0.0051,0.0649,0.0000,0.0000,0.0000,1.0000,1.458,,,,,,,
34,Left,1,0.0000,0.0000,0.0000,0.0000,0.0000,0.0000,1.0000,1.458,-0.1123,0.1149,0.0502,-0.3209,-0.1247,-0.7390,-0.5791
34,Left,2,0.0304,-0.0158,0.0344,-0.1515,0.2870,-0.5440,0.7738,1.458,,,,,,,
34,Left,3,0.0000,0.0000,0.0325,0.0643,-0.0647,0.0832,0.9924,1.458,,,,,,,
34,Left,4,0.0000,0.0000,0.0338,-0.0171,0.0617,-0.0827,0.9945,1.458,,,,,,,
34,Left,5,-0.0007,0.0010,0.0246,0.0000,0.0000,0.0000,1.0000,1.458,,,,,,,
34,Left,6,0.0199,-0.0094,0.0364,0.0000,0.0000,0.0000,1.0000,1.458,,,,,,,
34,Left,7,0.0037,0.0021,0.0596,0.1646,-0.0430,-0.0296,0.9850,1.458,,,,,,,
34,Left,8,0.0000,0.0000,0.0379,0.2271,-0.0011,0.0263,0.9735,1.458,,,,,,,
34,Left,9,0.0000,0.0000,0.0243,0.1041,-0.0242,0.0169,0.9941,1.458,,,,,,,
34,Left,10,-0.0003,0.0010,0.0224,0.0000,0.0000,0.0000,1.0000,1.458,,,,,,,
34,Left,11,0.0037,-0.0076,0.0342,0.0000,0.0000,0.0000,1.0000,1.458,,,,,,,
34,Left,12,-0.0020,0.0050,0.0614,0.2139,-0.0976,0.0249,0.9717,1.458,,,,,,,
34,Left,13,0.0000,0.0000,0.0429,0.2241,-0.0017,0.0124,0.9745,1.458,,,,,,,
34,Left,14,0.0000,0.0000,0.0275,0.0778,0.0028,0.0511,0.9957,1.458,,,,,,,
34,Left,15,-0.0003,0.0011,0.0250,0.0000,0.0000,0.0000,1.0000,1.458,,,,,,,
34,Left,16,-0.0150,-0.0060,0.0348,0.0000,0.0000,0.0000,1.0000,1.458,,,,,,,
34,Left,17,-0.0025,-0.0005,0.0539,0.2016,-0.1250,0.0718,0.9688,1.458,,,,,,,
34,Left,18,0.0000,0.0000,0.0390,0.1964,0.0037,0.0378,0.9798,1.458,,,,,,,
34,Left,19,0.0000,0.0000,0.0266,0.1017,0.0296,0.0094,0.9943,1.458,,,,,,,
34,Left,20,-0.0003,0.0016,0.0243,0.0000,0.0000,0.0000,1.0000,1.458,,,,,,,
34,Left,21,-0.0230,-0.0094,0.0341,0.0183,-0.1403,0.2070,0.9680,1.458,,,,,,,
34,Left,22,0.0000,0.0000,0.0457,0.1294,-0.0504,-0.0806,0.9870,1.458,,,,,,,
34,Left,23,0.0000,0.0000,0.0307,0.1934,-0.0341,0.0550,0.9790,1.458,,,,,,,
34,Left,24,0.0000,0.0000,0.0203,0.0557,0.0491,-0.0009,0.9972,1.458,,,,,,,
34,Left,25,0.0002,0.0012,0.0219,0.0000,0.0000,0.0000,1.0000,1.458,,,,,,,
34,Right,0,-0.0023,-0.0054,0.0652,0.0000,0.0000,0.0000,1.0000,1.458,,,,,,,
34,Right,1,0.0000,0.0000,0.0000,0.0000,0.0000,0.0000,1.0000,1.458,0.0032,0.1415,-0.1417,-0.1736,0.1850,-0.6815,0.6864
34,Right,2,-0.0288,-0.0182,0.0355,-0.0978,-0.2933,0.5955,0.7415,1.458,,,,,,,
34,Right,3,0.0000,0.0000,0.0325,0.1567,0.0563,-0.0825,0.9826,1.458,,,,,,,
34,Right,4,0.0000,0.0000,0.0338,0.0226,-0.0584,0.0818,0.9947,1.458,,,,,,,
34,Right,5,0.0007,0.0010,0.0246,0.0000,0.0000,0.0000,1.0000,1.458,,,,,,,
34,Right,6,-0.0191,-0.0106,0.0370,0.0000,0.0000,0.0000,1.0000,1.458,,,,,,,
34,Right,7,-0.0044,0.0033,0.0590,-0.0265,0.0130,0.0294,0.9991,1.458,,,,,,,
34,Right,8,0.0000,0.0000,0.0379,0.3310,-0.0018,-0.0261,0.9433,1.458,,,,,,,
34,Right,9,0.0000,0.0000,0.0243,0.1365,0.0235,-0.0170,0.9902,1.458,,,,,,,
34,Right,10,0.0003,0.0010,0.0224,0.0000,0.0000,0.0000,1.0000,1.458,,,,,,,
34,Right,11,-0.0029,-0.0082,0.0348,0.0000,0.0000,0.0000,1.0000,1.458,,,,,,,
34,Right,12,0.0012,0.0056,0.0608,0.0628,0.0733,-0.0100,0.9953,1.458,,,,,,,
34,Right,13,0.0000,0.0000,0.0429,0.3715,-0.0001,-0.0128,0.9284,1.458,,,,,,,
34,Right,14,0.0000,0.0000,0.0275,0.1430,-0.0057,-0.0572,0.9881,1.458,,,,,,,
34,Right,15,0.0003,0.0011,0.0250,0.0000,0.0000,0.0000,1.0000,1.458,,,,,,,
34,Right,16,0.0150,-0.0060,0.0348,0.0000,0.0000,0.0000,1.0000,1.458,,,,,,,
34,Right,17,0.0025,-0.0005,0.0539,0.0713,0.1046,-0.0554,0.9904,1.458,,,,,,,
34,Right,18,0.0000,0.0000,0.0390,0.2997,-0.0072,-0.0395,0.9532,1.458,,,,,,,
34,Right,19,0.0000,0.0000,0.0266,0.1342,-0.0297,-0.0109,0.9905,1.458,,,,,,,
34,Right,20,0.0003,0.0016,0.0243,0.0000,0.0000,0.0000,1.0000,1.458,,,,,,,
34,Right,21,0.0230,-0.0094,0.0341,0.0183,0.1403,-0.2070,0.9680,1.458,,,,,,,
34,Right,22,0.0000,0.0000,0.0457,0.0323,0.0202,0.0904,0.9952,1.458,,,,,,,
34,Right,23,0.0000,0.0000,0.0307,0.1784,0.0348,-0.0538,0.9819,1.458,,,,,,,
34,Right,24,0.0000,0.0000,0.0203,0.0487,-0.0491,0.0009,0.9976,1.458,,,,,,,
34,Right,25,-0.0002,0.0012,0.0219,0.0000,0.0000,0.0000,1.0000,1.458,,,,,,,
35,Left,0,0.0027,-0.0051,0.0649,0.0000,0.0000,0.0000,1.0000,1.500,,,,,,,
35,Left,1,0.0000,0.0000,0.0000,0.0000,0.0000,0.0000,1.0000,1.500,-0.1113,0.1139,0.0520,-0.3287,-0.1288,-0.7402,-0.5722
35,Left,2,0.0304,-0.0158,0.0344,-0.1507,0.2883,-0.5443,0.7733,1.500,,,,,,,
35,Left,3,0.0000,0.0000,0.0325,0.0643,-0.0647,0.0832,0.9924,1.500,,,,,,,
35,Left,4,0.0000,0.0000,0.0338,-0.0175,0.0618,-0.0827,0.9945,1.500,,,,,,,
35,Left,5,-0.0007,0.0010,0.0246,0.0000,0.0000,0.0000,1.0000,1.500,,,,,,,
35,Left,6,0.0199,-0.0094,0.0364,0.0000,0.0000,0.0000,1.0000,1.500,,,,,,,
35,Left,7,0.0037,0.0021,0.0596,0.1660,-0.0422,-0.0297,0.9848,1.500,,,,,,,
35,Left,8,0.0000,0.0000,0.0379,0.2320,-0.0010,0.0263,0.9724,1.500,,,,,,,
35,Left,9,0.0000,0.0000,0.0243,0.1070,-0.0241,0.0169,0.9938,1.500,,,,,,,
35,Left,10,-0.0003,0.0010,0.0224,0.0000,0.0000,0.0000,1.0000,1.500,,,,,,,
35,Left,11,0.0037,-0.0076,0.0342,0.0000,0.0000,0.0000,1.0000,1.500,,,,,,,
35,Left,12,-0.0020,0.0050,0.0614,0.2141,-0.0968,0.0247,0.9717,1.500,,,,,,,
35,Left,13,0.0000,0.0000,0.0429,0.2267,-0.0017,0.0124,0.9739,1.500,,,,,,,
35,Left,14,0.0000,0.0000,0.0275,0.0794,0.0029,0.0513,0.9955,1.500,,,,,,,
35,Left,15,-0.0003,0.0011,0.0250,0.0000,0.0000,0.0000,1.0000,1.500,,,,,,,
35,Left,16,-0.0150,-0.0060,0.0348,0.0000,0.0000,0.0000,1.0000,1.500,,,,,,,
35,Left,17,-0.0025,-0.0005,0.0539,0.2017,-0.1253,0.0719,0.9687,1.500,,,,,,,
35,Left,18,0.0000,0.0000,0.0390,0.2030,0.0039,0.0379,0.9784,1.500,,,,,,,
35,Left,19,0.0000,0.0000,0.0266,0.1042,0.0296,0.0095,0.9941,1.500,,,,,,,
35,Left,20,-0.0003,0.0016,0.0243,0.0000,0.0000,0.0000,1.0000,1.500,,,,,,,
35,Left,21,-0.0230,-0.0094,0.0341,0.0183,-0.1403,0.2070,0.9680,1.500,,,,,,,
35,Left,22,0.0000,0.0000,0.0457,0.1250,-0.0517,-0.0808,0.9875,1.500,,,,,,,
35,Left,23,0.0000,0.0000,0.0307,0.1956,-0.0340,0.0552,0.9785,1.500,,,,,,,
35,Left,24,0.0000,0.0000,0.0203,0.0572,0.0490,-0.0009,0.9972,1.500,,,,,,,
35,Left,25,0.0002,0.0012,0.0219,0.0000,0.0000,0.0000,1.0000,1.500,,,,,,,
35,Right,0,-0.0023,-0.0054,0.0652,0.0000,0.0000,0.0000,1.0000,1.500,,,,,,,
35,Right,1,0.0000,0.0000,0.0000,0.0000,0.0000,0.0000,1.0000,1.500,-0.0012,0.1418,-0.1463,-0.1837,0.1882,-0.6667,0.6974
35,Right,2,-0.0287,-0.0183,0.0355,-0.0967,-0.2930,0.5967,0.7408,1.500,,,,,,,
35,Right,3,0.0000,0.0000,0.0325,0.1578,0.0562,-0.0825,0.9824,1.500,,,,,,,
35,Right,4,0.0000,0.0000,0.0338,0.0223,-0.0585,0.0818,0.9947,1.500,,,,,,,
35,Right,5,0.0007,0.0010,0.0246,0.0000,0.0000,0.0000,1.0000,1.500,,,,,,,
35,Right,6,-0.0191,-0.0106,0.0370,0.0000,0.0000,0.0000,1.0000,1.500,,,,,,,
35,Right,7,-0.0045,0.0033,0.0590,-0.0273,0.0126,0.0294,0.9991,1.500,,,,,,,
35,Right,8,0.0000,0.0000,0.0379,0.3369,-0.0019,-0.0261,0.9412,1.500,,,,,,,
35,Right,9,0.0000,0.0000,0.0243,0.1378,0.0235,-0.0170,0.9900,1.500,,,,,,,
35,Right,10,0.0003,0.0010,0.0224,0.0000,0.0000,0.0000,1.0000,1.500,,,,,,,
35,Right,11,-0.0029,-0.0082,0.0348,0.0000,0.0000,0.0000,1.0000,1.500,,,,,,,
35,Right,12,0.0011,0.0057,0.0608,0.0636,0.0719,-0.0100,0.9953,1.500,,,,,,,
35,Right,13,0.0000,0.0000,0.0429,0.3945,-0.0004,-0.0129,0.9188,1.500,,,,,,,
35,Right,14,0.0000,0.0000,0.0275,0.1610,-0.0065,-0.0588,0.9852,1.500,,,,,,,
35,Right,15,0.0003,0.0011,0.0250,0.0000,0.0000,0.0000,1.0000,1.500,,,,,,,
35,Right,16,0.0150,-0.0060,0.0348,0.0000,0.0000,0.0000,1.0000,1.500,,,,,,,
35,Right,17,0.0025,-0.0005,0.0539,0.0723,0.1037,-0.0555,0.9904,1.500,,,,,,,
35,Right,18,0.0000,0.0000,0.0390,0.3201,-0.0079,-0.0398,0.9465,1.500,,,,,,,
35,Right,19,0.0000,0.0000,0.0266,0.1503,-0.0297,-0.0116,0.9881,1.500,,,,,,,
35,Right,20,0.0003,0.0016,0.0243,0.0000,0.0000,0.0000,1.0000,1.500,,,,,,,
35,Right,21,0.0230,-0.0094,0.0341,0.0183,0.1403,-0.2070,0.9680,1.500,,,,,,,
35,Right,22,0.0000,0.0000,0.0457,0.0385,0.0208,0.0900,0.9950,1.500,,,,,,,
35,Right,23,0.0000,0.0000,0.0307,0.1882,0.0343,-0.0546,0.9800,1.500,,,,,,,
35,Right,24,0.0000,0.0000,0.0203,0.0546,-0.0491,0.0009,0.9973,1.500,,,,,,,
35,Right,25,-0.0002,0.0012,0.0219,0.0000,0.0000,0.0000,1.0000,1.500,,,,,,,
36,Left,0,0.0027,-0.0051,0.0649,0.0000,0.0000,0.0000,1.0000,1.541,,,,,,,
36,Left,1,0.0000,0.0000,0.0000,0.0000,0.0000,0.0000,1.0000,1.541,-0.1100,0.1126,0.0543,-0.3344,-0.1307,-0.7419,-0.5663
36,Left,2,0.0304,-0.0158,0.0344,-0.1498,0.2894,-0.5448,0.7727,1.541,,,,,,,
36,Left,3,0.0000,0.0000,0.0325,0.0644,-0.0647,0.0832,0.9923,1.541,,,,,,,
36,Left,4,0.0000,0.0000,0.0338,-0.0180,0.0618,-0.0827,0.9945,1.541,,,,,,,
36,Left,5,-0.0007,0.0010,0.0246,0.0000,0.0000,0.0000,1.0000,1.541,,,,,,,
36,Left,6,0.0199,-0.0094,0.0364,0.0000,0.0000,0.0000,1.0000,1.541,,,,,,,
36,Left,7,0.0037,0.0021,0.0596,0.1668,-0.0412,-0.0298,0.9847,1.541,,,,,,,
36,Left,8,0.0000,0.0000,0.0379,0.2334,-0.0010,0.0263,0.9720,1.541,,,,,,,
36,Left,9,0.0000,0.0000,0.0243,0.1086,-0.0241,0.0169,0.9936,1.541,,,,,,,
36,Left,10,-0.0003,0.0010,0.0224,0.0000,0.0000,0.0000,1.0000,1.541,,,,,,,
36,Left,11,0.0037,-0.0076,0.0342,0.0000,0.0000,0.0000,1.0000,1.541,,,,,,,
36,Left,12,-0.0020,0.0050,0.0614,0.2140,-0.0958,0.0246,0.9718,1.541,,,,,,,
36,Left,13,0.0000,0.0000,0.0429,0.2286,-0.0017,0.0124,0.9734,1.541,,,,,,,
36,Left,14,0.0000,0.0000,0.0275,0.0810,0.0030,0.0514,0.9954,1.541,,,,,,,
36,Left,15,-0.0003,0.0011,0.0250,0.0000,0.0000,0.0000,1.0000,1.541,,,,,,,
36,Left,16,-0.0150,-0.0060,0.0348,0.0000,0.0000,0.0000,1.0000,1.541,,,,,,,
36,Left,17,-0.0025,-0.0005,0.0539,0.2016,-0.1254,0.0719,0.9688,1.541,,,,,,,
36,Left,18,0.0000,0.0000,0.0390,0.2086,0.0041,0.0380,0.9772,1.541,,,,,,,
36,Left,19,0.0000,0.0000,0.0266,0.1064,0.0296,0.0096,0.9938,1.541,,,,,,,
36,Left,20,-0.0003,0.0016,0.0243,0.0000,0.0000,0.0000,1.0000,1.541,,,,,,,
36,Left,21,-0.0230,-0.0094,0.0341,0.0183,-0.1403,0.2070,0.9680,1.541,,,,,,,
36,Left,22,0.0000,0.0000,0.0457,0.1143,-0.0524,-0.0817,0.9887,1.541,,,,,,,
36,Left,23,0.0000,0.0000,0.0307,0.1990,-0.0338,0.0555,0.9778,1.541,,,,,,,
36,Left,24,0.0000,0.0000,0.0203,0.0589,0.0490,-0.0009,0.9971,1.541,,,,,,,
36,Left,25,0.0002,0.0012,0.0219,0.0000,0.0000,0.0000,1.0000,1.541,,,,,,,
36,Right,0,-0.0023,-0.0054,0.0652,0.0000,0.0000,0.0000,1.0000,1.541,,,,,,,
36,Right,1,0.0000,0.0000,0.0000,0.0000,0.0000,0.0000,1.0000,1.541,-0.0043,0.1413,-0.1501,-0.1907,0.1887,-0.6595,0.7022
36,Right,2,-0.0287,-0.0183,0.0356,-0.0957,-0.2928,0.5978,0.7402,1.541,,,,,,,
36,Right,3,0.0000,0.0000,0.0325,0.1624,0.0558,-0.0825,0.9817,1.541,,,,,,,
36,Right,4,0.0000,0.0000,0.0338,0.0229,-0.0584,0.0818,0.9947,1.541,,,,,,,
36,Right,5,0.0007,0.0010,0.0246,0.0000,0.0000,0.0000,1.0000,1.541,,,,,,,
36,Right,6,-0.0191,-0.0106,0.0370,0.0000,0.0000,0.0000,1.0000,1.541,,,,,,,
36,Right,7,-0.0045,0.0033,0.0590,-0.0278,0.0125,0.0294,0.9991,1.541,,,,,,,
36,Right,8,0.0000,0.0000,0.0379,0.3389,-0.0020,-0.0261,0.9405,1.541,,,,,,,
36,Right,9,0.0000,0.0000,0.0243,0.1393,0.0235,-0.0170,0.9898,1.541,,,,,,,
36,Right,10,0.0003,0.0010,0.0224,0.0000,0.0000,0.0000,1.0000,1.541,,,,,,,
36,Right,11,-0.0029,-0.0082,0.0348,0.0000,0.0000,0.0000,1.0000,1.541,,,,,,,
36,Right,12,0.0011,0.0057,0.0608,0.0638,0.0706,-0.0100,0.9954,1.541,,,,,,,
36,Right,13,0.0000,0.0000,0.0429,0.3944,-0.0004,-0.0129,0.9189,1.541,,,,,,,
36,Right,14,0.0000,0.0000,0.0275,0.1622,-0.0065,-0.0589,0.9850,1.541,,,,,,,
36,Right,15,0.0003,0.0011,0.0250,0.0000,0.0000,0.0000,1.0000,1.541,,,,,,,
36,Right,16,0.0150,-0.0060,0.0348,0.0000,0.0000,0.0000,1.0000,1.541,,,,,,,
36,Right,17,0.0025,-0.0005,0.0539,0.0722,0.1027,-0.0555,0.9905,1.541,,,,,,,
36,Right,18,0.0000,0.0000,0.0390,0.3212,-0.0079,-0.0398,0.9462,1.541,,,,,,,
36,Right,19,0.0000,0.0000,0.0266,0.1535,-0.0297,-0.0118,0.9876,1.541,,,,,,,
36,Right,20,0.0003,0.0016,0.0243,0.0000,0.0000,0.0000,1.0000,1.541,,,,,,,
36,Right,21,0.0230,-0.0094,0.0341,0.0183,0.1403,-0.2070,0.9680,1.541,,,,,,,
36,Right,22,0.0000,0.0000,0.0457,0.0394,0.0210,0.0899,0.9950,1.541,,,,,,,
36,Right,23,0.0000,0.0000,0.0307,0.1955,0.0340,-0.0552,0.9786,1.541,,,,,,,
36,Right,24,0.0000,0.0000,0.0203,0.0584,-0.0490,0.0009,0.9971,1.541,,,,,,,
36,Right,25,-0.0002,0.0012,0.0219,0.0000,0.0000,0.0000,1.0000,1.541,,,,,,,
37,Left,0,0.0027,-0.0051,0.0649,0.0000,0.0000,0.0000,1.0000,1.583,,,,,,,
37,Left,1,0.0000,0.0000,0.0000,0.0000,0.0000,0.0000,1.0000,1.583,-0.1090,0.1123,0.0563,-0.3363,-0.1311,-0.7419,-0.5651
37,Left,2,0.0304,-0.0158,0.0344,-0.1489,0.2900,-0.5454,0.7722,1.583,,,,,,,
37,Left,3,0.0000,0.0000,0.0325,0.0645,-0.0647,0.0832,0.9923,1.583,,,,,,,
37,Left,4,0.0000,0.0000,0.0338,-0.0185,0.0618,-0.0827,0.9945,1.583,,,,,,,
37,Left,5,-0.0007,0.0010,0.0246,0.0000,0.0000,0.0000,1.0000,1.583,,,,,,,
37,Left,6,0.0199,-0.0094,0.0364,0.0000,0.0000,0.0000,1.0000,1.583,,,,,,,
37,Left,7,0.0037,0.0021,0.0596,0.1679,-0.0399,-0.0300,0.9845,1.583,,,,,,,
37,Left,8,0.0000,0.0000,0.0379,0.2349,-0.0009,0.0263,0.9717,1.583,,,,,,,
37,Left,9,0.0000,0.0000,0.0243,0.1102,-0.0241,0.0169,0.9935,1.583,,,,,,,
37,Left,10,-0.0003,0.0010,0.0224,0.0000,0.0000,0.0000,1.0000,1.583,,,,,,,
37,Left,11,0.0037,-0.0076,0.0342,0.0000,0.0000,0.0000,1.0000,1.583,,,,,,,
37,Left,12,-0.0020,0.0050,0.0614,0.2138,-0.0946,0.0243,0.9720,1.583,,,,,,,
37,Left,13,0.0000,0.0000,0.0429,0.2305,-0.0016,0.0124,0.9730,1.583,,,,,,,
37,Left,14,0.0000,0.0000,0.0275,0.0825,0.0031,0.0516,0.9952,1.583,,,,,,,
37,Left,15,-0.0003,0.0011,0.0250,0.0000,0.0000,0.0000,1.0000,1.583,,,,,,,
37,Left,16,-0.0150,-0.0060,0.0348,0.0000,0.0000,0.0000,1.0000,1.583,,,,,,,
37,Left,17,-0.0025,-0.0005,0.0539,0.2010,-0.1252,0.0718,0.9689,1.583,,,,,,,
37,Left,18,0.0000,0.0000,0.0390,0.2119,0.0042,0.0381,0.9765,1.583,,,,,,,
37,Left,19,0.0000,0.0000,0.0266,0.1088,0.0296,0.0097,0.9936,1.583,,,,,,,
37,Left,20,-0.0003,0.0016,0.0243,0.0000,0.0000,0.0000,1.0000,1.583,,,,,,,
37,Left,21,-0.0230,-0.0094,0.0341,0.0183,-0.1403,0.2070,0.9680,1.583,,,,,,,
37,Left,22,0.0000,0.0000,0.0457,0.1051,-0.0529,-0.0825,0.9896,1.583,,,,,,,
37,Left,23,0.0000,0.0000,0.0307,0.2017,-0.0337,0.0557,0.9773,1.583,,,,,,,
37,Left,24,0.0000,0.0000,0.0203,0.0609,0.0490,-0.0009,0.9969,1.583,,,,,,,
37,Left,25,0.0002,0.0012,0.0219,0.0000,0.0000,0.0000,1.0000,1.583,,,,,,,
37,Right,0,-0.0023,-0.0054,0.0652,0.0000,0.0000,0.0000,1.0000,1.583,,,,,,,
37,Right,1,0.0000,0.0000,0.0000,0.0000,0.0000,0.0000,1.0000,1.583,-0.0064,0.1415,-0.1533,-0.1934,0.1881,-0.6580,0.7030
37,Right,2,-0.0287,-0.0184,0.0356,-0.0948,-0.2928,0.5985,0.7396,1.583,,,,,,,
37,Right,3,0.0000,0.0000,0.0325,0.1732,0.0547,-0.0823,0.9799,1.583,,,,,,,
37,Right,4,0.0000,0.0000,0.0338,0.0280,-0.0580,0.0816,0.9946,1.583,,,,,,,
37,Right,5,0.0007,0.0010,0.0246,0.0000,0.0000,0.0000,1.0000,1.583,,,,,,,
37,Right,6,-0.0190,-0.0106,0.0370,0.0000,0.0000,0.0000,1.0000,1.583,,,,,,,
37,Right,7,-0.0045,0.0033,0.0590,-0.0282,0.0126,0.0294,0.9991,1.583,,,,,,,
37,Right,8,0.0000,0.0000,0.0379,0.3404,-0.0020,-0.0261,0.9399,1.583,,,,,,,
37,Right,9,0.0000,0.0000,0.0243,0.1406,0.0235,-0.0170,0.9896,1.583,,,,,,,
37,Right,10,0.0003,0.0010,0.0224,0.0000,0.0000,0.0000,1.0000,1.583,,,,,,,
37,Right,11,-0.0028,-0.0082,0.0348,0.0000,0.0000,0.0000,1.0000,1.583,,,,,,,
37,Right,12,0.0011,0.0057,0.0608,0.0638,0.0694,-0.0100,0.9955,1.583,,,,,,,
37,Right,13,0.0000,0.0000,0.0429,0.3927,-0.0004,-0.0129,0.9196,1.583,,,,,,,
37,Right,14,0.0000,0.0000,0.0275,0.1624,-0.0065,-0.0590,0.9849,1.583,,,,,,,
37,Right,15,0.0003,0.0011,0.0250,0.0000,0.0000,0.0000,1.0000,1.583,,,,,,,
37,Right,16,0.0150,-0.0060,0.0348,0.0000,0.0000,0.0000,1.0000,1.583,,,,,,,
37,Right,17,0.0025,-0.0005,0.0539,0.0717,0.1016,-0.0554,0.9907,1.583,,,,,,,
37,Right,18,0.0000,0.0000,0.0390,0.3211,-0.0079,-0.0398,0.9462,1.583,,,,,,,
37,Right,19,0.0000,0.0000,0.0266,0.1545,-0.0297,-0.0118,0.9875,1.583,,,,,,,
37,Right,20,0.0003,0.0016,0.0243,0.0000,0.0000,0.0000,1.0000,1.583,,,,,,,
37,Right,21,0.0230,-0.0094,0.0341,0.0183,0.1403,-0.2070,0.9680,1.583,,,,,,,
37,Right,22,0.0000,0.0000,0.0457,0.0396,0.0211,0.0899,0.9949,1.583,,,,,,,
37,Right,23,0.0000,0.0000,0.0307,0.1986,0.0338,-0.0554,0.9779,1.583,,,,,,,
37,Right,24,0.0000,0.0000,0.0203,0.0597,-0.0490,0.0009,0.9970,1.583,,,,,,,
37,Right,25,-0.0002,0.0012,0.0219,0.0000,0.0000,0.0000,1.0000,1.583,,,,,,,
38,Left,0,0.0027,-0.0051,0.0649,0.0000,0.0000,0.0000,1.0000,1.625,,,,,,,
38,Left,1,0.0000,0.0000,0.0000,0.0000,0.0000,0.0000,1.0000,1.625,-0.1083,0.1121,0.0582,-0.3381,-0.1320,-0.7419,-0.5638
38,Left,2,0.0303,-0.0159,0.0344,-0.1480,0.2906,-0.5461,0.7716,1.625,,,,,,,
38,Left,3,0.0000,0.0000,0.0325,0.0643,-0.0647,0.0832,0.9924,1.625,,,,,,,
38,Left,4,0.0000,0.0000,0.0338,-0.0187,0.0618,-0.0827,0.9945,1.625,,,,,,,
38,Left,5,-0.0007,0.0010,0.0246,0.0000,0.0000,0.0000,1.0000,1.625,,,,,,,
38,Left,6,0.0199,-0.0094,0.0364,0.0000,0.0000,0.0000,1.0000,1.625,,,,,,,
38,Left,7,0.0037,0.0021,0.0596,0.1682,-0.0384,-0.0301,0.9845,1.625,,,,,,,
38,Left,8,0.0000,0.0000,0.0379,0.2359,-0.0009,0.0263,0.9714,1.625,,,,,,,
38,Left,9,0.0000,0.0000,0.0243,0.1116,-0.0240,0.0169,0.9933,1.625,,,,,,,
38,Left,10,-0.0003,0.0010,0.0224,0.0000,0.0000,0.0000,1.0000,1.625,,,,,,,
38,Left,11,0.0037,-0.0076,0.0342,0.0000,0.0000,0.0000,1.0000,1.625,,,,,,,
38,Left,12,-0.0019,0.0051,0.0614,0.2135,-0.0932,0.0240,0.9722,1.625,,,,,,,
38,Left,13,0.0000,0.0000,0.0429,0.2313,-0.0016,0.0124,0.9728,1.625,,,,,,,
38,Left,14,0.0000,0.0000,0.0275,0.0837,0.0031,0.0517,0.9951,1.625,,,,,,,
38,Left,15,-0.0003,0.0011,0.0250,0.0000,0.0000,0.0000,1.0000,1.625,,,,,,,
38,Left,16,-0.0150,-0.0060,0.0348,0.0000,0.0000,0.0000,1.0000,1.625,,,,,,,
38,Left,17,-0.0025,-0.0005,0.0539,0.2003,-0.1249,0.0717,0.9691,1.625,,,,,,,
38,Left,18,0.0000,0.0000,0.0390,0.2134,0.0042,0.0381,0.9762,1.625,,,,,,,
38,Left,19,0.0000,0.0000,0.0266,0.1104,0.0296,0.0098,0.9934,1.625,,,,,,,
38,Left,20,-0.0003,0.0016,0.0243,0.0000,0.0000,0.0000,1.0000,1.625,,,,,,,
38,Left,21,-0.0230,-0.0094,0.0341,0.0183,-0.1403,0.2070,0.9680,1.625,,,,,,,
38,Left,22,0.0000,0.0000,0.0457,0.1033,-0.0539,-0.0825,0.9898,1.625,,,,,,,
38,Left,23,0.0000,0.0000,0.0307,0.2034,-0.0336,0.0558,0.9769,1.625,,,,,,,
38,Left,24,0.0000,0.0000,0.0203,0.0626,0.0490,-0.0009,0.9968,1.625,,,,,,,
38,Left,25,0.0002,0.0012,0.0219,0.0000,0.0000,0.0000,1.0000,1.625,,,,,,,
38,Right,0,-0.0023,-0.0054,0.0652,0.0000,0.0000,0.0000,1.0000,1.625,,,,,,,
38,Right,1,0.0000,0.0000,0.0000,0.0000,0.0000,0.0000,1.0000,1.625,-0.0075,0.1431,-0.1567,-0.1937,0.1867,-0.6590,0.7024
38,Right,2,-0.0287,-0.0184,0.0356,-0.0943,-0.2932,0.5988,0.7393,1.625,,,,,,,
38,Right,3,0.0000,0.0000,0.0325,0.1873,0.0534,-0.0821,0.9774,1.625,,,,,,,
38,Right,4,0.0000,0.0000,0.0338,0.0414,-0.0569,0.0813,0.9942,1.625,,,,,,,
38,Right,5,0.0007,0.0010,0.0246,0.0000,0.0000,0.0000,1.0000,1.625,,,,,,,
38,Right,6,-0.0190,-0.0107,0.0370,0.0000,0.0000,0.0000,1.0000,1.625,,,,,,,
38,Right,7,-0.0045,0.0033,0.0590,-0.0290,0.0128,0.0294,0.9991,1.625,,,,,,,
38,Right,8,0.0000,0.0000,0.0379,0.3417,-0.0021,-0.0261,0.9394,1.625,,,,,,,
38,Right,9,0.0000,0.0000,0.0243,0.1416,0.0234,-0.0170,0.9895,1.625,,,,,,,
38,Right,10,0.0003,0.0010,0.0224,0.0000,0.0000,0.0000,1.0000,1.625,,,,,,,
38,Right,11,-0.0028,-0.0082,0.0348,0.0000,0.0000,0.0000,1.0000,1.625,,,,,,,
38,Right,12,0.0011,0.0057,0.0608,0.0637,0.0684,-0.0099,0.9956,1.625,,,,,,,
38,Right,13,0.0000,0.0000,0.0429,0.3903,-0.0004,-0.0129,0.9206,1.625,,,,,,,
38,Right,14,0.0000,0.0000,0.0275,0.1618,-0.0065,-0.0589,0.9850,1.625,,,,,,,
38,Right,15,0.0003,0.0011,0.0250,0.0000,0.0000,0.0000,1.0000,1.625,,,,,,,
38,Right,16,0.0150,-0.0060,0.0348,0.0000,0.0000,0.0000,1.0000,1.625,,,,,,,
38,Right,17,0.0025,-0.0005,0.0539,0.0713,0.1005,-0.0553,0.9908,1.625,,,,,,,
38,Right,18,0.0000,0.0000,0.0390,0.3200,-0.0079,-0.0398,0.9465,1.625,,,,,,,
38,Right,19,0.0000,0.0000,0.0266,0.1543,-0.0297,-0.0118,0.9875,1.625,,,,,,,
38,Right,20,0.0003,0.0016,0.0243,0.0000,0.0000,0.0000,1.0000,1.625,,,,,,,
38,Right,21,0.0230,-0.0094,0.0341,0.0183,0.1403,-0.2070,0.9680,1.625,,,,,,,
38,Right,22,0.0000,0.0000,0.0457,0.0392,0.0213,0.0899,0.9949,1.625,,,,,,,
38,Right,23,0.0000,0.0000,0.0307,0.1988,0.0338,-0.0554,0.9779,1.625,,,,,,,
38,Right,24,0.0000,0.0000,0.0203,0.0592,-0.0490,0.0009,0.9970,1.625,,,,,,,
38,Right,25,-0.0002,0.0012,0.0219,0.0000,0.0000,0.0000,1.0000,1.625,,,,,,,
39,Left,0,0.0027,-0.0051,0.0649,0.0000,0.0000,0.0000,1.0000,1.666,,,,,,,
39,Left,1,0.0000,0.0000,0.0000,0.0000,0.0000,0.0000,1.0000,1.666,-0.1082,0.1121,0.0593,-0.3390,-0.1326,-0.7416,-0.5634
39,Left,2,0.0303,-0.0159,0.0344,-0.1471,0.2915,-0.5467,0.7711,1.666,,,,,,,
39,Left,3,0.0000,0.0000,0.0325,0.0641,-0.0647,0.0832,0.9924,1.666,,,,,,,
39,Left,4,0.0000,0.0000,0.0338,-0.0188,0.0619,-0.0827,0.9945,1.666,,,,,,,
39,Left,5,-0.0007,0.0010,0.0246,0.0000,0.0000,0.0000,1.0000,1.666,,,,,,,
39,Left,6,0.0199,-0.0094,0.0364,0.0000,0.0000,0.0000,1.0000,1.666,,,,,,,
39,Left,7,0.0037,0.0021,0.0596,0.1680,-0.0371,-0.0303,0.9846,1.666,,,,,,,
39,Left,8,0.0000,0.0000,0.0379,0.2357,-0.0009,0.0263,0.9715,1.666,,,,,,,
39,Left,9,0.0000,0.0000,0.0243,0.1123,-0.0240,0.0169,0.9932,1.666,,,,,,,
39,Left,10,-0.0003,0.0010,0.0224,0.0000,0.0000,0.0000,1.0000,1.666,,,,,,,
39,Left,11,0.0037,-0.0076,0.0342,0.0000,0.0000,0.0000,1.0000,1.666,,,,,,,
39,Left,12,-0.0019,0.0051,0.0614,0.2130,-0.0920,0.0238,0.9724,1.666,,,,,,,
39,Left,13,0.0000,0.0000,0.0429,0.2309,-0.0016,0.0124,0.9729,1.666,,,,,,,
39,Left,14,0.0000,0.0000,0.0275,0.0839,0.0031,0.0517,0.9951,1.666,,,,,,,
39,Left,15,-0.0003,0.0011,0.0250,0.0000,0.0000,0.0000,1.0000,1.666,,,,,,,
39,Left,16,-0.0150,-0.0060,0.0348,0.0000,0.0000,0.0000,1.0000,1.666,,,,,,,
39,Left,17,-0.0025,-0.0005,0.0539,0.1999,-0.1247,0.0716,0.9692,1.666,,,,,,,
39,Left,18,0.0000,0.0000,0.0390,0.2137,0.0043,0.0381,0.9761,1.666,,,,,,,
39,Left,19,0.0000,0.0000,0.0266,0.1113,0.0296,0.0098,0.9933,1.666,,,,,,,
39,Left,20,-0.0003,0.0016,0.0243,0.0000,0.0000,0.0000,1.0000,1.666,,,,,,,
39,Left,21,-0.0230,-0.0094,0.0341,0.0183,-0.1403,0.2070,0.9680,1.666,,,,,,,
39,Left,22,0.0000,0.0000,0.0457,0.1018,-0.0552,-0.0826,0.9898,1.666,,,,,,,
39,Left,23,0.0000,0.0000,0.0307,0.2044,-0.0336,0.0559,0.9767,1.666,,,,,,,
39,Left,24,0.0000,0.0000,0.0203,0.0637,0.0490,-0.0009,0.9968,1.666,,,,,,,
39,Left,25,0.0002,0.0012,0.0219,0.0000,0.0000,0.0000,1.0000,1.666,,,,,,,
39,Right,0,-0.0023,-0.0054,0.0652,0.0000,0.0000,0.0000,1.0000,1.666,,,,,,,
39,Right,1,0.0000,0.0000,0.0000,0.0000,0.0000,0.0000,1.0000,1.666,-0.0079,0.1440,-0.1602,-0.1911,0.1845,-0.6623,0.7006
39,Right,2,-0.0287,-0.0184,0.0356,-0.0941,-0.2940,0.5986,0.7392,1.666,,,,,,,
39,Right,3,0.0000,0.0000,0.0325,0.1906,0.0530,-0.0821,0.9768,1.666,,,,,,,
39,Right,4,0.0000,0.0000,0.0338,0.0507,-0.0561,0.0810,0.9938,1.666,,,,,,,
39,Right,5,0.0007,0.0010,0.0246,0.0000,0.0000,0.0000,1.0000,1.666,,,,,,,
39,Right,6,-0.0190,-0.0106,0.0370,0.0000,0.0000,0.0000,1.0000,1.666,,,,,,,
39,Right,7,-0.0045,0.0033,0.0590,-0.0308,0.0126,0.0293,0.9990,1.666,,,,,,,
39,Right,8,0.0000,0.0000,0.0379,0.3427,-0.0021,-0.0260,0.9391,1.666,,,,,,,
39,Right,9,0.0000,0.0000,0.0243,0.1424,0.0234,-0.0170,0.9894,1.666,,,,,,,
39,Right,10,0.0003,0.0010,0.0224,0.0000,0.0000,0.0000,1.0000,1.666,,,,,,,
39,Right,11,-0.0028,-0.0082,0.0348,0.0000,0.0000,0.0000,1.0000,1.666,,,,,,,
39,Right,12,0.0011,0.0057,0.0608,0.0635,0.0678,-0.0099,0.9956,1.666,,,,,,,
39,Right,13,0.0000,0.0000,0.0429,0.3888,-0.0004,-0.0129,0.9212,1.666,,,,,,,
39,Right,14,0.0000,0.0000,0.0275,0.1610,-0.0065,-0.0588,0.9852,1.666,,,,,,,
39,Right,15,0.0003,0.0011,0.0250,0.0000,0.0000,0.0000,1.0000,1.666,,,,,,,
39,Right,16,0.0150,-0.0060,0.0348,0.0000,0.0000,0.0000,1.0000,1.666,,,,,,,
39,Right,17,0.0025,-0.0005,0.0539,0.0713,0.0997,-0.0553,0.9909,1.666,,,,,,,
39,Right,18,0.0000,0.0000,0.0390,0.3185,-0.0079,-0.0398,0.9470,1.666,,,,,,,
39,Right,19,0.0000,0.0000,0.0266,0.1535,-0.0297,-0.0118,0.9876,1.666,,,,,,,
39,Right,20,0.0003,0.0016,0.0243,0.0000,0.0000,0.0000,1.0000,1.666,,,,,,,
39,Right,21,0.0230,-0.0094,0.0341,0.0183,0.1403,-0.2070,0.9680,1.666,,,,,,,
39,Right,22,0.0000,0.0000,0.0457,0.0380,0.0219,0.0900,0.9950,1.666,,,,,,,
39,Right,23,0.0000,0.0000,0.0307,0.1977,0.0339,-0.0554,0.9781,1.666,,,,,,,
39,Right,24,0.0000,0.0000,0.0203,0.0577,-0.0490,0.0009,0.9971,1.666,,,,,,,
39,Right,25,-0.0002,0.0012,0.0219,0.0000,0.0000,0.0000,1.0000,1.666,,,,,,,
40,Left,0,0.0027,-0.0051,0.0649,0.0000,0.0000,0.0000,1.0000,1.708,,,,,,,
40,Left,1,0.0000,0.0000,0.0000,0.0000,0.0000,0.0000,1.0000,1.708,-0.1082,0.1118,0.0609,-0.3394,-0.1330,-0.7414,-0.5634
40,Left,2,0.0303,-0.0159,0.0344,-0.1464,0.2923,-0.5471,0.7706,1.708,,,,,,,
40,Left,3,0.0000,0.0000,0.0325,0.0639,-0.0647,0.0832,0.9924,1.708,,,,,,,
40,Left,4,0.0000,0.0000,0.0338,-0.0185,0.0618,-0.0827,0.9945,1.708,,,,,,,
40,Left,5,-0.0007,0.0010,0.0246,0.0000,0.0000,0.0000,1.0000,1.708,,,,,,,
40,Left,6,0.0199,-0.0094,0.0364,0.0000,0.0000,0.0000,1.0000,1.708,,,,,,,
40,Left,7,0.0037,0.0021,0.0596,0.1678,-0.0360,-0.0304,0.9847,1.708,,,,,,,
40,Left,8,0.0000,0.0000,0.0379,0.2351,-0.0009,0.0263,0.9716,1.708,,,,,,,
40,Left,9,0.0000,0.0000,0.0243,0.1127,-0.0240,0.0169,0.9932,1.708,,,,,,,
40,Left,10,-0.0003,0.0010,0.0224,0.0000,0.0000,0.0000,1.0000,1.708,,,,,,,
40,Left,11,0.0037,-0.0076,0.0342,0.0000,0.0000,0.0000,1.0000,1.708,,,,,,,
40,Left,12,-0.0019,0.0051,0.0614,0.2128,-0.0911,0.0236,0.9726,1.708,,,,,,,
40,Left,13,0.0000,0.0000,0.0429,0.2297,-0.0017,0.0124,0.9732,1.708,,,,,,,
40,Left,14,0.0000,0.0000,0.0275,0.0836,0.0031,0.0517,0.9952,1.708,,,,,,,
40,Left,15,-0.0003,0.0011,0.0250,0.0000,0.0000,0.0000,1.0000,1.708,,,,,,,
40,Left,16,-0.0150,-0.0060,0.0348,0.0000,0.0000,0.0000,1.0000,1.708,,,,,,,
40,Left,17,-0.0025,-0.0005,0.0539,0.1996,-0.1246,0.0715,0.9693,1.708,,,,,,,
40,Left,18,0.0000,0.0000,0.0390,0.2131,0.0042,0.0381,0.9763,1.708,,,,,,,
40,Left,19,0.0000,0.0000,0.0266,0.1118,0.0296,0.0099,0.9932,1.708,,,,,,,
40,Left,20,-0.0003,0.0016,0.0243,0.0000,0.0000,0.0000,1.0000,1.708,,,,,,,
40,Left,21,-0.0230,-0.0094,0.0341,0.0183,-0.1403,0.2070,0.9680,1.708,,,,,,,
40,Left,22,0.0000,0.0000,0.0457,0.1006,-0.0567,-0.0825,0.9899,1.708,,,,,,,
40,Left,23,0.0000,0.0000,0.0307,0.2047,-0.0335,0.0559,0.9766,1.708,,,,,,,
40,Left,24,0.0000,0.0000,0.0203,0.0642,0.0490,-0.0009,0.9967,1.708,,,,,,,
40,Left,25,0.0002,0.0012,0.0219,0.0000,0.0000,0.0000,1.0000,1.708,,,,,,,
40,Right,0,-0.0023,-0.0054,0.0652,0.0000,0.0000,0.0000,1.0000,1.708,,,,,,,
40,Right,1,0.0000,0.0000,0.0000,0.0000,0.0000,0.0000,1.0000,1.708,-0.0080,0.1440,-0.1627,-0.1876,0.1834,-0.6651,0.6992
40,Right,2,-0.0287,-0.0183,0.0356,-0.0938,-0.2949,0.5984,0.7390,1.708,,,,,,,
40,Right,3,0.0000,0.0000,0.0325,0.1927,0.0528,-0.0821,0.9764,1.708,,,,,,,
40,Right,4,0.0000,0.0000,0.0338,0.0587,-0.0554,0.0808,0.9935,1.708,,,,,,,
40,Right,5,0.0007,0.0010,0.0246,0.0000,0.0000,0.0000,1.0000,1.708,,,,,,,
40,Right,6,-0.0191,-0.0106,0.0370,0.0000,0.0000,0.0000,1.0000,1.708,,,,,,,
40,Right,7,-0.0045,0.0033,0.0590,-0.0361,0.0125,0.0292,0.9988,1.708,,,,,,,
40,Right,8,0.0000,0.0000,0.0379,0.3435,-0.0021,-0.0260,0.9388,1.708,,,,,,,
40,Right,9,0.0000,0.0000,0.0243,0.1431,0.0234,-0.0170,0.9893,1.708,,,,,,,
40,Right,10,0.0003,0.0010,0.0224,0.0000,0.0000,0.0000,1.0000,1.708,,,,,,,
40,Right,11,-0.0028,-0.0082,0.0348,0.0000,0.0000,0.0000,1.0000,1.708,,,,,,,
40,Right,12,0.0011,0.0057,0.0608,0.0633,0.0675,-0.0099,0.9957,1.708,,,,,,,
40,Right,13,0.0000,0.0000,0.0429,0.3880,-0.0003,-0.0129,0.9216,1.708,,,,,,,
40,Right,14,0.0000,0.0000,0.0275,0.1603,-0.0065,-0.0588,0.9853,1.708,,,,,,,
40,Right,15,0.0003,0.0011,0.0250,0.0000,0.0000,0.0000,1.0000,1.708,,,,,,,
40,Right,16,0.0150,-0.0060,0.0348,0.0000,0.0000,0.0000,1.0000,1.708,,,,,,,
40,Right,17,0.0025,-0.0005,0.0539,0.0711,0.0991,-0.0553,0.9910,1.708,,,,,,,
40,Right,18,0.0000,0.0000,0.0390,0.3173,-0.0078,-0.0398,0.9475,1.708,,,,,,,
40,Right,19,0.0000,0.0000,0.0266,0.1526,-0.0297,-0.0118,0.9878,1.708,,,,,,,
40,Right,20,0.0003,0.0016,0.0243,0.0000,0.0000,0.0000,1.0000,1.708,,,,,,,
40,Right,21,0.0230,-0.0094,0.0341,0.0183,0.1403,-0.2070,0.9680,1.708,,,,,,,
40,Right,22,0.0000,0.0000,0.0457,0.0363,0.0227,0.0901,0.9950,1.708,,,,,,,
40,Right,23,0.0000,0.0000,0.0307,0.1964,0.0339,-0.0553,0.9784,1.708,,,,,,,
40,Right,24,0.0000,0.0000,0.0203,0.0554,-0.0491,0.0009,0.9973,1.708,,,,,,,
40,Right,25,-0.0002,0.0012,0.0219,0.0000,0.0000,0.0000,1.0000,1.708,,,,,,,
41,Left,0,0.0027,-0.0051,0.0649,0.0000,0.0000,0.0000,1.0000,1.750,,,,,,,
41,Left,1,0.0000,0.0000,0.0000,0.0000,0.0000,0.0000,1.0000,1.750,-0.1083,0.1116,0.0617,-0.3394,-0.1331,-0.7409,-0.5641
41,Left,2,0.0303,-0.0159,0.0344,-0.1456,0.2932,-0.5476,0.7701,1.750,,,,,,,
41,Left,3,0.0000,0.0000,0.0325,0.0644,-0.0647,0.0832,0.9923,1.750,,,,,,,
41,Left,4,0.0000,0.0000,0.0338,-0.0182,0.0618,-0.0827,0.9945,1.750,,,,,,,
41,Left,5,-0.0007,0.0010,0.0246,0.0000,0.0000,0.0000,1.0000,1.750,,,,,,,
41,Left,6,0.0199,-0.0094,0.0364,0.0000,0.0000,0.0000,1.0000,1.750,,,,,,,
41,Left,7,0.0037,0.0021,0.0596,0.1684,-0.0351,-0.0305,0.9846,1.750,,,,,,,
41,Left,8,0.0000,0.0000,0.0379,0.2350,-0.0009,0.0263,0.9716,1.750,,,,,,,
41,Left,9,0.0000,0.0000,0.0243,0.1131,-0.0240,0.0169,0.9931,1.750,,,,,,,
41,Left,10,-0.0003,0.0010,0.0224,0.0000,0.0000,0.0000,1.0000,1.750,,,,,,,
41,Left,11,0.0037,-0.0076,0.0342,0.0000,0.0000,0.0000,1.0000,1.750,,,,,,,
41,Left,12,-0.0019,0.0051,0.0614,0.2129,-0.0902,0.0235,0.9726,1.750,,,,,,,
41,Left,13,0.0000,0.0000,0.0429,0.2287,-0.0017,0.0124,0.9734,1.750,,,,,,,
41,Left,14,0.0000,0.0000,0.0275,0.0831,0.0031,0.0516,0.9952,1.750,,,,,,,
41,Left,15,-0.0003,0.0011,0.0250,0.0000,0.0000,0.0000,1.0000,1.750,,,,,,,
41,Left,16,-0.0150,-0.0060,0.0348,0.0000,0.0000,0.0000,1.0000,1.750,,,,,,,
41,Left,17,-0.0025,-0.0005,0.0539,0.1994,-0.1246,0.0715,0.9693,1.750,,,,,,,
41,Left,18,0.0000,0.0000,0.0390,0.2122,0.0042,0.0381,0.9765,1.750,,,,,,,
41,Left,19,0.0000,0.0000,0.0266,0.1118,0.0296,0.0099,0.9932,1.750,,,,,,,
41,Left,20,-0.0003,0.0016,0.0243,0.0000,0.0000,0.0000,1.0000,1.750,,,,,,,
41,Left,21,-0.0230,-0.0094,0.0341,0.0183,-0.1403,0.2070,0.9680,1.750,,,,,,,
41,Left,22,0.0000,0.0000,0.0457,0.0995,-0.0584,-0.0824,0.9899,1.750,,,,,,,
41,Left,23,0.0000,0.0000,0.0307,0.2048,-0.0335,0.0559,0.9766,1.750,,,,,,,
41,Left,24,0.0000,0.0000,0.0203,0.0641,0.0490,-0.0009,0.9967,1.750,,,,,,,
41,Left,25,0.0002,0.0012,0.0219,0.0000,0.0000,0.0000,1.0000,1.750,,,,,,,
41,Right,0,-0.0023,-0.0054,0.0652,0.0000,0.0000,0.0000,1.0000,1.750,,,,,,,
41,Right,1,0.0000,0.0000,0.0000,0.0000,0.0000,0.0000,1.0000,1.750,-0.0095,0.1431,-0.1654,-0.1839,0.1820,-0.6673,0.6984
41,Right,2,-0.0287,-0.0183,0.0356,-0.0937,-0.2957,0.5981,0.7390,1.750,,,,,,,
41,Right,3,0.0000,0.0000,0.0325,0.1940,0.0527,-0.0820,0.9761,1.750,,,,,,,
41,Right,4,0.0000,0.0000,0.0338,0.0627,-0.0550,0.0807,0.9932,1.750,,,,,,,
41,Right,5,0.0007,0.0010,0.0246,0.0000,0.0000,0.0000,1.0000,1.750,,,,,,,
41,Right,6,-0.0191,-0.0106,0.0370,0.0000,0.0000,0.0000,1.0000,1.750,,,,,,,
41,Right,7,-0.0045,0.0033,0.0590,-0.0403,0.0123,0.0292,0.9987,1.750,,,,,,,
41,Right,8,0.0000,0.0000,0.0379,0.3438,-0.0021,-0.0260,0.9387,1.750,,,,,,,
41,Right,9,0.0000,0.0000,0.0243,0.1433,0.0234,-0.0170,0.9893,1.750,,,,,,,
41,Right,10,0.0003,0.0010,0.0224,0.0000,0.0000,0.0000,1.0000,1.750,,,,,,,
41,Right,11,-0.0029,-0.0082,0.0348,0.0000,0.0000,0.0000,1.0000,1.750,,,,,,,
41,Right,12,0.0011,0.0057,0.0608,0.0627,0.0674,-0.0099,0.9957,1.750,,,,,,,
41,Right,13,0.0000,0.0000,0.0429,0.3872,-0.0003,-0.0129,0.9219,1.750,,,,,,,
41,Right,14,0.0000,0.0000,0.0275,0.1594,-0.0064,-0.0587,0.9854,1.750,,,,,,,
41,Right,15,0.0003,0.0011,0.0250,0.0000,0.0000,0.0000,1.0000,1.750,,,,,,,
41,Right,16,0.0150,-0.0060,0.0348,0.0000,0.0000,0.0000,1.0000,1.750,,,,,,,
41,Right,17,0.0025,-0.0005,0.0539,0.0709,0.0988,-0.0553,0.9910,1.750,,,,,,,
41,Right,18,0.0000,0.0000,0.0390,0.3163,-0.0078,-0.0398,0.9478,1.750,,,,,,,
41,Right,19,0.0000,0.0000,0.0266,0.1516,-0.0297,-0.0117,0.9879,1.750,,,,,,,
41,Right,20,0.0003,0.0016,0.0243,0.0000,0.0000,0.0000,1.0000,1.750,,,,,,,
41,Right,21,0.0230,-0.0094,0.0341,0.0183,0.1403,-0.2070,0.9680,1.750,,,,,,,
41,Right,22,0.0000,0.0000,0.0457,0.0347,0.0233,0.0902,0.9950,1.750,,,,,,,
41,Right,23,0.0000,0.0000,0.0307,0.1956,0.0340,-0.0552,0.9785,1.750,,,,,,,
41,Right,24,0.0000,0.0000,0.0203,0.0539,-0.0491,0.0009,0.9973,1.750,,,,,,,
41,Right,25,-0.0002,0.0012,0.0219,0.0000,0.0000,0.0000,1.0000,1.750,,,,,,,
42,Left,0,0.0027,-0.0051,0.0649,0.0000,0.0000,0.0000,1.0000,1.791,,,,,,,
42,Left,1,0.0000,0.0000,0.0000,0.0000,0.0000,0.0000,1.0000,1.791,-0.1082,0.1116,0.0622,-0.3391,-0.1314,-0.7397,-0.5662
42,Left,2,0.0303,-0.0159,0.0344,-0.1452,0.2940,-0.5476,0.7698,1.791,,,,,,,
42,Left,3,0.0000,0.0000,0.0325,0.0652,-0.0646,0.0832,0.9923,1.791,,,,,,,
42,Left,4,0.0000,0.0000,0.0338,-0.0184,0.0618,-0.0827,0.9945,1.791,,,,,,,
42,Left,5,-0.0007,0.0010,0.0246,0.0000,0.0000,0.0000,1.0000,1.791,,,,,,,
42,Left,6,0.0199,-0.0094,0.0364,0.0000,0.0000,0.0000,1.0000,1.791,,,,,,,
42,Left,7,0.0037,0.0021,0.0596,0.1690,-0.0344,-0.0306,0.9845,1.791,,,,,,,
42,Left,8,0.0000,0.0000,0.0379,0.2354,-0.0009,0.0263,0.9715,1.791,,,,,,,
42,Left,9,0.0000,0.0000,0.0243,0.1135,-0.0240,0.0169,0.9931,1.791,,,,,,,
42,Left,10,-0.0003,0.0010,0.0224,0.0000,0.0000,0.0000,1.0000,1.791,,,,,,,
42,Left,11,0.0037,-0.0076,0.0342,0.0000,0.0000,0.0000,1.0000,1.791,,,,,,,
42,Left,12,-0.0019,0.0051,0.0614,0.2132,-0.0896,0.0234,0.9726,1.791,,,,,,,
42,Left,13,0.0000,0.0000,0.0429,0.2275,-0.0017,0.0124,0.9737,1.791,,,,,,,
42,Left,14,0.0000,0.0000,0.0275,0.0821,0.0030,0.0515,0.9953,1.791,,,,,,,
42,Left,15,-0.0003,0.0011,0.0250,0.0000,0.0000,0.0000,1.0000,1.791,,,,,,,
42,Left,16,-0.0150,-0.0060,0.0348,0.0000,0.0000,0.0000,1.0000,1.791,,,,,,,
42,Left,17,-0.0025,-0.0005,0.0539,0.1991,-0.1248,0.0715,0.9694,1.791,,,,,,,
42,Left,18,0.0000,0.0000,0.0390,0.2109,0.0042,0.0381,0.9767,1.791,,,,,,,
42,Left,19,0.0000,0.0000,0.0266,0.1116,0.0296,0.0099,0.9933,1.791,,,,,,,
42,Left,20,-0.0003,0.0016,0.0243,0.0000,0.0000,0.0000,1.0000,1.791,,,,,,,
42,Left,21,-0.0230,-0.0094,0.0341,0.0183,-0.1403,0.2070,0.9680,1.791,,,,,,,
42,Left,22,0.0000,0.0000,0.0457,0.0982,-0.0599,-0.0824,0.9899,1.791,,,,,,,
42,Left,23,0.0000,0.0000,0.0307,0.2048,-0.0335,0.0559,0.9766,1.791,,,,,,,
42,Left,24,0.0000,0.0000,0.0203,0.0636,0.0490,-0.0009,0.9968,1.791,,,,,,,
42,Left,25,0.0002,0.0012,0.0219,0.0000,0.0000,0.0000,1.0000,1.791,,,,,,,
42,Right,0,-0.0023,-0.0054,0.0652,0.0000,0.0000,0.0000,1.0000,1.791,,,,,,,
42,Right,1,0.0000,0.0000,0.0000,0.0000,0.0000,0.0000,1.0000,1.791,-0.0127,0.1429,-0.1694,-0.1815,0.1807,-0.6677,0.6990
42,Right,2,-0.0287,-0.0183,0.0356,-0.0938,-0.2966,0.5976,0.7390,1.791,,,,,,,
42,Right,3,0.0000,0.0000,0.0325,0.1954,0.0526,-0.0820,0.9759,1.791,,,,,,,
42,Right,4,0.0000,0.0000,0.0338,0.0644,-0.0549,0.0807,0.9931,1.791,,,,,,,
42,Right,5,0.0007,0.0010,0.0246,0.0000,0.0000,0.0000,1.0000,1.791,,,,,,,
42,Right,6,-0.0191,-0.0106,0.0370,0.0000,0.0000,0.0000,1.0000,1.791,,,,,,,
42,Right,7,-0.0045,0.0033,0.0590,-0.0427,0.0121,0.0291,0.9986,1.791,,,,,,,
42,Right,8,0.0000,0.0000,0.0379,0.3436,-0.0021,-0.0260,0.9388,1.791,,,,,,,
42,Right,9,0.0000,0.0000,0.0243,0.1432,0.0234,-0.0170,0.9893,1.791,,,,,,,
42,Right,10,0.0003,0.0010,0.0224,0.0000,0.0000,0.0000,1.0000,1.791,,,,,,,
42,Right,11,-0.0029,-0.0082,0.0348,0.0000,0.0000,0.0000,1.0000,1.791,,,,,,,
42,Right,12,0.0011,0.0057,0.0608,0.0617,0.0671,-0.0098,0.9958,1.791,,,,,,,
42,Right,13,0.0000,0.0000,0.0429,0.3858,-0.0003,-0.0129,0.9225,1.791,,,,,,,
42,Right,14,0.0000,0.0000,0.0275,0.1582,-0.0064,-0.0586,0.9856,1.791,,,,,,,
42,Right,15,0.0003,0.0011,0.0250,0.0000,0.0000,0.0000,1.0000,1.791,,,,,,,
42,Right,16,0.0150,-0.0060,0.0348,0.0000,0.0000,0.0000,1.0000,1.791,,,,,,,
42,Right,17,0.0025,-0.0005,0.0539,0.0711,0.0981,-0.0553,0.9911,1.791,,,,,,,
42,Right,18,0.0000,0.0000,0.0390,0.3150,-0.0077,-0.0397,0.9482,1.791,,,,,,,
42,Right,19,0.0000,0.0000,0.0266,0.1507,-0.0297,-0.0117,0.9881,1.791,,,,,,,
42,Right,20,0.0003,0.0016,0.0243,0.0000,0.0000,0.0000,1.0000,1.791,,,,,,,
42,Right,21,0.0230,-0.0094,0.0341,0.0183,0.1403,-0.2070,0.9680,1.791,,,,,,,
42,Right,22,0.0000,0.0000,0.0457,0.0347,0.0233,0.0902,0.9951,1.791,,,,,,,
42,Right,23,0.0000,0.0000,0.0307,0.1957,0.0340,-0.0552,0.9785,1.791,,,,,,,
42,Right,24,0.0000,0.0000,0.0203,0.0530,-0.0491,0.0009,0.9974,1.791,,,,,,,
42,Right,25,-0.0002,0.0012,0.0219,0.0000,0.0000,0.0000,1.0000,1.791,,,,,,,
43,Left,0,0.0027,-0.0051,0.0649,0.0000,0.0000,0.0000,1.0000,1.836,,,,,,,
43,Left,1,0.0000,0.0000,0.0000,0.0000,0.0000,0.0000,1.0000,1.836,-0.1080,0.1116,0.0627,-0.3387,-0.1291,-0.7377,-0.5696
43,Left,2,0.0303,-0.0159,0.0344,-0.1451,0.2944,-0.5475,0.7698,1.836,,,,,,,
43,Left,3,0.0000,0.0000,0.0325,0.0659,-0.0646,0.0832,0.9923,1.836,,,,,,,
43,Left,4,0.0000,0.0000,0.0338,-0.0190,0.0619,-0.0827,0.9945,1.836,,,,,,,
43,Left,5,-0.0007,0.0010,0.0246,0.0000,0.0000,0.0000,1.0000,1.836,,,,,,,
43,Left,6,0.0199,-0.0094,0.0364,0.0000,0.0000,0.0000,1.0000,1.836,,,,,,,
43,Left,7,0.0037,0.0021,0.0596,0.1691,-0.0341,-0.0306,0.9845,1.836,,,,,,,
43,Left,8,0.0000,0.0000,0.0379,0.2358,-0.0009,0.0263,0.9714,1.836,,,,,,,
43,Left,9,0.0000,0.0000,0.0243,0.1137,-0.0240,0.0169,0.9931,1.836,,,,,,,
43,Left,10,-0.0003,0.0010,0.0224,0.0000,0.0000,0.0000,1.0000,1.836,,,,,,,
43,Left,11,0.0037,-0.0076,0.0342,0.0000,0.0000,0.0000,1.0000,1.836,,,,,,,
43,Left,12,-0.0019,0.0051,0.0614,0.2134,-0.0893,0.0234,0.9726,1.836,,,,,,,
43,Left,13,0.0000,0.0000,0.0429,0.2263,-0.0017,0.0124,0.9740,1.836,,,,,,,
43,Left,14,0.0000,0.0000,0.0275,0.0810,0.0030,0.0514,0.9954,1.836,,,,,,,
43,Left,15,-0.0003,0.0011,0.0250,0.0000,0.0000,0.0000,1.0000,1.836,,,,,,,
43,Left,16,-0.0150,-0.0060,0.0348,0.0000,0.0000,0.0000,1.0000,1.836,,,,,,,
43,Left,17,-0.0025,-0.0005,0.0539,0.1992,-0.1249,0.0715,0.9693,1.836,,,,,,,
43,Left,18,0.0000,0.0000,0.0390,0.2097,0.0041,0.0380,0.9770,1.836,,,,,,,
43,Left,19,0.0000,0.0000,0.0266,0.1111,0.0296,0.0098,0.9933,1.836,,,,,,,
43,Left,20,-0.0003,0.0016,0.0243,0.0000,0.0000,0.0000,1.0000,1.836,,,,,,,
43,Left,21,-0.0230,-0.0094,0.0341,0.0183,-0.1403,0.2070,0.9680,1.836,,,,,,,
43,Left,22,0.0000,0.0000,0.0457,0.0979,-0.0609,-0.0823,0.9899,1.836,,,,,,,
43,Left,23,0.0000,0.0000,0.0307,0.2047,-0.0335,0.0559,0.9766,1.836,,,,,,,
43,Left,24,0.0000,0.0000,0.0203,0.0629,0.0490,-0.0009,0.9968,1.836,,,,,,,
43,Left,25,0.0002,0.0012,0.0219,0.0000,0.0000,0.0000,1.0000,1.836,,,,,,,
43,Right,0,-0.0023,-0.0054,0.0652,0.0000,0.0000,0.0000,1.0000,1.836,,,,,,,
43,Right,1,0.0000,0.0000,0.0000,0.0000,0.0000,0.0000,1.0000,1.836,-0.0165,0.1420,-0.1725,-0.1771,0.1790,-0.6646,0.7035
43,Right,2,-0.0288,-0.0183,0.0355,-0.0939,-0.2971,0.5972,0.7391,1.836,,,,,,,
43,Right,3,0.0000,0.0000,0.0325,0.1996,0.0522,-0.0820,0.9751,1.836,,,,,,,
43,Right,4,0.0000,0.0000,0.0338,0.0658,-0.0548,0.0806,0.9931,1.836,,,,,,,
43,Right,5,0.0007,0.0010,0.0246,0.0000,0.0000,0.0000,1.0000,1.836,,,,,,,
43,Right,6,-0.0191,-0.0106,0.0370,0.0000,0.0000,0.0000,1.0000,1.836,,,,,,,
43,Right,7,-0.0045,0.0033,0.0590,-0.0464,0.0120,0.0290,0.9984,1.836,,,,,,,
43,Right,8,0.0000,0.0000,0.0379,0.3431,-0.0021,-0.0260,0.9389,1.836,,,,,,,
43,Right,9,0.0000,0.0000,0.0243,0.1429,0.0234,-0.0170,0.9893,1.836,,,,,,,
43,Right,10,0.0003,0.0010,0.0224,0.0000,0.0000,0.0000,1.0000,1.836,,,,,,,
43,Right,11,-0.0029,-0.0082,0.0348,0.0000,0.0000,0.0000,1.0000,1.836,,,,,,,
43,Right,12,0.0012,0.0056,0.0608,0.0611,0.0667,-0.0098,0.9959,1.836,,,,,,,
43,Right,13,0.0000,0.0000,0.0429,0.3845,-0.0003,-0.0129,0.9230,1.836,,,,,,,
43,Right,14,0.0000,0.0000,0.0275,0.1568,-0.0063,-0.0584,0.9859,1.836,,,,,,,
43,Right,15,0.0003,0.0011,0.0250,0.0000,0.0000,0.0000,1.0000,1.836,,,,,,,
43,Right,16,0.0150,-0.0060,0.0348,0.0000,0.0000,0.0000,1.0000,1.836,,,,,,,
43,Right,17,0.0025,-0.0005,0.0539,0.0718,0.0975,-0.0553,0.9911,1.836,,,,,,,
43,Right,18,0.0000,0.0000,0.0390,0.3138,-0.0077,-0.0397,0.9486,1.836,,,,,,,
43,Right,19,0.0000,0.0000,0.0266,0.1498,-0.0297,-0.0116,0.9882,1.836,,,,,,,
43,Right,20,0.0003,0.0016,0.0243,0.0000,0.0000,0.0000,1.0000,1.836,,,,,,,
43,Right,21,0.0230,-0.0094,0.0341,0.0183,0.1403,-0.2070,0.9680,1.836,,,,,,,
43,Right,22,0.0000,0.0000,0.0457,0.0354,0.0232,0.0901,0.9950,1.836,,,,,,,
43,Right,23,0.0000,0.0000,0.0307,0.1963,0.0339,-0.0553,0.9784,1.836,,,,,,,
43,Right,24,0.0000,0.0000,0.0203,0.0524,-0.0491,0.0009,0.9974,1.836,,,,,,,
43,Right,25,-0.0002,0.0012,0.0219,0.0000,0.0000,0.0000,1.0000,1.836,,,,,,,
44,Left,0,0.0027,-0.0051,0.0649,0.0000,0.0000,0.0000,1.0000,1.878,,,,,,,
44,Left,1,0.0000,0.0000,0.0000,0.0000,0.0000,0.0000,1.0000,1.878,-0.1079,0.1117,0.0636,-0.3383,-0.1279,-0.7354,-0.5730
44,Left,2,0.0303,-0.0159,0.0344,-0.1455,0.2946,-0.5470,0.7700,1.878,,,,,,,
44,Left,3,0.0000,0.0000,0.0325,0.0663,-0.0645,0.0832,0.9922,1.878,,,,,,,
44,Left,4,0.0000,0.0000,0.0338,-0.0201,0.0620,-0.0828,0.9944,1.878,,,,,,,
44,Left,5,-0.0007,0.0010,0.0246,0.0000,0.0000,0.0000,1.0000,1.878,,,,,,,
44,Left,6,0.0199,-0.0094,0.0364,0.0000,0.0000,0.0000,1.0000,1.878,,,,,,,
44,Left,7,0.0037,0.0021,0.0596,0.1687,-0.0340,-0.0307,0.9846,1.878,,,,,,,
44,Left,8,0.0000,0.0000,0.0379,0.2358,-0.0009,0.0263,0.9714,1.878,,,,,,,
44,Left,9,0.0000,0.0000,0.0243,0.1135,-0.0240,0.0169,0.9931,1.878,,,,,,,
44,Left,10,-0.0003,0.0010,0.0224,0.0000,0.0000,0.0000,1.0000,1.878,,,,,,,
44,Left,11,0.0037,-0.0076,0.0342,0.0000,0.0000,0.0000,1.0000,1.878,,,,,,,
44,Left,12,-0.0019,0.0050,0.0614,0.2134,-0.0892,0.0233,0.9726,1.878,,,,,,,
44,Left,13,0.0000,0.0000,0.0429,0.2249,-0.0017,0.0124,0.9743,1.878,,,,,,,
44,Left,14,0.0000,0.0000,0.0275,0.0796,0.0029,0.0513,0.9955,1.878,,,,,,,
44,Left,15,-0.0003,0.0011,0.0250,0.0000,0.0000,0.0000,1.0000,1.878,,,,,,,
44,Left,16,-0.0150,-0.0060,0.0348,0.0000,0.0000,0.0000,1.0000,1.878,,,,,,,
44,Left,17,-0.0025,-0.0005,0.0539,0.1993,-0.1250,0.0715,0.9693,1.878,,,,,,,
44,Left,18,0.0000,0.0000,0.0390,0.2081,0.0041,0.0380,0.9774,1.878,,,,,,,
44,Left,19,0.0000,0.0000,0.0266,0.1105,0.0296,0.0098,0.9934,1.878,,,,,,,
44,Left,20,-0.0003,0.0016,0.0243,0.0000,0.0000,0.0000,1.0000,1.878,,,,,,,
44,Left,21,-0.0230,-0.0094,0.0341,0.0183,-0.1403,0.2070,0.9680,1.878,,,,,,,
44,Left,22,0.0000,0.0000,0.0457,0.0982,-0.0614,-0.0823,0.9899,1.878,,,,,,,
44,Left,23,0.0000,0.0000,0.0307,0.2043,-0.0336,0.0559,0.9767,1.878,,,,,,,
44,Left,24,0.0000,0.0000,0.0203,0.0621,0.0490,-0.0009,0.9969,1.878,,,,,,,
44,Left,25,0.0002,0.0012,0.0219,0.0000,0.0000,0.0000,1.0000,1.878,,,,,,,
44,Right,0,-0.0023,-0.0054,0.0652,0.0000,0.0000,0.0000,1.0000,1.878,,,,,,,
44,Right,1,0.0000,0.0000,0.0000,0.0000,0.0000,0.0000,1.0000,1.878,-0.0193,0.1406,-0.1745,-0.1721,0.1751,-0.6577,0.7122
44,Right,2,-0.0288,-0.0182,0.0355,-0.0942,-0.2973,0.5968,0.7393,1.878,,,,,,,
44,Right,3,0.0000,0.0000,0.0325,0.2043,0.0517,-0.0819,0.9741,1.878,,,,,,,
44,Right,4,0.0000,0.0000,0.0338,0.0672,-0.0547,0.0806,0.9930,1.878,,,,,,,
44,Right,5,0.0007,0.0010,0.0246,0.0000,0.0000,0.0000,1.0000,1.878,,,,,,,
44,Right,6,-0.0191,-0.0106,0.0370,0.0000,0.0000,0.0000,1.0000,1.878,,,,,,,
44,Right,7,-0.0045,0.0033,0.0590,-0.0531,0.0118,0.0289,0.9981,1.878,,,,,,,
44,Right,8,0.0000,0.0000,0.0379,0.3422,-0.0021,-0.0260,0.9393,1.878,,,,,,,
44,Right,9,0.0000,0.0000,0.0243,0.1423,0.0234,-0.0170,0.9894,1.878,,,,,,,
44,Right,10,0.0003,0.0010,0.0224,0.0000,0.0000,0.0000,1.0000,1.878,,,,,,,
44,Right,11,-0.0029,-0.0082,0.0348,0.0000,0.0000,0.0000,1.0000,1.878,,,,,,,
44,Right,12,0.0012,0.0056,0.0608,0.0614,0.0662,-0.0098,0.9959,1.878,,,,,,,
44,Right,13,0.0000,0.0000,0.0429,0.3833,-0.0003,-0.0129,0.9235,1.878,,,,,,,
44,Right,14,0.0000,0.0000,0.0275,0.1554,-0.0062,-0.0583,0.9861,1.878,,,,,,,
44,Right,15,0.0003,0.0011,0.0250,0.0000,0.0000,0.0000,1.0000,1.878,,,,,,,
44,Right,16,0.0150,-0.0060,0.0348,0.0000,0.0000,0.0000,1.0000,1.878,,,,,,,
44,Right,17,0.0025,-0.0005,0.0539,0.0758,0.0968,-0.0557,0.9908,1.878,,,,,,,
44,Right,18,0.0000,0.0000,0.0390,0.3129,-0.0077,-0.0397,0.9489,1.878,,,,,,,
44,Right,19,0.0000,0.0000,0.0266,0.1489,-0.0297,-0.0116,0.9883,1.878,,,,,,,
44,Right,20,0.0003,0.0016,0.0243,0.0000,0.0000,0.0000,1.0000,1.878,,,,,,,
44,Right,21,0.0230,-0.0094,0.0341,0.0183,0.1403,-0.2070,0.9680,1.878,,,,,,,
44,Right,22,0.0000,0.0000,0.0457,0.0367,0.0231,0.0900,0.9950,1.878,,,,,,,
44,Right,23,0.0000,0.0000,0.0307,0.1973,0.0339,-0.0553,0.9782,1.878,,,,,,,
44,Right,24,0.0000,0.0000,0.0203,0.0519,-0.0491,0.0009,0.9974,1.878,,,,,,,
44,Right,25,-0.0002,0.0012,0.0219,0.0000,0.0000,0.0000,1.0000,1.878,,,,,,,
45,Left,0,0.0027,-0.0051,0.0649,0.0000,0.0000,0.0000,1.0000,1.920,,,,,,,
45,Left,1,0.0000,0.0000,0.0000,0.0000,0.0000,0.0000,1.0000,1.920,-0.1080,0.1116,0.0650,-0.3378,-0.1275,-0.7330,-0.5765
45,Left,2,0.0304,-0.0159,0.0344,-0.1458,0.2945,-0.5467,0.7702,1.920,,,,,,,
45,Left,3,0.0000,0.0000,0.0325,0.0663,-0.0645,0.0832,0.9922,1.920,,,,,,,
45,Left,4,0.0000,0.0000,0.0338,-0.0221,0.0621,-0.0828,0.9944,1.920,,,,,,,
45,Left,5,-0.0007,0.0010,0.0246,0.0000,0.0000,0.0000,1.0000,1.920,,,,,,,
45,Left,6,0.0199,-0.0094,0.0364,0.0000,0.0000,0.0000,1.0000,1.920,,,,,,,
45,Left,7,0.0037,0.0021,0.0596,0.1681,-0.0339,-0.0307,0.9847,1.920,,,,,,,
45,Left,8,0.0000,0.0000,0.0379,0.2354,-0.0009,0.0263,0.9715,1.920,,,,,,,
45,Left,9,0.0000,0.0000,0.0243,0.1131,-0.0240,0.0169,0.9932,1.920,,,,,,,
45,Left,10,-0.0003,0.0010,0.0224,0.0000,0.0000,0.0000,1.0000,1.920,,,,,,,
45,Left,11,0.0037,-0.0076,0.0342,0.0000,0.0000,0.0000,1.0000,1.920,,,,,,,
45,Left,12,-0.0020,0.0050,0.0614,0.2134,-0.0891,0.0233,0.9726,1.920,,,,,,,
45,Left,13,0.0000,0.0000,0.0429,0.2235,-0.0017,0.0124,0.9746,1.920,,,,,,,
45,Left,14,0.0000,0.0000,0.0275,0.0782,0.0029,0.0512,0.9956,1.920,,,,,,,
45,Left,15,-0.0003,0.0011,0.0250,0.0000,0.0000,0.0000,1.0000,1.920,,,,,,,
45,Left,16,-0.0150,-0.0060,0.0348,0.0000,0.0000,0.0000,1.0000,1.920,,,,,,,
45,Left,17,-0.0025,-0.0005,0.0539,0.1996,-0.1249,0.0716,0.9692,1.920,,,,,,,
45,Left,18,0.0000,0.0000,0.0390,0.2060,0.0040,0.0380,0.9778,1.920,,,,,,,
45,Left,19,0.0000,0.0000,0.0266,0.1097,0.0296,0.0098,0.9935,1.920,,,,,,,
45,Left,20,-0.0003,0.0016,0.0243,0.0000,0.0000,0.0000,1.0000,1.920,,,,,,,
45,Left,21,-0.0230,-0.0094,0.0341,0.0183,-0.1403,0.2070,0.9680,1.920,,,,,,,
45,Left,22,0.0000,0.0000,0.0457,0.0991,-0.0616,-0.0821,0.9898,1.920,,,,,,,
45,Left,23,0.0000,0.0000,0.0307,0.2036,-0.0336,0.0558,0.9769,1.920,,,,,,,
45,Left,24,0.0000,0.0000,0.0203,0.0611,0.0490,-0.0009,0.9969,1.920,,,,,,,
45,Left,25,0.0002,0.0012,0.0219,0.0000,0.0000,0.0000,1.0000,1.920,,,,,,,
45,Right,0,-0.0023,-0.0054,0.0652,0.0000,0.0000,0.0000,1.0000,1.920,,,,,,,
45,Right,1,0.0000,0.0000,0.0000,0.0000,0.0000,0.0000,1.0000,1.920,-0.0204,0.1392,-0.1754,-0.1686,0.1666,-0.6466,0.7251
45,Right,2,-0.0288,-0.0182,0.0355,-0.0947,-0.2968,0.5966,0.7396,1.920,,,,,,,
45,Right,3,0.0000,0.0000,0.0325,0.2060,0.0515,-0.0819,0.9737,1.920,,,,,,,
45,Right,4,0.0000,0.0000,0.0338,0.0685,-0.0545,0.0805,0.9929,1.920,,,,,,,
45,Right,5,0.0007,0.0010,0.0246,0.0000,0.0000,0.0000,1.0000,1.920,,,,,,,
45,Right,6,-0.0191,-0.0106,0.0370,0.0000,0.0000,0.0000,1.0000,1.920,,,,,,,
45,Right,7,-0.0045,0.0033,0.0590,-0.0610,0.0119,0.0288,0.9977,1.920,,,,,,,
45,Right,8,0.0000,0.0000,0.0379,0.3410,-0.0020,-0.0261,0.9397,1.920,,,,,,,
45,Right,9,0.0000,0.0000,0.0243,0.1414,0.0234,-0.0170,0.9895,1.920,,,,,,,
45,Right,10,0.0003,0.0010,0.0224,0.0000,0.0000,0.0000,1.0000,1.920,,,,,,,
45,Right,11,-0.0029,-0.0082,0.0348,0.0000,0.0000,0.0000,1.0000,1.920,,,,,,,
45,Right,12,0.0012,0.0056,0.0608,0.0628,0.0659,-0.0098,0.9958,1.920,,,,,,,
45,Right,13,0.0000,0.0000,0.0429,0.3829,-0.0003,-0.0128,0.9237,1.920,,,,,,,
45,Right,14,0.0000,0.0000,0.0275,0.1540,-0.0062,-0.0582,0.9863,1.920,,,,,,,
45,Right,15,0.0003,0.0011,0.0250,0.0000,0.0000,0.0000,1.0000,1.920,,,,,,,
45,Right,16,0.0150,-0.0060,0.0348,0.0000,0.0000,0.0000,1.0000,1.920,,,,,,,
45,Right,17,0.0025,-0.0005,0.0539,0.0849,0.0959,-0.0565,0.9902,1.920,,,,,,,
45,Right,18,0.0000,0.0000,0.0390,0.3129,-0.0077,-0.0397,0.9489,1.920,,,,,,,
45,Right,19,0.0000,0.0000,0.0266,0.1484,-0.0297,-0.0116,0.9884,1.920,,,,,,,
45,Right,20,0.0003,0.0016,0.0243,0.0000,0.0000,0.0000,1.0000,1.920,,,,,,,
45,Right,21,0.0230,-0.0094,0.0341,0.0183,0.1403,-0.2070,0.9680,1.920,,,,,,,
45,Right,22,0.0000,0.0000,0.0457,0.0384,0.0229,0.0899,0.9949,1.920,,,,,,,
45,Right,23,0.0000,0.0000,0.0307,0.1985,0.0338,-0.0554,0.9779,1.920,,,,,,,
45,Right,24,0.0000,0.0000,0.0203,0.0515,-0.0491,0.0009,0.9975,1.920,,,,,,,
45,Right,25,-0.0002,0.0012,0.0219,0.0000,0.0000,0.0000,1.0000,1.920,,,,,,,
46,Left,0,0.0027,-0.0051,0.0649,0.0000,0.0000,0.0000,1.0000,1.961,,,,,,,
46,Left,1,0.0000,0.0000,0.0000,0.0000,0.0000,0.0000,1.0000,1.961,-0.1080,0.1116,0.0662,-0.3364,-0.1279,-0.7320,-0.5785
46,Left,2,0.0304,-0.0158,0.0344,-0.1460,0.2944,-0.5466,0.7702,1.961,,,,,,,
46,Left,3,0.0000,0.0000,0.0325,0.0661,-0.0645,0.0832,0.9922,1.961,,,,,,,
46,Left,4,0.0000,0.0000,0.0338,-0.0243,0.0623,-0.0828,0.9943,1.961,,,,,,,
46,Left,5,-0.0007,0.0010,0.0246,0.0000,0.0000,0.0000,1.0000,1.961,,,,,,,
46,Left,6,0.0199,-0.0094,0.0364,0.0000,0.0000,0.0000,1.0000,1.961,,,,,,,
46,Left,7,0.0037,0.0021,0.0596,0.1675,-0.0341,-0.0306,0.9848,1.961,,,,,,,
46,Left,8,0.0000,0.0000,0.0379,0.2341,-0.0010,0.0263,0.9719,1.961,,,,,,,
46,Left,9,0.0000,0.0000,0.0243,0.1123,-0.0240,0.0169,0.9932,1.961,,,,,,,
46,Left,10,-0.0003,0.0010,0.0224,0.0000,0.0000,0.0000,1.0000,1.961,,,,,,,
46,Left,11,0.0037,-0.0076,0.0342,0.0000,0.0000,0.0000,1.0000,1.961,,,,,,,
46,Left,12,-0.0020,0.0050,0.0614,0.2138,-0.0891,0.0234,0.9725,1.961,,,,,,,
46,Left,13,0.0000,0.0000,0.0429,0.2172,-0.0018,0.0124,0.9760,1.961,,,,,,,
46,Left,14,0.0000,0.0000,0.0275,0.0765,0.0028,0.0510,0.9958,1.961,,,,,,,
46,Left,15,-0.0003,0.0011,0.0250,0.0000,0.0000,0.0000,1.0000,1.961,,,,,,,
46,Left,16,-0.0150,-0.0060,0.0348,0.0000,0.0000,0.0000,1.0000,1.961,,,,,,,
46,Left,17,-0.0025,-0.0005,0.0539,0.2003,-0.1248,0.0717,0.9691,1.961,,,,,,,
46,Left,18,0.0000,0.0000,0.0390,0.1972,0.0037,0.0378,0.9796,1.961,,,,,,,
46,Left,19,0.0000,0.0000,0.0266,0.1085,0.0296,0.0097,0.9936,1.961,,,,,,,
46,Left,20,-0.0003,0.0016,0.0243,0.0000,0.0000,0.0000,1.0000,1.961,,,,,,,
46,Left,21,-0.0230,-0.0094,0.0341,0.0183,-0.1403,0.2070,0.9680,1.961,,,,,,,
46,Left,22,0.0000,0.0000,0.0457,0.1007,-0.0618,-0.0820,0.9896,1.961,,,,,,,
46,Left,23,0.0000,0.0000,0.0307,0.2024,-0.0337,0.0557,0.9771,1.961,,,,,,,
46,Left,24,0.0000,0.0000,0.0203,0.0600,0.0490,-0.0009,0.9970,1.961,,,,,,,
46,Left,25,0.0002,0.0012,0.0219,0.0000,0.0000,0.0000,1.0000,1.961,,,,,,,
46,Right,0,-0.0023,-0.0054,0.0652,0.0000,0.0000,0.0000,1.0000,1.961,,,,,,,
46,Right,1,0.0000,0.0000,0.0000,0.0000,0.0000,0.0000,1.0000,1.961,-0.0201,0.1389,-0.1756,-0.1661,0.1632,-0.6410,0.7313
46,Right,2,-0.0288,-0.0183,0.0355,-0.0952,-0.2957,0.5967,0.7399,1.961,,,,,,,
46,Right,3,0.0000,0.0000,0.0325,0.2074,0.0514,-0.0818,0.9735,1.961,,,,,,,
46,Right,4,0.0000,0.0000,0.0338,0.0696,-0.0544,0.0805,0.9928,1.961,,,,,,,
46,Right,5,0.0007,0.0010,0.0246,0.0000,0.0000,0.0000,1.0000,1.961,,,,,,,
46,Right,6,-0.0191,-0.0106,0.0370,0.0000,0.0000,0.0000,1.0000,1.961,,,,,,,
46,Right,7,-0.0045,0.0033,0.0590,-0.0650,0.0126,0.0288,0.9974,1.961,,,,,,,
46,Right,8,0.0000,0.0000,0.0379,0.3352,-0.0019,-0.0261,0.9418,1.961,,,,,,,
46,Right,9,0.0000,0.0000,0.0243,0.1400,0.0235,-0.0170,0.9897,1.961,,,,,,,
46,Right,10,0.0003,0.0010,0.0224,0.0000,0.0000,0.0000,1.0000,1.961,,,,,,,
46,Right,11,-0.0029,-0.0082,0.0348,0.0000,0.0000,0.0000,1.0000,1.961,,,,,,,
46,Right,12,0.0012,0.0056,0.0608,0.0642,0.0659,-0.0099,0.9957,1.961,,,,,,,
46,Right,13,0.0000,0.0000,0.0429,0.3816,-0.0003,-0.0128,0.9242,1.961,,,,,,,
46,Right,14,0.0000,0.0000,0.0275,0.1508,-0.0060,-0.0579,0.9868,1.961,,,,,,,
46,Right,15,0.0003,0.0011,0.0250,0.0000,0.0000,0.0000,1.0000,1.961,,,,,,,
46,Right,16,0.0150,-0.0060,0.0348,0.0000,0.0000,0.0000,1.0000,1.961,,,,,,,
46,Right,17,0.0025,-0.0005,0.0539,0.0862,0.0957,-0.0566,0.9901,1.961,,,,,,,
46,Right,18,0.0000,0.0000,0.0390,0.3121,-0.0076,-0.0397,0.9492,1.961,,,,,,,
46,Right,19,0.0000,0.0000,0.0266,0.1473,-0.0297,-0.0115,0.9886,1.961,,,,,,,
46,Right,20,0.0003,0.0016,0.0243,0.0000,0.0000,0.0000,1.0000,1.961,,,,,,,
46,Right,21,0.0230,-0.0094,0.0341,0.0183,0.1403,-0.2070,0.9680,1.961,,,,,,,
46,Right,22,0.0000,0.0000,0.0457,0.0398,0.0231,0.0898,0.9949,1.961,,,,,,,
46,Right,23,0.0000,0.0000,0.0307,0.1997,0.0338,-0.0555,0.9777,1.961,,,,,,,
46,Right,24,0.0000,0.0000,0.0203,0.0511,-0.0491,0.0009,0.9975,1.961,,,,,,,
46,Right,25,-0.0002,0.0012,0.0219,0.0000,0.0000,0.0000,1.0000,1.961,,,,,,,
47,Left,0,0.0027,-0.0051,0.0649,0.0000,0.0000,0.0000,1.0000,2.008,,,,,,,
47,Left,1,0.0000,0.0000,0.0000,0.0000,0.0000,0.0000,1.0000,2.008,-0.1080,0.1118,0.0664,-0.3346,-0.1287,-0.7314,-0.5801
47,Left,2,0.0304,-0.0159,0.0344,-0.1459,0.2943,-0.5467,0.7702,2.008,,,,,,,
47,Left,3,0.0000,0.0000,0.0325,0.0658,-0.0646,0.0832,0.9923,2.008,,,,,,,
47,Left,4,0.0000,0.0000,0.0338,-0.0265,0.0625,-0.0829,0.9942,2.008,,,,,,,
47,Left,5,-0.0007,0.0010,0.0246,0.0000,0.0000,0.0000,1.0000,2.008,,,,,,,
47,Left,6,0.0199,-0.0094,0.0364,0.0000,0.0000,0.0000,1.0000,2.008,,,,,,,
47,Left,7,0.0037,0.0021,0.0596,0.1670,-0.0346,-0.0306,0.9849,2.008,,,,,,,
47,Left,8,0.0000,0.0000,0.0379,0.2331,-0.0010,0.0263,0.9721,2.008,,,,,,,
47,Left,9,0.0000,0.0000,0.0243,0.1116,-0.0240,0.0169,0.9933,2.008,,,,,,,
47,Left,10,-0.0003,0.0010,0.0224,0.0000,0.0000,0.0000,1.0000,2.008,,,,,,,
47,Left,11,0.0037,-0.0076,0.0342,0.0000,0.0000,0.0000,1.0000,2.008,,,,,,,
47,Left,12,-0.0020,0.0050,0.0614,0.2142,-0.0892,0.0234,0.9724,2.008,,,,,,,
47,Left,13,0.0000,0.0000,0.0429,0.2122,-0.0019,0.0124,0.9772,2.008,,,,,,,
47,Left,14,0.0000,0.0000,0.0275,0.0748,0.0027,0.0508,0.9959,2.008,,,,,,,
47,Left,15,-0.0003,0.0011,0.0250,0.0000,0.0000,0.0000,1.0000,2.008,,,,,,,
47,Left,16,-0.0150,-0.0060,0.0348,0.0000,0.0000,0.0000,1.0000,2.008,,,,,,,
47,Left,17,-0.0025,-0.0005,0.0539,0.2012,-0.1248,0.0718,0.9689,2.008,,,,,,,
47,Left,18,0.0000,0.0000,0.0390,0.1922,0.0035,0.0377,0.9806,2.008,,,,,,,
47,Left,19,0.0000,0.0000,0.0266,0.1077,0.0296,0.0097,0.9937,2.008,,,,,,,
47,Left,20,-0.0003,0.0016,0.0243,0.0000,0.0000,0.0000,1.0000,2.008,,,,,,,
47,Left,21,-0.0230,-0.0094,0.0341,0.0183,-0.1403,0.2070,0.9680,2.008,,,,,,,
47,Left,22,0.0000,0.0000,0.0457,0.1056,-0.0621,-0.0814,0.9891,2.008,,,,,,,
47,Left,23,0.0000,0.0000,0.0307,0.2015,-0.0337,0.0557,0.9773,2.008,,,,,,,
47,Left,24,0.0000,0.0000,0.0203,0.0592,0.0490,-0.0009,0.9970,2.008,,,,,,,
47,Left,25,0.0002,0.0012,0.0219,0.0000,0.0000,0.0000,1.0000,2.008,,,,,,,
47,Right,0,-0.0023,-0.0054,0.0652,0.0000,0.0000,0.0000,1.0000,2.008,,,,,,,
47,Right,1,0.0000,0.0000,0.0000,0.0000,0.0000,0.0000,1.0000,2.008,-0.0195,0.1389,-0.1756,-0.1656,0.1636,-0.6408,0.7316
47,Right,2,-0.0287,-0.0183,0.0355,-0.0954,-0.2948,0.5970,0.7400,2.008,,,,,,,
47,Right,3,0.0000,0.0000,0.0325,0.2083,0.0513,-0.0818,0.9733,2.008,,,,,,,
47,Right,4,0.0000,0.0000,0.0338,0.0701,-0.0544,0.0805,0.9928,2.008,,,,,,,
47,Right,5,0.0007,0.0010,0.0246,0.0000,0.0000,0.0000,1.0000,2.008,,,,,,,
47,Right,6,-0.0191,-0.0106,0.0370,0.0000,0.0000,0.0000,1.0000,2.008,,,,,,,
47,Right,7,-0.0045,0.0033,0.0590,-0.0660,0.0132,0.0289,0.9973,2.008,,,,,,,
47,Right,8,0.0000,0.0000,0.0379,0.3226,-0.0015,-0.0261,0.9462,2.008,,,,,,,
47,Right,9,0.0000,0.0000,0.0243,0.1346,0.0236,-0.0170,0.9905,2.008,,,,,,,
47,Right,10,0.0003,0.0010,0.0224,0.0000,0.0000,0.0000,1.0000,2.008,,,,,,,
47,Right,11,-0.0029,-0.0082,0.0348,0.0000,0.0000,0.0000,1.0000,2.008,,,,,,,
47,Right,12,0.0011,0.0057,0.0608,0.0649,0.0661,-0.0100,0.9957,2.008,,,,,,,
47,Right,13,0.0000,0.0000,0.0429,0.3755,-0.0002,-0.0128,0.9267,2.008,,,,,,,
47,Right,14,0.0000,0.0000,0.0275,0.1441,-0.0057,-0.0573,0.9879,2.008,,,,,,,
47,Right,15,0.0003,0.0011,0.0250,0.0000,0.0000,0.0000,1.0000,2.008,,,,,,,
47,Right,16,0.0150,-0.0060,0.0348,0.0000,0.0000,0.0000,1.0000,2.008,,,,,,,
47,Right,17,0.0025,-0.0005,0.0539,0.0861,0.0958,-0.0566,0.9901,2.008,,,,,,,
47,Right,18,0.0000,0.0000,0.0390,0.3107,-0.0076,-0.0397,0.9496,2.008,,,,,,,
47,Right,19,0.0000,0.0000,0.0266,0.1462,-0.0297,-0.0115,0.9887,2.008,,,,,,,
47,Right,20,0.0003,0.0016,0.0243,0.0000,0.0000,0.0000,1.0000,2.008,,,,,,,
47,Right,21,0.0230,-0.0094,0.0341,0.0183,0.1403,-0.2070,0.9680,2.008,,,,,,,
47,Right,22,0.0000,0.0000,0.0457,0.0400,0.0236,0.0898,0.9949,2.008,,,,,,,
47,Right,23,0.0000,0.0000,0.0307,0.2004,0.0338,-0.0556,0.9776,2.008,,,,,,,
47,Right,24,0.0000,0.0000,0.0203,0.0507,-0.0491,0.0009,0.9975,2.008,,,,,,,
47,Right,25,-0.0002,0.0012,0.0219,0.0000,0.0000,0.0000,1.0000,2.008,,,,,,,
48,Left,0,0.0027,-0.0051,0.0649,0.0000,0.0000,0.0000,1.0000,2.041,,,,,,,
48,Left,1,0.0000,0.0000,0.0000,0.0000,0.0000,0.0000,1.0000,2.041,-0.1080,0.1121,0.0662,-0.3298,-0.1289,-0.7315,-0.5828
48,Left,2,0.0303,-0.0159,0.0344,-0.1457,0.2942,-0.5470,0.7701,2.041,,,,,,,
48,Left,3,0.0000,0.0000,0.0325,0.0650,-0.0646,0.0832,0.9923,2.041,,,,,,,
48,Left,4,0.0000,0.0000,0.0338,-0.0296,0.0627,-0.0830,0.9941,2.041,,,,,,,
48,Left,5,-0.0007,0.0010,0.0246,0.0000,0.0000,0.0000,1.0000,2.041,,,,,,,
48,Left,6,0.0199,-0.0094,0.0364,0.0000,0.0000,0.0000,1.0000,2.041,,,,,,,
48,Left,7,0.0037,0.0021,0.0596,0.1657,-0.0364,-0.0304,0.9850,2.041,,,,,,,
48,Left,8,0.0000,0.0000,0.0379,0.2308,-0.0010,0.0263,0.9726,2.041,,,,,,,
48,Left,9,0.0000,0.0000,0.0243,0.1103,-0.0241,0.0169,0.9935,2.041,,,,,,,
48,Left,10,-0.0003,0.0010,0.0224,0.0000,0.0000,0.0000,1.0000,2.041,,,,,,,
48,Left,11,0.0037,-0.0076,0.0342,0.0000,0.0000,0.0000,1.0000,2.041,,,,,,,
48,Left,12,-0.0019,0.0051,0.0614,0.2146,-0.0899,0.0236,0.9723,2.041,,,,,,,
48,Left,13,0.0000,0.0000,0.0429,0.2048,-0.0020,0.0123,0.9787,2.041,,,,,,,
48,Left,14,0.0000,0.0000,0.0275,0.0700,0.0025,0.0504,0.9963,2.041,,,,,,,
48,Left,15,-0.0003,0.0011,0.0250,0.0000,0.0000,0.0000,1.0000,2.041,,,,,,,
48,Left,16,-0.0150,-0.0060,0.0348,0.0000,0.0000,0.0000,1.0000,2.041,,,,,,,
48,Left,17,-0.0025,-0.0005,0.0539,0.2035,-0.1250,0.0721,0.9684,2.041,,,,,,,
48,Left,18,0.0000,0.0000,0.0390,0.1847,0.0033,0.0376,0.9821,2.041,,,,,,,
48,Left,19,0.0000,0.0000,0.0266,0.1053,0.0296,0.0096,0.9939,2.041,,,,,,,
48,Left,20,-0.0003,0.0016,0.0243,0.0000,0.0000,0.0000,1.0000,2.041,,,,,,,
48,Left,21,-0.0230,-0.0094,0.0341,0.0183,-0.1403,0.2070,0.9680,2.041,,,,,,,
48,Left,22,0.0000,0.0000,0.0457,0.1111,-0.0624,-0.0808,0.9885,2.041,,,,,,,
48,Left,23,0.0000,0.0000,0.0307,0.1980,-0.0339,0.0554,0.9780,2.041,,,,,,,
48,Left,24,0.0000,0.0000,0.0203,0.0574,0.0490,-0.0009,0.9971,2.041,,,,,,,
48,Left,25,0.0002,0.0012,0.0219,0.0000,0.0000,0.0000,1.0000,2.041,,,,,,,
48,Right,0,-0.0023,-0.0054,0.0652,0.0000,0.0000,0.0000,1.0000,2.041,,,,,,,
48,Right,1,0.0000,0.0000,0.0000,0.0000,0.0000,0.0000,1.0000,2.041,-0.0175,0.1398,-0.1744,-0.1673,0.1670,-0.6415,0.7298
48,Right,2,-0.0287,-0.0183,0.0356,-0.0957,-0.2933,0.5975,0.7401,2.041,,,,,,,
48,Right,3,0.0000,0.0000,0.0325,0.2112,0.0510,-0.0818,0.9727,2.041,,,,,,,
48,Right,4,0.0000,0.0000,0.0338,0.0718,-0.0543,0.0804,0.9927,2.041,,,,,,,
48,Right,5,0.0007,0.0010,0.0246,0.0000,0.0000,0.0000,1.0000,2.041,,,,,,,
48,Right,6,-0.0191,-0.0106,0.0370,0.0000,0.0000,0.0000,1.0000,2.041,,,,,,,
48,Right,7,-0.0045,0.0033,0.0590,-0.0653,0.0141,0.0290,0.9973,2.041,,,,,,,
48,Right,8,0.0000,0.0000,0.0379,0.3117,-0.0012,-0.0262,0.9498,2.041,,,,,,,
48,Right,9,0.0000,0.0000,0.0243,0.1264,0.0237,-0.0169,0.9916,2.041,,,,,,,
48,Right,10,0.0003,0.0010,0.0224,0.0000,0.0000,0.0000,1.0000,2.041,,,,,,,
48,Right,11,-0.0029,-0.0082,0.0348,0.0000,0.0000,0.0000,1.0000,2.041,,,,,,,
48,Right,12,0.0011,0.0057,0.0608,0.0664,0.0666,-0.0101,0.9955,2.041,,,,,,,
48,Right,13,0.0000,0.0000,0.0429,0.3642,0.0000,-0.0128,0.9312,2.041,,,,,,,
48,Right,14,0.0000,0.0000,0.0275,0.1363,-0.0054,-0.0566,0.9890,2.041,,,,,,,
48,Right,15,0.0003,0.0011,0.0250,0.0000,0.0000,0.0000,1.0000,2.041,,,,,,,
48,Right,16,0.0150,-0.0060,0.0348,0.0000,0.0000,0.0000,1.0000,2.041,,,,,,,
48,Right,17,0.0025,-0.0005,0.0539,0.0843,0.0962,-0.0564,0.9902,2.041,,,,,,,
48,Right,18,0.0000,0.0000,0.0390,0.3049,-0.0074,-0.0396,0.9515,2.041,,,,,,,
48,Right,19,0.0000,0.0000,0.0266,0.1422,-0.0297,-0.0113,0.9893,2.041,,,,,,,
48,Right,20,0.0003,0.0016,0.0243,0.0000,0.0000,0.0000,1.0000,2.041,,,,,,,
48,Right,21,0.0230,-0.0094,0.0341,0.0183,0.1403,-0.2070,0.9680,2.041,,,,,,,
48,Right,22,0.0000,0.0000,0.0457,0.0383,0.0252,0.0898,0.9949,2.041,,,,,,,
48,Right,23,0.0000,0.0000,0.0307,0.2018,0.0337,-0.0557,0.9773,2.041,,,,,,,
48,Right,24,0.0000,0.0000,0.0203,0.0497,-0.0491,0.0009,0.9976,2.041,,,,,,,
48,Right,25,-0.0002,0.0012,0.0219,0.0000,0.0000,0.0000,1.0000,2.041,,,,,,,
49,Left,0,0.0027,-0.0051,0.0649,0.0000,0.0000,0.0000,1.0000,2.083,,,,,,,
49,Left,1,0.0000,0.0000,0.0000,0.0000,0.0000,0.0000,1.0000,2.083,-0.1081,0.1122,0.0658,-0.3121,-0.1252,-0.7331,-0.5911
49,Left,2,0.0303,-0.0159,0.0344,-0.1456,0.2941,-0.5471,0.7700,2.083,,,,,,,
49,Left,3,0.0000,0.0000,0.0325,0.0643,-0.0647,0.0832,0.9923,2.083,,,,,,,
49,Left,4,0.0000,0.0000,0.0338,-0.0310,0.0628,-0.0830,0.9941,2.083,,,,,,,
49,Left,5,-0.0007,0.0010,0.0246,0.0000,0.0000,0.0000,1.0000,2.083,,,,,,,
49,Left,6,0.0199,-0.0094,0.0364,0.0000,0.0000,0.0000,1.0000,2.083,,,,,,,
49,Left,7,0.0037,0.0021,0.0596,0.1645,-0.0377,-0.0302,0.9852,2.083,,,,,,,
49,Left,8,0.0000,0.0000,0.0379,0.2271,-0.0011,0.0263,0.9735,2.083,,,,,,,
49,Left,9,0.0000,0.0000,0.0243,0.1092,-0.0241,0.0169,0.9936,2.083,,,,,,,
49,Left,10,-0.0003,0.0010,0.0224,0.0000,0.0000,0.0000,1.0000,2.083,,,,,,,
49,Left,11,0.0037,-0.0076,0.0342,0.0000,0.0000,0.0000,1.0000,2.083,,,,,,,
49,Left,12,-0.0019,0.0051,0.0614,0.2145,-0.0906,0.0237,0.9722,2.083,,,,,,,
49,Left,13,0.0000,0.0000,0.0429,0.1976,-0.0020,0.0123,0.9802,2.083,,,,,,,
49,Left,14,0.0000,0.0000,0.0275,0.0657,0.0023,0.0500,0.9966,2.083,,,,,,,
49,Left,15,-0.0003,0.0011,0.0250,0.0000,0.0000,0.0000,1.0000,2.083,,,,,,,
49,Left,16,-0.0150,-0.0060,0.0348,0.0000,0.0000,0.0000,1.0000,2.083,,,,,,,
49,Left,17,-0.0025,-0.0005,0.0539,0.2053,-0.1254,0.0724,0.9679,2.083,,,,,,,
49,Left,18,0.0000,0.0000,0.0390,0.1779,0.0030,0.0375,0.9833,2.083,,,,,,,
49,Left,19,0.0000,0.0000,0.0266,0.1036,0.0296,0.0095,0.9941,2.083,,,,,,,
49,Left,20,-0.0003,0.0016,0.0243,0.0000,0.0000,0.0000,1.0000,2.083,,,,,,,
49,Left,21,-0.0230,-0.0094,0.0341,0.0183,-0.1403,0.2070,0.9680,2.083,,,,,,,
49,Left,22,0.0000,0.0000,0.0457,0.1176,-0.0630,-0.0801,0.9878,2.083,,,,,,,
49,Left,23,0.0000,0.0000,0.0307,0.1945,-0.0340,0.0551,0.9788,2.083,,,,,,,
49,Left,24,0.0000,0.0000,0.0203,0.0559,0.0490,-0.0009,0.9972,2.083,,,,,,,
49,Left,25,0.0002,0.0012,0.0219,0.0000,0.0000,0.0000,1.0000,2.083,,,,,,,
49,Right,0,-0.0023,-0.0054,0.0652,0.0000,0.0000,0.0000,1.0000,2.083,,,,,,,
49,Right,1,0.0000,0.0000,0.0000,0.0000,0.0000,0.0000,1.0000,2.083,-0.0112,0.1439,-0.1673,-0.1810,0.1919,-0.6440,0.7181
49,Right,2,-0.0287,-0.0183,0.0356,-0.0958,-0.2922,0.5979,0.7402,2.083,,,,,,,
49,Right,3,0.0000,0.0000,0.0325,0.2174,0.0504,-0.0817,0.9714,2.083,,,,,,,
49,Right,4,0.0000,0.0000,0.0338,0.0729,-0.0542,0.0804,0.9926,2.083,,,,,,,
49,Right,5,0.0007,0.0010,0.0246,0.0000,0.0000,0.0000,1.0000,2.083,,,,,,,
49,Right,6,-0.0191,-0.0106,0.0370,0.0000,0.0000,0.0000,1.0000,2.083,,,,,,,
49,Right,7,-0.0045,0.0033,0.0590,-0.0644,0.0149,0.0291,0.9974,2.083,,,,,,,
49,Right,8,0.0000,0.0000,0.0379,0.2908,-0.0006,-0.0262,0.9564,2.083,,,,,,,
49,Right,9,0.0000,0.0000,0.0243,0.1125,0.0240,-0.0169,0.9932,2.083,,,,,,,
49,Right,10,0.0003,0.0010,0.0224,0.0000,0.0000,0.0000,1.0000,2.083,,,,,,,
49,Right,11,-0.0028,-0.0082,0.0348,0.0000,0.0000,0.0000,1.0000,2.083,,,,,,,
49,Right,12,0.0011,0.0057,0.0608,0.0671,0.0669,-0.0101,0.9954,2.083,,,,,,,
49,Right,13,0.0000,0.0000,0.0429,0.3376,0.0003,-0.0128,0.9412,2.083,,,,,,,
49,Right,14,0.0000,0.0000,0.0275,0.1229,-0.0048,-0.0553,0.9909,2.083,,,,,,,
49,Right,15,0.0003,0.0011,0.0250,0.0000,0.0000,0.0000,1.0000,2.083,,,,,,,
49,Right,16,0.0150,-0.0060,0.0348,0.0000,0.0000,0.0000,1.0000,2.083,,,,,,,
49,Right,17,0.0025,-0.0005,0.0539,0.0759,0.0968,-0.0557,0.9908,2.083,,,,,,,
49,Right,18,0.0000,0.0000,0.0390,0.2891,-0.0068,-0.0394,0.9565,2.083,,,,,,,
49,Right,19,0.0000,0.0000,0.0266,0.1347,-0.0297,-0.0109,0.9904,2.083,,,,,,,
49,Right,20,0.0003,0.0016,0.0243,0.0000,0.0000,0.0000,1.0000,2.083,,,,,,,
49,Right,21,0.0230,-0.0094,0.0341,0.0183,0.1403,-0.2070,0.9680,2.083,,,,,,,
49,Right,22,0.0000,0.0000,0.0457,0.0346,0.0261,0.0901,0.9950,2.083,,,,,,,
49,Right,23,0.0000,0.0000,0.0307,0.2023,0.0337,-0.0557,0.9772,2.083,,,,,,,
49,Right,24,0.0000,0.0000,0.0203,0.0488,-0.0491,0.0009,0.9976,2.083,,,,,,,
49,Right,25,-0.0002,0.0012,0.0219,0.0000,0.0000,0.0000,1.0000,2.083,,,,,,,
50,Left,0,0.0027,-0.0051,0.0649,0.0000,0.0000,0.0000,1.0000,2.125,,,,,,,
50,Left,1,0.0000,0.0000,0.0000,0.0000,0.0000,0.0000,1.0000,2.125,-0.1085,0.1117,0.0649,-0.3020,-0.1215,-0.7340,-0.5961
50,Left,2,0.0303,-0.0159,0.0344,-0.1456,0.2940,-0.5471,0.7701,2.125,,,,,,,
50,Left,3,0.0000,0.0000,0.0325,0.0635,-0.0648,0.0832,0.9924,2.125,,,,,,,
50,Left,4,0.0000,0.0000,0.0338,-0.0315,0.0629,-0.0830,0.9941,2.125,,,,,,,
50,Left,5,-0.0007,0.0010,0.0246,0.0000,0.0000,0.0000,1.0000,2.125,,,,,,,
50,Left,6,0.0199,-0.0094,0.0364,0.0000,0.0000,0.0000,1.0000,2.125,,,,,,,
50,Left,7,0.0037,0.0021,0.0596,0.1632,-0.0387,-0.0301,0.9854,2.125,,,,,,,
50,Left,8,0.0000,0.0000,0.0379,0.2167,-0.0014,0.0263,0.9759,2.125,,,,,,,
50,Left,9,0.0000,0.0000,0.0243,0.1076,-0.0241,0.0169,0.9938,2.125,,,,,,,
50,Left,10,-0.0003,0.0010,0.0224,0.0000,0.0000,0.0000,1.0000,2.125,,,,,,,
50,Left,11,0.0037,-0.0076,0.0342,0.0000,0.0000,0.0000,1.0000,2.125,,,,,,,
50,Left,12,-0.0019,0.0051,0.0614,0.2137,-0.0913,0.0237,0.9723,2.125,,,,,,,
50,Left,13,0.0000,0.0000,0.0429,0.1962,-0.0021,0.0123,0.9805,2.125,,,,,,,
50,Left,14,0.0000,0.0000,0.0275,0.0640,0.0022,0.0498,0.9967,2.125,,,,,,,
50,Left,15,-0.0003,0.0011,0.0250,0.0000,0.0000,0.0000,1.0000,2.125,,,,,,,
50,Left,16,-0.0150,-0.0060,0.0348,0.0000,0.0000,0.0000,1.0000,2.125,,,,,,,
50,Left,17,-0.0025,-0.0005,0.0539,0.2063,-0.1258,0.0726,0.9677,2.125,,,,,,,
50,Left,18,0.0000,0.0000,0.0390,0.1770,0.0030,0.0374,0.9835,2.125,,,,,,,
50,Left,19,0.0000,0.0000,0.0266,0.1022,0.0296,0.0094,0.9943,2.125,,,,,,,
50,Left,20,-0.0003,0.0016,0.0243,0.0000,0.0000,0.0000,1.0000,2.125,,,,,,,
50,Left,21,-0.0230,-0.0094,0.0341,0.0183,-0.1403,0.2070,0.9680,2.125,,,,,,,
50,Left,22,0.0000,0.0000,0.0457,0.1187,-0.0629,-0.0800,0.9877,2.125,,,,,,,
50,Left,23,0.0000,0.0000,0.0307,0.1937,-0.0341,0.0550,0.9789,2.125,,,,,,,
50,Left,24,0.0000,0.0000,0.0203,0.0549,0.0491,-0.0009,0.9973,2.125,,,,,,,
50,Left,25,0.0002,0.0012,0.0219,0.0000,0.0000,0.0000,1.0000,2.125,,,,,,,
50,Right,0,-0.0023,-0.0054,0.0652,0.0000,0.0000,0.0000,1.0000,2.125,,,,,,,
50,Right,1,0.0000,0.0000,0.0000,0.0000,0.0000,0.0000,1.0000,2.125,-0.0067,0.1470,-0.1600,-0.1931,0.2072,-0.6442,0.7105
50,Right,2,-0.0287,-0.0184,0.0356,-0.0957,-0.2915,0.5984,0.7401,2.125,,,,,,,
50,Right,3,0.0000,0.0000,0.0325,0.2223,0.0499,-0.0816,0.9703,2.125,,,,,,,
50,Right,4,0.0000,0.0000,0.0338,0.0735,-0.0541,0.0804,0.9926,2.125,,,,,,,
50,Right,5,0.0007,0.0010,0.0246,0.0000,0.0000,0.0000,1.0000,2.125,,,,,,,
50,Right,6,-0.0190,-0.0107,0.0370,0.0000,0.0000,0.0000,1.0000,2.125,,,,,,,
50,Right,7,-0.0045,0.0033,0.0590,-0.0631,0.0159,0.0292,0.9975,2.125,,,,,,,
50,Right,8,0.0000,0.0000,0.0379,0.2861,-0.0005,-0.0262,0.9578,2.125,,,,,,,
50,Right,9,0.0000,0.0000,0.0243,0.1100,0.0241,-0.0169,0.9935,2.125,,,,,,,
50,Right,10,0.0003,0.0010,0.0224,0.0000,0.0000,0.0000,1.0000,2.125,,,,,,,
50,Right,11,-0.0028,-0.0082,0.0348,0.0000,0.0000,0.0000,1.0000,2.125,,,,,,,
50,Right,12,0.0011,0.0057,0.0608,0.0681,0.0671,-0.0102,0.9954,2.125,,,,,,,
50,Right,13,0.0000,0.0000,0.0429,0.3253,0.0005,-0.0127,0.9455,2.125,,,,,,,
50,Right,14,0.0000,0.0000,0.0275,0.1159,-0.0045,-0.0547,0.9917,2.125,,,,,,,
50,Right,15,0.0003,0.0011,0.0250,0.0000,0.0000,0.0000,1.0000,2.125,,,,,,,
50,Right,16,0.0150,-0.0060,0.0348,0.0000,0.0000,0.0000,1.0000,2.125,,,,,,,
50,Right,17,0.0025,-0.0005,0.0539,0.0733,0.0967,-0.0555,0.9911,2.125,,,,,,,
50,Right,18,0.0000,0.0000,0.0390,0.2763,-0.0064,-0.0392,0.9603,2.125,,,,,,,
50,Right,19,0.0000,0.0000,0.0266,0.1261,-0.0297,-0.0105,0.9915,2.125,,,,,,,
50,Right,20,0.0003,0.0016,0.0243,0.0000,0.0000,0.0000,1.0000,2.125,,,,,,,
50,Right,21,0.0230,-0.0094,0.0341,0.0183,0.1403,-0.2070,0.9680,2.125,,,,,,,
50,Right,22,0.0000,0.0000,0.0457,0.0278,0.0262,0.0906,0.9952,2.125,,,,,,,
50,Right,23,0.0000,0.0000,0.0307,0.2018,0.0337,-0.0557,0.9773,2.125,,,,,,,
50,Right,24,0.0000,0.0000,0.0203,0.0474,-0.0491,0.0009,0.9977,2.125,,,,,,,
50,Right,25,-0.0002,0.0012,0.0219,0.0000,0.0000,0.0000,1.0000,2.125,,,,,,,
51,Left,0,0.0027,-0.0051,0.0649,0.0000,0.0000,0.0000,1.0000,2.166,,,,,,,
51,Left,1,0.0000,0.0000,0.0000,0.0000,0.0000,0.0000,1.0000,2.166,-0.1094,0.1104,0.0611,-0.2883,-0.1151,-0.7368,-0.6007
51,Left,2,0.0303,-0.0159,0.0344,-0.1459,0.2933,-0.5472,0.7703,2.166,,,,,,,
51,Left,3,0.0000,0.0000,0.0325,0.0623,-0.0649,0.0832,0.9925,2.166,,,,,,,
51,Left,4,0.0000,0.0000,0.0338,-0.0309,0.0628,-0.0830,0.9941,2.166,,,,,,,
51,Left,5,-0.0007,0.0010,0.0246,0.0000,0.0000,0.0000,1.0000,2.166,,,,,,,
51,Left,6,0.0199,-0.0094,0.0364,0.0000,0.0000,0.0000,1.0000,2.166,,,,,,,
51,Left,7,0.0037,0.0021,0.0596,0.1622,-0.0398,-0.0300,0.9855,2.166,,,,,,,
51,Left,8,0.0000,0.0000,0.0379,0.2069,-0.0017,0.0263,0.9780,2.166,,,,,,,
51,Left,9,0.0000,0.0000,0.0243,0.1054,-0.0242,0.0169,0.9940,2.166,,,,,,,
51,Left,10,-0.0003,0.0010,0.0224,0.0000,0.0000,0.0000,1.0000,2.166,,,,,,,
51,Left,11,0.0037,-0.0076,0.0342,0.0000,0.0000,0.0000,1.0000,2.166,,,,,,,
51,Left,12,-0.0019,0.0051,0.0614,0.2130,-0.0923,0.0239,0.9724,2.166,,,,,,,
51,Left,13,0.0000,0.0000,0.0429,0.1950,-0.0021,0.0123,0.9807,2.166,,,,,,,
51,Left,14,0.0000,0.0000,0.0275,0.0625,0.0022,0.0497,0.9968,2.166,,,,,,,
51,Left,15,-0.0003,0.0011,0.0250,0.0000,0.0000,0.0000,1.0000,2.166,,,,,,,
51,Left,16,-0.0150,-0.0060,0.0348,0.0000,0.0000,0.0000,1.0000,2.166,,,,,,,
51,Left,17,-0.0025,-0.0005,0.0539,0.2072,-0.1264,0.0728,0.9674,2.166,,,,,,,
51,Left,18,0.0000,0.0000,0.0390,0.1766,0.0030,0.0374,0.9836,2.166,,,,,,,
51,Left,19,0.0000,0.0000,0.0266,0.1012,0.0296,0.0094,0.9944,2.166,,,,,,,
51,Left,20,-0.0003,0.0016,0.0243,0.0000,0.0000,0.0000,1.0000,2.166,,,,,,,
51,Left,21,-0.0230,-0.0094,0.0341,0.0183,-0.1403,0.2070,0.9680,2.166,,,,,,,
51,Left,22,0.0000,0.0000,0.0457,0.1200,-0.0622,-0.0800,0.9876,2.166,,,,,,,
51,Left,23,0.0000,0.0000,0.0307,0.1941,-0.0341,0.0551,0.9788,2.166,,,,,,,
51,Left,24,0.0000,0.0000,0.0203,0.0544,0.0491,-0.0009,0.9973,2.166,,,,,,,
51,Left,25,0.0002,0.0012,0.0219,0.0000,0.0000,0.0000,1.0000,2.166,,,,,,,
51,Right,0,-0.0023,-0.0054,0.0652,0.0000,0.0000,0.0000,1.0000,2.166,,,,,,,
51,Right,1,0.0000,0.0000,0.0000,0.0000,0.0000,0.0000,1.0000,2.166,-0.0027,0.1471,-0.1563,-0.1976,0.2132,-0.6426,0.7089
51,Right,2,-0.0287,-0.0184,0.0356,-0.0956,-0.2912,0.5986,0.7401,2.166,,,,,,,
51,Right,3,0.0000,0.0000,0.0325,0.2225,0.0499,-0.0816,0.9702,2.166,,,,,,,
51,Right,4,0.0000,0.0000,0.0338,0.0625,-0.0551,0.0807,0.9933,2.166,,,,,,,
51,Right,5,0.0007,0.0010,0.0246,0.0000,0.0000,0.0000,1.0000,2.166,,,,,,,
51,Right,6,-0.0190,-0.0107,0.0370,0.0000,0.0000,0.0000,1.0000,2.166,,,,,,,
51,Right,7,-0.0045,0.0033,0.0590,-0.0601,0.0168,0.0294,0.9976,2.166,,,,,,,
51,Right,8,0.0000,0.0000,0.0379,0.2840,-0.0004,-0.0262,0.9585,2.166,,,,,,,
51,Right,9,0.0000,0.0000,0.0243,0.1083,0.0241,-0.0169,0.9937,2.166,,,,,,,
51,Right,10,0.0003,0.0010,0.0224,0.0000,0.0000,0.0000,1.0000,2.166,,,,,,,
51,Right,11,-0.0028,-0.0082,0.0348,0.0000,0.0000,0.0000,1.0000,2.166,,,,,,,
51,Right,12,0.0011,0.0057,0.0608,0.0692,0.0673,-0.0103,0.9953,2.166,,,,,,,
51,Right,13,0.0000,0.0000,0.0429,0.3181,0.0006,-0.0127,0.9480,2.166,,,,,,,
51,Right,14,0.0000,0.0000,0.0275,0.1134,-0.0044,-0.0545,0.9920,2.166,,,,,,,
51,Right,15,0.0003,0.0011,0.0250,0.0000,0.0000,0.0000,1.0000,2.166,,,,,,,
51,Right,16,0.0150,-0.0060,0.0348,0.0000,0.0000,0.0000,1.0000,2.166,,,,,,,
51,Right,17,0.0025,-0.0005,0.0539,0.0717,0.0965,-0.0553,0.9912,2.166,,,,,,,
51,Right,18,0.0000,0.0000,0.0390,0.2676,-0.0061,-0.0390,0.9627,2.166,,,,,,,
51,Right,19,0.0000,0.0000,0.0266,0.1219,-0.0297,-0.0103,0.9920,2.166,,,,,,,
51,Right,20,0.0003,0.0016,0.0243,0.0000,0.0000,0.0000,1.0000,2.166,,,,,,,
51,Right,21,0.0230,-0.0094,0.0341,0.0183,0.1403,-0.2070,0.9680,2.166,,,,,,,
51,Right,22,0.0000,0.0000,0.0457,0.0231,0.0264,0.0909,0.9952,2.166,,,,,,,
51,Right,23,0.0000,0.0000,0.0307,0.2004,0.0338,-0.0556,0.9776,2.166,,,,,,,
51,Right,24,0.0000,0.0000,0.0203,0.0459,-0.0491,0.0009,0.9977,2.166,,,,,,,
51,Right,25,-0.0002,0.0012,0.0219,0.0000,0.0000,0.0000,1.0000,2.166,,,,,,,
52,Left,0,0.0027,-0.0051,0.0649,0.0000,0.0000,0.0000,1.0000,2.208,,,,,,,
52,Left,1,0.0000,0.0000,0.0000,0.0000,0.0000,0.0000,1.0000,2.208,-0.1108,0.1093,0.0552,-0.2720,-0.1081,-0.7401,-0.6054
52,Left,2,0.0303,-0.0159,0.0344,-0.1464,0.2921,-0.5471,0.7706,2.208,,,,,,,
52,Left,3,0.0000,0.0000,0.0325,0.0609,-0.0650,0.0832,0.9925,2.208,,,,,,,
52,Left,4,0.0000,0.0000,0.0338,-0.0296,0.0627,-0.0830,0.9941,2.208,,,,,,,
52,Left,5,-0.0007,0.0010,0.0246,0.0000,0.0000,0.0000,1.0000,2.208,,,,,,,
52,Left,6,0.0199,-0.0094,0.0364,0.0000,0.0000,0.0000,1.0000,2.208,,,,,,,
52,Left,7,0.0037,0.0021,0.0596,0.1614,-0.0410,-0.0299,0.9856,2.208,,,,,,,
52,Left,8,0.0000,0.0000,0.0379,0.1995,-0.0019,0.0264,0.9795,2.208,,,,,,,
52,Left,9,0.0000,0.0000,0.0243,0.1027,-0.0242,0.0169,0.9943,2.208,,,,,,,
52,Left,10,-0.0003,0.0010,0.0224,0.0000,0.0000,0.0000,1.0000,2.208,,,,,,,
52,Left,11,0.0037,-0.0076,0.0342,0.0000,0.0000,0.0000,1.0000,2.208,,,,,,,
52,Left,12,-0.0019,0.0051,0.0614,0.2124,-0.0933,0.0240,0.9724,2.208,,,,,,,
52,Left,13,0.0000,0.0000,0.0429,0.1939,-0.0021,0.0123,0.9809,2.208,,,,,,,
52,Left,14,0.0000,0.0000,0.0275,0.0611,0.0021,0.0495,0.9969,2.208,,,,,,,
52,Left,15,-0.0003,0.0011,0.0250,0.0000,0.0000,0.0000,1.0000,2.208,,,,,,,
52,Left,16,-0.0150,-0.0060,0.0348,0.0000,0.0000,0.0000,1.0000,2.208,,,,,,,
52,Left,17,-0.0025,-0.0005,0.0539,0.2078,-0.1268,0.0729,0.9672,2.208,,,,,,,
52,Left,18,0.0000,0.0000,0.0390,0.1767,0.0030,0.0374,0.9835,2.208,,,,,,,
52,Left,19,0.0000,0.0000,0.0266,0.1004,0.0296,0.0093,0.9945,2.208,,,,,,,
52,Left,20,-0.0003,0.0016,0.0243,0.0000,0.0000,0.0000,1.0000,2.208,,,,,,,
52,Left,21,-0.0230,-0.0094,0.0341,0.0183,-0.1403,0.2070,0.9680,2.208,,,,,,,
52,Left,22,0.0000,0.0000,0.0457,0.1210,-0.0608,-0.0800,0.9876,2.208,,,,,,,
52,Left,23,0.0000,0.0000,0.0307,0.1954,-0.0340,0.0552,0.9786,2.208,,,,,,,
52,Left,24,0.0000,0.0000,0.0203,0.0543,0.0491,-0.0009,0.9973,2.208,,,,,,,
52,Left,25,0.0002,0.0012,0.0219,0.0000,0.0000,0.0000,1.0000,2.208,,,,,,,
52,Right,0,-0.0023,-0.0054,0.0652,0.0000,0.0000,0.0000,1.0000,2.208,,,,,,,
52,Right,1,0.0000,0.0000,0.0000,0.0000,0.0000,0.0000,1.0000,2.208,0.0046,0.1458,-0.1508,-0.2015,0.2158,-0.6410,0.7085
52,Right,2,-0.0286,-0.0184,0.0356,-0.0950,-0.2910,0.5993,0.7397,2.208,,,,,,,
52,Right,3,0.0000,0.0000,0.0325,0.2144,0.0507,-0.0817,0.9720,2.208,,,,,,,
52,Right,4,0.0000,0.0000,0.0338,0.0142,-0.0591,0.0820,0.9948,2.208,,,,,,,
52,Right,5,0.0007,0.0010,0.0246,0.0000,0.0000,0.0000,1.0000,2.208,,,,,,,
52,Right,6,-0.0190,-0.0107,0.0370,0.0000,0.0000,0.0000,1.0000,2.208,,,,,,,
52,Right,7,-0.0045,0.0034,0.0590,-0.0465,0.0183,0.0297,0.9983,2.208,,,,,,,
52,Right,8,0.0000,0.0000,0.0379,0.2809,-0.0003,-0.0263,0.9594,2.208,,,,,,,
52,Right,9,0.0000,0.0000,0.0243,0.1066,0.0241,-0.0169,0.9939,2.208,,,,,,,
52,Right,10,0.0003,0.0010,0.0224,0.0000,0.0000,0.0000,1.0000,2.208,,,,,,,
52,Right,11,-0.0028,-0.0082,0.0348,0.0000,0.0000,0.0000,1.0000,2.208,,,,,,,
52,Right,12,0.0011,0.0057,0.0608,0.0696,0.0676,-0.0103,0.9952,2.208,,,,,,,
52,Right,13,0.0000,0.0000,0.0429,0.3055,0.0007,-0.0127,0.9521,2.208,,,,,,,
52,Right,14,0.0000,0.0000,0.0275,0.1085,-0.0042,-0.0540,0.9926,2.208,,,,,,,
52,Right,15,0.0003,0.0011,0.0250,0.0000,0.0000,0.0000,1.0000,2.208,,,,,,,
52,Right,16,0.0150,-0.0060,0.0348,0.0000,0.0000,0.0000,1.0000,2.208,,,,,,,
52,Right,17,0.0025,-0.0005,0.0539,0.0660,0.0965,-0.0548,0.9916,2.208,,,,,,,
52,Right,18,0.0000,0.0000,0.0390,0.2577,-0.0058,-0.0389,0.9654,2.208,,,,,,,
52,Right,19,0.0000,0.0000,0.0266,0.1186,-0.0296,-0.0102,0.9924,2.208,,,,,,,
52,Right,20,0.0003,0.0016,0.0243,0.0000,0.0000,0.0000,1.0000,2.208,,,,,,,
52,Right,21,0.0230,-0.0094,0.0341,0.0183,0.1403,-0.2070,0.9680,2.208,,,,,,,
52,Right,22,0.0000,0.0000,0.0457,0.0184,0.0262,0.0912,0.9953,2.208,,,,,,,
52,Right,23,0.0000,0.0000,0.0307,0.1960,0.0340,-0.0552,0.9785,2.208,,,,,,,
52,Right,24,0.0000,0.0000,0.0203,0.0444,-0.0491,0.0009,0.9978,2.208,,,,,,,
52,Right,25,-0.0002,0.0012,0.0219,0.0000,0.0000,0.0000,1.0000,2.208,,,,,,,
53,Left,0,0.0027,-0.0051,0.0649,0.0000,0.0000,0.0000,1.0000,2.250,,,,,,,
53,Left,1,0.0000,0.0000,0.0000,0.0000,0.0000,0.0000,1.0000,2.250,-0.1124,0.1097,0.0478,-0.2607,-0.1019,-0.7441,-0.6065
53,Left,2,0.0303,-0.0159,0.0344,-0.1469,0.2907,-0.5473,0.7710,2.250,,,,,,,
53,Left,3,0.0000,0.0000,0.0325,0.0591,-0.0652,0.0832,0.9926,2.250,,,,,,,
53,Left,4,0.0000,0.0000,0.0338,-0.0277,0.0626,-0.0829,0.9942,2.250,,,,,,,
53,Left,5,-0.0007,0.0010,0.0246,0.0000,0.0000,0.0000,1.0000,2.250,,,,,,,
53,Left,6,0.0199,-0.0094,0.0364,0.0000,0.0000,0.0000,1.0000,2.250,,,,,,,
53,Left,7,0.0037,0.0021,0.0596,0.1582,-0.0430,-0.0297,0.9860,2.250,,,,,,,
53,Left,8,0.0000,0.0000,0.0379,0.1928,-0.0021,0.0264,0.9809,2.250,,,,,,,
53,Left,9,0.0000,0.0000,0.0243,0.1010,-0.0242,0.0169,0.9944,2.250,,,,,,,
53,Left,10,-0.0003,0.0010,0.0224,0.0000,0.0000,0.0000,1.0000,2.250,,,,,,,
53,Left,11,0.0037,-0.0076,0.0342,0.0000,0.0000,0.0000,1.0000,2.250,,,,,,,
53,Left,12,-0.0019,0.0051,0.0614,0.2114,-0.0946,0.0241,0.9725,2.250,,,,,,,
53,Left,13,0.0000,0.0000,0.0429,0.1924,-0.0021,0.0123,0.9812,2.250,,,,,,,
53,Left,14,0.0000,0.0000,0.0275,0.0598,0.0021,0.0494,0.9970,2.250,,,,,,,
53,Left,15,-0.0003,0.0011,0.0250,0.0000,0.0000,0.0000,1.0000,2.250,,,,,,,
53,Left,16,-0.0150,-0.0060,0.0348,0.0000,0.0000,0.0000,1.0000,2.250,,,,,,,
53,Left,17,-0.0025,-0.0005,0.0539,0.2079,-0.1272,0.0730,0.9671,2.250,,,,,,,
53,Left,18,0.0000,0.0000,0.0390,0.1765,0.0030,0.0374,0.9836,2.250,,,,,,,
53,Left,19,0.0000,0.0000,0.0266,0.0995,0.0296,0.0093,0.9946,2.250,,,,,,,
53,Left,20,-0.0003,0.0016,0.0243,0.0000,0.0000,0.0000,1.0000,2.250,,,,,,,
53,Left,21,-0.0230,-0.0094,0.0341,0.0183,-0.1403,0.2070,0.9680,2.250,,,,,,,
53,Left,22,0.0000,0.0000,0.0457,0.1215,-0.0582,-0.0803,0.9876,2.250,,,,,,,
53,Left,23,0.0000,0.0000,0.0307,0.1969,-0.0339,0.0553,0.9783,2.250,,,,,,,
53,Left,24,0.0000,0.0000,0.0203,0.0545,0.0491,-0.0009,0.9973,2.250,,,,,,,
53,Left,25,0.0002,0.0012,0.0219,0.0000,0.0000,0.0000,1.0000,2.250,,,,,,,
53,Right,0,-0.0022,-0.0054,0.0653,0.0000,0.0000,0.0000,1.0000,2.250,,,,,,,
53,Right,1,0.0000,0.0000,0.0000,0.0000,0.0000,0.0000,1.0000,2.250,0.0125,0.1434,-0.1450,-0.2018,0.2159,-0.6418,0.7076
53,Right,2,-0.0284,-0.0187,0.0357,-0.0902,-0.2893,0.6045,0.7367,2.250,,,,,,,
53,Right,3,0.0000,0.0000,0.0325,0.1997,0.0522,-0.0820,0.9750,2.250,,,,,,,
53,Right,4,0.0000,0.0000,0.0338,-0.0227,-0.0622,0.0828,0.9944,2.250,,,,,,,
53,Right,5,0.0007,0.0010,0.0246,0.0000,0.0000,0.0000,1.0000,2.250,,,,,,,
53,Right,6,-0.0189,-0.0108,0.0371,0.0000,0.0000,0.0000,1.0000,2.250,,,,,,,
53,Right,7,-0.0046,0.0035,0.0589,-0.0304,0.0232,0.0303,0.9988,2.250,,,,,,,
53,Right,8,0.0000,0.0000,0.0379,0.2762,-0.0002,-0.0263,0.9607,2.250,,,,,,,
53,Right,9,0.0000,0.0000,0.0243,0.1047,0.0242,-0.0169,0.9941,2.250,,,,,,,
53,Right,10,0.0003,0.0010,0.0224,0.0000,0.0000,0.0000,1.0000,2.250,,,,,,,
53,Right,11,-0.0027,-0.0083,0.0349,0.0000,0.0000,0.0000,1.0000,2.250,,,,,,,
53,Right,12,0.0010,0.0058,0.0607,0.0701,0.0681,-0.0103,0.9952,2.250,,,,,,,
53,Right,13,0.0000,0.0000,0.0429,0.2982,0.0008,-0.0126,0.9544,2.250,,,,,,,
53,Right,14,0.0000,0.0000,0.0275,0.1028,-0.0039,-0.0535,0.9933,2.250,,,,,,,
53,Right,15,0.0003,0.0011,0.0250,0.0000,0.0000,0.0000,1.0000,2.250,,,,,,,
53,Right,16,0.0150,-0.0060,0.0348,0.0000,0.0000,0.0000,1.0000,2.250,,,,,,,
53,Right,17,0.0025,-0.0005,0.0539,0.0624,0.0965,-0.0545,0.9919,2.250,,,,,,,
53,Right,18,0.0000,0.0000,0.0390,0.2518,-0.0056,-0.0388,0.9670,2.250,,,,,,,
53,Right,19,0.0000,0.0000,0.0266,0.1152,-0.0296,-0.0100,0.9929,2.250,,,,,,,
53,Right,20,0.0003,0.0016,0.0243,0.0000,0.0000,0.0000,1.0000,2.250,,,,,,,
53,Right,21,0.0230,-0.0094,0.0341,0.0183,0.1403,-0.2070,0.9680,2.250,,,,,,,
53,Right,22,0.0000,0.0000,0.0457,0.0164,0.0253,0.0914,0.9954,2.250,,,,,,,
53,Right,23,0.0000,0.0000,0.0307,0.1909,0.0342,-0.0548,0.9795,2.250,,,,,,,
53,Right,24,0.0000,0.0000,0.0203,0.0431,-0.0491,0.0009,0.9979,2.250,,,,,,,
53,Right,25,-0.0002,0.0012,0.0219,0.0000,0.0000,0.0000,1.0000,2.250,,,,,,,
54,Left,0,0.0027,-0.0051,0.0650,0.0000,0.0000,0.0000,1.0000,2.291,,,,,,,
54,Left,1,0.0000,0.0000,0.0000,0.0000,0.0000,0.0000,1.0000,2.291,-0.1131,0.1097,0.0395,-0.2432,-0.0909,-0.7522,-0.6056
54,Left,2,0.0303,-0.0160,0.0344,-0.1473,0.2891,-0.5476,0.7712,2.291,,,,,,,
54,Left,3,0.0000,0.0000,0.0325,0.0568,-0.0654,0.0832,0.9928,2.291,,,,,,,
54,Left,4,0.0000,0.0000,0.0338,-0.0218,0.0621,-0.0828,0.9944,2.291,,,,,,,
54,Left,5,-0.0007,0.0010,0.0246,0.0000,0.0000,0.0000,1.0000,2.291,,,,,,,
54,Left,6,0.0199,-0.0094,0.0364,0.0000,0.0000,0.0000,1.0000,2.291,,,,,,,
54,Left,7,0.0037,0.0021,0.0596,0.1483,-0.0494,-0.0292,0.9873,2.291,,,,,,,
54,Left,8,0.0000,0.0000,0.0379,0.1901,-0.0022,0.0263,0.9814,2.291,,,,,,,
54,Left,9,0.0000,0.0000,0.0243,0.0996,-0.0243,0.0169,0.9946,2.291,,,,,,,
54,Left,10,-0.0003,0.0010,0.0224,0.0000,0.0000,0.0000,1.0000,2.291,,,,,,,
54,Left,11,0.0036,-0.0076,0.0343,0.0000,0.0000,0.0000,1.0000,2.291,,,,,,,
54,Left,12,-0.0019,0.0051,0.0614,0.2097,-0.0964,0.0242,0.9727,2.291,,,,,,,
54,Left,13,0.0000,0.0000,0.0429,0.1909,-0.0021,0.0123,0.9815,2.291,,,,,,,
54,Left,14,0.0000,0.0000,0.0275,0.0585,0.0020,0.0493,0.9971,2.291,,,,,,,
54,Left,15,-0.0003,0.0011,0.0250,0.0000,0.0000,0.0000,1.0000,2.291,,,,,,,
54,Left,16,-0.0150,-0.0060,0.0348,0.0000,0.0000,0.0000,1.0000,2.291,,,,,,,
54,Left,17,-0.0025,-0.0005,0.0539,0.2075,-0.1277,0.0730,0.9671,2.291,,,,,,,
54,Left,18,0.0000,0.0000,0.0390,0.1761,0.0030,0.0374,0.9837,2.291,,,,,,,
54,Left,19,0.0000,0.0000,0.0266,0.0986,0.0296,0.0093,0.9946,2.291,,,,,,,
54,Left,20,-0.0003,0.0016,0.0243,0.0000,0.0000,0.0000,1.0000,2.291,,,,,,,
54,Left,21,-0.0230,-0.0094,0.0341,0.0183,-0.1403,0.2070,0.9680,2.291,,,,,,,
54,Left,22,0.0000,0.0000,0.0457,0.1222,-0.0548,-0.0807,0.9877,2.291,,,,,,,
54,Left,23,0.0000,0.0000,0.0307,0.1984,-0.0339,0.0554,0.9780,2.291,,,,,,,
54,Left,24,0.0000,0.0000,0.0203,0.0549,0.0491,-0.0009,0.9973,2.291,,,,,,,
54,Left,25,0.0002,0.0012,0.0219,0.0000,0.0000,0.0000,1.0000,2.291,,,,,,,
54,Right,0,-0.0021,-0.0055,0.0653,0.0000,0.0000,0.0000,1.0000,2.291,,,,,,,
54,Right,1,0.0000,0.0000,0.0000,0.0000,0.0000,0.0000,1.0000,2.291,0.0179,0.1402,-0.1399,-0.2025,0.2144,-0.6477,0.7026
54,Right,2,-0.0281,-0.0191,0.0359,-0.0827,-0.2861,0.6130,0.7318,2.291,,,,,,,
54,Right,3,0.0000,0.0000,0.0325,0.1968,0.0524,-0.0820,0.9756,2.291,,,,,,,
54,Right,4,0.0000,0.0000,0.0338,-0.0269,-0.0625,0.0829,0.9942,2.291,,,,,,,
54,Right,5,0.0007,0.0010,0.0246,0.0000,0.0000,0.0000,1.0000,2.291,,,,,,,
54,Right,6,-0.0187,-0.0110,0.0372,0.0000,0.0000,0.0000,1.0000,2.291,,,,,,,
54,Right,7,-0.0048,0.0037,0.0588,-0.0170,0.0318,0.0309,0.9989,2.291,,,,,,,
54,Right,8,0.0000,0.0000,0.0379,0.2744,-0.0002,-0.0263,0.9613,2.291,,,,,,,
54,Right,9,0.0000,0.0000,0.0243,0.1031,0.0242,-0.0169,0.9942,2.291,,,,,,,
54,Right,10,0.0003,0.0010,0.0224,0.0000,0.0000,0.0000,1.0000,2.291,,,,,,,
54,Right,11,-0.0025,-0.0084,0.0350,0.0000,0.0000,0.0000,1.0000,2.291,,,,,,,
54,Right,12,0.0008,0.0059,0.0606,0.0743,0.0690,-0.0106,0.9948,2.291,,,,,,,
54,Right,13,0.0000,0.0000,0.0429,0.2964,0.0008,-0.0126,0.9550,2.291,,,,,,,
54,Right,14,0.0000,0.0000,0.0275,0.0987,-0.0038,-0.0531,0.9937,2.291,,,,,,,
54,Right,15,0.0003,0.0011,0.0250,0.0000,0.0000,0.0000,1.0000,2.291,,,,,,,
54,Right,16,0.0150,-0.0060,0.0348,0.0000,0.0000,0.0000,1.0000,2.291,,,,,,,
54,Right,17,0.0025,-0.0005,0.0539,0.0631,0.0963,-0.0546,0.9919,2.291,,,,,,,
54,Right,18,0.0000,0.0000,0.0390,0.2497,-0.0055,-0.0387,0.9675,2.291,,,,,,,
54,Right,19,0.0000,0.0000,0.0266,0.1121,-0.0296,-0.0099,0.9932,2.291,,,,,,,
54,Right,20,0.0003,0.0016,0.0243,0.0000,0.0000,0.0000,1.0000,2.291,,,,,,,
54,Right,21,0.0230,-0.0094,0.0341,0.0183,0.1403,-0.2070,0.9680,2.291,,,,,,,
54,Right,22,0.0000,0.0000,0.0457,0.0174,0.0239,0.0913,0.9954,2.291,,,,,,,
54,Right,23,0.0000,0.0000,0.0307,0.1872,0.0344,-0.0545,0.9802,2.291,,,,,,,
54,Right,24,0.0000,0.0000,0.0203,0.0420,-0.0491,0.0009,0.9979,2.291,,,,,,,
54,Right,25,-0.0002,0.0012,0.0219,0.0000,0.0000,0.0000,1.0000,2.291,,,,,,,
55,Left,0,0.0027,-0.0051,0.0650,0.0000,0.0000,0.0000,1.0000,2.333,,,,,,,
55,Left,1,0.0000,0.0000,0.0000,0.0000,0.0000,0.0000,1.0000,2.333,-0.1128,0.1083,0.0275,-0.2151,-0.0778,-0.7576,-0.6113
55,Left,2,0.0303,-0.0160,0.0345,-0.1498,0.2837,-0.5473,0.7730,2.333,,,,,,,
55,Left,3,0.0000,0.0000,0.0325,0.0520,-0.0658,0.0832,0.9930,2.333,,,,,,,
55,Left,4,0.0000,0.0000,0.0338,-0.0144,0.0615,-0.0826,0.9946,2.333,,,,,,,
55,Left,5,-0.0007,0.0010,0.0246,0.0000,0.0000,0.0000,1.0000,2.333,,,,,,,
55,Left,6,0.0198,-0.0095,0.0364,0.0000,0.0000,0.0000,1.0000,2.333,,,,,,,
55,Left,7,0.0037,0.0022,0.0596,0.1420,-0.0569,-0.0286,0.9878,2.333,,,,,,,
55,Left,8,0.0000,0.0000,0.0379,0.1887,-0.0022,0.0263,0.9817,2.333,,,,,,,
55,Left,9,0.0000,0.0000,0.0243,0.0985,-0.0243,0.0169,0.9947,2.333,,,,,,,
55,Left,10,-0.0003,0.0010,0.0224,0.0000,0.0000,0.0000,1.0000,2.333,,,,,,,
55,Left,11,0.0036,-0.0076,0.0343,0.0000,0.0000,0.0000,1.0000,2.333,,,,,,,
55,Left,12,-0.0019,0.0051,0.0614,0.2060,-0.0982,0.0242,0.9733,2.333,,,,,,,
55,Left,13,0.0000,0.0000,0.0429,0.1893,-0.0021,0.0123,0.9818,2.333,,,,,,,
55,Left,14,0.0000,0.0000,0.0275,0.0570,0.0019,0.0491,0.9972,2.333,,,,,,,
55,Left,15,-0.0003,0.0011,0.0250,0.0000,0.0000,0.0000,1.0000,2.333,,,,,,,
55,Left,16,-0.0150,-0.0060,0.0348,0.0000,0.0000,0.0000,1.0000,2.333,,,,,,,
55,Left,17,-0.0025,-0.0005,0.0539,0.2071,-0.1281,0.0730,0.9671,2.333,,,,,,,
55,Left,18,0.0000,0.0000,0.0390,0.1756,0.0030,0.0374,0.9838,2.333,,,,,,,
55,Left,19,0.0000,0.0000,0.0266,0.0977,0.0296,0.0092,0.9947,2.333,,,,,,,
55,Left,20,-0.0003,0.0016,0.0243,0.0000,0.0000,0.0000,1.0000,2.333,,,,,,,
55,Left,21,-0.0230,-0.0094,0.0341,0.0183,-0.1403,0.2070,0.9680,2.333,,,,,,,
55,Left,22,0.0000,0.0000,0.0457,0.1271,-0.0479,-0.0811,0.9874,2.333,,,,,,,
55,Left,23,0.0000,0.0000,0.0307,0.1996,-0.0338,0.0555,0.9777,2.333,,,,,,,
55,Left,24,0.0000,0.0000,0.0203,0.0553,0.0491,-0.0009,0.9973,2.333,,,,,,,
55,Left,25,0.0002,0.0012,0.0219,0.0000,0.0000,0.0000,1.0000,2.333,,,,,,,
55,Right,0,-0.0021,-0.0055,0.0653,0.0000,0.0000,0.0000,1.0000,2.333,,,,,,,
55,Right,1,0.0000,0.0000,0.0000,0.0000,0.0000,0.0000,1.0000,2.333,0.0205,0.1408,-0.1339,-0.1911,0.2224,-0.6647,0.6871
55,Right,2,-0.0281,-0.0191,0.0359,-0.0827,-0.2861,0.6130,0.7318,2.333,,,,,,,
55,Right,3,0.0000,0.0000,0.0325,0.1921,0.0529,-0.0821,0.9765,2.333,,,,,,,
55,Right,4,0.0000,0.0000,0.0338,-0.0275,-0.0626,0.0829,0.9942,2.333,,,,,,,
55,Right,5,0.0007,0.0010,0.0246,0.0000,0.0000,0.0000,1.0000,2.333,,,,,,,
55,Right,6,-0.0187,-0.0110,0.0372,0.0000,0.0000,0.0000,1.0000,2.333,,,,,,,
55,Right,7,-0.0048,0.0037,0.0588,-0.0158,0.0367,0.0313,0.9987,2.333,,,,,,,
55,Right,8,0.0000,0.0000,0.0379,0.2696,0.0000,-0.0263,0.9626,2.333,,,,,,,
55,Right,9,0.0000,0.0000,0.0243,0.1020,0.0242,-0.0169,0.9943,2.333,,,,,,,
55,Right,10,0.0003,0.0010,0.0224,0.0000,0.0000,0.0000,1.0000,2.333,,,,,,,
55,Right,11,-0.0025,-0.0084,0.0350,0.0000,0.0000,0.0000,1.0000,2.333,,,,,,,
55,Right,12,0.0008,0.0059,0.0606,0.0820,0.0703,-0.0112,0.9941,2.333,,,,,,,
55,Right,13,0.0000,0.0000,0.0429,0.2949,0.0008,-0.0126,0.9554,2.333,,,,,,,
55,Right,14,0.0000,0.0000,0.0275,0.0972,-0.0037,-0.0529,0.9938,2.333,,,,,,,
55,Right,15,0.0003,0.0011,0.0250,0.0000,0.0000,0.0000,1.0000,2.333,,,,,,,
55,Right,16,0.0150,-0.0060,0.0348,0.0000,0.0000,0.0000,1.0000,2.333,,,,,,,
55,Right,17,0.0025,-0.0005,0.0539,0.0645,0.0966,-0.0547,0.9917,2.333,,,,,,,
55,Right,18,0.0000,0.0000,0.0390,0.2453,-0.0053,-0.0387,0.9686,2.333,,,,,,,
55,Right,19,0.0000,0.0000,0.0266,0.1095,-0.0296,-0.0098,0.9935,2.333,,,,,,,
55,Right,20,0.0003,0.0016,0.0243,0.0000,0.0000,0.0000,1.0000,2.333,,,,,,,
55,Right,21,0.0230,-0.0094,0.0341,0.0183,0.1403,-0.2070,0.9680,2.333,,,,,,,
55,Right,22,0.0000,0.0000,0.0457,0.0179,0.0227,0.0913,0.9954,2.333,,,,,,,
55,Right,23,0.0000,0.0000,0.0307,0.1822,0.0346,-0.0541,0.9812,2.333,,,,,,,
55,Right,24,0.0000,0.0000,0.0203,0.0409,-0.0491,0.0009,0.9980,2.333,,,,,,,
55,Right,25,-0.0002,0.0012,0.0219,0.0000,0.0000,0.0000,1.0000,2.333,,,,,,,
56,Left,0,0.0027,-0.0051,0.0650,0.0000,0.0000,0.0000,1.0000,2.375,,,,,,,
56,Left,1,0.0000,0.0000,0.0000,0.0000,0.0000,0.0000,1.0000,2.375,-0.1130,0.1070,0.0194,-0.1928,-0.0722,-0.7580,-0.6190
56,Left,2,0.0302,-0.0161,0.0345,-0.1540,0.2759,-0.5465,0.7756,2.375,,,,,,,
56,Left,3,0.0000,0.0000,0.0325,0.0436,-0.0665,0.0832,0.9934,2.375,,,,,,,
56,Left,4,0.0000,0.0000,0.0338,-0.0083,0.0610,-0.0825,0.9947,2.375,,,,,,,
56,Left,5,-0.0007,0.0010,0.0246,0.0000,0.0000,0.0000,1.0000,2.375,,,,,,,
56,Left,6,0.0198,-0.0095,0.0365,0.0000,0.0000,0.0000,1.0000,2.375,,,,,,,
56,Left,7,0.0037,0.0022,0.0595,0.1399,-0.0620,-0.0282,0.9878,2.375,,,,,,,
56,Left,8,0.0000,0.0000,0.0379,0.1883,-0.0022,0.0263,0.9818,2.375,,,,,,,
56,Left,9,0.0000,0.0000,0.0243,0.0981,-0.0243,0.0169,0.9947,2.375,,,,,,,
56,Left,10,-0.0003,0.0010,0.0224,0.0000,0.0000,0.0000,1.0000,2.375,,,,,,,
56,Left,11,0.0036,-0.0076,0.0343,0.0000,0.0000,0.0000,1.0000,2.375,,,,,,,
56,Left,12,-0.0019,0.0051,0.0614,0.2037,-0.1000,0.0242,0.9736,2.375,,,,,,,
56,Left,13,0.0000,0.0000,0.0429,0.1883,-0.0022,0.0123,0.9820,2.375,,,,,,,
56,Left,14,0.0000,0.0000,0.0275,0.0557,0.0019,0.0490,0.9972,2.375,,,,,,,
56,Left,15,-0.0003,0.0011,0.0250,0.0000,0.0000,0.0000,1.0000,2.375,,,,,,,
56,Left,16,-0.0150,-0.0060,0.0348,0.0000,0.0000,0.0000,1.0000,2.375,,,,,,,
56,Left,17,-0.0025,-0.0005,0.0539,0.2069,-0.1283,0.0730,0.9672,2.375,,,,,,,
56,Left,18,0.0000,0.0000,0.0390,0.1753,0.0029,0.0374,0.9838,2.375,,,,,,,
56,Left,19,0.0000,0.0000,0.0266,0.0967,0.0296,0.0092,0.9948,2.375,,,,,,,
56,Left,20,-0.0003,0.0016,0.0243,0.0000,0.0000,0.0000,1.0000,2.375,,,,,,,
56,Left,21,-0.0230,-0.0094,0.0341,0.0183,-0.1403,0.2070,0.9680,2.375,,,,,,,
56,Left,22,0.0000,0.0000,0.0457,0.1346,-0.0417,-0.0813,0.9867,2.375,,,,,,,
56,Left,23,0.0000,0.0000,0.0307,0.2011,-0.0337,0.0556,0.9774,2.375,,,,,,,
56,Left,24,0.0000,0.0000,0.0203,0.0555,0.0491,-0.0009,0.9973,2.375,,,,,,,
56,Left,25,0.0002,0.0012,0.0219,0.0000,0.0000,0.0000,1.0000,2.375,,,,,,,
56,Right,0,-0.0022,-0.0054,0.0653,0.0000,0.0000,0.0000,1.0000,2.375,,,,,,,
56,Right,1,0.0000,0.0000,0.0000,0.0000,0.0000,0.0000,1.0000,2.375,0.0234,0.1410,-0.1291,-0.1701,0.2287,-0.6862,0.6693
56,Right,2,-0.0283,-0.0189,0.0358,-0.0873,-0.2883,0.6077,0.7348,2.375,,,,,,,
56,Right,3,0.0000,0.0000,0.0325,0.1874,0.0533,-0.0821,0.9774,2.375,,,,,,,
56,Right,4,0.0000,0.0000,0.0338,-0.0235,-0.0622,0.0828,0.9943,2.375,,,,,,,
56,Right,5,0.0007,0.0010,0.0246,0.0000,0.0000,0.0000,1.0000,2.375,,,,,,,
56,Right,6,-0.0189,-0.0109,0.0371,0.0000,0.0000,0.0000,1.0000,2.375,,,,,,,
56,Right,7,-0.0047,0.0036,0.0589,-0.0166,0.0398,0.0315,0.9986,2.375,,,,,,,
56,Right,8,0.0000,0.0000,0.0379,0.2677,0.0000,-0.0263,0.9631,2.375,,,,,,,
56,Right,9,0.0000,0.0000,0.0243,0.1016,0.0242,-0.0169,0.9944,2.375,,,,,,,
56,Right,10,0.0003,0.0010,0.0224,0.0000,0.0000,0.0000,1.0000,2.375,,,,,,,
56,Right,11,-0.0026,-0.0083,0.0349,0.0000,0.0000,0.0000,1.0000,2.375,,,,,,,
56,Right,12,0.0009,0.0058,0.0607,0.0833,0.0726,-0.0113,0.9938,2.375,,,,,,,
56,Right,13,0.0000,0.0000,0.0429,0.2948,0.0008,-0.0126,0.9555,2.375,,,,,,,
56,Right,14,0.0000,0.0000,0.0275,0.0969,-0.0037,-0.0529,0.9939,2.375,,,,,,,
56,Right,15,0.0003,0.0011,0.0250,0.0000,0.0000,0.0000,1.0000,2.375,,,,,,,
56,Right,16,0.0150,-0.0060,0.0348,0.0000,0.0000,0.0000,1.0000,2.375,,,,,,,
56,Right,17,0.0025,-0.0005,0.0539,0.0656,0.0975,-0.0548,0.9916,2.375,,,,,,,
56,Right,18,0.0000,0.0000,0.0390,0.2428,-0.0052,-0.0386,0.9693,2.375,,,,,,,
56,Right,19,0.0000,0.0000,0.0266,0.1081,-0.0296,-0.0097,0.9937,2.375,,,,,,,
56,Right,20,0.0003,0.0016,0.0243,0.0000,0.0000,0.0000,1.0000,2.375,,,,,,,
56,Right,21,0.0230,-0.0094,0.0341,0.0183,0.1403,-0.2070,0.9680,2.375,,,,,,,
56,Right,22,0.0000,0.0000,0.0457,0.0170,0.0222,0.0914,0.9954,2.375,,,,,,,
56,Right,23,0.0000,0.0000,0.0307,0.1796,0.0347,-0.0539,0.9816,2.375,,,,,,,
56,Right,24,0.0000,0.0000,0.0203,0.0396,-0.0491,0.0009,0.9980,2.375,,,,,,,
56,Right,25,-0.0002,0.0012,0.0219,0.0000,0.0000,0.0000,1.0000,2.375,,,,,,,
57,Left,0,0.0027,-0.0051,0.0650,0.0000,0.0000,0.0000,1.0000,2.416,,,,,,,
57,Left,1,0.0000,0.0000,0.0000,0.0000,0.0000,0.0000,1.0000,2.416,-0.1134,0.1050,0.0156,-0.1789,-0.0681,-0.7563,-0.6256
57,Left,2,0.0302,-0.0162,0.0345,-0.1566,0.2704,-0.5462,0.7772,2.416,,,,,,,
57,Left,3,0.0000,0.0000,0.0325,0.0335,-0.0674,0.0832,0.9937,2.416,,,,,,,
57,Left,4,0.0000,0.0000,0.0338,-0.0053,0.0608,-0.0824,0.9947,2.416,,,,,,,
57,Left,5,-0.0007,0.0010,0.0246,0.0000,0.0000,0.0000,1.0000,2.416,,,,,,,
57,Left,6,0.0198,-0.0095,0.0365,0.0000,0.0000,0.0000,1.0000,2.416,,,,,,,
57,Left,7,0.0038,0.0022,0.0595,0.1375,-0.0640,-0.0281,0.9880,2.416,,,,,,,
57,Left,8,0.0000,0.0000,0.0379,0.1891,-0.0022,0.0263,0.9816,2.416,,,,,,,
57,Left,9,0.0000,0.0000,0.0243,0.0980,-0.0243,0.0169,0.9947,2.416,,,,,,,
57,Left,10,-0.0003,0.0010,0.0224,0.0000,0.0000,0.0000,1.0000,2.416,,,,,,,
57,Left,11,0.0036,-0.0077,0.0343,0.0000,0.0000,0.0000,1.0000,2.416,,,,,,,
57,Left,12,-0.0019,0.0051,0.0613,0.1995,-0.1017,0.0241,0.9743,2.416,,,,,,,
57,Left,13,0.0000,0.0000,0.0429,0.1888,-0.0022,0.0123,0.9819,2.416,,,,,,,
57,Left,14,0.0000,0.0000,0.0275,0.0548,0.0018,0.0489,0.9973,2.416,,,,,,,
57,Left,15,-0.0003,0.0011,0.0250,0.0000,0.0000,0.0000,1.0000,2.416,,,,,,,
57,Left,16,-0.0150,-0.0060,0.0348,0.0000,0.0000,0.0000,1.0000,2.416,,,,,,,
57,Left,17,-0.0025,-0.0005,0.0539,0.2063,-0.1287,0.0730,0.9672,2.416,,,,,,,
57,Left,18,0.0000,0.0000,0.0390,0.1759,0.0030,0.0374,0.9837,2.416,,,,,,,
57,Left,19,0.0000,0.0000,0.0266,0.0958,0.0296,0.0091,0.9949,2.416,,,,,,,
57,Left,20,-0.0003,0.0016,0.0243,0.0000,0.0000,0.0000,1.0000,2.416,,,,,,,
57,Left,21,-0.0230,-0.0094,0.0341,0.0183,-0.1403,0.2070,0.9680,2.416,,,,,,,
57,Left,22,0.0000,0.0000,0.0457,0.1371,-0.0385,-0.0816,0.9864,2.416,,,,,,,
57,Left,23,0.0000,0.0000,0.0307,0.2031,-0.0336,0.0558,0.9770,2.416,,,,,,,
57,Left,24,0.0000,0.0000,0.0203,0.0558,0.0491,-0.0009,0.9972,2.416,,,,,,,
57,Left,25,0.0002,0.0012,0.0219,0.0000,0.0000,0.0000,1.0000,2.416,,,,,,,
57,Right,0,-0.0022,-0.0054,0.0653,0.0000,0.0000,0.0000,1.0000,2.416,,,,,,,
57,Right,1,0.0000,0.0000,0.0000,0.0000,0.0000,0.0000,1.0000,2.416,0.0266,0.1402,-0.1240,-0.1575,0.2294,-0.6975,0.6603
57,Right,2,-0.0285,-0.0186,0.0357,-0.0906,-0.2906,0.6035,0.7369,2.416,,,,,,,
57,Right,3,0.0000,0.0000,0.0325,0.1834,0.0537,-0.0822,0.9781,2.416,,,,,,,
57,Right,4,0.0000,0.0000,0.0338,-0.0091,-0.0611,0.0825,0.9947,2.416,,,,,,,
57,Right,5,0.0007,0.0010,0.0246,0.0000,0.0000,0.0000,1.0000,2.416,,,,,,,
57,Right,6,-0.0189,-0.0108,0.0371,0.0000,0.0000,0.0000,1.0000,2.416,,,,,,,
57,Right,7,-0.0046,0.0035,0.0589,-0.0182,0.0420,0.0317,0.9985,2.416,,,,,,,
57,Right,8,0.0000,0.0000,0.0379,0.2576,0.0003,-0.0263,0.9659,2.416,,,,,,,
57,Right,9,0.0000,0.0000,0.0243,0.1010,0.0242,-0.0169,0.9944,2.416,,,,,,,
57,Right,10,0.0003,0.0010,0.0224,0.0000,0.0000,0.0000,1.0000,2.416,,,,,,,
57,Right,11,-0.0027,-0.0083,0.0349,0.0000,0.0000,0.0000,1.0000,2.416,,,,,,,
57,Right,12,0.0010,0.0057,0.0608,0.0844,0.0780,-0.0116,0.9933,2.416,,,,,,,
57,Right,13,0.0000,0.0000,0.0429,0.2955,0.0008,-0.0126,0.9552,2.416,,,,,,,
57,Right,14,0.0000,0.0000,0.0275,0.0974,-0.0037,-0.0530,0.9938,2.416,,,,,,,
57,Right,15,0.0003,0.0011,0.0250,0.0000,0.0000,0.0000,1.0000,2.416,,,,,,,
57,Right,16,0.0150,-0.0060,0.0348,0.0000,0.0000,0.0000,1.0000,2.416,,,,,,,
57,Right,17,0.0025,-0.0005,0.0539,0.0663,0.0990,-0.0549,0.9914,2.416,,,,,,,
57,Right,18,0.0000,0.0000,0.0390,0.2419,-0.0052,-0.0386,0.9695,2.416,,,,,,,
57,Right,19,0.0000,0.0000,0.0266,0.1070,-0.0296,-0.0096,0.9938,2.416,,,,,,,
57,Right,20,0.0003,0.0016,0.0243,0.0000,0.0000,0.0000,1.0000,2.416,,,,,,,
57,Right,21,0.0230,-0.0094,0.0341,0.0183,0.1403,-0.2070,0.9680,2.416,,,,,,,
57,Right,22,0.0000,0.0000,0.0457,0.0102,0.0219,0.0919,0.9955,2.416,,,,,,,
57,Right,23,0.0000,0.0000,0.0307,0.1781,0.0348,-0.0538,0.9819,2.416,,,,,,,
57,Right,24,0.0000,0.0000,0.0203,0.0383,-0.0491,0.0009,0.9981,2.416,,,,,,,
57,Right,25,-0.0002,0.0012,0.0219,0.0000,0.0000,0.0000,1.0000,2.416,,,,,,,
58,Left,0,0.0026,-0.0051,0.0650,0.0000,0.0000,0.0000,1.0000,2.458,,,,,,,
58,Left,1,0.0000,0.0000,0.0000,0.0000,0.0000,0.0000,1.0000,2.458,-0.1141,0.1028,0.0145,-0.1757,-0.0616,-0.7547,-0.6291
58,Left,2,0.0301,-0.0162,0.0346,-0.1580,0.2667,-0.5463,0.7781,2.458,,,,,,,
58,Left,3,0.0000,0.0000,0.0325,0.0256,-0.0681,0.0832,0.9939,2.458,,,,,,,
58,Left,4,0.0000,0.0000,0.0338,-0.0044,0.0607,-0.0824,0.9947,2.458,,,,,,,
58,Left,5,-0.0007,0.0010,0.0246,0.0000,0.0000,0.0000,1.0000,2.458,,,,,,,
58,Left,6,0.0198,-0.0096,0.0365,0.0000,0.0000,0.0000,1.0000,2.458,,,,,,,
58,Left,7,0.0038,0.0023,0.0595,0.1288,-0.0652,-0.0283,0.9891,2.458,,,,,,,
58,Left,8,0.0000,0.0000,0.0379,0.1906,-0.0021,0.0263,0.9813,2.458,,,,,,,
58,Left,9,0.0000,0.0000,0.0243,0.0981,-0.0243,0.0169,0.9947,2.458,,,,,,,
58,Left,10,-0.0003,0.0010,0.0224,0.0000,0.0000,0.0000,1.0000,2.458,,,,,,,
58,Left,11,0.0036,-0.0077,0.0343,0.0000,0.0000,0.0000,1.0000,2.458,,,,,,,
58,Left,12,-0.0018,0.0051,0.0613,0.1882,-0.1035,0.0232,0.9764,2.458,,,,,,,
58,Left,13,0.0000,0.0000,0.0429,0.1905,-0.0021,0.0123,0.9816,2.458,,,,,,,
58,Left,14,0.0000,0.0000,0.0275,0.0544,0.0018,0.0489,0.9973,2.458,,,,,,,
58,Left,15,-0.0003,0.0011,0.0250,0.0000,0.0000,0.0000,1.0000,2.458,,,,,,,
58,Left,16,-0.0150,-0.0060,0.0348,0.0000,0.0000,0.0000,1.0000,2.458,,,,,,,
58,Left,17,-0.0025,-0.0005,0.0539,0.2049,-0.1290,0.0729,0.9675,2.458,,,,,,,
58,Left,18,0.0000,0.0000,0.0390,0.1772,0.0030,0.0374,0.9835,2.458,,,,,,,
58,Left,19,0.0000,0.0000,0.0266,0.0953,0.0296,0.0091,0.9950,2.458,,,,,,,
58,Left,20,-0.0003,0.0016,0.0243,0.0000,0.0000,0.0000,1.0000,2.458,,,,,,,
58,Left,21,-0.0230,-0.0094,0.0341,0.0183,-0.1403,0.2070,0.9680,2.458,,,,,,,
58,Left,22,0.0000,0.0000,0.0457,0.1384,-0.0367,-0.0817,0.9863,2.458,,,,,,,
58,Left,23,0.0000,0.0000,0.0307,0.2048,-0.0335,0.0559,0.9766,2.458,,,,,,,
58,Left,24,0.0000,0.0000,0.0203,0.0562,0.0490,-0.0009,0.9972,2.458,,,,,,,
58,Left,25,0.0002,0.0012,0.0219,0.0000,0.0000,0.0000,1.0000,2.458,,,,,,,
58,Right,0,-0.0022,-0.0054,0.0653,0.0000,0.0000,0.0000,1.0000,2.458,,,,,,,
58,Right,1,0.0000,0.0000,0.0000,0.0000,0.0000,0.0000,1.0000,2.458,0.0277,0.1391,-0.1205,-0.1571,0.2268,-0.6965,0.6624
58,Right,2,-0.0285,-0.0186,0.0357,-0.0903,-0.2919,0.6031,0.7368,2.458,,,,,,,
58,Right,3,0.0000,0.0000,0.0325,0.1818,0.0539,-0.0822,0.9784,2.458,,,,,,,
58,Right,4,0.0000,0.0000,0.0338,-0.0070,-0.0609,0.0825,0.9947,2.458,,,,,,,
58,Right,5,0.0007,0.0010,0.0246,0.0000,0.0000,0.0000,1.0000,2.458,,,,,,,
58,Right,6,-0.0190,-0.0108,0.0370,0.0000,0.0000,0.0000,1.0000,2.458,,,,,,,
58,Right,7,-0.0046,0.0034,0.0589,-0.0185,0.0428,0.0317,0.9984,2.458,,,,,,,
58,Right,8,0.0000,0.0000,0.0379,0.2395,0.0008,-0.0263,0.9705,2.458,,,,,,,
58,Right,9,0.0000,0.0000,0.0243,0.0993,0.0243,-0.0169,0.9946,2.458,,,,,,,
58,Right,10,0.0003,0.0010,0.0224,0.0000,0.0000,0.0000,1.0000,2.458,,,,,,,
58,Right,11,-0.0027,-0.0083,0.0349,0.0000,0.0000,0.0000,1.0000,2.458,,,,,,,
58,Right,12,0.0010,0.0057,0.0608,0.0849,0.0796,-0.0117,0.9931,2.458,,,,,,,
58,Right,13,0.0000,0.0000,0.0429,0.2942,0.0009,-0.0126,0.9557,2.458,,,,,,,
58,Right,14,0.0000,0.0000,0.0275,0.0972,-0.0037,-0.0529,0.9938,2.458,,,,,,,
58,Right,15,0.0003,0.0011,0.0250,0.0000,0.0000,0.0000,1.0000,2.458,,,,,,,
58,Right,16,0.0150,-0.0060,0.0348,0.0000,0.0000,0.0000,1.0000,2.458,,,,,,,
58,Right,17,0.0025,-0.0005,0.0539,0.0661,0.1006,-0.0549,0.9912,2.458,,,,,,,
58,Right,18,0.0000,0.0000,0.0390,0.2393,-0.0051,-0.0386,0.9702,2.458,,,,,,,
58,Right,19,0.0000,0.0000,0.0266,0.1055,-0.0296,-0.0096,0.9939,2.458,,,,,,,
58,Right,20,0.0003,0.0016,0.0243,0.0000,0.0000,0.0000,1.0000,2.458,,,,,,,
58,Right,21,0.0230,-0.0094,0.0341,0.0183,0.1403,-0.2070,0.9680,2.458,,,,,,,
58,Right,22,0.0000,0.0000,0.0457,0.0054,0.0221,0.0922,0.9955,2.458,,,,,,,
58,Right,23,0.0000,0.0000,0.0307,0.1751,0.0349,-0.0535,0.9825,2.458,,,,,,,
58,Right,24,0.0000,0.0000,0.0203,0.0370,-0.0491,0.0009,0.9981,2.458,,,,,,,
58,Right,25,-0.0002,0.0012,0.0219,0.0000,0.0000,0.0000,1.0000,2.458,,,,,,,
59,Left,0,0.0026,-0.0051,0.0650,0.0000,0.0000,0.0000,1.0000,2.500,,,,,,,
59,Left,1,0.0000,0.0000,0.0000,0.0000,0.0000,0.0000,1.0000,2.500,-0.1140,0.1027,0.0137,-0.1748,-0.0577,-0.7567,-0.6274
59,Left,2,0.0301,-0.0163,0.0346,-0.1579,0.2653,-0.5472,0.7780,2.500,,,,,,,
59,Left,3,0.0000,0.0000,0.0325,0.0197,-0.0686,0.0832,0.9940,2.500,,,,,,,
59,Left,4,0.0000,0.0000,0.0338,-0.0040,0.0607,-0.0824,0.9947,2.500,,,,,,,
59,Left,5,-0.0007,0.0010,0.0246,0.0000,0.0000,0.0000,1.0000,2.500,,,,,,,
59,Left,6,0.0198,-0.0096,0.0365,0.0000,0.0000,0.0000,1.0000,2.500,,,,,,,
59,Left,7,0.0038,0.0023,0.0595,0.1200,-0.0657,-0.0285,0.9902,2.500,,,,,,,
59,Left,8,0.0000,0.0000,0.0379,0.1968,-0.0020,0.0264,0.9801,2.500,,,,,,,
59,Left,9,0.0000,0.0000,0.0243,0.0986,-0.0243,0.0169,0.9947,2.500,,,,,,,
59,Left,10,-0.0003,0.0010,0.0224,0.0000,0.0000,0.0000,1.0000,2.500,,,,,,,
59,Left,11,0.0036,-0.0077,0.0343,0.0000,0.0000,0.0000,1.0000,2.500,,,,,,,
59,Left,12,-0.0018,0.0052,0.0613,0.1761,-0.1048,0.0221,0.9785,2.500,,,,,,,
59,Left,13,0.0000,0.0000,0.0429,0.1999,-0.0020,0.0123,0.9797,2.500,,,,,,,
59,Left,14,0.0000,0.0000,0.0275,0.0546,0.0018,0.0489,0.9973,2.500,,,,,,,
59,Left,15,-0.0003,0.0011,0.0250,0.0000,0.0000,0.0000,1.0000,2.500,,,,,,,
59,Left,16,-0.0150,-0.0060,0.0348,0.0000,0.0000,0.0000,1.0000,2.500,,,,,,,
59,Left,17,-0.0025,-0.0005,0.0539,0.2006,-0.1293,0.0723,0.9684,2.500,,,,,,,
59,Left,18,0.0000,0.0000,0.0390,0.1808,0.0031,0.0375,0.9828,2.500,,,,,,,
59,Left,19,0.0000,0.0000,0.0266,0.0953,0.0296,0.0091,0.9950,2.500,,,,,,,
59,Left,20,-0.0003,0.0016,0.0243,0.0000,0.0000,0.0000,1.0000,2.500,,,,,,,
59,Left,21,-0.0230,-0.0094,0.0341,0.0183,-0.1403,0.2070,0.9680,2.500,,,,,,,
59,Left,22,0.0000,0.0000,0.0457,0.1395,-0.0316,-0.0823,0.9863,2.500,,,,,,,
59,Left,23,0.0000,0.0000,0.0307,0.2064,-0.0335,0.0561,0.9763,2.500,,,,,,,
59,Left,24,0.0000,0.0000,0.0203,0.0572,0.0490,-0.0009,0.9972,2.500,,,,,,,
59,Left,25,0.0002,0.0012,0.0219,0.0000,0.0000,0.0000,1.0000,2.500,,,,,,,
59,Right,0,-0.0022,-0.0054,0.0653,0.0000,0.0000,0.0000,1.0000,2.500,,,,,,,
59,Right,1,0.0000,0.0000,0.0000,0.0000,0.0000,0.0000,1.0000,2.500,0.0277,0.1390,-0.1192,-0.1579,0.2177,-0.6912,0.6708
59,Right,2,-0.0285,-0.0186,0.0357,-0.0899,-0.2927,0.6031,0.7366,2.500,,,,,,,
59,Right,3,0.0000,0.0000,0.0325,0.1795,0.0541,-0.0822,0.9788,2.500,,,,,,,
59,Right,4,0.0000,0.0000,0.0338,-0.0068,-0.0609,0.0825,0.9947,2.500,,,,,,,
59,Right,5,0.0007,0.0010,0.0246,0.0000,0.0000,0.0000,1.0000,2.500,,,,,,,
59,Right,6,-0.0190,-0.0108,0.0370,0.0000,0.0000,0.0000,1.0000,2.500,,,,,,,
59,Right,7,-0.0046,0.0034,0.0590,-0.0175,0.0426,0.0317,0.9984,2.500,,,,,,,
59,Right,8,0.0000,0.0000,0.0379,0.2253,0.0012,-0.0263,0.9739,2.500,,,,,,,
59,Right,9,0.0000,0.0000,0.0243,0.0913,0.0244,-0.0168,0.9954,2.500,,,,,,,
59,Right,10,0.0003,0.0010,0.0224,0.0000,0.0000,0.0000,1.0000,2.500,,,,,,,
59,Right,11,-0.0027,-0.0083,0.0349,0.0000,0.0000,0.0000,1.0000,2.500,,,,,,,
59,Right,12,0.0010,0.0057,0.0608,0.0854,0.0807,-0.0118,0.9930,2.500,,,,,,,
59,Right,13,0.0000,0.0000,0.0429,0.2873,0.0009,-0.0126,0.9578,2.500,,,,,,,
59,Right,14,0.0000,0.0000,0.0275,0.0962,-0.0037,-0.0529,0.9939,2.500,,,,,,,
59,Right,15,0.0003,0.0011,0.0250,0.0000,0.0000,0.0000,1.0000,2.500,,,,,,,
59,Right,16,0.0150,-0.0060,0.0348,0.0000,0.0000,0.0000,1.0000,2.500,,,,,,,
59,Right,17,0.0025,-0.0005,0.0539,0.0659,0.1017,-0.0549,0.9911,2.500,,,,,,,
59,Right,18,0.0000,0.0000,0.0390,0.2331,-0.0049,-0.0385,0.9717,2.500,,,,,,,
59,Right,19,0.0000,0.0000,0.0266,0.1039,-0.0296,-0.0095,0.9941,2.500,,,,,,,
59,Right,20,0.0003,0.0016,0.0243,0.0000,0.0000,0.0000,1.0000,2.500,,,,,,,
59,Right,21,0.0230,-0.0094,0.0341,0.0183,0.1403,-0.2070,0.9680,2.500,,,,,,,
59,Right,22,0.0000,0.0000,0.0457,0.0002,0.0223,0.0926,0.9955,2.500,,,,,,,
59,Right,23,0.0000,0.0000,0.0307,0.1667,0.0353,-0.0529,0.9840,2.500,,,,,,,
59,Right,24,0.0000,0.0000,0.0203,0.0356,-0.0491,0.0009,0.9982,2.500,,,,,,,
59,Right,25,-0.0002,0.0012,0.0219,0.0000,0.0000,0.0000,1.0000,2.500,,,,,,,
60,Left,0,0.0026,-0.0051,0.0650,0.0000,0.0000,0.0000,1.0000,2.541,,,,,,,
60,Left,1,0.0000,0.0000,0.0000,0.0000,0.0000,0.0000,1.0000,2.541,-0.1139,0.1031,0.0129,-0.1758,-0.0521,-0.7600,-0.6235
60,Left,2,0.0301,-0.0164,0.0346,-0.1572,0.2639,-0.5486,0.7776,2.541,,,,,,,
60,Left,3,0.0000,0.0000,0.0325,0.0175,-0.0687,0.0832,0.9940,2.541,,,,,,,
60,Left,4,0.0000,0.0000,0.0338,-0.0037,0.0606,-0.0824,0.9947,2.541,,,,,,,
60,Left,5,-0.0007,0.0010,0.0246,0.0000,0.0000,0.0000,1.0000,2.541,,,,,,,
60,Left,6,0.0197,-0.0096,0.0365,0.0000,0.0000,0.0000,1.0000,2.541,,,,,,,
60,Left,7,0.0038,0.0023,0.0595,0.1153,-0.0657,-0.0287,0.9907,2.541,,,,,,,
60,Left,8,0.0000,0.0000,0.0379,0.2037,-0.0018,0.0263,0.9787,2.541,,,,,,,
60,Left,9,0.0000,0.0000,0.0243,0.0994,-0.0243,0.0169,0.9946,2.541,,,,,,,
60,Left,10,-0.0003,0.0010,0.0224,0.0000,0.0000,0.0000,1.0000,2.541,,,,,,,
60,Left,11,0.0035,-0.0077,0.0344,0.0000,0.0000,0.0000,1.0000,2.541,,,,,,,
60,Left,12,-0.0018,0.0052,0.0613,0.1678,-0.1057,0.0214,0.9799,2.541,,,,,,,
60,Left,13,0.0000,0.0000,0.0429,0.2114,-0.0019,0.0123,0.9773,2.541,,,,,,,
60,Left,14,0.0000,0.0000,0.0275,0.0555,0.0019,0.0490,0.9973,2.541,,,,,,,
60,Left,15,-0.0003,0.0011,0.0250,0.0000,0.0000,0.0000,1.0000,2.541,,,,,,,
60,Left,16,-0.0150,-0.0060,0.0348,0.0000,0.0000,0.0000,1.0000,2.541,,,,,,,
60,Left,17,-0.0025,-0.0005,0.0539,0.1945,-0.1295,0.0715,0.9697,2.541,,,,,,,
60,Left,18,0.0000,0.0000,0.0390,0.1918,0.0035,0.0377,0.9807,2.541,,,,,,,
60,Left,19,0.0000,0.0000,0.0266,0.0959,0.0296,0.0091,0.9949,2.541,,,,,,,
60,Left,20,-0.0003,0.0016,0.0243,0.0000,0.0000,0.0000,1.0000,2.541,,,,,,,
60,Left,21,-0.0230,-0.0094,0.0341,0.0183,-0.1403,0.2070,0.9680,2.541,,,,,,,
60,Left,22,0.0000,0.0000,0.0457,0.1400,-0.0267,-0.0829,0.9863,2.541,,,,,,,
60,Left,23,0.0000,0.0000,0.0307,0.2093,-0.0333,0.0563,0.9757,2.541,,,,,,,
60,Left,24,0.0000,0.0000,0.0203,0.0600,0.0490,-0.0009,0.9970,2.541,,,,,,,
60,Left,25,0.0002,0.0012,0.0219,0.0000,0.0000,0.0000,1.0000,2.541,,,,,,,
60,Right,0,-0.0022,-0.0054,0.0653,0.0000,0.0000,0.0000,1.0000,2.541,,,,,,,
60,Right,1,0.0000,0.0000,0.0000,0.0000,0.0000,0.0000,1.0000,2.541,0.0275,0.1391,-0.1188,-0.1596,0.2108,-0.6851,0.6788
60,Right,2,-0.0285,-0.0186,0.0357,-0.0894,-0.2929,0.6034,0.7363,2.541,,,,,,,
60,Right,3,0.0000,0.0000,0.0325,0.1761,0.0544,-0.0823,0.9794,2.541,,,,,,,
60,Right,4,0.0000,0.0000,0.0338,-0.0073,-0.0609,0.0825,0.9947,2.541,,,,,,,
60,Right,5,0.0007,0.0010,0.0246,0.0000,0.0000,0.0000,1.0000,2.541,,,,,,,
60,Right,6,-0.0190,-0.0108,0.0370,0.0000,0.0000,0.0000,1.0000,2.541,,,,,,,
60,Right,7,-0.0046,0.0034,0.0589,-0.0161,0.0417,0.0316,0.9985,2.541,,,,,,,
60,Right,8,0.0000,0.0000,0.0379,0.2202,0.0013,-0.0263,0.9751,2.541,,,,,,,
60,Right,9,0.0000,0.0000,0.0243,0.0873,0.0245,-0.0168,0.9957,2.541,,,,,,,
60,Right,10,0.0003,0.0010,0.0224,0.0000,0.0000,0.0000,1.0000,2.541,,,,,,,
60,Right,11,-0.0027,-0.0083,0.0349,0.0000,0.0000,0.0000,1.0000,2.541,,,,,,,
60,Right,12,0.0010,0.0057,0.0608,0.0859,0.0815,-0.0119,0.9929,2.541,,,,,,,
60,Right,13,0.0000,0.0000,0.0429,0.2840,0.0010,-0.0126,0.9587,2.541,,,,,,,
60,Right,14,0.0000,0.0000,0.0275,0.0951,-0.0036,-0.0527,0.9941,2.541,,,,,,,
60,Right,15,0.0003,0.0011,0.0250,0.0000,0.0000,0.0000,1.0000,2.541,,,,,,,
60,Right,16,0.0150,-0.0060,0.0348,0.0000,0.0000,0.0000,1.0000,2.541,,,,,,,
60,Right,17,0.0025,-0.0005,0.0539,0.0660,0.1026,-0.0549,0.9910,2.541,,,,,,,
60,Right,18,0.0000,0.0000,0.0390,0.2312,-0.0048,-0.0384,0.9721,2.541,,,,,,,
60,Right,19,0.0000,0.0000,0.0266,0.1022,-0.0296,-0.0094,0.9943,2.541,,,,,,,
60,Right,20,0.0003,0.0016,0.0243,0.0000,0.0000,0.0000,1.0000,2.541,,,,,,,
60,Right,21,0.0230,-0.0094,0.0341,0.0183,0.1403,-0.2070,0.9680,2.541,,,,,,,
60,Right,22,0.0000,0.0000,0.0457,-0.0028,0.0225,0.0928,0.9954,2.541,,,,,,,
60,Right,23,0.0000,0.0000,0.0307,0.1631,0.0355,-0.0526,0.9846,2.541,,,,,,,
60,Right,24,0.0000,0.0000,0.0203,0.0343,-0.0491,0.0008,0.9982,2.541,,,,,,,
60,Right,25,-0.0002,0.0012,0.0219,0.0000,0.0000,0.0000,1.0000,2.541,,,,,,,
61,Left,0,0.0026,-0.0051,0.0650,0.0000,0.0000,0.0000,1.0000,2.583,,,,,,,
61,Left,1,0.0000,0.0000,0.0000,0.0000,0.0000,0.0000,1.0000,2.583,-0.1133,0.1048,0.0118,-0.1746,-0.0465,-0.7624,-0.6214
61,Left,2,0.0300,-0.0164,0.0347,-0.1565,0.2627,-0.5501,0.7771,2.583,,,,,,,
61,Left,3,0.0000,0.0000,0.0325,0.0164,-0.0688,0.0832,0.9940,2.583,,,,,,,
61,Left,4,0.0000,0.0000,0.0338,-0.0034,0.0606,-0.0824,0.9948,2.583,,,,,,,
61,Left,5,-0.0007,0.0010,0.0246,0.0000,0.0000,0.0000,1.0000,2.583,,,,,,,
61,Left,6,0.0197,-0.0097,0.0365,0.0000,0.0000,0.0000,1.0000,2.583,,,,,,,
61,Left,7,0.0038,0.0024,0.0595,0.1139,-0.0654,-0.0287,0.9909,2.583,,,,,,,
61,Left,8,0.0000,0.0000,0.0379,0.2061,-0.0017,0.0263,0.9782,2.583,,,,,,,
61,Left,9,0.0000,0.0000,0.0243,0.1001,-0.0243,0.0169,0.9945,2.583,,,,,,,
61,Left,10,-0.0003,0.0010,0.0224,0.0000,0.0000,0.0000,1.0000,2.583,,,,,,,
61,Left,11,0.0035,-0.0077,0.0344,0.0000,0.0000,0.0000,1.0000,2.583,,,,,,,
61,Left,12,-0.0018,0.0052,0.0613,0.1662,-0.1060,0.0212,0.9801,2.583,,,,,,,
61,Left,13,0.0000,0.0000,0.0429,0.2174,-0.0018,0.0124,0.9760,2.583,,,,,,,
61,Left,14,0.0000,0.0000,0.0275,0.0569,0.0019,0.0491,0.9972,2.583,,,,,,,
61,Left,15,-0.0003,0.0011,0.0250,0.0000,0.0000,0.0000,1.0000,2.583,,,,,,,
61,Left,16,-0.0150,-0.0060,0.0348,0.0000,0.0000,0.0000,1.0000,2.583,,,,,,,
61,Left,17,-0.0025,-0.0005,0.0539,0.1870,-0.1298,0.0706,0.9712,2.583,,,,,,,
61,Left,18,0.0000,0.0000,0.0390,0.1987,0.0037,0.0378,0.9793,2.583,,,,,,,
61,Left,19,0.0000,0.0000,0.0266,0.0972,0.0296,0.0092,0.9948,2.583,,,,,,,
61,Left,20,-0.0003,0.0016,0.0243,0.0000,0.0000,0.0000,1.0000,2.583,,,,,,,
61,Left,21,-0.0230,-0.0094,0.0341,0.0183,-0.1403,0.2070,0.9680,2.583,,,,,,,
61,Left,22,0.0000,0.0000,0.0457,0.1392,-0.0248,-0.0833,0.9864,2.583,,,,,,,
61,Left,23,0.0000,0.0000,0.0307,0.2132,-0.0331,0.0566,0.9748,2.583,,,,,,,
61,Left,24,0.0000,0.0000,0.0203,0.0639,0.0490,-0.0009,0.9968,2.583,,,,,,,
61,Left,25,0.0002,0.0012,0.0219,0.0000,0.0000,0.0000,1.0000,2.583,,,,,,,
61,Right,0,-0.0022,-0.0054,0.0653,0.0000,0.0000,0.0000,1.0000,2.583,,,,,,,
61,Right,1,0.0000,0.0000,0.0000,0.0000,0.0000,0.0000,1.0000,2.583,0.0276,0.1395,-0.1186,-0.1591,0.2085,-0.6824,0.6824
61,Right,2,-0.0285,-0.0186,0.0357,-0.0892,-0.2926,0.6037,0.7362,2.583,,,,,,,
61,Right,3,0.0000,0.0000,0.0325,0.1716,0.0549,-0.0823,0.9802,2.583,,,,,,,
61,Right,4,0.0000,0.0000,0.0338,-0.0080,-0.0610,0.0825,0.9947,2.583,,,,,,,
61,Right,5,0.0007,0.0010,0.0246,0.0000,0.0000,0.0000,1.0000,2.583,,,,,,,
61,Right,6,-0.0189,-0.0108,0.0371,0.0000,0.0000,0.0000,1.0000,2.583,,,,,,,
61,Right,7,-0.0046,0.0035,0.0589,-0.0153,0.0404,0.0315,0.9986,2.583,,,,,,,
61,Right,8,0.0000,0.0000,0.0379,0.2182,0.0014,-0.0263,0.9756,2.583,,,,,,,
61,Right,9,0.0000,0.0000,0.0243,0.0858,0.0245,-0.0168,0.9959,2.583,,,,,,,
61,Right,10,0.0003,0.0010,0.0224,0.0000,0.0000,0.0000,1.0000,2.583,,,,,,,
61,Right,11,-0.0027,-0.0083,0.0349,0.0000,0.0000,0.0000,1.0000,2.583,,,,,,,
61,Right,12,0.0010,0.0057,0.0608,0.0855,0.0823,-0.0119,0.9929,2.583,,,,,,,
61,Right,13,0.0000,0.0000,0.0429,0.2811,0.0010,-0.0126,0.9596,2.583,,,,,,,
61,Right,14,0.0000,0.0000,0.0275,0.0939,-0.0035,-0.0526,0.9942,2.583,,,,,,,
61,Right,15,0.0003,0.0011,0.0250,0.0000,0.0000,0.0000,1.0000,2.583,,,,,,,
61,Right,16,0.0150,-0.0060,0.0348,0.0000,0.0000,0.0000,1.0000,2.583,,,,,,,
61,Right,17,0.0025,-0.0005,0.0539,0.0658,0.1037,-0.0549,0.9909,2.583,,,,,,,
61,Right,18,0.0000,0.0000,0.0390,0.2294,-0.0048,-0.0384,0.9726,2.583,,,,,,,
61,Right,19,0.0000,0.0000,0.0266,0.1007,-0.0296,-0.0094,0.9944,2.583,,,,,,,
61,Right,20,0.0003,0.0016,0.0243,0.0000,0.0000,0.0000,1.0000,2.583,,,,,,,
61,Right,21,0.0230,-0.0094,0.0341,0.0183,0.1403,-0.2070,0.9680,2.583,,,,,,,
61,Right,22,0.0000,0.0000,0.0457,-0.0041,0.0231,0.0929,0.9954,2.583,,,,,,,
61,Right,23,0.0000,0.0000,0.0307,0.1617,0.0356,-0.0525,0.9848,2.583,,,,,,,
61,Right,24,0.0000,0.0000,0.0203,0.0332,-0.0491,0.0008,0.9982,2.583,,,,,,,
61,Right,25,-0.0002,0.0012,0.0219,0.0000,0.0000,0.0000,1.0000,2.583,,,,,,,
62,Left,0,0.0026,-0.0051,0.0650,0.0000,0.0000,0.0000,1.0000,2.625,,,,,,,
62,Left,1,0.0000,0.0000,0.0000,0.0000,0.0000,0.0000,1.0000,2.625,-0.1119,0.1069,0.0103,-0.1721,-0.0447,-0.7626,-0.6220
62,Left,2,0.0300,-0.0165,0.0347,-0.1564,0.2615,-0.5508,0.7770,2.625,,,,,,,
62,Left,3,0.0000,0.0000,0.0325,0.0154,-0.0689,0.0832,0.9940,2.625,,,,,,,
62,Left,4,0.0000,0.0000,0.0338,-0.0039,0.0606,-0.0824,0.9947,2.625,,,,,,,
62,Left,5,-0.0007,0.0010,0.0246,0.0000,0.0000,0.0000,1.0000,2.625,,,,,,,
62,Left,6,0.0197,-0.0097,0.0365,0.0000,0.0000,0.0000,1.0000,2.625,,,,,,,
62,Left,7,0.0039,0.0024,0.0594,0.1133,-0.0646,-0.0288,0.9910,2.625,,,,,,,
62,Left,8,0.0000,0.0000,0.0379,0.2056,-0.0017,0.0263,0.9783,2.625,,,,,,,
62,Left,9,0.0000,0.0000,0.0243,0.0998,-0.0243,0.0169,0.9946,2.625,,,,,,,
62,Left,10,-0.0003,0.0010,0.0224,0.0000,0.0000,0.0000,1.0000,2.625,,,,,,,
62,Left,11,0.0035,-0.0077,0.0344,0.0000,0.0000,0.0000,1.0000,2.625,,,,,,,
62,Left,12,-0.0018,0.0052,0.0613,0.1649,-0.1061,0.0211,0.9804,2.625,,,,,,,
62,Left,13,0.0000,0.0000,0.0429,0.2177,-0.0018,0.0124,0.9759,2.625,,,,,,,
62,Left,14,0.0000,0.0000,0.0275,0.0578,0.0020,0.0492,0.9971,2.625,,,,,,,
62,Left,15,-0.0003,0.0011,0.0250,0.0000,0.0000,0.0000,1.0000,2.625,,,,,,,
62,Left,16,-0.0150,-0.0060,0.0348,0.0000,0.0000,0.0000,1.0000,2.625,,,,,,,
62,Left,17,-0.0025,-0.0005,0.0539,0.1808,-0.1300,0.0698,0.9724,2.625,,,,,,,
62,Left,18,0.0000,0.0000,0.0390,0.1996,0.0038,0.0379,0.9791,2.625,,,,,,,
62,Left,19,0.0000,0.0000,0.0266,0.0980,0.0296,0.0092,0.9947,2.625,,,,,,,
62,Left,20,-0.0003,0.0016,0.0243,0.0000,0.0000,0.0000,1.0000,2.625,,,,,,,
62,Left,21,-0.0230,-0.0094,0.0341,0.0183,-0.1403,0.2070,0.9680,2.625,,,,,,,
62,Left,22,0.0000,0.0000,0.0457,0.1379,-0.0236,-0.0835,0.9866,2.625,,,,,,,
62,Left,23,0.0000,0.0000,0.0307,0.2144,-0.0331,0.0567,0.9745,2.625,,,,,,,
62,Left,24,0.0000,0.0000,0.0203,0.0652,0.0490,-0.0010,0.9967,2.625,,,,,,,
62,Left,25,0.0002,0.0012,0.0219,0.0000,0.0000,0.0000,1.0000,2.625,,,,,,,
62,Right,0,-0.0022,-0.0054,0.0653,0.0000,0.0000,0.0000,1.0000,2.625,,,,,,,
62,Right,1,0.0000,0.0000,0.0000,0.0000,0.0000,0.0000,1.0000,2.625,0.0285,0.1406,-0.1184,-0.1566,0.2063,-0.6826,0.6834
62,Right,2,-0.0285,-0.0186,0.0357,-0.0893,-0.2925,0.6037,0.7362,2.625,,,,,,,
62,Right,3,0.0000,0.0000,0.0325,0.1668,0.0553,-0.0824,0.9810,2.625,,,,,,,
62,Right,4,0.0000,0.0000,0.0338,-0.0086,-0.0610,0.0825,0.9947,2.625,,,,,,,
62,Right,5,0.0007,0.0010,0.0246,0.0000,0.0000,0.0000,1.0000,2.625,,,,,,,
62,Right,6,-0.0189,-0.0108,0.0371,0.0000,0.0000,0.0000,1.0000,2.625,,,,,,,
62,Right,7,-0.0046,0.0035,0.0589,-0.0150,0.0389,0.0314,0.9986,2.625,,,,,,,
62,Right,8,0.0000,0.0000,0.0379,0.2178,0.0014,-0.0263,0.9756,2.625,,,,,,,
62,Right,9,0.0000,0.0000,0.0243,0.0850,0.0245,-0.0168,0.9959,2.625,,,,,,,
62,Right,10,0.0003,0.0010,0.0224,0.0000,0.0000,0.0000,1.0000,2.625,,,,,,,
62,Right,11,-0.0027,-0.0083,0.0349,0.0000,0.0000,0.0000,1.0000,2.625,,,,,,,
62,Right,12,0.0010,0.0057,0.0608,0.0765,0.0835,-0.0112,0.9935,2.625,,,,,,,
62,Right,13,0.0000,0.0000,0.0429,0.2755,0.0011,-0.0126,0.9612,2.625,,,,,,,
62,Right,14,0.0000,0.0000,0.0275,0.0923,-0.0035,-0.0525,0.9943,2.625,,,,,,,
62,Right,15,0.0003,0.0011,0.0250,0.0000,0.0000,0.0000,1.0000,2.625,,,,,,,
62,Right,16,0.0150,-0.0060,0.0348,0.0000,0.0000,0.0000,1.0000,2.625,,,,,,,
62,Right,17,0.0025,-0.0005,0.0539,0.0644,0.1053,-0.0547,0.9908,2.625,,,,,,,
62,Right,18,0.0000,0.0000,0.0390,0.2276,-0.0047,-0.0384,0.9730,2.625,,,,,,,
62,Right,19,0.0000,0.0000,0.0266,0.0993,-0.0296,-0.0093,0.9946,2.625,,,,,,,
62,Right,20,0.0003,0.0016,0.0243,0.0000,0.0000,0.0000,1.0000,2.625,,,,,,,
62,Right,21,0.0230,-0.0094,0.0341,0.0183,0.1403,-0.2070,0.9680,2.625,,,,,,,
62,Right,22,0.0000,0.0000,0.0457,-0.0049,0.0246,0.0930,0.9954,2.625,,,,,,,
62,Right,23,0.0000,0.0000,0.0307,0.1607,0.0356,-0.0524,0.9850,2.625,,,,,,,
62,Right,24,0.0000,0.0000,0.0203,0.0321,-0.0491,0.0008,0.9983,2.625,,,,,,,
62,Right,25,-0.0002,0.0012,0.0219,0.0000,0.0000,0.0000,1.0000,2.625,,,,,,,
63,Left,0,0.0026,-0.0052,0.0650,0.0000,0.0000,0.0000,1.0000,2.666,,,,,,,
63,Left,1,0.0000,0.0000,0.0000,0.0000,0.0000,0.0000,1.0000,2.666,-0.1100,0.1096,0.0088,-0.1674,-0.0401,-0.7631,-0.6230
63,Left,2,0.0299,-0.0166,0.0347,-0.1561,0.2600,-0.5520,0.7768,2.666,,,,,,,
63,Left,3,0.0000,0.0000,0.0325,0.0144,-0.0690,0.0832,0.9940,2.666,,,,,,,
63,Left,4,0.0000,0.0000,0.0338,-0.0052,0.0607,-0.0824,0.9947,2.666,,,,,,,
63,Left,5,-0.0007,0.0010,0.0246,0.0000,0.0000,0.0000,1.0000,2.666,,,,,,,
63,Left,6,0.0197,-0.0097,0.0366,0.0000,0.0000,0.0000,1.0000,2.666,,,,,,,
63,Left,7,0.0039,0.0024,0.0594,0.1130,-0.0637,-0.0289,0.9911,2.666,,,,,,,
63,Left,8,0.0000,0.0000,0.0379,0.2043,-0.0018,0.0263,0.9785,2.666,,,,,,,
63,Left,9,0.0000,0.0000,0.0243,0.0987,-0.0243,0.0169,0.9947,2.666,,,,,,,
63,Left,10,-0.0003,0.0010,0.0224,0.0000,0.0000,0.0000,1.0000,2.666,,,,,,,
63,Left,11,0.0035,-0.0078,0.0344,0.0000,0.0000,0.0000,1.0000,2.666,,,,,,,
63,Left,12,-0.0017,0.0052,0.0612,0.1639,-0.1062,0.0210,0.9805,2.666,,,,,,,
63,Left,13,0.0000,0.0000,0.0429,0.2171,-0.0018,0.0124,0.9761,2.666,,,,,,,
63,Left,14,0.0000,0.0000,0.0275,0.0578,0.0020,0.0492,0.9971,2.666,,,,,,,
63,Left,15,-0.0003,0.0011,0.0250,0.0000,0.0000,0.0000,1.0000,2.666,,,,,,,
63,Left,16,-0.0150,-0.0060,0.0348,0.0000,0.0000,0.0000,1.0000,2.666,,,,,,,
63,Left,17,-0.0025,-0.0005,0.0539,0.1791,-0.1297,0.0695,0.9728,2.666,,,,,,,
63,Left,18,0.0000,0.0000,0.0390,0.1997,0.0038,0.0379,0.9791,2.666,,,,,,,
63,Left,19,0.0000,0.0000,0.0266,0.0981,0.0296,0.0092,0.9947,2.666,,,,,,,
63,Left,20,-0.0003,0.0016,0.0243,0.0000,0.0000,0.0000,1.0000,2.666,,,,,,,
63,Left,21,-0.0230,-0.0094,0.0341,0.0183,-0.1403,0.2070,0.9680,2.666,,,,,,,
63,Left,22,0.0000,0.0000,0.0457,0.1366,-0.0221,-0.0838,0.9868,2.666,,,,,,,
63,Left,23,0.0000,0.0000,0.0307,0.2149,-0.0331,0.0567,0.9744,2.666,,,,,,,
63,Left,24,0.0000,0.0000,0.0203,0.0656,0.0490,-0.0010,0.9966,2.666,,,,,,,
63,Left,25,0.0002,0.0012,0.0219,0.0000,0.0000,0.0000,1.0000,2.666,,,,,,,
63,Right,0,-0.0022,-0.0054,0.0653,0.0000,0.0000,0.0000,1.0000,2.666,,,,,,,
63,Right,1,0.0000,0.0000,0.0000,0.0000,0.0000,0.0000,1.0000,2.666,0.0315,0.1425,-0.1176,-0.1534,0.2032,-0.6827,0.6849
63,Right,2,-0.0285,-0.0186,0.0357,-0.0896,-0.2925,0.6035,0.7364,2.666,,,,,,,
63,Right,3,0.0000,0.0000,0.0325,0.1655,0.0555,-0.0824,0.9812,2.666,,,,,,,
63,Right,4,0.0000,0.0000,0.0338,-0.0082,-0.0610,0.0825,0.9947,2.666,,,,,,,
63,Right,5,0.0007,0.0010,0.0246,0.0000,0.0000,0.0000,1.0000,2.666,,,,,,,
63,Right,6,-0.0190,-0.0108,0.0371,0.0000,0.0000,0.0000,1.0000,2.666,,,,,,,
63,Right,7,-0.0046,0.0035,0.0589,-0.0155,0.0378,0.0313,0.9987,2.666,,,,,,,
63,Right,8,0.0000,0.0000,0.0379,0.2187,0.0014,-0.0263,0.9754,2.666,,,,,,,
63,Right,9,0.0000,0.0000,0.0243,0.0853,0.0245,-0.0168,0.9959,2.666,,,,,,,
63,Right,10,0.0003,0.0010,0.0224,0.0000,0.0000,0.0000,1.0000,2.666,,,,,,,
63,Right,11,-0.0027,-0.0083,0.0349,0.0000,0.0000,0.0000,1.0000,2.666,,,,,,,
63,Right,12,0.0010,0.0057,0.0608,0.0663,0.0846,-0.0105,0.9942,2.666,,,,,,,
63,Right,13,0.0000,0.0000,0.0429,0.2746,0.0011,-0.0126,0.9615,2.666,,,,,,,
63,Right,14,0.0000,0.0000,0.0275,0.0915,-0.0034,-0.0524,0.9944,2.666,,,,,,,
63,Right,15,0.0003,0.0011,0.0250,0.0000,0.0000,0.0000,1.0000,2.666,,,,,,,
63,Right,16,0.0150,-0.0060,0.0348,0.0000,0.0000,0.0000,1.0000,2.666,,,,,,,
63,Right,17,0.0025,-0.0005,0.0539,0.0609,0.1068,-0.0544,0.9909,2.666,,,,,,,
63,Right,18,0.0000,0.0000,0.0390,0.2264,-0.0047,-0.0383,0.9733,2.666,,,,,,,
63,Right,19,0.0000,0.0000,0.0266,0.0983,-0.0296,-0.0092,0.9947,2.666,,,,,,,
63,Right,20,0.0003,0.0016,0.0243,0.0000,0.0000,0.0000,1.0000,2.666,,,,,,,
63,Right,21,0.0230,-0.0094,0.0341,0.0183,0.1403,-0.2070,0.9680,2.666,,,,,,,
63,Right,22,0.0000,0.0000,0.0457,-0.0055,0.0260,0.0930,0.9953,2.666,,,,,,,
63,Right,23,0.0000,0.0000,0.0307,0.1603,0.0356,-0.0523,0.9850,2.666,,,,,,,
63,Right,24,0.0000,0.0000,0.0203,0.0312,-0.0491,0.0008,0.9983,2.666,,,,,,,
63,Right,25,-0.0002,0.0012,0.0219,0.0000,0.0000,0.0000,1.0000,2.666,,,,,,,
64,Left,0,0.0026,-0.0052,0.0650,0.0000,0.0000,0.0000,1.0000,2.708,,,,,,,
64,Left,1,0.0000,0.0000,0.0000,0.0000,0.0000,0.0000,1.0000,2.708,-0.1087,0.1112,0.0085,-0.1637,-0.0362,-0.7630,-0.6243
64,Left,2,0.0299,-0.0167,0.0348,-0.1553,0.2580,-0.5539,0.7762,2.708,,,,,,,
64,Left,3,0.0000,0.0000,0.0325,0.0135,-0.0691,0.0832,0.9940,2.708,,,,,,,
64,Left,4,0.0000,0.0000,0.0338,-0.0084,0.0610,-0.0825,0.9947,2.708,,,,,,,
64,Left,5,-0.0007,0.0010,0.0246,0.0000,0.0000,0.0000,1.0000,2.708,,,,,,,
64,Left,6,0.0196,-0.0098,0.0366,0.0000,0.0000,0.0000,1.0000,2.708,,,,,,,
64,Left,7,0.0039,0.0025,0.0594,0.1131,-0.0628,-0.0289,0.9912,2.708,,,,,,,
64,Left,8,0.0000,0.0000,0.0379,0.2022,-0.0018,0.0263,0.9790,2.708,,,,,,,
64,Left,9,0.0000,0.0000,0.0243,0.0971,-0.0243,0.0168,0.9948,2.708,,,,,,,
64,Left,10,-0.0003,0.0010,0.0224,0.0000,0.0000,0.0000,1.0000,2.708,,,,,,,
64,Left,11,0.0034,-0.0078,0.0344,0.0000,0.0000,0.0000,1.0000,2.708,,,,,,,
64,Left,12,-0.0017,0.0053,0.0612,0.1632,-0.1062,0.0209,0.9806,2.708,,,,,,,
64,Left,13,0.0000,0.0000,0.0429,0.2157,-0.0018,0.0124,0.9764,2.708,,,,,,,
64,Left,14,0.0000,0.0000,0.0275,0.0568,0.0019,0.0491,0.9972,2.708,,,,,,,
64,Left,15,-0.0003,0.0011,0.0250,0.0000,0.0000,0.0000,1.0000,2.708,,,,,,,
64,Left,16,-0.0150,-0.0060,0.0348,0.0000,0.0000,0.0000,1.0000,2.708,,,,,,,
64,Left,17,-0.0025,-0.0005,0.0539,0.1778,-0.1293,0.0693,0.9731,2.708,,,,,,,
64,Left,18,0.0000,0.0000,0.0390,0.1988,0.0037,0.0378,0.9793,2.708,,,,,,,
64,Left,19,0.0000,0.0000,0.0266,0.0974,0.0296,0.0092,0.9948,2.708,,,,,,,
64,Left,20,-0.0003,0.0016,0.0243,0.0000,0.0000,0.0000,1.0000,2.708,,,,,,,
64,Left,21,-0.0230,-0.0094,0.0341,0.0183,-0.1403,0.2070,0.9680,2.708,,,,,,,
64,Left,22,0.0000,0.0000,0.0457,0.1354,-0.0205,-0.0840,0.9870,2.708,,,,,,,
64,Left,23,0.0000,0.0000,0.0307,0.2146,-0.0331,0.0567,0.9745,2.708,,,,,,,
64,Left,24,0.0000,0.0000,0.0203,0.0653,0.0490,-0.0010,0.9967,2.708,,,,,,,
64,Left,25,0.0002,0.0012,0.0219,0.0000,0.0000,0.0000,1.0000,2.708,,,,,,,
64,Right,0,-0.0022,-0.0054,0.0653,0.0000,0.0000,0.0000,1.0000,2.708,,,,,,,
64,Right,1,0.0000,0.0000,0.0000,0.0000,0.0000,0.0000,1.0000,2.708,0.0344,0.1436,-0.1167,-0.1529,0.1997,-0.6809,0.6878
64,Right,2,-0.0285,-0.0186,0.0357,-0.0899,-0.2923,0.6033,0.7365,2.708,,,,,,,
64,Right,3,0.0000,0.0000,0.0325,0.1650,0.0555,-0.0824,0.9813,2.708,,,,,,,
64,Right,4,0.0000,0.0000,0.0338,-0.0068,-0.0609,0.0825,0.9947,2.708,,,,,,,
64,Right,5,0.0007,0.0010,0.0246,0.0000,0.0000,0.0000,1.0000,2.708,,,,,,,
64,Right,6,-0.0190,-0.0108,0.0371,0.0000,0.0000,0.0000,1.0000,2.708,,,,,,,
64,Right,7,-0.0046,0.0034,0.0589,-0.0161,0.0374,0.0313,0.9987,2.708,,,,,,,
64,Right,8,0.0000,0.0000,0.0379,0.2296,0.0011,-0.0263,0.9729,2.708,,,,,,,
64,Right,9,0.0000,0.0000,0.0243,0.0867,0.0245,-0.0168,0.9958,2.708,,,,,,,
64,Right,10,0.0003,0.0010,0.0224,0.0000,0.0000,0.0000,1.0000,2.708,,,,,,,
64,Right,11,-0.0027,-0.0083,0.0349,0.0000,0.0000,0.0000,1.0000,2.708,,,,,,,
64,Right,12,0.0010,0.0057,0.0608,0.0608,0.0853,-0.0100,0.9944,2.708,,,,,,,
64,Right,13,0.0000,0.0000,0.0429,0.2751,0.0011,-0.0126,0.9613,2.708,,,,,,,
64,Right,14,0.0000,0.0000,0.0275,0.0914,-0.0034,-0.0524,0.9944,2.708,,,,,,,
64,Right,15,0.0003,0.0011,0.0250,0.0000,0.0000,0.0000,1.0000,2.708,,,,,,,
64,Right,16,0.0150,-0.0060,0.0348,0.0000,0.0000,0.0000,1.0000,2.708,,,,,,,
64,Right,17,0.0025,-0.0005,0.0539,0.0570,0.1077,-0.0540,0.9911,2.708,,,,,,,
64,Right,18,0.0000,0.0000,0.0390,0.2264,-0.0047,-0.0383,0.9733,2.708,,,,,,,
64,Right,19,0.0000,0.0000,0.0266,0.0980,-0.0296,-0.0092,0.9947,2.708,,,,,,,
64,Right,20,0.0003,0.0016,0.0243,0.0000,0.0000,0.0000,1.0000,2.708,,,,,,,
64,Right,21,0.0230,-0.0094,0.0341,0.0183,0.1403,-0.2070,0.9680,2.708,,,,,,,
64,Right,22,0.0000,0.0000,0.0457,-0.0055,0.0267,0.0930,0.9953,2.708,,,,,,,
64,Right,23,0.0000,0.0000,0.0307,0.1606,0.0356,-0.0524,0.9850,2.708,,,,,,,
64,Right,24,0.0000,0.0000,0.0203,0.0305,-0.0491,0.0008,0.9983,2.708,,,,,,,
64,Right,25,-0.0002,0.0012,0.0219,0.0000,0.0000,0.0000,1.0000,2.708,,,,,,,
65,Left,0,0.0026,-0.0052,0.0650,0.0000,0.0000,0.0000,1.0000,2.750,,,,,,,
65,Left,1,0.0000,0.0000,0.0000,0.0000,0.0000,0.0000,1.0000,2.750,-0.1082,0.1118,0.0086,-0.1632,-0.0352,-0.7630,-0.6244
65,Left,2,0.0298,-0.0168,0.0348,-0.1563,0.2543,-0.5546,0.7767,2.750,,,,,,,
65,Left,3,0.0000,0.0000,0.0325,0.0126,-0.0692,0.0832,0.9940,2.750,,,,,,,
65,Left,4,0.0000,0.0000,0.0338,-0.0147,0.0615,-0.0826,0.9946,2.750,,,,,,,
65,Left,5,-0.0007,0.0010,0.0246,0.0000,0.0000,0.0000,1.0000,2.750,,,,,,,
65,Left,6,0.0196,-0.0098,0.0366,0.0000,0.0000,0.0000,1.0000,2.750,,,,,,,
65,Left,7,0.0039,0.0025,0.0594,0.1130,-0.0621,-0.0290,0.9912,2.750,,,,,,,
65,Left,8,0.0000,0.0000,0.0379,0.1997,-0.0019,0.0264,0.9795,2.750,,,,,,,
65,Left,9,0.0000,0.0000,0.0243,0.0944,-0.0244,0.0168,0.9951,2.750,,,,,,,
65,Left,10,-0.0003,0.0010,0.0224,0.0000,0.0000,0.0000,1.0000,2.750,,,,,,,
65,Left,11,0.0034,-0.0078,0.0345,0.0000,0.0000,0.0000,1.0000,2.750,,,,,,,
65,Left,12,-0.0017,0.0053,0.0612,0.1625,-0.1062,0.0209,0.9807,2.750,,,,,,,
65,Left,13,0.0000,0.0000,0.0429,0.2137,-0.0019,0.0124,0.9768,2.750,,,,,,,
65,Left,14,0.0000,0.0000,0.0275,0.0555,0.0019,0.0490,0.9973,2.750,,,,,,,
65,Left,15,-0.0003,0.0011,0.0250,0.0000,0.0000,0.0000,1.0000,2.750,,,,,,,
65,Left,16,-0.0150,-0.0060,0.0348,0.0000,0.0000,0.0000,1.0000,2.750,,,,,,,
65,Left,17,-0.0025,-0.0005,0.0539,0.1769,-0.1288,0.0691,0.9733,2.750,,,,,,,
65,Left,18,0.0000,0.0000,0.0390,0.1975,0.0037,0.0378,0.9796,2.750,,,,,,,
65,Left,19,0.0000,0.0000,0.0266,0.0963,0.0296,0.0092,0.9949,2.750,,,,,,,
65,Left,20,-0.0003,0.0016,0.0243,0.0000,0.0000,0.0000,1.0000,2.750,,,,,,,
65,Left,21,-0.0230,-0.0094,0.0341,0.0183,-0.1403,0.2070,0.9680,2.750,,,,,,,
65,Left,22,0.0000,0.0000,0.0457,0.1345,-0.0186,-0.0843,0.9871,2.750,,,,,,,
65,Left,23,0.0000,0.0000,0.0307,0.2137,-0.0331,0.0566,0.9747,2.750,,,,,,,
65,Left,24,0.0000,0.0000,0.0203,0.0644,0.0490,-0.0009,0.9967,2.750,,,,,,,
65,Left,25,0.0002,0.0012,0.0219,0.0000,0.0000,0.0000,1.0000,2.750,,,,,,,
65,Right,0,-0.0022,-0.0054,0.0653,0.0000,0.0000,0.0000,1.0000,2.750,,,,,,,
65,Right,1,0.0000,0.0000,0.0000,0.0000,0.0000,0.0000,1.0000,2.750,0.0360,0.1433,-0.1156,-0.1552,0.1964,-0.6779,0.6912
65,Right,2,-0.0285,-0.0186,0.0357,-0.0899,-0.2923,0.6033,0.7366,2.750,,,,,,,
65,Right,3,0.0000,0.0000,0.0325,0.1648,0.0555,-0.0824,0.9813,2.750,,,,,,,
65,Right,4,0.0000,0.0000,0.0338,-0.0054,-0.0608,0.0824,0.9947,2.750,,,,,,,
65,Right,5,0.0007,0.0010,0.0246,0.0000,0.0000,0.0000,1.0000,2.750,,,,,,,
65,Right,6,-0.0190,-0.0108,0.0370,0.0000,0.0000,0.0000,1.0000,2.750,,,,,,,
65,Right,7,-0.0046,0.0034,0.0589,-0.0170,0.0376,0.0313,0.9987,2.750,,,,,,,
65,Right,8,0.0000,0.0000,0.0379,0.2390,0.0008,-0.0263,0.9707,2.750,,,,,,,
65,Right,9,0.0000,0.0000,0.0243,0.0885,0.0245,-0.0168,0.9956,2.750,,,,,,,
65,Right,10,0.0003,0.0010,0.0224,0.0000,0.0000,0.0000,1.0000,2.750,,,,,,,
65,Right,11,-0.0027,-0.0083,0.0349,0.0000,0.0000,0.0000,1.0000,2.750,,,,,,,
65,Right,12,0.0010,0.0057,0.0608,0.0596,0.0857,-0.0099,0.9945,2.750,,,,,,,
65,Right,13,0.0000,0.0000,0.0429,0.2785,0.0011,-0.0126,0.9604,2.750,,,,,,,
65,Right,14,0.0000,0.0000,0.0275,0.0918,-0.0035,-0.0524,0.9944,2.750,,,,,,,
65,Right,15,0.0003,0.0011,0.0250,0.0000,0.0000,0.0000,1.0000,2.750,,,,,,,
65,Right,16,0.0150,-0.0060,0.0348,0.0000,0.0000,0.0000,1.0000,2.750,,,,,,,
65,Right,17,0.0025,-0.0005,0.0539,0.0558,0.1079,-0.0539,0.9911,2.750,,,,,,,
65,Right,18,0.0000,0.0000,0.0390,0.2276,-0.0047,-0.0384,0.9730,2.750,,,,,,,
65,Right,19,0.0000,0.0000,0.0266,0.0980,-0.0296,-0.0092,0.9947,2.750,,,,,,,
65,Right,20,0.0003,0.0016,0.0243,0.0000,0.0000,0.0000,1.0000,2.750,,,,,,,
65,Right,21,0.0230,-0.0094,0.0341,0.0183,0.1403,-0.2070,0.9680,2.750,,,,,,,
65,Right,22,0.0000,0.0000,0.0457,-0.0049,0.0265,0.0930,0.9953,2.750,,,,,,,
65,Right,23,0.0000,0.0000,0.0307,0.1610,0.0356,-0.0524,0.9849,2.750,,,,,,,
65,Right,24,0.0000,0.0000,0.0203,0.0301,-0.0491,0.0008,0.9983,2.750,,,,,,,
65,Right,25,-0.0002,0.0012,0.0219,0.0000,0.0000,0.0000,1.0000,2.750,,,,,,,
66,Left,0,0.0026,-0.0052,0.0651,0.0000,0.0000,0.0000,1.0000,2.792,,,,,,,
66,Left,1,0.0000,0.0000,0.0000,0.0000,0.0000,0.0000,1.0000,2.792,-0.1080,0.1119,0.0090,-0.1639,-0.0358,-0.7627,-0.6246
66,Left,2,0.0298,-0.0168,0.0349,-0.1571,0.2513,-0.5551,0.7771,2.792,,,,,,,
66,Left,3,0.0000,0.0000,0.0325,0.0118,-0.0692,0.0832,0.9941,2.792,,,,,,,
66,Left,4,0.0000,0.0000,0.0338,-0.0188,0.0619,-0.0827,0.9945,2.792,,,,,,,
66,Left,5,-0.0007,0.0010,0.0246,0.0000,0.0000,0.0000,1.0000,2.792,,,,,,,
66,Left,6,0.0196,-0.0099,0.0366,0.0000,0.0000,0.0000,1.0000,2.792,,,,,,,
66,Left,7,0.0040,0.0026,0.0594,0.1128,-0.0620,-0.0290,0.9913,2.792,,,,,,,
66,Left,8,0.0000,0.0000,0.0379,0.1980,-0.0019,0.0264,0.9798,2.792,,,,,,,
66,Left,9,0.0000,0.0000,0.0243,0.0927,-0.0244,0.0168,0.9953,2.792,,,,,,,
66,Left,10,-0.0003,0.0010,0.0224,0.0000,0.0000,0.0000,1.0000,2.792,,,,,,,
66,Left,11,0.0034,-0.0078,0.0345,0.0000,0.0000,0.0000,1.0000,2.792,,,,,,,
66,Left,12,-0.0017,0.0053,0.0612,0.1619,-0.1066,0.0208,0.9808,2.792,,,,,,,
66,Left,13,0.0000,0.0000,0.0429,0.2115,-0.0019,0.0123,0.9773,2.792,,,,,,,
66,Left,14,0.0000,0.0000,0.0275,0.0538,0.0018,0.0488,0.9974,2.792,,,,,,,
66,Left,15,-0.0003,0.0011,0.0250,0.0000,0.0000,0.0000,1.0000,2.792,,,,,,,
66,Left,16,-0.0150,-0.0060,0.0348,0.0000,0.0000,0.0000,1.0000,2.792,,,,,,,
66,Left,17,-0.0025,-0.0005,0.0539,0.1765,-0.1286,0.0690,0.9734,2.792,,,,,,,
66,Left,18,0.0000,0.0000,0.0390,0.1961,0.0037,0.0378,0.9798,2.792,,,,,,,
66,Left,19,0.0000,0.0000,0.0266,0.0951,0.0296,0.0091,0.9950,2.792,,,,,,,
66,Left,20,-0.0003,0.0016,0.0243,0.0000,0.0000,0.0000,1.0000,2.792,,,,,,,
66,Left,21,-0.0230,-0.0094,0.0341,0.0183,-0.1403,0.2070,0.9680,2.792,,,,,,,
66,Left,22,0.0000,0.0000,0.0457,0.1342,-0.0170,-0.0846,0.9872,2.792,,,,,,,
66,Left,23,0.0000,0.0000,0.0307,0.2125,-0.0332,0.0565,0.9750,2.792,,,,,,,
66,Left,24,0.0000,0.0000,0.0203,0.0634,0.0490,-0.0009,0.9968,2.792,,,,,,,
66,Left,25,0.0002,0.0012,0.0219,0.0000,0.0000,0.0000,1.0000,2.792,,,,,,,
66,Right,0,-0.0022,-0.0054,0.0653,0.0000,0.0000,0.0000,1.0000,2.792,,,,,,,
66,Right,1,0.0000,0.0000,0.0000,0.0000,0.0000,0.0000,1.0000,2.792,0.0362,0.1425,-0.1148,-0.1611,0.1939,-0.6729,0.6955
66,Right,2,-0.0285,-0.0186,0.0357,-0.0892,-0.2924,0.6038,0.7362,2.792,,,,,,,
66,Right,3,0.0000,0.0000,0.0325,0.1639,0.0556,-0.0824,0.9814,2.792,,,,,,,
66,Right,4,0.0000,0.0000,0.0338,-0.0051,-0.0607,0.0824,0.9947,2.792,,,,,,,
66,Right,5,0.0007,0.0010,0.0246,0.0000,0.0000,0.0000,1.0000,2.792,,,,,,,
66,Right,6,-0.0189,-0.0108,0.0371,0.0000,0.0000,0.0000,1.0000,2.792,,,,,,,
66,Right,7,-0.0046,0.0035,0.0589,-0.0187,0.0378,0.0314,0.9986,2.792,,,,,,,
66,Right,8,0.0000,0.0000,0.0379,0.2402,0.0008,-0.0263,0.9704,2.792,,,,,,,
66,Right,9,0.0000,0.0000,0.0243,0.0893,0.0245,-0.0168,0.9956,2.792,,,,,,,
66,Right,10,0.0003,0.0010,0.0224,0.0000,0.0000,0.0000,1.0000,2.792,,,,,,,
66,Right,11,-0.0027,-0.0083,0.0349,0.0000,0.0000,0.0000,1.0000,2.792,,,,,,,
66,Right,12,0.0010,0.0057,0.0608,0.0592,0.0861,-0.0099,0.9945,2.792,,,,,,,
66,Right,13,0.0000,0.0000,0.0429,0.2867,0.0010,-0.0126,0.9579,2.792,,,,,,,
66,Right,14,0.0000,0.0000,0.0275,0.0925,-0.0035,-0.0525,0.9943,2.792,,,,,,,
66,Right,15,0.0003,0.0011,0.0250,0.0000,0.0000,0.0000,1.0000,2.792,,,,,,,
66,Right,16,0.0150,-0.0060,0.0348,0.0000,0.0000,0.0000,1.0000,2.792,,,,,,,
66,Right,17,0.0025,-0.0005,0.0539,0.0565,0.1081,-0.0540,0.9911,2.792,,,,,,,
66,Right,18,0.0000,0.0000,0.0390,0.2301,-0.0048,-0.0384,0.9724,2.792,,,,,,,
66,Right,19,0.0000,0.0000,0.0266,0.0984,-0.0296,-0.0092,0.9947,2.792,,,,,,,
66,Right,20,0.0003,0.0016,0.0243,0.0000,0.0000,0.0000,1.0000,2.792,,,,,,,
66,Right,21,0.0230,-0.0094,0.0341,0.0183,0.1403,-0.2070,0.9680,2.792,,,,,,,
66,Right,22,0.0000,0.0000,0.0457,-0.0024,0.0260,0.0928,0.9953,2.792,,,,,,,
66,Right,23,0.0000,0.0000,0.0307,0.1611,0.0356,-0.0524,0.9849,2.792,,,,,,,
66,Right,24,0.0000,0.0000,0.0203,0.0299,-0.0491,0.0008,0.9983,2.792,,,,,,,
66,Right,25,-0.0002,0.0012,0.0219,0.0000,0.0000,0.0000,1.0000,2.792,,,,,,,
67,Left,0,0.0025,-0.0052,0.0651,0.0000,0.0000,0.0000,1.0000,2.833,,,,,,,
67,Left,1,0.0000,0.0000,0.0000,0.0000,0.0000,0.0000,1.0000,2.833,-0.1088,0.1127,0.0102,-0.1755,-0.0462,-0.7622,-0.6214
67,Left,2,0.0297,-0.0169,0.0349,-0.1569,0.2503,-0.5559,0.7770,2.833,,,,,,,
67,Left,3,0.0000,0.0000,0.0325,0.0110,-0.0693,0.0832,0.9941,2.833,,,,,,,
67,Left,4,0.0000,0.0000,0.0338,-0.0199,0.0619,-0.0827,0.9944,2.833,,,,,,,
67,Left,5,-0.0007,0.0010,0.0246,0.0000,0.0000,0.0000,1.0000,2.833,,,,,,,
67,Left,6,0.0196,-0.0099,0.0366,0.0000,0.0000,0.0000,1.0000,2.833,,,,,,,
67,Left,7,0.0040,0.0026,0.0594,0.1127,-0.0623,-0.0290,0.9912,2.833,,,,,,,
67,Left,8,0.0000,0.0000,0.0379,0.1981,-0.0019,0.0264,0.9798,2.833,,,,,,,
67,Left,9,0.0000,0.0000,0.0243,0.0919,-0.0244,0.0168,0.9953,2.833,,,,,,,
67,Left,10,-0.0003,0.0010,0.0224,0.0000,0.0000,0.0000,1.0000,2.833,,,,,,,
67,Left,11,0.0034,-0.0078,0.0345,0.0000,0.0000,0.0000,1.0000,2.833,,,,,,,
67,Left,12,-0.0016,0.0053,0.0612,0.1627,-0.1073,0.0210,0.9806,2.833,,,,,,,
67,Left,13,0.0000,0.0000,0.0429,0.2117,-0.0019,0.0123,0.9773,2.833,,,,,,,
67,Left,14,0.0000,0.0000,0.0275,0.0534,0.0018,0.0488,0.9974,2.833,,,,,,,
67,Left,15,-0.0003,0.0011,0.0250,0.0000,0.0000,0.0000,1.0000,2.833,,,,,,,
67,Left,16,-0.0150,-0.0060,0.0348,0.0000,0.0000,0.0000,1.0000,2.833,,,,,,,
67,Left,17,-0.0025,-0.0005,0.0539,0.1775,-0.1285,0.0692,0.9732,2.833,,,,,,,
67,Left,18,0.0000,0.0000,0.0390,0.1961,0.0036,0.0378,0.9798,2.833,,,,,,,
67,Left,19,0.0000,0.0000,0.0266,0.0947,0.0296,0.0091,0.9950,2.833,,,,,,,
67,Left,20,-0.0003,0.0016,0.0243,0.0000,0.0000,0.0000,1.0000,2.833,,,,,,,
67,Left,21,-0.0230,-0.0094,0.0341,0.0183,-0.1403,0.2070,0.9680,2.833,,,,,,,
67,Left,22,0.0000,0.0000,0.0457,0.1341,-0.0158,-0.0847,0.9872,2.833,,,,,,,
67,Left,23,0.0000,0.0000,0.0307,0.2124,-0.0332,0.0565,0.9750,2.833,,,,,,,
67,Left,24,0.0000,0.0000,0.0203,0.0635,0.0490,-0.0009,0.9968,2.833,,,,,,,
67,Left,25,0.0002,0.0012,0.0219,0.0000,0.0000,0.0000,1.0000,2.833,,,,,,,
67,Right,0,-0.0022,-0.0054,0.0653,0.0000,0.0000,0.0000,1.0000,2.833,,,,,,,
67,Right,1,0.0000,0.0000,0.0000,0.0000,0.0000,0.0000,1.0000,2.833,0.0341,0.1406,-0.1139,-0.1844,0.1907,-0.6542,0.7083
67,Right,2,-0.0283,-0.0188,0.0358,-0.0859,-0.2906,0.6078,0.7340,2.833,,,,,,,
67,Right,3,0.0000,0.0000,0.0325,0.1620,0.0558,-0.0825,0.9818,2.833,,,,,,,
67,Right,4,0.0000,0.0000,0.0338,-0.0106,-0.0612,0.0825,0.9947,2.833,,,,,,,
67,Right,5,0.0007,0.0010,0.0246,0.0000,0.0000,0.0000,1.0000,2.833,,,,,,,
67,Right,6,-0.0189,-0.0109,0.0371,0.0000,0.0000,0.0000,1.0000,2.833,,,,,,,
67,Right,7,-0.0047,0.0036,0.0589,-0.0199,0.0379,0.0314,0.9986,2.833,,,,,,,
67,Right,8,0.0000,0.0000,0.0379,0.2412,0.0008,-0.0263,0.9701,2.833,,,,,,,
67,Right,9,0.0000,0.0000,0.0243,0.0896,0.0245,-0.0168,0.9955,2.833,,,,,,,
67,Right,10,0.0003,0.0010,0.0224,0.0000,0.0000,0.0000,1.0000,2.833,,,,,,,
67,Right,11,-0.0026,-0.0083,0.0349,0.0000,0.0000,0.0000,1.0000,2.833,,,,,,,
67,Right,12,0.0009,0.0058,0.0607,0.0602,0.0862,-0.0100,0.9944,2.833,,,,,,,
67,Right,13,0.0000,0.0000,0.0429,0.2921,0.0009,-0.0126,0.9563,2.833,,,,,,,
67,Right,14,0.0000,0.0000,0.0275,0.0934,-0.0035,-0.0526,0.9942,2.833,,,,,,,
67,Right,15,0.0003,0.0011,0.0250,0.0000,0.0000,0.0000,1.0000,2.833,,,,,,,
67,Right,16,0.0150,-0.0060,0.0348,0.0000,0.0000,0.0000,1.0000,2.833,,,,,,,
67,Right,17,0.0025,-0.0005,0.0539,0.0610,0.1080,-0.0544,0.9908,2.833,,,,,,,
67,Right,18,0.0000,0.0000,0.0390,0.2355,-0.0050,-0.0385,0.9711,2.833,,,,,,,
67,Right,19,0.0000,0.0000,0.0266,0.0991,-0.0296,-0.0093,0.9946,2.833,,,,,,,
67,Right,20,0.0003,0.0016,0.0243,0.0000,0.0000,0.0000,1.0000,2.833,,,,,,,
67,Right,21,0.0230,-0.0094,0.0341,0.0183,0.1403,-0.2070,0.9680,2.833,,,,,,,
67,Right,22,0.0000,0.0000,0.0457,0.0167,0.0265,0.0914,0.9953,2.833,,,,,,,
67,Right,23,0.0000,0.0000,0.0307,0.1615,0.0356,-0.0524,0.9848,2.833,,,,,,,
67,Right,24,0.0000,0.0000,0.0203,0.0303,-0.0491,0.0008,0.9983,2.833,,,,,,,
67,Right,25,-0.0002,0.0012,0.0219,0.0000,0.0000,0.0000,1.0000,2.833,,,,,,,
68,Left,0,0.0025,-0.0052,0.0651,0.0000,0.0000,0.0000,1.0000,2.875,,,,,,,
68,Left,1,0.0000,0.0000,0.0000,0.0000,0.0000,0.0000,1.0000,2.875,-0.1107,0.1146,0.0135,-0.1990,-0.0654,-0.7641,-0.6102
68,Left,2,0.0297,-0.0169,0.0349,-0.1564,0.2501,-0.5566,0.7766,2.875,,,,,,,
68,Left,3,0.0000,0.0000,0.0325,0.0104,-0.0693,0.0832,0.9941,2.875,,,,,,,
68,Left,4,0.0000,0.0000,0.0338,-0.0202,0.0620,-0.0828,0.9944,2.875,,,,,,,
68,Left,5,-0.0007,0.0010,0.0246,0.0000,0.0000,0.0000,1.0000,2.875,,,,,,,
68,Left,6,0.0196,-0.0099,0.0366,0.0000,0.0000,0.0000,1.0000,2.875,,,,,,,
68,Left,7,0.0040,0.0026,0.0593,0.1132,-0.0630,-0.0289,0.9911,2.875,,,,,,,
68,Left,8,0.0000,0.0000,0.0379,0.2016,-0.0018,0.0264,0.9791,2.875,,,,,,,
68,Left,9,0.0000,0.0000,0.0243,0.0923,-0.0244,0.0168,0.9953,2.875,,,,,,,
68,Left,10,-0.0003,0.0010,0.0224,0.0000,0.0000,0.0000,1.0000,2.875,,,,,,,
68,Left,11,0.0034,-0.0079,0.0345,0.0000,0.0000,0.0000,1.0000,2.875,,,,,,,
68,Left,12,-0.0016,0.0053,0.0612,0.1697,-0.1082,0.0219,0.9793,2.875,,,,,,,
68,Left,13,0.0000,0.0000,0.0429,0.2159,-0.0018,0.0124,0.9763,2.875,,,,,,,
68,Left,14,0.0000,0.0000,0.0275,0.0541,0.0018,0.0489,0.9973,2.875,,,,,,,
68,Left,15,-0.0003,0.0011,0.0250,0.0000,0.0000,0.0000,1.0000,2.875,,,,,,,
68,Left,16,-0.0150,-0.0060,0.0348,0.0000,0.0000,0.0000,1.0000,2.875,,,,,,,
68,Left,17,-0.0025,-0.0005,0.0539,0.1849,-0.1284,0.0701,0.9718,2.875,,,,,,,
68,Left,18,0.0000,0.0000,0.0390,0.1979,0.0037,0.0378,0.9795,2.875,,,,,,,
68,Left,19,0.0000,0.0000,0.0266,0.0953,0.0296,0.0091,0.9950,2.875,,,,,,,
68,Left,20,-0.0003,0.0016,0.0243,0.0000,0.0000,0.0000,1.0000,2.875,,,,,,,
68,Left,21,-0.0230,-0.0094,0.0341,0.0183,-0.1403,0.2070,0.9680,2.875,,,,,,,
68,Left,22,0.0000,0.0000,0.0457,0.1344,-0.0151,-0.0848,0.9872,2.875,,,,,,,
68,Left,23,0.0000,0.0000,0.0307,0.2132,-0.0331,0.0566,0.9748,2.875,,,,,,,
68,Left,24,0.0000,0.0000,0.0203,0.0645,0.0490,-0.0009,0.9967,2.875,,,,,,,
68,Left,25,0.0002,0.0012,0.0219,0.0000,0.0000,0.0000,1.0000,2.875,,,,,,,
68,Right,0,-0.0021,-0.0055,0.0653,0.0000,0.0000,0.0000,1.0000,2.875,,,,,,,
68,Right,1,0.0000,0.0000,0.0000,0.0000,0.0000,0.0000,1.0000,2.875,0.0280,0.1363,-0.1107,-0.2137,0.1969,-0.6273,0.7225
68,Right,2,-0.0280,-0.0192,0.0360,-0.0806,-0.2875,0.6141,0.7306,2.875,,,,,,,
68,Right,3,0.0000,0.0000,0.0325,0.1574,0.0562,-0.0825,0.9825,2.875,,,,,,,
68,Right,4,0.0000,0.0000,0.0338,-0.0255,-0.0624,0.0829,0.9943,2.875,,,,,,,
68,Right,5,0.0007,0.0010,0.0246,0.0000,0.0000,0.0000,1.0000,2.875,,,,,,,
68,Right,6,-0.0187,-0.0110,0.0372,0.0000,0.0000,0.0000,1.0000,2.875,,,,,,,
68,Right,7,-0.0048,0.0037,0.0588,-0.0202,0.0379,0.0314,0.9986,2.875,,,,,,,
68,Right,8,0.0000,0.0000,0.0379,0.2422,0.0007,-0.0263,0.9699,2.875,,,,,,,
68,Right,9,0.0000,0.0000,0.0243,0.0899,0.0244,-0.0168,0.9955,2.875,,,,,,,
68,Right,10,0.0003,0.0010,0.0224,0.0000,0.0000,0.0000,1.0000,2.875,,,,,,,
68,Right,11,-0.0025,-0.0084,0.0350,0.0000,0.0000,0.0000,1.0000,2.875,,,,,,,
68,Right,12,0.0008,0.0059,0.0606,0.0625,0.0860,-0.0102,0.9943,2.875,,,,,,,
68,Right,13,0.0000,0.0000,0.0429,0.2935,0.0009,-0.0126,0.9559,2.875,,,,,,,
68,Right,14,0.0000,0.0000,0.0275,0.0942,-0.0036,-0.0527,0.9941,2.875,,,,,,,
68,Right,15,0.0003,0.0011,0.0250,0.0000,0.0000,0.0000,1.0000,2.875,,,,,,,
68,Right,16,0.0150,-0.0060,0.0348,0.0000,0.0000,0.0000,1.0000,2.875,,,,,,,
68,Right,17,0.0025,-0.0005,0.0539,0.0665,0.1076,-0.0550,0.9904,2.875,,,,,,,
68,Right,18,0.0000,0.0000,0.0390,0.2383,-0.0051,-0.0385,0.9704,2.875,,,,,,,
68,Right,19,0.0000,0.0000,0.0266,0.1002,-0.0296,-0.0093,0.9945,2.875,,,,,,,
68,Right,20,0.0003,0.0016,0.0243,0.0000,0.0000,0.0000,1.0000,2.875,,,,,,,
68,Right,21,0.0230,-0.0094,0.0341,0.0183,0.1403,-0.2070,0.9680,2.875,,,,,,,
68,Right,22,0.0000,0.0000,0.0457,0.0294,0.0261,0.0905,0.9951,2.875,,,,,,,
68,Right,23,0.0000,0.0000,0.0307,0.1623,0.0355,-0.0525,0.9847,2.875,,,,,,,
68,Right,24,0.0000,0.0000,0.0203,0.0312,-0.0491,0.0008,0.9983,2.875,,,,,,,
68,Right,25,-0.0002,0.0012,0.0219,0.0000,0.0000,0.0000,1.0000,2.875,,,,,,,
69,Left,0,0.0025,-0.0052,0.0651,0.0000,0.0000,0.0000,1.0000,2.916,,,,,,,
69,Left,1,0.0000,0.0000,0.0000,0.0000,0.0000,0.0000,1.0000,2.916,-0.1129,0.1159,0.0183,-0.2323,-0.0786,-0.7687,-0.5907
69,Left,2,0.0297,-0.0169,0.0349,-0.1557,0.2511,-0.5569,0.7763,2.916,,,,,,,
69,Left,3,0.0000,0.0000,0.0325,0.0106,-0.0693,0.0832,0.9941,2.916,,,,,,,
69,Left,4,0.0000,0.0000,0.0338,-0.0195,0.0619,-0.0827,0.9945,2.916,,,,,,,
69,Left,5,-0.0007,0.0010,0.0246,0.0000,0.0000,0.0000,1.0000,2.916,,,,,,,
69,Left,6,0.0196,-0.0099,0.0366,0.0000,0.0000,0.0000,1.0000,2.916,,,,,,,
69,Left,7,0.0040,0.0026,0.0593,0.1140,-0.0637,-0.0288,0.9910,2.916,,,,,,,
69,Left,8,0.0000,0.0000,0.0379,0.2099,-0.0016,0.0263,0.9774,2.916,,,,,,,
69,Left,9,0.0000,0.0000,0.0243,0.0947,-0.0244,0.0168,0.9951,2.916,,,,,,,
69,Left,10,-0.0003,0.0010,0.0224,0.0000,0.0000,0.0000,1.0000,2.916,,,,,,,
69,Left,11,0.0034,-0.0079,0.0345,0.0000,0.0000,0.0000,1.0000,2.916,,,,,,,
69,Left,12,-0.0016,0.0053,0.0612,0.1748,-0.1093,0.0226,0.9783,2.916,,,,,,,
69,Left,13,0.0000,0.0000,0.0429,0.2232,-0.0017,0.0124,0.9747,2.916,,,,,,,
69,Left,14,0.0000,0.0000,0.0275,0.0586,0.0020,0.0493,0.9971,2.916,,,,,,,
69,Left,15,-0.0003,0.0011,0.0250,0.0000,0.0000,0.0000,1.0000,2.916,,,,,,,
69,Left,16,-0.0150,-0.0060,0.0348,0.0000,0.0000,0.0000,1.0000,2.916,,,,,,,
69,Left,17,-0.0025,-0.0005,0.0539,0.1892,-0.1289,0.0707,0.9709,2.916,,,,,,,
69,Left,18,0.0000,0.0000,0.0390,0.2017,0.0038,0.0379,0.9787,2.916,,,,,,,
69,Left,19,0.0000,0.0000,0.0266,0.0970,0.0296,0.0092,0.9948,2.916,,,,,,,
69,Left,20,-0.0003,0.0016,0.0243,0.0000,0.0000,0.0000,1.0000,2.916,,,,,,,
69,Left,21,-0.0230,-0.0094,0.0341,0.0183,-0.1403,0.2070,0.9680,2.916,,,,,,,
69,Left,22,0.0000,0.0000,0.0457,0.1338,-0.0151,-0.0848,0.9873,2.916,,,,,,,
69,Left,23,0.0000,0.0000,0.0307,0.2146,-0.0331,0.0567,0.9745,2.916,,,,,,,
69,Left,24,0.0000,0.0000,0.0203,0.0664,0.0490,-0.0010,0.9966,2.916,,,,,,,
69,Left,25,0.0002,0.0012,0.0219,0.0000,0.0000,0.0000,1.0000,2.916,,,,,,,
69,Right,0,-0.0021,-0.0055,0.0653,0.0000,0.0000,0.0000,1.0000,2.916,,,,,,,
69,Right,1,0.0000,0.0000,0.0000,0.0000,0.0000,0.0000,1.0000,2.916,0.0182,0.1308,-0.1071,-0.2347,0.2133,-0.6090,0.7270
69,Right,2,-0.0279,-0.0193,0.0360,-0.0793,-0.2863,0.6159,0.7297,2.916,,,,,,,
69,Right,3,0.0000,0.0000,0.0325,0.1540,0.0565,-0.0825,0.9830,2.916,,,,,,,
69,Right,4,0.0000,0.0000,0.0338,-0.0334,-0.0630,0.0830,0.9940,2.916,,,,,,,
69,Right,5,0.0007,0.0010,0.0246,0.0000,0.0000,0.0000,1.0000,2.916,,,,,,,
69,Right,6,-0.0187,-0.0111,0.0372,0.0000,0.0000,0.0000,1.0000,2.916,,,,,,,
69,Right,7,-0.0049,0.0038,0.0588,-0.0200,0.0378,0.0314,0.9986,2.916,,,,,,,
69,Right,8,0.0000,0.0000,0.0379,0.2431,0.0007,-0.0263,0.9696,2.916,,,,,,,
69,Right,9,0.0000,0.0000,0.0243,0.0902,0.0244,-0.0168,0.9955,2.916,,,,,,,
69,Right,10,0.0003,0.0010,0.0224,0.0000,0.0000,0.0000,1.0000,2.916,,,,,,,
69,Right,11,-0.0025,-0.0084,0.0350,0.0000,0.0000,0.0000,1.0000,2.916,,,,,,,
69,Right,12,0.0007,0.0059,0.0606,0.0677,0.0855,-0.0106,0.9940,2.916,,,,,,,
69,Right,13,0.0000,0.0000,0.0429,0.2935,0.0009,-0.0126,0.9559,2.916,,,,,,,
69,Right,14,0.0000,0.0000,0.0275,0.0944,-0.0036,-0.0527,0.9941,2.916,,,,,,,
69,Right,15,0.0003,0.0011,0.0250,0.0000,0.0000,0.0000,1.0000,2.916,,,,,,,
69,Right,16,0.0150,-0.0060,0.0348,0.0000,0.0000,0.0000,1.0000,2.916,,,,,,,
69,Right,17,0.0025,-0.0005,0.0539,0.0684,0.1074,-0.0552,0.9903,2.916,,,,,,,
69,Right,18,0.0000,0.0000,0.0390,0.2389,-0.0051,-0.0386,0.9703,2.916,,,,,,,
69,Right,19,0.0000,0.0000,0.0266,0.1011,-0.0296,-0.0094,0.9944,2.916,,,,,,,
69,Right,20,0.0003,0.0016,0.0243,0.0000,0.0000,0.0000,1.0000,2.916,,,,,,,
69,Right,21,0.0230,-0.0094,0.0341,0.0183,0.1403,-0.2070,0.9680,2.916,,,,,,,
69,Right,22,0.0000,0.0000,0.0457,0.0314,0.0249,0.0903,0.9951,2.916,,,,,,,
69,Right,23,0.0000,0.0000,0.0307,0.1639,0.0355,-0.0526,0.9844,2.916,,,,,,,
69,Right,24,0.0000,0.0000,0.0203,0.0323,-0.0491,0.0008,0.9983,2.916,,,,,,,
69,Right,25,-0.0002,0.0012,0.0219,0.0000,0.0000,0.0000,1.0000,2.916,,,,,,,
70,Left,0,0.0026,-0.0052,0.0651,0.0000,0.0000,0.0000,1.0000,2.958,,,,,,,
70,Left,1,0.0000,0.0000,0.0000,0.0000,0.0000,0.0000,1.0000,2.958,-0.1159,0.1151,0.0251,-0.2600,-0.0891,-0.7699,-0.5760
70,Left,2,0.0298,-0.0168,0.0349,-0.1534,0.2570,-0.5566,0.7750,2.958,,,,,,,
70,Left,3,0.0000,0.0000,0.0325,0.0111,-0.0693,0.0832,0.9941,2.958,,,,,,,
70,Left,4,0.0000,0.0000,0.0338,-0.0184,0.0618,-0.0827,0.9945,2.958,,,,,,,
70,Left,5,-0.0007,0.0010,0.0246,0.0000,0.0000,0.0000,1.0000,2.958,,,,,,,
70,Left,6,0.0196,-0.0099,0.0366,0.0000,0.0000,0.0000,1.0000,2.958,,,,,,,
70,Left,7,0.0040,0.0026,0.0594,0.1152,-0.0639,-0.0288,0.9909,2.958,,,,,,,
70,Left,8,0.0000,0.0000,0.0379,0.2105,-0.0016,0.0263,0.9772,2.958,,,,,,,
70,Left,9,0.0000,0.0000,0.0243,0.0964,-0.0243,0.0168,0.9949,2.958,,,,,,,
70,Left,10,-0.0003,0.0010,0.0224,0.0000,0.0000,0.0000,1.0000,2.958,,,,,,,
70,Left,11,0.0034,-0.0078,0.0345,0.0000,0.0000,0.0000,1.0000,2.958,,,,,,,
70,Left,12,-0.0017,0.0053,0.0612,0.1765,-0.1103,0.0229,0.9778,2.958,,,,,,,
70,Left,13,0.0000,0.0000,0.0429,0.2240,-0.0017,0.0124,0.9745,2.958,,,,,,,
70,Left,14,0.0000,0.0000,0.0275,0.0621,0.0022,0.0496,0.9968,2.958,,,,,,,
70,Left,15,-0.0003,0.0011,0.0250,0.0000,0.0000,0.0000,1.0000,2.958,,,,,,,
70,Left,16,-0.0150,-0.0060,0.0348,0.0000,0.0000,0.0000,1.0000,2.958,,,,,,,
70,Left,17,-0.0025,-0.0005,0.0539,0.1897,-0.1299,0.0710,0.9706,2.958,,,,,,,
70,Left,18,0.0000,0.0000,0.0390,0.2026,0.0039,0.0379,0.9785,2.958,,,,,,,
70,Left,19,0.0000,0.0000,0.0266,0.0985,0.0296,0.0093,0.9946,2.958,,,,,,,
70,Left,20,-0.0003,0.0016,0.0243,0.0000,0.0000,0.0000,1.0000,2.958,,,,,,,
70,Left,21,-0.0230,-0.0094,0.0341,0.0183,-0.1403,0.2070,0.9680,2.958,,,,,,,
70,Left,22,0.0000,0.0000,0.0457,0.1325,-0.0161,-0.0847,0.9874,2.958,,,,,,,
70,Left,23,0.0000,0.0000,0.0307,0.2157,-0.0330,0.0568,0.9742,2.958,,,,,,,
70,Left,24,0.0000,0.0000,0.0203,0.0678,0.0490,-0.0010,0.9965,2.958,,,,,,,
70,Left,25,0.0002,0.0012,0.0219,0.0000,0.0000,0.0000,1.0000,2.958,,,,,,,
70,Right,0,-0.0021,-0.0055,0.0653,0.0000,0.0000,0.0000,1.0000,2.958,,,,,,,
70,Right,1,0.0000,0.0000,0.0000,0.0000,0.0000,0.0000,1.0000,2.958,0.0072,0.1302,-0.1062,-0.2443,0.2341,-0.6020,0.7233
70,Right,2,-0.0280,-0.0192,0.0360,-0.0801,-0.2867,0.6149,0.7302,2.958,,,,,,,
70,Right,3,0.0000,0.0000,0.0325,0.1510,0.0568,-0.0826,0.9834,2.958,,,,,,,
70,Right,4,0.0000,0.0000,0.0338,-0.0351,-0.0632,0.0831,0.9939,2.958,,,,,,,
70,Right,5,0.0007,0.0010,0.0246,0.0000,0.0000,0.0000,1.0000,2.958,,,,,,,
70,Right,6,-0.0187,-0.0111,0.0372,0.0000,0.0000,0.0000,1.0000,2.958,,,,,,,
70,Right,7,-0.0049,0.0038,0.0588,-0.0205,0.0373,0.0314,0.9986,2.958,,,,,,,
70,Right,8,0.0000,0.0000,0.0379,0.2430,0.0007,-0.0263,0.9697,2.958,,,,,,,
70,Right,9,0.0000,0.0000,0.0243,0.0900,0.0244,-0.0168,0.9955,2.958,,,,,,,
70,Right,10,0.0003,0.0010,0.0224,0.0000,0.0000,0.0000,1.0000,2.958,,,,,,,
70,Right,11,-0.0025,-0.0084,0.0350,0.0000,0.0000,0.0000,1.0000,2.958,,,,,,,
70,Right,12,0.0008,0.0059,0.0606,0.0693,0.0850,-0.0107,0.9939,2.958,,,,,,,
70,Right,13,0.0000,0.0000,0.0429,0.2917,0.0009,-0.0126,0.9564,2.958,,,,,,,
70,Right,14,0.0000,0.0000,0.0275,0.0940,-0.0036,-0.0526,0.9942,2.958,,,,,,,
70,Right,15,0.0003,0.0011,0.0250,0.0000,0.0000,0.0000,1.0000,2.958,,,,,,,
70,Right,16,0.0150,-0.0060,0.0348,0.0000,0.0000,0.0000,1.0000,2.958,,,,,,,
70,Right,17,0.0025,-0.0005,0.0539,0.0695,0.1071,-0.0553,0.9903,2.958,,,,,,,
70,Right,18,0.0000,0.0000,0.0390,0.2379,-0.0051,-0.0385,0.9705,2.958,,,,,,,
70,Right,19,0.0000,0.0000,0.0266,0.1014,-0.0296,-0.0094,0.9944,2.958,,,,,,,
70,Right,20,0.0003,0.0016,0.0243,0.0000,0.0000,0.0000,1.0000,2.958,,,,,,,
70,Right,21,0.0230,-0.0094,0.0341,0.0183,0.1403,-0.2070,0.9680,2.958,,,,,,,
70,Right,22,0.0000,0.0000,0.0457,0.0321,0.0240,0.0903,0.9951,2.958,,,,,,,
70,Right,23,0.0000,0.0000,0.0307,0.1666,0.0353,-0.0529,0.9840,2.958,,,,,,,
70,Right,24,0.0000,0.0000,0.0203,0.0331,-0.0491,0.0008,0.9982,2.958,,,,,,,
70,Right,25,-0.0002,0.0012,0.0219,0.0000,0.0000,0.0000,1.0000,2.958,,,,,,,
71,Left,0,0.0026,-0.0052,0.0650,0.0000,0.0000,0.0000,1.0000,2.999,,,,,,,
71,Left,1,0.0000,0.0000,0.0000,0.0000,0.0000,0.0000,1.0000,2.999,-0.1195,0.1156,0.0308,-0.2799,-0.1015,-0.7655,-0.5704
71,Left,2,0.0299,-0.0166,0.0348,-0.1507,0.2665,-0.5548,0.7736,2.999,,,,,,,
71,Left,3,0.0000,0.0000,0.0325,0.0114,-0.0693,0.0832,0.9941,2.999,,,,,,,
71,Left,4,0.0000,0.0000,0.0338,-0.0180,0.0618,-0.0827,0.9945,2.999,,,,,,,
71,Left,5,-0.0007,0.0010,0.0246,0.0000,0.0000,0.0000,1.0000,2.999,,,,,,,
71,Left,6,0.0197,-0.0098,0.0366,0.0000,0.0000,0.0000,1.0000,2.999,,,,,,,
71,Left,7,0.0039,0.0025,0.0594,0.1230,-0.0634,-0.0286,0.9900,2.999,,,,,,,
71,Left,8,0.0000,0.0000,0.0379,0.2073,-0.0017,0.0263,0.9779,2.999,,,,,,,
71,Left,9,0.0000,0.0000,0.0243,0.0971,-0.0243,0.0168,0.9948,2.999,,,,,,,
71,Left,10,-0.0003,0.0010,0.0224,0.0000,0.0000,0.0000,1.0000,2.999,,,,,,,
71,Left,11,0.0035,-0.0078,0.0344,0.0000,0.0000,0.0000,1.0000,2.999,,,,,,,
71,Left,12,-0.0017,0.0052,0.0612,0.1821,-0.1109,0.0236,0.9767,2.999,,,,,,,
71,Left,13,0.0000,0.0000,0.0429,0.2225,-0.0017,0.0124,0.9748,2.999,,,,,,,
71,Left,14,0.0000,0.0000,0.0275,0.0629,0.0022,0.0497,0.9968,2.999,,,,,,,
71,Left,15,-0.0003,0.0011,0.0250,0.0000,0.0000,0.0000,1.0000,2.999,,,,,,,
71,Left,16,-0.0150,-0.0060,0.0348,0.0000,0.0000,0.0000,1.0000,2.999,,,,,,,
71,Left,17,-0.0025,-0.0005,0.0539,0.1900,-0.1309,0.0711,0.9704,2.999,,,,,,,
71,Left,18,0.0000,0.0000,0.0390,0.2016,0.0038,0.0379,0.9787,2.999,,,,,,,
71,Left,19,0.0000,0.0000,0.0266,0.0994,0.0296,0.0093,0.9946,2.999,,,,,,,
71,Left,20,-0.0003,0.0016,0.0243,0.0000,0.0000,0.0000,1.0000,2.999,,,,,,,
71,Left,21,-0.0230,-0.0094,0.0341,0.0183,-0.1403,0.2070,0.9680,2.999,,,,,,,
71,Left,22,0.0000,0.0000,0.0457,0.1304,-0.0209,-0.0843,0.9876,2.999,,,,,,,
71,Left,23,0.0000,0.0000,0.0307,0.2158,-0.0330,0.0568,0.9742,2.999,,,,,,,
71,Left,24,0.0000,0.0000,0.0203,0.0684,0.0490,-0.0010,0.9965,2.999,,,,,,,
71,Left,25,0.0002,0.0012,0.0219,0.0000,0.0000,0.0000,1.0000,2.999,,,,,,,
71,Right,0,-0.0021,-0.0055,0.0653,0.0000,0.0000,0.0000,1.0000,2.999,,,,,,,
71,Right,1,0.0000,0.0000,0.0000,0.0000,0.0000,0.0000,1.0000,2.999,0.0035,0.1295,-0.1064,-0.2532,0.2426,-0.5973,0.7213
71,Right,2,-0.0281,-0.0191,0.0359,-0.0822,-0.2873,0.6128,0.7315,2.999,,,,,,,
71,Right,3,0.0000,0.0000,0.0325,0.1496,0.0570,-0.0826,0.9836,2.999,,,,,,,
71,Right,4,0.0000,0.0000,0.0338,-0.0361,-0.0633,0.0831,0.9939,2.999,,,,,,,
71,Right,5,0.0007,0.0010,0.0246,0.0000,0.0000,0.0000,1.0000,2.999,,,,,,,
71,Right,6,-0.0187,-0.0110,0.0372,0.0000,0.0000,0.0000,1.0000,2.999,,,,,,,
71,Right,7,-0.0048,0.0037,0.0588,-0.0224,0.0369,0.0313,0.9986,2.999,,,,,,,
71,Right,8,0.0000,0.0000,0.0379,0.2427,0.0007,-0.0263,0.9697,2.999,,,,,,,
71,Right,9,0.0000,0.0000,0.0243,0.0899,0.0244,-0.0168,0.9955,2.999,,,,,,,
71,Right,10,0.0003,0.0010,0.0224,0.0000,0.0000,0.0000,1.0000,2.999,,,,,,,
71,Right,11,-0.0025,-0.0084,0.0350,0.0000,0.0000,0.0000,1.0000,2.999,,,,,,,
71,Right,12,0.0008,0.0059,0.0606,0.0696,0.0843,-0.0107,0.9940,2.999,,,,,,,
71,Right,13,0.0000,0.0000,0.0429,0.2815,0.0010,-0.0126,0.9595,2.999,,,,,,,
71,Right,14,0.0000,0.0000,0.0275,0.0928,-0.0035,-0.0525,0.9943,2.999,,,,,,,
71,Right,15,0.0003,0.0011,0.0250,0.0000,0.0000,0.0000,1.0000,2.999,,,,,,,
71,Right,16,0.0150,-0.0060,0.0348,0.0000,0.0000,0.0000,1.0000,2.999,,,,,,,
71,Right,17,0.0025,-0.0005,0.0539,0.0695,0.1065,-0.0553,0.9903,2.999,,,,,,,
71,Right,18,0.0000,0.0000,0.0390,0.2335,-0.0049,-0.0385,0.9716,2.999,,,,,,,
71,Right,19,0.0000,0.0000,0.0266,0.1013,-0.0296,-0.0094,0.9944,2.999,,,,,,,
71,Right,20,0.0003,0.0016,0.0243,0.0000,0.0000,0.0000,1.0000,2.999,,,,,,,
71,Right,21,0.0230,-0.0094,0.0341,0.0183,0.1403,-0.2070,0.9680,2.999,,,,,,,
71,Right,22,0.0000,0.0000,0.0457,0.0326,0.0229,0.0903,0.9951,2.999,,,,,,,
71,Right,23,0.0000,0.0000,0.0307,0.1690,0.0352,-0.0531,0.9836,2.999,,,,,,,
71,Right,24,0.0000,0.0000,0.0203,0.0338,-0.0491,0.0008,0.9982,2.999,,,,,,,
71,Right,25,-0.0002,0.0012,0.0219,0.0000,0.0000,0.0000,1.0000,2.999,,,,,,,
72,Left,0,0.0026,-0.0051,0.0650,0.0000,0.0000,0.0000,1.0000,3.041,,,,,,,
72,Left,1,0.0000,0.0000,0.0000,0.0000,0.0000,0.0000,1.0000,3.041,-0.1228,0.1182,0.0360,-0.2884,-0.1138,-0.7536,-0.5796
72,Left,2,0.0300,-0.0165,0.0347,-0.1494,0.2724,-0.5533,0.7728,3.041,,,,,,,
72,Left,3,0.0000,0.0000,0.0325,0.0118,-0.0692,0.0832,0.9941,3.041,,,,,,,
72,Left,4,0.0000,0.0000,0.0338,-0.0185,0.0618,-0.0827,0.9945,3.041,,,,,,,
72,Left,5,-0.0007,0.0010,0.0246,0.0000,0.0000,0.0000,1.0000,3.041,,,,,,,
72,Left,6,0.0197,-0.0097,0.0365,0.0000,0.0000,0.0000,1.0000,3.041,,,,,,,
72,Left,7,0.0038,0.0024,0.0595,0.1413,-0.0588,-0.0284,0.9878,3.041,,,,,,,
72,Left,8,0.0000,0.0000,0.0379,0.1955,-0.0020,0.0264,0.9803,3.041,,,,,,,
72,Left,9,0.0000,0.0000,0.0243,0.0968,-0.0243,0.0168,0.9949,3.041,,,,,,,
72,Left,10,-0.0003,0.0010,0.0224,0.0000,0.0000,0.0000,1.0000,3.041,,,,,,,
72,Left,11,0.0035,-0.0077,0.0344,0.0000,0.0000,0.0000,1.0000,3.041,,,,,,,
72,Left,12,-0.0018,0.0052,0.0613,0.1899,-0.1105,0.0244,0.9753,3.041,,,,,,,
72,Left,13,0.0000,0.0000,0.0429,0.2121,-0.0019,0.0124,0.9772,3.041,,,,,,,
72,Left,14,0.0000,0.0000,0.0275,0.0631,0.0022,0.0497,0.9968,3.041,,,,,,,
72,Left,15,-0.0003,0.0011,0.0250,0.0000,0.0000,0.0000,1.0000,3.041,,,,,,,
72,Left,16,-0.0150,-0.0060,0.0348,0.0000,0.0000,0.0000,1.0000,3.041,,,,,,,
72,Left,17,-0.0025,-0.0005,0.0539,0.1901,-0.1315,0.0712,0.9703,3.041,,,,,,,
72,Left,18,0.0000,0.0000,0.0390,0.1937,0.0036,0.0378,0.9803,3.041,,,,,,,
72,Left,19,0.0000,0.0000,0.0266,0.0994,0.0296,0.0093,0.9946,3.041,,,,,,,
72,Left,20,-0.0003,0.0016,0.0243,0.0000,0.0000,0.0000,1.0000,3.041,,,,,,,
72,Left,21,-0.0230,-0.0094,0.0341,0.0183,-0.1403,0.2070,0.9680,3.041,,,,,,,
72,Left,22,0.0000,0.0000,0.0457,0.1243,-0.0304,-0.0835,0.9883,3.041,,,,,,,
72,Left,23,0.0000,0.0000,0.0307,0.2151,-0.0330,0.0567,0.9744,3.041,,,,,,,
72,Left,24,0.0000,0.0000,0.0203,0.0679,0.0490,-0.0010,0.9965,3.041,,,,,,,
72,Left,25,0.0002,0.0012,0.0219,0.0000,0.0000,0.0000,1.0000,3.041,,,,,,,
72,Right,0,-0.0021,-0.0055,0.0653,0.0000,0.0000,0.0000,1.0000,3.041,,,,,,,
72,Right,1,0.0000,0.0000,0.0000,0.0000,0.0000,0.0000,1.0000,3.041,-0.0016,0.1303,-0.1054,-0.2616,0.2470,-0.5950,0.7187
72,Right,2,-0.0281,-0.0191,0.0359,-0.0829,-0.2871,0.6123,0.7320,3.041,,,,,,,
72,Right,3,0.0000,0.0000,0.0325,0.1490,0.0570,-0.0826,0.9837,3.041,,,,,,,
72,Right,4,0.0000,0.0000,0.0338,-0.0363,-0.0633,0.0831,0.9939,3.041,,,,,,,
72,Right,5,0.0007,0.0010,0.0246,0.0000,0.0000,0.0000,1.0000,3.041,,,,,,,
72,Right,6,-0.0188,-0.0110,0.0372,0.0000,0.0000,0.0000,1.0000,3.041,,,,,,,
72,Right,7,-0.0048,0.0037,0.0588,-0.0237,0.0367,0.0313,0.9986,3.041,,,,,,,
72,Right,8,0.0000,0.0000,0.0379,0.2428,0.0007,-0.0263,0.9697,3.041,,,,,,,
72,Right,9,0.0000,0.0000,0.0243,0.0900,0.0244,-0.0168,0.9955,3.041,,,,,,,
72,Right,10,0.0003,0.0010,0.0224,0.0000,0.0000,0.0000,1.0000,3.041,,,,,,,
72,Right,11,-0.0025,-0.0084,0.0350,0.0000,0.0000,0.0000,1.0000,3.041,,,,,,,
72,Right,12,0.0008,0.0059,0.0606,0.0687,0.0835,-0.0106,0.9941,3.041,,,,,,,
72,Right,13,0.0000,0.0000,0.0429,0.2706,0.0012,-0.0126,0.9626,3.041,,,,,,,
72,Right,14,0.0000,0.0000,0.0275,0.0898,-0.0034,-0.0522,0.9946,3.041,,,,,,,
72,Right,15,0.0003,0.0011,0.0250,0.0000,0.0000,0.0000,1.0000,3.041,,,,,,,
72,Right,16,0.0150,-0.0060,0.0348,0.0000,0.0000,0.0000,1.0000,3.041,,,,,,,
72,Right,17,0.0025,-0.0005,0.0539,0.0682,0.1058,-0.0551,0.9905,3.041,,,,,,,
72,Right,18,0.0000,0.0000,0.0390,0.2251,-0.0046,-0.0383,0.9736,3.041,,,,,,,
72,Right,19,0.0000,0.0000,0.0266,0.1006,-0.0296,-0.0093,0.9944,3.041,,,,,,,
72,Right,20,0.0003,0.0016,0.0243,0.0000,0.0000,0.0000,1.0000,3.041,,,,,,,
72,Right,21,0.0230,-0.0094,0.0341,0.0183,0.1403,-0.2070,0.9680,3.041,,,,,,,
72,Right,22,0.0000,0.0000,0.0457,0.0329,0.0216,0.0903,0.9951,3.041,,,,,,,
72,Right,23,0.0000,0.0000,0.0307,0.1715,0.0351,-0.0533,0.9831,3.041,,,,,,,
72,Right,24,0.0000,0.0000,0.0203,0.0344,-0.0491,0.0008,0.9982,3.041,,,,,,,
72,Right,25,-0.0002,0.0012,0.0219,0.0000,0.0000,0.0000,1.0000,3.041,,,,,,,
73,Left,0,0.0026,-0.0051,0.0650,0.0000,0.0000,0.0000,1.0000,3.083,,,,,,,
73,Left,1,0.0000,0.0000,0.0000,0.0000,0.0000,0.0000,1.0000,3.083,-0.1257,0.1205,0.0420,-0.2975,-0.1249,-0.7403,-0.5898
73,Left,2,0.0301,-0.0163,0.0346,-0.1487,0.2775,-0.5516,0.7724,3.083,,,,,,,
73,Left,3,0.0000,0.0000,0.0325,0.0126,-0.0692,0.0832,0.9940,3.083,,,,,,,
73,Left,4,0.0000,0.0000,0.0338,-0.0193,0.0619,-0.0827,0.9945,3.083,,,,,,,
73,Left,5,-0.0007,0.0010,0.0246,0.0000,0.0000,0.0000,1.0000,3.083,,,,,,,
73,Left,6,0.0198,-0.0096,0.0365,0.0000,0.0000,0.0000,1.0000,3.083,,,,,,,
73,Left,7,0.0038,0.0023,0.0595,0.1561,-0.0489,-0.0291,0.9861,3.083,,,,,,,
73,Left,8,0.0000,0.0000,0.0379,0.1904,-0.0021,0.0263,0.9813,3.083,,,,,,,
73,Left,9,0.0000,0.0000,0.0243,0.0960,-0.0243,0.0168,0.9949,3.083,,,,,,,
73,Left,10,-0.0003,0.0010,0.0224,0.0000,0.0000,0.0000,1.0000,3.083,,,,,,,
73,Left,11,0.0035,-0.0077,0.0343,0.0000,0.0000,0.0000,1.0000,3.083,,,,,,,
73,Left,12,-0.0018,0.0052,0.0613,0.1935,-0.1094,0.0246,0.9747,3.083,,,,,,,
73,Left,13,0.0000,0.0000,0.0429,0.2068,-0.0019,0.0123,0.9783,3.083,,,,,,,
73,Left,14,0.0000,0.0000,0.0275,0.0631,0.0022,0.0497,0.9968,3.083,,,,,,,
73,Left,15,-0.0003,0.0011,0.0250,0.0000,0.0000,0.0000,1.0000,3.083,,,,,,,
73,Left,16,-0.0150,-0.0060,0.0348,0.0000,0.0000,0.0000,1.0000,3.083,,,,,,,
73,Left,17,-0.0025,-0.0005,0.0539,0.1902,-0.1317,0.0713,0.9703,3.083,,,,,,,
73,Left,18,0.0000,0.0000,0.0390,0.1891,0.0034,0.0377,0.9812,3.083,,,,,,,
73,Left,19,0.0000,0.0000,0.0266,0.0994,0.0296,0.0093,0.9946,3.083,,,,,,,
73,Left,20,-0.0003,0.0016,0.0243,0.0000,0.0000,0.0000,1.0000,3.083,,,,,,,
73,Left,21,-0.0230,-0.0094,0.0341,0.0183,-0.1403,0.2070,0.9680,3.083,,,,,,,
73,Left,22,0.0000,0.0000,0.0457,0.1206,-0.0366,-0.0830,0.9885,3.083,,,,,,,
73,Left,23,0.0000,0.0000,0.0307,0.2141,-0.0331,0.0567,0.9746,3.083,,,,,,,
73,Left,24,0.0000,0.0000,0.0203,0.0672,0.0490,-0.0010,0.9965,3.083,,,,,,,
73,Left,25,0.0002,0.0012,0.0219,0.0000,0.0000,0.0000,1.0000,3.083,,,,,,,
73,Right,0,-0.0021,-0.0055,0.0653,0.0000,0.0000,0.0000,1.0000,3.083,,,,,,,
73,Right,1,0.0000,0.0000,0.0000,0.0000,0.0000,0.0000,1.0000,3.083,-0.0075,0.1300,-0.1045,-0.2732,0.2516,-0.5917,0.7155
73,Right,2,-0.0281,-0.0191,0.0359,-0.0831,-0.2871,0.6121,0.7321,3.083,,,,,,,
73,Right,3,0.0000,0.0000,0.0325,0.1488,0.0570,-0.0826,0.9838,3.083,,,,,,,
73,Right,4,0.0000,0.0000,0.0338,-0.0357,-0.0632,0.0831,0.9939,3.083,,,,,,,
73,Right,5,0.0007,0.0010,0.0246,0.0000,0.0000,0.0000,1.0000,3.083,,,,,,,
73,Right,6,-0.0188,-0.0110,0.0372,0.0000,0.0000,0.0000,1.0000,3.083,,,,,,,
73,Right,7,-0.0048,0.0037,0.0588,-0.0247,0.0363,0.0313,0.9985,3.083,,,,,,,
73,Right,8,0.0000,0.0000,0.0379,0.2431,0.0007,-0.0263,0.9696,3.083,,,,,,,
73,Right,9,0.0000,0.0000,0.0243,0.0902,0.0244,-0.0168,0.9955,3.083,,,,,,,
73,Right,10,0.0003,0.0010,0.0224,0.0000,0.0000,0.0000,1.0000,3.083,,,,,,,
73,Right,11,-0.0025,-0.0084,0.0350,0.0000,0.0000,0.0000,1.0000,3.083,,,,,,,
73,Right,12,0.0008,0.0059,0.0606,0.0643,0.0827,-0.0103,0.9944,3.083,,,,,,,
73,Right,13,0.0000,0.0000,0.0429,0.2636,0.0012,-0.0125,0.9645,3.083,,,,,,,
73,Right,14,0.0000,0.0000,0.0275,0.0863,-0.0032,-0.0519,0.9949,3.083,,,,,,,
73,Right,15,0.0003,0.0011,0.0250,0.0000,0.0000,0.0000,1.0000,3.083,,,,,,,
73,Right,16,0.0150,-0.0060,0.0348,0.0000,0.0000,0.0000,1.0000,3.083,,,,,,,
73,Right,17,0.0025,-0.0005,0.0539,0.0579,0.1054,-0.0541,0.9913,3.083,,,,,,,
73,Right,18,0.0000,0.0000,0.0390,0.2210,-0.0045,-0.0382,0.9745,3.083,,,,,,,
73,Right,19,0.0000,0.0000,0.0266,0.0997,-0.0296,-0.0093,0.9945,3.083,,,,,,,
73,Right,20,0.0003,0.0016,0.0243,0.0000,0.0000,0.0000,1.0000,3.083,,,,,,,
73,Right,21,0.0230,-0.0094,0.0341,0.0183,0.1403,-0.2070,0.9680,3.083,,,,,,,
73,Right,22,0.0000,0.0000,0.0457,0.0323,0.0207,0.0904,0.9952,3.083,,,,,,,
73,Right,23,0.0000,0.0000,0.0307,0.1734,0.0350,-0.0534,0.9828,3.083,,,,,,,
73,Right,24,0.0000,0.0000,0.0203,0.0349,-0.0491,0.0008,0.9982,3.083,,,,,,,
73,Right,25,-0.0002,0.0012,0.0219,0.0000,0.0000,0.0000,1.0000,3.083,,,,,,,
74,Left,0,0.0027,-0.0051,0.0650,0.0000,0.0000,0.0000,1.0000,3.125,,,,,,,
74,Left,1,0.0000,0.0000,0.0000,0.0000,0.0000,0.0000,1.0000,3.125,-0.1261,0.1222,0.0467,-0.3104,-0.1319,-0.7287,-0.5960
74,Left,2,0.0302,-0.0160,0.0345,-0.1501,0.2829,-0.5475,0.7731,3.125,,,,,,,
74,Left,3,0.0000,0.0000,0.0325,0.0141,-0.0690,0.0832,0.9940,3.125,,,,,,,
74,Left,4,0.0000,0.0000,0.0338,-0.0200,0.0620,-0.0828,0.9944,3.125,,,,,,,
74,Left,5,-0.0007,0.0010,0.0246,0.0000,0.0000,0.0000,1.0000,3.125,,,,,,,
74,Left,6,0.0198,-0.0095,0.0364,0.0000,0.0000,0.0000,1.0000,3.125,,,,,,,
74,Left,7,0.0037,0.0022,0.0596,0.1867,-0.0432,-0.0294,0.9810,3.125,,,,,,,
74,Left,8,0.0000,0.0000,0.0379,0.1956,-0.0020,0.0264,0.9803,3.125,,,,,,,
74,Left,9,0.0000,0.0000,0.0243,0.0966,-0.0243,0.0168,0.9949,3.125,,,,,,,
74,Left,10,-0.0003,0.0010,0.0224,0.0000,0.0000,0.0000,1.0000,3.125,,,,,,,
74,Left,11,0.0036,-0.0076,0.0343,0.0000,0.0000,0.0000,1.0000,3.125,,,,,,,
74,Left,12,-0.0019,0.0051,0.0614,0.2019,-0.1070,0.0252,0.9732,3.125,,,,,,,
74,Left,13,0.0000,0.0000,0.0429,0.2071,-0.0019,0.0123,0.9782,3.125,,,,,,,
74,Left,14,0.0000,0.0000,0.0275,0.0641,0.0022,0.0498,0.9967,3.125,,,,,,,
74,Left,15,-0.0003,0.0011,0.0250,0.0000,0.0000,0.0000,1.0000,3.125,,,,,,,
74,Left,16,-0.0150,-0.0060,0.0348,0.0000,0.0000,0.0000,1.0000,3.125,,,,,,,
74,Left,17,-0.0025,-0.0005,0.0539,0.1915,-0.1314,0.0714,0.9700,3.125,,,,,,,
74,Left,18,0.0000,0.0000,0.0390,0.1896,0.0034,0.0377,0.9811,3.125,,,,,,,
74,Left,19,0.0000,0.0000,0.0266,0.1006,0.0296,0.0094,0.9944,3.125,,,,,,,
74,Left,20,-0.0003,0.0016,0.0243,0.0000,0.0000,0.0000,1.0000,3.125,,,,,,,
74,Left,21,-0.0230,-0.0094,0.0341,0.0183,-0.1403,0.2070,0.9680,3.125,,,,,,,
74,Left,22,0.0000,0.0000,0.0457,0.1201,-0.0414,-0.0825,0.9885,3.125,,,,,,,
74,Left,23,0.0000,0.0000,0.0307,0.2141,-0.0331,0.0567,0.9746,3.125,,,,,,,
74,Left,24,0.0000,0.0000,0.0203,0.0676,0.0490,-0.0010,0.9965,3.125,,,,,,,
74,Left,25,0.0002,0.0012,0.0219,0.0000,0.0000,0.0000,1.0000,3.125,,,,,,,
74,Right,0,-0.0021,-0.0055,0.0653,0.0000,0.0000,0.0000,1.0000,3.125,,,,,,,
74,Right,1,0.0000,0.0000,0.0000,0.0000,0.0000,0.0000,1.0000,3.125,-0.0153,0.1294,-0.1046,-0.2912,0.2592,-0.5812,0.7143
74,Right,2,-0.0281,-0.0191,0.0359,-0.0826,-0.2882,0.6119,0.7319,3.125,,,,,,,
74,Right,3,0.0000,0.0000,0.0325,0.1485,0.0571,-0.0826,0.9838,3.125,,,,,,,
74,Right,4,0.0000,0.0000,0.0338,-0.0349,-0.0632,0.0831,0.9939,3.125,,,,,,,
74,Right,5,0.0007,0.0010,0.0246,0.0000,0.0000,0.0000,1.0000,3.125,,,,,,,
74,Right,6,-0.0188,-0.0110,0.0372,0.0000,0.0000,0.0000,1.0000,3.125,,,,,,,
74,Right,7,-0.0048,0.0037,0.0588,-0.0255,0.0361,0.0313,0.9985,3.125,,,,,,,
74,Right,8,0.0000,0.0000,0.0379,0.2441,0.0007,-0.0263,0.9694,3.125,,,,,,,
74,Right,9,0.0000,0.0000,0.0243,0.0907,0.0244,-0.0168,0.9954,3.125,,,,,,,
74,Right,10,0.0003,0.0010,0.0224,0.0000,0.0000,0.0000,1.0000,3.125,,,,,,,
74,Right,11,-0.0026,-0.0084,0.0350,0.0000,0.0000,0.0000,1.0000,3.125,,,,,,,
74,Right,12,0.0008,0.0058,0.0607,0.0624,0.0818,-0.0101,0.9946,3.125,,,,,,,
74,Right,13,0.0000,0.0000,0.0429,0.2630,0.0012,-0.0125,0.9647,3.125,,,,,,,
74,Right,14,0.0000,0.0000,0.0275,0.0854,-0.0032,-0.0518,0.9950,3.125,,,,,,,
74,Right,15,0.0003,0.0011,0.0250,0.0000,0.0000,0.0000,1.0000,3.125,,,,,,,
74,Right,16,0.0150,-0.0060,0.0348,0.0000,0.0000,0.0000,1.0000,3.125,,,,,,,
74,Right,17,0.0025,-0.0005,0.0539,0.0506,0.1051,-0.0534,0.9917,3.125,,,,,,,
74,Right,18,0.0000,0.0000,0.0390,0.2204,-0.0045,-0.0382,0.9746,3.125,,,,,,,
74,Right,19,0.0000,0.0000,0.0266,0.0995,-0.0296,-0.0093,0.9946,3.125,,,,,,,
74,Right,20,0.0003,0.0016,0.0243,0.0000,0.0000,0.0000,1.0000,3.125,,,,,,,
74,Right,21,0.0230,-0.0094,0.0341,0.0183,0.1403,-0.2070,0.9680,3.125,,,,,,,
74,Right,22,0.0000,0.0000,0.0457,0.0302,0.0202,0.0905,0.9952,3.125,,,,,,,
74,Right,23,0.0000,0.0000,0.0307,0.1753,0.0349,-0.0536,0.9824,3.125,,,,,,,
74,Right,24,0.0000,0.0000,0.0203,0.0354,-0.0491,0.0008,0.9982,3.125,,,,,,,
74,Right,25,-0.0002,0.0012,0.0219,0.0000,0.0000,0.0000,1.0000,3.125,,,,,,,
75,Left,0,0.0027,-0.0051,0.0650,0.0000,0.0000,0.0000,1.0000,3.166,,,,,,,
75,Left,1,0.0000,0.0000,0.0000,0.0000,0.0000,0.0000,1.0000,3.166,-0.1268,0.1230,0.0500,-0.3405,-0.1346,-0.7277,-0.5799
75,Left,2,0.0303,-0.0160,0.0345,-0.1502,0.2840,-0.5468,0.7732,3.166,,,,,,,
75,Left,3,0.0000,0.0000,0.0325,0.0221,-0.0684,0.0832,0.9939,3.166,,,,,,,
75,Left,4,0.0000,0.0000,0.0338,-0.0201,0.0620,-0.0828,0.9944,3.166,,,,,,,
75,Left,5,-0.0007,0.0010,0.0246,0.0000,0.0000,0.0000,1.0000,3.166,,,,,,,
75,Left,6,0.0198,-0.0095,0.0364,0.0000,0.0000,0.0000,1.0000,3.166,,,,,,,
75,Left,7,0.0037,0.0021,0.0596,0.1958,-0.0408,-0.0297,0.9793,3.166,,,,,,,
75,Left,8,0.0000,0.0000,0.0379,0.2233,-0.0012,0.0263,0.9744,3.166,,,,,,,
75,Left,9,0.0000,0.0000,0.0243,0.0984,-0.0243,0.0169,0.9947,3.166,,,,,,,
75,Left,10,-0.0003,0.0010,0.0224,0.0000,0.0000,0.0000,1.0000,3.166,,,,,,,
75,Left,11,0.0036,-0.0076,0.0343,0.0000,0.0000,0.0000,1.0000,3.166,,,,,,,
75,Left,12,-0.0019,0.0051,0.0614,0.2126,-0.1022,0.0255,0.9714,3.166,,,,,,,
75,Left,13,0.0000,0.0000,0.0429,0.2180,-0.0018,0.0124,0.9759,3.166,,,,,,,
75,Left,14,0.0000,0.0000,0.0275,0.0693,0.0025,0.0503,0.9963,3.166,,,,,,,
75,Left,15,-0.0003,0.0011,0.0250,0.0000,0.0000,0.0000,1.0000,3.166,,,,,,,
75,Left,16,-0.0150,-0.0060,0.0348,0.0000,0.0000,0.0000,1.0000,3.166,,,,,,,
75,Left,17,-0.0025,-0.0005,0.0539,0.1971,-0.1306,0.0720,0.9690,3.166,,,,,,,
75,Left,18,0.0000,0.0000,0.0390,0.2005,0.0038,0.0379,0.9790,3.166,,,,,,,
75,Left,19,0.0000,0.0000,0.0266,0.1064,0.0296,0.0096,0.9938,3.166,,,,,,,
75,Left,20,-0.0003,0.0016,0.0243,0.0000,0.0000,0.0000,1.0000,3.166,,,,,,,
75,Left,21,-0.0230,-0.0094,0.0341,0.0183,-0.1403,0.2070,0.9680,3.166,,,,,,,
75,Left,22,0.0000,0.0000,0.0457,0.1209,-0.0432,-0.0822,0.9883,3.166,,,,,,,
75,Left,23,0.0000,0.0000,0.0307,0.2151,-0.0330,0.0567,0.9744,3.166,,,,,,,
75,Left,24,0.0000,0.0000,0.0203,0.0693,0.0490,-0.0010,0.9964,3.166,,,,,,,
75,Left,25,0.0002,0.0012,0.0219,0.0000,0.0000,0.0000,1.0000,3.166,,,,,,,
75,Right,0,-0.0022,-0.0055,0.0653,0.0000,0.0000,0.0000,1.0000,3.166,,,,,,,
75,Right,1,0.0000,0.0000,0.0000,0.0000,0.0000,0.0000,1.0000,3.166,-0.0203,0.1280,-0.1060,-0.3125,0.2638,-0.5615,0.7193
75,Right,2,-0.0282,-0.0190,0.0359,-0.0826,-0.2897,0.6112,0.7319,3.166,,,,,,,
75,Right,3,0.0000,0.0000,0.0325,0.1470,0.0572,-0.0826,0.9840,3.166,,,,,,,
75,Right,4,0.0000,0.0000,0.0338,-0.0345,-0.0631,0.0831,0.9939,3.166,,,,,,,
75,Right,5,0.0007,0.0010,0.0246,0.0000,0.0000,0.0000,1.0000,3.166,,,,,,,
75,Right,6,-0.0188,-0.0110,0.0371,0.0000,0.0000,0.0000,1.0000,3.166,,,,,,,
75,Right,7,-0.0048,0.0036,0.0589,-0.0261,0.0360,0.0313,0.9985,3.166,,,,,,,
75,Right,8,0.0000,0.0000,0.0379,0.2485,0.0006,-0.0263,0.9683,3.166,,,,,,,
75,Right,9,0.0000,0.0000,0.0243,0.0920,0.0244,-0.0168,0.9953,3.166,,,,,,,
75,Right,10,0.0003,0.0010,0.0224,0.0000,0.0000,0.0000,1.0000,3.166,,,,,,,
75,Right,11,-0.0026,-0.0084,0.0350,0.0000,0.0000,0.0000,1.0000,3.166,,,,,,,
75,Right,12,0.0009,0.0058,0.0607,0.0609,0.0810,-0.0100,0.9948,3.166,,,,,,,
75,Right,13,0.0000,0.0000,0.0429,0.2637,0.0012,-0.0125,0.9645,3.166,,,,,,,
75,Right,14,0.0000,0.0000,0.0275,0.0857,-0.0032,-0.0519,0.9950,3.166,,,,,,,
75,Right,15,0.0003,0.0011,0.0250,0.0000,0.0000,0.0000,1.0000,3.166,,,,,,,
75,Right,16,0.0150,-0.0060,0.0348,0.0000,0.0000,0.0000,1.0000,3.166,,,,,,,
75,Right,17,0.0025,-0.0005,0.0539,0.0479,0.1046,-0.0531,0.9919,3.166,,,,,,,
75,Right,18,0.0000,0.0000,0.0390,0.2213,-0.0045,-0.0382,0.9745,3.166,,,,,,,
75,Right,19,0.0000,0.0000,0.0266,0.1002,-0.0296,-0.0093,0.9945,3.166,,,,,,,
75,Right,20,0.0003,0.0016,0.0243,0.0000,0.0000,0.0000,1.0000,3.166,,,,,,,
75,Right,21,0.0230,-0.0094,0.0341,0.0183,0.1403,-0.2070,0.9680,3.166,,,,,,,
75,Right,22,0.0000,0.0000,0.0457,0.0267,0.0200,0.0908,0.9953,3.166,,,,,,,
75,Right,23,0.0000,0.0000,0.0307,0.1786,0.0348,-0.0538,0.9818,3.166,,,,,,,
75,Right,24,0.0000,0.0000,0.0203,0.0364,-0.0491,0.0009,0.9981,3.166,,,,,,,
75,Right,25,-0.0002,0.0012,0.0219,0.0000,0.0000,0.0000,1.0000,3.166,,,,,,,
76,Left,0,0.0027,-0.0051,0.0650,0.0000,0.0000,0.0000,1.0000,3.208,,,,,,,
76,Left,1,0.0000,0.0000,0.0000,0.0000,0.0000,0.0000,1.0000,3.208,-0.1271,0.1228,0.0527,-0.3841,-0.1373,-0.7268,-0.5526
76,Left,2,0.0303,-0.0160,0.0344,-0.1496,0.2861,-0.5465,0.7727,3.208,,,,,,,
76,Left,3,0.0000,0.0000,0.0325,0.0328,-0.0674,0.0832,0.9937,3.208,,,,,,,
76,Left,4,0.0000,0.0000,0.0338,-0.0198,0.0619,-0.0827,0.9944,3.208,,,,,,,
76,Left,5,-0.0007,0.0010,0.0246,0.0000,0.0000,0.0000,1.0000,3.208,,,,,,,
76,Left,6,0.0199,-0.0094,0.0364,0.0000,0.0000,0.0000,1.0000,3.208,,,,,,,
76,Left,7,0.0037,0.0021,0.0596,0.1977,-0.0399,-0.0298,0.9790,3.208,,,,,,,
76,Left,8,0.0000,0.0000,0.0379,0.2389,-0.0008,0.0263,0.9707,3.208,,,,,,,
76,Left,9,0.0000,0.0000,0.0243,0.1046,-0.0242,0.0169,0.9941,3.208,,,,,,,
76,Left,10,-0.0003,0.0010,0.0224,0.0000,0.0000,0.0000,1.0000,3.208,,,,,,,
76,Left,11,0.0036,-0.0076,0.0343,0.0000,0.0000,0.0000,1.0000,3.208,,,,,,,
76,Left,12,-0.0019,0.0051,0.0614,0.2167,-0.1005,0.0257,0.9707,3.208,,,,,,,
76,Left,13,0.0000,0.0000,0.0429,0.2313,-0.0016,0.0124,0.9728,3.208,,,,,,,
76,Left,14,0.0000,0.0000,0.0275,0.0793,0.0029,0.0513,0.9955,3.208,,,,,,,
76,Left,15,-0.0003,0.0011,0.0250,0.0000,0.0000,0.0000,1.0000,3.208,,,,,,,
76,Left,16,-0.0150,-0.0060,0.0348,0.0000,0.0000,0.0000,1.0000,3.208,,,,,,,
76,Left,17,-0.0025,-0.0005,0.0539,0.2013,-0.1300,0.0725,0.9681,3.208,,,,,,,
76,Left,18,0.0000,0.0000,0.0390,0.2171,0.0044,0.0382,0.9754,3.208,,,,,,,
76,Left,19,0.0000,0.0000,0.0266,0.1155,0.0296,0.0100,0.9928,3.208,,,,,,,
76,Left,20,-0.0003,0.0016,0.0243,0.0000,0.0000,0.0000,1.0000,3.208,,,,,,,
76,Left,21,-0.0230,-0.0094,0.0341,0.0183,-0.1403,0.2070,0.9680,3.208,,,,,,,
76,Left,22,0.0000,0.0000,0.0457,0.1214,-0.0485,-0.0815,0.9881,3.208,,,,,,,
76,Left,23,0.0000,0.0000,0.0307,0.2182,-0.0329,0.0570,0.9737,3.208,,,,,,,
76,Left,24,0.0000,0.0000,0.0203,0.0742,0.0490,-0.0010,0.9960,3.208,,,,,,,
76,Left,25,0.0002,0.0012,0.0219,0.0000,0.0000,0.0000,1.0000,3.208,,,,,,,
76,Right,0,-0.0022,-0.0054,0.0653,0.0000,0.0000,0.0000,1.0000,3.208,,,,,,,
76,Right,1,0.0000,0.0000,0.0000,0.0000,0.0000,0.0000,1.0000,3.208,-0.0229,0.1263,-0.1075,-0.3348,0.2629,-0.5281,0.7348
76,Right,2,-0.0282,-0.0189,0.0358,-0.0838,-0.2915,0.6092,0.7327,3.208,,,,,,,
76,Right,3,0.0000,0.0000,0.0325,0.1448,0.0574,-0.0826,0.9843,3.208,,,,,,,
76,Right,4,0.0000,0.0000,0.0338,-0.0340,-0.0631,0.0830,0.9940,3.208,,,,,,,
76,Right,5,0.0007,0.0010,0.0246,0.0000,0.0000,0.0000,1.0000,3.208,,,,,,,
76,Right,6,-0.0188,-0.0109,0.0371,0.0000,0.0000,0.0000,1.0000,3.208,,,,,,,
76,Right,7,-0.0047,0.0036,0.0589,-0.0265,0.0360,0.0313,0.9985,3.208,,,,,,,
76,Right,8,0.0000,0.0000,0.0379,0.2565,0.0003,-0.0263,0.9662,3.208,,,,,,,
76,Right,9,0.0000,0.0000,0.0243,0.0937,0.0244,-0.0168,0.9952,3.208,,,,,,,
76,Right,10,0.0003,0.0010,0.0224,0.0000,0.0000,0.0000,1.0000,3.208,,,,,,,
76,Right,11,-0.0026,-0.0084,0.0350,0.0000,0.0000,0.0000,1.0000,3.208,,,,,,,
76,Right,12,0.0009,0.0058,0.0607,0.0597,0.0798,-0.0099,0.9950,3.208,,,,,,,
76,Right,13,0.0000,0.0000,0.0429,0.2650,0.0012,-0.0125,0.9642,3.208,,,,,,,
76,Right,14,0.0000,0.0000,0.0275,0.0867,-0.0032,-0.0520,0.9949,3.208,,,,,,,
76,Right,15,0.0003,0.0011,0.0250,0.0000,0.0000,0.0000,1.0000,3.208,,,,,,,
76,Right,16,0.0150,-0.0060,0.0348,0.0000,0.0000,0.0000,1.0000,3.208,,,,,,,
76,Right,17,0.0025,-0.0005,0.0539,0.0465,0.1040,-0.0530,0.9921,3.208,,,,,,,
76,Right,18,0.0000,0.0000,0.0390,0.2233,-0.0046,-0.0383,0.9740,3.208,,,,,,,
76,Right,19,0.0000,0.0000,0.0266,0.1015,-0.0296,-0.0094,0.9943,3.208,,,,,,,
76,Right,20,0.0003,0.0016,0.0243,0.0000,0.0000,0.0000,1.0000,3.208,,,,,,,
76,Right,21,0.0230,-0.0094,0.0341,0.0183,0.1403,-0.2070,0.9680,3.208,,,,,,,
76,Right,22,0.0000,0.0000,0.0457,0.0182,0.0192,0.0914,0.9955,3.208,,,,,,,
76,Right,23,0.0000,0.0000,0.0307,0.1831,0.0346,-0.0542,0.9810,3.208,,,,,,,
76,Right,24,0.0000,0.0000,0.0203,0.0377,-0.0491,0.0009,0.9981,3.208,,,,,,,
76,Right,25,-0.0002,0.0012,0.0219,0.0000,0.0000,0.0000,1.0000,3.208,,,,,,,
